patient_id,age,sex,n_visits,hr_last,sbp_last,wbc_last,diag_last,wbc_trend,hr_trend,label
0,81,0,8,1.1122733821410724,0.6341908684077392,0.5431927250048295,0.0,0.27616046276382217,0.29702420288331655,0
1,47,1,8,0.6446692373816103,0.6527110664647698,0.7,0.0,0.4073160680391391,-0.1289541109226846,0
2,55,1,8,0.7919175013852605,0.41563002477345523,0.9572900884610644,0.0,0.5005929657380093,0.20760354429793082,0
3,78,0,4,0.9783353173123319,0.4973611702905789,0.6844761823000451,0.0,-0.19273083644750255,0.3548878536483524,1
4,35,1,5,0.8611859353098109,0.6536367153832983,0.42050821485365303,0.5,0.21228545336467514,0.09922777149929396,0
5,62,1,7,0.8694364806391729,0.46218910123542883,0.9533081291997587,0.0,0.7949419520604639,0.04107068331320163,1
6,58,1,7,0.9844802116191843,0.6288543438479348,0.6541217925599424,0.0,0.10858218846435153,0.2612957458582865,0
7,51,0,8,0.8188540721047575,0.5214996749411543,0.7027656925221211,0.0,0.12172232745970213,-0.20890495589606362,0
8,59,0,7,1.0040272128242014,0.4956286196625357,0.9203200633857003,0.0,0.22032006338570032,0.1224116622912329,0
9,58,1,4,0.9090499618785636,0.6635132227000479,0.804246467859055,0.0,0.23264166087178628,-0.0001266383197221499,0
10,65,1,2,1.0129665197601208,0.6326430581352096,0.3725438858207506,0.25,-0.06075529822407111,0.2159214929922092,0
11,41,0,8,0.8954729407910714,0.6016884682108404,0.7020998936861034,1.0,0.009119762336105341,0.09692299337696852,0
12,64,0,5,0.8710107170932591,0.7357128129411915,0.7850706396976751,0.5,0.07654670506516803,0.11806949618218598,0
13,64,0,7,0.7681775160734503,0.5097816228791533,0.7,0.5,0.10328747259666637,0.032912165972352025,0
14,55,1,8,0.7170565087404802,0.7481481401884748,0.5630242000030399,0.0,-0.1001919973409312,-0.2190817283222225,0
15,32,1,2,0.6721401112053813,0.5755730880074608,0.2676518551279126,0.0,-0.14578814361647768,0.031595501998521236,0
16,56,0,6,0.5551903531763824,0.5734821158079694,0.6587015204377437,0.0,0.1716172707144905,-0.18981452270918664,0
17,42,1,2,0.9575376279449733,0.6591730179725152,0.854079538423594,0.25,0.4525852052953426,0.24963233736571766,0
18,35,1,6,0.9152032230855922,0.5302555632593112,0.36585298322258014,0.25,0.132280912192437,0.05406191738179522,0
19,66,1,7,0.8992147812839865,0.5424410213186804,1.0245031503184259,0.5,0.759672516945502,0.2577327762965155,1
20,44,0,8,0.7971452961075712,0.4791508972516437,0.4502132918492868,0.0,0.020063379984097518,-0.21786876699637048,0
21,55,0,5,0.8047979961949888,0.5239345159535566,0.36737500402139533,1.0,0.04662917515670645,-0.04934388820459301,0
22,73,0,4,0.8171062120817386,0.6173563570575891,0.5626065980126763,0.0,0.5454210385029382,0.0965953797720519,0
23,47,0,4,0.9222814071776954,0.6978666321245619,0.7069453440072059,0.0,-0.010386820756575599,0.23749237971374715,0
24,66,0,8,0.5559194925437574,0.47062392105353856,0.6684268477650757,0.25,0.05809933358838304,-0.21126636175594526,0
25,47,1,7,0.8914844155858758,0.5368271630321669,0.7270016357742269,0.0,0.42339709871006564,0.0033133706501078386,0
26,38,0,6,0.8624173318375823,0.5474194985482473,0.3412521878315529,0.0,0.1713449683666333,0.19679850285268874,0
27,77,1,4,0.5814585513761794,0.6947620985092859,0.726010175193254,0.25,0.026010175193253993,-0.3040297811280377,0
28,71,1,4,0.7,0.5421409812504756,0.41898068448608405,0.0,-0.055522184367873484,-0.16950290344621943,0
29,75,0,6,0.709171575158545,0.6132713942151413,0.6039078914962891,0.0,0.315670904775817,0.1912129712914522,1
30,66,1,7,0.780898277897167,0.5103797911437663,0.8057281348205282,0.75,0.4854566660026589,-0.08164231829083024,1
31,39,1,3,0.7955723857787379,0.6584113135855807,0.90720912055091,0.5,0.5766983990487826,0.05694279060814622,0
32,57,1,3,1.0116167248104362,0.7,0.45903243544784045,0.0,0.10968154383124606,0.07232233123881926,0
33,52,1,4,0.5883873078634317,0.559999794061742,0.7805809096718765,0.5,0.5180700847033686,-0.10677661330727717,0
34,54,1,2,0.7665290138990156,0.6705786655937216,0.6270900133816795,0.75,0.07617304494643085,-0.09753131673489945,0
35,53,1,6,0.776860530181833,0.5015131594300324,0.6770837888749127,0.75,-0.03975601779249738,-0.01192896136724464,0
36,81,1,6,0.7672974618292518,0.5386436497289163,0.7193523609909463,0.75,-0.18026206015064072,0.13749186301664174,0
37,61,0,8,0.8869335114810265,0.6604546764444524,0.8372666924324054,0.0,0.1708592002937911,0.2057775119536559,0
38,49,1,2,0.5748538742493513,0.5824224099016082,0.5644173136217859,1.0,0.2434090378703569,-0.12514612575064865,0
39,41,1,3,0.5973347912030704,0.6630408762259288,0.7083831478766768,0.0,0.4325793852159069,0.0012938581056987086,0
40,79,1,5,0.8444707920668852,0.5409407185797671,0.7073153862069818,0.0,0.0073153862069818,-0.1824642113326429,0
41,55,0,8,0.7036727518620755,0.5497348010817101,0.5311424460589736,0.0,-0.26942543180471057,0.09994945456641058,0
42,43,1,7,1.1646931439475066,0.6534170154934544,0.7490415340224881,0.0,0.17864205560194013,0.414359259436917,0
43,54,1,3,0.8168696960877594,0.7123105322480383,0.5675374171079846,1.0,0.08330816608365793,0.0008634442048131019,0
44,50,1,7,0.7735590518436323,0.7029337604083051,0.9862834690127401,0.5,0.6961821574243974,-0.13547323428096747,0
45,75,0,5,0.6671293723007864,0.5808188898128595,0.6027479426074314,0.0,0.10789393425758298,0.11501925237289312,0
46,59,1,8,0.893752025269841,0.5436368588539655,0.8239953804872432,1.0,0.5224441119268604,0.13217997901462208,0
47,59,1,3,0.9475682218706458,0.5931140104487485,0.5795964870085679,0.75,0.012997468128319034,0.057611892202231174,1
48,75,0,7,0.8387591411133886,0.5222673341589342,0.61325748362001,0.5,0.1658611694462525,0.12477597524048756,0
49,68,1,6,0.993588580199739,0.5756102820229773,0.662115910081678,0.0,0.44293223815666194,0.16845940913880086,0
50,47,1,5,0.8151452494626896,0.6682111268563531,0.7,0.0,0.28451581411851684,0.01200848374017982,0
51,30,0,4,0.70824241468136,0.5378962223232442,0.4399230058629324,0.0,-0.028414211177443194,-0.026995914515810848,0
52,50,1,3,0.7647555809726745,0.47967026837115306,0.2220194144464728,0.25,-0.5445258480566938,0.021098775487630506,0
53,75,0,4,0.7986753899957543,0.5960580062711657,0.7221149042739993,0.0,0.10328153422828257,0.08845014572271093,0
54,42,1,5,0.9163804749045669,0.7034877951959934,0.5408930751303089,0.5,0.39075580644955354,-0.1096687353490694,0
55,71,1,7,0.8691548641290318,0.6784306466306974,0.8926503422275601,0.5,0.2970115516205136,0.08165586249817502,0
56,77,0,4,0.7734931342593824,0.5084988855158585,0.6447740573890368,0.0,0.3186508247713272,0.07530862889620715,0
57,74,0,2,0.7469466736734272,0.721787483593056,0.3214311646442608,0.0,-0.11274463395091283,-0.09562600535647181,0
58,64,0,3,0.6616899287257411,0.4647610949118913,0.4666329376421635,0.0,0.008923689137017743,-0.05540266842771513,0
59,49,1,4,0.6472101834451913,0.48136511380708685,0.7807898924095286,0.0,0.1913159095607897,0.18811901467794429,0
60,51,0,8,0.8577838075650025,0.5202295191189571,0.6197563057635083,0.5,0.14723165885942352,0.20501410000672826,0
61,54,0,8,0.884596781260536,0.4833241538214974,0.704124676316291,0.0,0.5425860843821021,-0.02253996630154953,1
62,55,1,3,0.6892209703057399,0.4882032093429219,0.5735938355733315,0.0,0.11942132737983946,-0.08765366306502831,0
63,70,0,3,0.7870965272330901,0.5215720156630148,0.7,0.5,0.2870534115352233,-0.15982906833438493,0
64,37,0,2,0.649960241047331,0.5666691272106361,0.5923179749431525,0.75,0.3499812549842773,0.020747559977879138,0
65,42,0,4,0.832859961573488,0.6409829348632061,0.5434088870693472,0.5,-0.035353396464441245,0.03368172274206649,0
66,48,0,8,1.1426242881449613,0.48902091797022157,0.9503000920864688,0.5,0.5273290425637756,0.44262428814496135,1
67,57,1,8,1.0191375575168016,0.5425666110847938,0.6378505379314063,0.0,0.20578904676180282,0.18185917587431577,0
68,74,1,6,0.8138493717607838,0.5636990805453543,0.8885798012329659,0.25,0.2503761693606503,0.08562677131028729,1
69,69,1,7,0.8396094107969748,0.48891555394355035,0.5459326242313847,0.0,0.10068887613787314,0.13960941079697486,0
70,64,0,5,0.8355336927441254,0.5911860609069194,0.3927072258245695,0.0,0.07029275662057066,-0.06730314711407215,0
71,38,0,3,0.6867926973852311,0.651763088391469,0.8855489615777427,0.0,0.42193287558132425,-0.08743524977018302,0
72,80,0,5,0.8669660647404923,0.5656263574433656,0.6715211568741846,0.0,-0.14082595475081106,0.2456952278292691,0
73,35,0,5,0.8495673280915299,0.5944203083308947,0.3958922298842328,0.0,-0.10697682172365774,0.09731369157355596,0
74,34,0,4,0.8327145473082667,0.6375044100694078,0.6676603804878786,0.75,0.18782703321936817,-0.023540527759773888,0
75,75,1,3,0.8630328930828088,0.574490642977573,0.6513844875785277,0.0,0.45681088807720993,0.21773473095383344,1
76,63,0,8,0.814857196133412,0.5736534236029079,0.9058493965735793,0.0,0.5654410151134597,-0.0834282125824487,0
77,35,0,2,0.8971928667270981,0.47653295289924835,0.3084878556993587,1.0,-0.1927870335346566,0.12500476869562083,0
78,84,1,2,0.6910071868158418,0.5879682012645091,0.7062836284178826,0.0,0.20771464275228607,-0.07229955065069038,0
79,41,0,4,0.7354047391156917,0.6653130904362429,0.8044790159792125,0.5,0.3377243561697796,0.002138292197411573,0
80,65,1,8,0.7884065949040006,0.6273434880002804,0.9059513260201804,0.25,0.4959370769817165,0.09048253195273781,1
81,36,1,6,0.7281886969806558,0.5699485105669764,0.7443930624077224,0.0,0.3149267715135233,-0.04261230274379313,0
82,79,0,2,0.8942699945147566,0.5585740302541002,0.5826031032540898,1.0,0.1185451135244513,0.12605903544490782,0
83,51,1,7,0.9067217277621475,0.659099973403239,0.7839071787268032,0.0,0.4111905412364533,-0.10579625718385488,0
84,72,0,8,0.7146132587299021,0.43566693349926533,0.6197256823103274,0.75,0.074797045918922,0.048093824071686386,0
85,69,0,3,0.6668536433505967,0.6108356172286569,0.6649402150843012,0.0,0.265841883019931,-0.0648823590064832,0
86,58,1,3,1.0821290359885218,0.5551364947077753,0.3761340814469509,0.0,-0.010469670056328817,0.2172017175490807,0
87,42,0,6,0.7483084369458465,0.6279104658813965,0.6585655175211974,0.0,0.15251120039990151,-0.10015821333491826,0
88,35,0,8,1.0692299323170644,0.513848210116942,0.7471269726473226,0.0,0.34183118518750455,0.36936350800887796,0
89,62,0,5,0.9675948699874313,0.7090254427982127,0.5442031757055195,0.0,0.1175196618855463,0.13574772895821519,0
90,37,1,2,0.7752649956512859,0.6458999675688558,0.5635212189066181,0.0,0.10391049527299095,0.22547918188061167,0
91,32,1,8,0.8980378169382479,0.6793346509849476,0.8629372284554063,0.0,0.26274322515141924,-0.05663933616480543,0
92,64,1,3,0.7795893099341267,0.6705648249864108,0.384459614437911,0.0,-0.11381719840599253,0.0312352418580788,0
93,62,0,8,0.9458700819849238,0.6732155659712059,0.8127716674332256,0.0,0.22980885059802347,0.12771707281590805,0
94,57,0,5,0.7708700536664057,0.6377060700175776,0.7202336749746239,0.25,0.25835177334332854,-0.09660082715744522,0
95,68,1,3,0.6576371853435403,0.6369265114416954,0.38203186090199664,0.5,0.14881085942175715,-0.22014802337128825,0
96,74,0,8,0.8967954142174603,0.6293247154704982,0.7454141059548702,0.0,0.03512441703238789,0.07244743755608751,0
97,78,0,3,0.7631979350939517,0.6362359256911647,0.6428376377780755,0.5,0.41760287355033276,0.06319793509395177,1
98,80,1,2,0.6739953722722825,0.6127356569038483,0.8462396891140233,1.0,0.35051923703005866,-0.06407898811254675,1
99,35,1,7,0.6101422097144398,0.6028477222261038,0.8943827598873578,0.0,0.4019480216338948,-0.20848315822696295,0
100,58,0,5,0.8318742000739523,0.6626707880339986,0.47537396997551334,0.75,-0.04072195421461361,0.13503948260937015,0
101,67,0,2,0.9026072875763491,0.5415013123301705,0.6235310543450622,0.25,0.39386547516298437,0.14081006450777678,0
102,61,0,5,0.7432261243233264,0.6393988513843415,0.7758347780100202,1.0,0.17311158535362947,-0.07123528699176485,0
103,74,0,4,0.7854453898482157,0.6028609980532589,0.5653024217357054,0.0,0.13931583401473902,-0.0895768674015478,0
104,58,0,5,0.8542465539230776,0.7,0.6529079874934612,1.0,0.14728345808964283,-0.0018625227697796065,0
105,30,1,4,0.7724948715479804,0.6138332827963605,0.71421273972746,0.25,0.4676833687072862,0.06510070887263852,0
106,81,0,5,0.8670140129997818,0.545028684961757,0.5970510038144333,0.0,-0.00281213283646653,0.1348946369234456,0
107,61,1,3,0.860258889249954,0.5038768096092965,0.33001762011727914,0.0,0.2862490527955932,0.1379681196917406,0
108,34,1,7,0.8625595188760762,0.4522096309879961,0.5525890019784077,0.0,-0.3629166086850084,-0.06750904539944402,0
109,78,0,2,0.8172665113772695,0.6113920914292915,0.5225502256456561,0.0,0.043503684965181366,0.10324709493025508,0
110,82,1,5,0.8941780803615091,0.6871735376866797,0.6537820421618676,0.0,-0.08740434433473909,0.14784756270192512,0
111,53,1,2,0.8898579973733781,0.7590501924170812,0.5265837535441136,1.0,-0.06377504718529592,0.12280692789893677,0
112,50,1,4,0.7322841463693751,0.5182353159314503,0.8419833194240909,1.0,0.5603172480717453,-0.24002362108363096,0
113,41,0,4,0.9977543689392899,0.4769886400242914,0.4772192016483149,0.0,-0.005968554377457969,0.39819838452707634,0
114,46,1,4,0.7375223248836924,0.585283850847974,0.31341930624576103,0.0,-0.3443938936295556,0.03566202955703368,0
115,41,1,8,0.939301904531922,0.5964550925196686,0.7682195996916877,0.0,0.3813162496690535,0.19834745802265386,0
116,34,1,3,0.7,0.6710627112499264,0.42741386345694643,0.0,-0.15844653666983433,-0.2686602739274848,0
117,80,1,5,0.9083831732696371,0.627217225015261,0.8322314359556491,0.0,0.15267299599957018,0.08612897482253912,1
118,83,1,2,0.6152281301881928,0.6375240239145739,0.6782338746385723,0.5,0.1266856651974423,-0.07253891232817178,0
119,82,1,8,0.8425183145892484,0.5654959855825039,0.7917779812586048,0.0,0.27674576345708524,0.06966744779824152,0
120,72,0,8,1.0879377073188705,0.652795791998439,0.6250662550320985,1.0,0.04294579584595526,0.2993465219581618,0
121,76,0,4,0.7365399699414215,0.6393405749058997,0.5269951033755024,1.0,0.25395907736089635,-0.06753243960208322,0
122,55,1,6,0.5011614136814031,0.5593883457533646,0.49357602985933796,0.25,0.033171137355918145,-0.40703486530091715,0
123,50,1,3,0.9194935964792712,0.5665824225747675,0.33103009969926306,0.0,-0.41658080444940665,0.10618913743766945,0
124,48,1,4,0.9438519956857361,0.5814798171652324,0.2823359597287283,0.25,-0.2704169210042567,0.10249532807660167,0
125,61,1,2,0.8366706421602724,0.7996961982213437,0.47399886108805156,0.0,0.0011968367938182678,0.18080951934932554,0
126,57,0,8,0.625229738193952,0.5889332950025807,0.7595241309805211,0.0,0.1427910329146772,-0.032051128373549065,0
127,39,1,6,0.7587772661245497,0.609035001559224,0.9225247866679247,0.5,0.5888270780574807,-0.2253597796711857,0
128,82,0,2,0.7971910389791372,0.5847730398461319,0.10535527884551901,0.0,-0.5833429062812786,-0.022883560406238845,0
129,49,1,4,0.7711296220143684,0.7022497628159994,0.6999187090132352,0.5,0.2990231777129684,0.04319124770099392,0
130,82,0,8,1.0854162265726786,0.6234198467544458,0.7238340850929236,0.0,0.26615155992721345,0.3787917585759569,0
131,54,1,3,1.0562012179613662,0.728627422609112,0.4494060879473455,0.0,-0.006698384113990097,0.3562012179613663,0
132,79,1,6,0.7751708690557583,0.5118503264212408,0.43467562654947395,0.0,-0.15371807183951708,0.11711396560737175,0
133,55,0,8,0.9506391800093678,0.6775299846096462,0.8390374506576731,0.25,0.1608858435717021,0.3186138361591888,0
134,76,0,6,0.9441988694615389,0.6712206747816336,0.8509386152540118,0.0,0.15093861525401187,0.16600152448358918,0
135,43,1,4,0.8353749304640684,0.7532861225943683,0.4215508131759835,0.25,0.005247577673087034,0.13537493046406845,0
136,83,0,7,0.7498369800923339,0.6489778969920375,0.8829780879457897,0.25,0.6450556792598066,0.1337806934554967,0
137,68,0,6,0.7694125479298884,0.5959711024331525,0.5184252084600752,0.0,0.17079956030234067,0.10700546143813416,0
138,74,0,2,0.8784821065713578,0.6415589294449514,0.5390086572676457,0.25,0.0349520478046319,0.10099314398667347,0
139,47,1,8,0.8366126784141384,0.5047479281839232,0.7341740058317665,0.25,0.4956967620566773,0.1366126784141385,0
140,64,1,4,0.8168091080594465,0.6626373236908689,0.48716860150403807,0.0,0.22786445361701013,0.14444252860940032,1
141,42,0,6,0.8422373673960978,0.5929655573511636,0.6788661651669491,0.0,0.12039990312133853,0.20178108552773344,0
142,52,0,5,0.7683100336743368,0.5793745634450833,0.7782701885698344,0.0,0.5154696721900249,-0.046387260479681225,0
143,76,0,7,0.9775906385083222,0.4545812669074511,0.7062082931609696,1.0,0.40997251820631814,0.10800768244073256,1
144,66,1,2,0.6565696810307027,0.6588545912193549,0.6237820641364608,0.5,0.13562636559515823,-0.22917792996837894,0
145,53,1,2,0.6996886792018694,0.6421830084032597,0.7154737724045807,0.0,0.219060995090349,-0.14240844950053455,0
146,71,0,8,0.7493319495876033,0.5962268741152108,0.7,0.0,0.17965294820550237,-0.03395106584815788,0
147,82,1,6,0.8040619372464438,0.5782203290293872,0.7337200510642327,1.0,0.17383091348593482,0.20895660118451498,0
148,62,1,8,0.8718440935720974,0.5182007251193044,0.7141016081371626,0.0,0.3591208082128681,0.12723125718680184,0
149,53,0,7,0.7023003211296883,0.587939679853604,0.8441112224017603,0.0,0.42996067790711184,-0.021826529442149023,0
150,84,1,2,0.8641737900817027,0.6641141386461917,0.5845571365728046,0.0,0.0771084791371458,0.22651170479421168,1
151,37,0,3,0.7992412908991533,0.5374498602306471,0.8128534223817084,0.75,-0.004219357115264666,-0.2218179637298292,0
152,73,0,3,0.8400641889255033,0.5624894660837007,0.8646347981635466,0.75,0.5706199623322894,0.21172090084228679,1
153,63,1,4,0.8531163096102905,0.6260859604362554,0.8930167846602727,0.25,0.25834945061139614,0.17168121990036367,0
154,53,0,3,0.705421339480242,0.5237370954764209,0.6044393660943065,0.0,0.1517605752397524,0.18062758716217042,0
155,35,1,3,0.7105504253999237,0.5683740910412735,0.7684678736724018,0.25,0.6451020382404555,-0.0543383016864154,0
156,79,1,5,0.7568119084553693,0.7,0.5143015732769622,0.0,0.04289197641310244,-0.06725694606739652,1
157,69,0,8,0.9187387361735335,0.6024736829064226,0.7,0.5,0.0,0.2633724999050492,0
158,55,1,3,0.7800197547037557,0.7008793223853016,0.38577324260329765,0.0,-0.20991424084307103,0.06292105630748657,0
159,50,1,5,0.6981655489786626,0.7015378215453297,0.6077532256863099,0.0,0.21541051132983652,0.1326757245525636,0
160,80,1,6,0.6791715229382647,0.7222242944863514,0.9328303637856031,0.0,0.45636259716278316,0.03273571178822343,1
161,31,0,8,0.8543148704908272,0.5540212448114089,0.9110627509843229,0.0,0.23241401399454675,0.2991388766186359,0
162,82,1,5,0.9371893554040553,0.5758419839383593,0.7089723570240818,0.25,0.11196640510027456,0.0501938916845166,1
163,52,1,7,1.1713847516244171,0.5769587038313324,0.747368483757792,0.5,0.5551791268065996,0.6303891779940384,0
164,48,1,2,0.9017995040832858,0.5562037187475193,0.6359642761322033,0.0,0.26927663756567255,0.1305140035735497,0
165,61,0,7,0.8991614228411641,0.5045057187692672,0.608939885671451,0.0,-0.07496568791450531,0.3103726588957676,0
166,73,1,7,0.9822809347662951,0.5631713417581498,0.876850262151018,0.0,0.18525305564318484,0.4871228968452746,0
167,54,1,5,1.045954251206232,0.6047886709753072,0.3419135827948799,0.5,-0.06306738472280116,0.1327677456156231,0
168,37,0,4,0.8809730582102226,0.6535165270357518,0.6379005949532814,0.75,0.4349300555109693,0.08447164121753747,0
169,62,1,5,0.7952926786215544,0.4848349326350505,0.8214739262337865,1.0,0.35522056475431324,0.11873942579716379,0
170,48,0,8,1.0222850504804721,0.5192493916247484,0.7963667130163735,0.0,0.0865934715991894,0.30087757501722234,0
171,83,0,3,0.8167783665697236,0.6513914478866616,0.6600383680696048,0.0,0.07739439488730726,0.0222815043047212,0
172,44,1,2,0.9079606422654496,0.6397432703897729,0.7179419185313289,0.0,0.001823517290332033,0.24932327464252246,0
173,56,1,8,0.7360906950131547,0.6223696764929371,0.6191713744369005,0.0,0.0347950349518501,-0.006426747950591727,0
174,44,1,2,0.6463144482480656,0.5392289192398273,0.6514183111865841,0.0,0.49465386551096074,-0.21540066605849406,0
175,78,1,8,0.9853161358372408,0.5820319561632098,0.7611617029292262,0.0,0.25327620607262347,0.17666093797404292,0
176,34,0,4,0.7632339731767915,0.46385232312771096,0.5587404434331291,0.0,0.24401985356677636,0.2452287817766603,0
177,49,1,3,0.8685444219792572,0.5600268158538185,0.43737270954905144,0.0,0.1560124135051948,0.1368905162905697,0
178,75,1,4,0.8756763209732368,0.5877257013839263,0.48486967581902163,0.25,0.07465039650212113,0.26810206852452534,1
179,35,0,6,0.7744872651071303,0.6203080808249191,0.6061598710984246,1.0,0.18055518083398348,0.037495840252104284,0
180,37,0,5,0.6359943950062383,0.57779632511084,0.5852306910388871,1.0,-0.11476930896111281,-0.025167496504061138,0
181,43,1,4,0.7,0.5891010910725853,0.27895445677498737,1.0,0.03231949608040277,-0.037776378788236475,0
182,51,1,4,0.9046541979752761,0.6222310601284167,0.42630017511305596,0.0,-0.20980477070132886,0.24929482971343975,0
183,35,0,4,0.6260992471283617,0.7,0.5897476784427383,0.5,0.04140107373415569,-0.11282410561554546,0
184,81,0,6,0.8575915785764903,0.6707630455703577,0.8366582472443945,0.0,0.28095042509855184,0.04543220540951609,0
185,68,0,3,0.883740862793283,0.5375211948048849,0.5901961344957515,0.0,0.058233380771261056,0.06357886896313236,0
186,47,0,3,0.3969987239303853,0.54865546798109,0.7481136684725505,0.75,0.05466766245459964,-0.3044918041659473,0
187,61,0,2,0.8660664665704094,0.6339733870212284,0.45489884751673776,0.0,-0.04593694796175024,0.06827433390889026,0
188,45,1,4,0.6433347588440383,0.6250042619133467,0.5274797240849168,0.75,0.1428610558397923,0.015125481843039523,0
189,60,1,3,0.7883846254497218,0.674847788792722,0.4563687664360895,0.5,-0.034263525389356675,0.11062061917437693,0
190,82,1,7,0.7461186193946869,0.6268973644174743,0.7,1.0,0.418552815277084,-0.07442408718184124,1
191,34,1,6,0.7541295212897482,0.6003632161146133,0.73182343304682,0.0,0.21325796760666493,0.013741813486606524,0
192,69,1,5,0.9730242207570399,0.5986554365521576,0.7,0.0,0.20719262605142025,0.16302821768585785,0
193,77,1,4,0.7497460584163146,0.5269562606158029,0.5781565558141697,0.25,0.050504999495031844,0.009352988240405424,0
194,76,1,6,0.9303769717611207,0.6234581268807451,0.6550410951285337,0.0,0.21901931176463713,0.22445508936134284,0
195,83,1,6,0.8339675274876196,0.5299528469109568,1.120322160603004,0.0,0.34767471701074004,0.09933075164560812,0
196,54,0,3,0.915817918126071,0.6465831115813253,0.42429444633816027,0.0,-0.17704491856218496,0.08044864859021161,0
197,58,1,2,0.7085883730469236,0.45964378707107384,0.8470296517557884,1.0,0.36759480668051175,-0.04246566554085418,0
198,31,0,2,0.6841215558436115,0.6179287064569668,0.5408447293341492,0.0,-0.04680164075813631,0.022335571930562015,0
199,56,0,7,0.7755893847477325,0.6301842993271973,0.6114383734520442,0.0,0.22297934639582018,-0.0023090094625916047,0
200,61,0,5,0.9536705289181145,0.6702279234071846,0.7570185461084907,0.0,0.19822558861104056,0.10466829935150346,0
201,40,1,3,0.730033540069625,0.6022998543575554,0.3339440132289103,0.5,-0.3334884166658213,0.06828741051667009,0
202,64,1,3,0.9402028440111511,0.6654719608003655,0.6679519889785924,0.5,0.4199309928419654,0.09523658328179296,1
203,47,0,4,0.7279638861256335,0.5819703060874929,0.5842882745084352,0.0,0.13998497628792267,-0.01724878782416117,0
204,48,1,8,0.7921146667247649,0.6563001655001487,0.7,0.0,0.11466137983526858,0.030375405759814234,0
205,46,0,4,0.7882518439345567,0.6525089008504316,0.5543469096793542,0.25,0.33527625469660016,0.010130655272520772,0
206,56,0,2,0.8222797479748403,0.6640059998834752,0.409015673219804,0.0,-0.29745539002256643,0.062175626974115716,0
207,69,0,2,0.5924181823474434,0.5700036110990392,0.6043465057233939,0.0,0.12041984868348982,-0.23712626926511227,0
208,51,0,3,0.6612006361332525,0.6550159724308209,0.706322009202614,0.25,0.4394805755349267,-0.03861142960015673,0
209,42,1,2,0.6383891399564815,0.6709846080770887,0.7733606064775101,0.0,0.45459267149543114,-0.08077744502890472,0
210,81,1,6,0.9380800461776269,0.6145768858857066,0.9613504439627572,0.0,0.4281696428867783,0.15089953499363606,1
211,40,0,2,0.8949736660260025,0.5304160857882373,0.6075281082867486,0.75,0.20345635167149378,0.09995338433898615,0
212,59,1,3,0.9487293360262163,0.5973157985767888,0.559928922490361,0.5,0.2960783742137222,0.004474819266912178,0
213,38,0,5,0.9601037892852251,0.6107727280166497,0.7,0.5,0.15405066129790013,0.3841008610934298,0
214,34,0,4,0.8623835601375073,0.7072247955581139,0.5952710838017368,0.0,0.3306080449358055,0.10660062058408126,0
215,58,0,6,0.7,0.7066705246333062,0.45962557774179513,0.5,0.3598328233169482,-0.09605111477323114,0
216,49,1,4,0.812783517426885,0.7038261814365251,0.3345785057835208,0.0,-0.20402676582274548,0.19432995641111284,0
217,35,1,6,0.7048854589851126,0.5152268273630224,0.4445757043701235,0.0,-0.20849595111844388,0.2162415868484751,0
218,70,0,6,1.0327872048614608,0.5177850192066251,0.678717060448355,0.75,0.09809880429701678,0.35889278810372416,0
219,33,0,5,0.9291499307207388,0.5550870657817416,0.690912178409492,0.0,0.3046242134430781,0.21233310836815222,0
220,41,1,4,0.734853048523626,0.6133711930154094,0.7879990066433978,0.0,0.6764720062027104,0.13971577579858085,0
221,81,1,2,0.7785107840370971,0.6964727271011071,0.6272477328984876,0.0,-0.2734663426096945,-0.018001015348386273,0
222,44,0,6,0.821656934006025,0.6131873850182811,0.5217036611991607,0.75,0.07866325353708375,0.115635491615393,0
223,74,0,8,0.7766015419098043,0.46803931688586475,0.6458691849490995,1.0,0.38460772480976624,0.15327828068563587,0
224,44,0,5,0.7909641290811723,0.5823260126383869,0.754774681328033,0.0,0.3270588499461095,0.03792924516101126,0
225,52,0,5,1.0829364145309013,0.6665048149928485,0.7643719149937448,0.0,0.03851997844219468,0.3826631895667292,0
226,57,0,2,0.9076018760140837,0.5498887043065853,0.6735937132938978,0.0,0.3015752625531748,0.08777700119529908,0
227,84,0,6,0.8555207664083609,0.48857736262731166,0.6700177444781831,0.75,0.22517204533253748,0.1266542584835445,1
228,79,0,7,0.6197049073313995,0.5219908116974927,1.0231224968925399,0.75,0.6134261336002291,-0.07045902517398639,1
229,66,1,4,0.9500596820969254,0.5405728429824507,0.25533738886539925,0.75,-0.09704398160865724,0.32439691073394894,0
230,36,1,3,0.7924500600655502,0.5000744606993429,0.2518249493767668,1.0,-0.1191612877753549,-0.08029091652054143,0
231,53,1,6,0.8914746542331181,0.5602826327931892,0.7498133656966154,0.25,0.10074673284942537,0.22804857541681112,0
232,39,0,7,0.609147731470321,0.5706608181670851,0.3169712577177883,0.25,-0.24990506928948436,-0.07654665601479316,0
233,37,0,5,1.0769259296361902,0.5110167963153056,0.8048673215068207,0.25,0.44769319432696003,0.2462235658352676,0
234,65,0,4,0.6442089937843702,0.467633894544317,0.21607097201046724,0.0,-0.051169373220084996,0.28975935522227386,0
235,71,1,8,0.9758591716123383,0.6063221976082357,0.9144550118711775,0.25,0.49413429054589636,0.34292475496118635,0
236,62,0,7,0.9183929475644607,0.5877188042892427,0.3209926556666491,0.25,-0.14895766710553943,0.2183929475644607,0
237,79,1,2,0.7408920581562626,0.6348934886921835,0.4176340121301813,0.0,-0.2411547197452077,0.1805645310533629,0
238,66,0,3,0.8103720618885183,0.540850552115383,0.741268991336809,0.25,0.34711094673379356,-0.02208801153639761,0
239,62,0,2,0.8654224233969825,0.6176876725237842,0.808177791440735,0.75,0.24101710753385797,-0.2733942744394344,0
240,43,0,5,0.6832233422708691,0.5736315739091902,0.7333616060205085,0.5,0.4669596373772614,-0.02138347237984195,0
241,43,0,8,0.9511884678338326,0.6112359610286648,0.7308012580136657,0.5,0.3202848851346589,0.06399008895844427,0
242,36,0,7,0.8356279777793137,0.6162890052223092,0.6134156224091342,0.0,0.5202234130795905,-0.06987127083340927,0
243,68,1,5,0.7905390429948153,0.7321795609244538,0.5431526465462423,1.0,0.12169857985421512,0.08297951310921048,1
244,45,0,3,0.6492105172062799,0.6366155352202035,0.40185898694692823,0.5,-0.1689047312726124,-0.18553719976576843,0
245,65,0,2,0.8564096782578748,0.5953912717535021,0.5126857297482732,0.0,-0.2671220551403025,0.10045043819988508,0
246,84,0,7,0.8286496157118439,0.547031479332832,0.813546503235096,0.0,0.43811442369624154,0.03459739341137236,0
247,31,0,6,0.9084779779862694,0.560416816058654,0.7201266430193567,0.0,0.2195274601968057,0.2035902643758989,0
248,72,0,4,0.8446750027664304,0.5620045969163757,0.36386801346535774,0.0,-0.017724952073550404,0.3101939805355963,0
249,60,0,4,0.8331609828398456,0.674845131797777,0.7,0.75,0.1398912467368707,0.19239072559591996,0
250,53,1,6,1.0187644486019791,0.5895441724270435,0.4906293265553278,0.25,-0.1500115804734506,0.3235441244181825,0
251,83,0,3,0.8723922728643737,0.6697624708606854,0.417579231767096,0.25,0.012974741501409481,0.170678196567294,0
252,55,0,4,0.870666942385801,0.6352176778600791,0.38818058233771224,0.0,-0.08794303154509103,-0.07217865958943448,0
253,31,1,2,0.6448403571012149,0.601866882807305,0.36164777709906976,0.0,-0.2769239625668635,0.06025544984668163,0
254,43,1,3,0.6749171239791011,0.6813469122701938,0.25584205222202777,0.0,-0.3958908450875475,0.0015400505336312653,0
255,73,1,4,1.0297866080730034,0.5840153656061132,0.42420980228567823,0.5,0.043351679905862306,0.21634165750935574,0
256,42,1,8,0.8977407167435086,0.7268358382823322,0.5069314722009068,0.75,0.059501522401308904,0.3462418895708277,0
257,57,0,5,0.7696316720533889,0.6341087049294647,0.8494948455926601,1.0,0.2979717134040143,0.03481393968786295,0
258,38,0,5,1.0101011636336454,0.5478497314726855,0.1903111335512867,0.0,-0.33160068250386254,0.23826237771890968,0
259,58,0,4,0.7251882252417112,0.6297465457257991,0.474127165185895,0.5,-0.19466242052450994,0.014336269774674393,0
260,61,1,4,0.7770114874912566,0.6256984999762255,0.6139145370833661,0.75,0.20648310221241167,0.05353682121551706,0
261,64,0,3,0.9485194947448852,0.6818495456110014,0.6572576030830725,0.25,0.2460208330580516,0.3452802350172376,0
262,42,1,3,0.8489695307626632,0.5182584827453552,0.7841046220128739,0.25,0.5191313725096881,-0.042857274344403895,0
263,58,1,8,0.9369451192684872,0.6161336327971272,0.7439628137340097,0.0,0.14186109641846345,0.23694511926848727,0
264,75,0,2,0.9382411191102946,0.6030021830164023,0.7519308470949824,1.0,0.17104916630982103,0.2012177979572647,1
265,77,1,4,0.7913336043435473,0.6852582690972556,0.5800225876666861,0.5,0.125306053529046,0.06454491977329202,0
266,64,1,3,0.8436702586590701,0.6094014096736222,0.7081734252725582,0.0,0.17459606829472574,0.2306186046804375,0
267,53,0,7,0.979720271717763,0.49975554658268956,0.25586836702350585,0.0,-0.2312850272678157,0.3162950976268669,0
268,56,1,8,0.7,0.6711320507580854,0.9607651197808564,1.0,0.3945863596122966,0.13955529430662106,0
269,42,0,5,0.8514936813642161,0.693406331208042,0.7826837391994919,0.5,0.28692656254064147,0.21387332807444104,0
270,42,0,6,0.9025481681723574,0.6162438844354647,0.6473483421916886,0.0,0.189656627399512,0.056594773045608116,0
271,73,1,3,0.5847275974676183,0.5805182349473904,0.2853352890732887,0.0,-0.28382215076527434,-0.18294816257907187,0
272,79,0,4,0.9801850187397168,0.6505795202058856,0.7,0.5,0.44628183662537696,0.3359236361279656,0
273,30,0,7,0.6781804655899201,0.5877281174328541,0.8659382121747898,1.0,0.4165843616700906,-0.1214534853186815,0
274,44,0,4,0.5915522342313797,0.691573085451918,0.8687216201128697,0.0,0.3400091851064464,-0.16802987919338164,0
275,31,0,6,0.8130931917782486,0.528030133754509,1.0768327043070969,0.25,0.3768327043070969,0.005372447303738426,0
276,62,1,2,0.8404482181715622,0.5262562144906634,0.8108332869748639,0.75,0.305469805891165,-0.02388294453174067,0
277,37,0,4,0.7021440227707394,0.5799380532975776,0.3154480453421141,0.0,-0.14929943997844503,-0.2798591469549834,0
278,50,0,6,0.7654908392212317,0.5986048211087182,0.8150695873325451,0.75,0.11506958733254513,0.038172554943128545,0
279,41,1,7,1.025998484671456,0.6520228876065001,0.40763468890842725,0.25,-0.2371640313239548,0.3583831350499084,0
280,53,1,6,0.8482360637045196,0.5792520344437389,0.5083994854992878,0.0,0.34450541390747214,0.1880195615114446,0
281,43,0,4,0.9235065787865566,0.6830216457930679,0.48152574153485733,0.0,0.34012622701533846,0.11254045897441156,0
282,61,1,8,0.7721210873267869,0.45464350012462745,0.5912714594696687,0.0,0.005480517821511155,-0.07210112255045831,0
283,34,0,7,1.0334048536388034,0.6455677597307081,0.5733751980102265,0.5,0.06059112736814565,0.33307224671178626,0
284,43,0,8,0.6656116780500305,0.5037097989901272,0.5960240763412773,0.75,0.04019563094731571,-0.25007404705703573,0
285,79,1,6,0.7994846059517847,0.6601387247488755,0.6055759503455361,0.0,0.17402093814639658,-0.1556364978577055,0
286,63,1,8,1.012405831193194,0.7241178909913003,1.0298252906486653,0.25,0.5579605735707125,0.3523523653017625,0
287,59,1,6,1.036623824097681,0.6705032818215488,0.2875631614656334,0.25,-0.2541294441921412,0.19693042752643442,0
288,73,0,6,0.8361350237241807,0.6826924680190171,0.8652391629532398,0.0,0.2962060710491813,0.2206271418077307,0
289,81,1,5,0.938595444979304,0.5780644938192969,0.9994049199264778,0.0,0.4132531412170084,0.10229520501665157,0
290,52,1,5,0.7506769934447007,0.5563795970175045,0.5505503974961257,0.0,0.2227979682039808,-0.04454917095117128,0
291,39,0,4,0.9273952762754349,0.6941648618166829,0.8544289763457815,0.0,0.3327510078790289,0.11217116897952539,0
292,83,0,8,1.0900862261531117,0.6302842143570473,0.9634653165414261,0.75,0.49370265901426386,0.47169897936773364,0
293,55,1,4,0.8580692125713344,0.7066498390076862,0.6103963187517445,0.5,0.002754454673577267,0.0631362656371145,0
294,69,0,8,0.7972949465789317,0.5681527000248773,0.49436158312585765,0.25,-0.22755223312774686,-0.02159008512715188,0
295,36,1,6,0.7938788761804446,0.43936463007524595,0.5258326916253798,0.0,-0.07020539249530455,0.25755395692934335,0
296,60,1,2,0.5005296922921805,0.632155241596249,0.8264343889793679,0.75,0.07138075316983983,-0.3576734132513597,0
297,72,1,7,0.8891808692598476,0.4885535210630453,0.5730229705269864,0.5,0.14032873949852043,0.28043433852631383,0
298,49,1,4,0.7242555526826341,0.6766053334643604,0.7,0.0,0.35094472262098003,0.13549983885727668,0
299,34,0,3,0.767015761271496,0.6142562538666716,0.2489408126100096,0.5,0.15042228641008162,0.2714262270859169,0
300,50,1,5,0.6932953794059202,0.7107878730185898,0.5833425829212352,0.5,0.3090364803844921,-0.19681879018925896,0
301,74,0,7,0.7,0.6513668033297876,0.4244168181941545,0.75,0.3506988005346694,0.057612893656505904,0
302,52,1,6,0.7467391298679741,0.5209108219392096,0.7853262444528775,0.5,0.3754115852380736,-0.1274380513385962,0
303,48,0,6,1.0506355552087931,0.6399475299788425,0.512627997446801,0.75,0.22743967617890798,0.41402166311885535,0
304,75,1,6,1.0474474681474308,0.5485943776453115,1.0607889141005997,0.0,0.7925070456783105,0.3793247968122865,1
305,33,1,7,0.7157281063136673,0.4588115146774876,0.7687746977466758,0.25,0.15346419405321776,-0.0876594010875188,0
306,82,0,5,0.9113944244848611,0.5671807366637649,0.32907545018635875,0.25,-0.05541843770913041,0.15081819194721835,0
307,83,1,6,1.1628230995779725,0.5954637189580162,0.6936985511900107,0.75,0.37063227368481094,0.389756377912296,1
308,84,1,6,0.8756348461103989,0.4899681500646064,0.6944593067326353,1.0,0.30351339990730125,0.22085001369641533,1
309,45,1,3,0.9262607831323831,0.749254870314111,0.5313815528549782,0.0,-0.16861844714502172,0.1410946522217965,0
310,63,1,7,0.7313457847418809,0.6343810783335632,0.9611354439295442,0.0,0.5049510884128539,0.014459958945417628,1
311,57,1,7,0.7,0.6440782723830408,0.7750672108208605,0.0,0.40029726635861657,-0.12561855037618996,0
312,51,1,4,0.9260183801374631,0.6051710755814519,0.2928242372714292,1.0,-0.1892430586914135,0.20743279192813524,0
313,59,0,5,0.7709217446025158,0.6936091368639263,0.8126890481230203,0.5,0.42966431303407027,0.1424123844636288,0
314,33,1,7,0.7488054956788608,0.42903189670799824,0.7288029222360441,0.0,0.44328370621853486,-0.13966180046575816,0
315,78,1,8,0.8008217415026233,0.4715172908229556,0.5704178408838043,0.0,0.07280812042305157,0.052951344592830574,0
316,41,0,3,0.7058585617691628,0.5670886050308092,0.8676043545769906,0.5,0.4375380369479196,-0.13477059810970582,0
317,39,1,8,0.8158266281991711,0.708272695750312,0.8132115679356959,0.5,0.49671166834236224,0.11582662819917111,0
318,37,0,6,0.8969051239776463,0.6021821502913142,0.85363660671217,0.25,0.044413049940860594,0.3530600016240232,0
319,34,0,3,0.7,0.5980188626506311,0.3776392969788386,0.25,-0.2734897894585495,-0.04540113971631532,0
320,41,1,8,0.7076128640457219,0.5861573684361897,0.5740063452322268,0.0,0.16292072539384267,-0.09263168534936228,0
321,55,1,7,0.8207964706153307,0.5880774586829964,0.8730362759952882,0.25,-0.09243215234815194,-0.034542653133364465,0
322,67,1,2,0.7,0.7137967807505078,0.5376777226825418,1.0,-0.19882753888248816,-0.05955794991367103,0
323,57,1,3,0.7454585079978782,0.6881301180939084,0.6529136008060529,1.0,0.47773060885903923,-0.05488981319996378,0
324,63,1,6,0.8737513058918761,0.7382118693734181,0.4927234416621583,0.75,0.5454989162388069,0.2903725357619451,0
325,46,1,3,0.8604517511560356,0.6333261305783643,0.3792485281778627,0.0,0.0205514117158776,0.2837857482254773,0
326,78,1,4,1.0100103754252405,0.6255415783221767,0.6376885315008327,0.5,0.276158697152073,0.1716809246998553,1
327,50,1,4,0.8610579219676118,0.5190943886217448,0.391419318575365,0.5,-0.36718726502022897,0.08518014379041272,0
328,75,1,8,0.8831853684936468,0.5057173185293004,0.6526183578801634,0.5,-0.04738164211983653,0.1365165848910065,0
329,61,1,8,0.8775633529715479,0.5493976346411942,1.0706518394102398,0.0,0.4800730078388955,0.06897961974459343,0
330,76,0,3,1.094960923843663,0.7,0.325847330096256,0.0,-0.3333011936763096,0.49643945408158363,0
331,56,1,2,0.8044727016832912,0.6882786629317033,0.4069534443003587,0.0,0.025297435983039074,0.01905578416280118,0
332,69,1,8,0.8928062257590209,0.5162192404184007,0.38632795001209347,0.0,-0.0025608954849167254,0.30357685615455887,0
333,52,0,5,0.7153784482040553,0.6681409314328305,0.4881725206018309,0.0,-0.03610083604885472,0.011114971804865537,0
334,69,0,7,0.6617378867568329,0.7,0.5848805366502251,0.75,0.2403810231689527,-0.08804058263947279,1
335,41,0,8,0.8060646951740867,0.543043703620219,0.7911629316452765,0.75,0.42291362307807057,-0.06772054976811737,0
336,60,1,7,1.0458509305013137,0.6199349541000957,0.4992080668381423,0.5,0.05270139936028445,0.15680500345634896,0
337,59,1,6,0.7,0.6395279584402139,0.9307490625261764,0.0,0.6421691882065828,0.0023515638616034007,0
338,71,0,8,0.9575425376548558,0.5621694204709055,0.8767002868643458,0.5,0.3748320536602696,0.23130419368475374,0
339,81,1,7,0.9287891911686696,0.5547360276417145,0.7144007519398649,0.75,-0.01833764250048686,-0.0979243991474592,0
340,61,1,6,0.8434023527862423,0.6068167893892349,0.9387960411310136,0.75,0.4778900811049808,0.029758050106386325,0
341,52,1,2,0.8033019030658268,0.6415140891191404,0.48361078633060367,0.25,0.15037584338862126,-0.20908319755526783,0
342,33,1,6,0.8127523835492838,0.6339312377041008,0.6040818365600835,0.5,0.0886103626289696,0.11689864278254902,0
343,40,0,4,0.9728291553822481,0.7028807737162137,0.5898924901541618,0.0,-0.1466165150008124,0.18753931072706254,0
344,32,1,4,0.7736696556045881,0.6415449160831725,0.41584174481138636,0.5,0.03167344462939731,-0.05503452589296176,0
345,69,1,3,0.8089877043583944,0.6129106750341101,0.5683731806415898,0.0,0.09247130464396214,0.11788274743298721,1
346,76,1,4,0.991133886048318,0.4851267721374927,0.6491299586988007,1.0,0.024305254897617923,0.1375633517276883,0
347,58,0,2,0.7546888068431795,0.6047350417091202,0.5638856576501924,0.0,0.14293601478292778,-0.08761719630423725,0
348,74,1,8,0.9271438316365086,0.6251282543482819,0.6327190474951524,0.0,0.21297383247253932,0.18472115246107768,0
349,84,0,8,0.9417751949272659,0.5296167318542959,0.4374868894188767,0.0,-0.2307041582628253,0.319892206527175,0
350,55,1,3,0.866797942085601,0.6988326054779425,0.5108896963864511,0.25,0.2335455166468306,0.05507268569193813,1
351,52,0,5,0.807589872019918,0.6389433817958731,0.8641198050528412,0.5,0.1641198050528413,0.1856697387780929,0
352,60,0,5,0.7,0.5241168350415235,0.5846921491117748,0.0,0.1221439599565955,-0.047033773205207186,0
353,36,0,4,0.8227812408656264,0.6299273893163544,0.5561737624149641,0.0,0.1975999496297393,0.04160509559424275,0
354,51,0,4,0.733267346319419,0.6158682638262721,0.39947294560980795,0.0,0.04501602140808608,-0.11781989650342273,0
355,52,0,6,0.8047071411657065,0.5199879074867648,0.6646872633831251,0.0,-0.03531273661687484,0.07405352331556458,0
356,30,0,6,0.7544833307128804,0.6080472817189658,0.6052802794739599,0.0,0.045955487814262064,-0.03642246842250685,0
357,49,1,8,0.9193259752636617,0.6150435136643142,0.7396415780530886,0.0,0.18600018271544194,0.32976368278949075,0
358,34,0,8,1.1684261864320975,0.7371837375231739,0.7,0.0,0.08896051308188124,0.614657489706573,0
359,74,1,5,0.8074595360461917,0.7,0.44556891521066005,1.0,-0.015289093040839086,-0.038689798513134144,0
360,46,1,2,0.7110146703431713,0.5704713538976695,0.21199054680426713,1.0,0.0002862268224898268,0.010628514759786878,0
361,73,0,3,0.6386404241904902,0.7011425161738325,0.7746492105264341,0.0,0.4346188153266111,-0.09696400034543473,0
362,65,0,3,0.8494969237791365,0.5746061624489122,0.2732067447782264,0.0,0.028391094568459035,0.05714043381239242,0
363,82,0,8,0.7593157069358724,0.532892088893312,0.792745937688863,0.5,0.18161682682476088,0.32781518842105506,0
364,74,0,2,0.6374769945152462,0.6122689549464448,0.30940977153151267,0.0,0.06561684085132019,-0.19521852374111437,0
365,33,1,6,0.7453972461317429,0.6571693795481385,0.7041584740731922,0.5,0.3184569068079388,-0.04541348324392558,0
366,37,0,8,1.087127108887756,0.5005252505083417,0.7,0.0,0.6006709589185568,0.2211865521740375,0
367,36,1,5,0.9158283900669479,0.5654986656382845,0.3621353217202577,0.5,0.04821302401897892,0.03711106000807851,0
368,42,1,8,0.9351183679984917,0.42574698758664986,0.5188697114536625,0.0,-0.2611990977813028,0.02696584237693489,0
369,37,0,8,0.6670050214129871,0.5344229403707716,0.3921944187001224,0.5,-0.08773550572597105,-0.21040541125399914,0
370,67,1,4,0.7133898186665029,0.6082282762457553,0.8827531151818568,0.0,0.5446136506349375,-0.15098861595899804,0
371,31,0,4,1.0317440394842523,0.6917897232788257,0.5532191302707784,0.25,0.05347887551563585,0.23810805150486847,0
372,82,1,3,0.7694267170627568,0.5375994595354961,0.4911304244563899,0.75,0.009893534934277803,-0.06830848153857683,1
373,30,1,3,0.7490608980270126,0.6339376937923688,0.5842913179352208,0.0,-0.11570868206477913,-0.040376385069564424,0
374,82,1,4,0.839871852715232,0.587529649572724,0.7304722621532236,0.0,0.28706967691901497,-0.1837593749206392,0
375,36,0,6,0.8779295234283336,0.6882385333641549,0.677426401591509,0.25,0.3903725880113656,0.31566400182320975,0
376,48,0,4,0.7,0.6296837411195895,0.5016843411890612,0.0,0.5020029361037098,-0.15285900661079466,0
377,59,1,8,0.8837654274919067,0.5936011260617182,0.6891694730071554,0.5,-0.11751950799233113,0.022243569419800213,0
378,39,1,2,0.8006849518732783,0.6241255263774672,0.5246175752171873,0.25,0.26081787974756354,-0.02032164029069161,0
379,65,1,4,0.7102432642031659,0.6177929013508678,0.6804733327202673,0.25,0.3235027806552078,-0.11334722167508171,0
380,67,0,4,0.8900935228779864,0.5933894486087467,0.6453920183856757,0.0,0.15809417725595853,0.23704869690513153,0
381,42,0,8,0.9333156916679982,0.6288856049329157,0.8392881458187701,0.0,0.4431002017077875,0.18301979212949593,0
382,36,1,2,0.6249022240544865,0.43206657564292394,0.6369112357079083,0.0,0.14941670390929418,-0.26938948463906076,0
383,41,1,8,0.9247888739194507,0.6784542707476566,0.6316439446803989,0.5,0.040849089515991865,0.1319933199872585,0
384,76,0,6,0.9183248988188454,0.7042078328145313,0.7077884085144887,0.75,0.37031301592300236,0.254981604814309,0
385,59,0,8,0.9837295342099681,0.382384876348642,0.9081346356772279,0.25,0.47638600074987736,0.053816344127944116,0
386,59,0,4,0.7474928515315484,0.6541194783079309,0.6779564964562602,0.0,0.10222514077946632,0.08363523725403266,0
387,72,0,6,0.7215200312571787,0.5286759272274808,0.7814159957602611,0.25,0.17170425739661588,0.05820171981098221,0
388,72,1,3,0.6684777323957809,0.4780030838388062,0.47236744769553046,0.5,0.15779881405846824,-0.08912827472074525,0
389,84,1,5,0.7718731318228592,0.5513652985524745,0.7319163265785752,0.75,0.13024267937029532,-0.00042707517659346106,0
390,33,1,2,0.9853429818070655,0.719575502857733,0.5174652250205635,0.5,0.16993310151914187,0.36418612335076117,0
391,57,0,3,0.7305741882394318,0.6563917267733443,0.87761273516914,0.0,0.35881114972935013,0.011196648821145905,0
392,55,1,8,0.8111797437566683,0.4916263700028079,0.8064862639567765,0.0,0.31978650416576726,0.08718755845544379,0
393,81,1,5,0.8705978998094419,0.5099214118161319,0.526254444260798,0.5,-0.1284945328052992,0.22565129124909156,0
394,36,1,4,0.8998585417416933,0.6379611302445874,0.1329243098346769,0.0,-0.358469499945654,-0.06244522772359984,0
395,44,1,2,0.794398591271398,0.5661713634127349,0.7633191909817206,0.0,0.37089859000830716,0.16875809489197757,0
396,80,0,4,0.7820507751011706,0.6477175033936114,0.48893132052868143,0.25,0.2585590193834991,-0.05104494586254882,0
397,82,1,6,0.9272020215483701,0.6730727120692324,0.587861596591009,1.0,0.3992062223086249,0.31182773750848025,1
398,81,1,3,0.6438943849892804,0.6988590260362095,0.3959754218877797,0.0,-0.000746707857646467,-0.07305599074865088,0
399,64,0,3,0.89757996042402,0.4044680183473801,0.7445711919469999,0.0,0.2762343333235718,-0.03435398121858524,0
400,57,1,8,1.1238175292116812,0.6772116848865017,0.8872182713843515,0.0,0.19366941731114606,0.3972569318425061,0
401,63,0,8,0.7844339166338533,0.5594299724149806,0.7638529304076062,0.25,0.2929149850072686,0.06033929313038833,0
402,62,1,8,0.8719605951483548,0.5901743190990398,0.6856420265331358,0.25,-0.09562882690453178,-0.10693828555803742,0
403,31,0,6,0.7216002531388774,0.5538157576635035,0.6186910592365175,1.0,0.2284496042775137,-0.0681279639529151,0
404,37,1,3,0.8885367584977465,0.8395851838670011,0.48066822251716823,0.5,-0.17177968211314887,0.018835704138199016,0
405,33,1,4,0.9560068190997536,0.6562947657837411,0.4434334648637999,0.5,-0.41475129480703893,0.2266240747560745,0
406,51,0,7,0.8097609647782555,0.5483128078425675,0.8779531247965889,0.0,0.42438452361564843,0.2841287642128545,0
407,53,0,5,0.7041576066037284,0.5678624267935631,0.5261776066006614,0.25,0.3370114791141343,-0.06737209392213261,0
408,67,1,3,0.9039155798050379,0.5727226982000568,0.38780708254081797,0.0,-0.035961373078360226,0.20391557980503794,0
409,79,1,3,0.8397914690882452,0.6448659415612034,0.72826548894332,0.0,0.4377151286389227,-0.04855812165633189,0
410,50,1,3,0.7989623011164262,0.5806247042871976,0.23291320808875599,0.0,-0.24828762391745518,-0.04126133127159415,0
411,38,0,3,0.6488063580162315,0.6864901696376299,0.6242112677953575,0.0,0.2319366853288486,-0.10122051574326307,0
412,74,0,2,0.8950152942825913,0.583828013804487,0.4928202598393527,0.5,-0.04591897143665741,0.13222786731520597,0
413,42,0,4,0.7418397815858063,0.6980847347358963,0.7226614822186157,0.0,0.018721303879160933,0.10327323756608564,0
414,70,1,3,0.8176378845846811,0.6856352717379712,0.763374413870951,0.5,0.20658918109333924,-0.2165799205343647,1
415,74,1,5,0.947613115430607,0.620205655937901,0.7100188049368111,1.0,0.45811742299974323,0.45535999909927066,1
416,79,0,4,0.9898993610007107,0.5505376961564393,0.4997788773345082,0.0,-0.03343540570688819,0.13376626851490214,0
417,50,1,8,0.9194519269068542,0.6566370618990611,0.7139017671759447,0.0,0.1546430202038519,0.024249369533364984,0
418,78,1,2,0.7743784119609439,0.4944114445849415,0.520728917127677,0.25,-0.03638338043191447,0.07865091266417079,0
419,56,1,7,0.8087179274165218,0.6453793318138102,0.88475825974255,0.0,0.3051520760884019,-0.0552390524174623,0
420,72,1,7,0.9466748177055294,0.5268633923853181,0.6341578999606899,1.0,0.08062193476256918,0.031317897634479674,0
421,49,1,2,0.7502408744348117,0.6651969464035841,0.37562728832763087,0.75,-0.004694186272090617,-0.11105122283719737,0
422,45,1,4,0.80066470926751,0.4074909474850763,0.7957908062229424,0.75,0.20713011665722292,0.180070333668227,0
423,72,1,3,0.7949529927211647,0.6111548590833353,0.6597899255367661,0.25,0.21146588150170043,-0.03769932188163205,0
424,58,1,5,0.8352452476390382,0.6867105941600056,0.5320320263026491,0.25,-0.1980246021678458,0.17418476787521775,0
425,37,1,8,0.9209466485553505,0.5142490247452284,0.6365737771212938,0.0,0.33395918269241015,0.18969781561816268,0
426,72,1,3,0.771238567957386,0.7442032707786865,0.6773274289860403,0.5,-0.03210861065529935,0.14721134694866278,1
427,52,0,2,0.6846416107344118,0.6621348389435326,0.7231155484989039,0.5,0.011164065438588833,-0.06281283227558276,0
428,72,1,4,0.6963622866560425,0.7,0.6358894552137963,0.0,0.332405025326533,0.03599684861463881,0
429,82,1,6,0.7559927654251257,0.6410728030533263,0.7923000282081225,0.0,0.09230002820812255,0.0361267885533747,0
430,69,0,6,0.8318323009670309,0.6137211498271289,0.6889165698435619,0.0,0.28713985445550494,0.05557273478785818,0
431,71,1,6,0.9633057808302178,0.6021371535356363,0.9442087056574493,0.75,0.6710453753976723,0.1783067088475322,1
432,82,1,6,0.7849904493987413,0.5581782793049573,0.8329755799213091,1.0,0.026469074939875714,0.06363206278910816,0
433,40,0,8,0.8676112096333563,0.7353394645796871,0.9873905686633241,0.25,0.16460296271080832,0.28741506529689376,0
434,74,0,6,0.8821772928171842,0.5383504357599405,0.6991612843317931,0.0,0.3537702549622933,0.025704484049489107,0
435,62,0,6,1.0961459462822807,0.5182077162609494,0.5138486173199598,0.5,-0.35909646408471074,0.15866340515749322,0
436,46,1,6,0.8910896296921987,0.5919889721034763,0.637908123747522,0.0,0.3971090249709277,0.07069168125155845,0
437,55,0,8,0.9816683490290774,0.5432204149662143,0.7,0.5,0.36515898008973563,0.28166834902907745,0
438,80,0,7,0.7349830552234132,0.5856928829231864,1.0382705532976566,0.75,0.5983455605085957,-0.11406669651535695,1
439,78,0,6,0.773921024984712,0.6580280527686839,0.6367357459821809,0.0,-0.04389468873878133,-0.28829143157378423,0
440,81,1,5,0.7,0.5506363097747075,1.0869382455496965,0.5,0.620905486825758,-0.06585530427878894,1
441,43,1,2,0.673027802536915,0.653526337159334,0.396588413340284,0.0,-0.16693584616116147,0.0816589081464516,0
442,45,1,6,1.1300165843076309,0.6603508171552293,0.6420193989960582,0.75,0.11877375603739626,0.31775135824396816,0
443,44,1,3,0.8900857658170119,0.5621971736521626,0.6795476098600697,0.25,0.06341469609251948,0.14595909417020225,0
444,71,1,5,0.6960898751304512,0.5784401437650041,0.6996046489663552,0.5,0.35466085463500324,-0.19310660486652653,0
445,36,1,5,0.8196394891582502,0.6280188185216802,0.8088957381716992,0.25,0.10889573817169929,-0.08837716751585334,0
446,50,0,3,0.7018559417982363,0.5267709378780074,0.5072339826605253,0.75,-0.12380491655207482,0.17363769293334663,0
447,48,1,8,0.9889570344319654,0.6343668946362127,0.7326621905040521,0.5,0.46012035589300554,0.26577836151384815,0
448,36,1,8,0.7660960068548707,0.7162965976454315,0.8848497400030558,0.0,0.4568278244406875,-0.006010060688740548,0
449,39,1,3,0.9612768133391042,0.7093061777408947,0.3598228697765936,0.0,0.23204004737743344,0.15877606892233986,0
450,58,1,5,0.9847149047045208,0.49982857649063617,0.5695751620279569,0.0,0.42024184231076456,0.3044644923342136,0
451,35,1,8,0.9651118515167483,0.6752401167521432,0.6397640349960942,0.75,0.1523201360948348,0.4188356343382087,0
452,60,0,7,0.8804370491906132,0.5636504056801956,0.8003331086752989,1.0,0.09167866995617857,0.10361419768562874,0
453,65,0,7,1.0329930882235427,0.46128094450591306,0.8637545212429403,0.0,0.3339425402947278,0.3245554510627231,0
454,59,1,4,0.693457215703441,0.5470945956021304,0.48216202469493424,0.25,0.07668105304031947,-0.11385344264291952,0
455,45,1,7,0.8247760020648301,0.4662187994225542,0.7442808454566617,1.0,0.2476649486056272,0.11445504154998998,0
456,35,0,6,0.8134650374622124,0.6855351567363036,0.5713773628751111,0.0,0.23032863701873546,0.0399576233209723,0
457,31,1,4,0.9728069842071204,0.514494023031601,0.6848242762535152,0.0,0.4286650497834623,0.18353059142605022,0
458,77,0,6,0.8459000042931697,0.5276702747132508,0.49862847092418694,0.25,-0.11910896030932017,0.25241261321470754,0
459,58,1,5,0.7019564474487104,0.585957215742309,0.4539713707887781,0.25,-0.082513897773353,-0.15281148051114157,0
460,83,0,3,0.7810010438546487,0.5707722349504464,0.4122713593238716,0.75,-0.1389328044324225,-0.04970219127195141,1
461,48,1,8,0.9694768275977562,0.7,0.9529563509582041,0.0,0.22366960922924317,0.4055999694357546,0
462,74,1,7,0.8443880763494491,0.6724153178060434,0.779562112363278,0.0,0.2923923334421521,0.13354017242159477,0
463,84,0,3,0.699075849131195,0.7356727220384172,0.5143342012388958,0.0,0.2078867665334988,-0.17427923113974075,0
464,67,0,2,0.8680107768708413,0.6967191781048974,0.12727491049123962,0.0,-0.031127004435195588,0.30103302927030506,0
465,61,1,6,0.7952710872746043,0.6682871857330603,0.7,0.75,0.3331080230332227,0.11683907599218113,0
466,83,1,7,0.8972951734326897,0.5979995128845011,0.7,0.0,0.33780457618662896,0.11614369582881523,1
467,55,0,2,0.6710047176090511,0.5274385750123719,0.7190105972526915,0.0,0.2450258802731653,-0.13414434098827666,0
468,64,0,3,0.7632168456488556,0.5796273896814939,0.605349604053643,0.25,0.18830744322781928,0.09346546788915222,0
469,48,0,5,0.8236208233132902,0.4907536189462132,0.8440425333043271,0.5,0.5095337838020098,0.10835316619106139,0
470,41,0,2,0.8469798294234633,0.5494913661797706,0.4048348407970509,0.0,-0.0005306056005168203,0.11708156399795255,0
471,36,1,2,0.824161705743756,0.5289104845427876,0.49452959456827633,0.0,0.18569338883783437,-0.1334521990607862,0
472,42,0,3,0.5810885703915507,0.6689278042197518,0.612569595905707,0.5,0.24724937016439807,-0.14532817352188487,0
473,38,1,3,0.5968116158387575,0.7048760675553772,0.4346363939710853,0.0,-0.0768665273241716,-0.3195415140109412,0
474,65,0,8,0.9126337587456353,0.6479418273826859,0.5984907808240837,0.0,0.38615868984906276,0.22936668126281157,0
475,65,1,2,0.7686873137647897,0.6504882164854621,0.7860705696406789,0.25,0.5699297479072792,0.32534636116594606,1
476,45,0,4,0.7,0.47985322974463357,0.43356392357949464,0.75,0.17555345664834482,0.18180596561674,0
477,43,0,4,0.7705332603995029,0.6564495701372078,0.6149488596618807,0.0,-0.037099881986740524,0.016158132757272625,0
478,50,0,6,0.7595872250863757,0.5606814268788854,0.5199303313374357,0.5,0.025040656994735233,0.24901681505329398,0
479,63,0,5,0.6108056607819402,0.4898346182247391,0.6273314267518537,0.0,0.13225064663570135,-0.12517653352379876,0
480,69,0,2,0.6767567660158206,0.6262155643352351,0.5684618911680821,0.0,0.3655162617108408,-0.09515079286762052,1
481,57,1,7,0.8373144452297728,0.7116643735052566,0.7,0.25,-0.013539431937265811,0.24448228215388867,0
482,47,1,6,0.7,0.4414495095503558,0.6517773557548256,0.0,0.07692845835690887,0.08039634266623374,0
483,33,0,2,0.6637608281338327,0.5595522332760176,0.16983294652062603,0.0,-0.3212028528756338,-0.2703149933507508,0
484,76,1,8,1.1176266497446496,0.5096064505388873,0.528335414711372,0.75,0.016116873113844687,0.3934948029549237,1
485,39,0,3,0.9397795373522071,0.6753930257471285,0.49605638841307065,0.0,-0.011118468311404506,0.13968589322291114,0
486,65,1,5,0.810570313531394,0.6738223041374775,0.6019902312935297,0.25,-0.13445444307457477,0.09707385517713751,0
487,80,1,3,0.8099579811250147,0.6687832679241259,0.8097621495463083,0.5,0.1076444352072301,-0.20772440040241447,0
488,67,0,4,0.7,0.5977901076934206,0.658709547433438,0.25,0.04761330893839322,0.001566326691899822,0
489,49,1,3,0.7760428122714569,0.5683842749563978,0.46436892333694585,0.0,0.16251212375747542,0.002221876115730881,0
490,44,0,3,0.7252684247465898,0.6229800736427915,0.7606800460903812,0.0,0.4334031355064292,-0.12801382581764587,0
491,70,0,7,0.7221128494726868,0.5197702212446167,0.7285683772324105,0.0,0.4340736856747767,-0.14615221141647694,0
492,61,0,2,0.6429732749186853,0.4551335643315958,0.2383712166107685,0.0,-0.22548162007004502,-0.039465021691794555,0
493,74,0,3,0.7103904490886515,0.6468117553109465,0.6287265208293318,0.25,0.11347517274664931,-0.005153968163764011,0
494,39,1,5,0.7078460664637819,0.5381152057801851,0.46343071029747424,0.75,0.019409551691440263,0.006743136949130091,0
495,80,1,3,0.7716818798605629,0.7413869088989373,0.5504895778061619,0.0,-0.0021061745082593397,0.07486812295188638,0
496,30,0,8,0.8400968866309161,0.5805690733056192,0.6335742177214279,0.25,0.38547408930643245,0.05889726948219898,0
497,61,0,6,0.7568589322122535,0.6317744968331259,0.7841446802995118,0.0,0.38327438975845884,0.05532680151598324,0
498,31,1,8,0.918592840038405,0.7044374354102664,0.6434961122959035,0.0,0.28272352606131723,0.25070662440949,0
499,81,1,3,0.7928735658939113,0.714021991770496,0.8526527015720056,0.0,0.21602635424864836,0.057482036347946464,1
500,63,0,7,0.8955678922441592,0.5250509687149431,0.6528295184677109,0.25,0.12870009005890604,0.15972437342376355,0
501,72,0,2,0.6734627914314079,0.6366238549358303,0.7055904118341563,0.75,0.37535903717588165,-0.0883454085863764,0
502,83,0,8,0.7721614307972635,0.5633056583609133,0.5569350947184494,0.0,0.26271013194246745,0.005094406713697652,1
503,74,1,4,0.6089903039445883,0.5983936333089419,0.5706954865402825,0.0,0.10813699809755978,-0.14321999839779653,1
504,55,1,8,0.9089893063381758,0.4960896261006289,0.8130438105555815,0.0,0.16257035876665737,-0.0216393363905939,0
505,70,0,7,0.8447570875467706,0.5559190427905565,0.6419314598352042,0.0,-0.014884536356508216,0.42871233942795706,0
506,52,0,2,0.9808711331571383,0.5807529798265098,0.6796003009467919,0.25,0.457862471574783,0.10092885973526422,0
507,34,0,3,0.9300961845457105,0.6592317263558334,0.7023485591072998,0.0,0.06884339943637086,0.2849796864077042,0
508,74,1,5,0.756992202428264,0.5266331083495615,0.7617560191382896,0.25,0.4195329252084056,-0.08386271785874255,0
509,35,0,8,0.7,0.5585388835775763,0.5385560958728954,0.0,-0.16144390412710452,-0.06963069372395314,0
510,37,0,5,0.8884107850075087,0.5754807484284009,0.7,0.5,0.24405174168654098,0.33380127073332955,0
511,60,0,8,1.0818377112309332,0.6084251968068992,0.6044056192162323,0.0,-0.019454247617128884,0.41817439735148565,0
512,48,1,5,0.9508196651495683,0.5510980454141948,0.8707114092591716,0.0,0.20967655076336356,0.17189053569317292,0
513,76,1,4,0.969893259369396,0.6893696721685025,0.5815631447671963,0.0,0.013387253726504178,0.08132605300117168,0
514,49,0,7,1.0126201216841648,0.6877151046178915,0.7,0.75,0.028736749155479413,0.4435684052874873,0
515,83,1,3,0.8457360963668272,0.6962602602759712,0.6910157077164959,1.0,0.24067270532320095,0.06710816122977803,1
516,69,1,4,0.8741644739563438,0.564380114043751,0.46203581593900306,0.0,-0.05161990126185728,0.24328355581053362,0
517,56,0,6,0.9481742460586088,0.5337034455845756,0.5576134279718507,0.0,0.009046714714390225,0.2552130561804715,0
518,54,1,2,0.7163419666032641,0.60154449864508,0.36942765084054424,0.25,0.018417982309342606,-0.08972973440079957,0
519,56,0,8,0.9353659230949737,0.5442087652729759,0.8000446674883687,0.5,0.4093655819247566,0.25859980047231657,0
520,40,0,6,0.881723431354982,0.44865710678862036,0.5692249007827969,0.0,-0.20115363700441036,-0.026129394832013375,0
521,83,1,6,0.8293696204531505,0.7201140958032108,0.9311561609545972,0.0,0.3496812359819942,-0.026151965190100657,1
522,77,1,2,0.9542146087775183,0.7157646142040726,0.6507641319586284,0.25,0.12070802357264787,0.3967911260852859,0
523,75,1,5,0.70909262195373,0.7941050423062915,0.6615633254649403,0.0,0.4000651077361661,-0.0716207032956716,1
524,57,1,5,0.9742359961421951,0.6328037753301446,0.7545793196356975,0.0,0.3690827968081152,0.33510972995828403,0
525,32,1,3,0.5743110160135904,0.6793843138841347,0.5157677422192175,0.0,0.1567411456145592,-0.1850505529210803,0
526,67,0,2,0.6993991931230776,0.6855984818353851,0.6143408905714552,0.5,0.42039118808803183,-0.016568613613464733,0
527,44,0,8,0.8925931635047886,0.5201675816077638,0.848673219079343,0.25,0.4504985637484305,0.05792707381846374,0
528,39,1,2,0.6618482929304141,0.5802912416363857,0.23933970809556507,0.0,-0.21142559494332694,-0.20684739240781802,0
529,66,0,4,0.7563135092131182,0.6021078520918568,0.448228209467441,0.5,-0.11694812724283044,0.012625964278598745,0
530,73,1,3,0.8101217600139088,0.6370012348928669,0.5086414417852942,0.0,0.00794912978595641,0.09340627034758375,0
531,63,0,3,0.748744229649862,0.49712006073222215,0.37867296084772695,0.25,-0.1666525485502547,-0.14211681279414234,0
532,72,1,8,1.1022755430350892,0.598680189881955,0.7995872937082092,0.0,0.09958729370820929,0.3020897336431456,0
533,82,1,8,0.9908330544811712,0.5836580053375819,1.0261850208753276,0.5,0.28916654632819216,0.2236022754236321,1
534,32,0,6,0.8214731951983465,0.5520169439979609,0.3772121970392602,0.0,-0.09867183384494349,0.27258791170224816,0
535,81,0,7,0.7742744425072037,0.6228779354939439,0.6861107136043552,0.0,0.39015949452229787,-0.031952733382629384,0
536,54,1,7,0.8433885996441002,0.6020767704538784,0.7353771263667196,0.25,0.35482331087238106,0.09203425286486189,0
537,66,0,2,0.660385301578478,0.5484562580622643,0.7593814084260023,0.0,0.05938140842600237,-0.07323746930603836,0
538,73,0,5,0.7555745438607931,0.671463507853966,0.6229247119692929,0.0,0.22214017477936798,-0.1422995156805067,0
539,31,1,7,0.8743419275331711,0.4231261072476719,1.015268179506575,0.75,0.4169638344369607,0.20675236344942838,0
540,66,1,8,0.9969095271284475,0.5092714288750121,0.6548858784640468,0.0,0.34116490473229344,0.12755861566816085,0
541,64,1,6,0.7238405178372065,0.6474748386510681,0.5688462324258176,0.0,-0.22589564913423077,0.0541321290537321,0
542,54,1,7,1.1501735424349473,0.49615902839555615,0.7354631848367509,0.0,0.3671479191922076,0.3016645198946545,0
543,41,0,3,0.9802235614468379,0.6559647055186256,0.6717080505643171,0.5,0.014639361386871497,0.1859935605894668,0
544,41,0,3,0.8947526812630627,0.6121875579733141,0.9201640087740302,0.0,0.48760367238615565,0.16360867080968844,0
545,40,0,8,0.8036289386327737,0.5598939261696388,1.0761017223134342,1.0,0.7091122762549055,0.13915939339771988,0
546,64,0,6,0.8829429075741411,0.7657405848286589,0.635693347149473,0.0,0.2021858149587873,0.16910653232908557,0
547,60,1,3,0.7,0.657610384908866,0.5938311349409333,0.75,0.486325491138548,0.12440133577720125,0
548,47,1,5,0.8704909131068318,0.624208183593005,0.5461875565137839,0.0,0.160553780301665,0.2374705709885877,0
549,42,0,4,0.4605835266339281,0.4941519060198689,0.7158226845180791,0.25,0.32098953549023557,-0.2860195506499831,0
550,58,1,8,1.011136360699055,0.708861912750684,0.8602057199991666,0.0,0.5764378445506644,0.4554057643357574,0
551,74,0,4,0.8770181424935081,0.6901447444596617,0.6362414342039916,0.0,0.2221833072411375,0.3447518265650139,0
552,82,0,8,0.689578616910053,0.5411913273208511,0.911832696620825,0.0,0.14499784501748436,0.053199254316567135,0
553,73,1,5,0.9356675473169201,0.6548857757833935,0.7132481456913354,0.0,0.5311536307661493,0.23078792616447696,0
554,78,1,2,0.7375007036555707,0.6394688036366378,0.4950813102195169,0.75,0.010775310606783495,-0.03201193775043387,0
555,51,1,5,1.1015082570002381,0.5571463403623637,0.5544146964660778,0.75,-0.09284339075523385,0.09347096180049297,0
556,47,0,5,0.5706732803180875,0.5634172920878626,0.7941369486263188,0.5,0.4255855652045311,-0.2206997163929879,0
557,36,1,7,0.8956132798640339,0.5232785012893504,0.7424228371394184,1.0,0.47873854990879533,0.1536591830041616,0
558,51,0,8,1.0273857948437768,0.5969293775682722,0.8891345059418934,0.0,0.5184688260244332,0.27156109806506046,0
559,75,0,8,1.0961177224016967,0.5980884721752517,0.9711932155681008,0.5,0.4382795195854867,0.18431266860113116,1
560,41,1,3,0.8005015912730987,0.7841924409571022,0.47510515365192946,0.0,-0.11361510555519166,0.07267199939039093,0
561,46,1,8,1.003738493169496,0.6856062137608014,0.8319025425036466,0.0,0.6562307145828102,0.30952925489326233,0
562,51,0,6,0.7786781520652047,0.38016412483193224,0.48718982634310565,0.0,0.12546580939973284,-0.00435169044299899,0
563,76,1,3,0.7455383972087357,0.5926863274072217,0.6816410101865711,0.5,0.3590562788126773,0.009677963319926208,0
564,83,0,7,0.7240874618428919,0.7,0.5926899661089272,0.5,0.3125884460665789,-0.09449622178519723,0
565,73,1,6,0.7577479805727169,0.6438672419051628,0.79723078735904,0.5,0.2377777912534701,-0.13576504831952008,0
566,67,0,3,0.6110975689182252,0.5650082798624516,0.46487981242072407,0.0,0.08654783943696404,-0.24127566281574353,0
567,73,0,2,0.7,0.5464881959489031,0.6190749319026972,1.0,0.22813136518863825,0.08236557369716158,0
568,32,1,5,0.8490998461773275,0.5964501863938471,0.4193031307149674,0.0,-0.04485455745143252,0.13787683075324386,0
569,63,0,5,0.929913970013777,0.7524210679231884,0.6496727258664897,0.0,0.17478967992325517,0.19014294471477844,0
570,54,1,8,1.1681019477436225,0.6604670708973609,0.749511470866621,0.5,0.5887732170117668,0.2050975052083266,0
571,68,0,6,0.866210598826081,0.7178254287180494,0.6684135266405408,0.0,0.27005813282668517,0.15485203530016955,0
572,82,1,3,0.9163179266377313,0.5745486708672256,0.7,0.25,0.22389321027093578,0.14840606539053558,0
573,77,0,6,0.8195631455328997,0.5333052413948891,0.7401366331509526,0.0,0.186773896217574,-0.0723842471324514,0
574,35,1,7,1.0965430785550365,0.6048417069894907,0.7911337657587457,0.25,0.09113376575874577,0.5093284848294212,0
575,41,0,7,0.9256720850385105,0.6067310533018984,0.772007208538782,0.5,0.4144365292887158,0.28768862404951545,0
576,49,1,6,0.749474335015353,0.611085595834056,0.5038844674212014,0.75,0.030414706356295507,0.12800299983992813,0
577,69,1,6,0.6949788078987027,0.5180460653590552,0.46135688148800374,0.25,0.1364147311503754,0.0882259572117936,0
578,53,0,6,0.7299158275864541,0.665730286897777,1.0187812311906517,0.0,0.23378346012371054,-0.15542137000841572,0
579,69,1,7,0.8868071167339499,0.6055575756795578,0.6187928287107312,0.5,-0.03384838377870991,0.14345831446448565,0
580,75,0,8,0.9793743955669311,0.598440710270221,0.7254886160578736,0.0,0.1513385116898449,0.19466161023663275,0
581,60,1,5,0.8688506080677791,0.656891831438622,0.7069836053400564,0.25,0.35056491955364305,-0.06333482215388242,0
582,42,0,7,0.8837079173402828,0.4474613521489338,0.4164035956559408,0.0,0.06044823981570446,-0.053213595278386316,0
583,80,1,5,0.8724072556950747,0.5837525281621854,0.574096666078299,0.0,-0.2822124924761146,0.0614130343851127,0
584,82,1,5,0.6652621959446318,0.6443305736282156,0.6434951436201819,0.0,0.058421085509283155,0.13080592658477785,0
585,39,1,7,0.8342198051458324,0.48074413019124007,0.759965755822193,0.25,0.8311156932856237,0.14262251463546305,0
586,66,0,6,0.7348032977027151,0.6149047156177145,0.48255527398298226,0.0,-0.12154594133735575,0.020507138425515103,0
587,43,0,6,0.9635943938940693,0.6607957768202886,0.7357109644439122,0.0,0.2300522980024412,0.23716884778280545,0
588,64,1,4,0.8709815325383606,0.5484128903980748,0.587654791246287,0.25,0.19007914362758477,0.11429903516857343,0
589,76,0,7,0.8196151005258772,0.42437802393285223,1.0253630079438254,1.0,0.625582390653989,-0.12388463150680373,0
590,41,0,6,0.8555290945403058,0.5393012704022272,0.5773291795169702,1.0,0.11369307606552898,0.225532051383047,0
591,31,0,8,0.9701337872715424,0.47863564343384923,1.1064391526391788,0.0,0.6868521044363831,0.26047137909112383,0
592,33,1,4,0.830053991906997,0.6499036357840793,0.6803814863167351,0.25,0.10168688927467695,0.15785493400427641,0
593,43,1,4,0.8541898808980324,0.5489089243338476,0.8098568088896694,0.25,0.1700237025052408,-0.013865129336352422,0
594,45,0,7,0.8396254108457025,0.5065733402818152,0.8335570594655853,0.5,0.36496407233701544,0.14029621745227083,0
595,51,0,5,0.8297655201359064,0.4986385436426201,0.5585406959435306,0.25,0.3752711117162423,0.006859913299594567,0
596,62,1,2,0.9703096330851799,0.6334285064517617,0.653467808914037,0.75,0.12606346272481228,0.1254326430186593,0
597,56,1,3,0.7408806035673166,0.6006459064348949,0.5062358026663722,0.5,-0.1508726449940374,0.127750022305943,0
598,34,0,7,0.6862886840984825,0.538181334033435,0.8111022927719802,0.0,0.03123764525979178,0.13194126252649074,0
599,79,1,5,0.8747528586208668,0.4837124009591993,0.17125427640865296,0.0,-0.1654906768892708,0.15239676791425372,0
600,61,0,5,0.8284615266108325,0.5639786814326682,0.5232848524654398,0.0,0.16857046194500902,0.06911763231173951,0
601,45,1,8,0.8445928768767438,0.637308579403748,0.8023880422555875,1.0,0.2885297930025177,0.16422201837807682,0
602,66,1,3,0.6451392825001794,0.6178300773138966,0.3413110122236677,0.0,-0.30844868990722435,0.01994990094680571,0
603,47,1,2,0.7271201213172123,0.5563841090323428,0.3893645934673595,0.0,0.044891405578895816,-0.1837878220260445,0
604,64,0,5,0.7136382360863759,0.49481298661371087,0.9346100004904082,0.75,0.18237033231531286,-0.08919539696939882,0
605,33,0,6,0.8764387950029102,0.5584686816643796,0.9232260871001156,0.5,0.4357556561971435,0.12412771892077512,0
606,34,1,7,0.7074154543641439,0.5636756188575608,0.7270049863615156,0.5,0.21690646217150567,0.16141779263178524,0
607,64,0,8,0.9353860737213745,0.49424712041525537,0.6283701071312008,0.0,0.3757785841783042,0.4952331742129907,0
608,47,1,7,0.8435748564439107,0.44819324721979337,0.7585065108946797,0.0,0.4771482953386845,-0.015513812702346641,0
609,40,1,2,0.7064174347287511,0.5683708967294753,0.22177571352635111,0.0,0.021360309318485204,0.08353831720173033,0
610,82,0,2,0.5035455498195318,0.6637040676652828,0.5572403750485012,0.5,-0.016478518716426582,-0.09442555473348224,0
611,31,1,2,0.6493154316051887,0.5090352189841365,0.3832889293101118,0.0,0.0553852845413661,-0.11322295338749389,0
612,40,1,8,0.8775799139889635,0.4215627361220986,0.8760784853552206,0.75,0.5500112541105061,0.25863430315565106,0
613,60,0,6,0.8531609546496922,0.7,0.7507198359274267,0.5,0.21205374203249172,0.15864816466139953,0
614,75,1,2,0.6816975708905167,0.6337229058436238,0.5260942761358893,0.0,0.051015767188645755,0.10021554089405704,0
615,30,0,3,0.7875153133237148,0.6104774416793728,0.3384511315888898,1.0,0.2377420416388002,-0.07057962755968139,0
616,72,1,3,0.8159872656565951,0.47265560216412,0.4308162229872454,0.5,-0.06610469313719586,-0.0451030419878391,0
617,48,0,4,0.8588639898967776,0.5847280645041891,0.4523565074577626,0.5,0.024309001942997954,-0.06925190101342049,0
618,73,1,4,0.8546177783216562,0.6230969481532875,0.4160628768113297,0.5,-0.4865027173698584,0.1851480417782403,0
619,42,0,4,0.7954215473471506,0.5379998143658273,0.5729772227409923,0.75,0.08953130555783662,0.04034482643128268,0
620,38,1,6,0.7771851011944853,0.6044642423917096,0.6818320158722844,0.75,-0.03642579456315431,-0.139470911239864,0
621,37,1,2,0.7,0.7282086155924324,0.2606282532817669,0.75,-0.16976255986188038,0.0712796390656627,0
622,83,1,6,0.7062760778949785,0.492533300174653,0.795792823556086,0.0,0.2728649512362814,-0.04553348283254899,1
623,66,0,2,0.8878575640910532,0.4680528684420838,0.5360083175872291,0.0,-0.1122197450979261,0.22723150610511134,0
624,30,0,3,1.0185615858497965,0.609515380444072,0.8725543693582982,0.0,0.5632111432470377,0.4017423245621854,0
625,71,1,4,0.8402037357439156,0.674332872345921,0.6592399877884882,0.0,0.002233999604644543,-0.009199699158946029,0
626,63,0,4,0.7,0.5872526316567397,0.7845986363363355,1.0,0.5324950685255598,-0.019236597812094858,0
627,43,1,8,1.018244597616154,0.613665888664025,0.6809849201699038,0.25,0.37565988609485307,0.3843633690107766,0
628,46,1,5,0.7936430498937032,0.5768131917531243,0.7130931170011702,0.0,0.17374341823484152,-0.17941326637595856,0
629,67,0,6,1.0024059155698004,0.5576411284951132,0.7986477222047064,0.5,0.2970918211615713,0.13316269370314537,0
630,43,1,6,0.9063169350903874,0.5328795755485869,0.7317868959871835,1.0,0.251838765746395,0.0979157327620811,0
631,73,0,7,0.8220077670843632,0.5471131234061919,0.76260917493291,0.75,0.5261222087193177,0.07009797151828279,0
632,64,0,7,0.8505812126188828,0.6395188088251857,0.6834366006233701,0.25,0.3729462133677257,0.24773238300031442,0
633,75,0,5,0.8178090607936868,0.5146976287911831,0.3638864546912456,0.25,-0.32901581060495444,0.11899175456449795,0
634,65,0,4,0.8272357000785837,0.5155905200181546,0.41124615750043697,0.25,0.0799763832821101,0.18975496970840755,0
635,82,0,6,0.9286003761543341,0.6567452417909091,0.648397056726003,0.5,-0.08545354380571557,0.145374531187484,1
636,83,1,6,0.9249489401999645,0.7,0.841363259103448,0.0,0.33442833201216493,0.3183339445004595,0
637,72,0,3,0.7965692745446046,0.5648504389837042,0.6266014643629673,0.25,0.2616429359045641,0.032315865728269166,1
638,61,1,2,1.0533151619552799,0.6135546889242964,0.4074847151854533,0.0,-0.17022523216397395,0.3819850044946732,0
639,61,0,7,0.9593318329718098,0.5146118100671319,0.5961676315858598,0.5,-0.003991296630999175,0.012838455065884102,0
640,40,1,4,0.9208917529159473,0.7152023399758147,0.373024640436738,0.0,-0.17177122724884686,0.2554808390530381,0
641,66,1,7,0.8097576609673852,0.5120268896871497,0.858197187365663,1.0,0.43162992716233883,-0.004744270026606046,1
642,70,1,5,0.8034974863844537,0.526946428542751,0.601968451599393,0.75,0.12897449689762053,-0.057964663141573225,1
643,71,0,4,0.6689597791931305,0.6738952690487081,0.8033345529273688,0.75,0.5526675534804049,-0.25395578936565244,1
644,39,0,8,0.7047643373751578,0.6450572064365544,0.8980690398476935,1.0,0.44323061815536785,-0.11358198504861927,0
645,66,1,8,0.7473661901605451,0.6632156739708447,0.995375808862569,1.0,0.38035690878650164,0.11271721525209066,0
646,42,1,4,0.8284625074648199,0.5506590671656663,0.5552638588485457,1.0,-0.030722331232381883,-0.13066856461457121,0
647,45,1,2,0.8817214225842926,0.5567679593800051,0.37243305498906987,0.75,-0.054198799843843404,0.13069690876279239,0
648,36,1,7,0.9129826198704591,0.5856758153787132,0.7967213670516629,1.0,0.4433901209919166,0.3468492343392965,0
649,47,1,3,0.8335746419422537,0.6698113086349125,0.5489964372699474,0.0,0.18107291656718466,0.03803412176813015,0
650,53,0,5,0.8216592860025175,0.591369005559095,0.5424299941575096,0.0,-0.06311261127561596,0.10915824774327354,0
651,68,1,5,0.8755578431337625,0.6355258685902313,0.5545532502495626,0.75,-0.011523228583340428,0.35359394326384663,0
652,44,0,6,0.9916514028697523,0.6008440757559368,0.5602845124814475,0.0,0.005911845506114233,0.17454800398471237,0
653,71,1,5,0.9174013070397024,0.6537808606415696,0.40888561240322535,0.5,-0.20332064882304385,0.25832398531128575,0
654,43,1,6,0.9258384559808732,0.5848914947598294,0.6194021399634361,0.25,0.16223334498265357,-0.08600480354080742,0
655,80,1,7,1.0686519697083743,0.503980183711695,0.65662927005319,0.0,-0.17151816083179872,0.27301575341499484,0
656,70,0,6,0.8032486755359624,0.6423957035093147,0.7708064670270066,0.5,0.2597092444556035,0.0016460266379418886,0
657,70,0,2,0.7198943231280818,0.6650557495779427,0.34086595976634654,0.0,-0.16705002421999132,0.06951401780232114,0
658,38,1,8,0.8328472372679147,0.6329420095249094,0.7820365213960042,0.0,0.33396313425132595,0.12423046763904844,0
659,59,0,2,0.5580222747017046,0.6808181507579468,0.6699984437996389,0.0,0.04893948174246998,-0.07460976431700705,0
660,81,1,2,0.895343171578177,0.628449693573448,0.873182913210569,0.0,0.28564646265245364,0.19247901388579236,1
661,83,0,2,0.8203885704333115,0.5871358644913125,0.7081143171933789,0.0,0.22907749250524473,0.0832723145132036,0
662,45,1,5,0.8513341467685401,0.6292124595260165,0.7,0.0,-0.12021932162238314,0.04677640098065283,0
663,71,1,7,0.7473125650954817,0.5985402549719975,1.0015496243771957,0.5,0.8671460214487163,-0.28072190249406526,0
664,30,0,6,0.8830517947004054,0.4973700760194922,0.6896427437116314,1.0,0.3496641459145434,0.10270446467934136,0
665,47,0,6,0.8475878030207125,0.6010929833523676,0.4828864204017093,0.5,0.24427916323998494,0.16335781614743639,0
666,56,1,2,0.6621118402184141,0.6753655375812176,0.6645349846542723,0.0,0.012785153448309106,-0.16287060939868148,0
667,60,1,2,0.7300238803810495,0.5764694607608802,0.47879533844184546,0.75,-0.07773968388892444,-0.03821034497218667,0
668,84,0,6,0.875911498122277,0.6000253580670678,0.6827128957332549,0.5,0.16987769523425078,0.3260197752360692,0
669,77,0,2,0.7553516561018884,0.7045719711053674,0.2563280983783516,0.0,-0.255811161762327,0.12013461675772186,0
670,64,0,3,0.8663416586420842,0.7185253463188794,0.7586530505703943,0.25,0.2515026271185191,0.07961210225838244,0
671,51,0,3,0.8275577690394685,0.692881228354659,0.20711329545732257,1.0,-0.41219099879761356,0.06089409033540283,0
672,42,0,8,0.9952118727417911,0.5509748606221442,0.5660455248851247,0.0,0.029953231280283488,0.3746760115253488,0
673,33,0,8,0.9195404516435086,0.5990641819911215,0.8240107779508622,0.0,0.5356417282972799,0.28644560051020296,0
674,66,0,5,1.024008243977983,0.5705013880643699,0.6162971829774,0.25,-0.14359273953290497,0.38375603437709704,0
675,83,0,2,0.763294549461274,0.6243282978023952,0.5797348975898768,0.75,0.009792115629352227,0.063294549461274,0
676,66,1,2,0.46206567368811036,0.5845110052674696,0.8049064518462288,0.0,0.363125355491508,-0.3250309087920654,0
677,62,1,5,0.9831178082274608,0.6335556023959371,0.7349889554483972,0.0,-0.1440400384355659,0.1905450639920997,0
678,56,1,8,0.9412148231910373,0.5210895360483685,0.5790508187803011,0.5,0.17683187244429965,0.2993864472837966,0
679,70,0,7,0.49152119334819544,0.617419151140011,0.654431041470479,1.0,0.3855548437460608,-0.15215229192903834,0
680,45,0,5,0.8020679254289079,0.6393215370291166,0.622125992442827,0.25,0.4092075315947542,-0.038013121926410265,0
681,42,1,7,0.8299136301531785,0.4825943735042131,0.9937112318311709,0.0,0.5125954699169153,0.16091831152351466,0
682,84,0,2,0.8801817413970534,0.6472801769888705,0.3069737825240774,0.0,-0.032496400560963534,0.04558881341818455,0
683,34,0,3,0.9958105834399029,0.71322220583596,0.5971750706033582,0.0,-0.07213892093965624,0.2584316398521428,0
684,67,0,8,0.7575032748557394,0.5977640062085453,0.7328961336896407,0.0,-0.015646508696326444,0.11131250557183348,0
685,31,1,6,1.0166331744271522,0.7059864433624666,0.9452714096521839,0.25,0.5612148119719804,0.1610346725911609,0
686,72,0,8,1.0874128346622072,0.6268777994494272,0.764384527035554,0.0,0.3688883926948733,0.3095636910818922,0
687,84,0,6,0.9430016926937799,0.7,0.7314331584041696,1.0,-0.054874841863608026,0.12858273061909864,0
688,40,0,6,0.7432755951631478,0.4815325071188225,0.8852348659423325,0.0,0.5113223172585856,0.023745111435066635,0
689,74,1,5,0.8443200784486534,0.5593102702647662,0.5175763364869861,0.0,0.23601192426454298,0.11951083721606626,0
690,52,1,6,0.8404936535397143,0.6063999632620141,0.7595865120421857,0.5,0.2783608339395341,-0.09380489009153314,0
691,34,1,2,0.5852449166952848,0.5278987398987586,0.5139406061465979,0.0,0.15883497933305674,-0.32694132940809084,0
692,50,0,6,0.7562128168930498,0.5506552729254008,0.71658673656936,0.0,0.4393094404286918,0.06533139927865816,0
693,46,1,4,0.748093812271668,0.6425937721674053,0.3802855108357713,0.25,0.044847991766171824,-0.053296715430355524,0
694,78,0,7,0.9868323226257987,0.620512427208736,0.7337731599600273,0.0,0.32100438113387814,0.2418648623235451,0
695,38,1,3,0.8421120722972504,0.6292122264739618,0.4379500992509061,0.5,-0.07642773661225077,0.1089810052448319,0
696,64,1,4,0.7444010785705629,0.598135261541514,0.7860538879809528,0.5,0.3794436440440416,-0.049183489572745875,0
697,36,0,7,0.7956154715250537,0.5075818745342621,0.688812130471554,0.0,-9.439720060688828e-05,0.03129510604191599,0
698,51,1,2,0.8857235276434136,0.43377850943083035,0.5093464864743806,0.25,0.19666666600648874,0.12295127767165892,0
699,83,0,4,0.7,0.6518423045249437,0.5775388838918528,0.5,0.0703292351620386,-0.01146410300126599,1
700,35,1,5,0.7387146015160568,0.674450522665466,0.7427182247811149,0.25,0.13753323145076302,-0.05073742065687015,0
701,71,1,2,0.8193000569337179,0.7233633841404822,0.5096833273873158,0.5,-0.09220092356231058,0.11849933189563222,0
702,72,0,6,0.7276181815019771,0.7,0.4768261852369852,0.0,0.31899365561456705,-0.1408098983640369,0
703,32,0,5,0.8115528007163225,0.6267804757631008,0.6792703884713972,0.0,0.27080863437395847,-0.001783213257781524,0
704,79,1,8,0.9856960088569099,0.4455679814551276,1.0404649981198921,0.5,0.4758660380301507,0.42411104265438726,1
705,61,1,6,1.035320018436548,0.5704929402512391,0.7787688151816404,0.75,0.4253387420054556,0.43514982112851974,0
706,80,0,5,0.9394428405185967,0.7434961276217948,0.6576936592636223,1.0,0.24116620708946102,0.19281775939161683,0
707,44,0,5,0.8364868989089017,0.49068363967642076,0.6015074195218509,0.0,0.19643515483399987,0.08307062605629245,0
708,50,0,3,0.6053134094115438,0.5186746466795137,0.6625448711814579,0.0,0.11006800785893123,-0.1393831023938038,0
709,44,0,4,0.9413487949464681,0.6874631658784671,0.7708856502488814,1.0,0.35549844960128935,0.2138465734454219,0
710,77,0,4,0.7391565969833603,0.47342146557777526,0.42293062658651054,0.5,-0.10258616941182636,0.10819063060697931,0
711,74,1,5,0.610121420567777,0.6479453602332473,0.5351818705441306,0.0,0.13505784868440307,-0.33474194891088016,0
712,77,1,2,0.7282731726162837,0.6973137964696465,0.8591752803570337,0.0,0.2326069475475182,0.0216847844886513,0
713,71,0,4,0.6874941957610189,0.5536340067267838,0.7166457547384656,0.0,0.42888257845161853,-0.02923740041336753,0
714,80,0,6,0.9264037764312084,0.5362325734811959,0.7362870684541382,0.0,0.18938090812965536,0.15621101867290532,0
715,38,0,3,0.8724611687543447,0.6697574719370265,0.3964119753982853,0.0,-0.2329713084792444,0.038952782415468845,0
716,82,0,6,0.7859745595139135,0.7817042288041788,0.6907810217541728,0.5,0.36574685559133024,-0.046751345643161524,1
717,41,0,6,1.177883455939035,0.7,0.36980040362925576,0.0,-0.12222188284809687,0.3665956080027277,0
718,37,1,8,0.8290769625939935,0.6204571031644412,0.8954734257198828,0.5,0.45684880268303873,0.1290769625939936,0
719,37,1,7,0.831309517571646,0.5990756595203449,0.5164620537395116,0.75,0.12912081665765296,0.050958253066070824,0
720,69,1,5,0.6659593665926141,0.5610653641423746,0.30230852318091134,0.5,0.1716738270179999,-0.03923591669203996,0
721,62,1,2,0.8502656672362379,0.5911657943969829,0.45800702668467785,0.0,0.06647540833654092,-0.03281398705860272,0
722,71,1,2,0.8103586171546023,0.7,0.5313671614379829,0.25,0.1520719027887475,0.21865925209445713,0
723,44,0,5,0.7154348199568493,0.5347493518532144,0.931744745833129,1.0,0.6350249421933145,-0.0700549144195648,1
724,64,1,2,0.7851923818933884,0.5505396792865734,0.5023625651658206,0.25,-0.07767792352786662,0.0776369869640583,0
725,50,1,5,0.7778201197499248,0.4995629333759948,0.612335439974357,1.0,-0.0526104263898135,-0.03177096239291133,0
726,63,0,6,0.931096957081141,0.5984562444336962,0.4470898509688325,0.5,0.23290543414821538,0.24443143687440572,0
727,75,1,2,0.6547355079690348,0.647148853999064,0.6191263329283423,1.0,0.34638297302104537,0.10536636077650641,1
728,32,1,4,0.9597470004505607,0.47012552753900577,0.4456543383635323,0.25,-0.01890033730067936,0.08519273265541949,0
729,81,1,2,0.8371380175163595,0.6668847788506685,0.5070579033254561,0.0,-0.3198358997919799,0.10841516410095564,0
730,64,0,4,0.6148990477699684,0.4310498101004781,0.6608364433180847,0.75,0.28854603813909624,-0.2809617688328012,0
731,51,0,7,0.9021174213904202,0.693246639674738,0.49186349303636007,0.25,0.13163871221746698,0.2486423488866405,0
732,70,1,3,0.7269807017839764,0.7168354471574123,0.580812526076451,0.0,-0.119187473923549,-0.27822904166937446,0
733,64,0,5,0.9081772696049013,0.7140419315369166,0.46531149845793873,0.0,0.2828129605810153,0.16842450887845983,0
734,64,0,3,0.5987592249893079,0.8280861875806067,0.6668442497381851,0.0,0.08999939314180283,-0.15765258532934423,0
735,67,1,5,0.8207252599820741,0.6968006121787212,0.5983511330554007,0.75,0.322529119135824,0.16896337580891096,0
736,62,0,4,0.7621091881749039,0.6251823660399726,0.6598126664272572,0.0,-0.012891458204528305,0.035812620689849695,0
737,42,1,3,0.7995173771683369,0.6333500636688035,0.7,0.0,0.16440486394856602,0.07000678776849656,0
738,66,0,8,0.9169536399867984,0.5181488318192556,0.5775537291183782,0.0,0.10979213993715481,0.08318772898901972,0
739,66,0,4,0.9341525225034831,0.6401999091379641,0.70553888569657,0.0,0.29140970755182743,0.27392765641739214,0
740,39,0,2,0.8822593275054135,0.6033556111670263,0.7,0.0,0.23086399834491572,0.1763875974985294,0
741,31,1,8,0.8485274807996298,0.4944495645347573,0.7539376563910644,0.25,0.33153886360576784,0.19169116337513648,0
742,41,0,7,0.6734006266907784,0.6339827629612658,0.680247832588343,0.0,0.2813009448276503,-0.18287609257301252,0
743,60,1,3,0.9110924094073662,0.5823249858061351,0.500631603133279,0.5,0.21369229709908993,0.22330468523266678,1
744,52,1,8,0.8200052476886869,0.5345254213421543,0.8508264952558184,0.0,0.24021215035298993,0.20059765482549197,0
745,73,0,6,0.8458824003100228,0.6677268761304705,0.487138862306912,1.0,0.17920525982865754,0.01796258310344212,1
746,78,1,8,1.0866320265416514,0.4916071856476096,0.628726904869286,0.75,0.3529661299096425,0.34785965113887707,0
747,59,1,2,0.7405921895548088,0.7,0.5306229063034762,0.0,-0.09247639422570908,0.0663853888499989,0
748,55,1,2,0.7049395336368219,0.5937479999706795,0.73072484723765,0.5,0.22254939218086844,-0.00837287172474277,0
749,78,0,3,0.909706707026224,0.7,0.8493948020043706,0.0,0.20821562504287627,0.14686064344382466,1
750,64,0,2,0.8019585890361637,0.6131274653302696,0.37033295828003066,0.5,0.04419966899480793,0.108474265143513,0
751,60,0,5,0.722772621782449,0.5294846837812137,0.7369409670857928,0.0,0.23865309169716747,0.009984856269457776,0
752,58,0,2,0.8085884279183214,0.6197933161010183,0.44496892454578707,1.0,0.16662353811579894,-0.10093525102740764,0
753,40,1,8,0.8264550257672917,0.6093500475087371,0.8010654699281516,0.0,0.29164235177719067,0.03637081029251277,0
754,47,0,8,0.7413807177182832,0.5957656102183873,0.726030776234066,0.25,0.036079058907086625,0.11233900259287644,0
755,61,0,8,0.8158258977009915,0.558233843398665,1.045386888498741,0.0,0.20416073702380855,0.16942966911322654,0
756,68,1,2,0.8916689137070165,0.630126770070936,0.41542750519472893,0.0,0.2824834919356156,0.23161446235668603,0
757,52,1,7,0.8838773487351099,0.6242694636529488,0.9524484893798003,0.0,0.459608627680339,0.1580752893515226,0
758,48,0,2,0.7,0.6718070651879571,0.4281949372493697,0.25,-0.17913660477049637,-0.17429609974039062,0
759,67,0,7,0.8598998884009066,0.5692298789247139,0.7887047425079936,1.0,0.3645614566070513,0.24028088219217236,1
760,45,0,4,0.9090565850394162,0.5485526476150008,0.48785842079873604,0.75,-0.13434499846464437,0.05984726866666101,0
761,78,0,5,0.9187604039675387,0.6589251762305699,0.6442969976084277,0.25,0.20880782538717207,0.32326390485464374,0
762,59,1,3,0.7525807536550536,0.600244686903735,0.6948863178882255,0.5,0.3721477111732076,-0.07023573335566347,0
763,44,0,3,0.657683718270678,0.5702729623161275,0.7324253658865382,0.0,-0.07062711816444245,-0.10767488537059378,0
764,47,0,8,0.969728029883486,0.6644990398811815,0.7381994003529323,0.0,0.09772183209299756,0.31285356939529385,0
765,37,0,6,0.9796528835335465,0.5638274609343296,0.8612417363127769,0.25,0.33573584862762695,0.2929111784446331,0
766,76,1,7,0.8530441325033317,0.5592519318020931,0.6114867828719243,0.0,-0.13581617768327658,0.03485488716667684,0
767,72,0,2,0.828164210026914,0.6752222717758346,0.5485115934961574,0.0,0.20805090164419737,0.09302135300625858,0
768,46,0,2,0.6711645584269792,0.6360414641695457,0.8365980016288506,0.25,0.2659286507232784,-0.18380784038849174,0
769,42,0,6,0.7797651362420356,0.5631643631877682,0.5280868878497516,0.5,0.06140824333994105,0.09812448600428814,0
770,31,1,6,0.9036719869901283,0.5428884767159442,0.6734663697039687,0.0,0.23843321284472174,0.15897736863607503,0
771,33,1,6,0.7065915323781933,0.5915135705735171,0.6773504274917043,0.5,0.34431527881687934,-0.2649046260664384,0
772,76,0,3,0.867956122903724,0.5680911496428468,0.24846087831727554,0.0,-0.08783353540867234,0.07211670215530785,0
773,77,0,8,0.9043981260605759,0.6019206066156544,0.5972313794269528,0.5,0.08714277700335837,0.03470482689970844,0
774,38,0,8,0.8606616475282436,0.5457998939704065,1.0112292778244443,0.5,0.539802255547001,0.044103534822664714,0
775,42,1,4,0.6498205700306019,0.6179139304662785,0.510916383192735,0.0,0.21228533345634254,-0.26410300924275676,0
776,84,1,8,0.9704779824741635,0.6092104372033869,0.9032460658781717,0.5,0.46544919393907513,0.15400171139233065,1
777,52,0,4,0.9903273216959143,0.49180966771739415,0.6184799893197847,1.0,0.1346106126921317,0.41818152614799586,0
778,40,0,6,0.7,0.513846076724473,0.6719409669755947,0.0,0.4129527276487742,-0.008812871755438989,0
779,39,1,7,0.9380132962578653,0.538993138899096,0.467141035031465,0.25,0.27388575798439785,0.05386963862985228,0
780,83,0,3,0.7890352893854066,0.49996552527561167,0.58549412529082,0.75,0.1555501296134396,0.036325470371159074,1
781,57,1,5,0.8692967422701895,0.6285565006154266,0.7765042046579093,0.0,0.28472349984925693,0.06264513934357796,0
782,30,1,7,0.9767831386381122,0.6014783862250821,1.0009268629378767,0.75,0.3884677501529423,0.15132547923818074,0
783,81,1,5,0.898143467122884,0.7166093194640518,0.7365351851909705,0.0,0.13376507278996053,0.15600633873873138,0
784,58,1,3,0.8761814554214417,0.6651831392528778,0.7882865975602047,0.0,0.2087745827526497,0.22053156956368658,0
785,64,0,6,0.8859885350908375,0.5146375117395965,0.5987550206578427,0.5,-0.029714913911676355,0.07830930341021769,0
786,58,0,2,0.8054360420881885,0.6788051403986719,0.3305379220319967,0.75,-0.22419524727734907,0.17024073916771265,0
787,61,1,7,0.9679515361766987,0.6306714056955927,0.7848983054810307,0.0,0.40138623052407185,0.34131423960751994,0
788,73,0,3,0.8670750392323961,0.6218793966814351,0.7639790243218965,0.0,0.31677304453961397,-0.09259344018879079,0
789,76,0,6,0.9818102372645227,0.5415545094800662,0.6874601985564617,1.0,0.34458446040597474,0.359549807805277,1
790,43,1,6,0.7870617477844116,0.5892440950133171,0.5164856119134852,0.0,0.13282773188489938,-0.05349006308742765,0
791,40,0,6,0.7835098815731267,0.5776840627289128,0.7410047682771388,0.0,0.15296508372616113,0.19094526701706127,0
792,38,0,7,0.6290732921837348,0.5648079411472363,0.7010333334046567,0.0,0.5554320950476366,-0.07636082490149676,0
793,46,1,3,0.9481065844679049,0.5389503608264699,0.6533522251319687,0.0,0.2010150487360391,0.24411672890786495,0
794,67,1,7,1.037750269751012,0.678454627835391,0.7959925570739126,0.0,0.549680596415633,0.11742872188371034,0
795,35,0,8,0.8634741580798188,0.42628492366469833,0.5832854082103551,0.0,-0.25666824678948885,0.25963389894658095,0
796,83,0,7,0.7874389422186195,0.5570425455001686,0.6098941200412156,1.0,-0.08366310033827118,0.08743894221861959,1
797,81,0,6,1.02180419988603,0.628125644061289,0.6703163755796798,0.0,0.1185864510993011,0.6635604993093305,1
798,67,0,4,0.8198748407804547,0.5282759338930044,0.7028212440699081,0.0,0.10958561503293884,-0.051541277107711725,0
799,50,0,8,1.0234934069211037,0.652804171146926,0.7858935493420265,0.0,0.47829016989246464,0.37677130275087134,0
800,36,0,7,0.7787180776222514,0.5691566225541519,0.7387655285099887,0.0,0.14259469924704338,0.029466942754926007,0
801,39,1,5,0.8632623196857697,0.6384629486456774,0.5858552693443553,0.5,-0.14208645728689528,0.11061216082807757,0
802,68,0,3,0.8623042438704239,0.785980099299505,0.6560642168068871,0.25,0.2754055761571835,0.19118450575457635,0
803,82,1,5,0.8717030592832054,0.4833495487163607,0.7599318023502882,0.25,0.4845443242016468,0.09768485950631434,1
804,50,1,5,1.0417966224951734,0.49938613217407735,0.6519698487906265,0.0,0.12795684905884286,0.3417966224951734,0
805,48,0,8,0.766566329508156,0.4350563300726651,0.8185641864000871,0.5,0.46226227767953054,-0.02194596101034818,0
806,44,1,6,0.7722143838723703,0.5623600423640798,0.7395099486736755,0.0,0.4725270018060795,0.027312362936629975,0
807,57,1,8,0.8733898577192031,0.5041151588754492,0.7,0.5,0.3404162258098789,0.17065286802642432,0
808,79,0,3,1.017381405466323,0.5390355398005374,0.3876570215877526,0.0,0.038993261891834996,0.5565840146142845,0
809,64,1,3,0.8156525857058603,0.6984102784695575,0.5032358743639672,0.0,0.23253001908588983,0.23899779679099498,0
810,79,0,8,1.0741094063506729,0.5898304547646653,0.8021892236363899,0.0,0.38040536873874015,0.19117573592303572,0
811,42,0,8,0.8496277306865592,0.6924778150786076,0.6217040208280316,0.25,0.2995897722870869,0.1829130638483515,0
812,60,0,5,1.0146056197014746,0.6269612812320126,0.5357648967194415,0.25,0.22196663106055226,0.2436962884712811,0
813,53,1,2,0.65854599560199,0.6251166989207683,0.4619788282286917,1.0,0.030917212976255992,-0.1819899038702243,0
814,82,0,8,0.7945476099521241,0.5831228596101738,0.6866336819191774,0.0,-0.04119868469125487,0.19079294204444797,1
815,75,1,6,0.926426613419173,0.5413034391677979,0.880998529243129,0.0,0.5823442469732851,0.11792791411310644,0
816,53,1,7,0.7406558288476427,0.7138761917162477,0.762087303825167,0.0,0.11618185094143751,0.05010883423411572,0
817,82,1,2,0.6903064742444345,0.5506998900065725,0.4304911542260929,1.0,-0.041497119863179055,0.05971804919466783,0
818,35,0,3,0.9183871457021356,0.48995095482284656,0.620803591162653,0.25,0.484718377322108,0.14755758158393206,0
819,74,1,6,0.7720421360824481,0.5698762388466954,0.6351536320225215,1.0,0.27505009593624413,0.06364044495185261,1
820,62,0,6,0.7261064092268671,0.7,0.7044556336418671,0.0,0.3089357282536511,0.038137800530327226,1
821,51,0,4,0.6737524391008535,0.673981604124437,0.3836994491129025,0.0,-0.11585459125940811,0.04059526063387453,0
822,42,1,2,0.9230496523936884,0.5443015968208343,0.6971525992060684,0.0,0.04360042914898421,0.16477792611667175,0
823,55,0,3,0.8278887476284953,0.42851826878227983,0.6767444647744668,0.5,0.24896481911388296,0.0785060909570825,0
824,81,0,7,0.7195820441466111,0.66148456611651,1.0301699309388856,0.5,0.5091664043417852,-0.2905526462124669,0
825,76,1,3,0.7,0.6993164449649889,0.5468922170776069,0.5,0.11760201565085449,0.27283307576242416,0
826,61,1,3,0.8720864680887999,0.6681440543597174,0.541581756809878,0.5,0.1031560899134577,0.24972233851193493,0
827,55,1,5,1.0541550766424017,0.5318794188531767,0.650991659526192,0.0,0.2008007660706536,0.24773551798962823,0
828,30,0,2,0.7,0.721733147149059,0.4802922712597307,0.25,-0.13928475433922277,-0.06775626567593152,0
829,57,1,7,0.9201784851870402,0.6388270055527109,0.7269261893104262,0.0,0.009225968925881012,0.16648200646385192,0
830,49,1,6,0.834975177600766,0.6266743100675471,0.6617143580839745,0.0,-0.03828564191602546,0.1565231495862428,0
831,46,0,8,0.7269120203733462,0.5549107805439261,0.5471003856166166,0.5,0.24964276450766348,-0.0958879612454393,0
832,72,0,8,0.8723986023674545,0.6552698226545033,0.4259527814602711,1.0,0.0768637825671123,0.18538978486110247,0
833,53,1,7,0.8094825559794819,0.5853723457582127,0.747814483588711,0.5,0.398197352453917,0.2044847899189538,0
834,65,0,2,0.9218309502585417,0.6974565047661081,0.6215853833198786,0.0,-0.03267193144865954,0.21126125920245675,0
835,84,1,4,0.9208098315937021,0.6183302876898628,0.5791807085553982,0.25,0.13294614709864733,0.20565848434988587,1
836,56,1,7,0.842034880437368,0.7,0.5540631824800605,0.0,0.21134036553832658,0.10367248042470434,0
837,30,1,2,0.6923255825080195,0.4016903474934887,0.413823922851453,0.0,-0.02532127478728502,-0.18449397059582617,0
838,84,1,7,0.9872816350177085,0.5885440557898849,0.9684562496254135,0.0,0.4417426428550175,0.4136563741339263,1
839,78,1,4,1.072894261705284,0.6097780470433367,0.6428153941159082,1.0,0.07941173743320129,0.21030892991407535,1
840,30,0,4,0.6347391518700144,0.5825797112335362,0.5164730711600537,0.0,-0.23301101792645518,-0.22573393932695673,0
841,63,1,5,0.9573675251922518,0.39474250157249785,0.8099458015657028,0.25,0.5148987124768939,0.2992402170539121,0
842,63,0,5,0.9875011212745322,0.7,0.5328659447836848,0.0,0.08749156086065307,0.23581190271476038,0
843,50,1,4,0.9488502910832634,0.6050934461146964,0.7503111231477753,0.0,0.18016522049665074,0.08502887481693644,0
844,75,0,5,0.9017193201533594,0.7045677569608401,0.4466779530171935,0.25,0.2539503100538519,0.16930151363474422,0
845,36,1,7,0.928132582943717,0.5649910568356703,1.0001113182275334,0.0,0.5016380044736308,0.15242767025037607,0
846,41,0,5,0.7559260151268231,0.5002719907232551,0.44038688848158863,0.25,-0.1949874294605623,-0.022222387265560917,0
847,39,0,2,0.5586101087294422,0.7,0.3940202726079481,0.5,-0.12870585030382103,-0.21853704504151084,0
848,46,0,5,0.8369569635938796,0.519898331679614,0.9698580321254179,0.0,0.49588899998679103,0.05747954316907067,0
849,31,1,7,0.7845753708002619,0.6478768704840365,0.7,0.0,0.18918954732697946,-0.008249426797885095,0
850,35,1,2,0.837137226252192,0.7246838285385186,0.5925913337834567,0.0,0.15525725780483118,0.042175152080693334,0
851,69,1,6,0.8066185633059436,0.6723758902750913,0.4182750320898671,0.5,-0.12915450004250434,0.09569772497717577,0
852,53,0,2,0.8104081237627732,0.5531647880375868,0.15977671411138986,0.0,-0.12096445441003104,0.01733892599325093,0
853,33,1,7,0.847832890562462,0.6204129027652823,0.591111682566353,0.5,0.10883520303052663,0.07286905093664908,0
854,52,0,3,0.7925812538667499,0.7264652972918826,0.7741078056655796,0.5,-0.05108190387360134,-0.056670772361754884,0
855,76,1,5,0.9483022134801807,0.48903118004388463,0.6691365363911663,0.0,-0.18688781354210438,0.3678240615210101,0
856,73,1,7,0.9680119702548382,0.5922739833931266,0.6284955441724217,0.0,0.19429210533504349,0.10170058662226178,0
857,84,0,8,0.75563984665172,0.5212084890255344,0.8749272282423483,0.5,0.5072869663104126,0.14569273193781995,1
858,56,0,3,0.8603949859140186,0.6434109381015645,0.5383636115156663,0.75,-0.023997089878309064,0.1185888856566858,0
859,44,0,4,0.9770992024723263,0.47182756997076813,0.5240179795416772,0.0,0.0493192833317056,0.0104566673772154,0
860,64,1,6,0.7,0.48223757372511344,0.484549689458819,0.0,-0.09578050542828881,-0.0034527410078936116,0
861,46,0,6,0.9120433173789709,0.6518913602577534,0.6935645082724182,0.0,0.21329071920222498,0.16115507272716945,0
862,31,0,5,0.8514199041022168,0.6200676615457613,0.6615149907214071,0.25,0.31268824092857,-0.0796885466619428,0
863,32,0,6,0.9978033160520807,0.5591179468198846,0.595818927288369,0.5,0.08436536155971408,0.09340469918633909,0
864,31,1,7,0.7908055184224082,0.5417564123621296,0.9151914855031504,0.25,0.6545885069042264,0.15570017098168132,0
865,53,1,7,0.9821194496071197,0.424579799845153,0.6839778326285962,0.5,0.2165797890031842,0.14070708245546681,0
866,79,1,8,0.9264252376403518,0.5363841806604213,0.8831896356783363,0.5,0.4238789317063626,0.11279671238644118,0
867,62,1,6,0.8672417335762554,0.5660231985681263,0.8064479686076278,0.0,0.5546506904749446,0.01337625755236116,0
868,76,1,2,0.7513552414138401,0.4973608529586418,0.5868496109047073,0.5,0.2204348633663505,-0.06005901863965968,0
869,33,0,8,0.9403029569311947,0.5473104889568932,0.7553598162566748,1.0,0.055359816256674854,0.20817764085651813,0
870,80,0,6,0.6355124539018449,0.6491546992102698,0.4946284773429547,0.25,-0.12522859137996745,-0.05892730096378451,0
871,59,1,8,0.9591535139046599,0.5933728038078088,0.6082280760558064,0.0,0.11372507970297968,0.258920859666219,0
872,39,0,3,0.720479131650902,0.6726578644482457,0.7118805555626632,0.25,0.03341185061984431,-0.06327612151816686,0
873,32,0,8,0.96523779977562,0.51735892161981,0.6857478939532047,0.0,0.40179715890091316,0.19452455006662384,0
874,84,0,2,0.616147056051317,0.5300543811604269,0.7604269495097401,0.0,0.3634170529372852,-0.20371279938093734,1
875,67,1,2,0.5829972266335376,0.6682662115114912,0.6589816235876588,0.25,0.14275619978306664,-0.1104979445497789,0
876,58,0,3,0.9435475217152518,0.579485093187935,0.31137825788484624,0.0,-0.35583257194293844,0.08218289048567051,0
877,71,0,8,0.9413175578057134,0.6781541757463171,0.66787061289744,0.0,0.4763923585026213,-0.02691777483855473,0
878,65,0,8,1.0361092738257123,0.6400002144734287,0.4794251206843561,1.0,-0.00926016816699804,0.2756277266286875,0
879,81,1,8,0.8821787879693298,0.47465155010391497,0.9419694684991204,0.0,0.474723731025845,0.17213914460768698,0
880,69,1,6,1.025119558192184,0.5385802612192184,0.743097796658097,0.0,0.40187515636430016,0.15252145798526262,0
881,61,0,5,0.8433817069104657,0.5193242326686355,0.28952064046181847,0.5,-0.09213966378579236,0.1429169682327407,0
882,73,0,6,0.8678309286816449,0.6531440836665503,0.615738228678264,0.75,0.17034562916547752,0.21711658189254623,0
883,42,0,7,0.9499029428741673,0.5946049189601208,0.5267637163481693,0.0,0.23231298812484036,0.1234143418267648,0
884,40,1,8,1.1500420486981502,0.6468111833118029,0.8319927015918523,0.5,0.3049535283326882,0.3962029995764046,0
885,48,0,5,0.9737057483688295,0.5194279642569266,0.622903427406065,0.25,0.5303263998698804,0.21901982719122914,0
886,38,1,8,0.8037681917182963,0.584597424305217,0.6187659582808426,0.0,0.21759796806797416,-0.2706942316476587,0
887,50,0,6,1.1035847895144946,0.5180131747448242,0.9055171291906607,0.5,0.629798324251647,0.5163154893381234,0
888,79,0,2,0.7155303460497007,0.6806352330090042,0.34368147493501033,0.0,0.10903227431119608,-0.09140829453213783,0
889,55,0,4,0.5349366422146825,0.5368923839122612,0.5474656019244082,0.0,0.14044749901679238,-0.1312551350326845,0
890,61,0,6,0.7822143943930295,0.49578004340155796,0.4518713308019231,0.0,0.29655195553007613,0.049000947514388216,0
891,68,1,3,0.5462145044414958,0.5829224806246603,0.2671279991521905,0.75,-0.09156096098072591,-0.3617284359964754,1
892,73,1,2,0.790303100333711,0.592408373504561,0.43058826234887254,0.75,-0.21006834377421152,-0.06181434236506855,0
893,70,0,6,0.789880335180986,0.451160270218998,0.9550701372270434,0.0,0.3444651521305593,-0.023331370859575373,1
894,30,0,8,0.6764389470250939,0.6321728222834468,0.4910946810187623,0.0,-0.2616620382941496,-0.0010324915217420072,0
895,72,1,7,0.9769311947197652,0.6473443189499634,0.8137515102037596,0.5,0.2672112402279945,0.2626984500054692,0
896,57,0,6,0.8089320198934385,0.6789846246093897,0.8103278485178892,0.0,0.1198681426378373,0.07021176205700419,0
897,32,1,7,1.0033651306787106,0.5239049783591547,0.6848690469162598,0.0,0.01161275604388623,0.29564769847667194,0
898,69,0,8,0.7069367766579887,0.47683701995598815,0.7383189437611352,0.75,0.2528842113882558,-0.0019074429684019512,0
899,41,1,4,0.7773750201708656,0.7,0.7447893790712886,0.0,0.4003783365124335,0.21952719534913334,0
900,36,0,7,0.8549258904688689,0.619865780837822,0.35536524639459,0.5,0.052330638106734995,0.1801033570729489,0
901,39,0,7,1.0482901127595647,0.6052253921249148,0.6271816787337797,0.0,0.24931829590735727,0.4621708649593901,0
902,52,0,2,0.7755468745691277,0.6155764339113025,0.5033040980905196,0.5,0.15742642182893746,-0.16046258430620342,0
903,49,0,8,0.6997928678079153,0.48766573849296263,0.6608359126058267,0.0,0.24328710895810202,0.06359342558881542,0
904,73,0,3,0.7429277485228859,0.7646116381222866,0.5491457162081019,0.0,0.16348172877417438,-0.15258509787209273,0
905,74,0,4,0.9463759714307344,0.700766954837108,0.412685259991663,0.0,0.06908310095247372,0.19334794368812402,0
906,50,0,6,1.0672014075459495,0.5651962450113711,0.4921313354068159,0.0,0.03512570122927755,0.30598521251718214,0
907,52,0,4,0.9221761995234786,0.725434909594715,0.40662457307032024,0.5,-0.11291852380951012,0.11440479112789903,0
908,39,1,3,1.0709206692289635,0.5095690490083755,0.7486411390290594,0.5,0.40901816929087415,0.10679192605442589,0
909,69,0,3,0.8571186249788414,0.7305951950197769,0.3768892838985151,0.0,-0.029531294178366363,0.07819077683063136,0
910,56,1,7,0.8033059434893639,0.6943229312814697,0.7917371024327235,0.0,0.09005814608622142,-0.058065670215806,0
911,31,1,8,0.7,0.5974523707527281,0.7663774832219195,0.25,0.15011548985696177,0.1945936486023344,0
912,49,0,7,0.9572896023021679,0.7157081741098245,0.9946293395743473,0.0,0.4089901073978274,0.37773187650864015,0
913,63,0,4,1.1205995172399448,0.5276999067818728,0.5551619848147423,0.5,-0.022254595943350997,0.26509645486876054,0
914,45,1,4,0.7410743389057576,0.5232389364388458,0.5997880361727003,0.0,0.10715862686145022,0.05859561461392038,0
915,59,0,7,0.7468954174081258,0.593616408328289,0.5314054521419155,0.0,-0.08410304538097735,-0.2178330103086572,0
916,63,0,5,0.9195798759658648,0.557003412358553,0.3764160619305146,0.0,0.11125281590611641,0.09577452372874162,0
917,42,0,6,0.9092659234851392,0.6423484586796729,0.8137277373737489,0.0,0.11372773737374897,0.007946873792749942,0
918,77,0,7,0.6845462007471019,0.4421898121127126,0.7974217019871691,0.0,0.3198591887428944,-0.12168886590934758,0
919,70,0,6,0.6515788499314386,0.6679037111037468,0.5704127365239402,0.0,0.18018480274089488,-0.14367251736164277,0
920,65,1,8,0.7891697882457603,0.529554379329617,0.8894486450542062,0.25,0.5685888579264092,-0.05761239054305278,1
921,57,1,4,0.7,0.5145308784815679,0.7124247874636631,0.25,0.34272816226983305,-0.06815214381236523,0
922,71,0,4,0.9807745717100476,0.5766708665226631,0.4651331185244774,0.5,0.2235561633451186,0.14208033337726356,0
923,76,0,6,0.9707317458677476,0.5439563865345933,0.628846635625549,0.0,0.23751508865552967,0.16446520091328742,1
924,70,1,2,0.6302886291790479,0.6795199019297723,0.5320002771328038,0.25,-0.1679997228671961,-0.2158034356156986,0
925,72,0,3,0.689102463812826,0.6046874569356059,0.20405003767396385,0.0,-0.10344701173612308,-0.14114534388980804,0
926,71,1,4,0.813472544545594,0.6487671458620832,0.4876366270878952,0.0,-0.16566296743630998,-0.029870920222228814,0
927,80,0,8,1.0357040116834486,0.6221169809411099,0.5106057966594727,0.0,0.20740161668474721,0.10757069337346636,0
928,58,0,5,0.8442142878330392,0.7,0.805516179945078,0.0,0.35220267633881563,-0.031216833043450687,0
929,43,1,7,1.002230139676966,0.6186333965823835,1.0080373348581912,0.75,0.5387067070711582,0.2758439596828942,0
930,59,0,7,0.746306024526771,0.8171812963701675,0.7053685816502955,0.25,0.3542005667504801,0.05224915377331618,0
931,39,1,6,0.8200782759407835,0.7,0.7829638983409289,0.0,0.34832288759207086,0.1629827092738484,0
932,34,0,2,0.6800301616799203,0.5118213835087659,0.3748230493153741,0.25,-0.1294789303189225,0.1520754838657412,0
933,77,1,8,0.8618827602923608,0.44307963382154014,1.1108952888808246,0.75,0.43383798942411966,0.15181398029744153,1
934,71,1,7,1.0140637317011911,0.45428715578552953,0.7014289306569125,1.0,0.788583865101152,0.1662314395210024,1
935,66,1,2,0.9037061684335177,0.6476413497345659,0.5585655835130121,0.25,0.04199692717676429,0.18552789078336984,0
936,52,0,7,1.029917462243512,0.6269654171224184,0.5505385665545176,0.0,0.09218775126694156,0.23482266109481864,0
937,32,0,2,0.7,0.6578562828849646,0.5215420553695298,0.0,-0.04517756193981659,-0.10108023214353012,0
938,78,0,7,0.7511153656581859,0.6420243371870825,0.5697000612243623,0.0,0.3313908831248733,-0.09942708971395064,0
939,66,0,2,0.9898313707920046,0.5927397973534485,0.47828802285788846,0.0,0.3552659218505001,0.27363008642878195,1
940,39,1,8,0.7331084287239894,0.5899279724369346,0.8096084356850373,0.0,0.44935918262007835,-0.059852435437992124,0
941,77,1,3,0.7755918567680006,0.5727534350748503,0.6153350804294212,0.0,0.12923099042754438,0.06226945413725704,0
942,58,0,5,0.811986259827215,0.6215167586242852,0.41156462703950136,0.0,0.1481059474930717,0.0033292908988130643,0
943,46,1,4,0.9625936625139501,0.6281927026836069,0.4841109218258411,0.0,0.06343222460153453,0.37664129391398604,0
944,71,1,7,0.891899917333524,0.6220340689712356,0.5267712478932242,0.0,0.3230634525265904,0.12417521884196303,0
945,61,0,5,0.7633135445420762,0.647311081810839,0.5123421243492089,0.0,0.03162409139961436,0.06331354454207627,0
946,47,1,5,0.7156246739527543,0.4715516212435374,0.7286682059294092,0.0,0.33783377453734525,-0.07007856771233112,0
947,84,0,3,0.6537489351309611,0.6201282514722781,0.6553924881780979,0.0,0.31746203023361635,-0.07750293760667404,0
948,58,0,4,0.6603252093230022,0.5190037788055818,0.6597304395851497,0.0,0.05231859295631969,-0.05572613690551875,0
949,48,1,2,0.7056045562871727,0.5707103463474285,0.23176956945901933,1.0,-0.3381097955306627,-0.04805410142709121,0
950,66,1,3,0.7151055732559674,0.492675225516318,0.4631023184871182,0.5,-0.028087984729331827,-0.3789472448065895,0
951,56,1,7,0.9475025988413168,0.5418535106080573,0.5538393464355221,0.0,-0.02474007764150976,0.1769174063526272,0
952,35,0,5,0.9603886285916627,0.7150096824580349,0.6729077637684656,0.0,0.288167773126895,0.014765012570536529,0
953,46,1,5,0.9383144814479152,0.49964711117001015,0.7106262189027006,0.5,0.3501473401465071,0.12183735180872701,0
954,70,1,4,0.7185061229954554,0.5072158837671028,0.6429843914164542,1.0,0.08307417173458276,-0.18498217989830856,0
955,73,1,4,0.8341723852700743,0.614783265339464,0.595787737518337,0.5,0.30628280368135896,0.06891123783858877,0
956,77,1,6,0.8894113453808558,0.5079867571600424,0.5084812242132571,0.25,-0.02733358894912563,0.20047879819412984,1
957,52,1,5,0.8070089292838987,0.39947124183614535,0.40354337205503776,0.0,0.10676111343988909,-0.06666798258190532,0
958,82,1,5,0.5938415073491131,0.6326400952626919,0.9690115559372591,0.0,0.1846560566928216,-0.2106312128424105,1
959,62,0,3,0.6039729301930747,0.6919776248636876,0.6679055463531716,0.0,0.1006882288266594,0.0354126077660768,0
960,52,1,6,0.9404451032352574,0.5809649390074365,0.5200165455593401,0.0,0.26695291924361947,0.19219503122986814,0
961,82,0,6,0.8180706291376305,0.6690513558187361,0.8141619240244927,0.0,0.5009761957608809,0.05055178579827646,0
962,65,0,7,0.9056087715760175,0.5753745924739848,0.6832182218525984,0.0,0.11709029185608744,-0.008112327638014616,0
963,58,1,6,1.027199570185721,0.6668326264486051,0.7389913984924626,0.0,0.20690741357238351,0.13347932020042752,0
964,68,0,8,0.8672197846323845,0.6312834587731723,0.8516080022383157,0.25,0.26353480274734287,0.09330535541780594,0
965,54,0,2,0.8725287468900563,0.7078000264265394,0.43099423800335424,1.0,0.11454773415840003,0.0012027450117163552,0
966,52,0,6,0.813375606182958,0.6112998745196006,0.6568162418541869,0.0,0.24915486989362934,-0.06760148367445551,0
967,79,0,8,0.9129380899497622,0.5845969719710147,0.7683963918391812,0.0,0.1522535311327965,0.20112381262905232,0
968,30,0,2,0.888210548969936,0.5324710626832055,0.3339771801040012,0.75,-0.1195370628173873,0.13840336912424023,0
969,69,1,6,0.8749229348681589,0.7637480864640043,0.6546596662739312,0.0,-0.08282122477105713,0.08935165214917495,0
970,31,1,2,0.713667292121004,0.6662825319817202,0.9404447209010433,0.0,0.8585410357891639,-0.06671550873231136,0
971,46,0,6,0.9468915820354717,0.4317537990851061,0.7980608001295593,0.75,0.319805245146855,0.11098680831319907,0
972,45,1,7,0.9716134797030804,0.5257444593390361,0.7076472353245702,0.5,0.007647235324570234,0.18929541116151105,0
973,82,1,2,0.739793079127098,0.574502130832645,0.5937637614283927,0.0,0.020235821525377617,-0.04083547559757372,0
974,56,1,8,0.8923742436418612,0.6173723310018681,0.7365520346532379,0.25,0.2833014561539841,0.31138814051410657,0
975,43,1,7,0.6208359563619577,0.5593981894437002,0.6459264994824123,0.0,0.388851266553361,-0.0322228713992706,0
976,60,0,4,0.9487069692757873,0.5445260197936679,0.6499323746025324,0.5,0.26433031977808213,0.14620563287507482,0
977,59,0,6,0.9516224432079021,0.63877148132879,0.7387692749265927,0.0,0.3149465920309482,0.25298129701896044,0
978,54,1,6,0.7,0.601001400567929,0.7699065203400444,1.0,0.12876505578350328,-0.08494058715392017,0
979,81,1,6,0.7877499327645758,0.6046357768818901,0.9177048717514722,1.0,0.29766484284483974,-0.021053457633536388,1
980,84,0,2,0.5535208872660126,0.5382323593591564,0.23992556651120178,0.0,-0.19041580457978735,-0.16498179743667207,0
981,66,1,5,0.6849066453213739,0.6028840822397831,0.7433881951010337,0.25,0.28951469722815526,-0.02082062153878006,0
982,77,1,6,0.7,0.625281363887839,0.22257678665560654,0.5,-0.3728801221617247,-0.027826300082864797,0
983,66,1,8,0.9677501106000289,0.5879659920116588,0.6101204625144476,0.75,0.0885435045439501,0.1751527261567788,1
984,45,1,4,0.9667060962583807,0.5291521643286347,0.7,1.0,0.012571696967826784,0.15218129819689064,0
985,68,1,2,0.7255501273899988,0.6993980462104112,0.44982473648111043,0.25,0.050502503575245994,0.011195842581329996,0
986,34,0,8,1.026789024427445,0.5663805182221182,0.3817216999871177,0.75,-0.180592888274409,0.2396760672574506,0
987,50,1,5,0.8054919816722166,0.5878831521481682,0.8627513829251166,0.0,0.6132041007183342,-0.08394745043756324,0
988,35,1,6,0.9519677194746542,0.5396463872992614,0.7640213869098661,0.5,0.42819582389056143,0.25196771947465424,0
989,60,1,8,0.8776649000315166,0.5052714661748321,0.4828442147990167,0.0,0.033879151039302446,0.058413631079037076,0
990,38,0,6,0.6737701340213335,0.5733366658747472,0.6425931939869366,0.0,0.1264332845019438,-0.20268283160623624,0
991,35,0,2,0.8959011447598241,0.5484536549522094,0.59629071553833,1.0,-0.06321552289035814,-0.0034965887779024873,0
992,41,1,6,0.8578008222883042,0.6700089721284235,0.5086196408374863,0.5,0.0033633938395079,0.21360013882015916,0
993,45,0,7,1.0024197001526791,0.6450364846780449,0.7228222709551232,0.75,0.5254203873664693,-0.041627658008487334,0
994,36,1,3,0.8159940873528155,0.6671519523978382,0.5320547557134274,0.5,0.15130502046821442,0.02626498043395664,0
995,34,1,5,1.2160380304148226,0.7374224001018709,0.5549607774434582,0.0,0.10309755234776974,0.26744832224739445,0
996,36,1,6,0.8779624194202711,0.6086765277451082,0.8312490719186468,0.0,0.26606969934862756,0.18079630542589664,0
997,71,1,5,0.6811538984075799,0.5797919017936115,0.557988410829546,0.0,0.1087734509816779,0.02596628468437645,0
998,75,0,5,0.8937184195234402,0.8361530647159624,0.6820098534915148,0.25,-0.00902560752725523,0.16074362668940145,0
999,44,1,4,0.781273182930578,0.6667557381882904,0.8251176662734387,0.5,0.44406263782934124,0.048026721475049716,0
1000,35,1,7,0.7234455593201425,0.48282787453960213,1.019673672574897,0.0,0.42691687471032946,-0.24776090036848053,0
1001,63,0,5,0.8557487665134329,0.5794971872318198,0.5863451089386724,0.0,0.22726203394814126,0.20848170736070348,1
1002,31,1,4,0.8644278094820552,0.6720475144177851,0.5078622631927848,1.0,0.05124114182244194,0.22716977463622035,0
1003,46,0,6,0.6578859410654904,0.5583968036612805,0.6801979118609188,1.0,0.07958459849536992,-0.16807428952092585,0
1004,43,0,5,0.7583537942232269,0.6406748614112442,0.6840508395790852,0.25,0.31295081717444173,0.04634615282177612,0
1005,79,0,5,0.7237102325748899,0.6108262772666712,0.512286932396983,0.0,-0.22309842427363413,-0.1839434641992963,0
1006,49,1,4,0.8102016454912884,0.6348146720320521,0.39948120831878714,0.0,-0.2366344836155892,-0.29460135049589775,0
1007,63,0,5,0.7712738821543772,0.5698276440475495,0.6374836863529221,0.0,0.45617543175864295,0.04029711795946156,0
1008,63,1,6,0.6274690590028593,0.46063570031556195,0.597593800685477,0.0,-0.0631076641572581,-0.23163002281617273,0
1009,70,0,7,0.6912076620176915,0.49608067922679866,0.7094210690224252,0.0,0.020493265322700904,-0.027318022216909932,0
1010,56,0,7,0.723436558207994,0.5960999771892805,0.8530505254166532,0.0,0.4326925229298681,0.01055067340554805,0
1011,66,1,3,0.9047700647911234,0.5993992595893972,0.34957999629539466,0.75,-0.10256913614485036,0.20477006479112347,0
1012,84,0,7,0.9295960085642393,0.644650534703604,0.8851796638954041,0.75,0.4305403076638402,0.17033704548843887,1
1013,46,0,3,0.6240088617372304,0.509976523254835,0.5646072778560324,0.0,0.021053840374834154,-0.05622146619109891,0
1014,59,0,2,0.8528384655377149,0.5199859738697566,0.1394310751155313,0.25,-0.4941028065100259,-0.06565394668689728,0
1015,60,0,8,0.8795117948370585,0.49478179302251163,0.8003205863702256,0.0,0.45050216993291137,-0.0016749528114462509,0
1016,46,0,8,0.9656367099748911,0.6479298739795553,0.7327283858601795,0.0,0.5991094986164691,0.2357044232471518,0
1017,84,1,6,0.8357246636525659,0.518720501200933,0.9292176893007068,0.25,0.3476776285973824,0.09464214291785056,1
1018,57,1,4,0.9240528103841565,0.6237095894589588,0.7985934370466176,0.75,-0.06437311541474788,0.09804522270609417,1
1019,70,0,7,0.7,0.6114892418619087,0.7205463111667115,1.0,-0.2694655417489198,-0.023046219447610317,0
1020,78,0,3,0.6592183617258128,0.6589542329196868,0.45197356749938133,0.0,-0.33254366805809954,-0.12889479441959595,0
1021,43,1,2,0.8426215604218661,0.478250900212211,0.4226389049521528,0.25,-0.22049071785768143,-0.08735986486513747,0
1022,56,1,5,0.9845756630994987,0.6430115081767857,0.49133778454528154,0.0,-0.07162665389335843,0.4647550872449525,0
1023,48,0,2,0.8099773365215377,0.7,0.8609195764389106,0.0,0.23706598496400844,0.07615334998555967,0
1024,55,0,3,0.9633193055259949,0.5424934245610351,0.45584935361493917,0.5,0.17980716784776013,0.14628314589789393,0
1025,72,1,5,0.8955873782485313,0.44268563911189074,0.939738449776806,0.5,0.3620707140924838,0.1352034853189128,1
1026,67,1,6,0.9076922235798044,0.5085668555039183,0.6923381551220784,0.25,0.2297669812421671,0.16282869853843185,0
1027,44,0,4,0.7744757172906778,0.6425585056158839,0.33494503843094986,0.0,0.09426767967723876,-0.07329308580755467,0
1028,53,1,7,0.8924576984252801,0.5615759985905849,0.9373566873410774,0.0,0.5196226797432886,0.10128441881351624,0
1029,75,1,2,0.6316538081288487,0.539584279286743,0.5754564189865212,0.75,0.10204522582580422,-0.03337360357734531,0
1030,31,0,3,0.8706705578803713,0.5655096155560454,0.6392764819761735,0.0,0.5476747308524834,0.1442110094353889,0
1031,30,0,4,0.9756942944036421,0.6757364884584105,0.7361165815428445,0.0,0.4389619900474991,0.14977228916736474,0
1032,84,1,6,0.9014181492496681,0.6192036479282969,1.1628197928994415,0.0,0.7202964485145236,0.23312228059540008,1
1033,83,1,4,0.9438785846000194,0.6231964156400722,0.7801986587720987,0.0,0.3136283332475707,0.32928264620128556,0
1034,73,1,6,0.9505855034832125,0.5292175797072111,0.322599304047363,0.0,-0.28042190936246175,0.3328369876408369,0
1035,34,1,8,0.9365719588494994,0.7,0.6520031440788523,0.0,0.15630710134475223,0.2127393698750616,0
1036,84,1,7,1.0084145569055294,0.5274158341203188,0.8609402060245865,0.0,0.2832051505079807,0.08449148030351239,0
1037,68,0,6,1.0965751621125621,0.5330884258993717,0.5642029256195839,0.25,-0.18180104706219735,0.28751673283668544,0
1038,57,0,3,0.7847609046619035,0.5425623180173926,0.4837466498915585,0.0,-0.03382391950222413,-0.09655361697686071,0
1039,60,0,5,0.7,0.5192181710182283,0.5692115042297747,0.0,0.0962032531932896,0.03250163873437195,0
1040,50,0,2,0.6719592791043305,0.6654230793833216,0.26101466727864014,0.5,-0.17442745384671354,-0.10018608303358822,0
1041,68,1,2,0.7743230327582518,0.7,0.6266945131365428,1.0,0.34662916983939945,0.050787144894334335,1
1042,46,1,8,0.8440265360280401,0.5670663035990755,0.8570462831816201,0.0,0.1226353751341892,-0.043007537197172985,0
1043,47,1,6,0.8395231211178806,0.5845123104903238,0.6951983175582176,0.25,-0.00411196535046543,0.17363210312381427,0
1044,77,0,4,1.018819316361479,0.6126196788369687,0.6653739101721234,0.0,0.1740318872412237,0.318819316361479,1
1045,75,0,2,0.8658689418551323,0.5797902405745835,0.19455475899638752,0.0,-0.24763204582106774,0.14215938164053898,0
1046,48,0,7,0.9996559392085481,0.5933714068970206,0.7656794672968948,0.5,0.43330937645661216,0.3205160569242116,0
1047,84,1,8,0.8443547582005244,0.7012332718284898,0.929332043832542,0.0,0.36473717728699384,0.14435475820052446,0
1048,40,1,5,0.910771246903914,0.5995938060365773,0.8758298355923526,0.75,0.34652916988728133,0.1755298618084441,0
1049,76,0,4,0.5181777672048098,0.508695078369922,0.6484796505759453,0.75,0.5544396445671569,-0.11745289819924654,1
1050,50,1,5,0.7374028038413175,0.6191323608935572,0.7,0.25,0.10960999784075232,-0.06967646352887213,0
1051,49,1,7,0.8197383674440207,0.6130989863314096,0.6164406591247081,0.0,0.09344769593113211,0.2120049815006072,0
1052,60,0,4,0.9404122757444634,0.6694247240047878,0.5133235378266797,1.0,0.12795320974476998,0.1499514672602963,0
1053,43,0,7,0.8400753342968984,0.44639688081186973,0.558548320140954,0.75,0.18018833835812914,0.08657984431182864,0
1054,41,0,4,0.658059676259193,0.6795697589461569,0.6690112227466095,0.0,0.20425377220022312,0.07826819490850623,0
1055,39,1,7,0.7,0.7419130964973552,0.9853407952236846,0.75,0.6919761171887413,-0.20948944087868226,0
1056,82,0,8,0.8494635057245294,0.618926423511053,0.7,0.0,0.6723863746681549,0.11852526520364981,0
1057,34,1,4,0.6940248254847855,0.6233421323884706,0.7,0.5,0.25114210168049145,-0.14558424365251943,0
1058,48,0,2,0.8368407638168857,0.7199424620548284,0.606878555382096,0.25,-0.08955126414993597,0.30976607798869193,0
1059,49,1,2,0.7665024378211315,0.7437530007255649,0.4789749066167723,0.0,-0.21616688596646466,0.01461896422803266,0
1060,68,1,4,0.931119252604045,0.6516650482368627,0.4224166360699434,0.75,-0.1991614574799886,0.15716798183406222,0
1061,65,0,3,0.6123679051721461,0.6095847730625298,0.6915548506743685,0.0,0.2829956991605572,-0.011971524989901061,0
1062,42,0,5,0.6739248489026045,0.5985213197756554,0.8209612702180152,0.0,0.32737273342359524,-0.09439739967387595,0
1063,83,1,8,1.1026488094427476,0.5075462675136321,0.6569339420449215,0.5,0.03845957072677819,0.22745807330976264,0
1064,32,1,8,0.8903992903499833,0.4313373378190352,0.8322586994771487,0.25,0.33883337642510253,0.2667081551904441,0
1065,72,1,2,0.48854996785184823,0.6083335728214538,0.5601728113107755,0.0,0.20882567553451276,-0.3956369504978826,0
1066,71,0,5,0.6200010526155424,0.6142680744104437,0.6756470425817653,0.0,0.22562110493754528,-0.24623682815890846,0
1067,67,0,5,0.9375936307790178,0.570978928712043,0.6102509323117435,0.0,0.3203908171370303,0.12842564814661062,0
1068,33,1,6,0.8885788861077052,0.6817067160957674,0.6222908486026362,1.0,0.05020439246091202,0.21347029215437874,0
1069,61,0,5,1.007166645150872,0.40351563964592574,0.5359115711101224,0.5,0.06641130727895334,0.029535159754557228,0
1070,41,1,7,0.8272720988396759,0.5353539502503198,0.523666843723796,0.0,-0.05037330412299179,0.2659650870590411,0
1071,73,0,3,0.5314739552391131,0.5470486031280525,0.43029831961049525,0.75,-0.11913541533549488,-0.218245497023138,1
1072,68,0,6,0.803848619390181,0.6513957833797197,0.5272073848162356,0.0,0.07045795798472837,0.05358138269584278,0
1073,68,0,7,1.0278518023294896,0.4468302058252325,0.6871483136422248,0.0,0.3274844756813858,0.5195316009196304,0
1074,74,1,8,1.0193379728465082,0.557273314151985,0.9254244186574413,0.0,0.5467252627264805,0.4221318444056136,1
1075,65,1,8,1.0990339488645744,0.7227743307242633,0.8186821871526339,0.0,0.37330143283534817,0.21858910058808956,0
1076,79,1,4,1.0903336972620374,0.525836268892249,0.38360714076974983,0.5,0.31829027104449614,0.276003460105391,0
1077,72,1,7,0.925810567896556,0.6074437722381505,0.7446872294520767,0.0,-0.04363381714178671,0.16609459606816546,0
1078,63,0,2,0.9548514742024953,0.529472526791688,0.6370991877808708,0.25,0.17880413521252692,0.08934088852438826,0
1079,67,0,6,0.952511336082834,0.5584459843937684,0.6927259205528195,0.5,0.2786453677336256,-0.06497391086002346,0
1080,65,0,8,0.9812868027311914,0.6660517001264773,0.8431388012654042,0.0,0.2498118341216633,0.08494635459304889,0
1081,38,0,8,0.8989364550463357,0.6743413358482943,0.8172374155232056,0.0,0.11723741552320566,0.23892305107742617,0
1082,56,1,8,0.7,0.6326943523313624,0.7660437795690288,1.0,0.040147931687545046,0.0,0
1083,64,1,3,0.6299971766883818,0.501336014308273,0.6846069930709587,0.0,0.07823633367263583,-0.23256848346531744,0
1084,34,0,7,0.8098645787640807,0.48688876855446184,0.7797577498045225,0.5,0.4821439242596538,-0.0072582532740887995,0
1085,43,0,4,0.4810299527004993,0.7638268279639374,0.5387824144071873,1.0,0.07130537191825542,-0.2611980724643359,0
1086,50,1,8,1.1185352374473174,0.5829265301655319,0.554395317984525,0.75,-0.08728152944835577,0.3365353066799681,0
1087,54,0,7,0.7641287281075273,0.5117205465316381,0.6714180702075334,0.0,0.3444818543363084,-0.030811507235896207,0
1088,31,0,4,1.0194364228105177,0.6066490490806706,0.4713490182351296,0.0,0.05984350907318248,0.31943642281051776,0
1089,59,1,6,0.7088491902465465,0.6245152247408062,0.8947390384780559,0.25,0.4157924036005653,-0.15795574367984366,0
1090,31,0,7,0.7058834010852181,0.602256385127645,0.7636602522319837,0.5,0.5646102156437051,-0.22475700969779966,0
1091,40,1,8,0.8580045746816558,0.5388511667558902,0.8362795743553134,0.5,0.42553340131841694,0.14465507703968172,0
1092,79,1,7,1.1244171760995414,0.46944637061928035,0.8345620268710793,0.0,0.2057637245224082,0.3884282507397073,0
1093,60,0,8,1.1144913977608133,0.5249999597244489,0.7,0.0,0.04911027699831383,0.3401768062580993,0
1094,61,0,5,0.8829061761729977,0.6496137784817146,0.783270719367028,0.25,0.13612458694169538,0.1499826957514966,0
1095,32,1,8,0.9965628521297331,0.7779749876946763,0.9719686946814501,1.0,0.746713307252835,0.48296349490325685,0
1096,82,1,4,0.9483989705721282,0.6134360463500307,0.43839102789403456,0.0,-0.14049032374353582,0.15008301596343054,0
1097,31,0,5,0.5355091698723039,0.6480169129840081,0.6542650841395783,0.0,0.3800146219550981,-0.20280392220233057,0
1098,71,0,2,0.7908682554818088,0.5769705014469146,0.17110083707688026,0.0,-0.27247292685128977,0.03465905369673228,0
1099,54,0,2,0.5883379972878251,0.6416808891557142,0.5193201705380617,0.75,0.05821235102300726,-0.17304334983903924,0
1100,81,1,4,0.8250151714390639,0.5727193988902598,0.46747242223248425,0.75,-0.17921443921149077,0.12501517143906393,0
1101,60,0,4,0.8157121613452355,0.5927541868751091,0.5645921830922354,0.0,0.23490073930357708,0.11571216134523554,0
1102,33,0,2,0.8482628112868447,0.7366017272709151,0.6182269355276155,0.0,0.3241493977591934,0.07789172351237805,0
1103,58,0,2,0.6825474165588465,0.6590085262938115,0.2761315450444404,1.0,0.011937164034004466,-0.06991506379014656,0
1104,69,0,5,0.8687547835215343,0.714274965785244,0.2991285610937494,0.75,0.09171337615311784,-0.029799640257152205,0
1105,83,1,4,0.802423832461129,0.4314018560432868,0.8749395305036418,0.0,-0.052675852255406164,-0.04762390877692768,0
1106,65,0,7,0.760409066977883,0.6630635635621064,0.7331036722853477,0.0,0.0756918591677429,0.18056997333135727,0
1107,50,1,2,0.578419511354452,0.5718804131058539,0.6408924465800787,0.75,0.29846482487740583,-0.09475917820334412,0
1108,53,0,5,0.6529892934236844,0.6257912298054091,0.424916660819191,0.0,0.03374284240887021,0.05835767243760848,0
1109,75,1,5,0.8585623573794346,0.6984074834905155,0.18219337237559022,0.5,-0.36590464387936994,-0.007134556524245994,0
1110,81,1,6,0.7394604429334426,0.5544167761053819,0.5121351494875366,0.0,-0.2714210232808878,-0.08460159069898099,0
1111,55,1,6,0.6340083868757119,0.6174642586443093,0.6060329971598942,0.25,0.2561662015580657,-0.12168232526778977,0
1112,71,1,6,0.7811336930477288,0.43703384502960035,0.9017817385232784,0.25,0.36338116806799703,0.034884589077667894,1
1113,82,1,5,0.5347257653332723,0.5662202841036303,0.36792709239508703,0.0,-0.003833639001341538,-0.28437433389126565,0
1114,33,1,3,0.9587113484167673,0.6633414454512149,0.5255850905129078,0.0,0.1053608789115067,0.2010743092911872,0
1115,49,1,8,0.9774585379892707,0.683394408768786,0.7987482682284922,0.0,0.5335427624575924,0.15126922994421133,0
1116,34,1,5,0.9651237752175942,0.608239882060659,0.6073851154549884,0.0,0.1562642127578054,0.21778093793908881,0
1117,60,0,5,0.7545558365031658,0.6451920422357287,0.7432609256122944,0.0,0.37450598410675484,-0.13430111228963215,0
1118,44,0,8,1.0695584295430527,0.5439297922251387,0.8496186319169836,0.0,0.5615744196448184,0.44693669940748204,1
1119,60,0,3,0.9808939181252029,0.6127626856650906,0.7,0.0,0.12586619680058164,0.24097274492387954,0
1120,37,0,8,0.9631929723939683,0.40015132968331485,0.3173891568296663,1.0,-0.17848910388421646,0.13248426263411472,0
1121,31,1,7,0.8557993180470709,0.63278696151548,0.8715456742057026,0.0,0.3413942019321021,0.1611085029608691,0
1122,31,0,7,1.094932134857978,0.6051539698237561,0.8476829366492031,0.0,0.5764685384830645,0.25812417830306156,0
1123,47,0,3,0.5531702903639697,0.5119799515181388,0.519767445339367,0.0,0.06823270853131375,-0.5641498677166643,0
1124,31,0,2,0.6751855063172242,0.6193154274077061,0.5877848079060984,0.5,-0.12377138285420897,-0.26977613704902126,0
1125,41,0,6,0.9479106742999065,0.6593133616242375,0.6222385939493799,0.0,0.3171617126553757,0.10306434276129306,0
1126,58,0,5,0.8064653151107956,0.6809589478253518,0.7960402747404558,0.5,0.4818580422305497,-0.0306799034606422,0
1127,32,1,6,0.757659693217784,0.6597349271548899,0.5005209801411846,0.5,-0.02748984281663891,0.22150346078363725,0
1128,47,0,7,0.8167546505118581,0.6235098383673843,0.5621124436888576,1.0,0.19327279372204592,0.13196225199827638,0
1129,71,1,4,0.809634901508063,0.7455448318254985,0.2820559785140188,1.0,-0.048790964296817896,0.1596809749315108,0
1130,75,0,6,0.7,0.5522201046965585,0.7670073501835476,0.25,0.6276838112946418,-0.14030307957930144,0
1131,81,0,5,1.0117744518416407,0.6327003974247745,0.6377733003430108,0.0,0.09928490878454377,0.21011110750633633,0
1132,40,0,5,0.8954819265276589,0.45744445743503015,1.1589144670660383,0.5,0.7303642540641435,0.19811418016166915,1
1133,42,0,6,0.8912145570433693,0.5318896597568079,0.49097504060604835,0.0,0.0009704035684004464,0.3434379007403182,0
1134,69,0,5,0.8405343080285179,0.7032420405667142,0.5135578855858396,0.25,0.19697659282572672,0.05979424200516048,0
1135,30,0,6,0.936483951068067,0.6454121336239176,0.48616724869911293,0.0,-0.007807052630022737,0.1735703263708932,0
1136,75,0,4,0.7799384495022147,0.5940578212862024,0.5528586025660388,1.0,0.42388882827749746,0.10867018277000484,1
1137,68,1,6,0.9712945680645164,0.5098279907411094,0.3710230526120876,0.25,-0.06945419444618445,0.392715848715091,0
1138,43,1,6,0.7183619867640395,0.6405032201339528,0.45979805734300844,0.0,0.06027702991007067,-0.23476736725209024,0
1139,30,1,7,0.9127536059689929,0.6615557915227523,0.648699139226694,0.25,0.4193566344966305,0.29622878466456226,0
1140,60,1,3,0.9981279432204349,0.6682340074867364,0.5588836715588641,0.25,-0.11235950030027764,-0.005558455821797814,0
1141,55,0,6,0.7990683841943264,0.5832750828790736,0.4405871753040859,0.0,0.1316496426035299,0.0990683841943264,0
1142,82,0,7,0.9093329027910494,0.53447783320019,0.5215909115000893,0.5,0.2760621013112593,0.22566658888718638,1
1143,45,0,7,0.9411033301062984,0.5065345920022377,0.3389113798350867,0.5,-0.2039430175118947,0.09167894995607895,0
1144,73,1,4,0.8194709521359748,0.5581727734684682,0.7749300888122864,0.0,0.33077809565262367,0.2692123210804708,0
1145,78,0,2,0.6674148267981513,0.6018546126841351,0.43074181351526913,0.0,-0.16407256835791756,-0.07292398892850704,0
1146,77,1,8,0.9884236694451561,0.5634833174848916,0.6708629913893179,0.75,0.0907999285584481,0.42497820429826094,1
1147,76,1,5,0.8428886983406688,0.5348028861665963,0.2952518403878868,0.0,-0.304494586170496,-0.04105573866855694,0
1148,57,0,7,0.9292759860499032,0.5904147466086888,0.7418378420721514,0.25,0.41004460596976927,0.2292759860499033,0
1149,78,0,6,0.8117741813139968,0.6311364075934914,0.580370604061757,0.0,-0.17484054445949437,0.1225128487649002,0
1150,48,1,5,0.6802269159720586,0.5278897844019581,0.5546680011037587,0.25,0.22409866666143324,-0.22872429453935683,0
1151,76,1,5,0.8473835154620627,0.588986506234506,0.4101518275124218,0.0,-0.0458922190598029,0.0631346885716767,0
1152,50,1,8,0.8362907385332536,0.5886074868700595,1.0328531923324262,0.5,0.2953316781021872,-0.10019943228005035,1
1153,35,1,7,0.7533796076705509,0.5638611962566187,0.6560207830011683,0.5,0.5577857445978764,0.020955215910276825,0
1154,37,1,8,0.9401402816247986,0.7,0.6387131601392001,0.0,0.18605372879377785,0.24611521298556738,0
1155,34,0,8,0.8682783265935865,0.4462107384478833,0.7410286124898887,1.0,0.14817072010414245,0.05897860357805729,0
1156,52,0,6,0.9893311239990089,0.704837258045541,0.5453396892117015,0.0,0.016745704818901586,0.10104403084513136,0
1157,32,1,6,0.8371018338813246,0.6259206506183298,1.0001704564765561,0.0,0.7965704609260361,0.28132755365832895,0
1158,33,0,8,0.9518727683018574,0.6628797035417281,0.7060160599019814,0.25,0.06030566419381367,0.2540517228308067,0
1159,60,0,7,0.9737372684994373,0.5409003124407362,0.6776636740575329,0.0,0.09333104765937805,0.0836655649092023,0
1160,31,0,4,1.0164602252987942,0.7,0.584240249821565,0.25,0.09227272467817094,0.01177710054745873,0
1161,72,1,3,0.9742059682106573,0.7,0.6424036568436785,0.0,0.2533106369469206,0.29987260015401584,0
1162,48,0,2,0.7817676099768122,0.5028992551392639,0.4733852697579049,0.25,-0.12087261746856631,-0.08582584105002267,0
1163,73,0,4,0.646301331239381,0.5707776475858897,0.7184125958296155,1.0,0.013852919251851503,0.0067106256136511,0
1164,43,0,3,0.8697031924328311,0.6875481862972466,0.7,0.25,0.34392527405628454,0.1206865997199359,0
1165,42,1,7,0.6945870337422443,0.6003916320283637,0.6441030906499196,0.25,0.20625249650672095,0.0016013285030556101,0
1166,63,0,7,1.0385952554769857,0.5900846082989679,0.38320381428290856,0.25,0.15393054373566326,0.2052340345436816,0
1167,78,1,4,1.0173158908941633,0.6864343343322455,0.731608565954594,0.0,0.327099506939573,0.16100373781546595,0
1168,55,0,4,0.9396407769544617,0.4936689130916463,0.5509315735654187,0.0,-0.019916060867200214,0.2232431931479152,0
1169,64,1,6,0.8221447156973501,0.4912917731415631,0.609801164634536,0.0,0.01902633978181667,0.005607212680413531,0
1170,63,0,7,0.7443110339500738,0.6578610022015067,0.695391203900203,0.0,0.24451672828609378,-0.2615270039900002,0
1171,82,0,3,0.7822312361647845,0.4496826748820439,0.4479660363579472,0.0,-0.10975996789757736,0.01108777626217694,0
1172,43,0,6,0.7921151711608292,0.4894421959732118,0.5502014638471399,0.25,-0.1497985361528601,0.10869099717986419,0
1173,44,1,3,0.7,0.6093109958436461,0.5139843648485678,0.5,-0.18601563515143216,-0.06657139920963795,0
1174,69,1,7,0.8729679215915541,0.6958407151079491,0.6342667315121606,1.0,0.34217452531726816,0.10132029610018434,1
1175,32,0,6,1.0299259146997035,0.7,0.7717060331208969,0.5,0.4951653293207431,0.2621532077396119,0
1176,81,0,6,0.704256756269423,0.6092753226431228,0.4177738018530375,0.0,-0.004895481994093953,-0.058325566583509736,0
1177,57,0,4,0.7704162108798943,0.5298034104876568,0.5785769428356163,0.25,-0.030424870072420895,-0.09619235062271025,0
1178,52,1,4,0.7886750209041762,0.534391602606934,0.485468772840724,0.0,0.039879847300546,0.19249608024308817,0
1179,64,1,3,0.8089020442113821,0.6157561907725817,0.38661127390357575,0.0,-0.1292845143865402,0.062449205687213905,0
1180,74,1,3,0.7209023043944874,0.6319654684176955,0.14390689049509245,0.25,-0.5560931095049075,0.28920430059973595,0
1181,44,0,5,0.9756398870086707,0.57244687166095,0.8526380784311008,0.0,0.29342442785035505,0.22355077840635806,0
1182,56,1,5,0.8366763502842329,0.5635371358407573,0.8970221083632666,0.5,0.6922920961207663,0.12486064522352613,0
1183,78,1,3,0.8324584089522894,0.6035247674050186,0.5688972514144307,0.0,-0.1548189115930061,-0.06868016548020062,0
1184,66,0,5,0.8233072829556082,0.7552897723175023,0.6620422350418073,0.25,0.14252837911377814,-0.0102939060161793,0
1185,47,0,2,0.850109471555146,0.6035836572505784,0.6929101032768005,0.25,0.29978424542817117,0.22823789633931812,0
1186,57,1,4,0.5911804280142239,0.5269616414494835,0.5195969653829966,0.0,0.04998739118633222,-0.2143979276103326,0
1187,70,1,3,0.7208415098123442,0.6103766495821713,0.4524432967419935,0.0,-0.010524235189396325,-0.2964151774519381,0
1188,75,0,5,0.8766078642260543,0.7425741716761375,0.6057223081940427,0.0,0.07261506289460085,0.05251183148561289,0
1189,63,1,4,0.7782814852979592,0.569243938945589,0.41823486210103566,1.0,-0.02505847965484037,-0.035988110844761056,0
1190,60,0,7,1.0593417759884987,0.6641672345455225,0.8124465140310148,0.0,-0.10145358021902617,0.39656731279667856,0
1191,63,1,6,0.9625195037393639,0.7234230516765945,0.7296986163025151,0.75,0.13959331827046217,0.36964361378087285,0
1192,70,1,6,0.8502801096990573,0.7,0.5238008325143763,1.0,0.00746478575039089,0.12310253341385047,0
1193,84,1,6,0.9824176406912849,0.710974661879688,0.9999131129873599,0.0,0.2468224784334765,0.3561494275561954,0
1194,55,0,6,0.7287753899920184,0.7,0.8060930719259531,0.0,0.4002860319677401,0.0631150834343509,0
1195,44,0,6,0.8139591342028878,0.5839050759879386,0.8464586034069278,1.0,0.46666970296085886,0.020112115907322203,0
1196,52,1,2,0.6228082260114696,0.6672195730282918,0.1961814140089451,0.0,-0.3473025493101345,-0.01874695401562665,0
1197,61,1,8,0.8912203530041762,0.6871881502999788,0.83441944451437,0.0,0.0017782508329398095,0.1177929770513364,0
1198,35,0,8,0.7203189827231941,0.5727950162281442,0.4876708423813177,0.5,-0.1493031520863532,-0.08922258916577253,0
1199,70,0,2,0.8252210954262903,0.51197369644476,0.40411115933851366,0.5,0.12979669713763953,-0.053344025743728096,0
1200,32,0,2,0.5917877517808726,0.6760687853565784,0.7782155349537333,0.0,0.22987736578426066,-0.0887115441261922,0
1201,57,0,8,0.9352789689859696,0.4222769433298899,0.690451918963922,0.5,0.19538143365020388,0.19007883295761274,0
1202,65,1,4,0.795955393263103,0.45591673366340535,0.7302109594221914,0.0,0.3517901872509768,-0.034413481816370606,1
1203,49,0,2,0.7756744879603792,0.5247715935598127,0.30406192985770447,1.0,-0.2796285565360929,0.0441069653111994,0
1204,64,1,3,0.692281792151239,0.619730180577311,0.567279407080069,1.0,-0.16328558515776392,-0.20406609180003488,0
1205,67,1,2,0.8451595937454441,0.6886926762915085,0.5049412324938246,0.75,-0.03212704516140785,0.19230613564116716,0
1206,70,0,6,0.8577489223150774,0.5096705494098275,0.4792074988129304,0.0,0.27002417263203254,-0.03470433170567788,0
1207,64,1,7,0.9904728956380373,0.613108845619761,0.5945244360147046,0.0,0.31736141721430167,0.28020517822542357,0
1208,33,0,4,0.8017233884769174,0.6267879177908564,0.6674113081441113,0.25,0.13074426659058058,-0.10349361627840759,0
1209,64,1,3,0.9075549393400144,0.7949536533111063,0.7443908674380844,0.5,0.3365650588592152,0.11821591981700019,0
1210,47,1,5,0.8124327489250376,0.5702059824233112,0.4043492072871381,0.5,0.07440646559906378,0.11243274892503763,0
1211,66,1,6,0.8773287289968635,0.7,0.33482194951296695,1.0,0.0871626540469202,0.12014815253252165,0
1212,47,0,8,0.9744520459826629,0.48095339265685255,0.6177286786930316,0.75,-0.031168746603111974,0.18072758081562768,0
1213,35,0,4,0.7268833226606464,0.7,0.4541589713473842,0.25,-0.25058289237341175,-0.1594289332402593,0
1214,44,0,4,0.8637232957627394,0.5708667765927791,0.48834045988112645,0.0,-0.011921876910551299,0.13507321089694613,0
1215,66,1,2,0.6625519607171061,0.740976979831246,0.31907896805622327,0.0,-0.24754496431165196,-0.07558761757589827,0
1216,57,0,7,0.9662234475080537,0.579785980040703,0.6424310522652881,0.25,0.17557182406487326,0.13881038086287334,0
1217,41,0,3,0.7799821902309495,0.6039592245220844,0.7243275113875632,0.0,0.20910910200659816,0.010278063360314338,0
1218,47,0,7,0.8500557043265883,0.6130162648520231,0.7509024033463707,0.0,0.39041593306934036,-0.1898462701234479,0
1219,57,0,4,0.7941320724995766,0.470878582199832,0.47768320715090895,0.75,0.07904062759920255,-0.13234810784098483,0
1220,64,0,7,0.8285763338419879,0.6737567105228962,0.9093941235498648,0.25,0.22516417120198406,0.055031925822836,0
1221,49,0,8,0.9686582389656926,0.5876129309688518,0.8784335161900526,0.0,0.4962586596427399,0.2463882051156464,0
1222,83,1,2,0.7797751048491655,0.6230064273557506,0.4225057949489664,0.0,0.04300560333291509,-0.14872260777819202,0
1223,79,0,4,1.0781601040686382,0.6244727646607263,0.2240039967690072,0.0,-0.05715231807222951,0.3280040106931643,0
1224,36,1,6,0.8759782427785414,0.4972302838455151,0.37969324317238656,1.0,-0.013668141105567078,0.030586505350854165,0
1225,60,1,5,0.7816581572495784,0.6175004218705198,0.6873921267157053,1.0,0.29754856189392775,0.0760679084397804,0
1226,39,0,5,0.7,0.5186574052791612,0.4501176527611018,0.5,-0.21985314160641511,-0.23121154382861386,0
1227,38,0,8,1.0423700353056822,0.439537391102606,0.9427175536280678,0.0,0.6103041530204302,0.26235751206410973,0
1228,40,1,3,0.7951393744455708,0.6479364796966368,0.5416864490886406,1.0,-0.010008340438556695,0.014197155669269712,0
1229,45,0,5,0.944377841823585,0.5221901859795911,0.5222815699552226,0.25,0.14704383444276586,0.2271490519283098,0
1230,47,0,4,0.855923206042265,0.5869535514736145,0.5978036745958785,0.0,0.19873846362947006,0.10223147221794449,0
1231,77,1,3,0.6963438414514936,0.6131275753696843,0.5700130759228109,1.0,0.17511100444209365,-0.14691564485967823,0
1232,40,0,6,0.9436783916437339,0.6187167475877131,0.8949250047119828,0.75,0.3348103375346755,0.05619330387078336,0
1233,44,0,3,0.8341738925409732,0.5330524908206514,0.5124416047411186,0.0,0.042415733705489844,0.04457104108989429,0
1234,46,0,3,0.733460997971701,0.7913595491442369,0.699286990694329,1.0,0.185338927946748,-0.04826292413957223,0
1235,44,1,3,0.7617543232181622,0.5568667341809527,0.5893318475508901,0.0,0.1795870950238478,0.3316797606030106,0
1236,63,1,8,1.0713591182940083,0.5809970820469402,0.7348452968545197,0.25,0.20252249452197513,0.35652951646362074,0
1237,42,0,4,0.46038975583375963,0.7251205725876079,0.7241370253032433,0.0,0.048683177075545814,-0.3987079842023843,0
1238,81,1,4,0.9967232924392988,0.5946435526983005,0.9661692219009655,0.0,0.2566470908047197,0.47667870877453955,0
1239,68,0,3,1.0549515061353023,0.5642390545277621,0.5848986567916618,0.0,0.2523179793814104,0.3006539865490002,0
1240,39,0,4,0.7175494958012298,0.5827956240944709,0.6381218920884759,0.25,0.1246669336315005,-0.11659527396260083,0
1241,65,0,7,0.8171185145742755,0.5327500631509254,0.7936525537733349,0.25,0.7356363711136775,0.2539518971226795,0
1242,49,1,7,0.8068708910979997,0.5933561174995505,0.5444645502763485,1.0,-0.04728751965896294,0.11415586688700174,0
1243,77,1,2,0.7807326167265335,0.5645669011473694,0.4295004256843326,0.5,0.07398143307749028,-0.18083238631083653,0
1244,76,1,8,0.7,0.5601607274095666,1.0434154675692264,0.0,0.21922227024893193,-0.24760624667739228,0
1245,72,0,8,0.9503743738354473,0.518455306613775,0.4335246748069552,1.0,-0.07255790813442065,0.13939213824043295,1
1246,32,1,3,0.7191080119599015,0.5885371974787634,0.5163781150976016,0.0,0.0010357720844449414,0.0424055695206752,0
1247,68,0,4,0.8630635152073145,0.5510757068513219,0.7597676949195067,0.0,0.4602096973263756,0.13017567307858569,0
1248,73,1,8,0.9517040922885347,0.638847300237082,0.6390224661590087,0.0,0.23484599654328853,0.15762749157565714,0
1249,83,0,5,0.6431179884168262,0.48367585097766563,0.5700307561682972,0.0,-0.11919855081768593,-0.22971108305136423,0
1250,81,0,4,0.7687316326746828,0.6758809889115376,0.7526046759837037,0.0,0.18582928066923954,0.034014123505802574,0
1251,48,0,6,0.9258165132635985,0.6859619087889258,0.5077368174972993,0.0,0.1235527249261194,0.16654564808958428,0
1252,68,1,8,0.8385835893984062,0.44548747790392007,0.6789340510489471,0.0,0.3481726116780098,0.10626804187428063,0
1253,52,1,7,0.748209763863859,0.6621444130934222,0.9887019723165534,0.25,0.6813436387168896,0.048209763863859,0
1254,54,1,5,0.8381935283157032,0.6091336632707001,0.7,0.0,0.0,0.07217290964973078,0
1255,47,1,6,0.9498103192474318,0.627841561843319,0.9125295648651418,0.0,0.38031111593973466,0.23497039164718447,0
1256,52,0,8,0.8670003522477764,0.5072732821021243,0.8676899808572692,1.0,0.33003744043025685,0.1482176824964634,0
1257,31,0,5,0.6689953591188861,0.489851179878783,0.276216374407007,0.25,-0.35464897422317726,-0.20110315485661923,0
1258,82,1,4,0.6792733491046351,0.5352719761444932,0.8792875321585387,0.25,0.4869339628335034,-0.010914093154572035,1
1259,50,1,4,0.8494615515746727,0.5953188279810664,0.4474204053300287,0.75,-0.06310531883990977,0.18236718922132933,0
1260,47,0,8,0.7,0.7000902720586238,0.5368211937260224,0.0,-0.1133829301958974,0.010324533212270781,0
1261,73,1,4,0.8782080310287672,0.6279652542561485,0.6471092142958345,0.75,0.3947162911023645,0.21642916644983212,1
1262,51,0,7,0.8137987720912737,0.571776472907175,0.7394322651956464,0.75,0.4886904765400339,0.11379877209127376,0
1263,36,0,6,0.7732031603504832,0.6190680805940049,0.6627320493949401,0.0,0.1905413125756552,-0.023263359866947164,0
1264,72,1,2,0.8964530957831351,0.5426476793521509,0.37450222435496483,0.5,0.015002903285767921,0.2368173981973014,0
1265,52,0,4,0.7177097608830367,0.46462636940209434,0.5987168975243021,0.5,-0.04369910783300213,-0.04605872657191479,0
1266,47,0,4,0.7949860068034446,0.6259872315909492,0.6438713214911697,0.0,0.3214944428906601,0.039909836153320555,0
1267,84,0,7,1.0463952090210182,0.47549066832824055,0.8422696201214966,0.5,0.2669095747114494,0.21578990520875707,1
1268,41,0,3,0.7482396855342991,0.6127875449222264,0.7025707688038249,0.25,0.2191410945803821,0.0530021732248217,0
1269,79,0,5,0.8810192108521038,0.4831076614817375,0.7390436685478698,0.75,0.5383603472381195,0.17924871406500675,1
1270,46,0,5,0.7890894592595888,0.7,0.3897493605640042,0.0,-0.10202302948906955,0.20299483805852403,0
1271,65,1,6,0.5552643123854435,0.4452587040809719,0.7432534622824686,0.0,0.31562956846639456,-0.3003571623889817,0
1272,70,0,8,0.8304093176338224,0.6061542167044419,0.6627752301134924,0.5,0.03159702273428977,0.1126825002426819,0
1273,58,0,2,0.8333116691698573,0.5688829566354368,0.600632872288661,0.5,0.0697659765647185,0.30972473574495596,0
1274,55,0,6,0.8892863428603641,0.4855148787063128,0.7336429731059485,0.0,0.17142899596498806,0.06418018099913259,0
1275,48,1,5,0.6405364357221072,0.433966443763388,0.8801366141520259,0.0,0.30193725503175883,-0.08129502623622775,0
1276,66,0,4,0.6091830051780063,0.7,0.7527969267821116,0.0,0.26351923319646314,0.09568720393232433,0
1277,58,1,2,0.9088222354672293,0.7227714362312079,0.4286164762237714,1.0,0.17236911110185554,0.08399979282183023,0
1278,73,1,8,0.871086119464827,0.6138135046818163,0.544865882375814,0.0,-0.04252922251113955,0.08872938096022687,0
1279,72,0,6,0.6647681540592606,0.6403465219786849,0.3060244228809544,0.25,-0.3363582681313125,-0.1434669419989132,0
1280,39,0,4,0.8866877031982565,0.6733730542222923,0.6075686977772131,0.5,0.1595200180768479,0.23777251632233565,0
1281,61,1,3,0.6250176685694906,0.5858571309587961,0.9612909480725229,0.0,0.3235679396688208,-0.07498233143050936,0
1282,70,0,5,0.792739887401626,0.5892088753238811,0.5316449233260301,0.0,-0.065546933397719,0.15196254480971016,0
1283,77,1,5,1.0710589177222811,0.6943247209295569,0.46640189210406524,0.0,-0.24974282422881378,0.5272572302115238,0
1284,47,1,3,0.9865280078226849,0.6992686781619034,0.4934710175286798,0.25,0.16643757443518686,0.2198874455187395,0
1285,78,0,7,0.8118760879638551,0.46615784777746067,0.968227657614771,0.5,0.3750102290586176,-0.06539588498278226,0
1286,72,1,4,0.8093452204336364,0.8415239092867024,0.2700584760725162,0.25,-0.08380196292089903,-0.04444418731887967,0
1287,58,0,4,0.5836035561330576,0.6384643270226387,0.6589659447870595,0.0,0.18919546731021197,-0.038360092722926065,0
1288,32,0,8,0.8355199663354307,0.6479506861805969,1.0823655247763435,0.25,0.5115320913168715,0.12022605315298962,0
1289,40,1,7,0.7907205867424132,0.5152540115375742,1.035451119543528,0.0,0.5898026003429114,-0.06666949994697546,0
1290,33,1,8,0.9565802161735979,0.5915329515004468,0.8344922185955649,1.0,0.15782578394948488,0.11462600856330674,0
1291,37,1,6,0.7951575598200659,0.5167596527872451,0.4891526864671106,0.0,-0.07219492494117713,0.03198104199202512,0
1292,67,1,2,0.7,0.7247351843444032,0.5829736417866009,0.5,0.07166462187001443,-0.004172107584957341,0
1293,51,0,7,0.6288697090702526,0.5814552121717668,0.6351660753403262,0.0,-0.12222627761509508,-0.15132050008552744,0
1294,79,1,6,0.7,0.596411471293312,0.33981226638098944,0.0,0.10662465979089883,0.10818620216973296,0
1295,80,0,3,0.7959563756379544,0.7809204902858096,0.45533591081619773,0.0,0.25585670550927836,-0.04366923563872849,0
1296,57,1,8,1.0228573999742339,0.46138385541145,1.0987782563452,0.5,0.5840935603959683,0.4008185936653046,0
1297,79,0,5,0.9721066033952138,0.7426611047927433,0.7985398739331369,0.0,0.34253313438994437,0.1333088594436218,0
1298,31,1,6,0.7516206709138104,0.5687169081054628,0.5775494133962606,0.0,0.1329353401850032,0.0723405204063109,0
1299,66,0,7,0.9704654230036354,0.5126781268141222,0.7164834655533064,0.0,0.42416856557122334,0.173128308229462,0
1300,81,1,2,0.9310246547086298,0.738053517244347,0.4097581278434012,0.0,-0.010589904754357726,0.3005570550753913,1
1301,61,1,8,0.8967376550784038,0.5233132346084294,0.6920829258329709,0.0,0.06933709984563241,0.27104744049370055,0
1302,66,0,3,0.8025911685525042,0.7,0.5896614913959652,1.0,0.07445715381105589,-0.2085988771634999,1
1303,78,1,2,0.9500740986535685,0.6733566603997682,0.2943870617609434,0.0,-0.30879919758610086,0.05228424398783926,0
1304,31,0,6,0.797277472871841,0.5571511903823557,0.566471510064461,0.5,0.24928827726152186,0.16744027021798935,0
1305,44,1,6,0.8457595346881817,0.6805790082635421,0.5667692359707459,0.75,-0.019334693833584327,0.04087542551070256,0
1306,79,0,6,0.9038843811416234,0.4837691662019955,0.803812939920562,0.0,0.10381293992056206,-0.11574039306356243,0
1307,35,1,8,0.7390484381186465,0.48086376450846946,1.4299083888223199,0.0,1.0830201187121287,0.039048438118646556,0
1308,72,0,6,0.8985502569125744,0.5166382079767177,0.7312978044816519,0.5,0.32317783228998637,0.12370237001564743,0
1309,67,0,7,0.8922377419306584,0.5507682707771113,0.47205919810749186,0.0,-0.23596041206666818,0.12817167120190598,0
1310,83,0,4,0.8798359856874532,0.6184994614574625,0.3010912814297576,0.0,-0.23702643519305677,0.1798359856874533,0
1311,68,0,6,0.8509961675068166,0.6887833939460577,0.5091680183021735,0.0,-0.1285282605185949,0.2572044176597711,0
1312,64,0,8,1.098855828699986,0.58479817239851,0.7363398562387204,0.0,0.16372769695517275,0.21261785799553634,0
1313,79,0,2,0.7836889000512731,0.661276149992205,0.7810838308357511,0.25,0.23609431743372533,-0.022645608729234268,1
1314,55,0,4,0.6865213493956756,0.5502763528626715,0.5657569399093856,0.0,0.5738533003182603,-0.11885381508899662,0
1315,61,0,3,0.8517647000173106,0.7059733108828177,0.4808491705375877,0.0,0.035223048974324156,0.3574225092376098,0
1316,77,0,7,0.8582502056021561,0.5550726952817273,0.7066479378363791,0.5,0.17867515663497324,0.0846694203209265,1
1317,46,1,7,0.8161322405215593,0.5213225462408579,0.46033949389708706,0.0,-0.20115520517213215,0.04414249415612914,0
1318,83,0,2,0.7628969980491485,0.6407361363413877,0.5093829425907735,0.25,0.17063727457396227,0.006866541347011146,0
1319,71,0,3,0.7676387365423983,0.7274539073774604,0.6190708525630207,0.0,-0.40347384573833656,0.043224834088603004,0
1320,49,1,6,0.9740335405175764,0.647269942347929,0.37095263462928924,0.0,-0.003095107946129494,0.17757330532235993,0
1321,54,0,7,0.9227913371741364,0.5394377417887446,0.7961373909423551,0.0,-0.1265441362470514,0.14477181802348538,0
1322,74,0,7,0.8793946985383622,0.5165403627677996,0.8556326245380387,0.0,0.32684450834329093,-0.14587206816954146,0
1323,32,0,8,1.0656733322472478,0.5670899652958161,0.7541331972779776,0.0,0.26405129243480063,0.27403083848481546,0
1324,76,1,2,0.920200177567049,0.6688629890876661,0.3848100811497884,0.0,-0.05294117219558925,0.15459821777715188,1
1325,78,0,6,0.9791572428799266,0.5365965278856345,0.6566593329575429,1.0,0.3969140776456807,0.25996354314324,0
1326,80,0,3,0.7175489827438989,0.46266676747397395,0.7,0.5,0.30733008004993234,-0.15069310243199396,0
1327,62,0,8,0.8992632005894765,0.6644081817959454,0.7755645357469586,0.0,0.07556453574695865,-0.0654487267025734,0
1328,64,0,6,0.8392952721752164,0.5729953149129475,0.8393999481735145,0.0,0.45157069237014796,0.04326352643320608,1
1329,74,1,4,0.9142004273144866,0.48408163259150633,0.7,0.5,0.37647055569642374,0.45586836217588206,1
1330,67,1,6,0.9241077157301087,0.5302423173680048,0.45934732122499383,0.0,0.07232095237621411,0.19732038138481245,0
1331,71,1,2,0.778010486711598,0.6238206603125258,0.5501706405204131,0.75,-0.11633969157450785,0.058675080951901104,0
1332,36,1,5,1.0151802256822684,0.7007445254996785,0.6768873987869863,0.0,0.07174845449191991,0.2929542364729446,0
1333,52,0,2,0.7578961868353504,0.5359791006762454,0.7268951842777625,0.0,-0.08456805455129945,-0.014569015382745798,0
1334,50,0,7,0.7,0.5536158300472116,0.6264223129395868,0.0,0.27173268225250335,0.10351569973475006,0
1335,50,1,8,0.7328131724587127,0.5724860414754729,0.7383882089029867,0.0,0.02380891630423554,-0.058512291309104514,0
1336,33,0,2,0.7696636603979603,0.5797831547859368,0.5323511151729498,1.0,0.11779414682150202,-0.08564954596555219,0
1337,56,1,2,0.7295009472654184,0.6951129722562966,0.3823436735740367,0.0,-0.5333044188880836,-0.05406282884957481,0
1338,42,0,2,0.6990900281551659,0.7112329246263753,0.32441669267935047,0.0,0.1778245248324349,-0.07730020446014252,0
1339,69,1,7,0.7536080590367559,0.6435555562623549,0.6937771274972626,0.5,0.23479672845478583,0.0642463338479422,0
1340,74,1,7,0.8676141377280103,0.5105137324852715,0.523623538349719,0.25,-0.11506604010618338,0.1410351855198394,1
1341,68,0,4,0.7717753329916893,0.5215807619959818,0.7082650652966765,1.0,0.5078307226644041,-0.038785950289979,1
1342,77,0,6,1.055823017310558,0.5838579913885328,0.793940430647056,0.0,0.30637215186149175,0.31197999223959383,0
1343,64,0,6,0.8298564615548614,0.42608881694832634,0.5640634955577593,0.5,0.22247562167221652,-0.10578750611018095,0
1344,34,0,7,0.7694727159105976,0.5881337827360598,0.5887044289648625,0.0,-0.02174359442101781,0.0884716581233127,0
1345,44,1,3,0.7669322690677647,0.7197015533379182,0.8030872334438179,0.25,0.4207778805278042,0.15107843228524975,0
1346,76,1,7,0.7,0.41257899483121024,0.9679135300845608,1.0,0.35992082745913456,-0.1933641855078394,1
1347,35,1,3,0.7970289879501263,0.6176697984103207,0.21677039731319514,1.0,-0.36849433783791585,-0.032731733404373964,0
1348,81,1,6,0.8651040777972601,0.6651533278247084,0.8338549664471859,1.0,0.015546897837116158,0.2844547644181388,1
1349,71,0,5,0.8174681009006386,0.5212770347925145,0.5383793489408337,1.0,0.12227583878930687,0.13562243725477363,1
1350,69,0,2,0.6288826843385392,0.5200946917516515,0.25696167447190893,0.0,-0.23606208112451116,-0.21511197618769995,0
1351,31,1,8,0.959958450398173,0.63500170188034,0.7428868861908379,0.5,0.07828856129141704,0.031770830748925616,0
1352,39,1,7,0.775136892619485,0.6577480383616165,0.7,0.0,0.2899610514961608,0.07513689261948509,0
1353,51,0,4,0.8800614996099019,0.6760982318082221,0.697666591170228,0.0,0.42967899486475375,0.20089990248154754,0
1354,68,0,4,0.9344179447990946,0.5365791255056521,0.8321054907999681,0.0,0.309927406664507,0.19801045741110745,0
1355,31,0,2,0.7129673664186505,0.6819955334600156,0.6413030733203584,0.0,0.37980848664105205,-0.060556698580516044,0
1356,73,1,4,0.699836105643739,0.6371548008475623,0.4274343957236805,0.0,-0.00915459375162958,-0.10391291172424455,0
1357,43,1,2,0.8553081627303146,0.6540746705406068,0.6684477259983714,0.5,-0.08703618059726126,0.07273873709614886,0
1358,47,1,5,0.8847875950645491,0.7042478035448871,0.4403831103277792,0.0,0.03539770746148818,0.18330477172435422,0
1359,74,0,4,0.41975646807940964,0.40869040607955737,0.36365812062376457,0.0,-0.3343955801408832,-0.322676614113598,0
1360,78,0,3,0.7,0.6441939141879683,0.7740386943084194,0.0,0.32872965402264914,-0.10390651744746227,0
1361,53,1,6,0.8377459838720688,0.5886878257618164,0.7984361140204447,0.0,0.20441234629118443,0.14111596530290116,0
1362,40,1,3,0.7280805307164683,0.6631989014379132,0.6270381024867022,0.5,0.1962951559731877,-0.09657687150480565,0
1363,75,1,4,0.8870450548034349,0.610868054128921,0.6509458361397336,0.25,0.3620666390853039,0.09558298224949124,0
1364,54,1,3,0.7272515065105084,0.5295168633447849,0.779876096215029,0.25,0.4596286847378996,0.04293172627021791,1
1365,69,0,7,0.8828624452273084,0.6364683215294336,1.044868330078383,0.0,0.7951034329512867,0.11120165756883726,0
1366,38,0,5,0.7864234392965811,0.6808270381238307,0.3701109937904073,0.0,-0.19261047668978498,0.11709097617189779,0
1367,41,1,8,1.0424880711855313,0.6521174265854583,0.7962633866982854,0.5,0.24848664281268118,0.2526103469361002,0
1368,79,1,5,0.6182160748167966,0.545915912307714,0.5057996461769029,0.5,0.13062015662236026,-0.01629384953688462,0
1369,72,0,6,0.8760752631939311,0.7345770235102341,0.7461285123823737,0.0,0.28922231214857574,-0.0011713865372282584,0
1370,38,0,7,0.7281960260322501,0.47992851245058943,0.5802746692896953,0.25,0.4227041983840905,0.0021531022323367788,0
1371,66,0,4,0.7728786285531225,0.593603446488109,0.6807967999304952,1.0,0.00607310646109982,-0.065858920415242,0
1372,81,0,8,1.1323754446158576,0.5655392950747097,0.8962012064275365,0.0,0.38141070771611385,0.2997149256868047,1
1373,31,0,3,0.987492371720229,0.5122224718852748,0.5501848593181028,0.0,-0.034446969471735756,0.16357945120644435,0
1374,44,0,8,0.9713047904429806,0.53568868750195,0.6785027837920017,0.0,0.3614766872574679,0.15886932797248376,0
1375,43,1,8,1.0079273276644722,0.5349307461116376,0.8156213992062042,0.25,0.24573641341813113,0.2723668065854341,0
1376,74,1,3,1.053007145671647,0.7,0.06558340733291844,0.5,-0.3021904170892781,0.36151859116470875,0
1377,35,0,6,0.8784693336982579,0.5214329209215528,0.5010282214202854,0.0,0.2746661735141386,-0.01972087076813711,0
1378,51,0,5,0.8628192321320942,0.5604756828111958,0.7257703698905271,0.5,0.11850730997722358,0.005618063009940055,0
1379,72,0,8,1.0086865180758686,0.6842255787136472,0.7305845521093072,0.0,0.08223339064460744,0.40010074236192117,0
1380,83,0,3,0.7584888519916566,0.6797576696439451,0.5617125239672871,0.0,-0.04922646181296886,0.00941510792743272,0
1381,37,0,8,0.6805273357383003,0.5702146369431881,1.0890092125196218,0.5,1.115181171016102,-0.25244346391991523,1
1382,51,1,2,0.9450429349159336,0.7852513950841667,0.5873273139744871,0.0,0.15202616724609946,0.11281510615896628,0
1383,69,1,8,0.8633914184357842,0.6194473658581993,0.6857215596125797,0.0,0.3359623175472392,0.3710158060197609,0
1384,74,1,7,0.8110302533451136,0.7390264040107588,0.8722151902600823,1.0,0.5867649541108307,0.07409657444881645,1
1385,39,1,4,0.8324139616648069,0.6523734836750457,0.8375557238358428,0.0,0.4818806989294829,-0.10418001249859865,0
1386,47,1,7,0.9216095262982772,0.5290558569841672,0.4727728911012775,0.0,-0.36438630890887824,0.22160952629827724,0
1387,55,1,7,0.8670796752466415,0.41173121564299026,0.8893540910661458,0.0,0.446217446749913,0.23041761196105326,0
1388,56,0,4,0.8898521012529034,0.6190466787179989,0.6009934721882152,0.25,0.16814524588338592,0.004548380030140908,0
1389,73,1,4,0.7480816450586484,0.7059036589649575,0.6416931941054773,0.5,0.08587402253601184,-0.11655510954171244,0
1390,64,1,8,1.1402811378457445,0.5456935050394095,0.9637503348861731,0.0,0.48703839341956545,0.46752055367726475,0
1391,39,0,5,0.8942739482988931,0.6033502422645387,0.8334249845363401,0.5,0.2921759284934654,0.09398422679120721,0
1392,77,1,6,0.8775099132300255,0.5606207741171283,0.5776765198313106,1.0,0.1530617442924751,0.17023267927389796,1
1393,75,0,3,0.9261597396233343,0.8217296522972143,0.6213282091904159,0.0,0.46484934665321365,0.14292731745499487,0
1394,74,1,6,0.9204777695341437,0.5371224145437322,0.5963904247209515,0.25,0.05699124415848145,-0.008933956207727078,0
1395,31,0,2,0.5885946522469474,0.627241421849827,0.42491902010233434,0.0,-0.05832973837588684,-0.18742055139447267,0
1396,84,1,6,0.7331202412617703,0.6701065930347104,0.6213197831965431,0.5,0.009404710567274766,0.01594532639228008,0
1397,67,1,4,0.7246811806332389,0.7495608019023894,0.738638328372113,0.5,0.3878545512973413,0.052701069304600834,0
1398,35,1,4,0.9077507505183369,0.5893426709342799,0.5391169556981847,0.25,0.004893097921171097,0.0904230469705185,0
1399,39,0,8,0.8626764108366952,0.6139327607483162,0.6747423661015486,1.0,0.3399862232411623,0.15326109786302344,0
1400,57,0,5,0.8993615823353308,0.6556762871966393,0.46134177321885855,0.75,-0.18356241984800775,0.28263402855121766,0
1401,63,1,3,0.9818909450837506,0.6527308826542797,0.7884611066705624,0.0,0.4008392433808516,0.5476989368743671,0
1402,62,1,5,0.8964176621439554,0.5181889806463718,0.6505642890141627,0.0,0.4229418571743959,0.037881182589075024,0
1403,67,0,6,0.8481276749771282,0.5034100232178638,0.8951864520276713,0.25,0.517907011437585,0.39309084131708455,0
1404,66,0,5,0.9141566343448159,0.5963506317528068,0.8744452633360467,0.0,0.37657341719183096,0.27741156526740085,0
1405,73,0,7,0.9107896946959396,0.5945600524982183,0.611490734163289,0.0,0.06708595962900576,-0.06711900115516423,0
1406,43,1,2,0.6332306767037255,0.6472754217733906,0.28636171456420256,0.5,0.013748282509266907,-0.15785094904334263,0
1407,69,1,7,0.7962634420740694,0.5840464188562362,0.908653896122789,0.0,0.3227748977417888,-0.1670057275695631,0
1408,47,1,5,0.6932806058968586,0.5429468836391051,0.6964232251648799,0.0,0.31607831888504473,-0.00435662570762807,0
1409,52,0,8,0.762293098932119,0.7,0.583033910328698,0.25,0.03919112159156024,-0.2723806958023063,0
1410,35,1,3,0.6158092399529402,0.5876128205491433,0.6004198324680737,0.0,0.10217074300415435,0.05908338229996046,0
1411,67,0,4,0.7996189310772037,0.6166211041494958,0.7525423991126761,1.0,0.3795713878494641,0.0026468096778923256,1
1412,38,1,2,0.7585337027983913,0.6557523407873218,0.5493091189992862,0.0,0.13271083946922863,0.15042180298671948,0
1413,65,0,5,0.6784494209866786,0.6479071976957412,0.8293739319026768,0.25,0.3806376541704761,-0.12683334261781887,0
1414,57,1,8,0.8095581262837824,0.47580978477000424,0.6416505535067749,0.25,-0.06494517723393267,0.3056145784908916,0
1415,76,1,3,0.7136597462376573,0.5826470061233414,0.4845172267655688,0.0,0.07066839292432786,0.16693846381007993,0
1416,30,0,6,0.925851889324257,0.5775592853347802,0.6582610025536504,1.0,0.270607369707371,0.30689920151531036,0
1417,75,0,2,0.6718292992997991,0.6175459492042636,0.7393701571952921,0.0,0.306387579865412,0.012121632649284342,0
1418,54,0,3,0.7777794371367774,0.5236073490724852,0.5493801982294916,0.0,-0.07030180702291355,0.044746407115780484,0
1419,72,1,6,0.7920377787576157,0.6447884159066075,0.6682794937150445,0.75,-0.03429003994281843,-0.08382076746023914,0
1420,54,1,2,0.8652752997503438,0.669404801057964,0.6322072605291529,1.0,0.28556770045849467,-0.10337659929933829,0
1421,75,1,4,0.9799176320124887,0.5686307587332388,0.7782285965377702,0.0,0.537486823033741,0.25292712157032937,1
1422,51,0,5,0.916401638687301,0.5889036961571604,0.8006806448073931,0.0,0.5305226269366967,0.06424180260569312,0
1423,66,1,2,0.6366849847959688,0.5992337621266646,0.36507761382553583,0.25,-0.38854913782067246,-0.18152937039336658,0
1424,81,1,6,1.0238755895227805,0.5689133642632049,0.5815812392135509,1.0,-0.07807414047369199,0.36783349803385734,0
1425,58,1,3,0.9154831448682462,0.6948297477672175,0.5321587941947487,0.25,0.15441084260063875,-0.024347312439177426,0
1426,32,1,3,0.8303632677902495,0.6374705600334255,0.5391606884955937,1.0,-0.038774848823668995,0.1381068855970199,0
1427,73,1,6,1.0533364041331612,0.5042988864321014,0.6230323017353071,0.0,-0.016365570717860267,0.24671416047531614,0
1428,30,0,5,0.8722630957572467,0.6359120887789207,0.9272703431720124,0.5,0.5249533073078921,0.10188433956468168,0
1429,65,0,5,0.7860531070706875,0.6890706901109899,0.6974621580908961,0.5,0.2523735949270246,0.12249578391248872,0
1430,53,1,2,0.8617446493099614,0.6432925348474651,0.4273514332630205,0.0,-0.05065051118854813,-0.11982214036047745,0
1431,30,1,5,0.6901636091753381,0.6182116513041237,0.5324731846327454,0.5,-0.12406738203344891,0.16036963343703414,0
1432,49,0,2,0.6263836212824531,0.649125137317775,0.5910696160331149,0.0,-0.044378461077836384,-0.20636252070484318,0
1433,30,0,8,1.0770998772944689,0.5889039843290343,0.8054807525283773,0.25,-0.04896116338467482,0.41043222080884,0
1434,71,0,8,0.9136500886279478,0.5710423856870304,0.7702980215694223,0.75,0.07029802156942233,0.4791739460008818,0
1435,78,0,5,0.6987750550112779,0.6432479094692706,0.6243089161539677,0.75,0.02940215341910557,-0.08484426675986767,0
1436,52,1,2,0.6699448495288778,0.5993361213085193,0.2875858917333011,0.0,-0.07811160462853411,-0.259387992042887,0
1437,84,0,4,0.9074067708485409,0.6124636951067649,0.45972999550600113,0.5,-0.15124603758115918,0.24271094312531538,0
1438,57,1,4,0.832995112730567,0.6354974741369573,0.9236576878324778,1.0,0.7249725418795665,0.24542108389975403,0
1439,82,0,7,1.1489657026286397,0.6420827876354112,0.9227895178810693,0.0,0.5554001348264925,0.30827428060087336,0
1440,72,0,5,0.777571683884925,0.6483003572429397,0.31281128512181794,0.0,-0.006916052248230775,0.00597856992230561,0
1441,84,0,5,0.7380090471865894,0.5759167906351155,0.7054578704594844,0.0,0.2564466882407254,-0.10640759644184339,0
1442,32,1,8,0.89803853007744,0.5565294819392728,0.4674693846412142,0.5,-0.04849152937156448,0.022141785436243788,0
1443,31,1,7,0.7291361933667188,0.6216868880225214,0.8193517156319408,0.5,0.25984883124570557,0.06982941815171095,0
1444,81,0,6,0.8913023002714153,0.5336660307764943,1.2133832649481862,0.25,0.7961637815637146,0.1851353470214825,1
1445,48,1,4,0.8321545703868815,0.47441041691151226,0.5932755044550375,0.25,0.22153113868940227,0.10046296591226433,0
1446,39,1,5,0.9725860107857883,0.6257468679710659,0.6643033621025733,0.0,-0.021401944536802775,0.05087841122005299,0
1447,41,1,6,0.8740081249195802,0.6733906937783707,0.6186979193797051,0.5,0.13472452284594455,0.10396108466630394,0
1448,31,1,5,0.7338063860416634,0.5917405683475199,0.5610533155283143,0.5,-0.16582016604824146,0.08558095668538757,0
1449,55,0,2,0.8070570317590099,0.6847853182042717,0.7548277115453442,0.25,0.3510485832096601,0.04207506443995379,0
1450,70,0,7,0.7252266912463079,0.5694011026236392,0.7,0.0,0.10085240806204088,0.037310640160070796,0
1451,73,0,3,0.8557655884662086,0.6782342575862953,0.5151221605850533,0.0,0.07395441330335567,0.04547268023783124,0
1452,30,0,6,0.8269053787878623,0.6549915787900745,0.6622054202841272,0.0,0.192075246801021,0.24748406972544323,0
1453,84,1,5,0.8043094142940787,0.5063747261824914,0.7,0.0,0.13006267139935124,0.1158235659947856,0
1454,51,0,7,1.0812557554160482,0.596274577413414,1.006143862825668,0.0,0.41283189272283216,0.12431649133353961,0
1455,75,0,3,0.8414239372538731,0.6477971049721272,0.6625945393216129,0.0,0.2527268804496667,0.17009799000700698,0
1456,83,0,7,1.034744355031874,0.7169092592663343,0.5211353082297836,0.0,-0.09434250521350762,0.36752735034310824,0
1457,61,1,4,0.7980551566367181,0.5974043245755145,0.9037964044181906,0.25,0.7423142952725369,-0.0779824271064089,0
1458,40,1,8,0.9724724096755402,0.5379008970659593,0.7,0.0,0.3488538902807582,0.2653452987410706,0
1459,84,0,8,0.9186319337610885,0.5809797145176772,0.7,0.0,0.0,0.274752018978323,0
1460,68,1,5,0.6554614371972682,0.5750605569300187,0.5098910711610879,0.25,-0.05592918848084072,-0.19104518635613077,0
1461,67,1,5,0.6235912721250986,0.6149557496071655,0.6343639360860295,0.0,0.19338921243319962,0.02495044693583459,0
1462,72,0,8,1.0539808557221604,0.6192666814014561,0.7256501881103755,0.0,0.187680379265054,0.2661010175527456,1
1463,53,0,5,0.8084008172325199,0.5232926359077249,0.8551685097682888,0.5,0.2232029450764791,0.10840081723251993,0
1464,31,0,3,0.8439807959869071,0.7254281201318983,0.4142812470632779,0.5,-0.33528760700477417,0.14787832424905,0
1465,39,0,6,0.8141560578771435,0.526273559806306,0.5706555915189345,0.0,-0.0904781364312236,0.15358040144289442,0
1466,46,0,6,0.8988995236959343,0.76663446761199,0.5757567074518283,0.75,0.17549369141197296,0.18374152789427567,0
1467,56,0,6,0.756079895037724,0.4884166795972797,0.6552325796935782,0.25,0.25229539852301935,-0.05566919011156568,0
1468,84,0,8,1.0740405749887947,0.4793627979196364,0.9252950645198877,0.25,0.6894755137953621,0.3050666832940718,0
1469,69,1,2,0.8259152144259457,0.5602086807536328,0.4178138905235145,0.75,0.059561304864726494,0.06186628941858496,0
1470,66,0,3,0.784215460729061,0.47558437388696767,0.018045849997018474,0.0,-0.4010123845310428,0.08421546072906105,0
1471,81,1,2,0.7527608948421964,0.652489515922478,0.7420208920248084,0.0,0.197536147507275,0.08530641828399943,0
1472,48,0,3,0.8229087318013981,0.6928009158372224,0.6890618969560575,0.75,0.16180697882320183,-0.05058980166254701,0
1473,69,1,3,0.7257267180744873,0.5263397202141402,0.46136044568587536,0.0,-0.01493413507966418,-0.13858877703539207,0
1474,64,1,6,1.0405073829873066,0.5144701377466906,0.4998885435102257,0.0,0.05240314622263115,0.4002577221658239,0
1475,74,1,7,0.7543436757425087,0.5022440947997923,0.5456150049861246,0.75,0.011193174212274726,0.17399063309031038,0
1476,47,1,2,0.7982766417474387,0.598915123960869,0.5031499869713514,0.0,-0.13639590535518453,0.021716750616636915,0
1477,81,1,6,0.6690640548043407,0.8118753022940385,0.909881804269567,0.0,0.5552565425362674,-0.21052985110730926,1
1478,52,0,7,0.6518692083056377,0.5529472804893354,0.451768207203761,0.0,0.15859754208612858,-0.07502543683898932,0
1479,50,0,3,0.44773672586432495,0.5478896850146544,0.5324677259679159,1.0,0.15268305304661905,-0.5176417443459371,0
1480,58,0,2,0.5610530881566115,0.6687207764212201,0.7268919704439785,0.25,0.31865101794605954,-0.30350860752584774,0
1481,54,1,5,0.8683870111072044,0.6088692642544999,0.43037507163872984,0.5,-0.1902204757324058,-0.13517844084242958,0
1482,64,1,2,0.7940579171229735,0.6078273080189411,0.20951501711901901,0.0,-0.337971807241354,0.08948336502642029,0
1483,71,1,8,0.964431512374081,0.671952072299846,0.5742800004505,0.75,0.21935447771232303,0.28370199906940563,0
1484,51,0,4,0.6939850329427506,0.5477964679759393,0.8525428174424305,1.0,0.45424729135764547,0.0422857377762651,1
1485,63,1,5,1.2250603277470007,0.5815049840644754,0.7452901939627872,0.0,0.41488789947733223,0.5781846503530235,1
1486,44,0,6,0.7466542731321952,0.5245573861812552,0.5184438639608844,0.0,0.021691312236219396,-0.04798139807287005,0
1487,35,0,6,0.8151694667986683,0.5864172985930316,0.4858464490870702,0.0,0.005165582096150756,0.1797302497472263,0
1488,59,0,2,0.6276846720984999,0.7235134494259209,0.14579430525142048,0.0,-0.46887750643878234,-0.24652165234837853,0
1489,47,1,3,0.6328701467678176,0.4993137575676887,0.21220854434904257,0.0,-0.08902267223750626,-0.14679131124638678,0
1490,81,1,6,1.016548251764042,0.6781901850047996,0.9054553402670429,0.75,0.3979669440120772,0.16197789332966395,1
1491,74,1,5,0.80119486169937,0.5630485730416691,0.4614533010653641,0.0,-0.006249453826939977,0.28677247506208947,0
1492,77,1,7,1.1701402593518173,0.6640454734033863,0.7017990379292753,0.75,0.27609534304425953,0.27426809741385405,1
1493,57,0,5,0.7,0.4984263487200101,0.7596051603572948,0.0,0.20566533197930104,-0.13753022561291517,0
1494,64,0,4,0.8172281042052651,0.6192689159809519,0.7,0.0,0.28214659476649095,0.12382225719348894,0
1495,58,0,8,1.026451068618802,0.4902878762896139,0.9642341190858661,0.5,0.6535683189434895,0.47980175719243,0
1496,32,0,4,0.7611115762619298,0.5407763552656976,0.7121224206516074,0.0,0.22880788532680985,0.30221460576849507,0
1497,65,1,7,0.5853852553164229,0.6023540690140721,0.4893318801873126,0.75,-0.03529969260339355,-0.05968578139025271,0
1498,82,0,5,0.9037890376809847,0.5781960124027684,0.5379996874166914,0.0,0.36879544893869665,0.359093318291379,0
1499,52,0,3,0.7735263268556077,0.4714302891058487,0.6573096199636635,0.5,0.19973946800962694,0.06970157217411255,0
1500,35,1,7,0.9110271913767345,0.5981027175484965,0.7991783065879496,0.5,0.182082796547119,0.2845898948302845,0
1501,36,1,3,0.5917601865531009,0.6485348480945484,0.5838481372346986,0.0,-0.12248910664254842,-0.1902914971720865,0
1502,33,0,4,0.7,0.7262271417506946,0.489134504808272,0.0,0.16341017599480406,-0.062204552952613734,0
1503,83,1,7,0.9341484386007877,0.6695832436935322,0.7886132436049471,0.5,0.08861324360494716,0.2958685412536831,1
1504,61,0,6,0.8443085847231626,0.7650404086262832,0.7280025004201384,0.0,0.5767790403995016,0.14430858472316266,0
1505,45,1,7,0.8022043817182015,0.5754275377961655,0.35918021193997124,0.25,0.010370111509514168,-0.11685366624851357,0
1506,52,0,5,0.8533267806315967,0.6640731187117871,0.7475747128477838,0.0,0.03720861386354424,-0.017160996601568557,0
1507,62,1,4,0.8099013464065351,0.5741900210050993,0.6471686154388774,0.75,0.2978558090749013,-0.10885905303966581,1
1508,56,1,4,0.72883179684905,0.6544420822324856,0.4538007367249398,0.0,0.044414905635848434,0.015253559613239043,0
1509,48,1,6,1.0298336246512962,0.5484855627294153,0.9287015482165221,0.75,0.41233846372245464,0.4006221117875203,0
1510,72,1,8,0.7705545576636185,0.6218465169573596,0.7,0.0,-0.0553157360687323,0.07055455766361851,0
1511,72,0,7,1.0416851126252171,0.468455239778668,0.863265836315347,0.0,0.31870412541344095,0.3563512810974474,0
1512,54,0,8,0.9224217941852547,0.656080316230096,0.937422146476803,0.0,0.5713806463492785,-0.14250391387058692,0
1513,42,0,4,0.7599351859637906,0.4837027651588099,0.650397633396873,0.75,0.20702726445749858,0.11815653418802496,0
1514,64,1,8,0.6791828185451568,0.5252499320752645,0.6928137323423049,0.0,0.42580453644327687,-0.07382572405271393,1
1515,73,0,2,0.7107964337408039,0.6182972667883883,0.20824933363219167,0.25,-0.42601434265046,-0.05571214255945878,0
1516,43,0,7,0.899596685817925,0.5085220346780333,0.750425330149469,0.0,0.6905012864775769,0.25173128526409094,0
1517,48,0,6,0.9495271677416224,0.5301218687577584,0.7965813007448221,0.5,0.2248284823328459,0.24982006738879192,0
1518,30,0,2,0.7979561790869237,0.6379465002141511,0.6381088985810109,0.0,0.13687183807407277,-0.13568102412477978,0
1519,34,0,2,0.6592286948657595,0.49306558051682214,0.36806348451209164,0.5,-0.02318086716222245,-0.30151342997079345,0
1520,76,0,2,0.7,0.6615156257770226,0.5686239848973329,1.0,0.49628750951933387,0.03919627499275491,0
1521,57,1,4,0.6188714689831112,0.5315624832808873,0.8041191799353941,0.25,0.5061497767898204,-0.18534342169586782,1
1522,71,1,5,0.7931456506189644,0.5161526991120052,0.5166659106634304,0.0,0.2215308085891175,0.07387229244339566,0
1523,65,1,8,1.07632051262817,0.4919713628291565,0.7323029469887008,0.0,0.6575233525103762,0.45118816225142844,0
1524,62,1,8,0.9879017329356873,0.5560160311796605,0.5787024674991613,0.25,0.23933072026586477,0.43062439855241796,0
1525,53,0,2,0.7095338144971829,0.4111845859486518,0.37362182514781683,1.0,0.15947720521404668,-0.11473124748220409,0
1526,81,0,7,0.8194946086340328,0.5884818968473445,0.3677676332658353,1.0,0.041504586277159417,0.36435867614190504,1
1527,75,1,8,0.9274828708762279,0.5283177166064067,0.5068005500742473,1.0,0.12199678669047614,0.3668982756090827,0
1528,68,0,4,0.6015360211413839,0.6433445540194268,0.5865318778707613,0.0,0.0558436863014361,-0.2493397715665432,0
1529,50,0,4,0.9786200826768048,0.6629777653919267,0.4545994468229582,0.0,0.3257217652917739,0.0775192970804447,0
1530,33,1,4,0.8433224576524845,0.5692605040846894,0.7598362178340984,0.25,0.09195483258822823,-0.14589813346340075,0
1531,41,1,7,0.9818810332746665,0.6229431365444037,0.7167373435542291,0.0,0.3343979701691362,0.21273355397759242,0
1532,79,1,8,0.7426486824274076,0.6122983802961027,0.45076230989422256,0.75,0.11321608405817468,-0.005083733805305024,1
1533,44,0,7,0.9287957599324721,0.5706618778388004,0.8761011221638346,0.25,0.052164358568646985,0.31047370878869807,0
1534,38,1,3,0.6459358569700621,0.5785749938386935,0.6848198482112047,0.0,0.39101960706317185,-0.2868744532209214,0
1535,62,0,6,0.8741036265473096,0.5744343890243591,0.6229869038540322,0.5,0.18178647952444815,0.23588056344958863,0
1536,78,0,4,0.6798632111735805,0.6387156701209726,0.8676984695225881,0.0,0.620716359787761,-0.12832391352171113,1
1537,30,0,3,0.6652451788943071,0.6429885557806924,0.568279501858811,0.0,0.41091610787053784,-0.15561774440845566,0
1538,73,1,5,0.8015440991321654,0.6191448975896763,0.6700719846574074,0.25,0.047654227486224054,-0.057774120029914666,0
1539,66,1,4,0.6896723601095607,0.5472719249224904,0.8357359152974907,0.25,0.534676423619521,-0.30218698616323825,0
1540,77,0,6,0.9030659712323212,0.6968850557072059,0.601515551789138,0.75,0.1490597585612367,0.12022803692739958,0
1541,51,1,3,0.7100815727659192,0.7335299555553206,0.5541912693484234,0.25,0.5050333306652168,-0.2343361910614019,0
1542,56,0,5,0.8747178600959782,0.5863366660861941,0.5997390948957594,0.0,0.1536549455428715,0.17471786009597823,0
1543,59,0,7,0.6810327169952877,0.6995778391123341,0.9212754795665323,0.0,0.6956475745505657,-0.020685328123958846,0
1544,66,1,8,0.7400190701925483,0.693699828378924,0.5060942898155516,0.0,0.13742912962748527,-0.06160898553126204,0
1545,34,0,5,0.9406615112358853,0.5561871556949176,0.6601593996476954,0.0,0.04437046496108743,0.16516814783274258,0
1546,81,0,3,0.7854969964006893,0.6252219981513318,0.5358484861327145,0.5,0.0002361410760800542,-0.013326674865073995,0
1547,75,1,5,0.8984966213483594,0.5309601799185526,0.4296982848144529,0.5,-0.07793973561874706,-0.02001896107724066,0
1548,62,0,6,0.8381311975875576,0.6558021768807187,0.584338816528226,0.0,0.18166547639684527,0.019677603639312813,0
1549,41,0,8,0.9122173664155326,0.48211272476354183,0.7030740460392882,1.0,0.09608465592263249,0.026955157374310423,0
1550,70,0,7,0.7927651489901109,0.6151344951363761,0.7838044771647511,0.0,0.08380447716475115,0.04114146997610568,0
1551,30,0,3,1.0501423620708008,0.5854493429830108,0.49898224262681995,0.75,-0.1719549479764722,0.3557685181807734,0
1552,67,0,7,0.8591941208840886,0.5721279885211871,0.8878202003409184,0.0,0.3289822567249949,0.09811386469184602,0
1553,42,0,5,1.0486372198458513,0.753537271580588,0.7,0.75,0.14477495409254737,0.12632737776120173,0
1554,35,0,6,0.9837161456707352,0.5552840925898795,0.8754858765653406,0.25,0.4905812067083041,0.46875094773438497,0
1555,33,0,8,1.0841984724719724,0.5230885860259089,0.5652270189300893,0.25,0.25527243905112573,0.3841984724719725,0
1556,53,0,8,0.7172913021828323,0.4583780428574663,1.0444437527030934,0.0,0.4365025456606805,0.06561197975396171,0
1557,78,0,2,0.5077941380577442,0.46088748693284387,0.8062518937330542,0.0,0.2910534801811513,-0.14332439976664868,0
1558,48,0,6,0.866974407651369,0.6344126818784744,0.7754181925610868,0.0,0.5517621111915048,-0.049680454231676996,0
1559,65,1,4,0.9609454152415086,0.5448551286920482,0.6165684736784212,0.5,-0.0834315263215788,0.22479155392785044,0
1560,63,0,6,0.9257695194378394,0.41734453781000336,0.4930112218702748,0.0,0.0788098773389122,0.13486293105693659,0
1561,77,1,3,0.8591199858346965,0.6293843067505035,0.7640057888411586,0.0,0.2677534920496371,-0.012054615571055693,0
1562,68,1,6,0.8649069314156834,0.7618652602603757,0.882585664482701,0.5,0.5278169388769817,0.08062407955523443,1
1563,38,1,7,0.9677065208494976,0.5856565728491975,1.0200345236835118,0.0,0.4496292859074156,0.04622059446694371,0
1564,43,0,8,0.7,0.5187909982004149,0.8408794279923086,0.25,0.16484082805677602,0.05131318756289116,0
1565,40,0,8,0.7516778197217816,0.7653772139691222,0.8346876201051907,0.0,0.48475304873965824,-0.03362374536402879,0
1566,48,0,7,1.0433192186140143,0.5449239693393887,0.7291836378043796,1.0,0.17400660911631716,0.23335570047263932,0
1567,57,0,5,0.7912563799009392,0.5830399153217223,0.4543958501727912,0.75,0.273147448681349,0.261474042916478,0
1568,31,1,6,1.0046735634530821,0.5929154856178402,0.7834795614074678,0.5,-0.07317870672433213,0.16224601377551773,0
1569,55,0,5,0.8726829939339783,0.5402353016993496,0.718629993594964,0.5,0.056906693115366336,0.05066902313461685,0
1570,63,1,2,0.6595537630780458,0.5499096398219189,0.6912716537394904,0.0,0.39967888617275205,-0.18048829878169648,0
1571,35,0,4,0.8314816306725851,0.5505629127198906,0.6071228933306434,0.75,0.16615254822589842,0.13148163067258511,0
1572,53,1,4,0.9109351137224795,0.5440266349631189,0.34097732911826967,0.75,-0.2156067575176535,0.2705992610683783,0
1573,76,0,2,0.6049654296889334,0.6661458564892595,0.5117085560836482,0.5,-0.025761176651661666,-0.14737578728147616,0
1574,39,0,3,0.4764684294421728,0.4744720291661737,0.7765364540894378,0.0,0.1672790720202204,-0.18950963917446284,0
1575,44,0,7,0.6880497972245803,0.4839286882301314,0.4637486142626953,0.0,0.11285289355585038,-0.08521212467333628,0
1576,66,0,8,0.92101638449701,0.6328769175058326,0.9136163844006966,0.0,0.43783972254490405,0.20091067457495126,0
1577,73,0,2,0.7217665650463759,0.5243303815677536,0.5540429947962232,0.5,-0.22913149040262693,-0.068256403296871,0
1578,61,0,7,0.8593101150334729,0.6163166735634554,0.3431122830300091,0.0,-0.2642808932550876,0.1251920833304606,0
1579,81,1,7,1.0468298082429714,0.5188316175645495,1.118911267933833,0.5,0.5912017892706871,0.3468298082429715,1
1580,83,0,7,0.6507623855485627,0.5123426951976274,0.6731337718785075,0.0,0.35645107772608225,-0.17807330697395685,1
1581,60,1,8,0.8443690036587748,0.5043103643665112,0.9661905295509655,0.0,0.6104025457812599,-0.029700339599025627,0
1582,77,0,5,0.6602093468739726,0.43846050602256215,0.6352210779887891,0.75,0.04763027444813994,0.12094150984225849,0
1583,68,1,8,0.991546281804541,0.5746281296549738,0.6736740607421247,0.5,0.14243762902442358,0.2903592039093875,1
1584,42,0,5,0.6427692644589442,0.5313768212327179,0.6720558444602986,0.0,0.4568277747725611,-0.015586800828683689,0
1585,56,1,7,0.7674386838195042,0.7156097386901209,0.8072604036503751,0.0,0.5762926798843202,-0.021476326698987136,0
1586,80,0,3,0.9984767088082297,0.6445008653696298,0.36167382501042383,0.5,-0.20414678002235193,-0.031357887905375414,0
1587,49,1,8,0.7,0.544091930553645,0.7169818683921858,0.0,-0.10812638116322881,0.1352662335378798,0
1588,36,0,5,0.5568605884377094,0.6987024746276644,0.7308289389946643,0.0,0.35311753842905197,-0.2070038845127664,0
1589,76,1,8,0.7393065878189862,0.4551141441662611,0.6350989367405292,0.0,0.18328958869738415,-0.016261655835215216,1
1590,48,1,5,1.0524317473020275,0.5585998205998428,0.6436360592137221,0.25,0.30416533640863597,0.4255552963324195,0
1591,60,0,6,0.8154643718137332,0.6363830962361013,0.6940765995434391,0.5,0.1279437967858994,0.31662969458294293,0
1592,57,0,3,0.7671009008932158,0.5076423462896643,0.24012735515507883,0.0,-0.227100949097641,0.16132033316575956,0
1593,54,0,6,0.8327133192150998,0.62177718690405,0.7004052535718939,0.25,0.07687176085819036,0.15348377056666296,0
1594,68,1,6,0.8670850969179901,0.6479589604938369,0.7184237417627095,0.5,0.2826188250235045,0.11341187055961655,0
1595,45,0,3,0.7838885369050997,0.5097571377116065,0.563137786135315,0.75,-0.07472108494806118,-0.09132451587991763,0
1596,79,0,2,0.9658059603489503,0.5530971706476173,0.3402702777471037,0.0,-0.08017434270956281,0.1352941469468405,0
1597,72,0,8,0.7602154757925961,0.47746835833133927,0.7046172440641788,0.25,0.10798169240345512,-0.14502678625344456,0
1598,40,1,8,1.1552941986515493,0.6956822306559132,0.6317262591712013,0.0,0.33558847177677636,0.2953607681709397,0
1599,59,1,8,0.8610196002933074,0.5466304150319489,0.48796467756429535,0.25,-0.05333723008595398,0.07836128430602018,0
1600,82,1,2,0.7781063910822756,0.6134158342659821,0.45324988819821843,0.5,-0.227689856386753,-0.01338388131119339,0
1601,63,0,8,0.7532977413865722,0.5094286498252223,0.8308811632838667,0.0,-0.0679425200584044,-0.05450053271220945,0
1602,75,0,7,0.8617371097005951,0.5209563819974334,0.6155317554780066,0.5,-0.08446824452199331,0.2205133092784587,0
1603,48,0,8,0.8988905290244645,0.6352428845181912,0.6664884231970071,0.5,0.43861193224009387,0.14005635819631523,0
1604,71,1,6,0.937529167624502,0.6004548623527289,0.8352553855339018,0.0,0.586741212684279,0.2369677578393008,1
1605,45,0,3,0.8056184625804029,0.5960212494475153,0.799822052442001,0.0,-0.06556572769562152,0.14776781624323176,0
1606,36,0,8,0.8636065827261017,0.8173575081013051,0.8558585428696878,0.0,0.4152249642344896,0.0012281477120090756,0
1607,32,1,3,0.8992508489359328,0.5642238136607618,0.5771863937812233,0.0,0.04876308736139334,0.22694255822190523,0
1608,76,1,4,0.8673386797523633,0.6199872545992522,0.5482506540384345,0.25,4.238977122483778e-05,0.2410697209556123,1
1609,75,1,5,0.6951325222315893,0.7,0.6772374098703452,0.5,0.4324142119104444,0.0479782481241382,0
1610,37,0,5,1.1341331434865112,0.6531298464314598,0.7508840428561769,0.0,0.6337876686989705,0.37068437748618066,0
1611,34,1,3,0.9187452034229756,0.628373848954254,0.6499602947064849,0.0,0.29312376357941594,0.17652998363070427,0
1612,53,1,3,0.853230174008099,0.7261935070039065,0.3442281506266499,0.0,-0.055754444806555725,0.35140628904427673,0
1613,48,1,3,0.8181793600874362,0.6189648050785459,0.5031215742559286,0.25,0.057517351022962016,0.03389901207645962,0
1614,62,0,7,0.8335762847056674,0.5135265427913964,0.7253795792209539,0.0,0.2831392715489319,0.07764031574398289,0
1615,35,0,8,0.7281289742608094,0.5657327937684783,0.467430121981417,0.5,-0.13819462159907658,-0.04913495032804638,0
1616,56,0,8,0.6763493691104009,0.5594350686059381,0.5722857692759272,0.0,-0.09337795172690544,-0.09690188687598689,0
1617,31,0,5,0.9240988100572352,0.615797642008086,0.5992679713873854,0.5,0.24143515298830204,0.19515125487425333,0
1618,66,0,2,0.9698207565300828,0.5997185681839307,0.5049128893906966,0.5,0.3501212458881586,0.25311548431297715,0
1619,82,1,7,0.7468459643242616,0.6454043461011156,1.2254257083739717,0.75,0.6234557273551148,-0.03650933796020517,1
1620,52,1,5,0.817062201563746,0.5607721906905971,0.5047330868038691,0.5,-0.2263693398179003,0.12487506075240062,0
1621,53,1,4,0.9576594684077822,0.5536842421481595,0.5884061816381381,0.0,0.19137697068764414,0.24105447126388146,0
1622,81,1,3,0.7445844487083082,0.7343497688445757,0.9671805051278504,0.5,0.6265122817954825,0.048628633896174,0
1623,81,0,3,0.8060548155237903,0.5566528367752036,0.5808159131399359,0.5,-0.1596491286876498,-0.04124301569619515,0
1624,74,0,2,0.7,0.5949496250569503,0.5558438475060005,0.25,0.09126307320352717,-0.012295316371235931,0
1625,37,0,2,0.7049689487818057,0.665687573102463,0.46430742346439485,0.0,0.12276877504827399,-0.01534358211512632,0
1626,65,1,2,0.7496617192282266,0.717942473967934,0.4393320956976253,0.0,0.004285496120533028,-0.09936379842216692,0
1627,80,1,5,0.6476986889523877,0.7654784555891905,0.9634544020422072,0.5,0.37225900668377254,0.01860824808455852,0
1628,32,1,4,0.9324215994402075,0.5817649262494642,0.3525855053646032,0.25,-0.11224255814136708,0.210359834091988,0
1629,67,0,4,0.8917300712620613,0.6877180464596043,0.4294024918851181,0.25,-0.27059750811488187,0.27322674928105406,0
1630,68,1,3,0.8337876690480557,0.6977766955948733,0.5799168360918318,0.0,0.28760525943146886,0.17149462475601496,0
1631,75,0,4,0.7508816509067002,0.5005798340115757,0.7468360397714477,0.25,0.04020338262021028,-0.15096371517560603,0
1632,77,1,5,0.9311777579333901,0.5945065310130958,0.6996278479447805,0.0,0.1549601028341554,0.19302295704712724,0
1633,39,0,2,0.7432106083854764,0.5202863085462224,0.6926557369223543,0.25,0.13177389610793666,-0.07797115747154038,0
1634,35,0,5,0.7628467169477148,0.683671410381245,0.42713317735663786,0.5,-0.000492892599725292,0.09049830071930431,0
1635,66,0,2,0.6366853959055004,0.6816713713119236,0.5526567368815566,0.25,0.34028217315086373,0.006117493404740215,0
1636,40,0,2,0.750082606794262,0.7,0.407643484415312,0.0,-0.11697319382425658,-0.07008644686529641,0
1637,67,1,4,0.8957395487980224,0.5696336851866646,0.5361391830146445,0.0,-0.001741903760009933,0.12481490194503564,0
1638,83,1,6,0.664263122025224,0.6862592885960244,0.7278887001084452,0.0,0.32593273703202263,-0.002604982499153863,0
1639,35,1,3,0.8018146226647822,0.529589628577596,0.8071713045425194,0.0,0.6534151105899628,0.024165478411380725,0
1640,66,1,3,0.9161240810877573,0.5697187344747691,0.7278488102897723,0.25,0.0680749182143956,0.17007230801258444,1
1641,50,1,4,0.7695604817742964,0.5085820043689075,0.7068215646105,0.5,0.5193128198676845,0.2630399712147551,0
1642,60,0,7,0.7177077933921621,0.5543632325904483,0.7529972128392683,0.0,-0.059293556407339465,-0.29610053858675833,0
1643,49,0,5,0.7838888220530955,0.7143048307262171,0.5300202843236975,0.5,0.14045759524956097,-0.11560830068788619,0
1644,77,0,4,0.9855040243353982,0.5872665924899433,0.6198998866876314,0.75,0.19111831782673266,0.2771240525744818,0
1645,67,1,7,0.7226819905126376,0.5043739073646222,0.5059469235866293,0.25,-0.0596056345715017,-0.12288660148613462,1
1646,49,1,5,0.6999680737573946,0.5602543678690896,0.5329784905393826,0.0,0.14075061300429242,-0.07833755193506298,0
1647,77,0,5,0.6986296746116082,0.5263047924692306,0.7,0.0,0.2768028740644694,0.15063378906025493,0
1648,30,0,3,0.8685679642115716,0.6679876034047958,0.23632238661133798,0.0,-0.463677613388662,0.3609478075413003,0
1649,33,1,6,0.9137838734744276,0.5401706960506062,0.780707815804134,0.0,0.41261770764005207,0.16607503205320873,0
1650,33,0,3,0.533275479134649,0.6047815103185772,0.6412583390512657,0.0,0.0742799502077115,-0.24764363157574387,0
1651,50,0,4,0.8286816685816507,0.5324287540935088,0.5134729867773714,0.0,0.27446767325990096,0.002222954949506417,0
1652,37,0,7,0.8925824940862895,0.7,0.5553187392154858,0.0,0.2537246704270407,0.018861876870469252,0
1653,44,0,3,0.8279675335349027,0.728689967765653,0.619234473872491,1.0,0.17264389250161516,0.12642184464579453,0
1654,77,0,7,0.7669685726576416,0.5718629997825458,0.6755064259172351,0.75,0.3520378090553002,-0.03173525022344881,1
1655,61,1,6,0.7326040882393261,0.587122239042407,0.6740391051248569,0.75,0.05195270975177768,0.07825937643296121,0
1656,63,1,7,0.9643017104246394,0.7,0.5955228354191587,0.0,-0.006138467756769073,0.26430171042463946,0
1657,75,1,6,0.8514986189389692,0.7233130801412119,0.5040145432214186,0.0,0.04067121592677353,0.12096024915073567,0
1658,83,1,6,0.8019839948196554,0.6775080117971258,0.8560289878767455,0.75,-0.06786974997702355,-0.10512501594189605,0
1659,71,0,7,0.8179608367732635,0.6383666737703065,0.8071455799056172,0.25,0.12441454458102963,-0.12458100246522286,0
1660,44,0,7,0.7700907108248074,0.5092106069471246,0.7028837409064338,0.25,0.14688923035610513,-0.06593866879695143,0
1661,32,1,6,0.8204687825633499,0.5360612676261541,0.40662059873111256,0.0,0.03402122223140586,-0.07428710003335703,0
1662,82,1,3,0.890807417990513,0.6298721791315981,0.8652989066623078,0.75,0.5828919414769449,-0.08374712293902131,1
1663,83,0,4,0.5231487919873119,0.6316106778793841,0.6697914602611267,0.0,0.30271487080706433,0.02594004048602966,1
1664,78,0,2,0.6384635893379768,0.8569755464062232,0.3861956726458134,0.0,0.13800539772283077,-0.07058229125759674,0
1665,55,0,4,0.831272446835866,0.7790592539795332,0.6674136935165588,0.0,0.0733701886319289,0.03996593741531207,0
1666,73,0,3,0.7384041244084204,0.6492633549760106,0.5441185615730524,1.0,0.5051158483310163,-0.26110988485776454,0
1667,84,0,7,0.7095264452271582,0.541676944741625,0.8136232016907375,0.0,0.4293144623209321,0.004770292903155893,0
1668,50,1,3,0.7439996135643538,0.444749253364771,0.5145705813494186,0.0,-0.020451724033421992,0.12193860118237676,0
1669,82,0,8,0.8768229178872776,0.6658686356229458,0.7804474004687432,0.0,0.23547920366600128,0.009024688515847923,1
1670,82,0,7,0.9055401071847703,0.6379984130614844,0.6874693127090218,0.75,-0.006535055370121556,0.052717300611952234,0
1671,58,1,7,0.9578586645571023,0.57483083216365,0.7260901463760234,0.0,0.3614295549774242,0.1037030220674735,0
1672,45,1,5,0.9905010404266906,0.6815375345980972,0.713067849396369,0.0,-0.0017303666816017582,0.01667919331152834,0
1673,43,1,3,1.001705073194781,0.581470617551792,0.6787392271463316,0.0,0.2139976099569328,0.38263843507435535,0
1674,44,1,5,0.9673432586527163,0.5613629920344237,0.7672276778828292,0.0,0.5361863928639917,0.10540105717126935,0
1675,31,0,3,0.755066526679416,0.7152675937784077,0.5631840635337404,0.25,-0.09591297632552909,-0.015407534373533371,0
1676,33,0,2,0.8736406780269955,0.7128209218870764,0.35809964927976584,0.0,-0.16769584132932264,0.11295999207717489,0
1677,62,1,7,0.834546613682152,0.7349911595863347,0.4944809666291291,0.0,0.13569531552978198,0.18497699310282623,0
1678,62,1,7,0.7884804749492349,0.6542354445199627,0.7484282018996476,0.75,0.260822975091547,-0.054753399165154426,0
1679,63,1,7,0.7761402312217611,0.6259161027295209,0.5487012406758118,0.5,0.20519749227780515,0.07722290695038136,0
1680,48,0,8,0.7992102064916993,0.5456228744927141,0.8263087049719876,1.0,0.12924333426744727,0.0454238738956273,0
1681,32,1,2,0.8180002899488392,0.6470943784607134,0.22501735140607995,0.0,-0.23801229404569915,0.062438335342608786,0
1682,64,1,4,0.7717184815219262,0.6468473436485408,0.22057645189520667,0.0,-0.09388923359960719,0.03360839633396451,0
1683,43,0,2,0.8614944436543028,0.6045705778953817,0.6781189477718382,0.0,0.005816492798703776,0.08280165809956042,0
1684,52,1,7,0.7643107180165838,0.6117065654696748,0.537233436824433,0.0,-0.07604546130688372,0.1015448675399393,0
1685,45,0,6,0.8705952457761793,0.5968672520738705,0.5001076347990326,0.0,0.19170890627473064,0.3697865101867879,0
1686,61,0,4,0.7,0.6754030578171419,0.25815051531670596,0.0,-0.6606599395137184,0.1470216566218564,0
1687,38,0,4,0.8867337031468854,0.4574386015637171,0.35975443313115085,1.0,-0.48410077704440435,0.1126303389162635,0
1688,39,0,2,0.7218130377857667,0.7535337790738774,0.568302070063071,0.5,0.3154862011127348,-0.0622023388838302,0
1689,73,0,5,0.9241294592182062,0.5410668165221589,0.6449217140166812,0.0,0.06673989559492988,0.23913535866150515,1
1690,56,0,5,0.5678024562573772,0.7038096771469442,0.6601394995627139,0.0,0.04385861834650706,-0.18846484132640917,0
1691,39,1,6,0.9148777472570124,0.48284375534129836,0.6342035979437317,0.0,0.1449693124302578,0.03621954853565579,0
1692,46,1,5,0.8334378945107459,0.5486318247094156,0.6934891014891182,0.25,0.30920490011901675,0.0946145786550816,0
1693,55,0,2,0.6513526971130027,0.4689032047909811,0.5180492544411537,1.0,0.5111841127431156,-0.05707031534319085,0
1694,39,1,6,1.047222658226872,0.5487992622464645,0.5268440013205199,0.0,-0.2542537237343555,0.07791844627759903,0
1695,61,1,6,0.6957374153313974,0.7123468075097473,0.6579549464584439,0.75,0.3057898398616095,-0.07823476088900172,0
1696,52,0,4,0.7933096132941994,0.560121774362504,0.7401114154158577,0.0,0.1481375922276965,0.03225432186482702,0
1697,73,1,4,0.6602316153462069,0.5765727839912801,0.6888748858741764,0.0,0.07332359604474126,-0.039768384653793065,0
1698,54,1,4,0.6505774938011791,0.7075551511167594,0.790390925152803,0.75,0.07190111748020578,-0.07246114861429287,0
1699,51,0,4,0.6625281382296256,0.606370283483161,0.7155562691830089,0.0,0.13207714001826998,-0.08233789669472591,0
1700,69,0,8,1.064310592974046,0.59314799613667,0.8878627909229457,0.25,0.6979299274718739,0.23019309741355976,1
1701,77,0,6,0.8600586149577546,0.5062217573006831,0.5661129358868495,0.75,0.012448214909384858,0.20541699606522512,0
1702,53,1,5,0.5584876535594904,0.4559139129820619,0.67874451128297,0.25,0.37837938997574383,-0.1147988121581377,0
1703,55,1,3,0.8458766598345878,0.6373576687360514,0.5888399672974106,0.5,0.3293802019153039,0.3035929440301336,0
1704,48,0,8,0.6484396052906038,0.6874092131648397,0.8844353429484716,0.0,0.32218988824052197,0.09212067148782033,0
1705,77,1,3,0.7873011197414305,0.5348161901085562,0.3101329600018422,1.0,-0.1942049437290846,0.015618451422874546,1
1706,79,1,4,0.6772737979161465,0.5773575095839627,0.788038157621909,0.0,0.48002513895731824,-0.00879227232699853,0
1707,37,0,6,0.7681621128784245,0.5672354247074779,0.7,0.0,0.12826185470667506,-0.035701732501262184,0
1708,49,1,7,0.9331023481368896,0.5313613266170737,0.9159678267953695,1.0,0.6830105918870909,0.44969084259269265,1
1709,46,1,4,0.7566848717973713,0.6752441076892118,0.9114721459704638,0.5,0.43992133697523367,-0.08147499390395962,0
1710,51,0,6,0.9596276739369023,0.560692174634267,0.6404216196566695,0.0,0.30431531330437617,0.31869902382831683,0
1711,71,1,2,0.8408451835895311,0.6647542382226473,0.5692099775643948,0.0,0.10130121608581849,0.1251960703581625,1
1712,54,1,5,0.9349225719658818,0.5695278299122956,0.6998250693946114,0.25,0.504254038174087,0.3173673583161315,0
1713,41,0,4,0.8780975502991122,0.6135983430549582,0.3483072123121272,0.0,0.09058070682652097,0.2830802708931489,0
1714,33,0,2,0.6069551954040506,0.6286410857423387,0.7,0.25,0.5895311098913323,-0.008516364748772154,0
1715,78,0,2,0.7803070170202472,0.8055995208121128,0.6047702351688634,0.75,0.2809291139551126,-0.0015219094729178595,0
1716,43,0,6,0.8678468200188152,0.676083913616747,0.9911675857463446,0.5,0.5455764302329502,0.152976415567865,0
1717,78,1,5,0.761125409271554,0.6510893547557666,0.7165174342540219,0.0,0.04166130747906305,0.13230869657718736,0
1718,60,0,7,0.7523441011502038,0.5291478099297425,0.689770463494099,0.75,0.37789815687741546,-0.11496847127434406,0
1719,31,0,3,1.0498017685333587,0.42230907063077877,0.17596892340333145,0.0,-0.24048306544506784,0.30091783713085196,0
1720,44,1,7,0.7,0.4056765199476447,0.5723463898802386,0.0,0.2060827714752646,-0.07593612842242203,0
1721,56,0,5,0.7883735032140966,0.4933505974299852,0.8461950643388427,0.5,0.33804385397527037,-0.012406535213784431,0
1722,45,0,4,0.8746016730222156,0.6140010491571503,0.547995093971623,0.25,0.08682088138438837,-0.05068556730234053,0
1723,54,1,7,0.813222446423325,0.5364832900819339,0.7105814098488635,0.0,0.19769434695445354,0.10899844386483226,0
1724,57,1,5,0.8269989976521015,0.5771714924529799,0.7220193778602481,0.0,0.3236362154394929,-0.04667536266647854,0
1725,33,0,8,0.850117190554694,0.5884275223177462,0.5838475536475894,0.0,0.21170587030748383,0.21008490644379185,0
1726,56,0,3,0.7289703652515144,0.6799213300083856,0.3555218914585297,0.25,-0.11278520609090836,0.0025514211261460362,0
1727,32,1,4,1.1623744231551933,0.5208351724735292,0.4740649616636459,0.0,0.10224131407166093,0.2272264518876237,0
1728,55,0,3,0.898654680417186,0.661762571813741,0.3289391425975863,0.0,-0.3590419159052447,0.15442834546362572,0
1729,42,1,7,0.8356111605060376,0.6685819489448103,0.8039782209992835,0.0,0.49357261857657087,-0.003702039747110142,0
1730,64,0,5,0.7,0.6139867651874304,0.5149915246399782,0.25,0.02176081905142596,-0.11650574928024582,0
1731,75,1,7,0.8814568732696043,0.6332020710164947,0.8889332170643205,0.0,0.736252867756008,0.012935971615353092,0
1732,49,1,2,0.9109823142839264,0.637190425766267,0.7596853726761943,0.5,0.32370029458407473,0.3178295859163668,0
1733,55,1,6,1.0084224022660593,0.5774025126019224,0.7079527077935134,0.0,0.22580321776369133,0.06774242920888818,0
1734,63,1,5,0.8807945605741163,0.5314527727355901,0.5182767047689664,0.0,-0.009149293724045382,0.16590292473152002,0
1735,31,1,4,0.8669902283296025,0.6065247065485218,0.5699728399058677,0.0,0.12487207563268826,0.06357442298386606,0
1736,62,1,7,0.9198197269259899,0.6112985396830866,0.8549283204679583,0.0,0.1534518875353782,0.16607614615333632,0
1737,75,0,6,0.9718108570720677,0.6315099064288993,0.3869696561366707,0.75,0.12686680923065852,0.16765971093222032,1
1738,69,0,8,0.825747376525281,0.5594901861343251,0.7963307217938652,0.75,0.12947063681845283,-0.012716029778533922,0
1739,82,1,2,0.6497688749820947,0.6353984537717778,0.7312444696835136,0.0,0.031244469683513687,-0.10728237821437347,0
1740,46,1,4,1.0423108706207183,0.500676045916872,0.5242715724622841,0.0,0.06691488366614873,0.1783323358235991,0
1741,74,0,3,0.6328186639457559,0.6551630229995312,0.7122485031770943,0.25,0.21808027242356287,-0.06718133605424403,0
1742,45,0,6,0.846618546673874,0.6704094235703062,0.6748740441589377,0.5,0.17748817202979345,0.05209078862288863,0
1743,40,1,7,0.8353482543041609,0.5399121134407456,0.5857315212460527,0.0,0.26983597074017734,0.1321275668220634,0
1744,75,0,7,0.9305091589310224,0.6613063389248209,0.2762773368401325,0.0,-0.31662641255487894,0.17683542315522027,0
1745,67,1,8,0.9081472027610432,0.4615841139880562,0.5848651171919824,0.0,0.5632357923788857,0.1572379622033504,0
1746,47,0,4,0.6704047240079407,0.6083828043932958,0.4494560308011408,0.5,0.2479260921051138,0.004376300048133941,0
1747,66,0,7,0.7402448895112858,0.6024989066573245,0.8427404460308255,0.75,0.4779713998258734,-0.0284283763305041,1
1748,80,0,3,0.7396450354529501,0.6112273779889008,0.4928105313385728,0.0,-0.08887197746715358,-0.12884079992806152,0
1749,52,1,7,0.8038839739742688,0.44534297289954394,0.9011373949685678,0.25,0.5913101376070484,0.05355562164097638,1
1750,69,1,4,0.8797855576864577,0.6238391152465319,0.4868971791923727,0.0,0.1342969182546781,0.05712625326250853,0
1751,47,0,5,0.7208212871995724,0.6085089651573126,0.8195819453033362,0.25,0.5355838920255992,-0.07708854856895042,0
1752,61,0,7,0.8700917678137994,0.581446911317673,0.8323326305648641,0.5,0.19342481425708236,-0.017009733864765342,0
1753,45,0,7,1.1072863884987385,0.5899472808309302,0.8517124299111128,0.0,0.32879229900770457,0.28982315960553573,0
1754,59,0,8,0.5937923328765176,0.5384562308585072,0.9927807772177779,0.5,0.7445277303810744,-0.11336340522961241,0
1755,38,1,2,0.9463024177320863,0.6609278138689478,0.7430262683610773,0.75,0.42363921890355616,0.07476541252246105,0
1756,84,0,8,0.959806331329271,0.6431392837217207,0.9529267769082009,0.0,0.4926844544303372,0.3053334876841092,0
1757,84,0,6,0.6804963842804116,0.5195758571709309,0.3897306912508934,0.0,0.07001596575744212,0.08671062652532857,0
1758,46,0,6,0.8072274343737336,0.5884661595145619,0.556593430871663,0.0,0.23330619279198184,0.05579061156619014,0
1759,77,0,3,0.7997064543051745,0.6235894335779929,0.5992738846220609,0.0,-0.06159602587028801,-0.07210176529515011,0
1760,31,0,8,0.9188188312439669,0.7007976452298931,0.9403310352930506,0.5,0.7370354949101613,0.05874379375530503,0
1761,62,0,3,0.7,0.6342490935281634,0.8994678784220976,0.0,-0.011300842117653809,0.13172910742011013,0
1762,51,1,7,0.9119210255067425,0.49783239196032525,0.8609917375172971,1.0,0.29786753435123614,-0.12220694727638026,1
1763,76,0,2,0.9786525985421345,0.7118661951136361,0.4392341903892533,0.0,-0.10270082399669939,0.3395091544591229,0
1764,69,0,2,0.6134204342088596,0.6114018965923989,0.42453933036160385,0.75,0.1500522774175167,-0.10207791350598938,1
1765,61,0,2,0.4601616632299579,0.6740327871444849,0.5848544922172544,0.5,-0.19549865723668658,-0.3592850933192956,0
1766,60,0,7,0.9539987874744361,0.6721537427148624,0.713319385200326,1.0,0.10893673749472332,0.16363480591134105,0
1767,61,0,3,0.7693983643740845,0.6610775630171355,0.5540326573908332,0.0,0.3900864691561532,0.17097184423070044,0
1768,61,1,5,0.863035682071216,0.614521110481765,0.44122841041690675,0.75,-0.2423214937132484,0.057497732240966326,0
1769,68,0,6,0.7866358900056188,0.6025708658298359,0.8577543841302717,0.0,0.39443375054556196,0.19018269160697454,0
1770,31,1,3,0.7251585296782836,0.6475587015856838,0.6821118123531299,0.0,0.21782331016717588,-0.025717224599636546,0
1771,62,1,8,1.0542579302532038,0.5187288515040268,0.7063682024314396,0.75,0.49313706928114776,0.3545885786501588,1
1772,59,1,6,0.7,0.5203254054802434,0.8098140002236281,0.0,0.504710754035925,0.0579358252459633,0
1773,80,0,7,0.8236387910869658,0.6558361306913079,0.668376932583737,0.0,0.1064195417686401,0.13267621755344783,0
1774,54,1,2,0.6989875477553725,0.4716575806969602,0.6573292110889715,0.5,0.1694840093844559,-0.04239406882542618,0
1775,34,0,4,0.7533366630724814,0.6224150479863771,0.7,0.0,0.24964855875952952,0.1841162979472376,0
1776,78,0,7,1.0084124473154394,0.6287280135010609,0.6152039439419639,0.0,-0.11566026887522851,0.3491357710771228,0
1777,40,0,2,1.0173863102696068,0.5705942782721913,0.5235022398747301,0.75,-0.2206278095207288,0.2446035653497295,0
1778,37,1,8,0.7,0.5846898445147225,1.0590780156228108,0.0,0.9856360720425843,0.07024911473519291,0
1779,44,0,6,0.7613717516176286,0.6017842023712113,0.5952048837338509,0.25,-0.07669783117336793,-0.23807683598426077,0
1780,82,1,8,0.754504647829459,0.6885619233436066,1.0573807949916618,0.5,0.3665111209400934,0.09054303498557648,0
1781,59,0,3,0.8281613791201017,0.6543308857379756,0.4462516770088674,0.75,0.04648404531227196,0.1442880605788166,0
1782,81,0,8,0.8256952032825672,0.6064745888128108,0.6351723696719043,0.5,0.10395899313883883,0.060142680809549764,0
1783,68,0,8,0.788021794783812,0.6115951026010928,0.883366790295949,0.5,0.8797685729558459,0.06382465039697516,1
1784,70,0,2,0.8519394746954312,0.5239817761297797,0.5542768969332954,0.75,0.09564454479371232,-0.16527496140750375,0
1785,73,1,5,0.919732265877177,0.628256569876079,0.1437495007923368,0.0,-0.20691781432186482,0.04174171714431141,0
1786,59,1,2,1.0501909494095374,0.5996282984911899,0.7,0.0,0.27525832604059003,0.1557479070414185,0
1787,31,1,5,0.9536490757045435,0.5538744915936241,0.5248073297478834,0.0,0.38164023135178043,0.25364907570454354,0
1788,50,1,4,0.9287727093020749,0.6550148528035572,0.15878545105522116,0.0,-0.4923797413528853,0.22877270930207494,0
1789,84,0,6,0.7030578719874927,0.7083763767036398,0.5218980794605946,0.0,-0.17810192053940532,-0.06078630289703402,0
1790,73,0,4,0.7723820700345081,0.6409467243542857,0.6279532035731726,0.25,0.35347611962837067,-0.003655335683137362,0
1791,36,0,6,0.7767857188685126,0.5697659414330167,0.695828713578045,0.0,0.3772300580864459,0.04118016589066953,0
1792,39,0,3,0.9066463108740278,0.687048274755579,0.594295944844695,0.0,-0.08577312579468488,0.08603093477160195,0
1793,69,0,7,0.8843289172029618,0.6973474568392458,0.45770954539237096,0.75,0.0069764169555247,0.18481565946065404,0
1794,40,1,2,0.6393563394108359,0.49647941881524,0.6507310690497404,0.25,0.15050636426565056,-0.10672699517746809,0
1795,53,1,8,0.9968494480838477,0.6488104465392961,0.3972046673938365,0.75,-0.20126134016381086,0.3247075727542723,0
1796,54,0,4,0.8019617677248515,0.6592292470060184,0.7615055631647731,0.5,0.459355996174608,-0.11858793536612677,0
1797,37,0,7,0.8499067256250001,0.41889512981772953,1.0758745312994604,0.0,0.40262177967590074,0.26973767662490256,0
1798,34,1,5,0.687386065758126,0.5120306627425015,0.5944214443460276,0.0,0.34882138408706875,0.06566523002214908,0
1799,30,1,3,0.849019265219838,0.586441181683048,0.36596109515829445,0.25,0.11651039545922973,0.047721949678904974,0
1800,75,0,5,0.7529451915791816,0.548031773298538,0.7040563763501652,0.25,0.17998308587128486,0.05713934050892988,0
1801,53,0,2,0.9531800515162192,0.6572348949757199,0.5492459659132674,0.0,-0.14448303932005324,0.15810500225368262,0
1802,79,0,4,0.8175992643203875,0.5681102788208099,0.6706036609168393,0.0,0.30828030190359157,0.2429698739117485,0
1803,75,1,3,0.6127324405743573,0.6682701371651052,0.2561986359470791,0.25,-0.1995558749976945,-0.15237331279232924,0
1804,73,1,3,0.8753085766721711,0.6467069657394084,0.4375179766881324,0.5,0.017540747331326323,-0.012888838878873488,0
1805,65,0,7,0.9942940046263452,0.5330172810486059,0.9148502040928714,0.5,0.37961817476842197,0.3409263504220491,0
1806,40,1,5,0.887396424126966,0.5977194816566549,0.6133862016433188,0.25,0.28814039868329644,-0.0033510339484776885,0
1807,47,0,6,0.8909488439241646,0.6366917082216689,0.7315272994603749,0.75,0.37652428926038006,0.146653119483108,0
1808,78,0,3,0.6774151107514976,0.580552685372718,0.6732630417752847,0.0,0.21769399849841703,-0.2588241131094322,0
1809,76,1,8,0.8660443374850049,0.6002642881305127,0.43062501385003704,0.25,-0.04973854697211083,-0.20784487608597635,0
1810,66,0,6,0.9249263077625502,0.48563833803058953,0.52385469213094,0.0,0.29841655022291097,0.1656782930766897,0
1811,82,1,8,1.089038992692943,0.6775529781278131,0.9409781516839023,0.5,0.6868642799016408,0.09282718090867892,1
1812,51,1,4,0.7,0.6160297453701645,0.5365717814483889,0.75,-0.20630679293958898,0.12770128323810648,0
1813,53,1,5,0.8485323607047345,0.5441273012396787,0.8729830765133589,0.0,0.118005239214649,0.250607589920792,0
1814,39,1,3,0.8940898466628763,0.6746083091919916,0.4443797249713033,0.0,-0.25562027502869666,0.1798044626227625,0
1815,47,1,6,0.9063716455398935,0.5395654119392038,0.7477905799201578,0.25,0.3625134877001605,0.17820451883204336,0
1816,65,0,4,0.8715619749454457,0.5038269510116181,0.3399010651858061,0.0,-0.3853053742935567,0.2021138306732263,0
1817,78,0,8,0.7398252813486963,0.5822655123463513,0.6329133473085253,0.5,0.26594495294501885,0.03982528134869634,1
1818,39,0,2,0.8546894456203711,0.7429787981173752,0.6192834250675546,0.25,0.21507656655742224,0.02314306629555407,0
1819,70,0,4,0.7966980543511043,0.4980931860292579,0.8126540944202517,0.0,0.2647477619615767,0.17373805576537427,0
1820,52,0,7,0.7736421156647643,0.5144810862771454,0.6805264135884835,0.0,0.03337045934215366,0.07364211566476431,0
1821,47,0,4,0.7996286872649024,0.6057677955463892,0.6910536289480967,0.25,0.20283188238654054,0.03798258782710817,0
1822,70,0,6,0.5618729007992874,0.44767886507829247,0.4953728847859717,0.75,0.1245957706874215,-0.14515100147816518,0
1823,81,1,3,0.7288288419703526,0.632240028872664,0.7416647003756941,0.75,0.035360450357359574,0.12028494746982121,1
1824,57,0,7,0.7851986647513229,0.5867749195878372,1.052886864560843,1.0,0.36345811601654454,-0.11219774034283025,1
1825,64,1,6,0.9408182086094748,0.7,0.5511762895853327,1.0,0.04861681183449951,-0.044449943977372786,0
1826,78,1,5,0.8402370637570326,0.5804097553290842,0.7182654489176057,0.0,0.3882080127869256,0.14775389518138793,0
1827,45,1,3,0.8028652367975035,0.4937349236917391,0.19699156294136327,0.5,-0.4110660008371307,0.11049637975377014,0
1828,60,1,6,0.9932771096905593,0.5148399698059168,1.0067131904858588,0.75,0.28827578726316516,0.2052172083525542,1
1829,83,0,6,0.6794331702497902,0.7157877949955946,0.7017326260917268,0.75,0.4173214954600573,-0.012859337089983436,1
1830,78,0,3,0.7490781644214255,0.6028527738083969,0.6405565980886466,0.25,0.37232841464503075,0.07279440137454385,1
1831,67,1,7,0.977141695786959,0.4739903774028697,0.8303506482924671,1.0,0.2760775859673805,0.183888775365726,1
1832,66,0,2,0.8251325556623655,0.6177128495076862,0.39806903486863093,0.0,-0.029011399386095704,0.018589846439143742,0
1833,45,1,4,0.8979819014670956,0.71039080631492,0.5006871169514683,0.0,0.09657325894829782,0.1752636970633954,0
1834,50,1,4,0.8644031673365672,0.5616100240979399,0.6793436706024697,0.25,0.22912792307152768,0.28807669650301637,0
1835,79,0,4,0.7790985119242072,0.7094626979774972,0.40544138204054014,0.25,-0.32227012537541,0.057141885287113614,0
1836,72,1,5,0.8691077450367333,0.5756504536810961,0.5471568964258154,0.0,0.1235952970388865,-0.015672615250411526,0
1837,71,0,5,0.7985630926424057,0.5768202525313959,0.7,0.0,-0.10949303384023157,0.12923529677169632,0
1838,74,0,3,0.7028197615093461,0.6097662609751486,0.6579380897926141,0.0,0.020321012325006826,0.0026302966247988557,1
1839,74,1,6,0.7874545686050678,0.5944250287774093,0.9646619845336196,0.0,0.25876540552399274,0.24915506226702056,0
1840,54,0,4,1.060838937652328,0.490982023888533,0.44071971550313677,0.0,0.019065527003725546,0.31955402111111986,0
1841,55,1,6,0.7259155732763013,0.5170040527233714,0.6409908540831846,0.75,0.279189065684047,0.2157641236611062,0
1842,81,0,2,0.9575639554638061,0.5785699332534154,0.3709069422251199,0.25,-0.33700821035153594,0.13681111554490355,0
1843,79,1,2,0.7448780148679285,0.6850789805314005,0.7,0.75,0.0917956469106046,-0.06232467374969375,0
1844,39,0,4,0.7665347715423507,0.7550473898780155,0.4168349032753687,0.25,0.026780677194056857,0.012626581509819879,0
1845,37,0,4,0.7217913674072873,0.7,0.6959812762454437,0.25,0.18879314527663327,0.017487393571499643,0
1846,75,1,7,0.7101198351023469,0.7084998564624669,0.7012099848053809,0.0,0.3009620455723128,-0.051704552421476646,0
1847,51,1,6,0.7145054614214205,0.4841934058967942,0.8068129414993994,0.25,0.45381722172770383,-0.1333367572193509,0
1848,31,1,7,0.719119761230942,0.5557311199299111,0.7252606397630269,0.75,0.1523140496525005,-0.3393385845491238,0
1849,47,0,6,0.669466639583091,0.6251482938646318,0.6425857968319021,0.0,0.02516210466877522,-0.2906814032423731,0
1850,34,0,6,0.8159713405515842,0.7709375651085102,0.9693769344128133,0.0,0.3877959291355241,0.2156927178965572,0
1851,45,0,6,0.8774004040393377,0.6012262658769512,0.35992074239211747,0.0,-0.07850331513682218,0.007832531511297813,0
1852,62,0,4,0.8588715381104349,0.6315945628699883,0.6306339462695622,1.0,0.1110235898699955,0.2624652428900306,0
1853,59,1,3,0.5990434328585237,0.6132919386504208,0.6449943556989404,0.5,0.21792647255763403,-0.22002210062682415,1
1854,84,1,8,0.8409135252202918,0.5080403197385713,0.6775842681741974,0.75,0.16694672068756522,0.0005560201912925278,1
1855,34,0,5,0.7,0.5318645706138818,0.6066424796000475,0.0,-0.0369235643056367,-0.09515739900793396,0
1856,45,0,2,0.8563824866541739,0.7064388223117493,0.7450753057314614,0.0,0.4882467512725613,0.09674112043331462,0
1857,72,1,7,0.807974117795824,0.5416531917438254,0.713574486689931,0.25,0.22310773012509738,-0.0004042499893899265,0
1858,69,1,4,0.8906788206343883,0.6321649120652696,0.8618632144494599,0.5,0.27715789078561814,0.16526879255525584,0
1859,76,0,3,0.6697250437745231,0.5390279999887749,0.6054711469671384,0.5,0.30925867126360324,-0.1048799141709611,0
1860,58,1,3,0.685199946572501,0.61770672007489,0.28340015690955705,0.0,-0.1464266909136117,-0.025569509661882983,0
1861,62,1,4,0.9035975775572163,0.7075501937630452,0.6941895747169167,0.0,0.30194241450875947,-0.08712126130864484,0
1862,36,1,7,0.9482434525483014,0.42692303305043194,0.6762943410886121,0.0,0.19823676085759723,0.282304966186123,0
1863,63,1,5,0.7857127848556835,0.6627388160153744,0.864199259534971,1.0,0.30068180373195885,-0.047935986137103925,1
1864,79,0,5,0.9688492119376616,0.6631466312257133,1.0254046147098217,0.25,0.6530544134242584,0.26498412243642033,1
1865,76,0,6,0.666127584984704,0.5541017546085956,0.7653432563613882,0.75,0.11364872904245005,0.23165558420049476,0
1866,70,1,7,0.7677860522874412,0.5401656905246699,1.0571473451631814,0.0,0.446984028932393,0.1771423406189503,0
1867,38,0,4,0.8516084448199556,0.6965192884230541,0.6254558866993853,0.5,0.11956630779509891,0.15666788382821384,0
1868,44,1,5,1.0084563720918847,0.4902171281730086,0.48700868530038155,0.0,-0.047664616076220745,0.24471926315474357,0
1869,52,1,3,0.863626372685764,0.5587870804841867,0.5314943506874488,0.0,0.2006419708557559,0.1271948765515396,0
1870,58,1,8,0.7738583011077914,0.5025237862447895,0.830493513958208,0.0,0.10663199798926026,0.17398273765676198,0
1871,31,0,3,0.7733816650419609,0.6141520158612335,0.45183172362001095,0.0,0.21171428697473102,-0.06489289268240928,0
1872,34,1,2,0.8596746593226903,0.6711487218517611,0.6524675713642835,0.25,0.047805336423104805,-0.29894997898161035,0
1873,75,0,4,0.8657438562049887,0.6220283394279865,0.5428768294382088,0.25,0.05584371200596022,0.14475263387727577,0
1874,45,1,5,0.9396975696448141,0.5707069482121991,0.8107672307321546,0.5,0.2637439676792198,0.15631741304260227,0
1875,31,1,7,0.8562750835687568,0.6199879886549872,0.4471864260293464,0.0,0.009515723182513702,0.13890491944123529,0
1876,47,0,4,0.792460408943201,0.6126195028142545,0.7568689502503125,1.0,0.26885834216795496,0.034563749438664804,0
1877,78,0,2,0.7,0.515733470935917,0.6031694131057871,1.0,0.16449927329461156,-0.09532517790895756,0
1878,51,1,4,0.6374126824267998,0.539745499970727,0.4081907922797033,1.0,0.03211105827133037,0.00989684903383703,0
1879,72,1,4,0.8552064837246363,0.49318175258851826,0.7,0.0,0.2629177962955967,0.04028350997346297,0
1880,32,0,3,0.7394233922632348,0.5586765580295605,0.7,1.0,0.3571291792143341,0.03610484198175745,0
1881,31,0,5,0.6355042108422508,0.593135252386248,0.5461910489302864,0.0,0.4303971462200819,-0.08416655829842501,0
1882,64,0,3,0.6808279315098901,0.5757132015374852,0.5611870974168277,0.0,0.22274687747189392,-0.04167333275787877,0
1883,43,0,2,0.7573687040504072,0.5727678440467261,0.4734014202629261,0.0,0.22594638228978453,0.024629890928812626,0
1884,42,1,7,0.6308363741790441,0.7,0.6640228686144827,0.0,0.08668804151418341,-0.20357619820338702,0
1885,48,0,8,0.8170182035007216,0.5501620944319543,0.9480795722527131,0.0,0.4774576909476427,0.2051110845444677,0
1886,76,0,7,1.0440936876315172,0.5250986518397432,0.7260303822394056,0.0,0.02603038223940568,0.29605640673075473,0
1887,55,0,4,0.6583875210610698,0.5151460643562964,0.5213827286297358,0.5,0.06190749093230702,-0.06450678667271248,0
1888,40,0,4,0.7,0.5017819821705991,0.6611676261029087,1.0,0.5422503080757193,0.018519652397506414,0
1889,42,0,8,0.9669771195212903,0.515681597285655,1.051294833560615,1.0,0.5438380922451017,0.29008295300719233,0
1890,84,1,3,0.9076932165309117,0.6001299740375413,0.5253563896805944,0.0,-0.043383060467188206,0.19392488064913482,0
1891,43,1,5,0.8497287896427023,0.5298551176039953,0.6537093124286227,0.25,0.10370863154147902,-0.08507927912643676,0
1892,33,1,8,0.9626448934827355,0.6395826599047484,0.8106213257964787,0.0,0.3237325465323793,0.12917083392995643,0
1893,42,1,6,0.7972263290504844,0.5539445090572745,0.4866406959709489,0.0,-0.2150420210898984,0.042737958803950815,0
1894,65,0,6,0.9781242368443066,0.7773155911869136,0.7360907119435561,1.0,0.1833279930048345,0.13808171949541848,1
1895,60,1,8,0.9268205471467025,0.5757956768550025,0.8905279687865536,0.0,0.504968585738663,-0.10269248712446133,0
1896,51,1,4,0.8374111305879428,0.5528058520268183,0.3427883679835302,0.25,-0.07256220303576905,0.1457715947054573,0
1897,82,1,3,0.6451646366494372,0.49562530812666183,0.8451594825920383,1.0,0.22447178620063313,-0.18990953159243917,1
1898,35,1,2,0.7640277545155884,0.6934388099374448,0.7509318608501044,0.0,0.04577098490404119,-0.20051228851162073,0
1899,66,1,7,0.8910626273675787,0.7,0.6774088117939407,0.0,0.17179913752890386,0.2404976596013726,0
1900,79,0,8,0.9155373805815796,0.539265323258284,1.1020814158527812,1.0,0.6203686044831436,0.019962672810759696,1
1901,77,1,8,0.7722093373614141,0.5862332868338492,1.0429321966740797,0.0,0.7532532154120071,0.1913650462324309,0
1902,80,1,5,0.6895224140343043,0.5167218195577523,0.5923831707038109,0.75,0.01752742426875109,0.042658714383154384,1
1903,62,0,7,0.7831873967440076,0.5981727781563065,0.6372347450406582,0.0,0.15214520241314783,-0.22305176469125165,0
1904,69,1,4,0.8287763536771314,0.6186391280373318,0.32151311022165335,0.0,-0.44727612602633166,0.10243184545943584,0
1905,52,0,2,0.9447554860685696,0.5684379334581825,0.5459650837739561,0.0,0.20600267670235922,0.24475548606856967,0
1906,52,1,3,0.9502276923579629,0.6869014363462094,0.43066431778505465,0.25,0.1560625134740713,0.30295850908724475,0
1907,54,0,6,0.7696783945893325,0.6865978936434075,0.37513837651174975,0.0,-0.005546523501410772,0.14641824333590425,0
1908,33,0,3,0.8029045918983893,0.5791193862213764,0.5317070555353329,0.0,0.15698189424131592,0.05278803776391172,0
1909,33,1,3,0.8985099577689294,0.7727805870356959,0.7208558556137749,0.0,0.4021484699572649,0.15373711241351073,0
1910,47,0,5,0.6796138379968454,0.7010744808352486,0.46225582617906663,0.0,-0.05754106463130665,-0.15169107178492625,0
1911,54,0,7,1.008620964924577,0.5526887674567619,0.8052591573119687,0.5,0.1977561001628213,0.22307283541992196,0
1912,84,1,5,0.7544090047403497,0.6159852722842661,0.823117320600503,0.0,0.18954852476895678,0.10851668389638314,0
1913,51,0,2,0.8997232077927809,0.6895641450326947,0.18465123753661222,0.5,0.05885890252229592,0.14928608203679716,0
1914,34,1,3,0.8151556105783687,0.5962795090605898,0.3972405392826592,0.0,-0.04100385097109843,0.36379885548644164,0
1915,60,1,3,0.8713731226778165,0.6649762701556543,0.576169587183553,0.0,-0.10943495565864858,0.15608712590639584,0
1916,83,0,6,0.665702896968918,0.4758053593469728,0.6562679360986282,0.0,-0.054518489480329,-0.3625490203405397,0
1917,41,0,2,0.7341480704787855,0.6417342648451985,0.5865044199354643,0.5,0.0627790821825247,0.10777864239607393,0
1918,70,1,4,0.9190403186603345,0.6599636526666255,0.477509811009293,1.0,-0.20570608531308943,0.18503258791686794,0
1919,71,0,8,0.9370829686073752,0.5811000726646374,0.8926676769225549,0.5,0.6235191105782176,0.34671111844576263,1
1920,30,1,2,0.7087513618333412,0.5563609566299795,0.5692484932612103,0.5,-0.11046234141823019,0.14706928753425264,0
1921,51,1,6,0.9434075638784813,0.5466452857019728,0.7010742020356847,0.5,0.16731500418409784,0.277244610471133,0
1922,84,1,2,0.7659009578781685,0.6755746210825273,0.5468766491620183,0.0,0.31061356284171837,0.027261122199115917,1
1923,58,1,6,0.7206448921766075,0.7,0.4237522576364439,0.0,-0.15635830524208744,0.020644892176607588,0
1924,70,1,4,0.763083346736515,0.6240067272232178,0.5522930710718617,0.0,0.01745197120067421,-0.04379019449056487,0
1925,58,1,2,0.9778272238377022,0.6834510521647781,0.5377846286952838,0.0,0.00602209627248973,0.15821561533596606,0
1926,81,0,6,1.070291274271286,0.7772358568686379,0.6660472313287927,0.0,0.2334132384912766,0.19916234563685398,0
1927,58,1,4,0.6231094960548258,0.5456612972924284,0.4988211973671731,0.25,-0.08341659537665858,-0.1602706407065504,0
1928,53,1,5,0.710250193932888,0.6888778034811709,0.6555161482192181,0.0,0.2877892297220906,-0.2581463160853186,0
1929,37,0,7,0.7511910289443968,0.7391994663977183,0.56273789951889,0.0,0.0023821061063422633,0.0021601635324645097,0
1930,75,0,8,0.8520230955262424,0.6518867167316855,0.7232629869002817,0.0,0.5150497386032078,0.28123004421911635,1
1931,63,1,2,0.8662068242815764,0.7864117200175268,0.27899254694402165,0.0,0.1017380114045183,-0.008894919793519973,0
1932,70,1,2,0.8112060995216673,0.8041885234312031,0.7381744745600347,0.25,0.3868574593564161,0.02328779956692284,0
1933,37,1,4,0.854801706932284,0.7144704526577291,0.8392510802950771,0.0,0.29023021279047223,0.33268895283577804,0
1934,82,1,4,0.7560656195373983,0.6256518871179024,0.7389261658662061,0.0,0.1282033760392901,0.022699092016933098,0
1935,79,0,5,0.7659737472854237,0.49140781889300894,0.7317525756180504,0.25,0.16095316844692809,-0.13189918024860325,0
1936,35,1,6,0.7610295573496652,0.6862575015911907,0.8082040437742829,0.0,0.3306095528526579,0.07892113516441102,0
1937,72,0,3,0.9991934957449478,0.4700531911246745,0.4773254870658681,0.25,-0.20906113180397923,0.18587941450203005,0
1938,66,1,5,0.9335892772837147,0.5676935069602738,0.8277204844019252,0.0,0.5486587312710529,0.1480768372478911,0
1939,63,1,8,1.1118180739803594,0.5482863841410078,0.7182842503986644,0.25,-0.031080851412854216,0.4590766658085701,0
1940,33,0,2,0.6570346803210393,0.6126050169951452,0.7051558652899045,0.0,0.426143229892532,0.06551922096875917,0
1941,63,0,4,0.7289459379286801,0.5991883260988657,0.473707702266474,0.0,0.07997912552147868,0.16600582557814314,0
1942,77,0,6,0.6347899391924077,0.6461430058492003,0.5719342447185752,1.0,0.024685207243242857,-0.013305098728339848,0
1943,42,1,2,0.7750949144331787,0.7004999941525207,0.6023226338925726,0.25,-0.09767736610742739,-0.0010761811142673272,0
1944,83,0,3,0.8126249023488721,0.607865175941821,0.49116852502431807,0.5,0.02796151696453586,0.09291733680227399,0
1945,71,0,8,0.887189764265023,0.5548725051007375,0.8737272884798173,0.75,0.4092673266560362,0.14709271891079978,1
1946,64,0,2,0.5398896347935569,0.6455777921431561,0.32288563956584293,0.0,-0.21104965310290413,-0.13943901606424125,0
1947,77,1,2,0.9402794593858136,0.6462489948392509,0.6640513127403567,0.0,0.18588220736814004,0.19622118300843283,0
1948,63,1,7,0.9024193879325945,0.55424342243707,0.6467879602020861,0.0,0.2666152683582708,0.06667777591519364,1
1949,40,1,4,0.7319956584358838,0.4817876910993523,0.5227443830969807,0.25,-0.026444862090049925,-0.07944467073822481,0
1950,41,1,4,1.055397034121595,0.663950348966678,0.6153039144226627,1.0,0.15465068697042467,0.42495764357853283,0
1951,69,0,8,0.7,0.6406881667866908,0.5967130730461068,0.75,-0.1562115402362143,-0.17535172279762323,0
1952,37,0,2,0.9066927592092291,0.7,0.5734448352256984,1.0,0.007193451296565456,0.1832244425141698,0
1953,80,1,7,1.033437364307097,0.622583475004117,0.8594254097279551,0.0,0.1872867092652356,0.1371359598615527,0
1954,73,1,8,0.8004592531711772,0.6495024850903317,0.43395635509416935,0.75,-0.15687039524913243,0.10045925317117721,0
1955,45,0,3,0.8747040777518785,0.5888078149134273,0.4436093958180464,0.25,-0.1329061210027755,0.14639816802338457,0
1956,50,0,8,0.8675301362555097,0.6865246111936831,0.5909347376652881,0.0,-0.04421969844043161,0.29471599384750613,0
1957,44,0,7,0.7,0.7469735797964924,0.8914642964685847,0.0,0.1304786838827512,-0.06423194699724988,0
1958,77,1,3,0.7117483275630033,0.5247071185865498,0.4611510104320497,0.0,-0.14752281940482365,0.0745582478993092,1
1959,78,1,5,0.7436637903024629,0.6672070770990837,0.5744893769875985,0.25,0.0719386775529437,0.1106200475208109,0
1960,60,0,8,0.6322191146038639,0.5073020175594042,0.8073702982306781,0.25,0.15091121390878626,-0.09666824316167011,0
1961,64,1,6,1.0432044423337452,0.6368271117016586,0.6308272552292332,0.75,-0.13339822744332896,0.36557856863582305,1
1962,42,0,4,1.0520758890363948,0.7271763726446914,0.621076988296213,0.25,0.3108630571778976,0.2183817940609808,0
1963,79,0,3,0.7451085935168242,0.684754408909627,0.7,0.0,0.1016414422111398,0.022378115423834055,0
1964,73,0,6,0.8091898723648634,0.6038349928903192,0.6598864941589581,1.0,0.0248241815767567,0.42768150573254726,0
1965,41,0,2,0.785356314847831,0.6062262326230043,0.6365495775570883,0.5,0.10370160363442837,0.12817764072792193,0
1966,30,1,3,0.8840446869848404,0.7232360025129241,0.6035115208420658,0.0,0.29716699313612766,0.0667074324523016,0
1967,74,1,8,1.0143234924974258,0.5159773122460316,0.7205080275094645,0.25,0.3897383088485457,0.15914270972219013,0
1968,35,0,5,0.6991724367165604,0.5287692193363748,0.6054283502964902,0.25,-0.08405891033586599,-0.3032659199972487,0
1969,54,0,8,0.7438016800563635,0.46548513358248156,0.7760270566077285,0.0,0.33967951267552327,-0.05628087316602848,0
1970,78,1,6,0.8371381760801008,0.5103944301927035,0.9454692406750562,0.0,0.4122485461066052,0.29508137000845625,0
1971,32,1,5,0.6956778827871962,0.5599145852211073,0.8548433359480543,0.25,0.4707177663564419,0.07273678189103505,0
1972,61,0,4,0.9194587707325749,0.5156372300188157,0.4318349922343374,0.25,0.0658159258102805,0.14233100930067888,0
1973,42,0,7,1.1127967565708037,0.5079412727725345,0.6254989166930424,1.0,0.1286482501265387,0.13167508412095774,0
1974,37,0,7,1.0345779204607677,0.6151248789337284,0.7134024029340471,0.0,0.2793043784003958,0.3864333666653965,0
1975,79,1,3,0.6446067173150712,0.6595863796019042,0.7480765378438815,0.5,0.21349238820499095,0.002829106645674595,0
1976,51,1,2,0.8945349458960463,0.6301994358846532,0.4917722769934282,0.0,0.23003001964113057,-0.07887897818327505,0
1977,73,0,6,0.8428517959381577,0.7661451048323495,0.7058425164847736,0.5,0.139594808927348,0.2475956449954716,0
1978,57,1,8,1.0373042300757513,0.5618999811832537,0.7582523265968261,0.0,0.18803440496780743,0.0919538738219976,0
1979,64,1,2,0.87097823818667,0.5242192463792716,0.7,0.25,0.3754524288843125,0.056305453202674216,0
1980,47,1,6,0.9187635163015581,0.7508362421204544,0.5587411796108283,1.0,0.14293275855178128,0.14940704643532532,0
1981,48,1,7,0.6924152785231091,0.5889336825008785,0.9504080192341441,0.0,0.38831518199380666,-0.17526407118892373,0
1982,51,0,2,0.8383327642520455,0.6183278002683239,0.3701369478479054,0.5,-0.3021304095919203,0.24886633216949727,0
1983,51,0,4,0.6063153949037895,0.7737385275937363,0.5043128660458005,0.0,0.2759629957473009,0.08255620938735275,0
1984,53,1,4,0.7213134597698914,0.5191517658872149,0.4361103160346442,0.0,0.034757889164309774,-0.04479122809815239,0
1985,83,1,6,0.842049405151228,0.5991051462914698,0.879667749976232,0.75,0.06042281679415473,0.10844805012032022,1
1986,40,0,8,1.0186981786567906,0.41240060952237473,0.5656636697905152,0.5,0.08602662940322386,0.2931967574307386,0
1987,77,0,2,0.8438187585717476,0.5455279900519174,0.5664480396273833,0.0,0.20440808455089476,-0.021909835099954922,0
1988,30,1,5,0.7221521619792025,0.5957323319598713,0.7721871443697189,0.75,0.28277287606979284,-0.026342572715896795,0
1989,80,1,8,1.0246678215682559,0.5163584478624812,0.9149018431962909,0.5,0.17478286007532373,0.2636620045815128,1
1990,36,0,6,0.6928976125844956,0.6678202481658018,0.8779688269759702,1.0,0.40983740999337653,-0.03752735911654481,0
1991,37,1,4,0.9231278978886805,0.44539464194761086,0.7922252182338965,0.0,0.35677307571159733,0.23238728911008644,0
1992,62,0,2,0.6428997319921634,0.573397488412697,0.366100012161338,0.0,0.04447491408214105,-0.011469843262076895,0
1993,56,1,6,0.8896992019898279,0.4747568104152185,0.677730900240792,0.75,0.09405100341782602,-0.1639175032814829,0
1994,68,1,2,0.882357946455092,0.6034431664953148,0.6234832226090995,0.0,-0.13622253606146106,0.17241052766682596,0
1995,32,0,4,0.7364065583938593,0.6360092267768305,0.34982784664309347,1.0,-0.14260617295051087,0.1324344303286853,0
1996,83,1,5,0.8485036838847353,0.5530696662421729,0.6006270989205968,0.0,0.06103912244632681,0.218037708412667,0
1997,69,0,5,0.8259959192410097,0.5846396594728908,0.7190628776762367,0.0,0.3194356337738242,0.054040101457955125,0
1998,45,1,4,0.9515402842052714,0.6297911937636704,0.4946262523045719,0.0,-0.032015800264297956,0.13367253263162193,0
1999,30,0,7,0.7605047174748221,0.5065268166437638,0.5743453188148223,0.75,-0.14879300188013134,0.08858250910565313,0
2000,36,0,7,1.0055523262922679,0.5521578033781516,0.7702479391336913,1.0,0.6119983017834457,0.36999233461505,0
2001,45,0,7,0.8487172248513799,0.5015197972673318,0.7016179191358441,0.0,0.2178265514187327,0.09391569211288153,0
2002,39,1,3,0.737378033379652,0.7664540611125262,0.5711464339624963,0.5,-0.030428550087581052,-0.20526995937263437,0
2003,52,0,3,0.850283620297979,0.7486890446609438,0.6372634607148685,0.75,0.068505293763102,0.17026625071674628,0
2004,67,0,6,0.6908795257188822,0.6807252886352202,0.5982446114612809,0.0,0.2878767853863617,-0.06025638241843789,0
2005,77,0,2,0.8286602617786042,0.6130066065730557,0.4363249635651967,0.25,-0.3184981202913443,0.1743076094449486,0
2006,71,1,4,0.9552184456245355,0.5161060325936194,0.5851838719392717,0.25,0.31970878050333057,0.11630055353563773,0
2007,53,1,7,0.9552433014685445,0.4988552820244342,0.3961623866227306,0.75,-0.38585718880613296,0.17263235264105958,0
2008,42,0,7,0.7840845331651931,0.5558391195107354,0.5920305088027932,0.0,0.06122187973584181,0.10113957350420677,0
2009,75,0,7,0.8536742934668792,0.5380353747972858,0.7771490817492969,1.0,0.40139143547670847,0.15367429346687922,1
2010,80,1,6,0.6080680835531161,0.6011652634867137,0.8468934604752235,0.0,0.03899403260552203,-0.14505940629918201,0
2011,51,1,4,0.9940535326107854,0.6716971279632356,0.42715609822011125,0.0,0.12482617541959257,0.3164046365654761,0
2012,61,1,3,0.7682908298569512,0.6630738444822893,0.7514240753150627,0.0,0.24480497316266137,-0.27065725237867466,0
2013,34,0,2,0.8810707276428417,0.7,0.37864180595130326,0.5,-0.21970578815175934,0.24421083917170705,0
2014,49,1,6,0.7218876135509475,0.6770872526836684,0.5556927942576023,0.25,0.03866782502367061,-0.037596275788044364,0
2015,69,0,7,0.8672258701141843,0.6132508305913364,0.7987937226818045,0.0,0.48850751000018,0.3171146145980601,0
2016,57,0,4,0.7633601215187025,0.5735195253668981,0.6626271397848239,0.0,0.15356152002930867,0.30766379456553383,0
2017,36,0,3,0.8242323000592107,0.6258511394612547,0.4847380699312776,0.75,0.0022323188246884396,0.05732693567582969,0
2018,84,1,8,0.7151876958585316,0.7,0.7203981537003238,0.0,-0.011538233456038993,0.010288171238522215,0
2019,61,0,7,0.7012460772210989,0.44480396258858357,1.115398828203392,0.0,0.6384493635369655,0.13824781905901495,0
2020,34,1,7,1.074668929529781,0.5641675592319841,0.6534317054634455,0.0,0.4831404349319954,0.19500922449754954,0
2021,68,1,7,0.8305525660870984,0.7031718199938796,0.7326399582799238,0.5,0.16116388148914862,0.2614408903423029,0
2022,54,0,7,0.9579146324220984,0.5347291982068509,0.37542970847917434,0.25,-0.006585616843549302,0.2033669097364239,0
2023,34,0,4,0.7329466757969523,0.5453865612439648,0.7377989439683043,0.0,0.009261267065448942,0.15476655376174286,0
2024,77,1,8,0.8742174391858936,0.6808181267452892,1.1446269712245882,0.75,0.49384103634995946,-0.0900569309261604,1
2025,66,1,7,0.9615190239631839,0.6326487562242297,0.8318059609301245,0.0,0.132445211742666,0.09614803359474033,0
2026,45,1,4,0.798648878534104,0.5356471286108965,0.7245624937244166,0.0,0.38855012611979234,0.2962544885212376,0
2027,81,1,3,0.9556987112677464,0.5359094299549515,0.7,0.25,0.12476292964497893,0.13513095915013262,1
2028,56,0,4,0.928794722436302,0.5739639865847191,0.5081883742494585,0.5,0.23285773645658275,0.18976703306487297,0
2029,44,1,2,0.9007513479650927,0.6058445759526822,0.2997406086107404,0.0,-0.25540650746676813,0.2934887104808447,0
2030,78,1,2,0.8177773727537072,0.7461003801686052,0.5606955433625423,0.75,-0.08995344203264533,0.0985955731724173,0
2031,83,1,2,0.7387403629386401,0.498639426733679,0.7110571269945396,0.0,-0.05349463273487309,-0.06386142759237534,0
2032,39,1,8,0.9591089741475187,0.7,0.7861759617678878,0.5,0.4358167640936888,0.11655938387558207,0
2033,33,0,5,0.7,0.502208173344128,0.8147723311093397,0.75,0.29765443848211603,-0.012978081845483658,0
2034,64,0,5,0.7876461327295696,0.578239125789872,0.7219623738555805,0.75,0.1828817932454595,0.25772561253449555,0
2035,71,0,8,0.9863271014497323,0.4910368550623825,1.0375308221953505,0.25,0.6146983314893635,0.07618756774349811,1
2036,80,0,5,0.6334876838489489,0.6315343063799694,0.6247749977839848,0.0,-0.05583030113323384,-0.24219308933887562,0
2037,54,0,4,0.791057151196337,0.6271051132937964,0.6067747466765621,1.0,0.09155197053118658,-0.1619619175522351,0
2038,48,1,4,0.7021494145814415,0.5849032145704921,0.6191427358751849,0.75,0.07030926408063976,-0.04882415194592038,0
2039,70,1,6,0.8012444190694958,0.47157152088868665,0.7,0.0,0.34676028553759414,0.02460812735623874,0
2040,83,0,7,0.9043217766584032,0.4920786530425938,0.5431849861237985,0.0,0.0918789832773726,0.2787155659841153,0
2041,80,1,7,0.8971803813612723,0.6676407413011022,0.8806769759299151,0.75,0.23191103827256188,-0.19896815773038423,1
2042,48,1,8,0.7082573230042573,0.5963701817428726,0.8103991685557029,0.75,0.3596566227713824,-0.11857778754752357,0
2043,77,1,6,0.7367562796825508,0.46389523353917544,0.7762354788612215,0.25,0.19800467731802407,-0.18126348282183324,0
2044,65,1,2,0.7,0.6786303983995048,0.46021067227118084,0.25,-0.12684308292252222,-0.09676039242144219,0
2045,57,0,4,0.8336342104163771,0.6323300505542635,0.7377971842731542,0.5,-0.019527762151643757,-0.03940216030715815,0
2046,72,1,5,0.7,0.7247721415368231,1.0271707564019346,0.0,0.5189300895940937,-0.052404167504621624,0
2047,70,1,5,0.7342555380375042,0.49922864475886597,0.2617056643314179,0.25,-0.35599138472053954,-0.1658685319566916,0
2048,38,1,7,0.8419886904727949,0.4460191640353821,0.7815738809825666,0.0,-0.02493432333963541,0.13152322197186384,0
2049,39,0,8,0.8413116904818139,0.7156954215513907,0.7375165093849322,0.0,0.04013365987122053,0.04100777755067353,0
2050,80,1,2,0.9235621665193314,0.6929493850848435,0.8463239946559519,0.75,0.29641733572307416,-0.10140755507565813,0
2051,55,0,6,0.8990727924303487,0.5141996195224207,0.6794332509762292,0.0,0.06637475538370019,0.24835005651784325,0
2052,43,0,2,0.7391660990729831,0.6318170464053021,0.5062274408111046,0.0,-0.2136046435274177,-0.12189227858435392,0
2053,32,1,4,0.7,0.5084490747929722,0.4877316810555854,0.0,-0.058715934120785795,-0.10202091515807687,0
2054,41,0,2,0.8886852205170045,0.6912396519045112,0.43315962456564516,0.0,-0.09040441060522242,0.38153241418123696,0
2055,64,1,7,0.9017178239927862,0.5735210935303965,0.6347435621650713,0.0,0.2707967321441376,0.061550088068928366,0
2056,73,0,7,0.7,0.5722322244495106,0.740130509338678,0.0,0.01340508178987343,-0.08817198985221064,0
2057,67,1,2,0.803828559226663,0.6645163077622459,0.43541298766063197,0.0,-0.3163061087415511,0.230354648240499,0
2058,37,0,3,0.7341220283877877,0.6825030953014594,0.5134255312110252,0.5,-0.10328137614483535,0.02795744274339862,0
2059,50,1,8,0.8726218389654343,0.4835381073651692,0.5599995709454686,0.25,0.19643930282384198,0.1860483932804532,0
2060,47,1,5,0.6487748481528675,0.7,0.8051811469100723,0.25,0.2992759967102909,0.24352898476505486,0
2061,75,1,6,0.7,0.3971525095971704,0.7907425172577096,0.0,0.12756955345806154,0.03483854680028853,0
2062,71,1,4,0.6729925393191365,0.5817699159591521,0.5232621511550696,1.0,-0.17705854285451506,0.06604712446155359,1
2063,63,1,6,0.9307960762456113,0.6222259208119749,1.0817538295255882,0.0,0.5603154036874322,0.09211437933096223,0
2064,63,1,6,0.634044368627379,0.5558022953078059,0.6038015783923285,0.0,0.28056732098802456,0.010503093419736098,0
2065,42,0,3,0.6237971968278244,0.5824093379102315,0.5421694499153618,0.25,-0.0204985268518445,-0.152792220148383,0
2066,43,0,7,0.8985350754886854,0.5832883047537009,0.9207316404757544,0.0,0.5248414362614263,0.21854761956586188,0
2067,36,1,7,0.6442183722930993,0.5516694111142375,0.48319354381383334,0.0,0.3210499651870358,-0.3040626244077219,0
2068,78,0,7,0.8152031851088662,0.47727698574083915,0.6731386788206488,0.25,0.18923884178187006,0.026123429073258264,0
2069,54,1,6,0.8826369172905777,0.552482686122534,0.7985558071461386,0.5,0.4424933221106251,0.11333690224795778,0
2070,32,1,8,0.9893153561083866,0.7,0.7466839240447658,0.0,0.2774635518534437,-0.020846695065958154,0
2071,79,0,2,0.8267618241669743,0.5564462766941289,0.5243432807174506,0.25,-0.16965811899161154,0.15486312027438276,0
2072,74,0,7,0.8271735035408764,0.6005511346625214,0.8033189075128573,0.0,0.31334859181848196,0.31315844925595004,0
2073,71,0,6,1.06012345520976,0.6291128411199218,0.5602802851321343,0.0,0.13131615473083524,0.10333810814091793,0
2074,74,0,4,0.9234544427646122,0.6256613536112063,0.5341059913000687,0.5,-0.1422120370851272,0.15952143416104247,0
2075,81,1,3,0.8579017297018683,0.5835540942342765,0.588975380713116,0.5,0.015949300085732254,0.10852557006999741,0
2076,30,1,4,0.6685577104662443,0.6563838099082224,1.0448346224604443,0.5,0.5385686236694385,-0.12409868449111205,0
2077,66,0,6,0.8537243888086031,0.5481341489255384,0.5161432350913285,0.75,-0.06610252160840557,-0.10246483164792941,0
2078,44,1,8,0.6839917510557464,0.5125951485938885,0.6564738132639402,0.5,-0.009570693384797102,-0.08919658318074886,0
2079,40,1,2,0.7188632735257634,0.6066257844834354,0.6801656770336152,0.0,0.24688298055742997,0.018863273525763447,0
2080,52,0,8,0.9657548483262448,0.6555427519403396,0.6412923325792321,0.0,0.27542423486112827,0.1639874018021067,0
2081,57,0,2,0.8120975053714093,0.5937241302772046,0.596080444664,0.0,-0.09040272244527259,0.11209750537140939,0
2082,75,1,7,0.9654897689625618,0.5871200788195878,0.9216945161469129,0.0,0.2532417813770389,0.24164281716317793,0
2083,65,1,6,0.9238815483574606,0.7,0.4647030952817331,0.25,-0.15067338687092408,0.12253857524287293,0
2084,80,0,6,0.6919761518523261,0.48618514237544375,0.7946085949094926,0.5,0.5562250572878632,-0.017797104641587236,0
2085,43,0,7,0.688599282913995,0.6846843928947957,0.5320278066389582,0.25,-0.01939374435165797,-0.012170953703017462,0
2086,66,0,5,0.8557939322598185,0.7219879220344521,0.6679959842961913,0.0,0.13676380393152343,0.37276706781606234,1
2087,63,1,5,0.7,0.6634883220041773,0.4720744068624459,0.25,-0.03978872290389973,-0.1086551432676165,0
2088,41,0,8,0.8710757873855198,0.4145398964315375,1.126436958774383,0.5,0.5750730238080725,0.15613294738335526,0
2089,80,0,4,1.077810359119543,0.739790853081153,0.6914368155330503,0.0,0.38346445849835753,0.2664972431962118,0
2090,58,1,2,1.090581327570203,0.7339867968666767,0.6262216856837378,0.25,0.2613269684563604,0.4683374056779136,0
2091,82,0,3,0.7546656035448055,0.6165435690979565,0.6428702449243715,1.0,0.2851538156132988,-0.0263222129524171,0
2092,66,1,6,0.9850947028675192,0.5231171330057054,0.7008081907512174,1.0,0.19494412202411238,0.3584235384778508,0
2093,82,1,4,0.5246628002951728,0.5585972976784648,0.5867283990230907,0.0,0.045527239566424904,-0.17028748118257897,1
2094,40,0,8,0.6704782361402764,0.5730501618005135,0.506448052811601,0.0,-0.11072423659449526,0.016952764092513783,0
2095,55,1,5,0.8886585603038977,0.6595916725199751,0.4133791440675834,1.0,0.025760411087439594,0.15115168673297952,0
2096,72,0,3,0.71084818813538,0.6985316223038954,0.6299708835357609,0.25,0.0892217379010587,0.1205864940525393,0
2097,46,1,4,0.8387834838946078,0.4884581607844558,0.5284808821220391,0.0,0.04632199184542202,-0.033583101886257016,0
2098,69,0,2,0.8041282834074939,0.5833994675600698,0.5572286759841799,1.0,0.2092674670607827,0.14680374860013845,0
2099,74,0,6,1.139880142251003,0.7,0.8739200269702929,0.0,0.3831485644724961,0.4306004076288237,0
2100,51,0,5,0.6606725973805853,0.5942535783980859,0.6286707801980967,0.0,0.332661690238329,0.06549444868378362,0
2101,59,1,6,1.1329595982915206,0.6019198087828044,0.5787019378167074,1.0,-0.0022364012209628026,0.20164798407274476,0
2102,62,0,8,1.0120819230366964,0.7,1.2464855140712012,0.0,0.7525258883596967,0.24144964672876634,0
2103,38,0,3,0.7,0.726540167901787,0.5236951633525663,0.25,-0.10776301133583088,-0.015253388614371977,0
2104,79,1,4,1.0251371299542549,0.5640992672463241,0.43065562135366214,0.0,0.24273540222560847,0.4080480176157232,0
2105,44,1,8,0.9763634659815491,0.4876571023965513,0.8785569498160004,0.0,0.3988279809472094,0.18400438412629616,0
2106,82,0,6,0.9936965858812569,0.7250396191312077,0.7546884046245013,0.0,0.170752794884927,0.24911477966728313,1
2107,56,1,6,1.0009319290072711,0.5285168468927137,0.6902730114432974,0.0,0.11683372993467289,0.36249284399485404,0
2108,58,0,8,0.9219143058574164,0.7318476319588192,0.7145187971683258,0.0,0.08270473884433749,0.13109895322162457,0
2109,44,1,2,0.5366047459519874,0.5664114768080063,0.7093509480493256,1.0,0.014465548341019652,-0.08381708073474847,0
2110,68,0,7,0.8687830230168205,0.5175846496141968,0.8566456296019657,0.5,0.4246492048324722,0.03982468684293394,0
2111,56,0,2,0.6970587991788996,0.4909893185582769,0.5178029297486769,0.75,-0.23914553228151725,-0.11938063738974702,0
2112,78,1,3,0.8303521059872361,0.7362744750199411,0.5954969907885732,0.0,-0.00490987488105965,0.2569602607642115,0
2113,44,1,4,0.9157464391572435,0.6855177654596812,0.43985483264771047,0.5,-0.25903434080044757,0.11196573930450693,0
2114,60,0,6,0.8164436629192171,0.6608649223929666,0.5262547039653037,0.25,0.18280663503961414,0.11364129931256839,1
2115,43,1,3,0.5484445531307244,0.6408500966419695,0.7416409861166269,0.5,0.3287945692813999,-0.08683109552414625,0
2116,35,1,3,0.8047892290802018,0.6132833262073607,0.5856458894704937,0.25,0.1918335726044102,0.010903592335032353,0
2117,32,0,2,0.740628676826444,0.6416495794796363,0.8112742931399869,0.0,0.43036884919079665,0.06222963477935883,0
2118,54,0,5,0.852875051547427,0.6356510411773091,0.5790531707701111,0.0,0.2254607519536178,0.19828542811495964,0
2119,52,0,8,0.8948595293809098,0.546092592097488,0.8477077057917488,0.5,0.3888100835527163,0.16005366283296552,0
2120,64,0,4,0.9912634313246582,0.6292833820473642,0.4193221325090588,0.0,0.01921132382770263,0.16998645882334995,0
2121,43,1,4,0.8088694835837538,0.615501291764838,0.6343139868108832,0.25,0.10979371319117792,0.2320789651050965,0
2122,56,1,8,0.831747974741073,0.6907085523924745,0.8131052352459864,1.0,0.2282402871655228,0.22880542040384555,0
2123,68,1,8,0.8877601619858951,0.5945951400471295,0.6312211369868364,0.0,0.22706434270701736,0.05033884905014363,1
2124,75,1,2,0.7317594413455129,0.722761684475827,0.5741171767239523,0.0,0.0778363900138585,-0.04222278567814319,0
2125,36,0,8,1.0234487518122481,0.5816916862008604,0.36403723420672823,0.0,-0.2661963899756912,0.3914922353279683,0
2126,74,0,8,0.7410985093562633,0.5226790360402784,0.6049649381323262,0.0,0.11250540126148117,-0.18394783000392512,0
2127,77,0,8,0.7,0.6310919631396625,0.9023752042616443,0.75,0.6178488955718162,-0.03112347488633238,1
2128,46,0,8,1.0001398185401738,0.7074796906020647,0.6577603483305859,0.5,0.3516421106700216,0.2922606545907719,0
2129,74,0,7,0.88691749100918,0.6773050600166225,0.8736706532146613,0.25,0.46257775596949496,0.15273772313375167,1
2130,36,0,6,0.8618045439072866,0.47720824677169965,0.49559253741011744,0.5,0.19945424722310423,0.24544863859876298,0
2131,69,0,6,0.6636733952986168,0.6600547693508834,0.8078150958740643,0.75,0.2898303980363738,-0.04476068893101426,1
2132,51,1,7,1.0310770673299794,0.6062274893787736,0.8857956684738804,0.0,0.511295119801833,0.3558795504545028,0
2133,77,1,2,0.7607700488698755,0.7,0.6534842061290754,0.75,0.62234123654523,-0.008652130717045847,0
2134,49,1,6,0.5860272422400716,0.7470354658595818,0.7819300307883492,0.0,0.3621362501177884,-0.1525509817352093,0
2135,70,0,3,0.6519461343894567,0.6763765876583898,0.6022620254229223,1.0,0.4061278086601387,-0.06653367225028894,1
2136,60,0,3,0.6960595839875974,0.557349499244803,0.6835157605387595,0.0,0.07201162324914412,-0.14228085731579954,0
2137,58,0,2,0.9882662301909257,0.7,0.7265333052874138,0.25,0.3660808396011706,0.18306507021560003,0
2138,52,0,8,0.9213521904201749,0.46323088463109413,0.7856595781462381,0.25,0.44233260472778385,0.23392026918207098,0
2139,62,0,4,1.008204242409042,0.7082984546353822,0.8144858883608392,0.0,0.16986826672618893,0.3605897221378678,0
2140,66,1,4,0.7,0.6304380379748572,0.8129754614201243,0.75,0.5080094884603897,0.17871318584816365,1
2141,69,1,3,0.841248609909396,0.5952858712283349,0.5920617530706382,0.5,-0.014037321258108082,0.28468168190100707,0
2142,72,0,7,0.8971660518298589,0.743580895234589,0.7819210147133349,0.25,0.3623674872596129,0.17776568058087705,0
2143,43,1,7,0.9190688809246733,0.66390404868571,0.49528853010210416,0.0,0.24569566329371423,0.057573186742299165,0
2144,76,1,2,0.8880114872241464,0.6910008711064067,0.5242198670207198,1.0,0.07674488918234357,0.10535213860193327,0
2145,35,0,2,0.8521922921983182,0.7,0.47450237057486383,0.0,0.04007234776968438,0.14462722809467665,0
2146,44,1,7,0.9064372142031654,0.5890570127035667,0.695827346155485,0.0,0.14236676591314867,0.1418043026981075,0
2147,77,0,5,1.086378167706221,0.7,0.6910909285907987,0.0,-0.008909071409201275,0.14125159852117308,0
2148,67,1,2,0.8028461809637277,0.5022835019500794,0.4986154466005324,0.25,0.22139918208551024,-0.12193713703442766,0
2149,40,0,5,0.8304532320449343,0.565306723996077,0.6060830634522179,0.75,0.10592067090266999,-0.020902465844575002,0
2150,62,0,3,0.7705519087325411,0.6078622811563875,0.4597886841857173,0.0,0.08252719125869679,0.032967438691334006,0
2151,76,1,3,0.7725850979426232,0.607546310239092,0.5086688010555738,0.25,-0.09450770602334368,-0.02876317070471701,0
2152,37,1,5,0.735120516913042,0.6411571652879288,0.6241837522084385,0.5,-0.043036075649379835,-0.03309897255932592,0
2153,44,0,4,0.6740506170587283,0.544302257210868,0.33049054339718126,0.5,-0.0444092737990992,-0.14430942061407193,0
2154,51,1,4,0.7815503978109407,0.5313707241923551,0.5539324607152892,0.25,0.08664604905719364,-0.08036870760143933,0
2155,41,0,4,0.9525814093704592,0.6186572478545332,0.9969486410061269,0.0,0.7159889335081786,0.2305874509002498,0
2156,63,1,5,0.9271025828709918,0.6255955168851828,0.6751479137203694,0.0,0.11886197088008121,0.09223496193437197,0
2157,44,1,3,0.8051065344827202,0.6919798418025183,0.47101550504677014,0.75,-0.26262431701184197,0.2768528028446037,0
2158,72,1,5,0.8106067372814123,0.64985035697403,0.4490179686016287,0.0,-0.10593242757655907,-0.04655872514668524,0
2159,63,0,5,0.7084036024203454,0.5974736439398899,0.8537293178967268,0.0,0.2784468448299894,-0.22251729351012217,0
2160,38,0,4,0.7966598855500865,0.35324113021924375,0.5972519087086013,0.5,0.08880095291706736,0.10474229385617206,0
2161,79,0,2,0.9807862267076157,0.6070732872081236,0.23007491671194322,0.5,-0.3926076893523339,0.14480552252312462,0
2162,84,1,2,0.8024496425381067,0.60408053121405,0.7551246582180092,0.75,0.4254649109280964,-0.06465983563942568,1
2163,64,1,5,0.7763381375557438,0.6176829652725959,0.4755526364032769,0.0,-0.22444736359672307,0.07691871293627628,0
2164,53,1,4,1.1322620630186686,0.6501541500845868,0.6342937710893944,0.75,0.22780550615646522,0.21994168247357648,0
2165,65,0,6,0.8275390375935614,0.5645886019003826,0.546508470729441,0.0,-0.15349152927055898,-0.05443068116060823,0
2166,38,1,6,0.9781763845655931,0.524520191382357,0.9240767954638954,0.0,0.7051038927333065,0.34283395382263837,0
2167,33,1,6,0.8309262458402901,0.5875074682375537,0.7699034055379641,0.5,0.24043924641622938,0.023730014385327514,0
2168,79,1,7,1.0599963400979953,0.5877816432266583,0.5464634702681719,0.0,-0.33997020576924997,0.2926532528238792,0
2169,41,0,7,0.9938370453696109,0.70970572389981,0.9433790672418076,0.0,0.4119351587525121,0.1907606420336745,0
2170,69,0,8,0.977434762917377,0.5832847888332001,0.7337339823969701,0.75,0.05031667464656575,0.2739247204751588,0
2171,78,0,3,0.7,0.5874541239412456,0.8031220186849474,0.75,0.5899341201025112,0.1340806719014349,0
2172,38,0,8,0.7385705939120446,0.5388572611291156,1.127541706892468,0.0,0.6678169402609423,0.08528144816086058,0
2173,52,1,5,0.6986909778610776,0.5717492210394975,0.29382192838618404,0.5,-0.5140187959549775,-0.07007825419051417,0
2174,64,1,6,1.0639812977121652,0.6004560037571851,0.682288609864555,0.0,0.18264213884295438,0.3347858094308609,0
2175,31,1,5,0.9645400376530492,0.5912431598107549,0.5731919293685576,0.0,0.05227426471894514,0.45510585342545995,0
2176,77,1,8,0.8390651415030419,0.628107657370273,0.8439338870434216,0.5,0.18375311297283714,0.22178535294958568,0
2177,42,0,7,0.9706125775736428,0.535465410203498,0.6599943214231091,0.0,0.2343059822616686,0.15416234975554366,0
2178,81,0,7,0.732413598936823,0.49964722115760796,0.6231511049234117,0.0,0.16763293114410827,0.20916342313153757,0
2179,76,1,8,0.8574067692008482,0.6041080856153052,0.7441174216354385,0.0,0.2268530947737305,0.17030304541171792,0
2180,39,1,3,0.5935480166727687,0.6137031397251046,0.5935778060909661,0.25,0.13621895124970812,-0.07845599428298689,0
2181,61,1,4,0.832213677389974,0.7013942568398035,0.6350461335999996,0.25,0.14701204616215735,0.23894692533962492,0
2182,63,1,2,0.9630044713876847,0.5940051508135923,0.4079010646116361,0.75,0.1439523475062332,0.2833879444763733,0
2183,58,0,7,0.7038467003127835,0.5681608888039947,0.7559354359627571,0.0,-0.023164057001182736,0.04372458555377401,0
2184,48,1,7,0.9532227799503002,0.5117083325460711,0.8728712136809602,0.25,0.39332811067710793,0.2441377752383086,0
2185,82,0,2,0.8568701172415107,0.7164619533355753,0.6335280702088836,0.0,0.03290225170638905,0.30956066093297385,0
2186,78,1,8,0.9282857071526988,0.6656074524703885,0.7603677087860665,0.0,0.5412619456586614,-0.025166370178927533,1
2187,33,0,7,0.8374501251331209,0.5554040259383144,0.7222461768578914,1.0,0.5468809734566396,0.1625357513017961,0
2188,83,0,2,0.7626195305840864,0.4750295041312195,0.500284050646992,0.0,-0.09922594845475319,0.06390006632810041,0
2189,59,0,4,0.7360809862014837,0.4847138033129639,0.7253394171023136,0.0,0.5569205763068354,-0.17325497807771972,0
2190,79,0,2,0.7148967494550799,0.5368742977370493,0.7299974709066812,0.0,0.21694967168440493,0.10724012659109161,0
2191,40,0,8,0.9454090357136377,0.6879655574587171,0.7600703767122364,0.75,0.24688680054635825,0.21061945269086402,0
2192,37,0,7,0.93765082521933,0.44816230392877815,0.5063822683880732,0.75,0.23974118456383225,0.27178299104486303,0
2193,83,0,6,0.7993322299200848,0.7,0.5813786988407043,0.0,0.41894765552303703,0.2710586703640103,0
2194,71,1,8,0.833655525460474,0.5824338598546133,0.7,0.0,0.3189020734848708,0.05529919151856744,0
2195,63,1,2,0.715136247598529,0.6227948107259778,0.5795394813796313,0.0,0.01079390563614202,-0.01743754806536202,0
2196,64,0,7,0.7158858118237675,0.6869693603239376,0.6727785247192279,0.0,0.27392741529385106,0.1127157361429948,0
2197,30,0,7,0.7837662668440162,0.661975390231409,0.7458659632055267,0.0,0.4030880412948557,0.11287998450018566,0
2198,82,1,5,0.7565473043883431,0.3703324260692058,0.9815777265412979,0.0,0.3647779897976555,0.001976437435522893,0
2199,66,1,2,0.6902683797557856,0.5144848385353026,0.5932824893270346,0.5,-0.027452057772780147,-0.04886186409283377,0
2200,65,1,5,0.765002019297905,0.6201945067456998,0.6244202426321148,0.0,-0.04904269399763439,0.0002964487108496616,0
2201,49,0,7,0.9746739672144169,0.6792598353860803,0.6717713433373003,0.5,0.3452044698397152,-0.030687505122743763,0
2202,74,0,3,0.8957764516788077,0.6960183215247507,0.5679368036832313,0.0,0.3527128776049984,0.4423693987957956,0
2203,47,0,2,0.7364937742972405,0.5823502170188779,0.6831921102933488,0.0,0.35906699556498695,0.11861896335911393,0
2204,34,0,8,0.6212158736172259,0.3524282441224961,0.9281883093424784,0.5,0.4223074278779817,-0.15403488631330453,0
2205,83,0,6,0.8675599718650955,0.5953152710823678,0.34039079577906795,0.25,-0.20287554125782414,0.1732736031058174,0
2206,58,0,6,1.0538018560057538,0.7241613535451837,0.8049820598222072,0.0,0.37569702993439064,0.2721042912277437,0
2207,61,0,8,1.0264001248078718,0.6926098332651154,0.5870368963241792,0.0,0.2529426990230695,0.37901791735424495,0
2208,47,1,2,1.0107006098873865,0.5435598647654895,0.31794519629589096,0.5,-0.18441882707294316,0.26496100756575625,0
2209,81,0,5,0.9286472225276015,0.6343100573621772,0.5003971978242354,0.0,-0.1338018776050628,0.28387370460382466,0
2210,46,1,4,0.8698361425307891,0.6652606588751843,0.7755118528647524,1.0,0.2801702962852178,-0.030350974549506304,0
2211,50,0,7,0.8309173728612655,0.5421553632510795,0.818260288106662,0.25,0.2301605207009524,-0.016379250514625077,0
2212,64,1,7,0.9640719889080862,0.5812010882710356,0.6806938811660527,0.0,0.06840198175313184,0.2524348467844566,0
2213,37,0,8,0.9521403409028655,0.4398646329717015,0.8167628794768735,0.0,-0.030078693421403124,-0.008355920391690308,0
2214,40,0,8,0.9292564727539059,0.5160038042085344,0.5330796129468932,0.75,-0.20048054626723677,0.1370667749206631,0
2215,72,0,2,1.0011052688280864,0.526435540579052,0.3145327159165023,0.5,-0.08447363410189213,0.20228400415936765,0
2216,59,0,2,0.6913605235215171,0.6122889602122904,0.46663004359094806,0.25,0.47103619180519213,-0.24619693457997183,0
2217,31,1,2,0.7255646778375102,0.7031212512751267,0.46962942428495597,0.75,-0.028869293937711427,-0.1874221516203466,0
2218,79,0,2,0.6285718581487216,0.6606266868997928,0.5973862269826588,1.0,0.10121914458964831,-0.1476908762485447,1
2219,69,0,5,0.9047779842950213,0.5315460160190871,0.46500404763961634,0.0,-0.0015512290861118827,0.032022324410336145,0
2220,84,1,4,0.739746296064571,0.5629143883528464,0.5057110556816767,0.0,-0.14319101937912815,-0.010880366113234508,0
2221,77,1,3,0.6338083492922968,0.5738112922375206,0.8176523263389276,0.0,0.3996912167979483,0.02876315778429661,0
2222,50,1,6,0.8230284402011178,0.6257639833267643,0.6648655074676578,0.75,0.17583265229331668,0.024746398898372934,0
2223,82,0,5,0.9293552372908321,0.5215262155617859,0.8285792538253485,0.0,0.3539414074293373,0.07652427061979161,0
2224,84,0,7,0.7818526552923174,0.5007525150062181,0.8162732139549436,0.5,0.43193448671488094,0.24024498621953083,0
2225,48,1,4,0.7736523090304378,0.5569094483222042,0.26949596454248803,0.0,-0.3622780333567811,0.10452046919161206,0
2226,37,1,4,0.790599391183422,0.674508354437014,0.5657425204779573,0.25,0.26461630790508583,-0.040761479405099776,0
2227,61,0,8,1.2107275399439266,0.5894593778826928,0.9138248178244658,0.5,0.6207636797705327,0.2899416773088157,0
2228,58,1,7,0.9364794513265191,0.5986704832702205,1.1122311682715524,0.25,0.9665040055349783,0.20795373506315962,1
2229,44,1,6,1.1553979547127218,0.6459515556015758,0.5469734371231534,0.5,0.19002236573409198,0.42321152068595524,0
2230,32,0,3,0.8322391223417052,0.5227806858213333,0.4938262237932146,0.75,-0.0788368446956551,0.1287818866207766,0
2231,36,1,3,0.9517211983114824,0.6509146618101412,0.5488664059493185,0.25,0.08636991555762247,0.1622456055220367,0
2232,76,1,3,0.9384634653337494,0.5512460179448887,0.5146376283551325,0.0,0.19541031244037388,0.1283998275066991,0
2233,44,0,4,0.7,0.6247074420342584,0.47000680188967575,0.0,0.07083865161433028,0.0057629808370471824,0
2234,76,1,8,0.7331117748487163,0.6081286259890687,0.5141975108353919,1.0,0.07739506609613622,-0.03906580609624666,0
2235,84,0,5,0.7674866190604058,0.5859138672141893,0.5849869482297838,0.0,0.022275616595471837,0.040270571458855486,0
2236,57,0,3,0.7438706373048808,0.6505078537607167,0.3259200206741573,0.0,-0.14535274427590628,-0.12430269895893276,0
2237,48,1,2,0.8904650763044839,0.5358567394081277,0.42785714328561913,0.0,-0.23137034102367343,0.11805064108059626,0
2238,44,1,2,1.0892885126409617,0.5740189619984539,0.34767975028353487,0.25,-0.11297790686747516,0.2421007929444181,0
2239,84,1,5,0.8984606133484645,0.5980625302964296,0.9735806878130929,0.0,0.42503036549939877,0.26351515508450896,1
2240,57,1,2,0.4382597485144328,0.700197448342869,0.5014060087295502,0.5,0.2938102532693454,-0.18487846194578667,0
2241,69,0,4,0.7746837220485743,0.6241227151927653,0.6151048339095939,0.0,0.27874844301831153,-0.026600873520776114,0
2242,77,0,7,0.9564527249165442,0.5429488160426849,0.9173728073324028,0.0,0.29893987733385574,0.1135628080250366,0
2243,45,1,3,0.6558570223352178,0.48347442766719717,0.584072959985115,0.5,0.08776679627146178,-0.007350191791720029,0
2244,64,1,5,0.8474611428079926,0.5494932514762695,0.7582668846976482,0.0,0.291931608941173,-0.011280754866541898,0
2245,31,0,5,0.7,0.6399960104289434,0.8615403507480248,1.0,0.3961502591539459,-0.1780477384140864,0
2246,64,1,5,0.8360642815459959,0.5913252740811106,0.5122242261850104,0.0,-0.4058913036964742,-0.011545179454259924,0
2247,49,0,3,0.7693597637667128,0.6555335869588731,0.33797362822792354,0.5,0.1743630280694117,-0.002682041035911298,0
2248,83,1,4,0.7167537562990752,0.6608834884910328,0.5418592142558211,0.75,-0.021265434773580005,-0.08436870452841272,0
2249,60,1,5,0.6143490246329137,0.449862273764939,0.5638249070967645,0.75,0.34508071747796637,-0.21748927075856306,0
2250,63,0,7,0.8774572130104015,0.5593528423276493,0.7631747395419975,0.75,0.4022709492796506,0.1889933688518498,0
2251,36,0,4,0.5432881976082672,0.5934221435372171,0.541303304739787,0.5,-0.03369943639374262,-0.149382660225174,0
2252,61,1,4,0.8557416713655371,0.5106214000981812,0.3492950406973622,0.0,-0.2925606448618631,-0.02771321270825522,0
2253,67,0,6,0.8844716386891228,0.647550350774305,0.7348575611854454,0.25,0.4540471311427933,0.08217088783144533,1
2254,72,1,3,0.8352527192101761,0.5393117637515497,0.37033950324975357,0.5,-0.15743825880315793,0.10280157640090093,0
2255,81,1,7,0.7706795840619226,0.5389198137898609,0.9082800282736024,0.0,0.49582830326838395,-0.2336054582783157,1
2256,84,0,7,0.7898311347706104,0.5776970730554533,0.6054336737327757,0.0,0.19449388606979545,-0.03509356067941727,0
2257,41,0,8,1.0600589590151155,0.4511052948537862,0.6496406405894242,0.0,0.16134980009051986,0.2806511605344508,0
2258,43,1,7,0.7630312952630366,0.6268067108631218,1.0419340854776187,0.0,0.4508979222238889,-0.13680304175522318,0
2259,62,0,2,0.6258058150428764,0.5535477893167724,0.4560719179498976,0.75,-0.04218334486315445,-0.08332812859949856,0
2260,55,1,4,0.7882782635058482,0.45532185295944266,0.2942017571576137,0.25,0.016474947681083485,-0.07330161653486755,0
2261,67,0,3,0.6124216447423186,0.5861751076925968,0.7902672364275486,0.0,0.2864435705028212,-0.12263087667329464,0
2262,73,0,8,0.7822138445783621,0.5522463566713959,0.5252530029371919,0.0,-0.03814324207817621,-0.020264773617685305,0
2263,65,0,3,0.7,0.6028421846054739,0.540301590655495,0.5,0.32690610940599363,-0.07202506820728916,0
2264,72,1,7,0.9407613534264585,0.6521428134225186,0.4651381417997366,0.0,-0.23486185820026334,0.4850077338159791,0
2265,38,1,6,0.7583578968437783,0.5519275891010124,0.657539553607082,0.0,0.2874501235180186,0.03557981169005797,0
2266,79,0,6,0.9896166896878833,0.5658675363607655,0.7691204498967114,0.0,0.2607834187399015,0.13252601397208952,0
2267,65,1,3,0.8492832855328273,0.48233332358202224,0.21015802958914592,0.0,-0.07347368458472658,0.010983476089538868,0
2268,53,1,4,0.6428062779550197,0.5837197485001879,0.461607168147596,0.0,-0.1797687399344789,0.015123962604121854,0
2269,44,0,4,0.6228809204973339,0.5888986556581101,0.6703847376246301,1.0,0.17652125963424853,-0.10102008761863401,0
2270,34,1,4,0.8319529080470645,0.6334258183734852,0.5864647318162476,0.0,0.16607866670893873,-0.03907364554544013,0
2271,34,1,2,0.7292647700586979,0.5928337023703762,0.477752456857513,0.5,-0.09430053712990882,0.0794774377844466,0
2272,78,0,5,0.7549500760084061,0.5799250855716526,0.9344562709846848,0.5,0.3969083278050919,0.10728747889313583,1
2273,63,1,6,0.841862887902488,0.6136339633588456,0.7,0.75,0.034062807872553336,0.10303076509752485,0
2274,82,0,8,0.8615366348815049,0.6097717955664559,0.8218896939400885,0.0,0.26392235465811853,0.14799069791010855,0
2275,67,0,3,1.0860879149716611,0.7123439392592493,0.7337556960249637,0.0,0.43527006135110885,0.33511330087367464,0
2276,71,1,8,0.8456091809260197,0.5258237802205377,0.48948242459301383,0.25,-0.21051757540698612,0.3356528730285353,0
2277,77,1,7,0.7849950502504944,0.8029157581308204,0.654777120675884,1.0,0.063667676340745,0.11487462392671655,0
2278,63,1,8,0.9927990186003242,0.559597223335152,0.7970922911674212,0.0,0.4292370201351766,0.1099457233392288,0
2279,83,0,5,0.7642653838513245,0.716151729922694,0.6815163165170798,0.0,0.1175818794603598,-0.12140206006286358,0
2280,55,1,8,0.79128166937684,0.6510181859034837,0.7149884708524418,0.25,0.22348930395752842,0.038057119221408864,1
2281,46,0,7,0.8550736783815341,0.5850836875559908,0.9512773863367209,1.0,0.5815664838205815,0.10273919373384033,0
2282,51,1,7,0.9074977732792527,0.6366578411369452,1.0277111564806098,0.0,0.6076680890681609,0.1400685696635392,0
2283,59,0,8,0.8128951126314482,0.7268687259740215,0.5315597173499966,0.0,0.18324738095664905,0.09097166212294416,0
2284,50,1,8,1.0440960137459492,0.5564776526295426,0.7,0.25,0.7076990386059157,0.4033612969272803,1
2285,73,0,8,0.7757533235197444,0.6394893219946547,0.8433514494258724,0.0,0.3005935810554551,0.06747013063396246,0
2286,68,1,5,0.7,0.5933665260173219,0.6162172260608973,0.0,0.04686714146232929,0.15116397989945474,0
2287,71,1,2,0.7546987974328075,0.5825490623877214,0.6080544299319356,0.0,0.3641103800713537,0.040810652489455146,0
2288,40,1,3,0.8781384415351493,0.5324948783925867,0.4599971430338428,0.0,0.10520992515895966,-0.12276447084187703,0
2289,55,1,3,0.6932045934859073,0.5362280915371413,0.37116788568574666,0.75,-0.17587426600319478,-0.026702592837994366,0
2290,81,0,5,0.7348760359964698,0.624135514753662,0.5550078465429329,1.0,-0.17899048744500035,-0.18550847214832422,1
2291,59,0,8,0.9162331468973441,0.5902476498796608,0.8050304831871434,1.0,0.16335984453659624,0.26476229116899996,0
2292,70,0,8,0.7221491010244414,0.44091000578992817,0.6107192455609559,0.25,0.2429841883214217,0.10004854448217693,0
2293,47,0,2,0.6112611238300155,0.6458238921242823,0.5501280332739936,0.25,0.2599506556689541,-0.08257431750316502,0
2294,48,0,4,0.8281984759449785,0.5618256629950386,0.6125088983210907,0.0,0.6524522370199518,0.11356191347984657,0
2295,30,1,7,0.8955650596574699,0.5970028838633957,0.8993925810078772,1.0,0.3310344924394435,0.06189000720370863,0
2296,58,1,7,0.8419338688548463,0.5015362397768435,0.5024977254839222,0.0,-0.09675348261707672,0.01905988499767819,0
2297,45,0,6,0.7981847712821962,0.7,0.6709117618945479,0.0,0.1632241948240971,0.04018278897842853,0
2298,40,1,8,0.9690709245898955,0.5801365759372002,0.7144676098915295,0.5,0.3801817198376604,0.2974933022683155,1
2299,46,1,8,0.9215723357674439,0.5653826154915338,0.7581559160659561,0.25,0.197205309325735,0.29032458596964184,0
2300,34,0,3,0.6837971926495794,0.6142268709794498,0.2750569983542942,0.0,-0.27116582649503274,0.12155566151651165,0
2301,78,1,4,0.7250616062823618,0.5841980070136714,0.556319344775639,0.0,0.27164524499159326,0.11304096424443422,0
2302,48,0,3,0.7464133366297456,0.5606744081744482,0.29994272060191857,0.0,-0.1417854724889408,0.18232124184616294,0
2303,71,1,2,0.49765334363147956,0.6498706482990972,0.6480802906273417,0.25,0.01210962241370006,-0.31552561880302205,1
2304,47,0,6,0.7,0.45334382369291637,0.46132608798128977,0.5,0.17177200598803605,0.0006099773379798501,0
2305,43,0,5,0.8847267994964768,0.5875814599967848,0.7101061352684425,0.75,0.5047858701783923,0.045228592258582,0
2306,47,0,8,1.0449180822308675,0.5583535564795329,0.558939346095643,0.0,0.0640384088405293,0.26541656705801786,0
2307,78,0,8,0.9258082756856818,0.619774568613429,0.9221106499692541,0.75,0.3850062366376813,-0.07053191506219925,0
2308,72,0,4,0.8900375848815298,0.7,0.5974549109648277,0.25,0.1562927275760036,0.2390827688168612,1
2309,72,1,6,0.7936354237870816,0.6461398995205988,0.8752795070366457,0.0,0.4576111807921636,-0.09300216463521449,0
2310,32,1,6,0.8287688791960988,0.5004007761687839,0.731883559025076,0.75,0.27503544348296216,0.16557875902623376,0
2311,59,0,3,0.8220364638121803,0.5684139744031361,0.34096569624013523,0.0,0.05373181883875133,0.13142698430472988,0
2312,43,0,5,0.9981179312616711,0.49573985449065705,0.6584608827602237,0.5,0.5736488562633638,0.18383669632483646,0
2313,79,0,5,1.0148679392908067,0.5587075049370508,0.5034949427530859,0.0,-0.14352944748767082,0.3274921317793156,0
2314,79,1,5,0.9047039196172826,0.6606156809287944,0.3500251661807677,0.5,-0.0168601591308295,-0.07782679213893429,1
2315,40,1,2,0.8266665770363761,0.6003849003822065,0.6500762600356609,0.0,0.04005521958069236,0.21060883381790163,0
2316,60,0,6,0.7977878042952133,0.5154400598914738,0.6480639084925505,0.75,0.33886816570187617,-0.11628868854144636,0
2317,70,0,4,0.713995871504495,0.6562510401604694,0.5872021548296862,0.5,0.20498831207706747,-0.011087272788123603,1
2318,76,0,6,0.9824260173921451,0.4927576930662523,0.6805196710973848,0.0,0.24039101292286785,0.29217850435190595,0
2319,49,0,2,0.6097436540624865,0.6445148727852518,0.5496251291240973,0.0,-0.05258146571689559,-0.08592955658320034,0
2320,70,0,2,0.8496464928656045,0.5417624158097027,0.7503898907859737,0.0,0.028039821523599073,0.03420062629657983,0
2321,63,0,2,0.8481348681281392,0.7016480289402055,0.4794543493998697,0.0,0.04644428523573019,0.013906052179351591,0
2322,36,0,4,0.8493171878053026,0.6016627087835323,0.42284679610529813,0.5,-0.2771532038947018,0.05580927209307496,0
2323,60,0,6,0.9035583232673526,0.5839446417118045,0.6116132478121408,0.0,0.21859988931455893,0.15350279235090702,0
2324,83,1,5,0.8829740235312481,0.5245253413049966,0.6736738058222872,0.25,0.11494284641534691,0.18297402353124814,0
2325,50,1,5,0.9971021396815573,0.6445349486666229,0.5728829090185101,0.0,-0.006135891587659148,0.21487757350839753,0
2326,62,1,6,0.8990164749244904,0.510497772754935,0.459813861319305,0.0,0.47386259554472243,0.27130742219885595,0
2327,70,1,2,0.3888004934666144,0.6481304831706715,0.49696464876358676,0.75,-0.07308024404531127,-0.4383039859241943,0
2328,77,1,2,0.9561289668557177,0.5636657270362383,0.2542706015225562,0.75,-0.20251344917682457,0.23876653195913566,0
2329,45,1,8,0.8246223415353218,0.49781754439048215,0.6377089298888922,0.5,0.20276692502432847,0.04156734569418208,0
2330,49,1,3,0.5351256706884837,0.5678041836826045,0.5661226852558225,0.0,0.04082127816646919,-0.2927561823512965,0
2331,59,0,4,0.851122251236859,0.5838971324318535,0.5212620482784288,0.5,-0.11427932067827562,0.15637356673038827,0
2332,83,1,7,0.5955116031604494,0.6732327515777113,0.8549193013566448,0.75,0.3606318086904867,-0.08389677372856474,1
2333,79,1,5,0.868991976647331,0.5427523327282844,0.8065933816189774,0.5,0.1307942301099171,0.043998369985083774,0
2334,59,0,7,0.8945357222275803,0.5374581593417951,0.921145971096713,0.0,0.6590053999627927,0.08042741616920479,0
2335,53,0,4,0.7,0.6226921047279277,0.6516568699361467,0.75,0.147185045979629,-0.10624328899979218,0
2336,45,0,4,0.8922799065111832,0.6323800071895822,0.6208720933923485,0.75,0.04825277787103843,0.11991061712008144,0
2337,56,0,5,0.8051077741865855,0.587193657800916,0.7557787417739548,0.5,0.15445093340934568,-0.010265428645342412,0
2338,36,0,4,0.7375603893704042,0.5178495317840952,0.49073170883821793,1.0,0.15742372779839497,-0.1838610036431092,0
2339,40,1,2,0.8570579427401845,0.7235683365627432,0.26025719919659535,0.25,-0.15547676406224203,0.0746738867959148,0
2340,77,0,5,0.8482082589590074,0.7593915686863149,0.5999296172772186,0.0,-0.16241428045731232,0.21536414330426146,0
2341,75,1,8,0.9478746523446274,0.5268700053905697,0.6162189848805812,0.75,0.3231345476792025,-0.014689918122106627,1
2342,50,1,4,0.8892641814259483,0.7814697213850246,0.4163433583998009,0.5,-0.1413292147148995,0.1033543058525036,0
2343,71,0,6,0.8962701118042367,0.6069890856229472,0.37733124205298335,0.0,0.007749882115709095,0.041857447937581616,0
2344,58,1,6,0.7177097497514093,0.6653733223711129,0.9609680608499084,0.0,0.6435698727041971,-0.08208597277588281,0
2345,55,0,3,0.5776002468447424,0.66570193333499,0.5482644807960942,0.0,0.06668828956404332,-0.3712911802447485,0
2346,54,1,6,0.7187924898539741,0.5212141061902398,0.6451216137102075,0.75,0.08857435096191446,0.046729639561264524,1
2347,46,0,7,0.8044776854193846,0.6339236597855422,0.43352978611376997,0.25,-0.12074893105655388,0.0013696804308984678,0
2348,63,1,3,0.47569254508264996,0.4838314725164245,0.6449788572708075,0.5,0.3958919357437988,-0.5209343825565693,0
2349,37,0,6,0.8911297335226545,0.5240051092979614,0.8204595008940156,0.0,0.12045950089401569,0.2843512500167442,0
2350,78,1,3,0.8873573288317881,0.42539240871816375,0.5673178010741253,1.0,0.20877913784771412,-0.008540827048536759,1
2351,67,0,4,0.975811247513737,0.6867929912453349,0.8331862424486466,0.0,0.12143010225714157,0.21939081509696345,0
2352,81,1,4,1.0356936386334692,0.5967106715357487,0.7622324093997984,0.5,0.3385985406220544,0.40765211951078206,1
2353,56,1,7,0.6167695209657134,0.7,0.5747357209246,1.0,-0.1498229631928064,0.02405113827040095,0
2354,56,0,8,0.7963663991186253,0.4888195837579843,0.8354999322151438,0.25,0.20132197031346366,-0.189897202161167,0
2355,33,0,6,0.9533489162318217,0.5523279026018024,0.7,0.75,0.06646313023051409,0.11193164450157178,0
2356,49,0,3,0.9536446385912873,0.5211401153530492,0.5354760204490577,0.0,0.18627420484798196,0.12727371890367167,0
2357,76,1,7,0.7717357660711062,0.5296737418870234,1.1417487081052142,0.0,0.8229019256615511,0.06693492817218138,0
2358,78,0,4,0.9165254228196378,0.5484782567824884,0.579575512684009,0.25,0.24271630918907372,0.19675054419036575,0
2359,52,1,2,0.8812944017989421,0.6752876509247274,0.5116173107143791,0.0,0.06738792932387327,0.2838208280492829,0
2360,40,0,8,0.9872078151506429,0.5037586330147564,1.0017094493548355,0.0,0.634879438766939,0.07482565400895502,0
2361,50,0,5,0.7,0.5085872142660548,0.6734268069306283,0.5,0.24323726824753888,0.10834657370380518,0
2362,59,1,5,0.8497973148291434,0.4453216564984738,0.7141548448193032,0.25,0.31364957055327763,0.057487861007145424,0
2363,66,0,5,0.6387780633750695,0.5406063519623793,0.8964148968710102,0.75,0.393303074720207,-0.0864734412563789,0
2364,79,1,7,0.9546603528735114,0.7185172510909074,0.7029730730529911,0.0,0.22225349536600403,0.28930335907530524,0
2365,32,0,2,0.6958378531617345,0.6678617589251413,0.4487825043806257,0.0,0.03289235423498327,0.01443334047643352,0
2366,37,0,7,0.7329453417101766,0.599675685936739,0.3369728868785018,0.0,-0.15018401771939416,-0.06837752602246938,0
2367,45,0,2,0.6056423302314805,0.5675810266738771,0.5537040188892345,0.25,0.503106056288311,-0.1723357959630063,0
2368,33,0,6,0.8778478896543126,0.6720210009836852,0.6869741400977033,0.0,0.221033878587711,0.3791225792992271,0
2369,64,1,2,0.6036045255201888,0.5744672808383098,0.22453774104219745,0.0,-0.4313517464766776,-0.1474590183103779,0
2370,79,1,6,0.8791570268526172,0.5432314605707861,0.7985228991368829,0.0,0.1017588519079472,0.1401857004095899,0
2371,53,0,8,0.9284983782579787,0.6598693325456569,0.9676791004335208,0.5,0.7320277833625277,0.19271175057458378,0
2372,34,0,5,1.0605326976653628,0.501388253050655,0.778611569297539,0.0,0.3501796364263949,0.4472119816621203,0
2373,32,1,3,0.8497691741291371,0.5813982639709251,0.5977855854745519,0.5,0.2478061087451136,0.021175885032452935,0
2374,38,1,7,0.7982655123653325,0.5748172142213199,0.9620073935201936,0.0,0.7226339829187709,0.20174871893856572,0
2375,83,1,3,0.923514500337964,0.6227096192399302,0.996201933597842,0.0,0.5450230478736673,0.18104755487654678,1
2376,52,1,7,0.644268093645337,0.6150128208359701,0.8545540880086603,0.0,0.06920855032212092,-0.04245331837143851,0
2377,70,0,2,0.9781825635511584,0.5993053145818231,0.5568999654336141,0.25,-0.09621135232642664,0.34686100937382647,0
2378,54,1,6,0.8033386581809723,0.6210621701841511,0.9327075917154877,0.0,0.4995292501439719,0.15951421537585775,0
2379,52,0,6,0.8648668305402686,0.6745012942944529,0.6206430560248708,0.25,0.2133555945207598,0.1614368715705614,0
2380,74,0,7,0.9522360326706613,0.6140616286639979,0.6512400220706418,0.0,-0.20371537786480987,0.10925371782414506,0
2381,38,0,8,0.858910514542837,0.5587429659522747,0.5851328912515102,0.0,0.043755557020451974,0.007686455352550747,0
2382,57,1,4,0.7885368206900469,0.6727998258167454,0.654101216907846,0.0,0.6019542919537925,0.0369704415672607,0
2383,55,1,5,0.8167530904227407,0.5339592375817239,0.714716689735467,0.0,0.2855564419323497,0.2267010017150768,0
2384,33,0,2,0.9178580465652628,0.6691103451441763,0.6333289029616627,0.25,-0.09161859482766577,0.2572494849037734,0
2385,34,0,5,0.7637694066716023,0.6319205707746289,0.7136498826605171,1.0,0.06130233878601843,-0.013718693717459596,0
2386,56,0,2,0.6210715211282836,0.48447516639281685,0.5098248697535805,0.0,-0.28195200290961686,-0.021950619189864184,0
2387,63,0,7,0.7850969113803964,0.6018787951384068,0.6539711622578637,0.0,0.2878629283497135,0.06241448292663698,0
2388,48,1,4,0.9784252355457267,0.6094787318843787,0.6482491095118835,0.75,0.5284459485237487,0.4448740658888689,0
2389,49,0,6,0.7867434196547749,0.5602655404084226,0.8133985638652824,0.0,0.16547044685950285,-0.1291559375085054,0
2390,40,1,8,0.9685399571657831,0.6184703288117704,0.5411367036255453,1.0,0.13630672568996394,0.1400876451007781,0
2391,63,1,5,0.8554438005394113,0.7105847185851671,0.7659587413665289,0.0,0.46489844336581054,0.22276615877720363,0
2392,82,0,7,0.9292843766938507,0.5421941578129228,0.8199095445800471,0.0,0.24704654324415332,0.030988841963922487,0
2393,63,1,7,0.8159650082981008,0.7,0.5650826941546108,0.5,0.2337477085775979,0.05971125635125951,0
2394,33,1,4,0.6654130504654937,0.6093036016292165,0.31687370571070184,0.0,-0.31439095254086846,0.24439174447537632,0
2395,78,0,3,0.7694156511310972,0.654044772343968,0.5424416396152896,0.0,0.33254072807068236,0.14847572218439153,1
2396,44,0,8,0.7775150008036725,0.67280106423261,0.8660012725634296,0.0,0.1903448109123297,0.19366514043852456,0
2397,38,1,7,0.8765434679357327,0.5998166324109889,0.8184512659608856,1.0,0.3071559102394352,0.13178419277817266,0
2398,59,0,2,0.7,0.5616999113899063,0.4458150825103216,0.0,0.2080746657468551,-0.21856210837052692,0
2399,37,0,8,0.9126263373043908,0.4902531992798891,0.7,0.0,0.23180153513969015,0.12277914235594967,0
2400,71,0,3,0.7816256168787876,0.6188278449362755,0.5318180813498075,0.5,-0.04785195049297564,-0.09492150397422361,0
2401,40,1,7,0.9482022181732057,0.45897532635578203,0.8248709310648576,0.0,0.41245855316960317,0.19276255800039388,0
2402,51,0,7,0.9125376975135103,0.6118914731840193,0.633144092660486,0.5,0.2454867400744093,0.11054496108233636,0
2403,75,0,5,0.6334659873557031,0.6183577877081327,0.5844435445065249,0.75,0.01961910203200068,-0.16138726112594604,1
2404,72,1,6,0.9356500913159426,0.6223147274693924,0.5537886314620766,1.0,-0.06873468506209257,0.3352486851657278,0
2405,83,1,4,1.0515987360972323,0.7087343229400596,0.6858258419139832,0.0,0.10630811950328722,0.11130360667622086,0
2406,81,0,5,0.9383342884831556,0.4770783405486293,0.7872235040085052,1.0,0.0872235040085052,0.16303525514868178,0
2407,34,1,7,0.7967930178845039,0.6751761030151165,0.4771018531722773,0.25,0.29812201446034226,0.0967930178845039,0
2408,67,1,5,0.9922836727211526,0.6033155034663569,0.04528561250479382,0.0,-0.44323951175126663,0.31167941862156834,0
2409,56,0,8,0.8600701498178067,0.539018349311407,0.7577403589605864,0.75,0.15385343602481028,-0.080071114553525,0
2410,64,0,8,0.6377316329295661,0.6226831744787978,0.7610696653707235,1.0,0.2211855183117214,0.11950311903388944,0
2411,61,0,4,0.6786268841665793,0.5696391697552834,1.1544223474057034,0.25,0.40430687911476293,-0.1670835065094709,0
2412,49,0,6,1.0217316563921133,0.6185132397694854,0.8318739369023841,0.5,0.36618269618477306,0.4339935061214467,0
2413,82,1,7,1.0730110941106221,0.6649336220196966,0.9160824039142459,0.0,0.3028432593900273,0.42158509090896334,0
2414,80,0,5,0.7189485093350959,0.5170377149397711,0.4127019247726735,0.5,0.1885606053272643,-0.18813612675016578,1
2415,32,0,4,0.7693080721510535,0.6716345317993714,0.5593219346801324,0.0,0.0031035563216860185,0.14763317494391381,0
2416,82,1,7,0.874200516610144,0.49672886008061584,1.0210830466829306,0.0,0.9484761183959318,-0.028626657882126372,1
2417,59,1,7,0.9097940078516343,0.5717849738249233,0.8034274042353554,0.25,0.10144839525125993,0.31371795462114527,0
2418,78,0,2,0.9040342792915769,0.7322011109836759,0.4838214868061333,0.0,0.0818551482812766,0.14217901737547534,0
2419,52,0,3,0.7425531166929974,0.626463062515363,0.6254456710091137,0.75,-0.07793895957783437,-0.22296331963754767,0
2420,56,0,6,1.0105212404351005,0.6405234552354356,0.9141923748057138,0.0,0.18169874420858734,0.17733385121089218,0
2421,57,1,2,0.9032316256511487,0.5868923711609806,0.10722009164855452,0.25,-0.3423651557415558,0.37441218840806334,0
2422,68,0,3,0.70298018280912,0.4691218267319388,0.6880313712916123,0.5,0.2472829817297718,-0.18023044937005028,0
2423,72,1,7,0.8761330495732312,0.6281746476044916,0.5788889484526047,0.5,0.16415930291291686,0.26024194620862107,0
2424,56,1,7,0.8963106790330226,0.6228317024268195,0.9997098145974133,0.0,0.34254808877706167,0.022438334302497087,0
2425,39,1,2,0.6731979921138885,0.5350376666831708,0.6646947134510324,0.75,-0.035858658050402115,-0.06203848914031651,0
2426,72,0,3,0.8614299380855303,0.694877116545338,0.5862846895661789,0.0,0.27874817661478096,0.08977339527747552,0
2427,73,1,7,0.8346813786030364,0.5426737868505669,0.9179275479203514,0.0,0.26925294853784554,0.16017464094512068,0
2428,80,0,3,0.8942801973039132,0.5981332398639532,0.4700956480895089,1.0,0.026523249011341732,-0.02276300585782287,0
2429,64,1,4,0.9116572434617525,0.5889515713215021,0.614401837751024,0.5,0.1702645484693221,0.38557299206052353,0
2430,84,0,5,0.7631859252218465,0.7,0.6054544606433602,0.5,0.10745136299937347,0.15265741390226928,0
2431,67,0,8,1.0512888688578998,0.46435780111434205,1.178870362566174,0.5,0.823046696341515,0.5083352728238736,1
2432,74,0,2,0.7,0.636363842481776,0.42350264119751935,0.25,-0.06100433789778753,0.12440170211591561,0
2433,84,0,4,0.9057264097247217,0.7119426620849109,0.520290738883981,0.0,0.2510815353302423,0.25919679535326245,0
2434,63,0,6,0.8156142709136041,0.5288316338579344,0.6625131438822015,0.0,0.29013063889971974,0.042366371818126636,0
2435,33,1,3,0.875969787990561,0.45619973902060146,0.6364521285091372,0.0,-0.00018984097799823463,0.29755539760497673,0
2436,33,1,4,0.9865040420518012,0.6785380095622803,0.4426008891034171,0.0,0.01420323355191,0.1746763688639399,0
2437,45,0,6,0.9428705276684619,0.6122128446312809,0.53761874186101,0.25,0.07344263610198815,0.12551214989812165,0
2438,82,0,3,0.8187293268054576,0.5478649007357447,0.5121224155291662,0.75,-0.06923769660361334,0.13426367116070714,0
2439,30,0,6,1.1983640491818897,0.7065935598561246,0.43891933898689334,0.0,-0.04376931075801693,0.5777659936094348,0
2440,70,1,5,0.7465229359620477,0.530705947468868,0.6219558515042038,0.0,-0.028373993629152383,0.10248564862308063,0
2441,68,0,3,0.9585224750427688,0.4575340825894607,0.7327281311132142,0.0,0.2867760931966072,0.3193623718730799,0
2442,35,0,7,1.0412570173942677,0.6103659379413033,0.645898222838791,0.0,0.1433370822486476,0.3002041086432278,0
2443,48,1,3,0.9742088760660834,0.6737077260489902,0.7790487130040787,0.0,0.4015777683190982,0.2080077072983647,0
2444,58,1,6,1.0152298942287343,0.44322715166457294,0.5221239838418844,0.0,0.010081232531496398,0.3286069190985803,0
2445,58,1,2,0.7,0.7354223565521462,0.6220257577720946,0.0,0.17545617643038547,0.19348822426624634,0
2446,80,1,3,0.9002821924312292,0.7149296678415439,0.5878171144013923,0.0,-0.028012055025849913,0.1789113320453618,0
2447,32,1,3,0.7,0.6697385388569359,0.3614736837397405,0.0,-0.06178064883439882,-0.1663122142270922,0
2448,82,0,4,0.6016663990470268,0.6163951765080037,0.7498329355759557,0.75,0.049832935575955695,-0.13929100613590073,0
2449,52,0,3,0.8432716705033247,0.6782062657434825,0.6865279957347091,0.0,0.3078323249320831,-0.007264209963294133,0
2450,64,1,2,1.0064483161568878,0.7287289685768198,0.4614866527678842,0.5,0.161489357864059,0.42248031683335807,0
2451,66,0,7,0.591532647043143,0.6413871764020845,0.9735573075272146,0.5,0.2431709044481597,-0.17609732334406725,0
2452,52,0,4,0.7917538909665638,0.6123334016445916,0.6182370189848874,0.75,0.09276278500381974,0.03422292215625633,0
2453,38,0,8,0.8141264414816826,0.6122331349640013,0.8692661756027348,0.75,0.38221434552682193,0.028260645783903637,0
2454,60,1,3,0.8758623013777123,0.5819679031503153,0.45295360859690015,0.25,-0.25964495599864335,0.20706819734048265,0
2455,43,1,7,1.0591176489597127,0.5692932670985561,0.7,0.0,0.1468359497291437,0.11253127454312006,0
2456,53,1,2,0.7386091809670993,0.7680317704411935,0.3822856176484372,0.25,-0.20444086576104464,-0.08582573319820408,0
2457,69,1,4,0.5720622300541254,0.7371276607605582,0.7931388725024744,0.25,0.3417601643076336,-0.14927385266294135,1
2458,38,0,8,0.6449745069081733,0.6442123266165263,0.8939773812499949,0.0,0.27150178940676883,-0.055025493091826694,0
2459,75,1,7,0.9885422217616616,0.5148308203529417,0.7079849597149886,0.75,-0.18283172388929403,0.19422281630159166,0
2460,82,1,5,0.9020406499688803,0.7288025024926228,0.7142486591028548,0.0,0.28144535691372213,0.18047916219033577,0
2461,54,0,2,1.0690418338161591,0.7497835684148062,0.4484427205190379,0.0,-0.33588294781656836,0.5191642120177105,0
2462,38,1,5,0.8645696615358665,0.6938539399929886,0.640492468318892,0.0,0.0015392476904517727,0.07310159694488738,0
2463,70,0,5,0.7508306165862286,0.6107602132743879,0.630024817970616,0.0,0.19826586503870353,-0.05353132739650179,0
2464,84,0,7,0.7731521374018792,0.7187819683841897,0.8201167922998596,0.75,0.5830244391561987,-0.05975700181379762,0
2465,40,0,8,0.9693767676776751,0.5040624207207502,0.7335516851301604,0.0,0.4065311110748437,0.23747779681202086,0
2466,68,0,3,0.6823076246490123,0.5622998332608903,0.4850492813408422,0.25,-0.30692485548276344,0.10552051641898375,0
2467,54,0,4,0.529259024385978,0.601854819793787,0.4612935161836533,0.75,0.052065804592816844,-0.08096080198411693,0
2468,53,1,2,0.760420159727645,0.6331439604038767,0.30965965033863196,0.0,-0.022275843556629926,0.10759106560463527,0
2469,66,1,8,0.8654824243452504,0.656777240871414,0.6798447345482997,0.25,0.014652188708212499,0.052916927005609904,0
2470,31,0,2,0.9344959891687873,0.5936000082161363,0.2794425848863098,0.0,-0.26273026449382586,0.12969425112046462,0
2471,80,1,7,0.7524725641765485,0.47847907402889445,1.1899118051364932,0.0,0.278092362077626,0.051800050923428986,0
2472,72,1,7,0.7721978937915209,0.5874356321404514,0.692506022531923,0.25,0.40864239840649585,0.07297014932746182,0
2473,71,1,2,0.7396261839007542,0.7058226190636541,0.270885254704311,0.0,0.08251152101160433,-0.01766576333107628,0
2474,65,0,2,0.6892455043306762,0.6128278286579643,0.7142251347489993,0.0,0.17878336283388752,-0.23830150707062758,0
2475,63,1,4,0.7939233946324739,0.6236999197734697,0.9935674004877468,0.25,0.5722205178074322,-0.050498257356434206,0
2476,62,0,4,0.787764671961081,0.46948281853473545,0.42828585821112986,0.75,0.0343786322691077,0.08631137538500133,0
2477,44,0,4,0.8736613676376787,0.6038268566075929,0.6537625537215638,0.5,0.22260667148661722,0.1953612567747327,0
2478,82,0,2,0.8236116603212161,0.630106262157992,0.42871639346366575,0.0,-0.17129053174642384,0.02918381570463635,0
2479,84,0,4,0.9942065244299262,0.622401757294137,0.5880739130092186,0.5,0.34593641042154377,0.2011586429721669,0
2480,68,0,2,0.7454657115491236,0.5802209758148321,0.5869893257025187,0.0,0.12833901698379474,0.08681712015450638,0
2481,84,1,6,1.014987300970838,0.670659104689092,0.7,1.0,0.33842815858994424,0.3819878443940986,1
2482,75,1,3,0.7135780263118611,0.7530548031000263,0.6833908863056415,0.0,0.11407989108850158,-0.01132658559209787,0
2483,78,1,2,1.0079901119168895,0.6800473821201691,0.5887159971018593,0.5,0.13350806562509776,0.298396809499585,0
2484,70,1,3,0.8468608696360644,0.4985340934480664,0.14147679084030937,0.25,-0.5585232091596906,-0.11760681070037804,0
2485,80,0,8,1.0279161155157328,0.5496118694162313,0.8848943861244505,0.0,0.3747123231879752,0.19352900872107803,0
2486,43,1,3,0.739707979612374,0.6733221832637141,0.4689905559024867,0.0,0.09859125457886897,-0.23624586329081976,0
2487,76,1,7,0.9164902944173571,0.6099731009756174,0.6287448577509429,0.75,-0.16152565209654846,-0.016160884392545816,0
2488,52,1,7,0.748347426539015,0.6934437825772125,0.6726720711218483,0.0,0.11987604433576526,-0.08708277343938076,0
2489,30,1,4,1.0544209826327924,0.6558060486680524,0.30312169542380046,0.75,-0.48783546216730606,0.3544209826327924,0
2490,51,0,7,1.0604647422057727,0.6445286932603372,0.7229423193480664,0.0,0.546933579214253,0.2960375647675868,0
2491,58,1,6,1.071427155994621,0.5178399362638305,0.6105718351939234,0.0,-0.11868027468855002,0.3608615110580271,0
2492,36,0,3,0.8061136787595852,0.6101035405038394,0.6111103299487539,0.0,0.3886841891753707,-0.09759779865109763,0
2493,62,1,2,0.6034002151894551,0.7,0.4683063339416145,0.0,-0.04473276872451265,-0.29855807148060176,0
2494,42,0,2,0.6797647831422698,0.6327922170574467,0.3482712549506471,0.0,-0.2260522631053083,-0.18648700442476218,0
2495,45,0,2,0.7191216794532197,0.6456530375169452,0.3367747994522695,0.0,-0.0729636130951748,0.11115320842114929,0
2496,73,1,4,0.6947842754700911,0.659691441762922,0.3704306506858137,0.75,-0.16429619884815372,-0.014201665870903102,0
2497,79,0,8,0.9505495676437409,0.6663503737958001,0.8684604918543013,0.25,0.03647333605526093,-0.03986545675790065,0
2498,34,0,4,0.9198073926612886,0.6512123799251129,0.837214576236805,0.0,0.6685341987908058,0.022641219837545745,0
2499,35,0,5,0.860699148790109,0.6840684301721524,0.48970353519595483,0.0,-0.025511989637953036,0.25253521792862277,0
2500,79,0,4,0.7729974872891922,0.5192043824890898,0.8400828560105769,0.75,0.3268519763959319,0.05163330963202739,0
2501,32,0,6,0.709063801884869,0.4747969400032121,0.8671883042187941,0.5,0.5357498994053205,0.12366849143683656,0
2502,63,0,7,0.6328099174925762,0.6470585660540416,0.9209458949541433,1.0,0.324242150518114,-0.23551771948852385,0
2503,49,1,2,0.5994390026133246,0.6609757175971569,0.5246601844700584,0.0,0.12631690948677932,-0.2744114109892699,0
2504,83,0,2,0.9956562192797415,0.7027519088408399,0.10494782033170681,0.75,-0.4414648288172446,0.2688442294428215,0
2505,63,0,4,0.9047085693246706,0.5483480119464916,0.6106179936557514,0.75,-0.1170169685484932,0.1978989817120952,0
2506,35,0,7,0.9559996745719248,0.5198416779435174,1.0704487085564596,0.5,0.6509462436294109,0.21239023662206458,0
2507,82,0,8,0.9567237335402266,0.5500644207855984,0.773510464911917,0.0,0.3440125354273641,0.1667098320443755,1
2508,67,1,8,0.8899591844610214,0.38561311079864447,0.5352556596938327,0.75,-0.05139141739010866,0.2716005729559403,0
2509,36,0,5,0.8535718052485542,0.4781280556877752,0.6066909511080207,0.75,0.10966983995181784,0.10797543151439049,0
2510,52,1,5,0.8179831214161146,0.613571986544278,0.548803711252772,0.5,-0.003313664537149985,0.028160967065831377,0
2511,33,0,3,0.7653179600841596,0.6614637504115697,0.7087997106570133,1.0,0.08905533334344606,0.0146959487577345,0
2512,36,0,5,0.8161441054336618,0.6001005022484208,0.84188309220797,0.5,0.5981176122829776,0.11259932648347715,0
2513,65,0,7,0.8216704597984039,0.6501429712081123,0.2824037118184905,0.75,-0.1042656100783001,0.10964544981285551,0
2514,33,0,7,0.994340657561024,0.5412410682792772,0.9032600849380991,0.5,0.5877238023317992,0.10274550569564667,0
2515,77,1,7,0.7701203657684816,0.4359525124387471,0.579018068753317,0.5,-0.13964056462791652,0.0380972235667012,0
2516,56,1,6,0.8378982181346275,0.7,0.5922632367083022,0.0,0.0570951690154855,0.19736899764448423,0
2517,58,0,3,0.7385438373910804,0.6355626390716532,0.5626142430708045,1.0,-0.2345672587844002,0.03854383739108047,0
2518,70,1,6,0.985443653183316,0.5891226479725424,0.6985794810959092,0.0,0.10026010137725505,-0.09011992551179215,0
2519,75,0,4,0.7,0.6349209684987487,0.5685847762697971,0.25,0.009164551871857829,-0.16183193556902098,0
2520,38,0,2,1.0171324159470223,0.5040166159602968,0.38044010566491765,0.25,0.0013965103280181856,0.37792669784653143,0
2521,52,0,4,0.8555879015656646,0.6699020587839893,0.4320382862755339,0.0,0.143536604883843,0.0143818207405908,0
2522,57,0,2,0.8054858964956922,0.5872618295081411,0.3819709181662507,0.75,0.03770253382831046,0.16766382013525982,0
2523,35,0,3,0.5703415534726645,0.6956826432579024,0.5157323040332401,0.0,0.22149137830914817,-0.21690116534459736,0
2524,53,0,7,0.9767828273606008,0.6140389675644738,0.5525497343997164,0.0,0.29410764055351746,0.05175663416546483,0
2525,59,0,7,0.8569381863024187,0.6587819793577739,0.5914573512147194,0.5,-0.03417226664296669,0.07462309613669305,0
2526,64,0,8,0.7781925113944592,0.657020330626422,0.9437431216635339,0.25,0.7422058691298941,0.1477225910061949,0
2527,61,1,4,1.0227629643931426,0.7165362505339928,0.5708047608288285,1.0,0.25706428353801175,0.4053201533013533,1
2528,64,0,3,0.8050212691911861,0.6544539982956913,0.4476884900620978,0.25,-0.020686952786262536,-0.17960464757738948,0
2529,46,0,6,0.8426799396236327,0.545154251796539,0.8135395749147247,0.0,0.380246768141118,-0.05872493916918786,0
2530,66,0,5,0.7598482374151198,0.6205925718606319,0.7435912517050093,0.25,0.4077640815114749,-0.07248051309322989,1
2531,31,1,2,0.7612229084870628,0.6687257355592935,0.30743690614147157,0.0,-0.14377671213950138,0.0191240643981494,0
2532,53,1,6,0.9344404458565785,0.4653150363177794,0.5097714755717685,0.75,0.01817789427835126,0.19944967131047098,0
2533,37,1,5,0.7903392675603851,0.6956197574216906,0.6722123364158421,0.0,0.15375294317166077,-0.20178331353848578,0
2534,81,0,7,0.797763158560493,0.579799381521451,0.6539941745637937,0.0,0.18348352990908923,-0.018660433746310545,0
2535,71,1,7,0.8716708384629623,0.4627784937231567,0.828672814794141,0.5,0.4010399727380609,-0.05023675082948664,0
2536,78,0,2,0.8216353614099091,0.6883618634838642,0.7,0.0,0.02710261093039923,0.12163536140990916,0
2537,76,1,7,0.8706935977944461,0.6029279797784727,0.7324165980593865,0.0,0.3929802486044758,0.1619900417039366,1
2538,84,0,4,0.7455944678870168,0.666236357375228,0.8797555401133448,0.25,-0.01244991795967998,0.10906264966310897,0
2539,65,0,5,0.7815606451770704,0.6286225389321618,0.756175489100076,1.0,0.37194161108413953,0.15255856926174627,0
2540,42,1,7,0.7056474102005587,0.6929468667571106,0.41476337464378404,0.0,-0.07984043948449482,-0.15128609462346276,0
2541,84,0,6,1.0100058915743728,0.6308136402785652,1.0176406276359913,0.0,0.7665321851643863,0.15638170414480224,1
2542,75,0,6,0.7819003184097029,0.6605737826889182,0.577813193287536,0.0,-0.043570774906804055,-0.1951878865761275,0
2543,54,1,4,0.5656538168887659,0.5376912727531346,0.6661871487125827,0.75,0.30547050438821705,-0.1789311197238289,0
2544,54,0,6,0.8628788246292193,0.6857474346863909,0.6222937104964218,0.0,0.2981513118640252,0.012594663520470895,0
2545,58,0,5,1.0428453227208558,0.6934868659025785,0.6478665598500103,0.0,0.12328180258952959,0.3450735602740592,0
2546,42,1,5,1.0141031352869394,0.7165029415639236,1.0508938890595283,1.0,0.4799201170372436,0.22535473229204062,0
2547,53,1,5,0.9270497539885063,0.6496730322928574,0.3768451848578727,0.0,0.252731808652735,0.13818038852056103,0
2548,43,1,5,0.6228829790882408,0.5886955506743758,0.7850453949674236,0.5,0.43426188898403845,-0.07885366713616915,0
2549,47,1,7,0.8061984084397318,0.4914039614261981,0.799295102881533,0.0,0.25714519579923156,0.3380896501181007,0
2550,56,1,5,0.8508364902864578,0.7,0.9000150175124287,0.75,0.49317234314119773,0.10784142737560443,0
2551,70,0,3,0.7606181342455016,0.5767718154309157,0.2422938227372881,0.25,-0.0976094708581064,-0.007023691267233345,0
2552,71,0,5,0.6500785957496988,0.6170278143233692,0.5993835632987982,0.5,0.08017963161224417,-0.017400787872969836,0
2553,46,0,3,1.0249747971975227,0.6884021662379294,0.5318208611431632,0.0,0.1736434583180928,0.23071151957354397,0
2554,73,0,4,0.8946366616577487,0.5025865455048324,0.6685837226162012,0.25,-0.004444246435064025,0.08842975748067927,0
2555,55,1,4,0.8966402484025215,0.5686164570068392,0.4837924963239022,0.0,0.18178537805489903,0.10602987867402791,0
2556,72,1,8,0.8622663344694539,0.6103443640152915,0.8908315994364773,0.0,0.5411178515546797,0.17518069047819873,0
2557,70,0,8,1.0392185362341484,0.5111341036630743,0.5335125726312608,0.75,0.13495208758341581,0.4312790174526081,0
2558,54,0,7,0.7079013106215847,0.45218871191489507,0.7985520850621829,0.0,0.5275366148655378,-0.08421394778257163,0
2559,31,0,8,0.6604961547884445,0.6157935922069422,0.7106533573327461,0.0,-0.010366488671391005,0.16040461763275637,0
2560,80,1,8,1.1321203465063754,0.5358365495927412,0.9149541613967619,0.0,0.5487631709183354,0.45209737944645034,1
2561,62,1,2,0.7800388683383541,0.5532653073845105,0.5872004986953893,0.0,0.1646078827474109,0.2118240851938622,0
2562,39,0,5,0.9385505541916688,0.5110337741996751,0.2588281092325239,0.0,-0.23289450986459498,0.4061400267865909,0
2563,34,1,8,1.0051959314938932,0.5396824324965377,0.7926887894918321,0.75,0.44280510938354967,0.2834506031034175,0
2564,43,0,7,0.9498512259971307,0.5077842669572951,0.7224851642964217,0.25,0.39841447254244045,-0.05041353804653215,0
2565,52,1,4,0.9027290455111134,0.5781786506291983,0.6728856071764658,0.0,-0.04605397839910286,0.22772523109125364,0
2566,44,1,8,1.0627621344890175,0.49458303498436285,0.8746294404473414,0.0,0.41118440655508964,0.21110942667892074,0
2567,76,1,2,0.8490882734689741,0.5218553166467156,0.6759924503538316,0.5,0.014553022093613865,0.14474357952292494,0
2568,60,0,3,0.7555348445565833,0.6493348918619849,0.6729348194088826,0.0,0.327137434629729,0.08067171746911428,0
2569,54,0,4,0.7567040007376511,0.6223342298785597,0.38586206942144063,0.0,-0.04756028144125568,-0.008968827419143066,0
2570,64,1,2,0.7564638991081939,0.5704356253141536,0.7975725014073274,0.0,0.305674676004254,-0.06544978099379539,0
2571,45,1,7,0.9766906039033745,0.5402844549561842,1.076698344774845,0.25,0.7169711383247719,0.24570093023921646,0
2572,73,1,3,0.6044498183844068,0.6149856168204745,0.3595184930733141,0.0,0.15934298809659336,-0.21529787210132711,0
2573,44,1,4,1.0591063844658175,0.636408634281965,0.530129183150669,0.75,0.38864859758217973,0.3065731133252384,0
2574,69,1,6,0.9323460449371281,0.5476014946598001,0.9837040214513002,0.75,0.493301876728699,0.15422477710861304,0
2575,50,1,4,0.9086533473237972,0.6291111922469086,0.29614977858651625,0.0,-0.19536335285403433,0.3987651294307687,0
2576,41,0,5,0.8325091566292232,0.6133931121581041,0.8443589353538656,0.25,0.40802187417767344,0.23220389361774407,0
2577,62,1,2,0.800435621417056,0.7586573543401394,0.33751126481899835,0.0,0.10349711990735677,0.20886708970999446,0
2578,67,0,3,0.8981431487039448,0.5913540908634028,0.6177463503168367,0.0,0.42965319377346134,0.33683542391777166,0
2579,78,1,3,0.7108533041166746,0.511679640860202,0.4746014560068012,0.0,-0.13279670047318454,-0.04240431561582003,0
2580,56,1,4,1.0155564472699852,0.6450645200069118,0.4159353690035041,0.0,0.202100565618643,0.06880878962683445,0
2581,62,0,5,0.6783826342441958,0.5789161907234562,0.6779597463332334,0.0,0.22421286296369192,-0.12908346529357106,0
2582,37,0,5,0.7911301756838681,0.5875618910757893,0.6031185022122627,0.0,0.13076818365775672,-0.11782318667887937,0
2583,53,0,8,0.6771568196474276,0.5055167001219389,0.8786633658670436,0.0,0.5799855045547331,-0.15340521150647968,0
2584,72,1,4,0.8567006428871244,0.5805979369824859,0.5219619838140646,1.0,0.23923619790449796,0.3364946188643587,0
2585,62,0,8,1.1139403752250197,0.5138817525441953,0.7632113775174698,0.25,0.052772539094984805,0.40586444193013627,0
2586,50,1,7,0.9924214424241677,0.501746913650472,0.9053171773947998,0.0,0.4836452328476832,0.2924214424241678,0
2587,54,1,5,0.6640720837763862,0.6695345528076605,0.7741873186912366,0.25,0.19672733875329962,-0.15993177335477227,0
2588,47,1,2,0.6212921241894819,0.6010436378135493,0.5815891268307946,0.0,0.04268629923947764,-0.07870787581051808,0
2589,75,0,7,0.7826456818697064,0.6269900672472611,0.7852440078264619,0.0,0.3536028598163215,-0.11456529195027454,1
2590,76,1,6,1.1392168615051745,0.6128059571719146,0.6527120539785021,0.5,0.2479429094470484,0.27419247819415493,0
2591,80,0,2,0.7263819611553857,0.4635366941682155,0.507097238807966,0.0,-0.2639161768815903,-0.1388212782672732,0
2592,32,0,3,0.8557065171675922,0.6620112875795201,0.7,0.5,0.5261445587418201,0.25212285792956624,0
2593,33,1,2,0.6769810393327887,0.5718344771970814,0.6263270180548055,0.5,-0.07367298194519445,-0.1491609618599795,0
2594,39,1,3,0.7014681663284343,0.591528528799898,0.64178820562428,0.5,-0.11139742180036205,-0.18703150047935546,0
2595,62,0,7,1.0160710479618222,0.5952431469827771,0.6670028761588943,0.25,0.09542921918049219,0.20058098690591775,0
2596,41,1,3,0.678703662282501,0.5818958216090422,0.7345387852122446,0.0,0.3131195014523662,-0.24073721974784457,0
2597,63,1,7,0.9853700964296468,0.6570288395707348,0.5606532457217366,0.0,-0.1058823342767169,0.36532551490498033,0
2598,63,1,3,0.6950740823288379,0.5368131344752668,0.6358617550187263,0.0,0.03443042867047996,0.08393337726596561,0
2599,54,1,4,0.6932866994251695,0.6123841370719152,0.5217854599620954,0.5,-0.058324565690692665,0.005496562823304685,0
2600,78,0,8,0.8947628002982819,0.5980468595602404,0.9168703763359327,0.0,0.22417120185872152,0.16924431676464957,0
2601,79,1,4,0.7907267338983385,0.6413520539071155,0.319537936545554,0.0,-0.3549426076874071,0.2169730972304429,0
2602,77,0,8,0.7592855525389659,0.5195630872824536,0.7,0.0,0.07015752913757256,0.16950689584327439,0
2603,65,0,4,0.9283912876747198,0.6467689486917072,0.5260140960401549,0.5,0.14714394235535683,0.36057574071291043,0
2604,60,1,6,1.0042836204790584,0.613924974396761,0.6666216540790738,0.0,0.3455284006328139,0.24451372915274894,0
2605,79,1,5,0.8374546343114706,0.5750321618696256,0.7070014399904309,0.0,0.4779357480302353,-0.09225227070863906,0
2606,59,0,6,0.8311716194308068,0.4955450057886776,0.5509188143715961,0.75,0.08299766621390331,-0.03736029183072265,0
2607,84,0,6,0.8033210106484742,0.5768982689252173,0.5066290814787612,1.0,0.06898519353482363,-0.024061415120757212,1
2608,40,0,8,0.94594637861097,0.5510798595304076,0.5863781599536146,0.0,-0.09199504644130074,0.19514979906044716,0
2609,47,0,6,0.7819867351125579,0.5205653676799106,0.6523637065200509,0.75,0.4199314172667246,0.21614388574500243,0
2610,33,1,4,0.7197856230891599,0.5129126181055461,0.7927087879128147,0.0,0.33470624780738684,-0.19726456021928618,0
2611,75,1,6,0.8577630728577686,0.6305204412111433,0.5941858658929867,0.0,-0.09404551641167469,0.004073117937249515,0
2612,63,0,2,0.6741053609021415,0.648935849749797,0.6475103588398229,0.0,0.1183789836080742,-0.00909570112939495,0
2613,80,1,8,0.8853388084561936,0.7,0.642067795291695,0.0,-0.18853084917137408,0.2772354506536152,0
2614,70,0,2,0.8191760169730488,0.6544497146087987,0.5100082169654886,0.0,0.3372065924645571,0.14590087069625313,0
2615,63,0,6,0.4532532911566063,0.44605782216408046,0.7056134047160879,0.25,0.4133013050758065,-0.24052602833290615,0
2616,41,0,4,0.8748281709746784,0.582841171195811,0.7,0.0,0.17423985344727155,0.18027334416871832,0
2617,56,1,7,0.8931190350283807,0.7,1.12945168062311,0.5,0.3802879456034358,-0.009654741844627668,0
2618,49,1,5,0.9118972087445241,0.6902507378596158,0.6011679741423367,1.0,0.18264389468461129,0.11511030581324888,0
2619,36,0,7,0.7433327573154487,0.5736831144912904,0.9712659085846634,0.0,0.43440272373279043,-0.20356381323269768,0
2620,49,0,2,0.9105966863694683,0.6532030149874198,0.5199619617748195,0.5,-0.08391145102306352,0.1810549869615522,0
2621,77,0,3,0.5930608980651448,0.5269105854822385,0.4336790067599491,0.75,-0.23323440532507855,-0.12486389908281026,0
2622,64,0,6,0.9566768252634847,0.4942492800596712,0.4766812462085686,0.0,0.049758977305650376,0.39044202113195636,0
2623,54,0,3,0.9362802986145744,0.5379652089988572,0.4781894470209015,1.0,-0.011784809258900686,0.2984120804199214,0
2624,35,1,2,0.694470785396125,0.5394072427016531,0.5875535078129777,0.75,0.0048933855226167555,-0.0836149582623027,0
2625,72,0,8,0.8408471620563277,0.5691520351371111,0.9279449237007888,0.0,0.2279449237007889,0.0263118239263892,0
2626,34,0,7,0.8966188072959547,0.6096192292557416,0.8764236785058456,0.25,0.5031391091921925,-0.01848610226905867,0
2627,33,1,2,0.7821273504315317,0.6139087848496574,0.3816517621261911,1.0,0.19157788084237312,-0.05552864155914938,0
2628,84,1,5,0.9299596690771468,0.5694794168348403,0.5984769499895056,0.25,-0.15749304623305915,0.2082075356061418,0
2629,41,0,5,0.7924181472686881,0.5013489717592193,0.5167582311541549,0.5,-0.1832417688458451,-0.03673619696037622,0
2630,72,1,4,0.7910838147684092,0.6021050288082141,0.7,0.0,0.0,-0.014608697352842759,0
2631,66,0,7,0.8657735054130336,0.620227086016968,0.8390939528681545,0.5,0.3705864854199006,0.07313116002849362,0
2632,84,0,8,0.7,0.4631667549204611,0.6152288872599999,1.0,-0.19099222906502733,0.03138729404331819,0
2633,67,0,8,0.8218937590176394,0.6129569889247068,0.795352050867448,0.5,0.7361431176108952,0.20370091774366517,1
2634,60,1,7,0.7681172094837782,0.6173436357073927,0.8611165715235649,0.5,0.16111657152356496,-0.05028005251174916,0
2635,66,0,6,0.9657346867065891,0.6604919580797279,0.7899122027819818,0.0,0.32910323866481467,0.22393552577781162,0
2636,53,1,5,0.9274518593196243,0.5247098282852639,0.8982994337041122,0.5,0.24913463946001135,0.04135466706167035,0
2637,44,0,6,0.8350613667115548,0.537054200094625,0.48322055636802735,0.0,-0.019718648917647907,0.3144355841463713,0
2638,62,1,3,0.9382376687956095,0.5737271218610276,0.2879968355114736,1.0,-0.053559579998107176,0.009461115455802416,0
2639,79,1,2,0.895926082082293,0.5684625890117515,0.5375287575693621,0.5,0.04032532491608526,0.195926082082293,0
2640,32,0,3,0.6312335463830894,0.6355746901676558,0.5431968784678508,0.75,0.00657326148593107,-0.14491941370344152,0
2641,39,1,2,0.8429859787257182,0.6168825095758682,0.4518464191653203,0.0,0.1544310699556775,-0.00992622953588762,0
2642,40,1,8,1.1106498569230785,0.5859420256209897,0.7520684173710497,0.5,0.18995749316382027,0.28701570136281707,0
2643,30,0,8,0.9586103534556646,0.44038505110741755,0.5648671400018197,0.0,0.3618827135230801,0.20082056574237084,0
2644,52,1,6,0.760228855607832,0.6866031898050728,0.8774705728880261,0.0,0.3357225094955122,0.02904912872802945,0
2645,35,0,7,0.7317144487989258,0.48275053909318616,0.5338087702585618,0.5,0.2938065374009553,0.045136818496225195,0
2646,44,1,6,0.5956867980446173,0.5771562271970142,0.9159826737376214,1.0,0.30352385960148187,-0.028750737422198913,0
2647,82,0,4,0.9358359319595481,0.6878672477155887,0.7472388400690728,0.0,0.17426671173170005,0.04276656668357082,0
2648,84,1,3,0.7106298453413116,0.7128641524965967,0.70352395884652,0.5,0.32531020372138014,-0.0398810124527742,1
2649,31,0,7,0.8556827041586014,0.5660779146941644,0.6239177120150773,0.0,-0.05374851685008408,0.1623599858919741,0
2650,64,1,5,0.7541143371637498,0.5936773993070272,0.6999508972436335,0.0,0.16189020763308237,-0.07184576416099775,0
2651,34,0,3,0.624201068941156,0.7018315803844533,0.48044585472429924,0.25,-0.1752325851869293,-0.2173414937075273,0
2652,38,0,6,1.0621651630974334,0.4584178186325127,0.69911094233779,0.0,0.1681645867387569,0.4981146606519632,0
2653,67,0,4,0.7,0.6944097442549848,0.5674516627561643,0.0,0.18640688566595526,0.010850907760394879,0
2654,69,0,6,0.7464219861966259,0.5990487630498209,0.433799815327213,0.0,-0.1358479652038055,0.27584183478243623,0
2655,56,0,7,0.9493234838180701,0.5676422591812199,0.8253968857412783,0.0,0.1644205005380529,0.31758417078105816,0
2656,31,0,6,0.9730501861156732,0.5012673087352593,0.7904878641310721,0.0,0.3652662311375697,0.2970727143435876,0
2657,33,0,7,0.7083737040213498,0.587115874801693,0.5075987026917539,0.0,0.1515447171931188,0.23950574637241884,0
2658,72,0,5,0.7017560491259173,0.6508410717364455,0.5095141355212569,0.0,-0.19048586447874305,0.06715977982057297,0
2659,69,1,4,0.6223521152733916,0.6832106997007124,0.7772440914972757,1.0,0.5333572989474782,-0.17550977819683122,0
2660,71,0,2,0.8077527192746942,0.6171964649028329,0.3969583424324727,1.0,0.031135816542907147,0.0637005018982233,0
2661,30,1,3,0.7032771866513627,0.6710436981026996,0.6039433253911987,0.25,0.08933869423299834,0.0816554306753432,0
2662,82,0,7,0.8911185773911283,0.5723243587593693,0.6868485738383218,0.75,0.07023112947612864,0.21070857741337967,0
2663,39,0,7,0.6260811144709479,0.6312594461299259,1.0800760160267975,0.0,0.5291311635444894,-0.2460965232163963,0
2664,84,0,3,0.6818259719208314,0.6843472994846803,0.3638942778448614,0.75,0.03365264523390593,-0.07662539726468309,0
2665,47,0,4,0.8505297960598587,0.5148527445175631,0.49129291369111233,0.75,-0.0916125667981646,-0.16954443082416215,0
2666,69,0,6,0.9182348883732437,0.6341290445013951,0.8084090352285097,0.5,0.43888256539425846,0.2882811426304144,0
2667,72,0,8,0.9430254297467543,0.5371286702433115,0.890956347796212,1.0,0.07864257646232509,0.23435314712309585,0
2668,41,0,8,0.8885855485074233,0.541603826669227,0.9099003343030999,0.0,0.1532624600979584,-0.03855759200022124,0
2669,68,1,6,0.6083934948293713,0.4755608668816144,0.41233010053116304,0.0,-0.12474746122241853,-0.2877199912494608,0
2670,47,0,4,0.6837862441101134,0.6628441579408276,0.3820128610892347,0.25,0.029345459658037754,-0.19519238271136685,0
2671,74,0,3,0.612190967057664,0.6163791784079973,0.7,0.25,0.5639014737121477,0.006585609219461053,1
2672,65,0,4,0.7449807905868324,0.5897551411322933,0.6352324113599853,0.0,-0.012159004982745691,-0.06531827916972321,0
2673,39,1,7,0.658639368940133,0.48514919896579783,0.8267073099916417,0.0,0.17318717292646035,-0.09414976519007923,0
2674,37,1,6,0.8337693892489354,0.6198342772169922,0.6703090919285656,0.75,0.38708231606963456,0.0723792877806102,0
2675,66,0,4,0.8574750630445784,0.6489584675340869,0.37240381314290383,0.0,-0.014803660481663261,0.04222131444863808,0
2676,38,0,5,0.7,0.45974972734792446,0.47366890158699904,0.0,0.08442969367943298,0.009057370456710845,0
2677,52,0,8,0.9783418909415978,0.5314925011713986,0.901044681599511,1.0,0.5950966254764547,-0.015851798164148723,1
2678,58,0,3,0.8688034756317566,0.5941518563953047,0.502403961486674,0.0,0.04352623115307991,-0.01668068190967187,0
2679,66,1,2,0.8068481491597939,0.5649605740561481,0.4455976374767473,0.0,-0.09336369164295688,0.22690176472765644,0
2680,56,1,4,0.7,0.5079338514285887,0.5175558360509166,0.0,-0.11093109657320754,-0.10907546190120221,0
2681,30,1,4,0.6651738740310482,0.6737704838278963,0.23158249901405542,0.5,-0.599085058604087,-0.1750366293697777,0
2682,49,0,2,0.595322535156211,0.722202639736864,0.49107748925168376,0.25,-0.06287143207353568,-0.30646033494515756,0
2683,70,1,6,0.6978297616278202,0.5321742210606739,0.621450216450128,0.75,0.2319063823572891,-0.0001776808056392909,0
2684,61,1,2,0.888322017333078,0.638271112822581,0.4665342372539461,0.0,-0.05698733173119647,0.1281106728232525,0
2685,68,1,2,0.8488487400026657,0.6962179725578385,0.13590527854832005,0.0,-0.4990085987856524,0.10947771299660503,0
2686,63,0,7,0.779867877769627,0.6416914425330447,0.8674208863497059,0.0,0.49914022444537787,0.015518300365140125,0
2687,65,1,5,0.8042423254997841,0.6806465586100117,0.5925205454085989,0.5,0.2954685455388624,0.13428609893397048,0
2688,62,1,8,1.0531530646983338,0.6810261865114868,0.7,0.5,0.0,0.46783867087914166,0
2689,56,0,6,0.9893409802468279,0.5362723196410331,0.728245331703943,0.0,0.4278848391842323,0.09962085825891032,0
2690,45,0,8,0.8232973039384767,0.6894590411678387,0.6851609840934658,0.0,-0.2421076241846688,0.016472925757051393,0
2691,39,0,7,1.105566139813757,0.5116279779556799,0.3818799225820587,0.5,-0.1964599695381769,0.4635368354475107,0
2692,57,0,3,0.7,0.5517703715805198,0.19192861888586563,1.0,-0.5080713811141343,-0.044005143160530835,0
2693,71,1,5,0.9632398168109796,0.5252780215844526,0.7245188354404856,0.0,0.02451883544048561,0.35018594890749344,0
2694,37,0,8,1.0135107419901754,0.5313397298013053,0.4886990126143727,0.0,-0.020741266290957128,0.20869097804319592,0
2695,84,1,7,0.8392928010403504,0.7606480023368988,0.6793715603242964,0.75,0.23928299643398476,0.04920222075917546,1
2696,70,0,8,0.8745536993205305,0.48408786216838956,0.8452221411524821,0.25,0.18812242727594097,0.26169824922675233,0
2697,51,1,2,0.8859615761257257,0.5218065816328636,0.5855866609072606,0.25,0.06918752288754437,0.20527275721192695,0
2698,68,1,6,0.9804833085433359,0.5425370141121111,1.1402479717242595,1.0,0.8493754408703484,0.36540773426767115,1
2699,82,1,4,1.0767965715300087,0.570251192268938,0.7673426147053792,0.5,0.07067672941111391,0.3767965715300088,1
2700,51,0,7,1.0177920443995025,0.5586205117065657,0.6150551259515055,0.5,-0.0023097566573130335,0.38054121739678226,0
2701,61,1,2,0.7507195798238163,0.5172692685891613,0.15234243598284997,0.5,-0.41527504413840494,0.039736394205239556,0
2702,38,1,4,0.8095805552829991,0.5644696786260036,0.7755919343340653,0.0,0.4079409198132588,0.15109147896769293,0
2703,53,1,5,0.8444180747115954,0.6433492832681812,0.5576701171428409,0.0,0.001931454475283978,0.1035664409846665,0
2704,69,0,6,1.0040328156997653,0.7,0.6144399430037207,0.25,0.45130316124851,0.4048086005267163,0
2705,34,1,4,0.5934734285110117,0.5272155283812338,0.6236845295418284,0.5,0.19098250709114845,-0.2054823883025877,0
2706,53,0,8,0.9916224403262782,0.7236403613623225,0.6610229146807519,0.0,-0.0069001694264722024,0.21420905433495063,0
2707,84,1,5,0.9509603327979224,0.608938431965689,1.0589274965208988,0.75,0.37774423224888753,0.05440560458642463,1
2708,78,0,4,0.8944782056427409,0.6778608508234203,0.5873386850342323,0.5,-0.09512542678450442,0.26639729296397885,0
2709,68,1,6,0.8947132825279986,0.6458263228979879,0.5098944912227621,0.0,0.08248180065361238,0.026827291043110102,0
2710,73,0,7,0.8733412406304981,0.5558891881701318,0.8107865434866555,0.0,0.3678293957823125,0.2233212034185349,0
2711,55,0,4,0.7382310677291588,0.5977187679703,0.4516945276061938,0.5,0.13293877503792384,-0.11344167362879587,0
2712,74,0,8,1.0468891763379915,0.6556021847071384,0.49533205736106484,0.0,-0.016889088609031544,0.2574085972585959,0
2713,33,0,7,0.7170349532740136,0.7139097030448462,0.7538422259903413,0.75,0.2065488893862828,-0.2463747158487939,0
2714,68,1,4,0.8398184296420661,0.6322503100236777,0.8298124603380194,0.0,0.12577499897571176,0.048751211535140726,1
2715,39,1,4,0.8780598350763029,0.6145603771990732,0.4656168622729524,0.0,0.13564630181166115,0.058836171827303385,0
2716,72,0,3,0.9310836024032213,0.6409725093538818,0.3859782722298674,0.25,-0.32255876207485007,0.4370304016120428,0
2717,36,0,7,0.970872434558326,0.4936655749718822,0.6204413815114582,1.0,0.18352182234724945,0.0622445158669368,0
2718,82,1,7,0.5812779125494023,0.6266440663448494,0.7,1.0,-0.0323023299370625,-0.19061240982767147,0
2719,33,0,3,0.7427657473988623,0.6266170241265249,0.7370020513748569,0.0,0.13617917127046364,-0.09007676931189912,0
2720,67,0,8,1.0622049248903798,0.7,1.0815603887992455,1.0,0.7673710914604135,0.3847946605632657,1
2721,77,1,7,0.7716443698046845,0.602906667197215,0.7725470149267333,1.0,0.24191782822053243,0.09091399636449116,0
2722,80,0,3,0.5065800394674249,0.5826736870639074,0.46334931120677786,0.0,-0.08898295503659465,-0.48354683276385946,0
2723,84,0,4,0.7806683929733844,0.7351918057733912,0.655571126129857,0.0,0.10666363556739589,0.07792766886490077,1
2724,41,1,2,0.7491959155789952,0.6096223724814619,0.3106668950447555,0.0,-0.39924868381576534,-0.07962777401390009,0
2725,73,1,3,0.7419040746863996,0.5853018674719306,0.44173956751947707,0.0,-0.06335039280094357,-0.14031648624237214,0
2726,69,0,4,0.9706037369046036,0.7,0.6676160338606633,1.0,0.1532334273698166,0.1104125235659732,1
2727,72,1,4,0.7694337838470464,0.5545619795530321,0.3639217552051484,0.0,-0.21312558739270543,-0.025113658258191673,0
2728,77,0,2,0.9602055554228809,0.6344783365344668,0.7,0.0,-0.09494078488085667,0.043655295439758435,0
2729,49,1,3,0.7675309356932162,0.6634148138666558,0.5124365173718463,0.25,0.05049902042388327,-0.08818089013858177,0
2730,66,1,7,0.8096129206794409,0.702467346389125,0.7100912762405092,0.75,0.18068008636066135,0.03446164457165468,0
2731,33,0,2,0.6832622975571175,0.6091615479734233,0.7375828281058022,0.25,0.4999107651489142,-0.09578798555982937,0
2732,82,0,5,0.7837707226607329,0.780341437082906,0.26669181238978806,0.0,-0.24082534763372526,0.09772967922955089,0
2733,84,0,2,0.7532162808081492,0.6858241126165971,0.5725105279738733,0.75,-0.02570758231289716,-0.0608167912909211,0
2734,44,0,2,0.8024815804106804,0.7374748117700528,0.7053169282016768,0.25,0.0053169282016768404,0.09987035599295369,0
2735,55,0,2,0.763058754848667,0.4618858731024632,0.31913174275092154,1.0,-0.30110528714147505,0.2156368068894171,0
2736,30,1,3,0.8758287922396667,0.640755067816907,0.7569214033269712,0.25,0.3753405393999627,0.1360965026387554,0
2737,61,0,3,0.7,0.5792440733214285,0.3845584354024272,0.0,0.26522018872314357,-0.22096419062464412,0
2738,39,0,6,0.914826430363625,0.4754669279010002,0.31886569070084875,0.0,-0.03541546187529476,0.03329251315911985,0
2739,62,0,8,0.7,0.5144888705318877,0.5343109224662683,0.75,0.0745341027494863,-0.2625227908818982,0
2740,35,0,5,0.8677910997757675,0.5895530195424916,0.5682242940695234,0.0,0.4562816515353193,0.375807060862776,0
2741,82,1,2,0.8940829976883488,0.4630735379953561,0.6126335943121144,0.25,0.07669840098751057,0.07551744286371842,1
2742,41,0,8,0.8005130434481156,0.3844715368329966,0.6162744537584814,0.75,0.19078057783634567,-0.031441863377643875,0
2743,67,1,5,0.6191182268828287,0.7182718290763512,0.4192312023288413,0.25,-0.41418558019797075,0.174588606069857,0
2744,42,0,5,0.5972708219703547,0.6166565631216135,0.4238745600848389,1.0,-0.1929921036594986,-0.05084728860139953,0
2745,30,0,7,1.08574615608135,0.6384639580931661,0.6193458763076992,0.25,-0.17101636698922906,0.41417908771313683,0
2746,67,1,7,0.7687718873328585,0.5135643149607229,1.1185845369725795,0.25,0.6815879742750897,0.15779774444678374,1
2747,72,0,7,0.8256963356086885,0.515055233319605,0.6954276501947692,0.0,0.40573091027774255,0.2658398416683382,0
2748,39,1,5,0.8106796367811281,0.6660541210336949,0.7711185406082234,0.25,0.1523332392863589,0.09960467198572576,0
2749,76,1,4,0.6075480620170721,0.5618821001644462,0.5365881887439637,0.0,0.2583201207670607,-0.07468137114704876,1
2750,83,0,7,1.0454691220761816,0.5915852723056432,0.6296704278124382,0.75,0.005263738022430853,0.453143268470223,0
2751,50,0,8,0.7,0.6176089205952193,0.5792459808412668,0.75,-0.16617382564997651,-0.12058894232919815,0
2752,74,0,3,0.6442953464219099,0.641278346753667,0.8108213885327039,0.5,0.3402949312412194,0.01728207951759031,0
2753,75,1,3,0.7093487616064479,0.6021373553911941,0.537017531920755,0.0,-0.037806854310768134,-0.18981532794773215,0
2754,81,1,3,0.8397651544017936,0.4737114911840047,0.5000269957110003,1.0,-0.40250711141479245,0.17941508758384028,0
2755,79,1,4,0.8581976764371013,0.5130712885630717,0.5992540146995535,0.75,-0.12200388790142158,-0.05545493494079501,0
2756,32,1,4,0.7612884697577544,0.4493203123246998,0.25819828855313093,0.0,-0.13671805945032267,-0.043643928935507836,0
2757,36,0,8,0.8960854547064462,0.5310812052896662,0.6936385828897801,0.0,0.3133817364202189,-0.0050958137621283095,0
2758,51,0,8,0.7,0.5817797531789968,0.3484947872776255,1.0,-0.19918366651843633,-0.13964729315376012,0
2759,54,1,4,0.8815612795540944,0.48936179780114114,0.7720013128133822,0.25,0.1031737397169259,0.15023991670837167,0
2760,52,1,5,0.9115512146360192,0.666344182833939,0.7,0.0,0.34426096340630735,0.26890037492759866,0
2761,64,0,8,0.9609897662278872,0.5337070921147573,0.6058855256571076,0.75,0.23574395607466947,0.020255095802115042,0
2762,64,1,7,0.7457356628908769,0.578203089328479,0.7908125340624369,1.0,0.4276908340002861,-0.053683345822364226,1
2763,45,0,6,0.9274358328407062,0.6541378393835029,0.4133600816601568,0.75,-0.3658597658887778,-0.06976881437104243,0
2764,73,1,7,0.7438590735091856,0.554607569841033,0.5766833838876263,0.75,0.3423497342903097,-0.02448622418467561,0
2765,40,1,5,0.8119025413146497,0.6211408884588211,0.7,0.0,0.45326088145040766,0.14657905360115253,0
2766,79,1,3,0.7719826923467275,0.7,0.5815482208869358,0.5,-0.17872933021914117,-0.0890264885879073,0
2767,63,1,2,0.5130329065483764,0.51029309658685,0.5726059489744072,0.0,-0.12739405102559276,-0.28300189714542434,0
2768,59,0,7,0.6810995690191581,0.6522840647642099,0.6228382617677167,0.5,0.2215265224733574,-0.10174848787502266,1
2769,38,0,6,0.7355443459564966,0.6625753344182616,0.6087461013452966,0.0,0.019332413130381254,0.007102854078476661,0
2770,80,1,8,0.8896020008132698,0.5848590854324321,1.139224577502921,0.25,0.4099071077788944,-0.05727760462522136,1
2771,48,0,2,0.7329269824078666,0.5992507563826422,0.17689003072354487,0.0,-0.6456475142580635,-0.12969688749686303,0
2772,62,0,3,0.8684255528056206,0.5150047419072262,0.6428835970709577,0.5,0.34359843185483047,0.1719594566733651,0
2773,50,0,8,0.9028817979297257,0.6133689194231343,0.991287658327681,0.5,0.4466246031438852,0.28642979785317124,0
2774,60,0,2,0.6187335424796178,0.542338985118092,0.632909551156813,0.5,0.22794143230077668,-0.0812664575203822,0
2775,71,0,4,0.8051433041617727,0.4565319207982856,0.6013967527043743,0.5,0.3506931147774283,-0.17250964195699459,1
2776,66,1,5,0.957000552223364,0.5596473338766885,0.5147153303318145,0.75,0.08483569441381394,0.44667794609016176,1
2777,60,1,6,0.7205648082271339,0.5861630235680642,0.3973172047455288,0.5,0.05580994466527189,-0.18912663608959657,0
2778,80,0,7,1.0436006195772045,0.5411894889341431,0.7293504810373681,1.0,0.46394342342092904,0.10910832819564198,1
2779,65,1,6,0.8893898174864977,0.6484800671210286,0.7,0.0,0.0,0.3262359234398484,0
2780,49,1,7,1.0353356167195797,0.6460730936268555,0.9399351156888155,0.0,0.5163892125761416,0.1456618480256463,0
2781,32,1,2,0.7476328596109764,0.7483249456557617,0.6930370279433478,0.5,0.0986535159071128,-0.06451666027546676,0
2782,63,1,2,0.8932451933400452,0.6334836496955769,0.5178412140542922,0.0,0.27547056404526854,0.17633177599486993,0
2783,64,0,2,0.6751207153932819,0.49414446127037265,0.5434499147982255,0.5,-0.07512890494046343,-0.058735459885755015,0
2784,64,1,4,1.0934764434018076,0.6196176071965154,0.4265322767294492,1.0,0.09057832060851423,0.4032887576873304,0
2785,68,1,6,0.9752505002094807,0.5620024077910181,0.9209557396935458,0.0,0.5614670064197629,0.2181615645216436,0
2786,83,1,6,0.9401628402577227,0.6183973659033218,0.9277574187218501,0.0,0.3126421391163585,0.16002029055183942,0
2787,63,1,8,0.9378044824310673,0.5727962742585365,0.595110175038054,0.0,0.5175515805219086,0.1110838385136047,0
2788,43,0,3,0.9071606474945797,0.4572722984981719,0.5391686512788639,0.0,-0.08631166037005222,-0.29701169638223734,0
2789,39,0,4,0.7672716922460177,0.590674925972926,0.667790944967003,0.5,0.10298160659468703,-0.009332576809687243,0
2790,40,1,5,0.8075326004428858,0.619509956503361,0.08607347877322127,0.0,-0.31786776002328365,-0.09948110647182062,0
2791,55,0,3,0.6366722163676108,0.7149687917281815,0.5477192525481844,0.0,0.25414226652105937,0.09321229582517765,0
2792,57,0,7,0.867587386513783,0.5812228857976891,0.755093844338584,0.0,0.4538216301275025,0.26372102490842464,0
2793,63,1,5,0.9255052256881701,0.4979095335730877,0.39644857770497005,1.0,-0.2364727834098021,0.1634748935725211,0
2794,62,1,8,0.8495445435710858,0.5977471145270526,0.9252585282136159,0.0,0.6836723437814592,0.14954454357108582,0
2795,33,0,7,1.0054235200374066,0.5733129700516575,0.6587574566526602,0.0,0.28236155746912694,0.3664379839632306,0
2796,82,1,4,0.7827677821351589,0.6235314938522873,0.6271529479482575,0.5,-0.09817479675393082,0.029529910376942192,0
2797,75,0,6,0.7864424959384393,0.6291430634029711,0.6558203926947448,0.0,0.2166427425471686,0.37476635614084813,0
2798,46,0,6,0.6000602464158955,0.6629372182777006,0.33607482716672615,0.75,0.058667674355610766,-0.09761196540354511,0
2799,47,0,8,0.7688245533046216,0.5274250846686125,0.7580503296282949,0.0,0.18028740626731643,0.0022294592858587148,0
2800,69,1,3,0.8116593632306018,0.5859409644327647,0.49744505936106287,0.0,0.12598744384305227,0.030694384276046538,0
2801,65,1,4,0.8126629786751808,0.6490205935278911,0.7065109668740793,0.25,0.4211491510187366,0.13147478151394643,1
2802,79,1,3,0.8399281099370313,0.5671778510628567,0.6888468613589137,0.75,-0.25775713358138563,-0.06132310032451593,0
2803,71,0,3,0.7660432148130613,0.6511369645123567,0.6627576376645972,0.0,0.04112286810433641,0.01865568911912374,0
2804,30,0,8,0.753586630727608,0.5859533886445236,0.55680904617928,0.0,-0.28309326650699784,0.0671726279121162,0
2805,74,1,5,0.9042475312057151,0.500380633095223,0.5192839581870554,0.0,0.12114894525019687,0.1269799641889756,0
2806,62,1,3,0.8096022860654104,0.5097328142722006,0.9287196570372359,1.0,0.6321285189585433,0.1349181356387097,1
2807,41,1,7,0.758810515342157,0.5301720587621361,0.681872614209781,0.0,0.3695319723294614,0.27397102083585867,0
2808,41,1,2,0.7680599389256442,0.6024559561057599,0.5386453919205302,0.0,0.2642928722333488,0.06805993892564421,0
2809,47,0,8,1.1097317528008772,0.5224821915523852,1.0258035984289218,0.25,0.591334856448746,0.22610148371701533,0
2810,30,1,5,0.9926666982094302,0.6375295028866198,0.40745468327637885,0.0,-0.16156945876251322,0.08833828638812202,0
2811,61,1,2,0.700141162461307,0.5105283007007854,0.5810516122537396,0.75,0.08612460305738961,-0.10701716631474312,0
2812,39,0,5,0.7622601462749964,0.5161926205143523,0.3851926741421059,0.5,-0.008556622602799713,0.16511105038082774,0
2813,42,1,5,0.7019372351609089,0.4952994228316559,0.8588395624422791,0.0,0.5874167193131896,0.0019372351609089344,0
2814,55,0,4,0.9391336703753594,0.6372740554117214,0.19994824132869587,0.0,-0.3914010581207143,0.2652395107815496,0
2815,81,0,3,0.865152425205182,0.5266187543829726,0.3613758206454104,0.5,0.026395548619629894,0.04258682109630052,0
2816,40,0,6,0.9254617620394218,0.6236884791354435,0.7890274691024589,0.25,0.5734549863934982,0.015017460344004752,0
2817,66,0,3,0.6789731482862331,0.6466967286064395,0.6916610010526046,0.5,0.18574486942906743,-0.005507000053994626,0
2818,66,0,3,0.7478040557457203,0.7077208606087226,0.2744903909981698,1.0,0.054071523565098645,0.15563894876434103,0
2819,33,1,7,0.741407459569012,0.6366290394138524,0.6995477637452807,0.0,0.20428149048432548,0.33575279047242645,0
2820,60,1,7,0.8591721295517872,0.55460186577107,0.7897168687006518,0.75,0.13539280712227464,0.024947344410541028,1
2821,61,0,5,0.9814188501265946,0.5755905375067967,0.6338826969967468,0.75,0.12081950597328361,-0.03400158802326669,0
2822,50,1,4,0.7583392384058145,0.7,0.6139034688510469,1.0,0.16879131362965843,0.14399364556153083,0
2823,44,0,3,0.8258176787927134,0.5194720703952478,0.5398701661010906,0.25,0.009329237517517464,0.14572337587521345,0
2824,64,0,2,0.8055448352577811,0.6354921800246917,0.4663160128750249,0.0,0.32919348137212956,0.2695108091196802,0
2825,41,1,2,0.9623040091849125,0.5236144147189868,0.6365294568471924,1.0,0.13039300969713763,0.1492828531049315,0
2826,55,1,7,0.9746472177513188,0.7325858200041141,0.6124119350002981,0.0,0.29848716180754103,0.34003394040862533,0
2827,63,1,2,0.9257066586079407,0.5635527664431879,0.49000334930660144,0.0,-0.09084122771827358,0.2856572314095597,0
2828,46,0,5,0.8286693192166769,0.6020907796280904,0.7,0.75,0.13860115091264746,0.16539352248191708,0
2829,45,0,2,0.8438159667417401,0.5691431925728954,0.21786342152762833,0.5,-0.1015627672020229,0.27586448916807893,0
2830,41,1,8,1.0525023192730787,0.4887919896482741,0.874154498088786,0.0,0.7242535422544363,0.2325188763161089,0
2831,37,0,7,0.6883910310624739,0.7,0.41523045294977073,0.0,-0.04071063569000799,-0.01724837430808268,0
2832,34,0,3,0.8535745683867567,0.5508441471237773,0.47873949825007356,0.75,0.08227743619989386,0.21649088337009936,0
2833,61,1,2,0.8125492511818189,0.5939211053294376,0.4686140342459913,1.0,0.08991894545322976,0.04210468688299496,0
2834,32,0,8,0.874034598542422,0.5308129614154052,0.6668906689036611,0.0,-0.23017236013491393,0.09524386119713135,0
2835,42,1,7,1.128670027848786,0.6592141435222411,0.6313033374932416,1.0,0.18605767699797238,0.6651987077803097,0
2836,62,0,3,0.8782231950880924,0.49944562901566797,0.4619009384552804,0.0,-0.07423898685227098,0.1296757728889344,0
2837,43,1,2,0.9037974771107586,0.6553965267315934,0.510943961403023,0.0,-0.06380168877287229,0.13899178515981037,0
2838,38,0,5,0.8234218714575008,0.5714523706885222,0.6213738734682196,0.25,0.16660544369280245,0.041091636793405883,0
2839,77,0,6,0.9644881956238113,0.6291540262553252,0.723815356135695,0.0,-0.05694720588257274,0.09924867332917942,0
2840,35,1,3,0.8095460904151857,0.6751551429893756,0.7821551395042238,0.0,0.3804112784184383,0.15923194005357255,0
2841,84,1,4,0.6268684408162113,0.5857548622636343,0.7911354624515362,0.5,0.09127152923774218,-0.02393736953569947,0
2842,67,0,7,0.769163264671123,0.44851925572996193,0.9073038826364572,0.0,0.412646591301495,0.12562522938447196,0
2843,47,1,3,0.884969523084236,0.7,0.6445909227080894,0.0,0.28700357882187033,0.11510012376108869,0
2844,80,1,7,0.9612420435381369,0.507224353527948,0.6619023435896284,0.0,0.19788175664033136,0.0709622448731464,0
2845,73,0,5,0.8666409768226315,0.5487158861173501,0.45687883879086066,0.25,-0.07365511313984963,0.3427389085497936,0
2846,44,1,8,0.8909084353804227,0.6078497443640053,0.6867854492589511,0.25,0.006024869042764225,0.23378672514651677,0
2847,43,0,7,0.8875774579386215,0.5928925460999948,0.7000353280912506,0.5,0.07704289405044629,0.07010185156042958,0
2848,72,1,6,0.6839383252842779,0.5304555658825685,0.6583200544255665,0.0,-0.09223485057773029,0.05811708597145071,0
2849,31,0,4,0.8611742833782805,0.6034214572764376,0.8103703483021947,0.0,0.3344466437761525,0.051682839114690515,0
2850,68,1,2,0.8572022006249993,0.5722446946854811,0.49793826556823995,0.0,-0.01822197149014837,0.07583025430971468,0
2851,31,1,5,0.8884107485485404,0.6405195353995922,0.578581589219548,0.5,0.009403860541764897,-0.10410463559835526,0
2852,75,1,2,0.7,0.634495512079064,0.3319004163599484,0.5,0.17752582803975353,-0.020941220320377818,0
2853,44,1,6,0.7,0.6205450457581226,0.5523664173892168,0.5,0.22273632312377112,-0.04012668674207731,0
2854,39,1,8,0.8206726888822773,0.7263638258899511,0.6793377438438596,0.5,-0.004846317302217296,0.20670065993640785,0
2855,44,0,6,0.8843415884675655,0.43939218277897707,0.5598322910982491,0.5,-0.0013212446891286422,0.1204798363722005,0
2856,58,0,6,0.7,0.5978791690406172,0.7500068885929829,0.25,0.3430828770254032,-0.05257892933017361,0
2857,71,1,4,0.8474006414550547,0.7838384796014742,0.3477284466317242,0.5,-0.02396777341001849,0.06562436109247227,0
2858,63,1,6,0.9287608052093893,0.6352416156532555,1.0348448213825003,0.25,0.36911806818237636,0.21378768886580957,0
2859,50,1,2,0.6956887252938746,0.6143103576559206,0.9040622777202927,0.0,0.419116057427195,0.06731285836639955,0
2860,81,1,4,0.7,0.5229766931340478,0.6677267979778113,0.25,-0.024281415606651535,-0.14908967441224674,0
2861,41,1,6,0.7,0.5721619687429872,0.7945831319387502,0.25,0.379637547313409,0.1306058997786783,0
2862,45,1,2,0.68709845210087,0.5360043420817228,0.640448038066672,0.0,0.05916071922552513,0.03804925677765614,0
2863,31,0,8,0.8604620529337202,0.5596522831383527,0.9959144937466138,0.5,0.36646261276170433,0.09695964279781166,0
2864,54,1,2,0.8523939204178723,0.5784324677588925,0.5777619643486159,0.0,-0.07518261209339461,-0.036965584723019695,0
2865,73,0,7,0.9242859051747658,0.5970978477607047,0.6043780711411162,0.0,0.352655276144576,0.17203856702244724,0
2866,36,0,4,0.6310524341049731,0.5683430589835915,0.9475906212135603,0.0,0.6246741417128072,-0.22045550054329488,0
2867,79,1,4,0.664337565213022,0.624923644317677,0.41830515270051916,0.0,-0.25417960339843493,0.05077879176446731,0
2868,36,0,6,0.5836699428534702,0.6314293110271447,0.8265823233802698,1.0,0.6882439186676128,-0.07118680941201827,0
2869,78,1,4,0.9761979175665743,0.6039986825213122,0.5534448302265035,0.0,-0.0553875213085151,0.2963712733563121,0
2870,33,0,4,0.9227876580448705,0.6642438638977736,0.8537257385965341,0.0,0.19786414802377694,0.11581247367159708,0
2871,77,1,6,0.6166478397060595,0.36670506866544594,0.4320425787548018,0.25,-0.1636675423162569,-0.020240462995213426,0
2872,32,1,8,0.7950833682390125,0.6272020990373592,0.5002586680498603,0.0,-0.0699115391310261,0.06488273428673841,0
2873,68,0,6,0.9170587296403268,0.5537820741818532,0.7192458888321062,0.0,0.40217512482370127,-0.07778611785706191,0
2874,83,0,6,1.0497465357347004,0.6543544872963811,0.8001281348723183,0.0,0.4775753120353737,0.2808601880325534,0
2875,69,1,2,0.808972719620106,0.6310686646538312,0.6487295698526585,0.5,0.22520996487521167,0.15832417768575546,1
2876,65,1,4,0.8091748455875674,0.5971578257400967,0.5517478504998532,0.5,0.12286468684734358,0.06289280093291816,0
2877,35,1,6,0.8620775737516204,0.5649739337550078,1.0047679482171359,0.0,0.5543030526443284,0.09542838195866088,0
2878,69,1,5,0.6170638364079604,0.5434091856241008,0.7,0.0,0.294444393800245,-0.16501316540074273,0
2879,40,1,8,0.9267909211137332,0.5050347326961663,0.8498589284399114,0.0,0.21661942928395428,0.15297650877129665,0
2880,49,0,8,0.8100485895384856,0.613266303141638,0.6588225357127201,0.0,-0.09505131742320239,-0.14382100118772212,0
2881,83,1,5,0.9471725263380254,0.5768225290044559,0.7292925248734108,0.0,0.1335160352419268,0.21973817777989457,0
2882,41,0,4,1.0569775608272653,0.6462361985864163,0.8384643090493493,0.0,0.32095692538249554,0.28805307312331985,0
2883,59,1,8,0.8437814642575852,0.5594330950763265,0.8767464876075969,0.0,0.2048556805534386,0.22720914999580022,0
2884,64,1,7,0.830448165725086,0.48085207352271925,0.5252845095169053,1.0,0.168303169721069,0.4125119294051157,0
2885,75,0,4,0.5627473043787927,0.5744557383284931,0.2984446188679278,0.25,-0.26151314403177023,-0.18823396657137903,0
2886,75,0,3,0.970288622871178,0.6399639564389737,0.7,0.0,0.3249729567690972,0.25229465456672495,0
2887,33,1,3,0.4747413461745471,0.6044722255577466,0.4566400908305353,0.25,0.1823911066063934,-0.04964324844153267,0
2888,51,1,2,0.8895245274262404,0.5543259263860848,0.26376169513939535,1.0,-0.43555659684376397,0.19328367316355044,0
2889,80,0,4,0.7622525945331051,0.582274516276133,0.6247181890459701,0.0,0.3019527853052132,0.08125110633673849,0
2890,77,1,2,0.60374201235128,0.6074898113960107,0.49800451783109173,0.5,0.18098758840098167,-0.09742992440021525,0
2891,50,0,7,1.0948271363657547,0.541533399311563,0.849208337911024,0.75,0.752129316703388,0.3193609201630102,0
2892,64,1,4,0.7039832036221084,0.6861417890583829,0.8108278035253903,0.5,0.5209581049260882,-0.19268371799884088,0
2893,74,0,7,0.750666398683281,0.5373567282591045,0.7859681836423039,0.0,0.3524206763301174,0.18174681195727305,0
2894,52,0,3,0.8716724810740303,0.5633274696516047,0.6370388412539036,1.0,0.03467050375189806,-0.16410963947560908,1
2895,82,0,5,0.7959598356037495,0.6481238673201465,1.0208813252480515,0.5,0.8931014050261924,0.059792449461612995,0
2896,69,0,4,0.8288608399240632,0.6078968953694914,0.7055910530339686,1.0,0.36648898960188525,0.16991906991305306,0
2897,48,1,2,0.6657684317684067,0.5363755704407237,0.5683823843959132,1.0,0.577002043835176,-0.07318062308411788,0
2898,51,1,6,0.9061699267024637,0.6435500682443795,0.600522838541044,0.0,0.24409654141577347,-0.025489432466036965,0
2899,74,1,7,0.7565784616460146,0.4862410008117372,0.6896911785150492,0.0,0.4633982184723938,0.056578461646014655,0
2900,58,1,7,0.854233478383233,0.5605038027598969,0.9814647336024839,0.5,0.5433177170173944,0.20961606163313118,0
2901,74,1,5,0.7910675040452633,0.570555626852717,0.8273665983340036,0.0,0.39449024178991376,-0.02263940649249896,0
2902,39,1,7,0.7216154651423642,0.7901179960048104,0.48802592643037396,0.0,0.06948363037140598,-0.035696382262947135,0
2903,53,0,8,0.8070214303530012,0.5007446069031494,0.8742527056698237,0.0,0.2484811640662018,0.1977384895628942,0
2904,33,0,6,0.9836487130123794,0.6098925889549788,0.512292025599672,0.0,0.01719643885095601,0.2385635099287785,0
2905,46,0,7,0.7825247642354027,0.6089302414193919,0.8648759455725769,0.5,0.31167407332467734,0.11308645968887288,0
2906,70,0,7,1.0329384155068901,0.5069299192572472,0.7108468266083983,0.0,0.18614968626120854,0.2691070988946539,0
2907,56,1,6,0.7175261585387149,0.7,0.4998137698602891,0.0,-0.22336559320667088,0.017526158538714975,0
2908,31,1,8,0.9150515194449663,0.41238302430969154,0.5315158622882578,0.75,0.14672657312576665,0.1593942906861402,0
2909,58,1,8,0.8522662140248254,0.5240932060530047,1.0735227078412242,0.0,0.19488064437492447,0.07506768944486308,0
2910,58,1,6,0.9543603441488606,0.6484859711293645,0.4481073707210445,0.5,0.262582401183179,0.19885068498164693,0
2911,30,0,8,0.9420186580822719,0.5614872904288197,1.004978644914623,0.0,0.5573675549507586,0.37995722623556927,0
2912,82,0,7,0.6450186475246379,0.6651715165080506,0.5910751096270529,0.0,0.23094212123064461,-0.08811163747682937,1
2913,71,1,6,0.6267445490886204,0.6075029674278071,0.8777533192853174,0.0,0.1961458260190474,-0.15494572133500983,0
2914,71,1,4,0.7011800020690504,0.6851702588703836,0.7222010189012441,0.0,0.1922926576553491,0.25446795954531365,0
2915,78,1,8,0.9544603388186207,0.590036400733029,0.6284080627761052,0.0,0.11063982282490714,0.12840058760066408,0
2916,74,0,8,0.8371941158997411,0.4809880893657647,0.7778645586500388,0.75,0.14206571162325599,0.18393859838838644,0
2917,57,1,4,0.8307750303436875,0.7,0.7014090430099895,1.0,0.16281299436834695,-0.06755039537161578,1
2918,84,1,2,0.5076902154473998,0.695704419582884,0.319038723100841,0.75,-0.1815008803292404,0.07320177329334032,0
2919,74,0,5,0.8788978502411391,0.46085810970927277,0.6385147779324182,0.0,0.20718209442189717,0.02053842464654243,0
2920,45,0,5,0.8292373293171282,0.665006634147404,0.49474410979611255,0.75,-0.10899811355662498,0.17442870753129514,0
2921,38,1,3,0.6664344198268475,0.6354596660218359,0.5384194212365131,0.0,0.1376109845808241,-0.10457625380084556,0
2922,63,1,6,0.9150954997978077,0.5884149448155448,0.9832256786235474,0.0,0.3239755611199783,0.12232547126442805,0
2923,43,1,8,1.0415807822392715,0.5578271330464731,0.6003479761735891,0.0,0.027619581453028896,0.4339663697877747,0
2924,59,1,4,0.8654762144213208,0.6170619658090994,0.4823195738509287,0.5,-0.03149283974817385,0.013815296010773581,0
2925,42,1,4,0.7273554625960172,0.499596245890544,0.26069639314144827,0.25,0.0007141534305732944,0.04757308270473337,0
2926,53,0,8,0.680573087514219,0.6575181687261973,0.5725730170232731,0.5,0.31998396882352026,0.04395457251651713,0
2927,75,0,3,0.7,0.459573144508405,0.453137419492598,0.0,0.028599393299351905,-0.13132412931578274,0
2928,50,1,3,0.6773503634567919,0.6681258478156777,0.46871914349386223,0.5,-0.09230247234869571,0.09562417649964405,0
2929,73,1,5,0.7706560960635691,0.5981912205769984,0.7105854676620781,0.0,-0.02548502788395912,0.14929946645454317,0
2930,63,1,6,0.7888007109898976,0.58154204660872,0.586932467571091,0.25,0.32615853081087426,0.02174348842877505,0
2931,65,0,2,0.6493086147733566,0.5879344266219404,0.6304101203546698,0.0,0.1300799985844412,-0.20328492389221797,0
2932,31,1,2,0.9779618797672139,0.618325533257644,0.4811154029901033,0.75,0.0653482291342029,0.20413327643175194,0
2933,35,1,2,0.796503118222097,0.6274576286001131,0.5123411736471348,0.25,0.11286945850900948,0.020869215554158105,0
2934,65,0,5,0.8471510951850266,0.6047436383373163,0.5900502535728865,0.5,0.16856527180495873,0.023345728901756235,0
2935,50,1,2,0.6645869538860282,0.6639160760263585,0.31852334095652435,0.5,-0.18404734988307947,-0.09303977669148222,0
2936,39,1,5,1.1146886233970914,0.5215818428180818,0.6114373134418943,0.0,-0.0038259058509244603,0.4523076250244926,0
2937,69,1,8,0.9852102094424932,0.629183042406655,0.5474028708604283,0.0,0.08993065070189449,0.09094396778184799,0
2938,65,1,5,0.8985134935001926,0.6432370407456994,0.7549652949416203,1.0,0.3679667826590685,0.009612953119125467,0
2939,80,1,3,0.7637542743124511,0.6137095922180424,0.8312082634047828,0.75,0.24807713858440916,-0.06754175921719452,0
2940,66,0,3,0.7969037138851922,0.5694425079227154,0.7335177952317863,0.0,0.22520282176703543,0.06620540042773249,0
2941,31,1,3,0.6914896843567391,0.5717141828217727,0.697569651604919,0.0,0.00888554452677992,-0.09497121472901116,0
2942,59,0,3,0.8907042583097662,0.6507453167971239,0.5517908992052504,0.25,0.03574928343835948,0.03966850098321073,0
2943,32,0,4,0.889152715235773,0.5613581521359245,0.49684493546370717,0.0,-0.16339256884858605,0.3162711131135647,0
2944,56,1,7,0.7514282823131566,0.47719957765587223,0.5774980191699475,0.0,-0.11473941990636172,-0.05826308542069791,0
2945,49,1,4,0.7322158439478886,0.5292996567770741,0.6052485366742152,0.25,0.391977394126587,0.12635190868284052,0
2946,30,0,5,0.7975282503434087,0.5998533307024198,0.42604618313363146,0.0,-0.3135646431767138,0.06950950833514735,0
2947,72,1,8,0.7070404400486714,0.7,0.9508785448079687,0.0,0.5417159371837585,-0.01213704349156719,0
2948,77,1,2,0.9115930494603238,0.7383352312355214,0.6865123299500591,1.0,0.3000409243399363,0.13323402089713887,0
2949,80,0,4,0.8104423789254049,0.6141881368571144,0.5542953985238871,0.0,0.40214293713010596,0.11003690599440308,0
2950,56,1,6,0.7721095618145277,0.6139459963505538,0.793697897288624,0.5,0.17641125774766409,0.27505492749702865,0
2951,40,0,8,0.8178855291470438,0.5784524598519861,0.7380904728860964,0.5,0.44117454723448757,0.054739463704617575,0
2952,80,0,2,0.7742703618063475,0.7062478512428406,0.703788094135808,0.25,0.2923158074031963,0.02700119923383615,1
2953,46,0,8,0.7462554478526195,0.48802565283268057,1.0363167149356765,0.0,0.559120979385792,0.05065169673869918,0
2954,44,0,3,0.730692293549234,0.543044858510883,0.18870325434771149,0.5,-0.552055842338424,-0.021847557970524067,0
2955,55,1,8,0.9540268604998771,0.6121041114837847,0.8471194382448037,0.0,0.5902278820352349,0.36640618859212204,0
2956,51,0,2,0.7460983353684909,0.5747126972752896,0.5540612643056305,1.0,0.09680670321694324,0.08734059380200687,0
2957,83,0,2,0.8689073530822707,0.7689516768268408,0.32190828387105674,0.25,-0.23694419774695052,0.00045296087030277654,0
2958,56,1,3,0.9078121546101715,0.4698477414277299,0.8010303286759201,0.0,0.24728661297369492,-0.034289367938608595,0
2959,69,0,6,0.8788923208352916,0.6504006517828443,0.808350465879327,0.0,0.2656181784827438,-0.09362666854358137,0
2960,37,1,8,0.8220483924777184,0.5374370467499388,0.7,0.0,-0.014925341590140584,0.1205138414384157,0
2961,55,1,6,0.9174125050273492,0.6622045887577295,0.7179821062378561,0.0,0.1659301904369983,0.27660589823363146,0
2962,31,0,7,0.7691729012634648,0.550383359815062,0.8888623202556353,1.0,0.6894012608382611,0.03416132505006997,0
2963,53,1,4,0.7697063817735252,0.667634495991408,0.7793602563946406,0.0,0.21774811702526098,-0.1002048820369521,1
2964,36,0,4,0.8236150607633793,0.5240430634326196,0.6444454437910668,0.75,0.2346547286577675,0.29677099034595456,0
2965,51,1,5,0.814285911839732,0.6843462580512991,0.5558148897434582,0.0,0.22145150884474246,-0.12117339407418115,0
2966,35,0,7,0.9542767445944712,0.5999942554975108,0.3611344883817138,1.0,0.0020096118992649625,0.09849852830882966,0
2967,75,0,3,0.71524988354658,0.6189403360300676,0.3273167479194541,0.75,-0.2845430751604271,0.10134481443806997,0
2968,84,0,7,1.0611628257119867,0.5356278103963694,0.6731660190605678,0.0,0.05881028369862484,0.35415033214228264,0
2969,65,0,2,0.7232108786306307,0.5299096674050184,0.4938135517495098,0.75,-0.0779371436718529,0.030944013951701987,0
2970,71,0,7,0.9088478626431905,0.6115222429229525,0.8243375035637197,0.0,0.12433750356371975,0.09037925288895565,0
2971,34,0,6,0.7590545761478501,0.6280059747125505,0.5802089398406064,0.0,-0.3141653196778482,-0.04219648860276404,0
2972,50,1,3,0.7965914357401996,0.7336432395319409,0.6357648042256158,0.0,0.16246843671181477,0.17844454979534796,0
2973,50,1,2,0.7530920876575506,0.5300986235602285,0.2353963932694075,0.25,-0.201371422157864,0.1384298328223339,0
2974,39,1,4,0.8907270326747664,0.6066357838680133,0.2824508676994767,0.25,-0.5585426188442923,0.48775334045445523,0
2975,63,0,3,0.6568454273337885,0.7015297292673544,0.5866341914586182,0.0,0.022417872862942723,-0.20504528307201098,0
2976,72,1,7,1.0895518031208573,0.5492806872534223,0.7377869749869698,0.0,0.2552207083720702,0.12348852790848586,0
2977,84,0,8,0.6417439058116259,0.5173803006008054,1.0418602548034017,0.0,0.5382896534795739,0.048813356148621034,1
2978,54,0,2,0.797809050848825,0.5683046623312081,0.5637126081731888,0.0,0.06596498051765454,0.16289794621340548,0
2979,53,0,7,0.9475100150713311,0.5233331303330913,0.5809146653464766,0.0,0.0026991695805084204,-0.022604339781604366,0
2980,61,1,5,0.9268378081088195,0.6351746654839335,0.5368435191848752,0.0,-0.1537490172878363,0.15449003581848553,0
2981,64,1,8,0.8075599188343878,0.6354189194922476,0.9536737767477453,0.75,0.19359407430082254,0.21848344326984703,0
2982,40,0,2,0.7877416986835941,0.5975335996030263,0.47120157943933827,0.0,0.23248711263045332,-0.09066100145030065,0
2983,74,0,4,0.9498094118594146,0.6162618217431717,0.6450444074609071,0.0,0.31001924802374786,0.04384098671682646,0
2984,62,0,2,0.6582855605025892,0.6399053487954179,0.581327505862295,0.25,0.287101549115373,-0.07278930438053521,0
2985,56,0,8,0.9802414037212202,0.5606479284237594,0.9848992078111745,0.5,0.2848992078111745,0.41900193464179636,0
2986,37,0,6,0.9626554320234132,0.5878066490881276,0.47922518765777367,0.75,0.09474878965584016,0.3354745163227,0
2987,37,1,5,0.7573688680083848,0.7,0.560785866841598,0.75,-0.1557736275669832,0.05736886800838481,0
2988,62,0,5,0.941952616914881,0.4803308982126856,0.3810553813000477,0.25,0.14190379282468654,0.18542734706014563,0
2989,39,0,4,0.9338804669269853,0.5850418180956382,0.5761768868663771,0.5,-0.028319820017122965,0.13781387233222953,0
2990,35,1,3,0.8811616755483209,0.5442308866940312,0.45367100835378504,0.75,-0.11851854239836501,0.12681684537788962,0
2991,81,0,3,0.6030965002821451,0.47899324610609073,0.9454686538861096,0.25,0.5523236984886728,-0.1868606193179746,0
2992,54,1,6,0.8329066955665546,0.4905650366746265,0.6425187694167024,0.25,0.19420388115976805,0.11301113615038927,0
2993,74,0,5,0.8584713262519779,0.6561456873759198,0.9228098154168947,1.0,0.3794581670708602,0.25113561174383947,0
2994,62,0,3,0.6397241209907062,0.6043465228333362,0.5815355513588489,0.25,0.0621331643260592,0.0020675857399983233,0
2995,66,1,7,0.8555005114474088,0.5831680452463779,0.5750731781748867,0.0,0.09855838990318466,0.08828597991959941,0
2996,33,1,5,0.9144686165840065,0.5443694632221682,0.6116171632768241,0.0,0.17166777563160662,0.03328685193938352,0
2997,50,1,6,0.7947530129667265,0.7,0.6617399881978004,1.0,-0.03826001180219951,-0.21380713096954607,0
2998,59,0,4,0.9020856498642005,0.5912172048563389,0.963642456988697,0.0,0.40170420526076656,0.03753950079360924,0
2999,71,1,2,0.7903851632684932,0.6142257167355654,0.5049750963421544,0.0,0.17075294725939072,-0.1356219896585188,0
