patient_id,age,sex,n_visits,hr_last,sbp_last,wbc_last,diag_last,wbc_trend,hr_trend,label
0,49,1,10,1.182,0.531,1.084,0.25,0.564,0.392,0
1,53,0,12,0.785,0.642,0.869,0.0,0.467,0.085,0
2,68,0,7,1.045,0.75,0.61,0.0,0.027,0.353,0
3,78,0,5,0.943,0.682,0.63,0.0,0.329,0.211,0
4,41,0,7,0.928,0.595,1.174,0.0,0.605,0.31,0
5,44,0,10,0.824,0.59,0.671,0.5,0.327,0.237,0
6,71,1,4,0.848,0.644,0.727,0.0,0.219,-0.015,0
7,79,1,8,0.831,0.562,0.639,0.5,0.07,0.205,0
8,71,1,11,1.003,0.7,1.158,1.0,0.727,0.187,1
9,81,0,8,0.877,0.644,0.718,0.5,0.016,-0.034,1
10,43,1,7,0.844,0.564,0.783,0.0,0.183,0.013,0
11,35,0,5,0.746,0.718,0.7,0.25,0.194,0.111,0
12,76,1,3,0.834,0.56,0.428,0.0,0.062,0.112,0
13,81,0,6,0.72,0.547,0.345,0.5,-0.171,0.156,0
14,40,1,9,0.99,0.583,0.619,0.0,-0.042,0.34,0
15,57,1,8,0.727,0.708,0.639,0.5,0.172,-0.174,0
16,49,0,11,0.991,0.5,0.74,0.0,0.234,0.305,0
17,63,1,11,0.918,0.607,0.818,0.25,0.327,0.014,0
18,60,1,10,0.854,0.547,0.654,1.0,-0.075,0.102,0
19,72,1,10,0.985,0.561,0.554,0.0,0.266,0.28,0
20,34,0,10,1.039,0.598,0.961,1.0,0.709,0.304,0
21,40,0,6,0.824,0.606,0.539,0.0,0.065,0.152,0
22,83,0,8,0.666,0.632,0.938,0.25,0.566,-0.223,0
23,34,0,10,0.921,0.534,0.68,0.25,-0.02,0.042,0
24,76,0,7,1.053,0.506,0.55,0.0,0.13,0.229,0
25,78,0,8,0.758,0.493,0.7,0.0,0.254,0.132,0
26,58,1,9,1.097,0.515,0.671,0.0,0.361,0.477,0
27,75,1,4,1.032,0.645,0.326,0.0,0.044,0.314,0
28,54,0,3,0.727,0.709,0.58,0.5,0.264,0.038,0
29,41,1,11,0.982,0.579,0.669,0.0,0.317,0.243,0
30,73,0,12,1.017,0.594,0.716,0.0,0.575,0.348,0
31,80,0,11,0.965,0.7,0.784,0.0,0.462,0.347,0
32,83,1,8,1.111,0.395,1.038,0.75,0.614,0.468,1
33,42,0,7,0.763,0.445,0.468,0.0,-0.015,-0.048,0
34,51,0,4,0.799,0.515,0.762,0.5,0.243,0.114,0
35,31,0,7,0.982,0.703,0.812,1.0,-0.018,0.147,0
36,67,1,4,0.684,0.68,0.436,0.0,-0.32,0.096,0
37,73,0,5,0.876,0.67,0.495,0.5,0.116,0.115,0
38,60,1,12,0.795,0.713,0.91,0.5,0.614,0.059,0
39,49,0,4,0.955,0.779,0.431,0.0,-0.195,0.029,0
40,34,1,5,0.838,0.588,0.424,0.0,-0.072,0.004,0
41,39,1,6,1.039,0.565,0.482,0.0,-0.122,0.348,0
42,63,1,6,0.88,0.425,0.768,0.75,0.361,-0.125,0
43,40,0,8,0.965,0.527,0.768,0.75,0.205,0.23,0
44,52,0,9,0.924,0.606,0.848,0.0,0.605,0.224,0
45,47,1,4,0.905,0.585,0.333,0.0,-0.128,0.301,0
46,56,0,9,0.936,0.579,0.825,0.5,0.427,0.06,0
47,52,0,12,0.896,0.524,1.055,0.25,0.375,-0.051,0
48,57,0,3,0.864,0.596,0.659,0.25,0.296,0.038,0
49,59,1,10,1.032,0.655,0.697,0.75,0.367,0.252,0
50,80,1,10,0.932,0.482,0.939,0.0,0.51,0.14,0
51,70,0,6,0.7,0.487,0.578,0.0,0.144,-0.12,0
52,62,0,11,0.891,0.649,0.998,1.0,0.551,0.332,0
53,63,0,4,0.868,0.557,0.651,0.0,-0.005,0.186,0
54,49,0,8,0.985,0.485,0.946,0.0,0.409,0.262,0
55,56,1,7,0.834,0.769,0.431,0.0,-0.137,0.229,0
56,60,0,8,0.844,0.564,0.662,0.0,0.115,-0.018,0
57,44,0,5,0.826,0.571,0.812,0.0,0.051,0.071,0
58,74,1,4,0.795,0.439,0.628,1.0,0.21,0.054,0
59,48,0,4,0.622,0.48,0.176,0.0,-0.33,-0.017,0
60,55,1,10,0.959,0.66,0.657,0.0,0.206,0.183,0
61,65,0,4,1.031,0.632,0.687,0.0,0.49,0.309,0
62,52,1,8,0.905,0.627,0.833,1.0,0.134,0.114,0
63,83,0,7,0.759,0.707,0.896,0.0,0.442,0.121,1
64,83,0,9,0.7,0.554,0.74,0.0,0.313,-0.049,0
65,30,0,7,1.056,0.567,0.673,0.0,0.154,0.296,0
66,41,0,7,0.855,0.612,0.803,0.0,0.403,0.217,0
67,61,1,8,0.944,0.595,0.828,0.75,0.261,-0.001,0
68,46,1,6,0.647,0.589,0.85,0.5,-0.118,-0.159,0
69,51,0,5,0.611,0.758,0.569,0.0,0.085,-0.202,0
70,30,0,7,0.808,0.527,0.771,0.25,0.459,-0.005,0
71,75,1,12,0.874,0.594,0.835,0.0,0.441,-0.02,0
72,79,1,11,0.884,0.464,0.878,0.25,0.432,0.162,0
73,72,1,11,0.78,0.484,0.688,0.25,0.199,0.028,0
74,52,1,9,1.086,0.561,0.883,0.25,0.448,0.472,0
75,65,0,3,0.736,0.582,0.404,0.0,0.038,0.079,0
76,80,0,10,1.129,0.574,0.93,0.25,0.533,0.234,0
77,70,0,6,0.932,0.511,0.48,0.0,-0.064,0.143,0
78,62,0,3,0.908,0.615,0.636,0.0,0.083,0.208,0
79,77,1,11,1.166,0.736,1.251,0.0,1.092,0.29,0
80,31,0,3,0.879,0.505,0.463,0.5,0.009,0.179,0
81,36,1,8,0.921,0.466,0.72,1.0,0.11,0.112,0
82,77,1,7,0.93,0.68,0.724,0.0,0.078,0.229,0
83,48,1,4,0.792,0.782,0.24,0.0,-0.329,0.0,0
84,51,1,7,1.097,0.563,0.969,1.0,0.629,0.52,0
85,66,0,5,0.868,0.71,0.321,0.25,-0.248,0.025,0
86,76,0,6,1.056,0.558,0.818,0.0,0.183,0.183,1
87,80,1,9,0.809,0.616,0.748,0.25,0.254,-0.027,0
88,39,1,5,0.891,0.652,0.587,0.5,0.226,0.128,0
89,71,1,3,0.932,0.663,0.446,0.25,-0.1,0.276,0
90,55,1,11,1.102,0.428,0.628,0.25,0.237,0.393,0
91,49,0,4,0.736,0.565,0.259,1.0,-0.224,-0.032,0
92,81,1,9,1.087,0.618,0.959,0.0,0.416,0.296,0
93,32,0,12,0.766,0.535,1.041,0.0,0.528,-0.083,0
94,48,0,8,0.907,0.529,0.608,0.75,0.102,0.149,0
95,60,1,7,0.965,0.571,0.699,0.0,0.117,0.08,0
96,45,0,6,0.807,0.594,0.636,0.25,-0.031,0.165,0
97,42,1,9,0.982,0.781,0.778,1.0,0.278,0.056,0
98,67,0,11,0.836,0.58,0.866,0.0,0.217,0.046,0
99,61,1,11,0.889,0.473,0.944,0.5,0.302,0.109,0
100,76,1,5,0.829,0.748,0.546,0.5,0.133,0.028,1
101,35,1,10,0.984,0.508,0.667,0.0,0.325,0.02,0
102,30,1,3,0.834,0.51,0.478,0.0,0.059,-0.059,0
103,34,0,8,1.24,0.546,0.643,0.0,0.382,0.393,0
104,75,1,10,0.865,0.578,0.624,0.5,-0.076,0.118,0
105,31,0,8,1.039,0.642,0.763,0.0,0.143,0.378,0
106,80,1,6,0.735,0.788,0.81,0.0,0.563,-0.092,0
107,71,0,11,0.979,0.631,0.846,0.0,0.376,0.098,0
108,37,0,7,0.796,0.636,0.612,0.0,0.275,-0.093,0
109,51,1,12,0.902,0.7,0.963,0.0,0.522,0.097,0
110,81,0,8,0.883,0.545,0.828,0.5,0.642,0.273,0
111,68,0,9,0.951,0.46,0.918,0.0,0.296,0.079,0
112,66,0,6,0.915,0.593,0.876,0.0,0.341,0.153,0
113,34,1,6,0.826,0.614,0.495,0.5,0.125,0.03,0
114,54,1,9,0.947,0.517,0.724,0.0,0.074,0.12,0
115,60,1,12,0.94,0.493,0.851,1.0,0.473,0.382,1
116,50,0,11,0.76,0.5,1.062,0.0,0.734,0.043,0
117,83,0,6,0.974,0.551,0.471,0.0,-0.033,0.292,0
118,63,1,12,1.052,0.654,1.214,0.25,0.697,0.221,0
119,49,1,6,0.7,0.594,0.726,0.25,0.144,0.131,0
120,54,1,3,0.725,0.442,0.626,1.0,-0.074,-0.162,0
121,48,0,9,1.019,0.562,0.798,1.0,0.007,0.387,0
122,83,1,4,0.729,0.642,0.693,1.0,0.47,0.014,1
123,56,0,3,0.771,0.67,0.588,0.25,0.092,0.156,0
124,55,1,11,1.093,0.601,0.957,0.0,0.38,0.374,0
125,77,0,6,1.099,0.675,0.64,0.25,-0.185,0.417,0
126,33,0,12,1.057,0.614,0.938,0.5,0.346,0.412,0
127,53,1,8,0.806,0.606,0.746,1.0,0.331,0.134,0
128,79,0,9,0.885,0.7,1.036,0.25,0.574,0.229,0
129,73,1,10,1.093,0.581,0.521,0.0,0.014,0.201,0
130,54,0,4,0.728,0.585,0.284,0.0,-0.131,0.021,0
131,80,0,3,0.767,0.495,0.228,0.5,-0.282,0.056,0
132,77,1,5,0.911,0.703,0.479,1.0,-0.197,0.062,1
133,64,1,12,1.015,0.563,0.889,0.0,0.532,0.266,0
134,31,1,7,1.062,0.6,0.719,0.0,0.05,0.219,0
135,31,0,12,0.856,0.573,0.824,0.0,0.075,0.214,0
136,77,0,9,0.955,0.624,0.763,0.5,0.432,0.05,0
137,74,0,7,0.972,0.577,0.7,0.5,0.116,0.16,1
138,40,1,12,1.017,0.572,0.687,0.25,0.253,0.144,0
139,32,0,3,0.944,0.628,0.127,0.0,-0.271,0.298,0
140,57,0,10,0.911,0.438,0.831,0.0,0.158,-0.187,0
141,48,0,9,0.879,0.532,0.766,0.0,0.458,0.171,0
142,43,0,3,0.676,0.638,0.64,1.0,-0.132,-0.122,0
143,36,0,12,0.7,0.393,0.773,0.0,0.375,-0.012,0
144,78,1,10,0.944,0.676,0.7,0.75,0.11,0.202,0
145,60,1,9,0.817,0.588,0.661,0.0,0.406,0.068,0
146,68,0,8,0.877,0.675,0.814,0.0,0.457,-0.12,0
147,71,1,3,0.957,0.561,0.464,0.0,0.217,0.302,0
148,75,1,12,0.972,0.475,0.778,0.25,0.619,0.243,0
149,79,0,12,1.156,0.529,0.961,0.0,0.57,0.396,0
150,72,0,7,0.864,0.672,0.46,0.0,-0.051,0.074,0
151,49,1,11,0.811,0.537,1.135,0.0,0.68,0.304,0
152,79,0,12,0.973,0.401,0.833,0.0,0.124,0.302,0
153,63,0,3,0.636,0.549,0.74,0.0,0.252,-0.326,0
154,44,1,8,0.806,0.613,0.571,0.25,-0.012,-0.028,0
155,70,0,7,1.01,0.577,1.056,1.0,0.462,0.264,0
156,33,0,8,0.845,0.498,0.396,0.0,0.057,0.246,0
157,59,1,9,0.931,0.579,0.717,1.0,0.145,0.044,0
158,32,1,11,0.881,0.549,0.971,0.0,0.32,0.076,0
159,81,0,8,0.942,0.718,0.761,0.5,0.092,0.13,0
160,44,0,11,1.106,0.486,0.685,0.0,0.147,0.191,0
161,76,1,8,1.019,0.608,0.8,0.0,0.287,0.35,0
162,63,0,8,0.783,0.594,0.559,0.25,0.105,0.018,0
163,43,1,11,0.891,0.64,0.893,0.0,0.567,0.095,0
164,78,1,5,0.872,0.482,0.604,0.0,0.162,0.115,0
165,40,0,7,0.672,0.657,0.677,0.0,-0.023,-0.207,0
166,69,1,3,0.686,0.713,0.641,0.0,0.182,-0.013,0
167,56,1,12,0.969,0.483,0.872,0.5,0.284,0.341,0
168,34,1,3,0.926,0.645,0.729,0.25,0.337,0.334,0
169,64,0,4,0.586,0.605,0.567,0.0,-0.215,-0.183,0
170,40,0,4,0.515,0.58,0.667,0.0,0.415,-0.315,0
171,59,0,11,0.748,0.43,0.832,0.75,0.522,-0.022,0
172,65,0,5,0.928,0.536,0.547,0.0,0.217,0.132,0
173,81,1,3,0.799,0.611,0.664,0.0,0.266,-0.13,0
174,46,0,3,0.873,0.717,0.55,1.0,0.054,-0.001,0
175,49,0,11,1.138,0.652,0.884,0.0,0.269,0.353,0
176,59,1,11,1.319,0.48,0.901,0.25,-0.063,0.317,0
177,61,0,9,0.955,0.63,0.732,0.0,0.223,0.122,0
178,63,1,7,0.999,0.548,0.678,0.0,0.345,0.359,0
179,83,1,7,0.7,0.612,0.804,0.0,0.518,0.106,0
180,57,1,10,0.672,0.556,0.738,0.0,0.304,0.104,0
181,71,0,3,0.925,0.604,0.266,0.0,-0.011,0.258,0
182,43,1,4,1.07,0.7,0.487,0.5,-0.256,0.368,0
183,82,0,4,0.781,0.571,0.923,0.0,0.833,-0.109,0
184,56,0,8,0.952,0.569,1.071,0.5,0.466,0.202,0
185,44,0,8,0.958,0.683,0.705,0.25,0.271,0.211,0
186,40,1,5,0.7,0.546,0.68,0.0,0.398,-0.209,0
187,72,0,10,0.92,0.62,0.905,0.0,0.429,0.168,0
188,77,0,12,0.936,0.558,0.65,0.0,0.134,0.026,0
189,61,0,10,0.887,0.723,0.931,0.0,0.228,-0.018,0
190,68,0,10,0.723,0.636,0.703,0.25,0.116,-0.03,0
191,84,1,8,1.033,0.614,1.024,0.0,0.616,0.203,0
192,62,1,12,0.923,0.586,0.978,0.0,0.423,0.186,0
193,47,1,8,0.749,0.595,0.449,0.25,-0.275,-0.144,0
194,69,0,10,0.821,0.586,1.13,0.0,0.831,0.12,0
195,69,1,6,0.936,0.625,0.813,0.75,0.486,-0.086,0
196,73,1,7,0.731,0.534,0.789,1.0,0.27,-0.072,1
197,47,1,10,0.923,0.611,0.7,0.0,0.371,0.148,0
198,70,0,9,1.223,0.636,0.485,0.0,0.022,0.584,0
199,42,1,11,0.94,0.528,0.715,0.25,0.694,0.019,0
200,67,1,3,0.932,0.599,0.675,0.0,0.221,0.337,0
201,39,1,8,0.913,0.591,0.865,1.0,0.371,0.076,0
202,68,0,4,0.763,0.484,0.509,0.0,-0.053,-0.131,0
203,40,0,9,0.855,0.523,1.041,0.25,0.752,-0.009,0
204,30,1,10,0.66,0.544,0.56,0.25,-0.048,-0.359,0
205,48,0,6,0.896,0.515,0.722,0.5,0.264,0.187,0
206,70,1,9,0.867,0.644,0.742,0.25,-0.013,0.159,0
207,56,0,9,0.958,0.632,0.741,0.0,0.193,0.268,0
208,49,0,7,0.969,0.7,0.614,1.0,-0.013,0.129,0
209,63,0,8,0.863,0.663,0.675,0.25,0.448,0.152,0
210,64,1,9,0.835,0.512,0.706,0.0,0.531,0.065,0
211,42,1,3,0.67,0.571,0.496,0.0,0.15,-0.061,0
212,62,1,6,0.972,0.654,0.295,0.0,-0.323,0.216,0
213,43,1,8,0.76,0.617,0.82,0.0,0.243,-0.066,0
214,50,0,4,0.725,0.639,0.382,0.0,0.132,-0.106,0
215,72,0,8,0.833,0.519,0.779,0.5,0.313,0.033,1
216,39,1,9,0.84,0.574,0.801,0.75,0.404,0.398,0
217,79,1,10,0.881,0.611,0.884,0.0,0.527,0.033,1
218,39,1,8,0.796,0.656,0.489,0.0,0.258,0.247,0
219,58,0,4,0.853,0.483,0.659,0.25,0.366,-0.179,0
220,41,0,10,0.987,0.401,1.113,1.0,0.807,0.202,0
221,72,1,8,0.896,0.537,0.6,0.0,0.522,0.101,1
222,43,1,5,0.912,0.731,0.248,0.0,0.117,0.123,0
223,69,0,8,0.973,0.446,0.324,0.5,-0.193,0.187,0
224,44,0,10,0.831,0.584,0.936,0.25,0.678,0.193,0
225,40,1,10,1.106,0.613,0.542,0.0,-0.263,0.328,0
226,60,1,11,1.018,0.671,1.124,0.75,0.539,0.363,0
227,77,1,8,0.967,0.616,0.865,0.5,0.398,0.287,0
228,80,0,10,1.118,0.598,0.724,0.0,0.142,0.318,0
229,52,0,8,1.002,0.483,0.546,0.0,-0.154,0.26,0
230,42,0,8,0.951,0.751,1.163,0.0,0.889,0.042,0
231,69,1,11,0.941,0.69,1.077,0.75,0.656,0.307,0
232,74,0,5,0.768,0.709,0.845,0.0,0.617,-0.031,0
233,50,0,3,0.72,0.523,0.628,0.25,0.391,0.077,0
234,79,0,3,0.904,0.704,0.44,0.0,0.55,0.256,0
235,76,0,11,0.929,0.645,0.867,0.0,0.475,0.022,0
236,32,0,11,0.99,0.593,0.647,0.0,-0.264,0.106,0
237,65,0,9,0.755,0.64,0.924,0.0,0.7,0.043,0
238,43,0,12,1.071,0.563,0.684,1.0,0.286,0.284,0
239,61,1,8,0.723,0.582,0.825,0.0,0.508,0.127,0
240,43,0,4,0.764,0.647,0.658,0.5,0.137,-0.156,0
241,56,1,11,0.7,0.581,0.992,0.0,0.451,-0.002,0
242,60,1,10,0.978,0.663,0.682,1.0,0.248,0.279,0
243,60,0,4,0.848,0.636,0.446,0.0,-0.079,0.344,0
244,41,1,3,0.827,0.491,0.423,0.0,0.173,0.213,0
245,57,1,5,0.942,0.512,0.373,0.25,-0.45,0.026,0
246,48,0,10,0.907,0.531,0.768,0.75,0.257,0.177,0
247,35,0,10,0.889,0.334,0.955,0.25,0.429,0.155,0
248,84,1,5,0.753,0.457,0.607,0.0,0.356,0.066,0
249,80,0,4,1.01,0.67,1.032,0.25,0.731,0.292,0
250,55,1,4,0.839,0.61,0.527,0.0,0.171,-0.004,0
251,57,1,6,0.74,0.644,0.6,0.0,0.051,0.002,0
252,60,1,3,0.737,0.662,0.674,0.5,0.23,-0.174,0
253,39,1,6,0.782,0.633,0.698,0.5,0.194,0.06,0
254,32,1,10,0.788,0.7,1.093,0.25,0.94,0.285,0
255,69,1,7,0.616,0.528,0.668,0.0,0.213,-0.177,0
256,65,0,9,0.937,0.568,0.765,0.75,0.065,-0.023,0
257,58,0,7,1.057,0.643,0.809,0.0,0.543,0.185,0
258,54,1,10,0.7,0.531,0.856,0.25,0.22,-0.232,0
259,72,0,10,1.07,0.538,0.587,0.0,-0.175,0.349,0
260,41,1,10,0.858,0.521,0.592,0.0,0.094,-0.199,0
261,50,0,6,0.799,0.559,0.593,0.5,0.15,-0.091,0
262,41,1,7,0.914,0.602,0.697,0.5,0.36,0.237,0
263,80,0,6,0.83,0.578,0.661,0.25,0.341,0.186,0
264,83,0,4,0.932,0.594,0.695,0.25,0.222,0.163,0
265,80,0,9,1.032,0.605,0.703,0.0,0.207,0.263,0
266,48,1,5,0.802,0.775,0.471,1.0,-0.148,-0.123,0
267,32,0,10,1.185,0.453,0.896,0.0,0.527,0.424,0
268,77,1,3,0.733,0.457,0.664,0.0,0.047,-0.05,0
269,67,1,10,0.992,0.524,0.766,0.25,0.169,0.293,1
270,73,0,4,0.554,0.491,0.722,0.5,0.005,-0.223,0
271,50,1,12,0.837,0.627,0.859,0.25,0.623,0.114,0
272,70,1,3,0.7,0.671,0.705,0.5,0.141,-0.339,0
273,82,1,11,1.095,0.581,0.944,0.0,0.431,0.199,0
274,54,1,6,0.7,0.52,0.819,0.5,0.453,-0.038,0
275,52,0,3,0.807,0.734,0.526,1.0,0.356,0.007,0
276,32,0,7,0.926,0.651,0.565,0.75,0.175,0.298,0
277,61,0,6,0.921,0.496,0.424,0.0,0.09,0.162,0
278,35,0,5,0.686,0.671,0.239,0.0,-0.217,0.162,0
279,37,1,3,0.73,0.649,0.845,0.0,0.488,0.045,0
280,77,1,7,0.971,0.595,0.535,0.5,-0.036,0.235,0
281,38,1,9,0.828,0.468,0.971,0.75,0.419,0.225,0
282,54,0,3,0.84,0.582,0.535,0.25,0.094,0.13,0
283,30,1,3,0.862,0.532,0.488,0.25,-0.254,0.09,0
284,62,0,5,0.812,0.496,0.582,0.0,-0.228,-0.043,0
285,77,1,7,0.975,0.445,0.619,0.0,0.452,0.227,0
286,82,0,11,1.039,0.535,0.518,0.25,0.122,0.383,0
287,37,1,11,0.89,0.476,0.916,0.0,0.14,0.004,0
288,76,1,11,1.008,0.501,1.261,0.5,0.608,0.298,1
289,75,0,11,0.711,0.529,1.002,0.25,0.535,-0.053,0
290,51,1,7,1.013,0.727,0.953,0.0,0.554,0.225,0
291,37,1,12,0.913,0.649,1.025,0.0,0.554,0.022,0
292,47,1,11,0.733,0.643,0.777,0.0,0.267,-0.223,0
293,33,0,12,0.848,0.59,1.13,0.0,0.995,-0.056,0
294,46,1,10,0.648,0.611,0.669,0.0,0.319,-0.023,0
295,63,0,9,1.003,0.563,0.744,0.25,0.111,0.073,0
296,65,0,5,0.7,0.429,0.72,0.0,0.281,0.159,0
297,39,1,9,1.0,0.45,0.934,0.0,0.368,0.28,0
298,61,0,5,0.811,0.691,0.68,0.5,0.282,0.072,0
299,61,0,4,0.901,0.608,0.326,0.0,-0.079,0.289,0
300,67,1,9,0.874,0.59,0.832,1.0,0.321,-0.131,1
301,61,1,4,0.559,0.587,0.587,0.0,-0.064,-0.096,0
302,70,0,7,0.899,0.653,0.486,0.75,0.091,0.319,0
303,71,1,6,0.808,0.634,0.767,0.0,0.092,0.019,0
304,52,1,6,0.652,0.407,0.917,0.0,0.391,-0.213,0
305,75,0,10,0.993,0.619,0.883,1.0,0.246,0.2,0
306,51,0,10,1.091,0.613,0.73,0.0,0.004,0.317,0
307,63,1,6,0.88,0.536,0.659,0.0,0.076,0.277,0
308,77,1,11,1.198,0.493,0.926,0.0,0.524,0.604,0
309,82,0,8,1.227,0.513,0.551,0.0,0.198,0.474,0
310,66,1,9,0.799,0.783,0.838,0.5,0.383,0.091,1
311,42,1,5,0.699,0.644,0.236,0.0,-0.014,-0.038,0
312,45,0,3,0.715,0.628,0.518,0.0,0.342,-0.065,0
313,76,1,4,0.621,0.666,0.728,0.25,0.471,-0.071,0
314,75,1,12,1.187,0.615,0.56,0.5,0.391,0.421,0
315,50,0,8,0.822,0.529,1.117,0.75,0.637,0.365,0
316,53,1,4,0.702,0.645,0.659,0.75,-0.02,-0.121,0
317,60,1,7,1.0,0.585,1.416,0.0,0.795,0.027,0
318,38,0,4,0.882,0.501,0.534,0.5,-0.252,0.355,0
319,48,0,5,0.909,0.277,0.572,0.25,0.094,0.107,0
320,58,1,11,0.826,0.55,0.77,0.0,0.092,-0.073,0
321,52,1,7,0.853,0.685,0.651,0.0,0.243,0.177,0
322,69,1,10,0.863,0.509,0.8,0.75,0.382,0.194,0
323,33,0,6,0.899,0.404,0.702,0.75,0.052,0.024,0
324,62,0,10,0.843,0.482,0.473,0.0,0.21,0.254,0
325,44,1,10,0.915,0.6,1.035,0.5,0.62,0.285,0
326,62,1,12,1.046,0.608,0.873,0.5,0.567,0.373,0
327,38,1,9,1.055,0.517,0.937,1.0,0.543,0.262,0
328,50,1,5,0.677,0.562,0.663,0.75,0.344,-0.204,0
329,44,1,8,0.782,0.591,0.589,0.5,0.004,0.098,0
330,81,1,11,0.665,0.653,0.78,0.75,0.526,-0.233,0
331,57,1,4,0.938,0.621,0.486,0.75,0.195,0.044,0
332,81,0,6,0.888,0.613,0.551,0.5,0.116,0.382,0
333,60,0,12,1.065,0.482,0.773,0.0,0.435,0.437,0
334,38,0,10,0.7,0.467,0.814,0.0,0.635,-0.093,0
335,56,0,12,0.841,0.628,0.815,0.0,0.534,0.128,0
336,44,0,10,1.011,0.582,0.915,0.0,0.315,0.268,0
337,54,1,9,0.653,0.698,0.796,1.0,0.011,0.001,0
338,81,1,11,1.079,0.473,0.632,0.0,0.251,0.189,0
339,74,0,4,0.839,0.514,0.463,0.5,0.031,0.075,0
340,60,0,5,0.816,0.521,0.696,0.0,0.251,0.168,0
341,75,1,10,0.919,0.664,0.67,0.75,0.045,0.18,0
342,67,1,6,0.956,0.516,0.617,0.5,-0.216,0.078,0
343,38,0,3,0.723,0.56,0.479,1.0,-0.23,0.075,0
344,39,0,5,0.755,0.733,0.745,0.25,0.497,-0.022,0
345,71,0,6,0.983,0.627,0.23,0.75,-0.2,0.163,0
346,41,1,4,0.832,0.671,0.233,0.25,-0.099,0.112,0
347,67,0,7,0.794,0.702,0.636,1.0,0.059,0.075,0
348,69,1,6,0.802,0.562,0.858,0.0,0.007,-0.047,0
349,63,0,7,0.828,0.559,0.459,0.0,-0.075,0.048,0
350,66,0,4,0.865,0.547,0.482,0.75,0.074,-0.014,0
351,33,0,5,0.967,0.75,0.522,0.0,0.003,0.179,0
352,61,0,10,1.079,0.448,0.967,0.0,0.29,0.297,0
353,68,0,11,0.843,0.449,0.742,0.0,0.266,0.188,0
354,55,1,9,0.953,0.674,0.786,0.5,0.187,0.261,0
355,56,1,5,0.663,0.497,0.471,0.0,-0.072,-0.067,0
356,66,1,9,0.885,0.68,0.641,0.0,0.426,0.287,0
357,32,0,7,0.732,0.563,0.871,0.5,0.629,0.101,0
358,61,0,7,0.893,0.423,1.215,0.5,1.002,0.239,0
359,39,1,3,0.731,0.614,0.655,1.0,0.365,0.132,0
360,63,0,6,0.998,0.468,0.594,0.5,0.125,0.217,0
361,60,1,5,0.731,0.648,0.623,0.25,-0.052,-0.146,0
362,78,1,5,0.571,0.622,0.509,0.0,0.18,-0.13,1
363,75,0,6,0.911,0.616,0.605,0.0,-0.086,0.095,0
364,36,0,8,1.103,0.554,1.074,0.0,0.484,0.601,0
365,70,0,9,1.001,0.544,1.035,0.0,0.543,0.096,0
366,53,1,7,0.978,0.611,0.836,0.25,0.58,0.288,0
367,80,1,6,0.887,0.515,0.666,0.75,0.213,0.158,0
368,40,0,9,1.005,0.388,0.688,0.25,0.431,-0.037,0
369,52,1,4,0.827,0.7,0.835,0.0,0.539,-0.103,0
370,74,1,3,0.855,0.628,0.604,0.0,0.026,0.149,0
371,44,0,4,0.788,0.494,0.443,0.0,0.016,0.138,0
372,66,0,12,1.06,0.647,0.834,0.0,0.276,0.397,0
373,81,1,9,0.816,0.423,0.918,0.0,0.111,0.105,0
374,33,0,12,0.867,0.499,0.7,0.75,0.0,0.195,0
375,80,0,7,0.787,0.692,0.619,0.75,0.225,-0.008,0
376,62,0,3,0.771,0.564,0.455,1.0,0.108,0.171,0
377,83,0,5,0.801,0.666,0.544,0.5,0.009,-0.168,0
378,61,1,4,0.974,0.564,0.768,0.25,0.436,0.34,0
379,76,1,8,0.954,0.531,0.837,0.0,0.892,0.234,0
380,44,1,9,0.894,0.587,0.751,0.0,0.193,0.145,0
381,37,0,3,0.825,0.684,0.589,0.5,-0.061,0.152,0
382,77,0,9,0.966,0.598,0.62,0.0,0.17,0.221,0
383,61,0,9,0.947,0.482,0.819,0.0,0.899,0.121,0
384,70,0,8,0.878,0.632,0.473,0.0,0.184,0.065,0
385,36,1,4,0.852,0.621,0.502,0.5,-0.019,0.028,0
386,38,0,4,0.768,0.38,0.406,0.0,-0.294,-0.131,0
387,78,1,9,0.852,0.521,0.662,0.0,-0.018,0.166,0
388,36,0,10,0.995,0.393,0.748,1.0,0.048,0.223,0
389,56,1,5,0.7,0.492,0.725,0.75,0.346,0.123,0
390,47,1,12,1.087,0.556,1.21,0.0,0.738,0.185,0
391,70,0,3,0.84,0.685,0.745,0.75,0.18,-0.144,0
392,58,1,10,1.086,0.643,0.853,0.25,0.412,0.184,0
393,49,1,5,0.706,0.605,0.435,0.25,-0.041,0.047,0
394,68,1,4,0.57,0.695,0.839,0.25,0.052,-0.235,0
395,39,0,12,1.077,0.558,1.082,0.0,0.666,0.31,0
396,70,1,5,0.94,0.728,0.632,1.0,0.215,0.413,0
397,77,1,6,0.804,0.457,0.761,0.0,0.167,0.179,0
398,80,1,10,0.831,0.693,0.914,1.0,0.579,0.203,0
399,81,1,10,1.003,0.49,1.031,1.0,0.514,-0.035,0
400,80,1,11,1.022,0.519,1.067,0.0,0.474,0.363,0
401,60,1,10,0.938,0.437,0.874,0.0,0.388,0.21,0
402,38,1,12,0.7,0.641,0.96,0.0,0.4,-0.019,0
403,45,1,3,0.819,0.604,0.752,0.0,0.74,-0.191,0
404,57,0,7,0.7,0.626,0.543,0.5,0.105,-0.055,0
405,53,1,6,0.954,0.508,0.742,0.5,0.426,0.061,0
406,51,0,7,0.619,0.565,0.7,1.0,0.072,-0.061,0
407,84,0,4,0.823,0.587,0.577,0.0,0.303,-0.056,0
408,57,1,5,0.802,0.569,0.473,1.0,-0.3,0.038,0
409,52,0,4,0.778,0.572,0.436,0.25,-0.276,0.169,0
410,75,0,8,0.963,0.501,0.75,0.0,0.287,0.223,1
411,71,1,5,0.873,0.739,0.597,0.0,-0.074,0.129,1
412,58,0,3,0.913,0.593,0.505,1.0,-0.04,0.178,0
413,84,0,8,0.964,0.516,0.978,0.0,0.319,0.254,0
414,84,1,5,0.793,0.509,0.4,0.0,0.001,0.087,0
415,71,0,10,1.013,0.616,0.698,0.5,0.1,0.278,0
416,70,1,9,0.942,0.647,0.56,0.0,0.063,0.215,0
417,70,0,4,0.941,0.625,0.386,0.0,-0.066,0.137,0
418,70,1,9,1.056,0.667,0.89,0.0,0.249,0.234,0
419,58,1,11,0.875,0.414,0.722,0.25,0.349,0.418,0
420,31,1,7,0.772,0.597,0.792,0.5,0.103,0.088,0
421,33,0,7,0.878,0.44,0.871,0.0,0.535,0.182,0
422,45,0,8,0.765,0.615,0.887,0.0,0.505,0.056,0
423,39,0,8,0.774,0.597,0.776,0.5,0.219,0.225,0
424,73,0,12,1.043,0.6,1.175,0.25,0.623,0.513,0
425,83,1,6,0.884,0.628,0.97,0.25,0.451,0.168,0
426,82,0,7,0.773,0.802,1.015,0.75,0.399,-0.027,0
427,67,0,5,0.742,0.627,0.778,0.0,0.472,-0.187,0
428,36,0,3,0.825,0.597,0.52,0.0,0.049,0.198,0
429,40,0,7,0.921,0.576,0.906,0.0,0.355,0.098,0
430,40,0,4,0.693,0.495,0.83,0.5,0.328,0.035,0
431,37,0,4,0.704,0.618,0.396,0.25,-0.024,-0.081,0
432,38,1,12,0.99,0.7,0.936,0.5,0.486,0.165,0
433,32,1,6,0.777,0.738,0.507,0.25,0.135,0.137,0
434,84,0,10,0.824,0.463,1.119,0.0,0.451,-0.054,0
435,72,1,5,0.929,0.533,0.702,0.0,0.113,0.155,0
436,66,0,11,0.797,0.569,0.878,0.25,0.352,0.097,0
437,43,1,4,0.754,0.596,0.7,0.25,0.078,0.062,0
438,62,1,10,1.031,0.515,0.91,0.25,0.453,0.401,0
439,49,1,7,0.942,0.539,0.676,0.0,0.117,0.234,0
440,80,0,5,0.7,0.729,0.142,0.0,-0.471,0.032,0
441,54,0,11,1.007,0.534,0.887,0.5,0.219,0.3,0
442,68,1,11,0.926,0.547,0.611,1.0,0.281,0.063,1
443,79,1,9,0.789,0.541,0.704,0.25,0.09,-0.005,0
444,37,0,11,0.804,0.43,0.679,0.5,0.015,-0.144,0
445,40,1,11,1.145,0.507,0.886,0.5,0.783,0.445,0
446,79,0,11,0.847,0.588,0.876,0.5,0.22,-0.126,0
447,55,1,10,0.702,0.47,0.965,0.0,1.054,0.135,0
448,54,0,10,1.048,0.562,0.871,0.75,0.267,0.289,0
449,58,0,5,0.873,0.639,0.697,0.25,0.385,-0.055,0
450,69,0,9,0.981,0.558,0.858,0.25,0.233,0.129,0
451,54,0,6,0.86,0.528,0.67,0.0,0.206,0.176,0
452,57,1,4,0.739,0.561,0.775,0.0,0.129,0.057,0
453,34,0,6,0.879,0.502,0.478,1.0,-0.018,0.05,0
454,57,1,12,0.778,0.7,0.991,1.0,0.716,-0.043,0
455,37,0,5,0.854,0.547,0.859,0.0,0.57,0.067,0
456,65,0,5,0.87,0.588,0.401,1.0,-0.037,-0.047,0
457,58,1,9,0.781,0.538,0.951,1.0,0.254,0.013,0
458,81,0,10,0.94,0.585,0.785,0.5,-0.067,0.451,0
459,73,0,7,0.979,0.649,0.866,0.0,0.642,0.133,0
460,36,0,11,0.918,0.554,0.842,0.0,0.344,0.008,0
461,43,1,7,0.936,0.486,0.988,0.0,0.99,0.225,0
462,47,1,8,0.939,0.524,0.644,1.0,0.197,0.345,0
463,64,0,3,0.92,0.487,0.246,0.0,-0.333,0.336,0
464,66,0,12,1.21,0.566,0.924,0.5,0.429,0.432,0
465,78,0,4,0.76,0.61,0.891,0.0,0.715,-0.08,0
466,81,1,3,0.944,0.667,0.717,0.0,0.336,0.172,0
467,53,1,7,1.025,0.588,0.602,0.0,-0.053,0.456,0
468,46,0,12,0.984,0.738,1.082,0.0,0.6,0.155,0
469,71,1,4,0.926,0.491,0.702,0.25,0.213,0.126,1
470,46,1,12,1.025,0.559,0.973,0.5,0.524,0.179,0
471,39,1,8,0.851,0.523,0.857,0.5,0.157,0.077,0
472,30,1,10,0.822,0.513,0.971,0.75,0.542,0.197,0
473,62,1,9,0.845,0.545,0.612,0.0,0.537,0.22,0
474,47,1,8,0.732,0.656,0.816,0.75,0.202,-0.031,0
475,69,1,4,0.775,0.624,0.549,0.0,0.1,0.017,0
476,48,1,11,1.083,0.46,1.041,0.0,0.355,0.234,0
477,71,0,9,0.85,0.52,0.546,0.0,0.026,-0.004,0
478,79,0,10,0.891,0.514,0.585,0.0,-0.088,0.286,0
479,60,0,3,0.771,0.587,0.604,0.0,-0.079,-0.178,0
480,59,1,10,0.724,0.494,0.847,0.75,0.492,0.211,0
481,41,0,8,1.025,0.57,0.558,0.75,0.179,0.346,0
482,62,1,4,0.888,0.504,0.753,0.0,0.065,0.111,0
483,34,1,8,1.095,0.479,0.45,0.0,-0.079,0.57,0
484,77,0,4,0.896,0.529,0.677,0.0,0.327,0.128,0
485,82,1,5,0.61,0.494,0.403,0.25,-0.162,-0.271,0
486,81,0,5,0.813,0.7,0.892,0.75,0.505,0.193,0
487,70,0,5,0.784,0.603,1.063,1.0,0.707,0.034,0
488,70,0,10,1.02,0.554,0.527,0.25,-0.173,0.367,0
489,54,0,3,0.917,0.589,0.384,1.0,-0.106,0.224,0
490,56,1,3,0.682,0.53,0.507,0.0,-0.193,-0.063,0
491,69,1,11,1.003,0.593,0.664,0.0,0.118,0.386,0
492,43,1,10,0.897,0.585,0.825,0.0,0.262,-0.053,0
493,63,1,7,0.792,0.628,1.069,0.25,0.47,0.221,0
494,62,0,5,0.777,0.562,0.723,1.0,0.314,0.077,0
495,68,1,9,0.721,0.579,0.964,0.0,0.849,-0.138,0
496,84,1,11,1.141,0.576,0.668,0.25,0.412,0.384,1
497,75,1,11,0.876,0.45,1.123,0.75,0.381,0.225,1
498,66,0,4,0.741,0.661,0.827,0.0,0.549,-0.152,0
499,76,1,3,0.915,0.647,0.758,0.5,-0.019,0.095,1
500,32,1,6,0.7,0.581,0.548,0.75,0.162,-0.174,0
501,58,1,6,0.807,0.676,0.468,0.25,-0.06,-0.025,0
502,30,0,8,0.829,0.618,0.795,0.0,0.141,0.064,0
503,51,0,5,0.662,0.578,0.533,0.0,0.147,-0.052,0
504,47,1,8,0.889,0.682,0.69,0.25,0.034,0.084,0
505,54,0,9,1.094,0.571,0.753,0.0,0.485,0.245,0
506,35,1,7,0.866,0.617,0.791,0.0,0.385,-0.06,0
507,51,0,8,1.08,0.726,0.673,0.0,0.277,0.336,0
508,42,1,4,0.615,0.608,0.658,0.5,0.073,-0.171,0
509,40,0,5,0.803,0.749,0.523,0.0,0.096,-0.023,0
510,33,1,7,0.953,0.498,0.628,0.25,-0.119,0.035,0
511,43,1,3,0.805,0.613,0.509,0.25,0.226,0.09,0
512,62,1,7,0.939,0.545,0.808,0.5,0.291,-0.118,0
513,77,1,11,1.052,0.682,1.005,0.0,0.71,0.02,0
514,72,1,7,0.757,0.412,0.509,0.5,-0.165,-0.073,1
515,71,0,12,0.856,0.519,0.886,0.0,0.26,0.062,0
516,74,1,4,0.927,0.6,0.41,1.0,-0.337,0.263,0
517,46,0,8,0.875,0.542,0.701,0.0,0.109,0.038,0
518,30,1,10,1.016,0.459,0.811,0.25,0.111,0.068,0
519,82,1,12,1.058,0.535,1.281,0.5,0.836,0.387,0
520,54,1,5,0.876,0.64,0.566,0.0,0.29,0.126,0
521,36,0,10,0.89,0.514,0.902,0.5,0.495,-0.006,0
522,51,1,6,0.936,0.695,0.729,0.5,0.026,-0.085,0
523,79,1,4,0.929,0.564,0.319,0.25,-0.086,0.292,0
524,45,0,12,1.059,0.48,1.053,0.0,0.426,0.208,0
525,61,1,7,0.752,0.642,0.864,0.75,0.49,-0.095,0
526,35,1,11,1.255,0.518,0.878,0.0,0.408,0.225,0
527,74,0,12,0.993,0.582,0.937,0.0,0.459,0.386,0
528,49,0,12,0.824,0.561,0.883,0.0,0.586,0.171,0
529,30,1,5,0.672,0.571,0.627,0.25,0.364,-0.163,0
530,72,0,4,0.882,0.526,0.339,0.25,-0.051,-0.105,0
531,38,0,11,1.045,0.618,0.7,0.0,0.023,0.4,0
532,43,0,9,0.848,0.613,0.94,0.5,0.255,0.17,0
533,65,1,7,0.708,0.549,0.837,0.25,0.351,0.018,0
534,75,1,11,0.793,0.52,1.172,0.0,0.715,0.03,0
535,60,1,8,1.105,0.622,0.449,0.5,0.141,0.336,0
536,64,0,9,0.96,0.653,0.223,0.5,0.021,0.315,0
537,82,1,5,0.984,0.556,0.439,0.0,-0.001,0.292,0
538,71,1,12,1.063,0.538,0.861,0.0,0.273,0.415,0
539,52,0,4,0.74,0.525,0.678,0.0,-0.074,-0.078,0
540,32,0,5,0.66,0.583,0.692,0.75,0.396,-0.117,0
541,76,0,4,0.742,0.624,0.758,0.5,0.202,-0.06,0
542,39,1,9,0.962,0.608,0.624,0.5,0.131,0.416,0
543,80,1,5,0.752,0.538,0.826,0.5,0.503,-0.134,0
544,31,1,3,0.723,0.44,0.391,1.0,-0.022,-0.088,0
545,53,1,8,0.795,0.593,0.74,0.0,0.063,0.133,0
546,51,1,7,0.71,0.568,0.704,0.25,0.184,-0.119,0
547,83,0,6,0.716,0.557,0.811,0.25,0.111,-0.087,0
548,50,1,10,1.148,0.614,0.715,0.0,0.279,0.334,0
549,63,1,5,0.726,0.707,0.589,1.0,0.022,-0.07,0
550,74,0,6,0.815,0.526,1.07,0.25,0.478,0.045,0
551,68,0,3,0.71,0.54,0.225,0.5,-0.165,-0.041,0
552,43,0,3,0.836,0.738,0.645,0.0,-0.055,-0.076,0
553,53,0,9,0.811,0.7,0.849,1.0,-0.029,-0.015,0
554,49,1,10,1.06,0.467,0.859,0.5,0.291,0.317,0
555,32,0,5,0.722,0.563,0.695,0.0,0.19,-0.054,0
556,71,1,7,0.828,0.581,0.883,0.0,0.387,0.009,0
557,60,0,3,0.717,0.566,0.605,0.0,0.102,0.148,0
558,84,1,6,0.792,0.626,0.764,0.5,0.396,0.035,1
559,73,0,3,0.615,0.616,0.692,0.25,-0.106,-0.032,0
560,51,1,5,0.922,0.654,0.464,0.5,-0.105,0.306,0
561,43,0,4,0.722,0.573,0.7,0.0,0.153,-0.052,0
562,67,1,12,0.875,0.461,0.671,0.25,0.149,0.223,0
563,54,1,10,1.041,0.573,0.48,0.75,-0.132,0.226,0
564,76,1,7,0.814,0.56,0.808,0.75,0.387,0.01,1
565,57,1,12,1.078,0.577,0.793,0.75,0.378,0.276,0
566,41,1,7,0.694,0.578,0.567,0.75,0.109,-0.09,0
567,48,0,12,1.008,0.526,0.923,0.0,0.658,0.308,0
568,64,1,7,1.053,0.527,0.997,1.0,0.304,0.464,0
569,74,1,8,0.884,0.683,0.716,0.0,0.206,0.264,0
570,44,0,10,0.795,0.615,1.006,0.5,0.57,-0.1,0
571,56,0,11,0.7,0.684,0.756,0.0,0.245,-0.027,0
572,76,0,6,1.101,0.625,0.496,0.0,0.058,0.337,1
573,50,1,7,0.874,0.534,0.548,0.25,-0.174,0.343,0
574,51,0,10,0.958,0.447,0.834,0.0,0.304,0.135,0
575,54,1,6,0.851,0.591,0.772,0.0,0.072,0.033,0
576,57,0,11,1.001,0.656,0.993,0.5,0.479,0.426,0
577,54,0,3,0.7,0.642,0.219,0.25,-0.386,-0.142,0
578,41,1,12,1.089,0.7,1.048,0.0,0.421,0.337,0
579,73,0,10,0.936,0.574,0.7,0.0,0.092,0.184,0
580,52,0,5,0.806,0.479,0.867,0.5,0.572,0.143,0
581,81,1,9,0.832,0.485,0.892,0.5,0.22,0.256,0
582,32,0,4,0.823,0.736,0.717,0.0,0.032,0.155,0
583,37,1,8,0.886,0.506,0.503,0.0,0.008,-0.102,0
584,56,1,7,0.942,0.532,0.818,0.0,0.682,0.172,0
585,65,0,5,1.046,0.52,0.985,1.0,0.495,0.364,0
586,62,0,10,0.677,0.57,0.663,1.0,0.417,-0.125,0
587,38,0,10,1.024,0.525,0.563,0.75,0.293,0.455,0
588,73,1,6,0.952,0.7,0.667,0.5,0.052,0.204,0
589,48,1,6,0.89,0.616,0.677,0.0,0.043,-0.046,0
590,78,0,12,0.937,0.484,1.007,1.0,0.846,0.27,0
591,40,1,7,0.822,0.542,0.271,0.0,-0.614,-0.017,0
592,55,1,9,0.811,0.62,0.704,0.5,0.154,0.085,0
593,82,0,5,0.941,0.612,0.918,1.0,0.198,0.369,1
594,38,0,3,0.706,0.484,0.596,1.0,0.056,0.152,0
595,58,0,9,0.852,0.53,0.77,0.0,0.495,0.103,0
596,45,0,10,0.993,0.5,0.758,0.0,0.252,0.359,0
597,39,0,5,0.57,0.548,0.532,0.0,0.286,-0.122,0
598,66,1,5,0.956,0.601,0.962,0.0,0.43,0.354,1
599,36,0,11,0.776,0.482,0.737,0.25,0.022,0.05,0
600,66,1,5,1.009,0.627,0.662,0.0,0.033,0.336,0
601,71,0,4,0.679,0.562,0.7,0.75,0.693,0.037,0
602,76,0,11,0.924,0.557,1.023,0.0,0.579,0.213,0
603,81,0,10,0.904,0.396,0.724,0.5,0.513,0.268,0
604,73,1,11,0.788,0.645,0.976,0.25,0.508,0.461,0
605,61,0,10,0.857,0.614,0.957,0.75,0.516,-0.003,0
606,80,1,12,0.916,0.552,0.934,0.0,0.429,0.086,0
607,51,0,4,0.8,0.685,0.331,0.0,-0.047,0.086,0
608,44,1,4,0.758,0.558,0.792,1.0,0.605,-0.068,0
609,84,0,8,0.757,0.463,0.488,0.25,0.198,0.067,0
610,31,0,5,0.818,0.713,0.59,0.5,-0.212,0.29,0
611,55,0,8,0.94,0.651,0.659,0.5,0.007,0.057,0
612,44,0,3,0.815,0.526,0.669,0.75,0.19,0.104,0
613,33,1,11,0.808,0.58,0.836,0.0,0.266,0.108,1
614,69,1,6,0.626,0.627,0.947,0.5,0.708,-0.242,0
615,34,0,10,0.997,0.458,0.868,0.75,0.467,0.323,0
616,57,1,10,0.917,0.595,0.81,0.0,0.62,0.377,0
617,48,0,4,0.782,0.732,1.108,1.0,0.724,0.09,0
618,77,1,11,0.726,0.697,0.646,0.5,0.17,-0.043,0
619,32,0,5,0.561,0.582,0.559,0.0,-0.122,-0.308,0
620,48,0,10,1.011,0.55,0.994,0.0,0.294,0.153,0
621,80,0,11,0.919,0.7,1.028,0.5,0.529,0.081,0
622,83,1,3,0.809,0.7,0.509,1.0,0.091,-0.094,0
623,30,1,12,0.946,0.637,0.9,0.75,0.504,0.266,0
624,57,1,6,0.737,0.523,0.608,0.75,-0.067,-0.128,0
625,48,1,12,1.037,0.446,0.805,0.25,0.684,0.043,0
626,56,1,7,0.951,0.643,0.608,0.75,0.322,0.21,0
627,51,1,12,1.008,0.621,0.689,0.5,0.076,0.19,0
628,71,0,10,0.87,0.713,0.645,0.0,0.256,0.268,0
629,48,0,7,0.942,0.481,0.923,0.75,0.484,-0.044,0
630,44,0,8,0.94,0.632,0.777,0.5,0.262,0.31,0
631,61,1,12,0.867,0.456,0.674,0.25,0.231,0.191,1
632,83,0,5,1.087,0.454,0.715,1.0,0.37,0.439,1
633,59,1,11,1.127,0.386,1.008,0.25,0.478,0.221,0
634,75,0,4,0.956,0.722,0.505,0.0,-0.135,0.204,0
635,61,1,4,0.707,0.592,0.518,0.75,0.037,-0.112,0
636,49,1,8,0.973,0.583,0.7,0.0,0.139,0.123,0
637,44,1,7,0.824,0.587,0.612,0.0,0.104,-0.037,0
638,84,1,11,1.054,0.7,0.789,0.75,0.138,0.263,0
639,64,0,6,0.926,0.594,0.786,0.25,0.117,-0.066,0
640,82,0,12,0.999,0.574,1.099,0.0,0.412,0.263,0
641,59,1,5,0.776,0.566,0.225,0.25,-0.281,-0.122,0
642,53,0,11,0.963,0.6,0.661,0.0,0.171,0.366,0
643,45,1,8,0.561,0.669,0.7,0.5,-0.155,-0.094,0
644,53,1,4,0.866,0.552,0.594,0.0,-0.001,0.182,0
645,84,1,11,0.747,0.513,0.72,1.0,0.701,0.048,1
646,69,1,8,0.923,0.605,0.648,0.25,0.092,0.391,0
647,34,0,6,0.776,0.58,0.696,0.0,0.231,0.096,0
648,82,0,11,1.014,0.552,0.985,0.0,0.549,0.181,1
649,35,0,11,1.011,0.595,0.915,0.0,0.352,0.503,0
650,76,0,9,0.732,0.7,0.816,0.0,0.388,0.047,0
651,64,0,9,0.984,0.653,0.948,0.0,0.616,0.144,0
652,51,1,9,0.683,0.546,0.841,0.0,0.611,-0.095,0
653,42,0,12,1.042,0.538,0.803,0.0,0.088,0.426,0
654,64,1,7,1.05,0.7,1.01,0.0,0.774,0.19,0
655,68,1,4,0.897,0.604,0.314,0.75,-0.113,0.079,0
656,42,1,7,0.778,0.575,0.512,0.0,-0.109,-0.145,0
657,40,1,8,0.842,0.606,1.105,0.0,0.515,0.015,0
658,84,0,7,0.817,0.513,0.639,0.25,0.009,-0.066,0
659,44,0,5,0.621,0.74,0.653,0.75,0.346,-0.27,0
660,33,1,7,0.957,0.569,0.936,0.0,0.44,0.22,0
661,47,0,6,0.793,0.641,1.0,0.5,0.531,0.135,0
662,81,0,7,1.005,0.654,0.741,0.5,0.419,0.321,1
663,49,0,8,0.949,0.564,0.648,1.0,0.311,0.07,0
664,65,0,3,0.702,0.619,0.365,0.75,0.202,-0.06,0
665,70,0,12,0.807,0.662,0.981,0.0,0.449,-0.026,0
666,33,1,10,0.882,0.582,0.914,0.5,0.541,0.182,0
667,34,0,10,0.994,0.662,0.765,0.5,0.477,0.222,0
668,70,1,4,0.897,0.695,0.641,0.25,0.199,0.274,0
669,56,1,7,0.907,0.559,0.438,0.25,-0.156,0.18,0
670,81,1,5,0.889,0.517,0.741,1.0,0.45,0.124,0
671,50,0,4,0.717,0.397,0.227,0.0,-0.473,-0.123,0
672,73,0,12,0.977,0.606,0.895,0.25,0.249,0.124,1
673,59,1,8,0.9,0.569,0.649,0.0,0.2,0.034,0
674,34,1,12,0.847,0.437,0.814,0.5,0.459,0.124,0
675,82,0,3,0.641,0.734,0.255,0.0,-0.29,-0.227,0
676,70,1,11,0.864,0.405,0.887,0.25,0.189,0.236,0
677,84,1,5,0.79,0.503,0.454,0.0,-0.157,-0.087,0
678,46,1,9,0.83,0.529,0.695,0.25,0.292,0.212,0
679,46,0,11,0.827,0.785,0.739,0.75,0.424,-0.041,0
680,59,0,10,0.906,0.715,0.867,0.0,0.534,0.206,0
681,31,1,6,0.881,0.7,0.78,0.0,0.131,0.181,0
682,65,0,5,0.7,0.615,0.314,0.0,-0.222,-0.092,0
683,76,1,10,0.777,0.538,0.728,0.5,0.126,0.004,0
684,46,0,6,0.851,0.513,0.84,1.0,0.247,0.068,0
685,50,0,9,0.913,0.539,0.954,0.25,0.7,0.072,0
686,81,1,5,0.665,0.648,0.732,0.0,0.067,-0.346,0
687,67,1,12,1.027,0.621,0.721,0.0,0.811,0.395,0
688,74,1,10,0.814,0.655,0.62,0.75,0.265,0.074,0
689,50,0,4,0.869,0.57,0.634,0.0,-0.066,0.235,0
690,37,0,9,0.952,0.558,0.625,0.0,0.066,0.314,0
691,77,0,11,0.805,0.674,0.834,0.0,0.406,-0.094,0
692,36,1,12,1.157,0.437,0.884,0.75,0.71,0.441,0
693,30,0,3,0.663,0.723,0.566,0.25,0.398,-0.242,0
694,39,0,6,0.793,0.553,0.7,0.75,0.054,-0.151,0
695,37,0,6,0.915,0.472,0.693,0.25,0.454,0.038,0
696,55,0,8,0.864,0.659,0.969,0.75,0.24,0.164,0
697,80,0,10,0.822,0.548,0.666,0.0,0.162,0.113,0
698,32,0,9,1.06,0.704,0.799,0.0,-0.141,0.499,0
699,37,0,3,0.667,0.526,0.571,0.0,0.156,0.001,0
700,47,1,3,0.782,0.617,0.913,0.25,0.288,0.013,0
701,77,1,10,0.615,0.409,0.696,0.5,0.075,-0.212,0
702,62,0,5,1.034,0.563,0.515,0.5,-0.1,0.166,0
703,84,0,9,0.767,0.534,0.691,0.0,0.099,-0.078,0
704,45,1,12,1.129,0.559,0.976,0.5,0.599,0.493,0
705,36,0,3,0.69,0.662,0.585,0.0,0.147,-0.237,0
706,68,1,3,0.712,0.53,0.614,0.75,0.087,0.05,0
707,57,0,7,0.789,0.537,0.494,0.5,0.135,0.096,0
708,44,1,3,0.79,0.681,0.431,0.25,0.355,0.114,0
709,81,1,5,0.829,0.699,0.542,0.0,-0.24,0.152,0
710,45,0,12,0.869,0.409,0.805,0.5,0.334,-0.007,0
711,67,0,3,0.878,0.774,0.42,0.5,0.105,0.198,0
712,64,1,4,1.037,0.605,0.637,0.0,0.264,0.168,0
713,44,1,5,0.846,0.652,0.847,0.75,0.108,0.079,0
714,40,1,11,0.803,0.523,1.225,0.0,0.813,-0.025,0
715,55,1,8,0.717,0.598,0.596,0.25,-0.043,-0.073,0
716,66,0,12,1.129,0.532,0.857,1.0,0.622,0.616,0
717,45,0,6,0.741,0.614,0.736,0.0,0.598,0.132,0
718,38,1,6,0.967,0.628,0.705,0.0,0.216,0.328,0
719,81,1,8,0.76,0.7,0.436,0.0,-0.118,0.138,1
720,57,0,8,0.798,0.723,1.022,1.0,0.528,-0.122,0
721,56,0,9,1.043,0.632,0.66,0.0,0.229,0.298,0
722,72,0,12,1.066,0.563,0.946,0.0,0.694,0.372,0
723,41,1,9,0.838,0.339,0.521,0.0,-0.218,0.01,0
724,68,1,5,0.68,0.5,0.558,0.0,-0.139,-0.111,0
725,81,0,11,1.178,0.646,0.722,1.0,-0.009,0.468,1
726,42,0,10,0.828,0.621,0.936,0.75,0.409,0.176,0
727,77,1,10,1.092,0.512,0.867,0.0,0.42,0.365,0
728,49,1,6,0.871,0.406,0.496,0.5,-0.107,0.095,0
729,52,1,8,0.814,0.536,0.901,0.25,0.4,-0.042,0
730,63,1,4,0.709,0.616,0.528,0.0,0.028,-0.052,0
731,72,0,10,1.225,0.553,0.764,0.5,0.184,0.405,0
732,62,0,8,0.656,0.446,0.525,0.0,-0.22,-0.256,0
733,66,1,7,0.822,0.668,0.842,0.0,0.058,0.219,0
734,82,1,3,0.82,0.5,0.225,1.0,-0.248,0.044,1
735,34,1,7,0.86,0.622,0.944,1.0,0.253,-0.008,0
736,82,1,7,0.909,0.507,0.832,0.5,0.298,0.186,0
737,41,1,3,0.703,0.541,0.342,0.0,0.03,-0.129,0
738,56,1,9,0.741,0.43,0.982,0.0,0.71,-0.174,0
739,83,0,9,0.972,0.506,1.109,0.0,0.649,0.249,0
740,75,0,3,0.838,0.615,0.623,0.5,0.055,-0.163,0
741,47,1,11,0.841,0.563,1.041,0.0,0.502,0.004,0
742,75,1,5,0.754,0.631,0.733,0.5,0.671,-0.259,0
743,68,1,12,0.919,0.447,0.816,0.5,0.51,0.136,0
744,53,1,6,0.745,0.652,0.568,0.5,0.246,0.081,0
745,52,0,11,0.737,0.542,0.768,0.25,0.35,0.01,0
746,72,1,3,0.693,0.588,0.751,0.0,0.543,-0.074,0
747,47,0,6,0.755,0.565,1.089,0.75,0.537,0.127,0
748,44,1,6,0.825,0.583,0.396,0.5,-0.003,0.125,0
749,31,1,3,1.011,0.637,0.615,0.0,0.083,0.054,0
750,35,0,12,1.061,0.615,0.702,0.75,0.217,0.255,0
751,70,0,3,0.729,0.698,0.646,1.0,0.288,-0.03,0
752,50,0,10,0.777,0.453,0.781,0.25,0.417,0.134,0
753,81,1,3,0.65,0.668,0.57,0.25,-0.19,-0.161,0
754,79,0,6,0.827,0.644,0.649,0.0,0.266,-0.013,1
755,70,0,12,1.048,0.534,1.111,0.75,0.801,0.348,1
756,53,1,5,0.734,0.601,0.547,1.0,0.114,-0.06,1
757,74,0,3,0.871,0.6,0.524,0.5,0.089,0.076,0
758,58,0,5,0.997,0.639,0.634,0.25,0.2,0.304,0
759,62,0,12,0.91,0.509,0.778,0.0,0.073,0.119,0
760,55,0,8,0.81,0.7,0.869,0.25,0.473,-0.005,0
761,66,1,11,0.958,0.474,0.833,0.5,0.676,0.392,0
762,83,0,12,0.951,0.532,0.832,0.0,0.303,0.093,0
763,67,0,6,1.078,0.647,0.844,0.5,-0.038,0.436,0
764,80,1,3,0.549,0.607,0.361,0.0,-0.319,-0.098,0
765,72,0,9,0.98,0.436,0.63,0.0,0.174,0.3,0
766,82,1,4,0.834,0.739,0.57,0.0,0.295,-0.099,0
767,42,1,6,0.658,0.606,0.74,0.25,0.095,-0.052,0
768,60,0,11,1.178,0.731,0.649,0.5,-0.06,0.303,0
769,59,0,8,0.946,0.546,0.69,0.0,0.301,0.232,0
770,34,1,10,0.978,0.572,0.917,0.25,0.35,0.326,0
771,84,1,12,0.829,0.487,1.027,0.0,0.538,0.241,0
772,39,0,5,0.801,0.708,0.815,0.0,0.588,-0.144,0
773,39,1,11,0.957,0.531,0.739,0.0,0.233,0.497,0
774,74,0,4,0.883,0.632,0.607,0.5,-0.209,0.127,0
775,80,0,5,0.77,0.585,0.672,0.0,-0.082,0.054,0
776,76,1,10,0.799,0.584,1.126,0.5,0.73,0.099,0
777,55,0,4,0.711,0.721,0.467,0.5,0.068,0.012,0
778,68,1,6,0.818,0.602,0.49,0.75,-0.016,-0.034,0
779,74,1,3,0.813,0.576,0.749,0.5,0.417,0.129,0
780,83,0,6,0.8,0.491,0.386,0.5,-0.102,0.187,0
781,73,1,9,0.876,0.56,0.806,0.25,0.488,0.093,0
782,31,0,12,1.059,0.533,0.713,0.25,0.36,0.223,0
783,60,1,6,0.927,0.604,0.656,0.25,0.018,0.148,0
784,82,0,5,0.864,0.614,0.441,0.0,-0.079,0.157,0
785,62,1,8,0.951,0.572,0.795,0.5,0.267,0.131,0
786,82,1,7,0.831,0.601,1.041,0.5,0.562,0.223,1
787,63,1,10,0.847,0.659,0.837,0.25,0.139,0.014,0
788,33,0,10,0.775,0.54,0.925,0.0,0.665,0.05,0
789,65,0,3,0.74,0.577,0.63,1.0,0.182,0.055,0
790,69,0,5,0.436,0.62,0.495,0.0,0.176,-0.11,0
791,31,1,4,0.572,0.429,0.394,0.0,-0.293,-0.129,0
792,49,0,5,1.096,0.641,0.753,0.0,0.31,0.147,0
793,76,0,12,1.177,0.536,1.004,0.0,0.448,0.477,0
794,61,1,7,0.933,0.507,0.679,0.0,0.209,0.108,0
795,33,0,5,0.7,0.473,0.856,0.5,0.28,0.164,0
796,52,0,4,0.8,0.61,0.796,0.0,0.206,0.144,0
797,44,0,12,0.951,0.606,0.795,0.0,0.279,0.229,0
798,36,1,8,0.731,0.654,0.73,0.25,0.058,0.085,0
799,59,0,7,0.974,0.601,0.377,0.0,0.014,0.309,0
800,57,1,3,0.771,0.63,0.519,0.75,0.146,0.224,0
801,31,1,11,0.891,0.607,0.899,0.5,0.452,0.312,0
802,56,1,8,0.758,0.655,0.742,0.75,0.448,-0.035,0
803,32,1,12,1.178,0.576,0.869,0.5,0.591,0.384,0
804,45,1,9,0.876,0.594,0.95,0.0,0.481,-0.032,0
805,74,1,10,0.906,0.594,1.132,0.0,0.869,-0.104,1
806,73,0,6,0.627,0.54,0.62,0.0,-0.065,-0.073,0
807,57,0,12,1.014,0.611,0.61,0.5,0.051,0.17,0
808,30,0,3,0.782,0.513,0.496,0.5,-0.249,-0.031,0
809,47,1,8,0.977,0.592,0.814,0.0,0.07,0.052,0
810,55,0,8,0.962,0.466,0.657,0.0,0.224,0.423,0
811,83,1,9,0.957,0.55,0.966,0.25,0.425,0.331,0
812,32,1,3,0.599,0.712,0.579,0.0,0.122,-0.209,0
813,45,1,5,0.7,0.651,0.818,0.0,0.117,-0.002,0
814,50,0,7,0.831,0.495,0.745,0.25,0.165,-0.036,0
815,73,1,8,1.028,0.7,0.703,0.25,0.321,0.299,0
816,57,0,5,0.955,0.705,0.609,0.25,0.395,0.302,0
817,36,0,11,0.7,0.648,0.781,0.0,0.199,-0.194,0
818,51,0,5,0.643,0.675,0.944,0.0,0.136,0.053,0
819,63,0,11,1.095,0.642,1.111,0.5,0.976,0.496,0
820,73,0,5,0.703,0.635,0.7,0.0,0.235,-0.083,0
821,54,1,4,0.694,0.567,0.711,0.5,0.367,-0.139,0
822,39,0,5,0.726,0.544,0.952,0.5,0.505,-0.257,0
823,73,1,12,1.095,0.503,0.865,0.0,0.31,0.236,0
824,53,1,9,0.989,0.579,0.864,0.5,0.66,0.168,0
825,76,0,8,0.859,0.556,0.673,0.0,0.271,0.146,0
826,48,0,4,0.883,0.558,0.638,0.25,0.427,0.276,0
827,46,0,8,1.07,0.387,0.771,0.5,0.505,0.323,0
828,50,0,4,0.959,0.607,0.38,0.5,-0.241,0.425,0
829,38,0,5,0.897,0.7,0.578,0.0,-0.044,0.2,0
830,30,0,10,0.945,0.574,0.545,0.5,-0.155,0.167,0
831,63,0,11,1.021,0.646,0.628,0.0,0.366,0.396,0
832,70,1,8,0.94,0.485,0.815,0.0,0.189,0.204,0
833,80,1,7,0.734,0.7,0.585,0.25,0.325,-0.052,0
834,50,0,9,0.79,0.52,0.78,0.0,0.526,-0.042,0
835,46,0,6,0.763,0.648,0.845,0.0,0.308,0.096,0
836,53,1,9,0.905,0.57,0.766,0.5,0.123,0.226,0
837,36,1,7,0.843,0.547,0.856,0.25,0.049,0.246,0
838,50,1,7,0.847,0.654,0.584,0.75,0.463,-0.014,0
839,43,0,6,0.7,0.554,0.719,0.75,0.402,-0.179,0
840,81,0,3,0.95,0.678,0.606,0.5,-0.094,0.022,0
841,65,0,4,0.78,0.484,0.668,0.0,0.121,-0.103,0
842,57,1,3,0.877,0.7,0.601,0.0,-0.07,-0.136,0
843,78,0,3,0.662,0.696,0.346,0.5,-0.262,0.28,0
844,64,1,4,0.909,0.676,0.764,0.75,0.124,0.216,0
845,31,1,4,0.747,0.652,0.944,0.0,0.598,0.105,0
846,59,0,9,0.981,0.541,0.932,0.5,0.438,0.172,0
847,38,1,3,0.905,0.535,0.45,0.0,0.038,0.301,0
848,60,1,3,0.836,0.653,0.523,0.5,0.213,0.155,0
849,64,1,5,0.877,0.542,0.684,1.0,0.407,0.265,0
850,45,0,11,1.033,0.546,0.732,0.0,0.231,0.174,0
851,82,1,12,0.808,0.689,0.863,0.5,0.293,0.086,0
852,32,1,4,0.687,0.55,0.274,0.75,-0.189,-0.149,0
853,47,1,3,1.042,0.664,0.543,1.0,0.12,0.253,0
854,48,1,11,0.934,0.543,0.815,0.25,0.078,0.167,0
855,69,0,5,0.769,0.7,0.605,0.0,0.267,0.065,0
856,74,0,8,0.994,0.479,0.971,1.0,0.224,0.019,1
857,66,1,12,0.892,0.585,1.121,0.5,0.387,0.069,0
858,37,0,4,0.967,0.475,0.86,0.25,0.516,0.267,0
859,34,1,8,0.993,0.588,0.798,1.0,0.482,0.213,0
860,51,0,3,0.501,0.533,0.65,0.0,-0.023,-0.19,0
861,49,1,5,0.799,0.564,0.609,0.0,-0.221,0.088,0
862,69,0,7,0.887,0.59,0.855,0.5,0.183,0.1,0
863,32,0,8,0.948,0.398,0.85,0.5,0.613,0.457,0
864,71,0,8,0.812,0.57,0.463,1.0,0.142,0.08,0
865,74,0,10,1.02,0.573,0.615,0.0,-0.222,0.363,0
866,69,1,7,0.932,0.617,0.648,0.0,0.039,0.146,0
867,40,0,6,0.745,0.631,0.56,0.0,-0.081,0.084,0
868,81,1,5,0.929,0.556,0.674,0.5,0.27,0.196,1
869,70,1,10,0.873,0.551,0.734,0.0,0.158,0.072,0
870,54,1,11,1.032,0.602,0.804,0.0,0.696,0.151,0
871,42,1,7,0.764,0.553,0.689,0.0,0.461,0.111,0
872,60,0,10,1.019,0.632,0.732,0.0,0.049,0.133,0
873,69,0,12,0.859,0.484,0.633,0.0,0.201,0.029,0
874,78,1,6,0.77,0.582,0.33,0.0,-0.282,0.13,0
875,70,1,8,0.951,0.654,0.575,0.0,0.117,0.231,0
876,67,1,3,0.865,0.63,0.292,0.0,-0.066,0.125,0
877,67,1,10,0.969,0.7,1.211,0.0,0.935,0.246,0
878,49,1,11,0.979,0.505,0.868,0.25,0.168,0.144,0
879,58,1,6,1.022,0.543,0.418,0.0,-0.055,-0.02,0
880,69,0,11,0.929,0.496,0.853,0.0,0.507,0.348,0
881,52,0,12,0.879,0.544,0.848,0.0,0.58,0.1,0
882,32,1,3,1.005,0.7,0.748,0.0,0.275,0.314,0
883,64,1,12,0.912,0.579,0.595,0.0,-0.039,-0.003,0
884,47,0,6,0.819,0.612,0.768,0.75,0.511,0.227,0
885,84,0,5,0.953,0.57,0.301,1.0,0.083,0.476,0
886,51,1,11,1.002,0.698,0.712,0.0,0.217,0.252,0
887,75,0,10,0.885,0.515,1.033,0.0,0.669,0.205,0
888,71,0,4,0.7,0.604,0.674,0.0,0.104,-0.144,0
889,63,0,5,0.973,0.53,0.589,0.0,0.385,0.502,0
890,35,1,3,0.902,0.704,0.551,0.5,0.19,0.116,0
891,62,0,5,0.935,0.572,0.535,0.0,0.345,0.056,0
892,36,0,3,0.824,0.611,0.874,0.0,0.405,0.174,0
893,59,1,6,1.191,0.485,0.696,0.0,0.256,0.446,0
894,78,1,5,0.864,0.54,0.716,0.25,0.603,0.064,1
895,32,0,9,0.926,0.511,0.871,0.5,0.54,0.244,0
896,35,1,7,0.907,0.642,0.875,0.0,0.469,0.228,0
897,64,1,5,0.743,0.58,0.7,0.0,0.191,0.106,0
898,66,0,6,0.921,0.574,0.783,0.0,0.523,0.289,0
899,50,0,11,0.748,0.591,0.851,0.5,0.186,0.033,0
900,62,0,8,0.958,0.515,0.813,0.0,0.247,0.125,0
901,64,0,3,0.82,0.532,0.477,0.0,0.234,0.136,0
902,77,1,9,1.002,0.541,0.746,0.0,0.152,0.226,0
903,48,0,4,0.518,0.79,0.753,0.25,0.494,-0.069,0
904,47,0,11,0.733,0.54,0.729,0.0,0.071,0.147,0
905,81,1,3,1.016,0.538,0.737,0.0,0.385,0.054,0
906,75,0,11,0.921,0.472,0.913,0.0,0.552,-0.135,0
907,83,0,7,0.697,0.492,0.892,0.0,0.188,-0.029,0
908,33,1,3,0.597,0.57,0.349,0.0,-0.269,-0.287,0
909,43,0,11,0.973,0.7,1.033,1.0,0.435,0.054,0
910,53,1,3,0.718,0.7,0.302,0.75,-0.255,0.081,0
911,73,0,4,0.845,0.658,0.857,0.0,0.603,0.246,0
912,80,1,5,0.847,0.613,0.724,0.0,0.265,0.306,0
913,39,1,3,0.909,0.617,0.302,0.25,-0.256,0.278,0
914,59,0,10,0.808,0.551,0.9,0.5,0.431,0.139,0
915,61,1,10,0.876,0.552,0.892,0.0,0.192,0.03,0
916,59,0,3,0.843,0.566,0.751,0.75,0.227,-0.004,0
917,34,1,6,0.833,0.585,0.713,0.0,0.118,0.267,0
918,55,1,9,0.833,0.58,0.785,0.0,0.265,-0.089,0
919,71,1,10,1.032,0.601,0.969,0.0,0.428,0.221,0
920,72,0,3,0.738,0.695,0.467,0.25,0.26,0.024,0
921,81,0,5,0.837,0.665,0.557,0.75,-0.323,0.356,0
922,41,1,10,1.005,0.468,0.907,0.0,0.657,0.342,0
923,39,0,6,0.648,0.598,1.113,0.0,0.617,-0.136,0
924,78,1,11,0.979,0.666,0.75,0.5,0.063,0.12,0
925,45,1,11,1.095,0.465,0.756,0.5,0.251,0.48,0
926,37,0,11,1.107,0.578,0.835,0.0,0.462,0.155,0
927,43,0,4,0.744,0.498,0.632,1.0,0.189,-0.087,0
928,70,1,4,0.91,0.549,0.457,0.0,-0.226,0.295,0
929,35,0,5,0.708,0.585,0.649,0.5,-0.145,-0.149,0
930,60,0,3,0.796,0.592,0.368,0.0,-0.016,0.092,0
931,49,1,12,0.871,0.533,0.75,0.75,0.387,0.173,1
932,31,1,12,1.106,0.7,0.96,0.0,0.383,0.516,0
933,79,0,11,0.831,0.491,0.809,0.5,0.545,-0.196,0
934,70,0,12,0.847,0.533,0.865,0.0,0.308,0.115,0
935,74,0,8,0.92,0.411,0.945,0.5,0.191,0.067,0
936,67,0,5,0.805,0.465,0.491,0.5,-0.008,0.064,0
937,51,0,7,0.805,0.46,0.769,0.75,0.186,0.071,0
938,74,0,9,0.843,0.522,0.977,0.0,0.277,0.323,0
939,38,1,6,0.941,0.7,0.436,0.0,0.37,0.266,0
940,71,1,6,0.978,0.588,0.67,0.5,0.204,0.53,0
941,51,0,5,0.733,0.528,0.356,0.5,0.065,-0.079,0
942,41,0,7,0.986,0.541,0.626,0.0,0.386,0.121,0
943,50,1,9,0.831,0.433,0.948,0.0,0.707,-0.004,0
944,30,0,10,0.989,0.482,0.861,0.25,0.578,0.336,0
945,76,1,6,0.747,0.665,0.436,1.0,-0.082,-0.087,0
946,37,1,8,0.722,0.483,0.703,0.0,0.404,0.06,0
947,34,0,5,0.795,0.583,0.733,0.25,0.356,-0.039,0
948,79,0,10,0.944,0.497,0.95,0.0,0.271,0.368,0
949,56,1,10,1.265,0.571,0.673,0.25,0.234,0.539,0
950,61,1,5,0.942,0.441,0.566,0.5,0.273,0.109,0
951,36,0,7,0.926,0.535,0.709,0.0,0.522,-0.139,0
952,41,0,8,0.748,0.693,0.669,0.5,0.319,0.176,0
953,37,1,6,0.58,0.639,0.723,0.0,0.052,-0.064,0
954,37,0,7,0.825,0.7,0.818,0.0,0.234,-0.019,0
955,61,0,7,0.892,0.605,0.7,0.0,0.072,0.112,0
956,67,1,11,0.734,0.619,0.792,0.0,0.201,0.031,0
957,45,1,9,0.978,0.7,0.641,0.25,0.133,0.444,0
958,68,1,7,0.767,0.522,0.503,0.0,-0.118,-0.084,0
959,72,1,7,0.877,0.522,0.961,0.75,0.277,0.068,1
960,68,1,11,0.952,0.492,1.008,0.75,0.506,0.388,0
961,34,1,5,0.688,0.548,0.408,0.25,-0.064,-0.06,0
962,51,1,12,1.061,0.567,0.943,0.0,0.451,0.343,0
963,46,1,9,0.986,0.5,0.661,0.0,0.131,0.305,0
964,66,1,9,1.279,0.518,0.776,1.0,0.445,0.681,1
965,42,1,10,0.918,0.544,0.762,1.0,0.236,0.139,0
966,34,0,7,0.727,0.564,0.536,0.5,-0.496,-0.174,0
967,47,0,9,1.022,0.724,0.716,0.25,0.346,0.275,0
968,35,0,10,0.767,0.494,0.81,0.75,0.443,0.067,0
969,73,1,9,0.781,0.647,0.807,0.75,0.274,-0.08,1
970,63,0,10,0.943,0.439,1.032,1.0,0.788,0.256,0
971,50,0,3,0.838,0.708,0.671,0.75,0.349,0.086,0
972,79,1,7,0.89,0.605,0.529,0.0,0.13,0.301,0
973,80,1,12,1.093,0.631,1.052,0.0,0.721,0.342,0
974,62,1,3,0.7,0.682,0.7,0.25,0.182,-0.273,0
975,76,1,5,0.732,0.638,0.7,0.25,-0.006,0.004,0
976,82,0,7,0.994,0.582,0.607,0.75,-0.093,0.041,0
977,74,1,11,1.099,0.61,0.82,0.0,0.248,0.035,0
978,54,0,4,0.959,0.616,0.313,0.25,-0.201,0.112,0
979,37,1,7,0.941,0.554,0.967,0.5,0.209,0.024,0
980,44,0,10,1.028,0.434,0.79,0.5,0.208,0.42,0
981,66,0,12,1.106,0.596,0.914,0.25,0.542,0.526,1
982,35,1,12,0.865,0.509,0.705,0.25,0.177,0.143,0
983,64,0,4,0.84,0.595,0.729,0.0,0.414,-0.154,0
984,45,0,4,0.881,0.652,0.832,0.25,-0.079,-0.028,0
985,40,0,8,0.869,0.564,0.839,0.0,0.47,0.235,0
986,32,0,11,1.114,0.462,0.981,1.0,0.584,0.405,0
987,42,1,6,0.892,0.614,0.513,0.5,0.056,-0.188,0
988,75,0,3,0.657,0.608,0.526,0.0,-0.016,0.089,0
989,59,1,8,1.045,0.552,0.625,0.75,0.414,0.367,0
990,81,0,9,0.804,0.518,0.846,0.0,0.184,0.105,0
991,69,1,6,0.806,0.473,0.636,0.0,0.28,0.239,0
992,73,0,3,0.612,0.575,0.39,1.0,-0.39,-0.102,0
993,84,1,8,0.854,0.615,0.544,0.0,-0.1,-0.011,0
994,54,1,12,1.047,0.514,0.69,1.0,0.382,0.268,0
995,63,1,3,0.929,0.597,0.255,0.0,-0.437,0.425,0
996,64,1,4,0.688,0.588,0.54,0.5,0.21,0.032,0
997,57,0,9,1.034,0.574,0.963,1.0,0.729,0.31,0
998,60,0,5,0.792,0.484,0.895,0.0,0.282,0.014,0
999,60,0,8,0.903,0.785,0.877,0.75,0.554,0.121,0
1000,71,1,9,0.954,0.595,0.932,0.5,0.47,0.456,0
1001,53,0,4,0.798,0.58,0.58,0.0,0.134,0.061,0
1002,43,1,12,0.817,0.432,0.941,0.75,0.322,0.045,0
1003,55,0,8,1.087,0.514,0.819,0.0,0.066,0.147,0
1004,42,1,12,0.967,0.649,1.098,0.5,0.462,0.488,0
1005,49,1,8,0.955,0.5,0.788,1.0,0.495,0.396,0
1006,44,1,9,0.999,0.684,0.835,0.75,0.257,0.341,0
1007,82,1,9,0.824,0.647,0.627,0.25,0.154,0.121,0
1008,60,1,3,0.725,0.612,0.394,0.0,-0.032,-0.055,0
1009,68,1,7,0.7,0.577,0.721,0.5,0.455,0.007,0
1010,58,1,8,0.864,0.495,0.615,0.0,-0.01,0.24,0
1011,70,0,3,0.7,0.645,0.459,0.0,-0.033,-0.024,0
1012,43,0,4,0.783,0.539,0.487,0.0,0.094,-0.142,0
1013,67,1,9,0.866,0.541,0.544,0.0,-0.029,0.073,0
1014,42,1,9,0.891,0.532,0.617,0.5,0.174,0.121,0
1015,30,0,7,0.885,0.54,0.74,0.25,0.172,0.359,0
1016,48,0,5,1.014,0.616,0.472,0.5,0.204,0.161,0
1017,61,0,8,0.932,0.662,1.151,1.0,0.727,0.077,0
1018,41,1,5,0.778,0.53,0.893,0.0,0.3,-0.086,0
1019,81,1,8,1.207,0.626,0.863,0.25,0.458,0.691,1
1020,40,1,6,0.902,0.66,0.476,0.5,0.09,0.272,0
1021,47,1,11,1.123,0.527,0.673,0.25,0.147,0.487,0
1022,30,0,9,0.939,0.432,0.838,0.0,0.415,0.257,0
1023,33,0,8,0.7,0.566,0.771,0.25,0.247,0.063,0
1024,65,1,4,1.117,0.45,0.7,0.0,0.083,0.557,0
1025,67,1,11,0.851,0.498,0.849,0.0,0.504,0.048,0
1026,46,1,3,0.836,0.653,0.351,0.0,-0.275,0.017,0
1027,82,0,9,0.824,0.481,1.102,0.0,0.652,-0.194,0
1028,48,0,12,1.126,0.687,0.896,0.25,0.355,0.316,0
1029,31,1,6,0.81,0.539,1.02,0.75,0.721,0.108,0
1030,31,0,12,0.937,0.556,1.033,0.0,0.51,0.118,0
1031,75,1,3,0.91,0.584,0.413,1.0,0.007,0.255,0
1032,40,1,5,0.843,0.572,1.027,0.5,0.582,0.205,0
1033,56,1,10,0.765,0.514,1.036,0.5,0.457,-0.196,0
1034,83,1,12,1.028,0.543,0.903,0.0,0.303,0.297,0
1035,48,0,4,0.729,0.589,0.647,0.0,0.266,0.191,0
1036,71,0,4,0.914,0.495,0.458,0.25,-0.168,0.057,0
1037,44,0,10,0.94,0.7,0.842,0.0,0.316,0.212,0
1038,63,0,9,1.186,0.624,0.849,0.0,0.504,0.278,0
1039,44,0,7,0.954,0.534,0.851,0.5,0.673,0.181,0
1040,66,1,3,0.792,0.634,0.618,0.0,0.177,0.099,0
1041,49,0,7,0.826,0.539,0.624,0.5,0.405,0.162,0
1042,83,0,5,0.981,0.502,0.846,0.25,0.417,0.199,0
1043,39,0,3,0.816,0.684,0.516,0.0,0.108,-0.019,0
1044,63,0,6,0.703,0.698,0.709,0.0,0.009,-0.132,0
1045,36,0,4,0.672,0.62,0.484,0.5,0.087,0.049,0
1046,67,0,6,0.922,0.617,0.515,0.5,0.164,0.081,0
1047,50,1,9,0.908,0.527,0.805,0.25,0.333,-0.076,0
1048,51,0,12,0.885,0.51,1.022,1.0,0.731,0.074,0
1049,43,1,7,0.798,0.487,1.138,0.75,0.561,0.203,0
1050,57,0,5,0.938,0.562,0.46,0.0,-0.131,0.142,0
1051,71,0,9,0.935,0.586,0.852,1.0,0.582,0.126,0
1052,60,1,5,0.99,0.502,0.618,0.25,0.228,0.436,0
1053,62,1,12,0.849,0.67,0.7,1.0,0.198,0.052,0
1054,30,0,4,0.723,0.61,0.769,0.5,0.187,0.001,0
1055,51,1,5,0.917,0.693,0.669,0.5,0.261,0.273,0
1056,68,1,6,1.043,0.708,0.659,0.0,0.057,0.526,0
1057,75,1,8,0.881,0.437,0.61,0.0,-0.001,0.127,0
1058,81,0,4,0.842,0.535,0.629,0.25,0.333,-0.005,0
1059,39,1,3,0.788,0.625,0.367,0.25,-0.245,-0.129,0
1060,33,1,6,0.7,0.776,0.403,0.0,-0.056,-0.151,0
1061,34,1,4,1.046,0.641,0.548,0.0,0.179,0.34,0
1062,66,1,8,1.103,0.579,0.924,0.0,0.198,0.403,0
1063,33,1,12,1.103,0.488,0.799,0.75,0.108,0.303,0
1064,37,0,5,0.824,0.649,0.606,0.25,0.027,0.015,0
1065,46,0,10,0.914,0.606,0.872,0.0,0.329,-0.057,0
1066,38,1,12,0.984,0.485,1.078,0.0,0.652,0.236,0
1067,38,0,8,0.841,0.434,0.679,0.0,0.269,0.104,0
1068,38,1,4,0.663,0.795,0.515,0.0,0.071,0.121,0
1069,48,0,12,1.039,0.559,0.878,0.75,0.341,0.415,0
1070,39,0,6,0.967,0.563,0.604,0.5,0.347,0.261,0
1071,45,1,9,1.047,0.7,0.519,0.5,0.276,0.362,0
1072,74,1,7,0.824,0.543,0.859,0.5,0.451,0.109,0
1073,31,0,10,1.06,0.765,0.99,0.0,0.612,0.331,0
1074,35,0,12,1.058,0.512,1.093,0.0,0.6,0.573,0
1075,44,0,6,0.923,0.645,0.608,0.5,-0.058,0.029,0
1076,48,0,9,0.88,0.508,1.109,0.5,0.537,0.19,0
1077,45,1,9,0.841,0.614,0.847,1.0,0.279,-0.071,0
1078,54,0,10,0.879,0.627,1.013,0.0,0.341,0.146,0
1079,84,0,7,0.848,0.554,0.87,0.0,0.478,-0.005,0
1080,41,1,7,1.062,0.549,0.566,0.5,-0.134,0.434,0
1081,37,0,6,0.873,0.589,0.881,0.25,0.438,0.271,0
1082,80,0,4,0.59,0.634,0.497,0.5,-0.203,-0.103,0
1083,79,0,6,0.97,0.565,0.714,0.0,0.077,0.516,0
1084,68,0,6,0.947,0.667,0.827,0.25,0.283,0.292,0
1085,63,0,10,0.941,0.7,0.913,0.0,0.453,0.201,0
1086,60,1,4,0.784,0.617,0.7,0.0,0.177,0.139,0
1087,58,0,8,0.796,0.51,0.624,0.0,0.046,-0.067,0
1088,34,0,9,0.933,0.471,0.722,0.0,0.084,0.154,0
1089,68,1,3,0.889,0.606,0.422,0.0,0.09,0.275,0
1090,59,1,5,0.983,0.419,0.278,1.0,-0.348,0.163,0
1091,67,0,12,1.078,0.499,0.642,0.0,0.198,0.278,0
1092,45,1,3,0.909,0.7,0.456,0.0,0.183,0.194,0
1093,66,0,12,1.155,0.574,0.705,0.0,0.505,0.502,0
1094,72,0,12,1.044,0.73,1.022,0.5,0.691,0.139,0
1095,45,0,12,1.076,0.628,0.7,0.0,0.184,0.376,0
1096,30,1,10,1.031,0.489,1.031,0.0,0.387,0.145,0
1097,55,0,6,0.857,0.689,0.651,0.0,0.087,0.207,0
1098,49,0,3,0.717,0.571,0.581,0.0,-0.119,0.002,0
1099,79,0,12,0.941,0.588,1.005,1.0,0.768,-0.003,1
1100,42,1,7,0.943,0.623,0.583,0.0,0.219,0.056,0
1101,52,1,4,0.718,0.686,0.599,0.0,-0.241,-0.011,0
1102,55,0,9,0.922,0.54,0.951,0.0,0.253,0.325,0
1103,31,0,9,0.751,0.722,0.526,0.5,0.59,-0.046,0
1104,30,1,3,0.8,0.452,0.424,0.0,-0.01,0.231,0
1105,57,0,12,1.007,0.532,0.925,0.0,0.225,0.269,0
1106,79,1,5,0.768,0.591,0.39,0.0,0.042,0.198,0
1107,47,1,9,1.018,0.495,0.819,0.0,0.298,0.196,0
1108,84,0,8,0.822,0.597,0.844,0.0,0.333,-0.013,0
1109,63,0,3,0.89,0.488,0.629,0.0,0.104,0.22,0
1110,72,1,8,0.948,0.514,0.704,0.25,0.084,0.224,0
1111,53,0,3,0.794,0.634,0.5,1.0,0.174,-0.027,0
1112,78,1,4,0.874,0.709,0.453,0.0,-0.247,0.208,0
1113,36,0,8,1.153,0.626,0.839,1.0,0.262,0.634,0
1114,66,0,5,0.891,0.7,0.416,0.0,0.014,0.16,0
1115,79,0,6,0.858,0.63,0.822,0.75,0.252,0.11,0
1116,81,1,4,1.022,0.606,0.36,0.0,-0.094,0.057,0
1117,71,1,8,0.863,0.567,0.555,0.0,0.17,0.018,0
1118,58,1,9,0.907,0.491,0.992,0.0,0.605,0.283,0
1119,68,1,11,0.862,0.663,0.744,0.75,-0.129,0.083,0
1120,78,0,3,0.725,0.594,0.715,1.0,0.18,0.045,0
1121,49,1,5,0.594,0.499,0.603,0.0,-0.23,-0.249,0
1122,76,1,11,0.895,0.479,1.062,0.5,0.76,0.104,0
1123,41,0,3,0.748,0.659,0.467,0.25,0.04,0.156,0
1124,32,0,10,0.907,0.374,0.564,0.75,0.315,0.059,0
1125,54,0,5,0.754,0.679,0.581,0.0,0.078,0.224,0
1126,74,1,7,1.047,0.571,0.766,0.0,0.431,0.254,0
1127,82,1,8,0.774,0.477,0.837,0.0,0.202,0.01,0
1128,57,0,9,0.741,0.621,0.47,0.0,0.34,-0.095,0
1129,81,1,5,0.827,0.498,0.656,0.25,0.131,0.386,0
1130,59,0,9,0.948,0.527,0.846,0.5,0.368,0.199,0
1131,72,1,9,0.861,0.624,0.448,0.0,-0.035,0.193,0
1132,83,0,5,0.832,0.482,0.57,0.0,0.099,0.183,0
1133,31,1,6,0.7,0.724,0.643,0.0,-0.057,-0.083,0
1134,82,0,8,0.94,0.732,0.693,0.0,-0.002,0.313,1
1135,35,0,6,0.948,0.605,0.721,0.25,0.175,0.131,0
1136,33,1,4,0.906,0.532,0.609,0.0,0.23,0.156,0
1137,63,1,9,0.772,0.619,0.831,0.0,0.403,0.016,0
1138,76,0,11,1.133,0.56,0.899,0.0,0.107,0.206,0
1139,64,0,3,0.651,0.641,0.507,0.0,-0.183,-0.064,0
1140,67,1,9,0.7,0.749,0.647,0.0,0.3,0.135,0
1141,76,0,3,0.817,0.559,0.314,0.0,-0.261,0.008,0
1142,65,0,12,0.976,0.579,0.721,0.0,0.459,0.423,0
1143,41,0,6,0.923,0.606,0.665,0.0,0.118,0.028,0
1144,40,1,6,0.853,0.579,0.615,0.0,0.279,0.061,0
1145,49,1,5,0.783,0.642,0.908,0.25,0.42,0.021,0
1146,61,0,6,0.998,0.596,0.582,0.0,0.107,0.477,0
1147,63,1,7,0.794,0.557,0.683,0.0,0.367,-0.039,0
1148,47,1,10,0.667,0.513,0.747,0.25,0.439,0.163,0
1149,58,1,5,0.802,0.661,0.516,0.0,0.36,-0.09,0
1150,83,0,4,0.777,0.675,0.513,0.0,0.076,-0.104,0
1151,67,0,11,0.793,0.463,0.703,0.25,0.346,0.156,0
1152,39,0,12,0.937,0.488,0.754,0.25,0.397,0.046,0
1153,65,0,4,0.9,0.611,0.449,0.5,-0.215,0.123,0
1154,52,0,6,0.859,0.571,0.617,0.0,0.268,0.085,0
1155,47,0,12,0.882,0.468,0.775,0.0,0.205,-0.048,0
1156,47,0,10,0.934,0.494,0.668,0.0,0.323,0.323,0
1157,60,1,3,0.805,0.557,0.441,0.5,-0.274,0.056,0
1158,82,0,6,0.886,0.665,0.688,0.5,0.123,-0.128,0
1159,32,0,5,0.849,0.624,0.576,0.0,0.225,0.113,0
1160,55,0,12,1.018,0.573,0.95,1.0,0.6,0.121,0
1161,32,1,3,0.646,0.623,0.526,0.0,0.04,-0.159,0
1162,70,0,7,0.899,0.532,0.67,0.5,0.123,0.058,0
1163,34,1,6,0.903,0.553,0.623,0.75,-0.066,0.079,0
1164,66,1,4,0.752,0.596,0.386,1.0,-0.334,-0.057,0
1165,41,0,6,1.101,0.575,0.7,0.0,0.199,0.524,0
1166,41,1,10,1.009,0.526,1.008,0.25,0.3,0.309,0
1167,61,0,7,0.748,0.611,0.78,0.0,0.432,0.005,0
1168,40,0,6,1.035,0.568,0.739,0.5,0.346,0.305,0
1169,61,0,7,0.887,0.538,0.642,1.0,0.014,0.167,0
1170,48,0,12,0.958,0.531,0.82,0.75,0.272,0.146,0
1171,36,0,7,0.833,0.496,0.661,0.5,0.161,0.003,0
1172,42,1,5,0.938,0.544,0.455,0.5,0.017,0.315,0
1173,46,1,7,0.767,0.709,0.735,0.5,0.522,-0.01,0
1174,31,0,3,0.839,0.603,0.757,0.25,0.279,-0.003,0
1175,78,1,4,0.854,0.545,0.631,0.0,0.203,0.365,0
1176,36,0,6,0.959,0.589,0.697,0.5,0.144,0.273,0
1177,84,1,10,1.02,0.614,1.036,1.0,0.44,0.348,1
1178,63,0,10,1.172,0.596,0.83,0.0,0.487,0.231,0
1179,71,1,9,0.776,0.478,1.01,0.0,0.334,-0.084,0
1180,68,1,4,0.701,0.718,0.384,0.5,0.003,-0.2,0
1181,43,1,9,0.922,0.64,1.031,0.0,0.79,0.172,0
1182,81,1,3,0.81,0.643,0.401,0.5,0.2,0.115,0
1183,82,1,5,0.862,0.575,0.624,0.75,0.071,0.088,0
1184,37,0,3,0.845,0.714,0.486,1.0,0.208,0.308,0
1185,36,1,8,0.888,0.53,0.913,0.5,0.827,0.177,0
1186,72,0,4,0.64,0.706,0.7,0.5,0.212,-0.149,1
1187,49,1,12,1.02,0.605,0.863,0.0,0.261,0.39,0
1188,32,0,11,0.919,0.508,0.905,0.25,0.552,0.194,0
1189,68,1,7,1.044,0.608,0.63,0.0,0.012,0.415,0
1190,80,1,10,1.002,0.479,0.835,1.0,0.064,0.396,1
1191,72,0,8,0.689,0.678,0.787,0.75,0.401,0.003,0
1192,39,0,7,0.82,0.545,0.898,0.0,0.132,0.215,0
1193,34,0,9,0.965,0.65,0.726,0.0,0.311,0.125,0
1194,74,1,12,1.058,0.619,1.044,1.0,0.566,0.358,0
1195,51,0,4,0.817,0.638,0.868,0.5,0.386,0.059,0
1196,65,0,12,1.134,0.562,0.954,0.0,0.122,0.636,0
1197,71,1,3,0.768,0.439,0.389,0.0,-0.409,-0.043,0
1198,48,1,8,0.939,0.56,0.77,0.0,0.384,0.214,0
1199,73,1,5,0.911,0.617,0.31,0.5,-0.234,0.349,1
1200,62,1,6,0.704,0.639,0.838,0.75,0.426,0.001,0
1201,37,1,9,0.871,0.612,0.766,0.0,0.319,-0.116,0
1202,33,0,9,0.876,0.541,0.807,0.0,0.089,0.293,0
1203,82,1,5,0.809,0.569,0.74,0.0,0.39,0.137,0
1204,78,0,3,0.984,0.678,0.772,0.0,-0.083,0.093,0
1205,79,1,7,0.803,0.549,0.665,0.0,0.377,-0.079,0
1206,37,0,5,0.95,0.507,0.632,1.0,0.475,0.115,0
1207,43,0,7,0.941,0.567,0.623,0.0,0.197,0.01,0
1208,47,1,4,0.766,0.624,0.5,0.75,-0.2,-0.062,0
1209,55,1,10,0.79,0.482,0.889,0.0,0.617,-0.044,0
1210,78,1,6,0.727,0.625,0.762,0.5,0.352,0.006,0
1211,30,0,11,0.943,0.528,1.05,0.75,0.648,0.267,0
1212,78,1,9,0.889,0.541,0.495,0.0,-0.145,0.189,0
1213,43,1,9,0.845,0.585,0.903,0.0,0.281,0.165,0
1214,57,1,10,0.909,0.534,0.457,0.0,-0.196,0.339,0
1215,60,0,12,1.026,0.541,0.599,0.0,0.271,0.269,0
1216,63,1,7,0.959,0.659,0.695,0.0,0.356,0.214,0
1217,84,0,6,0.947,0.632,0.922,0.25,0.635,0.215,0
1218,34,1,11,0.942,0.549,0.7,0.5,0.481,0.37,0
1219,52,1,7,0.864,0.609,0.511,0.0,-0.23,0.189,0
1220,34,0,5,0.898,0.506,0.666,0.0,0.365,0.084,0
1221,67,0,7,0.707,0.483,0.628,0.5,0.12,-0.237,0
1222,43,1,9,0.764,0.432,0.947,0.0,0.315,0.218,0
1223,72,1,9,0.814,0.63,0.754,0.0,0.323,0.173,0
1224,53,0,10,0.941,0.42,0.799,0.5,0.266,0.217,0
1225,77,0,11,0.903,0.475,1.036,0.5,0.409,0.251,0
1226,44,0,3,0.614,0.592,0.393,0.25,0.011,-0.021,0
1227,51,0,6,0.635,0.374,0.664,0.0,0.334,-0.136,0
1228,44,0,12,1.097,0.545,0.924,0.0,0.297,0.333,0
1229,53,1,12,0.851,0.667,0.809,0.75,0.369,0.027,0
1230,34,1,12,0.715,0.703,0.787,1.0,0.645,-0.116,0
1231,73,0,9,0.99,0.568,0.7,0.0,0.435,0.215,0
1232,77,0,7,0.821,0.519,0.68,0.0,0.091,0.369,0
1233,72,0,10,1.122,0.49,0.749,0.5,0.178,0.422,0
1234,79,1,3,0.931,0.641,0.548,0.0,0.108,0.197,0
1235,80,1,5,0.704,0.516,0.656,0.0,0.092,-0.203,0
1236,80,0,6,0.79,0.577,0.408,0.0,-0.251,0.058,0
1237,47,1,3,0.7,0.629,0.764,0.25,0.423,-0.112,0
1238,64,1,11,0.878,0.714,0.799,0.0,0.114,0.133,0
1239,81,0,6,0.7,0.6,0.77,0.0,0.03,-0.099,0
1240,47,1,4,0.877,0.532,0.597,0.0,0.092,0.354,0
1241,80,1,5,0.592,0.7,0.729,0.0,0.166,-0.264,0
1242,73,1,10,0.747,0.57,1.014,0.0,0.536,-0.233,0
1243,31,1,6,0.943,0.734,0.45,0.0,-0.034,0.169,0
1244,74,0,3,0.9,0.669,0.452,0.5,0.21,0.166,0
1245,78,0,4,1.099,0.528,0.454,0.0,-0.056,0.548,0
1246,55,1,12,0.915,0.509,0.984,0.0,0.449,0.191,0
1247,47,0,9,0.837,0.589,0.825,0.0,0.17,0.146,0
1248,35,1,7,0.944,0.633,0.76,0.5,0.19,0.052,0
1249,32,1,8,0.94,0.645,1.097,0.75,0.843,0.147,0
1250,69,1,7,0.621,0.622,0.902,0.0,0.431,-0.079,0
1251,44,0,5,0.617,0.658,0.415,0.0,-0.116,-0.035,0
1252,38,1,11,0.842,0.492,0.855,0.5,0.166,0.068,0
1253,36,1,3,0.735,0.585,0.619,0.0,0.082,-0.033,0
1254,49,0,10,0.852,0.547,0.519,1.0,0.029,0.272,0
1255,65,1,4,0.964,0.52,0.745,0.0,0.344,0.196,0
1256,69,1,7,0.875,0.631,0.651,0.75,0.324,0.272,0
1257,43,1,8,0.933,0.691,0.673,0.0,0.281,0.202,0
1258,35,1,5,0.776,0.673,0.7,0.0,0.417,-0.023,0
1259,83,1,9,0.776,0.7,0.725,0.0,0.039,-0.039,1
1260,54,0,9,0.939,0.454,0.901,0.5,0.416,0.266,0
1261,70,1,12,0.959,0.526,0.939,0.0,0.488,0.295,0
1262,40,1,8,0.885,0.668,0.839,0.25,0.353,0.123,0
1263,45,1,7,0.801,0.527,0.763,0.0,0.434,0.024,0
1264,75,0,6,0.825,0.621,0.4,0.0,-0.268,0.002,0
1265,82,0,7,0.866,0.612,0.855,0.0,0.519,0.102,0
1266,67,1,3,0.771,0.61,0.514,0.0,0.091,0.099,0
1267,72,1,9,0.897,0.764,0.525,0.0,0.029,0.199,0
1268,44,0,7,1.017,0.554,0.903,0.75,0.352,0.417,0
1269,40,0,9,0.972,0.597,0.844,0.0,0.769,0.31,0
1270,62,1,12,0.904,0.556,1.112,0.5,0.532,-0.028,0
1271,59,1,6,0.546,0.422,0.745,0.0,0.107,-0.347,0
1272,73,1,10,1.123,0.52,0.761,1.0,0.063,0.279,0
1273,79,0,7,0.937,0.645,0.837,0.75,0.268,0.189,0
1274,41,0,3,1.019,0.544,0.418,0.0,-0.152,0.303,0
1275,55,0,10,0.946,0.629,0.792,0.25,0.189,0.032,0
1276,64,1,9,0.736,0.53,0.7,0.25,0.201,0.167,0
1277,43,1,10,0.931,0.7,1.162,1.0,0.494,0.256,0
1278,65,0,7,1.155,0.568,0.815,0.0,0.517,0.203,0
1279,69,0,7,0.854,0.536,0.7,0.5,0.168,0.237,0
1280,30,1,6,0.807,0.572,0.631,0.0,0.355,0.107,0
1281,78,0,4,0.991,0.669,0.633,0.75,0.114,0.043,0
1282,84,1,4,0.754,0.683,0.756,0.0,0.531,0.054,0
1283,34,0,4,0.7,0.572,0.734,0.0,0.428,0.002,0
1284,78,0,9,1.008,0.584,0.659,0.5,0.199,-0.082,0
1285,59,0,4,0.96,0.62,0.532,0.0,-0.01,0.078,0
1286,49,0,9,0.956,0.4,0.889,0.75,0.552,0.153,0
1287,83,0,3,0.73,0.568,0.67,0.0,0.072,0.036,0
1288,48,1,9,0.802,0.644,0.771,0.0,0.386,-0.136,0
1289,60,0,4,0.683,0.659,0.606,0.0,0.545,-0.114,0
1290,73,1,8,0.831,0.7,0.712,0.0,0.408,0.005,0
1291,32,1,3,0.867,0.497,0.541,0.5,-0.181,0.138,0
1292,52,1,8,0.937,0.7,0.894,0.0,0.78,-0.091,0
1293,37,1,12,1.067,0.497,0.77,0.5,0.222,0.396,0
1294,74,1,9,1.041,0.389,0.849,0.0,0.789,0.426,0
1295,82,0,10,0.923,0.549,0.541,0.25,0.221,0.114,0
1296,56,1,6,0.818,0.588,0.749,0.0,0.334,0.16,1
1297,73,1,3,0.883,0.672,0.519,0.0,0.125,0.268,0
1298,77,1,10,0.744,0.449,0.872,0.0,0.26,0.086,0
1299,33,0,6,0.841,0.463,0.699,0.5,0.452,0.249,0
1300,50,1,3,0.716,0.718,0.606,0.0,0.113,0.121,0
1301,49,0,7,0.682,0.487,0.553,0.0,-0.117,-0.184,0
1302,75,0,6,0.684,0.806,0.921,0.25,0.302,0.07,0
1303,54,0,12,0.944,0.557,0.868,0.25,0.383,0.097,0
1304,83,0,5,0.858,0.579,0.847,0.0,0.424,0.25,0
1305,53,0,3,0.73,0.721,0.664,0.5,0.127,-0.089,0
1306,42,1,11,0.7,0.528,1.239,0.0,0.746,-0.147,0
1307,32,1,8,1.049,0.583,0.714,0.75,0.146,0.396,0
1308,68,1,6,0.734,0.718,0.462,0.0,-0.082,0.032,0
1309,56,1,5,0.896,0.695,0.581,0.5,0.422,0.182,0
1310,63,1,12,1.038,0.807,0.73,0.75,0.429,0.262,0
1311,35,0,6,0.844,0.459,0.931,0.25,0.311,0.01,0
1312,53,0,11,0.942,0.719,0.933,1.0,0.397,-0.005,0
1313,71,0,11,1.005,0.639,0.835,0.0,0.348,0.022,0
1314,57,0,11,1.141,0.48,1.233,0.0,0.581,0.288,0
1315,71,0,6,0.887,0.532,0.704,0.0,0.217,0.164,0
1316,73,0,7,0.7,0.452,0.82,0.0,0.12,-0.158,1
1317,59,0,6,0.83,0.518,0.606,0.0,0.132,-0.044,0
1318,77,1,6,0.986,0.485,0.656,0.0,0.303,0.265,0
1319,45,1,3,0.747,0.47,0.527,0.5,-0.13,-0.04,0
1320,65,1,4,1.049,0.629,0.799,0.25,0.327,0.359,0
1321,39,1,6,0.778,0.514,0.842,0.25,0.076,0.121,0
1322,55,1,11,0.888,0.556,0.782,0.0,0.389,0.118,0
1323,84,1,3,0.553,0.601,0.462,0.5,-0.159,0.1,0
1324,34,0,4,0.653,0.515,0.39,1.0,-0.107,-0.114,0
1325,54,1,6,0.918,0.687,0.649,0.25,0.273,0.071,0
1326,48,0,6,1.063,0.72,1.07,0.5,0.632,0.479,0
1327,44,0,8,0.7,0.55,0.833,0.0,0.478,-0.057,0
1328,32,0,7,0.764,0.452,0.945,0.0,0.604,0.147,0
1329,34,0,8,0.561,0.649,0.87,0.0,0.183,-0.269,0
1330,61,1,10,0.7,0.543,0.711,0.0,0.31,-0.016,0
1331,40,1,12,0.924,0.591,0.85,0.75,0.51,0.131,0
1332,30,1,12,1.004,0.452,0.852,0.5,0.548,0.304,0
1333,68,1,9,0.826,0.596,0.739,0.5,0.328,-0.005,1
1334,53,1,4,0.811,0.583,0.297,1.0,-0.161,0.087,0
1335,52,0,8,0.976,0.749,1.173,0.0,0.88,0.364,0
1336,77,0,9,0.841,0.666,0.791,0.5,0.379,0.141,0
1337,68,1,12,1.032,0.583,0.822,1.0,0.215,0.216,0
1338,65,0,7,0.547,0.394,1.021,0.0,0.596,-0.465,0
1339,55,0,12,1.042,0.65,0.68,1.0,-0.025,0.349,0
1340,54,1,9,0.923,0.531,0.816,1.0,0.326,0.154,0
1341,48,0,10,0.809,0.64,0.624,0.5,-0.076,0.005,0
1342,36,0,3,0.578,0.674,0.7,1.0,0.5,0.01,0
1343,66,0,7,0.763,0.627,0.661,0.0,0.417,0.256,0
1344,35,1,4,0.94,0.688,0.441,0.0,0.037,0.246,0
1345,57,0,12,0.7,0.464,0.95,0.5,0.227,-0.196,0
1346,59,0,9,1.081,0.596,0.704,0.25,0.407,0.354,0
1347,58,1,4,0.645,0.642,0.486,0.0,-0.282,0.069,0
1348,30,1,12,0.969,0.543,0.983,0.25,0.283,0.402,0
1349,70,0,8,0.878,0.655,0.711,0.0,0.557,0.039,0
1350,75,1,10,0.888,0.547,0.794,0.25,0.389,0.188,1
1351,77,0,10,0.924,0.647,0.739,0.0,0.611,0.22,1
1352,66,0,8,0.76,0.462,0.837,0.0,0.515,0.175,0
1353,38,0,9,0.955,0.461,0.736,0.0,-0.104,0.255,0
1354,55,0,10,1.173,0.578,0.731,0.0,0.619,0.456,0
1355,42,1,5,0.7,0.532,0.55,0.25,-0.078,-0.086,0
1356,68,1,11,0.755,0.655,1.133,0.0,0.898,-0.131,0
1357,74,1,5,0.681,0.531,0.25,1.0,-0.088,-0.121,1
1358,39,1,9,0.877,0.587,0.85,0.0,0.56,0.112,0
1359,39,0,6,0.695,0.554,0.806,0.0,0.432,-0.139,0
1360,72,1,7,0.739,0.509,0.759,0.5,0.05,0.039,0
1361,84,0,12,0.96,0.585,0.628,0.75,0.215,0.315,0
1362,61,0,12,0.922,0.555,0.844,0.75,0.333,0.16,0
1363,46,1,3,0.668,0.511,0.706,0.5,-0.128,-0.124,0
1364,31,1,3,0.707,0.725,0.7,0.25,0.351,0.096,0
1365,30,0,5,0.64,0.506,0.59,0.0,0.042,-0.046,0
1366,32,0,7,0.65,0.56,0.916,0.5,0.46,-0.147,0
1367,70,0,5,0.651,0.554,0.609,0.5,0.12,-0.249,0
1368,43,0,6,0.764,0.502,0.908,0.75,0.522,-0.279,0
1369,76,0,5,0.709,0.571,0.611,0.0,-0.012,0.065,0
1370,31,0,10,1.083,0.543,0.979,0.25,0.549,0.316,0
1371,75,1,9,0.848,0.514,0.829,1.0,0.234,0.017,1
1372,49,1,6,1.158,0.675,1.025,0.25,0.566,0.356,0
1373,50,1,4,0.796,0.659,0.673,0.0,0.086,0.075,0
1374,63,1,8,1.07,0.649,0.644,0.0,0.313,0.397,0
1375,71,1,5,0.691,0.625,0.544,0.0,0.346,0.042,0
1376,46,0,6,0.731,0.682,0.821,0.0,0.171,-0.058,0
1377,53,0,12,0.954,0.485,0.651,0.0,0.377,0.233,0
1378,58,1,12,0.837,0.486,0.782,0.25,0.516,-0.011,0
1379,46,1,7,0.93,0.757,0.766,0.0,0.066,0.22,0
1380,48,0,6,0.862,0.7,0.782,0.0,0.349,0.201,0
1381,73,0,7,0.966,0.59,0.509,0.0,-0.024,0.216,0
1382,30,1,6,0.723,0.619,0.822,1.0,0.122,0.23,0
1383,81,1,3,1.072,0.665,0.494,0.75,0.079,0.339,0
1384,42,0,10,0.941,0.754,0.646,0.5,0.166,0.153,0
1385,73,1,7,0.724,0.7,0.934,0.0,0.857,0.051,0
1386,48,1,11,0.755,0.565,0.794,0.0,0.311,0.018,0
1387,80,1,7,0.903,0.565,0.712,0.0,0.662,0.137,0
1388,52,0,11,1.033,0.578,0.586,0.0,0.15,0.313,0
1389,43,0,4,0.853,0.49,0.256,0.25,-0.065,-0.043,0
1390,83,1,6,0.7,0.67,0.826,0.75,0.432,-0.199,1
1391,41,0,5,0.561,0.656,0.411,0.0,-0.052,-0.263,0
1392,37,1,9,0.951,0.535,0.859,0.25,0.295,0.262,0
1393,41,0,9,0.865,0.654,0.715,0.25,0.522,0.162,0
1394,41,1,5,0.68,0.434,0.603,0.5,0.335,0.061,0
1395,84,0,3,0.732,0.65,0.877,0.0,0.451,0.101,0
1396,65,1,6,0.785,0.657,0.501,1.0,-0.187,-0.006,0
1397,53,0,8,0.915,0.548,0.832,0.25,0.274,0.023,0
1398,39,1,8,0.774,0.522,0.692,0.5,0.053,-0.142,0
1399,64,0,12,0.915,0.507,0.612,0.75,0.088,-0.007,0
1400,34,0,8,0.948,0.57,0.874,1.0,0.38,0.248,0
1401,44,1,4,0.686,0.637,0.372,0.0,-0.079,0.076,0
1402,68,1,10,0.948,0.555,0.762,0.5,0.264,0.066,0
1403,33,0,4,0.783,0.525,0.866,0.0,0.438,0.101,0
1404,47,1,7,0.914,0.416,0.519,0.0,0.059,-0.103,0
1405,64,1,4,0.817,0.62,0.487,0.0,0.2,-0.029,0
1406,43,0,9,0.855,0.56,0.976,0.5,0.35,0.259,0
1407,48,1,9,0.7,0.609,0.774,0.0,0.284,0.005,0
1408,68,0,12,1.08,0.561,0.923,0.25,0.236,0.091,0
1409,45,1,8,0.901,0.506,0.603,0.0,0.201,0.203,0
1410,38,1,5,0.563,0.549,0.735,1.0,0.298,-0.24,0
1411,77,1,5,0.984,0.635,0.826,0.0,0.508,0.351,1
1412,64,1,9,0.855,0.641,0.803,0.0,0.223,0.162,0
1413,68,1,8,0.952,0.552,0.834,0.0,0.477,0.186,0
1414,35,1,5,0.629,0.545,0.551,1.0,-0.082,-0.19,0
1415,35,1,12,0.994,0.524,0.692,0.0,0.249,0.279,0
1416,30,0,4,0.881,0.523,0.7,0.0,0.442,0.101,0
1417,72,0,6,0.895,0.573,0.701,0.0,0.347,0.111,0
1418,73,0,3,0.867,0.554,0.439,0.5,-0.155,0.17,0
1419,71,0,12,1.11,0.516,0.772,0.0,0.221,0.305,0
1420,80,1,4,0.895,0.7,0.641,0.75,0.225,0.276,1
1421,38,1,11,1.127,0.559,0.639,1.0,0.199,0.235,0
1422,42,1,7,0.807,0.619,0.674,0.0,0.382,-0.154,0
1423,44,0,8,0.7,0.673,0.95,0.0,0.319,-0.181,0
1424,79,0,8,0.668,0.501,0.757,0.5,0.402,-0.05,0
1425,71,0,3,0.767,0.575,0.56,0.5,0.158,0.024,0
1426,48,1,6,0.723,0.568,0.97,0.5,0.6,0.056,0
1427,80,1,10,0.917,0.594,0.7,1.0,0.345,0.143,0
1428,32,1,8,0.918,0.611,0.765,1.0,0.44,0.22,0
1429,55,0,9,0.917,0.614,0.887,0.25,0.068,0.044,0
1430,44,0,12,1.156,0.577,0.865,0.25,0.34,0.359,0
1431,48,1,10,0.952,0.636,0.835,0.75,0.465,0.23,0
1432,60,0,7,0.765,0.468,0.766,1.0,0.398,0.044,0
1433,60,1,5,0.844,0.481,0.685,0.0,-0.125,0.031,0
1434,40,1,12,1.101,0.525,0.747,0.0,0.459,0.397,0
1435,71,1,6,0.721,0.633,0.809,0.25,0.088,-0.074,0
1436,80,0,7,0.89,0.603,0.55,1.0,0.096,0.27,0
1437,56,1,11,0.949,0.598,0.733,0.0,0.249,0.247,0
1438,30,0,3,0.913,0.683,0.477,0.5,-0.1,0.313,0
1439,52,0,11,1.054,0.436,1.053,0.0,0.681,0.318,0
1440,51,1,8,0.816,0.649,0.811,0.75,0.301,0.118,0
1441,38,0,3,0.888,0.627,0.265,0.0,0.001,0.198,0
1442,72,0,8,0.848,0.505,0.462,0.0,0.049,0.048,0
1443,79,1,7,1.133,0.574,0.848,0.0,0.184,0.223,0
1444,36,1,7,0.888,0.417,0.745,0.25,0.715,0.079,0
1445,43,1,6,0.899,0.646,0.622,0.25,-0.037,0.191,0
1446,53,1,6,0.581,0.548,0.7,0.75,0.01,-0.228,0
1447,78,0,8,0.7,0.606,0.86,0.75,0.084,0.099,1
1448,72,1,4,0.597,0.632,0.446,0.0,0.116,-0.281,0
1449,44,1,4,0.983,0.812,0.634,1.0,0.365,0.231,0
1450,76,1,9,0.944,0.656,1.047,0.25,0.425,0.387,0
1451,55,0,9,1.097,0.478,1.044,0.75,0.537,0.296,0
1452,38,0,4,0.735,0.761,0.413,0.75,-0.21,0.097,0
1453,37,1,12,1.107,0.565,0.883,0.0,0.333,0.219,0
1454,81,1,9,1.049,0.575,0.904,0.0,0.434,0.299,0
1455,52,0,8,0.789,0.56,0.64,0.0,0.004,0.106,0
1456,73,0,11,0.856,0.49,0.749,0.0,0.184,0.055,0
1457,72,0,4,0.668,0.611,0.9,0.0,0.507,-0.11,0
1458,62,0,5,0.915,0.518,0.7,0.0,-0.043,0.327,0
1459,50,1,12,0.924,0.576,0.971,0.0,0.593,0.034,0
1460,30,1,8,0.74,0.625,1.03,0.0,0.625,-0.037,0
1461,35,1,4,0.961,0.758,0.798,0.0,0.631,0.194,0
1462,36,0,3,0.835,0.725,0.398,1.0,-0.302,-0.133,0
1463,68,0,11,0.94,0.557,0.947,0.0,0.385,0.057,0
1464,39,1,7,0.919,0.496,0.739,0.5,0.176,0.227,0
1465,33,0,9,0.98,0.621,0.7,0.25,0.064,0.099,0
1466,57,1,7,0.905,0.69,0.96,0.5,0.783,0.128,0
1467,47,1,10,0.781,0.514,0.687,0.0,0.388,-0.167,0
1468,58,1,8,0.937,0.567,0.618,0.5,-0.049,0.093,0
1469,60,0,10,0.934,0.439,1.03,0.0,0.625,0.351,0
1470,41,1,3,0.845,0.591,0.888,1.0,0.324,0.188,0
1471,37,1,10,1.08,0.57,0.969,0.0,0.544,0.331,0
1472,76,0,9,0.777,0.7,0.639,0.5,0.287,0.023,0
1473,31,0,7,0.773,0.575,0.902,0.0,0.479,0.212,0
1474,50,1,8,0.866,0.493,0.656,0.25,0.559,0.134,0
1475,53,0,6,0.798,0.535,0.614,0.0,0.094,0.102,0
1476,78,1,8,1.007,0.706,0.929,0.0,0.577,0.425,0
1477,57,0,5,0.773,0.585,0.732,0.25,0.21,0.153,0
1478,34,1,4,0.831,0.545,0.565,1.0,0.321,-0.069,0
1479,62,1,5,0.871,0.507,0.484,0.25,0.143,0.146,0
1480,68,0,3,0.862,0.617,0.664,0.25,0.062,0.262,0
1481,81,1,4,0.897,0.593,0.7,0.5,0.748,0.312,0
1482,73,1,8,0.928,0.598,0.516,0.0,0.094,0.221,0
1483,40,0,8,0.737,0.722,0.593,0.0,0.116,0.128,0
1484,41,0,3,0.909,0.528,0.784,0.0,0.389,0.315,0
1485,36,1,3,0.8,0.571,0.301,0.75,-0.206,0.231,0
1486,71,0,12,0.86,0.618,0.762,0.25,0.35,0.134,0
1487,40,1,8,0.937,0.581,0.933,0.0,0.342,0.377,0
1488,75,1,7,0.756,0.595,0.617,1.0,0.307,0.122,0
1489,44,0,8,0.772,0.7,0.67,0.0,0.042,0.278,0
1490,66,1,12,0.995,0.456,0.867,0.5,0.468,0.231,0
1491,59,0,6,0.948,0.666,0.7,0.5,0.332,0.079,0
1492,49,0,9,0.717,0.468,0.629,0.0,0.22,-0.168,0
1493,83,1,7,0.99,0.585,0.434,0.0,-0.452,0.15,0
1494,71,1,9,0.933,0.506,0.866,0.5,0.453,0.265,0
1495,33,0,8,0.887,0.632,0.641,1.0,0.356,0.05,0
1496,68,0,11,0.862,0.486,0.832,0.25,0.531,0.247,0
1497,79,0,12,0.765,0.327,1.125,0.0,0.827,0.151,0
1498,63,1,4,1.026,0.7,0.486,0.0,-0.214,-0.012,0
1499,70,0,4,1.014,0.683,0.553,0.25,0.118,0.352,0
1500,48,1,9,1.07,0.61,0.726,0.0,0.174,0.368,0
1501,46,0,4,0.7,0.611,0.779,0.25,0.132,-0.2,0
1502,68,1,7,0.872,0.679,0.59,0.0,-0.091,0.25,0
1503,47,0,11,0.823,0.5,0.678,0.75,0.23,0.199,0
1504,81,1,9,0.802,0.512,0.612,0.0,0.085,0.071,0
1505,65,0,7,1.041,0.626,0.751,1.0,0.532,0.291,0
1506,71,0,7,0.66,0.663,0.769,1.0,0.22,-0.138,0
1507,78,0,11,0.745,0.563,0.646,0.0,0.017,0.048,0
1508,37,1,3,0.726,0.596,0.375,0.0,-0.174,-0.138,0
1509,43,0,7,1.01,0.526,0.877,0.0,0.6,0.446,0
1510,65,1,3,0.857,0.591,0.685,0.0,0.084,0.226,0
1511,80,1,5,0.889,0.483,0.666,0.0,0.178,0.052,0
1512,80,0,3,0.994,0.622,0.441,0.75,-0.023,0.099,0
1513,45,0,9,0.958,0.764,0.435,1.0,-0.02,0.156,0
1514,66,1,12,0.995,0.603,0.976,1.0,0.508,0.138,1
1515,75,0,5,1.004,0.451,0.684,0.0,0.3,0.045,0
1516,64,1,11,0.999,0.478,0.981,0.0,0.698,0.061,0
1517,55,0,7,0.983,0.568,0.622,0.75,0.089,0.381,0
1518,77,0,7,0.732,0.53,0.617,0.25,0.138,0.147,0
1519,36,1,7,0.803,0.668,0.773,0.5,0.406,0.122,0
1520,50,1,4,0.837,0.692,0.624,0.25,0.077,0.082,0
1521,58,1,9,0.856,0.53,0.798,0.0,0.304,0.194,0
1522,50,1,12,1.042,0.501,0.659,0.0,0.025,0.26,0
1523,80,0,12,0.832,0.376,0.876,0.0,0.651,0.13,0
1524,31,0,12,0.857,0.458,0.863,1.0,0.438,0.189,0
1525,42,1,11,0.996,0.495,1.003,0.75,0.62,0.277,0
1526,53,0,3,0.777,0.544,0.611,0.5,-0.003,0.077,0
1527,67,1,9,0.7,0.709,0.989,0.0,0.263,0.059,0
1528,76,1,7,0.854,0.628,0.586,0.25,0.147,0.049,0
1529,38,1,9,0.715,0.518,0.799,0.0,0.15,-0.103,0
1530,55,0,3,0.697,0.566,0.7,0.5,0.408,0.014,0
1531,60,0,8,0.892,0.444,0.702,0.0,0.3,0.009,0
1532,81,1,9,0.935,0.623,1.041,0.75,0.459,0.155,0
1533,82,0,3,0.596,0.7,0.319,0.5,0.122,-0.279,0
1534,39,0,11,0.89,0.467,0.856,0.5,0.358,0.126,0
1535,69,0,11,0.872,0.593,0.935,0.25,0.484,0.314,0
1536,65,0,7,0.606,0.481,0.491,0.0,-0.138,-0.025,0
1537,67,0,8,0.957,0.537,0.598,0.0,0.163,0.18,0
1538,65,0,6,0.858,0.594,0.653,0.5,-0.047,-0.047,0
1539,79,0,4,0.961,0.681,0.526,1.0,-0.212,0.344,0
1540,81,1,7,0.956,0.578,0.73,0.0,0.448,0.338,0
1541,67,0,12,0.7,0.704,1.023,0.5,0.799,-0.081,0
1542,75,1,12,0.941,0.54,0.731,0.25,0.108,0.264,0
1543,51,0,3,0.72,0.643,0.7,0.0,0.316,0.082,0
1544,31,0,12,0.848,0.621,0.844,1.0,0.609,0.087,0
1545,42,0,7,0.964,0.519,0.92,0.75,0.489,-0.002,0
1546,66,1,9,1.063,0.488,0.953,0.25,0.219,0.276,1
1547,67,0,10,0.872,0.574,0.79,0.0,0.523,0.067,0
1548,76,1,6,0.739,0.588,0.521,1.0,0.055,0.049,1
1549,45,0,9,1.067,0.579,1.016,0.0,0.395,0.412,0
1550,50,0,4,0.782,0.565,0.208,0.0,-0.146,0.033,0
1551,55,1,6,0.706,0.578,0.696,1.0,0.075,-0.198,0
1552,36,0,7,0.992,0.604,0.7,1.0,0.565,0.177,0
1553,80,1,7,0.954,0.635,0.71,0.0,0.364,0.377,0
1554,69,0,12,0.909,0.496,0.917,0.0,0.365,0.068,0
1555,36,1,4,1.063,0.516,0.601,0.25,0.049,0.413,0
1556,58,1,6,0.505,0.566,0.463,0.0,0.082,-0.047,0
1557,81,1,11,0.942,0.535,1.116,0.25,0.668,-0.006,1
1558,81,1,9,0.99,0.538,0.726,0.0,0.248,-0.012,0
1559,47,1,3,0.793,0.657,0.176,0.0,-0.511,0.077,0
1560,54,0,8,1.032,0.629,0.775,0.0,0.28,0.106,0
1561,49,1,11,0.989,0.643,0.686,0.0,0.375,0.409,0
1562,39,1,10,0.826,0.651,0.95,0.25,0.739,-0.043,0
1563,58,0,12,1.147,0.555,0.695,0.0,0.415,0.444,0
1564,49,0,12,0.929,0.632,0.843,0.0,0.045,0.35,0
1565,52,0,8,0.932,0.696,0.829,0.75,0.382,0.163,0
1566,34,0,6,1.139,0.602,0.4,0.25,-0.123,0.297,0
1567,58,1,6,0.57,0.599,0.685,0.0,0.226,-0.092,0
1568,43,1,12,1.38,0.42,0.903,0.25,0.448,0.571,0
1569,50,0,9,1.063,0.544,0.654,0.5,0.291,0.338,0
1570,82,1,6,0.767,0.647,0.492,0.0,-0.18,0.106,0
1571,84,0,11,0.872,0.591,1.061,0.0,0.467,0.159,0
1572,43,0,8,1.011,0.652,0.607,0.5,0.314,0.039,0
1573,66,1,11,1.128,0.592,1.046,0.75,0.39,0.173,0
1574,38,0,10,0.756,0.519,1.031,1.0,0.432,-0.084,0
1575,77,1,9,0.924,0.622,0.338,0.0,-0.205,0.241,0
1576,80,0,11,0.889,0.617,0.815,0.5,0.497,-0.031,0
1577,33,0,4,0.989,0.668,0.314,0.0,-0.449,0.078,0
1578,40,1,8,0.879,0.594,0.804,0.5,0.439,0.223,0
1579,31,1,10,0.925,0.616,0.907,0.0,0.313,0.088,0
1580,55,0,6,0.749,0.726,0.756,0.0,0.321,-0.029,0
1581,76,0,12,0.877,0.488,1.004,0.0,0.388,0.108,0
1582,54,1,12,0.962,0.645,0.837,0.75,0.314,0.189,0
1583,38,0,6,0.631,0.577,0.766,0.0,0.218,-0.197,0
1584,32,1,10,0.766,0.636,0.971,0.5,0.392,-0.15,0
1585,60,0,11,0.823,0.528,1.05,0.0,0.624,0.11,0
1586,71,0,5,0.564,0.484,0.408,0.75,-0.146,-0.292,0
1587,75,0,5,0.922,0.655,0.606,0.0,0.162,0.134,0
1588,69,0,7,0.788,0.709,0.696,0.0,-0.082,0.001,0
1589,38,0,8,0.672,0.593,0.645,0.75,0.152,-0.125,0
1590,32,1,10,1.078,0.631,0.849,0.25,0.348,0.048,0
1591,52,1,6,0.956,0.513,0.805,0.25,0.591,0.21,0
1592,55,0,9,0.754,0.716,0.803,0.0,0.338,0.067,0
1593,71,0,10,0.634,0.653,0.953,0.0,0.154,-0.148,0
1594,49,1,4,0.692,0.648,0.619,0.0,0.047,-0.008,0
1595,34,0,4,0.997,0.51,0.7,0.0,0.228,0.265,0
1596,36,1,3,0.876,0.705,0.464,0.25,-0.041,0.113,0
1597,67,0,9,1.037,0.64,0.744,0.25,-0.049,0.148,0
1598,33,0,7,0.862,0.618,0.565,0.0,-0.005,0.162,0
1599,40,0,8,0.875,0.732,0.714,0.0,0.287,0.258,0
1600,71,1,7,0.761,0.606,0.775,0.0,0.525,0.006,0
1601,67,1,10,1.065,0.758,0.912,0.0,0.483,0.196,0
1602,52,1,6,0.995,0.566,0.569,0.25,-0.078,0.118,0
1603,49,0,7,0.924,0.529,0.987,0.5,0.657,0.383,0
1604,82,0,3,0.856,0.7,0.533,0.0,0.018,0.156,0
1605,79,1,3,0.88,0.689,0.612,0.0,-0.264,0.058,0
1606,59,1,11,0.709,0.59,0.714,0.5,0.233,0.143,0
1607,43,0,10,0.658,0.472,0.781,0.75,0.364,-0.132,0
1608,57,1,3,0.805,0.585,0.699,0.0,0.215,0.045,0
1609,82,1,4,0.774,0.579,0.633,0.0,-0.067,0.126,0
1610,37,0,12,1.154,0.625,0.759,0.0,0.521,0.473,0
1611,30,0,12,1.275,0.564,1.061,0.5,0.213,0.483,0
1612,55,0,3,0.606,0.634,0.572,0.5,0.05,-0.084,0
1613,73,1,8,0.86,0.526,0.742,0.0,0.042,0.341,0
1614,52,1,4,0.909,0.46,0.047,0.5,-0.184,0.241,0
1615,62,1,6,1.06,0.465,0.587,1.0,0.005,0.223,0
1616,36,1,5,0.627,0.573,0.77,0.5,0.26,-0.219,0
1617,70,1,12,1.15,0.637,1.008,0.75,0.222,0.307,0
1618,68,1,9,0.998,0.754,0.648,0.0,-0.013,0.422,0
1619,60,0,4,0.768,0.579,0.561,0.25,0.221,-0.058,0
1620,36,0,3,0.797,0.548,0.463,0.0,0.264,0.129,0
1621,56,1,4,0.852,0.71,0.546,0.0,0.233,0.152,0
1622,76,1,7,0.851,0.617,0.614,0.0,-0.21,-0.075,1
1623,53,1,4,1.003,0.599,0.633,0.0,0.435,0.304,0
1624,49,0,10,0.752,0.584,0.805,0.0,0.378,-0.09,0
1625,73,0,6,1.094,0.591,0.632,0.5,-0.019,0.438,0
1626,64,0,12,0.89,0.537,0.959,0.0,0.238,0.088,0
1627,73,1,11,0.893,0.655,0.869,0.5,0.461,0.119,1
1628,40,0,9,1.069,0.591,0.668,0.5,0.218,0.31,0
1629,49,1,4,0.934,0.559,0.427,0.25,0.125,0.218,0
1630,70,1,7,0.775,0.655,0.881,0.5,0.008,0.067,0
1631,67,0,11,0.958,0.47,0.826,0.5,0.39,0.367,0
1632,61,1,6,1.041,0.554,0.478,0.0,0.117,0.298,0
1633,67,0,10,0.805,0.595,0.95,0.25,0.411,0.042,0
1634,65,0,12,0.897,0.532,0.879,0.25,0.793,0.346,0
1635,59,1,5,0.894,0.563,0.592,0.25,0.473,0.104,0
1636,46,0,8,0.987,0.7,0.39,0.0,0.055,0.363,0
1637,35,0,9,0.816,0.467,0.824,0.0,0.015,0.081,0
1638,30,0,9,0.7,0.558,0.628,0.25,0.341,-0.244,0
1639,55,1,7,0.593,0.593,0.622,0.0,-0.078,-0.097,0
1640,52,1,5,0.886,0.618,0.363,0.0,-0.437,-0.01,0
1641,55,1,4,0.928,0.517,0.652,0.0,0.115,0.278,0
1642,40,1,8,1.042,0.585,0.585,0.0,0.08,0.39,0
1643,72,1,8,0.848,0.495,0.48,0.25,0.111,0.211,0
1644,50,1,3,0.833,0.602,0.361,0.25,-0.121,0.121,0
1645,78,0,12,1.053,0.475,1.031,0.5,0.585,0.23,0
1646,73,0,3,0.673,0.707,0.687,0.5,0.215,0.028,0
1647,40,0,11,1.071,0.47,0.804,0.0,0.421,0.341,0
1648,40,0,4,0.815,0.662,0.222,0.0,-0.32,-0.032,0
1649,67,1,11,0.7,0.493,0.793,0.25,0.389,0.0,0
1650,59,0,8,0.844,0.349,0.745,0.0,0.25,0.14,0
1651,45,0,5,0.89,0.673,0.889,0.75,0.441,0.22,0
1652,38,0,8,0.787,0.482,0.55,1.0,0.209,0.11,0
1653,33,1,10,0.889,0.48,0.615,0.0,-0.085,0.177,0
1654,47,1,3,0.807,0.641,0.511,0.5,-0.032,0.148,0
1655,55,0,5,0.681,0.586,0.562,1.0,0.115,-0.122,1
1656,72,1,8,0.7,0.553,0.824,0.5,0.247,-0.081,0
1657,61,1,4,0.801,0.664,0.567,0.25,-0.133,0.129,0
1658,64,0,4,0.771,0.606,0.606,0.0,0.378,0.026,0
1659,76,0,6,0.848,0.499,0.529,0.5,0.209,0.028,0
1660,80,1,7,0.851,0.577,0.624,1.0,0.455,0.002,1
1661,60,0,7,1.027,0.635,0.762,0.5,0.113,0.357,0
1662,72,1,5,0.723,0.64,0.911,0.0,0.061,-0.027,0
1663,81,1,10,1.001,0.712,0.957,0.0,0.257,0.319,1
1664,41,1,3,0.89,0.561,0.615,0.0,0.209,0.113,0
1665,34,0,11,0.882,0.593,0.807,0.5,0.438,0.115,0
1666,53,1,5,1.101,0.568,0.575,0.5,0.22,0.173,0
1667,50,0,7,0.833,0.769,0.62,0.25,-0.053,0.057,0
1668,70,1,3,0.757,0.588,0.634,0.25,0.044,0.051,0
1669,37,0,5,0.898,0.519,0.651,0.5,0.353,0.304,0
1670,81,0,7,0.781,0.646,0.902,0.0,0.291,-0.051,0
1671,55,1,11,0.795,0.609,0.963,0.0,0.674,0.256,0
1672,57,0,7,0.621,0.538,0.488,0.5,0.005,0.011,0
1673,34,0,8,0.982,0.531,0.577,0.0,-0.0,0.281,0
1674,61,1,10,0.939,0.482,0.571,0.25,0.188,0.149,1
1675,54,0,3,0.79,0.601,0.547,0.25,-0.106,-0.191,0
1676,43,0,8,1.015,0.612,0.467,0.0,-0.038,0.411,0
1677,54,1,11,0.865,0.489,1.093,0.0,0.971,0.23,0
1678,77,1,10,1.036,0.487,0.7,0.0,0.185,0.264,0
1679,64,0,4,0.649,0.67,-0.023,0.5,-0.874,-0.046,0
1680,36,1,11,1.109,0.488,0.595,0.25,0.214,0.477,0
1681,64,0,8,0.918,0.69,0.708,1.0,0.169,0.18,0
1682,38,0,5,0.711,0.55,0.43,1.0,0.12,-0.138,0
1683,32,0,9,1.021,0.68,1.035,0.75,0.491,0.361,0
1684,54,0,10,0.897,0.539,0.643,0.75,0.228,-0.002,0
1685,30,1,12,0.922,0.399,1.103,1.0,0.669,0.332,0
1686,52,0,6,0.796,0.7,0.386,0.25,-0.145,0.04,0
1687,64,0,5,0.952,0.625,0.514,0.25,-0.184,0.178,0
1688,37,1,4,1.187,0.514,0.636,0.75,0.122,0.487,0
1689,38,1,8,0.979,0.549,0.993,0.0,0.614,0.262,0
1690,57,1,11,1.042,0.585,0.722,0.0,0.667,0.264,0
1691,39,0,3,0.857,0.694,0.523,0.0,-0.111,-0.023,0
1692,84,1,6,0.812,0.583,0.593,0.5,0.229,-0.142,0
1693,65,1,7,0.75,0.388,0.628,0.25,0.186,0.069,0
1694,35,1,5,0.752,0.678,0.506,1.0,0.231,-0.156,0
1695,73,1,6,0.802,0.551,0.564,0.25,-0.205,0.153,0
1696,41,1,5,0.693,0.518,0.605,0.25,0.233,-0.143,0
1697,45,1,7,0.703,0.576,0.69,0.0,0.363,-0.133,0
1698,52,0,6,0.786,0.658,0.795,0.0,0.213,0.045,0
1699,80,1,10,1.145,0.622,1.019,0.0,0.757,0.41,0
1700,54,1,6,0.75,0.492,0.885,0.25,0.384,0.092,0
1701,53,0,7,1.065,0.575,0.603,1.0,0.068,0.32,0
1702,41,1,3,0.787,0.609,0.335,0.75,0.136,0.006,0
1703,51,0,10,1.066,0.553,0.392,0.0,-0.096,0.478,0
1704,60,0,12,0.963,0.505,0.716,0.25,0.258,0.295,0
1705,76,0,7,0.949,0.559,0.649,0.0,0.32,0.281,0
1706,69,0,5,0.802,0.541,0.618,1.0,0.118,-0.028,0
1707,39,1,10,0.701,0.548,0.758,0.25,0.616,-0.21,0
1708,79,0,4,0.948,0.679,0.985,0.25,-0.011,0.388,1
1709,80,1,12,0.952,0.504,1.077,0.25,0.719,0.096,0
1710,46,1,3,0.974,0.529,0.537,0.75,0.201,0.002,0
1711,46,1,10,1.156,0.517,0.722,0.0,0.433,0.52,0
1712,84,1,7,0.846,0.584,0.787,0.0,0.281,0.005,1
1713,50,1,10,0.765,0.538,0.939,0.75,0.074,0.257,0
1714,39,0,8,0.811,0.628,0.939,0.0,0.483,-0.022,0
1715,54,1,6,0.625,0.563,0.789,0.75,0.228,-0.036,0
1716,64,0,7,0.942,0.343,0.722,0.5,0.259,0.068,0
1717,38,1,10,0.952,0.682,0.907,0.0,0.333,0.377,0
1718,79,0,10,0.971,0.518,0.796,0.0,0.46,0.12,0
1719,69,1,5,0.659,0.607,0.73,0.0,0.415,-0.223,0
1720,72,0,12,1.054,0.43,0.838,0.0,0.389,0.453,1
1721,72,0,9,1.184,0.604,0.556,0.0,-0.044,0.388,0
1722,43,1,4,0.828,0.636,0.534,0.25,0.022,-0.07,0
1723,64,1,12,0.91,0.703,0.893,0.25,0.193,0.344,0
1724,80,1,10,1.021,0.61,0.937,0.0,0.451,0.139,0
1725,46,0,9,0.932,0.537,0.7,0.0,0.259,0.17,0
1726,50,0,5,0.817,0.592,0.626,0.25,0.048,0.143,0
1727,41,1,7,0.691,0.623,0.738,0.25,0.367,-0.024,0
1728,47,0,9,0.806,0.475,0.625,0.5,0.227,0.099,0
1729,81,0,9,0.842,0.549,0.723,0.75,0.086,0.166,0
1730,65,1,7,1.07,0.55,1.077,0.0,0.789,0.135,0
1731,33,0,11,1.119,0.403,0.825,0.0,0.458,0.309,0
1732,75,0,4,0.7,0.583,0.572,0.0,0.232,0.032,0
1733,60,0,6,0.856,0.701,0.426,0.25,-0.357,0.199,0
1734,77,0,10,1.007,0.568,0.751,0.0,0.173,0.175,0
1735,40,0,3,0.675,0.757,0.602,0.0,0.116,0.066,0
1736,74,1,6,0.885,0.497,0.574,0.0,0.16,0.115,0
1737,63,0,6,1.001,0.7,0.523,0.0,0.061,0.212,0
1738,74,0,7,0.68,0.566,0.837,0.25,0.475,-0.005,0
1739,66,1,3,0.86,0.522,0.521,0.0,-0.11,-0.258,0
1740,52,1,9,1.005,0.491,0.759,0.0,0.213,0.106,0
1741,49,0,5,0.791,0.601,0.472,0.75,-0.215,0.043,0
1742,63,0,3,0.83,0.68,0.49,0.5,0.205,0.024,0
1743,73,1,9,0.869,0.604,0.729,0.25,-0.024,0.252,0
1744,46,1,4,0.789,0.7,0.934,0.0,0.335,0.18,0
1745,47,1,12,0.915,0.513,1.106,0.25,0.728,0.037,0
1746,47,1,12,0.94,0.39,1.041,0.5,0.355,0.185,1
1747,48,0,3,0.844,0.66,0.803,0.75,0.117,0.307,0
1748,41,0,9,0.84,0.7,0.851,0.0,0.304,0.147,0
1749,54,1,12,1.119,0.513,0.997,0.0,0.583,0.277,0
1750,81,0,4,0.465,0.624,0.783,1.0,0.351,-0.131,0
1751,84,1,8,0.703,0.658,0.889,0.0,0.045,-0.196,0
1752,39,0,4,0.994,0.597,0.7,0.0,0.316,0.343,0
1753,42,0,10,0.974,0.522,1.057,0.0,0.836,0.107,0
1754,79,1,3,0.944,0.593,0.573,1.0,0.362,0.273,0
1755,36,0,10,0.782,0.677,0.759,0.75,0.034,-0.121,0
1756,47,0,12,0.967,0.431,0.851,0.0,0.505,-0.018,0
1757,30,1,4,0.741,0.518,0.801,0.5,0.246,-0.072,0
1758,65,0,5,0.684,0.611,0.758,0.0,0.17,0.127,0
1759,49,1,3,0.879,0.7,0.511,0.5,0.046,-0.024,0
1760,35,1,12,1.133,0.556,0.834,0.0,0.026,0.299,0
1761,50,0,12,0.893,0.383,0.793,0.75,0.59,0.115,0
1762,30,1,12,0.99,0.7,0.939,0.5,0.417,0.018,0
1763,75,1,4,0.925,0.662,0.523,0.0,0.203,0.31,0
1764,66,0,3,0.723,0.445,0.428,1.0,-0.245,-0.024,0
1765,57,1,5,1.167,0.69,0.599,0.25,0.175,0.314,0
1766,62,0,11,0.896,0.552,1.059,0.25,0.687,0.302,0
1767,42,0,7,0.729,0.552,0.748,0.0,-0.045,0.094,0
1768,44,1,3,0.806,0.576,0.412,0.25,0.111,0.184,0
1769,64,1,12,1.097,0.585,0.955,0.0,0.704,0.508,0
1770,42,1,9,0.83,0.654,0.926,0.25,0.371,0.028,0
1771,47,0,9,0.976,0.542,1.04,0.0,0.453,0.344,0
1772,57,0,11,0.7,0.643,0.946,1.0,0.271,0.144,0
1773,54,1,9,0.976,0.547,0.609,0.25,0.188,0.211,0
1774,65,0,12,1.203,0.552,1.175,0.75,0.581,0.538,0
1775,41,1,11,0.962,0.565,0.933,0.5,0.233,0.446,0
1776,76,0,8,0.809,0.648,0.723,0.0,0.078,-0.049,0
1777,58,0,9,0.82,0.599,0.791,0.0,0.348,-0.001,0
1778,71,1,9,0.993,0.597,0.689,0.0,-0.038,0.261,1
1779,58,0,8,0.863,0.653,0.911,0.25,0.058,-0.021,1
1780,38,1,10,0.752,0.525,0.902,0.0,0.57,0.095,0
1781,60,1,6,0.936,0.54,0.869,0.0,0.441,0.114,0
1782,62,1,3,0.7,0.579,0.442,0.25,-0.05,-0.11,0
1783,47,0,9,0.861,0.585,0.869,1.0,0.184,-0.061,0
1784,66,0,12,0.823,0.517,0.808,0.75,0.234,0.291,1
1785,61,1,4,0.704,0.652,0.596,0.0,0.05,-0.103,0
1786,39,1,5,0.944,0.543,0.806,0.75,0.176,0.07,0
1787,41,1,6,0.948,0.571,0.7,1.0,0.135,0.5,0
1788,63,1,10,0.693,0.572,0.952,0.5,0.317,-0.154,0
1789,38,1,8,0.91,0.604,0.733,0.0,0.007,0.177,0
1790,54,0,7,0.929,0.569,0.482,0.0,0.003,0.128,0
1791,65,0,7,0.92,0.537,0.844,0.25,0.646,0.046,0
1792,53,0,8,0.7,0.627,0.879,0.5,0.562,-0.251,0
1793,72,1,9,1.081,0.581,0.843,0.0,0.271,0.442,0
1794,47,0,12,0.921,0.497,0.787,0.0,-0.042,0.247,0
1795,74,1,10,0.875,0.544,0.681,0.0,0.383,0.134,0
1796,44,0,7,0.96,0.528,0.741,0.75,0.211,0.235,0
1797,55,0,5,1.014,0.567,0.382,0.0,0.174,0.302,0
1798,72,1,7,1.017,0.598,0.717,0.5,0.101,0.191,0
1799,68,0,6,0.821,0.634,0.69,0.0,-0.028,0.01,0
1800,41,1,8,0.882,0.57,0.589,0.0,0.385,0.213,0
1801,47,0,4,0.609,0.616,0.909,1.0,0.354,-0.071,0
1802,41,0,12,0.955,0.643,0.844,1.0,0.307,0.231,0
1803,83,1,4,0.584,0.63,0.91,0.25,0.751,-0.228,0
1804,60,1,11,0.936,0.673,0.871,0.25,0.314,0.144,0
1805,59,0,4,0.728,0.654,0.404,0.0,-0.069,-0.069,0
1806,42,0,3,0.786,0.726,0.508,0.0,-0.192,-0.044,0
1807,34,0,10,0.934,0.615,0.953,0.0,0.613,0.49,0
1808,64,1,4,0.888,0.597,0.616,0.0,0.063,0.079,0
1809,68,1,11,1.031,0.517,0.668,0.0,0.006,0.165,0
1810,49,1,6,0.73,0.611,0.459,0.25,-0.291,0.065,0
1811,49,1,6,0.866,0.526,0.484,0.0,-0.037,0.229,0
1812,45,0,7,0.876,0.63,0.774,0.5,0.302,0.086,0
1813,57,0,3,0.687,0.561,0.529,0.5,-0.444,-0.12,0
1814,78,0,12,0.97,0.589,1.002,0.0,0.593,0.377,0
1815,77,1,5,0.69,0.492,0.501,0.0,0.036,0.189,0
1816,51,1,5,0.884,0.501,0.859,0.5,0.353,0.291,0
1817,50,0,6,0.747,0.558,0.906,0.0,0.498,0.094,0
1818,32,1,9,0.783,0.631,0.636,0.25,0.284,0.131,0
1819,47,1,4,0.622,0.801,0.861,0.0,0.161,-0.034,0
1820,73,0,8,0.771,0.509,0.647,0.75,-0.051,0.03,0
1821,39,0,7,0.918,0.566,0.862,0.0,0.521,0.107,0
1822,55,1,10,1.042,0.623,0.861,1.0,0.41,0.247,0
1823,34,0,8,0.762,0.464,0.902,0.0,0.271,0.106,0
1824,68,0,11,0.742,0.64,0.759,1.0,-0.032,-0.153,0
1825,74,0,9,1.16,0.564,1.027,1.0,0.638,0.355,0
1826,79,0,9,0.736,0.627,0.782,0.0,0.529,0.026,0
1827,81,1,12,1.111,0.626,0.655,0.25,0.274,0.384,0
1828,48,0,4,0.865,0.57,0.997,0.0,0.646,0.161,0
1829,32,1,6,0.846,0.55,0.09,0.0,-0.314,-0.085,0
1830,61,1,8,0.898,0.585,0.713,1.0,0.209,-0.053,0
1831,67,1,12,0.866,0.572,0.911,0.0,0.399,0.142,0
1832,46,1,5,0.898,0.583,0.608,0.25,-0.119,0.222,0
1833,67,1,9,0.9,0.466,0.906,0.0,0.482,0.172,0
1834,80,0,10,0.923,0.501,1.244,1.0,0.779,0.007,0
1835,52,0,8,0.952,0.599,0.721,0.25,0.436,0.088,0
1836,65,0,7,0.869,0.622,0.963,0.25,0.778,-0.063,0
1837,37,0,6,0.805,0.507,0.631,0.75,0.095,0.028,0
1838,46,0,11,1.067,0.687,0.802,0.5,0.319,0.278,0
1839,58,1,6,0.774,0.637,0.587,0.0,0.119,0.28,0
1840,30,0,10,0.964,0.652,0.754,0.0,0.192,0.182,0
1841,78,1,6,0.843,0.632,0.711,0.0,0.209,0.143,0
1842,68,1,5,0.911,0.574,0.527,0.0,0.073,0.221,0
1843,59,0,5,0.699,0.571,0.818,0.0,0.478,-0.027,0
1844,69,1,3,0.456,0.459,0.5,0.0,0.062,-0.268,0
1845,74,1,3,0.723,0.479,0.56,0.0,0.12,-0.272,0
1846,32,0,12,0.989,0.518,0.985,0.0,0.742,0.064,0
1847,61,1,10,0.953,0.605,0.713,0.0,0.276,0.253,0
1848,33,1,7,0.761,0.539,0.663,0.0,0.196,-0.008,0
1849,52,0,7,0.967,0.62,0.834,0.5,-0.03,0.371,0
1850,70,1,11,0.819,0.7,0.771,0.0,0.36,0.166,0
1851,56,1,8,0.908,0.57,0.506,0.0,0.222,0.177,0
1852,70,1,6,0.962,0.543,0.696,0.0,0.433,0.202,0
1853,62,1,4,0.839,0.716,0.515,0.5,0.266,0.244,0
1854,69,1,7,0.829,0.562,0.848,0.25,0.412,0.111,0
1855,59,0,5,0.899,0.555,0.504,0.0,0.18,0.262,0
1856,31,1,5,0.65,0.468,0.503,0.0,0.015,0.091,0
1857,32,1,8,0.838,0.545,0.7,0.0,0.305,0.057,0
1858,76,0,4,0.78,0.663,0.432,0.0,0.166,-0.118,0
1859,84,0,8,0.993,0.611,0.519,1.0,0.041,0.138,1
1860,72,0,12,1.02,0.549,1.003,0.0,0.303,0.441,0
1861,54,0,11,0.906,0.568,0.968,0.75,0.585,0.195,0
1862,70,0,9,1.31,0.636,0.552,0.25,0.211,0.524,0
1863,77,0,8,0.867,0.662,0.402,0.0,0.026,0.23,0
1864,79,1,7,0.99,0.604,0.678,0.5,0.379,0.288,1
1865,39,1,8,0.804,0.523,0.518,0.25,-0.182,-0.054,0
1866,66,0,10,1.008,0.473,0.634,0.0,0.579,0.274,0
1867,32,0,9,0.961,0.465,1.048,0.5,0.423,0.081,0
1868,83,0,7,0.849,0.588,0.813,0.0,0.413,0.061,0
1869,49,0,6,0.878,0.559,0.614,1.0,0.245,0.192,0
1870,73,0,10,0.581,0.452,0.692,1.0,0.132,-0.24,1
1871,34,0,12,0.677,0.417,1.193,0.0,0.865,0.067,0
1872,71,0,8,0.916,0.63,0.85,0.0,0.452,0.289,0
1873,46,1,12,0.984,0.595,0.864,0.0,0.798,0.257,0
1874,62,0,7,0.979,0.429,0.669,0.25,0.345,0.298,0
1875,40,0,6,1.043,0.544,0.376,0.5,-0.257,0.203,0
1876,50,0,12,0.909,0.552,0.857,0.0,0.507,-0.121,0
1877,81,0,5,0.912,0.604,0.785,0.0,0.602,0.237,0
1878,37,0,11,0.922,0.578,0.856,0.75,0.582,0.088,0
1879,35,0,8,0.979,0.571,0.708,0.0,0.518,0.135,0
1880,63,1,9,0.778,0.471,1.042,0.0,0.686,-0.092,0
1881,71,0,4,0.982,0.601,0.799,0.25,0.114,0.279,0
1882,56,0,11,0.7,0.693,0.986,0.25,0.465,0.0,0
1883,34,0,11,0.864,0.615,0.998,0.0,0.585,0.081,0
1884,52,0,10,0.872,0.513,0.888,0.0,0.54,0.164,0
1885,75,0,8,0.884,0.642,0.7,0.0,0.447,0.066,0
1886,69,0,7,0.881,0.678,0.95,0.0,0.532,0.21,0
1887,75,0,11,0.928,0.604,1.021,0.5,0.54,0.162,1
1888,46,1,12,1.083,0.625,1.152,0.0,1.038,0.407,0
1889,72,0,3,0.792,0.456,0.633,0.25,-0.011,0.06,0
1890,80,1,5,0.668,0.529,0.427,0.0,0.102,-0.032,0
1891,65,1,7,0.989,0.462,0.699,1.0,0.348,0.308,0
1892,63,1,9,0.902,0.605,0.756,0.75,0.368,0.14,0
1893,33,1,8,0.923,0.547,0.809,0.5,0.321,0.051,0
1894,48,1,3,0.733,0.556,0.428,0.0,0.13,-0.114,0
1895,70,0,5,0.959,0.655,0.811,0.0,0.249,0.277,0
1896,46,1,8,0.848,0.475,0.788,0.0,0.061,0.02,0
1897,51,1,4,0.796,0.706,0.693,0.25,0.115,-0.323,0
1898,79,1,9,0.772,0.655,0.72,0.25,0.356,-0.132,0
1899,63,1,8,1.139,0.667,0.631,0.5,0.175,0.478,0
1900,83,0,6,0.895,0.569,0.941,0.0,0.171,0.278,0
1901,59,1,4,0.814,0.588,0.599,0.25,0.155,0.103,0
1902,82,1,8,0.867,0.528,0.528,0.0,-0.416,0.079,0
1903,56,1,3,0.647,0.476,0.735,0.5,-0.175,-0.257,0
1904,64,1,4,0.756,0.636,0.287,0.0,-0.298,-0.196,0
1905,84,1,7,0.99,0.545,0.675,0.75,-0.015,0.187,0
1906,46,1,5,0.797,0.604,0.779,0.0,0.507,0.116,0
1907,78,1,11,0.834,0.579,0.819,0.0,0.368,0.204,0
1908,72,1,9,0.621,0.538,1.042,0.25,0.244,-0.242,1
1909,30,0,9,1.012,0.64,1.205,0.0,0.626,0.257,0
1910,52,0,8,0.662,0.601,1.013,0.0,0.518,-0.018,0
1911,30,0,10,0.673,0.672,0.955,0.0,0.401,0.076,0
1912,82,0,3,0.614,0.558,0.485,0.0,0.017,-0.021,0
1913,31,1,8,0.662,0.685,0.606,1.0,0.096,-0.034,0
1914,64,0,10,0.798,0.501,0.817,0.75,0.398,0.145,0
1915,51,0,7,0.847,0.571,0.559,0.75,0.009,0.124,0
1916,48,0,8,0.888,0.549,0.904,0.25,0.706,0.177,0
1917,47,1,12,0.892,0.37,1.033,0.5,0.585,0.194,0
1918,46,1,12,0.85,0.543,1.031,1.0,0.693,0.173,0
1919,64,1,6,0.972,0.671,0.515,0.0,0.016,0.244,0
1920,42,0,4,0.718,0.613,0.493,0.75,0.313,-0.11,0
1921,80,0,6,1.024,0.523,0.852,0.25,0.368,0.267,0
1922,47,0,11,1.197,0.7,0.724,0.0,0.324,0.364,0
1923,61,1,3,0.874,0.544,0.655,0.75,0.466,0.141,0
1924,49,1,5,0.968,0.632,0.485,0.0,-0.097,0.284,0
1925,81,1,9,0.985,0.529,0.554,0.0,0.323,0.338,0
1926,74,1,6,0.873,0.528,0.843,0.0,-0.126,0.181,0
1927,73,1,10,0.884,0.537,0.639,0.0,0.196,-0.053,0
1928,70,0,8,0.716,0.598,1.064,0.5,0.733,0.019,0
1929,63,0,6,1.139,0.555,0.417,0.5,-0.11,0.38,0
1930,78,1,3,0.707,0.593,0.614,0.0,0.169,-0.111,0
1931,59,1,6,0.787,0.494,0.354,0.75,-0.121,0.087,0
1932,54,0,12,0.922,0.553,0.848,0.25,0.51,0.222,0
1933,33,0,4,0.928,0.613,0.689,0.5,0.09,0.039,0
1934,35,1,10,0.985,0.514,0.852,0.5,0.566,0.116,0
1935,43,0,6,0.836,0.616,0.353,0.0,-0.292,-0.128,0
1936,55,1,11,0.895,0.594,0.585,0.0,0.133,0.239,0
1937,66,0,10,0.956,0.47,0.854,0.25,0.155,0.083,0
1938,76,1,3,0.565,0.687,0.7,0.0,0.23,-0.236,0
1939,58,0,12,0.852,0.521,0.789,0.75,0.076,0.111,0
1940,48,1,4,0.788,0.684,0.647,0.0,0.039,-0.425,0
1941,60,1,3,0.754,0.552,0.673,0.0,-0.078,-0.097,0
1942,74,0,8,0.846,0.594,0.711,0.5,0.232,0.06,0
1943,67,1,8,0.897,0.449,0.733,0.0,0.249,0.197,0
1944,41,1,11,1.037,0.488,0.768,1.0,0.19,0.32,0
1945,70,1,8,0.968,0.571,0.716,0.0,0.237,0.3,0
1946,69,1,12,0.785,0.685,1.065,0.25,0.533,0.083,0
1947,33,1,12,0.886,0.425,0.603,0.0,0.178,0.151,0
1948,62,1,8,0.833,0.469,0.738,0.25,0.238,0.143,0
1949,52,0,9,1.007,0.573,0.681,0.0,0.076,0.334,0
1950,63,1,7,1.1,0.593,0.541,0.5,0.107,0.159,0
1951,69,0,8,0.737,0.549,0.844,0.0,-0.019,-0.101,0
1952,47,0,8,0.984,0.555,0.661,0.5,-0.039,0.444,0
1953,68,0,8,0.815,0.692,0.774,0.0,0.253,0.004,0
1954,70,1,5,0.942,0.444,0.463,1.0,-0.143,0.145,0
1955,78,1,7,0.761,0.593,0.736,1.0,0.205,-0.005,1
1956,83,1,10,0.952,0.663,0.849,0.0,0.432,0.077,0
1957,68,0,6,0.894,0.598,0.671,0.25,0.268,0.245,0
1958,37,1,4,0.82,0.563,0.507,0.5,0.204,-0.081,0
1959,81,0,12,0.7,0.41,1.17,0.0,0.913,0.019,0
1960,49,0,6,0.925,0.63,0.628,0.0,0.273,0.237,0
1961,32,1,6,0.63,0.621,0.7,1.0,0.21,-0.07,0
1962,34,0,10,0.853,0.692,0.738,0.0,0.016,0.178,0
1963,35,0,6,1.055,0.468,0.307,0.0,0.164,0.275,0
1964,81,1,12,1.011,0.643,0.833,0.0,0.421,0.058,0
1965,80,1,11,0.766,0.7,0.66,1.0,0.024,-0.176,1
1966,48,0,4,0.806,0.62,0.51,0.25,0.006,-0.105,0
1967,42,1,8,0.689,0.502,0.831,0.0,0.379,-0.074,0
1968,32,1,10,1.05,0.48,0.835,0.25,0.265,0.276,0
1969,73,0,11,0.882,0.539,0.665,1.0,0.138,0.074,1
1970,83,1,5,0.775,0.59,0.696,0.0,0.299,0.05,0
1971,45,1,3,0.762,0.6,0.633,0.0,0.183,0.211,0
1972,35,0,6,0.716,0.681,0.475,0.0,0.2,-0.022,0
1973,53,1,6,1.001,0.448,0.995,0.25,0.55,0.382,0
1974,37,1,9,0.945,0.553,0.637,0.0,0.172,0.299,0
1975,51,0,5,0.801,0.427,0.793,1.0,0.483,-0.068,0
1976,54,0,5,1.017,0.651,0.7,0.0,0.241,0.195,0
1977,73,0,7,0.846,0.586,0.521,0.0,-0.051,0.331,0
1978,37,0,6,1.001,0.509,0.621,0.0,0.113,0.154,0
1979,54,0,11,0.988,0.702,0.925,0.75,0.62,0.296,0
1980,47,0,5,0.969,0.623,0.463,0.25,-0.211,0.196,0
1981,70,1,4,0.76,0.634,0.984,0.25,0.285,-0.163,0
1982,72,1,5,0.751,0.552,0.556,0.0,0.133,0.014,0
1983,54,0,4,0.789,0.638,0.364,0.0,0.011,0.068,0
1984,59,1,12,0.859,0.7,0.922,0.5,0.678,-0.076,0
1985,46,0,9,1.038,0.663,0.678,0.0,0.351,0.494,0
1986,57,1,12,1.157,0.473,1.014,0.5,0.855,0.574,0
1987,54,1,6,0.789,0.558,0.669,0.0,0.475,-0.028,0
1988,53,0,12,0.84,0.58,0.889,0.0,0.133,-0.065,0
1989,79,1,12,0.835,0.664,0.806,0.5,0.376,0.079,0
1990,70,1,3,0.819,0.644,0.479,0.0,0.03,0.064,0
1991,66,0,3,0.713,0.602,0.246,0.0,-0.356,-0.067,0
1992,77,1,10,0.891,0.649,0.781,0.0,0.293,0.057,0
1993,34,0,5,0.791,0.619,0.483,0.5,0.124,-0.092,0
1994,82,1,4,0.727,0.646,0.85,0.5,0.157,-0.042,0
1995,54,1,3,0.607,0.506,0.71,0.5,0.257,-0.024,0
1996,84,1,12,0.94,0.465,1.16,0.0,0.743,0.327,0
1997,68,1,5,0.876,0.648,0.551,0.0,-0.149,0.111,0
1998,81,0,10,0.718,0.523,0.666,0.0,-0.039,-0.185,0
1999,53,0,9,0.973,0.631,0.742,0.0,0.529,0.081,0
2000,36,1,9,0.922,0.419,1.172,0.25,1.023,-0.026,0
2001,40,1,12,0.908,0.499,0.879,0.0,0.525,0.095,0
2002,46,1,10,0.929,0.505,0.773,0.0,0.309,-0.144,0
2003,62,1,12,0.913,0.446,0.995,0.0,0.295,0.181,0
2004,36,0,3,0.799,0.544,0.347,0.25,-0.103,-0.098,0
2005,56,0,4,0.844,0.573,0.774,0.0,0.081,0.166,0
2006,76,0,3,0.765,0.7,0.558,0.0,0.148,0.196,0
2007,50,0,3,0.589,0.487,0.785,0.25,0.479,-0.136,0
2008,65,0,11,0.857,0.441,0.894,0.25,0.337,0.134,0
2009,36,0,4,0.725,0.606,0.573,0.0,0.083,-0.095,0
2010,39,0,7,0.847,0.53,0.771,0.0,0.46,-0.145,0
2011,78,1,7,0.688,0.519,0.774,0.0,0.013,-0.141,0
2012,76,1,6,0.841,0.627,0.804,1.0,0.585,0.154,0
2013,82,1,5,0.839,0.584,0.485,0.0,-0.072,0.04,0
2014,39,0,7,1.0,0.642,0.758,0.5,0.141,0.315,0
2015,78,1,10,0.719,0.642,0.672,0.75,0.158,-0.117,1
2016,53,1,4,0.828,0.588,0.566,0.0,0.086,0.132,0
2017,75,1,4,0.852,0.565,0.841,0.0,0.349,0.053,0
2018,73,0,4,0.638,0.6,0.504,0.25,-0.021,-0.083,0
2019,78,1,9,0.772,0.621,0.752,0.0,0.471,-0.135,0
2020,81,0,8,0.88,0.531,0.501,0.0,0.05,-0.062,0
2021,32,1,9,1.013,0.673,0.546,0.75,0.109,0.476,0
2022,75,0,8,0.913,0.532,0.839,0.25,0.378,0.045,0
2023,32,0,3,0.668,0.773,0.359,0.5,-0.341,-0.009,0
2024,32,0,8,0.989,0.579,0.51,0.0,-0.19,0.366,0
2025,43,0,4,0.86,0.614,0.902,1.0,0.465,0.119,0
2026,74,1,4,0.88,0.587,0.712,0.0,0.056,0.006,0
2027,33,0,3,0.718,0.671,0.302,0.75,-0.077,-0.082,0
2028,84,1,4,0.883,0.616,0.588,0.0,-0.129,0.097,0
2029,77,1,11,1.018,0.503,0.83,0.0,0.464,0.392,0
2030,56,1,9,0.932,0.484,0.927,0.75,0.521,0.211,0
2031,64,1,10,0.94,0.486,0.604,1.0,-0.021,0.24,1
2032,60,0,8,0.893,0.619,0.513,1.0,-0.065,0.05,0
2033,56,1,12,1.094,0.7,0.911,0.5,0.267,0.484,1
2034,36,0,6,0.783,0.577,0.818,0.25,0.172,0.11,0
2035,53,1,9,0.843,0.617,0.75,0.5,0.023,0.112,0
2036,64,0,10,0.965,0.522,0.648,0.5,0.41,0.265,0
2037,82,1,8,0.892,0.702,0.976,0.0,0.365,0.14,0
2038,72,0,12,0.865,0.721,1.052,0.5,0.646,0.046,1
2039,47,1,4,0.82,0.671,0.263,0.0,-0.262,0.011,0
2040,53,1,8,1.037,0.71,0.543,0.5,0.054,0.098,0
2041,58,1,8,1.031,0.368,0.554,0.0,0.015,0.175,0
2042,44,0,10,0.7,0.579,0.886,0.0,0.514,0.089,0
2043,82,0,12,0.946,0.638,0.784,0.75,0.403,0.22,0
2044,80,0,11,0.811,0.467,0.836,0.75,0.387,0.059,0
2045,33,1,3,0.555,0.571,0.521,0.0,0.283,0.029,0
2046,68,1,12,1.041,0.461,1.026,0.5,0.328,0.379,0
2047,77,0,4,0.805,0.676,0.306,0.0,-0.28,-0.086,0
2048,53,0,6,0.79,0.483,0.7,0.0,0.149,0.078,0
2049,33,1,9,1.051,0.64,0.669,0.25,0.143,0.31,0
2050,37,1,7,0.963,0.563,0.658,0.75,0.093,0.327,0
2051,52,0,3,0.683,0.659,0.569,0.0,0.084,0.0,0
2052,36,0,3,0.978,0.538,0.23,0.0,-0.16,0.127,0
2053,60,1,3,0.81,0.576,0.378,0.0,0.046,-0.1,0
2054,35,1,9,0.907,0.649,0.859,1.0,0.372,0.351,0
2055,42,1,5,0.712,0.498,0.42,0.0,-0.142,-0.17,0
2056,37,0,8,0.707,0.594,0.909,0.0,0.788,0.234,0
2057,74,0,10,0.901,0.5,0.842,0.75,0.451,0.214,0
2058,33,1,6,0.88,0.526,0.4,0.0,0.179,0.305,0
2059,45,0,6,0.788,0.548,0.412,1.0,0.129,0.064,0
2060,53,0,8,0.796,0.549,1.089,0.0,0.576,-0.256,0
2061,75,0,3,0.781,0.564,0.473,1.0,-0.149,0.109,0
2062,46,1,9,0.677,0.572,0.741,0.0,0.323,-0.008,0
2063,76,0,9,1.045,0.463,0.69,0.25,0.119,0.335,0
2064,83,1,3,0.989,0.651,0.883,0.75,0.45,0.178,0
2065,53,0,9,0.929,0.591,0.528,0.0,-0.051,0.099,0
2066,73,0,6,0.917,0.566,0.422,0.75,0.014,0.118,0
2067,75,1,12,1.189,0.597,1.141,0.0,0.854,0.264,0
2068,71,1,9,0.962,0.638,0.68,0.0,0.366,0.208,0
2069,35,1,4,0.773,0.583,0.846,0.0,0.321,-0.016,0
2070,81,0,12,0.991,0.53,0.619,0.0,-0.054,0.108,0
2071,48,1,3,0.679,0.571,0.812,0.5,0.1,-0.161,0
2072,41,0,7,0.829,0.496,0.7,0.75,0.487,0.079,0
2073,37,0,10,0.926,0.7,0.439,0.0,-0.261,0.217,0
2074,71,1,8,0.825,0.606,0.861,0.5,0.479,0.226,0
2075,36,1,10,1.065,0.65,0.689,0.0,0.066,0.295,0
2076,49,0,5,0.86,0.53,0.608,0.0,-0.005,0.217,0
2077,68,1,11,0.909,0.539,0.752,0.5,0.535,0.129,0
2078,37,0,8,0.899,0.418,0.973,0.25,0.58,0.089,0
2079,48,1,12,0.963,0.514,0.927,0.75,0.416,0.131,0
2080,75,0,9,0.92,0.609,0.849,0.0,0.476,0.222,0
2081,31,1,11,1.041,0.632,0.833,0.75,0.478,0.121,0
2082,53,0,12,1.123,0.427,0.894,0.0,0.077,0.484,0
2083,42,1,11,1.082,0.565,0.701,1.0,0.367,0.201,0
2084,75,0,6,0.7,0.577,0.354,0.5,-0.346,-0.184,0
2085,63,0,7,0.848,0.555,0.94,0.0,0.329,0.064,0
2086,55,1,10,0.873,0.577,1.076,0.0,0.731,-0.104,0
2087,78,1,9,1.117,0.602,0.909,0.25,0.72,0.498,0
2088,75,0,11,0.938,0.432,0.37,0.0,-0.091,0.315,0
2089,71,0,7,0.791,0.513,0.736,0.75,0.06,-0.063,0
2090,30,1,8,1.0,0.463,0.844,0.5,0.328,0.421,0
2091,78,1,7,0.876,0.463,0.456,0.0,0.074,0.176,0
2092,57,0,10,0.818,0.624,0.626,0.0,-0.154,0.183,0
2093,58,1,9,0.858,0.611,0.5,0.75,-0.097,-0.073,0
2094,31,0,8,1.004,0.548,0.884,0.0,0.199,0.244,0
2095,81,1,7,0.747,0.7,0.695,0.25,0.219,0.078,0
2096,67,0,7,0.889,0.561,0.888,0.0,0.271,0.256,0
2097,37,1,12,0.719,0.605,0.738,0.0,0.113,-0.242,0
2098,70,1,8,0.882,0.573,0.686,0.5,0.133,0.204,0
2099,39,0,5,0.667,0.775,0.478,0.0,0.09,0.019,0
2100,59,1,12,1.101,0.541,1.038,1.0,0.395,0.215,0
2101,67,1,11,0.992,0.507,0.59,0.0,0.112,0.164,0
2102,36,1,9,0.769,0.687,0.762,0.0,0.051,0.135,0
2103,74,1,7,0.812,0.631,0.745,0.75,0.276,0.147,0
2104,68,0,10,0.806,0.49,0.795,0.0,0.095,0.051,0
2105,32,1,12,1.045,0.643,0.969,0.0,0.35,0.41,0
2106,72,1,6,0.849,0.501,0.531,0.25,0.123,0.146,0
2107,46,0,10,0.9,0.471,0.512,0.0,-0.055,0.216,0
2108,35,0,4,0.855,0.641,0.445,0.75,0.227,0.02,0
2109,66,1,6,0.764,0.537,0.538,0.0,0.426,0.052,0
2110,78,0,5,1.021,0.518,0.774,0.0,0.118,0.232,1
2111,59,1,3,0.725,0.722,0.528,0.25,0.102,-0.213,0
2112,48,1,11,0.852,0.492,0.905,1.0,0.239,0.178,0
2113,73,1,5,0.873,0.554,0.617,0.25,0.101,0.33,0
2114,39,1,8,0.941,0.501,0.661,0.25,0.15,0.153,0
2115,52,0,11,0.888,0.595,0.829,0.0,0.309,0.222,0
2116,43,0,7,0.874,0.446,0.46,1.0,-0.034,0.194,0
2117,58,1,8,0.923,0.621,0.878,0.0,0.294,0.149,0
2118,43,0,8,1.16,0.6,0.299,1.0,-0.051,0.417,0
2119,53,0,8,0.66,0.523,0.73,0.75,0.352,-0.199,0
2120,47,1,12,0.945,0.486,0.886,0.0,0.598,0.181,0
2121,52,0,6,0.692,0.605,0.6,0.0,0.042,0.028,0
2122,49,0,8,0.948,0.525,0.684,0.25,0.075,0.093,0
2123,48,1,10,0.902,0.46,1.205,0.5,0.668,0.23,0
2124,83,1,10,1.047,0.572,1.157,0.0,0.816,0.499,0
2125,74,1,4,0.677,0.621,0.911,0.0,0.622,-0.019,0
2126,39,0,6,0.61,0.485,0.454,0.0,-0.138,-0.243,0
2127,36,0,8,1.233,0.547,0.909,0.0,0.502,0.277,0
2128,62,1,7,0.979,0.508,0.715,0.75,0.372,0.297,0
2129,46,1,7,1.087,0.7,0.707,0.0,0.373,0.535,0
2130,67,1,3,0.862,0.64,0.795,0.0,0.445,0.095,0
2131,30,0,8,1.191,0.499,0.732,0.75,0.268,0.412,0
2132,83,0,5,0.94,0.575,0.448,0.0,0.089,0.186,0
2133,57,1,5,0.83,0.523,0.624,0.0,0.277,0.268,0
2134,57,0,8,1.013,0.767,1.12,0.0,0.654,0.303,0
2135,38,1,3,0.806,0.579,0.453,0.0,-0.076,0.106,0
2136,46,1,3,0.692,0.584,0.683,0.5,0.074,-0.108,0
2137,53,1,10,0.754,0.683,0.74,1.0,0.204,0.134,0
2138,61,1,4,0.942,0.596,0.7,0.0,0.327,0.097,0
2139,75,1,4,0.903,0.588,0.707,1.0,0.261,0.252,0
2140,35,1,9,0.842,0.679,0.83,0.75,0.265,0.203,0
2141,67,1,6,0.9,0.666,0.909,0.0,0.538,0.158,0
2142,67,1,3,0.934,0.637,0.797,0.5,0.287,0.132,0
2143,69,1,3,0.606,0.634,0.528,0.0,0.138,-0.322,0
2144,46,0,6,0.987,0.639,0.596,0.0,-0.059,0.238,0
2145,58,0,6,0.819,0.576,0.689,0.25,-0.011,0.085,0
2146,66,0,11,0.946,0.465,0.883,0.0,0.107,0.284,0
2147,69,1,12,0.815,0.543,0.96,0.0,0.068,-0.069,0
2148,30,1,8,0.927,0.564,0.772,0.0,0.443,0.25,0
2149,58,0,7,0.921,0.643,0.871,0.0,0.402,0.193,0
2150,81,0,12,0.837,0.538,0.968,0.0,0.282,0.32,0
2151,33,1,5,0.878,0.788,0.548,0.0,-0.112,0.146,0
2152,78,0,4,0.926,0.614,0.44,0.0,-0.103,0.185,0
2153,30,0,5,0.898,0.575,0.638,0.25,0.012,0.065,0
2154,42,0,3,0.898,0.608,0.573,0.5,-0.276,0.235,0
2155,82,0,3,0.876,0.598,0.649,0.0,0.396,0.111,0
2156,56,1,7,0.874,0.7,0.516,0.0,0.012,0.177,0
2157,39,0,4,0.8,0.466,0.568,0.0,0.103,0.046,0
2158,57,0,11,0.761,0.517,0.694,1.0,-0.015,-0.121,0
2159,80,0,7,0.973,0.617,0.539,0.0,-0.064,0.266,0
2160,61,1,6,0.797,0.678,0.547,1.0,-0.062,0.012,1
2161,35,0,7,0.811,0.6,0.5,0.5,-0.134,-0.065,0
2162,68,1,5,0.741,0.65,0.824,0.5,0.425,-0.122,1
2163,70,0,7,0.911,0.537,0.652,0.0,0.453,0.152,0
2164,78,0,4,0.872,0.662,0.457,0.5,0.138,0.114,0
2165,68,0,10,0.983,0.7,0.727,0.0,0.482,0.271,0
2166,71,0,8,1.006,0.521,0.694,0.0,0.467,0.358,1
2167,56,1,7,0.686,0.509,0.322,0.0,-0.364,-0.127,0
2168,37,1,5,0.701,0.701,0.84,0.0,0.516,-0.113,0
2169,70,0,10,0.921,0.546,0.652,0.25,0.01,0.139,0
2170,53,0,11,1.004,0.583,0.909,0.0,0.493,0.314,0
2171,35,1,3,0.659,0.65,0.396,0.25,-0.338,-0.077,0
2172,79,0,6,0.955,0.657,0.677,0.25,0.141,0.246,0
2173,74,1,3,0.785,0.724,0.392,0.0,-0.121,0.043,0
2174,41,1,10,0.977,0.501,0.948,0.5,0.513,0.015,0
2175,37,1,5,0.974,0.528,0.683,1.0,0.141,0.11,0
2176,40,0,3,0.911,0.57,0.732,0.0,0.253,0.355,0
2177,42,0,8,0.926,0.547,1.071,0.5,0.765,0.273,0
2178,40,1,7,0.946,0.684,0.936,0.25,0.182,0.106,0
2179,62,1,9,1.01,0.496,0.862,0.0,0.309,0.176,0
2180,62,0,3,0.787,0.528,0.621,0.0,0.201,0.104,0
2181,51,0,4,0.689,0.585,0.671,0.0,0.058,-0.057,0
2182,49,0,6,0.708,0.617,0.591,0.0,0.199,-0.039,0
2183,31,1,12,0.876,0.7,0.937,0.75,0.161,0.155,0
2184,66,1,7,0.965,0.53,1.056,0.0,0.956,0.253,0
2185,61,0,5,0.797,0.554,0.464,0.0,-0.137,-0.089,0
2186,67,1,4,0.68,0.713,0.453,0.75,-0.177,0.136,0
2187,81,0,6,0.98,0.7,0.857,0.75,0.612,0.071,0
2188,57,1,9,0.795,0.622,0.654,0.0,0.023,-0.034,0
2189,73,0,4,0.706,0.51,0.638,0.5,0.32,-0.174,0
2190,60,1,5,0.777,0.7,0.388,0.75,-0.301,0.09,0
2191,68,1,11,1.031,0.494,0.671,0.25,0.285,0.271,0
2192,72,1,7,0.705,0.582,0.862,0.0,0.297,-0.075,0
2193,46,1,4,0.944,0.638,1.075,0.0,0.709,0.271,0
2194,71,1,6,0.761,0.621,0.575,0.0,0.223,0.082,0
2195,64,1,8,0.953,0.468,0.641,0.0,0.045,0.183,0
2196,72,1,7,0.798,0.673,0.889,0.5,0.244,-0.12,1
2197,32,0,5,0.766,0.573,0.538,0.0,0.061,-0.045,0
2198,44,0,3,0.731,0.587,0.43,0.5,0.478,-0.074,0
2199,58,0,6,0.998,0.488,0.731,0.5,0.265,0.316,0
2200,39,1,8,0.896,0.656,0.884,0.0,0.491,0.165,0
2201,55,1,6,0.863,0.532,0.697,1.0,0.383,0.129,0
2202,41,1,7,0.863,0.657,0.88,1.0,0.353,0.212,0
2203,49,1,12,1.071,0.523,1.158,0.0,0.61,0.252,0
2204,46,1,7,0.7,0.603,0.521,0.0,0.183,-0.049,0
2205,30,0,3,0.638,0.507,0.649,0.0,0.271,-0.152,0
2206,68,0,12,1.015,0.7,1.041,0.75,0.645,0.275,0
2207,74,1,7,0.854,0.654,0.781,0.0,0.537,0.052,0
2208,30,0,8,1.012,0.528,1.081,0.25,0.731,0.327,0
2209,72,0,9,1.007,0.419,0.744,0.0,0.407,0.307,0
2210,61,1,7,0.931,0.7,0.726,0.25,0.191,-0.003,0
2211,34,0,6,0.809,0.612,0.717,0.0,0.343,-0.125,0
2212,35,1,11,1.133,0.538,1.009,1.0,0.309,0.393,0
2213,31,0,8,0.984,0.678,1.177,0.0,0.575,0.201,0
2214,32,1,5,0.876,0.604,0.63,0.25,0.03,0.231,0
2215,84,1,3,0.745,0.554,0.468,0.5,-0.059,-0.124,0
2216,44,1,6,0.963,0.491,0.464,1.0,-0.057,0.231,0
2217,67,1,10,1.075,0.649,0.7,0.0,-0.103,0.272,0
2218,52,1,11,1.025,0.583,0.876,0.0,0.59,0.239,0
2219,72,1,10,0.994,0.609,0.7,0.0,0.449,0.366,0
2220,62,0,4,0.624,0.52,0.7,0.0,0.335,-0.294,0
2221,48,0,8,0.928,0.42,0.704,1.0,0.142,0.057,0
2222,68,1,7,0.847,0.578,0.631,1.0,-0.069,0.213,0
2223,53,1,11,0.853,0.514,0.718,0.75,0.352,0.163,0
2224,68,0,6,0.805,0.456,0.782,0.0,0.458,0.121,0
2225,38,0,6,1.03,0.638,0.605,0.0,-0.007,0.287,0
2226,60,0,6,0.919,0.61,0.53,0.0,0.205,0.117,0
2227,30,1,12,0.795,0.581,0.7,0.0,0.291,-0.036,0
2228,68,0,3,0.626,0.684,0.513,0.0,0.141,-0.212,0
2229,39,1,7,0.748,0.567,0.748,0.0,0.239,-0.062,0
2230,35,1,10,0.87,0.6,0.893,0.75,0.437,0.057,0
2231,78,0,11,1.04,0.525,0.832,0.25,0.254,0.477,0
2232,49,1,10,0.915,0.57,0.693,0.5,0.111,0.134,0
2233,74,0,12,0.7,0.394,1.154,0.0,0.745,-0.084,0
2234,52,1,11,0.924,0.599,0.664,0.25,0.237,0.146,0
2235,67,0,6,0.957,0.62,0.888,0.5,0.1,0.257,0
2236,65,1,12,1.015,0.48,0.692,0.0,0.071,0.223,0
2237,56,0,3,0.845,0.583,0.646,0.5,0.226,-0.046,0
2238,42,1,10,0.95,0.597,0.7,0.0,0.129,0.021,0
2239,60,1,7,0.798,0.627,0.779,0.0,0.269,-0.026,0
2240,63,1,9,0.887,0.469,1.076,0.75,0.597,-0.032,0
2241,68,0,5,0.912,0.651,0.586,1.0,0.283,0.412,0
2242,78,1,8,0.733,0.638,0.809,0.75,0.129,-0.298,1
2243,52,1,6,0.781,0.59,0.724,1.0,0.05,0.056,0
2244,30,1,11,0.876,0.586,1.151,0.0,0.653,0.201,0
2245,67,1,6,0.982,0.567,0.412,1.0,-0.064,0.408,0
2246,38,0,3,0.829,0.465,0.527,0.75,0.304,0.117,0
2247,81,0,4,0.716,0.577,0.492,0.75,0.16,-0.164,0
2248,32,1,9,0.837,0.515,0.633,0.5,0.245,0.246,0
2249,74,1,10,1.058,0.633,1.148,0.25,0.848,0.391,0
2250,48,1,4,0.889,0.613,0.693,0.25,0.216,0.299,0
2251,48,0,6,0.91,0.656,0.599,0.75,0.021,-0.059,0
2252,61,0,6,0.655,0.542,0.552,0.0,-0.075,-0.159,0
2253,46,0,5,0.651,0.628,0.606,0.0,0.283,-0.194,0
2254,41,0,3,0.804,0.664,0.447,0.75,-0.076,-0.008,0
2255,45,0,9,0.759,0.617,0.751,0.75,0.439,-0.063,0
2256,66,0,6,0.942,0.474,0.709,0.0,0.114,0.087,0
2257,68,1,11,1.034,0.669,1.062,0.0,0.66,0.188,0
2258,65,0,7,0.849,0.617,0.792,0.75,0.22,0.163,0
2259,56,0,5,0.714,0.482,0.544,0.25,0.223,0.095,0
2260,37,1,10,0.884,0.593,0.926,0.75,0.356,-0.056,0
2261,51,0,12,1.004,0.677,0.784,0.5,0.418,0.314,0
2262,48,1,9,0.991,0.533,0.7,0.5,0.095,-0.133,0
2263,52,1,10,1.109,0.5,0.748,0.0,0.183,0.511,0
2264,62,0,9,0.963,0.489,0.794,0.75,0.171,0.391,0
2265,63,1,4,0.724,0.553,0.655,0.0,0.346,0.115,0
2266,36,0,11,0.854,0.575,0.941,0.25,0.554,0.215,0
2267,73,1,7,0.902,0.508,0.931,0.0,0.294,0.125,0
2268,35,0,4,0.942,0.57,0.448,0.0,-0.064,0.184,0
2269,82,0,11,0.777,0.472,0.892,0.25,0.386,0.025,0
2270,79,0,12,0.914,0.656,0.925,0.5,0.453,0.196,0
2271,79,0,12,1.011,0.321,0.945,0.0,0.557,0.224,0
2272,79,1,10,1.083,0.591,0.547,0.25,-0.221,0.213,0
2273,74,1,10,0.926,0.53,1.082,1.0,0.505,0.201,0
2274,41,0,5,0.889,0.7,0.471,0.0,-0.102,0.318,0
2275,49,1,6,0.652,0.548,0.721,0.0,0.352,-0.305,0
2276,34,0,5,0.657,0.731,0.611,0.0,0.066,-0.022,0
2277,40,1,6,0.991,0.607,0.519,0.25,0.151,0.198,0
2278,51,0,9,0.7,0.41,0.786,0.5,0.362,-0.067,0
2279,51,0,8,0.813,0.524,0.799,0.25,0.365,-0.004,0
2280,47,0,9,0.931,0.497,0.766,0.0,0.325,0.021,0
2281,70,1,3,0.677,0.596,0.93,0.0,0.689,-0.171,0
2282,66,0,6,0.94,0.592,0.671,0.25,0.051,0.406,0
2283,73,1,7,0.7,0.543,0.588,0.0,0.025,-0.026,0
2284,62,0,10,0.658,0.667,0.798,0.0,0.254,0.072,0
2285,79,1,5,0.902,0.595,0.525,0.0,0.29,0.17,0
2286,83,1,9,1.088,0.53,0.923,0.25,0.554,0.3,0
2287,40,0,8,0.883,0.7,0.459,0.75,-0.152,0.139,0
2288,46,0,4,0.7,0.64,0.691,0.25,0.235,0.023,0
2289,30,1,7,0.996,0.603,0.555,0.0,0.215,0.346,0
2290,67,0,4,0.927,0.67,0.911,0.0,0.449,0.151,0
2291,30,1,12,0.976,0.618,1.093,0.0,0.69,0.13,0
2292,46,0,6,0.665,0.501,0.799,1.0,0.412,-0.105,1
2293,70,0,9,0.898,0.621,0.725,1.0,0.31,-0.155,0
2294,57,0,9,1.076,0.61,0.775,1.0,0.26,0.291,0
2295,71,1,7,0.917,0.633,0.69,0.5,0.308,0.149,0
2296,49,0,4,0.7,0.547,0.67,0.25,0.23,-0.121,0
2297,49,1,12,1.032,0.479,0.887,0.75,0.616,0.228,0
2298,62,0,11,1.017,0.577,0.864,0.0,0.487,0.451,0
2299,44,1,4,0.714,0.615,0.309,0.0,-0.176,0.112,0
2300,57,0,11,0.864,0.63,0.891,0.25,0.446,0.164,0
2301,77,1,8,0.894,0.549,0.664,0.25,-0.036,0.316,0
2302,32,1,9,0.879,0.6,0.887,0.0,0.328,0.512,0
2303,58,0,6,1.04,0.546,0.709,0.0,0.547,0.34,0
2304,65,0,10,1.068,0.671,0.829,0.0,0.133,0.321,0
2305,67,1,3,0.768,0.466,0.414,0.0,-0.256,0.111,0
2306,70,1,7,0.931,0.642,0.63,0.5,0.232,-0.067,0
2307,54,0,8,1.083,0.524,0.698,0.0,0.246,0.237,0
2308,45,0,8,0.7,0.453,0.937,1.0,0.486,-0.168,0
2309,82,1,4,0.772,0.713,0.663,0.25,0.417,0.075,0
2310,74,1,12,0.885,0.576,1.193,0.75,0.203,0.245,0
2311,42,1,7,0.887,0.541,0.7,0.5,0.374,-0.064,0
2312,52,0,10,0.774,0.595,0.453,0.75,-0.014,-0.011,0
2313,83,1,4,0.771,0.618,0.521,1.0,0.096,0.021,0
2314,75,0,3,0.906,0.532,0.536,0.0,0.573,0.219,0
2315,47,0,6,0.921,0.541,0.732,1.0,0.165,0.234,0
2316,68,1,9,1.076,0.465,0.729,0.5,0.334,0.331,0
2317,64,0,12,1.056,0.584,0.772,0.5,0.271,0.1,1
2318,51,0,12,0.977,0.39,0.898,1.0,0.144,0.216,0
2319,66,0,12,0.748,0.628,0.76,0.0,0.349,-0.005,0
2320,84,0,3,1.087,0.52,0.674,0.0,0.175,0.368,0
2321,71,0,6,0.624,0.42,0.5,0.75,0.096,-0.07,0
2322,68,1,9,0.799,0.554,0.614,0.0,-0.159,-0.151,1
2323,75,0,10,0.845,0.516,0.978,0.75,0.678,0.287,1
2324,59,1,11,1.133,0.628,0.993,0.25,0.559,0.356,0
2325,34,0,11,0.842,0.551,0.687,0.5,0.226,0.288,0
2326,33,0,9,1.048,0.64,0.717,0.0,0.3,0.44,0
2327,30,0,4,0.837,0.578,0.497,0.0,-0.203,-0.112,0
2328,35,0,7,0.841,0.643,0.684,0.25,0.236,0.156,0
2329,79,1,6,0.73,0.417,0.604,0.5,0.174,-0.1,0
2330,74,1,6,0.939,0.566,0.7,0.0,-0.034,0.14,0
2331,36,1,8,0.928,0.648,0.825,0.5,0.234,0.265,0
2332,67,0,12,0.951,0.48,0.85,0.75,0.324,0.126,0
2333,42,0,3,0.85,0.551,0.555,1.0,0.119,0.036,0
2334,67,0,5,1.018,0.565,0.553,0.0,0.214,0.368,0
2335,55,0,5,0.87,0.736,0.769,0.5,0.562,0.107,0
2336,70,0,4,0.739,0.678,0.363,1.0,-0.032,-0.258,0
2337,42,1,7,0.865,0.488,0.513,0.0,0.155,-0.009,0
2338,51,1,7,0.739,0.592,0.958,0.5,0.571,-0.088,0
2339,79,0,8,0.973,0.543,0.732,0.25,0.258,0.187,0
2340,52,0,7,0.951,0.677,0.834,0.0,0.404,0.16,0
2341,62,0,7,0.831,0.406,0.614,0.0,0.235,0.111,0
2342,70,0,3,0.876,0.586,0.825,0.0,0.378,0.176,0
2343,48,0,12,0.929,0.529,1.058,0.0,0.471,0.259,0
2344,79,1,12,1.003,0.545,1.01,0.5,0.422,0.269,1
2345,81,1,10,0.996,0.631,0.851,1.0,0.699,0.332,0
2346,70,1,7,1.038,0.639,0.908,1.0,0.504,0.095,0
2347,57,0,8,0.868,0.681,0.606,0.0,0.09,0.007,0
2348,54,0,7,0.753,0.674,0.672,0.75,0.283,-0.174,0
2349,50,1,6,1.112,0.596,0.639,0.0,0.055,0.359,0
2350,63,1,6,0.848,0.452,0.573,1.0,0.343,0.214,0
2351,31,1,12,1.032,0.498,0.996,0.0,0.791,0.362,0
2352,53,0,4,0.958,0.683,0.526,0.0,-0.014,0.254,0
2353,59,1,7,0.742,0.489,0.767,0.0,0.564,0.069,0
2354,51,1,7,0.993,0.7,0.711,0.25,0.256,0.316,0
2355,55,0,5,0.829,0.717,0.658,0.5,0.112,0.25,0
2356,51,0,6,0.952,0.445,0.723,0.5,0.373,0.303,0
2357,72,0,10,0.847,0.589,0.649,0.25,-0.109,0.147,0
2358,38,1,3,0.714,0.68,0.776,0.5,0.481,-0.136,0
2359,66,1,6,0.898,0.647,0.601,1.0,0.145,0.293,0
2360,67,1,10,0.872,0.416,1.07,0.0,0.676,0.054,0
2361,37,0,4,0.929,0.616,0.556,0.75,0.299,0.156,0
2362,74,1,7,0.709,0.589,0.964,0.0,0.376,-0.115,0
2363,59,1,6,0.807,0.609,0.662,0.75,0.084,0.136,0
2364,78,0,7,0.812,0.7,0.39,0.0,0.131,0.026,0
2365,78,1,4,0.7,0.632,0.401,0.0,-0.002,-0.127,0
2366,44,0,7,0.83,0.695,0.848,0.0,0.427,0.109,0
2367,30,0,4,0.681,0.624,0.707,0.0,0.28,-0.048,0
2368,46,0,9,0.727,0.522,0.844,0.5,0.365,-0.08,0
2369,53,0,7,0.88,0.5,0.546,0.0,0.406,0.069,0
2370,79,1,4,0.949,0.625,0.579,0.0,0.229,0.128,0
2371,51,0,7,0.973,0.489,0.783,1.0,0.335,0.141,0
2372,76,1,10,0.992,0.437,1.007,0.0,0.46,0.19,0
2373,56,1,4,0.594,0.562,0.513,0.0,-0.092,-0.197,0
2374,69,1,6,0.744,0.601,0.548,0.0,-0.074,0.143,0
2375,50,0,5,0.783,0.514,0.879,0.5,0.535,0.05,0
2376,53,1,5,0.835,0.619,0.591,0.0,-0.056,0.264,0
2377,68,1,5,1.101,0.484,0.694,0.5,0.329,0.345,0
2378,84,1,10,0.823,0.702,0.723,0.0,0.092,-0.12,0
2379,53,1,9,1.051,0.626,0.826,0.25,0.193,0.006,0
2380,76,1,12,1.082,0.57,1.036,0.0,0.4,0.406,1
2381,67,0,10,0.933,0.622,0.949,0.75,0.392,0.163,0
2382,68,1,7,1.085,0.562,0.581,0.25,0.147,0.41,0
2383,70,0,10,0.989,0.538,0.918,0.75,0.218,0.115,0
2384,51,0,6,0.598,0.643,0.685,0.25,0.192,-0.074,0
2385,51,1,11,1.283,0.628,0.716,0.0,0.257,0.498,0
2386,65,0,11,0.881,0.57,0.818,0.0,0.233,0.181,0
2387,51,0,4,0.739,0.677,0.619,0.75,0.297,0.0,0
2388,79,1,4,0.836,0.64,0.112,0.0,-0.352,0.053,0
2389,57,0,8,0.772,0.722,1.134,1.0,0.33,0.01,0
2390,68,0,9,0.805,0.535,0.947,0.0,0.779,0.041,0
2391,46,0,9,0.804,0.553,0.775,0.25,0.479,0.121,0
2392,32,1,8,0.7,0.527,1.001,0.5,0.568,-0.037,0
2393,42,1,5,0.786,0.48,0.592,0.0,-0.09,0.13,0
2394,83,0,10,0.856,0.249,0.671,0.0,0.089,0.146,0
2395,67,0,7,0.827,0.603,0.453,0.5,-0.264,0.274,0
2396,73,0,6,0.696,0.533,0.985,0.0,0.682,-0.004,0
2397,51,0,9,0.859,0.517,1.049,0.0,0.639,0.277,0
2398,72,1,12,1.097,0.568,0.7,0.5,0.349,0.469,1
2399,37,1,9,0.943,0.603,0.728,0.0,0.464,0.177,0
2400,68,1,9,0.86,0.506,0.528,0.0,0.175,0.404,0
2401,44,1,12,1.196,0.626,0.84,0.0,0.574,0.536,0
2402,50,0,8,0.959,0.519,0.221,0.5,-0.273,0.407,0
2403,68,1,7,0.73,0.598,0.873,0.0,0.553,-0.332,0
2404,69,1,6,0.929,0.54,0.905,0.0,0.698,-0.07,0
2405,33,0,12,0.831,0.473,0.904,1.0,0.204,0.037,0
2406,33,1,12,0.985,0.463,0.82,0.5,0.29,-0.088,0
2407,30,1,7,0.855,0.579,0.763,0.0,0.42,-0.05,0
2408,67,0,9,0.879,0.562,0.699,0.5,0.215,0.135,0
2409,59,1,3,0.919,0.604,0.748,0.5,0.446,0.098,0
2410,78,0,5,0.585,0.613,0.454,0.0,-0.217,-0.267,0
2411,33,1,8,1.02,0.454,0.513,0.0,0.053,0.497,0
2412,34,0,7,0.958,0.502,0.719,0.25,0.361,0.132,0
2413,49,1,12,0.821,0.697,0.7,1.0,0.332,0.124,0
2414,50,1,6,0.769,0.615,0.9,0.5,0.45,-0.068,0
2415,53,0,6,0.807,0.561,0.741,0.0,0.348,0.379,0
2416,63,0,10,0.995,0.478,0.767,0.0,0.28,0.369,0
2417,32,1,4,0.863,0.605,0.576,0.5,0.134,0.141,0
2418,48,0,4,0.827,0.714,0.7,0.25,0.216,0.018,0
2419,60,1,5,0.902,0.507,0.705,0.75,0.345,0.032,0
2420,46,0,12,1.115,0.473,0.664,0.0,0.147,0.298,0
2421,83,0,3,0.726,0.7,0.135,0.0,-0.299,-0.111,0
2422,39,0,4,0.7,0.644,0.444,0.0,0.17,-0.085,0
2423,30,0,4,0.811,0.575,0.881,0.5,0.812,-0.053,0
2424,30,1,9,0.551,0.573,0.734,0.75,0.053,-0.149,0
2425,34,0,3,1.007,0.629,0.464,0.0,-0.009,0.284,0
2426,31,0,11,0.81,0.605,0.804,0.5,0.268,0.041,0
2427,47,0,4,0.862,0.684,1.157,0.0,0.839,-0.061,0
2428,43,0,6,0.883,0.621,0.727,0.75,0.209,0.108,0
2429,46,1,3,0.612,0.573,0.603,0.75,0.31,-0.339,0
2430,67,0,7,0.853,0.627,0.419,0.25,0.076,0.185,0
2431,33,0,3,0.948,0.755,0.305,0.0,-0.15,0.271,0
2432,80,0,7,0.826,0.634,0.64,0.25,0.057,0.344,0
2433,61,0,8,0.872,0.498,0.74,1.0,0.277,0.287,0
2434,75,1,10,0.886,0.573,1.065,0.75,0.456,0.02,1
2435,77,1,12,0.953,0.574,0.973,0.0,0.659,0.327,0
2436,48,1,11,1.031,0.667,0.754,1.0,0.431,0.372,1
2437,48,1,11,0.903,0.52,1.209,0.0,0.601,0.079,0
2438,39,0,7,0.893,0.658,0.573,0.0,0.031,0.039,0
2439,60,0,9,0.914,0.612,0.637,0.0,0.337,0.264,0
2440,34,0,11,0.977,0.612,0.855,0.5,0.583,0.262,0
2441,71,1,12,1.065,0.594,0.7,0.0,0.318,0.355,0
2442,30,0,7,0.753,0.674,0.982,0.5,0.331,-0.147,0
2443,66,0,5,0.876,0.558,0.646,1.0,0.252,0.203,1
2444,70,0,12,0.817,0.595,0.814,1.0,0.547,0.078,0
2445,47,0,12,1.081,0.5,1.037,0.25,0.707,0.367,0
2446,64,0,7,0.903,0.628,0.275,0.0,-0.116,0.134,0
2447,35,0,11,0.807,0.497,0.658,0.25,0.166,0.153,0
2448,39,0,7,0.604,0.6,0.76,0.0,0.091,-0.17,0
2449,78,0,6,0.974,0.667,0.7,0.0,0.379,0.318,0
2450,52,1,5,0.852,0.64,0.767,0.0,0.426,-0.051,0
2451,44,1,4,0.863,0.678,0.868,0.0,0.548,0.067,0
2452,47,0,3,0.897,0.604,0.593,0.5,0.238,0.033,0
2453,75,0,6,1.168,0.602,0.615,0.75,-0.007,0.375,0
2454,46,0,10,0.819,0.637,0.957,0.0,0.479,-0.095,0
2455,45,0,10,0.865,0.543,0.622,0.25,0.033,0.102,0
2456,33,1,11,0.808,0.527,0.858,0.5,0.586,0.109,1
2457,51,1,7,0.821,0.576,0.771,0.0,0.087,0.261,0
2458,47,0,12,1.123,0.601,0.928,0.25,0.298,0.449,0
2459,43,1,3,0.908,0.518,0.565,0.5,0.096,0.018,0
2460,37,0,12,0.761,0.582,0.984,0.0,0.384,-0.204,0
2461,47,0,10,0.759,0.477,0.925,0.0,0.546,0.02,0
2462,53,0,5,0.927,0.642,0.484,0.25,-0.001,0.045,0
2463,72,0,7,0.819,0.597,0.455,0.75,-0.273,0.17,0
2464,49,1,7,0.832,0.58,0.904,0.0,0.628,0.077,0
2465,73,1,9,1.072,0.51,0.779,0.0,0.215,0.246,0
2466,66,0,3,0.762,0.569,0.511,0.0,0.018,-0.181,0
2467,81,1,11,0.873,0.555,0.888,0.25,0.375,-0.056,0
2468,42,0,6,0.962,0.468,0.416,0.25,-0.166,0.167,0
2469,70,0,6,0.907,0.564,0.742,0.0,0.355,-0.071,0
2470,60,1,3,0.795,0.647,0.731,0.0,0.414,-0.115,0
2471,80,1,7,0.966,0.62,0.879,0.25,0.573,0.174,0
2472,39,1,8,0.984,0.732,0.615,0.5,0.117,0.192,0
2473,77,0,11,0.879,0.481,0.705,1.0,0.209,0.19,0
2474,30,1,9,0.994,0.499,0.916,0.0,0.354,0.274,0
2475,69,0,8,0.996,0.558,0.495,0.0,0.4,0.132,0
2476,54,1,11,0.991,0.544,0.827,0.0,0.655,0.105,0
2477,70,0,5,0.723,0.573,0.504,0.0,0.216,0.075,0
2478,42,1,8,0.822,0.496,0.795,0.5,0.327,-0.045,0
2479,81,1,8,1.009,0.544,0.582,0.0,-0.118,0.377,0
2480,75,1,8,0.841,0.614,0.691,0.5,0.137,-0.25,0
2481,32,1,6,0.877,0.653,0.676,0.0,0.088,-0.075,0
2482,47,0,6,0.873,0.522,0.568,0.5,0.014,-0.053,0
2483,53,1,8,1.037,0.575,0.588,0.5,0.078,0.37,0
2484,42,0,9,0.886,0.598,0.647,1.0,0.139,0.157,0
2485,72,1,4,1.026,0.47,0.452,0.0,0.067,0.263,0
2486,62,1,9,0.994,0.556,0.814,1.0,0.17,0.294,0
2487,68,1,8,0.929,0.484,0.551,0.75,0.185,0.12,0
2488,76,0,7,0.951,0.599,0.635,0.25,0.231,0.314,0
2489,82,1,11,0.891,0.476,0.973,0.0,0.594,0.346,0
2490,82,1,5,1.084,0.534,0.36,0.0,-0.286,0.609,0
2491,60,1,4,0.851,0.729,0.661,1.0,0.19,0.178,0
2492,80,0,6,0.875,0.536,0.392,0.0,0.19,0.051,0
2493,72,0,11,0.659,0.587,0.629,0.5,-0.044,-0.107,0
2494,61,1,5,1.146,0.414,0.592,0.5,0.027,0.512,0
2495,77,0,10,1.09,0.625,0.776,0.0,0.388,0.249,0
2496,32,1,12,1.028,0.533,0.74,0.0,0.112,0.362,0
2497,62,1,4,0.586,0.719,0.455,0.25,-0.152,0.063,0
2498,73,1,5,0.668,0.616,0.501,0.0,0.335,-0.057,0
2499,75,1,6,0.793,0.45,0.786,0.25,0.706,0.152,0
2500,44,0,6,0.816,0.584,0.814,0.0,0.425,0.209,0
2501,44,1,9,0.917,0.564,0.647,0.0,0.152,0.297,0
2502,64,1,3,0.77,0.593,0.563,0.0,-0.137,0.131,0
2503,57,0,9,0.739,0.568,1.056,0.25,0.676,0.085,0
2504,53,0,3,0.552,0.68,0.327,0.0,-0.098,-0.236,0
2505,77,1,12,0.807,0.54,0.59,0.5,0.096,0.11,0
2506,54,0,7,0.775,0.508,1.24,0.25,0.912,-0.075,0
2507,59,0,3,0.649,0.564,0.7,0.75,0.063,-0.04,0
2508,64,0,12,1.119,0.612,1.201,0.0,0.965,0.509,0
2509,76,1,12,1.251,0.491,0.846,0.0,0.4,0.589,0
2510,70,0,5,0.769,0.592,0.348,0.25,-0.447,0.15,0
2511,72,1,7,0.67,0.508,0.997,0.75,0.302,0.162,1
2512,75,1,10,0.997,0.7,0.76,0.5,0.238,0.202,0
2513,44,1,7,0.675,0.647,0.792,0.5,0.364,-0.301,0
2514,42,1,12,0.948,0.494,1.046,0.0,0.645,0.143,0
2515,69,1,12,1.132,0.604,0.754,0.75,0.456,0.432,0
2516,40,1,11,0.706,0.603,1.251,0.0,0.895,-0.222,0
2517,84,0,7,0.825,0.677,0.769,0.0,0.241,-0.008,0
2518,82,0,9,0.967,0.471,0.849,0.0,0.208,0.092,0
2519,53,1,5,0.913,0.674,0.433,0.5,-0.376,0.213,0
2520,56,0,4,0.804,0.603,0.582,0.25,-0.027,0.123,0
2521,49,1,8,0.854,0.562,0.698,0.0,0.132,0.167,0
2522,36,0,5,0.971,0.506,0.943,1.0,0.308,0.239,0
2523,56,0,7,1.086,0.642,1.081,0.5,0.745,0.322,0
2524,50,1,12,1.014,0.478,0.835,0.0,0.63,0.279,0
2525,73,0,12,0.899,0.548,0.882,0.0,0.696,0.109,0
2526,42,0,10,0.933,0.57,0.82,0.25,0.275,0.121,0
2527,62,1,8,0.835,0.604,0.685,0.0,0.099,-0.142,0
2528,68,1,5,0.703,0.605,0.793,0.5,0.022,-0.09,0
2529,79,0,6,0.759,0.545,0.475,1.0,0.23,-0.045,0
2530,41,1,11,1.009,0.731,0.816,0.0,0.535,0.145,0
2531,60,0,4,0.889,0.532,0.592,0.75,-0.057,-0.068,0
2532,72,0,11,0.945,0.535,0.647,0.25,0.2,0.19,0
2533,46,0,4,0.8,0.619,0.68,0.0,0.243,0.1,0
2534,49,1,11,0.894,0.511,0.852,0.0,0.338,0.053,0
2535,40,0,3,0.854,0.7,0.69,0.5,0.097,0.189,0
2536,60,0,7,0.964,0.579,0.608,0.0,0.231,0.39,0
2537,50,1,9,0.835,0.507,0.812,0.0,0.628,-0.042,0
2538,74,1,8,0.842,0.52,0.595,0.25,-0.034,-0.085,0
2539,65,1,6,0.812,0.565,0.327,0.0,-0.272,0.054,0
2540,66,1,7,0.959,0.535,0.799,0.25,0.273,0.308,0
2541,61,0,12,1.219,0.531,1.189,0.25,0.698,0.661,0
2542,47,0,7,0.718,0.584,0.964,0.0,0.29,-0.174,0
2543,59,1,10,0.922,0.388,0.662,0.0,0.256,0.069,0
2544,80,0,8,1.021,0.516,0.869,1.0,0.538,0.348,1
2545,74,1,6,0.644,0.54,0.712,0.0,0.012,-0.102,0
2546,72,1,3,0.441,0.663,0.629,0.0,0.347,-0.335,0
2547,43,0,3,0.97,0.639,0.399,0.25,-0.044,0.117,0
2548,54,1,9,0.886,0.48,0.907,0.0,0.405,0.008,0
2549,48,0,11,1.139,0.61,0.879,0.0,0.179,0.495,0
2550,36,1,11,1.156,0.612,0.833,0.0,0.658,0.34,0
2551,58,1,11,0.65,0.498,0.833,0.0,0.426,-0.04,0
2552,33,0,10,0.906,0.54,0.807,0.25,0.445,0.365,0
2553,71,1,4,0.861,0.681,0.781,1.0,0.081,0.197,1
2554,45,1,6,0.726,0.47,0.651,0.0,0.401,-0.016,0
2555,36,0,3,0.806,0.62,0.351,0.25,-0.082,-0.027,0
2556,65,0,4,0.719,0.46,0.749,0.0,0.22,0.165,0
2557,58,0,4,0.863,0.51,0.595,0.5,0.22,0.337,0
2558,76,1,5,0.722,0.622,0.426,0.0,-0.029,-0.326,0
2559,60,0,8,0.747,0.636,0.486,0.0,0.177,0.025,0
2560,43,0,12,0.907,0.528,0.916,0.0,0.323,-0.131,0
2561,56,0,8,0.961,0.587,0.561,0.0,0.013,0.152,0
2562,72,1,9,0.985,0.51,0.926,0.0,0.239,0.124,0
2563,51,1,9,0.903,0.528,0.827,0.5,0.127,0.188,0
2564,30,0,10,1.038,0.453,0.94,0.25,0.598,0.42,0
2565,32,0,11,0.924,0.7,0.762,1.0,0.185,0.375,0
2566,54,0,7,1.0,0.708,0.812,0.0,0.428,0.221,0
2567,75,1,10,1.078,0.644,0.608,0.0,0.288,0.184,0
2568,79,1,5,0.7,0.455,0.756,0.75,0.375,-0.079,0
2569,73,1,5,0.853,0.568,0.701,0.0,0.037,0.126,0
2570,49,0,12,1.001,0.574,0.884,0.0,0.46,0.113,0
2571,47,1,12,0.978,0.622,0.876,0.0,0.319,0.215,0
2572,53,1,12,0.853,0.479,0.938,0.0,0.425,0.168,0
2573,75,0,5,0.873,0.452,0.61,0.25,0.163,0.258,0
2574,60,1,8,0.926,0.464,0.663,0.25,-0.257,0.166,0
2575,73,0,10,0.948,0.479,0.917,0.0,0.166,0.262,0
2576,47,0,8,0.997,0.633,0.64,0.0,0.264,0.233,0
2577,37,1,9,1.024,0.5,0.826,0.0,0.426,0.504,0
2578,84,1,8,0.739,0.7,0.528,0.5,-0.025,-0.006,0
2579,69,0,8,0.879,0.537,0.7,0.0,0.184,0.146,0
2580,31,1,5,1.084,0.702,0.574,0.25,0.33,0.314,0
2581,54,0,3,0.81,0.484,0.6,0.0,0.322,0.153,0
2582,50,0,4,0.822,0.685,0.339,0.0,0.08,-0.005,0
2583,44,1,9,0.858,0.687,1.056,0.0,0.716,0.108,0
2584,42,1,3,0.988,0.601,0.319,0.0,-0.173,0.217,0
2585,54,1,9,0.999,0.7,0.746,1.0,0.397,0.01,0
2586,31,1,10,0.909,0.596,0.958,0.0,0.408,0.185,0
2587,71,1,4,0.646,0.432,0.425,0.0,-0.117,0.221,0
2588,34,1,8,0.782,0.661,0.878,1.0,0.559,0.056,0
2589,33,0,11,0.846,0.546,0.902,1.0,0.385,-0.043,0
2590,50,1,3,0.707,0.713,0.163,0.0,-0.216,-0.106,0
2591,34,0,3,0.88,0.549,0.732,0.0,0.384,0.186,0
2592,76,1,6,0.994,0.549,0.645,0.5,0.011,0.363,0
2593,41,0,10,0.819,0.57,0.852,0.5,0.165,0.05,0
2594,42,1,4,1.011,0.527,0.34,0.0,-0.18,0.296,0
2595,62,0,9,0.919,0.373,0.873,0.25,0.265,0.21,0
2596,45,0,10,0.837,0.591,0.936,0.0,0.817,0.029,0
2597,66,0,8,0.778,0.625,0.85,0.0,0.037,0.049,0
2598,42,1,12,0.983,0.529,0.758,0.0,0.53,0.399,0
2599,33,0,3,0.546,0.706,0.273,0.0,-0.201,-0.104,0
2600,32,1,4,0.669,0.738,0.468,0.0,-0.132,0.089,0
2601,71,0,8,0.966,0.555,0.786,0.0,0.34,0.213,0
2602,37,1,4,1.031,0.61,0.53,0.0,-0.17,0.261,0
2603,61,0,3,0.786,0.522,0.769,0.0,0.243,0.008,0
2604,51,1,6,0.863,0.588,0.646,0.25,0.022,0.189,0
2605,43,0,12,0.812,0.478,1.133,0.5,0.952,0.065,0
2606,49,1,8,0.773,0.507,0.62,0.5,0.038,-0.002,0
2607,56,1,4,0.846,0.66,0.469,0.0,0.325,0.029,0
2608,45,0,4,0.747,0.522,0.695,0.25,-0.005,0.066,0
2609,61,1,6,0.698,0.666,0.858,1.0,0.383,-0.172,0
2610,57,1,12,0.878,0.434,0.957,0.0,0.698,0.184,0
2611,57,1,3,0.808,0.563,0.728,0.5,0.455,0.043,0
2612,37,0,9,0.975,0.595,0.781,0.0,0.726,0.436,0
2613,80,1,12,1.066,0.585,1.013,1.0,0.175,0.175,0
2614,53,0,9,0.944,0.559,0.435,1.0,-0.295,0.38,0
2615,31,1,3,0.741,0.626,0.482,0.0,0.025,0.058,0
2616,45,0,4,0.889,0.58,0.82,0.0,0.75,0.005,0
2617,77,0,6,0.832,0.746,0.81,0.0,0.437,0.029,0
2618,68,1,5,0.835,0.491,0.647,1.0,0.065,-0.001,1
2619,35,1,3,0.923,0.498,0.413,0.0,-0.043,0.162,0
2620,37,0,12,1.176,0.443,0.814,0.25,0.366,0.353,0
2621,38,1,4,0.591,0.666,0.458,0.5,-0.117,-0.15,0
2622,57,0,6,0.877,0.516,0.735,0.25,0.452,0.058,0
2623,66,1,12,0.978,0.514,1.334,0.0,1.132,0.616,0
2624,60,1,6,0.941,0.494,0.955,0.5,0.343,0.261,0
2625,40,1,4,0.811,0.474,0.7,0.0,0.144,-0.025,0
2626,81,1,9,0.671,0.591,0.846,0.0,0.319,-0.112,0
2627,45,1,8,0.931,0.378,0.532,0.0,-0.155,0.08,0
2628,32,0,9,0.833,0.545,0.579,0.0,0.358,0.058,0
2629,79,0,3,0.593,0.534,0.691,0.5,-0.009,-0.295,1
2630,82,0,8,0.931,0.674,0.72,0.5,0.487,0.276,1
2631,82,1,9,1.047,0.499,0.411,0.75,-0.076,0.256,1
2632,55,1,4,0.793,0.609,0.75,0.0,0.45,0.229,0
2633,78,0,4,0.905,0.707,0.435,0.0,-0.14,0.053,0
2634,79,1,12,1.05,0.628,1.189,0.25,0.741,0.35,0
2635,57,0,6,0.893,0.482,0.906,0.0,0.438,0.303,0
2636,80,1,6,0.938,0.389,0.779,0.25,0.431,0.373,0
2637,75,1,7,0.698,0.552,0.79,1.0,0.288,-0.01,1
2638,36,0,7,0.73,0.631,0.617,0.5,0.246,0.22,0
2639,61,0,11,1.059,0.665,0.905,0.0,0.693,0.345,0
2640,82,0,7,0.803,0.413,0.787,0.0,0.449,0.103,0
2641,57,1,11,0.7,0.668,1.101,0.0,0.549,-0.099,0
2642,65,1,6,0.859,0.623,0.446,0.0,-0.071,0.11,0
2643,50,1,11,0.911,0.537,0.674,0.25,0.161,0.033,0
2644,34,1,6,0.676,0.67,0.956,0.0,0.367,-0.131,0
2645,48,1,4,0.7,0.526,0.613,0.0,0.186,0.093,0
2646,56,0,8,0.894,0.642,0.7,0.0,0.118,0.246,0
2647,82,1,3,0.716,0.63,0.239,0.0,-0.177,-0.161,0
2648,84,1,8,1.09,0.684,0.481,0.0,0.245,0.506,0
2649,55,0,4,0.912,0.663,0.512,0.0,-0.249,0.271,0
2650,64,0,3,0.879,0.636,0.399,1.0,-0.23,0.337,0
2651,46,0,12,0.903,0.576,0.698,0.0,0.295,0.203,0
2652,37,1,5,0.632,0.606,0.665,0.5,0.049,-0.107,0
2653,44,0,11,0.896,0.471,0.93,0.25,0.771,0.33,0
2654,78,1,3,0.727,0.616,0.522,0.0,0.36,-0.123,0
2655,81,1,10,0.851,0.546,0.727,0.0,0.245,0.082,1
2656,83,0,9,0.971,0.512,0.997,0.25,0.629,0.36,0
2657,40,1,3,0.753,0.595,0.817,0.0,0.452,-0.066,0
2658,41,1,11,1.017,0.581,1.069,1.0,0.687,0.246,0
2659,79,0,3,0.95,0.62,0.576,1.0,0.2,0.079,0
2660,65,1,10,1.039,0.622,0.866,0.0,0.216,0.222,0
2661,55,0,8,0.742,0.493,0.75,0.0,0.144,-0.17,0
2662,32,0,11,0.972,0.463,0.996,0.0,0.499,0.313,0
2663,76,0,11,1.032,0.58,0.792,0.0,0.085,0.174,0
2664,70,1,10,0.914,0.667,1.055,0.0,0.423,0.269,0
2665,43,1,9,0.7,0.615,0.654,0.0,0.155,-0.099,0
2666,79,0,7,0.796,0.549,0.572,0.5,0.124,0.135,0
2667,47,0,6,0.905,0.506,0.678,0.0,0.036,0.256,0
2668,67,1,11,1.16,0.611,0.832,0.25,0.601,0.487,0
2669,37,0,10,1.075,0.622,1.126,1.0,0.485,0.362,0
2670,61,0,11,1.061,0.543,1.103,0.0,0.436,0.259,0
2671,33,1,7,0.794,0.605,0.83,0.5,0.308,0.223,0
2672,63,0,7,0.984,0.517,0.646,0.0,0.413,0.181,0
2673,35,0,5,0.761,0.517,0.805,0.5,-0.045,0.041,0
2674,79,0,10,0.706,0.582,0.858,0.0,0.149,-0.183,0
2675,34,1,9,0.619,0.524,0.774,0.0,0.074,-0.321,0
2676,50,1,3,0.71,0.627,0.839,0.25,0.544,0.138,0
2677,73,1,9,0.906,0.568,0.71,0.5,0.147,0.088,1
2678,30,1,9,1.068,0.588,0.988,0.5,0.476,0.124,0
2679,48,1,8,0.771,0.588,0.731,0.25,0.059,-0.152,0
2680,79,1,6,0.713,0.574,0.766,0.25,0.319,-0.23,0
2681,44,1,4,0.903,0.564,0.597,0.25,0.346,0.384,0
2682,41,1,9,0.92,0.585,0.98,1.0,0.705,0.069,0
2683,47,1,4,0.866,0.623,0.424,0.5,0.097,0.115,0
2684,56,1,5,0.826,0.569,0.835,0.0,0.53,0.167,0
2685,77,0,11,0.853,0.511,1.135,0.0,0.372,0.088,0
2686,82,1,12,0.895,0.568,1.123,1.0,0.926,-0.064,0
2687,44,0,12,0.939,0.525,1.168,0.25,0.519,0.438,0
2688,57,0,9,0.837,0.505,0.964,0.0,0.649,0.133,0
2689,82,0,8,0.938,0.696,0.517,0.0,-0.141,0.367,0
2690,57,0,11,0.922,0.53,1.203,0.25,0.666,0.197,0
2691,35,0,10,1.116,0.654,0.89,0.0,0.252,0.533,0
2692,58,0,5,0.827,0.585,0.43,0.25,0.174,-0.022,0
2693,34,1,11,1.157,0.633,1.04,0.0,0.439,0.239,0
2694,81,1,9,0.842,0.354,0.738,0.0,0.279,0.034,1
2695,83,1,12,1.168,0.677,1.03,0.75,0.766,0.149,1
2696,79,0,3,0.87,0.629,0.772,0.25,0.342,0.14,0
2697,39,0,12,0.7,0.549,0.77,0.0,0.343,-0.078,0
2698,40,0,12,0.906,0.649,0.765,0.0,0.145,0.083,0
2699,80,0,9,1.064,0.776,0.883,0.0,0.288,0.204,0
2700,35,0,5,0.859,0.582,0.842,0.5,0.437,-0.177,0
2701,83,0,7,0.987,0.656,0.778,0.0,0.245,0.238,0
2702,36,1,5,0.869,0.482,0.575,0.0,0.21,-0.096,0
2703,33,1,4,0.92,0.583,0.605,1.0,0.042,0.182,0
2704,82,0,4,0.644,0.547,0.857,0.0,0.428,0.014,0
2705,69,1,7,0.745,0.584,0.868,0.5,0.678,-0.144,0
2706,47,1,3,0.818,0.632,0.841,0.0,0.256,0.113,0
2707,80,0,10,0.91,0.551,1.174,0.75,0.501,0.285,0
2708,58,0,11,0.609,0.494,0.827,0.0,0.32,-0.15,0
2709,57,1,11,0.943,0.648,0.832,0.25,0.536,0.021,0
2710,67,1,8,0.912,0.546,0.414,0.5,0.052,0.192,0
2711,78,1,7,1.162,0.435,0.773,1.0,-0.122,0.223,1
2712,31,0,4,0.693,0.499,0.794,0.0,0.053,0.034,0
2713,52,1,6,0.7,0.526,0.858,0.0,0.366,-0.103,0
2714,70,0,9,0.91,0.605,0.763,0.0,0.095,0.051,0
2715,82,1,10,0.829,0.568,0.675,0.75,0.149,0.3,1
2716,34,1,5,0.705,0.556,0.854,1.0,0.673,-0.189,0
2717,68,0,4,0.717,0.712,0.63,0.0,0.177,0.035,0
2718,74,1,5,0.866,0.563,0.489,0.0,-0.019,0.213,0
2719,54,1,8,0.98,0.543,0.847,0.0,0.49,0.449,0
2720,60,1,5,0.525,0.771,0.783,0.0,0.132,-0.375,0
2721,80,0,5,0.825,0.598,0.856,0.0,0.124,0.114,0
2722,32,1,10,1.006,0.564,0.762,0.0,0.172,0.226,0
2723,84,1,3,0.635,0.612,0.6,0.25,0.203,-0.162,0
2724,44,1,12,0.7,0.599,1.061,0.0,-0.068,0.048,0
2725,79,0,6,0.918,0.483,0.402,0.25,-0.136,0.349,0
2726,65,1,11,0.855,0.562,0.88,1.0,0.64,0.143,0
2727,47,1,12,0.808,0.587,0.741,0.25,0.041,0.022,0
2728,56,0,3,0.755,0.504,0.389,0.0,-0.229,-0.148,0
2729,78,0,3,0.679,0.684,0.624,0.0,0.099,-0.069,0
2730,65,0,9,0.766,0.438,0.613,0.5,0.309,-0.09,0
2731,65,0,3,0.943,0.63,0.459,0.25,-0.106,0.419,0
2732,38,1,6,0.794,0.536,0.646,0.0,0.225,0.06,0
2733,39,1,9,0.979,0.714,1.05,0.75,0.72,0.367,0
2734,82,1,11,0.815,0.582,1.263,0.5,0.883,0.338,0
2735,35,0,4,0.953,0.588,0.7,0.25,0.18,0.305,0
2736,36,0,10,0.945,0.524,0.682,0.25,0.157,0.374,0
2737,66,1,10,0.962,0.593,0.627,0.0,-0.137,0.12,0
2738,66,1,4,0.941,0.491,0.7,0.0,0.322,0.343,0
2739,76,1,10,0.998,0.598,1.016,0.25,0.372,0.213,0
2740,62,0,12,1.163,0.474,1.167,0.75,0.958,0.348,0
2741,35,0,8,0.878,0.654,1.026,0.0,0.144,-0.033,0
2742,41,1,8,1.062,0.583,0.716,0.5,0.419,0.291,0
2743,51,0,9,0.823,0.521,0.984,0.0,0.484,0.058,0
2744,72,1,4,0.963,0.608,0.459,0.0,0.019,0.129,0
2745,49,0,9,0.799,0.561,0.734,0.0,0.396,0.013,0
2746,60,1,11,0.744,0.651,0.692,0.0,0.218,0.059,0
2747,64,1,8,0.73,0.606,0.729,0.0,0.017,-0.023,1
2748,38,0,9,0.873,0.561,0.709,1.0,0.197,0.124,0
2749,39,0,5,0.747,0.669,0.727,0.0,-0.022,0.107,0
2750,59,1,12,1.138,0.461,1.24,0.0,1.061,0.44,0
2751,82,0,7,0.871,0.552,0.561,0.0,0.055,-0.036,0
2752,71,1,9,0.877,0.48,0.773,0.75,0.16,0.103,0
2753,70,1,11,1.039,0.515,1.089,0.25,0.539,0.269,0
2754,71,0,6,0.744,0.586,0.566,0.0,-0.088,-0.061,0
2755,32,1,12,0.971,0.577,1.079,0.0,0.73,0.185,0
2756,42,1,5,0.633,0.556,0.356,0.0,0.121,-0.073,0
2757,48,1,11,0.993,0.619,0.7,0.0,0.107,0.121,0
2758,71,0,6,0.735,0.547,0.569,0.0,0.218,-0.295,0
2759,79,1,6,0.831,0.719,0.386,0.5,-0.002,0.087,0
2760,74,1,8,0.803,0.459,0.491,0.0,-0.045,0.209,0
2761,68,1,6,0.945,0.44,0.67,0.25,0.325,-0.004,0
2762,80,0,12,1.161,0.468,0.814,0.0,0.345,0.468,0
2763,49,0,3,0.887,0.513,0.284,0.25,-0.269,0.257,0
2764,43,0,3,0.999,0.587,0.68,0.0,-0.008,0.183,0
2765,56,0,5,0.635,0.698,0.787,0.5,0.367,-0.167,0
2766,75,0,7,0.827,0.632,0.533,0.5,-0.01,0.126,1
2767,59,1,7,0.91,0.58,0.674,0.0,0.248,0.204,0
2768,38,0,11,1.012,0.478,1.043,0.75,0.45,0.192,0
2769,73,1,10,0.962,0.597,0.572,0.0,0.086,0.246,0
2770,44,0,3,0.903,0.575,0.388,0.0,-0.067,0.241,0
2771,68,1,3,0.883,0.522,0.173,0.0,-0.478,0.219,0
2772,61,0,4,1.009,0.569,0.637,0.25,0.355,0.28,0
2773,44,1,9,0.983,0.437,0.736,0.25,0.592,0.234,0
2774,46,0,8,0.846,0.518,0.566,0.0,0.117,0.225,0
2775,42,1,9,1.079,0.567,0.793,0.75,0.347,0.273,0
2776,41,0,10,0.854,0.576,0.811,0.0,0.534,0.203,0
2777,54,1,6,1.0,0.611,0.509,1.0,0.047,0.202,0
2778,46,1,9,0.902,0.539,0.63,0.25,0.061,0.379,0
2779,43,0,12,1.029,0.614,0.906,0.5,0.475,0.155,0
2780,71,1,12,0.939,0.65,0.815,0.0,0.205,-0.067,0
2781,53,1,8,0.983,0.526,0.896,0.25,0.422,0.332,0
2782,61,0,5,0.856,0.6,0.621,0.0,0.132,-0.035,0
2783,47,0,5,1.058,0.491,0.477,0.0,-0.05,0.369,0
2784,62,0,3,0.695,0.535,0.719,0.0,0.1,-0.005,0
2785,81,0,3,0.724,0.593,0.528,0.0,-0.149,0.088,0
2786,64,1,6,0.736,0.662,0.679,0.5,0.456,-0.036,0
2787,76,1,5,0.881,0.708,0.816,0.25,0.32,0.12,0
2788,84,1,10,0.682,0.61,0.769,0.25,0.139,-0.045,1
2789,35,0,9,0.843,0.542,0.742,0.75,0.308,0.194,0
2790,30,1,6,0.923,0.622,0.46,0.5,-0.085,-0.032,0
2791,74,0,12,0.889,0.509,1.1,0.0,0.646,0.139,0
2792,34,1,9,0.984,0.561,0.7,0.5,0.248,0.269,0
2793,39,0,6,0.904,0.576,0.484,0.0,0.103,0.224,0
2794,31,1,5,0.823,0.488,0.559,0.5,0.223,-0.033,0
2795,42,1,3,0.844,0.67,0.449,0.75,-0.098,0.253,0
2796,65,1,4,0.719,0.645,0.426,1.0,-0.15,-0.078,0
2797,78,1,4,0.768,0.465,0.463,0.5,-0.077,0.146,0
2798,57,1,6,0.974,0.617,0.333,0.0,0.146,0.057,0
2799,31,1,5,0.575,0.43,0.729,0.0,0.075,0.15,0
2800,57,0,10,0.746,0.545,0.772,0.0,0.321,0.008,0
2801,67,1,9,1.003,0.52,0.679,0.0,0.44,0.148,0
2802,64,0,6,0.753,0.549,0.451,0.0,0.167,0.107,0
2803,34,0,9,0.904,0.489,0.635,0.0,0.099,0.156,0
2804,35,0,8,0.939,0.638,0.536,0.25,0.054,0.327,0
2805,80,0,10,0.839,0.507,0.922,0.0,0.422,-0.072,0
2806,60,0,10,0.641,0.68,0.635,0.0,-0.052,-0.208,0
2807,58,1,11,0.981,0.582,0.696,0.0,0.072,0.2,0
2808,73,1,5,0.714,0.409,0.498,1.0,-0.202,0.058,0
2809,65,1,5,0.986,0.714,0.745,0.0,0.434,0.045,0
2810,79,0,7,1.01,0.663,0.7,0.25,0.446,0.31,1
2811,59,1,12,0.84,0.509,0.961,0.25,0.515,0.093,0
2812,65,0,3,0.7,0.631,0.645,0.0,0.035,-0.045,0
2813,76,1,11,0.905,0.7,0.695,0.75,0.324,0.034,0
2814,63,1,3,0.691,0.702,0.507,0.25,-0.082,0.033,0
2815,78,0,8,0.733,0.511,0.788,0.0,0.41,-0.16,0
2816,31,0,12,1.01,0.499,0.958,0.5,0.413,0.174,0
2817,49,0,5,0.908,0.566,0.61,0.0,-0.05,0.095,0
2818,37,1,3,1.102,0.603,0.243,0.0,-0.096,0.489,0
2819,60,1,10,0.813,0.585,0.975,0.5,0.303,-0.057,1
2820,50,1,3,0.811,0.652,0.243,0.75,-0.019,0.086,0
2821,80,0,7,0.8,0.511,0.685,0.25,0.483,0.098,0
2822,83,1,10,0.867,0.509,0.722,0.0,-0.035,0.241,0
2823,41,0,7,0.68,0.545,0.628,0.0,0.35,-0.007,0
2824,62,1,12,0.834,0.57,0.917,0.5,0.39,0.182,0
2825,48,0,8,0.907,0.558,0.571,0.0,-0.299,0.388,0
2826,32,0,8,0.755,0.568,0.963,0.0,0.522,-0.083,0
2827,37,1,9,0.789,0.587,0.683,0.25,0.255,0.023,0
2828,31,0,3,1.005,0.576,0.709,0.0,0.117,0.161,0
2829,62,0,5,0.962,0.761,0.645,0.0,0.16,0.126,0
2830,63,0,4,1.007,0.609,0.51,0.5,-0.164,0.263,0
2831,82,1,4,0.872,0.649,0.597,0.5,0.12,0.068,0
2832,47,0,10,0.99,0.57,1.162,0.5,0.641,0.432,0
2833,36,0,11,0.903,0.67,1.267,0.0,0.655,0.008,0
2834,51,1,10,0.807,0.582,0.938,0.75,0.494,0.196,0
2835,51,1,5,0.829,0.673,0.666,0.0,-0.071,0.037,0
2836,39,1,11,0.973,0.689,0.628,0.0,-0.035,0.412,0
2837,39,1,12,0.914,0.447,0.979,0.0,0.261,0.079,0
2838,54,1,6,0.695,0.514,0.878,0.0,0.642,-0.005,0
2839,63,0,10,0.809,0.515,1.066,0.0,0.671,-0.071,0
2840,63,0,5,0.835,0.509,1.114,0.5,0.542,0.092,0
2841,48,1,8,1.073,0.506,0.853,0.5,0.745,0.131,0
2842,70,0,9,0.841,0.517,0.685,1.0,0.138,0.189,0
2843,50,0,5,0.831,0.585,0.487,0.0,0.234,0.125,0
2844,78,0,10,0.906,0.467,1.142,0.5,0.543,0.107,0
2845,74,0,6,0.588,0.566,0.885,0.0,0.636,-0.039,0
2846,83,0,9,0.701,0.509,0.773,0.0,0.408,0.01,0
2847,39,0,7,1.025,0.417,0.738,0.0,0.175,0.298,0
2848,48,1,8,0.781,0.639,0.658,0.0,0.324,-0.0,0
2849,58,1,8,1.091,0.567,0.833,1.0,0.294,0.411,0
2850,82,1,10,0.8,0.532,0.982,0.25,0.805,-0.019,0
2851,74,1,5,0.721,0.743,0.735,0.0,0.245,-0.042,0
2852,62,1,12,1.251,0.507,0.906,0.0,0.489,0.368,0
2853,36,1,7,0.773,0.693,0.619,0.0,-0.081,0.263,0
2854,51,0,10,1.059,0.55,0.704,0.0,0.334,0.51,0
2855,32,0,6,0.706,0.671,0.901,0.0,0.487,-0.073,0
2856,59,1,7,0.813,0.475,0.773,0.0,0.538,0.077,0
2857,66,0,7,0.692,0.643,0.752,1.0,0.346,-0.133,0
2858,48,1,11,1.149,0.538,1.086,0.25,0.703,0.293,0
2859,72,1,8,0.548,0.593,0.724,0.5,0.388,-0.105,0
2860,67,1,8,0.78,0.817,0.479,0.0,-0.038,0.275,0
2861,81,0,12,0.707,0.442,0.734,0.0,0.118,-0.054,1
2862,71,1,5,0.851,0.64,0.805,0.5,0.538,-0.182,0
2863,81,0,6,0.888,0.583,0.713,0.5,0.332,0.093,0
2864,59,0,12,1.004,0.622,0.837,0.0,0.517,0.139,0
2865,58,1,8,1.207,0.751,0.858,0.0,0.529,0.507,0
2866,76,1,9,1.164,0.556,0.697,0.75,0.087,0.378,0
2867,42,0,9,0.885,0.531,0.913,0.0,0.475,0.144,0
2868,61,1,10,1.148,0.637,0.584,0.0,0.472,0.532,0
2869,31,1,5,0.934,0.695,0.413,0.0,-0.147,0.295,0
2870,53,1,12,1.049,0.443,0.985,0.5,0.856,0.311,0
2871,47,1,6,0.767,0.558,0.979,0.0,0.279,0.102,0
2872,35,1,10,1.041,0.589,0.886,0.25,0.356,0.329,0
2873,66,0,4,0.792,0.649,0.743,0.0,0.039,0.12,0
2874,79,0,3,0.582,0.716,0.378,0.0,-0.012,-0.118,0
2875,68,1,7,0.728,0.557,0.88,0.0,0.478,0.025,0
2876,51,1,11,1.034,0.623,0.852,0.25,0.608,0.572,0
2877,61,0,11,0.791,0.596,0.85,0.0,0.356,-0.005,0
2878,71,1,11,0.942,0.504,0.921,0.25,0.595,0.316,1
2879,35,0,4,0.733,0.568,0.352,0.0,-0.225,-0.088,0
2880,43,0,8,1.058,0.589,0.784,0.25,0.099,0.19,0
2881,56,1,8,0.842,0.472,0.653,0.0,0.163,0.258,0
2882,54,1,6,0.896,0.635,0.444,0.0,-0.014,0.029,0
2883,65,0,8,0.842,0.476,0.672,0.75,0.515,0.187,0
2884,41,1,11,0.976,0.59,0.997,0.0,0.749,0.194,0
2885,63,1,6,0.769,0.577,0.858,1.0,0.425,-0.001,0
2886,82,1,3,1.058,0.688,0.257,0.0,-0.15,0.151,0
2887,68,0,11,1.068,0.559,1.026,0.0,0.202,0.184,0
2888,78,1,9,0.929,0.517,0.781,0.0,0.42,0.175,0
2889,77,1,12,0.987,0.594,0.885,0.5,0.153,0.18,0
2890,58,1,5,0.773,0.74,0.335,0.25,-0.124,0.081,0
2891,49,1,10,0.659,0.548,0.995,0.0,0.633,-0.299,0
2892,70,0,11,0.929,0.638,0.697,0.0,0.245,-0.006,0
2893,68,0,4,0.891,0.529,0.608,0.5,0.019,-0.095,0
2894,53,1,6,0.698,0.662,0.529,0.0,-0.016,-0.052,0
2895,32,1,8,0.658,0.599,0.559,0.25,-0.004,-0.211,0
2896,61,0,5,0.903,0.543,0.296,0.0,-0.053,0.427,0
2897,60,1,9,0.928,0.656,0.68,0.25,-0.076,0.075,0
2898,70,0,8,0.855,0.645,0.513,0.25,0.083,0.367,0
2899,81,0,8,0.951,0.558,0.692,1.0,0.247,0.163,0
2900,38,0,5,0.801,0.608,0.646,0.0,-0.062,0.074,0
2901,66,0,8,0.793,0.444,0.917,1.0,0.413,0.146,0
2902,80,1,12,0.918,0.615,0.842,0.5,0.154,0.123,1
2903,39,1,3,0.803,0.671,0.588,0.0,0.145,-0.025,0
2904,81,0,11,1.1,0.577,0.824,0.75,-0.005,0.362,0
2905,81,1,10,1.069,0.52,0.986,0.0,0.668,0.4,1
2906,34,0,8,0.7,0.611,0.771,0.25,0.404,-0.066,0
2907,81,0,6,0.844,0.653,0.401,1.0,-0.417,-0.063,0
2908,48,0,6,0.856,0.638,0.716,0.25,-0.227,0.284,0
2909,42,1,10,1.006,0.459,1.064,0.0,0.607,0.349,0
2910,60,1,5,0.92,0.701,0.7,0.0,0.336,0.22,0
2911,54,0,8,0.925,0.478,0.91,0.25,0.234,0.294,0
2912,74,1,3,0.81,0.594,0.812,0.25,0.126,-0.027,0
2913,59,1,10,0.804,0.582,0.856,0.0,0.426,-0.054,0
2914,59,0,7,0.926,0.554,0.561,0.0,-0.052,-0.022,0
2915,43,0,12,0.976,0.551,0.858,0.0,0.35,0.234,0
2916,68,0,7,0.991,0.588,0.394,0.0,-0.15,0.287,0
2917,60,1,7,1.022,0.685,0.71,0.0,0.018,0.128,0
2918,53,1,7,0.906,0.457,0.932,0.0,0.266,0.082,0
2919,36,1,4,0.994,0.457,0.446,0.0,0.043,0.196,0
2920,84,1,9,0.975,0.524,0.798,0.0,0.048,0.376,1
2921,73,0,12,1.06,0.7,0.819,0.0,0.368,0.176,0
2922,53,1,8,0.905,0.561,0.703,0.75,0.154,0.136,0
2923,35,1,9,0.99,0.521,0.858,0.0,0.324,0.322,0
2924,72,0,7,1.091,0.667,0.65,0.5,0.448,0.374,0
2925,40,1,12,0.876,0.512,0.7,0.0,-0.188,0.195,0
2926,31,0,8,1.012,0.555,0.829,0.0,0.434,0.342,0
2927,41,1,7,0.788,0.59,0.518,1.0,0.145,-0.011,0
2928,34,0,6,0.883,0.7,0.783,0.25,0.209,0.183,0
2929,83,1,9,0.811,0.546,0.612,1.0,0.447,0.148,1
2930,72,1,4,0.81,0.626,0.442,0.0,-0.304,0.255,0
2931,48,0,9,1.006,0.51,0.945,0.0,0.57,0.474,0
2932,35,1,5,1.05,0.669,0.7,0.0,0.286,0.124,0
2933,32,1,9,0.957,0.728,0.737,0.0,0.165,-0.072,0
2934,73,0,5,0.728,0.59,0.523,0.75,0.36,-0.266,0
2935,81,0,7,0.698,0.641,0.501,0.5,0.07,-0.152,0
2936,40,1,7,1.036,0.533,0.497,0.5,0.278,0.298,0
2937,83,0,11,0.987,0.463,0.709,0.5,0.234,0.119,0
2938,59,0,9,1.109,0.525,0.849,0.75,0.304,0.409,1
2939,32,1,5,0.903,0.855,0.26,0.25,-0.167,0.203,0
2940,61,0,3,0.943,0.752,0.522,1.0,-0.028,0.255,0
2941,77,0,6,0.947,0.49,0.615,0.0,0.149,0.143,0
2942,65,1,9,0.748,0.553,0.695,0.0,0.109,-0.014,0
2943,37,1,11,1.043,0.486,0.927,0.0,0.724,0.41,0
2944,60,0,5,0.877,0.656,0.575,1.0,0.103,0.359,0
2945,31,0,9,0.887,0.654,0.862,0.75,0.664,0.029,0
2946,59,1,6,0.86,0.714,0.696,0.5,0.047,-0.244,0
2947,74,0,9,0.863,0.584,0.758,0.0,0.058,-0.203,0
2948,47,0,11,0.738,0.601,0.71,0.25,0.143,-0.125,0
2949,82,0,7,0.796,0.569,0.569,0.0,-0.001,-0.117,0
2950,72,1,4,0.846,0.534,0.562,0.25,0.002,-0.096,0
2951,30,1,7,0.988,0.578,0.675,0.5,0.201,0.22,0
2952,46,0,11,0.877,0.694,0.741,0.75,0.362,0.049,0
2953,73,1,11,1.035,0.665,0.961,0.0,0.455,0.44,1
2954,55,1,11,1.064,0.564,1.119,0.0,0.818,0.347,0
2955,30,1,5,0.775,0.469,0.898,0.25,0.338,-0.078,0
2956,55,1,7,0.816,0.541,0.691,0.25,0.214,0.282,0
2957,65,1,5,0.791,0.573,0.301,0.0,-0.223,0.126,0
2958,61,0,5,0.738,0.663,0.777,0.0,0.492,0.035,0
2959,69,0,4,0.865,0.608,0.486,0.0,0.133,0.081,0
2960,54,0,7,0.775,0.67,0.788,0.0,0.309,0.019,0
2961,69,0,6,0.805,0.687,0.497,0.75,0.186,0.169,0
2962,65,1,7,0.99,0.684,0.837,0.75,0.34,0.267,0
2963,40,1,5,0.719,0.615,0.47,0.0,0.09,-0.01,0
2964,49,0,6,0.755,0.518,0.654,0.0,0.109,0.024,0
2965,81,0,9,1.086,0.439,0.814,0.5,0.389,0.425,0
2966,72,0,3,0.762,0.583,0.545,0.75,0.061,0.025,0
2967,44,1,5,1.018,0.601,0.873,0.0,0.528,0.38,0
2968,72,1,11,0.993,0.604,1.031,0.0,0.725,0.187,0
2969,78,0,4,0.841,0.626,0.848,0.5,0.482,0.141,0
2970,45,1,11,0.967,0.655,0.885,0.75,0.31,0.239,0
2971,68,0,7,0.863,0.632,0.672,0.0,0.123,-0.018,0
2972,63,0,11,0.573,0.62,0.836,0.25,0.287,-0.049,0
2973,42,0,7,0.84,0.465,0.776,0.0,0.18,0.108,0
2974,39,0,3,0.675,0.428,0.616,0.75,0.088,0.366,0
2975,61,0,8,1.036,0.549,0.545,1.0,0.159,0.107,0
2976,38,1,6,0.623,0.538,0.613,0.0,0.269,-0.349,0
2977,32,0,6,0.722,0.597,0.584,0.0,0.118,0.002,0
2978,73,0,11,1.071,0.563,0.955,0.0,0.542,0.2,0
2979,69,0,6,0.958,0.45,0.561,0.75,0.128,0.107,0
2980,60,0,4,0.916,0.7,0.307,0.75,-0.058,0.348,0
2981,84,0,11,0.921,0.582,0.886,0.75,0.29,0.193,1
2982,44,1,8,0.711,0.624,0.673,0.0,0.387,-0.259,0
2983,69,0,6,0.885,0.591,0.414,0.75,-0.099,0.377,0
2984,57,1,11,0.98,0.526,0.593,0.5,-0.32,0.205,0
2985,79,0,10,0.997,0.56,0.779,0.5,0.155,0.32,0
2986,60,1,6,0.823,0.622,0.7,1.0,0.225,0.322,0
2987,65,0,8,0.863,0.671,0.756,0.0,0.22,0.122,0
2988,78,0,11,0.813,0.578,0.626,0.0,0.359,0.029,1
2989,44,0,12,0.971,0.475,1.047,0.5,0.52,0.4,0
2990,71,0,11,1.072,0.562,0.916,1.0,0.205,0.304,1
2991,57,1,4,0.711,0.758,0.685,0.0,0.192,0.07,0
2992,32,0,9,1.036,0.613,0.56,0.0,0.09,0.262,0
2993,56,1,4,0.808,0.643,0.564,0.25,0.093,0.056,0
2994,72,1,9,0.851,0.562,0.694,0.0,0.034,0.251,0
2995,44,0,3,0.703,0.644,0.97,0.0,0.51,-0.207,0
2996,81,1,10,1.005,0.548,1.066,0.0,0.253,0.196,1
2997,83,1,4,0.739,0.63,0.711,0.25,0.34,0.131,0
2998,34,0,5,0.646,0.602,0.738,0.5,0.175,-0.039,0
2999,47,1,10,0.71,0.434,0.797,0.0,0.35,-0.076,0
3000,77,0,5,0.787,0.692,0.448,0.0,-0.31,-0.105,0
3001,69,1,8,0.884,0.557,0.718,0.0,0.395,0.052,1
3002,68,1,5,0.801,0.618,0.778,0.5,0.231,-0.12,1
3003,57,1,5,0.707,0.539,0.477,0.0,-0.223,-0.223,0
3004,55,1,7,0.917,0.652,0.713,0.5,0.376,0.086,0
3005,39,1,10,0.765,0.579,0.962,0.75,0.119,0.001,0
3006,61,1,10,0.869,0.651,1.008,0.5,0.46,0.26,0
3007,32,1,4,0.706,0.588,0.525,0.0,-0.079,-0.119,0
3008,61,1,10,0.937,0.536,0.763,0.75,0.53,0.217,0
3009,81,1,12,0.9,0.506,0.768,0.25,0.17,0.039,0
3010,76,0,8,0.961,0.397,0.688,0.0,0.446,0.213,0
3011,55,0,11,0.996,0.506,0.983,0.0,0.803,0.072,0
3012,83,1,3,0.534,0.697,0.7,0.0,0.349,-0.333,0
3013,79,0,9,0.807,0.561,0.555,0.75,0.362,-0.063,0
3014,30,1,11,1.003,0.569,1.178,0.25,0.693,0.195,0
3015,40,1,9,0.945,0.649,0.53,0.0,-0.056,0.21,0
3016,69,1,8,1.044,0.599,0.962,0.0,0.567,0.159,0
3017,63,0,5,0.967,0.637,0.495,0.0,0.244,0.077,0
3018,34,0,10,1.124,0.39,0.948,0.75,0.527,0.359,0
3019,78,0,7,0.883,0.673,0.497,0.75,-0.152,0.243,0
3020,72,1,5,0.636,0.576,0.658,0.75,0.131,-0.273,0
3021,37,0,6,0.52,0.685,0.68,0.75,0.394,-0.218,0
3022,52,0,9,1.061,0.589,0.916,0.0,0.216,0.195,0
3023,51,0,8,0.872,0.53,0.898,0.25,0.394,0.139,0
3024,68,0,9,0.683,0.598,0.944,0.0,0.637,0.097,0
3025,55,1,11,0.86,0.504,0.76,0.25,0.282,0.032,0
3026,63,0,5,0.927,0.555,0.7,0.0,0.44,0.286,0
3027,31,1,4,0.779,0.568,0.685,0.0,-0.014,-0.138,0
3028,81,1,11,0.915,0.459,0.731,0.25,0.39,-0.082,1
3029,34,1,6,0.898,0.53,0.695,0.5,0.347,0.228,0
3030,69,0,11,0.784,0.562,0.797,0.0,0.097,0.02,1
3031,35,0,5,0.983,0.614,0.721,0.5,-0.231,0.173,0
3032,66,1,8,0.868,0.501,0.682,0.0,0.265,0.095,0
3033,65,0,6,0.9,0.624,0.549,0.0,0.286,0.148,0
3034,83,0,11,1.015,0.587,0.994,0.25,0.331,0.266,0
3035,50,0,10,0.926,0.61,1.038,0.5,0.542,0.153,0
3036,81,1,3,0.939,0.755,0.481,0.0,-0.162,0.16,0
3037,42,0,7,0.863,0.598,0.944,0.0,0.466,0.115,0
3038,65,0,3,0.711,0.569,0.349,0.5,0.187,0.018,0
3039,64,1,7,0.9,0.566,0.693,0.0,0.086,0.292,0
3040,51,0,7,0.78,0.65,0.91,0.75,0.491,0.073,0
3041,44,1,11,0.894,0.623,1.051,0.0,0.479,0.091,0
3042,37,0,12,0.763,0.467,1.028,0.0,0.328,-0.052,0
3043,64,0,7,0.859,0.67,0.57,0.5,0.067,0.016,0
3044,79,1,9,0.751,0.585,0.813,0.0,0.283,-0.03,0
3045,62,0,7,0.799,0.603,0.659,0.5,0.523,-0.11,0
3046,76,0,4,0.855,0.673,0.503,0.25,-0.092,0.157,0
3047,55,1,3,0.826,0.594,0.459,0.0,0.054,0.122,0
3048,82,0,11,0.882,0.455,1.015,0.5,0.701,-0.092,0
3049,50,0,4,0.841,0.677,0.338,0.5,-0.362,0.036,0
3050,71,1,11,0.914,0.572,1.109,0.25,0.878,0.136,0
3051,36,1,10,0.924,0.579,0.73,0.0,0.27,0.246,0
3052,40,0,8,0.882,0.702,0.8,0.75,0.432,0.103,0
3053,46,1,9,0.728,0.533,0.664,0.25,0.302,-0.108,0
3054,55,1,12,1.017,0.511,0.658,0.25,-0.076,0.489,0
3055,32,1,10,0.902,0.573,0.413,0.75,-0.14,0.128,0
3056,57,1,11,1.04,0.729,0.985,0.0,0.474,0.509,0
3057,51,0,10,0.8,0.457,1.161,0.25,0.76,-0.034,0
3058,58,1,5,0.7,0.586,0.528,0.25,0.02,-0.101,0
3059,53,1,6,0.861,0.485,0.714,0.0,0.23,0.123,0
3060,50,0,3,0.953,0.692,0.477,0.5,-0.077,0.223,0
3061,67,1,7,0.701,0.491,0.542,0.0,-0.06,-0.075,0
3062,34,0,4,0.711,0.536,0.794,0.0,0.6,-0.158,0
3063,80,1,11,0.913,0.508,0.836,0.0,0.401,0.187,0
3064,35,0,11,0.978,0.632,0.786,1.0,0.044,0.07,0
3065,42,1,12,1.024,0.55,0.75,1.0,0.057,0.26,0
3066,56,1,11,1.115,0.652,1.097,0.0,0.296,0.238,0
3067,83,1,5,0.66,0.532,0.829,1.0,0.365,0.077,1
3068,55,0,11,0.798,0.445,0.671,0.0,0.29,0.035,0
3069,44,0,9,0.932,0.451,0.925,0.0,0.527,0.188,0
3070,80,0,12,1.008,0.537,0.835,0.0,0.36,0.413,0
3071,55,0,11,0.803,0.511,0.716,0.0,-0.012,-0.114,0
3072,41,0,4,0.882,0.563,0.623,0.75,0.51,0.02,0
3073,58,0,8,0.774,0.579,0.65,0.0,-0.112,0.198,0
3074,30,0,5,0.655,0.576,0.755,1.0,0.229,-0.07,0
3075,53,1,9,0.856,0.631,0.751,0.75,0.352,0.068,0
3076,78,0,5,0.794,0.583,0.357,0.5,0.114,0.233,0
3077,72,1,5,0.937,0.571,0.258,0.0,-0.042,0.203,0
3078,38,0,4,0.725,0.661,0.257,0.25,-0.352,0.09,0
3079,52,0,4,0.915,0.734,0.534,0.75,0.106,0.282,0
3080,60,0,6,0.961,0.405,0.538,0.0,0.1,0.124,0
3081,50,0,9,0.711,0.491,1.063,0.0,1.043,-0.216,0
3082,52,1,7,0.877,0.636,0.368,0.5,0.069,-0.02,0
3083,36,0,11,0.869,0.736,0.954,0.0,0.403,0.138,0
3084,75,1,8,0.808,0.644,0.731,0.0,0.167,0.069,0
3085,76,1,3,0.929,0.614,0.314,0.0,-0.307,0.233,0
3086,38,0,7,1.114,0.617,0.996,1.0,0.549,0.181,0
3087,56,1,12,0.848,0.701,0.694,0.0,0.058,0.168,0
3088,71,0,12,0.763,0.434,1.026,0.0,0.519,0.074,0
3089,55,1,7,0.879,0.647,0.72,0.0,0.283,-0.08,0
3090,61,0,8,0.786,0.573,0.825,0.0,0.443,-0.027,0
3091,63,1,3,0.783,0.596,0.477,0.25,0.028,-0.207,0
3092,47,1,12,0.956,0.604,1.262,1.0,0.717,0.256,0
3093,65,0,11,0.94,0.557,0.674,0.25,-0.026,0.162,0
3094,78,0,5,0.908,0.495,0.638,0.0,0.457,0.234,0
3095,79,0,10,0.82,0.6,1.101,0.5,0.775,-0.082,0
3096,75,0,10,0.9,0.548,1.061,0.5,0.505,0.266,0
3097,34,0,3,0.845,0.443,0.571,0.5,0.149,0.103,0
3098,59,1,8,1.164,0.629,0.677,0.5,0.191,0.415,0
3099,53,0,12,0.931,0.547,1.095,0.0,0.528,0.247,0
3100,71,0,5,0.938,0.658,0.68,0.0,0.16,0.238,0
3101,33,1,10,0.812,0.558,0.95,0.0,0.539,-0.076,0
3102,31,1,7,0.85,0.603,0.884,0.25,0.427,0.013,0
3103,77,0,7,0.983,0.664,0.767,0.0,0.026,0.185,0
3104,34,0,5,0.835,0.559,0.633,0.0,0.345,0.143,0
3105,34,1,3,0.839,0.645,0.757,0.0,0.137,0.163,0
3106,76,1,6,0.711,0.66,0.893,0.0,0.631,-0.138,0
3107,81,0,10,0.93,0.689,0.712,0.0,-0.176,0.041,0
3108,84,1,9,0.992,0.611,0.684,0.5,0.384,0.34,0
3109,61,0,9,0.829,0.564,1.116,0.0,0.698,-0.017,0
3110,51,0,6,0.779,0.569,0.7,0.25,0.407,0.02,0
3111,56,0,4,0.882,0.701,0.45,0.0,-0.207,0.069,0
3112,45,0,4,0.968,0.613,0.672,0.25,0.456,0.173,0
3113,31,0,7,0.576,0.624,0.85,0.0,0.463,-0.09,0
3114,38,0,6,0.842,0.7,0.749,0.5,-0.231,0.208,0
3115,77,1,7,1.042,0.59,0.661,1.0,0.295,0.489,1
3116,46,1,12,1.089,0.517,1.063,0.75,0.393,0.156,0
3117,73,1,6,0.702,0.723,0.7,0.0,-0.087,-0.042,0
3118,51,1,11,0.983,0.366,1.035,0.0,0.285,0.325,0
3119,32,0,3,0.757,0.7,0.916,0.0,0.507,0.073,0
3120,35,1,8,1.031,0.504,0.718,0.25,0.658,0.103,0
3121,81,0,10,1.237,0.561,0.794,0.0,0.363,0.464,0
3122,78,0,6,0.806,0.484,0.816,0.5,0.202,-0.021,0
3123,67,0,9,0.752,0.579,1.247,0.0,0.791,-0.102,0
3124,38,1,8,0.841,0.666,0.976,0.0,0.55,-0.012,0
3125,78,1,9,0.865,0.499,0.478,0.0,0.192,0.118,0
3126,62,0,10,0.859,0.554,0.563,1.0,0.066,0.164,0
3127,43,0,5,0.7,0.631,0.439,0.25,0.032,-0.017,0
3128,67,0,5,0.71,0.618,0.457,0.0,-0.27,-0.124,0
3129,47,0,10,1.148,0.631,0.784,0.0,0.632,0.253,0
3130,56,1,11,0.937,0.497,0.791,0.0,0.518,-0.042,0
3131,73,0,7,0.917,0.681,0.697,0.5,0.008,0.025,0
3132,71,1,10,0.837,0.571,0.883,0.0,0.556,0.147,0
3133,49,0,7,0.964,0.728,0.704,0.0,0.057,0.227,0
3134,79,1,6,0.96,0.636,0.693,1.0,0.269,0.251,1
3135,68,1,9,0.723,0.446,0.995,0.0,0.644,-0.048,0
3136,57,0,7,0.933,0.621,0.635,0.0,0.04,0.159,0
3137,84,1,10,1.006,0.579,0.675,0.75,0.135,0.084,0
3138,83,1,3,0.951,0.605,0.819,0.5,0.341,0.0,0
3139,76,0,7,0.872,0.574,0.988,0.5,0.577,0.156,0
3140,74,0,3,0.86,0.679,0.537,0.0,0.038,0.119,0
3141,47,1,12,0.793,0.57,1.033,0.75,0.419,-0.126,0
3142,68,1,5,0.673,0.706,0.583,0.25,0.254,0.148,0
3143,69,1,11,1.139,0.511,0.859,1.0,0.243,0.412,0
3144,34,0,5,0.814,0.688,0.452,0.0,0.086,0.182,0
3145,44,1,4,0.89,0.563,0.689,0.25,0.062,0.173,0
3146,71,1,12,0.919,0.465,0.969,0.75,0.718,0.145,0
3147,63,1,3,0.712,0.505,0.644,0.0,0.097,-0.256,0
3148,44,1,3,0.786,0.65,0.706,0.0,0.386,0.095,0
3149,50,0,6,0.857,0.632,0.586,0.0,0.104,0.165,0
3150,58,0,12,1.061,0.578,1.164,0.0,0.388,0.383,0
3151,79,0,7,0.707,0.561,0.951,0.25,0.515,-0.089,1
3152,59,1,9,0.983,0.567,0.725,1.0,0.121,0.27,0
3153,68,1,4,0.838,0.629,0.407,0.0,-0.202,0.054,0
3154,37,1,10,0.869,0.512,0.943,0.0,0.74,-0.163,0
3155,72,1,7,0.988,0.649,0.644,0.5,0.435,0.219,0
3156,40,1,3,0.734,0.532,0.723,0.0,-0.012,0.006,0
3157,30,0,9,0.854,0.469,1.016,0.0,0.705,0.02,0
3158,69,0,9,0.703,0.494,0.758,0.0,0.058,0.152,0
3159,53,0,11,0.94,0.527,1.088,0.5,0.419,0.337,0
3160,70,0,6,0.887,0.536,0.767,0.0,0.075,0.008,0
3161,38,0,6,0.745,0.407,0.7,0.0,0.101,-0.041,0
3162,63,0,11,0.818,0.617,0.721,0.0,0.178,0.149,0
3163,82,0,10,1.045,0.672,0.958,0.25,0.774,0.375,0
3164,80,1,6,0.98,0.697,0.673,0.0,0.273,0.224,0
3165,38,0,5,0.895,0.573,0.502,0.0,0.07,0.225,0
3166,42,0,11,0.966,0.555,0.726,0.0,0.026,0.389,0
3167,55,1,9,1.07,0.51,0.694,0.5,0.237,0.254,0
3168,35,0,8,1.087,0.616,1.099,0.0,0.758,0.262,0
3169,35,0,10,0.922,0.442,0.898,0.0,0.106,0.133,0
3170,63,1,9,0.739,0.589,1.02,0.0,0.368,-0.035,0
3171,72,0,10,0.836,0.507,1.015,0.25,0.578,0.328,1
3172,57,1,12,0.985,0.522,0.612,0.0,0.033,0.106,0
3173,49,0,10,0.845,0.544,1.197,0.0,0.73,0.061,0
3174,66,1,10,0.889,0.555,0.861,0.0,0.552,0.163,0
3175,76,0,3,0.754,0.692,0.673,0.25,0.228,0.101,0
3176,43,1,11,0.964,0.514,0.887,0.0,0.346,0.23,0
3177,66,0,12,0.983,0.566,1.14,0.0,0.298,0.077,0
3178,76,0,9,1.024,0.652,0.773,0.0,0.22,0.181,0
3179,82,1,7,0.913,0.683,0.541,0.25,0.281,0.312,1
3180,82,0,11,0.949,0.644,1.096,1.0,0.393,0.139,1
3181,67,1,3,0.7,0.745,0.429,0.0,0.078,-0.008,0
3182,53,1,9,0.923,0.47,0.84,0.0,0.38,0.214,0
3183,44,0,6,0.911,0.635,0.753,1.0,0.24,0.106,0
3184,73,0,4,0.958,0.673,0.498,0.0,-0.204,0.15,0
3185,71,0,6,0.826,0.536,0.568,0.0,-0.133,-0.076,0
3186,61,0,8,0.865,0.536,0.481,0.0,0.08,0.341,0
3187,51,0,7,1.066,0.621,0.566,0.25,-0.134,0.389,0
3188,41,0,10,1.136,0.522,0.729,0.0,0.269,0.388,0
3189,34,1,6,1.05,0.549,0.654,0.5,0.062,0.336,0
3190,73,0,11,1.123,0.647,0.918,0.0,0.549,0.273,0
3191,47,1,12,0.998,0.7,0.94,0.75,0.644,0.271,0
3192,63,1,11,1.099,0.549,0.513,0.5,0.229,0.319,0
3193,75,1,10,0.85,0.663,0.893,0.75,0.625,0.086,0
3194,47,0,8,0.728,0.613,0.659,0.0,0.272,0.02,0
3195,45,0,10,0.962,0.487,0.819,0.75,0.388,0.29,0
3196,34,1,9,0.973,0.642,0.876,0.5,0.44,0.191,0
3197,79,0,8,0.805,0.573,0.436,0.75,-0.239,0.127,0
3198,84,1,6,0.716,0.503,0.585,0.75,0.152,0.002,1
3199,43,0,4,0.9,0.671,0.53,0.75,0.07,0.005,0
3200,57,1,7,0.927,0.673,0.626,0.0,0.076,0.38,0
3201,65,0,4,0.623,0.7,0.568,1.0,0.104,-0.196,0
3202,74,1,11,0.985,0.447,0.885,1.0,0.381,0.321,0
3203,71,1,9,0.816,0.586,0.74,0.0,0.442,0.18,0
3204,61,0,9,0.887,0.614,0.903,1.0,0.203,-0.052,0
3205,84,1,11,0.717,0.536,0.525,0.0,0.139,0.017,0
3206,55,0,7,1.004,0.602,0.469,0.0,0.262,0.192,0
3207,57,0,4,0.878,0.612,0.62,0.0,0.057,-0.045,0
3208,76,0,3,0.866,0.614,0.755,0.0,0.499,-0.08,1
3209,53,1,9,0.909,0.434,0.77,0.25,0.241,0.013,0
3210,44,0,4,0.735,0.566,0.671,0.5,0.46,-0.012,0
3211,41,1,6,0.949,0.702,0.51,0.75,-0.19,0.248,0
3212,84,0,9,0.791,0.539,1.056,0.75,0.506,0.062,1
3213,55,1,4,0.452,0.588,0.6,0.0,0.281,-0.341,0
3214,67,0,6,0.943,0.559,0.524,0.5,0.087,0.174,0
3215,37,0,5,0.841,0.607,0.405,0.5,-0.205,0.054,0
3216,64,1,12,0.952,0.508,0.931,0.5,0.516,0.006,0
3217,78,0,5,0.817,0.581,0.565,0.75,0.26,0.104,0
3218,42,1,10,0.953,0.51,0.961,0.0,0.49,0.346,0
3219,41,1,12,0.924,0.636,0.7,0.25,0.55,0.229,0
3220,72,1,5,1.024,0.547,0.603,0.0,0.186,0.185,0
3221,42,1,11,1.011,0.577,0.756,0.0,0.134,-0.069,0
3222,32,0,4,0.995,0.567,0.822,0.0,0.263,0.297,0
3223,48,0,6,0.58,0.657,1.013,0.75,0.541,-0.305,0
3224,76,1,9,1.125,0.489,0.664,0.0,0.255,0.355,0
3225,48,0,9,1.106,0.563,0.549,0.0,0.136,0.151,0
3226,73,0,8,0.818,0.546,0.489,0.0,0.104,0.075,0
3227,34,1,6,0.71,0.659,0.843,0.0,0.632,-0.073,0
3228,81,0,4,0.963,0.517,0.525,0.25,0.147,0.18,0
3229,57,1,5,0.722,0.655,0.745,0.5,0.314,-0.3,0
3230,33,1,4,0.83,0.423,0.695,0.25,0.291,-0.084,0
3231,49,1,3,1.122,0.7,0.284,0.75,-0.051,0.422,0
3232,43,0,4,0.905,0.49,0.813,0.5,0.019,0.188,0
3233,61,0,3,0.834,0.636,0.417,0.75,-0.228,0.119,0
3234,51,1,7,0.892,0.583,0.792,0.0,0.098,0.22,0
3235,30,1,3,0.699,0.586,0.521,0.0,0.11,-0.086,0
3236,57,0,11,0.764,0.577,1.043,0.0,0.566,-0.05,0
3237,66,1,7,0.7,0.686,1.037,0.0,0.569,-0.083,0
3238,52,1,6,1.047,0.593,0.752,0.0,0.471,0.341,0
3239,79,1,11,0.811,0.607,0.928,0.75,0.322,-0.006,0
3240,41,0,8,0.898,0.655,0.671,0.25,0.052,0.079,0
3241,52,0,6,0.692,0.532,0.309,0.0,-0.071,-0.161,0
3242,48,1,10,0.947,0.601,0.8,0.0,0.297,0.436,0
3243,61,0,8,0.947,0.611,0.648,0.5,-0.258,0.342,0
3244,72,0,9,1.05,0.484,0.733,0.0,0.53,-0.012,0
3245,82,1,10,0.857,0.473,0.827,0.25,0.534,0.112,0
3246,82,0,11,0.886,0.531,0.93,0.75,0.516,0.176,0
3247,73,0,6,0.931,0.517,0.492,0.5,-0.211,0.22,0
3248,57,1,10,1.034,0.586,0.536,0.25,-0.066,0.245,0
3249,69,0,11,0.956,0.575,0.957,1.0,0.185,0.171,0
3250,30,1,12,1.144,0.629,1.239,0.0,0.773,0.554,0
3251,75,0,6,0.941,0.578,0.416,0.0,0.086,0.09,0
3252,38,1,5,0.943,0.677,0.912,0.25,0.285,0.045,0
3253,78,0,7,0.901,0.607,0.618,0.0,0.256,0.135,0
3254,84,1,9,0.799,0.682,0.794,0.0,0.815,-0.071,0
3255,81,1,5,0.846,0.699,0.877,0.0,0.52,0.065,0
3256,33,0,5,0.909,0.51,0.842,0.0,0.375,0.165,0
3257,31,0,11,0.95,0.45,0.778,1.0,0.677,0.079,0
3258,81,0,10,1.182,0.693,0.736,0.0,0.186,0.511,0
3259,49,0,11,0.907,0.407,0.726,0.0,0.156,0.061,0
3260,51,0,6,0.721,0.648,0.507,0.0,-0.167,-0.165,0
3261,51,0,5,0.747,0.54,0.652,0.0,0.355,-0.114,0
3262,76,0,8,1.071,0.61,1.058,0.0,0.571,0.474,0
3263,33,1,12,0.878,0.473,0.873,0.0,0.507,0.165,0
3264,38,0,10,1.008,0.561,0.918,1.0,0.492,0.131,0
3265,57,1,6,0.587,0.577,0.959,1.0,0.537,-0.099,0
3266,48,0,6,0.848,0.518,0.973,0.5,0.273,0.089,0
3267,54,0,8,0.93,0.632,0.904,0.0,0.629,0.051,0
3268,58,1,10,1.11,0.625,0.913,0.75,0.479,0.474,0
3269,42,1,5,0.86,0.594,0.795,0.0,0.439,0.008,0
3270,74,0,10,1.044,0.703,0.519,0.0,-0.238,0.43,0
3271,46,0,12,1.182,0.577,1.171,0.5,0.558,0.335,0
3272,40,0,4,0.921,0.714,0.348,0.25,-0.208,0.196,0
3273,46,1,3,0.7,0.585,0.525,0.25,-0.096,0.054,0
3274,46,0,5,0.977,0.703,0.779,0.5,0.332,0.293,0
3275,33,1,8,0.82,0.501,0.922,0.0,0.454,0.333,0
3276,33,1,5,0.603,0.531,0.731,0.0,0.326,-0.225,0
3277,35,0,12,1.106,0.525,0.633,0.0,0.047,0.512,0
3278,55,0,6,1.027,0.554,0.755,0.0,0.54,0.212,0
3279,49,0,3,0.921,0.684,0.494,0.0,-0.217,0.071,0
3280,61,0,9,1.001,0.432,0.854,0.0,0.179,0.333,0
3281,43,1,7,0.882,0.62,0.685,0.0,0.026,0.248,0
3282,48,1,7,0.742,0.612,0.759,0.0,0.339,-0.024,0
3283,81,0,9,0.779,0.569,0.774,0.0,0.005,-0.05,0
3284,50,0,6,0.652,0.436,0.526,1.0,0.09,0.023,0
3285,39,1,7,0.738,0.672,0.493,0.0,-0.104,0.047,0
3286,50,0,12,0.97,0.384,0.836,0.75,0.343,0.234,0
3287,71,1,9,0.911,0.538,0.894,0.0,0.351,0.391,0
3288,38,1,7,0.893,0.538,0.72,0.0,0.347,0.205,0
3289,36,1,11,1.079,0.596,0.802,0.0,0.133,0.304,0
3290,61,1,5,0.956,0.616,0.499,0.0,0.119,0.397,0
3291,67,0,3,0.772,0.534,0.52,0.0,0.118,0.072,0
3292,55,0,10,1.021,0.552,0.985,0.0,0.606,0.256,0
3293,36,0,10,0.866,0.524,0.799,0.0,0.154,0.36,0
3294,57,0,3,0.869,0.594,0.651,0.5,0.26,0.458,0
3295,37,0,9,0.783,0.545,0.463,0.75,-0.23,0.168,0
3296,59,0,9,0.886,0.462,1.044,1.0,0.664,0.242,1
3297,49,0,10,0.794,0.542,0.792,0.0,0.359,0.238,0
3298,39,0,9,1.033,0.551,0.789,0.0,0.42,0.302,0
3299,71,0,12,1.121,0.524,0.958,0.0,0.465,0.463,0
3300,71,1,5,0.799,0.634,0.618,1.0,0.153,0.098,0
3301,66,0,5,0.826,0.505,0.57,0.25,-0.005,-0.092,0
3302,83,1,12,0.977,0.717,0.771,0.0,0.316,0.423,1
3303,75,0,4,0.662,0.515,0.751,0.25,0.94,0.083,0
3304,79,1,10,0.747,0.464,0.892,0.0,0.431,-0.093,1
3305,71,0,8,0.775,0.655,0.854,0.0,0.4,-0.02,0
3306,74,0,3,0.821,0.779,0.467,0.0,0.114,0.128,0
3307,60,0,3,0.837,0.653,0.403,0.0,-0.067,-0.032,0
3308,38,0,12,0.964,0.508,1.305,0.0,0.714,0.055,0
3309,61,1,11,1.102,0.586,0.785,0.5,0.432,0.333,0
3310,56,1,7,0.854,0.596,0.762,0.25,0.518,0.295,0
3311,48,1,8,0.898,0.692,0.803,0.5,0.325,0.262,0
3312,55,0,9,0.745,0.572,0.755,0.5,-0.048,-0.045,0
3313,51,1,11,0.901,0.484,0.72,1.0,0.251,0.115,1
3314,45,0,8,0.859,0.445,0.355,0.25,0.026,0.28,0
3315,37,1,3,0.703,0.601,0.367,0.0,-0.023,0.217,0
3316,60,0,5,0.82,0.732,0.87,0.25,0.572,0.163,0
3317,40,1,12,0.95,0.557,0.977,0.5,0.624,0.354,0
3318,59,0,5,0.77,0.694,0.645,0.25,-0.1,0.104,0
3319,34,1,8,0.946,0.602,0.943,0.0,0.584,0.118,0
3320,65,1,5,0.834,0.727,0.545,1.0,0.144,-0.06,0
3321,52,0,10,0.915,0.558,0.546,0.0,0.084,0.093,0
3322,72,0,6,0.839,0.506,0.827,0.0,0.665,-0.027,0
3323,56,0,11,0.77,0.561,0.932,0.5,0.565,0.203,0
3324,78,0,9,0.879,0.617,0.9,0.75,0.484,0.186,0
3325,40,1,9,0.802,0.654,0.799,1.0,0.139,-0.032,0
3326,48,1,8,0.896,0.658,0.688,0.0,0.254,0.095,0
3327,54,1,11,0.992,0.674,0.805,0.0,0.26,0.319,0
3328,68,0,10,0.789,0.657,0.755,0.0,0.113,0.085,0
3329,43,1,8,1.028,0.599,0.625,0.0,0.319,0.125,0
3330,72,1,11,1.073,0.7,1.1,0.25,0.578,0.305,1
3331,57,1,7,0.851,0.669,0.702,0.0,0.212,0.056,0
3332,84,0,4,0.74,0.575,0.421,0.0,-0.161,0.043,0
3333,76,0,5,0.658,0.599,0.571,0.0,0.38,-0.015,0
3334,66,1,8,0.86,0.456,0.718,0.0,0.019,0.228,0
3335,53,0,12,0.995,0.539,0.941,0.0,0.567,0.296,0
3336,36,1,6,0.714,0.637,0.45,0.0,0.241,-0.052,0
3337,58,1,5,0.862,0.526,0.627,0.5,0.147,0.107,0
3338,42,1,10,0.7,0.716,0.715,1.0,0.281,-0.213,0
3339,65,1,11,1.021,0.7,0.997,0.25,0.644,0.163,0
3340,75,0,10,0.945,0.573,1.021,0.0,0.574,0.113,0
3341,65,1,11,1.157,0.57,0.948,0.0,0.33,0.457,0
3342,35,0,5,0.84,0.529,0.686,0.5,0.149,-0.047,0
3343,37,0,6,0.7,0.706,0.679,0.0,0.453,0.147,0
3344,68,0,12,1.038,0.527,1.03,0.75,0.616,0.367,0
3345,43,1,4,0.751,0.626,0.819,0.5,0.113,-0.12,0
3346,77,1,10,0.897,0.656,1.017,0.25,0.623,0.17,0
3347,48,0,10,0.922,0.651,0.827,0.0,0.643,0.096,0
3348,37,1,6,0.867,0.458,0.816,0.25,0.448,0.099,0
3349,83,1,9,1.082,0.555,0.916,1.0,0.522,0.363,0
3350,56,0,11,0.902,0.535,0.85,0.75,0.429,-0.024,0
3351,77,1,4,0.703,0.582,0.575,0.5,0.058,-0.137,0
3352,37,1,10,0.98,0.689,0.976,0.0,0.771,0.239,0
3353,78,1,11,1.183,0.475,0.998,0.5,0.553,0.319,1
3354,46,1,7,0.871,0.527,0.682,0.25,0.274,0.086,0
3355,66,0,11,0.916,0.592,1.018,0.5,0.963,0.05,0
3356,69,1,9,1.015,0.681,0.952,0.0,0.524,0.188,0
3357,38,1,11,0.858,0.499,0.885,0.0,0.343,0.149,0
3358,43,0,9,1.135,0.52,0.808,0.5,0.418,0.253,0
3359,62,0,5,0.812,0.596,0.632,0.0,0.218,-0.184,0
3360,32,1,12,1.044,0.465,0.896,0.0,0.559,0.07,0
3361,75,0,10,1.124,0.665,1.114,0.0,0.782,0.489,0
3362,77,0,6,0.862,0.607,0.788,0.75,0.391,0.114,1
3363,65,0,9,0.826,0.521,0.665,0.0,-0.2,0.028,1
3364,38,1,7,0.949,0.556,0.807,0.0,0.707,-0.054,0
3365,69,1,3,0.737,0.61,0.71,0.0,0.55,-0.189,0
3366,44,0,12,0.913,0.613,0.921,0.5,0.324,0.267,0
3367,71,1,4,0.867,0.574,0.412,0.25,-0.399,-0.049,0
3368,42,1,11,0.933,0.607,0.802,0.0,0.365,0.151,0
3369,72,0,4,1.05,0.555,0.594,0.0,-0.106,0.297,0
3370,79,0,4,0.776,0.58,0.43,0.5,0.032,-0.047,0
3371,30,1,6,0.872,0.753,0.567,1.0,-0.206,0.147,0
3372,79,1,12,1.006,0.533,0.982,0.0,0.569,0.249,1
3373,33,0,9,0.825,0.527,0.764,0.25,0.116,0.121,0
3374,48,1,9,1.007,0.544,0.796,0.75,0.578,0.512,1
3375,54,0,8,1.049,0.7,0.902,0.75,0.582,0.325,0
3376,73,1,6,0.917,0.574,0.643,0.0,0.002,0.335,1
3377,31,0,11,0.867,0.505,0.802,0.0,0.364,0.062,0
3378,30,1,7,0.805,0.634,0.687,0.5,0.304,0.153,0
3379,52,0,9,0.951,0.554,0.783,0.25,0.183,0.197,0
3380,50,0,12,1.068,0.479,0.908,1.0,0.273,0.203,0
3381,34,1,5,0.82,0.705,0.692,0.0,0.1,-0.036,0
3382,70,0,6,0.77,0.554,0.515,0.0,0.198,-0.081,0
3383,83,1,5,1.177,0.518,0.489,0.0,-0.159,0.333,0
3384,46,0,6,0.715,0.429,0.914,0.75,0.586,-0.13,0
3385,77,0,6,0.596,0.705,0.847,0.0,0.451,-0.401,1
3386,37,0,11,0.87,0.665,0.869,0.5,0.43,0.027,0
3387,72,0,5,0.953,0.437,0.641,0.25,0.008,0.17,0
3388,71,1,9,0.988,0.559,0.849,0.0,0.259,0.264,0
3389,58,1,11,1.053,0.486,0.833,0.0,0.771,0.196,0
3390,40,1,3,0.782,0.605,0.471,0.0,0.038,0.011,0
3391,36,0,11,0.976,0.752,0.992,0.25,0.587,0.096,0
3392,35,0,9,0.776,0.652,0.886,0.75,0.19,-0.08,0
3393,66,1,3,0.831,0.611,0.461,0.75,0.028,0.073,0
3394,43,1,12,0.667,0.597,0.674,0.5,0.451,0.022,0
3395,50,1,3,0.819,0.557,0.303,0.0,0.042,0.089,0
3396,52,1,5,0.785,0.608,0.664,0.0,-0.075,0.06,0
3397,69,1,8,0.702,0.7,0.463,0.5,-0.125,-0.231,0
3398,56,0,8,0.613,0.74,0.675,0.0,-0.028,-0.008,0
3399,57,1,3,0.676,0.467,0.279,0.5,0.043,-0.022,0
3400,42,1,5,0.802,0.538,0.851,0.0,0.339,0.205,0
3401,49,0,4,0.772,0.576,0.529,0.0,0.437,-0.034,0
3402,48,1,4,0.887,0.602,0.624,0.0,0.083,0.263,0
3403,63,0,4,1.024,0.59,0.46,0.0,0.004,0.266,0
3404,82,0,6,0.836,0.519,0.544,0.0,0.386,0.212,0
3405,45,1,8,0.87,0.356,1.008,0.0,0.727,-0.004,0
3406,52,0,6,0.673,0.541,0.551,0.0,0.044,-0.294,0
3407,42,1,4,0.869,0.725,0.834,0.0,0.511,-0.008,0
3408,35,1,12,0.942,0.562,0.834,0.25,0.567,0.238,0
3409,32,0,8,0.855,0.556,0.7,0.0,0.152,-0.014,0
3410,38,0,9,0.941,0.623,0.89,0.0,0.371,0.229,0
3411,30,1,8,0.855,0.513,0.842,0.25,0.027,0.151,0
3412,76,0,6,0.711,0.577,0.47,0.25,0.051,-0.152,0
3413,47,0,3,0.661,0.442,0.548,0.0,-0.011,-0.209,0
3414,32,0,12,0.952,0.523,0.636,0.0,0.312,0.302,0
3415,50,1,9,1.022,0.672,0.69,0.0,0.224,0.143,0
3416,31,0,4,0.802,0.636,0.536,0.25,0.061,0.162,0
3417,33,0,8,0.845,0.68,0.941,0.0,0.431,0.145,0
3418,46,0,5,0.959,0.485,0.805,0.0,0.256,0.22,0
3419,46,1,5,1.12,0.635,0.685,0.5,0.035,0.161,0
3420,47,1,11,0.879,0.568,0.609,0.25,-0.091,0.358,0
3421,62,1,5,0.833,0.703,0.457,0.0,-0.055,0.133,0
3422,58,1,6,1.071,0.631,0.315,0.0,-0.06,0.394,0
3423,80,0,8,0.89,0.598,0.806,0.0,0.313,0.3,0
3424,73,1,12,0.929,0.635,0.718,0.0,0.406,0.188,0
3425,59,0,10,1.043,0.588,0.638,0.0,0.076,0.21,0
3426,65,1,11,0.872,0.598,0.695,0.0,0.407,0.116,0
3427,82,0,9,0.815,0.634,0.552,1.0,0.19,0.121,0
3428,65,1,8,0.923,0.645,0.662,0.0,0.128,0.028,0
3429,50,0,11,0.967,0.537,0.921,0.25,0.358,0.304,0
3430,54,0,5,0.941,0.604,0.939,0.0,0.265,0.288,0
3431,38,0,3,0.7,0.714,0.526,0.25,-0.034,-0.151,0
3432,55,0,9,0.965,0.52,0.596,0.0,0.053,0.265,0
3433,60,1,9,1.02,0.669,0.849,0.75,0.319,0.357,0
3434,34,0,11,0.976,0.499,0.734,0.0,0.769,0.358,0
3435,35,1,5,0.607,0.539,0.523,0.5,-0.105,-0.081,0
3436,32,0,4,0.836,0.64,0.629,0.75,0.08,0.141,0
3437,36,0,7,0.56,0.558,0.377,0.0,-0.053,-0.352,0
3438,43,0,12,1.043,0.45,1.106,0.0,0.573,0.224,0
3439,48,0,12,0.783,0.517,0.673,0.0,0.378,0.076,0
3440,34,1,12,0.843,0.492,0.984,0.0,0.566,0.189,0
3441,38,0,7,0.825,0.544,0.451,0.25,-0.328,0.221,0
3442,80,1,10,0.923,0.615,1.138,0.0,0.559,0.197,0
3443,78,1,10,0.922,0.579,0.844,0.5,0.388,0.205,0
3444,56,0,9,0.854,0.708,1.068,0.5,0.624,0.115,0
3445,81,0,8,0.691,0.581,1.004,0.0,0.457,-0.009,1
3446,84,0,3,1.058,0.67,0.603,0.0,0.039,0.321,0
3447,64,1,11,0.7,0.54,0.771,1.0,0.386,-0.139,0
3448,66,1,3,0.7,0.769,0.626,0.0,-0.022,-0.273,0
3449,78,1,5,0.784,0.67,0.805,0.5,0.663,-0.29,0
3450,80,0,9,0.928,0.629,1.09,0.0,0.165,0.19,0
3451,61,0,6,0.798,0.643,0.939,0.0,0.311,0.192,0
3452,63,1,4,0.716,0.53,0.641,0.0,0.119,0.188,0
3453,81,0,4,0.711,0.625,0.684,0.5,0.442,0.158,0
3454,79,1,10,1.011,0.376,0.765,0.75,0.276,0.155,0
3455,60,1,4,0.635,0.593,0.468,0.0,-0.081,-0.268,0
3456,81,0,12,0.956,0.473,0.767,1.0,0.345,0.181,1
3457,57,0,10,0.63,0.496,0.997,1.0,0.431,-0.057,0
3458,67,1,6,0.781,0.394,0.703,0.5,0.402,0.22,0
3459,67,1,3,0.693,0.468,0.484,1.0,0.116,-0.158,0
3460,73,1,4,0.864,0.602,0.905,0.75,0.351,0.136,0
3461,78,0,3,0.955,0.7,0.637,0.5,0.448,0.084,0
3462,46,1,12,0.734,0.476,0.7,0.0,0.495,0.055,0
3463,78,0,11,0.954,0.447,0.591,1.0,0.016,0.31,1
3464,56,0,10,1.088,0.418,0.859,0.0,0.816,0.327,0
3465,70,1,7,0.621,0.701,0.637,0.25,0.208,-0.185,0
3466,70,1,12,1.143,0.63,0.8,1.0,0.472,0.484,0
3467,70,1,6,0.669,0.34,0.337,0.0,-0.248,-0.114,0
3468,73,0,4,0.891,0.582,0.722,0.25,0.029,0.147,0
3469,61,1,7,0.866,0.633,0.412,0.25,0.038,0.125,0
3470,74,1,10,0.923,0.391,0.827,0.0,0.136,0.151,0
3471,82,1,10,0.638,0.563,0.898,0.0,0.474,-0.116,0
3472,49,0,10,0.871,0.43,0.771,0.75,0.358,0.088,0
3473,61,1,4,0.646,0.622,0.309,0.25,-0.219,-0.284,0
3474,65,0,5,0.778,0.633,0.707,1.0,0.135,0.033,0
3475,66,1,7,0.954,0.574,0.728,0.25,0.136,-0.101,0
3476,41,0,12,1.243,0.495,0.779,0.25,0.472,0.77,0
3477,84,1,12,0.828,0.49,0.962,0.5,0.163,0.028,0
3478,46,1,9,1.09,0.686,0.958,0.25,0.438,0.256,0
3479,68,1,8,0.78,0.598,0.618,0.75,-0.027,0.029,0
3480,49,0,6,0.687,0.584,0.542,0.0,0.347,0.155,0
3481,46,1,4,0.651,0.61,0.607,0.0,0.006,-0.179,0
3482,50,0,6,0.9,0.594,0.545,0.0,-0.007,0.175,0
3483,43,1,10,0.996,0.505,1.043,0.0,0.513,0.078,0
3484,80,1,3,0.944,0.582,0.648,0.0,-0.052,0.337,1
3485,74,1,4,0.911,0.659,0.633,1.0,0.096,0.236,0
3486,55,1,6,1.052,0.517,0.705,1.0,0.233,0.243,0
3487,46,1,12,0.816,0.431,0.979,0.0,0.423,0.067,0
3488,71,1,10,1.03,0.659,0.748,0.0,0.106,0.317,0
3489,82,0,10,0.7,0.489,0.922,0.0,0.54,-0.128,0
3490,82,0,6,0.905,0.538,0.407,1.0,-0.293,0.255,1
3491,76,0,4,0.791,0.6,0.584,0.5,0.069,0.292,0
3492,40,0,9,0.939,0.591,0.765,0.0,0.451,0.055,0
3493,42,1,7,0.807,0.584,0.714,0.75,0.268,-0.009,0
3494,73,1,12,1.086,0.5,0.983,0.0,0.422,-0.032,0
3495,32,0,10,0.755,0.572,0.579,0.0,-0.05,0.055,0
3496,84,1,10,1.095,0.618,0.681,0.5,0.194,0.547,1
3497,46,0,12,0.867,0.506,0.7,0.0,0.157,0.095,0
3498,72,0,3,0.651,0.57,0.281,0.0,-0.128,-0.353,0
3499,78,1,6,0.952,0.563,0.544,0.5,0.184,0.34,0
3500,72,1,5,0.681,0.526,0.341,0.0,-0.328,-0.019,0
3501,76,0,6,0.93,0.525,0.447,0.0,0.018,-0.008,0
3502,53,0,10,0.7,0.58,0.618,0.0,-0.082,-0.023,0
3503,52,1,6,0.992,0.47,0.862,0.25,0.251,0.223,0
3504,51,1,7,0.7,0.654,0.607,0.0,0.315,-0.093,0
3505,49,0,4,1.001,0.622,0.48,0.5,0.097,0.092,0
3506,45,0,7,0.707,0.575,0.702,0.0,-0.028,0.076,0
3507,54,0,5,1.051,0.636,0.67,0.0,0.088,0.37,0
3508,66,1,6,0.848,0.565,0.723,0.0,0.161,0.118,0
3509,76,1,5,0.653,0.612,0.496,0.0,0.111,-0.093,0
3510,63,1,7,0.939,0.609,0.57,0.5,-0.194,0.023,0
3511,33,1,7,0.81,0.648,0.848,0.0,0.406,0.165,0
3512,48,1,8,1.059,0.548,0.653,0.0,0.175,0.124,0
3513,51,0,10,0.896,0.639,1.234,0.75,0.621,0.376,0
3514,62,0,10,1.115,0.534,0.755,0.25,0.702,0.415,0
3515,66,0,7,0.732,0.688,0.897,0.5,0.078,-0.097,0
3516,38,0,9,1.121,0.599,0.79,1.0,0.248,0.663,0
3517,78,1,9,0.82,0.613,0.524,0.0,0.116,0.164,0
3518,47,0,6,0.79,0.586,0.871,0.25,0.415,-0.045,0
3519,34,0,5,0.779,0.553,0.742,1.0,0.518,-0.072,0
3520,84,1,6,0.72,0.678,0.696,0.0,0.154,-0.101,0
3521,49,1,5,0.797,0.67,0.679,0.0,0.101,-0.164,0
3522,62,1,7,0.938,0.778,0.962,1.0,0.24,0.119,1
3523,81,0,6,0.61,0.629,0.654,0.5,0.252,-0.087,0
3524,68,0,6,0.855,0.428,0.6,0.75,0.122,-0.087,0
3525,70,0,8,0.949,0.712,0.79,0.0,0.436,0.219,0
3526,38,0,11,0.972,0.537,0.998,0.25,0.763,0.343,0
3527,61,1,4,0.569,0.561,0.461,0.5,-0.105,-0.06,0
3528,65,0,3,0.7,0.54,0.739,0.5,0.073,-0.121,0
3529,33,0,11,1.037,0.432,1.17,0.0,0.516,0.485,0
3530,70,1,10,0.963,0.559,0.782,1.0,0.454,0.293,0
3531,63,1,10,0.889,0.602,0.96,0.0,0.628,0.32,0
3532,62,1,9,0.7,0.596,0.6,0.5,0.195,-0.133,1
3533,73,0,6,0.847,0.592,0.509,0.75,-0.195,0.164,0
3534,65,0,11,0.86,0.7,1.15,0.0,0.451,0.157,0
3535,47,0,9,0.902,0.475,0.726,0.75,0.183,0.056,0
3536,81,1,4,0.763,0.617,0.7,0.25,0.357,-0.007,0
3537,64,0,5,0.736,0.527,0.75,0.0,0.492,-0.006,0
3538,49,1,8,0.745,0.569,0.87,0.0,0.42,0.022,0
3539,37,0,7,1.059,0.598,0.565,0.0,-0.012,0.263,0
3540,46,1,9,0.78,0.628,0.77,0.25,0.291,-0.138,0
3541,80,1,8,0.722,0.532,1.105,0.0,0.603,-0.052,1
3542,37,0,6,0.814,0.683,0.468,0.5,-0.453,-0.042,0
3543,82,0,3,0.7,0.599,0.68,0.0,-0.087,-0.17,0
3544,55,1,12,0.904,0.543,1.062,0.0,0.619,0.274,0
3545,32,0,5,0.851,0.684,0.622,0.0,0.232,0.02,0
3546,49,1,6,0.779,0.664,0.909,0.0,0.469,-0.15,0
3547,45,0,4,0.745,0.578,0.41,0.25,-0.062,-0.162,0
3548,79,1,3,0.844,0.557,0.663,0.0,0.077,0.1,0
3549,78,1,3,0.862,0.663,0.381,0.75,-0.319,0.206,0
3550,48,0,11,0.74,0.691,0.769,0.25,0.147,0.182,0
3551,52,1,4,0.837,0.557,0.47,0.0,0.047,0.12,0
3552,75,1,4,0.781,0.7,0.411,0.0,-0.125,0.062,0
3553,43,0,4,0.838,0.615,0.631,0.25,0.296,0.138,0
3554,65,0,11,1.061,0.535,0.829,0.0,0.129,0.124,0
3555,78,0,8,0.955,0.662,0.948,0.75,0.503,0.038,0
3556,59,1,4,0.686,0.591,0.458,0.5,0.255,-0.105,0
3557,59,0,7,0.955,0.589,0.725,0.0,0.025,0.181,0
3558,76,0,10,0.929,0.609,0.798,0.75,0.287,0.044,0
3559,45,0,11,0.793,0.653,0.835,0.75,0.204,-0.005,0
3560,69,1,5,0.814,0.683,0.445,0.25,-0.057,0.111,0
3561,36,1,10,1.082,0.545,0.916,0.5,0.764,0.255,0
3562,58,0,6,1.026,0.539,0.789,0.0,0.211,0.355,0
3563,52,0,9,0.896,0.654,0.329,0.0,-0.354,0.106,0
3564,65,1,4,0.909,0.53,0.55,0.5,0.351,0.21,0
3565,80,0,8,0.843,0.53,0.688,0.5,0.078,0.181,0
3566,73,1,5,0.683,0.531,0.619,1.0,0.174,0.084,0
3567,70,1,9,0.936,0.572,0.867,0.25,0.287,0.321,0
3568,36,0,6,0.917,0.471,0.497,0.25,-0.16,0.122,0
3569,56,1,7,1.004,0.518,0.503,0.25,0.254,0.293,0
3570,63,1,9,0.891,0.594,0.866,0.0,0.444,0.205,0
3571,42,1,9,0.987,0.649,0.556,0.5,0.103,0.478,0
3572,36,0,3,0.651,0.607,0.434,0.5,-0.064,-0.126,0
3573,37,0,3,0.736,0.587,0.657,0.75,0.437,-0.2,0
3574,41,0,10,0.898,0.499,1.025,0.75,0.767,0.326,0
3575,55,0,7,0.752,0.477,0.683,0.0,0.241,-0.071,0
3576,34,0,12,0.923,0.545,0.74,0.0,0.266,0.424,0
3577,58,1,12,1.055,0.553,0.688,1.0,0.313,0.196,1
3578,63,1,8,0.927,0.667,0.912,0.75,0.47,0.13,0
3579,61,0,5,0.675,0.647,0.494,0.0,-0.056,-0.039,0
3580,81,0,12,0.775,0.657,0.7,0.0,0.331,0.091,0
3581,76,0,9,0.963,0.588,0.615,0.5,0.226,0.116,0
3582,71,1,12,0.958,0.556,0.898,0.75,0.544,0.117,1
3583,69,0,6,0.878,0.539,0.589,1.0,0.184,0.244,0
3584,77,1,6,0.803,0.691,0.604,0.0,0.25,0.066,0
3585,43,0,3,0.673,0.61,0.826,0.75,0.277,0.023,0
3586,84,0,3,0.701,0.714,0.901,0.0,0.538,0.167,0
3587,37,0,9,0.88,0.54,0.662,0.25,0.292,0.18,0
3588,82,1,8,0.937,0.702,0.848,0.25,0.414,0.046,0
3589,45,1,12,1.035,0.547,0.848,0.5,0.331,0.194,0
3590,57,1,4,0.888,0.549,0.644,0.5,0.258,0.221,0
3591,35,1,3,0.821,0.627,0.489,0.0,0.054,0.139,0
3592,79,1,6,0.78,0.548,0.766,0.25,0.389,-0.137,0
3593,61,1,3,0.761,0.597,0.321,0.0,-0.131,0.003,0
3594,66,1,5,0.79,0.545,0.858,0.5,0.469,0.09,0
3595,48,1,6,0.943,0.661,0.613,0.0,-0.087,0.133,0
3596,63,1,11,0.854,0.756,1.105,1.0,0.585,0.185,0
3597,53,1,4,0.771,0.55,0.566,0.25,-0.101,-0.129,0
3598,55,1,6,0.88,0.585,0.385,0.0,-0.126,0.18,0
3599,35,1,5,0.903,0.589,0.761,0.75,0.123,0.228,0
3600,49,0,7,0.981,0.62,1.088,0.0,0.59,0.107,0
3601,63,1,6,0.78,0.507,0.762,0.0,0.189,0.106,0
3602,68,0,7,0.638,0.535,0.782,0.0,0.356,-0.057,0
3603,71,0,7,0.841,0.649,0.823,0.5,0.599,0.012,0
3604,57,0,4,0.735,0.694,0.584,0.0,0.03,-0.017,0
3605,60,1,5,0.886,0.524,0.761,0.5,0.069,0.242,0
3606,65,1,9,0.82,0.577,0.999,0.0,0.627,0.114,1
3607,62,1,9,0.865,0.545,1.012,0.25,0.672,0.207,0
3608,66,0,7,0.909,0.699,0.725,1.0,0.124,0.007,0
3609,70,0,11,0.921,0.45,0.841,1.0,0.363,0.601,1
3610,50,0,4,0.99,0.478,0.393,0.25,-0.038,0.226,0
3611,80,1,9,0.974,0.572,0.7,0.5,0.169,0.221,0
3612,33,1,9,0.7,0.573,0.697,0.0,0.163,-0.195,0
3613,68,0,10,1.012,0.7,0.939,0.75,0.492,0.441,0
3614,46,1,10,0.931,0.585,0.727,0.25,-0.116,0.253,0
3615,46,0,3,0.835,0.542,0.428,0.5,-0.33,0.058,0
3616,57,1,3,0.651,0.449,0.596,0.0,0.102,-0.044,0
3617,55,1,11,0.981,0.481,0.874,0.0,0.155,0.252,0
3618,79,1,5,0.922,0.544,0.565,0.25,0.213,0.284,1
3619,77,0,12,0.985,0.55,1.102,0.75,0.717,0.088,0
3620,67,1,9,0.856,0.503,0.689,0.75,0.105,0.045,1
3621,52,0,8,0.854,0.575,1.083,0.5,0.486,-0.006,0
3622,83,1,12,0.93,0.525,0.936,0.0,0.538,-0.083,0
3623,32,1,8,0.919,0.645,0.759,0.25,-0.009,0.271,0
3624,80,0,10,0.821,0.623,0.756,0.25,0.294,-0.016,0
3625,83,0,9,0.818,0.635,0.87,0.5,0.495,-0.021,0
3626,71,0,10,1.076,0.698,0.696,0.0,0.304,0.301,0
3627,48,0,3,0.858,0.527,0.7,0.0,0.297,0.016,0
3628,77,1,11,0.75,0.484,0.911,1.0,0.638,0.224,0
3629,33,1,11,0.853,0.613,0.614,0.0,0.072,0.234,0
3630,72,1,8,0.81,0.569,0.868,0.0,0.199,0.058,0
3631,68,1,6,0.744,0.661,0.642,0.0,0.17,-0.113,0
3632,60,0,12,1.058,0.584,0.939,0.0,0.071,0.275,0
3633,66,0,5,0.85,0.73,0.496,1.0,0.163,0.059,0
3634,60,0,11,1.163,0.62,0.787,0.0,0.453,0.418,0
3635,64,0,11,1.027,0.602,1.038,0.0,0.803,0.359,0
3636,74,1,5,0.7,0.602,0.473,0.25,-0.149,0.0,0
3637,50,1,4,0.642,0.657,0.584,0.0,0.37,-0.216,0
3638,70,0,3,0.802,0.7,0.519,0.5,0.103,0.083,0
3639,84,0,10,0.671,0.575,1.005,0.25,0.506,-0.08,0
3640,69,0,9,0.999,0.703,0.851,0.0,0.578,0.24,1
3641,73,1,11,1.118,0.558,0.736,0.0,0.588,0.207,1
3642,33,1,3,0.772,0.513,0.655,0.0,0.255,-0.067,0
3643,70,0,6,1.036,0.7,0.856,0.25,0.15,0.136,0
3644,76,1,9,1.16,0.61,0.704,0.0,0.301,0.349,1
3645,52,0,8,1.107,0.416,0.8,0.0,0.568,0.458,0
3646,62,0,10,1.042,0.55,1.058,1.0,0.649,0.326,0
3647,49,1,10,0.775,0.52,0.77,1.0,0.443,-0.112,0
3648,37,1,10,1.048,0.545,0.828,0.75,0.288,0.388,0
3649,73,1,12,0.722,0.471,0.668,0.0,0.151,-0.075,0
3650,72,0,4,0.727,0.565,0.73,0.25,0.24,-0.052,0
3651,31,1,9,0.781,0.619,1.057,0.25,0.482,0.236,0
3652,46,1,10,0.763,0.368,0.813,0.0,0.229,-0.065,0
3653,81,0,4,0.707,0.646,0.582,0.0,0.088,-0.111,0
3654,52,0,4,0.955,0.709,0.424,1.0,-0.097,0.237,0
3655,81,0,8,0.877,0.698,1.061,0.75,0.461,0.22,0
3656,57,0,3,0.759,0.564,0.454,0.25,0.127,-0.125,0
3657,79,1,7,0.68,0.645,0.653,0.0,-0.0,0.171,0
3658,37,1,5,0.703,0.568,0.493,0.75,0.085,-0.008,0
3659,77,1,5,0.879,0.7,0.497,0.0,0.285,0.209,0
3660,36,1,4,0.833,0.489,0.62,0.0,0.434,-0.145,0
3661,32,0,5,0.843,0.65,0.507,1.0,0.054,0.109,0
3662,60,1,6,0.855,0.465,0.495,0.75,-0.098,0.153,0
3663,39,0,3,0.573,0.65,0.513,0.5,0.185,-0.127,0
3664,66,1,11,1.03,0.599,0.841,0.0,0.571,0.551,0
3665,74,1,7,0.951,0.595,0.578,0.25,0.094,0.484,0
3666,68,0,11,0.951,0.408,0.966,0.5,0.183,0.329,0
3667,83,1,12,1.054,0.507,0.869,0.25,0.387,0.559,1
3668,60,0,3,0.818,0.603,0.485,0.0,-0.215,0.059,0
3669,75,1,8,0.766,0.707,0.78,0.0,0.502,-0.116,0
3670,77,1,11,1.018,0.573,1.037,0.0,0.586,0.319,0
3671,55,1,6,0.817,0.517,0.798,0.0,0.589,-0.024,0
3672,61,1,6,0.835,0.546,0.521,0.0,0.007,0.135,0
3673,75,1,5,0.956,0.59,0.532,0.25,0.038,0.345,0
3674,81,1,11,1.036,0.355,0.855,0.0,0.245,0.115,1
3675,55,0,9,0.918,0.637,1.028,1.0,0.671,0.268,0
3676,78,0,12,0.904,0.684,0.631,0.25,0.078,0.292,0
3677,35,0,9,0.942,0.562,0.859,0.0,0.092,0.104,0
3678,62,0,5,0.734,0.64,0.541,0.0,-0.159,0.127,0
3679,59,1,7,0.89,0.584,0.523,1.0,0.117,0.406,0
3680,74,0,9,0.861,0.548,0.791,0.0,0.453,0.148,0
3681,33,0,11,1.014,0.516,0.7,0.25,0.347,0.322,0
3682,34,1,5,0.819,0.525,0.433,0.25,0.106,0.119,0
3683,82,1,7,0.84,0.531,0.54,1.0,0.184,0.462,0
3684,31,1,12,1.064,0.613,0.868,0.0,0.11,0.12,0
3685,84,0,5,0.816,0.705,0.619,0.0,0.286,0.029,0
3686,40,0,6,0.552,0.475,0.778,0.75,0.347,-0.294,0
3687,74,0,10,0.938,0.583,0.905,1.0,0.611,0.304,0
3688,51,1,5,0.803,0.632,0.587,0.25,-0.025,-0.034,0
3689,64,0,5,0.769,0.656,0.614,0.0,-0.123,-0.052,0
3690,53,1,10,0.616,0.612,0.751,0.0,0.425,-0.135,0
3691,61,0,4,0.932,0.569,0.661,0.0,0.068,0.101,0
3692,50,0,4,0.872,0.645,0.676,0.0,0.386,0.164,0
3693,68,1,7,0.846,0.559,0.775,0.0,-0.022,0.019,0
3694,64,0,3,0.759,0.593,0.794,0.25,0.582,0.087,0
3695,73,0,3,0.846,0.688,0.378,0.25,0.136,0.164,0
3696,53,0,3,0.849,0.632,0.498,0.0,0.259,-0.039,0
3697,74,0,9,0.983,0.465,0.982,0.75,0.596,0.257,1
3698,68,0,5,0.722,0.593,0.525,0.25,-0.217,0.209,1
3699,30,1,9,0.841,0.523,0.769,0.0,0.554,-0.011,0
3700,37,0,8,0.915,0.559,0.762,0.25,0.274,0.068,0
3701,43,0,8,1.117,0.531,0.7,0.0,0.201,0.411,0
3702,30,0,9,0.88,0.596,0.645,0.0,0.34,0.089,0
3703,83,0,5,0.982,0.569,0.609,0.0,0.365,0.126,0
3704,39,0,3,0.721,0.586,0.7,0.75,0.255,-0.026,0
3705,37,0,7,0.625,0.586,0.778,0.0,0.297,-0.049,0
3706,34,1,5,0.838,0.63,0.477,0.0,-0.081,-0.038,0
3707,83,1,6,0.938,0.7,0.525,0.5,0.279,0.132,0
3708,38,0,8,0.988,0.596,1.045,1.0,0.512,0.352,0
3709,46,1,5,0.739,0.617,0.736,0.0,0.014,-0.129,0
3710,69,1,8,0.928,0.603,1.165,0.5,0.515,0.156,0
3711,55,1,4,1.074,0.688,0.845,0.0,0.145,0.195,0
3712,52,0,8,0.919,0.47,0.867,1.0,0.579,0.219,0
3713,51,0,5,0.94,0.742,0.886,0.25,0.625,0.232,0
3714,46,0,7,0.779,0.598,1.18,0.0,0.585,-0.097,0
3715,67,0,9,0.939,0.552,0.624,0.0,0.203,0.23,0
3716,68,0,9,1.035,0.578,0.991,0.0,0.325,0.13,0
3717,30,1,9,0.808,0.546,0.617,0.5,0.037,0.029,0
3718,69,0,6,0.709,0.651,0.554,0.0,0.538,0.098,0
3719,63,1,12,1.049,0.456,0.973,0.0,0.451,0.362,0
3720,45,1,11,0.829,0.455,0.985,1.0,0.859,0.04,0
3721,73,0,5,1.091,0.65,0.409,0.0,0.041,0.399,0
3722,42,1,5,0.943,0.709,0.682,0.0,0.359,0.109,0
3723,70,1,4,0.643,0.768,0.747,0.25,0.459,-0.265,0
3724,38,0,3,0.916,0.531,0.753,0.75,0.332,0.269,0
3725,81,1,3,0.651,0.544,0.51,0.0,-0.019,0.075,0
3726,60,1,10,0.85,0.557,0.869,0.0,-0.051,0.199,0
3727,80,0,11,0.9,0.489,0.717,0.0,0.354,0.2,0
3728,65,0,8,0.844,0.548,1.061,0.25,0.671,0.057,0
3729,45,1,11,0.648,0.592,1.147,1.0,0.809,-0.097,0
3730,45,0,3,0.775,0.6,0.704,0.25,0.004,-0.057,0
3731,75,0,8,0.769,0.486,0.678,0.5,0.133,0.036,0
3732,48,0,10,0.993,0.544,0.744,0.75,0.163,0.295,0
3733,59,1,4,0.855,0.723,0.358,0.75,-0.327,0.196,0
3734,68,0,3,0.567,0.581,0.856,0.75,0.436,-0.105,0
3735,82,0,3,0.806,0.629,0.341,0.0,-0.168,-0.005,0
3736,49,1,8,1.117,0.571,0.786,0.0,0.321,0.324,0
3737,51,1,3,0.71,0.736,0.51,0.25,0.012,-0.116,0
3738,63,1,3,0.7,0.69,0.565,0.0,0.456,0.119,0
3739,55,1,9,1.024,0.741,1.015,0.5,0.486,0.256,0
3740,55,0,8,1.017,0.694,0.946,0.0,0.272,0.225,0
3741,40,0,5,0.939,0.7,0.62,0.0,0.377,0.363,0
3742,53,0,9,1.203,0.686,0.747,0.0,0.363,0.437,0
3743,76,1,4,0.684,0.643,0.582,0.5,0.211,-0.078,0
3744,43,0,8,0.629,0.7,0.925,0.0,0.405,-0.096,0
3745,79,1,9,0.731,0.555,0.742,0.0,0.209,-0.203,1
3746,48,1,5,1.001,0.557,0.728,0.0,0.275,0.191,0
3747,57,0,7,0.849,0.532,0.833,0.0,0.133,0.141,0
3748,47,1,6,0.951,0.598,0.405,0.0,0.038,0.135,0
3749,30,0,11,0.968,0.492,0.72,0.5,0.293,0.393,0
3750,49,0,5,0.861,0.478,0.342,0.25,-0.438,-0.037,0
3751,45,1,4,0.85,0.574,0.548,0.5,0.093,0.123,0
3752,35,1,5,0.826,0.6,0.553,0.0,0.429,0.309,0
3753,62,1,4,0.854,0.389,0.396,0.0,0.072,-0.094,0
3754,67,0,6,0.593,0.593,0.891,0.25,0.641,-0.17,0
3755,84,1,3,0.616,0.733,0.582,0.0,0.262,-0.236,1
3756,76,0,8,0.984,0.671,0.952,0.25,0.292,0.034,0
3757,71,0,5,0.849,0.701,0.769,0.25,0.304,0.072,0
3758,39,1,11,1.118,0.408,0.958,0.5,0.046,0.635,0
3759,74,1,10,1.204,0.508,0.933,0.5,0.506,0.362,0
3760,47,0,3,0.662,0.619,0.313,0.0,0.097,-0.25,0
3761,67,1,10,0.892,0.606,1.036,0.25,0.476,0.076,0
3762,59,0,3,0.861,0.778,0.548,0.5,0.278,0.045,0
3763,55,0,10,0.974,0.629,0.746,0.0,0.316,0.072,0
3764,42,1,12,1.058,0.555,0.806,0.0,0.219,0.285,0
3765,35,0,7,0.887,0.509,0.877,0.0,0.667,0.01,0
3766,57,0,10,0.966,0.593,1.099,0.5,0.612,0.26,0
3767,80,1,4,0.828,0.683,0.743,0.5,0.318,0.161,1
3768,69,0,8,0.975,0.553,0.849,0.0,0.155,0.436,0
3769,52,0,3,0.898,0.569,0.388,0.0,-0.053,0.107,0
3770,58,1,7,0.944,0.68,0.516,0.5,-0.058,0.244,1
3771,57,0,5,0.909,0.65,0.431,0.25,0.031,-0.018,0
3772,77,1,8,0.948,0.627,0.559,0.25,0.171,0.127,0
3773,49,0,11,0.968,0.548,0.537,0.0,0.055,0.342,0
3774,66,1,3,0.984,0.591,0.364,0.0,-0.19,0.14,0
3775,41,1,9,0.582,0.552,0.754,0.0,0.065,-0.026,0
3776,40,1,3,0.736,0.748,0.354,0.75,-0.067,-0.136,0
3777,83,1,6,0.812,0.637,0.884,1.0,0.559,0.043,1
3778,39,1,7,0.758,0.545,0.621,0.5,0.041,0.203,0
3779,55,1,11,0.975,0.551,0.844,0.25,0.863,0.116,0
3780,69,1,7,0.996,0.468,0.924,0.5,0.644,0.269,0
3781,84,1,10,0.861,0.475,0.677,0.0,0.197,0.245,0
3782,71,0,3,1.011,0.594,0.288,0.0,-0.268,0.12,0
3783,71,0,6,0.859,0.582,0.693,0.5,-0.026,0.18,0
3784,76,1,6,0.7,0.635,0.79,0.0,0.321,-0.171,0
3785,44,0,10,1.072,0.588,1.366,0.0,0.826,0.068,0
3786,49,0,12,0.974,0.492,1.092,1.0,0.347,0.277,0
3787,45,0,11,1.08,0.55,0.841,0.5,0.716,0.348,0
3788,49,1,4,0.756,0.515,0.235,1.0,0.034,-0.031,0
3789,65,0,6,0.739,0.751,0.724,0.0,0.39,-0.205,0
3790,67,1,10,0.87,0.483,0.637,0.0,0.321,-0.025,0
3791,71,1,7,0.752,0.648,0.59,0.5,-0.11,-0.25,0
3792,32,0,6,0.807,0.634,0.68,0.0,0.059,0.184,0
3793,74,0,5,1.148,0.52,0.735,0.5,0.402,0.435,0
3794,63,0,3,0.602,0.534,0.483,0.25,0.125,-0.092,0
3795,55,0,10,1.198,0.552,0.922,0.0,0.58,0.422,0
3796,77,1,11,0.865,0.604,0.961,0.5,0.376,0.002,1
3797,37,0,5,0.715,0.53,0.344,0.0,-0.185,-0.251,0
3798,63,0,11,0.65,0.559,0.754,0.0,0.327,-0.104,0
3799,47,1,4,0.889,0.589,0.564,0.0,0.217,0.065,0
3800,63,0,11,0.967,0.507,0.829,0.0,0.414,0.345,0
3801,68,1,12,0.735,0.592,1.085,0.5,0.468,-0.17,1
3802,40,0,3,0.777,0.568,0.464,0.25,0.117,0.142,0
3803,82,1,10,0.924,0.589,1.174,0.75,0.697,0.016,1
3804,41,0,11,0.7,0.473,0.881,1.0,0.734,-0.082,0
3805,42,0,8,0.801,0.604,0.562,0.5,0.232,-0.072,0
3806,75,1,4,0.912,0.689,0.332,0.5,-0.28,0.181,0
3807,46,1,9,0.902,0.642,1.073,0.5,0.405,0.391,0
3808,55,1,5,0.942,0.607,0.581,0.5,0.203,0.044,0
3809,42,1,4,0.868,0.59,0.572,0.0,0.41,0.155,0
3810,42,0,6,0.99,0.59,0.587,0.0,0.108,0.305,0
3811,39,1,5,0.849,0.549,0.474,1.0,0.116,0.077,0
3812,62,1,8,0.8,0.66,0.752,0.0,0.379,0.156,0
3813,47,1,7,0.783,0.482,0.688,0.0,0.546,-0.013,0
3814,33,0,8,0.948,0.636,0.684,0.25,0.396,0.27,0
3815,52,0,8,0.977,0.7,0.766,0.0,0.356,0.381,0
3816,54,1,11,1.032,0.784,1.056,0.5,0.712,0.31,0
3817,49,0,8,0.875,0.663,0.762,0.0,0.489,0.243,0
3818,62,1,9,0.971,0.574,0.49,0.0,-0.065,0.343,0
3819,75,0,3,0.67,0.679,0.721,0.0,0.158,-0.04,0
3820,42,1,9,0.765,0.487,0.627,0.0,0.329,0.057,0
3821,63,1,11,0.982,0.681,0.883,0.0,0.518,0.124,0
3822,79,0,11,1.017,0.605,1.005,0.5,0.299,0.142,0
3823,44,0,10,0.982,0.506,0.95,1.0,0.627,0.273,0
3824,36,0,9,0.991,0.548,0.703,0.0,0.294,0.151,0
3825,59,0,11,0.918,0.643,1.113,0.25,0.619,0.142,0
3826,75,0,9,1.002,0.552,0.913,0.0,0.451,0.168,0
3827,53,0,9,0.928,0.405,0.776,0.0,0.022,0.165,0
3828,53,1,12,0.752,0.552,0.885,0.75,0.514,-0.021,0
3829,61,1,4,0.779,0.606,0.525,1.0,0.115,0.272,0
3830,68,0,4,1.014,0.734,0.467,0.5,0.072,0.314,0
3831,75,0,9,1.077,0.559,0.989,1.0,0.421,0.229,0
3832,52,1,4,0.84,0.487,0.616,0.0,0.127,0.027,0
3833,57,0,10,0.897,0.448,0.844,0.25,0.237,0.157,0
3834,30,1,12,1.15,0.447,0.926,0.0,0.308,0.426,0
3835,64,0,9,1.052,0.618,0.792,0.5,0.368,0.261,1
3836,54,1,11,0.956,0.477,0.9,0.25,0.45,0.251,0
3837,51,0,8,0.648,0.533,1.019,0.0,0.506,-0.02,0
3838,74,0,11,0.891,0.592,0.673,0.0,-0.109,0.137,0
3839,62,0,7,0.833,0.509,0.613,0.0,0.157,-0.282,0
3840,54,1,9,1.156,0.633,0.797,0.0,0.295,0.315,0
3841,46,0,5,0.932,0.555,0.757,0.0,0.529,0.267,0
3842,64,1,7,0.784,0.585,0.689,0.0,0.428,0.227,0
3843,63,0,10,1.156,0.561,0.7,0.25,0.237,0.387,0
3844,39,1,6,0.918,0.533,0.659,0.25,-0.17,0.266,0
3845,38,1,10,0.976,0.45,0.821,0.5,0.543,0.228,0
3846,80,0,7,0.975,0.618,0.676,0.0,0.028,0.125,0
3847,68,1,4,0.709,0.582,0.708,0.0,0.204,0.118,0
3848,78,0,3,0.799,0.665,0.407,0.0,-0.096,-0.032,0
3849,56,1,4,0.928,0.676,0.821,0.0,0.358,0.03,0
3850,84,1,5,0.746,0.707,0.938,0.0,0.218,0.279,0
3851,80,0,8,0.735,0.576,0.629,0.0,0.206,-0.19,0
3852,75,1,7,0.732,0.566,0.566,0.5,-0.064,0.005,0
3853,77,1,5,1.001,0.515,0.586,0.0,0.156,0.395,1
3854,63,1,9,0.883,0.572,0.859,0.0,0.606,0.17,0
3855,35,1,12,0.999,0.566,0.861,1.0,0.281,0.336,0
3856,64,1,8,0.795,0.536,0.932,0.0,0.511,-0.167,0
3857,77,1,3,0.603,0.655,0.588,0.0,-0.058,-0.051,0
3858,68,0,8,0.699,0.456,0.81,0.0,0.261,0.081,0
3859,63,1,5,0.708,0.524,0.545,0.5,0.213,-0.106,0
3860,66,1,6,0.857,0.512,0.443,0.0,0.102,-0.047,0
3861,37,1,10,0.926,0.7,0.547,0.25,0.259,0.236,0
3862,56,0,3,0.718,0.629,0.453,0.75,-0.02,0.174,0
3863,74,1,6,0.785,0.599,0.72,0.0,0.2,-0.013,0
3864,76,0,5,0.737,0.7,0.583,0.0,-0.023,0.037,0
3865,80,1,8,1.046,0.7,0.606,0.0,0.345,0.49,0
3866,47,0,6,0.919,0.532,0.364,0.25,-0.244,0.18,0
3867,65,0,5,0.597,0.611,0.759,1.0,0.221,-0.286,0
3868,64,1,7,0.845,0.556,0.645,1.0,-0.142,0.039,0
3869,46,1,6,0.838,0.638,0.749,0.75,0.465,0.102,0
3870,80,0,6,0.649,0.679,0.686,0.0,0.445,-0.272,0
3871,69,0,3,0.775,0.471,0.556,0.5,0.022,-0.157,0
3872,62,0,11,1.13,0.7,1.099,0.75,0.582,0.401,0
3873,42,0,6,0.945,0.552,0.678,0.75,0.134,0.179,0
3874,58,0,8,0.972,0.522,0.642,1.0,0.316,0.166,0
3875,69,0,12,0.987,0.612,0.449,0.5,0.092,0.286,0
3876,55,1,10,0.906,0.54,0.868,0.75,0.329,0.151,1
3877,33,0,3,0.893,0.634,0.349,0.25,-0.043,0.144,0
3878,53,1,9,0.979,0.645,0.891,0.5,0.333,0.206,0
3879,39,1,11,1.023,0.397,1.074,0.0,0.58,0.263,0
3880,45,1,10,0.831,0.719,0.899,0.5,0.442,0.175,0
3881,31,1,10,1.091,0.391,0.492,0.0,0.081,0.43,0
3882,84,0,3,0.705,0.599,0.466,0.25,-0.064,0.155,0
3883,79,1,3,0.734,0.57,0.543,1.0,-0.126,0.156,1
3884,30,0,6,0.666,0.655,0.959,0.75,0.596,-0.033,0
3885,76,0,6,0.88,0.709,0.712,0.25,0.242,0.14,0
3886,69,1,5,0.822,0.604,0.799,0.75,0.099,0.036,0
3887,81,1,7,0.879,0.655,0.7,0.0,0.079,-0.204,1
3888,47,1,8,0.73,0.807,0.639,0.0,-0.068,-0.086,0
3889,67,1,6,0.773,0.622,0.695,0.0,0.203,-0.079,0
3890,74,0,4,0.727,0.546,0.491,0.0,0.268,0.142,0
3891,33,0,3,0.676,0.502,0.154,0.75,-0.205,-0.045,0
3892,83,0,3,0.765,0.557,0.8,1.0,0.028,0.162,1
3893,55,1,6,0.726,0.556,0.771,0.25,0.17,-0.092,0
3894,64,1,12,0.937,0.434,0.873,0.0,0.822,0.065,0
3895,60,0,9,1.082,0.557,0.692,0.0,0.392,0.35,0
3896,40,0,5,0.649,0.497,0.791,0.0,0.51,0.037,0
3897,73,1,11,0.913,0.569,0.7,0.0,0.418,0.362,0
3898,38,0,9,1.151,0.495,0.878,0.0,0.372,0.419,0
3899,57,1,8,0.629,0.7,0.476,0.0,-0.048,-0.009,0
3900,46,0,4,0.858,0.629,0.53,1.0,0.24,0.054,0
3901,54,1,8,0.778,0.537,0.713,0.0,0.106,0.078,0
3902,66,1,5,0.835,0.794,0.601,0.25,0.233,0.184,0
3903,51,1,3,0.692,0.561,0.629,0.0,0.273,-0.208,0
3904,59,0,6,0.947,0.6,0.566,0.0,-0.145,0.252,0
3905,46,1,5,0.742,0.52,0.63,0.0,0.004,0.071,0
3906,40,1,7,0.949,0.53,0.75,0.0,0.288,0.287,0
3907,59,1,7,0.925,0.525,0.735,1.0,0.022,0.12,0
3908,81,1,5,0.685,0.56,0.527,0.75,-0.173,-0.012,0
3909,55,1,12,0.903,0.7,1.113,0.25,0.657,0.461,0
3910,82,0,11,0.825,0.643,0.651,0.0,0.237,0.06,0
3911,44,0,11,1.064,0.547,0.627,0.0,0.06,0.33,0
3912,42,1,10,1.137,0.7,0.833,0.5,0.48,0.327,0
3913,80,0,10,0.944,0.655,0.831,0.5,0.761,0.038,0
3914,33,0,8,0.7,0.522,0.672,0.0,0.326,-0.108,0
3915,75,0,5,0.965,0.607,0.7,0.0,0.138,-0.072,0
3916,53,0,8,0.77,0.474,0.798,0.0,0.554,0.072,0
3917,59,0,8,0.842,0.692,0.774,0.0,0.44,0.162,0
3918,73,0,7,0.7,0.476,0.969,0.75,0.56,-0.032,0
3919,56,1,10,0.746,0.582,0.695,0.0,0.556,0.101,0
3920,47,0,5,0.796,0.567,0.559,0.0,0.325,-0.123,0
3921,44,1,8,0.899,0.62,0.749,0.0,-0.054,0.094,0
3922,63,0,8,0.652,0.526,0.831,0.5,0.486,-0.107,0
3923,50,1,8,1.018,0.594,0.882,1.0,0.419,0.185,0
3924,55,1,3,0.658,0.498,0.769,0.5,0.279,-0.18,0
3925,72,1,8,0.959,0.544,0.736,0.0,0.385,0.208,0
3926,60,1,5,0.911,0.568,0.486,0.0,-0.238,0.117,0
3927,52,1,7,1.102,0.596,0.438,0.5,0.162,0.615,0
3928,43,0,6,0.444,0.607,0.506,0.5,-0.203,-0.37,0
3929,47,1,11,1.003,0.612,0.7,0.0,0.29,0.103,0
3930,81,1,3,0.703,0.578,0.442,0.0,-0.062,-0.036,0
3931,45,1,7,0.958,0.628,0.859,0.0,0.385,0.275,0
3932,61,0,8,1.042,0.634,0.795,1.0,0.563,0.354,0
3933,68,0,5,0.918,0.47,0.555,0.0,-0.061,-0.03,0
3934,46,1,9,0.892,0.53,0.694,0.25,0.069,0.136,0
3935,60,1,6,0.918,0.549,0.626,0.25,0.252,0.214,0
3936,43,0,10,1.104,0.674,0.774,0.75,0.214,0.344,0
3937,34,0,5,0.909,0.559,0.854,0.25,0.385,0.178,0
3938,50,0,9,0.7,0.563,0.676,0.0,0.46,0.0,0
3939,67,0,5,0.718,0.738,0.59,0.5,0.249,-0.034,0
3940,55,1,10,0.92,0.626,0.651,0.5,0.124,0.094,0
3941,70,0,4,0.7,0.554,0.847,0.0,0.349,-0.134,0
3942,33,0,4,0.822,0.747,0.821,0.0,0.24,0.071,0
3943,46,1,4,0.843,0.7,0.966,0.0,0.724,0.245,0
3944,76,1,10,0.838,0.505,0.443,0.5,-0.143,0.244,1
3945,65,1,6,0.745,0.561,0.748,0.0,0.332,-0.071,0
3946,34,0,3,0.537,0.524,0.7,1.0,0.025,-0.325,0
3947,73,1,3,0.774,0.593,0.784,0.5,0.084,-0.01,0
3948,41,0,8,0.975,0.595,0.578,0.0,0.147,0.263,0
3949,63,1,10,0.951,0.424,0.722,0.5,0.5,0.209,0
3950,77,1,7,0.795,0.567,0.931,0.5,0.402,-0.011,0
3951,49,0,3,0.846,0.604,0.559,0.0,0.224,-0.117,0
3952,56,1,7,0.688,0.485,0.733,0.0,0.158,-0.096,0
3953,50,1,3,0.481,0.515,0.456,0.25,0.356,-0.323,0
3954,80,1,11,0.942,0.656,0.834,0.0,0.308,0.163,0
3955,64,1,6,0.7,0.545,0.397,1.0,-0.203,-0.124,0
3956,39,0,11,0.835,0.591,0.856,0.25,0.759,0.217,0
3957,41,1,7,0.7,0.595,0.869,1.0,0.55,-0.135,0
3958,57,0,4,0.717,0.664,0.531,0.25,0.337,0.013,0
3959,56,1,10,1.056,0.462,0.84,0.25,0.223,0.422,0
3960,69,1,11,0.638,0.535,0.874,0.0,0.399,-0.242,0
3961,51,1,12,0.729,0.534,0.987,0.0,0.575,0.092,0
3962,82,0,11,0.936,0.482,0.961,1.0,0.301,0.198,0
3963,54,0,3,0.777,0.726,0.51,0.0,0.251,-0.065,0
3964,44,0,5,0.7,0.572,0.572,0.25,0.062,-0.163,0
3965,66,1,3,0.68,0.504,0.639,0.5,0.395,-0.183,0
3966,34,1,6,0.673,0.679,0.84,0.0,0.389,-0.098,0
3967,78,1,10,1.046,0.7,0.9,0.75,0.698,0.489,0
3968,77,1,12,0.887,0.507,1.121,0.75,0.558,0.079,0
3969,37,0,10,0.866,0.566,0.756,0.5,0.481,-0.075,0
3970,81,0,9,0.694,0.727,0.858,0.0,0.663,-0.171,0
3971,78,0,12,0.973,0.666,0.968,0.5,0.268,0.209,0
3972,81,0,12,0.952,0.614,0.734,0.0,0.12,0.322,0
3973,34,1,8,0.842,0.565,0.564,0.0,-0.047,0.308,0
3974,33,1,3,0.89,0.559,0.81,0.0,0.476,0.137,0
3975,47,1,5,0.977,0.675,0.57,0.0,0.06,0.126,0
3976,83,1,11,0.799,0.492,0.8,0.0,0.325,0.119,0
3977,48,0,6,0.944,0.524,0.374,0.0,-0.238,0.152,0
3978,56,0,9,0.993,0.6,1.061,0.0,0.431,0.213,0
3979,47,1,9,0.84,0.476,0.572,0.75,0.152,0.188,0
3980,32,1,12,0.933,0.58,0.973,0.75,0.789,0.233,0
3981,51,1,6,0.899,0.558,0.66,0.25,0.403,0.297,0
3982,41,1,9,0.958,0.575,0.827,0.0,0.332,0.253,0
3983,39,0,4,0.889,0.564,0.814,0.0,0.19,0.018,0
3984,55,1,3,0.644,0.528,0.602,0.0,0.324,-0.102,0
3985,65,0,12,1.114,0.66,1.212,0.5,0.764,0.498,0
3986,65,1,10,0.926,0.626,1.01,0.25,0.879,0.215,0
3987,80,0,3,0.719,0.602,0.396,0.0,0.028,0.054,0
3988,38,0,12,1.001,0.445,0.846,0.0,0.367,0.301,0
3989,80,1,8,0.956,0.596,0.651,0.0,0.365,0.182,0
3990,44,0,10,0.94,0.561,0.857,0.0,0.127,0.092,0
3991,76,1,5,0.812,0.548,0.607,0.25,0.1,0.112,0
3992,67,0,6,0.7,0.661,0.577,0.75,0.299,-0.114,0
3993,80,0,4,0.745,0.557,0.398,0.5,-0.149,-0.085,0
3994,49,1,7,0.645,0.53,0.637,0.5,0.396,-0.005,0
3995,60,0,3,0.778,0.68,0.48,0.0,0.132,0.199,0
3996,35,1,12,0.998,0.568,0.866,0.5,0.613,0.362,0
3997,69,0,10,0.955,0.523,0.81,0.75,0.193,0.329,0
3998,84,1,10,1.016,0.591,0.909,0.0,0.374,0.158,1
3999,78,0,10,1.106,0.481,0.663,1.0,0.237,0.566,0
4000,60,1,12,0.895,0.482,1.012,0.0,0.615,0.063,0
4001,77,1,3,0.759,0.677,0.528,0.0,0.017,0.063,0
4002,55,1,6,0.749,0.559,0.877,1.0,0.276,-0.014,0
4003,59,1,10,0.857,0.418,0.62,0.0,0.093,0.325,0
4004,58,0,8,0.935,0.543,0.747,0.5,0.094,0.297,0
4005,34,1,6,1.011,0.523,0.595,0.0,-0.111,0.37,0
4006,54,0,5,0.956,0.634,0.7,0.75,0.256,0.211,0
4007,48,1,8,0.914,0.602,0.72,0.0,0.435,0.252,0
4008,44,1,10,0.842,0.536,0.79,0.0,0.253,0.188,0
4009,47,1,6,0.746,0.542,0.938,0.0,0.456,-0.134,0
4010,36,1,6,0.877,0.567,0.863,0.75,0.512,0.0,0
4011,51,1,9,1.088,0.529,0.751,0.25,0.435,0.422,0
4012,44,1,11,1.069,0.594,0.64,0.0,0.343,0.234,0
4013,41,1,11,0.98,0.403,0.726,0.0,0.094,0.123,0
4014,84,0,11,0.838,0.578,0.878,0.25,0.635,0.141,0
4015,37,0,12,1.067,0.529,0.758,1.0,0.345,0.264,0
4016,74,0,3,0.874,0.534,0.742,0.75,0.237,-0.168,0
4017,53,0,7,1.014,0.636,0.717,0.0,0.466,0.022,0
4018,62,1,12,0.939,0.718,0.93,0.0,0.475,0.144,0
4019,60,0,11,0.926,0.655,0.749,0.0,0.286,0.054,0
4020,80,0,6,0.785,0.483,0.673,0.0,0.125,0.085,0
4021,77,0,8,0.921,0.524,0.766,0.25,0.281,0.243,0
4022,83,1,5,0.861,0.609,0.428,0.0,-0.387,-0.167,0
4023,53,0,5,0.829,0.655,0.341,0.75,-0.359,0.119,0
4024,71,0,9,0.797,0.437,0.721,0.0,0.256,0.097,0
4025,68,0,8,0.926,0.6,0.534,0.5,-0.07,0.029,0
4026,79,1,5,0.921,0.565,0.754,0.0,0.227,0.133,0
4027,43,0,12,0.958,0.55,0.869,0.75,0.429,0.15,0
4028,36,1,5,0.88,0.612,0.562,0.0,0.15,0.288,0
4029,58,0,12,0.869,0.606,0.866,0.0,0.271,0.103,0
4030,35,1,7,0.753,0.694,0.633,1.0,0.115,-0.026,0
4031,68,1,3,0.941,0.671,0.479,0.0,0.056,0.176,0
4032,73,0,7,0.878,0.577,0.774,0.75,0.312,0.193,0
4033,52,1,9,0.9,0.581,1.114,0.25,0.414,0.306,0
4034,47,1,8,0.959,0.7,0.727,0.0,0.22,0.353,0
4035,56,1,3,0.788,0.536,0.366,0.25,0.033,0.266,0
4036,38,1,11,1.035,0.541,0.852,0.0,0.416,0.262,0
4037,48,0,8,0.924,0.576,0.928,0.0,0.515,0.031,0
4038,34,1,3,0.63,0.55,0.635,0.75,0.156,-0.267,0
4039,39,1,11,0.909,0.648,1.245,0.25,0.874,0.241,0
4040,34,1,5,0.652,0.688,0.24,0.0,-0.274,0.125,0
4041,67,0,4,0.843,0.711,0.771,0.0,0.173,0.111,0
4042,82,1,7,0.816,0.644,0.856,0.0,0.445,-0.122,0
4043,63,0,5,0.787,0.702,0.827,0.0,0.111,0.056,0
4044,44,1,11,0.81,0.602,1.0,0.0,0.598,-0.032,0
4045,60,0,8,0.806,0.643,0.975,0.0,0.355,0.124,0
4046,61,1,10,0.984,0.533,1.11,0.0,0.614,0.106,0
4047,52,1,10,0.858,0.7,0.772,0.25,0.263,0.402,0
4048,80,0,4,0.873,0.796,0.587,0.25,0.315,0.211,0
4049,38,1,9,0.861,0.525,0.622,0.0,-0.048,0.074,0
4050,35,1,11,1.089,0.7,0.89,0.75,0.275,0.26,0
4051,40,0,3,0.856,0.607,0.207,0.0,0.01,0.047,0
4052,30,0,10,0.812,0.629,1.05,0.5,0.436,0.112,0
4053,71,1,7,0.737,0.6,1.078,1.0,0.72,0.064,1
4054,66,0,7,1.001,0.497,0.592,1.0,0.175,0.097,0
4055,44,1,8,0.824,0.581,0.864,1.0,0.16,-0.04,0
4056,48,1,9,0.805,0.633,0.858,0.0,0.196,0.049,0
4057,67,1,12,1.2,0.567,0.7,1.0,0.122,0.458,1
4058,78,1,4,0.802,0.643,0.643,0.75,0.254,-0.01,0
4059,40,0,5,0.919,0.506,0.401,0.25,0.148,0.229,0
4060,67,1,9,0.904,0.674,0.409,0.0,-0.019,-0.177,0
4061,41,1,3,0.676,0.615,0.65,0.75,0.157,-0.016,0
4062,46,1,6,0.707,0.542,0.547,0.5,0.105,0.086,0
4063,41,0,5,0.719,0.526,0.817,0.0,0.304,-0.004,0
4064,81,0,3,0.786,0.633,0.655,0.25,0.338,-0.132,0
4065,57,0,10,0.9,0.509,0.482,0.0,-0.218,-0.094,0
4066,54,0,6,0.767,0.58,0.564,0.0,0.353,0.074,0
4067,54,1,8,0.89,0.623,0.648,0.75,0.124,-0.01,0
4068,75,0,9,0.7,0.528,0.692,0.75,0.206,-0.209,1
4069,39,1,7,0.7,0.59,0.549,0.5,-0.151,-0.009,0
4070,73,1,10,0.987,0.373,0.969,0.0,0.173,0.246,0
4071,54,0,10,1.0,0.614,1.086,0.0,0.427,0.412,0
4072,40,0,12,0.966,0.543,0.54,0.0,0.007,0.454,0
4073,79,1,6,0.866,0.646,0.692,0.25,0.263,0.223,1
4074,62,1,9,0.894,0.513,0.869,0.0,0.398,-0.086,0
4075,41,1,10,0.816,0.52,0.868,0.0,0.168,-0.184,0
4076,66,1,5,0.927,0.532,0.606,0.0,-0.058,0.169,0
4077,53,1,5,1.048,0.7,0.516,0.0,-0.031,0.466,0
4078,47,1,9,0.888,0.475,0.854,0.5,0.341,0.137,0
4079,79,1,5,0.87,0.566,0.523,0.0,0.162,-0.065,0
4080,47,1,9,0.7,0.569,0.961,0.0,0.109,0.189,0
4081,39,0,11,0.925,0.563,0.872,0.75,0.629,0.254,0
4082,75,0,10,0.83,0.602,0.808,0.0,0.568,0.103,0
4083,30,0,5,0.977,0.73,0.748,1.0,0.37,0.118,0
4084,79,0,6,0.611,0.664,0.497,0.0,0.167,-0.017,0
4085,82,0,8,1.075,0.668,0.723,0.0,0.271,0.421,0
4086,30,0,12,1.194,0.529,1.037,0.0,0.479,0.534,0
4087,75,0,6,0.913,0.566,0.685,0.0,-0.018,0.555,0
4088,58,1,12,0.926,0.511,0.896,0.0,0.55,0.158,0
4089,64,0,4,0.872,0.567,0.383,0.0,0.197,0.17,0
4090,76,0,3,0.973,0.599,0.618,0.75,0.1,0.21,1
4091,77,0,10,1.267,0.576,0.494,0.0,0.336,0.417,0
4092,54,1,11,0.896,0.57,0.611,0.0,-0.214,0.244,0
4093,71,0,5,0.808,0.632,0.7,0.0,0.069,-0.025,0
4094,36,0,6,1.13,0.7,0.62,0.0,0.239,0.374,0
4095,49,1,6,0.834,0.578,0.807,0.0,0.393,0.179,0
4096,45,1,8,0.791,0.498,0.842,0.5,0.207,-0.147,0
4097,63,1,8,0.659,0.642,0.618,0.0,0.26,-0.159,0
4098,42,1,3,0.849,0.666,0.473,0.5,-0.17,0.154,0
4099,60,1,9,0.78,0.7,1.088,0.0,0.664,0.105,0
4100,58,0,5,0.831,0.7,0.647,1.0,0.389,0.001,0
4101,64,0,12,0.921,0.463,0.915,0.0,0.519,0.088,0
4102,61,1,6,0.778,0.417,0.759,0.0,0.231,0.067,0
4103,72,0,3,0.902,0.604,0.712,0.0,0.354,0.449,0
4104,79,0,12,0.903,0.48,0.885,0.0,0.28,0.182,1
4105,50,1,5,0.762,0.603,0.378,0.25,0.074,0.04,0
4106,30,0,4,1.019,0.576,0.336,0.0,-0.081,0.332,0
4107,65,0,10,0.853,0.594,0.648,0.0,0.182,0.093,0
4108,84,1,3,0.765,0.412,0.559,0.0,0.071,0.114,0
4109,37,0,3,0.793,0.588,0.643,0.0,0.22,0.075,0
4110,50,1,4,0.591,0.694,0.151,0.75,-0.235,-0.073,0
4111,34,1,9,1.049,0.711,0.93,0.0,0.513,0.119,0
4112,74,1,11,1.231,0.575,0.67,0.0,0.448,0.361,0
4113,53,0,5,0.722,0.618,0.71,0.0,0.471,-0.139,0
4114,31,0,8,0.874,0.498,0.489,0.0,-0.107,0.105,0
4115,48,0,10,1.096,0.537,0.697,0.0,-0.044,0.479,0
4116,65,1,11,1.186,0.51,0.825,0.75,0.278,0.494,1
4117,43,0,3,0.678,0.79,0.552,0.0,0.07,-0.066,0
4118,39,0,9,0.892,0.534,0.892,0.0,0.451,0.373,0
4119,69,1,7,1.028,0.442,0.745,0.0,0.175,0.376,0
4120,80,0,4,0.889,0.652,0.454,0.0,-0.085,0.226,0
4121,36,0,6,0.968,0.566,0.717,0.25,0.413,0.268,0
4122,68,1,10,0.842,0.52,0.719,0.0,0.067,0.063,0
4123,57,0,3,0.693,0.609,0.498,0.0,-0.112,-0.107,0
4124,49,0,9,0.7,0.576,0.556,0.5,0.239,-0.007,0
4125,30,0,12,0.904,0.646,1.209,0.5,0.84,0.307,0
4126,38,0,5,0.661,0.651,0.438,1.0,-0.026,0.047,0
4127,41,0,8,0.942,0.63,0.628,0.25,0.413,0.35,0
4128,43,0,11,0.954,0.549,0.747,0.0,0.13,0.254,0
4129,79,0,9,0.976,0.438,1.03,0.0,0.387,0.181,0
4130,35,1,4,1.009,0.579,0.391,0.0,-0.214,0.343,0
4131,55,1,7,0.964,0.557,0.737,0.75,0.153,0.136,0
4132,63,0,4,0.902,0.676,0.53,0.5,-0.047,0.18,0
4133,67,1,6,0.911,0.711,0.671,0.0,0.141,0.109,0
4134,54,1,11,1.114,0.579,0.975,0.0,0.555,0.379,0
4135,68,1,9,0.7,0.426,0.813,0.5,0.249,-0.159,0
4136,59,1,11,0.998,0.488,0.79,0.75,0.044,0.298,0
4137,51,0,11,0.886,0.563,0.773,0.0,0.259,0.242,0
4138,69,0,8,0.882,0.669,0.891,0.5,0.598,0.149,0
4139,49,1,4,0.728,0.635,0.647,0.0,0.313,0.065,0
4140,76,1,3,0.912,0.531,0.392,0.0,-0.152,0.043,0
4141,80,0,5,0.888,0.633,0.696,0.5,0.366,0.449,0
4142,72,0,10,0.943,0.679,1.015,0.0,0.441,0.119,0
4143,81,1,4,0.762,0.577,0.714,0.0,0.228,-0.092,0
4144,31,1,9,0.943,0.608,1.072,0.25,0.431,0.311,0
4145,70,0,10,1.054,0.551,0.909,0.0,0.819,0.238,0
4146,72,0,3,0.911,0.672,0.568,0.0,-0.255,0.143,0
4147,62,1,11,0.626,0.542,0.623,0.0,0.188,-0.184,0
4148,62,0,4,0.625,0.554,0.904,0.5,0.202,0.023,0
4149,30,0,4,0.766,0.612,0.629,0.0,0.1,-0.025,0
4150,41,1,12,1.074,0.549,0.816,0.25,0.278,0.374,0
4151,31,1,11,0.675,0.544,0.887,0.5,0.306,0.144,0
4152,42,1,10,1.104,0.55,0.836,0.75,0.526,0.383,0
4153,45,0,11,1.011,0.435,0.526,0.5,-0.212,0.448,0
4154,45,0,7,1.058,0.51,0.521,0.5,-0.131,0.371,0
4155,66,1,7,0.954,0.548,0.509,0.0,0.026,0.367,0
4156,70,1,11,0.886,0.478,0.888,0.5,0.535,0.173,0
4157,42,1,3,1.022,0.608,0.502,0.0,-0.016,0.271,0
4158,82,1,9,1.093,0.624,0.866,0.0,0.159,0.26,1
4159,47,0,11,0.881,0.533,1.054,0.25,0.785,-0.113,0
4160,81,0,10,0.848,0.548,0.743,0.0,0.438,0.308,1
4161,42,1,4,0.941,0.467,0.778,0.0,0.388,0.016,0
4162,57,0,5,1.078,0.507,0.7,0.0,0.389,0.406,0
4163,34,0,4,0.828,0.596,0.465,0.75,-0.14,0.026,0
4164,71,0,11,1.006,0.467,0.9,0.5,0.245,0.227,1
4165,60,0,10,0.905,0.487,0.675,0.0,0.49,0.454,0
4166,63,0,10,0.832,0.572,0.7,0.75,0.283,0.323,0
4167,32,1,8,0.804,0.493,0.761,0.0,0.249,-0.06,0
4168,35,0,8,1.032,0.411,0.782,1.0,0.171,0.304,0
4169,76,1,8,0.746,0.503,0.437,0.0,-0.142,0.043,0
4170,66,0,11,0.802,0.517,0.979,0.5,0.496,-0.032,0
4171,33,0,6,0.908,0.486,0.931,0.0,0.578,0.267,0
4172,84,1,4,0.906,0.606,0.629,0.0,0.457,0.281,0
4173,72,0,8,0.871,0.649,0.872,0.0,0.442,0.123,0
4174,57,0,9,0.7,0.584,0.702,0.0,-0.003,-0.02,0
4175,70,1,4,0.744,0.697,0.852,0.0,0.156,0.038,0
4176,46,1,9,0.915,0.699,1.234,0.0,0.843,0.215,0
4177,48,0,10,1.133,0.527,0.845,0.75,0.399,0.324,0
4178,53,0,4,0.848,0.545,0.442,0.0,0.044,0.27,0
4179,78,0,10,1.088,0.694,0.409,1.0,0.065,0.435,0
4180,75,1,9,0.932,0.532,0.696,0.75,0.01,0.182,0
4181,66,1,7,0.883,0.606,0.768,0.0,0.297,0.253,0
4182,35,1,10,0.66,0.536,1.062,0.0,0.4,-0.006,0
4183,63,0,11,0.953,0.476,0.997,0.0,0.519,0.087,0
4184,40,0,4,0.851,0.526,0.557,0.0,-0.093,0.135,0
4185,68,1,4,0.967,0.677,0.647,0.0,0.064,0.247,0
4186,59,0,4,0.802,0.617,0.574,0.5,0.079,0.151,0
4187,81,1,8,1.035,0.7,0.824,0.0,0.171,0.191,0
4188,74,0,9,0.974,0.724,0.579,0.0,0.187,0.195,0
4189,61,0,4,0.815,0.621,0.492,0.0,-0.032,0.155,0
4190,32,1,4,0.74,0.55,0.652,0.25,0.317,0.009,0
4191,61,1,5,0.772,0.615,0.645,0.0,0.408,0.1,0
4192,53,0,3,0.988,0.621,0.87,0.0,0.584,0.001,0
4193,45,0,9,0.972,0.662,0.798,1.0,0.261,0.217,0
4194,58,0,5,1.006,0.7,0.602,0.0,0.227,0.281,0
4195,37,0,5,0.809,0.628,0.534,0.0,0.107,0.088,0
4196,76,0,12,0.995,0.649,0.927,0.0,0.445,0.255,1
4197,36,1,10,0.908,0.752,0.7,1.0,0.174,0.207,0
4198,38,1,9,0.863,0.618,0.696,0.25,0.004,0.213,0
4199,49,1,3,0.675,0.638,0.517,0.5,0.021,-0.219,0
4200,69,0,5,0.972,0.594,0.658,0.0,0.268,0.395,0
4201,44,0,3,0.659,0.621,0.728,0.5,0.37,0.128,0
4202,42,0,8,1.065,0.444,0.785,0.0,0.373,0.366,0
4203,79,1,7,0.95,0.465,0.455,0.0,-0.043,-0.076,0
4204,50,1,12,1.038,0.7,0.954,0.0,0.58,0.084,0
4205,70,0,5,0.605,0.647,0.768,0.0,0.151,-0.227,0
4206,77,1,11,1.059,0.501,0.853,0.0,0.182,0.133,1
4207,33,1,7,0.89,0.61,0.726,1.0,0.166,0.082,0
4208,57,1,4,0.627,0.662,0.51,0.25,0.143,-0.055,0
4209,31,1,10,0.827,0.551,0.829,0.0,-0.323,-0.047,0
4210,63,0,10,0.925,0.7,0.877,0.25,0.568,0.25,0
4211,41,1,9,1.006,0.419,0.977,0.0,0.47,0.217,0
4212,60,1,12,1.087,0.619,0.99,0.5,0.219,0.313,0
4213,47,1,5,0.713,0.574,0.7,0.75,0.355,-0.048,0
4214,49,1,5,0.844,0.503,0.863,0.0,0.14,-0.053,0
4215,72,1,5,0.837,0.567,0.643,0.25,-0.037,0.348,0
4216,75,0,5,0.867,0.58,0.738,0.25,0.038,0.032,0
4217,52,1,5,0.879,0.502,0.662,0.0,0.124,-0.069,0
4218,43,1,7,1.023,0.532,0.544,0.75,-0.021,0.359,0
4219,33,1,7,0.7,0.669,0.653,0.0,0.197,-0.018,0
4220,34,1,12,0.924,0.525,0.835,0.0,0.143,0.201,0
4221,33,0,11,0.7,0.529,1.116,0.75,0.657,-0.087,0
4222,69,0,3,0.913,0.701,0.415,0.0,0.126,0.078,0
4223,66,0,3,0.822,0.502,0.603,0.5,0.122,0.095,0
4224,69,1,10,0.818,0.656,0.996,1.0,0.547,-0.098,0
4225,47,0,6,0.774,0.622,0.916,0.5,0.453,-0.067,0
4226,78,1,9,0.918,0.511,0.811,0.25,0.622,0.086,0
4227,36,1,3,0.743,0.7,0.505,0.0,0.288,-0.139,0
4228,59,0,12,1.057,0.541,1.057,0.0,0.823,0.357,0
4229,78,0,4,0.712,0.649,0.527,0.5,0.088,0.151,0
4230,60,1,9,0.762,0.7,0.701,1.0,0.328,0.237,0
4231,48,0,12,0.908,0.604,1.117,0.0,0.461,0.081,0
4232,35,0,11,1.161,0.596,0.955,0.0,0.71,0.521,0
4233,45,0,6,0.97,0.724,0.381,0.75,-0.091,0.404,0
4234,44,1,3,0.677,0.797,0.56,0.0,0.336,-0.24,0
4235,55,1,3,0.881,0.565,0.716,0.0,0.419,0.132,0
4236,43,1,12,0.818,0.539,1.172,0.0,0.82,0.26,0
4237,43,1,9,0.963,0.503,0.635,0.0,0.116,0.196,0
4238,58,1,11,0.961,0.796,0.942,0.5,0.242,0.258,0
4239,43,1,9,1.083,0.525,0.764,0.5,0.27,0.23,0
4240,81,0,7,0.691,0.7,0.684,0.0,0.161,0.012,0
4241,41,0,4,1.052,0.588,0.494,0.0,-0.028,0.278,0
4242,36,1,6,0.7,0.682,0.386,0.25,0.099,-0.276,0
4243,51,0,7,0.851,0.56,0.784,0.0,0.244,-0.073,0
4244,54,0,9,0.941,0.631,0.663,0.75,0.183,0.124,0
4245,76,1,8,0.974,0.609,1.017,0.0,0.492,0.241,0
4246,69,1,10,1.057,0.645,0.884,0.0,0.451,0.313,0
4247,33,0,4,0.851,0.623,0.732,0.75,-0.001,0.19,0
4248,38,0,5,0.889,0.595,0.642,0.25,0.255,0.19,0
4249,45,1,3,0.637,0.683,0.467,0.25,0.18,-0.086,0
4250,83,1,4,0.695,0.528,0.485,0.25,-0.218,-0.161,0
4251,49,0,3,0.537,0.489,0.706,0.25,0.332,-0.426,0
4252,69,0,6,0.7,0.532,0.844,0.0,-0.036,-0.171,0
4253,51,0,6,0.884,0.616,0.382,0.0,0.018,-0.038,0
4254,32,0,11,0.782,0.652,0.688,0.25,0.484,-0.082,0
4255,33,1,9,0.737,0.542,0.732,0.0,0.258,0.208,0
4256,30,0,4,0.92,0.733,0.929,0.25,0.574,0.041,0
4257,52,1,12,1.012,0.584,0.864,0.0,0.076,0.219,0
4258,31,1,7,0.837,0.642,0.676,0.0,0.014,0.029,0
4259,77,1,3,1.018,0.66,0.569,0.25,0.051,0.391,0
4260,57,1,10,1.08,0.503,0.878,0.0,0.589,0.302,0
4261,54,0,7,0.77,0.533,1.009,0.0,0.6,0.111,0
4262,33,1,12,0.841,0.539,0.878,0.0,0.546,0.304,0
4263,64,0,7,0.687,0.586,0.726,0.25,0.01,-0.112,0
4264,52,1,10,1.019,0.459,0.979,0.0,0.403,0.294,0
4265,74,0,10,0.837,0.58,1.072,0.75,0.759,0.208,0
4266,77,0,6,0.506,0.655,0.577,0.0,0.146,-0.251,0
4267,64,0,3,0.745,0.63,0.415,0.0,-0.134,0.088,0
4268,48,0,10,1.164,0.476,0.812,0.0,0.494,0.375,0
4269,67,1,7,0.892,0.464,0.786,0.0,0.086,0.127,0
4270,73,1,5,0.715,0.559,0.669,0.0,0.159,0.191,0
4271,50,0,7,0.732,0.591,0.664,0.0,0.32,-0.163,0
4272,47,1,4,0.832,0.77,0.743,0.5,0.559,0.06,0
4273,59,1,4,0.791,0.609,0.381,0.0,-0.025,0.038,0
4274,51,1,12,0.939,0.555,0.847,0.0,0.018,0.243,0
4275,64,1,11,1.059,0.547,0.897,0.0,0.394,0.222,0
4276,41,0,9,0.991,0.59,0.577,0.0,0.062,0.205,0
4277,45,0,7,1.106,0.525,0.299,0.0,-0.078,0.36,0
4278,37,0,3,0.841,0.61,0.431,0.0,-0.192,0.089,0
4279,32,1,7,0.904,0.656,0.759,0.75,0.475,0.17,0
4280,59,0,11,0.844,0.564,0.7,0.5,-0.032,0.096,0
4281,38,1,8,0.662,0.587,0.727,0.0,0.006,0.109,0
4282,80,1,11,0.912,0.474,0.847,0.0,0.089,0.137,0
4283,62,1,10,1.134,0.565,1.008,0.0,0.624,0.456,0
4284,32,1,7,1.182,0.505,0.7,0.0,0.176,0.448,0
4285,45,0,9,0.7,0.596,0.801,0.0,0.135,0.079,0
4286,76,1,11,0.954,0.565,0.717,0.0,0.365,-0.078,0
4287,83,0,6,0.879,0.55,0.778,0.0,0.65,0.166,0
4288,53,0,9,0.706,0.616,0.663,0.25,-0.032,0.065,0
4289,54,1,10,0.895,0.7,0.821,0.5,0.374,0.194,0
4290,84,0,12,1.007,0.486,0.861,0.0,0.265,0.48,0
4291,30,1,10,1.002,0.648,0.633,0.0,0.302,0.277,0
4292,41,0,11,0.994,0.598,0.797,0.5,0.291,0.336,0
4293,65,1,11,1.045,0.52,0.792,0.0,0.094,0.176,0
4294,38,1,6,0.893,0.643,0.606,0.0,-0.094,0.167,0
4295,49,0,5,0.755,0.586,0.446,0.0,-0.316,0.01,0
4296,46,1,7,0.878,0.583,0.625,0.5,0.125,0.076,0
4297,71,1,4,0.708,0.51,0.601,1.0,0.35,-0.207,0
4298,47,0,6,0.801,0.647,0.72,0.75,0.208,0.058,0
4299,81,1,5,0.78,0.689,0.44,0.25,0.01,-0.097,0
4300,32,1,4,0.781,0.538,0.446,0.25,-0.027,-0.023,0
4301,43,0,11,0.902,0.535,0.617,0.0,0.229,0.272,0
4302,63,1,6,0.868,0.428,0.558,0.5,0.096,0.237,0
4303,59,1,11,1.289,0.486,0.824,0.0,0.371,0.469,0
4304,30,1,3,0.943,0.592,0.682,0.0,0.347,0.308,0
4305,67,0,10,1.025,0.606,0.472,0.0,-0.09,0.353,0
4306,38,1,8,0.928,0.387,0.452,0.0,-0.16,0.07,0
4307,38,1,3,0.7,0.707,0.76,0.25,0.558,-0.095,0
4308,39,0,11,0.906,0.482,0.715,0.5,0.407,0.287,0
4309,40,1,7,0.825,0.582,0.494,1.0,-0.206,0.282,0
4310,51,0,8,0.837,0.665,0.698,0.0,0.165,0.152,0
4311,36,1,3,0.747,0.636,0.616,0.0,0.105,-0.22,0
4312,82,0,7,0.902,0.616,0.605,0.75,0.039,0.097,0
4313,35,1,11,0.752,0.559,1.004,0.0,0.802,-0.12,0
4314,50,0,8,0.742,0.704,0.887,0.25,0.676,-0.002,0
4315,73,0,7,0.882,0.582,0.777,0.75,0.222,0.148,1
4316,73,0,3,0.579,0.591,0.568,0.5,0.29,-0.066,0
4317,66,0,10,0.73,0.604,0.985,1.0,0.533,-0.134,0
4318,73,0,8,1.035,0.583,0.781,1.0,0.288,0.302,1
4319,49,1,8,0.771,0.585,0.569,0.0,0.09,-0.055,0
4320,50,1,5,0.804,0.655,0.565,0.0,0.029,-0.052,0
4321,37,1,7,0.945,0.515,0.633,1.0,0.289,0.243,0
4322,71,0,6,0.852,0.543,0.436,0.25,-0.095,0.104,0
4323,79,1,8,0.938,0.712,0.778,0.0,0.232,0.238,0
4324,57,0,5,0.872,0.69,0.589,0.0,-0.144,0.172,0
4325,69,0,5,1.016,0.491,0.382,0.0,-0.007,0.438,0
4326,61,1,5,0.755,0.526,0.452,0.5,0.012,-0.072,0
4327,40,0,4,0.899,0.598,0.479,0.0,-0.237,0.134,0
4328,70,1,8,1.003,0.662,0.691,0.5,0.113,0.273,0
4329,71,0,5,0.975,0.563,0.749,0.0,0.396,0.309,0
4330,48,1,10,0.826,0.7,0.925,0.0,0.476,0.168,0
4331,81,0,5,0.634,0.705,0.374,0.75,0.031,-0.025,0
4332,79,1,4,0.619,0.644,0.509,0.25,0.179,-0.081,0
4333,58,1,3,0.679,0.628,0.714,0.0,0.288,-0.088,0
4334,77,1,8,0.956,0.624,0.744,1.0,0.191,0.255,1
4335,73,0,3,0.844,0.7,0.531,0.25,-0.067,0.202,0
4336,57,0,9,0.893,0.648,0.867,0.0,0.31,0.217,0
4337,43,1,10,0.995,0.654,1.078,0.5,0.694,0.282,0
4338,37,1,6,0.847,0.609,0.632,0.5,0.346,0.177,0
4339,84,1,8,1.015,0.413,0.402,0.0,-0.085,0.26,0
4340,67,1,11,0.998,0.541,0.766,0.0,0.495,0.165,0
4341,80,1,11,1.058,0.465,0.7,0.0,0.216,0.358,0
4342,37,0,9,0.853,0.588,0.702,0.5,0.353,0.218,0
4343,67,1,7,0.615,0.66,0.582,0.25,-0.118,-0.284,0
4344,80,0,10,0.946,0.363,1.057,0.0,0.702,0.267,0
4345,34,0,8,0.705,0.519,0.596,0.5,0.295,-0.042,0
4346,73,0,9,0.878,0.509,0.844,0.0,0.511,0.164,0
4347,49,1,6,0.798,0.614,1.084,0.25,0.968,0.061,0
4348,57,1,4,0.688,0.541,0.663,0.0,-0.037,-0.257,0
4349,71,1,8,0.939,0.602,0.689,1.0,0.328,0.221,1
4350,35,0,4,0.877,0.636,0.892,0.0,0.489,0.385,0
4351,67,0,9,0.764,0.521,0.924,0.0,0.188,-0.075,0
4352,77,1,6,0.87,0.578,0.598,1.0,-0.017,0.105,0
4353,37,1,4,0.717,0.674,0.579,0.0,0.095,0.038,0
4354,52,1,12,0.929,0.521,0.873,0.75,0.229,0.176,0
4355,82,1,10,1.022,0.7,0.838,1.0,0.526,0.293,1
4356,40,1,8,0.698,0.629,0.559,0.0,-0.083,-0.046,0
4357,35,1,9,1.227,0.493,0.873,0.0,0.335,0.504,0
4358,60,1,5,0.748,0.569,0.868,0.0,0.451,-0.001,0
4359,78,1,12,1.031,0.499,1.048,1.0,0.643,0.273,1
4360,55,0,7,0.776,0.643,0.813,0.75,0.143,0.077,0
4361,41,0,8,0.96,0.607,0.398,1.0,0.099,0.178,0
4362,52,1,3,0.876,0.623,0.312,0.0,-0.248,0.238,0
4363,48,0,7,0.755,0.604,0.771,0.75,0.101,0.044,0
4364,44,0,9,0.817,0.41,0.874,0.25,0.325,-0.174,0
4365,78,1,7,0.766,0.645,0.849,1.0,0.302,-0.025,1
4366,32,0,9,0.948,0.496,0.946,1.0,0.573,-0.033,0
4367,37,1,10,1.049,0.534,0.902,0.0,0.127,0.4,0
4368,36,1,9,0.889,0.449,0.849,1.0,0.705,0.228,0
4369,39,1,10,0.898,0.584,0.885,0.0,0.785,0.088,0
4370,53,1,4,0.998,0.519,0.38,0.75,-0.107,0.298,0
4371,73,0,11,1.089,0.434,0.806,0.25,0.446,0.331,0
4372,40,0,5,0.822,0.596,0.424,1.0,0.068,0.191,0
4373,46,0,11,0.798,0.384,0.87,0.0,0.484,-0.014,0
4374,71,1,9,0.795,0.571,0.522,0.0,0.206,0.019,0
4375,38,0,3,0.742,0.608,0.307,0.25,-0.226,0.047,0
4376,69,0,4,1.06,0.58,0.819,0.25,0.287,0.294,0
4377,71,0,10,1.004,0.509,0.703,0.75,0.474,0.207,0
4378,39,1,6,0.85,0.618,0.848,0.0,0.365,-0.143,0
4379,51,1,9,0.7,0.629,0.863,0.25,0.262,-0.084,0
4380,47,0,9,1.019,0.414,0.847,0.0,0.416,0.257,0
4381,34,0,12,0.788,0.427,0.848,0.0,0.357,-0.012,0
4382,53,0,11,0.903,0.539,0.85,0.5,0.15,0.137,0
4383,65,0,5,0.791,0.633,0.737,0.5,0.165,0.045,0
4384,67,1,6,1.065,0.7,0.682,0.25,0.428,0.375,0
4385,70,1,4,0.568,0.517,0.733,0.0,0.359,-0.218,0
4386,51,1,5,0.889,0.617,0.79,0.5,0.335,0.327,0
4387,33,0,4,0.607,0.607,0.698,0.0,0.329,-0.104,0
4388,43,0,6,0.848,0.691,0.535,0.0,0.108,-0.071,0
4389,72,1,8,0.957,0.678,0.7,0.0,0.096,0.275,0
4390,68,1,5,0.881,0.7,0.657,0.0,0.197,0.141,0
4391,71,0,4,0.858,0.679,0.255,0.0,0.019,0.164,0
4392,45,1,9,0.924,0.59,0.889,0.25,0.498,0.388,0
4393,58,0,11,0.807,0.722,0.911,0.75,0.311,0.102,0
4394,77,0,5,0.675,0.538,0.532,0.25,0.03,0.004,0
4395,68,1,9,1.122,0.493,0.72,0.0,-0.111,0.588,0
4396,55,0,6,0.784,0.655,0.7,0.25,0.463,0.154,0
4397,43,0,7,1.007,0.7,0.845,0.0,0.338,0.359,0
4398,54,0,7,0.71,0.593,0.888,0.0,0.135,0.233,0
4399,69,1,7,0.703,0.488,0.512,0.0,0.145,0.188,0
4400,60,0,4,0.81,0.609,0.47,0.0,0.142,-0.014,0
4401,44,0,4,0.656,0.575,0.776,0.0,0.274,-0.159,0
4402,62,0,12,0.929,0.676,0.741,0.0,0.339,0.151,0
4403,50,1,3,0.758,0.609,0.574,0.0,0.057,-0.015,0
4404,84,0,7,0.901,0.64,0.366,0.0,0.143,0.228,0
4405,30,1,12,0.972,0.617,0.724,0.0,0.318,0.152,0
4406,34,1,9,0.968,0.495,0.97,1.0,0.644,0.221,0
4407,30,0,12,0.905,0.535,0.946,0.5,0.452,-0.183,0
4408,67,0,11,0.691,0.551,0.755,0.0,0.157,-0.026,0
4409,71,0,9,0.864,0.527,0.716,0.0,0.231,0.218,0
4410,62,1,11,0.958,0.525,0.721,0.0,-0.023,0.484,0
4411,34,1,11,0.836,0.441,0.7,0.0,-0.02,0.11,0
4412,48,1,12,0.995,0.496,0.773,0.0,0.036,0.342,0
4413,59,1,11,0.601,0.509,0.802,0.75,0.112,-0.057,1
4414,67,0,6,0.781,0.567,0.972,0.25,0.674,0.088,0
4415,33,1,11,1.027,0.575,0.542,0.0,0.194,0.215,0
4416,80,1,12,1.019,0.602,0.665,0.25,0.016,0.511,0
4417,82,1,9,1.169,0.511,0.884,0.0,0.356,0.163,0
4418,63,0,5,0.76,0.6,0.626,0.25,-0.143,-0.04,0
4419,76,0,8,0.853,0.639,0.626,0.0,0.102,0.141,0
4420,77,1,4,0.776,0.569,0.542,0.25,-0.348,0.022,0
4421,42,0,12,0.824,0.638,1.052,0.25,0.701,0.081,0
4422,46,1,4,0.72,0.552,0.529,0.0,0.009,-0.146,0
4423,73,1,12,0.969,0.532,0.904,0.0,0.376,0.064,0
4424,41,0,8,0.784,0.515,1.056,0.0,0.445,-0.068,0
4425,59,0,9,0.852,0.539,0.969,0.0,0.388,0.075,0
4426,31,0,7,0.784,0.593,0.7,0.0,-0.092,-0.069,0
4427,79,0,6,0.941,0.643,0.768,1.0,0.177,0.024,0
4428,72,0,7,0.768,0.582,0.755,0.25,0.266,-0.005,0
4429,59,1,6,0.911,0.595,0.737,0.0,0.037,0.235,0
4430,69,0,10,1.179,0.55,0.743,0.75,0.354,0.368,0
4431,58,0,12,1.179,0.646,1.227,0.5,0.52,0.464,0
4432,48,0,8,1.058,0.605,0.941,0.25,0.78,0.477,0
4433,61,0,12,0.918,0.55,0.847,0.0,0.395,0.124,0
4434,75,0,11,0.851,0.55,1.106,0.5,1.208,0.001,0
4435,76,0,5,0.897,0.66,0.457,0.0,0.132,0.187,0
4436,53,0,4,0.983,0.557,0.787,0.0,-0.066,0.142,0
4437,68,1,10,0.739,0.582,0.866,1.0,0.89,0.037,0
4438,45,0,3,0.874,0.606,0.656,0.0,0.178,0.161,0
4439,55,1,5,0.76,0.665,0.448,0.25,0.098,0.207,0
4440,80,1,12,1.007,0.485,1.023,0.0,0.356,0.199,0
4441,33,0,12,0.801,0.543,1.036,0.25,0.312,-0.131,0
4442,61,1,11,1.11,0.605,0.738,0.75,0.19,0.296,0
4443,69,0,6,0.7,0.587,0.506,0.0,-0.141,-0.354,0
4444,47,1,10,0.966,0.555,0.866,1.0,0.31,0.244,1
4445,56,0,5,0.836,0.619,0.764,0.0,0.476,0.163,0
4446,38,0,7,0.589,0.587,0.892,0.0,0.343,-0.111,0
4447,58,0,3,0.938,0.568,0.401,0.5,0.105,-0.035,0
4448,48,1,10,0.756,0.594,0.75,0.5,0.475,0.038,0
4449,69,0,7,0.752,0.767,0.493,0.5,0.057,0.174,0
4450,32,0,6,0.997,0.571,0.448,0.0,-0.153,0.161,0
4451,60,1,6,0.689,0.496,0.544,0.0,0.063,-0.089,0
4452,50,0,7,0.948,0.652,0.684,0.75,0.41,0.244,0
4453,38,0,7,0.843,0.53,0.794,0.75,0.121,0.217,0
4454,66,0,11,0.917,0.658,1.012,0.0,0.358,0.542,0
4455,54,1,3,0.698,0.725,0.779,0.0,0.389,0.048,0
4456,44,0,10,1.047,0.626,0.933,0.0,0.368,0.364,0
4457,74,1,10,1.005,0.438,0.56,0.0,0.34,0.344,0
4458,63,1,9,0.943,0.626,0.809,0.0,0.559,0.365,0
4459,63,1,3,0.803,0.653,0.486,0.75,0.231,-0.02,0
4460,61,1,12,0.916,0.469,1.053,0.0,0.483,0.309,0
4461,43,0,10,0.976,0.631,0.69,1.0,0.187,0.084,0
4462,42,0,6,0.92,0.497,0.741,0.25,0.213,0.108,0
4463,59,0,6,0.821,0.678,0.628,0.0,-0.028,-0.001,0
4464,47,0,11,1.003,0.566,0.753,0.0,-0.006,0.168,0
4465,58,0,10,0.9,0.64,0.291,0.5,-0.224,0.389,0
4466,79,0,7,0.988,0.691,1.045,0.5,0.363,0.222,0
4467,33,0,12,1.048,0.7,0.879,0.25,0.746,0.319,0
4468,82,1,10,1.179,0.673,0.777,0.5,0.082,0.783,0
4469,49,0,10,0.997,0.51,0.36,0.75,-0.276,0.245,0
4470,50,0,12,0.834,0.502,1.116,0.5,0.346,-0.166,0
4471,32,1,11,0.741,0.536,0.721,0.5,0.376,-0.087,0
4472,65,1,7,0.984,0.603,0.7,1.0,0.0,0.357,0
4473,35,1,7,1.017,0.505,0.478,0.0,0.055,0.181,0
4474,43,1,7,1.033,0.6,0.411,0.5,-0.15,0.188,0
4475,76,1,6,0.7,0.311,0.588,0.0,0.078,-0.259,1
4476,43,0,6,0.821,0.66,0.519,1.0,0.127,0.086,0
4477,53,0,10,0.941,0.63,0.736,0.0,0.036,0.202,0
4478,62,0,8,0.764,0.624,0.748,0.25,0.597,-0.133,0
4479,49,0,7,0.877,0.594,0.464,0.25,0.105,0.119,0
4480,38,0,12,1.092,0.603,0.926,0.0,0.294,0.301,0
4481,41,1,4,0.783,0.676,0.988,0.5,0.646,0.042,0
4482,83,0,8,0.849,0.561,0.655,0.0,0.157,0.045,0
4483,82,0,7,0.503,0.443,0.505,0.5,0.207,-0.48,0
4484,56,1,4,0.751,0.449,0.701,0.0,0.094,-0.164,0
4485,66,1,5,0.987,0.499,0.828,0.5,0.506,0.204,0
4486,35,0,6,0.779,0.658,0.752,0.0,0.367,-0.083,0
4487,38,0,11,0.855,0.495,0.612,0.0,0.285,-0.258,0
4488,34,1,6,1.033,0.703,0.751,0.0,0.215,0.316,0
4489,64,0,4,0.659,0.447,0.67,0.5,0.326,0.097,0
4490,32,1,7,0.7,0.521,0.912,0.0,0.495,-0.181,0
4491,39,0,11,0.947,0.502,0.669,1.0,0.102,0.046,0
4492,67,1,9,1.056,0.716,0.907,0.0,0.512,0.454,0
4493,74,1,3,0.786,0.685,0.761,0.0,0.473,0.086,0
4494,55,0,6,0.808,0.584,0.489,0.0,-0.027,0.031,0
4495,83,1,9,1.008,0.6,0.756,1.0,0.02,-0.127,1
4496,34,1,4,0.802,0.692,0.814,0.5,0.501,0.131,0
4497,84,1,7,0.83,0.436,0.779,0.5,0.523,-0.067,1
4498,54,1,8,0.759,0.535,0.985,0.0,0.726,0.044,0
4499,58,0,11,0.863,0.641,0.694,0.0,0.479,0.182,0
4500,56,1,5,0.888,0.637,0.779,0.0,0.003,0.186,0
4501,42,1,7,0.704,0.629,0.577,0.0,0.162,-0.241,0
4502,80,1,10,1.044,0.541,0.738,0.5,0.002,0.323,0
4503,56,1,6,0.648,0.545,0.689,0.0,0.157,0.022,0
4504,33,0,4,0.816,0.588,0.616,0.75,0.42,-0.001,0
4505,62,1,3,0.843,0.541,0.67,0.0,0.57,0.081,0
4506,74,0,12,1.008,0.599,1.066,0.0,0.327,0.498,0
4507,50,1,12,1.071,0.429,0.815,0.0,0.316,0.427,0
4508,69,1,6,0.985,0.571,0.465,0.0,0.166,0.247,0
4509,58,1,5,0.7,0.607,0.602,0.0,0.19,0.049,0
4510,63,1,10,0.7,0.502,0.925,0.5,0.312,-0.14,0
4511,82,1,4,0.719,0.532,0.627,0.25,0.299,0.08,0
4512,80,1,5,0.868,0.596,0.557,0.0,-0.027,-0.024,0
4513,51,1,12,0.937,0.531,0.921,0.0,0.351,0.13,0
4514,79,0,3,0.94,0.644,0.444,0.0,0.051,0.264,0
4515,68,0,4,0.589,0.669,0.175,0.0,-0.254,-0.17,0
4516,41,1,7,0.553,0.5,0.718,0.0,0.416,-0.17,0
4517,42,0,6,0.71,0.505,0.89,0.25,0.643,0.017,0
4518,30,1,3,0.788,0.572,0.24,0.25,-0.102,0.082,0
4519,38,0,10,1.116,0.569,0.654,1.0,0.258,0.311,0
4520,71,0,4,0.867,0.584,0.582,0.75,0.211,0.046,0
4521,38,1,6,0.723,0.53,0.519,0.0,0.234,0.017,0
4522,32,1,6,0.879,0.53,0.654,0.0,0.399,0.03,0
4523,77,0,7,0.793,0.64,0.609,0.0,-0.091,0.068,0
4524,58,0,8,0.903,0.592,0.727,0.0,0.3,0.326,0
4525,30,1,7,0.89,0.692,0.832,0.0,0.511,0.112,0
4526,71,0,10,0.862,0.631,0.69,0.0,0.103,0.268,0
4527,35,0,6,0.825,0.587,0.669,0.25,0.222,-0.036,0
4528,38,1,5,0.72,0.587,0.556,0.0,0.054,-0.032,0
4529,79,1,8,1.008,0.594,0.749,0.25,0.298,0.403,0
4530,78,0,10,1.095,0.668,1.177,1.0,0.703,0.403,0
4531,37,0,6,0.908,0.482,0.791,0.5,0.414,0.222,0
4532,75,0,3,0.84,0.674,0.666,0.5,0.415,0.018,0
4533,75,0,9,0.914,0.538,1.004,0.0,1.03,0.247,0
4534,47,1,11,0.904,0.608,0.847,0.0,0.238,0.225,0
4535,59,0,7,1.095,0.765,0.807,0.0,0.47,0.185,0
4536,41,1,10,0.989,0.552,0.949,0.25,0.233,0.1,0
4537,72,0,8,0.766,0.62,0.816,1.0,0.447,0.036,0
4538,56,1,5,0.898,0.572,0.668,0.0,0.363,0.166,0
4539,53,0,12,0.7,0.458,1.15,0.5,0.478,0.031,0
4540,50,0,9,1.076,0.597,0.659,0.0,0.055,0.356,0
4541,63,0,12,1.004,0.661,1.378,0.5,0.969,0.274,0
4542,45,0,8,0.769,0.612,0.793,0.25,0.321,0.128,0
4543,55,0,12,0.958,0.627,1.156,0.0,0.729,0.24,0
4544,39,0,8,0.831,0.689,0.948,0.75,0.409,0.192,0
4545,34,1,12,1.013,0.545,0.693,0.25,0.125,0.405,0
4546,56,1,11,1.087,0.457,0.713,0.0,0.161,0.661,0
4547,54,0,5,0.897,0.51,0.522,0.5,0.346,0.042,0
4548,71,0,9,0.941,0.421,0.87,0.0,0.29,0.305,0
4549,81,1,3,0.831,0.765,0.483,0.25,-0.08,0.104,0
4550,53,0,7,0.837,0.574,0.841,0.25,0.399,-0.061,0
4551,78,1,10,0.946,0.555,0.896,0.0,0.5,-0.059,0
4552,82,0,10,0.917,0.585,0.634,0.0,0.251,0.324,1
4553,30,0,11,0.995,0.458,0.998,0.0,0.643,0.499,0
4554,82,0,3,0.807,0.523,0.68,0.25,0.168,0.024,0
4555,83,1,8,0.922,0.587,0.686,1.0,0.324,-0.017,1
4556,54,0,3,0.688,0.603,0.442,0.0,-0.026,0.008,0
4557,48,1,6,0.895,0.616,0.864,0.0,0.332,0.014,0
4558,48,1,6,0.969,0.633,0.303,0.25,-0.372,0.396,0
4559,38,1,6,0.821,0.658,0.616,0.5,0.114,0.18,0
4560,42,1,7,0.865,0.7,0.568,0.5,0.071,0.069,0
4561,83,0,5,0.915,0.565,0.597,0.0,0.11,0.208,0
4562,63,0,10,1.182,0.64,0.834,1.0,0.744,0.32,0
4563,54,1,7,1.058,0.7,0.668,0.75,0.235,0.361,0
4564,63,1,10,0.925,0.452,0.905,0.5,0.651,0.225,0
4565,66,0,12,0.849,0.434,0.911,0.0,0.584,0.203,0
4566,84,1,5,0.756,0.578,0.832,0.5,0.518,0.072,0
4567,53,0,4,0.732,0.588,0.619,0.25,-0.2,-0.044,0
4568,75,0,11,1.121,0.554,0.875,1.0,0.539,0.403,0
4569,70,0,11,1.054,0.465,1.129,0.0,0.898,0.324,0
4570,71,1,11,0.921,0.669,0.7,0.0,0.097,0.13,0
4571,40,0,3,0.569,0.676,0.226,1.0,-0.481,-0.514,0
4572,48,0,9,0.758,0.764,0.906,0.0,0.519,-0.142,0
4573,31,1,5,0.84,0.438,0.896,1.0,0.554,-0.005,0
4574,48,1,3,0.614,0.699,0.457,0.0,-0.089,-0.16,0
4575,50,0,4,0.959,0.524,0.674,0.5,0.193,0.219,0
4576,57,0,11,0.869,0.57,0.761,0.0,0.27,0.323,0
4577,48,0,5,0.962,0.549,0.565,0.0,0.495,0.373,0
4578,57,0,10,0.985,0.579,0.979,0.0,0.433,0.057,0
4579,84,0,3,0.997,0.599,0.33,0.0,-0.024,0.026,0
4580,34,1,5,0.972,0.593,0.74,0.0,0.512,0.381,0
4581,56,0,4,0.813,0.755,0.334,1.0,-0.343,0.191,0
4582,62,1,4,0.74,0.516,0.717,0.0,0.34,-0.13,0
4583,57,1,5,0.802,0.559,0.718,0.0,0.341,0.04,0
4584,84,1,12,0.742,0.533,1.225,0.0,1.044,0.01,0
4585,69,1,10,0.765,0.565,1.116,0.5,0.627,0.119,0
4586,51,1,6,0.889,0.486,0.588,0.0,0.258,0.38,0
4587,32,0,11,0.895,0.641,0.619,0.0,0.067,0.342,0
4588,72,0,6,0.797,0.7,0.817,0.0,0.296,0.149,0
4589,64,1,3,0.879,0.649,0.317,0.75,-0.278,0.294,0
4590,47,0,4,0.866,0.701,0.413,0.25,0.057,-0.121,0
4591,78,0,7,0.7,0.595,0.617,0.75,0.115,0.055,0
4592,65,0,3,0.762,0.781,0.811,0.25,0.444,0.047,0
4593,67,1,9,0.81,0.531,0.922,0.0,0.48,0.258,0
4594,83,1,6,0.87,0.624,0.594,0.25,0.094,0.438,1
4595,68,0,5,0.7,0.507,0.873,0.0,0.318,0.035,0
4596,57,0,6,0.938,0.517,0.444,1.0,-0.005,0.247,0
4597,77,1,10,1.177,0.523,0.919,0.5,0.517,0.502,0
4598,74,0,11,0.816,0.51,0.598,0.25,0.068,0.068,0
4599,68,1,6,0.814,0.568,0.529,0.0,-0.08,0.157,0
4600,70,0,8,0.982,0.722,0.7,0.0,0.225,0.394,0
4601,81,0,10,0.787,0.469,0.7,0.5,0.315,-0.032,0
4602,51,1,8,0.793,0.614,0.792,0.75,0.615,0.216,0
4603,37,1,3,0.7,0.608,0.563,1.0,0.433,-0.067,0
4604,32,0,4,0.644,0.517,0.745,0.0,0.548,-0.219,0
4605,74,1,4,1.018,0.603,0.484,0.75,0.189,0.084,0
4606,62,0,7,1.093,0.452,0.899,0.25,0.245,0.125,0
4607,35,0,12,0.955,0.481,0.911,0.0,0.801,0.235,0
4608,66,0,6,0.726,0.7,0.735,0.0,0.188,0.05,0
4609,47,1,9,0.854,0.544,0.684,0.5,0.066,0.094,0
4610,60,1,10,0.863,0.622,0.756,1.0,0.518,0.014,0
4611,41,1,8,0.988,0.746,0.743,0.0,0.387,0.328,0
4612,79,0,3,0.969,0.641,0.498,0.5,-0.053,0.374,0
4613,65,1,12,0.981,0.504,1.047,0.0,0.627,0.104,0
4614,52,1,8,0.973,0.515,0.764,0.25,0.474,-0.119,0
4615,80,1,9,0.782,0.526,0.94,0.0,0.13,0.005,1
4616,38,1,5,0.817,0.659,0.7,0.5,0.476,-0.059,0
4617,43,1,9,0.852,0.532,0.999,0.0,0.77,0.152,0
4618,40,1,12,1.039,0.632,0.855,1.0,0.288,0.161,0
4619,83,1,8,0.9,0.639,0.403,0.0,-0.308,0.326,0
4620,80,1,10,1.033,0.767,0.516,0.0,-0.138,0.283,0
4621,46,0,12,0.703,0.618,1.056,0.0,0.574,-0.02,0
4622,50,1,12,1.023,0.564,0.719,0.25,0.137,0.338,0
4623,33,0,12,0.963,0.56,0.845,0.0,0.311,0.267,0
4624,34,1,4,0.842,0.715,0.679,0.0,0.572,0.142,0
4625,31,0,3,0.798,0.673,0.477,0.0,-0.053,0.305,0
4626,49,0,4,0.772,0.539,0.801,0.0,0.599,0.096,0
4627,48,1,3,0.745,0.639,0.467,0.0,-0.241,-0.06,0
4628,51,0,3,0.825,0.637,0.402,0.75,-0.199,0.207,0
4629,68,1,9,1.134,0.538,0.82,0.25,0.314,0.341,0
4630,84,0,10,0.744,0.563,0.834,0.0,0.453,0.109,0
4631,79,1,8,0.642,0.7,0.763,0.0,0.652,-0.019,0
4632,60,1,6,0.835,0.545,0.587,1.0,0.141,0.089,0
4633,81,1,5,1.12,0.558,0.49,1.0,0.001,0.427,1
4634,38,0,11,0.668,0.435,0.7,0.5,0.152,-0.171,0
4635,50,0,9,0.807,0.433,0.803,0.5,0.525,-0.093,0
4636,72,1,11,0.88,0.638,0.865,0.0,0.417,0.186,0
4637,78,1,10,0.976,0.535,1.022,0.0,0.481,0.079,0
4638,46,0,9,0.907,0.591,0.715,1.0,0.302,0.116,0
4639,72,1,11,0.895,0.536,0.55,1.0,0.057,0.156,0
4640,34,1,8,0.917,0.567,0.917,0.25,0.251,0.334,0
4641,58,0,9,1.005,0.492,0.833,0.0,0.133,0.512,0
4642,41,1,3,0.909,0.601,0.566,0.0,0.126,-0.063,0
4643,70,1,12,1.064,0.532,0.75,0.0,0.59,0.327,0
4644,80,0,4,0.755,0.625,0.522,0.75,-0.046,0.153,0
4645,76,1,4,0.837,0.668,0.648,1.0,-0.013,0.049,0
4646,51,1,8,0.919,0.512,0.826,0.0,0.3,0.135,0
4647,60,1,9,0.964,0.53,0.808,0.25,0.307,0.083,0
4648,36,1,11,0.983,0.648,0.909,1.0,0.235,0.384,0
4649,49,0,6,0.829,0.463,0.687,0.25,0.586,0.001,0
4650,69,1,10,0.871,0.346,0.673,0.0,0.163,0.079,0
4651,77,1,8,0.73,0.536,0.794,0.0,0.203,-0.142,0
4652,42,0,12,1.192,0.568,0.881,0.5,0.396,0.348,0
4653,68,1,7,1.014,0.568,0.609,0.5,-0.163,0.288,1
4654,39,0,6,0.755,0.589,0.662,0.5,0.034,0.108,0
4655,39,1,10,0.829,0.579,1.196,1.0,0.727,-0.037,0
4656,46,0,4,0.879,0.627,0.371,0.0,0.268,0.149,0
4657,31,1,10,0.694,0.559,0.815,0.5,0.212,0.008,0
4658,30,1,10,0.915,0.704,0.852,0.25,0.443,0.107,0
4659,32,0,11,0.772,0.452,0.7,0.25,0.229,0.089,0
4660,47,0,7,0.954,0.685,0.886,0.25,0.44,0.342,0
4661,67,1,5,0.949,0.618,0.495,0.0,0.07,0.01,0
4662,68,1,3,0.621,0.582,0.739,0.75,0.351,-0.199,0
4663,42,1,12,0.949,0.561,1.167,0.5,0.681,0.068,0
4664,34,1,10,0.805,0.555,0.573,0.25,0.078,0.252,0
4665,57,0,12,1.038,0.528,1.081,0.0,0.545,0.432,0
4666,43,1,8,0.546,0.638,1.036,0.0,0.52,-0.115,0
4667,32,1,5,0.726,0.553,0.384,0.75,-0.095,-0.053,0
4668,41,1,8,0.883,0.517,0.82,0.0,0.302,0.171,0
4669,53,1,6,0.842,0.622,0.986,0.25,0.286,0.086,0
4670,78,1,7,0.987,0.587,0.766,0.0,0.138,0.207,0
4671,76,1,5,0.68,0.546,0.46,0.0,-0.194,0.098,0
4672,30,0,6,0.824,0.5,0.258,0.0,-0.202,0.076,0
4673,41,0,6,1.024,0.692,0.818,0.5,0.405,0.279,0
4674,70,0,3,0.85,0.681,0.7,0.0,0.032,0.265,0
4675,43,0,10,1.002,0.504,1.003,0.0,0.347,0.473,0
4676,38,1,4,1.004,0.568,0.636,0.0,0.163,0.232,0
4677,69,0,5,0.879,0.633,0.678,0.0,0.214,-0.025,0
4678,72,0,5,0.942,0.563,0.522,0.0,0.094,0.202,0
4679,64,0,10,0.879,0.557,0.425,0.5,-0.139,0.021,1
4680,47,0,3,0.552,0.431,0.783,0.75,0.366,-0.051,0
4681,56,1,3,0.749,0.628,0.614,0.0,-0.086,-0.039,0
4682,80,0,12,1.151,0.604,0.968,0.0,0.498,0.249,0
4683,41,1,9,0.873,0.568,0.918,0.0,0.432,0.315,0
4684,30,1,9,0.887,0.539,0.665,0.0,0.019,-0.1,0
4685,65,1,7,0.947,0.671,1.046,0.25,0.766,0.252,0
4686,64,0,11,0.925,0.687,1.096,0.0,0.787,-0.161,0
4687,35,0,5,0.644,0.518,0.502,0.25,-0.198,-0.16,0
4688,41,0,8,1.08,0.582,0.628,0.0,0.12,0.352,0
4689,33,1,9,0.842,0.631,1.035,0.75,0.627,0.134,0
4690,36,0,7,0.929,0.65,0.849,0.75,0.149,0.296,0
4691,72,1,9,0.928,0.622,0.744,0.25,0.356,-0.16,0
4692,81,1,4,0.927,0.503,0.491,0.0,-0.129,0.163,0
4693,81,0,5,0.906,0.497,0.822,0.0,0.664,-0.076,0
4694,69,1,7,0.698,0.573,0.74,0.75,0.196,-0.104,0
4695,61,0,4,0.715,0.563,0.736,0.75,0.326,0.022,0
4696,55,1,8,1.124,0.599,0.723,0.5,0.31,0.272,0
4697,62,0,5,0.893,0.536,0.624,0.5,0.052,0.106,0
4698,38,0,4,0.809,0.581,0.64,0.0,0.346,-0.125,0
4699,60,1,9,0.972,0.698,0.635,0.0,0.475,0.191,0
4700,82,0,12,0.748,0.48,0.754,0.0,0.052,-0.026,0
4701,67,1,5,0.844,0.724,0.548,0.0,-0.114,-0.11,0
4702,30,1,9,0.746,0.66,0.984,1.0,0.532,0.287,0
4703,82,1,11,0.944,0.606,0.994,0.75,0.475,0.271,1
4704,58,0,11,0.956,0.613,0.781,0.0,0.515,0.262,0
4705,81,1,3,0.708,0.536,0.517,0.25,0.055,-0.061,1
4706,46,1,6,0.859,0.614,0.735,0.0,0.243,0.069,0
4707,72,1,10,0.63,0.637,0.56,0.0,0.238,-0.094,1
4708,53,1,11,1.039,0.541,1.086,0.5,0.677,0.311,0
4709,43,0,6,0.543,0.477,0.789,0.75,0.43,-0.337,0
4710,70,1,12,1.079,0.568,0.798,0.0,0.12,0.285,0
4711,61,0,5,0.729,0.617,0.385,0.0,-0.059,0.168,0
4712,37,1,8,0.659,0.63,0.661,0.5,0.466,0.029,0
4713,54,0,4,0.74,0.634,0.431,0.0,0.241,-0.154,0
4714,39,0,8,0.908,0.53,0.615,0.5,0.531,0.078,0
4715,51,0,11,0.907,0.579,0.684,1.0,0.282,0.158,0
4716,63,1,9,0.912,0.563,0.7,0.5,0.15,0.088,0
4717,62,0,10,1.14,0.642,0.828,1.0,0.243,0.422,0
4718,74,0,9,0.969,0.535,0.745,0.25,0.243,0.315,0
4719,76,0,9,0.825,0.585,0.756,0.0,0.449,0.009,0
4720,77,1,8,0.79,0.63,0.87,0.75,0.432,0.201,0
4721,56,1,8,0.939,0.627,0.666,0.5,0.263,0.328,0
4722,48,1,7,0.933,0.574,0.496,0.0,-0.246,0.458,0
4723,51,1,12,0.933,0.463,0.809,0.0,0.408,0.24,0
4724,70,1,6,0.841,0.645,0.771,0.0,0.051,0.11,0
4725,46,0,7,1.109,0.526,0.64,0.0,0.39,0.432,0
4726,49,1,9,0.682,0.44,0.834,0.0,0.235,-0.188,0
4727,38,1,8,0.838,0.594,0.954,0.5,0.197,0.099,0
4728,45,0,3,0.78,0.56,0.596,0.0,0.11,0.039,0
4729,58,1,8,0.811,0.587,0.596,1.0,0.074,0.044,0
4730,47,0,4,0.754,0.616,0.751,0.0,0.38,-0.08,0
4731,41,0,4,0.844,0.668,0.756,0.0,0.466,0.21,0
4732,62,1,9,0.7,0.582,0.797,0.0,0.104,0.106,0
4733,36,0,5,0.958,0.444,0.529,0.25,0.153,0.424,0
4734,81,1,4,0.617,0.618,0.462,0.0,0.207,-0.186,0
4735,81,1,9,0.799,0.625,0.995,0.25,0.355,-0.099,0
4736,46,1,8,1.017,0.518,0.779,0.0,0.35,0.5,0
4737,75,1,3,0.799,0.695,0.939,0.0,0.034,-0.077,0
4738,36,0,6,0.902,0.7,0.736,0.0,0.258,0.029,0
4739,50,1,4,0.83,0.414,0.579,0.0,0.206,0.018,0
4740,77,1,10,0.903,0.587,0.631,1.0,-0.009,0.183,1
4741,58,0,7,0.662,0.64,0.539,0.5,-0.216,-0.061,0
4742,36,0,3,0.669,0.541,0.652,0.0,0.017,-0.058,0
4743,78,1,7,0.797,0.525,0.638,0.0,0.053,0.01,0
4744,32,0,9,0.849,0.584,0.734,0.75,-0.025,0.241,0
4745,38,1,11,1.045,0.623,0.822,0.75,0.317,0.279,0
4746,75,1,6,0.875,0.697,0.522,0.0,0.146,0.107,0
4747,51,1,3,0.761,0.668,0.436,0.75,0.155,-0.031,0
4748,30,1,9,0.888,0.474,1.005,0.5,0.742,-0.083,0
4749,74,0,5,0.609,0.571,0.367,0.75,-0.333,-0.144,0
4750,68,0,11,1.108,0.369,1.072,0.25,0.68,0.615,1
4751,69,0,4,0.71,0.712,0.458,0.75,-0.118,0.048,0
4752,31,1,8,0.958,0.514,0.727,0.0,0.188,0.197,0
4753,49,0,6,0.987,0.683,0.591,0.5,0.068,0.238,0
4754,59,1,6,0.756,0.7,0.668,0.75,0.062,-0.041,0
4755,64,1,5,0.779,0.53,0.517,0.5,-0.016,-0.082,0
4756,47,1,11,0.972,0.64,0.738,0.5,0.369,0.16,0
4757,65,0,5,0.868,0.607,0.566,0.25,0.362,0.149,0
4758,49,1,8,0.814,0.542,0.669,0.0,-0.034,0.192,0
4759,63,0,11,0.886,0.554,0.857,0.5,0.62,0.186,0
4760,68,1,5,0.79,0.57,0.875,0.25,0.351,0.215,0
4761,38,0,8,0.91,0.556,0.82,0.0,0.392,-0.019,0
4762,36,0,3,0.9,0.627,0.398,1.0,0.062,0.226,0
4763,39,1,8,1.055,0.619,0.978,0.5,0.261,0.319,0
4764,54,0,10,0.955,0.49,0.667,0.0,0.17,0.288,0
4765,33,1,8,0.907,0.645,0.522,0.25,0.202,0.238,0
4766,61,0,4,0.72,0.649,0.624,0.75,0.268,-0.052,0
4767,49,1,11,0.869,0.564,0.658,0.75,0.585,0.381,0
4768,67,1,12,0.956,0.466,0.744,1.0,0.303,0.235,1
4769,40,1,6,0.926,0.49,0.734,0.0,0.027,0.312,0
4770,79,0,8,1.2,0.463,0.692,0.0,0.594,0.258,0
4771,49,1,12,0.89,0.576,0.747,0.0,0.161,0.231,0
4772,51,0,3,0.782,0.635,0.684,0.0,0.252,0.082,0
4773,54,1,9,1.148,0.503,0.664,0.5,0.17,0.604,0
4774,39,1,9,0.7,0.573,0.762,0.75,0.275,-0.086,0
4775,75,1,4,0.732,0.647,0.781,0.0,0.558,0.013,0
4776,64,0,10,0.7,0.498,0.78,0.0,0.022,-0.158,0
4777,40,1,9,0.699,0.563,0.891,0.75,0.407,-0.098,0
4778,50,1,7,0.896,0.672,0.609,0.75,0.356,0.243,0
4779,44,1,4,0.867,0.495,0.462,0.0,0.222,-0.052,0
4780,48,0,3,0.868,0.609,0.435,0.25,-0.395,0.2,0
4781,32,1,9,1.105,0.51,0.61,0.0,0.05,0.372,0
4782,80,0,6,0.896,0.69,0.603,0.0,0.106,0.15,0
4783,67,0,4,0.825,0.612,0.46,0.0,0.002,0.147,0
4784,54,1,3,0.885,0.56,0.365,0.0,0.114,0.203,0
4785,63,0,12,1.031,0.574,0.773,0.0,0.062,0.352,0
4786,32,0,10,0.7,0.413,1.025,1.0,0.61,-0.149,0
4787,35,1,9,0.88,0.496,0.764,0.0,0.544,0.101,0
4788,64,1,9,0.984,0.481,0.871,0.0,0.527,0.188,0
4789,81,1,7,0.88,0.531,0.821,0.75,0.042,0.13,0
4790,47,1,8,0.828,0.492,0.988,0.75,0.266,0.05,0
4791,38,0,5,0.854,0.643,0.795,0.0,0.225,0.192,0
4792,51,0,8,0.846,0.471,1.085,0.25,0.701,0.038,0
4793,72,1,12,0.972,0.57,0.754,0.5,0.346,0.468,0
4794,73,0,6,0.733,0.761,0.774,0.5,0.447,0.019,0
4795,42,0,3,0.686,0.7,0.436,0.25,-0.149,0.011,0
4796,64,1,6,0.93,0.67,0.896,0.0,0.253,0.301,0
4797,74,1,8,0.947,0.487,0.7,0.0,0.371,0.334,0
4798,65,0,4,0.907,0.552,0.552,0.0,0.137,0.06,0
4799,44,1,6,0.804,0.533,0.557,0.25,-0.06,0.071,0
4800,67,0,4,0.706,0.7,0.311,0.0,0.057,-0.016,0
4801,63,0,4,0.712,0.594,0.688,0.5,0.318,0.013,0
4802,56,0,4,0.684,0.504,0.607,0.25,0.117,-0.058,0
4803,74,0,9,1.045,0.561,0.951,0.5,0.423,0.09,0
4804,56,0,3,0.873,0.712,0.482,0.5,0.101,0.257,0
4805,48,0,4,0.76,0.729,0.767,0.0,0.191,-0.017,0
4806,46,1,5,0.759,0.567,0.858,0.0,0.408,0.211,0
4807,50,0,11,0.865,0.507,1.007,0.5,0.443,0.076,0
4808,63,0,12,1.017,0.474,1.018,0.0,0.415,0.377,0
4809,48,0,12,1.005,0.752,0.663,0.0,0.308,0.162,0
4810,41,0,6,0.872,0.708,0.466,0.25,0.058,-0.063,0
4811,76,0,11,1.002,0.513,1.04,0.0,0.724,0.12,0
4812,68,0,12,0.764,0.5,0.582,0.75,-0.032,-0.092,1
4813,73,0,12,0.877,0.607,0.967,0.0,0.614,0.072,0
4814,61,0,4,0.486,0.594,0.512,0.25,0.125,-0.167,0
4815,32,0,7,0.739,0.487,1.139,0.0,0.366,-0.065,0
4816,83,1,3,0.761,0.511,0.528,0.25,0.086,0.147,1
4817,36,0,10,0.803,0.597,0.748,0.0,0.175,0.071,0
4818,79,1,6,0.607,0.591,0.736,1.0,0.084,0.024,1
4819,38,1,6,0.88,0.624,0.569,0.0,-0.176,-0.002,0
4820,80,1,8,0.907,0.589,0.911,1.0,0.328,0.33,1
4821,82,0,9,1.066,0.599,0.773,0.0,0.261,0.252,0
4822,55,0,6,0.872,0.583,0.608,0.0,0.065,0.108,0
4823,53,1,4,0.817,0.615,0.68,0.25,0.282,0.107,0
4824,82,1,10,0.808,0.598,1.055,0.0,0.528,-0.06,0
4825,61,0,3,0.751,0.556,0.383,0.0,-0.041,-0.032,0
4826,65,1,10,0.938,0.63,0.695,0.0,0.337,0.435,0
4827,46,0,3,1.036,0.645,0.7,0.0,-0.019,0.273,0
4828,31,1,7,0.925,0.582,0.506,0.0,0.337,0.153,0
4829,74,0,3,0.838,0.714,0.52,0.0,-0.18,0.283,0
4830,64,0,10,1.012,0.585,0.724,0.75,0.103,0.164,0
4831,32,0,4,0.829,0.605,0.631,0.0,0.404,-0.224,0
4832,67,0,7,0.671,0.466,0.506,0.5,0.069,-0.271,0
4833,80,0,3,0.91,0.64,0.7,0.25,0.481,0.142,0
4834,33,0,3,0.625,0.554,0.248,0.5,-0.185,-0.016,0
4835,46,0,4,0.969,0.539,0.508,0.0,0.146,0.213,0
4836,62,0,11,1.035,0.432,1.051,1.0,0.474,0.269,0
4837,81,1,12,0.781,0.53,0.977,0.0,0.592,0.105,0
4838,34,0,12,0.836,0.498,0.548,0.0,0.267,-0.084,0
4839,81,0,8,0.895,0.529,0.529,0.0,0.232,0.041,0
4840,45,1,4,0.79,0.579,0.694,0.0,0.145,-0.176,0
4841,62,1,3,0.745,0.602,1.188,1.0,0.509,-0.038,1
4842,61,0,3,0.754,0.753,0.49,0.25,0.006,-0.028,0
4843,75,1,11,0.945,0.531,0.85,0.25,0.203,0.244,0
4844,53,0,5,0.836,0.542,0.807,0.0,0.29,0.038,0
4845,81,1,3,0.875,0.624,0.514,0.0,0.271,0.133,0
4846,51,1,3,0.782,0.66,0.788,0.0,0.395,0.153,0
4847,81,1,10,1.193,0.539,0.909,0.0,0.695,0.4,1
4848,70,0,4,0.934,0.565,0.372,0.25,-0.274,0.201,0
4849,57,0,7,0.931,0.619,0.819,1.0,0.199,0.231,0
4850,56,0,9,0.7,0.601,0.749,0.25,0.571,0.016,0
4851,37,0,3,0.752,0.553,0.7,0.25,-0.003,-0.028,0
4852,37,0,10,1.001,0.471,1.084,0.75,0.603,0.328,0
4853,42,1,10,0.97,0.595,0.935,0.75,0.603,0.164,0
4854,52,0,12,1.154,0.703,1.099,0.5,0.993,0.362,0
4855,32,0,9,0.907,0.605,0.693,0.0,0.402,0.129,0
4856,43,0,9,0.847,0.45,0.995,0.25,0.826,0.087,0
4857,69,1,6,0.871,0.48,0.768,0.0,0.286,0.156,0
4858,49,0,5,0.826,0.544,0.616,0.0,0.127,0.047,0
4859,71,1,8,1.013,0.663,0.588,0.5,0.245,0.421,0
4860,69,0,4,0.649,0.597,0.218,0.25,-0.426,-0.076,0
4861,36,1,9,0.687,0.61,0.754,0.75,0.359,-0.169,0
4862,57,0,4,0.64,0.633,0.434,0.25,0.109,-0.152,0
4863,82,0,8,0.827,0.545,0.653,0.0,0.112,0.196,1
4864,65,1,6,0.804,0.674,0.736,1.0,0.051,0.132,0
4865,38,1,5,0.978,0.559,0.744,0.0,0.11,0.073,0
4866,81,0,3,0.704,0.701,0.543,0.25,-0.12,-0.066,0
4867,51,0,5,0.972,0.574,0.632,0.75,0.149,0.153,0
4868,62,1,3,0.694,0.622,0.231,0.5,-0.341,-0.174,0
4869,48,0,3,0.659,0.568,0.531,0.75,-0.023,-0.02,0
4870,81,1,5,1.046,0.565,0.615,0.0,0.216,0.308,0
4871,37,0,12,0.927,0.568,0.945,0.0,0.444,0.069,0
4872,49,1,6,0.949,0.543,0.615,0.75,0.153,0.03,0
4873,35,1,8,0.887,0.393,0.906,0.0,0.652,0.1,0
4874,80,0,3,0.713,0.744,0.552,0.25,0.24,-0.187,0
4875,74,1,7,0.619,0.482,0.657,0.0,-0.122,-0.126,0
4876,31,0,12,1.24,0.563,0.767,1.0,0.067,0.39,0
4877,70,1,8,0.956,0.521,0.982,0.0,0.866,0.42,0
4878,63,1,4,0.568,0.636,0.691,0.75,0.292,-0.1,0
4879,81,0,8,0.728,0.642,0.682,0.5,0.243,-0.005,0
4880,70,1,8,0.889,0.609,0.692,0.0,0.025,0.005,0
4881,56,1,3,0.763,0.823,0.625,0.5,0.226,-0.002,0
4882,56,0,9,0.901,0.585,0.917,0.0,0.297,0.292,0
4883,34,0,6,0.89,0.648,1.021,0.0,0.745,0.065,0
4884,63,1,6,1.112,0.542,0.416,0.0,-0.302,0.113,0
4885,57,1,9,0.72,0.536,0.754,0.0,0.313,-0.08,0
4886,80,0,3,0.604,0.565,0.289,0.0,0.19,-0.028,0
4887,78,0,5,0.811,0.591,0.492,0.5,0.03,0.276,0
4888,71,0,6,0.714,0.589,0.596,0.25,-0.043,-0.029,0
4889,69,1,6,0.785,0.648,0.871,0.0,0.394,0.143,0
4890,40,1,11,1.025,0.725,1.176,0.0,0.788,0.296,0
4891,32,1,6,0.806,0.567,0.835,0.5,0.885,0.155,0
4892,80,0,10,0.907,0.606,1.059,0.5,0.597,0.217,0
4893,30,1,3,0.824,0.575,0.546,1.0,0.046,-0.118,0
4894,55,0,10,0.977,0.645,0.624,0.5,0.394,0.169,1
4895,78,0,8,0.651,0.602,0.497,0.0,-0.203,-0.115,0
4896,31,1,6,0.841,0.673,0.641,0.0,0.109,-0.067,0
4897,76,0,5,0.725,0.64,0.479,0.5,0.241,-0.34,0
4898,51,1,6,0.892,0.522,0.888,0.75,0.334,0.244,0
4899,76,1,12,0.902,0.388,0.892,0.5,0.203,0.113,0
4900,55,0,8,0.801,0.61,0.854,0.0,0.329,0.259,0
4901,71,0,3,1.009,0.686,0.415,0.0,0.118,0.282,0
4902,56,0,3,0.777,0.578,0.536,0.0,0.101,0.126,0
4903,52,1,8,0.869,0.732,0.304,0.25,-0.396,0.086,0
4904,49,0,5,0.823,0.546,0.813,0.25,0.354,0.13,0
4905,81,1,10,0.909,0.625,0.758,0.0,0.249,0.173,0
4906,42,0,11,0.937,0.461,1.044,0.0,0.873,0.18,0
4907,47,0,3,0.798,0.408,0.658,1.0,0.408,0.126,0
4908,36,1,6,0.832,0.459,0.635,0.75,0.092,-0.22,0
4909,68,0,11,1.031,0.44,0.98,0.5,0.564,0.101,0
4910,36,0,8,0.715,0.536,0.919,0.25,0.373,-0.004,0
4911,35,0,12,1.033,0.522,0.655,0.5,0.165,0.261,0
4912,80,1,4,0.612,0.605,0.636,0.0,0.074,-0.338,0
4913,52,0,11,0.973,0.613,0.792,0.0,-0.273,0.371,0
4914,32,1,11,0.863,0.517,0.818,0.25,0.078,-0.022,0
4915,73,1,12,0.947,0.454,1.353,0.0,1.007,0.071,0
4916,73,1,12,1.227,0.587,0.851,0.25,0.334,0.342,0
4917,30,0,7,0.767,0.506,0.703,0.0,-0.04,0.055,0
4918,50,1,10,1.029,0.56,1.019,0.0,0.242,0.222,1
4919,43,0,9,0.956,0.581,0.694,0.5,-0.11,0.191,0
4920,52,0,8,0.943,0.495,0.689,1.0,0.241,0.166,0
4921,68,0,11,0.73,0.492,1.073,0.0,0.521,0.05,0
4922,46,0,9,0.843,0.559,0.791,0.25,0.368,0.036,0
4923,51,1,7,1.065,0.495,0.856,0.0,0.314,0.16,0
4924,34,1,12,1.028,0.547,0.884,0.75,0.49,0.522,0
4925,50,0,10,0.89,0.677,0.999,0.5,0.685,0.301,0
4926,54,0,7,0.786,0.643,0.759,0.5,0.48,-0.051,0
4927,56,0,11,1.093,0.484,0.958,0.0,0.546,0.499,0
4928,64,1,12,1.067,0.503,1.319,0.75,0.782,-0.044,0
4929,84,0,7,0.595,0.594,0.792,0.0,0.346,-0.329,0
4930,53,0,12,1.052,0.325,0.905,0.0,0.635,0.31,0
4931,59,1,12,0.872,0.468,1.144,0.0,0.578,0.098,0
4932,72,1,4,0.865,0.601,0.647,0.25,0.294,-0.013,0
4933,63,0,8,0.945,0.632,0.892,1.0,0.675,0.239,0
4934,66,0,3,0.521,0.626,0.65,0.0,-0.05,0.036,0
4935,54,0,11,0.7,0.501,1.221,0.25,0.677,0.009,0
4936,61,1,12,0.783,0.431,0.776,0.0,0.486,0.109,0
4937,83,0,11,0.969,0.528,0.771,0.0,0.57,0.463,0
4938,54,1,5,0.94,0.498,0.779,0.5,0.078,0.167,0
4939,78,0,12,1.157,0.688,0.776,0.0,0.44,0.301,0
4940,53,1,5,0.845,0.524,0.203,1.0,-0.529,0.087,1
4941,66,0,6,0.766,0.639,0.741,0.0,0.17,0.104,0
4942,80,0,4,0.89,0.657,0.565,0.0,0.153,0.215,1
4943,31,1,9,0.858,0.459,0.878,0.25,0.243,0.212,0
4944,77,0,10,1.157,0.47,0.761,0.5,0.181,0.203,0
4945,76,1,10,0.92,0.642,0.82,0.0,0.631,0.177,0
4946,76,1,3,0.89,0.716,0.641,0.0,-0.022,0.146,0
4947,55,0,9,1.126,0.7,0.552,0.75,-0.014,0.426,0
4948,82,0,9,0.764,0.573,0.588,0.0,0.565,-0.096,0
4949,77,0,5,0.771,0.577,0.725,0.0,-0.111,0.096,0
4950,81,0,9,0.972,0.7,0.621,0.0,0.547,0.272,0
4951,60,1,3,0.816,0.605,0.403,1.0,-0.047,0.039,0
4952,74,0,10,0.969,0.637,0.671,0.0,0.313,0.169,0
4953,61,0,7,1.189,0.457,0.28,0.25,-0.048,0.403,0
4954,77,1,10,0.781,0.535,0.551,1.0,0.036,0.116,0
4955,31,0,12,1.054,0.568,1.001,1.0,0.525,0.387,0
4956,79,1,7,0.754,0.518,0.342,0.5,-0.112,-0.087,1
4957,69,1,7,0.875,0.716,0.812,0.5,0.139,0.258,0
4958,64,1,12,0.919,0.563,1.286,0.0,0.896,0.413,0
4959,51,1,8,0.992,0.688,0.785,1.0,0.552,0.387,0
4960,65,0,3,0.968,0.776,0.394,0.0,0.303,0.381,0
4961,38,1,9,0.981,0.52,0.84,0.5,0.078,0.245,0
4962,78,0,10,1.023,0.697,0.606,0.0,-0.006,0.166,0
4963,69,1,3,0.882,0.623,0.424,0.25,-0.147,0.133,0
4964,30,0,7,0.778,0.698,0.587,0.0,0.157,-0.05,0
4965,45,1,11,1.059,0.564,0.973,0.0,0.088,0.358,0
4966,75,0,11,0.97,0.576,1.016,0.0,0.513,0.261,0
4967,65,0,4,0.743,0.612,0.825,0.0,0.306,-0.269,0
4968,62,0,10,0.932,0.569,0.891,0.5,0.624,0.057,0
4969,78,1,3,1.031,0.626,0.69,0.0,-0.12,0.295,0
4970,43,1,3,0.902,0.603,0.537,0.0,0.335,0.205,0
4971,47,0,8,0.999,0.498,0.541,1.0,-0.012,0.262,0
4972,68,1,10,0.7,0.58,0.945,0.25,0.533,-0.111,0
4973,81,0,10,0.934,0.646,0.785,0.0,0.305,0.079,0
4974,33,0,11,0.911,0.607,0.945,0.5,0.223,-0.118,0
4975,71,0,10,0.9,0.491,0.519,0.0,0.051,0.198,0
4976,66,0,7,0.733,0.648,0.632,1.0,0.049,-0.125,0
4977,58,0,7,0.662,0.577,0.87,0.25,0.379,-0.094,0
4978,35,0,4,0.834,0.626,0.374,1.0,0.05,0.141,0
4979,42,0,3,0.745,0.604,0.617,1.0,0.211,0.18,0
4980,41,0,4,0.928,0.59,0.735,0.25,0.334,0.313,0
4981,65,1,4,0.654,0.619,0.612,0.75,0.112,0.009,0
4982,80,0,4,0.754,0.579,0.651,0.0,0.317,0.031,0
4983,69,0,5,0.795,0.472,0.684,0.0,0.019,0.058,0
4984,71,1,7,0.887,0.599,0.634,0.75,-0.004,0.142,0
4985,66,1,9,1.011,0.68,0.756,0.0,0.512,0.197,0
4986,42,1,3,0.691,0.569,0.676,0.0,0.071,0.096,0
4987,46,0,4,0.534,0.531,0.707,0.0,0.091,-0.096,0
4988,73,1,8,1.098,0.552,0.845,0.0,0.24,0.238,0
4989,57,1,12,0.96,0.542,1.084,0.0,0.855,0.403,0
4990,37,0,4,1.002,0.514,0.408,0.75,0.225,0.129,0
4991,39,1,12,1.001,0.413,0.837,0.75,0.483,0.277,0
4992,81,0,12,0.957,0.628,0.654,1.0,0.011,0.196,1
4993,68,1,12,0.895,0.527,0.954,0.25,0.38,0.204,0
4994,72,1,7,0.842,0.555,0.7,0.0,0.403,0.106,0
4995,55,1,4,0.891,0.522,0.71,0.0,0.225,0.191,0
4996,43,0,4,0.851,0.608,0.469,0.0,0.069,0.114,0
4997,32,0,4,0.793,0.501,0.375,0.0,-0.213,0.107,0
4998,42,0,7,0.792,0.772,0.782,0.0,0.185,-0.022,0
4999,58,1,6,0.897,0.558,0.604,0.0,0.269,0.184,0
5000,44,0,3,0.7,0.621,0.65,0.0,0.048,-0.07,0
5001,43,1,11,0.777,0.629,0.965,1.0,0.161,-0.087,0
5002,55,1,4,1.055,0.592,0.332,0.0,-0.007,0.369,0
5003,43,0,12,1.01,0.541,0.858,0.25,0.221,0.354,0
5004,43,0,3,0.767,0.607,0.552,0.0,0.491,0.114,0
5005,66,0,8,0.759,0.642,0.664,0.0,-0.065,0.217,0
5006,68,1,10,0.693,0.492,0.897,0.0,0.548,-0.007,0
5007,34,0,12,0.986,0.565,0.798,0.5,0.799,0.286,0
5008,55,0,12,1.072,0.601,1.007,0.0,0.621,0.154,0
5009,64,1,11,0.696,0.553,1.009,0.0,0.555,-0.101,0
5010,35,1,11,1.013,0.55,0.914,0.0,0.461,0.226,0
5011,36,1,3,0.619,0.61,0.584,0.25,-0.174,-0.152,0
5012,59,1,12,0.835,0.596,0.911,0.0,0.52,0.083,0
5013,76,0,4,0.679,0.625,0.647,0.25,0.068,-0.121,1
5014,83,1,5,0.967,0.66,1.028,0.0,0.711,0.271,0
5015,81,0,7,0.781,0.613,0.7,0.0,0.102,0.07,0
5016,53,1,4,0.91,0.537,0.876,0.25,0.293,0.288,0
5017,56,1,10,0.818,0.533,0.729,0.25,0.436,0.185,0
5018,79,0,10,1.043,0.7,0.749,0.5,0.294,0.279,0
5019,44,1,6,0.803,0.62,0.421,1.0,-0.117,0.085,0
5020,55,1,10,0.869,0.515,1.04,0.0,0.585,0.106,0
5021,71,1,10,1.01,0.522,0.925,0.5,0.374,-0.013,0
5022,54,1,3,0.799,0.556,0.351,0.0,0.012,0.083,0
5023,61,0,5,0.925,0.613,0.626,0.25,0.208,-0.002,0
5024,41,1,6,0.768,0.519,0.65,0.0,0.291,-0.008,0
5025,31,1,9,1.074,0.652,0.622,1.0,-0.016,0.326,0
5026,43,0,12,1.066,0.7,0.945,0.25,0.606,0.267,0
5027,59,0,3,0.774,0.59,0.316,0.25,-0.109,-0.038,0
5028,52,1,3,0.773,0.691,0.493,0.0,0.159,-0.066,0
5029,40,0,4,0.875,0.588,0.512,0.0,-0.224,0.248,0
5030,67,1,8,0.902,0.632,0.846,0.25,0.393,-0.125,0
5031,38,1,6,0.79,0.474,0.623,0.0,0.222,0.119,0
5032,43,1,9,0.811,0.514,0.612,0.5,0.053,-0.019,0
5033,82,0,6,0.556,0.494,0.7,0.0,0.588,-0.065,0
5034,52,0,6,0.97,0.66,0.697,0.75,0.191,-0.02,0
5035,78,1,12,0.823,0.585,0.931,0.0,0.457,0.161,0
5036,46,0,3,0.767,0.769,0.794,0.0,0.267,-0.088,0
5037,72,1,3,0.752,0.636,0.816,0.0,0.346,-0.062,0
5038,74,1,12,0.979,0.507,0.784,0.0,0.363,0.22,0
5039,82,0,3,0.805,0.637,0.297,0.5,-0.118,-0.064,0
5040,55,0,7,0.702,0.532,0.489,0.75,-0.168,-0.042,0
5041,48,1,6,0.614,0.563,0.597,0.25,0.181,-0.091,0
5042,37,0,6,0.901,0.68,0.894,0.0,0.365,0.12,0
5043,61,0,11,1.125,0.452,0.752,0.25,0.115,0.375,0
5044,42,1,7,0.922,0.609,0.768,0.0,0.56,0.218,0
5045,39,1,6,1.013,0.591,0.535,0.0,0.514,0.22,0
5046,39,1,3,0.825,0.652,0.586,0.5,0.146,0.152,0
5047,78,0,6,0.852,0.683,0.621,0.0,-0.006,-0.057,0
5048,47,0,5,0.984,0.535,0.656,0.75,0.034,0.176,0
5049,39,0,10,0.845,0.512,0.78,0.0,0.223,0.155,0
5050,35,1,4,0.973,0.743,0.672,0.25,0.288,0.273,0
5051,60,0,5,0.747,0.547,0.7,0.75,0.353,-0.02,0
5052,42,1,3,0.74,0.64,0.47,0.25,-0.085,0.013,0
5053,45,1,5,0.846,0.596,0.897,0.25,0.197,0.128,0
5054,33,1,3,0.7,0.504,0.6,0.0,0.206,0.135,0
5055,63,1,5,0.779,0.619,0.507,1.0,0.036,0.107,0
5056,73,1,12,1.205,0.734,0.991,0.0,0.291,0.335,0
5057,38,1,3,0.668,0.602,0.459,0.0,-0.035,-0.159,0
5058,82,1,5,0.915,0.49,0.737,0.0,0.456,-0.012,0
5059,68,1,5,0.817,0.694,0.692,0.0,0.341,-0.166,0
5060,70,1,11,1.063,0.643,0.623,0.75,0.407,0.34,0
5061,50,1,11,0.849,0.601,1.039,1.0,0.79,0.341,1
5062,54,1,12,0.887,0.422,0.798,0.25,0.374,0.119,0
5063,43,0,11,1.145,0.523,1.11,1.0,0.394,0.42,0
5064,33,1,5,0.766,0.454,0.517,0.0,-0.196,0.081,0
5065,69,1,4,0.733,0.717,0.718,1.0,0.344,-0.086,0
5066,54,1,10,1.038,0.569,0.67,1.0,0.084,0.068,0
5067,82,1,6,0.988,0.554,0.623,0.0,0.306,0.288,1
5068,64,1,10,0.915,0.558,0.914,0.0,0.615,0.228,0
5069,30,1,12,1.111,0.546,1.128,0.75,0.436,0.151,0
5070,70,0,11,1.043,0.524,0.867,0.0,0.344,0.247,0
5071,69,0,12,0.835,0.459,0.843,0.0,0.246,0.11,0
5072,45,1,8,0.609,0.512,0.903,0.0,0.219,-0.041,0
5073,66,0,9,0.804,0.65,0.878,0.75,0.459,0.292,0
5074,34,1,6,0.582,0.632,0.256,0.25,-0.267,-0.25,0
5075,58,0,5,0.802,0.618,0.201,0.75,-0.113,-0.032,0
5076,58,1,10,0.83,0.546,0.571,0.0,0.413,0.172,0
5077,79,0,4,0.766,0.548,0.73,0.0,0.308,-0.22,0
5078,70,1,5,0.874,0.647,0.5,0.25,0.042,0.208,0
5079,56,0,9,0.715,0.539,0.729,0.25,0.505,-0.16,0
5080,43,1,6,0.932,0.7,0.538,0.0,0.45,0.166,0
5081,76,1,12,1.044,0.602,0.885,0.0,0.485,0.302,0
5082,54,0,8,0.949,0.493,0.694,0.5,0.176,0.356,0
5083,59,1,10,0.889,0.544,0.708,0.0,0.297,0.14,0
5084,35,1,8,0.79,0.496,0.787,0.0,0.241,-0.015,0
5085,81,1,12,0.764,0.441,0.74,0.5,0.287,0.196,0
5086,41,1,3,0.751,0.348,0.689,0.25,0.472,0.095,0
5087,37,0,6,0.691,0.463,0.583,0.25,0.048,-0.075,0
5088,78,0,8,0.818,0.395,0.9,1.0,0.347,0.112,0
5089,54,0,3,0.719,0.548,0.397,1.0,0.093,-0.091,0
5090,38,1,12,0.969,0.507,0.865,0.25,0.191,0.19,0
5091,46,0,7,0.732,0.679,0.663,0.0,-0.041,-0.173,0
5092,41,0,4,0.894,0.629,0.191,0.5,-0.509,0.147,0
5093,72,0,6,0.901,0.63,0.986,0.0,0.653,0.246,0
5094,83,1,4,0.714,0.552,0.682,0.25,0.347,-0.113,0
5095,37,1,8,0.757,0.566,0.711,1.0,0.586,0.068,0
5096,71,1,6,0.857,0.6,0.607,0.25,0.511,0.037,0
5097,43,1,5,0.907,0.624,0.493,0.0,-0.027,0.073,0
5098,82,1,8,0.585,0.58,0.855,1.0,0.539,-0.474,1
5099,75,1,12,0.789,0.495,0.834,1.0,0.301,0.151,1
5100,63,1,6,0.761,0.485,0.519,0.0,-0.045,0.262,0
5101,54,0,4,0.827,0.712,0.616,0.0,0.216,-0.134,0
5102,74,1,9,1.077,0.602,0.938,0.0,0.508,0.215,0
5103,49,0,7,0.796,0.467,0.446,0.0,-0.174,0.038,0
5104,31,1,10,0.754,0.557,0.853,0.5,0.277,0.267,0
5105,73,0,4,0.781,0.54,0.576,0.0,-0.003,-0.016,0
5106,60,0,7,0.855,0.59,0.416,0.0,-0.018,0.162,0
5107,69,1,10,0.919,0.475,0.619,0.5,0.351,0.248,0
5108,37,1,3,0.802,0.6,0.6,0.0,0.491,0.199,0
5109,32,1,5,0.804,0.497,0.761,0.0,0.098,-0.088,0
5110,70,0,3,0.841,0.51,0.533,0.0,0.074,0.041,0
5111,55,0,4,0.937,0.675,0.483,0.0,-0.281,-0.065,0
5112,61,1,10,0.826,0.622,0.624,0.0,0.262,0.095,0
5113,73,0,7,0.883,0.66,0.688,0.0,-0.009,0.183,0
5114,56,1,5,0.7,0.546,0.875,0.0,0.72,0.074,0
5115,57,1,4,0.918,0.632,0.499,0.0,-0.043,0.083,0
5116,79,0,11,0.901,0.569,1.21,0.0,0.503,0.296,0
5117,41,0,10,0.893,0.593,0.591,0.0,0.324,0.225,0
5118,50,0,11,0.7,0.397,0.938,1.0,0.154,-0.137,0
5119,81,0,3,0.639,0.449,0.561,0.0,0.354,-0.123,0
5120,44,0,7,0.859,0.584,0.886,0.0,0.673,0.054,0
5121,69,0,11,1.031,0.594,0.828,0.25,0.277,0.251,0
5122,60,1,7,0.854,0.422,0.704,1.0,0.374,-0.122,0
5123,75,1,8,0.994,0.477,0.722,1.0,0.162,0.276,1
5124,44,0,11,0.809,0.434,0.908,0.75,0.504,0.143,0
5125,32,0,5,1.05,0.609,0.793,0.0,0.112,0.101,0
5126,49,0,12,0.823,0.507,1.003,0.25,0.502,0.186,0
5127,44,0,4,0.561,0.504,0.321,0.5,-0.027,-0.039,0
5128,75,0,11,0.922,0.514,0.584,0.0,-0.193,0.155,0
5129,79,0,9,1.034,0.693,0.908,0.0,0.208,0.28,0
5130,83,0,11,1.033,0.432,0.642,0.0,0.078,0.322,0
5131,76,0,11,0.946,0.639,0.791,1.0,0.145,0.221,0
5132,31,0,7,0.884,0.61,0.973,0.0,0.56,0.033,0
5133,31,1,8,0.85,0.606,0.712,0.0,0.463,0.083,0
5134,67,0,3,0.997,0.508,0.566,0.0,-0.019,0.384,0
5135,50,1,10,0.883,0.622,0.7,0.0,-0.056,0.032,0
5136,48,0,10,0.991,0.577,0.403,0.5,-0.152,0.182,0
5137,81,0,4,0.842,0.587,0.951,0.0,0.451,0.035,0
5138,33,1,3,0.571,0.704,0.6,0.0,0.154,-0.365,0
5139,36,0,6,0.7,0.658,0.591,0.0,-0.003,-0.017,0
5140,47,1,5,0.756,0.531,0.509,0.0,-0.161,0.034,0
5141,41,0,4,0.841,0.605,0.774,0.0,0.267,0.07,0
5142,39,1,11,1.119,0.627,0.777,0.25,0.301,0.243,0
5143,66,1,4,0.781,0.544,0.605,0.5,0.359,0.033,0
5144,63,0,11,0.918,0.534,0.624,1.0,0.149,0.16,0
5145,61,0,4,0.668,0.536,0.67,0.5,0.139,-0.142,0
5146,37,0,4,0.809,0.648,0.549,0.5,-0.03,0.031,0
5147,42,0,9,0.672,0.534,0.615,1.0,0.083,-0.091,0
5148,70,1,6,0.798,0.624,0.618,0.0,-0.003,-0.283,0
5149,75,1,4,0.817,0.541,0.632,0.25,0.12,0.246,0
5150,42,1,7,0.821,0.672,0.533,0.5,0.161,0.298,0
5151,66,1,7,0.978,0.481,0.882,0.5,0.365,0.331,0
5152,75,1,10,1.046,0.528,0.901,0.25,0.466,0.291,1
5153,45,1,11,0.874,0.563,0.8,0.0,0.502,0.174,0
5154,82,1,3,0.888,0.618,0.609,0.75,-0.034,0.234,0
5155,64,0,5,0.805,0.621,0.49,0.0,-0.132,0.013,0
5156,74,0,8,0.921,0.515,0.623,0.75,0.03,-0.093,0
5157,44,1,10,0.944,0.611,0.7,0.0,0.366,0.027,0
5158,50,0,5,0.762,0.515,0.647,0.25,-0.052,-0.118,0
5159,55,1,7,0.848,0.515,0.647,0.0,0.332,0.272,0
5160,45,0,12,0.945,0.548,0.494,0.0,0.029,0.255,0
5161,63,1,11,1.119,0.501,0.789,0.5,0.236,0.39,0
5162,33,1,7,0.941,0.69,0.877,0.5,0.488,0.164,0
5163,51,1,9,0.884,0.51,0.7,0.0,0.0,0.094,0
5164,73,0,11,1.032,0.552,1.019,0.0,0.594,0.168,0
5165,50,0,3,0.912,0.631,0.523,0.0,0.1,0.089,0
5166,70,1,10,0.966,0.57,0.857,0.0,0.414,0.282,0
5167,76,0,6,0.7,0.566,0.942,0.0,0.73,0.006,0
5168,83,0,8,0.966,0.629,0.881,0.5,0.121,0.037,0
5169,46,1,6,0.71,0.746,0.7,0.0,0.018,-0.048,0
5170,76,1,9,0.893,0.597,0.665,0.75,-0.079,0.113,0
5171,82,1,12,0.967,0.405,0.887,0.0,0.801,0.094,0
5172,45,0,5,0.866,0.673,0.572,0.25,0.166,-0.079,0
5173,42,1,5,0.81,0.613,0.234,0.0,-0.099,0.034,0
5174,51,0,7,0.884,0.526,0.997,0.0,0.606,0.131,0
5175,44,0,7,0.658,0.521,0.661,1.0,0.221,-0.132,0
5176,36,1,7,0.829,0.524,0.884,1.0,0.188,0.31,0
5177,47,1,6,0.92,0.709,0.772,0.0,0.351,0.047,0
5178,62,0,4,0.855,0.684,0.565,1.0,-0.111,0.114,0
5179,65,0,12,0.89,0.5,1.144,0.25,0.865,0.11,0
5180,73,1,11,0.793,0.574,0.89,0.25,0.32,0.233,0
5181,54,1,5,0.677,0.7,0.465,0.5,-0.372,-0.074,0
5182,65,0,3,0.725,0.77,0.679,0.0,0.584,0.035,0
5183,40,0,9,1.042,0.662,0.759,1.0,0.411,0.422,0
5184,65,0,11,1.028,0.457,0.739,0.25,0.039,0.158,0
5185,48,0,10,1.077,0.519,0.518,0.5,-0.222,0.306,0
5186,58,0,3,0.551,0.769,0.492,0.0,-0.055,-0.416,0
5187,72,1,5,0.848,0.7,0.295,0.25,0.063,0.082,0
5188,43,1,8,1.015,0.572,0.705,1.0,0.459,0.35,0
5189,56,0,7,0.928,0.53,0.594,0.0,0.021,0.115,0
5190,70,1,4,0.879,0.551,0.89,0.25,0.236,0.056,0
5191,75,0,9,0.709,0.431,0.7,0.0,0.275,-0.265,0
5192,70,0,10,0.995,0.716,0.836,0.0,0.297,0.414,0
5193,52,0,3,0.592,0.685,0.266,0.25,-0.077,-0.129,0
5194,31,1,5,0.913,0.533,0.778,0.0,0.677,0.079,0
5195,42,0,3,0.702,0.766,0.343,0.0,-0.254,0.118,0
5196,45,1,8,1.046,0.562,0.927,0.0,0.478,0.281,0
5197,32,0,9,1.077,0.588,0.948,1.0,0.245,0.335,0
5198,48,1,8,1.091,0.647,0.549,0.5,0.235,0.387,0
5199,71,0,11,0.7,0.661,0.749,0.0,0.378,-0.168,0
5200,65,1,7,0.788,0.608,0.689,0.25,0.12,-0.192,0
5201,53,0,8,0.912,0.477,0.893,0.0,0.435,0.076,0
5202,61,0,12,1.028,0.483,0.749,0.25,0.384,0.414,0
5203,69,0,11,0.796,0.634,0.91,0.75,0.5,-0.176,0
5204,64,0,6,0.832,0.64,0.805,0.75,0.473,-0.085,0
5205,38,0,5,0.738,0.601,0.53,0.5,0.139,-0.018,0
5206,73,0,7,0.99,0.653,0.505,0.0,0.103,0.143,0
5207,63,0,8,1.003,0.521,0.883,0.25,0.623,0.328,0
5208,30,0,9,0.972,0.608,0.85,0.0,0.196,0.151,0
5209,45,1,8,0.796,0.7,0.778,0.0,0.24,0.143,0
5210,70,1,7,0.93,0.611,0.649,1.0,0.48,0.024,0
5211,55,0,4,1.192,0.588,0.548,0.0,-0.011,0.486,0
5212,33,1,7,0.973,0.631,0.5,0.5,-0.072,0.059,0
5213,71,1,12,1.203,0.653,0.902,0.5,0.202,0.469,0
5214,43,1,6,0.886,0.484,0.572,0.25,0.252,0.122,0
5215,42,1,10,1.015,0.426,0.7,1.0,-0.064,0.29,0
5216,36,0,5,0.912,0.689,0.724,0.0,0.121,0.234,0
5217,62,1,11,0.944,0.567,0.977,0.0,0.072,0.079,0
5218,32,1,3,0.739,0.559,0.672,0.25,0.261,-0.073,0
5219,61,0,12,1.031,0.649,0.995,0.75,0.737,0.257,0
5220,79,1,10,0.982,0.601,0.618,0.5,0.343,0.106,0
5221,71,1,7,0.948,0.688,0.924,0.0,0.325,0.07,0
5222,57,1,6,0.7,0.55,0.643,0.5,0.217,-0.167,0
5223,73,0,11,1.012,0.507,0.626,0.0,0.217,0.312,0
5224,34,1,3,0.61,0.635,0.573,0.5,-0.058,-0.12,0
5225,54,1,10,1.003,0.581,0.467,0.25,-0.106,0.222,0
5226,33,1,7,1.145,0.541,0.7,0.0,0.036,0.497,0
5227,65,1,11,0.879,0.532,0.988,0.75,0.476,0.033,0
5228,45,0,8,1.027,0.728,0.591,0.75,0.417,0.229,0
5229,74,0,11,0.879,0.646,1.059,0.25,0.608,0.15,0
5230,63,1,6,0.706,0.653,0.693,0.0,0.247,-0.062,0
5231,54,1,9,0.845,0.567,0.68,0.0,-0.02,-0.016,0
5232,79,1,6,0.921,0.676,0.495,0.5,0.182,0.217,0
5233,53,0,11,1.175,0.478,0.658,0.5,-0.042,0.353,0
5234,63,1,10,0.974,0.465,0.694,0.0,0.467,0.14,0
5235,73,1,6,0.655,0.682,0.408,0.0,-0.259,-0.066,0
5236,79,1,3,0.756,0.481,0.482,1.0,-0.109,0.239,0
5237,30,0,7,0.899,0.553,0.771,1.0,0.071,0.162,0
5238,41,0,12,0.785,0.436,1.298,0.0,0.852,0.17,0
5239,56,0,6,0.672,0.711,0.767,0.0,0.123,-0.179,0
5240,51,1,11,0.816,0.651,1.041,0.0,0.729,0.114,0
5241,71,1,7,1.029,0.408,0.898,0.0,0.503,0.135,0
5242,69,0,3,0.755,0.455,0.434,0.5,-0.111,-0.007,0
5243,58,1,9,1.108,0.495,0.677,0.75,0.162,0.526,0
5244,33,0,11,0.992,0.472,0.864,0.0,0.334,0.271,0
5245,56,1,6,0.753,0.585,0.811,0.0,0.529,0.236,0
5246,34,1,9,0.85,0.65,0.62,0.75,0.05,0.164,0
5247,68,1,8,0.942,0.528,0.689,0.75,0.196,0.222,0
5248,52,1,6,0.948,0.668,0.473,0.0,0.209,0.283,0
5249,64,1,9,0.908,0.571,0.835,0.0,0.397,0.168,0
5250,45,0,7,0.912,0.568,0.771,0.0,0.295,0.045,0
5251,60,1,11,0.878,0.526,0.913,0.0,0.384,0.178,0
5252,78,0,12,0.813,0.439,0.769,0.75,0.483,0.08,0
5253,52,1,9,0.666,0.62,0.623,0.0,0.218,0.005,0
5254,78,1,10,0.944,0.608,0.998,0.0,0.593,0.312,0
5255,34,0,6,0.746,0.584,0.67,0.0,0.182,0.087,0
5256,77,0,9,0.955,0.585,0.717,0.75,0.201,0.344,0
5257,74,1,3,0.65,0.596,0.478,0.0,0.202,-0.234,0
5258,41,1,5,0.891,0.682,0.828,0.0,0.392,0.3,0
5259,44,0,7,0.917,0.669,0.714,0.0,0.437,0.148,0
5260,32,0,11,0.862,0.64,0.815,0.5,0.629,-0.023,0
5261,68,1,10,0.866,0.525,0.617,0.0,0.068,0.166,0
5262,33,1,10,1.068,0.417,0.768,0.0,0.234,0.105,0
5263,55,0,4,0.9,0.687,0.356,0.25,0.013,0.256,0
5264,82,0,7,0.907,0.459,1.056,0.5,0.729,0.147,0
5265,38,1,12,0.926,0.396,0.726,0.5,0.12,0.32,0
5266,43,1,7,1.088,0.586,0.785,0.5,0.342,0.388,0
5267,69,0,8,0.945,0.513,0.527,0.75,-0.048,0.123,0
5268,37,1,6,0.997,0.482,0.668,0.0,0.221,0.443,0
5269,35,1,9,1.005,0.599,0.614,0.0,0.18,0.33,0
5270,76,1,3,0.669,0.672,0.46,0.0,-0.091,-0.316,0
5271,68,0,7,0.907,0.579,0.743,0.0,0.491,-0.022,0
5272,35,0,12,0.86,0.452,0.7,0.5,0.259,0.194,0
5273,72,0,10,0.796,0.411,0.824,0.5,0.45,0.36,1
5274,82,1,6,0.791,0.58,0.716,1.0,0.356,-0.022,0
5275,50,1,6,0.758,0.659,0.474,0.75,-0.031,-0.097,0
5276,76,0,5,0.719,0.643,0.703,0.0,0.229,0.13,0
5277,50,0,4,0.826,0.62,0.446,0.25,-0.26,-0.089,0
5278,84,1,7,0.794,0.629,0.745,0.75,0.042,0.167,0
5279,61,1,7,0.822,0.394,0.516,1.0,0.02,0.092,0
5280,70,1,6,0.858,0.617,0.724,0.5,-0.008,0.167,0
5281,42,0,3,0.742,0.619,0.565,0.0,0.441,0.042,0
5282,32,1,12,0.608,0.644,0.742,0.0,0.479,-0.092,0
5283,36,1,9,0.94,0.55,0.505,0.0,0.192,0.108,0
5284,62,1,3,0.798,0.722,0.548,0.75,-0.072,0.098,1
5285,69,0,6,0.978,0.7,0.871,0.0,0.356,0.121,0
5286,36,1,8,1.033,0.551,0.777,1.0,0.422,0.33,0
5287,30,1,6,0.769,0.568,0.441,0.0,-0.087,0.211,0
5288,39,1,10,1.015,0.628,0.818,0.0,0.386,0.288,0
5289,71,1,10,0.923,0.554,0.67,1.0,0.212,0.324,1
5290,64,1,12,1.124,0.58,0.905,1.0,0.385,0.342,1
5291,64,0,9,0.95,0.668,0.839,0.25,0.187,0.223,0
5292,40,1,8,1.113,0.502,0.909,0.0,0.499,0.32,0
5293,84,0,9,1.149,0.617,0.721,1.0,0.021,0.126,0
5294,39,0,11,1.021,0.666,1.163,0.0,0.771,0.033,0
5295,64,1,11,0.787,0.7,1.083,0.0,0.671,0.012,0
5296,62,0,3,0.703,0.545,0.488,0.25,-0.172,-0.003,0
5297,70,1,8,0.7,0.612,0.812,0.0,0.348,-0.117,0
5298,64,0,12,1.065,0.443,1.101,0.25,0.666,0.436,0
5299,72,1,7,0.828,0.527,0.818,0.75,0.361,-0.06,1
5300,55,0,7,0.986,0.679,0.779,1.0,0.384,0.071,0
5301,47,0,10,0.768,0.542,0.722,1.0,0.091,-0.056,0
5302,50,1,4,0.758,0.611,0.306,0.0,-0.111,-0.005,0
5303,77,0,4,0.774,0.559,0.402,0.5,0.039,-0.014,0
5304,44,0,12,1.046,0.51,0.968,0.0,0.554,0.364,0
5305,60,1,7,1.102,0.581,0.707,0.0,0.121,0.175,0
5306,67,0,9,0.882,0.74,0.738,0.0,0.344,0.118,0
5307,58,1,4,0.904,0.508,0.374,0.0,0.057,0.317,0
5308,47,1,3,0.781,0.635,0.574,0.25,-0.126,0.233,0
5309,64,0,4,0.86,0.769,0.678,0.25,0.181,0.226,0
5310,79,1,11,0.982,0.605,0.834,0.75,0.331,0.194,1
5311,49,0,12,0.762,0.446,1.015,0.0,0.203,-0.045,0
5312,38,1,9,0.809,0.561,0.7,0.0,0.352,0.045,0
5313,50,0,7,0.7,0.513,0.608,0.75,0.456,-0.048,0
5314,57,0,10,0.986,0.463,0.873,0.0,0.293,0.309,0
5315,61,1,6,0.949,0.623,0.773,1.0,0.244,0.152,0
5316,35,0,10,0.99,0.678,0.717,0.25,0.45,0.19,0
5317,67,0,9,0.796,0.69,0.748,0.75,0.156,0.08,0
5318,74,0,11,0.858,0.626,0.903,0.5,0.161,0.099,0
5319,31,1,6,0.72,0.581,0.746,0.5,0.101,-0.067,0
5320,82,0,5,0.928,0.608,0.606,1.0,0.325,0.287,0
5321,68,1,11,0.856,0.471,1.193,0.25,0.906,0.386,0
5322,45,0,11,1.141,0.645,1.179,0.0,0.375,0.563,0
5323,45,1,8,0.941,0.678,0.769,0.0,0.043,0.207,0
5324,75,0,3,0.674,0.66,0.365,0.25,-0.201,0.01,0
5325,54,1,11,0.976,0.556,0.844,0.5,0.144,0.194,0
5326,45,1,10,0.881,0.441,0.91,0.0,0.377,0.229,0
5327,83,0,4,0.791,0.579,0.494,0.25,-0.014,0.073,1
5328,54,0,11,1.208,0.497,1.085,0.5,0.503,0.535,0
5329,34,0,6,0.949,0.559,0.876,0.0,0.536,0.024,0
5330,46,0,5,0.915,0.574,0.528,0.0,0.347,-0.023,0
5331,30,1,4,0.77,0.655,0.8,0.5,0.211,0.029,0
5332,83,1,4,0.775,0.706,0.649,0.0,0.239,0.167,0
5333,57,0,12,0.967,0.478,1.074,0.25,0.84,0.52,0
5334,39,0,4,0.691,0.661,0.407,0.0,-0.067,-0.103,0
5335,82,1,12,1.147,0.644,0.871,0.25,0.369,0.542,0
5336,60,1,10,0.9,0.63,1.06,0.25,0.576,0.068,0
5337,34,1,5,1.045,0.617,0.344,0.0,-0.121,0.246,0
5338,57,1,12,1.033,0.531,0.722,0.5,0.318,0.263,0
5339,50,0,4,0.894,0.548,0.616,0.0,0.069,0.14,0
5340,48,0,8,1.001,0.634,0.746,0.0,0.276,0.267,0
5341,42,0,8,0.634,0.679,1.038,0.25,0.579,-0.138,0
5342,54,1,10,1.155,0.704,0.582,0.0,0.279,0.379,0
5343,69,1,7,0.763,0.487,0.65,0.0,0.018,0.003,0
5344,37,0,11,0.949,0.569,0.662,0.0,0.153,0.399,0
5345,67,0,7,1.067,0.58,0.893,0.5,0.735,0.428,0
5346,65,1,5,0.812,0.658,0.938,0.0,0.493,0.073,0
5347,84,0,7,0.889,0.538,0.653,0.0,0.191,0.208,0
5348,58,1,12,0.985,0.657,1.071,0.25,0.674,0.206,0
5349,42,0,12,1.113,0.601,0.958,0.25,0.11,0.264,0
5350,41,1,8,0.848,0.484,0.573,0.0,-0.009,0.099,0
5351,37,1,10,0.767,0.583,0.737,1.0,0.329,0.312,0
5352,34,0,7,0.7,0.65,0.661,0.0,0.169,-0.108,0
5353,61,1,11,0.939,0.542,0.833,1.0,0.352,0.024,0
5354,32,1,12,0.858,0.479,1.071,0.0,0.659,0.031,0
5355,32,1,6,0.928,0.477,0.625,0.5,0.209,0.123,0
5356,57,0,8,0.94,0.693,0.624,0.5,0.217,0.165,0
5357,65,1,9,0.678,0.539,0.809,0.0,0.269,-0.095,0
5358,43,1,9,0.817,0.716,1.078,0.5,0.754,0.01,0
5359,83,1,6,0.712,0.688,0.447,0.75,0.282,-0.066,0
5360,74,0,9,0.934,0.628,1.043,0.0,0.331,0.341,0
5361,52,0,10,0.807,0.4,0.736,0.0,0.485,0.156,0
5362,49,0,8,1.042,0.642,0.819,1.0,0.464,0.096,0
5363,81,1,5,0.919,0.71,0.684,0.25,0.291,0.047,0
5364,48,0,9,0.978,0.669,0.696,0.25,0.29,0.052,0
5365,58,1,6,0.833,0.437,0.778,0.5,0.358,-0.029,0
5366,51,0,4,0.684,0.558,0.476,1.0,0.326,0.014,0
5367,80,0,10,0.804,0.558,0.629,0.0,0.285,0.082,0
5368,34,1,5,0.987,0.646,0.875,0.25,0.2,0.174,0
5369,43,1,3,0.838,0.623,0.511,0.75,0.098,0.061,0
5370,81,0,5,0.771,0.617,0.647,0.25,0.202,0.203,0
5371,36,1,6,1.007,0.547,0.716,0.0,0.457,0.234,0
5372,67,1,7,0.747,0.548,0.667,0.75,0.468,0.124,0
5373,82,0,6,0.763,0.46,0.846,0.0,0.445,0.1,0
5374,76,1,8,0.839,0.669,0.821,0.5,0.367,0.089,0
5375,48,1,9,0.84,0.572,0.752,0.5,0.368,-0.052,0
5376,47,1,11,0.842,0.389,0.802,0.5,0.187,0.139,0
5377,59,1,7,0.808,0.637,0.953,0.0,0.457,0.051,0
5378,31,0,9,0.779,0.561,0.759,0.0,0.523,0.042,0
5379,63,0,5,0.87,0.399,0.756,0.5,0.549,0.17,0
5380,73,0,10,1.075,0.626,0.721,0.0,0.335,0.215,0
5381,45,1,6,0.883,0.7,0.791,0.75,0.316,0.165,0
5382,69,1,4,0.905,0.447,0.92,1.0,0.512,0.232,1
5383,78,0,9,0.981,0.548,0.845,0.0,0.317,0.512,0
5384,52,1,6,1.019,0.612,0.72,0.75,0.162,0.138,0
5385,33,0,8,1.096,0.594,0.765,1.0,0.57,0.293,0
5386,67,0,9,0.919,0.543,0.805,0.0,0.329,0.17,0
5387,67,0,8,0.877,0.735,0.759,0.0,0.059,0.3,0
5388,31,0,8,0.952,0.565,0.717,1.0,0.235,0.124,0
5389,58,1,8,0.888,0.599,0.837,0.75,0.085,0.208,0
5390,56,1,12,1.084,0.581,0.922,0.5,0.395,0.303,0
5391,37,0,11,1.085,0.515,1.077,0.0,0.477,0.19,0
5392,59,1,8,0.801,0.552,0.7,0.0,0.292,0.019,0
5393,71,0,8,0.762,0.666,0.484,1.0,0.062,0.055,0
5394,41,0,3,0.793,0.483,0.296,0.0,-0.212,-0.04,0
5395,45,0,7,0.885,0.656,0.833,0.0,0.069,0.122,0
5396,70,1,11,0.934,0.433,0.884,0.0,0.278,0.312,0
5397,33,0,4,0.962,0.7,0.525,0.5,0.143,0.216,0
5398,30,0,12,0.99,0.509,1.021,0.0,0.222,0.214,0
5399,35,1,10,0.928,0.678,0.667,0.25,0.228,0.19,0
5400,76,1,4,0.862,0.572,0.787,0.5,0.176,0.312,0
5401,49,1,7,1.015,0.67,0.479,0.75,0.158,0.221,0
5402,44,1,7,0.844,0.623,0.673,0.5,0.052,-0.026,0
5403,74,0,6,0.894,0.614,0.825,0.0,-0.036,0.09,0
5404,70,1,4,0.837,0.689,0.454,0.5,-0.186,0.055,0
5405,72,1,4,0.776,0.602,0.52,0.75,-0.125,0.141,0
5406,36,1,7,0.959,0.58,0.427,0.25,-0.203,0.214,0
5407,77,0,5,0.8,0.61,0.708,0.5,0.237,0.315,0
5408,45,0,5,0.682,0.563,0.634,0.0,0.26,0.021,0
5409,65,0,5,0.881,0.619,0.35,0.25,-0.128,0.08,0
5410,83,0,6,0.995,0.679,0.726,0.0,0.173,0.235,0
5411,63,1,4,0.541,0.568,0.461,0.25,-0.229,-0.226,0
5412,60,0,12,0.974,0.528,0.7,0.75,0.175,0.075,0
5413,81,1,3,0.918,0.671,0.566,0.0,-0.022,0.188,0
5414,36,1,10,0.904,0.564,0.703,0.0,0.373,0.127,0
5415,38,0,4,0.668,0.626,0.448,0.75,0.352,-0.165,0
5416,66,0,9,0.927,0.493,0.873,0.5,0.238,0.189,0
5417,53,1,5,0.795,0.592,0.617,0.0,-0.083,-0.001,0
5418,84,0,4,0.867,0.446,0.569,0.0,-0.04,0.074,0
5419,83,0,12,0.982,0.63,1.0,0.0,0.579,0.18,0
5420,77,0,8,0.935,0.466,0.761,0.75,0.242,0.295,0
5421,35,0,4,0.747,0.594,0.648,0.75,0.122,-0.001,0
5422,68,0,4,0.789,0.5,0.652,0.0,0.226,-0.219,0
5423,34,0,5,0.87,0.658,0.542,0.0,-0.227,0.126,0
5424,35,1,8,0.985,0.533,0.881,0.0,0.439,0.21,0
5425,63,1,3,0.824,0.592,0.845,0.0,0.45,0.109,0
5426,82,1,10,0.94,0.705,0.66,0.0,0.283,0.182,0
5427,53,1,8,0.839,0.615,0.79,0.75,0.285,0.091,0
5428,67,0,12,0.963,0.522,0.56,0.0,0.116,0.096,0
5429,69,0,5,0.844,0.629,0.558,0.0,0.154,0.234,0
5430,70,1,3,0.892,0.637,0.352,0.0,-0.255,0.225,0
5431,39,1,4,0.846,0.621,0.459,0.75,-0.341,0.145,0
5432,35,1,6,0.759,0.582,1.011,0.25,0.543,0.031,0
5433,77,0,4,0.881,0.739,0.629,0.0,0.173,0.14,0
5434,54,0,3,0.745,0.595,0.698,0.0,0.245,-0.048,0
5435,75,1,12,1.086,0.5,0.808,0.5,0.261,0.391,0
5436,34,1,3,0.745,0.618,0.7,0.5,0.197,0.012,0
5437,33,0,3,0.859,0.665,0.641,0.5,0.469,-0.045,0
5438,43,1,11,1.178,0.626,0.914,1.0,0.657,0.493,0
5439,60,0,10,0.966,0.569,0.702,0.75,0.3,0.112,0
5440,55,0,10,0.978,0.63,0.785,0.25,0.246,0.138,0
5441,71,1,12,0.911,0.587,1.103,0.0,0.359,0.09,0
5442,35,1,4,0.908,0.614,0.507,0.0,0.013,0.171,0
5443,80,0,5,0.998,0.504,0.682,0.5,0.248,0.197,0
5444,43,1,5,0.69,0.558,0.7,0.0,0.4,-0.161,0
5445,51,0,5,1.001,0.717,0.527,0.0,0.193,0.452,0
5446,82,0,5,0.814,0.588,0.952,0.0,0.412,-0.077,0
5447,58,1,10,1.117,0.673,0.614,0.0,0.347,0.154,0
5448,49,0,3,0.659,0.601,0.488,0.5,-0.245,-0.015,0
5449,70,1,11,1.01,0.62,1.334,0.0,0.928,0.249,0
5450,34,1,3,0.704,0.499,0.7,0.0,0.262,-0.164,0
5451,73,0,8,1.061,0.524,0.719,0.0,0.255,0.21,0
5452,54,1,12,1.128,0.516,1.088,0.25,0.772,0.455,0
5453,30,1,5,0.889,0.7,0.633,1.0,0.293,0.112,0
5454,62,1,9,1.068,0.518,0.885,0.25,0.393,0.251,0
5455,68,1,11,0.816,0.61,0.636,0.0,0.156,-0.027,0
5456,82,0,10,0.813,0.614,0.492,0.25,-0.107,0.104,1
5457,42,1,10,0.787,0.609,0.642,0.0,-0.012,-0.13,0
5458,52,0,4,0.542,0.558,0.664,0.25,-0.33,-0.221,0
5459,63,1,8,0.936,0.557,0.74,0.75,0.323,0.225,0
5460,75,0,12,1.032,0.461,0.976,0.0,0.768,0.33,0
5461,37,0,10,0.776,0.542,0.689,1.0,-0.011,0.191,0
5462,66,0,3,0.818,0.719,0.864,0.0,0.442,0.095,0
5463,39,0,5,0.776,0.586,0.501,0.0,-0.0,0.052,0
5464,83,1,10,1.198,0.678,0.952,0.0,0.493,0.202,0
5465,80,0,12,1.11,0.671,0.969,0.0,0.479,0.316,1
5466,55,0,3,0.993,0.6,0.678,0.5,-0.024,0.453,0
5467,71,0,10,0.847,0.508,0.757,0.75,0.587,0.279,0
5468,54,1,10,1.018,0.428,0.704,0.0,0.318,0.358,0
5469,80,1,10,1.031,0.605,0.919,0.25,0.666,0.205,1
5470,35,0,11,0.97,0.564,0.699,1.0,-0.001,0.191,0
5471,37,1,4,0.759,0.739,0.417,0.0,-0.028,-0.15,0
5472,58,1,5,0.969,0.598,0.984,1.0,0.445,0.22,0
5473,42,1,5,0.7,0.534,0.518,0.5,-0.21,-0.221,0
5474,58,0,12,0.872,0.59,0.694,0.0,0.335,0.148,0
5475,31,0,4,0.83,0.612,0.657,0.25,0.185,0.159,0
5476,62,0,11,0.972,0.601,0.645,0.0,0.103,0.447,0
5477,41,0,4,0.669,0.62,0.533,0.0,0.081,-0.008,0
5478,33,0,11,1.022,0.558,0.759,0.75,-0.076,0.313,0
5479,34,1,7,0.644,0.563,0.762,0.0,0.399,-0.099,0
5480,58,0,11,1.053,0.536,0.842,1.0,0.202,0.39,0
5481,53,1,5,0.951,0.531,0.908,0.0,0.414,0.139,0
5482,55,1,7,0.856,0.591,0.699,0.0,0.527,0.156,0
5483,53,0,8,0.779,0.568,0.51,0.0,-0.331,0.07,0
5484,55,0,5,0.988,0.619,0.62,0.0,0.274,0.334,0
5485,70,0,9,0.768,0.61,0.719,0.0,0.128,0.086,0
5486,81,0,6,0.7,0.631,0.587,0.0,0.202,-0.05,0
5487,72,0,9,0.896,0.467,0.627,0.75,0.356,0.188,0
5488,57,1,3,0.975,0.628,0.597,1.0,-0.057,0.113,0
5489,68,1,11,1.063,0.775,0.846,0.25,0.47,0.196,0
5490,53,1,4,0.718,0.777,0.914,0.25,0.34,-0.026,0
5491,34,0,5,0.706,0.567,0.793,0.0,0.176,0.011,0
5492,38,1,11,0.955,0.678,0.966,0.25,0.607,0.106,0
5493,74,1,8,0.894,0.508,0.864,0.5,0.424,0.389,0
5494,37,1,4,0.906,0.708,0.511,0.0,0.062,-0.014,0
5495,83,1,7,0.909,0.546,0.734,0.0,0.178,0.082,0
5496,46,1,7,0.92,0.547,0.575,0.0,0.082,0.277,0
5497,44,1,3,0.763,0.622,0.529,0.25,-0.004,-0.131,0
5498,55,1,12,0.75,0.717,0.843,1.0,0.254,0.049,1
5499,61,1,7,0.886,0.651,0.688,0.25,0.085,0.345,0
5500,62,1,10,0.948,0.556,0.706,0.5,0.195,0.35,0
5501,30,1,10,1.01,0.606,0.971,0.25,0.456,0.159,0
5502,64,0,9,0.708,0.453,0.577,0.5,0.03,-0.09,0
5503,74,1,8,1.08,0.585,0.699,0.5,0.436,0.392,0
5504,45,0,3,0.657,0.607,0.863,0.25,0.436,-0.03,0
5505,47,0,9,0.895,0.61,0.461,0.0,0.014,0.064,0
5506,75,0,10,0.947,0.502,0.771,0.25,0.084,0.208,0
5507,56,0,6,0.757,0.651,0.364,0.25,-0.164,0.046,0
5508,77,0,6,1.074,0.642,0.844,0.75,0.398,0.373,0
5509,83,0,11,1.01,0.617,0.944,0.0,0.601,0.362,0
5510,52,1,3,0.729,0.577,0.429,0.0,-0.113,-0.037,0
5511,77,1,3,0.79,0.599,0.803,0.0,0.722,0.083,0
5512,74,1,6,0.896,0.639,0.951,1.0,0.417,0.12,1
5513,36,0,12,1.205,0.573,0.985,0.25,0.4,0.195,0
5514,35,0,9,0.876,0.509,0.821,0.5,0.129,0.125,0
5515,60,1,8,0.795,0.693,0.984,0.0,0.735,-0.036,0
5516,31,1,11,0.864,0.591,0.7,0.0,0.122,0.01,0
5517,65,0,8,0.818,0.491,0.578,0.5,0.144,0.163,0
5518,39,0,10,0.842,0.626,0.835,0.0,0.388,-0.043,0
5519,39,0,10,0.996,0.693,0.654,1.0,-0.013,0.233,0
5520,83,0,10,0.812,0.498,0.846,0.25,0.609,-0.117,0
5521,57,0,10,1.228,0.645,0.891,0.0,0.397,0.574,0
5522,47,1,11,0.812,0.459,0.959,0.0,0.749,-0.038,0
5523,66,0,11,0.952,0.612,0.96,0.0,0.544,0.156,0
5524,77,1,12,1.061,0.517,0.639,0.0,0.466,0.272,0
5525,34,0,10,0.872,0.609,0.694,0.0,0.167,0.278,0
5526,83,0,12,0.864,0.537,1.043,0.25,0.588,-0.114,0
5527,64,1,6,0.704,0.543,0.764,0.0,0.293,-0.081,0
5528,36,0,9,0.907,0.49,0.611,0.25,-0.12,0.046,0
5529,72,0,10,0.909,0.48,0.976,0.25,0.774,-0.005,0
5530,30,1,7,0.738,0.54,0.616,0.0,-0.084,-0.115,0
5531,39,1,10,1.104,0.577,0.833,0.75,0.175,0.331,0
5532,33,1,7,0.917,0.496,0.868,0.5,0.712,0.115,0
5533,35,0,10,1.104,0.535,0.515,0.25,0.211,0.25,0
5534,30,0,8,0.662,0.451,0.642,0.5,0.334,-0.102,0
5535,60,0,6,0.918,0.596,0.809,0.0,0.586,0.262,0
5536,81,1,9,0.776,0.514,0.783,0.5,0.389,0.049,0
5537,80,1,12,1.193,0.605,0.955,0.5,0.84,0.388,0
5538,83,1,6,0.801,0.494,0.484,0.0,0.104,0.032,0
5539,68,0,3,0.811,0.471,0.178,0.0,-0.316,0.133,0
5540,80,0,11,0.924,0.585,0.547,0.25,0.151,0.098,1
5541,62,1,4,1.028,0.619,0.7,1.0,0.304,0.264,0
5542,43,1,8,0.811,0.511,1.052,0.0,0.624,-0.086,0
5543,64,0,6,0.93,0.608,0.859,0.25,0.467,0.293,0
5544,32,0,5,0.627,0.742,0.312,0.25,-0.046,-0.221,0
5545,53,0,8,0.78,0.488,0.839,0.5,0.395,-0.012,0
5546,79,0,5,0.69,0.58,0.963,0.0,0.624,-0.171,0
5547,77,0,7,1.034,0.638,0.65,0.5,-0.006,0.143,0
5548,64,1,5,0.854,0.604,1.03,0.0,0.7,0.058,0
5549,50,0,12,0.881,0.492,0.917,0.0,0.512,0.229,0
5550,79,1,9,0.735,0.522,0.615,0.75,0.114,0.129,0
5551,65,1,5,0.751,0.65,0.618,0.25,0.24,0.097,0
5552,44,0,10,0.953,0.487,1.017,0.0,0.317,0.334,0
5553,40,1,3,0.724,0.658,0.7,0.0,0.646,0.114,0
5554,80,0,10,0.925,0.623,0.868,0.25,0.299,0.087,0
5555,59,0,6,0.78,0.555,0.7,0.75,0.348,-0.084,0
5556,31,1,9,0.935,0.546,0.663,0.5,0.354,0.164,0
5557,48,0,12,1.015,0.478,0.807,0.5,0.308,0.439,0
5558,48,0,7,0.734,0.482,0.807,0.25,0.362,-0.24,0
5559,57,0,9,0.767,0.475,0.808,0.0,0.172,0.047,0
5560,39,1,5,0.858,0.572,0.829,0.75,0.311,0.094,0
5561,35,1,5,1.03,0.582,0.997,0.0,0.66,0.33,0
5562,36,0,5,0.691,0.499,0.708,0.0,0.477,-0.187,0
5563,66,0,7,0.888,0.591,0.678,0.75,0.221,0.097,0
5564,36,1,6,0.85,0.628,0.576,0.0,-0.026,0.222,0
5565,39,0,5,0.993,0.658,0.498,1.0,0.568,0.293,0
5566,62,0,12,0.918,0.564,0.581,0.0,-0.024,0.065,0
5567,30,0,7,1.053,0.692,0.585,1.0,-0.011,0.167,0
5568,64,1,10,0.729,0.574,0.819,0.5,0.296,-0.017,0
5569,43,0,11,1.025,0.682,0.982,0.75,0.612,0.52,0
5570,30,0,5,0.897,0.473,0.62,0.0,0.027,0.228,0
5571,71,1,8,0.874,0.738,0.634,0.5,0.147,0.025,0
5572,39,1,10,1.03,0.539,0.45,0.5,-0.191,0.097,0
5573,56,0,5,0.878,0.615,0.479,0.0,-0.005,0.274,0
5574,45,1,12,0.968,0.487,1.089,0.25,0.591,0.199,0
5575,40,1,11,0.809,0.653,0.992,0.0,0.222,-0.168,0
5576,67,1,7,0.657,0.689,0.876,0.25,0.408,0.332,0
5577,80,1,4,0.711,0.491,0.504,0.0,-0.038,-0.372,0
5578,46,1,4,0.689,0.722,0.679,0.0,0.15,0.047,0
5579,67,1,3,0.571,0.597,0.525,0.25,0.03,-0.336,0
5580,40,1,8,0.825,0.61,0.705,0.0,0.338,-0.058,0
5581,43,0,4,0.828,0.57,0.829,0.0,0.432,-0.008,0
5582,52,0,5,0.815,0.713,0.611,0.75,-0.089,0.166,0
5583,61,1,9,0.984,0.595,0.751,0.0,0.444,0.381,0
5584,57,0,3,0.857,0.669,0.449,0.75,-0.062,0.238,0
5585,52,0,3,0.789,0.7,0.451,0.0,-0.13,-0.058,0
5586,69,0,3,0.732,0.479,0.358,1.0,-0.226,0.124,0
5587,43,1,6,0.963,0.755,0.491,1.0,0.139,-0.057,0
5588,31,0,8,0.901,0.557,0.781,0.25,0.515,0.149,0
5589,41,1,10,1.022,0.511,1.248,0.25,0.77,0.214,0
5590,67,1,11,0.961,0.547,0.711,0.25,0.356,0.294,0
5591,65,0,6,0.891,0.66,0.725,0.0,0.359,0.032,0
5592,57,0,8,0.847,0.578,0.883,0.0,0.456,0.028,0
5593,34,1,5,0.939,0.597,0.416,0.0,0.163,0.461,0
5594,59,1,3,1.108,0.676,0.262,0.75,0.032,0.53,0
5595,75,1,9,0.825,0.593,1.137,0.75,0.551,0.05,0
5596,73,1,9,0.693,0.582,0.81,0.75,0.267,0.228,1
5597,70,0,4,0.587,0.552,0.388,0.25,-0.115,-0.107,0
5598,79,1,10,0.824,0.531,0.8,0.0,0.161,0.022,0
5599,43,1,10,1.053,0.552,0.781,0.0,0.323,0.389,0
5600,39,1,4,0.776,0.565,0.499,0.0,-0.002,0.231,0
5601,42,1,7,1.024,0.7,0.377,0.25,0.069,0.166,0
5602,51,0,4,0.679,0.605,0.389,0.0,0.081,0.105,0
5603,70,1,10,0.788,0.558,0.719,1.0,0.097,0.164,0
5604,33,1,7,0.843,0.38,0.39,0.0,0.038,0.143,0
5605,61,1,8,0.944,0.575,0.75,0.5,0.319,0.057,0
5606,77,0,8,0.876,0.55,0.729,0.25,0.238,0.075,0
5607,54,1,12,1.13,0.45,0.857,0.5,0.549,0.488,0
5608,36,1,5,0.945,0.568,0.882,0.0,0.276,0.263,0
5609,34,0,4,0.645,0.706,0.356,0.25,0.033,-0.208,0
5610,35,0,10,1.008,0.518,0.779,0.25,0.388,0.236,0
5611,55,1,3,0.785,0.746,0.686,0.25,0.423,0.182,0
5612,53,1,8,0.865,0.357,0.579,0.0,0.253,0.013,0
5613,34,1,11,1.085,0.618,0.77,1.0,0.311,0.38,0
5614,82,1,10,0.791,0.492,0.868,0.5,0.421,0.092,0
5615,30,1,4,0.613,0.561,0.39,0.75,0.004,-0.131,0
5616,63,0,4,0.832,0.603,0.789,1.0,0.27,-0.107,0
5617,62,1,4,0.802,0.458,0.555,0.0,0.152,-0.155,0
5618,67,1,7,1.09,0.61,0.882,0.0,0.396,0.455,0
5619,54,1,5,0.781,0.469,0.7,0.5,0.353,-0.102,0
5620,61,0,9,0.803,0.503,0.612,0.25,0.417,0.153,0
5621,69,1,4,0.686,0.632,0.578,0.25,0.345,-0.272,0
5622,77,1,9,0.746,0.506,0.826,0.5,0.409,-0.143,0
5623,66,0,8,0.807,0.589,1.068,1.0,0.618,0.098,0
5624,72,0,5,0.8,0.574,0.635,0.0,0.064,0.245,0
5625,44,0,7,0.808,0.432,0.963,0.0,0.496,-0.153,0
5626,67,1,7,0.95,0.651,0.798,0.0,0.589,-0.1,0
5627,81,1,12,1.033,0.494,0.844,0.5,0.16,0.274,0
5628,30,1,11,0.965,0.484,0.863,0.0,0.344,0.074,0
5629,84,1,6,0.88,0.611,0.975,0.5,0.482,0.24,1
5630,55,1,4,0.582,0.655,0.307,0.5,-0.489,-0.104,0
5631,33,0,12,0.918,0.7,0.969,0.0,0.239,0.133,0
5632,36,0,11,0.735,0.447,0.953,0.75,0.579,0.032,0
5633,52,0,6,0.7,0.546,0.424,0.75,-0.507,0.156,0
5634,53,0,10,0.866,0.518,0.63,1.0,0.348,0.162,0
5635,50,0,5,1.107,0.633,0.608,0.5,0.145,0.46,0
5636,48,0,9,0.991,0.531,0.772,0.5,0.227,0.199,0
5637,75,1,8,0.815,0.447,0.757,0.0,0.301,0.111,0
5638,65,1,8,0.985,0.533,0.641,0.0,0.491,0.25,0
5639,67,0,6,1.028,0.621,0.344,0.25,0.083,0.451,0
5640,63,0,7,0.946,0.726,0.609,0.0,0.293,0.422,0
5641,61,0,8,0.936,0.534,0.707,0.5,0.268,0.293,0
5642,57,0,5,0.757,0.604,0.743,0.25,0.409,-0.042,0
5643,42,1,10,1.141,0.447,0.828,0.25,0.568,0.339,0
5644,56,1,7,1.017,0.396,0.929,0.0,0.445,0.338,0
5645,68,0,4,0.808,0.614,0.587,0.75,0.167,0.075,0
5646,67,1,7,0.971,0.456,0.793,0.0,0.093,0.226,0
5647,30,0,7,0.788,0.477,0.848,0.5,0.517,0.14,0
5648,47,1,12,1.001,0.57,0.748,0.0,0.377,0.183,0
5649,60,0,8,0.783,0.385,1.195,0.0,0.938,0.176,0
5650,60,1,5,0.837,0.636,0.463,1.0,-0.032,0.122,0
5651,35,1,7,1.039,0.538,0.503,0.0,0.05,0.362,0
5652,30,1,10,0.889,0.599,0.891,1.0,0.436,-0.033,0
5653,73,0,7,0.942,0.627,0.618,0.75,0.044,0.155,0
5654,31,1,9,0.914,0.399,0.614,0.5,-0.089,0.203,0
5655,80,1,8,0.949,0.613,0.444,0.25,-0.276,0.158,0
5656,83,1,3,0.762,0.643,0.443,0.5,-0.261,0.283,0
5657,67,1,4,0.739,0.618,0.598,0.0,0.244,0.13,0
5658,32,0,8,0.967,0.579,0.7,0.0,0.22,0.22,0
5659,78,1,6,0.743,0.6,0.638,0.75,0.254,0.038,0
5660,59,1,7,0.86,0.668,0.625,0.5,0.244,-0.072,1
5661,81,0,10,1.075,0.665,1.109,0.0,0.731,0.175,0
5662,72,1,12,0.891,0.624,0.861,0.0,0.489,0.268,0
5663,83,1,11,0.95,0.545,0.855,0.0,0.31,0.351,0
5664,61,0,3,0.732,0.581,0.473,1.0,-0.229,0.088,0
5665,58,1,9,0.966,0.662,0.8,0.0,0.105,0.217,0
5666,49,0,3,0.787,0.589,0.671,0.5,0.236,-0.101,0
5667,32,0,5,0.703,0.65,0.479,0.25,0.034,0.12,0
5668,36,1,4,0.984,0.59,0.816,0.75,0.137,0.232,0
5669,49,0,6,0.93,0.67,0.787,0.0,0.239,0.24,0
5670,52,0,7,0.624,0.756,0.884,0.75,0.196,-0.114,0
5671,43,0,12,0.988,0.473,1.183,1.0,0.853,0.079,0
5672,30,1,10,0.886,0.504,0.88,0.5,0.178,0.037,0
5673,61,1,10,0.95,0.556,0.787,0.25,0.385,0.12,0
5674,43,0,9,1.012,0.593,0.706,0.25,0.114,0.064,0
5675,33,1,9,0.813,0.625,0.722,0.0,0.341,-0.022,0
5676,56,1,5,0.721,0.534,0.528,0.5,0.029,-0.038,0
5677,75,1,4,0.752,0.704,0.586,0.0,0.23,-0.067,0
5678,55,0,11,0.729,0.476,0.882,0.0,0.182,-0.07,0
5679,68,0,3,0.733,0.593,0.453,0.25,-0.028,-0.072,0
5680,38,1,12,0.851,0.436,1.257,0.0,0.633,0.172,0
5681,77,0,8,0.927,0.607,0.778,0.0,0.078,0.282,0
5682,51,0,7,0.847,0.707,0.749,0.25,0.247,0.196,0
5683,52,1,7,0.977,0.482,0.556,0.5,-0.002,0.122,0
5684,56,1,3,0.659,0.65,0.497,0.0,-0.011,0.012,0
5685,60,0,6,0.99,0.633,0.555,0.0,-0.04,0.214,0
5686,60,0,3,0.956,0.571,0.509,0.0,-0.004,0.129,0
5687,44,0,12,0.829,0.461,0.997,0.25,0.583,-0.051,0
5688,73,0,11,0.961,0.543,0.747,0.0,0.555,0.071,0
5689,69,0,7,1.199,0.641,0.59,0.0,0.202,0.493,0
5690,79,0,9,0.862,0.578,0.815,0.25,0.351,-0.07,0
5691,32,1,8,0.899,0.72,0.855,0.0,0.47,0.288,0
5692,53,1,5,0.732,0.528,0.258,0.0,-0.144,-0.072,0
5693,78,1,4,0.7,0.576,0.788,1.0,0.157,0.065,0
5694,76,1,4,0.791,0.647,0.419,0.75,-0.336,-0.02,0
5695,53,1,11,0.7,0.587,1.071,0.0,0.466,0.04,0
5696,79,0,10,0.7,0.677,1.13,0.0,0.728,-0.011,0
5697,35,0,12,0.893,0.585,1.05,0.0,0.464,0.196,0
5698,31,0,9,0.795,0.524,0.657,0.75,0.265,-0.029,0
5699,32,1,6,0.893,0.644,0.687,0.0,0.658,0.31,0
5700,48,0,5,0.877,0.536,0.801,1.0,0.48,0.065,0
5701,64,0,5,0.909,0.694,0.275,0.5,-0.502,0.252,0
5702,35,1,11,0.751,0.7,0.655,0.0,0.389,0.037,0
5703,65,1,6,0.919,0.509,0.579,0.75,-0.026,0.124,0
5704,45,1,6,0.788,0.605,0.821,0.0,0.231,-0.027,0
5705,32,1,4,0.948,0.648,0.573,0.0,0.238,0.205,0
5706,36,0,3,0.62,0.596,0.726,0.75,0.155,-0.175,0
5707,56,0,7,1.092,0.695,0.423,0.0,0.099,0.492,0
5708,78,0,7,0.768,0.515,0.807,0.0,0.524,0.02,0
5709,44,0,8,0.768,0.644,0.785,0.0,0.411,0.045,0
5710,62,1,5,0.741,0.626,0.861,0.25,0.547,0.2,0
5711,54,1,8,0.89,0.358,0.934,0.0,0.529,0.205,0
5712,38,0,7,0.7,0.47,1.088,0.0,0.659,-0.179,0
5713,72,0,6,0.971,0.498,0.831,0.0,0.186,0.231,0
5714,70,0,6,0.752,0.618,0.629,0.75,0.221,-0.093,0
5715,42,1,8,1.101,0.672,0.546,0.25,0.052,0.244,0
5716,77,1,9,0.914,0.436,0.723,0.5,0.426,0.214,1
5717,52,1,8,0.783,0.597,0.803,1.0,0.438,0.075,0
5718,60,1,9,1.073,0.616,0.815,0.5,0.568,0.399,0
5719,47,0,12,1.097,0.527,0.935,0.5,0.445,0.322,0
5720,42,1,10,0.976,0.595,0.713,0.0,0.068,0.09,0
5721,49,0,8,0.806,0.7,1.215,0.0,0.701,0.215,0
5722,84,0,9,0.987,0.542,0.932,0.5,0.434,0.163,0
5723,84,0,4,0.768,0.51,0.367,0.0,-0.181,-0.043,0
5724,55,1,3,0.851,0.533,0.433,0.0,0.052,0.101,0
5725,54,0,4,0.861,0.605,0.641,0.0,0.15,0.226,0
5726,63,0,7,0.813,0.616,0.904,0.5,0.509,-0.139,0
5727,38,1,11,0.899,0.541,0.955,0.0,0.511,0.2,0
5728,51,1,11,1.161,0.604,0.663,0.25,0.552,0.413,0
5729,41,1,12,0.812,0.493,1.108,1.0,0.884,0.181,0
5730,60,0,8,0.768,0.551,0.774,0.75,0.111,0.124,0
5731,48,1,6,0.935,0.61,1.026,0.75,0.665,0.197,0
5732,50,0,9,0.677,0.604,0.814,1.0,0.353,-0.113,0
5733,37,0,6,0.896,0.55,0.592,0.0,0.043,0.055,0
5734,48,1,4,0.811,0.626,0.648,0.5,0.135,0.08,0
5735,55,1,9,0.69,0.491,1.066,0.5,0.54,-0.193,0
5736,67,1,5,0.938,0.64,0.648,0.25,0.248,0.4,0
5737,48,0,6,0.616,0.516,0.929,0.75,0.535,-0.107,0
5738,71,0,5,0.745,0.603,0.255,0.0,-0.268,0.223,0
5739,39,0,5,0.905,0.483,0.24,0.0,0.113,0.287,0
5740,57,0,5,1.091,0.479,0.602,0.0,0.15,0.365,0
5741,41,1,9,1.012,0.599,0.906,0.5,0.352,0.305,0
5742,75,0,12,1.033,0.459,0.822,0.25,-0.001,0.19,0
5743,57,0,10,0.962,0.484,0.813,0.75,0.65,0.144,0
5744,58,0,5,0.682,0.655,0.458,0.0,-0.165,0.179,0
5745,32,0,3,0.862,0.741,0.61,1.0,0.258,0.087,0
5746,63,0,11,0.982,0.537,0.614,0.0,0.147,0.273,0
5747,80,1,3,0.765,0.599,0.542,0.0,0.061,0.032,0
5748,79,1,5,0.967,0.611,0.7,0.5,0.579,0.181,0
5749,66,0,11,0.871,0.611,1.001,0.0,0.474,0.185,0
5750,81,1,12,0.953,0.437,0.923,1.0,0.773,0.149,0
5751,69,1,8,0.706,0.59,0.607,0.5,0.293,0.189,0
5752,77,1,4,0.805,0.596,0.7,0.0,0.032,-0.052,1
5753,41,1,11,1.076,0.509,0.979,0.0,0.586,0.491,0
5754,80,1,7,0.704,0.59,0.766,1.0,0.215,-0.082,1
5755,47,0,12,0.855,0.663,0.981,0.25,0.786,0.211,0
5756,51,1,6,0.813,0.534,0.744,0.5,0.319,0.218,0
5757,53,0,10,0.894,0.605,0.933,0.75,0.7,0.411,0
5758,53,1,7,0.928,0.478,0.718,0.25,0.51,0.354,0
5759,38,0,11,0.941,0.637,0.778,0.25,0.064,0.213,0
5760,37,1,6,0.826,0.544,1.008,0.5,0.533,-0.063,0
5761,73,0,12,0.7,0.495,0.638,0.0,-0.062,-0.022,0
5762,40,1,7,0.8,0.7,1.103,0.25,0.817,0.213,0
5763,73,0,11,1.045,0.59,0.908,0.0,0.549,0.247,0
5764,52,1,9,0.834,0.652,0.702,0.0,0.254,0.025,0
5765,53,0,12,0.789,0.577,1.01,0.0,0.693,-0.093,0
5766,58,1,3,0.886,0.598,0.426,0.0,0.28,0.258,0
5767,77,1,8,0.947,0.549,0.783,0.0,0.018,0.088,0
5768,79,1,4,0.877,0.575,0.694,0.0,0.194,0.255,0
5769,53,0,8,0.707,0.53,0.806,1.0,0.351,-0.059,0
5770,36,0,5,0.965,0.504,0.563,0.5,0.378,0.149,0
5771,32,1,7,0.72,0.659,0.453,0.0,0.115,-0.19,0
5772,70,0,10,0.955,0.549,0.925,0.0,0.689,0.058,0
5773,80,1,11,1.062,0.583,0.838,0.0,0.3,0.256,0
5774,66,1,3,0.601,0.615,0.658,0.5,0.125,-0.035,0
5775,57,0,11,1.106,0.471,1.205,0.5,0.605,0.545,0
5776,30,1,8,0.902,0.626,0.664,0.5,0.227,0.169,0
5777,46,0,4,0.866,0.524,0.67,0.25,0.099,0.118,0
5778,48,0,11,0.7,0.569,1.005,0.0,0.381,-0.037,0
5779,70,0,12,0.7,0.505,0.754,0.0,0.115,-0.144,0
5780,79,0,4,0.724,0.545,0.77,0.0,0.42,0.042,0
5781,62,1,9,1.07,0.47,0.928,0.25,0.728,0.409,0
5782,43,0,5,0.828,0.699,0.893,0.5,0.247,0.211,0
5783,50,1,8,0.961,0.633,0.615,0.0,-0.265,0.281,0
5784,43,1,6,0.7,0.396,0.641,0.0,0.449,-0.086,0
5785,51,0,3,1.144,0.577,0.429,0.0,-0.03,0.589,0
5786,77,1,10,0.77,0.614,0.577,0.0,0.23,0.161,0
5787,51,0,7,0.91,0.44,0.977,0.25,0.387,0.225,0
5788,38,0,8,0.696,0.626,0.816,0.0,0.432,0.003,0
5789,84,1,5,0.86,0.575,0.551,0.0,0.219,0.479,0
5790,50,0,4,0.7,0.529,0.895,1.0,0.74,0.131,0
5791,70,1,5,0.86,0.563,0.672,0.5,0.171,0.047,1
5792,51,1,3,0.7,0.651,0.697,0.0,0.064,-0.019,0
5793,76,1,6,0.989,0.697,0.393,0.0,0.122,0.191,0
5794,38,0,8,0.925,0.551,0.691,0.0,0.25,0.151,0
5795,39,1,7,0.844,0.428,1.196,0.0,0.746,-0.02,0
5796,48,1,12,1.017,0.585,1.01,1.0,0.48,0.262,0
5797,63,0,11,0.858,0.548,1.195,0.5,0.638,0.074,0
5798,50,0,11,0.999,0.525,0.806,0.0,0.397,0.142,0
5799,65,1,12,1.01,0.581,1.186,0.0,0.59,0.132,0
5800,56,0,7,0.856,0.555,0.695,0.5,-0.005,-0.12,0
5801,43,1,6,0.849,0.544,0.315,0.0,-0.194,-0.043,0
5802,80,1,11,1.078,0.455,0.85,0.0,0.255,0.062,1
5803,71,1,4,0.699,0.497,0.564,0.0,0.103,-0.008,0
5804,35,0,7,0.914,0.681,0.837,0.0,0.787,0.205,0
5805,33,0,5,0.89,0.616,0.521,0.5,0.084,0.347,0
5806,39,0,11,0.903,0.555,0.791,0.25,0.174,0.034,0
5807,59,1,11,0.882,0.682,1.047,0.0,0.561,0.113,0
5808,56,1,3,0.84,0.665,0.38,0.0,-0.096,0.352,0
5809,74,0,3,0.7,0.515,0.731,0.0,0.031,0.066,0
5810,79,0,5,0.763,0.492,0.605,0.0,-0.095,0.071,0
5811,84,0,12,0.962,0.476,1.101,0.0,0.634,0.18,0
5812,31,1,12,0.825,0.493,0.994,0.75,0.175,0.048,0
5813,41,1,6,0.84,0.649,0.469,0.75,-0.058,0.095,0
5814,39,0,4,0.704,0.54,0.453,0.0,0.112,0.218,0
5815,75,0,12,0.913,0.548,0.885,0.0,0.43,0.151,0
5816,69,1,4,0.931,0.548,0.623,1.0,0.285,-0.055,0
5817,76,0,11,0.68,0.417,0.886,0.5,0.499,-0.097,0
5818,45,0,6,0.684,0.364,1.067,0.0,0.735,0.043,0
5819,49,0,5,0.779,0.601,0.623,0.0,0.051,0.029,0
5820,37,0,11,0.842,0.569,0.936,0.0,0.261,0.139,0
5821,68,1,9,1.068,0.502,0.7,0.25,0.36,0.33,0
5822,79,0,3,0.51,0.711,0.339,0.0,0.04,-0.142,0
5823,55,0,10,0.709,0.612,0.824,0.0,0.046,-0.282,0
5824,81,1,8,1.033,0.557,0.734,0.0,0.414,-0.0,0
5825,68,1,10,0.758,0.7,0.719,0.25,0.464,-0.05,0
5826,80,1,12,0.936,0.593,1.1,0.25,0.847,0.181,1
5827,81,0,4,0.794,0.536,0.316,0.5,0.151,0.157,0
5828,81,0,9,0.863,0.645,0.744,0.5,0.364,-0.076,0
5829,67,1,6,0.846,0.542,0.575,0.75,0.165,0.002,0
5830,83,1,5,0.854,0.661,0.746,0.5,0.355,0.109,0
5831,34,0,4,0.902,0.69,0.752,0.0,0.114,0.174,0
5832,79,1,10,0.782,0.629,0.677,0.0,0.204,0.204,0
5833,58,0,11,0.768,0.676,1.262,0.5,0.703,0.111,0
5834,61,0,3,0.769,0.645,0.434,0.0,-0.226,-0.072,0
5835,33,0,8,0.69,0.663,0.994,0.5,0.499,-0.092,0
5836,46,0,8,1.042,0.676,0.403,0.5,-0.412,0.378,0
5837,59,0,11,0.858,0.572,0.795,0.0,0.462,0.152,0
5838,83,0,5,1.126,0.528,0.655,0.0,0.108,0.327,0
5839,53,0,12,1.005,0.53,0.922,0.5,0.473,0.358,1
5840,44,1,4,0.804,0.676,0.581,0.25,0.212,-0.047,0
5841,67,1,10,0.881,0.606,0.679,0.25,0.304,0.069,0
5842,60,0,7,0.738,0.599,0.675,0.0,0.24,-0.132,0
5843,35,1,6,0.829,0.54,0.47,0.0,0.572,0.039,0
5844,62,1,10,0.905,0.5,0.504,0.75,-0.002,-0.013,0
5845,75,1,6,1.043,0.58,0.436,0.5,-0.245,0.502,0
5846,33,1,11,0.942,0.579,0.716,0.25,0.211,0.181,0
5847,30,0,7,0.816,0.491,0.66,0.25,0.173,-0.004,0
5848,47,1,9,0.73,0.436,0.705,0.0,0.486,0.136,0
5849,48,0,12,1.061,0.765,0.762,1.0,0.357,0.486,0
5850,77,0,12,0.988,0.56,0.97,0.25,0.613,0.588,0
5851,79,1,9,1.012,0.482,0.769,0.0,0.396,0.209,1
5852,50,1,11,1.074,0.35,1.04,0.0,0.796,0.298,0
5853,35,1,11,1.079,0.628,0.884,0.0,0.271,0.19,0
5854,49,0,3,0.662,0.574,0.706,1.0,0.447,-0.187,0
5855,66,0,6,0.772,0.595,0.59,0.25,0.047,-0.219,0
5856,70,0,3,0.954,0.752,0.567,0.25,-0.008,0.155,0
5857,60,0,7,0.991,0.5,0.394,0.0,-0.055,0.352,0
5858,80,0,5,1.088,0.634,0.948,0.0,0.433,0.253,0
5859,40,1,9,0.732,0.637,0.909,1.0,0.476,-0.096,0
5860,78,0,11,1.112,0.611,1.071,0.0,0.456,0.423,0
5861,75,0,3,0.814,0.671,0.62,1.0,0.067,0.101,1
5862,34,0,11,1.108,0.606,0.7,0.0,0.216,0.215,0
5863,39,0,10,0.938,0.454,0.715,0.0,0.342,0.222,0
5864,50,0,9,0.846,0.466,0.579,0.25,-0.031,0.029,0
5865,71,1,11,0.837,0.527,0.653,0.0,0.031,0.061,0
5866,66,0,12,1.06,0.679,0.963,0.0,0.469,0.231,0
5867,77,0,11,1.085,0.651,0.667,0.5,0.262,0.096,0
5868,41,1,5,0.568,0.628,0.578,0.25,0.022,-0.315,0
5869,83,1,10,0.95,0.574,0.714,1.0,0.196,0.301,1
5870,81,1,9,0.915,0.543,0.638,0.0,0.152,0.376,0
5871,62,1,9,1.127,0.507,0.709,0.75,0.21,0.347,0
5872,51,0,3,0.856,0.518,0.483,0.5,-0.207,0.069,0
5873,71,0,12,1.205,0.492,1.147,0.0,0.665,0.676,0
5874,38,1,6,0.897,0.619,0.676,0.25,-0.025,0.12,0
5875,60,1,4,0.868,0.593,0.459,0.0,0.24,0.246,0
5876,38,1,11,0.884,0.659,1.036,0.0,0.554,0.182,0
5877,51,0,5,0.904,0.554,0.873,0.0,0.598,0.131,0
5878,52,0,7,0.98,0.668,0.7,0.25,0.433,0.271,0
5879,68,1,4,0.852,0.71,0.586,0.0,0.105,0.197,0
5880,34,0,3,0.69,0.635,0.627,1.0,0.108,0.149,0
5881,41,1,4,0.886,0.712,0.726,0.0,-0.046,0.254,0
5882,47,0,6,0.825,0.61,0.62,0.0,-0.01,0.177,0
5883,76,0,5,0.851,0.605,0.577,0.25,0.125,0.04,0
5884,61,1,4,0.817,0.56,0.697,1.0,0.173,0.001,0
5885,37,1,5,0.711,0.637,0.546,0.0,-0.009,0.068,0
5886,49,1,10,0.865,0.545,0.831,0.75,0.25,0.068,0
5887,34,1,3,0.523,0.608,0.596,0.25,-0.367,-0.408,0
5888,74,1,8,0.693,0.44,0.985,0.0,0.889,-0.06,1
5889,80,0,11,0.907,0.541,0.708,0.25,0.174,-0.007,0
5890,48,0,9,0.856,0.652,0.812,0.5,0.231,0.102,0
5891,40,0,3,1.044,0.702,0.807,0.0,0.444,0.292,0
5892,68,0,11,1.008,0.633,0.837,0.0,0.07,0.265,0
5893,61,1,3,0.817,0.703,0.676,1.0,-0.017,-0.058,0
5894,62,1,12,0.863,0.55,0.722,0.5,0.217,0.301,1
5895,82,1,7,0.95,0.679,0.87,0.0,0.248,0.342,0
5896,83,0,4,0.7,0.676,0.642,0.25,-0.058,-0.024,0
5897,75,1,8,1.111,0.717,0.999,0.5,0.758,0.269,1
5898,30,0,12,0.966,0.652,1.161,0.25,0.719,0.127,0
5899,77,1,6,0.768,0.528,0.805,0.0,0.605,-0.135,0
5900,74,1,6,0.992,0.423,0.58,0.25,0.09,0.393,0
5901,41,1,4,0.734,0.63,0.596,0.0,0.124,-0.076,0
5902,60,1,6,1.04,0.653,0.668,0.0,0.221,0.437,0
5903,49,0,12,0.941,0.461,0.805,0.0,0.305,0.245,0
5904,47,1,10,1.005,0.459,0.513,0.0,0.218,0.534,0
5905,38,1,6,0.831,0.607,0.719,0.0,0.425,0.105,0
5906,41,1,8,0.957,0.559,0.869,0.75,0.199,0.364,0
5907,57,1,5,0.814,0.499,0.6,0.0,0.122,0.016,0
5908,37,0,11,0.738,0.7,0.674,0.0,0.141,-0.028,0
5909,72,1,9,0.867,0.6,0.829,0.75,0.287,0.037,0
5910,56,1,7,0.59,0.566,0.845,0.0,0.349,-0.348,0
5911,83,1,10,0.7,0.563,0.876,0.5,0.367,-0.142,1
5912,32,1,11,0.971,0.598,1.216,0.0,0.494,0.085,0
5913,62,1,6,0.918,0.567,0.572,0.5,-0.15,0.03,0
5914,58,1,5,0.948,0.506,0.808,0.0,0.346,0.12,0
5915,64,1,6,1.101,0.528,0.522,0.5,0.081,0.246,0
5916,61,1,6,0.791,0.519,0.644,0.0,0.15,0.075,0
5917,63,1,4,0.708,0.766,0.641,0.25,0.475,0.125,0
5918,59,0,10,0.909,0.384,0.925,0.0,0.45,0.39,0
5919,61,1,10,0.923,0.516,0.7,0.5,0.057,0.083,0
5920,33,1,5,0.727,0.608,0.736,0.0,0.036,0.021,0
5921,47,0,9,0.968,0.571,0.643,0.0,0.016,0.171,0
5922,55,0,4,0.79,0.559,0.719,0.0,0.445,0.039,0
5923,35,0,4,0.946,0.518,0.727,0.0,0.008,0.185,0
5924,58,0,12,1.077,0.606,1.047,0.5,0.623,0.383,0
5925,73,1,7,0.959,0.414,0.609,0.0,0.201,0.183,0
5926,38,0,4,0.81,0.557,0.663,0.0,0.296,0.11,0
5927,73,1,6,0.983,0.649,0.341,0.75,-0.159,0.378,0
5928,53,1,7,0.775,0.52,0.661,0.25,0.136,0.145,0
5929,77,1,7,0.875,0.61,0.798,0.75,0.472,0.153,1
5930,34,0,10,1.166,0.61,1.04,0.0,0.692,0.466,0
5931,34,1,4,0.861,0.635,0.292,0.0,-0.281,0.245,0
5932,35,1,6,0.818,0.363,0.663,0.0,0.094,-0.109,0
5933,76,1,7,0.605,0.457,0.471,0.5,0.138,0.021,0
5934,58,1,3,0.806,0.7,0.574,0.5,0.322,0.06,0
5935,60,1,11,1.115,0.595,0.818,0.0,0.322,0.389,0
5936,36,1,7,1.043,0.546,0.723,0.0,0.525,0.195,0
5937,64,1,12,1.083,0.508,0.665,0.75,0.153,0.214,0
5938,35,1,12,0.956,0.47,1.019,0.75,0.479,0.163,0
5939,38,0,9,0.847,0.477,0.881,0.25,0.391,0.15,0
5940,47,0,11,0.867,0.539,0.965,0.25,0.677,0.036,0
5941,53,1,3,0.844,0.554,0.494,0.0,0.126,-0.024,0
5942,71,0,8,1.108,0.577,0.809,0.25,0.219,0.126,0
5943,56,1,10,0.962,0.48,0.714,0.5,0.119,0.2,0
5944,61,0,11,1.066,0.587,0.85,0.5,0.15,0.439,0
5945,79,1,11,0.7,0.573,1.074,0.0,0.408,0.032,0
5946,51,1,11,1.032,0.519,0.805,0.5,0.381,0.332,0
5947,43,1,7,0.754,0.666,0.501,0.25,0.055,0.069,0
5948,75,1,8,0.77,0.457,0.659,0.25,-0.053,0.117,0
5949,43,0,6,0.981,0.532,0.589,0.0,0.304,0.257,0
5950,74,1,3,0.857,0.551,0.435,0.5,0.134,0.249,0
5951,70,0,5,0.872,0.692,0.653,0.0,0.013,0.121,0
5952,42,1,4,0.635,0.578,0.496,0.0,-0.053,-0.04,0
5953,48,0,12,1.248,0.551,0.862,0.25,0.455,0.557,0
5954,69,1,8,0.682,0.457,0.727,0.0,0.377,-0.21,0
5955,61,0,8,0.957,0.669,0.835,0.0,0.404,0.278,0
5956,78,1,3,1.013,0.673,0.616,0.0,0.028,0.179,0
5957,78,1,12,1.057,0.563,1.183,0.0,0.628,0.1,0
5958,46,1,5,0.768,0.533,0.967,0.25,0.481,0.051,0
5959,46,0,5,0.823,0.513,0.936,0.0,0.557,0.08,0
5960,40,1,3,1.018,0.555,0.796,0.25,0.269,0.614,0
5961,48,0,3,0.663,0.7,0.633,0.0,0.14,0.034,0
5962,64,0,6,0.793,0.494,0.812,0.0,0.267,0.081,0
5963,75,1,10,1.049,0.642,0.741,0.0,0.346,0.211,0
5964,80,1,5,0.877,0.595,0.676,0.0,0.429,0.022,0
5965,76,1,11,1.046,0.439,0.852,0.75,0.314,0.439,0
5966,66,1,9,0.954,0.353,0.598,0.25,0.07,0.236,0
5967,77,1,6,0.697,0.563,0.454,0.5,0.015,0.219,0
5968,79,0,6,0.799,0.623,0.7,0.5,0.142,0.06,0
5969,51,1,10,0.933,0.46,0.655,0.25,0.289,0.386,0
5970,79,1,5,0.996,0.663,0.683,0.25,0.559,0.154,0
5971,75,1,8,0.867,0.672,0.963,0.75,0.418,0.289,1
5972,35,0,7,0.793,0.623,0.557,0.5,0.144,-0.139,0
5973,33,0,9,0.962,0.598,0.845,0.5,0.064,0.433,0
5974,44,0,10,0.7,0.552,0.732,0.25,0.291,-0.081,0
5975,65,1,12,0.978,0.452,0.962,0.5,0.375,0.217,0
5976,61,0,4,0.92,0.553,0.7,0.0,0.324,0.359,0
5977,61,0,5,0.745,0.551,0.792,0.25,0.23,0.096,0
5978,68,0,6,0.928,0.726,0.661,0.0,0.106,0.111,0
5979,44,1,10,1.001,0.397,0.743,1.0,0.107,0.287,0
5980,84,1,5,0.786,0.532,0.465,0.0,-0.128,0.134,0
5981,44,1,11,0.712,0.567,0.759,0.0,0.312,-0.016,0
5982,32,1,8,0.953,0.7,0.551,0.25,0.259,0.409,0
5983,58,1,7,0.921,0.659,0.621,0.5,0.099,0.178,0
5984,83,0,10,0.797,0.558,0.832,0.25,0.684,0.027,0
5985,49,1,6,1.077,0.756,0.697,0.0,0.379,0.311,0
5986,79,0,3,0.783,0.785,0.648,0.0,0.181,-0.057,0
5987,40,0,9,0.847,0.696,0.79,0.0,0.544,0.263,0
5988,57,1,12,0.891,0.596,0.916,0.75,0.424,0.296,0
5989,74,0,3,0.727,0.617,0.718,0.0,0.431,0.058,0
5990,48,0,8,0.701,0.7,0.979,0.0,0.706,0.228,0
5991,80,1,4,0.92,0.669,0.451,0.0,-0.079,0.181,0
5992,64,0,9,0.873,0.666,0.676,0.0,0.154,0.217,0
5993,73,0,9,0.7,0.565,1.033,0.0,0.705,-0.163,0
5994,65,1,8,1.053,0.68,0.572,0.0,0.322,0.274,1
5995,45,1,11,0.835,0.468,0.581,1.0,0.144,0.188,0
5996,46,0,10,0.841,0.461,0.75,0.5,0.409,0.363,0
5997,77,1,9,0.949,0.539,0.826,0.0,0.15,0.149,0
5998,82,1,5,0.947,0.597,0.615,0.25,0.567,0.176,0
5999,58,1,6,0.836,0.645,0.742,0.5,0.236,0.07,1
6000,64,1,11,0.968,0.473,0.521,1.0,0.519,0.281,0
6001,80,0,3,0.534,0.553,0.525,0.5,0.296,-0.349,0
6002,64,1,3,0.724,0.612,0.426,0.0,0.054,0.053,0
6003,69,0,12,0.919,0.623,0.72,0.75,0.4,0.271,1
6004,74,0,4,0.787,0.627,0.348,0.0,0.155,0.115,0
6005,32,0,6,0.936,0.723,0.733,0.75,0.188,0.346,0
6006,59,0,5,0.675,0.518,0.628,0.25,0.062,-0.124,0
6007,57,0,11,0.918,0.624,0.855,0.0,0.465,0.118,0
6008,75,1,10,0.949,0.535,0.759,0.75,0.494,0.263,1
6009,62,0,8,0.974,0.571,0.735,0.25,0.348,0.422,0
6010,81,1,3,0.706,0.635,0.772,0.0,0.096,-0.111,0
6011,77,1,8,0.759,0.495,0.978,0.25,0.347,0.033,1
6012,36,1,11,0.896,0.463,0.786,0.25,0.214,0.21,0
6013,73,1,9,0.943,0.51,0.66,0.0,0.435,0.091,0
6014,62,1,12,0.7,0.458,0.811,0.0,0.111,-0.011,0
6015,68,0,11,0.878,0.585,1.0,0.0,0.472,-0.072,0
6016,53,1,6,0.871,0.565,0.798,0.25,0.141,0.144,0
6017,75,1,7,0.581,0.414,0.418,0.5,-0.144,-0.01,0
6018,74,0,6,0.849,0.619,0.645,0.0,0.001,0.101,0
6019,68,1,4,0.689,0.638,0.557,0.0,0.051,-0.202,0
6020,33,0,10,0.894,0.608,0.702,0.25,-0.094,0.197,0
6021,78,1,7,0.922,0.662,0.445,0.0,-0.019,0.242,0
6022,30,0,6,0.947,0.556,0.939,0.75,0.418,0.237,0
6023,40,0,3,0.744,0.544,0.63,0.0,0.212,0.059,0
6024,51,1,5,0.838,0.588,0.617,0.25,0.365,0.188,0
6025,64,0,10,0.956,0.37,0.904,0.25,0.341,0.091,0
6026,56,1,11,0.946,0.502,0.875,1.0,0.394,0.222,0
6027,47,1,10,0.934,0.607,0.891,1.0,0.382,0.257,0
6028,35,0,8,0.93,0.439,0.858,0.0,0.075,-0.011,0
6029,81,0,3,0.984,0.617,0.571,0.5,-0.021,0.345,0
6030,36,0,8,0.835,0.574,0.524,0.5,-0.031,-0.116,0
6031,44,1,11,0.864,0.583,0.778,1.0,0.161,0.136,0
6032,43,1,3,0.977,0.7,0.527,0.0,0.053,0.259,0
6033,59,0,8,1.036,0.57,0.71,0.25,0.296,0.185,0
6034,83,0,10,0.871,0.658,1.061,0.0,0.349,0.32,0
6035,60,0,10,0.646,0.571,0.801,0.5,0.362,-0.083,0
6036,52,0,10,0.923,0.605,0.65,0.0,0.111,0.153,0
6037,59,0,9,0.648,0.478,0.928,0.25,0.109,-0.055,0
6038,69,1,6,1.0,0.566,0.697,0.0,0.285,0.455,0
6039,68,0,5,0.805,0.699,0.482,0.0,0.238,-0.019,0
6040,56,1,10,0.816,0.555,0.942,0.25,0.577,0.08,0
6041,57,0,7,0.86,0.347,0.764,0.0,0.604,-0.089,0
6042,40,0,6,0.884,0.527,0.567,0.0,0.247,0.213,0
6043,54,0,10,1.028,0.382,0.853,0.75,0.338,0.213,0
6044,55,0,5,0.734,0.658,0.217,1.0,-0.277,0.092,0
6045,66,0,5,0.979,0.565,0.995,0.5,0.439,0.343,0
6046,83,0,8,0.952,0.484,0.585,0.25,0.117,0.218,0
6047,55,1,6,0.843,0.498,0.535,0.5,-0.165,0.185,0
6048,52,0,11,1.079,0.545,0.74,0.5,0.102,0.208,0
6049,71,1,3,0.865,0.645,0.359,0.5,-0.295,0.228,0
6050,81,1,11,1.082,0.603,0.718,0.0,0.538,0.624,0
6051,75,1,4,1.091,0.59,0.819,0.0,0.189,0.289,0
6052,43,1,8,0.772,0.554,0.776,0.75,0.291,0.097,0
6053,43,0,6,0.888,0.645,0.645,0.0,0.215,0.224,0
6054,37,1,4,0.822,0.494,0.708,0.0,0.283,-0.087,0
6055,47,1,4,0.671,0.472,0.606,0.5,-0.14,-0.203,0
6056,44,0,8,0.841,0.498,0.615,0.0,0.294,0.049,0
6057,54,0,6,0.767,0.729,0.651,0.75,0.241,0.075,0
6058,43,1,6,0.768,0.621,0.708,0.0,0.547,0.304,0
6059,38,0,3,0.892,0.534,0.261,0.0,-0.075,-0.006,0
6060,57,0,12,0.979,0.685,0.957,0.5,0.534,0.105,0
6061,66,1,4,1.007,0.581,0.383,0.0,0.188,0.289,0
6062,43,1,5,1.095,0.566,0.815,0.0,0.342,0.247,0
6063,75,0,7,0.93,0.545,0.751,0.75,0.475,0.044,0
6064,64,1,10,0.671,0.579,0.513,0.25,0.329,-0.16,0
6065,72,0,4,0.589,0.544,0.707,0.0,0.374,-0.271,0
6066,34,1,10,0.877,0.68,0.664,0.0,0.063,0.192,0
6067,46,0,4,0.826,0.502,0.542,0.0,0.087,0.356,0
6068,56,1,11,1.08,0.579,0.679,0.0,0.288,0.152,0
6069,65,1,3,0.79,0.46,0.354,0.0,0.139,0.016,0
6070,75,1,12,0.924,0.569,0.982,0.0,0.602,0.163,0
6071,33,1,5,0.915,0.576,0.609,0.75,0.088,0.066,0
6072,58,0,5,1.052,0.66,0.726,0.0,0.472,0.267,0
6073,31,1,7,0.876,0.582,0.933,0.0,0.635,0.092,0
6074,61,1,11,0.883,0.468,0.668,0.25,0.064,0.095,0
6075,61,0,12,1.048,0.49,1.156,0.0,0.796,0.116,0
6076,59,0,6,0.725,0.499,0.686,0.0,0.265,0.061,0
6077,44,1,3,0.817,0.729,0.76,1.0,0.334,0.024,0
6078,43,1,3,0.889,0.6,0.398,0.25,-0.007,0.164,0
6079,51,1,12,1.047,0.567,0.93,0.0,0.316,0.349,0
6080,52,0,3,0.85,0.563,0.293,0.25,-0.354,0.136,0
6081,75,1,4,0.672,0.675,0.647,0.0,0.449,-0.065,0
6082,70,0,8,0.867,0.414,0.804,0.75,0.273,0.252,0
6083,50,0,5,0.732,0.627,0.446,0.0,-0.106,0.045,0
6084,66,0,11,0.875,0.494,1.244,0.75,0.921,0.092,0
6085,37,0,3,1.015,0.59,0.596,0.0,-0.104,0.217,0
6086,82,0,12,1.006,0.549,0.864,0.75,0.572,0.133,0
6087,30,0,8,1.023,0.662,0.921,0.5,0.552,0.323,0
6088,64,0,12,0.887,0.568,1.134,1.0,0.888,0.315,1
6089,78,0,9,0.737,0.565,0.54,0.75,0.063,0.08,0
6090,55,0,5,0.764,0.638,0.622,0.75,0.373,-0.011,0
6091,41,1,10,0.934,0.7,0.788,0.25,0.088,0.051,0
6092,31,0,4,0.55,0.596,0.428,0.25,-0.168,-0.106,0
6093,84,1,4,0.7,0.661,0.765,1.0,0.686,-0.029,0
6094,58,1,5,1.04,0.518,0.608,0.25,-0.048,0.301,0
6095,61,0,3,0.639,0.509,0.349,0.0,-0.037,-0.088,0
6096,51,0,6,0.873,0.532,0.75,0.75,0.259,0.173,0
6097,75,1,4,0.779,0.612,0.905,1.0,0.643,0.085,0
6098,46,1,3,0.863,0.626,0.7,0.0,0.134,0.257,0
6099,76,1,3,0.863,0.65,0.558,0.0,0.22,0.321,0
6100,73,0,5,0.779,0.59,0.678,0.0,0.375,-0.127,1
6101,82,0,12,0.873,0.451,0.885,0.5,0.44,0.217,0
6102,66,0,12,0.96,0.443,0.882,0.0,0.361,0.132,0
6103,37,0,12,0.954,0.514,0.853,0.0,0.404,0.296,0
6104,76,1,12,0.969,0.603,0.896,1.0,0.529,0.205,1
6105,44,0,9,0.94,0.54,0.953,0.0,0.294,0.332,0
6106,43,0,10,0.784,0.595,0.906,0.0,0.599,-0.172,0
6107,42,1,12,0.856,0.457,0.805,0.0,0.025,-0.002,0
6108,52,1,7,0.77,0.552,0.663,0.5,0.442,0.135,0
6109,82,1,12,1.077,0.549,1.039,0.0,0.771,0.249,0
6110,61,1,11,1.031,0.514,0.79,0.0,0.283,0.213,0
6111,46,0,12,1.102,0.408,1.309,0.5,0.807,0.4,0
6112,38,1,11,1.119,0.7,0.765,1.0,0.127,0.315,0
6113,37,1,8,0.741,0.369,0.689,0.0,0.458,0.083,0
6114,56,1,10,0.7,0.478,0.862,0.0,0.447,-0.012,0
6115,73,1,4,0.792,0.558,0.481,1.0,-0.174,0.187,0
6116,49,0,8,0.715,0.636,0.895,0.75,0.466,-0.064,0
6117,51,1,9,0.913,0.679,0.789,0.0,0.676,0.165,0
6118,34,1,7,0.91,0.553,0.406,0.0,-0.003,-0.003,0
6119,36,0,12,1.145,0.563,1.155,0.0,0.764,0.404,0
6120,32,0,11,0.911,0.613,0.7,0.25,0.215,0.237,0
6121,69,0,12,1.102,0.516,0.976,0.0,0.479,0.433,0
6122,50,1,7,0.833,0.536,0.686,0.5,-0.014,-0.001,0
6123,76,0,10,1.077,0.634,0.722,0.0,-0.056,0.113,0
6124,51,0,7,0.861,0.499,0.557,1.0,-0.076,0.215,0
6125,50,1,3,0.576,0.705,0.626,0.0,0.333,-0.14,0
6126,30,1,5,0.839,0.592,0.464,0.0,0.171,0.091,0
6127,39,0,5,0.713,0.481,0.598,0.0,0.358,0.013,0
6128,50,1,12,0.843,0.556,0.802,0.25,0.354,0.107,0
6129,79,1,9,0.881,0.521,0.584,0.5,0.499,0.197,0
6130,82,1,8,0.9,0.681,0.803,0.0,0.306,0.191,0
6131,49,1,9,0.953,0.642,0.845,0.75,0.19,0.222,0
6132,47,1,4,0.74,0.558,0.391,1.0,-0.244,-0.095,0
6133,47,1,8,0.871,0.554,0.594,1.0,0.024,0.049,0
6134,68,0,8,1.014,0.449,0.958,0.0,0.235,0.258,0
6135,50,1,4,0.716,0.648,0.537,0.5,-0.128,-0.03,0
6136,82,0,10,0.923,0.451,0.575,0.0,0.144,0.306,0
6137,35,1,4,0.735,0.557,0.567,0.0,0.28,-0.244,0
6138,40,1,9,0.765,0.649,0.462,0.25,-0.176,0.14,0
6139,30,0,10,0.81,0.681,0.76,0.0,0.345,0.051,0
6140,60,1,11,1.167,0.518,1.077,0.0,0.512,0.465,0
6141,43,0,3,0.929,0.601,0.588,0.5,-0.056,0.385,0
6142,54,0,12,0.898,0.525,0.952,0.0,0.455,-0.015,0
6143,35,0,4,0.867,0.551,0.7,0.0,0.435,0.031,0
6144,71,1,4,0.568,0.639,0.808,0.0,0.462,-0.113,0
6145,49,0,6,0.766,0.551,0.763,0.0,0.098,0.253,0
6146,82,0,7,0.775,0.625,0.379,0.0,-0.211,-0.04,0
6147,36,0,5,0.799,0.7,0.665,0.0,0.405,0.065,0
6148,30,0,5,0.814,0.525,0.828,0.0,0.315,0.052,0
6149,78,1,9,1.028,0.564,0.746,0.0,0.327,0.423,0
6150,75,0,4,0.731,0.634,0.392,1.0,0.069,-0.039,0
6151,76,1,7,0.688,0.664,0.874,0.0,0.269,-0.037,0
6152,35,1,5,0.52,0.513,0.7,0.25,0.234,-0.28,0
6153,79,0,12,0.851,0.516,1.052,0.0,0.555,0.127,0
6154,43,1,9,1.005,0.644,0.857,0.5,0.508,0.278,0
6155,53,0,11,0.845,0.562,1.122,0.0,0.57,0.311,0
6156,35,1,11,1.109,0.324,0.854,0.0,0.421,0.409,0
6157,41,1,4,0.665,0.618,0.804,1.0,0.18,-0.086,0
6158,78,0,12,0.965,0.618,1.025,0.0,0.657,0.124,0
6159,67,0,10,0.904,0.648,0.625,0.0,0.329,0.154,0
6160,53,1,8,0.994,0.443,0.607,0.25,0.222,0.09,0
6161,62,0,4,0.734,0.501,0.626,0.75,0.232,-0.042,0
6162,84,0,9,1.031,0.537,0.788,0.25,0.459,0.402,1
6163,77,0,4,0.745,0.579,0.548,0.75,0.364,0.074,0
6164,73,0,3,0.645,0.615,0.53,0.0,0.013,-0.214,0
6165,73,1,7,0.969,0.498,0.549,0.0,-0.036,0.103,0
6166,84,1,9,1.07,0.582,0.797,0.25,0.35,0.308,0
6167,33,1,10,0.858,0.532,0.93,0.0,0.502,0.199,0
6168,50,0,3,0.907,0.641,0.322,0.5,0.03,0.258,0
6169,37,1,8,0.956,0.538,0.684,0.75,0.275,-0.078,0
6170,31,1,12,0.825,0.528,0.792,0.25,0.388,-0.047,0
6171,39,1,10,0.845,0.601,0.683,0.0,0.466,0.173,0
6172,51,0,5,0.959,0.61,0.697,0.5,0.206,-0.055,0
6173,39,1,7,0.893,0.502,0.942,1.0,0.286,0.144,0
6174,83,1,12,0.864,0.497,1.016,0.0,0.446,0.216,0
6175,56,0,6,0.74,0.755,0.809,0.0,0.433,0.114,0
6176,31,1,8,0.942,0.584,0.635,0.75,0.381,0.107,0
6177,81,0,10,0.899,0.484,0.654,0.25,0.265,0.266,0
6178,41,1,11,1.133,0.413,1.04,0.0,0.79,0.364,0
6179,31,1,12,0.981,0.529,0.996,0.75,0.821,0.261,0
6180,58,1,9,1.029,0.577,0.54,0.5,0.074,0.416,0
6181,64,0,7,0.815,0.626,0.768,0.0,0.436,-0.038,0
6182,79,1,4,0.771,0.528,0.847,0.0,0.34,0.016,0
6183,80,1,7,0.928,0.732,1.114,0.0,0.87,0.313,0
6184,69,1,10,1.085,0.549,1.088,0.75,0.652,0.408,0
6185,37,0,3,0.956,0.551,0.548,0.5,0.109,0.249,0
6186,66,1,5,0.956,0.666,0.566,0.0,-0.229,0.333,0
6187,60,0,8,0.692,0.485,0.771,0.0,0.164,-0.113,0
6188,64,1,10,0.7,0.5,0.902,0.5,0.124,-0.046,0
6189,39,0,5,0.744,0.7,0.709,0.0,0.424,-0.024,0
6190,74,1,8,0.822,0.636,0.862,0.5,0.269,-0.009,1
6191,63,0,7,0.717,0.386,1.071,0.75,0.687,-0.221,0
6192,56,0,4,0.708,0.588,0.76,1.0,0.06,-0.109,0
6193,61,1,10,0.902,0.677,0.584,0.25,-0.018,0.271,1
6194,64,0,3,0.856,0.611,0.706,0.5,0.314,0.16,0
6195,44,1,5,0.839,0.568,0.913,0.5,0.42,0.069,0
6196,49,1,12,0.81,0.407,0.929,0.25,0.497,0.083,0
6197,34,0,7,0.766,0.679,0.904,0.0,0.158,-0.122,0
6198,47,0,5,0.93,0.527,0.559,1.0,0.143,0.141,0
6199,32,0,11,1.009,0.492,0.798,0.0,0.463,0.239,0
6200,82,1,12,1.034,0.484,0.913,1.0,0.314,0.247,0
6201,65,0,3,0.493,0.597,0.595,0.0,0.08,-0.343,0
6202,37,1,8,0.711,0.627,0.92,0.75,0.467,-0.035,0
6203,43,1,10,0.911,0.555,0.811,0.0,0.453,0.128,0
6204,61,1,4,0.844,0.569,0.715,0.0,-0.025,0.261,1
6205,63,1,12,1.088,0.5,1.005,0.0,0.56,0.301,0
6206,33,1,9,0.893,0.538,0.876,0.0,0.523,0.118,0
6207,49,1,11,0.799,0.525,0.788,0.25,0.533,0.099,0
6208,52,0,4,0.928,0.527,0.5,0.0,-0.112,-0.014,0
6209,50,0,9,0.912,0.596,0.921,0.0,0.684,0.193,0
6210,76,1,12,0.999,0.566,0.978,0.25,0.928,0.223,0
6211,72,0,8,0.738,0.624,0.572,0.0,0.172,-0.182,0
6212,36,0,8,0.893,0.607,0.934,1.0,0.639,0.105,0
6213,35,0,7,0.875,0.613,0.831,0.0,0.127,0.22,0
6214,42,0,8,0.891,0.584,0.566,0.25,-0.08,0.138,0
6215,66,1,12,0.916,0.565,1.093,0.0,0.615,0.37,0
6216,61,0,3,0.491,0.717,0.275,1.0,-0.319,-0.278,0
6217,39,0,3,0.7,0.594,0.454,0.0,-0.162,0.007,0
6218,62,0,12,1.045,0.518,0.886,0.25,0.257,0.556,0
6219,46,1,7,0.84,0.662,0.834,0.0,0.468,0.197,0
6220,65,1,10,1.237,0.579,0.949,0.0,0.55,0.294,0
6221,51,1,9,0.91,0.549,0.7,0.0,0.588,0.137,0
6222,54,0,9,0.7,0.501,0.459,0.75,-0.124,-0.124,0
6223,83,1,5,0.941,0.615,0.483,1.0,0.3,0.241,0
6224,47,1,12,0.797,0.505,1.073,0.0,0.444,-0.034,0
6225,56,0,9,0.944,0.613,1.049,0.0,0.493,0.154,0
6226,49,1,4,0.818,0.479,0.464,0.5,0.202,-0.012,0
6227,83,0,7,0.949,0.507,0.556,0.5,0.319,0.184,0
6228,39,1,11,1.016,0.59,0.935,0.0,0.666,0.127,0
6229,78,0,7,0.833,0.428,0.605,0.25,0.097,-0.033,0
6230,43,1,10,0.984,0.467,0.807,0.25,0.139,0.227,0
6231,33,1,10,0.923,0.552,0.622,0.0,0.256,0.107,0
6232,40,0,4,0.801,0.628,0.507,0.25,-0.102,0.16,0
6233,48,0,12,0.7,0.518,1.066,0.0,0.549,-0.039,0
6234,67,1,5,0.906,0.63,0.698,0.0,0.171,0.047,0
6235,63,0,12,0.872,0.376,0.795,0.75,0.346,0.149,1
6236,34,0,5,0.78,0.562,0.721,0.75,0.087,0.155,0
6237,44,1,4,0.7,0.583,0.72,0.75,0.014,0.002,0
6238,79,1,3,0.939,0.634,0.641,0.0,0.42,0.375,0
6239,43,0,4,0.774,0.681,0.264,0.0,-0.351,0.044,0
6240,76,1,7,0.765,0.554,0.551,0.5,0.189,0.06,0
6241,68,1,7,0.668,0.471,0.741,1.0,0.119,-0.116,0
6242,52,1,12,1.0,0.602,0.909,0.75,0.301,0.139,0
6243,59,1,12,1.203,0.762,0.991,0.25,0.531,0.58,0
6244,56,1,9,0.952,0.722,0.667,0.5,0.343,0.167,0
6245,50,1,10,0.988,0.646,0.975,0.0,0.639,0.123,0
6246,59,1,10,0.85,0.508,0.95,0.75,0.638,-0.108,0
6247,43,0,10,0.968,0.628,0.595,0.0,0.242,0.316,0
6248,36,0,5,0.996,0.638,0.597,0.0,0.003,0.281,0
6249,72,0,8,0.903,0.608,0.827,0.25,0.583,0.299,0
6250,58,0,7,0.973,0.641,0.665,0.0,0.014,0.24,0
6251,77,1,6,0.867,0.517,0.898,0.0,0.685,0.162,0
6252,39,0,7,0.862,0.426,0.604,0.0,0.103,-0.035,0
6253,48,1,6,0.853,0.506,0.362,0.5,0.044,0.041,0
6254,70,1,4,0.808,0.664,0.42,0.25,-0.101,0.108,0
6255,79,0,3,0.771,0.7,0.536,1.0,0.314,0.023,0
6256,32,1,4,0.773,0.605,0.67,0.25,0.018,-0.042,0
6257,71,0,12,0.869,0.579,0.926,1.0,0.489,0.013,0
6258,42,1,12,0.91,0.629,0.72,0.0,0.209,0.233,0
6259,59,1,8,0.773,0.575,0.816,0.75,0.507,0.036,0
6260,81,1,4,0.876,0.555,0.318,0.75,-0.354,0.151,0
6261,73,0,9,0.933,0.624,0.571,0.25,0.026,0.26,0
6262,69,1,5,0.855,0.633,0.617,0.0,0.435,0.244,0
6263,78,0,12,1.098,0.486,0.961,0.25,0.298,0.037,0
6264,73,0,12,1.019,0.518,0.829,0.0,0.689,0.282,1
6265,56,0,4,0.761,0.656,0.492,0.75,0.033,-0.1,0
6266,58,1,10,1.014,0.732,0.772,0.0,0.206,0.2,1
6267,68,0,6,0.812,0.552,0.396,0.0,0.107,0.087,0
6268,46,1,12,0.935,0.418,0.755,0.0,0.3,0.18,0
6269,50,1,5,0.875,0.595,0.561,0.0,-0.038,0.025,0
6270,56,0,7,0.934,0.611,0.743,0.0,0.555,0.169,0
6271,68,0,4,0.959,0.588,0.502,0.0,-0.324,0.135,0
6272,75,0,7,1.082,0.594,0.622,0.5,0.244,0.235,0
6273,41,1,11,0.925,0.688,0.757,1.0,0.447,0.105,0
6274,37,0,6,0.984,0.485,0.567,0.0,0.091,0.269,0
6275,77,0,5,0.816,0.51,0.73,0.0,0.405,0.14,0
6276,48,1,12,1.071,0.366,0.961,0.0,0.599,0.103,0
6277,42,0,6,0.802,0.658,0.479,0.0,-0.246,0.102,0
6278,77,0,7,0.735,0.575,0.894,0.0,0.107,0.138,0
6279,34,0,3,0.853,0.539,0.553,0.0,0.36,0.155,0
6280,59,0,5,0.942,0.781,0.797,0.0,0.233,0.069,0
6281,77,0,5,0.772,0.647,0.541,0.0,0.135,0.067,0
6282,79,1,7,1.049,0.726,0.665,0.0,0.284,0.323,0
6283,81,1,11,0.7,0.414,0.827,0.5,0.448,0.008,0
6284,61,0,10,0.98,0.559,0.833,0.25,0.369,0.111,0
6285,61,1,10,0.7,0.622,0.759,0.25,0.47,0.109,0
6286,79,1,4,0.763,0.505,0.592,0.0,0.261,-0.131,0
6287,84,0,3,0.741,0.665,0.52,0.0,0.017,-0.194,0
6288,37,0,4,0.726,0.7,0.658,0.0,0.299,-0.117,0
6289,32,0,8,0.993,0.75,0.619,0.5,0.249,0.247,0
6290,42,1,6,0.845,0.631,1.016,0.25,0.529,-0.049,0
6291,72,0,5,0.902,0.623,0.522,0.0,-0.009,0.236,0
6292,67,1,9,0.951,0.468,1.063,0.0,0.431,0.147,0
6293,56,0,11,0.959,0.485,1.078,0.0,0.764,0.283,0
6294,76,1,6,0.823,0.676,0.773,0.0,0.215,0.12,0
6295,80,1,11,1.013,0.673,1.159,0.5,0.408,0.381,0
6296,74,1,11,0.894,0.565,0.722,0.5,0.341,0.119,0
6297,49,1,11,1.127,0.643,0.588,0.0,0.388,0.398,0
6298,47,1,7,0.778,0.494,0.761,0.0,0.184,0.078,0
6299,47,0,7,1.07,0.516,0.665,0.75,0.037,0.314,0
6300,51,0,10,0.912,0.482,0.577,0.25,-0.103,0.189,0
6301,65,1,7,1.11,0.572,0.734,0.0,0.319,0.435,0
6302,52,0,11,1.091,0.597,0.781,0.75,0.273,0.534,0
6303,58,0,4,0.894,0.495,0.645,0.5,0.316,0.192,0
6304,55,0,7,0.725,0.651,0.65,0.0,0.025,-0.153,0
6305,76,0,7,0.968,0.524,0.882,0.0,0.599,0.448,1
6306,81,0,4,0.807,0.704,0.66,0.75,0.225,-0.09,0
6307,59,1,8,0.913,0.59,0.842,0.0,0.458,0.213,0
6308,63,1,9,0.92,0.595,0.619,0.5,0.312,0.236,0
6309,30,1,10,0.672,0.413,1.148,0.0,1.081,-0.107,0
6310,65,1,10,0.945,0.708,0.794,0.0,0.424,0.242,0
6311,51,1,4,0.705,0.698,0.74,0.0,0.473,-0.019,0
6312,44,0,8,1.032,0.463,0.702,0.75,0.133,0.379,0
6313,47,1,9,1.003,0.532,1.131,1.0,0.741,0.331,0
6314,31,1,7,0.788,0.534,0.572,0.0,0.256,-0.284,0
6315,84,1,11,0.834,0.474,1.047,0.0,0.458,0.184,0
6316,57,0,11,0.844,0.584,1.119,0.0,0.568,0.076,0
6317,84,0,10,0.915,0.54,0.749,0.25,0.359,-0.083,1
6318,41,0,7,0.796,0.747,0.613,0.0,0.298,-0.004,0
6319,51,1,8,1.099,0.55,0.754,0.5,0.353,0.317,0
6320,84,1,9,1.028,0.66,0.775,0.0,0.426,0.439,0
6321,39,0,7,1.035,0.428,0.748,0.5,0.205,0.278,0
6322,51,0,12,1.115,0.437,0.847,0.0,0.346,0.389,0
6323,53,1,8,0.81,0.7,0.881,0.75,0.528,-0.063,0
6324,69,1,5,0.922,0.633,0.581,0.5,-0.038,0.072,0
6325,44,0,3,0.512,0.537,0.44,0.0,-0.136,-0.436,0
6326,81,0,10,0.923,0.54,0.781,0.25,0.292,0.036,0
6327,84,0,11,0.757,0.512,0.934,0.0,0.527,-0.16,1
6328,74,1,8,0.798,0.597,0.758,0.0,0.173,-0.169,0
6329,74,1,9,0.931,0.616,0.933,0.0,0.699,0.07,0
6330,52,0,3,0.713,0.623,0.612,0.0,0.01,0.039,0
6331,35,0,9,1.028,0.591,0.757,0.5,0.296,0.281,0
6332,45,1,9,0.741,0.641,0.482,1.0,-0.036,0.082,0
6333,83,1,6,0.902,0.598,0.856,0.25,0.178,0.083,0
6334,31,1,9,0.912,0.494,0.498,0.25,-0.218,0.117,0
6335,39,0,6,0.897,0.559,0.634,0.0,0.532,0.262,0
6336,78,1,4,0.9,0.495,0.939,0.25,0.546,-0.008,0
6337,77,1,5,0.738,0.595,0.513,0.0,0.056,-0.208,0
6338,80,1,8,1.017,0.552,1.056,0.0,0.356,0.32,0
6339,32,1,8,0.789,0.568,0.58,0.5,0.142,0.102,0
6340,65,1,10,0.784,0.541,0.707,0.0,0.114,0.204,0
6341,61,1,7,0.837,0.53,0.673,0.75,0.0,0.137,0
6342,37,0,5,0.992,0.538,0.682,0.25,0.375,0.199,0
6343,43,1,11,0.93,0.468,0.763,0.0,0.525,0.23,0
6344,38,1,8,0.972,0.631,0.751,0.25,0.216,0.26,0
6345,37,0,7,0.776,0.629,0.599,0.0,0.042,0.133,0
6346,61,1,9,0.765,0.697,0.699,0.0,0.033,0.001,0
6347,54,0,11,0.917,0.47,0.892,0.0,0.414,0.088,0
6348,59,0,4,0.952,0.619,0.337,0.0,0.112,0.18,0
6349,41,0,8,0.844,0.659,0.825,0.5,0.287,0.148,0
6350,52,1,6,0.857,0.63,0.981,0.25,0.442,0.089,0
6351,76,1,3,0.79,0.49,0.36,0.25,-0.534,-0.135,0
6352,38,0,11,0.875,0.595,0.84,0.0,0.13,0.222,0
6353,62,1,4,1.092,0.617,0.386,0.5,0.164,0.37,0
6354,61,1,12,0.774,0.431,0.756,0.0,0.137,-0.025,0
6355,42,1,3,0.727,0.574,0.838,1.0,0.363,-0.14,0
6356,64,1,7,0.966,0.64,0.582,0.0,0.407,0.142,0
6357,36,1,11,0.956,0.555,0.874,0.0,0.241,0.036,0
6358,37,1,7,0.718,0.524,0.719,1.0,0.18,-0.137,0
6359,64,0,11,1.023,0.548,0.975,0.5,0.423,0.363,0
6360,32,1,12,0.683,0.737,0.997,0.0,0.545,-0.333,0
6361,41,0,12,1.041,0.574,0.857,0.0,0.345,0.209,0
6362,81,1,7,1.013,0.518,0.853,0.0,0.391,0.202,0
6363,69,1,3,0.651,0.569,0.562,0.0,0.401,-0.183,0
6364,65,1,6,0.81,0.565,0.541,0.0,-0.117,0.011,0
6365,51,1,9,0.87,0.571,0.866,0.0,0.39,-0.04,0
6366,63,0,11,1.117,0.635,0.917,0.5,0.51,0.292,0
6367,58,1,3,0.618,0.517,0.458,0.0,-0.053,-0.379,0
6368,79,0,10,0.886,0.555,0.685,1.0,0.245,0.148,0
6369,68,0,10,0.882,0.537,0.977,0.0,0.271,0.093,0
6370,77,1,12,0.961,0.609,0.48,0.0,-0.083,0.078,0
6371,67,1,10,0.927,0.4,0.925,0.0,0.413,0.079,0
6372,64,1,3,0.613,0.611,0.752,0.5,0.511,-0.263,0
6373,31,1,12,0.964,0.613,0.947,0.5,0.38,-0.011,0
6374,72,1,4,0.875,0.57,0.551,0.25,0.027,0.185,0
6375,68,0,6,0.852,0.487,0.366,0.0,0.068,0.089,0
6376,53,0,3,0.67,0.555,0.502,0.25,0.301,-0.21,0
6377,50,1,3,0.801,0.609,0.456,0.0,-0.068,0.1,0
6378,74,0,12,1.079,0.43,0.826,0.0,0.626,0.318,0
6379,34,1,4,0.704,0.504,0.389,0.5,0.233,-0.138,0
6380,83,0,4,0.976,0.494,0.382,0.25,0.12,0.302,0
6381,43,1,6,0.899,0.61,0.7,0.75,0.27,0.268,0
6382,83,0,5,0.731,0.604,0.7,0.5,0.018,0.223,1
6383,34,1,6,0.831,0.544,0.725,0.0,0.599,0.048,0
6384,34,0,4,0.81,0.596,0.627,0.0,0.024,-0.048,0
6385,79,1,6,1.063,0.541,0.7,0.0,0.455,0.248,0
6386,34,1,11,1.206,0.5,1.152,0.5,0.939,0.447,0
6387,41,1,3,0.789,0.545,0.409,1.0,0.188,-0.052,0
6388,53,1,3,0.702,0.547,0.511,0.0,-0.098,0.04,0
6389,34,0,5,0.691,0.575,0.655,0.0,-0.038,0.054,0
6390,80,0,8,1.035,0.609,0.759,0.0,0.412,0.326,0
6391,60,0,12,0.971,0.443,1.186,0.0,0.551,0.31,0
6392,40,1,10,0.818,0.572,0.838,0.5,0.255,0.04,0
6393,41,1,8,0.985,0.477,0.823,0.25,0.571,0.37,0
6394,42,0,3,0.785,0.518,0.501,0.25,-0.281,-0.037,0
6395,72,0,6,0.886,0.547,0.973,0.5,0.53,0.063,0
6396,34,0,11,1.059,0.479,1.209,0.0,0.762,0.33,0
6397,50,0,11,1.024,0.585,0.961,0.25,0.326,0.189,0
6398,68,1,10,0.943,0.544,0.775,0.0,0.021,-0.034,0
6399,59,0,12,0.7,0.414,0.981,0.5,0.526,-0.003,0
6400,81,0,3,0.606,0.68,0.558,0.0,-0.114,-0.1,0
6401,68,1,5,0.723,0.603,0.65,0.0,0.079,-0.079,0
6402,81,0,9,0.96,0.603,0.51,0.75,-0.019,0.266,0
6403,52,1,7,0.943,0.673,0.545,0.0,0.299,0.219,0
6404,36,0,3,0.897,0.643,0.31,0.25,0.109,0.285,0
6405,39,0,10,0.855,0.499,0.886,0.5,0.266,-0.014,0
6406,80,1,4,0.94,0.592,0.493,0.0,0.163,-0.149,0
6407,36,1,10,0.886,0.549,0.652,0.0,0.06,0.129,0
6408,75,1,4,0.716,0.6,0.75,0.0,0.539,-0.04,0
6409,61,1,11,1.134,0.573,1.064,1.0,0.527,0.409,0
6410,72,0,3,0.958,0.688,0.371,0.5,-0.005,0.292,0
6411,36,1,11,0.949,0.588,0.963,0.0,0.263,0.27,0
6412,67,0,8,0.659,0.519,0.856,0.75,0.308,-0.129,0
6413,76,1,10,0.814,0.552,0.871,1.0,0.453,0.132,0
6414,45,1,3,0.686,0.64,0.7,0.75,0.295,-0.01,0
6415,81,0,5,0.952,0.775,0.334,0.0,-0.015,0.166,0
6416,46,1,12,0.984,0.352,0.717,0.0,0.21,0.456,0
6417,82,0,7,0.825,0.632,0.619,1.0,0.353,0.199,0
6418,33,0,8,0.699,0.57,0.932,0.25,0.536,-0.204,0
6419,39,1,10,0.83,0.581,0.63,0.0,0.166,0.263,0
6420,68,1,5,0.809,0.678,0.537,1.0,0.191,-0.064,0
6421,73,1,8,0.961,0.622,0.826,0.0,0.144,0.102,0
6422,72,0,11,0.675,0.456,0.74,0.5,0.209,0.143,0
6423,30,0,9,0.948,0.605,0.775,0.5,0.425,0.065,0
6424,72,0,9,1.104,0.7,0.82,0.0,0.464,0.34,0
6425,52,0,10,0.942,0.504,1.007,0.0,0.569,0.159,0
6426,51,1,4,0.7,0.651,0.675,0.5,0.14,-0.152,0
6427,72,1,5,1.018,0.696,0.557,0.0,0.253,0.287,0
6428,52,1,3,0.776,0.695,0.473,0.0,-0.032,0.083,0
6429,71,0,6,0.876,0.537,0.429,0.0,-0.043,0.012,0
6430,63,1,11,1.059,0.489,0.84,0.0,0.435,0.003,1
6431,38,1,12,1.076,0.477,0.887,0.0,0.452,0.209,0
6432,73,1,5,0.747,0.604,0.589,0.5,0.381,-0.046,0
6433,33,1,10,0.897,0.669,0.706,0.25,0.532,0.084,0
6434,83,0,8,0.943,0.598,0.434,0.0,0.127,0.219,0
6435,62,0,11,0.936,0.487,1.119,0.75,0.813,0.282,0
6436,33,0,11,0.644,0.621,1.345,1.0,0.714,-0.092,0
6437,56,0,8,0.811,0.543,1.044,0.25,0.637,0.105,0
6438,64,1,6,0.863,0.738,0.721,0.0,0.288,0.005,0
6439,38,0,11,0.915,0.591,0.553,0.0,0.201,0.029,0
6440,77,0,8,1.046,0.552,0.962,1.0,0.278,0.29,0
6441,68,0,9,1.156,0.433,0.491,0.75,0.09,0.456,0
6442,82,1,7,0.867,0.458,0.772,0.0,0.075,0.087,0
6443,62,0,9,0.885,0.518,0.889,0.0,0.49,0.024,0
6444,64,0,10,0.779,0.59,0.472,0.75,0.106,0.076,0
6445,41,1,3,0.509,0.676,0.672,0.5,0.12,-0.468,0
6446,73,1,5,0.988,0.569,0.733,0.0,0.139,0.288,0
6447,70,1,3,0.684,0.609,0.73,0.0,0.507,-0.115,0
6448,32,1,6,0.758,0.614,0.544,0.75,0.164,0.255,0
6449,48,0,11,0.852,0.588,0.63,1.0,-0.003,0.101,0
6450,64,1,11,0.957,0.46,0.845,1.0,0.3,0.217,0
6451,63,1,11,1.035,0.597,1.048,0.25,0.741,0.539,0
6452,41,0,5,0.742,0.645,0.699,0.25,0.457,0.161,0
6453,34,1,6,0.691,0.538,0.524,0.75,-0.219,-0.009,0
6454,38,1,5,0.7,0.616,0.824,0.25,0.507,-0.03,0
6455,83,0,11,0.842,0.438,0.7,0.5,0.395,0.142,0
6456,39,0,8,0.921,0.595,0.931,0.25,0.602,0.132,0
6457,79,0,11,0.906,0.546,0.858,0.25,0.235,0.004,0
6458,83,1,5,0.979,0.659,0.454,0.0,0.14,0.027,0
6459,69,0,3,0.808,0.629,0.616,0.0,0.338,-0.056,0
6460,30,0,3,0.718,0.7,0.628,0.25,0.204,0.018,0
6461,42,0,10,0.861,0.409,0.801,1.0,0.504,-0.036,0
6462,74,1,5,0.79,0.51,0.72,0.25,0.554,-0.091,0
6463,62,0,9,0.579,0.625,0.661,0.0,0.377,-0.239,0
6464,32,1,12,1.197,0.569,1.163,0.0,0.995,0.387,0
6465,69,0,5,0.7,0.525,0.785,0.75,0.334,-0.046,0
6466,83,0,11,0.857,0.617,0.909,0.0,0.559,0.099,0
6467,74,1,6,0.7,0.611,0.774,0.75,0.424,-0.148,0
6468,81,1,11,0.95,0.746,0.681,1.0,0.013,0.117,1
6469,60,0,12,0.882,0.355,1.021,0.0,0.575,-0.035,0
6470,34,0,12,1.16,0.544,0.752,0.0,-0.066,0.167,0
6471,66,0,5,0.754,0.556,0.567,0.5,0.155,0.054,0
6472,75,1,9,1.03,0.65,0.781,1.0,0.166,0.345,0
6473,43,1,3,0.83,0.55,0.552,0.0,0.05,0.117,0
6474,50,0,8,0.988,0.501,0.957,0.0,0.437,0.305,0
6475,67,1,11,1.013,0.572,1.074,0.25,0.374,0.126,0
6476,65,0,8,0.791,0.477,0.502,0.0,-0.05,-0.134,0
6477,52,1,9,0.92,0.53,0.725,0.0,0.025,0.08,0
6478,35,1,9,0.873,0.623,0.806,0.0,0.421,0.204,0
6479,31,1,6,0.703,0.574,0.587,0.5,0.27,-0.183,0
6480,57,1,9,0.877,0.614,0.877,0.0,0.364,-0.158,0
6481,68,1,5,0.655,0.58,0.252,1.0,0.003,-0.304,0
6482,42,0,5,0.943,0.633,0.353,0.0,0.152,0.389,0
6483,46,0,3,0.7,0.656,0.736,0.0,0.248,-0.111,0
6484,43,1,5,0.877,0.64,0.575,0.0,0.236,0.013,0
6485,78,0,11,0.754,0.473,0.845,0.25,-0.001,0.054,1
6486,84,0,3,0.828,0.59,0.7,0.0,0.183,-0.076,0
6487,49,0,3,0.877,0.651,0.508,0.0,0.012,0.081,0
6488,84,0,9,0.812,0.508,0.75,0.0,0.217,0.112,0
6489,76,1,4,0.772,0.664,0.578,0.0,0.011,-0.014,0
6490,57,1,6,0.766,0.581,0.552,0.0,0.059,-0.008,0
6491,53,0,3,0.814,0.576,0.484,0.25,0.084,0.305,0
6492,38,1,12,1.058,0.569,1.138,0.75,0.708,0.329,0
6493,80,0,7,0.682,0.426,0.735,0.25,0.161,0.11,0
6494,67,0,10,0.941,0.615,0.487,0.0,0.034,0.201,0
6495,43,1,11,1.144,0.667,0.739,0.0,0.212,0.401,0
6496,47,0,3,0.696,0.718,0.548,0.75,0.335,-0.019,0
6497,73,0,9,0.781,0.555,0.691,0.0,0.356,0.064,0
6498,35,0,11,1.106,0.588,0.591,0.0,-0.082,0.106,0
6499,77,1,6,0.777,0.532,0.658,0.75,0.247,-0.067,0
6500,37,1,3,0.778,0.753,0.697,0.0,0.4,0.078,0
6501,69,1,3,0.623,0.67,0.776,0.75,0.264,0.032,0
6502,83,0,3,0.756,0.589,0.289,0.0,-0.263,-0.078,0
6503,62,1,4,0.78,0.65,0.545,0.0,0.349,0.187,0
6504,80,1,7,0.818,0.578,0.686,0.5,0.231,-0.091,0
6505,46,1,11,1.095,0.686,1.0,0.25,0.502,0.338,0
6506,60,1,7,0.761,0.54,0.822,0.0,0.269,0.008,0
6507,81,1,9,0.914,0.65,0.7,0.5,0.361,-0.052,1
6508,79,0,6,0.932,0.644,0.846,1.0,0.344,0.164,0
6509,46,1,10,1.133,0.575,0.742,0.0,0.271,0.499,0
6510,35,1,4,0.773,0.58,0.656,0.0,0.424,-0.009,0
6511,81,0,11,0.885,0.53,0.991,0.0,0.903,-0.018,0
6512,47,1,3,0.861,0.678,0.463,0.5,0.134,-0.093,0
6513,48,0,4,0.748,0.603,0.714,0.5,0.425,-0.008,0
6514,56,1,10,0.863,0.526,1.041,0.5,0.544,0.292,1
6515,54,1,11,0.992,0.499,1.012,0.5,0.576,0.3,0
6516,54,0,11,1.019,0.568,0.944,0.75,0.295,0.146,0
6517,80,0,4,0.82,0.581,0.701,0.5,0.104,0.236,1
6518,75,0,7,0.769,0.501,0.688,0.0,0.076,0.084,0
6519,61,1,7,1.218,0.534,0.78,0.5,0.301,0.529,0
6520,60,0,9,0.742,0.65,0.91,0.0,0.448,-0.184,0
6521,60,0,7,0.932,0.589,0.756,0.75,0.123,0.159,0
6522,30,1,7,0.765,0.375,0.642,0.0,0.096,-0.031,0
6523,52,0,5,0.703,0.687,0.442,0.0,0.187,0.108,0
6524,63,1,9,0.772,0.494,0.937,0.0,0.681,-0.13,0
6525,32,0,5,0.777,0.629,0.458,0.75,-0.193,-0.011,0
6526,30,0,11,0.732,0.625,1.024,1.0,0.261,-0.254,0
6527,60,0,5,0.978,0.494,0.693,0.75,0.092,0.081,0
6528,50,0,7,0.991,0.748,0.893,0.5,0.495,0.194,0
6529,30,1,7,0.715,0.6,0.617,0.0,-0.309,-0.047,0
6530,39,0,5,0.886,0.536,0.784,0.0,0.318,0.213,0
6531,44,1,6,0.894,0.657,0.679,1.0,0.151,0.339,0
6532,76,0,8,0.846,0.607,0.836,0.25,0.184,0.296,0
6533,58,1,12,1.014,0.627,1.149,0.0,0.493,0.139,0
6534,56,0,4,0.853,0.535,0.999,0.0,0.641,0.254,0
6535,74,1,10,1.079,0.58,0.788,0.0,0.458,0.388,0
6536,32,1,3,0.99,0.642,0.797,0.75,0.309,0.128,0
6537,47,0,4,0.905,0.612,0.689,0.5,0.033,0.091,0
6538,43,0,6,0.772,0.692,0.807,0.5,0.467,0.032,0
6539,59,0,3,0.751,0.641,0.404,0.0,-0.144,0.049,0
6540,77,1,4,0.865,0.558,0.426,0.0,0.092,-0.036,0
6541,47,1,12,0.969,0.424,0.972,0.25,0.158,0.057,0
6542,80,1,11,0.959,0.563,0.739,0.25,0.291,0.222,1
6543,69,1,11,1.082,0.601,0.906,0.0,0.389,0.238,0
6544,64,0,12,1.037,0.524,0.725,1.0,0.178,0.359,0
6545,35,0,9,0.978,0.466,0.794,0.5,0.08,0.083,0
6546,67,0,11,0.827,0.578,0.806,0.0,0.325,0.06,0
6547,76,1,6,0.977,0.584,0.685,0.0,0.271,0.247,0
6548,75,0,5,0.728,0.553,0.572,0.0,0.022,0.269,0
6549,45,0,9,0.724,0.561,0.892,0.0,0.204,0.048,0
6550,34,0,7,0.873,0.553,0.883,0.75,0.44,0.193,0
6551,53,0,10,0.896,0.621,0.655,0.0,0.327,-0.013,0
6552,84,1,7,0.76,0.568,0.643,0.0,0.259,0.273,0
6553,35,0,3,0.747,0.589,0.335,0.0,-0.273,0.107,0
6554,70,1,4,1.019,0.693,0.455,0.0,0.177,0.153,0
6555,59,0,3,0.719,0.657,0.397,0.0,-0.025,0.189,0
6556,63,0,3,0.775,0.567,0.606,0.0,0.116,0.015,0
6557,64,0,12,0.798,0.497,0.789,0.5,0.426,0.098,0
6558,31,0,3,0.787,0.596,0.637,0.0,-0.07,0.11,0
6559,40,0,5,0.816,0.518,0.901,0.75,0.627,-0.132,0
6560,56,1,11,0.81,0.51,1.171,0.25,0.681,0.14,0
6561,77,1,8,0.91,0.495,0.76,0.0,0.383,0.06,0
6562,78,0,9,1.002,0.587,0.89,0.25,0.42,0.206,0
6563,30,1,3,0.668,0.503,0.759,0.0,0.27,-0.029,0
6564,34,0,8,1.042,0.68,0.516,0.0,-0.119,0.394,0
6565,54,1,10,0.761,0.531,0.71,0.0,0.227,0.123,0
6566,45,1,6,0.781,0.544,0.718,1.0,0.028,-0.14,1
6567,56,1,9,1.066,0.659,0.766,0.75,0.142,0.306,0
6568,56,0,3,0.534,0.555,0.502,0.0,0.052,-0.373,0
6569,81,1,10,0.901,0.602,0.765,1.0,0.612,0.046,0
6570,65,0,3,0.717,0.529,0.578,0.0,0.092,0.022,0
6571,71,0,12,0.845,0.39,0.761,0.25,0.374,0.291,0
6572,41,1,9,0.644,0.632,0.753,0.0,0.334,-0.102,0
6573,43,1,11,1.146,0.653,1.193,0.25,0.682,0.303,0
6574,55,0,4,0.931,0.615,0.775,0.75,0.369,-0.093,0
6575,48,0,10,0.904,0.451,0.789,0.0,0.131,0.165,0
6576,48,0,10,0.849,0.485,0.7,0.25,0.585,0.058,0
6577,48,0,3,0.906,0.511,0.541,0.25,0.182,0.165,0
6578,49,1,10,0.942,0.539,0.703,0.25,0.074,0.399,0
6579,32,0,8,0.923,0.591,0.327,0.0,-0.259,0.167,0
6580,76,1,12,1.181,0.575,0.939,0.25,0.857,0.434,0
6581,37,0,12,0.897,0.7,0.924,0.5,0.246,0.21,0
6582,51,1,9,0.988,0.554,0.871,0.0,0.457,0.239,0
6583,39,0,8,0.838,0.473,0.724,0.5,0.468,-0.01,0
6584,78,0,8,0.838,0.563,0.659,1.0,0.176,0.037,0
6585,59,1,4,0.972,0.581,0.718,0.0,0.223,0.122,0
6586,60,1,7,0.981,0.62,0.944,0.0,0.698,0.101,0
6587,30,1,8,0.7,0.579,1.102,0.5,0.772,-0.158,0
6588,73,1,9,0.75,0.582,0.734,1.0,0.271,0.009,0
6589,62,0,11,0.963,0.482,0.899,1.0,0.631,0.118,0
6590,55,1,6,0.661,0.468,0.79,0.5,0.475,-0.014,0
6591,38,0,11,0.861,0.668,0.801,0.5,0.207,0.318,0
6592,71,0,12,1.022,0.595,0.796,0.25,0.508,0.362,0
6593,61,0,5,0.593,0.559,0.427,0.0,0.026,0.081,0
6594,60,1,6,0.751,0.61,0.668,0.0,0.201,0.025,0
6595,65,1,6,0.922,0.557,0.791,0.0,0.472,0.276,0
6596,82,0,6,0.858,0.578,0.717,0.5,0.351,-0.104,0
6597,48,0,10,1.226,0.587,0.748,0.25,0.447,0.264,0
6598,38,1,4,0.835,0.662,0.56,0.0,0.233,0.078,0
6599,38,0,4,0.7,0.569,0.746,0.25,0.167,0.0,0
6600,43,0,8,0.93,0.46,0.802,0.0,0.742,0.381,0
6601,83,0,9,0.871,0.464,0.836,0.0,0.582,0.126,0
6602,83,0,3,0.579,0.516,0.424,0.75,0.141,-0.278,0
6603,61,1,11,0.962,0.464,0.955,0.0,0.794,0.421,0
6604,32,1,5,0.597,0.6,0.466,0.75,-0.164,-0.35,0
6605,70,0,11,1.027,0.571,0.873,0.25,0.227,-0.0,0
6606,42,1,8,0.828,0.744,0.913,0.0,0.414,-0.002,0
6607,76,1,9,0.845,0.497,0.394,0.0,-0.18,0.041,0
6608,34,1,8,0.861,0.53,0.724,1.0,0.299,0.118,0
6609,43,0,8,0.816,0.463,0.836,0.25,0.524,0.085,0
6610,65,0,11,0.949,0.549,0.709,0.75,0.152,0.208,0
6611,48,1,4,0.689,0.652,0.455,0.75,-0.197,-0.014,0
6612,70,1,3,0.738,0.571,0.684,0.0,0.195,0.082,0
6613,79,1,10,1.039,0.486,0.965,0.5,0.441,0.328,0
6614,52,0,4,0.661,0.546,0.508,0.0,-0.049,-0.167,0
6615,43,1,7,1.061,0.527,0.68,0.25,0.458,0.554,0
6616,46,1,5,0.791,0.522,0.41,0.75,-0.237,0.072,0
6617,41,1,3,0.746,0.66,0.604,0.0,0.088,0.136,0
6618,44,0,9,0.996,0.563,0.698,0.25,0.002,-0.036,0
6619,69,1,8,0.963,0.446,1.17,0.75,1.018,0.239,1
6620,84,0,3,0.594,0.678,0.468,1.0,-0.211,-0.109,0
6621,49,1,9,0.958,0.522,0.799,0.25,0.256,0.188,0
6622,50,1,10,0.82,0.548,0.961,0.5,0.388,0.342,0
6623,61,1,3,0.554,0.726,0.59,0.25,0.034,-0.372,0
6624,34,0,6,0.615,0.576,0.569,0.0,0.141,0.059,0
6625,81,1,4,0.857,0.682,0.54,0.0,0.16,0.157,0
6626,54,1,9,0.909,0.531,0.846,0.0,0.36,0.005,0
6627,68,0,12,1.213,0.476,0.855,0.25,0.562,0.375,0
6628,41,1,12,1.094,0.587,1.139,0.0,0.639,0.419,0
6629,46,1,8,0.858,0.442,1.026,0.25,0.397,0.193,0
6630,44,1,3,0.82,0.728,0.301,0.25,-0.159,0.164,0
6631,49,1,10,0.971,0.597,0.7,0.0,0.097,0.211,0
6632,36,1,12,1.157,0.6,0.935,0.0,0.596,0.401,0
6633,54,0,8,0.849,0.538,0.508,0.0,0.164,-0.065,0
6634,51,0,3,0.53,0.663,0.494,0.75,0.114,-0.101,0
6635,42,0,3,0.753,0.577,0.521,0.25,0.318,-0.085,0
6636,69,0,11,0.922,0.636,0.958,0.75,0.429,0.219,0
6637,67,0,6,0.828,0.521,0.628,0.75,0.351,-0.0,0
6638,42,0,3,0.83,0.477,0.757,0.25,-0.186,0.286,0
6639,58,0,6,0.84,0.447,0.983,0.75,0.57,0.079,0
6640,54,1,5,0.668,0.67,0.452,0.0,-0.142,0.018,0
6641,78,0,5,0.802,0.642,0.676,0.0,-0.042,-0.075,0
6642,62,0,7,0.727,0.721,0.635,0.5,-0.03,-0.189,0
6643,60,1,5,0.856,0.57,0.881,0.0,0.739,0.109,0
6644,69,0,4,0.824,0.788,0.539,0.0,0.275,0.006,0
6645,83,0,5,0.716,0.612,0.629,0.5,0.169,-0.033,0
6646,44,0,10,0.817,0.604,1.031,0.75,0.912,0.243,0
6647,38,1,4,0.746,0.726,0.901,1.0,0.528,-0.052,0
6648,63,1,11,0.957,0.478,0.816,0.0,0.307,0.221,0
6649,62,1,10,0.774,0.616,0.935,0.0,0.662,0.121,0
6650,75,1,12,0.903,0.544,0.7,0.0,0.12,0.38,0
6651,77,0,6,0.831,0.62,0.469,0.5,-0.162,0.003,0
6652,78,1,10,0.831,0.515,0.904,0.75,-0.019,-0.05,0
6653,36,0,11,0.883,0.486,0.939,0.0,0.346,0.155,0
6654,42,1,3,0.735,0.677,0.748,0.0,0.19,0.035,0
6655,30,1,10,1.015,0.67,0.948,0.75,0.299,0.391,0
6656,67,1,7,0.805,0.4,0.7,0.75,0.038,0.084,1
6657,32,1,12,0.873,0.553,1.253,0.25,1.007,-0.06,0
6658,76,1,4,0.818,0.571,0.577,1.0,-0.1,0.096,0
6659,64,0,9,0.951,0.577,0.884,0.0,0.419,0.37,0
6660,36,1,10,0.828,0.496,0.797,1.0,0.254,-0.029,0
6661,46,1,10,0.985,0.64,0.668,0.0,0.208,-0.064,0
6662,43,0,9,0.837,0.628,0.855,0.0,-0.072,0.15,0
6663,31,1,4,1.057,0.634,0.637,0.5,0.054,0.08,0
6664,36,1,6,0.608,0.556,0.517,0.5,0.038,-0.172,0
6665,73,1,11,0.837,0.604,0.712,0.25,0.18,0.095,0
6666,71,0,5,0.669,0.571,0.602,0.75,-0.221,-0.161,0
6667,74,1,9,0.858,0.585,0.888,0.0,0.583,0.031,0
6668,39,1,11,0.876,0.517,0.879,0.0,0.579,0.1,0
6669,83,0,11,1.115,0.685,0.7,0.0,0.157,0.355,0
6670,45,0,12,0.991,0.555,0.927,0.0,0.235,0.3,0
6671,44,1,3,0.71,0.61,0.741,0.0,0.469,0.067,0
6672,46,1,10,1.217,0.576,1.044,0.75,0.699,0.38,0
6673,60,0,7,0.863,0.628,0.645,0.0,0.329,0.174,0
6674,57,0,5,0.714,0.527,0.354,0.0,-0.419,-0.022,0
6675,59,1,11,0.927,0.488,0.471,1.0,-0.043,0.308,0
6676,81,1,9,0.836,0.504,0.502,0.25,-0.162,0.026,0
6677,72,0,11,0.948,0.514,0.875,0.5,0.347,0.043,1
6678,64,0,12,0.988,0.593,0.822,0.0,0.117,0.283,1
6679,76,1,12,1.128,0.615,0.87,1.0,0.392,0.339,0
6680,31,0,7,0.887,0.536,0.574,0.25,0.056,0.16,0
6681,50,1,10,0.995,0.493,0.739,0.0,-0.182,0.146,0
6682,30,0,12,1.283,0.498,1.092,0.5,0.777,0.326,0
6683,47,1,10,1.075,0.608,0.778,0.75,0.398,0.227,0
6684,35,0,10,0.846,0.587,0.564,0.0,0.249,-0.001,0
6685,34,1,5,0.937,0.642,0.349,0.5,-0.33,0.227,0
6686,38,1,11,0.967,0.522,0.847,0.5,0.61,0.162,0
6687,77,0,8,0.821,0.617,0.792,0.0,0.215,0.069,0
6688,67,0,4,0.7,0.515,0.475,0.5,0.189,-0.145,0
6689,60,0,12,1.063,0.628,1.027,0.75,0.413,0.174,0
6690,52,0,5,0.793,0.624,0.616,0.0,0.121,0.004,0
6691,53,1,7,0.947,0.569,0.894,0.0,0.434,0.194,0
6692,66,0,10,0.877,0.495,0.972,0.25,0.635,0.214,0
6693,67,0,5,0.876,0.542,0.366,0.75,-0.041,0.254,0
6694,72,1,4,0.988,0.714,0.746,0.0,0.427,0.173,0
6695,32,0,8,0.962,0.64,0.896,0.25,0.207,0.178,0
6696,35,1,5,0.588,0.545,0.482,0.0,0.131,-0.214,0
6697,67,1,8,1.077,0.448,0.639,1.0,0.177,0.475,0
6698,69,0,5,1.106,0.633,0.602,0.75,0.356,0.382,0
6699,81,1,10,0.953,0.584,0.913,0.0,0.585,0.215,0
6700,61,1,12,0.7,0.542,0.831,0.0,0.398,-0.303,0
6701,55,1,3,0.679,0.54,0.507,0.0,0.171,-0.246,0
6702,67,0,5,0.783,0.461,0.625,0.0,-0.159,0.113,0
6703,30,0,9,0.942,0.506,0.638,0.5,0.067,0.292,0
6704,56,0,12,1.153,0.549,1.042,0.75,0.606,0.453,0
6705,66,0,5,0.887,0.713,0.631,1.0,-0.009,0.206,0
6706,62,0,12,0.951,0.697,0.965,0.0,0.479,0.202,0
6707,35,0,3,0.87,0.569,0.218,0.0,-0.144,0.128,0
6708,68,1,5,0.818,0.61,0.393,1.0,-0.174,0.16,0
6709,39,0,6,1.074,0.593,0.663,0.25,0.062,0.139,0
6710,81,0,10,1.039,0.562,0.891,0.5,0.537,0.237,0
6711,65,1,3,0.842,0.642,0.391,0.0,-0.342,0.142,0
6712,59,1,5,0.829,0.662,0.949,0.0,0.209,-0.01,0
6713,39,1,9,1.028,0.489,1.012,0.5,0.686,0.337,0
6714,77,1,9,1.009,0.645,0.496,0.0,-0.101,0.204,1
6715,64,0,4,0.55,0.701,0.543,0.0,0.084,-0.362,0
6716,82,1,12,0.995,0.505,0.633,0.0,0.283,0.267,0
6717,52,1,12,1.07,0.455,0.922,0.5,0.286,0.519,0
6718,77,0,9,0.75,0.65,0.848,0.0,0.478,-0.047,0
6719,75,1,5,0.852,0.63,0.682,0.0,0.393,0.078,0
6720,57,1,12,1.013,0.442,0.751,0.5,0.163,0.299,0
6721,51,1,11,1.033,0.494,0.995,0.0,0.687,0.298,0
6722,36,0,7,0.816,0.628,0.692,0.0,0.137,0.226,0
6723,79,0,7,0.804,0.544,0.507,1.0,-0.281,-0.236,0
6724,74,1,9,0.891,0.632,0.543,0.75,-0.128,0.185,0
6725,79,1,9,1.313,0.651,0.86,0.5,0.359,0.445,0
6726,50,0,6,0.941,0.546,0.77,0.0,0.332,0.17,0
6727,35,0,4,0.873,0.6,0.381,0.5,-0.298,-0.007,0
6728,65,1,9,0.973,0.527,0.814,0.0,0.413,0.35,0
6729,79,1,8,1.077,0.554,0.972,0.0,0.346,0.203,0
6730,51,1,12,0.973,0.614,0.561,0.5,-0.006,0.235,0
6731,42,0,5,0.866,0.619,0.792,0.0,0.371,0.171,0
6732,74,1,9,0.837,0.584,0.591,0.0,0.02,0.066,0
6733,31,1,7,1.057,0.607,0.915,0.0,0.448,0.108,0
6734,61,1,7,0.806,0.594,0.976,0.25,0.222,0.122,0
6735,47,1,4,0.965,0.502,0.576,0.0,0.173,0.31,0
6736,38,0,12,1.123,0.434,1.286,0.5,0.747,0.63,0
6737,55,0,3,0.971,0.572,0.379,1.0,-0.144,0.086,0
6738,66,1,6,0.777,0.545,0.536,0.25,0.169,0.143,0
6739,81,0,3,0.82,0.602,0.902,0.5,0.516,0.056,0
6740,46,0,3,0.764,0.655,0.491,1.0,-0.108,-0.022,0
6741,54,1,5,0.921,0.76,0.763,0.0,0.067,0.271,0
6742,82,0,9,0.84,0.492,0.776,1.0,0.395,-0.018,1
6743,72,0,8,0.7,0.603,1.014,0.0,0.51,-0.048,1
6744,72,0,9,1.009,0.597,0.844,0.5,0.114,0.547,0
6745,58,0,8,0.727,0.599,0.742,0.0,0.2,0.088,0
6746,83,0,10,1.052,0.48,0.915,0.0,0.71,0.339,0
6747,77,0,7,0.745,0.544,0.505,0.75,0.055,0.06,0
6748,36,0,7,1.125,0.453,0.67,0.0,0.357,0.433,0
6749,42,0,9,1.076,0.57,0.988,0.0,0.693,0.433,0
6750,55,1,12,1.079,0.7,1.064,1.0,0.749,0.354,0
6751,67,1,12,0.77,0.426,1.017,0.0,0.869,0.133,0
6752,66,0,8,0.631,0.556,0.497,0.5,-0.346,-0.15,1
6753,38,0,8,0.864,0.472,0.462,0.0,-0.034,-0.008,0
6754,45,1,10,1.008,0.615,0.579,1.0,0.198,0.077,0
6755,81,1,5,0.664,0.741,0.49,0.5,0.286,-0.11,1
6756,57,0,5,0.604,0.479,0.694,0.25,0.166,-0.217,0
6757,49,0,6,0.713,0.727,0.7,0.0,0.313,-0.378,0
6758,39,1,12,0.873,0.516,0.906,0.0,0.429,0.226,0
6759,76,0,3,0.958,0.641,0.432,0.0,-0.159,0.288,0
6760,81,1,7,0.951,0.7,0.88,0.0,0.389,0.438,0
6761,49,1,9,0.732,0.559,0.687,0.0,0.612,0.109,0
6762,80,1,8,1.014,0.628,0.575,0.25,0.16,0.121,1
6763,61,1,5,0.906,0.727,0.928,0.0,0.642,0.303,0
6764,53,0,10,1.102,0.644,0.756,0.75,0.296,0.381,0
6765,68,1,4,0.818,0.622,0.852,1.0,0.3,0.272,0
6766,51,1,12,1.168,0.556,0.969,0.0,0.664,0.356,1
6767,63,0,7,0.905,0.567,0.799,0.75,0.275,0.278,0
6768,33,1,7,0.99,0.553,0.964,0.0,0.486,0.291,0
6769,79,1,6,0.7,0.438,0.804,0.5,0.281,-0.302,0
6770,57,0,9,0.916,0.461,0.956,0.0,0.93,0.099,0
6771,35,1,8,0.9,0.476,0.652,0.25,0.051,0.206,0
6772,69,1,3,0.859,0.51,0.446,0.0,0.27,-0.06,0
6773,51,0,10,0.896,0.572,0.789,0.0,0.16,0.24,0
6774,62,0,12,0.925,0.453,0.971,0.0,0.311,-0.116,0
6775,72,0,7,0.874,0.543,0.443,0.5,0.052,0.169,0
6776,47,1,6,0.967,0.376,0.436,0.0,0.334,0.267,0
6777,47,0,6,0.693,0.545,0.712,0.75,0.161,-0.165,0
6778,41,1,7,0.979,0.586,0.707,0.0,0.346,0.367,0
6779,45,1,6,0.893,0.632,0.68,0.5,0.128,0.263,0
6780,59,1,4,0.649,0.532,0.234,0.0,0.061,-0.024,0
6781,49,0,12,0.742,0.484,1.181,0.0,0.531,0.049,0
6782,60,0,6,0.988,0.598,0.656,0.0,0.358,0.288,0
6783,46,0,7,0.824,0.636,0.724,0.0,0.464,-0.222,0
6784,73,1,11,0.862,0.552,0.766,1.0,0.316,-0.071,1
6785,61,0,11,0.876,0.654,0.768,0.75,0.326,-0.014,0
6786,72,1,9,0.957,0.58,0.759,0.0,0.178,0.192,0
6787,45,1,8,0.929,0.531,0.738,0.0,0.358,0.098,0
6788,35,1,11,1.051,0.707,0.952,0.0,0.252,0.273,0
6789,48,1,8,0.672,0.58,0.767,0.25,0.487,-0.111,0
6790,52,0,6,0.776,0.581,0.7,0.0,0.416,0.114,0
6791,75,1,3,0.761,0.619,0.348,0.25,-0.118,0.072,0
6792,65,0,4,0.759,0.534,0.384,0.0,0.001,-0.144,0
6793,49,1,3,0.921,0.649,0.619,0.0,-0.081,0.24,0
6794,42,1,11,1.08,0.535,1.016,0.0,0.621,0.307,0
6795,49,0,5,0.867,0.518,0.757,0.0,0.356,0.121,0
6796,37,1,9,0.792,0.579,0.523,1.0,-0.001,0.172,0
6797,44,1,7,0.837,0.524,0.527,0.0,-0.009,0.164,0
6798,37,0,12,1.262,0.65,0.856,0.5,0.669,0.572,0
6799,72,1,8,0.795,0.577,0.798,0.0,0.19,-0.189,0
6800,33,1,8,0.7,0.64,0.687,0.0,0.386,0.132,0
6801,83,0,4,0.875,0.66,0.622,0.0,0.508,-0.055,0
6802,41,0,3,0.929,0.674,0.301,0.0,-0.284,0.166,0
6803,48,0,12,0.948,0.442,0.866,0.5,0.333,0.248,0
6804,83,0,6,0.954,0.7,0.848,0.0,0.674,0.402,0
6805,30,0,10,1.039,0.475,0.502,0.5,0.374,0.205,0
6806,47,0,7,0.848,0.633,0.983,0.0,0.302,0.149,0
6807,40,1,12,1.124,0.67,0.905,1.0,0.645,0.256,1
6808,81,1,6,0.933,0.615,0.945,1.0,0.741,0.185,0
6809,50,0,12,0.902,0.423,0.811,0.25,0.291,0.216,0
6810,61,1,7,0.976,0.642,1.163,1.0,0.603,0.195,1
6811,34,0,12,0.956,0.635,0.601,0.0,0.075,0.376,0
6812,74,0,7,0.822,0.7,0.644,0.25,0.222,-0.008,0
6813,66,1,3,0.594,0.604,0.689,0.0,0.236,-0.082,0
6814,82,1,7,0.959,0.796,0.679,0.0,0.328,0.249,0
6815,35,1,6,0.7,0.394,0.747,0.0,0.45,-0.111,0
6816,78,0,9,1.09,0.597,0.685,0.0,0.514,0.363,0
6817,39,1,4,0.942,0.679,0.572,0.75,0.002,0.197,0
6818,62,1,3,0.805,0.69,0.542,0.0,0.206,-0.003,0
6819,60,0,7,0.93,0.533,0.789,0.5,0.416,0.01,0
6820,33,0,4,0.875,0.471,0.512,0.5,0.269,0.214,0
6821,58,0,4,0.681,0.653,0.524,0.5,0.295,-0.172,0
6822,37,1,4,0.779,0.467,0.657,0.5,0.35,0.061,0
6823,71,0,3,0.661,0.663,0.433,0.0,-0.047,-0.159,0
6824,79,1,3,0.756,0.479,0.648,0.75,0.262,0.081,0
6825,30,1,5,0.787,0.628,0.856,0.0,0.589,0.201,0
6826,84,1,5,0.756,0.629,0.428,1.0,-0.317,0.048,1
6827,60,1,4,0.614,0.7,0.257,0.0,-0.361,-0.184,0
6828,75,1,8,1.065,0.633,0.661,0.0,0.459,0.587,0
6829,43,1,12,0.994,0.576,0.885,0.5,0.312,0.302,0
6830,30,1,8,0.851,0.562,0.92,0.0,0.334,0.007,0
6831,57,1,7,0.865,0.503,0.958,0.0,0.56,0.252,0
6832,77,0,8,0.744,0.469,0.683,0.0,0.386,-0.093,0
6833,35,0,11,1.013,0.436,0.863,0.0,0.233,0.194,0
6834,82,0,6,0.86,0.571,0.776,0.0,0.325,-0.128,0
6835,70,1,8,0.777,0.504,0.976,0.0,1.064,0.146,0
6836,47,1,12,0.892,0.368,0.949,0.0,0.341,0.199,0
6837,79,0,4,0.676,0.473,0.669,0.0,0.085,0.019,0
6838,46,0,9,0.989,0.646,0.589,0.0,0.318,0.241,0
6839,81,1,8,0.922,0.574,0.576,0.5,0.332,0.035,0
6840,79,1,8,0.883,0.674,0.92,1.0,0.565,0.149,1
6841,33,1,5,0.779,0.532,0.787,0.75,0.061,0.069,0
6842,39,0,3,0.771,0.567,0.7,0.0,0.597,0.119,0
6843,74,1,9,0.862,0.643,0.7,0.0,0.251,0.001,0
6844,81,0,3,0.762,0.619,0.546,0.0,0.104,0.066,0
6845,61,0,10,0.923,0.562,0.739,0.0,0.398,0.105,0
6846,46,0,9,1.071,0.659,0.808,0.25,0.419,0.265,0
6847,46,1,9,0.814,0.503,0.638,0.0,0.287,0.036,0
6848,57,1,3,0.841,0.464,0.364,0.25,-0.158,0.209,0
6849,69,0,8,1.013,0.56,0.647,0.0,0.28,0.391,0
6850,31,0,11,0.716,0.582,0.862,0.0,0.192,0.035,0
6851,58,0,6,0.86,0.719,0.862,0.0,0.299,0.048,0
6852,34,0,7,0.612,0.492,0.515,0.0,0.272,-0.165,0
6853,76,1,5,0.749,0.614,0.198,0.5,-0.341,0.153,0
6854,71,1,6,0.898,0.533,0.756,0.0,-0.241,0.071,0
6855,32,1,3,0.711,0.546,0.334,0.5,-0.168,-0.206,0
6856,52,1,11,0.888,0.658,0.565,0.0,0.153,0.215,0
6857,30,0,11,0.869,0.704,0.69,0.0,0.266,0.145,0
6858,74,0,12,1.051,0.62,0.979,0.0,0.547,0.286,0
6859,38,0,8,0.867,0.664,0.967,0.75,0.585,0.122,0
6860,71,0,8,0.618,0.604,0.59,0.25,0.18,0.153,0
6861,60,1,3,0.696,0.704,0.256,0.0,-0.556,0.009,0
6862,84,1,11,0.951,0.468,0.7,0.5,0.4,0.191,0
6863,38,0,4,0.971,0.634,0.609,1.0,0.007,0.345,0
6864,48,0,12,1.049,0.306,0.7,0.5,0.28,0.263,0
6865,36,0,8,0.764,0.416,0.583,0.0,0.194,0.106,0
6866,54,1,10,0.911,0.671,1.13,0.0,0.486,0.032,0
6867,33,0,12,1.058,0.517,0.878,0.0,0.371,0.209,0
6868,49,0,9,0.954,0.48,0.996,0.25,0.613,0.313,0
6869,70,0,10,0.989,0.561,0.596,0.0,-0.104,0.087,0
6870,32,0,10,0.759,0.643,0.995,0.5,0.535,0.121,0
6871,76,1,11,1.035,0.541,0.86,0.0,0.389,0.406,0
6872,61,0,7,0.79,0.658,0.658,0.0,0.243,0.098,0
6873,68,1,10,0.851,0.615,0.864,0.0,0.345,0.12,0
6874,49,1,8,0.88,0.517,0.893,0.0,0.507,0.096,0
6875,65,1,12,1.018,0.637,0.841,0.5,0.25,0.381,1
6876,61,1,4,0.7,0.584,0.807,0.0,0.068,-0.051,0
6877,31,0,3,0.77,0.663,0.576,1.0,0.061,0.002,0
6878,36,0,8,0.977,0.474,0.724,0.0,0.482,0.16,0
6879,34,1,5,0.873,0.641,0.414,0.0,-0.033,0.066,0
6880,45,0,12,1.182,0.56,0.863,0.75,0.378,0.212,0
6881,71,1,7,1.014,0.593,0.53,0.75,0.021,0.039,0
6882,49,0,4,0.798,0.58,0.238,0.25,-0.176,0.045,0
6883,69,1,5,0.884,0.622,0.72,0.0,-0.087,-0.087,0
6884,76,1,11,0.988,0.53,0.973,0.0,0.363,0.309,0
6885,54,0,5,0.908,0.7,0.763,0.0,0.148,0.227,0
6886,64,0,6,0.983,0.739,0.789,0.0,0.546,0.316,0
6887,46,1,3,0.637,0.563,0.421,0.0,0.055,-0.11,0
6888,50,0,7,0.57,0.608,0.604,0.0,0.463,-0.315,0
6889,48,0,12,1.043,0.548,0.886,0.25,0.371,0.173,0
6890,39,0,7,0.801,0.606,0.644,0.5,0.211,0.079,0
6891,53,1,6,0.914,0.538,0.775,0.25,0.282,0.207,0
6892,78,1,10,0.872,0.429,0.521,0.0,0.137,0.041,0
6893,48,0,4,0.794,0.701,0.395,0.25,-0.54,-0.04,0
6894,52,0,3,0.728,0.52,0.38,0.0,-0.03,-0.138,0
6895,69,1,8,1.111,0.484,0.744,1.0,0.369,0.42,0
6896,73,0,5,0.822,0.632,0.786,0.0,0.383,0.029,0
6897,41,1,6,0.801,0.655,0.806,0.0,0.143,0.021,0
6898,73,1,4,0.866,0.721,0.299,0.0,-0.225,0.033,0
6899,44,0,8,0.927,0.7,1.023,0.25,0.491,-0.059,0
6900,82,1,9,0.979,0.622,0.747,0.5,0.598,0.478,0
6901,68,1,8,0.962,0.606,0.604,0.0,0.172,0.035,0
6902,81,0,9,1.17,0.507,0.864,0.0,0.613,0.403,0
6903,57,0,3,0.742,0.608,0.352,0.0,0.002,-0.072,0
6904,47,1,11,0.86,0.636,0.791,0.0,0.337,0.142,0
6905,60,1,4,0.73,0.534,0.727,0.0,0.073,0.141,0
6906,49,0,11,0.856,0.446,0.837,0.0,0.286,0.127,0
6907,51,1,9,1.038,0.631,1.01,0.0,0.574,0.265,0
6908,48,1,12,0.768,0.625,0.657,0.0,0.324,0.342,0
6909,82,0,5,0.865,0.7,0.385,0.0,-0.095,0.208,0
6910,38,0,5,0.7,0.633,0.417,0.5,-0.283,-0.048,0
6911,83,1,3,1.101,0.615,0.508,0.5,-0.013,0.316,0
6912,62,1,3,0.63,0.587,0.881,0.0,0.633,-0.205,0
6913,49,0,3,0.851,0.659,0.446,0.5,0.197,0.11,0
6914,42,0,9,0.668,0.601,0.874,0.0,0.338,-0.194,0
6915,48,0,8,0.719,0.559,0.692,0.5,0.114,-0.063,0
6916,44,0,5,0.799,0.62,0.766,1.0,0.071,-0.088,0
6917,70,1,11,0.863,0.537,1.169,0.25,0.751,0.066,0
6918,65,0,11,0.915,0.513,0.764,0.0,0.212,0.213,0
6919,35,1,12,0.952,0.7,0.987,0.0,0.481,0.029,0
6920,59,1,12,0.687,0.565,0.912,0.25,0.409,-0.107,0
6921,79,0,6,0.86,0.646,0.234,0.0,-0.272,-0.313,0
6922,44,1,3,0.7,0.704,0.384,0.5,0.039,0.022,0
6923,68,1,12,1.003,0.421,0.843,0.5,0.341,0.203,0
6924,77,1,9,0.814,0.693,0.693,0.75,0.424,0.006,1
6925,73,0,3,0.796,0.578,0.701,0.25,0.467,0.096,0
6926,47,1,5,0.887,0.586,0.687,0.5,0.039,0.027,0
6927,40,0,8,0.884,0.622,0.929,0.0,0.563,0.022,0
6928,42,1,3,0.689,0.728,0.36,0.25,-0.208,-0.019,0
6929,73,0,10,1.002,0.63,0.822,0.0,0.545,0.163,0
6930,43,0,6,0.756,0.538,0.553,0.25,0.133,-0.15,0
6931,31,1,8,0.785,0.564,0.857,0.75,0.557,0.259,0
6932,61,1,7,1.079,0.706,0.627,0.0,0.099,0.303,0
6933,42,1,4,0.749,0.635,0.922,0.0,0.065,-0.012,0
6934,39,1,11,0.939,0.685,1.015,0.5,0.564,0.311,0
6935,63,1,12,1.028,0.534,0.555,0.0,-0.249,0.253,0
6936,69,0,4,0.955,0.634,0.556,0.0,0.133,0.242,0
6937,42,1,9,0.753,0.535,0.591,0.5,0.288,0.092,0
6938,73,1,4,0.757,0.533,0.7,0.75,0.011,0.083,0
6939,79,0,11,1.088,0.547,0.731,0.5,0.176,0.429,0
6940,73,0,8,0.73,0.402,0.607,0.0,-0.256,0.006,0
6941,58,0,9,0.916,0.522,0.688,0.0,0.366,0.281,0
6942,60,0,7,0.916,0.595,0.662,0.0,0.438,0.179,0
6943,69,0,11,0.554,0.536,0.981,0.25,0.47,-0.206,0
6944,37,0,3,0.894,0.713,0.652,0.0,0.13,0.071,0
6945,46,1,11,0.71,0.482,0.834,0.0,0.388,-0.108,0
6946,47,1,5,0.685,0.656,0.523,0.0,-0.157,-0.104,0
6947,41,1,4,0.641,0.702,0.651,0.5,0.177,-0.173,0
6948,68,1,8,1.026,0.642,0.7,0.0,0.301,0.267,0
6949,37,1,9,0.929,0.64,0.482,0.5,-0.007,-0.065,0
6950,49,1,5,1.047,0.581,0.368,0.75,0.062,0.078,0
6951,55,1,3,0.652,0.528,0.302,0.0,-0.131,-0.278,0
6952,63,1,6,1.128,0.7,0.511,0.5,-0.097,0.074,1
6953,50,1,5,1.008,0.637,0.434,0.0,-0.245,0.237,0
6954,74,0,11,0.869,0.635,0.91,0.0,0.568,0.26,0
6955,72,1,11,1.02,0.713,0.871,0.25,0.594,0.351,0
6956,34,0,5,0.793,0.603,0.772,0.0,0.257,0.066,0
6957,81,1,4,0.908,0.657,0.579,1.0,0.135,0.248,1
6958,84,0,11,0.895,0.63,0.961,0.5,0.924,0.105,0
6959,50,1,10,1.056,0.619,0.889,0.25,0.548,0.239,0
6960,44,0,11,0.981,0.515,0.778,1.0,0.155,0.257,0
6961,59,0,4,0.598,0.652,0.657,0.25,0.346,-0.106,0
6962,54,1,3,0.948,0.624,0.53,0.25,0.165,0.22,0
6963,31,1,5,0.772,0.712,0.451,1.0,0.131,0.098,0
6964,55,1,5,0.776,0.625,0.658,0.5,0.197,0.041,0
6965,71,1,9,0.982,0.34,0.458,0.0,0.013,0.09,0
6966,35,1,5,0.727,0.749,0.526,0.5,0.184,-0.116,0
6967,81,0,6,0.684,0.489,0.568,0.5,0.135,-0.156,0
6968,79,0,3,0.837,0.521,0.394,0.25,-0.112,0.187,0
6969,74,1,12,0.922,0.545,0.623,0.0,-0.077,0.224,0
6970,45,0,5,0.7,0.485,0.644,0.75,0.228,0.182,0
6971,67,1,9,0.762,0.734,0.699,0.75,0.101,0.033,0
6972,56,1,11,1.058,0.396,1.045,0.75,0.803,0.337,1
6973,45,1,11,0.991,0.524,0.783,0.0,0.308,0.386,0
6974,44,1,10,1.089,0.504,0.511,0.0,0.168,0.348,0
6975,69,0,12,0.821,0.536,1.059,0.25,0.641,0.085,1
6976,44,0,6,0.822,0.672,0.767,0.0,0.467,0.173,0
6977,59,1,3,0.836,0.7,0.582,0.75,0.166,-0.043,0
6978,48,0,3,0.782,0.546,0.477,0.5,-0.245,0.279,0
6979,41,1,6,0.846,0.584,0.413,0.0,-0.128,0.043,0
6980,44,1,4,0.723,0.683,0.44,0.0,0.099,-0.003,0
6981,43,0,11,0.833,0.6,0.862,0.5,0.364,0.015,0
6982,50,1,5,0.815,0.661,0.624,0.5,0.046,0.145,0
6983,83,1,8,0.878,0.633,0.71,0.5,0.287,-0.025,1
6984,50,0,12,0.982,0.502,0.98,0.25,0.638,0.303,0
6985,75,0,6,0.788,0.633,0.602,0.0,0.042,-0.016,0
6986,34,1,6,0.881,0.547,0.802,0.5,0.319,0.003,0
6987,79,0,12,0.989,0.604,0.616,0.75,-0.088,0.336,0
6988,74,0,10,1.003,0.601,0.724,1.0,0.232,0.139,1
6989,37,0,8,1.038,0.509,0.96,0.0,0.334,0.218,0
6990,34,0,5,0.7,0.606,0.773,0.0,0.607,-0.045,0
6991,71,1,4,0.892,0.589,0.796,0.0,0.38,0.236,0
6992,43,0,11,0.886,0.525,0.46,0.25,-0.24,0.201,0
6993,78,1,12,0.873,0.484,1.01,0.0,0.647,-0.0,0
6994,67,0,7,0.956,0.57,0.583,0.0,0.22,0.253,0
6995,52,1,6,0.92,0.575,0.669,0.5,0.254,0.078,0
6996,45,0,11,1.025,0.583,0.547,0.0,0.36,0.549,0
6997,41,1,9,0.958,0.56,0.516,0.0,0.333,0.147,0
6998,50,1,8,0.803,0.633,1.18,0.75,0.695,0.063,0
6999,35,0,11,0.7,0.655,0.689,0.5,0.401,-0.069,0
7000,74,0,6,0.938,0.558,0.717,0.5,0.31,0.202,0
7001,44,0,10,0.822,0.528,0.786,0.0,0.086,0.297,0
7002,37,0,12,0.7,0.505,1.069,0.0,0.94,0.118,0
7003,68,0,5,0.768,0.604,0.636,0.0,0.146,-0.242,0
7004,33,1,7,0.784,0.497,0.928,0.25,0.357,0.271,0
7005,33,0,8,0.763,0.657,0.864,0.0,0.256,-0.207,0
7006,70,1,8,0.774,0.547,0.833,0.0,0.193,0.008,1
7007,35,0,10,0.736,0.658,0.812,1.0,0.367,-0.06,0
7008,71,0,7,0.892,0.646,0.782,0.25,0.025,0.214,0
7009,77,1,11,1.159,0.643,0.811,0.5,0.16,0.458,0
7010,68,1,4,0.605,0.625,0.681,0.0,0.198,-0.336,0
7011,68,1,7,1.085,0.611,1.028,0.0,0.56,0.302,0
7012,61,0,10,0.739,0.524,0.967,0.0,0.592,-0.009,0
7013,58,0,3,1.19,0.5,0.537,0.25,0.2,0.452,0
7014,34,1,3,0.598,0.482,0.608,0.0,0.077,-0.164,0
7015,64,0,6,0.912,0.496,0.826,0.0,0.242,0.161,0
7016,63,0,4,0.794,0.661,0.607,0.0,-0.099,0.064,0
7017,31,0,5,0.926,0.616,0.7,0.0,0.327,0.096,0
7018,42,1,8,1.075,0.594,0.546,0.0,0.313,0.239,0
7019,54,1,7,0.776,0.66,0.619,0.5,0.031,-0.035,0
7020,46,1,4,0.57,0.604,0.436,0.25,-0.443,-0.095,0
7021,54,0,10,0.83,0.563,0.653,0.25,0.005,-0.081,0
7022,76,0,9,0.713,0.644,0.7,0.5,0.004,-0.016,1
7023,54,0,5,0.824,0.516,0.67,0.0,0.194,0.079,0
7024,66,0,4,0.906,0.733,0.634,0.0,0.513,-0.155,0
7025,53,0,6,0.858,0.607,0.635,1.0,0.032,0.155,0
7026,48,0,10,0.817,0.539,1.038,0.0,0.912,-0.208,0
7027,71,1,12,1.106,0.654,1.182,0.25,0.559,0.183,1
7028,81,0,4,0.71,0.723,0.582,0.25,0.172,0.107,0
7029,50,0,7,0.997,0.505,0.629,0.75,0.148,0.472,0
7030,82,0,11,1.039,0.579,1.006,0.0,0.499,0.142,0
7031,45,1,10,1.095,0.566,0.714,0.5,0.112,0.55,0
7032,30,0,4,0.752,0.566,0.551,0.0,0.282,-0.357,0
7033,44,0,9,0.834,0.553,0.946,1.0,0.831,0.116,0
7034,57,1,7,1.073,0.498,0.673,0.25,0.154,0.207,0
7035,83,0,5,0.77,0.623,0.81,0.5,0.32,0.032,1
7036,78,0,6,0.84,0.453,0.563,0.5,0.27,0.211,0
7037,70,0,3,1.05,0.587,0.678,0.0,0.22,0.378,0
7038,58,1,7,0.493,0.483,0.928,0.0,0.475,-0.219,0
7039,79,0,9,0.833,0.573,0.838,0.0,0.456,0.176,0
7040,37,1,3,0.641,0.562,0.525,0.0,0.015,-0.097,0
7041,56,0,5,0.868,0.726,0.445,0.75,-0.245,-0.011,0
7042,53,0,9,0.987,0.575,0.919,0.5,0.414,0.146,0
7043,35,1,3,0.67,0.456,0.686,0.75,0.29,-0.23,0
7044,71,1,11,1.012,0.416,0.886,0.0,0.513,0.178,0
7045,78,0,8,0.7,0.554,0.877,0.0,0.439,0.0,1
7046,70,1,6,0.546,0.565,0.779,0.0,0.303,-0.221,0
7047,66,1,8,0.981,0.555,0.717,0.5,0.322,0.288,0
7048,74,0,12,1.109,0.578,1.045,0.0,0.177,0.177,0
7049,43,1,8,0.599,0.698,0.661,0.0,0.303,-0.367,0
7050,42,1,7,0.844,0.699,0.806,0.0,0.624,0.144,0
7051,71,0,11,1.102,0.613,1.165,0.25,0.463,0.375,0
7052,30,1,5,0.85,0.66,0.56,0.5,-0.2,0.253,0
7053,82,1,3,0.945,0.636,0.597,0.0,0.207,0.411,0
7054,39,0,8,1.002,0.552,0.677,0.25,0.38,0.259,0
7055,46,0,11,0.682,0.581,0.734,0.0,0.312,-0.053,0
7056,81,0,10,0.7,0.624,0.57,0.5,0.092,-0.226,0
7057,31,0,4,0.828,0.68,0.674,0.5,0.07,0.118,0
7058,56,1,9,1.001,0.446,0.71,0.0,0.022,0.33,0
7059,60,0,3,0.582,0.48,0.75,0.0,0.508,-0.276,0
7060,62,0,4,0.99,0.559,0.369,0.5,0.12,0.166,0
7061,80,0,11,1.071,0.505,1.062,0.0,0.706,0.35,0
7062,61,0,5,0.922,0.638,0.872,0.25,0.375,0.22,0
7063,40,0,7,1.14,0.61,0.763,0.0,0.29,0.37,0
7064,76,1,12,0.983,0.522,0.952,0.0,0.376,0.209,0
7065,63,1,3,0.767,0.6,0.442,0.0,0.245,0.323,0
7066,44,1,9,0.945,0.689,0.638,0.0,0.257,0.041,0
7067,59,1,12,0.997,0.521,1.225,0.25,1.035,0.157,0
7068,54,1,12,0.962,0.663,0.811,0.5,0.258,0.323,0
7069,68,0,8,0.937,0.514,0.387,0.5,-0.288,0.207,0
7070,83,0,9,0.817,0.551,0.619,0.0,0.259,0.036,0
7071,81,0,12,0.946,0.467,0.756,0.0,0.179,0.444,0
7072,58,1,7,0.767,0.557,0.669,0.0,0.277,-0.199,0
7073,47,1,11,0.982,0.598,1.105,0.0,0.708,0.147,0
7074,33,0,3,0.666,0.499,0.542,0.25,0.07,-0.034,0
7075,48,0,7,1.111,0.521,0.646,0.5,0.18,0.591,0
7076,46,0,5,0.904,0.554,0.829,0.25,0.498,0.55,0
7077,42,0,5,0.739,0.451,0.622,0.0,-0.105,0.087,0
7078,41,0,8,1.17,0.718,0.7,0.0,0.307,0.283,0
7079,44,0,10,0.74,0.627,1.153,0.25,0.767,0.004,0
7080,68,1,10,1.066,0.475,0.676,0.75,0.42,0.407,0
7081,83,1,12,0.933,0.494,0.946,0.75,0.626,0.028,1
7082,54,1,12,0.93,0.658,0.782,0.0,-0.031,0.208,0
7083,69,0,12,0.983,0.622,1.123,0.0,0.838,0.481,0
7084,73,0,12,0.821,0.519,0.786,0.75,0.493,0.385,0
7085,59,0,10,1.097,0.696,0.944,0.25,0.248,0.473,1
7086,36,1,3,0.789,0.6,0.59,0.5,-0.037,0.056,0
7087,38,1,9,1.069,0.456,0.786,0.0,0.241,0.316,0
7088,72,0,4,0.923,0.502,0.602,0.75,0.082,0.058,0
7089,42,0,9,1.037,0.491,0.814,0.0,0.012,0.373,0
7090,41,1,3,1.05,0.61,0.674,0.0,-0.06,0.281,0
7091,68,0,6,0.677,0.671,0.563,0.0,-0.106,0.023,0
7092,31,1,11,0.895,0.482,1.038,0.5,0.779,-0.01,0
7093,67,1,11,1.076,0.437,0.993,0.25,0.457,0.355,0
7094,67,0,4,0.726,0.595,0.856,0.0,0.257,-0.043,0
7095,62,0,6,0.871,0.704,0.742,0.25,0.274,0.185,0
7096,37,0,11,0.951,0.619,0.877,0.5,0.214,0.242,0
7097,38,0,5,0.712,0.61,0.676,0.0,-0.024,-0.16,0
7098,58,1,4,0.946,0.664,0.774,0.0,0.182,0.021,0
7099,36,0,7,0.733,0.564,0.534,0.0,-0.214,0.086,0
7100,52,1,4,1.033,0.69,0.546,0.0,-0.008,0.361,0
7101,81,1,5,1.021,0.587,0.7,0.25,0.068,0.336,0
7102,80,1,11,0.971,0.554,0.75,0.0,0.261,0.476,0
7103,81,1,7,0.881,0.658,0.45,0.0,-0.072,0.346,0
7104,42,0,11,1.058,0.53,1.273,0.0,0.62,0.314,0
7105,55,0,8,1.024,0.6,0.741,0.25,0.161,0.268,0
7106,52,0,8,0.886,0.608,0.856,0.25,0.253,0.331,0
7107,81,1,10,0.859,0.521,0.71,0.5,0.291,0.008,0
7108,54,1,11,1.037,0.571,0.656,1.0,0.218,0.237,0
7109,67,0,8,1.017,0.589,0.537,0.0,-0.176,0.014,0
7110,44,0,11,0.916,0.572,0.997,0.5,0.632,0.257,0
7111,71,1,7,0.774,0.569,1.008,0.0,0.598,0.107,0
7112,75,1,9,0.689,0.58,0.934,0.0,0.461,-0.16,1
7113,42,0,4,0.721,0.667,0.288,0.5,-0.247,-0.056,0
7114,56,1,11,0.824,0.542,0.859,0.0,0.31,0.009,0
7115,32,0,7,0.835,0.527,0.712,0.5,0.376,0.067,0
7116,31,1,3,0.843,0.692,0.576,0.0,0.229,0.11,0
7117,48,0,9,0.918,0.431,0.83,0.0,0.186,0.19,0
7118,40,0,8,0.826,0.358,0.799,1.0,0.131,0.115,0
7119,78,1,5,0.876,0.531,0.504,0.5,0.407,0.149,0
7120,38,0,5,1.061,0.598,0.751,0.0,0.391,0.333,0
7121,51,0,10,0.7,0.541,1.012,0.0,0.573,0.013,0
7122,53,0,6,0.63,0.607,0.495,0.0,-0.008,-0.28,0
7123,49,0,6,0.806,0.539,0.605,0.75,0.15,0.191,0
7124,65,0,6,0.92,0.528,0.694,0.0,0.126,-0.062,0
7125,52,0,9,0.88,0.64,0.822,0.0,0.093,0.185,0
7126,58,0,8,0.944,0.556,0.842,0.0,0.465,0.018,0
7127,65,0,7,0.938,0.567,0.899,0.0,0.438,0.211,0
7128,49,0,12,1.033,0.499,0.766,1.0,0.531,0.258,0
7129,68,0,7,1.052,0.598,0.558,0.25,0.11,0.058,0
7130,64,0,10,0.881,0.608,0.907,0.5,0.503,0.118,0
7131,58,0,11,1.034,0.6,0.868,0.25,0.57,0.194,0
7132,65,0,5,0.966,0.711,0.427,0.25,0.035,0.093,0
7133,44,1,10,1.1,0.372,0.829,0.5,0.124,0.239,0
7134,64,0,6,0.836,0.617,0.915,0.0,0.398,0.007,1
7135,74,0,8,0.96,0.387,0.682,1.0,0.084,0.185,0
7136,54,0,11,0.872,0.605,0.792,0.25,0.356,0.335,0
7137,43,0,6,0.726,0.497,0.999,0.25,0.409,0.029,0
7138,73,1,11,0.779,0.38,0.755,0.0,0.458,-0.15,0
7139,53,1,5,0.7,0.617,0.348,0.0,0.005,0.094,0
7140,63,1,4,0.699,0.586,0.496,0.0,0.042,0.023,0
7141,76,0,9,0.762,0.626,0.732,0.25,0.426,0.115,0
7142,54,0,8,0.7,0.442,0.656,0.75,0.284,-0.259,0
7143,48,0,8,1.055,0.509,0.649,0.0,0.237,0.22,0
7144,32,1,6,0.915,0.499,0.7,0.75,-0.14,0.132,0
7145,45,1,3,0.603,0.6,0.622,0.25,0.188,0.126,0
7146,65,1,11,0.7,0.519,1.073,1.0,0.46,-0.09,1
7147,48,0,4,0.65,0.607,0.846,0.5,0.213,-0.24,0
7148,42,0,4,0.677,0.592,0.505,0.75,-0.053,-0.182,0
7149,43,1,10,1.058,0.647,0.55,0.25,0.213,0.38,0
7150,30,0,5,0.579,0.747,0.505,0.5,0.042,-0.217,0
7151,54,1,11,0.923,0.536,0.956,0.0,0.554,0.13,0
7152,49,0,5,0.657,0.742,0.62,0.0,0.161,-0.077,0
7153,44,0,7,0.832,0.661,0.763,0.0,0.348,-0.043,0
7154,44,1,5,0.862,0.63,0.602,0.5,-0.167,0.108,0
7155,71,0,9,0.942,0.68,1.05,0.25,0.48,0.151,0
7156,76,0,7,0.968,0.531,0.433,0.25,-0.157,-0.012,0
7157,45,1,6,0.81,0.679,0.7,0.0,0.234,0.137,0
7158,64,1,5,0.839,0.667,0.434,0.5,0.08,0.028,0
7159,80,1,5,0.919,0.565,0.673,0.25,0.072,0.156,0
7160,59,1,4,0.756,0.7,0.435,0.75,-0.072,0.034,0
7161,53,1,10,0.911,0.592,0.833,0.0,0.359,0.351,0
7162,47,0,4,0.662,0.618,0.594,0.25,0.118,-0.31,0
7163,46,1,12,0.874,0.508,0.985,0.5,0.876,-0.022,0
7164,40,0,4,1.001,0.671,0.593,1.0,-0.132,0.275,0
7165,56,0,5,0.832,0.564,0.575,0.0,0.146,-0.015,0
7166,57,1,12,0.974,0.532,1.041,0.0,0.264,0.169,0
7167,79,0,7,0.739,0.7,0.833,0.0,0.472,-0.007,0
7168,44,0,3,0.965,0.557,0.443,0.0,0.075,0.169,0
7169,49,0,5,0.707,0.742,0.374,0.0,-0.162,-0.056,0
7170,82,0,9,0.909,0.536,0.661,0.0,0.287,0.078,0
7171,69,0,10,0.943,0.599,0.874,0.0,0.159,0.243,0
7172,52,0,5,0.809,0.561,0.722,0.5,0.286,-0.056,0
7173,76,0,12,0.972,0.677,0.845,0.0,0.531,0.18,0
7174,51,1,9,0.919,0.562,0.678,0.5,0.037,-0.027,0
7175,39,1,12,0.94,0.551,1.012,0.0,0.685,0.098,0
7176,38,0,12,1.01,0.7,0.922,1.0,0.502,0.088,0
7177,56,0,7,0.827,0.481,0.591,0.0,-0.029,0.127,0
7178,81,0,8,0.829,0.464,0.649,1.0,0.245,0.105,0
7179,54,0,12,1.026,0.567,1.112,0.0,0.869,0.317,0
7180,39,1,10,0.952,0.528,0.862,0.25,0.564,-0.048,0
7181,47,1,4,0.924,0.444,0.776,0.0,0.432,0.067,0
7182,78,0,8,1.032,0.647,0.507,0.0,0.254,0.292,0
7183,66,1,10,0.874,0.659,0.895,0.25,0.695,0.363,0
7184,76,0,6,0.741,0.618,0.574,0.0,0.182,-0.006,0
7185,73,0,3,0.641,0.614,0.619,0.0,0.202,-0.025,0
7186,59,1,5,0.848,0.659,0.803,0.0,0.386,-0.204,0
7187,48,1,5,0.939,0.498,0.731,0.0,0.476,0.178,0
7188,82,0,6,1.098,0.598,0.953,0.0,0.635,0.495,0
7189,65,0,4,0.816,0.626,0.53,0.25,0.439,0.022,0
7190,64,0,3,0.79,0.502,0.706,0.5,0.027,0.185,0
7191,31,1,8,0.831,0.473,0.534,0.25,0.026,-0.018,0
7192,74,0,9,0.981,0.507,0.861,0.75,0.482,0.309,0
7193,62,0,5,0.927,0.599,0.711,0.0,0.101,0.277,0
7194,68,1,5,0.922,0.555,0.492,0.5,-0.258,0.084,0
7195,53,1,5,0.848,0.528,0.769,0.0,0.458,0.07,0
7196,43,0,10,0.834,0.515,0.7,1.0,0.29,0.009,0
7197,72,0,3,0.722,0.641,0.567,0.25,-0.123,-0.074,0
7198,73,0,6,0.792,0.716,0.674,0.25,0.086,0.025,0
7199,77,1,9,0.883,0.566,0.496,0.0,0.169,0.321,0
7200,44,0,3,0.567,0.671,0.765,0.5,0.415,-0.264,0
7201,55,0,3,0.865,0.446,0.582,0.0,-0.035,0.202,0
7202,30,1,4,0.818,0.727,0.754,0.0,0.095,-0.003,0
7203,67,1,11,0.981,0.627,0.938,0.5,0.449,0.246,0
7204,37,1,10,0.903,0.592,0.7,0.5,0.13,-0.006,0
7205,52,1,10,0.899,0.492,1.158,0.0,0.784,0.013,0
7206,51,0,7,0.779,0.724,0.564,0.0,0.489,-0.129,0
7207,73,0,10,0.947,0.509,0.9,0.5,0.289,0.35,0
7208,51,1,9,1.12,0.646,0.621,1.0,0.18,0.423,0
7209,67,0,4,1.038,0.663,0.422,0.0,-0.314,0.113,0
7210,56,1,12,0.814,0.507,0.634,0.75,0.128,0.136,0
7211,39,1,8,0.879,0.534,0.478,0.5,-0.122,-0.038,0
7212,66,0,11,1.101,0.497,0.838,0.5,0.623,0.277,0
7213,32,1,5,0.779,0.557,0.532,0.0,-0.075,-0.095,0
7214,71,1,12,0.718,0.449,1.143,0.0,0.574,-0.116,0
7215,43,1,9,0.768,0.64,0.742,0.0,-0.007,0.123,0
7216,77,1,4,0.774,0.679,0.445,0.0,-0.255,-0.027,0
7217,84,0,6,0.567,0.651,0.69,0.0,0.446,-0.115,0
7218,78,1,10,0.891,0.531,0.916,0.25,0.449,0.259,0
7219,30,0,10,1.045,0.415,0.7,0.0,0.168,0.179,0
7220,31,1,6,0.971,0.509,0.566,0.75,-0.088,0.239,0
7221,64,1,4,0.947,0.552,0.84,0.0,0.379,0.196,0
7222,74,1,12,0.655,0.491,0.879,0.5,0.823,-0.146,1
7223,43,1,10,0.872,0.555,0.469,0.75,0.225,0.158,0
7224,82,1,8,0.845,0.565,1.004,0.0,0.736,-0.009,0
7225,32,1,8,1.012,0.518,0.648,0.25,0.21,0.097,0
7226,37,0,11,1.004,0.598,0.851,0.0,0.491,0.049,0
7227,39,1,12,0.958,0.429,0.762,0.75,0.301,0.267,0
7228,80,1,5,0.87,0.673,0.487,0.5,-0.063,0.039,0
7229,33,0,12,0.93,0.629,0.81,0.0,0.144,0.09,0
7230,72,0,8,0.96,0.595,0.599,1.0,0.169,0.145,0
7231,62,0,5,0.79,0.649,0.714,0.0,0.399,0.045,0
7232,60,0,8,0.901,0.494,0.994,1.0,0.447,0.142,0
7233,42,1,4,0.596,0.645,0.536,0.0,0.068,-0.21,0
7234,76,0,6,0.947,0.656,0.836,0.5,0.429,0.347,0
7235,45,1,6,0.853,0.674,0.809,0.0,0.188,0.346,0
7236,69,1,5,0.858,0.498,0.579,0.0,-0.004,0.081,0
7237,64,1,12,1.021,0.606,0.88,1.0,0.57,0.253,1
7238,75,1,6,0.821,0.468,0.945,0.0,0.418,0.234,0
7239,73,1,3,0.882,0.438,0.446,0.0,0.267,0.233,0
7240,47,0,10,0.925,0.656,0.605,0.0,0.199,0.418,0
7241,62,0,9,0.841,0.522,0.75,0.0,0.426,0.055,0
7242,43,1,8,0.987,0.562,0.864,0.0,0.259,0.147,0
7243,60,0,3,0.624,0.566,0.543,0.0,0.18,-0.043,0
7244,32,0,9,0.964,0.633,0.675,0.0,0.034,0.136,0
7245,50,1,7,0.925,0.533,0.657,0.75,0.197,0.328,0
7246,46,0,5,0.741,0.569,0.734,0.25,0.294,-0.185,0
7247,52,0,5,0.806,0.71,0.619,0.5,0.056,0.152,0
7248,75,0,11,0.96,0.461,1.163,0.5,0.915,0.446,0
7249,70,1,12,0.856,0.47,0.7,0.5,0.342,0.122,0
7250,39,0,9,0.767,0.496,0.676,0.0,0.37,0.137,0
7251,56,1,6,0.673,0.603,0.681,0.5,0.306,0.037,0
7252,65,1,6,0.892,0.509,0.795,0.25,0.182,0.096,0
7253,83,0,8,0.877,0.611,0.659,0.25,0.09,0.144,0
7254,62,1,10,1.079,0.633,1.028,0.0,0.696,0.332,0
7255,61,0,9,0.988,0.7,0.357,1.0,-0.035,0.228,0
7256,71,0,9,0.94,0.497,0.93,0.0,0.499,0.219,0
7257,34,1,12,0.7,0.529,0.643,0.75,-0.028,0.0,0
7258,31,1,11,0.973,0.62,0.73,0.5,0.568,0.273,0
7259,30,0,6,1.11,0.51,0.834,0.25,0.453,0.553,0
7260,78,0,3,0.883,0.516,0.49,0.0,0.194,0.26,0
7261,37,1,3,0.888,0.594,0.626,0.0,0.425,0.219,0
7262,82,0,3,0.742,0.745,0.557,0.5,0.118,-0.095,0
7263,70,0,7,0.864,0.69,0.755,0.25,0.209,0.15,0
7264,69,1,12,0.813,0.499,0.806,0.25,0.171,0.16,0
7265,81,1,6,0.802,0.53,0.655,0.0,0.15,-0.271,0
7266,38,0,4,0.817,0.763,0.367,1.0,-0.119,0.174,0
7267,58,1,3,1.005,0.495,0.536,0.25,-0.129,0.454,0
7268,71,0,5,0.792,0.509,0.639,0.0,0.197,0.053,0
7269,80,0,3,0.562,0.633,0.535,0.0,0.221,-0.09,0
7270,55,1,3,0.892,0.666,0.455,0.5,-0.032,0.099,0
7271,61,0,4,0.744,0.528,0.493,0.0,-0.16,-0.203,0
7272,53,1,8,1.181,0.54,0.743,0.0,0.182,0.275,0
7273,38,0,3,0.797,0.69,0.576,0.0,0.053,-0.016,0
7274,79,1,8,0.819,0.569,0.61,0.0,0.107,0.107,0
7275,62,1,3,0.81,0.566,0.565,1.0,0.272,0.052,0
7276,41,0,4,0.708,0.46,0.301,0.25,0.029,-0.086,0
7277,41,1,7,0.805,0.564,0.507,0.0,-0.195,0.269,0
7278,44,1,6,0.955,0.607,0.684,0.25,0.503,0.178,0
7279,40,0,10,1.059,0.713,1.0,0.75,0.684,0.337,0
7280,55,0,4,1.029,0.6,0.506,0.0,0.015,0.307,0
7281,53,0,7,0.587,0.481,0.854,0.75,0.154,-0.063,0
7282,46,1,6,0.804,0.471,0.7,0.0,0.265,0.058,0
7283,43,0,10,1.018,0.458,0.581,0.25,0.234,0.299,0
7284,65,0,5,0.746,0.63,0.679,0.25,0.22,0.234,0
7285,75,0,3,0.609,0.589,0.596,0.0,0.34,-0.143,0
7286,70,1,11,1.077,0.543,0.846,0.0,0.288,0.411,0
7287,46,1,3,0.963,0.526,0.648,0.0,-0.121,0.277,0
7288,48,1,8,0.708,0.485,0.907,0.0,0.586,-0.094,0
7289,77,0,5,0.757,0.628,0.421,0.75,-0.549,-0.02,0
7290,77,0,4,0.902,0.61,0.653,0.0,0.073,0.037,0
7291,43,0,7,0.874,0.653,0.704,0.75,0.155,0.253,0
7292,79,0,4,0.789,0.7,0.538,0.0,0.065,0.11,0
7293,61,1,4,0.675,0.58,0.454,0.0,0.256,-0.131,0
7294,83,0,10,0.828,0.531,0.769,0.0,0.526,0.183,0
7295,43,0,12,1.016,0.504,0.768,1.0,0.261,0.112,0
7296,67,0,12,1.037,0.411,0.904,0.0,0.052,0.302,0
7297,64,0,6,0.775,0.593,0.685,0.25,0.4,0.054,0
7298,61,1,10,0.953,0.635,0.989,0.0,0.661,0.321,0
7299,36,1,9,0.883,0.583,0.921,0.5,0.451,0.071,0
7300,54,0,3,0.766,0.531,0.576,0.0,0.219,-0.08,0
7301,44,1,9,0.73,0.7,0.795,0.5,0.232,-0.231,0
7302,54,1,12,1.0,0.564,1.026,1.0,0.656,0.199,0
7303,50,1,10,1.066,0.407,0.62,0.0,0.105,0.357,0
7304,50,1,3,0.736,0.62,0.383,1.0,0.034,-0.038,0
7305,69,0,10,0.92,0.497,0.606,0.0,-0.118,0.138,0
7306,45,0,4,0.99,0.653,0.352,0.25,-0.284,0.082,0
7307,39,1,10,1.042,0.601,0.752,0.0,0.319,0.351,0
7308,65,0,12,1.061,0.595,0.601,0.0,-0.043,0.307,0
7309,64,0,11,0.689,0.51,1.134,0.0,0.508,-0.24,0
7310,54,0,3,0.873,0.573,0.664,0.5,0.328,-0.038,0
7311,55,1,8,1.178,0.566,0.747,0.75,0.273,0.418,0
7312,68,0,11,0.869,0.516,0.745,0.0,0.552,0.171,0
7313,75,1,3,0.731,0.604,0.516,0.0,-0.167,-0.179,0
7314,52,1,9,0.973,0.407,0.746,0.0,0.441,0.259,0
7315,61,0,9,0.818,0.414,0.962,0.0,0.386,-0.051,0
7316,70,1,5,0.887,0.641,0.377,0.5,-0.214,0.187,1
7317,78,0,12,0.776,0.456,0.926,0.75,0.35,-0.138,0
7318,55,0,9,0.818,0.496,0.832,0.0,0.439,-0.032,0
7319,84,1,6,0.59,0.532,0.359,0.25,-0.045,0.027,0
7320,61,0,5,1.015,0.634,0.487,0.0,-0.126,0.162,0
7321,46,0,12,1.254,0.493,0.868,0.0,0.709,0.534,0
7322,33,0,3,0.869,0.596,0.592,0.0,0.092,0.18,0
7323,36,0,4,0.998,0.613,0.678,0.0,0.225,0.195,0
7324,57,1,5,0.756,0.716,0.924,0.0,0.602,-0.073,0
7325,52,1,5,0.86,0.581,0.423,0.5,-0.074,-0.023,0
7326,33,1,10,0.894,0.561,0.582,1.0,-0.033,0.262,0
7327,43,0,3,0.841,0.596,0.329,0.0,0.101,0.295,0
7328,81,0,6,0.828,0.471,0.728,0.5,0.49,0.128,0
7329,30,0,5,0.807,0.603,0.334,0.0,-0.364,0.198,0
7330,80,0,3,0.771,0.622,0.503,0.0,0.252,0.029,0
7331,70,0,6,0.896,0.628,0.815,0.75,0.49,0.158,0
7332,32,0,11,0.876,0.448,0.7,0.25,0.061,0.176,0
7333,75,1,9,0.855,0.53,0.877,0.0,0.358,-0.009,0
7334,82,1,4,1.108,0.76,0.373,0.25,-0.064,0.255,0
7335,42,0,11,1.006,0.473,0.809,0.5,0.412,0.209,0
7336,46,0,5,0.924,0.506,0.478,0.0,0.054,0.107,0
7337,41,1,6,0.975,0.655,0.5,0.0,0.033,0.217,0
7338,48,1,7,0.929,0.634,0.865,0.25,0.216,0.16,0
7339,44,1,12,0.7,0.565,1.061,0.0,0.53,0.092,0
7340,40,1,11,1.19,0.472,0.883,0.0,0.51,0.6,0
7341,82,1,12,1.183,0.467,1.195,0.0,0.495,0.565,1
7342,43,0,4,0.491,0.732,0.853,0.0,0.219,-0.196,0
7343,82,1,7,0.98,0.54,0.733,0.25,0.071,0.46,0
7344,36,1,5,0.7,0.525,0.375,0.0,-0.039,0.101,0
7345,52,0,12,0.894,0.592,0.959,0.25,0.509,0.042,0
7346,71,1,5,0.848,0.637,0.897,0.0,0.511,0.062,0
7347,36,1,9,0.941,0.489,0.541,0.0,0.012,0.107,0
7348,66,0,10,0.87,0.439,1.058,1.0,0.508,0.031,0
7349,42,0,4,0.828,0.565,0.589,1.0,0.083,0.024,0
7350,43,0,4,0.736,0.534,0.659,0.25,0.094,0.108,0
7351,33,0,11,0.794,0.519,0.899,0.0,0.528,-0.099,0
7352,71,0,11,0.688,0.518,0.912,0.25,0.428,-0.248,0
7353,70,0,10,1.008,0.542,0.75,0.0,0.223,0.218,0
7354,80,0,8,0.871,0.564,0.519,1.0,-0.217,0.013,0
7355,43,0,9,0.806,0.57,0.624,0.5,0.323,0.004,0
7356,50,0,8,0.885,0.579,0.798,0.0,0.135,0.065,0
7357,77,1,9,0.942,0.581,0.894,0.25,0.57,0.193,0
7358,32,1,5,0.72,0.52,0.311,0.25,-0.028,0.149,0
7359,59,0,3,0.775,0.539,0.503,0.0,0.043,-0.132,0
7360,81,0,11,1.013,0.628,1.102,0.0,0.674,0.308,0
7361,79,1,7,0.876,0.726,0.576,0.0,0.112,0.338,0
7362,44,0,6,0.946,0.55,0.717,0.75,0.227,0.21,0
7363,41,0,4,0.936,0.679,0.749,0.25,0.285,0.168,0
7364,53,1,6,0.749,0.645,0.506,0.0,0.113,0.039,0
7365,54,1,3,0.945,0.561,0.352,0.0,-0.374,0.153,0
7366,76,0,3,0.623,0.637,0.317,1.0,-0.121,-0.427,0
7367,37,1,5,0.889,0.679,0.606,1.0,0.143,0.312,0
7368,75,0,12,0.922,0.382,0.76,0.0,0.318,0.158,0
7369,31,0,6,1.019,0.549,0.374,0.5,0.03,0.188,0
7370,60,0,9,0.995,0.606,0.798,0.5,0.554,0.318,0
7371,63,0,7,0.934,0.604,0.627,0.5,-0.027,0.124,0
7372,78,1,3,0.759,0.658,0.74,0.25,0.29,-0.15,0
7373,58,0,9,0.741,0.593,0.985,0.0,0.676,0.168,0
7374,33,0,11,0.858,0.416,0.897,0.25,0.197,-0.127,0
7375,70,1,9,0.877,0.502,0.723,1.0,0.077,0.096,0
7376,69,1,6,0.589,0.567,0.441,0.0,-0.267,-0.456,0
7377,78,1,3,0.751,0.518,0.738,0.5,0.4,-0.397,0
7378,37,0,11,0.991,0.572,0.792,0.0,0.232,0.057,0
7379,73,1,9,1.155,0.597,0.802,0.5,0.751,0.395,0
7380,50,0,8,0.568,0.606,0.831,1.0,0.431,-0.28,0
7381,78,0,7,0.822,0.554,0.611,0.0,0.039,0.212,0
7382,68,0,11,0.775,0.529,0.931,0.25,0.486,-0.03,0
7383,56,1,3,0.934,0.58,0.575,0.5,0.251,0.086,0
7384,39,1,5,1.038,0.554,0.835,0.5,0.222,0.161,0
7385,67,0,6,0.975,0.724,0.528,0.75,0.074,0.085,0
7386,67,0,9,0.967,0.521,0.732,0.0,0.014,0.213,0
7387,41,1,10,0.784,0.451,1.18,0.25,0.512,0.303,0
7388,31,1,3,0.59,0.576,0.285,0.5,-0.206,-0.058,0
7389,64,1,6,1.031,0.508,0.794,0.0,0.58,0.352,0
7390,82,0,4,0.59,0.64,0.7,0.5,0.409,-0.135,0
7391,61,0,12,0.836,0.506,0.812,0.0,0.205,0.248,0
7392,48,0,5,0.867,0.657,0.819,0.25,0.652,0.202,0
7393,37,0,4,0.628,0.7,0.614,0.0,0.39,-0.019,0
7394,60,1,9,1.008,0.534,0.938,1.0,0.534,0.12,1
7395,81,1,11,1.178,0.61,0.75,0.25,0.208,0.305,1
7396,54,0,5,0.686,0.757,0.693,0.75,0.384,-0.022,0
7397,74,0,11,0.875,0.7,0.835,0.75,0.256,-0.085,0
7398,46,0,6,0.684,0.583,0.66,0.0,0.154,0.145,0
7399,36,1,11,0.975,0.7,1.324,0.0,1.217,0.226,0
7400,36,0,3,0.735,0.601,0.708,0.75,0.362,-0.142,0
7401,43,0,8,0.7,0.508,0.735,0.0,0.501,-0.041,0
7402,60,0,6,0.919,0.7,0.905,0.0,0.602,0.273,0
7403,74,0,3,0.907,0.648,0.473,0.75,-0.015,0.136,0
7404,51,1,9,0.794,0.592,0.962,0.0,0.435,0.154,0
7405,76,0,11,0.727,0.574,1.083,0.0,0.86,-0.138,0
7406,63,1,5,0.983,0.611,0.697,0.75,0.267,0.199,0
7407,64,0,5,0.911,0.593,0.364,0.75,-0.292,0.072,0
7408,41,1,4,0.703,0.688,0.724,0.0,0.323,-0.07,0
7409,73,0,5,0.744,0.7,0.558,0.0,-0.11,-0.049,0
7410,82,0,12,0.976,0.65,0.995,0.0,0.653,0.252,0
7411,82,0,3,0.741,0.64,0.206,0.0,-0.159,-0.172,0
7412,38,0,5,0.786,0.577,0.623,0.5,-0.054,0.07,0
7413,53,0,10,0.894,0.503,0.786,1.0,0.245,0.2,0
7414,33,0,7,0.765,0.538,0.572,0.0,0.292,0.03,0
7415,81,0,11,1.023,0.651,1.111,0.0,0.621,0.33,0
7416,76,1,3,0.785,0.554,0.545,0.25,0.102,0.003,0
7417,72,0,5,0.682,0.666,0.556,0.0,-0.036,-0.102,0
7418,37,1,9,1.066,0.538,0.768,0.0,0.061,0.35,0
7419,36,1,3,1.062,0.708,0.326,0.0,-0.064,0.359,0
7420,59,0,3,0.731,0.648,0.676,0.25,0.281,-0.046,0
7421,53,1,5,0.74,0.542,0.834,0.5,0.371,-0.004,0
7422,75,1,11,0.855,0.362,0.855,0.0,0.419,0.152,0
7423,75,0,10,0.858,0.647,1.083,0.5,0.61,0.092,0
7424,57,0,6,0.918,0.615,0.47,0.25,-0.105,0.183,0
7425,35,0,9,1.002,0.517,0.725,0.5,0.324,0.448,0
7426,50,0,4,0.607,0.674,0.308,1.0,-0.243,-0.009,0
7427,77,1,4,0.738,0.48,0.58,0.0,0.029,-0.012,0
7428,73,1,9,0.979,0.649,0.692,0.0,0.159,0.209,0
7429,50,1,8,0.586,0.602,0.818,0.75,0.405,-0.256,0
7430,56,1,8,0.986,0.536,0.789,0.0,0.513,0.26,0
7431,76,0,12,0.749,0.624,0.935,0.0,0.349,0.011,0
7432,35,1,6,0.932,0.491,0.574,0.75,0.367,0.312,0
7433,57,0,7,0.902,0.556,0.647,0.25,0.128,0.112,0
7434,77,1,12,0.815,0.476,0.673,0.0,0.425,-0.109,0
7435,64,1,5,0.8,0.7,0.393,0.75,-0.061,0.021,0
7436,66,1,4,0.812,0.611,0.497,1.0,-0.039,0.037,0
7437,53,0,11,0.832,0.526,0.608,0.0,0.192,0.132,0
7438,43,1,3,0.771,0.669,0.468,0.0,-0.086,0.324,0
7439,71,0,7,0.898,0.617,0.775,0.0,0.407,0.135,0
7440,75,0,4,0.809,0.628,0.766,0.0,0.228,0.106,0
7441,82,0,7,1.056,0.578,0.535,0.0,-0.053,0.316,1
7442,53,0,6,0.876,0.558,0.698,0.5,0.502,0.062,0
7443,78,0,7,0.831,0.632,0.748,1.0,0.468,0.085,0
7444,51,1,8,0.774,0.62,0.692,0.75,0.112,0.125,0
7445,35,0,5,0.894,0.596,0.641,0.5,0.281,0.099,0
7446,74,1,5,0.936,0.518,0.326,0.0,-0.014,0.145,0
7447,42,1,3,0.823,0.592,0.576,0.25,0.121,-0.035,0
7448,46,1,9,0.709,0.583,0.578,1.0,-0.02,0.014,0
7449,50,0,8,0.952,0.612,0.699,0.75,0.166,0.222,0
7450,41,0,10,0.962,0.537,1.035,0.0,0.63,0.274,0
7451,63,0,8,0.873,0.586,0.461,1.0,0.162,0.062,0
7452,53,1,6,0.709,0.545,0.961,0.0,0.594,-0.068,0
7453,33,0,12,0.952,0.503,1.19,0.0,0.962,-0.06,0
7454,63,1,12,0.905,0.499,0.847,0.0,0.64,0.234,0
7455,55,1,6,0.869,0.682,0.527,0.25,-0.121,0.096,0
7456,51,0,6,0.817,0.637,0.665,0.5,0.241,-0.18,0
7457,41,1,6,0.779,0.591,0.99,0.25,0.495,0.076,0
7458,63,0,11,0.936,0.7,0.746,0.0,0.656,0.02,0
7459,66,1,9,1.142,0.612,0.716,0.0,0.569,0.539,0
7460,79,0,7,0.78,0.546,0.473,0.0,-0.012,0.06,0
7461,42,1,3,0.837,0.568,0.608,0.0,-0.061,0.137,0
7462,64,0,7,0.759,0.416,0.926,0.0,0.521,-0.027,0
7463,54,0,8,0.929,0.676,0.875,0.25,0.371,0.21,0
7464,66,0,5,0.613,0.593,0.911,0.5,0.482,0.105,0
7465,30,0,7,0.778,0.524,0.581,0.0,0.197,-0.05,0
7466,67,1,5,0.995,0.583,0.869,0.0,0.446,0.197,0
7467,40,1,3,0.63,0.44,0.585,0.0,0.066,0.081,0
7468,34,1,5,0.821,0.56,0.387,0.0,-0.336,0.314,0
7469,48,1,12,1.268,0.408,0.736,0.5,0.036,0.407,0
7470,44,1,9,0.786,0.668,0.833,0.0,0.304,0.055,0
7471,41,0,8,0.946,0.661,0.609,0.0,-0.032,0.067,0
7472,53,0,5,0.955,0.7,0.355,0.0,-0.294,0.189,0
7473,75,1,4,0.717,0.596,0.532,0.5,0.081,0.017,0
7474,67,1,4,0.7,0.753,0.685,0.75,0.188,-0.196,0
7475,78,0,12,0.867,0.623,0.858,0.25,0.505,0.109,0
7476,69,1,12,0.7,0.439,0.742,0.0,0.365,-0.146,0
7477,71,0,7,0.956,0.635,0.764,0.0,0.235,0.324,0
7478,55,1,12,1.02,0.509,0.86,0.0,0.386,0.118,0
7479,80,0,7,1.077,0.706,0.574,0.0,0.241,0.443,0
7480,34,1,8,0.7,0.478,1.003,0.5,0.418,-0.301,0
7481,39,0,8,0.96,0.706,0.861,0.0,0.58,0.141,0
7482,57,1,8,1.035,0.509,0.527,0.0,-0.029,0.214,0
7483,82,0,3,0.931,0.573,0.59,1.0,0.205,0.273,0
7484,70,0,11,0.721,0.563,0.869,0.0,0.641,-0.086,0
7485,83,1,4,0.89,0.559,0.489,0.25,0.016,0.075,0
7486,47,0,5,0.902,0.654,0.458,0.0,-0.153,0.006,0
7487,41,1,12,0.731,0.477,0.563,0.0,0.441,-0.133,0
7488,31,0,4,1.105,0.823,0.766,0.75,0.375,0.154,0
7489,36,0,11,0.727,0.52,0.783,1.0,0.357,0.027,0
7490,75,0,9,0.704,0.543,0.558,0.0,0.022,-0.003,0
7491,79,0,12,0.925,0.483,1.118,0.0,0.555,0.095,1
7492,73,1,10,0.928,0.637,1.025,0.0,0.469,0.215,0
7493,64,0,3,1.05,0.7,0.546,1.0,0.374,0.297,1
7494,64,1,8,0.683,0.576,0.896,0.75,0.606,0.104,0
7495,70,1,11,1.169,0.345,0.841,0.75,0.614,0.359,0
7496,44,1,12,1.176,0.576,0.9,0.25,0.528,0.463,0
7497,69,0,3,0.787,0.746,0.643,0.5,0.079,-0.116,0
7498,62,0,7,0.884,0.562,0.553,0.0,0.24,0.184,0
7499,59,0,8,0.947,0.544,0.689,0.0,0.468,0.291,0
7500,55,0,5,0.841,0.571,0.598,0.0,0.471,0.142,0
7501,50,1,10,1.128,0.549,0.686,0.0,0.456,0.519,0
7502,48,1,4,0.889,0.592,0.484,0.5,-0.209,0.19,0
7503,75,1,9,0.855,0.438,0.7,0.25,-0.133,-0.099,0
7504,79,1,3,0.989,0.677,0.747,0.75,0.628,0.344,0
7505,40,1,10,0.967,0.731,1.174,0.0,0.688,0.267,0
7506,69,0,8,0.754,0.5,0.657,0.0,0.322,-0.15,0
7507,37,1,6,0.99,0.717,0.75,0.75,0.286,0.315,0
7508,81,1,8,0.879,0.7,1.012,0.25,0.551,0.044,0
7509,48,1,4,0.768,0.701,0.854,0.0,0.429,0.167,0
7510,41,0,11,1.079,0.563,0.7,0.0,0.122,0.332,0
7511,80,1,5,0.727,0.63,0.865,0.0,0.451,-0.224,0
7512,68,1,7,1.064,0.68,0.7,0.25,0.408,0.543,0
7513,33,1,6,0.891,0.618,0.554,0.0,0.055,0.074,0
7514,64,0,11,0.951,0.601,0.654,0.75,0.529,0.299,0
7515,71,0,10,0.832,0.499,0.747,0.25,0.186,0.109,0
7516,45,1,11,0.921,0.528,0.891,0.25,0.499,0.139,0
7517,44,0,3,0.911,0.694,0.425,0.0,0.259,0.019,0
7518,33,0,6,1.038,0.592,0.952,0.75,0.564,0.303,0
7519,65,1,6,0.973,0.604,0.867,0.0,0.373,0.276,0
7520,64,1,5,0.684,0.615,0.613,0.0,0.145,-0.043,0
7521,35,1,10,0.818,0.461,0.772,0.0,0.149,0.193,0
7522,45,0,8,0.972,0.677,0.791,0.0,0.541,0.17,0
7523,31,0,10,0.614,0.576,0.846,0.25,0.468,-0.086,0
7524,76,1,4,0.915,0.585,0.697,0.0,0.671,0.194,0
7525,68,0,4,0.7,0.618,0.582,0.5,0.03,-0.021,0
7526,68,0,9,0.942,0.521,0.705,0.75,-0.012,0.155,0
7527,43,0,11,0.883,0.448,0.827,1.0,0.308,-0.006,0
7528,51,1,11,0.917,0.473,0.888,0.0,0.321,0.062,0
7529,49,1,3,0.725,0.627,0.72,1.0,0.294,-0.004,0
7530,67,1,12,1.008,0.542,0.917,1.0,0.484,0.336,0
7531,63,1,3,0.636,0.712,0.544,0.0,0.245,-0.1,0
7532,77,0,5,0.775,0.67,0.618,0.5,0.285,-0.062,0
7533,58,0,7,1.034,0.571,0.781,1.0,-0.009,0.083,0
7534,73,0,9,0.589,0.672,1.022,0.0,0.35,-0.024,0
7535,74,0,10,1.169,0.61,0.665,0.0,0.156,0.508,1
7536,76,1,9,0.769,0.757,0.907,0.0,0.397,0.068,0
7537,83,0,9,1.115,0.567,1.005,0.0,0.43,0.191,1
7538,43,0,11,0.924,0.508,0.822,0.75,0.154,0.087,0
7539,72,0,11,1.052,0.523,0.799,0.0,0.444,0.403,0
7540,30,1,12,0.911,0.504,0.895,0.0,0.295,0.354,0
7541,66,0,8,0.871,0.602,0.862,0.75,-0.084,0.245,0
7542,46,0,9,1.135,0.533,0.816,0.5,0.413,0.445,0
7543,31,0,10,0.7,0.692,0.839,0.25,0.442,-0.127,0
7544,52,1,4,0.928,0.662,0.454,1.0,-0.046,0.236,0
7545,69,1,5,0.641,0.733,0.606,0.75,0.268,-0.086,0
7546,33,1,3,0.726,0.741,0.359,1.0,-0.196,0.13,0
7547,82,0,10,0.889,0.492,0.604,0.0,-0.072,0.131,0
7548,62,1,3,0.598,0.638,0.396,0.0,-0.07,-0.008,0
7549,58,0,5,0.796,0.695,0.7,0.0,0.252,0.097,0
7550,35,0,11,0.7,0.536,1.218,0.0,0.597,-0.03,0
7551,41,1,4,0.69,0.733,0.846,0.0,0.537,0.06,0
7552,76,1,6,0.994,0.5,0.727,0.25,0.294,0.253,0
7553,58,1,9,0.843,0.458,0.949,0.5,0.6,0.054,0
7554,54,1,8,0.947,0.504,0.629,0.0,0.291,0.177,0
7555,60,0,3,0.7,0.67,0.488,0.0,-0.028,0.021,0
7556,38,0,7,0.914,0.442,0.694,0.5,-0.144,0.163,0
7557,75,1,10,0.922,0.674,0.908,0.0,0.386,0.251,0
7558,69,0,9,1.015,0.541,0.864,0.0,0.404,0.279,0
7559,40,0,5,0.706,0.597,0.645,1.0,0.276,0.137,0
7560,42,0,3,0.728,0.681,0.681,0.5,-0.019,0.136,0
7561,34,1,6,0.995,0.553,0.787,0.25,0.236,0.275,0
7562,67,0,6,0.977,0.581,0.798,0.75,0.371,0.172,0
7563,50,0,8,0.825,0.7,0.851,0.25,0.315,0.091,0
7564,75,0,12,0.812,0.54,0.816,0.75,0.642,0.006,0
7565,61,1,10,1.048,0.492,1.125,0.5,0.653,0.315,0
7566,78,1,12,0.972,0.5,0.811,0.75,0.287,0.286,0
7567,35,0,11,0.888,0.583,0.754,0.0,0.423,0.08,0
7568,80,1,7,0.917,0.527,0.418,0.0,-0.156,0.133,0
7569,31,0,9,0.7,0.523,0.51,0.0,-0.1,0.0,0
7570,74,1,6,0.888,0.577,0.92,0.25,0.573,0.217,0
7571,55,1,6,0.716,0.57,0.463,0.0,-0.043,-0.098,0
7572,74,0,9,1.148,0.565,0.947,0.25,0.373,0.293,0
7573,51,0,7,0.709,0.704,0.803,0.0,0.323,-0.109,0
7574,68,0,11,1.017,0.543,0.675,0.25,0.109,0.298,0
7575,83,0,10,0.7,0.467,0.853,0.5,0.221,-0.118,1
7576,50,0,4,0.587,0.596,0.616,0.0,0.165,0.082,0
7577,79,0,10,0.902,0.6,0.988,0.0,0.456,0.131,0
7578,76,1,3,0.781,0.647,0.436,0.25,0.263,0.187,0
7579,51,1,9,1.007,0.731,0.845,0.5,0.648,0.13,0
7580,57,1,5,0.674,0.528,0.588,0.5,0.154,0.038,0
7581,53,1,8,0.909,0.611,1.034,0.25,0.721,0.128,0
7582,81,1,3,0.702,0.717,0.556,0.0,0.116,-0.05,0
7583,61,1,7,1.01,0.661,0.914,0.0,0.214,0.237,0
7584,43,1,7,0.907,0.404,0.608,0.25,0.144,0.207,0
7585,38,0,5,1.084,0.651,0.607,0.0,0.149,0.294,0
7586,76,0,6,0.917,0.55,0.855,0.0,0.572,0.051,0
7587,72,1,4,0.882,0.509,0.412,0.0,0.238,0.198,0
7588,70,0,11,0.864,0.501,0.767,0.0,0.087,0.229,0
7589,83,1,7,1.038,0.633,1.039,0.5,0.949,0.25,0
7590,79,0,12,1.113,0.662,1.058,0.5,0.626,0.384,0
7591,36,1,4,0.856,0.535,0.575,1.0,0.249,-0.049,0
7592,32,1,5,0.714,0.485,0.362,1.0,-0.162,-0.04,0
7593,79,0,10,0.891,0.498,0.699,0.25,0.514,-0.096,0
7594,65,1,12,0.906,0.492,0.952,0.0,0.252,-0.101,0
7595,48,0,9,0.832,0.693,1.162,0.5,0.557,0.043,0
7596,46,0,3,0.69,0.675,0.573,0.0,0.075,-0.085,0
7597,46,0,6,0.95,0.458,0.79,0.75,0.203,0.222,0
7598,84,1,8,0.755,0.614,0.692,0.25,0.133,-0.154,0
7599,50,1,3,0.72,0.683,0.537,0.5,0.098,-0.101,0
7600,56,1,11,1.079,0.465,0.7,0.0,0.105,0.425,0
7601,51,0,6,0.681,0.526,0.621,0.25,0.196,-0.09,0
7602,48,1,11,0.886,0.587,0.635,0.5,0.109,0.143,0
7603,75,0,4,0.771,0.502,0.431,0.0,0.117,0.022,0
7604,73,0,7,0.7,0.391,0.704,0.5,0.029,-0.218,0
7605,59,0,11,1.008,0.613,0.997,0.0,0.386,-0.05,0
7606,62,0,4,0.835,0.655,0.56,0.0,0.227,0.216,0
7607,65,1,11,0.98,0.637,0.791,0.0,0.465,0.238,0
7608,32,0,9,0.689,0.539,0.841,1.0,0.434,-0.133,0
7609,79,1,5,0.877,0.542,0.733,0.5,0.531,0.226,0
7610,42,0,7,0.925,0.7,0.705,1.0,0.214,0.108,0
7611,57,1,6,0.942,0.69,0.548,0.5,0.129,0.172,0
7612,45,0,5,0.855,0.583,0.221,0.0,-0.189,0.032,0
7613,51,0,4,0.671,0.604,0.796,0.0,0.504,-0.17,0
7614,30,1,11,0.915,0.54,0.835,0.0,0.135,0.169,0
7615,56,1,11,0.988,0.655,0.963,0.25,0.583,0.16,0
7616,34,1,12,0.883,0.484,1.033,0.0,0.577,-0.03,0
7617,32,1,5,0.838,0.597,0.394,0.0,-0.245,0.159,0
7618,40,0,10,0.911,0.522,0.725,1.0,-0.079,0.215,0
7619,46,0,9,0.785,0.7,0.853,0.0,0.301,0.09,0
7620,56,1,10,0.911,0.593,0.683,0.0,-0.078,0.042,0
7621,30,1,7,0.981,0.7,0.904,0.0,0.733,0.177,0
7622,31,0,7,0.761,0.577,0.693,0.0,0.082,-0.222,0
7623,68,0,9,0.926,0.579,0.545,0.0,0.215,0.262,0
7624,69,1,7,1.083,0.657,0.729,0.0,0.316,0.419,0
7625,30,0,4,0.7,0.71,0.532,0.0,0.053,-0.058,0
7626,54,1,5,0.85,0.635,0.778,0.0,0.064,-0.029,0
7627,80,1,11,0.961,0.653,0.771,0.0,0.23,0.111,0
7628,84,0,9,0.79,0.569,0.649,0.0,0.202,-0.124,0
7629,64,0,11,0.985,0.508,0.681,1.0,0.286,0.22,0
7630,34,0,3,0.7,0.641,0.209,0.25,-0.299,-0.305,0
7631,63,0,4,0.7,0.515,0.878,0.25,0.13,0.0,0
7632,49,0,4,0.789,0.72,0.534,0.0,0.119,-0.049,0
7633,75,0,5,0.899,0.691,0.664,0.25,0.442,0.287,0
7634,57,0,12,0.975,0.437,0.748,0.5,0.377,0.25,0
7635,84,1,5,0.859,0.585,0.411,0.75,-0.053,-0.006,1
7636,58,0,11,0.86,0.518,0.62,0.0,0.396,-0.027,0
7637,43,0,8,0.864,0.361,0.93,0.0,0.621,0.245,0
7638,72,1,5,0.692,0.567,0.592,0.0,0.11,-0.164,1
7639,73,0,5,0.958,0.612,0.885,0.0,0.448,0.365,0
7640,32,0,5,0.698,0.492,0.653,1.0,-0.047,0.061,0
7641,66,0,9,0.836,0.542,0.624,0.0,0.054,0.308,0
7642,78,1,7,0.776,0.621,0.708,0.0,0.192,0.106,1
7643,76,0,8,1.033,0.568,0.585,1.0,0.062,0.24,0
7644,59,0,9,0.822,0.549,0.645,0.0,0.08,0.06,0
7645,68,1,3,0.709,0.623,0.593,0.25,0.324,0.069,0
7646,50,1,8,0.83,0.568,0.58,0.0,0.058,0.064,0
7647,54,1,6,0.935,0.601,0.66,0.0,-0.04,0.158,0
7648,31,1,9,0.828,0.604,0.905,0.0,0.322,0.163,0
7649,40,0,5,0.824,0.619,0.764,0.0,0.177,0.081,0
7650,65,1,11,0.719,0.562,0.92,0.0,0.423,0.137,0
7651,70,1,7,0.637,0.606,0.702,0.25,0.002,-0.138,0
7652,58,1,3,0.699,0.609,0.735,0.0,0.14,-0.119,0
7653,62,0,10,0.845,0.57,0.991,0.75,0.599,-0.035,0
7654,74,0,11,1.092,0.425,0.773,0.0,0.105,0.147,0
7655,30,0,11,0.929,0.564,0.993,0.5,0.513,0.013,0
7656,75,0,9,0.69,0.614,0.486,0.0,-0.009,0.036,0
7657,76,0,3,0.802,0.586,0.433,0.0,-0.461,0.095,0
7658,74,0,12,1.009,0.447,1.109,0.0,0.555,0.235,0
7659,61,0,9,0.872,0.7,0.82,0.5,0.25,0.093,0
7660,53,1,11,0.759,0.593,0.839,0.75,0.413,0.02,0
7661,52,1,10,0.574,0.515,0.977,0.0,0.684,-0.195,0
7662,45,0,7,0.721,0.491,0.582,1.0,-0.154,0.035,0
7663,38,0,4,0.845,0.405,0.717,0.0,0.061,0.105,0
7664,73,0,5,0.713,0.653,0.554,1.0,-0.049,-0.229,0
7665,58,1,5,0.675,0.551,0.892,0.0,-0.013,0.037,0
7666,30,1,3,0.733,0.721,0.407,0.0,-0.091,0.078,0
7667,52,0,9,0.774,0.7,0.782,1.0,0.315,0.002,0
7668,43,0,8,0.855,0.51,0.779,0.5,-0.099,0.271,0
7669,80,1,3,0.77,0.548,0.368,0.0,-0.101,-0.189,0
7670,31,1,10,0.864,0.593,0.76,0.25,0.51,-0.063,0
7671,70,0,12,0.929,0.421,0.953,1.0,0.408,0.155,1
7672,43,0,6,0.805,0.61,0.605,0.75,0.417,-0.081,0
7673,33,1,10,1.117,0.559,0.775,0.5,0.369,0.261,0
7674,84,1,4,0.773,0.609,0.157,0.0,-0.481,-0.27,0
7675,43,0,11,0.936,0.507,0.832,1.0,0.259,0.324,0
7676,50,1,5,0.634,0.538,0.438,0.0,0.116,-0.066,0
7677,71,1,11,1.057,0.496,0.839,0.5,0.372,0.344,0
7678,35,0,8,0.847,0.492,0.502,0.75,0.204,0.002,0
7679,49,0,8,0.921,0.572,0.793,0.25,0.419,0.172,0
7680,38,0,6,0.788,0.571,0.733,0.75,-0.273,0.189,0
7681,79,1,9,1.098,0.559,0.57,0.75,-0.043,0.221,0
7682,77,1,7,0.901,0.646,0.768,0.25,-0.087,0.472,0
7683,78,0,11,1.031,0.452,0.837,0.0,0.447,0.331,0
7684,36,0,12,1.013,0.704,1.041,0.0,0.686,0.182,0
7685,82,1,4,0.817,0.733,0.678,0.25,0.048,0.053,0
7686,50,1,6,0.748,0.639,0.681,0.0,0.121,-0.158,0
7687,66,0,3,0.688,0.641,0.42,0.0,0.243,-0.03,0
7688,49,0,8,0.737,0.59,1.095,0.0,0.582,0.092,0
7689,83,1,8,0.912,0.573,0.765,0.0,0.136,0.246,0
7690,32,1,10,0.89,0.662,0.784,1.0,0.249,0.113,0
7691,78,0,6,0.969,0.729,0.633,0.0,0.378,0.149,0
7692,60,1,10,0.805,0.61,1.101,0.0,0.61,0.063,0
7693,78,1,3,0.906,0.568,0.728,0.0,0.165,0.176,0
7694,61,1,9,1.059,0.57,0.885,0.0,0.451,0.266,0
7695,52,1,8,1.105,0.635,0.886,0.0,0.206,0.459,0
7696,59,0,4,0.791,0.682,0.452,0.0,0.019,-0.026,0
7697,43,1,9,0.895,0.581,0.975,1.0,0.805,0.378,0
7698,55,0,8,0.787,0.524,0.85,1.0,0.388,-0.054,1
7699,45,0,5,0.825,0.562,0.294,0.0,-0.094,0.02,0
7700,72,0,4,0.985,0.632,0.616,0.0,0.101,0.114,0
7701,55,1,3,0.864,0.713,0.348,1.0,-0.078,0.043,0
7702,53,0,8,0.753,0.619,0.473,0.0,-0.212,0.053,0
7703,59,1,5,0.649,0.671,0.727,0.0,0.166,-0.154,0
7704,40,1,11,1.015,0.41,0.779,0.0,0.515,0.454,0
7705,80,1,4,0.725,0.555,0.442,0.75,0.203,-0.401,0
7706,70,1,9,0.606,0.599,0.759,0.0,0.346,0.012,0
7707,51,1,6,0.843,0.427,0.824,0.0,0.356,0.115,0
7708,34,0,12,0.916,0.455,0.718,0.25,0.053,-0.072,0
7709,54,1,11,1.018,0.629,0.916,0.5,0.279,0.466,0
7710,52,1,3,0.726,0.667,0.363,0.5,-0.203,-0.081,0
7711,54,1,10,1.094,0.554,0.964,0.0,0.531,0.4,0
7712,41,0,12,1.013,0.418,0.512,0.75,-0.072,0.305,0
7713,76,1,12,0.939,0.596,0.744,0.5,0.194,0.238,0
7714,71,1,8,0.991,0.509,0.838,0.0,0.448,0.054,1
7715,59,1,8,0.865,0.635,0.589,0.0,0.224,0.429,0
7716,60,0,12,0.922,0.488,0.911,0.75,0.608,-0.054,0
7717,81,1,8,0.837,0.48,0.754,0.5,0.107,0.245,0
7718,80,0,7,0.931,0.545,0.593,0.25,0.017,0.023,1
7719,59,0,7,0.7,0.483,0.671,0.0,0.017,0.167,0
7720,44,1,7,1.154,0.474,0.843,0.0,0.371,0.38,0
7721,39,1,3,0.71,0.788,0.774,0.25,0.453,-0.089,0
7722,56,1,3,0.597,0.609,0.522,0.0,0.211,-0.175,0
7723,47,0,8,0.845,0.669,0.651,0.25,0.243,0.145,0
7724,65,0,3,0.658,0.61,0.511,0.0,-0.063,-0.042,0
7725,78,1,5,0.752,0.636,0.659,0.75,0.433,-0.021,0
7726,58,1,11,0.993,0.624,0.862,0.0,0.132,0.509,0
7727,84,1,8,0.648,0.549,0.96,0.0,0.292,0.131,0
7728,81,0,11,1.068,0.53,0.991,0.0,0.559,0.223,0
7729,72,0,10,0.859,0.424,0.813,0.5,0.334,0.04,0
7730,36,0,11,0.869,0.515,1.118,0.75,0.571,0.197,0
7731,55,0,7,0.837,0.587,0.874,0.25,0.495,0.052,0
7732,50,1,5,0.876,0.638,0.752,0.5,0.472,0.186,0
7733,82,1,5,1.01,0.591,0.578,1.0,-0.122,0.317,0
7734,62,0,12,0.989,0.534,0.7,0.0,0.088,0.117,0
7735,73,1,9,0.816,0.566,0.834,0.25,0.439,0.146,0
7736,38,1,5,0.846,0.558,0.647,0.0,0.082,0.292,0
7737,47,0,10,0.575,0.592,0.73,0.0,0.28,-0.166,0
7738,82,0,12,0.804,0.571,0.871,0.25,0.065,0.239,0
7739,84,1,12,0.763,0.557,0.912,0.0,0.405,0.045,1
7740,73,1,8,0.819,0.525,0.704,0.5,0.201,0.04,0
7741,73,0,4,0.952,0.632,0.674,0.0,0.42,0.194,0
7742,62,1,5,0.882,0.652,0.689,1.0,0.083,0.3,1
7743,67,1,6,0.888,0.546,0.432,0.0,0.094,0.184,0
7744,43,0,8,0.863,0.562,0.913,0.0,0.94,0.135,0
7745,47,1,4,0.799,0.657,0.475,0.0,-0.163,0.071,0
7746,43,0,7,0.799,0.602,0.927,0.0,0.434,0.185,0
7747,78,1,10,0.939,0.616,0.962,0.75,0.252,0.2,0
7748,39,1,6,0.951,0.645,0.657,0.0,0.403,0.075,0
7749,60,1,11,0.882,0.637,0.666,0.5,0.304,0.043,0
7750,48,0,7,0.912,0.651,0.7,0.75,0.255,0.161,0
7751,77,0,7,0.88,0.492,0.784,1.0,0.435,-0.023,1
7752,47,0,10,0.821,0.575,0.814,0.0,0.431,-0.011,0
7753,70,1,10,0.754,0.549,0.957,0.5,0.666,-0.022,0
7754,74,1,5,0.789,0.615,0.718,0.0,0.218,-0.052,0
7755,69,0,3,0.684,0.654,0.449,0.0,-0.05,-0.152,0
7756,73,1,7,1.064,0.674,0.659,0.25,0.303,0.135,0
7757,43,0,5,0.952,0.58,0.653,0.0,-0.047,0.227,0
7758,34,0,5,0.782,0.553,0.563,0.0,0.308,-0.204,0
7759,60,0,3,0.831,0.398,0.596,0.25,0.092,-0.115,0
7760,56,0,8,0.619,0.545,0.663,0.0,0.296,-0.084,0
7761,76,0,11,0.747,0.622,0.834,0.5,0.458,0.299,0
7762,61,1,6,0.8,0.581,0.691,0.0,0.16,-0.027,0
7763,65,0,3,0.681,0.633,0.7,0.0,0.063,0.016,0
7764,49,1,5,0.758,0.531,0.752,0.5,0.204,-0.103,0
7765,30,0,9,0.917,0.595,0.844,0.75,0.386,0.15,0
7766,47,0,3,0.751,0.7,0.447,0.0,-0.239,0.02,0
7767,46,0,8,0.869,0.565,1.09,0.0,0.656,0.172,0
7768,64,0,4,0.962,0.649,0.225,0.5,-0.268,0.362,0
7769,57,1,3,0.825,0.741,0.659,0.5,0.058,0.108,0
7770,56,0,8,0.963,0.694,0.634,0.0,0.096,0.2,0
7771,75,1,8,0.897,0.565,0.752,0.75,0.458,0.144,0
7772,78,0,4,0.92,0.588,0.848,0.75,0.412,0.381,0
7773,74,0,5,0.897,0.653,0.631,0.0,0.326,0.193,0
7774,47,1,5,1.065,0.625,0.509,0.0,0.405,0.24,0
7775,66,1,10,0.829,0.495,1.164,0.25,0.818,0.035,0
7776,66,1,11,0.873,0.592,0.497,0.75,0.153,0.014,0
7777,71,0,6,0.914,0.563,0.559,1.0,0.089,0.214,0
7778,75,0,8,1.009,0.603,0.571,0.0,0.218,0.272,0
7779,66,0,7,0.604,0.637,0.748,0.5,0.545,-0.391,0
7780,48,0,8,1.024,0.615,0.585,0.75,0.064,0.302,0
7781,39,0,11,0.958,0.555,0.765,0.0,0.439,0.253,0
7782,75,1,6,0.902,0.683,0.577,0.25,0.482,0.021,0
7783,50,1,5,0.781,0.621,0.916,0.0,0.268,0.003,0
7784,64,0,5,0.94,0.666,0.31,0.0,-0.02,0.138,0
7785,36,1,5,0.616,0.526,0.71,0.25,0.168,-0.066,0
7786,66,0,3,0.748,0.666,0.513,0.0,-0.251,-0.196,0
7787,41,1,9,0.836,0.523,1.034,0.5,0.732,0.054,0
7788,37,1,5,0.826,0.723,0.432,0.5,0.009,-0.066,0
7789,59,1,5,1.125,0.656,0.449,0.0,0.028,0.311,0
7790,54,0,8,0.744,0.684,0.419,0.0,-0.13,0.058,1
7791,70,0,12,1.03,0.586,1.025,0.75,0.244,0.37,0
7792,35,0,7,0.647,0.539,1.056,0.0,0.556,-0.214,0
7793,58,0,6,0.901,0.49,0.73,0.0,0.274,0.354,0
7794,57,1,11,0.862,0.56,0.878,0.25,0.676,0.101,0
7795,32,0,12,1.098,0.478,0.841,0.75,0.049,0.491,0
7796,69,0,7,0.764,0.52,0.627,0.0,0.084,-0.01,0
7797,34,0,9,1.15,0.575,0.575,0.0,0.063,0.319,0
7798,49,1,10,0.799,0.633,0.882,0.0,0.047,0.257,0
7799,32,0,12,0.954,0.59,1.11,0.75,0.596,0.185,0
7800,48,0,7,1.02,0.545,0.479,1.0,-0.076,0.369,0
7801,33,0,6,0.882,0.672,0.597,0.0,0.02,0.187,0
7802,45,1,3,0.975,0.592,0.447,0.75,-0.138,0.213,0
7803,35,0,11,0.991,0.554,0.96,0.75,0.294,-0.051,0
7804,71,1,6,0.878,0.597,0.67,0.0,0.145,0.083,0
7805,75,0,4,0.744,0.703,0.655,0.25,0.202,0.087,0
7806,57,1,8,0.831,0.5,0.565,0.75,-0.214,0.15,0
7807,81,1,4,0.674,0.582,0.692,1.0,-0.091,0.084,1
7808,51,1,6,0.753,0.575,0.378,1.0,0.011,-0.19,0
7809,53,0,11,0.782,0.483,0.7,0.0,0.178,0.043,0
7810,32,1,3,0.886,0.649,0.498,0.0,0.066,-0.04,0
7811,81,1,9,0.9,0.474,0.711,0.25,0.51,0.157,0
7812,67,1,5,0.617,0.579,0.797,0.0,0.438,-0.369,0
7813,70,1,8,0.748,0.53,0.864,0.0,0.347,-0.147,0
7814,67,0,11,0.862,0.589,1.013,0.0,0.445,0.341,0
7815,50,0,12,1.001,0.463,1.159,0.0,0.803,0.333,0
7816,83,1,11,0.96,0.48,0.879,0.5,0.317,0.382,0
7817,64,0,7,0.888,0.639,0.652,0.0,0.36,0.168,0
7818,40,0,5,0.665,0.767,0.405,1.0,-0.201,0.078,0
7819,43,1,10,0.857,0.575,0.821,0.5,0.163,0.256,0
7820,69,0,7,0.76,0.582,0.653,0.5,0.053,0.095,0
7821,77,1,11,0.98,0.5,0.898,1.0,0.556,0.218,0
7822,61,1,6,0.997,0.426,0.929,0.0,0.504,0.202,0
7823,45,1,9,0.938,0.5,0.604,0.25,-0.178,0.113,0
7824,41,1,6,0.829,0.7,0.487,0.0,0.024,-0.024,0
7825,32,0,8,0.814,0.607,0.968,0.0,0.425,-0.043,0
7826,44,0,9,0.972,0.556,0.7,0.25,0.452,0.249,0
7827,82,0,6,0.944,0.65,0.592,0.75,-0.051,0.353,0
7828,68,1,6,0.985,0.563,0.803,0.75,0.394,0.129,0
7829,78,1,11,0.935,0.523,0.819,0.25,0.464,0.115,1
7830,69,1,12,0.857,0.7,0.794,0.0,0.533,0.036,0
7831,50,0,7,0.928,0.402,0.813,1.0,0.192,0.224,0
7832,66,0,12,0.989,0.49,0.851,0.0,0.378,0.206,0
7833,35,0,4,0.73,0.561,0.7,0.0,0.332,-0.057,0
7834,70,0,12,1.052,0.489,0.963,0.75,0.974,0.297,0
7835,35,0,8,0.93,0.534,0.681,0.0,0.394,0.379,0
7836,51,0,12,1.026,0.629,1.099,0.0,0.241,0.433,0
7837,33,1,6,1.046,0.781,0.421,0.0,0.195,0.47,0
7838,38,0,10,0.833,0.357,0.896,0.0,0.405,0.162,0
7839,36,1,11,1.01,0.695,0.753,0.0,0.403,0.049,0
7840,49,0,4,0.825,0.488,0.721,0.0,0.392,0.237,0
7841,82,1,5,0.912,0.614,0.603,0.25,0.004,0.267,0
7842,56,0,10,1.063,0.516,0.935,0.25,0.751,0.194,0
7843,34,1,8,0.989,0.543,0.877,0.0,0.64,-0.091,0
7844,47,1,4,0.771,0.636,0.427,0.75,-0.529,0.149,0
7845,55,1,11,0.901,0.612,1.097,0.0,0.519,0.136,0
7846,81,1,7,0.7,0.537,0.63,0.0,-0.088,-0.317,0
7847,72,1,11,0.83,0.725,0.882,0.5,0.396,0.026,1
7848,59,1,12,0.962,0.569,1.095,1.0,0.901,0.083,0
7849,47,0,8,1.002,0.604,0.72,0.0,0.067,0.345,0
7850,62,1,4,0.845,0.627,0.346,0.25,-0.241,0.098,0
7851,37,0,3,0.731,0.594,0.68,0.0,-0.08,0.038,0
7852,72,1,6,0.775,0.602,0.519,0.0,0.103,0.124,0
7853,58,0,7,0.914,0.564,1.114,0.5,0.753,0.058,1
7854,40,0,5,0.992,0.629,0.586,0.75,-0.077,0.358,0
7855,77,1,5,0.72,0.482,0.924,0.0,0.209,-0.062,0
7856,48,1,12,1.001,0.645,0.876,0.75,0.362,0.285,0
7857,75,1,7,0.86,0.594,0.653,0.0,0.141,0.01,0
7858,39,1,3,0.925,0.599,0.624,0.0,0.036,0.194,0
7859,44,1,8,0.95,0.571,1.021,0.0,0.777,-0.003,0
7860,57,1,9,0.925,0.536,0.7,0.0,0.48,0.063,0
7861,37,1,3,0.846,0.554,0.489,0.5,-0.211,0.264,0
7862,62,1,9,0.774,0.477,0.753,0.0,-0.122,0.125,0
7863,72,1,7,0.781,0.668,0.851,0.0,0.182,-0.15,0
7864,81,0,9,0.735,0.566,0.903,0.0,0.445,-0.082,0
7865,64,1,9,0.826,0.618,0.7,0.0,0.128,-0.055,0
7866,52,1,12,0.916,0.551,0.871,0.0,0.436,0.28,0
7867,67,0,7,0.926,0.593,0.575,1.0,0.074,0.074,0
7868,58,1,9,0.803,0.611,0.541,1.0,0.091,-0.003,1
7869,81,1,8,0.914,0.58,0.527,0.75,-0.008,0.077,1
7870,70,0,4,0.942,0.475,0.545,1.0,0.248,0.163,0
7871,56,0,5,0.838,0.685,0.548,1.0,0.038,0.024,0
7872,83,1,6,0.795,0.614,0.857,0.0,0.714,-0.11,0
7873,50,0,9,1.175,0.638,0.7,0.0,0.339,0.504,0
7874,30,1,3,0.665,0.559,0.572,0.5,0.163,-0.12,0
7875,35,1,12,1.134,0.7,1.311,0.25,0.939,0.437,0
7876,53,1,10,1.037,0.55,1.062,0.25,0.528,0.265,0
7877,81,1,9,0.916,0.564,0.635,0.25,0.373,0.294,0
7878,46,0,12,0.956,0.501,1.135,0.0,0.436,0.077,0
7879,58,0,6,0.7,0.507,0.581,0.25,0.172,-0.101,0
7880,52,1,10,1.04,0.549,0.845,0.0,0.434,0.34,0
7881,74,1,4,0.759,0.555,0.443,0.0,0.031,-0.011,0
7882,61,0,3,0.851,0.712,0.7,1.0,-0.163,0.104,0
7883,41,0,8,0.884,0.627,0.711,0.0,0.285,0.208,0
7884,55,0,6,1.015,0.626,0.681,0.0,0.311,0.447,0
7885,72,0,7,0.851,0.59,0.456,0.5,-0.021,-0.064,0
7886,63,0,5,0.7,0.619,1.086,0.0,0.705,-0.234,0
7887,37,0,11,0.748,0.621,1.094,1.0,0.701,0.01,0
7888,50,1,8,0.969,0.499,0.795,0.0,0.33,0.004,0
7889,78,1,8,0.775,0.626,0.912,1.0,0.451,0.06,1
7890,79,1,3,0.628,0.653,0.782,0.5,0.255,-0.202,0
7891,62,0,11,0.901,0.501,0.771,0.0,0.307,0.324,0
7892,47,1,11,0.908,0.562,0.875,0.25,0.344,0.206,0
7893,66,1,4,0.957,0.583,0.786,0.25,0.196,0.022,0
7894,47,1,12,1.005,0.37,1.059,0.5,0.461,0.213,0
7895,83,1,8,0.957,0.46,0.796,0.0,0.411,0.288,1
7896,51,1,12,0.976,0.664,0.815,0.0,0.378,0.235,0
7897,31,1,7,0.704,0.604,0.355,0.25,-0.641,0.119,0
7898,50,0,4,0.78,0.547,0.606,1.0,0.03,0.161,0
7899,62,1,5,0.765,0.668,0.438,0.0,0.051,0.129,0
7900,67,1,4,0.603,0.502,0.457,0.5,0.095,-0.061,0
7901,75,1,11,0.779,0.641,1.116,0.0,0.931,-0.225,1
7902,38,1,9,0.988,0.59,0.783,0.0,0.357,0.52,0
7903,65,1,4,0.746,0.758,0.683,1.0,0.553,0.025,0
7904,73,1,5,0.738,0.534,1.167,0.0,0.596,0.094,0
7905,39,0,6,0.666,0.716,0.615,0.5,0.152,-0.282,0
7906,59,0,12,1.018,0.533,0.565,0.0,-0.085,0.168,0
7907,59,0,9,0.861,0.596,0.778,0.0,0.279,0.17,0
7908,45,0,7,1.098,0.524,0.61,0.75,0.07,0.73,0
7909,59,0,12,1.003,0.473,1.028,1.0,0.73,0.118,1
7910,44,1,10,0.759,0.625,0.847,1.0,0.45,-0.024,0
7911,66,1,6,0.945,0.646,0.989,1.0,0.321,0.279,0
7912,30,1,8,0.952,0.577,1.122,0.0,0.784,0.226,0
7913,58,0,8,1.004,0.546,0.655,0.0,-0.039,0.452,0
7914,77,0,3,0.718,0.658,0.514,0.75,-0.186,0.015,0
7915,43,0,11,0.932,0.575,0.755,0.25,0.505,0.279,0
7916,54,0,11,0.7,0.604,1.335,0.25,0.851,-0.041,0
7917,49,0,7,0.841,0.513,0.459,0.0,-0.136,0.05,0
7918,34,1,6,0.868,0.643,0.412,0.75,-0.125,0.02,0
7919,35,1,3,0.744,0.644,0.41,0.0,-0.29,0.241,0
7920,74,0,6,1.112,0.589,0.849,0.5,0.389,0.525,0
7921,49,1,6,0.815,0.625,0.438,0.0,0.114,0.236,0
7922,56,0,4,0.884,0.737,0.636,0.0,0.256,0.066,0
7923,43,1,5,0.637,0.654,0.464,0.5,0.276,-0.101,0
7924,62,1,12,1.232,0.547,0.527,0.0,0.074,0.532,0
7925,47,1,4,0.82,0.637,0.697,0.5,0.342,0.271,0
7926,84,0,10,0.866,0.46,1.009,1.0,0.541,0.179,1
7927,79,0,6,0.947,0.589,0.675,0.0,0.503,0.215,0
7928,31,0,9,0.991,0.512,0.941,0.0,0.384,0.016,0
7929,55,0,4,0.57,0.635,0.965,0.0,0.449,-0.169,0
7930,61,0,11,0.718,0.599,0.807,0.75,0.187,-0.014,1
7931,56,1,10,0.954,0.609,0.749,0.0,0.465,0.205,0
7932,83,0,7,0.854,0.548,0.628,0.0,0.16,0.095,0
7933,73,0,7,1.011,0.517,0.474,0.0,-0.074,0.174,0
7934,66,0,5,0.7,0.557,0.586,1.0,0.187,0.083,0
7935,54,0,3,0.712,0.676,0.601,1.0,-0.099,-0.028,0
7936,58,1,10,0.85,0.7,0.825,0.0,0.664,0.33,0
7937,55,1,8,0.9,0.601,0.589,0.0,-0.082,0.062,0
7938,51,1,5,0.733,0.534,0.678,0.0,0.43,-0.025,0
7939,70,1,4,0.797,0.7,0.415,0.0,0.148,-0.087,0
7940,36,1,3,0.739,0.608,0.17,0.25,-0.292,-0.195,0
7941,37,0,10,0.903,0.584,0.882,0.0,0.082,0.294,0
7942,70,1,5,0.573,0.595,0.686,0.0,0.429,-0.197,0
7943,65,0,8,0.964,0.663,0.659,0.25,0.164,0.089,0
7944,37,1,12,0.902,0.664,1.136,0.75,0.433,0.15,0
7945,73,1,12,1.062,0.54,0.933,0.0,0.497,0.359,0
7946,83,1,4,0.769,0.577,0.795,0.25,0.26,-0.016,1
7947,52,0,7,0.793,0.563,0.705,0.25,0.371,-0.031,0
7948,70,0,4,0.783,0.618,0.453,0.0,0.024,0.199,0
7949,60,1,5,0.615,0.583,0.617,0.5,0.275,-0.206,0
7950,47,0,9,1.041,0.582,0.914,0.5,0.735,0.378,0
7951,37,1,5,0.775,0.6,0.588,0.75,0.262,-0.229,0
7952,34,1,9,0.912,0.482,0.717,0.5,0.215,0.127,0
7953,80,1,9,0.811,0.59,0.741,0.0,0.456,-0.159,0
7954,80,1,9,0.633,0.636,0.587,0.0,-0.222,0.047,0
7955,70,0,10,0.958,0.62,0.67,0.0,0.307,0.229,0
7956,69,0,11,0.882,0.579,1.122,0.0,0.873,0.092,0
7957,46,0,11,0.874,0.602,0.655,0.75,0.195,-0.167,0
7958,55,1,9,0.878,0.614,0.668,0.25,0.28,0.084,0
7959,31,0,10,0.832,0.551,0.708,0.0,0.46,0.044,0
7960,46,1,4,0.792,0.601,0.589,0.0,0.032,0.043,0
7961,41,1,12,1.087,0.431,0.996,1.0,0.592,0.523,0
7962,35,0,4,0.815,0.558,0.731,0.25,0.397,0.098,0
7963,31,1,10,0.898,0.546,0.7,0.0,0.156,0.301,0
7964,31,1,5,0.736,0.692,0.828,0.0,0.474,0.079,0
7965,84,0,7,0.711,0.484,0.7,0.0,0.33,-0.026,0
7966,81,0,12,0.874,0.602,0.966,0.25,0.423,-0.07,0
7967,53,0,5,0.792,0.69,0.746,0.0,0.235,0.058,0
7968,74,0,6,1.043,0.573,0.696,1.0,0.351,0.481,0
7969,55,1,8,0.946,0.582,0.639,0.0,0.349,0.162,0
7970,73,1,5,0.878,0.698,0.826,0.0,0.378,0.217,0
7971,71,1,11,1.041,0.532,0.949,0.0,0.331,0.237,1
7972,78,0,12,0.769,0.568,1.164,0.0,0.958,0.142,0
7973,67,0,8,0.858,0.582,0.83,0.5,0.438,0.255,0
7974,64,0,9,1.028,0.626,0.7,0.5,0.146,0.329,1
7975,35,0,12,1.111,0.48,1.021,0.0,0.526,0.432,0
7976,63,1,7,0.887,0.554,0.795,0.25,0.228,0.13,0
7977,70,1,11,0.933,0.612,0.87,0.0,0.53,0.049,0
7978,39,0,9,0.835,0.589,0.726,0.0,0.178,0.277,0
7979,79,0,9,0.848,0.632,0.537,0.0,0.114,0.076,0
7980,57,0,11,0.983,0.488,0.49,0.0,0.037,0.239,0
7981,69,0,12,1.192,0.554,0.671,1.0,0.05,0.36,0
7982,32,0,9,0.918,0.48,0.8,0.0,0.092,0.092,0
7983,43,0,10,0.975,0.658,0.716,0.0,0.323,0.234,0
7984,31,0,9,0.651,0.583,0.789,0.0,0.196,-0.295,0
7985,50,0,6,0.862,0.737,0.745,0.0,0.209,0.202,0
7986,54,0,9,0.853,0.651,0.983,1.0,0.652,0.113,0
7987,61,0,3,0.755,0.594,0.742,1.0,0.446,-0.078,0
7988,58,1,8,0.847,0.67,0.783,0.75,0.464,0.098,0
7989,83,1,3,0.718,0.649,0.763,0.0,0.289,-0.051,0
7990,60,0,5,1.057,0.62,0.798,1.0,0.554,0.162,0
7991,77,1,9,0.837,0.5,0.851,0.0,0.348,-0.046,0
7992,37,0,10,1.052,0.56,0.7,0.0,0.385,0.182,0
7993,32,0,4,1.053,0.657,0.703,0.75,-0.152,0.431,0
7994,38,1,4,0.887,0.469,0.561,0.25,-0.138,0.19,0
7995,70,0,9,1.015,0.565,0.81,0.75,0.505,0.412,0
7996,42,1,3,0.416,0.604,0.203,0.0,-0.343,-0.396,0
7997,38,1,11,0.912,0.426,0.97,0.25,0.328,0.307,0
7998,72,1,4,0.683,0.673,0.604,0.0,0.025,-0.083,0
7999,72,0,4,0.781,0.566,0.42,0.5,0.091,0.141,0
8000,32,1,9,0.841,0.608,0.886,0.75,0.445,0.141,0
8001,43,1,5,0.943,0.67,0.326,0.25,-0.053,0.205,0
8002,61,1,7,0.896,0.635,0.82,0.5,0.396,0.088,0
8003,45,1,8,0.67,0.668,0.823,0.25,0.429,-0.056,0
8004,78,1,11,0.991,0.612,0.799,1.0,0.205,-0.013,1
8005,31,1,4,0.87,0.584,0.646,0.25,0.015,0.175,0
8006,76,0,3,0.731,0.612,0.681,0.0,0.329,0.012,1
8007,50,0,12,0.957,0.527,1.041,1.0,0.474,0.379,0
8008,76,1,10,0.957,0.612,0.564,0.5,0.039,0.222,0
8009,60,1,3,0.641,0.631,0.209,0.75,-0.197,0.118,0
8010,70,0,8,0.968,0.706,0.948,0.5,0.492,0.201,0
8011,43,1,4,0.914,0.7,1.028,0.75,0.499,0.078,1
8012,33,0,10,0.959,0.456,0.658,0.25,0.413,0.492,0
8013,79,0,4,0.81,0.521,0.748,0.5,0.39,0.075,0
8014,75,0,5,0.764,0.53,0.617,0.0,-0.045,0.097,1
8015,69,1,6,0.645,0.635,0.766,0.0,0.076,-0.041,0
8016,66,1,6,0.728,0.483,0.875,0.0,0.527,0.017,0
8017,52,0,3,0.777,0.54,0.54,0.75,0.072,0.261,0
8018,62,1,7,1.022,0.489,0.736,0.0,0.194,0.125,0
8019,36,0,11,1.021,0.649,0.963,1.0,0.511,0.301,0
8020,64,1,6,0.82,0.525,0.785,0.0,0.122,0.113,0
8021,49,0,4,0.759,0.644,0.715,0.25,0.454,0.118,0
8022,50,0,12,0.795,0.527,0.96,0.0,0.769,-0.116,0
8023,41,1,3,0.725,0.589,0.184,0.0,-0.371,-0.177,0
8024,58,1,7,0.942,0.617,0.904,0.25,0.371,0.405,0
8025,62,1,6,0.704,0.581,0.585,0.0,0.174,-0.109,0
8026,47,0,12,0.976,0.655,0.965,0.0,0.55,0.409,0
8027,60,1,5,0.874,0.545,0.681,0.75,0.57,0.264,0
8028,41,0,6,0.854,0.498,0.541,0.25,0.402,0.246,0
8029,53,1,6,0.867,0.616,0.562,0.0,-0.135,-0.044,0
8030,57,1,10,1.109,0.518,0.614,0.5,0.11,0.247,0
8031,59,1,9,0.916,0.659,0.484,0.75,-0.062,0.144,0
8032,48,1,10,0.846,0.626,0.581,1.0,0.228,0.078,0
8033,77,0,4,0.732,0.722,0.469,0.5,0.213,-0.055,0
8034,58,0,7,0.651,0.627,0.487,0.0,0.081,-0.247,0
8035,53,0,12,1.032,0.559,0.979,1.0,0.68,0.384,0
8036,67,1,8,0.707,0.585,0.525,0.0,0.134,0.069,0
8037,39,0,5,1.011,0.486,0.755,0.25,0.055,0.119,0
8038,51,1,4,0.522,0.653,0.503,0.0,0.039,0.014,0
8039,43,0,10,0.83,0.7,0.901,1.0,0.829,0.077,0
8040,32,0,3,0.842,0.718,0.336,0.5,-0.059,0.163,0
8041,32,1,11,0.717,0.49,0.807,0.0,0.566,-0.104,0
8042,56,0,10,0.907,0.557,0.826,0.5,0.57,0.393,0
8043,40,0,10,0.724,0.435,0.875,0.0,0.322,0.068,0
8044,59,0,5,0.968,0.621,0.635,0.5,0.165,0.429,0
8045,43,0,11,1.12,0.679,0.817,0.0,0.271,0.472,0
8046,78,1,4,0.84,0.547,0.726,0.0,0.755,0.066,0
8047,82,1,12,1.111,0.537,0.856,0.75,0.083,0.307,1
8048,54,1,9,0.778,0.599,0.82,0.0,0.424,0.304,0
8049,70,1,8,0.95,0.573,0.846,1.0,0.449,0.23,1
8050,67,1,7,0.775,0.541,0.639,0.25,0.278,0.002,0
8051,36,0,3,0.836,0.54,0.65,0.5,0.201,0.033,0
8052,63,1,7,0.7,0.635,1.057,0.0,0.481,-0.201,0
8053,70,1,12,0.938,0.408,0.565,0.0,0.101,0.199,0
8054,67,0,6,0.729,0.625,0.628,0.0,-0.03,-0.301,0
8055,75,0,10,0.887,0.606,0.617,0.0,0.459,0.245,0
8056,83,1,7,0.829,0.61,0.862,0.0,0.325,0.126,0
8057,83,1,12,1.1,0.45,0.881,0.0,0.302,0.171,1
8058,64,0,5,0.698,0.492,0.615,0.0,0.232,0.07,0
8059,37,1,5,0.854,0.668,0.357,0.75,-0.396,0.102,0
8060,60,0,10,1.083,0.487,0.687,0.0,-0.031,0.081,0
8061,37,1,11,1.006,0.519,0.892,0.25,0.439,0.337,0
8062,64,1,9,0.912,0.607,0.827,0.25,0.204,0.138,0
8063,64,1,11,0.865,0.385,0.842,0.5,0.251,0.028,1
8064,33,0,6,0.812,0.773,0.761,0.75,-0.001,-0.115,0
8065,49,0,6,0.945,0.644,0.669,0.5,0.147,0.283,0
8066,40,1,6,1.015,0.629,0.679,0.0,0.239,0.463,0
8067,74,1,8,0.972,0.591,0.649,0.0,0.31,0.417,0
8068,77,1,12,1.115,0.612,0.854,0.0,0.462,0.181,0
8069,30,1,11,0.948,0.531,1.328,0.25,0.747,0.279,0
8070,67,0,8,1.07,0.531,0.386,0.75,-0.226,0.258,0
8071,75,0,5,0.91,0.489,0.735,0.0,0.434,0.178,0
8072,78,1,7,1.089,0.544,0.353,0.0,0.091,0.324,0
8073,40,1,8,1.037,0.606,0.9,0.25,0.449,0.339,0
8074,51,0,10,1.067,0.386,1.318,1.0,0.855,0.367,0
8075,67,1,7,0.965,0.565,0.559,0.25,-0.141,0.145,0
8076,44,1,9,0.744,0.624,0.707,0.0,0.132,-0.083,0
8077,38,1,6,0.7,0.694,0.565,0.5,-0.139,-0.057,0
8078,42,0,4,0.78,0.477,0.407,0.0,-0.153,0.171,0
8079,84,0,3,0.844,0.649,0.595,1.0,0.128,0.179,0
8080,64,0,10,0.897,0.459,0.812,0.0,0.19,0.083,0
8081,54,1,4,0.813,0.624,0.406,0.5,-0.112,-0.067,0
8082,66,1,6,0.851,0.581,0.815,0.0,0.314,0.163,0
8083,39,0,7,1.028,0.523,0.831,0.0,0.346,0.229,0
8084,73,0,10,0.985,0.525,0.788,0.75,0.438,0.191,1
8085,47,1,4,0.719,0.549,0.649,0.75,0.406,-0.015,0
8086,35,0,5,0.875,0.601,0.448,0.5,0.297,-0.222,0
8087,39,0,4,0.773,0.697,0.595,0.0,-0.059,-0.075,0
8088,77,1,12,1.022,0.437,0.755,0.0,0.437,0.382,0
8089,64,0,12,1.053,0.546,0.941,0.75,0.593,0.406,0
8090,35,0,7,0.864,0.715,0.556,0.0,-0.003,0.006,0
8091,75,1,11,0.885,0.59,0.857,0.0,0.351,0.273,0
8092,75,0,11,1.054,0.678,0.698,0.0,0.003,0.437,0
8093,46,1,8,0.766,0.543,0.936,0.5,0.341,-0.138,0
8094,41,0,3,1.003,0.642,0.817,0.75,0.215,0.375,0
8095,58,0,10,0.98,0.537,0.668,0.0,-0.081,0.357,0
8096,51,0,9,0.918,0.542,0.927,0.0,0.442,0.204,0
8097,54,0,12,0.994,0.603,1.293,0.0,0.662,0.091,0
8098,70,1,8,0.868,0.579,0.45,0.0,0.232,0.275,0
8099,46,1,3,0.603,0.732,0.847,0.0,0.103,-0.055,0
8100,63,1,6,0.852,0.614,0.52,0.0,0.099,0.022,0
8101,74,0,7,0.697,0.523,0.703,0.5,0.412,-0.089,0
8102,49,1,7,0.773,0.696,0.575,0.0,0.022,-0.038,0
8103,40,1,3,0.665,0.714,0.592,0.25,-0.062,-0.035,0
8104,67,1,3,0.823,0.604,0.676,0.75,0.247,0.295,0
8105,65,0,12,1.029,0.595,0.959,0.0,0.432,0.188,0
8106,39,1,3,0.554,0.457,0.494,0.5,0.2,-0.247,0
8107,41,1,12,1.1,0.559,0.741,0.75,0.231,0.463,1
8108,48,0,8,0.844,0.569,0.379,0.25,-0.199,0.035,0
8109,70,1,10,0.68,0.556,0.947,0.25,0.43,0.007,0
8110,36,0,12,0.859,0.604,1.114,0.0,0.784,0.116,0
8111,36,1,12,0.911,0.597,0.726,0.0,-0.001,0.083,0
8112,47,0,11,0.914,0.447,1.021,0.75,0.654,0.175,0
8113,51,1,4,0.89,0.676,0.854,1.0,0.327,-0.049,0
8114,84,1,3,0.709,0.568,0.557,0.0,0.213,0.013,0
8115,84,1,10,1.026,0.501,0.863,0.5,0.201,0.503,0
8116,33,1,7,0.994,0.573,0.422,0.5,0.247,-0.003,0
8117,32,1,8,0.943,0.664,0.445,0.0,0.241,0.27,0
8118,80,0,8,0.737,0.765,0.241,0.0,-0.236,0.047,0
8119,37,0,4,0.688,0.604,0.798,0.0,0.167,0.149,0
8120,57,0,11,0.726,0.511,0.949,0.0,0.194,-0.186,0
8121,54,0,10,0.899,0.62,0.97,0.0,0.623,0.244,0
8122,76,1,9,0.733,0.502,0.986,1.0,0.628,0.135,0
8123,68,0,7,0.71,0.695,0.785,0.25,0.344,0.157,0
8124,72,0,5,0.657,0.475,0.823,0.0,0.614,0.013,0
8125,81,0,5,0.712,0.71,0.612,0.0,0.034,-0.101,0
8126,61,1,7,0.955,0.646,0.563,0.25,0.56,0.32,0
8127,84,1,10,0.894,0.523,0.51,0.0,0.153,0.145,0
8128,48,0,4,0.903,0.679,0.833,0.0,0.151,0.006,0
8129,58,0,11,0.7,0.543,0.934,0.25,0.496,0.011,0
8130,36,0,8,0.747,0.583,0.67,0.0,0.428,-0.118,0
8131,81,1,10,1.164,0.492,1.049,0.25,0.406,0.43,0
8132,74,0,6,0.824,0.568,0.264,0.0,-0.472,0.242,0
8133,62,0,9,0.989,0.509,1.115,1.0,0.702,0.256,0
8134,56,0,7,0.799,0.663,0.738,0.0,0.203,0.066,0
8135,76,0,12,0.722,0.507,0.859,0.25,0.416,0.075,1
8136,44,1,11,1.018,0.596,0.739,1.0,0.177,0.482,0
8137,74,1,8,0.804,0.643,0.805,0.75,0.628,0.234,1
8138,42,1,3,0.678,0.587,0.607,0.5,0.314,0.319,0
8139,75,0,3,0.754,0.681,0.359,0.0,-0.206,-0.071,0
8140,46,0,6,0.791,0.446,0.54,0.0,0.104,0.12,0
8141,78,1,11,1.093,0.448,0.922,0.0,0.317,0.186,0
8142,60,1,9,1.081,0.573,0.865,0.0,0.623,0.286,0
8143,33,0,10,0.7,0.64,1.025,0.0,0.608,-0.049,0
8144,35,1,3,0.759,0.668,0.67,0.25,0.282,0.061,0
8145,35,0,10,0.841,0.633,1.032,0.75,0.625,0.181,0
8146,43,1,11,1.052,0.432,0.892,0.5,0.505,0.352,0
8147,59,1,8,0.823,0.561,0.738,0.0,0.039,0.143,0
8148,40,1,4,0.7,0.637,0.377,0.75,0.025,-0.348,0
8149,69,0,3,0.724,0.594,0.343,0.5,-0.049,-0.021,0
8150,55,0,7,1.003,0.632,0.716,0.75,0.327,0.249,0
8151,84,0,10,0.788,0.539,0.746,1.0,0.161,0.164,1
8152,51,0,11,0.806,0.579,0.818,0.0,0.178,-0.103,0
8153,34,0,6,0.898,0.561,0.838,0.0,0.372,0.201,0
8154,68,0,3,0.613,0.69,0.618,0.75,0.321,-0.127,0
8155,63,0,10,0.849,0.554,0.861,1.0,0.785,0.058,1
8156,60,0,8,0.789,0.537,0.942,0.0,0.734,0.051,0
8157,47,0,4,0.691,0.622,0.624,0.5,0.165,-0.057,0
8158,36,1,7,1.07,0.488,0.7,1.0,0.429,0.297,0
8159,74,0,5,0.914,0.622,0.756,1.0,0.587,0.134,0
8160,57,0,4,0.939,0.68,0.58,0.0,-0.058,0.33,0
8161,34,0,5,0.86,0.498,0.718,0.0,0.137,0.031,0
8162,34,1,11,0.85,0.7,0.748,0.75,0.2,0.102,0
8163,34,1,8,0.944,0.495,0.669,0.75,0.103,0.25,0
8164,37,0,8,0.837,0.608,0.884,0.0,0.589,0.069,0
8165,70,0,7,0.8,0.662,1.088,0.25,0.594,-0.065,0
8166,79,0,11,1.011,0.59,1.053,0.0,0.35,0.138,0
8167,51,0,8,0.793,0.486,1.0,1.0,0.598,-0.006,0
8168,43,0,3,0.68,0.66,0.334,0.0,0.09,-0.255,0
8169,66,0,6,0.913,0.475,0.667,0.5,0.564,0.222,0
8170,51,1,7,0.948,0.566,0.47,0.25,0.298,0.249,0
8171,74,1,4,0.529,0.698,0.608,0.25,0.299,-0.022,0
8172,51,1,10,1.03,0.758,0.916,0.0,0.431,0.111,0
8173,32,0,8,0.881,0.659,0.913,0.0,0.702,0.27,0
8174,65,0,5,0.803,0.666,0.529,0.5,-0.089,0.236,0
8175,78,1,10,0.744,0.587,0.769,0.25,0.076,0.192,1
8176,34,1,4,0.482,0.707,0.617,0.0,-0.001,-0.004,0
8177,38,1,8,0.956,0.567,1.103,0.0,0.921,-0.031,0
8178,67,1,6,0.824,0.513,0.613,1.0,0.063,0.164,0
8179,31,1,4,0.88,0.446,0.544,0.0,-0.21,-0.044,0
8180,30,1,9,0.995,0.545,0.865,1.0,0.508,0.295,0
8181,78,0,11,0.936,0.512,0.845,0.0,0.536,0.158,1
8182,66,1,5,0.79,0.462,0.596,0.5,0.31,0.002,0
8183,57,1,9,0.819,0.583,0.88,0.0,0.305,0.112,0
8184,52,1,9,0.958,0.505,0.955,0.5,0.625,0.121,0
8185,44,0,10,0.906,0.446,1.288,0.5,1.121,0.223,0
8186,32,1,12,1.011,0.472,1.067,0.0,0.506,0.31,0
8187,44,1,3,0.655,0.608,0.301,0.0,-0.123,-0.096,0
8188,81,0,3,0.834,0.576,0.829,0.0,0.401,0.12,0
8189,64,1,5,0.891,0.643,0.523,0.5,-0.177,0.138,0
8190,75,0,10,0.884,0.581,0.7,0.0,0.0,0.226,0
8191,75,0,3,0.606,0.616,0.68,0.5,0.26,-0.357,0
8192,53,1,10,0.701,0.586,0.962,0.0,0.262,-0.017,0
8193,37,1,8,0.684,0.452,0.719,0.5,0.194,-0.004,0
8194,77,1,8,0.742,0.514,0.731,0.5,0.373,0.091,0
8195,63,0,9,0.98,0.667,1.021,0.75,0.458,0.287,0
8196,31,1,4,0.727,0.68,0.518,0.0,0.061,0.081,0
8197,58,1,7,0.862,0.62,0.324,0.0,0.074,0.104,0
8198,39,1,3,0.7,0.722,0.705,0.0,-0.004,-0.166,0
8199,34,1,9,0.7,0.526,0.728,0.0,0.314,-0.117,0
8200,54,1,4,0.605,0.619,0.345,0.25,-0.355,-0.14,0
8201,61,1,10,0.7,0.573,0.765,0.5,0.524,0.019,0
8202,48,0,10,1.152,0.55,1.012,0.0,0.648,0.452,0
8203,59,1,3,0.581,0.659,0.442,0.75,0.027,0.005,0
8204,72,0,12,1.1,0.631,0.74,0.5,0.111,0.336,0
8205,38,1,8,0.727,0.568,0.583,0.0,-0.048,0.113,0
8206,70,1,11,0.966,0.668,1.06,0.0,0.756,0.291,1
8207,36,1,11,0.824,0.507,0.675,0.0,0.371,0.019,0
8208,75,1,4,0.765,0.7,0.869,1.0,0.169,0.185,1
8209,72,1,3,0.9,0.601,0.431,0.0,-0.197,0.192,0
8210,50,1,12,0.976,0.667,0.7,0.75,0.42,0.169,0
8211,79,0,12,0.733,0.522,0.875,0.25,0.759,-0.289,1
8212,48,0,7,0.7,0.626,0.879,0.0,0.347,-0.154,0
8213,54,0,9,0.843,0.551,0.844,0.25,0.568,0.029,0
8214,67,0,5,1.211,0.587,0.53,0.0,-0.057,0.461,0
8215,69,0,12,0.909,0.561,0.775,0.5,0.023,0.273,0
8216,51,1,4,0.693,0.661,0.596,0.0,0.316,-0.172,0
8217,52,0,3,0.67,0.572,0.322,0.0,-0.345,-0.161,0
8218,83,0,9,1.121,0.602,0.849,0.0,0.494,0.22,1
8219,63,0,7,0.778,0.533,0.653,0.5,0.361,0.22,0
8220,49,1,7,0.902,0.531,0.875,0.0,0.445,0.232,0
8221,52,1,9,0.942,0.489,0.652,0.25,0.349,0.356,0
8222,55,0,8,0.684,0.675,0.624,0.0,0.266,0.158,0
8223,78,0,6,1.025,0.53,0.837,0.0,0.287,0.353,0
8224,61,1,8,0.798,0.53,0.844,0.25,0.359,0.078,0
8225,43,0,11,1.013,0.407,0.564,0.0,0.228,0.09,0
8226,79,0,8,0.981,0.642,0.679,0.75,0.232,0.191,0
8227,62,0,8,0.949,0.672,0.505,0.0,-0.047,0.234,0
8228,54,0,5,0.904,0.522,0.772,0.0,0.467,0.196,0
8229,68,0,6,0.74,0.719,0.805,0.75,0.301,0.095,0
8230,49,0,6,0.7,0.531,0.481,1.0,-0.027,-0.1,0
8231,81,1,9,0.841,0.652,0.722,0.0,0.334,0.06,1
8232,72,1,6,0.903,0.721,0.726,0.0,0.331,0.218,0
8233,54,0,6,0.704,0.582,0.651,0.25,0.096,-0.016,0
8234,54,0,5,0.802,0.531,0.453,0.75,-0.247,-0.052,0
8235,31,1,11,1.049,0.525,0.681,0.0,0.295,0.299,0
8236,40,1,5,0.939,0.624,0.675,0.0,0.456,0.15,0
8237,47,0,8,0.693,0.691,0.668,1.0,0.362,-0.067,0
8238,36,1,8,1.072,0.651,0.775,0.25,0.322,0.422,0
8239,71,0,4,0.844,0.461,0.848,1.0,0.681,-0.099,0
8240,48,0,7,0.809,0.65,0.526,1.0,0.053,0.016,0
8241,66,1,12,0.858,0.367,1.175,0.0,0.475,0.283,0
8242,55,0,7,0.868,0.571,0.819,0.25,-0.019,-0.084,0
8243,78,1,10,1.092,0.579,0.88,0.5,0.661,0.41,0
8244,39,0,9,0.811,0.526,0.769,0.0,0.408,0.364,0
8245,57,1,3,0.873,0.546,0.628,0.5,-0.072,0.015,0
8246,58,1,4,0.761,0.568,0.535,0.0,-0.109,0.062,0
8247,75,0,11,0.953,0.559,1.023,0.0,0.819,0.389,0
8248,65,0,9,0.934,0.725,0.77,0.5,0.302,0.308,0
8249,63,0,11,0.813,0.509,1.092,0.5,0.583,0.07,0
8250,68,0,12,1.039,0.586,0.706,0.5,0.434,0.277,0
8251,67,1,8,0.844,0.509,0.698,0.0,0.409,0.021,0
8252,40,0,11,1.042,0.489,0.765,0.25,-0.075,0.206,0
8253,32,0,4,1.125,0.564,0.616,0.0,0.161,0.302,0
8254,70,1,10,1.055,0.562,0.756,0.0,0.395,0.226,0
8255,68,0,4,0.928,0.59,0.84,0.0,0.374,0.061,0
8256,47,0,9,0.723,0.584,0.865,0.0,0.119,-0.147,0
8257,51,1,12,0.795,0.58,1.1,0.5,0.771,0.121,0
8258,79,1,3,0.983,0.594,0.32,0.5,-0.126,0.104,0
8259,55,1,12,0.905,0.508,1.092,0.0,0.555,0.133,0
8260,74,0,5,0.747,0.547,0.594,0.75,-0.015,0.047,0
8261,64,0,7,0.932,0.509,0.783,0.5,0.29,0.29,0
8262,79,0,11,0.862,0.654,0.933,0.25,0.573,0.05,0
8263,84,0,9,0.671,0.552,0.946,0.0,0.774,0.092,0
8264,69,1,4,0.759,0.58,0.505,1.0,0.168,0.122,0
8265,41,1,10,1.104,0.525,0.806,0.0,0.231,0.346,0
8266,50,1,7,0.769,0.456,0.667,0.25,0.002,-0.102,0
8267,43,0,6,0.824,0.568,0.83,0.25,0.21,0.108,0
8268,30,1,3,0.919,0.475,0.829,0.0,0.106,0.372,0
8269,69,0,11,0.928,0.638,0.539,0.0,0.247,0.214,0
8270,68,1,8,0.929,0.544,0.8,0.75,0.342,0.174,0
8271,30,1,6,1.001,0.4,0.395,0.0,-0.305,0.32,0
8272,84,0,6,0.952,0.675,0.604,1.0,0.059,0.132,0
8273,61,0,7,0.7,0.537,0.602,0.0,-0.033,-0.189,0
8274,39,0,4,0.869,0.56,0.462,0.5,0.048,0.062,0
8275,47,0,6,0.66,0.514,0.862,0.0,0.43,-0.04,0
8276,66,1,6,0.677,0.569,0.595,0.0,0.471,0.012,0
8277,53,1,12,0.94,0.55,1.125,0.0,0.659,0.186,0
8278,63,1,10,0.912,0.648,1.013,0.0,0.516,0.403,0
8279,42,0,12,1.08,0.465,1.157,0.5,0.606,0.19,0
8280,72,0,3,0.799,0.736,0.355,0.0,-0.278,0.137,0
8281,76,0,12,0.7,0.499,1.029,0.25,0.527,-0.108,0
8282,56,0,7,1.028,0.726,0.749,0.0,0.401,0.274,0
8283,53,0,11,1.053,0.535,0.78,0.75,0.08,0.472,0
8284,65,0,7,0.72,0.553,0.611,0.0,0.239,-0.092,0
8285,84,1,4,0.638,0.645,0.525,0.0,0.015,-0.158,0
8286,69,1,9,1.116,0.606,0.909,0.0,0.683,0.402,0
8287,69,1,9,1.108,0.567,0.617,0.75,0.286,0.516,1
8288,31,0,12,0.923,0.425,0.675,0.0,0.075,0.324,0
8289,67,0,4,0.837,0.634,0.592,0.0,0.086,-0.128,0
8290,40,0,6,0.778,0.605,0.577,0.0,0.033,0.041,0
8291,44,0,4,1.001,0.612,0.373,0.75,0.059,0.283,0
8292,34,1,3,0.737,0.597,0.256,0.75,-0.305,0.037,0
8293,60,0,6,0.83,0.668,0.43,0.75,0.123,0.127,0
8294,68,1,11,0.929,0.6,0.783,0.0,0.498,0.111,0
8295,58,1,6,0.798,0.492,0.746,0.0,0.479,0.035,0
8296,36,0,12,1.127,0.593,0.72,0.0,-0.011,0.483,0
8297,73,0,12,1.097,0.442,0.632,0.0,0.143,0.31,0
8298,63,0,9,1.083,0.639,0.857,0.0,0.461,0.114,0
8299,55,1,9,0.965,0.577,0.869,0.0,0.265,0.301,0
8300,72,1,3,0.793,0.635,0.422,0.25,0.072,0.209,0
8301,76,1,7,0.634,0.614,0.965,0.0,0.471,-0.275,0
8302,58,1,8,0.934,0.559,0.66,0.75,0.361,0.156,0
8303,67,0,8,0.706,0.56,0.7,0.0,0.35,-0.124,0
8304,59,1,10,0.939,0.566,0.832,1.0,0.253,0.23,0
8305,43,0,12,0.92,0.591,0.82,0.75,0.511,0.231,0
8306,70,0,11,0.917,0.565,0.74,0.0,0.098,0.131,0
8307,61,0,6,0.918,0.552,0.803,0.0,0.397,0.041,0
8308,40,0,11,0.7,0.52,0.774,1.0,0.277,-0.096,0
8309,78,1,12,0.958,0.533,0.83,0.0,0.037,0.069,1
8310,55,1,9,0.919,0.394,0.543,0.0,-0.079,0.057,0
8311,63,0,10,0.994,0.515,0.407,0.0,0.081,0.377,0
8312,43,1,4,0.569,0.695,0.579,0.0,0.12,-0.14,0
8313,42,1,3,0.722,0.533,0.801,0.0,0.423,-0.084,0
8314,77,0,10,0.822,0.553,0.795,1.0,0.35,0.037,1
8315,79,0,10,0.826,0.643,0.717,0.0,0.508,0.061,0
8316,79,1,10,0.964,0.526,0.7,1.0,0.367,0.41,1
8317,81,0,9,0.716,0.683,0.567,0.0,0.481,0.204,0
8318,60,0,6,1.051,0.477,1.052,0.0,0.669,0.391,0
8319,43,1,7,0.825,0.568,0.834,0.0,-0.046,0.126,0
8320,71,1,12,1.136,0.74,0.857,0.75,0.136,0.566,1
8321,45,1,10,0.949,0.557,0.551,0.0,-0.296,0.073,0
8322,46,0,8,1.073,0.514,0.773,0.5,0.1,0.452,0
8323,47,1,11,1.001,0.549,0.792,0.0,0.415,0.239,0
8324,64,0,6,0.84,0.604,0.596,0.25,0.026,0.042,0
8325,31,0,7,0.666,0.57,0.556,0.0,0.028,-0.27,0
8326,60,1,7,0.873,0.538,0.587,0.0,0.216,0.26,0
8327,53,1,11,0.92,0.604,0.95,0.0,0.405,0.208,0
8328,48,0,12,0.972,0.429,0.85,0.0,0.611,0.223,0
8329,68,1,11,0.7,0.549,0.68,0.25,-0.011,-0.063,0
8330,82,1,12,0.898,0.531,0.719,0.25,0.497,0.011,1
8331,71,0,12,0.886,0.543,1.015,0.75,0.681,0.147,0
8332,41,1,12,0.938,0.513,0.696,0.0,0.192,0.348,0
8333,32,1,8,0.752,0.61,0.978,0.0,0.559,0.174,0
8334,47,0,6,0.7,0.614,0.622,0.25,0.365,-0.072,0
8335,67,0,6,1.154,0.7,0.876,0.75,0.495,0.4,0
8336,83,0,5,0.761,0.569,0.368,0.0,-0.142,-0.031,0
8337,63,0,11,0.834,0.681,0.97,0.0,0.459,0.054,0
8338,82,0,11,0.822,0.434,0.913,0.25,0.369,0.067,1
8339,34,0,9,1.004,0.542,0.336,0.0,0.11,0.175,0
8340,36,1,8,0.929,0.429,0.598,0.5,0.266,0.318,0
8341,76,1,8,0.966,0.47,0.538,0.25,0.144,0.228,0
8342,72,1,3,0.694,0.692,0.772,0.5,0.107,-0.243,0
8343,33,0,11,0.915,0.583,1.153,1.0,0.852,0.068,0
8344,50,1,4,0.845,0.491,0.521,0.0,0.079,0.113,0
8345,30,1,11,0.984,0.512,1.103,0.0,0.621,0.24,0
8346,50,1,3,0.685,0.545,0.578,0.0,0.483,-0.092,0
8347,39,1,8,0.758,0.521,0.757,0.0,0.116,0.059,0
8348,75,0,10,0.9,0.505,0.942,1.0,0.607,0.148,1
8349,78,1,12,0.984,0.528,0.864,1.0,0.509,0.162,1
8350,47,0,12,1.134,0.631,0.7,0.0,0.0,0.264,0
8351,45,0,9,0.973,0.673,0.563,0.0,0.002,0.213,0
8352,52,1,4,0.965,0.699,0.645,0.0,-0.165,0.282,0
8353,64,1,7,0.801,0.517,1.017,0.5,0.686,0.073,0
8354,47,1,8,0.594,0.617,0.913,0.0,0.368,0.042,0
8355,48,0,9,0.959,0.7,0.748,0.0,0.23,0.409,0
8356,74,1,5,0.845,0.604,0.553,0.75,0.129,0.149,0
8357,32,0,4,0.796,0.574,0.388,0.0,-0.166,-0.01,0
8358,79,1,6,0.689,0.675,0.742,0.0,0.221,0.088,0
8359,57,0,8,1.001,0.603,0.649,0.0,0.467,0.325,0
8360,63,1,10,0.886,0.592,0.637,0.5,0.18,0.15,0
8361,48,1,11,1.148,0.457,0.7,0.0,0.332,0.113,0
8362,46,1,12,0.913,0.68,0.781,0.5,0.081,0.165,0
8363,76,0,10,0.906,0.443,0.961,0.5,0.467,0.111,0
8364,65,1,3,0.772,0.526,0.46,0.0,0.133,0.017,0
8365,73,0,9,0.877,0.678,0.657,0.5,0.247,0.094,0
8366,60,0,10,0.754,0.602,0.877,0.0,0.63,0.057,0
8367,49,1,7,0.901,0.495,0.695,0.25,0.576,0.061,0
8368,42,1,6,0.819,0.513,0.628,1.0,-0.023,0.04,0
8369,74,1,8,0.908,0.492,0.75,0.0,0.369,0.132,0
8370,46,0,8,0.881,0.515,0.786,0.25,0.405,0.094,0
8371,67,0,8,0.902,0.62,0.501,1.0,0.279,0.165,0
8372,57,1,4,0.711,0.57,0.866,1.0,0.127,-0.341,0
8373,42,0,6,0.831,0.603,0.715,0.5,0.456,0.173,0
8374,50,0,5,0.759,0.608,0.636,0.0,-0.038,-0.163,0
8375,45,0,5,0.821,0.643,0.637,0.0,-0.063,0.037,0
8376,52,0,5,0.779,0.583,0.815,0.0,0.495,0.063,0
8377,83,0,5,0.826,0.593,0.657,1.0,0.317,0.095,0
8378,64,1,9,0.851,0.57,0.753,0.0,0.369,0.121,0
8379,71,1,10,1.081,0.447,0.816,0.5,0.093,0.245,0
8380,70,1,11,0.984,0.412,1.085,0.25,0.899,0.284,1
8381,53,0,4,0.931,0.642,0.81,0.5,0.383,0.226,0
8382,58,0,8,0.7,0.596,0.746,0.5,0.287,0.113,0
8383,68,0,3,0.988,0.801,0.374,1.0,-0.075,0.172,0
8384,48,0,5,0.814,0.67,0.679,0.0,0.342,-0.262,0
8385,62,0,5,0.624,0.524,0.758,1.0,0.381,-0.315,0
8386,32,0,12,1.079,0.676,0.7,0.0,0.302,0.424,0
8387,56,1,4,0.747,0.688,0.648,0.0,0.288,-0.233,0
8388,74,0,9,0.763,0.518,0.711,0.0,0.192,0.063,0
8389,79,1,11,1.014,0.588,0.833,1.0,0.485,0.373,1
8390,52,1,12,0.905,0.495,0.827,0.5,0.504,0.294,0
8391,37,0,12,0.897,0.623,0.829,0.0,0.555,0.181,0
8392,34,0,7,0.869,0.558,0.773,0.0,0.099,0.104,0
8393,65,0,5,0.953,0.553,0.9,0.75,0.294,0.169,0
8394,47,0,11,0.861,0.552,0.866,0.25,0.602,0.354,0
8395,49,0,5,0.798,0.601,0.734,1.0,0.12,-0.082,0
8396,78,1,8,0.691,0.491,0.709,0.0,0.359,0.093,0
8397,44,1,3,0.711,0.529,0.343,0.0,-0.085,0.06,0
8398,70,1,6,0.688,0.528,0.656,0.75,0.171,-0.114,0
8399,76,1,9,0.938,0.497,0.882,0.0,0.28,0.183,0
8400,52,0,7,1.029,0.517,0.435,0.0,-0.178,0.076,0
8401,71,1,7,0.969,0.618,0.889,0.25,0.345,0.308,0
8402,82,1,4,0.973,0.7,0.694,1.0,-0.019,0.144,1
8403,73,1,12,1.124,0.518,0.957,0.0,0.533,0.276,0
8404,65,1,12,0.796,0.519,1.153,0.0,0.708,-0.134,0
8405,81,1,10,0.948,0.599,0.892,0.0,0.388,0.209,0
8406,39,0,3,0.65,0.618,0.695,0.5,0.227,-0.214,0
8407,65,1,7,1.011,0.608,0.566,0.0,-0.079,0.402,0
8408,64,0,12,1.014,0.426,1.082,0.5,0.665,0.257,0
8409,42,1,11,1.021,0.53,1.137,0.0,0.437,0.493,0
8410,71,0,10,0.876,0.397,0.794,0.25,0.233,-0.088,0
8411,51,1,3,0.812,0.589,0.607,0.0,0.388,-0.138,0
8412,36,0,3,0.669,0.619,0.738,0.0,0.189,-0.009,0
8413,78,0,5,0.786,0.636,0.784,0.25,0.378,0.153,0
8414,61,1,9,0.743,0.629,0.93,0.0,0.516,0.224,0
8415,41,0,3,0.666,0.72,0.7,0.0,-0.03,-0.034,0
8416,67,0,8,0.762,0.586,0.851,1.0,0.443,0.282,0
8417,34,0,3,0.866,0.746,0.542,0.75,-0.139,0.106,0
8418,81,0,7,1.051,0.527,0.798,0.0,0.234,0.3,0
8419,83,1,6,0.793,0.725,0.7,0.0,0.547,-0.195,0
8420,52,1,12,0.732,0.578,1.002,0.0,0.34,0.111,0
8421,53,1,4,0.896,0.607,0.408,1.0,0.148,0.444,0
8422,31,0,9,0.936,0.618,0.892,0.0,0.337,0.493,0
8423,40,1,11,0.75,0.619,0.956,0.0,0.458,0.169,0
8424,84,1,7,0.828,0.649,0.927,0.75,0.553,0.132,1
8425,56,0,8,0.842,0.649,1.073,1.0,0.772,-0.161,0
8426,73,1,3,0.808,0.498,0.7,0.0,0.199,0.148,0
8427,80,0,12,0.935,0.597,1.023,1.0,0.713,0.231,0
8428,84,1,4,0.794,0.583,0.603,0.25,0.123,-0.066,0
8429,37,0,9,0.878,0.602,0.686,0.5,0.309,-0.027,0
8430,75,0,10,0.844,0.571,0.826,0.25,0.155,0.061,0
8431,41,1,4,0.869,0.595,0.8,0.0,0.523,0.151,0
8432,70,0,5,0.714,0.54,0.557,0.0,-0.053,-0.009,0
8433,54,1,8,0.902,0.662,0.686,0.0,0.17,0.189,0
8434,39,1,10,1.059,0.524,0.875,0.0,0.408,0.167,0
8435,77,0,11,0.97,0.721,0.946,0.0,0.725,0.391,0
8436,72,0,5,0.846,0.656,0.991,0.0,0.366,0.062,0
8437,74,1,12,1.059,0.432,1.005,0.0,0.618,0.528,1
8438,47,1,11,0.934,0.606,0.626,0.0,-0.049,0.335,0
8439,83,1,7,0.728,0.554,0.574,0.0,0.043,0.039,0
8440,47,0,12,0.897,0.485,0.872,0.0,0.615,0.047,0
8441,36,0,8,0.834,0.636,0.806,0.0,-0.019,0.278,0
8442,71,1,5,0.714,0.468,0.955,0.25,0.344,0.001,1
8443,45,1,7,0.862,0.586,0.636,0.25,0.015,0.125,0
8444,83,0,8,0.7,0.559,1.021,0.0,0.418,0.0,0
8445,50,0,5,1.092,0.547,0.81,0.0,0.31,0.37,0
8446,47,0,3,0.78,0.692,0.714,0.75,0.289,-0.095,0
8447,61,0,7,0.785,0.56,0.968,0.0,0.804,0.008,0
8448,83,1,10,0.838,0.735,0.65,0.0,0.255,-0.181,1
8449,46,0,6,0.657,0.55,0.537,0.75,0.035,-0.014,0
8450,51,0,7,1.013,0.69,0.597,0.0,0.094,0.334,0
8451,47,0,8,0.955,0.726,0.644,0.5,0.33,0.125,0
8452,32,0,6,0.992,0.588,0.408,0.5,-0.008,0.292,0
8453,52,1,5,0.949,0.551,0.669,1.0,0.282,0.321,0
8454,80,1,7,0.851,0.429,0.841,0.0,0.433,0.089,0
8455,43,1,10,1.018,0.536,0.757,0.0,0.454,0.191,0
8456,70,1,10,1.183,0.532,1.029,1.0,0.383,0.363,1
8457,84,0,6,0.754,0.687,0.611,0.0,0.077,0.175,0
8458,33,0,4,0.891,0.658,0.635,0.0,0.257,-0.122,0
8459,45,0,8,0.76,0.611,0.808,0.5,0.676,0.43,0
8460,72,0,7,0.937,0.555,0.481,0.0,-0.542,-0.017,0
8461,33,1,12,0.962,0.552,0.823,1.0,0.062,0.317,0
8462,69,0,10,0.727,0.468,0.782,0.25,0.634,0.008,0
8463,76,1,8,0.962,0.62,0.937,0.0,0.604,0.148,0
8464,60,1,4,0.809,0.53,0.566,0.25,0.301,0.188,0
8465,69,1,8,0.926,0.65,0.717,0.0,0.294,0.189,1
8466,31,0,8,0.879,0.501,0.623,0.0,0.399,0.024,0
8467,39,1,11,0.979,0.484,0.77,0.0,0.191,0.308,0
8468,45,1,8,0.738,0.655,0.664,0.0,0.268,-0.196,0
8469,42,0,12,0.861,0.522,1.142,1.0,0.59,0.209,0
8470,81,0,7,0.881,0.519,0.767,0.0,0.364,0.099,0
8471,77,1,10,1.152,0.476,0.742,0.0,0.093,0.438,0
8472,31,1,3,0.888,0.544,0.449,0.5,-0.043,0.221,0
8473,40,0,6,0.86,0.641,0.469,0.0,-0.13,0.002,0
8474,77,1,9,0.828,0.583,1.089,0.5,0.748,0.034,1
8475,63,0,9,1.131,0.601,0.792,0.75,0.254,0.423,0
8476,63,0,3,0.812,0.535,0.598,0.0,0.03,-0.017,0
8477,58,0,6,0.809,0.591,0.873,0.0,0.479,-0.057,0
8478,44,0,6,0.955,0.512,0.922,0.0,0.344,0.223,0
8479,38,0,10,0.793,0.581,0.652,0.25,0.46,0.057,0
8480,54,1,10,0.993,0.469,0.512,0.0,0.177,0.285,0
8481,61,1,11,0.874,0.684,0.801,0.0,0.471,0.13,0
8482,76,1,5,0.902,0.641,0.575,0.0,0.396,0.087,0
8483,34,1,11,0.979,0.493,0.66,0.0,-0.043,0.349,0
8484,32,0,9,1.123,0.556,1.046,0.0,0.496,0.202,0
8485,55,0,10,0.806,0.427,0.863,0.0,0.475,0.188,0
8486,47,0,5,0.546,0.518,0.732,1.0,0.004,-0.309,0
8487,83,0,6,0.991,0.616,0.958,0.0,0.408,0.059,0
8488,72,1,11,0.965,0.628,0.791,0.0,0.261,0.192,0
8489,41,1,3,0.876,0.666,0.561,0.0,-0.02,0.19,0
8490,68,1,7,0.949,0.651,0.409,1.0,0.044,0.159,0
8491,45,1,4,0.879,0.596,0.663,0.5,-0.022,-0.045,0
8492,61,0,11,0.992,0.618,0.907,0.0,0.156,-0.092,0
8493,32,1,10,0.89,0.721,0.882,0.5,0.273,-0.006,0
8494,37,0,9,0.817,0.561,0.918,0.0,0.374,0.199,0
8495,56,1,3,0.808,0.68,0.531,0.5,-0.022,0.126,0
8496,42,0,4,0.664,0.742,0.526,0.0,0.206,-0.109,0
8497,38,1,10,0.786,0.609,0.798,0.25,0.393,0.06,0
8498,54,1,4,0.798,0.66,0.72,0.5,0.069,0.055,0
8499,70,1,12,1.035,0.72,0.886,0.0,0.029,0.283,0
8500,73,1,8,0.913,0.463,0.628,0.0,0.171,0.285,0
8501,72,1,5,0.74,0.637,0.861,0.0,0.32,0.04,0
8502,81,1,11,1.135,0.564,0.7,0.5,0.44,0.47,1
8503,72,0,6,0.794,0.645,0.639,0.0,0.272,-0.066,0
8504,46,1,3,0.837,0.58,0.438,0.0,0.019,0.074,0
8505,36,0,4,0.712,0.713,0.55,0.0,-0.019,0.07,0
8506,37,0,6,0.678,0.534,0.51,1.0,0.012,-0.11,0
8507,59,0,3,0.7,0.584,0.728,0.75,0.398,-0.033,0
8508,52,0,6,0.839,0.588,0.604,0.0,0.449,0.274,0
8509,83,0,7,0.823,0.818,0.689,0.25,0.166,-0.126,0
8510,35,0,3,0.844,0.549,0.726,0.0,0.481,0.334,0
8511,30,0,6,0.85,0.639,0.545,0.75,0.204,0.254,0
8512,67,0,6,0.821,0.578,0.588,0.25,0.502,0.125,0
8513,64,0,6,0.943,0.483,0.729,0.0,-0.059,0.184,0
8514,44,0,6,0.959,0.576,0.625,0.0,0.217,0.284,0
8515,51,1,3,0.575,0.562,0.694,0.25,0.084,-0.046,0
8516,41,0,6,1.027,0.494,0.911,0.0,0.364,0.448,0
8517,65,0,7,0.959,0.544,0.756,0.0,0.307,0.095,0
8518,83,0,9,0.735,0.551,0.477,0.25,0.03,0.076,0
8519,77,0,4,0.769,0.493,0.437,0.25,-0.1,0.092,0
8520,42,0,5,0.889,0.556,0.643,0.0,-0.16,0.183,0
8521,67,0,12,1.222,0.546,0.719,0.25,0.105,0.412,0
8522,33,1,11,0.778,0.49,0.681,1.0,-0.001,0.023,0
8523,72,1,3,0.978,0.617,0.364,0.5,0.11,0.485,0
8524,73,1,6,0.757,0.681,0.424,0.0,-0.047,0.134,0
8525,53,0,7,0.734,0.69,0.76,0.75,0.651,0.205,0
8526,47,1,10,0.988,0.628,0.814,0.0,0.253,0.205,0
8527,60,0,6,0.953,0.657,0.738,0.0,0.125,0.206,0
8528,47,0,9,1.05,0.609,0.823,0.0,0.402,0.296,0
8529,65,0,7,0.885,0.801,0.838,0.75,0.633,0.028,0
8530,80,0,7,1.127,0.533,0.571,0.0,0.078,0.251,0
8531,34,0,4,0.764,0.674,0.701,1.0,0.395,0.182,0
8532,84,0,11,1.03,0.648,0.793,0.25,0.384,0.389,1
8533,34,0,10,1.254,0.403,0.508,0.75,0.073,0.701,0
8534,39,1,8,0.892,0.644,1.151,0.25,0.627,0.038,0
8535,81,1,3,0.947,0.572,0.657,0.0,0.306,-0.042,0
8536,54,0,5,0.819,0.591,0.604,0.5,0.006,-0.058,0
8537,58,1,11,1.028,0.498,1.116,0.75,0.695,0.29,1
8538,38,0,7,0.717,0.7,0.7,0.5,0.151,-0.033,0
8539,47,0,7,0.995,0.626,0.727,0.0,-0.029,0.391,0
8540,33,0,4,0.782,0.506,0.898,0.0,0.379,-0.211,0
8541,58,0,8,0.78,0.559,0.693,0.5,0.355,-0.012,0
8542,70,1,10,1.05,0.618,0.918,0.0,0.27,0.386,1
8543,32,1,7,1.014,0.465,1.081,1.0,0.715,0.194,0
8544,70,1,12,0.93,0.628,0.642,0.0,0.286,0.301,0
8545,30,1,10,0.938,0.581,1.065,0.0,0.427,0.395,0
8546,66,1,4,0.647,0.754,0.728,0.0,0.125,0.06,0
8547,69,0,4,0.664,0.514,0.441,0.5,0.059,-0.048,0
8548,59,0,12,0.976,0.529,0.803,0.0,0.103,0.267,0
8549,79,0,5,0.524,0.542,0.611,1.0,0.184,-0.27,0
8550,40,1,11,1.093,0.658,0.569,0.25,0.169,0.393,0
8551,31,0,10,0.722,0.458,0.776,0.5,0.233,0.043,0
8552,78,1,7,0.839,0.634,0.591,0.25,0.089,0.244,1
8553,58,0,3,0.647,0.425,0.631,0.0,0.222,-0.025,0
8554,66,0,11,1.133,0.454,0.828,0.0,0.444,0.265,0
8555,72,1,11,0.904,0.617,0.698,0.0,0.264,0.404,0
8556,73,0,5,0.791,0.613,0.961,0.0,0.567,0.103,0
8557,41,1,4,0.663,0.737,0.418,0.25,-0.188,0.005,0
8558,52,0,10,0.893,0.446,1.01,0.75,0.676,-0.173,0
8559,37,0,7,0.819,0.524,0.751,0.25,0.394,0.251,0
8560,48,1,6,0.761,0.541,0.37,0.0,-0.216,0.015,0
8561,79,0,5,0.714,0.556,0.797,1.0,0.286,-0.216,0
8562,84,1,5,0.772,0.664,0.803,0.0,0.306,0.072,0
8563,44,1,12,1.011,0.55,0.92,0.75,0.811,0.236,0
8564,74,1,7,0.756,0.512,0.561,0.0,0.09,-0.11,0
8565,64,0,10,0.851,0.639,0.587,1.0,0.233,0.108,1
8566,78,0,7,0.736,0.608,0.724,0.0,0.537,0.087,0
8567,68,1,3,0.92,0.555,0.549,0.0,0.04,0.146,0
8568,60,0,5,0.906,0.657,0.571,0.0,0.252,0.013,0
8569,45,0,6,0.888,0.585,0.986,0.0,0.638,0.012,0
8570,30,1,5,0.906,0.673,0.566,0.0,0.144,0.157,0
8571,71,1,7,0.971,0.63,0.95,0.5,0.432,0.363,0
8572,48,1,9,0.752,0.566,0.861,0.0,0.235,0.06,0
8573,40,0,12,0.992,0.447,0.829,1.0,0.482,0.297,0
8574,82,1,9,0.836,0.7,0.693,0.0,0.22,0.259,0
8575,69,0,3,0.731,0.7,0.447,0.25,0.171,-0.178,0
8576,50,1,7,0.816,0.673,0.634,0.25,0.241,0.318,0
8577,52,1,11,1.039,0.544,0.848,0.0,0.126,0.395,0
8578,78,1,9,0.767,0.593,0.874,0.5,0.354,0.051,1
8579,44,0,7,0.637,0.47,0.874,0.25,0.424,-0.006,0
8580,54,0,12,0.978,0.55,0.82,1.0,0.291,0.407,0
8581,46,0,7,0.814,0.626,0.673,0.0,0.024,0.114,0
8582,31,0,8,0.928,0.622,0.7,0.5,0.016,0.391,0
8583,51,1,3,0.841,0.711,0.7,1.0,0.228,0.08,0
8584,73,1,7,0.7,0.573,0.566,0.0,0.255,-0.082,0
8585,61,0,8,0.998,0.501,0.559,0.5,0.232,0.267,0
8586,69,0,5,0.888,0.642,0.483,0.0,-0.202,0.169,0
8587,76,1,10,0.856,0.611,0.852,0.0,0.325,0.041,0
8588,30,1,5,0.948,0.554,0.78,0.0,0.319,0.335,0
8589,38,0,3,0.629,0.509,0.33,0.0,0.217,-0.249,0
8590,53,0,8,1.022,0.67,0.936,0.5,0.926,0.262,0
8591,43,1,7,0.895,0.487,0.796,0.0,0.291,0.248,0
8592,71,0,10,1.048,0.529,0.81,1.0,0.319,0.251,1
8593,81,0,7,0.999,0.603,0.706,0.25,0.001,0.343,0
8594,59,0,12,0.888,0.608,0.839,0.75,0.405,0.204,0
8595,32,0,3,0.757,0.609,0.759,0.25,0.264,-0.006,0
8596,84,0,4,0.7,0.595,0.813,0.0,0.431,-0.06,1
8597,41,1,9,1.048,0.593,0.788,0.0,0.463,0.268,0
8598,34,0,10,1.117,0.578,0.635,1.0,0.076,0.174,0
8599,59,0,10,1.055,0.534,0.855,0.75,0.416,0.175,0
8600,79,1,5,0.846,0.593,0.481,0.0,0.209,0.023,0
8601,35,0,12,1.061,0.563,0.856,0.5,0.392,0.31,0
8602,35,0,5,0.735,0.465,0.646,0.25,0.154,-0.317,0
8603,46,1,5,0.779,0.559,0.312,0.25,-0.031,0.029,0
8604,52,0,3,0.83,0.546,0.435,0.75,0.11,0.115,0
8605,75,1,9,1.137,0.527,0.513,0.5,0.003,0.62,0
8606,42,0,6,0.774,0.693,0.638,0.25,0.232,-0.054,0
8607,54,0,12,0.7,0.588,0.685,0.25,0.238,0.131,0
8608,83,0,6,0.85,0.611,0.893,0.75,0.508,0.072,0
8609,64,0,10,0.907,0.576,0.999,0.0,0.416,0.033,0
8610,83,0,7,0.834,0.544,0.593,0.0,0.368,0.055,0
8611,56,1,9,1.117,0.482,0.569,0.75,0.144,0.164,0
8612,52,0,4,0.621,0.591,0.711,0.5,0.046,-0.145,0
8613,42,1,4,0.735,0.712,0.7,0.75,0.241,-0.06,0
8614,81,0,12,1.105,0.51,0.976,0.5,0.165,0.167,0
8615,67,1,8,0.894,0.596,0.435,0.5,-0.318,0.143,1
8616,61,0,12,0.817,0.567,0.675,0.0,0.233,0.124,0
8617,82,0,4,0.812,0.577,0.883,0.0,0.416,0.014,0
8618,71,1,7,1.036,0.497,0.801,0.5,0.39,0.29,1
8619,33,1,3,0.722,0.628,0.604,0.75,0.181,0.135,0
8620,45,0,4,1.061,0.588,0.18,0.25,-0.424,0.379,0
8621,55,1,10,0.854,0.555,0.783,0.0,0.189,-0.024,0
8622,56,0,8,0.623,0.515,0.742,0.0,0.127,-0.309,0
8623,73,1,3,0.592,0.609,0.717,0.75,0.251,-0.148,0
8624,65,0,6,0.759,0.7,0.415,0.0,0.081,0.038,0
8625,73,0,9,0.952,0.543,0.801,0.0,0.238,0.239,0
8626,70,1,3,0.745,0.733,0.691,0.0,0.06,0.216,0
8627,37,1,10,0.92,0.595,0.835,0.0,0.553,0.025,0
8628,42,0,9,0.828,0.562,0.499,0.25,-0.238,0.04,0
8629,79,0,9,0.854,0.518,0.815,0.0,0.355,0.037,1
8630,54,0,12,1.086,0.571,0.841,0.0,0.51,0.136,0
8631,42,0,12,1.208,0.7,0.762,0.0,0.264,0.695,0
8632,60,0,6,0.654,0.561,0.57,0.0,0.043,-0.042,0
8633,65,1,11,0.84,0.564,1.008,0.0,0.428,0.066,0
8634,72,1,5,0.661,0.597,0.4,0.75,-0.144,0.078,0
8635,84,0,11,0.94,0.478,0.858,0.0,0.493,0.074,0
8636,54,0,10,1.113,0.603,0.625,0.5,0.21,0.346,0
8637,48,0,5,0.852,0.549,0.726,0.25,0.141,0.124,0
8638,50,0,9,0.933,0.494,0.898,0.0,0.323,0.11,0
8639,51,1,12,1.11,0.423,0.972,0.0,0.247,0.43,0
8640,81,0,10,1.036,0.537,0.738,0.0,0.222,0.325,0
8641,40,0,6,0.84,0.59,0.837,1.0,0.221,0.289,0
8642,33,1,5,0.823,0.7,0.947,0.0,0.391,0.162,0
8643,60,0,3,0.991,0.633,0.227,0.0,-0.31,0.379,0
8644,67,1,9,0.748,0.624,0.723,0.75,0.491,0.145,0
8645,41,1,3,0.923,0.727,0.382,0.75,0.012,0.055,0
8646,66,1,5,0.664,0.565,0.959,0.0,0.432,-0.126,0
8647,61,1,8,0.852,0.705,0.812,0.0,0.298,0.08,0
8648,38,1,6,0.915,0.52,0.724,0.0,0.201,0.082,0
8649,41,0,10,0.919,0.526,0.783,1.0,0.103,0.219,0
8650,56,0,11,0.992,0.54,0.989,1.0,0.572,0.417,0
8651,81,0,8,0.7,0.496,0.996,0.0,0.457,0.016,0
8652,71,0,10,0.909,0.63,0.768,0.0,0.137,-0.09,0
8653,56,1,6,0.81,0.706,0.687,0.75,0.316,0.161,0
8654,68,1,8,0.892,0.464,0.713,0.0,0.188,0.305,0
8655,67,0,5,0.772,0.604,0.669,0.0,0.043,-0.056,0
8656,72,1,8,0.847,0.7,0.84,0.0,0.241,0.196,0
8657,67,0,5,0.854,0.624,0.68,0.0,0.018,0.06,0
8658,42,1,8,0.851,0.602,0.784,0.5,0.245,0.13,0
8659,44,1,9,0.859,0.582,0.822,1.0,0.287,0.03,0
8660,55,0,12,0.857,0.575,0.963,0.5,0.524,0.104,0
8661,35,0,12,1.075,0.577,0.739,0.75,0.412,0.401,0
8662,67,0,5,0.93,0.686,0.943,0.0,0.5,0.23,0
8663,68,0,3,0.655,0.553,0.342,0.0,-0.193,-0.33,0
8664,34,0,9,1.061,0.465,0.765,0.0,0.49,0.283,0
8665,44,1,5,0.963,0.538,0.713,0.0,0.185,0.237,1
8666,83,0,3,0.614,0.577,0.358,0.0,0.029,-0.303,0
8667,53,0,8,0.884,0.464,0.7,0.0,0.163,0.184,0
8668,75,0,7,0.7,0.509,0.556,0.75,0.162,-0.078,0
8669,82,0,8,0.799,0.695,0.868,0.0,0.168,0.07,0
8670,39,1,4,0.942,0.698,0.731,0.5,0.332,0.012,0
8671,32,0,9,1.022,0.432,0.899,0.25,0.642,0.505,0
8672,64,1,10,0.868,0.652,0.912,0.25,0.455,0.122,0
8673,69,1,12,1.012,0.39,0.908,0.75,0.194,0.298,1
8674,42,0,4,0.857,0.517,0.689,0.0,0.475,-0.067,0
8675,79,0,9,0.878,0.709,0.682,0.25,0.187,0.143,0
8676,74,0,7,0.834,0.559,0.807,1.0,0.209,0.006,0
8677,79,1,11,1.049,0.547,0.841,0.25,0.373,0.085,0
8678,83,0,4,0.874,0.538,0.464,0.0,-0.236,0.139,0
8679,71,1,7,0.668,0.644,0.694,1.0,0.131,0.061,0
8680,69,0,7,0.737,0.675,0.797,0.25,0.542,-0.024,0
8681,67,0,5,0.752,0.581,0.7,0.5,-0.1,-0.163,0
8682,35,0,12,0.907,0.589,1.013,0.75,0.602,0.299,0
8683,35,1,11,1.001,0.553,1.036,0.0,0.745,0.309,0
8684,82,0,10,0.722,0.526,0.697,0.0,0.272,-0.096,0
8685,70,0,11,0.82,0.54,1.012,0.0,0.794,0.106,0
8686,31,0,10,0.896,0.491,0.91,0.25,0.474,-0.018,0
8687,65,1,8,0.693,0.598,0.601,0.0,0.034,-0.078,0
8688,81,0,4,0.956,0.63,0.7,0.0,0.507,0.194,0
8689,33,1,5,0.678,0.704,0.4,0.75,-0.272,0.044,0
8690,71,1,11,0.891,0.602,1.013,0.0,0.476,0.093,0
8691,73,0,8,1.055,0.672,0.488,0.5,-0.102,0.269,0
8692,68,0,4,0.75,0.638,0.584,0.25,-0.048,-0.199,0
8693,63,1,7,0.883,0.745,0.651,0.0,0.214,0.214,0
8694,76,1,10,0.864,0.5,1.123,0.5,0.377,0.078,0
8695,60,1,3,0.7,0.732,0.557,1.0,-0.273,0.05,0
8696,34,1,4,0.619,0.638,0.449,0.0,-0.144,-0.239,0
8697,59,1,8,0.744,0.586,0.638,0.0,-0.062,0.128,0
8698,32,1,6,0.65,0.478,0.92,0.5,0.614,-0.068,0
8699,70,0,12,0.941,0.663,0.908,0.0,0.34,0.196,0
8700,37,1,3,0.744,0.679,0.91,0.0,0.52,0.051,0
8701,58,0,7,0.76,0.535,0.768,0.0,0.3,0.144,0
8702,48,1,11,0.92,0.633,0.999,0.0,0.131,0.077,0
8703,51,0,6,1.035,0.7,0.357,0.75,-0.294,0.229,0
8704,59,1,12,0.844,0.688,0.969,0.0,0.586,-0.088,0
8705,32,0,11,1.015,0.666,0.759,0.0,0.343,0.254,0
8706,79,0,4,0.936,0.605,0.762,0.0,0.264,0.153,0
8707,63,0,11,1.045,0.58,0.935,0.25,0.573,0.297,0
8708,44,1,10,0.85,0.568,1.103,0.0,0.86,0.152,0
8709,71,1,11,1.048,0.517,0.615,1.0,-0.134,0.401,1
8710,59,1,6,0.964,0.644,0.632,0.0,0.212,0.231,0
8711,50,1,12,0.955,0.551,0.789,0.5,0.124,0.248,0
8712,39,1,11,0.855,0.561,0.937,0.0,0.293,0.181,0
8713,69,0,11,0.91,0.685,0.874,0.0,0.315,-0.021,1
8714,44,1,10,0.7,0.605,0.837,0.75,0.522,-0.179,0
8715,38,0,11,0.948,0.544,0.642,0.0,-0.161,0.072,0
8716,31,0,12,0.977,0.509,1.17,1.0,0.63,0.226,0
8717,34,0,8,0.909,0.637,0.665,0.25,0.422,0.313,0
8718,68,1,4,0.92,0.578,0.56,0.0,0.357,0.161,0
8719,77,0,4,0.847,0.72,0.756,0.25,0.302,0.167,0
8720,72,1,7,0.783,0.519,0.655,0.0,0.177,0.101,0
8721,75,0,7,0.884,0.55,0.962,0.0,0.465,0.127,0
8722,79,0,12,1.008,0.421,0.886,0.75,0.387,0.109,0
8723,65,0,7,0.663,0.529,0.7,1.0,0.282,0.063,0
8724,48,0,5,0.849,0.495,0.971,0.75,0.708,-0.111,0
8725,63,0,7,0.857,0.537,0.807,0.0,0.146,0.078,0
8726,40,0,11,0.89,0.519,1.046,1.0,0.47,-0.029,0
8727,50,0,6,0.805,0.7,0.497,0.0,0.042,0.064,0
8728,47,0,6,0.91,0.681,0.713,0.0,0.266,0.285,0
8729,71,1,11,0.84,0.475,0.66,0.5,0.376,0.023,0
8730,36,1,10,0.936,0.697,0.878,0.0,0.27,0.147,0
8731,55,0,7,0.768,0.645,0.895,0.5,0.561,0.068,0
8732,41,1,9,0.996,0.411,0.987,0.25,0.528,0.296,0
8733,52,1,6,0.973,0.618,0.719,0.0,0.273,0.024,0
8734,68,1,4,0.763,0.582,0.659,0.0,0.142,-0.188,0
8735,48,1,12,0.94,0.544,1.224,0.0,0.758,0.142,0
8736,47,1,3,0.672,0.482,0.934,0.5,0.399,0.144,0
8737,36,1,11,1.179,0.7,1.215,0.0,0.828,0.319,0
8738,82,1,8,0.928,0.477,1.076,0.75,0.622,0.161,0
8739,82,1,3,0.885,0.62,0.389,0.0,-0.1,0.256,0
8740,30,1,12,0.905,0.432,1.015,0.5,0.493,0.134,0
8741,49,1,11,0.955,0.713,0.772,0.5,0.419,0.306,0
8742,74,0,3,0.9,0.622,0.324,0.5,-0.278,0.2,0
8743,43,0,10,0.876,0.445,0.639,0.5,0.183,0.321,0
8744,64,0,12,0.963,0.471,1.248,0.5,0.851,-0.051,0
8745,82,1,9,0.858,0.622,0.751,0.25,0.421,0.088,0
8746,53,0,12,0.977,0.7,0.81,0.75,0.219,0.405,0
8747,47,1,10,0.768,0.653,0.658,0.0,0.264,0.175,0
8748,69,0,4,0.907,0.472,0.656,0.5,0.332,0.24,0
8749,74,1,9,0.842,0.583,0.86,0.75,0.175,0.01,0
8750,77,1,5,0.661,0.567,0.651,0.5,-0.13,-0.114,0
8751,51,0,8,1.095,0.381,0.768,0.75,0.508,0.251,0
8752,75,1,3,0.71,0.549,0.541,0.0,0.075,0.05,0
8753,53,1,10,1.003,0.592,1.14,0.25,0.98,0.402,0
8754,70,0,9,0.853,0.727,0.966,0.0,0.445,0.26,0
8755,51,1,6,0.997,0.633,0.505,1.0,-0.114,0.188,0
8756,56,1,8,0.775,0.614,0.601,0.0,0.12,0.075,0
8757,67,0,10,0.805,0.537,1.108,0.75,0.784,0.143,0
8758,84,1,9,0.981,0.587,0.766,0.75,0.281,0.191,0
8759,55,1,10,0.89,0.629,0.526,0.75,0.159,-0.003,0
8760,46,0,4,0.722,0.687,0.636,0.25,0.286,-0.032,0
8761,81,0,7,0.63,0.659,0.507,0.0,0.145,-0.25,0
8762,83,1,6,0.885,0.542,0.823,0.25,0.661,0.428,0
8763,33,1,3,0.753,0.622,0.478,0.5,-0.096,-0.036,0
8764,79,1,11,0.841,0.412,0.912,0.0,0.412,0.001,0
8765,61,1,4,0.676,0.498,0.347,0.0,-0.203,-0.252,0
8766,59,0,11,0.843,0.488,1.064,0.0,0.742,0.132,0
8767,65,0,6,0.967,0.697,0.499,0.0,0.214,0.185,0
8768,53,0,12,0.979,0.461,1.314,0.0,0.796,0.331,0
8769,52,1,11,0.839,0.654,0.746,0.0,0.324,-0.14,0
8770,35,1,3,0.932,0.472,0.58,0.25,-0.042,0.37,0
8771,64,0,9,0.861,0.593,0.827,0.0,0.374,0.1,0
8772,63,1,10,0.928,0.476,0.869,0.0,0.728,0.084,0
8773,38,0,5,0.792,0.521,0.452,0.0,-0.049,0.05,0
8774,77,0,12,1.311,0.565,0.844,0.5,0.341,0.429,0
8775,65,1,8,0.777,0.506,0.697,1.0,0.137,-0.001,0
8776,56,1,5,0.952,0.603,0.81,0.0,0.623,0.252,0
8777,33,0,9,0.915,0.568,0.695,1.0,-0.035,0.37,0
8778,78,1,11,0.854,0.736,0.898,0.75,0.452,0.053,1
8779,72,0,5,0.587,0.38,0.573,0.5,0.163,-0.171,0
8780,51,0,6,1.009,0.523,0.655,0.75,0.064,0.272,0
8781,71,1,10,1.022,0.511,1.107,0.5,0.584,0.512,0
8782,58,0,10,1.072,0.487,0.821,0.25,0.364,0.11,0
8783,30,1,11,0.905,0.481,0.714,0.0,0.474,0.244,0
8784,73,0,10,0.646,0.552,0.803,0.0,0.432,0.096,0
8785,61,1,5,0.887,0.684,0.462,0.5,0.05,0.098,0
8786,34,1,11,0.854,0.531,0.559,1.0,0.232,0.184,0
8787,52,1,4,0.946,0.501,0.87,0.5,0.433,0.288,0
8788,46,1,5,0.97,0.457,0.806,0.0,0.33,0.273,0
8789,43,0,8,0.84,0.488,0.738,1.0,-0.037,-0.085,0
8790,43,0,8,0.982,0.509,0.691,0.0,0.573,0.195,0
8791,61,1,9,0.796,0.512,1.063,0.5,0.58,0.055,0
8792,47,0,12,0.9,0.411,0.841,0.5,0.193,0.35,0
8793,81,0,9,1.016,0.7,0.842,0.75,0.567,0.271,0
8794,81,0,11,1.06,0.365,1.027,0.75,0.764,0.253,1
8795,38,1,7,0.938,0.563,0.299,0.0,-0.132,0.32,0
8796,51,1,3,0.884,0.492,0.424,0.25,-0.041,0.246,0
8797,48,1,8,0.958,0.524,0.471,0.5,-0.086,0.396,0
8798,61,1,8,0.818,0.568,0.641,0.0,-0.064,0.133,0
8799,39,0,4,0.996,0.556,0.587,0.0,0.104,-0.089,0
8800,57,1,9,0.972,0.546,0.922,0.0,0.371,0.202,0
8801,50,1,11,1.089,0.495,0.925,0.0,0.332,0.547,0
8802,33,1,8,1.016,0.643,0.949,0.0,0.552,0.464,0
8803,42,0,12,0.911,0.479,0.827,0.25,0.53,0.045,0
8804,36,0,11,0.903,0.53,0.973,0.0,0.252,0.238,0
8805,55,1,3,0.758,0.495,0.418,0.75,0.138,-0.058,0
8806,44,1,4,0.779,0.668,0.564,0.5,-0.213,0.128,0
8807,55,0,8,1.094,0.659,0.819,0.5,0.206,0.308,0
8808,30,0,6,1.043,0.518,0.315,0.0,0.147,0.147,0
8809,38,1,7,0.828,0.588,0.558,0.25,-0.108,0.009,0
8810,82,0,5,0.654,0.661,0.664,0.0,0.188,-0.274,0
8811,55,0,12,0.824,0.713,0.837,1.0,0.291,0.015,0
8812,48,0,4,0.639,0.547,0.648,0.25,0.161,-0.081,0
8813,36,1,6,0.725,0.7,0.47,0.0,-0.234,-0.121,0
8814,55,1,5,0.962,0.64,0.761,0.0,0.017,0.124,0
8815,40,1,3,0.97,0.663,0.38,0.75,-0.195,0.303,0
8816,42,0,6,0.664,0.518,0.772,0.25,0.296,-0.126,0
8817,64,0,12,1.064,0.619,0.891,0.5,0.557,0.518,0
8818,55,0,7,0.7,0.579,0.84,0.0,0.206,-0.085,0
8819,60,1,9,0.839,0.538,0.877,0.0,0.149,0.143,0
8820,67,0,4,0.692,0.624,0.613,1.0,0.264,-0.086,0
8821,67,1,12,0.921,0.585,0.853,1.0,0.236,0.194,1
8822,41,0,12,0.7,0.516,0.868,0.5,0.457,0.016,0
8823,33,1,4,0.647,0.65,0.68,0.5,0.288,-0.026,0
8824,31,0,9,0.7,0.472,0.743,0.0,0.369,-0.144,0
8825,72,0,12,0.944,0.59,0.724,0.0,0.248,0.328,0
8826,67,1,9,0.878,0.538,0.84,0.5,0.534,-0.024,0
8827,80,1,5,0.958,0.481,0.541,0.5,0.227,0.392,0
8828,69,1,12,0.879,0.495,0.731,0.5,0.085,0.262,0
8829,66,1,11,0.887,0.562,0.5,0.0,-0.013,0.162,0
8830,63,0,8,0.795,0.705,0.837,0.0,0.029,-0.001,0
8831,76,1,3,0.664,0.578,0.417,0.5,-0.072,-0.009,0
8832,36,1,12,0.891,0.538,1.037,0.5,0.561,0.457,0
8833,59,1,8,0.959,0.514,0.522,0.25,-0.275,0.296,0
8834,59,1,10,1.113,0.432,0.922,1.0,0.683,0.362,0
8835,45,0,8,1.005,0.551,0.801,0.0,0.226,0.388,0
8836,61,0,4,0.655,0.592,0.743,0.75,0.269,-0.327,0
8837,66,1,7,0.843,0.611,0.914,0.75,0.385,-0.051,0
8838,57,0,4,0.692,0.723,0.894,0.0,0.631,0.122,0
8839,45,0,10,0.713,0.484,0.582,0.0,-0.033,-0.215,0
8840,69,1,11,1.026,0.526,1.073,0.0,0.879,0.326,0
8841,80,0,4,0.718,0.552,0.598,0.0,0.041,-0.143,0
8842,64,1,11,0.749,0.452,1.098,0.0,0.398,0.203,0
8843,62,0,11,1.075,0.7,1.09,0.0,0.657,0.403,0
8844,56,1,3,0.921,0.597,0.273,0.0,-0.071,0.171,0
8845,37,1,5,1.027,0.538,0.758,1.0,-0.136,0.138,0
8846,72,1,4,0.744,0.419,0.444,0.0,-0.287,-0.125,0
8847,67,1,10,1.016,0.611,0.752,0.0,0.339,0.232,0
8848,67,0,5,0.843,0.643,0.622,0.0,0.033,0.075,0
8849,72,0,10,0.892,0.634,0.89,1.0,0.494,0.202,0
8850,47,0,12,1.074,0.603,1.169,0.5,0.522,0.403,0
8851,46,0,4,0.939,0.737,0.474,0.0,0.002,0.152,0
8852,76,0,6,0.964,0.7,0.695,0.75,0.361,0.31,0
8853,65,0,7,0.927,0.599,0.849,0.0,0.429,0.149,0
8854,62,1,8,0.924,0.448,0.936,0.0,0.287,0.058,0
8855,76,0,10,0.662,0.578,0.604,0.5,0.139,-0.24,0
8856,32,1,6,0.771,0.612,0.192,0.25,-0.149,0.126,0
8857,36,0,9,0.857,0.564,0.566,0.5,0.102,-0.131,0
8858,45,0,8,0.68,0.644,0.702,0.0,0.109,0.154,0
8859,82,1,8,0.837,0.476,0.745,0.0,0.395,0.266,0
8860,38,0,3,0.928,0.658,0.733,0.5,0.763,0.066,0
8861,76,0,5,0.703,0.524,0.618,0.75,0.109,-0.018,0
8862,57,1,7,0.667,0.723,0.918,0.25,0.535,0.006,0
8863,74,1,6,0.77,0.653,0.593,0.0,0.178,-0.004,0
8864,34,1,7,1.01,0.436,0.766,0.0,0.528,-0.014,0
8865,47,1,7,0.908,0.597,0.806,0.5,0.345,0.054,0
8866,70,1,3,0.7,0.659,0.778,0.0,0.175,0.045,0
8867,63,1,8,0.711,0.532,1.056,0.75,0.285,0.199,0
8868,44,1,3,0.7,0.579,0.565,0.0,-0.059,0.006,0
8869,75,1,7,0.87,0.473,0.637,0.25,0.187,0.333,0
8870,77,1,9,1.007,0.591,0.574,0.0,0.145,0.45,0
8871,68,1,12,0.812,0.587,1.19,0.0,0.836,-0.018,0
8872,73,0,6,0.742,0.514,0.436,0.25,-0.048,-0.056,0
8873,74,1,8,0.945,0.56,0.665,0.75,0.576,0.149,0
8874,57,1,10,0.86,0.615,0.7,0.0,-0.042,-0.112,0
8875,58,1,11,0.965,0.651,0.88,0.0,0.208,0.266,0
8876,44,0,12,0.914,0.654,1.085,0.75,0.796,0.322,0
8877,35,0,5,0.748,0.58,0.793,0.0,0.491,0.061,0
8878,76,0,4,0.725,0.488,0.593,0.0,0.03,-0.084,0
8879,32,1,8,0.728,0.603,0.704,0.0,-0.022,-0.122,0
8880,74,0,8,0.957,0.571,0.648,1.0,0.126,0.325,1
8881,52,1,8,0.907,0.555,0.776,0.25,0.411,0.208,0
8882,44,0,5,0.865,0.685,0.642,0.0,0.012,0.246,0
8883,70,1,11,0.831,0.503,1.111,1.0,0.411,0.127,1
8884,84,1,5,0.737,0.572,0.512,1.0,0.29,-0.121,1
8885,49,1,5,0.795,0.509,0.803,0.0,0.647,0.1,0
8886,75,1,12,1.098,0.537,1.072,0.25,0.66,0.48,1
8887,82,0,3,0.765,0.697,0.775,0.5,0.245,-0.105,0
8888,83,1,4,0.822,0.566,0.691,0.5,0.348,-0.048,1
8889,66,1,4,0.771,0.602,0.545,1.0,0.314,0.062,0
8890,51,0,6,0.894,0.7,0.639,0.25,0.039,0.25,0
8891,37,0,9,0.999,0.708,0.997,0.5,0.661,0.2,0
8892,39,1,7,0.769,0.547,0.7,0.75,0.176,0.481,0
8893,43,1,12,0.858,0.531,1.096,0.0,0.622,-0.122,0
8894,82,0,4,1.043,0.607,0.592,0.75,-0.017,0.146,0
8895,66,1,12,1.081,0.611,0.7,0.75,0.392,0.284,0
8896,73,0,9,1.016,0.556,0.959,0.0,0.53,0.316,0
8897,55,0,5,0.933,0.635,0.631,0.0,0.011,0.246,0
8898,77,0,5,0.671,0.583,0.704,0.0,0.201,-0.191,0
8899,42,1,3,0.867,0.545,0.678,0.5,0.398,0.16,0
8900,80,0,9,0.923,0.48,0.725,0.5,0.236,0.049,0
8901,72,0,5,0.817,0.645,0.827,0.0,0.47,0.121,0
8902,39,1,10,0.838,0.556,0.7,0.0,0.221,0.14,0
8903,60,0,6,1.008,0.41,0.831,0.5,0.288,0.221,0
8904,47,1,10,0.978,0.562,0.917,0.25,0.466,0.362,0
8905,79,0,11,0.7,0.467,0.931,1.0,0.27,-0.36,1
8906,40,0,8,0.703,0.509,0.857,0.5,0.157,-0.078,0
8907,80,1,3,0.84,0.694,0.438,0.5,-0.246,0.167,0
8908,38,1,11,1.068,0.514,1.136,0.75,0.953,0.395,0
8909,35,1,8,0.771,0.618,0.652,0.5,0.008,0.145,0
8910,77,0,6,0.85,0.612,0.792,0.25,0.36,0.153,0
8911,50,0,11,0.732,0.599,1.206,0.0,0.877,0.175,0
8912,32,0,11,0.906,0.677,1.254,0.0,0.869,0.105,0
8913,80,0,6,0.971,0.471,0.747,0.0,0.222,0.181,0
8914,44,1,5,0.804,0.477,0.504,0.25,-0.058,0.22,0
8915,67,0,3,0.761,0.763,0.379,0.0,-0.407,-0.036,0
8916,35,1,6,0.793,0.599,0.632,0.0,0.094,0.068,0
8917,82,0,7,0.83,0.659,0.658,0.0,0.146,0.34,0
8918,51,1,12,1.085,0.581,0.985,0.0,0.555,0.226,0
8919,44,0,5,0.827,0.592,0.828,0.25,0.434,-0.102,0
8920,64,0,4,0.905,0.638,0.61,0.5,0.48,0.203,0
8921,68,1,6,0.799,0.628,0.812,0.25,0.349,-0.015,0
8922,45,1,5,1.017,0.57,0.348,0.25,-0.352,0.06,0
8923,63,1,7,0.789,0.624,0.545,0.0,0.143,0.089,0
8924,53,1,11,1.186,0.572,0.908,1.0,0.219,0.624,0
8925,43,0,3,0.726,0.606,0.638,0.0,0.233,0.17,0
8926,36,0,8,1.001,0.505,0.793,0.25,0.314,0.468,0
8927,57,0,11,0.91,0.52,0.767,0.0,0.199,0.097,0
8928,67,0,8,0.993,0.574,0.899,0.5,0.427,0.316,0
8929,33,0,12,0.914,0.449,0.72,0.0,-0.073,0.193,0
8930,57,1,10,0.985,0.602,0.838,0.25,0.236,0.373,0
8931,43,1,7,0.657,0.65,0.688,0.0,-0.012,-0.009,0
8932,59,1,8,0.738,0.612,0.759,0.5,0.087,-0.05,0
8933,31,1,11,1.082,0.509,0.812,1.0,0.234,0.572,0
8934,56,0,11,1.12,0.495,0.918,0.25,0.131,0.293,0
8935,68,1,10,1.052,0.457,0.638,0.5,0.345,0.42,1
8936,60,1,5,0.894,0.592,0.7,0.75,0.047,0.122,0
8937,49,0,10,1.099,0.436,0.914,0.0,0.276,0.201,0
8938,79,1,8,0.855,0.554,0.775,1.0,0.261,0.053,0
8939,70,1,5,0.718,0.551,0.5,0.0,-0.0,0.008,0
8940,39,1,8,0.941,0.61,0.65,0.5,0.169,0.199,0
8941,76,1,4,0.887,0.652,0.703,1.0,0.319,0.326,0
8942,82,1,9,0.787,0.462,0.698,0.0,0.223,0.133,1
8943,74,0,3,0.59,0.496,0.674,0.5,0.211,0.105,0
8944,45,1,9,0.97,0.618,0.757,0.5,0.137,0.447,0
8945,65,1,3,0.617,0.611,0.501,0.0,-0.138,-0.187,0
8946,54,1,12,0.905,0.567,0.764,0.0,0.198,0.008,0
8947,59,0,6,0.884,0.496,0.603,0.0,0.139,0.177,0
8948,41,0,5,0.833,0.63,0.642,0.5,0.125,0.257,0
8949,33,0,9,0.962,0.464,0.735,0.75,0.035,0.303,0
8950,64,1,4,0.747,0.778,0.69,0.0,0.367,-0.147,0
8951,59,1,10,0.847,0.541,0.965,1.0,0.662,0.051,0
8952,52,1,9,0.927,0.648,0.531,0.25,0.108,0.32,0
8953,34,0,11,0.929,0.568,0.7,0.0,0.148,0.081,0
8954,80,0,11,0.808,0.667,0.796,0.0,0.302,-0.115,0
8955,57,1,11,0.719,0.645,0.861,0.25,0.61,0.029,0
8956,33,0,10,0.91,0.604,0.826,1.0,0.347,0.036,0
8957,46,0,4,0.895,0.7,0.719,1.0,0.494,0.068,0
8958,50,1,6,0.71,0.532,0.673,0.0,0.131,-0.015,0
8959,81,0,5,0.806,0.7,0.417,0.0,0.123,0.052,0
8960,56,1,12,0.915,0.481,0.77,0.25,-0.093,0.012,0
8961,39,1,5,0.653,0.658,0.734,0.0,0.18,-0.302,0
8962,54,0,9,0.918,0.59,0.527,0.0,0.289,0.272,0
8963,56,0,3,0.956,0.619,0.473,0.0,0.134,0.108,0
8964,62,0,11,0.84,0.561,0.822,0.0,0.022,-0.159,0
8965,43,0,10,0.768,0.53,0.691,0.25,0.28,0.005,0
8966,49,1,5,0.917,0.724,0.767,0.0,0.387,0.348,0
8967,69,1,12,0.907,0.567,0.7,1.0,-0.215,0.119,0
8968,50,0,3,0.77,0.479,0.583,0.0,0.416,-0.102,0
8969,66,0,6,0.767,0.538,0.743,0.0,0.474,0.093,0
8970,55,1,10,0.704,0.716,0.921,0.0,0.658,0.011,0
8971,56,1,5,0.886,0.659,0.66,1.0,0.04,0.236,0
8972,84,0,3,0.825,0.637,0.432,0.25,0.128,-0.024,0
8973,84,0,5,0.917,0.594,0.684,0.0,-0.169,0.182,0
8974,32,0,9,0.892,0.425,0.833,0.5,0.383,0.05,0
8975,35,1,7,0.99,0.649,0.383,0.0,0.04,0.366,0
8976,65,1,11,1.188,0.6,0.725,0.25,0.191,0.366,0
8977,50,0,8,0.899,0.599,0.904,0.0,0.355,0.349,0
8978,76,1,6,0.798,0.594,0.703,0.75,0.281,0.199,0
8979,72,1,11,1.026,0.78,0.732,0.5,0.228,0.361,0
8980,57,1,12,0.99,0.684,0.866,0.0,0.51,0.327,0
8981,81,0,12,0.919,0.537,0.899,0.0,0.34,0.251,0
8982,84,1,4,0.674,0.58,0.492,0.75,0.042,0.012,0
8983,35,1,11,0.89,0.564,0.517,0.25,-0.24,0.043,0
8984,43,0,11,0.87,0.536,0.728,0.5,0.549,0.046,0
8985,60,0,4,0.668,0.679,0.627,0.0,0.191,-0.098,0
8986,46,0,7,0.914,0.537,0.808,0.0,0.323,0.152,0
8987,58,0,6,0.839,0.672,0.672,0.0,0.29,0.222,0
8988,53,0,11,0.663,0.577,0.896,1.0,0.31,-0.067,0
8989,75,1,11,0.954,0.559,0.467,0.0,0.235,0.278,0
8990,45,0,5,0.953,0.438,0.56,1.0,0.054,0.123,0
8991,46,0,7,0.696,0.631,0.657,0.25,-0.144,-0.13,0
8992,79,0,4,0.696,0.734,0.716,0.0,0.084,-0.032,1
8993,51,1,10,0.96,0.474,0.824,0.0,0.522,0.167,0
8994,70,1,3,0.877,0.503,0.329,0.0,-0.277,0.271,0
8995,51,1,8,0.933,0.701,0.775,0.75,0.406,0.07,0
8996,61,0,12,0.961,0.524,0.684,0.5,0.19,0.17,0
8997,65,0,7,0.695,0.467,0.64,0.0,-0.063,0.071,0
8998,35,1,8,0.778,0.53,0.643,0.0,-0.086,0.024,0
8999,61,1,12,0.99,0.552,1.299,0.75,0.787,0.119,0
9000,74,0,5,0.814,0.646,0.484,0.5,-0.125,0.06,0
9001,58,1,7,0.849,0.473,0.506,0.5,-0.026,-0.091,0
9002,59,1,12,1.101,0.547,0.909,0.0,0.554,0.198,0
9003,66,1,3,0.629,0.677,0.376,0.25,-0.273,-0.032,0
9004,70,0,12,0.863,0.462,0.772,0.0,0.472,-0.039,0
9005,76,1,5,0.697,0.567,0.612,0.75,0.17,0.174,1
9006,72,0,9,1.144,0.715,1.07,0.0,0.524,0.444,0
9007,32,1,7,1.006,0.614,0.7,0.75,0.213,0.302,0
9008,36,1,10,0.889,0.627,1.088,0.5,0.716,0.108,0
9009,66,0,8,1.049,0.573,0.548,0.0,0.066,0.349,0
9010,44,0,10,0.957,0.7,0.718,0.0,-0.02,0.17,0
9011,67,1,5,0.98,0.703,0.471,0.0,0.222,0.139,0
9012,60,1,9,0.965,0.496,0.739,0.0,0.018,0.097,0
9013,54,1,4,0.701,0.59,0.185,0.0,-0.199,0.019,0
9014,30,0,11,0.897,0.626,0.857,0.0,0.432,0.115,0
9015,37,0,11,0.978,0.517,0.844,1.0,0.367,0.336,0
9016,69,1,3,0.64,0.713,0.881,0.75,0.434,-0.008,1
9017,42,1,10,0.91,0.622,1.076,0.75,0.272,0.226,0
9018,78,0,3,0.956,0.573,0.572,0.0,-0.136,0.108,0
9019,79,0,9,1.042,0.607,0.609,1.0,0.3,0.298,1
9020,62,0,5,0.949,0.586,0.882,0.0,0.474,0.131,0
9021,52,0,10,0.984,0.7,0.587,0.0,0.082,0.242,0
9022,38,1,10,0.935,0.512,0.93,0.0,0.458,0.19,0
9023,32,0,6,0.93,0.425,0.818,0.25,0.322,0.285,0
9024,80,0,5,0.808,0.412,0.484,0.0,-0.03,0.104,0
9025,63,1,8,0.7,0.63,0.999,0.0,0.381,-0.17,0
9026,82,0,9,1.099,0.635,0.707,0.0,0.444,0.246,0
9027,46,1,8,0.65,0.574,0.872,0.0,0.332,-0.084,0
9028,78,1,9,0.755,0.473,0.94,0.5,0.436,-0.012,0
9029,31,1,3,0.786,0.631,0.588,0.25,-0.112,0.136,0
9030,82,1,6,0.956,0.656,0.584,0.0,0.243,0.299,0
9031,74,1,4,0.794,0.602,0.404,0.5,-0.415,-0.112,0
9032,31,1,9,0.932,0.541,0.744,0.0,0.409,0.246,0
9033,43,0,9,1.147,0.58,0.695,0.0,0.25,0.376,0
9034,36,1,10,0.998,0.512,0.721,0.0,0.149,0.611,0
9035,37,1,8,0.849,0.56,1.082,0.0,0.532,0.088,0
9036,62,1,7,0.687,0.639,0.877,0.25,0.233,-0.008,0
9037,43,0,8,0.954,0.529,0.866,0.5,0.569,0.362,0
9038,74,1,8,0.922,0.555,0.596,0.0,0.142,0.096,0
9039,73,0,10,0.7,0.565,0.888,0.5,0.549,-0.153,0
9040,54,0,7,0.67,0.579,1.061,0.0,0.739,0.003,0
9041,81,1,4,0.677,0.7,0.44,0.5,0.106,0.124,0
9042,32,0,8,1.081,0.583,0.991,0.0,0.549,0.494,0
9043,43,0,8,0.876,0.453,0.898,0.25,0.485,0.219,0
9044,52,1,12,1.128,0.547,0.558,0.0,-0.142,0.288,0
9045,76,1,8,0.727,0.565,1.032,0.25,0.57,-0.084,0
9046,63,0,4,0.699,0.692,0.353,0.0,-0.139,-0.194,0
9047,72,0,4,0.73,0.639,0.637,0.0,0.245,0.199,0
9048,84,0,4,0.801,0.488,0.616,0.0,0.224,0.076,0
9049,37,0,12,0.805,0.357,1.056,0.0,0.52,0.105,0
9050,51,1,12,0.944,0.609,1.0,0.0,0.332,0.277,0
9051,53,1,4,0.708,0.598,0.505,0.0,0.136,-0.274,0
9052,49,0,10,0.899,0.544,0.81,0.5,0.463,0.37,0
9053,40,0,10,1.018,0.589,0.715,0.0,0.541,0.277,0
9054,36,0,8,0.977,0.562,0.726,0.0,0.304,0.304,0
9055,67,1,7,0.807,0.495,0.566,0.0,-0.199,0.063,0
9056,61,0,3,1.038,0.64,0.409,0.25,0.175,0.324,0
9057,46,0,8,0.984,0.67,0.685,0.0,0.286,0.353,0
9058,34,0,4,0.48,0.414,0.7,0.0,0.125,-0.168,0
9059,84,1,11,0.886,0.624,0.849,0.0,0.286,0.305,0
9060,59,1,11,1.01,0.372,0.883,0.0,0.576,0.319,0
9061,72,0,11,0.865,0.7,1.068,0.0,0.746,0.224,0
9062,48,1,12,1.016,0.54,0.911,0.5,0.529,0.125,0
9063,33,1,5,0.7,0.639,0.643,0.0,0.247,-0.093,0
9064,63,1,3,0.966,0.569,0.764,0.5,0.452,0.162,0
9065,80,0,7,0.918,0.529,0.777,0.0,0.424,-0.003,0
9066,67,1,7,0.917,0.69,0.832,0.0,0.223,0.049,0
9067,59,1,5,0.846,0.546,0.49,0.0,0.208,0.024,0
9068,68,0,11,0.7,0.505,1.009,0.0,0.413,-0.074,0
9069,79,0,5,0.645,0.611,0.737,0.0,0.171,0.107,0
9070,79,0,6,1.007,0.497,0.46,0.0,0.13,0.112,0
9071,74,0,8,0.859,0.465,0.782,0.0,0.129,0.027,0
9072,41,1,7,0.908,0.653,0.562,0.75,-0.04,0.2,0
9073,37,0,3,0.737,0.584,0.506,0.25,-0.289,-0.033,0
9074,70,1,7,0.7,0.386,0.895,0.0,0.456,0.014,0
9075,82,0,4,0.628,0.56,0.287,0.0,-0.331,0.031,0
9076,70,0,10,1.005,0.441,0.795,0.5,0.466,0.239,0
9077,64,1,12,1.162,0.498,0.95,0.5,0.866,0.409,0
9078,69,1,11,0.957,0.481,0.92,0.0,0.66,0.131,0
9079,31,1,9,0.909,0.574,0.9,0.0,0.133,0.286,0
9080,37,1,12,1.168,0.545,0.992,0.0,0.817,0.617,0
9081,57,1,10,0.744,0.527,0.675,0.0,0.34,0.044,0
9082,83,0,6,0.834,0.611,0.602,1.0,0.071,0.07,0
9083,54,0,5,1.067,0.52,0.576,0.75,0.264,0.479,0
9084,39,0,4,0.827,0.452,0.349,0.25,-0.463,-0.206,0
9085,73,0,4,0.779,0.592,0.444,0.0,0.045,0.145,0
9086,30,1,6,0.93,0.434,0.455,0.0,-0.046,0.158,0
9087,35,0,11,1.078,0.581,1.046,0.0,0.485,0.45,0
9088,30,1,10,0.787,0.611,0.582,0.75,-0.105,0.133,0
9089,75,0,8,0.963,0.695,0.728,0.0,0.339,-0.004,0
9090,35,0,8,0.954,0.503,0.894,0.5,0.544,0.258,0
9091,84,0,6,0.752,0.579,0.668,0.25,0.163,0.001,1
9092,30,1,10,0.772,0.479,0.7,0.0,0.163,-0.143,0
9093,78,0,6,0.821,0.604,0.656,0.0,0.162,-0.022,0
9094,46,1,9,0.98,0.57,0.732,0.0,0.22,-0.008,0
9095,45,1,4,0.932,0.592,0.401,0.0,0.027,0.232,0
9096,80,1,7,1.054,0.633,0.419,0.25,-0.014,0.325,0
9097,37,0,12,0.898,0.497,0.854,0.5,0.334,0.213,0
9098,76,1,5,0.816,0.497,0.572,0.5,0.073,0.046,1
9099,59,0,3,0.74,0.669,0.476,0.0,0.074,0.078,0
9100,41,0,5,0.862,0.704,0.632,0.5,0.122,-0.033,0
9101,51,0,12,0.842,0.599,0.943,0.0,0.515,0.31,0
9102,52,0,8,0.972,0.509,0.392,1.0,0.065,0.225,0
9103,43,1,6,0.822,0.632,0.722,0.0,0.469,-0.061,0
9104,30,1,6,0.868,0.559,0.519,0.0,-0.112,0.229,0
9105,36,1,7,0.956,0.53,0.811,0.0,0.262,-0.031,0
9106,51,1,12,0.977,0.518,1.069,0.0,0.638,0.39,0
9107,78,0,11,0.856,0.7,0.938,0.25,0.499,-0.026,0
9108,80,0,5,0.78,0.572,0.648,0.0,0.024,0.106,0
9109,83,1,4,0.897,0.673,0.501,1.0,-0.057,0.201,1
9110,52,1,3,0.768,0.601,0.588,0.5,0.096,0.185,0
9111,78,0,10,0.774,0.7,0.399,0.0,-0.266,0.06,0
9112,31,0,9,0.919,0.595,0.574,0.5,0.248,0.13,0
9113,73,1,12,0.889,0.59,1.017,0.0,0.523,0.16,0
9114,34,0,6,0.852,0.567,0.896,1.0,0.291,0.084,0
9115,33,0,6,0.783,0.633,0.777,1.0,0.447,0.191,0
9116,47,1,5,0.64,0.596,0.636,0.5,0.426,-0.298,0
9117,63,0,4,0.714,0.654,0.7,0.0,0.242,0.002,0
9118,64,0,3,0.935,0.614,0.33,1.0,-0.065,0.137,0
9119,78,0,5,0.849,0.504,0.582,0.25,-0.118,-0.059,0
9120,50,1,6,0.855,0.48,0.969,0.0,0.451,0.195,0
9121,83,0,7,0.814,0.56,0.951,0.0,0.586,0.097,0
9122,50,0,3,0.947,0.716,0.385,0.5,0.015,0.277,0
9123,35,1,10,0.784,0.556,0.962,0.25,0.535,0.032,0
9124,52,0,7,0.976,0.734,0.524,0.0,0.146,0.238,0
9125,32,0,7,0.816,0.612,0.745,0.5,0.284,-0.202,0
9126,82,0,12,1.212,0.712,0.579,0.0,0.054,0.329,0
9127,60,0,6,0.885,0.622,0.792,0.25,0.31,0.144,0
9128,71,0,9,0.884,0.58,0.83,1.0,0.317,0.094,0
9129,35,1,6,0.811,0.535,0.819,0.0,-0.123,-0.053,0
9130,80,0,3,0.598,0.605,0.644,0.75,0.389,-0.016,1
9131,62,1,3,0.957,0.573,1.009,0.5,0.506,0.124,1
9132,42,0,6,0.906,0.629,0.63,0.0,-0.045,-0.058,0
9133,32,1,6,0.729,0.479,0.792,0.0,0.484,-0.064,0
9134,30,1,3,0.987,0.601,0.783,1.0,0.243,0.314,0
9135,64,1,7,0.974,0.576,0.878,0.0,0.71,0.122,0
9136,82,0,3,0.555,0.559,0.608,0.0,0.085,-0.317,0
9137,56,0,7,1.017,0.486,0.439,0.75,0.008,0.188,0
9138,68,1,8,0.979,0.458,0.765,0.0,0.161,0.23,0
9139,37,0,10,1.087,0.455,0.369,0.25,-0.079,0.313,0
9140,46,0,7,0.834,0.682,0.609,0.0,0.194,0.234,0
9141,45,0,12,1.006,0.779,1.064,0.0,0.587,0.304,0
9142,34,1,5,0.845,0.7,0.696,0.0,0.409,-0.052,0
9143,33,1,7,0.881,0.557,0.815,0.0,0.311,0.176,0
9144,71,1,3,0.557,0.591,0.475,0.25,-0.128,-0.18,0
9145,50,1,8,0.876,0.466,0.813,0.25,0.085,0.297,0
9146,67,1,9,0.682,0.662,0.7,1.0,0.0,-0.041,0
9147,39,0,4,0.712,0.618,0.593,0.25,-0.06,0.094,0
9148,76,1,6,0.63,0.698,0.37,0.0,-0.379,-0.181,0
9149,44,0,10,0.75,0.593,0.376,0.25,0.061,-0.056,0
9150,54,1,5,0.859,0.586,0.824,0.0,0.525,0.039,0
9151,72,1,8,0.663,0.619,0.858,1.0,0.655,0.113,0
9152,73,0,8,0.931,0.57,0.753,0.25,-0.038,0.196,0
9153,56,0,9,0.928,0.666,0.647,0.0,0.305,0.19,0
9154,81,1,6,1.057,0.71,0.519,1.0,0.236,0.221,0
9155,41,1,10,0.838,0.55,0.813,0.5,0.182,-0.054,0
9156,31,0,6,0.739,0.735,0.42,0.0,0.167,-0.25,0
9157,53,1,10,0.939,0.466,0.91,0.75,0.656,0.105,0
9158,71,0,7,0.571,0.753,0.741,0.75,0.705,-0.173,0
9159,35,1,10,0.667,0.554,1.133,0.75,0.541,-0.09,0
9160,80,0,4,0.935,0.662,0.518,0.0,0.005,0.016,0
9161,61,0,8,0.99,0.466,0.465,0.0,0.015,0.049,0
9162,64,1,7,1.113,0.548,0.631,0.0,0.007,0.307,1
9163,67,0,4,0.9,0.534,0.721,1.0,0.522,0.196,0
9164,53,1,3,0.809,0.632,0.479,0.75,0.207,-0.083,0
9165,56,0,7,0.933,0.516,0.75,0.0,0.286,0.233,0
9166,41,1,11,1.218,0.425,0.981,0.75,0.272,0.287,0
9167,63,0,3,0.919,0.521,0.617,0.5,0.337,0.181,0
9168,38,0,7,0.775,0.468,0.795,0.25,0.378,0.119,0
9169,35,1,4,0.897,0.635,0.719,0.0,0.03,0.156,0
9170,40,1,12,1.036,0.609,0.828,0.0,0.285,0.224,0
9171,83,0,3,0.797,0.597,0.457,0.75,0.206,-0.177,0
9172,68,0,8,1.238,0.736,0.806,0.0,0.229,0.579,0
9173,81,1,10,1.058,0.591,1.034,0.5,0.457,0.206,0
9174,50,0,12,0.934,0.583,0.761,0.0,0.648,0.441,0
9175,72,0,5,0.89,0.708,0.363,0.0,-0.064,0.09,0
9176,54,0,8,0.769,0.638,0.631,0.0,0.164,0.076,0
9177,44,1,10,0.959,0.596,0.913,0.25,0.673,0.182,0
9178,58,1,9,0.984,0.544,0.577,0.25,-0.207,0.096,0
9179,35,0,4,0.676,0.636,0.668,0.0,0.158,-0.057,0
9180,60,0,5,0.831,0.48,0.574,0.5,0.345,0.049,0
9181,49,1,9,1.009,0.732,0.902,1.0,0.382,0.281,0
9182,62,1,11,0.929,0.484,0.713,1.0,0.033,0.079,0
9183,40,1,11,0.901,0.584,0.752,0.0,0.183,0.047,0
9184,63,0,3,0.834,0.624,0.4,0.0,-0.237,0.227,0
9185,48,1,7,1.024,0.53,0.677,0.75,0.204,0.324,0
9186,43,1,11,1.155,0.672,0.741,0.0,0.181,0.456,0
9187,37,0,8,0.834,0.441,0.886,0.75,0.254,0.144,0
9188,35,0,9,1.002,0.555,1.138,0.0,0.893,0.174,0
9189,60,1,5,0.61,0.628,0.627,0.0,0.189,-0.088,0
9190,40,1,4,0.601,0.516,0.497,0.75,0.148,0.01,0
9191,68,1,10,0.935,0.624,0.638,0.0,-0.042,0.114,0
9192,43,0,4,0.821,0.698,0.76,0.75,-0.097,-0.052,0
9193,45,1,5,0.777,0.632,0.716,0.25,0.161,0.134,0
9194,74,0,4,1.066,0.586,0.635,0.25,0.117,0.332,0
9195,46,1,3,0.626,0.567,0.537,0.5,0.091,0.02,0
9196,32,1,3,0.864,0.567,0.433,0.0,0.079,0.127,0
9197,78,0,9,0.865,0.648,1.082,0.0,0.912,0.221,0
9198,33,1,12,0.895,0.55,0.93,0.0,0.346,-0.005,0
9199,34,1,9,0.741,0.556,0.817,0.0,0.493,-0.036,0
9200,78,0,8,1.136,0.479,0.527,0.0,0.004,0.498,0
9201,82,0,6,0.763,0.582,0.758,0.5,0.123,0.122,0
9202,56,1,7,0.848,0.549,0.645,0.5,0.137,-0.045,0
9203,33,0,9,0.691,0.551,0.771,0.0,0.201,0.008,0
9204,36,1,11,1.08,0.476,0.706,0.0,0.195,0.304,0
9205,40,1,6,0.745,0.563,0.795,0.0,0.067,-0.085,0
9206,40,1,11,0.856,0.666,0.809,0.0,0.452,0.169,0
9207,50,0,11,1.092,0.667,0.826,0.0,0.474,0.302,0
9208,76,0,10,0.802,0.57,0.816,0.5,0.3,0.191,0
9209,59,0,5,0.799,0.637,0.836,1.0,0.424,-0.181,0
9210,69,0,12,0.995,0.524,0.89,0.0,0.448,0.231,0
9211,34,1,8,0.612,0.533,0.982,0.5,0.282,-0.053,0
9212,56,1,5,0.7,0.535,0.835,0.0,0.384,-0.036,0
9213,41,0,12,0.912,0.588,0.938,1.0,0.521,0.113,0
9214,43,1,10,1.128,0.454,0.481,0.0,0.472,0.287,0
9215,33,0,12,0.905,0.599,0.946,0.0,0.493,0.022,0
9216,49,0,3,0.884,0.636,0.411,0.0,-0.202,-0.045,0
9217,78,1,8,0.917,0.438,0.798,0.0,0.09,0.433,1
9218,63,0,9,1.119,0.596,0.807,0.0,0.405,0.287,0
9219,78,1,3,0.88,0.653,0.409,0.0,-0.318,0.059,0
9220,39,1,5,0.855,0.617,0.585,0.0,-0.173,0.08,0
9221,80,1,4,1.056,0.645,0.556,0.0,0.097,0.527,0
9222,61,0,4,0.707,0.574,0.633,0.25,0.227,0.0,0
9223,48,0,11,1.108,0.734,0.912,0.0,0.17,0.313,0
9224,32,1,11,0.948,0.595,0.736,0.0,0.114,0.098,0
9225,52,0,10,1.07,0.546,0.868,0.75,0.051,0.346,0
9226,33,0,7,0.803,0.559,0.835,0.0,0.56,0.206,0
9227,72,1,12,0.934,0.569,0.889,0.0,0.072,0.501,1
9228,75,1,6,0.998,0.521,0.609,0.0,-0.006,0.224,0
9229,64,1,4,1.0,0.568,0.752,0.25,0.248,0.235,0
9230,64,1,12,1.015,0.636,0.999,1.0,0.633,0.189,1
9231,59,1,5,0.555,0.593,0.284,0.0,-0.348,-0.477,0
9232,78,1,7,0.838,0.561,0.956,0.25,0.396,0.138,0
9233,81,1,8,0.879,0.547,0.68,0.0,0.557,0.13,0
9234,49,1,6,0.997,0.601,0.797,1.0,0.645,0.155,0
9235,64,0,4,0.783,0.559,0.673,0.0,-0.099,0.059,0
9236,78,1,6,0.937,0.639,0.599,0.0,0.259,-0.004,0
9237,72,0,8,1.135,0.621,0.766,0.0,0.187,0.364,0
9238,74,0,8,0.795,0.427,0.784,0.0,0.227,-0.069,0
9239,43,1,12,1.03,0.504,0.726,0.25,0.22,0.183,0
9240,81,1,3,0.7,0.638,0.702,0.0,0.194,0.0,0
9241,65,0,12,0.965,0.612,0.81,0.25,0.4,0.21,0
9242,52,1,11,0.805,0.612,0.921,0.75,0.41,0.11,0
9243,51,1,4,0.909,0.605,0.333,0.75,-0.105,0.249,0
9244,49,1,6,0.835,0.671,0.496,0.25,0.184,-0.041,0
9245,81,0,8,1.019,0.599,0.891,0.25,0.579,0.297,0
9246,73,0,7,0.779,0.534,0.8,0.0,0.256,0.115,0
9247,72,0,3,0.664,0.709,0.678,0.25,0.105,-0.066,0
9248,75,0,9,0.898,0.7,0.777,0.75,0.523,0.144,0
9249,62,0,5,0.866,0.537,0.738,0.25,0.41,0.161,0
9250,67,1,8,1.021,0.477,0.871,0.0,0.631,0.331,0
9251,46,0,6,0.776,0.446,0.754,1.0,0.241,0.214,0
9252,80,0,10,0.95,0.617,0.969,0.25,0.394,0.218,0
9253,39,1,10,0.763,0.686,1.009,0.25,0.762,0.016,0
9254,44,1,10,1.197,0.566,0.691,0.75,0.212,0.237,0
9255,39,1,10,0.735,0.555,0.7,0.75,0.629,0.046,0
9256,44,1,3,0.653,0.698,0.574,0.5,0.037,-0.18,0
9257,61,0,3,0.709,0.441,0.557,0.25,-0.113,0.015,0
9258,72,1,4,0.899,0.465,0.67,0.0,0.252,0.123,0
9259,62,1,7,0.867,0.594,0.724,0.5,0.144,0.164,0
9260,36,0,9,0.931,0.568,0.713,0.75,0.419,0.151,0
9261,64,0,3,0.606,0.715,0.264,0.0,-0.261,-0.161,0
9262,81,1,12,0.975,0.524,1.146,0.75,0.618,0.278,1
9263,54,1,4,0.86,0.529,0.602,0.0,0.196,0.13,0
9264,30,0,5,0.8,0.543,0.637,0.0,0.345,0.216,0
9265,80,1,11,0.726,0.52,0.966,0.5,0.478,0.17,0
9266,62,1,9,0.736,0.672,0.7,0.25,-0.028,-0.116,0
9267,75,0,7,0.802,0.7,0.863,0.0,0.483,-0.0,0
9268,57,1,6,0.8,0.64,0.636,0.75,-0.029,0.028,0
9269,72,0,6,0.764,0.588,0.7,0.25,-0.034,0.094,0
9270,51,1,5,0.694,0.618,0.545,0.0,-0.183,-0.017,0
9271,65,0,3,0.797,0.736,0.414,0.0,-0.206,0.036,0
9272,78,0,3,0.778,0.591,0.37,0.5,-0.277,-0.134,0
9273,58,0,12,0.942,0.531,0.893,0.0,0.497,0.327,0
9274,82,0,11,0.853,0.618,1.014,1.0,0.741,-0.062,1
9275,67,1,3,0.821,0.54,0.307,0.0,0.12,0.192,0
9276,62,0,4,0.887,0.553,0.647,0.25,0.548,0.313,0
9277,71,0,3,0.504,0.647,0.585,0.25,0.104,-0.394,0
9278,66,0,8,0.717,0.658,1.068,0.0,0.42,-0.127,0
9279,75,1,5,0.641,0.579,0.585,0.25,0.186,-0.161,0
9280,49,1,10,0.821,0.566,1.111,0.0,0.517,0.007,1
9281,66,1,10,0.806,0.534,0.715,0.75,0.59,0.048,0
9282,59,1,4,0.878,0.453,0.715,1.0,0.239,0.037,0
9283,53,0,8,0.911,0.494,0.362,0.5,-0.151,0.137,0
9284,81,1,7,0.775,0.474,0.86,0.75,0.486,0.057,1
9285,64,0,3,0.952,0.771,0.595,0.25,0.146,0.247,0
9286,41,0,4,0.802,0.579,0.436,0.0,-0.18,0.028,0
9287,50,0,9,0.988,0.538,0.832,0.0,0.07,0.271,0
9288,78,0,10,1.056,0.7,0.989,0.25,0.491,0.355,0
9289,73,0,10,1.052,0.601,0.881,0.75,0.309,0.358,0
9290,31,0,5,1.113,0.671,0.286,0.0,0.257,0.315,0
9291,33,1,9,1.024,0.539,0.932,0.25,0.382,0.294,0
9292,59,1,8,0.736,0.58,0.859,0.0,0.412,0.055,0
9293,35,0,12,0.993,0.605,0.646,0.0,0.035,0.258,0
9294,37,1,9,0.719,0.625,0.547,0.25,-0.212,-0.022,0
9295,36,1,12,0.838,0.561,0.952,0.0,0.498,0.167,0
9296,59,0,3,0.638,0.58,0.422,0.0,-0.009,0.051,0
9297,46,0,4,0.792,0.571,0.708,0.5,0.228,-0.015,0
9298,71,0,8,0.919,0.7,0.791,0.75,0.258,0.127,0
9299,36,0,7,0.964,0.515,0.919,0.0,0.219,0.106,0
9300,48,0,10,0.987,0.527,0.863,0.75,0.185,0.111,0
9301,50,0,6,0.87,0.675,0.463,0.75,0.253,-0.003,0
9302,84,0,11,1.053,0.556,0.855,0.5,0.525,0.334,1
9303,68,1,8,0.844,0.599,0.81,0.0,0.296,0.041,0
9304,43,1,8,0.834,0.579,1.185,0.0,0.743,0.103,0
9305,41,1,11,0.942,0.577,1.095,0.0,0.556,0.168,0
9306,47,0,10,0.971,0.5,0.998,0.75,0.607,0.184,0
9307,81,0,8,0.806,0.415,0.713,0.0,0.327,0.075,0
9308,84,1,5,0.723,0.497,0.864,0.5,0.329,-0.089,0
9309,41,1,11,0.931,0.549,0.754,0.0,0.316,0.262,0
9310,67,1,6,0.8,0.594,0.71,0.25,0.242,0.096,0
9311,61,0,3,0.801,0.606,0.453,0.0,-0.245,-0.069,0
9312,74,0,8,0.836,0.632,0.497,0.0,-0.172,0.17,0
9313,81,1,12,0.667,0.558,0.667,0.75,0.351,-0.105,1
9314,64,1,5,0.904,0.619,0.641,0.0,0.068,0.12,0
9315,70,0,5,0.989,0.578,0.488,0.0,0.297,0.314,0
9316,58,0,7,0.843,0.521,0.677,0.0,0.09,0.159,0
9317,60,0,11,1.015,0.479,0.773,0.0,0.426,0.287,0
9318,76,1,9,1.132,0.589,0.873,0.5,0.526,0.452,1
9319,33,0,11,0.959,0.694,0.85,0.0,0.293,0.253,0
9320,62,1,4,0.613,0.643,0.691,0.5,0.253,-0.306,0
9321,77,0,6,0.96,0.547,0.585,0.0,0.013,0.26,0
9322,33,1,12,0.868,0.548,1.033,0.0,0.608,0.267,0
9323,39,0,8,0.846,0.646,0.88,0.0,0.754,0.203,0
9324,58,0,12,0.947,0.548,0.966,0.5,0.295,0.405,0
9325,41,1,3,0.797,0.53,0.918,0.25,0.35,0.097,0
9326,54,1,7,1.046,0.57,0.76,0.0,0.089,0.387,0
9327,67,1,6,0.83,0.558,1.094,0.25,0.636,0.053,0
9328,75,1,4,0.998,0.586,0.511,0.75,-0.067,0.298,1
9329,82,1,9,1.032,0.639,0.992,0.75,0.204,0.323,1
9330,36,0,4,0.792,0.518,0.485,0.5,0.137,0.192,0
9331,46,0,4,0.931,0.728,0.53,0.0,0.236,0.023,0
9332,42,0,6,0.976,0.499,0.945,0.75,0.29,0.38,0
9333,30,1,3,0.682,0.649,0.484,0.25,0.066,-0.22,0
9334,76,1,12,0.804,0.647,0.844,0.5,0.616,-0.126,0
9335,50,0,9,0.961,0.556,0.965,0.25,0.713,0.165,0
9336,65,1,5,0.796,0.564,0.947,0.0,0.522,0.001,0
9337,41,0,9,0.711,0.698,0.9,0.0,0.087,-0.205,0
9338,49,1,5,1.062,0.517,0.74,1.0,0.251,0.216,0
9339,55,0,9,0.711,0.565,0.731,0.5,0.391,0.033,0
9340,69,1,8,0.994,0.604,1.185,0.0,0.716,0.032,0
9341,72,0,9,1.096,0.731,0.845,0.75,0.32,0.396,0
9342,60,0,10,0.867,0.633,1.015,0.0,0.378,0.073,0
9343,71,0,9,0.843,0.552,0.808,0.0,0.564,0.039,0
9344,32,1,4,0.757,0.651,0.547,0.5,0.168,0.088,0
9345,67,0,10,0.743,0.518,0.964,0.25,0.51,-0.038,0
9346,47,0,9,0.778,0.622,0.717,0.25,0.526,-0.017,0
9347,46,0,9,1.079,0.746,0.599,0.75,0.156,0.303,0
9348,35,0,10,1.054,0.589,0.966,0.0,0.74,0.184,0
9349,51,1,9,1.047,0.498,0.93,0.0,0.314,0.347,0
9350,56,1,8,0.873,0.47,0.679,0.0,0.516,0.022,0
9351,41,0,3,0.749,0.609,0.584,0.5,0.097,-0.082,0
9352,49,0,9,0.952,0.605,0.597,0.5,-0.058,0.308,0
9353,82,0,12,1.218,0.579,0.577,0.5,0.088,0.346,0
9354,40,0,4,0.736,0.651,0.678,0.0,0.019,-0.195,0
9355,54,0,7,0.672,0.504,0.773,0.0,0.352,-0.051,0
9356,47,0,4,0.778,0.627,0.563,0.0,0.347,0.251,0
9357,79,1,10,0.991,0.504,1.03,0.0,0.646,0.257,0
9358,33,0,8,1.027,0.587,0.632,0.0,0.175,0.478,0
9359,40,1,3,0.584,0.569,0.881,0.0,0.569,-0.189,0
9360,47,1,3,0.628,0.589,0.248,0.0,-0.172,0.024,0
9361,41,0,11,1.082,0.491,1.014,0.75,0.431,0.094,0
9362,64,1,3,0.857,0.678,0.606,0.25,0.215,-0.013,0
9363,80,1,4,0.747,0.704,0.302,0.75,-0.007,0.398,0
9364,37,0,8,0.922,0.432,0.794,0.0,0.252,0.211,0
9365,66,1,4,0.719,0.679,0.617,0.75,-0.165,-0.144,0
9366,45,0,8,0.7,0.595,0.575,0.0,0.119,-0.06,0
9367,47,1,4,0.784,0.7,0.753,0.0,0.387,-0.078,0
9368,43,0,6,0.973,0.517,0.735,0.0,0.289,0.295,0
9369,36,0,11,1.006,0.415,0.861,0.0,0.234,0.379,0
9370,47,1,10,0.95,0.7,0.673,1.0,0.401,0.108,0
9371,35,0,3,0.496,0.579,0.722,0.0,0.23,-0.14,0
9372,34,1,9,0.784,0.532,0.719,0.0,0.166,-0.0,0
9373,52,0,9,0.883,0.609,0.373,0.5,-0.119,0.155,0
9374,76,0,11,1.031,0.755,1.134,0.75,0.746,0.282,0
9375,79,0,4,0.554,0.644,0.675,0.5,0.236,-0.272,0
9376,73,0,8,0.852,0.7,0.624,0.0,-0.031,0.053,0
9377,35,1,6,0.702,0.546,0.595,0.5,0.151,0.069,0
9378,81,1,8,0.6,0.599,0.74,0.0,0.297,-0.318,0
9379,32,0,4,0.973,0.427,0.902,0.5,0.666,0.264,0
9380,47,1,5,0.969,0.605,0.568,0.5,0.006,0.35,0
9381,32,1,5,1.032,0.69,0.542,0.0,0.321,0.188,0
9382,47,1,10,0.966,0.547,0.753,0.0,0.516,0.172,0
9383,40,1,11,0.881,0.559,1.039,0.25,0.673,0.274,0
9384,73,1,3,0.719,0.625,0.436,1.0,0.059,-0.267,0
9385,55,0,8,0.728,0.602,0.826,0.5,0.291,-0.365,0
9386,72,0,12,0.894,0.536,1.042,0.25,0.776,0.203,1
9387,48,0,9,1.039,0.494,0.88,0.25,0.351,0.138,0
9388,50,0,8,0.949,0.658,0.583,0.0,0.295,0.237,0
9389,41,1,3,0.996,0.56,0.444,0.0,0.082,0.335,0
9390,81,0,12,0.895,0.581,0.747,0.0,0.587,0.135,0
9391,76,0,9,0.709,0.661,0.702,0.0,0.284,-0.073,0
9392,74,1,9,0.83,0.463,0.54,0.5,0.074,0.238,0
9393,30,0,5,0.901,0.537,0.588,0.0,0.024,0.106,0
9394,62,0,11,1.067,0.478,0.889,0.5,0.282,0.281,0
9395,62,1,10,0.665,0.55,0.936,0.0,0.349,-0.128,1
9396,55,0,10,1.018,0.489,0.929,0.0,0.065,0.197,0
9397,84,0,4,0.755,0.568,0.552,0.25,0.101,0.087,1
9398,53,0,4,0.642,0.629,0.693,0.25,0.422,0.095,0
9399,67,1,11,0.867,0.558,0.931,0.5,0.267,-0.017,1
9400,31,1,12,0.735,0.516,0.849,0.25,0.26,0.184,0
9401,72,0,9,0.917,0.617,1.226,0.0,0.678,0.192,0
9402,61,0,10,1.162,0.69,0.707,0.0,0.11,0.606,0
9403,60,0,10,0.838,0.583,0.805,0.25,0.329,0.071,0
9404,62,0,12,1.043,0.611,0.799,0.5,0.367,0.259,0
9405,38,1,6,0.951,0.588,0.577,0.25,0.317,0.096,0
9406,58,1,8,0.909,0.635,0.575,0.25,0.068,0.177,0
9407,62,0,6,0.997,0.674,0.683,0.0,0.194,0.227,0
9408,67,1,9,1.098,0.484,0.688,0.5,0.199,0.121,0
9409,46,0,12,0.951,0.565,1.077,0.0,0.377,0.238,0
9410,40,1,7,0.962,0.567,0.621,1.0,0.308,0.188,0
9411,50,1,6,0.849,0.545,0.28,0.0,-0.373,0.025,0
9412,68,1,6,0.747,0.567,0.601,0.0,0.062,0.014,0
9413,55,1,11,1.116,0.619,0.88,0.0,0.155,0.433,0
9414,73,1,3,0.749,0.678,0.428,0.5,-0.043,0.064,0
9415,70,1,10,0.871,0.479,0.7,1.0,-0.012,0.038,1
9416,41,0,7,0.791,0.481,0.445,0.0,-0.242,0.321,0
9417,84,0,3,0.85,0.639,0.303,0.0,-0.031,0.142,0
9418,34,0,3,0.639,0.677,0.505,0.0,0.438,-0.005,0
9419,65,0,4,0.857,0.544,0.679,0.0,0.242,-0.041,0
9420,46,0,4,0.651,0.534,0.487,0.25,0.236,0.025,0
9421,71,0,10,0.728,0.7,0.842,0.0,0.408,-0.015,0
9422,57,0,9,0.935,0.7,0.864,0.0,0.548,0.006,0
9423,55,0,6,0.843,0.786,0.909,0.25,0.453,0.067,0
9424,83,1,8,0.961,0.465,0.857,0.5,0.682,0.277,1
9425,75,1,7,1.024,0.541,0.796,0.0,0.403,0.246,0
9426,56,0,4,0.892,0.556,0.494,0.5,0.266,0.056,0
9427,70,1,6,0.773,0.588,0.83,0.5,0.401,0.137,0
9428,43,0,8,0.946,0.568,0.617,0.75,0.087,0.203,0
9429,82,1,12,0.916,0.423,0.768,0.0,0.156,0.165,0
9430,30,1,3,0.667,0.419,0.179,0.0,-0.25,-0.033,0
9431,73,1,8,0.708,0.696,0.973,0.0,0.439,0.107,0
9432,53,0,9,0.694,0.623,0.766,0.0,0.134,-0.048,0
9433,46,0,4,0.851,0.553,0.623,0.0,0.252,0.166,0
9434,66,1,11,0.821,0.654,1.011,0.0,0.96,0.243,0
9435,59,1,10,0.876,0.5,0.79,0.5,0.494,0.146,0
9436,68,1,12,0.837,0.501,1.186,0.0,0.892,0.057,0
9437,79,1,6,1.151,0.681,0.934,0.0,0.376,0.388,0
9438,54,1,5,0.892,0.554,0.843,0.0,0.291,0.291,0
9439,58,0,8,0.882,0.44,0.829,0.5,0.608,0.223,0
9440,81,1,7,0.911,0.658,0.558,0.0,-0.052,0.223,0
9441,44,1,10,0.854,0.645,0.876,0.0,0.176,0.245,0
9442,70,0,3,0.767,0.521,0.555,0.0,0.012,-0.188,0
9443,53,0,7,0.934,0.413,1.024,0.0,0.466,0.26,0
9444,52,0,10,0.95,0.705,0.87,0.0,0.36,0.196,0
9445,64,0,4,0.792,0.681,0.816,0.0,0.292,0.156,0
9446,30,1,5,0.723,0.617,0.695,0.0,0.422,-0.133,0
9447,38,1,3,0.778,0.629,0.461,0.0,0.103,-0.084,0
9448,41,1,10,0.728,0.643,0.443,0.5,-0.098,0.12,0
9449,55,1,4,0.811,0.579,0.577,0.0,0.227,0.241,0
9450,52,0,9,0.794,0.7,0.472,0.5,0.135,0.098,0
9451,50,1,4,0.76,0.564,0.861,0.5,0.354,-0.095,0
9452,70,1,3,0.872,0.725,0.729,0.0,0.242,0.223,0
9453,54,1,3,0.881,0.626,0.287,0.75,-0.477,0.164,0
9454,83,1,8,1.079,0.547,0.458,0.25,-0.057,0.291,0
9455,52,0,8,0.965,0.72,0.81,0.0,0.312,0.173,0
9456,40,1,11,0.695,0.587,0.717,0.25,-0.074,0.034,0
9457,70,0,6,1.132,0.646,0.687,1.0,0.165,0.432,1
9458,63,0,4,0.807,0.536,0.68,1.0,0.11,0.308,0
9459,52,0,11,0.661,0.63,0.7,0.5,0.282,-0.031,0
9460,56,0,9,0.844,0.474,0.959,0.0,0.627,0.098,0
9461,31,1,6,0.951,0.611,0.507,0.0,0.047,0.37,0
9462,48,0,3,0.813,0.638,0.721,0.25,0.358,0.219,0
9463,73,1,9,0.75,0.579,0.999,1.0,0.619,0.07,0
9464,58,0,3,0.871,0.527,0.565,0.0,0.464,0.153,0
9465,71,0,11,0.816,0.571,0.77,1.0,0.158,0.361,0
9466,83,1,7,0.695,0.697,0.56,0.25,0.119,-0.075,0
9467,43,1,7,0.86,0.643,0.906,0.0,0.641,0.089,0
9468,57,1,6,0.724,0.526,0.432,0.25,-0.044,-0.064,0
9469,35,1,9,1.109,0.606,0.897,0.0,0.412,0.339,0
9470,30,0,7,0.999,0.609,0.829,1.0,0.188,0.222,0
9471,83,0,8,0.965,0.472,0.981,0.0,0.512,0.273,0
9472,41,1,6,0.7,0.548,0.922,1.0,0.341,0.014,1
9473,78,1,7,0.815,0.595,0.498,0.0,-0.365,-0.116,0
9474,49,1,7,0.627,0.565,0.844,0.0,0.365,-0.186,0
9475,60,0,6,0.965,0.568,0.571,1.0,0.365,0.138,0
9476,30,0,4,0.906,0.577,0.428,0.0,0.04,0.001,0
9477,42,0,3,0.909,0.675,0.52,0.25,0.123,0.025,0
9478,80,1,4,0.795,0.554,0.567,0.25,0.155,0.022,0
9479,53,1,12,0.7,0.61,0.989,0.0,0.492,0.159,0
9480,59,1,5,0.935,0.569,0.542,1.0,0.574,0.252,0
9481,78,1,8,1.071,0.716,0.562,0.25,0.008,0.405,0
9482,64,0,4,0.849,0.513,0.303,0.0,-0.162,0.331,0
9483,36,0,8,0.738,0.536,0.807,0.0,0.124,-0.173,0
9484,33,1,9,1.201,0.43,0.823,0.75,0.425,0.501,0
9485,35,0,3,0.839,0.581,0.299,0.5,-0.283,0.265,0
9486,30,0,9,0.7,0.579,0.775,0.5,0.075,-0.093,0
9487,38,0,4,0.773,0.501,0.468,0.0,0.122,0.074,0
9488,72,1,10,0.951,0.542,0.802,0.25,0.104,0.12,0
9489,35,1,10,1.057,0.417,0.793,0.25,0.472,0.401,0
9490,41,0,7,0.757,0.545,0.822,0.5,0.291,-0.142,0
9491,69,0,3,0.818,0.646,0.523,0.0,0.107,-0.094,0
9492,33,1,7,0.875,0.508,0.554,0.0,0.252,0.153,0
9493,59,1,3,0.696,0.578,0.693,0.25,0.082,0.074,0
9494,39,1,7,1.13,0.643,0.763,0.75,0.408,0.269,0
9495,44,0,3,0.655,0.606,0.696,1.0,0.241,-0.13,0
9496,58,1,10,0.735,0.506,0.653,0.75,0.306,-0.122,0
9497,39,1,12,0.885,0.559,0.709,0.0,0.254,0.185,0
9498,70,0,7,0.849,0.713,0.719,0.0,0.467,0.114,0
9499,49,1,9,0.924,0.57,0.812,0.0,0.138,-0.17,0
9500,48,1,11,0.782,0.37,0.86,0.0,0.487,-0.125,0
9501,68,1,3,0.762,0.622,0.528,0.5,-0.114,0.193,0
9502,61,1,6,0.8,0.647,0.474,1.0,-0.317,-0.066,0
9503,54,0,6,0.839,0.7,0.465,0.75,-0.017,0.139,0
9504,44,0,12,1.042,0.518,0.969,1.0,0.623,0.276,1
9505,50,0,10,0.976,0.579,0.969,0.0,0.626,0.282,0
9506,80,0,9,0.959,0.476,0.911,0.0,0.545,0.107,0
9507,45,0,4,0.712,0.531,0.33,0.0,-0.061,-0.188,0
9508,62,1,7,0.783,0.682,0.357,0.25,-0.125,0.049,0
9509,30,1,4,0.661,0.648,0.576,0.5,0.054,-0.088,0
9510,58,1,12,1.003,0.611,0.959,0.0,0.497,0.457,0
9511,78,0,4,0.662,0.649,0.478,0.0,0.09,0.012,0
9512,30,1,6,0.706,0.614,0.591,0.0,0.008,-0.133,0
9513,71,0,10,0.909,0.461,1.195,0.25,0.82,0.155,1
9514,52,1,4,0.699,0.681,0.766,0.0,0.066,-0.079,0
9515,31,0,11,0.764,0.577,1.029,0.0,0.811,0.054,0
9516,39,1,8,0.953,0.536,0.955,0.25,0.532,-0.096,0
9517,81,0,4,0.996,0.669,0.409,0.0,-0.046,0.038,0
9518,30,1,3,0.548,0.675,0.423,0.5,-0.273,-0.133,0
9519,40,1,6,0.807,0.489,0.596,0.0,0.398,0.044,0
9520,65,0,9,0.843,0.601,0.525,0.0,0.283,0.174,0
9521,74,1,7,0.973,0.638,0.539,0.0,0.387,0.288,0
9522,61,1,8,0.741,0.727,0.695,0.25,0.147,0.064,0
9523,66,0,3,0.694,0.621,0.808,0.25,0.378,-0.232,0
9524,64,1,9,0.97,0.582,0.567,0.25,0.381,0.17,0
9525,48,1,9,1.009,0.559,0.652,0.0,-0.14,0.197,0
9526,72,0,12,1.006,0.432,0.778,0.0,0.093,0.437,0
9527,37,0,12,0.858,0.507,0.97,0.0,0.704,0.269,0
9528,40,0,7,0.964,0.528,0.7,0.0,-0.047,0.187,0
9529,58,0,8,0.908,0.523,0.734,0.0,0.451,0.232,0
9530,67,1,5,0.759,0.479,0.856,1.0,0.439,0.015,0
9531,41,0,7,0.787,0.628,0.561,0.0,-0.472,0.147,0
9532,31,0,4,0.922,0.585,0.613,0.0,0.209,0.013,0
9533,78,0,9,1.098,0.552,0.466,1.0,-0.048,0.445,1
9534,33,1,10,0.938,0.487,1.028,1.0,0.429,0.247,0
9535,46,1,10,1.001,0.527,0.634,1.0,-0.028,0.368,0
9536,35,1,6,0.641,0.564,0.448,0.0,0.155,-0.125,0
9537,37,1,4,0.634,0.611,0.52,0.0,0.236,0.057,0
9538,61,1,10,0.857,0.674,0.729,0.0,0.292,0.174,0
9539,74,0,4,0.916,0.62,0.463,0.5,-0.168,0.01,0
9540,54,1,11,0.851,0.383,0.686,0.0,0.213,-0.13,0
9541,75,1,9,0.929,0.607,0.683,1.0,0.558,0.306,0
9542,46,0,11,1.063,0.601,0.925,0.0,0.316,0.239,0
9543,84,1,4,0.727,0.634,0.544,0.0,0.166,-0.153,0
9544,48,0,9,0.902,0.697,0.698,1.0,0.303,0.024,0
9545,79,0,12,0.816,0.503,0.666,0.0,0.259,-0.03,0
9546,66,1,6,0.689,0.626,0.584,0.75,0.153,0.082,0
9547,44,1,8,0.948,0.465,0.966,0.0,0.731,0.321,0
9548,61,0,3,0.758,0.429,0.272,0.0,-0.496,0.109,0
9549,57,1,3,0.757,0.486,0.636,0.0,0.184,0.163,0
9550,34,1,11,1.038,0.621,0.896,0.0,0.296,0.327,0
9551,62,1,6,0.802,0.685,0.744,0.0,0.01,0.146,0
9552,82,1,12,0.882,0.559,0.853,0.0,0.5,0.044,0
9553,49,1,9,0.803,0.54,0.867,0.75,0.215,0.163,0
9554,71,0,7,0.773,0.605,1.101,1.0,0.754,-0.036,1
9555,47,1,8,0.7,0.563,0.973,0.0,0.217,0.029,0
9556,63,1,10,0.809,0.619,0.772,0.0,0.419,0.013,0
9557,72,0,6,0.788,0.59,0.536,0.75,-0.003,0.304,0
9558,49,0,9,0.961,0.467,0.818,0.5,0.184,0.184,0
9559,56,0,9,0.863,0.62,0.722,0.25,0.337,-0.08,0
9560,83,0,3,0.847,0.533,0.566,0.0,-0.094,0.128,0
9561,75,1,5,0.807,0.641,0.647,0.0,-0.028,0.408,0
9562,74,1,7,0.842,0.622,0.525,0.0,0.006,0.074,1
9563,76,1,10,0.851,0.565,0.78,0.5,0.34,0.083,1
9564,75,1,10,0.731,0.583,0.89,0.0,0.588,0.128,0
9565,78,1,12,1.069,0.568,1.068,0.5,0.644,0.369,0
9566,39,0,10,1.067,0.391,0.832,0.25,0.464,0.295,0
9567,47,1,5,0.934,0.518,0.687,0.75,0.218,0.086,0
9568,46,1,3,0.808,0.715,0.584,0.25,0.11,0.181,0
9569,50,0,9,0.881,0.581,0.852,0.0,0.235,-0.032,0
9570,61,1,3,0.853,0.538,0.536,1.0,-0.077,-0.044,0
9571,58,1,10,0.811,0.487,0.75,0.5,0.552,0.19,0
9572,67,0,4,0.807,0.599,0.366,0.25,-0.178,0.107,0
9573,47,1,9,0.967,0.508,0.729,0.0,0.064,0.319,0
9574,53,1,11,0.781,0.468,0.911,0.0,0.599,-0.003,0
9575,42,1,10,1.04,0.529,0.464,0.0,0.09,0.275,0
9576,69,0,7,0.952,0.565,0.564,0.0,0.025,0.05,0
9577,52,1,12,0.642,0.7,0.786,0.0,0.146,-0.284,0
9578,35,0,9,0.805,0.671,0.704,0.0,0.113,0.139,0
9579,61,1,6,0.943,0.664,0.74,0.0,0.305,0.029,0
9580,43,1,3,0.972,0.61,0.508,0.25,0.062,0.057,0
9581,64,1,5,0.752,0.669,0.688,0.0,0.166,0.201,0
9582,34,1,11,1.09,0.589,0.7,0.0,0.005,0.23,0
9583,80,0,7,0.757,0.592,0.802,0.0,0.572,0.243,0
9584,40,1,12,0.841,0.484,1.12,0.0,0.694,0.333,0
9585,52,1,9,0.785,0.618,0.668,0.0,-0.003,-0.038,0
9586,58,1,12,0.725,0.534,0.618,0.0,0.006,0.019,0
9587,56,1,10,0.996,0.475,0.945,0.0,0.579,0.25,0
9588,53,1,3,0.724,0.664,0.516,0.0,-0.244,0.06,0
9589,63,0,7,0.943,0.667,1.106,0.5,0.722,0.169,0
9590,67,0,3,0.863,0.7,0.591,0.5,0.289,0.353,0
9591,82,1,11,0.993,0.519,0.885,0.0,0.23,0.442,0
9592,82,1,8,0.857,0.539,0.58,0.0,0.153,0.151,0
9593,46,1,3,0.882,0.535,0.484,0.0,-0.422,0.166,0
9594,35,0,8,0.885,0.556,0.662,0.5,0.454,0.086,0
9595,50,0,4,0.727,0.653,0.843,0.0,0.467,-0.245,0
9596,80,1,6,0.767,0.635,0.863,0.0,0.482,-0.028,0
9597,53,0,9,0.838,0.527,0.399,0.5,-0.119,-0.022,0
9598,61,1,4,0.829,0.569,0.23,0.5,-0.33,-0.047,0
9599,83,0,7,0.735,0.493,0.627,1.0,0.175,0.059,1
9600,56,1,4,0.868,0.624,0.791,0.0,0.226,0.174,0
9601,64,1,4,0.829,0.546,0.765,0.0,-0.063,0.212,0
9602,82,0,7,0.912,0.639,0.521,0.0,0.195,0.099,0
9603,71,1,12,0.907,0.5,0.552,0.0,0.161,0.147,0
9604,75,1,6,0.81,0.561,0.621,0.25,0.378,0.225,1
9605,71,0,7,0.798,0.584,0.443,0.75,0.022,0.052,0
9606,46,1,10,0.766,0.561,0.618,0.75,0.083,0.06,0
9607,57,1,3,0.674,0.602,0.638,0.0,0.146,-0.149,0
9608,74,1,5,0.756,0.807,0.578,0.0,0.131,-0.126,0
9609,45,1,6,0.932,0.557,0.504,0.0,0.004,0.08,0
9610,40,0,6,0.882,0.522,0.735,0.0,0.644,0.33,0
9611,57,0,9,1.007,0.606,0.835,0.0,0.441,0.312,0
9612,45,0,6,0.996,0.68,0.727,0.75,0.349,0.409,0
9613,83,1,4,0.698,0.548,0.255,0.5,-0.123,0.081,0
9614,65,0,5,0.854,0.586,0.595,1.0,0.26,0.172,0
9615,80,1,10,0.903,0.493,0.56,0.25,0.092,0.206,1
9616,60,0,3,0.802,0.687,0.534,0.0,-0.073,0.144,0
9617,52,1,7,0.852,0.511,0.269,0.5,-0.125,0.171,0
9618,80,1,12,0.7,0.595,0.906,0.0,0.595,0.014,0
9619,54,0,10,1.09,0.418,0.703,0.0,0.296,0.554,0
9620,53,0,9,0.664,0.624,0.801,0.0,0.267,-0.11,0
9621,61,1,7,0.674,0.456,1.049,1.0,0.81,-0.029,0
9622,78,0,7,0.792,0.539,0.499,0.0,-0.125,-0.086,0
9623,57,1,5,0.715,0.537,0.62,0.25,0.179,0.031,0
9624,59,1,8,1.007,0.522,0.785,0.0,0.255,0.206,0
9625,33,0,8,1.033,0.425,0.61,1.0,-0.085,0.283,0
9626,54,0,6,0.8,0.689,0.71,0.0,0.415,0.099,0
9627,75,1,8,0.961,0.542,0.949,0.5,0.439,0.261,1
9628,71,0,4,0.759,0.576,0.412,0.25,-0.062,0.067,0
9629,36,1,8,0.843,0.574,0.675,0.5,0.085,0.271,0
9630,31,0,8,0.827,0.585,0.642,0.0,0.129,0.089,0
9631,58,0,9,0.828,0.52,0.847,0.0,0.216,-0.013,0
9632,56,1,6,0.866,0.614,0.567,0.0,0.117,0.136,0
9633,35,0,8,0.885,0.592,0.634,1.0,0.399,0.036,0
9634,77,1,9,1.11,0.531,0.815,0.0,0.454,0.448,0
9635,32,1,9,0.841,0.567,0.866,0.5,0.271,0.202,0
9636,77,0,10,1.013,0.584,1.011,0.25,0.529,0.046,0
9637,57,0,5,0.95,0.727,0.559,0.0,-0.047,-0.04,0
9638,72,0,6,0.605,0.569,0.696,0.0,0.077,0.089,0
9639,79,0,12,0.995,0.554,0.752,1.0,0.352,0.237,0
9640,57,0,7,0.879,0.534,0.753,0.0,0.173,0.142,0
9641,79,0,12,0.97,0.389,1.009,0.25,0.501,0.428,0
9642,39,0,5,0.868,0.603,0.585,0.0,0.144,0.034,0
9643,50,1,9,0.889,0.559,0.581,0.0,0.054,0.128,0
9644,51,0,7,0.91,0.683,1.06,0.25,0.657,0.296,0
9645,31,0,3,0.631,0.5,0.693,0.0,0.179,-0.252,0
9646,35,1,11,0.913,0.556,0.946,1.0,0.324,-0.053,0
9647,79,0,10,0.849,0.567,0.688,0.0,0.039,-0.004,0
9648,38,0,7,0.846,0.748,0.916,0.0,0.552,0.133,0
9649,46,1,8,0.866,0.7,0.792,0.5,0.199,0.03,0
9650,66,0,11,0.775,0.628,0.937,0.0,0.422,0.01,0
9651,48,0,5,0.674,0.589,0.443,1.0,0.296,-0.118,0
9652,76,1,5,1.012,0.728,0.63,0.0,0.057,0.365,0
9653,78,1,7,0.977,0.677,0.76,0.0,0.241,0.168,1
9654,57,1,10,0.972,0.538,0.903,0.0,0.426,0.285,0
9655,67,1,7,0.937,0.43,0.833,1.0,0.252,0.257,0
9656,61,0,4,1.0,0.521,0.58,0.0,0.372,0.077,0
9657,66,1,12,0.908,0.555,0.859,1.0,0.219,0.206,1
9658,56,0,3,0.908,0.7,0.448,0.25,-0.244,0.248,0
9659,44,0,4,0.75,0.623,0.55,0.0,0.137,-0.116,0
9660,69,0,3,0.545,0.636,0.536,0.0,0.18,-0.275,0
9661,50,0,9,1.009,0.619,0.729,0.25,0.145,0.154,0
9662,73,0,4,0.706,0.594,0.392,0.0,-0.141,0.013,0
9663,44,1,10,0.934,0.51,0.776,0.75,0.266,0.263,0
9664,74,1,4,0.912,0.616,0.365,0.0,-0.201,0.021,0
9665,66,0,5,0.961,0.68,0.279,0.0,-0.271,0.214,0
9666,30,1,4,0.942,0.673,0.687,0.5,0.156,0.353,0
9667,45,0,3,1.048,0.588,0.527,0.25,0.028,0.287,0
9668,81,1,4,0.801,0.539,0.576,0.5,0.047,0.033,0
9669,52,0,3,0.65,0.673,0.406,0.0,-0.106,-0.084,0
9670,48,1,5,0.81,0.434,0.73,0.5,0.516,0.049,0
9671,76,0,5,0.779,0.603,0.78,0.0,0.283,0.147,0
9672,81,1,11,0.909,0.605,0.949,0.75,0.371,0.061,0
9673,37,1,8,1.157,0.697,0.721,0.0,0.211,0.404,0
9674,76,0,11,0.97,0.601,0.515,0.0,-0.046,0.047,0
9675,30,0,4,0.708,0.657,0.557,0.5,0.064,-0.028,0
9676,62,1,4,0.961,0.685,0.542,0.25,-0.211,0.322,0
9677,41,1,9,0.783,0.593,0.912,0.0,0.251,0.062,0
9678,75,0,4,0.69,0.489,0.646,0.75,0.1,0.061,0
9679,41,1,12,0.779,0.682,0.946,0.0,0.462,-0.17,0
9680,82,1,6,0.929,0.601,0.58,0.75,0.079,0.282,0
9681,66,0,12,1.035,0.403,0.953,0.5,0.336,0.214,0
9682,72,1,9,0.868,0.587,0.694,0.5,0.312,0.168,0
9683,35,0,9,0.903,0.523,1.045,1.0,0.345,0.164,0
9684,39,0,11,0.997,0.506,0.847,0.75,0.294,0.346,0
9685,37,1,8,1.048,0.541,0.763,1.0,0.063,0.096,0
9686,58,1,3,0.598,0.644,0.616,0.0,0.379,-0.244,0
9687,32,1,6,0.953,0.725,0.769,0.0,0.222,0.281,0
9688,33,0,12,0.994,0.483,0.839,0.0,0.356,0.312,0
9689,36,0,5,0.917,0.598,0.47,1.0,-0.047,0.217,0
9690,50,0,9,1.049,0.463,0.591,1.0,0.075,0.308,0
9691,65,0,5,0.773,0.465,0.568,0.75,0.211,-0.012,0
9692,49,0,8,0.881,0.701,0.613,0.0,0.075,0.079,0
9693,35,1,6,0.726,0.596,0.489,0.5,-0.214,0.077,0
9694,73,1,11,0.841,0.587,0.796,0.0,0.352,0.137,0
9695,77,0,4,0.75,0.552,0.689,0.0,0.11,0.021,0
9696,48,0,7,0.789,0.492,0.694,0.0,0.329,0.106,0
9697,43,1,6,0.87,0.542,0.886,0.0,0.477,-0.177,0
9698,67,0,4,0.879,0.586,0.615,0.0,0.028,-0.03,0
9699,84,0,12,0.874,0.522,1.065,0.75,0.458,0.174,1
9700,45,0,11,1.03,0.665,0.85,0.0,0.198,0.146,0
9701,81,0,6,0.85,0.724,0.449,0.0,-0.205,0.209,0
9702,84,0,9,0.964,0.439,0.879,0.5,0.416,0.157,0
9703,36,0,7,0.744,0.624,0.829,1.0,0.436,0.039,0
9704,60,0,10,1.073,0.692,0.624,0.0,0.249,0.245,0
9705,75,1,11,0.816,0.571,0.812,0.0,0.525,0.054,0
9706,71,0,9,1.034,0.528,0.914,0.25,0.446,0.088,0
9707,73,0,7,0.837,0.57,0.711,0.0,0.495,0.184,0
9708,84,1,5,0.988,0.7,0.835,0.0,0.195,0.226,0
9709,61,1,12,1.037,0.481,0.63,0.0,0.321,0.277,0
9710,52,0,7,0.866,0.7,0.728,0.0,0.121,0.166,0
9711,80,0,8,0.852,0.651,0.679,0.0,-0.292,-0.257,0
9712,83,1,12,1.039,0.545,1.063,0.0,0.378,0.148,0
9713,44,1,4,0.625,0.666,0.45,0.25,0.073,-0.314,0
9714,42,1,9,0.888,0.505,0.827,1.0,0.403,0.116,0
9715,67,1,6,0.744,0.605,0.819,0.0,0.205,-0.071,0
9716,61,1,12,1.097,0.502,1.162,0.5,0.61,0.252,0
9717,62,0,9,0.918,0.605,0.529,0.5,-0.042,0.07,0
9718,43,1,4,0.803,0.518,0.359,0.0,-0.001,0.005,0
9719,61,0,9,0.942,0.527,0.737,0.0,0.53,0.243,0
9720,76,0,7,0.713,0.571,0.706,0.75,0.349,-0.213,0
9721,50,1,12,0.7,0.503,0.742,0.25,0.222,-0.076,0
9722,54,1,5,0.877,0.62,0.73,0.0,0.078,0.008,0
9723,36,0,8,0.968,0.645,0.623,0.75,0.005,0.016,0
9724,78,1,3,0.518,0.538,0.699,0.0,0.526,-0.218,0
9725,30,0,10,0.873,0.802,0.718,0.25,0.046,0.11,0
9726,37,1,9,0.842,0.578,0.936,0.75,0.463,0.186,0
9727,58,1,4,0.9,0.496,0.844,1.0,0.084,0.208,0
9728,59,0,7,0.766,0.7,0.691,0.0,0.401,-0.106,0
9729,71,1,9,0.985,0.616,0.71,0.0,0.296,0.116,0
9730,69,0,5,0.871,0.514,0.319,0.0,-0.125,0.313,0
9731,67,1,11,0.847,0.528,0.854,0.25,0.254,-0.079,0
9732,50,0,9,0.861,0.659,0.596,0.0,0.252,0.046,0
9733,31,1,4,0.793,0.621,0.336,0.0,-0.027,0.086,0
9734,68,0,6,0.794,0.7,0.843,0.5,0.532,0.009,0
9735,61,1,6,0.817,0.657,0.835,0.25,0.174,0.055,0
9736,78,1,7,0.796,0.62,0.448,0.25,-0.099,-0.053,0
9737,83,1,11,0.93,0.489,0.984,0.5,0.108,-0.019,0
9738,58,1,7,0.684,0.662,0.413,0.25,0.095,-0.157,0
9739,83,0,10,1.098,0.479,0.88,0.25,0.417,0.371,0
9740,50,0,8,0.992,0.564,0.488,0.0,-0.185,0.202,0
9741,38,0,6,0.775,0.566,0.625,0.25,-0.087,0.277,0
9742,53,1,7,0.779,0.613,0.716,0.0,0.031,0.01,0
9743,72,0,6,0.812,0.809,0.882,0.75,0.423,0.061,1
9744,77,1,6,0.913,0.601,0.814,0.0,0.331,-0.019,0
9745,36,0,5,0.747,0.673,0.455,0.25,-0.22,-0.088,0
9746,51,1,9,0.851,0.614,0.452,0.5,0.084,-0.043,0
9747,41,0,3,0.832,0.524,0.652,0.75,0.244,0.125,0
9748,81,1,11,1.032,0.491,1.099,0.5,0.601,0.133,1
9749,60,1,3,0.769,0.479,0.478,0.25,-0.245,-0.105,0
9750,57,0,4,0.593,0.549,0.578,0.0,0.02,0.063,0
9751,70,1,5,0.944,0.535,0.486,0.0,0.093,0.172,0
9752,35,0,12,1.003,0.541,0.85,0.0,0.543,0.296,0
9753,81,1,9,0.877,0.51,0.784,0.0,0.368,-0.046,0
9754,63,0,7,0.835,0.48,0.842,1.0,0.381,-0.064,0
9755,75,0,8,0.883,0.514,0.888,0.25,0.512,0.054,0
9756,74,0,3,0.908,0.682,0.515,0.0,-0.033,0.111,0
9757,34,0,11,0.823,0.63,1.039,0.0,0.387,0.333,0
9758,30,0,8,0.95,0.429,0.881,0.0,0.32,0.131,0
9759,78,0,4,0.812,0.641,0.531,0.0,-0.018,-0.16,0
9760,48,0,11,0.991,0.569,0.821,0.75,0.369,-0.075,0
9761,80,1,7,1.124,0.551,0.476,0.5,0.283,0.57,0
9762,54,1,9,0.973,0.574,0.704,0.0,0.136,0.377,0
9763,60,0,4,0.67,0.674,0.746,0.75,0.21,0.022,0
9764,33,0,7,0.88,0.554,0.505,0.0,0.456,0.097,0
9765,76,1,8,0.8,0.426,0.958,1.0,0.575,0.086,1
9766,38,0,3,0.717,0.586,0.613,0.0,0.377,0.102,0
9767,77,1,12,0.938,0.63,1.144,0.0,0.724,0.169,0
9768,33,1,7,0.934,0.627,0.657,0.0,0.13,0.04,0
9769,35,1,11,0.85,0.522,1.306,1.0,0.968,0.123,0
9770,84,0,4,0.79,0.598,0.391,0.25,-0.042,-0.112,0
9771,43,0,9,0.84,0.562,0.827,0.25,0.389,0.121,0
9772,59,0,3,0.869,0.687,0.824,0.75,0.16,0.083,0
9773,68,0,5,0.7,0.684,0.45,0.0,-0.084,0.0,0
9774,75,1,5,0.783,0.487,0.714,0.0,0.269,-0.022,0
9775,35,1,9,0.813,0.505,0.752,0.5,0.052,0.136,0
9776,69,1,12,1.006,0.548,0.977,0.25,0.671,0.305,0
9777,31,1,3,0.657,0.486,0.489,0.0,0.009,0.051,0
9778,67,0,5,0.936,0.698,0.78,0.0,0.334,0.278,0
9779,64,0,3,0.874,0.664,0.691,1.0,0.157,0.211,0
9780,53,0,5,0.863,0.544,0.528,0.25,0.2,0.051,0
9781,47,1,6,0.924,0.573,0.787,0.0,0.035,0.166,0
9782,61,1,7,0.899,0.37,0.919,0.0,0.57,-0.044,0
9783,68,1,5,0.655,0.699,0.572,0.0,0.039,-0.008,0
9784,80,0,9,0.794,0.697,0.806,0.25,0.699,-0.015,0
9785,66,1,7,0.913,0.624,0.748,0.5,0.281,0.208,0
9786,40,1,3,0.758,0.586,0.534,1.0,0.326,0.03,0
9787,43,0,6,0.689,0.609,0.45,0.0,0.043,0.007,0
9788,57,0,11,1.124,0.503,1.049,0.0,0.586,0.378,0
9789,42,0,10,0.907,0.579,0.718,0.25,0.57,0.032,0
9790,53,1,4,0.796,0.654,0.66,0.0,-0.08,-0.042,0
9791,63,0,3,0.612,0.671,0.497,0.25,-0.06,-0.403,0
9792,57,1,12,0.7,0.593,1.267,0.0,0.905,-0.076,0
9793,39,0,7,0.715,0.558,0.339,0.75,0.051,0.108,0
9794,38,0,6,0.706,0.543,0.629,0.0,-0.011,0.169,0
9795,64,0,11,0.848,0.497,0.504,0.5,0.067,-0.037,0
9796,83,0,9,0.907,0.7,0.587,0.0,-0.082,0.084,0
9797,42,0,9,1.03,0.641,0.937,1.0,0.432,0.105,0
9798,43,0,12,1.163,0.337,1.065,0.5,0.61,0.38,0
9799,66,0,8,1.027,0.51,0.82,0.5,0.356,0.44,0
9800,58,0,9,0.782,0.519,0.947,1.0,0.421,-0.015,0
9801,62,0,9,1.044,0.612,0.724,0.5,-0.157,0.399,0
9802,84,1,3,0.694,0.427,0.466,0.5,0.103,0.238,0
9803,53,1,12,1.172,0.49,1.12,0.0,0.493,0.14,0
9804,38,0,4,0.911,0.576,0.723,0.75,0.266,-0.019,0
9805,50,1,12,1.007,0.579,0.624,0.0,0.263,0.384,0
9806,76,1,7,0.939,0.592,0.863,0.25,0.21,0.13,0
9807,67,1,5,0.746,0.614,0.588,0.25,0.092,0.148,0
9808,78,1,5,0.88,0.495,0.623,0.25,0.414,0.08,0
9809,45,1,4,0.682,0.529,0.7,0.0,0.384,-0.003,0
9810,67,1,12,1.089,0.424,0.84,0.5,0.339,0.254,1
9811,50,0,8,1.24,0.624,0.764,0.5,0.319,0.625,0
9812,55,1,11,0.99,0.448,0.701,0.0,0.221,0.29,0
9813,53,0,9,0.934,0.667,0.492,0.0,-0.29,0.087,0
9814,56,1,5,0.859,0.652,0.826,0.0,0.126,0.078,0
9815,30,1,12,0.979,0.529,0.882,0.0,0.442,0.094,0
9816,61,1,7,0.983,0.635,0.48,0.0,0.017,0.26,0
9817,83,0,4,0.7,0.662,0.466,0.75,0.101,-0.295,0
9818,76,0,9,1.026,0.608,0.995,0.0,0.316,0.164,0
9819,81,1,10,0.993,0.537,1.019,0.25,0.327,0.251,0
9820,47,1,10,0.773,0.563,0.584,0.5,-0.068,-0.09,0
9821,76,1,12,1.156,0.499,0.929,0.5,0.229,0.272,0
9822,30,1,11,0.847,0.514,1.048,0.0,0.675,0.054,0
9823,35,1,8,0.801,0.614,0.541,1.0,-0.071,0.017,0
9824,45,0,3,0.771,0.56,0.745,1.0,0.045,-0.002,0
9825,43,1,6,0.813,0.538,0.665,0.0,0.074,0.038,0
9826,54,0,6,0.537,0.626,0.941,0.25,0.426,-0.316,0
9827,35,0,9,0.978,0.497,0.689,0.5,0.133,0.183,0
9828,45,1,10,0.954,0.562,0.921,0.0,0.552,0.389,0
9829,66,0,11,1.077,0.607,0.916,1.0,0.489,0.297,0
9830,45,1,6,0.983,0.703,0.697,0.25,0.317,0.396,0
9831,49,0,4,0.791,0.7,0.695,0.75,0.333,0.081,0
9832,45,1,11,0.906,0.486,0.362,0.5,-0.108,0.093,0
9833,57,1,9,1.016,0.655,0.493,0.75,0.005,0.352,0
9834,73,0,12,0.785,0.52,1.006,0.0,0.776,-0.048,0
9835,30,1,5,0.88,0.677,0.574,0.0,0.414,0.251,0
9836,41,0,4,0.933,0.568,0.515,0.25,-0.046,0.222,0
9837,50,0,5,0.865,0.568,0.511,1.0,0.061,0.265,0
9838,46,0,4,0.915,0.686,0.7,0.5,0.461,0.16,0
9839,40,0,11,0.915,0.617,1.075,0.0,0.465,0.167,0
9840,39,1,12,1.038,0.543,1.047,0.0,0.426,0.319,0
9841,44,1,6,0.802,0.544,0.758,0.5,0.239,0.022,0
9842,78,0,5,0.917,0.546,0.599,0.25,0.006,0.191,0
9843,74,0,5,0.925,0.578,0.395,0.0,0.162,0.037,0
9844,63,1,10,0.823,0.506,0.793,1.0,0.486,-0.033,0
9845,68,1,4,0.75,0.614,0.39,0.0,-0.275,0.05,0
9846,69,1,3,0.533,0.508,0.746,0.0,0.338,-0.158,0
9847,80,0,12,0.883,0.573,1.132,0.0,0.601,0.041,0
9848,59,0,8,0.97,0.549,0.85,0.0,0.533,0.366,0
9849,31,1,11,1.013,0.491,1.079,1.0,0.657,0.308,0
9850,52,0,6,0.941,0.477,0.516,0.75,0.133,0.228,0
9851,52,1,10,0.818,0.598,0.715,0.5,0.173,0.023,0
9852,57,0,12,1.132,0.468,0.946,0.0,0.494,0.381,0
9853,52,0,5,0.777,0.491,0.556,0.0,0.055,0.161,0
9854,64,0,7,0.815,0.528,0.603,0.25,0.271,0.052,0
9855,84,1,4,0.752,0.589,0.569,0.5,0.027,0.008,0
9856,75,1,5,0.778,0.518,0.557,0.75,-0.089,0.073,1
9857,65,1,5,0.569,0.651,0.71,0.0,0.355,-0.318,0
9858,40,1,8,0.838,0.515,0.687,0.75,0.384,0.087,0
9859,84,1,6,0.991,0.677,0.813,1.0,0.113,0.255,0
9860,48,1,4,0.882,0.742,0.769,0.0,0.069,0.235,0
9861,73,0,5,0.751,0.645,0.903,0.25,0.335,0.1,0
9862,67,0,12,1.001,0.509,1.011,0.5,0.647,0.297,1
9863,52,0,4,0.737,0.61,0.664,0.25,0.424,-0.115,0
9864,44,1,5,0.641,0.636,0.754,0.25,0.441,-0.184,0
9865,57,1,12,1.036,0.587,1.195,0.5,0.821,0.401,0
9866,46,0,5,0.934,0.441,0.7,1.0,0.072,0.264,0
9867,46,0,7,0.72,0.652,0.704,0.0,0.466,-0.205,0
9868,43,1,3,0.638,0.72,0.714,0.0,0.032,-0.214,0
9869,34,1,9,0.719,0.509,0.903,0.0,0.586,-0.096,0
9870,35,1,9,0.918,0.603,0.851,1.0,0.151,0.167,0
9871,76,1,10,1.051,0.715,0.642,0.0,0.169,0.426,0
9872,73,1,5,0.855,0.586,0.574,0.0,0.485,0.132,0
9873,76,0,12,0.888,0.566,1.083,0.0,0.525,0.112,0
9874,54,0,4,0.935,0.663,0.676,0.5,0.035,0.197,0
9875,76,0,4,0.735,0.681,0.41,0.0,-0.31,0.074,0
9876,59,1,11,1.103,0.528,0.915,0.0,0.652,0.405,0
9877,76,1,5,0.791,0.566,0.72,0.0,0.268,0.099,0
9878,37,0,7,0.855,0.461,0.501,0.0,-0.064,0.25,0
9879,60,1,9,0.897,0.605,0.816,0.5,0.377,0.218,0
9880,35,0,8,1.012,0.667,0.565,0.25,-0.093,0.169,0
9881,52,1,9,0.784,0.496,0.68,0.0,0.017,0.21,0
9882,47,1,10,1.187,0.395,0.941,0.0,0.195,0.386,0
9883,60,0,11,0.897,0.462,0.564,0.25,0.168,0.174,0
9884,66,0,9,0.922,0.567,0.853,0.0,0.694,0.096,0
9885,34,0,11,0.889,0.547,0.954,0.0,0.672,0.311,0
9886,49,0,11,1.013,0.531,0.785,0.0,0.357,0.216,0
9887,46,0,5,0.837,0.66,0.528,0.0,-0.006,0.046,0
9888,59,1,9,0.811,0.478,0.893,0.25,0.395,0.103,1
9889,34,0,11,1.016,0.466,0.7,0.0,0.385,0.385,0
9890,44,1,11,1.024,0.503,1.001,0.0,0.536,0.398,0
9891,31,0,10,0.856,0.528,1.036,0.0,0.336,0.038,0
9892,34,0,8,0.908,0.514,0.886,0.0,0.223,0.023,0
9893,43,1,9,0.77,0.618,1.014,0.0,0.621,-0.127,0
9894,68,0,4,0.795,0.614,0.528,0.5,-0.1,-0.131,0
9895,30,0,11,0.757,0.7,0.884,0.5,0.565,-0.117,0
9896,51,0,3,1.039,0.741,0.591,0.0,0.344,0.325,0
9897,79,0,3,0.781,0.653,0.7,0.0,0.455,-0.07,0
9898,30,1,8,0.984,0.65,0.92,0.0,0.526,0.178,0
9899,72,0,3,0.713,0.651,0.492,0.5,-0.326,-0.147,0
9900,82,1,7,0.601,0.731,0.865,0.0,0.321,-0.167,0
9901,35,0,9,0.764,0.591,0.7,0.0,0.383,0.134,0
9902,67,0,9,0.946,0.46,0.695,0.5,0.104,0.181,0
9903,63,1,4,0.7,0.668,0.489,0.5,0.16,-0.032,0
9904,68,1,6,0.967,0.496,0.772,0.0,0.26,0.251,0
9905,48,1,10,1.037,0.46,0.7,0.5,0.238,0.331,0
9906,54,1,4,0.62,0.544,0.339,0.25,-0.228,-0.152,0
9907,66,0,5,0.876,0.511,0.839,0.0,0.361,0.113,0
9908,70,1,8,1.051,0.602,1.06,0.0,0.786,0.287,0
9909,33,0,11,1.021,0.529,1.049,0.0,0.661,0.406,0
9910,38,1,6,0.809,0.654,0.484,0.0,-0.2,-0.126,0
9911,83,0,8,0.84,0.613,0.94,0.5,0.492,-0.094,0
9912,78,1,11,0.853,0.475,0.722,0.0,0.317,0.037,0
9913,79,0,5,0.782,0.7,0.577,0.25,0.094,-0.049,0
9914,34,0,11,0.879,0.657,0.868,0.5,0.582,-0.02,0
9915,84,0,8,0.849,0.647,0.78,0.0,0.032,0.032,0
9916,52,1,7,0.866,0.65,0.741,0.0,0.434,0.269,0
9917,69,0,6,0.902,0.574,0.526,0.0,-0.174,0.179,1
9918,41,0,4,0.756,0.611,0.858,0.5,0.311,0.149,0
9919,81,0,12,1.079,0.564,1.101,0.0,0.623,0.32,0
9920,70,0,12,1.055,0.527,0.707,0.0,0.344,0.44,0
9921,55,1,7,1.057,0.601,0.78,0.75,0.32,0.286,0
9922,79,0,12,1.084,0.49,0.778,0.5,0.367,0.281,0
9923,30,0,4,0.778,0.575,0.569,0.75,-0.13,-0.088,0
9924,70,1,11,1.128,0.543,0.916,0.0,0.465,0.473,1
9925,74,1,12,0.988,0.53,0.592,0.5,0.18,0.29,0
9926,83,0,6,0.918,0.576,0.492,0.0,0.003,0.211,0
9927,47,1,12,0.895,0.505,0.742,0.0,0.228,0.196,0
9928,59,1,3,0.798,0.641,0.751,0.0,-0.141,0.129,0
9929,47,0,6,1.029,0.699,0.7,0.0,0.267,0.27,0
9930,30,0,7,0.813,0.493,0.64,0.75,0.312,0.106,0
9931,62,1,10,0.854,0.643,0.45,0.0,0.005,0.266,0
9932,52,0,9,0.957,0.551,0.745,0.5,0.347,0.249,0
9933,35,1,7,0.859,0.52,0.583,0.0,0.303,0.159,0
9934,51,1,7,0.945,0.725,0.52,0.0,0.017,0.102,0
9935,35,0,12,0.7,0.486,0.888,0.25,0.331,-0.066,0
9936,34,0,8,0.867,0.566,0.687,0.0,0.183,0.117,0
9937,50,0,3,1.086,0.684,0.687,0.0,0.335,0.324,0
9938,48,0,6,0.636,0.512,0.489,0.0,0.065,-0.209,0
9939,67,1,10,1.066,0.56,0.889,0.0,0.335,0.255,0
9940,56,0,9,0.837,0.459,0.706,0.0,0.392,-0.03,0
9941,37,0,6,1.129,0.618,0.7,0.75,0.226,0.335,0
9942,66,1,9,1.05,0.528,0.824,0.0,0.219,0.277,0
9943,74,0,6,0.848,0.469,0.715,0.0,0.343,0.081,0
9944,37,1,9,0.959,0.433,0.464,0.5,-0.206,0.259,0
9945,43,1,8,1.04,0.655,0.871,0.0,0.278,0.274,0
9946,46,1,10,0.836,0.546,0.806,0.0,0.434,0.159,0
9947,34,1,8,0.994,0.711,0.692,0.0,-0.148,0.275,0
9948,49,0,11,0.665,0.562,0.64,0.5,0.16,-0.13,0
9949,64,1,12,0.928,0.657,1.203,0.25,0.764,0.143,0
9950,61,1,7,1.056,0.649,0.905,0.0,0.103,0.211,0
9951,70,1,11,0.944,0.549,0.841,0.75,0.503,0.238,0
9952,38,0,6,0.909,0.532,0.681,0.0,0.096,0.338,0
9953,61,0,5,0.978,0.583,0.677,0.5,0.372,0.156,0
9954,35,1,3,0.838,0.542,0.456,0.0,-0.277,-0.08,0
9955,78,1,3,0.636,0.53,0.461,0.25,-0.076,-0.137,0
9956,82,0,9,0.83,0.654,0.875,0.0,0.201,-0.005,0
9957,67,1,4,0.72,0.539,0.772,0.75,0.316,-0.248,0
9958,54,0,10,1.032,0.514,0.7,0.75,0.096,0.316,1
9959,63,1,7,0.845,0.609,0.641,0.5,0.192,0.336,1
9960,56,0,4,0.93,0.579,0.7,0.0,0.457,0.25,0
9961,44,1,11,1.002,0.645,1.165,0.0,0.502,0.273,0
9962,81,1,5,1.009,0.637,0.643,0.5,0.296,0.331,0
9963,59,0,7,0.958,0.626,0.913,0.25,0.707,0.348,0
9964,30,0,3,0.7,0.747,0.606,0.5,0.026,-0.273,0
9965,32,0,5,0.7,0.619,0.7,0.0,0.343,-0.135,0
9966,31,0,11,0.7,0.486,0.804,0.25,0.42,0.174,0
9967,45,1,8,1.01,0.538,0.788,0.5,0.243,0.407,0
9968,39,0,5,0.805,0.612,0.377,0.5,-0.033,0.123,0
9969,73,1,3,0.755,0.566,0.176,0.5,-0.532,0.014,0
9970,78,1,8,1.149,0.518,0.815,0.0,0.437,0.377,0
9971,49,1,12,0.915,0.431,1.187,0.0,0.895,0.265,0
9972,33,0,5,0.871,0.594,0.597,0.5,0.411,0.003,0
9973,50,0,5,1.062,0.622,0.858,1.0,0.407,0.296,0
9974,52,0,5,0.721,0.69,0.47,1.0,-0.049,0.031,0
9975,82,0,6,0.975,0.713,0.944,0.0,0.44,0.198,0
9976,37,0,5,0.892,0.598,0.712,0.5,0.487,0.233,0
9977,68,0,11,0.859,0.503,0.722,0.0,0.299,0.098,0
9978,83,0,4,0.849,0.598,0.321,0.0,-0.249,-0.031,0
9979,81,1,12,0.935,0.575,0.757,0.0,0.292,0.295,0
9980,71,0,8,0.91,0.453,0.759,1.0,0.138,0.068,0
9981,42,0,11,1.192,0.549,0.818,0.0,0.306,0.475,0
9982,77,1,9,0.871,0.483,0.722,1.0,0.406,0.139,0
9983,37,0,7,0.725,0.543,0.436,0.25,-0.319,-0.011,0
9984,40,0,10,0.907,0.567,0.562,0.25,-0.006,0.042,0
9985,45,0,11,0.902,0.687,0.579,1.0,-0.014,0.282,0
9986,44,1,6,0.921,0.646,0.685,0.0,0.159,0.103,0
9987,49,1,7,0.779,0.566,0.68,0.0,-0.12,0.192,0
9988,36,0,8,0.913,0.7,0.904,1.0,0.452,0.082,0
9989,77,1,7,0.904,0.56,0.681,0.0,0.465,0.246,0
9990,39,1,8,0.988,0.611,0.862,0.5,0.021,0.22,0
9991,48,1,3,0.734,0.625,0.385,0.0,-0.058,0.03,0
9992,75,0,4,0.879,0.522,0.686,0.0,0.202,-0.012,0
9993,37,1,5,0.7,0.485,0.479,0.0,-0.009,-0.253,0
9994,43,1,7,0.988,0.536,0.521,0.0,0.225,0.247,0
9995,54,1,6,0.769,0.374,0.647,0.75,0.136,-0.017,0
9996,53,1,3,0.618,0.443,0.409,0.0,0.063,-0.137,0
9997,43,0,11,0.96,0.423,0.684,0.5,0.237,0.343,0
9998,57,1,5,0.784,0.538,0.883,0.0,0.219,0.17,0
9999,43,0,10,0.878,0.502,0.835,0.5,0.259,0.249,0
