patient_id,age,sex,n_visits,hr_last,sbp_last,wbc_last,diag_last,wbc_trend,hr_trend,label
0,45,1,4,0.889,0.719,0.467,0.75,-0.078,0.361,0
1,52,1,7,0.793,0.583,0.427,0.0,-0.011,0.031,0
2,45,1,10,0.835,0.6,0.693,0.75,0.052,0.094,0
3,38,0,11,0.869,0.529,0.915,0.5,0.763,0.088,0
4,55,1,12,0.938,0.498,0.808,0.75,0.486,0.1,0
5,39,0,3,0.7,0.673,0.617,0.0,0.369,0.09,0
6,63,1,4,0.734,0.588,0.456,0.0,-0.244,-0.072,0
7,31,1,10,1.039,0.596,0.575,0.0,0.002,0.353,0
8,84,1,3,0.689,0.7,0.552,0.0,-0.077,-0.321,0
9,56,0,3,0.788,0.547,0.576,0.5,-0.036,0.077,0
10,44,1,9,0.879,0.735,1.067,0.0,0.534,0.174,0
11,57,1,7,0.985,0.639,0.492,0.0,0.047,0.373,0
12,68,1,6,0.947,0.566,0.607,0.5,-0.043,0.139,0
13,52,1,3,0.9,0.698,0.778,1.0,0.246,0.072,0
14,84,0,6,0.716,0.706,0.338,1.0,-0.087,-0.065,1
15,67,0,8,0.886,0.563,0.701,0.25,0.227,0.316,0
16,37,1,6,0.791,0.61,0.645,0.0,0.217,0.258,0
17,67,0,5,0.979,0.677,0.54,0.25,0.085,0.325,0
18,42,0,5,0.92,0.673,0.602,0.0,0.157,0.125,0
19,71,0,10,1.056,0.7,0.909,0.0,0.685,0.206,0
20,47,1,10,0.992,0.596,1.017,0.25,0.873,0.3,0
21,31,1,3,0.739,0.622,0.509,0.75,-0.114,-0.023,0
22,81,1,8,1.192,0.663,0.682,0.0,0.306,0.552,0
23,43,1,6,0.85,0.544,0.685,0.0,0.385,0.108,0
24,72,0,8,1.03,0.649,0.895,1.0,0.648,0.196,0
25,76,1,3,0.687,0.596,0.441,1.0,-0.1,0.078,1
26,84,1,4,1.061,0.647,0.564,0.0,0.076,0.426,0
27,61,0,5,0.879,0.676,0.993,0.0,0.49,0.107,0
28,36,0,3,0.78,0.663,0.617,0.25,-0.274,0.145,0
29,74,1,10,0.87,0.608,1.124,0.25,0.631,0.219,1
30,78,1,7,1.065,0.606,0.792,0.0,0.092,0.583,0
31,59,0,7,0.997,0.465,0.978,0.0,0.388,0.233,0
32,49,0,7,0.738,0.561,0.904,0.5,0.359,-0.052,0
33,66,0,10,1.012,0.543,0.525,1.0,-0.138,0.174,0
34,42,0,8,0.953,0.648,0.593,1.0,0.567,0.006,0
35,63,0,10,0.864,0.634,1.091,0.0,0.645,0.203,1
36,76,0,6,0.876,0.626,0.564,0.0,-0.01,0.138,0
37,59,0,8,0.921,0.54,0.737,0.0,0.465,-0.087,0
38,78,0,6,0.882,0.598,0.763,0.0,0.168,0.18,0
39,30,1,6,0.886,0.681,0.518,0.75,0.031,0.217,0
40,41,0,10,0.89,0.444,0.821,0.0,0.418,0.368,0
41,50,0,7,0.962,0.555,0.842,0.0,0.362,0.009,0
42,57,1,6,0.838,0.753,0.682,0.5,-0.018,0.255,0
43,59,0,12,0.963,0.569,0.69,1.0,0.419,0.188,0
44,73,1,8,0.943,0.578,0.68,0.5,0.295,0.013,0
45,54,0,7,0.929,0.667,0.922,0.25,0.679,0.229,0
46,77,1,3,0.656,0.613,0.864,0.5,0.512,0.149,0
47,70,1,5,0.794,0.599,0.637,0.5,0.153,-0.277,0
48,76,1,6,0.885,0.562,0.667,0.25,0.236,0.065,0
49,39,0,4,0.741,0.627,0.613,0.0,0.399,0.204,0
50,71,1,9,0.864,0.742,0.672,0.0,0.337,0.059,0
51,80,0,12,1.045,0.428,1.043,0.0,0.583,0.394,0
52,42,0,10,0.87,0.556,0.769,0.75,0.246,0.132,0
53,36,1,8,0.843,0.539,0.823,0.0,0.015,0.109,0
54,62,1,12,1.137,0.583,0.918,1.0,0.149,0.382,0
55,50,1,10,1.048,0.503,0.931,1.0,0.516,0.202,0
56,37,0,10,0.769,0.475,0.879,1.0,0.453,-0.035,0
57,67,1,4,0.853,0.551,0.268,1.0,-0.322,0.092,0
58,77,1,4,0.851,0.453,0.557,0.0,0.313,0.143,0
59,56,0,9,0.906,0.538,0.704,0.0,0.233,0.018,0
60,47,1,9,0.719,0.531,0.802,0.75,0.254,-0.154,0
61,79,1,3,0.967,0.7,0.754,0.5,0.136,0.087,1
62,46,0,8,0.928,0.574,0.781,0.0,0.246,0.02,0
63,44,1,3,0.749,0.619,0.309,0.25,0.028,-0.059,0
64,66,1,5,0.841,0.678,0.7,1.0,0.219,-0.028,1
65,35,0,10,1.072,0.494,0.929,0.0,0.428,0.471,0
66,49,1,8,0.704,0.569,0.784,0.25,0.331,0.064,0
67,45,0,4,0.656,0.7,0.572,0.0,0.202,-0.01,0
68,69,0,4,0.915,0.601,0.791,0.0,0.443,0.123,0
69,63,1,5,1.142,0.597,0.569,0.0,0.29,0.4,0
70,61,0,4,0.78,0.612,0.591,0.0,-0.037,0.063,0
71,76,0,10,1.023,0.6,0.938,0.75,0.329,0.254,0
72,35,1,12,0.859,0.49,0.992,0.75,0.667,0.079,0
73,79,1,4,0.83,0.554,0.833,0.0,0.343,-0.011,0
74,54,1,8,1.028,0.345,0.654,0.0,0.072,0.487,0
75,82,0,12,0.964,0.536,0.698,0.0,-0.013,0.082,0
76,79,1,4,0.56,0.566,0.536,0.0,0.089,-0.205,0
77,62,1,8,0.899,0.632,0.63,0.75,0.249,0.14,1
78,71,1,3,0.775,0.536,0.534,0.5,-0.166,0.061,0
79,47,1,9,1.076,0.414,1.154,0.25,0.539,0.18,0
80,36,1,10,0.91,0.608,0.806,0.0,0.488,0.274,0
81,52,1,10,1.117,0.583,1.071,0.0,0.699,0.425,0
82,43,0,10,1.207,0.584,0.808,0.75,0.232,0.38,0
83,84,1,3,0.897,0.707,0.506,0.25,0.138,0.115,0
84,77,1,4,0.924,0.712,0.752,0.0,0.457,0.278,1
85,83,0,10,0.851,0.493,0.922,0.5,0.554,0.122,0
86,72,1,10,1.073,0.59,0.702,0.25,0.253,0.479,0
87,73,1,5,0.942,0.59,0.711,0.25,0.468,0.124,0
88,47,0,8,0.986,0.512,0.802,0.0,0.29,0.153,0
89,60,0,11,1.111,0.602,0.685,0.25,0.259,0.513,0
90,65,1,5,0.816,0.7,0.348,0.5,0.014,0.319,0
91,33,0,9,0.98,0.594,0.934,0.0,0.546,0.253,0
92,44,1,12,1.152,0.528,0.705,0.75,0.114,0.576,0
93,71,0,5,0.631,0.566,0.779,0.0,0.04,-0.248,0
94,33,0,10,0.933,0.612,1.145,1.0,0.833,0.151,0
95,43,0,9,0.861,0.623,1.021,0.5,1.051,0.144,0
96,72,1,9,0.841,0.643,0.602,0.5,-0.16,0.109,0
97,81,0,4,0.574,0.509,0.593,0.0,0.185,-0.234,0
98,34,0,7,0.907,0.602,0.6,0.0,0.21,0.02,0
99,79,0,8,0.861,0.51,0.986,0.75,0.331,0.15,1
100,64,1,12,1.204,0.514,0.94,0.5,0.56,0.536,0
101,59,0,9,0.862,0.571,0.598,0.0,-0.04,0.068,0
102,30,0,12,1.054,0.472,0.853,0.75,0.249,0.217,0
103,46,1,3,0.798,0.647,0.312,1.0,-0.193,0.034,0
104,74,0,10,0.768,0.515,0.7,0.25,0.398,0.019,0
105,42,1,9,1.075,0.506,0.82,0.0,0.315,0.417,0
106,63,0,12,0.94,0.7,1.31,0.75,0.873,0.075,0
107,39,1,10,0.783,0.549,0.889,0.75,0.522,0.022,0
108,46,1,6,0.839,0.646,0.622,0.0,-0.105,0.04,0
109,37,1,12,1.049,0.532,0.7,0.0,0.281,0.237,0
110,78,1,4,1.041,0.507,0.362,0.0,-0.309,0.217,0
111,38,1,11,1.033,0.689,0.49,0.5,0.085,0.235,0
112,65,0,3,0.764,0.5,0.427,1.0,0.254,-0.163,0
113,48,1,8,0.811,0.712,0.736,0.0,0.187,0.015,0
114,55,1,4,0.861,0.569,0.303,0.0,-0.366,0.261,0
115,37,1,5,0.829,0.651,0.827,0.25,0.187,0.335,0
116,62,0,4,0.798,0.646,0.546,0.0,0.18,0.09,0
117,42,0,10,1.026,0.515,0.775,0.0,0.402,0.435,0
118,80,0,3,0.958,0.434,0.533,0.25,0.124,0.058,0
119,71,1,3,0.765,0.498,0.589,0.0,0.05,0.011,0
120,72,0,9,0.945,0.617,0.601,0.0,0.105,0.245,0
121,53,0,5,0.691,0.459,0.647,0.25,0.137,-0.168,0
122,36,0,12,1.163,0.396,0.867,0.25,0.648,0.169,0
123,75,1,6,0.872,0.521,0.91,0.0,0.498,0.18,0
124,75,0,8,1.181,0.574,0.864,0.0,0.638,0.481,0
125,81,1,7,0.97,0.553,0.735,0.75,0.29,0.345,0
126,32,0,7,0.852,0.525,0.672,0.75,0.375,0.084,0
127,59,1,12,0.94,0.57,0.745,0.25,0.49,0.237,0
128,67,0,10,0.831,0.588,0.533,0.0,0.245,-0.091,0
129,32,0,11,0.978,0.622,0.896,0.5,0.217,0.295,0
130,39,1,4,0.864,0.515,0.514,0.0,-0.178,0.161,0
131,61,0,7,0.711,0.427,0.674,0.0,0.216,-0.07,0
132,53,1,10,0.901,0.555,0.731,0.25,-0.026,0.186,0
133,48,1,8,0.884,0.524,0.903,1.0,0.598,0.199,0
134,50,0,12,0.945,0.5,0.849,0.0,0.424,0.07,0
135,36,1,3,0.736,0.54,0.608,0.25,0.058,-0.096,0
136,32,0,3,0.881,0.68,0.357,0.75,-0.186,0.167,0
137,70,0,7,0.943,0.513,0.924,0.0,0.672,0.216,0
138,63,0,5,0.885,0.657,0.64,0.5,0.399,0.021,0
139,77,0,9,0.775,0.596,0.559,0.25,0.189,0.174,0
140,43,0,10,0.7,0.586,0.748,0.0,0.371,-0.187,0
141,44,0,8,0.893,0.466,0.591,0.0,0.362,0.049,0
142,73,1,7,0.943,0.5,0.985,0.25,0.37,0.125,0
143,45,1,10,0.766,0.66,0.358,0.5,0.06,0.008,0
144,79,1,8,0.958,0.531,0.218,0.0,-0.253,0.24,0
145,56,0,12,1.039,0.683,1.229,0.0,0.903,0.102,0
146,37,0,10,0.993,0.477,0.623,0.0,-0.082,0.229,0
147,63,1,3,0.858,0.635,0.7,0.0,0.174,0.159,0
148,49,1,6,0.812,0.6,0.813,0.5,0.335,0.101,0
149,64,1,5,0.899,0.636,0.404,0.75,0.041,0.121,0
150,50,0,8,0.775,0.459,0.809,0.0,0.321,-0.094,0
151,60,1,10,0.833,0.554,0.925,0.0,0.583,0.179,0
152,43,0,10,1.141,0.568,0.714,0.0,0.089,0.273,0
153,63,0,8,0.934,0.486,0.769,1.0,0.168,0.131,0
154,52,0,6,0.945,0.484,0.794,0.25,0.292,0.276,0
155,81,0,9,0.853,0.782,0.768,0.5,0.068,-0.067,0
156,32,1,5,1.073,0.579,0.385,0.0,-0.061,0.434,0
157,56,0,11,0.945,0.494,0.812,0.75,0.153,0.204,0
158,68,0,11,1.031,0.589,1.094,0.25,0.61,0.58,0
159,83,0,11,0.944,0.433,1.064,0.25,0.779,0.139,1
160,43,1,3,0.77,0.67,0.464,0.5,0.067,-0.036,0
161,38,0,12,0.904,0.458,0.811,0.0,0.326,0.244,0
162,71,0,7,0.793,0.597,0.826,0.0,0.338,0.02,0
163,76,0,11,0.77,0.589,1.251,0.25,0.814,0.029,0
164,61,0,12,1.042,0.49,1.034,0.25,0.379,0.257,0
165,77,1,6,0.841,0.516,0.798,0.5,0.204,0.073,0
166,69,0,7,1.134,0.486,0.495,0.0,-0.02,0.28,0
167,32,1,7,1.115,0.679,0.812,0.0,0.631,0.385,0
168,84,0,12,1.156,0.605,0.951,0.75,0.432,0.477,1
169,35,1,7,0.848,0.574,0.771,0.25,0.066,0.088,0
170,75,0,9,0.955,0.441,0.939,0.75,0.405,0.247,1
171,33,1,10,0.723,0.545,0.997,0.25,0.305,0.159,0
172,49,0,3,0.854,0.725,0.776,0.0,0.176,-0.113,0
173,40,1,8,1.125,0.651,0.729,0.0,-0.029,0.433,0
174,48,0,7,0.761,0.551,0.282,0.0,-0.364,-0.027,0
175,60,1,10,0.829,0.57,0.721,0.25,0.021,0.336,0
176,60,1,10,1.155,0.483,0.834,0.25,0.459,0.416,0
177,60,1,9,0.734,0.562,0.768,0.25,0.232,0.031,0
178,65,0,5,0.737,0.744,0.538,1.0,0.184,0.13,0
179,75,1,12,1.039,0.504,0.965,0.0,0.557,0.229,0
180,54,0,3,0.896,0.722,0.586,0.75,0.21,-0.011,0
181,41,0,3,0.781,0.568,0.674,0.0,0.062,-0.036,0
182,51,1,8,0.905,0.584,0.757,0.75,0.104,-0.019,0
183,45,0,9,1.123,0.575,0.71,0.0,-0.199,0.653,0
184,60,1,8,0.744,0.477,0.507,0.25,0.264,-0.129,0
185,84,1,7,0.953,0.631,0.648,0.0,0.114,0.463,0
186,40,1,8,1.081,0.672,0.803,1.0,0.429,0.417,0
187,62,1,7,1.043,0.7,0.627,0.5,0.241,0.352,0
188,69,0,8,1.121,0.412,0.851,0.0,0.153,0.296,0
189,75,0,5,0.605,0.672,0.382,0.0,-0.066,-0.023,0
190,30,1,12,1.021,0.634,0.948,0.0,0.248,0.499,0
191,61,0,12,1.015,0.572,0.742,0.5,0.239,0.322,0
192,84,1,3,0.916,0.608,0.354,0.25,0.079,0.266,0
193,35,1,10,0.827,0.544,0.893,0.0,0.38,0.08,0
194,84,0,4,0.751,0.586,0.393,0.0,0.029,-0.093,0
195,38,1,8,1.052,0.651,0.704,0.25,0.176,0.481,0
196,49,1,3,0.765,0.495,0.478,0.0,0.37,-0.037,0
197,84,0,8,0.995,0.516,0.787,0.0,0.466,0.215,0
198,80,1,4,0.711,0.595,0.636,0.25,0.123,0.011,1
199,67,0,12,0.999,0.613,0.934,1.0,0.194,0.242,0
200,71,0,6,0.812,0.53,0.583,0.0,-0.06,-0.065,0
201,71,0,4,0.704,0.532,0.46,0.25,-0.007,0.014,0
202,54,0,3,0.881,0.635,0.675,0.0,0.456,0.304,0
203,62,0,6,0.961,0.756,0.701,1.0,-0.021,0.159,0
204,58,1,3,0.931,0.573,0.647,0.0,-0.074,-0.034,0
205,45,1,6,1.002,0.598,0.778,1.0,-0.06,0.311,0
206,48,1,7,0.807,0.5,0.885,0.25,0.087,-0.042,0
207,71,1,8,1.031,0.581,0.642,0.0,0.117,0.371,0
208,72,0,4,0.553,0.436,0.829,1.0,0.562,-0.081,1
209,42,0,6,0.873,0.697,0.768,0.0,0.404,0.108,0
210,55,1,11,0.894,0.496,1.055,0.0,0.935,0.053,0
211,42,1,8,1.044,0.548,0.742,0.0,0.302,0.378,0
212,76,0,7,0.576,0.578,0.592,0.0,0.314,-0.148,0
213,81,1,3,0.714,0.623,0.614,0.5,0.35,-0.169,1
214,82,1,11,1.113,0.618,0.594,0.75,0.051,0.225,0
215,76,0,4,0.961,0.746,0.396,0.0,-0.229,0.053,0
216,64,1,11,1.219,0.478,0.753,0.0,0.187,0.481,0
217,73,1,3,0.7,0.665,0.551,0.25,0.006,-0.07,0
218,83,1,5,0.819,0.71,0.716,0.25,0.585,-0.208,1
219,64,1,3,0.801,0.602,0.452,0.0,-0.185,-0.208,0
220,56,0,8,0.742,0.628,0.853,0.5,0.382,0.231,1
221,70,0,7,1.028,0.601,0.524,0.0,-0.038,0.308,0
222,30,0,4,0.856,0.566,0.455,0.0,-0.019,0.081,0
223,55,0,10,1.152,0.406,0.743,0.5,0.404,0.366,0
224,67,0,3,0.903,0.63,0.7,0.0,0.224,0.128,0
225,44,1,10,0.908,0.493,0.74,0.0,0.04,0.154,0
226,78,1,7,0.991,0.56,0.839,0.0,0.454,0.478,0
227,55,1,6,0.9,0.633,0.848,0.0,0.324,0.078,0
228,77,1,10,0.81,0.498,0.818,1.0,0.377,0.11,1
229,76,0,9,0.924,0.566,0.715,0.25,0.199,0.184,0
230,77,0,11,0.909,0.661,0.876,0.25,0.355,0.331,0
231,84,0,9,1.012,0.424,0.653,0.25,0.469,0.513,1
232,42,0,9,0.819,0.517,0.755,0.5,0.073,0.232,0
233,76,1,3,0.768,0.633,0.391,0.5,-0.273,0.019,0
234,71,0,3,0.72,0.625,0.689,0.0,0.425,-0.178,0
235,66,0,9,0.697,0.448,0.626,0.75,0.144,0.05,1
236,35,0,6,0.831,0.618,0.657,0.0,0.083,0.162,0
237,40,1,10,0.7,0.575,0.577,0.0,-0.117,-0.311,0
238,32,1,11,0.971,0.601,0.728,0.0,0.35,0.271,0
239,31,1,8,0.965,0.452,0.625,0.5,0.261,0.277,0
240,48,0,11,1.045,0.609,0.795,0.75,0.196,0.167,0
241,83,1,7,0.93,0.602,0.768,0.25,0.232,0.28,0
242,61,0,12,0.98,0.474,0.698,0.0,0.495,0.252,0
243,64,0,9,0.707,0.586,1.019,0.5,0.756,-0.076,0
244,75,1,7,0.7,0.531,0.737,0.0,0.569,-0.037,0
245,81,1,12,0.867,0.48,1.015,0.75,0.375,0.233,0
246,42,0,11,0.766,0.568,0.742,0.0,0.358,0.135,0
247,42,0,5,0.861,0.593,0.901,0.0,0.041,0.236,0
248,49,0,6,0.915,0.611,0.497,0.0,0.216,0.141,0
249,82,1,12,1.158,0.535,0.922,0.75,0.413,0.473,1
250,56,1,11,1.119,0.419,0.958,0.5,0.593,0.498,0
251,44,1,9,1.029,0.555,0.611,0.0,0.156,0.265,0
252,75,0,5,1.126,0.618,0.717,0.75,0.424,0.389,0
253,65,1,6,0.864,0.483,0.593,1.0,0.208,0.088,0
254,43,0,11,0.911,0.674,0.655,0.0,0.112,0.285,0
255,68,0,6,0.951,0.673,0.796,0.5,0.427,0.251,0
256,79,1,5,0.941,0.709,0.469,1.0,0.1,0.007,1
257,83,0,5,0.635,0.6,0.585,0.0,-0.059,-0.179,0
258,42,1,12,0.779,0.548,0.941,1.0,0.805,0.018,0
259,63,0,8,0.7,0.55,0.772,1.0,0.324,0.133,0
260,68,1,10,0.798,0.549,0.644,0.0,0.026,0.053,0
261,46,1,6,0.947,0.493,0.428,1.0,0.107,0.229,0
262,52,1,7,0.824,0.447,0.563,0.0,0.232,0.105,0
263,84,1,8,0.7,0.494,0.619,0.25,-0.086,-0.111,0
264,50,1,3,0.728,0.702,0.596,0.5,0.265,-0.167,0
265,75,1,11,0.936,0.473,0.882,0.5,0.357,0.128,0
266,47,1,12,0.834,0.6,0.984,0.5,0.521,-0.05,0
267,66,1,10,0.767,0.588,0.625,0.0,0.051,-0.105,0
268,69,0,4,0.779,0.586,0.388,0.0,-0.079,0.076,0
269,31,0,6,0.859,0.517,0.71,1.0,0.354,0.031,0
270,30,1,8,0.862,0.626,0.666,0.0,0.395,0.016,0
271,70,0,11,0.868,0.507,0.878,0.75,0.109,-0.119,0
272,53,0,12,0.803,0.467,0.77,0.0,0.214,-0.002,0
273,34,0,6,0.795,0.542,0.759,0.75,0.172,-0.024,0
274,80,1,11,1.076,0.538,0.732,0.25,0.52,0.361,0
275,34,1,11,0.954,0.456,1.153,0.0,0.461,-0.04,0
276,84,0,3,0.904,0.574,0.623,0.25,0.256,0.303,0
277,37,0,3,0.786,0.729,0.502,0.25,0.363,0.204,0
278,55,0,9,1.068,0.402,0.864,0.0,0.067,0.24,0
279,42,0,6,0.7,0.513,0.808,0.5,0.161,0.003,0
280,32,0,9,0.77,0.48,0.714,0.0,0.18,-0.067,0
281,37,0,12,1.032,0.482,0.925,0.5,0.197,0.316,0
282,43,0,11,0.97,0.564,0.715,0.0,0.283,0.3,0
283,73,0,10,0.928,0.486,0.793,0.25,0.135,0.109,0
284,36,1,4,0.728,0.683,0.642,1.0,-0.025,-0.064,0
285,68,1,5,0.888,0.68,0.657,0.0,0.408,-0.008,0
286,84,1,7,0.686,0.644,0.678,0.0,0.08,-0.078,0
287,51,1,8,0.805,0.615,0.817,0.0,-0.064,0.076,0
288,78,0,12,1.002,0.436,0.781,0.75,-0.0,0.079,0
289,57,1,6,0.838,0.43,0.464,0.0,0.055,0.091,0
290,70,0,10,1.079,0.601,0.873,0.0,0.777,0.222,0
291,44,0,10,1.084,0.573,0.721,0.25,0.165,0.063,0
292,58,0,9,0.819,0.66,0.623,0.75,0.131,0.205,0
293,57,0,11,1.113,0.519,0.774,0.5,0.084,0.371,0
294,82,0,8,0.93,0.711,0.362,0.0,-0.157,0.336,0
295,33,1,6,0.945,0.7,0.664,0.0,0.273,0.126,0
296,46,1,10,0.92,0.483,0.944,1.0,0.488,0.156,0
297,31,0,3,0.695,0.484,0.403,0.0,-0.158,-0.004,0
298,48,1,7,1.015,0.55,0.679,0.0,0.366,0.209,0
299,75,0,3,0.84,0.589,0.716,0.25,0.015,0.122,0
300,76,0,3,0.924,0.667,0.489,0.5,-0.011,0.386,0
301,80,1,3,0.957,0.564,0.272,0.0,-0.302,0.228,0
302,51,1,8,0.578,0.56,0.519,0.5,0.078,-0.069,0
303,77,0,4,0.791,0.647,0.675,0.5,0.114,-0.003,0
304,41,0,5,0.889,0.573,1.009,0.5,0.493,0.153,0
305,36,0,3,0.844,0.572,0.459,0.75,-0.171,0.11,0
306,50,0,6,1.015,0.59,0.819,0.0,0.375,0.379,0
307,45,1,9,1.068,0.506,0.698,0.25,0.367,0.234,0
308,84,1,7,0.969,0.627,0.582,0.5,0.497,0.049,1
309,59,1,12,0.888,0.44,1.006,0.75,0.295,0.121,1
310,36,1,5,0.778,0.656,0.551,0.0,0.212,0.038,0
311,65,1,4,0.831,0.594,0.479,0.0,-0.118,0.261,0
312,67,1,11,0.813,0.409,0.97,0.25,0.356,0.09,0
313,43,1,11,0.908,0.453,0.972,0.0,0.393,0.219,0
314,40,0,8,0.684,0.57,0.686,0.5,0.027,-0.09,0
315,56,1,11,0.851,0.543,1.058,1.0,0.556,0.079,0
316,51,0,12,1.089,0.513,1.033,0.0,0.501,0.191,0
317,47,0,4,0.669,0.699,0.526,0.0,0.262,0.116,0
318,70,1,4,0.77,0.553,0.434,0.0,0.246,-0.053,0
319,67,0,6,0.911,0.651,0.666,0.0,0.249,0.231,0
320,42,1,10,0.7,0.525,0.727,0.75,0.557,0.0,0
321,56,0,12,0.913,0.481,0.755,0.0,0.471,0.331,0
322,57,1,10,1.089,0.546,0.508,0.0,-0.061,0.433,0
323,37,1,9,1.017,0.594,0.638,0.0,0.149,0.317,0
324,34,1,5,1.009,0.643,0.536,0.5,0.111,0.224,0
325,74,1,6,0.796,0.655,0.705,0.0,0.312,0.03,0
326,45,1,4,0.825,0.583,0.441,0.75,-0.075,-0.01,0
327,71,1,4,0.846,0.54,0.601,0.5,0.096,0.066,0
328,67,1,4,0.931,0.535,0.81,0.25,0.261,0.231,0
329,68,1,12,0.7,0.5,0.873,0.0,0.517,-0.042,0
330,70,1,5,0.886,0.604,0.403,0.25,-0.354,-0.05,1
331,38,0,7,0.938,0.608,1.039,0.0,0.371,0.052,0
332,47,0,8,0.764,0.551,0.583,0.5,0.349,-0.091,0
333,33,0,10,0.732,0.43,0.628,0.0,-0.072,-0.015,0
334,74,0,5,0.98,0.725,0.439,0.0,0.041,0.258,0
335,30,0,5,0.706,0.711,0.481,0.75,0.389,-0.193,0
336,80,1,9,1.111,0.553,0.7,0.0,0.364,0.366,0
337,69,1,10,0.959,0.425,0.651,0.0,0.147,0.204,0
338,48,0,11,0.862,0.495,0.977,0.0,0.479,0.295,0
339,67,1,8,0.982,0.597,0.512,0.0,0.031,0.381,0
340,83,0,8,0.929,0.492,1.092,1.0,0.72,0.062,1
341,51,1,11,0.837,0.48,0.772,0.0,0.525,-0.254,0
342,76,1,12,1.066,0.533,1.078,0.0,0.58,0.072,0
343,69,1,10,1.003,0.686,0.96,0.75,0.467,0.196,0
344,57,1,11,0.766,0.518,0.491,1.0,0.072,0.057,0
345,42,0,6,0.805,0.691,0.645,0.25,0.034,0.105,0
346,50,0,12,0.865,0.555,1.07,0.25,0.424,0.133,0
347,64,0,10,0.894,0.698,0.843,0.0,0.354,0.265,0
348,74,1,6,0.94,0.481,0.546,1.0,0.202,0.183,0
349,48,1,9,0.899,0.485,0.811,0.25,0.35,0.12,0
350,67,1,5,0.793,0.464,0.594,0.25,-0.036,-0.099,0
351,52,0,5,0.962,0.542,0.732,0.0,0.435,0.365,0
352,72,0,8,1.159,0.442,0.77,0.0,0.1,0.368,0
353,61,1,10,1.03,0.599,0.766,0.5,0.064,0.192,0
354,41,0,3,0.605,0.71,0.563,0.5,0.152,-0.076,0
355,32,0,3,1.11,0.554,0.467,1.0,-0.209,0.463,0
356,67,1,3,0.684,0.597,0.608,0.25,0.377,-0.061,0
357,52,0,8,0.795,0.632,0.938,0.25,0.611,-0.058,0
358,83,0,11,0.794,0.504,1.094,0.5,0.54,0.04,1
359,36,0,7,0.749,0.618,0.56,0.5,-0.102,0.13,0
360,51,1,11,1.0,0.462,1.066,0.0,1.152,0.245,0
361,55,1,7,0.692,0.404,0.419,0.75,0.079,0.043,0
362,76,0,5,0.724,0.612,0.487,0.0,-0.208,0.112,0
363,47,0,10,0.811,0.593,0.789,0.0,0.276,0.225,0
364,32,0,10,0.827,0.653,0.511,0.25,-0.065,0.03,0
365,80,1,3,0.891,0.572,0.472,0.5,-0.094,0.179,1
366,50,1,3,0.812,0.637,0.44,0.5,0.045,0.121,0
367,76,0,3,0.696,0.669,0.348,0.5,0.054,-0.242,0
368,82,1,12,0.977,0.446,0.701,0.0,0.051,0.097,0
369,53,0,5,0.74,0.631,0.748,0.0,0.219,-0.083,0
370,69,0,8,0.822,0.526,0.66,0.5,0.413,-0.055,0
371,65,1,8,0.843,0.681,0.993,0.0,0.456,0.239,0
372,68,0,6,1.011,0.573,1.038,0.25,0.697,0.385,0
373,82,1,9,0.93,0.493,0.539,0.0,0.259,0.305,0
374,56,1,4,0.654,0.594,0.339,0.0,0.252,-0.256,0
375,71,1,9,0.972,0.523,0.596,0.0,0.343,0.279,0
376,31,0,5,0.952,0.54,0.551,0.0,0.038,0.304,0
377,40,0,3,0.709,0.73,0.78,0.0,0.449,0.061,0
378,44,1,9,0.778,0.608,0.686,0.0,0.194,0.197,0
379,44,1,3,0.754,0.619,0.593,0.0,0.194,0.095,0
380,57,0,9,0.893,0.53,0.878,1.0,0.667,0.353,0
381,54,0,3,0.842,0.551,0.286,0.0,-0.365,-0.048,0
382,64,1,12,1.168,0.537,0.83,0.25,0.082,0.258,0
383,65,1,12,1.029,0.539,0.988,0.0,0.145,0.268,0
384,78,0,5,1.066,0.634,0.48,0.0,0.047,0.433,0
385,77,0,12,0.7,0.474,1.169,0.25,0.608,-0.139,0
386,60,1,3,0.788,0.647,0.245,0.0,-0.146,-0.151,0
387,65,0,10,0.942,0.617,1.263,0.0,0.963,0.156,0
388,31,1,9,0.892,0.647,0.467,0.25,-0.215,0.355,0
389,67,0,8,0.907,0.495,0.706,0.0,0.273,0.198,0
390,52,0,4,0.82,0.7,0.725,0.25,0.227,0.042,0
391,73,0,9,0.862,0.532,0.745,0.0,0.406,0.315,0
392,43,0,10,0.707,0.495,1.056,0.25,0.712,-0.071,0
393,67,1,7,0.938,0.527,0.849,0.25,0.475,0.061,0
394,59,1,10,0.969,0.671,1.156,0.25,0.739,0.224,0
395,64,1,8,0.992,0.716,1.014,0.0,0.656,0.254,0
396,49,1,7,1.049,0.529,0.502,1.0,-0.093,0.193,0
397,48,0,4,0.72,0.712,0.724,0.25,0.235,-0.221,0
398,51,0,7,0.755,0.537,0.724,0.0,0.298,-0.151,0
399,38,0,12,1.182,0.467,0.983,0.0,0.625,0.437,0
400,83,0,10,1.082,0.684,0.388,0.0,-0.144,0.372,0
401,37,1,12,1.136,0.579,1.116,0.25,0.593,0.456,0
402,39,1,10,0.816,0.341,0.464,1.0,-0.006,0.116,0
403,76,0,5,1.056,0.679,0.683,0.0,0.543,0.431,0
404,58,0,3,0.589,0.425,0.308,0.5,-0.237,-0.418,0
405,52,1,4,0.913,0.7,0.698,0.0,0.103,0.143,0
406,44,0,12,0.747,0.611,1.054,0.0,0.854,-0.276,0
407,60,1,6,0.888,0.639,0.63,0.0,-0.005,0.055,0
408,59,0,11,1.095,0.574,0.813,1.0,0.381,0.497,0
409,34,1,4,0.684,0.741,0.673,1.0,0.242,0.02,0
410,49,0,4,0.756,0.563,0.593,0.0,0.299,0.052,0
411,54,1,8,0.98,0.534,1.056,0.25,0.496,0.333,0
412,61,1,8,0.852,0.528,0.89,0.75,0.152,0.001,0
413,52,0,12,1.168,0.633,0.889,0.5,0.256,0.402,0
414,31,1,3,0.93,0.665,0.45,0.0,0.103,0.357,0
415,68,1,8,0.783,0.589,0.777,0.0,0.366,0.015,0
416,53,0,4,0.663,0.612,0.393,0.75,0.082,-0.007,0
417,60,1,10,0.926,0.49,0.896,0.0,0.473,0.177,0
418,48,1,3,0.759,0.615,0.692,0.75,0.138,-0.073,0
419,43,0,4,0.815,0.53,0.436,1.0,-0.114,0.02,0
420,76,1,9,0.979,0.573,0.767,0.0,0.401,0.32,0
421,43,0,8,0.801,0.589,0.943,0.0,0.63,0.019,0
422,41,0,10,1.056,0.456,0.95,0.25,0.441,0.425,0
423,44,0,6,0.835,0.494,0.533,0.0,-0.007,0.073,0
424,43,1,8,0.951,0.622,0.999,0.5,0.607,0.099,0
425,52,0,12,0.7,0.532,1.042,0.0,0.573,-0.052,0
426,75,1,12,1.061,0.609,0.932,1.0,0.512,0.184,0
427,66,0,3,0.835,0.566,0.541,0.0,0.275,-0.03,0
428,84,1,9,0.928,0.699,0.703,1.0,0.369,0.216,1
429,65,0,7,0.821,0.69,0.669,0.0,0.183,0.138,0
430,64,0,4,0.649,0.721,0.341,0.0,-0.124,-0.079,0
431,79,1,9,0.87,0.453,0.769,0.0,0.318,0.035,1
432,38,1,3,1.006,0.468,0.667,0.0,0.25,0.238,0
433,37,1,9,0.788,0.445,0.646,0.0,0.186,-0.015,0
434,38,0,5,0.833,0.611,0.648,0.0,0.186,0.254,0
435,36,1,12,0.755,0.577,0.643,0.25,0.323,-0.021,0
436,71,1,6,0.882,0.65,0.86,0.0,0.643,0.382,0
437,36,1,10,0.929,0.614,0.97,0.5,0.278,0.086,0
438,77,0,8,1.039,0.685,0.661,0.5,0.161,0.486,0
439,75,0,3,0.767,0.7,0.441,0.75,-0.03,0.109,0
440,38,1,12,1.19,0.472,0.666,0.0,0.053,0.566,0
441,73,0,6,0.607,0.641,0.968,1.0,0.278,0.025,1
442,30,1,3,0.539,0.599,0.168,0.75,-0.307,-0.128,0
443,41,1,9,0.935,0.512,0.957,0.0,0.695,0.04,0
444,37,0,9,0.911,0.565,0.848,0.75,0.601,0.231,0
445,47,0,9,0.826,0.616,0.465,0.0,-0.261,0.072,0
446,59,0,3,0.816,0.742,0.415,1.0,-0.433,0.015,0
447,83,0,10,1.064,0.633,1.05,0.5,0.382,0.151,0
448,73,1,5,0.57,0.656,0.449,0.25,0.251,-0.324,0
449,75,0,5,0.919,0.543,0.888,0.25,0.461,-0.003,0
450,43,1,3,0.973,0.515,0.434,1.0,-0.143,0.226,0
451,58,1,8,0.865,0.742,0.611,1.0,0.022,0.211,0
452,76,1,3,0.82,0.74,0.419,0.0,-0.015,0.011,0
453,82,0,7,1.056,0.503,0.687,0.0,0.241,0.161,0
454,43,0,5,0.864,0.696,0.584,0.5,0.117,0.138,0
455,57,1,7,0.881,0.597,0.733,0.0,0.245,0.168,0
456,56,1,9,0.997,0.582,0.762,0.5,0.288,0.1,0
457,38,0,6,0.571,0.579,0.512,0.0,-0.17,-0.094,0
458,51,0,6,0.881,0.604,0.592,0.5,0.241,0.313,0
459,37,0,7,0.709,0.564,0.73,0.25,0.085,-0.004,0
460,82,1,9,0.983,0.514,0.727,0.0,0.625,0.269,0
461,69,0,9,1.02,0.586,0.722,0.5,0.04,0.169,0
462,43,0,5,1.02,0.653,1.071,0.0,0.615,0.283,0
463,71,0,10,0.882,0.493,0.79,0.5,0.476,0.06,0
464,83,0,12,0.869,0.613,0.917,0.0,0.305,0.343,0
465,35,0,10,0.912,0.627,1.031,0.25,0.631,0.125,0
466,34,0,9,0.863,0.615,0.771,0.25,-0.102,-0.028,0
467,77,1,11,0.959,0.629,0.622,0.0,0.382,0.198,0
468,43,0,8,0.95,0.576,1.029,0.75,0.889,0.236,0
469,77,1,11,0.92,0.7,0.733,0.5,0.194,0.191,1
470,69,0,11,0.961,0.611,1.193,0.5,0.671,0.127,0
471,48,0,10,0.846,0.645,0.983,0.0,0.508,0.277,0
472,55,0,4,0.926,0.551,0.391,0.0,-0.265,0.034,0
473,57,1,6,0.826,0.608,0.644,0.0,0.231,0.155,0
474,51,0,11,0.966,0.543,1.051,0.0,0.47,0.174,0
475,41,1,11,0.876,0.501,1.01,0.75,0.481,0.212,0
476,45,0,7,0.886,0.613,0.7,1.0,0.114,0.11,0
477,34,1,9,0.869,0.571,0.751,0.0,0.423,0.169,0
478,32,1,7,0.892,0.527,0.627,0.0,0.21,0.154,0
479,46,0,3,0.804,0.732,0.343,0.5,0.146,-0.017,0
480,63,0,11,0.88,0.532,0.866,1.0,0.315,-0.028,0
481,41,0,3,0.762,0.492,0.576,0.0,0.185,-0.1,0
482,66,1,6,0.775,0.656,0.559,0.25,0.06,0.086,0
483,83,1,9,0.939,0.499,1.017,0.75,0.507,0.286,1
484,76,1,12,0.885,0.7,0.666,0.0,-0.034,0.054,1
485,61,1,7,0.949,0.695,0.694,0.0,0.503,0.36,0
486,73,0,7,0.802,0.6,0.726,0.5,0.32,-0.044,0
487,50,0,5,0.898,0.598,0.356,0.0,0.227,0.275,0
488,50,1,5,0.7,0.486,0.448,0.75,-0.33,-0.086,0
489,78,0,11,0.754,0.604,0.726,0.25,0.247,-0.103,0
490,36,1,6,0.98,0.524,0.448,0.0,-0.047,0.353,0
491,51,1,9,1.058,0.577,0.7,0.5,0.177,0.287,0
492,32,0,4,0.979,0.742,0.717,0.0,0.279,0.452,0
493,69,1,12,0.787,0.469,0.939,0.0,0.493,0.124,0
494,75,0,10,1.067,0.583,0.77,0.0,-0.021,0.377,0
495,64,0,4,0.803,0.681,0.878,0.25,0.286,0.01,0
496,69,0,8,0.757,0.678,1.005,0.0,0.531,-0.098,0
497,38,0,9,0.936,0.699,0.736,0.0,0.513,0.24,0
498,51,1,11,0.994,0.528,0.917,0.0,0.217,0.204,0
499,83,1,11,0.955,0.451,0.659,0.25,0.209,-0.054,0
500,47,1,9,1.022,0.609,0.585,0.0,0.253,0.201,0
501,49,1,11,0.918,0.571,0.697,0.0,0.21,0.028,0
502,47,0,6,0.815,0.731,0.662,0.75,-0.107,0.026,0
503,37,1,5,0.7,0.635,0.697,0.0,0.314,-0.004,0
504,74,1,4,0.825,0.57,0.776,0.5,0.241,0.246,0
505,44,0,5,0.7,0.619,0.782,1.0,0.229,-0.176,0
506,44,1,12,0.844,0.502,0.733,0.0,0.41,-0.013,0
507,42,1,10,1.012,0.482,0.861,0.75,0.272,0.245,0
508,38,1,3,0.683,0.642,0.447,0.25,-0.133,-0.031,0
509,58,0,12,1.133,0.357,1.212,0.5,0.701,0.286,0
510,82,1,11,0.935,0.572,1.039,0.0,0.345,0.138,0
511,38,1,10,1.04,0.584,0.664,0.0,0.205,0.354,0
512,67,1,7,0.997,0.641,0.929,0.0,0.772,0.166,0
513,79,0,3,0.7,0.609,0.233,0.75,-0.359,0.2,0
514,75,0,3,0.743,0.629,0.661,0.75,0.225,-0.139,0
515,31,1,8,1.023,0.631,0.625,1.0,0.284,0.164,0
516,81,1,3,0.809,0.537,0.667,0.25,0.207,0.202,1
517,67,0,8,0.785,0.573,0.768,1.0,0.288,-0.072,1
518,33,1,5,0.886,0.724,0.7,0.0,0.151,0.296,0
519,31,1,11,0.968,0.421,1.019,0.0,0.512,0.193,0
520,68,0,10,0.802,0.484,0.837,0.0,0.492,-0.027,0
521,54,0,12,1.032,0.59,0.623,0.25,0.137,0.322,0
522,35,0,7,0.859,0.614,0.745,0.0,-0.095,-0.022,0
523,72,1,10,0.774,0.551,0.789,0.0,-0.003,0.049,0
524,47,0,3,0.669,0.491,0.741,0.5,0.491,-0.047,0
525,39,0,7,0.854,0.629,0.97,0.5,0.594,0.356,0
526,41,1,9,1.14,0.805,0.872,0.0,0.414,0.223,0
527,83,0,7,0.879,0.535,0.723,1.0,0.135,0.101,0
528,51,0,10,0.807,0.493,1.008,0.0,0.708,0.085,0
529,46,1,3,0.811,0.487,0.312,1.0,0.196,0.022,0
530,69,0,10,0.838,0.578,1.045,1.0,0.345,-0.054,0
531,46,0,4,0.649,0.544,0.451,0.0,0.341,-0.154,0
532,79,0,5,0.691,0.503,0.7,0.0,0.264,-0.074,1
533,37,1,6,0.869,0.673,0.604,0.75,0.082,0.287,0
534,54,1,8,0.951,0.725,0.718,0.75,0.215,0.259,0
535,74,0,11,0.7,0.523,0.88,0.0,0.649,0.178,0
536,59,0,12,1.051,0.53,0.71,0.0,0.115,0.428,0
537,68,0,7,0.72,0.522,0.811,0.5,0.402,-0.195,0
538,53,1,12,0.892,0.43,0.928,0.25,0.454,-0.099,0
539,42,1,4,0.967,0.577,0.647,0.0,0.352,0.092,0
540,69,1,5,1.02,0.495,0.745,0.0,0.19,0.305,0
541,69,0,11,1.077,0.575,1.072,0.25,0.592,0.32,0
542,45,1,8,0.794,0.527,0.821,0.0,0.411,0.137,0
543,36,1,10,1.149,0.702,0.707,0.0,0.176,0.327,0
544,82,0,3,0.863,0.474,0.64,0.25,0.28,0.273,0
545,34,1,9,0.715,0.564,0.76,0.0,0.154,0.053,0
546,63,0,12,0.979,0.404,0.778,1.0,0.265,0.065,0
547,83,0,5,0.791,0.59,0.414,0.0,-0.251,0.091,0
548,52,1,4,0.866,0.571,0.841,0.0,0.354,0.079,0
549,63,1,5,0.859,0.637,0.7,0.5,0.448,0.105,0
550,42,1,8,0.787,0.572,0.566,0.75,0.042,-0.054,0
551,57,1,3,0.858,0.547,0.65,0.75,0.233,0.172,0
552,61,0,4,1.011,0.714,0.041,0.5,-0.41,0.185,0
553,55,1,4,0.817,0.581,0.661,0.5,-0.007,0.102,1
554,66,1,9,0.843,0.572,0.7,0.0,0.483,0.288,0
555,34,1,9,1.012,0.618,0.974,0.0,0.629,0.181,0
556,79,0,9,0.79,0.457,0.816,0.5,0.414,0.006,0
557,76,1,9,1.333,0.635,1.256,0.0,0.94,0.707,0
558,61,0,12,0.912,0.442,1.049,1.0,0.639,0.024,0
559,71,0,7,0.988,0.604,0.542,0.75,-0.059,0.101,0
560,51,0,3,0.92,0.502,0.717,0.5,0.286,0.255,0
561,70,0,6,1.013,0.601,0.974,0.5,0.339,0.237,0
562,77,0,6,0.845,0.672,0.651,0.25,0.256,-0.136,0
563,60,0,5,0.863,0.657,0.46,0.0,0.027,0.029,0
564,71,1,12,0.756,0.624,0.878,0.25,0.426,0.044,0
565,78,0,11,0.999,0.573,0.995,0.25,0.642,0.293,0
566,79,0,11,0.975,0.545,0.933,0.0,0.387,0.216,0
567,84,1,12,0.985,0.501,0.992,0.0,0.473,0.212,0
568,30,0,11,0.976,0.51,0.732,0.5,0.54,0.24,0
569,58,1,11,1.066,0.656,0.902,0.75,0.344,0.336,0
570,62,0,9,0.945,0.513,0.965,0.25,0.585,0.031,0
571,59,1,3,0.807,0.495,0.779,0.0,0.162,0.101,0
572,45,0,4,0.866,0.631,0.668,0.0,0.315,0.191,0
573,75,0,9,0.862,0.493,0.797,0.0,0.445,0.024,0
574,43,0,10,0.992,0.546,0.7,0.5,0.273,0.224,0
575,51,0,5,1.087,0.588,0.663,0.0,0.363,0.274,0
576,64,1,12,1.116,0.503,0.962,0.0,0.647,0.251,0
577,75,1,9,0.775,0.638,0.611,0.25,-0.186,0.269,1
578,76,0,5,0.86,0.657,0.836,0.25,0.408,0.062,0
579,76,0,6,0.764,0.569,0.598,0.0,0.34,0.064,0
580,40,0,9,1.025,0.528,0.505,0.0,0.252,0.326,0
581,75,0,7,0.681,0.611,0.868,0.25,0.474,-0.155,0
582,45,0,12,0.846,0.7,1.175,1.0,0.442,0.009,0
583,72,1,8,0.844,0.5,0.808,0.0,0.206,0.157,0
584,47,0,7,1.001,0.586,0.725,0.75,0.272,0.317,0
585,37,1,8,0.881,0.566,0.904,0.25,0.362,0.184,0
586,39,0,4,0.888,0.655,0.692,0.0,-0.007,0.229,0
587,84,1,9,0.89,0.496,0.719,0.0,0.167,-0.049,1
588,37,0,10,0.912,0.601,1.049,0.0,0.519,0.196,0
589,36,0,11,0.988,0.503,0.773,0.5,0.54,0.224,0
590,51,0,9,0.772,0.416,0.734,0.5,0.174,0.239,0
591,62,1,6,0.844,0.529,0.635,1.0,0.242,-0.002,0
592,79,0,8,1.084,0.497,1.126,0.0,0.877,0.2,0
593,48,1,6,1.059,0.558,0.457,0.0,0.101,0.284,0
594,31,0,9,0.906,0.589,0.901,1.0,0.429,0.154,0
595,71,1,11,0.936,0.583,1.065,0.75,0.641,0.37,0
596,35,1,5,0.858,0.609,0.764,0.0,0.163,-0.035,0
597,36,0,11,0.978,0.547,0.62,0.25,0.06,0.35,0
598,30,1,12,0.812,0.675,0.876,0.0,0.239,0.063,0
599,35,0,5,0.843,0.659,0.787,0.0,0.326,0.306,0
600,77,1,12,0.974,0.694,0.7,0.0,0.344,0.328,0
601,80,0,4,1.095,0.467,0.626,0.0,0.084,0.413,0
602,74,0,12,0.7,0.648,1.102,0.0,0.402,-0.134,0
603,35,0,10,1.043,0.501,1.168,0.5,0.766,0.403,0
604,81,1,7,0.848,0.725,0.713,0.75,0.067,-0.072,1
605,83,1,4,0.7,0.541,0.755,0.25,0.384,0.097,1
606,60,0,7,0.843,0.735,0.708,0.0,0.056,0.161,0
607,69,1,6,1.045,0.641,0.679,0.0,0.164,0.355,0
608,75,1,12,0.778,0.547,1.01,0.0,0.557,-0.105,0
609,42,1,12,0.955,0.608,1.133,0.0,0.628,-0.006,0
610,57,1,3,0.835,0.533,0.57,0.0,0.251,0.051,0
611,75,0,12,0.891,0.6,1.136,1.0,0.709,-0.159,0
612,51,0,9,1.037,0.632,0.485,1.0,0.116,0.231,0
613,51,1,5,0.796,0.561,0.469,0.5,0.28,0.078,0
614,52,1,4,0.72,0.728,0.557,0.25,0.29,0.022,0
615,76,0,4,0.713,0.613,0.509,0.0,0.044,0.016,0
616,63,1,6,1.031,0.683,0.756,0.75,0.31,0.237,0
617,47,1,5,0.822,0.478,0.577,1.0,0.487,0.078,0
618,51,1,11,0.956,0.638,0.916,0.25,0.542,0.108,0
619,65,1,4,0.853,0.596,0.457,0.75,0.138,0.027,0
620,35,0,6,0.865,0.524,0.855,0.0,0.473,0.151,0
621,75,0,12,1.035,0.603,0.923,0.25,0.17,0.187,0
622,63,0,7,0.924,0.57,0.574,0.75,-0.126,0.077,0
623,52,1,4,0.888,0.639,0.573,0.75,0.264,-0.016,0
624,84,1,4,0.786,0.616,0.503,0.0,0.25,-0.046,0
625,60,0,12,1.035,0.635,0.898,0.75,0.244,0.279,0
626,68,0,3,0.827,0.636,0.665,0.5,0.118,0.233,0
627,65,1,9,0.926,0.583,0.812,0.5,0.291,0.035,0
628,75,1,7,0.85,0.529,0.849,0.0,0.224,-0.044,0
629,34,1,6,0.753,0.688,0.825,0.0,0.093,0.13,0
630,80,1,12,1.111,0.573,1.161,0.5,0.64,0.429,0
631,77,0,9,0.988,0.559,0.832,1.0,0.433,0.296,1
632,58,0,8,1.14,0.593,0.846,0.0,0.487,0.484,0
633,67,1,8,1.031,0.535,0.755,0.75,0.556,0.342,0
634,74,0,7,0.754,0.548,0.866,0.0,0.326,0.077,0
635,75,0,6,0.653,0.65,0.59,0.0,0.14,-0.078,0
636,79,1,10,0.982,0.497,0.817,0.0,0.549,0.147,1
637,43,0,5,0.874,0.667,0.573,0.75,0.461,0.095,0
638,34,0,11,0.904,0.414,0.897,0.0,0.287,0.285,0
639,81,1,7,0.858,0.591,0.721,0.0,0.434,-0.142,0
640,40,0,4,0.906,0.545,0.473,0.0,-0.178,0.066,0
641,75,0,11,1.008,0.512,0.916,0.25,0.431,0.292,0
642,35,1,12,1.002,0.445,0.908,0.75,0.321,0.175,0
643,75,1,7,0.903,0.778,1.099,0.0,0.369,-0.118,0
644,57,1,4,0.987,0.706,0.894,0.0,0.227,0.286,0
645,84,0,5,0.849,0.589,0.391,0.5,-0.212,0.127,0
646,36,0,9,0.805,0.524,0.806,0.0,0.343,-0.013,0
647,53,1,9,0.998,0.543,0.971,0.0,0.303,0.306,0
648,53,0,10,0.839,0.546,0.856,0.75,0.287,0.195,0
649,84,0,10,0.908,0.602,0.758,0.5,0.168,0.13,0
650,77,0,8,0.894,0.497,0.789,0.0,0.684,0.206,0
651,61,1,7,0.824,0.532,0.864,0.0,0.206,-0.114,0
652,37,0,12,0.798,0.598,1.161,1.0,0.697,0.328,0
653,57,1,3,0.707,0.543,0.575,0.0,-0.17,0.156,0
654,46,0,6,0.7,0.542,0.711,0.0,0.155,-0.259,0
655,78,1,7,1.024,0.582,0.791,0.5,0.643,0.324,0
656,47,1,12,0.99,0.504,0.973,0.0,0.274,0.125,0
657,34,0,12,1.086,0.606,0.894,0.5,0.482,0.045,0
658,33,0,8,0.824,0.415,0.773,0.5,0.298,0.288,0
659,37,0,9,0.952,0.513,0.741,0.5,0.516,0.145,0
660,84,1,4,0.812,0.7,0.733,0.5,0.36,-0.002,1
661,50,1,9,0.866,0.545,0.829,1.0,0.247,0.298,0
662,80,0,3,0.671,0.593,0.648,0.25,0.283,-0.241,0
663,31,1,7,0.857,0.467,0.64,0.25,0.097,-0.043,0
664,45,0,3,0.788,0.653,0.476,0.0,0.109,-0.014,0
665,67,0,10,1.136,0.437,0.819,0.5,0.202,0.593,0
666,55,0,10,0.941,0.679,0.838,0.0,0.296,0.275,0
667,81,0,7,0.777,0.403,0.953,0.0,0.531,0.139,0
668,82,0,10,0.992,0.556,0.711,0.75,0.014,0.377,0
669,64,1,8,1.028,0.45,1.018,0.0,0.212,0.524,0
670,58,0,12,0.888,0.541,0.775,0.75,0.136,0.028,0
671,76,0,10,0.818,0.613,0.312,0.75,-0.309,0.046,0
672,80,0,5,0.929,0.508,0.591,0.5,0.116,0.126,0
673,62,0,3,0.883,0.579,0.7,0.5,0.633,0.106,0
674,40,0,10,0.877,0.652,0.841,0.25,0.734,0.059,0
675,64,0,3,0.975,0.659,0.537,0.25,-0.227,0.437,0
676,78,1,4,0.886,0.64,0.586,0.0,0.379,0.133,0
677,66,0,5,1.105,0.593,0.817,0.0,0.274,0.01,0
678,51,1,4,0.74,0.46,0.588,1.0,0.139,0.045,0
679,45,0,8,0.794,0.464,0.668,0.75,0.147,-0.158,0
680,61,0,9,0.959,0.374,1.05,0.25,0.687,0.164,0
681,60,1,8,0.86,0.47,0.67,0.0,0.232,0.038,0
682,60,1,7,0.9,0.508,0.803,0.5,0.351,0.345,0
683,63,1,3,0.68,0.609,0.317,0.0,-0.337,-0.215,0
684,42,1,7,0.891,0.539,0.632,0.25,0.211,0.159,0
685,63,0,6,0.91,0.541,0.836,0.25,0.439,0.214,0
686,56,1,6,0.874,0.599,0.727,0.0,-0.056,0.029,0
687,74,1,11,1.018,0.503,0.7,0.0,0.58,0.326,1
688,50,1,11,1.023,0.616,0.851,0.0,0.34,0.243,0
689,33,0,6,1.018,0.647,0.395,1.0,-0.068,0.462,0
690,47,0,3,0.669,0.629,0.595,0.5,-0.142,-0.179,0
691,48,1,9,0.865,0.482,0.714,1.0,0.07,-0.008,0
692,39,0,7,0.65,0.498,0.432,0.25,0.064,-0.231,0
693,39,0,12,0.732,0.594,1.136,0.0,0.486,-0.195,0
694,80,1,7,0.498,0.556,0.968,0.25,0.415,-0.193,1
695,44,1,6,0.789,0.567,0.576,1.0,0.055,0.089,0
696,36,0,9,0.89,0.598,0.949,0.5,0.534,0.204,0
697,39,0,7,0.654,0.643,0.776,1.0,0.163,-0.162,0
698,59,0,8,0.664,0.597,0.935,0.0,0.213,-0.288,0
699,83,1,3,0.894,0.644,0.255,0.0,-0.245,0.036,0
700,80,1,8,0.872,0.584,0.824,0.0,0.147,0.257,0
701,54,0,11,0.944,0.428,0.717,1.0,0.133,0.121,0
702,30,1,12,1.032,0.661,0.876,0.25,0.372,0.35,0
703,33,0,8,0.785,0.536,0.747,0.25,0.191,0.085,0
704,64,1,7,0.8,0.564,0.617,0.0,0.307,-0.115,0
705,60,0,10,1.134,0.677,1.141,0.0,0.796,0.115,0
706,66,0,7,0.954,0.475,0.455,0.0,-0.212,0.182,0
707,30,1,10,1.041,0.569,0.671,0.5,0.356,0.282,0
708,84,0,11,1.088,0.598,0.641,0.25,0.501,0.52,1
709,78,0,5,0.708,0.581,0.439,0.75,-0.086,-0.011,0
710,63,0,7,0.924,0.625,0.659,0.0,0.262,0.109,0
711,40,0,8,0.791,0.555,0.799,0.0,0.701,0.228,0
712,72,1,12,0.927,0.472,0.878,0.0,0.31,0.19,0
713,51,1,5,0.7,0.501,0.372,0.5,-0.11,-0.125,0
714,58,0,10,1.14,0.638,0.572,0.75,0.002,0.433,0
715,56,1,7,0.81,0.546,0.7,0.75,0.228,0.13,0
716,45,1,10,0.747,0.542,0.702,0.5,0.179,0.113,0
717,53,1,6,0.804,0.561,0.889,1.0,0.243,0.055,0
718,48,0,3,0.955,0.559,0.529,0.5,0.303,0.127,0
719,60,1,3,0.979,0.571,0.596,0.0,0.153,0.19,0
720,35,1,8,1.102,0.545,0.781,0.25,0.259,0.36,0
721,41,0,9,0.947,0.454,0.77,0.0,0.441,0.286,0
722,84,0,8,0.971,0.539,0.831,0.0,0.279,0.115,0
723,78,1,7,1.042,0.56,0.822,0.75,0.354,0.439,0
724,67,1,3,0.756,0.432,0.54,0.5,0.158,-0.005,0
725,30,1,9,1.055,0.548,0.751,0.25,0.378,0.368,0
726,33,0,9,0.785,0.503,1.005,0.0,0.305,-0.074,0
727,83,1,9,0.739,0.603,0.563,0.5,0.232,-0.167,0
728,47,1,7,0.889,0.591,0.809,0.0,0.245,0.178,0
729,38,0,4,0.743,0.719,0.705,0.0,0.204,-0.199,0
730,78,1,9,0.979,0.496,0.967,0.0,0.55,0.008,0
731,84,1,11,0.906,0.688,0.711,0.0,0.226,0.071,1
732,57,0,6,0.767,0.514,0.508,0.0,-0.366,0.105,0
733,58,1,6,0.874,0.64,0.537,0.0,0.073,0.174,0
734,69,1,12,1.192,0.546,0.877,0.75,0.34,0.429,0
735,49,0,8,0.802,0.608,0.704,0.5,0.308,0.138,0
736,50,1,7,0.92,0.608,0.739,0.25,0.189,0.441,0
737,43,0,8,0.947,0.579,0.853,0.0,0.293,0.218,0
738,84,1,4,0.501,0.507,0.509,0.0,0.101,-0.293,0
739,33,1,6,0.851,0.531,0.565,1.0,0.098,0.156,0
740,62,1,7,0.776,0.651,0.834,0.0,0.387,0.126,0
741,35,0,6,0.864,0.592,0.784,0.0,0.51,0.168,0
742,32,0,4,0.973,0.626,0.891,0.75,0.366,0.173,0
743,52,0,11,0.934,0.549,0.973,0.0,0.427,0.031,0
744,58,1,11,0.976,0.418,0.673,1.0,0.366,0.188,0
745,82,0,7,0.796,0.529,0.68,0.25,0.272,0.0,0
746,60,0,4,0.862,0.578,0.256,0.75,-0.194,0.045,0
747,53,1,12,0.869,0.477,0.876,1.0,0.279,0.085,0
748,66,1,6,0.833,0.646,0.845,0.5,0.407,0.047,0
749,64,0,8,0.896,0.563,0.962,0.25,0.531,0.203,0
750,56,1,12,0.724,0.622,0.946,0.0,0.249,-0.2,0
751,75,0,9,0.907,0.579,0.965,0.5,0.474,0.109,1
752,31,1,4,0.729,0.624,0.65,0.75,0.015,-0.118,0
753,46,1,10,0.996,0.567,0.543,0.25,-0.359,0.309,0
754,42,0,5,0.677,0.607,0.304,0.5,-0.248,0.041,0
755,72,0,10,1.01,0.717,1.119,1.0,0.674,0.073,0
756,36,1,10,1.11,0.496,0.882,0.0,0.447,0.516,0
757,63,0,9,0.859,0.733,0.947,0.0,0.16,0.273,0
758,42,1,6,0.814,0.459,0.439,0.25,-0.152,0.3,0
759,56,0,9,0.717,0.559,0.777,0.25,0.4,-0.11,0
760,79,0,5,0.7,0.64,0.633,0.25,0.451,0.153,1
761,38,1,12,0.997,0.597,0.972,0.25,0.457,0.216,0
762,61,0,11,1.162,0.717,0.836,0.0,0.318,0.55,0
763,72,0,4,0.596,0.447,0.631,1.0,0.168,-0.066,1
764,49,1,12,1.09,0.531,0.759,0.5,0.173,0.43,1
765,62,1,4,0.986,0.68,0.413,0.5,0.22,0.285,0
766,79,0,5,1.047,0.7,0.304,0.0,0.028,0.59,0
767,79,0,9,0.971,0.458,0.927,0.0,0.227,0.308,0
768,63,0,4,0.923,0.614,0.613,0.0,-0.087,0.031,0
769,30,1,8,0.888,0.518,0.793,0.0,0.378,0.264,0
770,69,0,3,0.816,0.625,0.541,0.0,-0.054,0.156,0
771,74,1,8,0.951,0.531,0.81,1.0,0.149,-0.013,0
772,66,0,8,0.784,0.503,0.7,0.25,-0.003,-0.001,0
773,65,1,8,0.7,0.605,0.564,0.5,0.397,-0.123,0
774,76,1,11,0.985,0.481,0.66,0.25,0.412,0.282,0
775,74,1,7,0.917,0.584,0.74,0.5,0.117,0.08,0
776,82,1,10,0.978,0.569,1.047,0.0,0.639,0.091,0
777,58,1,8,0.92,0.635,0.732,0.25,-0.013,0.295,0
778,46,1,7,0.919,0.548,0.581,0.0,0.237,0.21,0
779,61,0,9,0.899,0.7,0.797,0.0,0.239,0.288,0
780,73,1,12,1.034,0.572,0.971,0.25,0.639,0.244,0
781,72,1,4,0.888,0.741,0.786,0.0,0.293,-0.001,0
782,75,1,6,0.923,0.573,1.043,0.0,0.777,0.38,0
783,84,1,12,0.897,0.511,0.761,0.75,0.448,-0.07,0
784,78,0,8,0.651,0.492,0.722,0.0,0.069,-0.153,0
785,33,0,4,1.034,0.568,0.828,0.0,0.21,-0.009,0
786,76,1,8,1.049,0.641,0.832,1.0,0.333,0.473,1
787,49,0,9,0.968,0.513,0.694,0.75,0.467,0.103,0
788,35,0,7,0.899,0.494,0.522,0.25,0.029,-0.007,0
789,84,1,8,0.484,0.564,0.545,0.25,0.286,-0.279,0
790,32,1,10,0.975,0.489,0.575,1.0,0.206,0.313,0
791,69,0,5,0.85,0.698,0.479,0.0,0.326,0.115,0
792,60,0,5,0.693,0.636,0.643,0.75,0.378,-0.251,0
793,54,0,3,0.879,0.49,0.505,0.0,0.114,0.235,0
794,53,1,12,0.859,0.508,0.937,0.0,0.249,0.082,0
795,76,1,8,0.679,0.695,0.338,0.0,-0.119,-0.152,0
796,41,0,10,0.962,0.561,0.495,0.0,0.152,0.27,0
797,58,1,6,0.713,0.558,0.918,0.0,0.677,0.013,0
798,47,0,6,1.054,0.647,0.97,0.0,0.348,0.504,0
799,32,1,11,1.011,0.55,0.937,0.0,0.132,0.272,0
800,69,0,9,0.941,0.597,0.368,0.0,0.046,0.292,0
801,46,0,8,0.978,0.557,0.569,0.75,0.002,0.25,0
802,33,1,7,0.79,0.532,0.685,0.5,0.431,-0.302,0
803,56,1,5,1.023,0.399,0.84,0.25,0.341,0.374,0
804,59,0,7,0.837,0.475,0.854,0.0,0.489,0.035,0
805,56,0,9,0.946,0.683,0.479,0.0,-0.221,0.277,0
806,37,1,10,0.908,0.566,0.701,0.25,0.184,0.136,0
807,52,1,9,0.789,0.431,0.793,0.0,0.31,-0.007,0
808,83,1,8,0.661,0.554,0.594,0.25,0.288,-0.343,0
809,41,0,5,0.779,0.585,0.416,0.0,0.011,0.105,0
810,30,1,7,0.806,0.488,0.775,1.0,0.528,0.01,0
811,32,0,4,0.65,0.619,0.328,0.5,-0.299,0.043,0
812,76,1,9,0.823,0.63,0.73,0.25,0.155,0.093,0
813,54,1,9,0.853,0.552,1.107,0.0,0.914,-0.063,0
814,52,0,8,0.918,0.645,0.606,0.0,-0.267,0.315,0
815,44,1,5,0.865,0.557,0.691,0.75,0.168,0.099,0
816,59,0,5,0.861,0.63,0.598,1.0,0.078,0.093,0
817,75,0,8,0.931,0.559,0.751,0.25,0.588,0.356,0
818,44,1,3,0.974,0.611,0.494,0.0,0.068,0.045,0
819,60,0,5,0.889,0.631,0.524,0.0,0.055,0.301,0
820,54,1,7,0.787,0.525,0.749,0.0,0.203,-0.078,0
821,75,1,4,0.699,0.633,0.497,0.0,0.182,-0.089,0
822,74,0,8,1.003,0.656,0.411,0.0,0.059,0.13,0
823,67,1,8,0.808,0.5,0.49,0.75,0.082,-0.076,0
824,79,1,4,0.676,0.67,0.618,0.0,0.073,-0.155,0
825,41,0,6,0.823,0.598,0.802,0.5,0.415,-0.131,0
826,72,1,5,0.896,0.567,0.802,0.0,0.137,0.072,0
827,31,1,6,0.862,0.475,0.569,0.0,-0.028,0.363,0
828,43,1,5,0.86,0.704,0.498,1.0,-0.17,0.323,0
829,43,0,6,0.956,0.705,0.57,0.0,-0.13,0.275,0
830,57,1,5,0.735,0.548,0.755,0.0,0.317,-0.261,0
831,82,0,10,1.013,0.49,0.96,1.0,0.485,0.193,0
832,56,1,3,0.897,0.693,0.315,0.5,-0.251,-0.038,0
833,45,1,11,1.006,0.546,1.202,0.5,0.344,0.231,0
834,32,0,6,0.699,0.602,0.654,0.0,0.081,0.067,0
835,81,0,10,0.97,0.6,0.761,0.75,0.061,0.238,0
836,52,0,4,0.924,0.71,0.637,1.0,0.22,0.326,0
837,53,1,3,0.832,0.62,0.553,0.75,0.231,-0.188,0
838,38,1,3,0.7,0.631,0.436,0.0,0.014,-0.155,0
839,44,0,9,0.839,0.674,0.959,1.0,0.413,0.033,0
840,57,1,10,0.988,0.665,0.753,0.0,0.24,0.404,0
841,53,1,12,0.816,0.637,1.071,0.0,0.371,0.072,0
842,39,1,12,0.929,0.572,1.303,0.0,0.869,0.091,0
843,64,1,11,0.711,0.575,0.756,0.25,-0.005,-0.025,0
844,68,1,10,0.917,0.525,0.973,0.0,0.273,0.179,0
845,58,0,12,0.859,0.463,1.062,0.5,0.546,0.19,0
846,56,0,9,0.891,0.667,0.923,0.0,0.691,0.37,0
847,65,1,5,0.866,0.583,0.433,1.0,0.187,0.07,0
848,56,1,11,0.937,0.542,0.96,0.75,0.455,0.235,1
849,41,0,11,0.7,0.502,1.06,0.0,0.325,-0.19,0
850,82,0,5,0.975,0.626,0.7,0.0,0.203,0.246,0
851,65,0,11,0.98,0.539,0.767,0.75,0.403,0.229,0
852,33,0,12,0.905,0.615,1.053,0.75,0.58,0.147,0
853,68,1,6,0.974,0.543,0.787,0.0,0.218,0.222,0
854,31,1,3,0.838,0.649,0.254,1.0,-0.174,-0.183,0
855,51,1,5,0.952,0.627,0.7,0.0,0.079,0.298,0
856,30,0,8,0.719,0.562,0.755,0.0,0.301,0.019,0
857,79,0,4,0.832,0.512,0.7,0.0,0.0,0.295,0
858,57,0,6,0.796,0.704,0.651,0.0,0.174,0.216,0
859,66,1,8,0.788,0.532,0.975,0.0,0.588,-0.105,0
860,50,0,3,0.7,0.588,0.655,0.5,0.276,-0.132,0
861,42,0,7,0.71,0.573,0.751,0.0,0.351,0.106,0
862,77,0,10,0.777,0.577,0.626,0.0,0.213,0.023,0
863,82,1,6,1.061,0.544,0.804,1.0,0.382,0.23,0
864,56,0,4,0.878,0.551,0.877,0.0,0.523,0.001,0
865,35,0,6,0.877,0.555,0.704,0.0,0.586,0.195,0
866,56,1,5,0.863,0.682,0.657,0.0,-0.024,0.093,0
867,70,1,8,1.045,0.586,0.6,0.0,0.116,0.108,0
868,33,1,4,0.906,0.628,0.759,0.0,0.244,0.007,0
869,50,1,4,0.982,0.637,0.462,0.75,0.502,0.108,0
870,34,0,5,0.786,0.679,0.591,0.25,0.098,-0.063,0
871,46,0,6,0.908,0.397,0.758,0.25,0.592,0.082,0
872,75,1,4,0.914,0.579,0.523,0.5,0.133,0.216,0
873,62,0,9,0.991,0.576,1.256,1.0,0.673,0.042,0
874,74,1,4,0.824,0.586,0.648,0.75,0.007,0.01,1
875,49,0,5,0.912,0.555,0.601,0.0,0.075,0.161,0
876,81,0,11,1.029,0.7,1.059,0.25,0.883,0.15,0
877,43,0,7,0.598,0.718,0.356,1.0,-0.026,-0.145,0
878,34,0,11,0.989,0.448,0.822,0.0,0.451,0.242,0
879,60,0,7,0.804,0.582,0.763,0.0,0.015,-0.166,0
880,84,0,8,1.001,0.639,0.595,0.0,0.27,0.138,0
881,71,1,12,0.812,0.574,0.673,0.5,-0.027,-0.075,0
882,35,0,5,1.15,0.605,0.537,0.75,0.221,0.392,0
883,70,0,9,0.7,0.557,0.738,0.0,0.224,-0.092,0
884,53,1,8,0.744,0.521,0.93,0.0,0.313,-0.025,0
885,74,1,7,0.998,0.742,0.82,0.75,0.255,0.413,0
886,32,0,5,0.905,0.506,0.717,0.0,0.302,0.179,0
887,54,1,8,0.992,0.602,0.746,0.0,0.538,0.129,0
888,80,1,3,0.579,0.844,0.358,1.0,-0.097,-0.416,0
889,71,0,7,0.755,0.574,0.667,0.0,0.113,-0.213,0
890,83,1,12,1.1,0.665,1.186,0.0,0.596,0.346,0
891,73,1,9,0.896,0.594,0.799,0.5,0.128,-0.017,0
892,34,1,5,0.636,0.637,0.331,0.75,-0.229,-0.026,0
893,80,1,10,1.058,0.532,0.973,0.0,0.759,0.393,0
894,57,1,6,0.834,0.7,0.64,0.25,-0.262,0.029,0
895,62,1,10,0.999,0.617,0.664,0.5,-0.016,0.236,0
896,58,0,4,0.903,0.614,0.577,0.75,0.026,0.181,0
897,37,1,6,0.914,0.573,0.436,0.0,-0.001,0.068,0
898,56,0,9,0.885,0.682,0.979,0.5,0.211,0.098,0
899,45,0,10,1.06,0.538,0.886,0.75,0.13,0.332,0
900,70,0,8,0.942,0.607,0.769,0.0,0.461,0.297,0
901,49,0,4,0.631,0.673,0.584,0.75,0.082,-0.071,0
902,31,0,8,0.984,0.545,0.652,1.0,-0.102,0.179,0
903,70,0,7,0.976,0.7,0.767,1.0,0.182,0.355,0
904,77,0,7,0.721,0.481,0.717,0.0,0.179,-0.013,0
905,46,0,4,0.569,0.544,0.269,1.0,-0.395,-0.098,0
906,32,0,5,0.803,0.726,0.651,0.0,0.219,0.018,0
907,47,0,6,0.796,0.491,0.269,0.0,-0.06,-0.058,0
908,78,1,8,0.914,0.509,0.836,0.5,0.251,0.132,0
909,48,0,12,0.784,0.572,0.716,0.0,0.142,-0.062,0
910,64,0,12,1.012,0.577,0.81,0.5,0.18,0.203,1
911,42,0,7,0.78,0.625,0.77,0.5,0.18,0.025,0
912,57,1,8,0.912,0.66,0.705,0.75,0.183,0.236,0
913,71,1,6,0.789,0.535,0.918,0.0,0.705,0.119,0
914,44,1,11,1.051,0.68,1.013,0.75,0.712,0.351,0
915,49,0,8,0.944,0.791,0.962,1.0,0.401,0.049,0
916,65,1,5,0.912,0.514,0.842,0.0,0.444,0.217,0
917,60,0,3,0.902,0.671,0.725,0.0,0.265,-0.065,0
918,80,0,12,0.839,0.551,0.719,0.25,0.023,0.092,0
919,53,0,8,0.831,0.482,0.593,0.0,-0.133,0.087,0
920,36,0,8,0.799,0.558,0.728,0.0,0.238,0.104,0
921,50,0,8,0.902,0.482,0.717,0.0,0.482,-0.119,0
922,75,1,11,1.093,0.454,0.837,0.5,0.365,0.481,0
923,77,1,6,0.885,0.661,0.756,0.75,0.413,0.082,1
924,70,0,11,1.082,0.7,1.176,0.0,0.598,0.409,0
925,45,1,8,0.812,0.646,0.979,0.0,0.067,0.033,0
926,79,0,11,0.876,0.772,0.956,0.5,0.553,0.281,0
927,42,0,7,0.7,0.695,0.674,0.25,0.138,0.002,0
928,52,1,5,0.772,0.612,0.518,0.0,0.178,0.148,0
929,40,0,4,0.7,0.635,0.866,1.0,0.533,-0.148,0
930,65,0,10,0.84,0.526,0.73,0.0,0.52,0.17,0
931,76,1,10,1.065,0.641,0.6,0.0,0.088,0.29,1
932,72,1,12,0.984,0.591,0.742,0.75,0.251,0.264,1
933,42,0,12,0.97,0.6,0.791,0.0,0.616,0.181,0
934,41,1,7,0.753,0.461,0.99,0.5,0.664,0.089,0
935,48,0,7,0.835,0.485,0.594,1.0,0.023,0.089,0
936,76,0,5,1.028,0.582,0.688,0.75,0.009,0.289,1
937,37,1,10,0.843,0.592,0.531,0.5,0.113,-0.024,0
938,78,0,8,0.873,0.496,0.742,0.0,0.177,0.109,0
939,62,0,11,1.072,0.58,0.925,0.0,0.652,0.334,0
940,37,0,5,0.648,0.633,0.651,0.5,0.116,-0.098,0
941,47,1,9,0.545,0.626,0.708,0.75,0.421,-0.169,0
942,34,0,10,0.7,0.44,0.951,0.0,0.464,-0.227,0
943,72,1,8,0.88,0.485,0.658,0.0,0.349,0.177,0
944,83,1,8,0.822,0.717,0.67,0.0,0.172,-0.153,0
945,39,1,6,0.9,0.593,0.752,0.0,0.045,0.145,0
946,39,1,9,0.766,0.661,1.38,1.0,0.869,-0.211,0
947,71,1,12,0.882,0.534,0.837,0.0,0.183,-0.163,0
948,44,0,4,0.738,0.646,0.349,0.5,-0.398,-0.086,0
949,72,0,4,0.814,0.612,0.668,0.0,0.193,0.186,0
950,36,0,3,0.714,0.527,0.77,0.0,0.043,0.014,0
951,64,1,6,0.766,0.527,0.9,0.0,0.192,-0.047,0
952,47,1,12,0.902,0.613,1.076,0.5,0.596,0.053,0
953,77,0,10,1.005,0.565,0.954,0.0,0.103,0.215,0
954,65,0,11,0.902,0.55,1.061,1.0,0.557,0.198,0
955,74,1,11,1.051,0.611,1.005,0.0,0.173,0.209,0
956,68,0,6,0.719,0.528,0.426,0.75,0.306,-0.217,0
957,44,0,8,0.993,0.488,0.591,1.0,-0.036,0.174,0
958,30,0,8,0.993,0.543,0.659,0.0,0.108,0.194,0
959,49,1,10,0.957,0.604,0.596,0.0,0.045,0.125,0
960,42,0,5,0.98,0.605,0.511,0.75,-0.033,0.476,0
961,33,1,3,0.752,0.583,0.367,0.0,-0.602,0.052,0
962,36,1,8,1.025,0.443,0.802,0.75,0.533,0.099,1
963,53,1,5,0.984,0.667,0.889,0.25,0.413,0.207,0
964,37,1,6,0.784,0.675,0.97,0.0,0.392,0.04,0
965,30,1,3,0.808,0.627,0.32,0.25,-0.118,0.044,0
966,55,1,11,1.233,0.569,0.917,1.0,0.574,0.395,0
967,80,1,4,0.662,0.644,0.605,0.25,0.2,-0.111,0
968,72,1,9,0.768,0.536,0.886,0.25,0.484,-0.123,0
969,66,0,5,0.739,0.521,0.688,0.5,0.479,-0.049,0
970,65,1,7,0.818,0.625,0.734,0.75,0.268,-0.102,0
971,42,1,9,0.698,0.531,0.698,0.25,0.204,-0.373,0
972,46,1,9,1.023,0.597,1.073,0.25,0.589,0.035,0
973,64,1,4,0.694,0.48,0.477,0.0,-0.057,-0.1,0
974,40,1,10,0.805,0.448,0.688,0.5,0.462,0.174,0
975,55,1,10,1.027,0.482,0.732,0.0,0.625,0.173,0
976,70,1,9,0.7,0.526,0.977,0.0,0.469,0.138,0
977,65,1,5,0.581,0.549,0.765,0.25,0.16,-0.141,0
978,53,1,6,0.873,0.682,0.641,0.0,0.179,0.208,0
979,61,0,6,0.871,0.497,0.878,0.0,0.305,-0.061,0
980,49,0,9,0.837,0.569,0.708,0.0,0.549,0.042,0
981,31,0,11,1.017,0.498,0.727,0.0,0.392,0.31,0
982,39,0,4,0.907,0.548,0.709,0.25,0.611,0.116,0
983,78,0,4,1.005,0.561,0.902,0.0,0.39,0.251,1
984,43,0,7,0.894,0.458,0.757,0.0,0.46,0.231,0
985,30,0,12,0.858,0.7,0.998,0.0,0.573,0.395,0
986,55,1,12,1.015,0.638,0.959,0.0,0.572,0.308,0
987,45,0,7,1.033,0.454,0.576,0.25,0.15,0.238,0
988,33,0,3,0.708,0.519,0.459,0.5,-0.007,0.024,0
989,48,1,12,1.155,0.554,0.946,0.0,0.477,0.475,0
990,84,0,11,0.859,0.531,1.194,0.25,0.88,-0.088,0
991,77,1,6,0.842,0.738,0.811,0.75,0.247,0.001,0
992,60,1,7,0.722,0.579,0.94,0.25,0.322,-0.049,0
993,60,0,3,0.693,0.435,0.71,0.0,0.092,-0.069,0
994,76,1,3,0.92,0.538,0.464,0.0,-0.165,0.094,0
995,44,0,10,1.033,0.621,1.047,0.5,0.538,0.216,0
996,74,0,9,1.137,0.59,0.706,0.0,0.52,0.477,0
997,45,1,10,0.7,0.604,0.8,0.0,0.291,-0.122,0
998,80,1,3,0.707,0.652,0.336,0.0,-0.183,-0.239,0
999,33,0,8,1.07,0.489,0.764,0.5,0.241,0.495,0
1000,73,1,5,0.727,0.532,0.332,0.25,-0.351,0.026,0
1001,31,1,6,0.989,0.538,0.388,0.5,-0.38,0.249,0
1002,65,0,7,0.706,0.688,0.353,0.5,-0.358,-0.066,0
1003,69,0,6,0.754,0.471,0.927,0.5,0.503,-0.062,0
1004,61,0,5,0.754,0.62,0.83,0.5,0.467,-0.014,0
1005,58,0,12,1.014,0.527,0.95,0.5,0.414,0.395,0
1006,42,0,11,0.86,0.663,0.796,1.0,0.435,0.22,0
1007,80,1,11,1.003,0.476,0.963,0.0,0.386,0.207,1
1008,79,0,6,0.843,0.694,0.409,1.0,-0.082,0.058,0
1009,40,0,7,1.082,0.625,0.719,0.25,0.277,0.365,0
1010,49,0,4,0.736,0.679,0.577,0.75,-0.126,0.006,0
1011,45,1,9,0.829,0.588,0.615,0.0,-0.084,0.186,0
1012,52,0,7,0.945,0.699,0.788,1.0,0.557,0.216,0
1013,31,0,8,0.876,0.483,0.807,0.0,0.207,0.337,0
1014,58,0,10,0.815,0.635,0.858,0.0,0.43,-0.034,0
1015,50,0,9,0.893,0.7,0.667,0.5,0.644,0.341,0
1016,69,1,8,0.898,0.635,0.97,0.25,0.493,0.142,0
1017,83,1,5,0.999,0.623,0.576,0.0,0.143,0.142,0
1018,44,0,12,0.972,0.536,0.847,0.0,0.354,0.208,0
1019,47,0,10,0.976,0.509,0.932,0.5,0.201,0.1,0
1020,80,0,8,0.804,0.6,0.792,0.75,0.443,0.008,0
1021,42,1,12,1.022,0.608,1.146,0.0,0.766,0.371,0
1022,61,1,10,0.7,0.525,0.629,0.0,-0.071,0.132,0
1023,75,0,12,1.028,0.543,1.058,1.0,0.637,0.197,0
1024,78,1,9,1.052,0.539,0.823,0.25,0.392,0.142,0
1025,48,0,9,0.874,0.37,0.763,0.25,0.424,0.174,0
1026,42,1,7,0.89,0.615,0.803,0.0,0.025,0.198,0
1027,84,1,3,0.738,0.55,0.174,0.5,-0.152,0.008,0
1028,51,0,3,0.684,0.622,0.404,0.0,0.144,0.052,0
1029,80,1,10,1.1,0.514,0.635,0.0,0.201,0.294,0
1030,31,1,6,0.771,0.571,0.48,0.75,-0.002,-0.052,0
1031,53,0,5,0.852,0.682,0.636,0.0,0.147,0.115,0
1032,73,1,7,0.84,0.596,0.345,0.0,-0.331,0.288,0
1033,62,0,10,1.043,0.452,0.978,0.0,0.452,0.325,0
1034,40,0,7,0.902,0.633,0.45,0.0,-0.059,0.138,0
1035,42,0,3,0.878,0.635,0.284,0.75,-0.039,0.04,0
1036,42,0,7,0.822,0.502,0.764,0.25,0.241,0.304,0
1037,35,0,10,1.089,0.557,0.655,0.0,-0.021,0.437,0
1038,54,1,5,0.705,0.497,0.611,0.0,0.001,0.117,0
1039,73,1,5,0.8,0.557,0.451,0.5,0.044,0.1,0
1040,64,0,6,0.874,0.585,0.457,0.75,0.205,0.311,0
1041,59,0,3,1.007,0.677,0.706,0.5,0.383,0.145,0
1042,75,0,4,0.676,0.535,0.456,0.0,-0.063,0.022,0
1043,62,0,5,0.671,0.462,0.768,0.0,0.194,-0.353,0
1044,49,1,7,0.87,0.58,0.854,0.0,0.451,0.25,0
1045,52,1,8,1.169,0.568,0.537,0.5,0.109,0.445,0
1046,43,0,5,0.905,0.51,0.632,1.0,0.135,0.15,0
1047,46,0,4,0.884,0.673,0.676,0.0,0.272,0.187,0
1048,51,1,3,0.673,0.619,0.338,0.0,0.039,-0.187,0
1049,64,1,6,0.941,0.501,0.438,0.0,-0.069,0.034,0
1050,72,1,9,0.905,0.352,0.538,0.0,-0.089,0.086,0
1051,57,0,10,0.926,0.634,1.09,0.0,0.689,0.152,0
1052,44,0,4,0.624,0.537,0.704,0.0,0.195,-0.128,0
1053,84,0,3,0.778,0.683,0.375,1.0,-0.143,-0.114,1
1054,38,0,12,0.927,0.575,1.092,0.0,0.687,0.209,0
1055,82,1,8,0.805,0.652,0.766,0.0,0.455,0.022,0
1056,83,1,5,0.633,0.713,0.35,0.5,-0.055,-0.127,0
1057,72,1,10,1.175,0.52,0.847,0.5,0.591,0.387,1
1058,55,1,10,1.06,0.514,1.039,0.0,0.26,0.08,0
1059,61,0,3,0.742,0.63,0.284,0.75,-0.141,-0.141,0
1060,76,1,6,1.019,0.698,0.456,0.25,-0.168,0.36,0
1061,30,1,3,0.99,0.597,0.859,0.75,0.825,0.198,0
1062,58,1,6,0.827,0.52,0.699,0.0,0.148,0.003,0
1063,80,1,8,0.959,0.56,0.679,0.0,0.247,0.223,0
1064,62,1,12,1.316,0.516,1.265,0.25,0.842,0.611,0
1065,43,1,3,0.575,0.646,0.386,0.25,-0.215,-0.063,0
1066,61,0,10,0.816,0.657,0.745,0.75,0.323,0.088,0
1067,31,1,7,0.716,0.725,0.984,1.0,0.463,0.018,0
1068,36,1,12,0.93,0.457,1.145,0.0,0.512,0.19,0
1069,57,0,7,0.921,0.615,0.714,0.25,0.275,0.258,0
1070,65,1,3,0.933,0.57,0.722,0.25,0.317,0.283,0
1071,39,0,10,0.879,0.502,0.892,0.75,0.582,0.33,0
1072,57,1,9,0.76,0.477,0.706,1.0,0.343,0.138,0
1073,32,1,7,0.732,0.504,0.67,0.0,0.328,0.076,0
1074,84,1,3,0.774,0.523,0.406,0.25,-0.325,-0.156,1
1075,69,1,9,0.964,0.515,0.915,0.0,0.499,0.264,0
1076,69,0,8,0.941,0.698,0.627,0.0,0.324,0.19,0
1077,60,1,6,0.607,0.699,0.7,0.75,0.408,-0.121,0
1078,68,0,4,0.739,0.569,0.734,0.25,0.301,-0.078,0
1079,71,0,7,0.94,0.628,0.631,1.0,-0.019,0.175,1
1080,63,1,10,1.06,0.485,0.741,0.25,0.166,0.233,0
1081,77,0,5,0.967,0.738,0.606,0.0,-0.02,0.163,0
1082,54,0,10,0.845,0.535,0.666,1.0,-0.141,0.068,0
1083,56,1,4,0.958,0.637,0.258,1.0,-0.302,-0.0,0
1084,47,0,6,0.83,0.607,0.583,0.5,0.14,-0.002,0
1085,58,0,8,0.761,0.641,0.7,0.0,0.309,0.214,0
1086,60,0,12,0.814,0.509,0.779,0.0,0.289,-0.079,0
1087,51,1,11,0.886,0.631,1.012,0.0,0.339,0.295,0
1088,47,0,5,0.842,0.615,0.475,0.25,-0.306,0.118,0
1089,31,1,3,0.896,0.731,0.685,1.0,-0.115,0.043,1
1090,41,1,8,0.908,0.707,0.863,0.25,0.377,0.149,0
1091,43,0,3,0.688,0.629,0.585,0.5,0.179,-0.138,0
1092,48,1,3,0.845,0.616,0.459,0.0,-0.164,0.055,0
1093,69,1,6,0.665,0.707,0.656,0.5,0.016,-0.16,0
1094,70,1,6,0.888,0.655,0.547,0.0,0.115,0.313,0
1095,59,1,10,0.807,0.637,1.012,1.0,0.496,0.242,1
1096,31,0,7,1.002,0.468,0.67,0.0,-0.046,0.242,0
1097,33,1,11,0.887,0.587,0.942,0.5,0.465,0.297,0
1098,42,1,12,0.945,0.549,1.18,0.0,0.901,0.236,0
1099,60,0,8,0.908,0.535,0.816,0.0,0.345,0.044,0
1100,41,0,12,1.077,0.494,0.848,0.0,0.182,0.292,0
1101,45,0,11,1.003,0.516,0.922,0.75,0.556,0.244,0
1102,66,1,10,0.829,0.573,0.914,0.0,0.362,0.227,0
1103,75,0,12,0.868,0.627,0.889,0.5,0.347,-0.098,0
1104,74,1,7,0.756,0.412,0.482,1.0,0.124,-0.053,0
1105,58,0,10,0.923,0.464,0.507,0.0,0.007,0.226,0
1106,46,0,3,0.984,0.609,0.469,0.5,0.023,0.298,0
1107,33,1,7,0.874,0.525,0.646,0.0,-0.104,0.228,0
1108,82,0,12,0.791,0.56,1.049,0.25,0.401,-0.041,0
1109,70,0,6,0.815,0.44,0.685,0.0,0.02,-0.128,0
1110,60,1,3,0.905,0.566,0.195,0.25,-0.091,0.17,0
1111,49,0,11,1.16,0.595,0.962,0.0,0.481,0.46,0
1112,74,1,12,1.01,0.593,1.009,0.0,0.456,0.303,1
1113,35,1,3,0.534,0.586,0.233,0.0,-0.283,-0.18,0
1114,61,0,9,0.7,0.608,0.679,0.25,0.349,0.028,0
1115,41,1,7,0.899,0.611,0.436,0.75,0.051,0.104,0
1116,64,1,12,0.805,0.676,0.71,0.5,0.135,0.144,0
1117,64,1,9,0.965,0.53,0.776,0.0,0.258,0.186,0
1118,67,1,7,0.879,0.619,0.637,1.0,0.159,0.192,0
1119,32,0,4,0.907,0.509,0.531,0.0,0.079,0.127,0
1120,35,0,5,0.766,0.534,0.581,0.25,0.211,0.066,0
1121,37,1,6,0.889,0.54,0.577,0.0,0.356,0.203,0
1122,35,1,7,0.771,0.575,0.7,0.0,0.317,0.122,0
1123,68,1,6,0.835,0.636,0.817,1.0,0.216,0.009,0
1124,31,1,7,0.614,0.54,0.559,0.0,0.234,-0.183,0
1125,51,0,7,0.788,0.591,0.488,0.0,0.272,-0.112,0
1126,63,0,7,0.932,0.522,1.03,0.75,0.405,0.066,0
1127,70,1,10,1.069,0.615,0.927,0.0,0.686,0.225,0
1128,79,1,10,0.948,0.627,0.881,0.25,0.482,0.445,0
1129,64,0,12,1.149,0.412,0.94,0.5,0.131,0.344,0
1130,56,1,6,0.961,0.662,0.885,0.5,0.347,0.04,0
1131,44,1,5,0.95,0.617,0.531,0.0,0.223,0.25,0
1132,38,1,10,0.885,0.584,0.728,0.0,0.222,0.409,0
1133,44,1,7,0.7,0.535,0.917,1.0,0.087,-0.067,0
1134,53,1,8,0.876,0.7,0.891,0.5,0.553,0.4,0
1135,60,0,9,0.875,0.513,0.821,0.0,0.725,-0.053,0
1136,54,0,5,0.741,0.553,0.837,0.25,0.393,0.01,0
1137,48,1,10,0.786,0.417,0.749,0.75,0.174,0.117,0
1138,79,0,5,0.801,0.569,0.524,0.5,0.053,0.159,0
1139,84,1,3,0.784,0.527,0.611,0.0,0.054,-0.028,0
1140,58,1,11,0.82,0.522,0.906,0.5,0.206,0.035,0
1141,82,0,3,0.936,0.526,0.416,1.0,-0.284,0.042,1
1142,49,1,12,0.944,0.603,1.015,0.0,0.573,0.028,0
1143,39,1,6,0.933,0.547,0.7,0.0,0.18,0.261,0
1144,55,1,8,0.885,0.548,0.663,0.25,0.301,0.215,0
1145,75,0,7,0.822,0.582,0.357,0.75,-0.154,0.291,0
1146,74,0,9,1.215,0.649,1.077,0.0,0.672,0.468,0
1147,63,1,10,0.692,0.599,0.757,0.0,0.057,-0.128,0
1148,51,1,6,0.727,0.7,0.729,0.0,0.08,0.079,0
1149,30,1,4,0.728,0.624,0.693,0.5,0.121,-0.149,0
1150,65,0,7,0.937,0.487,0.461,0.0,0.109,0.106,0
1151,34,1,5,0.776,0.453,0.708,0.0,0.208,0.072,0
1152,82,0,8,0.765,0.514,0.706,0.75,0.219,0.009,0
1153,53,1,12,1.107,0.583,1.266,0.0,0.742,0.412,0
1154,32,0,3,0.895,0.652,0.075,0.0,-0.458,0.166,0
1155,46,0,10,0.975,0.453,0.723,0.0,0.084,0.212,0
1156,32,0,7,0.7,0.497,0.736,0.0,0.522,0.141,0
1157,30,1,7,0.938,0.611,0.792,0.25,0.529,0.174,0
1158,36,1,11,0.952,0.559,1.012,0.0,0.559,0.256,0
1159,81,1,9,1.105,0.631,0.611,0.0,0.052,0.356,0
1160,72,0,9,0.7,0.59,0.849,0.0,0.532,-0.008,0
1161,57,1,12,0.885,0.7,0.706,0.25,0.356,0.199,0
1162,56,1,6,0.805,0.603,0.567,1.0,0.23,0.178,0
1163,77,0,4,0.903,0.581,0.647,0.75,0.132,0.203,0
1164,50,1,6,0.704,0.535,0.74,0.0,0.431,0.054,0
1165,62,1,11,1.058,0.501,0.79,0.0,0.643,0.219,0
1166,71,1,12,0.7,0.594,0.971,0.0,0.066,0.187,0
1167,58,1,3,0.669,0.506,0.896,0.0,0.498,-0.008,0
1168,48,1,8,0.975,0.458,0.64,0.5,0.076,0.224,0
1169,49,0,7,0.815,0.61,0.7,0.5,0.357,0.115,0
1170,33,1,6,0.722,0.525,0.488,0.0,-0.124,-0.068,0
1171,37,1,5,0.563,0.744,0.268,0.0,-0.003,-0.038,0
1172,39,0,8,0.851,0.569,0.936,0.0,0.729,0.102,0
1173,70,1,3,0.706,0.569,0.542,1.0,-0.158,-0.019,0
1174,72,1,11,0.88,0.721,0.917,0.0,0.475,0.113,0
1175,37,1,7,0.815,0.534,0.818,1.0,0.208,-0.007,0
1176,33,0,8,0.769,0.632,0.725,0.0,0.316,-0.135,0
1177,51,1,9,1.042,0.697,1.034,0.0,0.714,0.192,0
1178,68,0,6,1.003,0.604,0.527,0.0,0.013,0.185,0
1179,66,0,6,0.866,0.372,0.999,0.0,0.809,0.04,0
1180,65,1,6,0.778,0.648,0.9,1.0,0.631,-0.16,0
1181,70,0,4,0.865,0.647,0.757,0.75,0.341,0.154,0
1182,82,1,10,1.121,0.686,0.851,0.25,0.59,0.541,0
1183,64,0,9,1.08,0.563,0.722,0.0,0.022,0.37,0
1184,33,0,3,0.695,0.569,0.676,0.0,0.267,-0.073,0
1185,38,0,10,1.173,0.524,0.7,0.0,0.154,0.272,0
1186,49,1,8,0.874,0.426,0.7,0.0,0.189,-0.071,0
1187,68,1,7,0.711,0.635,0.969,0.75,0.466,0.011,1
1188,56,1,11,0.79,0.562,0.818,0.0,0.503,0.179,0
1189,79,0,6,0.816,0.751,0.977,0.25,0.695,0.08,0
1190,31,0,10,1.044,0.527,0.767,1.0,0.071,0.351,0
1191,45,0,8,0.909,0.609,0.614,0.0,0.229,0.233,0
1192,61,0,8,0.869,0.477,0.968,0.0,0.479,0.208,0
1193,72,1,9,0.92,0.557,0.938,0.0,0.581,0.109,0
1194,84,1,11,0.985,0.563,0.937,0.0,0.178,0.147,0
1195,65,0,3,0.645,0.555,0.563,0.5,0.228,-0.024,0
1196,75,0,7,0.865,0.479,0.817,0.75,0.367,0.024,0
1197,40,1,9,0.993,0.685,0.52,0.0,0.134,-0.099,0
1198,43,1,6,0.865,0.57,0.883,0.0,0.451,0.099,0
1199,65,1,7,1.118,0.575,0.781,0.5,0.417,0.424,0
1200,56,1,7,0.696,0.443,0.574,0.5,0.18,0.055,0
1201,41,1,10,0.988,0.485,0.87,0.25,0.352,0.403,0
1202,50,0,6,0.822,0.482,0.708,0.25,0.008,0.233,0
1203,67,1,10,0.933,0.485,0.721,0.0,0.353,0.103,0
1204,30,1,5,0.902,0.78,0.216,0.0,-0.298,0.262,0
1205,52,0,4,0.961,0.666,0.866,0.0,0.703,0.219,0
1206,73,0,10,0.917,0.527,0.701,0.0,0.198,0.136,0
1207,36,0,12,0.979,0.516,0.754,0.0,0.532,0.241,0
1208,66,1,11,0.796,0.604,0.908,1.0,0.334,-0.102,0
1209,71,1,5,0.966,0.486,0.457,0.0,0.013,0.044,0
1210,43,1,9,0.965,0.591,0.837,0.75,0.434,0.045,0
1211,30,0,5,0.998,0.607,0.738,0.0,0.441,-0.073,0
1212,76,0,7,0.938,0.54,0.64,0.25,0.103,0.195,0
1213,80,1,3,0.63,0.63,0.606,0.0,0.118,-0.159,0
1214,37,1,11,0.922,0.591,0.71,0.0,0.285,0.03,0
1215,65,0,8,0.825,0.716,1.08,0.75,0.833,0.134,0
1216,74,1,4,0.939,0.606,0.683,1.0,0.446,0.239,0
1217,71,1,9,0.7,0.503,1.03,0.0,0.293,-0.025,0
1218,63,1,6,0.95,0.69,1.02,0.5,0.719,0.16,1
1219,31,0,4,1.036,0.612,0.894,0.0,0.535,0.132,0
1220,48,0,3,0.598,0.595,0.735,0.0,0.126,-0.172,0
1221,80,1,7,0.81,0.698,0.73,0.25,0.217,-0.212,0
1222,70,1,11,0.962,0.556,0.649,0.0,0.199,0.245,0
1223,54,0,5,0.761,0.631,0.568,0.75,-0.03,0.017,0
1224,54,1,5,0.874,0.713,0.843,0.0,0.299,0.087,1
1225,40,1,5,0.745,0.567,0.404,0.0,0.055,-0.226,0
1226,30,1,6,0.7,0.701,0.64,0.0,0.228,0.1,0
1227,76,1,6,0.564,0.581,0.679,0.25,0.09,-0.241,0
1228,53,0,7,0.869,0.637,0.698,0.0,0.401,0.054,0
1229,51,0,9,0.769,0.506,0.763,0.75,0.557,0.107,0
1230,33,1,7,0.785,0.57,0.762,0.0,0.531,0.164,0
1231,42,1,11,0.773,0.485,0.995,0.0,0.469,0.051,0
1232,56,0,5,0.776,0.52,0.641,0.25,0.273,0.202,0
1233,34,1,6,0.838,0.529,0.892,0.25,0.372,0.279,0
1234,58,1,5,0.792,0.563,0.662,0.25,0.322,0.052,0
1235,55,0,3,0.629,0.64,0.553,0.0,0.028,-0.064,0
1236,78,0,12,0.901,0.678,0.774,0.0,0.431,-0.11,1
1237,60,1,11,0.82,0.463,0.534,0.75,0.125,0.208,0
1238,66,0,9,0.942,0.473,1.13,0.5,0.566,-0.102,0
1239,84,1,4,0.832,0.592,0.516,0.5,0.079,-0.025,1
1240,40,1,5,0.661,0.762,0.555,0.0,0.109,-0.174,0
1241,57,1,7,0.696,0.432,0.7,0.25,0.002,-0.054,0
1242,84,0,8,0.793,0.584,0.739,0.0,0.484,-0.0,1
1243,44,1,6,0.766,0.522,0.534,0.0,-0.166,0.158,0
1244,73,1,9,1.059,0.429,0.693,0.25,0.367,0.496,1
1245,60,1,8,0.919,0.7,0.564,0.5,-0.136,0.225,0
1246,66,1,7,0.738,0.595,0.7,0.25,0.109,-0.072,0
1247,81,1,4,0.78,0.578,0.536,1.0,-0.002,0.179,0
1248,80,0,10,0.736,0.615,0.677,0.0,0.017,-0.083,0
1249,62,1,6,0.857,0.621,0.497,0.0,0.132,0.176,0
1250,66,0,9,0.897,0.468,0.368,0.5,-0.188,0.175,0
1251,53,1,4,1.004,0.653,0.485,0.5,0.242,0.07,0
1252,67,0,10,0.876,0.609,0.938,0.25,0.469,0.273,0
1253,62,0,11,0.955,0.558,0.883,0.0,0.442,0.202,0
1254,67,0,11,1.119,0.593,0.929,0.25,0.433,0.444,0
1255,53,1,11,0.99,0.551,0.96,0.25,0.255,0.333,0
1256,34,1,11,0.815,0.566,1.062,0.0,0.473,-0.165,0
1257,79,1,6,0.745,0.622,0.975,0.0,0.415,-0.14,0
1258,58,1,9,0.717,0.492,0.728,0.5,0.086,-0.0,0
1259,69,1,9,0.732,0.589,0.621,0.5,0.22,0.125,0
1260,39,0,3,0.665,0.631,0.596,0.0,0.265,-0.017,0
1261,53,1,4,0.853,0.596,0.38,0.0,0.152,0.142,0
1262,66,1,6,0.791,0.652,0.622,0.0,0.125,0.134,0
1263,78,1,7,1.134,0.608,0.795,0.5,0.411,0.557,0
1264,64,1,12,0.769,0.577,0.645,0.5,0.215,0.192,0
1265,78,1,9,0.78,0.562,0.607,0.25,0.176,0.121,1
1266,32,0,3,0.976,0.635,0.431,0.0,-0.103,0.296,0
1267,30,0,4,0.83,0.643,0.683,0.25,0.593,0.056,0
1268,57,0,4,0.891,0.848,0.448,0.25,-0.019,0.259,0
1269,53,0,9,0.852,0.633,0.938,0.25,0.432,-0.056,0
1270,70,0,6,0.657,0.53,0.537,0.0,0.172,-0.211,0
1271,78,0,3,0.734,0.576,0.739,0.0,0.11,-0.115,0
1272,79,0,3,0.804,0.569,0.547,0.0,0.132,-0.018,0
1273,32,0,3,0.792,0.7,0.358,0.5,0.016,0.046,0
1274,82,0,6,0.692,0.517,0.747,0.5,0.177,-0.113,0
1275,48,0,4,0.842,0.571,0.46,1.0,-0.24,0.255,0
1276,65,0,9,0.821,0.632,0.837,0.0,0.488,0.055,0
1277,74,1,7,0.947,0.552,0.785,0.25,0.253,0.178,0
1278,56,0,10,0.842,0.481,0.807,0.25,0.357,0.095,0
1279,81,0,12,0.849,0.664,0.755,0.0,0.345,0.149,1
1280,39,0,12,1.049,0.527,0.782,0.0,0.373,0.141,0
1281,35,0,8,0.991,0.461,0.738,0.25,-0.061,0.366,0
1282,31,1,5,0.628,0.616,0.719,0.75,0.268,-0.371,0
1283,39,1,3,1.041,0.674,0.765,0.0,0.167,0.235,0
1284,46,1,5,0.867,0.598,0.709,0.75,0.47,0.294,0
1285,72,1,5,0.933,0.523,0.886,0.5,0.156,0.28,0
1286,45,1,10,0.815,0.596,0.709,0.0,0.406,0.141,0
1287,79,0,9,0.885,0.59,0.815,1.0,0.126,0.187,0
1288,84,0,11,0.857,0.736,0.851,0.5,0.14,0.152,1
1289,80,0,12,1.105,0.615,0.884,0.5,0.242,0.582,0
1290,65,0,3,0.702,0.645,0.644,0.0,0.43,-0.122,0
1291,71,0,3,0.7,0.611,0.393,0.0,-0.161,-0.033,0
1292,80,0,6,0.741,0.52,0.587,0.75,0.042,-0.03,0
1293,33,1,8,0.792,0.561,0.888,0.5,0.416,0.108,0
1294,37,1,9,1.0,0.514,0.836,0.0,0.503,0.23,0
1295,77,0,12,1.031,0.693,1.243,0.0,0.836,0.389,0
1296,57,1,12,0.92,0.636,1.114,0.0,0.735,0.22,0
1297,65,0,7,1.057,0.541,0.945,0.25,0.487,0.178,0
1298,33,1,10,1.059,0.663,0.777,0.0,0.409,0.34,0
1299,54,0,3,0.565,0.59,0.505,0.0,0.052,-0.365,0
1300,68,1,9,1.071,0.558,0.771,0.0,0.291,0.211,0
1301,43,0,7,0.992,0.523,0.684,0.0,-0.016,0.271,0
1302,68,1,11,1.056,0.542,0.953,0.0,0.58,0.356,0
1303,76,0,4,0.917,0.641,0.45,0.0,0.147,0.336,0
1304,70,0,7,0.941,0.506,0.765,0.5,0.15,0.287,0
1305,84,0,8,0.988,0.614,0.642,0.0,0.037,0.185,0
1306,70,1,11,0.822,0.659,1.117,0.75,0.507,-0.001,1
1307,81,0,5,0.894,0.645,0.661,0.25,0.048,0.153,0
1308,39,0,8,0.892,0.564,0.602,0.0,0.194,0.145,0
1309,74,1,12,1.069,0.562,0.982,0.75,0.586,0.447,0
1310,75,0,12,0.823,0.638,1.003,0.0,0.531,0.037,0
1311,72,0,12,0.98,0.483,0.936,0.5,0.712,0.151,0
1312,74,1,8,0.973,0.649,0.836,0.25,0.648,0.209,0
1313,46,1,11,0.999,0.546,1.005,0.0,0.608,0.029,0
1314,76,1,8,0.73,0.525,0.65,0.0,-0.103,0.024,1
1315,51,1,6,0.831,0.587,0.493,0.25,0.205,0.083,0
1316,71,0,12,0.919,0.544,1.201,0.75,0.652,0.279,0
1317,58,0,5,0.961,0.595,0.347,0.5,-0.359,0.269,0
1318,35,0,9,0.952,0.51,1.167,0.25,0.728,0.171,0
1319,53,1,12,0.833,0.724,0.898,0.0,0.628,0.135,0
1320,52,1,11,0.791,0.502,0.992,0.5,0.718,-0.132,0
1321,79,0,6,0.77,0.607,0.594,0.0,0.028,0.076,0
1322,51,1,12,1.073,0.519,0.902,0.5,0.202,0.374,1
1323,38,0,7,0.717,0.543,0.538,0.0,0.262,-0.11,0
1324,31,1,10,0.831,0.533,1.036,0.75,0.865,-0.037,0
1325,53,0,11,1.155,0.566,1.066,0.0,0.501,0.401,0
1326,74,1,12,1.184,0.551,0.804,0.0,0.158,0.344,0
1327,31,1,3,0.829,0.556,0.489,0.0,-0.09,0.086,0
1328,35,0,7,1.121,0.541,0.623,0.0,0.085,0.539,0
1329,45,1,12,0.936,0.563,1.072,1.0,0.372,0.278,1
1330,70,1,6,0.892,0.443,0.522,0.0,0.053,0.214,0
1331,55,0,10,0.789,0.495,0.548,0.5,0.075,0.039,0
1332,66,0,4,0.72,0.626,0.98,0.0,0.36,0.02,0
1333,72,1,11,0.888,0.534,0.872,0.0,0.417,0.225,0
1334,41,1,12,1.036,0.544,0.811,1.0,0.061,0.253,0
1335,75,0,12,1.05,0.456,0.965,0.0,0.51,0.619,0
1336,78,1,11,0.887,0.562,1.107,0.0,0.623,0.126,0
1337,56,0,11,0.872,0.409,0.632,1.0,0.217,0.214,0
1338,65,0,5,0.717,0.552,0.324,0.0,-0.047,0.065,0
1339,69,1,10,0.857,0.464,0.594,0.0,0.479,0.25,0
1340,65,1,11,0.806,0.519,0.952,0.0,0.356,0.12,0
1341,39,1,5,0.7,0.543,0.656,0.0,0.006,-0.065,0
1342,33,1,11,0.996,0.616,0.994,0.0,0.246,0.129,0
1343,33,0,10,0.975,0.411,0.693,0.0,0.385,0.388,0
1344,30,0,11,0.881,0.452,0.84,0.0,0.413,0.006,0
1345,32,1,11,0.932,0.675,0.679,0.0,-0.164,0.045,0
1346,71,0,5,0.857,0.566,0.459,0.25,-0.164,0.008,0
1347,50,1,6,0.913,0.644,0.662,0.25,-0.044,0.042,0
1348,40,1,9,1.065,0.445,0.859,0.0,0.328,0.234,0
1349,34,1,4,0.821,0.609,0.356,0.25,-0.015,-0.058,0
1350,58,1,4,0.926,0.651,0.708,0.0,0.117,0.225,0
1351,72,0,7,0.809,0.609,0.643,0.0,0.008,-0.027,0
1352,58,1,5,0.813,0.605,0.318,1.0,0.324,0.12,0
1353,57,1,12,0.996,0.58,1.04,0.0,0.586,0.251,0
1354,41,1,12,0.952,0.483,0.702,0.25,0.233,0.031,0
1355,30,0,10,0.703,0.579,0.67,0.0,0.106,-0.226,0
1356,58,1,7,0.806,0.624,0.77,0.25,0.291,-0.103,0
1357,56,1,9,0.651,0.636,0.702,0.0,-0.007,-0.018,0
1358,48,0,9,1.054,0.511,0.865,0.0,0.484,0.279,0
1359,40,1,6,0.987,0.592,0.463,0.0,0.163,0.352,0
1360,66,1,5,0.794,0.495,0.546,0.75,0.036,0.145,0
1361,70,1,8,0.897,0.695,0.656,0.0,0.002,0.353,0
1362,31,0,12,0.907,0.576,1.093,0.0,0.294,0.181,0
1363,79,1,8,0.866,0.59,0.706,0.0,0.158,0.133,0
1364,43,0,12,1.021,0.522,1.074,0.25,0.844,0.196,0
1365,69,0,6,0.868,0.667,0.401,0.0,0.006,0.124,0
1366,52,1,5,0.848,0.499,0.652,0.25,0.073,0.003,0
1367,41,0,5,0.812,0.676,0.76,0.0,0.099,-0.029,0
1368,36,1,11,0.976,0.567,0.611,0.5,0.146,0.027,0
1369,34,1,4,0.818,0.659,0.947,0.0,0.427,-0.183,0
1370,82,0,8,0.722,0.665,0.831,0.0,0.752,0.044,0
1371,65,0,10,1.08,0.525,1.025,0.0,0.554,0.441,0
1372,37,1,7,0.894,0.7,0.486,0.0,0.146,0.142,0
1373,52,0,3,0.563,0.608,0.427,0.0,0.127,-0.125,0
1374,34,1,3,0.716,0.595,0.694,0.75,0.262,-0.163,0
1375,30,0,8,0.844,0.673,0.737,0.25,0.489,0.078,0
1376,52,1,6,1.014,0.548,0.54,0.75,0.04,0.362,0
1377,32,0,4,0.866,0.523,0.59,0.25,0.061,0.004,0
1378,45,1,10,0.906,0.482,0.911,1.0,0.648,0.149,0
1379,36,1,5,0.919,0.578,0.467,1.0,-0.145,0.134,0
1380,39,1,6,0.657,0.519,0.976,0.5,0.434,-0.059,0
1381,67,1,5,1.065,0.635,0.665,0.0,0.115,0.501,0
1382,34,1,3,0.723,0.604,0.795,0.0,0.226,0.102,0
1383,83,1,7,0.984,0.553,0.639,1.0,0.322,0.367,0
1384,41,1,8,0.841,0.632,0.849,0.0,0.666,0.203,0
1385,51,0,7,0.783,0.727,0.818,0.0,0.231,-0.122,0
1386,62,0,3,0.688,0.617,0.686,0.0,0.379,-0.027,0
1387,35,1,3,0.879,0.517,0.685,0.0,0.028,0.357,0
1388,41,1,10,1.229,0.52,0.712,0.0,0.253,0.596,0
1389,46,1,11,1.025,0.549,0.7,0.25,0.293,0.364,0
1390,55,1,8,0.718,0.544,0.952,0.0,0.61,-0.241,0
1391,48,1,8,0.985,0.492,0.723,0.0,0.403,0.271,0
1392,78,0,6,0.999,0.611,0.608,0.5,0.048,0.373,0
1393,76,0,11,0.948,0.368,1.134,0.0,0.651,0.257,0
1394,77,1,12,0.887,0.575,0.893,0.0,0.577,0.08,0
1395,62,1,6,0.922,0.539,0.69,1.0,0.19,0.084,0
1396,84,1,3,0.515,0.529,0.758,0.0,0.33,-0.322,0
1397,59,1,12,0.817,0.7,0.519,0.0,-0.181,0.101,0
1398,64,0,5,0.76,0.591,0.781,0.0,0.642,0.106,0
1399,70,1,6,0.7,0.711,0.778,0.0,0.293,0.016,0
1400,37,0,3,0.741,0.464,0.532,0.0,-0.019,-0.068,0
1401,63,0,5,1.033,0.627,0.661,0.25,-0.035,0.352,0
1402,68,1,8,0.858,0.632,1.038,0.0,0.767,0.009,0
1403,61,0,8,0.881,0.564,0.796,0.0,0.387,-0.035,0
1404,39,1,11,0.83,0.649,1.031,0.0,0.551,0.199,0
1405,63,0,9,0.914,0.587,0.845,0.0,0.28,0.04,0
1406,41,0,5,0.877,0.451,0.774,1.0,0.135,0.18,0
1407,58,1,8,0.661,0.51,0.496,0.5,-0.049,0.214,0
1408,67,0,10,0.909,0.7,0.791,0.5,0.25,0.158,0
1409,61,0,5,0.847,0.611,0.703,0.0,0.467,-0.031,0
1410,58,0,7,0.977,0.562,0.669,0.5,0.307,0.093,0
1411,67,0,7,0.53,0.599,0.735,0.0,0.296,-0.224,0
1412,49,1,10,1.019,0.615,0.634,0.75,0.229,0.514,0
1413,51,0,7,0.858,0.64,0.759,1.0,0.297,-0.032,0
1414,46,0,6,0.626,0.719,0.332,0.5,-0.146,-0.145,0
1415,71,1,7,0.902,0.638,0.816,0.0,0.275,-0.016,0
1416,64,0,8,0.958,0.613,0.814,0.25,0.493,0.146,0
1417,80,0,10,0.993,0.708,0.841,0.0,0.519,0.155,0
1418,58,1,9,0.899,0.614,0.937,0.0,0.425,-0.044,0
1419,52,1,3,0.793,0.628,0.749,0.75,0.187,-0.123,0
1420,77,1,10,0.621,0.501,0.93,0.0,0.726,-0.199,0
1421,51,0,7,0.963,0.75,0.718,0.5,0.018,0.211,0
1422,62,0,4,0.72,0.587,0.476,0.25,0.181,-0.101,0
1423,68,1,3,0.911,0.7,0.542,1.0,-0.088,0.082,0
1424,76,0,11,1.091,0.57,0.76,0.0,0.241,0.125,0
1425,38,1,8,0.839,0.682,0.726,0.25,0.223,-0.188,0
1426,39,1,11,0.931,0.413,0.89,0.0,0.472,0.299,0
1427,60,0,11,1.08,0.54,0.628,0.5,0.381,0.113,0
1428,32,1,3,0.72,0.579,0.593,0.75,-0.014,-0.029,0
1429,39,1,7,0.971,0.572,0.803,0.5,-0.037,0.17,0
1430,55,1,4,0.714,0.647,1.156,0.0,0.79,0.087,0
1431,30,0,3,0.672,0.521,0.685,0.0,0.147,-0.055,0
1432,70,0,5,0.771,0.7,0.7,0.25,0.228,0.004,0
1433,81,0,9,0.771,0.552,0.983,1.0,0.612,0.04,1
1434,54,1,3,0.66,0.701,0.582,0.0,-0.082,-0.04,0
1435,77,0,11,0.762,0.598,0.968,0.75,0.656,0.054,0
1436,80,1,4,0.637,0.591,0.922,1.0,0.638,-0.011,0
1437,40,1,11,0.717,0.493,0.7,0.0,-0.213,0.058,0
1438,38,0,12,0.789,0.552,0.915,0.5,0.416,0.118,0
1439,75,0,7,1.033,0.557,0.84,0.0,0.553,0.333,0
1440,82,0,9,0.839,0.426,0.636,0.25,0.33,0.189,1
1441,62,0,5,0.691,0.574,0.592,1.0,0.031,0.009,0
1442,76,1,4,0.81,0.668,0.675,0.0,0.429,0.127,0
1443,45,0,8,0.7,0.491,0.936,0.5,0.815,-0.082,0
1444,64,0,12,0.974,0.464,1.0,1.0,0.486,0.274,1
1445,39,0,9,0.757,0.552,0.769,0.0,0.283,-0.059,0
1446,82,0,6,0.941,0.523,0.795,0.0,0.152,0.064,0
1447,70,0,10,0.937,0.548,0.857,0.25,0.813,0.24,0
1448,30,0,8,1.016,0.49,0.696,0.75,0.411,0.276,0
1449,50,0,6,0.902,0.67,0.703,1.0,-0.103,0.047,0
1450,43,1,8,1.135,0.603,0.829,0.75,0.142,0.213,0
1451,39,0,11,0.943,0.576,0.62,0.0,0.668,0.076,0
1452,38,0,10,1.1,0.537,0.661,0.75,0.083,0.372,0
1453,77,0,3,0.726,0.562,0.509,0.0,-0.17,0.078,0
1454,57,1,3,0.488,0.483,0.501,0.0,0.056,-0.326,0
1455,63,0,5,0.947,0.585,0.577,0.0,-0.213,0.206,0
1456,55,1,10,1.034,0.7,0.944,1.0,0.52,0.377,0
1457,59,0,8,0.734,0.61,0.759,0.0,0.321,0.103,0
1458,74,1,4,0.979,0.658,0.595,0.5,-0.139,0.472,0
1459,38,0,9,1.02,0.487,0.898,0.0,0.735,0.415,0
1460,78,1,3,0.837,0.662,0.483,0.0,0.279,0.063,0
1461,52,0,7,0.732,0.446,0.518,0.75,-0.135,0.059,0
1462,79,0,3,0.868,0.702,0.287,0.0,0.009,0.054,0
1463,74,0,11,0.928,0.786,0.922,1.0,0.254,0.144,0
1464,58,0,12,0.962,0.503,0.842,0.75,0.208,0.278,1
1465,38,0,4,0.767,0.609,0.676,0.5,0.461,0.173,0
1466,41,1,7,0.793,0.523,0.954,0.25,0.45,0.093,0
1467,65,0,4,0.661,0.557,0.582,0.0,-0.086,-0.092,0
1468,74,1,8,0.75,0.569,0.657,0.5,0.336,0.245,0
1469,61,1,10,0.83,0.515,1.028,0.5,0.381,0.067,0
1470,41,1,5,0.812,0.688,0.755,0.5,0.274,0.179,0
1471,65,1,3,0.749,0.65,0.516,0.0,-0.08,-0.052,0
1472,53,1,7,0.616,0.609,1.111,0.75,0.367,-0.222,0
1473,49,1,4,0.887,0.669,0.662,0.0,0.173,0.054,0
1474,41,0,8,0.949,0.529,0.774,0.5,0.238,0.174,0
1475,66,1,8,0.892,0.626,0.679,0.25,0.083,0.066,0
1476,76,0,5,1.015,0.56,0.559,0.0,0.191,0.238,0
1477,42,1,5,0.707,0.615,0.673,0.0,0.354,-0.201,0
1478,45,1,10,0.763,0.639,0.896,0.0,0.423,-0.071,0
1479,51,0,8,0.783,0.534,0.605,0.0,0.317,0.077,0
1480,35,1,10,0.929,0.589,0.895,0.0,0.369,0.169,0
1481,55,0,12,1.075,0.613,0.869,0.5,0.449,0.375,0
1482,66,0,9,0.956,0.476,1.353,0.0,1.054,0.074,0
1483,74,0,5,0.783,0.632,0.666,0.0,0.006,0.298,0
1484,47,1,6,0.946,0.432,0.606,0.0,0.363,0.158,0
1485,84,0,6,0.677,0.465,0.613,0.25,0.308,-0.152,0
1486,63,1,4,0.825,0.435,0.229,0.0,-0.382,0.033,0
1487,41,1,12,0.98,0.635,1.127,0.75,0.803,0.181,0
1488,55,0,3,0.428,0.652,0.687,0.0,0.416,-0.272,0
1489,81,1,10,0.856,0.612,0.767,0.25,0.29,-0.15,0
1490,53,0,7,0.916,0.643,0.641,0.75,0.118,0.116,0
1491,51,0,9,0.815,0.474,0.73,0.0,0.399,-0.116,0
1492,75,1,11,1.027,0.34,0.967,0.0,0.708,0.351,1
1493,84,1,7,0.98,0.594,0.622,0.25,-0.228,0.28,1
1494,84,0,3,0.782,0.631,0.492,0.0,-0.098,-0.037,0
1495,69,1,12,0.954,0.489,1.047,0.5,0.577,0.231,1
1496,59,0,7,0.87,0.673,1.01,0.5,0.598,0.038,0
1497,40,1,5,0.695,0.604,0.804,0.0,0.434,-0.081,0
1498,52,1,4,0.883,0.612,0.751,0.75,0.174,0.213,0
1499,56,0,11,0.863,0.677,0.972,0.75,0.377,0.094,0
1500,30,0,11,0.857,0.601,0.939,0.0,0.261,0.311,0
1501,48,1,7,0.87,0.581,0.647,0.0,0.494,-0.101,0
1502,67,1,8,0.835,0.527,0.872,0.0,0.314,0.105,0
1503,63,1,6,0.94,0.591,0.682,0.0,0.113,0.284,0
1504,50,0,8,1.025,0.585,0.826,1.0,0.56,0.2,0
1505,66,1,7,0.747,0.507,0.768,0.0,0.274,0.061,0
1506,81,1,3,0.826,0.626,0.916,0.25,0.191,0.101,1
1507,52,1,5,0.788,0.575,0.806,1.0,0.406,0.145,1
1508,36,1,4,0.852,0.593,0.498,1.0,-0.093,0.104,0
1509,41,0,12,0.866,0.576,0.847,0.75,0.576,-0.018,0
1510,49,1,4,0.863,0.52,0.431,0.5,-0.269,0.047,0
1511,75,1,3,0.682,0.633,0.571,0.5,0.368,-0.16,0
1512,83,0,10,0.894,0.66,0.836,1.0,0.548,0.08,1
1513,54,0,4,0.734,0.712,0.555,0.0,-0.09,-0.034,0
1514,57,1,9,0.775,0.523,0.912,0.25,0.294,0.116,0
1515,37,0,7,0.883,0.639,0.73,0.0,0.137,0.264,0
1516,50,1,5,0.911,0.657,0.543,0.5,0.145,0.168,0
1517,84,0,9,1.14,0.457,0.426,0.0,-0.391,0.506,0
1518,74,1,10,0.818,0.456,0.592,0.5,0.25,0.25,0
1519,33,0,9,0.991,0.634,0.776,0.0,0.557,0.402,0
1520,66,1,4,0.948,0.765,0.816,0.0,0.2,-0.036,0
1521,31,1,12,0.759,0.562,0.819,0.75,0.453,-0.056,0
1522,65,0,8,0.739,0.574,0.635,0.0,0.224,0.277,0
1523,34,0,12,1.037,0.464,1.071,0.0,0.715,0.39,0
1524,30,0,5,0.778,0.392,0.7,0.0,0.184,0.037,0
1525,60,1,3,0.7,0.533,0.272,0.25,-0.347,-0.076,0
1526,42,0,9,0.916,0.548,0.696,0.0,0.302,0.197,0
1527,33,1,12,0.977,0.515,0.851,0.5,0.399,0.399,0
1528,40,1,8,0.644,0.541,0.7,0.0,0.31,-0.081,0
1529,83,1,8,0.856,0.693,0.647,0.0,0.209,0.23,0
1530,84,1,3,0.953,0.605,0.691,0.5,0.437,0.16,0
1531,84,1,11,0.888,0.645,1.229,1.0,0.561,0.302,1
1532,32,1,9,1.035,0.509,0.884,0.0,0.702,0.446,0
1533,71,1,8,0.711,0.556,0.798,0.25,0.337,-0.004,0
1534,40,1,5,0.71,0.619,0.816,0.0,0.281,0.058,0
1535,60,0,8,1.025,0.596,0.769,0.0,0.265,0.43,0
1536,74,0,10,1.027,0.489,0.762,0.5,0.676,0.138,0
1537,57,0,6,0.656,0.407,0.487,0.0,0.242,-0.147,0
1538,72,1,5,0.682,0.56,0.751,0.0,0.178,-0.176,0
1539,55,1,9,1.001,0.533,0.792,0.25,0.155,0.51,0
1540,58,1,4,0.804,0.492,0.641,0.25,0.136,0.069,0
1541,75,1,11,0.757,0.601,0.875,0.0,0.599,0.109,1
1542,76,0,9,1.063,0.548,0.86,1.0,0.423,0.487,1
1543,74,0,7,0.725,0.613,0.656,0.0,0.026,-0.019,0
1544,66,1,11,0.983,0.603,0.873,1.0,-0.058,-0.125,0
1545,63,0,7,0.746,0.599,0.733,0.0,0.085,-0.002,0
1546,38,1,9,1.043,0.588,0.695,0.5,0.393,0.365,0
1547,72,1,4,0.752,0.704,0.633,0.0,0.134,0.155,0
1548,66,0,5,0.973,0.651,0.491,1.0,-0.121,0.045,0
1549,48,1,12,0.85,0.486,0.922,0.75,0.515,0.081,0
1550,64,0,10,0.919,0.451,1.14,0.25,0.645,0.277,0
1551,83,1,10,0.974,0.402,0.788,0.0,0.144,0.294,0
1552,60,0,3,0.906,0.555,0.37,0.75,0.061,0.165,0
1553,42,1,12,0.97,0.46,0.932,0.0,0.232,0.099,0
1554,61,0,5,1.08,0.633,0.65,0.0,0.298,0.376,0
1555,84,1,4,1.021,0.603,0.515,0.5,0.017,0.23,0
1556,49,0,12,0.711,0.506,0.73,0.5,0.269,-0.007,0
1557,77,0,5,0.807,0.556,0.88,0.0,0.358,0.097,0
1558,62,0,10,0.908,0.554,0.952,0.5,0.607,0.177,0
1559,50,0,11,1.058,0.41,0.87,0.25,0.616,0.123,0
1560,69,1,4,0.846,0.566,0.7,0.0,0.063,0.273,0
1561,61,0,5,0.791,0.727,0.672,0.5,0.133,-0.0,0
1562,45,0,10,0.936,0.521,0.695,1.0,0.109,0.189,0
1563,74,0,5,0.687,0.473,0.25,0.0,-0.362,-0.118,0
1564,31,0,4,0.846,0.588,0.642,0.0,-0.179,-0.046,0
1565,63,0,5,0.853,0.574,0.619,0.0,-0.008,0.25,0
1566,63,0,4,0.707,0.579,0.318,0.25,-0.236,-0.173,0
1567,57,0,4,0.891,0.616,0.589,0.0,0.176,-0.012,0
1568,44,0,6,0.892,0.583,0.7,0.75,0.356,0.044,0
1569,83,1,12,1.114,0.579,0.545,0.0,0.092,0.475,0
1570,79,1,9,0.975,0.468,0.538,0.0,-0.093,0.183,0
1571,53,0,6,0.625,0.597,0.803,0.0,0.41,-0.029,0
1572,67,1,3,0.833,0.622,0.778,0.25,0.262,0.054,0
1573,34,1,11,1.187,0.438,0.792,1.0,0.42,0.217,0
1574,67,1,3,0.872,0.711,0.5,0.0,0.11,-0.049,0
1575,83,0,6,0.645,0.436,0.822,0.25,0.589,-0.172,1
1576,47,1,7,0.687,0.526,0.738,0.0,0.424,-0.263,0
1577,61,0,6,1.1,0.693,0.586,0.25,0.439,0.306,0
1578,42,0,11,0.991,0.519,1.189,1.0,0.694,0.196,0
1579,66,1,12,1.146,0.473,1.111,0.5,0.619,0.491,0
1580,75,0,3,0.754,0.573,0.948,0.25,0.4,-0.176,0
1581,38,1,10,0.786,0.541,0.578,0.0,0.338,0.248,0
1582,66,1,5,0.813,0.561,0.568,0.0,0.207,0.035,0
1583,54,1,5,1.011,0.606,0.78,0.75,0.356,0.16,0
1584,81,0,9,0.813,0.457,0.985,1.0,0.445,-0.074,0
1585,48,1,6,0.675,0.585,0.873,0.75,0.388,-0.07,0
1586,66,0,12,0.793,0.632,1.055,0.0,0.638,0.059,0
1587,47,0,10,0.905,0.405,0.904,0.5,0.705,0.205,0
1588,31,0,4,0.672,0.438,0.395,0.0,-0.351,-0.054,0
1589,35,0,5,0.849,0.66,0.464,1.0,0.229,0.034,0
1590,72,1,6,0.782,0.552,0.672,0.0,0.176,-0.043,0
1591,31,1,7,0.875,0.649,0.617,0.5,0.227,0.147,0
1592,34,0,7,0.78,0.619,0.787,0.25,0.169,0.032,0
1593,59,1,4,0.919,0.46,1.006,0.0,0.389,0.178,0
1594,33,0,11,0.861,0.62,1.062,0.0,0.486,0.036,0
1595,78,1,7,0.888,0.518,0.617,1.0,-0.083,0.131,1
1596,45,0,9,0.755,0.686,0.798,0.75,0.647,0.199,0
1597,65,0,3,0.671,0.533,0.38,0.0,0.109,-0.033,0
1598,62,0,5,0.784,0.704,0.708,0.5,0.036,0.137,0
1599,69,0,11,1.132,0.549,0.632,0.0,-0.068,0.282,0
1600,30,1,5,0.856,0.684,0.401,0.0,-0.342,0.081,0
1601,54,0,5,0.827,0.518,0.532,0.75,0.105,0.205,0
1602,57,0,12,1.195,0.457,1.006,1.0,0.77,0.247,0
1603,65,1,8,0.93,0.569,0.438,0.0,-0.216,0.316,0
1604,67,1,9,0.795,0.519,0.655,0.5,0.241,-0.061,0
1605,82,1,4,0.858,0.589,0.516,0.0,0.07,-0.014,1
1606,64,0,4,0.805,0.517,0.524,1.0,0.071,0.009,0
1607,72,0,6,0.665,0.659,0.744,1.0,0.337,0.017,0
1608,66,0,10,1.114,0.538,0.978,0.75,0.602,0.172,0
1609,67,0,6,1.138,0.544,0.676,0.0,0.306,0.605,0
1610,52,1,9,1.122,0.403,0.925,1.0,0.679,0.499,0
1611,40,1,7,0.903,0.556,1.001,0.5,0.509,-0.025,0
1612,31,0,5,0.709,0.713,0.666,0.5,0.354,0.017,0
1613,59,0,9,1.087,0.53,0.633,0.75,-0.059,0.501,0
1614,82,1,10,0.983,0.562,1.056,0.0,0.693,0.118,0
1615,37,0,11,0.96,0.595,0.815,0.0,0.5,0.217,0
1616,68,1,10,1.036,0.583,0.786,0.75,0.526,0.336,0
1617,51,0,7,1.093,0.565,0.749,0.0,0.355,0.352,0
1618,81,0,9,0.981,0.561,0.85,0.5,0.524,0.157,1
1619,43,0,5,0.831,0.615,0.476,1.0,-0.352,0.077,0
1620,72,1,9,0.739,0.432,0.577,0.5,0.239,0.01,0
1621,67,0,9,0.981,0.534,0.567,0.5,0.333,0.053,0
1622,32,0,3,0.784,0.546,0.672,0.25,0.309,0.085,0
1623,72,1,10,0.887,0.548,1.139,0.25,0.681,0.187,0
1624,42,1,9,1.163,0.554,0.909,0.5,0.491,0.388,0
1625,72,1,12,1.019,0.6,0.867,0.0,0.302,0.229,0
1626,69,0,7,1.129,0.645,0.816,0.0,0.207,0.277,0
1627,77,0,4,0.946,0.658,0.361,0.25,0.182,-0.013,0
1628,37,0,12,0.991,0.547,0.833,0.5,0.473,0.16,0
1629,80,0,8,0.94,0.656,0.973,0.0,0.719,0.24,1
1630,43,1,11,0.977,0.498,0.919,0.0,0.451,0.055,0
1631,54,1,11,1.002,0.531,0.93,0.0,0.655,0.162,0
1632,82,1,4,0.682,0.609,0.506,0.0,0.041,-0.005,0
1633,79,0,12,1.138,0.508,0.779,0.0,0.267,0.231,0
1634,38,0,8,0.953,0.641,0.816,0.75,0.567,0.338,0
1635,74,0,3,0.982,0.643,0.177,0.5,-0.414,0.261,0
1636,52,1,8,0.938,0.542,1.117,0.75,0.547,0.302,0
1637,62,1,11,1.062,0.482,0.693,0.0,0.38,0.261,0
1638,61,0,12,0.915,0.523,0.813,0.75,0.329,0.148,0
1639,30,0,6,0.894,0.534,0.433,0.0,0.256,0.286,0
1640,40,1,12,0.823,0.643,0.944,0.0,0.283,0.063,0
1641,35,1,4,0.909,0.557,0.511,0.0,-0.006,0.21,0
1642,38,1,7,0.89,0.601,0.911,0.5,0.613,-0.199,0
1643,71,1,11,1.239,0.447,0.824,0.0,0.4,0.579,0
1644,36,0,7,0.7,0.638,0.793,0.75,0.485,-0.066,0
1645,54,1,11,0.936,0.598,1.068,0.75,0.402,0.191,0
1646,64,0,4,0.92,0.669,0.336,0.5,-0.698,0.312,0
1647,63,1,4,0.792,0.523,0.543,0.0,0.018,0.164,0
1648,44,1,9,0.682,0.622,1.024,0.0,0.677,0.082,0
1649,60,0,10,0.883,0.583,0.862,0.0,0.28,0.145,0
1650,69,1,12,0.92,0.494,0.77,0.75,0.308,0.235,0
1651,66,0,12,0.953,0.557,1.113,0.0,0.303,0.033,0
1652,42,0,12,0.883,0.539,1.155,0.5,1.021,0.13,0
1653,68,0,5,0.73,0.452,0.641,0.75,-0.057,0.05,0
1654,37,0,7,0.846,0.605,0.7,1.0,0.221,0.107,0
1655,82,0,9,0.881,0.611,0.7,0.0,0.291,0.02,0
1656,63,0,9,0.899,0.61,0.7,0.0,-0.107,0.181,0
1657,84,1,4,0.814,0.562,0.799,0.5,0.128,0.121,1
1658,63,0,3,0.771,0.576,0.579,0.75,0.197,-0.155,0
1659,52,0,9,0.862,0.565,0.942,0.25,0.265,0.177,0
1660,67,0,3,0.731,0.623,0.367,0.0,-0.157,0.007,0
1661,45,1,10,0.904,0.552,0.83,0.0,0.13,0.076,0
1662,81,0,4,0.7,0.539,0.718,0.75,0.243,0.0,0
1663,66,1,7,1.02,0.537,0.831,0.0,0.729,0.256,0
1664,33,0,4,0.809,0.543,0.567,0.0,-0.036,-0.042,0
1665,55,0,7,1.092,0.622,0.619,0.0,0.061,0.354,0
1666,43,0,8,0.882,0.564,0.842,0.5,0.478,-0.192,0
1667,47,1,11,0.726,0.517,0.896,0.0,0.548,0.119,0
1668,56,1,9,0.899,0.502,0.584,0.0,-0.116,0.205,0
1669,54,0,7,0.7,0.503,0.572,0.0,0.124,0.175,0
1670,83,0,5,0.634,0.642,0.942,0.5,0.634,-0.222,0
1671,57,1,3,0.778,0.563,0.381,0.0,0.018,0.033,0
1672,48,1,7,0.847,0.606,0.686,0.0,0.267,0.235,0
1673,60,0,9,0.93,0.571,0.867,0.75,0.471,0.325,1
1674,43,0,12,1.084,0.573,0.75,0.0,0.703,0.383,0
1675,38,1,7,0.742,0.58,0.892,0.0,0.289,-0.049,0
1676,82,1,3,0.873,0.578,0.674,0.25,0.349,-0.054,0
1677,44,1,11,0.872,0.467,1.058,0.25,0.48,0.121,0
1678,32,1,3,0.977,0.611,0.612,0.0,-0.092,0.059,0
1679,32,1,5,0.81,0.654,0.706,0.25,0.244,0.097,0
1680,51,1,4,0.595,0.467,0.513,0.5,-0.064,-0.189,0
1681,30,0,6,0.979,0.676,0.516,0.5,-0.018,0.145,0
1682,48,0,12,0.93,0.335,0.868,0.5,0.403,0.155,0
1683,39,0,12,0.726,0.583,0.7,0.0,0.185,-0.276,0
1684,68,0,4,0.706,0.629,0.652,0.5,0.087,-0.066,0
1685,52,1,3,0.77,0.598,0.696,0.0,0.417,0.069,0
1686,73,0,9,1.028,0.584,0.747,0.0,0.189,0.266,0
1687,45,1,5,0.622,0.645,0.475,0.0,-0.075,-0.039,0
1688,70,1,11,0.885,0.433,0.887,0.0,0.475,0.17,0
1689,70,0,6,0.683,0.643,0.611,0.0,0.162,-0.088,0
1690,55,1,6,0.825,0.57,0.719,0.25,0.353,0.181,0
1691,64,1,5,1.01,0.7,0.714,0.5,0.193,0.474,0
1692,53,0,11,0.816,0.544,0.834,0.5,0.146,0.112,0
1693,50,0,4,0.902,0.54,0.358,0.25,-0.234,0.181,0
1694,40,1,12,1.018,0.674,0.845,0.0,0.55,0.145,0
1695,40,1,4,0.713,0.555,0.749,0.0,0.11,-0.192,0
1696,46,1,11,0.88,0.446,0.837,0.0,0.361,-0.245,0
1697,48,0,7,0.7,0.463,0.462,0.25,0.109,-0.148,0
1698,44,0,10,0.919,0.562,1.138,0.5,0.733,0.152,0
1699,84,1,11,0.818,0.535,0.919,0.5,0.272,0.136,1
1700,55,1,7,0.744,0.526,0.766,0.0,0.066,0.208,0
1701,52,1,9,1.093,0.487,1.098,0.75,0.813,0.323,0
1702,84,1,8,0.767,0.554,0.803,0.75,0.47,0.026,0
1703,63,1,8,0.664,0.461,0.713,0.5,0.337,-0.2,0
1704,48,1,12,1.063,0.574,0.996,0.75,0.577,0.399,0
1705,66,0,3,0.855,0.691,0.574,0.0,-0.174,0.013,0
1706,69,0,5,0.877,0.555,0.729,0.0,0.477,0.145,0
1707,65,0,12,1.038,0.62,1.021,0.0,0.13,0.25,0
1708,53,1,11,0.92,0.482,0.786,0.0,0.361,-0.113,0
1709,77,0,8,0.724,0.533,0.448,0.0,0.265,-0.041,0
1710,66,0,7,0.829,0.475,0.692,0.0,0.27,0.383,0
1711,70,1,7,0.763,0.556,0.707,0.0,-0.029,-0.092,0
1712,53,1,12,0.949,0.389,0.947,0.25,0.468,0.253,0
1713,41,0,11,0.87,0.602,0.703,0.0,-0.077,0.09,0
1714,68,1,12,1.038,0.587,0.528,1.0,-0.093,0.106,1
1715,71,0,7,0.857,0.65,0.352,1.0,-0.348,0.074,0
1716,64,0,9,0.768,0.509,0.452,0.5,-0.111,0.032,0
1717,77,0,4,0.816,0.615,0.576,0.0,0.212,0.198,0
1718,70,0,7,0.767,0.544,0.742,0.0,0.228,-0.033,0
1719,55,1,12,0.933,0.399,1.017,0.0,0.865,0.033,0
1720,57,0,9,0.843,0.576,0.901,0.0,0.532,-0.142,0
1721,80,1,8,0.734,0.707,0.973,0.5,0.558,-0.186,0
1722,66,1,9,0.991,0.422,0.945,0.0,0.564,0.145,0
1723,45,1,9,0.772,0.636,0.876,0.75,0.501,-0.093,0
1724,61,1,10,0.877,0.413,0.843,0.0,0.374,-0.001,0
1725,32,0,7,0.853,0.498,0.42,0.0,-0.068,-0.007,0
1726,81,1,5,0.997,0.439,0.688,0.0,0.523,0.334,0
1727,37,1,9,0.982,0.504,0.629,0.0,0.315,0.187,0
1728,31,1,3,0.844,0.672,0.844,0.0,0.383,0.208,0
1729,60,1,5,0.831,0.456,1.077,0.25,0.403,0.16,0
1730,37,0,10,0.903,0.609,1.071,0.25,0.269,0.007,0
1731,61,0,7,0.758,0.63,0.883,0.25,0.458,-0.062,0
1732,82,1,5,0.862,0.545,0.605,0.25,0.176,0.078,0
1733,58,0,6,0.764,0.753,0.515,0.0,0.318,-0.122,0
1734,84,1,4,0.919,0.705,0.474,0.5,0.436,0.147,0
1735,34,0,3,0.638,0.675,0.3,0.5,-0.097,-0.151,0
1736,49,1,4,0.726,0.724,0.481,0.25,-0.211,-0.173,0
1737,41,1,9,0.875,0.382,0.652,0.0,0.388,0.275,0
1738,34,0,3,0.799,0.58,0.513,0.0,-0.028,-0.199,0
1739,42,1,10,0.933,0.558,1.276,0.5,0.747,0.114,0
1740,34,0,11,1.016,0.565,0.777,0.5,0.493,0.374,0
1741,73,1,6,0.845,0.733,0.549,0.0,-0.214,-0.008,0
1742,36,1,9,0.887,0.629,0.703,0.75,0.278,0.17,0
1743,71,0,6,0.96,0.565,0.919,1.0,0.697,0.142,0
1744,40,0,3,0.908,0.516,0.67,0.5,0.105,0.21,0
1745,83,0,10,0.909,0.561,0.929,0.5,0.286,0.209,0
1746,73,1,9,1.026,0.635,0.665,0.0,0.066,-0.049,0
1747,34,0,6,0.768,0.491,0.415,0.0,0.233,-0.055,0
1748,72,1,3,0.684,0.576,0.682,0.0,0.091,-0.011,0
1749,35,0,12,0.964,0.446,1.198,0.25,0.949,0.32,0
1750,41,1,9,1.175,0.483,0.885,0.0,0.261,0.343,0
1751,61,1,9,0.897,0.664,0.672,0.0,0.542,0.346,0
1752,41,0,5,0.959,0.612,0.567,0.25,0.081,0.334,0
1753,77,0,3,0.684,0.688,0.384,1.0,-0.316,-0.025,0
1754,81,0,4,0.526,0.656,0.577,0.0,0.197,-0.231,0
1755,58,0,7,0.993,0.618,0.455,0.0,-0.226,0.235,0
1756,48,0,12,0.7,0.505,0.547,0.0,-0.059,-0.13,0
1757,65,0,9,0.939,0.459,1.12,0.5,0.713,0.206,0
1758,48,1,11,1.0,0.6,0.691,0.0,0.061,0.321,0
1759,67,0,10,1.086,0.532,0.974,0.5,0.525,0.483,0
1760,67,0,6,0.797,0.7,0.718,0.0,0.591,-0.104,0
1761,37,0,7,0.907,0.558,0.705,0.5,0.189,0.262,0
1762,47,0,8,0.859,0.557,1.014,1.0,0.553,0.203,0
1763,83,1,12,0.926,0.526,0.931,0.0,0.616,0.295,0
1764,48,1,11,1.038,0.586,1.042,0.0,0.748,0.495,0
1765,48,1,5,0.784,0.722,0.703,0.0,0.376,0.128,0
1766,30,1,8,0.859,0.551,0.9,0.5,0.34,-0.081,0
1767,61,1,8,1.037,0.506,0.666,1.0,0.129,0.4,0
1768,69,1,9,1.04,0.548,0.82,0.25,0.138,0.172,0
1769,51,1,7,0.71,0.613,0.647,0.0,0.195,-0.256,0
1770,52,0,8,0.951,0.562,0.532,0.0,0.046,0.157,0
1771,74,0,10,0.752,0.459,0.691,0.0,0.047,0.123,1
1772,74,0,12,0.859,0.587,0.854,1.0,0.548,-0.11,0
1773,80,1,9,0.949,0.606,0.826,0.0,0.134,0.229,0
1774,82,1,11,0.832,0.66,0.904,0.0,0.189,0.142,0
1775,32,1,8,0.841,0.584,0.657,0.0,-0.208,-0.116,0
1776,57,0,3,0.942,0.701,0.564,0.0,0.163,0.299,0
1777,71,0,7,0.653,0.55,0.72,0.5,0.071,-0.031,0
1778,57,0,7,1.152,0.565,0.742,0.25,0.634,0.637,0
1779,46,0,3,0.775,0.656,0.753,1.0,0.127,0.075,0
1780,47,1,11,0.951,0.6,1.168,0.0,0.878,0.25,0
1781,56,0,5,0.79,0.663,0.866,0.0,0.525,0.28,0
1782,77,0,4,0.681,0.535,0.458,0.0,-0.242,-0.066,0
1783,42,0,8,0.884,0.724,0.7,0.0,0.533,0.167,0
1784,48,1,3,0.726,0.69,0.216,0.0,-0.61,-0.135,0
1785,59,0,5,0.69,0.74,0.753,0.75,0.181,-0.062,0
1786,83,1,11,1.137,0.538,0.852,0.5,0.485,0.452,0
1787,59,0,4,1.013,0.48,0.767,0.0,0.498,0.287,0
1788,55,0,7,0.626,0.638,1.086,0.5,0.609,-0.152,0
1789,33,1,6,0.87,0.629,0.798,0.0,0.098,-0.076,0
1790,31,0,10,1.013,0.604,0.749,0.0,0.429,0.294,0
1791,51,1,3,0.649,0.572,0.912,0.0,0.169,-0.241,0
1792,69,1,5,0.736,0.674,0.354,0.5,-0.194,0.039,0
1793,70,0,7,0.964,0.627,0.663,0.5,0.32,0.022,0
1794,32,0,5,0.89,0.571,0.623,0.5,0.103,0.174,0
1795,48,0,6,0.894,0.628,0.471,0.25,-0.498,0.254,0
1796,44,0,3,0.889,0.643,0.448,0.0,0.068,0.12,0
1797,82,0,7,0.937,0.674,0.544,0.25,0.194,0.105,1
1798,82,1,12,1.021,0.462,0.965,0.0,0.585,0.377,0
1799,45,0,4,0.739,0.579,0.448,0.0,0.067,0.009,0
1800,63,0,9,0.88,0.538,0.761,0.0,-0.065,0.321,0
1801,45,1,6,0.837,0.649,0.71,0.0,0.719,0.356,0
1802,41,1,5,0.793,0.528,0.609,0.5,0.097,-0.039,0
1803,33,1,7,0.778,0.606,0.776,1.0,0.261,0.051,0
1804,41,0,12,0.734,0.617,0.676,0.0,0.134,-0.117,0
1805,57,1,3,0.811,0.666,0.504,0.5,-0.089,0.017,0
1806,32,0,6,0.766,0.594,0.871,0.0,0.546,-0.115,0
1807,84,0,11,1.082,0.618,1.092,0.0,0.777,0.601,1
1808,38,0,3,0.863,0.679,0.433,1.0,-0.45,0.116,0
1809,47,0,3,0.635,0.666,0.678,0.0,0.25,-0.063,0
1810,36,0,7,0.643,0.442,0.73,0.0,0.262,-0.12,0
1811,72,0,6,0.87,0.632,1.007,1.0,0.413,0.208,0
1812,63,1,10,0.988,0.476,0.771,0.5,0.547,0.552,0
1813,53,1,4,0.752,0.745,0.718,0.0,0.346,-0.026,0
1814,36,1,8,0.959,0.616,0.701,0.5,0.106,0.288,0
1815,75,0,8,0.932,0.461,0.681,0.0,-0.138,0.1,0
1816,72,0,12,0.7,0.553,0.894,0.0,0.276,-0.145,0
1817,69,0,4,0.958,0.594,0.573,0.0,0.184,0.203,0
1818,60,1,6,0.984,0.667,0.954,0.0,0.412,0.304,0
1819,82,1,11,0.776,0.519,0.888,0.5,0.416,0.173,1
1820,38,1,6,0.778,0.489,0.774,0.0,0.329,0.099,0
1821,37,0,3,0.629,0.539,0.679,0.25,0.329,0.077,0
1822,69,1,3,0.727,0.592,0.462,0.5,0.165,0.02,0
1823,30,1,4,0.751,0.696,0.829,0.0,-0.019,-0.008,0
1824,42,0,3,0.722,0.658,0.476,0.0,0.1,-0.151,0
1825,78,0,8,1.032,0.589,0.771,0.5,0.374,0.339,1
1826,68,0,12,1.081,0.336,0.874,0.25,-0.002,0.326,0
1827,48,0,7,0.877,0.519,0.805,0.25,0.32,0.202,0
1828,45,0,11,1.01,0.565,0.808,0.0,0.315,0.267,0
1829,81,1,7,0.825,0.7,0.905,0.5,0.252,0.19,1
1830,51,1,3,0.805,0.564,0.493,0.75,0.067,0.055,0
1831,64,0,6,0.727,0.521,0.561,0.0,-0.16,-0.062,0
1832,46,1,11,0.971,0.68,0.731,0.0,0.126,0.343,0
1833,84,1,3,1.075,0.535,0.459,0.0,-0.195,0.31,0
1834,40,0,10,0.801,0.526,0.722,0.0,0.313,0.107,0
1835,48,1,11,0.7,0.579,0.537,0.0,0.084,-0.195,0
1836,67,0,3,0.755,0.636,0.268,0.75,-0.127,0.011,0
1837,47,0,3,0.659,0.601,0.642,0.75,0.073,-0.128,0
1838,44,1,9,1.023,0.548,1.114,0.0,0.413,0.233,0
1839,64,0,4,0.834,0.66,0.626,0.75,0.296,-0.026,0
1840,83,1,10,0.805,0.49,1.029,0.25,0.526,0.058,0
1841,40,1,9,0.899,0.643,0.854,0.5,0.689,0.196,0
1842,68,1,11,1.026,0.48,0.961,0.5,0.743,-0.038,0
1843,32,1,7,0.979,0.526,0.552,0.25,0.391,0.272,0
1844,58,0,10,0.759,0.536,0.919,0.5,0.596,-0.133,0
1845,55,0,11,0.744,0.488,0.735,0.0,0.232,0.223,0
1846,49,0,3,0.81,0.532,0.911,0.75,0.258,0.329,0
1847,83,0,3,0.903,0.644,0.586,0.0,-0.112,-0.004,0
1848,52,1,12,0.99,0.572,0.839,0.0,0.346,0.401,0
1849,84,0,5,0.626,0.649,0.606,0.25,0.205,-0.074,0
1850,82,1,9,0.863,0.582,1.137,0.0,0.624,0.299,1
1851,39,1,4,0.98,0.696,0.9,0.0,0.41,0.297,0
1852,57,0,12,1.016,0.515,1.173,1.0,0.782,0.207,0
1853,53,1,9,0.839,0.535,0.619,0.25,0.103,0.19,0
1854,39,1,11,0.976,0.622,0.7,0.0,0.249,0.196,0
1855,72,1,6,0.859,0.498,0.871,0.0,0.459,0.06,0
1856,76,1,5,0.888,0.539,0.809,0.25,-0.068,0.188,0
1857,71,1,3,0.793,0.7,0.55,0.0,-0.154,-0.088,0
1858,78,0,12,1.051,0.392,0.996,0.25,0.522,0.532,0
1859,71,0,5,0.84,0.586,0.392,0.0,0.022,0.095,0
1860,36,1,11,0.887,0.607,0.884,1.0,0.422,0.213,0
1861,70,0,10,0.894,0.56,0.866,0.0,0.166,0.133,0
1862,72,0,5,0.922,0.647,0.366,0.5,-0.173,-0.01,0
1863,73,0,6,0.741,0.628,0.923,0.75,0.571,0.055,0
1864,42,0,8,1.077,0.58,0.539,1.0,-0.001,0.24,0
1865,31,0,7,0.862,0.638,0.324,0.0,-0.376,0.162,0
1866,54,1,8,0.89,0.654,0.953,0.0,0.473,0.244,0
1867,61,0,4,0.79,0.656,0.947,0.25,0.676,-0.065,0
1868,39,0,4,0.782,0.68,0.56,0.5,0.15,0.082,0
1869,32,1,10,0.996,0.367,0.886,0.75,0.506,0.238,0
1870,82,1,9,1.102,0.484,0.667,0.0,0.146,0.422,0
1871,33,0,7,0.585,0.534,0.581,0.0,0.433,-0.127,0
1872,68,0,7,0.946,0.681,0.456,0.5,-0.094,-0.124,0
1873,44,1,10,1.158,0.499,0.58,1.0,-0.138,0.409,0
1874,42,1,8,0.918,0.616,0.689,0.75,0.27,0.166,0
1875,64,0,3,0.681,0.676,0.639,0.25,-0.168,0.048,0
1876,37,0,6,0.991,0.54,0.477,1.0,0.114,0.113,0
1877,74,1,5,0.914,0.767,0.352,0.0,-0.054,0.325,0
1878,38,1,5,0.856,0.459,0.494,0.0,0.28,0.093,0
1879,79,1,6,0.924,0.571,0.886,0.0,0.412,0.082,0
1880,76,1,11,0.905,0.407,0.725,1.0,0.327,0.158,0
1881,49,1,8,1.178,0.596,0.979,0.0,0.69,0.548,0
1882,30,1,6,0.849,0.657,0.998,0.0,0.524,0.312,0
1883,65,0,10,1.286,0.533,0.842,0.0,0.56,0.677,0
1884,79,0,4,0.881,0.629,0.451,0.5,-0.344,0.214,1
1885,51,0,7,0.76,0.576,0.545,1.0,0.01,-0.068,0
1886,45,0,11,0.88,0.317,0.598,0.5,-0.035,0.176,0
1887,61,1,3,0.806,0.549,0.444,0.0,-0.01,0.099,0
1888,35,1,9,0.759,0.543,0.783,0.25,0.444,0.208,0
1889,51,1,3,0.721,0.669,0.519,0.25,0.117,-0.059,0
1890,74,0,7,0.869,0.475,0.833,0.0,0.31,0.216,0
1891,63,1,11,0.853,0.53,0.983,0.0,0.317,-0.039,0
1892,46,0,3,0.801,0.346,0.415,1.0,-0.247,0.135,0
1893,63,1,6,0.905,0.624,0.72,0.75,0.323,-0.043,0
1894,59,0,10,0.771,0.619,0.75,0.75,0.2,0.075,0
1895,81,1,6,0.789,0.485,0.655,0.5,0.435,0.095,0
1896,30,0,4,0.951,0.445,0.347,0.0,-0.027,0.085,0
1897,62,0,7,0.857,0.459,0.911,0.0,0.567,0.195,0
1898,40,1,9,0.853,0.565,0.585,0.0,0.231,-0.085,0
1899,76,1,12,1.106,0.604,0.868,0.0,0.281,0.564,0
1900,73,1,4,0.827,0.583,0.542,0.75,0.05,0.154,0
1901,37,0,8,0.87,0.664,0.697,0.0,0.482,0.36,0
1902,77,1,6,0.805,0.669,0.526,0.0,-0.07,0.03,0
1903,34,1,7,0.897,0.676,0.724,0.5,0.078,-0.139,0
1904,31,0,5,0.876,0.438,0.862,0.5,0.188,0.055,0
1905,59,1,12,1.078,0.462,1.024,0.25,0.257,0.394,0
1906,71,1,11,0.803,0.618,1.127,0.0,0.594,-0.033,0
1907,33,0,6,1.1,0.575,0.989,0.25,0.574,0.384,0
1908,67,1,7,0.817,0.572,0.7,0.0,0.241,0.076,1
1909,72,1,3,0.698,0.706,0.464,0.5,0.083,-0.332,0
1910,35,0,5,1.083,0.651,0.7,0.5,0.394,0.428,0
1911,77,0,10,0.9,0.56,0.948,0.75,0.445,0.312,1
1912,54,0,12,0.841,0.579,0.853,0.0,0.442,0.112,0
1913,36,1,8,1.009,0.613,0.75,0.0,0.126,0.343,0
1914,72,0,9,0.7,0.43,0.416,0.0,-0.041,0.0,0
1915,69,1,7,1.023,0.407,0.753,0.25,0.236,0.365,0
1916,57,0,10,1.068,0.516,0.996,0.25,0.755,0.434,0
1917,77,1,3,0.764,0.622,0.714,0.5,-0.145,0.221,0
1918,41,0,11,1.104,0.61,1.075,0.75,0.418,0.266,0
1919,79,1,7,0.851,0.581,0.54,1.0,0.203,-0.122,1
1920,34,1,11,0.802,0.516,1.049,0.0,0.682,0.286,0
1921,73,0,12,1.247,0.533,0.676,0.0,0.063,0.545,0
1922,40,0,3,0.757,0.778,0.541,0.0,0.27,-0.131,0
1923,83,1,3,0.727,0.683,0.778,0.0,0.078,-0.038,0
1924,72,1,11,1.102,0.63,0.92,0.0,0.028,0.396,0
1925,32,0,9,0.955,0.66,0.793,0.0,0.456,0.293,0
1926,57,0,11,0.828,0.608,0.957,0.0,0.435,0.03,0
1927,56,0,8,0.834,0.526,0.745,0.0,0.172,0.042,0
1928,65,0,10,1.025,0.528,0.579,0.0,0.328,0.182,0
1929,41,1,12,0.807,0.561,1.24,0.0,0.84,-0.037,0
1930,79,0,11,0.839,0.499,0.903,0.5,0.375,0.181,0
1931,53,1,8,0.987,0.552,0.908,0.0,0.794,0.326,0
1932,68,0,3,0.953,0.571,0.287,0.0,-0.413,0.117,0
1933,45,0,3,0.7,0.694,0.633,0.0,0.289,-0.097,0
1934,39,1,8,1.014,0.588,0.718,0.25,-0.116,0.269,0
1935,45,0,7,0.952,0.675,0.987,0.0,0.498,0.222,0
1936,40,0,7,1.151,0.609,0.696,0.75,0.018,0.449,0
1937,68,0,10,0.973,0.422,0.593,0.0,0.49,0.267,0
1938,43,0,5,0.947,0.627,0.674,0.0,0.074,0.141,0
1939,41,1,5,0.783,0.658,0.514,0.0,0.037,0.008,0
1940,82,1,9,0.993,0.561,0.695,0.0,0.274,0.443,0
1941,43,0,3,0.769,0.595,0.47,0.0,-0.033,0.051,0
1942,50,1,8,0.796,0.644,1.022,1.0,0.604,0.079,0
1943,84,1,6,0.764,0.611,0.755,0.0,0.133,-0.062,0
1944,38,0,4,1.038,0.687,0.776,0.0,0.076,0.266,0
1945,34,0,10,1.001,0.567,0.753,0.0,0.342,0.374,0
1946,34,0,4,0.79,0.778,0.572,0.0,0.068,0.017,0
1947,49,1,8,0.671,0.552,0.725,0.0,0.023,-0.015,0
1948,42,0,5,0.988,0.623,0.868,0.5,0.395,0.25,0
1949,43,1,7,0.697,0.405,0.47,0.0,-0.342,-0.2,0
1950,37,1,8,0.989,0.544,0.673,0.75,0.248,0.28,0
1951,62,0,7,0.784,0.47,0.746,0.5,0.046,-0.022,0
1952,76,0,10,1.075,0.569,0.588,0.0,0.058,0.269,0
1953,63,1,9,0.847,0.505,0.905,0.5,0.267,-0.073,0
1954,75,1,9,0.954,0.603,0.793,0.0,0.505,0.162,0
1955,45,0,12,0.7,0.434,0.599,0.0,-0.198,0.29,0
1956,53,1,10,0.87,0.472,0.886,0.0,0.653,0.329,0
1957,45,0,12,0.88,0.596,0.883,0.0,0.406,0.095,0
1958,46,1,8,0.878,0.561,0.577,0.75,0.05,0.253,0
1959,47,0,4,0.865,0.574,0.556,0.5,0.129,0.241,0
1960,38,0,4,0.668,0.549,0.449,1.0,-0.041,-0.083,0
1961,40,1,12,0.804,0.448,0.745,0.5,0.136,0.026,0
1962,37,1,11,0.766,0.579,1.175,0.0,0.81,-0.074,0
1963,38,1,12,0.993,0.643,0.749,0.5,0.123,0.374,0
1964,79,1,7,1.006,0.567,0.834,0.0,0.405,0.564,0
1965,54,1,11,0.941,0.626,0.88,1.0,0.368,0.117,0
1966,31,1,12,0.931,0.487,0.997,0.0,0.656,0.262,0
1967,65,1,11,0.868,0.438,1.142,0.5,0.645,0.385,0
1968,42,1,12,1.005,0.519,1.155,0.0,0.883,0.418,0
1969,71,1,3,0.974,0.661,0.775,0.25,0.378,0.432,0
1970,70,0,8,0.698,0.605,0.754,0.0,0.195,-0.194,0
1971,66,1,7,1.065,0.599,0.556,0.0,0.104,0.254,0
1972,38,0,12,1.046,0.654,0.952,1.0,0.582,0.346,0
1973,69,0,6,0.964,0.681,0.397,0.0,-0.301,0.122,0
1974,54,0,4,0.787,0.72,0.492,0.25,-0.121,0.114,0
1975,40,0,3,0.61,0.637,0.399,0.5,-0.274,-0.044,0
1976,81,1,4,0.961,0.619,0.678,0.5,0.257,0.087,0
1977,72,1,3,1.005,0.619,0.594,0.25,0.378,0.203,0
1978,68,0,9,1.047,0.409,0.601,0.5,0.412,0.457,0
1979,54,0,5,0.862,0.622,0.505,0.0,-0.154,0.14,0
1980,65,0,9,1.007,0.607,0.859,0.0,0.097,0.26,0
1981,40,1,9,0.937,0.637,0.731,0.0,0.105,0.124,0
1982,37,0,7,0.942,0.492,0.551,0.0,0.224,0.243,0
1983,31,1,5,0.752,0.577,0.874,0.0,0.466,0.052,0
1984,76,0,11,0.892,0.535,0.723,0.0,0.221,0.073,0
1985,78,0,3,0.965,0.557,0.715,0.75,0.283,0.113,0
1986,78,1,7,0.902,0.634,0.597,1.0,0.354,-0.018,1
1987,70,0,3,0.986,0.697,0.536,0.5,0.107,0.294,0
1988,46,0,11,1.138,0.7,0.77,0.5,0.297,0.32,0
1989,33,1,8,0.98,0.62,0.567,1.0,-0.053,0.254,0
1990,37,1,7,0.993,0.591,0.815,0.25,0.317,0.16,0
1991,64,1,6,0.722,0.629,0.362,0.75,-0.325,0.022,0
1992,62,0,10,0.886,0.539,0.951,1.0,0.545,0.418,0
1993,64,1,5,0.689,0.526,0.688,0.25,0.131,-0.001,0
1994,66,1,4,0.65,0.551,0.717,0.75,-0.041,0.186,1
1995,83,0,3,0.729,0.686,0.7,0.5,0.202,-0.185,0
1996,71,1,12,1.106,0.535,1.296,0.25,0.807,0.383,0
1997,45,1,10,0.838,0.473,0.323,0.0,-0.27,0.082,0
1998,63,1,9,1.031,0.599,0.672,0.0,0.262,0.152,0
1999,71,0,12,1.314,0.493,0.921,0.75,0.568,0.601,0
2000,82,1,9,0.997,0.557,0.851,0.0,0.558,0.234,1
2001,58,1,6,0.844,0.659,0.803,1.0,0.548,0.077,1
2002,45,0,3,0.938,0.617,0.856,0.0,0.414,0.208,0
2003,70,1,5,0.823,0.593,0.833,0.0,0.434,0.015,0
2004,36,1,5,0.923,0.689,0.705,0.25,0.269,0.175,0
2005,65,1,10,1.121,0.531,0.684,0.0,0.249,0.434,0
2006,72,0,9,0.853,0.56,0.853,0.5,0.675,0.133,0
2007,32,0,4,1.12,0.605,0.984,0.25,0.528,0.238,0
2008,57,0,10,1.032,0.611,0.824,0.25,0.57,0.216,0
2009,31,1,5,0.768,0.679,0.39,0.0,0.001,-0.1,0
2010,37,1,8,0.815,0.681,0.618,0.0,0.17,-0.065,0
2011,54,1,12,0.881,0.52,0.959,0.5,0.498,0.429,0
2012,72,1,11,1.041,0.413,1.009,0.0,0.664,0.107,0
2013,39,1,10,0.937,0.562,0.825,0.5,0.31,0.209,0
2014,41,0,8,0.886,0.516,0.885,0.0,0.236,0.103,0
2015,56,0,5,0.812,0.628,0.646,1.0,-0.126,0.135,0
2016,81,1,8,0.789,0.511,0.493,0.5,0.041,0.188,0
2017,53,0,7,0.672,0.603,0.906,1.0,0.314,-0.063,0
2018,69,1,6,0.891,0.577,0.931,0.0,0.446,0.1,0
2019,66,1,9,0.923,0.629,0.844,0.75,0.686,0.156,0
2020,51,0,6,0.811,0.538,0.673,1.0,0.517,-0.022,0
2021,45,0,12,1.083,0.612,1.216,1.0,0.763,0.341,0
2022,67,0,12,0.955,0.517,1.374,0.0,0.989,0.299,0
2023,75,0,9,0.896,0.447,0.81,0.25,0.527,0.041,0
2024,47,0,11,0.96,0.647,0.824,1.0,0.276,0.316,0
2025,64,1,7,0.863,0.564,0.583,0.5,0.286,0.306,0
2026,39,0,7,1.053,0.607,0.637,0.0,0.133,0.283,0
2027,61,0,12,1.26,0.522,0.861,0.0,0.571,0.398,0
2028,43,1,9,1.009,0.6,0.888,0.0,0.415,0.271,0
2029,32,1,10,0.837,0.675,0.879,0.25,0.25,-0.073,0
2030,33,0,12,0.947,0.466,0.594,0.0,0.005,-0.02,0
2031,59,0,7,0.686,0.528,0.802,0.0,0.16,-0.015,0
2032,83,0,3,0.739,0.562,0.662,0.0,0.169,-0.144,0
2033,55,0,7,0.984,0.7,0.464,0.5,0.134,0.137,0
2034,80,0,10,0.756,0.604,0.807,0.0,0.311,-0.064,0
2035,40,0,10,0.966,0.514,0.974,1.0,0.709,0.233,0
2036,76,0,7,0.871,0.655,0.629,1.0,0.145,0.17,1
2037,69,1,9,0.951,0.564,0.849,0.5,0.614,-0.006,0
2038,65,1,6,0.861,0.594,0.733,0.0,0.265,0.262,0
2039,66,1,8,0.796,0.573,0.663,0.0,0.337,0.094,0
2040,36,0,10,0.934,0.584,0.548,0.0,0.132,0.317,0
2041,45,0,8,0.981,0.496,0.809,0.5,0.501,0.307,0
2042,80,0,9,0.882,0.621,0.725,0.0,0.017,0.026,0
2043,70,1,6,0.978,0.614,0.949,0.0,0.646,0.276,0
2044,46,0,9,0.772,0.7,0.738,0.0,0.246,0.05,0
2045,36,1,4,1.06,0.644,0.566,0.25,0.09,0.357,0
2046,69,1,4,0.766,0.559,0.432,0.0,-0.03,-0.016,0
2047,61,0,8,0.808,0.481,0.7,1.0,0.207,0.045,0
2048,63,0,12,0.856,0.672,0.745,0.5,0.276,0.185,0
2049,33,1,12,0.866,0.532,1.046,0.0,0.5,-0.032,0
2050,44,1,7,1.073,0.734,0.662,0.25,0.184,0.037,0
2051,57,1,11,0.832,0.632,1.036,0.0,0.558,-0.032,0
2052,46,0,11,0.998,0.658,1.001,0.25,0.474,0.197,0
2053,34,0,7,0.876,0.588,0.405,0.5,0.084,0.103,0
2054,48,1,6,0.722,0.617,0.329,0.0,0.06,0.026,0
2055,77,0,9,0.498,0.601,0.938,0.0,0.43,-0.111,0
2056,58,0,8,0.873,0.54,0.545,0.0,0.031,0.144,0
2057,51,1,10,1.089,0.466,0.621,0.75,-0.24,0.542,0
2058,66,0,12,0.891,0.467,0.859,0.25,0.519,0.262,0
2059,56,0,11,0.934,0.582,0.545,0.25,0.008,0.189,0
2060,43,0,4,0.914,0.62,0.643,0.0,0.205,0.331,0
2061,61,1,12,0.8,0.611,0.97,0.25,0.482,0.015,0
2062,35,1,6,0.819,0.511,0.531,0.0,0.25,0.136,0
2063,63,0,3,0.814,0.716,0.35,0.0,0.093,-0.055,0
2064,62,1,9,0.755,0.7,0.894,0.75,0.659,-0.026,0
2065,61,0,5,0.716,0.605,0.523,0.25,0.163,-0.062,0
2066,33,1,9,0.869,0.547,0.543,0.25,0.01,0.348,0
2067,84,1,10,0.811,0.51,0.717,0.0,0.087,0.111,0
2068,32,1,6,0.927,0.587,0.766,0.0,0.406,0.142,0
2069,37,0,10,0.882,0.606,0.627,0.75,-0.054,0.06,0
2070,33,0,8,0.929,0.622,0.544,0.0,0.103,0.105,0
2071,67,1,9,0.962,0.403,0.705,0.0,0.163,0.418,0
2072,84,1,8,0.903,0.57,0.867,0.0,0.273,0.194,0
2073,67,0,3,0.663,0.601,0.447,0.5,0.033,-0.037,0
2074,56,0,5,0.809,0.681,0.703,0.75,0.3,0.119,0
2075,58,1,9,0.795,0.682,0.851,0.25,0.52,0.062,0
2076,64,1,5,0.845,0.583,0.791,0.25,0.391,-0.004,0
2077,35,1,5,0.743,0.421,0.657,0.0,-0.123,-0.112,0
2078,84,1,10,0.793,0.578,0.693,0.25,0.216,0.053,0
2079,67,1,11,0.7,0.615,0.826,0.0,0.313,-0.016,0
2080,30,1,10,0.975,0.669,0.796,1.0,0.121,0.096,0
2081,46,1,12,0.883,0.615,1.026,0.0,0.529,0.087,0
2082,37,0,11,1.023,0.425,0.791,0.0,0.143,0.439,0
2083,59,0,11,0.825,0.64,1.093,0.5,0.53,0.122,0
2084,54,0,9,0.913,0.548,0.65,0.25,0.208,-0.071,0
2085,63,1,3,0.647,0.637,0.386,0.25,-0.128,-0.291,0
2086,72,0,5,0.962,0.621,0.627,0.0,0.191,0.057,0
2087,43,0,10,1.074,0.408,0.866,0.25,0.34,0.284,0
2088,59,0,8,1.117,0.463,0.895,0.0,0.423,0.37,0
2089,63,1,9,0.983,0.521,0.677,0.0,0.197,0.204,0
2090,30,0,4,0.574,0.611,0.624,0.0,0.085,-0.009,0
2091,62,0,5,0.805,0.503,0.638,0.75,0.112,-0.192,0
2092,61,0,10,0.998,0.548,0.584,0.0,0.149,-0.005,0
2093,37,1,7,0.764,0.624,0.556,0.0,-0.027,-0.014,0
2094,39,1,12,0.761,0.414,0.763,0.0,-0.081,0.095,0
2095,34,0,4,0.704,0.736,0.403,0.0,-0.016,0.029,0
2096,50,0,6,0.758,0.619,0.414,0.5,-0.064,-0.188,0
2097,77,0,9,0.774,0.502,0.918,0.5,0.302,-0.045,0
2098,52,1,10,0.845,0.639,0.734,0.75,0.261,0.18,0
2099,42,1,3,0.817,0.61,0.661,0.0,0.158,-0.023,0
2100,69,0,3,1.014,0.613,0.575,1.0,0.141,0.191,0
2101,63,0,7,0.995,0.665,1.086,0.0,0.446,0.438,0
2102,35,1,11,0.923,0.591,0.836,0.0,0.445,-0.02,0
2103,36,0,5,0.692,0.612,0.843,0.0,0.432,-0.082,0
2104,52,0,8,1.032,0.497,0.654,1.0,0.554,0.352,0
2105,62,0,8,1.103,0.654,0.864,1.0,0.549,0.406,0
2106,64,1,4,0.762,0.555,0.527,0.0,-0.047,-0.097,0
2107,79,0,5,0.8,0.619,0.324,0.75,-0.082,0.145,0
2108,83,0,4,0.869,0.548,0.623,0.0,0.149,0.202,0
2109,75,1,3,0.814,0.541,0.534,0.5,0.307,0.094,0
2110,73,1,6,0.741,0.528,0.688,0.25,0.138,-0.163,0
2111,65,0,11,0.969,0.507,0.278,0.25,-0.294,0.133,0
2112,65,1,5,0.928,0.741,0.387,1.0,0.145,0.136,1
2113,44,1,3,0.899,0.673,0.379,0.0,-0.116,0.38,0
2114,66,1,5,0.636,0.558,0.519,0.0,0.058,-0.115,0
2115,36,1,7,0.866,0.627,0.644,0.0,0.271,0.087,0
2116,44,0,4,1.018,0.669,0.564,0.75,0.254,0.265,0
2117,53,1,4,0.77,0.7,0.7,0.0,0.005,-0.08,0
2118,63,1,12,0.835,0.512,0.707,0.0,0.268,0.125,0
2119,58,0,10,0.805,0.71,0.921,0.0,0.433,0.107,0
2120,32,1,6,0.951,0.532,0.446,0.75,-0.038,0.162,0
2121,79,0,5,0.707,0.705,0.392,0.0,0.193,-0.135,0
2122,52,1,6,0.626,0.643,0.598,0.0,0.207,-0.153,0
2123,62,0,4,0.804,0.604,0.417,0.0,0.073,-0.152,0
2124,38,1,6,0.81,0.462,0.683,0.25,0.172,0.088,0
2125,82,1,7,0.7,0.592,0.797,0.75,0.134,-0.073,0
2126,61,0,4,0.873,0.596,0.729,0.25,0.304,0.059,0
2127,59,1,4,0.92,0.631,0.867,0.0,0.047,0.298,0
2128,79,0,3,0.7,0.687,0.414,1.0,-0.138,-0.301,0
2129,45,1,10,0.933,0.679,0.758,0.75,0.538,0.26,0
2130,33,1,4,0.709,0.66,0.576,0.0,0.244,0.017,0
2131,67,1,3,0.871,0.509,0.454,0.25,0.22,0.232,0
2132,67,0,9,0.713,0.471,0.853,0.0,0.379,0.013,0
2133,36,1,3,0.825,0.643,0.734,0.25,0.376,0.026,0
2134,54,1,10,0.837,0.644,0.823,0.5,0.423,0.088,0
2135,83,0,6,0.688,0.578,0.794,0.0,0.332,0.056,0
2136,40,1,6,1.113,0.478,0.381,0.0,-0.111,0.413,0
2137,60,0,3,0.621,0.644,0.668,1.0,-0.066,-0.349,0
2138,52,0,7,0.732,0.617,0.71,0.0,0.397,-0.065,0
2139,43,1,10,0.809,0.624,0.751,0.0,0.254,-0.071,0
2140,83,0,3,0.518,0.636,0.697,0.0,0.567,-0.131,0
2141,35,1,7,0.765,0.583,0.599,0.75,0.005,-0.301,0
2142,61,0,8,0.758,0.66,0.908,0.0,0.159,-0.149,0
2143,82,1,8,0.741,0.696,0.8,0.5,0.83,0.066,0
2144,71,0,11,0.905,0.566,1.102,0.75,0.43,0.248,0
2145,73,1,12,0.899,0.702,0.815,1.0,0.487,0.148,1
2146,68,1,7,0.687,0.597,0.388,0.0,0.305,0.195,0
2147,74,0,4,0.696,0.664,0.678,0.0,-0.18,0.119,0
2148,78,0,6,0.827,0.595,1.018,0.0,0.65,0.041,0
2149,32,1,5,0.7,0.538,0.629,0.0,0.172,-0.052,0
2150,30,0,4,0.851,0.655,0.423,1.0,-0.404,0.109,0
2151,67,1,7,0.877,0.538,0.7,0.5,0.228,0.309,0
2152,38,1,12,1.059,0.62,0.99,1.0,0.652,0.408,0
2153,59,1,11,0.914,0.527,0.948,0.0,0.432,0.383,0
2154,34,0,4,0.689,0.681,0.981,0.75,0.186,-0.049,0
2155,50,1,9,0.988,0.546,0.771,0.5,0.334,0.399,0
2156,82,0,12,1.053,0.573,0.999,0.5,0.709,0.281,1
2157,81,0,7,0.703,0.496,0.666,0.25,0.235,-0.047,0
2158,33,0,12,0.99,0.484,0.894,0.0,0.439,0.13,0
2159,65,1,5,0.622,0.635,0.833,0.75,0.45,-0.023,1
2160,53,1,8,1.13,0.578,0.589,0.0,0.223,0.428,0
2161,50,1,11,0.964,0.587,0.865,0.0,0.444,0.327,0
2162,48,1,8,0.864,0.544,0.67,0.5,0.097,0.102,0
2163,68,1,5,0.851,0.616,0.661,0.0,0.592,0.242,0
2164,30,1,6,0.907,0.514,0.694,0.5,0.371,0.023,0
2165,37,0,12,0.949,0.648,1.088,0.0,0.58,-0.007,0
2166,36,1,10,1.092,0.627,0.814,0.25,0.362,0.351,0
2167,62,0,9,0.767,0.719,0.575,0.0,0.334,0.049,0
2168,79,1,6,0.691,0.609,1.013,1.0,0.456,-0.007,1
2169,84,1,12,0.986,0.633,0.653,0.25,0.095,0.328,0
2170,60,1,8,0.972,0.644,0.253,0.25,0.166,0.238,0
2171,64,0,5,0.802,0.531,0.464,0.5,0.129,0.152,0
2172,65,0,9,0.896,0.562,0.834,0.25,0.308,0.077,0
2173,79,0,5,0.962,0.497,0.428,0.0,0.065,0.124,0
2174,60,0,11,1.084,0.704,0.913,0.25,0.352,0.355,0
2175,70,1,11,1.078,0.486,0.86,0.5,0.462,0.325,0
2176,49,0,4,0.951,0.563,0.428,0.75,-0.001,0.276,0
2177,68,0,3,0.744,0.633,0.601,0.5,0.188,0.265,0
2178,74,0,3,0.821,0.629,0.7,0.0,0.073,-0.075,0
2179,82,1,10,0.931,0.609,0.76,0.0,0.419,0.135,0
2180,60,1,12,0.957,0.596,0.837,0.5,0.429,0.271,0
2181,83,1,9,0.844,0.617,0.7,0.5,0.183,0.051,0
2182,44,1,3,0.657,0.641,0.555,1.0,0.159,-0.207,0
2183,51,1,7,1.054,0.756,0.724,0.5,0.108,0.274,0
2184,78,0,8,1.02,0.582,0.566,0.0,0.095,0.109,0
2185,70,1,6,0.932,0.455,0.534,0.0,-0.053,-0.043,0
2186,61,1,9,0.853,0.608,0.765,0.0,0.57,0.028,0
2187,51,0,10,0.955,0.413,0.972,0.0,0.571,0.136,0
2188,48,0,4,0.645,0.702,0.706,0.25,0.232,-0.228,0
2189,66,1,11,0.919,0.49,0.518,1.0,-0.093,0.193,0
2190,52,0,12,0.926,0.709,0.819,0.75,0.56,0.154,1
2191,51,0,3,0.68,0.648,0.295,0.0,-0.405,0.229,0
2192,50,1,4,0.844,0.659,0.788,0.75,-0.011,0.155,0
2193,45,0,3,0.689,0.758,0.527,0.0,0.277,-0.026,0
2194,52,0,3,0.834,0.577,0.256,0.0,-0.144,0.094,0
2195,44,1,6,0.625,0.568,0.7,0.0,0.003,-0.192,0
2196,56,0,8,0.7,0.568,0.69,0.75,0.189,-0.118,0
2197,39,0,11,0.95,0.517,0.605,0.0,-0.167,0.016,0
2198,39,0,5,0.605,0.637,0.748,0.0,0.193,0.074,0
2199,69,0,11,0.834,0.682,0.993,0.5,0.146,0.242,0
2200,77,0,6,1.163,0.651,0.493,0.0,0.214,0.556,0
2201,62,1,12,0.825,0.585,0.911,0.25,0.546,-0.06,0
2202,41,1,6,0.869,0.635,0.533,1.0,0.043,0.109,0
2203,54,1,8,0.89,0.615,0.54,0.0,0.008,0.012,0
2204,53,0,3,0.844,0.628,0.612,0.5,0.236,0.118,0
2205,84,1,4,0.844,0.558,0.432,0.5,-0.214,-0.025,0
2206,67,1,7,0.988,0.592,0.573,1.0,0.129,0.227,1
2207,41,1,12,1.003,0.441,0.958,0.0,0.431,0.278,0
2208,70,1,8,1.021,0.66,0.58,0.25,-0.001,0.202,0
2209,52,1,12,0.977,0.622,0.963,0.0,0.261,0.148,0
2210,56,0,10,0.763,0.635,0.852,0.0,0.38,0.098,0
2211,37,0,6,0.783,0.607,0.551,0.0,-0.066,0.071,0
2212,30,1,6,0.648,0.609,0.833,0.0,0.383,-0.009,0
2213,76,1,6,1.018,0.583,1.101,0.0,0.604,0.543,0
2214,55,1,5,0.852,0.611,0.667,0.0,0.219,0.178,0
2215,83,0,12,0.934,0.495,0.776,0.0,0.095,0.09,0
2216,84,1,9,1.003,0.547,0.767,0.5,0.296,0.184,0
2217,69,1,9,0.756,0.604,1.036,0.75,0.284,0.056,0
2218,43,0,3,0.57,0.668,0.459,0.0,0.096,-0.284,0
2219,67,0,8,0.774,0.616,1.066,0.0,0.35,0.057,0
2220,80,0,6,1.146,0.638,0.586,0.0,0.356,0.243,0
2221,57,1,9,0.819,0.69,1.001,0.5,0.403,0.305,0
2222,34,0,11,0.983,0.554,0.804,0.0,0.174,0.241,0
2223,38,0,6,0.599,0.626,1.023,0.0,0.571,-0.112,0
2224,70,1,6,0.825,0.566,0.814,0.5,0.477,0.086,0
2225,49,1,5,0.811,0.597,0.7,0.75,0.174,-0.001,0
2226,32,0,7,0.962,0.725,0.58,0.0,-0.018,0.18,0
2227,63,0,3,0.793,0.681,0.54,0.75,0.173,0.027,0
2228,53,0,4,0.7,0.571,0.819,0.0,0.546,-0.212,0
2229,38,0,5,0.976,0.653,0.668,1.0,0.015,0.448,0
2230,61,1,12,0.821,0.715,0.81,0.25,0.34,0.127,0
2231,41,0,3,0.981,0.619,0.441,0.0,0.255,0.338,0
2232,75,1,5,0.881,0.687,0.802,1.0,0.211,0.128,1
2233,66,1,9,0.7,0.588,0.953,1.0,0.478,0.06,1
2234,47,0,4,0.722,0.449,0.439,1.0,-0.211,0.031,0
2235,82,0,7,0.762,0.651,0.789,0.0,0.089,-0.08,0
2236,31,1,4,0.785,0.514,0.672,0.0,0.384,-0.091,0
2237,79,1,11,1.038,0.583,0.842,0.0,0.403,0.425,0
2238,55,1,10,0.935,0.633,0.861,0.0,0.517,0.238,0
2239,61,1,12,0.938,0.358,1.02,1.0,0.563,0.323,1
2240,34,1,8,0.873,0.548,0.58,1.0,0.185,-0.066,0
2241,75,0,3,0.777,0.557,0.603,1.0,0.235,0.153,0
2242,36,0,9,0.758,0.576,0.957,0.5,0.443,0.111,0
2243,62,0,5,1.074,0.52,0.413,0.5,-0.049,0.468,0
2244,52,1,8,0.827,0.541,0.633,1.0,0.371,0.082,0
2245,68,0,12,0.929,0.481,1.167,0.25,0.703,0.051,0
2246,65,1,9,0.785,0.407,0.591,0.25,-0.072,0.093,1
2247,55,0,8,1.039,0.639,0.9,0.0,0.535,0.339,0
2248,41,0,8,0.877,0.586,0.775,0.5,0.221,0.074,0
2249,53,0,6,0.873,0.523,0.78,0.0,0.149,0.082,0
2250,45,1,5,0.801,0.621,0.858,0.0,0.408,0.252,0
2251,44,1,9,0.894,0.582,0.725,0.0,0.2,0.278,0
2252,83,1,10,1.033,0.49,0.9,0.0,0.524,0.33,0
2253,68,0,7,0.596,0.547,0.748,0.0,0.237,-0.055,0
2254,43,1,4,0.823,0.617,0.508,0.0,-0.179,-0.0,0
2255,47,0,3,0.7,0.695,0.491,0.0,0.103,-0.215,0
2256,32,0,8,0.776,0.605,0.751,0.0,0.217,-0.052,0
2257,76,0,8,0.716,0.526,0.7,0.0,0.263,-0.311,0
2258,61,0,3,0.859,0.609,0.551,0.0,-0.273,0.195,0
2259,59,1,7,0.87,0.625,0.783,0.25,0.406,0.165,0
2260,84,1,10,1.039,0.582,0.758,0.0,0.225,0.095,0
2261,80,0,6,0.751,0.636,0.799,0.0,0.183,-0.316,0
2262,45,0,4,0.7,0.698,0.489,0.0,-0.03,0.005,0
2263,35,0,7,0.879,0.591,0.981,0.5,0.395,0.272,0
2264,75,0,6,0.901,0.515,0.515,0.0,-0.11,0.412,0
2265,42,1,6,0.845,0.587,0.646,0.0,-0.132,-0.063,0
2266,58,0,7,0.842,0.537,0.661,0.0,0.139,0.142,0
2267,84,1,5,0.905,0.523,0.342,0.25,-0.244,0.213,0
2268,38,0,12,0.909,0.485,1.185,0.0,0.526,0.332,0
2269,68,0,9,0.96,0.688,0.642,0.0,0.124,0.144,0
2270,51,1,12,0.78,0.456,0.953,0.5,0.606,0.293,0
2271,65,1,4,0.772,0.7,0.578,0.25,0.099,-0.067,0
2272,43,0,3,0.774,0.67,0.725,0.0,0.345,-0.035,0
2273,63,1,9,0.7,0.452,0.969,0.0,0.783,0.032,0
2274,73,1,11,0.964,0.675,0.584,0.25,-0.116,0.133,0
2275,71,0,3,0.688,0.687,0.204,0.0,-0.226,0.217,0
2276,45,0,4,0.988,0.542,0.649,1.0,0.036,0.212,0
2277,41,0,4,0.675,0.617,0.541,0.25,0.263,-0.3,0
2278,80,1,9,1.065,0.388,0.836,0.5,0.042,0.205,0
2279,58,1,7,0.821,0.59,0.65,0.0,0.177,0.095,0
2280,35,0,6,1.035,0.561,0.584,0.0,0.008,0.21,0
2281,58,0,8,0.74,0.738,0.729,0.0,0.034,0.083,0
2282,79,0,3,0.769,0.677,0.414,0.0,-0.165,0.069,0
2283,61,1,7,0.98,0.53,0.932,0.75,0.183,0.338,0
2284,51,1,7,0.779,0.454,0.626,0.0,0.194,-0.103,0
2285,84,0,10,1.149,0.636,0.687,1.0,0.276,0.351,1
2286,42,1,12,1.052,0.548,1.151,0.0,0.633,0.321,0
2287,35,1,8,0.7,0.549,0.993,0.75,0.617,-0.04,0
2288,76,0,6,0.838,0.628,0.381,0.5,-0.163,0.173,0
2289,47,1,3,0.82,0.495,0.591,0.0,0.373,-0.015,0
2290,80,0,11,0.86,0.586,0.857,0.75,0.419,0.049,0
2291,73,1,10,0.87,0.51,0.812,0.0,0.224,0.241,0
2292,68,1,7,1.029,0.652,0.418,0.0,-0.386,0.103,0
2293,75,0,12,1.017,0.615,1.026,0.0,0.326,0.374,0
2294,82,0,6,0.724,0.561,0.772,0.25,0.302,0.028,0
2295,65,1,9,0.849,0.674,0.769,0.0,0.134,0.21,0
2296,41,1,4,0.691,0.55,0.594,0.25,0.011,-0.124,0
2297,56,0,10,0.884,0.555,0.859,1.0,0.446,0.118,1
2298,42,0,6,0.743,0.526,1.079,0.25,0.563,-0.076,0
2299,74,1,5,0.575,0.542,0.662,0.0,0.131,-0.32,0
2300,76,0,3,0.81,0.636,0.613,0.75,0.32,-0.035,0
2301,53,1,8,1.261,0.476,0.797,0.0,0.479,0.561,0
2302,52,1,12,0.87,0.566,0.722,0.5,0.055,0.111,1
2303,30,1,3,0.865,0.599,0.546,1.0,0.143,0.118,0
2304,64,1,4,0.708,0.576,0.7,0.5,0.492,0.076,0
2305,41,0,11,0.94,0.699,0.98,0.25,0.671,0.301,0
2306,65,0,4,0.727,0.682,0.217,0.0,-0.483,0.14,0
2307,46,0,7,0.708,0.493,0.574,0.0,0.3,0.061,0
2308,77,1,10,1.141,0.678,0.99,0.0,0.478,0.441,0
2309,55,0,10,0.73,0.581,1.124,1.0,0.688,-0.026,0
2310,59,0,5,0.907,0.58,0.684,0.75,0.185,0.332,0
2311,53,0,6,0.664,0.604,0.752,0.0,0.143,-0.04,0
2312,57,0,6,0.808,0.537,0.7,0.0,0.036,-0.151,0
2313,66,0,11,1.015,0.635,0.802,0.0,0.102,-0.029,0
2314,60,0,12,1.112,0.51,0.824,0.0,0.362,0.277,0
2315,33,1,11,1.183,0.575,0.769,0.5,0.087,0.518,0
2316,32,0,8,0.7,0.524,0.475,1.0,-0.101,-0.062,0
2317,43,0,12,1.02,0.511,0.929,1.0,0.096,0.256,0
2318,55,1,7,0.734,0.537,0.603,0.0,-0.115,0.124,0
2319,43,1,3,0.71,0.594,0.887,0.25,0.325,-0.147,0
2320,43,1,3,0.913,0.522,0.456,0.5,-0.054,0.119,0
2321,47,0,9,0.925,0.506,1.015,0.0,0.466,0.086,0
2322,47,0,8,1.114,0.589,0.8,0.5,0.232,0.626,0
2323,70,0,11,0.7,0.514,0.895,0.75,0.29,-0.077,1
2324,39,1,11,1.14,0.523,1.046,0.0,0.7,0.296,1
2325,43,1,11,1.106,0.7,0.921,1.0,0.254,0.481,0
2326,80,1,6,0.733,0.6,0.88,0.0,0.463,-0.107,1
2327,37,1,7,0.817,0.657,0.733,0.5,0.465,-0.012,0
2328,60,0,9,1.126,0.655,0.61,0.5,-0.056,0.533,0
2329,32,0,8,0.967,0.562,1.018,0.0,0.387,0.022,0
2330,33,0,9,0.875,0.574,0.817,0.0,0.252,0.167,0
2331,39,1,11,1.052,0.573,0.76,0.0,0.253,0.269,0
2332,46,1,5,0.784,0.67,0.532,0.0,-0.164,0.041,0
2333,32,0,8,1.054,0.597,0.628,0.0,0.225,0.307,0
2334,66,1,8,1.069,0.631,0.7,0.0,0.15,0.513,0
2335,79,0,9,0.92,0.452,0.811,0.0,0.174,0.305,0
2336,33,1,3,0.861,0.518,0.386,0.25,-0.013,0.064,0
2337,66,1,7,0.884,0.441,0.952,0.5,0.541,0.067,0
2338,60,1,4,0.731,0.638,0.478,0.0,-0.107,0.167,0
2339,49,1,7,0.816,0.497,0.82,0.0,0.243,0.047,0
2340,73,0,8,0.774,0.57,0.688,0.5,0.279,0.074,0
2341,71,0,10,0.975,0.628,0.972,0.5,0.662,0.18,0
2342,40,0,5,0.736,0.561,0.758,0.0,0.186,-0.112,0
2343,47,1,11,0.876,0.504,0.579,0.75,-0.121,0.031,0
2344,32,1,6,0.889,0.628,0.48,0.75,-0.083,-0.026,0
2345,63,1,11,1.22,0.373,1.065,0.5,0.394,0.597,0
2346,38,0,3,0.72,0.522,0.406,0.0,0.097,-0.107,0
2347,81,1,3,0.882,0.563,0.362,1.0,0.218,-0.007,0
2348,69,0,9,0.804,0.531,0.7,0.0,0.236,0.051,0
2349,74,1,8,1.086,0.628,0.655,0.0,0.252,0.262,0
2350,47,1,8,0.993,0.63,0.677,0.0,-0.031,0.215,0
2351,82,0,3,0.764,0.647,0.663,0.25,0.068,-0.066,0
2352,54,1,4,0.872,0.619,0.691,0.0,0.3,-0.016,0
2353,74,0,10,0.802,0.483,0.864,0.75,0.566,0.077,0
2354,52,0,4,0.795,0.628,0.556,1.0,-0.201,0.049,0
2355,32,0,3,0.916,0.57,0.428,0.75,0.132,-0.021,0
2356,41,1,3,0.725,0.648,0.35,0.0,0.032,0.025,0
2357,56,1,10,0.964,0.628,1.01,0.0,0.767,0.257,0
2358,79,1,3,0.574,0.667,0.73,0.25,0.281,-0.254,0
2359,61,0,4,0.862,0.592,0.731,0.5,0.308,0.048,0
2360,36,0,6,0.938,0.556,0.55,0.5,-0.207,0.231,0
2361,35,1,10,0.988,0.462,0.7,0.25,0.118,0.169,0
2362,66,0,12,1.071,0.454,0.783,0.0,0.201,0.341,0
2363,82,0,8,0.855,0.7,0.731,0.0,0.142,0.253,1
2364,72,1,8,0.961,0.522,0.815,0.0,0.207,0.184,0
2365,37,0,7,0.845,0.511,0.455,0.0,0.014,-0.023,0
2366,48,0,12,0.7,0.574,0.86,0.0,0.16,0.221,0
2367,74,1,6,1.047,0.615,0.637,0.0,0.176,0.183,0
2368,42,1,3,0.918,0.608,0.556,0.0,-0.127,0.17,0
2369,30,1,9,1.043,0.636,0.588,0.25,0.112,0.29,0
2370,42,0,9,0.881,0.699,0.642,0.0,0.262,0.333,0
2371,56,1,3,0.89,0.556,0.78,0.25,0.232,0.215,0
2372,42,1,11,0.87,0.606,0.7,0.5,0.679,0.304,0
2373,44,1,5,0.871,0.666,0.894,0.25,0.324,-0.029,0
2374,80,0,7,0.664,0.561,0.665,0.0,0.405,0.074,0
2375,47,1,9,1.107,0.61,0.693,0.5,0.309,0.316,0
2376,40,0,3,0.972,0.603,0.648,0.0,0.251,0.051,0
2377,36,0,3,0.931,0.606,0.734,1.0,-0.047,0.428,0
2378,38,0,5,0.81,0.523,0.152,0.0,-0.245,-0.01,0
2379,76,1,12,0.68,0.561,0.782,0.0,0.374,-0.138,0
2380,39,0,4,0.787,0.641,0.656,0.25,0.229,-0.113,0
2381,73,0,7,0.785,0.591,0.928,0.5,0.277,0.079,0
2382,78,0,12,0.923,0.625,1.044,0.0,0.344,0.141,0
2383,59,0,4,0.746,0.634,0.725,0.0,0.485,-0.062,0
2384,45,1,11,0.928,0.621,0.665,0.0,0.182,0.229,0
2385,32,0,9,0.838,0.589,0.487,0.75,0.23,-0.055,0
2386,37,0,6,0.978,0.513,0.7,0.5,0.006,0.372,0
2387,82,1,7,0.872,0.69,0.955,0.0,0.609,0.292,0
2388,79,0,12,0.7,0.627,1.072,0.75,0.664,0.043,0
2389,80,1,11,0.9,0.452,0.92,0.5,0.542,0.141,0
2390,74,0,4,0.809,0.627,0.524,0.25,0.177,-0.0,0
2391,65,1,8,1.039,0.73,0.837,0.25,0.344,0.547,0
2392,71,1,3,0.788,0.61,0.668,0.0,0.26,-0.02,0
2393,83,1,7,0.992,0.646,0.868,0.0,0.456,0.283,0
2394,38,1,11,0.906,0.466,0.989,1.0,0.289,-0.039,1
2395,52,0,8,0.649,0.626,0.711,0.25,0.184,-0.127,0
2396,39,0,7,0.747,0.767,0.59,0.25,0.171,0.085,0
2397,54,1,4,0.581,0.705,0.447,0.75,0.149,-0.253,0
2398,62,0,6,0.886,0.695,0.93,0.0,0.745,0.076,0
2399,83,0,4,0.617,0.7,0.461,0.25,0.159,-0.013,0
2400,48,1,4,0.785,0.557,0.946,0.0,0.373,0.26,0
2401,38,1,5,0.72,0.54,0.67,0.0,0.221,-0.082,0
2402,40,1,4,0.828,0.542,1.072,0.0,0.412,0.164,0
2403,63,0,3,0.653,0.54,0.274,1.0,-0.085,-0.173,0
2404,65,0,4,0.748,0.654,0.254,1.0,-0.221,0.017,0
2405,59,0,10,0.823,0.597,0.597,0.5,0.151,0.042,0
2406,80,0,3,0.879,0.573,0.574,0.25,0.459,-0.044,0
2407,67,1,8,0.876,0.569,0.668,0.5,0.325,0.074,0
2408,52,1,9,1.058,0.534,0.735,0.5,-0.122,0.284,0
2409,77,0,4,0.863,0.564,0.497,0.0,-0.12,0.198,0
2410,56,1,5,0.849,0.735,0.495,0.0,-0.125,-0.099,0
2411,63,1,6,0.805,0.648,0.851,0.75,0.194,0.09,0
2412,53,1,10,0.839,0.64,0.982,0.75,0.518,0.12,0
2413,76,1,8,0.722,0.565,0.589,0.25,-0.036,0.029,0
2414,49,1,6,1.032,0.643,0.86,0.0,0.389,0.175,0
2415,83,0,6,0.751,0.604,0.938,0.0,0.521,-0.245,0
2416,39,1,8,0.863,0.621,0.605,0.0,0.239,0.07,0
2417,49,0,7,0.93,0.7,0.82,0.5,0.432,0.217,0
2418,34,0,7,0.65,0.7,1.026,1.0,0.464,-0.095,0
2419,32,0,11,1.064,0.406,0.654,0.5,0.253,0.387,0
2420,43,1,9,1.035,0.595,0.762,1.0,0.544,0.335,0
2421,72,0,12,1.171,0.613,0.859,0.0,0.458,0.488,0
2422,39,0,11,0.962,0.7,0.616,0.0,-0.176,0.31,0
2423,32,0,12,0.993,0.7,0.685,0.0,0.13,0.258,0
2424,84,0,10,0.904,0.7,1.062,0.0,0.675,0.09,0
2425,79,1,3,0.735,0.546,0.794,0.5,0.453,-0.102,0
2426,30,0,3,0.891,0.679,0.544,0.0,-0.54,0.116,0
2427,36,0,5,1.079,0.572,0.629,0.25,0.298,0.155,0
2428,80,0,9,1.081,0.535,0.832,0.5,0.575,0.354,1
2429,61,1,9,0.778,0.717,0.844,0.0,-0.009,0.176,0
2430,47,1,7,1.003,0.436,0.7,0.5,0.12,0.053,0
2431,42,0,5,0.686,0.618,0.608,0.5,-0.259,-0.161,0
2432,83,1,4,0.706,0.612,0.521,0.25,0.161,0.199,0
2433,35,0,12,1.009,0.546,0.995,0.5,0.726,0.28,0
2434,39,0,8,1.007,0.629,1.154,0.0,0.869,0.445,0
2435,73,1,4,0.66,0.718,0.446,1.0,-0.107,-0.104,0
2436,84,0,7,0.7,0.716,0.773,0.0,0.249,0.11,0
2437,61,0,9,1.02,0.586,0.513,0.75,-0.238,0.247,0
2438,33,0,3,0.656,0.7,0.701,0.0,0.347,-0.265,0
2439,79,1,9,0.7,0.557,0.721,0.0,0.248,-0.193,0
2440,36,0,7,0.801,0.663,0.525,0.25,0.069,0.094,0
2441,30,1,8,0.926,0.592,0.574,0.0,0.016,0.188,0
2442,47,1,4,0.7,0.633,0.703,0.25,0.259,0.017,0
2443,69,1,10,0.982,0.622,0.918,0.0,0.726,0.01,0
2444,35,1,8,0.927,0.7,0.666,0.0,0.154,0.285,0
2445,56,1,12,1.198,0.632,0.938,0.75,0.492,0.424,0
2446,68,1,6,0.94,0.527,0.776,0.0,0.034,0.232,0
2447,66,0,3,1.015,0.698,0.434,0.25,0.247,0.279,0
2448,76,1,7,0.983,0.574,0.664,0.25,0.157,0.347,0
2449,31,0,8,0.846,0.525,0.94,0.0,0.519,0.042,0
2450,78,0,5,0.806,0.539,0.7,0.5,0.161,0.151,0
2451,79,0,11,0.997,0.503,0.62,0.75,0.611,0.319,0
2452,35,1,7,0.7,0.559,0.766,0.0,0.144,0.079,0
2453,78,1,8,1.33,0.466,0.555,0.0,0.553,0.699,0
2454,38,1,11,1.021,0.586,0.722,0.5,0.462,0.06,0
2455,82,1,12,0.939,0.606,0.931,0.0,0.355,-0.027,0
2456,36,0,12,1.252,0.478,0.904,1.0,0.285,0.317,0
2457,59,0,8,0.754,0.674,0.704,0.5,0.172,-0.177,0
2458,35,0,10,0.914,0.606,0.909,0.75,0.209,0.144,0
2459,46,1,7,0.911,0.589,0.912,0.0,0.614,0.033,0
2460,71,1,3,0.793,0.74,0.418,0.0,-0.009,-0.091,0
2461,64,0,3,0.525,0.552,0.402,0.75,0.028,-0.237,0
2462,70,1,3,0.697,0.616,0.531,0.0,0.074,-0.02,0
2463,58,0,12,0.768,0.579,1.177,0.5,0.853,-0.093,1
2464,69,0,3,0.72,0.575,0.723,0.0,0.403,-0.075,0
2465,63,0,7,1.185,0.51,0.695,0.0,0.072,0.51,0
2466,36,0,9,0.686,0.42,0.416,0.0,-0.32,-0.014,0
2467,46,1,9,0.857,0.523,0.984,0.0,0.422,0.087,0
2468,81,1,12,0.95,0.516,0.358,0.75,-0.205,-0.021,0
2469,50,0,6,0.956,0.564,0.599,0.75,0.007,0.228,0
2470,84,0,6,0.859,0.613,0.536,0.0,0.154,0.234,1
2471,45,0,12,0.907,0.612,1.036,0.25,0.673,0.097,0
2472,40,0,12,1.026,0.561,0.847,0.0,0.255,0.23,0
2473,71,0,4,0.961,0.655,0.389,0.0,0.072,0.261,0
2474,55,1,5,0.833,0.559,0.536,0.0,0.152,0.108,0
2475,67,1,7,0.845,0.599,0.662,1.0,0.313,-0.088,0
2476,39,0,3,0.862,0.543,0.452,0.0,-0.028,0.44,0
2477,42,1,12,0.852,0.514,0.825,0.75,0.257,0.301,0
2478,51,1,11,1.018,0.556,1.02,1.0,0.438,-0.005,1
2479,64,1,8,0.951,0.737,0.682,0.25,-0.012,0.189,0
2480,74,1,5,0.826,0.5,0.599,0.0,0.167,0.006,0
2481,38,0,6,0.836,0.667,0.626,0.0,0.282,0.199,0
2482,30,0,7,0.707,0.694,0.834,0.25,0.073,-0.127,0
2483,49,0,4,0.833,0.522,0.595,0.0,0.14,0.075,0
2484,39,1,3,0.767,0.601,0.825,0.5,0.539,0.169,0
2485,47,1,9,1.025,0.525,1.038,1.0,0.254,0.323,0
2486,68,1,12,1.107,0.709,0.587,0.5,0.024,0.314,1
2487,48,1,9,0.925,0.599,0.494,0.0,0.047,0.234,0
2488,48,0,8,0.664,0.772,0.542,0.0,-0.132,-0.255,0
2489,73,0,5,0.719,0.529,0.666,0.0,0.104,-0.066,0
2490,41,1,5,0.788,0.605,0.578,0.25,0.084,0.146,0
2491,74,1,12,0.976,0.513,0.64,0.0,0.11,0.216,0
2492,33,1,5,0.719,0.455,0.703,0.0,0.307,0.05,0
2493,57,1,5,0.7,0.575,0.433,0.5,-0.189,-0.123,0
2494,31,0,10,0.772,0.495,1.001,0.0,0.323,-0.056,0
2495,72,0,10,0.992,0.534,0.577,0.0,-0.173,0.002,0
2496,83,0,11,0.989,0.554,1.019,0.75,0.577,0.3,0
2497,34,1,9,0.806,0.651,0.747,0.0,0.278,-0.103,0
2498,49,0,4,0.916,0.642,0.905,0.25,0.299,0.189,0
2499,71,0,4,0.966,0.716,0.73,0.25,0.265,0.145,0
2500,74,1,3,0.895,0.621,0.216,0.75,-0.306,-0.017,0
2501,74,0,6,0.901,0.558,0.827,0.25,0.279,0.027,0
2502,32,1,3,0.888,0.608,0.322,0.5,0.011,0.188,0
2503,70,0,6,0.909,0.539,0.84,0.5,0.537,0.142,0
2504,76,0,7,0.839,0.542,0.551,0.25,-0.105,0.07,0
2505,46,1,11,1.078,0.543,0.834,0.0,0.209,0.299,0
2506,36,0,4,0.845,0.571,0.618,1.0,0.238,-0.031,0
2507,34,0,12,1.054,0.7,0.95,0.5,0.511,0.093,0
2508,67,0,6,0.747,0.524,0.47,0.75,-0.141,-0.123,0
2509,67,0,3,0.806,0.578,0.561,0.25,0.084,0.18,0
2510,41,1,12,0.955,0.553,1.177,0.5,0.851,0.24,0
2511,38,1,7,0.963,0.687,0.686,0.0,0.304,0.322,0
2512,36,0,8,0.735,0.629,0.716,0.0,0.262,-0.052,0
2513,50,0,12,0.896,0.52,0.506,0.5,-0.041,0.205,0
2514,64,1,4,0.607,0.551,0.856,1.0,0.428,-0.229,0
2515,36,1,4,0.822,0.533,0.671,0.0,0.091,0.192,0
2516,81,0,11,0.909,0.373,0.885,0.0,0.539,0.13,0
2517,39,0,8,0.864,0.507,0.643,0.0,0.045,0.189,0
2518,69,1,4,1.081,0.643,0.753,0.25,0.226,0.24,0
2519,40,0,3,0.914,0.669,0.696,0.0,0.082,0.132,0
2520,40,0,3,0.812,0.827,0.384,0.0,-0.028,0.138,0
2521,43,0,8,0.775,0.537,0.474,0.0,-0.086,-0.025,0
2522,62,0,10,0.884,0.541,1.036,0.5,0.396,0.118,0
2523,48,1,4,0.844,0.705,0.442,0.25,-0.099,0.144,0
2524,59,1,7,0.868,0.61,0.67,0.25,0.32,0.003,0
2525,78,0,11,0.8,0.493,0.604,0.5,0.22,0.006,1
2526,46,1,4,1.012,0.701,0.473,0.0,-0.197,0.069,0
2527,43,0,3,0.868,0.458,0.923,0.0,0.564,0.183,0
2528,39,1,11,0.777,0.593,0.82,0.0,0.433,-0.017,0
2529,55,1,9,0.994,0.413,0.649,0.0,0.319,0.391,0
2530,34,0,9,0.861,0.494,0.926,0.5,0.23,0.203,0
2531,84,1,7,0.962,0.606,0.581,0.0,0.172,0.059,0
2532,54,0,3,0.646,0.696,0.584,0.5,0.142,-0.0,0
2533,64,1,11,0.912,0.666,1.189,0.0,0.8,0.36,0
2534,59,0,10,0.874,0.589,0.694,0.5,0.176,0.03,0
2535,61,0,5,0.825,0.616,0.732,1.0,0.341,0.095,0
2536,65,0,7,0.735,0.679,1.003,0.5,0.411,0.023,0
2537,32,0,8,0.867,0.566,0.539,1.0,0.276,0.019,0
2538,51,1,11,0.911,0.567,0.685,0.75,0.494,0.169,0
2539,55,0,12,0.798,0.635,0.7,0.0,0.356,0.028,0
2540,39,1,10,0.73,0.546,0.631,0.75,0.135,0.286,0
2541,70,1,12,1.132,0.619,1.203,0.0,0.61,0.315,0
2542,39,1,12,0.887,0.404,0.792,0.25,0.331,0.275,0
2543,73,0,12,0.807,0.532,1.033,0.0,0.753,0.091,0
2544,81,0,12,0.797,0.63,1.001,0.25,0.495,0.028,0
2545,84,0,5,0.836,0.609,0.495,0.5,-0.205,0.033,0
2546,68,0,4,0.889,0.749,0.67,0.75,0.357,0.089,0
2547,55,0,7,0.835,0.496,0.716,0.25,-0.061,0.186,0
2548,73,0,6,0.909,0.564,0.787,0.25,0.307,0.32,0
2549,68,0,10,0.99,0.562,0.837,0.0,0.7,0.283,0
2550,84,1,11,1.091,0.482,0.799,0.0,0.099,0.168,0
2551,41,1,11,0.83,0.535,0.649,0.0,0.31,-0.021,0
2552,69,0,5,0.76,0.514,0.541,0.75,0.119,-0.177,0
2553,82,0,11,0.859,0.627,0.801,0.0,0.464,0.125,0
2554,54,0,12,0.971,0.714,1.227,1.0,0.69,0.216,0
2555,49,0,10,0.939,0.693,0.82,0.75,0.295,0.14,0
2556,73,1,10,1.047,0.522,0.776,0.0,0.364,0.021,0
2557,44,0,9,1.139,0.7,0.921,1.0,0.534,0.405,0
2558,68,0,4,0.735,0.55,0.505,0.5,-0.203,-0.087,0
2559,59,0,8,0.837,0.532,0.813,0.5,0.373,0.007,0
2560,73,0,7,0.778,0.469,0.529,0.0,-0.056,0.042,0
2561,82,1,9,0.777,0.565,0.596,0.0,0.403,-0.157,0
2562,60,0,9,0.75,0.569,0.807,0.25,0.354,-0.132,0
2563,76,0,5,0.873,0.652,1.019,0.75,0.426,0.054,0
2564,35,0,11,1.075,0.545,0.95,0.0,0.406,0.378,0
2565,45,0,9,1.055,0.599,0.832,0.0,0.251,0.022,0
2566,76,1,8,0.864,0.528,0.549,0.5,-0.131,0.2,0
2567,60,1,4,0.628,0.516,0.255,0.75,-0.006,-0.042,0
2568,62,0,12,1.1,0.566,0.864,0.5,0.13,0.25,0
2569,53,1,12,0.812,0.549,0.847,0.5,0.595,0.075,0
2570,70,1,3,0.615,0.724,0.744,0.5,0.209,-0.15,1
2571,62,1,12,0.844,0.398,0.989,0.25,0.517,0.188,0
2572,30,1,8,0.885,0.566,1.168,1.0,0.907,-0.014,0
2573,42,1,6,0.934,0.7,0.662,0.0,0.176,0.35,0
2574,39,1,9,0.802,0.575,0.75,0.25,0.331,0.111,0
2575,55,0,7,0.913,0.673,0.824,0.0,0.51,0.144,0
2576,64,1,4,0.622,0.564,0.749,0.0,0.04,-0.041,0
2577,77,0,8,0.991,0.439,0.609,0.0,0.141,0.159,0
2578,55,0,4,0.985,0.549,0.704,0.0,0.211,0.394,0
2579,83,0,8,0.833,0.618,0.768,0.5,0.298,0.093,0
2580,84,1,10,0.944,0.664,0.813,0.0,0.402,0.357,0
2581,56,1,6,0.938,0.511,0.575,1.0,0.041,0.37,0
2582,43,0,12,0.937,0.541,1.042,0.25,-0.018,0.28,0
2583,79,0,10,0.82,0.536,1.011,0.5,0.346,0.471,0
2584,76,1,5,0.869,0.621,0.596,0.0,0.255,0.137,0
2585,34,1,4,0.697,0.643,0.483,0.0,0.048,0.117,0
2586,45,1,7,0.809,0.661,0.854,0.0,0.174,0.087,0
2587,60,1,7,0.636,0.644,0.644,0.5,0.276,0.003,1
2588,33,1,8,0.828,0.658,0.837,0.5,0.434,0.062,0
2589,40,0,6,0.764,0.494,0.706,0.0,0.445,-0.08,0
2590,84,1,9,0.93,0.57,0.518,0.0,0.406,0.239,0
2591,45,0,6,0.689,0.567,0.614,0.0,0.162,0.184,0
2592,41,0,8,0.961,0.679,0.597,0.5,-0.004,0.391,0
2593,53,1,4,0.895,0.651,0.495,0.25,0.197,0.318,0
2594,67,0,12,1.102,0.487,0.718,0.0,0.308,0.24,0
2595,77,1,9,0.898,0.594,0.646,0.5,0.052,0.194,1
2596,49,0,11,0.84,0.657,0.996,0.0,0.296,0.104,0
2597,48,0,3,0.924,0.705,0.77,0.25,0.293,0.121,0
2598,46,1,9,0.804,0.605,0.889,0.0,0.815,-0.084,0
2599,70,0,7,0.823,0.438,0.685,0.0,0.22,0.267,0
2600,48,1,10,0.899,0.587,0.375,1.0,-0.199,0.202,0
2601,56,0,7,0.84,0.406,1.07,0.0,0.587,-0.013,0
2602,45,0,10,0.87,0.654,0.861,0.0,0.563,0.15,0
2603,35,0,5,0.821,0.676,0.384,0.75,0.196,-0.016,0
2604,37,0,4,0.7,0.64,0.504,0.0,0.191,-0.119,0
2605,34,1,8,1.036,0.578,0.746,0.25,-0.036,0.441,0
2606,84,1,4,0.746,0.648,0.542,0.0,0.03,0.073,0
2607,79,1,9,0.84,0.678,0.729,0.75,0.256,0.158,0
2608,71,1,6,0.799,0.698,0.512,0.0,-0.188,0.136,0
2609,77,0,3,0.749,0.58,0.639,0.0,0.33,0.15,0
2610,80,0,3,0.805,0.676,0.676,0.25,0.523,0.028,0
2611,32,0,5,0.886,0.7,0.736,0.0,0.191,0.222,0
2612,40,0,6,0.907,0.719,0.648,1.0,-0.047,0.201,0
2613,60,0,7,0.828,0.418,0.743,0.5,-0.028,0.033,0
2614,34,1,12,0.977,0.488,1.03,0.0,0.564,0.172,0
2615,30,0,3,0.593,0.557,0.63,0.0,0.538,-0.03,0
2616,77,0,10,0.921,0.496,0.901,0.5,0.306,0.123,0
2617,30,1,4,0.716,0.699,0.587,0.0,0.126,-0.058,0
2618,49,1,3,0.774,0.7,0.581,0.75,0.116,-0.261,0
2619,84,0,7,0.791,0.478,0.577,0.0,0.071,0.067,0
2620,31,0,5,0.759,0.506,0.355,0.0,0.094,-0.021,0
2621,78,1,9,0.747,0.567,0.922,0.0,0.668,-0.044,1
2622,60,0,3,0.595,0.664,0.582,0.25,0.147,-0.137,0
2623,44,0,12,1.044,0.636,0.977,0.0,0.348,0.282,0
2624,45,1,3,0.973,0.634,0.478,0.0,0.27,0.321,0
2625,71,1,3,0.81,0.589,0.511,0.5,0.062,0.042,0
2626,54,1,4,0.597,0.568,0.627,0.25,-0.12,-0.061,0
2627,68,1,7,0.985,0.429,0.989,0.5,0.365,0.463,0
2628,38,1,8,0.868,0.598,0.64,0.0,0.382,-0.065,0
2629,71,0,3,0.669,0.634,0.675,0.0,0.157,-0.018,0
2630,56,0,10,0.86,0.723,0.649,0.0,0.314,0.054,0
2631,75,0,9,0.961,0.564,0.768,0.0,0.298,0.342,0
2632,53,1,6,0.749,0.668,0.911,0.0,0.447,0.067,0
2633,82,1,4,0.91,0.567,0.522,0.0,0.13,0.088,0
2634,31,0,3,0.921,0.672,0.299,0.5,-0.316,0.207,0
2635,66,0,6,0.935,0.585,0.726,1.0,0.09,0.042,0
2636,30,1,3,0.734,0.512,0.487,0.75,-0.213,-0.117,0
2637,81,1,12,0.904,0.519,0.903,0.0,0.524,0.12,0
2638,52,1,12,1.105,0.488,0.7,0.0,0.021,0.352,0
2639,33,1,3,0.843,0.658,0.411,1.0,0.051,-0.027,0
2640,82,1,3,0.848,0.565,0.779,0.0,0.236,-0.147,0
2641,37,0,6,1.007,0.695,0.754,0.0,0.008,0.314,0
2642,35,1,12,1.058,0.575,0.853,1.0,0.385,0.365,0
2643,47,1,12,1.133,0.29,0.839,0.0,0.356,0.505,0
2644,47,0,8,0.992,0.588,0.606,1.0,0.033,0.144,0
2645,57,1,8,1.054,0.562,0.421,0.0,0.178,0.293,0
2646,68,0,3,0.8,0.591,0.34,0.5,-0.032,-0.219,0
2647,67,0,10,0.984,0.6,0.73,0.5,0.312,0.289,0
2648,64,0,6,0.89,0.545,0.803,0.25,0.345,0.059,0
2649,40,1,12,1.009,0.549,0.876,0.0,0.266,0.024,0
2650,65,0,6,0.816,0.626,0.866,0.0,0.282,0.116,0
2651,74,0,11,1.051,0.648,0.822,0.5,0.193,0.229,1
2652,74,0,4,0.698,0.613,0.671,0.5,0.115,-0.193,0
2653,64,1,9,0.982,0.579,0.798,0.0,0.286,0.062,0
2654,65,0,4,0.874,0.536,0.566,0.0,0.078,0.141,0
2655,32,1,5,0.66,0.647,0.469,0.5,-0.106,-0.126,0
2656,44,0,4,0.7,0.541,0.49,0.0,-0.045,-0.043,0
2657,40,1,12,0.976,0.526,0.756,0.5,0.354,0.352,0
2658,49,0,5,0.74,0.626,0.871,0.25,0.472,-0.025,0
2659,70,1,7,1.008,0.543,0.705,0.25,0.353,0.17,0
2660,42,0,9,0.837,0.538,0.677,0.5,0.264,-0.031,0
2661,42,1,4,0.83,0.581,0.59,0.0,0.371,0.051,0
2662,43,0,4,0.7,0.623,0.972,0.0,0.609,-0.261,0
2663,46,0,8,1.123,0.555,0.634,0.5,0.119,0.267,0
2664,63,1,9,0.958,0.585,0.721,0.25,0.326,0.252,0
2665,36,0,4,0.679,0.702,0.566,0.0,-0.006,-0.191,0
2666,43,1,9,0.896,0.405,0.682,1.0,0.287,0.196,0
2667,38,1,7,0.835,0.598,0.553,0.0,0.137,0.135,0
2668,69,0,11,0.739,0.618,0.7,0.25,0.226,0.05,0
2669,35,1,8,0.951,0.537,0.696,0.5,0.309,0.24,0
2670,67,1,4,0.713,0.764,0.592,0.0,0.151,-0.022,0
2671,37,1,11,0.987,0.688,0.839,0.0,0.237,0.163,0
2672,76,1,11,1.029,0.551,1.003,0.75,0.5,0.086,0
2673,38,0,9,0.848,0.54,0.854,0.0,0.164,0.108,0
2674,73,1,11,1.181,0.579,0.906,0.5,0.617,0.53,0
2675,31,0,9,0.857,0.495,0.871,0.0,0.152,-0.031,0
2676,49,1,6,0.991,0.548,0.846,0.0,0.146,0.294,0
2677,40,0,9,1.027,0.539,0.628,0.0,0.152,-0.139,0
2678,33,0,8,1.018,0.631,0.559,0.0,0.243,0.274,0
2679,69,0,4,0.829,0.51,0.515,0.5,-0.082,-0.011,0
2680,60,1,10,0.786,0.442,0.702,1.0,0.138,0.105,0
2681,83,1,12,1.043,0.439,0.773,0.75,0.374,0.307,1
2682,66,1,12,0.894,0.528,0.788,0.25,0.378,0.194,0
2683,38,1,4,0.777,0.568,0.72,0.5,0.086,-0.033,0
2684,70,0,6,0.881,0.509,0.66,0.25,0.108,0.095,0
2685,44,0,10,0.814,0.446,0.869,0.0,0.447,0.222,0
2686,32,0,8,0.82,0.59,0.6,1.0,-0.261,0.114,0
2687,31,1,3,0.747,0.603,0.53,0.0,0.348,0.049,0
2688,56,1,12,1.084,0.607,1.139,0.5,0.943,0.405,0
2689,44,0,8,0.932,0.545,0.957,0.0,0.565,0.256,0
2690,63,0,6,0.682,0.472,0.581,0.0,0.164,-0.148,0
2691,62,0,8,0.897,0.573,0.757,0.5,0.508,0.157,0
2692,62,1,4,0.885,0.64,0.345,1.0,-0.1,0.043,0
2693,40,1,12,1.156,0.575,1.186,0.75,0.645,0.542,0
2694,73,0,4,0.839,0.664,0.761,1.0,-0.025,0.401,0
2695,39,1,5,0.837,0.502,0.595,0.5,0.028,0.152,0
2696,72,1,7,0.957,0.478,0.905,0.25,0.281,0.244,0
2697,65,1,10,0.8,0.562,0.458,0.75,-0.131,0.159,1
2698,42,0,4,1.012,0.556,0.539,0.0,0.039,0.26,0
2699,49,0,3,0.64,0.688,0.439,0.0,-0.023,-0.119,0
2700,55,1,3,0.796,0.643,0.258,0.0,-0.049,0.013,0
2701,80,1,8,0.954,0.61,0.664,0.25,-0.004,0.143,0
2702,45,0,10,0.796,0.51,0.687,0.0,0.204,0.069,0
2703,52,0,5,0.887,0.601,0.551,1.0,0.31,-0.006,0
2704,71,0,7,0.928,0.586,0.653,0.25,0.534,0.142,0
2705,72,1,8,0.735,0.599,0.945,0.0,0.245,0.065,1
2706,65,1,8,0.907,0.676,0.725,0.75,0.176,0.3,0
2707,40,0,5,0.862,0.72,0.534,0.0,-0.061,0.07,0
2708,43,0,11,0.887,0.464,0.778,0.0,0.347,0.14,0
2709,47,1,12,1.061,0.533,1.053,0.25,0.656,0.229,0
2710,67,0,3,0.78,0.707,0.412,0.75,-0.058,-0.03,0
2711,38,1,4,0.84,0.536,0.553,0.5,0.196,0.142,0
2712,35,1,5,0.842,0.562,0.071,0.0,-0.485,0.113,0
2713,78,0,8,0.722,0.675,0.975,0.0,0.399,0.064,0
2714,65,0,11,0.713,0.661,0.377,0.5,0.218,0.012,0
2715,65,0,5,0.733,0.57,0.804,0.75,0.469,0.062,0
2716,55,0,10,1.017,0.513,0.694,0.25,0.021,0.175,0
2717,53,0,7,0.776,0.508,0.684,0.0,0.075,0.003,0
2718,49,0,11,0.91,0.448,0.814,0.5,0.041,0.279,0
2719,77,0,11,1.1,0.502,1.051,0.5,1.002,0.32,0
2720,33,1,12,0.807,0.675,1.108,0.25,0.553,-0.182,0
2721,68,0,7,0.731,0.508,0.831,0.25,0.214,0.008,0
2722,81,1,4,0.55,0.603,0.603,0.5,0.026,-0.211,1
2723,75,1,6,0.878,0.679,0.607,0.0,0.194,0.114,0
2724,67,0,4,0.695,0.574,0.571,0.25,0.27,0.024,0
2725,53,0,4,0.932,0.696,0.509,0.0,0.208,0.396,1
2726,54,0,3,0.868,0.589,0.451,0.25,-0.11,0.095,0
2727,77,1,4,0.924,0.512,0.574,0.0,0.362,0.033,0
2728,45,0,10,0.936,0.7,0.655,1.0,-0.066,0.242,0
2729,69,0,12,0.831,0.442,0.629,0.25,0.077,0.231,0
2730,74,0,6,0.817,0.536,0.621,0.0,0.259,0.09,0
2731,55,1,3,0.716,0.667,0.622,0.0,0.065,0.161,0
2732,70,1,7,0.649,0.602,0.67,0.0,0.489,-0.175,0
2733,43,1,5,0.753,0.542,0.47,1.0,0.111,-0.012,0
2734,61,0,4,0.862,0.6,0.683,0.0,0.353,0.139,0
2735,62,1,6,0.756,0.593,0.76,0.0,0.186,0.152,0
2736,84,1,4,0.7,0.57,0.415,0.25,0.261,0.217,0
2737,35,1,9,0.675,0.643,0.909,0.25,0.209,-0.004,0
2738,72,1,11,0.979,0.649,0.481,0.5,-0.015,0.315,1
2739,66,0,12,0.841,0.434,0.887,0.75,0.687,0.141,0
2740,47,0,3,0.784,0.656,0.578,1.0,-0.018,-0.043,0
2741,58,1,8,0.797,0.622,0.539,0.0,-0.126,0.091,0
2742,72,1,5,0.906,0.675,0.974,1.0,0.571,0.148,0
2743,37,1,12,1.052,0.514,1.001,0.0,0.701,0.39,0
2744,43,1,6,0.862,0.58,0.666,0.0,0.308,0.062,0
2745,62,0,4,0.876,0.57,0.739,0.75,0.039,0.079,0
2746,83,1,9,1.005,0.476,1.037,0.5,0.467,0.32,0
2747,73,0,7,0.96,0.622,0.938,0.0,0.516,0.358,0
2748,64,0,3,0.751,0.655,0.418,1.0,-0.07,0.051,0
2749,84,1,11,1.123,0.573,0.6,0.25,-0.011,0.358,0
2750,37,1,4,0.828,0.548,0.579,0.5,0.01,0.003,0
2751,63,1,11,0.785,0.607,0.98,0.75,0.306,-0.237,0
2752,38,0,6,0.729,0.481,0.358,1.0,-0.359,-0.01,0
2753,53,1,3,0.856,0.528,0.604,1.0,0.157,0.046,0
2754,44,0,7,0.935,0.499,0.511,0.5,0.08,0.321,0
2755,38,1,5,0.884,0.6,0.453,0.25,0.084,0.225,0
2756,48,0,11,1.024,0.511,0.756,0.5,0.362,0.467,0
2757,37,0,6,0.943,0.497,0.768,0.25,0.421,0.336,0
2758,53,0,8,0.808,0.48,0.928,0.0,0.135,0.153,0
2759,52,1,7,0.792,0.699,0.753,0.5,0.27,-0.14,0
2760,79,0,5,0.93,0.599,0.755,1.0,0.333,0.276,0
2761,69,0,4,0.832,0.7,0.839,0.5,-0.086,0.143,1
2762,36,0,12,1.015,0.512,1.271,0.0,0.49,0.16,0
2763,42,0,3,0.685,0.668,0.27,0.0,-0.226,0.026,0
2764,76,0,4,0.784,0.635,0.798,0.75,0.109,0.081,0
2765,51,0,4,0.72,0.632,0.432,0.0,0.062,0.005,0
2766,83,1,9,0.923,0.471,0.7,0.0,0.103,0.223,0
2767,40,1,10,0.777,0.588,0.949,0.0,0.09,-0.133,0
2768,35,1,5,0.976,0.577,0.401,0.25,0.085,0.087,0
2769,53,1,5,0.827,0.66,0.645,0.0,0.311,-0.066,0
2770,80,1,11,0.953,0.488,0.915,0.0,0.393,0.213,0
2771,74,0,9,0.942,0.557,0.744,0.0,0.034,0.015,0
2772,75,0,9,1.029,0.587,0.65,0.0,0.306,0.178,0
2773,57,0,6,0.803,0.521,0.725,0.25,0.373,0.076,0
2774,45,0,9,0.821,0.546,0.576,0.0,-0.124,0.094,0
2775,69,1,5,0.858,0.7,0.522,0.5,-0.025,-0.009,0
2776,59,0,10,1.035,0.571,0.858,0.5,0.341,0.501,0
2777,47,0,10,1.049,0.549,0.719,0.25,0.04,0.588,0
2778,60,0,11,0.886,0.552,0.979,0.0,0.577,0.09,0
2779,81,0,5,0.565,0.61,0.623,0.75,0.052,-0.189,0
2780,55,0,11,0.857,0.54,0.883,0.0,0.594,-0.091,0
2781,76,0,12,0.903,0.516,0.946,0.0,0.504,0.413,0
2782,64,1,4,1.044,0.632,0.625,0.25,0.074,0.26,0
2783,62,1,5,1.029,0.7,0.741,0.0,0.32,0.196,0
2784,84,1,11,0.773,0.721,0.574,0.75,0.028,0.085,1
2785,30,1,12,1.05,0.6,0.78,0.0,0.385,0.228,0
2786,32,1,6,1.037,0.697,0.788,0.0,0.026,0.292,0
2787,83,0,5,0.602,0.607,0.638,0.0,0.145,-0.008,0
2788,43,1,11,0.909,0.5,0.715,0.25,0.422,0.178,0
2789,51,1,7,1.297,0.528,0.932,0.75,0.648,0.383,0
2790,83,1,11,1.001,0.465,1.079,0.0,0.738,0.102,0
2791,44,1,7,1.133,0.538,0.665,0.0,0.053,0.344,0
2792,81,0,7,0.831,0.57,0.657,0.0,0.165,0.02,0
2793,40,0,11,0.847,0.604,0.444,0.0,-0.186,-0.022,0
2794,44,0,5,0.742,0.516,0.672,0.0,0.223,-0.104,0
2795,58,0,5,0.834,0.604,0.457,0.25,-0.02,0.276,0
2796,42,0,11,1.005,0.464,0.63,0.5,-0.042,0.567,0
2797,80,0,8,0.888,0.559,0.769,0.5,0.274,0.042,0
2798,33,0,4,0.77,0.596,0.579,1.0,0.176,0.274,0
2799,69,1,7,0.854,0.638,0.224,0.0,-0.324,0.122,0
2800,48,1,6,0.749,0.588,0.948,0.75,0.524,0.023,0
2801,40,0,7,0.718,0.693,0.745,0.25,0.48,-0.109,0
2802,42,0,8,0.805,0.578,0.752,0.0,0.183,-0.097,0
2803,72,1,10,0.927,0.393,0.894,0.0,0.287,0.188,0
2804,49,1,3,0.831,0.488,0.7,0.5,0.025,0.108,0
2805,33,1,9,0.842,0.618,0.411,0.75,-0.197,0.09,0
2806,45,0,8,1.142,0.607,0.743,0.0,0.103,0.409,0
2807,40,0,4,1.024,0.64,0.624,0.0,-0.026,0.052,0
2808,50,0,3,0.758,0.638,0.679,0.25,0.06,-0.182,0
2809,72,1,11,1.044,0.481,0.747,0.25,0.393,0.254,0
2810,56,1,11,0.997,0.59,1.079,0.25,0.659,0.297,0
2811,81,0,7,0.816,0.641,0.698,0.0,0.087,0.091,0
2812,33,0,9,0.964,0.581,1.072,0.0,0.603,0.335,0
2813,36,1,4,0.822,0.679,0.871,0.0,0.341,0.28,0
2814,62,1,11,1.02,0.528,0.828,0.25,0.61,0.001,0
2815,74,1,3,0.931,0.614,0.554,0.75,0.074,0.043,0
2816,84,0,4,0.917,0.625,0.539,0.75,0.356,0.11,0
2817,59,0,3,0.519,0.542,0.595,0.0,0.306,-0.103,0
2818,43,0,7,0.983,0.567,0.87,0.0,0.603,0.44,0
2819,68,0,11,0.753,0.601,0.794,0.0,0.274,0.087,0
2820,36,0,9,0.964,0.56,0.784,0.5,0.311,0.051,0
2821,73,0,5,0.777,0.56,0.586,0.0,0.168,-0.071,0
2822,74,1,12,0.922,0.431,1.003,0.5,0.415,0.162,0
2823,68,0,12,0.942,0.566,0.598,0.0,0.498,-0.048,0
2824,41,0,6,0.852,0.507,0.749,1.0,0.465,0.136,0
2825,74,0,9,1.176,0.63,0.68,0.75,0.081,0.436,1
2826,64,1,10,1.121,0.672,0.644,1.0,-0.001,0.313,0
2827,48,1,7,1.067,0.593,0.545,0.5,-0.197,0.22,0
2828,70,1,10,0.825,0.649,0.736,0.0,0.309,0.272,0
2829,56,1,4,0.7,0.609,0.635,0.25,0.103,-0.105,0
2830,33,1,9,0.97,0.597,0.627,0.0,0.036,0.042,0
2831,74,0,3,0.655,0.624,0.675,0.25,0.08,0.07,0
2832,30,0,8,1.033,0.599,0.748,0.0,0.328,0.435,0
2833,80,0,3,0.677,0.654,0.547,0.25,-0.015,-0.072,0
2834,54,0,7,0.933,0.585,0.473,0.0,-0.101,0.205,0
2835,76,0,10,1.146,0.564,0.765,0.0,0.418,0.402,0
2836,67,1,9,0.792,0.537,0.837,0.0,0.108,0.185,0
2837,49,1,7,0.889,0.534,0.7,0.25,0.432,0.255,0
2838,79,0,8,1.06,0.585,0.641,0.5,0.199,0.231,0
2839,82,1,10,0.859,0.543,0.674,0.0,0.353,0.073,0
2840,61,1,4,0.7,0.574,0.63,0.5,0.14,0.073,0
2841,63,1,7,0.679,0.484,0.605,0.75,-0.095,0.09,0
2842,77,1,7,0.757,0.7,0.505,0.0,-0.077,0.067,0
2843,54,1,12,0.952,0.492,1.063,0.0,0.735,0.132,0
2844,63,0,7,0.843,0.634,0.793,0.0,0.414,-0.117,0
2845,58,0,10,1.057,0.538,1.245,0.0,0.928,0.542,0
2846,54,0,4,0.704,0.522,0.675,1.0,0.047,-0.05,0
2847,42,0,10,1.016,0.607,0.997,0.75,0.625,0.201,0
2848,47,0,5,0.751,0.696,0.774,1.0,0.395,0.136,0
2849,59,0,9,0.765,0.677,1.022,1.0,0.403,-0.002,0
2850,44,1,8,0.945,0.45,0.727,0.0,0.191,-0.155,0
2851,57,0,10,0.868,0.413,0.722,0.0,-0.053,0.184,0
2852,79,1,7,1.005,0.649,0.713,0.5,0.211,0.268,0
2853,32,1,12,1.104,0.703,1.12,0.25,0.693,0.509,0
2854,64,0,11,0.761,0.383,0.615,0.0,0.256,0.183,0
2855,55,1,4,0.682,0.433,0.321,0.0,-0.452,0.007,0
2856,36,0,3,0.701,0.736,0.397,0.0,-0.176,0.03,0
2857,33,0,7,0.879,0.438,0.971,0.0,0.466,0.228,0
2858,64,1,8,0.956,0.593,0.754,0.0,0.294,0.05,0
2859,56,1,7,0.95,0.584,0.773,0.75,0.075,0.386,0
2860,79,0,10,1.02,0.48,1.219,0.5,0.705,0.223,0
2861,32,1,4,0.949,0.499,0.336,0.75,-0.111,0.303,0
2862,73,1,12,0.982,0.587,1.192,0.5,0.642,0.129,0
2863,31,1,10,0.922,0.66,0.851,0.0,0.295,0.222,0
2864,80,0,8,0.799,0.495,0.638,0.5,-0.021,0.113,1
2865,68,1,5,0.848,0.586,0.7,0.25,0.367,0.168,0
2866,57,1,10,0.718,0.455,0.822,1.0,0.382,0.017,0
2867,42,0,9,0.656,0.569,0.829,0.0,0.494,-0.038,0
2868,81,0,6,0.815,0.542,0.601,0.0,-0.028,-0.015,0
2869,52,1,11,1.056,0.622,1.023,0.0,0.464,0.264,0
2870,70,1,11,1.134,0.509,0.861,0.0,0.44,0.504,0
2871,68,0,11,1.09,0.7,0.655,0.0,0.178,0.365,0
2872,31,1,10,1.165,0.582,1.264,0.5,0.625,0.403,0
2873,64,0,7,0.559,0.528,0.569,0.75,-0.277,-0.154,0
2874,47,0,5,0.796,0.577,0.299,0.0,0.126,-0.064,0
2875,46,1,6,0.779,0.597,0.565,0.25,0.09,0.098,0
2876,84,1,4,0.763,0.613,0.307,0.0,0.033,0.083,0
2877,69,1,10,0.843,0.471,0.642,0.25,0.377,0.017,0
2878,82,0,5,0.966,0.598,0.751,0.25,0.299,0.207,0
2879,82,1,10,1.127,0.447,0.871,0.0,0.362,0.297,0
2880,74,1,7,0.884,0.513,0.7,1.0,0.417,0.437,0
2881,54,1,5,0.718,0.57,0.647,0.25,0.406,-0.104,0
2882,49,0,12,0.917,0.5,1.082,0.0,0.543,0.435,0
2883,34,1,4,0.734,0.547,0.531,0.25,0.24,0.113,0
2884,64,1,12,0.668,0.639,1.097,0.0,0.563,-0.063,0
2885,34,1,4,0.495,0.56,0.505,0.0,-0.195,-0.351,0
2886,66,1,4,0.659,0.62,0.7,1.0,0.0,-0.101,0
2887,46,1,10,0.679,0.618,0.87,0.0,0.462,-0.194,0
2888,73,0,3,0.757,0.578,0.585,0.0,-0.008,0.188,0
2889,70,1,4,0.737,0.534,0.544,0.0,0.083,0.033,0
2890,53,0,10,1.036,0.733,0.839,0.25,0.233,0.391,0
2891,83,0,10,0.92,0.598,0.712,0.0,0.3,0.037,0
2892,81,1,11,0.98,0.513,1.114,1.0,0.709,0.163,0
2893,75,1,8,0.83,0.568,0.713,1.0,0.403,0.034,1
2894,33,0,7,1.028,0.591,0.76,0.0,-0.03,0.527,0
2895,52,1,10,1.043,0.676,1.052,0.0,0.857,0.286,0
2896,44,0,4,0.73,0.613,0.621,0.0,0.493,-0.187,0
2897,41,0,8,0.842,0.554,0.594,0.0,0.391,0.064,0
2898,81,1,9,0.999,0.641,0.586,0.0,-0.114,0.139,0
2899,65,0,10,0.831,0.507,0.628,0.75,0.356,0.023,0
2900,74,1,9,1.252,0.548,0.829,1.0,0.316,0.401,1
2901,61,1,7,0.886,0.624,0.527,1.0,0.109,-0.023,0
2902,54,1,12,1.136,0.549,1.02,0.0,0.37,0.479,0
2903,61,1,5,0.713,0.581,0.7,0.5,-0.218,-0.048,0
2904,81,0,6,0.7,0.604,0.738,0.0,0.174,0.159,0
2905,49,0,12,1.007,0.614,1.252,0.0,0.818,0.442,0
2906,59,0,11,1.114,0.496,0.965,0.25,0.868,0.279,0
2907,71,0,7,0.687,0.55,0.738,0.75,0.093,-0.37,0
2908,52,0,12,0.786,0.423,0.737,0.0,0.087,0.013,0
2909,67,0,3,0.573,0.649,0.688,0.0,0.127,-0.291,0
2910,63,1,3,0.937,0.586,0.486,0.0,0.036,0.326,0
2911,42,1,12,0.928,0.693,0.747,0.5,0.431,0.16,0
2912,53,1,7,1.002,0.592,0.626,0.0,0.356,0.101,0
2913,43,0,5,0.879,0.542,0.293,0.0,-0.306,-0.047,0
2914,57,0,10,0.9,0.437,1.242,0.0,0.67,0.205,0
2915,69,1,9,1.018,0.553,0.915,0.0,0.215,0.257,0
2916,80,0,11,1.325,0.658,0.935,0.5,0.499,0.548,0
2917,34,0,8,0.98,0.56,0.523,0.5,0.249,-0.004,0
2918,60,0,10,1.032,0.711,0.827,0.0,0.419,0.157,0
2919,32,1,9,0.869,0.617,1.088,0.25,0.736,0.36,0
2920,64,0,5,0.7,0.534,0.546,0.0,0.011,0.084,0
2921,39,0,11,1.049,0.644,0.811,1.0,0.627,0.328,0
2922,67,1,10,0.931,0.655,0.919,0.25,0.257,0.265,0
2923,73,1,5,0.801,0.581,0.717,0.0,0.366,0.034,0
2924,60,0,8,0.84,0.512,0.8,0.0,0.392,0.145,0
2925,84,0,12,1.148,0.529,0.552,0.0,-0.088,0.379,0
2926,60,1,12,1.015,0.467,1.092,0.0,0.705,0.376,0
2927,50,0,12,0.984,0.582,0.794,1.0,0.117,0.237,1
2928,54,0,3,0.7,0.644,0.389,0.0,0.012,0.059,0
2929,49,1,6,0.805,0.57,0.529,0.0,0.182,-0.219,0
2930,63,1,9,0.737,0.483,0.864,0.75,0.713,0.093,1
2931,65,0,12,1.166,0.483,0.878,0.0,0.483,0.455,0
2932,76,0,8,0.808,0.592,0.671,1.0,0.348,0.067,0
2933,50,0,7,0.691,0.475,0.854,1.0,0.324,-0.085,0
2934,35,0,11,0.84,0.465,0.774,0.5,0.203,0.16,0
2935,51,1,6,1.019,0.618,0.748,0.0,0.238,0.378,0
2936,60,1,4,0.882,0.373,0.661,0.0,0.228,0.344,0
2937,65,1,5,0.863,0.449,0.783,1.0,0.325,-0.036,0
2938,35,1,9,1.043,0.553,0.797,0.5,0.511,0.449,0
2939,63,0,3,0.684,0.648,0.748,0.25,0.048,-0.032,0
2940,45,1,12,0.931,0.493,0.975,0.25,0.256,0.352,0
2941,64,0,5,0.82,0.614,0.822,0.0,0.39,0.059,0
2942,71,1,12,1.003,0.521,1.207,0.0,0.808,0.522,0
2943,42,0,3,0.766,0.533,0.688,0.0,0.171,-0.228,0
2944,40,0,5,0.896,0.622,1.15,0.0,0.614,0.184,0
2945,51,0,9,0.776,0.69,0.533,0.25,0.041,-0.059,0
2946,70,1,9,0.956,0.492,1.011,0.75,0.35,0.266,0
2947,47,1,8,0.822,0.571,0.591,0.0,0.244,-0.058,0
2948,60,0,10,0.915,0.516,0.714,0.0,0.182,0.207,0
2949,32,0,8,0.873,0.722,0.826,0.0,0.105,0.186,0
2950,73,0,6,0.892,0.601,0.79,0.0,0.65,0.022,0
2951,35,0,5,0.769,0.516,0.473,0.0,-0.145,0.021,0
2952,31,1,12,0.983,0.551,1.056,0.25,0.727,0.216,0
2953,50,1,10,0.909,0.542,1.04,0.5,0.603,0.189,0
2954,43,0,8,0.757,0.467,0.649,1.0,0.084,-0.105,0
2955,53,0,8,0.974,0.67,0.587,0.0,0.27,0.186,0
2956,36,0,8,0.688,0.509,0.532,0.75,-0.483,-0.012,0
2957,38,1,6,0.866,0.576,0.64,0.0,-0.186,0.041,0
2958,50,1,7,0.966,0.612,0.466,0.75,0.147,0.274,0
2959,76,1,8,0.796,0.49,1.12,0.0,0.638,0.184,1
2960,52,0,5,0.884,0.668,0.418,0.0,-0.041,0.243,0
2961,53,1,6,0.874,0.479,0.524,0.0,0.322,-0.125,0
2962,36,0,3,0.659,0.568,0.811,0.25,0.231,0.078,0
2963,33,1,4,0.622,0.604,0.557,1.0,-0.082,-0.077,0
2964,70,1,8,0.499,0.552,0.857,0.25,0.186,-0.411,0
2965,81,1,10,1.096,0.584,0.699,1.0,0.283,0.351,0
2966,81,0,12,1.069,0.516,0.67,0.75,0.071,0.14,0
2967,61,0,6,1.019,0.548,0.744,0.0,0.19,-0.048,0
2968,82,1,6,0.933,0.636,0.829,0.0,0.401,0.152,0
2969,63,1,6,0.795,0.617,0.941,0.0,0.674,-0.242,0
2970,68,0,3,0.812,0.578,0.386,0.25,-0.029,-0.234,0
2971,63,1,9,0.951,0.516,0.724,0.0,0.186,0.246,0
2972,44,0,5,0.793,0.588,0.539,0.0,-0.129,0.093,0
2973,78,1,7,0.83,0.579,1.086,0.25,0.681,0.098,0
2974,36,1,10,0.907,0.602,0.7,0.0,0.081,0.106,0
2975,75,0,10,0.982,0.508,0.963,1.0,0.675,0.212,0
2976,32,0,3,0.682,0.735,0.57,0.5,0.049,-0.091,0
2977,42,1,5,0.827,0.543,0.342,0.0,-0.28,-0.082,0
2978,32,0,4,0.847,0.685,0.527,0.75,0.069,0.199,0
2979,41,0,11,1.003,0.62,1.011,0.25,0.475,0.276,0
2980,64,0,4,1.006,0.585,0.458,0.0,-0.049,0.127,0
2981,35,1,11,0.975,0.657,0.919,0.5,0.422,0.21,0
2982,30,0,6,0.846,0.576,0.695,0.75,0.046,0.266,0
2983,74,1,12,1.007,0.638,0.864,0.75,0.499,0.052,0
2984,55,1,7,0.882,0.7,0.823,0.25,0.35,0.151,0
2985,39,1,5,0.752,0.674,0.655,0.0,0.424,-0.018,0
2986,76,1,8,0.789,0.536,0.659,0.0,0.226,0.147,0
2987,60,1,10,1.119,0.581,1.14,0.0,0.293,0.243,0
2988,73,1,10,0.877,0.503,0.677,0.0,-0.164,0.046,0
2989,54,0,4,0.852,0.624,0.476,0.0,0.142,0.175,0
2990,69,1,4,0.887,0.768,0.579,0.75,0.167,-0.035,0
2991,31,1,11,1.059,0.603,0.906,0.5,0.417,0.228,0
2992,57,1,7,0.995,0.484,0.672,0.0,0.122,0.065,0
2993,58,0,11,1.179,0.502,0.89,0.0,0.159,0.559,0
2994,64,1,6,0.721,0.7,0.913,0.25,0.397,-0.015,0
2995,59,0,5,0.791,0.523,0.149,0.0,-0.342,-0.075,0
2996,78,0,6,0.934,0.534,0.774,0.0,0.218,0.111,0
2997,31,1,12,0.889,0.59,1.112,0.0,0.25,0.068,0
2998,67,0,7,0.831,0.553,0.775,0.0,0.572,0.151,0
2999,72,0,9,0.909,0.548,0.856,0.0,0.174,0.361,0
3000,79,1,7,0.763,0.702,0.66,0.75,0.186,0.12,0
3001,44,1,12,1.001,0.542,0.847,0.0,0.128,0.152,0
3002,64,1,5,0.985,0.521,0.808,1.0,0.336,0.204,0
3003,70,0,4,0.828,0.67,0.534,0.25,0.411,0.146,0
3004,79,0,7,0.928,0.531,0.898,0.5,0.747,0.183,0
3005,73,0,9,0.936,0.533,0.683,0.0,0.247,0.304,0
3006,61,0,12,1.196,0.506,0.915,0.0,0.564,0.452,0
3007,46,0,7,0.816,0.625,0.317,0.0,0.021,0.176,0
3008,66,1,11,1.017,0.532,0.99,1.0,0.593,0.317,1
3009,67,0,5,0.587,0.699,0.568,0.75,0.017,-0.116,0
3010,60,1,5,0.894,0.596,0.7,0.0,0.618,0.264,0
3011,55,1,3,0.685,0.7,0.64,0.0,0.246,0.035,0
3012,77,1,8,0.909,0.702,0.647,0.25,0.292,0.213,0
3013,55,0,7,0.87,0.551,0.81,0.25,0.468,0.186,0
3014,39,0,3,0.644,0.531,0.348,0.25,-0.155,-0.013,0
3015,55,0,12,1.181,0.59,0.781,0.5,0.356,0.571,0
3016,45,1,7,0.797,0.499,0.481,0.25,0.035,-0.005,0
3017,49,0,4,0.937,0.494,0.7,0.25,-0.159,0.096,0
3018,33,1,5,0.976,0.731,0.707,0.25,0.203,0.103,0
3019,35,0,11,1.233,0.533,0.642,0.0,0.283,0.578,0
3020,67,1,10,0.841,0.602,0.888,0.0,0.299,0.091,0
3021,37,1,8,1.09,0.636,0.746,0.0,0.277,0.223,0
3022,52,1,7,1.044,0.603,0.358,0.0,-0.273,0.4,0
3023,57,1,7,1.02,0.744,0.585,0.75,0.098,0.224,0
3024,53,1,6,0.85,0.431,0.645,0.0,-0.012,0.065,0
3025,61,0,10,0.733,0.43,0.983,0.5,0.689,-0.166,0
3026,40,1,4,0.875,0.576,0.58,0.0,-0.0,0.226,0
3027,30,1,6,0.879,0.521,0.672,0.5,0.158,0.168,0
3028,45,0,7,0.843,0.538,1.089,0.0,0.515,0.289,0
3029,64,1,10,0.957,0.554,0.572,0.0,0.129,0.261,0
3030,61,0,5,0.758,0.6,0.519,0.25,0.177,0.122,0
3031,44,1,12,0.825,0.537,1.007,0.0,0.662,0.088,0
3032,72,0,7,0.905,0.634,0.6,0.0,-0.028,0.036,0
3033,45,0,12,1.139,0.507,1.035,0.75,0.66,0.402,1
3034,57,1,9,1.094,0.555,0.899,0.0,0.529,0.314,0
3035,64,1,10,1.03,0.567,0.923,0.25,0.351,0.244,0
3036,79,0,10,1.095,0.529,0.884,0.0,0.465,0.331,0
3037,40,0,4,0.918,0.639,0.862,1.0,0.262,0.063,0
3038,45,1,10,1.003,0.518,0.737,0.75,0.487,0.164,0
3039,39,0,9,0.844,0.7,0.849,1.0,0.496,0.107,0
3040,67,1,4,0.961,0.655,0.794,1.0,0.344,0.213,0
3041,63,1,8,0.958,0.695,0.487,0.0,-0.182,0.204,0
3042,59,1,3,0.756,0.531,0.435,0.0,-0.088,-0.006,0
3043,69,1,5,0.76,0.68,0.492,0.0,0.349,0.008,0
3044,49,0,6,0.956,0.595,0.571,1.0,0.024,0.09,0
3045,53,0,7,0.76,0.759,0.741,0.75,0.276,-0.094,0
3046,65,0,8,0.897,0.542,0.83,0.75,0.418,0.207,0
3047,35,0,7,0.709,0.67,0.501,0.25,0.017,-0.016,0
3048,76,0,4,0.835,0.569,0.741,1.0,0.358,0.334,0
3049,68,0,8,0.954,0.56,0.482,0.5,0.056,0.218,0
3050,65,0,11,0.891,0.435,0.822,0.0,0.415,0.102,0
3051,72,0,4,0.595,0.584,0.296,0.5,-0.27,-0.099,0
3052,53,1,7,0.86,0.637,0.741,0.0,0.116,0.246,1
3053,54,1,4,0.674,0.584,0.344,0.0,0.039,-0.182,0
3054,33,1,7,0.999,0.599,0.648,0.25,-0.052,0.109,0
3055,39,1,3,0.864,0.646,0.632,0.0,-0.041,-0.045,0
3056,84,0,6,0.932,0.652,0.7,0.0,0.144,0.189,0
3057,46,0,7,0.87,0.515,0.919,0.0,0.345,0.11,0
3058,76,0,11,0.936,0.516,1.036,1.0,0.461,0.236,0
3059,46,1,7,0.854,0.548,0.551,0.5,0.038,0.172,0
3060,47,1,6,0.766,0.551,0.385,0.5,0.031,-0.047,0
3061,54,0,12,1.062,0.54,0.773,1.0,0.45,0.334,0
3062,73,1,3,0.78,0.599,0.676,1.0,0.279,0.07,0
3063,58,1,6,0.673,0.592,0.825,0.0,0.315,-0.127,0
3064,64,1,6,0.968,0.556,0.8,0.0,0.078,0.238,1
3065,54,1,7,0.744,0.65,0.369,0.5,0.062,0.117,0
3066,42,0,10,0.975,0.541,0.902,0.0,0.463,0.214,0
3067,55,0,4,1.019,0.7,0.288,0.75,0.038,0.077,0
3068,48,1,11,0.878,0.502,0.528,0.5,0.111,0.068,1
3069,84,0,10,0.96,0.572,0.794,0.0,0.073,0.245,1
3070,83,1,7,0.999,0.52,0.321,0.0,-0.258,0.23,0
3071,43,1,3,0.763,0.637,0.355,0.25,-0.043,0.028,0
3072,75,0,5,0.964,0.585,0.628,0.0,0.264,0.132,0
3073,51,1,3,0.623,0.524,0.603,0.0,0.168,-0.116,0
3074,65,0,5,0.766,0.562,0.555,1.0,0.384,0.066,0
3075,46,1,9,0.921,0.601,0.847,0.5,0.221,0.179,0
3076,35,0,8,0.774,0.505,0.729,0.0,0.135,-0.18,0
3077,51,1,7,0.862,0.572,0.819,0.25,0.322,-0.083,0
3078,39,1,7,0.718,0.488,0.715,0.75,0.153,0.026,0
3079,64,0,3,1.004,0.659,0.518,0.0,-0.056,0.243,0
3080,69,0,7,0.765,0.487,0.919,0.0,0.519,-0.08,0
3081,32,1,5,1.01,0.7,0.543,0.0,-0.059,0.459,0
3082,61,1,8,0.94,0.52,0.852,0.0,0.353,0.169,0
3083,46,0,3,0.728,0.473,0.733,0.0,0.227,0.151,0
3084,31,1,4,0.829,0.58,0.447,0.0,0.122,-0.01,0
3085,44,1,4,0.673,0.634,0.716,0.0,0.036,-0.073,0
3086,43,1,9,0.68,0.465,1.053,0.0,0.506,0.036,0
3087,64,1,8,0.942,0.652,0.825,1.0,0.225,0.106,0
3088,46,0,4,0.809,0.712,0.781,0.25,0.451,0.087,0
3089,47,0,9,0.988,0.584,0.793,0.0,0.494,0.36,0
3090,46,1,6,1.014,0.713,0.459,0.0,-0.148,0.351,0
3091,45,1,9,0.963,0.464,0.728,0.5,0.172,0.305,0
3092,56,1,11,1.151,0.503,0.961,0.0,0.594,0.457,0
3093,39,0,5,0.843,0.73,0.658,0.0,0.295,-0.005,0
3094,61,0,6,0.841,0.616,0.674,1.0,0.187,0.145,0
3095,75,1,7,0.824,0.561,1.084,0.5,0.604,0.158,1
3096,46,0,11,1.037,0.621,1.105,0.75,0.781,0.395,0
3097,56,0,9,0.854,0.617,0.768,0.5,0.543,0.154,0
3098,56,0,11,0.905,0.692,0.706,0.25,0.148,0.235,0
3099,58,1,6,0.944,0.644,0.652,0.0,0.197,0.184,0
3100,76,1,9,0.686,0.632,0.624,0.0,0.111,-0.097,0
3101,78,1,10,0.7,0.506,0.89,0.75,0.449,-0.131,0
3102,84,0,8,0.7,0.718,0.837,0.0,0.137,-0.255,0
3103,36,0,4,0.919,0.621,0.407,0.5,-0.075,0.142,0
3104,72,0,5,0.939,0.589,0.636,0.25,0.039,0.255,0
3105,38,1,5,0.725,0.7,0.606,0.0,-0.05,0.094,0
3106,75,0,12,0.942,0.632,0.569,0.0,0.126,0.362,0
3107,53,0,3,0.586,0.427,0.515,0.5,-0.001,-0.163,0
3108,80,1,12,1.169,0.51,0.598,0.0,0.134,0.299,0
3109,45,0,6,0.906,0.53,0.856,0.0,0.31,0.158,0
3110,57,0,4,0.853,0.66,0.486,1.0,-0.076,-0.121,0
3111,59,1,11,0.69,0.512,1.137,1.0,0.814,-0.039,0
3112,83,1,11,1.073,0.49,0.8,0.25,0.05,0.331,0
3113,57,1,8,0.77,0.565,0.7,0.0,0.117,0.196,0
3114,61,0,6,0.599,0.457,0.696,0.5,0.215,-0.349,0
3115,64,0,7,0.969,0.628,0.497,0.5,0.12,0.269,0
3116,63,0,5,0.775,0.614,0.744,1.0,0.493,0.152,0
3117,58,1,12,1.094,0.491,1.162,0.0,0.775,0.125,0
3118,52,0,10,1.088,0.491,0.876,1.0,0.403,0.166,0
3119,72,1,8,0.828,0.537,0.918,0.0,0.519,0.035,0
3120,57,0,12,1.048,0.541,0.875,0.5,0.309,0.403,0
3121,55,1,10,0.917,0.614,1.158,0.0,0.731,0.228,0
3122,32,0,6,1.007,0.616,0.945,0.25,0.709,0.338,0
3123,77,0,7,0.932,0.489,0.565,1.0,0.053,0.058,0
3124,31,1,4,0.668,0.575,0.726,1.0,0.336,-0.027,0
3125,63,1,4,0.986,0.765,0.325,0.0,-0.236,0.084,0
3126,48,1,11,1.041,0.616,0.957,0.0,0.662,0.291,0
3127,49,1,7,0.989,0.502,0.918,0.0,0.235,-0.064,0
3128,48,0,7,0.823,0.786,0.485,0.25,-0.019,0.269,0
3129,75,0,4,0.668,0.526,0.448,0.0,-0.135,-0.021,0
3130,77,1,5,0.831,0.591,0.612,0.0,0.399,0.045,0
3131,83,0,3,0.919,0.746,0.611,0.75,0.11,0.265,1
3132,32,1,6,0.822,0.591,0.566,0.5,-0.029,0.023,0
3133,65,0,3,0.861,0.658,0.372,0.5,-0.147,0.106,0
3134,41,0,10,0.847,0.722,0.917,0.0,0.29,0.389,0
3135,50,0,3,0.909,0.536,0.332,0.25,-0.387,0.055,0
3136,72,1,4,0.849,0.626,0.705,0.0,0.387,0.084,0
3137,61,1,12,1.151,0.638,1.006,0.75,1.007,0.39,0
3138,30,0,5,0.789,0.696,0.567,0.0,0.077,0.08,0
3139,55,1,3,0.701,0.573,0.404,0.5,0.059,-0.083,0
3140,50,0,12,1.15,0.521,0.7,0.0,0.439,0.347,0
3141,74,0,7,0.917,0.698,0.756,0.25,0.412,0.217,0
3142,37,0,3,0.688,0.705,0.379,0.5,-0.078,-0.035,0
3143,79,0,10,0.874,0.66,0.531,1.0,-0.132,0.021,1
3144,71,1,8,0.98,0.684,0.877,1.0,0.35,0.373,0
3145,70,0,11,0.971,0.578,1.173,0.0,0.565,0.276,0
3146,42,0,7,0.82,0.486,0.896,0.0,0.487,-0.022,0
3147,36,1,7,0.697,0.687,0.707,0.75,0.08,-0.172,0
3148,58,1,4,0.851,0.59,0.553,0.5,-0.256,-0.016,0
3149,70,0,8,0.814,0.612,0.7,0.0,0.204,0.114,0
3150,35,1,9,1.216,0.675,0.831,0.0,0.494,0.409,0
3151,40,1,8,0.757,0.514,0.821,0.25,0.566,-0.051,0
3152,79,1,4,0.838,0.576,0.712,0.0,0.259,0.146,0
3153,47,1,12,1.231,0.55,1.022,0.75,0.471,0.446,0
3154,37,1,11,0.947,0.667,0.804,0.25,0.295,0.3,0
3155,77,0,5,0.779,0.61,0.319,0.0,-0.381,0.104,0
3156,50,1,8,0.81,0.434,0.7,0.0,0.007,0.048,0
3157,53,0,5,0.715,0.517,0.627,0.0,-0.061,-0.116,0
3158,81,1,10,1.056,0.7,0.779,0.5,0.075,0.184,1
3159,30,1,9,0.859,0.508,0.778,1.0,0.432,0.058,0
3160,79,1,9,0.992,0.584,0.779,0.0,0.257,0.258,0
3161,58,1,12,0.992,0.487,0.711,1.0,0.26,0.4,0
3162,37,0,12,1.128,0.592,0.719,0.5,0.119,0.347,0
3163,52,1,6,0.7,0.538,0.785,0.5,-0.019,-0.118,0
3164,36,1,3,0.659,0.732,0.198,0.0,-0.297,0.122,0
3165,79,1,3,0.62,0.618,0.374,0.0,-0.031,-0.178,0
3166,41,1,3,0.809,0.584,0.578,0.0,0.053,0.075,0
3167,67,0,3,1.234,0.597,0.758,1.0,0.15,0.479,0
3168,50,0,4,0.841,0.432,0.555,0.0,-0.019,0.053,0
3169,38,0,7,0.818,0.522,0.534,0.0,-0.075,0.154,0
3170,71,0,7,0.842,0.473,0.914,0.5,0.587,0.249,0
3171,30,1,9,1.021,0.657,0.718,0.0,0.092,0.158,0
3172,47,1,6,0.9,0.477,0.895,0.0,0.328,0.214,0
3173,40,1,12,0.992,0.56,1.025,0.75,0.585,0.427,0
3174,36,0,12,1.143,0.567,0.715,0.5,0.298,0.275,0
3175,37,1,9,0.875,0.538,0.831,0.25,-0.017,0.255,0
3176,70,0,9,1.103,0.62,0.748,0.0,0.418,0.313,0
3177,74,1,5,0.877,0.55,0.661,0.0,0.11,0.155,0
3178,82,0,9,0.952,0.572,0.937,0.0,0.397,0.176,0
3179,42,1,5,0.754,0.63,0.637,0.0,0.184,-0.154,0
3180,54,1,10,0.876,0.548,1.064,0.25,0.608,0.182,0
3181,82,0,8,0.733,0.611,0.622,0.5,0.118,0.046,0
3182,77,0,11,0.934,0.565,0.727,1.0,0.205,0.144,1
3183,65,0,6,0.771,0.66,0.408,0.25,0.016,0.025,0
3184,41,1,9,0.948,0.487,0.961,1.0,0.608,0.212,0
3185,41,0,3,0.84,0.71,0.402,0.25,-0.084,0.097,0
3186,84,1,10,1.037,0.544,0.763,0.75,0.319,0.255,0
3187,61,0,5,0.768,0.658,0.792,0.0,0.547,0.05,0
3188,57,0,10,0.896,0.557,1.095,0.0,0.744,0.259,0
3189,46,0,5,0.958,0.583,0.465,0.0,-0.164,0.273,0
3190,52,0,12,0.7,0.6,0.783,0.0,0.496,-0.159,0
3191,73,0,10,0.924,0.606,0.673,0.5,0.278,0.16,0
3192,61,1,8,0.959,0.479,0.605,0.0,0.138,0.029,0
3193,49,1,10,0.968,0.536,0.722,1.0,0.229,0.433,0
3194,48,0,5,0.685,0.696,0.906,0.25,0.298,-0.125,0
3195,55,1,4,0.701,0.575,0.322,0.5,0.114,-0.093,0
3196,76,1,8,0.928,0.629,0.77,1.0,0.179,0.102,1
3197,75,0,12,0.988,0.517,0.802,0.5,0.248,0.439,0
3198,37,1,12,1.047,0.525,0.7,0.25,0.262,0.154,0
3199,64,1,10,0.853,0.498,0.95,0.75,0.475,0.194,0
3200,81,0,8,0.881,0.499,0.851,0.0,0.177,0.149,0
3201,33,1,4,0.786,0.594,0.793,0.0,0.33,-0.069,0
3202,68,0,3,0.896,0.6,0.364,0.5,-0.096,0.194,0
3203,83,0,4,0.898,0.487,0.51,0.5,0.258,0.159,0
3204,54,0,8,0.945,0.642,0.7,0.0,0.184,0.379,0
3205,45,0,6,0.731,0.56,0.725,0.0,0.454,0.061,0
3206,34,1,11,0.996,0.461,0.858,0.0,0.405,0.296,0
3207,38,0,3,0.834,0.549,0.638,0.25,0.276,0.009,0
3208,66,0,3,0.908,0.652,0.473,0.0,0.389,0.167,0
3209,58,1,9,1.178,0.712,0.734,0.5,0.625,0.589,0
3210,61,0,6,0.738,0.616,0.756,0.0,0.469,-0.177,0
3211,30,1,11,0.674,0.57,1.045,0.0,0.251,-0.211,0
3212,66,0,5,0.926,0.633,0.65,0.0,0.351,0.139,0
3213,76,0,6,0.765,0.617,0.777,1.0,0.345,0.065,0
3214,57,0,3,0.663,0.588,0.846,0.75,0.429,-0.077,0
3215,57,1,4,0.683,0.58,0.605,0.0,0.241,0.148,0
3216,56,1,3,1.068,0.499,0.553,0.75,0.127,0.493,0
3217,44,0,6,0.854,0.692,0.743,0.0,0.545,0.097,0
3218,66,0,8,1.158,0.476,0.693,0.75,0.082,0.285,0
3219,74,1,9,0.891,0.562,0.823,0.5,0.282,0.033,0
3220,52,0,3,0.778,0.7,0.845,0.0,0.417,-0.126,0
3221,33,0,5,0.7,0.503,0.711,0.0,-0.005,0.14,0
3222,54,0,7,0.956,0.595,0.648,0.0,0.309,0.303,0
3223,67,0,5,0.768,0.602,0.706,0.0,0.193,-0.092,0
3224,66,0,4,0.946,0.604,0.73,0.75,0.006,0.28,0
3225,31,0,12,0.965,0.571,0.496,0.0,-0.017,0.389,0
3226,70,1,3,0.569,0.637,0.743,0.0,0.143,-0.212,0
3227,59,1,8,1.002,0.55,0.466,0.5,0.197,0.221,0
3228,50,1,9,1.021,0.486,0.87,0.75,0.594,0.17,0
3229,71,1,8,0.966,0.622,0.805,0.0,0.328,0.182,0
3230,47,0,9,0.892,0.476,0.588,0.0,-0.025,0.061,0
3231,70,1,4,0.842,0.46,0.864,1.0,0.417,0.008,0
3232,46,1,4,1.042,0.584,0.395,0.25,-0.033,0.455,0
3233,46,0,10,1.019,0.509,1.006,0.25,0.259,0.257,0
3234,61,1,3,0.795,0.728,0.446,0.0,0.139,0.056,0
3235,38,0,11,1.006,0.446,0.785,0.0,0.481,0.264,0
3236,76,1,5,0.93,0.494,0.549,0.25,-0.092,0.331,0
3237,34,1,3,0.785,0.595,0.614,0.75,0.178,0.056,0
3238,36,0,5,0.648,0.736,0.633,0.0,0.62,-0.185,0
3239,46,0,10,1.014,0.448,0.687,1.0,0.331,0.291,0
3240,78,1,6,0.94,0.596,0.766,0.0,0.386,0.151,0
3241,80,1,3,0.794,0.56,0.586,0.0,0.026,0.025,0
3242,53,0,4,0.752,0.643,0.48,0.5,-0.077,0.083,0
3243,34,1,6,0.874,0.669,0.454,0.25,0.154,0.197,0
3244,64,1,4,0.752,0.56,0.605,0.0,-0.088,0.197,0
3245,45,0,4,0.685,0.499,0.363,1.0,0.249,-0.152,0
3246,34,0,10,0.689,0.646,0.595,0.0,-0.254,-0.064,0
3247,54,1,8,0.756,0.562,0.615,0.0,0.717,0.056,0
3248,67,0,12,0.798,0.547,0.984,0.25,0.388,0.206,0
3249,79,1,4,0.671,0.592,0.329,0.5,-0.046,-0.139,0
3250,39,1,8,0.514,0.495,0.901,0.0,0.294,-0.364,0
3251,32,0,10,0.926,0.538,0.876,0.0,0.187,0.128,0
3252,76,1,5,0.772,0.641,0.865,0.25,0.31,-0.08,0
3253,84,1,12,0.7,0.595,0.884,0.25,0.535,-0.056,0
3254,49,0,5,0.905,0.7,0.522,0.5,-0.031,0.518,0
3255,57,1,12,0.942,0.408,1.277,0.25,0.814,0.19,0
3256,70,0,8,0.684,0.53,0.652,0.0,0.228,-0.31,0
3257,39,0,7,0.882,0.671,0.68,0.75,0.271,0.112,0
3258,84,0,4,0.84,0.585,0.851,0.25,0.059,0.006,1
3259,48,1,12,0.928,0.657,1.232,0.0,0.777,0.061,0
3260,74,1,4,0.68,0.558,0.484,1.0,0.033,-0.028,0
3261,53,1,8,0.863,0.457,0.859,0.0,0.467,0.116,0
3262,42,0,6,0.717,0.71,0.52,0.0,-0.0,-0.035,0
3263,59,0,3,0.84,0.583,0.485,0.5,0.035,-0.05,0
3264,58,0,12,0.988,0.454,0.882,0.0,0.387,0.295,0
3265,50,1,3,0.563,0.7,0.885,0.5,0.587,-0.371,0
3266,61,0,10,0.956,0.615,0.756,0.0,0.48,0.255,0
3267,81,1,3,0.804,0.562,0.365,0.5,-0.103,-0.0,0
3268,32,0,10,0.757,0.601,0.873,0.5,0.266,0.171,0
3269,83,1,7,0.883,0.483,0.869,0.25,0.411,0.103,0
3270,66,1,11,0.922,0.544,1.003,0.0,0.303,0.153,0
3271,53,0,9,0.699,0.555,1.082,0.0,0.565,-0.19,0
3272,81,1,3,0.621,0.7,0.639,0.0,0.127,-0.088,0
3273,60,0,3,0.712,0.649,0.723,0.0,0.292,0.056,0
3274,55,1,7,0.882,0.554,0.697,0.0,0.105,0.025,0
3275,78,0,12,0.895,0.494,0.656,0.5,-0.007,0.024,0
3276,82,1,11,0.819,0.573,0.9,0.0,0.229,0.138,0
3277,71,1,5,0.844,0.485,0.69,0.0,0.077,-0.06,0
3278,44,1,9,0.871,0.572,0.681,0.0,0.364,0.117,0
3279,60,0,8,0.839,0.7,0.462,0.0,0.164,0.304,0
3280,50,0,8,1.164,0.484,0.747,0.0,0.415,0.499,0
3281,64,1,9,0.955,0.691,0.846,0.5,0.496,0.271,0
3282,53,0,12,1.188,0.563,0.799,0.25,0.371,0.402,0
3283,57,0,12,0.983,0.572,0.981,0.0,0.269,0.196,0
3284,81,1,11,0.7,0.523,0.876,1.0,0.349,-0.049,1
3285,49,0,5,0.883,0.575,0.577,0.25,0.104,0.27,0
3286,40,0,6,1.074,0.791,0.7,0.5,0.598,0.461,0
3287,64,0,11,0.859,0.481,0.766,0.0,0.35,-0.039,0
3288,52,1,4,0.7,0.534,0.425,0.0,0.081,-0.01,0
3289,75,1,9,0.7,0.441,0.876,0.0,0.672,-0.278,0
3290,73,1,12,0.689,0.453,1.09,0.0,0.671,-0.033,0
3291,65,1,10,1.015,0.593,0.886,1.0,0.393,0.392,1
3292,77,1,3,0.854,0.533,0.274,0.5,-0.592,0.198,0
3293,79,0,4,0.692,0.546,0.639,0.0,0.295,0.081,0
3294,57,0,10,0.856,0.596,0.946,0.0,0.596,0.028,0
3295,35,1,4,0.757,0.561,0.86,0.25,0.22,-0.119,0
3296,53,1,6,0.555,0.587,0.823,0.0,0.382,0.017,0
3297,47,1,3,0.725,0.705,0.703,0.75,0.383,-0.059,0
3298,70,1,6,0.746,0.474,0.87,0.0,-0.031,-0.022,0
3299,45,1,7,0.745,0.574,0.98,0.0,0.379,-0.126,0
3300,39,1,12,1.108,0.553,0.643,0.0,0.093,0.252,0
3301,79,0,12,0.808,0.586,1.038,0.0,0.607,0.046,0
3302,47,1,5,0.779,0.619,0.642,0.5,0.032,0.21,0
3303,42,0,12,0.7,0.482,0.861,0.0,0.662,0.011,0
3304,52,1,5,0.839,0.723,0.587,1.0,0.015,0.1,0
3305,35,0,6,0.833,0.59,0.828,0.0,0.604,-0.018,0
3306,38,0,4,0.725,0.556,0.578,0.0,-0.122,-0.028,0
3307,76,1,5,0.931,0.554,0.681,0.25,0.095,0.231,0
3308,39,1,11,1.01,0.57,0.851,0.0,0.504,-0.036,0
3309,50,0,3,0.953,0.57,0.481,0.0,0.403,0.253,0
3310,78,0,4,0.908,0.644,0.441,1.0,-0.082,-0.011,0
3311,36,0,11,0.929,0.507,0.865,0.0,0.539,-0.056,0
3312,50,1,3,0.904,0.601,0.189,0.75,-0.17,0.082,0
3313,81,0,8,1.131,0.615,0.65,0.75,0.026,0.204,0
3314,30,1,7,0.897,0.582,1.076,0.25,0.538,0.172,0
3315,38,0,4,0.728,0.619,0.428,1.0,-0.064,-0.068,0
3316,56,0,8,0.881,0.563,0.59,0.5,-0.032,0.302,0
3317,41,1,12,0.939,0.454,0.962,0.5,0.331,0.222,0
3318,35,0,9,0.7,0.546,0.83,0.5,0.565,0.066,0
3319,34,0,12,1.07,0.535,0.713,1.0,0.346,0.209,0
3320,51,0,5,0.779,0.639,0.735,0.25,0.127,-0.13,0
3321,69,1,12,1.058,0.502,0.976,0.0,0.423,0.104,0
3322,84,1,6,0.7,0.707,0.602,0.0,-0.102,-0.036,0
3323,39,1,7,0.983,0.723,0.814,0.75,0.297,0.207,0
3324,43,1,8,0.918,0.566,0.442,0.5,-0.078,0.282,0
3325,52,0,11,1.107,0.488,0.93,0.5,0.346,0.239,0
3326,77,1,12,0.7,0.53,1.164,0.5,0.464,-0.103,1
3327,59,0,4,0.925,0.483,0.5,0.0,0.433,0.115,0
3328,61,1,4,0.839,0.632,0.314,0.25,-0.216,0.029,0
3329,63,1,8,1.043,0.552,0.864,0.5,0.526,0.167,0
3330,81,1,9,0.763,0.504,0.627,0.0,0.375,0.015,0
3331,46,0,10,0.751,0.535,0.9,0.75,0.701,-0.027,0
3332,82,0,5,0.726,0.628,0.481,1.0,-0.075,0.046,0
3333,30,0,11,0.855,0.708,0.972,0.25,0.272,0.282,0
3334,35,0,6,0.825,0.573,0.538,0.5,0.16,0.098,0
3335,72,0,11,1.1,0.662,0.972,0.0,0.702,0.324,0
3336,69,1,7,0.839,0.485,0.45,1.0,0.263,0.139,0
3337,31,1,9,0.878,0.539,0.821,0.25,0.432,0.015,0
3338,46,0,12,0.823,0.544,0.879,0.0,0.485,0.124,0
3339,64,1,6,0.668,0.539,0.808,0.0,0.461,-0.061,0
3340,34,1,11,0.9,0.568,0.752,0.0,0.141,-0.011,0
3341,46,0,7,0.919,0.71,0.535,1.0,0.247,0.111,0
3342,63,1,7,0.884,0.618,0.51,0.0,-0.008,0.137,0
3343,80,0,11,1.067,0.577,1.102,0.5,0.717,0.139,1
3344,75,0,9,0.981,0.7,0.563,0.25,0.163,0.193,0
3345,48,1,12,0.794,0.453,1.116,1.0,0.682,0.25,1
3346,69,1,6,0.918,0.7,0.811,0.5,0.367,0.326,1
3347,43,0,6,0.815,0.602,1.084,0.75,0.484,0.09,0
3348,68,1,8,0.801,0.587,0.874,0.0,0.603,-0.006,0
3349,41,0,12,0.981,0.507,0.865,0.5,0.42,0.273,0
3350,45,0,7,0.763,0.492,0.732,0.0,0.304,0.136,0
3351,48,1,6,0.774,0.586,0.688,0.75,0.078,-0.117,0
3352,60,1,6,1.008,0.678,0.429,0.0,-0.172,0.141,0
3353,84,1,10,0.7,0.707,0.615,0.5,-0.054,-0.11,1
3354,33,0,12,1.015,0.541,1.247,0.25,0.918,0.218,0
3355,49,1,9,0.961,0.535,0.905,0.0,0.574,0.246,0
3356,44,0,9,0.896,0.46,0.698,0.0,0.149,0.123,0
3357,81,0,9,0.897,0.503,1.008,1.0,0.323,0.158,1
3358,57,1,4,0.89,0.607,0.448,0.0,-0.203,0.282,0
3359,68,1,7,0.938,0.587,0.997,1.0,0.415,0.363,0
3360,60,1,8,0.7,0.668,0.858,0.5,0.324,-0.131,0
3361,58,0,6,0.8,0.601,0.623,0.0,0.222,0.127,0
3362,58,1,3,0.811,0.627,0.647,0.0,0.504,0.056,0
3363,65,1,11,0.916,0.7,0.667,0.25,-0.0,0.044,0
3364,49,1,6,0.687,0.612,0.526,0.0,-0.074,-0.173,0
3365,62,0,4,0.769,0.587,0.411,0.0,-0.172,-0.006,0
3366,68,1,4,0.707,0.793,0.662,0.0,0.333,0.122,0
3367,40,1,6,0.875,0.576,0.553,0.0,0.299,0.12,0
3368,55,1,3,0.681,0.574,0.621,0.75,0.064,-0.121,0
3369,43,1,6,0.949,0.7,0.538,0.0,0.224,0.189,0
3370,34,1,7,0.941,0.624,0.429,0.25,0.074,0.344,0
3371,56,1,5,0.7,0.532,0.978,0.25,0.458,-0.185,0
3372,48,0,10,1.001,0.56,0.737,0.0,0.077,0.192,0
3373,37,0,9,0.928,0.488,0.867,0.0,0.594,0.086,0
3374,48,1,4,0.858,0.673,0.331,0.0,-0.258,-0.038,0
3375,48,1,11,0.973,0.553,1.216,0.0,0.63,0.184,0
3376,61,1,11,0.893,0.517,0.696,0.0,0.077,0.048,0
3377,82,0,8,0.893,0.602,0.724,1.0,0.374,0.171,0
3378,78,1,12,0.94,0.601,0.894,1.0,0.428,0.399,0
3379,36,0,10,1.08,0.548,0.793,0.0,0.878,0.195,0
3380,73,1,9,0.755,0.613,0.784,0.0,0.413,-0.089,1
3381,47,0,6,0.876,0.643,0.713,0.0,0.404,0.134,0
3382,37,0,8,0.798,0.654,0.953,0.25,0.359,0.186,0
3383,74,0,12,1.126,0.528,0.7,0.0,0.329,0.299,0
3384,33,1,9,0.931,0.606,0.77,0.0,0.419,0.158,0
3385,58,0,5,0.669,0.688,0.758,0.0,0.436,-0.117,0
3386,56,0,8,0.953,0.491,0.641,0.5,0.305,0.327,0
3387,84,1,4,0.845,0.472,0.805,0.0,0.131,0.321,1
3388,63,0,3,0.971,0.584,0.562,0.0,-0.09,0.069,0
3389,83,0,8,1.027,0.527,0.595,1.0,-0.019,0.022,0
3390,68,0,7,0.671,0.503,0.89,0.0,0.728,0.14,0
3391,35,1,10,1.009,0.648,0.879,0.5,0.281,0.226,0
3392,55,0,3,0.64,0.742,0.474,0.25,-0.216,0.011,0
3393,61,0,11,0.931,0.425,0.756,0.5,0.444,0.26,0
3394,54,1,4,0.897,0.562,0.435,0.0,0.042,0.226,0
3395,63,0,6,1.035,0.48,0.549,0.0,-0.104,0.324,0
3396,78,1,11,0.968,0.465,1.047,0.0,0.587,0.186,0
3397,53,1,11,0.963,0.599,1.033,0.5,0.506,0.303,0
3398,81,0,5,0.773,0.66,0.653,0.75,0.176,-0.033,0
3399,82,0,4,0.815,0.569,0.712,0.0,0.38,0.04,0
3400,49,1,5,0.944,0.518,0.814,0.5,0.557,0.264,0
3401,84,0,12,0.731,0.62,1.017,0.0,0.541,-0.01,1
3402,62,1,3,0.758,0.546,0.541,0.25,-0.025,0.013,0
3403,82,0,10,0.827,0.54,1.034,0.5,0.372,-0.13,0
3404,32,0,8,0.888,0.527,0.566,0.5,0.01,0.157,0
3405,76,1,7,0.774,0.588,0.821,0.5,0.409,-0.075,1
3406,56,1,6,0.916,0.492,0.745,0.0,0.142,0.239,0
3407,52,1,12,0.876,0.58,0.893,0.75,0.437,-0.008,0
3408,42,1,4,0.921,0.696,0.575,0.25,0.086,0.099,0
3409,38,0,11,1.028,0.573,0.889,1.0,0.706,0.311,0
3410,61,0,4,0.902,0.424,0.573,0.5,0.043,0.042,0
3411,68,0,12,0.933,0.571,0.78,0.25,0.216,0.154,0
3412,50,0,7,0.961,0.6,0.708,0.0,0.376,0.026,0
3413,79,0,9,0.765,0.557,0.438,0.0,0.03,-0.025,0
3414,50,1,10,0.84,0.593,0.856,0.5,0.483,-0.051,0
3415,50,0,4,1.069,0.557,0.504,0.75,0.02,0.375,0
3416,51,1,7,0.915,0.651,0.834,0.0,0.134,0.146,0
3417,67,1,3,0.791,0.571,0.648,0.0,0.286,0.133,0
3418,73,1,6,0.847,0.541,0.663,0.5,0.142,0.178,1
3419,61,0,12,1.044,0.513,0.793,0.0,0.166,0.136,0
3420,60,0,4,0.744,0.661,0.654,0.75,-0.021,0.292,0
3421,58,1,6,0.603,0.518,0.812,1.0,0.517,-0.321,0
3422,72,1,12,0.931,0.417,1.175,0.25,0.509,0.231,0
3423,74,1,11,0.981,0.511,0.924,0.0,0.441,0.098,1
3424,36,1,7,0.872,0.654,0.685,0.0,0.647,0.345,0
3425,48,0,11,0.847,0.441,0.689,0.0,0.461,-0.01,0
3426,59,0,12,0.932,0.615,0.968,0.25,0.541,0.21,0
3427,45,1,9,0.978,0.51,0.417,0.0,0.021,0.1,0
3428,78,0,7,1.047,0.51,0.785,1.0,-0.056,0.41,1
3429,57,1,7,0.954,0.7,0.744,0.25,0.325,0.369,0
3430,61,1,11,0.912,0.566,1.086,0.75,1.053,0.157,0
3431,75,0,10,1.118,0.62,0.731,0.0,0.262,0.491,0
3432,65,1,12,0.7,0.628,1.051,0.0,0.373,-0.004,0
3433,30,1,5,0.7,0.605,0.553,0.5,-0.121,-0.155,0
3434,42,1,4,0.902,0.462,0.342,0.0,-0.343,0.216,0
3435,72,1,12,1.098,0.578,0.921,0.5,0.493,0.382,0
3436,81,0,3,0.801,0.622,0.396,0.0,-0.122,0.101,0
3437,59,1,10,1.03,0.573,1.006,0.25,0.302,0.331,0
3438,37,0,7,0.85,0.553,0.448,1.0,-0.243,0.073,0
3439,44,1,10,0.88,0.583,0.692,0.5,0.285,0.298,0
3440,33,0,10,0.7,0.613,0.995,0.0,0.669,0.01,0
3441,40,1,6,0.731,0.7,0.543,0.25,-0.152,-0.12,0
3442,54,1,12,0.961,0.463,1.065,0.0,0.576,0.294,0
3443,45,1,3,0.784,0.548,0.817,0.0,-0.095,-0.123,0
3444,44,1,8,0.903,0.526,0.803,0.75,0.2,-0.002,0
3445,68,0,12,1.141,0.614,1.222,0.0,1.086,0.497,0
3446,58,1,3,0.736,0.561,0.479,0.0,-0.282,-0.035,0
3447,65,1,8,1.072,0.486,0.783,0.0,0.388,0.143,0
3448,60,0,6,0.954,0.699,0.598,0.75,0.163,0.274,0
3449,47,0,6,1.062,0.586,0.849,1.0,0.287,0.417,0
3450,55,1,6,0.781,0.662,0.718,0.5,0.139,-0.163,0
3451,44,1,9,0.828,0.604,0.892,1.0,0.201,-0.212,0
3452,46,0,3,0.827,0.524,0.7,0.0,0.449,0.26,0
3453,49,1,5,0.834,0.557,0.655,0.0,0.647,0.122,0
3454,80,1,12,1.054,0.618,0.7,0.0,0.226,0.435,0
3455,70,1,3,1.061,0.748,0.9,0.0,0.194,0.32,0
3456,44,1,12,1.071,0.616,0.85,0.5,0.472,0.443,0
3457,38,1,6,1.197,0.438,0.638,0.0,0.466,0.511,0
3458,55,1,3,0.752,0.587,0.462,0.0,0.146,0.047,0
3459,71,1,4,0.767,0.586,0.799,1.0,0.426,-0.059,1
3460,47,0,9,0.973,0.628,0.715,0.25,0.251,0.066,0
3461,78,0,9,0.77,0.705,0.75,0.5,0.221,0.224,0
3462,34,1,3,0.734,0.844,0.917,0.0,0.457,-0.002,0
3463,56,0,10,0.87,0.538,0.572,0.0,0.003,0.236,0
3464,51,1,6,0.647,0.669,0.872,0.0,0.358,0.077,0
3465,50,1,4,0.584,0.59,0.815,0.0,0.216,-0.231,0
3466,53,0,6,0.981,0.657,0.84,0.0,0.515,0.15,0
3467,75,0,11,1.075,0.44,0.788,0.25,-0.214,0.555,1
3468,56,0,5,0.943,0.558,0.778,0.0,0.279,0.129,0
3469,58,1,3,0.699,0.543,0.79,0.0,0.481,-0.091,0
3470,46,0,3,0.569,0.631,0.424,0.0,-0.148,-0.293,0
3471,77,1,3,0.92,0.592,0.685,0.0,0.16,0.331,0
3472,81,0,5,0.918,0.464,0.803,0.75,0.186,0.19,0
3473,39,1,9,0.907,0.585,0.721,0.25,0.159,0.189,0
3474,47,0,4,0.594,0.488,0.532,1.0,0.204,-0.032,0
3475,60,1,4,0.783,0.472,0.877,0.0,0.325,0.019,0
3476,41,0,9,1.021,0.591,0.804,0.0,0.302,0.428,0
3477,62,1,11,1.007,0.533,0.818,0.0,0.513,0.187,0
3478,71,0,10,1.071,0.456,0.673,0.0,0.096,0.184,0
3479,37,0,10,0.728,0.565,0.476,0.5,-0.08,-0.108,0
3480,70,0,5,1.017,0.637,0.83,0.75,0.198,-0.015,0
3481,55,0,9,0.892,0.615,0.572,0.0,0.13,0.263,0
3482,52,0,3,0.749,0.664,0.74,0.25,0.104,-0.182,0
3483,78,0,11,0.945,0.539,0.68,0.0,0.165,0.309,0
3484,37,1,8,0.748,0.59,1.0,0.0,0.37,0.058,0
3485,36,1,8,0.923,0.72,0.945,0.25,0.697,0.223,0
3486,75,1,5,0.948,0.557,0.85,1.0,0.403,0.1,1
3487,55,0,5,0.912,0.663,0.782,0.5,0.32,-0.105,0
3488,31,1,10,1.111,0.432,0.805,0.25,0.359,0.341,0
3489,57,0,11,0.996,0.607,1.044,0.0,0.838,0.157,0
3490,49,0,5,0.594,0.707,0.717,1.0,0.148,-0.052,0
3491,80,0,3,0.734,0.562,0.713,0.0,0.231,-0.192,0
3492,77,0,9,0.974,0.536,0.591,0.0,0.361,0.367,0
3493,42,1,12,0.982,0.461,0.957,0.25,0.589,0.336,0
3494,53,0,8,0.804,0.553,0.72,0.0,0.105,0.109,0
3495,50,1,12,1.037,0.625,0.665,0.25,0.118,0.399,0
3496,75,1,9,0.843,0.558,0.855,0.5,0.645,0.315,0
3497,45,0,10,0.889,0.535,1.018,0.0,0.801,0.215,0
3498,72,1,11,0.836,0.566,1.032,1.0,0.443,0.178,0
3499,57,0,8,0.809,0.638,0.661,0.0,0.199,-0.19,0
3500,70,0,12,1.0,0.434,0.796,0.0,0.625,0.521,0
3501,37,0,11,0.982,0.567,0.805,0.0,0.105,0.335,0
3502,68,0,10,0.951,0.634,1.004,0.75,0.574,0.278,0
3503,59,1,8,0.838,0.599,0.797,0.75,0.174,0.202,0
3504,83,1,10,1.022,0.703,1.037,0.25,0.356,0.194,1
3505,78,1,6,0.809,0.616,0.85,0.0,0.5,0.024,0
3506,39,1,8,0.963,0.672,0.727,0.75,0.025,0.202,0
3507,73,1,11,0.994,0.492,0.983,0.0,0.235,0.17,0
3508,44,0,12,0.82,0.674,1.101,0.0,0.738,-0.019,0
3509,63,0,9,1.03,0.552,0.592,0.5,-0.108,0.433,0
3510,48,0,9,1.107,0.534,1.105,0.0,0.943,0.213,0
3511,34,0,4,0.812,0.621,0.843,0.5,0.239,0.133,0
3512,72,1,4,0.678,0.721,0.7,0.0,0.205,-0.118,0
3513,57,1,12,0.901,0.518,0.771,0.0,0.497,0.161,0
3514,46,1,8,0.773,0.585,0.768,0.25,0.371,0.078,0
3515,75,1,12,0.785,0.559,0.894,0.0,0.413,0.012,0
3516,84,1,12,1.13,0.454,0.779,0.25,0.263,0.245,1
3517,57,1,9,0.902,0.556,0.749,0.75,0.488,0.096,0
3518,46,1,8,0.804,0.53,0.775,0.5,0.24,0.237,0
3519,57,0,4,0.817,0.641,0.324,0.0,-0.263,0.124,0
3520,74,1,3,0.784,0.537,0.485,0.0,-0.037,0.084,0
3521,44,1,5,0.811,0.499,0.663,0.0,0.219,0.156,0
3522,63,1,11,0.738,0.502,0.741,1.0,0.503,0.095,0
3523,48,1,7,0.855,0.583,0.478,0.75,-0.153,0.152,0
3524,61,1,4,0.897,0.669,0.232,1.0,-0.375,0.148,0
3525,44,0,8,0.883,0.611,0.877,0.0,0.426,-0.298,0
3526,53,1,10,0.886,0.512,0.807,1.0,0.322,-0.006,0
3527,67,0,5,0.715,0.574,0.528,0.25,0.005,-0.158,0
3528,78,1,3,0.78,0.628,0.511,0.0,0.241,0.187,0
3529,43,1,6,0.794,0.602,0.701,0.25,0.227,0.094,0
3530,74,0,4,0.826,0.467,0.298,0.25,0.058,0.248,0
3531,77,1,6,0.903,0.629,0.518,0.0,0.077,0.197,0
3532,41,0,6,1.031,0.577,0.7,0.25,0.13,0.157,0
3533,43,1,11,0.919,0.572,0.881,0.0,0.737,0.323,0
3534,35,0,4,0.703,0.582,0.429,0.25,-0.049,-0.083,0
3535,55,1,11,1.064,0.539,1.076,0.75,0.418,0.171,0
3536,36,1,12,1.008,0.503,0.759,0.0,0.481,0.248,0
3537,51,1,8,0.9,0.547,0.496,0.0,-0.272,0.146,0
3538,60,0,10,1.015,0.508,1.125,0.0,0.767,0.281,0
3539,58,1,4,0.927,0.739,0.731,0.0,0.258,0.214,0
3540,54,1,3,1.095,0.71,0.764,0.0,0.433,0.351,0
3541,77,0,10,1.251,0.616,0.863,0.0,0.249,0.294,0
3542,52,1,12,0.909,0.607,1.04,0.0,0.701,0.021,0
3543,80,1,10,0.891,0.474,0.829,0.0,0.623,0.021,0
3544,53,0,11,0.796,0.658,1.069,0.75,0.494,-0.015,0
3545,81,1,7,0.825,0.523,0.63,0.5,-0.114,0.086,1
3546,61,0,9,0.991,0.492,0.826,0.5,0.611,0.059,0
3547,44,1,6,0.934,0.545,0.859,0.75,0.329,0.191,0
3548,71,1,6,1.015,0.543,0.684,0.0,-0.023,0.233,0
3549,82,0,8,1.091,0.571,0.994,1.0,0.399,0.192,1
3550,45,0,3,0.915,0.651,0.7,0.25,0.184,0.125,0
3551,46,1,4,0.705,0.417,0.492,0.0,-0.117,0.026,0
3552,66,0,10,1.011,0.638,0.685,0.0,0.172,0.494,0
3553,59,1,9,0.961,0.561,0.198,1.0,-0.39,0.373,0
3554,78,0,4,0.882,0.449,0.7,1.0,0.302,0.18,0
3555,56,1,3,1.056,0.557,0.7,0.0,-0.08,0.221,0
3556,71,0,3,0.692,0.77,0.504,0.0,0.066,-0.108,0
3557,41,1,5,0.843,0.639,0.475,0.0,-0.286,0.038,0
3558,42,0,4,0.88,0.661,0.75,0.0,0.427,-0.06,0
3559,48,1,12,0.897,0.564,0.882,0.0,0.244,0.2,0
3560,71,1,10,0.898,0.652,0.669,0.0,-0.031,0.29,0
3561,82,1,8,0.954,0.521,0.872,0.5,0.444,0.044,0
3562,72,1,5,0.825,0.663,0.727,0.0,0.005,0.098,0
3563,46,1,8,0.946,0.627,0.915,0.5,0.158,0.205,0
3564,62,0,9,1.011,0.553,0.847,0.5,0.355,0.172,0
3565,70,1,7,0.747,0.541,0.314,1.0,-0.334,0.082,0
3566,80,0,10,0.786,0.628,0.844,0.25,0.483,0.131,0
3567,72,1,10,0.646,0.485,0.796,1.0,0.349,-0.047,0
3568,75,0,7,0.996,0.718,0.175,0.0,-0.252,0.275,0
3569,48,1,6,0.884,0.514,0.547,0.0,0.126,0.22,0
3570,50,1,6,0.809,0.607,0.6,1.0,0.194,0.073,0
3571,39,1,5,0.934,0.7,0.319,0.25,-0.148,0.326,0
3572,33,0,12,0.82,0.58,1.228,0.5,0.644,0.016,0
3573,38,0,4,0.663,0.708,0.865,0.0,0.274,0.044,0
3574,46,0,9,0.998,0.681,0.7,0.0,0.265,0.168,0
3575,79,0,4,1.078,0.505,0.619,0.5,0.04,0.52,0
3576,43,0,5,0.872,0.619,0.583,0.75,0.04,0.228,0
3577,34,1,12,1.066,0.569,1.072,0.0,0.666,0.236,0
3578,72,1,11,0.913,0.395,0.784,1.0,0.296,0.097,0
3579,33,1,8,0.7,0.557,0.781,0.75,0.17,-0.151,0
3580,65,1,7,0.916,0.58,0.65,0.0,-0.074,0.27,0
3581,48,0,6,0.853,0.607,0.764,0.75,0.245,0.025,0
3582,72,1,10,0.892,0.488,0.961,0.25,0.576,0.118,0
3583,61,0,10,0.982,0.675,0.776,0.5,0.168,0.129,0
3584,61,1,6,1.006,0.449,0.565,0.25,0.137,0.293,0
3585,41,0,8,0.988,0.59,0.67,0.5,0.138,0.275,0
3586,54,1,12,1.199,0.586,0.883,0.25,0.583,0.411,0
3587,81,0,4,1.056,0.702,0.625,1.0,0.213,0.125,0
3588,51,0,11,1.157,0.626,0.85,0.0,0.29,0.433,0
3589,52,1,5,0.782,0.374,0.762,0.0,0.137,-0.047,0
3590,33,0,5,0.778,0.572,0.501,0.0,-0.247,0.162,0
3591,33,0,4,0.64,0.672,0.72,0.5,0.145,-0.096,0
3592,73,1,12,0.957,0.516,0.939,0.5,0.674,0.386,0
3593,84,0,6,0.948,0.683,0.521,0.0,0.008,0.142,0
3594,62,0,9,0.902,0.628,0.929,0.25,0.354,-0.057,0
3595,70,0,12,0.7,0.588,1.08,0.0,0.69,0.0,0
3596,44,0,12,0.913,0.617,1.074,0.25,0.435,0.272,0
3597,73,0,5,0.982,0.602,0.579,0.75,-0.124,0.136,1
3598,75,1,6,0.961,0.551,0.607,0.0,-0.05,0.079,0
3599,74,1,7,0.669,0.625,0.825,0.25,0.149,0.151,0
3600,62,0,8,0.7,0.674,0.494,0.0,-0.072,0.031,0
3601,54,1,3,0.849,0.553,0.831,0.0,0.407,-0.071,0
3602,59,0,10,0.624,0.55,0.877,0.5,-0.045,-0.118,0
3603,79,1,6,0.939,0.523,0.766,0.0,0.505,0.041,0
3604,31,0,10,0.71,0.554,1.157,0.25,0.847,-0.101,0
3605,61,0,10,0.896,0.586,0.8,0.0,0.337,0.283,0
3606,71,1,10,1.202,0.724,0.929,0.5,0.437,0.377,0
3607,53,0,7,0.948,0.7,0.66,0.0,0.249,0.206,0
3608,53,0,7,0.912,0.541,0.833,0.0,0.491,0.017,0
3609,57,1,10,0.848,0.687,0.818,0.0,0.342,0.113,0
3610,68,1,6,0.598,0.635,0.829,0.25,0.492,0.023,0
3611,66,0,10,0.799,0.575,0.906,1.0,0.501,0.099,0
3612,71,0,4,0.78,0.679,0.288,0.0,-0.275,0.208,0
3613,67,0,5,0.937,0.689,0.629,0.25,0.114,0.351,0
3614,40,0,8,0.877,0.518,0.695,0.0,0.33,0.256,0
3615,55,0,11,1.061,0.503,0.791,0.0,0.359,0.106,0
3616,80,0,12,0.997,0.666,0.7,0.0,0.478,0.394,1
3617,57,0,8,0.965,0.528,0.438,0.75,-0.063,0.075,0
3618,46,1,9,0.88,0.543,1.192,0.25,1.016,0.231,0
3619,60,1,6,0.824,0.666,0.669,0.5,0.169,0.018,0
3620,77,1,6,0.779,0.534,0.83,0.25,0.654,0.066,0
3621,75,1,12,0.993,0.451,0.735,0.5,0.505,0.17,1
3622,58,1,5,0.718,0.7,0.857,0.0,0.157,-0.117,0
3623,60,1,12,1.075,0.475,0.988,0.5,0.651,0.284,0
3624,79,1,8,0.911,0.492,0.68,0.75,0.297,0.27,1
3625,41,1,3,0.742,0.529,0.505,0.5,0.077,-0.166,0
3626,42,0,9,0.88,0.445,1.171,0.0,0.801,-0.019,0
3627,77,0,10,1.075,0.501,0.783,0.25,0.342,0.286,0
3628,77,1,10,0.878,0.498,0.942,0.75,0.703,0.13,0
3629,33,0,8,0.905,0.682,0.799,0.25,0.13,0.31,0
3630,51,0,11,0.83,0.54,0.864,1.0,0.46,0.071,0
3631,83,0,9,0.831,0.597,0.718,0.0,0.195,0.131,0
3632,32,1,6,0.615,0.595,0.536,0.25,-0.025,-0.195,0
3633,75,0,7,0.996,0.449,0.634,0.75,0.197,0.256,0
3634,69,0,8,0.758,0.553,0.704,0.0,0.18,0.053,0
3635,55,0,12,1.046,0.479,1.153,0.0,0.327,0.408,0
3636,42,0,6,0.834,0.555,0.433,1.0,0.177,0.266,0
3637,45,1,11,0.99,0.575,1.024,0.0,0.272,0.218,0
3638,36,1,5,0.7,0.486,0.426,0.0,0.12,-0.202,0
3639,45,1,7,0.949,0.537,0.866,0.0,0.505,0.234,0
3640,71,1,8,0.838,0.498,0.98,0.0,0.447,-0.068,0
3641,59,0,7,0.656,0.691,0.553,0.0,0.24,0.117,0
3642,59,0,11,0.68,0.587,1.038,0.0,0.738,-0.213,0
3643,30,0,9,0.944,0.539,0.88,0.75,0.321,0.268,0
3644,33,0,8,0.88,0.639,1.063,0.0,0.699,0.18,0
3645,71,1,6,0.863,0.499,0.535,0.25,0.059,0.005,0
3646,44,1,5,0.818,0.695,0.58,0.25,0.516,0.004,0
3647,31,0,10,1.012,0.605,0.721,0.0,0.161,0.312,0
3648,31,0,5,0.902,0.678,0.714,0.0,0.253,0.244,0
3649,35,1,12,0.903,0.757,0.7,0.0,0.546,0.196,0
3650,37,0,9,0.864,0.487,0.756,0.0,0.251,-0.01,0
3651,63,1,12,1.383,0.455,0.569,0.75,0.223,0.533,0
3652,33,1,6,1.061,0.628,0.864,0.0,0.866,0.154,0
3653,83,0,8,0.978,0.477,0.7,0.75,0.111,0.419,1
3654,60,0,6,0.624,0.634,0.5,0.75,-0.161,-0.038,0
3655,75,0,4,0.714,0.638,0.574,0.25,0.213,-0.126,0
3656,40,0,3,0.745,0.569,0.622,0.25,0.23,0.025,0
3657,78,1,8,0.953,0.453,0.798,0.0,0.491,0.081,0
3658,70,0,4,0.941,0.612,0.666,0.5,0.183,0.234,0
3659,49,1,12,0.994,0.521,0.713,1.0,0.339,0.294,0
3660,35,1,5,0.879,0.7,0.696,0.25,0.121,0.179,0
3661,41,1,6,0.86,0.577,0.62,0.0,0.416,0.234,0
3662,75,1,5,0.585,0.522,0.425,0.0,-0.212,-0.247,0
3663,35,0,4,0.846,0.581,0.727,1.0,0.708,0.074,0
3664,30,0,6,0.837,0.644,0.677,0.0,-0.023,0.053,0
3665,60,1,8,0.7,0.494,0.942,0.25,0.337,-0.138,0
3666,35,0,9,1.053,0.532,0.688,0.25,0.105,0.307,0
3667,41,1,10,0.886,0.515,1.047,0.0,0.38,0.138,0
3668,74,1,4,0.874,0.51,0.702,0.25,0.258,-0.014,0
3669,62,0,10,0.967,0.619,0.722,0.75,0.447,0.179,0
3670,68,0,9,0.902,0.523,0.761,0.5,0.149,-0.069,0
3671,67,1,9,0.884,0.556,0.689,0.5,0.043,0.223,1
3672,57,0,6,0.923,0.563,0.746,0.0,0.487,0.195,0
3673,43,0,6,1.071,0.425,0.637,0.75,0.119,0.344,0
3674,81,1,5,0.688,0.653,0.297,0.25,-0.314,0.004,0
3675,78,0,5,1.059,0.719,0.172,1.0,-0.528,0.437,0
3676,44,1,4,1.039,0.567,0.684,0.0,0.143,0.25,0
3677,52,0,7,0.718,0.7,0.57,0.0,-0.137,0.047,0
3678,46,0,12,0.948,0.469,1.041,0.0,0.646,-0.061,0
3679,32,0,3,0.608,0.587,0.677,0.0,0.054,-0.174,0
3680,31,1,12,0.967,0.7,1.065,0.0,0.596,0.17,0
3681,80,1,7,0.959,0.595,1.022,0.0,0.378,0.18,0
3682,79,0,5,0.706,0.633,0.643,0.25,0.006,-0.058,0
3683,36,0,7,0.699,0.604,0.634,1.0,0.444,-0.145,0
3684,32,1,12,0.968,0.591,0.726,0.0,0.267,0.252,0
3685,64,1,4,0.86,0.762,0.571,0.0,0.11,0.038,0
3686,33,0,11,0.7,0.587,0.944,0.0,0.347,-0.063,0
3687,54,0,7,0.79,0.421,0.755,0.5,0.062,-0.066,0
3688,68,0,9,0.943,0.556,0.758,0.0,0.283,0.203,0
3689,79,0,5,0.793,0.519,0.477,0.0,-0.194,0.009,0
3690,53,0,8,1.078,0.467,0.791,1.0,0.609,0.473,0
3691,38,0,12,0.781,0.545,0.7,0.0,-0.101,0.093,0
3692,61,0,10,0.879,0.665,0.922,0.0,0.741,0.023,0
3693,62,0,9,0.809,0.479,0.867,0.0,0.136,-0.115,0
3694,46,0,5,0.893,0.56,0.886,0.25,0.178,0.053,0
3695,77,1,7,0.905,0.541,0.694,1.0,0.272,0.036,0
3696,70,1,3,0.873,0.7,0.448,0.5,0.043,0.16,0
3697,34,0,6,0.671,0.656,0.282,0.0,-0.094,0.064,0
3698,78,1,3,0.825,0.7,0.639,0.0,0.245,-0.016,0
3699,34,1,12,1.104,0.579,0.872,0.0,0.533,0.338,0
3700,55,1,11,0.904,0.572,0.615,0.0,0.231,0.172,0
3701,74,0,10,1.019,0.636,0.379,0.5,-0.125,0.224,1
3702,75,0,3,0.674,0.537,0.463,0.5,0.078,-0.097,0
3703,73,0,6,0.938,0.615,0.64,0.25,0.059,-0.042,0
3704,42,1,4,0.879,0.637,0.412,0.0,-0.122,0.151,0
3705,32,0,7,0.906,0.559,0.92,0.5,0.424,0.27,0
3706,81,1,3,1.069,0.7,0.557,0.5,0.042,0.255,0
3707,45,1,8,0.886,0.582,0.844,0.0,0.214,0.144,0
3708,74,1,4,0.642,0.622,0.844,0.0,0.386,-0.037,0
3709,70,1,8,0.915,0.512,0.726,0.0,0.238,-0.023,0
3710,82,1,6,0.793,0.581,0.917,0.0,0.648,0.268,0
3711,36,0,12,0.855,0.467,1.064,1.0,0.483,-0.047,0
3712,71,0,4,0.736,0.378,0.523,0.0,0.154,-0.055,0
3713,31,0,6,0.877,0.572,0.631,0.0,0.058,0.178,0
3714,59,0,4,0.791,0.566,0.713,0.25,0.206,-0.06,0
3715,65,0,7,0.776,0.647,0.65,0.75,0.175,0.017,0
3716,71,0,3,0.955,0.641,0.374,1.0,-0.022,0.067,0
3717,58,1,9,0.859,0.498,0.4,0.0,-0.063,0.163,0
3718,67,1,11,1.167,0.647,0.821,0.0,0.516,0.417,0
3719,72,0,5,0.749,0.702,0.848,0.0,0.46,0.02,0
3720,60,1,6,0.89,0.624,0.516,1.0,0.053,-0.058,0
3721,48,0,7,0.681,0.578,0.724,0.5,0.267,-0.057,0
3722,77,0,6,0.98,0.647,0.528,0.0,-0.481,0.236,0
3723,55,1,9,0.903,0.559,0.492,0.75,0.154,0.273,0
3724,66,1,4,0.711,0.507,0.946,0.25,0.168,0.026,0
3725,61,0,5,0.649,0.617,0.822,0.5,0.122,-0.171,0
3726,43,0,12,0.803,0.578,0.812,0.0,0.331,-0.069,0
3727,38,0,9,0.786,0.721,0.842,0.0,0.486,-0.227,0
3728,39,0,3,0.815,0.614,0.52,0.75,0.285,0.234,0
3729,38,0,9,0.898,0.532,0.748,0.0,0.278,0.313,0
3730,50,1,9,0.999,0.604,0.717,0.5,0.259,0.12,0
3731,69,0,11,0.942,0.589,0.905,1.0,0.625,0.092,0
3732,83,0,8,0.914,0.548,0.709,0.0,0.25,0.192,0
3733,38,0,4,0.801,0.527,0.546,0.0,-0.1,0.171,0
3734,58,0,7,0.924,0.348,0.797,0.25,0.525,0.116,0
3735,65,1,12,0.898,0.495,0.974,0.0,0.274,0.217,0
3736,34,1,8,0.978,0.413,0.449,0.0,-0.329,0.038,0
3737,52,1,10,0.988,0.56,1.118,1.0,0.72,0.138,0
3738,40,0,4,0.704,0.525,0.643,0.25,0.187,-0.135,0
3739,30,0,10,0.989,0.593,0.631,0.5,0.081,0.505,0
3740,75,1,6,0.862,0.488,0.782,0.0,0.478,0.047,0
3741,31,0,3,0.851,0.593,0.639,0.0,-0.279,0.0,0
3742,49,0,3,0.898,0.646,0.644,0.0,0.136,0.176,0
3743,71,0,12,0.896,0.487,1.18,0.0,0.482,0.112,0
3744,40,0,9,1.01,0.446,0.892,0.25,0.329,0.196,0
3745,32,1,6,0.878,0.657,0.564,0.0,-0.231,0.168,0
3746,61,0,5,0.944,0.645,0.661,0.5,0.278,0.214,0
3747,35,1,3,0.489,0.582,0.6,1.0,0.087,-0.368,0
3748,35,0,11,0.717,0.42,0.933,0.25,0.318,0.092,0
3749,35,1,10,0.901,0.707,0.833,0.0,0.133,0.11,0
3750,57,1,4,0.56,0.464,0.722,0.75,0.246,-0.247,0
3751,84,0,9,1.025,0.436,0.798,0.25,0.144,0.286,0
3752,39,1,4,1.047,0.497,0.611,0.75,0.075,0.462,0
3753,64,0,8,0.923,0.488,0.828,0.5,0.17,0.085,0
3754,72,0,5,0.756,0.649,0.685,0.0,0.217,-0.137,0
3755,39,1,6,0.842,0.591,0.78,0.0,0.263,0.326,0
3756,31,1,3,0.7,0.583,0.605,0.0,0.208,-0.009,0
3757,64,0,12,1.002,0.638,0.97,0.5,0.788,0.283,0
3758,84,0,3,0.753,0.562,0.495,0.0,-0.012,-0.112,0
3759,81,1,4,0.919,0.502,0.299,0.0,-0.298,0.303,0
3760,51,0,7,0.91,0.436,1.231,0.5,0.783,-0.014,0
3761,55,0,7,0.859,0.52,0.678,0.0,0.31,0.066,0
3762,74,1,4,0.891,0.734,0.504,0.0,-0.077,0.262,0
3763,60,0,4,0.832,0.481,0.541,0.5,0.201,0.145,0
3764,42,1,10,1.071,0.577,0.857,0.5,0.52,0.374,0
3765,76,1,4,0.828,0.614,0.634,1.0,0.238,0.012,1
3766,36,0,9,0.702,0.722,0.61,1.0,0.172,-0.021,0
3767,68,1,5,0.931,0.621,0.504,0.0,-0.056,0.165,1
3768,56,0,10,0.696,0.468,0.886,1.0,0.654,-0.067,0
3769,63,1,11,0.914,0.601,0.602,1.0,0.02,-0.043,0
3770,81,1,5,0.883,0.531,0.616,0.0,-0.178,0.193,0
3771,34,1,7,0.97,0.582,0.879,1.0,0.215,0.28,0
3772,60,1,7,0.884,0.558,0.588,0.0,0.148,0.179,0
3773,72,1,5,0.676,0.536,0.353,0.5,-0.222,0.078,0
3774,77,1,5,0.836,0.596,0.746,0.0,0.385,0.115,0
3775,77,0,3,0.837,0.617,0.221,0.25,-0.292,-0.062,0
3776,65,1,10,0.851,0.674,0.828,0.0,0.482,0.13,0
3777,60,0,8,0.911,0.549,0.805,0.0,0.511,0.211,0
3778,59,1,5,1.031,0.542,0.608,0.75,0.173,0.252,0
3779,81,1,4,0.554,0.606,0.721,0.75,0.329,-0.125,1
3780,53,0,9,1.223,0.516,0.858,0.0,0.499,0.43,0
3781,80,1,5,0.758,0.693,0.167,0.5,-0.373,-0.081,0
3782,39,0,9,0.916,0.719,0.703,0.25,0.32,0.033,0
3783,54,0,8,0.928,0.603,0.442,0.5,-0.042,0.226,0
3784,43,0,11,0.918,0.657,0.753,0.75,0.647,0.186,0
3785,64,0,5,0.93,0.671,0.615,0.0,0.013,0.344,0
3786,30,1,8,0.971,0.464,0.608,0.0,-0.099,0.336,0
3787,65,0,3,0.736,0.706,0.612,0.75,0.038,0.154,0
3788,83,1,9,0.969,0.483,0.875,1.0,0.734,0.281,1
3789,74,0,6,0.74,0.471,0.587,0.5,0.194,-0.263,0
3790,54,1,3,0.813,0.569,0.613,0.25,0.005,0.357,0
3791,31,1,5,0.747,0.641,0.581,1.0,0.068,-0.05,0
3792,71,1,9,1.004,0.542,0.676,0.5,0.154,0.2,0
3793,40,0,3,0.757,0.633,0.88,0.25,0.634,0.248,0
3794,52,0,4,0.941,0.556,0.664,0.25,0.333,0.232,0
3795,77,0,7,0.948,0.546,0.846,1.0,0.555,0.248,1
3796,82,1,6,0.73,0.511,0.38,0.5,-0.21,-0.161,0
3797,51,1,9,0.966,0.449,0.539,0.0,0.163,0.311,0
3798,57,1,5,0.971,0.616,0.665,0.5,0.172,0.221,0
3799,83,1,7,0.773,0.479,0.595,0.75,-0.093,0.007,0
3800,38,1,9,0.921,0.477,0.649,0.25,0.309,0.119,0
3801,64,1,11,0.856,0.616,0.935,0.25,0.235,0.096,0
3802,31,1,5,0.884,0.525,0.463,0.0,-0.237,0.148,0
3803,41,0,12,1.057,0.565,0.934,0.0,0.493,0.405,0
3804,73,0,3,0.721,0.75,0.682,1.0,0.097,-0.066,0
3805,76,0,12,0.983,0.632,0.648,0.5,0.099,0.513,0
3806,33,0,10,0.808,0.397,0.881,0.0,0.132,0.069,0
3807,44,0,11,0.927,0.522,0.8,0.0,0.144,0.082,0
3808,41,1,7,1.059,0.53,0.728,0.5,-0.033,0.37,0
3809,42,0,6,0.858,0.586,0.661,0.5,0.096,0.183,0
3810,84,0,11,1.009,0.524,0.975,0.0,0.325,0.403,0
3811,42,0,7,0.782,0.481,0.361,0.25,0.076,0.017,0
3812,64,1,11,0.855,0.477,1.211,0.0,0.73,-0.05,0
3813,31,0,9,0.633,0.661,0.708,0.5,0.233,-0.135,0
3814,35,0,10,0.886,0.551,1.209,0.0,0.712,0.153,0
3815,63,1,5,1.005,0.558,0.622,0.25,0.046,0.219,0
3816,66,0,8,0.781,0.645,0.805,0.0,0.208,0.016,0
3817,54,0,4,0.965,0.588,0.67,0.0,0.263,0.308,0
3818,40,1,7,0.816,0.515,0.731,0.0,0.297,0.013,0
3819,55,1,5,0.962,0.656,0.586,0.0,-0.056,0.148,0
3820,61,1,10,0.983,0.575,1.093,0.0,0.606,0.18,0
3821,39,1,11,1.047,0.463,0.7,1.0,0.074,0.161,0
3822,53,0,7,0.786,0.599,0.849,1.0,0.312,-0.06,0
3823,49,1,5,0.964,0.596,0.494,0.0,-0.031,0.187,0
3824,55,1,9,0.982,0.606,0.481,0.25,-0.123,0.346,0
3825,53,0,5,0.904,0.608,0.469,0.75,0.065,0.285,0
3826,74,1,7,0.997,0.619,0.553,0.0,0.038,0.277,0
3827,54,0,3,0.95,0.664,0.274,1.0,-0.365,0.383,0
3828,32,0,11,0.861,0.492,0.861,0.5,0.537,0.132,0
3829,60,1,3,0.668,0.627,0.563,0.25,0.1,-0.134,0
3830,72,0,10,1.079,0.533,0.939,0.0,0.33,0.268,0
3831,72,0,8,0.952,0.62,0.765,0.0,0.251,0.318,0
3832,71,1,9,0.869,0.53,0.707,0.25,0.204,0.154,0
3833,53,0,11,0.98,0.563,0.949,0.0,0.34,0.123,0
3834,83,0,8,0.69,0.531,0.717,1.0,0.659,-0.216,0
3835,70,1,10,0.957,0.551,0.706,0.0,0.092,0.319,0
3836,62,0,6,0.724,0.708,0.743,1.0,0.377,-0.072,0
3837,45,0,7,1.011,0.56,0.437,0.0,0.183,0.419,0
3838,59,0,11,1.053,0.466,0.79,0.25,0.364,0.076,0
3839,48,1,11,0.988,0.548,1.031,0.0,0.578,0.182,0
3840,40,1,7,0.974,0.552,0.7,0.75,0.432,0.093,0
3841,46,1,5,1.063,0.592,0.626,0.75,0.243,0.124,0
3842,58,1,10,1.129,0.642,0.782,0.25,0.442,0.244,0
3843,59,1,7,1.086,0.551,0.888,0.0,0.505,0.233,0
3844,70,1,4,0.733,0.507,0.621,0.5,0.051,-0.226,0
3845,84,1,12,1.005,0.469,0.774,0.5,0.463,0.383,1
3846,50,0,7,0.894,0.655,0.911,0.25,0.465,0.245,0
3847,79,0,7,0.787,0.648,0.563,0.5,0.11,0.063,0
3848,68,0,10,0.772,0.462,0.784,0.0,0.277,0.158,0
3849,68,1,12,0.828,0.591,0.687,0.0,0.286,-0.228,1
3850,69,0,11,1.073,0.657,0.744,0.0,0.148,0.391,0
3851,58,1,11,1.02,0.594,0.93,0.0,0.707,0.393,0
3852,65,0,11,0.872,0.7,0.918,0.25,0.392,0.172,0
3853,32,0,8,0.937,0.574,0.709,0.75,-0.079,-0.029,0
3854,81,1,7,1.0,0.498,0.773,0.25,0.627,0.354,0
3855,37,0,6,0.966,0.773,0.609,0.0,0.482,0.215,0
3856,35,0,3,0.888,0.569,0.514,0.0,-0.078,-0.006,0
3857,46,0,10,0.916,0.524,0.769,0.75,0.349,0.015,0
3858,52,0,5,0.709,0.689,0.851,0.0,0.564,-0.138,0
3859,54,0,5,0.729,0.52,0.708,0.0,0.188,0.105,0
3860,59,1,6,1.052,0.607,0.779,0.0,0.181,0.161,0
3861,59,1,12,1.015,0.661,0.881,0.0,0.309,0.364,0
3862,73,1,11,0.913,0.657,0.796,0.0,0.549,0.038,0
3863,52,1,10,0.876,0.59,0.621,1.0,-0.085,-0.046,0
3864,57,0,9,0.782,0.539,0.666,0.5,0.348,0.019,0
3865,31,0,7,0.928,0.557,0.302,0.0,-0.109,0.046,0
3866,37,0,5,0.814,0.617,0.801,1.0,0.361,0.143,0
3867,76,0,6,1.118,0.703,0.667,0.0,0.092,0.225,1
3868,57,0,8,0.939,0.621,0.64,0.0,0.034,-0.196,0
3869,57,0,4,0.846,0.57,0.318,1.0,-0.383,0.254,0
3870,60,0,12,1.181,0.551,0.917,0.0,0.131,0.385,0
3871,49,1,12,1.048,0.493,1.036,0.25,0.883,0.312,0
3872,33,0,5,0.855,0.629,0.431,1.0,-0.209,0.091,0
3873,55,1,7,0.997,0.653,0.683,0.0,0.294,0.176,0
3874,65,1,12,0.941,0.569,0.908,0.75,0.741,0.077,1
3875,67,1,4,0.831,0.575,0.722,0.0,0.39,0.205,0
3876,42,0,9,0.969,0.578,0.727,0.0,0.386,0.132,0
3877,51,0,7,0.87,0.582,0.636,0.0,-0.312,0.191,0
3878,33,0,6,0.956,0.478,0.393,0.0,-0.272,0.253,0
3879,35,0,4,1.072,0.62,0.61,0.0,-0.025,0.488,0
3880,47,0,6,0.768,0.656,0.506,0.0,-0.038,-0.045,0
3881,82,1,10,0.978,0.567,0.729,0.0,0.166,0.162,0
3882,52,1,8,0.738,0.635,0.938,0.0,0.813,0.245,0
3883,42,0,7,1.09,0.545,0.731,1.0,0.491,0.449,0
3884,57,0,6,0.908,0.643,0.946,0.25,0.57,0.033,0
3885,66,0,11,1.084,0.512,0.895,0.0,0.568,0.469,0
3886,47,0,11,1.167,0.7,0.503,0.0,-0.005,0.535,0
3887,63,1,8,1.07,0.622,0.873,0.75,0.439,0.295,0
3888,82,1,10,0.889,0.586,1.198,0.25,0.614,0.246,0
3889,78,0,8,0.755,0.624,0.802,0.75,0.154,0.109,1
3890,78,0,12,0.947,0.456,0.83,0.0,0.553,0.029,0
3891,79,0,11,1.044,0.487,0.7,0.5,0.358,0.285,0
3892,58,1,8,0.865,0.504,0.724,0.0,0.082,0.155,0
3893,77,0,8,0.87,0.712,0.7,1.0,0.0,0.205,1
3894,67,0,7,0.857,0.7,0.626,0.0,0.202,0.173,0
3895,55,0,3,0.719,0.522,0.335,0.75,-0.249,0.177,0
3896,36,1,10,0.882,0.586,1.001,0.5,0.924,0.236,0
3897,44,0,7,0.909,0.651,1.045,0.25,0.881,0.188,0
3898,83,1,3,0.862,0.7,0.467,0.0,0.127,0.163,1
3899,33,0,5,0.631,0.668,0.516,0.0,0.093,-0.271,0
3900,83,0,10,0.861,0.527,0.679,0.25,0.076,0.045,0
3901,79,1,11,1.078,0.597,0.608,0.25,0.143,0.419,1
3902,31,0,3,0.915,0.551,0.724,0.0,0.34,0.18,0
3903,67,1,4,0.671,0.715,1.007,0.0,0.745,-0.043,0
3904,54,0,7,1.011,0.429,0.7,0.25,0.0,0.166,0
3905,82,0,3,0.883,0.657,0.887,1.0,0.345,0.066,0
3906,36,1,11,1.103,0.546,1.241,0.0,0.76,0.358,0
3907,58,1,6,0.824,0.589,0.745,0.0,0.264,0.081,0
3908,69,0,3,0.682,0.547,0.295,0.75,-0.142,0.045,0
3909,32,0,5,0.898,0.676,0.622,0.0,0.332,0.374,0
3910,34,0,8,0.985,0.59,0.861,1.0,0.474,-0.125,0
3911,46,1,11,0.931,0.615,0.756,1.0,0.115,0.268,1
3912,77,1,7,0.797,0.801,0.543,0.0,0.022,-0.105,0
3913,46,0,4,0.8,0.733,0.643,0.5,-0.057,0.026,0
3914,77,0,12,0.953,0.549,0.91,0.75,0.094,0.317,0
3915,70,1,6,0.867,0.559,0.878,0.25,0.641,0.009,0
3916,31,1,12,0.916,0.582,1.14,0.0,0.598,0.167,0
3917,33,0,11,0.98,0.669,0.709,0.75,0.325,0.294,0
3918,65,1,5,0.872,0.666,0.782,0.0,0.302,0.249,0
3919,73,1,3,0.908,0.619,0.859,1.0,0.52,0.077,0
3920,70,1,6,0.938,0.661,0.595,0.0,-0.093,0.201,0
3921,37,0,3,0.7,0.65,0.632,0.0,0.189,-0.081,0
3922,59,0,5,0.806,0.582,0.679,0.0,0.127,0.131,0
3923,33,1,12,1.013,0.526,0.957,0.0,0.515,0.313,0
3924,55,0,10,0.954,0.604,0.7,1.0,0.213,0.168,0
3925,46,0,12,0.891,0.541,0.992,0.0,0.518,0.261,0
3926,77,1,9,0.98,0.69,0.866,0.0,0.317,0.197,0
3927,52,1,8,1.053,0.705,0.61,0.5,0.018,0.384,0
3928,75,1,5,0.819,0.544,0.509,0.0,-0.044,-0.054,0
3929,49,0,9,0.916,0.489,0.824,0.0,0.184,0.13,0
3930,31,0,8,0.687,0.615,0.986,0.25,0.425,-0.015,0
3931,34,1,8,0.988,0.695,0.932,0.0,0.005,0.315,0
3932,50,1,11,0.963,0.418,1.064,0.0,0.787,0.349,0
3933,41,0,11,0.92,0.535,1.021,0.0,0.619,0.085,0
3934,59,0,11,1.133,0.629,0.653,0.25,-0.008,0.249,0
3935,56,0,9,1.002,0.601,0.889,0.75,0.527,0.197,0
3936,69,0,3,1.028,0.548,0.919,0.0,0.592,0.17,0
3937,57,0,11,0.959,0.618,1.024,0.75,0.477,0.221,0
3938,38,1,9,0.815,0.66,0.854,0.5,-0.002,0.1,0
3939,54,1,4,0.916,0.635,1.016,1.0,0.548,0.172,0
3940,82,0,9,0.796,0.492,0.373,0.0,-0.149,0.23,0
3941,43,0,9,0.98,0.499,0.644,0.0,0.195,0.327,0
3942,59,1,12,0.891,0.629,0.901,0.0,0.476,0.157,0
3943,48,0,11,0.955,0.41,0.991,0.0,0.578,0.202,0
3944,57,0,6,0.911,0.551,0.792,0.25,-0.001,0.065,0
3945,71,0,11,1.094,0.56,0.588,0.5,0.042,0.278,0
3946,72,0,7,0.7,0.628,0.906,0.25,0.763,0.005,0
3947,34,1,5,0.754,0.542,0.752,0.0,-0.001,0.02,0
3948,49,1,9,0.927,0.604,0.828,0.25,0.256,-0.022,0
3949,47,0,4,0.894,0.56,0.729,0.0,0.058,0.182,0
3950,33,1,11,1.083,0.589,0.885,0.0,0.185,0.27,0
3951,31,1,3,0.819,0.568,0.386,0.0,-0.064,0.119,0
3952,34,0,8,0.7,0.598,0.787,0.25,0.204,-0.063,0
3953,30,1,11,1.087,0.531,1.108,0.5,0.832,0.326,0
3954,33,1,11,1.012,0.663,0.793,0.0,0.364,0.279,0
3955,69,1,12,1.054,0.622,1.102,0.0,0.518,0.311,0
3956,53,0,7,0.949,0.516,0.561,0.75,-0.244,0.167,0
3957,32,0,5,0.655,0.595,0.92,0.0,0.486,-0.112,0
3958,77,0,3,0.701,0.59,0.639,0.0,0.613,0.038,0
3959,32,1,4,0.83,0.539,0.692,0.0,0.391,0.179,0
3960,74,0,12,0.917,0.519,0.879,0.75,0.179,-0.081,1
3961,43,1,6,1.023,0.503,0.72,1.0,0.314,0.131,0
3962,33,0,10,0.901,0.532,0.65,0.0,0.568,0.116,0
3963,45,1,10,0.976,0.587,0.905,0.25,0.437,0.305,0
3964,35,0,6,0.749,0.672,0.89,0.75,0.525,0.085,0
3965,41,1,4,0.846,0.53,0.525,0.0,0.19,0.037,0
3966,30,1,8,0.781,0.588,1.024,0.25,0.449,-0.07,0
3967,30,1,3,0.724,0.65,0.582,0.0,-0.036,-0.103,0
3968,46,1,7,0.771,0.604,0.47,0.0,-0.097,0.275,0
3969,62,1,11,0.955,0.55,0.869,0.0,0.269,0.062,0
3970,43,0,6,0.814,0.492,0.659,0.5,0.15,0.248,0
3971,57,0,7,1.025,0.668,0.619,0.25,0.05,0.282,0
3972,69,1,9,0.796,0.669,0.7,0.25,0.204,0.188,0
3973,77,0,11,0.877,0.593,0.947,1.0,0.603,0.116,0
3974,82,0,12,0.981,0.59,0.755,1.0,0.164,0.305,1
3975,66,1,8,0.985,0.588,0.716,0.0,-0.049,0.279,0
3976,82,0,11,0.995,0.547,0.783,0.0,0.291,0.315,0
3977,83,1,8,0.777,0.578,0.806,0.25,0.207,0.127,0
3978,56,1,10,0.921,0.487,1.01,0.0,0.443,0.382,0
3979,66,0,10,0.989,0.59,1.095,1.0,0.527,0.175,1
3980,65,0,6,0.591,0.501,0.709,0.5,0.241,-0.191,0
3981,84,1,10,1.202,0.561,0.956,0.0,0.445,0.726,1
3982,66,0,7,1.097,0.534,0.634,0.0,0.026,0.432,0
3983,82,0,6,0.804,0.622,0.698,0.0,0.159,-0.001,0
3984,82,0,10,1.024,0.577,0.76,0.0,0.076,0.23,0
3985,30,0,10,0.919,0.569,0.7,0.25,0.124,0.06,0
3986,65,0,9,0.823,0.591,0.701,0.5,0.215,0.141,0
3987,51,1,10,0.849,0.613,0.756,0.0,0.53,0.239,0
3988,42,0,12,0.938,0.546,0.941,0.5,0.349,0.206,0
3989,55,0,12,0.874,0.589,1.02,0.0,0.418,0.004,0
3990,54,1,7,0.917,0.56,0.806,0.0,0.345,0.281,0
3991,57,0,3,1.034,0.7,0.817,0.25,0.557,0.388,0
3992,37,0,12,1.078,0.543,0.551,0.0,-0.093,0.336,0
3993,38,0,12,1.077,0.55,0.834,0.0,0.494,0.261,0
3994,49,0,8,1.116,0.632,0.727,0.0,0.283,0.408,0
3995,66,0,6,0.902,0.599,0.533,1.0,-0.19,0.175,0
3996,37,0,5,0.636,0.649,0.399,0.5,0.124,-0.021,0
3997,56,0,9,0.805,0.574,0.811,0.0,0.266,0.007,0
3998,51,1,5,0.671,0.633,0.737,0.0,0.286,-0.071,0
3999,80,0,6,0.589,0.587,0.444,1.0,0.189,-0.335,0
4000,45,1,7,1.045,0.473,0.833,0.25,0.302,0.168,0
4001,63,0,3,0.684,0.605,0.562,0.25,0.042,0.043,0
4002,77,1,6,0.872,0.631,0.604,0.5,-0.056,0.177,0
4003,80,1,3,0.69,0.585,0.399,0.0,0.22,-0.118,0
4004,79,0,5,0.791,0.724,0.689,0.75,0.083,-0.116,0
4005,62,0,6,0.709,0.663,0.721,0.75,0.165,0.21,0
4006,51,0,11,0.901,0.521,0.96,0.75,0.477,0.163,0
4007,77,1,12,0.885,0.559,0.446,0.0,-0.197,0.096,0
4008,76,0,5,0.642,0.653,0.548,1.0,-0.113,-0.17,0
4009,50,0,12,0.879,0.569,0.828,1.0,0.416,-0.022,0
4010,51,1,6,0.808,0.494,0.651,0.5,0.126,0.108,0
4011,74,0,3,0.674,0.686,0.712,0.25,0.295,-0.029,0
4012,69,1,6,0.776,0.574,0.748,0.5,0.139,0.025,0
4013,32,1,8,0.898,0.679,0.908,1.0,0.447,0.038,0
4014,66,0,9,0.847,0.568,0.677,0.0,-0.032,0.147,0
4015,75,0,4,0.854,0.559,0.743,0.5,0.589,-0.093,0
4016,83,0,3,1.067,0.667,0.247,0.75,-0.136,0.255,0
4017,75,1,10,0.935,0.412,0.83,0.0,0.244,-0.065,0
4018,40,1,9,0.851,0.656,1.128,0.0,0.616,0.018,0
4019,67,1,3,0.938,0.575,0.571,0.25,0.153,0.097,0
4020,59,1,12,1.101,0.583,0.873,0.75,0.171,0.502,0
4021,40,0,8,0.945,0.581,0.852,0.0,0.549,0.375,0
4022,78,1,5,0.7,0.578,0.616,0.5,0.128,-0.305,0
4023,65,0,12,0.898,0.514,1.041,1.0,0.506,0.333,0
4024,41,0,10,0.888,0.7,0.516,0.75,-0.298,0.005,0
4025,68,1,5,0.926,0.644,0.542,0.25,-0.032,0.382,1
4026,31,1,3,0.924,0.711,0.386,0.0,0.067,0.106,0
4027,32,1,12,0.96,0.62,1.07,0.0,0.727,0.119,0
4028,66,0,9,0.961,0.655,1.049,0.75,0.589,0.125,1
4029,67,0,3,0.812,0.62,0.232,0.0,-0.224,-0.037,0
4030,33,1,3,0.929,0.54,0.705,0.0,0.262,0.169,0
4031,40,0,8,0.903,0.62,0.7,0.0,0.26,0.145,0
4032,82,1,8,1.008,0.516,0.856,0.0,0.551,0.311,0
4033,61,1,10,0.841,0.385,0.637,0.0,-0.057,0.043,0
4034,42,0,8,0.794,0.646,0.786,1.0,0.22,0.053,0
4035,45,1,11,0.887,0.632,0.739,0.25,0.348,0.155,0
4036,80,0,7,1.056,0.556,0.704,0.0,0.004,0.159,0
4037,41,0,9,0.924,0.461,0.663,0.75,0.212,0.253,0
4038,51,1,4,0.741,0.654,0.547,0.0,-0.114,0.013,0
4039,84,1,10,0.738,0.558,0.745,0.5,0.229,-0.118,0
4040,59,0,4,0.559,0.595,0.602,1.0,-0.032,-0.141,0
4041,41,0,5,0.952,0.588,0.62,0.0,0.122,0.009,0
4042,63,1,5,0.855,0.7,0.383,0.0,0.266,-0.06,0
4043,77,1,11,0.923,0.602,0.698,0.0,0.074,0.074,0
4044,74,1,6,0.855,0.716,0.819,0.0,0.398,0.124,0
4045,51,0,10,1.121,0.654,0.975,0.75,0.67,0.533,0
4046,64,0,7,0.824,0.664,0.389,0.0,-0.249,0.045,1
4047,62,0,12,0.956,0.566,1.05,0.75,0.473,0.199,0
4048,37,1,12,1.216,0.49,0.878,0.0,0.499,0.438,0
4049,59,0,12,0.984,0.422,0.95,0.25,0.264,0.041,0
4050,63,0,3,0.841,0.525,0.678,0.0,0.179,0.141,0
4051,71,1,6,0.955,0.569,0.733,0.0,0.247,0.219,0
4052,66,0,5,1.098,0.5,0.674,0.0,0.183,0.275,1
4053,78,0,11,0.966,0.745,0.938,0.0,0.298,0.173,0
4054,83,0,12,1.021,0.497,0.943,1.0,0.456,0.274,1
4055,43,1,8,0.839,0.589,0.717,0.25,0.433,0.005,0
4056,47,1,10,0.707,0.581,0.862,0.25,0.607,-0.082,0
4057,46,0,6,0.9,0.534,0.719,0.0,0.025,0.275,0
4058,56,1,10,1.119,0.582,0.898,1.0,0.348,0.16,0
4059,67,1,3,1.105,0.601,0.384,0.0,-0.156,0.361,0
4060,75,1,8,1.01,0.653,0.889,0.75,0.404,0.354,0
4061,51,1,7,0.843,0.531,0.7,0.0,0.153,0.01,0
4062,64,1,6,0.897,0.487,0.326,0.0,-0.311,0.182,0
4063,38,1,11,0.856,0.54,1.123,1.0,0.718,0.121,0
4064,32,1,8,0.878,0.534,0.617,0.0,0.394,0.079,0
4065,69,1,9,1.08,0.539,0.692,0.25,0.356,0.389,0
4066,38,1,12,0.911,0.577,0.56,0.0,-0.14,0.062,0
4067,76,1,12,1.032,0.537,0.877,0.0,0.436,0.293,0
4068,32,1,12,1.187,0.51,0.807,0.0,0.219,0.488,0
4069,56,1,9,0.829,0.431,0.916,0.0,0.44,-0.033,0
4070,36,0,9,1.097,0.531,0.901,0.5,0.361,0.32,0
4071,61,1,5,0.775,0.743,0.677,0.25,0.05,-0.02,0
4072,80,1,8,0.785,0.6,0.913,0.0,0.361,-0.136,0
4073,74,0,8,0.613,0.62,0.646,0.25,0.258,-0.422,0
4074,83,1,10,0.809,0.57,0.587,0.0,0.007,-0.16,1
4075,31,0,9,0.893,0.641,0.689,1.0,0.227,0.083,0
4076,70,0,7,0.973,0.463,0.57,0.25,0.151,0.271,0
4077,43,0,3,0.957,0.583,0.618,0.0,-0.131,0.373,0
4078,36,1,6,0.8,0.501,0.56,0.5,-0.181,-0.016,0
4079,69,1,10,0.713,0.478,0.72,0.75,0.398,-0.112,0
4080,32,1,5,0.707,0.685,0.252,0.5,-0.151,0.056,0
4081,75,1,11,0.912,0.443,0.819,0.0,0.454,0.112,0
4082,66,1,12,0.915,0.458,0.942,0.25,0.582,0.107,0
4083,31,0,11,1.201,0.606,0.985,0.25,0.482,0.322,0
4084,32,0,4,0.847,0.573,0.851,0.0,0.44,-0.043,0
4085,61,1,5,0.834,0.475,0.468,0.75,0.124,0.083,0
4086,54,0,3,0.624,0.593,0.643,0.0,0.076,-0.171,0
4087,79,0,9,0.7,0.573,0.778,0.5,0.373,-0.115,0
4088,31,0,9,0.747,0.517,0.88,0.25,0.413,0.177,0
4089,30,0,10,0.951,0.497,0.926,1.0,0.679,0.133,0
4090,61,1,12,1.13,0.675,0.725,0.5,0.139,0.22,1
4091,34,0,12,1.023,0.567,1.018,0.0,0.763,0.295,0
4092,70,0,12,0.925,0.356,0.899,0.0,0.561,0.119,0
4093,69,0,9,0.69,0.469,0.809,0.0,0.522,-0.254,0
4094,41,1,4,0.924,0.494,0.683,0.0,0.298,0.111,0
4095,32,1,10,0.865,0.581,0.925,0.0,0.306,0.118,0
4096,42,0,9,0.988,0.435,0.836,0.75,0.001,0.32,0
4097,52,0,12,1.11,0.489,0.884,0.25,0.201,0.484,0
4098,53,1,7,0.916,0.748,0.588,0.0,0.392,0.053,0
4099,67,1,4,0.984,0.507,0.51,0.25,-0.055,0.081,0
4100,37,0,6,0.778,0.425,0.541,0.75,-0.07,0.126,0
4101,33,1,8,0.869,0.588,0.747,1.0,0.29,0.041,0
4102,32,1,9,1.08,0.685,0.632,0.0,0.105,0.345,0
4103,41,0,5,0.906,0.495,0.744,0.25,0.623,0.064,0
4104,30,0,9,1.157,0.614,0.644,0.25,0.383,0.457,0
4105,61,1,9,0.711,0.572,0.648,0.25,0.293,-0.143,0
4106,36,1,7,0.824,0.592,0.734,0.0,0.154,0.102,0
4107,57,1,7,0.818,0.62,0.596,0.25,0.022,0.033,0
4108,63,1,12,1.053,0.633,0.789,0.5,0.353,0.353,0
4109,64,1,9,0.996,0.529,0.633,0.75,0.326,0.126,0
4110,51,0,4,0.795,0.551,0.545,0.25,0.087,-0.214,0
4111,61,0,9,0.793,0.479,0.7,0.5,0.232,0.012,0
4112,69,1,12,0.766,0.603,1.035,0.0,0.572,0.164,0
4113,74,1,4,0.683,0.619,0.536,0.0,0.338,-0.044,0
4114,69,1,7,0.945,0.655,0.838,0.0,0.342,-0.043,0
4115,58,0,8,0.884,0.534,0.897,0.25,0.528,0.012,0
4116,40,1,12,0.961,0.495,0.924,0.0,0.583,0.288,0
4117,55,1,7,0.918,0.438,0.931,0.0,0.694,0.141,0
4118,53,1,3,0.837,0.575,0.842,0.5,0.238,0.062,0
4119,74,0,10,0.943,0.589,0.987,0.5,0.533,0.3,0
4120,69,0,7,0.99,0.487,0.664,0.5,0.098,0.221,0
4121,72,0,6,1.199,0.492,0.7,1.0,0.276,0.518,0
4122,58,0,7,1.06,0.585,0.581,0.75,-0.029,0.317,0
4123,62,0,10,0.904,0.665,1.007,1.0,0.791,0.325,0
4124,42,1,4,0.889,0.659,0.307,0.0,-0.287,0.049,0
4125,46,1,9,0.848,0.585,0.961,1.0,0.513,0.177,0
4126,35,1,8,0.815,0.54,0.74,0.5,0.391,-0.072,0
4127,78,1,5,0.911,0.475,0.329,1.0,0.097,0.069,0
4128,55,0,7,0.685,0.421,0.955,0.5,0.657,-0.038,0
4129,80,1,5,0.985,0.715,0.815,0.0,0.469,0.187,0
4130,66,1,12,0.841,0.605,0.931,0.0,0.397,0.027,0
4131,37,0,6,0.907,0.705,0.591,0.0,-0.043,0.401,0
4132,55,1,4,0.762,0.578,0.503,0.25,-0.206,0.104,0
4133,84,0,7,0.764,0.437,0.842,0.0,0.598,0.005,0
4134,63,0,7,1.008,0.516,0.68,0.0,0.242,0.233,0
4135,84,1,3,0.895,0.63,0.298,0.5,-0.279,0.358,0
4136,41,1,10,0.874,0.539,1.099,0.75,0.67,0.157,0
4137,84,0,9,0.746,0.669,0.656,0.0,0.239,-0.013,0
4138,32,1,4,0.728,0.646,0.655,1.0,0.492,0.048,0
4139,48,0,6,0.878,0.62,0.446,0.0,-0.098,0.135,0
4140,30,1,11,0.969,0.55,0.928,0.0,0.439,0.253,0
4141,78,1,3,0.897,0.471,0.692,1.0,0.291,0.205,0
4142,56,0,9,0.902,0.426,0.918,0.25,0.474,-0.039,0
4143,34,1,11,0.839,0.726,0.905,0.5,0.438,0.048,0
4144,37,1,3,0.742,0.599,0.366,0.5,-0.008,0.142,0
4145,52,0,10,0.944,0.5,0.8,0.0,0.279,0.24,0
4146,54,0,5,0.759,0.457,0.519,1.0,0.129,-0.024,0
4147,74,0,5,0.88,0.715,0.6,0.0,0.29,0.313,0
4148,77,0,5,0.989,0.53,0.598,0.25,0.164,0.164,0
4149,52,1,5,0.69,0.507,0.69,0.0,0.392,-0.021,0
4150,82,1,3,1.01,0.587,0.606,1.0,-0.081,0.22,0
4151,47,0,8,0.7,0.612,0.502,0.25,0.057,0.046,0
4152,42,0,5,0.757,0.558,0.522,0.0,0.137,-0.399,0
4153,48,1,4,0.773,0.698,0.135,0.0,-0.626,-0.001,0
4154,32,0,7,0.666,0.568,0.64,0.25,0.007,-0.001,0
4155,32,1,4,0.863,0.539,0.429,0.75,0.109,0.085,0
4156,52,0,7,0.795,0.585,0.56,0.75,0.38,0.095,0
4157,40,0,7,0.74,0.567,0.594,0.0,0.289,0.112,0
4158,68,1,10,0.857,0.5,0.82,0.0,0.32,0.141,0
4159,30,0,6,0.888,0.596,0.56,0.0,0.303,0.018,0
4160,74,0,8,1.008,0.452,0.839,0.0,0.199,0.205,0
4161,65,1,5,0.786,0.51,0.639,0.0,0.09,-0.203,0
4162,83,0,5,0.843,0.502,0.644,0.0,0.056,0.121,0
4163,49,0,4,0.619,0.694,0.684,1.0,0.085,-0.061,0
4164,74,1,6,0.917,0.636,0.805,0.75,0.478,-0.085,0
4165,71,1,12,0.7,0.504,0.964,0.5,0.395,-0.237,0
4166,71,1,11,0.86,0.564,0.676,0.5,0.116,0.165,0
4167,55,0,10,0.697,0.541,0.927,0.0,0.64,-0.209,0
4168,41,1,10,0.68,0.386,0.725,0.0,0.056,-0.085,0
4169,71,0,9,0.808,0.567,0.824,0.0,0.206,0.068,0
4170,66,0,7,0.73,0.545,0.914,0.0,0.559,-0.267,0
4171,46,1,8,0.968,0.714,0.589,0.75,0.012,0.089,0
4172,78,1,9,0.811,0.486,0.825,0.5,0.171,0.086,1
4173,62,0,4,0.749,0.589,0.382,0.0,-0.108,0.166,0
4174,47,0,7,0.858,0.502,0.889,0.25,0.449,0.06,0
4175,62,1,7,0.787,0.579,0.768,0.75,0.25,-0.058,0
4176,34,1,6,0.848,0.528,0.536,0.75,0.054,-0.087,0
4177,32,0,4,0.856,0.574,0.411,0.0,-0.018,0.009,0
4178,79,0,5,0.88,0.552,0.622,0.0,0.236,0.175,0
4179,83,0,8,0.918,0.639,0.854,0.0,0.438,0.077,0
4180,80,0,7,0.754,0.515,0.695,1.0,0.146,0.117,0
4181,66,1,9,0.889,0.403,1.3,1.0,0.763,0.073,0
4182,64,0,11,1.093,0.662,0.709,0.75,0.34,0.491,1
4183,44,0,6,0.864,0.584,0.609,0.25,0.145,0.099,0
4184,46,1,5,0.899,0.608,0.435,0.0,-0.032,0.071,0
4185,50,0,6,0.894,0.533,0.74,0.0,0.37,0.118,0
4186,64,1,11,0.871,0.406,1.064,0.5,0.462,0.127,0
4187,72,1,9,0.965,0.595,0.813,0.0,0.514,0.303,1
4188,74,1,12,0.887,0.591,1.018,0.0,0.669,0.259,0
4189,33,0,4,0.755,0.66,0.591,0.0,-0.069,-0.017,0
4190,53,1,12,0.806,0.595,0.985,0.0,0.709,0.018,0
4191,52,1,4,0.705,0.642,0.497,1.0,0.163,-0.187,0
4192,50,0,5,0.771,0.596,0.622,0.25,0.148,0.233,0
4193,63,0,3,0.715,0.465,0.399,0.0,-0.049,-0.211,0
4194,70,0,6,0.938,0.465,0.266,0.0,-0.227,0.286,0
4195,49,0,7,1.1,0.596,0.921,0.75,0.463,0.258,0
4196,57,1,9,0.945,0.681,0.84,0.0,0.478,0.245,0
4197,71,1,10,1.321,0.492,0.694,0.0,0.219,0.847,0
4198,82,1,8,1.014,0.59,0.4,0.25,0.134,0.314,0
4199,66,1,5,0.875,0.656,0.399,0.5,-0.212,-0.013,0
4200,64,0,6,0.98,0.543,0.182,0.0,-0.117,0.313,0
4201,45,0,5,0.89,0.533,0.746,0.0,0.142,0.067,0
4202,63,1,4,0.814,0.569,0.325,0.0,-0.375,-0.11,0
4203,42,0,9,0.783,0.652,0.588,0.75,0.114,0.189,0
4204,68,0,12,0.883,0.51,0.922,0.5,0.788,0.023,0
4205,83,0,6,0.967,0.609,0.68,0.0,-0.022,0.126,1
4206,60,1,5,0.685,0.515,0.373,0.75,-0.053,-0.111,0
4207,48,0,7,0.875,0.568,0.752,0.75,0.282,0.151,0
4208,35,0,4,0.833,0.642,0.23,0.75,0.194,0.025,0
4209,32,0,9,0.676,0.664,0.694,1.0,0.379,-0.054,0
4210,81,1,5,0.7,0.7,0.677,0.0,0.334,0.082,0
4211,82,1,5,1.011,0.504,0.825,1.0,0.381,0.269,1
4212,44,1,7,0.753,0.564,0.755,0.0,0.067,-0.106,0
4213,79,0,11,1.043,0.592,0.7,0.0,0.342,0.339,0
4214,48,1,10,0.935,0.705,0.966,0.0,0.451,0.274,0
4215,52,1,6,0.936,0.486,0.713,0.75,0.185,0.402,0
4216,67,1,12,0.71,0.565,1.192,0.0,0.663,0.044,0
4217,40,0,8,0.822,0.626,0.835,0.0,0.434,0.179,0
4218,38,1,10,0.81,0.571,0.967,0.0,0.871,0.087,0
4219,37,0,7,0.75,0.621,0.851,0.0,0.364,-0.015,0
4220,59,1,7,0.857,0.437,0.914,0.5,0.211,0.142,0
4221,54,1,4,0.753,0.605,0.437,0.5,-0.223,0.191,0
4222,74,1,9,0.823,0.603,0.66,0.0,0.276,0.123,0
4223,40,0,7,1.142,0.584,0.697,0.25,0.181,0.433,0
4224,68,0,7,0.947,0.482,0.626,0.75,0.063,0.035,0
4225,42,0,8,0.975,0.624,0.735,0.0,0.182,0.206,0
4226,77,0,6,0.997,0.612,0.955,1.0,0.387,0.155,1
4227,52,0,12,0.837,0.432,0.79,0.25,0.375,0.058,0
4228,42,0,11,1.023,0.535,0.821,0.0,0.181,0.239,0
4229,59,1,12,0.749,0.594,0.902,0.0,0.376,0.087,0
4230,39,1,8,0.781,0.522,0.674,0.5,0.251,0.032,0
4231,64,0,3,0.735,0.662,0.733,0.0,0.314,-0.013,0
4232,71,0,9,0.861,0.644,0.897,0.0,0.495,0.142,0
4233,79,1,12,0.934,0.536,0.965,0.25,0.661,0.291,0
4234,81,0,9,0.757,0.488,0.563,0.0,0.166,-0.127,0
4235,51,0,10,1.05,0.405,1.026,0.25,0.657,0.346,0
4236,78,1,10,0.965,0.7,0.763,0.0,0.199,0.372,1
4237,72,1,10,0.798,0.514,0.924,0.5,0.41,0.03,1
4238,82,1,11,0.878,0.473,0.798,0.75,0.427,0.21,0
4239,50,0,10,1.08,0.498,0.575,0.0,0.295,0.391,0
4240,40,1,4,0.92,0.577,0.683,1.0,-0.087,0.04,0
4241,62,1,7,1.066,0.556,0.933,0.0,0.631,0.384,0
4242,51,1,10,1.115,0.714,0.902,0.75,0.202,0.33,0
4243,78,0,7,1.104,0.525,1.138,1.0,0.968,0.513,1
4244,59,0,5,0.635,0.509,0.896,0.0,0.505,-0.161,0
4245,84,0,6,0.742,0.67,0.78,1.0,0.252,0.303,0
4246,42,0,5,0.61,0.7,0.515,0.5,-0.273,0.164,0
4247,49,1,3,0.715,0.649,0.536,0.0,0.614,0.015,0
4248,44,0,9,0.839,0.602,0.66,0.0,0.395,0.221,0
4249,73,1,11,0.7,0.67,1.103,0.25,0.758,-0.149,0
4250,36,1,7,0.811,0.471,0.789,0.0,0.13,0.106,0
4251,74,0,5,0.787,0.62,0.592,0.25,0.279,0.153,0
4252,58,1,10,0.921,0.587,0.756,0.0,0.61,0.281,0
4253,67,1,9,1.093,0.5,0.869,0.0,0.704,0.222,0
4254,40,1,3,0.907,0.649,0.634,0.0,-0.066,0.326,0
4255,64,0,5,0.627,0.62,0.646,0.75,0.327,-0.161,0
4256,47,0,10,0.952,0.532,1.141,0.5,0.561,0.268,0
4257,41,0,8,0.887,0.568,0.58,0.0,0.404,0.541,0
4258,34,1,9,1.05,0.596,0.857,0.0,0.492,0.236,0
4259,30,0,5,0.872,0.61,0.606,0.0,-0.193,0.269,0
4260,40,1,6,0.94,0.575,0.674,0.75,0.477,0.245,0
4261,62,0,11,0.932,0.467,1.132,0.75,0.7,0.052,0
4262,49,1,10,0.866,0.526,0.685,0.0,0.317,0.112,0
4263,59,1,3,0.9,0.536,0.685,0.0,-0.115,0.386,0
4264,57,0,6,0.797,0.631,0.523,0.5,-0.083,0.002,0
4265,67,1,8,1.053,0.553,0.581,0.0,0.033,0.353,0
4266,41,1,6,0.778,0.475,0.79,0.5,0.462,0.321,0
4267,37,1,9,1.089,0.582,0.7,0.0,0.072,0.134,0
4268,77,0,3,0.951,0.696,0.148,0.0,-0.322,0.245,0
4269,40,1,6,0.711,0.613,0.621,0.5,0.047,-0.041,0
4270,66,0,12,1.02,0.552,0.798,0.5,0.178,0.387,0
4271,79,0,5,0.951,0.669,0.543,0.25,0.053,0.129,0
4272,37,1,3,0.884,0.628,0.587,0.0,0.309,0.041,0
4273,58,0,3,0.741,0.673,0.681,0.0,0.226,-0.083,0
4274,48,0,9,0.773,0.612,0.814,0.75,0.436,0.103,0
4275,80,0,9,1.07,0.603,0.627,0.0,0.263,0.357,1
4276,74,1,8,0.826,0.629,1.018,0.75,0.578,0.237,0
4277,62,0,5,0.824,0.442,0.176,1.0,-0.465,0.011,0
4278,56,0,6,0.976,0.619,0.834,1.0,0.505,0.111,0
4279,40,0,5,0.722,0.62,0.797,0.0,-0.198,-0.106,0
4280,69,0,11,1.014,0.632,0.881,0.0,0.486,0.055,0
4281,84,0,4,1.161,0.555,0.611,0.5,0.278,0.388,0
4282,51,0,3,0.661,0.499,0.564,0.0,-0.054,-0.038,0
4283,55,0,4,0.842,0.57,0.485,0.25,-0.03,0.05,0
4284,54,1,7,0.834,0.665,0.796,0.0,0.17,0.053,0
4285,42,0,7,0.739,0.615,0.914,0.25,0.558,0.069,0
4286,34,0,10,0.686,0.54,0.555,1.0,0.27,0.024,0
4287,60,0,3,0.739,0.45,0.595,0.0,0.152,0.002,0
4288,33,1,7,0.847,0.594,0.454,0.0,0.037,0.288,0
4289,47,1,9,0.879,0.473,0.547,0.5,-0.188,-0.057,0
4290,39,1,10,0.791,0.551,0.916,0.25,0.657,0.091,0
4291,68,1,7,0.991,0.537,0.724,0.0,0.188,0.368,0
4292,44,1,10,0.805,0.717,0.834,0.0,0.144,-0.005,0
4293,32,0,4,0.748,0.54,0.433,1.0,-0.185,0.049,0
4294,30,1,9,1.056,0.626,0.732,0.0,-0.275,0.353,0
4295,69,1,5,0.855,0.671,1.07,0.0,0.37,0.146,0
4296,81,0,8,1.095,0.773,0.929,0.75,0.579,0.411,0
4297,40,1,8,0.961,0.661,0.581,0.0,0.205,0.314,0
4298,58,0,6,0.981,0.624,0.92,0.75,0.146,0.095,0
4299,73,1,12,0.715,0.365,0.7,0.0,0.194,0.04,0
4300,68,0,7,0.755,0.625,0.412,0.0,0.028,-0.066,0
4301,44,1,3,0.789,0.643,0.572,0.75,-0.011,0.093,0
4302,65,0,9,0.79,0.505,0.718,0.5,0.317,0.194,0
4303,39,0,5,0.874,0.546,0.363,0.0,-0.582,0.168,0
4304,47,0,8,0.999,0.649,0.676,0.5,0.168,0.345,0
4305,56,1,7,0.824,0.578,0.582,0.75,0.088,-0.006,0
4306,56,0,4,0.866,0.466,0.761,0.25,0.426,0.199,0
4307,79,1,7,0.88,0.613,0.74,0.25,0.458,0.275,0
4308,73,1,4,0.947,0.678,0.297,0.0,-0.286,0.17,0
4309,41,1,12,1.025,0.593,0.96,0.25,0.633,0.412,0
4310,73,1,11,1.009,0.577,0.949,0.0,0.819,0.291,0
4311,66,1,12,0.881,0.624,1.059,0.5,0.755,0.12,0
4312,75,1,7,0.844,0.61,0.733,0.25,0.307,0.027,0
4313,72,1,3,0.612,0.796,0.656,0.0,0.386,-0.087,0
4314,40,0,8,0.809,0.593,0.857,0.0,0.588,0.052,0
4315,74,1,4,0.762,0.633,0.384,0.0,0.269,-0.013,0
4316,40,0,8,0.84,0.605,1.022,0.25,0.322,0.102,0
4317,57,0,10,1.037,0.506,1.08,0.25,0.502,0.365,0
4318,75,0,12,0.96,0.495,0.754,0.25,0.553,0.126,0
4319,64,0,4,0.972,0.739,1.022,0.0,0.299,0.283,0
4320,52,0,9,1.05,0.588,0.707,0.25,0.228,0.357,0
4321,61,1,9,0.873,0.694,0.336,1.0,-0.178,0.257,0
4322,40,0,8,0.846,0.494,0.83,0.0,0.805,0.206,0
4323,52,1,12,1.095,0.554,0.839,0.0,0.371,0.469,0
4324,59,0,7,0.802,0.524,0.979,0.25,0.629,0.302,0
4325,61,0,7,0.918,0.603,1.025,0.0,0.404,0.158,0
4326,31,1,4,0.852,0.558,0.455,0.25,0.047,0.201,0
4327,72,1,8,0.993,0.648,0.781,1.0,0.335,0.336,0
4328,49,1,10,0.804,0.452,0.977,1.0,0.287,0.183,0
4329,83,1,10,0.957,0.545,0.568,0.25,0.324,0.257,0
4330,30,0,11,1.104,0.7,0.79,0.5,-0.02,0.348,0
4331,59,1,11,1.186,0.41,0.749,0.0,0.107,0.437,0
4332,47,0,9,0.905,0.572,0.821,1.0,0.334,0.103,0
4333,52,0,10,0.947,0.529,0.878,0.25,0.455,0.029,0
4334,36,0,11,0.7,0.662,0.762,0.0,0.326,-0.149,0
4335,39,1,3,0.921,0.627,0.18,0.5,-0.22,0.209,0
4336,82,1,8,0.768,0.542,0.612,0.25,0.329,0.159,0
4337,66,0,12,0.903,0.642,0.952,0.75,0.554,-0.103,0
4338,62,1,11,0.786,0.564,0.916,0.5,0.278,0.026,0
4339,64,1,12,0.923,0.603,0.77,0.0,0.162,0.024,1
4340,34,0,9,0.952,0.555,0.768,0.0,0.17,0.229,0
4341,80,0,12,1.147,0.575,0.733,0.25,0.382,0.326,0
4342,45,1,11,1.076,0.586,0.769,0.0,0.23,0.408,0
4343,78,1,4,0.772,0.484,0.697,0.75,0.138,0.121,0
4344,77,0,5,0.9,0.525,0.495,0.25,0.119,-0.107,0
4345,61,1,10,0.916,0.519,1.114,1.0,0.531,0.2,1
4346,32,0,3,0.68,0.423,0.614,0.75,0.23,-0.148,0
4347,65,0,8,0.773,0.442,0.636,0.0,0.146,-0.178,0
4348,43,1,8,0.98,0.582,0.78,0.0,0.656,0.21,0
4349,49,1,8,0.73,0.679,0.719,0.75,0.299,0.076,0
4350,72,1,4,0.945,0.587,0.562,0.0,-0.299,0.098,0
4351,77,1,7,0.798,0.556,0.653,0.0,0.209,0.171,0
4352,76,0,6,0.996,0.602,0.513,0.0,-0.143,0.137,0
4353,82,0,12,1.101,0.681,0.885,0.0,0.394,0.285,0
4354,36,1,12,0.93,0.568,0.968,0.0,0.27,0.3,0
4355,74,1,12,0.867,0.478,0.861,0.75,0.381,-0.041,0
4356,31,0,6,0.95,0.593,0.74,0.0,0.207,0.114,0
4357,59,1,4,0.861,0.64,0.617,0.5,-0.002,0.056,0
4358,60,0,4,0.838,0.7,0.479,1.0,0.015,-0.014,0
4359,38,0,10,0.902,0.513,0.621,0.5,0.079,0.08,0
4360,43,0,9,0.73,0.639,1.092,1.0,0.662,0.096,0
4361,38,0,3,0.715,0.591,0.749,0.0,0.458,-0.299,0
4362,83,1,11,0.915,0.497,0.976,0.5,0.351,0.157,0
4363,50,0,12,0.806,0.558,1.272,0.0,1.131,0.066,0
4364,71,1,3,0.7,0.739,0.515,0.0,0.033,-0.046,0
4365,39,0,12,1.104,0.605,0.729,0.75,0.352,0.404,0
4366,44,0,11,0.958,0.558,0.809,0.5,0.309,0.009,0
4367,81,0,12,1.15,0.504,0.807,0.0,0.486,0.485,1
4368,72,0,8,1.013,0.515,0.52,0.5,-0.153,0.364,0
4369,54,0,10,0.77,0.608,1.032,0.0,0.452,0.123,0
4370,69,0,12,1.051,0.432,0.862,1.0,0.403,0.292,0
4371,56,1,10,1.045,0.494,0.947,0.75,0.85,0.401,0
4372,73,0,3,0.77,0.61,0.67,0.0,0.118,-0.008,0
4373,83,0,3,0.712,0.632,0.423,0.0,0.181,-0.045,0
4374,35,1,5,0.943,0.499,0.782,0.0,0.218,0.203,0
4375,65,1,6,0.761,0.752,0.695,1.0,0.227,0.171,0
4376,69,1,7,0.714,0.51,0.771,0.25,0.104,0.156,0
4377,45,1,4,0.621,0.617,0.347,0.75,-0.353,-0.035,0
4378,76,0,4,0.942,0.669,0.701,0.75,0.21,0.198,0
4379,74,1,12,0.867,0.55,1.095,0.25,0.86,0.044,0
4380,62,0,10,0.876,0.548,0.851,0.0,0.496,0.342,0
4381,63,0,4,0.786,0.56,0.458,0.0,-0.269,-0.077,0
4382,59,1,8,0.827,0.623,0.658,0.0,-0.135,-0.027,0
4383,46,0,10,0.884,0.674,0.723,0.25,0.134,0.285,0
4384,42,1,10,1.076,0.59,0.86,0.0,0.299,0.486,0
4385,32,0,5,0.79,0.607,0.674,1.0,0.343,0.014,0
4386,54,1,3,0.713,0.558,0.93,0.0,0.555,-0.199,0
4387,81,0,10,0.707,0.523,0.376,0.0,-0.068,0.03,0
4388,61,0,12,1.004,0.681,0.804,1.0,0.389,0.087,0
4389,34,0,9,0.978,0.563,0.762,0.0,0.585,0.259,0
4390,56,1,5,1.179,0.536,0.598,0.0,0.301,0.548,0
4391,58,0,7,0.78,0.726,0.907,0.5,0.56,0.083,0
4392,44,0,12,1.196,0.523,0.487,0.5,0.181,0.502,0
4393,83,0,10,0.963,0.545,0.636,0.0,0.297,0.247,0
4394,54,0,8,0.942,0.59,1.07,0.75,0.612,0.233,0
4395,48,0,10,1.001,0.47,0.675,0.0,0.309,0.316,0
4396,57,0,9,0.856,0.606,0.837,0.0,0.456,0.153,0
4397,36,0,9,0.885,0.474,0.725,0.0,0.148,0.219,0
4398,54,1,6,0.829,0.487,0.666,0.0,0.351,-0.043,0
4399,77,1,4,0.816,0.739,0.508,0.0,0.107,0.167,0
4400,48,1,6,0.934,0.626,0.555,0.5,0.032,0.129,0
4401,33,1,9,0.854,0.553,1.059,0.0,0.703,0.004,0
4402,84,1,6,0.667,0.496,0.494,0.0,0.105,-0.148,0
4403,53,0,11,1.07,0.7,1.005,0.0,0.386,0.257,0
4404,40,1,3,0.682,0.735,0.33,0.25,-0.262,-0.029,0
4405,52,0,9,0.776,0.666,0.819,0.25,0.49,0.085,0
4406,50,0,4,0.641,0.726,0.303,0.0,-0.372,0.105,0
4407,72,0,11,1.07,0.533,0.964,1.0,0.476,0.408,1
4408,31,0,6,0.755,0.52,0.797,0.0,0.097,0.049,0
4409,78,1,3,0.757,0.659,0.416,0.25,0.079,-0.072,0
4410,43,0,9,0.698,0.58,0.818,1.0,0.374,-0.246,0
4411,62,1,3,0.641,0.573,0.478,0.0,0.024,-0.306,0
4412,66,1,7,1.059,0.512,0.73,0.25,-0.007,0.294,0
4413,81,1,7,0.897,0.765,1.009,0.5,0.524,0.199,1
4414,41,0,11,0.972,0.505,0.922,0.0,0.483,0.341,0
4415,81,0,8,0.888,0.636,0.616,0.0,0.264,0.133,0
4416,64,1,10,0.962,0.7,0.817,1.0,0.673,0.403,0
4417,49,1,7,0.989,0.676,0.656,0.0,0.438,0.569,0
4418,47,1,10,0.943,0.545,0.983,0.25,0.671,0.309,0
4419,43,0,6,0.965,0.628,0.829,0.0,0.327,0.333,0
4420,72,0,12,0.952,0.547,0.793,0.25,0.424,0.123,0
4421,83,1,8,0.756,0.466,0.761,0.5,0.556,0.024,0
4422,41,0,7,0.909,0.602,0.723,0.0,0.305,0.232,0
4423,41,1,5,1.024,0.629,0.472,0.25,0.149,0.245,0
4424,70,1,9,0.727,0.612,0.82,0.0,0.438,-0.044,0
4425,33,1,10,1.055,0.662,1.16,0.0,0.466,0.193,0
4426,65,1,8,1.123,0.563,0.965,1.0,0.228,0.652,0
4427,79,0,7,0.943,0.468,0.535,0.5,-0.099,0.248,0
4428,82,1,10,0.942,0.523,0.807,1.0,0.251,0.413,0
4429,66,0,10,0.806,0.645,1.114,0.25,0.462,0.09,0
4430,77,1,6,0.74,0.653,0.363,0.25,0.156,-0.17,0
4431,45,0,8,0.918,0.706,0.726,0.0,0.286,0.143,0
4432,57,1,9,0.875,0.549,0.733,0.0,0.164,0.007,0
4433,40,1,4,0.737,0.654,0.355,0.25,-0.242,-0.229,0
4434,30,1,9,0.815,0.524,0.777,1.0,0.239,0.155,0
4435,72,0,11,0.725,0.461,0.765,0.0,0.271,-0.04,0
4436,67,1,8,0.865,0.457,1.031,1.0,0.651,0.063,1
4437,42,0,10,0.976,0.608,0.926,0.0,0.382,0.155,0
4438,46,1,4,0.666,0.636,0.502,0.0,0.042,-0.124,0
4439,44,1,3,0.671,0.618,0.194,1.0,-0.398,0.012,0
4440,50,0,9,0.689,0.607,0.705,0.0,0.258,-0.12,0
4441,47,0,12,1.172,0.622,0.746,0.75,0.276,0.378,0
4442,52,1,3,0.691,0.585,0.43,0.0,-0.204,0.061,0
4443,69,1,11,0.92,0.465,0.941,0.0,0.709,0.329,0
4444,71,0,4,0.815,0.587,0.258,1.0,-0.404,0.115,1
4445,59,1,9,0.941,0.764,0.677,0.0,0.319,0.206,0
4446,81,1,12,0.749,0.496,0.827,0.0,0.329,0.03,0
4447,45,0,4,0.749,0.529,0.681,0.0,0.157,0.256,0
4448,63,0,5,0.904,0.599,0.679,0.25,0.181,-0.049,0
4449,82,1,10,0.7,0.523,0.737,0.5,0.331,-0.188,0
4450,42,1,8,0.829,0.556,1.015,0.75,0.681,0.232,0
4451,77,0,5,1.039,0.619,0.511,0.0,0.521,0.218,0
4452,30,1,8,1.11,0.646,0.722,0.75,0.142,0.494,0
4453,80,0,9,0.787,0.59,0.408,0.0,-0.159,0.006,0
4454,30,1,4,0.826,0.556,0.42,0.0,0.077,0.126,0
4455,71,1,3,0.799,0.572,0.509,0.0,-0.136,0.221,0
4456,60,0,4,0.917,0.543,0.797,0.75,0.495,0.159,0
4457,61,1,4,0.825,0.561,0.523,0.25,-0.035,-0.004,0
4458,39,0,4,0.73,0.486,0.478,0.0,0.04,0.094,0
4459,33,0,3,0.72,0.563,0.7,0.0,0.345,-0.067,0
4460,74,0,10,0.955,0.494,0.405,0.0,0.021,0.073,0
4461,35,1,11,1.079,0.571,1.165,0.5,0.676,0.391,0
4462,80,1,8,1.136,0.543,1.117,0.5,0.677,0.466,1
4463,57,1,12,0.959,0.634,0.7,0.0,0.318,0.245,0
4464,34,1,5,0.944,0.7,0.431,0.75,0.054,0.303,0
4465,80,1,7,0.93,0.611,0.614,0.0,0.435,0.115,0
4466,78,0,9,0.71,0.576,0.756,0.75,0.265,-0.18,0
4467,33,1,12,0.891,0.566,1.059,0.75,0.545,0.114,0
4468,80,0,8,0.884,0.624,0.775,0.25,0.304,0.109,0
4469,73,1,12,0.761,0.52,1.135,1.0,0.342,-0.052,0
4470,77,0,3,0.962,0.57,0.569,0.5,0.072,0.434,0
4471,33,1,3,0.916,0.599,0.435,0.0,-0.211,0.17,0
4472,77,0,11,1.196,0.465,0.779,0.0,0.181,0.756,0
4473,46,1,9,0.918,0.518,0.917,0.0,0.144,0.206,1
4474,84,0,10,0.793,0.513,0.746,0.0,0.228,0.095,0
4475,65,0,8,0.775,0.594,0.723,0.0,0.094,0.006,0
4476,36,1,5,0.527,0.532,0.474,0.25,-0.082,-0.217,0
4477,47,1,9,0.92,0.449,0.553,0.0,-0.158,0.141,0
4478,39,0,3,0.938,0.7,0.438,0.0,0.145,0.022,0
4479,46,1,5,0.979,0.601,0.617,0.25,0.239,0.255,0
4480,63,0,3,0.762,0.55,0.792,0.0,0.06,-0.092,0
4481,38,1,12,1.088,0.537,0.606,0.5,-0.058,0.345,0
4482,30,1,6,1.097,0.521,0.746,0.0,0.204,0.355,0
4483,42,0,3,0.888,0.608,0.681,0.0,0.132,0.157,0
4484,30,0,4,0.987,0.638,0.484,0.25,-0.107,0.343,0
4485,59,1,7,0.728,0.446,0.588,1.0,-0.008,-0.019,0
4486,77,0,6,0.926,0.543,0.437,0.0,-0.029,-0.019,0
4487,66,0,8,0.793,0.571,0.719,0.25,0.089,0.058,0
4488,44,1,12,0.923,0.456,0.823,0.0,0.377,0.217,0
4489,31,1,11,1.041,0.541,0.978,0.0,0.57,0.436,0
4490,75,1,9,1.138,0.574,0.829,1.0,0.405,0.517,0
4491,46,0,12,1.044,0.399,0.7,0.5,0.039,0.067,0
4492,34,0,9,0.973,0.609,1.039,0.75,0.45,0.317,0
4493,78,1,11,0.981,0.7,1.011,0.0,0.836,0.096,0
4494,43,0,3,0.772,0.553,0.562,0.5,-0.011,0.123,0
4495,35,1,9,0.762,0.507,1.071,0.5,0.507,-0.056,0
4496,65,0,8,0.823,0.584,0.643,0.75,0.061,0.074,0
4497,47,1,4,0.824,0.661,0.473,0.75,0.201,0.132,0
4498,35,1,5,1.034,0.615,0.687,0.5,0.295,0.122,0
4499,62,0,6,0.834,0.588,0.778,0.25,0.419,0.199,0
4500,69,0,8,0.952,0.586,0.799,0.0,0.136,0.284,0
4501,55,0,9,0.7,0.633,0.617,0.25,0.264,0.027,0
4502,68,1,7,0.882,0.48,0.933,0.0,0.58,0.156,0
4503,75,1,11,1.09,0.521,1.038,0.75,0.733,0.297,1
4504,79,0,4,0.7,0.608,0.722,0.0,-0.073,-0.176,0
4505,73,0,5,0.7,0.53,0.639,0.0,0.269,-0.081,0
4506,78,1,11,0.785,0.537,0.952,1.0,0.163,-0.037,1
4507,30,1,7,1.019,0.544,0.523,0.0,0.052,0.455,0
4508,73,0,11,1.217,0.601,0.839,0.5,0.205,0.792,0
4509,61,1,12,0.836,0.485,0.666,0.5,0.238,-0.004,0
4510,83,0,7,0.845,0.531,1.072,0.5,0.49,-0.107,0
4511,73,1,12,0.97,0.607,1.024,1.0,0.843,0.21,0
4512,53,1,8,1.049,0.59,0.485,0.0,-0.213,0.294,0
4513,53,0,6,0.869,0.638,0.391,0.0,0.143,0.342,0
4514,35,1,12,1.055,0.576,1.134,1.0,0.775,0.274,0
4515,37,0,6,0.791,0.541,0.669,0.75,0.316,0.041,0
4516,51,1,6,0.81,0.708,1.019,0.0,0.664,0.013,0
4517,32,1,4,1.077,0.46,0.464,0.0,-0.234,0.208,0
4518,53,1,5,0.711,0.561,0.654,0.0,0.49,0.098,0
4519,80,0,8,0.788,0.566,0.633,0.25,0.016,0.076,0
4520,78,0,11,1.103,0.639,1.014,0.0,0.314,0.537,0
4521,73,1,7,0.824,0.635,0.723,0.0,0.395,0.128,0
4522,60,0,10,0.893,0.596,0.781,1.0,0.332,0.143,0
4523,50,1,6,0.779,0.577,0.709,0.25,0.119,0.112,0
4524,77,1,12,1.007,0.584,0.997,1.0,0.565,0.137,1
4525,34,1,4,0.7,0.597,0.555,0.75,-0.204,0.005,0
4526,59,1,6,1.013,0.583,0.527,0.25,-0.101,0.412,0
4527,37,0,11,1.08,0.614,0.376,1.0,-0.409,0.26,0
4528,45,0,5,1.024,0.626,0.504,0.0,-0.034,0.241,0
4529,59,1,11,0.941,0.416,0.764,0.0,0.341,0.149,0
4530,84,1,11,0.786,0.642,0.833,0.25,0.345,-0.081,0
4531,76,1,4,0.946,0.644,0.457,0.5,-0.1,0.152,1
4532,44,1,3,0.718,0.585,0.73,0.0,0.121,-0.096,0
4533,79,1,9,0.858,0.617,0.935,0.5,0.235,0.185,0
4534,32,1,12,0.948,0.618,0.938,0.0,0.502,0.039,0
4535,46,0,8,0.941,0.756,0.589,0.25,0.186,0.248,0
4536,55,0,12,0.975,0.532,0.833,0.0,0.38,0.122,0
4537,49,1,4,0.882,0.662,0.774,1.0,0.336,0.155,0
4538,60,1,3,0.835,0.574,0.783,0.75,0.422,0.058,0
4539,63,1,3,0.948,0.584,0.544,0.0,-0.039,0.157,0
4540,46,0,5,0.775,0.638,0.626,0.25,0.186,0.02,0
4541,37,1,5,0.947,0.522,0.915,1.0,0.375,0.311,0
4542,50,0,12,1.078,0.597,0.639,0.75,-0.061,0.364,0
4543,58,0,9,0.817,0.685,0.763,0.0,0.186,0.053,0
4544,46,0,6,0.956,0.421,0.602,0.0,-0.066,0.078,0
4545,53,1,7,1.041,0.637,1.018,0.0,0.641,0.27,0
4546,54,0,3,0.766,0.671,0.449,0.0,0.097,-0.211,0
4547,60,0,8,0.765,0.701,1.0,0.0,0.204,0.074,0
4548,84,1,12,0.782,0.458,1.218,0.0,0.959,-0.04,1
4549,38,0,9,1.103,0.521,0.65,0.25,0.05,0.244,0
4550,44,1,6,0.715,0.575,0.808,0.0,0.323,0.015,0
4551,46,0,3,0.934,0.7,0.619,0.5,0.242,0.099,0
4552,66,1,6,0.737,0.617,0.954,1.0,0.665,-0.092,0
4553,40,0,3,0.56,0.577,0.571,0.5,0.287,-0.101,0
4554,54,0,12,1.05,0.366,0.76,0.0,0.181,0.282,0
4555,31,0,5,1.037,0.64,0.621,0.0,0.365,0.351,0
4556,30,0,5,0.744,0.56,0.7,0.25,0.036,-0.097,0
4557,62,1,4,0.732,0.55,0.586,0.0,0.324,0.139,0
4558,70,0,6,0.755,0.653,0.573,0.0,0.454,-0.035,0
4559,80,0,3,0.833,0.642,0.729,0.0,0.285,0.114,1
4560,74,1,8,0.768,0.615,0.631,1.0,0.205,0.159,0
4561,56,1,10,0.844,0.553,0.827,0.0,0.127,0.068,0
4562,53,0,5,0.897,0.709,0.742,0.0,0.226,0.357,0
4563,63,0,4,0.86,0.649,0.536,0.0,0.019,0.155,0
4564,47,1,12,1.09,0.744,0.909,0.75,0.302,0.153,0
4565,38,0,9,0.786,0.7,0.614,0.75,0.213,0.11,0
4566,33,0,7,0.413,0.553,0.876,0.0,0.235,-0.355,0
4567,36,1,3,0.688,0.7,0.501,0.0,0.023,0.093,0
4568,50,0,7,0.962,0.579,0.378,0.25,-0.118,0.148,0
4569,63,1,5,0.867,0.642,0.78,0.0,0.228,0.001,0
4570,49,0,9,0.915,0.61,0.677,0.0,0.214,-0.064,0
4571,68,0,12,0.835,0.403,1.162,0.0,0.64,-0.086,0
4572,61,1,4,0.809,0.648,0.888,0.0,0.48,-0.136,0
4573,78,0,12,1.086,0.7,0.993,0.25,0.622,0.204,0
4574,49,1,4,0.732,0.681,0.61,0.75,0.549,0.002,0
4575,58,0,7,0.947,0.662,0.968,0.0,0.502,0.088,0
4576,51,1,7,0.927,0.556,0.811,0.75,0.513,0.053,0
4577,84,1,3,0.934,0.652,0.551,0.75,-0.213,0.106,1
4578,83,1,6,0.876,0.524,0.833,0.0,0.452,0.092,1
4579,33,1,12,0.896,0.508,0.888,0.0,0.669,0.034,0
4580,73,1,3,0.946,0.602,0.467,0.0,-0.014,0.496,0
4581,35,1,5,0.824,0.542,0.769,0.0,0.069,-0.052,0
4582,73,1,4,0.809,0.63,0.572,0.0,-0.219,0.123,0
4583,44,1,7,1.01,0.695,0.61,0.5,0.242,0.381,0
4584,53,1,12,1.072,0.486,0.735,0.0,0.323,0.239,0
4585,74,1,12,0.998,0.482,0.856,0.0,0.557,0.169,0
4586,61,0,7,0.768,0.579,0.7,1.0,0.303,-0.045,0
4587,72,1,11,1.022,0.587,1.171,0.5,0.612,0.119,0
4588,41,0,7,0.796,0.518,1.051,0.0,0.944,-0.071,0
4589,61,0,8,0.752,0.486,0.82,0.25,0.224,0.025,0
4590,41,1,5,0.954,0.567,0.674,0.0,0.238,0.222,0
4591,50,0,11,0.766,0.588,0.894,0.0,0.704,0.095,0
4592,84,1,3,0.585,0.618,0.466,1.0,0.048,-0.222,0
4593,74,1,4,0.512,0.656,0.724,0.5,0.209,-0.136,0
4594,66,0,6,0.644,0.62,0.795,0.0,0.207,-0.189,0
4595,61,0,9,0.862,0.49,0.758,0.25,0.448,0.009,0
4596,45,1,6,0.741,0.548,0.698,0.0,0.406,-0.188,0
4597,32,1,9,1.141,0.595,1.018,0.0,0.858,0.593,0
4598,50,1,6,0.68,0.685,0.795,0.0,0.307,0.075,0
4599,41,0,11,1.109,0.551,0.656,0.5,0.303,0.331,0
4600,63,1,11,0.984,0.637,0.834,0.0,0.448,0.172,0
4601,66,1,8,0.841,0.545,0.689,0.0,0.282,0.102,1
4602,56,0,4,0.6,0.564,0.21,0.0,-0.311,0.117,0
4603,65,0,7,0.962,0.564,0.494,0.75,0.119,0.161,0
4604,50,0,7,0.72,0.678,0.693,1.0,0.154,-0.111,0
4605,64,0,5,0.985,0.604,0.382,0.0,-0.063,0.224,0
4606,65,0,6,0.455,0.456,0.695,1.0,0.052,-0.0,0
4607,67,1,3,0.796,0.714,0.561,0.0,0.041,0.033,0
4608,74,1,3,0.982,0.546,0.754,0.0,0.209,0.318,0
4609,34,0,8,0.959,0.614,0.533,0.0,-0.12,0.051,0
4610,41,1,11,0.944,0.501,1.038,0.0,0.722,0.178,0
4611,59,1,10,0.968,0.561,0.761,0.0,0.546,0.29,0
4612,36,0,4,0.733,0.664,0.588,1.0,0.017,-0.159,0
4613,66,1,10,0.99,0.485,1.196,0.75,0.71,0.282,0
4614,74,1,7,0.882,0.47,0.583,0.0,0.097,0.176,0
4615,63,1,12,1.05,0.542,0.871,0.0,0.601,0.208,0
4616,65,1,5,0.937,0.617,0.671,0.0,-0.023,0.22,0
4617,37,0,9,1.106,0.634,0.99,0.0,0.592,0.13,0
4618,77,0,7,1.095,0.525,0.953,0.5,0.67,0.392,0
4619,83,0,8,0.7,0.754,0.595,0.75,0.317,0.072,0
4620,64,0,12,0.983,0.499,1.141,0.75,0.669,0.278,0
4621,83,1,12,0.92,0.538,0.973,0.0,0.264,0.278,0
4622,46,0,3,0.679,0.714,0.271,0.75,-0.233,-0.023,0
4623,62,0,7,0.936,0.608,0.412,0.75,0.073,0.345,0
4624,76,1,7,0.815,0.61,0.897,0.75,0.312,0.083,0
4625,40,0,4,0.804,0.532,0.596,0.0,-0.016,0.085,0
4626,70,0,3,0.73,0.552,0.704,0.75,0.415,0.03,0
4627,41,1,11,1.043,0.474,0.633,0.0,-0.023,0.303,0
4628,65,1,3,1.157,0.484,0.385,0.0,-0.04,0.573,0
4629,76,0,8,0.94,0.7,0.663,0.0,0.132,0.082,0
4630,63,1,4,0.949,0.702,0.257,0.5,-0.122,0.183,0
4631,78,1,3,0.7,0.618,0.968,0.75,0.592,-0.071,1
4632,77,0,3,0.751,0.452,0.515,1.0,0.174,0.044,0
4633,82,1,3,0.767,0.56,0.822,0.0,0.37,0.022,0
4634,63,0,3,0.823,0.596,0.532,1.0,0.047,0.224,0
4635,30,1,11,1.024,0.572,1.14,1.0,0.867,0.257,0
4636,38,1,7,0.842,0.625,0.918,1.0,0.392,0.011,0
4637,38,0,12,0.805,0.395,0.967,0.0,0.133,0.078,0
4638,38,0,12,0.992,0.5,0.854,0.0,0.54,0.177,0
4639,47,1,3,0.779,0.585,0.428,0.75,0.156,0.095,0
4640,35,0,9,0.979,0.494,0.594,0.0,-0.022,0.483,0
4641,55,1,4,0.792,0.539,0.638,0.25,0.341,0.072,0
4642,36,0,12,1.044,0.501,0.792,0.5,0.421,0.344,0
4643,32,0,9,1.009,0.364,0.715,0.0,0.283,0.312,0
4644,60,1,7,0.773,0.536,0.764,0.25,0.229,-0.207,0
4645,70,0,5,0.791,0.703,0.69,1.0,0.095,-0.171,1
4646,47,0,10,0.886,0.552,0.996,1.0,0.441,0.183,0
4647,42,0,11,0.942,0.485,0.699,0.0,0.222,0.186,0
4648,68,1,4,0.904,0.637,0.336,0.25,-0.2,0.145,0
4649,65,0,9,1.052,0.627,0.707,0.0,0.226,0.256,0
4650,35,1,4,0.861,0.52,0.673,0.0,0.195,0.039,0
4651,74,0,3,0.539,0.645,0.691,0.0,0.295,-0.521,0
4652,47,1,6,0.798,0.603,0.694,0.0,0.142,0.008,0
4653,52,0,11,0.843,0.523,0.787,0.0,0.378,0.129,0
4654,64,1,9,0.76,0.7,0.82,0.25,0.353,0.11,0
4655,36,1,10,1.04,0.557,0.971,0.0,0.529,0.316,0
4656,38,1,3,0.969,0.691,0.292,0.25,-0.173,0.074,0
4657,35,1,12,0.963,0.593,1.176,0.0,0.726,0.219,0
4658,64,0,9,0.847,0.608,1.06,0.0,0.555,0.001,0
4659,57,1,8,0.996,0.608,0.659,0.5,0.12,0.344,0
4660,59,0,12,0.996,0.492,0.79,0.25,0.237,0.232,0
4661,51,0,9,1.044,0.707,0.525,0.5,-0.022,0.39,0
4662,83,0,12,0.686,0.399,0.534,0.25,0.018,0.172,0
4663,46,0,9,0.861,0.469,1.085,0.25,0.601,0.225,0
4664,43,0,5,0.702,0.786,0.865,1.0,0.198,-0.048,0
4665,43,0,12,0.831,0.567,0.767,0.5,0.161,-0.016,0
4666,39,0,9,1.054,0.545,1.044,0.25,0.648,0.1,0
4667,36,0,3,0.602,0.654,0.57,0.0,0.031,-0.129,0
4668,79,1,4,0.838,0.78,0.709,1.0,0.129,0.456,1
4669,60,0,4,0.788,0.701,0.7,0.0,-0.127,0.215,0
4670,73,0,12,0.854,0.7,1.062,0.0,0.542,-0.024,0
4671,76,1,4,0.661,0.659,0.296,0.25,-0.255,0.046,0
4672,64,0,11,0.92,0.585,0.887,1.0,0.281,0.084,0
4673,70,0,11,1.172,0.604,1.021,0.0,0.904,0.372,0
4674,38,1,11,0.813,0.492,1.076,0.0,0.506,0.116,0
4675,78,0,8,0.883,0.524,0.872,0.0,0.499,0.007,0
4676,72,0,7,0.883,0.493,0.743,0.0,0.532,0.054,0
4677,62,1,8,0.638,0.712,0.905,0.0,0.307,-0.032,0
4678,52,1,10,0.947,0.603,1.12,0.75,0.562,0.289,0
4679,72,0,3,0.641,0.557,0.449,0.0,-0.086,0.032,0
4680,76,1,4,0.864,0.582,0.942,0.0,0.508,0.164,0
4681,62,0,7,0.7,0.474,0.493,0.0,-0.009,-0.228,0
4682,47,1,4,0.841,0.538,0.275,0.25,-0.479,0.086,0
4683,40,0,12,1.06,0.7,0.914,0.75,0.448,0.078,0
4684,30,1,4,0.904,0.751,0.498,0.5,-0.04,0.025,0
4685,52,0,5,0.695,0.519,0.545,0.25,0.119,0.167,0
4686,35,0,10,0.995,0.498,0.921,0.0,0.503,0.287,0
4687,37,0,12,0.859,0.533,0.984,0.0,0.765,0.11,0
4688,71,1,11,1.078,0.7,0.847,0.0,0.321,0.284,0
4689,40,1,10,1.137,0.604,0.7,0.5,0.06,0.417,0
4690,58,0,6,0.706,0.7,0.608,0.0,-0.092,0.069,0
4691,46,0,7,0.567,0.641,0.586,0.5,0.32,-0.339,0
4692,48,1,10,0.726,0.506,0.712,0.0,0.248,0.103,0
4693,77,0,6,0.894,0.532,0.58,0.5,0.041,0.123,0
4694,56,0,4,0.855,0.499,0.595,0.0,-0.105,-0.106,0
4695,52,0,11,1.029,0.491,0.875,0.25,0.458,0.503,0
4696,80,1,6,1.012,0.626,0.846,0.5,0.487,0.488,1
4697,53,1,11,0.875,0.569,0.867,0.0,0.167,0.057,0
4698,65,0,5,0.863,0.541,0.703,0.0,0.058,0.277,0
4699,32,1,3,0.765,0.7,0.712,1.0,-0.017,-0.082,0
4700,83,1,9,0.901,0.561,1.11,0.0,0.629,0.049,1
4701,30,1,5,0.663,0.603,0.646,0.5,0.082,-0.141,0
4702,49,0,4,0.869,0.533,0.544,0.75,0.011,0.159,0
4703,54,0,3,0.465,0.568,0.28,0.0,-0.288,-0.32,0
4704,41,1,12,0.912,0.68,1.003,0.0,0.499,0.265,0
4705,45,1,12,0.993,0.518,0.887,0.0,0.706,0.257,0
4706,53,1,3,0.651,0.681,0.274,0.75,-0.09,0.032,0
4707,58,0,8,0.866,0.613,0.561,0.25,0.365,0.091,0
4708,42,1,5,1.022,0.733,0.655,1.0,0.142,0.322,0
4709,38,1,12,0.987,0.502,0.595,0.0,0.31,0.302,0
4710,79,0,8,0.815,0.59,0.798,0.0,0.376,-0.01,0
4711,55,1,11,0.893,0.58,1.066,0.0,0.579,0.201,0
4712,53,0,6,0.7,0.663,0.701,0.0,0.324,-0.107,0
4713,49,0,12,0.818,0.522,1.033,1.0,0.751,0.141,0
4714,52,1,8,0.932,0.643,0.662,0.0,0.076,0.094,0
4715,34,0,12,0.949,0.422,0.908,0.0,0.4,0.528,0
4716,81,0,7,1.012,0.532,0.814,0.75,0.483,0.316,0
4717,45,1,7,1.019,0.607,0.764,0.0,0.426,0.284,0
4718,36,0,12,0.924,0.522,1.147,0.25,0.628,0.16,0
4719,76,1,5,0.873,0.587,0.306,0.0,0.1,0.267,0
4720,35,0,11,1.042,0.549,1.012,0.5,0.545,0.13,0
4721,83,1,6,0.982,0.5,1.006,0.0,0.855,0.294,0
4722,55,0,4,0.655,0.65,0.545,0.0,0.377,-0.329,0
4723,42,1,12,0.955,0.579,0.871,0.0,0.281,0.09,0
4724,69,1,4,0.764,0.664,0.655,0.0,0.135,-0.103,0
4725,72,0,8,0.827,0.654,0.726,0.0,0.102,0.251,0
4726,48,1,8,1.02,0.642,0.262,1.0,-0.027,0.28,0
4727,46,0,3,0.727,0.591,0.45,0.0,-0.06,-0.154,0
4728,45,1,7,0.937,0.564,0.524,0.0,-0.107,0.125,0
4729,43,1,3,0.7,0.732,0.53,0.75,0.102,0.017,0
4730,42,0,6,0.995,0.559,0.755,0.0,0.418,0.156,0
4731,51,1,10,1.005,0.515,0.572,0.0,0.128,0.289,0
4732,41,1,6,0.993,0.439,0.367,1.0,-0.479,0.401,0
4733,68,0,6,0.897,0.597,0.412,0.75,-0.069,0.295,1
4734,35,0,7,0.918,0.611,0.709,0.0,0.125,0.244,0
4735,76,0,3,0.556,0.7,0.933,0.0,0.406,-0.208,0
4736,46,1,5,0.797,0.678,0.778,1.0,0.631,0.056,0
4737,80,0,6,0.941,0.535,0.836,0.0,0.329,0.175,0
4738,59,1,10,1.104,0.531,0.418,0.0,-0.39,0.457,0
4739,70,1,11,0.975,0.599,0.952,0.0,0.456,0.17,0
4740,64,0,11,0.923,0.515,0.902,0.75,0.398,0.071,0
4741,64,1,9,1.083,0.657,0.916,0.0,0.424,0.268,0
4742,57,0,9,1.022,0.566,0.59,0.25,0.426,0.242,0
4743,34,0,3,0.524,0.579,0.559,0.0,0.162,-0.529,0
4744,31,0,10,1.103,0.491,0.667,0.5,0.197,0.337,0
4745,80,0,7,0.626,0.582,0.637,0.25,0.066,-0.247,0
4746,32,0,8,0.826,0.487,0.754,0.25,0.353,-0.051,0
4747,47,0,6,0.869,0.505,0.642,0.5,0.101,0.247,0
4748,69,0,10,1.071,0.572,0.913,1.0,0.28,0.004,0
4749,77,0,11,0.907,0.478,0.7,0.25,0.123,0.207,1
4750,64,1,5,0.782,0.62,0.423,0.0,-0.093,0.053,0
4751,83,1,8,0.85,0.62,1.093,0.75,0.48,0.018,0
4752,78,0,3,0.949,0.673,0.771,0.5,0.139,0.249,0
4753,70,0,6,0.7,0.508,0.759,0.5,0.286,0.105,0
4754,39,0,9,0.836,0.7,1.062,0.5,0.561,-0.027,0
4755,42,1,10,0.974,0.608,0.751,0.0,0.102,0.273,0
4756,73,1,6,0.873,0.567,0.822,0.75,0.284,0.162,0
4757,48,0,12,0.97,0.459,0.924,0.25,0.348,0.139,0
4758,65,0,12,0.898,0.57,0.917,0.0,0.275,0.143,0
4759,81,1,4,0.878,0.581,0.458,0.0,0.069,0.022,0
4760,41,1,12,0.956,0.599,0.854,0.0,0.413,0.175,0
4761,46,1,7,0.965,0.536,0.63,0.5,0.163,0.082,0
4762,32,0,6,0.865,0.564,0.509,0.0,0.09,0.094,0
4763,80,1,10,0.966,0.654,0.727,0.25,0.16,0.469,0
4764,40,1,8,0.682,0.702,0.779,0.25,0.17,-0.298,0
4765,83,1,9,0.869,0.672,0.974,0.0,0.762,0.2,0
4766,81,1,11,1.063,0.409,0.7,0.0,0.163,0.205,0
4767,79,1,5,0.758,0.586,0.582,0.75,0.239,-0.19,0
4768,54,0,10,1.162,0.669,0.982,0.0,0.423,0.326,0
4769,69,1,12,0.991,0.548,0.811,1.0,0.32,0.244,0
4770,47,1,7,1.056,0.513,0.728,0.25,0.681,0.224,0
4771,72,1,10,1.017,0.628,0.735,0.75,0.16,0.24,0
4772,56,0,12,0.837,0.487,0.699,0.0,0.166,0.195,1
4773,48,1,6,0.94,0.61,0.692,0.5,0.186,0.117,0
4774,46,1,7,0.902,0.392,0.7,0.0,0.483,0.079,0
4775,43,0,11,0.871,0.533,0.803,0.0,0.471,-0.05,0
4776,33,0,11,0.933,0.585,0.826,1.0,0.514,0.134,0
4777,45,0,11,0.973,0.605,0.725,0.0,0.238,0.223,0
4778,35,1,3,0.663,0.637,0.63,0.0,0.079,0.076,0
4779,72,0,11,0.7,0.588,0.758,0.0,0.286,-0.034,0
4780,66,1,12,0.934,0.583,0.812,0.0,0.408,0.231,1
4781,40,1,12,0.996,0.483,1.078,0.0,0.89,0.138,0
4782,50,1,11,0.965,0.548,1.013,0.75,0.441,0.404,0
4783,51,1,10,0.955,0.547,0.818,0.0,0.244,0.165,0
4784,73,0,5,0.935,0.551,0.621,0.5,0.098,0.187,0
4785,72,1,10,1.016,0.585,0.764,0.75,0.448,0.436,0
4786,63,0,11,0.68,0.584,0.594,0.0,0.137,-0.264,0
4787,44,0,3,0.857,0.805,0.33,0.0,-0.061,0.062,0
4788,46,0,9,0.796,0.625,0.663,0.0,-0.075,-0.098,0
4789,77,1,10,0.912,0.482,1.243,0.0,0.776,0.201,0
4790,31,1,10,0.927,0.546,1.136,0.0,0.596,0.362,0
4791,30,1,6,0.858,0.7,0.748,0.25,0.314,-0.005,0
4792,41,0,8,0.926,0.659,0.574,1.0,0.795,0.022,0
4793,48,1,5,0.639,0.69,0.822,0.75,0.122,-0.015,0
4794,76,1,8,0.824,0.57,0.88,0.5,0.63,0.117,0
4795,44,1,7,0.767,0.548,0.997,0.75,0.472,-0.012,0
4796,80,1,9,0.701,0.634,0.539,1.0,0.017,0.05,0
4797,35,1,8,0.895,0.601,0.679,1.0,0.191,-0.035,0
4798,73,1,11,1.066,0.523,0.709,0.0,-0.047,0.259,0
4799,43,0,3,0.835,0.69,0.652,0.5,0.021,0.256,0
4800,38,1,9,0.942,0.557,0.656,0.0,0.13,0.063,0
4801,47,0,8,0.975,0.504,0.841,0.5,0.607,0.031,0
4802,47,0,11,0.993,0.588,1.004,0.75,0.3,0.329,0
4803,56,1,4,0.764,0.353,0.768,0.5,0.452,0.059,0
4804,56,1,10,0.963,0.511,0.63,0.5,-0.07,0.049,0
4805,53,0,5,0.932,0.584,0.557,0.5,0.102,0.289,0
4806,46,0,11,0.801,0.7,1.019,1.0,0.329,0.386,0
4807,33,1,9,0.842,0.532,0.974,0.0,0.48,0.155,0
4808,67,0,5,0.927,0.476,0.49,0.0,-0.094,0.234,0
4809,72,0,3,0.809,0.589,0.464,0.0,-0.186,-0.032,0
4810,67,0,9,1.334,0.611,0.456,0.0,0.087,0.755,0
4811,58,1,7,0.812,0.556,0.606,0.75,0.222,0.14,1
4812,68,1,8,0.797,0.622,1.084,0.75,0.533,0.266,0
4813,65,1,9,0.983,0.515,0.726,0.25,0.3,0.496,0
4814,30,1,5,0.793,0.518,0.466,0.0,0.286,-0.122,0
4815,51,0,7,0.971,0.491,0.726,0.0,0.026,0.295,0
4816,56,1,7,0.991,0.524,0.7,0.25,0.409,0.334,0
4817,83,1,8,0.718,0.577,0.508,0.0,-0.126,-0.085,0
4818,49,0,7,0.845,0.496,0.686,0.0,0.112,-0.051,0
4819,34,0,10,0.958,0.529,0.868,0.0,0.733,0.433,0
4820,49,1,12,0.7,0.601,1.037,0.25,0.646,-0.022,0
4821,64,1,4,0.68,0.724,0.411,0.0,0.139,0.033,0
4822,40,1,3,0.856,0.616,0.679,0.0,0.337,0.214,0
4823,31,1,7,0.752,0.697,0.592,0.5,0.208,-0.037,0
4824,64,0,5,0.811,0.567,0.653,0.0,0.004,0.286,0
4825,32,1,6,0.86,0.671,0.594,0.0,0.16,0.039,0
4826,52,0,3,0.85,0.517,0.557,0.75,-0.305,0.069,0
4827,82,1,7,0.877,0.538,0.598,0.0,0.067,-0.122,0
4828,79,1,4,0.995,0.515,0.792,0.0,0.345,0.191,0
4829,71,0,8,0.962,0.59,0.894,0.5,0.166,0.32,0
4830,42,1,12,1.059,0.516,0.93,0.5,0.416,0.168,0
4831,33,1,11,0.972,0.488,0.875,0.0,0.549,0.233,0
4832,40,0,7,0.85,0.7,0.552,0.5,-0.031,-0.001,0
4833,77,1,6,0.901,0.726,0.772,0.25,0.072,0.11,0
4834,51,0,11,0.88,0.467,0.786,0.25,0.327,0.046,0
4835,60,1,3,0.741,0.648,0.965,0.5,0.676,0.192,0
4836,54,1,5,0.669,0.525,0.79,1.0,0.339,-0.143,0
4837,62,0,8,0.772,0.654,0.823,0.25,0.332,-0.013,0
4838,77,1,4,0.797,0.453,0.802,0.0,0.468,0.067,0
4839,31,0,11,0.955,0.681,0.652,0.25,0.064,0.07,0
4840,32,1,11,0.853,0.654,1.012,0.0,0.58,0.195,0
4841,61,1,3,0.63,0.583,0.43,1.0,-0.357,-0.196,0
4842,55,1,4,0.773,0.672,0.519,0.0,-0.019,-0.071,0
4843,67,0,6,0.84,0.517,0.576,0.0,-0.367,0.12,0
4844,57,0,3,0.965,0.593,0.726,0.0,0.44,0.148,0
4845,54,1,7,0.801,0.66,1.189,0.5,0.817,-0.124,0
4846,48,1,3,0.823,0.561,0.461,0.75,0.023,0.153,0
4847,45,0,3,1.152,0.645,0.623,0.25,0.469,0.49,0
4848,73,0,3,0.799,0.625,0.468,0.75,-0.04,-0.109,0
4849,68,0,9,0.961,0.549,0.7,0.0,0.106,0.24,0
4850,54,1,3,0.657,0.544,0.343,0.75,-0.074,-0.233,0
4851,82,0,9,0.873,0.493,0.848,0.5,0.421,-0.038,0
4852,44,0,12,0.976,0.546,0.742,0.0,0.152,0.264,0
4853,56,1,9,0.7,0.619,0.645,0.25,0.026,0.059,0
4854,62,1,8,0.832,0.515,0.795,0.25,0.38,0.177,0
4855,72,1,9,1.077,0.335,0.71,0.5,0.178,0.275,0
4856,68,0,4,0.72,0.649,0.705,0.75,-0.146,-0.174,0
4857,36,1,6,0.95,0.684,0.482,0.5,0.05,0.204,0
4858,51,1,6,0.954,0.612,0.906,0.0,0.39,0.218,0
4859,58,0,7,0.889,0.666,0.903,1.0,0.334,0.205,0
4860,67,1,3,0.883,0.487,0.581,0.0,0.264,0.095,0
4861,63,1,4,0.889,0.561,0.884,0.0,0.488,0.141,0
4862,63,1,9,0.76,0.575,0.915,1.0,0.2,-0.032,1
4863,37,1,8,0.908,0.584,0.677,0.5,0.239,-0.015,0
4864,33,1,5,0.829,0.607,0.437,0.75,0.29,-0.04,0
4865,67,0,4,0.971,0.467,0.7,0.5,0.345,0.036,0
4866,52,0,6,0.864,0.723,0.526,0.0,0.151,0.164,0
4867,48,1,12,1.013,0.352,0.767,0.0,0.15,0.4,0
4868,79,0,9,0.917,0.596,0.719,0.5,0.24,0.454,0
4869,31,1,8,0.591,0.541,0.351,0.25,-0.108,-0.056,0
4870,61,1,6,0.98,0.569,0.813,0.5,0.057,0.488,0
4871,84,0,6,0.765,0.604,0.84,0.0,0.591,0.044,0
4872,33,1,3,0.749,0.59,0.709,0.0,0.294,-0.055,0
4873,64,1,7,0.89,0.647,0.985,0.5,0.4,0.062,0
4874,70,0,3,0.589,0.493,0.593,0.0,0.189,-0.227,0
4875,66,0,7,0.7,0.589,0.731,0.0,0.176,-0.025,0
4876,38,0,6,1.074,0.601,0.505,1.0,0.004,0.505,0
4877,82,1,4,0.723,0.75,0.582,0.25,-0.191,0.079,1
4878,41,0,7,0.663,0.681,0.938,0.0,0.584,-0.1,0
4879,58,1,3,0.835,0.569,0.356,0.0,0.001,0.124,0
4880,81,1,7,0.83,0.504,0.839,0.0,0.382,-0.075,0
4881,49,1,3,0.668,0.532,0.761,1.0,0.566,-0.071,0
4882,75,1,5,0.641,0.753,0.688,1.0,0.359,0.276,1
4883,43,0,7,0.828,0.618,0.9,0.25,0.504,-0.109,0
4884,62,1,12,1.054,0.571,0.945,0.0,0.542,0.413,0
4885,68,1,5,0.965,0.558,0.792,0.75,0.175,0.192,0
4886,54,0,10,0.937,0.55,0.776,0.25,0.358,0.153,0
4887,35,0,8,0.875,0.58,0.989,0.0,0.387,0.062,0
4888,66,1,9,0.839,0.518,0.667,0.0,0.167,-0.009,0
4889,61,1,3,0.811,0.73,0.38,0.0,0.055,0.164,0
4890,77,0,11,0.855,0.582,0.99,0.0,0.641,0.176,0
4891,54,0,7,0.854,0.705,0.81,0.0,0.429,-0.018,0
4892,76,0,8,0.758,0.462,1.057,0.0,0.374,-0.018,0
4893,36,1,9,1.005,0.561,0.724,0.0,0.137,0.33,0
4894,48,0,5,0.798,0.699,0.638,1.0,0.098,0.013,0
4895,35,0,3,1.038,0.64,0.634,0.0,0.399,0.319,0
4896,48,1,4,0.501,0.611,0.655,0.0,0.281,-0.295,0
4897,61,1,10,0.877,0.542,0.756,1.0,0.289,0.17,0
4898,76,1,3,0.797,0.615,0.565,1.0,0.034,-0.068,0
4899,62,1,7,0.979,0.612,0.828,0.0,0.429,0.133,1
4900,34,1,12,0.937,0.464,0.862,0.25,0.132,0.373,0
4901,54,1,9,0.954,0.607,0.572,0.0,0.083,0.21,0
4902,60,0,7,0.852,0.7,0.635,0.0,0.026,0.141,0
4903,71,0,6,1.011,0.737,0.508,0.0,0.177,0.512,0
4904,58,1,5,0.57,0.589,0.414,0.0,-0.164,-0.108,0
4905,68,1,7,0.752,0.493,0.915,0.0,0.487,0.012,0
4906,78,0,11,0.957,0.658,0.787,1.0,0.332,0.054,0
4907,30,1,6,0.837,0.624,0.681,0.0,0.225,-0.034,0
4908,51,0,8,0.728,0.643,0.635,1.0,-0.225,0.161,0
4909,66,0,10,1.058,0.487,0.645,0.0,0.59,0.399,0
4910,31,1,4,0.823,0.491,0.92,0.75,0.542,0.217,0
4911,66,0,10,0.999,0.626,0.741,0.0,0.181,0.241,0
4912,32,1,5,0.935,0.733,0.791,0.0,0.392,0.235,0
4913,55,1,10,0.776,0.496,0.285,1.0,-0.35,0.013,0
4914,84,0,3,0.619,0.509,0.525,0.5,0.154,-0.135,0
4915,64,1,12,1.025,0.491,0.941,1.0,0.551,0.267,0
4916,75,1,6,0.852,0.603,0.54,0.0,-0.053,0.081,0
4917,71,1,8,1.012,0.517,0.781,0.25,0.19,0.156,0
4918,46,1,5,0.887,0.548,0.419,0.5,-0.001,0.21,0
4919,68,1,9,0.944,0.533,0.688,0.5,-0.157,0.207,0
4920,37,1,5,0.857,0.63,0.624,0.5,0.081,-0.085,0
4921,75,1,4,1.158,0.63,0.862,0.0,0.595,0.501,0
4922,61,1,7,0.982,0.673,1.051,0.0,0.716,0.245,0
4923,79,1,3,0.818,0.666,0.521,0.0,-0.005,-0.055,0
4924,64,1,10,0.932,0.405,0.662,0.5,0.147,0.064,0
4925,61,0,3,0.853,0.605,0.325,0.0,-0.107,0.042,0
4926,49,0,8,0.95,0.566,0.928,0.0,0.253,0.097,0
4927,62,1,8,0.807,0.516,0.627,0.75,-0.043,-0.024,0
4928,82,0,4,0.699,0.567,0.349,1.0,0.124,0.042,0
4929,41,1,5,0.843,0.63,0.516,0.5,0.254,0.091,0
4930,39,0,6,1.011,0.521,0.612,0.0,-0.044,0.101,0
4931,83,0,4,0.938,0.582,0.604,0.0,0.265,0.253,0
4932,67,0,4,0.688,0.688,0.326,0.0,-0.147,-0.228,0
4933,37,0,11,0.892,0.655,1.093,0.5,0.535,0.07,0
4934,76,0,10,1.016,0.583,0.7,0.0,0.238,0.361,0
4935,44,0,6,0.971,0.625,0.295,0.0,-0.415,0.045,0
4936,69,1,12,0.925,0.618,1.061,0.0,0.683,0.199,0
4937,55,0,11,0.85,0.652,0.991,0.25,0.291,0.283,0
4938,43,1,7,0.865,0.641,0.623,0.5,0.415,0.298,0
4939,76,1,4,0.729,0.622,0.681,0.0,0.449,0.101,0
4940,79,1,11,1.016,0.715,0.968,0.0,0.483,0.479,0
4941,68,0,7,0.892,0.534,0.362,0.75,0.023,0.272,0
4942,37,0,11,0.858,0.533,0.812,1.0,-0.037,0.397,0
4943,84,1,10,0.896,0.599,1.007,0.0,0.476,0.195,0
4944,62,0,6,0.699,0.623,0.903,0.0,0.343,0.039,0
4945,75,1,8,0.874,0.434,0.531,0.25,-0.079,0.319,0
4946,49,1,8,0.7,0.611,0.802,0.0,0.338,0.016,0
4947,56,0,8,0.954,0.612,0.564,0.0,0.037,0.085,0
4948,30,1,12,1.018,0.593,0.954,0.0,0.443,0.451,0
4949,44,0,12,1.164,0.597,0.991,0.0,0.5,0.469,0
4950,72,1,8,0.84,0.47,1.149,0.0,0.596,0.325,0
4951,33,1,9,0.826,0.655,0.936,0.5,0.769,0.006,0
4952,80,0,7,0.748,0.535,0.7,0.0,0.0,-0.09,0
4953,65,1,9,0.967,0.615,0.629,0.0,0.327,0.096,0
4954,46,0,3,0.93,0.501,0.601,1.0,0.097,0.193,0
4955,48,0,4,0.71,0.56,0.63,1.0,-0.039,-0.094,0
4956,70,0,9,0.838,0.625,0.632,0.0,0.344,0.16,0
4957,82,1,10,1.045,0.446,0.775,0.75,0.161,0.315,1
4958,38,1,5,1.23,0.642,0.531,0.5,0.242,0.495,0
4959,83,1,12,0.921,0.582,0.878,0.0,0.28,0.119,1
4960,62,1,10,1.031,0.472,0.637,0.0,-0.083,0.273,0
4961,53,0,4,0.894,0.49,0.418,0.0,-0.348,0.124,0
4962,63,0,11,0.943,0.623,0.842,0.75,0.587,0.137,0
4963,56,0,5,0.832,0.556,0.793,0.5,0.188,0.067,0
4964,37,0,6,0.907,0.689,0.792,0.0,0.331,0.181,0
4965,46,1,8,0.7,0.536,1.179,0.0,0.453,-0.307,0
4966,64,0,9,0.85,0.422,0.672,0.5,0.083,0.049,0
4967,53,0,10,0.846,0.587,1.029,0.0,0.735,0.319,0
4968,83,0,11,0.832,0.593,0.953,0.25,0.59,-0.114,0
4969,62,0,11,0.905,0.667,0.907,0.5,0.552,0.294,0
4970,54,1,6,0.925,0.562,0.77,0.5,0.611,0.112,0
4971,61,1,3,0.796,0.437,0.439,0.25,-0.114,0.256,0
4972,66,0,6,0.7,0.712,0.407,0.75,-0.046,-0.103,0
4973,40,1,10,0.739,0.596,0.413,0.0,-0.061,0.025,0
4974,50,0,10,1.129,0.55,0.874,0.25,0.192,0.621,0
4975,38,1,5,0.784,0.595,0.388,0.0,-0.208,0.121,0
4976,72,0,12,1.101,0.595,0.745,1.0,0.052,0.325,1
4977,83,0,3,0.854,0.612,0.248,0.25,-0.236,0.191,0
4978,79,1,4,0.709,0.507,0.69,0.25,0.315,-0.088,0
4979,60,1,5,0.915,0.563,0.821,0.0,0.181,0.351,0
4980,80,1,8,0.719,0.549,0.799,0.0,0.475,-0.052,0
4981,58,0,4,0.73,0.49,0.58,0.5,0.058,0.032,0
4982,80,0,8,0.823,0.646,0.861,0.0,0.41,-0.069,0
4983,69,0,6,0.709,0.617,0.814,0.0,0.526,0.331,1
4984,71,1,6,0.884,0.608,0.812,0.0,0.341,0.164,0
4985,39,0,9,0.791,0.527,0.7,0.0,0.285,0.035,0
4986,48,0,6,0.7,0.637,0.896,0.0,0.15,-0.099,0
4987,79,0,12,1.028,0.7,0.793,0.0,0.219,0.419,0
4988,81,0,8,0.929,0.456,0.875,0.0,0.66,0.173,1
4989,37,0,12,0.958,0.624,1.019,0.25,0.599,0.258,0
4990,66,0,9,0.845,0.559,0.893,0.75,0.289,-0.044,1
4991,64,0,8,0.7,0.633,0.749,0.5,0.489,0.057,0
4992,73,1,6,0.719,0.646,0.669,0.25,0.313,-0.004,0
4993,31,0,10,0.901,0.596,0.82,0.0,0.295,0.186,0
4994,74,1,8,0.825,0.475,0.762,0.0,0.374,0.141,0
4995,49,1,9,1.091,0.635,0.929,1.0,0.329,0.069,0
4996,67,1,11,0.714,0.571,0.57,0.75,0.303,-0.103,0
4997,49,1,12,1.126,0.489,0.667,0.0,-0.135,0.217,0
4998,33,0,10,1.086,0.515,0.743,0.5,0.085,0.357,0
4999,60,1,10,1.179,0.463,0.471,0.5,-0.148,0.4,0
5000,41,1,7,0.856,0.51,0.608,1.0,0.171,0.031,0
5001,66,1,10,0.979,0.593,0.69,0.0,0.181,0.218,0
5002,34,0,3,0.887,0.566,0.56,1.0,-0.194,0.037,0
5003,36,1,10,0.905,0.555,0.819,1.0,0.175,0.15,0
5004,66,1,10,0.942,0.497,0.845,0.0,0.135,0.191,0
5005,39,0,5,1.056,0.592,0.506,0.5,0.194,0.356,0
5006,56,0,3,0.753,0.51,0.799,0.0,0.228,-0.261,0
5007,61,0,3,0.607,0.702,0.364,0.5,-0.254,-0.227,0
5008,56,0,6,0.886,0.445,0.434,0.0,0.297,0.121,0
5009,36,1,11,0.903,0.607,1.023,0.5,0.5,0.097,0
5010,76,1,11,0.826,0.612,0.826,0.0,0.308,0.034,0
5011,59,0,11,0.901,0.623,0.862,0.0,0.405,0.337,0
5012,58,1,11,1.08,0.544,0.758,0.25,-0.074,0.488,0
5013,69,0,11,0.779,0.529,0.589,0.0,0.043,0.197,0
5014,64,0,5,0.883,0.583,0.302,0.0,-0.53,0.078,0
5015,53,1,11,1.073,0.541,1.036,0.0,0.705,0.163,0
5016,34,1,3,0.7,0.622,0.818,0.0,0.69,0.061,0
5017,59,1,9,0.88,0.482,0.646,1.0,0.137,0.171,0
5018,81,0,4,0.783,0.477,0.544,0.0,0.01,0.19,0
5019,36,0,3,0.845,0.669,0.694,0.0,0.075,0.091,0
5020,54,1,8,0.75,0.587,0.746,0.75,0.168,0.024,0
5021,65,1,10,1.043,0.65,0.949,0.5,0.377,0.396,0
5022,35,1,7,0.906,0.532,0.634,0.75,-0.035,-0.021,0
5023,41,0,3,0.763,0.626,0.726,0.5,0.226,-0.03,0
5024,54,0,8,0.868,0.642,0.662,0.0,0.336,0.167,0
5025,73,0,12,0.931,0.619,1.002,0.0,0.344,0.107,0
5026,79,1,3,0.675,0.709,0.375,0.5,0.051,-0.13,0
5027,75,1,7,0.996,0.393,0.639,1.0,0.301,0.217,1
5028,82,1,6,0.888,0.512,0.856,0.0,0.178,0.023,0
5029,48,1,12,0.961,0.596,1.062,0.0,0.424,0.209,0
5030,77,0,6,1.022,0.51,0.893,0.0,0.336,0.301,0
5031,79,0,9,1.08,0.549,0.888,0.5,0.415,0.555,0
5032,34,0,11,0.991,0.595,0.7,0.0,0.407,0.077,0
5033,72,1,11,0.972,0.533,0.726,0.5,0.492,0.168,0
5034,46,0,11,0.764,0.614,0.599,0.5,0.112,-0.017,0
5035,58,0,5,0.891,0.526,0.77,0.25,0.344,0.197,0
5036,30,0,3,0.854,0.64,0.502,0.5,0.284,0.254,0
5037,55,0,9,0.944,0.532,0.749,0.0,0.155,0.152,0
5038,42,0,5,0.861,0.545,0.674,0.5,0.018,0.161,0
5039,60,1,6,0.936,0.517,0.744,0.0,0.385,0.178,0
5040,57,0,11,1.074,0.438,0.861,0.0,0.314,-0.019,0
5041,34,0,8,0.792,0.441,0.914,0.75,0.214,-0.02,0
5042,48,1,7,0.702,0.628,0.663,1.0,0.283,-0.062,0
5043,44,1,7,0.72,0.529,0.723,0.0,0.036,-0.101,0
5044,63,1,3,0.714,0.645,0.448,0.25,-0.333,0.166,0
5045,49,0,10,0.79,0.628,0.666,0.0,0.06,0.043,0
5046,33,0,6,0.972,0.59,0.577,0.25,0.098,0.305,0
5047,59,1,3,0.582,0.459,0.762,0.0,0.558,-0.377,0
5048,45,1,7,1.109,0.6,0.734,0.75,0.332,0.235,0
5049,68,1,11,0.945,0.565,0.868,0.25,0.391,0.238,0
5050,72,0,4,0.7,0.505,0.4,0.75,0.077,0.168,0
5051,60,1,10,0.97,0.509,0.685,0.0,0.082,0.257,0
5052,60,1,4,0.711,0.592,0.476,0.0,0.046,-0.018,0
5053,58,0,6,0.832,0.495,0.474,0.0,0.053,0.078,0
5054,31,1,4,0.928,0.626,0.27,0.0,-0.099,0.249,0
5055,50,1,3,1.094,0.621,0.46,0.0,0.109,0.254,0
5056,34,0,4,0.641,0.611,0.541,0.25,0.092,-0.211,0
5057,62,1,8,0.695,0.756,0.667,1.0,0.354,-0.112,0
5058,69,0,7,0.689,0.667,0.803,0.0,0.321,-0.102,0
5059,50,0,7,0.935,0.566,0.769,0.5,0.137,0.369,0
5060,77,0,9,0.812,0.451,0.685,0.5,0.488,-0.163,0
5061,74,0,9,0.803,0.454,0.688,1.0,0.08,-0.069,0
5062,32,0,9,0.983,0.68,0.699,0.0,0.186,0.125,0
5063,47,1,8,0.92,0.614,0.671,0.25,0.557,0.008,0
5064,65,0,3,0.76,0.564,0.9,0.25,0.288,0.157,0
5065,44,0,10,0.829,0.57,0.806,0.5,0.278,0.131,0
5066,43,1,12,0.952,0.557,0.975,0.0,0.778,0.271,0
5067,53,0,5,0.597,0.552,0.349,0.0,0.203,-0.352,0
5068,63,0,12,0.855,0.45,0.722,0.25,0.097,0.09,0
5069,38,0,10,1.09,0.549,0.677,0.5,0.298,0.342,0
5070,43,1,9,0.994,0.578,0.832,0.5,0.203,0.213,0
5071,43,0,8,0.843,0.545,0.875,0.0,0.222,0.145,0
5072,72,1,3,0.879,0.621,0.573,0.0,0.054,0.238,0
5073,41,1,12,1.024,0.579,0.987,0.5,0.289,0.034,0
5074,63,0,4,1.077,0.537,0.391,0.0,0.07,0.5,0
5075,54,0,11,0.879,0.492,0.986,0.75,0.551,0.378,0
5076,41,0,5,0.7,0.527,0.785,0.0,0.381,0.041,0
5077,42,0,11,1.046,0.592,0.983,0.0,0.46,0.338,0
5078,76,0,12,0.86,0.586,0.7,0.0,0.31,0.106,0
5079,75,1,5,0.827,0.791,0.709,0.0,0.368,0.129,0
5080,64,1,3,0.7,0.551,0.559,0.0,-0.136,-0.094,0
5081,51,0,11,1.062,0.559,1.104,1.0,0.755,0.265,0
5082,42,1,11,1.017,0.483,0.821,0.0,0.629,0.317,0
5083,72,1,11,0.944,0.491,0.959,0.5,0.538,0.063,0
5084,50,1,10,0.857,0.582,0.631,0.0,-0.001,0.072,0
5085,64,0,3,0.866,0.642,0.724,1.0,0.271,-0.026,0
5086,66,0,5,0.658,0.725,0.654,0.25,0.442,0.054,0
5087,83,1,4,0.753,0.527,0.614,0.0,0.108,0.053,0
5088,82,0,6,0.829,0.606,0.604,1.0,0.305,-0.032,0
5089,74,0,11,0.911,0.604,1.009,1.0,0.355,0.195,0
5090,80,1,9,0.967,0.595,0.578,0.0,0.332,0.284,0
5091,84,0,6,0.768,0.558,0.911,0.25,0.257,0.064,1
5092,53,0,9,1.1,0.61,0.877,0.0,0.251,0.342,0
5093,65,0,11,1.028,0.456,0.721,0.25,0.373,0.098,0
5094,76,1,10,0.916,0.466,0.707,0.0,0.192,-0.043,0
5095,75,0,7,0.775,0.594,0.414,1.0,-0.342,-0.257,0
5096,68,1,5,0.716,0.635,0.413,0.0,0.069,-0.015,0
5097,45,1,10,0.827,0.315,0.857,0.25,0.281,-0.213,0
5098,84,0,4,0.798,0.576,0.546,0.25,0.026,-0.03,0
5099,72,0,7,0.828,0.515,1.023,0.0,0.499,-0.029,0
5100,70,1,10,0.972,0.624,0.929,0.0,0.214,0.062,0
5101,49,1,12,1.17,0.52,1.09,1.0,0.429,0.492,0
5102,54,0,12,0.96,0.702,0.727,0.0,0.175,0.065,0
5103,64,1,11,0.836,0.632,0.852,0.0,0.218,0.171,0
5104,53,1,9,0.716,0.564,0.744,0.0,0.418,0.024,0
5105,72,0,9,0.848,0.509,0.7,0.5,0.183,0.016,0
5106,57,1,6,0.839,0.526,0.609,0.0,0.086,0.267,0
5107,36,0,10,0.701,0.409,0.986,0.5,0.62,-0.023,0
5108,74,1,11,0.909,0.533,0.93,0.5,0.444,0.039,0
5109,53,1,3,0.91,0.722,0.924,0.0,0.33,0.089,0
5110,52,0,3,0.972,0.797,0.499,0.25,0.107,0.303,0
5111,62,1,6,0.958,0.612,0.761,0.5,0.575,0.322,0
5112,44,1,8,1.12,0.617,0.874,0.5,0.376,0.265,0
5113,37,1,6,0.939,0.771,0.917,0.0,0.548,0.088,0
5114,35,1,12,1.123,0.588,1.06,0.0,0.574,0.391,0
5115,33,1,12,1.158,0.522,0.858,0.0,0.326,0.404,0
5116,35,1,8,0.885,0.552,0.7,0.0,0.391,0.016,0
5117,36,1,11,0.915,0.515,0.833,0.25,0.15,0.064,0
5118,78,1,12,1.1,0.433,0.774,0.75,0.308,0.458,0
5119,83,1,11,1.048,0.599,0.891,0.5,0.433,0.452,1
5120,60,1,8,1.047,0.624,0.533,0.75,-0.022,0.221,0
5121,65,1,6,1.031,0.7,0.321,0.0,-0.25,0.244,0
5122,52,1,12,0.862,0.7,1.266,0.5,0.714,-0.046,0
5123,37,0,5,0.689,0.555,0.548,0.0,0.095,0.039,0
5124,52,0,9,0.907,0.616,0.794,0.0,0.461,0.125,0
5125,45,0,3,0.732,0.409,0.303,0.0,-0.137,-0.126,0
5126,32,0,7,0.898,0.467,0.7,0.0,-0.021,0.194,0
5127,36,0,9,1.12,0.625,1.066,0.0,1.061,0.42,0
5128,80,1,6,0.65,0.55,0.593,0.75,-0.107,-0.053,1
5129,41,0,5,0.929,0.538,0.7,0.25,0.121,0.188,0
5130,40,0,7,1.008,0.626,0.503,0.0,0.184,0.203,0
5131,51,1,4,0.728,0.504,0.766,0.25,0.283,-0.264,0
5132,42,0,11,0.985,0.494,0.813,0.25,0.35,0.199,0
5133,82,1,12,1.059,0.639,0.91,0.75,0.233,0.152,1
5134,35,0,11,0.955,0.686,0.759,0.75,0.204,0.028,0
5135,78,1,5,0.7,0.555,0.776,0.5,0.793,-0.111,1
5136,71,0,4,0.96,0.66,0.453,0.0,0.086,0.303,0
5137,73,0,12,1.043,0.502,1.057,0.0,0.572,0.408,0
5138,62,0,6,0.776,0.665,0.869,0.0,0.26,-0.089,0
5139,73,0,9,0.979,0.532,0.408,0.25,0.186,0.149,0
5140,59,0,8,0.7,0.64,0.683,0.5,-0.054,-0.033,0
5141,45,1,5,0.829,0.658,0.553,0.0,0.07,0.297,0
5142,49,1,7,0.716,0.661,0.821,0.0,0.4,-0.051,0
5143,50,1,9,0.907,0.678,0.935,0.0,0.408,0.218,0
5144,51,0,10,0.816,0.738,0.564,0.75,-0.066,0.153,0
5145,53,1,4,0.85,0.57,0.443,0.0,-0.201,0.108,0
5146,45,1,11,0.884,0.462,0.881,0.25,0.222,0.178,0
5147,58,1,11,1.077,0.591,0.974,0.75,0.768,0.371,0
5148,34,0,12,0.978,0.565,0.922,0.0,0.417,0.258,0
5149,36,1,9,0.841,0.371,0.69,0.25,0.122,0.078,0
5150,67,1,3,1.078,0.69,0.643,0.0,-0.013,0.458,0
5151,46,0,6,0.855,0.542,0.951,0.0,0.653,0.054,0
5152,72,1,6,0.698,0.7,0.691,0.25,0.26,-0.088,0
5153,54,1,4,0.621,0.625,0.576,0.0,-0.084,-0.336,0
5154,45,1,11,0.796,0.583,0.883,1.0,0.331,-0.176,0
5155,61,1,5,0.761,0.507,0.691,0.75,0.054,-0.001,0
5156,54,0,11,0.997,0.584,0.95,0.75,0.502,0.168,0
5157,51,0,5,0.801,0.585,0.371,0.0,-0.241,0.17,0
5158,83,0,7,0.949,0.447,0.801,0.25,0.466,0.139,0
5159,69,1,6,0.84,0.499,0.74,0.5,0.175,-0.081,0
5160,61,0,10,1.0,0.631,1.036,0.0,0.428,0.309,0
5161,73,1,12,0.818,0.516,0.754,0.25,0.576,0.187,0
5162,73,1,7,0.972,0.542,0.733,0.25,0.365,0.216,0
5163,38,1,10,0.779,0.634,0.7,0.25,0.217,0.021,0
5164,51,1,7,0.827,0.679,0.539,0.0,-0.023,-0.064,0
5165,35,1,10,0.779,0.644,0.998,0.0,0.403,0.072,0
5166,84,0,9,1.075,0.555,0.815,0.0,0.348,0.391,1
5167,58,1,12,0.875,0.556,1.005,0.5,0.63,0.073,0
5168,83,1,3,0.702,0.615,0.465,0.75,0.145,-0.289,1
5169,39,0,8,0.921,0.573,0.559,0.25,0.059,0.118,0
5170,45,1,3,0.824,0.59,0.476,0.5,-0.078,0.233,0
5171,73,1,11,1.032,0.517,0.87,0.75,0.751,0.248,0
5172,39,0,11,0.799,0.584,0.952,0.0,0.664,0.264,0
5173,77,1,4,0.923,0.591,0.353,0.0,-0.022,0.213,0
5174,52,1,5,0.882,0.654,0.594,0.25,-0.154,-0.003,0
5175,83,0,9,0.809,0.546,0.484,0.0,0.016,0.031,0
5176,84,0,11,1.012,0.584,0.874,1.0,0.376,0.167,1
5177,63,0,4,0.631,0.711,0.676,1.0,0.03,-0.226,0
5178,34,1,3,0.873,0.638,0.469,0.0,-0.005,0.18,0
5179,53,1,9,0.913,0.509,0.459,0.0,0.219,0.291,0
5180,51,1,5,0.904,0.6,0.401,0.0,-0.266,0.236,0
5181,37,0,11,0.793,0.608,0.775,0.0,0.255,-0.016,0
5182,82,0,3,0.862,0.738,0.575,1.0,0.239,0.221,1
5183,58,0,3,0.802,0.681,0.463,0.0,0.113,0.145,0
5184,53,1,4,0.763,0.467,0.642,0.0,0.099,0.089,0
5185,35,1,9,0.778,0.602,0.702,0.0,0.299,0.057,0
5186,48,1,8,0.945,0.474,0.865,1.0,0.23,0.369,0
5187,47,0,3,0.819,0.584,0.67,0.0,0.005,0.041,0
5188,71,1,3,0.903,0.641,0.293,0.0,-0.16,0.062,0
5189,45,0,12,0.856,0.494,0.822,0.0,0.281,-0.054,0
5190,71,1,10,0.905,0.57,0.744,0.0,0.215,-0.002,0
5191,52,0,8,0.8,0.495,0.531,0.75,0.211,0.042,0
5192,58,1,7,0.801,0.587,0.493,0.0,-0.234,-0.072,0
5193,80,0,5,1.051,0.507,0.438,0.0,-0.089,0.38,0
5194,54,0,6,0.783,0.593,0.951,0.0,0.484,0.083,0
5195,57,1,8,0.891,0.509,0.794,0.0,0.285,-0.014,0
5196,73,1,7,0.83,0.581,0.741,0.0,0.134,-0.083,0
5197,80,0,8,0.578,0.71,0.532,0.25,0.074,-0.331,0
5198,71,1,6,1.086,0.623,0.225,1.0,-0.254,0.079,0
5199,33,0,12,1.03,0.521,0.721,0.0,0.048,0.422,0
5200,78,1,8,1.021,0.616,0.878,0.75,0.425,0.38,0
5201,69,1,3,0.7,0.713,0.585,0.0,-0.211,-0.037,0
5202,83,0,12,0.759,0.496,0.626,0.5,0.274,-0.11,1
5203,51,1,9,0.821,0.558,0.675,0.0,0.336,0.142,0
5204,65,0,8,0.918,0.587,0.5,0.5,-0.016,-0.15,0
5205,81,0,10,0.906,0.388,0.932,0.0,0.383,0.103,0
5206,45,0,12,0.961,0.426,0.9,0.25,0.41,0.247,0
5207,75,0,12,0.911,0.463,0.893,0.5,0.725,0.133,0
5208,71,1,4,0.848,0.569,0.666,0.0,0.014,-0.036,0
5209,56,1,10,0.843,0.567,0.881,0.5,0.337,0.143,0
5210,43,0,9,0.97,0.456,0.853,0.0,0.32,0.278,0
5211,44,1,4,0.752,0.51,0.638,0.0,0.205,0.07,0
5212,40,0,10,0.977,0.7,0.743,0.75,0.275,0.137,0
5213,39,1,5,0.884,0.538,0.574,0.0,0.17,0.152,0
5214,52,1,7,0.885,0.644,0.412,0.75,0.296,0.065,0
5215,32,1,3,0.743,0.484,0.702,1.0,0.212,-0.083,0
5216,55,1,3,0.75,0.484,0.436,0.25,-0.077,0.258,0
5217,54,1,6,1.056,0.601,0.678,0.25,0.133,0.164,0
5218,39,1,5,0.649,0.573,0.586,0.5,-0.173,-0.096,0
5219,65,1,12,0.769,0.563,0.761,1.0,0.148,-0.002,0
5220,52,1,3,0.758,0.519,0.486,1.0,-0.247,0.103,0
5221,47,0,7,0.985,0.63,0.849,0.25,0.202,0.243,0
5222,64,1,4,0.812,0.488,0.555,0.75,0.534,0.097,0
5223,71,0,3,0.706,0.504,0.56,0.0,0.051,-0.05,0
5224,42,0,6,0.835,0.569,0.797,1.0,0.488,-0.027,0
5225,51,0,5,0.774,0.742,0.527,0.0,0.156,-0.195,0
5226,43,0,5,0.777,0.703,0.675,0.25,0.496,-0.152,0
5227,84,1,10,1.059,0.592,0.906,0.0,0.168,0.2,0
5228,51,0,8,0.877,0.519,0.631,0.0,0.157,0.345,0
5229,67,1,7,0.771,0.523,0.782,1.0,0.262,0.251,0
5230,65,0,3,0.647,0.724,0.634,0.25,0.146,-0.043,0
5231,39,0,9,0.939,0.58,0.728,0.75,0.266,0.128,0
5232,42,1,11,1.062,0.649,1.005,0.5,0.491,0.308,0
5233,34,0,5,0.521,0.642,0.721,0.0,0.186,-0.006,0
5234,54,0,3,0.844,0.689,0.55,0.0,-0.075,0.232,0
5235,74,0,3,0.769,0.61,0.388,0.25,-0.145,0.045,0
5236,30,0,3,0.76,0.589,0.377,0.0,-0.061,0.2,0
5237,61,0,4,0.82,0.518,0.581,0.25,0.133,0.176,0
5238,32,1,10,0.888,0.551,0.741,0.0,0.564,-0.026,0
5239,71,0,6,0.847,0.565,0.668,0.0,0.38,0.057,0
5240,65,0,12,0.894,0.7,0.799,0.0,0.149,0.222,0
5241,68,0,11,0.906,0.533,0.89,1.0,0.35,0.322,0
5242,32,1,4,0.716,0.714,0.767,0.0,0.131,0.176,0
5243,47,1,6,0.719,0.476,0.523,0.5,-0.125,0.058,0
5244,49,0,5,0.765,0.57,0.793,0.25,0.457,-0.132,0
5245,33,1,11,0.789,0.535,0.828,0.0,0.419,0.082,0
5246,66,0,12,0.99,0.542,0.653,0.25,0.112,0.26,0
5247,70,1,11,0.744,0.513,1.007,1.0,0.82,0.157,0
5248,51,1,5,0.892,0.672,0.837,0.25,0.259,0.08,0
5249,72,1,11,0.883,0.352,0.917,0.0,0.269,0.132,0
5250,84,0,7,1.167,0.726,0.858,1.0,0.56,0.467,1
5251,46,1,4,0.679,0.657,0.627,0.75,0.018,-0.01,0
5252,60,0,11,0.7,0.532,1.067,0.75,0.549,0.045,0
5253,78,0,3,0.777,0.53,0.585,0.5,-0.04,-0.011,0
5254,78,0,11,1.002,0.596,0.789,0.25,0.351,0.302,0
5255,65,0,7,0.79,0.632,0.641,0.0,0.256,-0.001,0
5256,37,0,12,1.138,0.584,1.125,0.0,0.803,0.204,0
5257,43,0,11,0.962,0.7,0.787,0.25,0.439,0.236,0
5258,83,1,5,0.752,0.376,0.592,1.0,0.078,0.153,1
5259,66,1,10,1.053,0.613,0.855,0.0,0.552,0.514,0
5260,56,0,3,0.913,0.569,0.7,0.0,0.0,0.212,0
5261,30,0,12,0.937,0.552,0.875,0.25,0.495,-0.073,0
5262,78,1,7,1.006,0.614,0.748,0.0,0.193,0.306,0
5263,60,1,8,0.692,0.51,0.721,0.5,0.056,0.066,0
5264,35,1,9,0.74,0.613,0.653,0.0,0.161,-0.008,0
5265,64,1,6,0.863,0.573,0.181,0.0,0.026,0.172,0
5266,65,1,3,0.7,0.671,0.532,0.0,-0.063,0.084,0
5267,41,0,7,0.982,0.628,0.767,0.0,0.073,0.304,0
5268,63,1,8,0.7,0.566,0.714,0.0,0.247,-0.223,0
5269,54,1,11,0.918,0.519,0.849,0.25,0.646,0.367,0
5270,68,1,9,0.917,0.524,0.774,0.75,0.101,0.326,1
5271,83,1,9,0.884,0.602,1.043,0.0,0.434,0.054,0
5272,35,0,5,0.882,0.641,0.668,0.0,0.133,0.233,0
5273,68,1,4,0.792,0.551,0.535,0.0,0.166,0.111,0
5274,59,1,7,0.733,0.78,0.635,0.0,0.173,-0.055,0
5275,44,0,6,0.915,0.581,0.513,0.0,0.383,0.227,0
5276,38,1,11,1.098,0.616,0.999,0.0,0.387,0.423,0
5277,65,1,5,0.893,0.56,0.616,0.75,0.253,0.279,0
5278,74,1,6,0.7,0.691,0.353,0.0,-0.279,-0.154,0
5279,56,1,12,0.913,0.517,1.252,0.25,0.6,0.085,0
5280,42,1,5,0.749,0.607,0.585,0.25,0.224,-0.237,0
5281,61,1,4,0.916,0.567,0.404,1.0,-0.201,0.141,0
5282,33,0,6,0.852,0.689,0.799,0.0,0.157,0.114,0
5283,68,1,4,0.856,0.532,0.735,0.0,0.053,0.443,0
5284,76,1,6,0.654,0.384,0.735,0.0,0.221,0.071,0
5285,35,0,9,0.891,0.479,0.873,0.5,0.338,0.105,0
5286,52,0,12,1.058,0.523,0.886,0.0,0.785,0.122,0
5287,71,0,12,1.18,0.49,0.937,0.0,0.553,0.375,0
5288,45,0,5,0.752,0.654,0.448,0.0,-0.054,-0.137,0
5289,44,0,7,0.941,0.504,0.826,0.0,0.119,0.231,0
5290,40,0,10,1.032,0.507,0.818,0.25,0.241,0.066,0
5291,35,1,10,0.82,0.45,0.7,0.0,0.352,0.316,0
5292,37,1,12,0.86,0.602,0.951,0.0,0.425,0.051,0
5293,65,0,11,0.908,0.439,0.81,0.5,0.456,0.384,0
5294,70,1,10,0.837,0.513,0.7,0.75,0.224,0.137,0
5295,72,1,9,0.842,0.609,0.828,0.0,0.052,-0.017,0
5296,49,0,3,0.767,0.572,0.7,0.0,0.212,-0.012,0
5297,43,0,5,0.675,0.772,0.653,0.5,0.409,-0.022,0
5298,55,1,6,1.065,0.485,0.577,0.5,0.059,0.081,0
5299,33,0,6,0.743,0.449,0.66,0.0,0.114,-0.147,0
5300,33,0,9,0.839,0.583,0.487,0.0,-0.205,0.134,0
5301,66,0,3,0.7,0.728,0.704,0.25,0.112,-0.271,0
5302,57,0,6,0.867,0.557,0.592,0.25,0.149,-0.02,0
5303,74,0,9,0.825,0.734,0.897,1.0,0.751,0.19,0
5304,39,1,5,0.694,0.607,0.789,0.0,0.362,-0.251,0
5305,78,1,3,0.835,0.6,0.803,0.25,0.581,0.219,0
5306,37,1,12,1.009,0.606,0.98,0.0,0.696,0.208,0
5307,65,1,9,0.845,0.67,0.463,0.0,-0.179,0.038,0
5308,36,0,8,0.949,0.588,0.567,0.0,0.206,0.211,0
5309,80,1,12,0.922,0.611,0.977,0.0,0.381,0.191,0
5310,64,0,7,1.07,0.537,0.726,1.0,0.244,0.406,0
5311,81,1,5,0.7,0.549,0.696,0.25,0.404,-0.119,0
5312,45,0,11,0.989,0.626,0.88,0.0,0.035,0.145,0
5313,55,0,9,0.81,0.589,0.996,0.0,0.669,0.074,0
5314,48,0,12,1.158,0.551,1.103,1.0,0.747,0.09,0
5315,43,1,10,0.965,0.51,0.72,0.75,0.305,0.373,0
5316,60,1,10,0.957,0.649,1.175,0.0,0.981,0.227,0
5317,76,1,7,0.832,0.624,0.672,0.0,0.231,-0.068,0
5318,79,0,9,1.019,0.569,0.513,0.25,-0.107,0.143,0
5319,83,1,8,0.766,0.73,0.825,0.25,0.245,-0.1,0
5320,82,0,7,0.911,0.634,0.288,0.0,-0.026,0.043,0
5321,51,1,12,0.962,0.586,0.984,0.0,0.299,0.29,0
5322,33,0,7,1.023,0.468,0.605,1.0,-0.03,0.368,0
5323,31,0,8,0.819,0.574,0.859,0.0,0.566,0.006,0
5324,47,0,10,0.951,0.573,0.581,0.5,0.154,0.207,0
5325,83,1,5,0.788,0.603,0.7,0.0,0.503,-0.0,0
5326,32,1,4,0.739,0.625,0.748,0.5,0.199,0.085,0
5327,72,0,9,0.991,0.521,0.71,0.0,0.425,0.097,0
5328,40,1,4,0.965,0.775,0.625,1.0,-0.003,0.344,0
5329,55,1,10,0.801,0.473,0.612,0.0,0.61,-0.134,0
5330,35,0,7,0.814,0.686,0.489,0.0,0.173,0.166,0
5331,42,0,6,1.042,0.652,0.413,0.0,-0.172,0.411,0
5332,32,1,11,0.955,0.586,0.943,0.0,0.533,0.071,0
5333,53,1,9,0.974,0.596,0.604,0.5,0.003,0.266,0
5334,82,0,9,0.967,0.512,0.879,1.0,0.443,0.218,1
5335,75,0,3,0.719,0.647,0.189,0.25,-0.201,0.213,0
5336,72,1,8,0.953,0.544,0.76,0.0,0.096,0.215,0
5337,63,1,8,0.785,0.608,0.804,0.25,0.481,0.187,0
5338,75,1,11,0.999,0.495,0.928,0.0,0.524,0.187,0
5339,56,1,5,0.825,0.57,0.538,0.0,0.174,0.146,0
5340,64,1,7,0.836,0.617,0.955,0.0,0.129,0.035,0
5341,82,1,12,0.935,0.551,0.964,0.0,0.598,-0.046,0
5342,73,0,10,1.097,0.566,0.958,0.0,0.729,0.16,0
5343,77,1,5,1.047,0.745,0.657,1.0,0.374,0.391,1
5344,54,0,9,0.656,0.599,0.815,0.5,0.266,-0.195,0
5345,41,0,8,0.914,0.536,0.406,0.25,0.138,-0.062,0
5346,52,1,9,1.228,0.651,0.81,0.75,0.306,0.4,0
5347,54,0,8,0.66,0.567,0.7,0.5,0.203,-0.222,0
5348,48,0,9,1.019,0.667,0.542,1.0,0.091,0.231,0
5349,32,0,4,0.825,0.699,0.539,0.0,-0.152,-0.117,0
5350,41,1,9,1.014,0.51,0.729,0.75,0.319,0.36,0
5351,48,1,7,0.673,0.449,0.737,0.0,0.272,-0.018,0
5352,79,1,11,1.099,0.626,0.457,0.0,-0.203,0.333,0
5353,61,0,10,0.763,0.507,1.003,0.0,0.426,0.013,0
5354,51,0,11,0.938,0.48,0.981,0.25,0.63,0.343,0
5355,69,1,12,0.989,0.485,1.239,1.0,0.552,0.192,0
5356,80,1,5,0.814,0.693,0.569,0.5,-0.144,-0.092,0
5357,56,1,8,0.828,0.568,0.779,1.0,0.407,0.172,0
5358,53,1,7,1.058,0.496,0.885,0.0,0.185,0.222,0
5359,73,1,10,1.066,0.7,0.786,1.0,0.427,0.093,0
5360,76,1,12,1.152,0.579,0.785,0.0,0.071,0.542,0
5361,47,0,8,0.835,0.541,0.84,0.0,0.277,0.0,0
5362,66,0,5,0.817,0.533,0.701,0.5,0.184,0.127,0
5363,77,0,6,0.837,0.483,0.446,0.75,0.265,0.271,0
5364,34,0,7,0.945,0.589,0.996,0.0,0.574,0.245,0
5365,83,1,12,0.851,0.565,0.923,0.0,0.301,0.109,0
5366,50,0,10,0.937,0.637,0.871,0.25,0.337,0.141,0
5367,71,1,8,0.71,0.623,0.796,1.0,0.41,-0.198,0
5368,51,1,4,0.839,0.525,0.389,1.0,-0.223,0.191,1
5369,73,1,12,0.998,0.515,0.45,0.25,-0.093,0.188,0
5370,41,0,11,0.959,0.464,0.983,0.0,0.637,0.087,0
5371,67,1,7,0.807,0.69,0.65,0.0,0.1,-0.114,0
5372,70,1,7,0.846,0.494,0.767,0.0,0.091,0.213,0
5373,34,0,9,1.152,0.666,0.755,0.0,0.364,0.451,0
5374,68,0,12,1.127,0.604,0.7,0.0,0.244,0.328,0
5375,67,1,7,0.959,0.546,0.745,0.0,0.463,0.188,0
5376,81,0,4,0.928,0.518,0.403,0.0,-0.277,0.088,0
5377,36,0,11,0.873,0.628,0.982,0.0,0.607,0.297,0
5378,75,0,9,0.814,0.665,0.846,0.25,0.355,0.027,0
5379,36,1,8,0.871,0.681,1.03,0.5,0.557,0.161,0
5380,57,0,5,0.613,0.723,0.694,0.0,0.258,-0.256,0
5381,73,1,6,0.745,0.509,0.845,0.25,0.274,-0.08,0
5382,56,0,9,1.019,0.411,0.667,0.5,0.484,0.407,0
5383,73,1,11,0.846,0.618,1.075,0.25,0.347,0.168,0
5384,33,0,4,0.928,0.582,0.814,0.0,0.562,0.077,0
5385,59,1,6,0.826,0.515,0.878,0.0,0.723,0.156,0
5386,47,0,6,0.97,0.444,0.719,0.0,0.166,0.216,0
5387,48,1,10,0.933,0.583,0.63,0.75,-0.098,0.162,0
5388,83,1,11,0.7,0.572,0.84,0.0,0.14,-0.115,0
5389,41,1,5,0.98,0.675,0.393,0.0,-0.307,0.264,0
5390,72,0,9,0.542,0.465,0.642,0.25,0.122,-0.305,0
5391,81,0,3,0.801,0.627,0.586,0.0,0.27,0.132,0
5392,65,1,9,0.883,0.636,0.943,0.0,0.556,0.111,0
5393,65,1,3,0.653,0.452,0.695,0.5,-0.005,-0.16,0
5394,61,0,11,0.888,0.535,0.842,0.0,0.386,0.05,0
5395,60,1,8,0.848,0.683,1.164,0.0,0.464,0.025,0
5396,33,1,6,0.664,0.7,0.502,0.0,-0.072,0.0,0
5397,59,0,8,0.954,0.577,0.498,1.0,-0.035,0.32,0
5398,52,0,5,0.799,0.61,0.304,0.25,-0.175,0.215,0
5399,42,1,7,0.929,0.556,0.75,0.25,-0.057,0.226,0
5400,73,1,8,1.044,0.754,0.838,0.0,0.322,0.242,0
5401,57,0,3,0.864,0.632,0.606,0.0,0.118,0.164,0
5402,38,1,10,1.138,0.581,0.699,0.75,0.307,0.449,0
5403,33,1,12,0.701,0.462,1.014,0.25,0.441,-0.086,0
5404,76,0,3,0.747,0.581,0.693,0.0,0.342,0.061,0
5405,75,1,4,0.709,0.7,0.622,1.0,-0.199,-0.079,0
5406,76,0,10,0.931,0.521,0.869,0.0,0.398,0.279,0
5407,63,1,7,1.089,0.463,0.63,0.0,0.228,0.578,0
5408,44,1,8,0.782,0.566,0.688,0.0,0.251,-0.061,0
5409,32,1,9,0.979,0.623,0.926,0.0,0.481,0.23,0
5410,50,0,11,1.104,0.438,0.855,1.0,0.535,0.24,0
5411,64,1,3,0.937,0.609,0.625,0.0,0.427,0.291,0
5412,60,0,10,0.763,0.783,0.718,1.0,0.018,-0.041,0
5413,54,0,3,0.773,0.74,0.596,0.0,0.055,-0.048,0
5414,73,1,6,0.86,0.55,0.449,0.0,0.107,0.025,0
5415,43,1,9,0.797,0.7,0.565,0.5,0.075,0.282,0
5416,44,0,5,0.664,0.605,0.653,0.0,0.327,-0.162,0
5417,40,1,3,0.923,0.564,0.421,0.25,0.215,0.158,0
5418,74,1,8,0.909,0.512,1.025,0.0,0.47,0.147,0
5419,67,1,9,0.942,0.598,1.008,0.0,0.623,0.106,1
5420,69,1,5,0.947,0.551,0.262,0.0,-0.379,0.084,0
5421,51,1,4,0.91,0.59,0.407,1.0,-0.285,0.272,0
5422,84,0,4,0.861,0.617,0.324,0.0,-0.112,0.18,0
5423,60,0,7,0.695,0.472,0.925,0.5,0.298,-0.101,0
5424,38,1,10,1.079,0.552,0.813,0.0,0.197,0.16,0
5425,56,1,11,1.042,0.676,0.792,0.0,0.217,0.292,0
5426,37,0,6,0.838,0.678,0.732,1.0,0.602,0.024,0
5427,37,0,5,0.967,0.557,0.623,1.0,0.282,0.097,0
5428,35,1,12,1.008,0.613,1.009,0.0,0.628,0.192,0
5429,78,0,6,0.821,0.608,0.651,0.0,0.131,0.002,0
5430,61,0,8,1.02,0.569,0.531,0.25,0.404,0.32,0
5431,44,0,7,0.907,0.701,0.773,0.75,0.228,0.215,0
5432,65,0,8,0.958,0.679,0.718,0.5,0.465,0.048,0
5433,37,0,7,0.881,0.524,0.476,0.25,0.173,0.329,0
5434,50,0,3,1.091,0.439,0.689,0.75,0.351,0.202,0
5435,50,1,11,1.068,0.559,0.577,0.25,-0.106,0.201,0
5436,43,1,12,1.014,0.58,0.938,0.0,0.732,0.314,0
5437,36,0,9,0.718,0.715,0.789,0.5,0.349,0.192,0
5438,51,1,3,0.64,0.609,0.816,1.0,0.318,-0.047,0
5439,72,1,4,0.709,0.549,0.607,0.25,0.293,-0.035,0
5440,80,1,11,1.023,0.55,0.997,0.75,0.514,0.394,1
5441,34,1,8,0.7,0.685,0.766,0.0,0.432,-0.142,0
5442,69,0,12,0.869,0.384,1.157,0.0,0.691,0.144,0
5443,51,1,11,0.971,0.411,0.656,0.25,0.332,0.145,0
5444,38,0,10,0.682,0.465,0.865,0.25,0.824,-0.226,0
5445,75,1,7,0.838,0.545,0.759,0.25,0.276,0.1,0
5446,70,0,8,0.764,0.489,0.501,0.0,-0.15,-0.069,0
5447,73,1,4,0.791,0.593,0.51,0.5,-0.12,0.035,0
5448,46,1,4,0.883,0.633,0.847,0.0,0.401,0.225,0
5449,57,1,4,0.842,0.391,0.585,0.0,0.276,0.138,0
5450,62,1,12,1.027,0.567,1.258,0.0,0.669,0.522,0
5451,68,1,5,0.725,0.607,0.398,0.25,-0.302,0.011,0
5452,73,1,6,0.725,0.645,0.539,1.0,0.088,0.02,0
5453,67,1,10,0.929,0.607,0.71,1.0,0.377,0.229,0
5454,70,1,9,0.739,0.432,0.699,0.0,0.149,-0.005,0
5455,37,0,6,0.753,0.538,0.701,0.0,0.397,-0.022,0
5456,46,0,8,0.857,0.544,0.782,0.0,0.412,0.128,0
5457,34,0,3,0.86,0.587,0.617,0.0,0.161,0.28,0
5458,66,1,7,0.756,0.681,0.65,0.0,-0.05,-0.067,0
5459,41,0,5,0.831,0.539,0.682,0.5,0.19,0.181,0
5460,80,0,8,0.811,0.671,0.8,0.0,0.257,-0.178,1
5461,84,0,12,0.777,0.537,1.028,1.0,0.518,-0.007,1
5462,42,1,10,0.922,0.573,0.676,0.25,0.152,0.129,0
5463,48,1,11,0.969,0.622,1.11,0.25,0.323,0.189,1
5464,82,1,6,0.945,0.554,0.856,0.0,0.559,0.269,0
5465,53,0,10,1.052,0.576,0.968,0.75,0.642,0.466,0
5466,39,1,7,0.938,0.653,0.804,0.25,0.129,0.239,0
5467,77,0,10,0.828,0.563,0.688,0.0,0.259,-0.005,0
5468,48,1,3,0.914,0.582,0.501,0.25,0.0,0.08,0
5469,67,0,9,0.966,0.583,0.695,1.0,-0.002,0.412,0
5470,41,0,5,0.645,0.696,0.652,0.0,0.191,-0.107,0
5471,35,0,12,1.014,0.511,0.722,0.5,0.211,0.249,0
5472,42,1,9,0.736,0.56,0.687,0.75,0.322,0.078,0
5473,84,0,8,0.911,0.705,0.273,0.0,-0.42,0.033,0
5474,57,0,8,0.854,0.542,0.897,1.0,0.612,0.145,0
5475,43,1,5,0.923,0.483,0.399,0.25,0.14,0.243,0
5476,48,0,10,0.786,0.613,1.019,0.0,0.543,-0.024,0
5477,37,1,8,0.816,0.643,0.592,0.25,0.071,0.089,0
5478,66,1,6,0.805,0.663,0.726,0.0,0.26,-0.056,0
5479,53,0,12,1.007,0.488,0.811,1.0,0.086,0.218,0
5480,61,0,12,1.086,0.537,0.762,1.0,0.184,0.247,0
5481,44,0,5,0.75,0.511,0.646,0.75,0.272,-0.026,0
5482,45,1,4,0.868,0.7,0.468,0.0,0.271,0.206,0
5483,55,0,10,1.119,0.501,0.917,0.0,0.44,0.478,0
5484,64,0,5,0.814,0.554,0.68,0.0,0.345,0.257,0
5485,74,1,4,0.662,0.625,0.59,0.0,0.185,-0.121,0
5486,48,0,4,1.023,0.685,0.541,0.0,0.096,0.297,0
5487,48,1,9,0.965,0.555,0.8,0.0,0.415,0.31,0
5488,47,0,11,0.829,0.522,1.057,0.75,0.75,0.125,0
5489,82,1,10,1.091,0.513,1.048,0.75,0.615,0.302,0
5490,65,0,7,0.924,0.566,0.879,0.0,0.614,0.218,0
5491,61,0,5,0.895,0.515,0.568,0.0,-0.132,-0.002,0
5492,56,1,7,0.88,0.666,0.706,0.0,-0.09,0.1,0
5493,48,0,7,0.952,0.586,0.368,0.75,-0.207,0.144,0
5494,54,1,11,1.043,0.55,0.722,0.5,0.292,0.511,0
5495,31,1,7,0.711,0.539,0.675,0.0,0.548,0.092,0
5496,43,1,9,0.994,0.534,0.361,0.0,-0.186,0.012,0
5497,58,1,6,1.136,0.603,0.734,0.5,0.308,0.318,0
5498,35,1,10,0.802,0.534,0.912,1.0,0.69,0.111,0
5499,53,0,10,0.724,0.75,0.69,0.0,0.073,0.086,0
5500,76,0,12,1.039,0.515,0.981,0.25,0.507,0.13,0
5501,76,0,12,0.811,0.421,0.928,1.0,0.508,0.173,1
5502,46,1,3,0.873,0.641,0.468,0.75,0.144,0.045,0
5503,79,1,12,0.921,0.506,0.719,0.5,0.306,0.218,0
5504,76,1,4,0.815,0.608,0.633,0.0,0.173,0.171,0
5505,84,1,3,0.846,0.545,0.445,0.0,-0.188,0.029,0
5506,63,0,10,0.651,0.691,0.784,0.0,0.149,-0.093,0
5507,64,0,4,0.94,0.585,0.699,0.0,-0.046,0.328,0
5508,83,1,9,0.79,0.606,1.011,0.25,0.328,-0.115,0
5509,35,0,10,1.01,0.528,0.589,0.0,-0.062,0.329,0
5510,69,1,12,0.997,0.559,0.703,0.0,0.496,0.074,0
5511,76,0,4,0.861,0.546,0.863,0.0,0.428,0.235,0
5512,76,0,9,1.074,0.554,0.462,0.0,-0.255,0.351,1
5513,54,0,4,0.828,0.667,0.741,0.0,0.44,-0.145,0
5514,48,1,5,0.997,0.736,0.514,1.0,0.136,0.316,0
5515,56,0,4,0.844,0.671,0.311,1.0,-0.288,0.276,0
5516,61,0,9,1.131,0.529,0.398,0.0,0.059,0.431,0
5517,51,0,4,0.819,0.554,0.808,0.0,0.17,-0.022,0
5518,56,0,5,0.67,0.745,0.544,0.0,-0.067,-0.021,0
5519,53,0,8,0.824,0.618,0.682,0.25,0.244,0.07,0
5520,74,1,10,0.747,0.533,0.518,0.0,0.062,0.047,0
5521,53,0,12,1.056,0.427,0.599,0.0,0.034,0.21,0
5522,51,1,10,0.464,0.584,0.582,0.5,0.199,-0.165,0
5523,33,1,12,0.808,0.526,1.398,0.0,0.913,0.069,0
5524,52,1,11,0.989,0.424,0.959,0.0,0.637,0.203,0
5525,44,1,3,0.933,0.594,0.531,0.25,0.16,0.277,0
5526,32,0,8,0.959,0.512,0.544,0.0,-0.024,0.32,0
5527,57,1,4,0.663,0.622,0.481,0.0,0.297,0.026,0
5528,53,1,5,1.035,0.524,0.912,0.25,0.553,0.311,0
5529,54,1,10,0.966,0.655,0.784,0.0,0.556,0.312,0
5530,33,1,10,0.945,0.548,0.628,0.0,0.26,0.195,0
5531,79,1,8,0.798,0.653,0.677,0.25,0.386,0.187,0
5532,34,1,11,0.981,0.484,0.911,0.75,0.507,0.063,0
5533,61,1,8,0.745,0.62,0.525,0.0,0.266,-0.145,0
5534,83,0,7,0.7,0.548,0.82,0.5,0.158,-0.051,0
5535,77,0,4,0.643,0.682,0.787,0.75,0.336,-0.139,0
5536,57,1,11,1.203,0.651,1.244,0.25,0.467,0.338,0
5537,64,0,9,0.858,0.565,0.895,0.0,0.398,0.059,0
5538,58,1,3,0.627,0.653,0.4,0.75,0.021,-0.054,0
5539,50,1,4,0.887,0.567,0.801,0.75,0.2,-0.032,0
5540,54,1,8,0.925,0.469,0.7,0.0,0.101,0.132,0
5541,63,1,9,0.947,0.617,0.974,0.0,0.316,0.223,0
5542,37,1,6,0.921,0.63,0.767,0.0,0.344,0.472,0
5543,35,0,11,1.04,0.554,0.923,0.75,0.794,0.393,0
5544,44,1,12,1.067,0.511,1.022,0.0,0.667,0.314,0
5545,52,1,10,0.738,0.527,0.924,0.25,0.549,-0.055,0
5546,75,1,3,0.874,0.559,0.687,0.75,0.157,0.214,0
5547,37,0,10,0.922,0.542,0.814,0.0,0.274,0.279,0
5548,70,0,4,0.591,0.573,0.691,0.5,0.531,-0.25,0
5549,58,0,7,0.853,0.568,0.873,0.0,0.046,0.148,0
5550,72,1,6,0.878,0.677,0.753,0.25,0.162,0.108,1
5551,80,1,5,0.993,0.524,0.268,0.25,-0.178,0.369,0
5552,72,1,12,0.751,0.426,0.831,1.0,0.543,0.022,0
5553,45,0,3,0.775,0.595,0.545,1.0,-0.114,0.075,0
5554,40,1,10,0.928,0.604,0.487,1.0,0.184,-0.008,0
5555,33,0,8,0.746,0.442,0.707,0.25,0.351,-0.014,0
5556,76,0,10,1.124,0.511,0.865,0.0,0.302,0.454,0
5557,32,1,4,0.988,0.687,0.808,0.25,0.35,0.079,0
5558,64,0,10,0.853,0.69,0.95,0.0,0.567,0.095,0
5559,34,0,4,0.731,0.517,0.557,0.25,-0.143,-0.085,0
5560,45,1,6,0.95,0.535,0.684,0.25,-0.016,0.283,0
5561,74,0,12,0.702,0.485,1.282,0.0,0.776,0.046,0
5562,50,0,11,0.943,0.551,0.883,0.0,0.492,0.229,0
5563,82,1,8,0.95,0.598,0.734,0.75,0.391,0.352,0
5564,77,0,3,0.788,0.6,0.4,0.0,0.067,-0.043,0
5565,58,0,10,1.174,0.627,0.7,0.5,0.334,0.598,0
5566,30,1,3,0.57,0.588,0.461,0.5,-0.033,-0.114,0
5567,46,1,5,0.608,0.613,0.652,0.5,0.067,-0.256,0
5568,50,0,9,0.796,0.597,0.994,1.0,0.593,0.061,0
5569,55,0,4,0.741,0.552,0.358,0.0,0.145,0.152,0
5570,75,1,7,0.995,0.505,0.89,0.0,0.558,0.349,0
5571,71,0,6,0.894,0.646,0.382,0.0,-0.056,0.154,0
5572,73,0,6,0.672,0.609,0.633,0.75,-0.067,0.089,0
5573,81,1,10,0.727,0.581,0.76,0.5,0.183,-0.022,1
5574,39,0,11,1.138,0.511,0.99,0.75,0.785,0.528,0
5575,37,0,7,0.729,0.624,0.641,1.0,0.271,-0.142,0
5576,30,0,5,0.846,0.527,0.61,0.75,0.267,0.146,0
5577,57,0,12,0.7,0.468,0.831,0.0,0.401,-0.059,0
5578,79,1,8,0.791,0.531,0.581,1.0,0.066,0.146,0
5579,50,0,4,0.75,0.75,0.639,1.0,-0.065,0.102,0
5580,43,1,3,0.888,0.7,0.348,0.0,-0.241,0.028,0
5581,61,1,11,0.775,0.518,1.234,0.0,0.666,0.077,0
5582,63,0,6,0.689,0.599,0.782,0.25,0.192,0.01,0
5583,61,0,7,0.814,0.7,0.643,0.5,-0.215,0.099,0
5584,79,1,3,0.815,0.601,0.303,0.0,-0.375,-0.007,0
5585,57,1,4,0.785,0.693,0.579,0.0,0.356,-0.006,0
5586,53,1,6,0.826,0.553,0.745,0.0,0.532,0.319,0
5587,53,1,10,1.162,0.619,0.943,1.0,0.333,0.38,0
5588,46,1,7,1.087,0.527,0.656,1.0,0.11,0.198,0
5589,64,0,5,0.903,0.581,0.291,0.0,-0.095,0.187,0
5590,39,0,10,1.052,0.698,0.794,0.5,0.702,0.266,0
5591,72,1,11,0.851,0.488,0.806,0.5,0.299,0.057,0
5592,41,1,7,0.712,0.624,0.784,0.5,0.287,-0.013,0
5593,39,0,3,0.715,0.499,0.421,1.0,-0.431,-0.082,0
5594,77,0,4,0.899,0.631,0.571,0.0,0.009,0.14,1
5595,68,0,4,0.717,0.502,0.418,0.75,0.147,-0.033,0
5596,79,1,7,1.044,0.587,0.672,0.0,0.405,0.366,0
5597,79,1,11,1.036,0.593,0.7,0.0,0.197,0.348,1
5598,62,0,3,0.4,0.482,0.782,0.25,0.059,-0.466,0
5599,64,1,8,0.71,0.618,0.653,0.0,0.214,-0.078,0
5600,81,0,8,0.734,0.552,1.024,0.0,0.4,0.049,0
5601,32,0,7,0.83,0.67,0.733,0.0,-0.046,0.051,0
5602,77,0,6,0.836,0.575,0.851,0.25,-0.054,0.094,0
5603,59,1,3,0.824,0.613,0.488,0.5,-0.233,-0.101,0
5604,49,0,4,0.722,0.524,0.821,0.25,0.472,-0.003,0
5605,68,1,11,0.854,0.573,1.256,0.25,0.615,0.407,0
5606,64,0,10,0.809,0.573,1.167,0.0,0.55,-0.125,0
5607,62,1,12,1.231,0.535,1.008,0.25,0.81,0.424,0
5608,59,0,12,0.911,0.638,0.885,0.0,0.479,0.232,0
5609,57,1,12,1.074,0.7,1.027,0.0,0.356,0.427,0
5610,80,1,8,0.931,0.63,0.84,1.0,0.129,0.27,1
5611,51,1,10,1.035,0.455,0.779,1.0,-0.141,0.3,0
5612,75,0,9,0.889,0.593,1.027,0.0,0.824,0.083,0
5613,83,1,5,0.567,0.629,0.817,0.5,0.22,-0.003,1
5614,62,1,6,0.768,0.66,0.459,0.0,0.017,0.05,0
5615,79,0,10,1.075,0.519,0.764,0.0,0.197,0.477,0
5616,77,1,9,1.047,0.7,0.81,0.5,0.364,0.171,0
5617,70,1,9,0.848,0.509,0.546,0.25,-0.008,0.127,0
5618,69,0,5,1.036,0.519,0.614,0.0,-0.081,0.056,0
5619,49,0,12,1.244,0.616,0.916,1.0,0.285,0.465,0
5620,37,0,8,0.884,0.636,0.805,0.5,0.303,-0.027,0
5621,35,0,7,0.843,0.571,0.838,0.0,0.399,-0.084,0
5622,68,0,5,0.768,0.591,0.763,0.0,0.319,0.207,0
5623,46,1,3,0.825,0.607,0.381,0.0,-0.045,0.248,0
5624,65,1,9,0.922,0.445,1.029,0.0,0.337,0.125,0
5625,61,1,10,0.898,0.56,1.016,0.0,0.622,0.198,0
5626,51,1,11,0.963,0.448,0.71,0.0,0.349,0.357,0
5627,51,1,5,0.911,0.618,0.693,0.0,0.452,0.227,0
5628,62,1,10,0.871,0.623,0.593,0.0,0.081,0.243,0
5629,34,0,4,0.958,0.472,0.401,0.0,0.098,0.209,0
5630,75,1,12,0.931,0.597,0.875,0.5,0.69,0.061,0
5631,62,1,11,1.088,0.635,1.036,0.0,0.556,0.458,0
5632,80,0,6,0.993,0.511,0.543,0.5,0.179,0.163,0
5633,65,1,10,0.774,0.519,0.678,0.0,0.15,-0.061,0
5634,50,0,7,0.897,0.584,0.661,0.75,0.219,0.052,0
5635,53,0,11,0.935,0.468,0.729,0.25,0.179,0.027,0
5636,68,0,10,0.807,0.513,1.018,0.0,0.538,-0.054,0
5637,42,0,11,0.947,0.575,0.911,1.0,0.582,0.3,1
5638,43,0,6,0.898,0.477,0.7,0.0,0.0,0.197,0
5639,70,1,10,0.818,0.694,0.619,0.0,-0.117,0.186,0
5640,58,1,6,0.926,0.56,0.353,0.0,-0.095,-0.091,0
5641,52,1,7,0.7,0.541,0.483,0.0,0.273,-0.202,0
5642,31,1,10,0.877,0.459,0.881,0.0,0.385,0.018,0
5643,44,1,12,1.166,0.539,0.827,0.0,0.274,0.466,0
5644,46,1,5,0.881,0.636,0.438,0.25,-0.086,0.165,0
5645,78,1,11,0.842,0.7,0.95,0.0,0.736,0.091,0
5646,76,0,8,0.863,0.473,0.897,0.5,0.31,0.195,0
5647,79,0,12,0.934,0.33,1.004,0.0,0.853,0.169,0
5648,78,1,7,1.0,0.716,0.577,0.0,0.117,0.172,0
5649,61,0,8,0.69,0.539,0.734,0.25,0.003,-0.11,1
5650,70,1,11,0.912,0.554,0.787,0.25,0.338,0.176,1
5651,51,1,11,1.05,0.53,0.858,0.0,0.372,0.264,0
5652,69,0,5,0.811,0.533,0.585,0.0,0.048,0.128,0
5653,74,0,11,1.072,0.736,0.637,0.0,0.041,0.372,0
5654,83,1,6,0.808,0.7,0.647,1.0,-0.018,-0.055,1
5655,47,0,7,0.807,0.616,0.902,1.0,0.687,-0.045,0
5656,49,1,3,0.622,0.669,0.348,1.0,-0.356,-0.022,0
5657,46,0,9,0.863,0.536,0.213,0.0,-0.234,0.026,0
5658,32,1,8,0.843,0.572,0.761,0.75,0.279,-0.043,0
5659,35,0,11,0.958,0.594,0.858,0.0,0.374,0.258,0
5660,64,0,8,0.948,0.531,0.608,0.0,-0.033,0.166,0
5661,52,1,4,0.867,0.573,0.501,0.0,0.118,0.043,0
5662,61,0,7,0.803,0.7,0.819,0.0,0.23,-0.034,0
5663,36,1,4,0.798,0.511,0.678,1.0,0.256,-0.109,0
5664,32,0,6,0.875,0.725,0.799,0.0,0.335,0.237,0
5665,83,0,3,0.598,0.553,0.565,0.5,-0.035,-0.083,0
5666,70,1,12,1.087,0.597,0.979,0.25,0.578,0.405,0
5667,70,0,10,0.951,0.619,0.416,0.75,0.015,0.1,0
5668,51,0,6,0.65,0.608,0.567,0.0,-0.008,-0.055,0
5669,84,1,4,0.665,0.538,0.751,0.0,0.314,-0.122,1
5670,61,1,4,0.795,0.645,0.955,0.0,0.315,0.095,0
5671,56,1,11,1.053,0.587,1.096,0.25,0.66,0.482,0
5672,54,1,12,0.876,0.658,0.813,0.0,0.344,0.124,0
5673,79,0,11,1.113,0.539,0.709,0.0,0.211,0.384,0
5674,70,0,10,1.029,0.616,1.015,0.25,0.315,0.167,0
5675,74,1,9,0.99,0.641,0.319,0.5,-0.076,0.256,1
5676,60,0,10,1.162,0.608,0.857,0.75,0.165,0.338,1
5677,54,0,6,0.643,0.682,0.871,0.25,0.497,-0.273,0
5678,71,1,12,1.016,0.536,0.954,0.75,0.467,0.31,0
5679,48,1,8,0.918,0.499,0.654,1.0,0.145,0.294,0
5680,48,0,7,0.938,0.538,0.941,0.0,0.184,0.165,0
5681,67,0,7,1.001,0.379,0.813,0.75,0.109,0.204,0
5682,68,1,4,0.811,0.633,0.726,0.0,0.116,0.036,0
5683,71,0,8,1.035,0.493,0.67,0.0,0.332,0.295,0
5684,59,0,4,1.076,0.576,0.601,0.0,0.23,0.354,0
5685,68,0,8,0.924,0.579,0.909,0.0,0.521,0.143,0
5686,33,1,4,0.87,0.632,0.509,0.0,0.153,-0.128,0
5687,56,0,10,1.069,0.681,0.558,0.25,0.106,0.187,0
5688,61,0,3,0.736,0.663,0.546,0.5,-0.044,0.036,0
5689,83,0,12,1.097,0.569,0.442,0.0,-0.097,0.334,0
5690,64,0,12,0.983,0.475,1.018,0.0,0.547,0.343,0
5691,62,1,7,0.961,0.555,0.881,0.0,0.364,0.092,0
5692,59,1,5,0.766,0.605,0.474,0.5,-0.115,-0.022,0
5693,30,0,9,0.774,0.582,0.605,0.0,0.048,-0.151,0
5694,33,1,8,1.01,0.619,0.667,0.5,-0.033,0.167,0
5695,67,0,7,1.036,0.628,0.765,0.0,0.399,0.241,0
5696,31,0,4,0.497,0.628,0.761,0.25,0.131,-0.114,0
5697,39,0,11,0.859,0.7,0.95,0.0,0.681,0.063,0
5698,62,1,4,0.727,0.564,0.43,0.25,-0.054,-0.096,0
5699,69,0,3,0.68,0.607,0.606,0.0,0.297,0.068,0
5700,48,0,8,0.882,0.519,0.778,0.25,0.426,0.071,0
5701,60,0,12,1.035,0.601,0.79,0.0,0.334,0.306,0
5702,70,1,7,1.045,0.625,0.974,0.0,0.605,0.518,0
5703,39,0,6,0.848,0.7,0.572,0.0,0.161,0.054,0
5704,71,1,10,0.864,0.397,0.874,0.0,0.672,0.13,0
5705,39,1,8,0.915,0.649,0.797,0.5,0.246,-0.028,0
5706,75,0,3,0.787,0.574,0.72,0.75,0.008,-0.077,1
5707,59,0,6,0.664,0.555,0.687,0.5,-0.013,-0.239,0
5708,82,0,10,0.944,0.599,0.468,1.0,0.211,0.212,0
5709,61,0,6,0.731,0.621,0.837,0.25,0.384,-0.069,0
5710,59,0,6,0.759,0.505,0.499,1.0,0.205,0.047,0
5711,35,1,11,0.983,0.621,0.59,0.5,0.281,0.056,0
5712,84,1,9,1.145,0.585,0.911,1.0,0.484,0.524,0
5713,81,0,8,0.754,0.706,0.627,0.0,0.069,0.182,0
5714,54,1,4,0.796,0.609,0.702,0.0,0.242,-0.135,0
5715,60,0,4,0.929,0.526,0.431,0.25,0.019,0.276,0
5716,62,0,6,1.022,0.582,0.673,1.0,0.68,0.313,0
5717,45,0,6,0.722,0.585,0.804,0.0,0.385,0.01,0
5718,56,1,12,0.942,0.518,0.895,0.0,0.672,0.178,0
5719,35,1,6,0.921,0.639,0.856,0.0,0.326,0.296,0
5720,58,0,7,0.93,0.67,0.758,0.0,0.344,0.2,0
5721,44,0,7,1.0,0.464,0.691,0.0,0.317,0.392,0
5722,70,1,8,0.963,0.652,0.573,0.0,0.372,0.319,0
5723,33,1,12,0.928,0.629,0.546,0.0,-0.095,-0.037,0
5724,83,0,3,0.724,0.709,0.595,0.0,0.171,0.156,0
5725,80,0,7,0.731,0.513,0.594,0.0,0.043,-0.043,0
5726,53,1,6,0.805,0.7,0.467,0.0,0.068,0.121,0
5727,83,0,8,0.801,0.6,0.804,0.0,0.232,0.101,0
5728,40,0,11,1.091,0.556,0.744,0.25,0.316,0.186,0
5729,55,1,7,0.728,0.537,0.48,1.0,-0.029,-0.021,0
5730,37,0,9,0.917,0.526,0.659,1.0,0.237,0.23,0
5731,75,1,11,0.791,0.629,0.995,0.0,0.295,0.15,0
5732,62,0,9,0.981,0.5,0.833,0.5,0.376,0.146,0
5733,49,0,3,0.572,0.558,0.297,0.5,-0.284,-0.208,0
5734,67,0,9,0.984,0.469,0.85,0.75,0.402,0.494,1
5735,50,0,10,0.77,0.577,1.022,0.25,0.373,0.063,0
5736,79,0,6,0.871,0.466,0.79,0.75,0.529,0.112,0
5737,49,1,7,0.7,0.588,0.617,0.25,-0.038,-0.071,0
5738,53,0,11,0.58,0.619,1.072,0.25,0.544,-0.182,0
5739,38,0,10,0.78,0.627,0.916,0.0,0.487,0.08,0
5740,34,1,10,0.939,0.614,1.0,0.0,0.533,0.238,0
5741,84,1,12,0.95,0.47,0.982,0.75,0.243,0.295,0
5742,80,1,6,0.915,0.523,0.655,0.0,0.122,-0.063,0
5743,39,1,10,1.001,0.667,0.818,0.25,0.488,0.152,0
5744,52,0,4,0.979,0.552,0.702,0.0,0.08,0.125,0
5745,58,0,6,0.939,0.63,0.693,0.0,0.411,0.076,0
5746,56,0,6,1.013,0.493,0.939,0.0,0.421,0.149,0
5747,72,1,11,0.97,0.549,0.898,0.0,0.514,0.168,0
5748,30,1,4,0.79,0.605,0.657,1.0,0.371,-0.086,0
5749,65,1,7,0.918,0.592,0.911,0.0,0.474,0.112,0
5750,62,0,10,0.755,0.7,0.516,0.25,-0.023,0.057,0
5751,84,0,12,0.742,0.639,0.848,0.5,0.055,-0.227,1
5752,37,0,11,0.874,0.474,0.773,0.0,0.505,0.467,0
5753,75,0,3,1.0,0.491,0.386,0.5,-0.043,0.358,0
5754,44,1,3,0.7,0.639,0.456,0.0,0.015,0.0,0
5755,77,0,12,0.937,0.709,0.726,1.0,0.23,0.062,1
5756,33,0,4,0.744,0.504,0.521,0.0,0.22,0.034,0
5757,59,1,7,0.85,0.589,0.7,0.0,-0.011,0.045,0
5758,39,0,8,1.029,0.512,0.605,0.0,0.036,0.162,0
5759,77,0,12,0.995,0.599,0.795,0.0,0.171,0.213,0
5760,40,0,7,0.851,0.466,0.591,0.0,-0.185,0.146,0
5761,63,1,3,0.804,0.589,0.559,0.0,0.189,0.131,0
5762,69,1,9,0.733,0.542,0.75,0.25,0.583,-0.105,0
5763,59,1,5,0.783,0.714,0.437,1.0,0.06,0.062,0
5764,42,0,9,0.927,0.562,0.76,0.25,0.512,0.158,0
5765,63,1,5,0.818,0.596,0.36,0.25,0.062,0.122,0
5766,63,0,6,1.002,0.645,0.68,0.75,0.029,0.244,0
5767,67,0,8,0.984,0.665,0.609,0.0,0.234,0.408,0
5768,55,0,7,0.753,0.7,0.869,0.0,0.46,-0.132,0
5769,41,1,9,0.945,0.582,0.619,0.5,0.247,0.174,0
5770,63,1,10,0.917,0.449,0.876,0.25,0.605,0.114,0
5771,55,0,12,1.034,0.526,1.152,1.0,0.58,0.251,0
5772,69,0,3,0.753,0.658,0.355,0.25,-0.138,0.005,0
5773,64,1,11,0.996,0.511,0.951,0.25,0.342,0.386,0
5774,77,0,12,0.991,0.586,1.082,0.0,0.612,0.413,0
5775,65,1,8,0.685,0.674,0.662,0.25,0.525,-0.172,0
5776,38,0,11,0.983,0.466,1.103,0.75,0.789,0.473,0
5777,82,0,11,1.008,0.551,0.91,0.0,0.441,0.322,0
5778,75,1,6,0.785,0.648,0.941,0.5,0.464,0.155,0
5779,62,1,5,0.7,0.664,0.557,0.0,0.192,-0.099,0
5780,40,0,4,0.896,0.636,0.64,0.5,-0.058,0.291,0
5781,51,0,8,0.799,0.622,0.856,0.5,0.288,0.215,0
5782,31,1,3,0.893,0.575,0.808,0.75,0.235,-0.025,0
5783,60,1,3,1.097,0.627,0.343,0.25,-0.063,0.11,0
5784,31,0,9,0.86,0.467,0.688,0.5,0.428,0.269,0
5785,73,0,10,1.08,0.395,0.87,0.0,0.48,0.495,0
5786,44,0,3,0.777,0.687,0.746,0.0,0.301,0.062,0
5787,54,1,10,0.906,0.601,1.085,1.0,0.686,0.248,0
5788,70,0,9,0.819,0.599,1.034,0.5,0.653,0.094,0
5789,69,1,11,0.814,0.525,1.017,0.5,0.393,0.067,0
5790,50,1,6,0.764,0.572,0.796,0.5,0.072,-0.245,0
5791,43,1,6,0.929,0.628,0.661,0.75,-0.039,0.467,0
5792,38,0,3,0.883,0.564,0.158,1.0,-0.357,0.064,0
5793,39,0,4,0.783,0.685,0.664,0.0,0.431,0.08,0
5794,62,1,9,1.105,0.499,0.568,0.0,0.115,0.394,0
5795,48,0,9,1.11,0.542,0.726,0.0,0.359,0.304,0
5796,62,1,11,0.762,0.486,0.725,0.0,-0.066,-0.082,0
5797,33,1,9,1.166,0.634,0.779,0.0,0.36,0.331,0
5798,42,1,8,1.107,0.476,0.517,0.5,0.25,0.407,0
5799,80,1,8,1.062,0.458,0.779,0.5,0.369,0.03,0
5800,59,1,4,0.817,0.526,0.505,0.0,-0.168,0.108,0
5801,39,0,12,1.025,0.565,1.033,0.0,0.484,0.387,0
5802,36,1,11,0.963,0.577,0.865,0.0,0.443,0.197,0
5803,46,1,10,0.829,0.409,1.207,0.25,0.794,-0.062,0
5804,65,1,8,0.902,0.532,0.741,1.0,0.181,0.002,0
5805,40,1,9,0.863,0.566,0.831,0.0,0.457,0.163,0
5806,32,0,4,0.789,0.693,0.674,0.0,0.139,0.097,0
5807,61,0,7,0.951,0.53,0.738,0.5,0.484,0.167,0
5808,84,1,3,0.776,0.515,0.602,1.0,0.429,-0.088,0
5809,84,1,10,1.015,0.571,0.898,0.25,0.336,0.001,1
5810,42,1,6,0.607,0.565,0.547,0.0,0.037,0.095,0
5811,32,0,10,0.933,0.499,0.726,0.25,-0.033,0.227,0
5812,53,1,4,0.613,0.597,0.45,0.0,-0.354,-0.299,0
5813,82,0,4,0.915,0.459,0.59,0.75,0.15,0.056,0
5814,67,1,5,0.889,0.603,0.355,0.0,0.172,0.239,0
5815,41,1,3,0.813,0.596,0.336,0.75,-0.043,0.134,0
5816,78,1,5,0.691,0.665,0.548,0.0,-0.111,0.068,1
5817,38,0,6,0.845,0.462,0.809,0.0,0.367,0.159,0
5818,83,0,6,0.81,0.591,0.694,0.5,0.258,0.066,0
5819,47,1,6,0.852,0.593,0.881,0.25,0.399,-0.062,0
5820,84,1,7,0.887,0.669,0.584,0.0,0.142,0.08,0
5821,42,0,9,0.88,0.599,0.726,0.75,0.269,0.18,0
5822,45,0,5,0.895,0.558,0.774,0.5,0.057,0.101,0
5823,77,0,8,1.165,0.657,0.655,0.0,0.436,0.432,0
5824,35,1,7,0.785,0.628,0.775,1.0,0.306,0.13,0
5825,37,1,6,0.961,0.628,0.185,0.5,-0.201,0.25,0
5826,73,1,10,1.057,0.668,0.779,0.0,0.198,0.273,0
5827,37,1,5,1.159,0.619,0.846,0.75,0.369,0.414,0
5828,56,1,8,0.694,0.567,0.663,0.0,0.227,-0.15,0
5829,41,0,12,0.985,0.566,0.681,0.0,0.254,0.226,0
5830,51,1,12,0.808,0.613,0.845,1.0,0.703,-0.043,0
5831,84,1,5,0.781,0.539,0.594,0.0,0.114,0.063,0
5832,73,0,4,0.766,0.459,0.805,0.0,0.422,-0.075,0
5833,61,1,8,0.991,0.535,0.736,0.0,0.097,0.377,0
5834,31,1,11,0.906,0.507,0.666,0.0,0.368,0.029,0
5835,35,1,5,0.648,0.703,0.7,0.25,-0.019,-0.133,0
5836,54,1,5,0.89,0.648,0.693,1.0,0.196,0.429,0
5837,65,0,10,0.939,0.545,0.998,0.0,0.662,-0.005,0
5838,31,0,3,0.693,0.7,0.566,0.0,-0.163,-0.07,0
5839,72,1,9,0.782,0.561,0.502,0.75,-0.057,0.261,0
5840,80,1,8,1.005,0.595,1.129,0.0,0.367,0.375,0
5841,67,0,6,0.7,0.388,0.917,0.75,0.271,-0.174,0
5842,38,1,12,0.993,0.579,0.833,0.0,0.467,0.124,0
5843,55,1,5,0.819,0.604,1.125,1.0,0.907,0.073,0
5844,43,0,9,0.94,0.659,0.834,0.25,0.163,0.255,0
5845,81,0,5,0.717,0.487,0.853,0.5,0.414,-0.039,0
5846,63,1,12,1.052,0.578,1.298,0.75,0.606,0.35,1
5847,52,0,12,0.965,0.621,0.948,1.0,0.579,0.256,1
5848,58,0,8,0.993,0.511,0.803,0.0,0.387,0.304,0
5849,52,1,7,0.705,0.517,0.487,0.5,0.209,-0.217,0
5850,55,1,11,0.989,0.599,0.561,1.0,0.079,0.334,0
5851,67,0,9,1.016,0.566,0.561,0.0,0.27,0.218,0
5852,78,0,11,0.863,0.527,0.484,0.0,0.135,0.065,0
5853,56,0,5,0.706,0.584,0.659,0.0,0.174,-0.154,0
5854,58,0,9,0.826,0.658,1.178,1.0,0.98,-0.005,0
5855,77,1,3,0.796,0.499,0.737,0.0,0.222,-0.108,0
5856,80,0,8,0.796,0.562,0.429,1.0,0.38,0.121,0
5857,47,1,12,1.072,0.603,0.999,0.0,0.389,0.181,0
5858,71,0,6,0.697,0.526,0.724,0.0,0.169,-0.241,0
5859,33,1,11,1.053,0.592,0.862,0.0,0.037,0.509,0
5860,84,1,10,0.998,0.593,0.772,0.75,0.318,0.129,1
5861,63,0,6,0.879,0.512,0.706,0.0,0.006,0.263,0
5862,69,1,10,0.844,0.54,0.942,0.0,0.738,0.061,0
5863,62,0,12,0.951,0.658,1.114,0.25,0.507,0.15,0
5864,77,1,6,0.914,0.52,0.879,0.5,0.179,0.085,1
5865,58,0,10,1.106,0.527,0.855,0.0,0.365,0.387,0
5866,60,1,10,0.927,0.476,0.728,0.0,0.172,0.227,0
5867,50,1,12,1.014,0.53,0.969,0.0,0.684,0.243,0
5868,37,1,4,0.667,0.593,0.534,0.5,-0.138,-0.048,0
5869,55,1,8,0.7,0.646,0.936,0.0,0.448,-0.062,0
5870,79,0,10,0.798,0.409,0.959,0.0,0.436,0.115,0
5871,50,0,11,0.726,0.408,0.771,0.75,0.304,-0.148,0
5872,76,0,8,1.038,0.583,0.994,0.0,0.554,0.43,0
5873,58,0,3,0.857,0.644,0.623,0.5,0.241,0.307,0
5874,39,1,10,0.841,0.7,0.831,0.25,0.36,0.218,0
5875,62,0,6,0.835,0.477,0.629,0.25,-0.071,0.236,0
5876,41,0,10,0.927,0.704,0.858,0.0,0.495,-0.068,0
5877,63,0,4,0.877,0.613,0.685,1.0,0.004,-0.001,0
5878,33,1,6,0.699,0.726,0.544,0.0,0.102,0.017,0
5879,32,0,6,1.11,0.512,0.837,0.5,-0.007,0.369,0
5880,64,0,5,0.904,0.654,0.733,0.25,0.377,0.162,0
5881,80,1,10,0.861,0.59,0.821,0.25,0.245,0.288,0
5882,46,0,6,0.943,0.565,0.563,0.0,0.089,-0.178,0
5883,36,0,3,0.943,0.665,0.428,0.5,0.017,0.095,0
5884,40,0,11,1.007,0.615,0.714,0.0,0.363,0.234,0
5885,50,1,5,0.949,0.655,0.334,0.0,-0.079,0.174,0
5886,65,0,10,0.567,0.622,0.694,0.0,0.201,-0.008,0
5887,49,0,9,0.818,0.546,0.7,0.75,0.602,0.08,0
5888,74,0,9,0.849,0.463,0.632,0.25,0.21,-0.093,0
5889,30,1,5,0.907,0.69,0.71,0.5,0.36,0.005,0
5890,70,1,7,0.82,0.684,0.909,0.0,0.44,-0.056,0
5891,35,1,6,0.918,0.61,0.503,1.0,-0.197,0.198,0
5892,55,0,12,0.919,0.631,0.985,0.0,0.332,0.085,0
5893,40,0,4,0.959,0.536,1.009,0.25,0.759,0.214,0
5894,80,0,11,1.036,0.558,0.849,0.0,0.131,0.164,0
5895,43,1,6,0.96,0.43,0.921,0.0,0.393,0.162,0
5896,77,1,11,0.831,0.7,0.565,0.5,0.027,0.27,0
5897,30,0,7,0.73,0.561,0.58,0.5,0.275,0.006,0
5898,52,0,7,0.895,0.755,0.668,0.25,0.417,-0.092,0
5899,41,0,3,0.898,0.532,0.222,0.25,-0.248,0.167,0
5900,55,1,12,1.01,0.539,1.212,0.0,0.662,0.361,0
5901,39,0,3,0.828,0.49,0.503,0.75,-0.071,0.189,0
5902,34,1,11,0.953,0.627,0.688,0.25,0.178,0.162,0
5903,65,0,10,0.895,0.444,0.726,0.0,-0.11,-0.019,0
5904,33,0,12,0.926,0.617,1.125,0.5,0.624,-0.111,0
5905,46,1,11,0.794,0.612,1.057,0.0,0.402,0.027,0
5906,31,1,9,1.023,0.57,0.553,0.75,-0.024,0.423,0
5907,75,1,4,0.836,0.502,0.335,0.0,-0.068,-0.133,0
5908,61,1,8,0.747,0.625,0.7,0.0,0.554,0.184,0
5909,80,1,7,0.844,0.7,0.82,0.0,0.268,0.04,0
5910,49,1,10,1.074,0.564,0.831,0.5,0.278,0.16,0
5911,49,0,9,1.046,0.433,0.762,0.25,0.152,0.097,0
5912,67,1,12,0.999,0.639,1.009,0.25,0.599,0.286,1
5913,75,1,3,0.801,0.597,0.545,0.0,-0.188,-0.126,0
5914,57,0,3,0.744,0.727,0.797,0.0,0.441,0.18,0
5915,76,0,9,0.863,0.637,0.749,0.75,0.351,-0.058,0
5916,58,0,6,0.797,0.746,0.714,0.25,0.204,0.361,0
5917,65,1,8,0.964,0.552,0.967,0.25,0.631,0.075,0
5918,57,0,4,0.809,0.553,0.506,0.75,-0.262,0.019,0
5919,45,1,6,0.852,0.719,0.829,0.0,0.261,0.124,0
5920,32,0,10,1.094,0.495,1.071,0.0,0.619,0.504,0
5921,60,0,3,0.63,0.556,0.7,0.75,0.247,-0.116,0
5922,78,1,9,0.787,0.533,0.849,0.0,0.028,0.142,0
5923,37,1,10,0.956,0.527,0.88,1.0,0.247,0.2,0
5924,31,0,9,0.777,0.487,0.579,0.0,0.038,-0.016,0
5925,73,1,11,0.86,0.565,0.876,0.0,0.243,0.391,0
5926,60,1,10,1.095,0.5,0.592,0.0,0.162,0.139,0
5927,80,1,5,0.797,0.515,0.564,0.25,0.122,-0.043,0
5928,51,1,6,0.849,0.571,0.522,0.25,0.206,0.035,0
5929,65,0,4,0.781,0.546,0.476,0.5,0.032,0.037,0
5930,71,0,3,0.7,0.7,0.52,0.0,-0.006,-0.227,0
5931,77,0,5,0.991,0.675,0.756,1.0,0.308,0.48,0
5932,57,1,5,0.904,0.7,0.383,0.5,-0.337,0.32,0
5933,83,1,12,0.903,0.419,1.018,0.0,0.466,0.088,0
5934,57,1,12,0.857,0.345,0.717,0.0,-0.015,0.101,0
5935,78,0,6,0.939,0.468,0.779,0.0,0.331,0.12,0
5936,58,0,8,0.826,0.657,0.258,1.0,0.091,0.07,0
5937,78,1,10,0.842,0.7,0.775,0.0,0.2,0.169,1
5938,43,0,5,0.969,0.45,0.688,0.25,0.41,0.273,0
5939,82,1,12,1.009,0.54,0.884,0.0,0.576,0.386,0
5940,76,1,10,1.201,0.567,0.81,0.0,0.461,0.438,0
5941,72,0,11,0.81,0.587,0.847,0.0,0.249,0.202,0
5942,83,0,4,0.606,0.744,0.906,0.75,0.309,-0.139,0
5943,83,0,8,0.828,0.56,0.996,0.0,0.355,0.0,0
5944,60,0,9,0.976,0.624,0.594,0.5,0.115,0.018,0
5945,60,1,8,0.974,0.511,0.621,1.0,0.106,0.176,0
5946,39,0,4,0.831,0.652,0.726,0.75,0.068,0.138,0
5947,47,0,8,0.831,0.632,0.86,0.75,0.268,0.131,0
5948,51,1,11,0.906,0.58,0.7,0.5,0.3,-0.015,0
5949,43,1,5,1.013,0.447,0.607,0.75,-0.188,0.103,0
5950,63,1,3,0.839,0.579,0.572,0.0,-0.222,0.139,0
5951,48,1,3,0.515,0.506,0.559,0.0,-0.087,-0.258,0
5952,55,1,5,0.866,0.594,0.72,1.0,0.31,0.092,0
5953,77,0,3,0.976,0.646,0.621,0.0,0.082,0.203,0
5954,61,0,3,0.762,0.623,0.406,0.25,-0.223,0.014,0
5955,66,1,7,0.974,0.561,0.7,0.0,0.161,0.294,0
5956,53,1,10,0.866,0.557,0.727,0.25,-0.104,0.068,0
5957,82,0,10,0.881,0.573,0.989,1.0,0.405,0.144,0
5958,78,0,5,0.577,0.55,0.435,1.0,-0.047,-0.192,1
5959,80,1,6,0.921,0.597,0.684,0.0,0.105,0.412,0
5960,58,0,3,0.658,0.725,0.494,0.0,-0.062,-0.331,0
5961,53,1,6,1.156,0.571,0.859,0.0,0.508,0.402,0
5962,77,0,10,0.966,0.552,1.04,0.0,0.471,0.252,0
5963,67,0,5,0.823,0.653,0.398,0.0,0.02,0.153,0
5964,61,0,3,0.728,0.588,0.712,0.75,0.222,0.117,0
5965,60,1,6,0.936,0.767,0.513,1.0,0.333,0.21,0
5966,39,0,9,0.955,0.525,0.901,0.0,0.452,0.236,0
5967,37,1,5,1.009,0.549,0.559,0.0,0.006,0.171,0
5968,76,0,6,0.599,0.626,0.773,0.75,0.262,-0.354,0
5969,82,1,3,0.724,0.574,0.549,0.5,-0.278,-0.026,0
5970,58,0,7,1.025,0.702,0.995,0.0,0.403,0.353,0
5971,32,1,12,0.962,0.561,0.891,0.0,0.587,0.016,0
5972,31,0,5,0.822,0.569,0.535,0.75,0.095,0.219,0
5973,48,1,9,0.769,0.52,0.664,0.0,0.27,-0.216,0
5974,40,1,6,0.644,0.493,0.716,0.25,0.071,-0.294,0
5975,53,1,7,0.874,0.529,0.596,0.25,0.243,0.118,0
5976,43,0,9,0.951,0.667,0.827,0.0,0.426,0.439,0
5977,84,1,9,0.875,0.427,0.74,0.0,0.226,0.048,0
5978,80,1,7,1.214,0.476,0.654,0.0,0.524,0.388,0
5979,33,0,10,0.919,0.703,0.678,0.0,0.395,0.11,0
5980,35,1,12,1.092,0.472,1.031,1.0,0.767,0.237,0
5981,46,1,4,0.779,0.627,0.621,0.0,0.121,0.227,0
5982,78,0,11,0.7,0.481,0.827,0.25,0.254,-0.092,0
5983,78,0,9,0.827,0.41,0.7,1.0,0.509,0.266,0
5984,53,1,10,0.848,0.38,0.949,0.0,0.545,0.071,0
5985,67,0,9,0.919,0.528,0.803,0.0,0.315,0.171,0
5986,32,0,9,0.982,0.58,0.806,0.0,0.557,0.293,0
5987,67,1,8,0.864,0.467,0.922,0.75,0.473,0.169,0
5988,68,1,12,0.958,0.471,0.958,0.75,0.506,0.233,0
5989,70,1,9,0.967,0.61,0.709,0.5,0.516,0.395,0
5990,30,1,8,0.873,0.7,1.037,0.5,0.315,-0.079,0
5991,81,0,4,0.525,0.546,0.681,0.5,0.219,-0.349,0
5992,38,0,5,0.807,0.575,0.498,0.25,0.283,0.076,0
5993,44,0,5,1.105,0.703,0.669,0.0,0.486,0.661,0
5994,80,0,5,0.86,0.586,1.024,1.0,0.564,0.198,0
5995,40,0,4,0.76,0.769,0.469,0.5,-0.183,0.183,0
5996,76,0,6,0.897,0.594,0.9,0.75,0.38,0.243,0
5997,45,1,11,0.983,0.633,0.712,0.5,-0.013,0.076,0
5998,62,1,9,0.686,0.644,0.679,0.25,0.275,0.003,0
5999,43,1,7,0.903,0.723,0.756,0.5,0.432,0.175,0
6000,73,1,10,0.888,0.672,0.988,0.0,0.332,0.079,0
6001,32,0,6,0.74,0.455,0.789,0.0,0.089,0.153,0
6002,46,0,12,1.021,0.62,1.046,0.0,0.586,0.235,0
6003,50,1,10,0.907,0.59,0.918,0.5,0.394,0.022,0
6004,67,1,10,1.018,0.606,0.399,0.25,-0.31,0.232,0
6005,64,1,8,0.972,0.663,0.918,0.5,0.476,0.347,0
6006,63,1,3,0.951,0.662,0.549,0.5,0.309,0.17,0
6007,72,1,11,0.748,0.463,0.705,1.0,0.32,0.08,0
6008,48,0,8,0.745,0.481,0.798,0.75,0.223,0.048,0
6009,82,0,5,0.763,0.639,0.752,0.75,0.148,-0.13,0
6010,53,1,4,0.756,0.54,1.046,0.0,0.954,-0.196,0
6011,63,1,3,0.845,0.747,0.608,0.0,0.075,0.075,0
6012,45,0,8,0.929,0.535,0.7,0.5,0.278,0.17,0
6013,47,1,3,0.945,0.505,0.803,0.0,0.48,0.53,0
6014,32,1,6,1.019,0.62,0.588,1.0,0.48,0.511,0
6015,45,0,6,0.918,0.592,0.733,0.0,0.098,0.071,0
6016,43,0,3,0.832,0.575,0.546,0.0,0.414,-0.095,0
6017,44,0,11,0.867,0.508,0.685,0.75,0.027,0.054,0
6018,67,1,8,0.773,0.568,0.964,0.0,0.376,0.208,0
6019,48,0,9,1.044,0.67,0.918,1.0,0.567,0.403,0
6020,76,1,8,0.97,0.463,0.688,0.5,-0.012,0.45,0
6021,80,0,10,0.97,0.502,0.7,0.75,-0.001,0.27,0
6022,80,0,4,0.915,0.614,0.571,0.0,0.008,-0.002,1
6023,37,0,11,1.176,0.572,0.854,0.5,0.154,0.705,0
6024,30,1,8,0.753,0.516,0.7,1.0,0.395,-0.023,0
6025,60,1,4,0.692,0.657,0.714,0.25,-0.082,0.093,0
6026,44,1,7,1.079,0.537,0.372,0.0,-0.192,0.243,0
6027,49,1,11,0.886,0.706,0.839,0.25,0.414,0.072,0
6028,68,1,10,0.818,0.472,0.835,0.0,0.409,0.226,0
6029,65,0,11,1.002,0.549,0.809,0.25,0.291,0.028,0
6030,82,1,10,0.986,0.492,0.48,0.0,-0.234,0.205,0
6031,64,1,12,0.979,0.45,0.782,0.0,0.43,0.404,0
6032,75,1,8,0.965,0.605,0.555,0.75,0.164,0.26,0
6033,69,0,11,0.872,0.461,0.49,0.5,0.213,0.024,0
6034,75,0,6,0.713,0.456,1.032,0.0,0.768,-0.094,0
6035,63,0,7,0.872,0.482,0.684,0.0,-0.003,0.024,0
6036,35,1,12,0.823,0.435,0.86,0.0,0.432,-0.119,0
6037,82,0,7,0.946,0.634,0.721,0.5,0.295,0.325,0
6038,61,0,9,0.997,0.512,0.755,0.75,0.533,0.061,0
6039,47,1,4,0.841,0.564,0.657,0.5,0.089,0.078,0
6040,49,1,6,0.786,0.674,0.411,0.75,-0.115,-0.002,0
6041,73,1,12,1.179,0.41,0.827,0.0,0.457,0.498,0
6042,53,0,11,0.804,0.525,0.95,0.0,0.491,0.014,0
6043,84,0,7,1.13,0.695,0.607,0.5,0.313,0.387,0
6044,44,1,4,0.832,0.538,0.837,0.25,0.062,0.127,0
6045,55,0,10,0.994,0.528,0.7,0.0,0.63,0.068,0
6046,68,1,6,0.941,0.624,0.483,0.25,0.105,0.177,0
6047,55,0,9,0.622,0.608,1.07,0.0,0.411,0.115,0
6048,39,1,9,1.018,0.571,0.556,0.0,0.119,0.56,0
6049,82,1,11,1.008,0.568,0.462,0.0,0.308,0.454,0
6050,73,1,6,1.032,0.534,0.735,0.25,0.51,0.328,0
6051,44,0,11,1.07,0.545,0.7,0.0,0.181,0.249,0
6052,65,0,5,0.851,0.489,0.505,0.0,-0.005,0.086,0
6053,60,0,8,0.871,0.383,0.696,1.0,0.402,0.121,0
6054,74,0,3,0.8,0.457,0.276,0.0,-0.084,0.049,0
6055,81,0,10,1.076,0.416,0.549,0.0,0.326,0.385,0
6056,70,1,9,1.164,0.604,0.873,0.75,0.33,0.461,0
6057,80,1,9,0.7,0.609,0.781,0.0,0.147,-0.09,1
6058,45,0,4,0.685,0.684,0.568,0.5,0.215,0.091,0
6059,80,1,12,1.044,0.7,1.008,0.75,0.375,0.31,1
6060,44,0,7,0.915,0.783,0.944,0.5,0.351,0.135,0
6061,81,0,7,0.745,0.557,0.627,0.0,0.319,-0.052,0
6062,80,1,12,1.044,0.522,0.672,0.75,-0.028,0.233,0
6063,51,1,6,0.882,0.668,0.755,0.0,0.246,0.449,0
6064,33,0,7,0.866,0.533,0.944,0.5,0.789,0.141,0
6065,49,1,8,0.928,0.568,0.704,0.0,0.564,0.193,0
6066,84,0,12,0.7,0.56,1.042,0.0,0.408,-0.163,0
6067,31,0,8,0.93,0.585,0.837,1.0,0.315,0.105,0
6068,32,0,6,0.68,0.493,1.0,0.75,0.566,-0.113,0
6069,80,1,4,0.728,0.524,0.562,0.0,0.068,0.176,0
6070,44,1,9,0.798,0.531,0.84,0.5,0.31,0.057,0
6071,75,1,11,0.833,0.603,0.733,0.5,0.385,-0.033,1
6072,78,0,3,0.566,0.652,0.549,0.0,0.33,-0.062,0
6073,68,0,5,0.846,0.562,0.741,0.25,0.041,0.122,0
6074,59,1,6,0.803,0.525,0.654,0.0,0.114,0.173,0
6075,38,0,8,0.967,0.63,0.895,0.0,0.45,0.209,0
6076,83,0,7,0.995,0.579,0.821,0.0,0.155,0.203,0
6077,51,1,8,0.97,0.549,1.091,0.75,0.749,0.202,0
6078,84,1,8,0.911,0.632,0.531,0.5,0.08,0.136,0
6079,43,0,9,0.908,0.472,0.737,1.0,0.223,0.091,0
6080,35,1,10,1.105,0.449,0.783,0.0,-0.024,0.557,0
6081,44,0,3,0.603,0.516,0.151,0.0,-0.429,-0.302,0
6082,33,1,11,1.171,0.553,0.713,0.0,0.317,0.451,0
6083,53,1,4,0.59,0.623,0.314,0.75,0.006,-0.157,0
6084,38,0,5,0.674,0.684,0.533,0.0,-0.15,-0.326,0
6085,57,1,10,0.966,0.53,0.637,0.0,0.193,0.08,0
6086,51,1,12,1.002,0.558,0.814,0.0,0.321,0.1,0
6087,43,0,5,0.731,0.533,0.665,0.0,-0.012,-0.178,0
6088,83,0,9,1.022,0.59,0.516,0.0,-0.004,0.206,0
6089,59,0,4,0.815,0.653,0.577,0.5,0.16,0.112,0
6090,41,1,3,0.659,0.58,0.661,0.0,0.234,-0.047,0
6091,67,1,8,0.837,0.671,0.795,0.0,0.259,0.173,1
6092,33,1,9,0.876,0.65,0.752,0.25,0.173,0.082,0
6093,82,0,8,0.717,0.587,1.018,0.0,0.517,-0.077,0
6094,32,0,7,1.007,0.529,0.459,0.75,0.182,0.314,0
6095,63,1,7,0.921,0.649,0.655,0.75,0.023,0.07,0
6096,71,0,10,0.853,0.539,0.786,0.0,0.266,0.132,0
6097,53,1,8,0.981,0.572,0.675,0.5,0.076,0.317,0
6098,57,0,3,0.709,0.541,0.526,0.0,-0.086,-0.042,0
6099,59,1,8,0.944,0.602,0.872,0.25,0.433,0.283,0
6100,40,1,5,0.878,0.687,0.353,0.0,-0.237,-0.02,0
6101,52,1,9,0.909,0.448,1.107,0.0,1.061,-0.03,0
6102,40,0,4,0.757,0.414,0.546,0.0,0.209,-0.008,0
6103,63,1,6,0.637,0.535,0.608,0.25,0.174,-0.089,0
6104,36,1,10,0.767,0.709,0.899,1.0,0.451,0.056,0
6105,64,0,8,0.998,0.601,0.787,0.5,0.583,0.248,0
6106,56,0,8,0.996,0.604,0.532,1.0,-0.173,0.321,0
6107,31,0,7,0.797,0.665,0.655,0.75,0.188,0.185,0
6108,41,0,10,0.667,0.69,0.697,0.0,0.138,-0.209,0
6109,74,0,4,0.75,0.569,0.386,0.0,0.063,-0.011,0
6110,32,0,9,0.916,0.477,0.686,0.5,0.495,-0.017,0
6111,73,1,10,1.104,0.523,1.052,0.0,0.758,0.444,0
6112,66,1,4,0.706,0.539,0.436,0.75,0.01,-0.001,0
6113,39,1,8,1.086,0.58,0.801,0.0,0.394,0.335,0
6114,56,0,3,0.545,0.625,0.516,0.75,0.006,-0.129,0
6115,74,1,7,0.834,0.491,0.491,0.25,0.106,-0.009,0
6116,57,1,4,0.884,0.516,0.43,0.0,-0.066,0.156,0
6117,40,1,8,1.144,0.641,0.764,0.0,0.403,0.321,0
6118,44,1,8,0.774,0.628,0.739,0.0,0.253,0.022,0
6119,55,1,8,1.18,0.457,0.626,0.0,0.182,0.435,0
6120,31,1,10,0.768,0.465,0.848,0.0,0.486,-0.065,0
6121,70,0,9,0.92,0.516,0.795,0.25,0.259,0.152,0
6122,63,1,4,0.64,0.545,0.63,0.0,0.053,0.009,0
6123,40,1,6,0.944,0.557,0.7,0.0,0.117,0.019,0
6124,81,0,8,0.673,0.564,0.921,1.0,0.533,0.06,0
6125,33,0,9,0.939,0.485,0.814,0.75,0.109,0.134,0
6126,83,1,7,0.969,0.424,0.537,1.0,0.006,0.18,1
6127,34,1,7,0.874,0.682,0.607,0.25,0.119,0.038,0
6128,61,0,10,0.996,0.556,0.795,0.0,0.411,0.108,0
6129,51,1,4,0.775,0.479,0.519,0.0,-0.181,-0.273,0
6130,32,0,8,1.111,0.504,0.888,1.0,0.118,0.132,0
6131,84,0,7,0.803,0.607,0.7,0.0,0.088,0.333,0
6132,34,0,6,0.652,0.452,0.744,0.75,0.126,-0.039,0
6133,41,0,11,0.936,0.616,0.73,1.0,0.129,0.236,0
6134,80,0,12,1.027,0.577,1.139,0.0,0.754,0.197,0
6135,43,0,10,1.022,0.484,0.751,0.0,0.184,0.189,0
6136,61,0,3,0.694,0.65,0.412,0.25,-0.072,-0.064,0
6137,74,0,9,0.7,0.608,0.831,0.0,0.608,0.107,1
6138,77,1,6,0.814,0.66,0.804,0.0,0.311,0.247,0
6139,79,0,4,0.728,0.62,0.649,0.0,0.257,0.17,0
6140,54,1,4,0.663,0.647,0.59,0.0,0.192,0.029,0
6141,74,1,10,0.895,0.643,0.467,0.0,-0.168,0.11,0
6142,79,1,11,0.995,0.647,0.982,0.25,0.659,0.462,1
6143,67,0,6,0.925,0.573,1.103,0.0,0.602,0.231,0
6144,32,1,11,1.195,0.484,0.698,0.0,0.199,0.439,0
6145,47,0,11,1.174,0.58,0.743,0.0,0.156,0.477,0
6146,69,0,7,0.907,0.718,0.977,0.0,0.614,0.149,0
6147,70,0,4,0.874,0.6,0.682,0.25,0.004,0.224,0
6148,30,0,10,0.938,0.619,1.056,0.0,0.468,0.257,0
6149,55,0,12,1.095,0.55,0.981,0.5,0.741,0.541,0
6150,56,0,6,0.986,0.647,0.66,0.0,0.251,0.256,0
6151,50,1,8,0.968,0.584,0.701,0.0,0.379,0.085,0
6152,57,1,3,0.658,0.585,0.489,0.0,0.089,0.03,0
6153,48,0,5,0.685,0.623,0.41,0.0,0.359,-0.154,0
6154,79,0,8,0.786,0.696,0.741,0.0,0.009,-0.233,0
6155,31,1,9,0.805,0.636,0.933,0.5,0.407,-0.076,0
6156,67,1,10,0.936,0.522,0.898,0.25,0.112,0.193,1
6157,74,0,9,0.896,0.629,0.701,1.0,0.001,-0.008,1
6158,59,0,12,0.938,0.574,0.937,0.0,0.443,0.093,0
6159,30,1,6,0.974,0.588,0.403,0.0,0.196,0.245,0
6160,73,1,3,0.724,0.632,0.585,0.75,0.265,-0.242,0
6161,83,0,9,1.18,0.656,0.854,0.0,0.104,0.417,0
6162,61,1,5,1.018,0.662,0.624,0.0,-0.097,0.023,0
6163,49,1,4,0.771,0.515,0.7,0.0,-0.014,-0.071,0
6164,32,1,10,0.896,0.7,0.97,0.25,0.719,0.104,0
6165,55,0,6,0.819,0.688,0.76,0.5,0.328,-0.05,0
6166,84,1,11,1.052,0.694,0.884,0.5,0.591,0.177,0
6167,38,0,9,0.774,0.504,0.741,0.0,0.444,-0.102,0
6168,50,1,4,0.657,0.617,0.662,0.0,-0.038,0.095,0
6169,63,0,12,0.746,0.533,0.687,0.5,0.209,-0.134,0
6170,70,0,11,1.153,0.58,0.867,0.0,0.391,0.477,1
6171,41,0,3,0.887,0.553,0.374,1.0,0.124,0.161,0
6172,38,1,3,0.661,0.614,0.511,0.0,0.088,-0.107,0
6173,42,0,7,0.796,0.685,1.004,0.5,0.649,0.215,0
6174,82,0,4,0.761,0.733,0.644,0.0,0.343,-0.036,0
6175,71,0,9,0.83,0.646,0.801,0.0,0.127,0.19,0
6176,65,1,8,1.089,0.564,0.771,0.5,0.222,0.122,0
6177,59,0,7,0.85,0.579,0.578,0.0,0.067,0.318,0
6178,75,1,6,0.759,0.662,0.674,0.0,0.36,-0.082,0
6179,82,1,5,1.064,0.54,0.661,0.0,0.078,0.364,0
6180,70,1,9,0.926,0.484,0.706,0.5,0.275,0.086,0
6181,35,0,10,0.7,0.486,0.958,0.5,0.687,-0.102,0
6182,84,1,12,0.993,0.64,0.7,1.0,0.178,0.377,1
6183,72,1,7,0.968,0.503,0.5,1.0,-0.2,0.367,1
6184,66,1,10,1.046,0.526,0.724,1.0,0.257,0.136,0
6185,46,1,3,0.538,0.679,0.332,0.5,-0.222,-0.317,0
6186,78,1,8,1.031,0.608,0.649,0.0,0.175,0.155,0
6187,62,1,6,0.786,0.669,0.52,0.75,-0.28,-0.074,0
6188,42,1,4,1.034,0.661,0.8,0.0,0.3,0.213,0
6189,78,0,10,1.109,0.53,0.747,0.0,0.075,0.14,1
6190,83,0,7,0.995,0.535,0.818,0.25,0.168,0.057,0
6191,67,0,11,0.978,0.448,1.105,0.5,0.509,0.178,0
6192,65,1,12,0.826,0.465,0.981,0.25,0.487,0.058,0
6193,66,1,6,0.856,0.65,0.83,0.25,0.433,0.369,0
6194,64,0,12,0.933,0.7,0.727,0.5,0.165,0.189,0
6195,80,1,8,0.722,0.596,0.805,0.25,0.202,0.019,0
6196,58,0,4,0.571,0.45,0.458,0.75,-0.06,-0.031,0
6197,77,0,3,0.88,0.682,0.585,0.0,-0.004,-0.002,0
6198,82,0,7,0.815,0.492,1.005,0.75,0.357,0.197,1
6199,46,0,3,0.864,0.591,0.539,0.0,0.244,0.111,0
6200,66,0,6,0.545,0.456,0.859,0.5,0.407,-0.203,0
6201,35,0,3,0.88,0.55,0.36,0.0,-0.207,0.18,0
6202,57,0,6,0.776,0.609,0.568,1.0,-0.039,0.048,0
6203,60,0,7,0.802,0.436,0.559,0.0,0.128,0.107,0
6204,30,1,8,0.934,0.521,0.607,0.25,0.078,0.085,0
6205,49,0,5,0.808,0.548,0.672,0.0,0.279,-0.006,0
6206,34,1,7,0.802,0.519,0.812,0.5,0.478,0.003,0
6207,55,1,10,1.027,0.603,0.841,0.0,0.303,0.045,0
6208,81,1,3,0.906,0.561,0.601,0.5,0.284,0.216,0
6209,81,0,12,1.031,0.533,0.957,0.75,0.37,-0.112,1
6210,66,0,10,1.265,0.544,1.102,0.0,0.54,0.648,0
6211,30,1,12,0.893,0.658,0.813,0.0,0.497,0.127,0
6212,39,1,8,0.847,0.608,0.85,0.0,0.591,0.156,0
6213,81,0,7,0.807,0.519,0.512,0.5,-0.043,0.001,0
6214,32,1,12,0.871,0.555,0.767,1.0,0.587,0.028,0
6215,58,1,3,0.7,0.523,0.921,0.0,0.521,-0.135,0
6216,54,1,6,0.707,0.608,0.686,0.0,0.096,-0.083,0
6217,58,0,6,0.751,0.566,0.694,0.0,0.254,-0.178,0
6218,47,1,10,0.7,0.57,0.958,0.0,0.765,0.045,0
6219,46,0,8,0.953,0.7,0.856,0.0,0.383,0.263,0
6220,71,1,6,0.8,0.7,0.28,0.0,-0.359,-0.094,0
6221,68,1,3,0.771,0.565,0.581,0.0,0.289,-0.021,0
6222,65,1,3,0.769,0.577,0.931,0.5,0.452,0.1,0
6223,59,0,5,0.781,0.704,0.605,0.0,0.326,0.014,0
6224,63,0,7,0.79,0.629,0.667,0.0,0.17,0.193,0
6225,68,1,8,1.167,0.579,0.811,0.25,0.512,0.477,0
6226,41,1,11,1.009,0.643,0.76,1.0,0.365,0.322,0
6227,66,0,7,0.784,0.564,0.958,0.0,0.58,0.081,0
6228,32,0,8,0.776,0.634,0.618,0.0,0.098,0.074,0
6229,65,1,9,0.912,0.561,0.616,0.75,0.077,0.14,0
6230,80,1,5,0.856,0.61,0.65,0.25,-0.175,-0.199,0
6231,36,1,4,0.71,0.577,0.545,0.5,-0.007,0.134,0
6232,84,0,5,0.894,0.665,0.483,0.5,0.161,0.141,0
6233,62,0,5,0.846,0.554,0.304,0.0,0.047,0.127,0
6234,49,1,8,0.953,0.492,0.61,0.0,0.34,0.188,0
6235,67,1,7,0.63,0.645,0.739,0.25,0.301,-0.068,0
6236,38,0,12,0.825,0.598,0.826,0.0,0.574,-0.13,0
6237,67,1,7,0.876,0.585,0.833,0.0,0.42,0.327,0
6238,78,0,7,0.951,0.472,0.932,0.0,0.292,-0.104,0
6239,42,0,9,0.859,0.47,1.017,1.0,0.401,0.072,0
6240,83,0,10,0.676,0.625,0.535,0.25,-0.044,-0.022,1
6241,78,1,3,0.934,0.543,0.587,0.0,0.221,0.306,0
6242,82,1,3,0.772,0.592,0.7,0.5,0.097,0.078,0
6243,45,1,5,0.974,0.546,0.819,0.75,0.191,0.187,0
6244,47,1,3,0.857,0.52,0.676,0.0,0.166,0.067,0
6245,63,1,3,0.769,0.596,0.342,0.0,-0.191,-0.052,0
6246,84,0,8,0.998,0.633,0.624,0.5,-0.159,0.349,0
6247,51,0,10,0.733,0.501,0.775,1.0,0.141,-0.032,0
6248,84,0,5,0.847,0.555,0.638,0.0,0.189,0.253,0
6249,72,1,12,0.963,0.512,0.899,0.0,0.308,0.476,0
6250,79,1,8,1.021,0.52,1.066,0.25,0.876,0.408,0
6251,76,1,4,0.867,0.514,0.079,0.0,-0.384,0.233,0
6252,60,1,3,0.793,0.352,0.519,0.25,0.09,0.13,0
6253,77,0,6,0.99,0.565,0.802,1.0,0.164,0.246,1
6254,70,0,8,0.813,0.557,0.689,0.0,0.104,0.039,0
6255,56,0,11,0.675,0.594,1.206,0.25,0.876,-0.187,0
6256,83,1,11,1.248,0.609,0.833,0.0,0.603,0.364,0
6257,76,0,7,0.829,0.606,1.05,0.25,0.527,0.313,0
6258,81,1,5,0.809,0.617,0.351,0.0,-0.154,0.032,0
6259,66,0,7,0.613,0.785,0.816,0.0,0.221,-0.21,0
6260,35,0,5,0.89,0.568,0.757,0.5,0.08,0.335,0
6261,42,1,12,1.136,0.58,1.061,0.0,0.422,0.345,0
6262,48,0,6,0.791,0.724,0.478,0.25,-0.064,0.188,0
6263,57,1,8,1.015,0.615,0.899,0.25,0.301,0.212,0
6264,55,1,12,0.942,0.592,0.981,0.0,0.507,0.179,0
6265,72,0,10,0.896,0.517,1.063,0.5,0.749,0.273,0
6266,39,1,4,0.863,0.598,0.808,0.25,0.161,-0.038,0
6267,32,1,9,0.699,0.587,0.73,0.5,0.196,0.16,0
6268,67,1,10,1.001,0.496,0.887,0.0,0.298,0.109,0
6269,41,1,7,0.851,0.601,0.7,0.25,0.023,0.079,0
6270,48,0,9,0.987,0.422,1.027,0.25,0.493,0.222,0
6271,30,0,4,0.968,0.57,0.276,0.5,-0.021,0.176,0
6272,55,0,8,0.693,0.688,0.678,0.0,0.282,-0.144,0
6273,62,1,3,0.884,0.753,0.532,0.0,0.025,0.207,0
6274,61,0,3,0.824,0.641,0.318,1.0,-0.376,0.101,0
6275,54,0,10,1.11,0.513,0.623,0.0,-0.162,0.541,0
6276,63,0,10,0.7,0.532,0.981,0.5,0.507,0.109,0
6277,65,0,8,1.055,0.529,0.993,0.5,0.45,0.323,0
6278,80,0,10,1.014,0.517,0.818,0.75,0.584,0.31,1
6279,81,1,8,1.123,0.527,0.598,0.5,-0.149,0.281,0
6280,56,1,3,0.996,0.477,0.633,0.25,0.432,0.263,0
6281,79,0,12,0.805,0.386,1.335,1.0,0.719,-0.173,1
6282,43,1,8,0.768,0.586,0.918,0.0,0.771,-0.063,0
6283,54,1,5,0.7,0.604,0.465,1.0,-0.161,0.087,0
6284,65,1,8,0.899,0.7,0.795,1.0,0.126,0.014,0
6285,79,1,10,0.869,0.462,0.8,0.25,0.158,0.138,0
6286,49,0,9,0.878,0.58,0.8,0.75,0.29,0.145,0
6287,34,0,5,0.739,0.582,0.801,0.0,0.522,-0.052,0
6288,35,0,3,0.763,0.599,0.471,0.25,0.216,0.243,0
6289,79,0,3,0.421,0.664,0.287,0.0,0.017,-0.377,0
6290,82,0,8,0.915,0.667,0.724,0.25,0.18,0.234,0
6291,36,1,8,0.968,0.526,0.931,0.25,0.388,0.195,0
6292,53,1,10,0.854,0.556,0.834,0.0,0.367,0.104,0
6293,35,1,10,0.964,0.667,0.919,0.5,0.352,0.218,0
6294,73,1,4,0.809,0.589,0.694,0.5,0.266,-0.008,0
6295,43,0,5,0.7,0.544,0.573,0.0,-0.215,0.028,0
6296,41,0,12,1.036,0.486,0.907,0.75,0.476,0.218,0
6297,49,0,9,1.195,0.379,0.437,0.0,0.108,0.463,0
6298,56,0,7,0.952,0.567,0.675,1.0,0.298,0.081,0
6299,83,0,11,0.854,0.601,1.132,0.0,0.728,0.12,0
6300,38,0,5,0.956,0.587,0.525,1.0,0.038,-0.032,0
6301,78,0,10,1.053,0.602,0.982,0.0,1.117,0.344,0
6302,57,1,12,0.867,0.495,0.855,0.5,0.46,0.2,0
6303,74,0,10,0.98,0.563,0.958,0.0,0.371,0.426,0
6304,63,0,8,1.008,0.471,0.731,0.25,0.222,0.148,0
6305,40,0,7,0.717,0.642,0.676,1.0,0.339,-0.034,0
6306,42,1,5,0.873,0.665,0.735,0.5,0.247,-0.086,0
6307,76,1,11,1.006,0.604,1.282,1.0,0.818,0.323,0
6308,64,0,6,1.0,0.597,1.016,1.0,0.327,0.463,1
6309,79,0,5,0.876,0.505,0.578,0.0,-0.335,0.099,0
6310,36,1,11,1.085,0.511,0.955,0.0,0.77,0.382,0
6311,49,0,4,0.685,0.634,0.161,0.0,-0.364,-0.188,0
6312,56,1,3,0.794,0.7,0.794,0.75,0.499,-0.032,0
6313,70,1,10,0.914,0.451,0.7,0.5,0.287,0.125,1
6314,83,1,7,0.98,0.642,0.705,1.0,0.227,0.261,0
6315,49,1,3,0.809,0.656,0.506,0.75,-0.118,-0.01,0
6316,77,1,12,0.7,0.63,0.935,0.0,0.32,0.074,0
6317,66,1,9,0.979,0.659,0.808,0.75,0.11,0.164,0
6318,41,1,5,0.537,0.476,0.514,0.0,-0.097,-0.236,0
6319,83,0,9,0.931,0.641,0.78,1.0,0.248,0.412,1
6320,39,0,6,0.979,0.407,0.843,0.25,0.218,0.08,0
6321,77,0,7,0.774,0.527,0.664,0.0,0.369,-0.162,0
6322,78,0,8,0.925,0.535,0.756,0.75,0.544,0.146,1
6323,43,0,9,0.867,0.554,0.923,0.0,0.498,0.05,0
6324,33,1,3,0.845,0.443,0.542,0.25,0.028,0.214,0
6325,63,1,10,0.974,0.526,1.263,0.75,1.112,0.221,0
6326,37,0,6,0.816,0.659,0.71,0.5,0.468,0.055,0
6327,34,0,12,0.977,0.665,1.041,0.0,0.243,0.009,0
6328,32,0,9,0.872,0.705,0.714,0.25,0.248,0.116,0
6329,61,0,12,0.913,0.548,1.032,1.0,0.535,0.036,0
6330,39,1,5,0.973,0.544,0.448,0.0,-0.018,0.23,0
6331,68,1,7,0.914,0.372,0.986,0.0,0.636,0.135,0
6332,76,1,9,0.83,0.633,0.668,0.0,0.281,0.042,0
6333,50,0,9,0.79,0.59,0.7,0.0,0.156,0.227,0
6334,48,0,10,0.821,0.509,0.86,0.5,0.249,0.121,0
6335,46,0,7,0.955,0.702,0.502,0.0,0.128,0.068,0
6336,35,1,11,0.852,0.454,0.766,0.0,0.417,-0.03,0
6337,51,1,7,0.696,0.571,0.553,0.0,0.046,-0.204,0
6338,76,1,9,0.878,0.529,0.861,1.0,0.17,0.089,0
6339,69,1,5,0.717,0.634,0.548,1.0,0.015,-0.165,0
6340,40,1,10,1.073,0.667,0.54,0.75,-0.07,0.386,1
6341,82,0,10,0.899,0.707,1.011,0.0,0.493,-0.11,0
6342,54,1,4,0.875,0.484,0.637,0.0,0.122,0.209,0
6343,55,0,10,1.09,0.574,0.957,0.0,0.426,0.436,0
6344,75,0,11,0.65,0.55,0.723,0.0,0.37,-0.085,0
6345,46,0,12,1.025,0.664,0.883,0.5,0.515,-0.02,0
6346,81,1,8,1.051,0.604,0.961,0.0,0.476,0.547,1
6347,78,0,8,1.011,0.553,0.818,0.0,0.359,0.3,0
6348,57,1,6,0.774,0.525,0.666,0.0,0.106,0.037,0
6349,31,1,12,0.873,0.57,0.7,0.0,0.555,0.112,0
6350,44,0,11,0.998,0.545,0.957,0.75,0.5,0.036,0
6351,61,1,6,0.72,0.565,0.827,1.0,0.425,-0.198,0
6352,34,1,9,0.729,0.707,0.658,0.75,0.005,0.097,0
6353,70,1,3,0.936,0.584,0.71,0.0,0.085,0.052,0
6354,70,0,7,1.036,0.598,0.595,0.0,0.079,-0.008,0
6355,75,1,12,1.003,0.473,1.034,0.0,0.602,0.381,1
6356,56,0,5,0.87,0.532,0.68,0.25,-0.239,0.176,0
6357,75,0,3,0.662,0.515,0.327,0.5,-0.407,-0.078,0
6358,39,1,7,0.984,0.684,0.745,0.5,0.383,0.3,0
6359,84,0,4,0.689,0.513,0.64,0.0,-0.126,-0.01,0
6360,32,0,5,0.934,0.577,0.85,0.0,0.123,0.358,0
6361,63,0,8,0.766,0.552,0.87,0.0,0.32,0.202,0
6362,75,1,11,0.852,0.617,0.75,0.0,0.469,0.236,0
6363,74,1,6,0.7,0.609,0.635,0.5,0.112,-0.178,0
6364,39,1,8,0.787,0.55,0.615,1.0,0.257,0.067,0
6365,46,1,12,0.734,0.526,0.949,0.0,0.489,0.098,0
6366,40,0,12,0.7,0.464,0.723,0.75,0.277,0.083,0
6367,40,0,8,0.974,0.511,0.775,0.0,0.19,0.277,0
6368,53,1,9,0.749,0.642,0.824,0.25,0.291,0.001,0
6369,40,0,4,0.751,0.531,0.44,0.0,0.286,-0.036,0
6370,30,1,9,0.997,0.542,0.734,0.0,0.29,0.142,0
6371,33,1,8,0.914,0.587,1.062,0.0,0.725,-0.008,0
6372,58,1,9,0.949,0.589,0.71,0.5,0.123,0.292,0
6373,82,0,3,0.801,0.656,0.558,0.0,0.013,0.072,0
6374,45,1,11,0.824,0.61,0.841,0.0,0.469,-0.066,0
6375,67,1,4,0.639,0.517,0.587,0.0,-0.127,-0.091,0
6376,54,1,8,0.989,0.526,0.759,0.5,0.242,-0.067,1
6377,81,1,3,1.025,0.765,0.283,0.0,-0.183,0.182,0
6378,31,1,10,1.145,0.616,0.62,0.0,0.124,0.101,0
6379,39,1,7,1.028,0.467,0.686,0.0,0.439,0.27,0
6380,84,1,4,0.814,0.517,0.509,0.0,0.076,0.166,0
6381,66,0,9,0.748,0.601,0.708,0.5,0.331,-0.104,0
6382,76,0,3,0.69,0.608,0.461,1.0,-0.069,-0.03,0
6383,54,1,3,0.814,0.62,0.688,0.0,0.433,0.087,0
6384,59,0,7,0.835,0.558,0.502,0.75,0.03,0.11,0
6385,67,1,6,0.912,0.504,0.71,1.0,0.021,0.148,0
6386,62,0,3,0.833,0.742,0.44,0.0,-0.03,-0.114,0
6387,50,0,10,0.879,0.564,0.879,0.0,0.416,-0.027,0
6388,42,1,3,0.914,0.618,0.589,0.25,-0.111,0.304,0
6389,53,1,7,0.99,0.594,0.725,0.5,0.43,0.207,0
6390,81,0,5,0.87,0.569,0.67,0.25,-0.03,0.137,0
6391,66,1,3,0.874,0.526,0.17,0.5,-0.343,0.191,0
6392,52,0,4,0.798,0.575,0.8,0.5,0.462,0.162,0
6393,41,1,7,0.942,0.611,0.798,0.0,0.009,0.378,0
6394,58,1,7,0.817,0.452,0.603,0.5,0.437,0.081,0
6395,32,0,3,0.793,0.702,0.581,0.0,0.002,0.191,0
6396,42,1,10,0.832,0.617,0.753,0.25,0.268,0.044,0
6397,82,1,7,0.957,0.59,0.695,1.0,0.426,0.275,0
6398,68,0,6,0.7,0.655,0.595,0.75,0.128,0.029,0
6399,42,0,10,0.769,0.506,0.649,0.75,-0.302,-0.15,0
6400,57,0,11,0.755,0.599,0.974,0.0,0.582,-0.002,0
6401,57,1,12,0.729,0.528,1.014,0.0,0.836,-0.088,0
6402,69,1,10,1.003,0.593,0.84,0.25,0.295,0.248,0
6403,53,0,4,0.785,0.681,0.705,0.25,0.363,0.195,0
6404,46,0,9,1.138,0.606,0.601,0.25,-0.057,0.403,0
6405,74,0,6,0.585,0.687,0.569,0.5,0.102,-0.238,0
6406,80,1,7,0.841,0.619,0.803,0.5,0.594,0.012,0
6407,80,0,11,1.086,0.43,0.547,1.0,-0.066,0.234,0
6408,35,1,10,0.891,0.538,0.95,0.25,0.354,0.107,0
6409,38,0,12,0.792,0.564,0.919,0.0,0.599,0.185,0
6410,69,0,7,0.816,0.64,0.734,0.25,0.337,0.254,0
6411,73,1,10,1.012,0.487,0.654,0.25,0.202,0.242,0
6412,66,1,6,0.995,0.47,0.662,0.0,0.113,0.314,0
6413,44,1,3,0.864,0.696,0.689,0.0,0.151,0.044,0
6414,75,1,12,1.012,0.434,0.826,0.5,0.271,0.432,0
6415,37,1,8,0.982,0.541,1.063,0.5,0.438,0.047,0
6416,32,0,7,1.023,0.559,0.888,0.0,0.272,0.625,0
6417,54,1,6,0.766,0.556,0.915,1.0,0.577,0.062,0
6418,44,0,3,0.771,0.684,0.441,0.0,0.097,0.038,0
6419,72,0,3,0.928,0.529,0.698,0.0,0.471,0.309,0
6420,35,1,8,0.987,0.533,0.604,0.0,0.351,0.216,0
6421,59,1,7,1.105,0.657,0.501,0.75,0.019,0.41,0
6422,61,1,10,1.022,0.513,0.911,0.0,0.345,0.177,0
6423,32,1,5,0.758,0.517,0.488,0.25,-0.212,0.106,0
6424,33,0,6,0.892,0.582,0.541,0.0,-0.025,0.139,0
6425,33,1,5,0.812,0.524,0.54,0.5,0.092,0.063,0
6426,69,0,7,0.569,0.637,0.497,0.0,-0.099,-0.433,0
6427,69,0,5,0.798,0.691,0.738,0.25,0.258,0.089,0
6428,43,0,4,0.722,0.644,0.329,0.0,-0.102,-0.009,0
6429,69,1,11,0.97,0.506,0.993,0.25,0.399,0.209,1
6430,62,0,10,1.036,0.634,0.664,0.0,0.505,0.185,0
6431,59,0,7,1.088,0.588,0.306,1.0,-0.356,0.341,0
6432,52,1,11,1.035,0.7,0.777,0.75,0.158,0.279,0
6433,78,0,4,0.954,0.613,0.306,0.75,-0.328,0.211,1
6434,36,1,10,1.088,0.597,0.859,0.0,0.175,0.525,0
6435,70,1,3,0.619,0.645,0.621,1.0,0.322,-0.097,1
6436,81,1,10,1.017,0.666,0.995,0.0,0.387,0.338,1
6437,69,0,4,0.892,0.565,0.259,0.0,-0.289,0.11,0
6438,60,0,4,0.876,0.598,0.702,0.5,0.368,0.112,0
6439,47,1,12,0.973,0.529,0.987,0.5,0.597,0.305,0
6440,48,1,4,0.838,0.53,0.748,0.0,0.042,-0.017,0
6441,73,1,7,1.09,0.417,0.586,0.0,0.264,0.402,0
6442,79,1,4,0.521,0.681,0.427,0.25,-0.043,-0.084,0
6443,37,1,4,1.034,0.541,0.585,0.0,-0.013,0.241,0
6444,54,0,7,0.933,0.539,0.871,0.25,0.212,0.33,0
6445,61,0,5,0.937,0.669,0.705,0.0,0.095,0.094,0
6446,50,0,10,1.019,0.573,0.55,0.5,0.078,0.207,0
6447,58,1,11,0.952,0.629,0.828,0.5,0.279,0.222,0
6448,57,0,8,1.049,0.573,1.052,0.0,0.531,0.325,0
6449,48,0,6,0.905,0.608,0.762,0.25,0.553,0.009,0
6450,60,1,9,0.933,0.433,0.965,0.0,0.479,0.229,0
6451,66,1,6,0.853,0.49,0.764,0.0,0.366,0.186,0
6452,55,1,7,1.048,0.544,0.739,0.0,0.041,0.393,0
6453,37,1,11,0.856,0.539,0.702,0.25,0.002,0.09,0
6454,76,0,12,0.96,0.552,1.176,0.0,0.729,0.13,0
6455,75,1,7,0.754,0.594,0.84,0.5,0.376,0.034,0
6456,70,0,9,0.871,0.628,0.844,0.5,0.14,0.152,0
6457,50,0,3,0.805,0.608,0.463,0.0,0.029,0.253,0
6458,65,0,8,0.838,0.542,1.009,1.0,0.748,0.109,0
6459,72,0,11,1.098,0.451,0.916,0.0,0.106,0.499,0
6460,46,1,8,0.84,0.59,0.629,0.0,0.104,-0.085,0
6461,38,1,12,0.833,0.485,0.7,0.5,0.143,0.131,0
6462,80,1,7,0.78,0.557,0.777,0.0,0.253,-0.137,0
6463,84,0,3,0.752,0.73,0.387,0.0,-0.177,0.124,0
6464,42,0,6,1.083,0.716,0.699,0.25,-0.001,0.394,0
6465,39,1,6,0.885,0.646,0.937,0.5,0.603,0.149,0
6466,74,1,8,0.805,0.505,0.588,0.0,0.025,0.187,0
6467,42,0,11,0.937,0.545,0.865,1.0,0.403,0.042,0
6468,56,1,11,1.019,0.477,0.853,0.5,0.183,0.303,0
6469,35,0,8,1.036,0.465,0.792,0.0,0.41,0.396,0
6470,55,0,4,0.875,0.673,0.349,0.5,-0.168,0.143,0
6471,41,0,5,0.791,0.555,0.63,0.5,0.186,0.003,0
6472,49,1,10,1.058,0.656,0.899,0.25,0.342,0.464,0
6473,69,1,5,0.674,0.699,0.828,0.0,0.384,0.021,0
6474,54,0,5,0.667,0.655,0.535,0.25,0.436,-0.233,0
6475,83,0,5,0.933,0.514,0.539,0.5,0.274,0.078,0
6476,40,1,11,0.904,0.564,0.778,0.0,0.262,0.204,0
6477,46,0,3,0.745,0.568,0.697,0.25,0.458,-0.06,0
6478,48,0,5,0.793,0.562,0.518,0.0,0.006,0.226,0
6479,32,1,11,0.845,0.569,1.034,0.0,0.37,-0.025,0
6480,50,0,5,0.982,0.722,0.58,0.25,0.333,-0.098,0
6481,49,1,10,0.888,0.432,1.214,0.0,0.778,0.255,0
6482,59,1,4,0.839,0.616,0.382,1.0,-0.095,-0.093,0
6483,55,0,3,0.601,0.565,0.238,0.0,-0.221,-0.089,0
6484,67,1,11,0.896,0.58,1.072,0.75,0.541,0.062,0
6485,84,0,5,0.816,0.465,0.475,0.5,-0.151,-0.281,0
6486,37,0,9,0.758,0.576,1.002,0.0,0.525,0.127,0
6487,56,0,11,0.816,0.582,0.86,0.5,0.77,-0.084,0
6488,38,0,11,1.058,0.483,0.659,0.0,0.053,0.39,0
6489,70,1,9,0.939,0.586,0.984,0.0,0.517,0.26,0
6490,71,1,3,1.045,0.673,0.675,0.0,0.144,0.29,0
6491,40,0,11,0.861,0.579,1.007,0.0,0.821,0.041,0
6492,78,1,6,1.07,0.59,0.527,0.0,0.036,0.115,0
6493,59,0,5,0.756,0.648,0.761,0.25,0.465,0.053,0
6494,76,0,4,0.913,0.572,0.598,0.75,0.06,0.191,0
6495,67,0,4,0.659,0.622,0.47,0.75,0.087,-0.072,0
6496,41,1,3,0.984,0.553,0.672,0.75,0.387,0.03,0
6497,40,1,4,0.733,0.7,0.657,0.75,0.055,0.027,0
6498,73,1,6,1.015,0.63,0.727,0.0,0.077,0.145,0
6499,67,0,9,1.075,0.706,0.756,0.0,0.285,0.199,0
6500,55,1,3,0.611,0.702,0.327,0.5,0.053,-0.223,0
6501,42,1,6,0.981,0.648,0.662,1.0,0.205,0.062,0
6502,55,0,3,0.852,0.532,0.847,0.0,0.505,-0.021,0
6503,46,0,4,0.758,0.684,0.562,0.0,0.185,0.117,0
6504,36,0,9,0.7,0.563,0.681,0.0,0.111,0.044,0
6505,57,0,6,0.645,0.523,0.469,1.0,0.078,-0.254,0
6506,82,0,3,0.828,0.613,0.403,0.75,0.104,0.035,0
6507,55,1,5,0.81,0.524,0.483,0.0,0.195,0.17,0
6508,34,1,3,0.696,0.746,0.7,1.0,0.123,-0.03,0
6509,50,1,6,0.773,0.582,1.005,0.0,0.464,0.129,0
6510,30,0,3,0.828,0.578,0.425,0.0,-0.137,0.031,0
6511,43,1,3,0.595,0.604,0.394,0.25,-0.017,-0.196,0
6512,65,1,10,1.1,0.674,0.953,0.0,0.486,0.451,0
6513,53,1,8,0.733,0.48,0.895,0.25,0.283,0.176,1
6514,31,0,5,0.847,0.866,0.504,0.0,-0.143,0.121,0
6515,68,1,9,0.991,0.686,0.463,0.5,-0.025,0.01,0
6516,80,0,10,1.098,0.416,1.061,0.0,0.79,0.45,0
6517,59,1,12,0.7,0.458,1.247,0.75,0.482,-0.201,1
6518,52,0,11,1.12,0.7,0.63,0.25,0.154,0.426,0
6519,31,0,12,0.871,0.502,1.067,1.0,0.375,0.233,0
6520,77,0,10,0.912,0.629,0.593,0.0,-0.072,0.13,0
6521,69,0,11,0.7,0.566,0.844,0.25,0.209,0.031,0
6522,36,0,3,0.623,0.57,0.742,0.0,0.156,0.069,0
6523,50,1,5,0.717,0.563,0.787,1.0,0.026,-0.042,1
6524,71,1,8,1.018,0.697,0.587,0.0,0.189,0.09,0
6525,73,1,12,1.093,0.532,0.96,0.25,0.262,0.095,0
6526,47,0,10,0.592,0.749,0.798,0.25,0.682,-0.076,0
6527,55,0,9,0.867,0.524,0.947,0.5,0.6,0.032,0
6528,81,0,8,0.596,0.561,0.733,0.0,0.246,-0.247,0
6529,75,0,6,0.83,0.653,0.573,0.0,-0.047,0.184,0
6530,55,0,12,0.949,0.7,0.694,0.0,0.327,0.162,0
6531,60,0,9,0.904,0.584,0.833,0.0,0.163,0.183,0
6532,80,0,4,0.911,0.718,0.433,1.0,-0.227,0.225,1
6533,48,0,4,0.833,0.637,0.553,0.0,-0.074,0.016,0
6534,30,0,6,0.863,0.594,0.852,0.75,0.536,0.163,0
6535,80,0,3,0.834,0.565,0.574,0.75,-0.017,0.201,0
6536,82,0,11,0.92,0.404,0.873,0.0,0.695,0.155,0
6537,35,0,5,0.937,0.608,0.804,1.0,0.237,0.335,0
6538,41,1,8,0.888,0.551,0.7,0.25,-0.14,0.096,0
6539,48,1,3,0.598,0.515,0.462,0.0,0.005,-0.102,0
6540,72,0,7,0.925,0.523,0.549,0.0,-0.087,-0.119,0
6541,49,0,5,0.837,0.565,0.397,0.0,-0.176,0.105,0
6542,49,0,11,0.852,0.531,0.724,0.0,0.264,-0.026,0
6543,79,1,6,0.906,0.593,0.898,0.0,0.231,0.155,0
6544,32,0,4,0.838,0.763,0.7,0.0,0.061,-0.055,0
6545,70,0,11,0.777,0.375,0.898,0.5,0.157,0.01,1
6546,34,0,6,0.924,0.519,0.743,0.0,0.597,0.069,0
6547,63,1,5,0.831,0.484,0.546,0.0,0.274,0.091,0
6548,55,1,8,0.998,0.583,0.97,0.0,0.543,0.178,0
6549,50,1,12,0.7,0.48,0.858,0.75,0.231,0.088,0
6550,80,0,3,0.811,0.867,0.607,0.0,0.154,0.015,0
6551,77,1,3,0.819,0.601,0.608,0.0,-0.063,0.035,0
6552,84,1,7,0.695,0.529,0.674,0.5,0.133,0.05,1
6553,80,0,12,0.823,0.532,0.857,0.25,0.304,0.171,1
6554,46,0,4,0.868,0.689,0.688,0.0,0.316,0.047,0
6555,75,0,11,0.952,0.441,0.822,1.0,0.256,0.391,0
6556,53,0,3,0.721,0.575,0.608,0.25,0.191,-0.01,0
6557,55,0,6,1.017,0.646,0.599,0.0,0.106,0.343,0
6558,42,1,9,0.918,0.7,0.578,0.5,0.163,0.147,0
6559,69,0,10,1.275,0.578,0.7,0.0,0.253,0.448,0
6560,51,0,6,0.786,0.567,0.529,0.25,0.155,-0.059,0
6561,58,0,10,0.998,0.489,0.674,0.0,0.186,0.203,0
6562,32,1,6,0.773,0.727,0.831,1.0,0.623,-0.138,0
6563,42,1,7,0.894,0.715,0.623,0.0,0.112,0.041,0
6564,45,1,6,0.975,0.535,0.764,0.0,0.358,0.174,0
6565,32,0,6,0.671,0.613,0.662,0.25,0.31,-0.066,0
6566,68,1,8,0.868,0.61,0.782,0.0,0.503,0.061,0
6567,65,1,7,0.954,0.618,0.871,0.0,0.551,-0.114,0
6568,72,0,10,0.968,0.423,0.586,0.0,0.332,0.268,0
6569,51,0,9,0.857,0.725,1.245,0.5,0.891,0.201,0
6570,36,1,4,0.871,0.702,0.659,0.5,0.248,0.126,0
6571,60,0,9,0.799,0.679,1.231,1.0,0.531,0.01,0
6572,81,1,10,0.904,0.59,0.87,0.0,0.755,0.076,0
6573,76,0,3,0.941,0.581,0.713,0.0,0.352,0.031,0
6574,78,0,10,0.887,0.461,0.863,0.25,0.163,-0.023,0
6575,82,1,4,0.708,0.565,0.581,0.0,0.107,-0.174,1
6576,42,0,12,0.885,0.597,1.087,1.0,0.833,0.007,0
6577,80,1,11,0.938,0.392,0.75,0.0,0.223,0.242,0
6578,61,1,4,0.747,0.705,0.429,0.75,-0.007,-0.083,0
6579,34,0,4,0.749,0.631,0.404,0.0,-0.229,-0.256,0
6580,47,1,7,0.985,0.642,0.753,0.0,0.39,0.163,0
6581,33,1,4,0.603,0.574,0.911,0.25,0.664,-0.32,0
6582,57,1,10,0.936,0.598,0.914,0.0,0.251,0.069,0
6583,51,0,11,1.015,0.653,0.729,0.5,0.185,0.205,0
6584,57,1,3,0.89,0.601,0.608,0.0,-0.013,0.025,0
6585,67,1,7,1.156,0.585,0.727,1.0,0.225,0.369,0
6586,45,1,10,0.694,0.716,0.965,0.0,0.39,-0.092,0
6587,69,0,7,0.688,0.485,0.57,0.0,-0.13,-0.19,0
6588,51,0,5,0.841,0.591,0.687,0.5,0.13,0.042,0
6589,38,0,5,0.897,0.708,0.506,0.0,0.117,-0.036,0
6590,53,0,8,0.975,0.532,0.7,0.0,0.0,0.101,0
6591,37,0,9,1.0,0.596,0.628,0.25,-0.002,0.192,0
6592,68,0,9,1.113,0.552,0.734,1.0,0.238,0.427,0
6593,80,0,9,0.732,0.529,0.895,0.0,0.608,-0.01,0
6594,53,1,5,0.798,0.556,0.432,0.0,-0.178,0.261,0
6595,54,0,7,0.7,0.728,0.797,0.25,0.543,0.078,0
6596,61,1,7,0.716,0.528,0.679,1.0,0.313,0.101,0
6597,52,0,11,1.109,0.572,1.057,1.0,0.669,0.383,0
6598,37,0,4,0.92,0.571,0.671,0.0,0.172,0.067,0
6599,65,1,4,0.691,0.673,0.615,0.0,0.083,-0.082,0
6600,70,1,5,0.902,0.487,0.916,0.0,0.553,0.124,0
6601,64,0,6,0.803,0.683,0.863,0.5,0.552,-0.082,0
6602,79,1,10,0.998,0.59,0.786,0.25,0.354,0.383,0
6603,46,0,4,0.74,0.62,0.561,0.0,0.042,-0.062,0
6604,79,1,10,0.836,0.658,0.725,0.25,-0.098,0.187,0
6605,66,0,11,1.013,0.393,0.845,0.0,0.157,0.313,0
6606,59,1,6,0.746,0.591,0.44,1.0,-0.213,-0.064,0
6607,75,1,3,0.706,0.681,0.597,1.0,0.169,-0.028,0
6608,65,1,5,0.92,0.663,0.518,0.0,0.291,0.083,0
6609,64,1,9,0.993,0.566,0.799,0.0,0.455,0.055,0
6610,75,0,11,0.933,0.478,0.973,0.5,0.68,0.075,0
6611,51,0,10,0.853,0.579,0.612,0.0,0.157,0.125,0
6612,70,1,5,0.73,0.634,0.891,0.5,0.438,0.025,0
6613,68,1,5,0.904,0.47,0.386,0.0,-0.087,0.235,0
6614,66,1,7,1.085,0.401,0.865,0.0,0.705,0.142,0
6615,38,1,4,0.731,0.653,0.393,0.25,0.259,-0.111,0
6616,81,0,8,0.601,0.592,0.94,0.0,0.3,-0.379,0
6617,78,0,5,1.044,0.723,0.868,0.0,0.504,0.292,0
6618,64,0,4,0.613,0.66,0.377,0.0,-0.133,-0.158,0
6619,44,0,10,0.942,0.421,0.568,0.0,-0.115,0.345,0
6620,41,0,4,0.792,0.624,0.353,0.0,0.147,0.101,0
6621,40,1,10,0.828,0.456,0.76,0.0,0.355,-0.031,0
6622,70,0,8,0.994,0.512,0.446,0.25,-0.011,0.174,0
6623,39,1,8,0.862,0.674,0.71,0.5,0.243,0.019,0
6624,64,0,11,0.81,0.531,0.813,0.0,0.106,0.154,1
6625,63,1,5,0.842,0.633,0.723,0.5,0.146,0.12,0
6626,71,1,12,1.171,0.7,0.835,0.0,0.57,0.497,0
6627,51,1,5,0.747,0.512,0.379,0.0,-0.435,0.007,0
6628,43,1,10,0.945,0.558,0.987,0.5,0.42,0.403,0
6629,41,0,6,0.822,0.759,0.607,0.0,0.04,-0.084,0
6630,75,0,10,0.881,0.538,0.823,0.0,0.054,0.165,0
6631,75,1,3,0.785,0.734,0.574,1.0,0.131,-0.086,0
6632,30,0,7,0.852,0.602,0.939,0.0,0.187,-0.002,0
6633,65,1,11,0.909,0.729,0.984,0.75,0.574,0.103,1
6634,80,1,3,0.672,0.594,0.597,0.0,0.415,-0.03,0
6635,61,0,8,0.944,0.585,0.903,0.0,0.249,0.185,0
6636,59,0,3,0.7,0.718,0.484,0.5,-0.206,-0.127,0
6637,62,1,3,0.883,0.59,0.858,0.5,0.648,0.011,0
6638,36,1,5,0.929,0.571,0.568,0.0,-0.021,0.254,0
6639,83,0,6,0.647,0.613,0.808,0.75,0.17,-0.065,0
6640,77,0,4,0.992,0.569,0.662,0.0,0.212,0.352,0
6641,54,1,10,0.929,0.536,0.59,0.0,-0.103,0.011,0
6642,44,1,4,1.045,0.587,0.395,0.0,0.013,0.233,0
6643,63,0,6,0.696,0.626,0.796,0.0,0.096,-0.094,0
6644,38,1,3,0.884,0.75,0.464,0.75,0.025,0.244,0
6645,31,1,7,0.895,0.601,0.858,0.25,0.274,0.016,0
6646,43,1,9,0.997,0.429,0.752,0.0,0.306,0.445,0
6647,56,0,6,0.91,0.696,0.642,0.0,0.012,0.206,0
6648,72,1,7,0.83,0.662,0.657,0.0,0.185,0.152,1
6649,78,1,8,0.804,0.684,0.889,0.25,0.477,0.012,0
6650,79,1,12,1.139,0.585,0.973,0.0,0.668,0.383,0
6651,82,0,10,0.792,0.55,0.608,0.75,0.357,0.01,0
6652,70,1,7,0.887,0.656,0.93,0.5,0.342,0.283,0
6653,48,1,11,0.896,0.512,0.916,0.5,0.772,0.211,0
6654,60,0,7,0.873,0.586,0.776,0.0,0.135,0.077,0
6655,30,1,11,1.038,0.526,0.849,1.0,0.228,0.38,0
6656,36,1,8,0.998,0.519,0.94,0.0,0.656,0.178,0
6657,42,0,3,0.747,0.58,0.648,0.5,0.324,-0.01,0
6658,43,1,3,0.714,0.563,0.642,0.5,0.181,-0.066,0
6659,38,1,7,1.087,0.501,0.431,0.75,-0.026,0.243,0
6660,57,0,8,0.569,0.598,0.816,1.0,0.447,-0.013,1
6661,43,1,8,1.062,0.493,0.444,0.75,-0.113,0.197,0
6662,73,1,11,0.7,0.705,0.913,0.0,0.496,-0.121,0
6663,72,1,3,0.891,0.621,0.47,0.0,0.001,0.084,0
6664,43,1,3,1.03,0.436,0.652,0.75,0.278,0.255,0
6665,49,0,11,1.097,0.556,0.821,0.0,0.607,0.453,0
6666,65,1,4,0.779,0.578,0.751,0.25,0.176,-0.157,0
6667,74,1,6,0.791,0.569,0.991,0.0,0.614,0.188,0
6668,75,1,11,0.992,0.499,0.455,1.0,-0.103,0.161,0
6669,75,1,8,0.854,0.624,1.006,0.5,0.454,0.145,0
6670,82,0,7,0.727,0.6,0.583,0.0,-0.075,0.004,0
6671,82,1,3,0.777,0.576,0.431,0.75,-0.122,0.108,0
6672,53,0,8,0.715,0.593,0.731,0.25,0.133,0.016,0
6673,66,1,6,0.804,0.55,0.839,0.0,0.31,0.015,0
6674,50,1,12,0.887,0.634,1.122,0.0,0.632,0.162,0
6675,42,1,8,0.948,0.583,0.781,1.0,0.468,0.057,0
6676,84,0,5,0.89,0.644,0.64,0.0,0.065,0.157,0
6677,54,1,4,0.683,0.562,0.46,0.0,-0.004,-0.222,0
6678,73,0,7,0.84,0.722,0.69,0.0,0.479,0.14,0
6679,50,1,6,0.696,0.594,0.747,0.25,0.248,-0.008,0
6680,80,0,4,0.914,0.7,0.535,0.0,-0.173,0.208,0
6681,52,1,8,0.923,0.552,0.743,0.0,0.152,0.144,0
6682,41,0,4,0.997,0.506,0.451,0.0,0.042,0.053,0
6683,76,1,7,0.73,0.574,0.548,1.0,-0.056,0.15,0
6684,43,1,4,0.977,0.578,0.515,0.5,0.11,0.06,0
6685,66,0,8,0.906,0.462,0.653,1.0,0.109,-0.034,0
6686,70,0,4,0.982,0.496,0.788,0.25,0.384,0.215,0
6687,32,1,12,0.955,0.497,1.028,0.25,0.486,0.255,0
6688,43,0,6,0.939,0.656,0.76,0.0,0.642,0.289,0
6689,36,1,4,0.781,0.621,0.489,0.75,-0.158,-0.059,0
6690,77,1,12,0.774,0.427,0.807,0.5,0.476,-0.071,1
6691,63,0,8,0.936,0.618,0.615,0.0,0.119,0.305,0
6692,41,0,7,0.816,0.544,0.599,1.0,0.06,0.219,0
6693,84,1,9,0.7,0.509,0.897,0.5,0.226,-0.001,0
6694,65,1,6,1.03,0.534,0.7,0.0,0.251,0.267,0
6695,72,0,4,1.066,0.604,0.453,0.0,0.004,0.349,0
6696,33,0,8,0.739,0.409,0.88,0.25,0.586,-0.122,0
6697,45,0,4,0.753,0.549,0.516,0.0,0.153,-0.157,0
6698,56,0,5,1.034,0.545,1.042,0.0,0.287,0.299,0
6699,82,1,8,0.962,0.616,0.592,0.0,0.109,0.152,0
6700,61,0,8,0.847,0.704,0.603,1.0,-0.077,0.011,0
6701,59,0,5,0.929,0.55,0.53,0.0,-0.019,0.229,0
6702,44,1,8,0.719,0.489,0.654,1.0,0.146,0.03,0
6703,70,0,10,0.812,0.602,0.708,0.0,0.486,0.157,0
6704,41,0,9,0.82,0.687,0.882,0.0,0.177,0.015,0
6705,67,0,6,0.885,0.591,0.596,0.75,-0.112,0.005,0
6706,56,0,11,0.801,0.46,0.864,0.0,0.683,-0.073,0
6707,43,1,10,0.919,0.479,0.784,0.25,0.183,0.2,0
6708,64,1,7,0.879,0.674,0.546,1.0,0.231,0.314,0
6709,77,0,11,1.021,0.758,0.787,0.5,0.108,0.009,0
6710,46,0,4,0.7,0.559,0.484,0.25,0.084,0.146,0
6711,64,1,9,0.816,0.499,0.91,0.0,0.396,-0.057,0
6712,83,0,8,1.044,0.623,0.65,0.5,0.346,0.301,1
6713,58,1,11,0.916,0.547,0.988,0.0,0.444,0.022,0
6714,37,1,8,1.051,0.597,0.972,0.25,0.407,0.351,0
6715,62,1,12,0.986,0.515,0.905,0.0,0.534,0.149,0
6716,37,0,5,1.049,0.51,0.673,0.0,0.455,0.329,0
6717,37,0,3,0.791,0.645,0.67,0.0,-0.144,0.117,0
6718,66,0,8,0.864,0.559,0.99,0.0,0.445,0.017,0
6719,36,1,7,0.705,0.698,0.469,0.75,0.091,-0.104,0
6720,41,0,5,0.706,0.692,0.703,0.0,0.003,0.003,0
6721,77,1,6,0.883,0.556,0.549,0.75,-0.177,0.259,0
6722,52,0,6,0.875,0.587,0.898,0.25,0.548,0.119,0
6723,65,1,7,0.791,0.531,0.768,0.0,0.323,-0.023,0
6724,40,1,5,0.886,0.565,0.4,0.75,-0.044,0.177,0
6725,71,0,12,0.928,0.606,0.79,0.0,0.42,0.242,0
6726,32,1,11,1.044,0.441,0.811,0.0,0.335,0.172,0
6727,57,0,3,0.692,0.679,0.816,0.0,0.347,-0.001,0
6728,36,0,12,0.795,0.565,1.023,0.0,0.764,0.093,0
6729,76,1,4,0.81,0.616,0.5,0.0,-0.033,-0.031,0
6730,60,1,5,0.912,0.54,0.499,0.0,0.159,0.169,0
6731,33,1,8,0.914,0.536,0.39,0.0,0.171,0.165,0
6732,45,1,7,1.048,0.572,0.625,0.0,0.378,0.433,0
6733,81,0,7,0.871,0.681,0.81,0.25,0.23,0.192,1
6734,31,1,6,0.878,0.634,0.637,1.0,0.219,0.084,0
6735,49,1,4,0.697,0.57,0.605,0.5,0.063,0.235,0
6736,73,1,4,0.809,0.623,0.861,0.75,0.221,-0.017,0
6737,51,0,4,0.511,0.626,0.563,1.0,0.179,-0.354,0
6738,41,0,9,0.873,0.45,0.641,0.0,0.699,0.124,0
6739,80,1,7,0.688,0.559,0.494,0.0,0.064,-0.024,0
6740,40,1,9,0.989,0.699,0.801,0.0,0.271,0.073,0
6741,65,0,3,0.706,0.6,0.527,0.75,0.033,-0.098,0
6742,80,0,6,0.86,0.583,0.698,1.0,0.11,0.244,1
6743,44,0,8,0.678,0.664,0.753,0.0,0.301,-0.068,0
6744,57,0,12,1.055,0.485,0.885,0.0,0.605,0.189,0
6745,59,1,7,0.868,0.491,0.591,0.25,0.151,0.128,0
6746,72,0,9,0.97,0.513,0.879,0.5,0.796,0.048,0
6747,80,1,10,0.713,0.601,0.682,0.0,0.497,0.144,0
6748,51,0,9,0.9,0.589,0.829,0.5,0.253,0.178,0
6749,77,0,12,0.95,0.424,0.943,0.25,0.499,0.534,0
6750,61,1,5,0.818,0.557,0.522,0.0,-0.05,0.26,0
6751,57,1,5,0.858,0.585,0.785,0.0,0.327,-0.046,0
6752,76,1,7,0.948,0.561,0.7,0.0,0.187,0.009,0
6753,31,1,9,0.893,0.659,0.987,0.0,0.276,0.09,0
6754,42,1,6,0.808,0.488,0.865,0.0,0.474,0.025,0
6755,30,0,11,0.943,0.484,1.018,0.0,0.56,0.082,0
6756,41,1,8,1.05,0.685,0.752,0.75,0.308,0.218,0
6757,72,0,7,0.883,0.672,0.621,1.0,0.17,0.306,0
6758,63,0,6,0.783,0.514,0.996,0.5,0.573,0.031,0
6759,63,1,6,0.634,0.614,0.795,0.25,0.421,-0.346,0
6760,81,0,10,1.095,0.7,1.148,0.25,0.751,0.208,0
6761,65,0,6,0.779,0.476,0.585,0.0,0.117,0.209,0
6762,75,1,5,0.744,0.541,0.67,0.0,0.416,-0.018,0
6763,41,0,5,0.892,0.744,0.528,0.25,-0.117,0.275,0
6764,65,0,6,0.915,0.729,0.526,0.5,-0.173,0.215,0
6765,44,0,3,1.02,0.615,0.727,0.0,0.246,0.173,0
6766,76,1,10,1.045,0.603,0.738,0.5,0.365,0.506,0
6767,38,0,7,0.953,0.65,0.612,0.5,0.205,0.274,0
6768,40,0,11,0.934,0.464,0.661,0.5,0.538,0.226,0
6769,67,0,11,1.0,0.559,0.808,0.25,0.284,0.338,0
6770,39,0,11,1.042,0.539,0.948,0.25,0.594,0.198,0
6771,80,0,3,0.664,0.559,0.369,0.25,-0.123,-0.147,0
6772,54,1,6,0.888,0.689,0.74,0.5,0.494,0.166,0
6773,68,1,5,0.796,0.55,0.503,0.0,-0.048,0.01,1
6774,83,0,7,0.716,0.595,0.583,0.5,0.08,-0.144,0
6775,33,0,7,0.768,0.674,0.642,0.5,-0.069,-0.182,0
6776,42,0,3,0.841,0.422,0.428,0.0,-0.046,-0.135,0
6777,34,0,7,0.806,0.537,0.905,0.25,0.305,-0.146,0
6778,80,1,4,0.943,0.699,0.617,0.0,0.072,0.36,0
6779,62,1,11,0.894,0.567,1.006,0.0,0.589,0.217,0
6780,64,0,10,0.82,0.609,0.794,0.75,0.159,0.097,0
6781,78,0,9,1.078,0.536,0.821,0.0,0.34,0.013,0
6782,39,1,8,0.981,0.509,0.717,0.5,0.263,0.057,0
6783,62,0,7,0.815,0.631,0.675,0.0,0.263,0.091,0
6784,71,1,3,0.909,0.507,0.7,1.0,-0.112,0.258,1
6785,67,1,4,0.853,0.533,0.377,0.0,-0.332,0.127,0
6786,48,0,6,0.684,0.595,0.663,0.25,0.039,-0.176,0
6787,39,1,7,0.983,0.607,0.825,0.0,0.276,0.199,0
6788,75,0,9,0.927,0.475,0.382,0.0,-0.203,0.096,0
6789,35,1,5,1.064,0.581,0.838,0.0,0.592,0.364,0
6790,70,0,5,0.896,0.666,0.604,0.75,-0.096,0.038,1
6791,49,0,4,0.845,0.601,0.473,0.0,-0.434,0.209,0
6792,82,1,5,0.74,0.534,0.65,0.0,0.285,-0.231,0
6793,33,0,10,0.7,0.638,0.923,0.5,0.466,0.215,0
6794,40,0,7,0.711,0.621,0.68,0.25,-0.18,-0.122,0
6795,30,1,7,0.775,0.47,0.393,0.5,-0.116,0.182,0
6796,83,0,4,0.898,0.725,0.98,0.0,0.394,0.042,1
6797,66,1,8,0.833,0.561,0.7,0.0,0.0,0.203,0
6798,57,0,6,0.803,0.683,0.574,0.0,0.167,0.008,0
6799,76,0,4,1.086,0.732,0.412,0.0,0.002,0.302,0
6800,58,1,7,1.03,0.563,1.009,1.0,0.523,0.025,0
6801,52,0,10,0.901,0.506,0.953,0.25,0.253,0.231,0
6802,76,1,10,1.034,0.504,0.69,0.0,0.05,0.386,0
6803,80,0,5,0.934,0.61,0.523,1.0,-0.226,0.088,1
6804,66,0,11,0.983,0.495,0.837,0.0,0.407,0.283,0
6805,49,0,7,0.799,0.681,0.793,0.75,0.412,0.117,0
6806,66,1,11,0.79,0.7,0.718,0.0,0.094,0.066,1
6807,45,0,11,0.985,0.545,1.258,0.0,0.705,0.305,0
6808,40,1,7,0.703,0.566,0.548,0.75,-0.001,-0.165,0
6809,39,0,9,1.005,0.508,0.746,0.0,0.402,0.435,0
6810,83,0,12,0.99,0.569,0.94,0.25,0.507,0.076,0
6811,71,1,10,0.93,0.646,0.986,0.0,0.368,0.21,0
6812,31,1,9,0.997,0.496,0.761,1.0,0.26,0.027,0
6813,48,0,4,0.52,0.529,0.402,0.0,-0.087,-0.157,0
6814,66,1,9,0.843,0.58,0.869,0.0,0.169,-0.039,1
6815,83,0,12,0.985,0.442,0.936,0.75,0.533,0.115,1
6816,53,1,12,0.952,0.425,0.661,0.25,0.054,0.152,0
6817,54,0,6,0.901,0.705,0.588,0.0,0.039,0.418,0
6818,60,1,6,0.858,0.561,0.523,0.0,-0.015,0.11,0
6819,34,1,4,0.679,0.61,0.602,0.0,-0.028,-0.07,0
6820,79,1,8,0.887,0.666,0.822,0.0,0.126,0.05,0
6821,68,1,3,0.709,0.611,0.484,0.75,-0.041,-0.094,0
6822,47,1,3,0.972,0.501,0.61,1.0,0.324,0.197,0
6823,48,0,9,0.843,0.626,0.826,1.0,0.505,0.143,0
6824,49,1,7,0.656,0.494,0.888,0.0,0.389,-0.119,0
6825,83,1,5,0.883,0.639,0.842,1.0,0.387,0.006,0
6826,41,0,8,0.947,0.611,0.44,0.5,-0.024,0.282,0
6827,65,0,12,0.971,0.462,0.553,0.0,-0.17,0.109,0
6828,32,1,11,0.827,0.62,0.896,0.0,0.326,0.009,0
6829,32,1,5,0.806,0.677,0.811,0.75,0.407,0.018,0
6830,66,1,7,0.844,0.631,0.986,0.75,0.641,-0.026,1
6831,69,1,12,0.989,0.598,0.846,0.0,0.538,0.265,0
6832,46,0,5,0.821,0.652,0.786,0.25,0.564,0.029,0
6833,37,1,9,0.966,0.554,0.967,0.0,0.669,0.132,0
6834,43,0,4,0.828,0.613,0.576,0.0,0.007,-0.041,0
6835,63,0,12,0.927,0.482,0.932,0.0,0.653,0.087,0
6836,77,1,12,1.002,0.509,1.309,0.25,0.829,0.229,1
6837,73,0,7,0.944,0.674,0.678,1.0,0.471,0.296,0
6838,53,1,5,0.919,0.689,0.774,0.0,0.337,0.152,0
6839,84,0,3,0.66,0.609,0.355,0.0,-0.17,-0.017,0
6840,44,1,8,0.908,0.645,0.593,0.0,0.02,0.085,0
6841,41,0,5,0.984,0.631,0.604,1.0,0.18,0.229,0
6842,35,1,3,0.921,0.68,0.489,0.75,-0.318,0.27,0
6843,64,1,10,0.739,0.583,1.116,1.0,0.665,0.136,0
6844,46,0,9,0.766,0.538,0.667,0.5,0.261,0.158,0
6845,45,1,4,0.799,0.604,0.623,0.25,-0.073,0.099,0
6846,65,1,10,0.906,0.542,0.731,0.75,0.539,0.108,0
6847,37,0,9,0.965,0.587,0.7,1.0,-0.1,0.244,0
6848,76,1,12,1.177,0.557,1.04,1.0,0.732,0.511,1
6849,43,0,3,0.674,0.636,0.741,0.25,0.287,-0.304,0
6850,52,1,6,0.691,0.608,0.817,0.75,0.432,0.107,0
6851,60,1,9,0.734,0.504,1.035,0.0,0.486,0.034,0
6852,48,1,3,0.891,0.7,0.746,0.75,0.453,0.031,0
6853,35,1,5,0.815,0.495,0.655,0.75,0.149,0.09,0
6854,57,0,4,0.704,0.662,0.473,0.5,-0.056,0.034,0
6855,49,0,5,0.66,0.562,0.786,0.0,0.293,0.052,0
6856,62,0,10,0.99,0.59,0.94,0.75,0.504,0.499,0
6857,49,1,10,0.848,0.579,0.789,0.0,0.51,0.298,0
6858,59,0,3,0.8,0.65,0.611,0.0,0.155,-0.082,0
6859,34,1,7,0.697,0.632,0.658,0.0,-0.042,0.04,0
6860,65,1,12,0.9,0.692,0.99,0.0,0.684,0.143,0
6861,45,1,9,0.979,0.479,0.953,0.0,0.359,0.413,0
6862,64,0,7,1.04,0.584,0.712,0.0,0.559,0.168,0
6863,65,0,5,0.743,0.626,0.464,0.5,0.282,-0.111,0
6864,38,0,4,0.764,0.533,0.384,0.0,0.199,0.169,0
6865,44,1,8,0.895,0.656,0.586,0.0,0.315,0.18,0
6866,49,0,10,1.042,0.315,0.7,0.0,0.416,0.395,0
6867,34,0,4,0.588,0.573,1.006,0.0,0.475,-0.024,0
6868,39,1,6,0.858,0.627,0.72,0.75,-0.01,-0.05,0
6869,52,1,7,0.865,0.58,0.8,0.25,0.188,0.123,0
6870,52,1,8,0.867,0.477,0.833,0.0,0.255,-0.041,0
6871,41,1,12,1.15,0.65,0.964,0.5,0.439,0.685,0
6872,35,1,4,0.776,0.571,0.48,0.0,-0.147,0.023,0
6873,51,1,8,1.019,0.613,0.784,0.5,0.069,0.369,0
6874,81,0,3,0.832,0.515,0.483,0.75,-0.019,0.206,0
6875,57,1,6,0.698,0.541,0.775,1.0,0.335,-0.17,0
6876,44,1,11,0.723,0.595,0.842,0.0,0.264,0.012,0
6877,73,1,11,0.878,0.557,1.23,0.0,0.718,-0.047,0
6878,41,0,6,0.872,0.451,0.67,0.25,-0.03,0.298,0
6879,81,0,9,0.82,0.563,0.582,0.25,-0.092,0.244,0
6880,50,0,12,1.052,0.636,0.779,0.0,0.585,0.369,0
6881,50,0,10,0.886,0.599,0.589,0.0,0.256,0.187,0
6882,75,0,4,0.848,0.689,0.584,0.0,-0.055,0.06,0
6883,50,1,10,1.043,0.561,0.873,0.25,0.445,0.252,0
6884,75,1,6,0.806,0.63,0.447,0.0,-0.097,0.079,0
6885,78,1,6,0.7,0.497,0.584,0.0,0.039,-0.079,0
6886,54,1,8,0.763,0.575,0.562,0.0,-0.017,0.163,0
6887,31,1,3,0.602,0.627,0.538,0.5,-0.05,-0.206,0
6888,62,0,6,1.045,0.576,0.651,0.25,0.265,0.233,0
6889,76,1,9,0.668,0.543,0.783,0.0,0.523,-0.01,0
6890,58,1,4,0.903,0.616,0.533,0.75,-0.029,0.185,0
6891,55,1,10,1.028,0.637,0.841,0.0,0.38,0.249,0
6892,81,0,5,1.013,0.576,1.05,0.0,0.482,0.398,0
6893,50,1,10,0.875,0.577,0.748,0.5,0.217,0.36,0
6894,42,0,7,0.83,0.639,0.803,0.25,0.323,-0.06,0
6895,36,1,6,0.848,0.584,0.738,0.0,0.16,0.221,0
6896,63,1,9,0.732,0.415,0.698,1.0,0.021,-0.032,1
6897,50,1,5,0.759,0.55,0.816,0.5,0.386,0.012,0
6898,66,1,11,0.858,0.58,0.826,0.0,0.322,-0.029,0
6899,46,0,11,0.913,0.7,0.931,1.0,0.302,-0.009,0
6900,41,0,4,0.768,0.587,0.7,0.0,0.242,0.154,0
6901,35,1,6,0.888,0.626,0.707,0.0,0.218,0.034,0
6902,30,0,9,0.69,0.552,0.999,0.25,0.678,-0.185,0
6903,57,0,5,0.7,0.425,0.853,0.0,0.505,-0.071,0
6904,84,0,9,0.7,0.227,0.873,0.0,0.319,-0.04,0
6905,69,1,12,1.228,0.513,0.968,0.75,0.419,0.53,1
6906,72,0,9,1.088,0.475,0.693,1.0,0.579,0.525,0
6907,64,1,6,0.732,0.508,0.719,0.5,0.428,-0.025,0
6908,58,1,7,0.603,0.634,0.831,0.5,0.058,-0.321,0
6909,56,0,8,1.002,0.528,0.518,0.0,-0.023,0.404,0
6910,57,1,5,0.666,0.746,0.275,0.25,-0.177,0.007,0
6911,84,0,9,0.885,0.565,0.7,0.0,0.375,0.067,0
6912,61,0,6,0.881,0.465,0.826,0.0,0.297,0.036,0
6913,84,0,12,1.109,0.468,0.91,0.0,0.508,0.248,0
6914,52,0,11,0.983,0.456,0.657,0.0,0.271,0.318,0
6915,81,0,8,0.947,0.512,0.714,0.0,0.242,0.248,0
6916,46,1,12,1.074,0.57,1.21,0.75,0.768,0.498,0
6917,77,1,10,0.745,0.533,0.984,0.5,0.669,0.018,0
6918,65,0,5,0.743,0.736,0.79,0.25,0.552,0.132,0
6919,68,0,6,0.837,0.729,0.318,0.0,-0.515,-0.066,0
6920,30,1,4,0.963,0.589,0.421,0.25,-0.253,0.143,0
6921,56,1,4,0.814,0.612,0.523,0.75,0.103,0.181,0
6922,49,1,9,0.809,0.614,0.882,0.0,0.258,0.174,0
6923,56,1,11,0.947,0.652,1.044,0.0,0.588,0.301,1
6924,58,1,12,0.916,0.552,0.836,0.0,0.246,0.235,0
6925,45,1,5,0.83,0.641,0.855,1.0,0.298,0.131,0
6926,40,1,4,0.582,0.617,0.367,1.0,-0.264,-0.346,0
6927,50,1,6,0.923,0.553,0.558,0.0,0.125,-0.024,0
6928,43,0,9,0.868,0.553,0.536,0.0,0.108,0.152,0
6929,31,1,12,0.835,0.592,0.82,0.0,0.345,0.013,0
6930,61,1,5,0.84,0.666,0.552,0.0,-0.077,-0.046,0
6931,56,0,6,0.7,0.633,0.848,0.25,0.486,0.254,0
6932,32,1,4,0.596,0.516,0.212,0.0,0.019,-0.017,0
6933,57,0,8,0.964,0.695,0.745,0.0,0.456,0.278,0
6934,83,0,8,0.7,0.548,0.441,0.0,-0.171,-0.048,0
6935,39,0,7,0.911,0.62,0.637,0.0,0.083,0.031,0
6936,58,0,3,0.783,0.588,0.659,0.0,0.069,-0.13,0
6937,71,0,5,0.824,0.661,0.379,0.75,-0.009,-0.1,0
6938,59,1,5,0.923,0.648,0.403,0.0,-0.134,0.239,0
6939,36,0,5,0.79,0.631,0.838,0.5,0.279,0.061,0
6940,77,1,5,0.881,0.593,0.595,0.0,0.178,0.196,0
6941,62,0,12,1.245,0.486,0.538,0.0,-0.146,0.395,0
6942,72,0,11,1.217,0.51,0.651,1.0,0.277,0.527,1
6943,78,0,6,0.961,0.633,0.564,0.0,0.171,0.194,0
6944,32,0,3,0.745,0.553,0.89,1.0,0.447,0.131,0
6945,55,1,6,0.873,0.711,0.901,0.5,0.368,-0.001,0
6946,77,1,3,0.826,0.581,0.49,0.0,0.155,0.059,0
6947,57,1,5,0.755,0.739,0.608,0.0,0.284,0.003,0
6948,61,1,4,0.828,0.715,0.58,0.75,0.196,0.073,0
6949,34,1,9,0.792,0.481,0.573,0.0,-0.127,0.081,0
6950,54,0,10,0.861,0.583,1.009,1.0,0.364,0.056,0
6951,82,1,5,0.653,0.662,0.885,0.75,0.409,-0.083,0
6952,71,1,11,0.998,0.561,0.977,0.25,0.722,0.226,1
6953,80,1,11,0.962,0.584,0.773,0.5,0.256,0.038,0
6954,33,1,9,0.862,0.508,0.766,0.25,0.132,0.052,0
6955,56,1,12,1.232,0.456,0.879,0.75,0.713,0.26,0
6956,48,1,5,0.628,0.676,0.784,0.0,0.742,-0.217,0
6957,71,1,8,0.66,0.677,0.612,0.25,0.176,-0.04,0
6958,80,0,3,0.664,0.583,0.432,0.0,-0.115,-0.036,0
6959,77,0,10,1.014,0.518,0.815,0.25,0.343,0.427,1
6960,36,1,4,0.845,0.633,0.485,0.25,-0.083,0.057,0
6961,62,0,6,0.893,0.557,0.751,0.75,-0.017,0.274,0
6962,61,0,7,0.728,0.465,0.426,0.0,0.044,-0.076,0
6963,74,1,10,0.77,0.688,0.854,0.0,0.258,0.092,0
6964,64,0,12,0.791,0.53,0.731,0.5,0.301,0.098,0
6965,62,0,8,0.898,0.651,0.616,0.5,0.077,0.054,0
6966,71,0,5,0.783,0.702,0.811,0.0,0.346,0.031,0
6967,83,1,5,0.922,0.556,0.909,0.0,0.444,-0.015,0
6968,52,1,8,0.935,0.498,0.818,0.0,0.157,0.16,0
6969,34,0,11,0.924,0.573,0.903,0.5,0.596,0.268,0
6970,71,0,3,0.704,0.548,0.415,0.5,-0.16,-0.142,0
6971,52,1,8,0.962,0.548,0.895,0.0,0.719,-0.061,0
6972,49,1,11,1.158,0.571,1.125,1.0,0.736,0.409,0
6973,72,0,11,1.013,0.588,0.516,0.0,0.153,0.313,0
6974,30,1,12,0.985,0.478,0.886,0.25,0.505,0.327,0
6975,48,1,8,0.715,0.442,0.71,0.0,0.159,-0.095,0
6976,56,0,11,0.905,0.432,0.732,0.25,0.216,0.22,0
6977,75,0,5,0.921,0.546,0.723,1.0,0.438,0.391,0
6978,41,0,9,0.823,0.69,0.734,0.5,0.306,0.11,0
6979,59,1,11,0.788,0.484,1.099,0.0,0.53,0.043,0
6980,84,1,3,0.746,0.506,0.513,0.75,0.128,0.003,1
6981,37,0,9,0.948,0.585,0.334,0.0,0.092,0.161,0
6982,70,1,11,0.7,0.585,0.727,0.0,0.331,-0.022,0
6983,57,1,5,0.676,0.615,0.507,0.75,0.167,0.121,0
6984,36,1,10,0.761,0.498,0.871,0.25,0.708,0.171,0
6985,66,0,9,0.99,0.537,0.677,0.0,0.351,0.406,0
6986,76,0,12,0.906,0.564,1.155,0.75,0.619,0.206,0
6987,68,0,9,0.7,0.545,0.79,0.0,0.263,0.062,0
6988,32,0,4,0.733,0.655,0.629,0.0,0.301,-0.063,0
6989,66,1,3,0.796,0.611,0.57,0.0,0.155,0.164,0
6990,81,0,6,0.968,0.561,0.737,0.25,0.191,0.216,0
6991,47,1,8,0.813,0.7,0.219,0.0,-0.155,0.197,0
6992,34,1,12,1.005,0.592,1.059,0.0,0.608,0.087,0
6993,68,1,9,0.868,0.537,0.937,0.0,0.564,0.246,0
6994,60,1,6,0.831,0.663,0.742,0.0,0.518,0.242,0
6995,56,0,8,0.915,0.556,0.54,0.0,0.413,0.213,0
6996,40,1,10,0.867,0.545,0.977,0.0,0.933,0.252,0
6997,73,1,3,0.7,0.577,0.555,0.0,-0.145,-0.188,0
6998,64,1,11,0.989,0.589,0.898,0.0,0.643,0.465,0
6999,78,0,9,0.7,0.688,0.741,0.0,0.163,-0.207,0
7000,81,0,9,0.831,0.489,0.681,1.0,0.364,-0.029,0
7001,73,0,3,0.68,0.546,0.837,0.75,0.435,-0.238,0
7002,36,1,3,1.023,0.567,0.218,0.25,-0.1,0.208,0
7003,49,0,9,0.852,0.573,0.642,0.0,0.12,0.096,0
7004,42,0,10,1.13,0.557,0.781,0.0,-0.036,0.356,0
7005,33,0,6,0.986,0.561,0.665,0.0,0.164,0.126,0
7006,47,1,9,0.839,0.57,0.845,0.0,0.455,0.329,0
7007,65,0,11,0.834,0.471,1.124,0.5,0.794,0.068,0
7008,63,1,3,0.766,0.594,0.548,0.0,0.006,0.014,0
7009,63,1,3,0.878,0.672,0.505,0.25,-0.054,0.066,0
7010,49,0,12,1.144,0.57,0.896,0.5,0.331,0.271,0
7011,65,0,10,0.931,0.689,0.517,1.0,-0.284,0.338,1
7012,46,1,7,0.788,0.649,0.7,0.75,0.111,0.167,0
7013,76,0,10,0.915,0.514,1.178,1.0,0.693,0.135,0
7014,82,0,3,0.915,0.646,0.645,0.0,0.035,0.109,0
7015,39,0,5,0.861,0.639,0.518,0.25,0.238,0.271,0
7016,70,1,9,0.877,0.483,0.558,0.25,0.32,0.177,0
7017,76,1,7,1.183,0.502,0.626,0.25,-0.141,0.316,0
7018,32,0,11,1.076,0.587,0.683,0.5,0.183,0.376,0
7019,77,0,4,0.732,0.593,0.523,0.75,-0.078,-0.034,0
7020,33,1,10,0.7,0.578,1.055,0.0,0.309,-0.017,0
7021,35,0,3,0.9,0.477,0.706,0.0,0.006,0.317,0
7022,51,1,8,0.917,0.574,0.753,0.0,0.209,0.219,0
7023,78,1,9,1.187,0.613,0.844,0.5,0.16,0.456,1
7024,41,0,4,0.907,0.673,0.646,1.0,-0.069,0.085,0
7025,40,0,8,1.111,0.537,0.711,0.75,0.014,0.218,0
7026,44,1,6,0.731,0.453,0.576,1.0,0.311,-0.128,0
7027,38,1,8,1.075,0.388,1.03,0.0,0.293,0.178,0
7028,67,1,12,0.858,0.47,0.769,0.0,0.454,0.294,0
7029,55,1,7,1.01,0.646,0.607,0.75,-0.009,0.4,0
7030,77,0,10,0.957,0.626,0.966,0.5,0.126,0.154,0
7031,38,1,11,0.687,0.543,0.728,0.5,0.089,-0.192,0
7032,30,1,12,0.827,0.594,0.922,0.0,0.699,0.044,0
7033,80,1,5,1.06,0.62,0.74,0.75,0.253,0.36,0
7034,81,0,11,0.786,0.632,0.783,0.0,0.15,0.026,0
7035,54,1,6,1.085,0.433,0.587,0.5,0.035,0.18,0
7036,31,0,3,0.801,0.547,0.615,0.0,0.19,0.097,0
7037,46,0,12,0.857,0.448,0.947,0.5,0.248,-0.056,0
7038,60,1,9,0.873,0.614,0.984,0.75,0.368,-0.069,0
7039,71,0,7,0.708,0.525,0.999,0.25,0.653,0.11,0
7040,80,0,4,0.735,0.716,0.716,0.0,0.481,0.203,0
7041,34,1,6,0.824,0.517,0.665,0.0,-0.035,-0.029,0
7042,52,1,3,0.717,0.561,0.536,0.75,0.034,-0.071,0
7043,38,0,5,0.943,0.626,0.666,0.0,0.512,0.023,0
7044,79,1,4,0.874,0.602,0.44,0.5,-0.158,0.08,0
7045,61,0,9,0.877,0.55,0.517,0.0,-0.01,0.233,0
7046,70,0,3,0.5,0.505,0.707,0.0,0.271,-0.29,0
7047,54,1,3,0.697,0.684,0.503,0.25,-0.07,-0.179,0
7048,61,0,4,0.748,0.633,0.814,1.0,0.261,-0.008,0
7049,46,0,10,0.908,0.677,0.753,0.0,0.527,0.185,0
7050,71,0,10,0.804,0.464,0.835,0.0,0.135,-0.041,0
7051,74,1,6,0.814,0.626,0.684,0.0,0.012,-0.296,0
7052,83,0,6,0.738,0.543,0.716,0.5,0.142,0.006,1
7053,72,1,11,0.894,0.477,0.847,0.0,0.311,0.241,0
7054,73,1,7,0.797,0.581,0.799,1.0,0.348,0.092,1
7055,61,1,3,0.7,0.645,0.539,0.0,0.166,-0.099,0
7056,57,1,5,0.785,0.599,0.684,1.0,0.184,-0.117,0
7057,46,0,8,0.985,0.424,1.071,0.25,0.381,0.435,0
7058,55,1,4,1.104,0.583,0.475,0.5,-0.057,0.077,0
7059,50,0,3,0.926,0.679,0.51,0.0,0.171,0.163,0
7060,64,1,11,1.072,0.528,1.038,1.0,0.627,0.394,0
7061,75,0,6,0.934,0.596,0.72,0.25,0.101,0.139,0
7062,79,1,12,0.982,0.407,0.551,0.0,-0.022,0.012,1
7063,32,1,4,0.867,0.651,0.458,0.75,0.054,-0.07,0
7064,58,1,8,0.986,0.638,0.79,0.0,0.359,0.002,0
7065,64,1,3,0.918,0.703,0.592,0.0,0.026,-0.255,0
7066,73,0,9,0.7,0.61,0.42,0.0,0.007,0.136,0
7067,47,1,12,1.115,0.628,0.671,0.75,-0.02,0.425,0
7068,68,1,4,0.668,0.558,0.588,0.25,0.314,0.173,0
7069,75,1,6,1.033,0.709,0.437,0.0,-0.161,0.438,0
7070,33,0,6,0.783,0.739,0.476,0.75,0.008,0.339,0
7071,37,1,12,0.852,0.642,0.923,0.0,0.293,0.217,0
7072,48,1,11,0.815,0.583,0.746,0.25,0.119,0.115,0
7073,40,1,4,1.051,0.646,0.743,0.25,0.217,0.429,0
7074,42,0,9,1.015,0.428,0.905,0.0,0.398,0.415,0
7075,65,0,4,0.976,0.614,0.465,0.0,0.138,0.038,0
7076,42,0,6,1.036,0.649,0.775,0.0,0.311,0.363,0
7077,58,1,10,0.985,0.598,0.893,0.0,0.193,-0.001,0
7078,68,1,7,0.98,0.422,0.999,0.5,0.565,0.147,0
7079,74,1,11,1.072,0.646,0.666,0.75,0.176,0.471,1
7080,55,1,8,0.981,0.577,0.709,0.0,0.009,0.074,1
7081,32,0,7,0.667,0.551,0.817,0.0,0.929,-0.212,0
7082,48,0,11,0.972,0.643,0.993,0.0,0.567,0.108,0
7083,58,1,9,0.93,0.643,0.927,1.0,0.41,0.35,0
7084,45,1,7,0.87,0.547,0.65,0.25,0.226,0.154,0
7085,34,0,9,0.933,0.589,0.864,0.25,0.164,0.194,0
7086,84,1,12,1.069,0.454,1.048,0.0,0.275,0.235,0
7087,57,0,12,1.06,0.459,1.01,0.5,0.31,0.476,0
7088,41,1,12,1.196,0.536,0.963,0.5,0.372,0.344,0
7089,50,0,6,0.686,0.578,0.804,0.75,0.465,-0.033,0
7090,38,0,11,1.014,0.577,0.757,0.0,0.178,0.361,0
7091,51,1,8,1.076,0.481,0.808,0.75,0.538,0.223,1
7092,74,1,7,0.56,0.564,0.875,0.0,0.329,-0.256,1
7093,58,1,6,0.938,0.647,0.757,0.0,0.108,0.002,0
7094,53,0,11,0.931,0.553,0.721,0.0,0.261,0.269,0
7095,30,1,7,0.761,0.683,0.646,0.0,-0.054,0.022,0
7096,76,0,6,0.671,0.7,1.03,0.0,0.43,-0.039,0
7097,54,1,11,1.002,0.62,1.123,1.0,0.631,0.047,1
7098,73,0,7,1.042,0.49,0.719,0.0,0.522,0.323,0
7099,73,0,12,0.846,0.565,1.092,0.0,0.423,0.204,0
7100,56,1,3,0.802,0.59,0.595,0.0,0.114,0.004,0
7101,72,0,12,0.9,0.583,0.963,0.0,0.564,0.284,0
7102,35,0,4,0.643,0.688,0.506,0.0,-0.144,-0.231,0
7103,51,0,11,0.956,0.589,1.063,0.0,0.558,0.009,0
7104,63,1,6,0.577,0.639,0.733,1.0,0.277,-0.25,0
7105,84,1,4,0.825,0.457,0.634,0.0,0.436,-0.04,0
7106,42,1,11,0.805,0.739,0.984,0.0,0.472,-0.016,0
7107,79,1,12,0.96,0.607,0.773,1.0,0.307,0.222,1
7108,33,0,12,0.924,0.566,0.802,0.5,0.273,0.15,0
7109,36,1,11,0.98,0.594,0.667,0.25,0.041,0.166,0
7110,73,1,5,0.827,0.673,0.696,0.0,0.238,0.096,0
7111,32,1,3,0.712,0.615,0.688,0.25,0.536,-0.069,0
7112,54,1,12,1.011,0.677,1.043,0.0,0.606,0.293,0
7113,49,1,7,0.956,0.552,1.081,0.0,0.764,0.213,0
7114,76,1,6,0.688,0.645,0.657,0.25,0.215,-0.215,0
7115,45,0,8,0.916,0.684,0.7,0.75,0.142,0.209,0
7116,72,0,6,0.971,0.633,0.714,0.0,0.291,0.467,0
7117,59,0,3,0.879,0.666,0.6,0.0,0.363,0.076,0
7118,31,0,12,0.883,0.5,0.927,0.0,0.182,0.055,0
7119,42,1,4,0.979,0.613,0.469,0.25,0.107,0.078,0
7120,52,1,11,0.945,0.551,0.595,0.0,0.094,0.104,0
7121,73,1,7,0.797,0.644,0.347,0.0,-0.25,0.143,0
7122,75,1,5,0.812,0.643,0.684,0.0,0.038,0.138,0
7123,34,1,12,0.948,0.586,0.854,0.0,0.395,0.05,0
7124,49,0,7,0.825,0.679,0.582,0.0,-0.207,0.232,0
7125,64,1,5,0.676,0.721,0.457,0.0,0.422,0.138,0
7126,61,0,3,0.434,0.64,0.354,0.25,-0.348,-0.505,0
7127,59,0,8,0.854,0.673,0.947,0.0,0.594,0.154,0
7128,38,0,12,0.926,0.656,0.67,0.25,0.073,0.057,0
7129,38,0,10,1.058,0.404,0.83,0.0,0.38,0.25,0
7130,72,1,4,1.055,0.7,0.485,0.0,-0.208,0.243,0
7131,35,1,11,0.995,0.438,0.73,0.0,-0.039,0.295,0
7132,53,1,7,1.142,0.529,0.579,0.0,-0.177,0.248,0
7133,79,0,9,0.965,0.547,0.844,0.25,0.267,0.18,0
7134,59,1,12,0.864,0.464,0.776,0.0,0.428,0.143,0
7135,41,0,4,0.879,0.624,0.63,1.0,-0.011,0.252,0
7136,84,1,4,0.852,0.624,0.732,0.75,0.226,0.112,0
7137,72,0,5,0.746,0.6,0.65,0.0,0.468,0.074,0
7138,84,1,3,0.735,0.552,0.515,0.0,-0.075,-0.135,1
7139,58,1,7,0.632,0.552,0.723,0.75,0.385,0.013,0
7140,76,0,8,0.819,0.482,0.906,0.75,0.495,0.043,0
7141,72,0,4,0.775,0.639,0.594,0.0,0.102,0.134,0
7142,48,0,6,0.892,0.609,1.039,0.0,0.628,0.254,0
7143,70,0,6,0.951,0.769,0.428,0.0,0.157,0.205,0
7144,60,1,3,0.688,0.681,0.457,0.75,-0.067,-0.103,0
7145,65,1,11,1.039,0.586,0.711,0.5,0.173,0.309,0
7146,64,1,4,0.721,0.7,0.667,1.0,0.549,-0.054,0
7147,34,0,12,0.911,0.642,0.622,0.25,0.443,0.304,0
7148,43,0,6,0.897,0.485,0.506,0.25,-0.157,-0.006,0
7149,44,1,11,0.887,0.486,0.842,1.0,0.344,0.227,0
7150,77,1,8,0.834,0.571,0.572,0.5,-0.083,-0.018,0
7151,43,0,11,0.808,0.635,0.912,0.0,0.319,-0.041,0
7152,33,0,4,0.76,0.601,0.608,0.0,0.073,0.042,0
7153,44,1,11,0.753,0.544,0.891,0.0,0.639,0.167,0
7154,76,0,4,0.904,0.773,0.628,0.75,0.192,0.051,0
7155,40,1,12,1.1,0.727,0.928,1.0,0.5,0.3,0
7156,57,1,9,0.971,0.573,1.301,0.75,0.583,0.354,0
7157,70,1,6,0.867,0.633,0.626,0.0,-0.047,-0.089,0
7158,66,0,3,0.714,0.631,0.78,0.25,0.236,0.1,0
7159,51,0,9,0.822,0.545,0.496,0.0,0.141,-0.063,0
7160,77,1,6,0.912,0.7,0.614,0.75,0.195,0.168,0
7161,72,0,8,0.806,0.587,0.76,0.0,0.399,0.087,0
7162,32,0,3,0.806,0.501,0.893,0.5,0.432,-0.145,0
7163,44,0,8,0.962,0.624,0.774,0.5,0.271,0.262,0
7164,55,0,4,0.857,0.657,0.828,0.0,0.212,0.038,0
7165,76,0,8,0.896,0.7,0.703,0.0,0.049,-0.112,0
7166,65,1,10,0.903,0.679,0.613,0.5,0.127,0.4,0
7167,76,0,3,0.769,0.594,0.41,1.0,-0.243,0.134,0
7168,41,1,5,0.978,0.648,0.558,0.25,0.011,0.116,0
7169,65,1,10,0.736,0.581,0.777,0.0,0.187,0.099,0
7170,40,1,5,0.99,0.581,0.469,0.25,0.11,0.103,0
7171,48,1,9,1.0,0.565,0.598,0.25,0.158,0.08,0
7172,65,1,11,0.823,0.465,0.848,1.0,0.36,0.048,1
7173,82,1,7,0.915,0.662,0.708,0.75,0.425,0.224,0
7174,76,0,3,0.969,0.699,0.651,0.5,0.04,0.117,0
7175,60,0,4,0.695,0.565,0.531,0.25,0.024,0.057,0
7176,35,1,12,0.814,0.479,0.76,0.75,0.019,-0.017,0
7177,83,1,5,0.844,0.706,0.612,0.0,-0.088,0.283,0
7178,38,0,10,0.829,0.515,0.728,0.0,0.028,0.244,0
7179,61,1,12,1.021,0.551,1.106,0.25,0.614,0.236,0
7180,52,0,5,0.848,0.537,0.916,0.0,0.534,0.138,0
7181,41,0,6,0.904,0.606,0.534,0.25,0.154,0.035,0
7182,71,0,7,0.704,0.615,0.593,0.0,-0.187,0.021,0
7183,57,1,11,0.997,0.467,0.647,1.0,0.16,0.313,0
7184,31,0,5,0.646,0.647,0.556,0.0,-0.03,-0.047,0
7185,38,0,10,0.882,0.657,0.836,0.0,0.632,0.182,0
7186,59,0,11,1.041,0.562,0.41,0.25,-0.032,0.239,0
7187,59,0,11,1.201,0.518,1.059,0.75,0.163,0.402,0
7188,82,0,6,1.004,0.639,0.748,0.75,0.601,0.339,0
7189,82,0,9,0.981,0.519,0.792,0.0,0.579,0.345,0
7190,33,1,11,0.7,0.412,1.228,0.25,1.041,0.044,0
7191,40,0,8,1.058,0.542,0.701,0.0,0.229,0.323,0
7192,35,0,3,0.615,0.568,0.497,0.0,-0.194,-0.253,0
7193,49,0,10,0.852,0.476,0.807,1.0,0.178,0.059,0
7194,32,1,8,1.043,0.598,0.531,0.5,0.256,0.199,0
7195,58,1,12,1.055,0.614,1.09,0.25,0.608,0.279,0
7196,53,0,10,0.937,0.665,0.752,0.25,0.3,0.19,0
7197,36,1,5,0.829,0.609,0.618,0.0,0.045,0.302,0
7198,34,1,6,0.873,0.639,0.955,1.0,0.716,0.075,0
7199,60,0,12,1.019,0.564,0.68,0.75,0.474,0.267,0
7200,50,0,5,0.791,0.602,0.536,0.75,-0.164,0.195,0
7201,51,1,11,0.903,0.567,0.767,0.25,-0.032,0.182,0
7202,58,0,12,0.971,0.518,0.912,0.0,0.335,0.257,0
7203,36,0,6,0.814,0.509,0.508,0.0,-0.21,0.044,0
7204,74,1,10,1.001,0.565,0.958,1.0,0.572,0.158,0
7205,52,0,9,0.735,0.591,0.818,0.0,0.47,0.103,0
7206,45,0,5,0.882,0.575,0.428,0.5,0.047,0.248,0
7207,59,1,3,0.88,0.659,0.512,0.0,-0.014,0.091,0
7208,64,1,12,0.835,0.434,0.7,0.75,0.304,0.264,0
7209,49,1,5,0.853,0.559,0.573,0.0,0.105,-0.122,0
7210,51,0,9,0.7,0.51,0.918,0.0,0.412,-0.09,0
7211,78,1,12,1.019,0.374,0.949,0.25,0.51,0.438,0
7212,70,1,6,0.741,0.581,0.877,0.0,0.745,-0.242,0
7213,38,1,5,0.919,0.682,0.357,0.0,-0.302,0.248,0
7214,34,0,9,0.752,0.539,0.927,0.0,0.49,-0.08,0
7215,66,0,6,0.746,0.535,0.536,0.0,0.165,0.067,0
7216,75,0,8,0.785,0.517,0.773,0.0,0.066,0.209,0
7217,47,1,3,0.679,0.705,0.107,0.25,-0.229,0.099,0
7218,84,0,10,0.986,0.7,0.788,0.0,0.373,0.2,0
7219,63,0,12,0.958,0.47,0.979,0.25,0.738,0.251,0
7220,49,1,6,0.897,0.408,0.766,0.0,0.131,0.115,0
7221,51,1,5,1.006,0.717,0.883,0.0,0.388,0.254,0
7222,59,0,10,0.986,0.574,0.736,0.5,0.452,0.082,0
7223,55,0,11,0.951,0.655,0.729,0.25,0.419,0.215,0
7224,75,1,10,0.926,0.446,0.605,1.0,0.119,0.08,0
7225,34,1,9,1.268,0.666,0.907,0.0,0.55,0.58,0
7226,66,1,5,1.048,0.646,0.781,0.25,0.25,0.265,0
7227,60,0,4,0.937,0.526,0.687,0.5,-0.013,0.181,0
7228,36,0,11,0.974,0.546,0.933,0.0,0.044,0.294,0
7229,61,0,3,0.542,0.665,0.7,0.0,0.379,-0.072,0
7230,71,1,3,0.853,0.5,0.239,0.5,0.155,-0.024,0
7231,42,1,11,1.036,0.459,0.999,0.5,0.781,0.364,0
7232,39,1,6,1.05,0.667,0.772,0.75,0.43,0.297,0
7233,67,1,5,1.09,0.561,0.395,0.0,-0.417,0.525,0
7234,51,1,6,0.904,0.535,0.927,0.5,0.694,0.291,0
7235,36,0,6,0.96,0.591,0.726,0.0,0.029,0.16,0
7236,71,0,6,0.751,0.575,0.667,0.0,-0.024,0.051,0
7237,39,1,6,0.824,0.619,0.903,0.5,0.299,0.278,0
7238,35,0,5,0.854,0.588,0.802,0.0,0.099,0.043,0
7239,56,0,7,0.774,0.601,0.888,0.0,0.624,-0.245,0
7240,66,0,3,0.707,0.723,0.425,0.5,0.218,-0.078,0
7241,51,0,12,0.913,0.488,1.127,0.0,0.633,0.213,0
7242,56,1,10,0.942,0.55,0.823,0.0,0.182,0.137,0
7243,81,1,11,1.221,0.448,1.168,0.5,0.957,0.487,1
7244,45,1,9,1.039,0.709,0.86,0.0,0.49,0.264,0
7245,44,1,4,0.766,0.502,0.681,1.0,0.285,-0.141,0
7246,45,1,4,0.773,0.655,0.512,0.5,0.235,0.123,0
7247,45,1,12,0.799,0.501,0.735,0.0,0.519,0.096,0
7248,62,0,9,0.882,0.532,0.709,0.0,0.456,0.14,0
7249,36,1,11,0.962,0.566,0.684,0.5,0.48,0.262,0
7250,42,1,7,0.847,0.502,0.522,0.0,0.134,0.092,0
7251,83,0,7,0.816,0.599,0.522,0.5,0.119,0.133,0
7252,37,1,9,0.84,0.612,0.844,1.0,0.351,0.088,0
7253,46,0,8,0.944,0.722,0.707,0.75,0.348,0.296,0
7254,34,0,3,0.586,0.611,0.378,0.5,-0.171,-0.363,0
7255,82,0,10,0.862,0.548,0.65,0.0,0.269,0.243,0
7256,70,0,4,0.897,0.633,0.694,0.5,0.191,0.249,0
7257,49,0,5,0.829,0.591,0.517,0.25,-0.009,-0.051,0
7258,65,1,8,0.987,0.496,0.678,0.25,0.424,-0.009,0
7259,34,0,11,0.7,0.501,0.788,0.5,0.291,-0.078,0
7260,65,0,4,0.92,0.668,0.762,0.75,0.346,0.189,0
7261,31,1,6,0.696,0.531,0.998,0.75,0.611,-0.043,0
7262,33,0,10,0.982,0.548,0.87,1.0,0.421,0.164,0
7263,48,1,10,0.885,0.64,1.009,0.0,0.517,0.136,0
7264,78,1,9,0.883,0.551,0.726,0.0,0.251,0.011,1
7265,31,0,5,0.805,0.582,0.459,0.25,-0.076,0.246,0
7266,67,1,8,0.848,0.57,0.925,0.0,0.605,0.439,0
7267,60,1,11,1.017,0.489,1.051,0.5,0.67,0.257,0
7268,44,0,5,1.1,0.734,0.854,0.0,0.14,0.307,0
7269,35,0,4,0.672,0.724,0.387,0.5,-0.219,-0.031,0
7270,62,1,6,0.866,0.634,0.826,0.0,0.296,0.187,0
7271,79,1,7,0.979,0.575,0.83,1.0,0.462,0.098,0
7272,43,0,5,0.918,0.446,0.481,0.0,-0.279,0.199,0
7273,37,1,11,0.928,0.415,0.772,0.0,0.095,0.267,0
7274,77,0,4,0.793,0.619,0.479,0.0,0.106,0.107,0
7275,81,1,11,0.897,0.597,0.956,1.0,0.385,0.212,0
7276,58,1,4,0.858,0.577,0.509,0.75,0.049,0.026,0
7277,37,0,3,0.925,0.684,0.604,0.0,0.291,0.153,0
7278,49,1,5,1.198,0.542,0.665,1.0,0.355,0.489,0
7279,31,1,10,0.798,0.568,0.841,0.0,0.443,0.037,0
7280,40,1,11,0.877,0.489,0.803,0.0,0.191,0.199,0
7281,70,1,9,0.914,0.369,0.654,0.0,0.044,0.088,0
7282,50,0,6,0.718,0.431,0.613,0.25,0.094,0.148,0
7283,72,1,12,0.96,0.46,0.682,0.0,0.221,0.253,0
7284,73,0,3,0.73,0.627,0.7,0.0,0.177,0.083,0
7285,79,0,9,0.7,0.393,0.769,0.0,0.099,-0.204,0
7286,68,1,6,0.895,0.652,0.525,0.0,-0.175,0.292,0
7287,38,1,4,0.928,0.595,0.782,0.75,0.44,0.485,0
7288,78,1,6,1.003,0.597,0.83,0.0,0.474,0.469,0
7289,68,1,3,0.732,0.507,0.375,0.0,-0.26,-0.137,0
7290,31,1,3,0.845,0.617,0.528,0.0,0.15,0.079,0
7291,60,0,9,1.021,0.607,0.632,0.0,0.191,0.463,0
7292,79,1,5,0.983,0.574,0.835,0.0,0.71,0.156,0
7293,32,0,12,0.904,0.668,0.738,0.25,0.426,-0.048,0
7294,30,0,10,0.792,0.547,0.856,1.0,0.477,0.13,0
7295,39,1,10,0.914,0.565,0.67,0.25,0.514,0.32,0
7296,72,0,7,0.734,0.558,0.892,0.0,0.171,-0.088,0
7297,76,1,9,0.958,0.618,0.9,0.0,0.58,0.348,0
7298,44,0,9,1.029,0.622,0.943,0.0,0.455,0.368,0
7299,84,1,4,0.791,0.494,0.656,0.75,-0.114,0.045,0
7300,39,0,8,0.976,0.608,0.681,0.5,0.311,0.199,0
7301,40,1,6,0.758,0.57,0.771,0.5,0.147,0.058,0
7302,58,0,6,0.704,0.603,0.437,0.75,0.269,-0.12,0
7303,61,0,3,0.795,0.65,0.889,0.25,0.206,-0.03,0
7304,42,0,12,1.002,0.583,0.872,0.25,0.35,0.218,0
7305,47,1,10,0.851,0.618,0.855,0.5,0.613,0.144,0
7306,37,1,7,0.906,0.602,0.939,0.25,0.237,0.035,0
7307,81,1,11,1.023,0.472,1.202,0.0,0.978,0.232,0
7308,38,1,4,0.766,0.564,0.442,0.25,-0.043,0.073,0
7309,45,1,7,0.761,0.625,0.712,0.0,0.113,0.087,0
7310,49,0,8,1.049,0.531,0.835,0.0,0.166,0.276,0
7311,77,1,3,0.988,0.597,0.395,0.5,-0.334,0.268,0
7312,43,1,12,1.021,0.586,1.126,0.0,0.645,0.141,0
7313,77,1,6,0.767,0.579,0.834,0.0,0.53,-0.093,0
7314,84,1,6,0.929,0.546,0.745,0.0,0.137,0.223,0
7315,66,1,8,0.746,0.677,0.945,0.0,0.371,0.196,0
7316,34,1,12,0.896,0.597,0.718,0.5,0.155,0.051,0
7317,35,0,7,0.6,0.513,0.832,0.0,0.24,-0.16,0
7318,47,1,6,0.985,0.613,0.651,0.0,0.238,0.305,0
7319,48,1,3,0.885,0.59,0.302,0.0,-0.097,0.133,0
7320,81,0,10,0.971,0.67,0.731,0.0,0.439,0.156,0
7321,50,1,12,1.232,0.47,0.925,0.0,0.586,0.425,0
7322,39,1,12,0.873,0.554,1.431,0.0,1.159,0.124,0
7323,46,1,5,1.033,0.468,0.665,0.25,0.088,0.469,0
7324,61,0,8,0.922,0.702,0.436,0.0,0.065,0.156,0
7325,37,1,4,0.786,0.566,0.323,0.25,-0.224,0.17,0
7326,75,1,10,0.83,0.605,0.788,0.5,0.322,0.061,0
7327,57,0,9,0.977,0.715,0.998,0.25,0.312,0.4,0
7328,50,0,9,0.896,0.516,0.899,0.0,0.507,-0.168,0
7329,50,0,10,0.904,0.599,0.839,0.5,0.37,-0.133,0
7330,84,0,11,0.84,0.52,1.117,0.5,0.491,0.012,0
7331,38,0,8,1.164,0.55,0.638,0.75,0.145,0.341,0
7332,40,0,12,1.086,0.556,0.747,0.0,0.141,0.459,0
7333,33,0,6,0.981,0.503,0.854,0.25,0.35,0.076,0
7334,41,0,7,1.143,0.7,0.698,0.5,0.078,0.422,0
7335,44,0,3,0.798,0.519,0.666,0.0,0.219,0.022,0
7336,41,1,8,0.949,0.478,0.662,0.0,0.116,0.047,0
7337,40,0,9,1.07,0.589,0.753,0.0,0.574,0.301,0
7338,40,0,5,0.828,0.695,0.684,0.25,-0.016,-0.001,0
7339,61,1,3,0.778,0.815,0.536,0.5,-0.151,0.041,0
7340,69,0,10,0.856,0.552,0.782,0.75,0.345,0.067,0
7341,53,0,7,0.885,0.639,0.814,0.0,0.361,0.053,0
7342,35,0,4,0.805,0.571,0.586,0.5,0.059,0.257,0
7343,38,0,12,0.95,0.56,1.053,0.25,0.483,0.317,0
7344,53,0,9,1.101,0.651,0.859,1.0,0.312,0.327,0
7345,77,1,6,0.902,0.694,0.68,0.75,0.038,0.313,0
7346,35,0,6,0.905,0.627,0.871,0.0,0.338,0.32,0
7347,67,0,5,0.919,0.472,0.568,0.0,-0.122,0.151,0
7348,81,1,12,0.967,0.602,0.845,0.5,0.43,0.081,1
7349,42,0,12,1.052,0.528,0.965,0.25,0.754,0.375,0
7350,57,1,12,0.891,0.584,0.76,0.0,-0.01,-0.036,0
7351,37,0,4,1.103,0.7,0.322,0.25,0.117,0.493,0
7352,44,0,9,0.898,0.596,0.397,0.0,0.189,0.07,0
7353,31,1,9,0.923,0.521,0.789,0.0,0.461,0.0,0
7354,41,1,10,1.054,0.451,0.7,0.25,0.097,0.481,0
7355,48,0,8,0.633,0.484,0.408,0.0,0.104,0.043,0
7356,37,0,12,0.912,0.416,1.023,0.25,0.761,0.098,0
7357,31,1,9,1.081,0.539,0.943,0.0,0.452,0.406,0
7358,76,0,5,0.827,0.741,0.476,0.25,0.087,-0.167,0
7359,56,1,3,0.806,0.592,0.585,0.0,0.045,0.009,0
7360,79,1,9,0.993,0.699,0.64,0.0,0.315,0.239,0
7361,79,0,4,0.952,0.65,0.475,0.0,-0.13,0.281,0
7362,30,0,3,0.869,0.57,0.77,0.75,0.489,0.196,0
7363,55,0,7,0.7,0.5,0.771,0.0,0.16,-0.163,0
7364,31,1,6,0.831,0.629,0.562,0.5,-0.047,0.319,0
7365,78,0,6,0.7,0.575,0.728,0.75,0.263,0.041,0
7366,40,0,4,0.769,0.689,0.453,0.25,-0.189,-0.057,0
7367,54,1,6,0.868,0.387,0.591,0.25,-0.094,0.092,0
7368,48,0,7,0.839,0.614,0.448,0.0,-0.014,-0.06,0
7369,53,1,12,0.799,0.505,0.758,0.0,0.123,-0.088,0
7370,40,0,11,0.883,0.552,1.216,0.0,0.962,-0.008,0
7371,78,1,7,0.708,0.664,0.618,0.25,0.022,-0.18,1
7372,76,0,4,0.815,0.579,0.426,0.0,-0.169,0.226,0
7373,60,0,8,0.993,0.591,0.72,0.0,0.349,0.08,0
7374,41,0,3,0.909,0.741,0.416,1.0,0.089,0.265,0
7375,40,0,9,0.721,0.504,0.596,0.0,0.237,-0.059,0
7376,69,0,9,0.85,0.52,0.499,1.0,-0.008,0.246,0
7377,58,1,6,0.789,0.653,0.962,0.0,0.715,-0.005,0
7378,72,1,3,0.898,0.548,0.639,0.25,0.04,0.171,0
7379,63,1,10,0.903,0.43,0.669,0.0,0.227,0.215,0
7380,53,0,4,0.811,0.578,0.396,0.25,-0.227,-0.064,0
7381,55,1,4,0.729,0.623,0.717,0.25,-0.029,0.144,0
7382,39,0,12,1.077,0.544,0.964,0.25,0.399,0.151,0
7383,43,1,8,0.968,0.586,0.424,0.0,0.024,0.366,0
7384,61,0,11,0.875,0.486,0.891,0.0,0.692,0.019,0
7385,48,0,5,0.874,0.594,0.764,0.75,0.104,0.121,0
7386,39,0,9,0.801,0.454,0.839,0.0,0.147,0.185,0
7387,77,0,11,0.959,0.455,0.79,0.25,0.478,0.221,0
7388,73,1,12,0.943,0.524,1.046,0.25,0.84,0.065,0
7389,82,0,3,0.599,0.691,0.589,0.5,0.193,-0.013,0
7390,51,0,9,0.657,0.39,0.745,0.0,-0.026,-0.367,0
7391,37,0,4,0.905,0.617,0.537,0.0,-0.075,0.272,0
7392,39,1,3,0.694,0.58,0.548,0.0,0.082,-0.144,0
7393,44,1,7,0.923,0.5,0.588,0.25,-0.098,0.353,0
7394,82,0,10,0.86,0.645,0.759,0.0,0.167,0.241,0
7395,62,1,6,0.752,0.574,0.717,0.0,0.017,0.144,0
7396,54,0,11,0.846,0.615,0.714,0.0,0.363,0.196,0
7397,62,1,9,0.977,0.49,0.742,0.25,0.319,0.277,0
7398,77,1,3,0.572,0.666,0.509,1.0,0.06,-0.313,0
7399,54,0,5,0.705,0.596,0.22,0.0,-0.177,-0.198,0
7400,35,1,7,0.817,0.604,0.489,0.0,0.112,-0.058,0
7401,77,0,7,0.55,0.683,0.524,1.0,0.139,-0.129,0
7402,36,0,7,1.11,0.471,0.7,0.25,0.257,0.463,0
7403,41,0,6,0.764,0.566,0.556,0.0,0.113,-0.162,0
7404,58,0,11,0.731,0.537,0.956,0.5,0.503,-0.013,0
7405,66,0,6,0.56,0.625,0.852,0.75,0.199,-0.196,0
7406,62,1,11,1.052,0.6,0.976,0.0,0.707,0.163,0
7407,80,0,6,0.765,0.558,0.556,0.5,0.114,-0.122,0
7408,58,1,6,0.845,0.553,0.564,0.0,0.089,0.17,0
7409,42,1,10,0.914,0.584,1.029,0.0,0.361,0.265,0
7410,73,0,6,0.7,0.604,0.581,0.0,0.218,-0.102,0
7411,44,1,10,0.972,0.596,0.534,0.0,0.125,0.319,0
7412,39,0,4,0.786,0.595,0.434,1.0,0.106,0.106,0
7413,43,1,10,1.026,0.571,0.902,0.0,0.483,0.273,0
7414,30,1,4,0.964,0.542,0.61,1.0,-0.001,0.088,0
7415,38,0,11,0.847,0.634,0.645,0.0,0.278,0.121,0
7416,68,1,5,0.542,0.7,0.659,1.0,0.148,0.049,1
7417,37,0,6,0.809,0.69,0.843,1.0,0.556,0.161,0
7418,45,1,7,0.86,0.588,0.631,0.25,0.236,-0.007,0
7419,31,1,7,0.728,0.657,0.891,0.0,0.498,0.047,0
7420,84,1,8,0.915,0.562,0.7,0.5,0.167,0.14,1
7421,50,1,5,0.867,0.656,0.847,0.0,0.454,0.147,0
7422,34,1,6,0.664,0.443,0.864,0.75,0.588,-0.179,0
7423,72,0,10,0.956,0.7,0.798,0.75,0.478,0.218,0
7424,64,0,12,0.882,0.54,0.916,0.25,0.545,0.419,0
7425,79,1,4,0.813,0.604,0.28,1.0,0.171,0.15,0
7426,70,0,7,0.79,0.637,0.56,0.5,0.081,-0.008,0
7427,79,0,8,0.88,0.615,0.871,1.0,0.171,0.255,0
7428,80,0,4,0.638,0.665,0.497,0.25,0.07,-0.182,0
7429,63,1,4,0.795,0.538,0.991,0.0,0.251,0.258,0
7430,40,0,5,0.946,0.618,0.573,0.25,-0.008,0.138,0
7431,35,1,9,0.61,0.623,0.806,0.25,0.165,-0.176,0
7432,71,0,5,0.7,0.686,0.205,0.5,-0.31,-0.143,0
7433,73,1,8,1.018,0.7,0.89,0.0,0.388,0.35,0
7434,84,1,7,0.943,0.614,0.623,0.75,0.236,0.174,1
7435,56,0,6,0.735,0.647,0.599,0.5,0.248,-0.009,0
7436,57,0,5,1.06,0.481,0.48,0.75,-0.038,0.23,0
7437,65,0,12,0.988,0.7,0.956,1.0,0.206,0.352,0
7438,58,0,6,0.791,0.685,0.677,0.5,0.024,0.176,0
7439,68,1,8,0.972,0.555,0.72,0.25,0.171,0.432,0
7440,68,1,5,0.709,0.595,0.632,0.0,0.163,-0.074,0
7441,70,1,10,1.069,0.511,1.133,0.5,0.433,0.338,0
7442,67,1,8,0.795,0.484,0.823,0.0,0.139,0.021,0
7443,73,1,12,0.819,0.536,1.182,0.0,0.572,0.143,0
7444,67,0,6,0.837,0.506,0.677,0.75,0.089,0.024,0
7445,45,0,4,0.598,0.587,0.404,0.0,-0.332,-0.04,0
7446,77,0,9,1.068,0.626,0.781,0.25,0.182,0.295,0
7447,37,0,4,0.854,0.679,0.503,0.0,-0.27,0.061,0
7448,67,1,10,0.91,0.545,0.983,0.0,0.376,0.193,0
7449,48,1,9,0.988,0.598,1.092,0.25,0.361,0.328,0
7450,55,0,12,0.882,0.513,0.556,1.0,0.28,0.241,0
7451,63,1,7,1.084,0.595,0.974,0.75,0.69,0.324,0
7452,58,0,9,0.67,0.764,0.821,0.25,0.201,-0.134,0
7453,75,1,5,0.863,0.702,0.542,0.0,0.272,0.091,0
7454,59,1,10,0.7,0.591,0.981,0.0,0.192,0.0,0
7455,39,0,4,1.063,0.573,0.689,0.0,-0.049,0.316,0
7456,67,0,7,1.026,0.544,0.528,0.0,-0.028,0.226,0
7457,76,1,4,0.728,0.611,0.437,1.0,-0.238,0.04,0
7458,43,0,3,0.648,0.545,0.493,0.0,0.008,0.16,0
7459,83,1,7,1.128,0.514,0.649,0.25,0.02,0.414,1
7460,81,0,11,1.101,0.472,0.727,1.0,-0.188,0.185,0
7461,81,1,3,0.857,0.701,0.418,0.0,0.106,0.09,0
7462,73,1,11,0.872,0.447,0.847,0.0,0.355,0.084,0
7463,77,1,9,0.699,0.52,0.974,0.0,0.718,-0.089,0
7464,43,1,7,0.978,0.529,1.199,0.0,0.557,0.253,0
7465,75,0,5,0.948,0.589,0.452,0.0,0.112,0.295,0
7466,54,1,12,1.214,0.56,0.852,0.0,0.471,0.354,0
7467,49,1,7,0.801,0.726,0.783,0.5,0.231,0.165,0
7468,58,0,12,0.992,0.513,1.086,0.0,0.785,0.203,0
7469,68,0,8,0.943,0.374,0.653,0.0,0.459,0.298,0
7470,76,1,8,0.824,0.717,0.544,0.0,-0.108,0.115,0
7471,46,0,11,0.78,0.565,0.745,0.0,0.2,0.09,0
7472,70,1,9,0.661,0.542,0.846,0.0,0.322,-0.083,0
7473,52,1,12,1.088,0.586,1.105,0.75,0.542,0.287,0
7474,31,0,6,0.695,0.776,0.632,0.0,0.334,-0.123,0
7475,78,1,8,0.927,0.672,1.065,0.5,0.537,0.306,0
7476,65,0,9,0.889,0.557,0.761,0.75,0.127,0.282,0
7477,77,0,11,0.7,0.586,0.571,0.5,0.007,0.137,0
7478,58,0,6,0.912,0.498,0.447,0.0,-0.202,0.18,0
7479,64,0,3,0.541,0.503,0.67,0.5,-0.088,0.049,0
7480,46,0,4,0.731,0.62,0.597,1.0,0.106,-0.308,0
7481,59,1,6,0.966,0.583,0.297,0.0,-0.063,0.068,0
7482,34,1,12,0.964,0.615,0.615,0.5,0.078,0.244,0
7483,50,0,11,0.736,0.757,0.79,0.0,0.236,0.279,0
7484,50,1,6,0.787,0.606,0.458,0.5,0.445,0.103,0
7485,69,1,9,0.934,0.53,0.667,0.0,0.204,0.094,0
7486,76,0,10,0.783,0.547,0.856,0.75,0.81,0.034,1
7487,32,0,10,0.863,0.551,0.78,0.0,0.333,0.208,0
7488,45,0,9,0.658,0.527,0.7,0.0,0.061,-0.194,0
7489,66,1,5,0.945,0.586,0.286,0.5,-0.091,0.123,0
7490,72,0,10,0.883,0.465,0.535,0.0,0.031,0.041,0
7491,31,1,5,0.853,0.649,0.354,0.0,-0.161,0.041,0
7492,56,0,8,0.863,0.609,0.784,0.0,0.409,0.098,0
7493,64,0,11,0.985,0.61,0.962,0.25,0.23,0.182,0
7494,57,1,7,0.949,0.7,0.809,0.0,0.609,0.231,0
7495,77,0,12,0.797,0.594,1.107,0.0,0.407,0.064,0
7496,79,0,4,0.793,0.659,0.496,0.0,0.124,0.059,0
7497,70,0,6,0.926,0.622,0.572,1.0,0.018,0.27,0
7498,45,1,9,0.91,0.604,0.615,1.0,0.232,0.183,0
7499,43,0,11,1.018,0.512,0.795,0.0,0.095,0.227,0
7500,58,0,6,0.814,0.603,0.675,0.0,-0.036,-0.087,0
7501,66,0,10,0.7,0.501,0.784,0.0,0.237,0.002,0
7502,61,1,11,0.713,0.459,0.91,1.0,0.471,0.098,0
7503,32,1,11,1.015,0.655,1.012,0.5,0.446,0.346,0
7504,66,0,3,0.906,0.604,0.722,0.25,0.669,0.359,0
7505,47,0,5,0.805,0.662,0.471,0.5,0.217,0.154,0
7506,71,0,7,0.759,0.437,0.623,0.75,0.132,0.021,0
7507,52,1,8,0.891,0.548,0.735,0.25,0.548,0.135,0
7508,64,1,9,0.859,0.766,0.417,0.25,-0.191,0.134,0
7509,63,1,11,0.879,0.598,1.038,0.5,0.593,0.058,0
7510,71,0,5,0.926,0.695,0.753,0.0,0.312,0.351,0
7511,73,0,5,0.659,0.464,0.386,0.0,-0.314,-0.116,0
7512,53,1,9,1.088,0.7,0.881,0.25,0.259,0.176,0
7513,35,1,9,0.834,0.553,0.702,0.25,0.601,-0.017,0
7514,72,0,11,0.764,0.418,0.684,0.0,0.233,0.138,0
7515,72,1,10,0.995,0.766,0.764,0.0,0.215,0.219,0
7516,35,1,3,0.78,0.657,0.716,0.75,-0.086,0.059,0
7517,64,1,3,0.786,0.677,0.7,1.0,0.386,-0.172,0
7518,46,0,3,0.95,0.54,0.484,0.0,-0.292,0.142,0
7519,52,1,9,0.923,0.546,0.802,0.0,0.219,0.212,0
7520,35,0,10,0.902,0.597,0.97,0.0,0.453,0.284,0
7521,44,1,9,0.759,0.56,0.851,0.0,0.588,0.157,0
7522,31,0,9,0.935,0.53,0.961,1.0,0.584,0.37,0
7523,73,1,4,1.058,0.672,0.504,0.75,0.306,0.264,0
7524,41,1,5,0.696,0.643,0.644,0.25,-0.209,-0.06,0
7525,51,1,12,0.966,0.535,1.076,0.0,0.617,0.421,0
7526,42,0,4,0.775,0.7,0.505,0.0,-0.083,-0.016,0
7527,67,0,7,0.629,0.662,0.598,0.25,0.065,-0.046,0
7528,56,0,12,0.803,0.443,0.588,0.25,0.165,0.019,0
7529,78,0,12,1.091,0.573,1.134,0.0,0.265,0.243,0
7530,65,0,4,0.824,0.393,0.485,0.5,0.23,0.275,0
7531,84,1,8,0.677,0.568,0.844,0.0,0.45,-0.104,0
7532,53,0,12,0.953,0.543,0.914,0.25,0.784,0.279,1
7533,79,1,12,0.826,0.579,1.029,0.0,0.548,0.034,0
7534,34,1,8,1.024,0.537,0.959,0.0,0.413,0.368,0
7535,83,1,3,0.774,0.528,0.485,0.0,-0.131,-0.044,0
7536,76,0,3,1.038,0.572,0.592,0.5,0.073,0.093,0
7537,82,1,5,1.051,0.502,0.59,0.0,0.268,0.332,0
7538,55,1,6,0.938,0.496,0.491,0.25,-0.092,0.173,0
7539,60,0,5,0.785,0.576,0.649,0.5,-0.069,0.105,0
7540,79,0,9,0.904,0.556,0.773,0.5,0.611,0.109,0
7541,53,1,11,1.006,0.58,0.841,0.5,0.599,0.465,0
7542,49,1,7,0.841,0.513,0.665,0.0,0.428,0.249,0
7543,55,1,9,0.915,0.557,0.915,0.75,0.807,0.08,0
7544,30,1,6,0.769,0.445,0.818,0.25,0.276,0.049,0
7545,66,1,7,1.165,0.591,0.907,0.0,0.525,0.278,0
7546,55,0,10,1.008,0.627,0.454,0.0,-0.208,0.266,0
7547,72,1,8,0.958,0.511,0.676,0.75,0.496,0.265,0
7548,66,1,12,0.901,0.535,0.873,0.5,0.475,0.094,0
7549,60,0,10,0.847,0.589,0.66,0.0,0.29,0.058,0
7550,69,1,5,0.906,0.565,0.341,0.0,0.114,0.071,0
7551,53,1,9,0.769,0.7,0.683,0.0,0.477,-0.112,0
7552,52,1,12,0.887,0.383,0.663,0.0,-0.037,0.245,0
7553,36,0,3,0.704,0.537,0.648,0.25,-0.068,0.118,0
7554,83,1,7,0.981,0.566,0.724,0.0,0.277,0.574,0
7555,51,1,4,0.638,0.559,0.735,0.75,0.139,0.092,0
7556,57,0,9,0.811,0.497,0.7,0.25,0.18,0.111,0
7557,30,1,5,0.795,0.73,0.701,0.5,0.443,-0.134,0
7558,66,1,4,0.862,0.547,0.582,0.0,0.009,0.124,0
7559,69,1,11,0.773,0.45,0.949,0.0,0.275,-0.036,1
7560,42,0,9,0.766,0.533,1.0,0.0,0.59,-0.135,0
7561,53,0,3,0.792,0.702,0.871,0.0,0.348,0.209,0
7562,51,1,11,1.079,0.483,0.571,0.5,0.083,0.258,0
7563,67,1,3,0.914,0.563,0.586,0.0,0.009,0.295,0
7564,67,0,3,0.746,0.582,0.473,0.0,0.426,-0.09,0
7565,52,0,6,0.907,0.513,0.446,1.0,0.12,0.226,0
7566,78,1,10,0.862,0.634,0.55,0.25,0.076,0.091,0
7567,48,0,5,0.7,0.663,0.528,0.0,0.227,-0.173,0
7568,30,1,4,0.935,0.629,0.255,0.0,-0.467,0.109,0
7569,62,1,10,1.026,0.615,0.995,0.5,0.604,0.338,0
7570,47,0,6,0.767,0.694,0.709,0.0,0.133,-0.091,0
7571,36,0,10,0.689,0.555,1.044,1.0,0.61,0.075,0
7572,53,0,10,0.851,0.569,0.884,1.0,0.402,0.237,0
7573,46,1,5,0.903,0.662,0.563,1.0,-0.058,0.236,0
7574,44,0,11,1.081,0.472,0.793,1.0,0.304,0.303,0
7575,72,0,12,0.928,0.574,1.039,1.0,0.539,0.152,0
7576,49,1,7,0.715,0.613,0.907,0.0,0.512,-0.144,0
7577,53,0,6,0.939,0.501,0.78,0.0,0.414,0.344,0
7578,32,1,4,0.751,0.635,0.733,1.0,0.211,0.083,0
7579,50,0,11,0.94,0.7,0.928,0.0,0.642,0.323,0
7580,39,0,11,1.059,0.562,0.831,1.0,0.56,0.251,0
7581,39,0,12,0.949,0.43,1.043,0.25,0.325,-0.001,0
7582,38,1,5,0.7,0.613,0.602,0.0,-0.254,-0.124,0
7583,84,0,9,0.708,0.566,0.778,0.0,0.012,-0.027,0
7584,34,1,6,0.981,0.514,0.578,0.5,-0.21,0.317,0
7585,66,0,12,0.896,0.577,1.24,0.25,0.739,-0.016,0
7586,44,1,3,0.866,0.736,0.359,0.0,-0.005,0.298,0
7587,61,0,11,0.755,0.612,0.874,0.0,0.474,0.056,0
7588,45,0,12,1.13,0.495,1.382,0.25,1.054,0.715,0
7589,43,0,10,1.062,0.668,0.716,0.0,0.449,0.423,0
7590,83,1,4,0.71,0.536,0.88,0.5,0.711,-0.054,0
7591,53,1,9,1.026,0.583,0.89,0.0,0.691,0.218,0
7592,57,0,5,0.836,0.581,0.797,1.0,0.086,-0.045,0
7593,80,0,10,1.051,0.49,0.771,0.25,0.608,0.19,0
7594,63,0,6,0.944,0.63,0.677,0.25,0.128,0.262,0
7595,52,0,3,0.836,0.551,0.375,0.75,-0.083,0.157,0
7596,31,0,9,0.864,0.574,0.815,1.0,0.103,0.013,0
7597,69,1,8,1.02,0.505,0.871,0.0,0.344,0.419,0
7598,48,0,5,0.637,0.429,0.737,0.75,0.441,-0.232,0
7599,68,0,12,1.155,0.524,1.018,0.0,0.745,0.35,0
7600,65,0,4,0.866,0.653,0.501,0.5,-0.009,-0.101,0
7601,79,0,5,0.854,0.575,0.704,0.0,0.068,0.165,0
7602,51,1,12,1.208,0.65,1.072,0.0,0.676,0.437,0
7603,67,0,10,0.865,0.576,0.565,0.0,-0.077,-0.196,0
7604,82,0,11,0.989,0.576,0.862,0.5,0.469,0.413,0
7605,83,1,4,0.793,0.621,0.256,1.0,0.094,-0.066,0
7606,64,1,10,1.054,0.7,1.045,0.0,0.654,0.246,0
7607,35,0,8,0.824,0.517,0.802,1.0,0.377,-0.029,0
7608,63,1,9,1.042,0.475,0.786,0.0,0.363,0.321,0
7609,67,0,6,1.005,0.648,0.636,0.0,0.151,0.241,0
7610,57,1,6,0.842,0.511,0.793,0.0,0.145,0.192,0
7611,73,0,6,0.775,0.589,0.845,0.75,0.728,0.053,0
7612,59,0,3,0.931,0.629,0.662,0.0,-0.139,0.123,0
7613,40,1,4,0.91,0.564,0.685,0.75,0.347,0.155,0
7614,66,1,11,1.164,0.415,1.012,0.75,0.645,0.543,0
7615,81,0,10,0.838,0.438,0.552,0.25,0.083,0.201,0
7616,71,0,9,0.918,0.731,0.554,0.0,0.107,0.056,0
7617,45,1,7,0.834,0.523,0.504,0.0,-0.148,0.176,0
7618,55,1,6,0.616,0.599,0.735,0.5,0.313,-0.281,0
7619,47,1,6,0.799,0.534,0.527,0.0,0.075,0.099,0
7620,36,1,4,0.949,0.473,0.742,0.0,0.251,0.216,0
7621,41,0,7,0.767,0.554,1.051,0.0,0.686,0.073,0
7622,41,0,9,0.913,0.525,0.491,0.0,0.045,0.34,0
7623,48,1,5,0.81,0.743,0.622,0.0,0.097,0.198,0
7624,33,1,3,0.747,0.708,0.617,0.25,-0.027,-0.222,0
7625,53,1,3,0.741,0.632,0.622,0.0,0.004,0.02,0
7626,78,0,11,1.009,0.593,0.925,0.25,0.567,0.378,0
7627,61,0,4,0.896,0.583,0.16,0.25,-0.161,0.346,0
7628,51,0,8,1.034,0.692,0.66,0.5,-0.126,0.351,0
7629,30,0,8,0.771,0.533,0.812,1.0,0.538,-0.12,0
7630,59,1,9,0.728,0.584,1.041,0.0,0.458,0.07,0
7631,52,1,3,0.887,0.642,0.75,1.0,0.402,0.298,0
7632,59,0,12,1.039,0.458,0.929,0.0,0.403,0.374,0
7633,74,0,4,0.748,0.72,0.081,0.75,-0.453,0.115,0
7634,57,0,8,0.859,0.654,0.385,0.0,-0.337,0.123,0
7635,37,1,7,0.842,0.584,0.525,0.0,-0.034,-0.036,0
7636,61,0,5,0.902,0.54,0.74,0.5,0.285,0.176,0
7637,61,0,11,0.948,0.536,0.872,0.0,0.253,0.114,0
7638,77,1,3,0.618,0.515,0.437,0.0,-0.302,-0.166,0
7639,37,1,8,1.096,0.524,0.78,0.5,0.354,0.423,0
7640,58,0,9,0.869,0.654,0.932,0.5,0.356,0.031,0
7641,51,1,7,0.951,0.666,0.289,0.75,0.059,0.044,0
7642,76,0,4,0.763,0.485,0.624,1.0,0.236,-0.162,0
7643,41,1,3,0.657,0.686,0.213,0.25,-0.226,-0.003,0
7644,61,0,4,0.869,0.7,0.538,0.0,0.142,0.264,0
7645,77,0,11,0.851,0.526,0.856,0.75,0.332,0.309,0
7646,64,0,5,0.868,0.575,0.75,0.75,-0.024,0.013,1
7647,31,1,5,0.82,0.711,0.623,0.0,0.154,0.126,0
7648,30,1,6,0.724,0.673,0.653,0.75,0.082,-0.166,0
7649,47,1,7,0.809,0.577,0.76,0.0,0.177,-0.048,0
7650,39,0,11,0.7,0.559,0.873,0.0,0.173,-0.134,0
7651,41,1,4,0.7,0.579,0.319,0.25,-0.067,-0.179,0
7652,52,0,5,0.618,0.556,0.349,0.0,-0.056,-0.164,0
7653,58,1,10,0.659,0.496,0.837,0.0,0.295,-0.244,0
7654,69,1,10,1.085,0.553,1.032,0.75,0.665,0.411,0
7655,30,0,12,1.148,0.632,0.881,1.0,0.474,0.373,0
7656,64,1,6,0.72,0.61,0.895,0.25,0.195,-0.12,0
7657,49,1,9,0.868,0.351,0.807,0.0,0.214,0.25,0
7658,80,1,7,0.771,0.581,0.591,1.0,0.226,-0.064,0
7659,45,1,3,0.834,0.654,0.396,0.0,-0.019,0.15,0
7660,83,1,7,0.723,0.614,0.849,0.5,0.42,0.016,0
7661,49,0,11,0.722,0.544,1.044,0.25,0.57,0.019,0
7662,73,1,3,0.852,0.611,0.68,0.5,0.076,0.152,1
7663,77,1,9,0.955,0.7,0.828,0.25,0.347,0.031,1
7664,32,0,6,0.935,0.638,0.664,0.75,0.381,-0.04,0
7665,58,1,10,0.891,0.56,0.716,0.75,0.583,0.097,0
7666,64,0,8,1.2,0.69,0.806,0.0,0.425,0.552,0
7667,58,0,4,0.9,0.772,0.541,0.0,-0.066,0.355,0
7668,42,0,11,1.081,0.475,1.101,0.0,0.585,0.316,0
7669,79,1,7,1.109,0.696,0.7,0.25,0.238,0.323,0
7670,72,1,12,0.953,0.547,0.942,0.0,0.517,0.148,0
7671,74,0,6,0.922,0.672,0.652,0.0,0.321,0.319,0
7672,71,1,12,1.114,0.673,0.835,0.0,0.368,0.445,0
7673,71,1,4,0.708,0.715,0.656,0.0,-0.041,0.017,0
7674,83,1,6,0.958,0.5,0.601,0.0,0.257,0.222,0
7675,84,1,11,0.935,0.626,0.642,0.0,-0.239,0.379,0
7676,49,1,11,1.089,0.616,0.707,0.0,0.346,0.254,0
7677,52,0,4,0.822,0.525,0.369,0.25,-0.206,0.021,0
7678,75,1,8,0.755,0.531,0.768,0.25,0.661,0.035,1
7679,64,1,11,0.985,0.657,0.669,0.25,0.086,0.256,0
7680,77,0,10,0.867,0.559,0.83,0.0,0.44,-0.041,0
7681,33,1,5,0.77,0.596,0.574,0.0,-0.126,-0.087,0
7682,72,1,4,0.917,0.624,0.385,1.0,-0.205,0.009,0
7683,35,1,3,0.755,0.66,0.374,0.25,0.117,-0.133,0
7684,82,1,3,0.787,0.657,0.608,0.0,0.187,-0.061,0
7685,81,0,8,1.094,0.661,0.815,0.75,0.154,0.378,0
7686,30,1,6,0.785,0.543,0.642,0.0,0.306,-0.1,0
7687,53,0,12,1.105,0.478,1.128,0.0,0.781,0.493,0
7688,41,1,9,0.928,0.501,1.001,0.0,0.774,0.434,0
7689,53,1,4,0.603,0.629,0.438,0.5,-0.027,-0.068,0
7690,36,1,9,0.894,0.527,0.88,0.0,0.607,0.164,0
7691,33,1,12,1.005,0.573,0.829,0.0,0.636,0.386,0
7692,45,0,12,0.998,0.511,0.736,0.75,0.144,0.338,0
7693,73,1,9,0.709,0.444,0.731,0.25,0.366,-0.04,1
7694,83,1,6,0.735,0.482,0.755,0.25,0.067,0.033,0
7695,49,1,12,0.929,0.517,0.556,0.0,0.144,0.146,0
7696,41,0,8,1.099,0.472,0.774,0.0,0.238,0.347,0
7697,49,1,10,0.839,0.56,1.08,1.0,0.458,0.164,0
7698,57,0,4,0.763,0.59,0.841,0.75,0.217,0.007,0
7699,46,1,12,0.86,0.535,0.678,0.5,0.012,-0.086,0
7700,56,0,3,0.771,0.55,0.654,0.5,0.024,0.071,0
7701,45,1,3,0.7,0.602,0.742,0.0,0.468,-0.077,0
7702,82,1,9,0.842,0.638,0.954,0.5,0.267,0.16,1
7703,67,0,5,0.794,0.613,0.496,0.75,-0.19,-0.237,0
7704,40,1,4,1.018,0.522,0.499,0.0,-0.173,0.472,0
7705,38,0,3,0.857,0.688,0.359,0.0,-0.226,-0.006,0
7706,62,0,4,0.834,0.662,0.694,0.5,0.057,-0.047,0
7707,71,0,4,0.742,0.639,0.577,0.25,-0.132,-0.225,0
7708,76,0,10,0.901,0.459,0.928,1.0,0.6,0.012,0
7709,45,0,8,0.813,0.66,0.786,1.0,0.632,0.073,0
7710,81,0,11,1.039,0.586,0.671,0.25,0.162,0.172,0
7711,68,1,7,0.914,0.569,0.715,0.25,0.015,0.137,0
7712,42,1,9,0.998,0.489,0.648,0.0,0.171,0.088,0
7713,46,1,3,0.747,0.703,0.626,0.5,-0.062,-0.086,0
7714,40,1,6,0.663,0.67,0.619,0.5,-0.147,0.012,0
7715,74,0,11,0.952,0.554,0.917,1.0,0.832,0.17,0
7716,41,0,11,0.962,0.604,0.927,0.25,0.592,0.225,0
7717,68,1,6,0.915,0.4,0.716,0.0,0.14,0.139,0
7718,82,1,6,1.058,0.617,0.591,0.5,0.052,0.184,0
7719,49,0,6,0.754,0.576,0.544,0.25,0.041,-0.111,0
7720,82,1,12,0.883,0.491,1.115,0.25,0.415,0.291,1
7721,70,1,5,0.788,0.578,0.453,0.5,0.118,-0.012,0
7722,53,0,8,1.005,0.601,0.402,0.0,-0.314,0.404,0
7723,34,0,7,0.897,0.494,0.668,0.5,0.206,0.149,0
7724,30,1,12,0.964,0.549,0.601,0.0,0.305,0.54,0
7725,75,0,6,0.958,0.649,0.763,0.0,0.339,0.356,0
7726,69,1,3,0.728,0.697,0.718,0.0,0.114,-0.066,0
7727,51,1,7,0.822,0.54,0.589,0.75,-0.313,0.005,0
7728,47,1,10,0.862,0.622,0.887,0.0,0.265,0.041,0
7729,55,1,11,0.959,0.607,0.83,0.75,0.462,0.166,0
7730,52,1,7,0.789,0.574,0.785,0.0,0.17,0.079,0
7731,79,1,12,0.771,0.448,0.793,0.0,0.233,0.077,1
7732,55,0,3,0.834,0.569,0.423,0.75,0.115,0.116,0
7733,39,0,12,0.979,0.64,0.807,0.25,0.166,0.343,0
7734,72,1,6,0.694,0.624,0.738,0.25,0.515,-0.031,0
7735,67,1,6,0.861,0.562,0.953,0.0,0.332,0.248,0
7736,79,0,8,0.689,0.478,0.733,0.75,0.143,-0.297,1
7737,38,1,3,0.851,0.598,0.765,0.75,0.259,-0.076,0
7738,38,1,12,0.99,0.581,1.16,1.0,0.631,0.084,0
7739,43,0,3,0.71,0.585,0.347,0.0,-0.132,0.075,0
7740,46,1,10,0.974,0.526,1.105,0.0,0.738,0.365,0
7741,32,0,8,0.913,0.471,0.878,0.0,0.49,0.363,0
7742,44,1,8,0.774,0.7,0.663,0.75,-0.011,0.106,0
7743,81,1,10,0.965,0.497,1.051,1.0,0.478,0.135,1
7744,70,0,7,0.816,0.7,0.81,0.0,0.56,-0.124,0
7745,51,1,5,0.815,0.654,0.642,0.5,0.153,0.069,0
7746,66,1,10,0.936,0.609,0.691,0.0,0.141,0.211,0
7747,35,1,5,0.905,0.467,0.514,0.0,0.078,0.053,0
7748,42,1,4,0.844,0.583,0.525,1.0,0.354,-0.058,0
7749,44,1,3,0.796,0.581,0.689,0.25,0.066,0.065,0
7750,74,0,11,1.148,0.464,0.825,0.5,0.378,0.234,0
7751,42,1,12,1.006,0.414,0.979,1.0,0.279,0.342,0
7752,49,1,11,1.034,0.543,0.784,0.0,0.341,0.303,0
7753,48,0,12,0.917,0.47,0.663,0.0,0.274,0.324,0
7754,40,0,11,0.961,0.537,0.99,0.0,0.49,0.418,0
7755,33,0,5,0.686,0.592,0.905,0.0,0.19,-0.071,0
7756,70,1,11,0.894,0.613,0.575,0.25,-0.077,0.13,0
7757,50,1,5,0.807,0.598,0.65,0.0,0.138,0.025,0
7758,47,0,5,0.748,0.534,0.868,0.0,0.729,-0.095,0
7759,63,0,9,1.068,0.502,0.79,0.75,0.388,0.338,0
7760,65,1,11,0.961,0.563,0.835,0.0,0.242,0.193,0
7761,64,1,9,0.95,0.577,0.847,0.75,0.147,0.282,0
7762,42,1,9,0.969,0.592,0.631,0.0,0.026,0.14,0
7763,46,0,4,0.916,0.578,0.099,0.25,-0.195,0.268,0
7764,60,1,5,1.032,0.681,0.834,0.25,0.355,0.27,0
7765,44,1,11,0.893,0.428,0.917,0.0,0.438,0.126,0
7766,30,1,7,0.809,0.567,0.7,1.0,0.259,0.229,0
7767,80,0,6,0.697,0.682,0.571,0.0,0.139,-0.167,0
7768,40,0,8,0.932,0.549,0.657,0.25,0.147,0.128,0
7769,31,0,11,0.874,0.589,1.085,0.0,0.541,0.142,0
7770,55,0,7,0.766,0.577,0.432,0.0,-0.268,-0.217,0
7771,77,0,3,0.793,0.62,0.661,0.0,0.325,0.044,0
7772,65,1,10,1.007,0.571,1.012,0.5,0.533,0.237,0
7773,82,0,3,0.797,0.553,0.492,0.5,0.021,0.245,0
7774,48,0,9,0.79,0.504,0.878,0.0,0.311,-0.083,0
7775,68,1,7,0.829,0.523,0.679,1.0,0.199,0.124,0
7776,54,0,11,0.993,0.458,0.644,0.0,0.031,0.115,0
7777,50,0,7,0.735,0.528,0.373,0.0,0.018,0.045,0
7778,35,0,11,1.007,0.68,0.914,0.0,0.626,0.142,0
7779,58,1,8,0.854,0.509,0.772,0.25,0.292,0.189,1
7780,41,0,12,0.995,0.564,0.877,1.0,0.483,0.445,0
7781,63,1,4,0.7,0.763,0.549,0.75,0.332,-0.17,0
7782,48,0,8,0.784,0.565,0.925,0.25,0.434,-0.131,0
7783,45,0,4,0.858,0.645,0.67,0.0,0.554,0.291,0
7784,72,0,7,0.939,0.668,0.506,0.0,-0.035,0.389,1
7785,67,1,12,0.7,0.51,0.795,0.5,0.334,-0.014,0
7786,51,1,11,0.978,0.73,0.607,0.75,0.191,0.334,1
7787,75,1,3,0.852,0.621,0.367,0.0,-0.045,0.137,0
7788,56,0,7,0.844,0.602,0.978,0.25,0.544,0.144,0
7789,39,0,11,1.029,0.561,1.055,0.0,0.599,0.2,0
7790,69,1,4,0.997,0.712,0.492,0.5,0.012,0.184,0
7791,30,1,9,1.175,0.561,0.894,0.75,0.438,0.389,0
7792,84,0,6,0.881,0.577,0.465,0.25,-0.024,0.32,0
7793,64,1,7,1.028,0.629,0.848,0.0,0.352,0.298,0
7794,82,0,11,0.974,0.468,1.001,0.0,0.523,0.473,0
7795,62,1,9,1.093,0.571,0.521,0.0,0.171,0.244,0
7796,67,0,6,0.828,0.452,0.721,0.0,0.148,0.136,0
7797,39,1,4,0.821,0.609,0.67,0.5,0.166,0.079,0
7798,37,1,5,0.79,0.672,0.585,0.5,0.092,-0.011,0
7799,80,0,8,0.891,0.664,0.719,0.5,0.292,0.163,0
7800,64,1,8,0.774,0.607,0.592,0.0,0.407,-0.017,0
7801,77,1,4,0.916,0.717,0.484,0.5,0.029,0.308,0
7802,69,1,8,1.105,0.508,0.811,0.75,0.406,0.313,1
7803,48,0,8,0.785,0.521,0.847,0.0,0.328,0.085,0
7804,50,0,9,0.937,0.6,1.104,0.75,0.485,0.142,0
7805,71,0,9,1.017,0.621,0.456,0.0,0.129,0.135,0
7806,37,0,11,0.999,0.635,0.614,0.25,0.378,0.213,0
7807,59,0,9,0.961,0.548,0.484,0.25,0.034,0.064,0
7808,72,0,7,0.971,0.516,0.526,0.0,-0.046,0.214,0
7809,45,1,7,0.834,0.601,0.818,0.5,0.531,0.117,0
7810,68,0,4,0.715,0.499,0.665,1.0,0.322,-0.141,0
7811,45,0,8,0.709,0.626,0.696,0.0,0.227,0.219,0
7812,79,1,5,0.646,0.526,0.516,0.75,0.07,-0.375,1
7813,79,1,7,0.742,0.534,0.89,0.25,0.455,-0.027,0
7814,33,0,6,0.843,0.604,0.7,0.25,0.155,0.051,0
7815,46,1,11,0.762,0.536,0.775,0.0,0.595,0.15,0
7816,75,1,12,0.803,0.535,1.129,0.0,0.771,-0.088,0
7817,78,0,3,0.775,0.546,0.57,0.0,0.274,0.031,0
7818,48,0,7,0.685,0.516,0.605,0.0,0.222,-0.159,0
7819,57,1,7,0.873,0.598,0.7,0.0,0.331,0.009,0
7820,78,1,4,0.679,0.575,0.427,0.25,-0.145,-0.3,0
7821,72,1,5,0.605,0.603,0.677,0.0,0.546,-0.213,0
7822,83,1,12,1.11,0.538,0.634,0.0,0.242,0.437,0
7823,30,0,3,0.604,0.698,0.536,0.0,-0.164,-0.157,0
7824,81,0,5,0.7,0.519,0.993,0.5,0.454,-0.084,0
7825,32,0,10,0.895,0.684,0.978,0.25,0.642,0.199,0
7826,36,1,9,0.944,0.497,0.954,0.25,0.435,0.195,0
7827,35,1,3,0.951,0.661,0.329,0.0,-0.017,0.135,0
7828,41,0,12,0.715,0.7,0.814,0.25,0.349,0.08,0
7829,32,1,7,0.537,0.599,1.06,0.5,0.755,-0.284,0
7830,72,1,5,0.66,0.501,0.718,0.0,0.091,0.191,0
7831,84,1,4,1.008,0.585,0.407,0.0,0.235,0.408,0
7832,45,0,4,0.7,0.602,0.492,0.75,0.169,0.059,0
7833,61,0,11,1.038,0.545,0.748,0.5,0.428,0.456,0
7834,43,0,9,0.961,0.511,0.7,0.0,0.649,0.454,0
7835,39,1,6,0.93,0.622,0.731,0.0,0.329,0.061,0
7836,76,1,9,0.901,0.498,1.123,1.0,0.751,0.046,1
7837,57,1,9,0.94,0.381,0.829,0.0,0.306,0.134,0
7838,53,1,9,0.816,0.506,0.36,0.5,-0.253,0.101,0
7839,81,0,5,0.876,0.613,1.122,0.0,0.53,-0.13,0
7840,48,1,9,1.095,0.531,0.683,0.25,0.384,0.424,0
7841,68,0,10,0.797,0.565,0.718,0.0,0.113,0.077,0
7842,53,1,7,0.6,0.439,0.801,0.0,0.286,-0.172,0
7843,55,0,12,0.696,0.506,0.683,1.0,0.645,-0.12,0
7844,41,0,12,0.889,0.588,0.868,0.25,0.371,0.131,0
7845,64,0,11,0.967,0.41,0.767,0.75,0.125,0.289,0
7846,32,0,11,0.985,0.542,0.877,0.25,0.326,0.239,0
7847,52,0,11,1.002,0.571,0.96,0.5,0.561,0.214,0
7848,80,1,6,0.959,0.682,0.649,0.0,0.006,0.224,0
7849,71,0,12,1.088,0.617,1.246,0.0,0.785,0.246,0
7850,59,1,8,0.924,0.535,0.618,0.25,-0.017,-0.039,0
7851,34,1,10,0.922,0.717,1.01,0.5,0.476,0.272,0
7852,69,0,12,1.08,0.703,0.775,0.25,0.392,0.236,0
7853,59,0,4,0.943,0.606,0.634,0.25,0.186,0.2,0
7854,73,0,11,0.951,0.522,0.866,0.0,0.247,0.193,0
7855,34,0,6,0.751,0.588,0.857,1.0,0.38,-0.046,0
7856,40,1,12,1.008,0.478,0.969,0.0,0.471,0.133,0
7857,42,1,6,0.625,0.575,0.45,0.25,-0.223,-0.023,0
7858,78,0,3,0.796,0.594,0.614,0.25,0.262,0.1,0
7859,76,1,11,0.968,0.578,1.098,1.0,0.867,0.152,1
7860,46,0,10,0.835,0.587,0.916,0.25,0.488,0.159,0
7861,51,0,8,0.693,0.699,0.882,0.25,0.469,-0.213,0
7862,57,1,4,0.787,0.531,0.382,0.25,-0.089,-0.064,0
7863,67,0,9,0.9,0.564,0.635,0.25,0.199,0.2,0
7864,36,0,7,0.763,0.486,0.713,0.0,0.464,0.101,0
7865,61,1,6,0.89,0.727,0.852,0.5,0.604,0.204,0
7866,77,0,3,0.91,0.691,0.607,0.25,0.116,0.101,0
7867,40,0,5,0.838,0.548,0.698,0.0,0.278,0.037,0
7868,43,1,3,0.7,0.512,0.528,0.0,-0.187,-0.075,0
7869,78,1,5,0.963,0.829,0.742,0.0,0.131,0.098,0
7870,64,0,6,0.704,0.627,0.489,0.0,-0.102,-0.029,0
7871,77,1,3,0.964,0.74,0.613,0.0,0.072,0.264,0
7872,50,0,6,0.822,0.629,0.612,0.0,0.141,0.027,0
7873,69,1,12,1.179,0.559,0.747,0.5,0.256,0.306,0
7874,41,1,8,1.041,0.536,0.705,1.0,0.119,0.455,0
7875,49,1,3,0.926,0.545,0.516,0.75,-0.02,0.211,0
7876,37,0,4,0.833,0.59,0.745,0.5,0.274,0.125,0
7877,76,1,4,0.778,0.6,0.373,0.0,0.051,-0.008,0
7878,39,1,10,1.006,0.462,0.892,0.5,0.235,0.395,0
7879,31,1,10,1.061,0.496,0.7,0.0,0.364,0.377,0
7880,47,1,12,1.025,0.479,1.378,0.25,0.794,0.519,0
7881,40,0,8,0.734,0.48,0.781,0.0,0.267,-0.002,0
7882,31,0,8,0.978,0.605,0.556,0.0,0.1,0.289,0
7883,83,0,11,1.115,0.457,0.638,0.5,0.166,0.373,1
7884,82,1,12,1.22,0.542,0.935,0.25,0.646,0.471,0
7885,51,1,9,1.074,0.564,0.863,0.5,0.275,0.241,0
7886,53,0,3,0.644,0.608,0.488,0.0,0.094,-0.137,0
7887,65,0,10,0.849,0.421,0.651,0.0,0.494,0.229,0
7888,82,1,7,0.842,0.494,1.002,0.0,0.366,0.12,0
7889,62,1,12,0.955,0.518,0.99,0.0,0.659,0.356,0
7890,71,0,3,0.827,0.58,0.593,0.5,0.133,0.021,0
7891,73,0,4,0.828,0.507,0.69,0.5,0.313,0.135,0
7892,44,0,7,0.936,0.523,1.008,1.0,0.578,0.08,0
7893,83,1,7,0.962,0.443,0.469,0.5,-0.265,0.053,1
7894,84,1,9,0.685,0.579,0.727,0.0,0.041,0.034,0
7895,57,0,11,1.147,0.488,0.819,0.25,0.178,0.489,0
7896,37,1,10,1.15,0.522,0.769,0.0,0.427,0.392,0
7897,77,1,11,0.763,0.495,0.867,0.0,0.343,0.014,0
7898,74,1,12,1.092,0.605,0.719,0.0,-0.073,0.422,0
7899,60,1,8,0.725,0.552,0.715,0.25,0.091,-0.021,0
7900,62,1,8,0.892,0.543,0.7,0.0,0.29,0.232,0
7901,56,0,5,0.75,0.613,0.687,0.0,0.212,0.089,0
7902,72,1,4,0.663,0.499,0.563,0.5,0.036,-0.085,0
7903,68,0,5,0.88,0.465,0.7,0.5,0.016,0.261,1
7904,75,0,8,1.031,0.529,0.612,0.0,0.247,0.306,0
7905,40,0,12,0.932,0.601,0.87,0.5,0.739,0.371,0
7906,79,0,12,0.885,0.45,0.951,0.0,0.374,-0.05,0
7907,46,0,11,0.963,0.579,0.839,1.0,0.315,0.059,0
7908,80,0,10,0.837,0.493,1.096,0.25,0.538,0.161,0
7909,80,0,6,0.665,0.6,0.642,0.0,0.308,0.176,0
7910,34,1,12,1.106,0.496,1.04,0.0,0.388,0.415,0
7911,72,0,6,0.896,0.587,0.845,0.5,0.165,0.293,0
7912,51,1,6,0.895,0.507,0.469,0.75,0.011,0.388,0
7913,39,0,9,0.788,0.732,0.637,0.0,0.018,-0.035,0
7914,47,1,11,0.963,0.535,0.728,0.25,0.23,0.454,0
7915,67,1,8,0.781,0.505,0.603,0.5,0.085,-0.034,0
7916,56,1,5,0.89,0.58,0.641,1.0,0.017,0.12,0
7917,78,0,3,0.615,0.485,0.628,0.0,0.126,-0.027,0
7918,33,0,7,0.629,0.555,0.638,0.5,0.117,0.053,0
7919,68,0,12,1.009,0.516,0.57,0.75,-0.13,0.149,0
7920,79,0,5,0.667,0.548,0.625,0.25,0.21,-0.033,0
7921,42,1,8,1.036,0.725,0.524,0.75,0.351,0.163,0
7922,64,0,8,0.996,0.589,0.479,0.0,-0.221,0.206,0
7923,48,1,4,0.7,0.611,0.727,0.0,0.432,0.0,0
7924,34,0,4,0.841,0.551,0.712,0.0,0.234,0.141,0
7925,46,0,11,0.79,0.388,0.721,0.0,0.21,-0.038,0
7926,83,0,8,0.896,0.635,0.764,1.0,0.389,0.267,1
7927,34,0,7,0.791,0.577,0.715,1.0,0.477,-0.017,0
7928,67,0,6,0.751,0.581,0.559,0.25,0.108,0.051,0
7929,80,1,9,0.954,0.462,0.597,0.25,0.299,0.276,0
7930,42,1,6,0.921,0.512,0.468,0.0,-0.007,0.154,0
7931,81,1,9,1.11,0.674,0.647,0.0,0.093,0.376,0
7932,58,0,6,0.91,0.605,0.59,0.25,0.277,0.281,0
7933,64,1,7,0.873,0.622,0.573,0.0,-0.116,0.105,0
7934,57,1,12,1.05,0.571,0.874,0.75,0.441,0.424,0
7935,36,1,11,0.946,0.628,0.595,0.0,0.194,0.157,0
7936,50,1,12,0.939,0.514,0.72,0.0,0.225,0.139,0
7937,80,0,9,0.981,0.558,0.78,0.5,0.08,0.173,0
7938,70,1,10,0.776,0.509,0.946,0.0,0.459,0.081,0
7939,43,0,3,0.861,0.621,0.453,1.0,0.087,0.065,0
7940,58,0,6,0.701,0.657,1.012,0.5,0.681,-0.004,0
7941,65,1,8,0.801,0.574,0.854,0.5,0.315,0.063,0
7942,75,0,9,1.095,0.645,0.803,0.25,0.441,0.382,0
7943,58,1,3,0.784,0.645,0.33,0.0,0.062,0.153,0
7944,31,0,12,0.897,0.599,1.351,0.75,0.661,0.154,0
7945,36,0,4,0.688,0.578,0.321,0.0,-0.292,-0.005,0
7946,43,1,5,0.851,0.583,0.515,0.0,-0.029,0.018,0
7947,38,0,10,0.812,0.65,0.88,1.0,0.356,-0.021,0
7948,65,0,4,0.685,0.516,0.164,0.5,-0.176,-0.015,0
7949,33,0,9,0.981,0.692,0.77,0.0,0.346,0.219,0
7950,36,0,5,0.698,0.582,0.646,0.5,0.336,0.141,0
7951,75,0,12,0.72,0.56,0.739,0.0,0.25,0.038,0
7952,34,0,10,1.083,0.605,0.935,1.0,0.601,0.362,0
7953,82,0,12,0.986,0.544,0.788,0.5,0.315,0.232,0
7954,56,0,11,1.151,0.576,0.988,0.5,0.576,0.452,0
7955,68,1,11,1.166,0.338,0.7,0.5,0.261,0.512,0
7956,56,0,3,0.85,0.54,0.7,0.0,0.383,0.147,0
7957,40,0,8,0.892,0.579,0.648,0.25,0.224,0.192,0
7958,69,1,11,1.005,0.485,0.725,0.5,0.125,0.296,1
7959,72,1,4,0.58,0.687,0.283,1.0,-0.286,-0.264,0
7960,81,1,3,0.837,0.527,0.7,0.5,0.215,0.008,1
7961,65,1,3,0.809,0.676,0.426,0.5,0.111,0.204,0
7962,68,1,12,0.931,0.604,0.989,0.5,0.53,0.172,0
7963,65,0,11,0.871,0.584,0.907,0.0,0.577,0.103,0
7964,62,1,11,0.945,0.374,0.754,0.5,0.467,0.245,1
7965,82,1,12,1.051,0.516,0.917,0.5,0.637,0.165,0
7966,75,0,11,1.063,0.596,0.873,0.75,0.655,0.44,0
7967,74,0,5,0.883,0.409,0.584,0.0,0.024,0.246,0
7968,75,1,6,0.7,0.636,0.974,0.0,0.568,-0.248,0
7969,72,1,9,0.955,0.571,0.778,0.0,0.455,0.175,0
7970,37,0,10,0.851,0.483,0.905,0.25,0.389,0.518,0
7971,82,1,9,1.001,0.536,0.636,0.5,0.227,0.355,0
7972,61,0,11,1.006,0.5,0.632,0.0,0.244,0.244,0
7973,36,0,10,0.838,0.646,0.733,0.0,0.333,0.114,0
7974,48,0,8,1.04,0.649,0.801,0.25,0.316,0.307,0
7975,62,1,5,0.707,0.689,0.795,1.0,0.349,0.147,0
7976,61,0,8,0.882,0.488,0.471,0.25,0.117,0.068,0
7977,30,1,4,0.952,0.533,0.502,0.0,0.245,0.192,0
7978,38,0,3,0.843,0.7,0.377,0.0,0.134,0.061,0
7979,69,1,3,1.026,0.625,0.459,0.25,0.069,0.29,0
7980,64,0,12,1.154,0.531,1.083,1.0,0.753,0.5,0
7981,83,1,9,1.037,0.509,0.726,0.0,0.117,0.43,0
7982,52,0,11,1.209,0.559,0.958,1.0,0.454,0.778,0
7983,58,1,7,0.929,0.692,0.756,1.0,0.284,0.247,0
7984,31,0,4,0.822,0.678,0.652,0.0,-0.046,0.17,0
7985,82,1,7,0.8,0.622,0.76,0.0,0.294,-0.167,0
7986,73,0,11,1.001,0.515,0.709,0.5,-0.056,0.448,0
7987,78,0,6,0.711,0.509,0.627,0.0,0.325,-0.033,0
7988,31,1,6,0.855,0.521,0.561,0.0,0.111,0.286,0
7989,75,1,10,0.745,0.674,0.473,0.0,-0.361,0.007,1
7990,81,0,9,0.881,0.51,0.738,0.0,0.325,0.118,0
7991,81,1,4,0.7,0.661,0.622,0.5,0.413,-0.222,1
7992,38,0,8,0.831,0.516,0.933,1.0,0.326,0.141,0
7993,67,1,4,0.751,0.504,0.576,0.0,0.357,0.112,0
7994,51,0,5,0.82,0.656,0.917,0.5,0.363,0.12,0
7995,52,1,5,1.032,0.581,0.932,1.0,0.43,0.225,0
7996,47,1,10,0.756,0.513,0.8,0.0,0.174,-0.121,0
7997,69,1,12,0.816,0.489,0.7,0.25,0.327,0.192,1
7998,77,1,10,1.164,0.676,0.738,0.0,0.169,0.572,0
7999,72,1,5,0.954,0.656,0.435,0.0,-0.262,0.172,0
8000,45,0,11,0.812,0.441,0.944,0.25,0.409,0.034,0
8001,46,0,10,0.889,0.442,1.016,0.0,0.588,0.203,0
8002,61,1,10,0.971,0.487,0.466,0.25,0.16,0.271,0
8003,30,1,7,0.825,0.542,0.484,0.0,0.1,0.017,0
8004,59,0,3,0.768,0.542,0.549,0.0,0.036,-0.017,0
8005,40,0,8,0.925,0.582,0.441,0.25,-0.251,0.106,0
8006,56,1,5,0.729,0.53,0.802,0.0,0.09,0.015,0
8007,64,0,7,0.87,0.567,0.84,0.25,0.447,-0.102,0
8008,53,0,8,0.946,0.59,0.44,0.0,0.071,0.247,0
8009,56,0,12,0.954,0.547,0.901,0.0,0.456,0.294,0
8010,79,0,6,0.825,0.699,0.79,0.0,0.132,0.051,0
8011,49,0,6,0.851,0.7,0.625,1.0,0.159,0.092,0
8012,49,0,10,0.95,0.693,0.914,0.0,0.377,0.007,0
8013,77,0,12,0.976,0.514,1.004,0.5,0.478,0.174,1
8014,47,0,5,0.816,0.72,0.778,0.5,0.001,-0.078,0
8015,55,1,11,0.987,0.583,1.28,0.0,0.618,0.341,0
8016,43,1,11,0.919,0.653,0.676,0.5,0.126,0.174,0
8017,74,0,4,0.81,0.503,0.499,0.5,0.149,0.207,0
8018,45,0,11,0.86,0.53,0.827,0.0,0.426,0.029,0
8019,59,1,11,0.885,0.536,1.168,0.0,0.624,0.185,0
8020,59,0,11,1.128,0.61,0.58,1.0,-0.133,0.334,1
8021,53,0,5,0.651,0.578,0.426,0.25,-0.108,-0.174,0
8022,46,1,9,0.871,0.648,0.988,0.0,0.25,-0.076,0
8023,48,1,3,0.834,0.559,0.506,0.0,-0.212,0.11,0
8024,41,1,9,0.86,0.397,0.855,0.5,0.265,0.093,0
8025,83,0,11,0.789,0.439,1.044,0.75,0.671,0.072,1
8026,47,1,11,0.942,0.63,1.033,0.0,0.702,0.12,0
8027,53,1,4,0.82,0.544,0.306,0.25,-0.339,-0.007,0
8028,72,0,9,1.008,0.663,0.791,0.0,0.137,0.308,0
8029,40,1,4,0.769,0.57,0.615,0.0,0.37,0.191,0
8030,37,1,6,1.084,0.513,0.689,0.75,-0.181,0.465,0
8031,57,0,7,0.961,0.498,0.953,0.0,0.506,0.323,0
8032,40,0,6,0.922,0.7,0.603,0.0,0.187,0.163,0
8033,35,1,5,0.892,0.707,0.7,1.0,0.029,0.005,0
8034,77,1,10,1.083,0.665,0.451,0.25,-0.055,0.366,0
8035,36,1,9,0.625,0.632,0.863,0.75,0.494,-0.304,0
8036,36,0,7,1.0,0.503,0.796,0.0,0.338,0.329,0
8037,76,0,5,0.722,0.546,0.525,0.75,0.223,-0.026,0
8038,75,1,12,0.933,0.556,1.0,0.5,0.365,0.031,0
8039,42,1,3,0.59,0.627,0.08,0.0,-0.024,-0.098,0
8040,30,0,6,0.922,0.491,0.89,1.0,0.292,0.171,0
8041,53,1,12,0.726,0.529,1.011,0.75,0.282,0.086,0
8042,36,0,12,0.964,0.416,0.79,0.5,0.392,0.307,0
8043,55,1,10,0.833,0.507,0.823,0.0,0.33,-0.045,0
8044,35,1,12,0.946,0.51,0.722,0.0,0.375,0.217,0
8045,54,1,4,0.813,0.611,0.606,0.0,0.267,0.052,0
8046,56,1,8,0.781,0.488,0.771,0.0,0.098,0.08,0
8047,69,0,3,1.063,0.655,0.531,1.0,0.128,0.098,0
8048,63,1,12,0.946,0.559,1.091,0.5,0.553,0.365,0
8049,35,1,7,0.773,0.618,1.079,0.0,0.478,0.026,0
8050,37,1,3,0.765,0.652,0.545,0.0,0.024,-0.103,0
8051,49,1,9,0.7,0.546,1.004,0.25,0.608,0.133,0
8052,37,1,10,1.042,0.599,0.7,0.25,0.133,0.342,0
8053,77,0,3,0.851,0.561,0.485,0.0,0.353,0.294,0
8054,68,1,3,0.726,0.567,0.313,0.75,-0.082,-0.097,0
8055,31,0,7,0.854,0.393,0.797,0.0,0.324,0.059,0
8056,54,1,6,0.971,0.588,0.7,0.25,0.22,0.409,0
8057,62,0,11,0.782,0.675,1.136,0.0,1.017,-0.094,0
8058,55,0,7,0.898,0.543,0.821,0.0,0.361,0.003,0
8059,54,0,9,0.891,0.646,0.807,1.0,0.529,0.073,0
8060,69,1,11,0.798,0.469,0.932,1.0,0.421,0.098,1
8061,40,0,9,1.139,0.621,0.783,0.0,0.466,0.298,0
8062,82,0,9,0.877,0.575,0.653,0.0,0.161,0.156,0
8063,66,0,3,0.886,0.608,0.452,0.25,0.053,0.065,0
8064,74,0,11,1.101,0.564,0.545,1.0,0.112,0.682,0
8065,79,0,7,0.936,0.6,0.7,0.0,0.064,0.212,0
8066,72,0,10,0.854,0.379,0.58,0.0,0.168,0.081,0
8067,63,0,10,0.869,0.669,0.961,0.75,0.224,0.006,1
8068,42,0,8,0.966,0.557,0.901,1.0,0.608,0.275,0
8069,60,1,3,0.769,0.671,0.49,1.0,0.142,0.049,0
8070,49,1,10,0.873,0.576,1.183,0.5,0.63,0.138,0
8071,38,1,11,0.948,0.606,0.792,1.0,0.792,0.141,0
8072,54,0,12,0.962,0.587,1.052,1.0,0.279,0.171,0
8073,52,1,8,1.086,0.69,0.811,0.5,0.18,0.399,0
8074,65,0,12,1.046,0.428,0.921,1.0,0.316,0.35,0
8075,34,0,11,0.638,0.485,0.877,0.5,0.474,-0.142,0
8076,48,1,7,0.842,0.433,0.68,0.0,0.36,0.097,0
8077,48,1,12,0.96,0.534,1.046,0.0,0.718,0.32,0
8078,75,1,3,0.878,0.554,0.396,0.0,0.005,-0.058,0
8079,84,1,5,0.816,0.617,0.669,0.0,0.124,0.124,0
8080,46,1,5,1.073,0.588,0.56,0.0,0.168,0.192,0
8081,75,1,6,0.79,0.523,0.67,0.0,0.269,-0.006,0
8082,75,1,5,0.891,0.626,0.755,0.5,0.44,0.191,0
8083,60,1,9,0.874,0.63,0.854,0.75,0.25,0.301,1
8084,36,0,3,0.803,0.607,0.866,0.5,0.277,-0.041,0
8085,36,1,3,0.724,0.597,0.279,0.0,-0.294,0.082,0
8086,83,1,10,0.948,0.433,0.872,0.25,0.56,0.187,0
8087,62,0,6,0.804,0.436,0.478,0.5,-0.019,-0.332,0
8088,84,1,12,0.966,0.481,0.778,0.0,0.553,0.243,0
8089,60,1,7,1.04,0.663,0.871,0.0,0.526,0.299,0
8090,70,1,10,0.912,0.443,0.614,0.0,0.439,0.219,0
8091,60,0,12,0.953,0.601,0.896,0.0,0.463,0.246,0
8092,58,1,5,0.66,0.531,0.762,0.25,0.198,0.093,0
8093,51,0,11,0.854,0.676,0.842,1.0,-0.098,0.169,0
8094,73,1,11,0.884,0.566,0.869,0.25,0.622,0.111,0
8095,45,0,5,0.617,0.473,0.591,0.0,-0.109,-0.121,0
8096,44,0,11,0.901,0.596,0.758,0.25,0.199,0.072,0
8097,47,0,10,0.975,0.458,0.764,0.0,0.267,0.36,0
8098,49,0,9,0.774,0.598,1.041,0.0,0.341,0.14,0
8099,64,0,7,0.806,0.572,0.854,0.0,0.25,0.008,0
8100,38,0,4,0.877,0.595,0.617,0.25,0.205,-0.077,0
8101,80,1,9,0.852,0.7,0.987,0.0,0.63,0.039,0
8102,79,0,4,0.896,0.592,0.605,0.25,0.266,0.193,0
8103,57,1,3,0.603,0.626,0.539,0.0,0.061,-0.186,0
8104,72,0,7,0.871,0.487,0.629,0.5,0.412,0.178,0
8105,39,1,3,0.824,0.632,0.676,0.0,0.282,0.046,0
8106,30,1,10,0.918,0.609,1.011,0.0,0.249,0.138,0
8107,56,0,9,0.76,0.538,0.713,0.0,0.236,-0.048,0
8108,52,0,3,0.723,0.616,0.557,0.0,-0.072,-0.289,0
8109,80,0,3,0.874,0.621,0.854,0.25,0.306,0.151,0
8110,33,1,9,0.749,0.502,0.832,0.0,0.469,-0.024,0
8111,80,0,8,0.752,0.593,0.78,0.0,0.166,-0.233,0
8112,50,0,5,0.854,0.578,0.595,0.0,-0.023,0.014,0
8113,39,0,7,0.908,0.641,0.396,0.5,-0.068,-0.055,0
8114,69,1,4,0.923,0.672,0.499,0.0,0.111,0.136,0
8115,68,1,7,0.756,0.567,0.473,0.0,0.062,-0.16,0
8116,55,0,7,1.007,0.489,0.688,0.0,0.064,0.082,0
8117,59,0,9,0.939,0.527,0.839,0.25,0.506,0.226,0
8118,63,1,9,0.676,0.7,0.494,1.0,-0.273,-0.123,1
8119,74,1,12,1.026,0.427,0.992,0.0,0.662,0.325,0
8120,52,1,6,0.992,0.595,0.709,0.75,0.343,0.402,0
8121,32,1,8,0.724,0.623,0.448,0.0,-0.076,-0.005,0
8122,55,1,8,0.966,0.587,0.78,1.0,0.455,0.138,0
8123,63,0,12,0.834,0.436,1.04,1.0,0.466,0.228,0
8124,36,1,9,0.861,0.561,1.069,0.5,0.877,0.199,0
8125,76,1,10,1.197,0.437,0.933,0.5,0.43,0.612,0
8126,65,1,8,0.791,0.475,0.758,0.0,0.066,-0.062,0
8127,44,0,6,0.859,0.803,0.779,0.5,0.14,0.288,0
8128,80,1,4,0.865,0.592,0.445,0.0,0.093,0.113,0
8129,71,1,9,0.844,0.588,0.921,0.0,0.412,-0.087,0
8130,34,1,12,0.734,0.546,0.989,1.0,0.481,-0.232,0
8131,64,1,7,0.91,0.636,0.741,0.0,0.285,0.246,0
8132,37,0,10,1.109,0.46,0.75,0.25,0.284,0.388,0
8133,59,1,11,0.956,0.463,0.841,0.0,0.423,0.007,0
8134,74,1,5,0.566,0.606,0.531,0.25,0.059,-0.175,0
8135,72,1,4,0.789,0.589,0.847,0.5,0.814,0.04,0
8136,63,1,10,0.896,0.462,0.858,0.0,0.085,0.073,0
8137,36,1,4,0.879,0.639,0.728,0.0,0.321,0.26,0
8138,52,1,9,0.985,0.49,0.889,0.0,0.292,0.33,0
8139,46,1,8,0.948,0.51,0.715,0.0,0.313,0.353,0
8140,59,1,8,0.832,0.682,0.878,0.25,0.784,0.16,0
8141,39,1,10,1.094,0.734,0.818,0.25,0.404,0.195,0
8142,41,0,5,0.856,0.597,0.559,0.0,0.297,0.083,0
8143,43,1,3,0.879,0.594,0.683,0.0,0.423,0.125,0
8144,54,1,6,0.867,0.591,0.606,0.0,-0.114,0.159,0
8145,54,0,6,0.859,0.607,0.975,0.0,0.621,0.044,0
8146,43,0,7,0.897,0.579,0.671,0.0,0.331,0.01,0
8147,61,1,9,1.008,0.692,0.761,1.0,0.591,0.234,0
8148,53,0,5,1.051,0.588,0.556,1.0,-0.103,0.172,0
8149,83,0,10,0.89,0.711,0.618,0.5,0.218,0.166,0
8150,59,0,5,1.002,0.607,0.534,0.5,0.062,0.286,0
8151,39,0,3,0.7,0.52,0.334,0.75,-0.092,-0.109,0
8152,60,0,6,0.635,0.526,0.635,1.0,0.211,-0.104,0
8153,84,1,5,0.957,0.582,0.687,0.25,-0.053,0.399,0
8154,59,0,7,1.003,0.572,0.66,0.0,-0.027,0.155,0
8155,58,1,3,0.809,0.598,0.689,1.0,0.069,0.066,0
8156,38,1,7,0.96,0.511,0.704,0.0,0.383,0.283,0
8157,58,1,7,0.98,0.572,0.909,0.5,0.355,0.177,0
8158,57,0,7,0.978,0.5,0.803,0.0,0.15,0.274,0
8159,57,1,10,0.87,0.648,0.857,0.0,0.444,0.138,0
8160,62,0,11,0.886,0.58,0.845,0.0,0.445,0.243,0
8161,78,1,4,0.805,0.519,0.266,0.25,0.009,0.198,0
8162,71,0,12,0.831,0.53,1.047,1.0,0.533,0.234,1
8163,43,0,8,0.811,0.563,0.642,0.0,0.038,0.032,0
8164,44,1,9,0.961,0.529,0.574,1.0,-0.111,0.175,0
8165,59,1,7,0.797,0.571,0.84,0.0,0.339,0.023,0
8166,75,0,5,1.007,0.559,0.849,1.0,0.497,0.15,0
8167,79,0,3,0.941,0.475,0.704,0.0,-0.027,0.153,1
8168,40,1,12,0.672,0.586,1.165,0.75,0.662,0.237,0
8169,37,1,3,1.076,0.527,0.874,0.0,0.291,0.217,0
8170,41,1,9,1.007,0.638,0.582,0.0,0.192,0.311,0
8171,45,0,7,1.013,0.601,0.843,0.5,0.527,0.313,0
8172,36,1,10,0.967,0.54,0.641,0.5,0.14,0.117,0
8173,65,0,12,0.94,0.538,0.738,0.5,0.556,0.148,0
8174,55,0,10,1.003,0.631,0.667,1.0,-0.058,0.273,0
8175,43,1,10,1.005,0.486,0.635,0.0,0.196,0.281,0
8176,56,1,5,0.994,0.508,0.728,0.25,0.227,0.353,0
8177,56,0,4,0.947,0.666,0.406,0.5,0.29,0.284,0
8178,56,0,5,0.879,0.588,0.536,1.0,0.088,0.161,0
8179,80,1,6,0.807,0.551,0.498,1.0,0.0,0.015,0
8180,69,1,7,0.915,0.665,0.897,0.0,0.375,0.337,0
8181,81,0,9,0.98,0.56,1.141,0.0,0.827,0.413,1
8182,31,1,10,0.822,0.608,0.955,0.25,0.554,-0.023,0
8183,63,0,8,0.984,0.553,0.512,0.75,-0.1,0.187,1
8184,31,0,4,0.815,0.586,0.572,0.0,0.01,-0.051,0
8185,40,1,10,1.046,0.532,1.177,1.0,0.477,0.317,0
8186,46,1,8,1.052,0.403,0.792,1.0,0.246,0.292,0
8187,33,1,12,0.971,0.546,0.941,0.25,0.703,0.135,0
8188,71,0,11,0.881,0.426,0.71,0.5,0.13,0.114,0
8189,41,0,4,0.712,0.568,0.585,0.5,0.128,0.048,0
8190,76,1,7,0.77,0.487,0.844,0.5,0.522,-0.018,0
8191,71,0,9,1.141,0.617,0.263,0.0,-0.133,0.202,0
8192,49,1,5,0.91,0.597,0.891,0.5,0.463,0.028,0
8193,66,0,5,0.799,0.577,0.408,0.0,-0.05,0.157,0
8194,50,1,12,0.933,0.595,1.069,0.0,0.669,0.076,0
8195,49,1,12,0.7,0.615,0.735,0.25,0.035,0.061,0
8196,74,1,4,0.735,0.504,0.365,0.25,0.151,0.115,0
8197,49,0,5,0.666,0.667,0.582,0.0,0.208,-0.272,0
8198,42,0,7,0.736,0.638,0.7,0.25,0.224,0.196,0
8199,76,0,4,0.729,0.657,0.717,0.25,0.322,-0.14,0
8200,78,0,6,0.733,0.634,0.542,0.0,0.011,0.074,0
8201,70,1,11,1.071,0.546,1.024,0.5,0.57,0.293,0
8202,30,1,8,0.878,0.627,0.534,0.0,0.221,0.184,0
8203,48,0,11,0.816,0.634,1.036,0.5,0.592,-0.054,0
8204,55,1,6,1.022,0.512,0.7,0.75,0.4,0.197,0
8205,70,1,9,0.938,0.529,0.888,0.25,0.508,0.073,0
8206,83,0,9,0.9,0.561,0.703,0.0,0.199,-0.01,0
8207,53,1,4,0.882,0.608,0.582,0.0,0.012,0.054,0
8208,57,0,9,1.029,0.493,0.655,0.5,0.282,0.312,0
8209,69,1,9,0.809,0.645,0.876,0.5,0.231,0.046,0
8210,42,1,10,0.99,0.496,1.0,0.0,0.374,0.22,0
8211,40,0,6,0.893,0.739,0.646,0.0,0.35,0.14,0
8212,75,0,8,0.93,0.554,0.511,1.0,-0.179,0.344,0
8213,42,0,7,0.648,0.532,0.705,0.25,0.053,-0.133,0
8214,50,1,9,0.892,0.622,0.639,0.0,0.46,0.083,0
8215,51,0,7,1.148,0.692,0.811,0.75,0.428,0.224,0
8216,72,0,5,0.739,0.531,0.552,0.0,-0.148,-0.073,0
8217,59,1,12,0.875,0.557,1.01,0.0,0.623,0.143,0
8218,54,1,12,1.013,0.52,0.908,0.0,0.643,0.3,0
8219,57,1,8,0.859,0.54,0.451,0.0,-0.214,0.066,0
8220,34,0,3,0.556,0.474,0.479,1.0,0.01,0.054,0
8221,58,0,6,0.715,0.64,1.057,0.75,0.462,-0.166,0
8222,81,1,5,0.818,0.603,0.518,0.0,-0.057,0.183,0
8223,78,1,7,0.659,0.685,0.362,1.0,-0.385,-0.123,1
8224,67,0,6,0.894,0.521,0.74,0.25,0.359,0.047,0
8225,41,1,9,0.721,0.617,0.821,0.0,0.488,0.021,0
8226,72,1,3,0.725,0.718,0.899,0.25,0.179,-0.111,1
8227,35,1,7,0.796,0.756,0.775,0.0,-0.023,0.152,0
8228,36,1,3,0.783,0.673,0.436,0.0,-0.137,-0.055,0
8229,73,0,8,0.857,0.548,0.704,0.0,0.004,0.06,0
8230,73,0,11,1.076,0.667,1.094,1.0,0.717,0.373,0
8231,62,0,5,0.696,0.519,0.578,0.25,-0.009,-0.1,0
8232,61,0,9,0.966,0.612,0.921,0.75,0.582,0.423,0
8233,81,1,11,1.15,0.59,0.581,0.25,0.007,0.193,1
8234,63,1,10,0.985,0.58,0.78,0.5,0.087,0.167,0
8235,35,0,7,0.865,0.698,0.781,0.0,0.402,0.115,0
8236,72,1,6,0.932,0.613,0.639,0.75,-0.043,0.11,0
8237,58,1,8,1.01,0.7,0.746,0.0,0.151,0.148,0
8238,58,1,8,0.83,0.656,1.022,0.0,0.716,0.166,0
8239,71,0,9,0.859,0.62,0.978,0.75,0.538,0.137,0
8240,72,0,10,1.092,0.641,0.727,0.5,0.423,0.48,0
8241,37,1,8,0.909,0.627,0.701,0.5,0.347,0.118,0
8242,49,0,4,0.982,0.615,0.258,1.0,-0.442,0.296,0
8243,43,1,3,0.576,0.557,0.7,0.5,0.142,-0.153,0
8244,66,1,5,0.713,0.607,0.433,0.25,0.009,-0.008,0
8245,42,1,5,0.896,0.747,0.693,0.0,0.271,0.144,0
8246,83,1,8,0.872,0.426,1.09,0.0,0.715,0.155,0
8247,71,1,3,0.562,0.662,0.643,0.75,0.382,-0.212,1
8248,77,0,12,0.922,0.427,0.794,1.0,0.535,0.357,1
8249,50,0,10,0.955,0.473,1.282,0.25,0.982,0.134,0
8250,74,1,6,0.692,0.675,0.757,0.75,0.161,-0.027,0
8251,48,0,8,0.83,0.513,1.021,0.0,0.966,0.059,0
8252,37,1,6,0.856,0.564,0.779,0.0,0.359,-0.021,0
8253,49,1,11,0.863,0.464,0.775,0.0,0.264,-0.174,0
8254,72,1,3,0.799,0.758,0.462,1.0,-0.184,0.051,0
8255,58,1,5,0.864,0.552,0.619,0.0,0.006,0.233,0
8256,74,1,10,0.874,0.512,1.052,0.0,0.431,0.031,0
8257,83,0,6,0.791,0.74,0.649,1.0,0.315,0.067,1
8258,31,0,12,1.045,0.494,1.059,0.5,0.666,0.128,0
8259,45,1,5,0.775,0.765,0.566,1.0,0.075,0.19,0
8260,58,0,3,0.85,0.7,0.548,1.0,-0.056,0.141,0
8261,63,1,7,0.954,0.619,0.927,0.0,0.483,0.119,0
8262,33,1,7,0.778,0.643,0.783,0.0,0.364,-0.018,0
8263,37,0,4,0.479,0.437,0.792,0.0,0.297,-0.206,0
8264,83,1,6,0.9,0.583,0.369,0.25,-0.224,0.344,0
8265,68,1,5,0.73,0.631,0.444,0.0,-0.147,-0.024,0
8266,51,1,6,1.042,0.592,0.98,0.0,0.537,0.19,0
8267,79,1,12,0.907,0.614,1.04,0.0,0.596,0.207,1
8268,65,1,3,0.856,0.526,0.811,0.25,0.218,0.079,0
8269,34,0,3,0.592,0.648,0.668,0.25,-0.173,-0.038,0
8270,47,0,10,1.083,0.417,1.023,0.5,0.472,0.273,0
8271,37,1,7,0.993,0.563,0.552,0.0,-0.148,0.087,0
8272,42,0,10,0.944,0.655,0.547,0.5,-0.019,0.291,0
8273,61,1,4,0.628,0.645,0.405,0.75,0.281,-0.146,0
8274,70,0,9,0.911,0.591,0.963,0.5,0.702,0.23,0
8275,33,1,4,0.808,0.563,0.709,1.0,0.418,0.195,0
8276,40,1,10,0.856,0.611,0.797,0.25,0.444,0.257,0
8277,63,0,6,0.703,0.52,0.785,0.75,0.531,-0.298,0
8278,68,0,9,0.801,0.577,0.657,0.25,0.052,-0.109,0
8279,77,0,5,0.582,0.498,0.603,0.0,0.046,0.004,0
8280,51,1,6,0.901,0.614,0.865,0.0,0.35,0.008,0
8281,41,1,11,1.119,0.629,0.759,0.0,0.287,0.452,0
8282,83,0,11,0.952,0.521,0.959,0.5,0.553,0.205,0
8283,50,0,6,0.926,0.449,0.543,0.0,0.303,0.215,0
8284,37,1,4,1.191,0.741,0.805,0.25,0.291,0.579,0
8285,81,0,7,0.819,0.63,0.821,0.0,0.182,-0.013,0
8286,83,0,12,0.956,0.536,0.988,0.0,0.653,0.25,0
8287,50,0,9,0.935,0.621,0.766,0.0,0.321,0.337,0
8288,77,0,3,0.69,0.554,0.189,0.0,-0.435,-0.173,0
8289,70,0,10,0.733,0.646,0.839,1.0,0.458,0.09,0
8290,31,1,3,0.792,0.709,0.796,0.0,0.391,-0.212,0
8291,33,0,3,0.876,0.693,0.415,0.0,-0.215,0.06,0
8292,55,1,4,1.016,0.688,0.429,1.0,0.073,0.208,0
8293,52,1,5,0.887,0.409,0.44,1.0,0.027,0.208,0
8294,70,1,7,0.822,0.671,0.702,0.5,0.138,0.239,0
8295,49,1,8,0.982,0.491,0.981,0.25,0.589,0.269,0
8296,32,0,8,0.81,0.486,0.927,0.5,0.467,0.059,0
8297,60,0,6,0.977,0.488,0.883,0.0,0.684,0.238,0
8298,57,0,11,1.034,0.458,0.855,0.0,0.261,0.461,0
8299,37,0,6,0.854,0.52,1.052,0.0,0.573,0.307,0
8300,33,1,11,0.852,0.473,0.73,0.0,0.158,0.12,0
8301,45,1,4,1.015,0.677,0.713,0.5,0.003,-0.081,0
8302,50,1,6,0.837,0.723,0.646,1.0,0.197,-0.135,0
8303,73,1,8,0.808,0.499,0.805,0.25,0.173,0.222,0
8304,40,1,10,0.962,0.572,0.822,0.0,0.122,0.267,0
8305,34,1,4,0.907,0.585,0.398,0.0,0.028,0.268,0
8306,52,1,4,0.831,0.572,0.297,1.0,-0.049,0.002,0
8307,55,0,4,0.782,0.554,0.793,0.25,-0.062,0.088,0
8308,52,1,8,0.812,0.688,0.539,0.25,0.015,0.162,0
8309,78,0,7,0.862,0.547,0.663,0.0,0.258,0.242,0
8310,73,1,12,1.069,0.556,0.7,0.0,0.114,0.311,0
8311,42,0,10,0.878,0.458,0.7,0.5,0.167,0.106,0
8312,73,0,4,0.857,0.614,0.679,0.0,0.129,0.297,0
8313,40,0,10,1.082,0.498,1.02,0.0,0.32,0.202,0
8314,39,0,11,1.059,0.7,0.988,0.0,0.413,0.247,0
8315,56,1,5,0.824,0.499,0.73,0.25,0.17,0.029,0
8316,48,1,5,0.741,0.661,0.635,1.0,0.242,-0.222,0
8317,36,1,10,0.962,0.613,0.89,0.5,0.13,0.257,0
8318,69,1,9,0.874,0.579,0.378,0.75,-0.274,0.157,0
8319,33,1,9,0.91,0.532,1.135,0.0,0.396,0.166,0
8320,34,1,8,0.953,0.702,0.841,0.0,0.665,0.283,0
8321,78,0,11,0.902,0.454,0.595,0.0,0.149,-0.083,0
8322,77,1,9,0.924,0.364,1.025,0.5,0.698,0.324,1
8323,49,0,3,0.57,0.639,0.548,0.25,-0.207,-0.329,0
8324,80,1,6,0.725,0.66,0.693,0.5,0.651,-0.259,0
8325,35,0,11,0.687,0.52,0.902,0.0,0.613,-0.178,0
8326,45,1,12,0.825,0.565,0.957,0.0,0.581,-0.186,0
8327,62,0,12,0.905,0.526,0.895,0.0,0.429,0.219,0
8328,79,0,7,0.93,0.44,1.015,0.0,0.343,0.177,0
8329,43,1,11,0.981,0.643,0.976,0.0,0.479,0.088,0
8330,84,0,6,0.907,0.578,0.654,0.0,0.038,0.194,0
8331,44,1,12,1.039,0.467,1.027,1.0,0.581,0.285,0
8332,57,1,8,1.136,0.514,0.668,0.25,0.056,0.363,0
8333,80,1,10,0.967,0.611,0.96,0.0,0.382,0.124,0
8334,32,1,12,0.932,0.447,0.719,0.75,0.241,0.089,0
8335,52,1,4,0.662,0.604,0.724,0.0,0.293,-0.071,0
8336,52,0,3,0.82,0.623,0.528,0.75,0.044,0.021,0
8337,78,1,11,0.905,0.426,0.667,0.25,0.225,0.051,0
8338,55,0,6,1.102,0.615,0.607,0.5,-0.075,0.445,0
8339,58,1,9,0.899,0.673,0.979,0.0,0.339,0.235,0
8340,64,0,4,0.729,0.705,0.629,0.5,0.157,0.108,0
8341,44,1,6,1.065,0.588,0.828,0.0,0.236,0.096,0
8342,72,1,7,0.717,0.421,0.87,0.0,0.353,-0.117,0
8343,69,0,5,0.793,0.675,0.649,0.0,0.42,0.117,0
8344,42,1,7,1.121,0.653,0.845,1.0,0.259,0.469,0
8345,66,0,10,0.855,0.468,0.688,0.0,-0.012,0.243,0
8346,79,0,10,0.865,0.536,0.735,0.5,0.169,0.314,0
8347,53,1,12,1.058,0.502,0.676,0.0,0.298,0.612,0
8348,49,1,3,0.868,0.681,0.832,1.0,0.358,0.134,0
8349,77,0,8,0.926,0.625,1.114,0.5,0.678,0.323,1
8350,42,1,8,0.737,0.596,0.554,0.0,-0.116,-0.149,0
8351,49,1,3,0.62,0.563,0.654,1.0,0.049,-0.031,0
8352,57,0,5,0.735,0.578,0.652,0.25,0.257,-0.082,0
8353,61,1,5,0.909,0.519,0.649,0.25,0.316,0.169,0
8354,62,1,5,0.778,0.732,0.84,0.0,0.429,0.078,0
8355,82,1,4,0.938,0.537,0.62,1.0,0.238,0.321,0
8356,54,0,12,1.033,0.518,1.247,0.0,0.547,0.26,0
8357,50,1,5,0.796,0.533,0.604,0.5,0.15,-0.084,0
8358,61,0,4,0.696,0.472,0.497,0.0,-0.207,0.005,0
8359,68,1,10,1.004,0.566,1.122,1.0,0.621,0.407,1
8360,55,0,11,0.805,0.593,1.166,0.0,0.814,0.161,0
8361,41,1,5,0.709,0.533,0.429,0.25,0.194,0.011,0
8362,57,1,6,0.899,0.54,0.675,0.75,0.096,0.199,0
8363,76,1,8,0.95,0.442,0.408,0.0,0.154,0.223,0
8364,68,1,11,1.155,0.415,0.909,0.25,0.615,0.344,0
8365,65,1,10,0.897,0.506,0.746,0.5,0.333,0.245,0
8366,74,1,10,0.913,0.474,0.825,0.0,0.62,0.194,0
8367,50,1,3,0.687,0.649,0.569,0.0,0.299,-0.038,0
8368,80,0,10,1.003,0.569,0.882,0.0,0.182,0.145,0
8369,58,0,5,0.635,0.536,0.721,0.0,0.11,-0.016,0
8370,56,1,9,0.895,0.538,0.75,0.0,0.543,0.45,0
8371,69,1,3,0.815,0.7,0.852,0.0,0.434,0.042,1
8372,74,1,11,0.843,0.511,0.85,0.0,0.352,-0.04,0
8373,33,0,8,0.796,0.426,1.007,0.0,0.501,-0.162,0
8374,54,1,6,0.621,0.645,0.944,1.0,0.414,-0.148,0
8375,80,0,7,0.929,0.708,0.939,0.0,0.614,0.156,1
8376,56,0,12,1.005,0.62,0.998,0.0,0.431,0.423,0
8377,66,0,3,0.827,0.666,0.633,1.0,0.098,0.035,0
8378,46,0,11,1.056,0.488,0.725,1.0,0.178,0.485,0
8379,46,0,3,0.763,0.524,0.612,0.0,-0.088,0.285,0
8380,36,0,9,0.6,0.571,0.792,0.0,0.161,-0.033,0
8381,39,1,12,0.92,0.505,0.799,0.0,0.472,0.275,0
8382,83,1,4,0.701,0.662,0.75,0.0,0.006,-0.009,0
8383,67,1,3,0.92,0.58,0.738,0.25,0.454,0.013,0
8384,56,0,8,1.05,0.652,0.877,0.0,0.353,0.369,0
8385,41,1,3,1.081,0.628,0.575,0.0,-0.125,0.193,0
8386,67,1,4,0.836,0.504,0.467,0.25,0.124,0.013,0
8387,82,1,5,0.7,0.528,0.475,1.0,0.032,0.117,0
8388,39,0,4,0.99,0.66,0.111,0.0,-0.322,0.177,0
8389,78,1,3,0.866,0.648,0.516,0.0,0.197,0.161,0
8390,61,1,8,0.957,0.528,0.728,0.0,0.195,-0.035,0
8391,82,0,9,0.85,0.521,0.756,0.0,0.176,0.147,0
8392,62,0,4,0.941,0.444,0.433,0.25,-0.139,0.251,0
8393,46,1,7,0.753,0.7,0.871,0.0,0.402,-0.147,0
8394,34,1,7,0.792,0.497,0.659,0.25,0.212,0.008,0
8395,38,1,11,0.946,0.398,0.894,0.0,0.416,0.246,0
8396,42,1,4,0.902,0.539,0.7,0.75,0.248,0.027,0
8397,68,0,8,0.77,0.619,0.873,0.75,0.146,0.127,0
8398,73,0,8,0.835,0.612,0.715,0.0,0.429,0.294,0
8399,47,1,11,0.985,0.658,0.829,0.0,0.121,0.436,0
8400,81,0,7,0.773,0.553,0.819,0.5,0.227,0.189,0
8401,66,1,8,1.064,0.502,0.677,0.0,-0.136,0.37,1
8402,81,0,12,0.933,0.675,0.703,0.0,0.15,0.31,0
8403,62,0,9,0.792,0.586,0.711,1.0,0.453,0.138,0
8404,57,1,9,0.915,0.491,0.794,0.25,0.094,0.153,0
8405,44,0,9,1.071,0.541,0.804,0.5,0.293,0.299,0
8406,65,1,6,1.068,0.629,0.755,0.0,0.313,0.356,0
8407,79,1,9,0.99,0.572,0.936,0.0,0.363,0.232,0
8408,46,1,7,0.988,0.563,0.756,0.0,0.089,0.13,0
8409,32,1,11,0.939,0.635,1.07,0.5,0.651,0.283,0
8410,51,0,7,0.894,0.549,0.808,0.75,0.108,-0.021,0
8411,41,0,6,0.911,0.508,0.793,0.0,0.241,0.098,0
8412,77,0,11,1.077,0.539,0.841,0.0,0.254,0.347,0
8413,30,1,3,0.848,0.6,0.633,0.75,0.115,0.223,0
8414,55,1,6,0.839,0.542,0.52,0.5,0.166,0.169,0
8415,63,0,11,0.954,0.759,0.811,0.75,0.448,0.295,0
8416,55,1,10,0.882,0.548,1.116,0.0,0.78,0.076,0
8417,74,0,5,0.878,0.618,0.9,0.25,0.677,0.164,0
8418,57,1,11,1.01,0.542,0.978,0.75,0.403,0.175,0
8419,82,1,6,0.744,0.614,0.7,0.0,0.249,0.067,0
8420,34,0,3,0.807,0.522,0.436,0.25,0.085,0.143,0
8421,53,1,3,0.61,0.586,0.461,0.0,-0.239,-0.21,0
8422,51,0,9,0.773,0.534,0.623,0.0,-0.077,-0.148,0
8423,39,1,11,0.943,0.631,0.409,0.25,-0.383,0.249,0
8424,46,1,6,0.963,0.472,0.722,0.5,0.087,0.263,0
8425,35,0,4,0.767,0.528,0.539,0.0,0.255,-0.169,0
8426,30,0,12,0.889,0.639,0.925,0.5,0.295,0.1,0
8427,31,1,4,0.846,0.506,0.589,1.0,0.138,0.1,0
8428,34,0,6,0.795,0.586,0.529,0.5,-0.077,0.076,0
8429,82,1,9,0.908,0.656,0.61,0.25,0.25,0.148,0
8430,76,1,8,0.773,0.523,0.721,0.5,0.524,-0.027,1
8431,78,1,12,0.745,0.509,1.055,0.75,0.818,-0.097,0
8432,36,0,7,0.777,0.553,0.7,0.0,0.0,0.008,0
8433,67,1,3,0.882,0.723,0.389,1.0,-0.393,-0.072,0
8434,39,1,4,0.772,0.656,0.708,0.0,0.379,0.132,0
8435,73,1,10,0.872,0.532,0.694,0.0,0.389,0.138,0
8436,83,0,12,1.119,0.5,1.091,0.75,0.359,0.431,0
8437,30,0,6,1.001,0.601,0.694,0.75,0.11,0.299,0
8438,53,1,7,0.792,0.541,0.776,0.0,0.373,0.091,0
8439,34,0,7,0.795,0.654,0.514,0.75,-0.025,0.256,0
8440,51,0,4,0.715,0.574,0.699,0.5,0.492,0.081,0
8441,58,0,9,0.845,0.414,0.964,0.25,0.525,0.254,0
8442,40,1,12,0.885,0.622,0.958,0.0,0.426,-0.12,0
8443,47,0,4,0.664,0.595,0.544,0.0,0.054,0.008,0
8444,75,0,12,0.875,0.638,0.783,0.25,0.184,0.026,0
8445,72,1,10,0.973,0.526,0.873,0.0,0.706,0.078,0
8446,54,0,12,0.853,0.552,1.013,0.0,0.777,0.15,0
8447,49,1,10,0.927,0.506,0.577,0.25,0.02,0.277,0
8448,43,0,5,0.755,0.447,0.769,0.0,0.358,0.073,0
8449,57,0,3,0.779,0.639,0.407,0.25,0.066,0.069,0
8450,74,0,11,0.992,0.443,0.97,0.0,0.342,0.177,0
8451,82,0,9,0.797,0.533,0.889,0.0,0.226,0.115,0
8452,47,0,7,0.889,0.602,0.7,1.0,0.201,0.037,0
8453,79,1,9,0.915,0.519,0.583,1.0,-0.069,0.135,0
8454,31,0,5,0.601,0.482,0.584,0.25,-0.233,-0.138,0
8455,48,0,12,1.146,0.66,0.672,0.0,0.577,0.214,0
8456,76,0,11,0.894,0.567,0.876,0.0,0.292,0.12,0
8457,34,0,8,0.886,0.602,0.647,0.25,0.288,-0.136,0
8458,68,0,11,1.048,0.525,0.924,0.75,0.35,0.479,0
8459,37,1,12,0.97,0.527,1.1,0.0,0.925,0.306,0
8460,62,1,7,1.024,0.62,0.9,0.25,0.339,0.324,0
8461,76,0,8,0.81,0.589,0.896,1.0,0.244,-0.072,0
8462,75,0,6,0.926,0.547,0.456,0.75,0.022,-0.043,0
8463,44,1,8,0.759,0.569,0.786,0.0,0.227,0.222,0
8464,83,0,8,0.798,0.653,1.014,0.0,0.806,0.101,0
8465,66,1,12,0.688,0.472,0.523,0.25,-0.168,-0.049,0
8466,82,0,4,0.904,0.651,0.662,0.0,0.344,0.092,0
8467,57,0,4,0.789,0.423,0.825,0.5,0.16,0.011,0
8468,39,0,5,0.897,0.7,0.74,0.0,0.348,0.164,0
8469,38,1,4,0.771,0.55,0.477,0.0,0.176,0.166,0
8470,63,1,9,0.921,0.686,0.879,0.0,0.43,0.108,0
8471,52,1,5,0.515,0.688,0.816,0.75,0.305,-0.244,0
8472,56,0,10,1.011,0.543,1.106,0.25,0.518,0.592,0
8473,60,0,3,0.848,0.812,0.732,1.0,0.338,0.211,0
8474,84,0,5,0.802,0.538,0.595,0.5,0.437,-0.015,1
8475,32,0,9,0.877,0.505,0.436,0.75,-0.105,0.216,0
8476,53,1,3,1.13,0.619,0.528,0.0,-0.014,0.243,0
8477,73,1,7,0.905,0.613,0.447,0.0,0.128,0.012,0
8478,73,1,12,1.075,0.466,1.079,0.0,0.379,0.474,0
8479,30,0,11,1.057,0.545,0.837,0.0,0.448,0.245,0
8480,82,0,4,1.04,0.7,0.468,0.0,0.063,0.279,0
8481,41,0,8,0.94,0.712,0.98,0.75,0.41,0.254,0
8482,69,1,7,0.79,0.7,0.536,0.25,0.074,0.074,0
8483,38,0,12,0.913,0.665,0.927,0.0,0.782,0.213,0
8484,34,1,5,0.883,0.588,0.694,0.75,0.001,0.073,0
8485,56,1,5,0.846,0.633,0.761,0.25,0.135,-0.032,0
8486,47,0,9,0.748,0.61,0.767,0.25,0.249,0.187,0
8487,40,0,11,1.332,0.619,0.59,0.0,0.026,0.428,0
8488,44,1,4,0.734,0.572,0.609,0.0,0.203,-0.029,0
8489,55,1,12,1.149,0.678,0.866,0.25,0.022,0.263,0
8490,78,0,5,0.838,0.628,0.493,0.25,-0.061,0.051,0
8491,69,0,11,0.716,0.507,0.446,0.25,0.142,-0.189,0
8492,61,1,3,0.704,0.722,0.557,0.5,0.069,-0.093,0
8493,41,1,5,0.879,0.608,0.528,1.0,-0.029,0.523,0
8494,49,0,6,0.828,0.572,0.789,0.0,0.219,0.08,0
8495,78,0,9,0.998,0.7,0.678,0.0,0.063,0.433,0
8496,51,1,3,0.909,0.493,0.706,0.0,0.146,0.151,0
8497,57,0,7,0.7,0.528,0.215,0.5,-0.242,0.22,0
8498,45,0,7,0.836,0.534,0.761,0.25,0.399,0.312,0
8499,48,1,11,1.005,0.578,0.913,0.0,0.236,0.15,0
8500,47,1,10,0.968,0.653,0.386,0.0,0.15,0.27,0
8501,49,1,12,0.82,0.584,1.021,0.75,0.578,0.215,0
8502,67,1,12,1.069,0.487,1.1,0.75,0.371,0.372,0
8503,57,1,8,0.749,0.491,0.417,0.25,-0.197,-0.0,0
8504,52,0,5,0.781,0.576,0.827,1.0,0.312,-0.191,0
8505,49,0,6,0.703,0.572,0.533,0.0,0.133,0.126,0
8506,35,0,11,0.845,0.557,0.788,0.0,0.151,0.139,0
8507,55,1,4,0.711,0.669,0.711,0.0,0.26,-0.069,0
8508,76,1,4,0.724,0.614,0.542,0.0,0.336,-0.063,0
8509,61,1,11,1.056,0.612,0.663,0.0,-0.037,0.412,0
8510,74,0,6,0.653,0.516,0.629,0.0,0.253,0.023,0
8511,78,0,11,1.034,0.505,0.863,1.0,0.57,0.143,0
8512,80,1,5,0.889,0.66,0.772,0.0,0.35,0.141,0
8513,55,0,10,0.958,0.489,0.917,0.25,0.265,0.193,0
8514,84,0,12,0.875,0.527,0.8,0.0,0.357,0.175,0
8515,30,0,3,0.984,0.597,0.6,0.0,-0.064,0.246,0
8516,62,1,5,0.803,0.7,0.522,0.5,0.39,0.088,0
8517,82,1,7,0.7,0.501,0.399,0.75,-0.004,0.015,0
8518,77,0,8,0.814,0.574,0.864,0.5,0.185,0.208,0
8519,34,0,11,1.132,0.613,0.414,0.0,0.123,0.506,0
8520,68,0,12,0.92,0.469,1.177,0.5,0.863,0.184,0
8521,52,1,11,0.831,0.533,0.767,1.0,0.26,-0.015,0
8522,55,1,12,0.941,0.603,0.871,0.5,0.366,-0.055,0
8523,78,1,6,0.888,0.58,0.802,0.0,0.327,0.23,0
8524,79,0,7,0.839,0.663,0.817,0.5,0.146,-0.026,0
8525,62,0,4,0.716,0.514,0.75,0.0,0.165,-0.095,0
8526,75,1,6,1.049,0.485,0.957,0.75,0.619,0.146,0
8527,58,1,4,1.017,0.592,0.47,0.25,-0.114,0.48,0
8528,72,1,10,0.948,0.585,0.662,0.0,0.478,0.049,0
8529,43,1,7,1.029,0.604,0.782,1.0,0.177,0.172,0
8530,33,0,5,0.942,0.649,0.7,0.25,0.155,0.242,0
8531,54,0,5,0.693,0.588,0.578,0.0,0.091,0.261,0
8532,35,0,3,0.732,0.594,0.574,0.0,-0.079,0.023,0
8533,51,1,12,0.962,0.527,0.587,0.5,0.447,0.34,0
8534,70,1,3,0.7,0.527,0.709,0.0,0.353,-0.019,0
8535,53,0,5,0.72,0.516,0.482,0.0,0.126,0.174,0
8536,56,0,6,0.811,0.62,0.431,0.0,0.054,0.044,0
8537,76,1,10,1.123,0.623,0.976,0.0,0.315,0.531,0
8538,61,1,11,0.943,0.575,0.563,0.75,0.197,0.184,0
8539,38,0,8,0.944,0.524,0.713,0.0,0.013,0.21,0
8540,81,1,8,0.849,0.543,0.536,0.75,0.241,-0.105,1
8541,60,1,12,0.984,0.496,1.011,1.0,0.344,0.329,1
8542,54,1,10,0.971,0.601,0.7,0.0,0.231,-0.0,0
8543,76,1,3,0.751,0.568,0.475,0.5,-0.227,0.179,0
8544,44,0,3,0.757,0.65,0.214,0.25,-0.435,0.03,0
8545,46,1,8,0.9,0.7,0.723,0.75,0.086,0.257,0
8546,33,0,6,0.929,0.527,0.976,0.0,0.629,0.573,0
8547,41,1,4,0.766,0.627,0.425,0.0,-0.275,-0.225,0
8548,30,0,4,0.875,0.586,0.555,0.5,-0.173,0.246,0
8549,55,0,6,0.7,0.669,0.599,0.0,0.271,0.054,0
8550,55,1,4,0.887,0.596,0.639,0.0,0.148,0.173,0
8551,51,1,9,0.794,0.7,1.104,0.0,0.466,-0.187,0
8552,70,0,7,0.898,0.614,0.568,0.0,0.228,0.088,0
8553,55,0,3,0.671,0.498,0.588,1.0,0.021,-0.085,0
8554,64,0,12,1.012,0.529,0.958,0.25,0.429,0.273,1
8555,84,0,7,0.94,0.615,0.752,0.0,0.196,0.1,0
8556,32,1,10,1.042,0.495,0.5,0.0,0.146,0.107,0
8557,70,1,3,0.945,0.681,0.587,0.0,0.132,0.111,0
8558,50,0,9,0.859,0.686,0.895,0.25,0.556,0.182,0
8559,70,0,12,0.908,0.541,0.751,0.25,0.164,0.208,0
8560,37,0,11,0.947,0.586,1.084,0.25,0.701,0.244,0
8561,49,1,9,0.949,0.553,0.863,0.0,0.551,0.262,0
8562,51,0,11,0.998,0.588,0.529,0.0,0.111,0.156,0
8563,44,0,3,0.634,0.652,0.515,0.75,0.172,-0.16,0
8564,39,0,11,1.028,0.631,1.026,0.0,0.263,0.273,0
8565,60,1,5,0.784,0.467,0.664,0.75,0.093,-0.157,0
8566,41,0,11,1.105,0.611,0.89,1.0,0.601,0.195,0
8567,74,0,3,0.793,0.519,0.258,0.25,-0.159,-0.027,0
8568,52,1,9,0.997,0.479,0.708,0.75,0.417,0.447,0
8569,38,0,9,0.686,0.46,0.845,0.0,0.407,-0.08,0
8570,41,0,11,0.89,0.612,0.964,0.25,0.338,0.026,0
8571,38,1,7,0.846,0.599,0.62,0.25,0.142,0.228,0
8572,63,1,10,0.976,0.622,0.846,0.25,0.165,0.282,0
8573,83,1,6,0.976,0.723,0.598,0.0,0.142,0.392,0
8574,51,1,5,1.008,0.531,0.88,0.0,0.036,0.167,0
8575,83,0,5,0.815,0.504,0.668,0.5,0.38,0.217,0
8576,81,1,10,0.871,0.665,0.796,0.75,0.283,0.067,0
8577,74,0,9,1.044,0.511,0.753,0.25,0.312,0.214,0
8578,36,0,7,1.098,0.724,0.877,0.0,0.396,0.526,0
8579,55,0,9,1.097,0.576,0.764,0.0,0.191,0.535,0
8580,37,0,7,0.734,0.576,0.46,0.75,-0.022,-0.082,0
8581,67,0,4,0.958,0.563,0.403,0.0,0.008,0.131,0
8582,80,0,4,0.848,0.677,0.58,0.75,0.329,0.017,0
8583,70,0,10,0.818,0.628,0.576,0.0,0.151,-0.056,0
8584,50,0,10,0.893,0.545,0.914,0.75,0.6,0.04,0
8585,73,0,6,0.662,0.462,0.624,0.0,0.062,-0.105,0
8586,44,0,12,1.1,0.519,1.185,0.0,0.593,0.412,0
8587,68,1,8,0.982,0.495,0.662,0.0,-0.044,0.132,0
8588,63,0,8,0.901,0.526,0.783,0.5,0.293,-0.055,0
8589,46,0,4,0.85,0.605,0.36,0.75,-0.298,0.052,0
8590,82,0,9,0.912,0.509,0.729,0.5,0.029,-0.051,0
8591,53,1,3,0.7,0.548,0.678,0.0,0.247,-0.065,0
8592,69,1,12,1.088,0.424,0.617,0.25,-0.083,0.261,0
8593,61,1,3,0.877,0.477,0.184,0.0,-0.378,0.151,0
8594,78,0,7,0.928,0.594,0.677,1.0,0.341,0.228,0
8595,31,1,10,0.965,0.421,0.597,0.0,0.139,0.189,0
8596,43,0,4,1.011,0.487,0.522,0.0,0.192,0.281,0
8597,43,0,3,0.674,0.592,0.74,0.5,0.004,-0.198,0
8598,67,1,9,1.026,0.519,0.831,0.0,0.609,0.401,0
8599,61,1,9,0.918,0.546,0.606,0.5,0.045,0.146,0
8600,63,0,8,1.002,0.647,0.7,0.0,0.159,0.447,0
8601,70,0,3,0.755,0.527,0.7,1.0,0.322,0.111,0
8602,58,0,8,0.962,0.633,0.73,0.0,0.073,0.064,0
8603,73,0,7,0.806,0.709,0.791,0.0,0.229,0.062,0
8604,79,1,8,0.937,0.586,0.942,0.25,0.172,0.092,0
8605,41,1,3,0.846,0.677,0.282,0.5,0.256,0.2,0
8606,84,0,8,0.856,0.651,0.896,0.0,0.295,0.249,0
8607,47,1,11,0.884,0.498,0.894,0.0,0.707,0.251,0
8608,57,0,4,0.787,0.6,0.628,0.0,0.191,0.188,0
8609,67,1,10,0.82,0.601,0.761,0.5,0.431,-0.003,0
8610,62,0,3,0.896,0.592,0.667,0.0,0.47,0.014,0
8611,42,1,10,0.923,0.551,0.815,0.0,0.494,-0.044,0
8612,50,1,8,1.015,0.682,0.723,0.0,0.361,0.067,0
8613,45,1,8,0.901,0.596,0.537,0.5,0.033,0.212,0
8614,37,0,7,0.981,0.624,0.305,0.0,-0.264,0.132,0
8615,70,1,8,1.023,0.561,0.802,1.0,0.126,0.255,0
8616,72,0,10,0.948,0.512,0.812,0.5,0.346,0.066,0
8617,81,0,11,0.77,0.411,0.793,0.0,0.282,0.135,1
8618,63,0,6,0.813,0.665,0.533,0.25,0.183,-0.008,0
8619,39,0,4,0.827,0.555,0.56,0.5,0.294,-0.007,0
8620,42,0,6,1.066,0.453,0.883,0.25,0.577,0.194,0
8621,64,0,4,0.796,0.612,0.384,0.0,-0.247,0.0,0
8622,49,1,5,0.775,0.493,0.404,0.5,-0.014,0.208,0
8623,67,1,4,0.774,0.588,0.627,1.0,0.036,0.076,1
8624,30,1,4,0.798,0.539,0.579,0.5,0.088,-0.029,0
8625,57,1,4,0.845,0.642,0.435,0.5,0.031,0.167,0
8626,33,1,7,0.995,0.668,0.776,0.5,0.21,0.264,0
8627,59,0,3,0.723,0.632,0.405,0.0,-0.062,-0.008,0
8628,38,0,3,0.667,0.594,0.675,0.0,0.262,-0.139,0
8629,54,0,11,0.969,0.583,0.978,0.0,0.197,0.35,0
8630,77,1,8,0.997,0.551,0.587,1.0,0.137,0.329,0
8631,46,0,8,0.826,0.608,0.696,1.0,0.275,0.201,0
8632,41,0,8,0.946,0.544,0.757,0.0,0.14,0.186,0
8633,79,1,4,0.656,0.592,0.7,0.0,0.258,-0.099,0
8634,80,0,11,0.818,0.7,0.91,0.5,0.636,0.021,1
8635,50,1,10,1.048,0.547,0.779,0.0,0.068,0.383,0
8636,52,1,11,0.911,0.465,0.905,0.0,0.59,0.156,0
8637,33,1,3,0.835,0.483,0.729,0.0,0.388,0.125,0
8638,67,1,5,0.658,0.605,0.646,0.75,0.498,-0.118,0
8639,61,0,3,1.042,0.768,0.44,0.0,-0.062,0.142,0
8640,41,1,6,0.838,0.618,0.7,0.25,0.048,0.358,0
8641,67,0,9,0.899,0.609,0.855,0.75,0.13,0.241,0
8642,61,1,3,0.905,0.628,0.346,0.5,0.013,-0.045,0
8643,74,1,12,1.193,0.46,0.997,0.0,0.46,0.387,1
8644,51,0,5,0.955,0.508,0.58,0.75,0.166,-0.014,0
8645,38,1,7,0.864,0.736,0.644,0.0,0.259,0.044,0
8646,59,1,8,0.796,0.478,1.077,0.5,0.461,0.013,0
8647,56,0,12,1.077,0.671,0.954,0.0,0.153,0.278,0
8648,50,0,5,0.692,0.504,0.708,0.25,0.332,0.186,0
8649,35,1,12,1.065,0.543,1.146,0.5,0.494,0.138,0
8650,46,1,7,0.816,0.581,0.712,1.0,0.665,0.232,0
8651,64,1,3,0.752,0.683,0.405,0.0,-0.215,-0.007,0
8652,47,1,3,0.7,0.661,0.445,0.0,-0.034,-0.021,0
8653,48,0,8,0.882,0.454,0.898,1.0,0.476,0.147,0
8654,39,0,11,1.09,0.614,1.027,0.0,0.571,0.445,0
8655,73,0,7,0.87,0.569,0.313,0.0,0.01,-0.039,0
8656,30,1,8,0.936,0.485,0.815,0.0,0.374,0.203,0
8657,60,0,6,0.7,0.654,0.707,1.0,-0.018,0.061,0
8658,43,0,5,0.892,0.598,0.812,0.25,0.297,0.043,0
8659,74,1,4,0.745,0.613,0.703,0.5,0.415,0.045,0
8660,68,0,11,1.005,0.505,0.798,0.0,0.337,0.288,0
8661,47,0,6,0.871,0.7,0.697,0.0,0.351,0.157,0
8662,84,1,10,0.796,0.576,0.48,1.0,0.359,0.11,0
8663,46,0,4,0.86,0.671,0.713,0.75,0.23,0.095,0
8664,75,0,8,0.793,0.7,0.772,0.0,0.5,0.126,0
8665,49,1,8,0.878,0.672,0.632,0.75,-0.068,0.267,0
8666,31,0,12,1.074,0.561,1.049,0.0,0.24,0.066,0
8667,56,1,6,0.778,0.604,0.377,0.25,-0.269,0.15,0
8668,75,1,4,0.657,0.487,0.161,0.75,-0.456,-0.237,1
8669,48,1,3,0.946,0.564,0.843,0.0,0.275,0.246,0
8670,33,1,7,0.748,0.524,0.528,0.0,0.005,0.14,0
8671,44,0,10,0.7,0.58,0.699,0.0,0.193,-0.005,0
8672,72,1,7,0.992,0.698,0.796,0.0,0.632,0.149,0
8673,59,1,8,0.878,0.55,0.638,0.0,0.282,0.237,0
8674,49,1,9,0.892,0.638,0.616,0.0,0.407,0.12,0
8675,79,0,9,0.799,0.573,0.845,0.5,0.397,0.069,0
8676,43,0,7,0.959,0.542,0.491,1.0,0.211,0.091,0
8677,46,0,7,0.855,0.604,0.83,0.0,0.019,-0.008,0
8678,84,1,4,0.776,0.491,0.865,0.0,0.731,-0.06,0
8679,73,0,6,0.7,0.504,0.485,0.75,-0.057,-0.072,0
8680,84,0,11,1.067,0.53,0.945,0.0,0.243,0.318,1
8681,35,0,8,0.747,0.577,0.756,0.0,0.445,0.098,0
8682,77,0,3,0.746,0.652,0.423,0.0,-0.185,-0.002,0
8683,44,0,5,0.68,0.641,0.589,1.0,-0.145,-0.052,0
8684,57,0,12,1.011,0.532,0.852,0.25,0.604,0.223,0
8685,81,1,4,0.826,0.7,0.848,0.75,0.316,0.203,0
8686,33,0,5,0.787,0.583,0.228,0.0,-0.126,0.083,0
8687,50,1,11,1.083,0.321,0.74,0.0,0.246,0.419,0
8688,81,1,3,0.822,0.734,0.626,0.75,0.353,0.156,1
8689,64,1,3,0.847,0.692,0.193,0.0,-0.507,0.212,0
8690,80,1,11,0.945,0.642,0.684,0.0,-0.034,0.155,0
8691,32,0,7,0.819,0.458,0.788,0.0,0.244,0.298,0
8692,54,0,12,0.873,0.534,0.778,0.0,0.37,0.307,0
8693,43,0,12,0.829,0.621,0.645,0.0,0.202,0.182,0
8694,59,0,8,0.858,0.562,0.627,0.0,0.291,0.052,0
8695,34,0,6,0.981,0.494,0.864,0.5,0.448,0.229,0
8696,74,1,4,0.81,0.548,0.482,0.5,0.135,0.024,0
8697,30,1,7,1.14,0.7,0.578,0.0,0.016,0.648,0
8698,66,1,12,1.107,0.445,1.254,0.75,0.406,0.368,1
8699,62,1,5,0.785,0.718,0.677,1.0,0.12,0.055,0
8700,38,0,3,0.808,0.515,0.334,0.0,-0.27,0.008,0
8701,42,0,12,0.887,0.595,0.968,0.25,0.517,0.147,0
8702,38,0,8,0.935,0.602,0.724,0.5,0.182,-0.096,0
8703,55,0,3,0.689,0.7,0.935,0.0,0.372,-0.191,0
8704,52,0,6,0.783,0.552,0.819,0.25,0.281,0.094,0
8705,70,1,10,0.96,0.455,0.823,1.0,0.123,-0.038,0
8706,34,0,3,0.853,0.662,0.517,0.0,0.075,0.161,0
8707,54,1,11,1.06,0.465,0.899,0.0,0.432,0.166,0
8708,58,1,7,0.763,0.622,0.636,0.0,0.14,-0.085,0
8709,49,0,3,0.751,0.551,0.7,0.25,0.126,0.055,0
8710,42,0,10,0.855,0.7,1.31,0.0,1.102,-0.146,0
8711,55,0,10,0.906,0.586,0.748,0.5,0.663,-0.004,0
8712,59,0,12,1.018,0.621,0.937,0.0,0.638,0.225,0
8713,81,1,5,0.632,0.7,0.877,0.25,0.493,-0.215,0
8714,52,1,7,1.026,0.535,1.059,0.25,0.913,0.123,0
8715,82,0,9,0.986,0.536,0.898,1.0,0.416,0.283,0
8716,82,1,8,0.999,0.737,0.667,0.25,0.206,0.33,0
8717,43,0,10,1.0,0.54,0.906,0.0,0.654,0.287,0
8718,71,1,9,1.015,0.468,0.715,0.75,0.289,0.353,0
8719,72,0,9,0.702,0.457,1.066,0.5,0.751,-0.041,1
8720,36,1,9,0.887,0.473,0.754,0.0,0.367,-0.065,0
8721,64,1,11,0.964,0.587,0.947,0.0,0.618,0.322,0
8722,69,0,8,0.611,0.483,0.733,0.0,0.134,-0.374,0
8723,36,1,8,1.035,0.682,0.777,0.0,0.142,0.263,0
8724,50,0,9,0.883,0.504,0.701,0.25,0.042,0.112,0
8725,44,1,12,1.225,0.523,0.78,0.0,-0.101,0.52,0
8726,76,0,4,0.858,0.615,0.372,0.25,0.011,0.344,0
8727,60,1,4,0.864,0.66,0.489,0.5,-0.651,0.407,0
8728,47,0,5,0.848,0.553,0.7,0.75,0.116,-0.041,0
8729,56,1,8,1.069,0.716,0.729,0.75,0.088,0.256,0
8730,64,1,4,0.888,0.748,0.811,0.0,0.476,0.254,0
8731,36,1,9,1.103,0.837,0.769,0.0,0.388,0.462,0
8732,39,1,12,0.932,0.567,0.992,0.25,0.888,0.239,0
8733,58,1,7,0.74,0.64,0.694,1.0,0.095,-0.165,0
8734,35,1,10,0.958,0.502,0.747,0.0,0.311,0.128,0
8735,53,1,6,0.977,0.596,0.842,0.0,0.111,0.252,0
8736,43,1,4,0.868,0.471,0.653,0.0,0.127,0.209,0
8737,71,0,6,0.856,0.61,0.605,1.0,0.139,0.24,0
8738,75,0,4,0.645,0.593,0.173,0.0,-0.161,-0.21,0
8739,35,0,9,0.654,0.381,0.954,0.5,0.724,-0.181,0
8740,37,1,3,0.827,0.7,0.417,0.25,0.012,0.276,0
8741,41,0,5,0.888,0.624,0.911,0.75,0.352,-0.012,0
8742,32,0,12,0.826,0.562,0.399,1.0,-0.283,0.093,0
8743,42,1,9,1.029,0.522,0.535,0.75,0.128,0.4,0
8744,71,1,8,0.934,0.7,1.002,1.0,0.505,0.203,1
8745,35,1,11,0.899,0.67,0.991,0.0,0.689,-0.007,0
8746,57,1,6,0.587,0.635,0.51,0.75,-0.041,-0.204,0
8747,63,1,9,0.877,0.511,0.7,0.0,0.382,0.204,0
8748,84,0,8,0.747,0.535,0.816,0.0,-0.029,-0.021,0
8749,72,0,7,1.005,0.677,0.994,0.0,0.324,0.055,0
8750,47,1,9,1.04,0.652,0.71,1.0,0.01,0.256,0
8751,51,1,11,1.055,0.537,0.797,1.0,0.448,0.231,0
8752,72,1,8,0.798,0.608,0.842,0.0,0.458,0.057,0
8753,47,1,6,0.774,0.572,0.553,0.0,-0.234,-0.002,0
8754,44,1,6,0.881,0.568,0.686,1.0,0.609,0.076,1
8755,79,1,3,0.645,0.621,0.542,0.75,0.142,-0.29,1
8756,69,0,8,0.777,0.717,0.768,0.75,0.386,-0.011,0
8757,48,1,8,0.928,0.528,0.576,0.0,-0.08,0.263,0
8758,59,0,6,0.807,0.669,0.703,0.0,0.227,0.148,0
8759,71,0,8,0.856,0.628,0.785,0.5,0.022,-0.156,0
8760,37,0,5,0.695,0.481,0.429,1.0,-0.246,-0.078,0
8761,70,0,12,1.022,0.462,0.924,0.0,0.391,0.145,0
8762,53,1,7,0.952,0.538,0.678,0.25,0.27,0.485,0
8763,39,0,3,0.86,0.531,0.527,0.0,0.137,0.18,0
8764,82,1,7,0.903,0.597,0.919,1.0,0.625,0.22,0
8765,66,1,12,0.953,0.657,0.962,0.75,0.535,0.169,0
8766,81,0,4,0.762,0.59,0.537,0.5,0.247,-0.102,0
8767,62,0,11,1.084,0.607,0.989,0.75,0.613,0.482,0
8768,74,1,11,1.255,0.486,0.78,0.25,-0.09,0.443,0
8769,50,1,5,0.762,0.586,0.73,0.25,0.221,0.064,0
8770,79,0,12,1.122,0.529,0.886,0.0,0.285,0.278,1
8771,72,0,5,0.863,0.614,0.551,0.0,-0.226,0.136,0
8772,52,0,7,0.874,0.564,0.372,0.0,-0.025,0.178,0
8773,76,1,3,0.762,0.564,0.63,0.25,0.159,-0.074,0
8774,74,0,6,0.814,0.569,0.598,0.75,0.203,0.005,0
8775,35,1,8,0.979,0.429,0.693,0.25,0.373,0.349,0
8776,49,1,5,0.912,0.609,0.64,0.0,0.325,0.174,0
8777,82,1,11,0.921,0.501,1.175,1.0,0.894,0.07,0
8778,79,0,12,0.974,0.553,0.744,0.5,0.22,0.165,0
8779,54,0,3,0.71,0.652,0.591,0.0,-0.042,0.048,0
8780,44,1,8,0.93,0.544,0.56,0.0,0.205,0.028,0
8781,69,1,12,0.826,0.598,0.835,0.0,0.409,0.005,0
8782,30,1,12,1.028,0.588,0.721,0.0,0.076,0.345,0
8783,64,0,9,1.141,0.506,0.881,0.75,0.551,0.187,0
8784,70,1,11,1.145,0.521,0.609,0.25,-0.211,0.191,1
8785,76,0,10,0.669,0.588,1.151,0.0,0.554,-0.264,0
8786,66,1,11,1.056,0.484,1.053,0.75,0.976,0.119,0
8787,58,1,8,0.91,0.654,0.926,0.25,0.483,0.329,0
8788,70,0,9,0.882,0.592,1.028,0.0,0.641,0.438,0
8789,62,1,5,0.814,0.555,0.837,0.25,0.478,0.182,0
8790,81,1,6,0.789,0.493,0.691,0.0,0.012,0.133,0
8791,30,1,4,0.799,0.703,0.46,0.75,-0.145,0.162,0
8792,32,1,4,0.78,0.602,0.745,0.75,0.212,0.158,0
8793,51,1,6,0.896,0.528,0.858,0.0,0.522,0.033,0
8794,80,1,3,0.914,0.579,0.536,0.25,-0.074,0.199,0
8795,79,0,12,1.103,0.587,0.852,0.0,0.557,0.34,0
8796,70,0,7,1.014,0.504,0.505,0.0,-0.174,0.068,0
8797,71,0,7,1.034,0.588,0.571,0.0,-0.077,0.368,0
8798,59,1,8,1.099,0.485,0.66,0.75,0.277,0.345,0
8799,61,0,7,0.817,0.558,0.687,0.5,0.091,0.22,0
8800,35,1,10,0.923,0.556,0.869,0.0,0.682,0.156,0
8801,43,0,7,1.032,0.514,0.885,0.0,0.776,0.113,0
8802,70,1,10,0.959,0.663,0.7,0.0,0.205,0.232,0
8803,56,0,12,0.734,0.57,1.03,0.0,0.483,0.187,0
8804,61,0,10,1.017,0.681,0.839,0.25,0.523,0.255,0
8805,75,0,12,0.993,0.646,0.826,1.0,0.27,-0.005,0
8806,58,0,6,0.88,0.745,0.596,0.25,-0.184,-0.108,0
8807,67,1,12,0.951,0.575,1.108,0.0,0.351,0.12,0
8808,53,0,10,1.043,0.609,0.848,1.0,0.301,0.365,0
8809,64,0,6,0.86,0.574,0.61,0.75,0.149,0.296,0
8810,59,0,5,0.717,0.759,0.571,0.0,0.235,-0.239,0
8811,80,1,11,0.924,0.524,0.912,0.5,0.448,0.118,0
8812,34,0,12,1.075,0.683,0.759,0.0,0.47,0.232,0
8813,69,1,5,0.887,0.636,0.866,0.0,0.397,0.375,0
8814,34,1,10,0.907,0.7,0.925,0.25,0.484,0.254,0
8815,63,0,8,0.708,0.613,0.97,0.0,0.586,-0.108,0
8816,30,1,11,0.762,0.614,0.933,0.0,0.578,0.037,0
8817,51,1,11,1.195,0.617,1.059,0.0,0.82,0.533,0
8818,79,0,10,1.076,0.547,0.99,0.0,0.368,0.227,0
8819,39,1,10,0.843,0.481,0.416,0.0,0.024,0.143,0
8820,71,1,12,1.035,0.452,1.037,0.0,0.817,0.138,1
8821,35,0,10,0.953,0.483,0.809,0.25,0.138,0.017,0
8822,49,1,8,0.935,0.509,0.59,0.25,-0.011,0.219,0
8823,42,1,3,0.915,0.661,0.31,0.5,-0.016,0.159,0
8824,49,0,3,0.747,0.644,0.388,0.5,-0.226,0.036,0
8825,61,0,11,1.077,0.587,0.745,0.0,0.045,0.135,0
8826,70,0,3,0.7,0.617,0.285,0.75,0.026,0.053,0
8827,78,1,9,1.069,0.515,0.977,0.0,0.614,0.203,0
8828,46,1,6,0.739,0.526,0.611,0.0,0.157,0.017,0
8829,68,0,3,0.687,0.618,0.842,0.0,0.467,0.128,0
8830,53,0,10,1.18,0.489,0.585,0.5,0.076,0.346,0
8831,38,1,8,0.888,0.644,0.899,0.0,0.322,0.34,0
8832,64,0,12,1.011,0.544,0.931,0.0,0.139,0.403,0
8833,80,1,12,1.204,0.6,1.095,0.75,0.487,0.418,0
8834,49,0,8,0.931,0.671,0.619,0.0,-0.179,0.432,0
8835,54,1,10,0.95,0.442,0.702,0.75,0.262,0.192,0
8836,33,1,4,0.975,0.516,0.409,0.25,-0.009,0.326,0
8837,46,0,8,0.917,0.605,0.716,0.0,0.283,0.251,0
8838,73,0,7,0.869,0.658,0.655,0.25,0.236,0.151,0
8839,46,1,8,0.927,0.58,0.773,0.5,-0.143,0.395,0
8840,66,1,12,0.828,0.582,1.079,0.75,0.413,0.128,0
8841,34,0,11,0.966,0.586,0.56,1.0,-0.242,0.293,0
8842,74,0,9,1.006,0.54,1.05,0.75,0.35,0.193,0
8843,33,0,10,0.872,0.524,0.968,0.75,0.905,0.012,0
8844,57,0,10,0.98,0.7,0.923,0.0,0.334,0.462,0
8845,30,1,9,0.992,0.7,0.914,0.25,0.425,0.007,0
8846,38,1,4,0.841,0.617,0.751,0.0,0.197,-0.095,0
8847,76,0,10,0.863,0.649,1.04,0.5,0.481,0.163,1
8848,30,1,11,0.971,0.571,0.557,0.0,0.173,0.312,0
8849,33,1,5,0.956,0.579,0.637,0.5,0.147,0.292,0
8850,32,0,10,1.033,0.542,0.782,0.0,0.691,0.099,0
8851,30,1,7,0.998,0.592,0.841,0.0,0.197,0.158,0
8852,56,1,3,0.958,0.625,0.7,0.0,0.491,0.271,0
8853,75,0,11,0.945,0.699,0.84,0.0,0.314,0.005,0
8854,80,1,5,0.856,0.381,0.499,0.0,-0.148,0.059,0
8855,37,0,8,1.004,0.569,0.728,0.75,0.136,0.356,0
8856,83,1,11,0.746,0.527,0.799,0.0,0.048,0.052,0
8857,56,0,7,0.93,0.639,0.561,0.0,0.263,0.114,0
8858,63,0,3,0.751,0.458,0.844,0.0,0.412,0.047,0
8859,40,0,8,0.825,0.525,0.523,0.0,0.003,0.147,0
8860,31,1,3,0.718,0.544,0.528,1.0,0.083,0.145,0
8861,80,0,6,0.853,0.546,0.851,0.0,0.495,0.302,0
8862,30,1,10,0.935,0.582,0.931,1.0,0.66,0.188,0
8863,60,0,4,0.821,0.652,0.502,0.0,-0.014,0.117,0
8864,63,0,8,0.941,0.61,0.838,0.25,0.506,0.268,0
8865,51,1,4,0.869,0.738,0.691,0.25,0.212,0.169,0
8866,49,0,12,1.107,0.418,0.962,1.0,0.571,0.433,0
8867,74,0,6,0.905,0.7,0.871,0.75,0.387,0.109,0
8868,30,1,12,0.967,0.529,0.941,0.0,0.494,0.238,0
8869,46,0,9,0.959,0.448,1.042,0.0,0.826,0.315,0
8870,58,1,12,1.05,0.509,0.758,0.25,0.104,0.387,1
8871,67,1,4,0.741,0.649,0.828,0.25,0.244,-0.089,0
8872,34,0,3,0.707,0.654,0.569,0.0,-0.021,-0.087,0
8873,38,0,7,0.907,0.585,0.594,0.25,0.148,0.096,0
8874,79,0,5,0.711,0.486,0.486,0.0,0.01,0.064,0
8875,81,0,9,0.977,0.58,0.89,0.5,0.169,0.297,1
8876,71,0,11,0.913,0.585,1.112,0.0,0.597,0.263,0
8877,61,0,3,0.893,0.681,0.682,0.5,0.319,0.092,0
8878,33,1,4,0.713,0.766,0.659,0.25,0.173,0.079,0
8879,36,1,8,0.838,0.7,0.404,0.25,0.05,-0.089,0
8880,38,0,9,0.905,0.672,0.915,0.0,-0.096,0.212,0
8881,41,1,4,0.807,0.422,0.933,0.0,0.687,0.04,0
8882,63,0,10,1.013,0.548,0.786,0.25,0.292,0.277,0
8883,55,0,12,1.105,0.465,0.81,0.25,0.695,0.42,0
8884,30,1,5,0.83,0.566,0.713,0.25,0.325,0.069,0
8885,64,0,4,0.756,0.494,0.526,0.0,-0.074,-0.094,0
8886,42,1,9,0.933,0.496,0.963,0.25,0.432,0.234,0
8887,51,1,5,0.607,0.573,0.658,0.5,-0.034,-0.196,0
8888,50,0,8,0.729,0.592,0.848,0.0,0.173,0.034,0
8889,81,1,12,1.167,0.437,1.029,0.25,0.585,0.391,0
8890,44,0,8,1.05,0.433,0.769,0.0,0.344,0.16,0
8891,62,1,3,0.741,0.591,0.985,0.0,0.549,0.234,0
8892,58,1,12,1.307,0.584,0.952,0.0,0.387,0.454,0
8893,46,0,3,0.704,0.694,0.804,0.5,0.052,-0.093,0
8894,54,0,3,0.56,0.737,0.756,0.75,0.218,-0.262,0
8895,66,1,7,0.767,0.383,0.668,0.0,0.552,0.116,0
8896,51,0,3,0.737,0.565,0.533,0.0,0.135,0.073,0
8897,39,1,5,0.945,0.51,0.522,0.5,-0.301,0.169,0
8898,83,1,11,0.944,0.617,0.79,0.0,0.191,0.141,0
8899,51,0,4,0.7,0.629,0.667,0.0,0.161,0.231,0
8900,38,1,8,0.708,0.56,0.397,0.0,-0.184,-0.086,0
8901,41,0,6,0.878,0.684,0.611,0.25,0.181,0.194,0
8902,45,0,7,0.998,0.655,0.572,0.0,-0.128,0.128,0
8903,39,1,8,0.7,0.453,0.638,0.0,0.146,-0.01,0
8904,57,1,12,0.7,0.515,0.905,0.0,0.548,-0.112,0
8905,43,1,10,0.822,0.505,0.998,0.0,0.751,-0.075,0
8906,31,1,5,0.879,0.575,0.7,0.0,0.278,0.147,0
8907,39,1,9,1.011,0.574,0.675,0.25,0.471,0.219,0
8908,56,1,9,0.923,0.613,0.779,0.75,0.406,0.46,0
8909,81,0,7,1.02,0.482,0.802,0.0,0.248,0.36,0
8910,35,0,11,1.049,0.484,1.248,0.0,0.969,0.256,0
8911,47,1,5,1.122,0.601,0.723,0.75,0.105,0.454,0
8912,73,0,9,0.957,0.505,0.756,0.0,0.322,0.285,0
8913,37,0,9,0.958,0.512,0.723,0.0,0.245,0.099,0
8914,65,0,12,0.877,0.46,0.905,0.75,0.356,0.213,0
8915,69,1,3,0.987,0.473,0.512,0.5,-0.237,0.245,0
8916,32,1,10,0.952,0.705,0.817,1.0,0.198,0.076,0
8917,44,1,12,0.848,0.486,0.674,1.0,0.326,0.275,0
8918,30,1,12,1.006,0.538,0.792,0.0,0.344,0.414,0
8919,69,1,11,0.972,0.474,0.791,0.0,0.242,0.272,0
8920,80,1,9,1.047,0.705,0.69,0.0,0.508,0.163,1
8921,40,1,3,0.848,0.705,0.747,0.25,0.492,-0.063,0
8922,42,1,6,0.758,0.688,0.615,1.0,0.27,0.223,0
8923,33,1,8,0.925,0.614,0.912,0.75,0.118,0.302,0
8924,82,0,12,0.782,0.625,0.613,0.0,0.115,0.09,0
8925,31,0,11,0.87,0.585,0.83,0.0,0.581,0.179,0
8926,74,1,11,0.788,0.627,0.749,1.0,-0.011,0.094,0
8927,60,1,9,0.842,0.642,0.812,0.75,0.279,-0.003,0
8928,59,1,11,0.877,0.672,0.662,0.0,0.215,0.095,0
8929,40,1,7,0.918,0.646,0.795,1.0,0.361,0.26,0
8930,45,1,11,0.766,0.506,0.744,0.5,0.107,-0.011,0
8931,36,0,11,0.913,0.711,0.632,0.25,0.121,0.235,0
8932,75,0,7,0.957,0.671,0.827,1.0,0.68,0.285,0
8933,72,0,3,0.87,0.645,0.552,0.0,0.135,0.111,0
8934,77,0,4,0.876,0.52,0.382,0.5,-0.101,0.111,0
8935,55,0,6,0.814,0.678,0.7,0.5,0.326,0.114,0
8936,60,0,11,1.068,0.521,1.275,0.0,1.033,0.391,0
8937,55,1,10,0.866,0.5,0.852,0.0,0.639,0.006,0
8938,50,1,10,1.017,0.545,0.914,0.0,0.373,0.307,0
8939,67,1,11,1.054,0.583,0.719,0.75,0.134,0.188,1
8940,44,1,11,0.868,0.551,1.132,0.0,0.745,0.175,0
8941,63,0,12,0.902,0.582,0.939,0.0,0.435,0.332,0
8942,48,0,9,0.937,0.718,0.856,0.0,0.387,0.221,0
8943,30,0,9,0.873,0.564,0.746,0.75,0.43,-0.004,0
8944,59,0,7,0.68,0.502,0.651,1.0,0.168,-0.075,0
8945,50,0,7,0.791,0.652,0.722,0.25,0.328,-0.031,0
8946,77,0,3,0.796,0.749,0.418,0.25,-0.12,-0.07,0
8947,77,0,4,0.696,0.586,0.979,0.25,0.519,-0.116,0
8948,45,0,4,0.843,0.542,0.295,1.0,-0.316,-0.076,0
8949,38,1,4,0.665,0.613,0.384,0.0,-0.105,0.04,0
8950,49,1,6,0.944,0.567,0.463,0.5,0.253,0.244,0
8951,35,1,4,0.641,0.723,0.53,0.25,-0.036,-0.039,0
8952,42,0,9,1.008,0.563,0.803,0.25,0.308,0.308,0
8953,64,1,10,0.801,0.572,0.7,1.0,0.175,0.021,1
8954,55,1,6,0.7,0.674,0.802,0.25,0.444,-0.142,0
8955,67,0,8,0.914,0.524,0.732,0.0,0.308,0.054,0
8956,41,1,12,0.691,0.583,0.983,1.0,0.731,-0.02,0
8957,56,1,10,0.866,0.469,0.916,0.0,0.548,0.078,0
8958,41,1,11,0.738,0.523,0.673,0.0,0.131,0.199,0
8959,47,0,6,0.822,0.502,0.401,0.0,-0.212,-0.207,0
8960,70,1,12,0.923,0.569,0.73,0.0,0.401,0.241,0
8961,46,1,3,0.777,0.695,0.704,0.25,0.407,-0.072,0
8962,75,1,3,0.677,0.537,0.608,1.0,0.23,-0.048,1
8963,49,1,6,1.022,0.498,0.629,0.0,0.201,0.263,0
8964,38,0,5,0.56,0.525,0.526,0.5,-0.001,-0.083,0
8965,32,0,5,0.805,0.542,0.609,0.0,-0.032,0.004,0
8966,67,1,6,0.773,0.727,0.713,0.0,0.453,0.169,0
8967,72,1,10,1.137,0.562,0.612,0.0,-0.127,0.161,0
8968,69,1,5,0.893,0.527,0.569,0.25,0.114,0.339,0
8969,40,0,10,0.879,0.482,1.027,0.25,0.168,-0.016,0
8970,38,1,6,0.911,0.622,0.7,0.0,0.163,0.329,0
8971,84,1,6,0.863,0.543,0.459,0.0,-0.073,-0.075,0
8972,38,1,11,1.159,0.665,0.788,0.0,0.042,0.435,0
8973,43,1,4,0.806,0.567,0.746,0.0,0.397,0.106,0
8974,46,0,7,0.779,0.6,0.922,0.75,0.614,0.208,0
8975,79,1,11,0.988,0.522,0.922,1.0,0.285,0.247,1
8976,68,1,10,0.716,0.51,0.968,0.0,0.687,-0.167,0
8977,52,0,4,0.609,0.713,0.405,0.0,-0.165,-0.153,0
8978,64,0,9,0.965,0.517,0.992,0.0,0.491,0.24,0
8979,71,0,4,0.668,0.528,0.543,0.0,0.31,-0.171,0
8980,32,1,6,0.856,0.537,0.681,0.5,0.106,0.188,0
8981,71,1,10,0.869,0.602,0.849,0.5,0.163,0.211,1
8982,51,0,10,0.833,0.622,0.96,0.0,0.607,0.252,0
8983,80,0,11,1.098,0.551,0.795,0.75,0.531,0.416,0
8984,46,0,8,0.877,0.577,0.292,0.25,-0.089,0.303,0
8985,84,0,7,0.655,0.503,0.737,0.25,-0.068,-0.246,0
8986,38,0,5,0.986,0.716,0.718,0.0,0.321,0.189,0
8987,53,0,5,0.806,0.549,0.528,0.0,0.167,-0.083,0
8988,68,1,3,0.789,0.655,0.386,0.0,-0.028,-0.225,0
8989,55,1,6,0.825,0.579,0.742,0.5,0.165,-0.022,0
8990,46,1,11,0.958,0.547,0.883,0.0,0.597,0.185,0
8991,67,1,6,0.834,0.562,0.772,0.25,0.532,0.134,0
8992,72,1,7,0.614,0.725,0.772,0.0,0.212,-0.207,0
8993,52,0,8,0.961,0.585,0.84,0.0,0.15,0.26,0
8994,79,1,12,1.1,0.648,0.64,1.0,0.417,0.395,1
8995,44,0,7,0.816,0.479,0.745,0.25,0.096,-0.036,0
8996,76,1,6,0.787,0.526,0.491,0.0,0.002,0.275,0
8997,61,1,5,0.821,0.571,0.447,1.0,-0.35,0.128,0
8998,44,0,8,0.796,0.605,0.7,0.0,0.184,-0.12,0
8999,44,1,5,0.815,0.533,0.469,0.25,0.12,0.13,0
9000,68,1,10,1.092,0.571,0.793,1.0,0.365,0.317,0
9001,73,0,12,1.11,0.523,0.876,0.5,0.253,0.21,0
9002,60,1,12,1.137,0.536,1.042,0.0,0.493,0.324,0
9003,43,1,7,0.681,0.554,0.561,1.0,0.405,-0.171,0
9004,40,0,7,1.028,0.556,0.576,0.5,0.082,0.503,0
9005,81,1,12,1.055,0.609,1.169,0.0,0.838,0.21,0
9006,72,0,6,0.868,0.784,0.471,0.0,0.017,0.135,0
9007,45,0,8,1.035,0.618,0.671,0.5,0.258,0.268,0
9008,40,1,10,1.221,0.57,0.725,0.0,0.2,0.343,0
9009,33,1,9,0.764,0.398,0.647,0.25,0.384,0.007,0
9010,41,1,9,0.957,0.39,0.772,0.0,0.399,0.202,0
9011,32,1,6,0.928,0.691,0.525,0.75,-0.175,0.099,0
9012,36,0,4,0.81,0.621,0.393,0.0,-0.351,0.038,0
9013,30,0,3,0.776,0.612,0.366,0.0,-0.134,-0.147,0
9014,84,1,10,1.101,0.516,0.992,0.5,0.325,0.312,0
9015,48,1,6,0.947,0.661,0.568,0.0,0.012,0.38,0
9016,48,1,7,0.7,0.517,0.783,0.5,0.369,0.103,0
9017,84,1,3,0.96,0.652,0.697,0.25,0.533,0.193,0
9018,81,1,11,0.786,0.644,0.627,0.5,0.165,0.019,1
9019,61,0,12,1.009,0.64,0.878,0.25,0.508,0.128,0
9020,59,1,8,0.98,0.796,0.755,0.0,0.055,0.183,0
9021,77,0,7,1.129,0.463,0.57,0.0,-0.061,0.514,0
9022,83,1,7,1.032,0.574,0.72,0.5,0.091,0.25,0
9023,57,1,5,0.922,0.638,0.471,0.75,0.346,0.223,0
9024,62,1,7,0.824,0.587,0.898,0.5,0.632,0.153,0
9025,55,0,5,0.824,0.504,0.526,0.0,0.193,0.079,0
9026,34,0,6,0.792,0.588,0.798,0.0,0.541,-0.108,0
9027,46,0,7,0.767,0.614,0.676,0.0,0.347,0.085,0
9028,57,1,11,0.841,0.443,0.7,0.5,0.264,0.275,0
9029,65,1,3,0.783,0.636,0.311,0.25,-0.05,-0.112,0
9030,46,0,8,0.907,0.568,0.688,0.0,0.189,0.071,0
9031,35,1,3,0.812,0.668,0.596,0.0,0.547,-0.124,0
9032,83,0,10,0.907,0.548,0.923,0.5,0.396,0.153,0
9033,70,1,3,0.83,0.565,0.416,0.5,0.139,0.255,0
9034,67,0,9,1.069,0.804,0.749,0.75,0.364,0.369,0
9035,64,1,12,0.703,0.734,1.082,0.0,0.82,0.184,0
9036,63,1,12,0.881,0.67,1.068,0.0,0.638,0.141,0
9037,62,0,6,0.814,0.556,0.647,0.0,0.032,0.113,0
9038,56,1,5,0.81,0.682,0.632,0.0,0.087,0.076,0
9039,68,0,8,0.787,0.587,0.454,0.0,-0.057,0.051,0
9040,48,0,10,1.032,0.546,0.735,0.25,0.266,0.304,0
9041,62,0,6,0.889,0.601,0.532,1.0,0.142,0.156,0
9042,62,0,4,0.833,0.427,0.529,0.25,0.214,0.181,0
9043,57,0,8,1.13,0.461,0.92,0.0,0.154,0.458,0
9044,37,1,6,0.984,0.498,0.817,0.0,0.467,0.284,0
9045,32,1,12,0.993,0.645,0.828,1.0,0.561,0.472,0
9046,66,0,10,1.084,0.7,0.88,0.0,0.459,0.384,0
9047,36,0,12,0.996,0.469,0.671,0.0,0.115,0.397,0
9048,77,1,12,0.946,0.518,0.869,0.0,0.508,0.202,0
9049,37,0,5,0.871,0.592,0.552,0.75,0.102,-0.017,0
9050,64,0,8,1.096,0.6,0.962,0.5,0.448,0.428,0
9051,81,1,6,0.774,0.677,0.415,0.5,-0.081,0.248,0
9052,44,0,5,0.762,0.608,0.311,0.0,-0.245,-0.039,0
9053,53,0,7,0.66,0.517,0.697,0.0,0.385,-0.314,0
9054,41,1,8,1.088,0.595,0.7,0.0,0.294,0.351,0
9055,79,0,3,0.678,0.646,0.339,0.0,-0.298,-0.231,0
9056,38,0,5,0.871,0.51,0.964,0.5,0.457,0.236,0
9057,49,0,4,0.876,0.678,0.724,0.0,0.32,0.385,0
9058,80,0,10,0.819,0.5,0.38,0.0,-0.034,0.222,0
9059,77,1,11,0.947,0.7,1.053,0.25,0.93,0.091,0
9060,73,0,9,0.665,0.7,0.672,1.0,0.087,-0.037,0
9061,52,0,8,0.858,0.557,0.825,0.5,0.37,-0.022,0
9062,51,1,5,0.768,0.703,0.706,0.25,0.426,0.119,0
9063,75,0,6,0.984,0.722,0.731,1.0,0.292,0.273,0
9064,67,0,10,1.025,0.503,0.576,0.0,0.33,0.299,0
9065,35,0,11,1.015,0.598,0.782,0.0,0.294,0.245,0
9066,61,1,6,1.114,0.601,0.71,0.25,0.181,0.223,0
9067,72,1,6,0.838,0.524,0.301,0.0,-0.552,0.06,0
9068,82,1,7,0.75,0.717,0.496,1.0,-0.162,-0.011,0
9069,76,1,10,1.003,0.698,0.95,0.25,0.508,0.359,0
9070,66,0,7,0.938,0.657,0.255,0.0,-0.245,0.219,0
9071,83,0,11,0.994,0.359,1.374,0.0,1.104,0.325,0
9072,39,1,6,0.7,0.528,0.979,1.0,0.627,-0.13,0
9073,82,0,3,0.833,0.567,0.54,0.25,0.523,-0.035,0
9074,69,0,3,0.876,0.591,0.347,0.25,-0.16,0.215,0
9075,35,0,10,0.727,0.546,0.753,1.0,0.209,-0.067,0
9076,38,0,11,0.875,0.506,0.971,0.5,0.41,-0.097,0
9077,40,0,3,0.654,0.699,0.56,0.0,0.179,-0.142,0
9078,61,0,3,0.901,0.551,0.516,0.0,0.036,0.169,0
9079,76,0,3,0.855,0.572,0.47,0.0,-0.137,0.294,0
9080,46,1,5,0.887,0.551,0.694,0.0,0.039,-0.052,0
9081,57,1,6,0.86,0.651,0.856,0.0,0.222,0.228,0
9082,80,1,12,1.128,0.532,0.988,0.0,0.493,0.534,0
9083,69,1,11,0.97,0.585,0.801,0.0,0.373,0.459,0
9084,45,0,5,0.74,0.627,0.612,1.0,0.425,0.156,0
9085,53,0,7,0.849,0.514,0.856,0.0,0.603,0.144,0
9086,70,0,3,0.795,0.544,0.719,0.75,0.346,0.304,0
9087,54,1,10,0.842,0.506,0.858,0.75,0.552,-0.025,0
9088,33,1,3,0.865,0.61,0.697,0.25,0.301,-0.138,0
9089,32,1,6,0.85,0.676,0.631,0.0,0.448,0.299,0
9090,52,0,11,0.826,0.584,1.161,0.0,0.843,-0.03,0
9091,68,1,5,0.93,0.608,0.932,0.5,0.513,0.099,0
9092,83,1,9,1.046,0.489,0.792,0.25,0.32,0.174,0
9093,84,1,4,0.728,0.458,0.794,0.25,0.523,-0.142,1
9094,47,1,5,1.036,0.7,0.936,0.5,0.503,0.38,0
9095,69,1,12,1.114,0.57,0.946,0.25,0.496,0.242,0
9096,80,1,9,0.908,0.793,0.727,0.0,0.32,0.248,0
9097,57,1,4,0.83,0.592,0.85,0.5,0.335,-0.069,0
9098,37,1,4,0.759,0.623,0.663,0.75,0.385,0.094,0
9099,37,1,9,0.667,0.622,0.577,0.5,0.048,-0.142,0
9100,30,1,11,0.971,0.52,0.744,0.0,0.43,0.2,0
9101,81,1,12,0.648,0.514,0.922,0.5,0.449,-0.19,0
9102,72,1,9,0.847,0.489,0.92,0.5,0.365,0.025,1
9103,80,0,11,0.961,0.512,0.74,0.5,0.364,0.242,0
9104,39,1,3,0.626,0.574,0.5,0.0,-0.143,-0.15,0
9105,69,0,5,0.959,0.726,0.622,0.25,0.267,0.228,0
9106,80,1,8,0.894,0.571,0.868,0.0,0.329,0.128,0
9107,76,0,9,0.992,0.641,0.868,0.5,0.132,0.545,0
9108,81,1,6,0.725,0.61,0.798,0.0,0.217,0.07,0
9109,39,1,10,1.031,0.588,0.455,0.5,-0.096,0.133,0
9110,52,1,6,0.952,0.655,0.644,0.0,0.136,0.304,0
9111,63,0,6,0.914,0.412,0.78,1.0,0.26,0.097,1
9112,80,0,8,0.951,0.597,0.7,0.0,0.306,0.337,0
9113,37,0,6,0.7,0.568,0.34,1.0,0.104,0.079,0
9114,58,1,7,0.761,0.59,0.887,0.5,0.795,0.047,0
9115,71,0,7,0.943,0.666,0.796,0.75,0.215,0.238,0
9116,68,0,10,0.967,0.552,0.713,0.0,0.042,0.248,0
9117,34,0,10,0.7,0.559,0.819,0.0,0.358,-0.099,0
9118,79,0,5,0.933,0.776,0.563,0.25,0.238,0.251,0
9119,56,0,4,0.75,0.471,0.687,0.5,0.182,-0.028,0
9120,45,0,3,0.867,0.675,0.771,0.25,0.35,-0.15,0
9121,36,0,12,0.79,0.454,0.917,0.0,0.217,0.144,0
9122,58,0,5,0.653,0.477,0.498,0.0,-0.037,0.068,0
9123,52,0,11,0.808,0.607,0.7,0.5,0.24,0.034,0
9124,52,1,5,0.847,0.66,0.677,0.25,0.151,-0.062,0
9125,48,0,9,0.712,0.738,0.593,0.5,0.208,-0.23,0
9126,59,1,4,0.77,0.717,0.462,0.75,-0.101,-0.143,0
9127,66,0,12,1.121,0.395,0.766,0.0,0.212,0.331,0
9128,68,0,11,0.99,0.605,0.853,0.0,0.346,0.236,0
9129,67,1,4,0.743,0.63,0.639,0.25,0.328,-0.188,0
9130,78,0,9,0.7,0.515,1.023,0.0,0.364,-0.199,0
9131,74,1,7,0.682,0.516,0.815,0.5,0.224,-0.443,0
9132,50,0,12,0.917,0.545,0.798,0.5,0.19,0.215,0
9133,64,1,10,0.832,0.573,0.961,0.0,0.418,0.119,0
9134,54,1,11,1.1,0.522,0.7,0.0,0.091,0.517,0
9135,31,1,12,0.895,0.62,1.08,0.25,0.718,0.283,0
9136,36,0,11,1.021,0.645,0.92,0.0,0.4,0.461,0
9137,45,0,4,0.969,0.593,0.393,0.0,-0.038,0.147,0
9138,84,1,3,0.836,0.579,0.492,0.0,0.17,0.278,0
9139,84,0,10,1.013,0.483,0.848,0.0,0.427,0.292,0
9140,60,1,6,1.045,0.742,0.841,0.0,0.197,0.552,0
9141,74,0,3,0.777,0.656,0.55,1.0,0.174,0.088,0
9142,59,1,3,0.797,0.594,0.814,0.0,0.325,0.006,0
9143,71,1,3,0.661,0.623,0.441,0.25,-0.205,-0.295,0
9144,43,1,9,1.116,0.607,0.705,0.0,-0.031,0.281,0
9145,81,0,3,0.636,0.7,0.583,0.5,-0.021,-0.287,0
9146,45,1,3,0.704,0.531,0.412,0.0,-0.039,0.004,0
9147,69,1,10,0.989,0.477,0.649,0.0,-0.051,0.193,0
9148,76,1,5,0.843,0.564,0.381,0.75,-0.236,0.186,1
9149,49,1,8,0.991,0.644,0.925,0.0,0.336,0.262,0
9150,68,0,4,0.853,0.678,0.41,0.25,0.033,0.184,0
9151,53,0,12,1.133,0.447,0.682,0.5,0.204,0.406,0
9152,80,1,4,0.832,0.791,0.714,1.0,0.112,0.275,1
9153,69,1,12,0.949,0.597,0.834,0.25,-0.213,0.041,1
9154,67,0,3,0.501,0.608,0.548,0.25,0.554,-0.165,0
9155,47,0,5,0.797,0.597,0.984,0.5,0.376,0.176,0
9156,69,1,11,1.028,0.466,0.864,1.0,0.324,0.398,1
9157,63,0,3,0.612,0.658,0.678,0.0,0.103,-0.171,0
9158,84,1,6,0.945,0.596,0.745,0.0,0.436,0.078,0
9159,50,1,7,0.919,0.63,0.738,0.5,0.242,0.006,0
9160,35,0,10,1.012,0.57,0.936,0.75,0.42,0.065,0
9161,43,0,5,0.7,0.572,0.601,0.0,0.446,-0.123,0
9162,67,1,4,0.979,0.654,0.528,0.75,0.104,0.068,0
9163,50,1,3,0.819,0.583,0.791,0.0,0.367,0.049,0
9164,77,1,10,0.732,0.574,0.731,0.75,0.385,-0.04,1
9165,33,0,8,0.888,0.606,0.636,0.0,0.544,0.089,0
9166,69,0,12,0.95,0.599,0.897,0.0,0.194,0.131,0
9167,57,1,5,0.812,0.622,0.529,0.0,0.205,0.178,0
9168,78,0,9,0.844,0.603,0.939,0.0,0.328,0.182,0
9169,50,1,8,0.979,0.589,0.671,0.25,0.144,0.004,0
9170,70,1,12,0.799,0.646,0.634,0.0,0.081,-0.043,0
9171,54,1,8,0.943,0.479,0.614,0.5,0.505,0.274,0
9172,30,1,7,0.662,0.479,1.02,0.0,0.482,-0.219,0
9173,61,0,9,0.877,0.648,0.759,0.0,0.059,0.123,0
9174,56,0,6,1.026,0.622,0.541,0.25,0.157,0.314,0
9175,32,0,4,0.834,0.603,0.598,0.25,0.219,0.302,0
9176,60,1,6,0.958,0.622,0.601,0.0,0.058,0.089,0
9177,69,0,5,0.681,0.7,0.793,0.0,0.093,-0.148,0
9178,62,0,11,1.053,0.595,0.43,1.0,-0.045,0.3,0
9179,73,1,7,0.887,0.551,0.336,1.0,-0.075,-0.03,0
9180,79,0,9,0.977,0.517,0.481,0.0,-0.196,0.096,0
9181,77,0,7,0.781,0.557,0.7,0.25,0.114,-0.04,0
9182,47,1,5,0.901,0.609,0.707,0.25,0.139,0.257,0
9183,62,1,3,0.771,0.742,0.613,0.5,-0.017,0.075,0
9184,76,1,5,0.679,0.717,0.582,0.75,0.155,0.07,0
9185,41,0,12,1.156,0.479,0.728,1.0,0.378,0.313,0
9186,40,1,9,0.93,0.44,0.7,0.0,0.336,0.341,0
9187,71,1,9,0.827,0.528,1.091,1.0,0.821,-0.189,0
9188,63,1,6,0.823,0.471,0.777,0.75,0.632,-0.12,0
9189,41,1,4,0.803,0.556,0.652,1.0,-0.048,0.013,0
9190,41,0,11,0.739,0.422,1.006,0.25,0.638,-0.018,0
9191,82,0,7,0.824,0.533,1.011,1.0,0.421,0.06,0
9192,51,1,5,0.739,0.645,0.645,0.25,0.269,-0.123,0
9193,65,1,10,0.918,0.43,0.878,0.0,0.633,0.27,0
9194,47,1,11,1.072,0.439,0.924,0.75,0.647,0.351,0
9195,74,1,12,0.937,0.593,0.653,1.0,-0.047,0.138,0
9196,59,0,12,1.027,0.468,0.854,0.0,0.338,0.388,0
9197,74,1,9,0.806,0.531,1.022,0.0,0.541,0.139,0
9198,56,0,10,0.925,0.432,1.02,0.0,0.253,0.13,0
9199,49,1,6,0.822,0.649,0.873,0.5,0.543,0.104,0
9200,48,1,7,0.815,0.529,0.786,0.0,0.159,-0.041,0
9201,47,1,10,0.971,0.538,0.825,1.0,0.125,0.204,0
9202,61,1,3,0.839,0.586,0.553,0.0,0.048,-0.023,0
9203,36,0,4,0.747,0.676,0.679,0.25,0.478,0.246,0
9204,57,0,12,0.975,0.598,0.74,0.0,0.224,0.399,0
9205,84,1,5,0.7,0.601,0.883,0.75,0.289,-0.22,1
9206,84,0,7,0.953,0.492,0.777,0.25,0.435,0.158,0
9207,56,0,6,0.933,0.589,0.744,0.5,-0.143,0.125,0
9208,32,0,11,0.875,0.579,0.824,0.0,0.397,0.119,0
9209,84,0,6,0.828,0.575,0.76,0.0,-0.079,0.081,0
9210,79,0,3,0.77,0.809,0.739,0.0,0.098,-0.156,0
9211,35,0,11,0.853,0.608,0.912,0.25,0.395,-0.02,0
9212,71,1,12,0.812,0.425,1.093,0.0,0.918,0.112,0
9213,78,0,12,0.739,0.494,0.876,1.0,0.563,0.104,0
9214,82,0,7,0.866,0.71,0.688,0.0,-0.052,0.082,0
9215,43,0,11,0.854,0.551,0.74,0.0,0.573,0.246,0
9216,61,1,7,0.951,0.657,0.734,0.25,0.221,0.303,0
9217,83,0,5,0.691,0.48,0.716,0.75,0.218,0.052,0
9218,41,0,4,0.905,0.639,0.825,0.0,0.403,0.317,0
9219,34,0,11,0.934,0.648,0.585,0.25,-0.173,0.073,0
9220,73,1,6,0.793,0.7,1.057,1.0,0.599,0.147,0
9221,49,0,10,0.7,0.502,0.843,0.0,0.485,-0.177,0
9222,49,0,6,0.795,0.618,0.526,0.5,0.268,0.067,0
9223,73,0,3,0.656,0.543,0.546,0.25,0.021,0.044,0
9224,33,1,9,0.946,0.442,0.994,0.25,0.558,0.521,0
9225,74,0,10,0.757,0.615,0.719,0.0,0.125,0.065,0
9226,73,0,10,0.805,0.5,0.709,0.5,0.325,0.006,0
9227,39,0,4,0.66,0.748,0.206,0.75,-0.203,-0.053,0
9228,75,0,8,0.887,0.521,0.689,0.25,0.3,0.12,0
9229,37,0,9,0.8,0.729,0.923,0.5,0.351,0.065,0
9230,81,1,4,0.542,0.633,0.651,0.5,-0.105,-0.371,0
9231,45,0,5,0.78,0.602,0.471,0.75,-0.007,0.022,0
9232,83,1,8,0.872,0.408,0.861,0.75,0.52,0.069,1
9233,48,1,4,0.733,0.555,0.722,0.25,-0.132,0.096,0
9234,32,0,12,0.932,0.7,1.051,0.0,0.388,0.383,0
9235,46,1,7,0.898,0.586,0.716,0.0,0.398,0.058,0
9236,57,1,4,0.728,0.634,0.482,1.0,-0.196,0.004,0
9237,40,1,4,0.836,0.492,0.584,0.0,0.075,-0.079,0
9238,59,0,10,0.832,0.608,0.995,1.0,0.596,0.076,0
9239,61,0,11,1.081,0.476,1.113,0.5,0.413,0.166,0
9240,45,0,3,0.927,0.564,0.388,0.0,-0.087,0.309,0
9241,58,0,7,0.956,0.494,0.677,0.0,0.213,0.061,0
9242,56,0,5,0.948,0.637,0.593,0.5,0.375,0.106,0
9243,77,0,7,0.922,0.489,0.821,0.75,0.344,0.257,0
9244,50,0,12,0.934,0.51,1.098,0.5,0.46,0.306,0
9245,48,0,6,0.853,0.543,0.352,0.5,-0.189,0.289,0
9246,78,0,8,0.838,0.468,0.69,0.0,0.185,0.232,1
9247,78,0,6,0.787,0.669,0.637,0.0,0.097,0.213,0
9248,34,1,10,0.917,0.685,0.939,0.0,0.335,0.274,0
9249,60,1,11,0.88,0.492,0.706,1.0,0.278,0.051,0
9250,48,0,5,0.78,0.681,0.468,0.0,0.386,-0.127,0
9251,58,1,10,1.07,0.514,0.732,0.0,0.184,0.357,0
9252,38,0,8,1.129,0.553,0.704,0.25,0.004,0.193,0
9253,62,1,7,0.751,0.561,0.697,0.0,0.191,-0.031,0
9254,57,0,4,0.969,0.552,0.384,1.0,-0.037,0.5,0
9255,53,1,11,0.906,0.495,1.048,0.0,0.57,0.194,0
9256,77,0,5,0.809,0.636,1.011,1.0,0.369,0.179,0
9257,49,0,12,0.893,0.552,1.166,0.75,0.707,0.166,0
9258,64,0,5,1.026,0.562,0.426,1.0,0.139,0.196,0
9259,83,0,12,1.137,0.596,0.887,0.75,0.429,0.463,1
9260,38,0,4,1.02,0.63,0.418,0.0,-0.034,0.085,0
9261,71,0,4,0.816,0.626,0.726,0.0,0.472,0.039,0
9262,65,0,3,0.866,0.567,0.692,0.25,0.205,0.154,0
9263,65,1,7,1.058,0.632,0.801,1.0,0.32,0.304,0
9264,73,0,7,0.915,0.652,0.746,0.75,0.054,0.33,0
9265,53,0,10,0.903,0.531,0.813,0.0,0.302,0.121,0
9266,84,1,12,1.115,0.614,0.808,0.0,0.48,0.436,1
9267,76,0,7,0.756,0.58,0.862,0.0,0.55,0.081,0
9268,45,0,10,1.04,0.61,0.738,0.25,0.066,0.117,0
9269,33,1,6,0.821,0.603,0.598,0.0,0.121,0.08,0
9270,43,1,11,0.834,0.646,0.667,0.0,0.482,0.107,0
9271,75,0,6,0.791,0.468,0.753,0.0,0.363,-0.024,0
9272,52,1,10,0.688,0.51,0.7,0.75,0.324,-0.008,0
9273,67,1,6,0.887,0.429,0.963,1.0,0.282,0.015,0
9274,52,1,8,1.049,0.608,0.965,0.5,0.339,0.222,0
9275,49,1,8,0.62,0.613,0.948,0.0,0.687,0.067,0
9276,44,1,6,0.884,0.581,0.705,0.0,0.191,0.067,0
9277,41,0,7,1.016,0.592,0.492,0.5,0.148,0.438,0
9278,36,0,8,0.717,0.645,0.926,0.0,0.663,-0.061,0
9279,62,1,12,0.958,0.619,0.7,0.75,0.471,0.173,0
9280,38,0,4,0.8,0.625,0.85,0.0,0.183,0.051,0
9281,64,1,3,1.034,0.498,0.545,0.25,0.179,0.334,0
9282,64,0,4,0.68,0.627,0.487,0.0,-0.277,-0.088,0
9283,38,1,12,1.007,0.7,0.736,0.0,0.476,0.166,0
9284,57,1,10,0.999,0.445,0.921,0.0,0.512,0.276,0
9285,76,1,4,0.856,0.611,0.567,0.0,0.048,-0.053,0
9286,79,1,5,0.878,0.637,0.908,0.0,0.417,0.195,0
9287,66,0,3,0.807,0.562,0.494,0.25,0.018,0.273,0
9288,33,1,10,1.026,0.59,1.06,0.0,0.514,0.415,0
9289,30,1,3,0.887,0.594,0.807,0.0,0.233,0.163,0
9290,68,0,7,0.828,0.574,0.631,0.0,0.211,0.093,0
9291,30,0,10,1.268,0.486,0.839,0.0,0.53,0.72,0
9292,46,1,11,0.996,0.591,0.803,0.25,0.325,0.208,0
9293,72,0,4,0.835,0.559,0.535,0.25,-0.016,0.041,0
9294,57,1,12,0.928,0.405,1.111,0.25,0.904,0.105,0
9295,54,1,11,0.898,0.653,0.715,0.0,0.235,0.509,0
9296,59,1,10,0.889,0.598,0.297,1.0,-0.279,0.051,0
9297,74,0,4,0.656,0.39,0.465,0.0,0.134,-0.09,0
9298,80,0,11,0.882,0.541,0.61,0.25,0.221,0.055,0
9299,47,1,3,0.922,0.579,0.492,1.0,0.348,0.353,0
9300,55,0,3,0.964,0.608,0.74,0.75,0.184,0.254,0
9301,76,0,10,0.997,0.577,0.844,0.0,0.383,0.29,0
9302,58,1,11,0.977,0.717,1.148,0.25,0.647,0.406,0
9303,41,0,7,0.859,0.663,0.517,0.75,-0.001,-0.01,0
9304,80,1,8,0.86,0.559,1.196,0.75,0.708,0.187,1
9305,79,0,3,0.979,0.625,0.525,0.0,-0.194,0.252,0
9306,35,1,11,0.764,0.509,0.885,0.0,0.289,-0.069,0
9307,59,0,9,0.806,0.568,0.522,0.5,-0.166,-0.028,0
9308,37,1,11,1.117,0.45,0.861,0.0,0.247,0.164,0
9309,42,1,7,1.082,0.63,0.626,0.0,0.335,0.258,0
9310,77,1,7,0.767,0.51,0.767,0.5,0.043,0.183,1
9311,42,0,3,0.889,0.67,0.684,0.5,0.23,-0.141,0
9312,42,0,5,0.935,0.671,0.87,0.25,0.258,0.4,0
9313,56,0,4,0.855,0.645,0.654,0.0,0.44,0.149,0
9314,71,0,11,0.8,0.556,0.711,0.75,0.343,0.1,0
9315,66,1,4,0.646,0.693,0.593,0.25,0.075,-0.189,0
9316,73,0,4,0.955,0.625,0.552,0.75,-0.049,0.092,0
9317,30,1,8,0.999,0.574,0.725,1.0,0.19,0.299,0
9318,36,0,5,0.814,0.675,0.897,1.0,0.173,-0.016,0
9319,67,1,5,0.879,0.645,0.526,0.0,-0.057,-0.058,0
9320,35,1,8,1.006,0.526,0.638,0.0,0.396,0.264,0
9321,49,1,7,0.826,0.425,0.655,0.5,0.318,-0.148,0
9322,77,0,8,0.884,0.627,0.902,0.0,0.31,0.072,0
9323,53,1,7,0.987,0.472,0.694,0.25,0.485,0.155,0
9324,48,0,4,0.865,0.557,0.7,0.0,0.0,0.078,0
9325,38,1,5,0.903,0.608,0.278,0.5,-0.377,0.253,0
9326,83,0,7,1.014,0.562,0.589,0.25,-0.111,0.224,0
9327,62,1,11,1.283,0.452,0.811,0.5,0.325,0.493,0
9328,65,0,10,0.884,0.575,0.905,0.0,0.509,0.133,0
9329,57,1,9,0.65,0.518,1.006,0.5,0.255,-0.046,0
9330,48,1,3,0.747,0.524,0.201,0.0,-0.428,-0.048,0
9331,35,1,9,0.97,0.539,1.033,0.0,0.589,0.27,0
9332,73,0,11,0.7,0.505,1.005,0.75,0.632,-0.117,0
9333,62,1,4,0.71,0.639,0.616,0.0,0.149,0.173,0
9334,39,0,4,0.808,0.615,0.485,0.0,0.231,-0.179,0
9335,33,1,4,0.958,0.672,0.433,0.0,-0.227,0.128,1
9336,83,0,12,0.7,0.575,0.969,0.0,0.448,-0.02,0
9337,30,1,4,1.105,0.555,0.513,0.25,-0.013,0.443,0
9338,82,1,11,0.809,0.648,0.815,0.0,0.449,-0.021,0
9339,38,1,12,0.967,0.528,0.943,0.0,0.443,0.287,0
9340,76,1,6,0.835,0.647,0.781,0.0,0.417,0.23,0
9341,41,0,8,1.002,0.7,0.784,0.0,0.495,0.262,0
9342,55,0,9,1.064,0.537,0.546,0.0,0.248,0.644,0
9343,42,1,8,0.755,0.526,0.645,0.25,-0.038,-0.026,0
9344,56,0,9,0.886,0.66,1.317,0.0,0.713,0.246,0
9345,83,1,5,0.846,0.7,0.594,1.0,0.291,0.218,0
9346,41,1,8,0.82,0.528,0.506,0.0,0.138,0.038,0
9347,47,1,8,0.818,0.625,0.908,0.0,0.4,0.051,0
9348,33,0,5,1.077,0.657,0.806,0.0,0.396,0.337,0
9349,78,0,11,0.9,0.485,0.885,0.5,0.85,0.05,0
9350,73,1,12,0.943,0.477,0.905,0.5,0.272,0.357,0
9351,62,0,4,0.879,0.492,0.648,0.25,0.249,-0.012,0
9352,77,0,7,0.86,0.445,0.634,0.0,-0.066,0.08,0
9353,33,1,4,0.985,0.619,0.4,0.0,-0.269,0.282,0
9354,66,0,5,0.997,0.589,0.48,0.75,0.18,0.302,0
9355,73,1,7,0.878,0.644,1.07,1.0,0.865,0.007,1
9356,56,1,7,1.052,0.508,0.737,0.0,0.353,0.4,0
9357,58,0,10,0.98,0.574,0.626,0.75,0.222,0.2,0
9358,31,1,6,0.682,0.555,0.606,0.25,-0.011,-0.104,0
9359,54,0,12,0.843,0.642,0.833,0.0,0.39,0.15,0
9360,47,0,10,1.162,0.482,0.915,0.5,0.567,0.462,0
9361,60,1,4,0.7,0.601,0.606,0.0,0.135,0.1,0
9362,67,1,5,0.884,0.508,0.528,0.75,-0.135,0.178,0
9363,41,1,5,0.9,0.496,0.871,0.25,0.171,0.375,0
9364,65,0,6,0.858,0.482,1.013,0.0,0.787,-0.033,0
9365,75,0,6,0.984,0.628,0.745,0.25,0.474,0.115,0
9366,49,0,3,0.893,0.637,0.365,0.75,-0.273,0.136,0
9367,47,0,4,0.857,0.661,0.652,0.0,0.236,0.155,0
9368,75,1,11,1.113,0.54,0.7,0.0,0.384,0.388,0
9369,70,1,7,1.103,0.573,0.798,0.0,0.619,0.238,0
9370,72,1,9,0.703,0.726,0.777,0.0,0.706,-0.16,0
9371,38,0,7,0.67,0.518,0.908,1.0,0.254,-0.141,0
9372,30,1,9,0.801,0.497,0.746,0.0,0.136,0.122,0
9373,61,0,4,0.753,0.46,0.369,0.0,0.024,0.068,0
9374,49,1,9,1.117,0.448,0.81,0.25,0.115,0.232,0
9375,55,1,10,1.098,0.529,0.981,0.0,0.53,0.442,0
9376,62,0,4,0.854,0.648,0.408,0.25,0.019,0.216,0
9377,56,0,4,0.975,0.693,0.799,0.0,0.448,0.123,0
9378,53,0,9,0.932,0.57,0.537,1.0,0.055,0.179,0
9379,77,0,3,0.7,0.703,0.53,0.0,0.329,-0.064,0
9380,39,1,12,0.797,0.49,1.026,0.25,0.236,0.108,0
9381,63,1,4,0.908,0.693,0.765,0.0,0.666,0.111,0
9382,78,0,8,0.904,0.565,0.829,0.25,0.522,0.265,0
9383,42,0,7,1.129,0.571,0.6,0.0,0.229,0.552,0
9384,52,1,5,0.826,0.483,0.673,0.0,0.167,0.075,0
9385,84,0,9,0.981,0.422,0.647,0.5,0.174,0.053,0
9386,31,0,7,0.949,0.638,0.375,0.0,-0.334,0.165,0
9387,31,0,3,0.586,0.565,0.917,1.0,-0.044,-0.114,0
9388,67,0,11,0.913,0.514,0.921,0.0,0.322,0.236,0
9389,57,0,9,0.899,0.483,0.877,0.5,0.326,0.02,0
9390,46,1,11,1.064,0.543,0.735,0.25,0.072,0.427,0
9391,60,0,4,0.903,0.586,0.495,0.25,-0.012,0.114,0
9392,41,0,8,0.746,0.582,0.628,0.0,-0.015,0.112,0
9393,78,1,10,0.845,0.41,0.743,0.75,0.364,-0.236,1
9394,43,1,5,1.007,0.579,0.712,0.0,0.31,0.105,0
9395,37,1,6,0.826,0.589,0.799,0.0,0.387,0.014,0
9396,30,1,9,0.907,0.656,1.162,0.0,0.757,0.199,0
9397,60,1,4,0.818,0.58,0.506,0.0,0.086,0.036,0
9398,57,1,9,0.919,0.567,0.944,0.0,0.647,0.333,0
9399,67,0,12,1.208,0.518,1.235,0.75,0.611,0.424,1
9400,73,1,6,0.906,0.677,0.871,0.75,0.055,0.244,0
9401,36,1,12,1.045,0.511,0.681,0.0,0.093,0.362,0
9402,55,0,3,0.939,0.59,0.419,0.0,0.155,0.281,0
9403,47,1,6,0.689,0.549,0.659,0.0,0.292,-0.088,0
9404,32,1,8,0.804,0.495,0.596,0.0,-0.023,0.223,0
9405,58,1,8,0.818,0.523,0.636,0.5,0.232,0.074,0
9406,64,1,4,0.922,0.7,0.72,0.0,0.162,0.067,0
9407,60,0,3,0.712,0.646,0.301,0.0,-0.137,-0.247,0
9408,69,0,10,0.937,0.448,1.282,0.0,1.023,0.303,0
9409,62,1,10,0.804,0.57,0.927,0.0,0.36,0.135,0
9410,34,0,6,0.902,0.545,0.58,1.0,0.212,0.076,0
9411,62,0,12,0.922,0.653,0.963,0.5,0.652,0.287,0
9412,84,1,5,0.777,0.564,0.653,1.0,0.091,-0.234,0
9413,46,1,12,0.832,0.479,1.005,1.0,0.758,0.226,0
9414,82,0,4,0.857,0.609,0.665,0.0,0.244,-0.124,0
9415,53,1,4,0.673,0.563,0.638,0.0,0.215,-0.155,0
9416,59,1,10,0.7,0.605,1.048,0.25,0.496,0.135,0
9417,51,1,9,0.959,0.627,0.996,0.0,0.632,0.16,0
9418,75,0,11,1.05,0.484,0.822,0.0,0.304,0.304,0
9419,48,1,10,0.985,0.655,0.7,0.75,0.169,0.224,0
9420,68,0,6,0.7,0.624,0.64,0.75,0.157,0.006,0
9421,34,0,7,0.787,0.549,0.759,1.0,0.427,0.159,0
9422,64,0,6,0.93,0.536,0.337,0.75,-0.2,0.207,0
9423,67,1,6,0.798,0.665,0.841,0.0,0.449,0.022,0
9424,37,0,6,0.883,0.474,0.643,0.75,0.209,-0.242,0
9425,45,0,5,0.828,0.702,0.605,0.5,-0.109,0.099,0
9426,69,0,8,0.848,0.597,0.841,0.0,0.587,0.04,0
9427,53,1,8,1.018,0.671,0.638,0.0,0.547,0.202,0
9428,36,1,12,0.933,0.494,1.161,0.0,0.619,0.099,0
9429,44,1,10,0.898,0.46,0.724,0.75,0.419,0.11,0
9430,79,1,8,0.868,0.576,0.919,0.0,0.728,0.096,0
9431,51,0,6,0.759,0.593,0.901,0.25,0.45,-0.075,0
9432,48,0,7,0.737,0.528,0.886,0.0,0.262,-0.09,0
9433,63,1,3,0.776,0.548,0.496,0.0,-0.18,0.091,0
9434,37,0,4,0.7,0.718,0.406,0.25,-0.106,-0.114,0
9435,43,1,11,1.061,0.54,1.094,0.0,0.591,0.379,1
9436,63,0,5,0.986,0.632,0.801,0.0,0.614,0.232,0
9437,43,0,3,0.944,0.704,0.253,0.25,-0.355,0.143,0
9438,69,0,6,0.536,0.573,0.415,0.0,-0.075,-0.188,0
9439,38,0,10,1.04,0.567,0.554,0.25,0.089,0.402,0
9440,65,1,12,1.109,0.623,0.371,0.5,-0.013,0.367,0
9441,42,0,9,0.923,0.58,0.756,0.75,0.35,-0.066,0
9442,35,0,4,0.689,0.493,0.564,0.0,0.005,0.195,0
9443,71,0,12,0.974,0.588,0.805,0.25,0.497,-0.194,0
9444,62,1,6,0.683,0.653,0.835,0.5,0.439,-0.063,0
9445,51,1,8,0.891,0.554,0.373,0.25,-0.219,0.136,0
9446,59,1,5,0.943,0.591,0.528,0.0,0.108,0.352,0
9447,33,1,11,0.714,0.519,0.8,1.0,0.142,0.091,0
9448,80,0,6,0.736,0.604,0.699,0.0,0.096,-0.028,0
9449,82,1,7,1.052,0.741,0.843,0.0,0.482,0.366,0
9450,61,1,4,0.772,0.625,0.848,0.0,0.383,0.128,0
9451,59,1,10,1.056,0.49,0.951,0.5,0.444,0.356,0
9452,66,0,10,0.926,0.446,1.065,0.25,0.814,0.153,0
9453,30,0,10,0.959,0.587,0.955,0.0,0.653,0.324,0
9454,53,1,9,0.898,0.726,0.768,0.5,0.211,-0.002,0
9455,65,1,5,0.795,0.473,0.504,0.0,-0.257,0.055,0
9456,51,0,10,1.042,0.517,0.741,0.25,0.49,0.544,0
9457,78,1,6,1.079,0.621,1.183,0.5,0.354,0.323,1
9458,63,1,12,0.971,0.532,0.914,0.75,0.669,0.175,0
9459,82,0,11,0.913,0.494,0.791,0.0,0.417,0.276,0
9460,73,1,4,0.923,0.582,0.323,0.5,0.03,-0.092,0
9461,63,0,5,0.746,0.515,0.543,1.0,0.243,0.029,0
9462,40,0,4,0.927,0.573,0.7,1.0,0.31,0.038,0
9463,43,0,10,0.782,0.7,1.06,0.0,0.789,-0.059,0
9464,74,0,7,0.751,0.492,0.665,0.0,0.303,0.148,0
9465,70,0,6,0.892,0.656,0.802,0.5,0.235,0.187,0
9466,54,0,12,0.886,0.453,0.89,1.0,0.38,0.195,0
9467,58,1,10,0.908,0.557,0.831,0.0,0.403,0.071,0
9468,58,1,4,1.003,0.554,0.395,0.0,-0.322,0.084,0
9469,47,1,3,0.711,0.649,0.566,0.25,0.027,-0.061,0
9470,41,1,7,0.695,0.65,0.622,0.0,0.057,-0.006,0
9471,71,0,9,0.804,0.523,0.753,0.5,0.28,0.151,0
9472,64,0,3,0.749,0.696,0.573,0.0,0.336,0.172,0
9473,80,0,3,0.651,0.7,0.642,0.25,0.066,-0.108,0
9474,62,0,3,0.667,0.61,0.454,1.0,-0.017,-0.129,0
9475,36,0,3,0.497,0.789,0.7,0.0,0.049,-0.253,0
9476,65,1,10,1.06,0.595,0.943,0.75,0.282,0.437,0
9477,61,1,5,0.8,0.672,0.296,0.0,0.132,0.063,0
9478,47,1,6,0.82,0.614,0.792,0.0,0.264,-0.069,0
9479,57,0,8,0.896,0.473,0.835,0.25,0.323,0.142,0
9480,65,0,12,0.907,0.472,0.938,0.0,0.346,0.362,0
9481,76,0,11,0.931,0.462,1.034,1.0,0.613,0.323,0
9482,54,0,9,1.084,0.534,0.849,0.0,0.481,0.366,0
9483,35,1,12,0.936,0.599,0.933,0.0,0.563,0.081,0
9484,74,1,12,0.827,0.572,0.908,0.0,0.208,-0.304,0
9485,59,0,9,0.827,0.55,0.768,0.0,0.302,-0.12,0
9486,35,0,10,0.868,0.512,0.932,0.25,0.279,0.082,0
9487,68,1,3,0.819,0.633,0.617,1.0,0.386,-0.028,1
9488,73,1,7,1.088,0.495,0.7,0.75,0.03,0.378,0
9489,78,1,4,0.888,0.667,0.365,0.5,-0.18,0.128,0
9490,30,1,8,0.886,0.498,0.607,0.75,0.005,0.169,0
9491,48,0,11,1.024,0.559,0.7,0.5,0.271,0.315,0
9492,81,0,11,1.033,0.638,0.679,0.0,0.286,0.015,0
9493,70,0,4,0.867,0.7,0.57,0.75,0.077,0.118,0
9494,75,0,4,0.769,0.535,0.481,0.5,-0.065,0.029,1
9495,70,1,7,0.715,0.612,1.152,0.5,0.532,-0.192,0
9496,45,1,5,1.013,0.493,0.915,1.0,0.424,0.32,0
9497,51,1,10,0.7,0.512,0.857,0.0,0.32,-0.084,0
9498,51,0,6,0.787,0.626,0.678,0.0,0.126,0.114,0
9499,44,1,10,0.862,0.656,1.181,0.0,0.648,0.164,0
9500,49,0,9,1.014,0.641,0.606,0.0,0.19,0.152,0
9501,80,1,9,0.888,0.7,0.612,0.0,-0.158,0.188,0
9502,32,1,5,0.739,0.497,0.433,0.5,-0.072,-0.006,0
9503,75,0,7,0.894,0.544,0.596,0.5,0.1,0.355,1
9504,40,1,5,1.139,0.662,0.863,0.0,0.374,0.417,0
9505,37,0,9,0.894,0.524,0.7,0.0,0.302,0.168,0
9506,54,1,6,0.696,0.788,0.627,0.75,0.177,0.025,0
9507,62,1,5,0.805,0.595,0.712,0.0,0.322,0.178,0
9508,52,0,11,0.955,0.651,0.995,0.0,0.453,0.403,0
9509,74,1,10,0.76,0.562,0.78,0.0,0.226,0.17,0
9510,63,0,10,0.863,0.578,0.781,1.0,0.54,-0.002,0
9511,58,0,10,0.778,0.625,0.959,0.0,0.55,0.209,0
9512,34,0,5,0.979,0.546,0.422,0.0,0.103,0.095,0
9513,39,0,5,0.873,0.576,0.656,0.5,0.447,0.173,0
9514,37,1,12,0.881,0.606,0.672,0.0,0.301,-0.029,0
9515,75,0,8,0.986,0.537,0.704,0.0,0.417,0.231,0
9516,55,1,8,0.863,0.7,0.801,0.0,0.273,0.118,0
9517,64,1,6,0.992,0.7,0.866,0.5,0.438,0.3,0
9518,69,0,7,1.027,0.672,0.756,0.0,0.21,0.07,0
9519,66,0,4,0.865,0.476,0.873,0.75,0.023,0.066,1
9520,73,1,11,0.746,0.562,1.045,0.0,0.535,0.073,0
9521,42,1,4,0.858,0.488,0.701,0.0,0.406,0.112,0
9522,51,0,8,0.797,0.753,0.867,0.0,0.591,0.058,0
9523,64,1,10,0.819,0.637,0.942,0.25,0.441,0.142,0
9524,58,0,3,0.834,0.725,0.411,0.25,-0.193,0.156,0
9525,71,1,4,0.648,0.599,0.413,0.0,-0.084,-0.109,0
9526,80,1,12,1.125,0.46,0.964,0.0,0.449,0.252,1
9527,73,0,6,0.91,0.536,0.629,0.5,0.331,0.027,0
9528,73,0,12,1.117,0.543,1.095,0.25,0.353,0.488,0
9529,34,1,6,0.978,0.632,0.908,1.0,0.476,-0.058,0
9530,65,0,8,1.003,0.58,0.681,0.25,0.345,0.108,0
9531,42,1,6,0.818,0.576,0.774,0.75,0.25,-0.211,0
9532,32,1,10,0.826,0.597,0.646,0.0,0.199,0.122,0
9533,82,1,12,0.943,0.516,0.718,0.0,0.222,0.11,0
9534,33,1,10,0.952,0.4,0.517,0.0,0.055,0.291,0
9535,71,0,12,1.019,0.521,0.817,0.25,0.179,0.064,0
9536,45,1,8,0.96,0.495,0.722,0.0,0.199,0.27,0
9537,44,1,4,1.084,0.606,0.361,0.0,-0.324,0.42,0
9538,48,0,5,0.795,0.623,0.613,0.0,-0.074,0.06,0
9539,38,0,3,0.893,0.628,0.426,0.5,0.199,0.113,0
9540,58,0,9,0.85,0.422,0.92,0.0,0.675,0.203,0
9541,71,1,8,1.128,0.651,0.981,0.5,0.702,0.312,0
9542,80,0,5,0.644,0.535,0.592,0.5,-0.108,-0.136,0
9543,76,0,5,0.993,0.586,0.633,0.0,-0.022,0.205,0
9544,61,1,5,0.935,0.506,0.343,0.75,-0.255,0.171,0
9545,49,1,12,0.858,0.483,0.756,0.0,0.463,0.152,0
9546,62,0,10,0.884,0.493,0.982,0.0,0.699,0.024,0
9547,33,0,8,0.947,0.59,0.855,0.0,0.569,0.245,0
9548,45,1,12,1.045,0.37,1.078,0.5,0.47,0.306,0
9549,50,0,11,1.154,0.641,0.65,0.0,0.196,0.378,0
9550,39,1,12,0.656,0.457,0.934,0.0,0.587,-0.085,0
9551,49,0,8,0.972,0.558,0.456,0.0,-0.121,0.28,0
9552,34,0,11,0.915,0.474,0.88,0.0,0.434,0.261,0
9553,75,1,9,0.703,0.448,0.605,0.25,0.263,-0.045,0
9554,57,1,9,0.808,0.475,0.7,1.0,0.226,0.128,0
9555,70,0,4,0.778,0.639,0.619,0.25,0.338,-0.184,0
9556,81,0,6,0.739,0.623,0.724,0.25,0.301,-0.131,0
9557,46,0,8,0.92,0.514,0.927,0.0,0.245,0.122,0
9558,53,1,7,0.907,0.685,0.63,0.0,0.148,0.127,0
9559,84,1,9,0.885,0.527,0.824,0.0,0.543,0.224,0
9560,58,1,11,0.886,0.617,0.7,1.0,0.108,0.059,0
9561,61,1,12,1.065,0.582,1.11,0.5,0.563,0.289,0
9562,34,1,11,0.724,0.518,0.786,0.0,0.309,-0.058,0
9563,45,1,3,0.993,0.664,0.507,0.0,-0.045,0.388,0
9564,76,0,11,0.784,0.539,0.848,1.0,0.349,0.036,0
9565,55,1,6,0.813,0.623,0.638,0.25,-0.072,0.147,0
9566,63,0,10,1.065,0.49,1.188,0.0,0.954,0.226,0
9567,36,1,11,0.931,0.455,1.161,0.0,0.698,0.327,0
9568,75,0,3,0.656,0.599,0.461,1.0,-0.256,-0.183,1
9569,74,1,8,0.87,0.725,0.569,0.0,0.34,0.139,0
9570,52,1,3,0.596,0.595,0.511,0.0,0.015,-0.092,0
9571,43,0,10,0.984,0.579,1.008,0.0,0.286,0.11,0
9572,60,0,3,0.791,0.61,0.889,0.0,0.114,0.117,0
9573,46,0,7,0.791,0.6,0.719,0.5,0.37,0.172,0
9574,76,1,3,0.835,0.61,0.428,0.0,-0.435,0.002,0
9575,41,0,7,1.063,0.631,0.928,0.25,0.393,0.579,0
9576,73,1,4,0.7,0.591,0.565,0.0,-0.007,0.027,0
9577,32,0,12,0.945,0.59,1.036,0.0,0.677,0.322,0
9578,79,0,3,0.767,0.687,0.449,0.0,0.067,0.125,0
9579,83,0,5,0.886,0.446,0.623,0.0,-0.017,0.102,0
9580,64,0,12,1.04,0.493,1.069,0.75,0.663,0.225,0
9581,32,1,10,0.973,0.523,1.11,0.25,0.738,0.257,0
9582,71,0,6,0.836,0.622,0.7,0.0,0.19,0.129,0
9583,66,1,7,0.844,0.639,0.692,0.0,0.384,0.132,0
9584,83,1,5,0.833,0.631,0.422,0.25,-0.19,-0.063,1
9585,81,1,11,0.896,0.478,0.966,0.5,0.475,0.229,0
9586,31,0,7,0.882,0.732,0.697,0.0,0.26,0.14,0
9587,60,1,8,0.681,0.635,0.525,0.5,-0.05,-0.271,0
9588,31,0,10,0.717,0.532,0.719,0.75,0.389,-0.139,0
9589,52,0,11,0.955,0.543,0.695,0.0,0.243,0.243,0
9590,56,0,10,1.11,0.474,0.445,1.0,-0.168,0.603,0
9591,51,0,6,0.821,0.581,0.616,0.0,0.206,0.208,0
9592,62,1,8,0.822,0.49,0.848,0.25,0.446,0.084,0
9593,82,0,5,0.738,0.561,0.636,0.0,0.168,0.012,0
9594,42,1,7,0.788,0.506,0.634,0.25,0.061,0.087,0
9595,70,1,9,0.82,0.498,0.809,0.0,0.319,0.135,0
9596,52,0,11,1.031,0.452,0.829,0.75,0.104,0.406,0
9597,30,0,6,0.789,0.502,0.7,0.0,0.567,0.007,0
9598,73,0,4,0.709,0.654,0.7,0.0,0.328,-0.096,0
9599,41,1,7,0.833,0.533,0.802,0.0,0.329,0.133,0
9600,64,1,12,0.998,0.578,0.527,0.75,0.142,0.284,0
9601,38,0,3,0.747,0.641,0.624,0.25,0.028,0.082,0
9602,70,0,12,0.975,0.555,0.747,0.25,0.364,0.142,0
9603,78,0,5,0.922,0.767,0.335,0.0,-0.15,0.067,0
9604,51,0,5,0.982,0.535,0.62,0.5,0.194,0.317,0
9605,31,1,6,0.703,0.673,0.69,0.75,-0.034,0.102,0
9606,32,1,7,0.837,0.489,0.7,0.75,0.496,0.241,0
9607,72,1,5,0.981,0.425,0.569,0.0,-0.044,0.152,0
9608,63,0,12,1.217,0.45,0.937,0.75,0.304,0.272,0
9609,73,0,8,1.026,0.555,0.416,0.25,-0.107,0.171,0
9610,79,0,11,0.831,0.539,0.862,0.5,0.559,0.031,0
9611,32,1,12,1.051,0.534,0.954,0.0,0.718,0.113,0
9612,69,1,11,1.19,0.492,0.902,1.0,0.485,0.517,0
9613,57,0,3,0.927,0.601,0.371,0.75,0.047,0.218,0
9614,60,1,11,0.98,0.736,0.945,0.5,0.318,0.214,0
9615,49,0,7,1.011,0.716,0.52,0.0,-0.117,0.539,0
9616,33,0,4,0.818,0.601,0.843,0.0,0.513,0.051,0
9617,56,0,12,1.105,0.481,0.841,1.0,0.496,0.336,0
9618,55,1,10,0.963,0.571,0.737,0.0,0.089,0.251,0
9619,46,0,10,0.824,0.671,0.87,0.0,0.307,-0.09,0
9620,40,0,7,0.805,0.538,0.656,0.0,0.165,0.142,0
9621,51,0,11,0.796,0.519,0.765,0.75,0.339,0.096,0
9622,50,0,5,0.936,0.546,0.753,0.0,0.562,0.034,0
9623,73,0,10,0.868,0.522,0.603,0.0,-0.023,0.079,0
9624,52,1,11,0.693,0.618,0.712,0.0,0.19,-0.18,0
9625,37,1,12,1.021,0.654,1.089,0.25,0.64,0.23,0
9626,83,1,6,0.99,0.481,0.738,0.5,0.427,0.144,0
9627,65,0,11,0.802,0.431,0.826,0.5,0.361,0.002,0
9628,82,1,7,0.95,0.81,0.889,0.5,0.419,0.294,0
9629,84,1,4,0.909,0.594,0.393,0.0,-0.118,0.18,0
9630,34,1,3,0.631,0.587,0.216,0.25,-0.384,-0.087,0
9631,82,0,11,0.877,0.639,0.906,0.0,0.483,0.036,1
9632,48,1,6,0.812,0.618,0.679,1.0,-0.086,0.301,0
9633,61,1,3,0.632,0.656,0.355,0.0,-0.073,-0.007,0
9634,78,0,6,0.878,0.536,0.782,0.0,0.206,0.188,0
9635,35,0,11,0.7,0.529,0.845,0.0,0.523,0.016,0
9636,77,1,5,0.656,0.7,0.667,0.0,0.311,-0.175,0
9637,72,0,9,0.992,0.557,1.018,0.0,0.693,0.316,0
9638,70,1,3,0.696,0.533,0.297,0.0,-0.095,0.096,0
9639,54,0,5,0.64,0.7,0.586,0.0,0.224,-0.06,0
9640,52,0,9,1.038,0.727,0.931,0.0,0.41,0.158,0
9641,42,1,9,0.808,0.594,0.603,0.0,0.525,0.1,0
9642,60,1,6,0.784,0.599,0.961,0.0,0.281,0.038,0
9643,80,1,3,0.957,0.526,0.417,0.25,-0.267,0.236,1
9644,37,1,4,0.749,0.597,0.179,0.0,-0.663,-0.102,0
9645,55,1,5,0.805,0.462,0.604,0.25,0.298,0.066,0
9646,61,1,11,0.997,0.629,0.7,0.0,0.39,0.11,0
9647,35,0,12,0.805,0.52,0.785,0.5,0.627,0.08,0
9648,54,1,9,0.828,0.554,0.449,1.0,0.006,0.181,0
9649,83,0,10,0.972,0.492,0.564,0.0,-0.158,0.252,0
9650,40,0,12,0.98,0.563,0.7,0.5,-0.03,0.274,0
9651,82,0,4,0.753,0.588,0.728,0.75,0.159,0.028,0
9652,69,0,12,1.147,0.46,0.863,0.25,0.417,0.41,0
9653,34,1,9,0.82,0.399,1.011,0.0,0.634,-0.04,0
9654,37,1,6,0.819,0.713,0.508,1.0,-0.023,-0.08,0
9655,42,1,4,0.785,0.7,0.748,0.25,0.483,0.06,0
9656,83,1,7,0.715,0.6,0.599,0.0,-0.16,-0.124,0
9657,81,1,9,0.852,0.614,0.674,0.0,0.107,0.152,0
9658,31,1,9,1.045,0.631,0.547,0.75,-0.043,0.361,0
9659,84,1,4,0.732,0.7,0.718,0.5,0.156,-0.239,0
9660,61,0,6,0.597,0.499,0.509,0.0,-0.047,0.11,0
9661,60,0,9,0.933,0.552,1.181,0.5,0.987,0.051,0
9662,44,1,10,0.934,0.628,0.677,0.0,0.048,0.216,0
9663,35,0,12,1.006,0.584,1.043,0.0,0.726,0.15,0
9664,40,1,3,0.701,0.671,0.447,0.0,-0.097,-0.087,0
9665,52,1,5,0.683,0.647,0.529,0.25,0.181,-0.199,0
9666,38,0,3,0.806,0.698,0.768,0.0,0.388,0.102,0
9667,36,0,4,0.672,0.592,0.643,0.5,0.066,0.09,0
9668,66,0,8,0.799,0.554,0.515,0.0,0.228,-0.135,0
9669,42,0,8,0.888,0.588,0.883,0.25,0.457,0.051,0
9670,31,0,3,0.699,0.7,0.612,0.0,0.258,-0.011,0
9671,61,1,3,0.694,0.555,0.628,0.0,0.315,-0.215,0
9672,40,1,8,0.922,0.61,0.829,0.75,0.372,0.15,0
9673,79,1,5,0.791,0.616,0.635,0.25,0.091,0.309,0
9674,51,1,12,1.138,0.617,0.883,0.0,0.277,0.235,0
9675,35,0,3,0.798,0.626,0.645,0.75,0.229,0.128,0
9676,69,0,4,0.887,0.61,0.46,0.0,-0.07,0.152,0
9677,44,0,11,0.932,0.641,0.751,0.0,0.424,0.301,0
9678,75,1,5,0.827,0.563,0.762,0.0,0.373,0.062,0
9679,32,0,9,0.88,0.548,0.65,1.0,0.209,0.315,0
9680,64,1,12,1.0,0.541,0.909,0.0,0.527,0.299,0
9681,69,1,5,0.818,0.433,0.659,0.75,0.122,0.006,0
9682,66,1,4,0.797,0.58,0.482,0.0,0.349,0.079,0
9683,57,1,12,1.079,0.486,0.855,0.25,0.399,0.353,0
9684,39,0,5,0.869,0.674,0.335,0.0,0.185,0.321,0
9685,61,1,3,0.777,0.525,0.615,0.5,0.126,-0.026,0
9686,47,1,8,0.7,0.409,1.111,0.25,0.691,-0.314,0
9687,80,1,10,0.881,0.504,1.233,0.0,0.713,0.268,1
9688,54,1,9,0.946,0.672,0.772,0.5,0.115,0.104,0
9689,78,1,8,0.867,0.565,0.352,1.0,-0.334,-0.1,1
9690,38,0,9,0.735,0.437,0.695,0.0,0.265,-0.117,0
9691,69,0,8,0.758,0.497,1.128,0.0,0.482,0.153,0
9692,64,0,9,0.814,0.56,0.641,0.75,0.009,0.063,1
9693,80,0,11,0.896,0.584,0.996,0.75,0.59,-0.043,0
9694,73,0,4,0.928,0.593,0.346,0.0,-0.242,0.118,0
9695,71,1,7,0.882,0.63,0.611,0.25,0.139,0.211,0
9696,41,1,11,1.118,0.57,1.179,0.0,0.385,0.356,0
9697,71,1,8,0.622,0.613,0.819,0.25,0.405,-0.149,1
9698,77,1,6,0.717,0.629,0.565,0.25,-0.084,-0.067,0
9699,82,1,11,0.983,0.549,1.247,0.25,0.547,0.321,1
9700,70,0,12,1.017,0.493,0.997,0.25,0.241,0.36,0
9701,42,0,8,0.852,0.569,0.837,0.0,0.725,0.123,0
9702,33,0,8,0.761,0.552,0.404,0.0,-0.26,-0.138,0
9703,52,1,12,0.959,0.521,1.176,0.5,0.591,0.258,0
9704,78,0,11,0.929,0.639,0.731,1.0,0.266,0.234,0
9705,72,1,6,0.847,0.682,0.171,0.0,-0.644,0.403,0
9706,34,0,4,0.791,0.622,0.654,0.0,0.243,-0.177,0
9707,49,1,6,0.816,0.658,0.616,0.0,-0.225,-0.14,0
9708,59,1,9,0.941,0.565,0.806,0.75,0.486,0.177,0
9709,83,1,11,0.97,0.471,0.757,0.75,0.41,0.186,0
9710,45,1,6,0.802,0.555,0.441,0.75,0.033,0.043,0
9711,73,1,4,0.7,0.598,0.675,0.0,0.409,0.032,0
9712,48,1,5,0.732,0.634,0.7,0.5,0.28,-0.226,0
9713,49,0,12,1.117,0.488,0.786,0.25,0.472,0.401,0
9714,46,0,10,0.972,0.691,0.574,0.0,0.335,0.272,0
9715,78,1,5,0.654,0.532,0.419,0.0,0.048,-0.225,0
9716,66,0,5,0.802,0.499,0.354,0.25,-0.351,0.096,0
9717,53,0,4,0.725,0.542,0.514,0.75,0.207,-0.076,0
9718,66,1,6,0.83,0.602,0.883,0.0,0.479,0.121,0
9719,30,1,4,0.643,0.596,0.696,0.0,0.336,0.042,0
9720,34,1,11,0.984,0.506,0.758,1.0,0.501,0.313,0
9721,52,0,6,1.015,0.606,0.589,0.5,0.066,0.562,0
9722,74,0,12,0.8,0.634,0.996,0.0,0.465,0.033,0
9723,45,1,12,1.081,0.502,0.913,0.0,0.194,0.485,0
9724,77,1,9,1.006,0.617,0.941,0.5,0.752,0.339,0
9725,45,1,4,0.7,0.553,0.551,0.25,-0.134,0.0,0
9726,74,0,9,0.689,0.538,0.483,0.25,-0.118,-0.203,0
9727,44,1,8,1.077,0.572,0.591,0.5,0.398,0.3,0
9728,63,0,12,1.145,0.498,0.776,0.75,0.103,0.449,0
9729,76,1,8,0.776,0.58,0.743,0.0,0.353,0.064,0
9730,42,0,8,0.711,0.609,0.734,0.0,0.037,-0.088,0
9731,74,1,10,0.952,0.49,0.7,0.25,0.192,0.217,0
9732,51,1,6,0.798,0.508,0.619,0.0,-0.094,0.035,0
9733,82,0,3,0.76,0.743,0.705,0.0,0.382,0.145,1
9734,75,1,11,0.894,0.564,0.861,0.25,0.161,0.002,0
9735,45,1,4,0.857,0.7,0.835,0.0,0.483,0.092,0
9736,83,0,7,0.913,0.493,0.458,0.5,0.123,0.197,0
9737,70,1,11,0.849,0.401,0.853,0.5,0.408,0.074,1
9738,82,0,5,0.798,0.702,0.75,0.25,0.379,0.005,0
9739,65,0,9,0.869,0.629,0.826,0.0,0.384,0.204,0
9740,62,1,8,0.701,0.384,0.606,1.0,0.068,-0.091,0
9741,57,1,4,1.129,0.544,0.44,0.0,0.183,0.33,0
9742,45,0,7,0.915,0.457,1.026,0.0,0.494,0.349,0
9743,56,1,10,0.973,0.477,0.971,0.0,0.461,0.397,0
9744,43,0,7,1.075,0.569,0.534,0.5,0.139,0.218,0
9745,50,1,8,0.956,0.465,0.788,0.25,0.256,0.312,0
9746,54,1,4,0.78,0.574,0.75,1.0,0.611,-0.005,0
9747,62,1,5,0.874,0.665,0.51,0.0,-0.123,0.138,0
9748,67,0,5,0.734,0.543,0.873,0.25,0.277,0.069,0
9749,70,1,7,0.965,0.522,0.688,0.0,0.39,0.197,0
9750,66,1,8,0.959,0.684,0.683,0.5,0.165,0.017,0
9751,41,1,5,0.915,0.669,0.508,0.0,0.099,0.085,0
9752,34,1,4,0.872,0.656,0.646,0.0,-0.054,-0.067,0
9753,70,0,4,0.906,0.668,0.751,0.0,0.15,0.116,0
9754,39,1,7,0.986,0.607,0.7,0.0,0.0,0.164,0
9755,73,1,6,0.974,0.675,0.449,0.0,-0.136,0.291,0
9756,84,1,3,0.701,0.705,0.697,0.0,0.216,-0.232,0
9757,57,1,12,0.922,0.527,0.933,0.0,0.5,0.341,0
9758,72,0,6,0.8,0.503,0.541,0.0,-0.041,-0.026,0
9759,57,1,10,0.951,0.552,0.497,0.0,0.234,0.178,0
9760,45,0,8,0.954,0.531,0.537,0.25,0.315,0.247,0
9761,31,0,6,0.908,0.623,0.972,0.0,0.568,0.252,0
9762,55,0,8,0.903,0.602,0.924,0.0,0.376,0.315,0
9763,60,0,4,0.928,0.688,0.534,0.0,0.017,0.007,0
9764,41,0,6,0.709,0.563,0.762,0.0,0.013,-0.2,0
9765,40,1,11,1.018,0.587,1.055,0.0,0.764,0.474,0
9766,57,1,8,0.93,0.699,0.635,0.0,0.083,0.22,0
9767,75,0,12,0.918,0.48,0.66,0.0,0.213,0.196,0
9768,66,1,4,0.733,0.595,0.532,0.0,-0.147,0.039,0
9769,42,1,8,0.788,0.663,0.827,0.0,0.096,-0.116,0
9770,55,1,3,0.817,0.581,0.759,0.25,0.099,0.143,0
9771,30,0,11,0.944,0.655,0.864,1.0,0.328,0.022,0
9772,33,0,5,0.758,0.68,0.699,1.0,-0.11,-0.061,0
9773,55,1,7,1.023,0.507,0.948,1.0,0.343,0.312,0
9774,33,0,3,1.138,0.56,0.414,0.0,-0.009,0.125,0
9775,38,1,6,0.772,0.696,0.701,0.0,0.487,-0.11,0
9776,64,0,4,0.86,0.581,0.382,0.0,0.259,-0.084,0
9777,72,1,3,1.002,0.625,0.591,0.25,-0.077,0.233,0
9778,47,1,4,0.745,0.633,0.756,0.75,0.468,-0.224,0
9779,77,0,3,0.836,0.628,0.378,0.5,-0.072,0.217,0
9780,65,0,8,0.914,0.566,0.637,1.0,0.179,0.16,0
9781,83,0,10,0.7,0.719,0.698,0.25,0.285,0.02,0
9782,50,0,10,0.834,0.578,1.087,0.25,0.658,0.03,0
9783,47,1,5,0.711,0.539,0.61,0.5,0.309,-0.027,0
9784,61,0,7,0.888,0.759,0.563,0.0,0.027,0.145,0
9785,31,0,8,0.98,0.477,1.02,0.5,0.541,0.115,0
9786,69,0,5,0.7,0.529,0.914,0.0,0.48,-0.079,0
9787,62,0,3,0.831,0.511,0.466,0.0,-0.011,0.067,0
9788,44,0,7,0.895,0.589,0.507,0.0,-0.172,-0.094,0
9789,56,1,10,0.747,0.529,0.871,0.0,0.125,0.11,0
9790,81,0,7,0.806,0.557,0.605,0.0,0.123,0.086,0
9791,34,0,12,1.028,0.566,1.439,0.0,0.773,0.511,0
9792,81,0,7,0.724,0.55,0.699,0.0,0.128,-0.17,0
9793,75,0,7,0.801,0.615,0.543,0.0,-0.061,-0.178,0
9794,69,1,3,0.75,0.511,0.349,0.0,-0.343,-0.029,0
9795,84,1,8,0.961,0.475,0.469,0.5,-0.055,0.301,0
9796,72,1,10,0.995,0.549,0.773,0.25,0.029,0.136,0
9797,57,1,8,0.768,0.479,0.715,0.0,0.273,0.069,0
9798,57,1,5,0.795,0.447,0.847,0.0,-0.021,-0.02,0
9799,44,0,10,0.773,0.464,0.829,0.0,-0.02,-0.01,0
9800,33,0,8,0.638,0.531,0.569,0.0,0.273,0.047,0
9801,79,0,12,0.884,0.502,0.819,0.0,0.33,-0.041,0
9802,34,0,6,0.896,0.61,0.623,1.0,0.207,0.118,0
9803,69,1,8,0.876,0.604,0.752,0.5,0.654,0.182,0
9804,40,0,7,0.978,0.603,0.654,1.0,0.187,0.483,0
9805,46,0,4,0.741,0.435,0.65,0.75,0.273,0.069,0
9806,50,0,4,1.012,0.653,0.807,0.5,0.352,0.524,0
9807,77,1,9,1.058,0.7,0.827,0.5,0.341,0.368,1
9808,78,0,7,0.663,0.617,0.774,0.25,0.458,0.02,0
9809,50,0,5,0.838,0.731,0.527,0.5,0.112,0.07,0
9810,51,1,6,0.757,0.546,0.539,0.75,0.078,0.091,0
9811,56,1,9,0.94,0.599,0.679,0.25,0.141,0.24,0
9812,39,0,4,0.922,0.509,0.423,1.0,0.019,0.146,0
9813,37,1,5,0.753,0.703,0.813,0.0,0.39,-0.036,0
9814,42,0,12,0.948,0.471,0.896,0.25,0.52,0.305,0
9815,68,1,10,0.963,0.445,0.724,0.25,0.192,0.115,0
9816,84,0,9,1.089,0.582,0.678,0.0,0.213,0.371,0
9817,46,0,10,0.858,0.516,0.603,0.75,-0.047,0.069,0
9818,30,0,7,0.913,0.58,0.94,0.5,0.72,0.288,0
9819,50,0,3,0.615,0.656,0.7,0.5,0.197,-0.298,0
9820,64,0,8,0.884,0.631,0.843,0.0,0.477,0.14,0
9821,35,0,11,0.901,0.515,0.792,0.75,0.45,0.264,0
9822,79,1,7,0.895,0.653,0.644,0.75,0.007,0.0,1
9823,66,1,4,0.662,0.612,0.43,1.0,-0.177,-0.041,0
9824,66,0,7,0.951,0.531,0.791,0.75,0.464,0.077,0
9825,50,1,8,0.915,0.548,0.7,0.25,0.32,0.35,0
9826,52,1,7,0.79,0.7,0.618,0.5,-0.031,0.202,0
9827,35,0,11,0.962,0.542,0.75,1.0,0.242,0.161,0
9828,34,0,5,0.845,0.559,0.642,0.0,0.096,0.018,0
9829,74,1,5,0.764,0.61,0.286,0.0,-0.355,-0.364,0
9830,39,0,6,0.91,0.708,0.814,0.25,0.34,0.422,0
9831,38,0,11,0.993,0.402,0.805,0.25,0.203,0.312,0
9832,66,1,11,1.023,0.551,0.969,0.0,0.519,0.289,0
9833,79,0,11,0.873,0.5,0.749,0.75,0.742,0.012,1
9834,51,1,5,0.759,0.654,0.627,0.0,0.417,0.03,0
9835,35,0,7,0.658,0.662,0.909,0.25,0.29,-0.145,0
9836,50,1,12,0.763,0.517,0.742,0.25,0.462,-0.138,0
9837,35,0,5,0.835,0.71,0.584,0.0,0.281,0.135,0
9838,69,0,4,0.735,0.535,0.599,0.5,0.334,-0.091,0
9839,46,1,3,0.977,0.624,0.421,0.5,-0.084,0.227,0
9840,67,0,8,0.645,0.73,0.799,0.25,0.194,-0.055,0
9841,36,1,12,0.937,0.538,0.879,0.0,0.514,0.027,0
9842,61,0,6,1.0,0.501,0.749,0.25,0.398,0.425,0
9843,60,0,3,0.754,0.586,0.592,0.25,0.33,0.04,0
9844,51,1,11,0.747,0.453,1.19,0.0,0.674,-0.114,0
9845,33,1,4,0.92,0.589,0.444,0.0,0.109,0.261,0
9846,37,0,10,0.917,0.464,1.033,0.0,0.568,0.374,0
9847,84,0,8,0.866,0.463,1.097,0.0,0.79,-0.205,0
9848,42,1,7,0.717,0.485,0.765,0.0,0.368,0.005,0
9849,30,1,3,0.876,0.473,0.618,0.25,0.013,-0.057,0
9850,83,0,10,1.136,0.566,0.938,0.75,0.227,0.555,1
9851,69,1,12,0.976,0.682,0.7,0.5,0.283,0.256,0
9852,43,1,5,0.861,0.717,0.272,1.0,0.051,0.3,0
9853,64,1,3,0.848,0.615,0.704,0.0,0.133,-0.004,0
9854,55,0,12,0.911,0.593,0.939,0.0,0.431,0.265,0
9855,44,0,11,0.933,0.591,0.615,0.0,0.164,0.272,0
9856,62,1,7,0.827,0.545,0.49,0.0,0.064,-0.158,0
9857,80,1,11,1.031,0.492,0.855,0.0,0.315,0.403,0
9858,59,0,3,0.662,0.375,0.546,0.0,0.21,-0.271,0
9859,76,1,4,0.918,0.501,0.908,1.0,0.301,0.102,1
9860,37,1,5,0.782,0.59,0.498,0.0,-0.255,-0.022,0
9861,45,0,4,0.846,0.568,0.382,0.5,0.086,0.351,0
9862,55,1,12,0.895,0.53,0.697,0.5,0.337,0.079,0
9863,58,1,5,1.063,0.618,0.602,0.0,0.135,0.307,0
9864,33,0,5,0.7,0.544,0.809,0.0,0.409,-0.176,0
9865,44,0,10,0.866,0.513,0.8,0.0,0.409,0.271,0
9866,82,0,8,0.843,0.539,0.965,0.5,0.535,0.042,0
9867,80,1,8,0.765,0.557,0.932,0.75,0.361,0.068,0
9868,84,0,6,0.84,0.51,0.486,0.0,0.187,0.097,0
9869,32,0,4,0.981,0.535,0.859,0.25,0.448,0.438,0
9870,71,0,9,0.928,0.707,0.759,0.75,0.388,0.299,0
9871,40,1,8,0.96,0.538,0.873,0.0,0.109,0.015,0
9872,56,0,11,0.746,0.469,0.741,0.0,0.133,-0.132,0
9873,70,1,5,0.666,0.659,0.894,0.25,0.69,-0.352,0
9874,54,0,3,0.758,0.488,0.353,0.75,0.002,-0.325,0
9875,61,1,8,0.906,0.577,0.67,0.0,0.555,0.248,0
9876,42,1,7,0.789,0.682,0.634,0.25,0.56,0.037,0
9877,49,1,8,0.963,0.7,0.562,0.5,0.082,0.164,0
9878,30,1,11,0.836,0.548,0.717,0.0,0.215,0.298,0
9879,71,1,8,0.943,0.391,0.689,0.0,0.131,0.061,1
9880,31,1,7,0.875,0.694,1.029,0.0,0.494,0.026,0
9881,70,1,8,0.862,0.485,0.782,0.0,0.36,0.092,0
9882,60,0,4,0.873,0.558,0.542,0.75,-0.091,0.108,0
9883,72,1,6,0.951,0.535,1.0,0.5,0.811,0.251,0
9884,66,1,11,0.883,0.622,0.651,1.0,0.191,0.156,1
9885,40,1,12,1.05,0.555,1.122,1.0,0.964,0.152,0
9886,60,1,10,1.076,0.658,0.786,1.0,0.241,0.25,1
9887,41,0,6,0.943,0.559,0.537,0.5,-0.169,0.116,0
9888,79,0,12,0.79,0.665,1.12,0.5,0.682,0.042,0
9889,52,0,9,0.77,0.58,0.606,0.0,-0.089,-0.041,0
9890,48,1,8,0.931,0.483,0.534,0.75,-0.299,0.257,0
9891,78,0,12,0.7,0.596,0.894,0.0,0.598,0.116,0
9892,60,1,10,0.741,0.621,0.931,0.0,0.326,0.076,0
9893,72,0,7,0.83,0.65,0.862,0.0,0.361,-0.051,0
9894,64,0,3,0.892,0.56,0.348,0.25,-0.685,0.006,0
9895,72,0,6,0.696,0.525,0.684,0.0,-0.155,-0.147,0
9896,38,0,11,1.166,0.528,0.824,0.75,0.192,0.466,0
9897,61,1,12,1.219,0.602,0.978,0.25,0.382,0.328,0
9898,70,0,9,0.855,0.669,0.547,0.0,-0.153,0.325,0
9899,42,1,5,0.789,0.754,0.514,0.0,-0.089,-0.152,0
9900,49,0,6,0.997,0.706,0.486,1.0,0.037,0.102,0
9901,32,1,9,0.905,0.53,0.833,0.5,0.22,0.162,0
9902,67,1,12,1.145,0.531,1.15,0.0,0.695,0.53,0
9903,47,0,11,0.819,0.542,0.674,0.5,0.481,0.13,0
9904,77,0,10,0.934,0.7,0.398,0.0,-0.1,0.202,0
9905,39,0,12,1.072,0.544,0.904,0.25,0.27,0.372,0
9906,38,0,5,0.824,0.456,0.448,1.0,-0.212,0.049,0
9907,63,1,9,0.899,0.653,1.022,0.0,0.541,-0.012,0
9908,35,0,11,0.942,0.626,0.779,0.0,0.116,0.184,0
9909,76,0,6,1.042,0.53,0.655,0.0,0.033,0.324,0
9910,30,1,3,0.593,0.739,0.7,0.0,0.37,0.079,0
9911,60,1,7,1.002,0.744,0.752,0.75,0.382,0.178,0
9912,57,0,11,0.91,0.438,0.935,0.0,0.368,0.395,0
9913,34,0,6,0.974,0.593,0.552,0.5,0.023,0.091,0
9914,51,1,3,0.811,0.668,0.313,0.5,-0.231,0.285,0
9915,46,0,10,1.025,0.644,1.056,0.5,0.645,0.269,0
9916,32,1,8,0.951,0.596,1.087,1.0,0.504,0.21,0
9917,54,0,3,0.639,0.763,0.909,0.0,0.4,-0.115,0
9918,43,1,9,0.974,0.7,0.537,0.0,0.162,0.192,0
9919,61,1,11,0.669,0.631,1.049,0.5,0.919,-0.066,0
9920,57,1,3,0.682,0.604,0.734,0.25,0.155,-0.224,0
9921,41,0,9,0.7,0.556,0.786,0.0,0.411,-0.161,0
9922,68,0,4,0.986,0.568,0.428,0.0,-0.256,0.25,0
9923,81,1,4,0.77,0.641,0.585,0.25,0.316,-0.137,1
9924,77,1,3,0.709,0.492,0.411,1.0,-0.207,0.009,1
9925,48,1,10,1.036,0.609,0.845,0.0,0.323,0.425,0
9926,78,0,3,0.937,0.6,0.582,0.5,0.341,0.133,0
9927,76,0,3,0.753,0.776,0.651,0.0,0.158,0.054,0
9928,60,0,12,0.948,0.519,0.7,0.75,0.122,0.073,0
9929,32,1,12,1.079,0.607,1.109,0.25,0.248,0.344,0
9930,62,1,10,1.019,0.65,0.88,0.0,0.291,0.317,0
9931,61,1,11,0.807,0.554,0.79,0.0,-0.019,0.202,0
9932,37,1,11,0.712,0.608,0.902,0.0,0.471,0.02,0
9933,74,1,5,0.811,0.563,0.929,0.0,0.263,0.06,0
9934,76,1,7,0.983,0.553,0.838,0.75,0.559,0.136,1
9935,61,0,9,0.866,0.304,1.018,0.75,0.488,0.092,0
9936,79,1,7,0.844,0.507,0.701,0.25,0.278,-0.129,0
9937,59,1,9,1.093,0.562,0.869,0.5,0.027,0.425,0
9938,69,1,11,0.7,0.608,1.111,0.75,0.492,-0.034,0
9939,37,1,3,0.816,0.5,0.404,0.25,-0.178,0.04,0
9940,61,1,3,0.7,0.639,0.529,0.0,-0.073,-0.129,0
9941,44,0,5,1.08,0.53,0.491,0.0,-0.022,0.23,0
9942,54,0,9,0.587,0.653,0.679,0.0,0.191,-0.207,0
9943,67,1,12,0.807,0.497,0.884,0.0,0.162,0.075,1
9944,57,0,3,0.83,0.531,0.696,0.0,-0.004,0.23,0
9945,81,1,10,0.912,0.548,0.674,1.0,0.444,0.2,1
9946,61,1,11,0.803,0.614,0.977,1.0,0.457,-0.191,0
9947,74,0,7,0.907,0.734,0.859,0.0,0.328,0.03,0
9948,77,1,8,0.733,0.574,0.592,0.0,-0.218,-0.172,0
9949,65,0,6,0.782,0.607,0.853,1.0,0.419,0.001,0
9950,32,0,10,0.874,0.514,0.777,0.0,0.295,0.16,0
9951,81,1,12,1.192,0.575,1.013,0.0,0.84,0.443,0
9952,75,0,4,0.817,0.528,0.205,0.0,-0.412,0.083,1
9953,52,1,3,0.624,0.789,0.547,0.5,-0.068,-0.009,0
9954,78,0,10,0.858,0.648,0.587,0.75,0.022,0.05,0
9955,53,1,9,0.823,0.584,1.133,0.0,0.467,0.253,0
9956,36,0,11,0.907,0.546,0.823,0.5,0.153,0.271,0
9957,31,1,8,0.867,0.552,0.649,0.75,0.015,0.074,0
9958,35,0,8,0.875,0.506,0.515,0.5,-0.13,0.323,0
9959,56,0,7,0.977,0.634,0.7,0.75,0.332,0.25,0
9960,45,0,11,0.82,0.553,0.887,0.0,0.323,-0.153,0
9961,64,0,10,0.959,0.543,0.696,0.0,0.189,-0.074,0
9962,81,0,7,0.642,0.619,0.831,0.0,0.464,-0.304,0
9963,71,0,3,0.732,0.528,0.474,1.0,0.089,0.034,0
9964,81,1,10,0.868,0.53,0.712,0.0,0.451,0.074,1
9965,68,0,6,0.802,0.502,0.59,0.0,-0.199,0.023,0
9966,48,0,7,1.035,0.536,0.594,0.5,0.119,0.338,0
9967,31,1,5,0.705,0.414,0.394,0.0,-0.288,-0.125,0
9968,80,1,9,0.89,0.52,1.041,0.5,0.552,0.059,1
9969,70,1,4,0.7,0.649,0.872,0.0,0.433,-0.105,0
9970,36,0,12,0.919,0.406,1.039,0.0,0.389,0.148,0
9971,81,0,11,1.059,0.696,0.605,0.0,0.169,0.134,0
9972,75,1,3,0.744,0.607,0.645,0.0,0.203,0.062,0
9973,36,1,12,0.897,0.539,0.7,1.0,0.42,0.019,0
9974,35,0,6,0.936,0.636,0.635,0.0,0.388,0.163,0
9975,60,0,11,1.154,0.537,0.833,0.0,0.377,0.295,0
9976,57,1,7,0.742,0.531,0.405,0.25,-0.22,-0.052,0
9977,50,0,5,0.693,0.539,0.543,0.75,0.042,-0.093,0
9978,54,1,6,0.866,0.569,1.035,0.0,0.52,0.166,0
9979,31,1,12,0.88,0.592,0.884,0.5,0.5,0.056,0
9980,58,1,6,1.151,0.649,0.579,0.0,-0.132,0.549,0
9981,65,1,6,0.724,0.535,0.3,0.75,-0.111,-0.028,1
9982,37,0,5,1.06,0.533,0.642,0.25,0.099,0.092,0
9983,32,0,6,0.94,0.523,0.662,0.0,0.086,0.154,0
9984,34,1,8,1.11,0.508,0.975,0.0,0.757,0.475,0
9985,58,0,11,1.128,0.401,0.767,0.0,0.436,0.31,0
9986,65,0,12,0.94,0.489,1.056,0.0,0.8,0.087,0
9987,43,1,5,0.939,0.59,0.814,0.0,0.148,0.239,0
9988,70,1,5,0.734,0.481,1.011,0.25,0.407,-0.2,0
9989,42,0,9,0.889,0.557,0.701,0.25,0.413,0.18,0
9990,61,0,10,0.997,0.547,0.693,0.0,-0.047,0.239,0
9991,36,0,6,1.058,0.63,0.703,0.0,0.131,0.232,0
9992,72,1,4,0.929,0.545,0.843,0.5,0.531,0.172,0
9993,48,1,5,1.127,0.613,0.492,0.0,0.252,0.36,0
9994,66,0,11,1.044,0.634,0.926,1.0,0.509,0.266,1
9995,35,0,10,1.006,0.591,1.039,0.0,0.842,0.381,0
9996,75,1,9,1.052,0.588,0.557,0.0,0.635,0.23,0
9997,31,0,9,0.856,0.629,0.819,0.25,0.603,0.154,0
9998,73,1,4,0.7,0.557,0.647,0.5,-0.032,-0.007,1
9999,47,1,8,0.581,0.603,0.94,0.0,0.507,-0.254,0
10000,68,0,3,0.887,0.725,0.761,0.75,0.384,0.152,0
10001,37,1,11,0.912,0.474,0.934,0.5,0.274,0.132,0
10002,35,1,10,0.992,0.544,1.013,0.0,0.59,0.204,0
10003,41,0,12,1.051,0.519,0.865,0.0,0.316,0.052,0
10004,72,1,7,0.959,0.699,0.808,0.0,0.183,0.134,0
10005,57,0,7,0.772,0.713,0.926,0.5,0.655,0.046,0
10006,48,1,5,0.821,0.58,0.61,0.0,0.018,0.217,0
10007,56,0,4,0.911,0.65,0.73,0.5,0.139,0.091,0
10008,60,0,12,0.98,0.585,1.304,0.0,0.942,0.5,0
10009,77,0,11,0.7,0.535,0.535,0.25,0.22,-0.011,0
10010,65,0,8,0.84,0.635,0.752,1.0,0.223,0.14,0
10011,45,1,12,1.008,0.537,0.906,0.0,0.482,0.231,0
10012,31,1,6,0.846,0.65,0.761,1.0,0.643,0.255,0
10013,60,1,3,0.949,0.631,0.612,0.0,0.281,0.226,0
10014,51,0,8,0.816,0.567,0.66,1.0,0.193,0.187,0
10015,72,1,12,1.151,0.6,0.796,0.0,0.339,0.539,0
10016,54,0,7,0.999,0.449,0.897,1.0,0.474,0.184,0
10017,43,0,3,0.713,0.564,0.643,1.0,-0.11,-0.269,0
10018,38,0,11,0.868,0.541,0.835,0.0,0.554,-0.068,0
10019,37,0,9,0.969,0.589,0.504,0.0,0.027,0.295,0
10020,40,1,11,1.041,0.533,0.791,1.0,0.588,0.411,0
10021,60,0,12,1.026,0.539,1.057,0.0,0.357,0.348,1
10022,66,0,7,0.653,0.513,0.824,1.0,0.239,-0.135,1
10023,68,0,6,0.775,0.58,0.632,0.0,0.485,0.156,0
10024,54,1,7,0.969,0.504,0.876,0.75,0.064,0.087,0
10025,76,0,10,0.943,0.595,0.735,1.0,0.242,0.342,0
10026,53,0,9,1.274,0.495,0.534,0.0,0.374,0.494,0
10027,68,1,10,0.974,0.43,1.005,1.0,0.797,0.204,0
10028,53,0,7,0.897,0.516,0.784,0.5,0.367,0.191,0
10029,53,1,7,0.761,0.514,0.78,0.0,0.42,-0.068,0
10030,65,1,12,0.953,0.554,0.892,0.0,0.455,0.04,1
10031,39,0,10,1.081,0.596,0.887,0.0,0.356,0.3,0
10032,51,1,4,0.643,0.435,0.566,0.0,0.026,-0.173,0
10033,76,1,6,0.949,0.633,0.527,0.0,0.31,0.039,0
10034,75,1,6,0.948,0.478,0.445,0.75,0.169,0.22,0
10035,48,1,12,1.093,0.474,0.722,1.0,0.11,0.236,0
10036,46,0,7,0.974,0.541,0.741,0.0,0.263,0.404,0
10037,37,1,7,0.987,0.617,0.671,0.25,-0.019,0.412,0
10038,81,0,3,0.873,0.495,0.671,0.0,0.117,0.173,0
10039,55,1,5,0.763,0.516,0.703,0.0,0.272,0.11,0
10040,34,0,12,1.032,0.44,1.033,0.5,0.723,0.36,0
10041,33,1,11,0.833,0.592,0.909,1.0,0.564,0.192,0
10042,82,1,6,0.784,0.574,0.894,0.0,0.194,0.043,0
10043,37,1,12,1.048,0.554,0.791,1.0,0.255,0.334,0
10044,38,1,7,0.943,0.577,0.661,0.0,0.182,0.509,0
10045,80,0,6,0.898,0.624,0.609,0.0,0.227,0.226,0
10046,41,1,12,1.058,0.536,0.946,0.0,0.492,0.41,0
10047,45,0,7,0.801,0.568,0.732,0.5,0.095,-0.109,0
10048,63,1,12,0.917,0.699,0.724,0.0,0.232,0.04,0
10049,70,1,4,0.907,0.658,0.721,0.0,0.021,0.267,0
10050,71,0,10,0.743,0.656,1.034,0.0,0.504,-0.0,0
10051,30,0,10,0.939,0.519,1.137,1.0,0.643,0.255,0
10052,77,1,12,0.969,0.579,0.902,0.0,0.46,0.333,0
10053,56,1,12,0.898,0.45,0.861,0.0,0.067,0.2,0
10054,56,1,7,0.962,0.564,0.629,0.25,0.096,0.466,0
10055,32,1,8,0.998,0.517,0.765,0.5,0.277,0.168,0
10056,67,0,6,1.068,0.467,0.636,0.0,0.44,0.412,0
10057,52,1,8,0.878,0.7,0.761,1.0,0.516,0.219,1
10058,53,1,10,0.892,0.532,0.896,0.5,0.146,0.272,0
10059,62,0,3,0.678,0.663,0.306,0.0,0.061,-0.202,0
10060,47,1,6,0.73,0.588,0.634,1.0,0.447,0.012,0
10061,45,1,5,0.895,0.789,0.291,0.0,-0.285,-0.048,0
10062,31,0,9,0.7,0.588,0.814,0.5,0.397,0.01,0
10063,59,0,9,0.932,0.598,0.941,0.5,0.295,0.069,0
10064,40,0,9,1.0,0.632,0.802,0.0,0.398,0.405,0
10065,37,0,6,0.984,0.61,0.764,0.75,0.306,0.313,0
10066,69,0,11,0.933,0.55,0.933,0.75,0.435,0.088,1
10067,62,1,10,0.947,0.606,0.634,0.0,0.144,0.102,0
10068,83,1,9,1.028,0.558,0.925,1.0,0.562,0.325,1
10069,55,0,10,0.996,0.641,0.825,0.0,0.075,0.145,0
10070,67,1,11,0.938,0.475,0.828,0.25,0.359,0.214,0
10071,47,0,9,1.041,0.618,0.951,0.25,0.18,0.438,0
10072,62,1,4,0.776,0.576,0.512,0.0,0.265,0.016,0
10073,70,0,11,0.668,0.646,0.67,0.0,0.304,-0.123,0
10074,30,0,11,0.916,0.458,0.7,0.0,0.148,0.156,0
10075,39,0,5,0.907,0.585,0.735,0.75,0.158,0.321,0
10076,76,1,3,0.917,0.612,0.419,0.75,0.02,0.056,0
10077,77,0,5,0.895,0.693,0.744,0.0,0.114,0.195,1
10078,82,0,11,1.011,0.539,0.974,0.75,0.487,0.266,0
10079,53,0,3,0.792,0.594,0.653,0.0,0.279,0.228,0
10080,75,0,3,0.486,0.599,0.801,0.25,0.261,-0.141,0
10081,36,0,6,0.833,0.701,0.779,0.0,0.32,0.053,0
10082,71,0,9,0.869,0.585,1.156,0.0,0.709,-0.023,0
10083,70,1,11,0.903,0.434,0.83,0.25,0.261,-0.128,1
10084,42,1,7,0.918,0.577,0.48,0.25,0.046,0.151,0
10085,36,1,4,0.956,0.765,0.479,0.0,0.095,0.039,0
10086,73,0,12,0.91,0.663,0.992,1.0,0.495,0.192,1
10087,81,0,10,1.078,0.635,0.508,0.0,0.01,0.191,0
10088,48,0,4,0.852,0.595,0.487,0.0,-0.017,-0.046,0
10089,80,1,12,1.21,0.551,0.819,0.75,0.406,0.543,0
10090,81,0,10,1.096,0.722,0.674,0.0,0.132,0.429,0
10091,30,1,5,0.915,0.555,0.281,0.25,-0.099,0.189,0
10092,35,0,9,0.7,0.516,0.988,0.5,0.607,0.182,0
10093,47,0,11,1.016,0.497,0.895,0.0,0.16,0.316,0
10094,70,0,8,0.901,0.537,0.617,0.0,0.341,0.222,0
10095,67,1,10,0.86,0.61,0.951,0.25,0.428,0.028,0
10096,47,0,7,0.828,0.542,0.524,1.0,-0.065,-0.057,0
10097,67,1,8,0.79,0.531,0.955,0.0,-0.018,-0.108,0
10098,56,1,9,0.967,0.515,0.619,0.25,-0.081,0.117,0
10099,57,1,8,0.968,0.636,0.688,0.75,0.197,0.097,0
10100,57,0,7,0.816,0.406,0.586,1.0,-0.13,0.11,0
10101,34,0,9,1.15,0.642,0.768,0.5,0.04,0.296,0
10102,43,0,12,0.911,0.415,0.837,0.0,-0.088,0.265,0
10103,45,0,7,0.782,0.645,0.789,0.25,0.672,-0.08,0
10104,68,0,7,0.593,0.522,0.625,0.75,0.087,-0.237,0
10105,72,1,7,1.025,0.661,0.665,0.0,0.067,0.224,0
10106,42,1,4,0.668,0.544,0.547,0.0,0.332,-0.039,0
10107,64,0,7,0.7,0.666,0.762,0.5,0.208,-0.167,0
10108,35,1,3,0.889,0.618,0.811,1.0,0.388,0.358,0
10109,83,1,8,0.863,0.554,0.974,1.0,0.236,-0.038,0
10110,50,1,9,0.604,0.657,0.953,0.0,0.675,-0.095,0
10111,63,1,10,0.772,0.487,0.51,0.5,-0.019,0.072,0
10112,56,0,4,0.66,0.446,0.549,0.0,0.151,-0.32,0
10113,33,1,12,0.813,0.528,1.001,0.0,0.31,-0.24,0
10114,61,1,6,0.699,0.618,0.697,0.0,0.107,-0.195,0
10115,64,1,7,0.61,0.651,0.85,0.75,0.269,0.006,1
10116,31,1,4,0.861,0.502,0.741,0.25,0.441,0.32,0
10117,45,1,11,0.886,0.716,1.07,0.0,0.646,0.267,0
10118,37,1,12,1.062,0.544,0.904,0.0,0.333,0.429,0
10119,71,0,8,0.854,0.546,0.915,0.25,0.382,0.043,0
10120,80,0,9,1.148,0.601,0.693,0.0,0.287,0.414,0
10121,57,0,9,0.766,0.532,1.002,0.0,0.582,0.066,0
10122,61,1,6,0.703,0.585,0.509,0.0,0.039,0.081,0
10123,67,1,9,0.825,0.492,0.686,0.0,0.252,0.15,0
10124,67,1,5,0.786,0.514,0.913,0.5,0.654,0.221,0
10125,40,1,6,0.937,0.523,0.611,0.75,-0.158,0.055,0
10126,35,1,4,0.878,0.577,0.683,0.0,0.383,0.086,0
10127,34,1,10,1.032,0.569,0.7,0.0,0.216,0.198,0
10128,31,1,12,0.944,0.568,0.775,0.0,0.398,0.112,0
10129,74,1,6,0.852,0.613,0.442,0.0,0.203,0.152,0
10130,63,1,8,1.174,0.461,0.547,0.25,0.189,0.413,0
10131,64,0,12,1.01,0.517,1.014,0.5,0.588,0.177,0
10132,57,0,9,0.998,0.572,0.745,0.5,0.522,0.427,0
10133,38,0,8,0.878,0.533,0.708,0.0,0.008,0.025,0
10134,57,1,11,0.996,0.539,0.74,1.0,0.083,0.345,0
10135,31,1,12,0.935,0.651,1.033,0.5,0.659,0.343,0
10136,75,1,3,0.733,0.631,0.359,0.0,-0.099,0.218,0
10137,53,0,9,0.839,0.594,0.815,0.0,0.51,0.065,0
10138,66,1,12,0.969,0.451,0.797,0.0,0.489,0.102,0
10139,80,0,8,0.858,0.713,0.878,1.0,0.248,0.142,0
10140,54,0,7,1.042,0.46,0.801,0.0,0.414,0.403,0
10141,30,1,9,0.865,0.496,0.895,0.5,0.426,0.349,0
10142,72,0,5,1.069,0.578,0.549,0.5,-0.229,0.435,0
10143,53,1,11,0.897,0.45,0.62,0.25,-0.216,0.131,0
10144,65,0,3,0.687,0.677,0.449,0.75,0.214,-0.046,0
10145,81,0,4,0.888,0.563,0.413,0.0,-0.287,0.318,0
10146,38,0,12,0.773,0.496,0.947,1.0,0.557,0.04,0
10147,32,1,8,1.014,0.591,0.797,0.25,0.132,0.419,0
10148,33,1,10,0.989,0.439,0.745,0.5,0.483,0.302,0
10149,45,1,7,0.841,0.538,0.519,0.0,0.055,0.09,0
10150,39,0,12,0.7,0.405,0.736,0.0,0.039,0.01,0
10151,45,0,8,0.865,0.654,0.805,0.0,0.584,0.029,0
10152,42,1,4,0.852,0.57,0.567,0.25,0.218,0.104,0
10153,72,0,5,0.899,0.686,0.582,0.5,0.066,0.038,0
10154,41,0,3,0.7,0.577,0.605,1.0,-0.234,-0.028,0
10155,30,0,5,0.625,0.62,0.337,0.5,-0.086,-0.091,0
10156,36,0,5,0.816,0.58,0.638,0.75,0.105,0.105,0
10157,64,0,11,0.786,0.613,0.862,0.0,0.424,0.025,0
10158,84,0,5,0.946,0.484,0.663,0.0,0.479,0.057,0
10159,80,1,7,0.957,0.584,0.457,0.0,0.1,0.252,0
10160,73,1,10,0.7,0.534,0.869,1.0,0.376,-0.12,1
10161,70,0,8,0.955,0.66,0.808,0.0,0.543,-0.013,0
10162,53,1,3,0.631,0.583,0.338,0.5,-0.409,-0.023,0
10163,37,0,4,0.837,0.684,0.456,0.0,0.041,0.293,0
10164,68,1,9,0.988,0.499,0.783,0.0,0.379,0.14,0
10165,54,0,7,0.757,0.578,0.489,0.0,0.149,-0.163,0
10166,39,0,4,0.743,0.73,0.564,0.0,0.116,0.001,0
10167,66,1,8,0.931,0.557,0.649,0.0,0.154,0.122,0
10168,77,1,6,0.704,0.69,0.769,0.5,0.376,-0.006,1
10169,41,0,6,0.998,0.682,0.801,0.0,0.03,0.186,0
10170,81,0,5,1.003,0.544,0.708,0.0,0.037,0.253,0
10171,60,0,7,0.988,0.597,0.745,0.0,0.464,0.21,0
10172,80,0,7,0.87,0.56,0.65,0.0,0.039,-0.024,0
10173,77,1,10,0.976,0.635,0.752,0.0,-0.074,0.363,0
10174,57,0,4,0.889,0.64,0.656,0.0,0.243,0.21,0
10175,68,0,8,0.665,0.478,0.519,1.0,0.145,-0.142,1
10176,76,0,3,0.716,0.552,0.846,0.0,0.42,0.035,0
10177,76,1,9,0.833,0.45,0.777,0.25,0.152,-0.016,1
10178,45,0,10,0.976,0.561,1.067,0.0,0.853,0.311,0
10179,79,1,7,0.874,0.671,0.753,0.75,0.347,-0.227,1
10180,57,0,7,0.707,0.548,0.855,0.0,0.209,0.016,0
10181,45,1,11,0.809,0.7,0.972,0.75,0.28,0.162,0
10182,75,1,7,0.811,0.54,0.858,0.0,0.158,0.1,0
10183,43,0,11,0.783,0.477,1.037,0.25,0.818,0.06,0
10184,82,1,6,0.871,0.565,0.876,0.5,0.589,0.143,0
10185,34,0,5,0.768,0.475,0.611,0.75,0.15,0.192,0
10186,60,1,6,0.774,0.69,0.763,0.5,0.125,-0.222,0
10187,41,0,9,1.042,0.521,1.063,0.5,0.5,0.336,0
10188,61,0,5,1.01,0.669,0.857,0.25,0.313,0.225,0
10189,61,0,8,1.131,0.686,0.915,0.0,0.344,0.457,0
10190,72,0,10,1.027,0.509,0.926,1.0,0.295,0.005,0
10191,76,1,5,0.767,0.561,0.512,0.25,0.161,-0.103,0
10192,49,1,10,0.839,0.572,0.707,0.75,0.15,0.105,0
10193,60,1,3,0.615,0.462,0.607,0.25,-0.128,-0.062,0
10194,72,0,11,0.892,0.549,1.002,0.25,0.548,0.347,0
10195,47,0,4,0.653,0.7,0.497,0.0,-0.074,-0.132,0
10196,52,0,8,0.873,0.573,0.757,0.0,0.253,0.26,0
10197,39,1,7,0.999,0.728,0.89,1.0,0.2,0.109,1
10198,36,1,6,0.945,0.566,0.778,0.0,0.276,0.301,0
10199,46,0,4,0.82,0.495,0.481,0.0,-0.024,0.088,0
10200,69,1,4,0.891,0.632,0.55,0.0,-0.01,0.04,1
10201,40,1,11,0.89,0.405,0.538,0.5,0.019,0.165,0
10202,77,1,5,0.832,0.527,0.934,0.0,0.504,0.139,0
10203,30,1,10,0.982,0.58,0.876,0.75,0.34,0.002,0
10204,78,1,12,1.034,0.556,1.117,0.0,0.678,0.416,1
10205,53,1,9,0.851,0.554,0.7,0.25,0.317,0.092,0
10206,71,1,8,0.836,0.512,0.937,0.0,0.452,0.201,0
10207,34,1,11,0.761,0.52,1.028,0.25,0.42,-0.044,0
10208,46,0,8,0.914,0.554,0.723,0.0,0.173,0.149,0
10209,39,1,3,0.707,0.507,0.411,0.5,-0.045,0.052,0
10210,40,1,8,0.966,0.578,0.75,0.0,0.213,0.128,0
10211,35,1,12,0.97,0.5,0.853,0.25,0.429,0.148,0
10212,52,1,7,0.904,0.536,0.635,0.0,0.022,0.039,0
10213,43,0,9,0.878,0.666,0.648,0.0,0.242,0.176,0
10214,74,1,10,0.927,0.61,0.773,0.0,0.254,0.194,0
10215,81,1,6,0.967,0.427,0.706,0.5,0.285,0.164,0
10216,76,1,5,0.82,0.61,0.899,0.0,0.47,0.155,0
10217,57,1,5,0.819,0.67,0.7,0.0,0.299,0.171,0
10218,74,0,6,0.926,0.517,0.459,0.0,-0.163,0.197,0
10219,36,0,4,0.652,0.459,0.702,1.0,0.124,-0.064,0
10220,32,1,8,0.774,0.353,0.867,0.5,0.215,0.154,0
10221,64,1,12,0.879,0.474,0.777,0.0,0.397,0.129,0
10222,32,0,6,0.668,0.578,0.565,0.0,-0.186,0.28,0
10223,37,0,7,0.74,0.561,0.749,0.75,-0.202,0.203,0
10224,31,0,12,1.095,0.566,0.568,0.25,-0.115,0.344,0
10225,49,0,3,0.743,0.608,0.313,1.0,-0.358,-0.038,0
10226,60,0,4,0.508,0.564,0.811,0.25,-0.084,-0.452,0
10227,38,0,6,0.959,0.601,0.804,0.5,0.562,0.168,0
10228,65,0,5,0.962,0.526,0.443,1.0,0.285,0.202,0
10229,83,0,4,0.919,0.646,0.764,0.0,0.236,0.125,0
10230,62,0,4,0.737,0.619,0.443,0.0,0.367,0.05,0
10231,78,1,11,0.951,0.475,0.99,0.0,0.29,-0.12,1
10232,81,1,9,0.934,0.45,1.09,0.0,0.344,0.129,0
10233,58,1,9,1.028,0.559,0.818,0.5,0.354,0.232,0
10234,34,0,7,0.871,0.509,0.7,0.5,0.216,0.001,0
10235,75,0,9,0.7,0.708,0.742,0.25,0.517,-0.076,0
10236,77,1,4,0.832,0.798,0.531,0.0,-0.406,0.062,0
10237,54,1,4,0.842,0.566,0.474,0.0,0.171,0.134,0
10238,38,1,10,0.913,0.46,0.761,0.5,0.332,0.084,0
10239,32,0,11,1.016,0.53,0.939,0.0,0.354,0.168,0
10240,71,1,6,0.885,0.598,0.774,0.0,0.123,0.191,0
10241,39,0,8,0.684,0.588,0.446,0.0,-0.214,-0.143,0
10242,78,1,9,0.856,0.544,0.457,0.0,-0.011,-0.093,0
10243,30,1,4,0.921,0.646,0.436,0.25,-0.09,0.182,0
10244,51,1,12,0.833,0.618,0.399,1.0,0.113,0.232,0
10245,44,0,8,0.851,0.478,0.647,0.5,0.327,0.322,0
10246,77,1,6,0.766,0.654,0.48,0.0,-0.104,0.123,0
10247,54,1,10,1.122,0.636,0.735,0.0,0.453,0.578,0
10248,72,1,7,0.964,0.543,0.526,0.0,-0.174,0.471,0
10249,84,0,4,0.81,0.596,0.541,0.0,0.126,-0.166,0
10250,75,1,9,0.849,0.529,1.077,0.75,0.806,-0.027,0
10251,49,1,12,1.102,0.519,1.023,0.75,0.632,0.335,0
10252,60,1,7,0.713,0.626,0.878,0.75,0.168,-0.189,1
10253,37,1,5,0.931,0.504,0.799,0.0,0.456,0.323,0
10254,33,0,3,0.739,0.51,0.493,0.0,0.273,0.081,0
10255,38,1,8,0.873,0.661,0.922,0.0,0.585,0.106,0
10256,78,1,4,0.578,0.648,0.862,0.0,0.283,0.03,0
10257,30,1,5,0.956,0.719,0.567,0.75,-0.109,0.075,0
10258,53,0,9,0.913,0.619,0.603,0.5,-0.078,0.086,0
10259,45,1,5,0.857,0.533,0.473,0.0,0.116,0.039,0
10260,55,0,7,0.896,0.515,0.477,1.0,0.036,0.115,0
10261,68,1,6,0.95,0.574,0.7,0.0,0.088,0.154,0
10262,35,0,3,0.413,0.646,0.69,0.5,0.155,-0.014,0
10263,59,0,6,0.719,0.518,0.658,0.0,0.261,-0.208,0
10264,66,0,10,0.835,0.541,0.626,0.0,-0.033,0.21,0
10265,43,0,10,1.072,0.441,0.529,0.5,-0.394,0.623,0
10266,61,1,9,0.797,0.465,0.967,0.0,0.342,0.129,0
10267,68,0,11,0.909,0.511,1.089,0.5,0.552,0.015,0
10268,72,0,9,1.051,0.591,0.743,0.0,0.25,0.135,0
10269,80,1,3,0.953,0.643,0.7,0.0,0.117,0.18,0
10270,79,0,9,1.056,0.543,0.669,1.0,0.16,0.161,1
10271,35,0,9,0.874,0.736,0.544,0.5,0.108,0.18,0
10272,37,1,8,1.053,0.557,0.882,0.25,0.597,0.057,0
10273,60,1,12,0.967,0.61,1.088,0.0,0.766,0.102,0
10274,82,1,3,0.518,0.676,0.303,1.0,-0.21,-0.102,0
10275,55,0,8,0.756,0.518,0.818,0.75,0.625,-0.018,0
10276,54,1,9,1.039,0.635,0.949,0.0,0.954,0.282,0
10277,33,1,12,0.887,0.606,0.861,0.0,0.528,0.015,0
10278,37,0,4,0.956,0.525,0.827,0.0,0.242,-0.12,0
10279,49,0,12,1.014,0.633,0.835,0.0,0.234,0.212,0
10280,32,0,6,0.77,0.542,0.634,0.75,0.023,0.07,0
10281,59,1,10,0.847,0.483,0.842,0.25,0.465,0.134,0
10282,63,0,6,0.632,0.442,0.744,0.25,0.277,-0.112,0
10283,30,0,9,0.73,0.594,0.606,0.0,0.231,0.07,0
10284,55,0,12,0.986,0.543,0.985,0.25,0.58,0.224,0
10285,66,0,7,0.689,0.464,0.522,0.25,0.069,-0.033,0
10286,49,0,4,1.109,0.594,0.673,0.0,0.003,0.426,0
10287,74,0,8,0.798,0.483,0.798,0.25,0.412,0.257,0
10288,53,1,4,0.629,0.483,0.757,0.75,0.159,-0.417,0
10289,61,1,8,1.045,0.533,0.897,0.0,0.385,0.357,0
10290,67,1,12,1.086,0.507,0.947,1.0,0.048,0.288,0
10291,62,1,9,0.816,0.584,0.844,0.75,0.413,0.173,0
10292,33,0,3,0.763,0.711,0.506,0.0,-0.014,-0.121,0
10293,55,1,9,0.939,0.617,0.884,0.25,-0.121,0.136,0
10294,68,0,8,0.78,0.621,0.65,0.0,0.347,0.126,0
10295,65,1,7,1.043,0.516,0.97,0.5,0.593,0.17,0
10296,32,1,11,1.141,0.598,0.886,0.0,0.275,0.121,0
10297,69,1,7,0.958,0.473,0.752,0.0,0.062,0.034,0
10298,73,0,12,0.7,0.628,1.258,0.75,0.86,0.042,0
10299,35,0,10,0.928,0.519,0.863,1.0,0.35,0.075,0
10300,37,0,6,0.831,0.6,0.78,0.0,0.335,0.078,0
10301,31,0,4,0.802,0.624,0.677,0.0,0.04,0.075,0
10302,52,0,11,0.939,0.663,0.794,0.25,0.103,0.131,0
10303,52,1,12,1.15,0.523,0.884,0.75,0.247,0.405,0
10304,42,0,4,0.827,0.589,0.68,0.25,0.368,0.127,0
10305,73,1,7,0.946,0.691,0.608,0.25,0.135,0.025,0
10306,60,1,11,0.917,0.476,0.976,0.0,0.413,0.174,0
10307,46,1,10,0.911,0.516,0.783,0.25,0.632,0.265,0
10308,66,1,9,1.017,0.475,0.566,0.25,0.219,0.227,0
10309,76,1,7,0.762,0.524,0.651,1.0,0.308,-0.204,1
10310,69,1,10,1.07,0.533,0.917,0.5,0.069,0.466,0
10311,48,0,4,0.56,0.541,0.254,1.0,-0.371,-0.261,0
10312,78,0,8,0.993,0.479,0.732,1.0,0.184,0.409,0
10313,46,0,7,0.985,0.771,0.664,0.25,0.133,0.216,0
10314,32,1,3,1.049,0.603,0.6,0.0,-0.184,0.329,0
10315,38,1,12,1.132,0.508,1.295,0.5,0.595,0.37,0
10316,82,0,8,0.816,0.474,0.7,0.0,0.306,-0.299,0
10317,32,0,5,0.76,0.529,0.643,1.0,0.018,0.148,0
10318,69,0,9,0.897,0.565,0.933,0.25,0.552,0.133,0
10319,48,0,8,0.972,0.482,0.467,0.0,-0.018,0.202,0
10320,84,0,4,0.686,0.561,0.381,0.0,0.059,0.095,0
10321,53,1,7,0.7,0.653,0.755,1.0,0.338,0.0,1
10322,47,1,5,0.7,0.712,0.736,0.0,0.036,-0.102,0
10323,70,0,4,0.904,0.65,0.748,0.5,0.361,0.069,0
10324,34,1,8,0.939,0.571,0.786,0.25,0.408,0.312,0
10325,61,0,5,0.7,0.548,0.464,0.5,0.052,0.143,0
10326,36,1,8,0.926,0.549,1.008,0.25,0.862,0.13,0
10327,46,1,10,0.914,0.558,0.87,0.0,0.556,0.214,0
10328,37,1,3,0.768,0.666,0.398,0.0,-0.199,-0.173,0
10329,83,0,7,0.71,0.7,0.586,0.0,0.29,-0.033,0
10330,42,1,12,1.193,0.65,0.712,1.0,-0.058,0.615,0
10331,84,1,9,0.869,0.485,0.412,0.0,-0.448,0.139,1
10332,36,0,10,1.039,0.523,0.542,0.0,-0.02,0.143,0
10333,41,0,4,1.018,0.607,0.49,0.25,0.04,0.309,0
10334,66,1,11,1.001,0.503,0.867,0.25,0.408,0.373,0
10335,37,0,8,0.839,0.492,0.694,0.0,0.263,-0.16,0
10336,33,0,12,0.984,0.581,0.686,0.0,0.397,0.185,0
10337,83,0,11,0.802,0.552,0.87,0.5,0.485,-0.02,0
10338,56,0,10,0.838,0.372,0.671,0.0,0.303,0.152,0
10339,74,0,12,0.966,0.458,0.897,0.0,1.213,0.214,0
10340,30,0,4,0.829,0.576,0.701,0.0,0.448,0.203,0
10341,84,1,4,0.894,0.597,0.531,0.0,-0.082,0.175,1
10342,54,0,11,0.822,0.537,0.619,0.0,0.356,0.006,0
10343,34,1,12,0.827,0.615,1.181,0.5,0.713,0.078,0
10344,80,1,8,0.74,0.55,0.648,0.0,0.155,-0.082,0
10345,62,0,9,0.664,0.559,0.758,0.0,0.236,-0.018,0
10346,57,0,4,0.87,0.657,0.657,0.0,0.287,-0.059,0
10347,42,0,9,0.75,0.7,0.951,1.0,0.605,0.088,1
10348,63,0,7,1.004,0.615,0.502,0.0,-0.082,0.216,0
10349,78,0,11,1.004,0.582,1.105,0.25,0.714,0.114,0
10350,63,0,9,0.883,0.502,0.689,0.25,0.024,-0.179,0
10351,62,0,6,0.721,0.549,0.884,0.0,0.675,0.151,0
10352,73,0,10,1.067,0.7,0.85,0.25,0.589,0.562,0
10353,83,1,12,1.121,0.402,0.807,0.0,0.227,0.575,1
10354,41,1,9,0.856,0.617,0.855,0.75,0.476,0.23,0
10355,44,1,5,0.786,0.522,0.653,0.0,0.215,-0.017,0
10356,60,1,5,0.78,0.626,0.7,1.0,0.229,0.062,0
10357,44,0,5,0.779,0.554,0.742,0.25,0.221,0.062,0
10358,84,1,11,0.889,0.568,0.984,0.5,0.484,0.443,0
10359,79,0,6,0.737,0.772,0.717,0.25,0.203,-0.021,0
10360,37,0,11,1.01,0.437,0.636,0.0,0.224,0.221,0
10361,65,1,5,0.955,0.571,0.852,0.5,0.272,0.337,0
10362,44,1,6,1.162,0.541,0.665,0.5,0.029,0.458,0
10363,79,1,3,0.785,0.664,0.734,0.0,0.335,0.135,0
10364,60,1,10,0.931,0.488,0.817,1.0,0.29,0.06,0
10365,67,0,9,0.641,0.496,0.766,0.5,0.317,-0.102,0
10366,55,0,9,1.05,0.694,0.635,0.5,0.272,0.495,0
10367,41,1,10,1.011,0.479,1.284,0.5,0.694,0.509,0
10368,40,1,4,0.881,0.606,0.776,0.25,0.287,0.052,0
10369,64,0,10,0.854,0.38,0.868,0.5,0.527,0.023,1
10370,63,0,7,1.087,0.524,1.192,1.0,0.866,0.259,0
10371,83,0,3,0.781,0.692,0.747,0.0,0.165,0.024,0
10372,66,1,7,0.888,0.58,0.562,0.0,-0.052,0.179,0
10373,67,0,11,0.881,0.69,0.853,0.75,0.419,0.113,1
10374,33,1,6,0.821,0.639,0.622,0.25,0.037,-0.04,0
10375,32,0,8,0.741,0.548,0.735,0.75,0.113,0.065,0
10376,50,0,6,1.093,0.559,0.534,0.25,0.024,0.48,0
10377,79,0,8,0.831,0.619,0.359,0.0,-0.048,0.411,0
10378,59,0,8,0.806,0.673,0.811,0.75,0.376,0.169,0
10379,66,0,10,0.776,0.442,0.378,1.0,-0.075,0.109,0
10380,62,0,11,1.091,0.388,0.92,0.25,0.653,0.374,0
10381,56,1,3,0.731,0.666,0.522,0.0,-0.061,-0.043,0
10382,83,1,3,0.759,0.736,0.355,0.0,-0.009,-0.077,0
10383,41,1,3,0.855,0.618,0.719,0.0,0.375,0.316,0
10384,30,1,8,0.882,0.635,0.976,0.25,0.555,-0.082,0
10385,58,0,7,0.904,0.64,0.879,0.25,0.543,0.35,0
10386,64,0,10,0.996,0.667,0.662,0.0,0.259,0.18,0
10387,77,1,5,1.097,0.44,0.559,0.0,0.158,0.348,0
10388,37,1,11,1.073,0.7,0.987,0.0,0.285,0.501,0
10389,52,0,10,1.022,0.7,1.0,0.0,0.538,0.264,0
10390,84,0,10,0.812,0.583,0.828,0.0,0.174,0.004,0
10391,57,1,6,0.938,0.547,0.789,0.0,0.399,0.267,0
10392,69,0,8,0.829,0.544,0.445,0.5,0.186,0.157,0
10393,33,0,4,0.792,0.709,0.493,0.0,0.015,-0.124,0
10394,73,0,9,0.982,0.695,0.868,0.0,0.772,0.029,0
10395,68,0,5,0.73,0.501,0.76,0.0,0.071,-0.048,0
10396,55,0,7,0.7,0.622,0.58,0.75,0.324,-0.255,0
10397,46,0,12,0.931,0.427,0.967,0.5,0.554,0.058,0
10398,62,0,8,0.892,0.632,0.7,0.25,0.188,0.068,0
10399,52,1,10,1.092,0.634,0.865,0.25,0.221,0.35,0
10400,41,0,12,1.067,0.644,0.763,0.25,0.222,0.222,0
10401,43,1,11,0.839,0.555,0.945,0.25,0.82,0.021,0
10402,46,1,8,0.838,0.444,1.03,0.0,0.53,0.138,0
10403,66,1,5,0.818,0.554,0.885,1.0,0.204,0.278,0
10404,79,0,4,0.729,0.616,0.6,0.0,-0.059,0.018,0
10405,51,0,6,0.914,0.64,0.949,0.0,0.249,0.165,0
10406,46,1,8,0.877,0.44,0.691,0.25,0.214,0.06,0
10407,40,1,6,0.968,0.786,0.833,1.0,0.134,0.066,0
10408,40,0,12,1.051,0.592,0.411,0.75,-0.227,0.345,0
10409,64,0,10,0.991,0.588,0.788,0.0,0.316,-0.039,0
10410,58,0,12,1.012,0.605,0.741,0.75,0.119,0.246,0
10411,66,1,9,0.962,0.449,0.986,0.25,0.36,0.193,0
10412,33,0,7,0.958,0.511,0.687,0.5,0.161,0.265,0
10413,77,1,5,0.756,0.45,0.626,0.0,-0.201,-0.063,0
10414,71,0,11,0.972,0.589,0.824,0.0,0.432,0.401,0
10415,67,1,7,0.697,0.7,0.675,0.0,0.292,-0.287,0
10416,48,1,10,0.703,0.44,0.84,1.0,0.193,0.044,0
10417,32,0,5,0.7,0.715,0.551,0.5,0.204,0.061,0
10418,67,1,10,0.924,0.647,0.836,0.75,0.341,0.42,0
10419,74,0,7,0.711,0.471,0.994,0.25,0.531,0.075,0
10420,65,1,12,0.903,0.598,0.99,0.5,0.728,0.134,0
10421,56,1,9,0.81,0.522,0.816,0.5,0.116,0.096,0
10422,66,1,12,0.884,0.517,1.266,0.75,0.8,0.251,0
10423,39,1,10,0.97,0.635,1.006,0.0,0.516,0.274,0
10424,73,0,10,0.865,0.582,0.865,0.0,0.176,0.126,0
10425,42,1,8,0.702,0.624,0.676,0.25,0.092,-0.111,0
10426,51,0,11,0.867,0.464,1.223,0.0,0.675,0.26,0
10427,61,1,9,0.838,0.428,0.73,0.5,0.365,0.036,0
10428,72,0,6,1.154,0.606,0.674,0.0,0.214,0.537,0
10429,54,1,6,0.764,0.546,0.661,0.0,0.402,0.229,0
10430,35,0,7,0.983,0.578,0.647,0.0,-0.053,0.113,0
10431,36,1,3,1.032,0.72,0.42,0.25,-0.227,0.372,0
10432,59,1,6,0.708,0.574,0.7,0.0,0.022,0.046,0
10433,78,0,9,0.898,0.596,0.51,0.0,0.257,0.217,0
10434,43,1,7,1.025,0.557,0.755,0.0,0.401,0.42,0
10435,42,0,12,0.79,0.675,0.9,0.0,0.545,-0.162,0
10436,75,1,6,0.818,0.653,0.614,0.75,0.109,0.082,0
10437,48,1,4,0.725,0.687,0.661,1.0,0.26,0.03,0
10438,35,0,4,0.71,0.613,0.581,0.0,0.258,0.006,0
10439,53,1,7,0.832,0.453,0.845,0.25,0.341,0.168,0
10440,71,1,10,0.83,0.471,0.71,0.0,0.381,0.13,0
10441,67,0,12,1.097,0.45,0.906,0.75,0.619,0.397,0
10442,52,1,12,0.615,0.565,0.883,0.0,0.52,-0.181,0
10443,80,1,9,1.004,0.497,1.262,0.0,0.701,0.443,0
10444,51,1,6,0.731,0.628,0.707,0.0,0.29,0.115,0
10445,59,1,8,0.781,0.606,0.552,0.0,0.299,0.127,0
10446,43,1,9,1.105,0.531,0.828,0.5,0.494,0.359,0
10447,80,0,5,0.868,0.552,0.305,0.0,-0.479,0.112,0
10448,32,0,5,0.706,0.677,0.577,0.0,-0.123,-0.002,0
10449,37,0,5,0.713,0.558,0.731,0.75,0.251,-0.137,0
10450,52,0,5,0.714,0.553,0.422,0.0,0.273,-0.334,0
10451,56,0,6,0.979,0.514,0.511,0.0,0.301,0.361,0
10452,84,0,7,0.907,0.592,0.953,0.0,0.447,0.054,0
10453,74,0,8,1.055,0.6,0.884,0.0,0.714,0.119,0
10454,47,1,6,0.703,0.602,0.809,0.0,0.536,-0.068,0
10455,71,0,5,0.9,0.632,0.667,0.0,0.265,0.215,0
10456,83,0,3,0.729,0.573,0.406,1.0,-0.212,0.103,0
10457,62,1,10,0.942,0.57,1.196,0.0,0.637,0.035,0
10458,77,0,8,1.024,0.615,0.623,0.5,0.234,0.435,0
10459,77,1,12,0.949,0.423,1.091,0.0,0.501,0.154,0
10460,37,0,12,1.09,0.455,0.894,0.0,0.386,0.22,0
10461,57,0,5,0.647,0.291,0.826,0.25,0.405,-0.33,0
10462,45,0,9,0.919,0.568,0.796,0.5,0.41,0.225,0
10463,31,0,12,1.065,0.533,0.861,0.5,0.52,0.324,0
10464,74,1,9,0.938,0.571,1.162,0.0,0.634,0.43,0
10465,35,1,7,0.853,0.558,0.816,0.0,0.462,0.232,0
10466,80,1,4,0.695,0.635,0.741,0.25,0.239,-0.046,0
10467,46,0,6,0.802,0.603,0.699,0.0,-0.022,0.006,0
10468,44,0,12,1.002,0.625,0.905,1.0,0.241,0.202,0
10469,81,0,12,1.113,0.509,0.965,0.0,0.622,0.363,0
10470,67,1,9,0.95,0.501,0.603,0.25,-0.097,0.353,0
10471,64,0,9,1.015,0.492,0.962,0.5,0.262,0.283,0
10472,81,1,10,1.047,0.507,0.813,0.0,0.581,0.321,0
10473,74,0,8,0.893,0.479,0.592,0.75,0.213,-0.042,0
10474,82,1,9,0.923,0.631,1.229,0.5,0.501,0.133,1
10475,61,0,4,0.7,0.602,0.56,0.0,0.102,-0.045,0
10476,50,0,9,0.898,0.695,0.888,0.5,0.188,0.158,0
10477,70,1,7,1.164,0.538,0.388,0.5,-0.123,0.412,1
10478,40,1,10,1.022,0.42,0.888,0.75,0.549,-0.024,0
10479,50,0,4,0.731,0.609,0.8,0.0,0.212,-0.058,0
10480,33,1,7,0.771,0.566,0.847,0.0,0.133,0.195,0
10481,82,1,5,0.792,0.657,0.674,0.0,0.141,-0.005,0
10482,69,1,3,0.718,0.534,0.49,0.5,-0.14,-0.082,0
10483,66,1,5,1.048,0.644,0.592,0.0,-0.15,0.062,0
10484,57,1,4,0.615,0.734,0.342,0.0,-0.157,-0.18,0
10485,78,1,4,0.861,0.483,0.691,1.0,0.108,0.031,1
10486,45,0,5,0.798,0.578,0.427,0.25,-0.14,0.049,0
10487,76,0,3,0.78,0.513,0.378,0.25,0.146,0.051,0
10488,42,0,7,1.036,0.552,0.873,0.0,0.253,0.342,0
10489,72,1,5,0.797,0.551,0.483,0.0,0.073,-0.058,0
10490,68,0,9,1.016,0.532,1.097,0.75,0.484,0.261,0
10491,45,0,8,0.887,0.636,0.618,0.0,0.357,0.315,0
10492,45,1,5,0.851,0.667,1.054,0.75,0.736,0.096,0
10493,66,1,6,0.872,0.571,0.567,0.25,0.13,0.173,0
10494,58,1,12,0.897,0.645,0.814,0.0,0.513,0.137,0
10495,64,0,3,0.743,0.554,0.583,0.0,-0.057,0.328,0
10496,50,0,11,0.748,0.586,0.792,0.0,0.381,-0.001,0
10497,32,0,12,0.966,0.443,1.234,0.0,0.563,0.249,0
10498,54,0,11,0.719,0.637,0.768,0.0,0.492,0.074,0
10499,65,1,9,0.984,0.565,0.543,0.5,0.254,-0.051,0
10500,41,1,12,1.019,0.433,0.839,0.0,0.083,0.395,0
10501,53,0,5,0.99,0.647,0.632,0.5,0.024,0.16,0
10502,35,1,9,0.886,0.612,1.025,0.0,0.545,0.305,0
10503,83,0,12,0.959,0.552,0.828,0.5,0.498,0.128,0
10504,83,0,6,0.778,0.739,0.708,0.0,0.025,0.112,0
10505,70,0,11,1.067,0.629,0.793,0.0,0.416,0.403,0
10506,75,1,5,0.974,0.541,0.684,0.75,0.006,0.226,1
10507,81,0,3,0.743,0.583,0.7,0.0,0.056,0.156,0
10508,32,1,5,0.918,0.59,0.52,0.0,0.257,0.035,0
10509,61,1,8,0.702,0.637,0.76,0.0,0.197,-0.01,0
10510,77,1,6,0.733,0.77,0.711,0.0,0.275,-0.109,0
10511,71,0,11,0.906,0.579,0.695,0.0,0.199,0.002,0
10512,40,0,6,0.968,0.564,0.689,0.0,0.082,0.21,0
10513,51,1,3,0.814,0.596,0.791,1.0,0.732,0.052,0
10514,72,1,7,0.568,0.554,1.074,1.0,0.593,-0.141,0
10515,75,1,7,0.822,0.642,0.959,0.0,0.572,0.02,0
10516,48,1,6,1.006,0.579,0.527,1.0,-0.081,0.079,0
10517,42,0,10,1.133,0.584,0.689,0.5,0.294,0.298,0
10518,43,0,12,1.012,0.528,0.732,0.0,0.46,0.565,0
10519,70,1,7,0.946,0.629,0.537,0.0,0.157,0.488,0
10520,75,1,11,1.186,0.592,0.509,0.0,-0.161,0.403,1
10521,76,0,11,0.944,0.584,0.972,0.75,0.507,0.11,0
10522,58,0,6,0.919,0.603,0.748,0.5,0.351,-0.08,0
10523,78,0,8,0.945,0.418,1.111,1.0,0.708,0.315,0
10524,75,1,12,0.986,0.624,0.937,0.0,0.585,0.295,0
10525,72,0,11,1.15,0.685,0.778,0.0,0.248,0.528,0
10526,46,0,8,0.815,0.469,0.79,0.0,0.575,0.018,0
10527,34,0,6,0.808,0.561,0.465,1.0,0.234,0.108,0
10528,58,1,8,0.837,0.612,0.67,0.5,0.397,-0.128,0
10529,66,0,11,0.934,0.523,0.99,0.75,0.605,0.27,0
10530,62,0,10,1.044,0.587,0.774,0.0,0.177,0.093,0
10531,49,0,3,0.634,0.529,0.502,0.0,0.055,-0.155,0
10532,66,1,11,1.027,0.587,0.957,0.0,0.328,0.287,0
10533,52,1,9,0.793,0.475,0.83,0.0,0.457,0.146,0
10534,63,0,12,0.967,0.746,1.116,0.75,0.853,0.109,0
10535,44,1,7,0.793,0.616,0.834,0.0,0.446,-0.066,0
10536,70,1,8,0.716,0.474,1.057,0.0,0.389,0.12,0
10537,84,0,3,0.794,0.65,0.734,0.0,0.449,0.289,0
10538,65,0,3,0.813,0.478,0.591,0.5,0.422,0.061,0
10539,79,1,8,0.884,0.548,0.787,1.0,0.371,-0.119,1
10540,65,1,6,0.572,0.642,0.671,0.0,-0.12,-0.424,0
10541,79,1,8,0.774,0.574,0.863,0.75,0.341,0.019,0
10542,30,0,8,0.812,0.5,0.721,0.0,0.179,0.039,0
10543,40,0,12,1.121,0.7,0.682,0.5,0.255,0.421,0
10544,36,0,7,0.7,0.524,0.575,1.0,0.073,-0.06,0
10545,39,1,7,0.7,0.561,0.651,0.5,-0.059,0.06,0
10546,82,0,11,1.07,0.496,0.785,0.75,0.452,0.33,1
10547,53,0,4,0.876,0.7,0.598,0.25,0.035,0.076,0
10548,36,0,11,1.084,0.613,0.654,1.0,0.083,0.299,0
10549,79,1,10,0.821,0.476,0.679,0.0,0.246,0.083,0
10550,65,1,12,1.147,0.594,0.863,0.0,0.276,0.332,0
10551,54,0,3,0.669,0.652,0.657,0.5,0.12,-0.128,0
10552,70,0,8,0.844,0.635,0.712,0.0,0.145,-0.062,0
10553,32,0,7,0.583,0.542,0.696,0.75,0.548,-0.061,0
10554,53,1,3,0.863,0.518,0.534,0.0,0.413,0.351,0
10555,47,1,10,0.784,0.592,1.004,0.0,0.396,0.056,0
10556,53,0,8,0.7,0.613,0.815,0.75,0.368,-0.108,0
10557,82,1,8,0.928,0.606,0.814,0.0,0.122,0.167,0
10558,67,0,3,0.881,0.53,0.504,0.0,-0.028,0.256,0
10559,55,0,8,0.815,0.688,0.673,0.0,0.194,-0.186,0
10560,50,1,4,0.854,0.525,0.534,0.0,0.136,0.007,0
10561,42,0,9,0.784,0.665,0.912,1.0,0.438,0.095,0
10562,37,0,6,1.016,0.555,0.938,0.5,0.246,0.194,0
10563,33,1,12,1.004,0.491,0.856,0.5,0.373,0.218,0
10564,57,1,5,0.755,0.522,0.65,0.0,0.087,0.121,0
10565,59,1,7,1.033,0.591,0.846,0.25,0.644,0.251,0
10566,35,0,9,0.854,0.552,0.672,0.0,0.256,0.175,0
10567,78,1,8,0.818,0.505,0.577,0.25,0.123,-0.014,1
10568,30,1,12,0.956,0.604,1.007,0.0,0.324,0.252,0
10569,74,1,10,1.236,0.441,0.681,0.75,0.343,0.506,0
10570,82,1,9,0.899,0.532,0.524,0.75,0.275,0.046,1
10571,45,1,7,0.825,0.495,0.7,0.0,0.185,0.106,0
10572,58,1,5,0.7,0.6,0.685,0.5,0.157,-0.0,0
10573,81,1,7,0.873,0.665,0.607,0.0,-0.161,0.337,0
10574,42,0,10,0.852,0.432,1.055,0.75,0.563,-0.026,0
10575,34,0,5,0.827,0.568,0.392,0.0,-0.105,0.116,0
10576,71,0,3,0.794,0.656,0.7,0.25,0.243,0.041,0
10577,34,1,10,1.072,0.486,0.731,0.5,0.162,0.543,0
10578,34,0,4,0.6,0.587,0.572,0.0,0.13,-0.199,0
10579,43,0,6,0.988,0.641,0.624,0.5,0.07,0.35,0
10580,50,1,7,0.839,0.532,1.065,0.75,0.464,0.051,0
10581,55,0,11,0.991,0.608,0.761,0.0,0.325,0.201,0
10582,71,0,12,0.74,0.517,0.776,0.0,0.096,0.071,0
10583,63,1,8,0.937,0.583,0.7,1.0,0.368,0.146,0
10584,39,1,3,0.717,0.669,0.6,1.0,0.396,-0.059,0
10585,82,0,10,0.92,0.578,0.885,0.25,0.42,0.213,0
10586,55,0,12,0.894,0.421,1.063,0.0,0.612,0.115,0
10587,40,1,12,0.974,0.562,0.955,0.0,0.288,0.379,0
10588,39,1,12,0.756,0.469,0.796,1.0,0.31,-0.032,0
10589,76,0,6,0.717,0.613,1.073,0.0,0.532,0.146,0
10590,55,1,8,0.741,0.64,0.67,0.0,0.113,-0.21,0
10591,49,0,12,0.99,0.567,0.831,0.0,0.166,0.22,0
10592,76,1,10,0.884,0.541,0.907,0.0,0.468,0.023,0
10593,72,1,5,0.996,0.644,0.216,0.5,-0.695,0.168,0
10594,50,1,10,0.929,0.547,0.826,0.0,0.503,-0.021,0
10595,71,1,8,0.771,0.525,0.622,0.0,0.284,0.068,0
10596,42,1,3,0.83,0.689,0.704,1.0,0.125,0.137,0
10597,73,1,12,1.395,0.549,0.782,1.0,0.52,0.927,0
10598,81,1,12,1.016,0.536,0.796,0.25,0.428,0.086,0
10599,31,1,11,0.897,0.626,0.806,0.0,0.255,-0.158,0
10600,58,1,9,1.063,0.478,0.642,0.0,0.047,0.756,0
10601,83,1,3,0.911,0.717,0.403,0.0,-0.054,-0.032,0
10602,47,0,12,1.117,0.428,1.272,0.0,0.753,0.147,0
10603,76,0,10,0.945,0.513,0.963,0.75,0.783,0.281,0
10604,69,0,7,0.884,0.613,0.713,0.0,-0.07,-0.064,0
10605,57,0,11,1.066,0.4,0.825,1.0,0.242,0.366,0
10606,81,1,5,0.782,0.51,0.735,1.0,-0.107,-0.064,1
10607,35,1,11,0.7,0.743,1.091,0.25,0.74,-0.102,0
10608,67,1,11,0.795,0.582,0.741,0.0,0.122,0.393,0
10609,40,1,3,0.857,0.64,0.674,0.5,0.256,0.015,0
10610,37,1,5,0.888,0.638,0.462,0.0,-0.238,0.182,0
10611,45,0,6,0.865,0.677,0.683,0.0,0.162,0.103,0
10612,77,1,8,0.813,0.563,1.0,0.0,0.339,-0.037,0
10613,52,0,12,0.972,0.519,0.935,0.0,0.425,0.008,0
10614,59,0,10,0.792,0.625,0.929,0.0,0.431,0.226,0
10615,30,0,12,0.829,0.7,0.752,0.0,0.284,0.091,0
10616,38,0,7,0.745,0.633,0.641,0.0,0.542,0.023,0
10617,68,1,7,0.861,0.599,0.713,0.0,0.217,-0.025,0
10618,53,0,6,1.042,0.651,0.8,0.75,0.238,0.396,1
10619,54,0,9,0.993,0.485,0.625,0.0,0.268,0.397,0
10620,80,1,8,0.783,0.579,0.771,0.5,0.288,0.277,0
10621,60,1,3,0.836,0.485,0.332,0.0,-0.189,0.146,0
10622,53,0,5,0.695,0.545,0.48,0.0,-0.087,0.102,0
10623,42,1,7,1.022,0.635,0.6,0.0,-0.139,0.308,0
10624,76,1,10,1.067,0.616,0.811,1.0,0.532,0.191,1
10625,60,0,12,0.925,0.63,1.041,0.25,0.625,-0.107,0
10626,35,1,6,1.13,0.637,0.917,1.0,0.583,0.368,0
10627,70,1,3,0.726,0.534,0.512,0.0,-0.02,-0.153,0
10628,55,1,3,0.809,0.733,0.788,0.25,0.561,0.149,0
10629,59,0,4,0.7,0.693,0.517,0.0,0.426,0.132,0
10630,71,1,10,1.071,0.435,0.616,0.25,-0.198,0.368,0
10631,43,1,7,0.99,0.634,0.98,1.0,0.579,0.143,0
10632,34,1,10,1.024,0.7,0.963,0.0,0.485,0.531,0
10633,72,0,12,0.812,0.533,1.5,0.5,1.073,0.138,0
10634,82,1,12,0.7,0.527,0.886,0.0,0.746,0.127,0
10635,65,1,8,0.846,0.556,0.633,0.0,0.044,0.114,0
10636,54,1,11,0.968,0.378,0.767,0.0,0.397,0.096,0
10637,48,1,8,0.952,0.622,0.672,0.0,0.195,0.196,0
10638,51,1,9,0.683,0.691,0.735,0.0,0.349,0.115,0
10639,39,0,12,0.89,0.628,0.624,0.75,0.233,0.132,0
10640,31,0,5,0.688,0.506,0.85,0.0,0.651,0.022,0
10641,60,0,11,0.934,0.59,0.778,0.0,0.157,0.091,0
10642,44,0,4,0.677,0.513,0.497,1.0,0.157,-0.114,0
10643,74,1,4,0.952,0.55,0.356,0.25,-0.344,0.125,0
10644,48,1,5,0.818,0.624,0.631,0.5,0.205,0.05,0
10645,42,1,5,0.835,0.649,0.836,0.0,0.264,-0.082,0
10646,31,1,8,0.875,0.694,0.595,0.0,0.237,0.056,0
10647,56,1,5,0.795,0.582,0.68,1.0,0.431,0.012,0
10648,48,0,3,0.912,0.594,0.564,0.0,0.182,0.283,0
10649,56,0,6,0.704,0.721,0.764,0.25,0.405,-0.024,0
10650,53,0,4,0.767,0.613,0.493,0.25,-0.131,0.215,0
10651,74,1,3,0.8,0.628,0.621,0.0,-0.08,-0.09,1
10652,56,1,8,1.045,0.629,0.896,0.0,0.691,0.58,0
10653,62,0,11,0.777,0.58,0.978,0.0,0.582,0.077,0
10654,63,0,12,0.935,0.472,0.752,0.75,0.308,0.282,0
10655,74,0,11,0.934,0.55,1.09,0.5,0.462,0.213,0
10656,77,0,12,0.791,0.431,0.761,0.25,0.061,-0.19,0
10657,44,1,9,0.992,0.463,0.937,0.0,0.4,0.063,0
10658,68,0,5,1.052,0.6,0.532,0.75,0.092,0.36,0
10659,52,0,6,0.883,0.611,0.864,0.0,0.585,-0.007,0
10660,53,1,6,0.968,0.593,0.7,0.75,0.144,0.174,0
10661,46,0,6,1.036,0.637,0.626,1.0,0.389,0.236,0
10662,39,1,5,0.806,0.73,0.611,1.0,0.399,0.245,0
10663,39,0,5,0.937,0.515,0.537,0.0,-0.193,0.16,0
10664,70,1,5,0.763,0.646,0.671,0.0,0.313,-0.119,0
10665,77,1,3,0.53,0.693,0.298,0.75,-0.119,-0.156,0
10666,74,1,8,0.859,0.558,0.603,0.0,0.038,0.17,0
10667,81,0,5,0.728,0.6,0.517,0.0,0.027,0.015,0
10668,31,1,10,0.98,0.58,0.772,0.0,0.287,0.135,0
10669,63,0,8,0.962,0.473,0.69,0.5,0.363,0.153,0
10670,78,0,3,0.892,0.626,0.353,0.0,-0.006,0.069,0
10671,35,0,6,0.809,0.598,0.93,1.0,0.259,-0.006,0
10672,83,0,3,0.846,0.614,0.367,0.0,-0.336,0.16,0
10673,56,0,7,0.969,0.649,0.849,0.0,0.173,0.032,0
10674,81,0,8,0.721,0.626,0.27,0.0,-0.027,-0.047,0
10675,81,1,3,0.746,0.591,0.441,1.0,0.068,0.023,0
10676,58,0,9,0.907,0.537,1.048,1.0,0.241,0.246,0
10677,69,0,10,0.912,0.641,0.777,0.0,0.374,0.091,0
10678,81,1,10,1.127,0.622,0.652,0.0,0.33,0.071,1
10679,68,0,10,1.097,0.491,0.934,0.75,0.514,0.213,0
10680,72,0,11,0.812,0.568,0.699,0.0,0.025,0.009,0
10681,55,0,11,0.805,0.502,0.748,0.5,0.415,0.098,0
10682,70,1,5,0.845,0.7,0.539,0.25,0.052,0.194,0
10683,56,0,12,1.167,0.64,0.693,0.0,0.144,0.53,0
10684,78,1,8,0.824,0.571,0.503,0.5,-0.308,-0.2,0
10685,61,0,12,1.012,0.704,0.791,0.0,0.602,0.289,0
10686,31,0,8,0.838,0.656,0.943,0.0,0.243,0.072,0
10687,81,0,4,0.663,0.677,0.459,0.25,0.131,-0.245,0
10688,31,0,7,0.885,0.56,0.751,0.75,0.099,0.155,0
10689,77,1,8,0.958,0.533,0.725,0.25,0.237,0.293,0
10690,44,1,11,0.885,0.623,0.866,1.0,0.453,0.173,0
10691,30,0,3,0.729,0.617,0.625,1.0,0.075,-0.058,0
10692,32,0,5,0.851,0.472,0.658,0.0,0.172,-0.031,0
10693,70,0,3,0.973,0.571,0.471,0.5,0.072,0.23,0
10694,80,1,6,0.848,0.546,0.595,0.0,0.111,0.132,1
10695,32,0,11,1.181,0.527,1.076,0.0,0.941,0.481,0
10696,78,1,8,0.887,0.655,0.94,1.0,0.467,-0.051,1
10697,57,0,3,0.769,0.59,0.849,0.25,0.338,-0.003,0
10698,39,1,11,0.757,0.573,0.949,0.75,0.503,-0.103,0
10699,69,0,10,1.027,0.511,0.863,0.0,0.163,0.112,0
10700,65,1,8,0.85,0.745,0.894,0.25,0.268,0.226,0
10701,69,0,11,1.136,0.564,0.797,0.0,0.239,0.535,0
10702,33,0,3,0.883,0.687,0.23,0.0,-0.168,0.064,0
10703,68,1,12,1.2,0.599,0.965,0.5,0.555,0.372,0
10704,69,0,10,0.919,0.538,0.671,0.5,0.232,0.041,0
10705,44,1,5,0.72,0.65,0.627,0.0,-0.073,0.07,0
10706,40,0,10,0.811,0.717,0.867,0.25,0.107,-0.088,0
10707,53,0,5,0.928,0.557,0.63,0.75,0.064,0.369,0
10708,65,0,11,0.868,0.524,1.014,1.0,0.819,0.035,0
10709,35,0,4,0.866,0.751,0.485,0.0,-0.039,0.078,0
10710,68,0,7,1.036,0.574,0.837,0.0,0.531,0.406,0
10711,52,1,10,0.84,0.669,0.826,0.0,0.16,0.223,0
10712,31,0,8,0.999,0.532,0.681,0.0,0.167,0.312,0
10713,68,1,4,0.904,0.408,0.722,0.0,0.256,0.182,0
10714,44,1,5,0.923,0.7,0.443,0.0,-0.286,0.18,0
10715,53,1,8,0.857,0.676,0.351,0.0,-0.231,0.219,0
10716,31,0,5,0.973,0.605,0.667,0.0,0.366,0.254,0
10717,49,1,6,0.778,0.657,0.497,0.25,0.036,0.134,0
10718,52,1,7,0.727,0.691,0.498,0.0,0.037,-0.256,0
10719,60,0,5,0.827,0.571,0.239,0.75,-0.344,0.161,0
10720,73,0,11,1.067,0.553,0.834,0.75,0.618,0.295,0
10721,72,1,11,0.7,0.52,0.94,0.25,0.631,-0.127,1
10722,69,0,5,0.798,0.5,0.671,0.0,0.314,-0.04,0
10723,59,1,11,0.824,0.549,0.882,0.0,0.182,0.038,0
10724,41,1,3,0.857,0.618,0.281,0.0,-0.145,0.245,0
10725,63,1,10,0.913,0.487,0.988,0.25,0.37,0.213,0
10726,36,0,12,0.996,0.581,0.836,0.0,0.428,0.286,0
10727,65,1,4,0.726,0.562,0.543,1.0,-0.054,-0.031,0
10728,62,0,3,0.809,0.527,0.405,0.5,0.026,0.2,0
10729,48,1,4,0.784,0.584,0.397,0.0,-0.056,0.0,0
10730,79,0,5,0.973,0.494,0.466,0.0,-0.038,0.144,0
10731,54,1,4,0.59,0.692,0.473,0.0,0.151,-0.167,0
10732,83,0,7,0.815,0.542,0.609,1.0,-0.172,0.131,0
10733,69,1,9,0.832,0.7,0.731,0.0,0.26,-0.089,0
10734,78,0,7,0.766,0.625,0.608,0.0,0.456,0.08,0
10735,62,1,7,0.647,0.56,0.751,0.25,0.206,-0.209,0
10736,39,0,5,0.846,0.7,0.845,0.0,0.459,0.165,0
10737,70,1,4,0.859,0.663,0.275,0.0,-0.133,0.263,0
10738,64,1,6,0.904,0.519,0.888,0.0,0.552,0.101,0
10739,68,1,9,0.779,0.525,0.715,0.25,0.149,-0.212,0
10740,45,0,4,0.936,0.645,0.348,0.5,-0.164,0.06,0
10741,42,0,10,0.974,0.607,1.02,0.0,0.285,0.146,0
10742,83,1,4,0.708,0.569,0.764,0.0,0.074,-0.039,0
10743,50,1,6,0.931,0.424,0.375,0.5,-0.318,0.297,0
10744,84,0,10,1.029,0.655,0.817,0.0,0.359,0.153,0
10745,31,0,12,0.823,0.475,1.133,0.75,0.567,0.121,0
10746,32,0,3,0.73,0.509,0.544,0.0,0.107,0.03,0
10747,79,1,11,1.085,0.414,0.657,0.0,0.28,0.468,0
10748,54,0,3,0.861,0.571,0.508,0.0,0.043,0.088,0
10749,73,0,8,0.954,0.574,0.876,0.0,0.44,-0.017,0
10750,46,0,3,0.847,0.596,0.504,0.0,-0.196,-0.004,0
10751,64,1,8,1.009,0.667,0.829,0.0,0.359,0.163,0
10752,77,1,3,0.773,0.652,0.277,0.25,-0.285,0.194,0
10753,72,0,3,0.897,0.723,0.852,0.5,0.428,0.154,0
10754,66,1,10,0.732,0.596,1.193,0.5,0.621,0.032,0
10755,45,0,11,1.017,0.491,0.991,0.25,0.413,0.42,0
10756,70,0,6,0.94,0.595,0.596,1.0,-0.044,0.099,0
10757,78,0,11,1.266,0.568,0.686,0.0,0.084,0.413,0
10758,51,1,7,0.909,0.54,0.904,0.0,0.714,0.295,0
10759,46,1,6,0.827,0.578,0.536,0.0,-0.13,0.037,0
10760,37,0,11,0.836,0.654,0.981,0.0,0.721,0.093,0
10761,76,0,11,0.81,0.413,0.779,0.5,0.528,0.072,0
10762,70,1,5,0.868,0.633,0.504,0.0,0.014,0.162,0
10763,74,1,11,1.002,0.636,0.606,0.0,0.101,0.415,0
10764,77,1,12,1.011,0.451,1.363,0.25,1.001,0.281,0
10765,83,0,6,0.879,0.563,0.323,0.0,0.03,0.153,0
10766,78,1,5,0.692,0.596,0.523,0.0,0.287,-0.075,0
10767,77,1,4,0.916,0.618,0.651,0.0,0.222,0.08,0
10768,43,0,9,0.935,0.589,0.717,0.5,0.45,0.274,0
10769,61,0,12,0.864,0.7,0.803,0.0,0.407,0.272,0
10770,67,0,12,0.807,0.582,0.7,0.5,-0.014,0.104,0
10771,67,0,11,1.162,0.536,0.728,0.25,0.242,0.479,0
10772,69,1,8,0.795,0.54,0.973,0.25,0.087,0.033,0
10773,72,0,3,0.764,0.694,0.764,0.75,-0.088,-0.015,1
10774,47,1,7,0.921,0.776,0.609,0.5,0.191,0.355,0
10775,60,1,6,0.915,0.622,0.533,0.0,0.225,0.006,0
10776,44,0,10,0.817,0.423,0.773,0.0,0.361,0.105,0
10777,62,1,11,0.865,0.452,0.284,0.0,-0.084,0.007,0
10778,57,1,9,0.783,0.61,0.649,0.75,0.141,-0.079,0
10779,49,1,10,0.887,0.482,0.857,0.0,0.577,0.106,0
10780,63,1,5,0.786,0.606,0.811,1.0,0.227,-0.095,0
10781,49,0,3,0.901,0.706,0.517,0.75,-0.027,0.086,0
10782,30,0,11,0.782,0.631,0.716,1.0,0.419,-0.129,0
10783,64,0,4,0.891,0.543,0.529,0.0,0.131,0.132,0
10784,53,1,9,0.788,0.59,0.645,0.75,0.177,-0.038,0
10785,72,1,10,0.89,0.645,0.949,1.0,0.47,0.193,0
10786,42,0,11,0.686,0.481,0.967,0.5,0.805,0.05,0
10787,57,0,3,0.756,0.565,0.924,0.5,0.155,0.211,0
10788,57,0,12,0.844,0.533,1.098,0.0,0.552,0.049,0
10789,78,1,10,0.706,0.619,0.86,0.0,0.617,0.006,1
10790,77,1,7,0.756,0.546,0.825,0.25,0.532,0.114,1
10791,72,1,12,1.039,0.587,0.772,0.0,-0.045,0.262,0
10792,35,1,6,0.741,0.565,0.472,0.25,-0.458,0.048,0
10793,79,0,6,0.7,0.516,0.734,0.0,0.45,-0.086,0
10794,36,0,4,0.853,0.566,0.61,0.0,0.158,0.244,0
10795,58,1,4,0.705,0.532,0.413,0.5,-0.256,-0.206,0
10796,46,1,10,0.988,0.485,0.891,0.75,0.289,0.502,0
10797,56,1,3,0.726,0.659,0.525,0.0,-0.002,0.017,0
10798,40,1,12,1.044,0.514,1.256,0.0,0.942,0.203,0
10799,73,0,6,1.072,0.539,1.097,0.0,0.733,0.204,0
10800,30,0,11,0.863,0.645,0.899,1.0,0.612,0.138,0
10801,55,0,4,0.92,0.624,0.412,0.25,-0.161,0.193,0
10802,43,0,5,0.749,0.646,0.563,0.5,0.158,0.121,0
10803,38,0,3,0.507,0.677,0.769,0.25,0.225,-0.278,0
10804,38,0,5,0.721,0.561,0.806,0.0,0.106,0.033,0
10805,44,1,11,0.947,0.603,0.827,0.75,0.624,0.047,0
10806,76,1,10,0.987,0.647,0.899,0.25,0.191,0.433,1
10807,57,0,6,1.151,0.569,0.864,0.0,0.288,0.181,0
10808,79,1,6,0.976,0.611,0.791,1.0,0.299,0.144,0
10809,66,1,4,0.972,0.715,0.341,0.0,-0.081,0.211,0
10810,76,1,5,0.847,0.567,0.359,1.0,-0.243,0.29,1
10811,33,1,7,0.773,0.754,0.558,0.0,0.34,-0.206,0
10812,62,1,12,1.077,0.393,0.695,0.0,0.093,0.438,0
10813,82,1,11,0.722,0.527,0.932,1.0,0.416,0.012,1
10814,72,0,10,0.947,0.643,1.028,0.25,0.51,0.281,0
10815,74,0,6,0.882,0.699,0.634,0.25,0.132,0.112,0
10816,66,1,10,0.924,0.556,0.697,0.5,-0.003,0.233,0
10817,30,1,4,0.671,0.567,0.445,0.75,-0.015,-0.029,0
10818,73,0,9,1.018,0.664,0.443,0.0,-0.36,0.248,0
10819,70,1,9,0.84,0.584,1.05,0.0,0.511,0.207,0
10820,42,0,8,0.782,0.54,0.79,0.0,0.369,0.218,0
10821,42,0,12,0.923,0.562,0.982,0.0,0.644,0.044,0
10822,38,0,5,0.687,0.559,0.909,0.0,0.43,0.025,0
10823,47,1,11,1.135,0.474,0.75,0.5,0.284,0.246,0
10824,78,0,12,1.1,0.7,1.137,0.75,0.856,0.354,0
10825,52,1,9,0.7,0.509,0.963,0.0,0.463,0.218,0
10826,54,0,11,0.803,0.669,0.896,0.0,0.531,0.114,0
10827,75,1,5,0.683,0.572,0.861,0.0,0.561,-0.017,0
10828,50,1,9,0.961,0.553,1.061,0.5,0.435,0.197,0
10829,55,1,3,0.631,0.627,0.631,0.0,0.231,-0.103,0
10830,33,0,11,0.829,0.53,0.679,0.5,0.522,0.129,0
10831,47,0,5,0.716,0.551,0.651,0.0,-0.087,0.11,0
10832,36,0,3,0.997,0.638,0.782,0.0,0.448,0.26,0
10833,63,0,3,0.784,0.62,0.579,0.75,0.105,0.13,0
10834,60,1,10,0.946,0.504,0.931,1.0,0.475,0.327,0
10835,43,0,3,0.814,0.725,0.437,0.0,-0.05,-0.054,0
10836,77,1,5,0.724,0.43,0.639,0.5,0.048,0.116,0
10837,66,0,8,0.76,0.69,0.724,0.0,0.366,0.116,0
10838,38,1,6,0.915,0.576,0.512,0.0,-0.084,0.218,0
10839,82,0,9,0.915,0.7,0.814,0.0,0.55,0.215,0
10840,30,0,6,0.84,0.581,0.715,0.0,0.452,0.096,0
10841,36,0,10,0.7,0.592,0.63,0.75,0.424,-0.165,0
10842,38,1,6,0.966,0.491,0.8,0.25,0.103,0.131,0
10843,62,0,3,0.83,0.7,0.752,0.25,0.405,0.192,0
10844,41,1,12,1.17,0.604,0.917,0.0,0.268,0.472,0
10845,78,1,10,0.92,0.585,0.62,0.5,0.071,0.093,0
10846,33,1,5,0.929,0.504,0.287,0.0,-0.293,-0.181,0
10847,35,0,8,0.7,0.52,0.697,0.0,0.388,-0.034,0
10848,57,1,6,0.785,0.652,0.363,0.5,-0.028,-0.101,0
10849,55,1,8,0.961,0.481,0.664,0.0,0.351,0.114,0
10850,68,0,4,0.9,0.526,0.477,0.0,-0.315,0.114,0
10851,80,0,3,0.893,0.706,0.406,0.25,0.105,-0.089,0
10852,67,0,9,0.863,0.468,0.782,0.75,0.274,0.28,0
10853,36,1,4,1.064,0.55,0.36,1.0,-0.14,0.373,0
10854,39,0,12,1.163,0.544,0.911,1.0,0.459,0.36,0
10855,52,0,5,0.577,0.432,0.7,0.0,0.198,-0.145,0
10856,47,1,6,1.01,0.593,0.595,0.5,0.334,0.332,0
10857,57,1,9,0.932,0.693,0.911,0.0,0.681,0.285,0
10858,38,1,10,0.875,0.503,1.014,0.25,0.413,0.101,0
10859,79,0,10,0.82,0.525,0.823,0.0,0.313,0.167,0
10860,67,0,11,1.214,0.547,0.754,0.0,0.611,0.627,0
10861,57,1,8,0.804,0.525,0.7,1.0,0.0,0.04,0
10862,43,1,10,0.847,0.585,1.178,0.75,1.0,0.084,0
10863,47,0,7,0.836,0.498,0.668,0.25,0.131,0.153,0
10864,61,1,12,0.937,0.545,0.77,0.0,0.134,0.101,0
10865,67,0,5,0.684,0.541,0.757,0.5,0.328,-0.205,0
10866,38,0,4,0.771,0.552,0.444,0.75,-0.0,0.223,0
10867,46,1,8,0.823,0.55,0.67,0.0,-0.01,0.181,0
10868,49,0,5,0.967,0.56,0.8,0.0,0.359,0.31,0
10869,82,1,3,0.5,0.661,0.532,0.75,-0.309,-0.115,0
10870,51,0,4,0.619,0.611,0.912,0.0,0.662,-0.194,0
10871,30,1,5,0.824,0.589,0.63,0.75,0.092,0.377,0
10872,42,0,11,0.657,0.558,0.685,1.0,-0.006,-0.17,0
10873,40,0,12,1.083,0.583,1.009,0.5,0.465,0.176,0
10874,64,1,10,1.262,0.399,0.538,1.0,-0.055,0.596,0
10875,57,1,9,0.7,0.594,0.69,0.75,0.013,0.019,1
10876,56,1,5,0.715,0.709,0.356,0.0,-0.039,-0.194,0
10877,79,1,7,0.94,0.597,0.902,0.0,0.357,0.003,1
10878,76,0,4,0.814,0.575,0.7,0.75,0.169,0.021,0
10879,54,1,7,0.904,0.647,0.68,0.75,-0.02,0.029,0
10880,70,0,5,0.848,0.747,0.749,1.0,0.117,0.087,0
10881,61,0,12,0.918,0.587,1.136,0.0,0.718,0.176,0
10882,72,1,3,0.784,0.676,0.515,0.25,0.124,0.063,0
10883,43,1,7,0.837,0.363,0.566,1.0,0.259,-0.026,0
10884,31,1,9,0.899,0.599,0.928,0.75,0.599,0.436,0
10885,81,1,6,0.908,0.7,0.73,0.0,0.146,0.215,0
10886,32,1,5,0.848,0.592,0.382,0.5,0.211,0.252,0
10887,36,1,9,0.931,0.645,0.678,0.25,0.157,0.167,0
10888,61,0,11,0.803,0.641,0.708,0.25,0.346,0.005,0
10889,41,0,12,0.885,0.536,0.724,0.25,0.359,0.271,0
10890,39,0,4,0.847,0.559,0.712,0.75,0.409,0.159,0
10891,41,1,11,0.907,0.433,0.912,0.25,0.438,0.069,0
10892,67,1,9,1.057,0.618,0.936,0.0,0.64,0.207,0
10893,73,0,7,1.02,0.535,0.607,1.0,-0.03,0.25,1
10894,45,0,4,0.664,0.596,0.7,0.5,0.464,-0.122,0
10895,53,0,4,0.7,0.671,0.341,0.5,-0.241,0.026,0
10896,54,0,5,1.063,0.568,0.756,1.0,0.053,0.48,0
10897,65,1,12,0.791,0.7,0.845,0.0,0.519,0.087,0
10898,36,1,12,0.816,0.519,0.876,0.0,0.36,0.257,0
10899,33,0,4,0.806,0.652,0.476,0.5,0.082,0.148,0
10900,82,0,5,0.788,0.61,0.846,0.0,0.328,-0.053,0
10901,48,1,10,1.077,0.556,0.568,0.5,0.161,0.207,0
10902,46,0,3,0.908,0.659,0.55,0.0,0.07,0.091,0
10903,66,0,4,0.833,0.621,0.508,0.0,0.004,0.133,0
10904,45,1,6,1.025,0.602,0.868,0.0,0.136,0.195,0
10905,79,0,11,1.079,0.48,1.106,0.5,0.628,0.481,1
10906,32,0,5,0.667,0.631,0.627,0.5,0.193,-0.067,0
10907,42,1,8,0.856,0.468,0.711,0.5,0.274,0.065,0
10908,49,1,9,0.749,0.524,0.692,0.25,-0.008,-0.14,0
10909,70,0,9,1.163,0.809,0.822,0.25,0.354,0.447,0
10910,40,1,4,0.607,0.572,0.553,0.5,0.236,-0.088,0
10911,68,1,6,0.859,0.588,0.691,1.0,-0.19,0.025,0
10912,67,0,9,1.007,0.502,0.909,0.0,0.541,0.177,0
10913,39,1,5,0.663,0.456,0.676,1.0,-0.01,-0.119,0
10914,77,0,9,0.945,0.47,0.721,0.0,0.126,0.338,0
10915,70,1,9,0.874,0.516,0.734,0.0,0.223,0.302,0
10916,71,0,3,0.653,0.446,0.378,0.25,-0.152,-0.209,0
10917,72,0,9,0.844,0.558,0.833,0.0,0.293,0.144,0
10918,40,1,5,0.865,0.565,0.641,0.75,0.333,0.257,0
10919,64,1,4,0.537,0.698,0.745,0.0,0.355,-0.196,0
10920,50,0,6,0.851,0.629,0.843,0.75,0.507,0.292,0
10921,64,0,7,1.045,0.615,0.928,0.0,0.292,0.353,0
10922,84,0,6,0.548,0.631,0.374,0.5,-0.108,-0.049,0
10923,30,1,11,0.93,0.651,0.813,0.25,0.399,0.145,0
10924,83,1,6,0.768,0.738,0.741,0.75,-0.3,-0.025,0
10925,79,0,12,0.879,0.525,0.741,0.0,0.451,-0.07,0
10926,72,1,7,0.821,0.536,0.564,0.0,0.134,0.046,0
10927,84,1,4,0.981,0.525,0.684,0.0,0.205,0.258,0
10928,84,1,11,0.947,0.574,1.12,0.0,0.786,0.258,1
10929,40,0,9,0.902,0.554,0.399,0.75,-0.208,0.227,0
10930,32,0,7,1.011,0.684,0.9,0.0,0.269,0.164,0
10931,73,1,10,0.736,0.592,0.787,1.0,0.198,0.24,0
10932,80,0,11,0.927,0.57,0.761,0.0,0.198,0.296,0
10933,45,0,11,1.034,0.523,0.757,0.0,0.599,0.143,0
10934,79,0,11,0.83,0.587,0.731,0.75,0.336,-0.022,0
10935,46,0,8,1.012,0.551,0.893,1.0,0.554,0.083,0
10936,34,1,8,0.982,0.445,0.584,0.25,0.101,0.062,0
10937,78,0,11,0.7,0.466,1.024,1.0,0.711,0.0,1
10938,48,0,12,0.929,0.604,0.92,0.25,0.658,0.171,0
10939,61,0,3,0.824,0.574,0.7,0.0,-0.07,0.124,0
10940,33,1,4,0.934,0.631,0.341,1.0,-0.109,0.175,0
10941,31,1,7,0.98,0.524,0.812,0.25,0.547,0.309,0
10942,50,1,8,0.952,0.472,1.016,0.0,0.425,0.133,0
10943,60,0,3,0.7,0.685,0.771,0.0,0.358,-0.235,0
10944,71,1,7,0.789,0.471,0.725,0.0,0.328,0.178,0
10945,79,1,5,0.966,0.744,0.763,0.5,0.324,0.254,0
10946,55,0,7,0.7,0.825,0.781,0.0,0.086,-0.169,0
10947,55,0,7,0.967,0.525,0.542,1.0,0.036,-0.026,1
10948,62,0,5,0.916,0.698,0.871,0.0,0.523,0.163,0
10949,53,1,11,1.03,0.527,0.802,0.0,0.447,0.283,0
10950,45,0,9,0.916,0.531,0.645,0.0,0.264,-0.151,0
10951,48,1,5,0.912,0.654,0.325,0.0,-0.612,0.073,0
10952,83,1,6,0.747,0.617,0.743,0.0,0.244,-0.053,0
10953,61,0,9,0.931,0.573,1.049,0.0,0.566,0.055,0
10954,82,1,5,0.738,0.629,0.651,0.0,0.196,-0.202,0
10955,34,0,9,0.801,0.443,0.649,0.0,0.143,0.088,0
10956,66,1,12,1.011,0.591,1.14,0.75,0.859,0.35,0
10957,58,0,9,0.95,0.686,0.71,0.0,0.166,0.18,0
10958,45,0,6,0.877,0.558,0.792,0.25,0.187,0.143,0
10959,57,0,9,0.739,0.591,0.583,0.5,0.023,-0.004,0
10960,39,0,7,0.925,0.517,0.73,0.0,0.215,0.465,0
10961,39,1,8,0.726,0.676,0.638,0.0,0.169,-0.073,0
10962,31,1,4,0.902,0.621,0.579,0.5,0.101,0.193,0
10963,45,0,9,0.904,0.535,0.851,0.0,0.247,0.123,0
10964,45,1,4,0.906,0.7,0.565,0.5,-0.035,0.395,0
10965,70,0,9,0.794,0.757,0.839,0.0,0.335,0.097,0
10966,59,0,12,0.863,0.558,0.773,0.5,0.381,0.175,0
10967,46,0,3,0.694,0.523,0.651,0.5,0.244,-0.168,0
10968,69,1,8,0.756,0.598,0.62,1.0,-0.08,0.248,1
10969,57,1,6,0.866,0.48,0.618,0.0,0.16,0.239,0
10970,34,1,10,1.015,0.574,0.867,0.0,0.326,0.24,0
10971,59,1,9,0.833,0.709,0.954,0.5,0.79,0.032,0
10972,72,1,3,0.743,0.672,0.493,0.75,0.176,0.036,0
10973,82,0,6,0.835,0.436,0.482,0.0,0.078,0.105,0
10974,37,0,9,0.911,0.527,0.871,0.0,0.518,0.114,0
10975,54,0,8,0.823,0.72,0.825,0.0,0.188,-0.073,0
10976,50,1,9,0.971,0.56,0.417,0.0,-0.107,0.201,0
10977,68,0,4,0.614,0.528,0.742,0.0,0.493,-0.096,0
10978,78,0,7,1.119,0.711,0.803,1.0,0.058,0.313,1
10979,33,0,12,0.98,0.527,1.059,0.0,0.566,0.033,0
10980,68,0,9,0.956,0.572,0.999,0.5,0.574,0.321,0
10981,59,0,12,0.826,0.523,0.921,0.5,0.752,0.087,0
10982,80,1,3,0.728,0.586,0.498,0.0,-0.143,0.006,0
10983,78,1,5,0.808,0.866,0.697,0.75,0.065,0.134,1
10984,44,0,5,0.935,0.609,0.63,1.0,0.166,-0.021,0
10985,41,1,4,0.893,0.59,0.454,1.0,0.24,0.141,0
10986,45,1,5,0.702,0.686,0.604,0.0,0.183,-0.074,0
10987,30,1,5,1.023,0.477,0.68,0.0,-0.02,0.331,0
10988,61,0,12,1.069,0.543,0.638,0.25,0.065,0.341,0
10989,47,0,8,0.827,0.447,0.592,0.0,0.059,-0.155,0
10990,77,0,8,0.662,0.74,0.841,0.5,0.472,-0.226,0
10991,70,0,5,0.596,0.521,0.562,0.75,-0.138,0.06,0
10992,61,0,9,1.05,0.445,0.89,0.0,0.312,0.457,0
10993,30,1,4,0.659,0.545,0.473,0.5,0.017,-0.023,0
10994,78,1,10,0.935,0.518,0.905,0.0,0.254,0.073,0
10995,62,1,12,0.996,0.64,0.959,0.0,0.687,0.451,0
10996,54,1,12,0.838,0.579,0.722,0.0,0.424,0.046,0
10997,58,1,7,0.74,0.64,0.734,0.0,0.113,0.1,0
10998,46,1,7,0.936,0.585,0.795,0.0,0.699,0.005,0
10999,49,0,8,0.765,0.696,0.591,0.0,0.394,0.117,0
11000,74,0,10,0.851,0.7,1.074,0.0,0.25,0.145,0
11001,58,1,12,1.045,0.505,1.059,0.0,0.64,0.128,0
11002,49,0,10,1.043,0.7,0.996,1.0,0.637,0.279,0
11003,47,0,10,0.706,0.53,0.801,0.0,0.257,-0.111,0
11004,54,0,12,1.183,0.554,1.001,0.25,0.671,0.355,0
11005,57,1,9,0.956,0.618,0.889,0.5,0.55,0.448,0
11006,72,0,12,0.931,0.358,1.318,0.75,1.018,0.152,1
11007,33,0,12,1.219,0.552,1.101,0.0,0.784,0.606,0
11008,83,0,7,0.791,0.673,0.734,0.0,0.392,0.073,0
11009,70,1,6,0.748,0.577,0.28,0.25,-0.133,0.138,0
11010,45,0,10,1.057,0.669,1.133,0.0,0.716,0.153,0
11011,56,0,5,0.807,0.601,0.558,0.0,0.072,0.047,0
11012,34,0,8,0.827,0.639,0.794,0.0,0.234,-0.122,0
11013,47,0,9,1.113,0.619,0.674,0.0,0.349,0.339,0
11014,83,0,9,0.906,0.608,0.794,0.0,0.43,0.112,0
11015,81,0,12,1.029,0.513,0.998,0.0,0.594,0.129,0
11016,34,0,5,1.031,0.571,0.273,0.75,-0.167,0.499,0
11017,68,1,8,0.856,0.401,0.882,0.0,0.513,0.046,0
11018,78,1,7,0.878,0.591,0.664,0.0,-0.129,0.177,1
11019,47,1,9,0.989,0.578,0.774,0.0,0.087,0.325,0
11020,43,0,3,0.524,0.58,0.476,0.75,0.109,-0.249,0
11021,83,0,5,0.816,0.694,0.775,0.0,-0.001,-0.06,0
11022,48,1,8,0.855,0.603,0.991,0.75,0.422,-0.026,0
11023,46,1,6,1.04,0.481,0.764,1.0,0.086,0.457,0
11024,80,0,7,0.661,0.7,0.633,0.25,0.449,-0.071,0
11025,71,1,11,0.833,0.478,0.869,0.0,0.597,0.135,0
11026,83,1,7,1.109,0.617,0.609,0.25,0.1,0.501,0
11027,58,1,10,0.936,0.52,0.56,0.5,0.314,0.238,0
11028,43,1,5,0.786,0.455,1.062,0.25,0.394,0.053,0
11029,37,0,11,0.989,0.569,0.961,0.75,0.774,0.187,0
11030,47,1,7,0.816,0.493,0.922,0.75,0.636,-0.141,0
11031,58,0,6,0.979,0.75,0.773,0.0,0.664,0.312,0
11032,46,0,5,0.973,0.56,0.483,0.0,-0.1,0.318,0
11033,39,0,11,0.926,0.513,0.872,0.5,0.21,0.153,0
11034,74,0,10,0.941,0.555,0.599,0.5,0.036,0.073,1
11035,43,1,10,0.938,0.597,0.77,0.5,0.384,0.45,0
11036,41,0,9,1.036,0.467,0.887,0.0,0.39,0.387,0
11037,83,0,6,0.854,0.606,0.811,0.25,0.306,0.229,0
11038,72,0,12,0.76,0.547,0.7,0.0,0.21,0.07,0
11039,61,0,12,1.072,0.367,1.079,0.5,0.575,0.248,0
11040,59,0,6,0.854,0.546,0.574,1.0,0.033,0.083,0
11041,81,1,12,1.174,0.333,0.73,0.25,0.279,0.52,0
11042,72,1,3,0.954,0.732,0.726,0.0,0.202,-0.13,0
11043,81,1,5,0.755,0.7,0.783,0.0,0.352,-0.202,0
11044,82,1,4,0.715,0.652,0.465,0.0,-0.212,-0.192,0
11045,40,0,5,0.894,0.535,0.59,0.25,0.572,-0.037,0
11046,80,0,7,0.829,0.493,0.859,0.75,0.205,0.141,1
11047,83,1,3,0.717,0.565,0.56,0.75,-0.068,-0.074,0
11048,78,1,10,0.948,0.543,0.976,0.0,0.836,0.13,1
11049,54,0,5,0.981,0.611,0.697,0.0,0.255,0.281,0
11050,44,0,7,0.835,0.618,0.7,0.0,0.219,0.073,0
11051,52,0,9,0.996,0.7,0.662,0.5,0.256,0.299,0
11052,39,1,6,0.846,0.597,0.785,0.0,0.32,0.14,0
11053,40,1,7,0.958,0.636,0.861,0.5,0.789,0.317,0
11054,30,1,8,1.091,0.603,0.436,0.75,-0.223,0.408,0
11055,43,1,8,0.94,0.659,0.561,0.25,-0.055,0.199,0
11056,66,0,12,0.99,0.622,0.969,0.25,0.377,0.438,0
11057,39,1,6,0.66,0.574,1.023,0.5,0.534,-0.261,0
11058,53,0,10,0.82,0.596,0.557,0.0,0.065,0.056,0
11059,58,1,5,1.148,0.526,0.531,0.5,0.245,0.612,0
11060,34,0,8,0.7,0.529,0.658,0.0,0.211,0.228,0
11061,59,0,4,0.91,0.626,0.617,0.0,0.19,0.115,0
11062,73,0,6,0.677,0.546,0.727,0.75,0.314,-0.097,0
11063,36,1,6,0.716,0.55,0.593,0.75,0.142,-0.019,0
11064,62,0,8,0.918,0.63,0.973,0.0,0.294,0.298,0
11065,53,1,6,0.769,0.608,0.823,0.0,0.692,-0.028,0
11066,48,1,11,0.953,0.477,0.94,0.5,0.336,0.358,0
11067,54,0,9,1.001,0.626,1.01,1.0,0.377,0.305,0
11068,39,0,7,0.779,0.562,0.682,0.0,0.386,-0.148,0
11069,40,1,6,0.871,0.615,0.592,0.75,-0.095,0.032,0
11070,44,0,9,0.809,0.573,0.729,0.5,0.432,0.216,0
11071,31,1,10,0.752,0.55,1.008,0.0,0.397,0.257,0
11072,65,0,6,1.04,0.666,0.643,0.5,0.207,0.243,0
11073,63,1,12,1.044,0.647,1.072,0.0,0.566,0.307,0
11074,79,1,5,0.828,0.695,0.839,0.0,0.476,0.155,0
11075,69,1,4,0.884,0.705,0.759,0.5,0.322,0.244,0
11076,47,1,4,0.755,0.564,0.46,0.0,0.024,0.174,0
11077,77,1,11,0.904,0.511,1.055,0.5,0.638,0.385,0
11078,61,1,8,0.913,0.697,0.873,0.0,0.463,0.211,0
11079,81,0,4,0.78,0.674,0.499,0.0,-0.013,-0.107,0
11080,30,0,8,1.031,0.704,0.686,0.25,0.421,0.307,0
11081,38,1,4,0.75,0.534,0.765,0.0,0.226,0.077,0
11082,77,0,4,0.638,0.704,0.634,1.0,0.3,-0.062,0
11083,83,0,8,1.116,0.595,0.72,0.75,0.338,0.395,1
11084,44,0,9,0.754,0.472,0.806,0.25,0.357,-0.081,0
11085,34,1,11,1.031,0.412,0.76,0.25,0.343,0.228,0
11086,58,1,5,0.781,0.511,0.548,1.0,-0.093,-0.163,0
11087,69,0,10,1.061,0.62,0.714,0.25,0.385,0.553,0
11088,83,1,9,0.85,0.58,0.429,1.0,-0.391,-0.103,1
11089,36,1,6,1.046,0.688,0.792,0.5,0.113,0.346,0
11090,70,0,7,0.827,0.591,0.496,0.5,-0.193,-0.016,0
11091,55,0,5,0.873,0.511,0.52,0.0,0.246,0.224,0
11092,37,0,8,1.049,0.576,0.687,0.0,-0.077,0.342,0
11093,46,0,3,0.821,0.596,0.537,0.0,-0.066,0.144,0
11094,35,0,5,0.727,0.583,0.839,0.25,0.277,0.06,0
11095,73,1,3,0.668,0.613,0.747,0.75,0.622,0.201,0
11096,52,0,10,1.078,0.569,0.674,0.0,0.089,0.651,0
11097,33,0,12,0.751,0.498,0.773,0.0,0.231,-0.12,0
11098,33,0,3,0.735,0.67,0.662,0.0,0.424,0.022,0
11099,45,0,7,0.934,0.61,0.648,0.0,-0.052,0.213,0
11100,72,1,5,1.032,0.572,0.293,0.0,-0.262,0.055,0
11101,48,1,9,0.928,0.506,0.58,0.25,0.417,0.209,0
11102,62,0,12,0.978,0.621,1.05,0.0,0.732,0.508,0
11103,48,1,12,0.979,0.464,0.718,0.75,0.198,0.238,0
11104,72,0,6,0.796,0.637,0.659,0.75,0.009,0.096,0
11105,82,0,9,0.723,0.727,0.92,0.0,0.166,-0.154,0
11106,73,0,12,1.055,0.484,0.905,0.25,0.171,0.104,0
11107,69,1,5,0.666,0.611,0.454,0.25,-0.205,-0.238,0
11108,31,1,5,0.805,0.707,0.661,0.0,0.104,0.16,0
11109,64,0,5,0.798,0.653,0.719,0.25,0.171,0.184,0
11110,68,0,4,0.871,0.69,0.602,0.0,0.165,0.065,0
11111,62,0,4,0.966,0.579,0.633,0.0,0.052,0.397,0
11112,44,1,6,0.834,0.611,0.874,0.25,0.386,0.094,0
11113,73,1,12,1.084,0.542,1.052,0.0,0.474,0.303,0
11114,40,0,3,0.716,0.507,0.763,0.0,0.408,0.15,0
11115,49,1,10,0.819,0.363,0.998,0.25,0.547,0.172,0
11116,45,0,10,0.97,0.503,0.816,0.0,0.116,0.656,0
11117,30,0,6,0.745,0.609,0.828,0.75,0.399,-0.083,0
11118,43,0,10,0.941,0.668,0.741,0.0,0.378,0.276,0
11119,54,1,11,0.895,0.517,0.922,0.0,0.329,0.077,0
11120,36,1,10,0.854,0.618,0.583,0.0,0.107,0.416,0
11121,33,0,10,0.887,0.499,0.64,0.0,0.271,0.046,0
11122,66,0,12,0.717,0.672,0.62,1.0,0.383,0.041,0
11123,67,0,10,1.017,0.745,0.955,0.5,0.626,0.584,0
11124,60,0,8,0.87,0.448,0.7,0.0,0.056,0.011,0
11125,61,1,6,0.734,0.406,0.421,0.25,-0.113,-0.151,0
11126,82,1,12,0.997,0.553,1.095,0.0,0.381,0.39,0
11127,36,0,3,0.779,0.633,0.361,0.0,-0.332,0.03,0
11128,72,1,9,0.908,0.468,0.439,0.5,0.165,0.005,0
11129,81,0,8,0.861,0.555,0.703,0.75,0.176,0.212,0
11130,46,0,7,0.768,0.579,0.54,0.25,0.081,-0.016,0
11131,44,0,6,0.775,0.527,0.763,0.75,-0.044,-0.172,0
11132,53,0,4,0.843,0.61,0.565,0.0,0.276,0.079,0
11133,49,0,3,0.964,0.649,0.641,0.75,0.163,0.16,0
11134,67,1,9,0.884,0.563,0.934,0.25,0.698,0.195,0
11135,52,1,4,0.804,0.64,0.559,1.0,0.016,-0.005,0
11136,33,0,3,0.819,0.652,0.5,0.0,-0.093,0.063,0
11137,44,0,4,1.118,0.489,0.503,0.75,0.236,0.405,0
11138,63,1,10,0.699,0.597,1.0,0.0,0.418,-0.113,0
11139,68,1,11,1.076,0.619,1.285,0.5,0.943,0.488,0
11140,48,0,4,0.712,0.54,0.784,0.75,0.185,-0.016,0
11141,58,1,10,0.827,0.636,0.807,1.0,0.171,0.186,0
11142,34,0,4,0.696,0.526,0.562,0.0,0.257,0.073,0
11143,57,0,10,0.81,0.667,0.652,0.25,0.337,0.024,0
11144,50,0,5,0.822,0.504,0.789,0.0,0.356,-0.113,0
11145,31,1,9,0.922,0.65,0.83,0.0,0.105,0.282,0
11146,54,1,6,0.856,0.507,0.905,0.5,0.429,0.133,0
11147,59,1,12,0.857,0.485,1.237,0.75,0.744,0.352,1
11148,38,0,9,1.181,0.645,0.693,0.5,0.763,0.28,0
11149,64,0,11,0.865,0.53,1.0,0.0,0.472,0.272,0
11150,75,1,8,0.9,0.641,0.603,0.25,0.119,0.077,0
11151,75,0,3,0.702,0.608,0.679,0.0,0.107,-0.143,0
11152,61,1,6,0.879,0.687,0.803,0.0,0.462,0.148,0
11153,59,1,5,0.911,0.583,0.497,1.0,0.308,0.057,0
11154,63,0,8,0.93,0.535,0.803,0.75,0.287,0.154,0
11155,58,0,5,0.967,0.569,0.617,0.25,-0.035,0.155,0
11156,49,0,11,0.856,0.593,0.798,0.0,0.429,0.295,0
11157,40,1,5,0.801,0.477,0.646,0.0,-0.117,-0.041,0
11158,63,0,10,0.994,0.557,0.647,0.25,-0.241,0.224,0
11159,67,0,11,1.037,0.583,0.763,0.5,0.214,0.172,0
11160,71,0,4,0.905,0.615,0.801,0.5,0.45,0.217,0
11161,68,0,7,0.514,0.638,0.774,0.0,0.321,-0.073,0
11162,36,0,7,0.954,0.628,0.784,1.0,0.397,0.217,0
11163,84,1,5,0.681,0.647,0.544,0.5,-0.029,0.132,0
11164,58,0,5,0.664,0.554,0.671,0.5,-0.041,-0.162,0
11165,48,1,3,0.873,0.678,0.752,0.0,0.375,0.065,0
11166,83,0,4,0.698,0.612,0.849,0.0,0.493,-0.034,0
11167,40,1,8,0.926,0.644,0.927,1.0,0.604,0.167,0
11168,39,1,8,1.107,0.646,0.426,1.0,-0.413,0.336,0
11169,77,1,9,0.744,0.548,0.954,0.0,0.478,0.048,0
11170,84,0,11,1.083,0.551,0.976,0.5,0.407,0.383,0
11171,32,0,9,0.874,0.7,0.843,1.0,0.407,0.047,0
11172,70,0,7,1.022,0.589,0.793,0.0,0.629,0.189,0
11173,43,0,6,0.901,0.605,0.618,0.75,-0.2,0.273,0
11174,63,1,9,1.012,0.582,0.81,0.0,0.538,0.192,0
11175,49,0,11,1.027,0.723,1.086,0.75,0.386,0.146,0
11176,37,1,10,0.957,0.633,0.943,0.0,0.53,0.157,0
11177,57,1,4,0.689,0.595,0.858,1.0,0.599,-0.107,0
11178,33,0,12,0.887,0.694,0.892,0.5,0.615,-0.046,0
11179,34,1,12,0.707,0.591,0.93,0.0,0.411,-0.159,0
11180,68,1,4,0.531,0.54,0.547,0.0,0.058,-0.323,0
11181,53,0,10,0.948,0.591,0.883,0.25,0.109,0.176,0
11182,32,1,3,0.7,0.758,0.589,0.0,0.243,-0.069,0
11183,78,1,3,0.935,0.623,0.638,0.0,0.26,0.12,0
11184,68,1,11,0.961,0.613,1.156,0.0,0.548,0.084,0
11185,65,1,3,0.856,0.524,0.241,1.0,-0.248,0.116,0
11186,63,1,12,1.062,0.598,1.016,0.0,0.623,0.358,0
11187,71,1,12,0.7,0.582,0.92,0.5,0.468,-0.075,0
11188,46,1,7,0.785,0.572,0.517,0.0,-0.106,0.159,0
11189,75,0,9,0.92,0.577,0.618,0.25,0.173,0.242,0
11190,78,0,11,0.983,0.618,0.897,0.0,0.258,0.171,0
11191,57,0,9,0.646,0.7,0.729,0.0,0.052,-0.052,0
11192,81,1,11,0.935,0.42,1.09,0.25,0.862,0.161,0
11193,32,1,7,0.847,0.516,0.449,0.0,0.242,0.022,0
11194,66,1,3,0.837,0.618,0.688,0.75,0.305,-0.185,0
11195,32,1,11,0.96,0.462,0.551,0.0,0.18,0.105,0
11196,59,0,12,0.983,0.487,1.087,1.0,0.623,0.298,0
11197,32,0,8,0.968,0.67,0.973,1.0,0.273,0.314,0
11198,81,0,4,0.935,0.547,0.655,1.0,0.281,0.199,0
11199,59,0,10,0.97,0.699,0.874,0.0,0.327,0.316,0
11200,32,1,8,0.845,0.559,0.727,0.0,0.027,0.126,0
11201,66,0,11,0.827,0.549,1.148,0.0,0.575,0.108,0
11202,63,1,3,0.7,0.641,0.393,0.5,-0.061,-0.061,0
11203,68,1,3,0.713,0.537,0.352,0.0,-0.158,0.103,0
11204,38,0,5,0.667,0.701,0.672,0.75,0.09,-0.337,0
11205,84,1,5,0.764,0.58,0.539,0.0,-0.042,0.064,0
11206,72,1,9,1.031,0.652,0.843,0.0,0.454,0.374,0
11207,62,1,12,0.994,0.494,1.1,0.25,0.798,0.278,0
11208,58,0,8,0.7,0.473,0.588,0.25,0.184,-0.138,0
11209,72,1,11,0.971,0.557,0.903,0.0,0.401,0.269,0
11210,84,0,9,0.934,0.456,0.562,0.0,0.054,0.285,0
11211,41,1,4,0.915,0.502,0.67,0.75,0.018,0.05,0
11212,61,1,12,0.898,0.666,0.684,0.5,0.326,0.056,0
11213,57,1,10,0.978,0.526,1.126,0.0,0.516,0.066,0
11214,32,0,8,0.984,0.577,0.7,1.0,0.126,0.358,0
11215,35,0,4,0.79,0.706,0.72,0.25,-0.005,-0.18,0
11216,34,1,4,0.883,0.571,0.594,0.5,-0.111,0.238,0
11217,38,0,10,1.098,0.575,0.713,0.0,0.046,0.31,0
11218,35,1,5,0.893,0.635,0.712,0.0,0.4,0.14,0
11219,48,1,6,0.801,0.56,0.512,0.0,-0.155,0.213,0
11220,41,1,9,0.973,0.512,0.676,0.0,0.252,0.116,0
11221,55,0,9,0.89,0.606,0.726,0.0,0.138,0.254,0
11222,72,0,8,0.716,0.728,0.944,0.25,0.377,0.0,0
11223,38,0,8,0.821,0.64,0.934,0.0,0.378,0.084,0
11224,65,1,4,0.705,0.637,0.721,0.5,0.561,-0.098,0
11225,34,0,12,0.906,0.443,0.901,0.0,0.759,0.055,0
11226,67,0,8,0.996,0.496,1.125,0.0,0.712,0.217,0
11227,75,1,8,0.858,0.537,1.007,0.0,0.638,0.084,0
11228,61,1,5,0.912,0.593,0.357,0.0,-0.238,0.103,0
11229,33,1,10,0.955,0.661,0.804,0.0,0.364,0.366,0
11230,62,1,7,0.749,0.609,0.449,0.5,-0.251,-0.207,0
11231,51,0,10,0.7,0.569,0.826,0.0,0.625,-0.237,0
11232,69,0,5,0.863,0.708,0.552,0.0,-0.172,0.04,0
11233,38,1,12,0.979,0.658,1.227,0.5,0.71,0.331,0
11234,57,1,11,1.003,0.491,1.123,0.0,0.642,0.163,0
11235,33,1,10,0.88,0.509,0.918,0.0,0.257,0.157,0
11236,79,1,6,0.918,0.591,0.708,0.25,0.205,0.204,0
11237,61,1,12,0.906,0.42,0.949,0.0,0.514,0.362,0
11238,75,0,12,1.008,0.582,0.7,0.0,0.493,0.308,0
11239,64,1,7,1.091,0.431,0.608,0.0,0.265,0.323,0
11240,43,0,12,0.675,0.363,1.002,0.75,0.486,0.171,0
11241,60,0,7,1.146,0.496,0.478,0.75,0.075,0.279,0
11242,77,0,8,1.005,0.549,0.802,0.0,0.102,0.202,0
11243,55,1,10,1.006,0.686,1.014,0.5,0.419,0.354,0
11244,34,1,7,0.631,0.61,0.519,0.75,-0.181,0.038,0
11245,40,0,3,0.601,0.605,0.616,0.0,0.201,-0.365,0
11246,68,0,5,0.758,0.568,0.425,0.0,-0.02,0.116,0
11247,53,1,9,1.08,0.537,0.85,0.0,0.322,0.354,0
11248,52,0,8,1.024,0.633,0.784,0.5,0.41,0.321,0
11249,73,0,12,0.7,0.429,1.286,0.5,0.965,-0.161,0
11250,32,0,4,0.736,0.51,0.678,1.0,0.27,-0.027,0
11251,34,1,3,0.684,0.7,0.388,1.0,-0.117,0.009,0
11252,51,1,5,0.601,0.659,0.7,0.0,0.355,0.039,0
11253,40,1,9,0.944,0.602,0.449,1.0,0.046,0.061,0
11254,70,0,8,0.811,0.521,1.051,0.0,0.63,0.091,0
11255,46,0,12,1.032,0.589,0.885,0.25,0.34,0.24,0
11256,39,0,7,0.814,0.416,0.855,0.0,0.476,0.165,0
11257,59,0,11,1.189,0.687,0.934,0.25,0.487,0.506,0
11258,41,0,4,0.779,0.571,0.556,0.25,0.387,0.132,0
11259,67,1,12,1.082,0.364,1.034,0.0,0.769,0.207,0
11260,60,1,12,1.012,0.364,0.956,0.5,0.351,0.197,0
11261,46,0,6,0.956,0.588,0.764,0.25,0.212,0.344,0
11262,79,1,3,0.912,0.646,0.683,0.5,0.285,0.349,0
11263,43,1,5,0.789,0.587,0.746,1.0,0.435,-0.035,0
11264,59,1,10,1.114,0.637,0.669,0.25,0.113,0.342,0
11265,64,1,11,1.027,0.499,0.984,0.0,0.139,0.667,0
11266,37,0,11,1.104,0.588,1.081,0.5,0.473,0.247,0
11267,36,0,5,0.883,0.623,0.764,0.0,0.166,0.279,0
11268,44,1,4,0.708,0.497,0.748,0.0,0.185,-0.076,0
11269,37,0,6,0.752,0.433,0.625,0.0,-0.003,0.057,0
11270,62,0,9,0.846,0.461,0.668,0.0,0.196,0.149,0
11271,42,0,9,1.056,0.587,0.75,0.0,0.279,0.468,0
11272,75,0,11,0.616,0.478,0.689,0.0,0.214,0.004,0
11273,40,0,9,0.909,0.478,0.743,0.0,0.344,0.135,0
11274,69,1,6,0.868,0.507,0.391,1.0,-0.054,0.141,0
11275,77,0,12,0.992,0.628,0.812,0.5,0.389,0.122,0
11276,72,1,6,0.727,0.55,0.589,0.0,0.241,0.07,0
11277,44,0,11,1.048,0.539,0.979,0.5,0.722,0.348,0
11278,72,0,8,0.793,0.542,0.821,0.0,0.256,0.015,0
11279,50,0,6,0.794,0.531,1.019,1.0,0.491,0.256,0
11280,74,1,7,0.902,0.578,0.703,1.0,0.221,0.342,0
11281,49,0,10,0.98,0.549,0.583,0.25,0.307,0.076,0
11282,76,0,11,1.02,0.569,1.157,0.0,0.779,0.109,0
11283,55,1,5,0.772,0.551,0.724,0.5,0.352,0.119,0
11284,84,1,7,0.812,0.7,0.757,0.0,0.313,0.075,1
11285,77,0,8,0.792,0.528,0.846,1.0,0.447,0.062,0
11286,42,1,10,0.916,0.611,0.583,0.5,0.373,0.119,0
11287,36,0,7,0.855,0.405,0.603,0.25,0.322,-0.017,0
11288,78,0,11,0.763,0.548,0.703,0.0,0.285,-0.099,0
11289,65,1,5,0.869,0.711,0.744,0.0,0.239,-0.258,0
11290,36,0,4,0.794,0.623,0.536,0.75,0.273,-0.075,0
11291,74,0,10,1.185,0.573,0.959,0.25,0.663,0.315,0
11292,68,1,7,1.133,0.78,0.752,0.0,0.586,0.283,0
11293,57,1,10,0.87,0.552,0.937,0.0,0.357,0.322,1
11294,59,0,10,0.929,0.601,0.71,0.0,0.572,0.397,0
11295,62,1,8,0.763,0.571,0.756,0.75,0.166,0.18,0
11296,49,0,10,0.784,0.563,0.831,0.0,0.499,0.001,0
11297,82,0,4,0.982,0.604,0.621,0.25,0.022,0.203,0
11298,82,0,8,0.726,0.525,0.744,0.0,0.141,0.097,0
11299,35,0,5,0.653,0.583,0.721,0.0,0.235,-0.06,0
11300,67,0,7,0.717,0.489,0.817,0.25,0.47,0.017,0
11301,63,0,10,0.872,0.7,0.752,0.25,0.301,0.351,0
11302,75,1,10,1.12,0.486,0.685,0.5,0.158,0.354,1
11303,51,1,4,0.559,0.418,0.702,0.25,0.369,-0.217,0
11304,80,1,11,0.904,0.468,0.981,0.75,0.921,0.321,1
11305,74,1,11,0.941,0.447,0.953,0.0,0.264,0.235,0
11306,46,1,10,1.058,0.524,0.774,0.0,0.321,0.155,0
11307,72,1,3,0.796,0.738,0.492,0.25,0.112,0.044,0
11308,59,1,8,0.876,0.55,0.519,0.0,0.182,0.053,0
11309,65,0,4,0.87,0.67,0.854,0.5,0.588,0.259,0
11310,34,0,6,0.866,0.7,0.874,0.0,0.556,0.065,0
11311,42,1,4,0.815,0.593,0.707,0.0,0.464,0.054,0
11312,34,0,3,0.791,0.65,0.316,0.0,0.148,0.145,0
11313,30,0,9,1.08,0.476,0.703,0.0,-0.026,0.375,0
11314,60,1,12,0.863,0.452,0.941,0.0,0.451,0.246,0
11315,61,0,10,0.972,0.52,0.7,0.0,0.36,0.187,0
11316,44,0,9,0.977,0.461,0.556,1.0,-0.054,0.39,0
11317,56,0,9,0.916,0.55,0.933,0.5,0.764,0.41,0
11318,64,1,3,0.784,0.681,0.919,0.75,0.219,-0.12,0
11319,82,0,12,0.996,0.458,0.896,0.25,0.177,0.176,1
11320,44,0,3,0.784,0.761,0.448,0.0,-0.089,0.115,0
11321,51,1,5,0.912,0.673,0.84,0.0,0.46,0.26,0
11322,39,1,7,0.729,0.405,0.659,0.0,0.35,0.15,0
11323,78,1,7,1.032,0.692,0.807,0.0,0.59,0.161,0
11324,52,1,8,1.234,0.672,0.456,1.0,-0.204,0.411,0
11325,51,1,7,0.832,0.521,0.7,0.5,0.167,0.132,0
11326,38,0,11,1.014,0.541,0.62,0.0,0.208,0.213,0
11327,41,1,3,0.894,0.473,0.362,0.0,0.099,0.316,0
11328,37,0,3,0.702,0.608,0.654,0.5,0.124,-0.107,0
11329,73,1,9,1.135,0.609,0.651,0.25,0.062,0.358,0
11330,73,0,3,0.748,0.61,0.721,0.0,0.175,0.167,0
11331,45,0,9,0.942,0.622,0.659,0.0,0.249,0.206,0
11332,66,0,3,0.702,0.372,0.553,0.25,-0.228,0.216,0
11333,33,0,11,0.989,0.655,0.918,0.0,0.351,0.422,0
11334,58,0,12,0.945,0.548,0.9,0.75,0.543,0.148,0
11335,59,0,7,0.964,0.579,0.386,0.25,0.005,0.014,0
11336,84,1,3,0.589,0.657,0.384,0.0,0.0,-0.031,0
11337,74,1,12,1.048,0.659,0.774,0.5,0.308,0.347,0
11338,30,0,6,0.855,0.524,0.509,0.25,0.063,0.224,0
11339,31,1,6,0.909,0.393,0.61,0.5,-0.09,0.483,0
11340,36,0,10,1.018,0.562,0.926,0.5,0.315,0.318,0
11341,56,0,8,0.799,0.545,0.686,0.0,0.087,0.056,0
11342,46,0,3,0.607,0.689,0.527,1.0,0.261,-0.252,0
11343,43,0,8,0.938,0.479,0.509,0.25,0.126,0.092,0
11344,79,0,3,0.949,0.666,0.522,1.0,0.268,0.024,1
11345,49,1,10,0.794,0.505,0.905,0.25,0.684,-0.039,0
11346,58,1,11,0.806,0.583,0.883,0.0,0.407,-0.081,0
11347,30,0,11,0.67,0.592,0.761,0.0,0.549,0.018,0
11348,67,0,7,0.952,0.49,0.652,0.25,0.148,0.321,0
11349,75,0,3,0.901,0.437,0.487,0.0,0.012,0.15,0
11350,82,1,10,1.033,0.574,0.962,0.0,0.752,0.054,0
11351,62,0,8,0.987,0.482,0.621,0.0,0.317,0.207,0
11352,42,1,4,0.797,0.603,0.238,0.0,-0.031,-0.063,0
11353,68,1,7,0.96,0.715,0.966,1.0,0.542,0.241,0
11354,80,0,10,0.859,0.564,0.821,0.0,0.659,0.016,0
11355,43,1,7,0.727,0.531,0.742,0.75,0.373,-0.014,0
11356,82,1,8,0.963,0.468,0.774,0.0,0.32,0.294,0
11357,44,0,9,1.135,0.483,0.555,0.5,0.042,0.37,0
11358,39,0,9,0.7,0.53,0.882,0.0,0.182,0.114,0
11359,72,1,10,1.041,0.69,0.697,0.0,0.12,0.44,0
11360,84,0,5,0.701,0.574,0.461,1.0,0.054,-0.018,1
11361,58,0,4,0.737,0.602,0.364,0.0,-0.172,-0.097,0
11362,66,0,7,0.692,0.506,0.723,0.0,0.374,-0.143,0
11363,50,0,10,0.93,0.7,0.632,0.0,0.107,0.032,0
11364,37,0,4,0.654,0.613,0.899,0.75,0.304,-0.064,0
11365,73,0,4,0.643,0.58,0.908,0.0,0.392,-0.153,0
11366,41,0,11,0.806,0.482,0.856,0.0,0.684,0.049,0
11367,49,1,10,1.036,0.498,0.719,1.0,0.276,0.294,0
11368,63,0,6,0.842,0.539,0.877,0.25,0.453,0.072,0
11369,81,0,5,0.749,0.33,0.498,0.5,-0.385,-0.191,0
11370,37,0,9,0.925,0.551,0.7,0.0,0.457,0.369,0
11371,52,1,7,0.731,0.602,0.615,0.0,-0.029,-0.032,0
11372,58,0,12,0.872,0.536,0.867,1.0,0.431,0.362,0
11373,70,0,3,0.651,0.596,0.53,1.0,-0.05,-0.056,0
11374,43,0,7,0.992,0.544,0.715,0.5,0.423,0.373,0
11375,44,1,11,0.856,0.428,0.846,0.5,0.257,0.208,0
11376,42,1,11,0.812,0.639,0.978,0.0,0.385,0.01,0
11377,80,1,7,0.665,0.646,0.818,0.0,0.218,-0.083,0
11378,70,0,8,0.869,0.786,0.843,1.0,0.582,0.219,1
11379,67,1,8,0.913,0.626,0.886,0.75,0.26,0.235,0
11380,35,1,4,0.752,0.47,0.706,0.0,0.013,-0.09,0
11381,46,1,10,1.057,0.567,0.643,0.0,0.072,0.407,0
11382,40,1,8,0.894,0.581,0.595,1.0,-0.181,0.169,0
11383,51,1,12,0.949,0.7,0.979,0.0,0.47,0.192,0
11384,84,0,10,0.8,0.622,0.839,0.5,0.136,-0.179,0
11385,65,0,3,0.868,0.613,0.727,0.0,0.238,0.446,0
11386,50,1,6,0.875,0.575,0.304,0.25,-0.188,0.02,0
11387,67,0,11,0.999,0.7,0.632,0.0,0.099,0.391,0
11388,45,1,7,0.796,0.727,0.871,0.0,0.663,0.03,0
11389,38,0,6,0.747,0.54,0.754,0.5,0.797,0.151,0
11390,45,0,12,1.064,0.613,1.088,1.0,0.667,0.366,0
11391,57,0,4,0.924,0.605,0.542,0.0,0.094,0.004,0
11392,61,0,6,0.939,0.635,0.613,0.0,0.233,-0.006,0
11393,53,1,12,1.043,0.621,0.976,0.0,0.666,0.339,0
11394,65,1,4,0.651,0.714,0.635,0.0,0.045,-0.242,0
11395,71,0,7,0.74,0.543,0.966,1.0,0.498,-0.005,0
11396,42,1,4,0.975,0.614,0.534,0.5,0.363,0.194,0
11397,58,1,10,0.661,0.569,0.983,0.0,0.62,-0.196,1
11398,80,0,12,0.815,0.436,0.881,0.0,0.445,0.182,0
11399,52,1,6,1.033,0.477,0.799,0.25,0.344,0.194,0
11400,45,0,8,0.849,0.525,0.896,0.25,0.644,-0.262,0
11401,33,1,7,1.032,0.518,0.769,1.0,0.069,0.016,0
11402,75,0,4,0.658,0.586,0.666,0.0,-0.042,0.195,0
11403,56,1,12,1.013,0.649,1.026,0.0,0.718,0.176,0
11404,52,0,11,1.076,0.58,0.782,0.75,0.298,0.376,1
11405,74,1,12,0.921,0.562,0.577,0.0,0.082,-0.062,1
11406,73,0,9,0.7,0.483,0.74,0.5,-0.029,-0.073,0
11407,30,0,8,0.878,0.446,0.7,0.0,0.43,0.112,0
11408,34,0,9,0.643,0.623,1.111,0.0,0.456,0.1,0
11409,30,0,5,0.93,0.648,0.517,0.25,0.249,0.07,0
11410,78,0,3,0.548,0.67,0.678,0.5,0.074,-0.4,0
11411,62,0,9,1.018,0.487,0.773,0.25,0.295,0.346,0
11412,68,1,7,0.843,0.558,0.77,0.25,0.354,0.034,0
11413,60,1,4,0.7,0.561,0.336,0.0,-0.081,-0.301,0
11414,36,1,3,0.872,0.571,0.496,0.25,0.1,0.224,0
11415,49,0,8,1.044,0.561,0.649,0.0,-0.062,0.28,0
11416,51,1,7,0.816,0.605,0.7,1.0,0.06,0.049,0
11417,71,1,12,1.058,0.49,0.924,0.0,0.406,0.404,0
11418,76,1,4,0.588,0.686,0.684,0.0,0.187,-0.072,0
11419,48,0,5,0.855,0.515,0.469,1.0,-0.382,0.292,0
11420,34,1,6,0.74,0.482,0.545,0.0,0.311,0.158,0
11421,84,0,12,1.061,0.642,1.225,1.0,0.859,0.379,0
11422,53,0,4,0.816,0.459,0.7,1.0,0.404,-0.132,0
11423,48,0,5,0.789,0.683,0.538,1.0,-0.01,0.003,0
11424,39,1,8,0.856,0.503,0.732,1.0,0.136,0.281,0
11425,53,0,10,0.919,0.587,0.734,0.5,0.435,0.262,0
11426,32,0,6,0.814,0.716,0.694,0.0,0.17,0.133,0
11427,65,0,11,1.11,0.517,0.877,0.0,0.414,0.083,0
11428,43,1,4,0.835,0.667,0.791,0.0,0.576,0.155,0
11429,54,0,10,0.989,0.542,0.614,0.5,0.131,0.258,0
11430,53,0,4,0.902,0.706,0.503,0.0,-0.006,0.29,0
11431,41,0,7,0.7,0.613,0.938,0.75,0.413,-0.181,0
11432,52,1,7,0.885,0.747,0.689,0.5,0.156,-0.043,0
11433,53,1,4,0.7,0.595,0.476,0.25,0.017,0.009,0
11434,39,0,12,0.834,0.559,1.016,0.0,0.548,-0.192,0
11435,39,1,8,1.066,0.729,0.792,0.0,0.062,0.134,0
11436,81,1,10,1.114,0.592,0.738,0.0,0.248,0.29,0
11437,65,0,6,0.933,0.7,0.793,0.0,0.624,0.14,0
11438,30,0,5,0.736,0.517,0.703,0.5,0.321,0.036,0
11439,67,1,11,0.877,0.66,0.791,0.75,0.293,0.071,0
11440,37,1,7,0.7,0.666,0.743,0.5,0.237,-0.047,0
11441,49,1,12,0.846,0.603,0.802,0.5,0.303,0.084,0
11442,67,1,9,0.827,0.595,0.63,0.0,0.114,0.121,0
11443,65,1,8,0.853,0.492,0.729,0.0,0.124,0.447,0
11444,36,1,11,0.911,0.395,1.221,0.0,0.847,-0.018,0
11445,72,1,9,1.053,0.543,0.423,0.25,0.011,0.55,0
11446,61,0,9,1.0,0.554,0.833,0.0,0.353,0.136,0
11447,46,1,11,1.141,0.491,0.573,0.0,0.204,0.136,0
11448,80,1,4,0.855,0.573,0.804,0.75,0.226,0.153,0
11449,45,1,8,0.852,0.463,0.783,0.0,0.113,0.086,0
11450,70,1,7,0.897,0.658,0.497,0.25,-0.372,0.053,0
11451,79,0,10,1.125,0.71,0.893,0.0,0.733,0.425,1
11452,37,0,9,0.972,0.594,1.018,0.0,0.376,0.281,0
11453,43,1,9,0.798,0.681,1.004,0.0,0.642,0.05,0
11454,40,0,8,0.822,0.552,0.84,0.25,0.301,0.195,0
11455,40,1,4,0.495,0.567,0.47,0.0,0.373,-0.271,0
11456,58,1,9,1.006,0.476,0.843,0.25,0.395,0.258,0
11457,52,1,8,1.042,0.499,0.823,0.0,0.301,0.336,0
11458,81,1,9,0.687,0.536,0.92,0.5,0.419,-0.069,0
11459,76,0,11,1.04,0.53,0.839,0.0,0.163,0.225,0
11460,40,0,5,0.746,0.662,0.896,0.5,0.196,0.046,0
11461,77,0,6,0.771,0.549,0.534,0.75,0.121,0.018,0
11462,37,0,9,0.607,0.7,0.799,0.0,0.414,-0.47,0
11463,81,1,7,0.646,0.645,0.688,1.0,0.314,-0.159,1
11464,45,0,11,0.978,0.573,0.903,0.0,0.586,0.257,0
11465,47,1,6,0.909,0.68,0.47,0.25,0.07,0.151,0
11466,64,0,12,0.833,0.591,1.004,1.0,0.581,0.097,1
11467,80,0,6,0.842,0.628,0.682,1.0,0.363,0.327,1
11468,77,0,12,0.968,0.758,0.721,0.25,0.349,0.26,0
11469,41,0,3,0.706,0.599,0.641,0.75,0.17,0.101,0
11470,82,1,11,0.74,0.611,0.949,0.75,0.679,-0.06,0
11471,37,1,9,0.996,0.539,0.468,0.0,0.088,0.053,0
11472,76,1,4,0.82,0.548,0.357,0.0,-0.316,0.038,0
11473,47,0,10,0.86,0.493,0.786,1.0,0.358,0.158,0
11474,82,0,12,0.938,0.604,1.088,1.0,0.521,0.2,0
11475,81,1,11,1.028,0.535,0.943,0.5,0.683,0.308,0
11476,39,0,4,0.729,0.7,0.6,0.0,-0.203,-0.028,0
11477,68,0,9,0.979,0.614,0.65,0.0,0.319,0.246,0
11478,60,1,5,0.849,0.649,0.366,0.0,-0.112,-0.09,0
11479,81,1,11,0.915,0.51,1.189,0.25,0.829,0.344,0
11480,69,0,8,0.681,0.569,0.836,0.5,0.691,-0.144,0
11481,42,0,4,0.85,0.673,0.596,1.0,-0.046,0.096,0
11482,42,1,11,0.865,0.53,0.542,0.25,-0.101,0.188,0
11483,44,1,4,1.101,0.501,0.73,0.0,0.035,0.285,0
11484,70,0,5,0.747,0.659,0.66,0.0,0.248,-0.089,0
11485,72,1,11,1.171,0.516,0.827,0.0,0.313,0.394,0
11486,77,1,6,1.052,0.533,0.512,0.25,0.013,0.413,0
11487,39,1,7,0.884,0.684,0.626,0.25,0.074,0.184,0
11488,49,0,5,0.757,0.651,0.7,0.25,0.374,0.077,0
11489,39,0,7,0.837,0.61,0.624,0.0,0.299,-0.005,0
11490,52,0,8,0.808,0.7,0.559,0.0,0.057,0.01,0
11491,83,0,5,0.746,0.628,0.435,0.0,0.222,0.299,0
11492,33,1,6,0.748,0.606,0.964,0.75,0.84,0.092,0
11493,82,0,11,0.955,0.451,0.909,0.0,0.376,0.497,0
11494,80,1,12,0.934,0.503,0.709,0.0,0.237,0.085,0
11495,43,0,10,1.157,0.463,0.947,0.5,0.776,0.371,0
11496,31,0,5,0.853,0.535,0.716,0.25,0.407,0.031,0
11497,35,1,9,0.911,0.496,0.767,0.5,0.502,0.014,0
11498,49,0,5,0.922,0.545,0.838,0.0,0.568,-0.092,0
11499,52,0,3,0.799,0.551,0.779,1.0,0.338,0.272,0
11500,60,0,11,0.926,0.585,1.036,0.0,0.487,0.197,0
11501,83,1,11,1.021,0.478,0.916,0.5,0.536,0.296,1
11502,53,1,10,1.19,0.546,0.701,0.0,0.202,0.55,0
11503,61,0,4,0.859,0.482,0.293,0.0,-0.151,-0.015,0
11504,79,0,6,0.728,0.767,0.772,0.75,0.161,0.087,0
11505,39,0,9,1.08,0.447,1.054,0.5,1.103,0.206,0
11506,72,1,12,0.933,0.516,1.184,0.25,0.55,0.262,0
11507,70,1,12,0.998,0.669,0.794,0.0,0.124,0.306,0
11508,33,1,4,0.737,0.749,0.653,0.0,0.025,-0.005,0
11509,63,0,12,0.999,0.7,0.553,1.0,-0.125,0.243,0
11510,40,0,5,0.749,0.667,0.661,0.5,-0.062,-0.131,0
11511,39,1,5,0.709,0.484,0.747,0.0,0.205,-0.316,0
11512,62,0,6,0.823,0.628,0.939,0.0,0.449,0.33,0
11513,64,0,11,1.044,0.5,1.067,0.75,0.77,0.426,0
11514,84,1,9,1.217,0.423,0.928,0.25,0.39,0.233,0
11515,70,1,11,0.995,0.678,0.841,0.0,-0.037,0.199,0
11516,32,0,9,0.952,0.52,1.013,0.0,0.621,0.305,0
11517,72,1,7,0.91,0.539,0.711,0.75,0.505,0.095,0
11518,61,0,3,0.906,0.604,0.7,0.0,0.164,0.075,0
11519,81,0,12,0.972,0.577,0.796,0.5,0.255,0.012,1
11520,52,1,4,1.08,0.662,0.56,0.0,0.386,0.454,0
11521,35,0,7,0.736,0.643,0.627,0.0,-0.201,-0.139,0
11522,70,0,11,1.188,0.528,0.989,1.0,0.675,0.617,0
11523,75,1,7,0.676,0.613,0.539,0.0,0.082,0.062,0
11524,59,1,5,0.758,0.589,0.819,0.0,0.437,-0.015,0
11525,84,0,8,0.628,0.635,0.407,0.0,-0.094,-0.068,1
11526,67,0,8,0.868,0.627,0.309,0.5,-0.216,-0.111,0
11527,60,0,12,0.872,0.408,0.891,0.0,0.523,0.23,0
11528,46,1,4,0.789,0.683,0.622,1.0,0.156,0.089,0
11529,58,0,7,0.957,0.578,0.741,0.0,0.714,0.44,0
11530,39,0,5,0.847,0.649,0.473,0.0,-0.102,0.006,0
11531,30,0,4,0.821,0.7,0.449,0.0,0.129,-0.003,0
11532,37,0,9,0.874,0.674,0.583,0.5,-0.006,0.283,0
11533,36,0,12,1.081,0.508,1.008,0.25,0.523,0.461,0
11534,41,1,10,0.797,0.576,0.773,0.5,0.201,-0.063,0
11535,69,0,12,0.9,0.587,1.092,1.0,0.495,0.051,0
11536,43,1,4,0.955,0.64,0.414,0.75,0.05,0.075,0
11537,45,0,5,0.849,0.615,0.365,1.0,-0.102,0.057,0
11538,46,0,10,0.842,0.546,0.689,0.25,0.473,0.08,0
11539,51,1,5,0.797,0.7,0.412,0.5,0.021,0.015,0
11540,59,1,4,1.056,0.595,0.808,0.0,0.332,0.395,0
11541,83,1,12,0.854,0.523,0.747,1.0,0.379,-0.113,1
11542,53,0,9,0.917,0.568,0.867,0.75,0.035,0.004,0
11543,84,1,4,0.823,0.565,0.267,0.0,-0.475,-0.016,0
11544,56,0,5,0.83,0.641,0.583,0.5,0.245,0.127,0
11545,45,1,5,0.908,0.611,0.489,0.5,0.005,0.2,0
11546,42,0,7,0.754,0.553,1.181,0.25,0.961,-0.011,0
11547,76,1,4,0.851,0.724,0.7,0.0,0.303,0.222,0
11548,41,0,9,0.957,0.461,0.657,0.5,0.321,0.246,0
11549,79,1,5,0.8,0.745,0.816,0.25,0.038,0.04,1
11550,66,0,3,0.655,0.601,0.681,0.25,-0.039,-0.165,0
11551,47,1,4,0.849,0.587,0.771,0.75,0.634,0.212,0
11552,74,1,4,0.573,0.567,0.528,0.0,0.028,-0.062,0
11553,31,0,7,1.06,0.416,0.608,0.75,-0.193,0.551,0
11554,79,1,8,0.735,0.724,1.078,0.75,0.788,-0.182,1
11555,37,0,9,1.039,0.61,0.8,0.0,0.324,0.303,0
11556,77,0,9,0.714,0.582,0.709,0.0,0.449,0.181,0
11557,52,0,10,0.7,0.613,0.627,1.0,0.046,-0.221,0
11558,74,1,5,0.862,0.522,0.601,0.0,0.225,0.253,0
11559,55,1,3,0.559,0.55,0.56,0.75,0.011,-0.131,0
11560,56,0,10,0.831,0.543,0.616,0.0,-0.19,0.115,0
11561,57,1,4,0.926,0.48,0.235,0.0,-0.251,0.143,0
11562,70,1,10,0.917,0.621,0.644,0.5,0.362,0.126,0
11563,47,1,3,0.776,0.534,0.59,0.5,0.114,-0.008,0
11564,39,0,12,0.873,0.555,0.756,0.0,0.327,0.212,0
11565,46,1,6,0.944,0.496,0.526,0.5,-0.174,0.04,0
11566,52,0,8,0.948,0.511,0.826,0.0,0.606,0.154,0
11567,35,1,9,0.854,0.532,0.678,1.0,0.25,0.058,0
11568,48,1,12,1.304,0.356,0.916,0.0,0.58,0.548,0
11569,60,1,6,0.883,0.523,0.565,0.25,0.128,-0.001,0
11570,39,1,4,1.085,0.879,0.735,1.0,0.05,0.346,0
11571,81,0,3,0.928,0.572,0.708,0.5,0.249,0.151,0
11572,59,0,10,0.931,0.554,0.635,0.0,0.214,0.178,0
11573,48,1,5,0.889,0.593,0.536,0.0,0.133,0.189,0
11574,60,0,7,0.744,0.413,0.732,1.0,0.032,-0.0,0
11575,56,1,5,0.917,0.625,0.612,0.25,0.255,0.167,0
11576,34,0,6,0.81,0.692,0.596,0.5,-0.099,-0.115,0
11577,83,0,12,0.897,0.571,0.774,0.5,0.341,0.348,1
11578,70,1,11,1.072,0.545,0.977,0.0,0.136,0.481,0
11579,42,1,10,0.94,0.681,0.656,0.0,0.265,-0.021,0
11580,51,1,7,0.727,0.687,0.736,0.0,0.514,-0.222,0
11581,44,1,11,0.896,0.508,0.979,0.0,0.51,0.053,0
11582,52,0,6,0.886,0.577,0.954,0.0,0.371,0.216,0
11583,81,0,7,1.014,0.451,0.595,0.5,0.172,0.331,0
11584,30,1,7,0.689,0.69,0.764,0.0,0.064,0.101,0
11585,30,0,4,0.886,0.635,0.533,0.0,0.09,0.119,0
11586,49,1,5,0.769,0.663,0.817,0.25,0.475,0.178,0
11587,54,0,12,0.891,0.541,1.003,0.0,0.503,0.14,0
11588,52,0,10,0.895,0.49,0.935,0.5,0.122,0.264,0
11589,46,1,11,0.914,0.567,0.968,0.75,0.493,0.229,0
11590,43,0,9,0.824,0.635,0.83,1.0,0.75,-0.005,0
11591,33,1,12,0.949,0.456,0.814,0.25,0.312,0.079,0
11592,44,1,6,0.747,0.543,0.556,0.0,0.0,0.046,0
11593,32,0,8,0.748,0.358,1.162,0.5,0.494,0.022,0
11594,43,0,12,1.128,0.504,0.837,0.0,0.416,0.367,0
11595,66,1,11,0.919,0.587,0.656,0.0,-0.236,0.077,0
11596,83,1,10,0.826,0.527,0.746,0.0,0.553,0.053,0
11597,48,1,5,0.938,0.766,0.661,0.0,0.085,0.459,0
11598,66,1,12,1.177,0.446,0.661,0.0,0.004,0.447,0
11599,69,0,4,0.702,0.649,0.536,0.0,-0.3,0.071,0
11600,36,0,3,0.689,0.683,0.24,0.25,0.113,-0.258,0
11601,33,0,4,0.998,0.544,0.77,0.0,0.56,0.213,0
11602,32,1,10,0.88,0.523,0.696,0.75,-0.077,-0.011,0
11603,38,1,8,0.923,0.555,1.024,0.0,0.792,0.214,0
11604,57,0,4,0.883,0.593,0.557,0.0,-0.127,0.183,0
11605,72,1,4,0.715,0.614,0.602,1.0,0.157,-0.164,0
11606,35,1,8,0.784,0.508,0.759,0.75,0.393,0.281,0
11607,62,1,11,1.044,0.523,1.139,0.5,1.242,0.205,0
11608,82,1,7,0.637,0.7,0.688,0.0,0.232,-0.156,0
11609,76,0,12,0.872,0.504,0.864,0.0,0.233,0.203,0
11610,47,1,6,0.734,0.589,0.65,0.75,0.156,0.02,0
11611,51,0,4,0.782,0.51,0.494,0.5,-0.206,0.041,0
11612,43,1,11,0.832,0.595,1.026,0.0,0.579,-0.002,0
11613,61,0,9,0.752,0.548,0.815,0.25,0.175,-0.18,0
11614,51,0,12,1.13,0.652,0.587,1.0,0.105,0.412,0
11615,37,0,11,1.043,0.567,0.751,0.75,0.541,0.222,0
11616,46,0,11,0.737,0.609,0.644,0.25,-0.005,0.132,0
11617,70,1,6,0.812,0.557,0.662,0.0,0.317,0.279,0
11618,64,1,9,0.887,0.648,1.131,0.25,0.335,0.25,0
11619,30,1,7,0.704,0.604,0.817,0.0,0.156,-0.003,0
11620,55,0,6,1.124,0.647,0.58,1.0,0.24,0.608,0
11621,31,0,10,1.126,0.444,0.697,0.0,0.452,0.534,0
11622,41,1,6,0.981,0.474,0.657,0.0,0.163,0.203,0
11623,77,0,9,1.104,0.52,1.008,0.0,0.891,0.345,0
11624,37,1,7,0.64,0.557,0.925,0.25,0.358,-0.106,0
11625,56,1,5,0.909,0.704,0.753,0.0,0.406,0.129,0
11626,62,1,12,0.971,0.531,0.987,0.5,0.601,0.242,0
11627,71,1,12,0.86,0.463,1.007,0.0,0.267,0.16,0
11628,31,1,7,0.996,0.659,0.878,0.5,0.402,0.531,0
11629,73,1,11,0.836,0.536,0.95,0.25,0.452,-0.006,1
11630,50,1,3,0.675,0.526,0.623,0.0,0.142,-0.02,0
11631,50,0,4,0.78,0.553,0.613,1.0,0.078,0.001,0
11632,30,1,6,0.971,0.637,0.547,1.0,0.067,0.279,0
11633,51,0,7,0.834,0.596,0.655,0.0,0.224,0.067,0
11634,70,1,11,1.028,0.544,1.017,0.75,0.728,0.128,0
11635,49,1,7,0.906,0.553,0.609,0.0,0.392,0.308,0
11636,35,1,12,1.108,0.544,0.822,0.5,0.71,0.335,0
11637,35,1,6,0.856,0.652,0.808,0.5,0.516,0.233,0
11638,55,0,4,0.789,0.418,0.45,0.5,0.069,0.054,0
11639,76,1,5,0.835,0.606,0.859,0.0,0.451,0.052,0
11640,50,1,3,0.89,0.427,0.496,0.5,0.09,0.143,0
11641,54,0,9,0.855,0.583,0.726,0.0,0.462,0.136,0
11642,59,1,8,0.676,0.636,0.665,0.0,-0.195,-0.062,0
11643,32,0,7,0.904,0.514,0.493,1.0,0.11,0.193,0
11644,31,1,8,0.932,0.464,0.866,0.25,0.239,0.187,0
11645,47,1,9,0.762,0.504,0.745,0.5,0.392,-0.224,0
11646,83,0,4,0.694,0.629,0.509,0.0,0.279,0.067,0
11647,45,0,4,0.764,0.606,0.57,1.0,-0.018,-0.092,0
11648,65,1,10,0.805,0.591,1.052,0.5,0.439,0.032,0
11649,44,0,10,0.82,0.623,0.698,0.0,0.218,-0.029,0
11650,52,1,12,0.934,0.574,0.948,0.5,0.421,0.215,0
11651,77,1,11,0.961,0.574,0.903,0.25,0.379,0.226,0
11652,34,0,5,0.922,0.724,0.528,1.0,-0.084,0.106,0
11653,70,1,5,0.804,0.706,0.548,0.0,0.035,0.01,0
11654,84,0,10,0.779,0.607,0.807,0.5,0.187,0.304,0
11655,65,0,10,1.087,0.528,0.827,0.75,0.313,0.25,0
11656,48,0,11,0.817,0.51,0.607,1.0,0.177,0.227,0
11657,33,1,6,0.761,0.466,0.39,0.0,-0.104,-0.131,0
11658,43,1,11,0.826,0.489,0.824,0.5,0.109,0.119,0
11659,60,1,10,0.964,0.518,0.727,0.5,0.365,0.361,0
11660,35,1,4,0.665,0.669,0.325,0.0,0.027,-0.302,0
11661,46,0,12,1.168,0.778,0.779,0.0,0.263,0.465,0
11662,34,1,12,0.932,0.524,1.29,0.0,0.759,-0.009,0
11663,35,1,5,0.818,0.573,0.711,0.0,0.224,-0.036,0
11664,65,1,6,0.827,0.715,0.441,0.0,0.209,-0.119,0
11665,47,0,10,0.921,0.545,0.914,0.25,0.412,-0.002,0
11666,62,1,3,0.835,0.61,0.303,0.0,-0.076,-0.06,0
11667,44,1,7,0.767,0.688,0.918,0.5,0.464,-0.087,0
11668,50,0,5,0.948,0.438,0.837,1.0,0.254,0.083,0
11669,52,1,11,0.893,0.492,0.969,0.5,0.591,0.185,0
11670,57,1,11,0.836,0.571,0.717,0.25,0.112,0.114,0
11671,41,0,5,0.917,0.6,0.523,0.0,-0.138,0.038,0
11672,82,0,7,0.81,0.694,0.734,0.0,0.474,0.11,0
11673,79,1,3,0.602,0.533,0.428,0.0,-0.249,-0.077,0
11674,77,0,3,0.816,0.538,0.439,0.5,-0.126,0.287,0
11675,35,1,12,0.997,0.478,0.676,1.0,0.018,0.092,0
11676,82,1,6,0.702,0.605,0.687,0.0,0.388,-0.016,1
11677,46,1,5,0.93,0.672,0.422,0.5,-0.0,0.23,0
11678,56,1,12,1.184,0.416,1.013,0.0,0.683,0.627,0
11679,48,1,10,0.918,0.565,0.96,0.5,0.426,0.01,0
11680,40,1,8,0.955,0.582,0.67,0.25,0.105,0.053,0
11681,49,0,11,0.883,0.598,0.733,0.5,0.313,0.111,0
11682,57,0,5,0.738,0.628,0.457,0.75,0.37,-0.088,0
11683,35,1,5,0.864,0.6,0.531,0.25,0.03,0.164,0
11684,51,0,4,0.552,0.505,0.605,0.75,0.227,-0.237,0
11685,47,0,7,0.765,0.477,0.924,0.25,0.512,-0.144,0
11686,31,1,11,0.814,0.477,1.077,0.25,0.591,0.16,0
11687,81,1,7,0.732,0.6,0.506,0.0,-0.13,-0.079,0
11688,65,1,5,0.785,0.715,0.7,0.0,-0.04,0.022,0
11689,80,1,11,1.054,0.449,1.352,0.0,0.979,0.156,0
11690,40,0,9,1.156,0.631,0.854,0.25,0.466,0.42,0
11691,74,0,8,0.806,0.533,0.752,0.0,0.439,0.071,0
11692,64,0,10,1.015,0.568,0.945,0.0,0.545,0.407,0
11693,73,1,8,0.866,0.604,0.627,0.0,0.469,0.134,0
11694,65,0,3,0.898,0.554,0.875,0.25,0.476,0.287,0
11695,75,1,8,0.97,0.6,0.663,0.0,0.3,0.341,0
11696,84,1,4,0.947,0.681,0.603,0.5,0.397,0.013,0
11697,64,1,3,0.607,0.609,0.342,0.0,-0.15,-0.017,0
11698,38,0,3,0.975,0.609,0.806,0.75,0.436,0.309,0
11699,43,0,6,0.746,0.648,0.676,0.0,0.016,0.021,0
11700,62,1,6,0.777,0.701,0.732,0.0,0.312,0.091,0
11701,83,1,12,0.799,0.637,0.927,0.0,0.355,-0.149,0
11702,36,1,11,1.145,0.531,0.627,1.0,0.198,0.336,0
11703,66,0,12,1.113,0.503,1.225,0.0,0.525,0.472,0
11704,31,0,4,0.611,0.691,0.637,0.25,0.17,-0.155,0
11705,49,1,5,1.037,0.645,0.747,0.0,0.101,0.422,0
11706,81,1,6,0.927,0.668,0.767,0.75,0.087,0.149,0
11707,75,1,8,0.932,0.618,0.966,1.0,0.283,0.287,0
11708,59,0,6,1.027,0.619,0.643,0.75,0.381,0.432,0
11709,38,0,9,0.86,0.584,0.591,0.25,-0.229,0.166,0
11710,47,1,10,0.979,0.483,0.536,0.25,0.345,0.195,0
11711,53,1,12,1.032,0.575,1.16,0.0,0.75,0.25,0
11712,34,0,11,1.023,0.594,0.937,0.0,0.401,0.43,0
11713,65,0,7,0.647,0.494,0.7,0.0,0.101,0.146,0
11714,45,1,10,0.934,0.7,0.938,0.0,0.528,0.177,0
11715,83,1,8,0.857,0.464,0.523,1.0,-0.17,-0.023,0
11716,82,1,8,0.788,0.712,0.612,0.5,-0.11,-0.028,0
11717,50,1,7,0.963,0.514,0.825,0.5,0.429,0.069,0
11718,82,0,8,0.7,0.685,0.681,0.0,0.069,-0.059,0
11719,78,1,8,0.7,0.76,0.676,0.0,0.183,0.109,0
11720,49,1,4,0.672,0.591,0.853,0.75,0.586,0.093,0
11721,43,1,7,0.7,0.639,0.798,0.0,0.344,-0.195,0
11722,80,1,5,0.88,0.661,0.838,0.0,0.444,0.318,0
11723,67,0,10,1.01,0.614,0.729,0.5,-0.193,0.11,0
11724,68,0,5,1.052,0.628,0.628,0.0,0.01,0.255,0
11725,68,1,12,1.048,0.589,0.959,0.0,0.399,0.242,0
11726,51,1,6,0.782,0.669,0.54,0.0,0.411,0.051,0
11727,71,0,11,0.879,0.518,0.89,0.25,0.546,0.15,0
11728,59,1,10,0.994,0.601,0.66,0.0,0.23,0.473,0
11729,48,0,7,0.81,0.667,0.373,1.0,-0.569,-0.016,0
11730,55,0,7,0.841,0.7,0.667,0.0,0.224,0.073,0
11731,31,1,3,0.795,0.617,0.347,0.25,-0.097,0.085,0
11732,57,0,10,0.921,0.577,1.062,0.5,0.407,0.27,0
11733,64,0,5,0.712,0.502,0.89,0.25,0.318,0.047,0
11734,45,0,6,0.78,0.58,0.853,0.25,0.547,0.306,0
11735,78,1,9,0.851,0.604,0.672,0.0,0.037,0.22,0
11736,61,0,5,0.852,0.617,0.715,0.0,-0.088,-0.06,0
11737,77,0,12,0.95,0.606,0.886,0.25,0.364,0.088,0
11738,52,1,5,0.925,0.659,0.341,0.0,-0.159,0.262,0
11739,76,1,12,0.845,0.485,1.207,0.5,0.802,0.077,0
11740,59,1,5,0.787,0.533,0.704,0.0,0.467,0.036,0
11741,57,1,9,1.197,0.581,0.844,0.0,0.065,0.159,0
11742,78,1,6,1.009,0.527,0.494,0.0,0.074,0.286,0
11743,67,0,5,0.74,0.647,0.605,0.0,0.011,-0.001,0
11744,55,0,8,0.709,0.592,1.06,0.5,0.676,0.16,0
11745,71,1,9,1.107,0.607,1.048,0.0,0.482,0.411,0
11746,31,0,11,0.928,0.533,1.047,0.25,0.505,0.219,0
11747,70,1,4,0.718,0.52,0.887,0.0,0.427,-0.107,0
11748,57,0,5,0.768,0.575,0.595,0.25,0.175,-0.022,0
11749,64,1,8,0.961,0.586,0.64,0.0,0.249,0.362,0
11750,45,1,7,0.897,0.616,0.46,0.0,0.337,0.227,0
11751,82,0,4,0.807,0.7,0.47,0.75,-0.082,0.117,0
11752,34,1,7,0.918,0.673,0.575,0.5,0.0,0.156,0
11753,69,1,7,0.715,0.632,0.857,0.5,0.586,0.03,0
11754,84,1,8,0.962,0.569,0.762,0.0,0.414,0.132,1
11755,58,0,5,0.78,0.639,0.562,0.0,0.028,0.164,0
11756,73,1,7,0.7,0.53,0.609,0.75,-0.046,-0.016,0
11757,39,1,11,1.049,0.545,0.808,0.0,0.455,0.528,0
11758,80,0,6,1.12,0.614,0.823,0.5,0.52,0.277,0
11759,80,0,4,0.914,0.544,0.557,0.0,-0.048,0.158,1
11760,42,0,8,0.654,0.671,0.746,0.0,0.332,0.032,0
11761,35,0,4,0.782,0.546,0.473,0.0,0.118,-0.054,0
11762,69,0,7,0.91,0.559,0.738,0.0,0.343,0.1,0
11763,46,1,7,0.981,0.6,0.721,0.0,0.338,0.298,0
11764,30,1,5,0.883,0.58,0.612,0.0,0.196,0.043,0
11765,40,1,11,0.878,0.633,0.914,1.0,0.725,0.089,0
11766,46,0,10,0.923,0.638,0.839,0.5,0.326,0.175,0
11767,57,0,12,0.685,0.454,0.822,0.0,0.677,0.042,0
11768,78,1,9,1.109,0.54,0.676,0.0,0.296,0.378,0
11769,71,1,6,0.829,0.575,0.442,0.0,0.106,-0.074,0
11770,49,1,3,0.626,0.566,0.714,0.0,-0.153,-0.096,0
11771,42,1,7,0.945,0.624,0.563,0.5,0.24,0.305,0
11772,82,0,5,1.039,0.644,0.369,0.25,0.03,0.352,0
11773,79,1,7,0.809,0.611,0.812,0.0,0.273,0.056,0
11774,54,0,7,0.863,0.652,0.743,0.0,0.257,0.062,0
11775,72,1,5,0.7,0.512,0.637,0.0,-0.04,-0.012,0
11776,57,0,3,0.871,0.595,0.206,0.5,-0.494,0.086,0
11777,54,1,8,0.903,0.584,0.842,0.0,0.425,0.042,0
11778,41,0,3,0.878,0.585,0.271,0.0,-0.394,0.211,0
11779,50,0,8,1.012,0.656,0.821,0.0,0.471,0.202,0
11780,43,0,6,0.905,0.715,0.541,0.0,-0.039,0.302,0
11781,39,1,11,0.797,0.51,0.899,0.25,0.302,0.209,0
11782,69,1,10,1.003,0.604,0.72,0.0,0.011,0.29,0
11783,35,1,11,1.034,0.433,0.774,0.75,0.306,0.458,0
11784,36,0,5,1.109,0.733,0.7,0.0,0.137,0.461,0
11785,74,1,12,0.7,0.619,1.202,0.0,0.814,-0.078,0
11786,35,0,3,0.755,0.68,0.503,0.0,-0.156,0.106,0
11787,84,1,11,1.108,0.53,0.99,0.25,0.632,0.582,0
11788,59,0,7,0.651,0.533,1.118,0.0,0.56,-0.029,0
11789,60,1,6,1.01,0.668,0.403,0.0,-0.269,0.303,0
11790,84,1,7,0.772,0.65,0.855,1.0,0.309,-0.086,0
11791,39,0,5,1.091,0.663,0.919,0.75,0.222,0.284,0
11792,47,0,4,0.93,0.7,0.738,0.0,0.108,0.084,0
11793,63,1,4,0.851,0.634,0.408,0.25,0.187,-0.044,0
11794,61,0,7,0.963,0.509,0.727,0.5,0.027,0.096,0
11795,84,0,3,1.084,0.515,0.741,0.0,0.205,0.354,0
11796,31,0,5,0.941,0.503,0.869,0.25,0.773,0.161,0
11797,51,0,8,0.728,0.522,0.634,0.25,-0.014,0.015,0
11798,61,1,12,1.02,0.654,0.818,0.0,0.314,0.444,0
11799,34,1,7,0.599,0.609,0.808,0.0,0.372,-0.104,0
11800,84,1,9,0.991,0.575,0.861,0.0,0.161,0.24,0
11801,39,0,3,0.756,0.727,0.506,0.0,-0.253,-0.005,0
11802,57,0,5,0.811,0.689,0.612,0.0,0.13,0.064,0
11803,55,0,10,0.913,0.649,0.833,0.0,0.473,0.137,0
11804,81,0,3,0.87,0.7,0.568,0.0,-0.184,0.113,0
11805,71,1,5,1.127,0.611,0.853,0.0,0.425,0.466,0
11806,82,1,6,0.901,0.734,0.21,0.0,-0.217,0.134,0
11807,59,0,10,0.608,0.622,0.75,0.0,0.172,-0.179,0
11808,50,1,8,1.099,0.538,0.785,0.5,0.383,0.494,0
11809,77,0,4,0.856,0.592,0.613,0.25,0.14,0.069,0
11810,80,1,5,0.944,0.549,0.644,0.75,0.068,0.279,1
11811,44,1,7,0.963,0.666,0.512,1.0,-0.089,0.265,0
11812,81,1,6,0.913,0.663,0.859,0.25,0.311,0.204,0
11813,58,0,5,0.753,0.411,0.72,0.0,0.254,0.047,0
11814,43,0,11,0.906,0.549,0.864,0.0,0.156,-0.082,0
11815,61,1,8,1.073,0.665,0.634,0.0,-0.003,0.28,0
11816,37,0,7,0.757,0.609,0.7,0.0,0.358,0.057,0
11817,74,1,8,1.008,0.456,0.973,0.75,0.777,0.096,0
11818,52,1,6,0.868,0.478,0.702,0.0,0.002,0.034,0
11819,57,1,7,0.963,0.605,0.871,0.75,0.171,0.133,0
11820,74,0,9,0.816,0.569,0.637,0.5,0.147,0.323,0
11821,35,0,5,0.979,0.681,0.599,0.25,-0.294,0.349,0
11822,44,1,9,0.8,0.569,1.027,0.75,0.269,0.206,0
11823,74,0,12,0.756,0.49,0.756,0.0,0.725,0.056,0
11824,54,0,7,0.934,0.576,1.045,0.25,0.329,0.311,0
11825,32,1,8,0.974,0.634,0.744,0.5,0.234,0.243,0
11826,42,0,6,0.812,0.607,0.523,1.0,-0.027,-0.132,0
11827,51,0,6,0.633,0.55,0.556,0.25,-0.022,0.12,0
11828,45,1,6,0.975,0.587,0.646,0.0,0.241,0.106,0
11829,83,1,10,0.578,0.539,0.871,0.0,0.355,-0.15,0
11830,83,0,5,0.57,0.539,0.69,1.0,0.355,-0.228,0
11831,79,0,7,0.893,0.608,0.844,0.0,0.643,0.174,0
11832,45,1,10,0.974,0.483,0.883,0.0,0.405,0.306,0
11833,35,0,6,0.937,0.53,0.702,0.25,0.052,0.173,0
11834,61,1,8,0.81,0.656,0.719,0.0,0.283,0.037,0
11835,80,0,6,1.0,0.597,1.113,0.0,1.123,0.262,0
11836,49,0,3,0.513,0.535,0.7,1.0,0.473,-0.206,0
11837,40,1,8,0.992,0.617,0.837,0.25,0.181,0.169,0
11838,57,0,10,0.759,0.547,0.643,0.0,0.092,-0.059,0
11839,39,1,3,0.932,0.689,0.468,0.25,0.049,0.172,0
11840,36,1,8,0.78,0.564,1.137,0.0,0.745,-0.084,0
11841,44,1,5,0.777,0.504,0.719,0.5,-0.151,-0.005,0
11842,82,1,7,0.743,0.626,0.775,1.0,0.337,-0.099,1
11843,41,1,4,0.698,0.586,0.662,0.0,0.264,0.211,0
11844,67,1,9,0.936,0.507,0.685,0.25,0.35,0.236,0
11845,77,0,4,0.914,0.64,0.629,0.0,0.236,0.214,0
11846,59,1,12,0.927,0.527,0.69,0.75,0.368,-0.171,0
11847,39,1,7,0.826,0.461,0.702,0.0,0.451,-0.072,0
11848,50,0,3,0.65,0.527,0.818,0.5,0.566,-0.042,0
11849,63,0,3,0.95,0.575,0.37,1.0,-0.173,0.203,0
11850,58,0,6,0.713,0.598,0.871,0.25,0.397,0.076,0
11851,74,0,8,0.958,0.61,0.875,0.5,0.38,0.036,0
11852,33,1,5,0.921,0.651,0.468,0.0,-0.158,0.18,0
11853,74,0,11,0.977,0.558,0.837,0.0,0.437,0.202,0
11854,31,0,11,0.869,0.493,0.865,0.0,0.66,0.01,0
11855,73,1,5,0.879,0.581,0.91,0.0,0.286,0.112,1
11856,44,0,5,0.739,0.513,0.612,0.0,0.274,0.039,0
11857,69,0,4,0.914,0.596,0.533,1.0,0.016,0.339,0
11858,82,1,9,0.983,0.438,0.731,1.0,0.07,0.137,0
11859,47,0,6,0.992,0.631,0.579,0.0,-0.161,0.119,0
11860,56,0,3,0.758,0.569,0.7,1.0,0.146,0.049,0
11861,45,0,12,1.015,0.564,1.022,0.0,1.054,0.334,0
11862,59,0,3,0.726,0.617,0.21,0.0,-0.334,-0.365,0
11863,73,1,7,0.895,0.545,0.812,0.0,0.424,0.132,0
11864,59,0,9,1.06,0.531,0.811,0.25,0.434,0.073,0
11865,77,1,5,1.003,0.665,0.629,0.0,0.401,0.428,0
11866,33,1,9,0.841,0.661,0.551,0.25,0.103,-0.085,0
11867,68,1,12,1.002,0.505,1.007,0.0,0.343,0.2,0
11868,30,1,9,1.205,0.49,0.264,0.25,0.11,0.438,0
11869,55,0,12,1.051,0.591,0.985,0.0,0.793,0.174,0
11870,51,0,6,0.868,0.588,0.486,0.75,0.029,0.191,0
11871,59,0,4,0.554,0.585,0.53,0.0,-0.274,-0.302,0
11872,45,0,4,0.877,0.561,0.324,0.0,-0.009,0.198,0
11873,44,1,10,1.028,0.513,0.854,0.0,0.389,0.35,0
11874,36,0,10,0.819,0.548,0.955,0.25,0.403,0.091,0
11875,43,0,8,0.707,0.55,0.649,0.75,0.115,0.072,0
11876,79,1,4,0.681,0.705,0.434,0.5,0.106,-0.112,0
11877,71,1,7,0.82,0.539,0.556,0.25,0.062,0.11,0
11878,66,1,7,0.951,0.627,0.544,0.25,0.354,0.14,0
11879,51,1,7,0.792,0.643,0.538,1.0,-0.096,0.135,0
11880,34,1,8,0.855,0.582,0.813,0.0,0.561,0.202,0
11881,48,0,3,1.024,0.689,0.7,0.0,0.073,0.351,0
11882,57,1,4,0.664,0.563,0.598,0.0,-0.065,-0.154,0
11883,38,1,4,0.545,0.579,0.538,0.0,0.262,-0.319,0
11884,36,1,7,0.78,0.613,0.84,0.5,0.415,0.078,0
11885,59,1,10,0.978,0.438,0.899,0.0,0.481,0.15,1
11886,58,0,5,0.782,0.478,0.664,0.25,0.342,0.232,0
11887,72,0,7,0.828,0.646,0.535,0.0,0.014,0.306,0
11888,50,1,6,0.873,0.7,0.75,0.25,0.528,0.143,0
11889,78,1,10,0.864,0.508,0.579,0.25,0.123,0.238,0
11890,62,1,9,0.851,0.571,0.757,0.75,0.293,0.079,0
11891,57,0,6,0.705,0.58,0.306,0.25,-0.394,0.123,0
11892,79,1,9,1.035,0.535,0.739,0.0,0.318,0.318,0
11893,75,1,4,0.908,0.556,0.579,1.0,0.036,0.006,0
11894,37,1,12,0.7,0.434,0.779,0.0,0.305,-0.343,0
11895,50,0,7,0.7,0.715,0.56,0.0,-0.185,0.132,0
11896,45,1,10,1.109,0.539,1.019,1.0,0.392,0.328,0
11897,84,0,3,0.952,0.62,0.705,0.0,0.18,-0.123,0
11898,81,1,7,1.003,0.605,0.68,0.0,-0.02,0.162,1
11899,56,0,11,0.923,0.506,0.903,0.75,0.629,0.114,0
11900,76,1,8,0.888,0.481,0.735,0.5,0.435,0.099,0
11901,69,1,5,0.654,0.511,0.944,0.0,0.307,-0.129,0
11902,50,1,7,1.039,0.654,0.913,1.0,0.659,0.264,0
11903,30,0,3,0.822,0.7,0.731,0.25,0.387,-0.019,0
11904,65,1,11,0.879,0.579,1.004,0.5,0.443,0.305,0
11905,37,0,7,0.778,0.475,0.672,0.25,0.316,-0.037,0
11906,82,0,10,0.754,0.686,0.605,0.0,0.332,0.179,0
11907,69,0,7,0.862,0.554,0.612,0.0,0.057,0.035,0
11908,58,0,9,0.818,0.524,0.893,0.0,0.309,0.177,0
11909,54,1,5,0.721,0.446,0.818,0.25,0.199,-0.126,0
11910,66,0,9,1.036,0.48,0.961,0.5,0.408,0.157,0
11911,80,0,6,0.764,0.582,0.585,0.75,0.153,-0.075,0
11912,49,0,8,0.894,0.677,0.839,1.0,0.052,0.149,0
11913,80,1,6,0.745,0.608,0.409,0.0,-0.123,-0.008,0
11914,80,0,10,0.861,0.644,1.043,0.75,0.598,0.116,0
11915,47,0,10,0.853,0.525,0.699,1.0,0.442,0.362,0
11916,52,0,11,0.94,0.568,0.944,1.0,0.74,0.184,0
11917,40,0,9,0.998,0.568,1.063,0.75,0.605,0.077,0
11918,30,1,10,0.88,0.455,0.911,0.25,0.553,0.019,0
11919,32,1,8,0.901,0.583,0.769,0.25,0.442,-0.006,0
11920,54,1,3,0.797,0.519,0.346,0.0,-0.127,-0.08,0
11921,57,1,5,0.678,0.683,0.511,0.0,0.226,0.08,0
11922,55,0,6,0.759,0.496,0.742,0.0,0.356,0.101,0
11923,50,0,3,0.614,0.636,0.735,0.5,0.089,-0.157,0
11924,40,0,10,0.9,0.603,0.808,1.0,0.437,0.157,0
11925,56,1,3,0.814,0.6,0.568,0.5,0.164,-0.079,0
11926,63,0,5,0.923,0.68,0.414,0.0,-0.185,0.13,0
11927,83,1,8,0.7,0.614,0.921,1.0,0.378,-0.11,1
11928,67,1,6,0.867,0.563,0.732,0.0,0.295,-0.239,0
11929,33,0,11,0.783,0.437,1.126,1.0,0.558,0.053,0
11930,76,1,7,0.93,0.7,0.544,0.0,-0.145,0.465,0
11931,47,1,9,0.753,0.648,0.698,0.0,0.427,0.025,0
11932,46,1,4,0.814,0.561,0.199,0.5,-0.314,0.073,0
11933,77,0,10,1.098,0.609,0.847,0.25,0.487,0.178,0
11934,80,0,6,0.701,0.633,0.747,0.5,0.499,-0.156,0
11935,75,1,8,1.059,0.506,0.632,0.5,-0.117,0.327,0
11936,65,1,4,0.939,0.593,0.767,0.5,0.355,0.048,0
11937,70,0,12,1.158,0.745,0.744,0.0,0.438,0.168,0
11938,67,0,9,0.976,0.479,0.683,0.0,0.236,0.523,0
11939,30,0,7,0.889,0.513,0.66,0.0,0.096,0.089,0
11940,61,1,8,0.927,0.626,0.824,0.75,0.242,0.223,1
11941,43,1,11,0.991,0.52,0.7,0.75,0.326,0.268,0
11942,58,0,12,0.954,0.522,0.8,0.0,0.004,0.06,0
11943,83,0,10,0.886,0.436,0.7,0.0,0.266,0.124,0
11944,33,0,3,0.745,0.659,0.644,0.0,-0.019,0.159,0
11945,31,0,9,0.861,0.489,0.547,0.0,-0.153,0.067,0
11946,48,0,8,0.984,0.732,0.871,0.0,0.383,0.536,0
11947,81,0,4,0.668,0.768,0.578,1.0,0.387,-0.275,0
11948,68,1,5,0.838,0.74,0.746,0.0,0.101,0.041,0
11949,51,1,9,0.988,0.619,0.671,0.0,0.1,0.086,0
11950,41,1,8,1.054,0.694,0.706,0.5,0.302,0.417,0
11951,74,1,6,0.878,0.638,0.684,0.0,0.21,-0.036,0
11952,83,0,7,0.7,0.643,0.752,0.0,0.314,-0.145,0
11953,50,1,8,0.999,0.476,0.704,0.5,0.215,0.17,0
11954,53,1,5,0.7,0.679,0.628,0.0,0.102,-0.173,0
11955,35,0,5,0.825,0.618,0.901,0.25,0.565,-0.001,0
11956,78,1,11,0.995,0.654,0.873,0.0,0.666,0.137,1
11957,31,0,4,0.921,0.665,0.723,0.0,0.035,0.045,0
11958,75,1,8,0.856,0.533,0.744,0.25,0.315,0.104,0
11959,46,1,7,0.803,0.573,1.025,0.75,0.47,0.052,0
11960,49,1,10,0.891,0.625,0.896,0.75,0.457,0.249,0
11961,37,1,6,0.767,0.526,0.557,0.0,0.192,-0.025,0
11962,46,1,8,1.131,0.502,0.911,0.0,0.382,0.35,0
11963,73,1,8,0.838,0.632,0.988,0.0,0.571,0.177,0
11964,32,1,3,0.843,0.7,0.674,0.0,0.263,0.151,0
11965,66,0,6,0.805,0.616,0.881,0.0,0.075,0.059,0
11966,44,0,8,0.586,0.603,0.715,0.5,0.321,-0.262,0
11967,39,1,6,0.853,0.482,1.168,0.25,0.674,0.058,0
11968,56,1,12,0.792,0.585,0.98,0.5,0.566,0.097,0
11969,76,1,5,1.102,0.535,0.744,0.0,0.313,0.603,0
11970,38,1,12,1.017,0.7,1.056,0.0,0.927,0.344,0
11971,54,1,11,0.925,0.469,0.848,0.0,0.427,0.165,0
11972,60,0,9,1.034,0.606,1.192,0.5,0.579,0.28,0
11973,48,1,11,0.934,0.619,0.8,0.25,0.381,0.074,0
11974,74,1,4,0.857,0.687,0.999,0.0,0.299,0.096,0
11975,62,0,7,0.861,0.7,0.7,0.0,0.028,0.108,0
11976,82,1,3,0.902,0.49,0.768,0.25,0.259,0.25,0
11977,80,0,9,0.789,0.536,0.682,1.0,0.151,-0.119,0
11978,80,0,9,0.874,0.64,0.654,0.25,0.101,0.161,1
11979,66,0,3,0.676,0.768,0.7,1.0,0.288,0.009,0
11980,72,0,9,0.789,0.561,0.847,0.0,0.474,-0.024,0
11981,76,1,6,0.924,0.573,0.607,0.5,-0.077,0.344,0
11982,39,1,7,0.889,0.617,0.572,0.75,-0.076,0.226,0
11983,31,1,12,1.113,0.615,1.399,0.75,1.099,0.48,0
11984,73,1,7,0.797,0.609,0.765,1.0,0.233,0.135,0
11985,37,1,10,0.997,0.528,0.911,0.0,0.266,0.129,0
11986,73,1,4,0.712,0.657,0.935,0.0,0.346,0.012,0
11987,44,0,10,0.7,0.497,0.664,0.0,0.45,0.0,0
11988,52,1,5,0.839,0.622,0.846,0.5,0.308,0.11,0
11989,59,0,11,0.831,0.622,0.892,1.0,0.491,0.032,0
11990,60,1,9,1.061,0.51,0.758,1.0,0.468,0.303,0
11991,59,1,4,0.876,0.617,0.33,0.0,0.128,-0.079,0
11992,43,0,11,1.023,0.564,1.152,0.0,0.749,0.281,0
11993,73,1,8,0.938,0.531,0.464,0.0,-0.098,0.055,0
11994,60,1,10,0.956,0.598,0.713,0.0,0.183,0.472,0
11995,56,1,3,0.838,0.571,0.595,0.0,0.105,0.138,1
11996,51,0,7,0.707,0.614,0.74,0.0,0.148,-0.137,0
11997,47,1,9,0.966,0.476,0.793,0.5,0.296,0.227,0
11998,39,0,8,0.857,0.514,0.645,0.5,-0.003,0.375,0
11999,75,0,4,0.821,0.66,0.633,0.75,0.067,0.231,1
12000,34,1,7,0.987,0.651,0.736,0.5,0.545,0.227,0
12001,53,1,7,0.866,0.7,0.85,0.0,0.559,0.306,0
12002,72,0,12,1.172,0.502,0.63,0.0,0.183,0.421,0
12003,65,1,12,1.02,0.49,0.913,0.0,0.378,0.239,0
12004,84,1,12,0.696,0.374,1.017,0.0,0.296,0.003,0
12005,78,1,12,1.265,0.5,1.127,0.0,0.54,0.473,0
12006,82,1,10,0.947,0.636,0.876,0.25,0.461,0.287,0
12007,84,0,3,0.836,0.687,0.655,0.5,0.137,0.081,0
12008,77,1,7,0.959,0.7,0.444,1.0,-0.241,0.199,1
12009,73,0,5,0.842,0.446,0.842,1.0,0.676,0.041,0
12010,36,1,8,0.945,0.509,1.08,0.0,0.889,0.225,0
12011,56,1,6,0.91,0.679,0.576,0.0,0.214,-0.089,0
12012,67,1,9,1.08,0.538,0.843,0.0,0.336,0.286,0
12013,57,1,11,0.935,0.655,0.866,1.0,0.458,0.288,1
12014,35,1,11,0.945,0.523,0.86,0.5,0.485,0.128,0
12015,44,0,8,0.744,0.752,0.807,0.0,0.483,-0.072,0
12016,32,1,5,0.865,0.565,0.589,0.0,-0.143,0.157,0
12017,84,1,9,0.893,0.596,0.968,0.0,0.284,0.216,1
12018,62,1,9,0.877,0.548,1.058,1.0,0.545,-0.044,1
12019,62,1,4,0.692,0.563,0.682,1.0,0.447,0.017,0
12020,68,1,9,0.948,0.635,0.631,0.5,-0.027,0.516,1
12021,42,1,4,0.7,0.68,0.783,0.0,0.212,-0.342,0
12022,54,0,8,0.7,0.521,1.077,0.75,0.502,-0.116,0
12023,43,1,9,0.859,0.474,0.761,0.0,0.706,-0.128,0
12024,33,1,12,1.019,0.503,0.958,0.25,0.816,0.102,0
12025,52,1,6,0.83,0.661,0.517,0.0,0.291,-0.047,0
12026,56,1,7,0.98,0.649,0.652,0.0,0.103,0.105,0
12027,70,1,12,0.7,0.466,1.102,0.5,0.474,0.028,0
12028,31,0,9,0.985,0.495,0.581,0.0,0.376,0.344,0
12029,61,0,12,1.046,0.586,1.179,0.0,0.667,0.241,0
12030,31,1,5,0.814,0.555,0.704,0.0,0.432,0.114,0
12031,46,0,11,0.756,0.585,0.945,1.0,0.576,0.119,0
12032,54,0,3,0.632,0.713,0.402,0.0,-0.383,-0.172,0
12033,80,1,12,0.963,0.413,0.7,0.0,0.172,0.133,1
12034,84,0,9,0.969,0.672,0.598,0.0,0.03,0.293,0
12035,38,0,3,0.753,0.604,0.549,0.25,0.278,0.103,0
12036,64,1,11,0.954,0.663,1.0,0.0,0.558,0.291,0
12037,31,1,6,0.897,0.563,0.523,0.0,-0.083,0.132,0
12038,41,1,4,1.001,0.677,0.589,0.25,-0.085,0.017,0
12039,30,1,7,0.938,0.6,0.73,0.0,0.259,0.197,0
12040,50,0,8,0.929,0.576,0.774,0.25,0.458,0.266,0
12041,69,1,9,0.961,0.515,0.89,0.5,0.439,0.144,0
12042,65,1,9,0.954,0.621,0.609,0.0,0.03,0.283,0
12043,52,0,3,0.937,0.573,0.516,0.25,-0.162,0.186,0
12044,54,0,3,0.769,0.618,0.27,0.0,-0.459,0.132,0
12045,33,1,5,0.731,0.577,0.38,0.0,-0.26,0.139,0
12046,84,0,12,1.045,0.521,1.153,0.0,0.504,0.303,0
12047,64,1,6,0.873,0.517,0.506,0.75,-0.11,0.185,0
12048,57,0,12,0.768,0.568,0.879,0.0,0.393,-0.031,0
12049,60,1,10,0.89,0.486,0.691,0.0,0.073,0.28,0
12050,40,0,9,0.826,0.606,0.915,0.5,0.256,0.023,0
12051,45,0,12,0.756,0.7,0.696,0.0,-0.004,-0.15,0
12052,47,1,9,0.958,0.47,0.784,0.0,0.262,0.275,0
12053,65,1,9,0.922,0.558,0.821,0.0,0.577,0.146,0
12054,71,1,12,1.132,0.53,0.966,0.25,0.531,0.092,0
12055,37,0,6,0.796,0.645,0.629,0.5,0.195,-0.03,0
12056,33,0,9,1.062,0.59,0.609,1.0,0.108,0.324,0
12057,36,0,3,0.82,0.567,0.476,0.0,-0.133,0.249,0
12058,45,1,6,0.825,0.7,0.434,0.75,-0.172,0.163,0
12059,64,1,12,1.068,0.642,1.016,0.0,0.466,0.196,0
12060,71,1,8,1.105,0.521,0.741,0.0,0.221,0.272,0
12061,77,0,6,0.899,0.383,0.823,0.0,0.544,0.199,0
12062,71,1,9,0.993,0.493,0.315,0.25,-0.202,0.383,0
12063,38,0,9,0.831,0.587,0.927,0.0,0.178,0.278,0
12064,79,0,8,0.818,0.476,0.584,0.25,0.229,0.114,0
12065,59,0,7,0.947,0.643,0.627,0.0,0.304,0.045,0
12066,50,1,6,0.7,0.402,0.739,0.0,0.039,0.017,0
12067,43,0,11,0.916,0.569,0.7,0.0,0.266,0.107,0
12068,84,1,11,1.016,0.494,0.854,0.0,0.451,0.231,0
12069,59,1,11,0.941,0.593,0.679,0.0,0.585,0.241,0
12070,66,1,4,0.932,0.445,0.434,0.5,0.029,0.319,0
12071,65,1,8,0.975,0.575,0.474,0.5,0.076,0.314,1
12072,50,1,5,0.849,0.495,0.897,0.25,0.561,-0.025,0
12073,73,0,5,0.718,0.53,0.397,0.0,-0.241,-0.027,0
12074,61,0,7,1.042,0.622,0.647,0.0,0.378,0.378,0
12075,51,1,7,0.832,0.574,0.854,0.25,0.419,0.059,0
12076,70,1,10,1.1,0.659,1.268,0.0,0.942,0.27,0
12077,49,0,12,0.813,0.583,0.927,0.0,0.728,-0.107,0
12078,39,0,7,0.898,0.723,0.828,0.0,0.507,0.146,0
12079,58,1,7,0.779,0.626,0.658,0.25,0.081,0.213,0
12080,74,1,9,0.811,0.544,0.617,0.0,-0.083,0.083,0
12081,57,0,7,0.88,0.615,0.475,0.0,-0.053,0.164,0
12082,70,0,7,0.73,0.5,0.804,0.0,0.33,0.141,0
12083,31,1,5,0.68,0.631,0.7,0.0,0.123,-0.147,0
12084,71,0,5,0.801,0.563,0.675,0.25,0.015,0.055,0
12085,60,1,8,1.022,0.521,0.955,0.0,0.357,0.188,0
12086,42,1,4,0.852,0.685,0.613,0.0,-0.028,0.035,0
12087,71,0,8,0.868,0.724,0.795,0.0,0.358,-0.049,0
12088,61,0,6,0.85,0.539,0.7,0.25,0.0,0.04,0
12089,81,0,4,0.816,0.535,0.728,0.0,0.121,-0.106,0
12090,49,0,7,1.09,0.589,0.632,0.0,0.329,0.286,0
12091,56,0,4,0.74,0.603,0.472,0.0,-0.258,0.052,0
12092,58,1,12,1.043,0.511,0.918,0.0,0.263,0.223,0
12093,49,1,8,0.943,0.549,0.731,0.0,-0.087,0.167,0
12094,77,0,7,0.818,0.555,0.62,0.0,0.038,0.056,0
12095,80,0,12,0.995,0.522,0.829,0.5,0.215,0.306,0
12096,55,1,9,0.862,0.5,1.075,0.25,0.871,0.004,0
12097,50,0,12,0.938,0.329,0.954,0.75,0.463,0.341,0
12098,63,1,7,0.958,0.631,0.861,0.5,0.442,0.334,0
12099,36,1,12,1.129,0.485,0.385,0.0,0.462,0.369,0
12100,32,1,10,1.007,0.535,0.831,0.0,0.573,0.117,0
12101,66,0,12,1.124,0.436,0.87,0.25,0.191,0.448,0
12102,54,0,5,0.738,0.624,0.539,0.0,-0.203,0.137,0
12103,66,1,9,0.954,0.494,1.014,0.0,0.176,0.114,0
12104,49,0,10,0.994,0.7,1.059,0.5,0.388,0.387,0
12105,69,0,8,0.831,0.537,0.814,1.0,0.383,-0.038,0
12106,40,1,11,0.944,0.625,0.976,1.0,0.254,0.362,0
12107,39,1,11,0.867,0.528,0.964,0.0,0.54,0.006,0
12108,53,1,8,0.873,0.597,0.537,0.5,0.121,0.086,0
12109,80,1,11,0.907,0.535,0.491,0.25,0.052,0.105,1
12110,78,0,12,1.098,0.558,0.956,0.25,0.245,0.523,0
12111,35,0,9,0.739,0.599,0.84,0.75,0.523,-0.149,0
12112,42,1,10,0.835,0.686,0.939,0.25,0.753,0.084,0
12113,65,0,8,0.831,0.548,0.652,0.0,0.188,0.075,0
12114,78,1,9,0.707,0.588,0.735,0.75,0.042,0.041,0
12115,54,0,4,0.908,0.663,0.606,0.5,0.591,0.403,0
12116,83,0,7,0.706,0.595,0.569,0.0,0.12,0.01,0
12117,37,1,6,0.758,0.534,0.632,0.25,0.414,0.17,0
12118,70,1,3,0.707,0.534,0.408,0.0,-0.289,-0.063,0
12119,67,0,3,0.866,0.669,0.694,0.0,0.112,-0.038,0
12120,32,0,10,0.848,0.535,1.103,0.0,0.816,0.136,0
12121,61,0,6,0.796,0.7,0.336,0.5,0.013,0.07,0
12122,66,1,7,0.909,0.734,0.811,0.0,0.403,0.164,0
12123,83,1,5,0.796,0.719,0.626,0.5,0.05,0.109,0
12124,81,1,8,0.903,0.695,0.608,0.0,0.064,0.129,1
12125,71,0,9,1.037,0.559,0.79,1.0,0.154,0.484,0
12126,54,0,12,0.765,0.579,0.986,0.5,0.685,0.197,1
12127,31,0,5,0.736,0.638,0.371,0.75,-0.297,0.211,0
12128,63,1,5,0.972,0.606,0.684,0.25,0.08,0.247,0
12129,58,1,7,0.875,0.55,0.563,1.0,0.325,0.066,0
12130,82,1,12,0.949,0.554,1.02,0.75,0.682,0.332,1
12131,59,0,9,0.819,0.613,0.747,0.0,0.205,0.119,0
12132,48,0,7,1.093,0.673,1.088,0.0,0.178,0.494,0
12133,42,1,5,0.74,0.515,0.656,0.0,0.325,0.039,0
12134,51,0,9,0.916,0.569,0.87,0.0,0.285,0.135,0
12135,84,0,8,1.105,0.717,0.989,0.0,0.253,0.134,0
12136,65,1,11,0.906,0.543,1.008,0.0,0.281,0.156,0
12137,53,1,3,0.84,0.563,0.742,0.0,0.205,0.128,0
12138,37,1,7,0.653,0.684,0.695,0.0,0.06,-0.226,0
12139,34,1,10,1.077,0.571,0.839,0.25,0.442,0.398,0
12140,76,1,5,0.719,0.682,0.512,0.0,0.032,-0.086,0
12141,49,1,9,0.973,0.547,0.703,0.5,-0.005,0.237,0
12142,75,0,6,0.868,0.594,0.51,0.0,-0.046,0.168,0
12143,76,0,7,0.967,0.54,0.641,1.0,-0.059,0.306,0
12144,80,1,11,0.76,0.708,0.897,0.0,0.432,0.074,0
12145,45,1,3,0.851,0.542,0.7,0.0,0.302,0.09,0
12146,71,1,3,0.837,0.709,0.687,0.5,0.303,0.077,0
12147,63,1,6,0.741,0.6,0.869,0.0,0.477,0.168,0
12148,46,1,12,1.123,0.62,0.868,0.0,0.36,0.352,0
12149,56,0,7,0.698,0.636,0.854,0.0,0.487,-0.178,0
12150,71,1,7,1.069,0.476,0.781,1.0,0.357,0.369,0
12151,68,1,12,1.169,0.7,0.971,0.0,0.603,0.43,0
12152,51,0,9,0.814,0.7,0.975,0.5,0.672,0.059,0
12153,80,1,9,1.27,0.423,0.705,1.0,0.069,0.455,0
12154,63,1,11,1.094,0.387,0.887,0.0,0.223,0.385,0
12155,50,1,11,1.083,0.371,0.937,0.5,0.386,0.505,0
12156,36,1,9,0.901,0.441,0.745,0.5,0.12,0.158,0
12157,77,0,3,0.915,0.592,0.7,1.0,0.468,0.235,0
12158,30,1,11,0.936,0.657,0.918,0.25,0.374,0.243,0
12159,46,1,3,0.776,0.568,0.7,0.0,0.148,0.072,0
12160,70,0,10,1.11,0.562,0.778,0.5,0.472,0.292,0
12161,67,0,11,0.71,0.708,0.873,0.5,0.415,-0.029,0
12162,48,0,5,0.785,0.537,0.672,1.0,0.106,-0.056,0
12163,69,0,6,0.7,0.437,0.301,0.0,-0.33,-0.182,0
12164,74,0,6,0.693,0.732,0.745,0.0,0.409,-0.125,0
12165,67,1,3,0.794,0.62,0.627,0.0,0.09,0.106,0
12166,45,1,5,0.631,0.463,0.69,0.0,0.502,-0.323,0
12167,82,0,7,1.013,0.578,0.426,0.75,-0.014,0.343,1
12168,51,0,9,1.057,0.645,1.089,0.0,0.685,0.357,0
12169,40,0,9,0.619,0.526,0.7,0.0,0.062,-0.196,0
12170,37,1,11,0.974,0.578,0.638,0.0,-0.062,0.422,0
12171,56,1,8,0.996,0.576,0.398,0.0,-0.045,0.26,0
12172,50,1,8,1.056,0.621,0.678,0.25,0.231,0.389,0
12173,71,0,9,0.863,0.482,0.876,0.0,0.403,0.247,0
12174,84,1,6,0.847,0.557,0.567,0.0,0.267,0.217,1
12175,48,0,5,0.866,0.534,0.728,0.5,0.135,0.43,0
12176,65,1,11,0.905,0.573,0.84,0.0,0.286,0.254,0
12177,30,0,10,1.067,0.714,0.751,1.0,0.292,0.218,0
12178,61,1,8,0.905,0.604,1.019,0.0,0.677,0.234,0
12179,38,0,3,0.584,0.679,0.42,0.0,0.14,-0.12,0
12180,58,0,5,0.702,0.639,0.635,0.0,0.176,-0.117,0
12181,32,1,10,0.954,0.588,0.637,0.0,0.109,0.237,0
12182,79,0,11,0.789,0.602,0.86,0.5,0.16,0.019,0
12183,39,1,8,0.67,0.5,0.76,1.0,0.098,-0.026,0
12184,63,0,9,1.108,0.551,0.802,1.0,0.217,0.353,0
12185,67,0,7,0.862,0.647,0.7,0.25,0.42,0.045,0
12186,42,1,10,0.833,0.592,0.854,1.0,0.572,0.241,0
12187,69,1,8,0.988,0.604,0.812,0.0,-0.115,0.288,0
12188,41,0,9,0.963,0.588,0.765,0.5,0.281,0.204,0
12189,38,0,9,0.849,0.638,0.679,0.0,0.072,0.138,0
12190,80,0,8,0.976,0.622,0.885,0.0,0.742,0.16,0
12191,82,0,4,0.7,0.6,0.59,1.0,-0.042,-0.189,1
12192,67,1,9,0.928,0.554,0.901,0.5,0.205,0.228,0
12193,51,1,7,0.794,0.559,0.74,0.0,0.405,0.035,0
12194,50,0,7,0.856,0.569,0.65,0.0,0.27,-0.157,0
12195,57,1,7,0.69,0.668,0.822,1.0,0.23,0.142,0
12196,70,0,11,0.937,0.435,1.11,0.5,0.896,0.023,0
12197,39,1,10,0.915,0.627,0.718,0.5,0.479,0.139,0
12198,40,1,12,1.097,0.456,0.679,0.5,0.541,0.143,0
12199,77,1,3,0.816,0.495,0.281,0.0,-0.142,-0.133,0
12200,74,1,10,0.876,0.563,1.045,0.0,0.522,0.153,0
12201,66,1,4,0.733,0.653,0.305,1.0,-0.055,0.312,0
12202,64,1,4,0.832,0.629,0.753,0.25,0.467,0.004,0
12203,75,1,10,0.726,0.595,0.858,0.0,0.529,0.013,0
12204,73,0,12,0.916,0.605,1.009,0.25,0.646,0.216,1
12205,30,0,3,0.947,0.6,0.635,0.0,0.144,0.286,0
12206,59,1,11,0.7,0.61,1.04,0.0,0.695,0.03,0
12207,37,1,11,0.863,0.484,0.98,0.25,0.289,0.044,0
12208,53,1,5,0.807,0.644,0.43,0.75,-0.165,0.108,0
12209,71,0,10,0.944,0.557,1.048,0.5,0.67,0.222,0
12210,68,0,10,0.98,0.536,0.768,0.0,0.252,0.214,0
12211,75,0,7,0.674,0.497,0.731,0.0,-0.132,0.083,0
12212,34,0,8,0.873,0.543,0.606,0.0,-0.008,0.132,0
12213,44,0,6,0.838,0.546,0.599,0.5,0.327,0.222,0
12214,76,1,10,0.989,0.49,0.897,0.75,0.445,0.313,1
12215,66,1,3,0.758,0.528,0.436,0.75,0.0,0.058,0
12216,65,1,7,0.85,0.432,0.662,0.0,0.169,0.234,0
12217,57,0,3,0.725,0.501,0.434,0.0,-0.26,0.057,0
12218,31,1,7,0.754,0.552,0.829,0.0,0.61,0.024,0
12219,64,1,11,0.791,0.539,0.923,0.0,0.414,0.04,0
12220,36,0,4,1.001,0.561,0.852,0.5,0.495,0.246,0
12221,45,1,12,1.027,0.573,1.019,0.25,0.588,0.219,0
12222,73,1,5,0.61,0.609,0.436,0.0,0.078,-0.343,0
12223,35,1,7,0.98,0.51,1.051,0.25,0.753,0.188,0
12224,63,0,12,0.735,0.506,0.903,0.75,0.463,0.081,0
12225,44,0,9,1.178,0.469,1.003,0.0,0.477,0.438,0
12226,71,1,5,1.032,0.623,0.808,0.0,0.442,0.347,0
12227,59,0,4,0.832,0.727,0.616,0.0,0.431,0.202,0
12228,67,1,3,0.831,0.665,0.601,0.0,0.127,-0.003,0
12229,30,1,7,0.954,0.709,0.927,1.0,0.391,0.357,0
12230,36,0,11,1.064,0.615,0.696,0.0,0.098,0.236,0
12231,40,1,5,0.638,0.7,0.822,0.25,0.522,-0.029,0
12232,34,1,3,0.863,0.65,0.781,0.75,0.236,0.129,0
12233,34,1,6,0.7,0.48,0.759,0.0,0.445,0.064,0
12234,83,0,3,0.484,0.535,0.843,0.0,0.382,-0.425,0
12235,46,1,6,0.887,0.475,0.654,0.0,0.066,0.087,0
12236,47,1,12,1.076,0.54,0.665,0.0,0.596,0.149,0
12237,63,1,7,1.066,0.499,0.518,0.25,0.084,0.425,0
12238,61,1,8,0.7,0.561,0.901,0.75,0.422,-0.072,0
12239,79,0,12,0.979,0.557,0.535,1.0,-0.165,0.475,0
12240,50,0,4,0.91,0.497,0.619,0.0,0.292,-0.014,0
12241,30,1,3,0.751,0.434,0.365,1.0,-0.15,-0.018,0
12242,44,0,12,0.649,0.61,0.741,1.0,0.232,-0.172,0
12243,45,0,10,1.029,0.592,0.859,0.0,0.206,0.429,0
12244,51,0,8,1.032,0.48,0.659,0.0,0.158,0.238,0
12245,68,0,4,0.66,0.613,0.551,1.0,0.368,-0.007,0
12246,80,1,5,0.7,0.682,0.884,0.0,0.108,-0.187,0
12247,72,0,3,0.771,0.658,0.769,0.0,0.278,-0.167,0
12248,66,1,8,0.847,0.529,0.823,0.0,0.554,0.27,0
12249,34,1,9,0.939,0.541,0.684,0.0,0.318,0.313,0
12250,44,1,7,1.052,0.541,0.764,0.0,0.274,0.281,0
12251,67,0,5,0.682,0.502,0.794,0.0,0.27,-0.113,0
12252,82,0,7,0.953,0.7,0.822,0.5,0.584,0.123,0
12253,30,0,9,0.759,0.622,0.706,1.0,0.322,-0.022,0
12254,83,1,3,0.948,0.613,0.728,0.75,0.337,0.305,1
12255,53,0,8,0.999,0.533,0.822,0.5,0.665,0.191,0
12256,56,1,9,0.796,0.544,0.73,0.75,0.416,-0.173,0
12257,60,1,3,0.706,0.585,0.27,0.0,-0.288,0.054,0
12258,83,1,4,0.879,0.555,0.44,0.0,-0.182,0.177,0
12259,69,0,6,0.773,0.612,0.665,0.0,-0.113,-0.16,0
12260,47,0,7,0.877,0.661,0.93,0.0,0.742,0.272,0
12261,83,1,3,0.984,0.433,0.613,0.25,0.135,0.244,0
12262,82,1,10,0.896,0.541,0.647,0.0,0.096,0.142,0
12263,65,1,8,0.747,0.549,0.886,0.0,0.513,0.281,0
12264,51,0,8,1.057,0.604,0.426,1.0,-0.274,0.588,0
12265,60,0,11,0.959,0.59,0.757,0.0,0.263,0.205,0
12266,32,0,7,1.108,0.469,1.188,0.0,0.876,0.274,0
12267,45,0,11,1.007,0.589,0.7,0.5,0.427,0.388,0
12268,49,0,6,0.825,0.601,0.376,0.0,-0.16,0.044,0
12269,38,1,5,0.984,0.573,0.966,0.0,0.623,0.299,0
12270,77,1,11,0.765,0.677,0.803,0.0,0.368,0.212,0
12271,79,0,7,0.802,0.534,0.69,0.5,0.409,0.086,0
12272,30,0,7,0.807,0.661,0.865,0.0,0.702,0.001,0
12273,47,1,6,0.996,0.53,0.653,0.0,0.38,0.397,0
12274,32,1,7,0.629,0.59,0.644,0.5,0.18,-0.069,0
12275,55,0,4,0.742,0.538,0.251,0.25,0.162,-0.003,0
12276,50,0,8,0.845,0.675,0.552,0.25,-0.137,0.042,0
12277,43,0,4,0.553,0.594,0.569,0.75,-0.192,-0.058,0
12278,66,0,12,1.1,0.442,0.808,0.25,0.432,0.344,0
12279,83,0,11,0.968,0.403,1.106,0.75,0.724,0.421,0
12280,78,1,3,0.741,0.667,0.702,0.25,0.245,-0.261,0
12281,39,1,3,0.976,0.705,0.42,0.25,-0.324,0.303,0
12282,61,0,10,0.797,0.686,0.747,0.0,0.104,-0.04,0
12283,38,1,11,0.7,0.589,0.726,0.25,0.409,0.066,0
12284,45,1,11,0.929,0.615,1.046,0.0,0.498,0.375,0
12285,44,1,11,0.831,0.525,0.85,1.0,0.43,-0.112,0
12286,30,0,7,1.029,0.671,0.762,0.75,0.312,0.216,0
12287,80,0,6,0.928,0.737,0.265,0.5,-0.32,0.063,1
12288,64,0,5,0.714,0.769,0.581,0.0,0.244,0.125,0
12289,45,0,10,0.968,0.562,1.03,0.25,0.719,0.231,0
12290,62,1,11,0.967,0.54,1.016,0.75,0.419,-0.086,0
12291,75,0,11,0.921,0.501,0.622,0.0,-0.02,0.357,0
12292,55,1,10,0.979,0.611,0.78,0.5,0.127,0.41,0
12293,37,1,9,0.805,0.621,0.685,0.75,0.23,-0.067,0
12294,57,1,9,0.737,0.568,0.551,0.0,0.392,0.097,0
12295,40,1,12,0.947,0.556,1.017,0.25,0.673,0.176,0
12296,59,1,11,1.028,0.426,0.847,1.0,0.241,0.258,0
12297,46,0,9,0.989,0.726,1.023,0.0,0.549,0.219,0
12298,59,1,8,0.862,0.482,0.755,0.75,0.384,0.317,0
12299,54,1,10,1.06,0.549,0.894,0.25,0.334,0.431,0
12300,51,1,7,1.173,0.636,0.808,0.5,0.283,0.331,0
12301,69,1,4,0.697,0.674,0.692,0.0,0.248,-0.033,0
12302,57,0,9,0.939,0.678,0.628,0.0,0.215,0.065,0
12303,36,1,4,0.582,0.506,0.791,0.5,0.327,-0.178,0
12304,81,0,3,0.788,0.577,0.306,0.0,0.434,0.192,0
12305,43,1,9,0.773,0.7,0.909,1.0,0.596,0.104,0
12306,64,0,11,0.96,0.518,1.024,0.0,0.502,0.218,0
12307,71,1,8,0.783,0.616,0.497,0.25,0.131,-0.026,0
12308,81,1,8,0.682,0.568,0.762,0.0,0.148,-0.027,1
12309,44,0,10,0.96,0.523,0.875,0.0,0.175,0.244,0
12310,64,0,11,1.026,0.578,1.134,0.25,0.74,0.431,0
12311,50,1,4,0.989,0.565,0.649,0.25,0.234,0.32,0
12312,50,1,3,0.754,0.601,0.439,0.75,0.036,0.205,0
12313,49,0,9,0.751,0.554,0.748,0.25,0.398,0.192,0
12314,80,0,4,0.817,0.571,0.81,1.0,-0.092,0.166,0
12315,53,0,5,0.577,0.639,0.829,0.0,0.001,-0.092,0
12316,39,1,5,0.964,0.46,0.414,0.25,-0.198,0.243,0
12317,76,1,3,0.852,0.603,0.456,0.0,-0.231,0.175,0
12318,70,0,12,0.85,0.7,0.825,0.5,0.453,-0.065,0
12319,65,1,3,0.847,0.542,0.573,0.0,0.45,0.103,0
12320,75,0,7,0.98,0.597,0.736,0.25,0.315,0.392,0
12321,76,0,11,1.007,0.597,0.858,0.5,0.064,0.36,1
12322,65,0,12,0.982,0.541,0.881,0.5,0.491,0.354,0
12323,58,1,5,0.644,0.744,0.75,0.0,-0.008,-0.057,0
12324,53,1,4,0.7,0.619,0.566,0.0,0.011,0.021,0
12325,82,0,10,0.787,0.495,0.588,0.0,-0.004,-0.093,0
12326,82,1,7,0.694,0.557,0.625,0.75,0.162,-0.26,0
12327,64,1,9,1.217,0.518,0.646,0.0,0.28,0.702,0
12328,45,1,4,0.853,0.639,0.609,0.25,0.284,0.27,0
12329,45,1,10,1.016,0.516,0.691,0.0,0.111,0.189,0
12330,66,1,9,0.814,0.614,0.506,0.25,0.176,0.237,0
12331,58,0,8,0.887,0.467,0.921,0.75,0.581,0.329,0
12332,39,0,11,1.064,0.58,0.757,0.0,0.057,0.177,0
12333,48,1,8,0.895,0.605,0.821,0.0,0.066,0.242,0
12334,45,1,8,0.951,0.7,0.565,0.0,0.015,0.223,0
12335,68,1,12,0.7,0.62,0.937,0.0,0.237,-0.271,0
12336,57,0,11,0.964,0.407,0.861,0.0,0.161,0.34,0
12337,35,0,10,0.748,0.391,0.886,0.5,0.451,0.021,0
12338,37,1,4,0.773,0.644,0.815,0.75,0.27,0.048,0
12339,80,1,11,1.012,0.537,1.05,0.25,0.482,0.227,0
12340,43,0,3,0.547,0.418,0.473,0.25,-0.12,-0.217,0
12341,72,0,11,1.059,0.423,0.869,1.0,0.511,0.463,1
12342,62,1,12,1.0,0.469,0.926,0.0,0.588,0.305,0
12343,38,0,3,0.949,0.499,0.43,0.25,0.086,0.296,0
12344,77,0,7,0.892,0.558,0.804,1.0,0.484,0.047,0
12345,84,0,11,1.001,0.578,0.857,0.0,0.534,0.229,0
12346,49,0,3,0.827,0.662,0.722,0.0,0.255,-0.034,0
12347,73,1,7,0.928,0.659,0.676,1.0,0.054,0.106,0
12348,40,1,12,1.012,0.464,0.879,0.75,0.308,0.272,0
12349,38,1,4,1.001,0.544,0.601,1.0,0.1,0.119,0
12350,65,0,12,0.797,0.534,0.841,0.0,0.628,0.063,0
12351,57,0,7,0.878,0.504,0.871,0.25,0.202,0.125,0
12352,49,1,4,0.671,0.651,0.89,0.5,0.39,-0.023,0
12353,47,0,3,0.721,0.566,0.599,0.0,-0.029,0.11,0
12354,47,1,6,0.842,0.571,0.653,0.0,0.109,0.217,0
12355,76,0,6,0.7,0.608,0.802,1.0,0.119,0.089,1
12356,46,1,7,0.974,0.603,0.885,0.0,0.355,0.379,0
12357,50,1,12,1.096,0.508,1.191,0.0,0.577,0.558,0
12358,47,1,7,0.938,0.503,0.742,0.0,0.194,0.003,0
12359,61,0,11,0.886,0.68,0.804,0.5,0.486,0.153,0
12360,65,1,12,1.108,0.542,0.793,0.25,0.218,0.47,0
12361,67,0,3,0.897,0.582,0.535,0.5,0.098,0.243,1
12362,40,1,7,0.981,0.6,0.469,0.0,0.191,0.2,0
12363,81,0,10,0.984,0.587,0.994,1.0,0.761,0.072,0
12364,52,0,6,0.716,0.505,0.843,0.25,0.331,0.097,0
12365,59,1,3,0.667,0.722,0.52,0.0,0.151,-0.148,0
12366,63,0,11,0.746,0.559,1.185,0.25,0.776,0.055,0
12367,50,1,11,1.095,0.536,0.7,0.0,0.299,0.604,0
12368,37,0,5,0.764,0.538,0.682,1.0,0.357,0.136,0
12369,69,1,7,0.691,0.703,1.065,0.5,0.593,-0.143,1
12370,73,0,9,0.901,0.589,0.522,0.0,-0.011,0.307,0
12371,51,1,5,0.851,0.7,0.669,0.0,0.492,0.151,0
12372,70,1,10,0.843,0.563,0.629,1.0,0.047,0.18,1
12373,75,0,3,0.958,0.595,0.503,0.0,0.097,0.494,0
12374,54,1,6,0.974,0.591,0.356,0.0,-0.395,0.151,0
12375,37,0,11,0.925,0.512,0.917,0.25,0.524,-0.048,0
12376,61,0,5,0.784,0.673,0.497,0.75,0.215,0.05,0
12377,40,1,8,1.003,0.496,1.072,0.25,0.801,0.17,0
12378,63,0,11,0.766,0.643,0.648,0.5,0.381,0.091,0
12379,63,1,10,0.628,0.645,0.522,0.0,0.217,0.047,0
12380,33,1,12,1.234,0.641,0.999,0.0,0.553,0.284,0
12381,64,0,5,0.826,0.564,0.664,0.0,0.407,0.231,0
12382,59,1,7,0.873,0.548,0.824,1.0,0.103,0.106,0
12383,82,1,10,1.077,0.586,0.68,0.0,0.373,0.404,0
12384,72,0,6,0.868,0.489,0.623,0.5,0.029,0.167,0
12385,31,1,7,0.769,0.533,0.81,0.0,0.33,0.023,0
12386,34,1,7,0.975,0.609,0.715,0.0,0.116,0.017,0
12387,34,1,10,0.81,0.541,1.099,0.5,0.497,0.129,0
12388,46,1,3,0.712,0.578,0.641,0.0,0.24,-0.053,0
12389,53,0,12,1.078,0.7,0.966,0.0,0.681,0.259,0
12390,49,0,4,0.999,0.662,0.901,0.0,0.417,0.245,0
12391,58,1,12,1.062,0.456,0.916,0.0,0.274,0.122,0
12392,69,0,5,0.787,0.619,0.46,0.0,-0.108,0.015,0
12393,42,0,3,0.708,0.74,0.66,0.0,0.372,-0.064,0
12394,75,0,6,0.73,0.586,0.677,0.5,0.333,0.139,0
12395,56,0,12,1.095,0.631,0.721,0.0,0.068,0.403,0
12396,33,0,5,0.825,0.711,0.582,1.0,0.078,-0.145,0
12397,84,0,8,0.922,0.445,0.45,1.0,0.094,0.027,0
12398,75,1,9,0.949,0.579,0.659,0.0,0.184,0.106,0
12399,46,1,6,0.792,0.639,0.739,0.0,0.269,0.153,0
12400,37,1,7,0.863,0.544,0.62,0.75,0.379,0.192,0
12401,36,1,12,1.064,0.558,1.273,0.0,0.694,0.533,0
12402,80,1,6,1.088,0.685,0.545,0.75,-0.073,0.395,1
12403,30,1,10,1.017,0.7,0.82,0.0,0.352,0.35,0
12404,33,0,7,0.771,0.577,0.908,0.75,0.286,-0.034,0
12405,52,0,5,1.03,0.642,0.509,0.5,0.154,0.503,0
12406,62,0,8,0.962,0.482,0.656,0.0,-0.042,0.107,0
12407,74,1,4,0.908,0.69,0.668,0.0,-0.032,0.182,0
12408,59,0,10,0.987,0.518,0.883,0.0,0.378,0.263,0
12409,73,1,6,0.991,0.701,0.666,1.0,0.278,0.249,0
12410,46,1,8,0.859,0.493,1.032,0.0,0.707,0.159,0
12411,55,1,4,0.683,0.584,0.401,0.0,-0.304,-0.016,0
12412,76,1,7,0.7,0.73,0.853,0.0,0.691,-0.062,0
12413,71,0,7,0.805,0.575,0.816,0.0,0.288,0.029,0
12414,48,0,8,0.755,0.527,0.755,0.5,0.333,0.069,0
12415,74,0,11,0.783,0.54,1.203,1.0,0.777,-0.035,0
12416,46,1,6,0.977,0.626,0.437,0.0,-0.154,0.292,0
12417,49,0,10,0.861,0.598,0.845,0.0,0.471,-0.041,0
12418,31,1,12,0.978,0.51,0.995,0.25,0.146,0.313,0
12419,80,1,8,0.857,0.544,0.91,1.0,0.647,0.014,1
12420,83,1,11,1.045,0.519,0.653,0.5,-0.106,0.364,1
12421,58,0,5,0.825,0.601,0.534,0.75,0.23,0.051,0
12422,68,0,10,0.999,0.551,1.307,0.0,0.821,0.337,0
12423,73,1,11,1.064,0.659,0.79,0.0,0.402,0.36,0
12424,77,0,11,1.017,0.689,0.81,0.0,0.351,0.455,0
12425,49,0,8,0.818,0.512,0.798,0.5,0.432,-0.026,0
12426,82,1,11,0.938,0.47,1.119,0.0,0.577,0.456,0
12427,60,0,11,0.995,0.666,1.062,0.25,0.738,0.23,0
12428,67,1,10,1.089,0.355,0.62,1.0,0.335,0.325,1
12429,75,1,10,0.937,0.53,0.923,0.0,0.294,0.009,0
12430,47,0,3,0.646,0.636,0.568,0.0,0.161,-0.183,0
12431,34,0,5,0.882,0.644,0.506,0.5,0.158,0.173,0
12432,43,0,7,1.019,0.611,0.67,0.0,0.188,0.252,0
12433,58,1,7,0.7,0.534,0.945,0.0,0.474,-0.043,0
12434,32,0,8,0.712,0.673,0.51,0.0,-0.108,-0.163,0
12435,53,0,10,0.914,0.561,0.84,0.0,0.413,0.234,0
12436,38,0,6,0.745,0.713,0.587,0.0,-0.113,0.036,0
12437,31,0,3,0.706,0.566,0.848,0.0,0.447,0.053,0
12438,64,0,5,0.778,0.7,0.61,0.5,0.198,-0.163,0
12439,48,1,8,1.095,0.57,0.44,0.0,-0.181,0.506,0
12440,63,0,10,0.975,0.506,0.444,0.75,-0.133,0.155,0
12441,62,0,7,1.024,0.612,0.789,0.5,0.502,0.277,0
12442,75,0,9,0.975,0.638,0.557,0.0,-0.14,0.275,0
12443,80,1,11,1.009,0.607,0.765,0.0,0.295,0.268,0
12444,71,1,3,0.907,0.643,0.551,0.75,0.265,0.085,0
12445,61,1,10,0.951,0.565,0.703,0.0,-0.004,0.112,0
12446,54,1,8,0.875,0.581,0.791,0.0,0.116,0.238,0
12447,77,0,12,0.812,0.7,0.92,0.0,0.695,0.091,0
12448,45,1,10,0.817,0.504,0.559,0.0,0.103,0.071,0
12449,47,0,10,1.043,0.535,0.914,0.0,0.403,0.291,0
12450,39,0,8,0.923,0.514,0.564,0.0,0.249,0.269,0
12451,53,1,6,0.468,0.647,0.686,0.5,0.137,-0.227,0
12452,44,1,10,0.834,0.66,0.886,0.0,0.561,-0.139,0
12453,36,1,11,1.03,0.475,1.291,0.0,0.591,0.2,0
12454,65,0,4,0.916,0.542,0.586,0.0,0.026,-0.068,0
12455,38,0,6,0.789,0.682,0.777,0.0,0.248,0.089,0
12456,58,1,4,0.92,0.591,0.589,1.0,0.159,0.335,0
12457,57,1,12,1.041,0.659,0.961,0.5,0.261,0.344,0
12458,80,0,5,0.951,0.507,0.695,0.0,0.268,0.087,0
12459,52,1,9,0.876,0.553,0.863,1.0,0.449,0.215,0
12460,48,1,10,1.057,0.588,0.669,0.0,0.154,0.374,0
12461,35,1,8,0.868,0.529,0.526,0.25,0.237,-0.013,0
12462,36,1,3,0.836,0.592,0.52,0.0,-0.107,0.194,0
12463,81,1,11,1.105,0.567,0.855,0.5,0.273,-0.009,0
12464,81,0,7,0.719,0.665,0.635,0.0,0.062,0.089,0
12465,45,1,4,0.672,0.698,0.468,0.0,-0.135,0.165,0
12466,54,1,9,1.029,0.643,1.03,0.0,0.663,0.245,0
12467,67,0,5,0.705,0.64,0.753,0.0,0.211,0.005,0
12468,39,0,4,0.552,0.469,0.827,0.25,0.422,-0.295,0
12469,39,0,6,0.932,0.514,0.578,0.25,0.233,0.29,0
12470,52,1,5,0.92,0.586,0.747,0.25,0.641,0.345,0
12471,53,1,12,1.166,0.628,1.01,0.0,0.368,0.435,0
12472,75,0,3,0.922,0.594,0.517,0.25,-0.217,0.222,0
12473,49,1,3,0.814,0.516,0.738,0.0,0.439,-0.002,0
12474,82,1,8,0.921,0.609,0.881,0.5,0.652,0.173,0
12475,52,1,7,1.063,0.541,0.645,0.5,0.136,0.283,0
12476,62,1,10,0.825,0.569,0.967,0.0,0.483,0.0,0
12477,73,0,3,0.77,0.619,0.376,0.75,-0.192,0.063,0
12478,66,0,11,0.877,0.597,0.855,0.0,0.263,0.168,0
12479,83,1,9,1.087,0.589,0.627,1.0,0.113,0.224,0
12480,69,1,11,1.016,0.648,0.799,1.0,0.583,0.237,0
12481,40,1,6,0.846,0.606,0.648,0.0,0.168,0.2,0
12482,83,1,7,0.793,0.574,0.287,0.25,-0.435,0.093,0
12483,37,1,10,0.685,0.401,0.547,0.0,0.258,-0.015,0
12484,72,1,10,1.095,0.536,0.826,1.0,0.454,0.518,0
12485,64,0,3,0.875,0.637,0.407,0.0,-0.096,0.161,0
12486,34,0,11,0.953,0.597,0.867,0.0,0.61,0.299,0
12487,63,0,10,1.214,0.568,0.562,1.0,0.022,0.404,0
12488,32,1,10,0.891,0.7,0.694,0.0,0.357,0.216,0
12489,61,0,12,0.892,0.42,0.7,0.0,0.396,0.265,0
12490,54,0,5,0.74,0.521,0.727,0.0,0.436,0.081,0
12491,72,1,7,0.667,0.507,0.604,1.0,0.137,0.04,0
12492,70,0,7,0.874,0.7,0.732,1.0,0.236,0.228,0
12493,60,1,9,0.958,0.747,0.535,0.0,0.003,0.349,0
12494,60,0,5,0.808,0.524,0.754,0.25,0.418,0.051,0
12495,50,1,10,0.683,0.511,0.741,0.75,0.149,-0.016,0
12496,58,1,8,1.175,0.623,1.087,0.0,0.677,0.395,0
12497,76,1,11,0.915,0.541,1.073,0.75,0.883,0.089,1
12498,35,0,9,0.788,0.542,0.7,0.0,0.116,0.138,0
12499,53,0,8,0.961,0.597,0.617,0.25,0.194,0.04,0
12500,72,0,6,0.748,0.641,0.425,0.0,0.093,0.085,0
12501,58,1,8,0.808,0.559,0.828,1.0,0.461,-0.054,1
12502,51,1,6,0.752,0.65,1.013,0.0,0.623,-0.221,0
12503,78,0,5,1.218,0.476,0.778,0.0,0.139,0.383,0
12504,76,0,5,0.866,0.628,0.438,0.25,0.217,0.379,0
12505,42,0,12,1.042,0.734,0.633,0.5,0.44,0.219,0
12506,51,1,9,0.754,0.515,0.714,0.5,0.148,0.009,1
12507,57,0,10,0.98,0.556,1.073,0.0,0.705,0.149,0
12508,69,0,10,0.908,0.512,1.035,0.0,0.484,0.168,0
12509,54,0,4,0.607,0.646,0.678,0.5,0.209,-0.006,0
12510,74,0,3,0.907,0.678,0.437,0.0,0.112,-0.058,0
12511,84,0,7,0.743,0.66,0.746,0.25,0.309,-0.044,0
12512,60,0,9,0.938,0.561,0.619,0.75,-0.009,0.089,0
12513,64,0,12,0.883,0.633,0.833,0.0,0.133,0.116,0
12514,72,0,6,1.023,0.52,1.0,0.0,0.3,0.31,0
12515,39,1,6,1.036,0.592,0.816,0.0,0.3,0.324,0
12516,77,0,9,0.88,0.456,0.696,0.0,0.022,0.224,0
12517,63,1,7,0.944,0.45,0.733,0.0,0.464,0.222,0
12518,56,1,5,0.885,0.727,0.614,0.25,0.089,0.096,0
12519,83,0,5,1.215,0.62,0.533,0.25,0.26,0.522,0
12520,61,1,10,1.073,0.539,0.694,0.0,0.379,0.46,1
12521,58,1,6,0.905,0.54,0.675,1.0,-0.025,0.18,0
12522,48,1,3,0.688,0.641,0.521,1.0,0.029,-0.222,0
12523,61,0,5,0.961,0.628,0.957,0.0,0.517,0.151,0
12524,31,1,10,1.03,0.629,0.643,0.0,0.249,0.403,0
12525,81,0,6,0.72,0.479,1.013,0.0,0.545,-0.101,0
12526,34,0,9,0.885,0.566,0.881,0.5,0.553,0.096,0
12527,75,1,9,0.712,0.497,0.902,0.0,0.39,-0.148,1
12528,60,1,11,1.014,0.507,0.951,0.0,0.078,0.265,0
12529,44,0,7,0.87,0.653,0.7,1.0,0.266,0.062,0
12530,48,0,12,0.893,0.583,0.894,1.0,0.486,-0.037,0
12531,66,0,5,0.72,0.547,0.503,0.25,-0.025,0.223,0
12532,74,1,12,1.08,0.61,0.787,1.0,0.57,0.186,0
12533,70,1,6,0.796,0.645,0.952,0.25,0.135,0.126,0
12534,84,1,4,1.061,0.666,0.702,0.25,-0.067,0.223,0
12535,68,1,7,0.734,0.468,0.609,1.0,-0.058,-0.142,0
12536,75,0,11,0.927,0.465,1.029,0.25,0.345,0.154,0
12537,56,1,5,0.762,0.469,0.662,0.5,0.033,0.086,0
12538,31,1,4,0.723,0.571,0.686,0.75,0.363,-0.052,0
12539,43,1,9,0.978,0.579,0.641,1.0,-0.008,0.484,0
12540,67,1,9,0.757,0.64,0.766,0.25,0.696,0.057,0
12541,43,0,5,0.928,0.629,0.699,0.5,0.388,0.168,0
12542,39,0,6,0.812,0.599,0.69,0.0,-0.06,0.271,0
12543,46,1,6,0.98,0.72,0.85,0.0,0.232,0.234,0
12544,58,0,11,1.06,0.581,0.935,0.0,0.722,0.208,0
12545,68,1,12,1.149,0.625,0.666,0.0,0.153,0.421,0
12546,74,1,6,0.938,0.431,0.73,0.5,0.139,0.275,0
12547,50,0,9,1.015,0.617,0.685,0.0,0.194,0.357,0
12548,65,0,12,1.138,0.7,0.975,1.0,0.32,0.254,0
12549,54,1,3,0.939,0.557,0.163,0.0,-0.604,0.126,0
12550,41,1,12,0.788,0.563,0.827,0.5,0.269,-0.07,0
12551,75,1,6,0.948,0.703,0.63,0.0,0.2,0.281,0
12552,49,1,9,0.887,0.584,0.759,1.0,0.266,0.165,0
12553,31,0,5,0.967,0.603,0.677,0.25,0.36,0.173,0
12554,54,0,3,0.614,0.52,0.444,0.5,0.062,-0.288,0
12555,41,1,3,0.671,0.615,0.305,0.5,0.044,-0.113,0
12556,35,0,4,0.699,0.691,0.747,0.0,0.701,-0.121,0
12557,48,1,4,0.721,0.569,0.534,0.75,0.299,-0.171,0
12558,31,1,11,0.916,0.555,0.752,1.0,0.345,0.173,1
12559,33,1,6,0.98,0.704,0.872,1.0,0.589,0.367,0
12560,32,0,10,0.944,0.572,0.66,0.0,0.382,0.06,0
12561,54,1,3,0.824,0.509,0.385,0.0,-0.212,0.242,0
12562,38,1,10,0.925,0.578,1.087,0.5,0.877,-0.02,0
12563,39,0,9,0.955,0.431,0.621,0.5,0.113,0.425,0
12564,82,1,10,0.975,0.495,0.747,0.0,0.283,0.167,0
12565,34,0,6,0.952,0.563,0.533,0.25,-0.167,0.268,0
12566,61,1,11,0.7,0.56,1.086,0.75,0.768,-0.062,0
12567,79,0,11,0.878,0.495,0.722,0.0,0.022,0.079,0
12568,66,1,9,0.886,0.63,0.765,0.5,0.212,-0.2,0
12569,33,0,9,1.011,0.42,0.996,0.0,0.283,0.169,0
12570,57,0,8,0.886,0.651,0.916,0.0,0.216,0.217,0
12571,39,0,12,1.068,0.487,1.166,1.0,0.663,0.368,0
12572,49,0,5,0.948,0.601,0.428,0.0,-0.144,0.09,0
12573,83,1,5,0.687,0.617,0.903,0.0,0.71,0.104,0
12574,57,1,9,0.715,0.581,0.976,0.0,0.481,0.084,0
12575,35,0,11,1.07,0.592,0.653,0.0,0.314,0.347,0
12576,33,1,8,1.187,0.53,0.452,0.0,-0.284,0.421,0
12577,36,0,7,1.086,0.473,0.706,0.25,0.306,0.447,0
12578,55,1,9,0.862,0.643,0.844,0.75,0.614,-0.002,0
12579,75,1,4,1.017,0.573,0.518,0.75,0.155,0.303,0
12580,69,1,12,0.998,0.561,0.903,0.25,0.379,0.327,0
12581,50,1,5,0.986,0.58,0.461,0.75,-0.065,0.337,0
12582,71,0,8,0.918,0.632,0.839,0.5,0.13,0.05,0
12583,77,1,4,0.748,0.585,0.666,0.0,0.196,-0.122,0
12584,71,0,9,0.944,0.557,0.891,0.0,0.679,0.305,0
12585,79,1,6,1.317,0.497,0.608,0.0,0.56,0.497,0
12586,84,1,7,0.724,0.486,0.692,0.0,0.07,0.05,0
12587,34,0,12,0.7,0.572,0.952,1.0,0.464,-0.084,0
12588,49,0,8,0.865,0.632,0.531,0.0,-0.13,0.263,0
12589,47,0,9,1.058,0.539,0.797,0.0,0.399,0.418,0
12590,55,1,9,0.85,0.609,0.926,0.5,0.582,0.059,0
12591,61,0,6,0.821,0.589,0.623,0.0,0.229,0.048,0
12592,52,0,8,0.716,0.498,0.918,0.5,0.399,-0.03,0
12593,82,1,3,0.829,0.71,0.674,0.0,0.135,0.197,1
12594,58,0,11,0.925,0.558,0.986,1.0,0.395,0.085,0
12595,67,0,10,1.091,0.552,0.411,0.75,-0.033,0.254,0
12596,52,1,5,0.745,0.604,0.767,0.0,0.235,-0.189,0
12597,55,0,7,0.635,0.684,0.834,0.0,0.321,-0.353,0
12598,39,1,7,1.027,0.545,0.904,0.5,0.287,0.273,0
12599,42,1,4,0.856,0.614,0.76,0.0,0.053,0.462,0
12600,82,1,4,1.12,0.737,0.572,0.5,0.094,0.53,1
12601,46,0,7,0.932,0.658,0.518,0.0,0.196,0.244,0
12602,70,1,4,0.7,0.585,0.363,0.5,-0.258,-0.267,0
12603,63,0,12,1.033,0.6,1.048,0.25,0.735,0.457,0
12604,84,0,7,1.009,0.522,0.991,0.0,0.947,0.13,0
12605,78,1,6,0.746,0.633,0.536,0.75,-0.221,-0.087,0
12606,34,1,12,0.958,0.542,0.985,0.0,0.516,0.264,0
12607,75,1,10,1.026,0.342,0.822,0.75,0.617,0.302,0
12608,70,0,5,0.689,0.7,0.745,0.0,0.096,-0.132,0
12609,60,0,10,0.931,0.688,0.585,0.25,-0.014,0.018,0
12610,69,1,3,0.802,0.681,0.58,0.0,0.037,0.083,0
12611,49,1,7,0.7,0.546,0.874,0.5,0.521,-0.008,0
12612,51,0,10,0.976,0.474,1.131,1.0,0.491,0.236,0
12613,40,1,5,0.83,0.734,0.621,0.25,0.112,-0.09,0
12614,30,0,3,0.728,0.533,0.713,1.0,0.065,-0.009,0
12615,45,0,6,0.97,0.543,0.543,0.0,0.073,0.363,0
12616,62,0,7,0.959,0.7,0.544,1.0,0.018,0.187,0
12617,74,1,3,0.7,0.655,0.542,0.25,0.254,0.069,0
12618,82,0,12,1.186,0.537,0.969,0.75,0.796,0.326,0
12619,47,1,12,0.978,0.691,1.026,0.25,0.456,0.251,0
12620,39,1,11,0.964,0.565,1.006,0.0,0.461,0.403,0
12621,32,0,12,1.026,0.434,0.919,1.0,0.397,0.268,0
12622,69,1,10,0.686,0.458,0.813,0.25,0.113,-0.058,0
12623,82,0,4,1.073,0.537,0.527,0.0,0.049,0.339,0
12624,64,1,12,0.861,0.666,1.256,0.0,0.626,0.302,0
12625,74,0,6,1.008,0.648,0.617,0.0,0.113,0.474,0
12626,44,1,7,0.885,0.585,0.587,0.5,0.004,0.259,0
12627,77,0,8,0.7,0.609,0.648,0.0,0.348,-0.078,0
12628,47,0,3,0.503,0.562,0.807,0.0,0.121,-0.268,0
12629,76,0,8,1.049,0.682,0.764,0.25,0.367,0.307,0
12630,49,0,7,0.796,0.551,0.784,0.0,0.538,0.244,0
12631,75,1,3,0.827,0.631,0.681,0.5,0.218,-0.052,0
12632,78,0,9,0.845,0.532,0.832,0.0,0.436,0.063,0
12633,30,0,12,0.878,0.495,1.072,0.0,0.428,0.098,0
12634,80,0,8,0.853,0.484,0.642,0.0,0.024,0.122,0
12635,82,0,8,0.985,0.591,1.01,0.25,0.715,0.222,0
12636,45,1,4,0.849,0.556,0.844,0.0,0.38,0.254,0
12637,66,1,12,1.126,0.484,0.862,1.0,0.273,0.426,0
12638,42,0,7,0.918,0.55,0.676,0.75,0.327,0.03,0
12639,80,1,6,0.883,0.533,0.627,0.0,0.01,0.035,0
12640,58,0,4,0.907,0.66,0.995,0.0,0.453,0.264,0
12641,77,0,4,0.76,0.627,0.678,0.5,-0.241,0.088,0
12642,68,0,5,0.825,0.541,0.297,0.0,-0.5,0.063,0
12643,72,1,7,0.828,0.557,0.532,0.0,-0.209,-0.148,0
12644,65,1,8,0.795,0.696,0.756,0.0,0.341,-0.152,0
12645,33,1,10,1.13,0.572,0.82,1.0,0.225,0.471,0
12646,38,0,8,0.835,0.587,0.791,0.0,0.736,0.083,0
12647,34,1,5,0.977,0.583,0.602,0.0,0.113,0.176,0
12648,40,1,12,0.962,0.559,0.969,0.5,0.429,0.31,0
12649,41,0,5,0.786,0.472,0.569,0.0,0.334,-0.021,0
12650,73,1,5,0.797,0.669,0.622,0.75,0.246,-0.062,0
12651,56,1,5,0.974,0.585,0.427,0.0,-0.049,0.119,0
12652,70,1,4,0.818,0.68,0.622,0.0,-0.193,0.076,0
12653,74,1,11,0.752,0.514,1.054,0.75,0.708,0.101,0
12654,45,1,5,0.806,0.608,0.436,0.5,-0.243,0.062,0
12655,31,0,9,0.607,0.65,0.691,0.25,0.006,-0.076,0
12656,39,1,9,1.168,0.46,0.786,0.5,0.59,0.372,0
12657,69,1,4,0.851,0.612,0.43,0.0,-0.125,0.036,0
12658,52,0,8,1.008,0.572,0.627,0.25,0.011,0.084,0
12659,64,0,12,0.866,0.401,0.858,0.75,0.442,0.09,0
12660,83,0,10,1.165,0.582,0.891,0.0,0.345,0.339,0
12661,75,1,8,0.678,0.446,0.46,0.5,-0.236,-0.107,1
12662,55,1,4,0.696,0.577,0.84,0.5,-0.023,0.051,0
12663,61,1,4,0.7,0.624,0.541,0.0,0.383,-0.029,0
12664,30,0,9,0.852,0.56,1.012,0.0,0.312,0.028,0
12665,53,1,6,1.03,0.605,0.58,0.0,-0.131,0.199,0
12666,50,1,10,1.001,0.534,0.778,0.0,0.512,0.191,0
12667,43,1,6,0.904,0.575,0.307,0.75,-0.256,0.292,0
12668,48,0,11,0.878,0.506,1.18,0.0,1.046,-0.058,0
12669,84,1,12,1.151,0.649,1.091,0.25,0.391,0.298,1
12670,70,0,3,1.189,0.612,0.297,1.0,-0.273,0.537,0
12671,74,0,9,0.93,0.59,0.832,0.25,0.47,0.239,0
12672,43,0,7,1.101,0.66,0.481,0.0,0.069,0.531,0
12673,81,0,3,0.737,0.456,0.513,0.0,0.031,-0.172,0
12674,74,0,10,1.071,0.701,1.025,0.5,0.393,0.371,0
12675,56,1,4,0.722,0.61,0.583,0.5,-0.041,0.032,0
12676,72,1,11,0.947,0.576,0.785,0.25,0.414,0.168,0
12677,48,0,7,0.868,0.858,0.816,0.0,0.341,0.249,0
12678,69,0,3,0.779,0.59,0.811,0.0,0.183,0.079,0
12679,45,1,3,0.913,0.496,0.393,0.0,-0.321,0.044,0
12680,33,0,12,0.826,0.537,0.805,0.5,0.061,-0.019,0
12681,32,0,11,0.904,0.469,1.149,0.25,0.628,0.05,0
12682,40,1,6,0.877,0.609,0.243,1.0,-0.06,0.031,0
12683,48,0,6,0.998,0.599,0.705,0.25,0.025,0.224,0
12684,67,1,8,0.707,0.703,0.797,0.5,0.441,0.224,0
12685,69,0,10,0.817,0.576,0.706,0.75,0.327,0.263,0
12686,36,0,5,0.859,0.73,0.444,0.0,-0.065,0.079,0
12687,41,1,11,0.817,0.606,1.028,0.0,0.568,0.377,0
12688,56,0,12,0.934,0.556,0.847,0.75,0.304,0.167,0
12689,34,1,3,0.76,0.495,0.362,1.0,-0.221,-0.034,0
12690,30,1,6,0.89,0.61,0.629,0.0,-0.057,0.196,0
12691,33,1,5,0.864,0.7,0.569,0.0,0.315,0.024,0
12692,52,1,11,0.922,0.472,0.928,0.0,0.484,0.139,0
12693,65,0,9,0.839,0.607,0.727,0.0,-0.065,0.266,0
12694,62,1,9,0.845,0.541,0.767,0.0,0.143,-0.033,0
12695,56,1,11,1.181,0.424,0.999,0.0,0.557,0.385,0
12696,40,1,6,0.755,0.675,0.755,0.5,0.401,-0.064,0
12697,80,1,8,0.695,0.581,0.708,0.25,0.26,-0.194,0
12698,74,0,3,0.655,0.54,0.648,1.0,-0.145,-0.207,0
12699,79,1,11,1.01,0.582,1.035,0.25,0.498,0.425,0
12700,70,0,4,0.708,0.588,0.58,0.0,0.055,-0.043,0
12701,84,0,7,0.856,0.608,0.619,0.0,-0.1,0.129,0
12702,62,1,8,0.991,0.502,0.405,0.0,-0.074,0.297,0
12703,65,0,10,0.814,0.588,0.852,0.0,0.204,-0.019,0
12704,84,0,8,0.82,0.662,0.428,0.25,0.002,-0.043,0
12705,69,0,8,0.885,0.431,0.972,1.0,0.526,0.3,0
12706,37,0,11,1.094,0.494,0.999,0.5,0.306,0.411,0
12707,56,1,9,1.159,0.465,0.769,0.25,0.069,0.526,0
12708,35,0,9,0.756,0.679,0.916,0.0,0.167,0.07,0
12709,57,1,9,0.912,0.684,0.996,0.0,0.296,0.157,0
12710,40,1,4,0.816,0.518,0.657,0.25,0.336,0.064,0
12711,67,0,9,0.986,0.462,0.778,0.5,0.2,0.502,0
12712,46,1,6,0.832,0.498,0.52,0.5,-0.067,-0.083,0
12713,51,1,10,0.918,0.418,0.883,0.0,0.506,-0.194,0
12714,58,0,5,1.021,0.648,0.732,0.5,0.277,0.063,0
12715,53,0,7,0.858,0.58,0.724,0.0,0.124,0.244,0
12716,45,0,9,0.808,0.553,0.939,0.0,0.748,0.196,0
12717,35,0,6,0.77,0.708,0.775,1.0,0.024,0.07,0
12718,56,1,10,0.928,0.528,0.662,0.0,-0.163,0.009,0
12719,38,0,7,0.928,0.653,0.449,0.0,0.007,0.139,0
12720,67,0,4,0.773,0.604,0.703,0.5,0.104,0.175,1
12721,40,1,10,1.018,0.382,0.883,0.0,0.528,0.076,0
12722,77,1,9,1.02,0.461,0.942,1.0,0.469,0.031,0
12723,64,0,7,0.665,0.547,0.726,0.0,0.32,0.033,0
12724,64,1,10,0.817,0.475,0.909,0.25,0.518,0.276,1
12725,80,0,5,1.004,0.623,0.495,1.0,0.382,0.279,0
12726,52,0,12,0.722,0.58,1.36,0.25,1.174,0.079,0
12727,52,1,12,1.004,0.526,0.663,0.25,0.086,0.246,0
12728,48,0,4,0.712,0.649,0.671,0.5,0.309,-0.319,0
12729,36,0,11,1.011,0.467,0.686,0.0,0.463,0.228,0
12730,31,0,9,0.935,0.561,0.855,1.0,0.656,-0.067,0
12731,60,0,9,0.885,0.585,0.628,0.0,-0.072,-0.079,0
12732,67,1,10,0.943,0.677,0.758,0.0,0.058,0.155,0
12733,61,0,9,0.927,0.611,0.902,0.5,0.457,0.097,0
12734,80,1,3,0.802,0.542,0.384,0.0,0.181,0.159,0
12735,51,1,9,0.818,0.515,0.862,0.0,0.382,0.148,0
12736,35,0,8,1.073,0.549,0.904,0.0,0.282,0.202,0
12737,69,1,11,1.018,0.525,0.837,0.0,0.501,0.328,0
12738,61,0,8,0.781,0.467,0.705,0.25,0.262,0.255,0
12739,83,0,8,0.853,0.617,0.759,0.25,0.5,0.068,0
12740,65,0,9,0.694,0.502,0.491,0.5,-0.017,-0.175,0
12741,37,1,9,0.7,0.545,0.673,0.0,0.098,-0.054,0
12742,74,0,12,1.12,0.468,0.962,0.25,0.806,0.391,0
12743,53,0,12,0.936,0.516,1.196,0.5,0.934,-0.017,0
12744,73,0,5,0.922,0.645,0.706,0.0,0.285,-0.017,0
12745,45,0,4,0.69,0.603,0.656,0.0,0.201,-0.077,0
12746,39,0,9,1.111,0.501,0.718,0.25,0.185,0.47,0
12747,55,0,12,1.101,0.603,1.032,0.0,0.97,0.297,0
12748,37,1,5,0.895,0.7,0.587,1.0,0.156,0.145,0
12749,76,0,6,0.765,0.571,0.833,0.0,0.395,0.101,0
12750,81,0,8,0.857,0.601,0.392,0.0,-0.175,0.201,0
12751,74,0,8,0.92,0.506,0.376,0.25,-0.17,0.206,0
12752,60,0,5,0.687,0.595,0.746,0.5,0.318,-0.014,0
12753,62,1,11,0.899,0.444,0.7,1.0,0.133,0.05,0
12754,37,1,7,1.003,0.567,0.481,0.0,-0.331,0.303,0
12755,81,1,12,1.079,0.567,0.947,0.0,0.564,0.035,0
12756,71,0,3,0.819,0.648,0.244,0.5,-0.338,-0.027,0
12757,48,0,7,0.813,0.588,0.667,0.5,0.26,0.2,0
12758,71,1,9,0.876,0.556,0.965,0.0,0.617,0.198,0
12759,66,0,12,0.963,0.684,1.066,0.0,0.437,0.278,0
12760,46,0,4,0.89,0.728,0.511,0.0,0.219,0.025,0
12761,78,1,4,0.825,0.59,0.455,0.0,0.095,0.171,1
12762,32,0,9,0.695,0.51,0.778,0.0,0.293,-0.153,0
12763,31,0,3,0.703,0.571,0.169,0.0,-0.1,-0.073,0
12764,83,1,5,0.857,0.654,0.488,1.0,0.494,0.089,0
12765,78,0,3,0.732,0.739,0.194,0.75,-0.29,-0.1,0
12766,76,1,3,0.882,0.553,0.711,0.0,0.078,0.13,0
12767,46,1,4,0.7,0.576,0.637,0.0,0.236,-0.146,0
12768,57,1,6,0.709,0.492,0.47,0.75,0.156,-0.025,0
12769,39,1,5,1.062,0.679,0.438,0.0,-0.169,0.465,0
12770,68,0,10,0.838,0.64,0.938,1.0,0.582,0.052,1
12771,69,1,3,0.689,0.7,0.424,0.0,0.095,0.049,0
12772,58,0,9,1.023,0.578,0.861,0.75,0.366,0.239,0
12773,40,0,12,0.873,0.436,0.767,0.25,0.724,0.253,0
12774,31,1,3,0.723,0.568,0.445,0.75,0.147,-0.183,0
12775,57,1,4,0.935,0.483,0.7,0.0,0.274,0.091,0
12776,74,0,5,0.738,0.526,0.542,0.25,0.27,-0.006,0
12777,39,0,8,1.034,0.543,0.83,0.0,0.581,0.323,0
12778,55,1,12,0.754,0.527,0.977,0.5,0.589,0.058,0
12779,79,0,7,0.923,0.575,0.519,0.25,0.337,0.269,0
12780,59,1,7,1.082,0.6,0.997,0.0,0.677,0.4,0
12781,82,1,10,0.904,0.586,0.653,0.0,0.129,0.053,0
12782,70,0,9,0.869,0.534,0.679,0.75,0.542,0.214,0
12783,61,1,8,0.914,0.662,0.817,0.0,0.333,0.24,0
12784,54,0,3,0.962,0.579,0.463,0.25,-0.005,0.169,0
12785,51,1,7,0.711,0.581,0.841,0.0,0.308,0.031,0
12786,80,1,12,0.824,0.467,0.744,0.0,0.414,0.143,0
12787,73,1,9,0.864,0.532,0.734,0.5,0.351,-0.157,0
12788,57,0,10,0.877,0.449,0.778,0.0,0.292,0.244,0
12789,32,0,5,0.737,0.599,0.548,1.0,-0.055,-0.065,0
12790,67,1,11,0.973,0.564,1.034,0.0,0.729,0.158,0
12791,75,1,6,1.114,0.513,0.484,0.0,0.108,0.462,0
12792,64,0,8,0.843,0.659,0.738,0.25,0.47,0.117,0
12793,81,0,11,0.951,0.502,0.861,0.75,0.79,0.24,0
12794,60,0,12,1.106,0.566,0.859,0.0,0.234,0.406,0
12795,44,1,6,0.7,0.613,0.888,1.0,0.466,0.049,0
12796,74,0,11,1.002,0.511,0.781,1.0,0.652,0.198,1
12797,74,1,12,0.895,0.598,0.82,0.0,0.302,0.17,0
12798,36,1,11,0.759,0.643,1.242,0.75,0.909,-0.197,0
12799,44,1,5,0.939,0.644,0.592,0.0,-0.074,0.141,0
12800,76,1,5,0.68,0.568,0.387,0.5,-0.202,0.116,0
12801,57,0,8,0.985,0.606,0.935,0.0,0.282,0.356,0
12802,64,1,11,0.874,0.616,0.703,0.25,0.271,0.367,0
12803,73,0,8,1.025,0.7,0.571,0.25,0.185,0.217,0
12804,33,0,6,1.079,0.588,0.383,0.5,-0.166,0.343,0
12805,33,0,12,0.88,0.489,0.714,0.5,0.443,0.098,0
12806,40,0,5,0.96,0.6,0.319,0.0,-0.06,0.363,0
12807,42,0,6,0.772,0.671,0.958,0.0,0.217,0.072,0
12808,46,1,7,1.037,0.677,0.616,0.0,-0.071,0.263,0
12809,52,0,7,0.843,0.665,0.476,0.75,0.03,-0.016,0
12810,64,1,3,0.873,0.757,0.616,0.25,0.264,0.138,0
12811,43,1,9,0.728,0.487,0.753,0.25,0.581,-0.105,0
12812,57,0,3,0.952,0.563,0.557,0.0,-0.036,0.207,0
12813,54,0,4,0.881,0.592,0.772,0.0,0.191,0.166,0
12814,70,0,9,1.112,0.576,0.877,0.75,0.427,0.368,0
12815,83,0,12,0.919,0.566,0.956,0.0,0.463,0.302,0
12816,67,0,10,0.7,0.459,0.844,0.25,0.131,-0.087,0
12817,84,0,8,0.727,0.571,0.686,0.5,0.242,-0.087,0
12818,47,1,7,0.859,0.602,0.601,0.25,0.161,0.211,0
12819,32,1,9,0.807,0.391,0.829,0.0,0.535,-0.002,0
12820,59,1,6,0.862,0.542,0.775,0.75,0.277,0.202,0
12821,71,0,6,0.7,0.622,0.583,0.0,0.173,-0.024,0
12822,59,1,9,0.803,0.569,0.96,0.0,0.672,0.219,0
12823,35,1,6,0.819,0.658,0.59,0.0,0.125,0.102,0
12824,73,1,3,0.958,0.604,0.777,0.0,0.188,0.119,0
12825,57,1,3,0.807,0.653,0.519,0.0,0.231,0.169,0
12826,30,1,10,0.873,0.807,0.908,0.0,0.371,0.178,0
12827,53,1,10,1.2,0.468,0.983,0.0,0.632,0.426,0
12828,77,0,10,0.96,0.548,0.739,0.25,0.169,0.196,0
12829,43,1,9,1.014,0.549,0.578,0.0,-0.076,0.345,0
12830,83,1,12,0.875,0.512,0.83,0.0,0.519,0.243,1
12831,47,0,7,0.96,0.679,0.245,0.0,-0.361,0.242,0
12832,36,1,9,0.969,0.681,0.69,0.0,0.142,0.359,0
12833,49,0,7,0.929,0.42,0.575,0.0,0.388,0.261,0
12834,56,0,9,0.969,0.514,0.684,0.5,0.296,0.269,0
12835,56,0,6,0.867,0.7,1.174,0.25,0.609,0.062,0
12836,37,0,6,0.847,0.595,0.61,0.25,0.18,0.036,0
12837,72,0,11,1.083,0.629,0.849,0.0,0.436,0.414,0
12838,62,0,7,0.722,0.591,0.713,0.0,0.151,-0.232,0
12839,59,1,6,1.096,0.638,0.498,0.0,0.201,0.374,0
12840,36,0,4,0.881,0.63,0.519,0.0,-0.052,0.266,0
12841,75,0,6,0.716,0.639,0.425,0.0,0.14,-0.284,0
12842,33,0,8,0.924,0.593,0.695,0.25,0.384,0.023,0
12843,68,1,7,0.816,0.708,0.56,0.0,-0.022,0.194,0
12844,64,0,8,0.777,0.535,0.7,0.5,0.3,0.05,0
12845,43,0,5,0.863,0.733,0.768,0.5,0.305,0.047,0
12846,72,1,9,0.94,0.695,0.899,1.0,0.495,0.117,0
12847,72,1,11,0.928,0.526,0.834,0.75,0.78,0.23,1
12848,34,0,10,1.043,0.447,1.032,0.0,0.657,0.341,0
12849,70,0,3,1.023,0.473,0.7,0.5,0.118,0.115,0
12850,39,1,11,0.918,0.512,1.133,0.5,0.788,0.159,0
12851,41,1,4,0.916,0.488,0.556,0.0,-0.389,-0.015,0
12852,79,0,3,0.775,0.581,0.463,0.5,0.271,-0.015,0
12853,74,1,7,0.831,0.614,0.907,0.75,0.323,0.237,1
12854,48,0,6,0.911,0.556,0.716,0.25,0.075,0.094,0
12855,78,0,9,0.878,0.423,0.518,0.0,-0.129,0.117,0
12856,62,0,6,0.857,0.756,0.846,0.0,0.455,0.159,0
12857,74,0,5,0.635,0.635,0.396,1.0,0.202,-0.005,0
12858,39,1,5,0.725,0.565,0.207,0.0,-0.456,0.03,0
12859,63,0,7,0.858,0.684,0.694,1.0,0.013,0.174,0
12860,74,0,6,0.76,0.504,0.52,0.75,-0.012,0.007,0
12861,51,0,4,0.866,0.663,0.499,0.0,-0.043,0.055,0
12862,46,0,10,1.071,0.555,1.004,0.0,0.522,0.298,0
12863,84,1,9,0.704,0.521,0.649,0.0,-0.09,-0.217,0
12864,70,0,4,0.807,0.462,0.7,0.25,0.182,-0.05,0
12865,61,0,6,0.956,0.548,0.542,1.0,0.03,0.284,0
12866,52,0,8,0.796,0.559,0.759,0.0,0.356,-0.106,0
12867,33,1,11,0.897,0.603,1.077,0.0,0.516,0.184,0
12868,67,1,11,0.951,0.391,0.743,0.0,0.041,0.223,0
12869,45,1,8,0.869,0.485,0.915,0.0,0.537,0.334,0
12870,54,1,10,0.668,0.595,0.506,0.0,0.243,-0.163,0
12871,63,0,3,0.747,0.584,0.564,0.0,0.186,-0.096,0
12872,52,0,3,0.933,0.587,0.7,0.0,0.391,0.096,0
12873,71,0,12,0.7,0.576,1.044,0.75,0.325,-0.325,0
12874,56,1,11,0.89,0.527,0.732,0.0,0.338,0.04,0
12875,83,0,3,0.766,0.631,0.269,0.75,0.066,-0.179,0
12876,47,0,11,0.996,0.647,0.584,0.0,0.413,0.321,0
12877,66,0,5,0.676,0.519,0.621,0.0,0.275,-0.148,0
12878,38,1,11,1.106,0.535,0.747,1.0,0.339,0.23,0
12879,51,0,4,0.668,0.537,0.587,0.0,0.238,-0.135,0
12880,44,0,9,0.636,0.597,0.507,0.0,0.241,-0.122,0
12881,72,1,5,1.03,0.625,0.676,0.0,0.16,0.177,0
12882,68,0,7,0.761,0.595,0.794,0.25,0.281,0.071,0
12883,71,0,9,0.98,0.488,1.045,0.0,0.501,0.333,0
12884,45,1,12,0.79,0.621,1.09,0.25,0.311,-0.019,0
12885,81,0,11,0.882,0.485,0.735,0.0,0.227,-0.095,0
12886,64,0,9,1.012,0.467,0.993,0.0,0.506,0.267,0
12887,74,0,8,0.934,0.581,0.837,1.0,0.707,0.171,0
12888,56,1,11,1.024,0.7,0.912,0.0,0.535,0.336,0
12889,49,0,9,0.717,0.543,0.911,0.25,0.486,-0.069,0
12890,51,0,9,0.883,0.573,0.431,0.0,-0.286,0.228,0
12891,66,1,12,0.854,0.516,0.831,0.0,0.615,0.046,0
12892,34,0,10,0.898,0.562,0.982,0.0,0.458,0.048,0
12893,55,1,9,0.895,0.589,1.152,0.0,0.729,-0.036,0
12894,41,0,3,0.79,0.7,0.538,0.5,0.215,0.267,0
12895,72,1,6,0.982,0.486,0.628,0.0,0.033,0.257,0
12896,43,1,7,0.986,0.566,0.495,0.0,-0.005,0.428,0
12897,84,0,4,0.601,0.522,0.868,0.75,0.021,-0.21,1
12898,62,0,3,1.043,0.7,0.565,0.5,0.366,0.298,0
12899,81,1,3,0.551,0.551,0.524,0.0,0.189,0.064,0
12900,39,0,12,1.179,0.481,1.102,0.0,0.682,0.273,0
12901,44,1,6,0.7,0.697,0.663,0.0,0.2,-0.048,0
12902,62,0,3,0.865,0.687,0.623,0.0,0.412,0.052,0
12903,78,1,3,0.677,0.47,0.538,0.25,0.144,0.107,0
12904,69,0,8,0.898,0.513,0.848,0.25,0.245,-0.092,0
12905,59,1,8,1.049,0.643,0.753,1.0,0.053,0.249,0
12906,52,1,5,0.813,0.656,0.635,0.25,0.078,0.075,0
12907,30,0,11,0.984,0.588,1.006,0.0,0.306,0.261,0
12908,83,1,9,0.897,0.655,0.708,0.0,0.562,0.16,0
12909,69,1,6,0.926,0.548,0.827,0.0,0.485,0.056,0
12910,66,1,5,0.806,0.635,0.513,0.0,-0.102,-0.042,1
12911,54,0,6,0.735,0.719,1.009,0.0,0.726,-0.077,0
12912,66,0,11,0.893,0.541,1.184,0.0,0.543,0.087,0
12913,59,0,12,0.975,0.665,1.109,0.25,0.734,0.343,0
12914,80,1,9,0.94,0.582,0.715,0.75,0.328,0.135,0
12915,61,1,4,1.094,0.635,0.487,0.0,0.097,0.333,0
12916,57,1,9,0.699,0.44,0.889,0.0,0.618,0.129,0
12917,74,0,7,0.895,0.546,0.968,0.75,0.512,0.025,0
12918,50,1,8,0.876,0.591,0.898,0.25,0.387,-0.058,0
12919,46,0,3,0.82,0.569,0.676,0.0,0.412,0.27,0
12920,37,1,10,0.952,0.489,0.766,0.5,0.201,0.284,0
12921,64,1,11,0.878,0.36,0.906,0.5,0.624,0.017,0
12922,40,0,6,1.084,0.487,0.705,0.0,0.145,0.465,0
12923,64,0,5,1.038,0.635,0.545,0.25,-0.009,0.366,0
12924,43,0,10,1.075,0.633,0.991,0.0,0.35,0.45,0
12925,57,1,12,1.23,0.582,0.791,0.0,0.262,0.55,0
12926,34,1,9,0.87,0.616,0.7,0.0,0.409,0.058,0
12927,56,0,11,1.105,0.537,0.985,0.0,0.467,0.317,0
12928,79,0,3,0.797,0.625,0.461,0.0,-0.219,0.289,0
12929,78,0,10,0.835,0.584,0.973,0.5,0.607,-0.032,0
12930,50,0,11,0.931,0.497,1.237,0.25,0.43,0.345,0
12931,63,0,3,0.949,0.528,0.549,0.25,0.035,0.258,0
12932,54,1,10,0.785,0.529,0.694,1.0,0.394,0.11,1
12933,54,1,7,0.855,0.542,0.469,0.0,-0.338,-0.04,0
12934,60,1,4,0.818,0.639,0.437,0.0,-0.213,0.118,0
12935,74,0,12,0.966,0.526,0.969,0.5,0.23,0.075,0
12936,39,1,7,0.792,0.572,0.938,0.0,0.721,-0.055,0
12937,71,1,6,0.805,0.527,0.444,0.0,-0.104,0.365,0
12938,63,1,7,0.864,0.657,0.344,0.5,-0.312,0.014,0
12939,65,0,9,1.013,0.581,0.792,0.0,0.536,0.228,0
12940,38,0,11,0.933,0.56,0.848,0.0,-0.134,0.189,0
12941,64,0,10,0.795,0.513,0.671,0.75,-0.14,0.049,0
12942,68,1,9,0.939,0.65,0.777,0.0,0.4,0.261,0
12943,30,1,11,0.784,0.504,0.819,0.0,0.004,-0.265,0
12944,66,0,10,1.032,0.7,0.829,0.0,0.332,0.256,0
12945,72,0,6,0.872,0.51,0.73,0.0,0.497,0.17,0
12946,65,1,3,0.813,0.689,0.433,0.0,0.382,0.221,0
12947,39,1,5,0.673,0.635,0.673,0.75,-0.042,-0.165,0
12948,38,0,8,0.961,0.611,0.654,0.5,-0.022,0.054,0
12949,66,1,11,0.746,0.714,0.929,0.0,0.497,-0.052,0
12950,84,1,6,1.047,0.552,0.78,0.0,0.085,0.332,0
12951,58,1,8,1.112,0.711,0.666,0.0,0.115,0.519,0
12952,69,1,7,0.764,0.63,0.672,0.25,0.221,0.03,0
12953,40,0,11,1.129,0.485,0.646,0.0,0.322,0.461,0
12954,42,1,5,0.842,0.559,0.562,0.25,-0.064,-0.156,0
12955,35,1,10,0.959,0.488,0.7,0.75,0.346,0.168,0
12956,69,0,10,0.978,0.564,0.919,0.0,0.358,0.253,1
12957,72,0,11,1.14,0.391,0.81,0.5,0.353,0.473,0
12958,63,1,8,0.986,0.595,0.735,0.0,0.382,-0.012,0
12959,32,1,7,0.896,0.446,0.713,0.0,0.169,0.19,0
12960,76,0,7,0.772,0.697,0.819,1.0,0.073,-0.036,0
12961,41,0,11,0.918,0.519,0.712,1.0,0.377,0.179,0
12962,48,0,12,1.01,0.581,0.7,0.25,0.256,0.248,0
12963,56,0,7,0.752,0.663,0.957,0.0,0.698,-0.018,0
12964,54,1,4,0.822,0.608,0.504,0.0,0.183,0.099,0
12965,60,1,8,0.833,0.416,0.992,0.75,0.628,-0.01,0
12966,32,1,8,0.796,0.554,0.788,0.0,0.456,0.203,0
12967,51,0,12,1.026,0.677,0.945,1.0,0.335,0.267,0
12968,46,1,9,0.871,0.646,0.899,0.75,0.332,0.105,0
12969,60,1,3,0.843,0.555,0.516,0.0,0.281,0.007,0
12970,42,0,7,0.911,0.548,0.861,0.0,0.376,0.185,0
12971,41,1,4,0.763,0.737,0.514,0.0,0.156,-0.034,0
12972,36,1,12,1.009,0.584,1.183,0.25,0.576,0.312,0
12973,84,0,4,0.944,0.607,0.367,0.75,0.055,-0.082,0
12974,62,1,3,0.988,0.737,0.297,0.0,0.006,0.269,0
12975,76,0,6,1.128,0.56,0.77,0.5,0.144,0.339,0
12976,53,0,3,0.702,0.482,0.541,0.0,-0.006,-0.013,0
12977,38,1,6,0.866,0.595,0.905,0.0,0.332,0.132,0
12978,64,1,6,0.7,0.538,0.53,0.0,-0.088,0.001,0
12979,83,1,4,0.872,0.411,0.689,0.0,0.146,0.045,0
12980,39,1,3,0.795,0.634,0.609,0.25,-0.127,0.192,0
12981,42,0,10,1.081,0.552,0.539,0.25,0.232,0.322,0
12982,41,1,5,1.081,0.66,0.795,0.0,0.144,0.231,0
12983,71,0,11,0.875,0.548,0.867,1.0,0.243,0.118,0
12984,52,0,3,0.709,0.642,0.381,0.0,-0.15,-0.027,0
12985,79,0,9,1.038,0.542,0.36,0.25,-0.276,0.25,0
12986,31,0,3,0.637,0.579,0.151,0.0,-0.582,-0.198,0
12987,50,0,12,0.895,0.7,0.641,0.5,0.167,0.201,0
12988,77,0,4,0.849,0.559,0.788,0.25,0.304,0.034,0
12989,80,1,9,1.029,0.494,0.778,0.0,0.328,0.071,0
12990,84,0,5,0.737,0.733,0.837,0.5,0.057,0.115,0
12991,77,1,8,0.73,0.556,0.658,0.0,-0.072,0.04,0
12992,37,1,5,0.773,0.61,0.801,1.0,0.101,0.106,0
12993,42,0,4,0.895,0.635,0.242,0.0,-0.33,0.133,0
12994,63,0,3,0.693,0.617,0.7,0.5,0.351,0.002,0
12995,55,0,5,0.748,0.618,0.784,0.75,0.087,0.115,0
12996,37,0,5,0.885,0.631,0.953,0.0,0.511,0.138,0
12997,42,0,4,0.802,0.697,0.241,0.25,-0.23,0.082,0
12998,79,1,12,0.952,0.456,0.729,0.0,0.646,-0.01,0
12999,72,0,7,1.11,0.73,0.532,0.5,-0.068,0.449,0
13000,44,0,4,0.942,0.54,0.326,0.0,-0.161,0.105,0
13001,75,1,10,0.79,0.558,1.212,0.0,0.633,0.142,0
13002,78,0,3,0.78,0.526,0.572,0.0,-0.062,0.06,0
13003,59,1,7,0.934,0.528,0.78,0.0,0.381,-0.064,0
13004,35,1,10,0.86,0.7,0.906,1.0,0.273,0.329,0
13005,75,1,3,0.757,0.663,0.501,0.25,0.007,0.23,0
13006,77,1,8,1.017,0.552,0.706,0.0,0.044,0.525,0
13007,67,1,11,0.639,0.537,0.886,0.25,0.467,-0.206,0
13008,77,0,3,0.79,0.727,0.604,0.0,0.275,0.157,0
13009,68,1,10,1.126,0.478,0.782,0.5,0.354,0.257,0
13010,43,1,12,1.051,0.7,1.024,0.5,0.738,0.138,0
13011,64,1,3,0.587,0.717,0.36,0.5,0.148,-0.079,0
13012,59,1,4,0.736,0.626,0.762,0.75,0.229,-0.037,1
13013,47,0,7,0.908,0.634,0.683,0.0,-0.067,0.279,0
13014,40,1,10,0.846,0.632,1.094,0.0,0.546,0.191,0
13015,75,0,10,1.127,0.54,0.857,0.0,0.13,0.393,0
13016,83,1,8,0.664,0.632,0.985,0.0,0.386,-0.28,0
13017,68,1,3,0.815,0.637,0.62,0.5,0.02,0.002,0
13018,49,1,4,0.814,0.485,0.423,0.0,-0.254,0.307,0
13019,74,1,9,0.878,0.516,0.852,0.0,0.628,0.272,0
13020,64,0,11,1.227,0.439,0.752,0.75,0.555,0.328,0
13021,72,1,3,0.609,0.505,0.334,1.0,-0.142,-0.052,0
13022,30,1,10,1.014,0.577,0.918,0.0,0.519,0.211,0
13023,72,0,11,0.892,0.633,0.7,0.0,0.101,0.118,1
13024,48,0,3,0.806,0.634,0.595,0.0,0.297,0.078,0
13025,58,1,7,0.843,0.574,0.931,0.0,0.401,0.178,0
13026,50,0,9,0.834,0.568,0.796,0.5,0.341,0.047,0
13027,52,0,7,0.93,0.6,0.758,0.25,-0.169,0.119,0
13028,83,1,3,0.534,0.565,0.635,0.0,0.322,-0.29,0
13029,80,1,9,1.024,0.587,0.693,0.25,0.289,0.181,0
13030,81,0,6,0.961,0.666,0.491,0.0,-0.07,0.427,0
13031,64,0,6,0.659,0.618,0.802,0.5,0.452,0.025,0
13032,79,1,9,0.85,0.477,0.764,0.0,0.464,0.002,0
13033,83,0,3,0.545,0.638,0.396,0.75,-0.125,-0.436,0
13034,70,0,11,1.074,0.623,1.006,0.25,0.566,0.379,0
13035,77,1,3,1.043,0.547,0.636,0.0,-0.0,0.338,0
13036,45,1,8,1.197,0.678,0.704,1.0,0.057,0.381,0
13037,30,1,9,0.857,0.559,0.867,1.0,0.448,0.061,0
13038,81,0,3,0.866,0.584,0.31,0.5,-0.314,0.268,1
13039,52,0,6,0.827,0.615,0.563,0.0,-0.032,0.16,0
13040,67,0,3,0.548,0.754,0.44,1.0,0.074,-0.174,0
13041,76,1,12,0.898,0.509,0.931,0.5,0.355,0.024,0
13042,39,1,10,0.916,0.578,0.397,0.0,-0.04,0.19,0
13043,83,0,12,0.958,0.495,1.057,0.0,0.298,0.237,0
13044,43,0,5,0.885,0.475,0.816,0.0,0.633,0.056,0
13045,80,1,12,0.883,0.521,0.427,0.5,0.042,0.101,1
13046,41,1,11,0.932,0.385,0.912,0.0,0.31,0.352,0
13047,35,1,12,0.899,0.56,0.912,0.25,0.309,-0.047,0
13048,78,1,10,1.033,0.431,0.923,0.0,0.396,0.438,0
13049,66,1,5,0.887,0.604,0.754,0.0,0.307,0.317,0
13050,61,1,6,0.902,0.418,0.577,0.0,-0.02,0.417,0
13051,75,1,3,0.729,0.656,0.833,0.75,0.317,0.055,0
13052,37,0,7,1.018,0.664,0.499,0.0,0.061,0.325,0
13053,60,1,9,0.7,0.481,0.55,0.0,0.191,-0.271,0
13054,48,1,8,0.886,0.637,0.484,0.0,0.437,0.41,0
13055,83,1,12,0.938,0.467,0.761,0.0,0.39,0.176,0
13056,84,1,4,0.761,0.541,0.934,0.0,0.137,0.011,0
13057,84,0,10,0.861,0.495,0.748,0.0,0.179,-0.031,0
13058,74,1,7,0.821,0.542,0.715,0.75,-0.011,-0.13,0
13059,40,0,11,0.888,0.539,1.066,0.25,0.728,-0.03,0
13060,65,0,3,0.71,0.716,0.535,0.0,-0.032,0.14,0
13061,34,0,8,0.854,0.56,0.875,0.75,0.409,-0.107,0
13062,83,1,12,0.972,0.59,0.906,0.0,0.429,0.332,0
13063,70,1,4,0.898,0.609,0.855,0.5,0.514,0.233,0
13064,76,0,4,0.732,0.559,0.722,0.0,0.239,0.041,0
13065,65,0,5,0.914,0.675,0.645,0.25,-0.088,0.337,0
13066,83,0,3,0.777,0.562,0.279,1.0,-0.097,0.053,0
13067,57,1,8,0.949,0.491,0.796,0.25,0.197,0.186,0
13068,37,0,12,1.164,0.591,1.034,0.0,0.355,0.621,0
13069,46,0,11,0.774,0.557,1.162,0.5,0.534,0.018,0
13070,38,0,6,0.819,0.677,0.655,0.5,0.277,0.204,0
13071,33,1,8,0.792,0.57,1.101,0.25,0.428,-0.131,0
13072,35,0,8,0.841,0.601,0.748,0.0,0.048,0.031,0
13073,53,0,5,0.7,0.565,0.496,0.25,0.431,-0.401,0
13074,79,1,11,0.966,0.642,1.107,0.75,0.61,0.192,1
13075,40,0,6,0.716,0.67,0.714,0.75,0.343,0.152,0
13076,83,0,6,0.731,0.578,0.752,0.0,0.191,-0.117,0
13077,38,0,3,0.732,0.675,0.501,0.0,-0.199,-0.042,0
13078,45,1,8,1.052,0.606,0.774,0.0,0.584,0.221,0
13079,42,0,6,0.829,0.557,0.605,0.25,0.183,-0.144,0
13080,73,0,6,0.77,0.636,0.749,0.75,0.311,-0.104,0
13081,83,1,6,0.789,0.692,0.443,0.75,-0.015,-0.078,0
13082,55,0,9,0.779,0.751,0.801,0.0,0.241,0.013,0
13083,48,1,10,0.866,0.619,0.975,0.5,0.444,0.109,0
13084,72,1,7,0.692,0.639,0.585,0.0,0.2,-0.008,0
13085,34,0,5,0.831,0.634,0.647,0.0,-0.034,-0.118,0
13086,81,1,9,1.022,0.607,0.715,0.25,0.205,-0.042,0
13087,75,1,5,0.74,0.542,0.329,0.0,0.004,-0.098,0
13088,49,0,5,0.813,0.603,0.826,0.75,0.502,0.092,0
13089,57,1,7,0.881,0.618,1.003,0.5,0.303,0.103,0
13090,44,0,10,0.891,0.662,0.949,1.0,0.48,0.162,0
13091,50,1,7,1.103,0.63,1.21,0.0,0.688,0.212,0
13092,73,0,9,0.734,0.598,0.749,0.0,0.358,0.033,0
13093,83,1,5,0.642,0.455,0.568,0.0,0.465,-0.174,0
13094,53,1,6,0.805,0.639,0.638,0.0,0.241,0.105,0
13095,39,0,12,0.878,0.596,0.843,0.5,0.126,0.101,0
13096,31,0,5,0.711,0.628,0.376,0.25,-0.154,-0.019,0
13097,76,1,8,0.686,0.525,0.544,0.0,0.218,0.061,0
13098,81,1,5,0.863,0.637,0.947,0.0,0.485,0.163,0
13099,69,1,6,0.902,0.539,0.48,0.25,0.108,0.18,0
13100,34,1,11,0.893,0.513,1.292,0.0,0.815,0.316,0
13101,81,0,3,0.739,0.576,0.457,0.0,0.073,0.051,1
13102,63,0,11,1.008,0.55,0.7,0.5,0.518,0.151,0
13103,77,0,7,0.949,0.491,0.561,0.0,0.067,0.197,0
13104,59,0,6,0.941,0.537,0.458,0.25,0.161,0.12,0
13105,35,0,10,0.887,0.521,0.861,0.5,0.249,0.029,0
13106,71,0,6,0.844,0.536,0.846,0.0,0.473,0.302,0
13107,37,0,10,0.7,0.556,0.428,0.0,-0.197,-0.125,0
13108,61,1,10,0.949,0.676,0.752,0.25,0.392,0.276,0
13109,82,0,11,0.816,0.574,0.692,0.0,0.088,0.012,0
13110,68,0,7,0.911,0.573,0.995,1.0,0.62,-0.016,1
13111,80,0,3,0.595,0.802,0.979,0.0,0.802,-0.14,0
13112,69,1,4,0.709,0.702,0.864,0.75,0.179,-0.063,0
13113,56,0,7,1.028,0.7,0.642,0.25,0.12,0.426,0
13114,37,0,12,0.907,0.514,0.792,1.0,0.092,0.333,0
13115,72,1,10,0.957,0.59,0.456,0.0,0.51,0.203,0
13116,46,1,12,1.012,0.6,1.251,0.5,0.899,0.089,0
13117,40,0,6,0.974,0.596,0.588,0.5,0.48,0.063,0
13118,44,0,11,1.038,0.62,0.772,1.0,0.339,0.156,0
13119,63,1,12,1.069,0.536,0.846,1.0,0.562,0.12,0
13120,40,0,4,0.789,0.609,0.597,0.0,-0.073,-0.058,0
13121,52,0,5,0.62,0.601,0.521,0.75,0.149,-0.052,0
13122,62,0,8,1.134,0.51,0.762,0.0,0.607,0.197,0
13123,82,0,8,0.751,0.61,0.852,0.0,0.583,-0.234,0
13124,68,0,7,0.958,0.59,0.629,0.5,0.313,0.393,0
13125,41,1,9,1.074,0.478,0.735,0.0,0.189,0.147,0
13126,84,0,9,0.887,0.52,0.281,0.0,-0.074,0.032,0
13127,49,1,6,0.842,0.668,0.541,0.0,0.161,0.163,0
13128,69,0,3,0.677,0.47,0.773,0.0,0.311,-0.075,0
13129,36,0,9,0.944,0.483,0.78,1.0,0.459,0.14,0
13130,74,0,5,0.874,0.669,0.7,1.0,0.491,0.152,0
13131,35,0,9,0.789,0.596,0.808,0.0,0.28,0.023,0
13132,65,0,10,0.999,0.492,0.756,0.0,0.385,0.491,0
13133,44,1,4,0.624,0.502,0.28,0.75,-0.054,-0.129,0
13134,38,0,3,0.581,0.671,0.709,0.75,0.271,-0.037,0
13135,77,1,10,0.846,0.623,0.647,1.0,-0.067,0.102,0
13136,48,0,12,1.11,0.396,0.761,0.0,0.627,0.224,0
13137,69,1,8,0.821,0.613,1.047,0.0,0.364,0.001,0
13138,68,0,11,0.9,0.638,0.909,0.0,0.542,0.063,0
13139,54,0,5,1.016,0.608,0.696,0.25,0.347,0.302,0
13140,64,0,10,0.779,0.564,0.537,0.75,0.155,0.081,0
13141,73,1,5,1.015,0.566,0.545,0.25,-0.155,0.369,0
13142,76,1,5,0.805,0.53,0.465,0.25,-0.296,0.107,0
13143,67,0,10,1.054,0.6,0.989,0.0,0.636,0.181,0
13144,43,1,11,0.957,0.637,0.886,0.0,0.646,0.318,0
13145,32,0,3,0.852,0.642,0.727,0.5,0.318,-0.091,0
13146,69,0,8,1.085,0.584,0.608,0.0,0.311,0.115,0
13147,84,0,8,0.815,0.517,0.73,0.0,0.264,0.16,0
13148,42,1,11,1.093,0.569,0.578,0.0,-0.2,0.324,0
13149,65,0,4,0.7,0.587,0.569,0.5,0.289,-0.265,0
13150,41,0,4,0.765,0.66,0.673,0.0,0.124,0.011,0
13151,42,0,3,0.817,0.67,0.629,0.0,0.293,0.228,0
13152,41,0,9,0.992,0.59,0.806,0.0,0.315,0.172,0
13153,38,0,10,0.837,0.515,0.957,0.0,0.28,0.187,0
13154,53,1,12,0.917,0.7,0.565,0.5,0.008,0.151,0
13155,78,1,9,0.808,0.466,0.771,0.75,0.189,0.29,0
13156,67,0,11,0.887,0.53,0.838,0.0,0.5,0.084,0
13157,43,0,3,0.735,0.529,0.717,0.0,0.446,-0.266,0
13158,52,1,11,0.833,0.601,0.653,1.0,0.321,0.256,1
13159,58,1,4,0.872,0.528,0.435,0.75,-0.0,0.119,0
13160,49,0,7,1.0,0.625,0.648,0.0,-0.052,0.06,0
13161,48,0,3,0.896,0.7,0.545,0.25,0.025,0.253,0
13162,44,0,9,0.912,0.623,0.807,0.0,0.296,0.276,0
13163,65,0,11,1.03,0.649,0.795,1.0,0.428,0.338,0
13164,58,1,5,0.906,0.51,0.581,0.0,0.114,-0.025,0
13165,82,1,10,1.006,0.641,0.97,0.0,0.79,0.228,0
13166,74,0,6,0.669,0.564,0.836,0.0,0.222,0.091,0
13167,74,1,10,0.891,0.551,0.723,0.0,0.114,0.191,0
13168,53,1,6,0.832,0.492,0.873,0.0,0.362,0.079,0
13169,57,0,6,0.801,0.45,0.573,0.5,0.042,0.155,0
13170,31,0,7,0.888,0.603,0.429,0.75,0.036,0.085,0
13171,30,1,5,0.637,0.614,0.758,1.0,0.459,0.108,0
13172,65,0,3,0.999,0.701,0.415,1.0,0.004,0.279,0
13173,73,0,11,1.131,0.656,0.92,0.0,0.415,0.496,0
13174,46,1,11,0.859,0.596,0.895,0.0,0.702,0.159,0
13175,43,1,3,0.994,0.686,0.794,0.5,0.432,0.198,0
13176,78,1,3,0.94,0.579,0.516,1.0,0.414,0.344,0
13177,50,0,12,0.982,0.371,0.961,0.0,0.28,0.353,0
13178,82,0,4,0.841,0.488,0.756,0.0,0.265,0.171,0
13179,80,1,3,0.907,0.556,0.686,0.0,0.219,0.049,0
13180,66,0,10,0.909,0.604,0.7,0.0,0.602,0.07,0
13181,57,0,8,0.946,0.58,0.675,0.0,-0.025,0.333,0
13182,59,1,11,0.974,0.6,0.448,1.0,-0.101,0.178,0
13183,67,0,8,1.019,0.544,0.778,0.0,0.135,0.351,0
13184,66,0,7,0.975,0.749,0.568,0.75,0.19,0.377,0
13185,46,1,10,0.817,0.559,0.99,0.0,0.439,0.183,0
13186,83,0,6,0.899,0.517,0.794,1.0,0.132,-0.083,0
13187,45,0,4,0.745,0.552,0.63,0.0,0.386,-0.053,0
13188,51,1,7,0.7,0.665,0.849,0.0,0.443,-0.105,0
13189,68,0,8,0.866,0.577,0.664,0.75,0.273,0.288,0
13190,51,0,6,0.794,0.461,0.653,0.5,0.13,-0.019,0
13191,77,1,11,1.01,0.555,0.684,0.0,0.028,-0.034,0
13192,50,1,3,0.884,0.593,0.672,0.25,0.206,0.208,0
13193,59,1,4,0.877,0.616,0.398,0.25,-0.02,-0.027,0
13194,52,1,5,0.62,0.656,0.626,0.0,0.15,-0.129,0
13195,48,1,8,0.956,0.535,0.75,0.0,0.728,0.222,0
13196,53,0,10,0.736,0.479,0.989,0.75,0.508,0.01,0
13197,37,0,8,1.031,0.599,0.769,0.75,0.254,0.144,0
13198,61,0,8,0.849,0.639,0.7,0.25,0.283,0.185,0
13199,42,0,9,0.625,0.487,0.468,0.0,-0.162,-0.276,0
13200,57,0,5,0.686,0.596,0.295,0.0,-0.308,-0.195,0
13201,58,0,3,0.698,0.503,0.62,0.5,0.117,-0.424,0
13202,68,1,9,0.879,0.394,1.101,0.0,0.801,0.317,0
13203,77,0,10,0.747,0.547,0.775,0.5,0.07,0.183,0
13204,32,1,10,0.849,0.539,0.759,0.25,0.066,0.177,0
13205,60,1,3,0.852,0.632,0.764,0.0,0.345,0.093,0
13206,60,0,7,0.958,0.575,0.665,0.75,0.404,0.392,0
13207,83,1,6,0.776,0.59,0.876,0.0,0.436,0.112,1
13208,70,1,3,0.882,0.466,0.527,0.5,0.216,0.168,0
13209,65,0,10,1.029,0.622,0.533,0.0,0.087,0.295,0
13210,69,0,3,0.821,0.742,0.527,0.75,-0.057,0.111,0
13211,33,1,8,0.742,0.483,0.762,0.0,0.133,0.045,0
13212,61,1,3,0.541,0.499,0.58,0.0,0.085,-0.165,0
13213,41,0,4,1.058,0.591,0.729,0.0,0.396,0.146,0
13214,63,1,5,0.987,0.533,0.822,0.25,0.21,-0.056,0
13215,30,1,6,0.844,0.547,0.652,0.25,0.198,0.171,0
13216,72,1,9,0.829,0.412,0.682,0.5,0.137,0.076,0
13217,46,1,5,0.767,0.696,0.567,0.5,-0.014,-0.049,0
13218,60,0,9,0.819,0.527,0.579,0.5,0.138,-0.246,0
13219,58,1,10,1.155,0.582,0.82,0.0,0.318,0.323,0
13220,71,0,9,1.021,0.551,0.652,0.25,0.042,0.315,1
13221,47,0,6,0.89,0.542,0.618,0.0,0.165,0.2,0
13222,61,1,4,0.7,0.691,0.625,0.5,0.219,-0.028,0
13223,48,1,12,0.907,0.475,1.052,0.5,0.665,0.251,0
13224,70,0,5,0.938,0.586,0.792,0.0,0.347,0.419,0
13225,54,0,8,0.964,0.602,0.713,0.75,0.362,0.19,0
13226,71,0,10,0.96,0.557,0.902,0.0,0.541,0.218,0
13227,60,1,4,0.855,0.587,0.704,0.0,0.425,0.147,0
13228,76,0,8,0.869,0.422,0.963,0.25,0.686,0.066,0
13229,73,0,7,0.942,0.605,0.545,1.0,0.031,0.204,0
13230,57,1,11,0.908,0.459,1.058,0.0,0.539,0.129,0
13231,55,1,7,0.805,0.619,0.235,0.75,-0.188,-0.107,0
13232,79,1,6,0.807,0.645,0.534,0.5,0.283,0.087,0
13233,49,0,12,0.811,0.441,0.73,0.5,0.03,-0.095,0
13234,44,1,11,0.925,0.57,0.833,1.0,0.045,0.172,0
13235,66,1,3,0.553,0.601,0.577,0.0,0.016,-0.297,0
13236,30,1,5,1.061,0.556,0.445,0.5,0.056,0.286,0
13237,84,0,3,0.892,0.74,0.676,0.5,0.205,0.299,0
13238,76,0,12,1.032,0.46,1.152,1.0,0.85,0.164,1
13239,52,1,7,0.647,0.638,0.44,0.0,0.019,-0.445,0
13240,71,1,10,1.114,0.655,0.645,0.0,0.078,0.386,0
13241,31,1,12,1.231,0.517,0.717,1.0,0.425,0.513,0
13242,60,0,3,0.663,0.591,0.286,1.0,-0.337,-0.013,0
13243,68,0,7,0.959,0.487,0.734,0.0,0.363,0.481,0
13244,36,0,4,0.73,0.659,0.733,0.25,0.227,0.062,0
13245,51,1,12,1.009,0.706,0.882,0.75,0.723,0.425,0
13246,41,1,6,0.832,0.588,0.7,0.5,0.067,0.186,0
13247,55,1,3,0.826,0.62,0.316,0.75,-0.161,0.126,0
13248,41,1,4,0.739,0.606,0.7,0.0,0.21,0.087,0
13249,65,1,8,0.927,0.562,0.732,0.0,-0.028,0.124,0
13250,45,1,11,0.93,0.552,0.882,1.0,0.683,0.223,0
13251,63,0,9,1.014,0.56,0.784,0.25,0.349,0.373,0
13252,44,0,6,0.684,0.525,0.624,0.75,0.343,0.003,0
13253,33,1,12,1.052,0.48,0.659,0.0,-0.043,0.131,0
13254,50,1,5,0.876,0.574,0.739,0.25,0.265,0.037,0
13255,35,0,3,0.734,0.612,0.663,1.0,0.617,0.135,0
13256,52,0,3,0.781,0.475,0.462,1.0,-0.069,-0.06,0
13257,66,1,4,0.799,0.558,0.582,0.0,0.113,0.187,0
13258,48,0,9,1.061,0.573,0.792,0.0,0.404,0.283,0
13259,44,1,10,0.915,0.605,0.763,0.25,0.249,0.215,0
13260,51,0,6,0.733,0.667,0.995,0.0,0.471,0.092,0
13261,58,0,8,0.994,0.58,0.85,0.0,0.15,0.167,0
13262,50,0,5,0.692,0.661,0.925,0.25,0.581,-0.164,0
13263,57,0,3,0.764,0.676,0.666,0.0,0.107,-0.132,0
13264,31,0,5,1.037,0.607,0.658,0.0,0.415,0.329,0
13265,54,1,7,0.948,0.618,0.77,0.5,0.568,0.203,0
13266,84,0,11,0.788,0.7,1.257,0.5,0.932,0.092,0
13267,52,0,8,0.973,0.605,0.559,0.0,0.365,0.273,0
13268,44,1,9,0.978,0.616,0.92,0.0,0.494,0.099,0
13269,41,0,8,0.875,0.527,0.782,1.0,0.28,0.254,0
13270,75,0,10,1.224,0.565,0.796,0.75,0.096,0.378,0
13271,63,1,8,1.108,0.557,0.674,0.25,0.332,0.359,0
13272,77,1,12,0.768,0.528,1.208,0.0,0.66,-0.063,0
13273,60,1,9,0.998,0.632,0.959,0.0,0.415,0.224,0
13274,57,0,4,0.578,0.591,0.07,0.0,-0.222,-0.164,0
13275,67,0,12,1.025,0.553,1.047,0.5,0.506,0.314,0
13276,44,1,3,0.774,0.598,0.7,0.25,0.453,0.171,0
13277,46,1,8,0.995,0.329,0.898,1.0,0.673,0.273,0
13278,36,0,10,0.821,0.676,0.873,0.0,0.51,0.078,0
13279,33,0,12,1.076,0.499,1.17,0.0,0.485,0.376,0
13280,80,0,7,0.823,0.653,0.848,0.5,0.553,0.139,0
13281,50,0,7,0.805,0.499,0.661,0.5,-0.034,0.153,0
13282,35,1,4,0.744,0.616,0.347,0.25,-0.253,0.127,0
13283,40,1,8,1.032,0.555,0.859,1.0,0.159,0.266,0
13284,74,1,8,0.951,0.7,0.717,1.0,0.112,0.297,1
13285,60,0,12,0.967,0.581,0.925,1.0,0.349,0.425,0
13286,37,1,5,0.92,0.616,0.796,0.0,0.102,0.112,0
13287,72,1,7,0.648,0.471,0.985,0.0,0.301,-0.13,0
13288,71,1,5,0.736,0.715,0.544,1.0,-0.1,0.064,0
13289,79,0,6,0.968,0.583,0.454,0.0,0.214,0.134,0
13290,48,0,8,0.857,0.607,0.7,0.75,0.432,0.156,0
13291,54,1,12,1.081,0.535,1.006,0.0,0.715,0.526,0
13292,76,1,3,0.925,0.546,0.745,0.0,0.455,0.193,0
13293,79,0,10,0.995,0.464,0.751,0.0,-0.05,0.346,0
13294,48,1,7,0.683,0.541,0.687,0.0,0.021,-0.19,0
13295,72,0,6,0.945,0.664,0.444,0.0,-0.208,0.277,0
13296,66,1,3,0.747,0.586,0.627,0.0,-0.005,0.047,0
13297,39,0,12,1.132,0.589,0.7,0.75,0.146,0.323,0
13298,71,1,7,1.112,0.579,0.976,0.5,0.486,0.523,0
13299,71,1,11,1.102,0.577,0.723,0.0,0.239,0.353,0
13300,46,0,5,0.964,0.588,0.677,0.0,0.215,0.176,0
13301,54,1,5,0.765,0.533,0.689,0.25,0.172,-0.105,0
13302,64,0,9,0.972,0.585,0.817,0.5,0.317,0.273,0
13303,74,1,4,0.879,0.763,0.644,0.5,0.25,0.179,1
13304,67,0,5,0.806,0.547,0.487,0.0,-0.184,-0.067,0
13305,76,0,3,0.671,0.665,0.609,0.0,-0.052,-0.084,0
13306,32,0,10,0.977,0.579,0.841,0.25,0.57,0.16,0
13307,55,0,10,1.022,0.667,0.818,0.25,0.406,0.596,0
13308,70,1,3,0.571,0.659,0.48,1.0,0.078,-0.145,0
13309,81,1,7,0.799,0.509,0.711,0.5,-0.087,0.244,0
13310,81,0,10,1.033,0.553,0.85,0.0,-0.012,0.515,0
13311,56,0,10,1.199,0.543,0.412,0.0,0.082,0.286,0
13312,70,0,11,1.028,0.575,0.799,0.0,0.401,0.198,0
13313,66,1,6,0.756,0.572,0.798,0.75,0.423,0.016,0
13314,30,0,7,0.79,0.616,0.65,0.25,0.392,0.09,0
13315,43,1,7,0.7,0.816,0.826,0.25,0.324,-0.186,0
13316,83,1,7,1.138,0.472,0.484,0.0,-0.02,0.326,0
13317,75,0,6,0.896,0.651,0.487,1.0,0.064,0.007,0
13318,51,0,12,0.927,0.585,0.824,0.0,0.312,0.01,0
13319,67,0,11,0.983,0.493,0.971,1.0,0.476,0.187,1
13320,48,0,11,0.799,0.476,0.7,0.0,0.822,0.146,0
13321,81,0,3,0.771,0.695,0.403,0.0,0.331,0.011,0
13322,72,1,12,1.049,0.628,0.782,0.5,0.345,0.287,0
13323,72,1,3,0.898,0.557,0.888,1.0,0.116,0.208,1
13324,55,1,8,0.858,0.537,0.66,0.0,0.135,0.436,0
13325,53,0,4,0.734,0.637,0.683,0.0,0.12,0.096,0
13326,35,0,11,0.931,0.47,0.607,0.25,0.134,0.085,0
13327,79,0,4,0.978,0.66,0.681,0.5,0.079,0.182,1
13328,33,1,10,1.078,0.637,0.804,1.0,0.392,0.568,0
13329,73,0,10,0.758,0.483,0.729,0.0,0.198,0.074,0
13330,76,1,12,0.851,0.615,0.933,0.0,0.394,0.095,0
13331,55,0,10,0.9,0.548,0.86,0.5,0.508,0.393,0
13332,42,0,7,0.793,0.605,0.717,0.5,0.392,0.2,0
13333,53,0,9,0.797,0.534,0.645,0.0,0.328,0.313,0
13334,44,1,6,0.738,0.601,0.874,0.75,0.378,-0.085,0
13335,75,1,6,1.023,0.629,0.649,0.75,0.242,0.312,0
13336,75,0,3,1.035,0.444,0.377,0.0,0.195,0.148,0
13337,71,0,11,1.01,0.5,0.805,0.0,0.315,0.007,0
13338,69,0,11,1.127,0.568,0.75,0.0,0.339,0.236,0
13339,84,0,12,1.084,0.554,0.84,1.0,0.381,0.307,0
13340,66,1,3,0.739,0.469,0.582,0.5,0.091,-0.11,0
13341,55,1,12,1.064,0.589,1.029,0.25,0.414,0.136,1
13342,42,1,11,1.164,0.602,0.68,0.25,0.108,0.226,0
13343,62,0,8,0.925,0.529,0.646,0.0,0.268,0.15,0
13344,65,0,6,0.808,0.7,0.75,0.75,0.078,-0.377,0
13345,45,0,7,1.004,0.523,0.683,0.25,0.025,0.415,0
13346,45,0,10,0.78,0.472,0.848,0.0,0.505,-0.011,0
13347,52,1,7,0.838,0.51,0.7,0.75,0.415,0.006,0
13348,60,1,3,0.696,0.572,0.459,0.5,0.234,0.044,0
13349,75,0,9,0.7,0.633,0.928,0.75,0.554,-0.057,0
13350,72,1,8,1.02,0.623,1.196,0.0,0.854,0.416,0
13351,76,0,5,0.917,0.646,0.411,0.0,-0.149,-0.066,0
13352,45,0,8,0.695,0.534,0.882,0.5,0.182,-0.058,0
13353,38,1,4,0.978,0.531,0.7,0.0,0.476,0.067,0
13354,36,0,12,0.992,0.53,1.013,0.0,0.761,0.272,0
13355,69,1,9,1.091,0.565,0.71,0.75,0.075,0.425,0
13356,45,1,10,0.816,0.562,0.901,0.5,0.288,0.062,0
13357,69,1,10,0.881,0.504,1.024,0.5,0.324,0.381,0
13358,70,1,12,0.903,0.538,0.832,0.0,0.541,0.277,0
13359,57,1,6,0.887,0.691,0.753,0.0,0.388,0.365,0
13360,56,0,5,0.794,0.719,0.703,0.0,0.211,-0.061,0
13361,35,1,10,0.951,0.7,0.875,0.0,0.289,0.251,0
13362,37,1,5,0.756,0.715,0.73,0.25,0.481,0.104,0
13363,65,1,4,0.874,0.527,0.441,0.25,-0.074,0.131,0
13364,81,0,3,0.802,0.622,0.679,0.0,0.187,0.018,0
13365,48,1,12,1.014,0.671,0.932,0.5,0.407,0.24,0
13366,39,0,6,0.7,0.636,0.941,0.25,0.465,-0.003,0
13367,52,1,4,0.851,0.558,0.608,0.0,0.121,0.144,0
13368,46,1,11,0.942,0.564,0.941,0.5,0.305,0.316,0
13369,61,1,3,0.762,0.624,0.807,0.0,0.14,0.05,0
13370,51,0,7,0.927,0.643,0.604,0.0,0.375,0.259,0
13371,37,0,7,0.858,0.606,1.026,1.0,0.769,0.123,0
13372,45,0,8,0.743,0.541,0.697,1.0,0.342,0.116,0
13373,78,1,11,0.963,0.7,0.823,0.0,0.505,0.336,0
13374,63,0,9,0.766,0.471,0.835,0.0,0.567,0.056,0
13375,76,1,9,1.006,0.548,0.663,0.5,0.201,0.415,0
13376,30,0,11,0.93,0.709,1.34,0.75,0.77,0.523,0
13377,46,1,8,0.805,0.518,0.626,0.0,-0.016,-0.1,0
13378,60,0,10,0.909,0.482,0.807,0.0,0.133,0.01,0
13379,30,0,9,0.863,0.619,0.782,0.75,0.259,0.227,0
13380,57,0,9,0.494,0.611,0.539,0.75,-0.058,-0.277,0
13381,37,0,7,0.896,0.462,0.75,0.25,0.281,0.063,0
13382,51,1,3,0.745,0.487,0.538,0.0,-0.122,-0.075,0
13383,74,1,12,0.867,0.568,0.9,0.0,0.595,0.128,1
13384,72,1,12,0.978,0.506,0.95,0.5,0.51,0.302,0
13385,39,1,4,0.824,0.671,0.606,0.0,0.149,0.046,0
13386,80,0,6,1.032,0.588,0.917,0.0,0.253,0.224,0
13387,55,1,5,0.829,0.645,0.479,0.0,0.01,0.107,0
13388,43,0,3,0.872,0.735,0.826,0.0,0.165,0.104,0
13389,54,0,5,0.885,0.452,0.739,0.0,0.223,0.076,0
13390,30,1,3,0.622,0.669,0.662,0.5,0.356,-0.078,0
13391,37,0,10,0.955,0.472,0.687,1.0,0.277,0.267,0
13392,39,0,12,1.006,0.489,0.998,0.0,0.643,0.152,0
13393,55,0,11,0.996,0.546,0.707,0.0,0.032,0.404,0
13394,30,0,3,0.868,0.614,0.426,0.0,-0.207,0.297,0
13395,38,0,8,0.766,0.69,0.934,0.0,0.207,0.251,0
13396,52,0,8,0.843,0.641,0.861,0.25,0.161,-0.108,0
13397,53,0,10,0.785,0.533,0.758,0.0,0.322,0.017,0
13398,75,1,10,0.881,0.566,0.872,0.0,0.471,0.254,0
13399,45,1,11,1.05,0.558,0.909,1.0,0.679,0.15,0
13400,69,0,10,0.899,0.506,0.791,0.0,0.279,0.159,0
13401,54,1,11,0.978,0.589,0.966,0.0,0.449,0.19,0
13402,59,1,6,0.724,0.679,0.534,1.0,0.181,-0.09,0
13403,74,1,10,0.933,0.458,1.064,0.5,0.537,-0.149,0
13404,57,1,11,0.88,0.693,0.575,0.0,0.361,0.159,0
13405,81,0,3,0.908,0.544,0.425,0.25,-0.331,0.003,0
13406,71,0,5,0.7,0.602,0.399,0.25,-0.286,-0.31,0
13407,42,1,6,0.775,0.623,0.569,0.25,0.339,-0.141,0
13408,44,0,7,0.885,0.615,0.643,0.0,0.259,0.04,0
13409,73,0,8,0.975,0.582,0.715,0.0,0.17,0.144,0
13410,84,1,12,0.789,0.602,0.951,0.0,0.535,0.175,0
13411,53,1,5,0.934,0.723,0.696,1.0,0.173,0.261,0
13412,53,1,11,0.834,0.546,0.789,0.0,0.726,0.154,0
13413,37,0,10,0.811,0.699,0.516,0.25,-0.184,-0.109,0
13414,39,0,8,1.042,0.572,0.712,0.0,0.348,0.351,0
13415,57,0,12,0.987,0.527,0.954,0.0,0.769,0.078,0
13416,84,0,7,0.903,0.609,0.602,0.0,0.289,0.069,0
13417,50,1,4,0.808,0.466,0.456,0.25,-0.258,0.296,0
13418,33,1,7,1.013,0.464,0.682,0.0,0.452,0.362,0
13419,54,0,12,0.837,0.598,0.926,0.5,0.317,-0.101,0
13420,61,1,9,1.1,0.546,0.957,0.0,0.444,0.219,0
13421,62,1,10,0.86,0.535,0.637,0.0,-0.009,0.13,0
13422,59,1,5,0.831,0.651,0.514,0.0,-0.122,0.389,0
13423,30,0,7,0.634,0.554,0.74,0.0,0.123,-0.282,0
13424,71,1,7,0.848,0.476,0.899,0.0,0.521,0.172,0
13425,42,1,9,0.962,0.518,0.862,0.75,0.59,0.294,0
13426,36,1,12,1.108,0.542,1.021,0.25,0.534,0.502,0
13427,59,0,12,0.997,0.515,0.642,0.5,0.271,0.407,1
13428,57,0,12,0.963,0.541,0.774,0.5,0.261,0.141,0
13429,33,0,8,0.912,0.658,0.852,0.0,0.41,0.152,0
13430,75,0,8,0.963,0.589,1.026,0.5,0.547,0.393,0
13431,35,1,5,0.884,0.71,0.618,0.0,0.081,0.099,0
13432,48,1,9,0.859,0.712,0.61,0.0,0.512,0.002,0
13433,49,1,12,0.891,0.678,0.662,0.0,0.306,0.105,0
13434,57,0,8,0.899,0.494,0.798,0.0,0.106,0.281,0
13435,69,0,7,0.793,0.639,0.766,0.25,0.297,0.124,0
13436,43,0,12,1.183,0.494,0.741,0.0,0.196,0.586,0
13437,77,1,7,0.771,0.526,0.686,0.5,0.539,0.052,0
13438,66,0,11,1.158,0.495,0.727,0.25,0.451,0.568,0
13439,77,1,6,0.748,0.526,0.742,0.0,0.042,-0.036,0
13440,52,1,4,0.861,0.663,0.629,0.0,0.451,0.034,0
13441,70,0,7,1.035,0.459,0.643,0.0,0.389,0.445,0
13442,78,1,9,0.78,0.549,0.904,0.0,0.392,0.076,0
13443,69,0,6,1.065,0.708,0.372,0.0,0.028,0.37,0
13444,76,0,10,1.04,0.525,0.815,1.0,0.794,0.241,0
13445,34,1,7,0.809,0.745,0.783,0.25,0.215,0.109,0
13446,81,0,12,0.983,0.43,1.312,0.25,0.628,0.233,1
13447,37,1,12,0.895,0.478,0.796,0.5,0.208,0.275,0
13448,34,0,10,0.883,0.581,1.029,0.0,0.569,0.011,0
13449,58,1,3,0.789,0.581,0.574,1.0,0.246,0.206,0
13450,83,0,11,1.081,0.532,0.7,0.0,0.171,0.311,0
13451,41,1,7,0.895,0.525,0.628,0.0,0.226,-0.094,0
13452,79,0,10,0.7,0.609,0.79,0.0,0.113,-0.084,0
13453,76,1,12,1.116,0.469,0.952,0.0,0.38,0.449,0
13454,79,1,4,0.692,0.565,0.677,0.0,0.015,-0.138,1
13455,65,1,8,0.88,0.458,0.866,1.0,0.166,0.264,0
13456,43,0,11,0.882,0.659,0.947,0.75,0.334,0.276,0
13457,52,0,5,0.79,0.753,0.698,0.25,0.302,-0.048,0
13458,62,1,5,0.512,0.463,0.564,0.75,0.187,-0.122,0
13459,56,0,4,0.896,0.547,0.599,0.0,0.293,0.148,0
13460,82,1,10,0.993,0.571,1.032,0.0,0.476,0.257,0
13461,56,1,8,0.83,0.698,0.631,0.0,0.246,-0.04,0
13462,78,1,4,0.77,0.584,0.501,0.0,0.238,0.059,0
13463,79,0,5,0.715,0.594,0.805,0.5,0.32,-0.122,0
13464,77,0,10,1.051,0.475,0.712,0.25,0.029,0.422,0
13465,46,1,12,0.953,0.548,0.912,0.5,0.434,0.237,0
13466,50,1,3,0.954,0.631,0.477,0.75,0.135,0.164,0
13467,50,0,8,0.843,0.611,0.847,0.0,0.575,0.079,0
13468,53,1,12,1.194,0.54,0.882,1.0,0.448,0.514,0
13469,52,0,6,0.925,0.467,0.49,0.0,-0.277,0.065,0
13470,78,1,9,0.923,0.545,0.848,0.0,0.564,0.273,0
13471,53,1,9,1.027,0.504,0.487,1.0,0.216,0.183,0
13472,79,0,8,0.79,0.484,0.964,1.0,0.545,0.167,0
13473,39,0,6,0.827,0.644,0.755,0.0,0.015,0.127,0
13474,50,0,9,0.721,0.562,0.712,0.75,0.504,0.006,0
13475,47,1,9,0.895,0.614,0.699,0.25,-0.019,0.212,0
13476,66,0,5,0.614,0.575,0.632,0.25,0.304,-0.204,0
13477,30,0,7,0.757,0.56,0.48,0.0,0.768,0.057,0
13478,46,0,7,0.68,0.516,0.665,0.5,0.458,-0.088,0
13479,72,0,7,1.065,0.694,0.6,0.0,0.415,0.323,0
13480,35,0,4,0.708,0.642,0.627,0.0,0.068,-0.061,0
13481,43,1,5,0.745,0.628,0.405,0.0,0.05,-0.043,0
13482,33,0,6,0.833,0.597,0.522,0.25,0.114,0.078,0
13483,35,0,9,1.022,0.679,0.7,0.0,0.629,0.209,0
13484,82,1,4,0.679,0.58,0.786,0.0,0.585,0.006,0
13485,47,1,3,0.884,0.622,0.31,0.25,-0.204,0.257,0
13486,43,0,3,0.678,0.7,0.483,0.0,0.12,-0.058,0
13487,50,0,7,0.829,0.612,0.73,0.0,0.415,0.268,0
13488,72,1,6,0.895,0.645,0.585,0.75,0.401,0.195,0
13489,30,1,6,0.911,0.652,0.924,0.75,0.397,0.285,0
13490,68,0,3,0.7,0.536,0.823,0.75,0.174,-0.149,0
13491,76,0,10,0.833,0.466,1.037,0.0,0.394,0.207,0
13492,52,0,8,1.029,0.572,0.659,0.0,0.117,0.201,0
13493,59,0,11,0.959,0.597,0.938,0.5,0.383,0.366,0
13494,51,1,8,0.775,0.568,0.8,0.25,0.482,0.104,0
13495,37,1,9,1.052,0.583,0.743,0.0,0.218,0.17,0
13496,48,0,8,0.915,0.659,0.758,0.0,0.46,0.083,0
13497,39,1,12,0.894,0.57,0.889,0.0,0.561,0.117,0
13498,75,0,9,0.927,0.586,0.775,0.0,0.397,0.129,0
13499,49,1,11,1.013,0.591,0.803,0.0,0.52,0.11,0
13500,54,1,6,0.7,0.775,0.637,0.75,0.212,0.003,0
13501,35,0,6,0.931,0.595,0.498,0.0,-0.184,0.242,0
13502,36,0,12,1.064,0.485,0.808,1.0,0.108,0.352,0
13503,62,0,8,0.778,0.481,0.977,0.0,0.346,-0.142,0
13504,68,1,11,1.018,0.479,0.887,0.0,0.441,0.161,0
13505,70,0,6,0.654,0.582,0.808,0.0,0.448,0.138,0
13506,74,1,7,0.844,0.559,0.559,0.0,0.171,0.3,0
13507,49,1,9,0.852,0.533,0.581,0.5,0.284,0.014,0
13508,50,1,8,0.808,0.491,0.831,0.75,0.101,0.149,0
13509,81,0,12,0.7,0.559,1.229,0.5,0.801,0.0,0
13510,67,1,4,0.716,0.549,0.798,0.0,0.156,0.162,0
13511,82,1,3,0.856,0.692,0.317,0.0,-0.077,0.105,0
13512,56,1,5,0.991,0.611,0.653,0.5,0.335,0.223,0
13513,58,0,4,0.7,0.595,0.788,0.0,0.278,0.149,0
13514,47,0,3,0.757,0.747,0.711,0.0,0.388,-0.034,0
13515,67,0,3,0.736,0.536,0.517,0.5,0.185,0.077,0
13516,33,0,12,1.068,0.723,0.755,0.0,0.495,0.225,0
13517,30,1,11,0.902,0.527,0.659,0.0,0.167,0.389,0
13518,54,0,4,0.614,0.677,0.53,1.0,0.18,-0.174,0
13519,64,0,6,0.873,0.698,0.534,0.0,0.086,0.122,0
13520,48,0,4,0.785,0.485,0.375,0.0,-0.185,0.03,0
13521,58,0,7,1.012,0.483,0.628,0.0,0.303,0.061,0
13522,56,0,11,0.885,0.531,0.7,0.25,0.233,0.159,0
13523,54,1,10,0.804,0.487,0.806,0.25,0.023,0.039,0
13524,52,1,11,1.021,0.599,0.625,0.75,0.071,0.26,0
13525,40,0,6,0.869,0.527,0.659,0.25,0.362,0.066,0
13526,68,0,4,0.653,0.486,0.996,0.75,0.72,-0.223,0
13527,46,1,4,0.724,0.631,0.521,0.0,0.058,-0.067,0
13528,64,1,10,0.804,0.558,0.927,0.0,0.425,-0.185,0
13529,59,1,12,1.033,0.362,0.985,0.0,0.176,0.223,0
13530,54,1,11,1.158,0.513,0.865,0.75,0.422,0.336,0
13531,78,1,12,1.08,0.499,1.0,0.0,0.61,0.293,0
13532,68,1,3,0.915,0.795,0.413,0.5,-0.079,0.434,0
13533,73,0,8,0.7,0.554,0.542,0.0,0.032,0.03,0
13534,63,0,5,0.7,0.573,1.007,0.0,0.917,-0.095,0
13535,51,1,8,0.908,0.42,0.911,0.25,0.413,0.126,0
13536,83,0,9,0.768,0.659,0.824,0.75,0.137,0.068,1
13537,37,0,6,0.84,0.565,0.777,0.0,0.642,0.113,0
13538,36,0,3,0.875,0.658,0.51,0.0,-0.088,0.138,0
13539,83,1,10,0.811,0.556,0.591,0.0,0.316,0.107,0
13540,66,0,3,0.77,0.723,0.878,0.25,0.65,0.021,0
13541,75,1,4,0.814,0.574,0.458,0.0,0.087,0.015,0
13542,55,1,5,0.535,0.636,0.648,0.75,0.095,-0.275,0
13543,60,0,5,0.571,0.576,0.631,0.0,-0.11,-0.267,0
13544,64,1,3,0.813,0.446,0.57,0.25,0.253,0.201,0
13545,36,1,12,0.833,0.589,0.811,0.0,0.43,0.34,0
13546,48,1,4,0.941,0.524,0.699,0.0,0.06,-0.029,0
13547,38,1,12,0.941,0.583,0.991,0.0,0.638,0.32,0
13548,38,0,6,0.882,0.592,0.826,0.5,0.336,0.147,0
13549,81,1,4,0.808,0.586,0.425,0.0,-0.032,0.014,0
13550,45,0,3,0.75,0.593,0.369,0.0,0.006,-0.123,0
13551,55,0,11,1.095,0.487,0.847,0.75,0.355,0.36,0
13552,83,1,12,1.063,0.599,0.758,0.5,0.058,0.393,0
13553,60,0,5,0.789,0.657,0.845,0.25,0.153,0.188,0
13554,65,0,3,0.888,0.829,0.857,0.0,0.312,-0.063,0
13555,37,0,5,0.854,0.619,0.738,0.0,0.12,0.142,0
13556,38,1,7,0.858,0.674,0.923,0.0,0.272,-0.181,0
13557,84,0,3,0.689,0.656,0.752,0.25,0.133,0.096,0
13558,67,1,5,0.682,0.671,0.7,0.5,0.17,0.099,1
13559,48,1,6,0.7,0.607,0.663,0.0,0.11,0.11,0
13560,43,1,9,0.947,0.682,0.767,0.25,0.067,0.255,0
13561,45,0,9,0.949,0.474,0.704,0.0,0.151,0.215,0
13562,56,1,6,0.839,0.584,0.673,0.25,0.132,0.08,0
13563,67,1,9,0.828,0.547,0.94,0.0,0.485,0.26,0
13564,72,0,3,0.797,0.44,0.581,0.5,0.184,0.142,0
13565,69,1,11,1.015,0.539,0.596,0.0,0.046,0.396,0
13566,32,0,12,0.847,0.527,0.567,0.0,0.004,0.147,0
13567,69,1,7,0.8,0.598,0.965,0.5,0.42,0.027,0
13568,57,0,11,0.931,0.408,0.676,0.0,0.3,0.356,0
13569,70,1,8,0.767,0.62,0.95,0.0,0.571,0.067,0
13570,53,0,6,0.665,0.522,0.561,0.75,0.031,-0.202,0
13571,36,1,11,1.159,0.765,1.106,0.5,0.58,0.455,0
13572,32,0,3,0.817,0.598,0.608,0.0,0.19,0.03,0
13573,43,1,6,0.783,0.605,0.463,0.25,-0.303,0.191,0
13574,45,0,9,0.868,0.646,0.664,0.0,0.402,0.159,0
13575,45,1,10,0.988,0.392,0.818,0.0,0.4,0.286,0
13576,75,1,10,0.837,0.606,0.577,0.75,0.174,0.175,0
13577,61,1,11,0.911,0.434,0.838,1.0,0.317,0.165,0
13578,55,1,8,1.037,0.47,0.897,0.0,0.523,0.319,0
13579,80,1,8,0.7,0.52,0.813,0.25,0.483,-0.055,1
13580,35,0,6,0.986,0.677,0.73,0.0,0.372,0.394,0
13581,52,0,4,0.819,0.547,0.61,0.0,0.278,-0.076,0
13582,59,0,5,0.764,0.676,0.455,0.0,0.047,0.127,0
13583,69,1,8,0.892,0.59,0.795,0.0,0.454,0.303,0
13584,73,0,8,1.2,0.528,0.815,0.0,0.459,0.338,0
13585,70,0,7,0.868,0.647,0.533,0.0,-0.04,-0.023,0
13586,60,1,7,0.848,0.555,0.719,1.0,0.043,0.208,0
13587,46,1,10,0.939,0.45,1.063,0.75,0.654,0.007,0
13588,60,0,8,0.796,0.595,0.739,0.0,0.039,0.16,0
13589,63,1,10,1.233,0.524,0.792,0.0,0.347,0.579,1
13590,31,1,3,0.759,0.607,0.438,0.25,-0.172,-0.028,0
13591,32,1,10,0.939,0.549,1.012,0.25,0.827,0.215,0
13592,42,1,9,1.04,0.656,0.575,0.0,0.322,0.336,0
13593,45,1,8,0.495,0.581,0.832,0.5,0.829,-0.136,0
13594,31,0,12,0.957,0.692,0.909,1.0,0.358,0.15,0
13595,49,0,11,0.92,0.611,0.724,0.25,0.281,0.095,0
13596,80,1,12,1.03,0.589,0.849,0.0,0.162,0.058,0
13597,40,1,12,1.108,0.545,0.892,1.0,0.457,0.447,0
13598,68,1,5,0.826,0.69,0.798,0.5,0.46,0.153,0
13599,47,1,3,0.915,0.503,0.526,0.25,0.035,0.278,0
13600,37,0,7,0.909,0.571,0.725,0.75,0.249,-0.1,0
13601,50,1,8,0.98,0.338,0.812,0.25,0.007,0.035,0
13602,48,0,8,0.964,0.501,0.7,0.5,0.297,0.284,0
13603,33,0,6,0.792,0.642,0.678,0.0,0.413,0.013,0
13604,68,1,10,0.775,0.62,0.881,0.0,0.431,-0.097,0
13605,70,0,4,0.91,0.591,0.651,0.0,-0.001,0.159,0
13606,43,1,12,0.967,0.526,0.99,0.0,0.624,0.444,0
13607,45,1,3,0.817,0.676,0.873,0.75,0.173,-0.139,0
13608,74,1,6,0.859,0.446,0.73,0.25,0.196,-0.005,0
13609,67,1,4,0.824,0.555,0.622,0.25,0.112,0.121,0
13610,50,0,3,0.798,0.654,0.596,0.0,-0.445,-0.037,0
13611,57,1,7,0.796,0.617,0.634,0.0,0.125,-0.079,0
13612,31,1,9,0.939,0.589,0.618,0.0,0.334,0.276,0
13613,31,0,11,0.852,0.574,0.7,0.0,0.0,-0.011,0
13614,72,0,9,0.965,0.556,0.618,0.0,0.263,0.265,0
13615,52,1,5,0.96,0.533,0.893,0.0,0.659,0.277,0
13616,75,1,9,1.187,0.52,0.631,0.75,0.392,0.414,0
13617,83,1,6,0.872,0.521,0.673,0.0,0.445,-0.03,0
13618,56,1,10,0.735,0.344,0.764,0.5,0.391,0.261,0
13619,61,0,6,0.854,0.547,0.736,0.25,0.168,0.084,0
13620,84,0,12,0.993,0.514,0.992,0.75,0.531,0.303,0
13621,55,1,8,0.854,0.641,0.584,0.0,0.128,-0.089,0
13622,60,1,3,0.673,0.547,0.482,0.5,-0.243,-0.153,0
13623,70,1,8,0.771,0.718,0.637,0.0,0.173,-0.019,0
13624,72,1,9,0.745,0.62,0.678,0.0,0.282,-0.111,1
13625,58,0,11,0.9,0.535,0.888,0.0,0.55,0.398,0
13626,41,1,9,0.774,0.632,1.073,1.0,0.542,0.202,0
13627,53,0,6,0.633,0.603,0.996,0.0,0.372,-0.192,0
13628,44,0,5,0.847,0.523,0.376,1.0,0.105,0.243,0
13629,79,0,5,0.748,0.705,0.7,0.75,0.126,-0.021,0
13630,79,0,3,0.62,0.553,0.597,0.0,0.0,0.057,0
13631,69,0,5,0.835,0.459,0.703,0.0,0.003,-0.132,0
13632,57,0,3,0.49,0.622,0.559,0.5,0.098,-0.438,0
13633,62,0,10,0.855,0.58,0.834,0.0,0.633,0.169,0
13634,69,1,4,0.709,0.702,0.508,0.25,0.209,0.094,0
13635,70,0,10,0.893,0.573,1.046,0.75,0.281,-0.042,0
13636,51,0,12,0.839,0.55,0.847,0.0,0.666,0.211,0
13637,57,1,5,1.001,0.63,0.897,0.25,0.623,0.363,0
13638,35,1,8,0.861,0.501,0.765,0.0,0.299,-0.038,0
13639,52,1,3,0.769,0.587,0.345,0.75,-0.082,0.17,0
13640,68,1,7,0.881,0.639,0.7,0.75,0.285,0.219,0
13641,47,1,7,0.933,0.737,0.514,0.25,-0.052,-0.034,0
13642,76,1,11,0.918,0.486,0.736,1.0,0.272,-0.107,0
13643,33,0,5,0.687,0.643,0.233,0.0,-0.463,-0.226,0
13644,72,1,9,0.7,0.597,0.881,0.75,0.613,-0.066,0
13645,67,0,12,0.852,0.509,0.703,0.0,0.002,0.112,0
13646,81,0,4,0.871,0.726,0.7,0.5,0.218,0.379,0
13647,51,1,11,0.93,0.609,0.942,0.0,0.669,0.051,0
13648,49,1,11,0.684,0.553,0.723,0.75,0.523,-0.073,0
13649,38,0,11,1.259,0.68,0.678,0.0,0.389,0.63,0
13650,41,1,9,0.641,0.565,0.438,0.0,-0.074,-0.061,0
13651,55,1,10,1.08,0.528,0.801,0.5,0.076,0.216,0
13652,38,1,3,0.779,0.533,0.7,0.25,-0.154,0.016,0
13653,32,1,5,0.516,0.555,0.747,0.0,0.047,-0.208,0
13654,46,0,6,0.727,0.519,0.765,0.75,0.227,0.221,0
13655,78,1,12,1.028,0.418,0.891,0.0,0.726,0.258,0
13656,56,1,12,1.165,0.503,0.691,0.75,0.219,0.367,0
13657,70,0,5,0.855,0.559,0.495,0.25,-0.414,0.089,0
13658,33,0,4,0.899,0.64,0.509,0.75,0.018,0.217,0
13659,30,0,9,0.817,0.499,0.828,0.0,0.597,0.152,0
13660,77,1,3,0.859,0.45,0.027,0.0,-0.436,-0.161,0
13661,58,0,3,0.928,0.581,0.689,0.75,0.194,0.243,0
13662,30,1,4,0.892,0.618,0.429,0.0,-0.067,0.09,0
13663,75,0,10,0.941,0.525,0.476,0.5,0.029,0.113,0
13664,45,1,7,0.77,0.641,0.706,0.5,0.124,0.061,0
13665,75,1,10,0.951,0.617,1.083,0.0,0.606,0.056,0
13666,81,1,4,0.936,0.589,0.59,1.0,0.22,0.3,1
13667,67,0,3,0.639,0.62,0.638,0.5,0.205,-0.017,0
13668,78,0,9,0.714,0.41,0.713,0.0,0.298,-0.088,0
13669,60,0,7,0.8,0.589,0.76,0.0,0.78,-0.008,0
13670,43,1,4,0.926,0.597,0.319,0.0,-0.386,0.175,0
13671,42,1,4,0.69,0.698,0.618,0.25,0.011,-0.036,0
13672,51,1,9,0.85,0.533,0.915,0.0,0.412,0.063,0
13673,82,0,7,1.01,0.698,0.77,0.25,0.241,0.121,0
13674,56,0,8,0.791,0.598,0.725,0.25,0.27,0.118,0
13675,40,1,11,0.925,0.592,1.036,0.75,0.674,0.016,0
13676,33,1,6,0.82,0.539,0.396,0.0,-0.33,0.152,0
13677,79,1,5,0.7,0.676,0.663,0.75,0.124,-0.001,0
13678,38,0,7,0.801,0.529,0.688,0.0,0.318,-0.124,0
13679,39,1,12,0.915,0.478,0.788,0.0,0.119,0.402,0
13680,54,0,11,0.89,0.632,0.784,0.0,0.084,0.075,0
13681,82,1,4,0.708,0.564,0.641,0.0,-0.059,0.191,1
13682,72,1,3,0.722,0.708,0.523,0.25,0.035,-0.123,0
13683,40,1,5,0.652,0.626,0.778,1.0,0.55,-0.048,0
13684,37,0,6,1.006,0.595,0.741,0.5,0.09,0.372,0
13685,44,0,7,0.828,0.482,0.865,0.0,0.347,-0.166,0
13686,38,0,12,0.886,0.499,0.844,0.0,0.148,0.067,0
13687,68,1,11,0.863,0.553,0.855,0.25,0.016,0.189,0
13688,64,0,3,0.946,0.757,0.6,0.0,0.145,0.255,0
13689,62,1,4,0.639,0.585,0.829,0.5,0.467,-0.113,0
13690,51,0,10,0.862,0.437,0.677,0.0,-0.307,0.094,0
13691,35,0,7,1.018,0.504,0.684,0.25,0.135,0.117,0
13692,74,1,8,1.009,0.599,0.8,0.0,0.179,0.153,0
13693,68,1,7,0.795,0.568,0.62,0.5,-0.062,0.068,0
13694,36,1,6,0.931,0.545,0.803,0.5,0.29,0.148,0
13695,49,1,10,1.06,0.369,0.898,0.75,0.47,-0.118,0
13696,48,0,3,0.533,0.637,0.492,0.5,0.021,-0.217,0
13697,37,1,4,0.992,0.582,0.522,0.0,-0.219,0.125,0
13698,74,0,12,1.093,0.59,1.056,0.5,0.751,0.349,0
13699,30,1,10,1.191,0.547,1.171,0.0,0.546,0.607,0
13700,34,0,10,0.983,0.565,0.996,0.75,0.595,0.283,0
13701,36,1,8,0.788,0.534,0.7,0.5,0.02,0.08,0
13702,33,0,6,0.67,0.503,0.866,0.0,0.342,-0.081,0
13703,71,1,5,1.012,0.527,0.67,0.0,0.068,0.312,0
13704,64,1,10,0.79,0.591,0.634,0.0,0.064,0.185,0
13705,79,1,5,0.7,0.66,0.743,0.5,0.1,-0.244,0
13706,40,1,10,1.02,0.538,0.549,0.0,0.062,0.153,0
13707,44,1,3,0.983,0.55,0.783,0.0,0.355,0.294,0
13708,78,1,5,0.7,0.538,0.37,0.75,-0.183,-0.247,0
13709,46,1,7,0.855,0.531,0.662,0.0,-0.038,0.045,0
13710,73,0,9,0.998,0.55,0.716,0.0,-0.04,0.323,0
13711,62,0,11,0.931,0.578,0.71,0.0,0.537,0.339,0
13712,52,0,6,1.014,0.715,0.62,0.0,0.259,0.257,0
13713,42,1,7,0.922,0.567,0.866,0.0,0.464,0.097,0
13714,62,0,6,0.835,0.475,0.566,0.0,-0.051,0.169,0
13715,54,0,3,0.723,0.685,0.483,0.0,0.08,-0.003,0
13716,59,1,12,0.768,0.532,0.679,0.0,0.184,0.219,0
13717,32,0,10,0.977,0.463,0.82,0.25,0.436,0.493,0
13718,34,0,11,0.926,0.511,0.7,0.75,0.421,0.171,0
13719,77,1,10,0.829,0.612,0.835,0.5,0.274,0.057,0
13720,55,0,8,0.944,0.552,0.609,0.0,0.268,0.316,0
13721,66,1,5,0.668,0.731,0.654,0.0,0.017,-0.073,0
13722,33,1,8,0.846,0.569,0.919,0.0,-0.053,0.116,0
13723,66,1,7,0.782,0.566,0.751,0.0,0.373,-0.064,0
13724,84,1,9,0.915,0.493,0.696,1.0,0.28,0.166,1
13725,56,0,4,0.816,0.564,0.654,0.25,0.157,0.116,0
13726,38,1,8,0.923,0.481,0.763,0.0,0.219,-0.083,0
13727,78,1,11,0.863,0.385,1.008,0.0,0.442,0.007,1
13728,56,1,7,0.925,0.554,0.886,0.0,0.515,-0.023,0
13729,66,0,6,0.684,0.604,0.619,0.0,0.059,-0.195,0
13730,68,1,10,1.091,0.477,0.553,0.5,-0.061,0.347,1
13731,65,0,3,1.037,0.631,0.545,0.0,-0.205,0.102,0
13732,67,0,5,0.778,0.605,1.052,0.0,0.366,-0.1,0
13733,35,0,3,0.779,0.673,0.521,0.0,-0.099,0.194,0
13734,57,1,11,0.884,0.616,0.7,1.0,0.387,0.159,0
13735,54,1,4,0.841,0.545,0.758,0.25,0.185,0.036,0
13736,60,0,3,0.551,0.573,0.599,0.5,-0.114,-0.177,0
13737,30,0,4,0.923,0.592,0.492,1.0,-0.042,0.308,0
13738,37,0,7,0.926,0.518,0.586,0.75,0.021,0.093,0
13739,80,1,8,0.723,0.604,0.8,0.5,0.32,-0.19,0
13740,72,1,4,0.981,0.627,0.489,0.0,-0.199,0.2,0
13741,41,0,10,0.866,0.595,0.9,0.25,0.558,-0.052,0
13742,68,1,4,1.048,0.64,0.708,0.25,-0.126,0.348,0
13743,48,1,12,1.115,0.529,0.7,0.75,-0.056,0.618,0
13744,81,0,12,0.78,0.604,0.967,0.75,0.58,0.019,0
13745,75,0,5,0.627,0.699,0.891,0.5,0.203,-0.046,0
13746,57,0,3,0.83,0.558,0.658,0.0,0.105,0.114,0
13747,80,1,6,0.733,0.535,0.85,0.0,0.443,0.145,0
13748,62,1,3,0.792,0.714,0.7,0.5,0.378,0.219,0
13749,52,1,11,0.934,0.574,0.485,0.0,0.048,0.087,0
13750,81,1,4,0.664,0.555,0.618,0.25,0.391,-0.005,0
13751,81,1,12,0.736,0.7,0.801,0.0,0.386,-0.047,0
13752,55,1,4,0.787,0.7,0.729,0.0,0.305,0.076,0
13753,45,0,10,0.877,0.555,0.856,0.0,0.312,0.211,0
13754,63,1,8,0.994,0.638,0.667,0.0,-0.079,0.236,0
13755,80,0,7,0.918,0.504,0.779,0.0,0.558,0.088,0
13756,76,1,12,1.075,0.485,1.158,0.0,0.603,0.478,1
13757,48,1,9,0.927,0.615,0.86,0.75,0.532,0.078,0
13758,69,0,11,1.003,0.526,0.618,0.0,0.058,0.233,0
13759,38,1,8,1.097,0.553,0.754,0.5,0.426,0.499,0
13760,54,0,11,1.029,0.602,1.105,0.0,0.725,0.473,0
13761,63,1,8,0.974,0.6,0.779,0.75,0.479,0.322,0
13762,57,0,11,0.904,0.372,1.092,0.5,0.469,-0.059,0
13763,35,1,9,0.957,0.479,0.523,0.0,0.237,0.309,0
13764,54,1,7,0.895,0.502,0.665,0.75,0.211,0.187,0
13765,34,1,7,0.88,0.572,0.619,1.0,0.107,0.161,0
13766,70,0,11,0.739,0.614,0.958,0.0,0.472,0.018,0
13767,49,1,4,0.793,0.572,0.61,0.25,0.033,0.093,0
13768,82,1,3,0.904,0.302,0.738,0.0,0.16,0.284,1
13769,50,0,4,0.904,0.626,0.63,0.5,0.207,0.364,0
13770,45,0,3,0.683,0.703,0.324,0.0,-0.065,-0.109,0
13771,47,1,7,0.963,0.516,0.733,0.25,0.238,-0.079,0
13772,70,0,5,0.69,0.717,0.813,0.0,0.139,-0.132,0
13773,60,1,8,0.744,0.524,0.439,0.0,0.3,-0.083,0
13774,82,0,10,1.066,0.601,0.7,0.0,0.654,0.6,0
13775,74,1,4,0.656,0.69,0.294,0.0,-0.248,-0.045,0
13776,64,0,9,0.9,0.51,0.602,0.0,0.215,-0.053,0
13777,33,0,6,0.95,0.666,0.706,0.0,0.347,0.306,0
13778,65,0,8,0.819,0.588,0.632,0.0,-0.037,-0.021,0
13779,43,1,9,0.984,0.571,0.996,0.5,0.623,0.168,0
13780,70,0,7,0.811,0.56,0.698,1.0,-0.146,0.099,0
13781,57,1,11,0.963,0.556,0.713,0.0,0.367,0.273,0
13782,37,1,8,0.716,0.529,0.616,0.5,0.331,-0.068,0
13783,35,0,7,0.941,0.525,0.868,0.0,0.384,0.117,0
13784,72,0,4,0.928,0.602,0.444,0.75,-0.178,0.189,0
13785,61,0,8,0.853,0.625,0.831,0.0,0.032,0.24,0
13786,49,1,10,1.072,0.513,0.665,0.0,-0.035,0.349,0
13787,56,1,6,0.863,0.513,0.842,0.75,0.454,0.207,0
13788,67,1,11,0.7,0.462,0.96,0.0,0.402,-0.11,0
13789,58,0,7,1.03,0.709,0.53,0.25,-0.203,0.146,0
13790,44,1,6,0.709,0.477,0.783,0.0,0.416,-0.233,0
13791,47,0,4,0.791,0.668,0.578,0.0,0.077,0.108,0
13792,48,0,7,0.871,0.571,0.664,0.25,0.398,0.227,0
13793,63,0,7,0.937,0.562,0.637,0.5,0.13,0.393,0
13794,30,1,6,0.738,0.745,0.657,0.0,0.457,0.033,0
13795,46,1,4,0.902,0.483,0.394,0.0,0.184,0.165,0
13796,51,1,10,1.048,0.557,0.919,1.0,0.262,0.233,1
13797,33,1,3,0.7,0.554,0.5,0.0,0.009,-0.138,0
13798,34,0,4,0.75,0.569,0.754,0.0,0.307,0.03,0
13799,65,1,8,0.826,0.485,0.819,0.5,0.28,-0.077,0
13800,63,0,5,0.919,0.629,0.735,0.5,0.386,0.068,0
13801,80,1,5,0.824,0.492,0.614,0.0,0.333,0.057,0
13802,80,1,12,0.974,0.657,0.856,0.0,0.452,0.271,0
13803,51,1,4,1.027,0.515,0.404,0.0,-0.01,0.218,0
13804,33,1,5,0.873,0.525,0.663,0.0,0.115,0.159,0
13805,44,0,8,0.691,0.572,0.749,0.0,0.282,-0.145,0
13806,38,0,7,0.902,0.54,0.555,0.0,0.1,0.043,0
13807,37,1,7,0.715,0.52,0.65,0.75,0.448,0.063,0
13808,38,0,8,1.123,0.568,0.901,0.75,0.775,0.027,0
13809,71,0,4,0.897,0.569,0.471,0.0,-0.019,0.165,0
13810,75,0,10,0.692,0.526,0.764,0.0,-0.03,-0.202,0
13811,55,0,7,0.898,0.644,0.965,0.0,0.481,0.237,0
13812,37,1,9,0.892,0.658,0.876,0.25,0.609,-0.223,0
13813,82,1,5,0.755,0.602,0.681,0.25,0.434,-0.133,0
13814,79,0,6,0.972,0.7,0.783,1.0,0.284,0.124,1
13815,33,0,10,0.7,0.61,0.484,0.0,-0.146,0.027,0
13816,71,1,8,0.943,0.46,0.713,0.0,0.131,0.295,1
13817,80,1,6,0.7,0.533,0.976,0.0,0.63,0.066,0
13818,41,1,6,0.87,0.592,0.457,0.0,-0.254,0.0,0
13819,35,1,7,0.871,0.605,0.731,0.0,0.435,0.118,0
13820,44,1,6,1.307,0.667,0.703,0.0,0.141,0.441,0
13821,44,1,6,0.658,0.587,0.573,0.0,0.19,-0.042,0
13822,81,1,3,0.755,0.581,0.678,0.0,0.364,0.052,0
13823,53,1,9,0.988,0.453,0.899,0.5,0.448,0.341,0
13824,45,0,12,0.984,0.7,0.998,0.0,0.658,0.311,0
13825,43,1,7,0.784,0.668,0.626,1.0,0.345,-0.019,0
13826,78,0,4,0.896,0.661,0.187,1.0,-0.292,-0.14,0
13827,69,0,6,0.935,0.537,0.525,0.0,0.074,0.223,0
13828,54,1,4,0.895,0.556,0.729,0.0,0.181,0.088,0
13829,65,1,11,0.7,0.535,1.15,1.0,0.729,-0.088,0
13830,38,1,5,0.952,0.549,0.173,0.0,-0.375,0.042,0
13831,69,0,3,0.976,0.627,0.677,0.25,0.345,0.364,0
13832,47,0,4,0.862,0.587,0.442,0.0,0.322,0.152,0
13833,39,0,3,0.921,0.537,0.726,0.75,0.059,0.058,0
13834,56,1,8,0.889,0.64,0.947,0.0,0.567,0.081,0
13835,66,0,3,0.871,0.654,0.812,0.25,0.521,-0.074,0
13836,49,0,9,0.819,0.589,0.485,0.0,-0.144,0.119,0
13837,78,1,11,0.856,0.413,0.708,0.75,0.222,0.009,0
13838,60,0,3,0.826,0.609,0.811,0.5,0.738,-0.098,0
13839,67,1,4,0.63,0.53,0.722,0.0,0.028,-0.104,0
13840,84,1,8,0.581,0.554,0.736,0.75,0.514,-0.15,0
13841,35,0,6,0.917,0.565,0.807,0.0,0.645,0.142,0
13842,80,1,3,0.821,0.564,0.524,0.0,0.318,-0.017,0
13843,39,1,8,0.924,0.497,0.612,1.0,0.279,0.04,0
13844,76,0,5,0.805,0.494,0.742,0.25,0.289,-0.027,0
13845,82,0,9,0.897,0.483,0.928,0.0,0.45,0.049,1
13846,31,1,5,0.882,0.718,0.836,0.0,0.364,0.266,0
13847,54,0,11,0.911,0.623,0.933,0.0,0.659,0.022,0
13848,74,1,3,0.755,0.621,0.862,1.0,0.573,-0.101,0
13849,70,0,3,0.736,0.734,0.421,0.25,0.033,0.026,0
13850,47,1,4,1.015,0.547,0.643,0.25,-0.05,0.247,0
13851,47,0,10,0.968,0.514,0.748,0.25,0.52,0.089,0
13852,60,0,9,0.807,0.549,1.084,0.0,0.624,0.184,0
13853,56,0,6,0.808,0.624,0.611,0.0,-0.085,0.083,0
13854,40,1,12,0.973,0.595,0.896,0.0,0.219,0.151,0
13855,43,0,12,0.7,0.502,0.749,0.5,-0.08,-0.173,0
13856,58,1,12,1.143,0.46,0.918,0.5,0.577,0.289,0
13857,36,0,6,0.796,0.561,0.724,0.0,-0.03,-0.041,0
13858,58,1,7,0.663,0.523,0.889,0.0,0.571,-0.086,0
13859,33,1,5,0.924,0.757,0.377,0.0,-0.112,0.132,0
13860,51,0,4,0.732,0.605,0.7,0.0,0.171,0.047,0
13861,55,0,9,0.993,0.436,0.985,0.5,0.377,0.294,0
13862,38,0,3,0.835,0.676,0.513,0.0,0.188,0.086,0
13863,84,1,9,0.954,0.458,0.711,0.75,0.063,0.189,0
13864,52,1,3,0.746,0.621,0.702,0.0,0.02,-0.16,0
13865,30,0,12,0.834,0.502,0.76,0.0,0.158,-0.018,0
13866,68,0,3,0.734,0.705,0.612,0.0,0.312,0.22,0
13867,81,1,5,0.783,0.571,0.478,0.5,0.204,0.129,0
13868,44,0,11,0.846,0.593,0.644,0.0,0.028,-0.035,0
13869,72,0,12,0.921,0.478,0.886,0.0,0.42,0.283,0
13870,38,1,6,0.787,0.682,0.7,0.0,0.083,0.065,0
13871,35,0,7,0.831,0.603,0.637,0.25,0.243,-0.036,0
13872,80,0,12,1.105,0.384,0.848,0.0,0.618,0.405,0
13873,57,0,6,0.878,0.57,0.47,0.25,0.309,0.124,0
13874,73,1,5,0.879,0.556,0.568,0.0,0.153,0.155,0
13875,42,0,5,0.851,0.543,0.511,0.0,-0.042,0.206,0
13876,33,1,8,1.055,0.489,0.74,0.0,0.545,0.49,0
13877,79,0,6,0.865,0.58,0.721,0.0,0.385,0.087,0
13878,76,1,8,0.842,0.469,0.784,0.0,0.279,0.038,0
13879,68,0,9,1.015,0.619,1.023,0.0,0.446,0.197,0
13880,56,0,9,0.924,0.562,0.619,0.25,0.166,0.194,0
13881,68,1,5,0.63,0.491,0.57,0.75,0.049,-0.057,0
13882,35,0,7,0.952,0.538,0.721,0.25,0.13,0.254,0
13883,33,1,12,0.988,0.563,0.987,0.5,0.495,0.277,0
13884,55,1,11,0.926,0.573,0.742,0.5,0.503,0.179,0
13885,43,0,9,1.045,0.577,0.973,0.25,0.662,0.332,0
13886,43,1,9,1.047,0.483,0.7,1.0,0.355,0.322,0
13887,53,0,7,0.86,0.482,0.666,0.0,0.414,0.132,0
13888,77,1,7,1.098,0.56,0.852,1.0,0.448,0.419,0
13889,39,1,5,0.953,0.66,0.684,0.0,0.0,0.091,0
13890,83,1,11,1.063,0.687,1.105,0.5,0.392,0.269,0
13891,41,1,3,0.799,0.636,0.615,0.0,0.323,0.045,0
13892,50,0,8,0.766,0.545,0.556,0.0,0.197,0.016,0
13893,77,1,6,0.907,0.64,0.465,0.0,0.04,-0.011,0
13894,31,0,4,0.85,0.584,0.781,0.0,0.44,0.15,0
13895,52,0,7,0.909,0.611,0.704,0.0,0.49,0.267,0
13896,38,1,7,0.995,0.629,0.633,0.0,-0.072,0.265,0
13897,71,1,4,0.851,0.573,0.79,0.5,0.454,0.038,0
13898,41,0,11,0.905,0.432,0.914,0.0,0.304,0.255,0
13899,67,0,8,0.7,0.537,0.466,0.0,0.161,-0.081,0
13900,51,1,12,0.758,0.612,0.924,0.5,0.344,0.113,0
13901,45,0,3,0.837,0.625,0.324,0.5,-0.195,0.18,0
13902,32,1,10,1.065,0.59,1.277,0.0,0.684,0.564,0
13903,34,1,5,0.999,0.625,0.835,0.0,0.2,0.192,0
13904,32,0,6,0.551,0.629,0.637,1.0,0.369,-0.227,0
13905,68,0,8,0.977,0.655,0.623,1.0,-0.136,0.287,0
13906,73,1,5,0.652,0.626,0.825,0.25,0.818,-0.132,0
13907,78,0,3,0.957,0.582,0.846,0.0,0.558,0.031,0
13908,50,1,5,0.742,0.547,0.593,0.75,0.304,0.109,0
13909,63,1,5,0.957,0.565,0.738,0.0,0.252,0.192,0
13910,40,1,8,0.91,0.672,0.649,1.0,0.208,0.122,0
13911,57,0,3,0.863,0.68,0.529,0.75,-0.168,0.093,0
13912,39,0,7,0.865,0.585,0.643,0.0,0.194,-0.138,0
13913,43,1,4,0.798,0.7,0.452,0.25,0.159,-0.077,0
13914,54,1,7,0.928,0.587,0.763,0.0,0.497,0.385,0
13915,68,1,8,0.977,0.721,0.7,0.5,0.53,0.111,0
13916,84,0,11,0.935,0.519,0.515,0.25,0.221,0.119,0
13917,61,1,6,0.72,0.643,1.035,0.5,0.431,0.053,0
13918,50,1,6,1.011,0.66,0.8,0.0,0.419,0.318,0
13919,60,1,11,0.905,0.519,1.118,0.0,0.864,0.173,0
13920,72,1,8,1.053,0.64,0.9,0.0,0.364,0.125,0
13921,81,0,12,1.236,0.448,0.485,0.5,0.129,0.374,0
13922,44,1,11,0.897,0.522,0.76,0.75,0.36,0.27,0
13923,53,0,5,0.606,0.65,0.834,0.25,0.424,0.023,0
13924,30,1,9,1.034,0.7,0.703,0.25,0.519,0.378,0
13925,76,0,4,0.535,0.722,0.78,0.0,0.312,-0.321,0
13926,70,1,8,0.898,0.7,1.027,1.0,0.633,0.196,1
13927,64,0,9,0.928,0.521,0.85,0.0,0.397,0.165,0
13928,70,0,5,0.822,0.544,0.542,1.0,-0.211,0.224,0
13929,68,0,11,0.964,0.546,1.113,0.0,0.68,0.214,0
13930,67,1,7,0.936,0.448,0.78,0.25,0.307,0.21,0
13931,64,0,9,0.814,0.658,0.822,0.0,0.455,-0.101,0
13932,67,1,4,0.797,0.691,0.774,0.5,0.318,0.073,0
13933,64,1,12,0.938,0.568,0.972,0.5,0.451,0.352,0
13934,40,1,4,0.834,0.414,0.643,0.0,0.131,-0.005,0
13935,62,0,7,0.743,0.526,0.912,0.5,0.028,-0.272,0
13936,65,1,4,0.809,0.482,0.706,0.0,0.158,0.03,0
13937,34,0,9,0.899,0.537,0.795,0.75,0.238,0.385,0
13938,45,0,7,1.011,0.574,0.7,0.0,0.186,0.324,0
13939,58,0,11,0.713,0.7,0.991,0.5,0.614,0.022,0
13940,44,0,6,0.849,0.556,0.884,0.5,0.482,0.229,0
13941,40,0,11,1.071,0.502,0.753,0.25,0.272,0.093,0
13942,72,0,8,0.808,0.497,0.724,0.0,0.024,0.04,0
13943,37,0,8,1.063,0.595,0.834,0.0,0.261,0.374,0
13944,54,1,10,1.116,0.574,0.381,1.0,0.014,0.477,0
13945,56,0,3,0.862,0.681,0.465,0.25,0.164,0.02,0
13946,84,1,6,0.703,0.635,1.067,0.5,0.692,-0.006,0
13947,57,0,8,0.891,0.565,0.976,0.75,0.551,0.033,0
13948,52,0,7,1.012,0.48,0.752,0.0,0.492,0.462,0
13949,46,0,5,0.881,0.643,0.673,0.5,-0.073,0.135,0
13950,40,1,10,0.762,0.592,0.981,1.0,0.599,-0.136,0
13951,65,1,10,0.837,0.586,1.085,0.0,0.566,0.166,0
13952,71,1,12,0.956,0.7,0.722,0.5,0.399,0.39,0
13953,54,0,6,0.903,0.443,0.577,0.75,-0.105,0.009,0
13954,34,0,3,0.737,0.666,0.232,0.0,-0.171,-0.142,0
13955,34,0,11,0.988,0.516,0.968,0.0,0.537,0.168,0
13956,37,0,9,0.7,0.645,0.804,0.0,0.86,0.073,0
13957,31,0,7,0.854,0.603,0.92,0.0,0.237,0.088,0
13958,53,0,7,0.918,0.55,0.984,0.0,0.583,0.156,0
13959,78,0,7,0.848,0.555,0.753,0.25,0.277,0.058,0
13960,52,0,8,0.706,0.508,0.628,0.0,-0.076,-0.001,0
13961,56,1,4,0.815,0.582,0.512,0.0,0.366,-0.116,0
13962,39,0,4,0.776,0.665,0.295,0.25,-0.063,0.11,0
13963,66,1,11,0.913,0.43,0.963,0.0,0.456,0.16,0
13964,34,1,9,0.622,0.585,0.886,0.0,0.381,-0.01,0
13965,65,1,3,0.667,0.563,0.763,0.0,0.348,-0.239,0
13966,39,0,8,0.942,0.7,0.434,0.0,0.025,0.271,0
13967,71,0,7,0.753,0.613,0.528,0.0,-0.282,0.023,0
13968,64,1,7,0.737,0.68,0.631,0.0,0.289,0.143,0
13969,30,0,8,0.882,0.585,0.525,0.25,0.091,0.139,0
13970,46,0,8,0.815,0.441,0.743,0.25,0.208,-0.1,0
13971,43,0,8,1.055,0.704,0.7,0.0,0.118,0.292,0
13972,42,1,4,0.964,0.594,0.351,0.75,-0.165,0.196,0
13973,70,0,6,1.003,0.628,0.44,0.0,-0.137,0.092,0
13974,37,0,10,0.985,0.619,1.061,0.5,0.498,0.374,0
13975,84,0,3,0.894,0.489,0.531,1.0,0.155,0.171,1
13976,79,1,6,1.011,0.633,0.731,1.0,0.503,0.36,0
13977,63,0,6,0.778,0.584,0.802,0.25,0.439,0.211,0
13978,70,0,3,0.889,0.506,0.35,1.0,-0.111,0.089,0
13979,63,1,10,0.985,0.652,0.559,1.0,0.348,0.203,0
13980,74,1,12,1.22,0.62,0.798,0.0,0.517,0.521,0
13981,73,0,6,0.864,0.622,0.689,0.5,0.309,0.087,0
13982,73,0,7,0.89,0.491,0.594,1.0,0.035,0.035,0
13983,65,1,4,0.701,0.585,0.556,0.75,0.011,0.088,0
13984,55,1,6,0.871,0.603,0.535,0.0,0.219,0.37,0
13985,48,0,5,0.942,0.53,0.671,0.25,0.147,0.336,0
13986,49,1,4,0.826,0.608,0.921,0.0,0.418,0.108,0
13987,75,1,11,1.075,0.518,0.861,0.0,0.524,0.604,0
13988,57,0,4,0.739,0.61,0.571,0.0,-0.051,-0.03,0
13989,59,1,3,0.808,0.547,0.301,0.5,-0.494,-0.059,0
13990,37,1,9,1.239,0.592,0.519,0.0,0.21,0.355,0
13991,73,0,5,0.848,0.701,0.835,0.0,0.544,0.193,0
13992,51,0,10,1.182,0.555,0.79,0.0,0.218,0.746,0
13993,45,1,7,1.101,0.63,0.588,0.5,0.286,0.391,0
13994,76,0,8,1.004,0.609,0.7,0.0,0.646,0.094,0
13995,74,0,7,0.901,0.649,0.815,0.0,0.369,0.194,0
13996,58,1,9,0.789,0.58,1.07,0.0,0.716,0.258,0
13997,72,1,8,0.7,0.574,0.571,0.0,0.257,-0.074,0
13998,48,1,5,0.935,0.519,0.858,0.75,0.075,-0.203,0
13999,49,1,7,0.787,0.663,0.717,0.0,0.611,-0.008,0
14000,78,0,8,1.236,0.623,0.648,0.0,0.253,0.465,0
14001,50,0,3,0.957,0.594,0.72,0.75,0.216,0.319,0
14002,33,0,9,0.899,0.597,0.963,1.0,0.256,0.134,0
14003,69,1,4,0.85,0.447,0.69,0.5,0.545,-0.079,0
14004,66,1,3,0.863,0.655,0.622,0.25,0.233,0.132,0
14005,67,1,12,1.154,0.437,0.747,0.0,0.401,0.539,0
14006,39,0,11,0.735,0.517,1.082,0.75,0.633,0.047,0
14007,69,0,11,1.06,0.548,1.04,0.25,0.754,0.296,0
14008,32,1,4,0.991,0.684,0.52,0.25,0.031,0.041,0
14009,56,1,3,0.972,0.636,0.742,0.5,0.413,0.413,0
14010,68,1,7,0.86,0.549,0.7,0.0,0.113,0.246,0
14011,61,0,4,0.815,0.493,0.394,0.0,0.108,-0.037,0
14012,37,1,7,0.751,0.654,0.639,0.0,0.393,0.03,0
14013,63,1,9,1.012,0.576,0.969,1.0,0.456,0.165,0
14014,82,1,7,0.865,0.562,0.974,0.75,-0.023,0.347,1
14015,51,1,10,0.81,0.626,0.625,0.0,-0.323,0.163,0
14016,54,0,9,0.878,0.638,0.778,0.0,0.468,0.19,0
14017,68,0,4,0.846,0.631,0.62,0.5,0.121,0.083,0
14018,61,1,12,0.93,0.565,0.676,0.0,0.2,0.189,0
14019,41,0,5,1.035,0.791,0.691,0.0,0.037,0.37,0
14020,50,1,8,0.83,0.661,0.95,0.0,0.332,-0.003,0
14021,50,1,5,0.792,0.575,0.829,0.25,0.041,0.058,0
14022,64,1,4,0.866,0.513,0.422,0.25,-0.123,0.215,0
14023,78,0,12,0.994,0.418,0.723,0.0,0.041,0.247,0
14024,66,0,8,0.725,0.531,0.994,0.0,0.464,0.12,0
14025,80,0,6,0.426,0.64,0.597,0.0,0.188,-0.534,0
14026,46,1,10,1.019,0.728,0.961,0.0,0.609,-0.007,0
14027,40,1,11,0.869,0.493,0.277,0.0,-0.19,0.166,0
14028,39,1,12,0.932,0.552,0.72,1.0,0.366,0.175,0
14029,60,0,10,0.879,0.597,0.866,0.25,0.543,0.298,0
14030,46,1,10,0.987,0.444,0.537,0.5,0.322,0.216,0
14031,33,1,3,0.824,0.7,0.403,0.5,-0.297,0.015,0
14032,83,0,5,0.63,0.543,0.792,0.5,0.39,-0.249,0
14033,65,1,12,1.119,0.619,0.824,0.5,0.354,0.356,0
14034,46,1,6,0.828,0.541,0.571,1.0,0.24,0.219,0
14035,61,1,7,0.948,0.625,0.909,0.25,0.359,0.296,0
14036,36,1,9,0.701,0.669,0.877,0.0,0.546,-0.028,0
14037,71,0,5,0.597,0.514,0.701,0.5,0.334,-0.084,0
14038,40,0,7,0.994,0.521,0.841,0.0,0.204,0.442,0
14039,56,1,12,1.044,0.489,0.888,1.0,0.309,0.322,0
14040,79,0,7,0.903,0.504,1.023,0.0,0.393,0.337,0
14041,53,0,6,0.844,0.448,0.562,0.75,0.306,0.159,0
14042,83,1,5,0.886,0.7,0.914,0.0,0.609,0.277,0
14043,82,1,3,0.994,0.639,0.728,1.0,0.406,0.195,1
14044,54,1,3,0.769,0.644,0.659,0.0,0.022,-0.068,0
14045,32,0,10,0.967,0.54,0.647,0.0,0.101,0.249,0
14046,83,0,7,0.847,0.697,0.848,0.5,0.513,0.017,0
14047,81,1,3,0.798,0.762,0.612,0.25,-0.19,-0.032,0
14048,70,0,6,0.774,0.562,0.493,0.0,-0.041,-0.095,0
14049,52,1,5,0.56,0.65,0.675,0.0,0.42,-0.054,0
14050,61,1,12,1.164,0.62,1.213,0.0,0.718,0.425,0
14051,33,1,12,1.012,0.472,0.926,0.0,0.506,0.246,0
14052,80,0,7,0.655,0.584,0.848,0.75,0.429,-0.388,0
14053,40,1,6,0.754,0.619,0.634,0.0,0.057,0.077,0
14054,43,1,6,0.939,0.54,0.638,1.0,0.188,0.476,0
14055,76,0,4,0.87,0.713,0.636,0.75,0.464,0.131,0
14056,54,0,3,0.822,0.685,0.564,0.25,-0.124,0.041,0
14057,35,1,9,0.735,0.569,0.449,0.0,0.005,-0.196,0
14058,74,0,3,0.499,0.643,0.537,0.0,0.051,-0.196,0
14059,61,1,11,0.821,0.59,0.977,0.0,0.59,0.21,0
14060,32,0,11,1.082,0.493,0.879,0.25,0.617,0.34,0
14061,43,1,4,0.719,0.635,0.497,0.0,0.037,-0.157,0
14062,71,0,4,0.937,0.494,0.487,0.0,0.195,0.264,0
14063,65,0,11,1.127,0.7,0.795,0.25,-0.003,0.384,0
14064,36,0,11,1.085,0.663,0.902,0.25,0.512,0.301,0
14065,56,0,8,0.682,0.654,0.38,0.5,0.152,-0.113,0
14066,52,0,8,0.983,0.536,0.7,0.0,0.132,0.166,0
14067,33,1,11,0.972,0.667,0.884,0.5,0.413,0.19,0
14068,78,1,8,1.026,0.369,0.752,0.0,0.299,0.326,0
14069,78,0,4,0.934,0.592,0.501,1.0,0.137,-0.086,0
14070,32,1,6,0.871,0.604,0.808,1.0,0.522,0.157,0
14071,78,0,11,0.843,0.558,1.118,0.25,0.775,-0.008,0
14072,82,1,10,0.973,0.468,1.023,0.0,0.418,0.359,0
14073,45,1,11,0.773,0.499,0.693,0.25,0.057,-0.078,0
14074,55,1,8,0.723,0.524,0.529,0.75,-0.02,-0.095,0
14075,46,1,3,0.762,0.74,0.675,0.0,0.276,0.129,0
14076,57,0,10,0.939,0.613,1.08,0.0,0.756,0.177,0
14077,78,0,7,1.009,0.685,0.643,0.0,-0.005,0.223,0
14078,47,0,6,0.947,0.535,0.674,0.0,-0.024,-0.032,0
14079,60,1,10,0.914,0.503,0.844,0.75,0.302,0.1,0
14080,77,0,8,0.828,0.543,0.897,0.0,0.34,0.203,1
14081,69,1,9,1.229,0.559,0.854,0.25,0.39,0.525,1
14082,58,0,5,0.772,0.678,0.421,0.25,-0.308,0.179,0
14083,79,0,4,0.631,0.536,0.824,0.25,0.217,-0.196,0
14084,74,1,4,0.795,0.491,0.426,0.5,0.013,0.031,0
14085,81,0,8,0.73,0.558,0.594,0.5,0.211,-0.216,0
14086,83,1,5,0.83,0.618,0.741,0.75,0.012,0.13,0
14087,47,0,6,0.821,0.66,0.385,1.0,-0.031,0.181,0
14088,33,0,8,0.86,0.527,0.695,0.0,-0.022,0.161,0
14089,79,0,7,1.08,0.666,0.968,1.0,0.418,0.317,0
14090,40,1,3,0.796,0.578,0.585,0.0,0.206,-0.119,0
14091,46,1,9,1.069,0.568,0.761,0.5,0.599,0.293,0
14092,54,1,6,0.872,0.656,0.644,0.25,0.39,0.078,0
14093,34,0,7,1.076,0.704,0.7,0.0,0.179,0.479,0
14094,78,1,9,0.8,0.546,0.95,0.0,0.575,-0.026,0
14095,67,1,6,1.1,0.572,0.6,0.5,0.286,0.493,0
14096,73,0,5,0.844,0.554,0.375,0.0,-0.137,0.175,0
14097,45,0,11,0.832,0.599,0.683,0.25,0.32,0.227,0
14098,30,0,8,0.917,0.7,0.675,0.5,0.351,0.14,0
14099,44,1,6,0.847,0.516,0.606,0.25,0.104,-0.027,0
14100,44,1,11,1.03,0.438,0.611,0.0,0.299,0.263,0
14101,84,0,5,1.052,0.629,0.421,0.0,-0.276,0.419,0
14102,50,0,11,0.946,0.596,0.741,0.75,0.084,0.085,0
14103,51,0,6,0.856,0.551,0.825,1.0,0.183,0.202,0
14104,66,0,4,0.663,0.697,0.621,0.5,0.174,-0.155,0
14105,52,0,7,0.882,0.7,0.732,0.75,0.207,0.122,0
14106,41,1,8,1.0,0.562,1.183,0.0,0.96,0.042,0
14107,38,0,7,0.936,0.525,0.412,0.25,0.094,0.043,0
14108,49,1,3,0.758,0.617,0.592,1.0,-0.108,-0.126,0
14109,58,1,5,0.688,0.7,0.75,0.0,0.326,0.101,0
14110,52,1,3,0.621,0.737,0.868,0.25,0.196,-0.229,0
14111,52,1,5,1.057,0.547,0.674,0.25,0.191,0.071,0
14112,58,1,10,0.978,0.526,0.846,0.0,0.508,0.125,0
14113,69,1,4,0.742,0.497,0.511,0.75,0.187,0.042,0
14114,35,1,11,0.93,0.402,0.732,0.25,0.458,0.196,0
14115,67,1,10,0.894,0.413,0.546,0.0,-0.154,0.172,0
14116,45,1,4,0.558,0.495,0.88,0.0,0.18,-0.258,0
14117,44,1,4,0.675,0.537,0.429,0.5,0.337,-0.165,0
14118,62,0,6,0.699,0.463,0.598,0.75,-0.055,-0.043,0
14119,50,1,12,0.8,0.55,1.007,0.0,0.659,0.251,0
14120,62,0,7,0.862,0.606,0.537,0.0,0.127,-0.017,0
14121,34,0,6,0.813,0.669,0.866,0.5,0.194,-0.02,0
14122,46,0,3,0.941,0.663,0.494,0.0,0.315,0.367,0
14123,50,1,9,0.995,0.58,0.916,0.5,0.189,0.155,0
14124,65,1,8,0.766,0.672,1.076,0.75,0.451,0.086,1
14125,48,1,6,0.789,0.565,0.618,1.0,0.211,0.047,0
14126,44,0,6,1.005,0.658,0.936,1.0,0.401,0.332,0
14127,81,0,9,0.985,0.476,0.939,0.75,0.524,0.075,1
14128,55,0,3,0.658,0.561,0.428,0.5,-0.2,-0.221,0
14129,74,0,12,0.933,0.518,1.056,1.0,0.522,0.318,0
14130,63,1,10,0.893,0.549,0.718,0.0,0.071,0.122,0
14131,30,1,7,0.55,0.647,1.083,0.0,0.527,-0.362,0
14132,78,0,6,1.027,0.612,0.818,0.75,0.466,0.177,0
14133,30,0,6,0.7,0.533,0.748,0.25,0.468,0.0,0
14134,39,1,6,0.886,0.434,0.565,0.0,0.044,0.186,0
14135,70,0,3,0.801,0.668,0.472,0.75,-0.058,-0.161,0
14136,72,0,11,0.841,0.629,0.939,0.5,0.673,0.204,0
14137,35,0,3,0.798,0.663,0.105,0.75,-0.24,-0.005,0
14138,68,1,4,0.722,0.724,0.745,0.5,0.339,-0.034,0
14139,77,0,6,0.615,0.55,0.678,0.25,0.469,0.01,0
14140,38,0,10,0.933,0.689,0.738,0.75,0.337,0.112,0
14141,49,1,12,1.067,0.573,0.927,1.0,0.23,0.287,0
14142,46,0,6,0.874,0.69,0.559,0.0,-0.054,0.034,0
14143,39,0,6,0.817,0.655,0.666,0.5,0.348,0.074,0
14144,62,0,5,0.774,0.658,0.662,1.0,0.213,-0.188,0
14145,81,1,3,0.647,0.653,0.79,0.25,0.323,-0.216,0
14146,83,0,10,0.7,0.518,0.839,0.0,0.454,-0.174,1
14147,32,0,11,1.046,0.461,0.981,0.25,0.34,0.126,0
14148,66,1,9,0.837,0.471,0.632,0.75,0.176,0.211,0
14149,38,1,5,0.817,0.584,0.7,0.5,0.297,0.129,0
14150,65,0,8,0.611,0.611,0.866,0.0,0.634,-0.128,0
14151,78,0,5,0.827,0.7,0.646,0.0,0.221,0.173,0
14152,38,1,9,0.888,0.545,0.575,0.25,0.494,0.082,0
14153,70,1,4,0.7,0.671,0.397,0.75,0.1,0.14,0
14154,82,0,10,0.849,0.47,0.658,0.75,0.212,0.135,0
14155,34,0,11,0.904,0.542,0.514,0.5,0.035,0.249,0
14156,53,0,5,0.849,0.567,0.931,0.0,0.52,0.092,0
14157,68,1,10,1.174,0.536,0.888,0.0,0.424,0.33,0
14158,50,1,6,0.89,0.516,0.882,0.25,0.819,0.042,0
14159,69,1,8,0.771,0.518,0.719,0.75,0.492,-0.003,0
14160,36,0,8,1.047,0.624,0.959,0.0,0.188,0.108,0
14161,81,1,12,0.834,0.572,0.82,0.0,0.381,0.102,1
14162,81,1,12,0.993,0.605,0.752,0.75,0.482,0.162,1
14163,71,0,7,1.048,0.759,0.786,0.5,0.521,0.312,0
14164,62,1,6,0.928,0.533,0.516,0.25,-0.172,0.221,1
14165,74,1,7,0.782,0.517,0.7,0.5,0.406,0.115,0
14166,69,1,3,0.97,0.7,0.433,0.0,0.155,0.155,0
14167,73,0,9,0.828,0.55,0.683,0.0,0.237,0.019,0
14168,68,1,10,1.185,0.457,0.597,0.25,-0.04,0.539,0
14169,55,0,3,0.859,0.669,0.698,0.0,0.286,0.073,0
14170,37,1,10,0.951,0.501,1.221,0.0,0.931,0.148,0
14171,70,1,8,1.012,0.498,0.766,0.75,0.314,0.24,0
14172,34,0,9,0.636,0.439,0.706,0.0,0.338,-0.12,0
14173,40,0,9,0.852,0.549,0.993,0.0,0.6,0.09,0
14174,64,0,3,0.751,0.63,0.27,1.0,-0.192,-0.041,0
14175,42,1,12,0.932,0.504,0.991,0.25,0.659,0.087,0
14176,33,1,12,0.965,0.562,0.755,0.5,0.198,0.414,0
14177,79,0,10,0.961,0.473,0.826,0.0,0.361,-0.006,0
14178,32,0,11,0.928,0.7,0.97,0.75,0.521,0.124,0
14179,81,0,12,1.116,0.619,0.895,0.0,0.459,0.474,1
14180,56,1,6,0.69,0.528,0.971,0.0,0.27,-0.034,0
14181,56,1,7,0.645,0.531,0.496,1.0,-0.081,0.007,0
14182,40,0,7,0.878,0.561,0.636,0.25,0.285,0.24,0
14183,74,0,12,0.805,0.544,0.84,0.0,0.557,0.129,0
14184,72,0,8,0.954,0.635,0.574,0.25,0.387,-0.012,0
14185,32,1,7,1.078,0.542,0.574,0.5,0.177,0.453,0
14186,59,0,9,1.072,0.551,0.744,0.25,0.036,0.407,0
14187,35,1,11,0.896,0.428,0.814,0.0,0.432,0.082,0
14188,45,0,8,0.932,0.533,0.828,0.25,0.388,0.363,0
14189,84,1,6,0.751,0.525,0.763,0.75,0.339,0.058,0
14190,59,0,8,0.874,0.467,0.634,0.0,0.453,0.221,0
14191,69,0,7,0.996,0.626,0.642,0.75,0.243,0.369,0
14192,81,0,3,0.64,0.511,0.561,0.5,0.135,-0.138,0
14193,73,0,4,0.782,0.639,0.497,0.75,-0.209,0.067,0
14194,64,1,6,1.0,0.577,0.863,0.0,0.109,0.124,0
14195,53,1,3,0.772,0.7,0.611,0.0,0.234,-0.106,0
14196,54,0,3,0.935,0.634,0.423,0.0,-0.317,0.331,0
14197,56,1,12,1.041,0.531,0.845,0.0,0.474,0.25,0
14198,31,1,3,0.7,0.759,0.715,0.0,0.456,-0.305,0
14199,64,1,11,1.036,0.586,0.7,0.0,0.462,0.229,0
14200,40,0,7,0.993,0.544,0.586,1.0,0.362,0.486,0
14201,83,0,12,0.971,0.598,0.882,0.0,0.299,0.4,0
14202,70,0,9,0.799,0.603,0.585,0.25,0.228,-0.052,0
14203,73,0,12,1.126,0.672,0.574,0.25,0.223,0.291,0
14204,79,0,6,0.771,0.497,0.549,1.0,0.03,0.142,0
14205,63,1,9,0.885,0.65,1.119,0.0,0.714,0.188,0
14206,46,0,4,0.805,0.622,0.603,0.0,0.207,0.056,0
14207,80,1,12,0.914,0.601,0.913,0.0,0.449,0.085,0
14208,47,1,3,0.77,0.639,0.479,0.5,0.121,0.038,0
14209,53,0,9,1.114,0.537,0.919,0.75,0.483,0.447,0
14210,58,1,8,1.049,0.592,0.747,0.0,0.816,0.287,0
14211,52,0,7,1.034,0.613,0.647,0.5,0.07,0.422,0
14212,61,1,6,0.756,0.567,0.516,0.25,-0.184,0.158,0
14213,37,1,9,0.908,0.36,0.967,1.0,0.46,0.062,0
14214,49,0,12,0.858,0.39,0.797,0.5,0.311,0.11,0
14215,69,1,3,0.951,0.493,0.624,0.0,0.154,0.06,0
14216,70,0,8,0.663,0.584,0.655,0.0,0.728,-0.139,0
14217,45,0,4,0.686,0.571,0.547,0.0,0.083,-0.083,0
14218,51,1,8,0.764,0.568,0.833,1.0,0.284,-0.016,0
14219,57,1,8,0.887,0.629,0.401,0.25,-0.224,0.184,0
14220,38,0,4,0.916,0.546,0.743,0.25,0.228,0.209,0
14221,83,1,12,0.66,0.461,1.027,0.25,0.696,-0.044,1
14222,69,0,7,0.671,0.687,0.653,0.0,-0.351,0.04,0
14223,83,0,5,0.572,0.641,0.668,0.0,-0.001,-0.343,0
14224,68,0,3,0.866,0.7,0.678,0.0,0.61,0.173,0
14225,30,0,7,0.858,0.578,0.708,0.0,0.235,0.016,0
14226,33,1,7,0.856,0.555,0.72,1.0,0.21,0.222,0
14227,39,1,6,0.926,0.52,0.674,0.0,0.489,0.111,0
14228,77,0,10,0.966,0.442,0.979,0.0,0.541,0.251,0
14229,60,1,7,0.916,0.488,0.678,0.0,0.328,0.101,0
14230,41,1,6,0.954,0.653,0.526,0.0,-0.068,0.109,0
14231,72,0,8,1.012,0.547,0.875,0.0,0.501,0.07,0
14232,45,0,11,0.755,0.584,0.815,0.25,0.239,-0.095,0
14233,60,0,7,0.829,0.587,0.604,0.75,-0.054,0.151,0
14234,66,1,9,0.947,0.662,0.95,0.0,0.545,0.32,0
14235,65,1,11,1.001,0.496,1.08,0.75,0.707,0.394,0
14236,42,0,11,0.824,0.504,0.874,0.0,0.511,0.293,0
14237,78,1,7,0.598,0.525,1.02,0.0,0.62,-0.149,0
14238,43,1,7,0.7,0.659,0.678,0.5,0.546,-0.133,0
14239,33,1,9,1.08,0.506,0.721,0.0,0.308,0.46,0
14240,66,0,10,1.049,0.549,0.829,0.0,0.369,0.331,0
14241,84,0,9,0.922,0.7,0.665,0.25,0.091,0.314,1
14242,41,0,4,0.682,0.517,0.637,0.25,0.314,-0.135,0
14243,40,1,3,0.7,0.628,0.257,0.0,-0.313,-0.215,0
14244,79,0,11,0.915,0.7,0.526,0.0,-0.314,0.222,0
14245,63,1,9,0.935,0.522,0.757,0.75,0.247,0.225,0
14246,62,1,7,0.941,0.681,0.575,0.0,0.35,0.092,0
14247,53,0,3,0.8,0.707,0.449,0.75,-0.222,0.126,0
14248,49,1,9,0.797,0.521,0.716,0.75,0.288,-0.119,0
14249,47,0,5,0.933,0.465,0.803,0.5,0.579,0.328,0
14250,39,0,7,1.058,0.626,0.579,0.5,-0.026,0.3,0
14251,72,0,6,0.791,0.576,0.829,0.0,0.469,0.091,0
14252,38,1,4,0.665,0.633,0.782,0.0,0.098,0.017,0
14253,39,0,11,0.803,0.541,1.117,0.0,0.659,-0.013,0
14254,44,1,4,0.702,0.636,0.516,0.0,0.28,0.208,0
14255,52,0,3,0.689,0.518,0.519,0.5,0.186,-0.037,0
14256,42,1,6,0.958,0.673,0.562,0.25,0.13,0.445,0
14257,51,0,12,1.135,0.496,1.083,0.5,0.725,0.537,1
14258,79,1,12,0.983,0.509,0.898,0.0,0.609,0.227,0
14259,40,0,4,0.755,0.529,0.783,0.0,0.437,-0.146,0
14260,30,0,4,0.852,0.642,0.804,1.0,0.284,-0.024,0
14261,43,0,8,0.873,0.667,0.488,0.0,0.478,0.245,0
14262,60,1,4,0.978,0.68,0.661,0.0,0.263,0.242,0
14263,79,0,6,0.651,0.605,0.525,0.5,0.088,0.043,0
14264,47,1,9,0.7,0.588,0.783,0.0,0.212,-0.059,0
14265,74,0,5,0.726,0.464,0.866,0.25,0.518,0.095,0
14266,33,1,8,0.8,0.728,0.675,0.0,0.048,0.17,0
14267,38,0,9,0.982,0.684,0.875,0.0,0.57,0.386,0
14268,47,0,8,0.789,0.622,0.681,0.0,0.312,0.104,0
14269,69,0,7,0.598,0.54,0.661,1.0,0.483,-0.179,0
14270,68,1,8,0.922,0.553,0.778,0.0,0.454,0.026,0
14271,68,1,3,0.783,0.643,0.561,0.25,0.191,-0.02,0
14272,47,1,10,0.982,0.558,0.738,0.5,0.055,0.239,0
14273,69,1,3,0.819,0.607,0.667,0.75,0.197,0.293,0
14274,31,1,10,0.994,0.485,0.723,0.25,0.435,0.294,0
14275,44,0,10,0.852,0.581,1.059,0.0,0.802,0.088,0
14276,50,0,8,0.796,0.65,0.7,0.0,0.037,-0.072,0
14277,35,1,11,1.173,0.508,0.742,0.0,0.254,0.487,0
14278,75,0,10,0.769,0.603,0.904,0.0,0.502,0.128,0
14279,36,0,3,1.008,0.634,0.774,0.5,0.595,0.475,0
14280,57,1,4,0.74,0.677,0.65,0.25,0.04,0.2,0
14281,50,0,12,1.03,0.538,1.039,0.5,0.796,0.188,0
14282,31,1,10,0.799,0.552,0.876,0.0,0.449,0.049,0
14283,48,1,6,0.806,0.752,0.77,0.5,0.474,-0.022,0
14284,64,1,11,0.85,0.549,0.898,0.5,0.451,-0.038,1
14285,80,0,7,0.613,0.537,0.613,1.0,0.175,-0.253,0
14286,46,1,9,0.833,0.395,0.653,0.25,0.112,0.089,0
14287,77,1,7,1.0,0.625,0.762,0.0,0.349,0.357,0
14288,40,1,11,0.746,0.7,0.873,1.0,0.406,0.079,1
14289,75,1,4,0.883,0.626,0.724,1.0,0.24,0.175,1
14290,55,1,4,0.425,0.671,0.84,0.0,0.06,-0.365,0
14291,47,0,3,0.675,0.63,0.548,0.75,0.008,-0.203,0
14292,38,1,11,0.947,0.537,0.727,0.0,0.192,0.226,0
14293,83,1,6,0.889,0.649,0.801,0.75,0.259,0.27,1
14294,82,1,6,0.9,0.508,0.732,1.0,0.146,0.238,0
14295,45,0,9,1.078,0.472,0.575,0.0,0.245,0.368,0
14296,81,1,4,0.697,0.479,0.577,0.25,0.158,-0.179,0
14297,48,0,10,0.937,0.567,0.7,0.0,0.241,0.212,0
14298,76,1,11,0.8,0.661,0.946,0.25,0.565,0.035,0
14299,52,0,11,0.796,0.469,0.83,0.75,0.075,-0.057,0
14300,80,1,8,1.024,0.567,0.7,0.0,0.474,0.391,0
14301,54,0,8,0.949,0.491,0.652,0.0,0.191,0.446,0
14302,72,0,4,0.798,0.496,0.562,0.0,0.318,0.043,0
14303,83,0,9,1.0,0.47,0.835,0.25,0.418,0.119,1
14304,82,1,7,0.744,0.486,0.765,0.25,0.371,0.237,0
14305,80,1,10,0.802,0.568,1.113,0.0,0.994,-0.011,0
14306,70,0,10,1.182,0.623,0.876,1.0,0.396,0.315,1
14307,48,1,10,0.958,0.477,0.759,0.75,0.286,0.198,0
14308,39,0,12,0.7,0.576,1.002,1.0,0.573,-0.289,0
14309,74,1,3,0.753,0.605,0.432,1.0,-0.078,-0.036,1
14310,57,1,3,0.677,0.76,0.565,0.5,0.045,-0.147,0
14311,67,0,4,0.961,0.6,0.882,0.0,0.127,0.345,0
14312,58,0,12,1.03,0.43,0.713,0.0,0.163,0.31,0
14313,62,0,11,1.177,0.516,0.708,0.75,0.383,0.419,0
14314,62,0,6,0.954,0.437,0.702,1.0,0.347,0.26,0
14315,78,0,6,0.917,0.656,0.518,1.0,0.045,0.09,0
14316,56,0,9,0.878,0.752,0.773,0.75,0.098,0.095,0
14317,69,0,4,0.599,0.723,0.675,0.0,0.577,-0.198,0
14318,48,0,3,0.802,0.593,0.57,0.0,0.258,-0.069,0
14319,65,1,12,1.079,0.7,0.668,0.75,0.199,0.366,0
14320,54,1,11,0.955,0.599,0.966,0.75,0.495,0.283,0
14321,60,1,3,0.682,0.563,0.575,0.0,0.152,-0.038,0
14322,39,1,8,0.786,0.654,0.445,0.0,-0.029,-0.037,0
14323,51,0,11,0.924,0.592,0.79,0.5,0.497,0.196,0
14324,59,1,8,0.95,0.43,0.806,0.0,0.388,0.084,0
14325,36,1,9,0.912,0.478,0.628,0.0,0.331,0.212,0
14326,75,0,9,0.88,0.605,0.7,0.0,0.245,0.365,0
14327,54,1,6,0.837,0.689,0.778,0.0,0.028,0.092,0
14328,30,0,3,0.799,0.687,0.461,0.25,-0.065,0.359,0
14329,69,0,8,0.916,0.616,0.88,1.0,0.248,0.083,0
14330,57,1,7,1.032,0.63,0.899,0.5,0.404,-0.014,0
14331,33,1,3,0.583,0.576,0.606,0.0,0.363,0.063,0
14332,61,1,7,0.878,0.473,0.472,0.75,-0.122,0.133,0
14333,40,0,7,0.705,0.583,0.63,0.0,0.094,0.117,0
14334,62,0,11,1.023,0.459,0.815,1.0,0.027,0.269,0
14335,72,1,6,0.647,0.63,0.933,0.25,0.482,0.061,0
14336,51,1,7,1.08,0.544,0.679,0.0,0.119,0.407,0
14337,55,1,5,0.915,0.724,0.692,0.75,0.098,0.009,0
14338,65,1,6,0.761,0.691,0.584,0.0,0.087,-0.233,0
14339,44,1,6,0.848,0.593,0.529,0.0,-0.084,-0.081,0
14340,83,0,7,0.842,0.517,0.553,1.0,0.307,0.085,0
14341,64,1,11,0.7,0.468,0.65,0.5,0.329,-0.121,0
14342,66,0,10,1.061,0.597,0.677,0.0,0.309,0.239,0
14343,49,1,4,0.641,0.575,0.589,0.0,0.048,-0.06,0
14344,36,1,12,0.836,0.602,0.771,0.0,0.267,0.113,0
14345,42,0,10,1.083,0.575,1.147,0.25,0.812,0.445,0
14346,74,0,3,0.844,0.62,0.621,0.25,0.191,-0.067,0
14347,39,0,12,0.927,0.449,0.716,0.0,0.03,0.085,0
14348,40,1,12,0.899,0.56,1.077,0.0,0.785,0.114,0
14349,39,0,7,0.791,0.447,0.621,0.25,0.114,0.127,0
14350,38,0,10,0.734,0.544,0.568,0.0,0.222,0.101,0
14351,59,0,10,0.8,0.607,0.658,0.0,0.221,0.023,0
14352,73,1,7,0.734,0.61,0.524,0.0,-0.228,-0.019,0
14353,51,0,8,0.981,0.518,0.797,1.0,0.708,0.509,0
14354,65,1,12,0.833,0.538,1.162,0.0,0.701,0.143,0
14355,61,0,12,0.662,0.382,1.173,0.0,0.75,-0.017,0
14356,32,1,8,1.144,0.621,0.683,0.0,0.02,0.322,0
14357,30,1,7,0.904,0.659,0.607,0.0,-0.066,0.112,0
14358,34,0,12,0.925,0.532,0.732,0.0,0.31,0.309,0
14359,70,0,11,0.834,0.4,0.575,0.75,0.057,0.079,0
14360,66,0,8,0.862,0.6,0.847,0.0,0.357,0.001,0
14361,73,1,7,0.916,0.556,0.974,1.0,0.474,0.248,1
14362,66,1,5,0.7,0.628,0.62,0.0,0.303,0.002,0
14363,44,1,9,0.959,0.603,0.646,0.5,0.252,0.216,0
14364,49,1,3,0.901,0.582,0.657,0.5,0.54,0.104,0
14365,71,1,4,1.049,0.563,0.748,0.0,0.258,0.349,0
14366,77,0,8,0.956,0.417,0.628,0.75,0.161,0.18,0
14367,80,1,3,0.77,0.678,0.775,0.25,0.308,0.038,0
14368,43,1,4,0.915,0.55,0.842,0.5,0.611,0.24,0
14369,79,0,11,0.991,0.537,1.156,0.5,0.626,0.286,0
14370,81,1,3,0.8,0.619,0.697,0.0,0.157,-0.067,0
14371,35,0,8,1.022,0.7,0.817,0.0,0.355,0.216,0
14372,61,0,11,0.995,0.562,1.137,0.0,0.649,0.129,0
14373,65,0,12,0.891,0.442,1.115,0.0,0.768,0.324,0
14374,62,1,11,1.007,0.543,0.853,0.0,0.389,0.338,0
14375,58,0,9,0.927,0.553,0.842,0.75,0.727,0.249,0
14376,59,0,12,1.007,0.503,0.858,1.0,0.442,0.277,0
14377,56,0,12,0.928,0.446,0.907,0.0,0.319,0.235,0
14378,47,1,3,0.803,0.662,0.609,0.0,0.034,-0.133,0
14379,73,0,6,0.797,0.528,0.324,0.0,-0.146,0.002,0
14380,76,1,3,0.883,0.617,0.76,0.0,0.492,0.25,0
14381,82,0,6,0.948,0.654,0.663,1.0,0.181,0.333,0
14382,78,1,8,0.964,0.555,0.558,0.0,-0.074,0.128,0
14383,34,0,5,0.806,0.629,0.807,0.0,0.295,0.107,0
14384,78,0,6,1.1,0.564,0.601,0.25,0.156,0.367,0
14385,67,0,6,0.711,0.513,0.545,0.5,0.183,-0.181,0
14386,70,1,3,0.666,0.667,0.639,0.75,0.15,0.107,0
14387,64,1,10,0.983,0.597,0.628,0.0,0.259,0.303,0
14388,39,1,11,0.795,0.575,0.856,0.25,0.248,-0.023,0
14389,31,0,3,0.77,0.563,0.601,0.0,0.171,0.155,0
14390,73,1,3,0.84,0.55,0.321,0.0,-0.251,0.126,0
14391,61,1,8,0.899,0.687,0.898,0.5,-0.049,0.164,1
14392,70,1,11,0.7,0.551,0.738,0.0,0.516,-0.092,0
14393,39,1,10,0.85,0.586,0.665,0.0,0.339,0.116,0
14394,36,0,7,0.923,0.579,0.591,0.75,0.081,0.245,0
14395,57,0,8,1.157,0.632,0.588,0.75,0.064,0.274,0
14396,65,1,6,0.891,0.611,0.328,0.25,-0.372,0.057,0
14397,63,0,5,0.748,0.619,0.373,0.5,-0.024,-0.176,0
14398,82,0,8,0.909,0.643,0.663,0.5,0.403,0.202,1
14399,73,0,11,1.078,0.425,0.66,0.0,0.246,0.338,1
14400,51,0,7,0.804,0.664,0.786,0.75,0.002,0.058,0
14401,78,1,10,0.857,0.616,0.875,0.75,0.316,0.021,0
14402,68,0,6,0.835,0.737,0.903,0.5,0.604,0.127,0
14403,75,1,5,0.907,0.586,0.719,0.0,0.287,0.349,1
14404,37,0,9,1.146,0.54,0.801,0.0,0.234,0.351,0
14405,50,0,3,0.986,0.616,0.778,1.0,0.363,0.065,0
14406,68,1,10,0.995,0.58,0.909,0.0,0.252,0.367,0
14407,33,0,6,0.648,0.629,0.701,0.25,0.067,-0.136,0
14408,38,0,6,0.749,0.366,0.39,0.5,-0.151,-0.1,0
14409,49,0,3,0.882,0.706,0.563,1.0,-0.176,-0.028,0
14410,59,1,11,1.148,0.591,0.7,0.0,0.17,0.382,0
14411,78,1,5,0.937,0.584,0.892,0.5,0.448,0.464,0
14412,48,0,3,0.725,0.659,0.721,0.25,0.466,0.025,0
14413,35,0,10,0.802,0.687,0.964,0.0,0.61,-0.153,0
14414,44,1,10,1.016,0.355,0.943,0.0,0.243,0.065,0
14415,77,0,9,1.025,0.607,1.075,0.75,0.851,0.138,0
14416,36,1,10,0.89,0.564,0.933,0.75,0.428,0.362,0
14417,54,0,12,1.101,0.442,0.754,0.0,0.435,0.55,0
14418,45,1,11,0.89,0.55,0.676,0.0,-0.051,-0.016,0
14419,48,1,6,0.917,0.535,0.595,0.75,-0.086,0.034,0
14420,70,1,9,1.152,0.571,0.811,0.0,0.273,0.373,0
14421,47,1,3,0.934,0.717,0.456,1.0,-0.239,0.296,0
14422,57,1,12,0.912,0.605,0.777,0.0,0.42,0.179,0
14423,64,0,11,0.832,0.732,0.879,0.5,0.365,0.061,0
14424,70,1,3,0.998,0.637,0.605,0.25,-0.046,0.18,0
14425,64,1,7,1.033,0.492,0.411,0.0,-0.238,0.162,0
14426,70,0,6,0.984,0.672,0.746,0.25,-0.0,0.081,0
14427,73,1,4,0.84,0.578,0.562,0.75,-0.148,-0.02,1
14428,61,1,6,0.763,0.706,0.656,0.5,0.115,-0.07,0
14429,53,1,12,0.776,0.559,0.629,0.25,0.014,0.197,1
14430,35,1,10,0.963,0.41,1.048,0.0,0.667,0.22,0
14431,56,1,7,0.754,0.609,0.903,1.0,0.696,-0.048,0
14432,52,0,11,1.156,0.578,1.247,0.25,0.758,0.41,0
14433,64,0,5,0.866,0.615,0.358,0.0,-0.062,-0.005,0
14434,55,1,4,0.691,0.515,0.447,0.75,-0.219,0.108,0
14435,36,1,8,0.916,0.514,0.434,0.0,0.03,0.39,0
14436,33,1,3,0.742,0.602,0.598,0.25,-0.122,0.042,0
14437,84,1,8,1.149,0.617,0.641,0.0,0.141,0.648,0
14438,66,0,12,0.922,0.637,0.812,0.0,0.391,0.042,0
14439,40,0,10,1.024,0.52,1.065,0.25,0.237,0.389,0
14440,62,1,9,0.978,0.692,0.977,0.5,0.8,0.254,0
14441,72,1,7,0.766,0.651,0.696,0.75,0.297,0.034,0
14442,37,0,4,0.765,0.515,0.647,0.75,-0.131,-0.049,0
14443,31,0,11,0.833,0.657,0.738,0.75,0.066,-0.165,0
14444,75,1,10,0.907,0.533,0.643,0.75,0.117,0.084,1
14445,82,0,10,0.853,0.449,0.787,0.0,0.146,0.181,1
14446,45,1,8,0.837,0.593,0.717,0.0,0.413,-0.051,0
14447,45,0,4,0.956,0.642,0.738,0.0,0.432,0.262,0
14448,50,1,11,1.125,0.678,0.871,0.0,0.456,0.469,0
14449,70,1,4,0.787,0.579,0.7,0.5,0.096,0.144,0
14450,45,1,5,0.961,0.555,0.524,0.75,0.151,0.075,0
14451,44,0,8,0.95,0.637,0.606,0.5,0.209,0.35,0
14452,80,0,10,0.887,0.577,0.873,1.0,0.44,0.137,0
14453,47,0,5,1.026,0.546,0.786,0.5,-0.02,0.049,0
14454,69,1,8,0.963,0.499,0.714,1.0,0.41,0.155,0
14455,73,0,8,0.706,0.522,0.758,0.0,0.103,0.04,0
14456,43,0,7,0.711,0.631,0.971,0.5,0.612,-0.141,0
14457,54,0,9,0.998,0.499,0.835,0.25,0.3,0.318,0
14458,43,0,8,0.828,0.586,0.7,0.0,0.061,-0.097,0
14459,64,1,6,1.018,0.489,0.483,1.0,0.066,0.133,0
14460,51,0,6,1.207,0.655,0.667,0.75,0.241,0.323,0
14461,70,0,5,1.001,0.53,0.419,0.5,-0.204,0.261,0
14462,80,1,8,1.019,0.63,0.788,0.0,0.442,0.107,1
14463,56,0,10,0.973,0.7,0.907,0.0,0.408,0.329,0
14464,65,1,4,0.704,0.592,0.439,0.5,0.199,-0.024,0
14465,31,1,6,1.133,0.562,0.974,1.0,0.66,0.291,0
14466,49,0,12,0.881,0.455,0.705,0.25,0.161,-0.134,0
14467,36,1,10,0.785,0.691,0.957,0.75,0.363,0.097,0
14468,78,1,9,0.819,0.518,0.584,0.0,0.207,-0.116,1
14469,60,1,4,0.845,0.747,0.373,0.75,-0.041,0.189,0
14470,70,1,6,0.98,0.674,0.726,0.0,0.288,0.135,0
14471,70,0,7,0.757,0.428,0.388,0.0,-0.275,0.165,0
14472,50,0,3,0.7,0.688,0.159,0.5,-0.548,-0.059,0
14473,49,1,5,0.664,0.548,0.511,0.0,-0.083,-0.077,0
14474,73,1,9,1.052,0.676,0.734,1.0,0.31,0.106,1
14475,63,1,8,0.777,0.633,1.033,0.0,0.606,0.078,0
14476,35,1,8,0.834,0.468,0.83,0.25,0.42,-0.077,0
14477,63,1,3,0.889,0.64,0.701,0.0,0.497,0.24,0
14478,58,1,9,0.804,0.603,0.841,0.0,0.501,0.108,0
14479,79,1,12,0.945,0.597,0.822,0.0,0.691,0.199,0
14480,50,0,9,0.8,0.542,0.97,0.0,0.638,0.123,0
14481,77,0,5,0.703,0.553,0.715,0.25,0.179,-0.167,0
14482,57,0,5,0.569,0.553,0.734,0.0,0.142,-0.203,0
14483,51,0,12,0.986,0.471,0.729,0.25,0.226,0.169,0
14484,83,0,4,0.867,0.662,0.343,0.25,-0.196,-0.004,0
14485,77,0,11,0.7,0.604,0.809,0.0,0.427,-0.038,0
14486,58,1,12,0.784,0.556,0.854,0.0,0.187,0.064,0
14487,84,1,3,0.795,0.633,0.335,0.25,0.121,0.084,0
14488,74,0,10,0.9,0.53,0.973,0.75,0.577,0.145,0
14489,34,0,12,0.838,0.494,0.855,0.0,0.397,0.188,0
14490,37,0,8,0.775,0.5,0.577,0.0,0.22,0.018,0
14491,49,1,6,0.866,0.741,0.904,0.25,0.26,0.33,0
14492,37,1,11,0.931,0.429,0.906,0.0,0.424,0.176,0
14493,33,0,9,0.965,0.629,0.926,0.5,0.258,0.066,0
14494,70,1,11,0.774,0.579,0.832,0.0,0.373,-0.066,0
14495,84,1,4,0.77,0.617,0.489,0.0,0.2,0.098,0
14496,61,1,9,0.915,0.659,0.649,0.0,0.219,0.167,0
14497,42,0,5,0.873,0.685,0.835,1.0,0.309,0.07,0
14498,36,0,8,0.871,0.606,0.633,0.5,0.114,0.275,0
14499,50,1,12,0.918,0.619,1.025,0.0,0.376,0.303,0
14500,52,0,12,0.827,0.591,1.006,0.75,0.594,0.191,0
14501,78,1,10,0.809,0.701,0.68,1.0,0.317,0.144,0
14502,66,1,3,0.761,0.588,0.665,1.0,0.036,-0.185,0
14503,52,0,3,0.602,0.615,0.7,0.0,0.239,-0.19,0
14504,44,0,6,0.69,0.664,0.533,0.0,-0.352,-0.066,0
14505,46,1,4,0.844,0.565,0.514,0.0,-0.062,0.091,0
14506,59,1,12,0.992,0.55,1.032,0.0,0.448,0.239,0
14507,42,0,7,0.992,0.361,0.461,0.0,0.034,0.037,0
14508,34,0,5,1.114,0.541,0.901,0.5,0.573,0.338,0
14509,42,0,10,0.969,0.523,0.758,0.25,0.544,0.215,0
14510,72,1,8,0.778,0.612,0.901,0.0,0.591,0.169,0
14511,81,0,9,0.946,0.556,0.681,0.0,0.478,0.132,0
14512,67,0,6,1.046,0.592,0.745,0.0,0.063,0.545,0
14513,30,1,12,0.979,0.549,0.589,0.0,0.247,0.318,0
14514,43,1,7,0.856,0.418,0.858,0.0,0.275,0.158,0
14515,74,0,12,0.784,0.6,1.284,0.25,0.745,0.237,1
14516,39,0,10,0.919,0.467,0.945,0.5,0.379,0.134,0
14517,39,0,4,0.998,0.624,0.454,0.75,0.035,0.168,0
14518,46,0,6,0.781,0.45,0.792,1.0,-0.011,0.208,0
14519,40,1,7,0.894,0.582,0.958,0.0,0.54,0.238,0
14520,54,0,10,1.013,0.673,1.034,0.0,0.623,0.095,0
14521,30,0,4,1.052,0.653,0.434,0.75,-0.039,0.326,0
14522,50,0,5,0.717,0.562,0.875,0.25,0.381,-0.208,0
14523,66,1,9,0.789,0.595,0.514,0.0,-0.131,0.051,0
14524,45,0,9,1.094,0.602,0.746,0.5,0.467,0.277,0
14525,72,0,9,0.967,0.526,0.849,0.0,0.188,0.284,0
14526,71,1,7,0.86,0.693,0.732,1.0,0.126,0.221,0
14527,39,1,12,1.089,0.582,0.877,0.0,0.506,0.34,0
14528,65,1,7,0.994,0.505,0.711,0.25,0.185,0.017,0
14529,62,1,3,0.76,0.523,0.673,0.0,0.165,-0.141,0
14530,30,0,9,0.845,0.632,0.806,0.0,0.472,0.235,0
14531,55,1,8,0.701,0.532,0.849,0.75,0.236,0.086,0
14532,79,1,4,0.756,0.623,0.442,1.0,0.069,0.055,0
14533,33,1,5,0.869,0.63,0.534,0.5,0.149,0.028,0
14534,31,0,5,0.67,0.571,0.814,1.0,0.288,0.033,0
14535,78,1,11,0.98,0.533,0.774,0.0,0.472,0.003,0
14536,77,0,5,0.972,0.684,1.01,0.5,0.596,0.341,0
14537,68,0,6,0.879,0.643,0.981,0.5,0.578,0.057,0
14538,60,1,9,1.135,0.592,0.59,1.0,0.112,0.563,0
14539,68,0,12,0.844,0.511,1.221,0.75,0.521,0.166,0
14540,60,1,11,0.989,0.606,0.763,0.0,0.28,0.296,0
14541,52,0,3,0.618,0.581,0.513,0.0,-0.187,-0.276,0
14542,79,1,5,0.851,0.529,0.554,0.75,0.036,0.239,1
14543,82,1,3,0.7,0.645,0.726,0.25,0.272,0.214,0
14544,39,1,11,0.867,0.452,1.071,0.25,0.754,-0.125,0
14545,74,0,10,0.914,0.502,0.937,0.75,0.688,0.196,0
14546,34,1,12,0.798,0.501,1.105,1.0,0.673,0.009,0
14547,31,1,8,0.622,0.507,0.862,0.0,0.653,-0.027,0
14548,33,0,10,0.919,0.682,0.733,0.0,-0.018,0.211,0
14549,72,1,7,1.086,0.625,0.731,0.75,0.633,0.336,0
14550,63,1,11,0.812,0.605,0.7,0.0,0.115,-0.053,0
14551,43,1,11,0.929,0.502,0.621,0.0,0.292,0.286,0
14552,75,0,7,0.86,0.619,0.865,0.5,0.54,0.175,0
14553,33,1,5,0.763,0.575,0.639,0.25,0.386,-0.009,0
14554,43,1,11,0.88,0.563,0.689,0.25,0.308,0.271,0
14555,59,0,12,0.977,0.491,1.262,0.0,0.797,0.202,0
14556,30,1,10,1.056,0.447,0.952,0.0,0.643,0.438,0
14557,80,0,11,1.33,0.398,0.927,0.0,0.513,0.623,0
14558,72,1,11,0.895,0.644,0.928,0.0,0.175,0.154,0
14559,58,0,7,0.808,0.493,0.409,0.75,-0.021,0.013,0
14560,48,1,6,0.875,0.617,0.621,0.0,0.272,-0.048,0
14561,72,0,11,0.727,0.565,0.846,0.0,0.621,-0.094,0
14562,78,0,9,0.976,0.479,0.577,0.0,0.344,0.088,0
14563,59,1,10,0.897,0.537,0.942,0.0,0.462,0.139,0
14564,62,1,6,0.748,0.7,0.826,0.0,0.196,0.021,0
14565,59,1,7,0.854,0.545,0.414,0.0,-0.292,0.022,0
14566,30,0,5,0.826,0.599,0.455,0.5,-0.297,0.08,0
14567,43,0,6,1.015,0.576,0.745,0.5,0.207,0.315,0
14568,66,1,9,0.7,0.45,0.495,0.5,-0.031,-0.187,0
14569,43,0,6,1.084,0.55,0.698,0.0,0.55,0.477,0
14570,68,0,11,0.978,0.563,0.621,0.0,0.443,-0.018,0
14571,84,1,7,0.975,0.456,0.785,0.0,0.483,0.313,0
14572,70,1,11,0.87,0.519,0.929,0.0,0.609,-0.002,0
14573,32,1,7,0.826,0.666,0.754,0.75,0.382,0.119,0
14574,71,0,11,0.932,0.592,0.73,0.0,0.239,0.003,0
14575,74,1,5,0.799,0.685,0.466,0.0,0.244,0.025,0
14576,32,0,11,0.839,0.623,0.853,0.0,0.092,0.175,0
14577,41,0,12,0.715,0.575,0.803,0.75,0.294,-0.239,0
14578,78,0,4,0.869,0.646,0.506,0.25,0.365,0.111,0
14579,83,1,12,0.859,0.425,0.864,0.25,0.391,0.174,0
14580,32,0,5,1.031,0.726,0.587,0.5,-0.046,0.313,0
14581,74,1,10,0.864,0.403,0.662,0.0,-0.061,-0.106,0
14582,50,0,8,0.953,0.767,0.845,0.0,0.451,0.211,0
14583,73,1,5,0.763,0.493,0.561,0.5,0.088,-0.04,0
14584,43,1,5,0.767,0.614,0.626,0.75,0.188,-0.091,0
14585,66,0,8,0.946,0.609,0.652,0.0,0.152,0.03,0
14586,37,1,10,0.843,0.549,0.779,1.0,0.377,0.152,0
14587,82,1,10,1.092,0.478,0.816,0.0,0.31,0.208,0
14588,51,1,11,1.007,0.664,0.813,0.0,0.483,0.402,0
14589,60,1,9,1.081,0.538,0.746,1.0,0.111,0.431,0
14590,40,0,6,0.761,0.564,0.598,1.0,0.087,0.056,0
14591,59,0,3,0.751,0.66,0.461,0.5,0.044,-0.082,0
14592,39,0,7,0.684,0.574,0.403,0.0,-0.217,-0.104,0
14593,34,0,7,0.858,0.608,0.609,0.25,0.171,0.268,0
14594,76,1,5,0.829,0.638,0.698,0.0,0.158,0.022,0
14595,67,0,3,0.858,0.755,0.799,0.25,0.161,-0.135,0
14596,32,0,5,0.881,0.7,0.853,0.5,0.241,0.124,0
14597,46,0,7,0.891,0.596,0.761,0.5,0.503,-0.109,1
14598,44,0,7,0.834,0.618,1.02,0.5,0.435,0.175,0
14599,73,1,6,0.66,0.526,0.312,0.0,-0.388,-0.108,0
14600,75,0,9,0.801,0.598,0.65,0.0,0.04,0.104,0
14601,81,0,11,0.7,0.522,0.81,0.0,0.255,0.212,0
14602,78,1,7,0.864,0.684,0.64,0.5,0.101,0.153,0
14603,39,1,3,0.7,0.578,0.637,0.75,0.357,-0.026,0
14604,48,1,12,0.99,0.513,0.878,0.5,0.146,0.201,0
14605,70,1,3,0.712,0.539,0.52,0.0,0.035,0.128,0
14606,34,1,12,1.08,0.437,1.11,0.0,0.524,0.248,0
14607,82,1,9,0.818,0.425,0.819,0.75,0.33,0.05,0
14608,73,1,3,0.837,0.617,0.737,0.0,0.153,-0.002,1
14609,34,0,4,0.741,0.531,0.717,0.0,0.12,-0.067,0
14610,61,0,8,0.816,0.548,0.613,0.5,0.047,-0.028,0
14611,64,0,10,0.7,0.471,0.854,1.0,0.366,-0.117,0
14612,43,1,3,0.687,0.689,0.497,0.75,-0.088,0.166,0
14613,84,1,10,0.969,0.584,0.674,0.0,0.218,0.198,0
14614,30,1,5,0.741,0.615,0.219,0.75,-0.258,0.034,0
14615,72,0,3,0.848,0.691,0.284,0.0,0.007,-0.089,0
14616,72,1,6,0.8,0.633,0.344,0.5,0.124,0.197,0
14617,51,0,9,0.781,0.573,0.995,0.0,0.465,0.099,0
14618,35,0,3,0.79,0.655,0.655,0.75,0.026,0.072,0
14619,67,0,3,0.736,0.594,0.468,0.0,0.307,-0.015,0
14620,55,0,8,0.762,0.73,0.456,0.0,-0.279,-0.154,0
14621,66,1,8,0.855,0.576,0.997,0.0,0.479,0.084,0
14622,43,1,9,0.936,0.555,0.818,0.5,0.343,0.21,0
14623,53,1,4,0.837,0.613,0.432,0.5,-0.201,-0.043,0
14624,72,1,12,1.034,0.537,1.026,1.0,0.326,0.477,0
14625,76,1,3,0.88,0.521,0.676,0.25,-0.121,0.03,0
14626,71,0,5,0.821,0.635,0.478,0.25,-0.137,-0.095,0
14627,81,0,8,0.623,0.754,0.635,0.75,0.371,-0.17,0
14628,70,0,11,1.056,0.498,1.27,0.25,0.664,0.397,0
14629,59,0,8,0.85,0.439,0.939,0.25,0.239,0.079,0
14630,82,1,7,0.781,0.512,0.458,0.0,0.249,0.087,0
14631,72,0,4,0.918,0.597,0.594,0.25,0.204,-0.023,0
14632,46,0,12,0.924,0.558,0.809,1.0,0.547,0.199,0
14633,71,1,5,0.915,0.538,0.676,0.0,0.363,0.155,0
14634,32,1,9,0.957,0.569,0.937,0.0,0.706,0.197,0
14635,61,0,10,1.079,0.49,0.781,0.5,0.373,0.349,0
14636,49,0,3,0.782,0.734,0.414,0.25,-0.154,-0.228,0
14637,42,1,6,0.769,0.485,0.759,0.0,0.315,0.039,0
14638,41,0,7,0.814,0.654,0.918,0.75,0.614,-0.007,0
14639,64,0,11,0.992,0.49,1.155,0.0,0.652,0.01,0
14640,38,1,7,0.863,0.607,0.997,0.0,0.563,0.145,0
14641,40,1,7,0.571,0.561,0.761,1.0,0.238,-0.279,0
14642,35,1,8,0.772,0.7,0.614,0.0,-0.157,0.11,0
14643,73,0,11,0.983,0.561,1.009,0.0,0.562,0.322,0
14644,67,0,12,0.938,0.567,0.793,0.0,0.471,0.061,0
14645,49,0,8,0.864,0.537,0.666,0.25,0.072,-0.076,0
14646,57,0,7,0.828,0.546,0.579,0.0,0.441,0.186,0
14647,61,0,8,0.974,0.557,0.702,0.0,0.344,0.198,0
14648,59,0,12,0.853,0.575,0.869,0.0,0.473,0.112,1
14649,76,1,7,0.7,0.522,0.811,0.0,0.209,-0.114,0
14650,31,0,7,0.793,0.633,0.413,0.75,0.193,-0.153,0
14651,42,0,9,0.7,0.579,0.933,0.0,0.272,0.019,0
14652,67,0,5,0.928,0.775,0.578,0.0,0.036,0.142,0
14653,81,1,6,0.924,0.558,0.649,1.0,0.347,0.387,1
14654,30,1,7,0.782,0.482,0.438,0.0,0.081,0.148,0
14655,64,0,7,0.843,0.625,0.836,0.0,0.207,0.013,0
14656,46,1,6,0.862,0.644,0.904,0.0,0.412,0.189,0
14657,70,0,7,0.664,0.551,0.66,1.0,0.327,-0.101,0
14658,61,1,6,0.839,0.6,0.469,0.25,0.051,0.103,0
14659,75,1,5,0.93,0.612,0.728,0.75,0.264,0.226,0
14660,43,0,10,0.963,0.538,1.192,1.0,0.636,0.123,0
14661,56,0,8,0.744,0.635,0.696,0.0,0.122,-0.059,0
14662,63,0,4,0.854,0.567,0.777,0.75,0.183,0.154,0
14663,40,0,12,1.086,0.458,1.324,0.25,0.481,0.375,0
14664,64,0,12,1.02,0.514,0.855,0.0,0.108,0.343,0
14665,63,1,9,0.906,0.55,0.753,0.0,0.06,0.194,0
14666,67,0,9,0.759,0.476,0.91,1.0,0.471,-0.027,1
14667,67,1,9,0.922,0.67,0.405,0.0,-0.076,0.08,0
14668,38,1,4,0.896,0.836,0.779,0.0,0.479,0.149,0
14669,62,1,10,1.032,0.623,0.571,0.0,0.338,0.45,0
14670,42,0,10,1.032,0.489,0.863,0.0,0.163,0.534,0
14671,82,0,11,0.97,0.582,0.7,0.5,0.275,0.197,1
14672,56,1,9,0.931,0.564,1.001,0.25,0.581,0.152,1
14673,31,1,5,0.955,0.704,0.65,1.0,0.336,0.278,0
14674,38,1,12,1.053,0.454,0.927,0.0,0.686,0.155,0
14675,41,0,10,1.018,0.636,0.734,0.0,0.728,0.25,0
14676,57,1,7,0.856,0.527,0.667,0.0,0.206,-0.118,0
14677,60,0,6,0.795,0.64,0.648,0.5,0.035,-0.086,0
14678,73,0,9,0.674,0.515,0.778,0.0,0.148,0.176,0
14679,31,1,8,0.906,0.557,0.749,0.0,0.271,-0.04,0
14680,43,1,5,0.728,0.622,0.469,0.5,0.298,0.167,0
14681,55,1,11,0.918,0.549,1.052,0.0,0.302,0.238,0
14682,36,0,3,0.802,0.608,0.534,0.75,-0.189,0.265,0
14683,40,0,3,0.854,0.66,0.495,1.0,-0.113,0.029,0
14684,63,0,6,0.879,0.423,0.812,0.0,0.127,0.328,0
14685,37,0,12,1.08,0.503,0.746,0.5,0.262,0.257,0
14686,47,1,10,1.049,0.679,0.942,0.0,0.476,0.323,0
14687,65,0,4,0.738,0.606,0.624,0.75,0.244,0.106,0
14688,45,1,5,0.747,0.543,0.626,1.0,0.148,0.047,0
14689,62,0,12,0.7,0.65,0.849,1.0,0.335,0.156,0
14690,81,0,12,1.027,0.591,1.041,0.25,0.678,0.327,0
14691,77,1,9,1.061,0.469,0.741,0.75,0.334,0.154,0
14692,69,0,5,0.797,0.575,0.724,0.0,0.427,-0.135,0
14693,83,0,11,1.055,0.433,1.009,0.0,0.59,0.274,0
14694,60,1,9,0.959,0.467,0.936,0.0,0.436,0.206,0
14695,56,0,3,0.967,0.543,0.398,0.5,0.075,0.299,0
14696,82,1,3,0.969,0.597,0.752,0.0,0.521,0.351,0
14697,33,1,6,0.974,0.535,0.527,0.0,0.047,0.316,0
14698,78,1,10,0.81,0.692,1.075,0.0,0.46,0.247,0
14699,44,0,5,0.965,0.635,0.673,0.0,0.296,0.361,0
14700,51,0,9,0.705,0.528,0.608,0.0,0.081,0.058,0
14701,50,1,4,0.75,0.738,0.558,1.0,0.179,0.024,0
14702,78,1,6,0.98,0.639,0.318,0.5,-0.193,0.066,0
14703,75,0,6,0.72,0.742,0.658,0.5,0.243,0.006,0
14704,41,1,3,0.868,0.659,0.301,0.25,-0.343,0.219,0
14705,31,1,10,0.914,0.597,0.795,0.0,0.095,0.331,0
14706,48,0,3,0.812,0.681,0.7,1.0,0.243,0.061,0
14707,66,1,8,0.958,0.475,0.8,0.25,0.166,0.388,0
14708,67,0,9,0.99,0.527,0.616,0.5,-0.113,0.265,0
14709,47,1,10,0.924,0.56,0.931,0.0,0.681,0.226,0
14710,84,1,6,0.955,0.654,0.66,0.25,0.141,0.224,0
14711,33,1,8,0.84,0.665,0.522,0.0,0.019,0.056,0
14712,48,1,11,1.017,0.502,0.724,0.0,0.267,0.487,0
14713,75,0,5,0.921,0.7,0.705,0.75,0.25,0.035,0
14714,46,1,4,0.77,0.585,0.426,0.5,0.087,-0.044,0
14715,63,0,11,0.926,0.507,0.812,0.0,0.255,0.226,0
14716,78,0,3,0.479,0.479,0.266,0.0,-0.331,-0.419,0
14717,44,1,3,0.744,0.707,0.488,0.0,0.223,0.025,0
14718,78,0,8,0.847,0.606,0.7,1.0,0.468,0.115,0
14719,71,0,7,0.835,0.622,0.785,0.0,0.387,-0.006,0
14720,52,1,9,1.011,0.658,0.577,0.5,0.166,0.214,0
14721,57,1,3,0.788,0.537,0.751,0.0,0.011,0.017,0
14722,68,1,11,0.945,0.507,0.731,0.25,0.207,0.258,0
14723,82,0,4,0.919,0.742,0.614,0.0,-0.037,0.112,0
14724,78,1,3,0.869,0.521,0.697,0.25,0.183,0.191,0
14725,82,1,4,0.786,0.493,0.737,0.0,0.368,0.015,0
14726,50,0,8,0.828,0.496,0.547,0.25,0.31,0.045,0
14727,38,0,5,0.7,0.577,0.697,0.0,-0.244,0.124,0
14728,53,0,5,1.014,0.574,0.563,0.0,0.082,0.304,0
14729,37,1,10,0.91,0.703,0.916,0.0,0.342,0.227,0
14730,45,1,8,1.021,0.65,0.859,0.25,0.628,0.274,0
14731,46,0,9,0.852,0.513,0.709,0.25,0.398,0.17,0
14732,75,1,12,1.033,0.57,1.079,0.75,0.617,0.108,0
14733,80,0,3,0.539,0.655,0.631,0.0,0.245,-0.111,0
14734,67,0,11,1.061,0.522,0.8,0.0,0.248,0.295,0
14735,62,0,11,0.922,0.509,0.567,0.0,-0.015,-0.02,0
14736,46,1,6,1.014,0.604,0.836,0.0,0.119,0.403,0
14737,40,1,3,0.788,0.531,0.534,0.0,0.392,0.02,0
14738,59,1,9,0.96,0.558,1.004,1.0,0.383,0.07,0
14739,70,0,12,1.055,0.664,0.886,1.0,0.62,0.332,0
14740,41,0,8,1.157,0.582,0.948,1.0,0.287,0.222,0
14741,66,0,8,1.043,0.62,0.493,0.5,-0.008,0.076,0
14742,75,0,11,1.091,0.453,0.922,0.0,0.572,0.507,0
14743,79,1,7,0.807,0.571,0.595,0.0,0.27,0.127,0
14744,36,1,12,1.029,0.556,1.088,0.75,0.674,0.312,0
14745,83,0,8,0.734,0.65,0.879,0.5,0.46,-0.037,0
14746,44,0,6,0.961,0.487,0.584,0.5,0.031,0.038,0
14747,31,1,3,0.825,0.427,0.431,0.0,0.06,0.132,0
14748,50,0,6,1.095,0.49,0.627,0.0,0.144,0.385,0
14749,47,0,10,0.871,0.541,0.956,0.0,0.439,0.207,0
14750,30,1,5,0.985,0.52,0.714,0.0,0.446,0.06,0
14751,44,1,7,0.918,0.577,0.941,0.5,0.36,0.226,0
14752,32,1,3,0.741,0.551,0.288,0.0,-0.298,0.196,0
14753,66,0,4,0.583,0.579,0.705,0.75,0.386,-0.327,0
14754,55,0,10,0.69,0.514,0.858,0.0,0.622,-0.194,0
14755,48,1,7,0.875,0.648,0.775,0.75,0.567,0.046,0
14756,54,1,8,0.695,0.622,0.609,0.25,0.251,0.135,0
14757,72,0,8,0.889,0.69,1.091,0.0,0.586,0.195,0
14758,40,1,8,0.965,0.49,0.772,0.0,0.329,0.154,0
14759,42,0,9,0.894,0.615,0.961,0.0,0.601,0.25,0
14760,71,1,12,1.068,0.671,0.7,1.0,0.216,0.14,0
14761,45,0,12,0.798,0.524,0.825,0.5,0.379,0.122,0
14762,67,0,4,0.931,0.61,0.681,0.5,0.184,0.417,0
14763,65,1,6,0.826,0.568,0.7,0.0,0.032,0.186,0
14764,82,0,7,0.734,0.545,0.704,0.5,0.345,-0.154,0
14765,77,0,3,0.832,0.645,0.114,0.0,-0.457,0.014,0
14766,71,0,5,0.852,0.654,0.699,0.25,0.347,-0.08,0
14767,82,1,3,0.781,0.553,0.304,0.0,-0.009,0.037,0
14768,44,0,9,0.925,0.5,1.021,0.0,0.337,0.133,0
14769,77,1,4,0.7,0.613,0.628,0.0,0.081,-0.224,0
14770,68,0,9,0.841,0.466,0.789,0.5,0.288,0.029,0
14771,45,1,9,0.797,0.649,0.517,0.0,0.182,0.124,0
14772,75,1,8,0.64,0.634,0.856,0.0,0.541,-0.213,0
14773,39,0,8,0.989,0.482,0.736,0.5,0.282,0.258,0
14774,34,1,5,0.779,0.603,0.653,0.0,0.279,-0.177,0
14775,41,1,7,0.934,0.7,0.67,0.0,0.071,0.355,0
14776,74,0,4,0.978,0.586,0.65,0.0,0.712,0.084,0
14777,80,1,12,0.845,0.637,0.433,0.75,0.003,0.098,1
14778,37,1,11,0.752,0.567,0.403,0.0,-0.216,-0.083,0
14779,42,1,4,0.945,0.548,0.438,0.0,0.238,0.193,0
14780,55,1,11,1.014,0.406,0.578,0.5,0.164,0.096,0
14781,36,1,9,0.959,0.571,0.804,0.0,0.104,0.074,0
14782,47,0,5,0.719,0.595,0.641,0.0,-0.059,0.032,0
14783,42,1,11,1.199,0.497,0.827,0.0,0.431,0.302,0
14784,52,1,4,0.972,0.574,0.456,0.5,-0.137,0.137,0
14785,84,1,10,0.915,0.406,0.739,0.0,0.235,0.009,0
14786,32,0,5,1.098,0.45,0.55,1.0,0.001,0.257,0
14787,81,1,5,0.893,0.609,0.757,0.0,0.525,0.059,0
14788,59,0,6,1.117,0.554,0.7,1.0,0.277,0.467,0
14789,59,0,11,1.028,0.463,1.02,0.75,0.404,0.456,1
14790,80,0,12,0.781,0.439,0.998,0.5,0.496,0.008,0
14791,68,0,11,0.925,0.564,0.674,0.5,-0.032,-0.004,0
14792,55,0,5,0.765,0.578,0.433,0.0,0.104,0.073,0
14793,57,1,12,1.018,0.476,0.927,0.25,0.263,0.286,0
14794,44,0,9,0.92,0.629,0.695,1.0,0.414,0.254,0
14795,73,1,11,0.887,0.43,0.868,0.0,0.384,0.091,0
14796,70,0,4,0.939,0.563,0.589,1.0,-0.252,0.045,0
14797,30,0,3,0.844,0.654,0.532,0.0,-0.044,0.03,0
14798,59,1,6,0.931,0.659,1.022,0.25,0.757,0.231,0
14799,31,0,12,0.762,0.446,0.642,0.0,0.504,0.041,0
14800,66,0,7,0.888,0.658,0.922,0.0,0.245,0.142,0
14801,46,1,5,0.786,0.637,0.704,0.5,0.061,-0.139,0
14802,56,1,4,0.7,0.669,0.512,0.25,0.27,-0.051,0
14803,40,1,9,0.654,0.485,0.729,0.75,0.221,0.161,0
14804,47,1,9,0.895,0.512,1.063,1.0,0.5,-0.094,0
14805,77,0,4,0.916,0.523,0.591,0.25,0.225,0.113,0
14806,63,1,4,0.975,0.61,0.356,0.5,0.034,0.439,0
14807,83,1,7,1.045,0.743,0.235,0.0,-0.149,0.086,0
14808,39,0,3,1.007,0.645,0.736,0.25,0.081,0.215,0
14809,57,0,8,0.797,0.57,0.563,0.0,0.255,-0.008,0
14810,45,0,8,0.7,0.509,0.811,0.0,0.263,-0.115,0
14811,49,0,11,0.985,0.486,0.749,0.25,0.217,0.277,0
14812,41,0,7,0.796,0.473,0.833,0.0,0.284,-0.116,0
14813,63,0,8,1.15,0.518,0.679,0.0,0.402,0.446,0
14814,53,0,8,0.906,0.614,0.65,0.0,0.327,-0.005,0
14815,77,1,8,1.056,0.527,0.516,0.75,0.035,0.374,0
14816,47,0,4,0.903,0.677,0.306,0.75,-0.161,0.231,0
14817,70,1,4,0.63,0.655,0.71,0.25,0.361,-0.218,0
14818,63,0,4,0.749,0.621,0.507,0.0,0.35,-0.073,0
14819,34,1,5,0.7,0.677,0.409,0.0,-0.291,0.01,0
14820,31,1,12,0.922,0.516,0.89,0.0,0.651,0.143,0
14821,65,1,11,0.835,0.463,0.891,0.0,0.485,0.12,0
14822,75,0,10,0.947,0.479,0.937,0.75,0.63,0.248,1
14823,62,0,4,0.682,0.642,0.499,0.0,-0.066,-0.213,0
14824,64,0,6,0.657,0.574,0.763,0.25,0.156,-0.187,0
14825,55,1,5,0.596,0.566,0.517,0.0,-0.185,-0.022,0
14826,45,1,10,0.845,0.606,0.798,0.0,0.591,-0.007,0
14827,83,0,7,0.799,0.498,0.541,0.5,0.16,0.099,1
14828,40,0,5,0.895,0.631,0.785,0.0,0.237,0.197,0
14829,82,1,10,1.168,0.682,0.452,0.25,0.085,0.685,1
14830,82,0,8,0.898,0.669,0.757,0.0,0.019,0.226,0
14831,38,0,3,0.744,0.593,0.659,0.0,0.257,-0.102,0
14832,51,1,6,0.902,0.7,0.853,0.0,0.474,0.279,0
14833,73,1,5,0.616,0.715,0.725,0.75,-0.028,-0.269,0
14834,66,1,11,0.954,0.528,0.921,0.25,0.686,0.262,0
14835,67,1,8,0.752,0.612,0.57,0.5,0.033,0.052,0
14836,61,1,10,0.95,0.517,0.615,0.0,0.093,0.077,0
14837,61,1,8,0.805,0.564,0.933,0.5,0.531,0.032,0
14838,67,1,5,0.807,0.531,0.615,0.75,0.249,0.149,0
14839,45,1,5,0.779,0.656,0.419,0.25,-0.303,0.176,0
14840,79,0,11,1.053,0.518,0.978,0.25,0.389,0.169,0
14841,53,1,3,0.824,0.489,0.449,0.25,0.151,0.035,0
14842,78,1,6,0.7,0.568,0.785,0.0,0.186,-0.075,0
14843,58,0,10,1.09,0.541,0.915,0.25,0.269,0.368,0
14844,33,0,11,0.987,0.546,0.74,0.75,0.495,0.331,0
14845,67,0,7,0.918,0.558,0.879,1.0,0.511,0.097,0
14846,48,1,9,0.982,0.607,0.845,0.25,0.272,0.421,0
14847,40,0,5,0.646,0.659,0.488,0.0,-0.248,-0.142,0
14848,78,0,10,1.117,0.565,0.606,0.5,0.4,0.438,0
14849,81,0,5,0.78,0.619,0.601,0.25,0.204,0.234,0
14850,65,1,9,1.198,0.577,1.202,0.5,1.137,0.443,0
14851,38,0,11,1.028,0.582,0.65,0.0,0.033,0.236,0
14852,74,0,8,1.112,0.539,0.649,0.75,0.29,0.289,0
14853,34,1,10,0.909,0.537,1.06,0.0,0.301,0.114,0
14854,63,1,5,0.784,0.534,0.783,0.5,0.199,0.084,0
14855,81,1,12,0.796,0.437,1.092,0.5,0.596,-0.156,0
14856,65,0,9,0.969,0.617,0.664,0.0,0.397,0.337,0
14857,68,1,6,0.574,0.529,0.702,1.0,0.097,-0.233,0
14858,34,0,10,0.802,0.537,1.266,0.0,0.958,0.107,0
14859,53,1,12,0.914,0.573,0.679,1.0,-0.074,0.334,0
14860,70,1,12,0.766,0.472,1.109,0.75,0.697,0.167,0
14861,67,0,5,0.881,0.582,0.341,0.75,-0.153,0.192,0
14862,62,1,11,0.982,0.715,0.565,0.25,0.254,0.031,0
14863,35,0,9,1.025,0.465,1.086,0.0,0.615,0.195,0
14864,38,1,9,0.7,0.538,0.796,0.0,0.554,0.034,0
14865,43,1,6,1.027,0.48,0.841,0.0,0.281,0.39,0
14866,50,0,3,0.897,0.67,0.499,0.75,-0.394,0.197,0
14867,33,1,6,0.931,0.671,0.536,0.25,-0.063,0.225,0
14868,64,1,11,0.804,0.537,0.679,0.25,0.404,0.076,0
14869,81,0,6,0.752,0.576,0.605,0.5,0.284,0.193,0
14870,53,1,5,0.838,0.753,0.617,1.0,0.222,0.02,0
14871,63,1,12,1.043,0.471,1.029,0.5,0.655,0.227,0
14872,82,0,12,0.976,0.551,0.906,0.0,0.418,0.515,0
14873,71,0,9,1.008,0.578,0.773,0.0,0.212,0.253,0
14874,63,0,4,0.639,0.499,0.273,0.75,-0.017,-0.132,0
14875,78,1,4,0.589,0.567,0.598,0.0,0.209,0.073,0
14876,74,0,5,0.59,0.745,0.545,0.5,-0.275,-0.043,1
14877,48,0,3,0.384,0.701,0.385,0.0,-0.384,-0.156,0
14878,33,0,4,0.802,0.708,0.645,0.0,0.369,0.171,0
14879,74,0,7,0.799,0.665,0.374,0.0,-0.026,0.091,0
14880,56,1,5,0.758,0.545,0.722,0.5,0.013,-0.138,0
14881,61,1,7,1.041,0.545,0.671,0.0,0.282,0.272,0
14882,31,1,4,0.773,0.535,0.837,0.0,0.148,0.102,0
14883,63,1,7,0.688,0.408,0.578,0.75,-0.061,-0.078,1
14884,74,0,5,0.7,0.557,0.616,0.75,-0.179,-0.08,0
14885,71,1,10,0.81,0.436,0.934,0.5,0.476,0.062,0
14886,48,1,9,0.991,0.55,0.55,0.0,0.217,0.244,0
14887,33,0,12,0.891,0.551,0.873,0.0,0.374,0.078,0
14888,34,0,12,0.93,0.584,0.617,0.5,0.265,0.123,0
14889,44,1,12,1.044,0.589,0.88,0.75,0.594,0.21,0
14890,66,1,7,0.831,0.724,0.545,0.0,0.173,-0.059,0
14891,42,0,8,1.028,0.616,0.645,0.0,0.108,0.38,0
14892,46,0,10,1.029,0.71,0.854,0.75,0.289,0.299,0
14893,56,1,11,0.97,0.627,1.027,0.25,0.574,0.186,0
14894,49,0,8,0.987,0.651,0.731,1.0,0.048,0.253,0
14895,51,1,8,0.847,0.568,0.627,0.0,0.045,0.221,0
14896,82,0,8,1.031,0.533,0.69,0.0,0.215,0.367,0
14897,70,1,6,0.837,0.608,0.607,0.0,0.044,-0.196,0
14898,60,0,9,0.997,0.547,0.755,0.0,0.286,0.22,0
14899,65,1,4,0.835,0.514,0.58,0.0,0.126,0.02,0
14900,45,0,9,0.926,0.534,0.841,1.0,0.313,0.185,0
14901,47,1,3,0.924,0.581,0.238,0.0,-0.244,0.163,0
14902,49,0,4,0.687,0.587,0.763,0.0,0.312,-0.147,0
14903,80,0,7,0.927,0.665,0.68,0.75,0.42,0.19,0
14904,52,0,10,0.7,0.577,1.201,0.25,0.463,-0.015,0
14905,46,1,11,0.899,0.503,0.959,0.25,0.443,0.199,0
14906,72,1,4,0.877,0.592,0.506,0.5,-0.202,0.056,0
14907,51,0,10,0.859,0.677,0.385,0.0,-0.212,0.101,0
14908,55,1,5,0.732,0.541,0.522,0.75,-0.005,-0.174,0
14909,60,1,9,1.044,0.628,0.782,1.0,0.387,0.337,0
14910,53,1,11,0.78,0.633,0.819,0.5,0.372,0.065,0
14911,30,1,5,0.932,0.569,0.785,0.0,0.384,0.194,0
14912,60,1,9,0.895,0.7,0.662,0.0,0.178,0.223,0
14913,65,1,12,1.084,0.562,0.834,0.25,0.451,0.406,0
14914,84,0,10,0.854,0.696,0.619,0.0,0.101,0.175,0
14915,66,0,12,0.811,0.461,0.875,0.0,0.211,0.198,0
14916,54,0,5,0.688,0.714,0.7,0.0,0.164,-0.012,0
14917,61,0,11,1.245,0.591,0.489,0.0,0.092,0.505,0
14918,48,0,8,0.7,0.556,0.82,0.25,0.378,-0.284,0
14919,52,0,11,0.708,0.587,0.584,0.0,0.178,-0.06,0
14920,64,1,9,0.741,0.392,0.948,0.0,0.441,-0.205,0
14921,65,1,11,0.88,0.576,0.818,0.0,0.543,0.196,0
14922,83,1,12,0.994,0.518,1.108,0.0,0.694,0.325,1
14923,46,1,9,1.01,0.602,0.847,0.25,0.136,0.414,0
14924,72,1,7,0.9,0.561,0.856,0.75,0.544,0.088,1
14925,59,0,10,0.867,0.486,0.877,0.0,0.159,0.024,0
14926,41,0,9,1.003,0.489,0.758,0.0,-0.036,0.143,0
14927,55,0,3,0.675,0.525,0.852,0.75,0.423,-0.063,0
14928,49,1,6,0.902,0.492,1.109,0.75,0.573,0.18,0
14929,81,1,12,0.935,0.517,0.864,0.0,0.3,0.346,0
14930,63,1,5,1.049,0.717,0.536,0.75,0.01,0.435,0
14931,62,0,8,0.889,0.716,0.694,0.0,0.341,0.108,0
14932,81,0,5,0.776,0.505,0.7,0.5,0.66,0.155,0
14933,38,0,6,0.7,0.651,0.454,0.75,0.061,-0.117,0
14934,79,0,5,0.842,0.66,0.75,0.0,0.475,0.018,0
14935,54,0,8,0.853,0.597,0.634,0.5,0.476,0.024,0
14936,49,0,8,0.802,0.67,0.808,0.0,-0.007,-0.082,0
14937,61,1,6,0.619,0.53,0.256,0.5,-0.389,0.044,1
14938,84,0,11,1.082,0.42,0.838,0.0,0.611,0.214,0
14939,67,0,4,0.861,0.623,0.824,0.0,0.675,-0.055,0
14940,31,1,12,0.866,0.537,1.045,0.0,0.594,0.199,0
14941,49,0,10,0.7,0.484,0.763,0.5,0.312,-0.068,0
14942,59,0,9,0.7,0.45,0.677,0.0,0.382,-0.093,0
14943,55,1,7,0.884,0.693,0.22,0.0,-0.59,0.318,0
14944,60,1,4,0.929,0.55,0.808,0.5,0.498,0.166,0
14945,62,0,8,0.668,0.533,0.915,1.0,0.495,-0.327,0
14946,32,1,7,0.765,0.423,0.578,0.0,0.053,-0.148,0
14947,41,1,11,1.002,0.497,1.193,0.25,0.653,0.306,0
14948,51,1,12,0.978,0.562,0.907,0.5,0.463,0.166,0
14949,52,1,11,0.7,0.486,0.835,1.0,0.335,0.091,0
14950,77,0,12,1.314,0.635,0.914,0.0,0.529,0.648,0
14951,71,1,9,0.836,0.486,0.849,0.75,0.373,0.11,0
14952,35,0,11,0.992,0.586,0.867,0.5,0.167,0.33,0
14953,69,1,3,0.791,0.602,0.529,0.0,0.151,0.192,0
14954,51,1,7,0.7,0.295,0.55,0.5,0.28,-0.172,0
14955,41,1,3,0.865,0.571,0.518,0.75,-0.182,-0.116,0
14956,82,0,3,0.694,0.723,0.09,0.0,-0.217,-0.229,0
14957,49,0,6,0.987,0.516,0.261,0.0,-0.29,0.357,0
14958,68,0,8,0.7,0.757,0.77,0.0,0.281,-0.145,0
14959,78,1,12,0.945,0.546,1.149,0.5,0.495,0.112,0
14960,49,0,6,1.016,0.7,0.742,0.0,0.318,0.058,0
14961,59,0,8,1.096,0.633,0.603,0.25,-0.066,0.232,0
14962,56,0,8,0.644,0.66,0.749,0.0,0.313,-0.062,0
14963,59,1,7,0.895,0.426,0.659,1.0,0.304,0.432,0
14964,69,0,5,1.085,0.459,0.531,0.75,-0.11,0.361,0
14965,53,1,3,0.825,0.65,0.837,0.25,0.321,0.151,0
14966,30,1,7,0.919,0.464,0.812,0.25,0.601,0.19,0
14967,53,1,8,0.953,0.668,0.5,1.0,0.033,0.274,1
14968,73,0,4,0.677,0.651,0.438,0.0,-0.089,-0.105,0
14969,41,1,11,0.889,0.529,0.7,1.0,0.344,0.242,0
14970,60,1,6,0.622,0.506,0.55,1.0,0.055,-0.148,0
14971,45,1,3,0.968,0.658,0.413,0.0,-0.094,0.378,0
14972,57,0,9,1.065,0.584,1.037,0.0,0.736,0.446,0
14973,31,0,6,0.763,0.489,0.632,0.25,-0.019,0.05,0
14974,39,1,9,0.903,0.661,0.683,0.0,0.321,0.245,0
14975,40,0,11,0.7,0.584,0.941,0.0,0.185,-0.213,0
14976,45,1,7,0.881,0.472,0.695,0.0,0.179,0.126,0
14977,80,1,8,0.94,0.583,0.693,0.0,-0.067,0.141,0
14978,36,1,10,0.886,0.542,0.626,0.25,0.188,0.123,0
14979,46,1,7,0.877,0.484,0.833,1.0,0.42,0.158,0
14980,77,0,11,0.797,0.436,0.632,0.5,0.337,0.045,0
14981,76,1,7,0.802,0.751,0.677,0.5,0.023,-0.154,1
14982,76,0,10,0.822,0.533,0.752,0.0,0.071,-0.064,0
14983,54,0,8,0.88,0.623,0.754,0.5,0.2,0.122,0
14984,30,0,5,0.925,0.588,1.057,0.0,0.432,0.222,0
14985,52,1,8,0.771,0.665,0.589,0.5,0.383,-0.13,0
14986,84,0,10,0.987,0.536,0.84,1.0,0.579,0.226,0
14987,78,1,11,0.973,0.526,0.87,0.5,0.585,0.273,0
14988,58,1,8,1.092,0.518,0.599,0.0,-0.012,0.383,0
14989,31,0,10,1.214,0.593,0.74,0.0,0.211,0.612,0
14990,42,1,10,0.958,0.504,0.809,0.5,0.255,0.422,0
14991,34,1,12,0.865,0.575,0.7,0.25,0.476,0.342,0
14992,49,0,6,0.716,0.694,0.745,0.0,0.196,-0.148,0
14993,72,0,5,0.847,0.468,0.845,1.0,0.687,0.147,0
14994,82,1,9,0.951,0.469,0.752,0.0,0.125,0.197,0
14995,36,0,6,0.895,0.513,0.76,0.0,0.216,0.146,0
14996,80,1,5,1.066,0.674,0.776,0.25,0.461,0.297,0
14997,75,0,7,0.914,0.551,0.632,0.5,0.431,0.101,0
14998,46,0,6,0.956,0.655,0.716,0.5,0.168,0.18,0
14999,42,0,6,0.872,0.612,0.795,0.75,0.338,-0.029,0
15000,81,1,12,0.921,0.423,0.852,0.0,0.579,0.156,0
15001,68,1,3,0.907,0.63,0.838,0.0,0.353,0.095,0
15002,74,0,7,0.921,0.705,0.865,0.0,0.549,0.14,0
15003,64,1,4,0.747,0.55,0.303,1.0,-0.098,-0.065,0
15004,84,1,8,0.7,0.465,1.013,0.75,0.513,0.214,0
15005,44,1,9,0.715,0.499,0.736,0.0,0.327,-0.085,0
15006,66,0,4,0.824,0.564,0.874,0.25,0.39,0.068,0
15007,57,1,9,0.997,0.634,0.7,0.0,0.261,0.293,0
15008,43,0,3,0.981,0.531,0.465,0.25,-0.105,0.155,0
15009,49,0,10,0.957,0.542,0.718,0.5,0.333,0.03,0
15010,43,0,12,0.872,0.511,0.7,0.0,-0.024,0.264,0
15011,72,0,12,1.229,0.54,0.704,0.5,0.146,0.428,0
15012,49,1,11,1.038,0.53,0.979,0.75,0.43,0.19,0
15013,62,0,11,0.695,0.59,0.953,0.0,0.648,-0.156,0
15014,61,0,8,0.817,0.685,0.861,0.0,0.356,-0.0,0
15015,50,0,3,0.881,0.669,0.598,0.0,0.202,0.311,0
15016,55,1,8,0.82,0.567,0.666,0.0,0.378,0.015,0
15017,32,1,11,1.031,0.548,0.931,0.5,0.246,0.35,0
15018,60,0,6,0.761,0.62,0.832,0.25,0.31,0.253,0
15019,58,0,6,0.958,0.565,0.424,0.0,-0.032,0.347,0
15020,31,0,5,0.858,0.666,0.414,0.25,0.062,0.016,0
15021,77,0,5,0.852,0.585,0.521,0.0,0.054,0.117,0
15022,59,0,10,0.962,0.614,0.712,0.0,-0.005,0.282,0
15023,60,1,4,0.421,0.542,0.476,0.0,0.207,-0.38,0
15024,70,1,3,0.869,0.544,0.493,0.75,0.043,0.251,0
15025,63,0,6,0.927,0.73,0.892,0.25,0.374,0.056,0
15026,82,1,12,0.915,0.484,0.862,1.0,0.614,0.181,1
15027,81,0,11,1.007,0.621,1.108,0.25,0.719,0.054,1
15028,47,1,11,0.844,0.538,1.008,0.25,0.376,0.039,0
15029,47,0,9,0.963,0.684,0.889,0.0,0.52,0.136,0
15030,53,0,8,0.998,0.491,0.856,0.0,0.167,0.295,0
15031,30,1,10,0.844,0.563,1.015,0.25,0.402,0.121,0
15032,62,0,11,0.925,0.59,1.059,0.0,0.356,0.254,0
15033,60,0,10,0.7,0.593,0.638,1.0,-0.062,-0.02,0
15034,61,0,12,1.099,0.523,1.019,0.25,0.352,0.263,0
15035,79,0,10,0.977,0.56,0.785,0.0,0.345,0.309,0
15036,41,0,4,0.793,0.71,0.392,0.75,-0.105,0.034,0
15037,37,0,5,0.782,0.594,0.647,0.75,0.05,0.023,0
15038,76,1,6,0.775,0.509,0.493,0.0,-0.031,0.309,0
15039,54,1,4,0.852,0.539,0.38,0.0,0.059,0.005,0
15040,52,0,8,0.7,0.663,0.614,0.0,0.013,-0.136,0
15041,45,0,6,1.075,0.708,0.451,0.0,0.246,0.27,0
15042,51,0,6,0.796,0.558,0.721,0.75,0.404,-0.018,0
15043,75,1,8,0.785,0.639,0.901,0.0,0.412,0.067,0
15044,36,1,12,0.871,0.604,0.584,0.25,-0.069,0.196,0
15045,34,1,5,0.954,0.63,0.7,0.75,0.035,0.081,0
15046,61,1,10,0.945,0.526,0.581,0.0,0.349,0.064,1
15047,62,0,11,1.049,0.609,1.156,0.0,0.735,0.087,0
15048,33,0,6,0.747,0.714,0.304,0.0,0.117,-0.009,0
15049,77,1,9,0.989,0.583,0.695,0.0,0.288,0.321,0
15050,63,0,4,0.827,0.656,0.253,1.0,-0.126,-0.071,0
15051,49,0,4,0.726,0.417,0.354,0.0,-0.061,0.049,0
15052,79,1,8,0.952,0.641,0.847,0.0,0.248,0.18,1
15053,79,0,5,0.955,0.611,0.734,0.0,0.246,0.15,0
15054,39,0,11,0.744,0.547,0.786,1.0,0.443,-0.143,0
15055,31,1,10,0.653,0.457,0.922,0.25,0.512,-0.047,0
15056,47,0,3,0.787,0.623,0.529,0.25,-0.171,0.029,0
15057,33,1,9,0.944,0.539,0.824,0.5,0.31,0.096,0
15058,73,0,7,0.888,0.558,0.406,0.25,0.174,0.16,0
15059,76,0,5,0.753,0.639,0.677,0.0,0.083,0.187,0
15060,68,1,4,0.937,0.606,0.748,0.25,0.129,0.139,0
15061,42,1,12,0.878,0.514,1.182,0.0,0.681,0.105,0
15062,80,1,11,0.963,0.408,0.684,0.25,0.278,-0.004,1
15063,63,1,4,0.863,0.625,0.892,0.5,0.749,0.198,0
15064,78,1,6,0.888,0.58,0.615,0.0,0.238,0.151,0
15065,67,0,4,0.791,0.699,0.621,0.0,0.297,-0.118,0
15066,34,1,11,0.804,0.615,1.091,0.0,0.578,0.038,0
15067,59,0,11,1.019,0.495,0.65,0.0,0.212,0.277,0
15068,53,0,8,1.013,0.569,0.569,0.25,0.03,0.388,0
15069,38,1,6,0.786,0.456,0.883,0.5,0.469,0.086,0
15070,42,1,9,0.97,0.701,0.861,0.25,0.17,0.191,0
15071,47,0,10,1.096,0.584,0.463,0.0,-0.214,0.478,0
15072,72,1,5,0.851,0.572,0.527,0.5,-0.173,0.072,0
15073,73,0,5,0.926,0.544,0.565,0.25,0.027,0.297,0
15074,77,0,4,0.635,0.698,0.29,0.0,-0.146,-0.129,0
15075,42,1,4,0.962,0.65,0.603,0.25,0.143,0.334,0
15076,42,0,7,0.886,0.513,0.443,1.0,-0.154,0.179,0
15077,74,0,6,0.783,0.423,0.729,0.0,0.095,0.048,0
15078,38,1,5,0.964,0.617,0.642,0.0,0.332,0.144,0
15079,45,1,4,0.798,0.553,0.798,0.0,0.349,0.08,0
15080,31,0,6,0.858,0.783,0.849,0.5,0.436,0.158,0
15081,55,0,6,0.958,0.603,0.739,0.75,0.212,0.184,0
15082,72,1,7,0.98,0.554,0.611,0.0,0.379,0.198,0
15083,55,1,12,1.23,0.611,1.005,0.0,0.162,0.512,0
15084,48,0,6,0.859,0.493,0.761,0.0,0.376,0.046,0
15085,35,1,9,1.091,0.599,0.613,0.0,0.332,0.335,0
15086,54,0,9,1.111,0.542,0.652,0.0,0.14,0.2,0
15087,79,0,12,0.939,0.471,0.91,1.0,0.473,0.228,1
15088,49,0,7,0.666,0.605,0.72,0.0,0.388,-0.112,0
15089,45,1,8,1.112,0.553,0.913,0.25,0.533,0.444,0
15090,61,0,11,0.857,0.568,0.99,1.0,0.614,0.183,0
15091,63,0,7,0.77,0.638,0.77,1.0,0.28,0.014,0
15092,34,1,9,1.1,0.477,0.755,0.75,0.444,0.281,0
15093,47,0,10,1.107,0.601,1.004,0.5,0.904,0.126,0
15094,76,1,9,0.817,0.411,0.748,0.5,0.118,0.049,0
15095,64,1,3,0.7,0.652,0.29,0.0,-0.452,-0.014,0
15096,53,1,6,0.782,0.548,0.801,0.0,0.453,-0.014,0
15097,39,0,3,0.897,0.7,0.572,0.0,-0.061,0.275,0
15098,73,0,6,0.871,0.587,0.771,0.75,0.457,0.262,0
15099,55,1,4,0.749,0.596,0.563,0.0,0.209,-0.253,0
15100,81,0,5,0.742,0.5,0.607,0.0,0.399,0.033,0
15101,43,1,8,0.732,0.51,0.947,0.0,0.579,-0.042,0
15102,45,1,4,0.643,0.691,0.59,0.0,0.339,-0.038,0
15103,71,1,8,1.151,0.517,0.414,0.0,-0.025,0.451,0
15104,54,0,5,1.093,0.686,0.778,0.75,0.397,0.283,0
15105,79,1,9,0.911,0.421,0.904,0.0,0.53,-0.014,0
15106,53,1,9,0.859,0.525,0.812,1.0,0.128,0.167,0
15107,70,1,7,0.988,0.555,0.994,0.25,0.609,0.278,0
15108,69,1,12,1.163,0.578,0.813,0.75,0.463,0.6,0
15109,82,1,7,0.854,0.552,0.613,1.0,-0.129,0.031,0
15110,78,1,9,1.012,0.647,0.848,0.0,0.651,0.36,0
15111,36,1,3,0.652,0.549,0.655,0.25,0.101,-0.332,0
15112,52,0,3,0.831,0.586,0.489,0.0,-0.226,0.225,0
15113,33,0,10,0.846,0.532,1.093,1.0,0.563,0.244,0
15114,33,0,12,1.0,0.645,1.058,1.0,0.409,0.287,0
15115,75,0,6,0.893,0.578,0.831,0.0,0.283,0.172,0
15116,53,1,3,0.698,0.67,0.655,0.5,-0.119,-0.203,0
15117,51,1,3,0.76,0.605,0.626,0.0,0.253,0.105,0
15118,36,0,10,1.18,0.685,0.891,0.5,0.292,0.274,0
15119,76,0,5,0.861,0.632,0.698,0.0,0.095,0.154,0
15120,75,0,7,0.974,0.571,0.604,0.0,0.192,0.313,0
15121,77,1,7,0.763,0.717,0.741,0.5,0.592,0.129,0
15122,34,0,7,0.7,0.649,0.9,0.0,0.938,-0.108,0
15123,30,0,12,0.862,0.407,0.762,0.0,0.623,-0.026,0
15124,78,0,7,0.96,0.674,0.459,0.5,0.012,0.285,0
15125,47,0,4,0.657,0.712,0.56,1.0,-0.09,-0.293,0
15126,63,0,7,1.159,0.433,0.714,0.0,0.31,0.496,0
15127,32,1,5,0.673,0.442,0.7,0.0,0.317,-0.104,0
15128,52,0,4,0.856,0.668,0.635,0.0,0.136,0.042,0
15129,55,1,5,0.798,0.58,0.557,0.5,0.037,0.074,0
15130,33,0,10,0.822,0.513,0.813,0.0,0.152,0.113,0
15131,47,1,11,0.904,0.432,1.176,0.25,0.705,-0.11,0
15132,40,0,10,0.948,0.681,1.009,0.0,0.731,0.146,0
15133,65,1,11,0.937,0.637,1.077,0.0,0.579,0.106,0
15134,65,0,12,0.965,0.583,0.747,0.25,0.482,0.219,0
15135,44,1,3,0.85,0.573,0.463,0.0,-0.088,0.071,0
15136,71,1,12,1.117,0.526,0.806,0.0,0.536,0.261,0
15137,41,1,6,0.744,0.615,0.831,0.0,0.62,-0.244,0
15138,45,0,3,0.759,0.691,0.553,1.0,0.212,-0.024,0
15139,70,0,8,0.694,0.603,0.957,0.0,0.313,-0.189,0
15140,66,1,12,1.068,0.593,1.236,0.0,0.699,0.455,0
15141,30,0,7,0.801,0.519,0.973,0.25,0.347,-0.127,0
15142,37,1,7,0.906,0.483,1.009,0.5,0.438,0.254,0
15143,36,1,9,1.137,0.457,0.559,0.0,-0.198,0.366,0
15144,82,0,12,0.833,0.602,1.184,0.0,0.887,-0.013,0
15145,35,0,4,0.832,0.447,0.369,0.0,-0.014,0.026,0
15146,68,0,9,0.91,0.631,0.936,1.0,0.45,0.065,1
15147,37,0,12,1.096,0.517,0.798,0.0,0.509,0.255,0
15148,58,0,5,0.793,0.594,0.85,0.5,0.42,0.147,0
15149,33,0,9,0.831,0.639,0.731,0.25,0.334,0.084,0
15150,39,0,11,0.945,0.417,0.941,0.25,0.163,0.247,0
15151,38,0,3,0.817,0.639,0.735,0.0,0.114,-0.078,0
15152,39,0,11,0.845,0.596,0.97,0.25,0.96,0.012,0
15153,31,0,8,0.853,0.493,0.832,0.0,0.163,0.163,0
15154,60,0,4,0.809,0.529,0.817,0.75,0.364,0.027,0
15155,42,1,11,1.088,0.513,0.669,0.5,0.278,0.214,0
15156,55,0,6,0.861,0.527,0.64,0.25,0.295,0.056,0
15157,45,0,8,0.946,0.533,0.591,0.75,0.169,0.016,0
15158,33,0,3,0.707,0.631,0.346,0.0,0.132,-0.068,0
15159,79,1,7,0.875,0.53,0.837,0.0,0.418,0.278,0
15160,70,0,7,0.948,0.636,0.704,0.75,0.219,0.127,1
15161,43,1,5,0.901,0.628,0.677,0.25,0.128,0.251,0
15162,42,1,6,0.909,0.718,0.861,0.75,0.326,0.299,0
15163,30,0,3,0.815,0.472,0.515,0.0,-0.198,0.054,0
15164,79,1,7,0.769,0.524,0.729,0.0,-0.073,0.043,0
15165,47,1,6,0.7,0.64,0.449,1.0,0.017,0.05,0
15166,46,1,12,1.087,0.482,0.965,0.0,0.727,0.271,0
15167,35,1,10,0.887,0.597,0.944,0.0,0.242,0.039,0
15168,58,0,9,0.87,0.583,0.762,0.5,0.316,0.184,0
15169,76,0,12,1.099,0.538,0.95,0.25,0.5,0.62,0
15170,31,0,12,0.835,0.488,0.724,0.0,0.381,0.001,0
15171,38,1,6,0.618,0.57,0.449,0.0,-0.224,-0.043,0
15172,31,0,4,0.923,0.608,0.444,0.25,0.048,0.156,0
15173,42,1,3,0.761,0.627,0.466,0.0,-0.211,0.114,0
15174,74,0,7,0.782,0.675,0.815,0.0,0.145,0.254,0
15175,45,0,9,0.704,0.503,0.859,0.0,0.365,0.079,0
15176,84,0,4,0.78,0.468,0.665,0.5,-0.035,0.125,0
15177,76,1,3,0.67,0.529,0.26,1.0,-0.235,0.115,0
15178,45,1,8,0.996,0.464,0.707,0.0,0.337,0.259,0
15179,58,0,5,0.884,0.594,0.708,0.0,0.074,0.025,0
15180,43,0,8,0.939,0.533,0.182,1.0,-0.543,0.031,0
15181,69,0,12,1.071,0.676,0.734,0.75,0.383,0.403,0
15182,62,0,4,0.904,0.708,0.581,0.0,0.119,0.142,0
15183,48,0,9,0.915,0.346,0.973,0.0,0.597,-0.015,0
15184,60,0,8,0.793,0.45,0.805,0.25,0.325,0.137,0
15185,65,1,11,0.85,0.609,0.602,1.0,0.017,0.24,1
15186,68,0,8,0.76,0.517,0.661,0.5,0.236,-0.09,0
15187,51,1,8,0.873,0.644,0.92,0.75,0.433,0.138,0
15188,42,0,6,1.021,0.582,0.761,0.0,0.163,0.29,0
15189,35,1,8,0.815,0.561,0.913,1.0,0.213,0.177,0
15190,72,1,10,0.834,0.542,0.948,0.0,0.47,0.024,0
15191,77,1,6,0.759,0.555,0.494,0.0,0.022,0.073,0
15192,48,1,12,1.148,0.572,1.011,0.0,0.621,0.497,0
15193,32,1,5,0.827,0.474,0.527,0.0,0.046,0.204,0
15194,59,1,5,0.822,0.544,0.606,0.25,0.187,0.042,0
15195,81,1,6,1.07,0.537,0.689,0.5,0.172,0.257,0
15196,63,0,8,0.783,0.557,1.048,0.0,0.724,0.024,0
15197,56,0,11,0.957,0.468,0.7,0.75,0.276,0.218,0
15198,45,0,11,0.907,0.4,1.135,0.5,0.666,0.103,0
15199,53,0,9,0.895,0.481,0.7,0.0,0.407,0.158,0
15200,59,0,6,0.742,0.429,0.538,0.25,0.119,-0.022,0
15201,71,0,6,0.933,0.483,0.85,0.75,0.311,0.117,0
15202,63,1,4,1.052,0.668,0.611,0.0,0.082,0.472,0
15203,49,1,12,0.978,0.551,1.373,0.0,0.839,0.081,0
15204,81,1,11,0.762,0.52,0.939,0.0,0.301,0.015,0
15205,78,0,3,0.893,0.667,0.539,0.75,0.117,0.34,0
15206,36,1,9,1.037,0.618,0.774,0.25,0.182,0.291,0
15207,69,1,11,1.026,0.484,0.827,0.75,0.2,0.285,1
15208,72,1,5,0.739,0.486,0.72,0.0,-0.088,0.183,0
15209,83,0,9,0.897,0.599,0.975,0.5,0.459,0.183,0
15210,60,1,8,0.875,0.628,0.503,0.0,-0.028,-0.02,0
15211,52,0,11,1.147,0.484,0.986,0.0,0.9,0.359,0
15212,44,1,11,0.786,0.536,1.097,0.25,0.963,0.011,0
15213,71,1,3,0.911,0.704,0.312,1.0,0.116,0.15,0
15214,32,0,8,0.854,0.457,0.715,0.0,-0.129,0.079,0
15215,67,1,12,1.064,0.563,1.185,0.0,0.818,0.467,0
15216,57,0,10,0.897,0.534,0.968,0.75,0.589,-0.009,0
15217,49,0,3,0.876,0.643,0.548,0.25,0.163,0.129,0
15218,60,1,8,0.922,0.596,0.987,0.0,0.795,0.366,0
15219,39,0,3,0.785,0.527,0.409,0.0,-0.175,0.107,0
15220,62,0,5,0.752,0.538,0.608,0.0,0.003,0.028,0
15221,83,0,11,0.866,0.56,0.7,0.0,0.043,0.214,1
15222,78,1,9,0.775,0.66,0.608,0.5,-0.097,0.212,0
15223,53,1,10,0.936,0.564,0.7,1.0,0.478,0.246,0
15224,55,1,5,0.836,0.574,0.7,0.25,0.094,-0.056,0
15225,55,0,3,0.778,0.522,0.395,0.0,-0.126,0.043,0
15226,80,0,7,0.769,0.564,0.428,1.0,0.032,-0.044,0
15227,34,0,7,0.966,0.623,0.633,0.5,0.275,0.24,0
15228,76,1,12,1.011,0.58,1.035,0.0,0.528,0.347,0
15229,40,0,7,0.832,0.533,0.695,0.0,0.011,-0.168,0
15230,66,0,3,0.811,0.697,0.676,0.0,0.238,-0.137,0
15231,78,0,5,0.64,0.534,0.649,0.25,-0.006,-0.124,0
15232,45,0,3,0.823,0.549,0.388,0.25,-0.061,-0.0,0
15233,59,0,7,0.896,0.556,0.829,1.0,0.129,0.17,0
15234,50,1,6,0.803,0.622,0.847,0.0,0.09,0.17,0
15235,61,1,5,0.788,0.7,0.602,0.5,0.2,-0.027,0
15236,53,1,4,0.756,0.584,0.658,0.0,0.154,-0.01,0
15237,82,0,4,0.809,0.442,0.709,0.5,0.221,-0.172,0
15238,50,1,5,0.931,0.608,0.666,0.0,0.293,0.129,0
15239,42,0,8,1.004,0.555,0.771,0.5,0.461,0.116,0
15240,59,1,11,0.907,0.573,0.974,0.0,0.269,0.155,0
15241,60,0,12,0.904,0.578,0.957,0.5,0.572,0.074,0
15242,76,0,6,0.865,0.612,0.471,0.0,0.235,-0.111,0
15243,72,0,5,1.208,0.505,0.815,0.25,0.529,0.562,0
15244,50,0,4,0.762,0.506,0.63,0.0,0.097,0.116,0
15245,66,0,6,0.834,0.593,0.552,0.0,0.096,0.134,0
15246,46,1,4,0.871,0.578,0.67,0.75,0.162,0.073,0
15247,77,1,10,0.903,0.554,0.729,0.0,0.458,0.424,0
15248,78,0,4,0.644,0.64,0.811,0.5,-0.043,-0.283,1
15249,58,0,4,0.7,0.563,0.515,0.5,0.323,0.179,0
15250,51,1,11,1.046,0.612,0.942,0.75,0.79,0.34,0
15251,36,1,4,0.635,0.5,-0.104,0.0,-0.53,-0.258,0
15252,72,1,9,0.888,0.631,0.738,0.0,0.2,0.287,0
15253,37,1,10,1.008,0.493,0.859,0.75,0.561,0.359,0
15254,33,1,8,0.933,0.574,0.682,0.25,0.349,0.413,0
15255,64,0,6,0.803,0.643,0.757,0.0,0.03,0.159,0
15256,46,1,3,0.661,0.473,0.714,0.0,-0.157,0.013,0
15257,33,1,8,0.946,0.453,0.808,1.0,0.465,0.22,0
15258,67,1,4,0.576,0.459,0.349,1.0,0.05,-0.24,0
15259,59,1,3,0.795,0.591,0.551,1.0,-0.049,0.13,0
15260,82,0,4,0.586,0.645,0.589,0.5,0.025,-0.085,0
15261,65,1,7,0.742,0.66,0.544,1.0,0.157,-0.001,0
15262,51,1,11,0.919,0.508,1.08,0.25,0.386,0.277,0
15263,39,0,9,1.13,0.527,0.691,0.0,0.053,0.466,0
15264,57,1,6,0.793,0.597,0.622,0.5,0.242,-0.08,0
15265,39,1,12,1.045,0.517,1.257,0.5,1.026,0.238,0
15266,81,1,4,0.643,0.661,0.437,0.25,0.075,0.079,0
15267,47,1,6,0.805,0.573,0.421,0.75,-0.216,-0.097,0
15268,33,1,11,0.986,0.529,0.938,0.5,0.501,0.267,0
15269,74,1,9,0.893,0.687,0.797,0.0,0.21,0.257,0
15270,41,1,5,1.015,0.76,0.7,0.0,-0.055,0.534,0
15271,76,0,11,1.113,0.564,1.074,0.0,0.499,0.053,0
15272,59,0,5,0.606,0.507,0.518,0.0,0.451,-0.039,0
15273,72,1,4,0.727,0.465,0.648,0.75,0.389,0.118,0
15274,67,1,8,0.81,0.492,0.767,0.0,0.487,0.054,0
15275,50,1,8,0.854,0.528,0.66,0.0,-0.114,0.132,0
15276,40,0,4,1.061,0.459,0.439,0.0,-0.192,0.211,0
15277,43,1,8,0.876,0.316,0.794,0.25,0.376,0.303,0
15278,36,0,8,0.811,0.646,0.79,0.5,0.218,0.046,0
15279,70,1,12,1.046,0.7,1.043,0.0,0.439,0.241,0
15280,67,0,3,0.719,0.65,0.578,0.0,0.163,0.049,0
15281,43,1,7,0.784,0.559,0.718,0.5,0.188,0.012,0
15282,73,0,7,0.682,0.39,0.927,0.25,0.507,0.056,0
15283,35,0,5,1.017,0.656,0.367,0.75,-0.266,0.213,0
15284,41,0,4,0.872,0.601,0.486,0.0,0.22,0.34,0
15285,51,0,11,0.839,0.594,0.929,0.0,0.642,0.089,0
15286,78,1,4,0.737,0.611,0.321,0.0,-0.232,-0.208,0
15287,64,1,10,0.897,0.639,0.759,0.0,0.519,0.158,0
15288,71,0,8,1.055,0.533,0.759,0.0,0.189,0.435,0
15289,60,0,7,0.81,0.505,0.662,0.0,0.244,0.11,0
15290,33,1,10,0.986,0.647,1.054,0.0,0.567,0.236,0
15291,33,1,11,1.002,0.619,1.048,0.0,0.95,0.366,0
15292,71,0,9,0.965,0.539,0.7,1.0,0.0,0.16,0
15293,57,0,8,0.859,0.431,0.435,0.5,-0.004,0.38,0
15294,36,0,8,0.719,0.575,0.734,0.75,0.192,-0.056,0
15295,57,0,4,0.86,0.754,0.505,0.25,0.096,0.182,0
15296,70,0,4,0.869,0.587,0.503,0.5,-0.335,0.36,0
15297,56,0,12,0.989,0.42,1.081,0.5,0.268,0.322,1
15298,39,1,10,1.011,0.614,1.086,0.0,0.606,0.183,0
15299,49,0,12,0.758,0.453,0.891,0.75,0.473,0.217,0
15300,50,0,10,0.921,0.457,0.854,0.0,0.366,0.393,0
15301,54,1,6,0.694,0.577,0.545,0.0,0.116,0.082,0
15302,38,0,3,0.73,0.735,0.555,0.0,-0.141,0.034,0
15303,77,0,4,0.929,0.462,0.698,0.0,0.152,0.209,0
15304,36,1,10,0.875,0.494,0.868,0.0,0.234,0.087,0
15305,72,0,8,1.06,0.629,0.874,0.0,0.676,0.315,0
15306,47,0,10,1.08,0.554,0.791,1.0,0.566,0.269,0
15307,68,0,3,0.808,0.673,0.55,0.0,-0.14,-0.181,0
15308,82,0,3,0.754,0.514,0.531,0.0,0.243,0.008,0
15309,82,0,5,0.809,0.582,0.7,0.0,0.132,0.13,0
15310,67,0,4,0.804,0.737,0.727,1.0,0.253,0.265,0
15311,33,1,10,0.973,0.537,0.856,0.0,0.451,0.175,0
15312,84,0,4,0.678,0.594,0.476,0.0,-0.138,0.105,0
15313,56,1,3,0.659,0.635,0.502,0.0,0.012,-0.155,0
15314,64,0,3,0.627,0.487,0.384,0.0,0.11,-0.087,0
15315,62,1,3,0.504,0.737,0.666,0.0,0.294,-0.307,0
15316,38,0,12,0.964,0.509,0.962,0.25,0.561,0.114,0
15317,42,0,12,1.077,0.527,0.743,0.0,0.336,0.445,0
15318,55,1,9,0.889,0.629,1.106,0.0,0.406,0.025,0
15319,78,1,5,0.833,0.606,0.801,0.5,0.101,-0.162,1
15320,33,0,5,0.971,0.59,0.693,0.25,0.199,0.259,0
15321,32,0,12,1.052,0.457,1.002,0.25,0.756,0.454,0
15322,68,1,3,0.954,0.59,0.484,0.25,-0.398,0.165,0
15323,70,1,8,0.879,0.602,0.451,0.0,0.156,0.181,0
15324,80,0,4,0.882,0.599,0.413,0.0,-0.153,0.074,0
15325,52,0,7,0.916,0.588,0.515,0.25,0.121,0.144,0
15326,36,1,7,0.897,0.639,0.489,0.25,-0.101,0.085,0
15327,40,1,11,0.827,0.543,0.681,0.0,0.267,0.065,0
15328,41,0,11,0.833,0.488,0.979,0.5,0.494,-0.038,0
15329,83,1,7,0.84,0.458,0.7,0.0,0.263,0.171,0
15330,54,1,6,0.856,0.602,0.811,0.5,0.09,-0.024,0
15331,69,1,12,0.992,0.429,0.755,0.5,0.446,0.291,0
15332,75,1,10,0.69,0.526,0.599,0.0,-0.101,0.214,0
15333,82,1,7,0.7,0.557,0.864,0.0,0.804,-0.052,0
15334,59,1,10,0.797,0.611,0.797,0.25,0.205,0.038,0
15335,43,0,12,0.959,0.664,0.746,0.0,0.211,0.311,0
15336,48,1,12,1.074,0.581,0.561,0.0,-0.0,0.41,0
15337,49,1,11,0.791,0.611,0.812,0.0,0.355,0.235,0
15338,71,1,11,1.006,0.551,0.517,0.0,-0.022,0.178,0
15339,52,1,11,0.837,0.706,0.749,0.0,-0.022,-0.113,0
15340,33,0,10,1.033,0.543,0.742,0.75,0.303,0.296,0
15341,66,1,9,0.876,0.578,0.824,0.25,0.177,0.184,0
15342,83,0,4,0.815,0.704,0.728,0.25,0.028,0.039,0
15343,44,1,6,1.17,0.588,0.677,0.0,0.362,0.456,0
15344,48,1,3,0.563,0.544,0.73,0.75,0.019,-0.186,0
15345,35,0,4,0.701,0.638,0.598,0.0,0.115,-0.035,0
15346,78,1,7,1.107,0.66,0.735,0.0,0.148,0.365,0
15347,63,1,8,0.907,0.511,0.623,0.0,0.148,0.078,0
15348,75,1,3,0.894,0.753,0.511,0.75,0.05,0.293,0
15349,66,0,10,0.833,0.517,0.954,0.25,0.34,0.103,0
15350,52,0,4,0.602,0.655,0.725,0.0,0.373,-0.274,0
15351,72,1,12,1.098,0.483,0.897,0.0,0.328,0.321,0
15352,67,0,10,1.094,0.544,0.835,0.25,0.515,0.233,0
15353,73,0,5,0.747,0.631,0.83,0.0,0.429,-0.007,0
15354,55,0,8,0.824,0.451,0.957,1.0,0.561,0.133,0
15355,47,1,10,0.917,0.68,0.7,0.0,0.246,0.098,0
15356,47,1,10,0.855,0.518,0.547,0.0,-0.057,0.108,0
15357,32,0,5,1.087,0.614,0.764,0.0,0.599,0.445,0
15358,52,0,3,0.94,0.871,0.553,0.75,0.089,0.563,0
15359,61,1,3,0.696,0.568,0.789,0.25,0.581,0.181,0
15360,62,0,3,0.779,0.468,0.355,0.5,-0.38,-0.048,0
15361,41,1,4,0.738,0.569,0.782,0.75,0.469,-0.148,0
15362,44,0,10,0.757,0.627,1.059,1.0,0.546,0.133,0
15363,54,1,4,0.937,0.645,0.438,0.75,0.09,0.089,0
15364,65,1,7,1.047,0.579,0.7,0.0,0.18,0.347,0
15365,63,1,10,0.949,0.544,0.828,0.0,0.381,0.276,0
15366,61,0,6,0.831,0.56,0.544,0.0,0.169,0.049,0
15367,79,1,8,0.707,0.603,0.754,0.75,0.058,-0.059,0
15368,54,0,8,0.74,0.528,0.641,0.0,0.051,0.102,0
15369,74,0,8,1.013,0.512,0.692,0.25,0.315,0.314,0
15370,63,1,11,0.7,0.491,0.436,0.5,-0.149,0.092,0
15371,73,0,8,0.7,0.68,0.802,0.5,0.243,-0.015,0
15372,66,0,3,0.653,0.734,0.439,0.25,-0.261,-0.165,0
15373,36,0,8,0.773,0.58,0.45,0.25,0.154,0.154,0
15374,43,1,5,0.897,0.734,0.431,0.0,-0.132,0.235,0
15375,37,1,12,1.064,0.7,0.954,0.5,0.464,0.167,0
15376,42,0,7,0.859,0.574,0.82,0.0,0.433,0.0,0
15377,55,1,8,0.7,0.692,0.504,0.75,-0.074,-0.088,0
15378,33,1,9,0.818,0.611,0.817,0.0,0.24,0.113,1
15379,46,0,5,0.783,0.631,0.78,0.0,0.296,0.083,0
15380,75,0,5,0.839,0.601,0.676,1.0,0.236,0.083,0
15381,38,0,4,0.817,0.7,0.813,0.0,0.307,0.066,0
15382,68,0,4,0.79,0.537,0.7,0.0,0.132,0.087,0
15383,73,1,9,0.868,0.576,0.819,0.25,0.105,0.001,1
15384,31,1,8,1.017,0.541,0.749,0.75,0.164,0.426,0
15385,77,1,6,0.608,0.679,0.918,0.25,0.304,-0.336,0
15386,58,1,4,0.664,0.647,0.51,0.75,-0.349,-0.386,0
15387,72,0,6,0.839,0.518,0.799,0.0,0.231,0.016,0
15388,49,0,10,0.868,0.555,1.027,1.0,0.214,0.083,0
15389,62,0,6,0.743,0.533,0.781,0.0,0.22,-0.075,0
15390,81,0,7,1.073,0.565,0.729,0.0,0.184,0.339,0
15391,61,1,12,0.906,0.589,0.864,0.0,0.188,0.121,0
15392,43,0,7,0.81,0.63,0.819,0.25,0.443,0.11,0
15393,48,1,3,1.043,0.535,0.615,0.0,0.392,0.511,0
15394,37,1,4,0.842,0.604,0.81,0.0,-0.055,0.232,0
15395,50,1,10,1.036,0.542,0.719,0.0,0.078,0.338,0
15396,83,0,12,1.08,0.557,1.006,1.0,0.74,0.181,1
15397,60,1,7,1.003,0.705,0.776,0.0,0.254,0.323,0
15398,55,0,7,0.774,0.632,0.805,0.25,0.257,-0.057,0
15399,47,0,9,0.819,0.583,0.696,1.0,0.327,0.119,0
15400,81,0,10,1.026,0.608,0.7,0.0,0.451,0.079,0
15401,36,1,11,0.847,0.508,0.786,1.0,0.253,0.065,0
15402,62,1,4,0.878,0.598,0.561,0.25,0.129,0.08,0
15403,48,1,7,0.954,0.559,0.869,0.0,0.387,0.106,0
15404,41,1,4,0.909,0.67,0.767,0.0,0.283,0.023,0
15405,77,1,8,1.094,0.614,0.362,0.0,-0.105,0.153,0
15406,40,0,4,0.939,0.635,0.653,0.0,-0.099,0.252,0
15407,65,0,11,1.028,0.547,0.883,1.0,0.309,0.388,0
15408,61,0,3,0.674,0.558,0.729,0.0,0.494,0.006,0
15409,38,0,12,1.006,0.479,0.742,0.25,0.263,0.123,0
15410,65,0,10,0.906,0.636,0.834,0.25,0.195,0.238,0
15411,59,1,11,0.992,0.651,0.511,0.75,0.096,0.22,0
15412,83,1,12,1.017,0.44,0.852,0.0,0.08,0.245,1
15413,50,1,11,0.902,0.436,0.753,0.5,-0.008,0.002,0
15414,74,1,11,1.075,0.436,0.968,0.0,0.396,0.289,0
15415,69,1,4,0.729,0.695,0.321,0.0,-0.308,-0.111,0
15416,47,0,11,1.187,0.618,0.913,1.0,0.582,0.593,0
15417,64,0,7,0.808,0.576,0.406,0.5,-0.264,0.169,0
15418,33,0,11,0.945,0.637,0.963,0.5,0.286,0.11,0
15419,64,0,5,0.871,0.669,0.504,0.0,0.018,0.251,0
15420,37,0,6,0.708,0.713,0.626,0.0,0.303,0.25,0
15421,78,1,11,0.974,0.489,0.877,0.0,0.616,0.229,0
15422,66,1,4,0.705,0.536,0.794,0.75,0.44,-0.167,0
15423,56,1,9,0.863,0.459,0.489,0.0,-0.069,0.105,0
15424,79,0,7,0.797,0.665,0.981,0.5,0.152,0.146,0
15425,43,1,10,0.755,0.482,1.036,0.75,0.349,-0.185,0
15426,55,0,3,0.838,0.518,0.351,0.25,-0.102,0.172,0
15427,73,0,12,1.191,0.545,0.918,1.0,0.295,0.753,1
15428,60,1,3,1.02,0.488,0.621,0.0,0.164,0.412,0
15429,56,1,5,0.816,0.683,0.7,0.75,0.434,-0.079,0
15430,74,1,6,0.825,0.611,0.444,1.0,-0.078,0.114,0
15431,69,0,4,0.7,0.549,0.604,0.25,0.107,-0.181,0
15432,79,0,6,0.834,0.496,0.734,0.75,0.314,0.269,0
15433,61,0,8,0.936,0.467,0.494,0.0,0.104,-0.01,0
15434,66,1,4,0.789,0.634,0.51,0.25,-0.039,-0.071,0
15435,64,1,3,0.663,0.548,0.481,0.0,0.016,-0.108,0
15436,33,0,11,1.125,0.68,0.849,0.25,0.447,0.425,0
15437,38,0,5,0.446,0.508,0.364,0.0,-0.334,-0.241,0
15438,77,1,7,0.665,0.482,0.717,0.0,0.178,-0.027,0
15439,83,0,7,0.967,0.508,0.946,0.25,0.43,0.206,0
15440,68,0,4,0.7,0.523,0.502,0.0,0.002,-0.028,0
15441,73,1,11,0.902,0.615,1.031,0.0,0.364,0.266,0
15442,51,0,4,0.547,0.576,0.243,0.0,-0.198,-0.202,0
15443,76,1,11,1.079,0.388,0.795,0.0,0.3,0.265,1
15444,69,0,10,0.845,0.499,1.139,1.0,0.36,-0.179,1
15445,43,1,6,1.028,0.67,0.463,0.0,0.028,0.155,0
15446,46,1,8,1.062,0.494,0.468,0.0,0.214,0.362,0
15447,74,1,12,1.009,0.44,0.967,0.25,0.679,0.148,0
15448,45,0,7,0.891,0.69,0.896,0.25,0.473,0.175,0
15449,74,0,6,0.88,0.562,0.66,0.0,0.302,0.16,0
15450,52,1,5,0.784,0.673,0.937,0.5,0.474,0.084,0
15451,52,1,9,0.863,0.543,0.7,0.0,0.276,0.276,0
15452,62,0,3,0.9,0.675,0.841,0.0,0.253,0.471,0
15453,63,0,8,0.872,0.696,0.579,0.5,0.221,0.336,0
15454,77,0,4,0.801,0.456,0.727,0.0,0.275,-0.141,0
15455,38,1,7,0.976,0.42,0.688,1.0,0.02,0.109,0
15456,73,1,3,0.759,0.581,0.363,0.0,-0.114,-0.003,0
15457,59,0,12,1.078,0.491,0.857,0.0,0.613,0.412,0
15458,41,1,6,0.991,0.641,0.832,0.25,0.096,0.373,0
15459,73,1,12,0.892,0.616,0.974,0.0,0.576,0.359,0
15460,73,0,6,0.792,0.736,0.553,0.0,0.2,-0.082,0
15461,46,0,9,1.049,0.64,0.925,0.0,0.562,0.172,0
15462,44,1,11,0.957,0.516,0.848,0.0,0.327,0.125,0
15463,32,1,5,0.712,0.553,0.583,0.0,-0.306,-0.239,0
15464,57,0,12,1.012,0.673,0.939,0.0,0.638,0.22,0
15465,84,1,5,0.821,0.681,0.834,0.0,0.73,0.092,0
15466,43,1,3,0.692,0.667,0.687,0.5,0.359,0.027,0
15467,58,0,3,0.751,0.714,0.253,0.5,-0.541,0.121,0
15468,70,0,10,1.015,0.643,0.895,0.25,0.427,0.249,0
15469,64,0,5,0.72,0.581,0.505,0.0,-0.086,-0.032,0
15470,63,0,6,1.126,0.559,0.552,0.25,-0.054,0.467,0
15471,65,1,9,1.033,0.319,0.907,0.75,0.107,0.416,0
15472,43,1,8,0.804,0.672,0.7,0.75,0.208,-0.163,0
15473,43,1,12,1.076,0.574,0.758,0.0,0.344,0.295,0
15474,44,1,3,0.976,0.652,0.779,0.0,0.11,0.169,0
15475,67,0,12,0.802,0.601,0.806,0.0,0.068,-0.022,0
15476,33,1,12,1.203,0.578,0.837,1.0,0.305,0.403,0
15477,74,1,6,0.801,0.6,0.648,0.75,0.361,-0.047,0
15478,70,1,12,1.032,0.541,0.967,0.0,0.411,0.41,0
15479,40,1,8,0.916,0.496,0.885,0.5,0.416,0.225,0
15480,58,0,6,0.837,0.507,0.695,0.5,0.449,-0.099,0
15481,44,1,7,0.866,0.496,0.799,0.0,0.266,0.17,0
15482,44,1,5,0.845,0.713,0.433,0.0,0.006,0.028,0
15483,75,0,10,0.794,0.559,0.641,0.0,0.267,0.266,0
15484,75,0,3,0.734,0.595,0.824,1.0,0.252,0.008,1
15485,48,1,11,1.009,0.451,1.26,0.0,0.857,0.304,0
15486,56,0,9,0.953,0.504,0.709,0.25,0.37,0.176,0
15487,69,1,9,0.994,0.679,0.598,0.75,0.072,0.322,1
15488,76,0,6,0.762,0.515,0.681,0.0,-0.179,0.211,0
15489,82,0,8,0.877,0.684,0.792,0.0,0.336,-0.137,0
15490,70,0,9,0.887,0.565,0.642,0.5,-0.047,-0.049,0
15491,74,0,7,0.993,0.613,0.905,0.75,0.377,0.261,1
15492,34,0,6,0.938,0.539,0.541,0.75,0.165,0.125,0
15493,45,0,7,0.767,0.495,0.502,0.0,-0.24,0.056,0
15494,76,1,9,0.845,0.663,0.898,0.5,0.237,0.069,1
15495,79,1,8,1.002,0.692,0.633,0.0,0.316,0.454,0
15496,70,1,8,0.784,0.569,0.51,0.0,0.303,0.157,0
15497,57,1,8,0.909,0.582,0.929,0.75,0.511,0.131,0
15498,59,1,9,1.019,0.457,0.892,0.0,0.636,0.241,0
15499,77,0,3,0.707,0.784,0.253,0.0,-0.044,-0.009,0
15500,47,0,10,1.058,0.518,0.698,0.0,0.34,0.368,0
15501,50,0,9,0.778,0.581,0.878,0.25,0.407,0.017,0
15502,80,0,4,0.658,0.73,0.243,0.75,-0.233,0.084,0
15503,50,0,3,0.682,0.625,0.694,0.25,0.386,0.051,0
15504,53,1,4,0.696,0.7,1.02,0.5,0.516,0.015,0
15505,46,1,7,0.961,0.538,1.059,1.0,0.402,0.339,0
15506,80,1,10,0.838,0.5,0.549,0.0,0.119,0.191,0
15507,63,0,7,0.681,0.7,0.878,0.0,0.604,-0.084,0
15508,48,1,3,0.778,0.569,0.581,0.75,0.072,0.219,0
15509,31,1,5,0.785,0.677,0.569,0.0,0.072,-0.002,0
15510,78,1,10,0.999,0.428,0.845,0.25,0.145,0.244,0
15511,83,0,9,0.9,0.617,0.761,0.0,0.27,0.18,1
15512,69,1,4,0.968,0.632,0.547,0.0,0.239,0.337,0
15513,50,0,3,0.943,0.633,0.536,0.5,0.178,0.061,0
15514,66,0,7,0.909,0.637,0.565,0.0,0.201,0.25,0
15515,66,1,4,0.942,0.627,0.397,0.0,0.126,0.286,0
15516,71,1,8,0.963,0.61,0.9,0.0,0.198,0.071,0
15517,50,1,12,0.928,0.591,1.149,0.25,0.772,0.41,0
15518,81,0,6,0.876,0.608,0.456,0.25,0.202,0.034,0
15519,47,0,11,0.853,0.641,0.532,0.0,-0.199,0.211,0
15520,83,0,12,1.026,0.618,1.29,1.0,0.91,0.421,0
15521,82,1,9,0.795,0.521,0.951,0.0,0.539,-0.1,0
15522,77,1,5,0.78,0.655,0.56,0.0,0.313,0.055,0
15523,60,0,8,0.858,0.793,0.671,1.0,0.087,0.12,0
15524,70,0,10,0.913,0.548,0.777,0.0,0.137,0.134,0
15525,57,1,9,0.7,0.611,0.758,0.0,-0.034,-0.071,0
15526,75,0,4,0.816,0.715,0.715,0.25,0.341,0.019,0
15527,56,0,9,0.902,0.694,0.707,0.0,0.121,0.29,0
15528,56,0,3,0.785,0.57,0.546,1.0,0.016,0.212,0
15529,53,0,3,0.776,0.538,0.615,0.0,0.37,0.141,0
15530,34,1,11,0.924,0.583,1.069,0.25,0.438,0.063,0
15531,62,0,9,0.916,0.54,0.75,1.0,0.018,0.023,0
15532,31,1,5,0.479,0.655,0.642,0.5,0.043,-0.294,0
15533,82,1,3,0.92,0.661,0.589,0.25,0.082,0.096,1
15534,44,1,5,0.71,0.531,0.604,0.0,0.372,0.023,0
15535,44,0,8,1.128,0.596,0.429,0.0,-0.231,0.473,0
15536,61,0,4,0.732,0.598,0.7,0.25,0.449,0.054,0
15537,48,1,4,0.626,0.572,0.591,0.5,0.343,0.066,0
15538,71,1,6,0.664,0.57,0.787,0.75,0.409,-0.024,0
15539,52,0,3,0.671,0.711,0.712,1.0,0.331,-0.082,0
15540,69,1,10,0.883,0.45,0.802,0.75,0.444,0.164,0
15541,62,0,3,0.741,0.637,0.401,0.5,-0.299,-0.081,0
15542,74,1,4,0.637,0.771,0.506,0.0,0.265,0.004,0
15543,60,0,10,0.81,0.553,0.757,0.0,0.319,0.146,0
15544,40,0,3,0.717,0.635,0.272,0.25,-0.399,0.017,0
15545,77,0,12,1.107,0.527,0.921,1.0,0.708,0.361,0
15546,42,0,4,0.892,0.578,0.772,0.5,0.447,0.439,0
15547,67,1,6,0.682,0.657,0.716,0.25,0.328,0.03,0
15548,54,1,8,0.996,0.583,0.775,0.5,0.129,0.11,0
15549,54,0,4,0.879,0.59,0.782,0.75,0.353,0.179,0
15550,45,0,5,0.68,0.708,0.422,0.5,0.019,0.007,0
15551,75,0,6,0.938,0.468,0.602,0.25,0.022,0.146,0
15552,36,1,7,0.906,0.782,1.04,0.0,0.469,0.08,0
15553,31,0,10,0.94,0.7,0.777,0.0,0.43,0.341,0
15554,41,0,3,0.669,0.803,0.543,0.75,-0.028,0.022,0
15555,62,0,12,1.045,0.663,0.77,1.0,0.127,0.111,0
15556,83,1,12,0.833,0.55,1.062,0.25,0.651,0.108,1
15557,62,0,6,0.735,0.619,0.917,0.0,0.383,-0.051,0
15558,74,1,6,0.906,0.503,0.867,0.5,0.617,0.095,0
15559,64,1,4,0.998,0.717,0.447,0.0,0.057,0.35,0
15560,53,0,10,0.937,0.527,0.859,0.75,0.408,0.126,0
15561,84,0,7,0.852,0.681,0.606,0.0,-0.094,0.237,1
15562,57,1,9,0.973,0.577,0.711,1.0,0.215,0.251,0
15563,63,0,3,0.931,0.655,0.415,0.0,-0.062,0.12,0
15564,41,0,7,0.784,0.429,0.755,1.0,0.361,0.061,0
15565,72,1,9,0.852,0.526,0.705,0.0,0.299,0.04,0
15566,53,0,11,1.081,0.486,0.696,0.0,0.213,0.241,0
15567,34,1,12,1.133,0.593,0.842,0.5,0.093,0.351,0
15568,58,1,12,0.865,0.648,0.875,0.0,0.557,0.18,0
15569,69,0,11,1.065,0.489,0.774,0.25,0.254,0.295,0
15570,77,0,3,0.814,0.539,0.189,0.0,-0.311,-0.004,0
15571,46,0,4,0.687,0.599,0.46,1.0,0.12,-0.26,0
15572,56,0,10,0.905,0.614,0.854,0.25,0.35,0.204,0
15573,46,1,7,0.763,0.536,0.57,0.0,0.354,-0.058,0
15574,70,1,12,1.09,0.58,0.968,0.0,0.467,0.39,0
15575,81,0,6,0.976,0.446,0.814,0.75,0.25,0.498,1
15576,55,1,8,0.834,0.481,0.581,0.75,0.0,0.208,0
15577,48,0,9,0.921,0.639,0.735,0.5,0.244,0.214,0
15578,75,0,8,0.7,0.542,0.855,0.0,0.239,-0.062,0
15579,33,1,12,0.98,0.606,0.943,0.25,0.604,0.161,0
15580,81,1,6,0.754,0.532,0.368,0.5,-0.152,-0.108,0
15581,72,1,7,0.66,0.656,0.689,0.5,0.065,-0.201,0
15582,55,1,6,0.803,0.579,0.728,0.0,0.227,0.143,0
15583,75,0,4,0.7,0.451,0.894,0.75,0.315,0.082,1
15584,72,0,11,0.913,0.594,0.705,0.25,0.369,0.062,0
15585,81,1,3,0.925,0.7,0.362,1.0,-0.25,0.06,0
15586,64,1,6,0.76,0.57,0.376,0.0,0.105,0.155,0
15587,54,0,8,1.146,0.673,0.865,0.0,0.266,0.597,0
15588,60,0,7,0.872,0.497,0.464,0.0,0.062,0.055,0
15589,53,0,4,0.627,0.726,0.504,0.5,-0.201,-0.242,0
15590,83,0,10,0.915,0.446,1.008,0.5,0.685,0.074,1
15591,60,0,4,0.831,0.383,0.617,0.0,0.292,0.065,0
15592,56,0,9,0.838,0.54,0.92,0.0,0.504,0.059,0
15593,74,0,5,0.871,0.633,0.664,1.0,0.344,0.02,0
15594,81,1,11,0.766,0.669,0.934,0.25,0.266,-0.082,1
15595,61,0,6,0.918,0.7,0.658,0.0,0.368,0.256,0
15596,47,0,7,0.76,0.538,0.647,0.0,0.322,-0.067,0
15597,38,0,6,0.834,0.715,0.516,0.0,0.234,0.228,0
15598,42,1,8,1.037,0.504,0.591,0.75,0.12,0.2,0
15599,80,1,4,0.831,0.615,0.734,0.0,0.611,0.162,1
15600,38,0,7,0.968,0.457,0.091,0.0,-0.737,0.214,0
15601,59,0,11,1.009,0.583,0.979,0.0,0.47,0.312,0
15602,56,0,10,0.951,0.524,1.092,0.75,0.754,0.149,0
15603,41,0,12,1.022,0.47,0.699,0.0,0.193,0.398,0
15604,68,0,7,0.852,0.511,0.578,0.0,-0.122,-0.058,0
15605,82,1,6,0.735,0.601,0.719,0.25,0.373,0.161,0
15606,35,1,7,0.7,0.613,0.74,0.0,0.262,0.087,0
15607,58,1,4,0.591,0.752,0.708,0.75,0.313,-0.378,0
15608,30,1,6,0.749,0.441,0.638,1.0,0.03,-0.181,0
15609,65,1,7,0.79,0.55,0.965,0.25,0.289,0.198,0
15610,74,0,7,0.859,0.617,0.496,0.75,0.053,0.084,0
15611,30,1,3,0.938,0.529,0.51,0.0,-0.129,0.162,0
15612,53,1,4,0.736,0.516,0.824,0.0,0.298,0.071,0
15613,32,0,9,0.775,0.665,0.649,0.0,0.358,-0.042,0
15614,66,0,11,0.96,0.541,1.234,0.5,0.867,0.178,0
15615,42,0,10,1.023,0.438,0.83,0.0,0.311,0.218,0
15616,52,1,7,0.822,0.672,0.847,0.5,0.405,0.023,0
15617,45,1,4,0.769,0.75,0.677,0.25,0.285,0.023,0
15618,72,0,9,0.7,0.52,0.654,0.0,-0.155,-0.047,0
15619,81,0,3,0.853,0.6,0.501,0.0,-0.05,0.031,0
15620,61,1,3,0.736,0.705,0.537,0.5,-0.163,0.133,0
15621,57,1,8,1.125,0.593,0.832,0.25,0.296,0.272,0
15622,43,0,11,0.87,0.505,0.797,0.0,0.377,0.407,0
15623,44,1,8,0.855,0.595,0.796,0.5,0.417,0.05,0
15624,40,1,5,0.708,0.602,0.803,0.0,0.282,-0.122,0
15625,35,0,6,0.955,0.59,0.739,0.5,0.296,0.267,0
15626,76,0,11,0.912,0.46,0.891,0.5,0.32,-0.002,0
15627,60,0,12,0.882,0.526,0.882,0.0,0.313,0.237,0
15628,59,0,6,0.744,0.5,0.992,0.75,0.292,-0.146,0
15629,37,0,4,0.722,0.63,0.431,0.0,-0.224,0.065,0
15630,69,1,10,0.956,0.568,0.662,0.0,0.085,0.102,0
15631,79,0,9,0.871,0.456,0.664,0.0,0.186,0.218,0
15632,32,1,6,0.99,0.599,0.472,0.0,-0.191,0.147,0
15633,59,0,11,0.7,0.566,0.9,0.5,0.442,-0.137,0
15634,67,0,4,0.776,0.612,0.322,1.0,-0.529,0.122,0
15635,64,1,4,0.74,0.777,0.554,0.0,0.242,-0.033,0
15636,60,1,10,0.782,0.704,1.115,0.0,0.556,0.106,0
15637,66,1,11,0.864,0.529,0.988,0.75,0.793,-0.085,0
15638,35,0,5,0.756,0.538,0.672,0.0,0.306,0.147,0
15639,62,0,9,1.011,0.562,0.913,0.0,0.462,0.481,0
15640,53,0,9,0.913,0.655,0.735,0.0,0.26,-0.088,0
15641,30,1,12,0.924,0.621,0.982,0.0,0.531,0.202,0
15642,60,0,11,0.944,0.433,0.859,0.0,0.147,0.244,0
15643,54,0,3,0.605,0.648,0.787,0.0,0.228,-0.14,0
15644,56,0,8,0.737,0.703,0.394,0.5,-0.092,0.114,0
15645,73,1,4,0.703,0.623,0.546,0.5,-0.021,-0.033,0
15646,55,1,9,1.129,0.7,0.723,0.0,0.267,0.536,0
15647,48,0,8,0.893,0.606,0.686,0.0,0.289,0.267,0
15648,39,0,10,1.022,0.587,0.635,1.0,0.232,0.294,0
15649,38,0,12,1.032,0.58,0.943,0.5,0.439,0.329,0
15650,65,0,10,0.919,0.603,0.966,1.0,0.362,0.149,0
15651,57,0,4,0.682,0.675,0.602,0.0,-0.041,-0.03,0
15652,31,1,10,1.007,0.667,1.033,0.0,0.679,0.117,0
15653,42,1,12,0.934,0.546,0.764,0.0,-0.033,0.006,0
15654,52,0,10,1.053,0.61,0.441,0.0,0.098,0.311,0
15655,74,0,4,0.814,0.638,0.436,0.0,0.085,-0.048,0
15656,52,0,6,0.976,0.614,0.333,0.25,-0.318,0.097,0
15657,72,0,8,0.904,0.655,1.193,0.0,0.662,0.225,0
15658,50,0,11,1.078,0.619,0.88,0.0,0.57,0.268,0
15659,54,0,5,0.985,0.577,0.313,0.25,-0.033,0.166,0
15660,32,0,5,1.043,0.641,0.7,0.0,0.18,0.376,0
15661,66,1,7,0.595,0.7,0.881,0.0,0.833,-0.221,0
15662,31,1,12,0.854,0.684,0.642,0.5,0.233,0.154,0
15663,55,0,5,0.74,0.528,0.744,0.0,0.395,-0.057,0
15664,71,0,8,1.035,0.539,0.635,0.0,-0.065,0.164,0
15665,55,1,3,0.706,0.681,0.752,0.25,0.147,0.006,0
15666,73,1,3,0.782,0.676,0.538,0.0,0.202,0.07,0
15667,54,0,6,0.561,0.614,0.648,1.0,0.223,-0.242,0
15668,73,1,11,0.952,0.709,0.698,0.5,0.468,0.245,0
15669,56,1,8,0.998,0.486,0.58,0.0,0.285,0.215,0
15670,78,1,9,0.72,0.553,0.845,0.0,0.182,0.009,0
15671,60,0,10,1.003,0.555,0.633,0.75,0.106,0.178,0
15672,67,0,7,0.788,0.7,0.456,0.5,0.181,0.178,0
15673,70,0,10,1.055,0.59,0.873,0.5,0.313,0.381,0
15674,36,1,12,1.165,0.564,0.859,0.5,0.133,0.591,0
15675,45,1,5,0.942,0.547,0.524,0.25,-0.073,0.136,0
15676,39,0,5,0.825,0.661,0.609,0.0,0.074,-0.093,0
15677,43,1,5,0.922,0.733,0.663,0.0,0.145,0.434,0
15678,74,0,10,1.012,0.514,0.369,0.0,-0.101,0.168,0
15679,44,1,7,0.73,0.535,0.276,0.0,-0.369,-0.028,0
15680,76,1,10,0.7,0.553,0.795,0.0,0.09,-0.298,0
15681,84,0,12,1.058,0.566,0.993,0.0,0.642,0.287,0
15682,57,1,3,0.752,0.6,0.299,0.75,-0.2,-0.177,0
15683,57,1,3,0.7,0.536,0.619,0.0,-0.207,0.144,0
15684,77,1,3,1.014,0.564,0.822,0.0,0.25,0.228,0
15685,44,1,7,1.02,0.537,0.823,0.25,0.476,0.328,0
15686,55,1,7,0.82,0.621,0.763,0.0,0.484,0.157,0
15687,46,1,12,1.051,0.445,0.702,0.0,0.055,0.279,0
15688,36,0,7,0.728,0.537,0.751,0.75,0.403,-0.219,0
15689,62,0,11,0.859,0.545,0.7,0.0,0.0,0.412,0
15690,38,1,10,0.757,0.433,0.7,0.0,0.022,0.057,0
15691,50,0,5,0.815,0.549,0.821,0.5,0.466,0.053,0
15692,41,0,6,1.039,0.579,0.897,0.0,0.335,0.172,0
15693,39,1,5,0.747,0.588,0.542,0.0,-0.12,-0.021,0
15694,51,0,6,0.933,0.651,0.681,0.0,-0.019,0.19,0
15695,72,0,12,0.7,0.563,0.651,0.25,0.277,-0.395,0
15696,75,0,3,0.73,0.691,0.893,0.0,0.541,0.048,0
15697,68,1,4,0.773,0.562,0.479,1.0,-0.026,0.066,0
15698,48,0,3,0.95,0.519,0.762,0.25,0.546,0.04,0
15699,46,0,3,0.782,0.803,0.417,0.25,0.129,0.167,0
15700,73,0,5,0.908,0.557,0.59,0.0,0.152,0.145,0
15701,64,0,9,1.213,0.652,0.612,0.0,0.382,0.518,0
15702,67,1,9,0.867,0.487,0.801,0.0,0.436,0.037,0
15703,52,1,3,0.622,0.613,0.555,1.0,0.025,-0.165,0
15704,75,0,7,0.674,0.583,0.713,0.0,0.525,0.009,1
15705,69,0,12,0.843,0.471,0.598,0.0,-0.082,0.289,0
15706,78,0,8,0.809,0.657,0.875,0.75,0.468,0.048,0
15707,42,0,9,1.11,0.447,0.792,0.5,0.297,0.588,0
15708,80,0,6,0.814,0.667,0.578,0.0,-0.003,0.037,0
15709,82,1,4,0.691,0.649,0.624,0.0,0.094,-0.002,0
15710,70,0,11,0.919,0.7,0.819,0.0,0.537,0.133,0
15711,81,1,4,0.887,0.582,0.655,0.0,-0.177,0.025,0
15712,53,0,7,0.854,0.559,0.824,0.0,0.451,-0.03,0
15713,70,0,6,0.815,0.7,0.651,0.5,0.139,0.058,0
15714,70,1,12,0.95,0.62,0.83,1.0,0.604,0.242,1
15715,71,1,6,0.804,0.626,0.648,0.5,-0.01,-0.139,0
15716,46,1,12,0.926,0.561,1.059,0.25,0.76,0.329,0
15717,43,0,8,0.738,0.501,0.824,0.0,0.26,-0.0,0
15718,53,1,4,0.743,0.572,0.854,1.0,0.329,-0.05,0
15719,62,0,12,1.062,0.651,1.232,0.0,0.927,0.454,0
15720,82,0,5,0.898,0.618,0.498,0.0,0.053,0.151,0
15721,45,1,8,0.93,0.7,0.877,0.0,0.493,0.099,0
15722,31,1,11,1.004,0.527,0.849,0.0,0.252,0.037,0
15723,54,1,9,1.122,0.621,0.93,0.0,0.749,0.229,0
15724,81,1,11,0.901,0.466,0.904,0.5,0.52,-0.022,1
15725,51,1,10,1.12,0.633,0.99,0.0,0.744,0.415,0
15726,38,1,12,1.095,0.557,0.758,0.0,0.435,0.245,0
15727,38,1,5,0.89,0.707,0.7,0.0,0.14,0.104,0
15728,64,1,6,0.886,0.494,0.924,0.75,0.659,0.12,0
15729,38,0,8,0.764,0.644,0.772,0.5,0.195,0.021,0
15730,43,0,7,0.869,0.523,0.7,0.0,0.136,-0.166,0
15731,50,0,6,0.948,0.529,0.794,0.25,0.256,0.218,0
15732,58,0,4,1.048,0.541,0.39,0.25,-0.045,0.138,0
15733,36,1,4,0.874,0.639,0.631,0.0,0.323,0.139,0
15734,77,1,5,0.708,0.627,0.38,1.0,-0.149,-0.132,0
15735,70,0,9,0.873,0.553,0.855,0.25,0.58,0.151,0
15736,83,0,9,1.11,0.595,0.594,0.0,0.117,0.404,0
15737,46,1,3,0.838,0.7,0.401,0.0,0.117,0.175,0
15738,32,1,9,0.963,0.713,0.503,0.25,0.17,0.215,0
15739,72,1,6,0.78,0.575,0.794,0.0,0.421,0.07,0
15740,31,1,6,0.848,0.554,0.387,0.5,-0.243,0.368,0
15741,57,1,7,0.892,0.605,0.512,0.25,0.205,0.245,0
15742,60,1,6,1.005,0.651,0.614,0.5,-0.076,0.253,0
15743,41,1,6,0.801,0.541,0.574,0.0,-0.257,0.05,0
15744,68,1,10,0.7,0.662,0.991,0.0,0.315,0.055,0
15745,54,0,12,1.071,0.567,1.231,0.0,0.64,0.301,0
15746,42,1,7,0.705,0.789,0.551,0.0,0.14,-0.14,0
15747,54,0,3,0.791,0.657,0.516,0.0,0.086,-0.19,0
15748,38,1,8,0.917,0.622,0.606,0.5,-0.063,0.105,0
15749,75,0,4,0.7,0.609,0.699,0.0,0.342,-0.059,0
15750,46,0,6,0.876,0.568,0.563,1.0,0.052,0.033,0
15751,76,0,7,0.54,0.53,0.626,0.0,-0.074,-0.184,0
15752,56,1,8,0.943,0.589,0.61,0.5,0.387,0.209,0
15753,77,1,5,0.828,0.579,0.389,0.0,-0.145,0.258,0
15754,80,0,4,0.876,0.666,0.826,1.0,0.422,0.318,0
15755,69,1,7,0.974,0.628,0.484,0.0,-0.282,0.09,0
15756,40,1,11,0.899,0.573,0.828,0.75,0.284,0.167,0
15757,69,0,11,0.879,0.46,1.126,0.25,0.559,0.203,0
15758,60,0,12,1.126,0.492,0.966,0.0,0.759,0.382,0
15759,53,1,5,0.915,0.529,0.899,0.0,0.305,0.212,0
15760,49,0,10,1.048,0.564,0.748,0.0,0.46,0.488,0
15761,49,1,3,0.795,0.546,0.463,0.0,0.091,0.285,0
15762,36,1,3,0.731,0.556,0.534,1.0,-0.111,-0.173,0
15763,60,0,12,0.98,0.462,0.698,1.0,0.122,0.277,1
15764,83,1,11,0.899,0.512,0.668,1.0,0.201,0.184,0
15765,63,1,12,1.005,0.476,0.656,0.0,0.462,0.31,0
15766,44,1,5,0.794,0.653,0.517,0.25,-0.193,-0.038,0
15767,63,1,12,0.977,0.592,0.692,0.0,0.287,0.179,0
15768,46,1,8,0.835,0.494,0.761,0.0,0.182,0.246,0
15769,58,1,10,0.893,0.578,1.007,0.25,0.266,-0.033,0
15770,32,1,5,0.658,0.525,0.471,0.0,-0.266,-0.197,0
15771,40,0,8,0.837,0.754,0.452,0.5,0.071,0.173,0
15772,37,0,3,0.742,0.494,0.625,0.0,0.15,0.019,0
15773,48,0,4,0.738,0.565,0.487,1.0,0.073,-0.054,0
15774,34,1,6,0.787,0.568,0.455,0.5,0.239,0.016,0
15775,56,1,10,0.817,0.619,0.737,0.0,0.003,0.063,0
15776,81,0,9,1.039,0.559,0.937,0.0,0.906,0.233,0
15777,74,0,11,0.798,0.44,1.119,0.0,0.671,0.086,0
15778,74,0,6,0.843,0.615,0.652,0.5,0.376,0.207,0
15779,55,0,8,0.879,0.644,0.695,0.5,0.147,-0.002,0
15780,62,0,5,0.896,0.55,0.505,0.0,0.133,0.197,0
15781,54,1,9,0.782,0.666,0.868,0.25,0.322,0.086,0
15782,40,1,10,0.713,0.55,0.539,0.0,0.292,-0.181,0
15783,77,0,12,0.888,0.4,0.663,0.0,0.441,0.218,0
15784,78,0,5,0.82,0.549,0.583,0.75,0.017,0.117,0
15785,51,1,4,0.687,0.648,0.593,0.25,-0.047,-0.152,0
15786,76,1,5,1.012,0.718,0.591,0.0,0.153,-0.044,0
15787,68,1,4,0.715,0.602,0.518,0.0,0.078,0.036,0
15788,66,0,11,0.922,0.618,0.7,0.5,0.204,0.202,0
15789,62,1,5,0.755,0.509,0.585,0.0,0.143,-0.016,0
15790,48,1,11,0.775,0.448,0.697,0.25,0.161,0.048,0
15791,75,0,10,0.949,0.666,0.414,0.25,-0.003,0.266,0
15792,41,0,10,0.7,0.468,0.79,0.0,0.545,0.094,0
15793,79,0,4,0.833,0.504,0.487,0.0,0.039,0.151,0
15794,49,1,10,0.764,0.647,0.619,0.0,0.097,0.026,0
15795,44,1,4,0.769,0.613,0.373,0.0,-0.254,0.053,0
15796,33,1,4,0.677,0.661,0.398,0.0,-0.082,-0.031,0
15797,34,0,10,0.935,0.584,0.653,0.0,0.377,0.274,0
15798,80,1,8,0.845,0.614,0.844,0.25,0.501,0.199,0
15799,31,0,6,0.76,0.53,0.715,0.0,0.176,0.245,0
15800,63,0,8,0.837,0.569,0.479,0.0,0.067,0.043,0
15801,63,0,4,0.589,0.609,0.671,0.25,0.267,-0.031,0
15802,32,1,7,0.666,0.628,0.676,0.75,0.498,-0.092,0
15803,55,1,9,0.938,0.388,0.956,0.0,0.661,0.104,0
15804,58,0,11,0.926,0.48,1.222,1.0,0.597,0.113,0
15805,53,1,11,0.838,0.597,0.615,0.25,0.19,0.257,0
15806,43,0,12,0.962,0.373,0.96,1.0,0.528,0.184,1
15807,76,1,7,0.738,0.474,0.613,0.0,0.202,-0.119,0
15808,53,0,8,0.951,0.573,0.557,0.0,0.03,0.114,0
15809,34,0,4,0.785,0.579,0.431,1.0,-0.14,-0.064,0
15810,57,0,3,0.711,0.654,0.867,0.0,0.279,-0.202,0
15811,77,0,6,1.001,0.7,0.71,0.0,0.153,0.304,0
15812,53,1,7,0.985,0.557,0.72,0.0,0.11,0.167,0
15813,61,0,4,0.717,0.601,0.766,0.0,0.373,0.044,0
15814,52,0,6,0.742,0.565,0.656,0.0,0.067,0.024,0
15815,83,0,5,0.938,0.795,0.578,1.0,-0.071,0.226,0
15816,36,0,5,0.891,0.681,0.92,0.25,0.438,0.256,0
15817,44,0,7,0.956,0.572,0.534,0.25,0.186,0.449,0
15818,68,1,3,0.703,0.565,0.616,0.0,0.184,-0.2,0
15819,62,1,12,0.909,0.444,1.157,0.5,0.67,0.095,1
15820,51,0,5,0.875,0.61,0.816,0.75,0.17,0.048,0
15821,73,1,6,0.935,0.523,0.509,0.5,0.2,0.207,0
15822,36,0,4,0.953,0.55,0.596,0.75,0.451,0.316,0
15823,56,1,12,0.973,0.481,1.143,0.25,0.443,0.132,0
15824,79,1,3,0.856,0.7,0.395,0.0,0.017,0.041,0
15825,38,0,3,0.665,0.704,0.234,0.75,-0.551,-0.123,0
15826,45,1,9,0.793,0.542,1.024,1.0,0.645,-0.108,0
15827,44,1,4,0.868,0.596,0.639,0.0,0.051,0.193,0
15828,65,0,10,0.861,0.579,0.786,1.0,0.16,0.027,0
15829,33,1,8,0.729,0.386,0.756,0.0,0.211,0.041,0
15830,50,1,6,0.728,0.592,0.582,0.0,-0.251,0.06,0
15831,35,1,10,0.805,0.636,0.79,0.0,0.492,-0.034,0
15832,64,1,5,0.576,0.613,0.629,0.0,0.198,-0.067,0
15833,69,0,6,0.73,0.532,0.7,0.0,0.184,-0.32,0
15834,30,1,10,0.975,0.594,0.704,0.0,0.095,0.229,0
15835,39,0,3,0.75,0.654,0.339,0.0,-0.242,0.096,0
15836,81,0,4,0.686,0.73,0.409,1.0,-0.404,-0.206,0
15837,52,1,5,0.707,0.601,0.259,0.25,-0.038,-0.142,0
15838,58,0,5,0.7,0.556,0.628,0.0,0.073,0.119,0
15839,64,0,4,0.798,0.587,0.703,0.0,0.305,-0.067,0
15840,32,0,10,1.057,0.491,1.095,0.0,0.476,0.375,0
15841,37,1,9,0.907,0.725,0.956,0.0,0.349,0.282,0
15842,38,0,7,1.013,0.549,0.992,0.75,0.428,0.341,0
15843,60,1,9,0.935,0.745,0.669,1.0,0.491,0.195,0
15844,81,1,8,0.936,0.617,0.946,0.0,0.909,0.188,0
15845,40,1,11,0.863,0.608,0.633,0.0,0.048,0.091,0
15846,80,1,4,0.634,0.648,0.689,0.25,-0.011,-0.133,0
15847,82,0,10,0.977,0.544,0.618,0.25,0.221,-0.135,0
15848,81,0,8,0.882,0.483,0.848,0.0,0.348,0.216,0
15849,66,0,6,1.048,0.589,0.529,0.0,0.112,0.164,0
15850,49,0,12,0.854,0.551,0.805,1.0,0.227,0.093,0
15851,57,0,11,1.109,0.53,0.829,0.25,0.465,0.273,0
15852,51,1,8,1.091,0.66,0.548,0.0,0.109,0.411,0
15853,30,1,7,0.869,0.57,0.521,0.0,-0.285,0.036,0
15854,84,0,9,0.922,0.578,0.723,0.25,0.193,0.27,0
15855,52,1,4,0.616,0.599,0.394,0.75,0.207,-0.087,0
15856,31,0,3,0.697,0.582,0.78,0.0,0.65,-0.027,0
15857,76,1,12,0.753,0.516,1.061,0.25,0.854,0.086,0
15858,61,1,5,0.948,0.523,0.888,0.25,0.306,0.335,0
15859,68,1,10,1.113,0.525,0.798,0.0,0.362,0.493,0
15860,65,0,9,0.947,0.561,0.915,1.0,0.43,0.248,0
15861,69,0,7,1.065,0.664,0.609,0.25,0.264,0.215,0
15862,67,0,10,0.873,0.594,0.274,0.5,-0.19,0.02,0
15863,70,1,12,1.03,0.507,0.817,0.0,0.409,0.129,0
15864,34,0,3,0.854,0.636,0.542,0.0,0.148,0.272,0
15865,50,1,8,0.79,0.429,0.967,0.75,0.268,0.0,0
15866,45,0,6,0.687,0.488,0.729,0.5,0.329,-0.145,0
15867,75,0,4,1.016,0.522,0.576,0.0,0.237,0.204,0
15868,44,1,6,0.838,0.567,0.373,0.0,0.003,0.013,0
15869,49,0,10,0.759,0.673,0.644,0.0,0.029,-0.019,0
15870,61,0,5,1.053,0.567,0.855,0.5,0.56,0.53,0
15871,42,0,6,0.822,0.542,0.716,0.0,0.089,-0.065,0
15872,42,1,7,0.819,0.568,0.938,0.0,0.498,0.107,0
15873,63,0,11,0.936,0.557,0.773,0.0,0.516,0.162,0
15874,67,1,3,0.784,0.759,0.831,0.25,0.007,0.084,0
15875,54,0,7,1.055,0.661,0.628,0.0,0.353,0.222,0
15876,39,0,4,0.959,0.596,0.767,0.0,0.514,0.284,0
15877,52,0,8,0.953,0.662,0.859,0.0,0.426,0.16,0
15878,41,1,8,0.802,0.52,0.545,0.25,0.007,0.078,0
15879,42,0,11,0.977,0.6,0.751,0.0,0.425,0.132,0
15880,55,0,3,0.798,0.55,0.287,0.0,-0.025,-0.332,0
15881,32,0,9,0.925,0.631,0.574,0.0,-0.111,0.301,0
15882,48,0,11,0.943,0.598,0.632,0.75,0.253,0.276,0
15883,33,1,5,0.622,0.527,0.529,0.0,0.091,-0.159,0
15884,55,0,4,0.818,0.641,0.588,0.0,0.2,0.033,0
15885,59,1,12,0.836,0.558,0.95,1.0,0.684,-0.04,1
15886,55,1,10,0.937,0.605,0.764,0.0,0.434,0.201,0
15887,48,0,6,0.86,0.554,0.64,0.5,0.327,0.013,0
15888,38,0,10,0.827,0.605,0.833,0.0,0.136,0.18,0
15889,36,0,9,1.02,0.483,0.833,0.75,0.645,0.357,0
15890,53,1,8,0.759,0.604,0.631,0.0,-0.016,-0.092,0
15891,34,1,4,1.024,0.681,0.592,0.0,0.001,0.154,0
15892,37,1,8,0.836,0.582,0.68,0.0,0.143,-0.004,0
15893,48,1,9,1.054,0.521,0.944,0.5,0.485,0.185,0
15894,81,0,12,0.869,0.442,0.944,0.25,0.297,0.097,1
15895,77,0,3,0.831,0.738,0.811,1.0,0.303,-0.016,0
15896,50,1,9,0.905,0.607,0.887,0.0,0.684,0.179,0
15897,69,0,6,0.88,0.628,0.806,0.0,0.398,0.125,0
15898,82,0,12,0.814,0.568,1.049,1.0,0.799,-0.048,0
15899,34,0,12,0.999,0.407,0.842,0.0,0.172,0.13,0
15900,37,0,12,0.894,0.46,1.108,0.0,0.728,-0.159,0
15901,76,1,10,0.835,0.543,1.066,0.0,0.712,0.087,0
15902,30,0,12,1.025,0.457,0.965,0.75,0.618,-0.022,0
15903,54,0,8,0.9,0.646,0.876,0.0,0.374,0.141,0
15904,68,1,9,0.868,0.723,1.061,0.0,0.694,-0.042,0
15905,36,1,10,0.905,0.481,0.833,0.0,0.381,0.214,0
15906,60,1,4,0.867,0.504,0.434,0.5,-0.019,0.366,0
15907,66,0,5,0.795,0.557,0.811,0.0,0.322,0.188,0
15908,41,1,5,0.777,0.515,0.445,0.0,-0.139,-0.053,0
15909,33,1,8,0.846,0.547,0.826,0.5,0.092,-0.021,0
15910,33,0,3,0.724,0.717,0.433,1.0,-0.155,-0.115,0
15911,69,0,8,0.853,0.653,0.745,0.0,0.547,0.142,0
15912,75,1,8,0.857,0.578,1.007,0.75,0.248,-0.052,1
15913,76,0,9,0.896,0.548,0.636,0.0,-0.064,0.196,0
15914,49,1,6,0.961,0.554,0.312,0.75,-0.218,0.207,0
15915,83,0,12,1.051,0.502,0.85,0.0,0.103,0.343,0
15916,69,0,9,0.802,0.507,0.796,0.0,0.215,0.133,0
15917,53,1,3,0.725,0.521,0.643,0.5,-0.057,-0.226,0
15918,38,1,8,0.889,0.657,0.75,0.0,0.243,0.357,0
15919,30,0,3,0.628,0.586,0.757,0.0,0.378,-0.002,0
15920,84,0,4,0.676,0.447,0.412,0.0,-0.008,-0.094,0
15921,54,1,9,0.983,0.697,0.607,0.0,0.154,0.202,0
15922,76,0,8,1.057,0.63,0.837,0.0,0.691,0.251,0
15923,68,1,9,0.904,0.578,0.863,0.0,0.394,-0.031,0
15924,69,1,12,0.923,0.7,1.267,0.0,0.398,0.16,0
15925,45,1,8,0.7,0.607,1.081,0.0,0.636,-0.185,0
15926,60,1,11,1.135,0.374,1.133,0.0,0.753,0.444,1
15927,81,1,9,0.842,0.63,0.875,0.0,0.168,0.041,0
15928,38,1,9,0.932,0.572,0.944,0.75,0.57,0.217,0
15929,49,0,11,0.726,0.464,0.865,0.0,0.495,0.092,0
15930,79,0,3,0.848,0.518,0.445,0.5,0.326,0.152,0
15931,77,1,6,0.92,0.705,0.608,1.0,0.117,0.193,0
15932,57,1,3,0.662,0.585,0.736,0.0,0.327,-0.232,0
15933,45,1,7,0.764,0.646,0.67,0.0,0.127,-0.022,0
15934,30,0,8,0.904,0.471,0.7,0.25,0.43,0.133,0
15935,38,0,11,1.201,0.557,0.691,0.0,0.174,0.627,0
15936,74,0,4,0.76,0.629,0.721,0.0,0.015,-0.199,0
15937,67,1,10,1.052,0.568,0.761,0.0,0.221,0.253,0
15938,68,1,12,0.927,0.497,1.018,0.0,0.717,0.302,0
15939,55,1,12,1.1,0.398,1.252,0.0,0.373,0.34,0
15940,82,1,10,0.661,0.476,0.703,0.5,0.327,-0.018,0
15941,48,0,9,0.778,0.447,0.593,0.0,0.426,0.016,0
15942,68,1,8,0.788,0.569,0.388,0.0,0.059,0.046,0
15943,65,0,12,0.967,0.566,0.807,0.75,0.472,0.288,0
15944,35,0,3,0.898,0.704,0.248,1.0,-0.556,0.083,0
15945,30,0,8,0.98,0.569,0.661,0.5,0.012,0.28,0
15946,45,1,4,0.843,0.558,0.484,0.0,-0.182,0.143,0
15947,69,0,8,1.086,0.616,0.881,0.25,0.346,0.186,0
15948,42,1,9,0.981,0.529,0.907,0.0,0.218,0.196,0
15949,78,1,8,0.843,0.481,0.495,0.5,0.002,0.104,0
15950,48,0,10,0.93,0.531,0.906,1.0,0.409,0.243,0
15951,39,0,3,0.699,0.481,0.884,1.0,0.312,-0.066,0
15952,54,1,6,0.786,0.531,0.467,0.0,-0.184,0.025,0
15953,48,1,6,0.937,0.551,0.828,0.25,0.294,0.348,0
15954,72,0,10,0.903,0.476,0.898,0.0,0.579,0.11,0
15955,62,1,6,0.729,0.598,0.472,0.5,-0.136,-0.078,0
15956,36,0,8,0.636,0.497,0.605,0.5,0.269,-0.039,0
15957,71,1,7,0.736,0.58,0.747,0.0,0.318,-0.068,0
15958,51,1,12,1.151,0.561,0.944,0.0,0.384,0.285,0
15959,34,1,8,0.919,0.641,0.759,0.0,0.164,0.366,0
15960,81,1,12,1.057,0.589,1.219,0.75,0.581,0.338,0
15961,57,1,8,0.891,0.634,0.636,0.0,0.374,0.216,0
15962,84,1,6,0.678,0.511,0.408,0.0,-0.335,-0.125,0
15963,74,0,4,1.055,0.572,0.514,0.0,-0.019,0.378,0
15964,44,1,9,0.725,0.595,0.548,0.0,0.36,-0.16,0
15965,32,0,10,0.881,0.588,0.902,0.75,0.486,0.302,0
15966,70,1,8,0.851,0.563,0.759,0.0,-0.036,0.043,0
15967,38,0,4,1.014,0.648,0.476,0.5,0.148,0.279,0
15968,71,0,10,0.897,0.607,1.092,0.75,0.755,0.085,0
15969,65,1,8,0.911,0.684,0.622,0.25,0.101,0.228,1
15970,65,1,7,0.638,0.625,0.999,0.5,0.513,-0.306,0
15971,52,0,7,0.766,0.61,0.63,0.0,0.329,0.164,0
15972,69,1,5,0.76,0.607,0.462,0.5,-0.028,0.005,1
15973,67,0,11,0.984,0.565,0.743,0.5,0.044,0.377,0
15974,56,1,12,1.127,0.508,1.025,0.0,0.526,0.427,0
15975,71,0,8,0.579,0.648,0.366,0.5,-0.175,-0.298,0
15976,76,1,9,1.103,0.56,0.707,0.5,0.318,0.369,0
15977,65,0,9,1.052,0.736,0.679,0.0,0.667,0.16,0
15978,47,0,11,0.96,0.602,0.758,1.0,-0.038,0.335,0
15979,38,0,7,0.748,0.445,0.833,0.75,0.205,-0.171,0
15980,81,0,6,0.651,0.468,0.668,0.5,-0.065,0.113,0
15981,30,1,7,0.727,0.459,0.663,0.0,0.162,-0.086,0
15982,49,0,12,0.955,0.553,0.853,0.75,0.288,0.184,0
15983,56,1,8,0.829,0.445,0.858,0.25,0.204,-0.018,0
15984,80,1,9,0.945,0.633,0.891,0.5,0.239,0.214,0
15985,38,0,4,0.708,0.537,0.451,0.0,-0.375,-0.005,0
15986,52,0,11,1.139,0.586,1.191,0.0,0.845,0.322,0
15987,77,0,7,1.123,0.629,0.812,0.0,0.414,0.292,0
15988,46,1,8,0.827,0.592,0.86,0.0,0.227,-0.116,0
15989,83,0,11,1.189,0.578,0.532,0.0,0.322,0.385,0
15990,81,0,3,0.817,0.623,0.461,0.0,0.047,0.103,0
15991,62,1,10,0.932,0.453,0.482,0.0,-0.281,0.128,0
15992,70,1,5,0.743,0.683,0.554,0.25,-0.146,0.079,0
15993,43,1,9,1.042,0.485,1.006,0.5,0.522,0.303,0
15994,64,0,10,0.967,0.583,0.889,0.0,0.747,0.369,0
15995,48,0,7,0.759,0.655,0.818,0.0,0.196,-0.07,0
15996,33,1,9,0.772,0.534,1.025,1.0,0.325,-0.023,0
15997,45,0,12,0.902,0.46,0.853,0.25,0.41,0.205,0
15998,52,0,10,0.846,0.516,0.87,0.0,0.478,0.183,0
15999,33,0,4,1.019,0.676,0.436,0.0,-0.206,0.31,0
16000,72,1,4,0.69,0.647,0.719,0.75,0.019,-0.154,0
16001,81,1,5,0.897,0.531,0.961,1.0,0.612,0.163,0
16002,69,0,10,0.705,0.491,0.733,0.0,0.299,-0.163,0
16003,38,0,11,0.885,0.631,0.987,0.25,0.403,0.223,0
16004,61,0,12,0.979,0.5,0.942,0.0,0.446,0.335,0
16005,58,1,10,1.002,0.582,0.844,1.0,0.29,0.153,1
16006,84,1,10,0.885,0.542,0.978,0.0,0.585,0.211,0
16007,39,1,8,0.903,0.597,0.717,0.75,0.255,0.226,0
16008,42,1,11,0.912,0.634,0.532,1.0,-0.005,-0.019,0
16009,65,1,9,0.7,0.486,0.804,0.5,0.317,0.046,0
16010,59,0,12,0.99,0.574,0.708,0.0,0.199,0.369,0
16011,57,1,4,0.816,0.7,0.316,0.0,-0.077,0.144,0
16012,48,0,8,0.9,0.569,0.476,0.0,-0.042,0.198,0
16013,77,1,7,0.849,0.518,0.789,0.0,0.319,0.317,0
16014,44,1,11,0.948,0.548,0.773,0.5,0.153,0.37,0
16015,72,0,10,0.847,0.445,1.011,0.25,0.483,0.107,1
16016,59,1,5,0.656,0.543,0.667,0.0,0.172,-0.18,0
16017,42,0,6,0.824,0.542,0.7,0.75,0.386,0.05,0
16018,34,0,6,1.003,0.682,0.742,0.5,0.368,-0.038,0
16019,69,0,6,0.884,0.689,0.344,0.0,0.028,0.199,0
16020,56,0,3,0.864,0.668,0.628,0.25,0.078,-0.242,0
16021,72,0,7,0.788,0.567,0.872,0.5,0.265,0.08,0
16022,56,1,5,1.068,0.645,0.778,0.5,0.196,0.512,0
16023,64,1,6,0.748,0.489,0.907,0.0,0.462,0.048,0
16024,57,1,8,0.967,0.472,0.843,0.75,0.801,0.255,0
16025,63,1,12,0.7,0.416,0.988,0.0,0.389,0.051,0
16026,76,0,10,0.684,0.7,0.731,0.0,0.12,-0.07,0
16027,38,0,9,0.892,0.61,0.458,0.5,-0.056,0.009,0
16028,54,0,4,0.571,0.607,0.901,0.0,0.609,-0.306,0
16029,48,1,3,0.628,0.587,0.598,0.0,0.24,-0.14,0
16030,33,0,3,0.927,0.613,0.443,1.0,-0.153,0.084,0
16031,30,1,9,0.891,0.603,0.813,0.5,0.518,0.149,0
16032,82,1,3,0.819,0.593,0.531,0.25,0.143,0.355,0
16033,61,0,5,0.927,0.603,0.632,0.75,0.402,0.159,0
16034,64,0,6,0.862,0.469,0.746,0.0,0.195,0.233,0
16035,40,0,6,0.7,0.573,0.646,0.5,-0.013,0.019,0
16036,47,1,8,1.013,0.488,0.848,0.0,0.411,0.191,0
16037,59,1,12,0.857,0.628,0.52,0.0,0.179,0.028,0
16038,47,0,12,1.009,0.594,1.114,0.25,0.889,0.315,0
16039,83,1,10,0.914,0.727,0.993,1.0,0.314,0.129,0
16040,61,0,12,1.049,0.601,0.974,0.5,0.65,0.245,0
16041,70,1,3,0.817,0.673,0.637,1.0,0.222,0.089,0
16042,39,0,3,0.763,0.6,0.7,1.0,0.0,-0.023,0
16043,54,1,3,0.846,0.546,0.593,0.5,0.373,-0.04,0
16044,58,0,12,1.118,0.528,0.826,0.0,0.54,0.237,0
16045,41,1,9,0.758,0.564,0.761,0.5,0.192,0.184,0
16046,77,0,10,0.865,0.59,0.736,0.0,0.111,0.022,0
16047,42,0,4,0.812,0.52,0.63,0.0,0.399,-0.028,0
16048,51,1,5,0.869,0.547,0.623,0.0,-0.125,0.287,0
16049,64,0,9,0.926,0.59,0.584,0.5,0.269,0.261,0
16050,73,0,11,0.79,0.516,0.943,0.75,0.492,0.181,0
16051,80,1,10,1.008,0.535,0.695,0.0,0.211,0.315,0
16052,54,1,7,0.712,0.702,0.65,0.0,0.436,0.15,0
16053,54,0,6,0.782,0.634,0.578,0.0,-0.069,0.043,0
16054,58,1,10,0.798,0.541,0.693,0.25,0.026,-0.034,0
16055,59,0,8,0.775,0.545,0.656,0.5,0.055,-0.108,0
16056,49,0,7,1.106,0.582,0.7,0.0,0.303,0.185,0
16057,42,1,3,0.935,0.698,0.314,0.0,-0.314,0.175,0
16058,66,0,4,0.998,0.598,0.632,0.25,0.421,0.24,0
16059,82,0,12,0.993,0.464,0.958,0.75,0.248,0.462,0
16060,74,0,8,0.995,0.487,0.649,0.0,-0.093,0.278,1
16061,80,0,8,0.974,0.544,0.394,0.5,-0.132,0.232,0
16062,49,1,12,0.996,0.505,1.043,0.25,0.716,0.237,0
16063,33,1,5,0.8,0.601,0.825,0.75,0.357,0.06,0
16064,42,0,12,0.978,0.429,0.99,0.0,0.576,0.204,0
16065,46,1,4,0.536,0.467,0.803,0.5,0.479,-0.138,0
16066,53,0,7,0.835,0.56,0.677,0.0,0.411,0.028,0
16067,31,0,3,0.652,0.559,0.479,0.0,-0.03,0.163,0
16068,78,0,7,0.845,0.633,0.251,1.0,-0.239,0.24,0
16069,72,1,12,1.133,0.595,0.95,1.0,0.63,0.441,1
16070,37,1,10,1.135,0.596,0.833,0.75,0.493,0.129,0
16071,42,1,5,0.59,0.532,0.79,0.0,0.53,-0.291,0
16072,67,1,7,0.828,0.605,0.904,0.0,0.302,0.128,0
16073,74,1,12,0.782,0.507,1.025,0.0,0.392,-0.078,0
16074,36,1,9,0.878,0.487,0.781,0.0,0.06,0.223,0
16075,54,0,6,0.816,0.569,0.772,0.75,0.276,0.188,1
16076,62,0,4,0.976,0.634,0.726,1.0,0.386,0.26,0
16077,33,1,4,0.7,0.49,0.379,0.25,-0.103,-0.165,0
16078,84,1,3,0.556,0.7,0.745,0.25,0.126,-0.137,0
16079,60,1,12,0.857,0.636,0.719,0.25,0.367,0.069,0
16080,66,1,10,0.711,0.518,0.851,0.5,0.492,0.09,0
16081,39,0,3,0.854,0.7,0.724,0.5,0.304,0.249,0
16082,78,0,12,0.957,0.518,0.868,0.0,0.717,-0.017,0
16083,31,0,11,0.835,0.474,0.93,1.0,0.775,0.024,0
16084,60,1,7,0.85,0.511,0.852,0.0,0.396,-0.053,0
16085,70,1,3,0.773,0.482,0.621,0.75,0.337,0.293,0
16086,50,0,8,0.871,0.711,0.859,0.25,0.382,-0.097,0
16087,76,0,9,0.964,0.583,0.935,0.5,0.437,0.235,1
16088,37,1,11,0.98,0.504,0.81,0.25,0.467,0.349,0
16089,37,1,7,0.915,0.587,0.346,0.5,-0.255,0.123,0
16090,83,0,9,0.98,0.44,0.572,0.0,0.213,0.541,0
16091,46,1,7,0.712,0.766,0.381,0.0,-0.153,-0.118,0
16092,53,1,7,0.885,0.541,0.856,0.0,0.519,0.245,0
16093,52,1,5,0.847,0.565,0.559,0.0,0.285,-0.01,0
16094,37,0,4,0.789,0.617,0.588,0.25,0.015,-0.14,0
16095,40,1,11,0.777,0.4,1.235,0.0,0.675,-0.019,0
16096,80,1,7,0.857,0.484,0.934,1.0,0.754,0.02,0
16097,80,0,12,0.859,0.667,1.148,0.75,0.815,0.159,0
16098,62,0,11,0.98,0.628,0.653,0.0,-0.253,0.178,0
16099,83,1,9,0.794,0.607,0.918,0.25,0.808,-0.165,0
16100,44,0,7,0.7,0.556,0.796,0.0,0.322,-0.052,0
16101,38,0,12,1.0,0.471,0.9,0.75,0.709,0.22,0
16102,40,0,10,0.999,0.542,0.614,0.0,0.069,0.426,0
16103,75,1,11,0.94,0.462,0.718,0.25,0.317,0.093,0
16104,58,0,4,0.67,0.554,0.558,0.0,0.058,-0.03,0
16105,32,0,8,0.939,0.656,0.755,0.0,0.055,0.073,0
16106,30,0,3,0.816,0.631,0.68,0.5,0.241,-0.013,0
16107,56,1,8,0.815,0.566,0.578,0.75,0.029,0.081,0
16108,74,1,7,0.687,0.604,0.767,0.0,0.119,-0.013,0
16109,30,1,5,0.689,0.656,0.461,0.0,0.134,-0.103,0
16110,84,1,6,1.17,0.611,0.569,0.0,0.267,0.496,0
16111,41,1,10,0.9,0.463,0.825,0.0,0.669,0.101,0
16112,44,1,8,0.947,0.607,0.714,1.0,0.26,0.184,0
16113,63,0,6,1.052,0.525,0.527,0.0,0.251,0.397,0
16114,82,0,12,1.054,0.577,1.065,1.0,0.747,0.083,0
16115,60,1,4,0.768,0.547,0.618,1.0,0.21,-0.026,0
16116,32,0,11,0.894,0.47,1.1,0.0,0.65,-0.002,0
16117,71,1,8,0.7,0.574,0.719,0.5,0.381,-0.105,0
16118,50,1,11,0.958,0.482,0.695,0.0,0.357,0.401,0
16119,36,0,7,0.76,0.609,0.671,0.0,0.136,-0.097,0
16120,72,0,4,1.032,0.711,0.751,0.25,0.248,0.469,0
16121,65,0,11,1.041,0.49,0.895,0.0,0.372,0.406,0
16122,42,0,5,0.723,0.485,0.504,0.75,0.018,-0.257,0
16123,78,1,11,0.75,0.443,0.955,0.0,0.268,0.198,0
16124,79,1,11,0.88,0.7,0.92,0.0,0.618,0.18,0
16125,56,0,7,0.794,0.546,0.647,0.0,0.259,0.16,0
16126,76,1,6,0.93,0.591,0.497,0.0,0.182,0.148,0
16127,63,0,10,0.959,0.524,0.824,0.0,0.512,0.133,0
16128,53,0,8,1.072,0.587,0.688,0.0,0.001,0.429,0
16129,74,1,11,0.971,0.478,0.879,1.0,0.428,0.166,0
16130,76,1,5,1.088,0.586,0.548,0.5,-0.224,0.29,0
16131,34,1,11,0.975,0.704,0.914,0.25,0.153,0.415,0
16132,56,1,9,0.745,0.363,0.695,0.75,0.428,0.096,0
16133,80,1,3,0.812,0.625,0.587,0.0,0.241,-0.02,1
16134,35,0,8,0.7,0.491,0.987,0.0,0.615,0.0,0
16135,57,1,9,0.735,0.64,0.7,0.0,0.204,-0.062,0
16136,63,0,6,0.695,0.588,0.7,0.75,0.549,-0.045,0
16137,67,1,7,0.867,0.544,0.819,0.75,0.191,0.243,0
16138,46,1,11,0.86,0.48,0.966,0.0,0.496,0.083,0
16139,53,1,7,1.085,0.534,0.732,0.75,0.286,0.418,0
16140,69,0,3,0.872,0.54,0.458,0.0,0.163,0.146,0
16141,49,1,6,0.918,0.544,0.67,0.0,-0.041,-0.027,0
16142,78,1,3,1.017,0.655,0.432,0.0,0.06,0.293,0
16143,41,1,11,1.041,0.619,0.926,0.0,0.369,0.304,0
16144,41,0,6,0.864,0.611,0.807,0.25,0.496,0.277,0
16145,67,1,7,1.126,0.508,0.628,0.5,0.191,0.378,0
16146,40,1,6,0.829,0.769,0.619,0.25,0.523,-0.035,0
16147,67,1,10,0.993,0.6,0.921,0.75,0.249,0.284,0
16148,34,1,6,0.807,0.537,0.7,0.0,0.084,0.154,0
16149,31,0,5,0.919,0.534,0.939,0.0,0.287,0.032,0
16150,82,1,10,0.96,0.655,0.886,0.75,0.245,0.205,1
16151,39,0,7,0.869,0.6,0.838,0.0,0.254,0.242,0
16152,72,1,3,0.617,0.646,0.426,0.5,-0.142,-0.258,0
16153,57,0,8,0.837,0.583,0.962,0.0,0.452,-0.119,0
16154,61,0,4,0.804,0.7,0.702,0.0,-0.048,0.104,0
16155,43,0,7,0.872,0.649,0.663,0.0,0.128,0.174,0
16156,39,0,12,0.855,0.564,0.585,0.0,0.323,-0.213,0
16157,71,0,5,0.918,0.636,0.591,0.0,0.28,0.11,0
16158,80,1,8,1.06,0.709,1.029,0.5,0.329,0.252,1
16159,31,0,11,0.994,0.549,1.045,0.0,0.451,0.282,0
16160,80,1,4,0.985,0.569,0.591,0.0,0.167,0.211,0
16161,63,1,5,0.879,0.668,0.638,0.25,0.227,0.255,0
16162,44,1,12,0.936,0.515,0.7,0.0,0.131,0.344,0
16163,50,1,9,0.934,0.568,0.813,0.0,0.117,0.092,0
16164,74,0,11,0.906,0.765,1.089,0.0,0.375,-0.051,0
16165,34,1,6,0.854,0.571,0.541,0.0,-0.101,0.081,0
16166,56,0,6,0.797,0.473,0.646,0.0,0.218,-0.032,0
16167,77,0,3,0.712,0.6,0.58,0.25,0.028,-0.014,0
16168,47,1,11,0.812,0.563,0.657,0.0,-0.002,-0.039,0
16169,78,0,9,0.949,0.534,0.846,0.0,0.61,0.289,0
16170,69,1,4,0.849,0.564,0.531,0.5,0.027,0.047,0
16171,78,0,5,0.812,0.699,0.738,1.0,0.161,0.059,0
16172,45,1,4,0.718,0.635,0.789,0.75,0.374,0.121,0
16173,64,0,8,0.812,0.575,0.626,0.0,0.14,-0.024,0
16174,36,1,9,0.901,0.652,0.722,1.0,0.246,0.12,0
16175,38,0,11,0.816,0.486,0.7,0.0,0.586,0.135,0
16176,66,0,7,0.77,0.586,0.843,0.0,0.447,0.12,0
16177,43,1,11,0.851,0.407,0.933,0.5,0.337,0.03,0
16178,42,0,12,1.198,0.446,0.954,0.25,0.703,0.603,0
16179,46,1,3,0.819,0.676,0.346,0.0,-0.069,0.058,0
16180,36,0,9,0.987,0.62,0.773,0.0,0.297,0.224,0
16181,37,0,12,0.95,0.401,0.994,0.75,0.461,0.27,0
16182,64,1,8,0.941,0.52,0.935,0.0,0.223,0.217,0
16183,38,0,10,0.862,0.564,1.042,0.25,0.873,-0.123,0
16184,36,1,12,0.811,0.626,0.756,0.75,0.408,-0.012,0
16185,38,1,10,0.931,0.579,0.51,0.0,0.303,0.107,0
16186,54,1,8,0.819,0.666,0.578,1.0,-0.197,0.182,0
16187,75,0,3,0.632,0.5,0.64,0.0,0.009,-0.211,0
16188,52,0,10,0.866,0.557,0.758,1.0,0.384,0.04,0
16189,55,0,11,1.234,0.612,0.704,0.0,0.385,0.448,0
16190,32,0,4,0.789,0.579,0.324,0.0,-0.081,-0.104,0
16191,78,1,5,0.76,0.678,0.711,0.25,-0.052,0.057,0
16192,54,1,10,1.028,0.421,0.822,0.0,0.254,0.226,0
16193,41,1,4,0.776,0.571,0.576,1.0,0.296,0.091,0
16194,40,1,12,0.828,0.517,1.002,0.0,0.461,0.075,0
16195,71,0,12,0.774,0.566,0.64,0.5,-0.076,-0.188,0
16196,78,1,4,0.838,0.551,0.323,0.0,-0.142,0.155,0
16197,50,1,5,0.787,0.694,0.605,0.75,0.062,0.074,0
16198,63,0,6,0.79,0.565,0.592,0.0,0.036,0.087,0
16199,65,0,6,0.805,0.561,0.674,0.0,0.1,-0.053,0
16200,78,1,9,0.7,0.52,1.071,0.5,0.395,-0.262,1
16201,70,0,9,0.954,0.536,0.662,0.0,-0.193,0.014,0
16202,79,1,3,0.812,0.6,0.567,0.0,0.097,0.029,0
16203,43,0,8,0.942,0.587,0.817,0.75,0.218,0.253,0
16204,69,0,12,1.064,0.596,1.022,0.5,0.726,0.265,0
16205,36,0,9,0.786,0.709,0.954,0.5,0.391,-0.185,0
16206,63,1,6,1.056,0.496,0.586,1.0,0.083,0.404,0
16207,30,1,11,0.828,0.521,1.048,0.5,0.218,-0.003,0
16208,30,1,12,0.89,0.543,0.877,0.0,0.335,0.308,0
16209,41,0,5,0.681,0.483,0.788,1.0,0.568,-0.013,0
16210,50,0,11,1.077,0.532,1.033,0.25,0.651,0.353,0
16211,58,0,5,1.079,0.603,0.809,0.25,0.232,0.398,0
16212,31,0,12,0.799,0.403,0.853,0.25,0.673,0.113,0
16213,50,0,9,0.862,0.485,0.968,0.0,0.195,0.092,0
16214,75,0,7,0.708,0.617,0.482,0.0,-0.196,-0.157,0
16215,61,0,11,0.868,0.54,0.907,0.25,0.46,0.189,0
16216,81,1,8,0.928,0.613,0.862,0.0,0.336,0.279,0
16217,32,1,5,1.023,0.675,0.661,1.0,0.377,0.287,0
16218,41,0,10,0.885,0.567,0.744,0.0,0.21,-0.009,0
16219,31,1,10,0.654,0.733,1.013,0.0,0.663,-0.003,0
16220,70,0,11,0.882,0.665,1.147,1.0,0.618,0.128,0
16221,78,1,8,0.748,0.603,0.796,0.0,0.433,-0.21,0
16222,79,1,4,0.687,0.657,0.316,0.75,-0.16,0.185,0
16223,46,1,12,0.952,0.561,0.663,0.0,0.145,0.517,0
16224,37,0,7,1.044,0.7,0.559,0.0,0.266,0.302,0
16225,31,1,9,0.765,0.506,0.637,0.25,0.235,0.112,0
16226,35,0,7,0.868,0.7,0.834,0.0,0.645,0.237,0
16227,55,0,4,0.786,0.63,0.68,0.75,-0.02,0.182,0
16228,77,1,9,0.955,0.492,0.908,0.5,0.303,0.194,0
16229,35,0,6,0.741,0.663,0.825,0.25,0.134,-0.003,0
16230,82,1,6,0.838,0.492,0.679,0.0,0.155,0.251,0
16231,75,0,3,0.833,0.601,0.694,0.0,0.345,0.067,0
16232,62,1,6,1.023,0.647,0.727,0.0,0.176,0.192,0
16233,53,1,9,1.001,0.593,0.807,0.75,0.358,0.294,0
16234,63,0,8,0.779,0.703,0.76,0.0,0.323,-0.137,0
16235,38,0,3,0.522,0.587,0.424,0.75,0.029,-0.326,0
16236,46,1,8,0.661,0.641,0.793,0.5,0.093,-0.093,0
16237,73,0,5,1.024,0.696,0.68,0.25,0.038,0.31,0
16238,48,1,6,1.016,0.525,0.68,0.0,-0.077,0.657,0
16239,65,1,4,0.704,0.641,0.558,1.0,0.2,-0.077,0
16240,41,1,9,0.706,0.678,0.865,0.0,0.533,0.186,0
16241,61,0,5,0.826,0.513,0.547,0.5,0.135,0.039,0
16242,47,0,10,1.05,0.662,0.724,0.0,0.575,0.386,0
16243,80,0,8,1.052,0.579,0.921,0.0,0.308,0.467,0
16244,79,1,9,0.94,0.57,0.75,0.25,0.251,0.365,0
16245,30,0,3,0.752,0.527,0.431,0.0,-0.24,0.032,0
16246,83,1,10,0.719,0.577,0.86,0.25,0.44,0.019,0
16247,78,0,6,0.721,0.623,0.483,0.5,-0.15,-0.021,0
16248,78,0,11,1.075,0.509,0.932,0.0,0.301,0.302,0
16249,71,1,12,0.814,0.617,0.871,0.25,0.353,0.336,0
16250,65,1,11,0.884,0.62,1.005,0.0,0.616,0.145,0
16251,46,0,4,0.687,0.622,0.682,1.0,0.061,0.1,0
16252,55,1,4,0.797,0.7,0.625,0.75,0.342,-0.099,0
16253,61,1,10,0.983,0.566,1.11,1.0,0.375,0.253,0
16254,46,0,8,0.79,0.472,0.928,0.25,0.284,0.056,0
16255,44,0,3,0.692,0.631,0.513,0.75,0.156,0.111,0
16256,68,0,6,0.955,0.7,0.535,0.25,0.13,0.304,0
16257,30,0,9,0.999,0.554,0.7,0.5,0.209,0.165,0
16258,76,1,6,0.958,0.752,0.396,1.0,-0.046,0.292,0
16259,33,0,12,1.047,0.605,0.977,0.0,0.354,0.218,0
16260,46,1,8,1.115,0.591,0.614,0.25,0.164,0.347,0
16261,84,1,9,0.824,0.552,0.774,0.75,0.578,0.151,1
16262,52,1,12,1.029,0.497,0.917,0.0,0.521,0.127,0
16263,69,0,12,0.988,0.501,0.981,0.0,0.392,0.319,0
16264,83,1,4,0.791,0.618,0.584,0.0,-0.058,0.051,0
16265,43,1,8,0.988,0.521,0.6,0.5,0.376,0.14,0
16266,46,0,8,0.795,0.553,0.668,0.0,0.179,0.171,0
16267,74,1,8,0.825,0.589,0.878,0.0,0.663,0.202,0
16268,73,0,4,0.671,0.522,0.523,0.75,-0.331,-0.042,1
16269,69,1,12,0.93,0.436,1.125,0.0,0.519,0.378,0
16270,52,0,4,0.853,0.602,0.633,0.0,0.18,0.075,0
16271,42,1,3,0.724,0.688,0.595,0.0,0.089,0.049,0
16272,76,1,8,0.822,0.658,0.7,1.0,0.413,0.045,1
16273,82,1,4,1.037,0.583,0.527,1.0,-0.092,0.35,0
16274,62,1,12,0.83,0.498,0.92,0.0,0.291,0.029,0
16275,59,1,8,0.922,0.544,1.041,0.75,0.704,-0.001,0
16276,62,1,7,0.916,0.506,0.708,1.0,0.026,0.358,1
16277,74,1,6,0.787,0.487,0.371,0.0,-0.129,0.108,0
16278,37,1,9,1.156,0.588,0.928,0.5,0.394,0.237,0
16279,68,1,12,1.001,0.519,0.746,0.25,0.052,0.17,1
16280,47,1,5,0.746,0.446,0.439,0.0,-0.093,-0.026,0
16281,48,1,4,0.573,0.534,0.648,0.0,0.367,-0.215,0
16282,71,1,10,0.832,0.602,0.857,0.0,0.268,0.177,0
16283,67,1,11,1.061,0.506,0.663,0.0,0.233,0.198,0
16284,40,0,5,0.839,0.642,0.866,0.0,0.531,-0.023,0
16285,59,1,12,1.065,0.507,1.059,0.25,0.64,0.508,0
16286,32,1,8,0.843,0.647,0.635,0.25,0.314,0.081,0
16287,72,1,8,0.678,0.486,0.89,0.75,0.361,-0.043,1
16288,41,1,11,0.948,0.7,0.642,0.0,0.167,0.313,0
16289,32,0,4,0.591,0.617,0.891,0.25,0.458,-0.211,0
16290,65,0,12,0.962,0.559,1.128,0.5,0.793,0.336,0
16291,77,0,3,0.861,0.593,0.431,0.5,-0.338,0.096,0
16292,51,0,12,0.869,0.492,0.782,0.0,0.272,0.169,0
16293,73,0,4,0.9,0.6,0.588,0.0,0.174,0.136,0
16294,74,1,5,0.713,0.7,0.357,0.25,-0.339,-0.129,0
16295,52,1,6,0.954,0.534,0.802,0.0,0.595,0.078,0
16296,52,0,6,0.907,0.618,0.514,0.0,0.013,0.407,0
16297,80,1,11,0.835,0.549,0.867,0.0,0.405,0.049,0
16298,82,0,5,0.672,0.644,0.664,0.5,0.159,-0.005,0
16299,59,1,4,0.615,0.591,0.778,0.0,0.078,-0.265,0
16300,71,0,12,0.753,0.575,1.124,0.0,0.346,0.215,0
16301,52,1,6,0.919,0.566,0.748,0.5,0.733,-0.035,0
16302,46,0,3,0.701,0.787,0.575,0.5,0.128,0.152,0
16303,32,0,7,0.856,0.547,0.64,0.0,0.149,0.222,0
16304,73,0,11,1.122,0.568,0.639,0.5,0.278,0.487,0
16305,60,1,8,0.96,0.537,0.575,0.25,0.451,0.344,0
16306,54,0,11,0.871,0.541,0.667,0.5,0.391,0.068,0
16307,60,0,7,1.001,0.628,0.712,0.25,0.014,0.484,0
16308,42,1,9,0.84,0.486,0.887,0.0,0.341,0.023,0
16309,36,0,12,0.747,0.635,0.669,0.25,0.143,0.175,0
16310,66,1,3,0.767,0.6,0.456,0.0,-0.244,0.183,0
16311,56,0,9,1.003,0.613,0.932,0.0,0.232,0.277,0
16312,45,1,5,0.688,0.51,0.633,0.0,0.171,-0.05,0
16313,30,1,8,0.811,0.48,0.952,0.25,0.793,-0.154,0
16314,49,1,11,0.885,0.616,0.99,1.0,0.781,0.249,0
16315,50,1,11,0.971,0.607,0.795,0.25,0.23,0.17,0
16316,52,1,11,0.715,0.479,0.7,0.0,0.534,-0.173,0
16317,80,0,8,1.078,0.582,0.7,0.0,0.517,0.211,0
16318,64,0,9,0.969,0.461,0.491,0.0,-0.123,0.075,0
16319,66,1,6,0.953,0.544,0.495,1.0,-0.037,0.248,0
16320,62,0,8,0.926,0.522,0.675,0.75,0.359,0.221,0
16321,38,1,7,0.73,0.483,0.653,0.25,0.199,-0.018,0
16322,62,0,8,0.776,0.508,0.44,0.0,-0.018,-0.017,0
16323,59,1,11,0.814,0.476,0.779,0.0,0.429,-0.139,0
16324,50,0,6,0.893,0.603,0.919,0.75,0.219,0.222,0
16325,35,0,5,0.78,0.7,0.392,0.25,-0.144,0.026,0
16326,42,1,3,0.688,0.706,0.733,0.25,0.407,-0.096,0
16327,77,0,12,1.095,0.547,1.247,0.5,0.717,0.346,1
16328,82,1,12,1.136,0.555,1.062,0.0,0.508,0.62,1
16329,74,0,3,0.824,0.699,0.632,0.5,0.128,-0.135,1
16330,74,0,11,0.885,0.537,0.81,0.0,0.722,0.097,0
16331,48,1,7,0.966,0.562,0.55,0.25,0.222,0.128,0
16332,83,1,11,1.115,0.726,0.733,0.5,0.066,0.325,0
16333,71,1,9,0.883,0.7,0.632,0.25,0.191,0.055,0
16334,43,0,11,0.7,0.56,0.76,0.0,0.06,-0.155,0
16335,62,1,10,0.961,0.592,1.0,0.0,0.592,0.279,0
16336,68,1,5,0.679,0.609,0.569,0.0,0.158,-0.032,0
16337,45,0,10,0.848,0.622,1.057,0.0,0.607,-0.099,0
16338,66,0,5,0.622,0.7,0.64,0.0,-0.13,-0.043,0
16339,35,0,10,0.98,0.572,1.119,0.0,0.643,0.044,0
16340,30,1,8,1.023,0.522,0.587,0.5,0.046,0.329,0
16341,37,0,9,0.933,0.603,0.777,0.0,0.251,0.219,0
16342,62,0,3,1.001,0.607,0.551,1.0,0.343,0.215,0
16343,63,0,5,0.725,0.634,0.531,0.5,-0.118,-0.143,0
16344,78,0,4,0.685,0.605,0.626,0.25,0.066,-0.157,0
16345,52,1,5,0.833,0.584,0.708,1.0,0.191,0.137,0
16346,77,1,3,0.765,0.509,0.447,0.0,-0.073,0.053,0
16347,43,0,12,0.7,0.599,0.539,0.0,-0.055,-0.128,0
16348,67,1,3,0.967,0.614,0.428,0.0,-0.185,0.188,0
16349,64,0,10,1.153,0.559,0.958,0.75,0.033,0.52,0
16350,83,0,9,1.031,0.514,0.61,0.0,-0.09,0.194,0
16351,47,0,5,0.738,0.652,0.792,0.75,0.567,-0.195,0
16352,41,1,8,0.739,0.593,0.777,0.0,0.122,0.023,0
16353,30,0,7,0.861,0.604,0.699,0.0,0.286,-0.051,0
16354,65,1,3,0.665,0.655,0.198,0.0,-0.289,-0.09,0
16355,43,1,10,0.941,0.575,0.789,0.75,0.152,0.241,0
16356,44,0,4,0.739,0.369,0.611,0.0,0.115,-0.109,0
16357,70,1,3,0.731,0.679,0.478,0.0,-0.103,-0.106,0
16358,30,1,12,0.833,0.568,0.922,0.75,0.426,0.003,0
16359,81,0,8,0.832,0.659,0.656,0.0,0.006,0.115,0
16360,42,0,6,0.859,0.483,0.686,0.0,0.409,0.159,0
16361,37,0,6,0.981,0.352,0.523,0.5,0.228,0.208,0
16362,31,1,11,0.921,0.438,0.799,0.75,0.368,0.344,0
16363,30,1,12,1.063,0.558,0.673,1.0,0.163,0.274,0
16364,59,0,7,0.811,0.497,0.879,0.0,0.045,0.099,0
16365,53,0,10,0.744,0.662,0.852,0.25,0.37,0.015,0
16366,79,1,5,0.867,0.611,0.935,0.25,0.374,0.183,0
16367,47,0,8,0.818,0.629,0.807,0.0,0.222,0.027,0
16368,81,1,3,0.813,0.522,0.366,0.0,-0.004,-0.085,0
16369,56,1,7,1.023,0.674,0.776,0.0,0.076,0.144,0
16370,47,1,12,1.223,0.437,0.859,0.0,0.62,0.609,0
16371,66,0,5,0.839,0.654,0.59,0.0,-0.199,-0.035,0
16372,62,1,11,0.953,0.547,0.815,0.25,0.344,0.201,0
16373,64,1,9,0.993,0.523,0.446,0.25,-0.254,0.083,0
16374,43,0,12,0.971,0.495,0.976,1.0,0.704,0.194,0
16375,44,0,4,0.904,0.665,0.608,0.5,0.335,0.149,0
16376,56,1,5,0.7,0.62,0.304,0.0,-0.275,-0.018,0
16377,64,0,7,1.001,0.563,0.853,1.0,0.331,0.306,0
16378,73,1,4,0.806,0.672,0.531,0.0,0.343,0.03,0
16379,68,1,4,0.569,0.553,0.7,0.0,0.158,-0.151,0
16380,36,1,7,0.86,0.589,0.683,0.25,0.476,0.161,0
16381,53,1,8,1.077,0.711,1.009,0.5,0.791,0.427,0
16382,46,1,11,1.075,0.688,0.781,0.0,0.316,0.135,0
16383,80,1,8,0.93,0.586,0.867,0.25,0.608,0.311,0
16384,62,0,10,0.946,0.432,0.843,0.75,0.574,0.262,0
16385,51,1,3,0.657,0.573,0.377,0.0,-0.136,0.008,0
16386,76,1,6,0.901,0.595,0.437,0.0,0.127,0.336,0
16387,79,1,8,0.85,0.459,0.645,0.25,0.019,0.177,0
16388,69,0,8,0.767,0.7,1.184,0.5,0.914,0.063,0
16389,69,1,7,1.01,0.547,0.686,0.0,-0.008,0.311,0
16390,67,0,9,0.92,0.607,1.119,0.25,0.841,0.032,0
16391,55,1,9,1.228,0.698,1.052,0.25,0.654,0.495,0
16392,72,0,7,0.7,0.517,0.706,0.0,0.278,-0.136,1
16393,49,0,5,0.937,0.643,0.453,0.25,0.177,-0.047,0
16394,61,0,7,0.884,0.591,0.828,0.75,0.314,0.091,0
16395,73,1,4,0.508,0.539,0.837,0.25,0.593,-0.401,0
16396,46,1,7,0.837,0.479,0.7,0.25,0.234,-0.2,0
16397,42,0,8,0.595,0.451,0.754,0.0,0.35,-0.066,0
16398,80,1,10,0.926,0.632,0.808,0.75,0.257,0.209,0
16399,68,1,5,0.594,0.641,0.642,0.0,0.612,-0.095,0
16400,63,1,3,0.664,0.583,0.564,0.75,-0.099,0.184,0
16401,38,0,3,0.801,0.526,0.46,0.0,0.272,0.067,0
16402,51,1,4,1.023,0.579,0.667,0.5,0.098,0.243,0
16403,37,0,5,0.979,0.649,0.346,0.25,-0.101,0.285,0
16404,67,0,9,1.078,0.7,0.815,0.0,0.478,0.245,0
16405,55,0,10,1.057,0.506,0.757,0.0,0.387,0.202,0
16406,71,0,12,0.907,0.599,0.907,0.0,0.36,0.192,0
16407,84,0,8,0.795,0.735,0.732,0.0,0.44,-0.013,0
16408,39,0,5,0.851,0.454,0.681,0.5,0.19,0.138,0
16409,36,0,3,0.702,0.706,0.7,0.25,0.136,-0.192,0
16410,60,0,11,0.86,0.456,0.996,0.75,0.815,-0.224,0
16411,55,0,5,0.939,0.56,0.481,0.75,0.112,0.346,0
16412,40,0,10,0.736,0.629,0.93,0.5,0.377,0.194,0
16413,66,0,5,0.979,0.573,0.179,0.0,-0.28,0.468,0
16414,63,1,4,0.739,0.611,0.664,0.0,0.392,-0.021,0
16415,32,0,5,0.812,0.475,0.147,0.0,-0.634,0.204,0
16416,49,0,12,0.976,0.485,0.816,0.0,0.521,0.247,0
16417,72,0,12,0.847,0.586,1.204,0.0,0.738,0.088,1
16418,37,0,8,1.017,0.568,1.155,0.0,0.615,0.169,0
16419,81,1,3,0.716,0.568,0.638,0.25,0.38,0.067,0
16420,67,1,7,0.883,0.525,0.411,0.0,-0.015,0.196,0
16421,33,0,10,0.846,0.606,0.554,0.25,0.128,0.322,0
16422,30,1,7,0.966,0.606,0.917,0.25,0.314,0.298,0
16423,59,0,12,0.971,0.689,0.941,0.25,0.423,0.247,0
16424,43,1,12,1.052,0.455,0.879,0.0,0.717,0.287,0
16425,49,1,12,1.01,0.604,0.739,0.0,0.575,0.447,0
16426,77,0,3,0.786,0.656,0.57,0.5,0.46,0.261,0
16427,48,1,5,0.756,0.699,0.562,0.0,-0.125,0.21,0
16428,64,1,6,0.945,0.538,0.735,0.0,0.335,0.043,0
16429,57,0,12,0.994,0.633,1.223,0.5,0.855,0.3,0
16430,80,1,4,0.7,0.458,0.32,0.0,-0.307,0.0,0
16431,75,1,12,0.846,0.381,1.251,0.5,0.911,0.227,0
16432,69,0,5,0.653,0.695,0.694,0.0,0.146,-0.161,0
16433,50,1,12,1.148,0.658,0.825,0.0,0.373,0.235,0
16434,76,0,5,0.855,0.642,0.89,0.5,0.522,0.2,0
16435,42,1,12,0.934,0.514,0.872,0.0,0.365,0.016,0
16436,82,0,4,0.843,0.632,0.736,0.0,0.401,-0.021,0
16437,66,1,12,1.215,0.556,0.792,0.5,0.319,0.524,0
16438,65,0,5,0.781,0.671,0.7,1.0,0.453,-0.083,0
16439,49,1,12,0.7,0.579,0.713,0.0,0.208,-0.149,0
16440,35,0,6,0.788,0.672,0.708,1.0,0.208,0.129,0
16441,54,1,10,0.97,0.482,0.873,0.0,0.522,0.189,0
16442,52,0,5,0.654,0.629,0.509,0.0,0.096,-0.207,0
16443,75,0,3,0.545,0.738,0.522,0.0,0.362,-0.406,0
16444,57,0,3,0.716,0.562,0.47,0.5,0.188,0.079,0
16445,50,0,4,0.722,0.645,0.427,0.0,-0.085,0.042,0
16446,41,1,8,0.735,0.659,0.871,1.0,0.589,0.046,0
16447,50,1,4,0.62,0.695,0.759,0.75,0.397,-0.212,0
16448,57,1,6,0.974,0.551,0.667,0.0,-0.096,0.248,0
16449,73,1,7,0.773,0.612,0.718,0.0,0.527,-0.099,0
16450,71,0,9,0.874,0.566,1.032,0.0,0.35,-0.048,0
16451,82,1,7,0.959,0.465,0.619,0.75,0.231,0.396,0
16452,74,1,3,0.7,0.596,0.462,0.25,-0.114,-0.21,0
16453,83,0,9,0.973,0.539,0.708,0.0,0.108,0.378,0
16454,59,0,9,1.029,0.601,0.794,0.25,0.306,0.275,0
16455,81,1,5,0.812,0.587,0.687,0.5,0.273,0.098,0
16456,35,1,6,0.843,0.625,0.619,0.0,0.521,0.103,0
16457,30,1,5,0.904,0.744,0.352,0.0,-0.243,0.219,0
16458,58,1,4,0.743,0.7,0.499,0.0,0.274,0.16,0
16459,78,1,6,0.944,0.609,0.761,0.0,0.285,0.21,0
16460,71,0,12,1.047,0.596,0.7,0.0,0.262,0.384,0
16461,64,1,11,0.924,0.494,0.951,0.5,0.518,0.098,0
16462,38,1,5,0.832,0.574,0.606,0.25,0.09,-0.228,0
16463,30,0,12,0.868,0.489,0.837,0.0,0.543,-0.184,0
16464,52,1,7,0.624,0.566,0.737,0.0,0.166,-0.211,0
16465,36,0,3,0.785,0.516,0.701,0.0,0.42,-0.147,0
16466,34,0,5,0.886,0.689,0.776,0.5,0.524,0.367,0
16467,36,0,9,0.905,0.517,0.738,0.0,0.148,0.157,0
16468,63,0,9,0.736,0.54,0.635,0.0,0.173,-0.148,0
16469,51,0,5,0.868,0.546,0.65,1.0,0.01,0.201,0
16470,84,1,8,0.782,0.55,0.609,0.0,-0.07,0.032,0
16471,58,0,8,0.634,0.541,0.882,0.0,0.186,-0.328,0
16472,81,0,9,0.907,0.628,0.804,1.0,0.108,-0.007,1
16473,75,1,8,0.84,0.565,0.994,0.0,0.752,-0.09,0
16474,58,1,4,0.946,0.548,0.624,0.0,0.079,0.182,0
16475,48,1,5,0.97,0.602,0.788,0.75,0.204,0.576,0
16476,50,0,6,0.646,0.472,0.777,0.0,0.204,-0.112,0
16477,49,1,7,0.934,0.517,0.702,0.75,0.106,0.299,0
16478,67,0,4,0.833,0.669,0.694,0.75,0.305,0.114,0
16479,43,0,5,0.693,0.553,0.7,0.5,0.187,-0.035,0
16480,47,0,4,0.936,0.689,0.874,0.25,0.246,0.055,0
16481,76,0,9,0.83,0.668,0.693,0.75,0.068,0.031,0
16482,65,0,11,0.968,0.603,1.223,0.0,0.612,0.21,0
16483,42,0,10,1.08,0.645,0.708,1.0,0.236,0.174,0
16484,35,0,7,0.744,0.473,0.729,0.0,0.517,0.069,0
16485,47,0,10,0.955,0.519,0.937,0.0,0.37,0.317,0
16486,66,1,7,0.903,0.604,0.42,0.0,0.03,0.358,0
16487,62,1,6,0.769,0.525,0.806,0.0,0.106,0.071,0
16488,30,0,7,0.842,0.556,0.869,0.25,0.271,0.148,0
16489,78,1,9,0.7,0.62,0.781,1.0,0.254,0.136,0
16490,34,1,9,0.926,0.703,0.906,0.75,0.338,0.177,0
16491,32,0,7,0.758,0.533,0.7,0.0,0.559,0.081,0
16492,33,1,8,0.779,0.525,0.826,0.5,0.464,0.193,0
16493,48,0,6,0.931,0.641,0.515,0.0,0.064,0.208,0
16494,80,0,7,0.943,0.743,0.863,0.0,0.406,0.312,1
16495,77,1,8,0.997,0.534,0.823,1.0,0.22,0.305,0
16496,52,0,11,0.867,0.633,0.994,0.25,0.616,0.291,0
16497,81,0,8,1.063,0.481,0.826,0.0,0.152,0.247,0
16498,61,1,11,0.643,0.617,0.792,0.0,0.586,-0.087,0
16499,31,1,9,0.918,0.505,0.623,0.0,0.038,0.07,0
16500,54,0,8,0.921,0.693,0.928,1.0,0.501,0.117,0
16501,82,1,11,1.011,0.478,0.885,0.0,0.404,0.468,0
16502,55,1,3,0.506,0.738,0.714,0.0,-0.019,-0.151,0
16503,70,0,12,0.916,0.592,0.719,0.0,0.157,0.216,0
16504,77,0,5,0.7,0.566,0.801,0.0,0.126,-0.058,0
16505,56,0,7,0.806,0.456,0.79,1.0,0.059,0.249,0
16506,84,1,4,0.789,0.629,0.476,0.0,0.023,0.161,0
16507,81,1,12,1.011,0.473,0.953,0.0,0.383,0.184,0
16508,45,0,12,1.13,0.696,0.93,0.0,0.114,0.36,0
16509,71,0,10,0.949,0.535,1.046,0.25,0.584,0.259,0
16510,45,0,11,0.722,0.455,0.935,0.0,0.809,-0.085,0
16511,84,1,9,1.151,0.355,0.656,0.5,0.157,0.437,1
16512,58,1,11,0.937,0.59,0.823,1.0,0.489,0.313,0
16513,30,0,12,0.942,0.49,1.096,0.0,0.298,0.174,0
16514,76,0,7,0.726,0.718,0.919,0.5,0.359,-0.085,1
16515,45,0,5,0.711,0.495,0.567,0.0,0.268,0.076,0
16516,47,1,11,1.03,0.692,1.26,0.0,0.568,0.354,0
16517,51,1,11,0.872,0.613,1.019,0.25,0.723,0.333,0
16518,67,0,4,0.612,0.505,0.741,0.0,0.064,-0.236,0
16519,34,1,3,0.973,0.547,0.279,0.0,-0.234,0.104,0
16520,76,1,6,0.837,0.761,0.764,0.0,0.102,-0.008,0
16521,69,1,9,1.226,0.512,0.955,0.0,0.361,0.657,0
16522,65,1,6,0.733,0.578,0.566,0.0,0.145,0.138,0
16523,78,0,7,0.859,0.502,0.533,0.0,0.202,-0.08,0
16524,50,0,9,1.109,0.528,0.596,0.25,0.043,0.264,0
16525,77,0,5,0.704,0.594,0.593,0.5,0.36,-0.074,0
16526,74,1,6,0.845,0.7,0.53,0.0,0.486,0.098,0
16527,54,1,8,1.01,0.464,0.875,0.0,0.267,0.157,0
16528,31,0,10,0.776,0.513,0.583,0.75,-0.066,0.012,0
16529,44,1,7,0.932,0.529,0.716,1.0,0.262,0.27,0
16530,79,1,9,0.653,0.439,0.827,0.0,0.233,0.019,1
16531,30,0,8,0.948,0.462,0.918,0.0,0.556,0.097,0
16532,78,0,6,0.839,0.485,0.527,0.0,-0.005,0.109,0
16533,32,0,5,0.901,0.714,0.677,0.0,0.495,0.137,0
16534,51,1,5,0.658,0.658,0.468,0.0,-0.159,-0.002,0
16535,33,1,7,1.054,0.633,0.542,0.0,-0.158,0.567,0
16536,55,0,8,0.801,0.53,0.696,0.0,0.292,0.051,0
16537,75,0,4,0.838,0.623,0.64,0.0,0.081,0.29,0
16538,36,1,3,0.884,0.64,0.607,0.5,0.056,0.154,0
16539,60,1,6,0.779,0.522,0.728,1.0,0.435,-0.116,0
16540,41,0,10,0.715,0.592,0.688,1.0,0.414,0.028,0
16541,60,1,9,0.839,0.561,0.689,0.0,0.263,0.316,0
16542,70,1,5,0.7,0.537,0.612,0.25,0.001,-0.023,0
16543,69,1,11,1.0,0.653,0.67,0.0,0.33,0.262,0
16544,83,1,6,1.049,0.571,0.675,0.0,0.174,0.067,1
16545,81,1,9,0.738,0.456,0.655,0.25,0.163,0.061,0
16546,36,1,8,0.918,0.564,0.874,0.0,0.339,0.303,0
16547,51,1,9,0.809,0.495,0.803,0.25,0.528,0.111,0
16548,79,1,6,0.771,0.644,0.839,0.5,0.377,0.05,0
16549,78,1,7,0.842,0.647,0.689,0.0,0.143,-0.054,1
16550,31,0,11,0.941,0.526,1.035,0.0,0.567,0.233,0
16551,35,0,11,0.835,0.524,0.664,0.25,0.143,0.135,0
16552,68,1,3,0.786,0.66,0.588,1.0,0.012,-0.138,0
16553,66,0,4,0.705,0.712,0.531,0.0,-0.003,-0.228,0
16554,55,0,3,0.632,0.645,0.641,0.0,0.291,-0.068,0
16555,34,1,7,1.057,0.573,0.343,0.0,-0.043,0.375,0
16556,43,1,9,0.906,0.569,0.85,0.75,0.472,-0.022,0
16557,78,0,4,0.91,0.595,0.399,0.5,-0.002,0.285,0
16558,63,0,8,0.701,0.7,0.738,0.0,0.244,-0.036,0
16559,80,0,5,0.871,0.569,0.715,0.25,0.457,0.193,0
16560,65,0,6,0.861,0.608,0.639,0.0,0.218,0.143,0
16561,52,0,10,1.024,0.502,0.929,1.0,0.12,0.305,0
16562,42,1,4,0.964,0.569,0.849,1.0,0.324,-0.079,0
16563,42,1,11,0.816,0.462,0.7,0.0,0.312,0.035,0
16564,30,0,7,0.93,0.45,0.527,0.5,0.036,0.434,0
16565,67,1,12,0.887,0.571,0.741,0.0,0.069,0.152,0
16566,38,0,5,0.84,0.731,0.555,0.0,-0.047,0.1,0
16567,46,0,7,0.765,0.676,0.634,0.25,0.207,-0.033,0
16568,67,1,12,0.877,0.649,1.04,0.0,0.742,0.292,0
16569,68,0,12,0.885,0.499,0.951,0.0,0.595,0.185,0
16570,72,0,5,0.861,0.767,0.414,0.0,0.069,0.313,0
16571,44,1,9,0.908,0.631,0.83,1.0,0.603,0.249,1
16572,81,0,3,0.621,0.642,0.544,0.0,-0.039,-0.263,0
16573,44,0,6,0.762,0.584,0.6,0.5,0.201,0.141,0
16574,61,0,9,0.843,0.638,0.7,0.0,0.456,0.114,0
16575,66,0,7,1.052,0.58,0.7,0.0,0.512,0.073,0
16576,49,0,6,0.977,0.593,0.645,0.0,0.347,-0.029,0
16577,40,0,3,0.7,0.572,0.551,0.75,0.406,-0.159,0
16578,47,1,3,0.801,0.669,0.489,0.0,0.015,0.133,0
16579,56,0,10,0.97,0.671,0.381,0.0,-0.156,0.097,0
16580,64,1,3,0.772,0.623,0.653,0.25,-0.001,-0.021,0
16581,76,0,4,0.831,0.552,0.638,0.5,0.271,0.104,0
16582,57,0,9,1.054,0.553,0.56,1.0,-0.163,0.317,1
16583,61,0,12,1.087,0.46,0.7,0.5,0.027,0.386,0
16584,58,1,4,0.978,0.567,0.747,1.0,0.267,0.083,0
16585,82,0,4,1.063,0.52,0.505,0.0,0.064,0.268,0
16586,71,1,10,1.011,0.526,0.851,0.0,0.283,0.216,0
16587,38,0,11,0.72,0.346,1.141,0.0,0.725,-0.017,0
16588,71,0,10,0.981,0.539,0.839,0.25,0.417,0.433,1
16589,55,0,6,0.809,0.62,0.794,0.0,0.118,0.015,0
16590,37,0,6,0.665,0.586,0.764,0.0,0.221,-0.035,0
16591,63,1,12,0.788,0.619,0.847,1.0,0.061,-0.062,1
16592,56,1,8,0.729,0.587,0.721,0.0,0.535,0.024,0
16593,80,0,12,0.942,0.499,1.013,0.0,0.201,0.267,1
16594,59,0,8,0.911,0.575,0.854,0.0,0.271,0.35,0
16595,64,1,5,0.713,0.757,0.73,0.0,0.211,-0.234,0
16596,45,0,11,1.111,0.685,1.04,1.0,0.989,0.409,0
16597,43,0,5,0.847,0.598,0.565,0.0,0.188,0.3,0
16598,46,0,8,0.917,0.578,0.473,0.25,-0.227,0.331,0
16599,61,1,4,1.029,0.653,0.705,0.0,0.197,0.343,0
16600,54,1,3,0.768,0.761,0.728,0.75,0.311,-0.058,0
16601,62,1,6,0.74,0.642,0.689,0.0,0.251,-0.049,0
16602,70,0,9,1.002,0.48,0.955,0.5,0.392,0.174,0
16603,76,1,3,0.882,0.581,0.427,0.0,-0.033,0.202,0
16604,34,0,5,0.659,0.561,0.711,0.75,-0.095,-0.318,0
16605,38,0,6,0.853,0.542,0.384,0.5,-0.017,0.106,0
16606,59,0,12,0.728,0.478,1.263,0.5,0.679,-0.096,0
16607,30,0,8,0.92,0.608,0.748,1.0,0.219,0.135,0
16608,51,1,12,1.035,0.506,0.731,0.5,0.682,0.049,0
16609,60,1,12,0.828,0.472,0.986,0.75,0.577,-0.022,0
16610,73,0,7,0.987,0.7,0.804,0.5,0.52,0.24,0
16611,61,0,10,0.655,0.604,0.851,0.0,0.419,0.017,0
16612,65,0,3,0.763,0.66,0.557,0.0,0.449,0.027,0
16613,72,0,8,0.611,0.543,0.844,0.25,0.564,0.07,0
16614,78,1,9,0.737,0.597,0.7,0.25,0.264,0.257,1
16615,45,0,6,1.019,0.641,0.481,1.0,-0.089,0.472,0
16616,55,1,3,0.909,0.498,0.572,0.75,0.142,0.194,1
16617,40,1,9,0.993,0.511,0.762,0.75,0.241,0.41,0
16618,38,0,4,0.656,0.774,0.374,0.75,-0.064,0.018,0
16619,60,0,12,1.01,0.68,0.957,0.0,0.521,0.206,0
16620,52,1,9,0.998,0.448,0.708,0.0,0.362,0.133,0
16621,42,1,3,0.738,0.524,0.609,0.25,0.204,-0.236,0
16622,69,1,8,0.734,0.509,0.781,0.75,0.169,-0.066,0
16623,55,0,5,0.592,0.65,0.566,0.0,-0.055,-0.234,0
16624,52,1,12,0.998,0.598,0.959,0.0,0.452,0.268,0
16625,49,0,8,1.018,0.628,0.901,0.0,0.483,-0.06,0
16626,50,1,8,0.844,0.692,0.825,0.25,0.56,-0.089,0
16627,46,0,9,0.78,0.659,0.717,0.5,0.203,0.123,0
16628,77,0,11,0.967,0.566,0.929,0.0,0.301,0.327,0
16629,77,1,10,1.006,0.628,0.991,0.25,0.579,0.079,1
16630,68,0,5,0.48,0.587,0.514,0.5,-0.164,-0.337,0
16631,52,0,8,0.921,0.435,0.818,0.0,0.118,0.234,0
16632,80,1,6,0.657,0.379,0.561,0.75,0.019,0.052,1
16633,52,0,12,0.883,0.737,0.848,0.0,-0.107,-0.125,0
16634,77,1,11,0.78,0.498,0.649,0.0,0.464,0.146,0
16635,67,1,4,0.853,0.606,0.749,0.0,0.093,0.334,0
16636,61,0,6,0.747,0.542,0.501,0.25,-0.063,-0.175,0
16637,67,0,9,0.743,0.553,0.924,0.0,0.618,-0.107,0
16638,57,0,4,0.833,0.563,0.572,0.0,0.099,0.098,0
16639,56,0,5,0.7,0.473,0.403,0.0,-0.141,-0.001,0
16640,75,0,8,0.892,0.473,0.816,0.0,0.371,0.255,0
16641,68,1,11,1.113,0.463,0.75,0.75,0.461,0.397,0
16642,35,0,9,0.888,0.597,0.835,0.5,0.47,0.152,0
16643,32,1,11,0.965,0.498,0.486,0.0,0.037,0.249,0
16644,61,0,9,1.008,0.496,0.908,0.0,0.36,0.071,0
16645,78,1,3,0.904,0.769,0.679,0.0,0.112,0.199,0
16646,31,1,10,0.971,0.627,0.796,0.5,0.611,0.072,0
16647,36,0,5,0.917,0.669,0.532,0.0,0.018,0.427,0
16648,72,0,11,1.037,0.641,0.927,0.0,0.716,0.326,0
16649,60,0,3,0.875,0.622,0.45,0.75,-0.38,0.164,0
16650,84,1,4,0.845,0.527,0.359,0.75,-0.454,0.045,0
16651,83,1,8,0.828,0.63,0.679,0.0,0.015,0.13,0
16652,30,0,4,0.885,0.779,0.622,0.5,0.229,-0.037,0
16653,68,0,4,0.694,0.667,0.618,0.25,0.043,-0.107,0
16654,58,1,3,0.588,0.649,0.547,0.5,0.435,-0.237,0
16655,30,0,7,0.892,0.544,0.524,0.5,-0.191,0.038,0
16656,46,0,3,0.957,0.7,0.712,0.0,0.277,0.228,0
16657,61,1,12,1.174,0.699,0.512,1.0,-0.024,0.198,0
16658,78,0,11,0.957,0.539,0.8,0.25,0.481,0.186,0
16659,61,1,6,1.011,0.69,0.677,0.0,-0.003,0.311,0
16660,68,1,3,0.838,0.589,0.434,0.0,0.032,0.314,0
16661,35,1,12,0.991,0.513,0.7,0.0,0.402,0.26,0
16662,82,1,5,0.943,0.495,0.668,0.0,0.09,0.207,0
16663,44,0,7,0.861,0.582,0.677,0.0,0.608,-0.153,0
16664,48,0,3,0.525,0.617,0.532,0.0,0.209,-0.168,0
16665,35,0,7,0.829,0.519,0.781,0.75,0.191,0.131,0
16666,47,0,7,0.894,0.648,0.876,0.0,-0.048,0.14,0
16667,79,1,4,0.773,0.558,0.556,0.0,0.071,-0.024,0
16668,56,0,4,0.713,0.623,0.44,0.0,-0.15,-0.219,0
16669,81,0,12,0.945,0.434,0.7,1.0,0.277,0.276,1
16670,54,0,9,1.068,0.649,0.642,0.0,0.16,0.383,0
16671,74,1,5,0.868,0.568,0.76,0.0,0.06,0.106,0
16672,53,0,4,1.017,0.539,0.68,0.0,0.062,0.456,0
16673,53,1,4,1.035,0.578,0.492,0.25,-0.14,0.32,0
16674,50,0,7,1.119,0.548,0.658,1.0,0.491,0.429,0
16675,38,0,7,0.598,0.415,0.822,0.0,0.459,-0.235,0
16676,80,0,11,0.877,0.553,0.7,1.0,0.189,0.131,0
16677,57,1,8,0.982,0.561,0.645,1.0,0.288,0.225,1
16678,73,1,4,0.669,0.607,0.771,0.0,0.012,-0.053,0
16679,74,1,6,0.868,0.631,0.525,0.0,-0.043,-0.006,0
16680,39,0,11,0.956,0.446,0.838,0.25,0.153,0.562,0
16681,49,0,8,0.924,0.611,0.616,1.0,0.093,0.154,0
16682,62,1,7,0.679,0.517,0.686,0.0,-0.001,0.015,0
16683,53,0,7,0.952,0.545,0.641,0.0,0.372,0.24,0
16684,64,1,4,0.887,0.477,0.31,0.0,-0.078,-0.061,0
16685,30,0,8,0.771,0.514,0.629,0.0,0.14,0.138,0
16686,80,1,11,0.896,0.576,0.994,0.0,0.395,0.087,0
16687,45,0,9,1.12,0.559,0.998,0.0,0.298,0.262,0
16688,46,1,7,0.979,0.522,0.742,0.0,0.521,0.16,0
16689,52,0,4,0.87,0.579,0.421,0.0,-0.18,-0.038,0
16690,71,0,4,0.946,0.706,0.557,0.5,-0.115,0.182,0
16691,57,1,12,1.104,0.463,1.276,0.0,0.826,0.466,0
16692,55,1,5,0.834,0.557,0.637,1.0,0.374,0.199,0
16693,33,1,5,0.812,0.47,0.565,1.0,0.376,0.185,0
16694,34,1,9,0.7,0.541,0.733,0.5,0.042,-0.062,0
16695,38,1,3,0.847,0.716,0.515,0.0,-0.032,-0.227,0
16696,75,1,10,0.881,0.481,0.676,0.0,0.012,0.101,1
16697,77,1,5,0.799,0.705,0.608,0.0,0.012,0.055,0
16698,41,1,10,0.952,0.493,1.037,0.5,0.591,0.308,0
16699,65,1,12,0.821,0.539,0.699,0.0,-0.056,0.019,0
16700,57,0,5,0.892,0.638,0.561,0.0,0.083,0.002,0
16701,46,0,10,0.707,0.529,0.778,0.0,0.216,-0.098,0
16702,59,0,8,0.749,0.528,0.997,0.0,0.394,0.079,0
16703,67,0,10,0.883,0.7,0.987,0.0,0.603,0.1,0
16704,47,1,4,1.055,0.566,0.67,0.75,0.327,0.258,0
16705,50,1,10,0.75,0.494,0.405,0.5,-0.173,-0.122,0
16706,33,1,6,0.993,0.626,0.661,0.0,0.31,0.362,0
16707,42,0,7,1.074,0.548,0.936,0.25,0.566,0.391,0
16708,67,0,10,0.943,0.648,0.92,0.25,0.341,0.223,0
16709,53,0,12,0.945,0.483,0.886,0.0,0.862,0.076,0
16710,66,1,9,0.885,0.551,0.908,0.5,0.551,0.144,0
16711,35,1,6,0.8,0.47,0.663,0.25,0.418,-0.228,0
16712,36,1,5,0.883,0.524,0.581,0.5,0.104,0.095,0
16713,56,1,11,0.85,0.52,0.637,0.0,0.14,0.141,0
16714,41,1,3,0.905,0.548,0.133,0.0,-0.126,0.202,0
16715,76,0,6,0.944,0.69,0.699,0.75,0.267,0.345,0
16716,76,0,4,0.918,0.65,0.506,0.0,0.177,0.06,0
16717,63,1,4,0.879,0.665,0.757,0.25,0.339,0.309,0
16718,75,1,10,1.018,0.532,0.717,0.75,0.22,-0.026,0
16719,35,0,10,0.979,0.605,0.683,0.0,0.263,0.187,0
16720,61,0,10,0.978,0.521,0.9,1.0,0.549,0.27,0
16721,60,1,10,0.749,0.592,1.097,0.0,0.547,-0.093,0
16722,81,1,9,1.094,0.489,1.154,0.75,0.652,0.443,0
16723,74,1,10,0.922,0.609,0.764,0.5,0.248,-0.118,0
16724,41,1,5,0.7,0.53,0.524,0.0,-0.074,0.099,0
16725,62,0,5,0.722,0.652,0.8,0.75,0.22,-0.119,0
16726,44,0,4,0.671,0.608,0.54,1.0,0.064,-0.077,0
16727,57,0,5,0.945,0.707,0.261,0.0,-0.234,0.106,0
16728,82,1,8,1.031,0.7,0.815,0.0,0.318,-0.003,0
16729,33,0,5,0.737,0.6,0.48,0.0,-0.044,0.067,0
16730,35,1,9,0.62,0.582,0.846,0.25,0.504,-0.116,0
16731,62,1,6,0.717,0.591,0.883,0.0,0.551,0.117,0
16732,73,0,5,0.804,0.487,0.842,0.0,-0.062,-0.134,0
16733,78,1,12,0.964,0.538,0.678,0.25,0.164,0.098,0
16734,40,0,11,0.83,0.555,0.737,0.0,0.385,0.119,0
16735,68,1,8,0.772,0.464,0.589,0.0,0.051,0.038,0
16736,74,1,7,1.209,0.65,0.866,0.0,0.377,0.539,0
16737,31,0,10,0.885,0.478,1.025,0.5,0.627,0.011,0
16738,40,0,8,0.772,0.592,0.932,1.0,0.324,0.158,0
16739,71,0,12,0.853,0.513,0.805,0.25,0.437,0.033,0
16740,31,1,10,0.913,0.59,0.838,0.0,0.471,0.182,0
16741,65,1,4,0.948,0.536,0.536,0.0,0.076,0.345,0
16742,74,1,8,1.046,0.449,0.688,0.0,0.256,0.25,0
16743,52,1,10,1.071,0.408,0.878,0.75,0.553,0.516,0
16744,46,0,3,0.863,0.514,0.804,0.5,-0.105,0.154,0
16745,49,0,8,0.792,0.508,0.539,0.5,-0.262,-0.081,0
16746,62,1,5,0.741,0.631,0.7,1.0,0.115,-0.162,0
16747,81,1,12,0.872,0.655,0.745,0.25,0.141,-0.036,0
16748,50,0,7,0.874,0.591,0.914,0.0,0.364,0.076,1
16749,37,1,10,1.101,0.606,1.012,0.25,0.638,0.508,0
16750,56,1,7,0.797,0.475,0.538,0.5,0.157,0.067,0
16751,60,1,5,0.781,0.676,0.746,0.0,0.139,0.031,0
16752,82,1,4,0.7,0.63,0.647,0.0,0.296,-0.058,0
16753,64,1,4,0.823,0.7,0.607,1.0,0.142,0.195,0
16754,57,0,9,0.862,0.585,0.825,1.0,0.235,0.191,0
16755,44,1,12,0.981,0.453,0.95,0.5,0.621,0.17,0
16756,46,0,5,0.791,0.484,0.766,0.5,0.512,0.003,0
16757,56,0,8,1.02,0.403,0.589,0.0,0.078,0.339,0
16758,33,1,8,0.913,0.418,0.841,0.25,0.196,0.254,0
16759,71,1,5,0.743,0.696,0.469,0.5,0.047,-0.163,0
16760,31,1,7,0.966,0.7,0.613,0.25,0.516,0.132,0
16761,78,1,3,0.96,0.613,0.402,0.0,-0.264,0.076,0
16762,61,0,7,0.711,0.573,0.924,1.0,0.432,-0.11,0
16763,50,1,12,0.984,0.627,0.905,1.0,0.22,0.288,0
16764,52,1,12,1.063,0.613,0.979,0.0,0.798,0.485,0
16765,48,0,4,0.882,0.633,0.391,0.25,-0.298,0.142,0
16766,51,1,7,0.773,0.574,0.761,0.0,0.215,0.107,0
16767,35,1,3,0.678,0.569,0.659,0.75,0.342,-0.106,0
16768,37,0,6,0.63,0.625,0.619,0.0,0.319,0.05,0
16769,75,1,3,0.65,0.662,0.419,0.25,0.104,-0.197,0
16770,81,0,5,0.878,0.649,0.83,0.5,0.319,0.105,0
16771,35,1,8,0.82,0.613,0.794,0.0,0.469,0.008,0
16772,83,1,10,0.841,0.621,0.541,0.75,0.276,0.02,0
16773,52,0,10,0.859,0.528,0.884,0.25,0.287,0.143,0
16774,54,1,7,0.894,0.583,1.017,0.0,0.655,0.168,0
16775,42,0,3,0.78,0.534,0.558,0.0,-0.07,0.171,0
16776,52,0,3,0.9,0.751,0.392,0.5,0.047,0.172,0
16777,77,1,4,0.833,0.502,0.669,1.0,0.331,0.071,0
16778,83,0,9,0.98,0.596,0.954,0.0,0.347,0.247,0
16779,66,1,9,0.956,0.554,0.515,0.25,0.01,0.117,0
16780,34,0,8,0.85,0.676,0.906,0.25,0.34,-0.009,0
16781,49,1,8,0.625,0.505,0.7,0.0,0.298,0.022,0
16782,74,1,7,1.03,0.56,0.599,0.75,0.21,0.187,0
16783,83,1,10,0.764,0.491,0.709,0.25,0.301,-0.023,1
16784,46,1,6,1.146,0.554,0.636,0.5,0.249,0.351,0
16785,72,0,7,0.729,0.456,0.81,0.0,0.462,-0.068,0
16786,78,1,11,0.882,0.635,0.888,0.5,0.594,-0.028,0
16787,80,1,5,0.714,0.642,0.432,0.75,0.012,-0.193,0
16788,66,0,6,0.923,0.491,0.896,0.0,0.616,0.123,0
16789,78,0,5,0.591,0.626,0.614,0.0,0.081,-0.363,0
16790,76,1,10,0.937,0.595,0.976,0.5,0.133,0.452,1
16791,35,0,4,0.748,0.606,0.616,0.5,0.045,0.129,0
16792,35,0,9,1.209,0.42,0.962,0.0,0.415,0.513,0
16793,71,1,12,0.964,0.667,0.858,0.5,0.038,0.237,0
16794,80,1,10,0.938,0.574,0.621,0.75,0.042,0.22,0
16795,78,1,6,0.692,0.43,0.482,0.0,-0.304,0.09,0
16796,84,0,3,0.707,0.7,0.532,0.75,-0.175,-0.057,0
16797,54,0,9,1.118,0.594,0.746,1.0,0.291,0.322,0
16798,61,1,4,0.945,0.457,0.606,0.25,0.231,0.004,0
16799,66,0,10,1.066,0.658,1.12,0.0,0.637,0.325,0
16800,41,0,5,1.0,0.477,0.417,0.5,0.069,0.302,0
16801,32,1,12,0.905,0.613,0.868,1.0,0.353,0.199,0
16802,67,0,11,1.136,0.623,1.112,0.0,0.7,0.36,0
16803,33,0,4,0.72,0.61,0.622,0.75,-0.109,-0.158,0
16804,65,1,8,0.7,0.504,0.877,0.25,0.493,-0.193,0
16805,69,0,11,0.735,0.435,0.927,0.0,0.353,0.005,0
16806,76,1,10,0.777,0.582,0.83,0.0,0.252,-0.008,0
16807,33,1,11,1.024,0.591,0.786,0.0,0.277,0.234,0
16808,45,0,4,0.638,0.634,0.654,0.0,0.14,-0.096,0
16809,48,1,4,0.658,0.633,0.649,0.5,0.155,0.048,0
16810,32,1,4,0.813,0.572,0.314,0.0,0.162,0.113,0
16811,36,0,8,0.825,0.656,0.737,0.25,0.241,0.141,0
16812,47,0,11,0.935,0.514,0.461,0.75,-0.174,0.119,0
16813,67,1,10,0.851,0.534,0.649,0.0,-0.192,0.04,0
16814,34,0,9,1.037,0.502,0.7,0.75,0.269,0.325,0
16815,56,1,12,0.973,0.664,0.955,0.0,0.687,-0.048,0
16816,66,0,12,1.104,0.586,0.706,0.0,0.106,0.55,0
16817,43,0,9,0.89,0.617,0.789,0.75,0.215,0.185,0
16818,72,1,4,0.95,0.474,0.454,0.25,-0.12,0.083,0
16819,54,0,8,0.946,0.606,0.59,0.5,0.194,0.188,0
16820,83,0,6,0.95,0.536,0.868,0.0,0.643,0.208,0
16821,35,0,8,0.813,0.555,0.597,1.0,0.282,-0.174,0
16822,34,0,6,0.835,0.776,0.497,0.75,-0.06,0.075,0
16823,66,0,10,0.952,0.475,0.87,0.25,0.23,0.136,0
16824,30,0,11,1.044,0.604,0.849,0.25,0.393,0.266,0
16825,45,0,11,0.823,0.51,0.809,0.0,0.399,-0.052,0
16826,48,0,10,0.907,0.683,0.933,1.0,0.301,0.084,0
16827,33,0,5,0.841,0.64,1.141,0.25,0.857,0.044,0
16828,58,0,12,1.026,0.552,0.87,0.0,0.507,0.153,0
16829,72,1,11,1.102,0.622,0.846,0.0,0.467,0.491,0
16830,67,1,7,0.682,0.658,1.009,0.25,0.444,-0.162,0
16831,84,0,6,0.971,0.35,0.795,0.0,0.374,0.313,0
16832,39,0,5,0.818,0.512,0.817,0.0,0.122,-0.058,0
16833,73,1,12,0.881,0.52,0.911,0.0,0.229,0.216,0
16834,46,1,8,0.692,0.613,0.611,0.0,0.284,0.072,0
16835,35,0,8,0.98,0.458,0.769,0.0,0.322,0.176,0
16836,49,0,11,1.063,0.52,1.031,0.25,0.607,0.288,0
16837,73,1,11,1.178,0.51,0.788,1.0,0.001,0.455,0
16838,30,0,5,0.759,0.662,0.617,0.5,0.354,-0.002,0
16839,30,1,8,0.978,0.503,1.064,0.5,0.561,0.373,0
16840,57,1,5,0.908,0.654,0.588,0.0,-0.112,0.032,0
16841,34,0,7,0.993,0.586,0.641,0.0,0.093,0.065,0
16842,67,0,11,1.047,0.614,0.873,0.0,0.589,0.257,0
16843,77,1,4,0.823,0.492,0.623,0.0,0.323,0.085,0
16844,63,1,7,0.674,0.471,1.037,0.5,0.73,-0.134,0
16845,79,0,8,1.059,0.629,0.78,0.0,0.516,0.218,1
16846,34,0,5,0.712,0.785,0.744,0.0,0.124,0.07,0
16847,36,1,3,0.739,0.509,0.7,0.0,-0.151,0.065,0
16848,49,0,3,0.916,0.753,0.475,0.25,0.053,0.034,0
16849,36,0,7,0.941,0.494,0.683,0.5,0.162,0.144,0
16850,63,0,11,0.783,0.534,0.938,0.0,0.552,-0.193,0
16851,62,1,3,0.798,0.633,0.327,0.0,-0.048,0.079,0
16852,64,1,9,0.934,0.659,0.606,0.0,-0.082,0.134,0
16853,67,1,5,0.759,0.466,0.74,0.5,0.358,-0.22,0
16854,41,0,6,0.6,0.605,0.998,0.0,0.472,-0.009,0
16855,44,1,6,0.638,0.531,0.481,0.0,0.188,-0.047,0
16856,65,0,12,0.94,0.367,1.095,0.5,0.111,0.11,1
16857,54,0,11,0.895,0.518,0.502,0.75,0.116,-0.145,0
16858,60,0,12,0.927,0.593,1.134,0.75,0.776,-0.026,0
16859,58,1,7,0.823,0.638,0.905,0.75,0.489,-0.109,0
16860,39,0,6,0.605,0.58,0.756,1.0,0.381,0.005,0
16861,75,0,9,0.93,0.429,0.719,0.0,0.42,-0.012,0
16862,30,1,7,0.521,0.652,0.873,0.5,0.409,-0.226,0
16863,41,0,6,1.0,0.604,0.739,0.25,0.356,0.29,0
16864,34,1,12,0.868,0.517,0.86,0.0,0.375,0.319,0
16865,79,0,11,0.928,0.637,0.663,0.5,0.336,0.427,0
16866,63,1,6,0.605,0.535,0.885,0.0,0.573,0.057,0
16867,58,0,3,0.746,0.634,0.797,0.25,0.247,-0.144,0
16868,38,1,8,0.784,0.774,0.441,0.5,0.16,0.069,0
16869,61,0,6,1.017,0.514,0.7,0.0,0.267,0.108,0
16870,68,1,6,0.833,0.599,0.213,0.0,-0.296,0.059,0
16871,40,1,12,1.094,0.463,0.756,0.0,0.297,0.23,0
16872,56,0,11,0.955,0.623,1.006,0.25,0.674,0.195,0
16873,83,0,12,1.028,0.515,0.855,0.0,0.882,0.413,1
16874,42,0,4,0.901,0.518,0.221,1.0,-0.342,0.199,0
16875,84,1,9,1.091,0.594,0.836,0.0,0.129,0.233,0
16876,75,1,6,0.965,0.503,0.596,0.0,0.141,0.5,0
16877,64,0,4,0.894,0.426,0.915,0.0,0.357,0.008,0
16878,64,0,7,1.047,0.629,0.796,0.5,0.182,0.366,0
16879,63,1,5,0.7,0.665,0.826,0.0,0.306,0.061,0
16880,84,0,4,0.796,0.603,0.618,0.25,0.115,0.177,0
16881,66,1,6,1.016,0.584,0.615,0.75,-0.088,0.426,0
16882,58,0,3,0.833,0.575,0.686,0.0,0.356,-0.062,0
16883,63,0,10,1.003,0.533,0.96,0.25,0.619,0.266,0
16884,49,1,5,0.958,0.522,0.747,0.0,0.255,0.365,0
16885,78,1,4,0.781,0.652,0.807,0.75,-0.139,-0.041,0
16886,43,0,4,0.764,0.485,0.534,1.0,-0.008,0.064,0
16887,40,1,3,0.888,0.7,0.648,0.0,-0.052,0.031,0
16888,43,1,10,0.783,0.6,1.107,0.25,0.407,0.055,0
16889,72,0,4,0.752,0.575,0.545,0.25,0.261,0.015,0
16890,42,1,11,0.833,0.618,0.763,0.0,0.297,0.098,0
16891,58,1,4,0.905,0.491,0.564,0.0,0.246,-0.108,0
16892,61,0,5,0.968,0.511,0.273,0.25,-0.069,0.398,0
16893,83,0,6,0.942,0.499,0.742,0.25,0.258,0.16,0
16894,54,1,7,0.769,0.436,0.752,0.0,0.37,-0.085,0
16895,42,1,4,0.811,0.643,0.739,0.5,0.274,0.127,0
16896,56,1,7,0.846,0.69,0.549,0.0,0.275,0.247,0
16897,78,1,12,1.101,0.581,0.914,0.0,0.132,0.369,0
16898,30,1,10,1.147,0.668,0.985,0.0,0.624,0.399,0
16899,64,1,12,1.084,0.537,0.706,0.0,-0.344,0.247,0
16900,30,1,9,1.031,0.553,0.688,0.25,0.505,0.31,0
16901,39,0,12,1.1,0.676,0.9,0.25,0.624,0.48,0
16902,79,1,4,0.996,0.559,0.322,0.0,-0.266,0.226,0
16903,69,0,3,0.701,0.586,0.57,0.0,0.22,0.052,0
16904,70,1,3,0.698,0.619,0.329,0.5,0.09,-0.091,0
16905,74,1,10,1.168,0.454,0.769,0.25,0.491,0.486,0
16906,78,1,5,0.8,0.63,0.7,1.0,0.74,0.072,0
16907,66,1,4,0.67,0.649,0.677,0.5,0.172,-0.3,0
16908,69,1,5,1.034,0.57,0.388,0.0,-0.016,0.427,0
16909,59,0,11,0.575,0.468,0.775,0.0,0.173,-0.248,0
16910,66,1,6,0.998,0.668,0.566,0.25,0.042,0.407,0
16911,38,1,9,0.936,0.629,0.836,0.0,0.597,0.36,0
16912,56,0,8,0.854,0.491,0.461,0.0,-0.151,0.022,0
16913,68,0,12,0.866,0.669,0.633,0.0,0.343,0.012,0
16914,53,1,4,0.713,0.579,0.726,0.0,0.049,0.004,0
16915,48,0,8,0.81,0.605,0.606,0.0,0.161,-0.006,0
16916,46,1,12,0.951,0.63,0.887,0.0,0.427,0.393,0
16917,42,1,6,0.773,0.472,0.582,0.0,0.202,0.151,0
16918,80,1,7,0.903,0.461,0.673,0.0,0.076,0.301,0
16919,40,1,9,0.821,0.59,0.705,0.5,-0.14,-0.189,0
16920,57,1,6,0.855,0.632,0.814,0.75,0.366,0.075,0
16921,41,0,5,0.72,0.634,0.733,0.5,0.36,-0.087,0
16922,79,0,11,1.09,0.615,0.61,0.0,0.218,0.335,0
16923,59,0,11,0.968,0.6,0.917,0.0,0.577,0.264,0
16924,46,1,6,0.943,0.586,0.315,0.75,0.103,0.412,0
16925,66,1,10,0.975,0.526,0.873,0.0,0.321,0.177,0
16926,42,1,10,0.831,0.502,0.714,0.0,0.481,0.171,0
16927,68,0,9,1.118,0.552,0.96,0.0,0.23,0.443,0
16928,43,0,11,1.03,0.545,0.968,0.25,0.356,0.326,0
16929,73,0,9,0.945,0.528,0.931,0.0,0.389,0.208,0
16930,49,0,6,0.899,0.524,0.909,0.75,0.565,0.355,0
16931,33,1,10,0.88,0.396,0.99,0.0,0.511,0.258,0
16932,71,1,11,0.853,0.412,0.781,0.0,0.388,0.148,0
16933,51,1,3,0.729,0.692,0.594,0.0,0.192,-0.036,0
16934,41,0,11,0.992,0.565,1.136,0.5,0.677,0.154,0
16935,74,1,4,0.714,0.476,0.517,1.0,0.311,0.111,0
16936,38,1,7,1.105,0.63,0.81,0.5,0.027,0.298,0
16937,36,0,7,1.162,0.576,0.673,0.0,0.027,0.51,0
16938,56,0,4,0.795,0.605,0.968,0.75,0.495,0.049,0
16939,79,1,7,0.896,0.648,0.739,0.25,-0.019,0.279,0
16940,61,1,3,0.83,0.556,0.664,0.5,0.021,0.13,0
16941,35,0,8,0.743,0.567,0.791,0.0,-0.152,0.186,0
16942,50,0,8,0.7,0.562,0.75,0.5,0.632,-0.094,0
16943,53,1,12,1.087,0.577,0.65,0.0,-0.072,0.239,0
16944,67,1,9,0.84,0.491,0.966,0.0,0.74,-0.054,0
16945,55,0,9,0.956,0.499,0.59,0.0,-0.045,0.191,0
16946,53,1,6,1.034,0.564,0.857,0.0,0.126,0.252,0
16947,58,1,7,0.777,0.579,0.484,0.25,-0.012,-0.028,0
16948,74,1,7,0.713,0.579,0.862,1.0,0.179,-0.134,0
16949,74,0,6,0.932,0.623,0.51,0.25,-0.112,0.399,0
16950,46,0,6,0.906,0.603,0.398,0.0,-0.13,0.146,0
16951,49,1,10,0.793,0.614,1.027,1.0,0.693,-0.194,0
16952,45,1,11,0.893,0.67,0.97,0.0,0.315,0.012,0
16953,38,1,9,0.918,0.54,0.692,0.5,0.28,0.218,0
16954,63,1,4,0.822,0.761,0.555,0.75,0.203,-0.129,0
16955,69,1,10,0.797,0.514,0.663,0.25,0.195,-0.164,0
16956,80,0,12,0.915,0.499,0.995,0.0,0.743,0.145,0
16957,70,0,6,1.125,0.693,0.858,0.0,0.082,0.342,0
16958,62,0,6,0.91,0.511,0.848,0.0,0.161,0.087,0
16959,48,1,7,0.859,0.548,0.927,0.0,0.565,0.163,0
16960,59,0,6,0.967,0.646,0.873,0.25,0.271,0.176,0
16961,49,0,6,0.977,0.46,0.625,0.75,-0.071,0.353,0
16962,56,1,6,0.764,0.586,0.668,0.0,-0.019,0.078,0
16963,65,0,5,1.002,0.645,0.851,0.5,0.532,0.37,0
16964,67,0,8,0.875,0.548,0.773,0.25,0.454,0.107,0
16965,56,0,10,0.988,0.437,0.663,0.0,0.288,0.056,0
16966,83,0,11,0.949,0.457,1.151,0.75,0.582,0.36,0
16967,76,0,7,0.818,0.44,0.749,0.0,0.106,0.085,0
16968,75,0,9,0.941,0.733,0.661,0.0,0.119,0.283,0
16969,31,0,6,0.709,0.598,0.5,0.0,0.025,0.026,0
16970,55,0,9,1.01,0.683,0.677,0.0,0.091,0.202,0
16971,75,0,12,0.873,0.513,0.816,0.0,0.276,0.13,1
16972,42,1,9,0.71,0.507,0.629,0.25,-0.162,0.106,0
16973,47,1,12,0.922,0.612,0.984,0.75,0.617,0.249,0
16974,79,1,9,1.01,0.483,0.826,0.0,0.235,0.31,0
16975,65,0,9,1.011,0.532,0.574,0.25,0.133,0.153,0
16976,78,1,3,0.866,0.674,0.584,0.5,0.227,-0.046,1
16977,46,0,3,0.721,0.742,0.627,0.0,-0.021,-0.159,0
16978,35,1,8,0.803,0.638,0.655,0.75,0.216,-0.005,0
16979,47,1,10,0.966,0.651,0.79,1.0,0.417,0.11,0
16980,43,0,4,1.056,0.666,0.582,0.25,0.439,0.3,0
16981,84,0,6,0.767,0.7,1.198,0.25,0.632,-0.1,0
16982,59,1,12,0.906,0.582,0.642,0.5,-0.155,0.292,1
16983,38,0,5,0.869,0.58,0.517,0.75,0.009,0.158,0
16984,54,0,4,0.911,0.455,0.736,0.75,0.189,0.221,0
16985,50,1,11,0.883,0.461,0.465,0.25,0.149,0.185,0
16986,62,0,8,0.733,0.529,0.867,0.0,0.395,0.143,0
16987,69,0,7,0.805,0.519,0.45,0.0,-0.156,0.117,0
16988,50,0,3,0.935,0.64,0.431,0.5,-0.147,0.09,0
16989,47,0,4,0.916,0.566,0.806,1.0,0.294,0.223,0
16990,80,1,3,0.698,0.643,0.865,0.5,0.502,-0.089,0
16991,64,1,8,1.087,0.52,0.632,0.0,0.166,0.533,1
16992,82,1,5,0.667,0.588,0.634,0.5,0.113,0.1,0
16993,82,1,10,1.011,0.663,0.562,0.75,-0.07,0.131,1
16994,79,1,12,0.658,0.572,0.72,1.0,0.192,-0.127,0
16995,57,0,6,0.649,0.745,1.089,0.0,0.596,-0.153,0
16996,42,1,5,0.693,0.729,0.532,0.25,0.089,0.064,0
16997,58,1,4,0.847,0.605,0.803,0.0,0.277,0.131,0
16998,57,0,3,0.696,0.582,0.604,0.5,-0.035,-0.101,0
16999,54,1,10,0.994,0.661,0.771,0.75,0.407,0.314,0
17000,79,1,10,0.745,0.638,0.761,1.0,0.259,-0.147,1
17001,32,1,7,1.01,0.495,0.692,1.0,-0.008,0.284,0
17002,35,1,6,0.847,0.704,0.766,0.25,0.261,0.128,0
17003,36,0,10,1.051,0.541,0.824,0.0,0.34,0.234,0
17004,53,0,9,0.993,0.536,0.798,0.5,0.371,0.374,0
17005,77,0,4,0.7,0.591,0.536,1.0,0.276,0.058,0
17006,67,0,4,0.827,0.6,0.533,1.0,0.086,0.017,0
17007,31,1,11,0.7,0.454,0.823,0.0,0.468,-0.062,0
17008,60,1,7,0.781,0.594,0.844,0.0,0.376,0.213,0
17009,43,0,5,0.699,0.577,0.561,0.75,-0.012,-0.132,0
17010,70,1,7,0.975,0.63,0.607,0.0,0.271,0.163,0
17011,52,0,12,0.876,0.591,0.919,0.25,0.197,0.041,0
17012,67,0,3,0.868,0.618,0.483,0.25,-0.076,0.145,0
17013,69,1,9,0.838,0.58,0.841,0.0,0.583,0.056,0
17014,84,0,11,0.65,0.428,0.7,0.25,0.31,-0.077,1
17015,70,0,7,0.751,0.564,0.598,0.0,0.082,0.051,0
17016,32,1,6,0.98,0.53,0.576,0.0,-0.036,0.028,0
17017,42,1,10,1.005,0.589,0.758,0.5,0.391,0.242,0
17018,43,0,9,1.071,0.632,0.767,0.5,0.199,0.172,0
17019,40,1,4,0.829,0.633,0.632,1.0,0.136,0.178,0
17020,83,0,12,1.144,0.466,0.98,0.25,0.505,0.495,0
17021,30,0,10,0.954,0.447,0.795,0.25,0.4,0.312,0
17022,37,0,8,0.822,0.474,0.786,0.0,0.188,0.181,0
17023,48,0,4,0.677,0.601,0.496,0.5,-0.022,-0.065,0
17024,82,1,9,0.788,0.554,0.794,0.75,0.377,0.127,0
17025,46,0,7,1.03,0.435,0.747,0.25,0.293,0.313,0
17026,39,1,4,0.575,0.706,0.369,0.25,-0.144,-0.224,0
17027,51,0,12,0.954,0.497,0.942,1.0,0.521,0.23,0
17028,52,1,11,0.842,0.701,0.799,0.0,0.099,0.187,0
17029,73,1,5,0.751,0.615,0.544,0.0,0.084,0.017,0
17030,75,0,9,0.969,0.519,0.601,0.0,-0.165,0.124,0
17031,40,1,8,0.996,0.529,0.744,0.0,0.468,0.099,0
17032,45,1,9,1.102,0.503,0.687,0.25,0.227,0.359,0
17033,49,0,11,0.979,0.625,0.954,0.25,0.559,0.162,0
17034,75,0,7,0.926,0.629,0.709,0.0,0.272,0.103,0
17035,37,0,3,0.976,0.648,0.373,0.0,-0.019,0.347,0
17036,63,1,10,1.153,0.545,0.628,0.0,0.334,0.3,0
17037,76,0,8,0.89,0.543,0.727,1.0,0.489,0.214,0
17038,33,1,3,0.594,0.7,0.501,0.0,-0.219,-0.155,1
17039,79,0,12,1.018,0.622,0.857,0.0,0.3,0.189,0
17040,54,1,6,0.807,0.778,0.654,0.5,0.203,-0.237,0
17041,46,0,9,1.033,0.445,0.652,0.75,0.335,0.22,0
17042,74,0,12,1.03,0.531,0.847,0.5,0.133,0.093,1
17043,34,1,5,0.859,0.602,0.702,0.0,0.462,0.233,0
17044,68,1,9,0.803,0.591,0.563,0.0,-0.137,0.09,0
17045,30,1,9,1.05,0.609,0.637,0.5,0.476,0.35,0
17046,41,1,6,0.709,0.553,0.637,0.0,0.283,-0.207,0
17047,41,1,7,0.785,0.675,0.62,0.0,-0.256,-0.078,0
17048,73,1,5,0.813,0.528,0.326,1.0,-0.06,-0.106,0
17049,38,1,6,0.88,0.656,0.555,0.0,0.089,0.17,0
17050,59,0,12,0.942,0.539,1.182,0.0,0.835,0.144,0
17051,68,1,8,0.861,0.627,0.714,0.25,0.285,0.085,0
17052,81,0,10,0.834,0.471,0.573,0.0,0.15,-0.148,0
17053,47,0,8,0.821,0.7,0.758,0.0,0.326,0.067,0
17054,75,1,12,0.942,0.37,1.278,0.25,1.095,-0.033,0
17055,36,0,6,0.865,0.395,0.744,1.0,0.362,0.05,0
17056,84,0,5,0.873,0.542,0.415,1.0,0.193,-0.01,0
17057,65,0,11,1.206,0.553,0.884,0.5,0.48,0.325,1
17058,69,1,6,1.02,0.604,0.764,0.25,0.362,0.265,0
17059,41,1,7,0.753,0.573,0.691,0.0,0.399,-0.053,0
17060,53,1,10,0.974,0.647,0.657,0.25,0.017,0.155,0
17061,45,0,4,0.771,0.496,0.491,0.5,0.237,0.08,0
17062,41,0,7,0.635,0.534,0.499,0.5,0.233,-0.065,0
17063,53,1,3,0.763,0.612,0.525,1.0,-0.04,0.043,0
17064,64,1,3,0.918,0.683,0.632,0.25,0.107,-0.048,0
17065,60,1,5,0.904,0.56,0.7,0.5,0.11,0.067,1
17066,84,1,8,0.811,0.546,0.547,0.0,-0.097,0.114,0
17067,61,1,8,1.109,0.606,0.808,0.5,0.151,0.409,0
17068,76,0,3,0.865,0.722,0.478,0.25,0.188,0.111,0
17069,49,1,5,0.932,0.637,0.609,0.75,-0.091,0.133,0
17070,51,0,9,0.976,0.605,0.758,0.75,-0.024,0.444,0
17071,65,1,10,0.937,0.453,0.59,0.5,-0.008,0.298,0
17072,37,0,9,0.95,0.588,0.836,1.0,0.42,0.111,0
17073,36,0,7,0.861,0.675,0.812,1.0,0.338,0.098,0
17074,78,0,6,0.994,0.629,0.768,0.0,0.04,0.355,0
17075,58,0,9,0.881,0.509,0.951,1.0,0.639,0.184,0
17076,84,1,6,0.891,0.652,0.445,0.25,0.173,0.098,0
17077,36,1,10,1.092,0.535,0.984,0.25,0.541,0.151,0
17078,84,0,12,0.859,0.394,1.112,0.0,0.822,0.114,0
17079,32,1,4,0.821,0.553,0.458,0.0,0.04,0.164,0
17080,41,0,6,0.826,0.505,0.651,0.0,0.235,0.088,0
17081,50,0,10,1.116,0.7,0.708,0.5,0.379,0.445,0
17082,62,0,12,1.064,0.466,0.548,1.0,-0.16,0.018,0
17083,58,0,6,0.714,0.592,0.699,0.75,0.176,-0.377,0
17084,43,1,8,0.704,0.525,0.963,0.0,0.634,0.292,0
17085,83,1,12,0.894,0.402,1.128,0.5,0.785,0.044,0
17086,77,0,12,0.808,0.64,1.033,0.0,0.404,0.078,0
17087,33,1,3,0.861,0.63,0.78,0.25,-0.019,0.217,0
17088,39,1,11,1.02,0.646,0.957,1.0,0.465,0.338,0
17089,59,0,3,0.875,0.671,0.845,0.0,0.397,0.317,0
17090,56,1,10,0.871,0.432,0.717,0.0,0.446,0.044,0
17091,37,0,9,0.766,0.556,0.712,0.5,0.03,-0.028,0
17092,31,1,4,0.889,0.696,0.217,0.5,-0.108,0.2,0
17093,51,1,11,0.986,0.518,1.158,0.25,0.768,0.314,0
17094,70,0,5,0.749,0.56,0.556,0.0,0.058,0.246,0
17095,79,1,4,0.853,0.624,0.66,0.0,0.44,0.196,0
17096,45,0,12,1.165,0.633,0.925,0.5,0.417,0.258,0
17097,61,0,4,0.861,0.702,0.781,0.0,0.345,0.017,0
17098,37,0,5,0.853,0.7,0.987,0.25,0.452,0.131,0
17099,72,0,11,1.057,0.467,0.824,0.0,0.481,0.178,0
17100,81,1,11,0.83,0.641,0.711,0.25,0.64,0.13,0
17101,54,1,10,1.239,0.541,0.974,0.0,0.477,0.495,0
17102,47,1,10,0.834,0.531,0.861,0.0,0.44,0.036,0
17103,68,1,3,0.929,0.639,0.466,1.0,0.117,0.052,0
17104,77,0,3,0.757,0.557,0.713,0.0,0.303,0.073,0
17105,62,1,9,1.097,0.662,0.743,0.0,0.664,0.397,0
17106,61,0,10,0.991,0.631,1.003,0.25,0.474,0.375,0
17107,65,0,4,0.987,0.639,0.252,0.0,-0.193,0.153,0
17108,34,0,12,0.793,0.445,1.137,0.75,0.741,-0.116,0
17109,31,0,6,0.905,0.671,0.846,1.0,0.146,-0.127,0
17110,64,0,11,0.7,0.566,0.855,0.25,0.345,-0.094,0
17111,44,0,7,0.883,0.671,0.565,0.0,0.153,0.381,0
17112,78,0,3,0.854,0.736,0.575,0.0,0.028,0.118,0
17113,76,1,4,0.951,0.62,0.618,0.75,0.173,0.171,0
17114,54,0,9,1.022,0.489,0.839,0.25,0.496,0.328,0
17115,48,1,8,0.952,0.658,0.557,0.0,-0.034,0.09,0
17116,79,0,9,0.857,0.499,0.873,0.0,0.703,0.266,0
17117,58,1,8,0.982,0.516,0.827,0.25,0.476,0.149,0
17118,83,0,7,0.84,0.522,0.549,0.0,-0.048,0.181,0
17119,38,1,8,0.953,0.554,0.716,0.75,0.082,0.1,0
17120,42,0,7,0.754,0.7,0.748,0.25,0.155,0.037,0
17121,45,0,9,0.803,0.528,0.782,0.75,0.173,0.326,0
17122,53,1,10,0.931,0.547,0.976,0.25,0.608,0.209,0
17123,52,1,8,0.703,0.584,0.75,0.5,0.045,-0.035,0
17124,59,1,3,0.766,0.648,0.832,0.0,0.727,-0.163,0
17125,48,0,11,1.152,0.493,0.911,0.0,0.559,0.395,0
17126,73,0,12,1.068,0.488,0.906,0.0,0.269,0.434,0
17127,77,0,4,0.772,0.579,0.765,0.5,-0.044,-0.275,1
17128,70,0,3,1.011,0.663,0.471,0.0,0.329,0.21,0
17129,54,0,8,0.854,0.549,0.797,0.0,0.56,0.15,0
17130,32,1,4,0.813,0.722,0.766,0.0,0.066,0.064,0
17131,32,1,11,1.081,0.592,0.654,1.0,0.081,0.453,0
17132,48,1,7,0.862,0.565,0.775,0.0,0.128,0.104,0
17133,75,0,11,0.8,0.588,0.856,0.75,0.308,-0.173,0
17134,64,0,5,0.739,0.652,0.7,0.25,0.299,-0.047,0
17135,49,1,6,0.974,0.74,0.579,0.5,0.252,0.29,0
17136,84,0,6,0.81,0.56,1.114,0.5,0.609,-0.105,0
17137,73,1,4,0.822,0.732,0.757,0.75,0.341,0.16,1
17138,62,1,10,0.873,0.59,1.074,1.0,0.903,0.099,0
17139,59,1,10,0.7,0.606,0.965,0.0,0.499,-0.294,0
17140,74,0,7,0.759,0.514,0.599,0.75,-0.044,0.039,0
17141,30,1,5,0.914,0.553,0.47,0.25,-0.142,0.218,0
17142,76,1,11,0.847,0.615,0.887,0.0,0.364,0.13,0
17143,60,0,4,0.748,0.755,0.532,0.0,0.041,-0.149,0
17144,34,1,6,0.622,0.667,0.704,0.0,0.144,-0.355,0
17145,47,1,10,1.09,0.663,0.793,1.0,0.309,0.189,0
17146,70,1,5,0.78,0.823,0.793,0.0,0.26,0.125,0
17147,55,1,7,0.703,0.508,0.424,0.0,0.115,-0.036,0
17148,34,0,7,1.032,0.569,0.785,0.5,0.206,0.266,0
17149,58,1,7,0.802,0.572,0.669,0.25,-0.018,0.081,0
17150,41,1,9,1.051,0.597,0.784,0.0,0.238,0.209,0
17151,79,1,3,0.717,0.592,0.288,0.0,-0.236,-0.157,0
17152,44,0,6,0.7,0.549,0.616,0.0,0.349,0.0,0
17153,38,1,7,0.758,0.652,0.51,0.25,0.088,-0.164,0
17154,81,0,6,0.85,0.536,0.501,0.75,-0.124,0.165,0
17155,66,1,7,0.942,0.549,1.021,0.0,0.934,0.032,0
17156,40,1,3,0.758,0.516,0.83,0.0,0.417,0.122,0
17157,66,0,8,0.996,0.694,0.844,0.25,0.79,0.25,0
17158,69,0,5,0.763,0.636,0.707,0.0,0.434,0.05,0
17159,41,0,11,0.788,0.547,0.957,0.0,0.257,0.021,0
17160,73,0,4,0.858,0.642,0.335,0.0,-0.208,0.15,0
17161,39,0,12,0.899,0.649,0.926,0.75,0.266,-0.012,0
17162,39,0,4,1.082,0.621,0.414,0.0,0.024,0.16,0
17163,58,1,5,1.043,0.52,0.842,0.75,0.572,0.181,0
17164,80,1,11,0.96,0.7,0.778,0.5,0.445,-0.011,1
17165,68,1,3,0.793,0.497,0.535,0.0,-0.22,-0.121,0
17166,67,0,3,0.582,0.527,0.409,0.5,-0.101,-0.075,0
17167,38,1,8,0.642,0.725,0.481,0.25,0.149,0.006,0
17168,68,0,6,0.908,0.537,0.658,0.5,0.256,0.369,1
17169,56,0,11,1.078,0.531,0.87,0.25,0.585,0.349,0
17170,67,1,12,0.863,0.597,0.951,0.75,0.786,-0.035,0
17171,71,0,9,0.842,0.516,0.864,1.0,0.547,-0.012,1
17172,55,1,11,0.95,0.589,0.764,0.75,0.209,0.36,0
17173,76,1,12,1.026,0.603,0.704,0.0,0.315,0.176,0
17174,51,1,7,0.719,0.53,0.629,0.0,0.449,-0.16,0
17175,38,1,7,0.725,0.552,0.604,0.0,0.085,0.067,0
17176,68,0,8,0.944,0.593,1.114,0.0,0.602,0.207,0
17177,48,0,9,0.991,0.525,0.998,0.0,0.695,0.209,0
17178,54,1,8,1.052,0.525,0.436,0.0,-0.05,0.329,0
17179,62,1,4,0.874,0.73,0.438,0.0,0.113,0.084,0
17180,40,1,10,1.001,0.603,0.861,0.0,0.439,0.215,0
17181,50,0,12,1.037,0.64,0.775,0.0,0.235,0.238,0
17182,68,0,5,0.536,0.621,0.594,0.0,0.311,0.004,0
17183,81,1,10,0.862,0.53,1.043,1.0,0.356,0.261,0
17184,53,0,6,0.765,0.668,0.526,0.0,0.029,0.008,0
17185,55,1,7,0.765,0.622,1.114,0.0,0.533,0.011,0
17186,33,1,4,0.838,0.706,0.609,0.25,-0.156,-0.06,0
17187,69,0,10,0.812,0.457,0.699,0.0,0.398,0.13,0
17188,53,1,4,0.847,0.594,0.937,0.0,0.652,0.22,0
17189,62,1,8,0.85,0.567,1.01,0.0,0.699,0.225,0
17190,41,0,7,0.758,0.519,1.094,0.0,0.63,-0.146,0
17191,33,0,12,0.969,0.53,1.032,0.0,0.502,0.224,0
17192,38,1,11,0.992,0.501,0.614,0.0,0.215,0.292,0
17193,80,0,5,0.721,0.485,0.574,1.0,0.33,-0.148,0
17194,64,1,8,0.931,0.559,0.744,0.0,0.476,0.211,0
17195,60,1,5,0.989,0.653,0.64,0.25,0.412,0.11,0
17196,76,1,9,0.876,0.506,0.81,0.0,0.542,0.09,0
17197,79,1,12,0.885,0.524,1.016,0.0,0.358,0.05,0
17198,70,0,9,0.878,0.447,0.876,0.5,0.346,0.138,0
17199,82,1,12,0.792,0.572,0.975,0.0,0.48,-0.012,0
17200,30,1,3,0.7,0.501,0.548,0.5,-0.134,-0.097,0
17201,78,0,5,0.581,0.681,0.379,0.0,-0.055,-0.184,0
17202,51,0,12,0.944,0.677,0.895,0.0,0.377,0.488,0
17203,37,1,9,0.908,0.388,0.67,0.25,0.332,0.102,0
17204,66,1,9,0.941,0.555,0.809,0.0,0.374,0.023,0
17205,46,0,6,0.659,0.642,0.808,1.0,0.232,-0.04,0
17206,68,0,9,0.923,0.645,0.768,0.0,0.376,0.2,0
17207,64,1,5,0.973,0.64,0.823,0.0,0.387,0.041,0
17208,31,1,4,0.727,0.583,0.719,0.5,0.136,0.173,0
17209,44,1,10,0.827,0.7,0.78,0.5,0.288,-0.02,0
17210,49,1,5,0.926,0.633,0.594,0.75,-0.077,0.34,0
17211,51,1,7,0.787,0.665,0.567,0.0,-0.088,0.149,0
17212,49,0,6,0.947,0.628,0.647,0.0,-0.0,0.127,0
17213,60,1,7,0.738,0.561,0.752,1.0,0.16,0.08,0
17214,38,1,8,0.847,0.625,0.995,0.5,0.48,0.036,0
17215,70,0,5,0.83,0.569,0.752,1.0,0.385,-0.006,0
17216,72,1,9,0.878,0.52,0.942,0.0,0.482,0.23,0
17217,36,0,9,0.715,0.551,0.809,1.0,0.437,-0.285,0
17218,71,1,11,1.015,0.558,0.839,0.5,0.223,0.119,0
17219,36,1,10,0.84,0.499,0.836,0.0,0.127,0.284,0
17220,83,1,8,0.935,0.578,0.566,0.5,0.047,0.074,0
17221,68,1,9,1.164,0.721,0.903,0.0,0.709,0.553,0
17222,37,0,3,0.705,0.479,0.35,0.0,0.187,0.222,0
17223,60,0,9,1.039,0.7,0.431,0.5,-0.095,0.341,0
17224,58,0,12,0.928,0.559,0.826,0.0,0.258,0.113,0
17225,35,0,7,0.707,0.579,0.857,0.0,0.541,0.141,0
17226,66,0,4,0.764,0.704,0.416,0.0,-0.113,0.033,0
17227,73,0,11,0.949,0.551,0.594,0.0,0.378,0.271,0
17228,34,0,6,0.926,0.767,0.882,0.0,0.664,0.123,0
17229,41,1,12,1.116,0.623,1.306,0.75,0.726,0.091,0
17230,69,1,3,0.842,0.799,0.647,0.0,0.503,0.162,0
17231,48,1,4,0.911,0.618,0.7,0.25,0.01,0.214,0
17232,43,0,11,0.981,0.376,0.638,0.0,-0.045,0.226,0
17233,73,0,12,0.766,0.607,1.242,1.0,0.617,-0.106,0
17234,56,0,3,0.892,0.5,0.462,0.0,-0.083,0.215,0
17235,56,0,11,1.04,0.456,0.976,0.75,0.425,0.229,0
17236,38,0,6,0.7,0.53,0.534,0.0,0.102,0.118,0
17237,62,0,10,1.192,0.603,0.704,0.75,0.073,0.4,0
17238,49,0,8,0.767,0.575,0.554,0.0,0.221,-0.042,0
17239,84,1,6,0.892,0.508,0.51,0.0,-0.029,0.052,0
17240,30,1,5,0.945,0.72,0.527,0.0,-0.107,0.181,0
17241,44,0,11,0.954,0.457,0.873,0.0,0.106,0.234,0
17242,79,0,10,0.921,0.547,0.825,0.0,0.368,0.295,0
17243,39,1,10,0.877,0.683,1.135,0.75,0.572,0.126,1
17244,42,0,5,0.819,0.444,0.732,0.0,0.275,-0.122,0
17245,38,0,4,0.778,0.478,0.432,1.0,0.081,0.182,0
17246,43,0,3,0.797,0.65,0.318,0.0,0.119,-0.033,0
17247,37,1,4,0.771,0.575,0.441,0.0,-0.162,0.117,0
17248,37,1,8,1.018,0.574,0.505,0.25,-0.09,0.183,0
17249,55,1,6,0.853,0.549,0.656,0.25,0.359,0.093,0
17250,51,0,7,0.891,0.485,0.554,0.0,-0.213,-0.113,0
17251,33,1,8,0.99,0.49,0.637,0.0,-0.063,0.202,0
17252,71,1,5,0.759,0.66,0.7,0.0,0.39,-0.002,0
17253,47,1,5,0.784,0.614,0.657,0.0,0.413,0.084,0
17254,31,1,12,0.857,0.489,0.865,1.0,0.468,0.103,0
17255,39,0,4,0.973,0.622,0.602,0.0,-0.151,0.423,0
17256,38,0,10,0.959,0.596,1.353,1.0,0.883,0.274,0
17257,70,0,12,1.035,0.559,0.674,0.75,0.238,0.433,0
17258,61,0,9,0.773,0.473,0.723,0.75,0.629,-0.055,0
17259,44,1,10,1.032,0.632,0.689,0.0,0.495,0.173,0
17260,49,0,4,0.483,0.594,0.763,0.0,0.172,-0.218,0
17261,72,1,8,0.854,0.521,0.939,0.25,0.614,0.185,0
17262,61,0,8,0.904,0.483,0.816,0.0,-0.027,0.174,0
17263,51,1,6,0.807,0.671,0.601,0.0,0.245,0.27,0
17264,63,1,4,0.934,0.542,0.923,0.0,0.483,0.311,0
17265,56,0,4,0.695,0.574,0.594,0.75,0.197,-0.168,0
17266,44,1,12,1.015,0.43,0.996,0.0,0.539,0.282,0
17267,60,1,10,0.993,0.522,0.682,0.0,-0.04,0.375,0
17268,66,0,4,0.867,0.655,0.81,0.5,0.439,0.221,0
17269,67,1,8,0.862,0.633,0.935,1.0,0.276,0.18,0
17270,39,0,11,0.918,0.533,0.742,0.0,0.136,0.071,0
17271,75,1,10,0.896,0.653,1.147,0.0,0.632,0.046,0
17272,83,0,12,1.013,0.712,0.592,1.0,0.22,0.139,0
17273,67,1,4,0.987,0.573,0.434,0.0,0.036,0.356,0
17274,65,0,7,0.954,0.629,0.867,0.75,0.324,0.096,0
17275,53,0,11,1.033,0.572,0.792,0.25,0.187,0.378,0
17276,74,0,10,0.958,0.7,0.919,0.25,0.743,0.168,0
17277,47,1,12,0.952,0.665,1.05,0.0,0.34,0.358,0
17278,82,0,3,0.735,0.793,0.483,0.5,0.287,0.086,0
17279,31,1,5,0.879,0.532,0.368,0.5,-0.444,0.099,0
17280,62,1,11,0.939,0.604,0.739,0.75,0.185,0.307,0
17281,65,1,9,0.899,0.535,0.603,0.0,-0.108,0.143,0
17282,80,1,4,0.916,0.655,0.676,0.75,0.193,0.047,0
17283,76,1,3,0.959,0.613,0.724,0.0,0.485,0.236,0
17284,70,1,12,0.939,0.387,0.809,0.0,0.412,-0.097,0
17285,45,0,9,0.761,0.481,0.7,0.5,0.55,-0.081,0
17286,51,1,5,0.769,0.54,0.802,0.0,0.375,-0.004,0
17287,84,0,12,1.3,0.467,1.015,0.0,0.315,0.525,0
17288,58,1,11,0.843,0.505,0.532,0.25,-0.009,0.034,0
17289,83,0,12,0.948,0.515,0.635,0.0,0.062,0.146,0
17290,56,1,9,0.954,0.493,0.753,0.0,-0.0,0.328,0
17291,69,1,12,0.841,0.53,1.137,0.25,0.64,0.179,1
17292,38,1,3,0.654,0.546,0.265,0.0,-0.259,-0.053,0
17293,69,0,8,0.628,0.627,0.672,0.0,0.075,-0.226,0
17294,47,1,10,0.739,0.468,0.528,0.5,0.191,-0.141,0
17295,64,1,10,0.867,0.618,0.784,0.0,0.083,0.211,0
17296,66,1,7,0.934,0.551,0.563,1.0,0.078,0.194,0
17297,56,1,6,0.917,0.586,0.235,0.0,-0.386,0.146,0
17298,82,1,5,0.833,0.628,0.824,0.75,0.446,0.058,0
17299,66,0,7,0.715,0.633,0.838,0.0,0.586,0.022,0
17300,60,0,5,0.859,0.515,0.569,0.0,-0.041,0.104,0
17301,48,1,9,0.955,0.565,0.979,0.25,0.331,0.322,0
17302,82,1,3,0.716,0.653,0.478,0.5,-0.095,0.101,0
17303,33,1,4,0.798,0.598,0.482,0.0,0.298,0.126,0
17304,41,1,6,0.85,0.541,0.733,0.25,0.192,0.033,0
17305,42,1,7,0.861,0.651,0.724,0.25,0.149,0.059,0
17306,60,1,6,0.85,0.54,0.998,0.0,0.401,0.184,0
17307,42,1,4,0.777,0.618,0.877,0.75,0.298,0.05,0
17308,82,1,8,1.0,0.691,1.033,0.0,0.395,0.355,0
17309,56,1,12,0.909,0.523,1.118,1.0,0.67,0.168,0
17310,77,1,11,1.071,0.533,0.936,1.0,0.43,0.258,0
17311,75,0,7,0.961,0.454,0.613,0.0,-0.015,0.046,0
17312,44,0,12,1.035,0.481,0.893,0.25,0.622,0.125,0
17313,39,0,10,0.773,0.509,0.906,0.25,0.402,0.178,0
17314,80,1,12,0.975,0.511,1.018,0.25,0.62,0.193,0
17315,58,1,11,0.949,0.494,0.617,0.75,0.197,0.364,0
17316,80,1,5,0.848,0.531,0.416,0.0,0.094,0.058,0
17317,40,0,3,0.735,0.649,0.553,0.0,-0.184,-0.13,0
17318,43,0,6,1.141,0.551,0.731,0.25,0.175,0.206,0
17319,80,0,3,0.778,0.583,0.652,0.25,0.029,-0.051,0
17320,43,1,10,0.822,0.467,0.861,0.25,0.68,-0.316,0
17321,33,1,10,0.898,0.564,0.794,0.0,0.094,0.243,0
17322,69,0,3,0.75,0.624,0.682,0.0,0.13,0.148,0
17323,33,0,11,0.904,0.551,0.903,0.0,0.296,0.068,0
17324,36,1,4,0.7,0.534,0.42,1.0,-0.196,-0.234,0
17325,72,0,6,0.74,0.767,0.766,1.0,-0.015,0.054,0
17326,84,1,6,0.931,0.573,0.443,0.25,-0.259,0.214,0
17327,77,0,5,0.765,0.632,0.683,0.0,0.199,0.152,0
17328,44,0,3,0.615,0.665,0.553,1.0,0.0,-0.323,0
17329,72,0,8,0.987,0.56,0.717,0.5,0.404,-0.029,0
17330,60,1,10,0.843,0.488,1.063,0.0,0.537,0.104,0
17331,67,1,3,0.7,0.632,0.533,0.0,0.179,-0.043,0
17332,82,1,5,0.796,0.661,0.536,0.25,-0.164,0.036,0
17333,43,0,8,1.047,0.65,0.7,0.75,0.231,0.144,0
17334,57,0,10,0.694,0.498,0.799,0.5,0.677,-0.186,0
17335,65,0,7,0.975,0.555,0.249,0.25,-0.082,0.277,0
17336,73,1,10,0.762,0.609,0.813,0.0,0.339,0.09,0
17337,68,1,9,0.966,0.47,0.661,0.0,0.339,0.262,0
17338,62,1,12,1.047,0.686,0.646,0.25,0.191,0.332,0
17339,71,1,12,1.221,0.575,0.803,1.0,0.216,0.319,1
17340,56,1,12,0.7,0.615,0.982,0.0,0.484,-0.079,0
17341,63,1,5,0.754,0.525,0.707,0.0,-0.001,-0.039,0
17342,63,0,11,0.954,0.461,0.718,0.0,0.16,0.339,0
17343,56,1,3,0.817,0.757,0.654,0.25,-0.046,0.135,0
17344,43,1,9,0.694,0.689,0.572,1.0,0.142,-0.266,0
17345,66,0,5,0.9,0.703,0.445,1.0,0.201,0.117,0
17346,68,1,10,0.7,0.495,0.795,1.0,0.33,0.065,0
17347,34,1,8,0.936,0.575,0.643,0.0,0.162,0.174,0
17348,38,1,10,1.031,0.572,0.962,1.0,0.225,0.331,1
17349,83,0,11,1.037,0.524,0.713,0.0,0.156,0.241,0
17350,77,0,8,0.83,0.609,1.002,0.0,0.571,-0.067,0
17351,72,1,7,0.935,0.575,0.887,0.0,0.315,0.276,0
17352,51,1,5,0.841,0.584,0.72,0.0,-0.134,0.095,0
17353,37,1,4,0.859,0.571,0.857,0.5,0.157,0.054,0
17354,61,1,10,0.553,0.564,0.844,1.0,0.275,-0.479,0
17355,32,0,10,0.869,0.46,0.7,0.0,0.516,-0.041,0
17356,34,0,10,0.951,0.581,0.779,0.0,0.378,0.352,0
17357,83,0,3,0.869,0.532,0.595,0.0,0.191,0.079,0
17358,35,0,9,1.022,0.528,0.319,0.5,0.086,0.576,0
17359,57,1,12,0.806,0.625,1.148,0.75,0.645,0.118,0
17360,80,0,4,0.962,0.578,0.747,0.0,0.411,0.039,0
17361,51,1,12,0.722,0.527,1.265,0.0,0.565,0.134,0
17362,57,0,7,0.926,0.685,0.703,0.5,0.436,0.188,0
17363,65,0,3,0.73,0.519,0.56,1.0,-0.237,-0.036,0
17364,71,0,9,0.93,0.403,0.953,0.0,0.358,0.218,0
17365,47,1,8,0.972,0.61,0.572,0.5,0.154,0.113,0
17366,69,1,5,0.711,0.521,0.633,0.25,0.199,0.031,0
17367,37,1,3,0.851,0.7,0.315,0.0,-0.353,-0.009,0
17368,50,0,3,0.861,0.498,0.349,0.0,-0.18,0.294,0
17369,79,1,10,1.031,0.492,0.985,0.0,0.633,0.389,1
17370,68,1,3,0.474,0.604,0.446,0.0,-0.049,-0.34,0
17371,75,0,4,0.873,0.572,0.916,0.0,0.353,0.172,0
17372,35,0,9,1.054,0.616,0.839,0.0,0.686,0.351,0
17373,82,1,7,0.879,0.61,0.75,0.0,0.315,0.134,0
17374,36,1,3,0.486,0.683,0.475,0.0,-0.04,-0.259,0
17375,54,1,8,0.873,0.405,0.714,0.0,0.418,0.214,0
17376,51,1,4,0.73,0.344,0.339,0.25,-0.262,-0.283,0
17377,67,0,9,1.018,0.7,0.564,0.0,0.145,0.405,0
17378,34,0,11,0.992,0.589,0.858,0.75,0.35,0.362,0
17379,48,0,3,0.758,0.605,0.373,1.0,-0.054,0.156,0
17380,64,1,5,0.652,0.602,0.613,0.25,0.126,0.081,0
17381,74,0,11,1.084,0.758,1.053,0.25,0.76,0.325,0
17382,78,1,3,0.786,0.471,0.408,0.0,0.146,0.166,0
17383,40,0,11,0.716,0.598,1.195,1.0,0.722,-0.057,0
17384,32,0,6,1.118,0.514,0.591,1.0,0.082,0.375,0
17385,73,1,8,0.915,0.617,0.729,0.0,0.394,0.117,0
17386,37,0,3,0.843,0.7,0.48,0.0,-0.109,0.145,0
17387,69,1,8,0.934,0.509,0.819,0.5,0.486,0.019,0
17388,34,0,12,0.958,0.505,1.205,0.5,0.568,0.164,0
17389,39,1,10,0.962,0.565,0.536,0.0,-0.006,0.18,0
17390,51,1,5,0.954,0.59,0.616,0.0,-0.13,0.296,0
17391,32,1,6,0.85,0.485,0.466,0.25,0.204,0.215,0
17392,41,0,9,0.929,0.558,0.631,0.75,-0.086,0.199,0
17393,69,1,11,0.918,0.609,0.881,0.25,0.454,0.356,0
17394,63,0,7,0.931,0.557,0.704,0.25,0.405,0.138,0
17395,64,1,3,0.794,0.607,0.462,0.0,-0.453,-0.11,0
17396,79,1,8,0.84,0.578,0.674,0.0,0.302,0.138,0
17397,55,1,4,0.62,0.553,0.516,1.0,0.039,-0.115,0
17398,59,0,11,1.002,0.451,0.401,1.0,-0.128,0.424,1
17399,77,0,9,1.023,0.62,0.952,0.0,0.666,0.216,0
17400,35,0,5,1.085,0.574,0.804,0.0,0.327,0.283,0
17401,62,0,12,0.856,0.544,0.85,0.0,0.121,0.039,0
17402,43,1,6,0.811,0.581,0.743,0.0,0.539,0.171,0
17403,77,0,6,0.708,0.575,0.765,0.75,0.408,0.107,0
17404,42,1,12,0.844,0.555,0.877,0.0,0.433,0.247,0
17405,84,0,6,0.797,0.69,0.732,1.0,0.205,0.02,1
17406,49,0,9,0.841,0.645,0.665,0.0,0.144,-0.052,0
17407,36,0,3,0.7,0.623,0.361,0.0,0.021,0.056,0
17408,35,1,11,0.936,0.491,0.611,1.0,0.314,0.31,0
17409,78,1,9,1.037,0.584,0.893,0.0,0.57,0.337,0
17410,30,1,4,1.036,0.526,0.618,0.0,0.122,0.382,0
17411,48,1,8,0.586,0.535,1.028,0.25,0.512,-0.235,0
17412,46,0,3,0.512,0.497,0.78,0.5,0.287,-0.217,0
17413,43,1,5,0.599,0.716,0.524,0.0,0.129,-0.298,0
17414,67,0,7,0.983,0.629,0.672,0.0,0.155,0.222,0
17415,68,1,12,0.845,0.511,0.718,0.5,0.187,0.119,1
17416,81,1,8,0.898,0.596,0.74,0.0,0.488,0.299,0
17417,39,0,4,0.495,0.511,0.56,0.5,-0.019,-0.136,0
17418,65,0,5,0.907,0.599,0.58,0.5,0.076,0.24,0
17419,74,1,6,0.871,0.688,0.806,0.25,0.54,0.096,0
17420,84,0,4,0.819,0.393,0.163,0.5,-0.031,-0.093,0
17421,66,0,6,0.911,0.594,1.05,0.0,0.636,0.16,0
17422,42,0,4,0.767,0.737,0.412,0.0,0.062,0.01,0
17423,34,0,5,0.992,0.615,0.362,0.5,-0.017,0.374,0
17424,65,0,4,0.898,0.564,0.661,0.25,0.085,0.121,0
17425,79,0,8,0.88,0.551,0.806,1.0,0.215,0.276,0
17426,42,1,10,0.851,0.647,0.889,0.25,0.318,0.039,0
17427,67,1,7,0.907,0.549,0.931,0.0,0.231,0.455,0
17428,82,0,8,0.7,0.605,0.816,0.25,0.489,-0.002,1
17429,54,0,5,1.008,0.7,0.671,0.25,0.092,0.256,0
17430,51,0,6,0.783,0.571,0.737,0.5,0.082,-0.127,0
17431,65,0,7,0.949,0.62,0.641,0.5,0.241,0.218,0
17432,69,1,7,0.859,0.772,1.039,0.5,0.636,0.148,0
17433,42,1,4,0.883,0.615,0.79,0.5,0.492,0.129,0
17434,66,0,4,0.784,0.601,0.879,0.0,0.308,0.14,0
17435,84,0,3,0.706,0.62,0.496,1.0,0.079,0.083,0
17436,75,0,10,0.773,0.598,1.089,0.0,0.626,0.076,0
17437,47,0,3,0.795,0.631,0.263,0.5,-0.11,0.11,0
17438,67,1,3,0.531,0.569,0.369,0.0,0.016,-0.163,0
17439,55,1,5,0.666,0.562,0.391,0.25,-0.058,0.025,0
17440,68,0,5,0.758,0.599,0.699,1.0,0.127,0.048,0
17441,65,0,5,0.891,0.752,0.673,0.0,0.407,-0.047,0
17442,54,1,6,0.744,0.605,1.094,0.0,0.393,0.039,0
17443,55,1,3,1.021,0.6,0.564,1.0,0.226,0.266,0
17444,34,1,7,0.994,0.521,0.781,0.5,0.2,0.254,0
17445,56,1,7,0.823,0.537,0.788,0.5,0.105,0.093,0
17446,33,1,11,0.893,0.472,0.729,0.0,0.32,0.385,0
17447,83,1,12,1.077,0.607,0.843,0.5,0.359,0.338,0
17448,64,1,11,0.962,0.7,0.68,1.0,0.21,0.068,0
17449,75,0,5,0.707,0.458,0.456,0.0,0.215,-0.116,0
17450,52,0,10,1.062,0.579,0.859,0.25,0.327,0.531,0
17451,73,0,7,0.999,0.585,0.626,1.0,0.174,0.351,0
17452,38,0,3,0.586,0.594,0.656,0.0,0.404,0.02,0
17453,41,1,3,0.903,0.508,0.648,0.0,0.434,0.226,0
17454,63,1,11,0.953,0.568,0.873,0.25,0.555,0.207,0
17455,60,0,5,0.691,0.632,0.652,0.0,0.037,-0.029,0
17456,33,1,10,0.983,0.531,0.544,0.25,0.059,0.256,0
17457,33,1,7,0.736,0.585,0.746,0.5,0.046,-0.056,0
17458,52,0,12,1.084,0.624,0.912,0.0,0.843,0.233,0
17459,63,0,12,1.026,0.438,0.832,1.0,0.377,0.349,0
17460,79,0,10,0.73,0.592,0.802,0.5,0.149,-0.092,0
17461,44,0,10,0.807,0.561,0.964,1.0,0.395,0.107,0
17462,72,1,4,0.932,0.652,0.716,0.0,0.239,0.076,0
17463,32,1,11,0.7,0.514,0.995,0.0,0.363,-0.213,0
17464,82,1,6,0.639,0.469,0.613,0.5,0.167,-0.163,0
17465,75,0,6,0.974,0.481,0.634,0.0,-0.198,0.263,1
17466,70,1,5,1.053,0.602,0.492,0.0,-0.214,0.081,0
17467,31,0,10,0.966,0.505,0.491,0.0,0.164,0.365,0
17468,72,1,5,0.941,0.7,0.793,0.0,0.093,0.241,0
17469,73,0,4,0.714,0.548,0.596,0.5,0.164,-0.174,1
17470,81,0,12,1.078,0.553,0.848,0.5,0.329,0.362,0
17471,45,1,12,0.989,0.403,0.902,0.0,0.509,0.06,0
17472,74,1,8,0.881,0.42,0.68,0.0,0.057,0.08,1
17473,82,0,7,0.86,0.613,0.661,0.25,0.363,0.233,0
17474,80,0,4,0.7,0.591,0.169,0.0,-0.425,-0.096,0
17475,34,0,9,0.951,0.603,0.849,0.0,0.404,0.328,0
17476,77,0,4,0.997,0.55,0.502,0.25,0.156,0.443,0
17477,82,1,11,0.761,0.541,0.911,0.0,0.323,0.089,0
17478,57,1,9,0.932,0.513,0.761,0.5,0.147,0.12,0
17479,58,1,11,0.925,0.517,1.002,0.0,0.49,0.25,0
17480,55,1,8,0.936,0.412,0.746,0.75,0.25,0.174,0
17481,45,1,3,0.74,0.562,0.643,0.25,0.273,0.099,0
17482,56,1,8,0.801,0.521,0.749,0.5,0.197,0.075,0
17483,77,0,8,1.093,0.504,0.982,0.0,0.559,0.324,0
17484,68,1,7,0.915,0.626,0.52,0.5,-0.222,0.14,0
17485,52,1,7,0.926,0.618,0.555,0.0,0.096,0.205,0
17486,43,0,6,0.719,0.62,0.467,0.0,0.017,-0.14,0
17487,83,1,11,1.048,0.52,0.822,0.25,0.243,0.319,0
17488,56,1,12,0.7,0.441,0.942,0.5,0.514,-0.062,0
17489,30,0,4,0.86,0.653,0.627,0.75,0.172,0.141,0
17490,71,1,10,1.123,0.581,1.058,0.0,0.358,0.438,0
17491,57,1,5,0.7,0.62,0.878,0.0,0.452,-0.019,0
17492,81,0,6,0.7,0.58,0.477,0.0,0.134,-0.135,0
17493,82,1,12,1.233,0.474,1.036,1.0,0.61,0.496,1
17494,39,1,11,0.871,0.62,0.685,0.0,0.309,0.048,0
17495,52,0,8,0.827,0.599,0.597,0.0,0.054,0.064,0
17496,50,1,8,0.877,0.578,0.711,0.0,0.347,0.304,0
17497,30,1,7,0.933,0.575,0.7,0.0,0.295,0.156,0
17498,54,1,5,0.743,0.63,0.854,1.0,0.391,0.023,0
17499,55,1,5,0.764,0.7,0.63,0.0,-0.098,0.079,0
17500,42,0,8,0.799,0.654,0.833,0.5,0.352,-0.028,0
17501,36,0,5,0.782,0.673,0.478,0.75,-0.039,-0.04,0
17502,67,1,10,0.893,0.592,0.769,0.5,0.408,-0.047,0
17503,65,0,6,0.933,0.639,0.92,0.0,0.642,0.33,0
17504,44,0,10,0.832,0.7,0.966,0.5,0.473,0.018,0
17505,71,0,7,0.988,0.633,0.497,0.0,-0.126,0.382,0
17506,51,1,11,1.059,0.476,0.911,0.0,0.463,0.434,0
17507,83,0,3,0.88,0.56,0.648,0.75,0.305,0.271,0
17508,49,1,8,0.841,0.576,0.752,0.0,0.019,0.072,0
17509,62,1,3,0.686,0.7,0.446,0.0,0.277,-0.054,0
17510,61,0,11,0.672,0.524,1.172,0.25,0.641,-0.035,0
17511,62,1,12,0.731,0.499,1.069,1.0,0.445,-0.042,0
17512,62,1,9,0.937,0.535,0.754,0.0,0.19,0.075,0
17513,82,0,5,0.836,0.598,0.342,0.5,-0.06,0.136,0
17514,47,1,8,0.881,0.466,0.767,0.25,0.073,0.08,0
17515,37,0,3,0.767,0.5,0.69,0.0,0.357,-0.082,0
17516,43,1,6,0.845,0.58,0.578,1.0,0.13,0.168,0
17517,73,0,6,0.888,0.471,0.922,0.0,0.396,0.233,0
17518,44,1,4,0.859,0.7,0.499,0.25,0.229,0.084,0
17519,78,0,8,0.759,0.632,0.643,0.0,0.504,-0.282,0
17520,68,0,8,0.89,0.581,0.663,0.25,0.438,0.018,0
17521,79,1,10,0.758,0.708,0.983,0.25,0.283,-0.102,1
17522,48,0,6,0.782,0.644,0.563,0.25,0.039,0.005,0
17523,75,0,12,0.995,0.547,1.178,0.0,0.78,0.179,0
17524,32,1,7,0.744,0.605,0.709,0.0,0.345,-0.046,0
17525,56,1,6,0.724,0.663,0.374,1.0,-0.053,0.116,0
17526,54,1,9,0.782,0.561,0.891,0.0,0.276,-0.009,1
17527,72,1,9,0.714,0.518,0.535,0.5,0.123,0.009,0
17528,48,0,3,0.594,0.571,0.558,0.75,-0.329,-0.235,0
17529,76,0,5,0.817,0.637,0.593,0.25,-0.199,0.189,0
17530,73,1,9,0.776,0.503,0.833,0.5,0.382,-0.006,0
17531,76,1,4,0.944,0.659,0.493,0.0,0.323,0.139,0
17532,50,0,4,0.898,0.543,0.284,0.0,-0.048,0.115,0
17533,76,1,3,0.597,0.602,0.7,0.0,0.245,-0.165,0
17534,49,1,6,0.874,0.689,0.643,0.25,0.127,-0.029,0
17535,32,0,7,0.949,0.666,0.569,0.0,-0.179,-0.002,0
17536,81,1,8,0.816,0.514,0.906,0.5,0.875,0.173,0
17537,69,1,11,0.848,0.505,0.999,0.0,0.352,0.019,0
17538,68,1,11,0.927,0.595,1.005,0.0,0.305,-0.021,0
17539,61,1,10,0.874,0.586,1.007,0.0,0.652,-0.005,0
17540,66,0,5,0.894,0.608,0.715,0.25,0.015,0.115,0
17541,36,1,5,0.828,0.612,0.291,0.0,-0.163,0.021,0
17542,46,0,4,0.782,0.551,0.683,0.25,0.404,0.067,0
17543,59,1,6,0.661,0.607,0.722,0.25,0.27,-0.06,0
17544,68,0,9,1.108,0.564,0.741,0.25,0.457,0.276,0
17545,61,0,11,0.7,0.61,0.919,0.0,0.597,-0.201,0
17546,60,0,9,1.028,0.528,0.699,0.0,0.106,0.45,0
17547,51,0,4,0.7,0.545,0.599,0.25,-0.052,-0.241,0
17548,69,1,7,0.746,0.502,0.678,0.0,0.459,0.053,0
17549,42,1,4,0.787,0.609,1.016,0.5,0.876,0.08,0
17550,48,1,10,0.953,0.7,0.911,0.75,0.549,0.019,0
17551,71,0,10,0.974,0.553,0.934,0.0,0.474,0.391,0
17552,30,0,12,0.893,0.451,0.7,0.25,0.272,0.155,0
17553,66,0,5,0.754,0.565,0.48,0.5,0.151,0.127,0
17554,32,0,3,0.718,0.598,0.358,0.0,0.013,-0.079,0
17555,70,0,8,1.011,0.508,0.527,1.0,-0.173,0.411,1
17556,49,0,12,0.779,0.491,0.802,0.0,0.253,-0.125,0
17557,78,0,12,0.874,0.543,0.817,1.0,0.429,0.151,1
17558,47,0,6,0.714,0.592,0.544,0.0,0.029,0.106,0
17559,37,1,5,0.845,0.606,0.589,0.0,0.032,0.005,0
17560,41,0,6,0.839,0.518,0.267,0.5,-0.213,0.14,0
17561,44,1,8,0.963,0.762,0.957,0.0,0.389,0.17,0
17562,80,0,12,1.145,0.501,0.929,0.25,0.235,0.261,0
17563,60,1,3,1.049,0.697,0.713,0.25,0.313,0.257,0
17564,64,0,10,0.936,0.431,0.838,1.0,0.382,0.208,0
17565,73,1,4,0.96,0.524,0.703,1.0,0.186,0.456,0
17566,32,0,7,0.927,0.63,0.83,1.0,0.556,0.356,0
17567,35,1,3,0.532,0.546,0.476,0.0,0.076,-0.26,0
17568,48,0,5,0.691,0.562,0.654,0.0,-0.046,0.102,0
17569,67,1,11,0.682,0.553,0.7,0.25,0.0,-0.149,1
17570,43,1,10,0.816,0.564,0.788,0.0,0.503,-0.001,0
17571,59,1,6,0.636,0.493,0.643,0.0,0.339,-0.151,0
17572,78,0,11,1.093,0.535,1.233,0.25,1.035,0.475,0
17573,81,0,9,1.145,0.603,0.57,0.5,0.258,0.414,0
17574,49,0,8,0.991,0.55,0.988,0.5,0.586,0.29,0
17575,48,0,11,0.971,0.659,0.699,0.0,0.427,0.204,0
17576,67,1,8,0.953,0.442,0.649,0.25,0.403,0.147,0
17577,72,1,12,0.599,0.573,0.7,1.0,0.205,-0.148,0
17578,46,0,12,0.953,0.685,0.854,0.5,0.409,0.205,0
17579,73,0,12,0.991,0.582,1.155,0.0,0.512,0.265,0
17580,42,1,6,0.769,0.577,0.836,0.0,0.189,-0.136,0
17581,74,0,12,0.828,0.563,1.077,0.0,0.679,-0.107,0
17582,68,1,12,1.145,0.543,0.969,0.25,0.6,0.403,0
17583,59,1,5,1.029,0.619,0.753,1.0,0.251,0.337,1
17584,47,0,4,0.957,0.472,0.457,0.0,0.138,0.239,0
17585,80,1,7,0.897,0.547,0.734,0.0,0.517,-0.145,0
17586,72,0,9,0.868,0.489,0.616,0.5,0.163,0.288,0
17587,62,0,5,0.615,0.495,0.497,0.0,0.005,-0.029,0
17588,65,1,10,0.753,0.455,0.841,0.0,0.141,0.078,0
17589,42,0,4,0.768,0.703,0.839,1.0,0.031,-0.025,0
17590,83,1,7,0.907,0.66,0.864,0.0,0.342,0.048,1
17591,38,1,11,0.695,0.499,0.669,0.0,0.248,-0.05,0
17592,67,1,12,0.882,0.639,0.998,0.75,0.382,-0.015,1
17593,53,0,9,0.948,0.488,0.7,0.0,0.145,0.114,0
17594,36,0,5,0.844,0.533,0.483,0.25,0.241,0.202,0
17595,49,1,5,0.936,0.53,0.435,0.25,-0.25,0.296,0
17596,82,1,3,0.983,0.597,0.685,0.0,0.365,0.38,0
17597,66,1,8,0.883,0.574,0.836,0.0,0.436,0.346,0
17598,50,1,7,0.795,0.597,0.66,0.25,-0.178,-0.212,0
17599,41,0,7,0.842,0.386,1.017,1.0,0.448,-0.227,0
17600,78,0,12,0.936,0.453,1.247,0.75,0.66,0.301,0
17601,77,1,10,0.727,0.446,1.362,0.0,0.828,-0.1,1
17602,53,0,7,0.901,0.7,0.47,0.25,0.286,0.374,0
17603,59,1,8,0.827,0.513,0.594,0.0,0.359,0.268,0
17604,33,1,5,1.006,0.693,0.325,0.0,-0.322,0.34,0
17605,37,1,12,0.753,0.628,0.796,0.75,0.147,-0.266,0
17606,60,0,12,0.925,0.475,0.869,1.0,0.543,0.117,0
17607,74,0,12,0.943,0.394,1.173,0.0,0.913,0.029,0
17608,78,0,11,1.071,0.666,0.449,0.0,-0.209,0.463,0
17609,49,1,11,1.13,0.641,0.7,0.0,0.178,0.43,0
17610,73,0,10,1.054,0.627,1.016,0.0,0.586,0.239,0
17611,75,0,9,0.94,0.485,0.464,0.25,-0.434,0.242,0
17612,61,1,4,0.677,0.687,0.653,0.0,0.165,0.059,0
17613,67,1,6,0.825,0.6,0.829,0.0,0.464,0.264,0
17614,84,1,11,0.946,0.576,0.762,0.25,0.266,0.465,0
17615,63,1,8,0.837,0.7,0.69,0.75,0.245,0.141,0
17616,81,0,9,0.894,0.588,0.877,0.0,0.322,0.322,0
17617,38,1,6,0.829,0.536,0.563,0.0,0.088,0.091,0
17618,78,1,5,0.792,0.686,0.593,0.25,0.18,-0.04,0
17619,56,0,11,1.013,0.692,0.813,0.0,0.465,0.216,0
17620,72,0,12,0.878,0.423,0.732,0.0,0.102,-0.022,0
17621,64,1,5,0.713,0.606,0.663,0.0,0.07,-0.171,0
17622,74,0,10,0.912,0.618,0.782,1.0,0.174,0.212,1
17623,40,0,5,1.044,0.604,0.418,1.0,0.234,0.446,0
17624,40,0,5,0.678,0.525,0.562,1.0,0.375,-0.086,0
17625,63,1,10,1.047,0.448,0.711,0.75,0.233,0.064,0
17626,84,0,10,0.966,0.727,0.823,0.0,0.512,-0.064,0
17627,82,1,11,0.807,0.637,0.919,0.5,0.364,0.014,0
17628,58,1,3,0.812,0.598,0.583,0.75,0.493,0.258,0
17629,72,1,3,0.674,0.588,0.303,0.0,-0.161,-0.112,0
17630,61,0,11,0.993,0.51,0.891,0.5,0.169,0.319,1
17631,84,1,4,0.729,0.57,0.157,0.0,-0.29,-0.232,0
17632,80,0,12,0.713,0.542,0.899,0.0,0.379,-0.111,0
17633,49,0,9,0.846,0.437,0.7,0.25,-0.08,0.043,0
17634,47,1,4,0.613,0.644,0.697,0.25,0.355,0.162,0
17635,49,1,4,1.065,0.699,0.873,0.0,0.305,0.276,0
17636,32,0,9,0.908,0.418,0.752,0.5,0.102,0.281,0
17637,43,0,6,0.813,0.643,0.546,0.0,-0.188,0.163,0
17638,38,1,10,0.975,0.452,0.744,1.0,-0.212,0.049,0
17639,50,0,3,0.899,0.713,0.726,0.0,0.118,0.045,0
17640,59,1,11,1.226,0.598,0.98,0.5,0.407,0.42,1
17641,72,1,8,0.936,0.565,0.65,0.25,0.32,0.202,0
17642,42,1,4,0.764,0.543,0.575,0.5,0.318,0.067,0
17643,66,0,4,0.888,0.561,0.437,0.25,-0.028,-0.063,0
17644,42,1,9,0.859,0.58,0.911,0.0,0.375,0.206,0
17645,75,1,8,0.768,0.536,0.649,0.0,0.011,0.061,0
17646,35,1,4,1.005,0.563,0.588,0.0,-0.223,0.236,0
17647,84,1,7,0.939,0.628,0.879,0.0,0.655,0.297,0
17648,66,0,12,1.039,0.574,0.98,0.75,0.419,0.264,0
17649,83,0,7,0.863,0.548,0.562,0.5,0.095,0.119,0
17650,37,0,9,1.125,0.625,0.735,1.0,-0.091,0.391,0
17651,36,1,8,0.847,0.556,0.769,0.75,0.036,0.196,0
17652,66,0,12,0.7,0.572,0.866,0.5,0.429,-0.181,0
17653,45,1,6,0.655,0.52,0.517,0.0,0.304,-0.28,0
17654,60,0,9,0.97,0.649,0.785,0.25,0.216,0.116,0
17655,42,1,11,0.861,0.497,0.556,1.0,0.114,0.091,0
17656,64,0,10,0.786,0.678,0.85,0.0,0.73,0.092,0
17657,52,0,3,0.759,0.552,0.135,0.5,-0.138,-0.056,0
17658,35,0,6,0.847,0.572,0.43,0.25,-0.105,0.019,0
17659,45,1,12,1.064,0.564,0.945,1.0,0.573,0.367,0
17660,37,0,5,0.771,0.533,0.851,0.5,0.095,-0.048,0
17661,84,0,11,1.005,0.57,0.571,0.75,0.116,0.374,1
17662,67,1,10,0.893,0.529,1.018,0.25,0.104,0.005,0
17663,73,0,4,0.781,0.718,0.548,1.0,0.12,-0.004,0
17664,64,1,11,0.907,0.379,0.668,1.0,-0.032,0.226,0
17665,60,1,7,0.651,0.567,0.44,0.25,0.251,0.023,0
17666,49,1,12,1.005,0.404,1.028,1.0,0.778,0.303,0
17667,76,0,6,0.914,0.664,0.736,0.75,0.225,0.021,0
17668,31,0,11,0.867,0.485,0.843,0.0,0.27,0.167,0
17669,32,0,4,0.841,0.61,0.621,0.5,0.278,0.062,0
17670,45,0,6,0.89,0.56,0.504,0.5,-0.05,0.062,0
17671,64,1,5,0.738,0.752,0.684,0.75,0.202,0.002,0
17672,55,1,7,0.779,0.707,0.822,0.0,0.504,-0.092,0
17673,32,0,10,0.784,0.476,0.97,0.25,0.497,0.151,0
17674,34,1,12,0.951,0.583,0.838,0.75,0.138,0.151,0
17675,75,0,4,0.791,0.667,0.73,1.0,0.166,0.007,1
17676,77,1,9,0.934,0.618,0.88,0.0,0.496,0.349,0
17677,46,1,6,0.879,0.648,0.534,0.0,-0.122,0.122,0
17678,58,0,12,0.89,0.527,1.071,0.5,0.674,0.326,0
17679,41,1,8,0.895,0.632,0.873,0.0,0.515,0.107,0
17680,58,1,3,0.951,0.637,0.622,0.0,0.245,0.162,0
17681,45,1,6,0.947,0.585,0.541,0.5,-0.042,0.312,0
17682,36,1,5,0.727,0.626,0.817,0.0,0.372,-0.091,0
17683,33,1,12,0.991,0.593,0.895,1.0,0.665,0.127,0
17684,59,1,7,0.921,0.575,0.42,0.0,0.056,-0.059,0
17685,53,1,9,0.925,0.592,0.902,0.25,0.654,0.125,0
17686,33,1,4,0.76,0.687,0.631,0.5,0.02,-0.095,0
17687,72,0,6,1.051,0.665,0.527,0.0,0.387,0.291,0
17688,42,0,10,0.912,0.469,0.953,0.0,0.401,0.227,0
17689,67,0,9,0.879,0.546,0.669,1.0,0.113,0.052,0
17690,80,0,8,0.898,0.481,0.385,0.75,0.091,0.204,0
17691,41,1,6,0.651,0.589,0.832,0.5,0.398,-0.067,0
17692,31,1,7,0.751,0.556,0.617,1.0,0.222,0.1,0
17693,35,0,9,1.09,0.589,0.742,0.5,0.287,0.228,0
17694,66,1,12,1.081,0.555,0.933,0.0,0.285,0.436,0
17695,75,0,5,0.686,0.646,0.48,0.75,-0.124,-0.072,0
17696,61,1,7,0.987,0.466,0.72,1.0,0.248,0.318,0
17697,61,0,7,0.957,0.631,0.558,1.0,-0.006,0.106,0
17698,57,1,10,0.733,0.678,1.118,0.75,0.929,0.024,0
17699,65,0,12,0.94,0.56,0.634,0.0,0.174,0.253,0
17700,38,0,5,0.789,0.531,0.501,0.0,-0.318,0.152,0
17701,83,1,11,1.003,0.594,0.7,0.25,0.0,0.078,0
17702,58,0,6,0.893,0.686,0.467,0.0,-0.138,0.07,0
17703,37,0,5,0.626,0.595,0.775,0.5,0.36,-0.097,0
17704,53,0,10,0.691,0.574,0.695,0.0,0.303,0.044,0
17705,73,0,8,0.751,0.527,0.702,0.0,0.417,0.051,0
17706,49,0,9,0.748,0.597,0.795,0.75,0.095,-0.024,0
17707,44,0,3,0.488,0.59,0.223,1.0,-0.146,-0.336,0
17708,72,0,10,0.794,0.662,0.698,0.0,0.141,-0.036,0
17709,31,1,12,0.789,0.633,0.893,0.0,0.133,-0.19,0
17710,78,1,6,0.963,0.394,0.719,0.75,0.058,0.303,0
17711,62,0,10,0.92,0.519,1.106,0.0,0.471,0.109,0
17712,34,0,11,0.928,0.603,0.772,0.75,0.211,0.173,0
17713,44,0,9,0.83,0.551,0.619,1.0,0.133,0.016,0
17714,36,1,5,0.935,0.59,0.443,0.25,-0.19,0.247,0
17715,48,0,11,0.844,0.552,0.809,0.0,0.039,0.373,0
17716,77,0,3,0.73,0.524,0.519,0.0,0.218,-0.062,0
17717,54,1,8,0.699,0.473,0.826,0.0,0.273,0.032,0
17718,60,1,7,0.884,0.56,0.757,0.75,0.293,0.221,0
17719,42,0,6,0.86,0.684,0.394,0.0,-0.094,0.338,0
17720,41,0,5,0.803,0.586,0.953,0.5,0.365,0.091,0
17721,46,0,8,0.938,0.519,1.108,0.0,0.721,0.238,0
17722,31,1,8,0.891,0.573,0.527,0.5,-0.016,0.105,0
17723,62,1,11,0.692,0.493,1.177,0.0,0.543,-0.252,0
17724,63,0,4,0.527,0.56,0.66,0.0,0.274,-0.113,0
17725,63,1,5,0.706,0.41,0.7,0.0,-0.095,-0.16,0
17726,60,0,5,0.974,0.625,0.726,0.0,0.291,0.082,0
17727,70,0,3,0.721,0.591,0.612,0.75,-0.013,0.135,0
17728,72,0,12,0.874,0.656,0.913,0.0,0.535,0.294,1
17729,36,0,9,0.974,0.641,0.853,0.25,0.279,0.274,0
17730,66,0,12,0.934,0.657,1.011,0.25,0.529,0.228,0
17731,68,0,7,0.92,0.577,0.778,1.0,0.205,0.358,0
17732,47,0,9,0.928,0.498,1.123,0.0,0.613,-0.012,0
17733,80,0,10,0.703,0.548,0.837,0.25,0.206,-0.175,0
17734,36,0,12,0.8,0.513,0.727,0.5,-0.094,-0.039,0
17735,45,1,8,1.026,0.455,0.657,0.5,0.021,0.462,0
17736,30,1,5,0.99,0.639,0.594,0.0,0.324,0.217,0
17737,70,0,7,1.081,0.516,0.502,0.0,-0.001,0.422,0
17738,41,0,12,0.825,0.576,0.718,0.75,0.029,-0.187,0
17739,66,1,4,0.898,0.577,0.689,0.0,0.236,0.245,0
17740,67,1,5,0.807,0.509,0.811,0.25,0.208,0.094,0
17741,84,0,10,0.977,0.667,0.731,0.25,-0.109,0.272,0
17742,39,1,7,0.937,0.736,0.765,0.0,0.34,0.147,0
17743,34,1,8,0.877,0.652,0.8,0.75,0.423,0.077,0
17744,36,0,5,0.745,0.736,0.435,0.5,-0.002,-0.041,0
17745,75,1,4,0.788,0.684,0.765,0.0,0.016,0.14,0
17746,45,1,5,1.045,0.42,0.577,0.75,0.074,0.231,0
17747,78,1,12,0.835,0.421,0.96,0.0,0.525,0.098,0
17748,84,1,4,1.0,0.752,0.36,0.75,-0.486,0.229,0
17749,39,1,6,0.89,0.649,0.69,0.0,-0.091,0.048,0
17750,47,0,4,0.896,0.707,0.491,0.0,-0.01,0.409,0
17751,30,1,11,1.075,0.427,0.847,0.0,0.607,0.441,0
17752,53,0,5,0.881,0.763,1.001,0.75,0.525,0.186,0
17753,73,0,8,0.728,0.578,0.602,0.0,0.262,-0.072,0
17754,58,1,7,0.999,0.447,0.811,0.0,0.461,0.406,0
17755,50,0,9,0.947,0.496,1.004,0.0,0.584,0.176,0
17756,56,0,5,0.718,0.558,0.481,1.0,0.109,-0.144,0
17757,31,0,3,0.622,0.675,0.261,1.0,-0.121,-0.078,0
17758,47,0,12,1.019,0.462,0.995,0.75,0.295,0.487,0
17759,37,0,6,0.927,0.642,0.924,0.0,0.622,0.167,0
17760,31,1,4,0.7,0.602,0.569,0.75,0.111,-0.033,0
17761,59,1,12,1.106,0.587,1.059,0.25,0.549,0.223,0
17762,51,1,9,1.108,0.675,1.181,0.25,0.843,0.258,0
17763,45,1,3,0.84,0.664,0.322,1.0,-0.152,0.069,0
17764,62,0,4,0.769,0.534,0.275,0.0,-0.425,-0.065,0
17765,39,0,5,0.946,0.605,0.699,0.0,0.173,0.147,0
17766,62,0,10,0.898,0.588,1.075,0.0,0.438,0.22,0
17767,71,0,7,1.065,0.606,0.696,0.0,0.055,0.225,0
17768,67,0,3,0.941,0.739,0.539,0.0,-0.065,0.128,0
17769,48,1,9,1.021,0.547,0.686,0.0,0.427,0.049,0
17770,37,0,12,0.719,0.443,0.7,0.0,0.468,-0.102,0
17771,45,0,3,0.653,0.711,0.454,0.0,0.113,0.016,0
17772,59,1,5,0.889,0.691,0.977,0.0,0.702,0.132,0
17773,76,1,6,0.922,0.671,0.521,0.5,0.179,0.124,0
17774,51,0,12,0.854,0.589,0.914,1.0,0.454,0.131,0
17775,55,1,12,1.037,0.48,1.242,0.0,0.702,0.323,0
17776,82,0,11,0.707,0.554,0.854,0.25,0.427,-0.125,0
17777,68,0,10,0.778,0.485,0.708,0.25,0.421,-0.082,0
17778,34,0,4,0.883,0.621,0.745,0.0,0.442,0.24,0
17779,48,1,11,0.993,0.471,0.754,0.25,0.472,0.37,0
17780,43,1,8,0.982,0.536,0.582,0.5,0.172,0.068,0
17781,76,1,4,0.718,0.615,0.524,0.0,0.285,-0.049,0
17782,44,1,9,0.886,0.699,0.4,1.0,-0.048,0.119,0
17783,56,1,3,0.731,0.614,0.588,0.0,-0.104,-0.053,0
17784,45,0,7,1.034,0.541,0.669,0.25,-0.089,0.27,0
17785,55,1,4,0.707,0.683,0.604,0.75,0.131,-0.061,0
17786,83,1,6,0.916,0.502,0.537,0.0,0.093,0.207,0
17787,36,0,3,0.92,0.458,0.839,0.5,0.527,0.182,0
17788,83,0,5,0.704,0.446,0.368,0.5,-0.164,-0.068,0
17789,39,1,9,0.705,0.552,0.691,1.0,0.459,0.018,0
17790,49,0,12,1.043,0.577,1.128,0.5,0.49,0.113,0
17791,48,1,12,0.958,0.41,0.996,0.0,0.718,0.196,0
17792,62,1,10,0.641,0.636,0.888,0.0,0.253,-0.01,0
17793,44,1,7,0.937,0.533,0.296,1.0,-0.057,0.23,0
17794,52,1,6,0.7,0.55,0.8,0.0,0.038,-0.098,0
17795,77,1,9,1.029,0.521,0.856,0.0,0.313,0.22,0
17796,81,0,7,0.886,0.669,0.897,0.0,0.461,0.178,0
17797,48,1,3,0.709,0.458,0.617,1.0,0.435,-0.037,0
17798,45,1,6,0.888,0.588,0.79,0.0,0.328,-0.1,0
17799,72,1,3,0.91,0.55,0.643,0.0,0.157,0.204,0
17800,34,1,4,0.816,0.558,0.564,0.25,0.174,0.22,0
17801,72,0,11,0.926,0.539,0.95,0.5,0.741,0.101,0
17802,59,0,6,0.737,0.729,0.812,0.75,0.39,-0.169,0
17803,39,1,3,0.708,0.611,0.532,0.5,0.146,-0.101,0
17804,82,0,12,1.229,0.663,1.04,0.5,0.671,0.529,1
17805,46,1,11,1.25,0.474,0.873,0.0,0.468,0.404,0
17806,49,0,11,0.861,0.396,0.59,0.0,0.055,0.315,0
17807,41,0,10,0.953,0.505,0.619,0.0,0.179,0.255,0
17808,60,0,7,0.793,0.548,0.712,0.0,0.45,0.156,0
17809,45,1,5,0.701,0.565,1.005,0.5,0.556,-0.142,0
17810,50,1,5,0.644,0.585,0.485,0.0,0.001,-0.243,0
17811,79,0,4,0.946,0.628,0.671,0.0,-0.022,0.15,0
17812,78,0,10,0.885,0.592,1.027,0.0,0.499,0.032,0
17813,79,0,3,0.782,0.563,0.872,0.0,0.53,-0.171,0
17814,53,1,6,0.919,0.54,0.643,0.75,0.349,-0.02,0
17815,35,0,8,0.758,0.512,0.744,0.25,0.337,-0.09,0
17816,67,0,6,0.794,0.523,0.764,0.25,0.255,0.185,0
17817,63,1,11,0.903,0.493,0.894,0.0,0.431,0.213,0
17818,37,0,3,0.882,0.655,0.573,0.0,0.089,0.165,0
17819,44,1,7,0.896,0.556,0.7,0.25,-0.044,0.11,0
17820,68,0,11,0.968,0.581,0.566,0.75,-0.066,0.132,0
17821,55,1,8,0.706,0.542,1.013,0.5,0.491,0.161,0
17822,50,0,12,0.966,0.596,0.864,0.25,0.478,0.249,0
17823,34,0,8,1.029,0.514,0.649,0.25,0.297,0.419,0
17824,58,0,6,0.829,0.644,0.872,0.25,0.057,-0.144,0
17825,59,0,11,0.989,0.612,0.895,0.25,0.793,0.289,0
17826,39,1,12,0.951,0.679,0.967,0.0,0.633,-0.109,0
17827,60,1,10,0.866,0.627,0.615,0.0,0.062,0.18,0
17828,55,1,8,1.01,0.7,0.605,0.5,0.065,0.365,0
17829,64,1,11,1.064,0.551,0.841,0.0,0.338,0.28,0
17830,44,0,3,0.849,0.615,0.551,0.5,-0.02,0.094,0
17831,81,1,11,0.763,0.561,1.044,1.0,0.522,-0.06,0
17832,42,1,3,0.828,0.409,0.528,0.0,-0.021,0.102,0
17833,32,1,10,0.835,0.51,0.863,0.25,0.505,0.135,0
17834,61,1,9,1.049,0.529,0.835,0.0,0.335,0.377,0
17835,69,0,7,1.065,0.7,0.747,0.0,0.474,0.443,0
17836,53,0,7,1.014,0.56,0.683,0.0,0.472,0.274,0
17837,62,1,6,0.877,0.7,0.715,0.0,0.622,0.205,0
17838,76,0,11,0.973,0.505,0.853,0.0,0.153,0.226,0
17839,31,1,4,0.778,0.536,0.52,0.75,-0.168,0.043,0
17840,45,0,3,0.709,0.621,0.838,0.0,0.69,-0.043,0
17841,39,1,12,1.054,0.7,0.777,0.0,0.41,0.354,0
17842,68,1,11,1.01,0.592,0.807,0.0,0.315,0.146,0
17843,41,1,12,0.857,0.558,0.968,0.5,0.268,0.279,0
17844,31,1,12,0.954,0.572,1.064,0.0,0.286,0.306,0
17845,36,1,11,0.941,0.481,0.905,0.5,0.501,-0.016,0
17846,31,0,10,0.872,0.584,0.711,0.25,0.308,0.17,0
17847,84,0,10,1.037,0.576,1.002,0.0,0.302,0.181,0
17848,77,1,8,0.862,0.671,1.112,0.25,0.906,0.452,0
17849,32,0,12,0.74,0.502,0.858,0.0,0.305,0.08,0
17850,60,0,4,0.93,0.559,0.398,0.0,0.063,0.129,0
17851,39,0,11,1.165,0.518,0.991,0.0,0.507,0.325,0
17852,32,0,4,0.714,0.486,0.485,0.75,-0.094,-0.23,0
17853,82,1,10,0.965,0.632,0.7,0.25,0.294,0.234,0
17854,69,0,9,0.804,0.429,1.188,0.0,0.777,-0.035,0
17855,64,0,4,0.658,0.601,0.651,0.5,0.25,-0.146,0
17856,47,1,3,0.641,0.613,0.389,0.0,-0.059,-0.353,0
17857,67,1,7,0.733,0.529,0.66,0.5,0.242,0.119,0
17858,80,1,8,0.933,0.544,0.713,0.5,0.292,0.143,0
17859,68,0,5,0.891,0.611,0.611,0.0,0.23,0.139,0
17860,81,1,11,0.768,0.525,0.986,0.0,0.623,-0.12,0
17861,31,1,9,1.011,0.478,0.698,0.5,0.224,0.169,0
17862,84,0,6,0.881,0.715,0.59,1.0,0.093,0.183,0
17863,48,1,7,0.78,0.599,0.657,0.0,0.11,0.038,0
17864,37,0,8,0.812,0.684,0.674,1.0,0.212,0.195,0
17865,30,0,12,0.817,0.653,0.655,0.0,0.079,0.148,0
17866,48,1,5,0.687,0.574,0.242,0.5,-0.178,-0.126,0
17867,37,0,11,1.012,0.619,0.949,0.75,0.656,0.237,0
17868,33,0,6,0.814,0.531,0.706,0.75,0.406,0.264,0
17869,45,0,11,1.001,0.583,1.035,1.0,0.778,0.165,0
17870,60,1,10,0.922,0.437,0.871,0.0,0.37,0.17,0
17871,45,1,6,0.481,0.585,0.902,0.0,0.202,-0.418,0
17872,55,1,3,0.791,0.638,0.425,0.5,-0.029,0.07,0
17873,40,0,10,1.004,0.534,0.749,0.0,0.122,0.483,0
17874,43,1,5,0.847,0.576,0.453,0.0,-0.057,0.046,0
17875,77,0,8,1.201,0.64,0.507,0.5,-0.377,0.407,0
17876,74,0,11,1.015,0.642,0.598,0.25,-0.043,0.312,0
17877,80,0,10,0.909,0.572,0.722,0.0,0.247,0.241,0
17878,50,0,7,0.944,0.586,0.726,0.25,0.476,0.049,0
17879,84,1,9,0.877,0.506,0.77,0.0,0.356,0.026,0
17880,50,1,12,1.048,0.617,1.027,1.0,0.399,0.339,0
17881,33,0,3,0.84,0.547,0.433,0.0,-0.264,0.083,0
17882,72,1,9,0.939,0.731,0.624,0.5,0.221,0.187,0
17883,67,1,10,1.211,0.452,1.148,0.0,0.499,0.463,0
17884,53,1,11,0.938,0.436,0.945,0.0,0.234,0.236,0
17885,80,1,4,0.734,0.65,0.804,0.0,0.373,-0.184,0
17886,40,0,3,0.695,0.531,0.729,0.0,-0.053,-0.359,0
17887,33,0,6,0.904,0.669,0.697,0.0,0.302,0.161,0
17888,71,1,12,0.929,0.46,0.901,0.75,0.483,0.213,0
17889,76,1,5,1.027,0.64,0.304,1.0,-0.277,0.44,0
17890,48,1,3,0.684,0.647,0.596,0.0,-0.09,0.043,0
17891,81,0,11,1.004,0.508,1.166,1.0,0.843,0.277,0
17892,75,1,11,0.941,0.514,0.981,0.0,0.461,0.243,0
17893,30,0,3,0.865,0.657,0.171,0.25,-0.393,0.202,0
17894,64,1,12,0.853,0.425,1.279,0.0,0.684,0.217,0
17895,44,1,9,0.906,0.671,0.979,0.25,0.342,0.228,0
17896,32,1,11,0.982,0.626,0.864,0.0,0.612,0.103,0
17897,60,1,11,0.834,0.636,0.861,0.25,0.541,0.077,0
17898,58,0,7,0.867,0.648,0.87,0.25,0.175,-0.111,0
17899,32,0,9,0.841,0.558,0.7,0.25,0.305,-0.171,0
17900,80,0,5,0.788,0.568,0.868,0.5,0.462,0.08,0
17901,61,0,7,0.676,0.52,0.392,0.0,-0.058,-0.312,0
17902,61,1,12,0.955,0.509,1.138,0.0,0.679,0.322,0
17903,33,1,4,0.85,0.633,0.65,0.5,0.427,0.137,0
17904,46,0,7,0.678,0.546,0.519,0.0,0.096,0.053,0
17905,30,1,7,0.809,0.743,0.76,0.0,0.374,0.05,0
17906,59,1,12,1.124,0.58,0.696,0.0,0.105,0.372,0
17907,76,1,10,0.737,0.596,0.626,0.0,0.204,-0.009,0
17908,81,0,6,0.666,0.7,0.557,0.75,0.193,-0.148,0
17909,46,0,12,1.077,0.604,1.071,0.0,0.9,0.268,0
17910,71,0,8,0.713,0.476,0.616,0.0,0.03,-0.047,0
17911,61,0,11,0.782,0.424,0.901,0.0,0.447,-0.004,0
17912,68,1,5,0.934,0.593,0.686,0.0,0.316,-0.006,0
17913,52,1,12,1.103,0.629,0.566,0.0,-0.117,0.355,0
17914,56,0,3,0.813,0.616,0.542,0.5,-0.063,-0.013,0
17915,72,1,5,0.809,0.564,0.932,0.0,0.237,0.429,0
17916,62,0,6,0.72,0.489,0.549,0.0,0.288,-0.009,0
17917,51,0,12,0.852,0.501,0.905,0.0,0.35,0.225,0
17918,62,0,10,0.971,0.636,0.883,0.0,0.285,0.289,0
17919,58,1,8,0.984,0.625,1.001,0.0,0.363,0.142,0
17920,60,0,3,0.9,0.648,0.265,0.0,-0.155,0.324,0
17921,56,1,3,0.857,0.567,0.605,0.25,0.089,0.139,0
17922,32,1,8,0.915,0.597,0.645,0.0,-0.076,0.181,0
17923,68,1,8,0.665,0.509,0.82,1.0,0.251,0.032,0
17924,81,0,11,1.013,0.763,1.018,0.0,0.318,0.204,0
17925,32,1,9,0.84,0.535,0.857,0.0,0.362,-0.009,0
17926,51,0,8,0.919,0.624,0.795,1.0,0.317,0.094,0
17927,75,0,7,0.987,0.735,0.834,0.5,0.618,0.072,0
17928,72,0,8,0.915,0.623,0.807,0.0,0.059,0.144,0
17929,64,0,12,1.095,0.371,0.832,0.0,0.661,0.559,0
17930,37,1,12,1.022,0.561,0.752,0.0,0.388,0.234,0
17931,60,0,11,0.72,0.575,0.801,0.0,0.089,-0.04,0
17932,82,1,8,0.959,0.565,0.805,0.25,0.451,0.193,0
17933,71,0,11,0.797,0.438,0.942,0.0,0.048,0.082,1
17934,77,0,12,0.793,0.551,0.636,0.75,-0.036,0.104,1
17935,79,0,7,1.046,0.544,0.627,1.0,0.09,0.179,0
17936,33,0,10,0.836,0.498,0.547,0.0,-0.153,0.017,0
17937,80,0,11,0.868,0.442,0.682,0.25,-0.057,-0.003,0
17938,55,1,5,0.833,0.688,0.865,1.0,0.557,-0.117,0
17939,77,1,4,0.854,0.616,0.283,0.0,-0.419,0.129,0
17940,41,0,5,0.577,0.47,0.81,0.0,0.582,-0.056,0
17941,31,0,10,0.927,0.488,0.754,0.25,0.106,0.192,0
17942,43,1,9,0.995,0.7,0.544,0.0,-0.191,0.074,0
17943,53,1,4,0.828,0.56,1.095,0.75,0.464,0.01,0
17944,45,0,7,0.814,0.669,0.691,0.5,0.257,0.052,0
17945,78,1,6,0.853,0.61,0.474,0.25,0.204,-0.024,0
17946,33,1,11,0.996,0.597,0.918,0.0,0.801,0.244,0
17947,80,1,7,0.692,0.473,0.682,1.0,0.477,-0.078,0
17948,77,1,4,0.581,0.672,0.613,0.0,0.11,-0.131,0
17949,61,0,12,0.959,0.598,0.781,0.5,0.499,0.378,0
17950,62,0,8,0.82,0.601,0.77,1.0,0.418,0.028,0
17951,71,0,3,0.784,0.657,0.446,0.5,-0.447,0.042,0
17952,77,1,4,0.707,0.59,0.401,0.25,0.03,0.142,0
17953,31,0,4,0.872,0.528,0.691,0.25,0.048,0.216,0
17954,54,0,9,1.112,0.623,0.562,0.0,0.482,0.449,0
17955,83,1,12,1.082,0.608,0.556,0.0,0.253,0.171,0
17956,60,1,11,0.968,0.706,0.999,0.0,0.699,0.21,0
17957,64,1,10,0.879,0.631,0.854,0.0,0.341,0.104,0
17958,31,1,7,0.864,0.467,0.731,1.0,0.244,0.181,0
17959,43,1,8,0.836,0.431,0.636,0.0,0.182,0.161,0
17960,42,1,11,0.853,0.662,0.996,0.0,0.848,0.057,0
17961,55,0,6,0.823,0.515,0.917,1.0,0.598,0.066,0
17962,60,0,11,1.022,0.557,0.803,0.0,0.106,0.189,0
17963,31,1,8,0.791,0.571,0.686,0.5,-0.095,-0.022,0
17964,52,1,5,0.935,0.709,0.544,0.5,0.27,0.113,0
17965,58,0,8,0.809,0.501,0.896,0.5,0.686,-0.064,0
17966,38,0,9,0.884,0.607,0.875,0.0,0.328,0.399,0
17967,43,1,6,0.882,0.729,0.578,0.25,-0.07,0.182,0
17968,43,1,11,1.118,0.549,0.85,0.75,0.624,0.341,0
17969,50,1,3,0.733,0.604,0.832,0.5,0.299,-0.051,1
17970,31,0,6,0.781,0.675,0.736,0.0,0.156,0.004,0
17971,47,1,11,0.981,0.569,0.879,0.75,0.346,0.272,0
17972,49,1,4,0.494,0.612,0.78,0.25,0.36,-0.184,0
17973,43,0,11,0.844,0.588,1.052,0.0,0.718,0.096,0
17974,39,1,8,0.7,0.488,0.916,1.0,0.345,-0.03,0
17975,67,0,4,0.814,0.555,0.801,0.25,0.172,-0.232,0
17976,48,1,6,0.845,0.711,0.705,0.0,-0.056,-0.008,0
17977,44,1,11,1.07,0.546,0.779,0.25,0.276,0.508,0
17978,39,1,5,1.06,0.615,0.836,0.0,0.113,0.252,0
17979,45,1,11,1.073,0.588,0.75,0.0,0.301,0.11,0
17980,44,0,4,0.9,0.635,0.593,0.25,0.069,0.165,0
17981,56,0,8,0.854,0.6,0.729,0.0,0.236,0.083,0
17982,53,1,5,0.76,0.548,0.565,0.0,0.205,0.288,0
17983,69,1,10,0.995,0.513,0.7,0.5,0.368,0.338,0
17984,43,1,10,0.755,0.56,0.981,0.0,0.64,-0.136,0
17985,80,0,7,0.7,0.608,0.777,0.75,0.256,-0.126,0
17986,45,1,6,1.06,0.671,0.618,0.0,-0.082,0.226,0
17987,49,1,5,0.677,0.56,0.537,0.0,0.227,-0.054,0
17988,43,1,10,1.003,0.544,0.634,0.0,0.255,0.156,0
17989,76,1,9,0.796,0.526,0.858,0.25,0.363,-0.076,1
17990,34,1,5,0.657,0.563,0.708,1.0,0.035,-0.181,0
17991,56,0,6,0.902,0.425,0.774,0.75,0.647,0.124,0
17992,60,1,8,0.728,0.522,0.755,0.5,-0.053,-0.025,0
17993,30,0,3,0.671,0.715,0.359,0.0,-0.248,-0.029,0
17994,60,1,8,0.984,0.652,0.565,0.0,-0.072,0.264,0
17995,30,1,7,0.773,0.606,0.387,0.0,-0.296,0.028,0
17996,81,1,7,1.09,0.537,0.743,1.0,0.196,0.359,0
17997,83,0,3,0.855,0.563,0.351,0.25,0.092,0.03,0
17998,76,1,10,1.174,0.594,0.636,1.0,0.178,0.509,1
17999,66,1,7,0.88,0.64,0.669,0.75,0.045,0.099,0
18000,81,0,12,0.964,0.491,0.799,0.25,0.227,0.162,0
18001,30,0,12,0.986,0.586,0.702,1.0,0.212,0.166,0
18002,79,0,7,0.844,0.583,0.859,0.0,0.849,0.166,0
18003,49,1,7,0.811,0.553,0.852,0.0,0.453,0.011,0
18004,42,1,10,1.013,0.583,0.992,0.0,0.409,0.053,0
18005,63,0,3,0.866,0.687,0.308,0.0,-0.373,0.252,0
18006,40,0,8,0.706,0.688,0.53,0.25,0.126,-0.042,0
18007,83,1,5,0.973,0.679,0.845,0.5,0.124,0.23,0
18008,67,1,11,1.069,0.565,0.731,0.0,0.066,0.327,0
18009,69,1,10,0.832,0.433,1.008,0.0,0.571,0.042,0
18010,58,0,3,0.736,0.551,0.675,0.0,0.112,0.015,0
18011,45,1,9,0.798,0.568,1.078,0.0,0.702,0.099,0
18012,47,1,9,0.914,0.51,0.781,0.0,0.206,0.353,0
18013,67,1,9,0.7,0.559,0.723,0.75,0.167,0.088,0
18014,58,0,11,0.965,0.536,0.955,0.0,0.866,-0.016,0
18015,74,0,3,0.835,0.622,0.62,1.0,0.091,0.13,0
18016,55,1,6,0.779,0.58,0.588,1.0,0.026,-0.106,0
18017,78,1,6,0.863,0.548,0.656,0.0,0.242,-0.002,0
18018,48,1,4,0.991,0.754,0.364,0.75,0.214,0.25,0
18019,49,0,5,0.753,0.656,0.765,1.0,0.051,-0.11,0
18020,32,1,12,0.959,0.489,0.879,0.25,0.433,0.177,0
18021,65,1,10,0.863,0.595,1.002,0.0,0.24,0.227,0
18022,38,1,6,0.7,0.672,0.752,0.0,0.278,0.025,0
18023,38,0,12,0.898,0.516,1.116,0.0,0.77,0.302,0
18024,81,1,8,0.977,0.593,0.79,0.0,0.2,0.441,0
18025,74,0,9,1.097,0.67,0.666,0.25,-0.034,0.217,0
18026,77,0,9,0.834,0.626,0.278,0.0,-0.08,0.217,0
18027,31,0,6,0.766,0.513,0.818,0.25,0.349,0.045,0
18028,60,0,11,1.13,0.689,0.7,0.5,0.332,0.532,0
18029,50,0,11,0.929,0.637,0.729,0.5,0.272,0.241,1
18030,60,1,12,0.847,0.549,0.474,0.25,-0.333,0.02,0
18031,49,1,4,0.685,0.491,0.701,0.0,-0.088,-0.171,0
18032,81,0,7,0.921,0.603,0.78,0.0,0.257,0.33,0
18033,39,1,5,1.014,0.756,0.88,0.0,0.321,0.202,0
18034,30,0,12,0.84,0.601,0.685,0.75,0.189,0.088,0
18035,44,0,12,0.939,0.386,1.52,0.0,1.143,0.216,0
18036,66,1,7,0.729,0.544,0.932,0.0,0.306,0.069,0
18037,34,1,10,0.873,0.533,0.808,0.0,0.414,0.242,0
18038,81,0,11,1.049,0.595,1.077,0.0,0.563,0.294,0
18039,33,1,12,1.017,0.442,0.559,0.0,0.297,0.279,0
18040,58,0,9,0.674,0.376,0.469,0.0,-0.231,-0.193,0
18041,53,1,6,0.712,0.497,0.505,0.25,0.001,-0.016,0
18042,67,0,12,0.898,0.475,1.001,0.25,0.703,0.163,0
18043,83,1,11,0.905,0.44,1.132,0.0,0.432,0.057,0
18044,30,1,11,0.911,0.537,0.788,0.0,0.161,0.245,0
18045,70,1,12,0.975,0.608,0.913,0.0,0.031,0.34,0
18046,43,1,9,0.938,0.377,0.97,0.0,0.718,0.31,0
18047,67,0,8,0.851,0.527,0.698,0.0,0.072,0.262,0
18048,43,1,4,0.686,0.633,0.453,0.5,0.121,-0.175,0
18049,40,0,6,0.911,0.644,0.657,0.0,0.181,0.326,0
18050,63,1,5,0.7,0.603,0.773,0.75,0.347,-0.091,1
18051,48,0,5,0.76,0.654,0.684,1.0,0.348,0.057,0
18052,78,0,7,0.857,0.71,0.756,0.5,0.243,0.266,0
18053,57,0,3,0.8,0.554,1.018,0.0,0.724,0.12,0
18054,60,1,4,0.71,0.56,0.678,0.75,0.323,-0.044,0
18055,66,0,6,0.764,0.704,0.486,0.25,-0.258,-0.066,0
18056,77,1,3,0.927,0.593,0.534,0.0,0.244,0.091,0
18057,74,1,4,0.799,0.551,0.898,0.75,0.071,-0.057,0
18058,69,1,3,0.843,0.528,0.641,0.0,0.282,0.008,0
18059,70,1,7,1.036,0.572,0.596,0.5,0.276,0.362,0
18060,32,0,3,0.786,0.641,0.765,0.0,0.452,0.099,0
18061,36,1,12,1.021,0.603,0.786,0.5,0.492,0.261,0
18062,58,1,10,0.907,0.54,0.651,0.75,0.111,0.421,0
18063,72,0,7,0.848,0.612,0.638,0.5,0.276,0.172,0
18064,70,0,12,0.888,0.461,0.791,0.0,0.125,0.168,0
18065,67,1,6,0.905,0.624,0.73,0.5,0.05,0.257,0
18066,71,1,6,0.983,0.626,0.914,1.0,0.805,0.256,1
18067,79,1,11,0.848,0.461,0.713,0.25,0.453,-0.016,1
18068,58,0,3,0.765,0.665,0.507,0.0,-0.038,-0.059,0
18069,53,1,5,0.886,0.602,0.636,0.0,0.053,0.133,0
18070,52,1,10,0.873,0.434,0.566,0.5,0.252,0.219,0
18071,74,1,5,1.049,0.564,0.682,0.5,0.213,0.335,0
18072,45,1,6,1.113,0.716,0.614,0.0,0.519,0.233,0
18073,64,0,11,1.086,0.569,1.02,0.75,0.599,0.255,0
18074,82,0,10,0.828,0.566,0.727,0.5,0.345,-0.136,0
18075,39,1,3,0.394,0.623,0.895,1.0,0.555,-0.167,0
18076,72,1,11,0.917,0.537,0.784,0.75,0.37,0.118,0
18077,74,0,9,0.772,0.643,0.617,0.0,-0.106,0.091,0
18078,74,1,12,1.061,0.486,0.957,0.0,0.795,0.186,0
18079,65,0,5,0.802,0.606,0.721,0.75,0.208,0.187,0
18080,58,1,11,0.97,0.49,0.785,0.0,0.319,0.16,0
18081,63,0,5,0.821,0.71,0.47,0.5,-0.071,0.052,0
18082,74,1,6,1.092,0.62,0.742,0.0,0.285,0.306,0
18083,34,1,9,1.2,0.595,0.809,0.25,0.412,0.464,0
18084,83,0,8,1.041,0.585,0.962,0.0,0.546,0.547,0
18085,57,1,8,0.852,0.52,0.869,0.0,0.351,0.109,0
18086,46,0,5,0.908,0.63,0.581,0.5,-0.013,-0.039,0
18087,41,1,10,1.083,0.659,0.686,0.75,0.12,0.47,0
18088,35,1,12,1.042,0.559,0.856,0.5,0.193,0.337,0
18089,61,0,4,1.009,0.54,0.428,0.25,0.223,0.025,0
18090,49,0,3,0.702,0.578,0.621,0.0,0.168,0.179,0
18091,70,1,12,0.7,0.538,1.137,0.0,0.749,0.076,1
18092,59,1,7,0.944,0.646,0.638,0.0,0.343,0.278,0
18093,30,1,3,0.969,0.679,0.599,0.0,0.05,0.31,0
18094,58,0,12,0.976,0.518,1.177,0.25,0.998,0.276,0
18095,41,1,5,0.655,0.49,0.716,0.0,0.362,-0.043,0
18096,65,0,6,0.81,0.622,0.661,0.0,0.348,-0.026,0
18097,32,1,8,1.004,0.603,0.585,1.0,0.045,0.198,0
18098,71,0,5,0.789,0.606,0.625,0.0,0.271,0.122,0
18099,61,1,8,0.776,0.611,0.922,0.0,0.391,-0.039,0
18100,40,0,12,0.942,0.501,1.025,0.0,0.35,0.152,0
18101,59,0,10,1.075,0.461,0.633,0.0,-0.091,0.507,0
18102,38,1,7,1.141,0.547,0.7,0.0,0.285,0.426,0
18103,45,1,10,0.626,0.581,0.888,0.0,0.322,-0.268,0
18104,33,1,5,0.752,0.51,0.623,0.0,-0.082,0.175,0
18105,39,0,6,0.911,0.44,0.446,0.0,0.021,0.071,0
18106,81,1,8,0.917,0.661,0.386,0.0,-0.123,0.245,0
18107,49,0,3,0.804,0.555,0.799,0.75,0.276,0.16,0
18108,40,0,10,0.741,0.45,0.773,0.0,0.073,-0.057,0
18109,49,1,12,0.961,0.593,0.741,0.5,0.213,0.35,0
18110,69,1,12,1.111,0.7,1.017,0.0,0.397,0.099,0
18111,52,1,10,0.901,0.617,0.841,0.0,0.348,0.154,0
18112,43,0,7,0.845,0.529,0.857,0.0,0.326,0.001,0
18113,78,1,10,0.773,0.639,0.774,0.25,0.12,-0.004,0
18114,73,0,4,0.835,0.639,0.697,0.25,0.106,0.183,0
18115,82,1,11,1.061,0.574,0.773,0.0,0.096,0.421,0
18116,44,1,9,0.817,0.604,0.622,1.0,0.135,-0.06,0
18117,32,0,11,0.863,0.522,0.851,0.0,0.621,0.045,0
18118,45,0,4,0.792,0.514,0.796,0.0,0.775,0.092,0
18119,56,0,10,1.111,0.519,0.533,0.5,0.228,0.415,0
18120,59,0,9,0.793,0.591,0.309,0.25,-0.027,0.35,0
18121,71,0,3,0.767,0.627,0.518,0.0,0.071,-0.033,0
18122,64,1,9,0.877,0.568,0.755,1.0,0.291,0.261,0
18123,61,1,10,0.734,0.366,0.939,0.0,0.139,0.044,0
18124,79,0,10,0.928,0.598,0.707,0.0,0.102,0.113,0
18125,79,1,8,0.91,0.516,1.049,1.0,0.777,0.197,0
18126,47,1,12,0.894,0.523,0.72,0.5,0.155,-0.132,0
18127,37,0,6,0.989,0.5,0.706,0.5,0.221,0.281,0
18128,46,1,8,1.049,0.762,0.533,0.25,0.132,0.329,0
18129,60,1,12,0.935,0.439,1.074,0.0,0.787,0.315,0
18130,76,0,11,0.7,0.443,0.838,0.0,0.57,0.275,0
18131,76,0,9,0.983,0.545,0.828,0.0,0.125,0.066,0
18132,55,1,7,1.031,0.682,0.746,1.0,-0.061,0.247,0
18133,41,0,3,0.855,0.617,0.195,0.75,-0.092,0.177,0
18134,57,0,11,0.922,0.575,0.633,0.0,0.241,0.217,0
18135,43,0,3,0.976,0.604,0.203,0.25,-0.31,0.268,0
18136,32,0,12,1.096,0.543,0.974,0.0,0.57,0.275,0
18137,63,0,3,0.935,0.62,0.503,0.5,-0.127,0.288,0
18138,54,1,11,0.949,0.542,1.119,0.75,0.258,0.322,0
18139,58,1,3,0.745,0.587,0.607,0.0,0.073,-0.043,0
18140,41,1,8,0.998,0.462,1.004,1.0,0.558,0.244,1
18141,50,0,12,0.935,0.511,1.054,0.0,0.502,0.164,0
18142,64,0,7,0.822,0.492,0.844,0.0,0.49,-0.147,0
18143,53,1,3,0.712,0.579,0.436,0.25,0.14,-0.042,0
18144,62,1,7,0.833,0.505,0.464,1.0,-0.333,0.022,1
18145,55,0,12,0.891,0.647,1.056,0.25,0.815,0.138,0
18146,57,1,4,0.662,0.573,0.238,0.25,-0.266,-0.075,0
18147,82,1,6,0.74,0.592,0.366,0.0,-0.471,0.045,1
18148,30,0,9,0.802,0.578,0.619,0.5,0.275,0.123,0
18149,63,0,7,0.702,0.574,0.54,0.75,-0.028,0.007,0
18150,59,0,4,0.823,0.51,0.493,0.0,-0.063,0.057,0
18151,59,1,3,1.124,0.589,0.454,0.25,0.308,0.358,0
18152,65,1,11,1.031,0.691,0.935,0.0,0.324,0.296,0
18153,61,1,7,0.753,0.46,0.834,0.0,0.46,0.148,0
18154,84,1,10,0.884,0.544,0.843,0.5,0.823,-0.008,1
18155,51,1,6,0.807,0.681,0.622,0.5,0.347,0.093,0
18156,56,0,11,0.905,0.503,1.026,1.0,0.788,0.368,0
18157,80,1,5,0.811,0.445,0.499,0.0,-0.073,0.091,1
18158,49,1,3,0.792,0.446,0.726,0.5,0.307,-0.004,0
18159,64,1,7,0.876,0.64,0.854,0.75,0.338,0.155,0
18160,34,0,11,0.894,0.611,0.7,0.0,0.347,-0.069,0
18161,83,1,8,0.9,0.507,0.64,0.0,0.138,0.184,0
18162,71,1,3,0.79,0.621,0.447,0.0,-0.08,0.03,0
18163,34,0,7,0.685,0.597,0.821,0.0,0.135,0.043,0
18164,71,0,8,0.597,0.639,0.395,1.0,-0.305,0.062,0
18165,69,1,8,0.967,0.506,0.655,0.5,0.029,0.266,0
18166,62,0,10,0.759,0.449,0.7,0.25,0.271,0.078,0
18167,77,0,11,0.862,0.525,0.573,1.0,0.063,-0.025,1
18168,44,0,10,0.775,0.407,0.871,0.25,0.49,0.149,0
18169,83,0,12,0.854,0.552,0.889,0.25,0.438,0.08,0
18170,84,0,5,0.728,0.541,0.469,0.0,-0.112,0.02,0
18171,83,0,12,0.7,0.638,1.01,1.0,0.387,-0.141,0
18172,62,1,7,0.889,0.475,0.702,0.25,0.081,0.081,0
18173,72,1,6,0.967,0.469,0.7,0.0,0.419,0.243,0
18174,55,1,4,0.919,0.7,0.883,0.25,0.44,0.283,0
18175,30,0,10,0.926,0.515,0.939,0.0,0.385,0.033,0
18176,77,0,7,1.004,0.607,0.945,0.0,0.601,0.201,0
18177,48,0,8,1.03,0.603,0.865,0.0,0.437,0.099,0
18178,45,1,12,0.7,0.544,0.836,0.25,0.254,0.111,0
18179,62,0,4,0.803,0.688,0.542,0.5,0.219,0.101,0
18180,76,0,5,0.841,0.726,0.619,0.0,0.174,0.173,0
18181,41,1,12,1.093,0.386,1.065,1.0,0.425,0.285,1
18182,77,1,7,0.823,0.566,0.813,0.0,0.45,0.079,0
18183,58,1,12,0.7,0.601,0.857,0.0,0.228,-0.072,0
18184,63,1,12,1.131,0.662,0.881,0.5,0.322,0.329,0
18185,38,1,5,0.783,0.429,0.562,0.25,0.157,0.083,0
18186,82,0,11,0.739,0.558,0.741,0.25,0.338,-0.004,0
18187,41,0,8,0.912,0.523,0.759,1.0,0.503,0.052,0
18188,81,1,9,1.094,0.554,0.516,1.0,-0.009,0.329,1
18189,63,0,7,0.868,0.626,0.7,0.0,0.148,0.124,0
18190,67,0,3,0.749,0.573,0.541,0.0,0.268,-0.015,0
18191,82,0,11,1.204,0.561,0.858,1.0,0.374,0.291,0
18192,44,0,10,0.888,0.478,0.641,0.0,0.069,0.211,0
18193,44,0,5,0.954,0.556,0.593,0.5,0.225,0.371,0
18194,48,0,12,1.121,0.44,1.083,0.0,0.406,0.258,0
18195,37,1,4,0.7,0.538,0.45,0.0,-0.11,0.133,0
18196,74,1,8,0.936,0.592,0.766,1.0,0.378,0.191,1
18197,75,1,10,0.928,0.563,0.877,0.0,0.359,0.301,0
18198,66,1,3,0.875,0.669,0.48,0.75,0.299,0.339,0
18199,77,1,11,1.042,0.653,0.938,0.0,0.643,0.264,1
18200,80,1,8,0.622,0.56,0.87,0.0,0.655,-0.053,0
18201,33,0,8,0.852,0.569,0.78,0.0,0.579,0.125,0
18202,46,1,11,0.762,0.575,0.901,0.0,0.219,0.01,0
18203,77,0,3,0.739,0.771,0.788,0.0,0.048,0.08,0
18204,37,0,3,0.666,0.6,0.443,0.0,-0.45,-0.118,0
18205,76,1,4,1.098,0.388,0.463,0.5,0.108,0.402,0
18206,67,1,6,1.057,0.631,0.935,0.0,0.61,0.136,0
18207,68,1,5,0.773,0.643,0.817,0.25,0.577,0.039,0
18208,44,0,6,0.844,0.567,0.7,0.5,0.118,-0.049,0
18209,49,1,5,0.828,0.618,0.557,0.0,0.369,0.221,0
18210,32,0,12,1.041,0.547,1.071,0.0,0.533,0.229,0
18211,61,0,11,0.867,0.555,0.725,0.0,0.404,0.029,0
18212,45,1,8,0.836,0.539,0.674,0.25,-0.026,0.078,0
18213,71,1,7,0.799,0.56,0.585,0.5,0.23,0.071,0
18214,42,0,3,0.509,0.66,0.609,0.25,0.253,-0.242,0
18215,50,1,8,0.987,0.612,0.7,0.25,0.361,0.24,0
18216,61,0,5,0.829,0.529,0.54,0.0,0.454,0.126,0
18217,53,0,5,0.849,0.682,0.932,0.25,0.559,0.157,0
18218,52,0,10,0.871,0.611,1.071,0.75,0.684,0.111,0
18219,30,1,11,0.85,0.561,0.906,0.25,0.358,0.068,0
18220,79,1,4,0.892,0.617,0.769,0.0,0.0,0.043,0
18221,84,1,12,1.027,0.473,0.722,0.5,0.179,0.256,0
18222,81,1,12,1.048,0.562,0.976,0.5,0.894,0.478,0
18223,82,1,3,0.928,0.554,0.539,0.0,0.087,0.217,0
18224,78,1,9,1.056,0.611,0.887,0.5,0.502,0.071,1
18225,67,0,5,0.772,0.698,0.731,0.25,0.263,0.091,0
18226,40,0,9,0.914,0.438,0.785,0.0,0.317,0.035,0
18227,42,1,4,0.731,0.633,0.325,0.25,-0.235,0.11,0
18228,40,0,3,0.489,0.634,0.383,0.5,0.213,-0.425,0
18229,53,1,4,0.615,0.53,0.606,0.0,0.145,-0.058,0
18230,65,0,5,0.743,0.583,0.754,0.5,0.157,-0.051,0
18231,66,1,12,0.829,0.466,0.941,0.25,0.581,-0.063,0
18232,77,1,6,0.901,0.563,0.717,0.5,0.068,0.314,0
18233,35,1,11,0.724,0.534,0.747,0.5,0.773,-0.001,0
18234,43,0,9,1.043,0.614,0.708,0.0,0.312,0.353,0
18235,82,0,8,1.03,0.654,0.686,0.5,0.439,0.206,0
18236,41,1,8,0.947,0.534,0.662,0.0,0.289,0.115,0
18237,47,0,3,0.743,0.65,0.535,0.0,0.231,0.055,0
18238,84,1,9,1.029,0.482,0.456,1.0,-0.004,0.199,1
18239,34,0,5,0.824,0.702,0.531,0.0,-0.009,0.161,0
18240,40,1,6,0.768,0.7,0.866,0.0,0.572,-0.109,0
18241,32,1,8,0.791,0.567,0.943,0.25,0.471,0.106,0
18242,43,1,7,0.486,0.431,0.7,0.0,0.315,-0.155,0
18243,72,1,9,0.852,0.562,0.806,0.0,0.466,0.091,0
18244,59,0,10,1.068,0.567,0.813,0.25,0.306,0.107,0
18245,82,1,3,0.577,0.717,0.449,0.5,-0.001,0.041,1
18246,84,1,7,0.881,0.476,0.425,0.5,-0.096,0.04,0
18247,82,0,9,0.947,0.61,1.11,0.75,0.62,0.225,0
18248,40,1,7,1.053,0.547,0.58,0.0,-0.158,0.408,0
18249,40,1,11,1.123,0.58,0.979,1.0,0.469,0.409,0
18250,68,0,10,0.777,0.541,0.868,0.0,0.216,-0.129,0
18251,43,1,10,0.834,0.532,0.914,0.0,0.082,0.268,0
18252,69,0,8,0.997,0.655,0.691,0.0,0.232,0.303,0
18253,82,0,11,0.91,0.636,1.031,0.0,0.459,0.21,0
18254,65,1,9,1.184,0.503,0.52,0.75,0.123,0.512,0
18255,72,1,8,0.772,0.651,0.565,0.0,0.289,0.066,0
18256,39,0,3,1.024,0.598,0.513,0.0,0.246,0.194,0
18257,42,0,9,0.978,0.447,0.939,0.5,0.398,0.15,0
18258,33,1,3,0.928,0.723,0.311,0.0,-0.218,0.197,0
18259,40,0,6,0.753,0.585,0.78,0.5,0.521,0.077,0
18260,37,0,9,1.096,0.685,0.814,0.25,0.049,0.209,0
18261,73,1,10,1.044,0.564,0.7,0.0,0.219,0.424,0
18262,36,0,4,0.938,0.623,0.282,1.0,-0.064,0.281,0
18263,49,0,7,0.836,0.523,0.495,0.75,0.023,0.207,0
18264,37,0,9,0.889,0.581,0.797,0.75,0.292,0.346,0
18265,70,1,4,0.661,0.62,0.489,0.0,-0.065,-0.073,0
18266,44,1,6,0.847,0.7,0.523,0.5,-0.025,0.098,0
18267,33,0,6,0.799,0.655,0.895,0.0,0.663,-0.005,0
18268,32,0,9,0.783,0.519,0.822,0.75,-0.072,0.213,0
18269,30,1,5,0.872,0.621,0.619,0.0,0.18,0.144,0
18270,67,1,8,0.814,0.623,0.752,0.0,0.546,0.083,0
18271,52,0,8,0.951,0.465,0.61,0.0,0.269,0.233,0
18272,40,1,5,0.786,0.653,0.669,0.0,0.105,-0.003,0
18273,64,0,7,0.652,0.59,0.382,0.5,-0.012,-0.279,0
18274,30,0,5,1.1,0.437,0.478,0.0,-0.035,0.297,0
18275,65,1,5,0.804,0.608,0.607,0.0,0.093,0.06,0
18276,31,0,8,1.123,0.571,0.832,0.75,0.437,0.423,0
18277,56,0,9,0.953,0.561,0.811,0.5,0.322,0.145,0
18278,57,0,11,0.91,0.635,0.803,0.5,0.376,0.178,0
18279,84,0,5,0.789,0.547,0.302,0.0,-0.128,0.03,0
18280,76,1,4,1.007,0.551,0.506,0.0,-0.036,0.312,0
18281,73,1,11,0.973,0.646,0.754,0.0,0.054,0.324,0
18282,45,0,12,0.891,0.463,0.905,0.0,0.557,0.258,0
18283,43,0,3,0.732,0.744,0.476,0.0,0.01,0.098,0
18284,41,1,9,0.87,0.563,0.689,0.0,0.12,0.232,0
18285,60,1,3,0.972,0.686,0.757,1.0,0.321,0.179,0
18286,53,0,11,0.94,0.559,0.912,0.5,0.47,0.226,0
18287,49,0,4,0.883,0.475,0.641,0.0,0.419,-0.052,0
18288,82,0,6,0.678,0.528,0.571,0.0,0.022,-0.02,0
18289,43,1,3,0.895,0.569,0.493,1.0,-0.212,0.208,0
18290,40,1,9,0.782,0.642,1.022,0.0,0.639,0.05,0
18291,51,0,10,1.035,0.509,0.824,0.5,0.589,0.541,0
18292,64,1,6,0.887,0.572,0.979,0.5,0.546,0.349,0
18293,46,1,12,0.895,0.407,0.904,0.0,0.581,0.083,0
18294,60,0,12,1.033,0.477,0.701,0.0,0.001,0.237,0
18295,71,1,11,0.773,0.623,1.148,0.0,0.64,0.16,0
18296,70,1,4,0.693,0.746,0.609,0.0,0.146,-0.229,0
18297,58,1,4,0.496,0.6,0.868,0.0,0.243,-0.349,0
18298,47,1,5,1.007,0.529,0.469,0.25,-0.095,0.121,0
18299,63,1,3,0.968,0.762,0.898,0.0,0.129,0.148,0
18300,61,0,7,0.974,0.639,0.667,0.25,0.317,0.4,0
18301,47,1,12,0.959,0.568,1.184,0.0,0.314,0.375,0
18302,33,1,3,0.787,0.463,0.657,0.0,0.31,0.165,0
18303,63,0,3,0.919,0.564,0.534,0.0,0.2,0.063,0
18304,63,0,4,0.714,0.637,0.5,0.25,0.208,-0.165,0
18305,44,0,6,0.739,0.573,0.875,0.5,0.602,0.125,0
18306,41,0,5,0.841,0.67,0.459,0.75,-0.155,-0.147,0
18307,55,0,11,0.815,0.456,0.747,0.0,0.047,-0.108,0
18308,82,1,11,1.23,0.421,1.203,0.0,0.853,0.556,0
18309,35,0,8,1.083,0.518,0.706,0.75,0.398,0.383,0
18310,39,0,5,0.855,0.616,0.711,0.5,0.403,0.109,0
18311,83,0,12,1.15,0.46,1.034,0.75,0.454,0.292,1
18312,72,0,7,1.03,0.663,0.659,0.0,-0.104,0.364,0
18313,67,0,10,0.857,0.505,1.267,0.0,0.539,0.118,0
18314,72,0,5,0.848,0.519,0.642,0.0,-0.22,0.053,0
18315,41,0,7,0.64,0.633,0.636,0.0,0.297,-0.192,0
18316,58,0,9,0.866,0.633,0.746,1.0,0.241,0.174,0
18317,38,0,7,0.926,0.574,0.558,0.25,0.078,0.23,0
18318,47,1,6,0.93,0.506,0.414,0.0,-0.028,0.23,0
18319,68,0,7,0.811,0.532,0.607,0.25,0.117,0.111,1
18320,56,0,5,0.789,0.53,0.677,0.25,0.374,0.081,0
18321,40,1,8,0.899,0.556,0.642,1.0,-0.058,0.304,0
18322,31,1,12,0.746,0.538,1.023,0.0,0.577,-0.014,0
18323,51,0,6,0.885,0.561,0.676,0.5,0.219,0.135,0
18324,68,1,12,1.124,0.538,1.135,0.75,0.789,0.271,1
18325,56,0,12,0.902,0.509,0.696,0.0,0.256,0.291,0
18326,65,0,7,0.786,0.575,0.679,0.0,0.164,0.226,0
18327,71,1,12,1.016,0.464,0.943,0.0,0.483,0.257,1
18328,52,1,8,0.844,0.542,0.869,0.0,0.509,0.134,0
18329,53,0,8,0.87,0.569,0.864,0.0,0.164,0.131,0
18330,56,0,7,0.671,0.526,0.48,0.0,0.391,0.039,0
18331,71,1,9,0.846,0.545,0.745,0.75,0.635,-0.037,1
18332,54,1,6,1.12,0.586,0.66,0.5,0.275,0.405,0
18333,53,0,9,0.856,0.611,0.842,0.25,0.411,0.351,0
18334,74,0,5,0.836,0.573,0.55,0.0,0.285,0.013,0
18335,56,0,11,0.924,0.443,1.088,0.0,0.453,0.28,0
18336,76,0,9,1.014,0.437,0.77,0.5,0.549,0.362,0
18337,61,1,11,1.033,0.572,1.08,0.5,0.285,0.301,0
18338,48,0,10,0.888,0.648,0.585,0.25,0.36,0.163,0
18339,53,0,7,0.96,0.61,0.565,0.0,-0.018,0.176,0
18340,62,0,4,0.715,0.676,0.7,0.0,0.13,-0.225,0
18341,70,1,8,0.823,0.596,0.747,0.5,0.586,0.125,0
18342,57,1,12,1.021,0.527,0.924,0.0,0.329,0.254,0
18343,81,1,6,0.7,0.612,0.789,0.75,0.433,-0.023,0
18344,63,0,3,0.885,0.627,0.489,0.0,0.201,0.032,0
18345,42,0,5,1.068,0.485,0.902,0.75,0.468,0.49,0
18346,63,0,11,1.021,0.454,0.7,0.0,0.375,0.301,0
18347,70,1,11,0.953,0.493,0.644,0.0,-0.057,0.234,0
18348,37,1,11,1.055,0.642,0.981,0.75,0.409,0.216,0
18349,39,0,10,0.733,0.554,1.085,1.0,0.465,-0.058,0
18350,49,1,7,0.828,0.634,0.694,0.75,0.179,-0.034,0
18351,50,0,11,0.992,0.46,0.771,0.0,0.18,0.318,0
18352,51,1,9,0.979,0.598,0.548,0.0,0.2,0.027,0
18353,32,1,11,0.7,0.476,0.82,0.0,0.267,-0.086,0
18354,70,0,6,0.924,0.644,0.714,0.0,0.494,0.197,0
18355,74,1,3,0.574,0.611,0.953,0.5,0.741,-0.217,0
18356,35,0,4,0.929,0.57,0.729,0.0,0.367,0.382,0
18357,71,1,6,0.835,0.626,0.229,0.0,-0.42,0.138,0
18358,35,0,3,0.7,0.69,0.62,0.0,0.162,-0.324,0
18359,38,1,8,0.867,0.538,0.97,0.0,0.525,0.088,0
18360,70,1,12,1.023,0.635,0.799,0.0,0.362,0.334,0
18361,68,1,7,0.871,0.427,0.925,0.25,0.589,0.193,0
18362,81,0,10,1.054,0.649,1.016,0.5,0.477,0.276,0
18363,31,1,3,0.826,0.631,0.454,0.0,0.09,0.127,0
18364,35,1,6,0.72,0.548,0.721,0.5,0.033,0.011,0
18365,36,0,4,0.843,0.596,0.87,0.0,0.317,0.147,0
18366,84,0,9,1.125,0.638,0.786,0.0,0.634,0.366,0
18367,61,1,3,0.932,0.581,0.657,0.25,0.316,0.18,0
18368,35,1,11,1.115,0.7,0.777,0.0,0.182,0.407,0
18369,74,0,10,0.942,0.5,0.897,0.0,0.528,0.194,0
18370,59,0,5,0.936,0.613,0.599,0.5,0.037,0.228,0
18371,36,1,5,0.871,0.626,0.414,1.0,-0.001,0.051,0
18372,51,1,8,0.96,0.593,0.859,0.0,0.486,0.26,0
18373,70,0,11,1.048,0.768,0.915,0.25,0.162,0.26,0
18374,51,0,4,0.784,0.637,0.514,0.0,0.259,0.176,0
18375,58,1,7,0.645,0.53,0.735,0.5,0.519,-0.095,0
18376,68,0,4,0.846,0.674,0.488,0.0,0.185,-0.068,0
18377,32,1,9,0.872,0.515,0.92,1.0,0.275,0.196,0
18378,41,0,6,0.823,0.591,0.559,0.75,0.156,0.143,0
18379,53,1,5,0.93,0.486,0.743,0.0,0.067,0.264,0
18380,47,1,8,0.935,0.592,0.65,0.25,0.373,-0.118,0
18381,52,1,8,0.864,0.49,0.999,0.5,0.575,0.305,0
18382,62,1,6,0.877,0.519,0.55,1.0,0.226,0.254,0
18383,34,0,11,0.818,0.716,0.651,0.0,0.283,0.052,0
18384,54,0,12,0.7,0.682,0.862,0.25,0.26,-0.128,0
18385,67,1,8,0.869,0.471,0.443,0.0,0.153,0.201,0
18386,75,1,10,0.964,0.629,0.503,0.5,-0.177,0.377,0
18387,43,1,8,0.887,0.513,1.04,1.0,0.367,0.231,0
18388,73,0,6,0.842,0.518,0.646,0.0,-0.019,0.187,0
18389,64,0,4,0.894,0.678,0.482,0.5,0.186,-0.031,0
18390,58,1,9,1.06,0.572,0.686,0.5,0.04,0.375,0
18391,42,0,3,0.774,0.622,0.862,1.0,0.329,0.085,0
18392,55,0,7,0.985,0.539,0.79,0.25,0.331,0.168,0
18393,63,0,7,0.799,0.578,0.594,0.0,0.055,-0.169,0
18394,48,1,4,0.757,0.438,0.833,0.0,0.497,0.15,0
18395,60,1,3,0.901,0.572,0.797,0.0,0.213,0.032,0
18396,65,0,3,1.089,0.617,0.202,0.0,-0.109,0.384,0
18397,62,0,8,0.772,0.594,0.685,0.5,0.144,-0.08,0
18398,30,1,5,0.773,0.69,0.344,1.0,-0.379,-0.078,0
18399,31,0,12,0.986,0.515,0.944,1.0,0.605,0.222,0
18400,33,0,7,0.846,0.594,0.764,0.0,0.064,0.026,0
18401,68,1,10,1.051,0.51,0.837,0.0,0.539,0.264,0
18402,73,0,5,0.912,0.746,0.758,0.5,0.408,0.179,0
18403,82,0,11,0.999,0.49,0.993,0.5,0.387,0.314,1
18404,69,1,4,0.879,0.575,0.616,0.5,0.226,-0.08,0
18405,77,0,9,0.82,0.621,0.631,0.0,0.379,0.057,0
18406,62,1,11,1.057,0.701,0.908,0.75,0.741,0.239,0
18407,55,1,8,0.733,0.476,0.814,0.75,0.567,0.105,0
18408,80,1,11,1.085,0.435,1.15,0.0,1.053,0.401,0
18409,63,1,11,0.859,0.608,1.084,0.0,0.867,-0.099,0
18410,71,0,8,0.733,0.435,0.781,0.0,0.516,0.017,0
18411,35,0,4,0.705,0.625,0.575,0.25,0.329,-0.034,0
18412,66,1,4,0.741,0.685,0.695,0.0,0.164,0.041,0
18413,43,0,7,0.946,0.607,0.431,0.0,-0.23,0.215,0
18414,72,0,9,0.962,0.549,0.668,0.75,0.462,0.084,0
18415,37,1,4,0.962,0.728,0.758,0.0,0.253,0.244,0
18416,35,0,6,0.885,0.637,0.895,0.0,0.633,0.086,0
18417,32,0,12,0.847,0.43,0.955,0.0,0.469,0.096,0
18418,76,1,4,0.744,0.599,0.385,0.25,-0.357,0.121,1
18419,81,1,6,0.619,0.606,0.69,0.0,0.247,-0.276,0
18420,84,1,7,0.802,0.631,0.821,0.75,0.406,0.482,0
18421,77,0,12,0.969,0.532,0.996,0.0,0.384,0.465,0
18422,55,0,6,0.873,0.7,0.841,0.0,0.495,-0.114,0
18423,65,1,5,0.834,0.579,0.929,0.0,0.778,0.076,1
18424,52,1,12,0.955,0.551,0.984,0.0,0.394,0.199,0
18425,54,0,7,0.973,0.634,0.954,0.5,0.308,0.216,0
18426,41,1,5,0.995,0.732,0.835,0.0,0.446,0.337,0
18427,37,1,9,0.981,0.614,0.699,0.0,0.151,0.265,0
18428,33,0,3,0.804,0.653,0.424,1.0,-0.076,0.254,0
18429,41,0,5,0.986,0.7,0.585,0.5,0.011,0.19,0
18430,67,0,12,0.812,0.423,0.882,0.0,0.54,-0.016,0
18431,41,0,10,0.66,0.531,0.819,0.0,0.328,-0.087,0
18432,84,0,8,0.948,0.662,0.704,0.0,0.269,0.277,0
18433,34,1,12,0.736,0.561,1.159,0.5,0.657,-0.102,0
18434,33,1,5,0.7,0.573,0.783,0.0,0.489,0.072,0
18435,64,0,7,0.759,0.604,0.58,0.0,0.057,0.01,0
18436,69,1,5,0.805,0.473,0.626,0.0,-0.193,0.063,0
18437,51,0,5,0.552,0.61,0.465,0.5,-0.074,-0.313,0
18438,64,0,9,1.035,0.512,0.813,0.0,0.113,0.113,0
18439,35,1,9,1.039,0.595,0.687,0.0,0.166,0.217,0
18440,52,1,4,0.808,0.623,0.326,1.0,-0.152,0.16,0
18441,47,1,5,0.687,0.7,0.827,0.0,0.46,-0.027,0
18442,81,1,4,0.842,0.552,0.797,0.5,0.41,0.052,0
18443,42,1,4,0.865,0.515,0.489,0.0,-0.014,0.165,0
18444,70,0,3,0.946,0.684,0.331,0.25,0.063,0.118,0
18445,50,0,10,0.976,0.591,0.997,0.0,0.681,0.188,0
18446,72,0,4,0.774,0.682,0.359,0.75,-0.022,0.079,0
18447,30,1,10,0.902,0.57,1.035,0.75,0.647,0.148,0
18448,72,0,6,0.738,0.652,0.947,0.0,0.281,0.062,1
18449,40,0,7,0.899,0.559,0.791,0.0,0.205,0.086,0
18450,61,0,5,0.788,0.595,0.757,0.25,0.607,-0.131,0
18451,76,0,11,1.084,0.499,1.144,1.0,0.757,0.321,0
18452,68,0,6,0.689,0.537,0.3,0.5,-0.257,-0.048,0
18453,83,0,9,0.941,0.688,0.623,0.0,0.284,0.093,0
18454,33,0,4,0.755,0.627,0.709,0.0,0.083,-0.109,0
18455,53,0,10,0.979,0.486,0.826,0.5,0.411,0.192,0
18456,31,1,9,0.809,0.722,0.851,0.75,0.128,0.12,0
18457,50,1,12,0.97,0.5,0.894,0.0,0.197,0.155,0
18458,51,1,5,0.862,0.674,0.559,0.0,0.024,0.114,0
18459,73,1,5,0.663,0.544,0.72,0.0,-0.261,-0.179,0
18460,51,1,9,0.7,0.555,0.683,0.0,0.251,-0.018,0
18461,48,0,5,0.849,0.671,0.707,0.0,0.345,0.136,0
18462,64,0,8,0.814,0.561,1.286,0.0,0.895,-0.029,0
18463,77,1,8,0.796,0.61,0.566,0.75,0.285,0.171,1
18464,45,1,6,0.916,0.757,0.557,0.5,-0.123,0.194,0
18465,40,1,10,1.04,0.673,0.572,0.25,0.337,0.322,0
18466,68,0,5,0.735,0.497,0.567,0.0,0.407,-0.03,0
18467,68,1,4,0.773,0.637,0.679,0.25,0.394,-0.081,0
18468,84,1,9,0.955,0.593,0.85,0.0,0.262,0.268,0
18469,33,0,6,0.715,0.628,0.714,1.0,0.007,-0.251,0
18470,82,0,4,0.939,0.548,0.69,0.5,0.336,0.161,1
18471,73,1,3,0.783,0.549,0.556,1.0,0.283,0.136,0
18472,36,0,11,1.135,0.598,0.921,0.0,0.766,0.362,0
18473,43,0,11,0.924,0.559,0.562,0.75,0.015,0.055,0
18474,67,0,12,1.018,0.51,0.969,0.5,0.821,0.353,0
18475,56,1,7,0.905,0.41,0.759,0.75,0.663,0.252,0
18476,70,0,6,0.896,0.59,0.922,0.0,0.151,0.196,0
18477,68,0,5,0.637,0.579,0.819,0.25,0.349,-0.006,0
18478,46,0,3,0.942,0.595,0.224,0.5,-0.552,0.209,0
18479,68,1,9,0.833,0.549,0.661,0.25,0.469,-0.076,0
18480,76,1,4,0.754,0.677,0.422,0.0,-0.093,0.082,0
18481,52,0,10,1.093,0.512,0.713,0.0,0.389,0.4,0
18482,33,0,6,1.084,0.725,0.495,0.5,-0.032,0.252,0
18483,60,1,3,0.772,0.561,0.534,0.0,0.115,-0.046,0
18484,82,1,8,0.843,0.598,0.913,0.25,0.545,0.202,0
18485,49,0,12,0.896,0.554,0.624,1.0,0.142,0.091,0
18486,30,1,11,0.811,0.681,0.971,0.0,0.503,0.157,0
18487,41,1,5,0.838,0.516,0.394,1.0,-0.014,-0.043,0
18488,68,1,4,0.882,0.723,0.316,0.0,0.207,0.003,0
18489,57,1,8,0.831,0.531,0.836,0.75,0.617,0.038,1
18490,37,0,8,0.736,0.675,0.729,0.75,0.479,0.158,0
18491,81,0,4,0.91,0.667,0.436,0.0,-0.198,0.021,0
18492,34,1,7,0.977,0.516,0.313,0.5,-0.126,0.19,0
18493,78,0,6,0.848,0.547,0.925,0.75,0.517,0.208,0
18494,32,0,12,0.925,0.469,0.976,0.5,0.397,0.044,0
18495,39,0,8,1.018,0.586,0.929,0.25,0.31,0.23,0
18496,32,0,12,0.899,0.412,0.979,0.0,0.555,0.099,0
18497,57,1,12,0.889,0.706,0.578,0.0,0.464,0.386,0
18498,57,0,10,0.979,0.37,0.944,0.0,0.267,0.104,0
18499,55,1,3,0.891,0.683,0.53,1.0,0.112,0.042,0
18500,55,1,8,0.906,0.652,0.897,0.0,0.267,0.125,0
18501,83,1,11,0.889,0.602,0.779,0.0,-0.041,0.169,0
18502,82,1,11,1.101,0.469,0.663,0.0,-0.002,0.34,0
18503,71,1,4,0.884,0.563,0.57,0.0,0.109,0.118,0
18504,37,1,5,0.834,0.701,0.477,0.0,0.004,0.028,0
18505,43,0,6,0.825,0.549,0.583,0.0,0.265,0.071,0
18506,61,0,7,0.915,0.544,0.989,0.0,0.56,0.262,0
18507,59,0,8,0.856,0.532,0.451,0.0,-0.142,0.333,0
18508,45,0,11,1.072,0.63,0.889,0.0,0.423,0.349,0
18509,46,0,5,0.848,0.499,0.748,0.0,0.079,0.02,0
18510,31,1,12,1.041,0.553,1.17,0.0,0.692,0.211,0
18511,33,1,12,0.717,0.53,0.87,0.0,0.469,0.108,0
18512,71,0,7,1.006,0.518,0.604,0.0,0.129,0.141,0
18513,61,1,11,0.892,0.653,0.905,0.25,0.134,0.097,0
18514,80,1,4,0.794,0.559,0.588,1.0,0.228,0.047,0
18515,71,0,11,0.85,0.63,0.917,0.0,0.668,0.102,0
18516,70,1,9,1.001,0.685,1.047,0.25,0.496,0.127,0
18517,41,0,10,0.969,0.691,0.844,1.0,0.293,0.275,0
18518,77,1,3,0.749,0.706,0.691,0.0,0.151,0.004,0
18519,39,1,10,0.952,0.63,0.882,0.0,0.494,0.042,0
18520,54,1,9,0.87,0.467,0.612,0.5,0.31,0.101,0
18521,46,0,8,0.948,0.576,1.041,0.25,0.302,0.252,0
18522,77,1,5,0.861,0.676,0.488,0.0,0.302,0.193,0
18523,36,0,7,0.783,0.419,0.575,0.25,0.056,0.141,0
18524,84,0,11,1.049,0.526,0.7,0.5,0.347,0.375,0
18525,49,1,11,0.864,0.497,1.053,0.0,0.698,-0.126,0
18526,84,0,5,0.782,0.627,0.641,0.5,0.21,0.082,1
18527,55,0,7,1.036,0.5,0.694,0.75,-0.006,0.19,0
18528,31,0,11,0.975,0.619,0.896,0.0,0.409,0.293,0
18529,77,1,3,0.682,0.497,0.718,0.75,0.444,0.011,0
18530,54,1,6,0.852,0.463,0.569,0.0,0.203,0.102,0
18531,59,0,10,0.941,0.663,0.747,0.25,0.345,0.127,0
18532,72,0,4,0.691,0.612,0.466,0.25,0.049,-0.056,0
18533,44,0,10,0.805,0.494,0.762,0.75,0.227,0.026,0
18534,33,1,12,0.7,0.529,0.964,0.0,0.784,0.0,0
18535,34,1,9,0.478,0.581,0.807,0.5,0.073,-0.294,0
18536,82,1,9,1.095,0.537,0.565,0.0,0.049,0.492,1
18537,78,1,5,0.739,0.57,0.434,0.25,0.224,0.115,0
18538,79,0,4,1.072,0.566,0.604,0.0,-0.159,0.164,0
18539,73,0,4,1.032,0.509,0.709,0.0,0.422,0.417,0
18540,79,1,6,0.596,0.637,0.389,0.0,0.138,-0.169,0
18541,61,0,12,1.137,0.503,0.808,0.25,0.415,0.32,0
18542,44,1,11,0.938,0.582,1.065,0.0,0.619,0.366,0
18543,41,1,7,0.864,0.628,0.869,0.0,0.225,0.294,0
18544,36,1,7,0.666,0.677,0.782,0.5,0.513,-0.117,0
18545,57,1,8,0.857,0.479,0.651,0.25,0.347,0.241,0
18546,70,1,10,1.035,0.447,0.836,0.25,0.052,0.335,0
18547,40,0,8,0.935,0.63,0.7,0.25,0.527,0.332,0
18548,76,1,10,0.91,0.442,0.828,0.0,0.336,0.193,1
18549,48,1,9,0.743,0.531,0.963,0.0,0.576,0.015,0
18550,52,1,6,1.192,0.625,0.734,0.0,0.16,0.611,0
18551,46,1,6,1.003,0.605,0.562,0.0,0.001,0.303,0
18552,56,0,4,0.746,0.589,0.627,0.75,0.125,-0.035,0
18553,53,1,12,0.816,0.557,0.637,0.0,0.286,0.075,0
18554,44,0,3,0.777,0.568,0.7,0.0,0.236,-0.055,0
18555,44,0,7,0.904,0.5,0.569,0.5,0.284,0.303,0
18556,63,0,3,0.691,0.557,0.352,0.5,-0.145,-0.214,0
18557,35,1,4,0.883,0.63,0.494,0.5,0.11,0.145,0
18558,44,0,8,0.712,0.43,0.713,1.0,0.207,0.009,0
18559,32,0,4,0.635,0.637,0.652,0.0,0.641,0.173,0
18560,32,0,11,0.787,0.514,0.686,0.0,0.217,0.072,0
18561,57,1,7,1.141,0.624,0.601,0.5,0.344,0.256,0
18562,40,0,5,1.018,0.532,0.299,0.0,-0.043,0.311,0
18563,64,0,10,0.909,0.666,0.842,0.0,-0.11,0.209,0
18564,79,1,3,0.939,0.482,0.558,0.0,0.204,0.268,0
18565,51,0,11,1.043,0.633,0.932,0.0,0.613,0.418,0
18566,58,0,5,1.007,0.509,0.797,0.25,0.433,0.291,0
18567,83,0,5,0.788,0.684,0.856,0.5,0.201,-0.082,0
18568,35,1,6,0.933,0.537,0.555,1.0,0.302,0.324,0
18569,76,1,11,1.067,0.543,0.744,0.0,0.226,0.311,0
18570,32,0,5,0.921,0.581,0.669,0.0,0.188,0.209,0
18571,71,0,12,1.02,0.511,0.968,0.75,0.443,0.259,0
18572,76,1,6,0.939,0.666,0.624,0.0,0.119,0.028,0
18573,82,1,10,0.939,0.559,0.945,0.25,0.531,0.307,1
18574,68,1,8,0.909,0.519,0.65,0.0,0.046,0.11,1
18575,56,1,11,1.052,0.581,0.764,0.0,-0.043,0.318,0
18576,40,1,9,1.01,0.621,0.391,0.0,-0.241,0.28,0
18577,34,1,7,0.943,0.584,0.873,0.0,0.484,0.076,0
18578,70,0,6,0.844,0.499,0.482,0.25,-0.177,0.24,0
18579,53,0,9,0.777,0.467,0.845,0.25,0.321,-0.024,0
18580,42,1,10,0.7,0.512,0.828,0.0,0.191,0.09,0
18581,71,1,3,1.001,0.694,0.7,0.0,0.278,0.287,0
18582,65,1,11,0.945,0.607,1.143,0.0,0.674,0.045,0
18583,49,0,7,0.85,0.521,0.5,0.0,-0.06,0.394,0
18584,43,0,4,0.941,0.544,0.605,1.0,0.208,0.213,0
18585,53,0,4,0.967,0.553,0.591,1.0,-0.187,0.141,0
18586,42,0,5,0.851,0.707,0.703,0.0,0.003,0.041,0
18587,77,0,12,1.023,0.431,1.192,0.5,0.561,0.469,1
18588,48,0,6,0.92,0.635,0.739,0.75,0.431,0.174,0
18589,37,1,3,0.594,0.518,0.809,0.75,-0.047,0.086,0
18590,69,1,4,0.931,0.54,0.634,0.0,-0.039,0.203,0
18591,84,0,6,1.07,0.566,0.628,0.0,0.095,0.475,0
18592,42,0,8,1.046,0.537,0.634,0.0,0.453,0.26,0
18593,82,1,10,0.878,0.604,1.223,0.75,0.57,0.16,0
18594,67,0,10,0.969,0.573,0.799,0.75,0.814,0.132,0
18595,61,1,12,0.99,0.555,1.144,0.0,0.475,0.381,0
18596,71,0,10,0.94,0.52,0.622,0.0,0.253,0.062,0
18597,65,1,11,0.94,0.482,0.651,0.25,0.417,0.25,0
18598,58,0,11,0.823,0.573,0.826,0.0,0.805,-0.156,0
18599,66,1,7,0.81,0.481,0.518,0.0,0.265,0.155,0
18600,62,0,6,0.775,0.642,0.726,0.5,0.481,0.005,0
18601,61,0,3,0.971,0.591,0.608,0.0,-0.109,0.184,0
18602,68,1,10,1.036,0.533,0.759,0.75,0.416,0.233,0
18603,33,0,8,1.04,0.582,0.494,0.0,-0.141,0.256,0
18604,44,0,3,0.867,0.721,0.454,0.0,0.037,-0.071,0
18605,72,0,4,0.751,0.698,0.512,0.0,-0.135,0.138,0
18606,67,1,10,1.074,0.462,0.641,0.25,-0.133,0.193,0
18607,44,1,11,0.899,0.665,0.923,0.0,0.44,0.205,0
18608,46,0,11,0.819,0.574,0.839,0.75,0.364,-0.08,0
18609,69,0,12,0.709,0.589,0.989,0.25,0.628,0.055,0
18610,41,1,7,0.833,0.551,0.59,0.25,-0.045,-0.04,0
18611,81,0,4,0.778,0.657,0.919,0.0,0.567,0.2,0
18612,52,0,12,1.239,0.499,1.118,0.0,0.492,0.731,0
18613,48,0,5,0.779,0.597,0.66,0.75,0.013,0.291,0
18614,56,0,3,0.622,0.67,0.725,0.0,0.301,-0.091,0
18615,56,1,9,0.867,0.491,1.058,0.0,0.539,0.196,0
18616,43,0,10,0.907,0.542,0.919,0.25,0.031,0.005,0
18617,69,1,5,0.787,0.689,0.739,0.0,0.277,0.115,0
18618,48,1,6,0.892,0.565,0.454,0.5,-0.095,0.193,0
18619,83,0,9,0.815,0.504,0.913,0.25,0.213,0.094,0
18620,57,1,12,1.291,0.452,0.969,0.5,0.639,0.845,0
18621,50,1,7,0.7,0.562,0.938,0.5,0.561,-0.228,0
18622,75,0,11,0.756,0.526,1.056,0.0,0.66,0.175,0
18623,81,1,3,0.7,0.549,0.538,0.0,0.099,-0.003,0
18624,39,1,12,0.947,0.566,1.014,0.75,0.663,0.21,0
18625,67,1,12,1.106,0.435,0.83,0.75,0.13,0.179,1
18626,74,0,5,0.878,0.582,0.82,0.0,0.545,0.244,0
18627,61,1,10,0.869,0.514,0.681,0.5,-0.066,0.11,0
18628,49,0,8,0.97,0.585,0.585,0.0,-0.031,0.42,0
18629,37,0,5,0.668,0.595,0.572,0.0,-0.128,-0.167,0
18630,83,0,12,1.002,0.422,1.032,0.0,0.588,0.327,0
18631,61,1,12,0.872,0.445,0.701,0.25,0.317,-0.052,0
18632,73,1,3,0.853,0.627,0.473,0.0,0.053,0.153,0
18633,41,0,4,0.784,0.603,0.552,0.0,0.093,-0.021,0
18634,33,1,10,0.7,0.45,0.782,0.5,0.044,-0.236,0
18635,70,1,4,0.946,0.59,0.638,0.0,0.174,0.062,0
18636,36,0,8,1.033,0.579,0.837,0.0,0.411,0.349,0
18637,50,1,10,0.756,0.472,0.859,0.25,0.516,-0.034,0
18638,63,0,4,0.879,0.428,0.574,0.25,-0.126,0.194,0
18639,32,0,12,1.045,0.503,0.907,0.5,0.459,0.248,0
18640,60,0,4,0.855,0.591,0.475,0.5,-0.026,0.006,0
18641,37,0,8,0.615,0.495,0.592,1.0,-0.108,-0.343,0
18642,67,1,7,0.69,0.616,0.794,0.0,-0.136,-0.238,0
18643,63,0,12,1.104,0.411,1.12,0.0,0.695,0.38,0
18644,47,1,5,0.656,0.659,0.7,0.75,0.565,0.09,0
18645,83,0,10,0.864,0.479,0.838,0.0,0.385,0.077,0
18646,40,0,6,0.951,0.548,0.799,0.0,0.575,0.17,0
18647,84,1,6,0.77,0.752,0.92,0.5,0.558,-0.046,0
18648,76,1,8,0.858,0.714,0.652,0.25,-0.022,0.085,0
18649,84,1,5,0.7,0.507,0.634,0.0,-0.066,-0.092,0
18650,49,0,8,0.84,0.394,0.817,0.0,0.665,0.037,0
18651,53,1,11,1.143,0.513,0.775,1.0,0.457,0.338,0
18652,56,0,11,1.031,0.486,1.134,0.0,0.686,0.209,0
18653,57,1,7,0.727,0.488,0.618,1.0,0.087,0.298,0
18654,59,1,9,0.836,0.559,1.121,0.25,0.665,-0.014,0
18655,58,1,11,1.048,0.63,0.802,0.25,0.355,0.448,0
18656,62,0,7,0.7,0.611,0.65,0.75,0.185,-0.095,0
18657,42,0,4,0.801,0.605,0.786,0.25,0.214,-0.068,0
18658,42,1,4,0.96,0.7,0.738,1.0,0.681,0.262,0
18659,55,0,6,0.824,0.873,0.708,0.0,0.28,0.113,0
18660,55,1,12,0.943,0.524,0.74,0.25,0.501,0.113,0
18661,61,0,7,0.821,0.61,0.483,0.5,-0.026,-0.111,0
18662,48,1,6,0.773,0.557,0.469,1.0,0.169,0.255,0
18663,62,0,8,0.91,0.603,0.738,0.25,0.216,0.111,0
18664,81,1,3,0.705,0.622,0.454,1.0,-0.094,-0.066,1
18665,71,0,5,0.84,0.661,0.836,0.0,0.394,0.223,0
18666,72,1,12,1.014,0.64,0.7,0.0,0.021,0.241,0
18667,75,1,5,0.625,0.704,0.83,0.0,0.36,-0.171,0
18668,68,0,9,0.805,0.658,0.987,0.25,0.501,0.23,0
18669,31,0,8,0.821,0.497,0.902,0.0,0.22,0.014,0
18670,66,0,3,0.901,0.583,0.513,0.5,0.443,0.13,0
18671,68,1,11,1.259,0.629,1.069,0.0,0.69,0.525,0
18672,72,1,6,1.022,0.66,1.032,0.5,0.485,0.472,0
18673,59,1,7,0.659,0.557,0.743,0.5,0.508,-0.165,0
18674,60,1,5,0.787,0.491,0.474,0.0,-0.022,0.06,0
18675,41,0,11,0.821,0.595,0.88,0.5,0.169,-0.126,0
18676,47,0,5,0.745,0.714,0.591,0.25,-0.06,-0.115,0
18677,74,1,11,0.952,0.53,1.016,0.0,0.21,0.265,1
18678,31,0,9,1.094,0.44,0.734,1.0,0.315,0.528,0
18679,45,1,6,1.009,0.551,0.821,0.0,0.392,0.28,0
18680,75,1,7,0.797,0.638,0.962,0.0,0.384,-0.074,0
18681,30,0,11,1.135,0.554,0.77,0.75,0.365,0.326,0
18682,63,0,7,0.962,0.708,0.406,0.0,-0.201,0.262,0
18683,37,1,5,1.095,0.524,0.685,0.5,0.14,0.199,0
18684,42,1,6,0.886,0.663,0.668,0.25,0.162,0.324,0
18685,55,0,12,0.9,0.528,0.901,0.5,0.526,-0.017,0
18686,41,1,3,0.871,0.587,0.657,0.0,0.396,0.072,0
18687,75,0,3,0.662,0.687,0.726,0.25,-0.005,-0.11,1
18688,42,0,4,0.931,0.473,0.397,0.0,-0.149,0.023,0
18689,54,1,10,0.939,0.445,1.06,0.0,0.717,0.026,0
18690,77,0,7,0.897,0.558,0.589,1.0,-0.047,0.034,0
18691,33,0,9,0.873,0.634,0.701,0.0,0.388,0.057,0
18692,62,1,5,0.964,0.607,0.807,0.0,0.412,0.211,0
18693,61,0,4,0.707,0.639,0.289,0.0,-0.422,-0.055,0
18694,59,0,12,0.966,0.577,0.773,1.0,0.141,-0.061,0
18695,78,0,6,0.943,0.586,0.784,0.0,0.361,0.421,0
18696,64,0,6,0.756,0.571,0.69,0.75,0.361,-0.088,0
18697,47,1,11,0.772,0.499,0.721,0.0,0.025,0.082,0
18698,46,0,10,0.923,0.469,1.007,0.5,0.579,0.02,0
18699,61,1,6,0.848,0.532,0.793,0.0,0.091,0.015,0
18700,54,0,11,0.963,0.534,0.932,0.5,0.453,0.197,0
18701,75,1,4,0.671,0.61,0.532,1.0,0.302,-0.213,0
18702,69,0,7,0.967,0.567,0.8,0.5,0.308,0.213,0
18703,66,1,7,0.7,0.604,0.525,0.0,0.079,0.0,0
18704,79,0,3,0.77,0.726,0.632,0.25,0.306,-0.058,0
18705,58,0,3,0.944,0.638,0.546,0.0,0.316,0.2,0
18706,60,0,7,0.961,0.526,1.065,0.5,0.78,0.132,0
18707,32,1,9,0.87,0.586,0.924,0.0,0.491,0.072,0
18708,36,0,10,0.711,0.531,1.11,0.0,0.719,-0.202,0
18709,39,1,3,0.769,0.71,0.448,0.25,0.077,0.291,0
18710,67,0,4,0.805,0.732,1.011,0.75,0.839,-0.14,0
18711,31,0,12,0.955,0.541,0.877,0.25,0.367,0.02,0
18712,56,1,8,0.904,0.523,0.968,0.75,0.564,0.062,1
18713,53,0,4,0.744,0.684,0.723,0.5,0.302,-0.021,0
18714,60,1,7,1.085,0.616,0.705,0.75,0.368,0.334,0
18715,52,1,5,0.738,0.545,0.605,0.25,-0.087,-0.186,0
18716,77,0,6,1.123,0.603,0.673,0.0,0.382,0.381,0
18717,54,0,3,0.705,0.571,0.7,0.0,0.571,0.007,0
18718,31,1,6,0.669,0.628,0.576,0.0,-0.124,-0.062,0
18719,40,1,11,0.961,0.598,0.99,0.0,0.416,0.239,0
18720,73,0,5,0.544,0.565,0.665,0.0,0.458,-0.103,0
18721,30,1,10,0.888,0.498,0.757,0.0,0.238,0.176,0
18722,43,1,8,0.864,0.556,0.844,0.0,0.375,0.266,0
18723,71,1,7,0.961,0.641,0.705,0.25,0.356,0.365,0
18724,62,0,3,0.611,0.544,1.013,0.0,0.672,-0.189,0
18725,84,1,9,0.883,0.6,0.764,1.0,0.417,0.183,0
18726,53,0,6,0.764,0.603,0.836,0.0,0.508,0.02,0
18727,72,0,4,0.678,0.596,0.71,0.0,0.253,-0.01,0
18728,84,1,12,1.048,0.416,0.93,0.75,0.396,0.43,1
18729,31,1,3,0.661,0.606,0.387,0.0,-0.011,0.042,0
18730,80,0,5,0.852,0.429,0.4,0.0,0.095,0.16,0
18731,63,0,3,0.929,0.492,0.321,0.0,-0.326,0.136,0
18732,78,0,4,0.557,0.706,0.772,0.0,0.23,-0.374,0
18733,79,1,8,0.779,0.522,0.408,0.0,-0.292,0.2,0
18734,37,1,3,0.569,0.663,0.578,0.5,0.271,-0.285,0
18735,36,0,9,0.872,0.578,0.895,0.25,0.28,0.065,0
18736,63,0,11,0.7,0.497,0.765,0.0,0.199,-0.021,0
18737,42,0,11,0.786,0.567,0.931,1.0,0.452,0.086,0
18738,77,1,5,0.887,0.609,0.67,0.0,-0.044,0.052,0
18739,42,0,6,0.713,0.59,0.756,1.0,0.128,0.213,0
18740,59,0,5,0.938,0.63,0.642,0.25,0.517,0.236,0
18741,58,0,4,0.848,0.513,0.822,0.75,0.799,0.035,0
18742,67,1,5,0.941,0.539,0.44,0.0,-0.064,0.303,0
18743,70,1,10,0.779,0.587,0.877,0.0,0.583,0.282,0
18744,65,1,5,0.62,0.608,0.462,1.0,-0.25,-0.234,0
18745,76,1,12,1.12,0.562,0.912,0.0,0.383,0.432,0
18746,82,1,4,0.821,0.624,0.419,0.0,-0.268,0.121,0
18747,33,0,3,0.75,0.567,0.59,0.0,0.056,-0.11,0
18748,34,0,12,0.971,0.653,0.847,0.25,0.57,0.097,0
18749,62,1,11,1.112,0.477,0.776,1.0,0.294,0.317,0
18750,37,1,9,0.757,0.636,0.503,0.25,0.27,0.159,0
18751,69,0,7,0.951,0.431,0.739,0.25,0.165,-0.016,0
18752,63,0,12,1.275,0.7,0.972,0.25,0.318,0.725,0
18753,71,0,6,0.927,0.582,0.396,0.25,0.031,0.294,0
18754,57,1,9,0.843,0.51,0.933,0.0,0.525,0.17,0
18755,36,1,8,0.841,0.726,0.814,0.0,0.114,-0.035,0
18756,48,1,6,0.7,0.572,0.547,0.25,0.188,-0.027,0
18757,55,0,7,0.888,0.518,0.731,0.0,0.404,0.389,0
18758,57,0,8,0.876,0.567,0.753,0.0,0.554,0.152,0
18759,69,1,4,0.868,0.661,0.698,0.0,0.232,0.008,0
18760,60,0,11,0.853,0.485,0.526,0.75,0.213,0.065,0
18761,33,1,5,0.873,0.539,0.789,0.0,0.344,0.292,0
18762,35,1,11,0.832,0.552,0.573,0.0,0.056,0.076,0
18763,58,1,4,0.964,0.562,0.7,0.0,0.244,-0.054,0
18764,56,0,5,0.647,0.518,0.308,0.0,0.014,-0.11,0
18765,59,0,12,0.839,0.522,0.926,0.0,0.229,-0.084,0
18766,71,0,9,0.972,0.59,0.954,0.0,0.191,0.22,0
18767,83,0,5,0.786,0.569,0.667,0.0,0.477,-0.051,0
18768,41,1,7,0.778,0.696,0.508,0.0,0.31,0.089,0
18769,82,0,7,0.9,0.469,0.683,0.0,0.389,0.329,0
18770,48,1,4,0.811,0.639,0.785,0.0,0.299,0.055,0
18771,46,1,5,0.772,0.668,0.409,0.25,-0.318,-0.121,0
18772,64,0,4,0.816,0.567,0.721,0.25,0.176,0.069,0
18773,43,1,6,0.938,0.578,0.465,1.0,-0.043,0.148,0
18774,39,0,12,1.195,0.564,1.094,0.0,0.444,0.48,0
18775,35,1,12,1.122,0.541,0.944,1.0,0.375,0.513,0
18776,47,1,4,1.024,0.403,0.492,0.0,0.124,0.165,0
18777,44,0,9,0.882,0.529,0.684,0.25,0.222,0.052,0
18778,71,1,9,0.656,0.566,0.968,0.25,0.653,-0.114,1
18779,61,0,9,0.893,0.428,0.715,0.25,0.389,0.062,0
18780,57,1,10,1.025,0.594,0.997,0.0,0.411,0.341,0
18781,31,1,3,0.772,0.519,0.562,0.0,0.065,0.039,0
18782,51,0,7,0.819,0.531,0.632,0.5,0.081,0.263,0
18783,75,1,10,0.837,0.526,1.181,0.75,0.798,0.092,0
18784,82,1,9,0.896,0.622,0.729,0.0,-0.175,0.097,1
18785,48,0,6,0.806,0.563,1.003,0.0,0.606,-0.174,0
18786,71,0,5,0.785,0.575,0.633,0.25,0.358,-0.22,0
18787,81,0,7,0.935,0.593,0.701,0.0,-0.2,0.209,0
18788,64,0,11,1.053,0.501,1.181,0.25,0.997,0.315,0
18789,73,1,5,0.777,0.682,0.996,0.0,0.556,-0.101,0
18790,46,1,6,0.707,0.495,0.733,0.25,0.316,-0.01,0
18791,73,1,6,0.798,0.621,0.711,1.0,0.192,0.044,0
18792,75,0,12,0.753,0.48,0.928,0.5,0.474,0.014,0
18793,83,1,7,0.715,0.437,0.799,0.0,0.464,-0.004,1
18794,79,1,10,0.855,0.561,1.214,0.0,0.937,0.246,0
18795,37,0,5,0.552,0.493,0.636,0.25,0.206,-0.152,0
18796,69,1,12,1.143,0.573,1.059,1.0,1.084,0.676,1
18797,33,0,4,0.686,0.485,0.441,0.5,-0.08,0.139,0
18798,44,1,11,0.985,0.508,0.927,0.0,0.804,0.287,0
18799,60,1,9,0.934,0.524,0.995,0.25,0.501,0.154,0
18800,43,0,11,0.86,0.531,0.846,0.5,0.545,0.256,0
18801,45,1,8,0.811,0.64,0.949,0.0,0.617,0.076,0
18802,52,0,9,1.074,0.6,0.7,0.0,0.226,0.311,0
18803,79,1,12,0.709,0.597,0.952,0.25,0.565,-0.044,0
18804,55,0,10,0.898,0.58,0.519,0.0,-0.134,0.169,0
18805,41,0,4,0.685,0.73,0.429,1.0,0.248,0.032,0
18806,77,0,10,0.935,0.63,0.782,0.25,0.184,0.235,0
18807,53,0,11,1.07,0.546,1.073,0.75,0.675,0.496,0
18808,58,1,3,0.94,0.499,0.458,0.75,0.158,0.259,0
18809,43,0,12,0.984,0.544,0.866,1.0,0.273,0.039,0
18810,60,1,5,0.974,0.593,0.629,0.5,0.04,0.159,0
18811,70,1,11,1.128,0.363,0.929,0.0,0.531,0.567,0
18812,49,1,10,0.79,0.502,0.737,0.5,0.407,-0.072,0
18813,57,1,12,0.997,0.565,0.97,0.75,0.446,0.182,0
18814,83,1,3,0.781,0.7,0.369,0.25,-0.333,-0.006,0
18815,55,1,4,0.942,0.575,0.57,0.0,0.291,0.077,0
18816,36,0,5,0.734,0.586,0.724,0.0,0.024,-0.027,0
18817,74,1,9,1.034,0.594,0.925,0.0,0.587,0.292,0
18818,61,1,12,0.945,0.622,0.787,0.25,0.318,0.029,0
18819,74,0,6,0.837,0.584,0.624,0.0,0.182,0.111,0
18820,51,0,6,0.936,0.733,0.741,0.0,0.041,-0.001,0
18821,76,1,9,0.7,0.719,0.669,0.25,0.144,0.148,0
18822,30,0,12,0.798,0.508,0.834,1.0,0.41,0.056,0
18823,55,0,5,0.629,0.547,0.676,0.0,0.35,-0.141,0
18824,57,1,11,0.879,0.655,0.818,0.0,0.164,0.38,0
18825,73,0,5,0.675,0.572,0.554,0.0,0.01,0.08,0
18826,77,0,4,0.813,0.659,0.57,0.25,0.28,-0.048,0
18827,74,1,3,0.757,0.647,0.533,0.25,-0.259,-0.001,0
18828,40,0,7,0.817,0.639,0.772,0.0,0.206,0.117,0
18829,43,0,5,0.7,0.503,0.565,0.75,0.076,-0.146,0
18830,30,0,4,0.682,0.692,0.523,1.0,-0.03,-0.058,0
18831,47,1,8,0.7,0.618,0.783,0.0,0.037,-0.045,0
18832,77,0,6,0.715,0.596,0.87,0.75,0.523,-0.08,0
18833,35,1,9,0.778,0.625,0.563,0.0,0.215,0.015,0
18834,80,1,10,0.85,0.625,1.087,0.25,0.719,0.019,1
18835,51,1,7,0.797,0.674,0.479,0.0,0.139,0.014,0
18836,31,0,6,0.7,0.718,0.653,0.0,0.347,-0.149,0
18837,36,1,10,0.624,0.481,0.869,0.0,0.442,-0.068,0
18838,42,1,7,0.883,0.695,0.696,0.0,0.101,0.156,0
18839,48,1,4,0.96,0.555,0.355,0.0,-0.165,0.144,0
18840,69,0,12,0.861,0.434,0.774,0.0,0.355,0.097,0
18841,32,1,4,0.839,0.623,0.533,0.0,-0.004,0.303,0
18842,69,1,10,1.04,0.575,0.837,0.75,0.376,0.34,1
18843,76,1,8,0.955,0.589,1.048,0.25,0.397,0.209,0
18844,84,0,12,1.084,0.528,1.088,0.0,0.579,0.17,1
18845,61,0,5,0.816,0.524,0.466,0.5,0.256,0.221,0
18846,60,0,11,0.854,0.693,0.888,0.0,0.398,0.066,0
18847,76,1,6,1.017,0.545,0.783,0.25,0.069,0.208,0
18848,51,0,4,0.699,0.674,0.573,0.75,0.156,-0.164,0
18849,53,0,5,0.73,0.496,0.432,1.0,-0.086,0.051,0
18850,32,1,9,0.963,0.609,0.603,0.75,0.388,0.148,0
18851,43,1,12,1.135,0.541,1.08,0.75,0.59,0.586,0
18852,70,1,5,0.973,0.648,0.471,0.0,0.132,0.142,0
18853,73,0,4,0.648,0.649,0.418,0.0,-0.067,-0.356,0
18854,48,1,9,0.863,0.496,0.627,0.75,0.081,0.082,0
18855,46,1,8,0.861,0.562,0.651,0.0,0.009,0.047,0
18856,55,1,3,0.728,0.695,0.462,0.0,0.092,-0.018,0
18857,67,0,12,0.963,0.577,0.995,0.0,0.486,0.387,0
18858,72,0,8,1.053,0.7,1.098,0.25,0.698,0.253,0
18859,49,0,4,0.897,0.66,0.574,0.0,0.158,-0.058,0
18860,59,1,11,1.0,0.6,0.878,0.0,0.727,0.425,0
18861,70,0,5,0.765,0.613,0.66,0.0,0.231,-0.029,0
18862,40,1,11,0.816,0.629,1.023,0.75,0.858,0.089,0
18863,84,1,4,0.896,0.595,0.507,0.5,0.182,0.269,0
18864,46,1,6,0.753,0.615,0.97,0.25,0.592,0.02,0
18865,30,1,8,1.036,0.651,0.705,0.25,0.005,0.182,0
18866,60,1,10,0.884,0.527,0.781,0.75,0.137,0.152,0
18867,53,0,4,0.796,0.688,0.818,1.0,0.213,-0.013,0
18868,77,1,9,0.635,0.527,1.043,0.25,0.746,-0.356,0
18869,67,1,6,0.569,0.661,0.594,0.75,-0.099,-0.122,0
18870,44,0,6,0.93,0.557,0.65,0.0,0.261,0.21,0
18871,68,1,10,0.838,0.526,0.605,0.0,0.225,0.06,0
18872,52,0,9,0.927,0.668,0.835,0.0,0.321,0.224,0
18873,74,1,9,0.919,0.675,0.732,0.75,0.044,0.306,0
18874,51,1,6,0.796,0.571,0.631,1.0,0.204,-0.115,0
18875,33,0,3,0.863,0.636,0.499,0.75,0.186,0.095,0
18876,32,1,9,0.877,0.562,1.053,0.0,0.686,0.163,0
18877,81,1,6,0.827,0.516,0.66,0.5,0.33,0.126,0
18878,39,0,6,0.89,0.694,0.43,0.75,-0.056,0.38,0
18879,41,0,8,0.962,0.509,0.633,0.0,0.209,0.098,0
18880,63,0,8,0.82,0.553,0.71,0.75,0.191,0.149,0
18881,67,0,7,0.901,0.433,0.786,1.0,0.476,0.197,0
18882,48,1,5,1.151,0.619,0.312,0.25,-0.402,0.365,0
18883,54,0,4,0.788,0.707,0.946,1.0,0.537,0.005,0
18884,75,1,11,0.993,0.556,0.862,0.25,0.162,0.33,0
18885,80,0,6,0.777,0.624,0.758,0.5,0.299,0.115,0
18886,63,0,6,1.026,0.6,0.781,1.0,0.171,0.531,0
18887,54,0,5,0.826,0.575,0.793,0.5,0.39,0.171,0
18888,81,1,9,1.046,0.683,0.842,0.25,0.353,0.44,1
18889,37,0,4,0.968,0.67,0.499,1.0,0.105,0.13,0
18890,39,1,5,0.882,0.597,0.617,0.5,0.358,-0.031,0
18891,50,1,11,1.242,0.553,0.935,0.0,0.4,0.589,0
18892,77,1,8,0.998,0.7,0.891,0.5,0.232,0.266,1
18893,33,1,12,1.121,0.541,0.962,0.25,0.181,0.458,0
18894,66,0,8,0.841,0.498,0.861,0.25,0.391,0.225,0
18895,83,1,5,0.86,0.718,0.615,0.0,-0.082,0.157,0
18896,32,0,11,0.7,0.592,0.918,0.0,0.658,0.084,0
18897,75,0,10,0.7,0.539,0.853,1.0,0.459,-0.095,0
18898,45,1,8,1.133,0.595,0.673,0.0,0.451,0.548,0
18899,83,0,9,0.7,0.656,0.793,1.0,0.093,0.071,0
18900,71,1,5,0.76,0.642,0.777,0.0,0.287,0.06,0
18901,79,1,11,0.939,0.547,0.9,0.5,0.359,0.337,1
18902,38,1,5,0.995,0.588,0.375,1.0,-0.172,0.327,0
18903,59,0,6,0.764,0.598,0.617,0.5,0.1,-0.061,0
18904,52,1,4,0.76,0.536,0.528,0.0,0.023,-0.032,0
18905,77,1,5,0.824,0.482,0.579,0.0,-0.121,-0.019,0
18906,53,1,11,0.798,0.7,0.515,0.0,0.085,0.062,0
18907,81,1,8,0.874,0.581,0.77,0.5,0.381,0.099,1
18908,45,0,10,0.931,0.644,0.637,1.0,0.131,0.249,0
18909,50,1,9,0.968,0.658,0.607,0.5,0.035,0.185,0
18910,65,0,4,0.736,0.573,0.386,0.5,-0.135,0.063,0
18911,65,0,9,0.851,0.562,0.724,0.0,0.024,0.073,0
18912,38,1,4,0.817,0.636,0.547,1.0,0.093,-0.031,0
18913,38,0,7,0.962,0.545,0.489,0.5,-0.14,0.279,0
18914,30,0,8,0.741,0.476,0.511,1.0,0.079,-0.028,0
18915,79,1,3,0.789,0.568,0.619,0.25,0.367,-0.049,0
18916,47,0,8,0.899,0.474,0.938,0.5,0.349,0.336,0
18917,50,1,11,1.078,0.7,0.686,0.0,0.163,0.607,0
18918,76,1,7,0.783,0.485,0.691,0.5,0.067,-0.025,0
18919,41,0,11,1.029,0.526,0.867,0.0,0.309,0.358,0
18920,65,0,3,1.037,0.592,0.637,0.0,0.359,0.324,0
18921,65,0,12,1.097,0.553,0.585,0.25,0.037,0.063,0
18922,83,0,4,0.796,0.486,0.443,0.25,-0.121,0.161,0
18923,59,0,8,1.163,0.599,0.681,1.0,0.356,0.576,0
18924,33,1,5,0.638,0.666,0.536,0.0,-0.119,-0.159,0
18925,77,0,4,1.051,0.599,0.3,0.25,0.04,0.351,0
18926,62,0,4,0.894,0.527,0.509,0.75,-0.094,0.22,0
18927,38,0,8,0.891,0.611,0.732,0.0,0.032,0.199,0
18928,35,0,5,0.99,0.564,1.041,0.25,0.504,0.699,0
18929,77,1,10,0.625,0.446,0.855,1.0,0.489,0.04,0
18930,79,1,6,1.104,0.677,0.567,0.0,0.237,0.6,0
18931,79,1,3,0.697,0.695,0.73,1.0,0.18,-0.014,0
18932,47,0,8,0.895,0.463,0.87,0.0,0.218,0.05,0
18933,68,0,3,0.867,0.47,0.741,0.0,0.587,0.013,0
18934,41,0,10,0.801,0.582,0.729,0.25,0.461,-0.123,0
18935,62,1,12,0.946,0.606,1.06,0.0,0.576,0.352,0
18936,63,1,11,1.005,0.586,0.705,0.0,0.41,0.158,0
18937,62,0,4,0.663,0.651,0.354,0.5,-0.108,-0.214,0
18938,33,0,6,0.856,0.535,0.752,0.5,0.284,-0.044,0
18939,54,1,5,0.759,0.589,0.474,0.25,-0.362,0.061,0
18940,69,0,9,0.808,0.587,0.694,0.5,-0.054,0.015,0
18941,82,0,12,0.95,0.72,0.978,0.0,0.712,0.211,0
18942,82,1,8,0.932,0.597,0.747,0.75,0.429,0.168,0
18943,63,1,12,0.991,0.54,0.897,1.0,0.231,0.256,0
18944,43,0,12,1.073,0.629,0.93,0.75,0.413,0.378,0
18945,55,1,6,0.914,0.579,0.486,0.0,-0.126,0.126,0
18946,37,1,12,0.872,0.442,1.012,0.5,0.434,0.024,0
18947,65,1,3,0.848,0.719,0.326,0.0,-0.453,-0.058,0
18948,37,0,5,0.979,0.498,0.409,0.5,-0.305,0.336,0
18949,67,0,7,1.107,0.59,0.816,0.0,0.116,0.498,0
18950,55,1,10,0.87,0.37,0.951,1.0,0.452,0.17,0
18951,47,1,8,0.829,0.623,0.652,0.0,-0.041,0.129,0
18952,30,0,10,0.929,0.611,0.731,0.0,0.198,0.153,0
18953,77,1,5,0.984,0.702,0.567,0.0,-0.182,0.409,0
18954,64,0,9,0.866,0.648,0.902,0.0,0.291,-0.111,0
18955,51,1,10,0.969,0.628,0.597,0.0,0.077,0.269,0
18956,45,0,9,0.743,0.491,0.577,0.0,-0.14,0.399,0
18957,35,0,3,0.789,0.602,0.185,0.5,-0.209,0.16,0
18958,65,0,5,0.755,0.75,0.779,0.0,0.345,-0.061,0
18959,69,0,6,0.82,0.541,0.805,0.75,0.471,-0.124,0
18960,79,0,4,0.877,0.454,0.593,0.0,0.175,0.005,0
18961,36,1,9,0.837,0.517,0.904,0.5,0.725,0.068,0
18962,30,0,9,0.926,0.569,0.76,0.0,0.327,0.155,0
18963,59,0,5,0.715,0.482,0.622,0.25,0.115,-0.103,0
18964,39,1,12,1.122,0.636,1.005,0.75,0.305,0.303,0
18965,52,1,8,0.967,0.628,0.617,0.0,0.175,0.08,0
18966,32,1,6,0.731,0.411,0.442,0.5,-0.189,0.118,0
18967,30,1,11,1.191,0.637,0.757,0.5,0.198,0.385,0
18968,66,0,12,0.977,0.538,0.862,0.25,0.414,0.317,0
18969,53,0,9,1.003,0.567,0.661,0.0,0.428,0.292,0
18970,46,1,3,0.797,0.47,0.528,0.0,0.024,0.102,0
18971,75,1,6,0.856,0.557,0.758,1.0,0.342,0.158,1
18972,70,1,12,1.184,0.571,0.69,1.0,0.309,0.354,0
18973,78,0,5,0.723,0.572,0.431,0.5,-0.033,0.023,0
18974,64,0,4,0.698,0.776,0.697,0.5,0.343,0.123,0
18975,65,1,7,0.869,0.494,0.671,0.0,0.087,0.135,0
18976,39,1,7,0.885,0.632,0.543,0.0,0.192,0.083,0
18977,49,0,5,0.793,0.537,0.626,0.5,0.034,0.354,0
18978,65,1,12,0.7,0.546,0.755,0.0,0.359,-0.246,1
18979,72,1,3,0.953,0.62,0.581,0.5,0.288,0.244,0
18980,38,1,12,0.984,0.425,0.84,0.5,0.384,0.318,0
18981,53,0,5,1.148,0.524,0.549,0.5,0.101,0.112,0
18982,39,1,7,0.757,0.502,0.748,0.0,0.236,-0.06,0
18983,72,1,9,0.718,0.7,0.977,0.5,0.185,0.177,0
18984,77,1,11,1.021,0.588,0.795,1.0,0.399,0.224,0
18985,52,1,3,0.731,0.5,0.316,0.75,-0.172,0.005,0
18986,64,1,10,0.831,0.721,0.7,0.0,0.187,-0.032,0
18987,39,1,5,0.91,0.594,0.675,0.0,-0.025,0.234,0
18988,50,0,4,0.7,0.649,0.613,0.0,0.248,-0.025,0
18989,80,0,5,0.926,0.644,0.543,0.5,-0.241,0.073,0
18990,78,1,5,0.879,0.645,0.899,0.25,0.619,0.011,1
18991,32,1,6,0.988,0.602,0.617,1.0,0.092,0.231,0
18992,51,0,8,0.959,0.524,0.857,0.5,0.527,0.212,0
18993,76,0,9,0.987,0.551,0.725,0.25,0.535,0.367,0
18994,39,1,10,1.022,0.578,0.844,0.25,0.639,0.119,0
18995,48,1,6,0.852,0.504,0.562,0.0,0.037,0.0,0
18996,72,0,10,0.842,0.517,0.538,0.25,-0.153,-0.046,1
18997,58,0,11,0.7,0.521,0.955,0.0,0.094,-0.226,0
18998,79,1,11,0.848,0.667,0.859,0.5,0.524,-0.074,1
18999,83,1,10,0.953,0.638,0.909,1.0,0.39,0.101,1
19000,57,1,8,0.805,0.615,0.466,0.0,-0.229,0.061,0
19001,68,0,8,0.856,0.621,0.781,0.0,0.275,0.065,0
19002,58,1,9,0.887,0.598,0.664,0.0,0.163,0.242,0
19003,45,1,12,0.933,0.587,0.729,0.0,0.119,0.292,0
19004,67,0,12,0.96,0.496,0.848,0.0,0.314,0.26,0
19005,68,1,5,0.792,0.695,0.706,0.0,0.762,0.307,0
19006,36,0,3,0.802,0.67,0.937,0.5,0.426,0.009,0
19007,60,0,11,0.899,0.563,0.967,0.0,0.178,0.079,0
19008,39,0,9,1.07,0.652,0.727,0.0,0.256,0.2,0
19009,53,0,9,0.823,0.625,1.007,0.0,0.731,0.269,0
19010,30,0,9,0.859,0.539,0.733,0.0,0.284,0.086,0
19011,84,1,6,0.66,0.551,0.937,0.5,0.517,-0.12,0
19012,46,1,3,0.906,0.601,0.798,0.5,0.062,0.126,0
19013,37,1,10,0.988,0.529,0.636,0.0,0.011,0.122,0
19014,45,0,9,0.8,0.486,0.781,0.0,0.448,0.067,0
19015,73,0,9,0.868,0.586,0.815,0.0,0.105,0.261,0
19016,40,0,5,0.846,0.596,0.563,0.0,0.107,-0.309,0
19017,65,0,7,1.085,0.528,0.326,0.25,0.035,0.414,0
19018,80,0,6,0.569,0.453,0.823,0.25,0.447,-0.091,0
19019,80,1,7,0.972,0.563,0.641,1.0,-0.157,0.264,0
19020,60,1,4,0.861,0.625,0.828,0.0,0.664,0.036,0
19021,35,1,6,0.882,0.667,0.518,0.0,0.028,0.159,0
19022,47,1,6,0.743,0.605,0.613,0.0,0.206,-0.138,0
19023,40,0,10,0.7,0.524,0.949,1.0,0.749,0.0,0
19024,73,0,10,0.941,0.508,0.642,0.75,0.04,0.235,0
19025,30,1,8,1.086,0.614,0.709,0.75,0.291,0.515,0
19026,73,1,11,0.77,0.484,0.499,0.5,0.121,-0.048,0
19027,70,0,4,0.752,0.487,0.636,0.0,0.347,-0.118,0
19028,62,0,9,0.782,0.62,0.667,0.0,0.173,0.051,0
19029,30,0,9,1.086,0.592,0.953,0.5,0.467,0.452,0
19030,78,0,5,0.906,0.679,0.587,0.0,0.233,0.155,0
19031,40,1,10,1.009,0.62,1.091,0.0,0.342,0.259,0
19032,64,1,9,1.033,0.573,0.878,0.75,0.709,0.414,0
19033,43,0,8,0.862,0.587,0.857,0.0,0.347,0.05,0
19034,48,0,6,0.834,0.596,0.927,0.25,0.633,0.272,0
19035,33,0,3,0.758,0.48,0.659,0.0,-0.041,-0.085,0
19036,57,1,9,0.984,0.485,0.695,0.0,0.036,0.187,0
19037,46,1,11,0.954,0.417,1.0,0.25,0.464,0.159,0
19038,74,1,12,0.781,0.356,0.858,0.0,0.425,0.064,0
19039,34,1,9,0.837,0.559,0.55,0.0,0.409,0.235,0
19040,33,1,7,0.664,0.482,0.752,0.5,0.356,-0.113,0
19041,35,0,7,0.737,0.521,1.091,0.0,0.665,0.011,0
19042,61,1,11,1.08,0.464,0.895,0.0,0.453,0.296,0
19043,55,0,9,0.86,0.47,0.72,0.0,0.381,0.171,0
19044,64,1,9,1.166,0.497,0.851,0.0,0.439,0.413,0
19045,48,0,5,0.902,0.518,0.71,1.0,0.101,0.024,0
19046,51,1,5,0.874,0.6,0.712,1.0,0.35,0.168,0
19047,58,0,5,0.741,0.505,0.7,1.0,-0.054,-0.173,0
19048,33,0,4,0.899,0.6,0.437,0.0,-0.121,0.154,0
19049,55,1,3,0.858,0.665,0.457,0.0,0.074,0.188,0
19050,46,0,8,0.946,0.437,0.984,0.0,0.672,0.238,0
19051,48,1,12,0.952,0.605,0.785,0.0,0.483,0.252,0
19052,53,0,4,0.854,0.557,0.517,1.0,0.003,0.282,0
19053,31,1,12,0.865,0.508,0.669,1.0,-0.002,0.396,0
19054,56,1,6,0.674,0.51,0.513,0.0,0.102,0.06,0
19055,65,0,11,0.716,0.503,0.791,1.0,0.452,-0.12,0
19056,51,1,3,1.007,0.666,0.433,0.0,-0.055,0.338,0
19057,58,0,8,0.975,0.622,0.431,1.0,-0.114,0.275,0
19058,39,0,12,0.967,0.637,0.777,0.25,0.203,0.449,0
19059,33,1,3,1.026,0.517,0.814,0.0,0.23,0.404,0
19060,41,1,9,1.06,0.681,0.695,0.0,0.213,0.29,0
19061,48,0,11,0.715,0.385,0.9,0.75,0.262,-0.098,0
19062,81,0,12,0.7,0.665,0.874,0.25,0.214,-0.059,0
19063,57,0,12,0.973,0.7,0.818,0.0,0.236,0.496,0
19064,54,0,10,0.957,0.574,0.978,1.0,0.753,0.358,0
19065,34,1,5,0.782,0.56,0.7,1.0,0.277,-0.173,0
19066,64,0,4,0.798,0.588,0.503,1.0,0.049,0.133,0
19067,59,1,7,0.786,0.485,0.779,0.25,0.115,0.118,0
19068,81,0,4,0.876,0.691,0.435,0.0,-0.082,0.19,0
19069,47,1,12,0.943,0.473,0.709,0.75,0.31,0.131,0
19070,72,0,3,0.812,0.608,0.248,0.25,-0.042,0.128,0
19071,60,0,7,0.994,0.626,0.63,0.0,0.081,0.264,0
19072,39,0,3,0.654,0.745,0.337,0.5,-0.264,-0.2,0
19073,40,1,8,1.009,0.567,0.587,0.5,0.237,0.181,0
19074,62,1,4,0.769,0.577,0.714,0.0,0.223,0.096,0
19075,39,1,7,1.019,0.563,0.791,0.25,0.477,0.188,0
19076,62,0,11,0.616,0.597,1.081,0.75,0.549,-0.076,0
19077,40,0,3,0.843,0.624,0.474,0.0,-0.079,0.226,0
19078,54,0,8,1.004,0.577,0.542,0.25,0.159,0.255,0
19079,45,1,12,0.986,0.544,0.761,0.0,0.195,0.381,0
19080,67,1,9,1.005,0.553,0.784,0.0,0.013,-0.019,0
19081,62,1,8,0.843,0.545,0.745,0.0,0.147,-0.034,0
19082,45,1,4,0.74,0.732,0.473,0.0,-0.008,0.111,0
19083,73,1,5,0.845,0.552,0.685,0.0,0.259,0.289,0
19084,33,0,8,0.624,0.461,0.818,0.5,0.528,-0.045,0
19085,75,1,7,0.667,0.551,0.622,0.25,0.112,0.039,0
19086,46,0,8,0.941,0.565,0.377,1.0,-0.13,0.055,0
19087,62,1,4,0.678,0.673,0.536,0.25,0.032,0.128,0
19088,70,1,5,0.775,0.538,0.58,0.5,0.221,0.181,0
19089,84,1,6,0.843,0.6,0.511,0.0,0.129,-0.002,0
19090,82,0,11,1.012,0.495,0.994,0.5,0.784,0.348,0
19091,52,1,4,1.057,0.577,0.497,0.0,0.101,0.216,0
19092,40,1,4,0.722,0.51,0.641,0.0,-0.033,0.348,0
19093,67,1,8,0.716,0.543,0.903,0.0,0.351,0.104,0
19094,73,1,4,0.844,0.617,1.071,0.25,0.63,0.273,0
19095,63,1,8,0.789,0.581,0.394,0.0,-0.442,0.137,0
19096,38,0,9,0.691,0.527,0.87,0.0,0.433,-0.009,0
19097,76,1,3,0.655,0.635,0.395,0.0,-0.153,-0.156,0
19098,42,1,4,0.947,0.569,0.362,0.0,-0.201,0.278,0
19099,72,0,8,0.915,0.516,0.651,0.5,0.077,0.126,0
19100,36,1,3,0.757,0.612,0.403,0.0,0.117,-0.009,0
19101,84,1,4,0.863,0.63,0.691,0.0,0.508,0.148,0
19102,56,1,10,1.139,0.543,0.841,0.5,0.341,0.332,0
19103,61,0,8,0.682,0.443,0.908,0.0,0.531,-0.208,0
19104,58,1,7,0.991,0.604,0.715,0.75,0.337,0.309,0
19105,70,0,7,0.836,0.585,0.707,0.25,-0.102,0.106,0
19106,33,1,11,0.819,0.389,1.149,1.0,0.449,0.15,0
19107,37,0,9,0.811,0.57,0.751,0.0,0.058,0.314,0
19108,79,0,4,0.841,0.617,0.659,0.75,-0.062,-0.019,0
19109,40,0,6,0.971,0.516,0.584,0.0,0.427,0.037,0
19110,62,1,10,1.117,0.563,0.909,0.25,0.446,0.438,0
19111,37,1,3,0.704,0.526,0.81,0.0,0.393,-0.22,0
19112,82,1,4,0.737,0.642,0.677,0.0,0.125,0.281,0
19113,82,0,3,0.733,0.628,0.828,0.0,0.235,0.096,0
19114,73,0,6,0.839,0.636,0.67,0.0,-0.088,0.201,0
19115,71,1,6,1.004,0.556,0.923,0.0,0.241,0.31,0
19116,58,0,12,0.889,0.544,1.07,0.0,0.621,0.314,0
19117,55,0,11,0.818,0.513,0.62,0.0,0.111,0.185,0
19118,49,0,12,0.881,0.701,1.122,0.0,0.857,0.218,0
19119,68,0,4,0.855,0.71,0.75,0.0,0.278,0.156,0
19120,72,1,8,0.872,0.575,0.731,0.0,0.031,-0.078,0
19121,54,0,7,0.922,0.471,0.733,0.5,0.436,0.186,0
19122,50,0,6,0.964,0.681,0.544,0.75,0.057,0.036,0
19123,60,0,10,0.775,0.549,0.768,0.0,0.449,0.341,0
19124,34,0,3,0.801,0.506,0.57,0.0,0.076,0.07,0
19125,38,1,7,0.775,0.7,0.717,0.5,0.354,-0.181,0
19126,31,1,3,0.664,0.644,0.685,0.25,-0.015,0.122,0
19127,56,1,8,1.053,0.578,0.685,0.0,0.415,0.28,0
19128,31,1,3,0.896,0.464,0.643,1.0,0.123,0.125,0
19129,60,0,3,0.832,0.554,0.39,0.5,-0.062,0.072,0
19130,53,1,6,0.937,0.469,0.663,0.0,0.232,0.351,0
19131,60,1,3,0.964,0.504,0.343,0.5,-0.054,0.264,0
19132,58,0,4,0.8,0.564,0.323,1.0,-0.097,-0.035,0
19133,35,0,4,0.666,0.598,0.601,0.0,0.094,-0.0,0
19134,74,0,11,0.777,0.493,0.7,0.25,0.232,-0.291,1
19135,34,1,10,1.176,0.629,0.868,0.25,0.544,0.307,0
19136,63,0,4,0.898,0.51,0.459,0.0,-0.04,0.163,0
19137,72,0,10,1.012,0.604,0.611,0.25,0.142,0.234,0
19138,72,1,10,1.028,0.618,0.649,0.5,-0.208,0.303,0
19139,48,1,4,0.873,0.451,0.879,0.25,0.353,0.24,0
19140,30,0,9,0.902,0.58,0.613,0.75,-0.093,0.259,0
19141,45,0,8,0.99,0.617,0.9,0.0,0.431,0.29,0
19142,56,0,10,0.96,0.508,0.83,0.5,0.303,0.236,0
19143,32,1,6,0.934,0.6,0.833,0.5,0.491,0.173,0
19144,47,0,12,0.865,0.572,0.86,0.75,0.317,0.239,0
19145,75,0,9,1.079,0.451,0.97,0.0,0.406,0.279,0
19146,74,0,3,0.79,0.645,0.351,0.75,-0.349,-0.032,0
19147,46,0,7,0.853,0.636,0.526,0.0,-0.023,-0.076,0
19148,38,1,5,0.818,0.582,0.426,0.25,0.068,0.112,0
19149,79,0,11,0.932,0.424,0.537,0.0,0.187,0.128,0
19150,38,0,5,0.82,0.69,0.67,0.0,-0.121,0.032,0
19151,61,0,5,0.88,0.723,0.735,0.0,0.441,0.179,0
19152,65,1,10,0.905,0.663,0.883,0.0,0.209,0.155,0
19153,80,1,9,0.945,0.692,1.0,1.0,0.499,0.173,0
19154,69,1,10,0.951,0.535,0.992,0.5,0.444,0.251,0
19155,39,1,3,0.7,0.621,0.248,1.0,-0.326,-0.078,0
19156,51,0,10,0.985,0.53,0.7,0.0,0.153,0.241,0
19157,37,0,11,0.924,0.605,0.882,0.75,0.487,0.004,0
19158,69,1,10,0.858,0.7,0.66,0.5,0.001,0.007,1
19159,53,1,3,0.746,0.589,0.453,0.5,-0.229,0.131,0
19160,84,0,4,0.726,0.59,0.904,0.0,0.486,0.004,0
19161,31,0,7,0.884,0.659,0.666,0.0,-0.017,0.294,0
19162,84,1,11,1.001,0.455,1.029,0.0,0.504,0.061,1
19163,41,0,11,0.622,0.588,0.7,0.0,0.178,-0.203,0
19164,34,1,7,0.824,0.594,0.669,0.5,0.258,0.286,0
19165,72,0,11,0.945,0.536,1.138,0.0,0.496,0.175,0
19166,37,1,6,0.746,0.508,0.462,0.0,-0.104,0.0,0
19167,78,0,4,0.889,0.666,0.412,1.0,-0.171,0.145,0
19168,41,0,7,0.807,0.661,0.963,0.75,0.56,0.057,0
19169,43,0,3,0.785,0.642,0.491,0.5,0.024,-0.099,0
19170,79,1,9,0.734,0.651,0.911,0.0,0.309,-0.105,0
19171,37,1,10,1.028,0.563,0.83,0.0,0.43,0.255,0
19172,31,0,10,1.215,0.591,0.857,0.0,0.566,0.497,0
19173,30,1,7,0.7,0.561,0.875,0.0,0.443,0.159,0
19174,42,1,3,0.702,0.678,0.699,1.0,0.073,-0.041,0
19175,41,1,5,0.706,0.58,0.831,0.75,-0.066,-0.16,0
19176,71,0,12,0.893,0.572,0.756,0.0,0.293,0.313,0
19177,34,0,11,1.062,0.612,1.301,0.0,1.163,0.121,0
19178,56,0,3,0.673,0.527,0.36,1.0,-0.119,-0.181,0
19179,40,1,5,0.785,0.619,0.468,0.0,0.154,-0.029,0
19180,42,0,7,0.858,0.632,0.789,0.0,0.373,0.042,0
19181,36,0,12,0.7,0.561,1.046,0.0,0.644,-0.022,0
19182,42,0,11,1.132,0.457,0.925,0.0,0.554,0.468,0
19183,76,0,12,0.972,0.644,0.68,1.0,0.012,0.002,0
19184,74,1,6,0.891,0.73,1.02,0.0,0.567,0.337,0
19185,54,0,10,0.941,0.491,1.027,0.0,0.665,0.048,0
19186,31,0,9,0.985,0.613,0.61,0.5,0.182,0.3,0
19187,71,0,12,1.052,0.534,0.854,0.0,0.492,0.114,0
19188,44,1,9,0.887,0.449,0.604,0.25,0.177,0.302,0
19189,30,0,11,0.872,0.561,0.477,0.25,-0.278,0.22,0
19190,71,1,4,0.75,0.508,0.634,0.25,0.352,0.089,0
19191,46,1,11,0.981,0.425,0.779,0.25,0.469,0.159,0
19192,68,1,12,0.883,0.501,1.125,0.0,0.554,0.103,0
19193,80,0,9,0.864,0.58,0.699,1.0,0.174,0.116,1
19194,45,0,12,0.807,0.596,0.834,0.0,0.543,-0.019,0
19195,77,0,4,0.78,0.476,0.427,0.5,-0.273,-0.085,0
19196,75,1,11,0.893,0.625,0.7,0.0,0.182,0.193,0
19197,36,1,3,0.611,0.581,0.294,0.0,-0.19,-0.153,0
19198,83,0,5,0.882,0.511,0.304,0.0,-0.263,0.249,0
19199,70,0,7,0.718,0.594,0.488,0.0,0.07,0.017,0
19200,73,0,4,0.836,0.608,0.512,0.25,-0.029,0.126,0
19201,75,0,3,0.954,0.545,0.702,0.75,0.139,0.333,0
19202,41,1,11,0.88,0.578,1.042,0.0,0.3,0.122,0
19203,60,0,8,0.969,0.707,0.882,0.0,0.314,0.344,0
19204,57,1,4,0.623,0.664,0.545,0.75,0.38,-0.06,0
19205,73,1,4,0.64,0.603,0.601,0.0,0.293,-0.192,0
19206,82,1,4,0.653,0.68,0.67,0.0,0.174,-0.047,0
19207,72,1,7,0.882,0.738,1.075,0.5,0.727,0.097,0
19208,71,1,4,0.56,0.617,0.32,0.0,-0.343,-0.25,0
19209,74,0,10,0.913,0.427,0.679,0.0,0.406,0.097,0
19210,83,0,10,0.881,0.511,0.89,0.0,0.512,0.299,0
19211,81,1,5,0.7,0.601,0.598,0.0,-0.115,-0.122,0
19212,48,1,10,0.904,0.547,0.912,0.0,0.613,0.262,0
19213,74,0,9,0.897,0.506,1.028,0.0,0.655,-0.174,0
19214,31,0,11,0.693,0.605,0.802,0.0,0.231,-0.073,0
19215,68,0,12,0.823,0.584,0.667,0.5,0.066,0.154,0
19216,47,0,5,0.929,0.47,0.668,0.0,-0.034,0.189,0
19217,46,0,3,0.738,0.669,0.406,1.0,0.178,-0.026,0
19218,77,1,8,0.815,0.646,0.642,0.25,0.264,-0.023,1
19219,80,1,12,1.002,0.502,0.759,0.0,-0.245,0.148,0
19220,79,1,11,0.927,0.594,0.893,0.0,0.265,0.254,0
19221,63,0,6,0.969,0.658,0.705,0.0,0.278,0.281,0
19222,76,1,12,1.001,0.488,0.826,0.75,0.459,0.254,1
19223,38,0,9,0.928,0.618,1.041,0.0,0.518,0.187,0
19224,78,1,5,0.81,0.598,0.43,0.0,-0.117,-0.143,0
19225,83,0,10,1.1,0.398,0.981,0.0,0.766,0.272,0
19226,75,0,10,0.933,0.647,0.782,1.0,0.681,0.178,1
19227,37,1,3,0.889,0.537,0.461,0.0,-0.156,-0.201,0
19228,49,1,11,0.707,0.47,1.006,0.25,0.614,-0.005,0
19229,43,1,4,0.789,0.704,0.787,0.0,0.354,0.061,0
19230,41,1,11,0.948,0.529,0.915,0.0,0.129,0.136,0
19231,34,0,5,0.838,0.64,0.457,0.5,0.162,0.133,0
19232,52,0,8,0.849,0.705,0.968,0.0,0.741,0.065,0
19233,45,1,8,1.028,0.64,0.602,1.0,0.18,0.18,0
19234,40,1,12,1.083,0.678,0.834,0.0,0.464,0.304,0
19235,77,1,12,1.003,0.631,1.012,0.0,0.396,0.185,0
19236,50,0,10,0.866,0.508,0.785,0.0,0.146,0.097,0
19237,72,1,5,0.854,0.522,0.52,0.0,0.045,0.018,0
19238,32,0,4,0.683,0.546,0.757,0.5,0.149,-0.02,0
19239,59,1,7,1.08,0.543,0.793,0.0,0.471,0.167,0
19240,45,0,5,0.843,0.521,0.875,0.5,0.506,0.022,0
19241,58,1,5,0.789,0.492,0.723,1.0,0.421,-0.098,0
19242,50,1,9,0.897,0.516,0.741,0.5,0.269,0.021,0
19243,60,1,12,1.094,0.543,0.905,0.0,0.411,0.376,0
19244,35,0,8,1.101,0.519,1.018,0.25,0.844,0.335,0
19245,60,1,4,0.852,0.538,0.563,0.0,0.361,0.236,0
19246,71,0,11,0.984,0.566,1.053,0.5,0.755,0.284,0
19247,84,1,11,1.086,0.486,1.095,0.0,0.553,0.234,0
19248,48,0,7,0.903,0.579,0.751,0.5,0.051,0.188,0
19249,70,0,10,1.184,0.433,0.554,0.5,0.187,0.45,0
19250,74,0,12,1.138,0.508,1.078,0.0,0.745,0.317,0
19251,37,0,4,0.817,0.7,0.506,0.5,0.074,0.17,0
19252,50,0,5,0.71,0.619,0.813,0.0,0.519,-0.039,0
19253,32,1,10,0.842,0.606,0.877,0.0,0.531,-0.03,0
19254,68,0,4,1.03,0.625,0.463,0.75,0.181,0.352,0
19255,74,1,7,0.955,0.686,0.712,0.75,0.169,0.308,1
19256,76,1,10,0.777,0.578,0.723,0.75,0.305,-0.147,0
19257,47,0,3,0.755,0.682,0.551,0.0,-0.11,-0.047,0
19258,72,1,8,0.861,0.525,0.852,0.5,0.406,0.229,0
19259,39,1,10,0.838,0.63,0.811,0.5,0.412,-0.027,0
19260,62,0,12,1.087,0.579,1.199,0.75,0.568,0.023,0
19261,70,0,12,0.879,0.665,1.128,0.25,0.609,0.178,0
19262,35,0,10,0.782,0.561,0.673,1.0,0.245,0.182,0
19263,52,0,5,0.76,0.583,0.668,0.0,0.256,-0.135,0
19264,51,1,10,0.937,0.512,0.733,0.5,0.562,0.301,0
19265,49,1,4,0.723,0.779,0.578,0.0,0.304,-0.086,0
19266,79,1,4,0.928,0.61,0.623,1.0,0.064,0.367,1
19267,63,1,6,0.857,0.546,0.577,0.0,0.206,-0.035,0
19268,38,0,4,0.881,0.627,0.361,0.0,-0.264,0.181,0
19269,32,0,12,0.941,0.58,0.735,0.0,0.32,0.297,0
19270,72,1,7,0.887,0.527,0.778,0.25,0.071,0.063,0
19271,70,1,7,0.801,0.611,0.78,0.75,-0.015,0.102,1
19272,65,1,3,0.669,0.599,0.554,0.0,0.117,-0.043,0
19273,46,1,9,0.751,0.469,0.78,0.25,0.206,0.003,0
19274,36,0,7,0.803,0.547,0.624,0.5,0.478,0.111,0
19275,73,1,8,1.045,0.553,0.78,0.75,0.705,0.487,0
19276,38,0,6,0.863,0.593,0.676,1.0,0.12,0.143,0
19277,84,0,5,0.707,0.5,0.695,0.5,-0.007,0.04,1
19278,77,1,6,0.758,0.715,0.633,0.5,0.243,-0.013,0
19279,40,0,3,0.734,0.651,0.87,0.0,0.462,-0.168,0
19280,45,0,5,0.922,0.7,0.734,0.75,0.159,0.284,0
19281,79,0,9,0.937,0.641,0.533,0.0,-0.062,0.427,0
19282,43,0,9,0.928,0.572,0.79,0.75,0.081,0.19,0
19283,45,0,9,0.967,0.396,0.85,0.0,0.462,0.347,0
19284,31,1,8,1.023,0.469,0.794,1.0,0.296,0.408,0
19285,68,0,11,1.025,0.514,0.814,0.75,0.441,0.268,0
19286,65,1,5,0.932,0.789,0.287,0.25,-0.093,0.185,0
19287,49,1,6,0.986,0.561,0.652,0.0,0.276,0.17,0
19288,50,0,3,0.865,0.505,0.447,1.0,-0.217,0.098,0
19289,52,1,5,0.984,0.581,0.501,0.5,0.105,0.181,0
19290,49,1,4,0.955,0.546,0.354,0.0,-0.432,0.191,0
19291,38,0,7,1.15,0.654,0.666,0.0,-0.33,0.421,0
19292,43,1,8,0.828,0.453,0.895,0.75,0.24,0.127,0
19293,62,0,7,0.64,0.58,1.067,0.5,0.543,-0.435,0
19294,52,1,4,0.917,0.638,0.708,1.0,0.164,0.208,0
19295,33,0,6,0.761,0.7,0.741,0.0,0.259,-0.003,0
19296,72,1,9,0.859,0.53,0.887,0.0,0.159,0.103,1
19297,82,1,6,0.748,0.613,0.739,0.0,0.324,0.119,0
19298,84,0,5,0.983,0.633,0.71,0.25,-0.048,0.072,0
19299,62,1,8,0.892,0.625,0.526,0.0,-0.201,0.133,0
19300,69,0,7,0.956,0.681,0.518,1.0,0.163,0.208,0
19301,30,0,7,0.929,0.693,0.6,1.0,0.216,0.183,0
19302,82,1,4,0.746,0.512,0.317,0.0,-0.206,-0.049,0
19303,68,1,9,0.7,0.575,0.681,0.0,0.241,-0.299,0
19304,75,1,11,0.787,0.45,0.675,0.0,0.248,0.119,0
19305,67,0,9,1.052,0.68,0.632,0.0,-0.041,0.329,0
19306,64,0,7,1.153,0.496,0.721,0.0,0.38,0.449,0
19307,66,1,11,1.013,0.489,0.609,0.0,0.045,0.206,0
19308,84,0,9,0.98,0.725,0.575,0.5,0.118,0.177,0
19309,77,0,12,1.085,0.616,0.973,0.0,0.466,0.397,0
19310,31,1,11,0.892,0.518,0.729,0.5,0.376,0.31,0
19311,50,0,6,0.86,0.667,1.02,0.25,0.618,-0.003,0
19312,30,0,8,0.7,0.577,0.759,0.25,0.152,-0.027,0
19313,31,1,9,0.999,0.718,0.666,0.0,0.304,0.198,0
19314,83,0,9,1.02,0.566,0.879,0.5,0.25,0.294,0
19315,57,0,6,0.89,0.517,0.598,0.5,0.242,0.142,0
19316,50,1,6,1.081,0.511,0.416,0.5,-0.031,0.34,0
19317,62,0,9,1.089,0.632,0.863,0.75,0.198,0.346,0
19318,47,1,10,1.061,0.602,1.1,0.0,0.644,0.188,0
19319,69,1,4,0.775,0.568,0.328,0.0,-0.178,0.102,0
19320,77,1,4,0.767,0.591,0.611,0.0,0.152,0.013,0
19321,39,1,12,1.014,0.528,0.94,0.5,0.24,0.272,0
19322,43,1,6,0.7,0.565,0.441,0.25,-0.235,0.013,0
19323,62,1,4,0.812,0.464,0.61,0.0,0.155,0.092,0
19324,69,1,6,0.695,0.605,0.738,0.0,0.66,0.113,0
19325,61,0,9,0.936,0.498,0.7,0.0,0.189,0.307,0
19326,48,0,4,0.834,0.486,0.509,0.25,0.174,-0.079,0
19327,75,1,7,0.756,0.528,0.639,0.75,0.278,-0.023,0
19328,41,1,3,0.881,0.602,0.837,0.0,0.439,0.181,0
19329,69,1,3,0.802,0.343,0.356,0.0,-0.088,0.111,0
19330,61,0,11,1.142,0.444,0.872,0.0,0.494,0.291,0
19331,53,1,11,0.944,0.576,1.08,0.5,0.553,0.187,1
19332,43,1,9,0.7,0.477,0.963,0.0,0.606,-0.04,0
19333,37,0,3,0.858,0.68,0.684,0.0,0.384,0.117,0
19334,65,1,8,0.918,0.661,0.745,0.25,0.323,0.207,0
19335,70,1,9,0.958,0.612,0.488,0.0,0.166,0.309,0
19336,56,0,10,0.964,0.608,0.817,0.0,0.449,0.19,0
19337,50,0,10,0.954,0.608,0.728,0.0,0.244,0.254,0
19338,53,1,5,0.821,0.607,0.645,0.25,0.196,0.044,0
19339,60,1,12,0.805,0.578,0.74,0.0,0.38,-0.056,0
19340,69,0,9,1.07,0.629,0.633,0.0,0.336,0.307,0
19341,56,0,9,0.7,0.621,0.948,0.0,0.499,0.139,0
19342,70,0,5,0.73,0.601,0.522,0.0,0.061,-0.112,0
19343,57,1,3,0.607,0.498,0.273,0.0,-0.136,-0.167,0
19344,55,0,3,0.834,0.519,0.612,0.0,0.063,0.024,0
19345,33,0,6,0.73,0.7,0.406,0.0,-0.26,0.177,0
19346,48,0,9,0.88,0.443,1.004,0.0,0.538,0.141,0
19347,55,0,6,0.812,0.607,0.665,0.0,0.082,0.141,0
19348,79,0,4,0.924,0.506,0.762,0.0,0.42,0.24,0
19349,40,1,12,0.908,0.385,1.044,0.25,0.487,0.212,0
19350,60,0,11,1.047,0.536,1.112,1.0,0.754,0.132,0
19351,48,0,12,0.982,0.465,0.657,0.0,0.191,-0.026,0
19352,44,0,8,0.824,0.508,0.705,0.0,0.294,0.235,0
19353,72,1,3,0.76,0.475,0.556,0.0,0.105,-0.206,0
19354,78,0,8,0.875,0.554,0.436,0.0,-0.126,0.188,0
19355,78,1,3,0.83,0.524,0.24,0.0,-0.524,0.1,0
19356,62,1,3,0.657,0.591,0.374,0.0,0.061,-0.207,0
19357,48,1,9,0.84,0.628,0.814,0.5,0.144,0.053,0
19358,32,1,3,0.7,0.682,0.544,0.25,0.036,0.096,0
19359,84,0,3,0.79,0.562,0.678,0.0,0.159,-0.099,1
19360,46,1,11,0.809,0.536,0.643,0.75,0.336,0.029,0
19361,64,0,4,0.899,0.507,0.266,0.25,0.196,0.169,0
19362,54,0,9,0.769,0.709,0.684,0.0,0.085,0.1,0
19363,53,0,3,0.702,0.642,0.624,0.25,0.056,-0.295,0
19364,67,0,10,0.985,0.692,0.867,0.25,0.466,0.233,0
19365,40,0,3,0.663,0.593,0.583,0.5,0.258,0.057,0
19366,46,0,10,0.7,0.533,0.827,0.0,0.065,0.011,0
19367,50,1,4,0.55,0.525,0.628,0.0,0.106,-0.168,0
19368,33,1,12,0.916,0.542,1.24,0.0,0.624,0.14,0
19369,71,1,7,0.845,0.471,0.766,0.0,0.086,0.085,0
19370,67,1,4,0.673,0.7,0.624,0.0,0.042,-0.051,0
19371,60,1,5,0.833,0.576,0.61,0.0,-0.03,-0.015,0
19372,43,1,4,0.922,0.527,0.608,0.25,0.01,0.299,0
19373,62,1,11,0.784,0.498,1.035,0.0,0.501,-0.084,0
19374,40,0,5,0.915,0.46,0.662,0.0,-0.038,0.373,0
19375,56,1,3,0.84,0.578,0.756,0.5,0.101,0.224,0
19376,56,1,3,0.791,0.588,0.633,0.75,0.172,0.05,0
19377,72,1,12,0.795,0.535,0.696,1.0,0.5,0.148,0
19378,59,0,10,0.941,0.583,0.86,0.75,0.45,0.17,0
19379,32,1,7,1.062,0.601,0.723,0.0,0.178,0.29,0
19380,55,1,4,0.814,0.557,0.568,0.0,0.118,0.005,0
19381,72,0,7,0.912,0.452,0.375,0.0,0.166,0.232,0
19382,56,0,9,0.921,0.594,0.46,0.0,0.244,0.028,0
19383,39,1,7,0.893,0.582,0.803,0.5,0.319,0.181,0
19384,82,0,4,0.722,0.676,0.634,0.0,0.118,0.106,0
19385,60,0,3,0.754,0.598,0.532,0.0,-0.12,-0.001,0
19386,34,1,3,0.697,0.62,0.343,0.0,0.185,0.158,0
19387,73,1,12,1.023,0.524,0.735,1.0,0.437,0.36,1
19388,30,1,10,0.976,0.572,0.85,0.5,0.188,0.39,0
19389,61,0,8,0.892,0.568,0.632,0.25,0.057,0.301,0
19390,40,1,4,0.822,0.546,0.551,0.75,0.421,0.141,0
19391,49,0,5,0.911,0.553,0.412,0.25,-0.206,0.002,0
19392,54,0,10,0.896,0.497,0.993,0.5,0.778,0.092,0
19393,47,1,11,1.111,0.554,1.132,0.25,0.724,0.452,0
19394,32,0,7,0.804,0.51,0.363,0.0,-0.083,0.333,0
19395,43,1,12,0.937,0.519,1.1,1.0,0.216,0.278,0
19396,70,1,10,0.934,0.478,0.7,1.0,0.279,0.182,0
19397,53,1,3,0.892,0.561,0.559,0.5,-0.182,0.242,0
19398,41,0,9,0.892,0.594,0.749,0.5,0.381,0.122,0
19399,36,1,9,0.983,0.51,1.126,0.0,0.717,0.32,0
19400,47,0,7,0.981,0.552,0.589,0.25,0.448,0.371,0
19401,31,1,7,0.956,0.649,0.708,0.25,0.214,0.328,0
19402,43,0,5,0.911,0.616,0.522,1.0,0.094,0.055,0
19403,68,0,12,0.939,0.488,1.074,0.75,0.941,0.335,0
19404,42,1,7,0.852,0.569,1.184,0.0,0.484,-0.044,0
19405,74,0,11,0.916,0.563,1.13,1.0,0.387,0.15,1
19406,74,1,11,0.869,0.434,1.299,1.0,0.916,0.132,0
19407,48,1,7,0.826,0.702,0.856,0.0,0.443,0.113,0
19408,36,1,8,0.691,0.548,0.926,0.5,0.52,-0.023,0
19409,47,0,11,0.779,0.553,1.033,0.0,0.181,0.039,0
19410,70,0,7,0.948,0.659,0.75,0.25,0.14,0.112,0
19411,58,0,8,1.016,0.603,0.7,0.75,0.358,0.501,0
19412,30,0,3,0.742,0.593,0.559,0.25,0.037,0.142,0
19413,83,0,5,0.851,0.612,0.541,0.5,0.23,-0.135,0
19414,58,0,9,0.973,0.594,0.746,0.0,0.167,0.238,0
19415,72,1,10,0.909,0.7,0.499,0.0,0.062,0.134,0
19416,31,0,12,0.8,0.519,0.951,0.0,0.588,0.053,0
19417,66,1,7,0.739,0.716,0.532,0.0,0.139,-0.113,0
19418,70,1,6,0.952,0.607,0.952,1.0,0.591,0.116,0
19419,33,0,12,0.903,0.518,1.032,0.0,0.485,-0.009,0
19420,80,0,10,1.104,0.55,1.157,0.0,0.674,0.5,1
19421,42,0,5,0.892,0.486,0.721,0.25,0.199,0.447,0
19422,39,1,3,0.957,0.631,0.466,0.25,0.002,0.324,0
19423,69,1,7,0.931,0.612,0.818,1.0,0.708,0.17,1
19424,48,1,12,0.878,0.7,1.04,0.0,0.605,0.072,0
19425,71,1,8,0.968,0.684,0.611,0.0,0.17,0.233,0
19426,71,0,12,1.022,0.405,0.988,1.0,0.68,0.18,1
19427,77,0,5,1.084,0.616,0.626,0.75,-0.01,0.264,0
19428,77,1,4,0.933,0.763,0.682,0.0,0.278,0.183,0
19429,37,1,9,0.722,0.801,1.064,0.5,0.558,0.005,0
19430,66,0,7,0.538,0.589,0.611,0.0,0.104,-0.217,0
19431,84,1,7,0.69,0.462,0.663,1.0,0.008,-0.129,1
19432,53,0,4,0.917,0.662,0.739,0.0,0.156,-0.07,0
19433,75,0,4,0.954,0.563,0.879,0.0,0.082,0.181,0
19434,41,0,9,0.919,0.518,0.804,0.25,0.224,0.296,0
19435,84,0,7,0.85,0.511,0.852,0.0,0.415,0.127,0
19436,60,1,10,0.889,0.444,0.469,0.0,-0.007,0.113,0
19437,58,0,6,0.803,0.572,1.054,0.0,0.417,-0.051,0
19438,81,0,12,1.066,0.717,0.841,0.0,0.395,0.225,0
19439,83,0,7,0.741,0.556,0.538,0.5,0.303,-0.104,0
19440,76,0,9,0.815,0.56,0.979,0.0,0.566,-0.021,0
19441,33,0,5,0.951,0.635,0.762,0.0,0.375,0.177,0
19442,79,0,6,0.78,0.691,0.466,0.0,0.117,0.173,0
19443,42,0,3,0.687,0.765,0.446,0.0,-0.4,-0.035,0
19444,32,1,6,0.768,0.586,0.75,0.5,0.468,0.066,0
19445,80,0,11,0.693,0.597,1.004,0.25,0.967,-0.023,0
19446,70,1,11,0.656,0.455,0.671,0.0,0.404,-0.159,0
19447,30,1,7,1.033,0.523,0.7,0.25,0.317,0.47,0
19448,59,0,7,0.916,0.613,0.7,0.25,0.188,0.033,0
19449,33,1,8,0.977,0.43,0.584,1.0,0.261,0.143,0
19450,79,0,4,1.04,0.714,0.512,0.0,0.131,0.24,0
19451,70,1,5,0.84,0.61,0.712,0.5,0.175,0.075,0
19452,77,0,12,0.869,0.515,0.995,0.0,0.307,0.106,0
19453,41,0,12,1.063,0.591,0.961,0.25,0.34,0.499,0
19454,81,0,11,1.073,0.591,0.854,0.0,0.248,0.161,0
19455,56,1,11,1.173,0.56,0.789,0.75,0.358,0.476,0
19456,75,0,12,1.178,0.61,0.656,0.75,0.26,0.675,1
19457,46,1,6,0.962,0.538,0.797,0.0,0.029,-0.12,0
19458,36,0,6,0.786,0.622,0.726,0.75,0.341,-0.005,0
19459,55,0,12,0.975,0.523,0.511,0.5,0.156,0.23,0
19460,34,1,5,0.854,0.508,0.567,0.0,0.147,0.106,0
19461,43,1,11,0.65,0.523,0.808,0.0,0.273,-0.103,0
19462,81,0,6,1.004,0.586,0.775,0.0,0.196,0.077,0
19463,62,0,10,0.911,0.549,0.668,0.0,-0.075,0.221,0
19464,59,0,3,0.7,0.654,0.657,0.0,0.222,0.041,0
19465,67,1,8,0.796,0.579,0.855,0.0,0.309,0.218,0
19466,38,1,11,0.984,0.447,0.679,0.25,0.083,0.316,0
19467,36,1,10,0.914,0.583,0.855,1.0,0.417,0.106,0
19468,82,1,8,0.528,0.582,0.676,0.0,0.162,-0.259,0
19469,80,1,10,0.7,0.512,0.846,0.5,0.335,0.031,0
19470,47,0,7,0.815,0.463,0.814,0.75,0.161,-0.005,0
19471,39,0,4,0.756,0.546,0.488,0.5,-0.414,-0.11,0
19472,35,1,12,0.967,0.68,0.853,0.5,0.422,0.429,0
19473,42,1,9,0.732,0.637,0.869,0.0,0.046,0.051,0
19474,59,0,4,0.772,0.622,0.662,0.5,-0.021,-0.086,0
19475,44,0,6,0.864,0.569,0.556,0.0,-0.003,0.123,0
19476,64,0,9,0.709,0.485,1.069,0.0,0.737,-0.046,0
19477,83,1,5,0.743,0.665,0.453,0.25,0.051,-0.216,0
19478,32,1,5,0.844,0.54,0.384,0.25,0.093,0.201,0
19479,51,1,4,0.863,0.526,0.553,0.5,0.305,0.081,0
19480,75,0,10,1.039,0.681,0.831,0.75,0.234,0.355,0
19481,77,1,4,1.017,0.603,0.671,0.0,0.155,0.239,0
19482,68,1,11,0.912,0.533,1.053,0.75,0.593,0.097,1
19483,56,1,3,0.815,0.53,0.496,0.75,-0.049,0.31,0
19484,46,1,9,0.92,0.434,0.973,1.0,0.463,0.2,0
19485,62,0,8,1.022,0.602,0.261,0.25,0.067,0.196,0
19486,72,1,10,1.048,0.737,0.909,0.0,0.721,0.301,0
19487,68,1,8,0.965,0.508,0.965,0.25,0.194,0.241,0
19488,75,0,3,0.836,0.586,0.42,0.25,-0.354,0.121,0
19489,40,1,7,0.942,0.7,0.751,0.0,0.027,-0.179,0
19490,84,0,9,0.857,0.597,0.817,0.5,0.591,0.071,0
19491,53,1,5,0.887,0.554,0.892,0.0,0.135,0.162,0
19492,46,1,10,0.775,0.674,0.857,0.25,0.414,0.087,0
19493,43,0,9,1.109,0.568,0.772,0.0,0.352,0.409,0
19494,35,1,3,0.863,0.449,0.927,0.0,0.395,0.081,0
19495,51,1,9,1.012,0.529,0.798,0.0,0.2,0.273,0
19496,67,0,6,0.832,0.609,0.718,0.25,0.123,0.112,0
19497,41,1,6,0.969,0.581,0.485,0.0,-0.076,0.32,0
19498,60,1,11,0.7,0.564,1.081,0.0,0.472,0.047,0
19499,56,1,5,0.872,0.568,0.243,0.0,-0.202,0.316,0
19500,49,0,12,1.071,0.595,0.83,0.75,0.51,0.045,0
19501,53,1,7,1.033,0.556,0.569,0.0,0.012,0.327,0
19502,59,0,3,0.815,0.709,0.702,0.0,-0.006,0.119,0
19503,51,0,5,0.7,0.594,0.834,0.0,0.349,-0.197,0
19504,65,0,10,0.834,0.685,0.719,0.5,0.219,0.079,0
19505,74,1,3,0.957,0.611,0.382,0.0,-0.042,0.163,0
19506,33,0,12,0.992,0.552,0.805,0.0,-0.145,0.355,0
19507,64,0,8,0.911,0.7,0.434,0.0,0.029,0.241,0
19508,69,1,10,0.871,0.463,0.635,0.75,0.575,0.054,0
19509,82,0,7,0.882,0.359,0.345,0.75,-0.196,-0.089,0
19510,42,1,6,0.847,0.611,0.631,0.0,-0.25,-0.095,0
19511,31,1,5,0.701,0.63,0.762,0.25,0.347,0.052,0
19512,80,1,9,0.892,0.557,0.749,0.25,0.3,0.089,0
19513,77,0,7,0.8,0.485,0.539,0.0,0.241,-0.129,1
19514,62,0,6,0.815,0.537,0.697,1.0,0.276,0.106,0
19515,43,0,12,0.829,0.47,1.036,0.0,0.388,0.14,0
19516,42,0,10,1.199,0.631,0.7,1.0,0.421,0.6,0
19517,44,1,8,0.776,0.564,0.515,0.0,0.21,-0.0,0
19518,71,0,10,0.826,0.553,0.741,0.0,0.4,-0.089,0
19519,77,1,7,0.787,0.705,0.642,0.0,0.155,0.029,0
19520,66,1,4,0.609,0.59,0.637,0.25,0.361,-0.119,0
19521,45,1,4,0.765,0.595,0.744,0.0,0.335,0.111,0
19522,79,0,10,1.187,0.584,0.819,0.75,0.416,0.525,0
19523,51,1,10,0.956,0.68,1.081,0.0,0.704,0.082,0
19524,37,0,8,0.927,0.626,0.898,0.0,0.558,0.291,0
19525,55,0,10,1.056,0.7,0.781,0.75,0.287,0.209,0
19526,60,1,10,0.9,0.575,0.59,0.5,0.162,0.137,0
19527,83,1,12,0.925,0.412,1.03,0.0,0.697,0.342,0
19528,57,0,12,0.864,0.659,0.763,0.75,0.486,0.083,0
19529,40,1,5,0.668,0.422,0.834,0.0,0.406,-0.196,0
19530,50,1,12,0.669,0.497,0.818,0.0,0.289,-0.021,0
19531,83,1,12,1.002,0.441,0.666,0.5,0.122,-0.003,1
19532,49,1,9,0.86,0.72,0.873,0.0,0.075,-0.069,0
19533,74,1,8,0.947,0.494,0.475,0.0,0.154,0.152,0
19534,83,0,10,1.037,0.7,0.825,0.0,0.476,0.362,1
19535,82,0,11,0.801,0.461,1.156,0.0,0.553,0.133,0
19536,70,1,8,0.913,0.667,0.256,1.0,-0.165,0.287,0
19537,63,1,5,0.748,0.7,0.632,0.0,0.258,0.118,0
19538,48,1,5,0.943,0.604,0.7,0.25,0.646,0.239,0
19539,39,1,7,0.856,0.512,0.595,0.5,-0.046,0.153,0
19540,67,0,12,0.878,0.6,0.853,0.0,0.34,0.432,0
19541,34,0,11,0.967,0.569,0.7,0.25,0.409,0.178,0
19542,54,1,10,0.933,0.546,0.7,0.25,0.045,0.35,0
19543,60,1,8,1.07,0.53,0.765,0.0,0.311,0.293,0
19544,30,0,8,0.804,0.601,0.801,0.0,0.521,0.025,0
19545,56,1,9,0.932,0.514,1.112,0.0,0.363,0.174,0
19546,78,1,8,0.797,0.74,0.893,0.0,0.324,-0.189,1
19547,35,0,9,1.167,0.525,0.767,0.0,0.228,0.418,0
19548,71,1,7,0.685,0.653,0.841,0.25,-0.172,-0.026,0
19549,74,1,4,0.927,0.561,0.695,0.5,0.372,0.202,0
19550,67,0,10,0.84,0.589,0.972,0.75,0.799,0.164,0
19551,60,0,9,1.152,0.588,1.074,0.0,0.648,0.25,0
19552,57,1,6,0.834,0.563,0.663,0.0,0.355,-0.11,0
19553,73,1,3,0.902,0.488,0.63,0.0,0.366,0.227,0
19554,64,0,5,0.963,0.591,0.591,0.25,0.174,0.351,0
19555,70,0,10,0.898,0.657,0.753,0.5,0.312,0.236,0
19556,32,0,4,0.89,0.63,0.456,0.0,0.047,0.163,0
19557,83,1,3,0.843,0.662,0.575,1.0,0.37,0.131,0
19558,78,1,10,0.764,0.697,0.999,0.75,0.553,0.108,0
19559,67,0,4,0.823,0.62,0.362,0.5,0.033,0.117,0
19560,62,1,11,1.105,0.565,0.395,1.0,0.094,0.425,0
19561,76,0,10,0.978,0.585,1.028,0.75,0.563,0.089,0
19562,57,0,6,0.749,0.573,0.687,0.0,0.129,-0.127,0
19563,33,1,12,0.7,0.511,0.887,0.75,0.418,-0.09,0
19564,32,1,4,0.834,0.442,0.68,0.0,0.283,-0.045,0
19565,73,1,11,0.996,0.407,0.827,0.75,0.44,0.398,1
19566,48,0,5,0.7,0.545,0.567,0.0,0.035,-0.007,0
19567,35,0,7,0.908,0.523,0.856,0.0,0.615,0.275,0
19568,63,0,6,0.521,0.757,0.67,1.0,0.37,-0.053,0
19569,60,0,6,0.635,0.61,0.591,0.75,0.192,0.019,0
19570,80,1,6,0.704,0.551,0.504,0.0,-0.038,0.045,0
19571,72,0,9,0.844,0.672,1.026,0.75,0.529,0.066,0
19572,33,1,3,0.7,0.643,0.736,0.75,0.249,-0.221,0
19573,32,1,3,0.875,0.636,0.7,0.0,0.091,-0.006,0
19574,60,1,5,0.708,0.569,0.878,0.0,0.517,0.092,0
19575,65,0,9,1.07,0.59,0.606,0.25,0.134,0.097,0
19576,83,1,12,0.836,0.569,0.847,0.0,0.312,0.079,0
19577,60,0,5,0.788,0.552,0.897,0.0,0.376,0.039,0
19578,55,0,3,0.824,0.546,0.573,1.0,-0.047,-0.04,0
19579,53,1,3,0.701,0.487,0.571,0.0,-0.243,-0.273,0
19580,47,0,7,0.766,0.587,0.505,0.0,-0.232,-0.126,0
19581,64,1,8,1.204,0.494,0.818,0.5,0.23,0.46,1
19582,83,1,8,0.799,0.496,0.621,1.0,0.348,0.343,0
19583,31,0,8,0.8,0.57,0.712,0.75,0.164,0.033,0
19584,68,0,11,0.827,0.494,0.464,0.5,0.236,0.311,0
19585,40,1,5,0.849,0.656,0.548,0.0,0.005,-0.064,0
19586,31,0,7,0.788,0.616,0.9,0.0,0.619,0.08,0
19587,74,1,6,1.065,0.599,0.831,0.25,0.252,0.394,0
19588,57,1,6,1.134,0.576,0.646,0.5,0.326,0.325,0
19589,55,0,3,1.001,0.615,0.528,0.0,-0.011,0.091,0
19590,30,0,7,0.796,0.593,0.893,0.0,0.207,0.096,0
19591,54,0,8,0.615,0.447,0.742,0.5,0.175,-0.326,0
19592,71,0,7,1.106,0.676,0.408,0.25,-0.003,0.167,0
19593,53,0,9,0.9,0.644,0.79,0.0,0.242,0.2,0
19594,33,1,4,0.782,0.709,0.751,1.0,0.38,0.153,0
19595,76,1,6,1.046,0.486,0.69,0.25,0.259,0.362,0
19596,60,0,11,0.83,0.6,1.097,0.0,0.406,0.123,1
19597,78,0,10,0.924,0.502,0.864,0.0,0.243,-0.004,0
19598,62,1,7,1.033,0.536,0.803,0.75,0.227,0.212,0
19599,71,1,3,0.67,0.638,0.45,0.5,-0.363,0.02,0
19600,81,0,6,0.811,0.729,0.81,0.0,0.314,-0.075,0
19601,71,0,3,0.821,0.665,0.664,0.0,0.221,0.123,0
19602,72,0,5,1.01,0.639,0.825,0.0,0.269,0.1,0
19603,45,1,6,0.919,0.605,0.634,0.0,0.134,0.038,0
19604,30,0,9,0.847,0.575,0.617,0.0,-0.046,-0.143,0
19605,31,0,4,0.98,0.661,0.296,0.0,-0.109,0.23,0
19606,53,1,10,1.094,0.679,0.763,0.0,0.384,0.483,0
19607,80,1,9,0.868,0.577,1.073,0.25,0.357,0.071,0
19608,41,1,6,0.719,0.525,0.611,0.0,0.323,-0.057,0
19609,81,0,6,0.663,0.719,0.601,0.25,0.131,-0.065,0
19610,33,1,11,0.942,0.542,0.906,0.5,0.277,0.262,0
19611,57,1,9,1.11,0.508,0.558,0.0,-0.123,0.509,0
19612,37,1,10,0.791,0.468,0.565,0.0,0.104,0.03,0
19613,56,0,11,1.141,0.514,0.673,0.75,0.208,0.405,0
19614,64,1,8,0.936,0.589,0.873,0.75,0.422,-0.055,1
19615,33,1,4,0.785,0.627,0.772,0.25,0.508,-0.084,0
19616,30,1,11,0.925,0.49,0.423,0.5,0.139,0.29,0
19617,60,1,3,0.787,0.638,0.424,0.0,-0.19,0.123,0
19618,55,0,4,0.923,0.7,0.616,0.0,-0.09,0.223,0
19619,69,0,3,0.756,0.645,0.288,0.75,-0.357,0.092,1
19620,54,1,6,0.942,0.669,0.629,0.0,0.361,0.346,0
19621,51,1,7,0.896,0.552,0.787,0.0,0.05,0.512,0
19622,73,1,7,0.97,0.529,0.869,0.0,0.721,0.236,0
19623,63,1,12,0.864,0.488,0.892,0.0,0.666,0.228,0
19624,55,1,7,1.025,0.611,0.615,0.0,0.417,0.369,0
19625,45,1,5,0.901,0.608,0.518,0.0,-0.287,0.012,0
19626,64,0,12,1.037,0.48,1.106,0.0,0.524,0.367,0
19627,40,0,5,0.923,0.62,0.652,0.0,0.114,-0.039,0
19628,36,0,9,0.946,0.548,0.566,0.0,0.223,0.165,0
19629,79,1,4,0.747,0.574,0.665,0.0,0.304,0.104,0
19630,39,0,12,1.1,0.483,1.006,0.25,0.629,0.312,0
19631,77,0,6,0.549,0.62,0.578,0.0,-0.079,-0.309,0
19632,72,1,4,0.714,0.544,0.672,0.0,0.289,0.051,0
19633,59,1,7,0.941,0.66,0.782,0.0,0.582,-0.054,0
19634,47,1,3,0.718,0.55,0.594,0.0,-0.017,0.204,0
19635,56,0,9,1.048,0.517,0.676,0.0,0.367,0.348,0
19636,40,1,5,0.88,0.548,0.627,0.0,0.281,0.025,0
19637,47,0,4,0.79,0.696,0.669,0.25,0.351,0.038,0
19638,82,1,11,0.742,0.549,0.962,0.25,0.578,-0.052,0
19639,56,1,9,0.793,0.507,0.7,1.0,0.427,-0.135,0
19640,54,0,3,0.975,0.53,0.547,0.5,-0.021,0.118,0
19641,60,0,11,1.147,0.382,1.049,0.5,0.513,0.413,0
19642,54,1,3,0.862,0.744,0.792,0.0,0.071,0.151,0
19643,83,1,8,0.945,0.537,0.606,0.25,0.23,0.208,0
19644,48,0,7,0.902,0.599,0.691,0.0,0.416,0.363,0
19645,40,0,8,1.004,0.449,0.814,0.0,0.399,0.413,0
19646,43,1,10,0.975,0.576,0.556,0.5,0.134,0.154,0
19647,58,0,11,1.022,0.514,0.936,0.0,0.236,0.285,0
19648,65,0,9,1.085,0.49,0.816,0.5,0.452,0.411,0
19649,34,1,6,0.819,0.68,0.65,0.0,-0.181,-0.05,0
19650,42,0,10,0.856,0.456,0.98,0.0,0.338,0.176,0
19651,69,1,4,0.887,0.489,0.389,0.25,-0.349,0.22,0
19652,51,1,6,0.895,0.655,0.679,0.0,0.26,0.335,0
19653,68,0,5,0.828,0.503,0.655,0.0,0.103,0.244,0
19654,65,1,9,0.762,0.604,0.7,0.5,-0.101,0.108,0
19655,44,1,5,0.73,0.7,0.752,0.0,0.011,-0.143,0
19656,51,0,11,0.863,0.38,1.023,0.25,0.675,0.026,0
19657,83,1,9,0.86,0.433,1.195,0.0,0.95,0.119,0
19658,52,0,6,0.812,0.531,0.621,0.0,-0.011,0.207,0
19659,31,0,10,0.941,0.634,0.381,0.25,-0.016,0.292,0
19660,63,0,12,1.156,0.435,0.7,0.0,0.291,0.315,0
19661,81,0,11,0.95,0.536,1.065,0.0,0.334,0.133,0
19662,49,1,8,0.996,0.726,0.672,0.0,0.123,0.113,0
19663,53,1,10,0.824,0.555,1.227,0.0,0.499,0.058,0
19664,81,0,3,0.722,0.546,0.612,0.0,0.321,0.022,0
19665,61,1,4,0.708,0.602,0.497,0.0,0.086,-0.046,0
19666,47,1,12,0.799,0.503,0.966,0.25,0.634,-0.065,0
19667,45,0,12,1.183,0.467,0.956,1.0,0.559,0.546,0
19668,82,1,5,0.835,0.544,0.756,0.0,0.132,-0.014,1
19669,54,0,3,0.837,0.412,0.597,0.0,-0.145,0.064,0
19670,36,1,6,0.912,0.555,0.701,0.0,0.151,0.311,0
19671,75,1,7,0.71,0.536,0.947,0.5,0.481,-0.133,0
19672,37,0,12,0.732,0.49,0.886,0.0,0.667,-0.134,0
19673,31,0,6,0.845,0.609,0.629,0.0,0.104,0.062,0
19674,77,1,7,0.736,0.658,0.639,0.0,-0.211,-0.095,0
19675,54,0,11,0.987,0.48,0.751,0.25,0.176,0.101,0
19676,43,0,10,0.998,0.489,0.836,0.0,0.272,0.287,0
19677,37,0,4,0.664,0.672,0.565,0.25,0.177,0.198,0
19678,31,1,4,0.7,0.656,0.924,0.0,0.564,0.041,0
19679,73,1,8,1.005,0.479,0.88,0.5,0.608,0.211,0
19680,74,0,3,0.778,0.526,0.618,0.0,0.524,-0.042,0
19681,61,0,4,0.779,0.529,0.665,0.0,0.429,-0.043,0
19682,33,0,8,0.743,0.603,0.659,0.0,0.019,-0.182,0
19683,65,1,3,0.749,0.585,1.016,0.25,0.58,-0.069,0
19684,30,0,9,1.075,0.509,0.93,0.0,0.445,0.264,0
19685,38,1,7,0.812,0.666,0.569,0.0,0.49,-0.124,0
19686,67,1,9,1.108,0.626,0.91,0.0,0.584,0.31,0
19687,44,0,8,0.932,0.611,0.503,0.25,0.063,0.066,0
19688,53,0,11,0.908,0.398,0.845,0.0,0.213,0.035,0
19689,67,1,8,0.997,0.555,0.705,0.0,0.151,0.164,0
19690,79,0,3,0.793,0.645,0.492,1.0,0.052,0.189,0
19691,80,0,12,1.249,0.582,0.746,1.0,0.174,0.372,1
19692,83,0,8,0.897,0.396,0.858,0.5,0.322,0.02,0
19693,72,0,3,0.696,0.53,0.704,0.75,0.318,-0.095,0
19694,49,1,7,0.798,0.703,0.571,0.0,-0.041,0.01,0
19695,45,1,8,0.886,0.586,0.953,0.0,0.195,0.21,0
19696,30,0,3,0.649,0.606,0.559,0.5,-0.057,-0.06,0
19697,48,0,3,0.716,0.752,0.736,0.0,0.331,-0.211,0
19698,36,0,8,0.702,0.602,0.683,0.0,0.018,-0.091,0
19699,39,1,5,0.77,0.486,0.58,0.0,0.429,0.048,0
19700,55,0,6,0.73,0.612,0.611,0.0,0.096,-0.037,0
19701,77,1,10,0.87,0.571,0.729,0.75,0.464,-0.048,0
19702,83,0,11,1.07,0.479,0.627,0.5,0.139,0.122,0
19703,38,1,12,0.91,0.642,1.08,0.0,0.866,0.393,0
19704,44,1,3,0.728,0.603,0.416,0.0,-0.041,-0.162,0
19705,79,1,11,0.7,0.62,0.762,0.0,0.062,-0.121,1
19706,82,1,3,0.682,0.555,0.269,0.0,-0.303,-0.099,0
19707,73,1,4,0.676,0.585,0.58,0.25,0.038,-0.024,0
19708,69,1,6,0.841,0.513,0.977,0.0,0.497,0.074,0
19709,74,1,6,0.989,0.552,0.463,0.75,0.071,0.269,0
19710,58,1,3,0.896,0.615,0.676,0.0,0.13,0.163,0
19711,31,1,9,0.949,0.419,0.73,0.0,0.476,0.267,0
19712,34,0,5,0.788,0.575,0.4,0.5,0.086,-0.035,0
19713,60,1,7,0.986,0.542,0.767,0.0,0.271,0.068,0
19714,39,1,8,0.801,0.599,0.861,0.0,0.075,0.101,0
19715,36,1,8,0.666,0.49,0.712,0.25,0.232,-0.016,0
19716,67,0,5,0.903,0.617,0.654,0.5,0.45,0.177,0
19717,50,1,4,0.895,0.613,0.344,0.5,0.003,0.059,0
19718,74,0,7,1.062,0.698,0.673,0.0,0.113,0.614,1
19719,40,1,10,1.049,0.548,0.82,0.75,0.213,0.244,0
19720,41,0,4,0.821,0.698,0.464,0.0,0.146,0.042,0
19721,57,1,5,1.089,0.535,0.845,0.0,0.215,0.222,0
19722,46,1,6,0.763,0.533,0.545,1.0,0.412,0.211,0
19723,54,1,7,0.902,0.639,0.477,0.0,0.255,0.199,0
19724,35,1,7,0.999,0.561,0.228,0.0,-0.257,0.346,0
19725,49,0,5,1.02,0.56,0.583,0.5,0.297,0.32,0
19726,69,1,10,0.76,0.64,1.038,0.25,0.64,0.128,1
19727,36,0,9,0.799,0.555,0.427,0.0,-0.052,-0.078,0
19728,79,0,11,1.179,0.536,0.837,0.0,0.407,0.411,0
19729,63,1,6,0.956,0.469,0.607,0.0,0.188,0.139,0
19730,62,0,9,0.949,0.602,0.898,0.75,0.497,0.345,0
19731,81,1,3,0.741,0.346,0.7,0.5,-0.077,0.038,0
19732,58,1,11,1.038,0.544,0.694,0.0,0.12,0.383,0
19733,46,1,3,0.934,0.644,0.521,0.0,0.022,0.167,0
19734,38,1,5,0.708,0.448,0.677,0.0,0.146,0.032,0
19735,67,0,9,1.046,0.48,0.406,1.0,-0.233,0.112,0
19736,47,0,7,1.01,0.569,0.722,0.0,0.255,0.4,0
19737,78,0,10,0.783,0.529,0.654,0.0,0.104,0.068,0
19738,77,0,3,0.645,0.57,0.626,0.0,0.365,0.01,0
19739,38,1,8,1.193,0.428,0.626,0.75,0.115,0.509,0
19740,74,1,11,0.904,0.55,0.752,0.0,0.494,0.224,0
19741,59,0,7,0.903,0.556,0.451,0.0,0.138,0.398,0
19742,65,0,9,0.7,0.46,0.532,0.5,-0.053,-0.069,0
19743,83,0,8,0.822,0.494,0.467,0.75,0.036,0.062,0
19744,35,0,8,0.962,0.724,0.594,0.0,0.745,0.134,0
19745,72,1,8,0.789,0.61,0.99,0.0,0.583,0.12,0
19746,41,0,10,0.771,0.432,0.821,0.0,0.458,0.109,0
19747,81,0,12,1.185,0.516,0.953,0.25,0.661,0.271,0
19748,46,0,6,0.941,0.683,0.697,0.0,0.198,0.16,0
19749,36,0,7,0.883,0.602,0.677,0.0,0.23,0.369,0
19750,64,0,11,0.856,0.588,0.714,0.75,0.397,0.032,0
19751,71,0,10,0.78,0.67,0.955,0.5,0.255,0.272,1
19752,50,1,4,0.768,0.616,0.489,0.0,0.069,-0.108,0
19753,73,0,9,0.788,0.554,0.883,0.5,0.432,0.151,1
19754,84,0,11,0.942,0.421,0.914,0.5,0.245,0.033,0
19755,62,1,8,0.763,0.7,0.743,0.75,0.488,0.126,0
19756,51,1,3,0.7,0.614,0.74,0.5,0.568,0.082,0
19757,36,1,12,1.069,0.604,0.99,0.25,0.621,0.196,0
19758,64,1,9,0.971,0.604,0.815,0.75,0.174,0.333,0
19759,31,0,10,0.966,0.574,1.121,0.75,0.593,0.272,0
19760,53,0,7,0.899,0.544,0.678,0.25,0.146,0.427,0
19761,47,0,11,1.117,0.648,0.7,0.0,0.281,0.139,0
19762,74,1,3,0.83,0.648,0.375,0.0,-0.122,0.159,0
19763,30,1,7,0.95,0.747,0.603,0.0,0.01,0.286,0
19764,84,1,12,0.829,0.7,0.931,0.75,0.577,0.067,1
19765,45,1,5,0.763,0.515,0.551,0.25,-0.042,-0.112,0
19766,43,1,5,1.066,0.497,0.774,0.5,0.45,0.099,0
19767,51,1,4,0.697,0.659,0.7,0.5,0.0,-0.129,0
19768,78,0,12,1.058,0.509,0.705,0.0,0.172,0.301,0
19769,71,0,10,0.7,0.581,0.781,0.0,-0.032,-0.006,0
19770,41,0,9,0.936,0.547,1.106,0.0,0.756,0.25,0
19771,52,0,3,0.925,0.665,0.548,1.0,-0.013,0.109,0
19772,46,1,12,0.822,0.571,0.628,0.0,0.25,0.035,0
19773,74,1,9,0.923,0.614,0.88,0.0,0.171,0.054,0
19774,67,1,4,0.597,0.513,0.612,0.0,0.378,-0.151,0
19775,32,0,5,0.806,0.625,0.515,0.5,0.093,0.155,0
19776,56,1,8,0.751,0.707,0.708,0.75,0.411,0.126,0
19777,76,1,5,0.911,0.519,0.415,0.0,-0.152,0.084,0
19778,33,1,4,0.685,0.624,0.802,0.0,0.236,-0.123,0
19779,75,1,7,0.951,0.513,0.616,0.0,0.165,0.32,0
19780,75,0,8,0.874,0.653,0.877,0.5,0.212,0.167,0
19781,83,1,4,0.853,0.494,0.344,0.0,-0.045,0.015,0
19782,42,0,10,0.852,0.436,0.7,0.5,0.075,0.123,0
19783,57,1,8,0.862,0.526,0.573,0.0,0.425,-0.033,0
19784,57,0,5,0.917,0.578,0.578,0.5,-0.101,0.235,0
19785,53,0,7,0.789,0.555,0.798,0.5,0.474,-0.083,0
19786,45,1,4,0.778,0.524,0.62,0.75,0.119,0.146,0
19787,50,1,5,0.63,0.566,0.895,0.25,0.34,-0.268,0
19788,59,1,7,0.977,0.533,0.79,0.5,0.296,0.309,0
19789,65,0,5,0.729,0.738,0.571,0.5,0.088,-0.022,0
19790,49,1,7,0.747,0.656,0.666,0.75,0.232,0.218,0
19791,50,0,4,0.878,0.69,0.509,0.5,-0.064,-0.014,0
19792,34,0,9,0.682,0.693,0.732,0.0,0.278,-0.099,0
19793,58,0,4,0.916,0.737,0.618,0.0,0.093,0.124,0
19794,68,1,5,0.7,0.503,0.569,0.25,0.187,-0.021,1
19795,43,1,6,0.826,0.735,0.715,1.0,0.214,0.067,0
19796,36,1,11,0.818,0.632,0.935,0.0,0.609,0.327,0
19797,82,1,5,0.949,0.444,0.839,1.0,0.581,0.2,1
19798,31,0,6,0.818,0.53,0.554,0.0,-0.144,0.059,0
19799,78,1,4,0.767,0.423,0.516,0.25,-0.052,-0.07,0
19800,52,1,3,0.678,0.768,0.573,0.5,0.203,0.007,0
19801,42,0,12,1.079,0.487,0.86,0.0,0.524,0.406,0
19802,65,1,5,0.995,0.482,0.7,0.75,0.541,0.175,0
19803,44,1,4,0.75,0.652,0.741,0.0,0.526,0.118,0
19804,67,0,5,0.862,0.701,0.656,0.5,0.19,0.071,0
19805,53,0,5,0.779,0.664,0.511,0.0,0.101,0.009,0
19806,55,0,8,1.003,0.473,0.79,0.0,0.192,0.332,0
19807,40,0,4,0.708,0.721,0.526,0.0,0.385,0.116,0
19808,70,0,8,0.861,0.567,0.678,0.0,-0.026,0.074,1
19809,80,0,5,0.659,0.624,0.641,0.0,0.182,-0.081,1
19810,74,0,3,0.658,0.656,0.732,0.75,0.26,-0.31,0
19811,33,0,8,1.011,0.482,0.99,0.0,0.29,0.3,0
19812,83,1,11,0.931,0.454,0.646,0.0,0.238,0.175,0
19813,42,1,4,0.63,0.717,0.478,0.0,-0.04,-0.075,0
19814,59,1,3,0.876,0.668,0.352,0.0,-0.13,0.028,0
19815,67,1,8,0.898,0.611,0.839,0.0,0.305,0.162,0
19816,42,1,4,0.845,0.55,0.476,0.0,-0.225,0.082,0
19817,76,1,12,1.043,0.545,0.99,0.5,0.943,0.463,0
19818,36,1,10,0.865,0.579,0.967,0.0,0.561,-0.099,0
19819,72,0,3,0.915,0.58,0.617,0.0,0.03,0.128,0
19820,39,0,10,0.937,0.515,0.667,0.0,-0.201,0.017,0
19821,51,0,3,0.773,0.629,0.698,0.0,0.209,0.348,0
19822,55,1,11,1.027,0.584,0.734,0.0,0.532,0.093,0
19823,76,0,9,1.128,0.7,0.979,1.0,0.33,0.498,0
19824,64,1,12,1.09,0.53,0.896,0.25,0.508,0.504,0
19825,45,1,5,0.882,0.604,0.695,0.5,0.352,0.037,0
19826,47,1,9,0.853,0.579,0.794,0.25,0.209,0.059,0
19827,66,0,12,0.996,0.474,0.903,0.0,0.586,0.124,0
19828,46,1,11,0.745,0.489,0.952,0.0,0.633,0.03,0
19829,58,0,11,1.063,0.539,0.758,0.0,0.232,0.27,0
19830,78,0,3,0.873,0.636,0.54,0.0,-0.125,0.115,0
19831,54,1,4,0.855,0.443,0.47,0.0,0.198,0.244,0
19832,54,1,8,1.017,0.576,0.671,0.25,0.413,0.233,0
19833,61,0,5,0.635,0.583,0.524,0.25,0.36,-0.083,0
19834,70,1,8,0.943,0.519,0.812,0.0,0.427,0.238,0
19835,77,0,3,0.823,0.552,0.843,0.75,0.346,-0.111,0
19836,80,1,11,0.787,0.58,0.708,0.25,0.105,0.133,0
19837,73,0,8,0.962,0.611,0.918,0.0,0.354,0.187,0
19838,53,1,8,0.813,0.479,0.78,0.0,0.366,-0.035,0
19839,70,1,5,0.911,0.651,0.685,0.0,0.246,0.171,0
19840,69,0,7,0.977,0.581,0.858,0.5,0.401,0.265,0
19841,75,0,3,0.796,0.579,0.347,0.0,-0.264,0.11,0
19842,80,1,6,0.723,0.61,0.562,0.0,0.052,0.023,1
19843,56,1,4,0.749,0.612,0.741,0.75,0.23,-0.041,0
19844,58,0,8,0.7,0.527,0.558,0.5,0.01,-0.048,0
19845,49,0,12,1.01,0.634,1.128,0.0,0.695,0.319,0
19846,58,0,12,0.981,0.551,1.175,0.0,0.701,0.328,0
19847,62,0,3,0.797,0.55,0.653,0.0,0.268,0.119,0
19848,48,1,11,1.055,0.472,0.95,0.0,0.594,0.319,0
19849,30,0,10,0.716,0.548,1.028,0.5,0.458,-0.06,0
19850,30,0,4,0.836,0.724,0.488,0.25,-0.016,0.169,0
19851,31,1,3,0.545,0.469,0.414,0.25,0.253,-0.068,0
19852,73,1,7,0.885,0.442,0.764,0.0,0.328,0.133,0
19853,36,0,11,0.963,0.464,0.762,0.75,0.115,0.314,0
19854,40,0,6,0.886,0.568,0.445,0.0,0.112,0.165,0
19855,74,1,10,1.07,0.503,0.839,1.0,0.297,0.329,0
19856,74,0,12,1.058,0.489,0.702,1.0,0.347,0.144,0
19857,55,0,7,1.022,0.576,0.863,0.0,0.512,0.297,0
19858,80,1,4,0.845,0.474,0.539,0.75,0.275,0.2,1
19859,35,1,5,0.951,0.646,0.559,0.0,0.014,0.037,0
19860,52,0,6,1.036,0.588,0.739,0.75,0.37,0.326,0
19861,74,0,6,0.774,0.57,0.616,0.0,0.008,0.074,0
19862,67,0,10,0.891,0.626,0.928,0.25,0.383,-0.064,0
19863,34,0,12,1.195,0.416,0.7,0.25,0.0,0.459,0
19864,40,0,8,0.982,0.459,0.86,0.0,0.618,0.209,0
19865,73,0,5,0.815,0.445,0.358,0.75,-0.008,0.173,0
19866,77,0,5,0.96,0.62,0.905,0.0,0.478,0.34,0
19867,37,0,6,0.894,0.441,0.447,0.0,0.051,-0.007,0
19868,44,1,9,1.088,0.482,0.765,0.0,0.097,0.38,0
19869,80,1,11,1.229,0.528,0.815,0.0,0.47,0.503,0
19870,78,0,5,0.725,0.539,0.537,0.25,0.094,0.014,0
19871,51,0,6,0.883,0.527,0.587,0.0,0.09,0.226,0
19872,79,1,6,0.959,0.557,0.769,0.0,0.39,0.269,0
19873,47,1,8,0.7,0.513,0.663,0.25,0.032,0.034,0
19874,32,0,6,0.924,0.62,0.593,0.0,0.176,0.196,0
19875,50,0,7,0.679,0.511,0.571,0.0,0.312,-0.127,0
19876,58,1,3,0.879,0.623,0.409,0.0,-0.075,0.098,0
19877,75,1,12,0.878,0.547,1.031,0.0,0.521,-0.159,1
19878,79,1,8,0.914,0.499,0.655,0.25,0.206,0.101,0
19879,34,1,10,1.071,0.595,0.767,0.25,0.344,0.16,0
19880,84,0,10,1.153,0.584,1.061,0.0,0.606,0.333,0
19881,45,0,4,0.724,0.643,0.641,0.0,0.216,0.043,0
19882,72,1,5,0.711,0.502,0.473,1.0,-0.227,-0.104,1
19883,50,0,9,0.811,0.59,0.847,0.5,0.56,0.234,0
19884,73,0,9,0.948,0.481,0.761,0.25,0.208,0.248,0
19885,52,1,3,0.871,0.55,0.406,0.25,-0.214,0.032,0
19886,45,0,6,1.002,0.525,0.887,0.0,0.29,0.22,0
19887,80,0,3,0.857,0.697,0.495,0.0,0.026,0.083,0
19888,80,0,10,0.708,0.573,0.762,0.5,0.081,0.008,0
19889,43,0,7,1.008,0.48,0.525,0.0,0.115,0.22,0
19890,48,0,12,0.957,0.578,0.906,0.5,0.657,0.284,0
19891,52,1,7,0.895,0.56,0.416,0.75,-0.066,0.231,0
19892,38,0,5,0.907,0.55,0.772,0.0,0.107,0.068,0
19893,38,1,8,1.103,0.608,0.758,0.25,0.705,0.377,0
19894,36,0,12,0.8,0.532,1.065,0.0,0.649,0.034,0
19895,30,1,7,0.842,0.453,0.63,0.0,0.035,0.077,0
19896,49,1,10,0.876,0.55,0.787,0.25,0.678,-0.135,0
19897,39,0,11,1.064,0.749,0.705,0.75,0.447,0.211,0
19898,62,1,11,1.033,0.608,0.932,0.0,0.329,0.319,0
19899,84,1,5,0.612,0.551,0.612,0.0,0.369,-0.239,0
19900,70,1,8,0.976,0.608,1.006,0.5,0.308,0.207,0
19901,77,1,8,0.856,0.557,1.093,0.0,0.601,0.269,0
19902,83,0,8,0.996,0.437,0.609,0.0,0.292,0.188,0
19903,35,0,6,0.909,0.58,0.591,0.0,0.236,0.053,0
19904,40,0,3,0.749,0.459,0.537,1.0,0.05,-0.294,0
19905,64,1,8,0.982,0.724,0.675,0.75,-0.025,0.095,0
19906,70,1,11,0.814,0.692,0.823,0.5,0.395,0.079,1
19907,31,1,7,0.884,0.585,0.7,0.5,0.062,0.036,0
19908,56,1,10,0.901,0.534,0.616,0.75,0.014,0.108,0
19909,34,0,8,0.924,0.601,0.595,0.0,0.006,0.175,0
19910,77,1,3,0.91,0.597,0.643,1.0,0.248,0.21,0
19911,46,1,7,0.967,0.573,0.995,0.75,0.414,0.223,0
19912,57,1,12,0.958,0.396,0.97,0.0,0.533,0.123,0
19913,48,0,5,0.825,0.667,0.545,1.0,0.159,0.244,0
19914,46,0,4,0.929,0.613,0.739,0.0,0.157,0.358,0
19915,82,1,9,0.926,0.568,0.809,0.75,0.385,0.071,1
19916,39,1,7,0.775,0.572,0.853,0.75,0.41,-0.053,0
19917,67,1,3,0.794,0.656,0.301,0.5,-0.041,-0.023,0
19918,32,0,11,0.941,0.603,0.708,0.0,0.377,0.071,0
19919,62,1,9,1.021,0.514,0.669,0.25,0.472,0.191,0
19920,30,0,9,0.898,0.438,0.885,0.25,0.457,0.276,0
19921,57,0,10,0.971,0.526,0.976,0.0,0.642,0.445,0
19922,73,0,9,1.049,0.541,0.832,0.5,0.395,0.291,0
19923,54,1,11,1.018,0.56,0.993,0.0,0.191,0.365,0
19924,44,1,12,0.864,0.543,1.043,0.0,0.886,-0.007,0
19925,33,1,9,1.023,0.524,0.704,1.0,0.299,0.327,0
19926,68,0,6,0.649,0.526,0.496,1.0,0.105,-0.188,0
19927,58,1,9,1.004,0.608,0.788,0.0,0.417,0.229,0
19928,41,0,3,1.011,0.544,0.44,0.75,-0.055,0.312,0
19929,61,0,11,0.805,0.55,0.323,0.0,-0.051,0.084,0
19930,64,0,9,1.046,0.546,0.643,0.5,0.328,0.28,0
19931,36,0,8,0.862,0.479,0.637,0.0,0.493,0.205,0
19932,42,0,7,0.7,0.651,0.825,0.5,0.213,-0.206,0
19933,50,0,5,0.835,0.537,0.244,0.0,-0.228,0.135,0
19934,82,1,10,0.808,0.691,0.876,0.75,0.786,0.08,1
19935,60,1,10,0.919,0.701,0.723,0.0,0.123,0.089,0
19936,43,1,10,0.918,0.605,0.813,0.0,0.187,0.043,0
19937,37,0,4,0.794,0.7,0.666,0.25,0.285,0.111,0
19938,56,1,11,0.708,0.39,0.91,0.0,0.636,-0.055,0
19939,63,0,6,0.85,0.643,0.423,0.75,-0.227,0.014,0
19940,69,0,10,0.972,0.626,0.831,0.0,0.531,0.509,0
19941,42,1,8,0.874,0.524,0.824,0.75,0.475,0.137,1
19942,83,0,12,0.915,0.427,0.679,0.25,0.205,0.054,0
19943,47,1,5,0.812,0.594,0.481,0.0,0.249,0.124,0
19944,48,0,8,0.906,0.501,0.987,1.0,0.601,0.068,0
19945,54,0,6,0.732,0.615,0.748,0.0,0.273,-0.085,0
19946,77,1,10,0.621,0.687,0.964,0.75,0.637,0.016,0
19947,42,1,5,0.865,0.622,0.642,0.75,0.128,0.206,0
19948,50,0,5,0.708,0.493,0.687,0.0,-0.014,0.037,0
19949,68,0,12,0.7,0.497,1.223,0.0,0.861,0.083,0
19950,50,1,11,0.976,0.539,0.712,0.75,0.521,0.255,0
19951,76,0,5,0.862,0.547,0.609,0.25,-0.06,0.027,0
19952,37,1,10,0.985,0.618,0.483,0.0,0.027,0.237,0
19953,44,0,12,1.016,0.629,0.807,0.0,0.342,0.227,0
19954,35,0,5,0.909,0.495,0.617,0.25,-0.086,0.17,0
19955,65,1,7,1.04,0.627,0.428,0.75,-0.129,0.278,0
19956,48,0,9,1.131,0.44,0.856,0.0,0.364,0.346,1
19957,35,1,10,1.051,0.471,0.934,0.0,0.511,0.33,0
19958,71,0,12,0.7,0.653,0.913,1.0,0.355,0.045,0
19959,72,0,8,0.841,0.617,0.521,0.5,0.328,0.034,0
19960,54,1,8,0.994,0.679,0.549,0.0,0.299,0.409,0
19961,83,1,11,1.171,0.643,0.803,0.5,0.118,0.622,0
19962,30,0,3,0.82,0.551,0.407,0.25,-0.116,-0.013,0
19963,84,1,11,0.915,0.491,1.067,0.0,0.576,0.385,1
19964,62,0,6,0.85,0.632,1.075,0.0,0.794,0.15,0
19965,35,0,5,0.638,0.736,0.989,1.0,0.137,-0.218,0
19966,64,1,9,0.834,0.665,0.514,0.75,0.055,0.094,0
19967,50,0,10,0.869,0.557,0.808,0.5,0.529,0.231,0
19968,59,1,9,0.889,0.637,0.78,0.0,0.153,-0.048,0
19969,32,1,8,0.746,0.469,0.773,1.0,0.053,-0.047,0
19970,66,1,8,0.889,0.482,1.124,0.25,0.893,0.087,0
19971,66,1,6,0.738,0.554,0.522,0.75,0.09,0.081,0
19972,44,1,9,0.821,0.59,0.533,0.5,0.257,0.042,0
19973,46,1,10,1.077,0.571,0.998,0.5,0.51,0.19,0
19974,39,0,9,1.142,0.544,0.665,0.0,0.259,0.354,0
19975,32,1,12,0.91,0.541,1.045,0.0,0.811,0.244,0
19976,65,1,3,0.782,0.577,0.454,0.0,0.118,-0.134,0
19977,61,1,5,0.793,0.652,0.324,0.0,-0.132,-0.066,0
19978,51,1,6,0.718,0.59,0.569,0.0,0.046,-0.189,0
19979,57,1,11,1.064,0.418,0.949,0.25,0.337,0.467,0
19980,30,0,6,0.869,0.559,0.54,0.0,0.333,-0.074,0
19981,45,0,12,0.712,0.511,0.801,0.0,0.542,-0.12,0
19982,45,0,4,0.841,0.597,0.578,0.0,0.216,0.023,0
19983,75,1,9,0.915,0.614,0.491,0.0,0.252,0.04,0
19984,30,1,4,0.842,0.63,0.605,0.5,0.136,0.176,0
19985,81,1,8,0.967,0.654,0.753,0.0,0.407,0.311,0
19986,40,1,7,0.781,0.577,0.582,0.25,0.189,0.014,0
19987,37,1,3,0.734,0.602,0.597,0.75,0.21,0.039,0
19988,84,1,9,0.895,0.518,0.668,0.25,0.342,0.191,0
19989,84,1,4,0.942,0.692,0.7,0.5,0.114,0.304,1
19990,37,0,10,0.955,0.481,0.619,0.0,-0.177,0.202,0
19991,73,1,6,0.828,0.653,0.824,1.0,0.003,0.221,0
19992,45,0,11,1.133,0.543,0.753,0.0,0.248,0.297,0
19993,54,1,3,0.84,0.703,0.587,0.0,0.005,-0.022,0
19994,79,0,7,0.83,0.519,0.887,0.5,0.234,0.189,0
19995,31,0,6,0.897,0.573,0.429,0.5,-0.106,0.044,0
19996,43,1,3,0.771,0.663,0.787,0.5,0.296,0.258,0
19997,40,0,3,0.811,0.745,0.583,0.5,0.148,0.024,0
19998,82,0,7,0.848,0.613,0.8,0.0,0.503,0.084,0
19999,72,1,6,0.863,0.64,0.67,0.0,0.077,0.152,0
