patient_id,age,sex,n_visits,hr_last,sbp_last,wbc_last,diag_last,wbc_trend,hr_trend,label
0,45,1,8,0.7,0.649,0.645,0.5,0.254,-0.173,0
1,72,1,12,0.961,0.53,0.864,0.0,0.112,0.245,1
2,32,1,8,0.885,0.656,0.612,0.0,-0.226,-0.064,0
3,77,1,11,0.863,0.583,0.747,0.0,0.429,-0.1,0
4,34,1,12,0.902,0.529,1.006,0.0,0.748,0.095,0
5,37,0,7,0.585,0.571,0.806,0.0,0.4,-0.161,0
6,57,1,9,0.842,0.653,0.473,0.25,-0.108,0.1,0
7,65,0,9,1.054,0.502,1.003,0.0,0.318,0.457,0
8,51,0,6,0.801,0.572,0.553,0.5,-0.192,-0.13,0
9,78,1,4,0.565,0.574,0.491,0.25,-0.444,-0.13,0
10,54,1,8,0.785,0.568,0.786,0.5,0.067,-0.021,0
11,41,1,3,0.784,0.627,0.329,0.0,-0.146,-0.241,0
12,81,1,5,0.885,0.587,0.805,0.25,0.435,0.194,1
13,53,0,3,0.758,0.653,0.427,0.0,-0.282,-0.017,0
14,82,0,8,0.82,0.615,0.59,0.0,0.301,-0.067,0
15,46,1,11,1.14,0.579,1.064,0.0,0.615,0.308,0
16,64,1,9,1.051,0.568,0.983,0.25,0.312,0.246,0
17,80,0,9,0.877,0.454,0.645,0.25,-0.043,-0.071,0
18,76,1,10,0.853,0.623,0.896,0.0,0.431,0.196,0
19,63,0,12,1.068,0.527,0.693,0.0,0.039,0.368,0
20,82,0,8,0.842,0.549,0.687,0.75,0.127,-0.044,0
21,60,0,4,0.751,0.611,0.439,0.0,0.253,0.087,0
22,53,1,3,0.815,0.625,0.668,0.5,0.3,-0.115,0
23,40,1,7,0.7,0.479,0.564,0.0,0.114,-0.13,0
24,65,0,11,0.865,0.512,1.099,0.0,0.425,0.111,0
25,47,1,4,0.874,0.532,0.579,0.0,0.065,0.24,0
26,72,0,3,0.997,0.597,0.7,0.0,0.552,0.159,0
27,53,1,4,0.955,0.566,0.7,0.25,0.282,0.092,0
28,34,1,6,0.724,0.625,0.67,0.0,-0.022,-0.135,0
29,59,1,7,0.799,0.529,0.759,0.0,0.048,0.02,0
30,69,1,11,0.779,0.635,0.515,0.0,0.001,0.027,0
31,69,0,11,0.92,0.55,0.607,1.0,0.367,0.227,0
32,76,0,12,1.025,0.579,0.868,0.75,-0.051,0.419,0
33,70,0,12,0.86,0.649,1.119,0.0,0.614,0.198,0
34,68,0,12,1.067,0.405,1.175,0.25,0.566,0.406,1
35,51,1,10,1.037,0.632,0.953,0.25,0.309,0.189,0
36,34,1,9,1.062,0.605,1.026,0.25,0.721,0.365,0
37,31,1,4,0.826,0.601,0.545,0.5,0.093,0.047,0
38,59,1,12,1.13,0.602,1.05,0.0,0.512,0.286,0
39,43,1,7,0.896,0.687,0.612,0.0,0.376,0.043,0
40,68,1,9,0.7,0.516,1.0,0.25,0.473,-0.072,1
41,30,0,10,0.997,0.605,1.016,0.0,0.722,0.249,0
42,69,1,4,0.929,0.574,0.882,1.0,0.319,0.229,0
43,36,0,3,0.613,0.637,0.6,0.0,0.46,-0.361,0
44,55,1,4,0.7,0.585,0.759,0.0,0.166,-0.099,1
45,79,1,11,1.222,0.482,0.69,0.0,0.236,0.627,1
46,65,1,3,0.915,0.588,0.521,1.0,0.03,0.253,0
47,72,0,11,0.596,0.537,0.937,0.0,0.335,-0.104,0
48,84,0,8,0.989,0.579,0.93,0.75,0.511,0.289,1
49,59,0,8,0.966,0.553,0.487,0.5,0.13,0.243,0
50,55,1,6,0.624,0.524,0.706,0.0,0.122,-0.122,0
51,34,0,6,0.782,0.616,0.724,0.0,0.144,-0.021,0
52,82,0,5,0.582,0.643,0.655,0.0,0.385,-0.134,0
53,35,1,9,0.943,0.556,0.724,0.5,0.398,0.141,0
54,58,1,8,0.833,0.466,0.768,0.5,0.416,0.187,0
55,75,1,4,0.59,0.68,0.779,0.0,0.526,0.041,0
56,60,1,5,0.769,0.621,0.658,0.0,0.046,0.069,0
57,41,1,5,0.899,0.545,0.532,0.25,0.129,0.154,0
58,42,1,7,0.936,0.581,0.751,1.0,0.476,0.211,0
59,31,0,9,0.807,0.453,0.584,1.0,0.067,0.027,0
60,31,0,11,0.994,0.58,0.755,0.5,0.261,0.276,0
61,81,1,9,0.883,0.538,0.717,0.0,0.225,0.2,0
62,82,1,10,0.776,0.58,1.066,0.0,0.395,0.057,1
63,48,1,6,0.897,0.597,0.597,0.0,0.331,0.163,1
64,77,1,8,0.904,0.624,0.625,0.0,0.178,0.129,1
65,52,1,12,0.881,0.605,1.322,1.0,1.129,0.139,1
66,82,1,6,0.872,0.625,0.546,1.0,0.11,0.043,1
67,39,0,9,0.815,0.547,0.841,0.0,0.489,0.074,0
68,81,0,3,0.91,0.704,0.7,0.0,0.362,0.182,0
69,58,1,4,0.903,0.568,0.609,0.75,-0.063,0.386,0
70,47,1,9,0.867,0.553,0.58,0.5,0.017,-0.037,0
71,65,0,8,0.717,0.606,0.744,0.0,0.128,-0.033,0
72,44,0,6,0.918,0.558,0.7,0.5,0.367,0.129,0
73,69,0,5,0.865,0.721,0.529,0.5,0.052,0.165,0
74,60,0,12,0.865,0.542,0.885,0.75,0.679,0.111,0
75,36,0,6,0.994,0.602,0.468,0.0,0.265,0.116,1
76,67,0,4,0.924,0.543,0.312,0.0,-0.075,-0.036,0
77,70,1,8,0.904,0.545,0.808,0.0,0.191,0.065,1
78,78,0,3,0.655,0.522,0.323,0.25,-0.068,0.017,0
79,51,1,11,0.941,0.475,0.96,0.0,0.501,0.109,0
80,58,1,3,0.727,0.624,0.335,0.75,0.245,0.027,0
81,47,0,10,0.837,0.495,0.842,0.0,0.217,0.187,0
82,59,1,3,0.887,0.697,0.478,1.0,-0.14,0.025,0
83,74,0,6,0.883,0.7,0.529,0.75,0.17,0.235,0
84,51,1,6,0.76,0.516,0.545,0.5,0.194,0.084,0
85,46,1,3,0.827,0.512,0.708,0.0,0.328,0.0,0
86,71,1,6,0.727,0.55,0.436,0.25,-0.162,-0.129,0
87,35,0,4,0.854,0.517,0.684,0.0,-0.096,0.154,0
88,52,1,6,1.107,0.437,0.476,0.5,0.196,0.417,0
89,45,1,6,1.079,0.45,0.797,0.75,0.109,0.217,0
90,37,0,8,0.867,0.553,0.956,0.75,0.799,0.167,0
91,71,1,11,0.835,0.637,0.972,1.0,0.225,-0.023,1
92,47,0,12,1.096,0.646,0.873,0.25,0.546,0.356,0
93,81,0,6,0.89,0.659,0.556,0.0,-0.07,0.164,0
94,59,1,7,0.889,0.491,0.787,0.25,0.222,0.298,0
95,67,1,10,0.921,0.555,0.612,0.0,0.282,0.208,0
96,53,0,6,0.979,0.511,0.687,0.0,0.348,0.098,0
97,76,0,4,0.967,0.57,0.591,0.5,-0.022,0.349,0
98,40,0,8,0.993,0.663,0.541,0.25,0.274,0.287,0
99,43,0,3,0.605,0.581,0.575,0.0,0.05,-0.095,0
100,80,1,4,0.73,0.671,0.499,0.0,0.478,-0.19,1
101,75,0,11,1.005,0.616,0.916,0.0,0.58,0.342,0
102,38,0,4,1.081,0.643,0.616,0.0,-0.124,0.559,0
103,36,0,8,0.983,0.618,1.041,0.0,0.69,0.321,0
104,57,0,6,0.635,0.734,0.656,0.0,0.186,-0.006,0
105,34,0,9,1.043,0.578,0.765,0.0,0.375,0.343,0
106,45,0,7,0.77,0.615,0.777,0.75,0.083,0.205,0
107,68,1,7,0.929,0.651,0.765,0.25,0.461,0.202,0
108,37,0,3,1.033,0.651,0.565,1.0,0.024,0.4,0
109,67,1,12,0.786,0.454,0.909,0.0,0.544,0.147,0
110,75,1,7,0.817,0.647,0.695,0.0,-0.0,-0.044,0
111,32,1,12,0.879,0.649,0.901,0.0,0.536,0.124,0
112,46,1,7,1.069,0.486,0.544,0.0,0.389,0.427,0
113,61,0,7,0.922,0.584,0.502,0.0,-0.146,0.202,0
114,42,1,7,1.005,0.7,0.76,0.25,0.165,0.47,0
115,48,1,12,1.026,0.615,0.83,0.25,0.379,0.324,1
116,30,0,3,0.704,0.622,0.379,0.75,-0.465,-0.259,0
117,30,1,9,0.799,0.624,0.585,1.0,0.007,0.118,0
118,32,0,4,0.82,0.7,0.811,0.25,0.316,0.132,0
119,70,1,11,0.826,0.501,1.012,0.5,0.498,0.153,1
120,42,0,7,0.96,0.595,0.586,0.25,0.111,0.235,0
121,81,0,5,0.648,0.596,0.519,0.75,-0.099,-0.259,1
122,44,1,3,0.93,0.589,0.413,0.5,-0.133,0.293,0
123,31,1,7,0.955,0.661,0.685,0.5,0.3,0.071,0
124,51,0,8,0.675,0.582,0.879,0.0,0.468,0.03,0
125,64,0,4,0.7,0.745,0.748,0.25,0.169,0.033,0
126,68,1,7,0.838,0.616,0.789,0.0,0.292,0.382,0
127,38,1,8,0.799,0.557,0.56,0.5,0.001,0.145,0
128,54,1,9,0.912,0.591,0.866,0.0,0.36,0.027,0
129,60,0,10,0.869,0.549,0.856,0.0,0.144,-0.028,0
130,66,0,11,0.893,0.51,0.993,0.25,0.52,-0.092,1
131,38,0,5,0.925,0.538,0.754,0.5,0.054,0.06,0
132,59,0,9,0.574,0.728,0.707,0.0,0.359,-0.087,0
133,81,1,10,0.855,0.451,0.571,0.5,0.029,0.136,0
134,55,1,4,0.645,0.496,0.696,0.5,0.125,-0.006,0
135,49,1,10,0.827,0.68,0.73,0.0,0.315,0.366,0
136,60,1,5,0.807,0.753,0.765,0.0,0.148,0.394,0
137,37,0,11,0.875,0.546,0.766,0.5,0.322,-0.067,0
138,78,1,4,0.722,0.661,0.637,0.25,-0.017,0.028,0
139,33,0,9,0.924,0.547,0.755,0.25,0.483,0.216,0
140,40,0,5,0.991,0.621,0.596,0.5,-0.123,0.458,0
141,49,1,12,1.059,0.463,0.832,0.5,0.523,0.328,0
142,52,1,5,1.028,0.656,0.632,0.0,0.077,0.329,1
143,74,0,3,0.849,0.756,0.802,1.0,0.635,-0.109,0
144,51,0,10,1.203,0.556,0.661,0.0,0.394,0.209,1
145,47,1,4,0.93,0.672,0.369,0.25,-0.223,-0.158,0
146,58,1,11,1.088,0.57,0.831,0.0,0.265,0.274,0
147,46,0,11,0.776,0.471,0.771,0.5,0.661,-0.069,0
148,32,1,6,0.882,0.615,0.748,0.0,0.259,0.158,0
149,62,0,9,0.793,0.544,0.834,1.0,0.321,-0.013,0
150,44,0,8,0.884,0.567,1.069,0.0,0.419,-0.012,0
151,75,1,3,0.895,0.518,0.464,0.0,0.185,-0.027,0
152,36,1,7,0.958,0.547,0.79,0.0,0.057,0.139,0
153,33,0,9,0.766,0.434,0.837,0.5,0.384,0.035,0
154,49,0,11,0.977,0.596,0.976,0.75,0.446,0.249,0
155,81,1,11,0.877,0.525,0.982,0.25,0.462,0.166,0
156,31,0,10,0.817,0.573,0.67,0.75,0.15,0.066,0
157,52,1,4,0.701,0.527,0.345,0.5,-0.321,0.026,0
158,54,0,9,0.922,0.547,0.895,0.5,0.293,0.147,0
159,79,1,11,0.971,0.533,0.841,1.0,0.399,0.073,0
160,55,1,5,0.762,0.682,0.692,0.25,0.247,0.053,0
161,76,0,8,0.811,0.544,0.782,0.0,0.188,-0.26,1
162,57,1,4,0.799,0.623,0.609,0.0,-0.273,0.175,0
163,65,0,6,1.02,0.504,0.848,1.0,0.777,0.387,1
164,54,1,7,0.895,0.693,0.463,0.0,0.051,0.096,0
165,71,0,8,0.855,0.64,0.852,0.0,0.738,0.205,1
166,40,1,12,0.902,0.587,0.872,0.0,0.578,0.26,0
167,44,0,9,0.923,0.6,0.792,0.75,0.25,0.276,1
168,69,1,5,0.955,0.43,0.735,1.0,0.016,0.101,0
169,37,1,5,1.047,0.7,0.694,0.25,0.055,0.185,0
170,43,0,4,0.78,0.521,0.608,0.5,-0.077,-0.0,0
171,37,0,4,0.861,0.579,0.702,0.5,-0.005,-0.047,0
172,34,1,11,0.932,0.475,0.792,0.0,0.462,0.275,0
173,51,1,5,1.054,0.58,0.7,0.0,0.199,0.218,0
174,38,1,10,0.921,0.412,0.599,0.0,0.14,0.155,0
175,30,0,5,0.932,0.672,0.598,0.0,0.381,0.179,0
176,30,0,5,0.831,0.723,0.286,0.0,-0.167,-0.064,0
177,54,1,4,0.685,0.605,0.604,0.0,0.238,-0.026,0
178,56,1,8,0.964,0.461,0.726,0.0,0.108,0.002,1
179,73,1,12,0.9,0.509,0.77,0.0,0.307,0.07,1
180,36,1,7,0.823,0.496,0.968,1.0,0.264,-0.072,0
181,44,0,11,0.846,0.316,0.77,0.75,0.59,0.173,0
182,57,0,5,0.771,0.644,0.515,0.0,-0.198,0.088,0
183,61,1,8,0.762,0.653,0.716,0.0,0.132,0.065,0
184,80,0,10,0.912,0.437,0.822,0.5,0.286,0.332,1
185,35,1,7,0.718,0.518,0.706,0.0,0.359,0.136,0
186,37,0,11,0.872,0.442,0.744,0.0,0.173,0.359,0
187,78,1,9,0.83,0.63,0.651,1.0,0.116,-0.056,1
188,44,0,6,0.828,0.59,0.455,0.0,-0.459,0.273,0
189,31,1,11,0.97,0.612,1.14,0.75,0.414,0.129,0
190,83,1,8,0.931,0.526,0.671,0.0,0.002,0.242,1
191,66,0,6,0.869,0.547,0.709,0.5,0.011,0.115,0
192,35,1,8,1.031,0.564,0.654,0.0,-0.026,0.247,0
193,60,1,3,0.888,0.514,0.573,0.0,-0.096,0.394,0
194,66,0,3,0.9,0.633,0.507,0.0,-0.016,0.2,0
195,79,1,3,1.021,0.623,0.485,0.5,-0.083,0.34,0
196,82,0,12,1.16,0.567,1.007,0.25,0.56,0.548,1
197,82,1,4,0.669,0.567,0.713,0.0,0.326,-0.23,1
198,33,0,10,0.912,0.536,0.577,0.25,-0.009,0.057,0
199,44,1,7,0.796,0.581,0.62,0.5,0.36,0.268,0
200,45,1,10,1.001,0.527,0.917,0.0,0.702,0.436,0
201,81,1,10,1.0,0.539,0.775,0.0,0.197,-0.078,0
202,35,0,7,0.936,0.612,0.909,0.0,0.414,0.305,1
203,76,1,8,0.94,0.656,0.72,0.25,-0.068,0.544,1
204,80,0,8,0.812,0.621,0.831,1.0,0.557,-0.006,1
205,61,1,5,0.778,0.51,0.913,0.0,0.452,-0.182,0
206,47,1,8,1.018,0.599,0.978,0.75,0.444,0.32,1
207,36,1,6,0.77,0.47,0.518,0.0,-0.099,-0.027,0
208,71,1,4,0.741,0.566,0.867,0.0,0.473,0.102,0
209,65,0,5,0.849,0.55,0.816,0.25,0.508,-0.031,0
210,31,0,11,0.769,0.595,1.039,0.25,0.717,0.195,0
211,84,1,6,0.745,0.593,0.556,0.0,0.14,-0.052,0
212,61,1,9,1.143,0.684,0.808,0.75,0.108,0.549,0
213,40,1,6,0.617,0.562,0.318,0.0,0.189,-0.329,0
214,51,0,12,1.076,0.537,1.255,0.0,0.911,0.38,0
215,31,1,9,0.8,0.503,0.877,0.0,0.278,-0.036,0
216,82,0,12,0.852,0.659,0.947,0.0,0.605,0.076,1
217,66,0,9,0.926,0.467,0.563,0.25,0.179,0.257,0
218,65,0,10,1.11,0.484,0.835,0.0,0.318,0.3,0
219,56,0,5,0.961,0.522,0.764,0.0,-0.24,0.142,0
220,77,1,3,0.672,0.646,0.585,0.0,-0.115,-0.105,1
221,63,0,11,0.924,0.561,0.913,0.0,0.316,0.168,0
222,51,1,6,0.864,0.676,0.567,1.0,-0.186,0.105,0
223,66,0,5,0.7,0.751,0.677,0.0,0.395,-0.122,0
224,67,1,6,0.905,0.58,0.406,0.0,-0.023,0.171,0
225,54,0,11,1.102,0.514,1.027,1.0,0.478,0.1,1
226,72,0,6,0.912,0.617,0.387,0.5,-0.362,0.206,1
227,66,1,7,0.93,0.484,0.906,0.0,0.357,0.216,0
228,75,1,8,0.842,0.487,0.539,0.0,0.196,-0.024,0
229,31,0,10,0.954,0.614,0.99,0.0,0.766,0.19,0
230,34,1,11,0.827,0.546,1.121,0.5,0.533,-0.03,1
231,46,0,5,0.81,0.513,0.818,0.0,0.101,0.03,0
232,75,0,9,0.919,0.596,0.721,0.5,0.195,0.126,0
233,53,0,11,0.724,0.434,0.715,0.75,0.414,-0.081,0
234,79,1,7,0.837,0.582,0.594,0.0,-0.23,0.228,0
235,82,0,6,0.708,0.689,0.41,0.5,0.17,-0.024,0
236,54,1,5,0.891,0.758,0.755,1.0,0.318,0.249,0
237,53,0,3,0.719,0.639,0.633,0.0,0.196,-0.022,0
238,74,0,5,1.041,0.62,0.651,0.0,0.271,0.402,0
239,46,1,7,0.931,0.513,0.832,0.0,0.262,0.231,1
240,31,0,6,0.7,0.537,0.809,0.0,0.366,0.014,0
241,43,1,7,0.933,0.576,0.492,0.5,-0.215,0.213,1
242,61,1,7,0.617,0.529,0.743,0.0,0.369,-0.242,0
243,37,0,4,0.857,0.66,0.592,0.0,0.271,0.157,0
244,52,1,10,0.859,0.425,0.907,0.0,0.404,0.135,0
245,44,0,11,0.952,0.541,0.563,0.0,0.137,0.218,0
246,82,0,3,0.9,0.584,0.358,1.0,-0.065,0.054,0
247,76,0,8,0.84,0.629,0.617,1.0,0.058,0.323,1
248,49,1,8,1.023,0.7,0.677,0.0,0.517,0.329,0
249,62,1,11,0.964,0.568,0.973,0.75,0.537,0.255,0
250,37,1,6,0.922,0.555,0.7,1.0,0.387,0.443,1
251,77,0,10,0.762,0.631,0.547,0.0,0.128,-0.157,0
252,46,0,4,1.006,0.577,0.634,0.25,0.358,0.169,0
253,42,0,9,0.945,0.484,0.814,0.0,0.114,-0.009,0
254,52,0,12,0.897,0.729,1.011,0.5,0.311,0.18,1
255,52,0,7,0.964,0.597,0.963,0.0,0.549,0.231,0
256,45,1,3,0.65,0.621,0.7,0.25,-0.002,-0.025,0
257,73,1,10,1.041,0.44,0.676,0.75,0.217,0.017,1
258,69,0,6,0.749,0.581,0.717,0.75,0.252,0.093,0
259,68,0,11,0.892,0.495,0.791,0.25,0.371,0.038,0
260,64,1,3,0.734,0.568,0.508,0.75,-0.105,-0.206,0
261,84,1,10,0.712,0.646,0.838,0.0,0.459,-0.024,0
262,73,0,5,0.7,0.551,0.791,0.25,0.004,-0.082,0
263,67,0,4,0.89,0.632,0.579,1.0,-0.121,0.353,0
264,56,1,7,0.738,0.636,0.727,1.0,0.427,-0.09,0
265,33,0,12,1.171,0.699,1.188,0.0,0.739,0.394,0
266,82,1,5,0.923,0.575,0.085,0.0,-0.463,0.33,0
267,72,0,4,0.752,0.581,0.76,0.0,0.097,0.303,0
268,73,1,12,0.822,0.552,1.013,0.75,0.363,-0.014,1
269,33,1,4,0.7,0.582,0.402,0.0,0.041,-0.197,0
270,56,1,4,0.573,0.569,0.513,0.0,0.395,-0.226,0
271,81,1,6,0.9,0.642,0.854,0.0,0.093,0.122,0
272,51,0,7,1.15,0.464,0.648,0.5,0.018,0.28,0
273,31,0,4,0.829,0.638,0.726,0.0,0.059,0.189,0
274,30,0,6,0.93,0.691,0.556,1.0,0.017,0.222,0
275,77,1,3,0.969,0.422,0.483,0.5,-0.25,0.215,1
276,31,0,8,0.767,0.576,0.9,0.0,0.269,-0.088,0
277,79,1,5,0.698,0.458,0.63,0.25,0.461,0.133,0
278,75,1,4,1.036,0.644,0.724,1.0,0.389,0.317,0
279,37,1,4,0.734,0.478,0.617,0.5,0.048,0.1,0
280,47,1,3,0.675,0.598,0.539,0.5,-0.012,-0.096,0
281,68,0,12,0.89,0.484,0.888,0.5,0.548,0.127,1
282,63,1,6,0.964,0.584,0.733,0.5,-0.083,0.314,0
283,66,0,9,0.993,0.574,0.814,0.0,0.336,0.2,0
284,79,1,7,0.859,0.721,0.621,1.0,0.143,-0.052,0
285,83,1,12,1.021,0.476,0.938,0.0,0.442,0.279,1
286,69,1,10,0.92,0.542,0.739,0.75,0.195,0.134,1
287,57,0,9,0.884,0.474,0.953,0.0,0.632,0.295,1
288,69,0,3,0.7,0.738,0.696,0.75,0.006,-0.228,0
289,70,0,6,0.828,0.736,0.691,0.0,-0.009,-0.134,0
290,30,0,6,0.9,0.449,0.764,0.75,0.284,-0.005,0
291,77,1,4,0.976,0.764,0.609,0.0,0.116,0.231,0
292,39,0,6,0.87,0.642,0.977,0.5,0.095,0.301,0
293,62,0,7,0.72,0.488,0.726,0.0,-0.204,-0.118,0
294,79,0,8,0.996,0.536,0.946,0.25,0.807,0.438,1
295,32,0,10,1.138,0.589,0.95,0.25,0.542,0.432,0
296,41,0,3,0.671,0.608,1.054,1.0,0.621,-0.04,0
297,34,1,6,1.003,0.68,0.8,0.5,0.501,0.341,0
298,84,1,12,0.728,0.629,0.583,0.0,0.197,0.025,0
299,39,1,5,0.737,0.537,0.778,0.0,0.347,-0.014,0
300,53,0,4,0.907,0.547,0.645,0.75,0.263,0.22,0
301,34,1,5,0.74,0.475,0.528,0.5,0.078,-0.262,0
302,51,1,11,0.915,0.58,0.808,0.0,0.319,0.227,0
303,72,0,12,0.895,0.664,0.957,0.0,0.186,0.032,0
304,49,1,9,1.123,0.596,0.562,0.75,-0.139,0.536,0
305,77,1,3,0.699,0.666,0.553,0.0,-0.01,0.101,0
306,52,0,12,0.767,0.529,0.853,0.0,0.522,-0.047,1
307,81,1,12,0.864,0.6,0.939,0.5,0.305,0.092,0
308,78,1,7,0.957,0.521,0.7,0.0,0.176,0.304,0
309,60,0,9,0.955,0.587,0.923,0.0,0.657,0.357,0
310,33,1,10,0.7,0.492,0.817,0.25,0.345,0.079,1
311,78,0,8,0.771,0.625,0.652,0.5,0.091,0.095,1
312,84,0,8,0.904,0.616,0.636,0.0,0.187,0.056,0
313,83,0,9,1.009,0.531,0.941,1.0,0.892,0.287,1
314,65,0,12,0.88,0.602,0.802,0.5,0.272,0.041,0
315,30,1,6,0.766,0.612,0.548,0.0,0.227,0.139,0
316,73,1,6,0.892,0.41,0.655,0.75,-0.062,0.365,1
317,31,1,3,0.958,0.556,0.7,0.0,0.241,0.398,0
318,58,0,11,1.005,0.517,0.708,0.5,0.627,0.152,0
319,61,1,8,0.816,0.676,0.648,0.0,0.095,0.019,0
320,84,0,8,0.93,0.567,0.649,0.5,0.285,0.143,1
321,34,1,10,0.803,0.554,0.871,0.0,0.186,-0.04,0
322,38,0,12,1.07,0.579,0.94,0.75,0.359,0.247,1
323,80,0,10,1.024,0.638,0.634,0.0,0.359,0.262,0
324,75,1,9,0.867,0.559,0.669,0.0,0.394,-0.114,0
325,47,1,12,0.768,0.423,0.958,0.0,0.632,-0.018,1
326,57,1,4,0.915,0.589,0.548,1.0,-0.006,0.106,0
327,47,1,3,0.894,0.493,0.516,0.5,0.114,-0.003,0
328,38,1,11,0.821,0.511,1.063,0.0,0.596,0.1,0
329,34,1,6,0.844,0.533,0.7,0.0,0.146,0.147,0
330,63,0,5,0.668,0.726,0.605,0.0,0.31,-0.167,1
331,81,1,7,0.906,0.454,0.596,0.0,0.039,0.254,0
332,40,0,5,0.746,0.5,0.548,0.0,0.138,-0.061,0
333,49,1,9,0.984,0.556,0.929,1.0,0.615,0.22,1
334,64,0,3,0.685,0.7,0.524,1.0,0.022,-0.178,0
335,46,1,9,0.937,0.536,0.826,0.0,0.238,0.298,0
336,84,0,12,0.637,0.484,0.933,0.0,0.641,-0.164,0
337,33,1,7,0.712,0.657,0.828,1.0,0.723,0.105,0
338,68,0,9,0.879,0.607,0.684,0.25,0.033,0.081,0
339,65,1,3,0.726,0.652,0.442,0.0,0.172,0.185,0
340,41,0,6,0.863,0.502,0.242,0.75,-0.407,-0.201,0
341,76,1,9,1.039,0.423,0.833,0.75,0.703,0.392,1
342,56,1,10,0.896,0.594,1.001,0.25,0.688,0.026,1
343,33,1,3,0.714,0.727,0.558,0.0,-0.099,-0.162,0
344,72,1,8,0.769,0.452,0.618,0.0,0.251,-0.017,0
345,68,1,12,1.034,0.43,1.261,0.5,0.689,0.213,0
346,32,1,10,0.965,0.607,0.693,1.0,0.025,0.156,0
347,61,0,11,0.769,0.574,0.726,0.0,0.255,-0.133,0
348,71,0,10,1.008,0.558,0.836,0.75,0.557,0.333,0
349,51,1,7,0.787,0.569,0.5,0.0,-0.092,-0.197,0
350,44,0,6,1.099,0.57,0.631,0.75,0.097,0.506,0
351,47,0,5,0.869,0.647,0.641,0.0,-0.083,0.103,0
352,64,0,12,0.897,0.474,0.899,1.0,0.396,0.171,0
353,62,0,3,0.825,0.522,0.793,0.0,0.168,-0.03,0
354,81,0,5,1.031,0.641,0.482,1.0,-0.063,0.428,0
355,82,0,6,0.755,0.608,0.653,0.0,0.16,0.032,0
356,54,0,3,0.674,0.59,0.439,0.25,0.01,-0.174,0
357,65,1,7,0.935,0.562,0.673,0.0,0.348,0.433,0
358,40,0,9,1.001,0.466,0.806,0.75,0.189,0.046,0
359,30,0,4,0.869,0.75,0.192,0.5,-0.388,-0.167,0
360,71,1,4,1.047,0.597,0.722,0.25,0.208,0.371,0
361,39,1,6,0.832,0.505,0.709,0.0,0.177,0.113,0
362,70,1,9,0.879,0.613,0.87,0.0,0.42,0.118,0
363,40,1,11,1.016,0.522,0.942,0.0,0.392,0.218,0
364,32,1,3,0.933,0.691,0.671,0.5,0.302,0.289,0
365,58,1,10,0.835,0.62,1.022,0.0,0.725,0.038,0
366,44,1,12,0.943,0.584,0.909,0.25,0.429,0.031,0
367,81,0,6,0.858,0.633,0.656,0.75,0.236,0.02,1
368,79,0,7,0.639,0.478,0.493,0.5,0.026,-0.078,0
369,72,0,10,0.895,0.634,0.897,0.5,0.418,0.136,0
370,42,0,6,0.655,0.58,0.469,0.25,-0.124,0.108,0
371,59,0,7,0.828,0.497,0.406,0.5,0.047,0.125,0
372,37,1,12,0.998,0.465,0.786,0.0,0.463,0.138,0
373,57,1,10,0.943,0.585,0.979,0.5,0.785,0.112,0
374,59,1,8,0.691,0.641,0.626,0.25,0.079,-0.029,0
375,78,0,10,0.909,0.607,0.791,0.0,0.399,-0.028,0
376,57,0,4,0.622,0.647,0.461,0.75,-0.226,-0.223,0
377,78,1,7,0.863,0.613,0.558,0.5,0.033,-0.01,0
378,33,0,12,0.833,0.549,0.965,0.75,0.519,-0.017,0
379,53,0,6,0.821,0.509,0.441,0.0,0.195,0.286,0
380,31,0,12,0.7,0.43,1.035,0.0,0.734,-0.211,0
381,51,0,11,1.135,0.721,0.851,0.0,0.151,0.334,0
382,55,0,8,0.859,0.475,0.524,0.0,0.217,0.159,1
383,62,1,11,0.961,0.599,0.925,0.0,0.72,0.291,0
384,75,1,7,0.703,0.473,0.923,0.25,0.527,-0.089,0
385,56,0,10,0.727,0.519,0.836,0.0,0.122,0.041,0
386,52,1,10,0.964,0.515,0.731,0.0,0.481,0.344,0
387,77,0,4,0.824,0.578,0.65,0.0,-0.065,0.059,1
388,30,1,7,0.734,0.635,0.494,0.25,-0.1,0.052,0
389,38,0,9,0.859,0.631,0.815,0.0,0.453,-0.05,0
390,66,0,7,0.76,0.58,0.842,0.5,-0.016,0.025,0
391,70,0,4,0.805,0.494,0.649,0.0,0.269,-0.051,1
392,50,1,5,1.12,0.595,0.508,0.5,0.246,0.233,0
393,37,1,8,0.671,0.62,0.533,0.25,0.161,0.066,0
394,48,0,6,0.805,0.683,0.704,0.5,0.102,-0.039,0
395,42,1,11,1.025,0.57,1.115,0.0,0.559,0.366,0
396,62,1,8,0.868,0.652,0.844,0.75,0.144,0.19,1
397,37,0,12,0.883,0.548,0.677,0.5,0.537,0.235,1
398,65,1,12,0.963,0.483,0.927,0.0,0.525,0.247,0
399,35,1,9,1.136,0.538,1.013,0.75,0.623,0.424,0
400,80,0,10,0.785,0.44,0.526,0.0,-0.218,-0.129,0
401,83,0,6,0.74,0.61,0.629,0.0,0.122,0.032,0
402,84,0,11,0.965,0.487,0.7,0.0,0.231,0.308,1
403,71,1,11,0.979,0.563,1.141,0.25,0.76,0.115,1
404,70,0,8,0.99,0.574,0.765,0.25,0.094,-0.063,0
405,52,1,8,0.805,0.528,0.758,0.5,0.41,-0.089,0
406,65,1,8,0.931,0.606,0.7,0.0,0.415,0.269,0
407,59,1,12,0.995,0.357,0.972,0.0,0.255,0.333,1
408,32,0,4,0.647,0.576,0.503,0.5,0.02,0.059,0
409,61,0,7,0.637,0.428,0.465,0.0,0.083,-0.035,0
410,52,0,8,0.878,0.542,0.481,0.25,-0.033,0.291,0
411,82,0,8,0.645,0.586,0.548,0.5,0.095,0.195,0
412,71,1,11,0.845,0.625,0.91,0.5,0.235,-0.12,0
413,75,1,12,1.061,0.557,0.691,0.0,0.226,0.037,0
414,71,0,10,0.868,0.54,0.664,0.5,0.106,0.055,1
415,63,1,11,0.919,0.62,0.85,0.0,0.428,0.183,1
416,58,0,3,0.623,0.58,0.468,0.5,-0.158,-0.135,0
417,47,1,7,0.905,0.665,0.587,0.75,0.24,0.158,0
418,67,1,3,0.709,0.495,0.408,0.0,-0.256,0.059,0
419,37,0,12,0.983,0.563,0.972,1.0,0.407,0.012,1
420,64,0,4,0.897,0.631,0.239,0.25,-0.247,0.224,0
421,60,0,8,0.941,0.646,0.803,0.25,0.285,0.286,0
422,69,1,6,0.58,0.601,0.39,0.75,-0.105,-0.101,1
423,34,0,8,0.7,0.616,1.151,1.0,0.351,-0.099,0
424,83,1,11,0.789,0.506,1.049,0.5,0.465,0.022,0
425,60,1,4,0.805,0.628,0.678,0.5,0.461,0.101,1
426,48,0,10,1.056,0.593,0.745,0.5,0.163,0.273,0
427,57,0,5,0.769,0.595,0.649,0.25,0.43,0.059,1
428,41,1,9,0.923,0.493,0.583,0.0,-0.094,0.468,0
429,68,0,10,0.985,0.555,0.833,0.0,0.449,0.126,0
430,40,0,8,1.085,0.592,0.72,0.25,0.28,0.291,1
431,41,0,11,1.019,0.618,0.851,0.0,0.285,0.422,0
432,51,0,8,0.985,0.684,0.787,0.0,0.297,0.094,0
433,36,1,11,0.664,0.576,1.217,0.0,0.535,-0.178,0
434,70,0,7,0.519,0.52,0.877,0.0,0.301,-0.181,1
435,46,1,12,0.839,0.572,0.49,0.75,0.191,-0.023,0
436,42,1,12,0.957,0.49,0.853,0.25,0.201,0.157,0
437,76,1,3,0.649,0.507,0.487,1.0,-0.325,-0.365,1
438,62,1,10,1.094,0.558,0.962,0.5,0.332,0.116,1
439,61,1,4,1.057,0.576,0.474,0.0,-0.252,0.515,0
440,37,0,10,0.934,0.514,0.692,0.5,0.338,0.067,0
441,49,0,6,0.895,0.593,0.653,1.0,0.429,0.182,0
442,52,0,10,0.945,0.563,1.092,0.5,0.756,0.245,1
443,59,0,12,0.994,0.514,0.972,0.5,0.259,0.144,0
444,60,1,3,0.732,0.732,0.269,0.0,-0.032,-0.057,0
445,70,0,4,0.835,0.516,0.566,0.5,-0.253,0.241,0
446,60,0,7,0.815,0.472,1.095,0.75,0.681,0.177,0
447,60,1,7,0.783,0.508,0.699,0.25,-0.007,0.114,0
448,42,0,12,0.781,0.655,0.835,1.0,0.434,-0.017,0
449,49,0,5,0.693,0.571,0.984,0.0,0.409,-0.017,0
450,40,1,9,0.894,0.536,0.513,0.25,-0.279,0.242,0
451,33,1,3,0.865,0.787,0.45,0.0,-0.039,-0.011,0
452,52,0,3,0.883,0.785,0.625,0.0,0.058,0.319,0
453,44,1,5,0.669,0.515,0.545,0.0,-0.155,-0.059,0
454,43,0,7,0.915,0.432,0.758,0.0,0.535,0.024,0
455,58,1,5,0.879,0.658,0.755,0.25,0.316,0.322,0
456,64,1,9,1.02,0.508,1.064,0.25,0.364,0.301,0
457,81,1,12,1.064,0.539,1.072,0.25,0.699,0.486,0
458,55,0,3,0.736,0.576,0.612,0.75,0.005,-0.071,0
459,64,0,7,1.004,0.573,0.464,0.0,0.099,0.133,0
460,42,0,7,0.836,0.64,0.6,0.25,0.346,0.065,0
461,49,0,10,0.837,0.735,0.818,0.5,0.375,0.237,0
462,84,1,9,1.085,0.476,0.726,0.5,0.055,0.336,1
463,75,0,8,0.836,0.548,0.657,0.0,0.076,0.035,0
464,33,1,3,0.882,0.619,0.7,0.0,0.522,0.434,0
465,64,1,6,0.882,0.703,0.673,0.0,0.096,0.08,0
466,82,1,11,1.216,0.481,0.836,0.0,0.313,0.546,0
467,35,1,11,0.874,0.522,0.955,0.5,0.363,0.171,0
468,50,1,10,0.965,0.7,0.772,0.25,0.325,0.25,0
469,68,1,4,0.727,0.638,0.499,0.0,0.235,0.17,0
470,80,0,6,0.996,0.667,0.565,0.25,0.008,0.296,0
471,63,0,8,1.002,0.5,1.098,0.0,0.364,0.118,0
472,78,0,9,1.034,0.515,0.86,0.75,0.376,0.183,0
473,59,1,12,0.854,0.644,0.896,0.25,0.449,0.201,0
474,73,0,11,0.964,0.765,0.715,0.5,0.354,0.269,0
475,36,0,7,0.968,0.537,0.91,0.5,0.49,0.265,0
476,32,0,3,0.661,0.566,0.36,0.0,0.095,-0.015,0
477,72,1,4,0.92,0.45,0.62,0.5,0.205,0.284,0
478,79,0,5,0.7,0.589,0.842,0.25,0.264,-0.211,0
479,71,1,11,1.104,0.417,0.847,0.0,0.646,0.241,0
480,81,1,9,1.111,0.49,0.766,0.0,0.33,0.288,0
481,35,1,5,0.881,0.588,0.751,0.75,0.193,0.097,0
482,56,0,10,0.937,0.568,0.965,1.0,0.506,0.169,0
483,43,0,5,1.068,0.556,0.579,0.75,0.153,0.492,0
484,39,0,6,0.784,0.562,1.084,0.75,0.621,-0.038,0
485,52,0,7,0.801,0.524,0.758,0.0,0.489,0.184,0
486,45,1,8,0.841,0.608,0.831,0.5,0.298,0.026,0
487,34,1,11,0.889,0.531,0.7,0.25,0.24,0.017,0
488,55,1,12,0.888,0.63,1.023,1.0,0.582,0.111,0
489,50,0,10,1.041,0.547,0.81,0.0,0.197,0.318,0
490,39,1,5,0.849,0.605,0.575,0.75,0.152,0.096,0
491,30,1,5,0.859,0.7,0.829,0.5,0.244,0.177,0
492,45,1,4,0.659,0.329,0.542,0.25,0.099,-0.295,0
493,52,0,6,1.109,0.539,0.762,0.75,0.39,0.324,0
494,83,0,9,0.833,0.574,0.91,0.0,0.767,0.047,0
495,74,0,11,0.939,0.531,1.115,0.0,0.734,0.503,0
496,47,1,5,0.841,0.61,0.485,0.0,0.03,-0.12,0
497,69,1,10,0.852,0.545,0.495,0.0,0.054,0.024,1
498,79,0,9,1.012,0.667,0.536,0.75,-0.24,0.187,0
499,84,1,4,1.102,0.582,0.611,0.0,0.296,0.262,0
500,80,0,8,0.931,0.623,0.585,0.0,0.379,0.092,0
501,62,1,11,0.95,0.496,0.888,0.5,0.166,0.109,1
502,84,0,4,0.918,0.74,0.694,0.0,0.498,0.091,1
503,75,0,7,0.774,0.572,0.722,1.0,0.146,0.074,0
504,79,1,6,0.701,0.495,0.706,0.0,0.201,-0.097,0
505,70,1,5,0.838,0.398,0.268,0.25,-0.225,0.131,1
506,75,0,12,1.158,0.354,0.727,0.25,0.339,0.383,1
507,67,0,10,0.75,0.666,0.853,0.5,0.489,0.086,0
508,82,1,4,0.942,0.651,0.535,0.25,-0.165,0.404,0
509,82,1,11,0.881,0.406,0.886,0.0,0.402,0.174,0
510,38,0,12,0.718,0.496,0.556,0.5,-0.196,-0.151,0
511,70,0,4,0.804,0.672,0.403,0.5,-0.231,-0.178,0
512,65,1,5,0.853,0.641,0.7,0.5,0.405,-0.156,0
513,78,0,7,0.966,0.521,0.615,0.5,0.293,0.147,0
514,81,1,9,0.834,0.552,0.684,0.75,0.279,0.163,0
515,34,0,9,1.061,0.58,1.043,0.0,0.732,0.323,0
516,32,1,8,0.914,0.7,0.362,0.0,-0.225,0.137,0
517,57,0,8,1.071,0.687,0.853,0.0,0.28,0.18,0
518,32,1,11,0.896,0.569,1.043,0.75,0.753,0.134,0
519,72,1,11,0.7,0.542,1.003,0.25,0.587,0.014,0
520,70,0,4,0.898,0.689,0.477,0.0,0.098,0.05,0
521,72,0,9,0.784,0.513,0.806,0.0,0.064,-0.127,0
522,59,1,11,0.885,0.597,0.77,0.0,0.287,0.168,0
523,52,1,9,1.142,0.746,0.9,1.0,0.655,0.535,0
524,48,0,7,0.903,0.58,0.696,0.0,0.148,0.06,0
525,53,0,5,0.881,0.458,0.554,0.0,0.11,0.259,0
526,34,0,5,0.818,0.577,0.902,0.5,0.33,0.045,1
527,50,0,4,0.855,0.641,0.713,0.0,0.003,0.116,0
528,51,0,4,0.764,0.643,0.427,0.0,0.144,0.126,0
529,34,0,10,0.965,0.642,0.778,0.0,0.055,0.328,0
530,51,0,4,0.893,0.668,0.83,0.0,0.285,0.244,0
531,51,1,7,0.605,0.553,0.841,0.0,0.633,-0.239,1
532,64,1,8,0.7,0.581,0.738,0.25,-0.224,-0.01,0
533,54,1,6,0.68,0.53,0.758,0.0,-0.029,-0.085,0
534,31,0,3,0.783,0.527,0.567,0.0,0.165,0.015,0
535,50,1,4,0.873,0.671,0.629,0.0,0.073,0.121,0
536,43,0,4,0.774,0.7,0.856,0.25,0.448,0.104,0
537,72,1,11,0.915,0.557,0.849,0.25,0.272,0.111,0
538,44,0,4,0.685,0.579,0.658,0.25,0.211,-0.248,0
539,61,0,5,0.896,0.528,0.743,0.0,0.298,0.121,0
540,63,1,11,1.116,0.455,0.939,0.0,0.424,0.327,0
541,67,0,4,0.7,0.483,0.66,0.0,0.059,-0.202,0
542,77,1,9,0.868,0.526,0.675,0.0,-0.081,0.107,0
543,52,1,8,0.741,0.477,0.63,0.75,0.123,0.052,1
544,43,0,7,0.95,0.535,0.999,0.0,0.63,0.026,0
545,70,0,6,0.905,0.531,0.637,0.0,0.314,0.26,0
546,45,1,4,1.021,0.692,0.468,0.5,0.024,0.238,0
547,78,0,6,0.769,0.477,0.514,1.0,0.029,-0.051,0
548,39,1,4,0.913,0.625,0.7,0.0,0.121,0.223,0
549,68,0,7,0.938,0.632,0.914,0.0,0.568,0.053,0
550,32,1,4,0.96,0.556,0.651,1.0,0.157,0.313,0
551,46,1,11,0.926,0.625,0.84,0.0,0.311,0.174,0
552,74,1,11,1.078,0.488,0.981,0.75,0.569,0.417,0
553,60,0,4,0.759,0.615,0.768,0.75,0.257,-0.203,0
554,44,0,7,0.838,0.549,0.963,0.0,0.55,-0.167,0
555,48,0,12,1.233,0.458,0.7,0.5,0.213,0.575,1
556,72,0,5,0.906,0.542,0.398,0.0,-0.302,0.147,0
557,75,0,10,0.938,0.516,0.748,0.0,0.131,0.158,0
558,53,0,7,0.663,0.686,0.836,0.0,0.278,-0.107,0
559,42,1,6,0.607,0.439,0.565,0.0,-0.138,-0.124,0
560,36,1,12,0.946,0.468,1.057,0.5,0.524,0.359,0
561,72,1,7,0.819,0.546,0.934,0.0,0.427,0.288,1
562,50,0,10,0.854,0.492,0.621,0.25,0.537,0.176,0
563,47,0,9,0.959,0.511,0.565,0.0,-0.135,0.138,0
564,77,0,11,0.875,0.661,0.667,0.0,0.332,0.296,0
565,81,0,10,1.035,0.405,0.749,0.0,0.363,0.283,1
566,59,0,3,0.641,0.56,0.481,0.5,-0.162,-0.272,0
567,65,1,7,1.055,0.527,0.205,0.0,-0.087,0.193,0
568,40,0,11,0.864,0.704,0.825,0.0,0.519,-0.048,0
569,42,1,8,0.988,0.54,0.776,0.0,0.369,0.474,0
570,81,0,7,1.039,0.625,0.666,0.75,0.065,0.502,0
571,44,1,4,0.637,0.478,0.59,0.0,0.216,-0.065,0
572,59,1,8,0.79,0.493,0.743,0.0,0.339,0.36,0
573,61,1,3,1.013,0.547,0.416,0.0,0.019,0.332,0
574,33,1,6,0.872,0.65,1.011,0.0,0.186,0.045,0
575,70,0,5,0.886,0.721,0.713,0.0,0.405,0.151,0
576,74,0,8,0.985,0.553,0.935,0.0,0.603,0.209,0
577,66,1,11,1.115,0.504,0.7,0.5,0.247,0.322,0
578,57,1,9,0.8,0.47,0.814,1.0,0.454,0.263,0
579,33,1,10,0.645,0.722,0.63,0.5,0.274,-0.169,0
580,77,0,9,0.805,0.535,0.799,0.0,0.673,-0.141,0
581,43,1,6,0.793,0.636,0.611,0.25,0.138,0.146,0
582,63,1,3,0.537,0.741,0.642,0.0,0.1,-0.281,0
583,49,0,11,0.925,0.563,0.873,1.0,0.402,0.153,0
584,32,1,6,0.716,0.572,0.633,0.0,0.189,-0.097,0
585,34,0,6,0.759,0.7,0.37,0.0,-0.094,-0.057,0
586,38,0,12,1.056,0.542,0.874,0.0,0.329,0.167,0
587,56,1,8,0.987,0.495,0.75,0.25,0.389,0.366,0
588,69,1,8,0.7,0.5,0.892,0.0,0.671,-0.063,0
589,69,0,11,0.948,0.618,0.842,0.0,0.375,0.285,0
590,51,0,9,0.769,0.554,0.879,0.0,0.179,-0.124,0
591,81,1,5,0.7,0.504,0.734,0.5,0.228,-0.144,0
592,50,1,7,0.825,0.513,0.851,0.0,0.387,0.128,0
593,49,0,9,1.084,0.661,0.872,0.75,0.529,0.378,0
594,36,0,3,0.7,0.595,0.496,0.0,-0.103,0.019,0
595,35,0,9,0.896,0.623,0.65,0.5,-0.201,0.309,0
596,45,1,12,0.723,0.554,1.142,0.5,0.585,-0.069,0
597,57,1,9,0.925,0.632,0.76,0.0,0.071,0.096,0
598,41,1,7,0.901,0.622,0.989,1.0,0.705,0.161,0
599,45,1,5,0.623,0.581,0.736,0.0,0.127,-0.078,0
600,63,0,11,0.81,0.411,0.609,0.25,0.214,0.173,0
601,71,1,3,0.778,0.59,0.404,0.25,0.107,-0.057,0
602,36,1,3,0.7,0.496,0.547,0.0,0.107,-0.096,0
603,49,1,3,0.752,0.602,0.586,0.5,0.359,-0.15,0
604,30,0,4,0.629,0.564,0.715,1.0,0.43,0.077,0
605,38,0,10,0.909,0.581,0.825,0.0,0.196,0.279,0
606,73,0,4,0.626,0.626,0.298,0.5,-0.028,-0.192,0
607,38,1,7,0.981,0.691,0.973,0.0,0.454,0.117,1
608,38,1,11,0.86,0.649,0.947,1.0,0.332,0.277,1
609,56,1,9,0.685,0.626,0.876,0.0,0.536,-0.193,0
610,32,1,8,0.924,0.529,0.966,0.25,0.372,0.181,0
611,50,0,12,0.915,0.534,0.938,0.0,0.203,0.042,0
612,79,1,5,0.679,0.529,0.476,0.75,0.2,0.097,0
613,60,0,8,0.705,0.5,0.573,0.0,0.093,0.042,0
614,64,0,10,1.042,0.638,0.714,0.5,0.147,0.269,0
615,56,1,8,0.715,0.609,0.685,0.0,0.339,-0.012,0
616,54,1,9,0.997,0.622,0.854,0.0,0.552,0.368,0
617,80,1,9,0.792,0.688,0.615,0.0,0.207,0.237,0
618,68,0,4,0.731,0.66,0.705,0.0,-0.069,0.031,0
619,51,1,9,0.971,0.503,0.498,0.25,0.108,0.349,0
620,45,0,12,1.206,0.458,0.775,0.0,0.271,0.347,0
621,73,0,11,0.705,0.54,0.852,0.5,0.352,-0.05,0
622,48,0,9,0.785,0.544,0.73,1.0,-0.019,-0.027,0
623,81,1,9,0.753,0.554,0.681,0.5,-0.001,0.051,0
624,62,1,8,0.844,0.727,0.475,0.0,-0.008,-0.082,0
625,58,0,9,1.046,0.543,0.713,0.0,0.125,0.259,0
626,38,0,8,0.936,0.473,0.71,0.5,0.366,0.217,0
627,56,1,3,0.777,0.605,0.74,0.5,0.228,-0.011,0
628,76,1,10,1.009,0.523,0.7,0.0,0.298,0.321,0
629,49,0,10,0.957,0.51,0.939,0.0,0.625,0.353,0
630,66,1,6,0.656,0.599,0.708,0.5,0.458,-0.145,0
631,34,1,7,0.864,0.585,0.548,0.5,0.006,0.143,0
632,63,1,3,1.015,0.639,0.55,0.0,0.211,0.439,0
633,50,0,6,0.675,0.485,0.832,0.0,0.206,-0.039,0
634,68,0,6,0.924,0.545,0.432,0.0,0.032,0.222,0
635,44,0,7,0.83,0.612,0.683,0.5,-0.098,0.068,0
636,49,1,8,0.646,0.534,0.779,0.0,0.35,-0.158,0
637,34,1,10,0.861,0.546,0.828,0.0,0.426,0.078,0
638,79,0,11,0.923,0.493,0.997,0.0,0.674,0.278,0
639,52,0,12,0.854,0.496,0.961,0.0,0.718,-0.059,0
640,63,0,4,0.796,0.537,0.668,0.0,0.263,-0.088,0
641,68,0,11,1.091,0.533,0.961,0.0,0.673,0.391,1
642,56,1,5,1.028,0.486,0.71,0.5,0.017,0.249,0
643,54,1,7,0.883,0.467,0.678,0.0,-0.038,0.148,0
644,36,0,10,1.05,0.564,0.799,0.25,0.269,0.362,0
645,42,1,3,0.931,0.546,0.504,0.25,-0.089,0.017,0
646,31,0,12,0.669,0.492,0.978,0.5,0.395,-0.031,1
647,77,0,7,0.733,0.525,0.568,0.5,0.068,0.073,0
648,66,1,3,0.95,0.748,0.787,0.5,0.32,0.16,0
649,66,0,9,0.911,0.563,0.674,0.0,0.533,0.21,1
650,62,0,6,0.661,0.599,0.681,0.25,0.342,0.029,0
651,50,0,4,0.794,0.468,0.361,0.75,-0.158,0.248,0
652,73,0,5,0.83,0.683,0.7,0.0,0.187,-0.041,0
653,50,0,5,0.869,0.567,0.972,0.75,0.414,-0.022,0
654,79,1,5,0.937,0.526,0.332,0.0,-0.354,0.137,0
655,39,1,4,0.842,0.54,0.558,1.0,-0.119,0.058,0
656,60,1,6,0.994,0.633,0.352,1.0,-0.077,0.165,0
657,32,1,6,0.7,0.628,0.837,0.0,0.664,-0.117,0
658,39,1,10,0.765,0.422,0.957,0.0,0.362,0.023,0
659,32,1,11,1.064,0.451,0.661,0.0,0.424,0.487,0
660,30,0,11,0.982,0.62,1.007,0.75,0.474,0.248,0
661,50,1,9,0.849,0.611,0.798,0.0,0.333,0.27,0
662,53,0,11,1.119,0.604,0.978,0.5,0.838,0.255,0
663,60,1,4,0.879,0.711,0.618,0.25,-0.105,0.168,0
664,61,1,3,0.7,0.698,0.425,0.0,0.324,-0.176,0
665,79,1,12,0.805,0.485,0.897,0.25,0.631,0.16,0
666,68,0,7,1.04,0.7,0.535,0.5,0.212,0.392,0
667,53,1,10,1.005,0.426,0.836,0.5,0.483,0.452,0
668,64,1,12,1.074,0.614,0.7,0.0,0.076,0.239,0
669,32,0,8,0.797,0.632,0.528,0.5,-0.036,-0.033,0
670,46,1,9,0.807,0.549,0.687,0.0,0.135,0.08,1
671,56,1,12,1.055,0.541,0.914,0.75,0.376,0.421,0
672,40,0,12,0.916,0.54,0.744,0.5,0.282,0.225,1
673,64,1,4,0.741,0.52,0.769,0.0,0.389,0.213,0
674,46,0,5,0.902,0.585,0.548,0.0,0.315,0.089,0
675,78,0,9,0.862,0.619,0.474,0.0,0.152,0.296,0
676,33,0,10,0.93,0.462,0.727,0.0,0.27,0.043,0
677,53,0,5,0.85,0.558,0.828,0.0,0.099,0.108,0
678,48,1,6,0.982,0.496,0.885,0.0,-0.091,0.328,0
679,54,0,7,0.929,0.48,0.633,0.0,0.139,0.281,0
680,63,0,7,1.0,0.464,0.449,0.0,-0.23,0.073,0
681,37,0,11,1.053,0.422,0.744,1.0,0.748,0.486,0
682,73,0,7,0.916,0.593,0.803,0.0,0.378,0.245,1
683,79,1,5,0.987,0.664,0.889,0.0,0.408,0.221,0
684,53,1,9,1.087,0.511,0.654,0.25,0.067,0.47,0
685,79,0,10,0.893,0.464,0.764,0.0,0.133,0.339,1
686,59,1,12,0.994,0.656,0.689,0.0,0.033,0.295,1
687,33,1,5,0.812,0.607,0.438,0.0,-0.044,-0.021,0
688,68,0,9,0.869,0.611,0.718,0.0,0.322,0.071,0
689,42,1,6,0.723,0.639,0.583,0.0,0.067,-0.309,0
690,51,0,9,1.032,0.582,0.744,1.0,0.133,0.143,1
691,62,1,5,0.797,0.452,0.778,0.0,0.323,0.087,1
692,44,0,10,0.7,0.591,0.917,0.5,0.622,0.03,0
693,40,1,8,0.779,0.584,0.77,0.75,0.337,-0.027,0
694,41,1,7,0.845,0.507,0.482,0.25,-0.203,0.053,0
695,66,0,4,0.914,0.7,0.576,0.0,0.066,0.226,0
696,53,1,10,0.865,0.504,0.788,0.75,0.135,0.226,0
697,72,1,12,1.072,0.58,0.617,1.0,0.078,0.191,1
698,38,0,8,0.887,0.672,0.965,0.0,0.508,0.354,0
699,70,1,8,0.794,0.704,0.707,0.5,0.046,0.207,0
700,78,1,12,0.849,0.592,1.178,1.0,0.725,0.149,1
701,72,0,8,0.824,0.582,0.878,0.0,0.481,-0.113,0
702,73,0,5,0.8,0.624,0.5,0.0,0.005,0.169,0
703,53,0,9,1.039,0.436,0.792,0.5,0.365,0.426,0
704,56,0,3,0.641,0.747,0.399,1.0,-0.111,-0.027,0
705,81,1,8,0.836,0.482,0.622,0.0,0.025,0.173,1
706,47,0,6,0.594,0.758,0.538,0.0,-0.221,-0.155,0
707,82,1,7,0.558,0.586,0.577,0.25,0.339,-0.131,1
708,65,0,11,1.002,0.405,0.894,0.25,0.369,0.075,0
709,80,1,3,0.856,0.764,0.522,1.0,0.018,0.143,1
710,53,0,12,0.97,0.585,0.947,0.0,0.306,0.348,0
711,51,0,7,0.979,0.67,0.839,0.25,0.328,0.231,0
712,63,0,6,0.918,0.524,0.788,0.25,0.499,0.143,0
713,49,0,8,0.779,0.7,0.448,0.0,0.012,0.029,0
714,65,0,5,0.715,0.642,0.549,0.0,-0.234,-0.118,0
715,74,0,4,0.844,0.661,0.572,0.0,0.21,0.35,1
716,83,0,10,0.941,0.614,0.843,0.0,0.173,0.227,0
717,81,0,4,0.725,0.7,0.454,0.25,-0.452,-0.066,0
718,55,1,5,1.076,0.52,0.399,0.0,-0.301,0.228,0
719,56,0,7,0.766,0.598,0.912,0.0,0.421,0.081,1
720,82,0,3,0.7,0.559,0.318,0.25,-0.107,0.136,0
721,77,1,7,0.931,0.658,0.747,0.0,0.394,0.456,1
722,54,1,10,0.768,0.544,0.7,0.5,0.066,0.005,0
723,54,1,10,1.074,0.7,0.916,0.0,0.216,0.224,0
724,37,1,6,1.018,0.657,0.367,0.5,0.108,0.192,0
725,80,0,7,0.703,0.55,0.517,0.25,-0.329,-0.064,0
726,62,1,8,0.922,0.623,0.907,0.25,0.64,0.163,0
727,62,0,10,0.786,0.504,1.063,0.0,0.399,-0.136,0
728,83,1,12,0.901,0.582,0.996,0.0,0.431,-0.022,0
729,39,1,7,0.841,0.661,0.664,0.0,0.081,0.141,0
730,77,1,12,1.077,0.559,0.814,0.25,0.455,0.186,0
731,38,0,6,0.93,0.506,0.681,1.0,0.266,0.241,0
732,43,1,6,0.945,0.513,1.024,1.0,0.623,0.245,1
733,59,0,7,1.042,0.656,0.709,0.0,0.319,0.238,1
734,75,0,7,0.755,0.589,0.329,0.25,0.075,0.054,0
735,71,1,8,0.871,0.609,0.925,1.0,0.124,-0.064,0
736,55,0,4,0.934,0.639,0.464,0.75,0.173,-0.047,0
737,65,1,12,0.917,0.51,1.189,0.5,0.553,0.054,0
738,56,0,11,1.059,0.588,1.081,0.0,0.94,0.409,0
739,49,1,11,1.021,0.46,1.002,0.0,0.53,0.396,0
740,66,0,12,0.988,0.47,0.871,0.0,0.631,0.389,0
741,54,0,6,0.841,0.587,0.737,0.5,0.4,0.141,0
742,76,1,9,0.924,0.535,0.798,0.5,0.322,0.184,0
743,81,0,4,0.783,0.588,0.289,0.25,-0.005,0.102,0
744,39,1,4,0.893,0.678,0.621,1.0,0.141,0.169,0
745,55,1,10,1.227,0.58,0.974,0.0,0.817,0.466,1
746,48,0,3,0.657,0.742,0.594,0.0,0.065,0.188,0
747,75,1,8,0.776,0.613,0.847,0.0,0.367,0.079,0
748,55,1,10,0.854,0.478,0.443,0.25,0.292,0.347,0
749,33,0,3,0.888,0.861,0.617,0.5,0.284,-0.013,0
750,65,0,9,0.947,0.664,1.004,0.0,0.422,0.239,0
751,72,1,11,0.985,0.7,0.913,0.0,0.515,0.069,1
752,38,0,8,0.979,0.607,0.567,0.0,0.043,0.248,0
753,55,1,11,0.693,0.431,0.783,0.75,0.27,0.027,0
754,72,1,10,0.895,0.54,0.891,0.25,0.422,0.123,0
755,55,0,12,0.976,0.481,1.04,0.0,0.552,0.209,1
756,80,1,6,0.858,0.651,0.833,0.5,0.491,0.121,1
757,64,1,8,1.014,0.58,0.415,0.0,-0.029,0.054,0
758,69,0,11,1.011,0.526,1.175,0.0,0.993,0.112,0
759,48,0,4,0.745,0.63,0.709,0.5,0.175,-0.075,0
760,55,0,8,0.85,0.585,0.807,0.0,0.301,0.164,0
761,68,1,6,0.72,0.785,0.447,0.75,0.282,0.004,0
762,33,0,12,0.866,0.611,0.487,0.0,-0.064,0.124,0
763,34,1,7,0.667,0.596,0.562,0.5,0.092,0.068,0
764,68,1,8,0.772,0.52,0.777,0.0,0.346,-0.046,0
765,34,1,4,0.8,0.683,0.448,1.0,0.03,0.155,0
766,56,0,9,0.986,0.565,0.807,0.0,0.077,-0.054,0
767,31,1,12,1.167,0.524,0.576,1.0,0.08,0.599,0
768,63,0,7,0.7,0.561,0.76,0.0,0.144,-0.314,0
769,56,0,4,0.701,0.551,0.467,0.75,0.017,-0.16,0
770,55,0,6,1.09,0.657,0.728,0.25,0.433,0.39,0
771,83,1,8,0.996,0.598,0.59,0.0,0.253,0.176,0
772,39,1,6,0.912,0.506,0.851,0.0,0.519,-0.072,0
773,50,0,3,0.723,0.591,0.598,1.0,0.211,0.074,0
774,33,1,11,0.956,0.622,0.984,0.0,0.284,0.136,0
775,47,0,12,0.954,0.533,0.776,0.0,0.357,0.094,0
776,53,1,12,0.895,0.57,0.999,0.75,0.433,0.219,1
777,57,0,9,0.834,0.607,0.915,0.0,0.633,-0.056,0
778,79,1,8,0.7,0.618,0.77,0.25,0.313,0.208,0
779,69,1,6,0.943,0.606,0.564,0.0,-0.102,0.097,1
780,43,0,10,1.046,0.7,0.538,0.25,0.435,0.298,0
781,64,1,8,0.892,0.354,0.415,0.0,0.071,0.051,0
782,77,0,11,1.223,0.695,0.844,0.75,0.453,0.474,0
783,70,1,11,0.829,0.56,1.079,0.5,0.667,-0.033,0
784,49,1,4,0.789,0.59,0.417,0.0,-0.365,0.04,0
785,48,1,12,0.843,0.559,1.073,0.75,0.404,0.036,1
786,76,0,8,0.673,0.602,0.923,0.0,0.842,0.069,0
787,42,0,5,0.712,0.7,0.797,0.0,0.345,-0.019,0
788,82,1,8,0.955,0.591,0.762,0.0,0.317,0.057,0
789,62,0,11,1.034,0.653,0.768,0.0,-0.071,0.186,1
790,45,1,10,0.952,0.47,0.687,1.0,0.029,0.379,0
791,33,0,4,0.798,0.571,0.741,0.0,0.189,0.034,0
792,31,1,11,0.809,0.566,0.828,0.25,0.807,0.043,0
793,62,1,5,0.705,0.561,0.617,0.0,0.09,-0.043,0
794,66,0,4,0.748,0.524,0.542,0.0,-0.031,0.057,0
795,55,1,4,1.033,0.617,0.735,0.25,0.25,0.012,0
796,84,1,11,1.028,0.542,1.071,1.0,0.572,0.396,0
797,81,0,7,0.7,0.613,0.747,0.75,0.584,0.021,0
798,70,1,6,0.88,0.472,0.728,0.0,0.517,0.112,1
799,33,0,7,0.861,0.542,0.637,0.75,0.507,0.161,0
800,78,1,4,0.591,0.54,0.768,0.25,0.364,-0.265,0
801,74,1,8,0.774,0.405,0.614,0.0,-0.016,0.074,0
802,62,1,8,0.794,0.635,0.83,0.75,0.376,-0.01,0
803,72,1,11,0.992,0.7,0.981,0.0,0.529,0.204,1
804,48,0,6,0.7,0.624,0.539,0.0,-0.102,0.019,0
805,56,0,7,0.782,0.57,0.766,0.5,0.149,0.082,0
806,60,1,5,0.881,0.683,0.669,0.0,0.252,-0.002,0
807,64,0,3,0.93,0.527,0.281,0.0,-0.201,0.253,0
808,82,1,3,0.795,0.649,0.802,0.0,0.315,-0.047,0
809,31,1,9,0.95,0.535,0.789,0.0,0.089,0.2,0
810,50,1,6,0.86,0.637,0.708,0.0,0.198,0.096,0
811,83,0,11,1.186,0.633,0.937,0.5,0.68,0.231,0
812,37,1,8,0.819,0.484,0.91,0.5,0.292,-0.009,0
813,73,0,3,0.881,0.558,0.478,0.5,-0.182,-0.053,0
814,68,1,5,0.713,0.573,0.502,0.0,-0.043,-0.023,0
815,77,0,6,0.641,0.661,0.655,0.0,0.276,-0.183,0
816,50,1,7,0.841,0.616,0.641,1.0,0.189,0.102,0
817,77,0,5,0.816,0.509,0.36,0.0,0.121,0.105,0
818,63,0,7,0.892,0.571,0.46,0.5,-0.261,0.204,0
819,59,0,8,0.889,0.673,1.16,0.0,0.442,0.094,0
820,83,0,6,0.868,0.731,0.573,0.25,0.218,0.302,0
821,36,1,12,1.075,0.352,1.047,0.0,0.744,0.123,0
822,72,1,12,1.039,0.583,1.202,0.0,0.849,0.339,0
823,76,1,12,1.138,0.544,0.758,0.5,0.095,0.317,0
824,67,1,4,1.012,0.649,0.727,0.25,0.19,0.148,0
825,61,0,11,0.953,0.52,0.77,0.0,0.463,0.193,0
826,34,0,12,0.959,0.575,1.031,0.25,0.456,0.462,0
827,34,1,12,1.039,0.539,0.788,0.25,0.3,0.271,0
828,32,1,3,0.823,0.688,0.623,0.25,0.294,-0.059,0
829,43,0,11,1.044,0.526,0.611,0.0,-0.115,0.115,0
830,58,1,11,1.126,0.561,1.084,0.0,0.57,0.399,0
831,62,1,9,0.969,0.59,0.874,0.25,0.43,0.269,1
832,77,1,3,0.836,0.605,0.593,0.5,-0.076,0.238,0
833,72,1,4,0.805,0.586,0.594,0.0,0.27,0.053,0
834,61,1,4,0.818,0.681,0.521,0.25,0.135,-0.042,0
835,70,0,11,0.832,0.741,0.759,0.0,0.015,0.166,0
836,62,0,8,0.703,0.593,0.839,0.25,0.282,-0.025,0
837,38,0,11,0.862,0.572,0.718,0.0,0.223,-0.19,0
838,59,0,5,0.903,0.54,0.489,0.75,0.067,0.183,0
839,58,1,3,0.802,0.59,0.245,0.0,-0.289,0.042,0
840,44,1,8,0.974,0.443,0.611,0.25,0.163,0.139,0
841,41,0,11,1.033,0.492,1.042,0.0,0.524,0.143,1
842,70,1,7,0.934,0.705,0.53,0.5,0.217,0.409,0
843,60,1,11,0.808,0.7,0.974,0.5,0.604,0.005,0
844,50,1,6,0.928,0.632,1.105,0.0,0.628,-0.098,0
845,82,1,3,0.734,0.743,0.616,0.25,0.226,0.165,1
846,73,0,12,1.079,0.63,0.774,0.5,0.216,0.462,0
847,68,0,8,0.694,0.62,0.692,0.0,0.356,-0.055,0
848,46,1,6,0.7,0.478,0.624,0.0,0.024,-0.108,0
849,54,0,10,1.002,0.546,0.942,0.25,0.396,0.191,0
850,70,0,4,0.84,0.578,0.711,0.0,0.325,0.06,0
851,82,0,10,0.964,0.652,0.572,1.0,0.146,0.374,1
852,40,0,9,0.899,0.565,0.981,0.0,0.016,-0.248,0
853,54,1,7,0.783,0.544,0.631,0.0,0.405,0.101,0
854,62,1,12,0.812,0.407,0.668,0.0,0.27,-0.005,1
855,39,1,6,0.783,0.8,0.831,0.0,0.39,-0.006,0
856,43,1,7,0.803,0.6,0.827,0.5,0.444,-0.02,0
857,45,1,6,0.859,0.438,0.638,0.0,0.252,0.105,0
858,71,1,7,0.728,0.487,0.743,0.0,0.235,-0.129,0
859,46,0,4,0.875,0.573,0.696,0.5,0.131,0.01,0
860,52,0,3,0.682,0.7,0.597,0.5,0.063,0.086,0
861,69,0,5,0.675,0.53,0.839,0.0,0.331,-0.184,1
862,39,0,5,0.736,0.555,0.923,0.0,0.346,0.017,0
863,63,1,6,0.979,0.7,0.632,0.5,0.197,0.069,0
864,54,0,9,0.669,0.474,0.76,1.0,0.442,0.038,0
865,58,1,6,0.964,0.508,0.56,0.5,-0.011,0.314,0
866,55,0,6,0.806,0.507,0.818,0.0,0.517,0.014,0
867,61,0,5,0.681,0.76,0.468,0.75,0.06,-0.203,0
868,70,0,6,0.801,0.654,0.876,0.25,0.546,-0.021,0
869,57,1,3,0.828,0.589,0.525,0.0,0.151,0.094,0
870,57,1,12,0.789,0.763,0.724,0.0,0.414,-0.173,1
871,32,0,11,1.025,0.511,1.045,0.5,0.583,0.115,0
872,84,0,9,0.816,0.473,0.528,0.0,0.156,-0.007,0
873,58,0,3,0.987,0.612,0.633,0.0,0.034,0.201,0
874,44,1,5,0.863,0.643,0.653,0.25,0.196,0.02,0
875,76,0,12,1.071,0.454,1.018,0.5,0.901,0.196,0
876,40,0,3,0.905,0.619,0.944,0.0,0.601,0.147,0
877,46,0,10,1.021,0.604,0.869,0.5,0.259,0.136,0
878,40,0,5,0.781,0.634,0.708,0.5,0.167,0.018,0
879,37,1,6,0.851,0.665,0.356,0.0,-0.169,-0.156,0
880,70,0,5,0.832,0.601,0.668,0.0,0.34,0.067,0
881,65,1,3,0.601,0.628,0.659,0.0,0.053,-0.176,0
882,73,0,8,0.896,0.517,0.685,0.0,0.479,0.193,0
883,63,1,3,0.852,0.589,0.809,0.5,0.291,0.168,0
884,53,1,3,0.857,0.739,0.66,0.0,0.242,0.163,0
885,67,1,6,0.681,0.66,0.476,0.75,0.015,-0.09,0
886,70,0,7,0.926,0.421,0.675,0.0,0.082,0.115,0
887,38,0,11,0.752,0.606,1.162,0.0,0.519,0.181,0
888,61,0,8,1.076,0.464,0.978,0.75,0.594,0.343,0
889,35,1,12,1.015,0.502,0.862,0.75,0.61,0.376,0
890,56,1,3,0.674,0.696,0.581,0.5,-0.008,-0.2,0
891,68,0,6,0.856,0.617,0.874,0.0,0.78,0.004,0
892,34,1,4,0.73,0.62,0.452,0.25,-0.095,0.014,0
893,48,0,9,0.984,0.518,0.78,0.5,0.136,0.159,0
894,68,1,9,0.983,0.474,0.7,0.5,0.036,0.187,1
895,82,0,4,0.696,0.656,0.353,0.5,0.049,-0.08,0
896,78,0,4,0.652,0.635,0.504,0.0,-0.063,-0.032,0
897,73,0,7,1.113,0.659,0.684,0.25,0.461,0.466,0
898,83,1,10,0.899,0.447,0.932,0.0,0.372,0.178,0
899,79,1,3,0.727,0.53,0.739,0.25,0.353,0.027,1
900,40,1,10,0.951,0.604,0.787,0.75,0.087,0.063,0
901,79,1,5,0.669,0.585,0.621,0.0,0.139,-0.316,0
902,65,1,6,0.7,0.578,0.822,0.0,0.629,-0.012,0
903,83,0,6,0.948,0.593,0.386,1.0,-0.279,0.117,1
904,77,1,5,0.763,0.538,0.756,0.5,0.056,-0.102,0
905,34,0,8,0.902,0.56,0.702,0.5,0.633,-0.183,0
906,74,1,9,0.871,0.508,0.861,0.25,0.736,0.135,0
907,75,1,8,1.001,0.558,0.919,0.0,0.575,0.247,0
908,38,1,12,1.261,0.399,0.851,0.0,0.302,0.56,0
909,68,1,10,1.024,0.606,0.843,0.0,0.572,0.103,0
910,35,1,10,0.886,0.652,0.941,0.0,0.546,0.177,0
911,34,0,8,0.691,0.482,0.935,0.0,0.485,-0.009,0
912,33,0,9,0.837,0.776,0.519,0.0,-0.088,-0.141,1
913,50,0,8,1.071,0.545,0.687,0.5,0.43,0.164,0
914,74,1,12,0.7,0.527,0.753,0.0,0.463,-0.143,0
915,81,1,9,0.842,0.67,1.153,0.0,0.736,0.019,0
916,64,0,9,0.977,0.61,0.817,0.25,0.334,0.233,1
917,33,0,3,0.872,0.648,0.7,0.0,0.026,0.122,0
918,84,1,5,0.94,0.603,0.556,0.25,0.014,0.191,0
919,46,0,3,0.939,0.656,0.585,0.5,0.03,0.13,0
920,83,1,8,1.119,0.567,0.516,0.0,-0.181,0.446,0
921,75,0,10,0.738,0.578,0.863,0.0,0.506,0.027,0
922,44,1,10,1.015,0.511,0.632,0.25,0.398,0.374,0
923,59,1,3,0.666,0.686,0.482,0.0,-0.373,-0.177,0
924,77,0,4,0.807,0.397,0.407,0.25,-0.215,0.097,0
925,61,0,9,0.863,0.629,0.623,0.0,0.297,-0.009,0
926,40,0,5,0.74,0.678,0.645,0.0,0.072,0.121,0
927,31,1,6,0.89,0.615,0.313,0.25,-0.151,0.27,0
928,72,0,4,0.943,0.686,0.326,0.0,-0.31,0.356,0
929,51,0,9,0.73,0.522,0.724,0.0,0.289,-0.009,0
930,69,1,11,0.93,0.458,0.734,0.0,0.429,0.198,1
931,67,1,4,0.91,0.63,0.795,0.0,0.222,0.178,0
932,34,1,10,1.001,0.42,0.684,0.0,-0.037,0.273,0
933,30,0,8,0.874,0.658,0.934,0.0,0.516,0.189,0
934,67,1,9,0.803,0.532,0.718,0.75,0.159,0.059,1
935,81,0,9,0.863,0.619,1.003,0.0,0.303,0.13,0
936,43,1,8,0.905,0.532,0.742,0.5,0.176,0.192,0
937,74,1,7,0.773,0.46,0.584,1.0,-0.042,0.165,0
938,61,0,9,0.928,0.566,1.034,0.5,1.114,0.407,0
939,41,0,4,0.903,0.632,0.655,0.25,0.083,0.153,0
940,46,0,10,0.713,0.65,1.078,0.5,0.792,-0.043,0
941,75,1,9,0.7,0.581,0.896,0.5,0.196,0.003,0
942,75,1,6,0.944,0.628,0.544,0.0,0.2,0.377,0
943,38,0,5,1.011,0.613,0.196,0.5,-0.06,0.288,1
944,80,0,4,0.623,0.62,0.536,0.75,0.228,-0.177,0
945,78,1,7,0.796,0.7,0.861,0.75,0.334,0.173,1
946,54,0,4,0.7,0.609,0.417,0.0,-0.161,-0.179,0
947,76,1,9,1.01,0.6,0.983,1.0,0.635,0.141,0
948,54,1,9,0.845,0.612,0.878,0.5,0.422,0.388,0
949,65,1,10,0.975,0.581,0.628,0.5,0.357,0.275,0
950,55,0,11,1.05,0.533,0.748,0.0,0.109,0.479,0
951,81,0,6,0.718,0.538,0.726,0.0,0.431,0.311,0
952,31,1,5,0.92,0.71,0.785,0.0,0.01,0.332,0
953,80,0,3,0.82,0.621,0.531,1.0,0.275,0.135,0
954,44,1,5,0.864,0.604,0.738,0.5,0.367,0.25,0
955,74,1,4,0.915,0.714,0.826,0.75,0.667,0.16,1
956,48,0,12,0.7,0.638,1.002,0.0,0.495,0.186,0
957,31,0,7,1.012,0.7,0.707,0.0,0.525,0.406,0
958,75,1,10,1.03,0.344,0.774,0.0,0.472,0.279,0
959,64,0,8,1.029,0.561,0.71,0.25,0.392,0.014,0
960,73,1,12,1.336,0.417,0.893,1.0,0.614,0.639,0
961,64,0,4,0.682,0.631,0.383,0.75,-0.076,-0.267,0
962,39,1,8,0.891,0.476,0.685,0.5,0.362,-0.113,0
963,32,0,9,0.919,0.696,0.988,0.0,0.432,0.068,0
964,63,1,8,0.854,0.672,0.915,0.5,0.32,0.247,0
965,30,1,10,0.841,0.581,1.126,0.0,0.321,0.132,0
966,45,0,10,0.747,0.605,0.633,0.75,0.129,0.079,0
967,82,0,9,0.759,0.619,0.562,0.75,0.336,0.042,0
968,33,0,8,0.864,0.439,0.53,0.0,0.183,-0.028,0
969,82,1,12,0.739,0.553,1.02,0.0,0.477,0.055,0
970,53,1,9,1.2,0.43,0.866,0.0,0.508,0.286,0
971,84,0,11,0.759,0.542,0.725,0.0,0.27,0.091,1
972,73,0,12,0.984,0.504,0.822,0.0,0.189,0.242,0
973,33,1,10,1.037,0.526,1.127,1.0,0.924,0.268,0
974,31,1,7,0.895,0.647,0.387,0.0,-0.155,0.374,0
975,60,0,11,0.797,0.585,0.77,0.25,0.093,0.356,0
976,73,0,6,0.679,0.721,0.7,0.25,0.075,-0.423,0
977,39,0,9,1.074,0.626,0.753,0.5,0.378,0.382,1
978,77,0,3,0.812,0.618,0.744,0.0,0.152,-0.142,0
979,76,1,4,0.86,0.555,0.818,0.0,0.405,-0.034,0
980,31,0,10,1.115,0.601,1.02,0.5,0.509,0.639,0
981,66,1,9,1.148,0.472,0.912,0.25,0.206,0.414,0
982,57,1,12,0.935,0.581,0.793,1.0,0.356,0.263,0
983,68,1,3,0.922,0.674,0.417,0.25,0.13,0.189,0
984,57,0,4,0.841,0.678,0.804,0.25,0.371,0.019,0
985,41,0,6,0.784,0.631,0.961,0.5,0.298,0.193,0
986,74,0,11,0.917,0.349,1.156,0.5,0.394,0.167,0
987,40,0,9,0.847,0.665,0.83,0.25,0.13,0.099,0
988,78,0,3,0.667,0.592,0.642,0.25,0.134,-0.003,0
989,51,1,12,1.051,0.441,0.945,0.75,0.155,0.106,0
990,38,1,4,0.7,0.457,0.749,0.0,0.392,-0.139,0
991,83,0,3,0.869,0.694,0.477,0.25,0.129,0.118,0
992,42,0,12,1.097,0.66,1.045,0.0,0.389,0.308,0
993,44,0,3,0.841,0.622,0.834,0.0,0.187,0.0,0
994,41,1,4,0.746,0.689,0.565,0.0,-0.137,0.129,0
995,52,0,10,0.926,0.46,0.725,1.0,0.192,0.218,0
996,64,1,10,0.984,0.58,0.879,0.25,0.371,0.213,0
997,39,0,3,0.939,0.636,0.488,0.0,0.148,0.152,0
998,81,0,6,0.922,0.644,0.672,0.25,0.15,0.05,0
999,80,0,3,0.824,0.57,0.655,0.75,0.112,0.168,0
1000,32,1,9,0.965,0.523,0.452,0.75,-0.118,0.144,0
1001,37,0,6,0.791,0.535,0.535,0.0,-0.185,-0.09,0
1002,49,1,5,0.728,0.457,0.281,0.0,-0.24,0.124,0
1003,46,0,10,0.94,0.62,0.889,0.0,0.554,0.349,0
1004,64,0,10,0.93,0.571,0.9,0.0,0.721,0.092,0
1005,70,1,9,1.084,0.7,1.201,0.75,0.639,0.426,0
1006,34,1,11,1.021,0.551,0.7,0.0,0.381,0.281,0
1007,80,1,12,0.834,0.473,0.727,0.0,0.155,0.08,0
1008,57,1,8,0.979,0.652,0.927,0.0,0.39,0.03,1
1009,48,0,10,0.867,0.706,1.078,0.75,0.244,0.013,0
1010,83,0,6,0.906,0.532,0.711,1.0,0.397,-0.144,1
1011,30,1,7,0.863,0.57,0.746,0.75,0.103,0.081,0
1012,70,0,10,0.863,0.608,0.902,0.5,0.614,-0.064,0
1013,53,1,7,0.948,0.61,0.865,0.0,0.227,0.315,0
1014,80,0,10,1.021,0.497,0.865,0.25,0.315,0.368,0
1015,68,1,9,0.912,0.49,0.694,0.75,0.357,0.199,1
1016,59,0,5,0.867,0.586,0.344,0.0,0.298,0.191,1
1017,75,0,7,0.904,0.585,0.772,0.25,0.325,0.031,0
1018,51,1,5,0.768,0.48,0.708,0.0,-0.024,0.02,0
1019,73,0,7,0.854,0.654,0.482,0.5,-0.117,0.145,0
1020,58,1,12,1.028,0.7,1.109,0.0,0.808,0.374,0
1021,51,1,4,0.765,0.531,0.572,0.0,0.153,0.186,0
1022,36,1,10,0.874,0.565,0.865,0.0,0.126,-0.08,0
1023,67,0,6,0.873,0.52,0.995,0.25,0.598,0.211,1
1024,75,0,10,1.041,0.652,0.951,0.5,0.409,0.28,1
1025,46,0,6,1.009,0.536,0.569,0.5,-0.057,0.126,0
1026,40,1,12,0.82,0.63,1.029,0.25,0.508,0.123,0
1027,67,1,4,0.83,0.72,0.697,0.0,0.067,0.029,0
1028,71,1,4,0.749,0.643,0.541,0.5,-0.004,0.127,0
1029,30,1,3,0.7,0.575,0.637,0.75,0.062,-0.068,0
1030,61,1,9,0.897,0.635,0.601,0.0,0.133,0.084,0
1031,61,0,4,0.941,0.687,0.65,0.5,0.089,0.322,0
1032,60,1,8,0.672,0.568,0.76,1.0,0.075,0.044,0
1033,52,1,4,0.86,0.59,0.875,0.0,0.527,-0.029,0
1034,53,1,10,0.838,0.604,0.769,0.0,0.671,-0.016,0
1035,36,0,12,0.765,0.617,1.047,0.0,0.399,-0.081,0
1036,43,1,12,1.101,0.476,1.033,0.0,0.674,0.451,0
1037,47,1,8,1.146,0.552,0.675,0.25,0.109,0.364,0
1038,71,0,10,0.948,0.605,0.698,1.0,0.13,0.196,0
1039,46,1,7,0.927,0.623,0.738,0.25,0.03,0.05,0
1040,30,1,3,0.607,0.545,0.667,1.0,0.068,-0.065,0
1041,64,0,5,0.872,0.716,0.584,0.25,0.363,-0.056,0
1042,67,1,7,0.824,0.545,0.7,0.0,0.178,-0.025,0
1043,78,1,6,0.904,0.347,0.656,0.0,0.358,0.442,0
1044,80,0,7,0.734,0.647,0.871,1.0,0.028,-0.071,1
1045,72,1,12,0.843,0.493,0.883,0.0,1.068,0.113,1
1046,40,1,11,1.033,0.581,1.106,1.0,0.687,0.303,0
1047,44,1,10,1.123,0.463,1.301,0.0,0.601,0.463,0
1048,70,1,10,0.914,0.7,0.935,0.5,0.361,0.168,1
1049,59,1,10,1.025,0.474,0.664,0.25,0.378,0.05,1
1050,75,0,7,0.987,0.594,0.862,0.25,0.51,0.286,0
1051,43,1,10,0.945,0.511,0.478,0.75,0.045,-0.0,0
1052,67,1,4,0.798,0.74,0.657,1.0,0.081,0.103,0
1053,46,1,3,0.972,0.726,0.581,0.0,0.468,0.356,0
1054,53,0,3,0.844,0.733,0.668,0.0,0.153,0.081,0
1055,83,1,3,0.91,0.635,0.255,0.0,0.12,0.305,0
1056,44,0,10,0.797,0.556,1.107,0.75,0.407,0.381,0
1057,84,0,7,0.842,0.592,0.824,0.25,0.343,0.2,0
1058,72,0,12,0.7,0.469,1.083,0.25,0.656,-0.057,0
1059,76,1,5,0.843,0.614,0.911,0.25,0.507,0.043,0
1060,84,0,9,0.981,0.709,0.649,0.0,-0.047,0.222,0
1061,80,0,5,0.924,0.648,0.287,0.0,-0.077,0.167,0
1062,50,0,4,0.913,0.652,0.687,0.5,0.173,0.304,0
1063,42,1,11,0.964,0.566,0.665,0.0,0.141,0.215,0
1064,56,0,4,0.69,0.7,0.771,0.0,0.217,-0.254,0
1065,53,0,4,0.844,0.705,0.792,0.75,0.412,-0.019,0
1066,56,0,6,0.798,0.605,0.738,0.5,0.241,0.092,0
1067,43,0,10,0.963,0.569,0.793,0.0,0.255,0.293,0
1068,48,0,9,0.957,0.714,0.878,0.25,0.26,0.294,0
1069,70,0,9,0.747,0.57,0.444,0.0,-0.027,-0.03,1
1070,39,0,9,0.941,0.551,0.818,0.0,0.489,0.027,0
1071,78,1,6,0.608,0.673,0.441,0.5,-0.208,-0.376,0
1072,30,1,11,0.919,0.613,0.731,0.0,0.243,0.014,0
1073,32,1,7,0.663,0.714,1.094,0.25,0.544,-0.088,0
1074,31,1,3,0.923,0.649,0.701,0.0,0.271,0.074,0
1075,52,0,10,0.864,0.604,0.871,0.0,0.367,0.152,0
1076,49,1,4,1.003,0.569,0.304,0.25,-0.365,0.271,0
1077,37,0,8,0.646,0.509,0.704,0.0,0.34,-0.215,0
1078,68,1,6,0.87,0.582,0.509,0.0,-0.065,0.174,0
1079,67,0,7,0.985,0.632,0.752,0.75,0.565,0.197,0
1080,82,0,8,0.826,0.46,1.083,0.75,0.617,0.126,0
1081,84,1,12,1.023,0.525,0.838,0.5,0.238,0.234,1
1082,58,0,12,0.905,0.606,0.843,0.0,0.515,0.207,0
1083,55,0,6,0.911,0.539,0.78,0.0,0.358,0.021,0
1084,38,0,6,0.664,0.631,0.817,0.0,0.197,-0.036,0
1085,73,0,9,0.762,0.589,0.703,0.0,0.153,-0.068,0
1086,41,1,11,0.991,0.665,0.782,0.0,-0.043,0.239,0
1087,40,1,9,0.913,0.529,0.849,1.0,0.136,0.027,0
1088,42,1,10,0.973,0.457,0.924,0.5,0.429,0.256,0
1089,84,1,4,1.013,0.821,0.197,0.0,-0.221,0.27,0
1090,80,0,11,0.7,0.482,1.048,0.0,0.501,-0.108,0
1091,42,1,10,0.649,0.547,0.798,0.25,0.065,-0.089,0
1092,30,0,5,0.857,0.61,0.535,0.0,0.146,0.028,0
1093,76,0,3,0.802,0.626,0.518,0.0,0.185,0.272,1
1094,47,0,12,0.977,0.677,1.178,0.25,0.846,0.08,0
1095,75,1,7,0.864,0.627,0.7,0.25,0.217,0.033,0
1096,74,1,8,0.835,0.432,1.05,0.25,0.833,0.135,0
1097,73,0,8,0.854,0.548,0.769,0.0,0.238,0.15,0
1098,68,0,9,0.885,0.516,0.475,0.0,-0.054,0.106,0
1099,52,0,6,0.686,0.586,0.58,1.0,-0.027,-0.014,0
1100,49,0,3,0.836,0.549,0.492,0.0,0.392,0.068,0
1101,84,0,10,0.93,0.575,0.496,0.0,-0.185,0.144,0
1102,82,0,10,0.881,0.397,0.789,0.25,0.243,0.239,0
1103,54,0,12,0.83,0.579,0.893,0.25,0.325,0.1,0
1104,35,1,7,0.862,0.554,0.645,0.5,0.293,-0.024,0
1105,84,0,12,0.949,0.423,1.032,0.75,0.332,0.304,0
1106,63,0,12,0.947,0.527,0.89,0.0,0.19,0.251,0
1107,40,1,8,0.652,0.644,0.888,0.0,0.424,-0.03,0
1108,30,1,6,0.833,0.635,0.647,0.5,0.298,0.101,0
1109,55,1,5,1.01,0.618,0.563,0.0,0.149,0.221,1
1110,82,0,7,1.012,0.583,0.611,0.0,0.045,0.394,0
1111,33,0,6,0.774,0.529,0.516,0.0,0.142,0.229,0
1112,80,0,11,0.942,0.491,0.7,0.25,0.268,0.244,0
1113,73,0,11,1.23,0.532,1.301,0.0,0.794,0.3,0
1114,71,1,8,0.79,0.599,0.707,0.0,0.067,0.081,1
1115,30,1,11,0.841,0.5,0.7,0.5,0.192,0.039,0
1116,79,1,5,0.856,0.507,0.646,0.0,0.48,0.142,0
1117,64,1,3,0.627,0.596,0.543,0.25,0.082,-0.199,0
1118,49,0,10,0.952,0.621,0.617,0.75,0.27,0.144,1
1119,35,1,11,0.759,0.708,1.008,0.0,0.619,-0.034,0
1120,84,0,5,0.877,0.554,0.563,0.0,0.188,0.17,1
1121,60,1,5,0.686,0.598,0.747,0.0,0.356,-0.181,0
1122,81,1,5,0.759,0.59,0.526,0.0,-0.015,0.179,1
1123,67,1,6,1.011,0.619,1.051,0.5,0.638,0.12,0
1124,49,0,7,0.641,0.7,0.515,0.25,-0.202,-0.186,0
1125,34,0,6,0.794,0.631,0.866,1.0,0.432,0.052,0
1126,77,1,9,0.991,0.68,0.634,0.25,0.478,0.218,1
1127,51,1,9,0.965,0.459,0.565,0.5,0.425,0.161,0
1128,56,1,8,0.85,0.59,0.819,0.0,0.247,0.183,0
1129,72,1,5,0.829,0.656,0.655,0.5,0.557,0.127,0
1130,81,1,5,0.828,0.483,0.537,0.0,-0.064,0.064,0
1131,56,1,12,1.075,0.477,0.911,0.0,0.57,0.19,0
1132,76,1,11,0.898,0.589,0.775,1.0,0.314,0.181,1
1133,38,0,10,0.936,0.716,0.608,0.0,-0.12,0.378,0
1134,63,1,10,0.728,0.598,0.928,0.5,0.512,0.097,0
1135,30,0,9,1.234,0.518,0.663,0.0,-0.037,0.345,0
1136,37,1,3,0.806,0.509,0.531,0.5,-0.255,0.032,0
1137,52,0,3,0.76,0.66,0.44,0.0,0.009,0.031,0
1138,73,0,8,0.98,0.531,0.476,0.25,-0.17,0.374,0
1139,63,1,8,0.924,0.567,0.794,0.25,0.518,0.241,0
1140,30,1,3,0.577,0.572,0.369,0.0,-0.037,-0.113,0
1141,56,1,8,0.881,0.557,0.804,0.0,0.294,0.11,0
1142,70,1,12,1.174,0.482,1.369,0.75,1.061,0.375,1
1143,31,0,4,1.231,0.58,0.647,0.0,0.13,0.366,0
1144,61,0,12,1.206,0.643,1.055,0.0,0.348,0.142,0
1145,80,1,5,0.753,0.609,0.739,0.5,0.313,-0.125,0
1146,70,0,4,0.936,0.577,0.525,0.0,0.133,0.085,0
1147,55,0,11,0.905,0.532,0.842,0.0,0.09,0.4,0
1148,77,1,6,0.866,0.537,0.577,0.0,-0.004,0.154,0
1149,64,0,10,0.854,0.395,0.74,0.0,0.3,0.106,0
1150,51,1,8,0.929,0.681,0.866,0.0,0.525,0.081,0
1151,80,0,8,0.978,0.543,0.299,0.0,-0.015,0.234,0
1152,65,1,11,0.832,0.58,0.903,0.0,0.418,0.063,0
1153,62,1,10,1.023,0.7,0.599,0.0,0.161,0.23,1
1154,45,1,8,0.999,0.747,0.628,0.0,0.047,0.096,0
1155,30,1,10,0.844,0.654,0.836,0.0,0.229,0.015,0
1156,40,0,9,0.872,0.671,0.716,1.0,0.211,0.109,0
1157,35,0,12,0.963,0.47,0.806,0.5,0.511,0.11,0
1158,62,1,9,1.01,0.568,0.689,0.5,0.489,0.124,0
1159,65,1,8,0.818,0.553,0.815,0.0,0.288,0.255,0
1160,81,1,11,1.004,0.51,0.99,0.0,0.466,0.382,0
1161,56,0,11,0.901,0.5,0.882,0.25,0.373,0.028,0
1162,48,0,4,0.824,0.53,0.682,0.5,0.119,0.098,0
1163,35,1,7,0.975,0.658,0.628,0.75,-0.043,0.261,0
1164,74,1,5,0.953,0.666,0.301,0.5,-0.427,0.128,0
1165,45,0,7,0.87,0.626,0.873,0.25,0.442,0.109,0
1166,65,0,7,0.82,0.674,0.754,0.5,0.197,-0.09,0
1167,77,1,5,0.813,0.459,0.844,0.0,0.433,0.018,0
1168,64,0,6,0.771,0.521,0.625,0.0,0.093,0.085,0
1169,82,0,3,1.011,0.655,0.491,0.25,-0.123,0.359,0
1170,40,0,7,0.713,0.558,0.346,0.25,-0.105,-0.134,0
1171,70,1,4,0.45,0.557,0.531,0.75,0.224,-0.308,1
1172,36,1,6,1.105,0.471,0.891,0.0,0.279,0.268,0
1173,66,0,9,1.097,0.549,0.822,0.25,0.311,0.258,0
1174,56,1,7,0.981,0.516,0.81,0.5,0.323,0.255,0
1175,52,1,11,0.89,0.636,1.099,0.5,0.51,0.285,0
1176,33,0,8,0.92,0.577,0.579,0.0,-0.202,0.323,0
1177,53,1,11,1.044,0.754,1.068,0.0,0.828,0.506,0
1178,80,1,6,0.858,0.589,0.778,0.0,0.406,0.311,1
1179,60,0,3,0.855,0.687,0.536,0.0,-0.148,0.034,0
1180,32,0,3,0.823,0.479,0.65,0.0,0.023,0.148,0
1181,33,0,12,0.844,0.537,0.74,0.0,0.301,0.027,0
1182,55,1,11,0.876,0.513,1.056,0.0,0.526,0.405,0
1183,45,0,3,0.7,0.632,0.651,0.5,0.149,0.155,0
1184,73,1,11,1.117,0.544,0.662,0.75,0.329,0.449,0
1185,54,1,7,0.759,0.567,0.437,0.5,0.095,-0.072,1
1186,44,1,12,0.925,0.468,0.847,1.0,-0.091,0.371,0
1187,64,1,5,0.907,0.694,0.449,0.25,-0.202,0.276,0
1188,30,1,12,1.113,0.583,1.097,1.0,0.775,0.473,1
1189,31,1,12,1.027,0.512,0.951,0.0,0.064,0.529,0
1190,73,0,12,1.196,0.557,0.858,0.0,0.575,0.569,0
1191,50,0,11,0.929,0.382,1.235,0.5,0.479,0.333,0
1192,53,1,11,0.768,0.613,1.099,0.25,0.633,-0.257,0
1193,56,0,11,1.007,0.505,0.968,0.0,0.225,0.338,0
1194,57,0,11,1.107,0.627,0.618,0.0,0.303,0.269,0
1195,30,0,3,0.773,0.7,0.581,0.0,0.001,-0.229,0
1196,36,0,6,0.835,0.627,0.972,0.25,0.351,-0.052,1
1197,71,0,4,0.709,0.547,0.546,0.0,0.181,0.102,0
1198,58,0,5,0.889,0.573,0.793,0.0,0.521,0.184,0
1199,66,1,12,1.029,0.419,0.7,0.0,0.409,0.25,0
1200,82,0,9,1.122,0.559,0.941,0.0,0.539,0.332,0
1201,58,1,3,0.933,0.612,0.717,0.25,0.456,0.137,0
1202,53,1,12,0.917,0.542,0.921,0.0,0.194,0.149,0
1203,54,1,10,0.852,0.449,0.751,1.0,0.326,0.222,0
1204,50,0,3,0.888,0.693,0.314,0.0,-0.127,0.106,0
1205,70,0,10,0.895,0.67,0.772,0.0,0.276,0.108,0
1206,78,1,9,1.0,0.597,0.877,0.75,0.482,0.326,0
1207,39,0,3,0.728,0.58,0.791,0.0,0.197,-0.048,0
1208,59,1,5,0.8,0.544,0.772,0.0,0.317,0.146,0
1209,74,0,5,0.808,0.622,0.962,0.0,0.632,0.081,0
1210,78,0,6,0.7,0.559,0.753,0.0,0.6,-0.136,1
1211,48,0,7,0.893,0.603,0.633,0.5,0.31,0.05,0
1212,53,0,9,1.113,0.62,0.967,0.5,0.69,0.446,0
1213,70,0,3,0.893,0.49,0.541,0.0,0.112,0.18,0
1214,77,1,4,0.724,0.63,0.878,0.5,0.172,0.084,0
1215,49,1,11,1.018,0.376,0.529,0.0,0.045,0.115,0
1216,69,1,9,0.798,0.47,0.703,0.5,0.322,0.115,0
1217,40,1,11,0.912,0.562,0.814,0.25,0.218,0.007,1
1218,84,1,10,0.786,0.532,0.802,0.0,0.102,0.114,1
1219,76,1,12,0.886,0.568,0.665,0.0,-0.018,0.172,0
1220,62,1,8,0.904,0.685,0.687,0.0,0.446,0.025,1
1221,35,0,9,0.931,0.583,0.964,0.0,0.264,0.242,0
1222,80,0,3,0.672,0.656,0.353,0.0,-0.15,-0.234,0
1223,61,0,12,1.026,0.604,1.125,0.0,1.025,0.452,0
1224,69,0,7,0.711,0.646,0.831,0.0,0.382,0.161,0
1225,36,1,5,0.565,0.515,0.444,0.0,-0.356,-0.183,0
1226,82,0,6,0.914,0.653,0.572,0.0,-0.013,0.308,0
1227,32,1,7,0.845,0.635,0.326,0.0,-0.168,0.079,0
1228,77,0,11,0.835,0.578,0.654,1.0,0.337,0.02,1
1229,71,1,6,1.102,0.574,0.744,0.0,0.481,0.33,0
1230,83,1,11,1.1,0.522,0.973,0.0,0.381,0.375,0
1231,76,0,9,1.086,0.673,0.524,0.0,0.339,0.336,0
1232,60,0,7,1.013,0.565,0.849,0.0,0.167,0.051,0
1233,73,1,4,0.757,0.571,0.675,1.0,0.071,-0.177,0
1234,63,1,12,1.104,0.737,0.881,0.5,0.421,0.301,1
1235,31,1,4,0.864,0.484,0.69,1.0,0.094,0.053,0
1236,74,0,5,0.914,0.564,0.288,0.25,-0.055,0.398,0
1237,33,1,11,0.971,0.555,0.64,0.0,0.392,0.358,0
1238,62,1,10,1.02,0.544,0.726,0.0,0.165,0.14,0
1239,55,0,5,0.738,0.673,0.695,0.0,0.112,0.038,0
1240,70,1,7,0.821,0.433,0.55,0.25,0.194,0.079,0
1241,50,1,6,0.951,0.63,0.323,0.75,-0.159,0.157,0
1242,44,1,9,1.011,0.546,0.992,0.75,0.746,0.097,0
1243,76,1,12,0.984,0.474,0.7,0.75,0.519,0.513,0
1244,60,0,10,1.127,0.611,1.01,1.0,0.284,0.54,1
1245,80,0,3,0.911,0.647,0.647,0.0,0.102,0.106,0
1246,84,1,6,0.688,0.57,0.393,1.0,0.072,-0.083,1
1247,35,1,5,0.778,0.688,0.548,1.0,0.374,0.06,0
1248,78,0,10,0.86,0.555,0.724,0.0,0.33,-0.071,1
1249,37,0,3,0.519,0.553,0.767,0.0,0.333,-0.438,0
1250,68,1,8,0.928,0.45,0.871,0.0,0.292,0.228,0
1251,66,0,4,1.108,0.542,0.643,0.5,0.055,0.508,0
1252,84,0,8,0.902,0.45,0.721,0.0,0.411,-0.016,0
1253,58,1,10,1.101,0.641,0.843,0.5,0.424,0.347,0
1254,54,1,11,0.858,0.687,1.01,0.75,0.043,0.275,0
1255,50,1,3,0.736,0.503,0.398,1.0,-0.302,0.057,0
1256,62,0,7,0.706,0.551,0.596,0.5,-0.091,-0.066,0
1257,82,1,3,0.679,0.58,0.784,0.0,0.29,-0.129,0
1258,31,0,10,1.002,0.579,0.672,0.0,0.584,0.198,0
1259,55,1,6,0.875,0.675,0.877,0.25,0.57,0.175,0
1260,38,1,6,1.003,0.458,0.781,0.0,0.01,0.294,0
1261,36,0,7,0.803,0.542,0.617,0.5,0.262,0.103,0
1262,76,1,8,1.134,0.561,0.516,0.75,0.06,0.337,0
1263,41,1,10,0.772,0.541,0.865,0.75,0.472,0.104,0
1264,31,0,5,0.879,0.709,0.744,0.75,0.26,0.208,0
1265,77,0,8,0.802,0.575,0.635,0.75,0.162,-0.007,0
1266,78,0,12,1.012,0.547,0.736,0.0,-0.003,0.136,1
1267,32,0,9,0.915,0.593,0.93,0.25,0.394,0.312,1
1268,53,1,8,0.732,0.463,0.894,0.5,0.48,-0.087,0
1269,50,0,8,0.911,0.526,0.394,0.0,0.079,0.206,0
1270,64,0,12,0.855,0.531,0.842,0.0,0.164,-0.042,0
1271,36,0,6,0.723,0.411,0.66,0.5,0.332,0.042,0
1272,55,0,10,0.981,0.482,0.812,1.0,0.256,0.37,0
1273,31,1,6,0.994,0.536,0.465,0.75,-0.2,0.268,0
1274,41,1,12,0.99,0.466,0.663,0.0,0.124,0.052,0
1275,41,1,9,0.95,0.685,0.779,0.75,0.337,0.153,0
1276,60,0,4,0.758,0.665,0.578,0.5,0.172,-0.063,0
1277,58,1,11,0.78,0.476,0.954,0.5,0.461,0.024,0
1278,83,1,6,1.123,0.427,0.668,0.5,0.18,0.321,0
1279,59,0,12,0.7,0.552,0.955,0.25,0.284,-0.081,1
1280,79,1,11,0.993,0.495,1.111,0.0,0.801,0.296,0
1281,40,1,9,0.98,0.498,0.932,1.0,0.472,0.14,0
1282,40,0,3,0.85,0.556,0.508,0.75,0.03,0.279,0
1283,64,0,3,0.929,0.587,0.669,1.0,-0.105,0.132,0
1284,37,1,11,0.934,0.493,1.075,0.5,0.697,0.07,0
1285,33,1,10,0.8,0.54,0.81,0.0,0.063,0.236,1
1286,63,1,6,0.951,0.7,1.01,0.25,0.483,0.137,1
1287,55,0,9,1.202,0.585,0.883,0.0,0.668,0.509,0
1288,45,0,7,0.722,0.594,0.31,0.25,-0.171,0.136,0
1289,32,0,4,0.792,0.637,0.479,0.0,0.071,0.276,0
1290,53,0,10,0.705,0.4,1.05,0.5,0.623,-0.282,0
1291,61,0,11,0.846,0.483,0.863,0.5,0.554,-0.008,0
1292,38,0,7,0.856,0.584,0.762,0.0,0.031,0.059,0
1293,37,1,10,0.961,0.591,0.773,0.0,0.377,0.052,0
1294,59,1,12,1.011,0.514,1.215,0.25,0.747,0.231,0
1295,40,1,7,0.934,0.627,0.528,0.5,-0.046,0.028,1
1296,67,1,6,0.675,0.527,0.604,0.25,-0.11,-0.184,0
1297,38,1,3,0.808,0.627,0.389,0.75,0.073,0.088,0
1298,77,0,6,0.688,0.61,0.416,1.0,-0.313,-0.116,0
1299,56,0,12,1.081,0.409,1.076,0.5,0.615,0.58,0
1300,59,1,12,0.943,0.548,0.915,0.0,0.579,0.181,0
1301,42,0,6,0.865,0.618,0.606,0.5,0.037,-0.153,0
1302,33,0,3,0.745,0.746,0.788,0.75,0.513,0.378,0
1303,57,1,10,0.874,0.513,1.01,0.5,0.568,0.167,1
1304,49,1,8,0.793,0.543,0.774,1.0,0.342,0.229,0
1305,65,0,8,0.64,0.583,0.424,0.0,0.041,-0.152,0
1306,51,1,3,0.514,0.639,0.694,0.25,0.532,-0.186,0
1307,67,1,8,0.878,0.678,0.731,0.5,0.394,0.176,1
1308,61,1,7,0.965,0.511,1.025,0.0,0.753,0.37,0
1309,78,0,3,0.694,0.396,0.551,0.75,0.215,-0.097,0
1310,35,0,12,0.929,0.615,0.828,0.5,0.493,0.191,1
1311,59,1,3,0.656,0.614,0.501,0.0,-0.056,-0.108,0
1312,80,1,4,0.704,0.583,0.8,0.0,0.522,-0.135,1
1313,44,0,3,0.946,0.739,0.665,0.0,0.199,0.198,0
1314,39,0,4,0.719,0.55,0.513,1.0,-0.213,-0.064,0
1315,65,1,7,0.964,0.655,0.629,0.25,-0.097,0.172,0
1316,39,0,11,0.798,0.58,0.49,0.5,0.203,-0.012,0
1317,76,1,8,0.902,0.518,0.655,1.0,0.191,0.175,0
1318,76,1,7,0.7,0.579,0.891,0.25,0.33,-0.116,0
1319,46,0,8,0.926,0.613,0.887,0.5,0.821,0.271,0
1320,33,0,6,0.843,0.588,0.689,0.75,0.193,0.057,0
1321,78,1,6,0.834,0.614,0.753,0.25,0.54,-0.047,1
1322,32,0,4,1.004,0.552,0.762,1.0,0.105,0.097,0
1323,60,1,5,0.882,0.604,0.422,0.0,0.017,0.17,0
1324,41,1,10,0.908,0.607,0.796,0.0,0.368,-0.155,0
1325,32,1,4,0.816,0.578,0.545,0.5,-0.045,0.335,0
1326,32,0,11,0.899,0.623,0.798,0.5,0.152,-0.044,0
1327,52,1,4,0.872,0.534,0.365,0.75,-0.172,0.28,1
1328,33,1,7,0.826,0.686,1.082,0.0,0.44,-0.056,0
1329,47,1,8,0.883,0.519,0.907,0.25,0.547,0.215,0
1330,75,0,6,0.855,0.532,0.712,1.0,0.219,0.207,1
1331,52,0,4,0.706,0.537,0.614,1.0,0.194,0.151,0
1332,62,0,6,1.042,0.559,0.604,0.0,0.285,0.178,1
1333,37,1,7,0.713,0.648,0.65,0.0,0.576,0.013,0
1334,31,1,10,0.7,0.637,0.954,0.0,0.468,0.147,0
1335,51,1,10,0.969,0.507,0.873,0.0,0.173,0.075,0
1336,47,1,7,1.005,0.589,0.89,0.0,0.596,0.389,0
1337,32,1,5,0.705,0.614,0.511,0.5,0.037,-0.02,0
1338,32,1,5,0.786,0.592,0.703,0.5,0.255,0.086,0
1339,34,0,12,0.956,0.607,1.077,0.5,0.636,0.426,0
1340,44,1,4,0.664,0.55,0.683,0.75,0.244,0.088,0
1341,70,1,6,0.734,0.601,0.636,0.0,0.266,-0.049,0
1342,47,1,6,0.789,0.547,0.828,0.0,0.146,0.241,0
1343,61,1,7,0.92,0.604,0.44,0.0,0.033,-0.008,1
1344,65,0,4,0.903,0.579,0.239,0.25,-0.489,0.191,0
1345,75,0,11,1.076,0.569,0.719,0.0,0.252,0.289,0
1346,64,1,7,0.879,0.577,0.51,0.0,-0.097,-0.09,1
1347,52,1,10,1.179,0.514,1.049,0.25,0.687,0.498,1
1348,68,1,4,0.814,0.548,0.418,1.0,-0.159,0.316,0
1349,44,1,3,0.918,0.557,0.338,0.0,-0.204,0.217,0
1350,61,1,5,1.007,0.533,0.827,0.5,0.132,0.091,0
1351,76,0,4,0.929,0.562,0.543,0.25,0.004,0.453,0
1352,63,0,6,0.966,0.54,0.858,0.0,0.324,0.102,0
1353,74,0,5,0.896,0.505,0.477,0.0,0.299,0.008,0
1354,61,1,9,0.971,0.618,0.716,0.0,0.378,0.169,0
1355,69,1,11,0.943,0.527,1.157,0.25,0.644,0.523,0
1356,81,1,7,0.967,0.479,0.584,0.0,-0.007,0.215,1
1357,66,1,10,1.009,0.555,1.295,1.0,0.82,-0.127,1
1358,60,0,9,0.889,0.487,0.701,0.0,0.317,0.193,0
1359,64,1,10,0.884,0.676,0.808,0.25,0.42,0.081,0
1360,40,1,7,0.901,0.608,0.584,0.25,0.081,0.115,0
1361,73,1,11,1.027,0.502,0.695,0.0,0.337,0.367,1
1362,83,0,5,0.722,0.531,0.461,0.0,-0.178,0.17,1
1363,44,1,4,0.697,0.598,0.627,0.25,0.397,0.042,0
1364,55,0,11,0.809,0.554,0.851,0.5,0.663,-0.103,0
1365,64,0,12,0.974,0.573,0.78,0.0,0.013,0.389,0
1366,58,1,12,0.871,0.636,1.314,0.75,0.964,0.226,0
1367,55,1,3,0.73,0.7,0.555,0.0,0.227,-0.13,0
1368,46,1,10,1.231,0.518,1.008,0.0,0.412,0.516,0
1369,66,1,12,1.127,0.598,1.176,0.0,0.959,0.594,1
1370,51,0,3,0.927,0.703,0.675,0.0,-0.022,0.223,0
1371,67,1,12,0.942,0.553,0.932,0.0,0.381,0.223,0
1372,34,1,6,0.814,0.595,0.558,0.25,0.159,0.157,0
1373,32,1,9,0.657,0.516,0.964,0.25,0.407,-0.187,0
1374,71,1,6,0.886,0.512,0.836,0.75,0.376,-0.037,0
1375,60,1,6,0.773,0.604,0.639,0.25,0.191,0.201,0
1376,47,1,5,0.63,0.669,0.738,1.0,0.319,-0.095,1
1377,73,1,3,0.625,0.634,0.431,0.0,-0.083,-0.197,0
1378,58,1,3,0.657,0.541,0.539,0.5,0.104,-0.06,0
1379,66,0,3,1.016,0.62,0.162,0.5,0.033,0.13,0
1380,74,0,12,1.09,0.651,1.125,0.0,0.565,0.072,0
1381,34,1,8,0.847,0.498,0.504,0.25,0.049,0.031,0
1382,50,0,7,0.932,0.508,0.642,0.0,0.017,0.347,0
1383,69,0,9,0.777,0.513,0.853,0.75,0.403,0.081,1
1384,64,0,3,0.521,0.743,0.341,0.5,0.017,-0.063,0
1385,53,1,4,0.636,0.548,0.489,0.5,-0.439,-0.141,0
1386,31,0,3,0.675,0.61,0.262,0.0,-0.294,-0.299,0
1387,72,0,11,0.917,0.662,0.7,0.0,0.204,0.353,0
1388,45,0,6,0.819,0.608,0.729,0.5,0.257,-0.036,0
1389,83,0,8,1.095,0.483,0.293,0.5,-0.275,0.496,1
1390,48,0,7,0.757,0.678,0.485,0.0,-0.344,-0.287,0
1391,55,1,12,0.928,0.543,1.101,0.0,0.716,0.29,1
1392,34,0,12,0.721,0.555,1.227,0.75,0.858,-0.199,1
1393,82,0,8,0.768,0.625,0.749,0.5,0.305,0.085,1
1394,61,1,4,0.716,0.642,0.535,0.0,-0.165,0.004,0
1395,74,0,12,0.7,0.645,0.998,0.0,0.496,-0.094,0
1396,42,1,8,0.86,0.657,0.513,0.0,-0.329,0.052,0
1397,36,1,3,0.778,0.693,0.466,0.0,0.388,0.189,0
1398,41,0,7,0.694,0.55,0.923,0.75,0.783,-0.008,0
1399,34,1,7,0.944,0.592,0.79,0.0,0.284,0.165,0
1400,62,1,12,0.935,0.279,0.661,0.0,0.198,0.21,1
1401,34,0,3,0.749,0.636,0.59,0.75,0.121,-0.035,0
1402,32,0,4,0.754,0.652,0.514,0.5,0.191,-0.031,0
1403,50,1,9,1.112,0.507,0.85,0.5,0.105,0.425,0
1404,40,1,3,0.67,0.594,0.805,0.25,0.642,-0.126,0
1405,34,0,4,0.988,0.599,0.672,0.5,0.251,0.214,0
1406,33,0,10,1.012,0.55,0.692,1.0,0.119,0.203,1
1407,64,0,3,0.852,0.637,0.7,1.0,0.247,0.27,0
1408,42,1,4,0.801,0.675,0.444,0.0,-0.003,0.178,0
1409,43,1,6,0.69,0.64,0.471,0.0,0.196,0.061,0
1410,35,1,6,0.596,0.682,0.461,0.25,0.082,-0.236,0
1411,30,0,11,0.93,0.718,0.801,1.0,0.279,0.349,0
1412,78,1,5,0.78,0.663,0.673,0.0,0.549,-0.129,0
1413,80,0,5,0.848,0.63,0.626,0.0,0.217,0.415,0
1414,39,0,7,0.868,0.578,0.733,0.25,0.082,-0.034,0
1415,73,1,8,1.085,0.621,0.611,0.0,0.088,0.302,1
1416,65,0,5,0.828,0.547,0.916,0.0,0.446,-0.027,0
1417,77,1,10,0.855,0.631,0.8,1.0,0.485,0.011,0
1418,52,0,12,1.22,0.676,0.71,0.0,-0.146,0.58,0
1419,59,0,9,0.7,0.611,0.973,0.0,0.729,0.032,0
1420,45,1,3,0.962,0.612,0.534,0.5,-0.151,0.324,0
1421,57,0,4,0.815,0.553,0.261,0.5,-0.078,-0.131,0
1422,66,1,9,0.658,0.561,0.663,0.5,0.352,0.131,0
1423,63,1,9,0.688,0.336,1.078,0.0,0.623,-0.112,1
1424,69,0,9,1.151,0.456,0.948,0.0,0.575,0.441,0
1425,75,1,5,1.0,0.646,0.273,0.0,-0.155,0.147,0
1426,61,1,6,0.695,0.525,0.7,0.5,0.468,0.093,0
1427,42,1,6,0.961,0.61,0.881,1.0,0.29,0.205,1
1428,45,0,7,0.863,0.475,0.68,0.0,0.266,0.067,0
1429,45,0,7,0.871,0.573,0.721,0.0,0.368,0.193,0
1430,31,0,6,0.736,0.638,0.637,0.0,0.144,0.059,0
1431,79,1,8,0.843,0.617,0.656,0.25,0.178,0.143,0
1432,73,1,5,0.652,0.643,0.859,0.0,0.228,0.027,1
1433,38,0,8,0.774,0.56,0.841,1.0,0.145,0.2,0
1434,67,0,3,0.777,0.572,0.736,0.0,0.414,0.119,0
1435,38,1,10,0.791,0.646,0.961,0.0,0.283,0.081,1
1436,80,0,6,0.617,0.691,0.895,0.0,0.458,0.091,1
1437,78,0,4,0.615,0.679,0.414,0.25,-0.231,-0.148,0
1438,73,1,6,1.031,0.644,0.804,0.25,0.473,0.343,0
1439,41,0,8,0.841,0.65,0.923,0.0,0.729,0.271,0
1440,73,0,6,0.817,0.457,0.647,1.0,0.048,0.059,0
1441,49,1,10,0.816,0.522,0.7,0.5,0.355,0.231,0
1442,82,1,6,0.805,0.584,0.75,0.0,0.475,0.065,1
1443,66,1,3,0.773,0.679,0.535,1.0,0.208,-0.014,0
1444,42,0,7,0.888,0.619,0.652,0.0,0.286,0.264,0
1445,83,1,4,0.663,0.52,0.285,0.0,-0.132,-0.132,0
1446,32,1,11,1.085,0.591,1.091,0.0,0.617,0.266,0
1447,50,1,6,0.781,0.623,0.841,0.25,0.573,-0.025,0
1448,57,0,4,0.807,0.614,0.617,1.0,-0.103,-0.13,0
1449,32,0,12,0.7,0.574,0.875,0.0,0.151,0.036,1
1450,34,1,5,0.828,0.656,0.43,1.0,-0.452,0.042,0
1451,70,0,3,0.817,0.702,0.724,0.5,0.123,0.215,0
1452,66,1,9,1.18,0.566,0.493,0.75,0.308,0.49,1
1453,73,0,4,0.843,0.771,0.653,0.5,0.0,0.17,0
1454,83,1,6,0.653,0.7,0.687,0.0,-0.08,-0.123,0
1455,84,0,10,0.982,0.497,1.071,0.5,0.701,0.225,0
1456,70,0,3,0.781,0.555,0.526,0.25,-0.049,0.057,0
1457,47,1,10,0.902,0.53,0.722,0.0,0.192,0.348,0
1458,55,0,8,0.909,0.615,0.643,0.0,0.27,0.091,0
1459,79,0,3,0.669,0.499,0.526,0.75,0.109,-0.162,0
1460,76,1,11,0.953,0.543,0.714,0.75,0.312,0.118,0
1461,83,1,10,0.959,0.578,0.768,0.25,-0.018,0.259,0
1462,50,1,8,0.693,0.525,0.701,0.0,-0.027,0.171,0
1463,84,0,11,0.947,0.68,0.7,0.5,0.121,0.094,0
1464,63,1,4,0.669,0.565,0.54,0.75,0.137,0.041,0
1465,77,0,9,0.717,0.639,0.818,0.0,0.182,-0.022,0
1466,66,0,8,0.953,0.663,0.516,0.25,-0.038,0.396,0
1467,67,1,9,0.7,0.606,0.84,0.75,0.18,-0.128,1
1468,67,1,10,0.917,0.468,0.777,1.0,0.249,0.274,0
1469,75,0,4,0.96,0.571,0.537,0.0,0.274,0.161,0
1470,52,1,9,0.714,0.592,0.759,0.5,0.461,-0.201,0
1471,37,0,8,0.864,0.589,1.048,0.25,0.439,0.079,0
1472,37,0,11,1.04,0.571,0.612,0.0,0.365,0.066,0
1473,62,0,4,0.887,0.522,0.388,0.0,-0.055,0.063,0
1474,78,0,6,0.7,0.486,0.729,0.25,0.18,-0.147,0
1475,68,0,3,0.724,0.537,0.733,0.25,0.052,0.095,0
1476,33,1,7,0.867,0.547,0.678,0.25,0.153,0.052,0
1477,81,0,3,0.93,0.606,0.209,0.5,-0.291,0.299,1
1478,66,1,9,0.859,0.477,0.662,0.5,0.575,0.177,1
1479,30,1,10,0.733,0.647,0.795,0.5,0.316,-0.0,0
1480,35,1,8,1.047,0.654,0.7,0.25,0.118,0.506,0
1481,49,0,3,0.842,0.668,0.609,0.0,0.168,-0.001,0
1482,30,1,11,0.964,0.621,0.981,0.5,0.469,0.27,0
1483,40,1,5,0.743,0.527,0.683,0.0,0.057,0.147,0
1484,73,1,3,0.666,0.613,0.515,0.75,0.03,-0.202,1
1485,47,1,8,0.7,0.472,1.147,0.25,0.615,-0.097,0
1486,83,1,11,0.832,0.589,0.944,0.0,0.513,-0.018,0
1487,39,0,9,0.801,0.58,0.579,0.75,0.057,-0.153,0
1488,63,0,6,0.746,0.596,0.355,0.75,-0.111,0.006,1
1489,38,1,5,0.811,0.575,0.856,0.0,0.625,0.146,0
1490,71,0,11,1.024,0.561,0.658,0.0,0.219,0.25,0
1491,37,1,10,1.202,0.575,0.978,0.25,0.465,0.329,0
1492,38,0,8,0.843,0.577,0.644,0.75,-0.114,0.084,0
1493,82,0,12,0.976,0.531,0.675,0.75,0.125,0.224,0
1494,59,0,11,0.971,0.498,1.076,1.0,0.649,0.131,0
1495,39,0,6,0.845,0.57,0.7,0.75,0.675,-0.119,0
1496,63,1,7,1.095,0.681,0.685,0.5,0.112,0.427,0
1497,78,1,10,0.884,0.606,0.77,0.0,0.414,0.094,1
1498,49,0,7,0.701,0.579,0.815,0.0,0.094,-0.146,1
1499,53,0,7,0.671,0.66,0.719,0.5,0.59,-0.17,0
1500,68,1,3,0.746,0.725,0.542,0.5,-0.016,0.013,0
1501,70,1,11,1.117,0.441,0.805,1.0,0.409,0.547,0
1502,75,1,9,1.003,0.61,0.7,0.75,0.465,0.083,0
1503,54,1,12,1.145,0.388,0.7,0.5,0.236,0.355,0
1504,73,0,3,0.783,0.709,0.817,0.5,0.422,-0.018,1
1505,81,1,5,0.95,0.7,0.562,0.25,0.076,0.411,1
1506,40,0,10,1.095,0.659,0.791,0.25,0.238,0.167,0
1507,68,0,11,0.988,0.47,0.971,0.5,0.452,0.15,0
1508,38,1,6,1.04,0.588,0.939,0.5,0.68,0.407,0
1509,49,0,6,0.837,0.579,0.74,0.0,0.462,-0.034,0
1510,48,0,4,1.009,0.657,0.482,0.0,-0.064,0.348,0
1511,71,1,12,1.073,0.505,1.145,0.0,0.718,0.399,0
1512,79,1,10,1.02,0.629,1.019,0.5,0.394,0.223,0
1513,66,0,7,0.735,0.516,0.857,1.0,0.294,0.02,0
1514,59,1,7,0.911,0.619,0.6,0.25,-0.091,0.232,0
1515,48,1,8,0.911,0.606,0.728,0.25,0.178,0.217,0
1516,60,0,3,0.77,0.693,0.624,0.0,0.046,0.083,0
1517,44,0,5,0.804,0.627,0.41,0.0,0.285,0.15,0
1518,30,1,6,0.812,0.58,0.714,0.0,0.157,0.083,0
1519,72,0,10,0.992,0.519,0.815,1.0,0.291,0.389,0
1520,64,1,5,0.837,0.5,0.554,0.0,0.139,0.07,0
1521,78,0,8,1.103,0.644,0.953,0.0,0.493,0.348,0
1522,52,1,4,0.979,0.669,0.776,1.0,0.195,0.279,0
1523,60,1,7,1.007,0.495,0.822,0.0,0.484,0.481,0
1524,51,0,12,1.051,0.504,0.812,0.0,0.488,0.319,0
1525,62,0,6,0.865,0.619,0.763,0.0,0.137,0.063,0
1526,75,0,5,0.747,0.571,0.772,0.0,-0.009,0.178,0
1527,43,1,6,0.946,0.679,0.717,0.0,0.138,-0.015,0
1528,41,0,12,1.105,0.403,0.852,0.0,0.241,0.303,1
1529,58,1,7,0.7,0.576,0.43,0.5,-0.025,0.0,0
1530,51,1,7,0.95,0.529,0.737,1.0,0.229,0.127,0
1531,81,0,8,0.716,0.613,0.909,0.0,0.313,-0.253,0
1532,47,0,10,0.892,0.58,0.897,0.0,-0.011,0.04,0
1533,84,1,6,0.913,0.654,0.63,0.5,0.226,-0.036,1
1534,69,1,9,0.7,0.54,0.65,0.0,0.363,-0.028,0
1535,55,0,4,0.686,0.619,0.599,0.0,0.244,-0.108,0
1536,45,1,6,0.894,0.488,0.819,0.5,0.488,0.194,0
1537,66,0,3,0.807,0.663,0.58,0.75,-0.024,-0.008,0
1538,68,0,6,1.037,0.577,0.809,0.0,0.528,0.375,0
1539,30,0,10,0.972,0.625,0.849,0.0,0.219,0.063,1
1540,76,0,3,1.094,0.63,0.691,0.0,0.065,0.403,0
1541,84,1,12,0.943,0.541,0.889,0.5,0.36,0.321,1
1542,68,1,11,0.968,0.627,0.862,0.75,0.389,0.376,0
1543,46,1,3,0.832,0.858,0.423,0.5,-0.005,0.051,0
1544,78,1,4,0.611,0.666,0.544,1.0,0.042,-0.176,0
1545,83,0,10,0.768,0.483,0.783,0.0,0.347,-0.24,0
1546,57,0,11,1.072,0.548,0.923,0.0,0.782,0.251,0
1547,30,0,4,0.897,0.563,0.581,0.5,0.003,0.192,0
1548,67,1,12,1.002,0.412,1.344,0.75,0.749,0.073,0
1549,47,0,5,0.861,0.577,0.56,0.25,-0.093,-0.055,0
1550,32,1,12,0.977,0.536,0.929,0.0,0.229,0.132,0
1551,79,0,4,0.678,0.645,0.672,1.0,0.245,0.081,0
1552,60,1,9,1.05,0.522,0.647,0.0,0.175,0.167,0
1553,63,1,11,0.87,0.457,0.917,0.5,0.491,0.016,0
1554,74,1,5,0.707,0.66,0.802,1.0,0.303,-0.042,1
1555,68,0,4,0.901,0.61,0.57,0.25,0.078,0.201,0
1556,69,1,4,0.673,0.648,0.396,1.0,-0.013,-0.004,0
1557,50,0,9,1.043,0.487,0.773,0.25,0.073,-0.028,0
1558,33,1,8,0.907,0.68,0.63,0.0,0.1,-0.091,0
1559,63,0,5,0.663,0.764,0.538,0.75,0.108,-0.046,0
1560,63,0,8,0.858,0.675,0.849,0.0,0.494,-0.067,0
1561,36,1,10,1.274,0.502,1.009,0.0,0.739,0.576,0
1562,48,0,4,0.753,0.629,0.798,0.5,0.297,-0.186,0
1563,63,1,8,0.749,0.739,0.695,0.0,0.373,0.069,0
1564,73,1,11,0.937,0.602,0.736,0.0,0.036,0.341,0
1565,69,0,8,0.792,0.606,0.905,0.75,0.702,0.024,0
1566,36,0,10,0.98,0.649,0.716,1.0,0.036,0.204,0
1567,57,0,7,0.927,0.534,0.538,0.0,-0.169,-0.056,0
1568,65,1,4,0.883,0.659,0.502,0.0,0.003,0.102,0
1569,83,1,12,0.752,0.493,0.905,0.0,0.478,-0.077,0
1570,48,0,10,0.899,0.62,0.952,0.25,0.279,0.134,0
1571,60,1,10,0.959,0.576,0.778,1.0,0.355,0.526,0
1572,67,1,12,1.145,0.498,1.017,0.75,0.581,0.347,1
1573,83,1,10,0.843,0.615,0.813,0.0,0.388,0.031,1
1574,55,1,6,0.854,0.415,0.675,0.0,0.25,-0.034,0
1575,71,0,12,1.024,0.586,0.639,0.0,0.105,0.242,0
1576,71,0,11,1.027,0.631,0.932,0.0,0.389,0.361,0
1577,60,1,5,0.827,0.596,0.461,0.0,-0.391,0.191,0
1578,46,0,10,0.984,0.566,1.021,0.0,0.316,0.21,0
1579,37,0,6,1.158,0.533,0.859,0.0,0.579,0.525,1
1580,76,0,5,0.7,0.539,0.555,0.25,0.036,-0.162,0
1581,44,1,10,1.021,0.586,1.028,0.25,0.596,0.239,0
1582,67,0,3,0.985,0.556,0.584,0.0,0.311,0.224,0
1583,79,1,7,0.698,0.707,0.63,0.0,0.077,-0.037,0
1584,83,1,8,1.056,0.607,0.654,0.5,0.354,0.368,1
1585,45,1,6,1.021,0.577,0.744,0.0,0.044,0.095,0
1586,49,1,3,0.768,0.581,0.524,0.0,-0.044,-0.003,0
1587,34,1,11,0.974,0.523,0.996,0.0,0.639,0.391,0
1588,75,0,8,0.905,0.584,0.817,0.25,0.094,0.21,0
1589,50,0,3,0.881,0.506,0.585,0.0,0.216,0.184,0
1590,36,1,9,0.703,0.592,0.772,0.0,0.523,-0.177,0
1591,75,0,5,0.827,0.673,0.42,1.0,-0.235,-0.025,1
1592,32,0,10,0.878,0.583,0.629,0.0,0.078,0.023,0
1593,65,0,11,1.031,0.492,0.897,0.25,0.612,0.272,0
1594,63,1,11,0.868,0.756,0.927,0.5,0.454,-0.004,0
1595,77,1,5,0.952,0.531,0.677,0.5,0.218,0.172,0
1596,31,1,3,0.792,0.463,0.615,0.0,0.095,0.092,0
1597,57,1,3,0.829,0.683,0.598,0.0,0.316,0.219,0
1598,62,0,10,1.044,0.56,0.803,1.0,0.438,0.097,0
1599,61,1,3,0.853,0.562,0.286,0.0,-0.427,0.048,0
1600,43,1,12,0.944,0.64,0.945,0.5,0.237,0.41,0
1601,36,1,4,0.747,0.547,0.63,0.75,0.141,-0.04,0
1602,64,1,8,1.054,0.651,0.718,0.0,0.686,0.253,0
1603,32,1,8,0.991,0.536,0.736,0.25,0.295,0.326,0
1604,51,1,8,0.717,0.592,0.697,0.0,0.194,-0.035,0
1605,55,1,4,0.677,0.624,0.683,0.5,0.197,-0.065,0
1606,51,1,7,0.832,0.634,0.711,0.0,0.217,-0.037,0
1607,35,1,12,0.952,0.559,0.817,0.75,0.345,0.341,1
1608,55,0,6,0.899,0.578,0.688,0.0,0.337,-0.002,0
1609,35,0,11,0.88,0.447,1.235,0.0,0.608,-0.085,1
1610,63,0,8,0.996,0.516,0.63,0.5,0.005,0.186,0
1611,58,1,12,0.7,0.581,0.926,0.25,0.719,0.066,0
1612,67,0,8,0.898,0.471,0.63,0.0,0.284,-0.024,0
1613,71,1,12,0.838,0.482,0.854,0.0,0.448,0.095,0
1614,78,0,7,0.979,0.575,0.914,0.0,0.507,0.237,0
1615,63,1,11,0.765,0.573,0.582,0.0,0.355,0.077,0
1616,82,1,8,0.595,0.45,0.565,0.25,0.12,-0.297,0
1617,59,0,4,0.825,0.677,0.735,0.0,0.112,0.036,1
1618,58,1,11,0.939,0.551,0.911,0.0,0.358,0.249,1
1619,32,0,12,0.873,0.579,0.7,0.0,0.389,0.095,0
1620,80,0,4,0.685,0.679,0.711,1.0,0.105,0.09,1
1621,41,0,5,0.743,0.664,0.669,1.0,0.168,-0.229,0
1622,41,1,8,1.057,0.498,0.924,1.0,0.395,0.401,1
1623,39,0,7,1.031,0.645,0.998,0.25,0.298,0.18,0
1624,64,0,8,0.918,0.659,0.7,0.0,0.052,0.285,0
1625,73,1,12,0.952,0.467,1.101,0.75,0.985,0.227,0
1626,52,0,7,0.928,0.488,0.566,0.5,0.088,0.069,0
1627,51,1,10,1.058,0.559,0.643,0.25,0.264,0.214,0
1628,80,1,7,0.727,0.639,0.494,0.5,-0.069,-0.026,0
1629,70,1,8,0.946,0.558,1.092,0.0,0.773,0.056,0
1630,35,1,5,0.885,0.502,0.607,0.0,0.262,0.204,0
1631,84,0,3,0.774,0.518,0.566,1.0,0.239,0.16,1
1632,76,1,8,1.045,0.554,0.797,0.25,0.361,0.366,1
1633,33,0,8,0.8,0.579,0.688,0.75,0.381,0.032,0
1634,77,1,8,0.84,0.554,0.793,0.0,0.206,0.085,0
1635,44,1,9,0.842,0.419,0.549,0.0,-0.047,0.192,0
1636,52,0,11,1.031,0.645,0.777,0.5,0.334,0.264,1
1637,39,0,9,0.839,0.659,0.788,0.5,0.775,0.177,0
1638,83,0,10,0.7,0.468,0.794,0.25,0.197,-0.027,0
1639,62,0,4,0.775,0.709,0.7,0.0,0.219,-0.089,0
1640,31,0,3,0.742,0.625,0.568,0.75,-0.147,0.083,0
1641,45,1,7,1.005,0.454,0.459,0.0,-0.248,0.291,0
1642,51,1,4,0.831,0.627,0.65,0.0,0.237,-0.014,0
1643,50,1,8,0.854,0.567,0.858,0.5,0.142,0.177,0
1644,77,0,11,1.085,0.427,0.995,0.5,0.56,0.358,1
1645,30,1,6,1.005,0.5,0.4,0.25,0.093,0.178,0
1646,36,1,8,0.798,0.631,0.641,0.0,0.295,-0.058,0
1647,79,1,4,1.014,0.519,0.422,0.0,-0.002,0.131,0
1648,39,0,11,0.773,0.405,0.797,0.75,0.197,0.171,0
1649,77,1,4,0.88,0.607,0.63,0.5,0.307,0.274,1
1650,32,0,6,0.7,0.685,0.67,1.0,-0.059,0.068,0
1651,39,1,10,0.969,0.558,0.81,0.25,0.049,0.254,0
1652,67,1,5,0.655,0.55,0.542,0.75,0.13,-0.165,0
1653,74,0,9,1.027,0.538,0.762,0.5,0.268,0.226,0
1654,80,1,11,0.971,0.369,0.95,1.0,0.348,0.145,0
1655,41,1,9,1.052,0.7,0.9,0.0,0.346,0.354,0
1656,66,1,8,0.821,0.396,0.536,0.25,0.143,0.102,0
1657,67,1,9,0.7,0.393,0.876,0.0,0.228,-0.012,0
1658,54,0,7,1.038,0.625,0.692,0.25,-0.004,0.22,0
1659,56,1,11,0.656,0.525,0.924,0.5,0.224,-0.37,0
1660,43,1,5,0.625,0.63,0.609,0.0,0.346,-0.041,0
1661,73,0,7,0.98,0.698,0.628,0.0,-0.072,0.248,0
1662,37,1,4,0.717,0.655,0.524,0.25,0.135,0.196,0
1663,45,0,6,1.015,0.573,0.705,0.0,0.363,0.334,0
1664,69,0,3,1.049,0.555,0.46,1.0,-0.044,0.293,0
1665,79,0,11,0.839,0.687,0.703,0.75,-0.053,0.196,0
1666,80,1,11,1.119,0.497,0.613,0.0,0.263,0.345,0
1667,48,1,11,0.792,0.484,0.774,0.0,0.446,-0.049,0
1668,32,1,6,0.906,0.559,0.732,0.0,0.377,0.188,0
1669,72,0,5,1.088,0.691,0.591,0.0,-0.093,0.254,0
1670,40,0,8,0.82,0.641,0.684,0.25,0.321,0.129,0
1671,60,1,11,0.843,0.626,0.742,0.75,0.368,-0.055,0
1672,61,1,5,0.7,0.642,0.368,0.0,-0.293,-0.046,0
1673,32,1,5,0.662,0.7,0.771,0.25,0.356,-0.014,0
1674,53,0,7,0.619,0.614,0.895,0.25,0.46,-0.215,0
1675,54,0,10,0.84,0.566,0.827,0.25,0.302,-0.101,0
1676,52,1,8,0.973,0.516,0.813,0.0,0.18,0.235,0
1677,64,0,10,0.964,0.507,0.839,1.0,0.307,0.264,0
1678,59,0,7,0.623,0.634,0.298,1.0,-0.372,0.088,0
1679,33,1,10,1.008,0.664,0.607,0.25,0.397,0.272,0
1680,43,1,7,0.744,0.579,0.899,0.0,0.428,-0.187,0
1681,31,0,11,0.962,0.541,0.7,0.75,-0.01,0.115,0
1682,54,0,4,0.581,0.548,0.627,0.0,0.119,-0.323,0
1683,78,0,6,0.75,0.667,0.853,0.0,0.216,-0.227,0
1684,65,1,6,0.842,0.589,0.48,0.75,-0.095,0.022,0
1685,34,0,10,1.008,0.684,1.056,0.5,0.654,0.038,0
1686,40,1,12,1.018,0.604,0.993,0.0,0.768,0.344,0
1687,31,0,3,0.817,0.706,0.621,0.0,0.141,0.201,0
1688,56,1,4,0.99,0.494,0.427,0.0,-0.179,0.249,0
1689,62,1,7,0.778,0.588,0.673,0.25,0.063,0.106,0
1690,37,0,9,0.814,0.582,0.689,0.25,0.2,0.021,0
1691,54,0,3,0.806,0.7,0.835,0.0,0.47,-0.004,1
1692,80,1,5,0.745,0.495,0.559,1.0,0.334,0.045,1
1693,31,0,4,0.7,0.602,0.647,0.5,-0.053,-0.016,0
1694,68,1,9,0.871,0.482,0.661,0.5,0.271,-0.048,0
1695,72,0,10,0.787,0.605,0.868,0.0,0.44,0.195,1
1696,58,1,8,0.759,0.688,0.859,0.0,0.472,-0.028,0
1697,48,1,4,0.922,0.509,0.701,0.0,0.274,0.301,0
1698,34,1,5,0.822,0.599,0.55,0.0,0.148,0.077,0
1699,79,0,8,0.797,0.509,0.737,0.25,0.184,0.026,0
1700,30,1,4,0.832,0.594,0.311,0.25,-0.077,0.23,0
1701,52,0,3,0.762,0.614,0.855,0.0,0.568,0.019,0
1702,50,1,7,0.975,0.713,0.647,0.75,0.159,0.329,0
1703,48,1,8,0.87,0.577,0.877,0.25,0.133,0.027,0
1704,73,1,9,0.86,0.462,1.132,0.0,0.409,0.142,0
1705,64,1,9,0.888,0.617,1.01,0.0,0.493,0.221,0
1706,71,1,5,0.753,0.538,0.779,0.0,0.517,0.15,0
1707,57,0,4,0.739,0.69,0.7,0.0,-0.167,-0.079,0
1708,30,0,10,0.716,0.668,0.52,0.0,0.014,0.0,0
1709,44,1,12,1.105,0.568,0.749,0.0,0.078,0.519,0
1710,33,1,10,0.731,0.512,0.515,0.5,-0.101,0.042,0
1711,59,1,3,0.812,0.672,0.486,0.25,-0.161,0.063,0
1712,55,1,9,0.769,0.565,0.907,0.0,0.57,-0.01,0
1713,53,0,11,0.768,0.543,0.781,0.25,0.323,0.063,0
1714,74,1,3,0.663,0.598,0.671,0.0,0.463,-0.076,1
1715,31,1,11,0.7,0.66,1.098,0.0,0.341,-0.235,0
1716,81,1,8,0.861,0.563,0.611,1.0,0.144,0.083,1
1717,80,0,7,0.7,0.616,0.716,0.0,0.269,-0.035,0
1718,82,0,11,0.871,0.54,1.049,0.5,0.482,0.177,0
1719,75,0,11,1.219,0.554,0.769,0.5,0.068,0.337,0
1720,63,1,7,0.848,0.633,0.716,0.0,0.378,0.208,0
1721,35,0,6,1.019,0.617,0.525,1.0,0.341,0.195,0
1722,37,0,9,0.993,0.514,0.973,0.25,0.662,0.287,0
1723,32,1,5,0.616,0.632,0.746,0.0,0.536,-0.141,1
1724,33,1,6,0.826,0.745,0.772,0.0,0.186,-0.129,0
1725,63,1,12,0.913,0.558,0.651,0.0,0.254,0.195,0
1726,78,1,5,0.606,0.582,0.491,0.5,0.205,-0.246,0
1727,38,0,7,0.714,0.555,0.713,0.0,0.462,-0.1,0
1728,84,0,10,1.036,0.426,1.006,0.25,0.561,0.208,0
1729,75,1,4,0.894,0.7,0.557,1.0,-0.101,0.142,0
1730,67,0,5,0.846,0.495,0.485,0.0,-0.22,0.109,0
1731,47,0,11,0.973,0.7,1.095,1.0,0.58,0.41,0
1732,76,1,3,0.819,0.674,0.7,0.0,0.104,-0.066,0
1733,39,1,8,0.958,0.61,0.786,0.0,0.437,0.175,0
1734,40,1,11,1.061,0.751,0.682,0.0,-0.018,0.25,0
1735,77,0,11,0.934,0.636,0.589,0.0,0.123,-0.049,0
1736,76,0,5,0.957,0.491,0.586,0.5,0.019,0.032,0
1737,32,0,12,0.921,0.553,0.625,0.0,-0.075,0.112,0
1738,64,1,7,0.762,0.473,1.012,0.0,0.392,0.038,0
1739,79,0,6,0.844,0.538,0.748,1.0,0.299,0.228,0
1740,67,1,11,1.003,0.493,1.123,0.75,0.977,0.344,0
1741,76,1,8,0.747,0.508,0.702,1.0,0.066,-0.019,1
1742,49,1,10,1.112,0.584,0.767,0.0,0.278,0.323,0
1743,82,1,12,0.7,0.644,0.791,0.5,0.197,-0.101,0
1744,63,0,4,0.923,0.545,0.914,0.0,0.47,0.218,0
1745,71,1,12,0.907,0.578,1.227,0.5,0.527,0.163,1
1746,80,1,4,0.79,0.492,0.52,0.0,-0.059,0.049,0
1747,66,0,6,0.769,0.556,0.409,0.0,0.204,0.052,0
1748,64,0,7,0.889,0.495,0.861,0.5,0.808,0.104,0
1749,75,1,6,0.976,0.66,0.443,0.0,0.223,0.461,0
1750,51,1,12,1.026,0.34,0.88,1.0,0.319,0.204,0
1751,59,0,9,0.859,0.7,0.631,0.0,0.455,-0.281,0
1752,41,1,3,0.72,0.567,0.545,0.5,0.001,-0.255,0
1753,74,0,11,0.901,0.355,0.7,0.0,0.218,-0.067,0
1754,73,0,9,1.085,0.469,0.772,0.5,0.099,0.248,0
1755,46,1,12,0.866,0.543,0.974,0.0,0.651,-0.098,0
1756,30,0,3,0.785,0.665,0.59,0.25,-0.091,0.29,0
1757,74,1,10,1.149,0.6,0.877,0.0,0.673,0.318,1
1758,30,0,12,0.881,0.543,0.741,0.5,0.445,0.157,0
1759,65,1,11,1.149,0.512,0.839,0.0,0.291,0.221,0
1760,35,0,9,1.052,0.589,0.964,0.5,0.589,0.455,0
1761,64,1,6,0.982,0.567,0.63,0.0,0.241,0.269,0
1762,36,1,9,0.866,0.606,0.743,0.0,0.33,0.092,0
1763,36,0,3,0.722,0.45,0.599,0.0,-0.163,-0.177,0
1764,84,1,5,0.77,0.534,0.732,0.75,0.464,0.282,0
1765,76,0,3,0.705,0.599,0.522,0.5,-0.029,-0.038,1
1766,84,0,8,1.03,0.7,0.613,0.0,-0.041,0.26,0
1767,57,1,10,0.95,0.587,1.067,0.25,0.644,0.196,1
1768,61,0,11,0.953,0.65,0.852,0.0,0.332,0.316,0
1769,67,0,12,0.847,0.487,0.813,0.0,0.332,0.195,1
1770,33,0,5,0.862,0.605,0.802,0.0,0.455,0.177,0
1771,35,1,5,1.007,0.628,0.45,0.25,-0.271,0.262,0
1772,31,1,4,0.872,0.658,0.534,0.0,0.04,0.259,0
1773,34,1,3,0.764,0.65,0.722,0.0,-0.131,-0.137,0
1774,45,1,8,0.946,0.649,0.914,0.0,0.322,0.0,0
1775,44,0,9,0.962,0.543,0.594,0.25,0.038,0.147,0
1776,49,1,10,0.774,0.608,0.93,1.0,0.582,0.016,0
1777,58,1,10,0.901,0.535,0.702,0.0,0.098,-0.051,0
1778,64,1,5,0.81,0.443,0.61,0.5,0.149,0.224,0
1779,38,0,4,0.773,0.55,0.564,0.5,0.118,-0.184,0
1780,61,0,6,0.835,0.519,0.563,0.5,0.058,0.103,0
1781,50,0,12,0.823,0.444,0.765,0.5,0.389,0.063,0
1782,42,1,7,0.855,0.53,0.688,0.0,0.457,0.089,0
1783,70,0,9,0.771,0.411,0.811,0.0,0.205,0.359,0
1784,84,0,9,0.767,0.588,1.203,1.0,0.621,-0.032,1
1785,71,0,5,0.789,0.537,0.899,0.75,0.427,0.101,1
1786,67,0,6,0.834,0.716,0.896,0.5,0.672,0.117,0
1787,70,0,9,1.01,0.592,1.118,1.0,0.737,0.295,0
1788,60,1,9,0.919,0.706,0.787,0.75,0.535,0.196,0
1789,35,0,6,0.929,0.48,0.74,0.0,0.152,0.126,0
1790,58,0,5,0.746,0.588,0.521,0.0,-0.247,0.051,0
1791,60,1,9,0.862,0.55,0.752,0.5,0.265,0.185,1
1792,47,1,6,0.978,0.623,0.909,1.0,0.364,0.313,0
1793,54,1,12,0.875,0.625,0.853,0.0,0.366,-0.022,0
1794,50,0,4,0.824,0.54,0.21,0.0,-0.4,-0.14,0
1795,69,0,10,0.971,0.625,0.766,0.0,-0.18,-0.026,0
1796,47,0,10,0.728,0.687,0.759,0.0,0.066,0.167,0
1797,83,0,12,1.025,0.563,0.948,0.5,0.46,0.433,0
1798,54,1,5,1.121,0.678,0.629,1.0,0.233,0.628,0
1799,49,1,7,0.88,0.66,0.731,0.25,0.144,0.191,0
1800,48,0,9,0.7,0.597,0.999,0.0,0.417,-0.134,0
1801,45,0,5,0.821,0.662,0.698,0.25,0.251,0.018,0
1802,65,1,11,0.945,0.419,1.02,1.0,1.129,0.204,0
1803,77,0,9,1.031,0.5,0.772,0.25,0.113,0.085,0
1804,38,1,4,1.053,0.6,0.435,0.25,-0.123,0.141,0
1805,73,0,6,0.665,0.508,0.337,0.0,0.095,-0.091,1
1806,64,1,4,0.812,0.7,0.563,1.0,0.352,0.08,0
1807,79,0,9,1.168,0.492,0.886,0.0,0.439,0.532,0
1808,75,0,12,0.932,0.454,1.095,0.5,0.898,0.23,0
1809,76,1,4,0.853,0.617,0.654,0.75,0.207,0.276,0
1810,58,0,6,0.828,0.654,0.491,0.0,0.201,-0.122,0
1811,30,1,3,0.869,0.566,0.593,0.75,0.327,0.015,0
1812,71,1,3,0.858,0.562,0.431,1.0,0.077,0.147,0
1813,42,0,11,1.118,0.584,0.755,0.0,0.31,0.236,0
1814,74,1,5,0.796,0.56,0.34,0.0,-0.005,0.184,0
1815,34,0,10,0.967,0.593,1.055,0.25,0.546,0.231,0
1816,30,1,7,0.804,0.633,0.702,0.0,0.132,0.046,0
1817,38,0,3,0.582,0.724,0.438,0.0,-0.039,-0.083,0
1818,41,0,8,1.012,0.627,0.988,0.0,0.561,0.314,0
1819,79,1,7,0.677,0.548,0.823,0.25,0.643,-0.264,1
1820,61,1,12,1.007,0.493,0.623,0.0,0.118,0.2,0
1821,59,1,8,1.036,0.437,0.837,0.0,0.152,0.194,1
1822,56,1,4,0.532,0.659,0.661,0.0,-0.039,-0.167,0
1823,33,1,9,0.812,0.468,0.742,0.0,0.392,-0.12,0
1824,57,0,10,1.02,0.536,0.614,0.5,0.236,0.37,0
1825,53,0,7,0.803,0.652,0.703,0.5,0.113,-0.16,0
1826,70,1,7,0.943,0.643,0.769,0.0,0.352,0.401,0
1827,46,1,10,1.016,0.58,1.035,0.0,0.494,0.337,0
1828,64,0,5,0.888,0.654,0.584,0.75,0.075,0.117,0
1829,47,0,5,0.696,0.556,1.015,0.0,0.625,-0.1,0
1830,84,0,6,0.94,0.64,0.998,0.0,0.395,0.177,0
1831,72,1,6,0.959,0.476,0.423,0.75,0.093,0.049,0
1832,52,0,9,0.752,0.606,0.783,0.0,0.133,0.094,0
1833,63,0,10,1.064,0.531,0.806,0.0,0.302,0.289,0
1834,52,1,4,0.851,0.533,0.12,0.0,-0.046,0.301,0
1835,53,1,11,1.009,0.54,0.794,0.0,0.153,0.281,0
1836,70,1,12,1.083,0.516,0.973,0.0,0.307,0.394,1
1837,39,0,6,0.918,0.326,0.648,0.75,0.081,0.012,0
1838,30,1,9,0.948,0.501,1.022,0.25,0.446,0.188,0
1839,84,1,12,1.098,0.7,1.152,0.5,0.822,0.283,0
1840,31,1,10,0.879,0.537,0.717,0.5,0.099,0.18,0
1841,31,0,12,0.7,0.586,1.174,0.0,0.605,-0.02,0
1842,78,1,7,0.7,0.57,0.776,0.0,0.571,0.209,0
1843,56,1,3,0.7,0.553,0.36,0.0,-0.34,0.064,0
1844,48,0,8,1.052,0.596,0.738,0.0,0.051,0.277,1
1845,84,0,7,0.831,0.587,0.806,0.25,0.415,0.156,1
1846,73,1,5,0.776,0.642,0.819,0.0,0.119,0.008,0
1847,83,1,4,1.007,0.631,0.828,0.0,0.478,0.289,0
1848,50,0,5,0.61,0.684,0.594,0.5,0.04,-0.118,0
1849,30,0,8,0.691,0.7,0.75,0.0,0.146,-0.016,0
1850,56,0,6,0.742,0.7,0.517,0.0,-0.078,0.277,0
1851,35,1,8,0.875,0.532,0.784,0.5,0.499,0.115,0
1852,81,1,7,0.663,0.596,0.68,0.0,0.573,0.126,0
1853,82,0,7,0.731,0.648,0.756,0.0,0.082,0.022,0
1854,56,1,5,0.708,0.649,0.782,1.0,0.304,-0.098,0
1855,70,1,8,0.77,0.515,0.608,0.5,0.118,0.154,0
1856,61,0,9,0.921,0.58,0.602,0.25,0.252,0.11,0
1857,75,1,12,1.068,0.657,0.736,0.5,0.243,0.288,1
1858,68,1,10,0.925,0.65,0.766,1.0,0.42,0.072,0
1859,54,1,11,1.004,0.639,1.156,0.0,0.518,0.332,0
1860,36,1,11,1.113,0.617,1.025,0.0,0.67,0.466,0
1861,57,0,6,0.83,0.655,0.808,1.0,0.456,-0.034,0
1862,50,1,3,0.849,0.595,0.59,0.75,0.336,0.421,0
1863,33,1,7,0.934,0.558,0.772,0.5,0.356,0.234,0
1864,73,1,6,0.638,0.714,0.831,0.0,0.426,-0.221,0
1865,54,1,5,0.725,0.587,0.635,0.5,0.141,0.216,0
1866,55,0,3,0.873,0.697,0.303,0.0,-0.114,0.218,0
1867,76,1,12,1.018,0.414,0.641,0.0,0.499,0.081,0
1868,74,0,4,0.781,0.54,0.683,1.0,0.259,-0.115,1
1869,35,0,8,0.932,0.597,0.842,0.0,0.364,0.27,0
1870,72,1,11,0.881,0.666,1.358,0.0,0.927,0.222,0
1871,66,1,7,0.755,0.506,0.424,0.0,-0.076,-0.02,1
1872,43,1,8,0.815,0.489,0.928,0.25,0.43,0.111,0
1873,39,1,4,0.73,0.587,0.617,0.0,0.486,0.08,0
1874,39,0,5,0.96,0.68,0.539,0.75,0.327,0.386,0
1875,41,1,6,0.844,0.7,0.719,0.25,0.189,0.174,0
1876,57,0,9,0.728,0.517,0.837,0.0,-0.081,-0.032,0
1877,79,1,4,0.884,0.646,0.486,0.0,-0.274,0.178,1
1878,57,1,6,0.974,0.463,0.586,0.0,-0.141,0.435,0
1879,32,1,12,0.954,0.638,0.949,0.0,0.32,0.053,0
1880,79,0,9,0.787,0.627,1.231,0.75,1.159,0.214,0
1881,45,1,4,0.697,0.66,0.432,0.5,0.106,0.094,0
1882,61,1,12,0.931,0.687,1.018,0.25,0.662,0.285,0
1883,67,1,6,0.802,0.633,0.459,0.0,-0.241,0.136,0
1884,45,1,7,0.7,0.543,0.631,1.0,0.191,-0.162,0
1885,43,1,10,1.013,0.499,0.817,0.0,0.654,0.223,0
1886,64,0,5,0.676,0.605,0.561,1.0,-0.096,-0.159,0
1887,68,0,7,1.064,0.607,0.656,0.0,-0.003,0.379,0
1888,38,0,10,1.062,0.39,1.228,0.5,0.8,0.392,0
1889,34,1,8,0.846,0.602,0.633,0.25,0.283,0.121,0
1890,84,1,4,0.847,0.575,0.771,0.0,0.226,-0.098,1
1891,77,1,11,0.869,0.4,0.883,1.0,0.291,0.232,0
1892,53,0,11,0.74,0.568,0.615,0.25,0.254,-0.096,0
1893,70,1,6,0.733,0.616,0.758,0.5,0.139,-0.112,0
1894,78,0,9,0.9,0.684,0.717,0.25,0.082,0.333,0
1895,50,1,6,0.996,0.597,0.573,0.0,0.022,0.357,0
1896,57,0,5,0.881,0.646,0.616,1.0,0.194,-0.087,0
1897,33,0,11,0.974,0.63,0.835,0.0,0.262,0.305,0
1898,30,1,6,0.7,0.754,0.67,0.5,0.081,-0.246,0
1899,65,0,11,0.807,0.589,0.754,0.25,0.252,0.043,0
1900,42,0,5,0.988,0.766,0.639,0.0,0.097,0.221,0
1901,67,1,12,1.087,0.685,0.963,0.5,0.324,0.232,0
1902,57,0,6,0.765,0.443,0.724,0.0,0.515,0.188,0
1903,36,1,5,0.649,0.506,0.972,0.0,0.742,0.049,0
1904,35,0,8,0.828,0.674,0.86,0.0,0.391,0.099,0
1905,33,1,6,0.865,0.728,0.685,0.0,0.283,0.042,0
1906,64,1,4,0.705,0.631,0.813,0.25,0.286,0.098,0
1907,51,1,10,0.814,0.455,1.065,0.25,0.742,-0.024,1
1908,68,1,12,0.887,0.492,0.871,0.0,0.649,0.078,1
1909,62,0,4,0.981,0.454,0.517,0.5,0.044,0.139,0
1910,42,1,8,1.069,0.589,0.396,0.25,-0.099,0.561,0
1911,66,1,6,0.986,0.575,0.61,0.0,0.007,0.042,0
1912,77,0,8,0.981,0.515,1.053,0.0,0.557,0.33,0
1913,78,0,11,0.736,0.52,0.68,0.5,0.083,-0.134,0
1914,81,0,5,1.086,0.497,0.486,0.0,0.102,0.281,0
1915,45,1,7,0.876,0.491,0.521,0.0,-0.07,0.113,0
1916,65,0,4,0.692,0.7,0.506,0.0,-0.103,-0.198,0
1917,49,1,9,0.967,0.591,0.745,0.75,0.269,0.196,0
1918,73,1,7,0.913,0.485,0.807,0.0,0.58,0.164,1
1919,68,1,5,0.84,0.54,0.83,0.0,0.405,-0.03,0
1920,77,1,8,0.967,0.575,0.775,0.0,-0.038,0.305,0
1921,60,1,4,0.721,0.734,0.59,0.0,0.161,0.058,0
1922,61,0,3,0.847,0.59,0.48,0.0,0.171,0.127,0
1923,78,0,12,1.077,0.581,0.905,0.5,0.607,0.29,0
1924,62,1,6,0.823,0.577,0.796,0.25,0.457,0.164,0
1925,37,1,11,0.841,0.566,1.02,0.0,0.764,0.071,0
1926,61,0,7,0.751,0.485,0.573,1.0,0.15,-0.179,0
1927,53,0,3,0.687,0.614,0.694,0.5,0.347,-0.046,0
1928,76,0,6,0.889,0.654,0.854,0.0,0.313,0.377,0
1929,67,0,10,1.013,0.591,0.547,0.5,0.235,0.096,0
1930,36,1,3,0.872,0.713,0.789,0.0,0.225,0.066,0
1931,54,0,3,0.777,0.483,0.7,0.25,0.403,-0.067,0
1932,55,0,11,1.249,0.506,0.961,1.0,0.692,0.649,0
1933,47,1,5,0.778,0.697,0.757,0.0,0.338,-0.121,0
1934,70,1,10,0.748,0.379,0.69,0.0,0.112,0.058,0
1935,60,0,6,0.859,0.519,0.832,0.0,0.345,-0.077,0
1936,75,1,11,1.024,0.483,0.743,1.0,0.323,0.491,1
1937,33,0,10,1.085,0.551,0.973,0.0,0.283,0.41,0
1938,41,0,10,0.9,0.595,0.637,0.0,0.231,0.085,0
1939,64,0,6,0.803,0.519,0.618,0.0,0.303,0.014,0
1940,42,1,11,0.881,0.7,0.767,0.0,0.167,0.191,1
1941,45,0,12,0.868,0.527,0.627,0.0,0.087,0.106,0
1942,71,1,5,0.719,0.606,0.518,0.5,0.28,-0.058,1
1943,76,0,9,0.924,0.477,1.024,0.5,0.571,0.172,1
1944,49,1,11,0.909,0.705,0.878,0.0,0.462,0.111,0
1945,76,1,10,1.132,0.527,0.891,0.0,0.413,0.512,0
1946,70,0,3,0.821,0.642,0.282,0.75,-0.097,0.112,0
1947,62,0,11,0.926,0.634,0.9,0.0,0.249,0.278,0
1948,35,0,9,0.817,0.436,0.937,0.5,0.45,0.301,0
1949,72,1,9,1.04,0.513,0.855,0.0,0.393,0.279,0
1950,78,1,9,0.97,0.516,0.661,1.0,0.209,0.18,1
1951,58,1,6,0.789,0.625,0.613,0.0,0.036,0.089,0
1952,53,1,5,0.787,0.509,0.889,0.0,0.48,-0.069,0
1953,68,0,4,0.765,0.699,0.494,0.25,-0.206,-0.07,0
1954,41,0,8,1.107,0.646,0.895,0.0,0.212,0.407,0
1955,70,1,7,0.822,0.44,0.789,0.0,0.594,0.159,0
1956,65,1,6,0.917,0.61,0.742,0.5,0.3,0.119,0
1957,80,0,12,1.005,0.485,1.117,0.75,0.922,0.173,1
1958,67,1,9,0.85,0.372,0.684,1.0,0.02,-0.048,0
1959,73,0,6,0.723,0.535,0.456,0.25,-0.145,0.098,0
1960,75,1,3,0.7,0.62,0.516,0.0,0.135,-0.221,0
1961,79,1,10,1.012,0.579,0.659,0.5,0.144,0.394,1
1962,69,1,7,0.855,0.481,0.834,0.0,0.51,0.187,0
1963,47,1,6,0.76,0.66,1.056,1.0,0.68,-0.105,0
1964,69,1,7,0.868,0.529,0.705,0.5,0.251,0.346,0
1965,49,1,6,0.655,0.662,0.725,0.0,-0.159,-0.126,0
1966,46,1,11,1.005,0.7,0.916,0.25,0.52,0.215,0
1967,47,0,9,0.904,0.661,0.726,0.75,0.223,0.03,0
1968,50,0,4,0.709,0.555,0.36,1.0,-0.389,-0.022,0
1969,72,0,5,0.756,0.5,0.501,0.25,0.155,0.111,0
1970,60,1,4,0.717,0.575,0.354,1.0,-0.075,-0.037,0
1971,57,0,8,0.97,0.511,0.893,0.25,0.193,0.25,0
1972,41,1,3,0.855,0.636,0.601,0.0,0.318,0.068,0
1973,65,0,6,0.633,0.611,1.022,0.25,0.548,-0.009,0
1974,57,0,10,1.003,0.672,0.719,0.25,0.433,0.066,1
1975,52,0,10,0.939,0.561,0.769,0.0,0.181,0.098,1
1976,72,1,12,1.143,0.676,1.018,0.25,0.554,0.484,1
1977,57,1,9,1.178,0.732,0.997,0.0,0.538,0.59,0
1978,57,0,6,0.809,0.807,0.409,0.0,-0.321,0.056,0
1979,54,0,3,0.734,0.713,0.367,0.25,-0.192,-0.172,0
1980,51,0,5,0.74,0.653,0.743,0.25,0.135,-0.194,0
1981,68,1,4,0.823,0.633,0.318,0.0,-0.007,-0.063,0
1982,64,1,6,0.891,0.476,0.44,0.0,-0.009,0.151,0
1983,41,1,5,0.86,0.519,0.381,0.0,-0.319,0.148,0
1984,56,0,5,0.828,0.704,0.745,0.0,0.278,0.089,0
1985,38,0,8,0.794,0.562,0.328,1.0,-0.379,-0.064,0
1986,72,1,7,1.008,0.576,0.622,0.0,0.332,0.154,0
1987,65,1,10,0.756,0.427,0.631,0.0,-0.041,0.15,0
1988,78,0,4,0.857,0.562,0.286,0.25,-0.046,0.135,0
1989,69,0,6,0.902,0.545,0.619,0.5,-0.068,-0.123,1
1990,79,1,6,0.729,0.71,0.828,0.0,0.367,0.226,0
1991,63,1,7,0.7,0.652,0.538,0.5,-0.105,0.07,0
1992,82,1,9,1.042,0.574,0.58,0.5,0.189,0.363,1
1993,84,1,7,0.722,0.444,0.507,1.0,0.201,0.044,1
1994,64,0,3,0.696,0.653,0.76,0.0,0.245,-0.052,0
1995,65,0,10,0.731,0.548,0.85,0.5,0.594,-0.196,0
1996,56,0,10,1.044,0.547,0.857,0.0,0.412,0.271,0
1997,69,0,6,0.668,0.706,0.7,0.25,0.193,-0.185,0
1998,57,0,8,0.739,0.578,0.741,0.0,0.151,0.009,1
1999,55,0,6,1.023,0.532,0.66,0.75,0.372,0.439,0
2000,42,1,5,0.821,0.627,0.563,0.0,-0.073,0.113,0
2001,67,1,6,0.808,0.555,0.617,1.0,0.606,0.031,0
2002,56,1,4,0.845,0.574,0.418,0.0,-0.104,0.145,0
2003,61,1,5,0.761,0.665,0.73,0.25,0.007,-0.191,0
2004,41,0,11,0.903,0.542,1.024,0.0,0.84,0.23,0
2005,84,1,6,0.962,0.63,0.969,0.0,0.571,0.232,0
2006,42,1,9,0.95,0.586,0.766,0.0,0.439,0.054,0
2007,66,1,9,0.97,0.557,0.868,0.0,0.24,0.272,1
2008,65,0,4,0.923,0.596,0.531,0.25,0.253,0.223,0
2009,55,0,3,0.717,0.65,0.72,0.0,0.264,-0.15,0
2010,58,1,6,0.751,0.57,0.522,0.75,0.0,0.054,0
2011,83,0,12,0.944,0.641,0.768,0.0,0.455,0.085,1
2012,73,1,10,1.055,0.544,0.7,0.0,0.369,0.241,0
2013,72,1,8,0.91,0.627,0.738,0.5,0.283,0.253,0
2014,73,1,6,0.928,0.664,0.702,0.25,0.159,0.192,0
2015,38,0,7,1.101,0.571,0.904,0.0,0.753,0.405,0
2016,51,1,9,0.928,0.629,0.627,1.0,0.435,0.228,0
2017,73,1,11,0.975,0.483,0.644,0.5,-0.31,0.196,0
2018,73,0,3,0.899,0.642,0.496,0.25,0.175,0.0,0
2019,73,1,3,0.923,0.568,0.613,1.0,-0.118,0.028,0
2020,48,1,5,0.91,0.679,0.675,0.0,0.07,0.206,0
2021,84,0,12,0.943,0.511,0.656,0.25,0.076,0.369,1
2022,77,0,3,0.983,0.633,0.514,0.75,0.023,0.42,0
2023,78,0,10,0.854,0.638,0.8,0.0,0.435,0.216,0
2024,55,1,9,0.959,0.631,0.998,1.0,0.581,0.113,0
2025,38,1,5,1.0,0.568,0.554,0.0,0.134,0.078,0
2026,78,1,3,0.739,0.771,0.614,0.5,0.088,-0.1,0
2027,72,0,10,0.697,0.619,0.999,0.0,0.735,-0.137,0
2028,40,0,5,0.864,0.521,0.791,0.25,0.411,0.11,0
2029,66,1,11,0.941,0.482,0.66,0.25,-0.06,0.29,0
2030,36,1,7,0.978,0.598,0.852,0.0,0.448,0.282,0
2031,68,0,7,0.879,0.596,0.7,0.25,0.331,0.276,0
2032,43,1,5,0.749,0.629,0.754,0.25,0.238,-0.107,1
2033,78,0,10,0.964,0.541,0.552,1.0,-0.145,0.225,0
2034,65,0,8,0.708,0.595,0.689,0.0,-0.044,-0.212,0
2035,68,1,3,0.815,0.631,0.501,0.0,-0.046,-0.014,0
2036,38,0,9,0.97,0.548,0.921,0.5,0.334,0.198,0
2037,62,0,12,0.739,0.376,1.174,0.0,0.866,0.101,0
2038,53,0,12,0.826,0.534,0.575,0.0,0.237,0.164,1
2039,33,0,11,0.871,0.635,1.147,0.25,0.473,-0.016,0
2040,44,1,5,0.699,0.605,1.092,0.0,0.202,0.059,0
2041,62,1,7,0.918,0.7,0.985,0.0,0.657,0.042,0
2042,52,1,11,1.049,0.393,1.143,0.0,0.704,0.12,0
2043,83,1,3,1.027,0.584,0.453,0.5,0.09,0.358,0
2044,51,0,7,0.728,0.624,0.823,0.75,0.358,-0.017,0
2045,57,0,9,0.854,0.583,0.637,0.0,0.066,0.168,0
2046,40,1,8,0.855,0.61,0.869,0.0,0.129,-0.076,0
2047,38,0,11,0.996,0.529,1.196,0.0,0.872,0.303,0
2048,30,0,5,0.856,0.745,0.635,0.0,0.236,0.081,0
2049,67,1,5,0.827,0.634,0.339,0.0,-0.159,0.079,0
2050,56,0,11,0.867,0.512,0.897,0.0,0.445,0.257,0
2051,66,0,9,0.91,0.442,0.557,0.5,0.028,0.113,0
2052,41,1,7,0.817,0.472,0.522,0.25,-0.185,-0.108,0
2053,30,1,7,1.011,0.581,0.571,0.0,0.19,0.248,0
2054,64,1,4,0.763,0.496,0.833,0.5,0.354,0.193,0
2055,32,0,10,1.024,0.741,0.62,0.0,-0.007,0.324,0
2056,42,0,12,1.112,0.527,0.881,0.0,0.358,0.254,0
2057,70,1,3,0.775,0.601,0.655,0.0,0.045,0.069,0
2058,31,0,10,0.634,0.623,1.0,0.0,0.577,0.036,0
2059,53,1,3,0.547,0.611,0.967,0.25,0.695,-0.153,0
2060,54,0,7,1.041,0.59,0.767,0.0,0.472,0.176,0
2061,59,0,11,0.866,0.533,0.7,0.0,0.0,0.138,0
2062,67,0,3,0.799,0.574,0.784,0.0,0.004,0.037,0
2063,49,1,10,1.146,0.539,0.878,0.25,0.178,0.31,0
2064,76,1,10,1.015,0.363,0.491,0.5,-0.149,0.203,1
2065,79,1,12,0.903,0.595,0.571,0.0,-0.248,-0.058,0
2066,69,1,11,0.732,0.382,1.184,0.5,0.549,-0.028,0
2067,63,1,12,1.159,0.576,0.765,0.0,0.552,0.382,1
2068,72,1,12,1.084,0.554,0.842,1.0,0.272,0.52,0
2069,71,1,7,0.7,0.687,0.727,0.0,0.309,-0.046,0
2070,45,0,12,0.949,0.345,0.938,0.75,0.219,0.312,0
2071,51,0,9,0.773,0.394,0.981,0.0,0.62,0.035,0
2072,44,1,5,0.943,0.633,0.664,0.25,0.144,0.287,0
2073,40,1,3,0.873,0.744,0.78,0.0,0.183,0.224,0
2074,50,1,3,0.471,0.59,0.526,0.5,-0.174,-0.252,0
2075,79,1,7,1.039,0.569,0.612,0.0,0.064,0.223,0
2076,43,0,4,0.668,0.54,0.567,0.5,0.169,-0.175,1
2077,54,1,3,0.544,0.557,0.237,0.75,-0.273,-0.161,0
2078,79,0,7,0.889,0.454,0.856,0.0,0.494,0.08,0
2079,70,0,6,0.976,0.64,0.603,0.0,-0.092,-0.045,0
2080,78,0,5,0.99,0.588,0.492,1.0,-0.328,0.26,0
2081,82,1,9,0.88,0.532,0.519,0.0,-0.102,0.218,0
2082,40,0,6,0.96,0.627,0.715,0.0,0.153,0.278,0
2083,58,0,6,0.863,0.553,0.7,0.0,-0.109,0.194,0
2084,64,1,6,0.741,0.574,0.325,0.75,-0.118,-0.092,0
2085,33,0,12,0.954,0.455,1.031,0.25,0.577,0.255,0
2086,36,1,6,0.768,0.562,0.83,0.0,0.216,0.204,0
2087,69,0,3,0.951,0.657,0.756,0.5,0.365,0.178,0
2088,31,1,5,0.794,0.629,0.792,0.25,0.491,0.012,0
2089,38,1,9,0.967,0.528,1.039,0.75,0.552,0.376,0
2090,33,0,10,0.927,0.394,0.753,0.0,0.55,0.107,0
2091,41,0,9,0.866,0.589,0.99,1.0,0.411,0.259,0
2092,50,1,6,0.75,0.599,0.768,0.0,0.383,0.085,0
2093,66,1,6,0.577,0.56,0.725,0.25,0.17,-0.333,0
2094,51,0,11,0.876,0.528,0.922,0.0,0.351,-0.098,0
2095,52,1,8,0.845,0.552,1.079,0.5,0.666,0.104,0
2096,33,1,7,0.904,0.645,0.889,0.0,0.345,0.132,0
2097,62,1,4,0.649,0.576,0.793,1.0,0.564,-0.119,0
2098,76,1,12,0.881,0.559,0.726,0.0,0.206,0.327,0
2099,58,1,10,1.046,0.622,0.679,0.0,-0.029,0.388,0
2100,71,1,10,0.876,0.688,0.841,0.5,0.295,0.132,0
2101,79,0,7,0.727,0.654,0.966,0.75,0.631,-0.206,0
2102,36,1,8,0.783,0.629,0.509,0.25,0.347,0.181,0
2103,32,1,7,0.665,0.547,0.602,0.0,0.145,-0.088,0
2104,61,0,11,0.885,0.453,0.848,0.0,0.778,0.292,0
2105,61,0,9,0.872,0.479,0.964,0.0,0.57,-0.014,0
2106,61,1,4,0.994,0.586,0.555,1.0,0.012,0.022,0
2107,33,1,8,1.003,0.557,0.882,0.25,0.115,0.417,0
2108,35,0,10,0.886,0.443,0.727,0.0,0.164,0.108,0
2109,62,0,12,1.002,0.527,0.812,0.0,0.372,0.209,0
2110,47,1,5,0.873,0.619,0.872,0.5,0.372,0.176,1
2111,61,1,3,0.688,0.695,0.719,0.0,0.359,-0.054,0
2112,35,1,7,1.054,0.501,0.603,0.25,-0.085,0.104,0
2113,64,1,5,0.737,0.669,0.563,1.0,-0.064,-0.057,0
2114,52,1,11,0.947,0.564,0.951,0.75,0.251,0.223,0
2115,68,0,10,1.077,0.559,0.768,0.25,0.37,0.342,1
2116,69,1,7,0.86,0.476,0.675,0.25,0.23,-0.059,0
2117,42,1,7,0.92,0.582,0.648,0.0,0.381,-0.015,0
2118,60,1,5,0.71,0.627,0.78,0.0,0.128,-0.018,0
2119,43,0,7,0.822,0.497,0.655,0.75,0.025,0.155,0
2120,77,0,12,1.062,0.654,1.004,0.75,0.563,0.284,0
2121,82,0,5,0.774,0.545,0.487,0.0,-0.15,0.153,0
2122,47,1,11,1.003,0.533,0.962,0.75,0.613,0.261,1
2123,47,0,11,0.952,0.661,0.935,1.0,0.254,0.006,0
2124,71,1,8,0.781,0.739,0.826,0.25,-0.035,-0.146,0
2125,80,0,4,0.658,0.604,0.572,0.5,-0.211,-0.221,0
2126,48,1,6,0.875,0.525,0.746,0.0,0.382,0.016,0
2127,79,1,4,0.678,0.598,0.586,0.75,0.075,0.163,0
2128,52,0,7,0.882,0.649,0.828,0.0,0.025,0.252,0
2129,68,0,6,0.731,0.653,0.377,0.0,-0.054,-0.311,0
2130,46,1,9,1.123,0.58,0.66,0.0,0.508,0.331,0
2131,54,0,11,0.814,0.7,0.899,0.25,0.464,0.02,0
2132,36,1,10,1.109,0.534,0.791,0.5,0.547,0.375,1
2133,43,1,10,0.752,0.577,0.76,0.0,0.578,0.052,0
2134,32,1,11,0.966,0.681,1.022,0.0,0.416,0.454,0
2135,56,1,11,0.972,0.65,0.7,0.5,0.26,0.203,1
2136,33,1,5,0.96,0.695,0.694,0.0,0.206,0.106,0
2137,60,1,5,0.661,0.501,0.711,0.0,0.391,-0.203,0
2138,50,1,11,0.977,0.622,0.935,0.0,0.366,0.337,0
2139,62,1,6,0.919,0.612,0.453,0.75,0.092,0.338,0
2140,44,0,6,0.923,0.507,0.782,0.0,0.781,0.094,0
2141,51,1,9,0.88,0.62,0.75,0.0,0.413,0.116,1
2142,52,0,4,0.781,0.542,0.706,0.0,0.346,0.15,0
2143,39,1,10,0.928,0.555,0.991,0.0,0.485,0.279,0
2144,67,1,4,0.81,0.697,0.495,0.0,-0.467,0.273,0
2145,59,1,5,0.836,0.583,0.529,0.0,0.35,0.234,0
2146,35,1,4,0.629,0.543,0.505,0.75,0.022,0.021,0
2147,79,0,5,0.806,0.542,0.806,0.0,0.479,0.137,1
2148,54,0,8,1.011,0.572,0.672,0.0,0.224,0.235,0
2149,63,0,6,1.023,0.485,0.684,0.0,0.284,0.193,1
2150,83,0,6,0.757,0.509,0.7,0.0,0.127,0.096,0
2151,39,1,4,0.818,0.575,0.566,0.0,0.332,0.144,0
2152,79,0,3,0.575,0.64,0.7,0.0,0.016,-0.22,1
2153,47,1,3,0.821,0.661,0.664,0.0,0.133,0.025,0
2154,34,0,5,0.7,0.68,0.542,0.0,-0.287,-0.012,0
2155,70,0,6,0.79,0.61,0.424,0.75,0.398,-0.003,0
2156,79,0,3,0.813,0.592,0.298,0.0,-0.261,-0.148,1
2157,76,0,4,0.877,0.642,0.672,0.0,0.203,-0.038,0
2158,61,0,8,0.779,0.566,1.062,1.0,0.719,0.218,0
2159,41,0,11,1.067,0.745,0.858,0.0,0.46,0.272,0
2160,79,1,6,0.737,0.527,0.56,0.25,0.168,-0.082,1
2161,60,0,9,0.803,0.649,0.656,0.5,0.134,0.084,0
2162,47,0,7,0.895,0.577,0.824,0.0,0.279,-0.038,0
2163,38,0,4,0.99,0.715,0.551,0.75,0.126,0.196,0
2164,72,1,5,0.873,0.701,0.81,0.75,0.608,0.268,0
2165,80,0,9,0.845,0.517,0.674,0.0,0.184,-0.016,0
2166,68,0,3,0.749,0.728,0.052,0.0,-0.34,-0.153,0
2167,69,0,5,0.591,0.709,0.493,0.0,-0.207,-0.273,0
2168,48,0,8,0.826,0.518,0.754,0.25,0.167,-0.037,0
2169,70,1,3,0.735,0.578,0.544,0.25,0.29,0.031,1
2170,40,1,3,0.845,0.647,0.604,0.0,0.107,0.194,0
2171,64,0,10,0.965,0.455,1.055,0.25,0.746,0.156,0
2172,37,0,10,1.07,0.59,0.7,0.5,0.291,0.273,1
2173,55,1,9,0.751,0.532,0.734,0.0,0.165,-0.035,0
2174,62,1,5,0.762,0.668,0.843,0.25,0.203,-0.01,0
2175,55,0,9,0.913,0.455,0.605,1.0,0.158,-0.014,0
2176,65,1,3,0.874,0.686,0.577,0.0,-0.126,0.015,0
2177,66,1,9,0.854,0.59,0.891,0.0,0.423,0.205,1
2178,31,1,5,0.748,0.694,0.334,0.0,-0.285,-0.149,0
2179,62,1,9,0.729,0.644,0.752,0.75,0.466,0.033,1
2180,56,0,5,0.65,0.788,0.742,0.0,0.08,-0.092,0
2181,51,0,10,1.18,0.593,0.594,0.0,0.25,0.672,0
2182,70,0,12,0.909,0.524,0.848,0.5,0.149,0.344,1
2183,50,0,6,0.852,0.552,0.836,0.25,0.243,0.083,0
2184,81,0,4,0.78,0.654,0.787,0.75,0.325,0.08,0
2185,70,1,11,0.897,0.612,0.63,0.0,0.008,-0.052,0
2186,43,1,7,0.7,0.501,1.032,1.0,0.74,-0.109,0
2187,79,0,5,1.018,0.597,0.887,0.5,0.494,0.222,1
2188,62,0,11,1.087,0.694,0.944,0.25,0.277,0.363,0
2189,63,0,8,1.181,0.625,0.858,0.25,0.548,0.543,0
2190,59,0,9,0.724,0.7,0.816,0.75,0.33,-0.037,0
2191,44,0,12,0.896,0.515,1.029,0.0,0.925,0.119,0
2192,61,1,12,0.805,0.62,0.818,0.0,0.356,0.029,0
2193,74,0,9,0.948,0.713,0.544,0.25,-0.007,0.282,0
2194,59,0,11,1.012,0.457,1.008,1.0,0.684,0.199,1
2195,76,1,6,0.881,0.689,0.487,0.5,-0.097,-0.001,0
2196,78,1,4,0.894,0.678,0.682,0.0,0.244,0.186,0
2197,82,0,3,0.65,0.643,0.444,0.0,-0.13,0.195,0
2198,79,0,5,0.846,0.475,0.563,0.0,0.055,0.058,0
2199,53,1,3,0.934,0.5,0.426,0.25,-0.267,0.059,0
2200,74,1,9,0.806,0.507,0.688,0.5,0.073,0.021,0
2201,64,0,11,0.978,0.562,0.702,0.0,0.043,0.278,0
2202,60,0,7,1.034,0.685,0.644,0.0,0.296,0.211,0
2203,30,1,10,0.81,0.51,0.821,0.0,0.586,0.172,0
2204,66,0,3,0.826,0.714,0.586,0.0,-0.09,0.088,0
2205,52,0,8,0.8,0.556,0.575,0.0,-0.034,-0.027,0
2206,39,1,7,0.805,0.506,0.626,0.0,0.087,0.112,0
2207,73,1,6,0.799,0.731,0.72,0.0,0.267,0.099,0
2208,33,1,4,0.84,0.635,0.584,0.5,0.396,-0.194,0
2209,83,0,6,0.849,0.71,0.661,0.0,0.14,0.198,0
2210,74,1,7,0.749,0.575,0.633,0.0,0.192,-0.192,1
2211,81,1,9,1.135,0.499,0.951,0.0,0.205,0.157,0
2212,83,0,12,0.929,0.523,0.815,0.5,0.577,0.155,0
2213,48,1,8,0.7,0.425,0.847,0.0,0.406,0.161,0
2214,64,0,7,0.744,0.707,0.511,0.25,0.067,-0.014,0
2215,41,0,4,0.791,0.52,0.039,0.0,-0.776,0.017,0
2216,59,1,9,0.976,0.657,0.532,1.0,0.501,0.214,0
2217,73,0,3,0.79,0.427,0.471,0.25,0.229,-0.019,0
2218,66,0,6,0.731,0.621,0.699,0.0,0.446,-0.143,0
2219,30,0,8,0.952,0.634,0.694,0.75,0.138,0.246,0
2220,82,0,5,0.995,0.558,0.705,0.0,0.541,0.205,1
2221,80,1,12,0.933,0.487,0.875,0.5,0.291,0.093,1
2222,56,0,5,0.641,0.7,0.609,0.75,-0.073,-0.227,0
2223,82,0,7,0.667,0.6,0.756,0.0,0.222,-0.353,0
2224,66,1,9,1.035,0.52,0.871,0.25,0.47,-0.061,0
2225,79,1,5,0.848,0.617,0.415,0.5,-0.084,0.225,0
2226,53,0,5,0.912,0.602,0.311,0.0,-0.04,0.367,0
2227,49,0,10,0.793,0.612,0.97,0.0,0.188,0.066,0
2228,79,0,6,0.978,0.589,0.883,0.0,0.542,0.103,1
2229,82,0,10,0.921,0.491,0.711,0.75,0.105,0.294,0
2230,52,1,10,1.054,0.418,0.706,1.0,0.154,0.268,0
2231,59,1,7,0.799,0.623,0.85,0.25,-0.051,0.241,0
2232,69,0,4,0.737,0.549,0.582,0.5,0.034,-0.171,0
2233,49,0,6,0.942,0.6,0.762,0.25,0.165,0.025,0
2234,69,1,8,0.793,0.518,0.663,0.0,0.499,0.055,0
2235,46,1,4,0.82,0.53,0.322,0.75,-0.009,-0.017,0
2236,58,1,12,0.885,0.465,0.854,0.5,0.438,0.245,0
2237,78,1,8,0.864,0.501,0.803,0.0,0.315,-0.034,0
2238,31,1,11,1.179,0.477,0.659,0.0,0.149,0.604,0
2239,62,0,7,0.747,0.575,0.733,0.5,0.334,0.076,0
2240,51,0,6,0.929,0.605,0.742,0.0,0.142,0.081,0
2241,58,1,11,0.74,0.485,0.863,0.25,0.467,0.121,0
2242,60,1,12,1.156,0.604,0.674,0.5,0.544,0.486,0
2243,80,0,4,0.845,0.432,0.72,0.0,0.141,0.139,0
2244,84,1,9,0.894,0.526,0.966,0.25,0.525,0.295,0
2245,70,0,10,0.856,0.546,0.807,0.5,0.506,0.095,0
2246,60,0,10,1.097,0.523,0.882,0.25,0.356,0.347,0
2247,37,1,9,0.854,0.589,1.141,0.0,0.426,0.325,1
2248,67,1,11,1.013,0.609,1.056,0.5,0.356,0.163,0
2249,34,1,3,0.81,0.462,0.678,0.0,-0.062,0.065,0
2250,76,0,10,0.955,0.469,0.705,0.25,0.256,0.198,0
2251,49,0,11,1.14,0.61,1.012,0.0,0.468,0.341,0
2252,61,1,10,0.869,0.688,0.55,0.0,0.454,0.229,0
2253,57,1,4,0.642,0.567,0.405,0.75,0.028,-0.024,0
2254,45,1,6,0.777,0.627,0.562,0.0,-0.038,0.029,0
2255,60,1,8,0.998,0.489,0.943,0.25,0.324,0.499,0
2256,54,1,5,0.765,0.577,0.692,0.0,0.465,0.06,0
2257,68,0,11,1.053,0.549,0.871,0.5,0.452,0.048,0
2258,69,1,9,0.864,0.415,0.7,0.25,0.31,-0.324,0
2259,40,0,6,0.785,0.662,0.992,1.0,0.664,0.137,0
2260,63,1,10,0.927,0.482,0.866,0.25,0.362,0.094,0
2261,62,1,12,0.93,0.533,0.618,0.0,0.118,0.108,0
2262,72,1,9,1.052,0.648,0.815,0.5,0.473,0.235,1
2263,50,1,8,0.815,0.566,0.646,0.25,0.115,0.029,0
2264,57,0,9,0.907,0.7,0.899,0.0,0.454,0.03,0
2265,57,0,8,0.996,0.628,0.517,0.75,-0.036,0.211,0
2266,44,0,7,0.807,0.639,0.824,0.5,0.357,0.27,0
2267,56,1,5,0.841,0.567,0.641,0.25,0.023,0.089,0
2268,49,0,5,1.01,0.664,0.657,0.0,0.124,0.314,0
2269,84,0,4,0.86,0.604,0.866,0.0,0.323,0.291,1
2270,66,0,9,0.87,0.494,0.749,0.0,0.316,0.027,1
2271,58,0,7,0.7,0.66,0.58,0.5,0.275,0.109,0
2272,81,1,3,0.906,0.7,0.719,0.0,0.511,0.22,0
2273,39,1,4,0.856,0.552,0.6,0.75,0.185,0.048,0
2274,79,1,8,0.912,0.569,0.983,0.25,0.479,0.092,0
2275,78,0,7,0.826,0.583,0.694,0.5,0.456,0.007,0
2276,48,1,9,0.852,0.594,0.56,0.0,0.086,0.158,0
2277,81,0,11,0.83,0.619,0.7,1.0,0.463,0.026,0
2278,76,1,9,1.16,0.592,0.688,0.25,0.344,0.433,0
2279,42,0,5,0.73,0.575,0.704,0.25,0.359,-0.028,0
2280,63,1,12,0.964,0.582,1.067,0.0,0.542,0.063,0
2281,37,1,8,0.921,0.538,0.873,0.5,0.633,0.258,0
2282,69,1,11,1.077,0.45,0.872,0.75,0.636,0.29,0
2283,61,0,3,0.859,0.62,0.513,0.5,0.229,0.087,0
2284,84,0,9,0.858,0.62,0.673,0.25,0.19,0.334,1
2285,81,0,12,1.091,0.7,1.089,1.0,0.659,0.376,0
2286,70,1,4,0.852,0.501,0.579,0.0,0.093,0.208,0
2287,37,0,12,1.049,0.559,0.884,1.0,0.939,0.164,0
2288,77,1,7,0.918,0.606,0.843,0.0,0.495,0.184,0
2289,56,0,4,0.899,0.562,0.34,0.75,0.135,0.081,0
2290,78,1,5,0.992,0.632,0.433,0.25,-0.176,0.158,0
2291,51,1,7,0.709,0.558,0.743,0.0,0.437,-0.146,0
2292,78,0,11,0.773,0.455,0.948,0.0,0.645,0.066,0
2293,69,0,5,0.605,0.567,0.83,0.5,0.494,-0.16,0
2294,52,1,11,0.934,0.578,0.749,0.0,0.088,0.164,0
2295,33,0,4,0.879,0.536,0.572,0.5,0.34,0.261,0
2296,34,0,4,0.77,0.662,0.387,0.0,-0.076,0.029,0
2297,60,1,9,1.14,0.608,0.985,0.75,0.745,0.332,1
2298,73,1,6,0.769,0.627,0.842,0.0,0.586,-0.183,0
2299,50,0,3,0.85,0.519,0.432,0.0,-0.041,-0.163,0
2300,81,0,11,1.129,0.585,0.995,0.0,0.576,0.355,0
2301,52,0,9,0.902,0.464,1.025,0.0,0.303,0.156,0
2302,34,1,9,0.885,0.527,0.432,0.0,-0.327,0.173,0
2303,34,0,11,0.944,0.653,0.97,0.25,0.363,0.121,0
2304,48,0,10,0.776,0.461,0.995,0.5,0.645,0.031,0
2305,76,1,12,0.92,0.459,1.062,0.25,0.595,-0.017,0
2306,68,1,9,0.846,0.664,0.7,1.0,0.548,-0.039,0
2307,38,1,9,0.7,0.57,0.953,0.5,0.731,-0.158,0
2308,71,0,5,0.899,0.456,0.747,0.25,0.009,0.23,0
2309,41,1,12,0.891,0.493,0.667,0.0,0.314,0.318,0
2310,56,0,7,0.864,0.74,0.557,0.75,0.191,0.014,1
2311,66,1,3,0.563,0.613,0.4,0.0,-0.29,-0.197,0
2312,35,1,9,1.079,0.539,1.013,0.5,0.937,0.339,0
2313,38,0,4,0.651,0.7,0.713,0.0,0.421,0.207,0
2314,59,1,8,1.061,0.591,0.726,0.25,0.304,0.217,0
2315,76,0,5,0.603,0.572,0.645,0.0,0.136,-0.092,0
2316,80,1,7,0.891,0.559,0.795,0.0,0.352,0.153,0
2317,32,0,6,0.813,0.535,0.58,0.25,0.338,-0.032,0
2318,75,1,6,0.7,0.716,0.793,0.0,0.456,-0.094,1
2319,78,0,7,0.938,0.62,0.835,0.25,0.194,0.352,0
2320,84,0,6,0.778,0.677,0.99,0.5,0.66,-0.002,0
2321,72,1,3,0.914,0.666,0.547,0.0,0.103,0.248,0
2322,43,1,10,1.193,0.49,1.117,0.0,0.722,0.541,0
2323,82,1,7,0.908,0.574,0.665,0.25,0.422,-0.093,0
2324,42,0,12,1.143,0.542,0.92,0.25,0.661,0.442,1
2325,81,0,11,0.911,0.611,0.7,1.0,0.008,0.241,1
2326,40,0,11,1.321,0.426,0.828,0.25,0.177,0.522,0
2327,63,0,4,0.868,0.623,0.419,0.0,-0.016,0.079,0
2328,35,1,12,1.047,0.512,0.694,0.75,0.783,0.377,0
2329,83,1,5,0.67,0.534,0.652,0.5,-0.048,-0.039,0
2330,35,0,10,0.79,0.674,0.743,0.75,0.188,0.059,1
2331,55,0,11,0.983,0.582,0.954,1.0,0.464,0.132,0
2332,80,0,5,0.83,0.7,0.526,0.5,-0.174,0.367,0
2333,74,1,11,1.041,0.527,0.793,0.25,0.228,0.391,0
2334,80,0,6,0.931,0.566,0.54,0.0,-0.022,0.186,0
2335,42,1,12,1.119,0.571,0.952,0.0,0.51,0.232,0
2336,70,1,11,0.958,0.515,0.807,1.0,0.421,0.209,0
2337,53,1,5,0.784,0.69,0.692,0.0,0.511,0.137,0
2338,43,1,4,0.961,0.666,0.38,1.0,-0.244,0.503,0
2339,30,1,12,0.988,0.507,0.926,0.0,0.328,0.301,0
2340,63,1,12,0.901,0.487,0.832,1.0,0.469,0.097,1
2341,40,1,3,0.933,0.653,0.549,0.25,0.078,0.11,0
2342,64,0,5,0.839,0.599,0.647,0.0,0.291,-0.031,0
2343,48,1,4,0.584,0.683,0.808,0.25,0.369,-0.262,1
2344,54,0,6,0.803,0.611,0.601,0.0,0.193,-0.062,0
2345,74,0,6,0.7,0.544,0.531,0.0,0.032,0.002,0
2346,63,0,9,0.839,0.398,0.537,0.0,0.006,0.151,1
2347,31,0,3,0.77,0.585,0.75,0.5,0.441,-0.165,0
2348,54,0,3,0.963,0.638,0.783,0.0,0.167,0.402,0
2349,37,0,11,1.138,0.635,0.978,0.0,0.616,0.348,0
2350,47,0,7,0.976,0.517,0.735,0.25,0.343,0.13,0
2351,66,0,6,0.772,0.559,1.121,0.0,0.475,0.128,1
2352,63,0,4,0.869,0.7,0.643,0.5,0.246,-0.023,0
2353,72,0,6,0.833,0.625,0.534,0.5,-0.066,-0.063,0
2354,34,1,8,0.901,0.53,0.68,0.0,-0.02,0.166,0
2355,60,1,10,0.758,0.524,0.757,0.0,0.361,-0.075,0
2356,76,1,6,0.788,0.591,0.865,0.0,0.299,0.245,0
2357,38,0,5,0.681,0.561,0.575,0.25,0.213,-0.253,0
2358,36,1,10,0.93,0.619,0.604,0.75,0.225,0.247,0
2359,83,0,10,0.893,0.547,0.768,0.0,0.008,0.196,0
2360,36,0,4,0.757,0.69,0.588,0.0,0.2,0.157,0
2361,73,1,8,0.887,0.509,0.685,0.0,0.214,0.011,0
2362,49,1,4,1.045,0.7,0.506,0.0,0.014,0.233,0
2363,60,0,7,0.908,0.578,0.908,0.0,0.208,0.145,0
2364,74,1,6,0.807,0.602,0.521,0.0,0.111,-0.022,1
2365,83,1,12,0.922,0.544,0.99,0.0,0.459,0.035,1
2366,60,1,12,0.811,0.636,1.021,0.0,0.383,-0.012,0
2367,62,0,11,0.96,0.485,0.518,0.5,-0.089,0.171,0
2368,70,0,11,0.628,0.514,0.309,0.25,-0.34,-0.11,0
2369,58,0,4,0.818,0.726,0.445,0.0,-0.084,0.139,0
2370,30,0,5,0.914,0.676,0.682,0.5,0.288,0.123,0
2371,67,0,12,1.084,0.547,1.076,0.25,0.594,0.508,0
2372,40,0,3,0.553,0.666,0.736,0.0,0.222,-0.106,0
2373,41,0,3,0.715,0.669,0.558,1.0,-0.074,-0.035,0
2374,74,0,7,0.871,0.557,0.848,0.0,0.684,0.245,0
2375,43,0,11,1.152,0.432,0.737,0.0,0.2,0.267,0
2376,62,1,6,1.004,0.526,0.54,1.0,-0.084,0.474,0
2377,43,1,8,0.963,0.605,0.91,0.0,0.645,0.551,0
2378,50,0,10,0.803,0.595,0.821,0.0,0.324,0.103,0
2379,75,0,3,0.463,0.7,0.385,0.0,-0.205,-0.377,0
2380,33,1,3,0.779,0.55,0.85,0.0,0.379,0.094,0
2381,83,0,3,0.841,0.471,0.75,0.0,0.102,0.0,0
2382,65,1,11,0.959,0.637,0.846,0.5,0.491,0.268,0
2383,42,1,12,0.945,0.439,0.833,1.0,0.411,0.336,0
2384,66,1,11,0.933,0.573,0.525,0.0,0.06,0.198,0
2385,57,1,5,0.899,0.561,0.96,1.0,0.376,0.123,0
2386,66,0,8,0.921,0.681,0.972,0.0,0.602,0.106,1
2387,59,1,12,0.967,0.487,1.002,0.5,0.504,0.217,0
2388,49,1,11,0.929,0.645,0.814,0.75,0.28,0.156,0
2389,81,0,12,0.9,0.611,1.121,0.5,0.999,0.185,1
2390,38,1,9,1.015,0.552,0.543,0.75,0.354,0.273,0
2391,60,1,10,0.921,0.524,0.7,0.0,0.273,0.057,0
2392,60,0,4,0.863,0.511,0.608,1.0,0.161,0.05,0
2393,55,1,11,0.948,0.47,0.929,0.0,0.593,0.084,0
2394,64,1,6,0.931,0.738,1.105,0.0,0.527,0.244,0
2395,73,1,6,0.882,0.554,0.806,0.0,0.273,-0.008,1
2396,65,0,12,1.03,0.524,0.899,0.0,0.606,0.186,0
2397,57,0,7,0.881,0.642,0.67,0.0,0.448,-0.005,0
2398,53,0,12,1.278,0.51,1.163,0.0,0.463,0.594,0
2399,43,0,6,0.919,0.641,0.371,0.0,-0.086,0.12,0
2400,76,1,3,0.862,0.626,0.356,0.25,-0.022,0.204,0
2401,49,0,6,0.826,0.601,0.53,0.0,0.117,-0.156,0
2402,61,0,6,0.92,0.614,0.533,0.0,0.158,0.075,0
2403,61,1,10,0.897,0.575,0.521,0.0,-0.118,0.332,0
2404,31,1,4,0.698,0.645,0.669,0.0,0.169,-0.215,0
2405,80,1,5,0.605,0.608,0.599,0.0,0.13,0.01,0
2406,79,1,10,0.965,0.483,0.793,0.5,0.278,0.007,0
2407,49,0,12,0.7,0.585,0.826,0.0,0.088,-0.195,0
2408,41,1,11,0.965,0.418,0.7,0.0,0.183,0.215,0
2409,57,1,3,0.702,0.626,0.738,0.0,0.541,-0.035,0
2410,40,0,3,0.795,0.604,0.432,0.0,-0.232,0.178,0
2411,52,1,9,1.003,0.64,0.857,0.0,0.577,-0.098,0
2412,79,1,6,0.9,0.7,0.57,0.0,0.219,0.2,0
2413,63,0,3,0.719,0.411,0.845,0.25,0.687,0.057,1
2414,69,1,4,0.737,0.58,0.763,0.0,0.417,-0.029,0
2415,65,0,8,0.709,0.69,0.533,0.0,0.146,0.113,0
2416,79,1,7,1.185,0.521,0.739,0.0,0.066,0.566,0
2417,62,0,11,0.906,0.561,0.781,0.0,0.223,0.233,0
2418,74,1,10,1.039,0.649,0.729,0.5,0.103,-0.005,0
2419,53,1,3,0.888,0.761,0.573,0.0,0.002,0.024,0
2420,51,1,10,1.032,0.529,0.825,1.0,0.125,0.263,0
2421,49,0,8,0.759,0.553,0.691,0.0,0.48,-0.175,0
2422,69,0,8,0.738,0.334,0.7,0.0,0.339,-0.181,0
2423,82,1,12,0.989,0.54,1.13,0.0,0.42,0.257,0
2424,67,0,5,0.7,0.543,0.629,0.0,0.003,-0.02,0
2425,59,0,3,0.775,0.613,0.598,0.0,0.406,-0.025,0
2426,37,1,3,0.913,0.555,0.749,0.25,0.44,-0.079,0
2427,68,1,9,0.796,0.53,0.674,0.0,0.209,0.031,0
2428,37,1,10,0.838,0.562,0.912,0.0,0.426,0.124,0
2429,41,0,5,0.758,0.671,0.77,0.5,0.51,-0.111,0
2430,35,0,11,0.702,0.489,1.441,0.0,0.984,-0.099,0
2431,84,1,5,0.7,0.534,0.428,0.5,0.33,-0.193,1
2432,50,0,8,1.017,0.66,0.661,0.0,0.127,0.083,0
2433,48,1,9,0.912,0.461,1.171,1.0,0.585,0.138,0
2434,30,0,11,0.874,0.515,0.407,0.0,-0.344,0.172,0
2435,65,0,9,0.919,0.668,0.763,0.75,0.098,0.145,0
2436,71,1,12,0.949,0.457,0.844,0.25,0.113,0.178,0
2437,82,0,3,0.897,0.667,0.576,1.0,0.206,-0.02,0
2438,84,1,5,1.037,0.699,0.43,0.0,-0.148,0.432,1
2439,74,0,8,0.883,0.597,0.871,0.25,0.233,0.087,1
2440,36,0,11,0.976,0.554,0.442,0.0,0.012,0.281,0
2441,32,1,7,0.988,0.643,0.779,0.0,0.323,0.285,0
2442,61,0,9,0.86,0.519,0.742,0.0,0.168,0.239,0
2443,46,1,5,0.927,0.552,0.647,1.0,0.042,0.189,0
2444,75,1,4,0.944,0.627,0.437,0.0,-0.145,0.403,0
2445,48,0,8,0.928,0.519,0.949,0.0,0.378,0.268,0
2446,44,0,6,0.676,0.572,0.62,0.0,0.115,-0.014,0
2447,58,1,5,0.884,0.582,0.596,0.0,0.367,0.034,0
2448,64,0,10,0.943,0.576,1.005,0.0,0.598,0.1,1
2449,45,1,8,0.959,0.443,0.505,0.0,-0.136,0.178,0
2450,84,0,11,0.91,0.412,0.799,0.0,0.099,0.145,0
2451,35,1,5,0.537,0.529,0.552,0.5,-0.095,-0.47,0
2452,53,0,10,0.937,0.444,0.47,0.75,0.119,0.213,0
2453,57,0,6,0.578,0.559,0.658,0.0,0.29,-0.171,0
2454,65,1,12,0.7,0.683,0.924,0.0,0.549,0.022,1
2455,78,0,5,0.7,0.559,0.348,0.25,-0.268,0.121,0
2456,39,1,12,0.951,0.485,1.124,0.25,0.495,0.251,0
2457,39,1,12,0.867,0.545,0.891,0.75,0.337,0.176,0
2458,34,0,12,1.049,0.565,0.798,1.0,0.437,0.204,0
2459,32,1,8,0.84,0.649,0.629,0.5,0.022,0.117,0
2460,30,1,9,1.093,0.556,0.748,1.0,0.308,0.325,0
2461,38,0,3,0.749,0.696,0.087,0.0,-0.365,-0.151,0
2462,77,1,9,0.872,0.497,0.575,0.0,-0.125,0.192,0
2463,44,1,7,0.811,0.483,0.956,0.0,0.856,0.083,0
2464,71,0,9,0.781,0.506,0.451,0.0,0.018,-0.011,0
2465,55,1,4,0.972,0.654,0.529,0.75,-0.07,0.186,1
2466,58,1,7,0.98,0.367,0.613,0.0,0.287,0.256,0
2467,75,1,5,0.94,0.673,0.498,0.5,0.098,0.338,0
2468,35,1,11,0.979,0.477,0.495,0.0,-0.123,0.307,0
2469,51,0,7,0.808,0.554,0.7,0.5,0.101,0.095,1
2470,78,1,5,0.744,0.465,0.743,1.0,0.41,-0.14,0
2471,50,1,6,0.749,0.588,0.475,0.25,0.077,0.075,0
2472,32,0,3,0.642,0.566,0.614,0.75,0.083,-0.058,0
2473,78,0,6,0.956,0.597,0.77,0.5,0.337,0.317,0
2474,59,1,8,1.022,0.604,0.855,0.75,0.263,0.2,0
2475,67,0,7,0.694,0.7,0.463,1.0,-0.097,-0.091,0
2476,57,0,11,1.004,0.551,1.054,0.0,0.641,0.548,1
2477,61,0,11,0.995,0.64,0.944,0.25,0.672,0.366,0
2478,37,1,5,0.759,0.529,0.542,1.0,-0.131,-0.041,0
2479,47,1,5,0.808,0.597,0.83,0.0,0.156,0.006,0
2480,47,1,11,0.804,0.498,1.125,0.0,0.58,0.181,0
2481,81,0,4,0.899,0.534,0.521,0.25,0.07,0.259,0
2482,57,0,12,1.109,0.477,1.073,0.75,0.683,0.232,0
2483,33,0,12,0.879,0.406,1.084,0.0,0.463,0.266,0
2484,70,1,6,0.838,0.7,0.646,0.0,0.192,0.095,1
2485,71,1,9,0.859,0.543,0.6,0.0,-0.092,0.226,0
2486,65,1,10,0.898,0.572,0.745,0.25,0.259,0.078,0
2487,44,1,9,0.972,0.604,0.868,0.75,0.325,0.305,0
2488,35,0,11,1.073,0.653,0.958,0.75,0.763,0.252,0
2489,45,1,11,1.085,0.7,0.864,0.25,0.184,0.259,0
2490,66,0,5,0.924,0.704,0.454,1.0,-0.301,-0.0,0
2491,49,0,4,0.891,0.587,0.718,0.25,0.429,0.24,0
2492,68,0,4,0.898,0.609,0.407,0.0,-0.073,0.131,0
2493,38,0,8,0.881,0.533,0.847,0.0,0.378,0.19,1
2494,61,1,9,0.772,0.515,0.548,0.25,-0.101,-0.106,0
2495,50,0,12,0.938,0.543,0.743,0.0,0.509,0.079,0
2496,67,0,3,0.715,0.743,0.579,1.0,0.268,0.247,1
2497,78,1,11,1.008,0.547,1.025,0.0,0.739,0.167,1
2498,72,1,8,1.128,0.533,0.912,0.0,0.148,0.303,0
2499,79,1,5,0.694,0.479,0.484,0.0,-0.076,-0.052,0
2500,59,0,7,1.109,0.535,0.51,0.25,0.097,0.377,0
2501,32,1,12,0.975,0.541,0.874,0.0,0.456,0.009,0
2502,54,1,9,0.846,0.667,0.306,0.75,0.041,0.119,1
2503,83,0,6,0.897,0.694,0.584,0.0,0.185,0.169,0
2504,44,1,11,0.781,0.385,0.978,0.0,0.473,0.128,0
2505,71,0,3,0.737,0.635,0.7,0.5,0.242,0.208,0
2506,66,0,6,0.899,0.563,0.866,0.5,0.395,0.041,0
2507,30,0,7,0.892,0.653,0.908,0.75,0.426,0.238,0
2508,64,1,6,0.964,0.649,0.611,0.0,0.292,0.133,0
2509,67,1,9,0.873,0.587,0.594,0.5,0.236,0.237,0
2510,79,1,12,1.101,0.577,0.928,0.0,0.233,0.115,0
2511,30,0,8,0.778,0.506,1.047,0.25,0.442,0.16,0
2512,59,0,11,1.041,0.62,0.706,0.0,0.409,0.348,0
2513,76,0,4,1.049,0.586,0.675,0.75,0.369,0.167,0
2514,64,0,12,0.85,0.492,0.976,0.5,0.643,-0.243,0
2515,84,0,6,1.03,0.487,0.755,0.75,0.196,0.236,1
2516,81,0,6,0.868,0.63,0.698,0.5,0.185,0.052,0
2517,61,1,5,0.7,0.596,0.802,0.75,0.206,0.064,0
2518,47,1,10,0.796,0.599,0.799,0.0,0.322,-0.12,0
2519,81,1,3,0.899,0.493,0.637,0.0,-0.054,0.017,1
2520,58,0,11,0.879,0.399,0.929,0.0,0.737,0.286,0
2521,68,1,12,1.044,0.51,0.866,0.5,0.58,0.142,0
2522,41,0,10,0.821,0.669,1.082,0.0,0.658,0.121,0
2523,83,0,3,0.844,0.563,0.464,0.0,-0.044,0.218,0
2524,47,0,5,0.635,0.727,0.811,0.0,0.354,-0.198,0
2525,67,1,3,0.951,0.679,0.434,0.75,0.153,0.108,0
2526,56,0,5,0.781,0.555,0.803,0.0,0.212,0.071,0
2527,54,0,3,0.719,0.585,0.742,0.0,0.269,0.215,0
2528,69,1,11,0.9,0.499,0.78,0.5,0.553,0.109,0
2529,59,0,10,0.747,0.617,1.092,0.0,0.392,-0.044,1
2530,59,1,7,1.025,0.573,0.613,0.25,0.013,0.306,0
2531,65,1,8,1.081,0.499,0.816,0.0,0.355,0.498,0
2532,78,0,5,0.986,0.564,0.403,0.0,0.01,0.221,0
2533,62,1,7,1.0,0.615,0.416,0.5,-0.284,0.135,0
2534,33,1,4,0.73,0.56,0.804,0.0,0.104,0.193,0
2535,36,1,12,1.157,0.527,0.817,0.5,0.117,0.432,1
2536,69,1,6,0.72,0.62,0.596,0.0,-0.148,0.075,1
2537,66,1,8,0.918,0.656,0.8,0.5,0.363,0.116,0
2538,75,1,3,0.744,0.577,0.59,0.0,0.22,-0.093,0
2539,54,1,6,0.837,0.591,0.615,0.0,0.191,-0.057,0
2540,82,1,6,0.812,0.51,0.75,0.0,0.039,-0.141,1
2541,31,1,8,0.887,0.563,0.771,0.0,0.215,0.231,0
2542,79,0,10,0.7,0.586,0.522,0.0,0.085,-0.15,0
2543,71,0,6,0.937,0.585,0.769,0.0,0.226,0.184,0
2544,81,0,4,0.698,0.637,0.691,0.0,0.565,0.171,0
2545,73,1,6,0.913,0.667,0.481,0.0,0.126,0.192,0
2546,50,0,7,0.951,0.561,0.531,0.0,0.178,0.102,0
2547,50,0,6,0.881,0.567,0.893,0.25,0.816,0.168,0
2548,62,1,3,0.733,0.698,0.773,0.75,0.266,-0.19,0
2549,81,0,8,1.032,0.49,0.799,0.0,0.44,0.299,0
2550,83,0,11,0.933,0.7,1.095,0.0,0.268,0.093,0
2551,46,1,5,0.742,0.505,0.538,0.0,0.189,-0.044,0
2552,53,1,11,1.004,0.65,0.93,0.0,0.457,0.027,0
2553,39,1,10,0.799,0.576,1.013,0.0,0.492,0.145,0
2554,47,1,6,0.65,0.638,0.664,0.0,0.109,0.025,0
2555,68,1,6,0.959,0.593,0.755,0.75,0.287,0.167,0
2556,76,1,5,0.727,0.636,0.567,0.0,0.162,-0.078,0
2557,72,1,6,0.908,0.585,0.68,0.5,0.057,0.265,0
2558,62,1,12,0.841,0.623,1.07,0.5,0.629,0.014,0
2559,80,0,5,0.792,0.468,1.017,0.75,0.45,0.155,1
2560,72,0,5,1.044,0.601,0.7,0.0,0.306,0.278,0
2561,48,1,3,0.902,0.724,0.606,0.0,0.228,0.105,0
2562,69,1,6,0.904,0.617,0.735,0.0,0.09,0.098,0
2563,53,1,9,0.924,0.61,0.903,0.0,0.481,-0.072,1
2564,30,1,8,0.826,0.7,0.73,0.0,0.53,-0.004,0
2565,53,0,6,0.986,0.555,0.636,0.0,0.073,0.297,0
2566,75,0,10,0.942,0.644,0.863,1.0,0.24,0.093,0
2567,54,0,6,0.741,0.743,0.846,0.0,0.502,-0.083,0
2568,60,0,4,0.696,0.538,0.696,1.0,0.259,0.018,0
2569,72,1,10,1.032,0.552,0.887,0.5,0.187,0.419,0
2570,84,0,9,1.008,0.606,0.566,0.0,0.076,0.019,0
2571,35,1,9,0.79,0.563,0.39,0.5,0.073,-0.093,0
2572,37,1,3,0.849,0.591,0.7,0.25,0.414,0.041,0
2573,81,1,4,0.797,0.7,0.534,0.0,-0.018,0.362,0
2574,30,1,4,0.693,0.703,0.609,0.75,-0.238,-0.077,0
2575,60,1,3,0.657,0.661,0.24,0.75,-0.208,-0.123,0
2576,43,0,12,1.087,0.527,1.119,0.25,0.839,0.213,0
2577,55,0,3,0.837,0.562,0.624,0.5,0.362,0.154,0
2578,73,0,10,0.676,0.678,1.061,0.25,0.607,-0.184,0
2579,47,1,10,0.827,0.661,0.607,1.0,-0.093,0.292,0
2580,72,0,4,0.873,0.569,0.486,0.25,-0.051,-0.015,0
2581,43,1,5,0.881,0.683,0.716,0.5,0.02,0.142,0
2582,41,0,8,1.017,0.664,0.586,0.0,0.226,0.345,0
2583,35,0,4,0.736,0.66,0.605,0.0,0.343,-0.061,0
2584,51,1,11,0.889,0.533,1.006,0.5,0.832,0.053,0
2585,48,1,11,0.841,0.504,0.786,0.5,0.458,-0.099,0
2586,52,0,8,0.968,0.664,0.84,0.75,0.323,0.172,0
2587,45,0,7,0.636,0.694,0.667,0.0,-0.157,0.024,0
2588,82,0,4,0.871,0.665,0.328,0.25,-0.12,0.243,0
2589,78,1,12,0.856,0.648,0.735,0.75,0.279,0.342,0
2590,57,0,6,0.857,0.576,0.574,0.0,0.176,0.324,0
2591,73,0,11,0.806,0.523,0.824,0.0,0.311,0.098,0
2592,64,0,10,1.181,0.503,0.826,0.0,0.071,0.518,0
2593,57,0,10,1.074,0.492,0.783,0.25,0.197,0.457,0
2594,55,1,7,0.706,0.647,0.699,0.0,-0.242,0.041,1
2595,47,1,5,0.833,0.642,0.772,0.5,0.35,0.195,0
2596,50,0,12,0.978,0.675,1.004,0.0,0.409,0.25,0
2597,36,0,9,0.929,0.601,0.884,0.25,0.402,0.09,0
2598,67,0,12,1.022,0.71,1.264,0.25,0.882,0.341,0
2599,30,1,10,1.122,0.439,0.826,0.0,0.322,0.319,0
2600,45,0,7,1.203,0.527,0.781,0.0,0.431,0.38,0
2601,34,0,4,0.769,0.597,0.496,0.25,0.016,0.033,0
2602,38,1,10,0.953,0.53,1.199,0.0,0.59,0.186,0
2603,71,1,7,0.845,0.511,0.801,0.0,0.283,0.174,0
2604,64,0,7,0.92,0.572,0.676,0.25,0.201,0.153,0
2605,45,1,4,0.657,0.626,0.658,0.25,0.354,0.119,0
2606,41,0,5,0.689,0.626,0.69,0.0,0.263,-0.063,1
2607,32,0,3,0.698,0.611,0.452,0.25,-0.051,-0.059,0
2608,55,1,7,0.84,0.642,0.762,1.0,0.328,0.07,0
2609,49,1,8,0.729,0.632,1.003,0.0,0.378,-0.01,0
2610,67,0,12,0.954,0.523,0.958,0.5,0.57,0.32,0
2611,52,0,10,0.724,0.574,1.055,0.5,0.388,0.054,1
2612,59,0,12,0.882,0.488,0.984,0.25,0.656,-0.034,0
2613,58,1,8,0.783,0.723,0.771,0.75,0.158,-0.032,0
2614,36,1,11,0.88,0.55,1.077,0.0,0.528,0.196,1
2615,58,1,5,0.759,0.626,0.457,0.0,-0.08,-0.036,0
2616,30,0,3,0.675,0.636,0.522,0.0,0.275,-0.114,0
2617,47,1,4,0.896,0.63,0.475,0.25,-0.065,0.167,0
2618,37,1,7,0.838,0.572,0.431,0.25,0.051,-0.098,1
2619,79,1,10,0.928,0.568,0.703,0.0,0.26,0.142,0
2620,64,1,12,0.839,0.497,0.645,1.0,0.313,0.152,0
2621,80,0,6,0.907,0.451,0.729,0.25,0.243,0.187,0
2622,67,0,12,1.012,0.554,0.901,0.5,0.377,0.285,0
2623,74,1,7,0.914,0.588,0.48,0.5,0.111,0.159,0
2624,56,1,10,0.998,0.506,0.876,0.25,0.348,0.233,0
2625,80,0,7,0.859,0.585,0.84,0.0,0.266,0.155,0
2626,84,1,10,0.913,0.467,0.7,0.0,0.669,0.217,0
2627,75,1,9,0.806,0.7,0.807,0.0,0.569,0.129,0
2628,81,0,12,1.045,0.395,0.974,0.0,0.157,0.301,0
2629,34,1,10,1.047,0.556,1.229,0.75,0.652,0.109,0
2630,72,0,4,0.977,0.572,0.57,0.25,0.029,-0.06,0
2631,69,0,9,1.004,0.443,0.752,0.25,0.215,0.184,0
2632,53,1,9,0.902,0.52,0.7,0.0,0.088,0.101,1
2633,66,0,11,0.929,0.59,0.703,0.25,0.299,0.008,0
2634,63,1,8,0.749,0.608,0.684,0.0,0.199,-0.076,0
2635,71,1,12,1.004,0.48,1.012,0.5,0.362,0.295,0
2636,40,1,10,0.813,0.496,0.603,0.0,-0.014,-0.059,1
2637,34,1,5,0.818,0.591,0.522,0.5,0.269,0.335,0
2638,74,1,6,0.75,0.556,0.608,0.0,0.11,-0.214,0
2639,58,0,9,0.933,0.736,0.921,0.0,0.559,0.058,0
2640,80,1,3,1.024,0.627,0.565,0.0,0.055,0.512,0
2641,36,0,7,0.901,0.736,0.44,0.0,-0.0,0.183,0
2642,63,0,7,0.933,0.49,0.595,1.0,0.144,0.066,0
2643,62,1,8,0.787,0.493,0.817,0.0,0.51,0.256,0
2644,38,1,7,0.966,0.708,0.497,1.0,0.031,-0.056,0
2645,57,1,3,0.907,0.685,0.389,0.25,-0.23,0.078,0
2646,61,0,12,1.097,0.627,0.994,0.75,0.613,0.424,1
2647,66,1,8,0.632,0.467,0.813,0.0,0.27,-0.299,0
2648,61,0,4,0.681,0.534,0.564,0.25,-0.198,0.004,0
2649,72,0,5,0.81,0.629,0.597,0.0,-0.02,0.486,0
2650,46,1,3,0.86,0.464,0.724,0.25,0.139,0.166,0
2651,55,1,4,1.121,0.587,0.495,0.0,-0.333,0.341,0
2652,37,1,9,0.753,0.532,0.867,0.0,0.31,0.105,1
2653,30,0,12,1.194,0.515,1.048,0.0,0.738,0.632,0
2654,76,0,4,0.862,0.513,0.635,0.75,0.286,-0.07,0
2655,41,0,12,1.0,0.642,0.7,0.5,-0.045,0.123,0
2656,77,0,7,1.0,0.632,0.871,0.75,0.288,0.02,0
2657,62,1,6,0.729,0.54,0.978,0.0,0.482,0.102,0
2658,37,1,9,1.032,0.583,0.6,1.0,0.159,0.247,1
2659,45,0,10,1.064,0.541,0.614,0.25,-0.214,0.12,0
2660,62,1,3,0.67,0.683,0.632,0.0,0.253,0.125,0
2661,52,1,9,0.747,0.487,0.645,0.25,0.21,-0.108,0
2662,69,0,4,0.77,0.634,0.278,0.5,0.007,-0.177,0
2663,70,0,9,0.714,0.678,0.713,0.5,0.308,0.057,0
2664,58,0,12,1.002,0.606,0.936,0.75,0.815,0.175,1
2665,42,0,3,0.774,0.716,0.505,1.0,0.108,-0.105,0
2666,83,0,11,0.962,0.496,0.709,0.25,0.031,0.355,0
2667,55,1,9,0.773,0.619,0.821,0.0,0.357,0.038,0
2668,84,0,11,0.976,0.456,0.98,0.0,0.501,0.446,0
2669,47,1,11,0.728,0.592,1.136,0.5,0.524,-0.097,0
2670,67,1,3,0.721,0.588,0.444,0.0,-0.086,-0.094,0
2671,84,0,11,0.834,0.567,0.744,0.75,0.122,-0.081,0
2672,65,1,7,0.753,0.541,0.763,0.0,0.449,-0.026,0
2673,57,1,3,0.747,0.631,0.346,0.75,-0.094,0.014,0
2674,43,0,11,0.893,0.57,0.85,0.75,0.369,0.136,0
2675,73,1,6,0.844,0.645,0.649,0.75,-0.082,0.284,0
2676,53,1,10,0.933,0.442,0.825,0.0,0.346,0.183,0
2677,63,1,5,0.872,0.73,0.312,0.0,-0.388,0.34,0
2678,45,1,4,0.571,0.635,0.7,0.75,0.115,-0.212,0
2679,47,0,6,0.773,0.666,0.722,0.0,-0.223,-0.1,0
2680,57,1,5,0.908,0.604,0.554,0.0,-0.134,0.099,0
2681,70,0,4,0.876,0.604,0.635,0.25,-0.1,0.117,0
2682,35,1,6,0.945,0.614,0.631,0.25,0.189,0.195,0
2683,52,0,10,1.085,0.621,0.984,0.0,0.506,0.385,0
2684,64,0,3,0.769,0.595,0.602,0.25,0.053,0.069,0
2685,57,0,12,0.782,0.603,1.354,0.0,0.815,-0.115,0
2686,44,1,12,1.017,0.514,1.014,0.0,0.532,0.371,0
2687,61,1,8,0.699,0.596,0.704,0.0,0.338,-0.243,0
2688,36,1,10,1.075,0.524,0.917,0.0,0.303,0.509,0
2689,36,1,6,0.995,0.608,0.865,0.0,0.234,0.246,0
2690,73,1,11,0.933,0.588,0.97,0.25,0.182,-0.051,0
2691,72,1,5,0.936,0.541,0.714,0.5,0.377,-0.011,1
2692,47,1,12,0.828,0.402,0.756,0.0,0.231,0.308,0
2693,69,1,10,0.979,0.637,0.804,0.5,0.428,0.238,0
2694,57,0,9,1.022,0.461,0.7,0.0,0.18,0.457,0
2695,56,0,11,0.928,0.588,0.745,0.0,0.361,-0.126,0
2696,30,0,12,0.939,0.577,0.864,0.0,0.416,0.173,0
2697,61,0,7,0.695,0.554,0.88,0.0,0.18,0.04,1
2698,48,0,9,0.933,0.553,0.976,0.0,0.637,0.223,0
2699,53,1,7,0.833,0.668,0.868,0.0,0.622,0.204,0
2700,67,1,4,0.832,0.615,0.564,0.0,0.008,0.253,0
2701,32,1,10,1.042,0.538,0.84,0.25,0.639,0.346,0
2702,79,1,5,0.978,0.569,0.536,0.0,0.271,0.238,0
2703,54,1,4,0.792,0.536,0.656,0.0,-0.044,0.032,0
2704,39,1,6,0.681,0.475,0.763,0.5,0.381,-0.33,0
2705,66,1,7,1.012,0.536,0.766,0.75,0.105,0.157,0
2706,60,0,11,0.729,0.58,0.923,0.75,0.086,-0.069,0
2707,43,1,5,0.752,0.586,0.406,0.0,0.26,-0.06,1
2708,42,0,11,1.012,0.512,0.713,0.75,0.382,0.193,0
2709,76,1,6,0.709,0.694,0.436,0.0,-0.484,-0.053,0
2710,81,0,9,0.84,0.633,0.7,0.75,0.137,0.115,1
2711,40,0,10,0.862,0.623,0.828,0.0,0.482,-0.07,0
2712,55,0,12,0.874,0.565,1.001,0.0,0.827,-0.049,0
2713,78,0,8,0.928,0.7,0.559,0.25,-0.111,0.228,0
2714,64,1,12,0.7,0.609,0.868,0.0,0.393,-0.044,0
2715,58,0,5,0.946,0.594,0.643,0.0,-0.127,0.28,0
2716,40,1,4,0.647,0.575,0.557,0.0,0.049,-0.272,0
2717,53,1,5,0.857,0.494,0.625,1.0,0.154,0.104,0
2718,37,0,4,0.956,0.528,0.597,0.5,0.129,0.243,0
2719,49,0,12,1.101,0.518,0.961,0.25,0.447,0.415,0
2720,44,0,9,0.762,0.593,0.652,0.75,0.159,0.113,1
2721,78,0,11,0.936,0.501,0.878,0.0,0.178,0.222,0
2722,47,1,8,0.874,0.581,0.77,0.0,0.046,0.184,0
2723,52,0,8,0.765,0.513,0.411,0.0,0.136,-0.066,0
2724,69,0,12,0.892,0.549,0.827,0.0,0.567,0.208,0
2725,71,1,3,0.806,0.685,0.558,0.75,0.23,0.033,0
2726,58,0,10,0.817,0.518,0.642,1.0,0.222,0.252,0
2727,69,0,6,1.023,0.562,1.053,0.5,0.58,0.338,0
2728,33,0,9,1.089,0.539,1.015,0.25,0.584,0.387,0
2729,45,0,4,0.635,0.661,0.52,0.0,-0.024,-0.311,0
2730,41,1,8,0.784,0.531,0.88,0.5,0.48,0.063,0
2731,39,0,3,0.81,0.652,0.444,0.5,0.08,0.059,0
2732,33,0,10,0.645,0.588,1.051,0.0,0.723,0.112,0
2733,72,0,9,0.859,0.542,0.592,0.25,0.292,-0.091,0
2734,31,0,10,1.072,0.47,0.452,0.5,0.0,0.232,0
2735,43,0,8,0.815,0.661,0.913,0.0,0.467,0.162,0
2736,83,1,3,0.651,0.587,0.616,0.0,0.002,-0.068,0
2737,46,1,7,1.043,0.561,1.059,0.5,0.672,0.188,1
2738,69,0,7,0.833,0.532,0.59,0.0,-0.09,-0.005,0
2739,47,0,7,0.918,0.567,0.647,0.0,0.027,0.084,0
2740,59,0,7,0.771,0.566,0.536,0.75,-0.037,0.202,0
2741,44,0,8,0.831,0.571,0.729,0.25,0.022,0.137,0
2742,66,1,9,0.839,0.735,0.632,0.5,0.179,0.139,0
2743,76,0,7,1.101,0.45,0.639,1.0,0.093,0.424,0
2744,65,1,7,0.86,0.629,0.652,0.0,0.16,0.167,0
2745,65,0,8,0.942,0.494,0.7,0.0,-0.002,0.206,0
2746,34,1,5,0.847,0.759,0.464,0.5,0.069,0.103,0
2747,72,1,8,0.817,0.581,0.665,0.0,0.406,0.066,0
2748,72,0,5,0.682,0.638,0.722,0.0,0.111,-0.082,0
2749,36,0,8,0.89,0.639,1.122,0.0,0.86,-0.042,0
2750,83,1,4,0.939,0.472,0.762,1.0,0.217,0.241,0
2751,73,0,12,0.82,0.627,0.63,0.0,0.14,0.069,0
2752,37,0,11,1.132,0.536,1.076,1.0,0.546,0.27,0
2753,78,1,10,1.126,0.7,0.946,0.0,0.661,0.541,1
2754,66,1,6,0.869,0.546,0.643,0.0,0.297,0.011,0
2755,70,1,9,0.936,0.531,0.975,0.25,0.487,0.348,0
2756,79,1,5,0.762,0.725,0.477,0.0,0.216,0.181,1
2757,30,1,11,0.7,0.528,0.821,0.0,0.35,-0.202,0
2758,69,1,10,0.936,0.484,0.368,0.0,-0.093,0.354,0
2759,42,0,3,0.82,0.739,0.661,0.0,0.531,0.032,0
2760,66,0,11,0.953,0.501,0.905,0.0,0.307,0.264,0
2761,63,0,5,0.779,0.54,0.742,0.25,-0.062,-0.124,0
2762,74,1,8,0.887,0.575,0.593,0.25,0.174,0.196,0
2763,37,0,4,0.89,0.716,0.7,0.25,0.306,0.206,0
2764,64,1,4,0.929,0.438,0.676,0.0,0.272,0.231,0
2765,46,1,4,0.871,0.673,0.717,0.0,0.164,0.164,0
2766,67,1,11,1.096,0.484,0.7,0.5,0.312,0.475,0
2767,38,1,10,0.745,0.544,0.948,0.25,0.522,0.031,0
2768,36,1,5,0.907,0.613,0.305,0.0,-0.015,0.058,0
2769,57,1,10,0.709,0.59,0.7,0.0,0.404,0.002,0
2770,58,1,12,0.899,0.478,0.809,0.0,0.421,0.05,1
2771,39,1,9,1.069,0.596,0.799,0.0,0.486,0.636,0
2772,51,1,9,0.949,0.631,0.702,0.25,0.408,0.192,1
2773,77,0,8,1.165,0.591,0.551,0.25,0.237,0.264,0
2774,36,1,7,0.834,0.551,0.455,0.0,-0.27,-0.089,0
2775,79,1,8,0.748,0.48,0.919,0.75,0.375,-0.136,1
2776,43,0,4,0.895,0.655,0.508,0.0,0.427,0.16,0
2777,30,1,12,1.024,0.587,0.937,0.0,0.559,0.349,0
2778,77,1,3,0.861,0.633,0.499,0.5,0.131,-0.063,1
2779,71,0,12,1.117,0.606,0.873,0.0,0.521,0.163,0
2780,46,1,4,0.87,0.668,0.448,0.25,0.047,-0.051,0
2781,39,1,5,1.003,0.625,0.664,0.5,0.145,0.132,0
2782,54,1,8,0.824,0.49,0.772,1.0,0.299,0.104,0
2783,41,0,7,0.99,0.694,0.605,0.5,0.099,0.341,1
2784,39,1,7,0.805,0.567,0.53,0.0,0.129,-0.277,0
2785,75,1,4,0.888,0.504,0.616,0.75,0.116,0.314,0
2786,53,0,11,0.969,0.7,0.699,1.0,-0.001,0.044,0
2787,55,1,4,0.822,0.647,0.813,0.75,0.29,0.071,0
2788,57,1,12,1.068,0.522,0.813,0.0,0.269,0.191,0
2789,74,1,3,0.884,0.589,0.384,0.25,-0.164,0.107,1
2790,33,0,5,1.072,0.7,0.905,0.75,0.649,0.202,1
2791,65,0,6,0.871,0.444,0.51,0.0,0.068,0.247,1
2792,42,0,5,0.929,0.624,0.694,0.25,0.293,0.24,0
2793,39,0,8,0.944,0.589,0.514,1.0,0.073,0.217,0
2794,37,1,8,0.936,0.677,0.442,0.25,0.045,0.216,0
2795,38,1,4,0.791,0.419,0.931,0.0,0.231,-0.006,0
2796,35,0,8,0.881,0.7,0.851,0.0,0.45,0.304,0
2797,55,0,10,0.971,0.593,0.687,0.0,0.434,0.222,0
2798,77,1,7,0.839,0.558,0.719,1.0,0.086,0.088,0
2799,66,1,7,0.843,0.668,0.842,0.5,0.158,0.064,0
2800,77,0,4,0.643,0.507,0.757,0.25,0.308,0.199,0
2801,71,0,7,0.861,0.7,0.707,0.25,0.007,0.101,0
2802,60,1,11,0.734,0.633,0.866,0.75,0.51,0.134,0
2803,31,1,10,1.014,0.639,0.798,0.25,0.454,0.134,0
2804,36,0,4,0.747,0.7,0.769,0.0,0.167,-0.086,0
2805,61,1,5,0.755,0.544,0.782,0.25,0.069,-0.03,0
2806,64,1,9,0.878,0.658,0.75,0.0,0.4,-0.035,0
2807,44,0,7,0.98,0.617,0.808,0.0,0.63,0.161,0
2808,77,1,6,0.915,0.581,0.628,0.5,-0.072,0.359,0
2809,33,0,5,0.776,0.503,0.952,0.0,0.291,-0.063,0
2810,52,1,7,0.804,0.602,0.723,0.25,0.224,-0.213,0
2811,79,1,6,0.991,0.586,1.147,0.5,0.637,0.368,0
2812,54,0,6,0.869,0.552,0.62,0.0,0.312,0.226,0
2813,62,1,11,0.953,0.664,1.115,0.0,0.4,0.249,0
2814,41,1,3,0.674,0.581,0.367,1.0,-0.025,-0.02,0
2815,48,0,8,0.623,0.54,0.781,0.0,0.403,-0.096,0
2816,82,1,3,0.646,0.697,0.573,0.5,0.016,-0.059,0
2817,67,0,10,1.012,0.513,0.844,0.0,0.324,0.118,0
2818,37,1,12,0.906,0.434,0.655,0.0,0.273,0.433,0
2819,63,0,3,0.633,0.598,0.414,1.0,0.018,-0.055,0
2820,40,1,4,0.983,0.538,0.659,0.0,0.409,0.191,0
2821,46,0,3,0.804,0.579,0.342,0.25,-0.358,0.104,0
2822,69,0,10,0.873,0.647,1.137,0.0,0.719,-0.018,1
2823,55,0,5,1.035,0.492,0.678,0.0,0.233,0.341,0
2824,60,0,7,0.795,0.574,0.718,0.5,0.23,-0.051,0
2825,78,1,7,0.961,0.469,0.591,0.5,0.14,0.263,1
2826,82,0,11,1.012,0.596,0.964,1.0,0.484,0.178,0
2827,43,1,6,0.827,0.537,0.52,0.0,-0.195,0.13,0
2828,40,1,4,0.78,0.585,0.701,0.25,0.194,0.16,0
2829,68,1,3,0.684,0.727,0.32,0.0,0.255,-0.065,0
2830,42,0,5,0.779,0.516,0.632,0.75,0.009,0.079,0
2831,48,0,7,0.859,0.578,0.683,0.25,0.256,0.067,1
2832,30,0,4,0.622,0.565,0.432,0.0,-0.056,-0.427,0
2833,65,0,6,0.7,0.471,0.43,0.0,0.265,0.139,0
2834,48,0,7,0.571,0.514,0.839,0.5,0.238,-0.207,0
2835,80,0,4,0.947,0.621,0.43,0.0,0.162,0.217,1
2836,34,1,6,0.72,0.567,0.514,0.0,0.322,0.0,1
2837,72,1,11,1.135,0.578,0.566,0.0,0.071,0.218,0
2838,32,1,7,1.037,0.597,0.562,0.0,-0.138,0.419,0
2839,77,0,9,0.985,0.596,0.646,1.0,0.307,0.289,0
2840,36,0,11,1.031,0.585,0.906,0.25,0.654,0.41,0
2841,55,0,10,0.744,0.612,0.776,0.25,0.368,0.067,0
2842,84,1,10,1.013,0.553,0.529,0.75,-0.064,0.324,0
2843,61,0,6,0.7,0.465,0.812,0.0,0.497,-0.133,0
2844,59,1,6,0.723,0.651,0.739,0.75,0.1,0.131,0
2845,48,1,12,1.124,0.554,0.968,0.0,0.374,0.177,0
2846,32,1,12,0.917,0.435,1.211,0.5,0.696,0.166,0
2847,46,0,3,0.883,0.585,0.453,0.5,-0.247,0.166,0
2848,69,0,8,1.01,0.575,0.87,0.0,0.545,0.247,0
2849,49,1,8,0.819,0.7,0.641,0.0,0.134,0.064,0
2850,33,1,9,1.126,0.579,0.746,0.5,0.066,0.222,0
2851,62,0,3,0.612,0.588,0.738,0.0,0.468,-0.16,0
2852,36,1,3,0.962,0.7,-0.017,0.75,-0.596,0.215,0
2853,54,1,3,0.613,0.677,0.7,0.0,0.071,-0.095,0
2854,39,0,7,0.888,0.449,0.58,0.75,0.061,0.205,0
2855,75,1,4,0.811,0.527,1.208,0.0,0.631,-0.047,0
2856,82,1,6,0.699,0.559,0.426,0.0,0.019,-0.11,0
2857,80,0,4,0.964,0.721,0.574,0.75,-0.095,0.239,0
2858,45,1,10,0.7,0.528,0.975,0.75,0.496,0.0,0
2859,84,0,9,0.944,0.7,0.824,0.5,0.349,0.114,0
2860,70,1,6,0.864,0.602,0.59,1.0,0.156,0.202,0
2861,51,0,4,0.835,0.497,0.486,0.0,0.09,0.252,0
2862,65,1,5,0.855,0.607,0.509,1.0,-0.142,0.112,0
2863,60,1,11,0.898,0.489,0.91,0.75,0.523,0.23,0
2864,84,0,9,0.879,0.626,0.763,0.5,0.497,-0.05,0
2865,78,1,9,0.732,0.7,0.771,0.5,0.27,0.004,0
2866,49,1,6,0.773,0.528,0.895,0.0,0.387,0.097,0
2867,31,1,10,1.049,0.607,0.777,1.0,0.077,0.44,0
2868,44,0,7,1.021,0.555,0.702,0.0,0.383,0.347,0
2869,75,1,12,0.999,0.57,0.829,1.0,0.373,0.282,1
2870,71,0,7,0.7,0.607,0.723,0.5,0.184,-0.141,0
2871,52,1,6,0.841,0.568,0.602,0.25,0.339,0.232,0
2872,80,0,6,0.945,0.69,0.907,0.0,0.622,0.181,1
2873,83,1,6,0.77,0.667,0.479,0.5,-0.108,0.015,0
2874,77,0,3,0.645,0.663,0.442,0.0,0.137,-0.055,0
2875,82,1,10,1.04,0.504,0.823,1.0,0.282,0.418,1
2876,45,1,6,0.896,0.679,0.314,0.5,-0.293,0.324,0
2877,59,1,5,0.809,0.604,0.706,0.0,0.143,0.108,0
2878,39,1,12,1.209,0.464,0.744,0.0,0.542,0.518,0
2879,66,1,9,1.073,0.479,0.717,0.0,0.33,0.341,0
2880,57,0,12,1.106,0.71,0.814,0.25,0.722,0.348,1
2881,69,0,5,0.926,0.536,0.612,0.25,0.28,0.11,0
2882,39,1,9,0.953,0.575,0.687,1.0,0.21,0.282,0
2883,68,0,5,1.043,0.645,0.626,0.0,0.116,0.376,0
2884,55,0,7,0.929,0.554,0.771,0.0,0.176,0.167,0
2885,63,0,4,0.622,0.551,0.546,0.75,0.183,-0.246,0
2886,81,0,11,0.902,0.644,0.894,0.5,0.511,0.12,0
2887,36,1,5,0.669,0.581,0.857,0.5,0.622,-0.093,0
2888,61,1,10,0.889,0.648,0.831,0.5,0.143,0.189,0
2889,82,1,7,0.9,0.509,1.001,0.0,0.666,0.148,1
2890,43,1,5,0.86,0.59,0.796,0.5,0.491,0.022,0
2891,42,1,9,0.854,0.586,0.849,0.0,0.222,0.29,0
2892,56,1,10,0.945,0.473,0.896,0.0,0.311,0.081,1
2893,35,0,11,0.976,0.506,0.796,0.25,0.361,0.259,0
2894,37,1,7,0.7,0.65,0.697,0.25,0.151,-0.195,0
2895,69,1,11,1.265,0.502,1.199,1.0,0.849,0.477,0
2896,47,0,4,0.879,0.668,0.472,0.0,-0.194,0.164,0
2897,82,1,5,0.805,0.607,0.486,0.25,0.195,-0.069,0
2898,81,1,5,0.761,0.547,0.402,0.25,0.134,0.134,1
2899,66,1,5,0.796,0.568,0.666,0.25,0.306,-0.04,1
2900,73,1,3,0.563,0.484,0.287,0.0,-0.131,-0.245,0
2901,84,0,7,0.831,0.605,0.767,0.0,0.249,-0.008,0
2902,63,1,6,0.856,0.526,0.616,0.0,0.388,0.144,0
2903,31,1,4,0.81,0.729,0.589,1.0,-0.171,0.111,0
2904,55,0,10,1.007,0.458,0.684,0.5,0.06,0.291,0
2905,51,0,3,0.913,0.702,0.766,0.0,0.541,0.021,0
2906,78,1,9,0.86,0.632,0.882,1.0,0.329,0.184,1
2907,65,1,12,0.808,0.605,0.701,0.0,0.283,-0.066,1
2908,77,0,7,0.916,0.502,0.677,0.0,0.049,0.036,0
2909,34,1,11,0.971,0.52,0.52,0.25,0.056,0.269,0
2910,76,0,7,0.859,0.475,0.7,0.25,0.344,0.299,0
2911,84,0,9,0.891,0.548,0.979,0.0,0.595,0.352,0
2912,54,0,8,0.929,0.449,0.931,0.25,0.289,0.223,0
2913,35,0,3,0.836,0.498,0.613,0.0,0.098,0.146,0
2914,46,0,12,0.919,0.571,1.118,0.25,0.55,0.164,0
2915,65,0,6,0.734,0.692,0.749,0.25,0.12,0.113,0
2916,55,1,11,0.971,0.6,0.994,0.0,0.246,0.283,0
2917,54,0,10,1.025,0.396,0.799,1.0,0.188,0.26,0
2918,77,0,4,0.837,0.51,0.701,0.5,0.504,0.185,0
2919,35,0,11,0.98,0.385,1.085,0.75,0.556,0.331,0
2920,41,0,8,0.831,0.523,1.122,0.0,0.815,0.021,0
2921,75,1,7,0.928,0.466,0.751,0.25,0.094,0.261,0
2922,74,1,12,1.046,0.447,0.7,0.0,0.254,0.281,0
2923,31,0,6,1.095,0.474,0.763,1.0,0.277,0.518,0
2924,83,0,9,0.876,0.542,0.836,0.0,0.46,0.128,0
2925,50,1,7,0.849,0.6,0.654,0.25,0.21,0.0,0
2926,33,1,8,0.802,0.455,0.68,0.75,-0.074,0.172,0
2927,66,0,3,0.684,0.526,0.447,0.0,-0.163,-0.039,0
2928,81,0,12,1.025,0.664,0.94,0.0,0.025,0.356,0
2929,77,1,8,0.804,0.519,0.7,0.0,0.156,0.119,0
2930,51,0,5,0.867,0.614,0.87,0.75,0.448,0.078,1
2931,35,0,8,0.857,0.487,0.598,0.25,-0.009,0.068,0
2932,31,1,9,0.905,0.7,0.61,1.0,0.465,0.259,0
2933,73,0,12,1.029,0.526,1.189,0.0,0.734,0.372,1
2934,56,0,7,0.676,0.49,0.743,0.0,0.106,0.091,0
2935,70,0,7,1.071,0.474,0.702,0.25,0.112,0.292,0
2936,58,0,4,0.884,0.615,0.502,0.0,0.302,0.169,0
2937,36,0,6,0.793,0.631,0.363,1.0,-0.214,0.114,0
2938,72,0,6,0.835,0.605,1.111,0.0,0.42,-0.004,0
2939,36,0,8,0.941,0.519,0.833,0.0,0.425,0.225,0
2940,51,1,5,0.659,0.485,0.622,0.75,0.206,-0.218,0
2941,83,1,7,0.851,0.543,0.566,0.25,0.15,-0.105,1
2942,45,0,11,0.974,0.561,0.57,0.5,0.257,0.477,0
2943,72,0,8,1.031,0.481,0.763,1.0,0.426,0.028,0
2944,70,1,3,0.7,0.591,0.334,0.25,-0.129,-0.149,0
2945,41,1,12,1.02,0.733,0.931,0.0,0.678,-0.04,0
2946,55,0,8,0.973,0.667,0.57,1.0,0.144,0.298,0
2947,34,1,6,0.72,0.49,0.799,0.0,0.278,-0.036,0
2948,69,0,4,0.903,0.591,0.435,0.0,0.058,0.274,0
2949,33,0,4,0.871,0.609,0.577,0.5,0.4,-0.106,0
2950,43,0,3,0.818,0.596,0.695,0.5,0.018,0.306,0
2951,57,0,4,0.817,0.696,0.505,0.5,0.092,0.134,0
2952,71,1,5,0.967,0.538,0.476,0.0,0.037,0.281,0
2953,74,1,4,0.884,0.7,0.724,0.0,0.182,0.008,0
2954,32,1,7,0.904,0.671,0.7,0.25,-0.051,0.164,0
2955,62,1,9,0.976,0.563,0.496,0.0,-0.005,0.173,0
2956,83,1,11,0.968,0.468,0.684,0.0,0.303,0.135,0
2957,67,0,12,0.804,0.834,0.902,0.0,0.294,0.116,0
2958,55,0,4,0.8,0.633,0.337,0.5,-0.086,0.09,0
2959,73,0,11,0.934,0.526,1.016,0.0,0.455,0.255,1
2960,31,1,8,0.938,0.503,0.665,0.0,0.17,0.047,0
2961,40,0,4,0.691,0.654,0.821,0.0,0.082,-0.012,0
2962,63,1,8,0.728,0.556,0.812,0.0,0.63,-0.149,0
2963,61,1,12,0.988,0.733,0.981,0.0,0.496,0.439,0
2964,67,0,11,0.797,0.556,0.907,0.25,0.684,0.289,0
2965,65,1,5,0.835,0.752,0.214,1.0,-0.237,0.035,0
2966,84,1,3,0.899,0.607,0.762,0.25,0.101,-0.021,0
2967,41,0,10,0.955,0.482,0.628,0.5,0.174,0.051,0
2968,42,0,7,0.808,0.71,0.893,0.5,0.566,0.132,0
2969,49,1,11,0.906,0.605,0.844,1.0,0.626,0.135,0
2970,55,0,4,0.7,0.534,0.689,0.25,0.353,-0.124,0
2971,32,1,5,0.749,0.572,0.679,0.0,0.341,-0.341,0
2972,39,1,5,0.754,0.493,0.467,0.5,0.192,0.054,1
2973,63,0,5,0.727,0.67,0.454,0.25,-0.204,0.005,0
2974,39,0,3,0.573,0.567,0.319,0.0,0.097,-0.202,0
2975,49,1,5,1.049,0.642,0.823,0.5,0.229,0.171,0
2976,32,0,6,0.746,0.522,0.682,0.0,0.51,0.104,0
2977,44,0,11,0.761,0.583,0.807,1.0,0.071,0.207,0
2978,62,1,8,1.147,0.585,0.573,0.0,0.14,0.436,1
2979,35,1,10,0.995,0.64,0.916,0.5,0.339,0.209,0
2980,39,1,11,1.066,0.566,0.861,0.0,0.592,0.411,0
2981,70,0,4,0.723,0.534,0.513,0.5,-0.199,0.125,0
2982,40,1,10,0.888,0.619,0.834,0.25,0.262,-0.039,0
2983,72,1,10,0.952,0.651,0.586,0.5,-0.045,0.38,0
2984,35,0,7,1.002,0.54,0.601,0.25,0.224,0.241,0
2985,41,1,10,0.944,0.713,0.546,0.0,-0.182,0.14,0
2986,78,1,10,0.992,0.611,0.788,0.0,0.007,0.068,0
2987,42,0,3,0.802,0.522,0.69,0.25,0.296,-0.132,0
2988,41,1,12,0.856,0.615,1.079,0.0,0.44,0.152,1
2989,81,1,11,0.98,0.606,0.556,0.25,-0.009,0.336,1
2990,64,1,5,1.142,0.747,0.33,0.75,-0.088,0.488,1
2991,72,1,4,1.012,0.581,0.815,0.75,0.198,0.072,0
2992,61,1,8,1.1,0.749,0.785,0.0,0.432,0.593,0
2993,49,1,9,0.977,0.524,0.911,0.75,0.216,0.358,0
2994,37,1,11,0.951,0.473,0.648,0.0,0.126,0.037,1
2995,47,0,11,0.778,0.53,1.041,0.5,0.74,0.06,0
2996,77,1,3,0.82,0.672,0.596,0.5,0.137,0.03,0
2997,76,0,7,0.95,0.7,0.898,0.5,0.383,0.275,1
2998,63,1,6,0.795,0.552,0.802,0.0,-0.055,-0.001,0
2999,46,0,12,0.869,0.688,1.054,0.5,0.354,0.121,0
3000,31,1,6,0.681,0.582,0.712,0.75,0.547,0.084,0
3001,51,0,6,0.7,0.563,0.765,0.0,0.201,-0.047,0
3002,72,0,5,0.749,0.559,0.557,0.0,0.212,-0.208,0
3003,34,0,5,0.828,0.63,0.948,0.0,0.61,-0.183,0
3004,41,1,9,0.861,0.618,0.694,0.75,0.218,0.163,1
3005,37,0,7,0.7,0.628,0.689,0.0,-0.011,0.128,0
3006,42,1,7,0.99,0.682,0.57,0.5,-0.034,0.121,0
3007,48,0,11,0.935,0.681,1.109,0.75,0.801,0.251,0
3008,83,1,10,0.976,0.661,0.959,0.0,0.342,0.219,0
3009,34,1,6,0.812,0.462,0.769,0.25,0.142,0.026,1
3010,46,1,11,1.071,0.6,0.933,0.5,0.394,0.528,0
3011,75,0,5,0.981,0.641,0.561,0.0,0.031,0.099,0
3012,36,1,3,0.699,0.7,0.305,0.75,0.183,0.132,0
3013,76,0,9,0.837,0.577,0.69,0.0,0.049,0.188,0
3014,84,1,12,0.868,0.574,0.958,0.75,0.402,0.078,0
3015,47,1,12,0.82,0.303,0.834,1.0,0.327,-0.028,1
3016,83,0,4,0.906,0.593,0.545,0.0,0.164,0.147,0
3017,61,1,3,0.895,0.574,0.773,0.25,0.381,0.012,0
3018,74,1,12,0.958,0.634,0.798,0.0,0.25,0.173,0
3019,42,0,3,0.814,0.518,0.43,0.0,0.145,0.013,0
3020,72,0,10,0.96,0.442,0.614,0.0,0.155,0.426,0
3021,41,0,6,0.828,0.52,0.723,0.0,0.184,0.139,0
3022,81,0,4,0.931,0.601,0.438,0.25,-0.022,0.221,0
3023,80,1,10,0.907,0.606,1.149,0.0,0.662,0.08,1
3024,65,0,7,0.755,0.58,0.724,0.0,0.48,0.055,0
3025,72,1,5,0.776,0.538,0.72,1.0,0.272,0.012,0
3026,75,0,6,0.806,0.537,0.496,0.5,-0.237,0.163,0
3027,36,0,9,0.941,0.49,0.446,0.0,-0.174,0.169,0
3028,40,0,12,1.056,0.501,1.11,0.0,0.41,0.098,0
3029,68,1,10,0.883,0.588,0.567,1.0,-0.124,0.261,0
3030,37,1,6,0.872,0.573,0.664,0.0,0.2,-0.009,0
3031,47,0,12,1.073,0.522,0.911,0.0,0.532,0.312,1
3032,60,0,3,0.837,0.574,0.65,0.75,0.21,0.134,0
3033,79,0,5,0.965,0.542,0.629,0.5,0.138,0.22,1
3034,46,0,12,1.014,0.606,0.895,0.5,0.451,0.477,0
3035,64,1,6,0.728,0.455,0.616,0.5,0.229,0.209,1
3036,34,1,12,0.993,0.535,0.988,0.0,0.218,0.498,0
3037,59,0,9,0.801,0.683,0.469,0.0,-0.146,-0.046,0
3038,64,1,6,0.941,0.625,0.719,0.0,0.236,0.051,0
3039,37,0,4,0.61,0.576,0.495,0.0,0.233,-0.083,0
3040,36,1,11,0.918,0.548,0.764,0.0,0.483,0.204,0
3041,50,0,5,0.82,0.647,0.471,0.0,0.005,0.057,0
3042,49,0,8,0.977,0.618,0.709,0.0,0.096,0.345,0
3043,77,1,8,1.047,0.57,0.632,0.5,0.093,0.199,0
3044,47,0,7,0.863,0.523,0.675,0.75,0.169,0.236,0
3045,44,1,4,0.839,0.608,0.566,0.0,0.039,0.182,0
3046,30,0,8,0.787,0.599,0.7,1.0,0.038,0.065,0
3047,62,0,8,0.893,0.543,0.544,0.25,-0.021,0.186,0
3048,78,0,12,1.094,0.549,0.89,0.25,0.337,0.361,0
3049,35,0,11,1.238,0.467,0.695,0.75,0.465,0.469,1
3050,55,0,8,0.956,0.641,0.823,0.0,0.188,0.14,0
3051,80,0,11,1.047,0.461,1.016,0.0,0.569,0.394,0
3052,55,0,4,0.739,0.518,0.375,0.25,-0.04,0.231,0
3053,33,1,9,1.199,0.469,0.739,0.0,0.251,0.343,0
3054,77,0,8,0.844,0.613,0.683,0.0,0.262,0.36,1
3055,38,1,7,0.861,0.608,0.7,0.0,0.279,0.127,0
3056,49,1,5,0.647,0.7,0.501,0.5,0.203,-0.083,0
3057,44,0,5,0.943,0.571,0.672,0.0,0.165,0.168,0
3058,69,0,11,1.103,0.626,0.838,1.0,0.302,0.278,0
3059,53,1,10,0.96,0.679,1.027,0.0,0.437,0.183,0
3060,46,1,12,0.99,0.545,0.652,0.5,0.341,0.192,1
3061,68,1,11,0.902,0.566,0.812,0.5,0.35,0.099,0
3062,50,1,12,0.705,0.663,0.936,1.0,0.344,0.089,0
3063,79,0,6,0.796,0.54,0.638,0.0,0.354,0.153,0
3064,31,1,12,1.05,0.586,0.762,0.25,0.441,0.388,0
3065,32,0,6,0.874,0.653,0.549,0.25,0.211,0.126,0
3066,46,1,11,1.092,0.486,1.052,0.0,0.969,0.453,0
3067,60,0,3,1.049,0.522,0.918,0.25,0.572,0.262,1
3068,45,1,8,1.046,0.506,0.901,0.0,0.36,0.226,0
3069,36,0,12,0.991,0.498,0.916,0.0,0.496,0.295,0
3070,57,0,6,0.933,0.531,0.849,0.0,0.45,0.144,0
3071,84,1,9,0.991,0.534,0.928,0.0,0.515,0.02,0
3072,70,0,12,0.934,0.458,0.963,0.0,0.23,0.091,0
3073,57,1,9,0.995,0.542,0.741,0.25,0.168,0.319,0
3074,32,1,7,0.758,0.7,0.75,0.0,0.267,0.166,0
3075,49,0,11,0.91,0.508,0.578,0.0,0.089,0.15,0
3076,47,0,10,0.948,0.554,0.663,0.75,0.189,0.344,0
3077,79,0,8,0.874,0.697,0.842,0.0,0.815,-0.034,0
3078,77,0,12,0.883,0.561,0.712,0.25,0.278,0.192,0
3079,74,0,10,0.982,0.497,1.072,0.25,0.463,0.246,0
3080,61,0,7,0.909,0.462,0.629,0.25,0.245,0.164,0
3081,64,0,10,1.014,0.62,0.57,1.0,0.331,0.259,0
3082,60,0,4,0.769,0.709,0.303,0.0,-0.381,-0.084,0
3083,80,1,9,0.954,0.548,0.628,0.5,0.379,0.167,1
3084,44,0,12,1.003,0.648,0.968,0.25,0.321,0.284,0
3085,46,0,7,0.7,0.57,0.809,0.0,0.462,0.0,0
3086,37,0,3,0.772,0.441,0.577,0.0,0.007,-0.069,0
3087,41,1,6,0.766,0.629,0.618,1.0,-0.054,0.044,0
3088,70,0,6,0.756,0.663,0.728,0.25,0.598,0.162,0
3089,42,0,7,0.859,0.7,0.862,0.0,0.275,0.256,0
3090,75,1,10,0.825,0.63,0.606,0.75,0.003,-0.004,0
3091,50,0,10,1.065,0.514,1.026,0.0,0.668,0.31,0
3092,48,0,4,0.887,0.585,0.699,0.25,0.266,0.094,0
3093,74,0,12,1.042,0.515,0.78,0.0,0.537,0.268,1
3094,37,0,4,0.882,0.806,0.479,0.0,0.029,0.182,0
3095,48,0,12,0.931,0.546,0.66,0.0,0.287,0.325,0
3096,82,0,6,0.738,0.634,0.955,0.0,0.544,-0.174,0
3097,70,1,10,0.981,0.556,1.008,0.0,0.42,0.222,1
3098,74,0,6,0.89,0.489,0.665,0.0,0.319,0.274,0
3099,63,0,12,0.875,0.446,0.748,0.25,0.208,0.201,0
3100,46,0,10,0.843,0.607,0.89,0.25,0.514,0.119,0
3101,75,1,8,0.838,0.494,0.981,1.0,0.416,0.169,1
3102,55,1,6,0.593,0.69,0.343,0.0,-0.061,-0.25,0
3103,83,1,3,0.731,0.531,0.459,0.0,0.006,-0.044,1
3104,82,0,9,1.037,0.503,0.791,0.75,0.437,0.209,0
3105,42,0,5,0.8,0.599,0.669,0.0,0.287,-0.029,0
3106,40,0,12,1.015,0.555,0.704,1.0,0.524,0.176,0
3107,84,0,5,0.833,0.632,0.89,0.75,0.205,-0.16,1
3108,46,0,7,0.865,0.652,0.655,0.0,-0.003,0.137,1
3109,35,0,9,0.918,0.588,1.193,0.0,0.791,0.287,0
3110,64,0,4,0.889,0.616,0.919,0.0,0.524,0.029,1
3111,81,1,5,0.699,0.393,0.402,0.0,0.08,-0.146,0
3112,59,0,3,0.803,0.528,0.709,0.0,-0.017,0.181,0
3113,51,0,10,0.7,0.656,0.757,0.25,0.492,0.145,0
3114,45,1,6,0.912,0.657,0.856,0.0,0.563,0.095,0
3115,45,1,7,0.833,0.524,0.665,0.0,0.412,0.135,0
3116,58,0,3,0.844,0.659,0.556,0.0,0.144,-0.047,0
3117,44,1,8,0.891,0.481,0.77,0.0,0.234,-0.12,0
3118,67,1,5,0.874,0.568,0.454,0.0,0.086,0.111,1
3119,56,0,11,1.083,0.517,0.782,0.0,0.125,0.245,0
3120,56,0,5,0.757,0.614,0.579,0.0,0.187,-0.301,0
3121,73,0,7,0.84,0.599,0.679,1.0,0.384,-0.014,0
3122,72,0,9,0.959,0.718,0.656,0.25,0.124,0.33,0
3123,70,0,4,0.814,0.739,0.853,0.0,0.597,-0.099,0
3124,81,1,10,1.049,0.573,0.64,0.75,-0.06,0.257,1
3125,32,0,9,0.894,0.621,0.829,0.0,0.244,0.141,0
3126,76,0,9,0.908,0.545,0.617,0.0,0.45,0.186,0
3127,43,1,12,0.959,0.576,0.741,0.25,0.384,0.266,1
3128,32,0,6,0.783,0.546,0.844,0.0,0.383,-0.014,0
3129,57,0,10,0.99,0.523,1.086,0.5,0.629,0.178,0
3130,81,1,10,0.946,0.533,1.218,0.25,0.639,0.171,1
3131,66,0,8,0.794,0.663,0.756,0.75,0.546,-0.007,1
3132,68,0,4,0.861,0.624,0.423,0.0,-0.076,-0.076,0
3133,44,1,9,1.003,0.591,0.715,0.75,0.502,0.167,0
3134,58,0,4,0.675,0.522,0.67,0.25,0.363,-0.159,0
3135,31,1,9,0.973,0.528,0.744,0.75,0.407,0.257,0
3136,57,0,6,0.738,0.658,0.41,0.5,-0.086,-0.03,0
3137,50,1,5,0.676,0.604,0.815,0.0,0.423,0.089,0
3138,33,1,10,1.219,0.533,0.974,1.0,0.36,0.47,0
3139,72,0,4,0.866,0.539,0.477,0.0,0.041,0.199,0
3140,61,0,11,1.017,0.561,0.476,0.0,-0.3,0.218,0
3141,53,0,6,0.982,0.498,0.562,1.0,-0.052,0.322,0
3142,70,0,5,0.751,0.582,0.449,1.0,0.162,0.052,0
3143,47,0,3,0.689,0.56,0.661,0.0,0.14,-0.045,0
3144,37,0,3,0.789,0.662,0.459,0.0,0.024,0.08,0
3145,77,0,12,1.157,0.531,1.037,0.75,0.695,0.4,0
3146,52,0,5,0.8,0.545,0.308,0.5,0.293,0.164,0
3147,45,0,3,0.666,0.615,0.472,0.0,0.021,-0.034,0
3148,62,0,3,0.519,0.578,0.7,0.0,0.508,-0.27,0
3149,74,0,12,1.034,0.53,1.017,0.25,0.517,0.217,0
3150,53,1,7,1.093,0.5,0.817,0.5,0.244,0.266,0
3151,55,0,11,0.831,0.665,0.7,0.75,0.227,0.069,1
3152,79,0,8,1.004,0.687,1.03,0.0,0.595,0.107,1
3153,53,0,11,1.05,0.498,0.7,0.0,0.355,0.199,1
3154,70,1,4,0.834,0.487,0.701,0.0,0.221,0.134,0
3155,49,0,9,0.867,0.476,0.715,0.0,0.444,0.126,0
3156,70,1,5,0.899,0.599,0.494,0.0,0.099,-0.046,0
3157,73,0,3,0.693,0.641,0.655,1.0,0.336,-0.065,1
3158,47,1,12,0.91,0.483,0.867,0.0,0.434,0.069,0
3159,63,0,3,0.666,0.526,0.684,1.0,0.084,-0.186,0
3160,35,0,5,0.817,0.582,0.52,0.0,-0.168,0.035,0
3161,82,1,5,0.903,0.573,1.033,0.25,0.794,0.196,1
3162,32,1,5,0.834,0.488,0.535,0.0,0.025,0.134,0
3163,34,1,12,1.243,0.525,0.791,0.0,0.246,0.554,0
3164,55,0,8,1.076,0.596,0.7,0.0,0.188,0.261,0
3165,57,0,9,0.874,0.591,0.762,0.25,0.313,0.263,0
3166,33,0,9,0.973,0.621,0.583,0.0,-0.133,0.199,0
3167,60,0,3,0.851,0.551,0.428,1.0,-0.051,0.259,0
3168,46,1,3,0.886,0.539,0.57,0.0,-0.13,0.472,0
3169,30,0,11,0.775,0.577,0.738,0.25,0.206,0.104,0
3170,78,1,12,0.912,0.477,0.807,0.0,0.139,0.207,0
3171,71,1,9,0.918,0.603,0.7,0.0,0.487,0.068,0
3172,54,1,4,0.826,0.729,0.459,0.0,-0.226,0.18,0
3173,42,1,4,0.843,0.712,0.452,0.25,0.316,-0.177,0
3174,57,1,12,0.867,0.376,0.7,0.0,-0.0,0.063,0
3175,73,1,10,0.898,0.533,0.917,0.0,0.571,0.153,1
3176,64,0,11,0.79,0.381,1.037,0.5,0.483,-0.049,1
3177,66,1,9,0.821,0.496,0.798,0.25,0.577,-0.03,0
3178,45,1,10,0.912,0.623,0.912,0.0,0.054,0.32,0
3179,70,1,12,0.978,0.53,0.7,1.0,0.015,0.415,1
3180,47,0,9,0.837,0.515,0.823,0.25,0.746,0.146,0
3181,59,0,12,1.005,0.428,1.246,0.75,1.013,0.393,0
3182,64,1,6,0.715,0.557,0.737,0.0,0.138,-0.087,0
3183,52,0,7,0.784,0.51,0.828,0.0,0.484,0.028,0
3184,44,1,5,0.875,0.624,0.344,1.0,0.051,0.133,1
3185,33,0,12,0.894,0.586,0.977,0.0,0.518,0.053,0
3186,43,0,8,0.937,0.595,0.576,0.25,0.103,0.014,0
3187,34,1,6,0.821,0.603,0.343,0.5,-0.317,-0.029,0
3188,31,1,9,0.911,0.415,0.778,0.0,0.078,0.139,0
3189,84,1,9,0.891,0.647,0.52,0.0,-0.071,0.159,0
3190,63,1,3,0.585,0.7,0.628,0.0,0.01,-0.0,0
3191,73,0,7,0.919,0.51,0.418,1.0,-0.119,0.168,1
3192,32,1,7,0.749,0.711,0.813,0.25,0.289,-0.008,0
3193,56,1,9,0.887,0.7,1.045,0.0,0.534,0.144,0
3194,70,1,7,1.077,0.564,0.72,0.0,0.271,0.337,0
3195,58,1,7,0.689,0.618,0.725,0.5,0.192,-0.144,0
3196,38,0,8,0.865,0.617,0.676,0.0,0.271,0.175,0
3197,69,1,4,0.739,0.419,0.466,0.0,-0.097,0.045,0
3198,32,0,4,0.963,0.563,0.743,0.0,0.402,0.086,0
3199,55,0,11,1.018,0.474,0.755,1.0,-0.053,0.345,0
3200,70,0,10,1.049,0.52,0.852,1.0,0.183,0.281,0
3201,75,0,10,0.929,0.699,0.594,0.0,-0.024,0.275,0
3202,65,1,7,0.776,0.585,0.807,1.0,0.339,-0.013,1
3203,42,0,5,0.824,0.675,0.425,1.0,-0.047,0.38,0
3204,82,1,7,0.866,0.574,1.0,0.0,0.577,0.114,1
3205,56,0,4,0.723,0.581,0.225,0.0,-0.194,0.01,0
3206,44,0,5,0.9,0.551,0.664,0.0,-0.092,0.246,0
3207,63,1,5,0.682,0.7,0.62,0.0,0.143,-0.113,0
3208,60,1,4,0.895,0.787,0.452,0.5,-0.059,0.083,0
3209,71,1,7,0.857,0.508,0.726,1.0,0.278,0.066,1
3210,65,1,3,0.773,0.627,0.625,0.5,0.51,0.004,0
3211,80,0,7,0.898,0.666,0.669,0.0,0.314,0.174,0
3212,84,0,3,0.556,0.747,0.389,1.0,-0.011,-0.04,1
3213,33,1,4,0.875,0.667,0.564,0.0,-0.027,0.177,0
3214,66,0,12,0.956,0.55,0.958,0.25,0.649,0.265,0
3215,32,1,6,0.989,0.547,0.882,0.0,0.182,0.304,0
3216,46,1,12,1.081,0.542,0.872,0.75,0.653,0.452,0
3217,41,1,10,1.082,0.51,0.943,0.5,0.358,0.258,1
3218,32,0,6,0.774,0.525,0.473,0.0,0.067,-0.023,0
3219,79,0,7,0.898,0.525,0.678,0.5,0.154,0.362,0
3220,47,1,10,1.063,0.544,0.949,0.0,0.508,0.495,1
3221,64,0,3,0.936,0.486,0.442,0.0,0.292,0.309,0
3222,32,0,6,0.798,0.579,0.714,0.5,0.089,0.11,0
3223,64,0,8,0.98,0.7,0.595,0.0,0.264,0.283,0
3224,35,0,8,0.995,0.671,0.606,0.0,0.163,0.556,0
3225,74,1,4,0.835,0.644,0.788,1.0,0.257,0.108,0
3226,54,0,5,0.873,0.562,0.718,0.5,0.067,0.15,0
3227,76,1,5,0.64,0.611,0.805,1.0,0.505,-0.026,1
3228,77,0,9,0.963,0.484,0.664,0.0,0.139,0.215,0
3229,31,1,6,0.914,0.44,0.484,1.0,-0.023,0.216,0
3230,54,1,8,1.056,0.7,0.774,0.0,0.369,0.187,0
3231,83,1,6,0.882,0.467,0.667,0.75,-0.024,0.086,0
3232,37,1,6,1.001,0.572,0.824,0.5,0.354,-0.002,0
3233,39,0,7,0.534,0.517,0.61,0.0,-0.151,-0.256,0
3234,62,1,8,0.841,0.616,0.822,0.0,0.498,0.141,0
3235,46,0,11,0.926,0.693,0.59,1.0,0.17,0.126,0
3236,43,0,8,0.829,0.479,0.544,0.25,0.157,0.181,0
3237,68,0,10,1.082,0.519,0.774,0.0,0.377,0.307,0
3238,67,0,12,1.146,0.452,0.507,0.0,0.078,0.486,0
3239,76,0,3,0.821,0.553,0.271,0.0,-0.166,0.065,0
3240,44,1,6,1.084,0.536,0.7,0.0,0.002,0.341,0
3241,84,1,11,0.7,0.497,0.876,1.0,0.384,-0.146,1
3242,35,0,9,0.996,0.472,0.917,0.0,0.572,0.301,0
3243,57,0,3,0.904,0.671,0.513,0.75,-0.1,0.041,0
3244,54,0,12,1.004,0.521,1.067,0.25,0.647,0.193,0
3245,55,1,11,0.891,0.563,0.757,0.5,0.394,-0.08,0
3246,38,1,5,0.787,0.452,0.7,0.5,0.505,-0.206,0
3247,45,1,4,0.893,0.642,0.574,0.25,0.126,0.291,0
3248,65,0,12,1.103,0.622,0.796,0.0,0.631,0.195,0
3249,80,0,10,0.839,0.283,0.946,0.0,0.835,0.102,0
3250,30,0,3,0.93,0.7,0.358,0.25,-0.341,0.31,0
3251,50,0,12,1.029,0.637,1.269,0.0,1.043,0.244,0
3252,68,1,6,0.709,0.642,1.132,0.0,0.361,-0.131,1
3253,36,1,12,0.888,0.447,1.15,0.0,0.844,0.126,1
3254,46,1,4,0.777,0.684,0.707,0.0,0.299,-0.098,0
3255,39,1,6,0.864,0.579,0.81,1.0,0.568,0.168,1
3256,79,0,11,1.059,0.486,1.063,0.0,0.803,0.21,0
3257,54,0,3,0.9,0.543,0.7,0.0,0.175,0.24,0
3258,70,0,11,0.957,0.57,0.728,0.5,0.326,0.312,0
3259,72,1,10,0.944,0.679,0.973,0.25,0.297,0.288,0
3260,41,0,11,1.001,0.473,0.774,0.5,0.171,0.349,0
3261,57,1,11,0.7,0.552,0.776,0.0,0.278,-0.249,0
3262,39,1,8,1.101,0.484,0.48,0.5,0.08,0.367,0
3263,63,1,9,0.986,0.442,0.597,0.75,-0.049,0.139,0
3264,50,0,9,1.065,0.522,0.773,0.0,0.449,0.37,0
3265,36,1,8,0.69,0.492,0.726,0.0,0.136,0.048,0
3266,67,0,10,0.997,0.7,1.279,0.75,1.003,0.274,0
3267,73,0,5,1.049,0.469,0.634,0.0,0.312,0.097,1
3268,45,0,3,0.9,0.608,0.576,0.0,0.07,0.22,0
3269,39,0,9,0.745,0.599,0.618,0.0,0.107,0.202,0
3270,61,1,8,0.856,0.646,1.093,0.0,0.268,0.162,0
3271,53,0,5,0.793,0.66,0.657,0.0,0.191,0.033,0
3272,76,0,11,0.935,0.494,0.7,0.25,0.06,0.25,0
3273,43,1,7,0.925,0.534,0.555,0.25,0.175,0.012,0
3274,40,0,5,0.572,0.579,0.67,0.0,0.41,-0.153,1
3275,38,1,11,0.956,0.567,0.52,1.0,-0.055,0.188,0
3276,38,0,10,0.924,0.565,0.933,0.0,0.361,0.209,0
3277,68,1,11,0.997,0.515,0.724,0.0,0.414,0.186,0
3278,45,0,12,0.839,0.631,1.085,0.0,0.404,-0.266,1
3279,70,1,12,1.04,0.467,0.746,1.0,0.094,0.351,0
3280,49,0,12,1.025,0.59,0.872,0.0,0.094,0.277,0
3281,83,0,5,0.914,0.56,0.791,0.0,0.528,0.084,0
3282,60,1,4,0.943,0.554,0.347,0.5,-0.297,0.278,0
3283,55,0,4,0.762,0.425,0.389,0.25,-0.22,0.036,0
3284,61,1,9,0.744,0.518,0.732,1.0,0.215,-0.081,0
3285,37,0,4,0.775,0.565,0.607,0.5,-0.101,0.033,0
3286,61,1,8,0.93,0.414,1.028,0.5,0.494,0.227,0
3287,55,1,8,0.891,0.63,0.967,0.0,0.474,0.163,0
3288,73,0,8,0.781,0.566,0.749,0.5,0.049,-0.092,0
3289,76,0,3,0.686,0.602,0.481,0.0,-0.117,0.002,0
3290,48,0,3,0.831,0.562,0.594,0.5,0.283,0.345,0
3291,39,1,6,0.678,0.619,0.336,0.25,0.073,-0.168,0
3292,68,1,4,1.064,0.469,0.428,0.0,0.337,0.121,0
3293,53,1,9,1.095,0.497,0.655,0.0,0.058,0.339,0
3294,56,0,3,0.895,0.726,0.408,0.0,-0.327,0.156,0
3295,84,1,9,0.958,0.708,0.595,0.0,0.088,0.113,0
3296,50,0,12,1.088,0.486,1.051,0.0,0.575,0.235,0
3297,78,1,9,0.725,0.575,0.862,0.75,0.32,-0.103,0
3298,53,0,6,0.806,0.583,0.649,0.25,0.011,-0.023,0
3299,39,0,3,0.582,0.544,0.695,0.0,0.039,-0.281,0
3300,81,0,10,0.967,0.552,0.619,0.0,0.001,0.399,0
3301,62,1,5,0.842,0.688,0.637,0.5,0.085,-0.018,0
3302,45,0,10,1.112,0.763,0.681,0.0,0.215,0.276,0
3303,30,1,6,1.023,0.508,0.667,0.75,0.019,0.213,0
3304,41,0,9,0.785,0.689,0.709,1.0,0.205,0.02,0
3305,51,0,6,0.792,0.592,0.701,0.0,0.193,-0.105,0
3306,36,0,10,1.013,0.561,0.71,0.0,0.276,0.253,0
3307,30,0,3,0.857,0.744,0.7,0.0,0.327,0.125,0
3308,81,0,7,1.102,0.632,0.546,0.0,0.17,0.393,0
3309,46,1,11,1.113,0.486,0.86,0.75,0.263,0.347,1
3310,65,1,3,0.787,0.581,0.786,0.0,0.414,-0.043,0
3311,52,0,6,0.875,0.706,0.423,0.0,0.12,-0.075,1
3312,55,1,6,0.693,0.408,0.695,0.25,0.296,-0.021,0
3313,81,0,7,0.8,0.609,0.698,0.0,0.47,-0.14,0
3314,69,1,10,0.904,0.468,0.9,0.5,0.269,0.253,0
3315,34,1,10,0.57,0.649,0.824,0.5,0.142,-0.003,1
3316,56,1,7,0.949,0.587,0.907,0.25,0.499,0.094,0
3317,54,1,12,0.917,0.492,1.161,0.75,0.555,0.126,1
3318,62,0,12,0.935,0.545,0.879,0.25,0.379,0.009,0
3319,62,1,5,0.933,0.488,0.575,0.0,-0.069,0.005,0
3320,74,1,11,1.073,0.559,0.877,0.25,0.771,0.321,0
3321,60,1,6,0.862,0.646,0.875,0.75,0.548,0.106,0
3322,35,1,8,1.005,0.627,0.523,0.75,0.227,0.412,0
3323,79,0,7,0.793,0.646,0.623,0.0,0.187,0.006,0
3324,41,0,8,0.96,0.69,0.899,0.0,0.335,0.135,0
3325,75,0,6,0.72,0.66,0.644,0.0,0.078,-0.247,0
3326,64,1,8,0.929,0.458,0.636,0.0,0.08,0.12,1
3327,59,0,8,0.755,0.534,1.001,0.0,0.483,-0.122,0
3328,82,0,3,0.836,0.658,0.377,0.5,-0.16,0.198,0
3329,81,1,9,0.856,0.559,0.728,1.0,0.032,0.21,0
3330,66,0,10,1.048,0.7,0.818,0.0,0.473,0.237,0
3331,36,1,3,0.927,0.613,0.822,0.0,0.492,0.116,0
3332,48,1,8,0.845,0.63,0.545,0.5,0.197,0.274,0
3333,84,0,6,0.795,0.559,0.49,0.0,-0.082,0.042,0
3334,63,1,7,0.712,0.625,0.394,0.75,0.006,0.019,0
3335,74,1,3,0.776,0.559,0.632,0.25,0.007,0.074,0
3336,52,1,3,0.677,0.529,0.541,0.25,0.076,-0.134,0
3337,34,0,7,0.91,0.657,0.772,0.0,0.44,-0.012,0
3338,55,0,12,0.964,0.528,1.172,0.0,0.531,0.181,0
3339,67,0,9,0.925,0.519,0.547,0.0,-0.041,0.192,0
3340,79,1,10,0.812,0.707,1.031,0.0,0.615,0.005,0
3341,60,1,7,0.942,0.618,0.753,0.75,-0.153,0.134,0
3342,42,1,11,0.928,0.581,0.891,0.25,0.823,0.289,1
3343,75,1,6,0.787,0.606,0.598,1.0,0.08,0.009,1
3344,60,0,3,0.637,0.651,0.627,1.0,0.358,-0.15,0
3345,71,0,5,0.845,0.591,0.53,0.25,0.432,-0.043,0
3346,38,1,7,0.83,0.593,0.746,1.0,0.301,0.13,0
3347,67,0,6,0.787,0.729,0.7,0.75,0.354,-0.157,0
3348,65,1,9,0.973,0.556,0.912,0.0,0.313,0.286,0
3349,40,1,7,0.838,0.667,0.681,0.0,0.053,-0.079,0
3350,58,1,4,0.767,0.653,0.462,0.25,0.083,0.12,0
3351,61,0,5,0.946,0.629,0.517,0.0,0.286,0.18,0
3352,35,1,6,1.119,0.666,0.42,0.25,0.071,0.399,0
3353,55,0,9,1.118,0.564,0.672,0.0,0.289,0.435,0
3354,62,1,4,0.975,0.653,0.658,0.0,0.239,0.31,0
3355,80,1,5,0.705,0.529,0.55,0.0,-0.063,-0.026,0
3356,68,1,5,0.735,0.598,0.584,0.75,0.004,-0.062,1
3357,69,0,5,0.864,0.605,0.993,0.0,0.391,0.136,0
3358,82,1,8,1.057,0.601,0.462,0.5,0.022,0.22,1
3359,77,1,6,0.945,0.505,0.727,0.0,0.108,0.312,0
3360,57,0,5,0.991,0.495,0.601,0.25,0.018,0.233,0
3361,76,0,11,0.822,0.751,0.544,0.25,-0.156,0.178,0
3362,32,1,12,1.0,0.521,0.924,0.0,0.235,0.344,0
3363,83,0,9,0.758,0.449,0.933,0.5,0.398,-0.073,0
3364,78,0,7,0.924,0.549,0.321,0.5,-0.287,0.277,0
3365,67,1,11,0.869,0.695,0.854,0.0,0.365,0.128,0
3366,49,1,6,0.805,0.602,0.585,0.0,0.185,-0.099,0
3367,40,0,4,0.886,0.506,0.445,0.0,-0.092,0.166,0
3368,30,1,8,0.928,0.688,0.549,0.0,0.025,0.143,0
3369,50,1,7,1.065,0.628,0.642,1.0,0.239,0.089,0
3370,71,0,3,0.819,0.577,0.526,0.0,0.22,-0.061,0
3371,30,1,3,0.748,0.611,0.803,0.5,0.354,-0.155,0
3372,30,0,3,0.779,0.676,0.61,0.5,0.079,0.238,0
3373,58,0,7,1.012,0.591,0.398,0.25,-0.174,0.376,0
3374,42,1,5,0.637,0.471,0.679,0.0,0.28,-0.252,0
3375,57,0,8,0.724,0.533,0.82,0.0,0.287,-0.148,0
3376,69,0,7,1.003,0.501,0.547,0.25,0.198,0.238,0
3377,69,0,9,0.727,0.615,1.009,0.0,0.36,-0.132,0
3378,44,1,3,1.101,0.619,0.545,0.5,0.337,0.477,0
3379,37,1,7,0.737,0.47,0.655,0.0,0.377,0.007,1
3380,72,0,11,0.942,0.553,0.902,0.0,0.509,0.141,0
3381,83,1,6,1.166,0.679,0.503,0.0,0.013,0.634,1
3382,31,1,10,0.7,0.545,0.844,0.0,0.104,-0.034,0
3383,60,0,5,0.907,0.682,0.677,0.75,0.369,0.218,0
3384,78,1,10,0.798,0.621,0.773,0.5,0.215,0.217,0
3385,53,1,3,0.598,0.706,0.232,0.5,-0.09,-0.041,0
3386,77,0,7,0.752,0.674,0.864,0.25,0.164,-0.025,0
3387,34,0,10,0.84,0.585,0.434,1.0,-0.138,0.072,0
3388,46,0,9,1.062,0.68,0.839,0.25,0.502,0.506,1
3389,49,0,4,0.948,0.528,0.683,0.0,0.341,0.509,0
3390,76,1,4,0.917,0.53,0.627,1.0,0.178,-0.05,0
3391,49,1,12,1.07,0.485,0.652,0.0,0.423,0.545,0
3392,51,1,4,0.793,0.618,0.7,0.0,0.351,0.171,0
3393,46,0,8,0.901,0.585,0.7,0.75,0.121,0.305,0
3394,73,0,6,0.907,0.663,0.832,0.25,-0.068,0.255,0
3395,78,0,11,0.991,0.673,0.837,0.0,0.493,0.255,0
3396,51,1,6,0.771,0.655,0.546,0.0,-0.153,0.015,0
3397,35,1,6,0.935,0.531,0.581,0.0,0.169,0.037,0
3398,75,0,3,0.999,0.593,0.392,0.0,-0.036,0.312,0
3399,69,1,6,0.897,0.688,0.706,0.0,0.053,0.075,0
3400,51,1,5,0.793,0.581,0.636,0.75,-0.28,0.185,0
3401,30,1,4,0.694,0.544,0.577,0.25,-0.01,0.217,0
3402,74,1,11,0.924,0.526,0.863,0.0,0.236,0.126,0
3403,74,1,6,0.734,0.482,0.82,0.0,0.361,0.214,0
3404,44,0,12,0.81,0.483,1.094,0.0,0.819,0.055,1
3405,61,1,8,0.7,0.47,0.756,0.75,0.289,-0.025,0
3406,39,1,5,0.954,0.467,0.677,0.5,0.224,0.188,0
3407,36,1,6,0.897,0.514,0.704,1.0,0.272,0.177,0
3408,37,0,4,0.681,0.538,0.434,0.0,0.167,-0.019,0
3409,83,0,8,0.752,0.641,0.891,0.0,0.315,0.165,0
3410,50,0,7,0.678,0.53,0.669,0.25,0.087,0.125,0
3411,35,1,11,0.91,0.608,0.918,0.0,0.218,0.174,0
3412,35,0,12,1.195,0.574,0.982,0.0,0.368,0.474,0
3413,54,1,10,0.969,0.546,0.968,0.5,0.473,0.472,0
3414,36,0,8,0.985,0.56,0.981,0.0,0.777,0.195,0
3415,66,1,7,0.921,0.646,0.649,0.25,0.127,0.157,0
3416,44,1,4,0.817,0.665,0.791,0.0,0.579,0.11,0
3417,80,1,3,0.968,0.435,0.603,0.0,0.189,0.306,0
3418,44,0,3,0.867,0.649,0.662,0.75,0.313,0.182,0
3419,54,1,5,0.639,0.435,0.772,0.25,0.372,-0.047,0
3420,55,0,9,0.881,0.458,0.808,0.0,0.302,0.208,0
3421,83,1,7,0.707,0.492,0.792,0.0,0.151,0.007,0
3422,63,0,8,0.758,0.596,0.66,1.0,0.377,-0.044,1
3423,72,1,5,0.761,0.813,0.428,0.0,-0.212,-0.125,0
3424,57,1,12,1.011,0.465,0.923,0.0,0.294,0.239,0
3425,52,0,11,0.916,0.684,0.879,0.25,0.262,0.145,0
3426,44,1,8,0.783,0.644,0.893,0.25,0.193,-0.029,0
3427,74,0,11,1.11,0.559,0.816,0.5,0.437,0.683,0
3428,71,0,10,0.878,0.521,0.657,0.5,0.577,0.178,0
3429,67,1,8,0.939,0.531,0.571,0.0,-0.129,0.23,0
3430,50,0,6,0.871,0.587,0.586,0.0,0.334,-0.003,0
3431,46,0,3,0.877,0.7,0.544,0.0,-0.109,-0.059,0
3432,61,0,6,0.531,0.627,0.429,0.0,-0.139,-0.25,0
3433,43,1,10,0.998,0.46,0.786,0.0,0.279,0.417,0
3434,35,0,3,0.695,0.776,0.382,0.0,-0.102,0.157,0
3435,80,1,7,0.758,0.512,0.934,0.5,0.154,0.058,1
3436,66,1,7,1.02,0.727,0.792,0.25,0.422,0.206,0
3437,47,1,12,0.875,0.52,0.853,0.0,0.272,0.28,0
3438,40,1,6,0.834,0.617,0.304,0.0,-0.204,0.036,0
3439,59,1,5,0.863,0.68,0.555,1.0,0.447,-0.169,0
3440,49,0,12,0.7,0.594,1.014,0.0,0.544,0.004,0
3441,64,0,11,0.914,0.577,0.652,0.5,-0.015,0.105,0
3442,44,0,9,0.914,0.531,0.881,0.25,0.429,0.02,0
3443,50,1,8,0.96,0.499,0.607,0.75,0.228,0.243,0
3444,61,0,5,0.921,0.687,0.467,0.75,-0.148,0.052,0
3445,81,1,7,0.824,0.616,0.793,0.0,0.362,0.081,1
3446,53,1,8,1.126,0.512,0.801,0.0,0.25,0.401,0
3447,36,1,5,0.651,0.543,0.222,0.0,-0.455,-0.151,0
3448,68,1,8,0.829,0.58,0.78,0.5,0.124,0.053,0
3449,45,1,5,0.708,0.655,0.477,0.5,0.019,-0.024,0
3450,77,1,6,0.696,0.507,0.764,0.75,0.194,-0.077,0
3451,41,1,4,0.631,0.555,0.353,0.25,0.207,0.046,0
3452,65,1,3,0.924,0.576,0.502,0.0,-0.021,0.178,0
3453,77,0,5,0.795,0.698,0.901,1.0,0.298,-0.132,0
3454,43,0,4,0.567,0.462,0.671,0.75,0.255,-0.252,0
3455,47,1,5,0.873,0.512,1.042,0.75,0.432,0.09,1
3456,62,0,12,0.992,0.554,1.062,0.0,0.85,0.299,0
3457,49,1,9,1.048,0.599,0.964,0.0,0.473,0.501,0
3458,66,1,7,0.76,0.686,0.834,0.25,-0.044,0.114,0
3459,61,0,6,0.663,0.623,0.688,0.0,0.07,0.019,0
3460,40,1,8,1.011,0.461,0.802,0.0,0.379,0.309,0
3461,77,0,12,0.95,0.544,0.91,1.0,0.482,0.353,0
3462,78,1,6,0.59,0.577,0.468,0.0,0.357,-0.056,1
3463,42,0,11,0.767,0.508,0.705,0.0,0.227,0.15,0
3464,53,0,4,0.829,0.559,0.492,0.0,-0.169,0.095,0
3465,68,1,10,1.034,0.438,0.8,0.0,0.164,0.098,0
3466,69,1,11,1.186,0.514,0.948,0.25,0.271,0.299,0
3467,78,0,5,0.82,0.619,0.69,0.0,0.29,0.028,1
3468,58,0,9,0.8,0.63,1.161,0.0,0.609,0.105,0
3469,38,0,4,0.76,0.58,0.666,0.0,0.173,0.026,0
3470,58,1,11,0.943,0.645,0.974,0.0,0.672,0.21,0
3471,45,1,7,0.733,0.615,0.822,0.0,0.412,-0.158,0
3472,58,1,10,0.894,0.709,0.842,0.0,0.522,0.32,0
3473,30,0,6,0.79,0.564,0.676,0.0,0.108,-0.04,0
3474,49,1,12,0.961,0.501,0.6,0.5,-0.045,0.202,1
3475,77,1,6,0.877,0.602,0.681,0.25,0.445,0.355,0
3476,77,1,12,0.893,0.561,0.883,0.0,0.434,0.229,1
3477,47,1,5,1.026,0.667,0.738,0.75,0.54,0.093,0
3478,31,0,11,1.131,0.517,0.941,0.5,0.392,0.334,0
3479,69,0,8,0.952,0.47,0.611,0.0,0.117,0.216,0
3480,49,0,4,0.963,0.541,0.47,0.0,0.017,0.196,1
3481,44,0,8,0.877,0.657,0.787,0.5,0.359,0.196,0
3482,65,0,5,0.706,0.531,0.746,0.25,-0.137,-0.028,0
3483,40,0,11,0.809,0.585,0.705,0.0,0.143,0.017,0
3484,54,1,6,0.869,0.527,0.687,0.0,0.309,0.147,0
3485,84,1,10,1.079,0.545,0.844,0.0,0.204,0.507,0
3486,64,0,11,1.019,0.595,0.734,0.25,0.518,0.556,0
3487,43,0,11,0.945,0.495,0.953,0.25,0.381,0.219,0
3488,44,0,12,0.881,0.558,1.012,0.0,0.576,0.349,0
3489,44,1,12,0.874,0.697,0.974,0.0,0.226,0.098,0
3490,53,0,8,0.953,0.59,0.915,0.0,0.294,0.175,0
3491,55,1,8,1.039,0.722,0.717,1.0,-0.103,0.078,0
3492,37,0,12,0.7,0.529,1.08,0.0,0.652,-0.015,0
3493,49,1,7,0.844,0.531,0.68,0.5,-0.02,-0.018,0
3494,57,0,10,0.886,0.546,0.864,0.0,0.535,0.225,0
3495,75,0,6,1.052,0.584,0.587,0.0,0.042,0.374,1
3496,59,1,12,0.842,0.659,0.7,0.0,0.365,0.329,0
3497,83,0,9,0.905,0.568,0.614,0.5,0.038,-0.134,0
3498,64,0,12,1.091,0.582,1.032,0.5,0.405,0.191,0
3499,57,0,8,0.972,0.52,0.771,1.0,0.406,0.304,0
3500,38,1,5,0.824,0.69,0.713,0.0,0.327,0.051,0
3501,34,1,4,0.843,0.647,0.456,0.25,-0.207,0.147,0
3502,45,1,10,0.737,0.498,0.87,0.0,0.186,0.033,0
3503,57,0,11,0.999,0.63,0.7,0.5,0.534,0.027,0
3504,68,0,3,0.672,0.702,0.602,1.0,-0.049,-0.185,1
3505,68,1,12,1.037,0.59,1.11,0.5,0.648,0.384,1
3506,76,0,6,1.045,0.458,0.622,0.5,0.161,0.427,0
3507,44,0,8,0.7,0.411,0.653,0.0,0.271,-0.209,0
3508,68,1,5,0.658,0.482,0.375,0.25,-0.344,-0.114,0
3509,84,0,12,1.245,0.611,0.812,0.0,0.35,0.626,1
3510,68,1,8,0.768,0.471,0.951,0.25,0.423,-0.009,0
3511,83,1,11,0.781,0.49,0.891,0.0,0.334,-0.088,0
3512,77,0,11,0.944,0.544,1.242,0.0,0.796,0.244,0
3513,71,1,5,0.76,0.731,0.592,0.0,0.12,0.185,0
3514,58,0,12,0.926,0.593,0.795,0.0,0.325,0.243,0
3515,59,0,6,0.629,0.599,0.487,0.5,-0.17,-0.047,0
3516,50,1,10,1.052,0.488,0.799,0.5,0.271,0.098,0
3517,80,1,7,1.043,0.68,0.813,0.5,0.385,0.335,1
3518,76,0,11,1.004,0.517,0.7,0.5,0.296,0.122,0
3519,61,1,12,0.7,0.549,0.89,0.0,0.312,-0.054,1
3520,41,0,11,0.584,0.562,0.816,0.75,0.365,-0.065,0
3521,42,1,11,0.797,0.495,0.907,0.25,0.768,-0.004,0
3522,44,1,8,0.988,0.604,0.662,0.0,0.237,0.251,0
3523,84,1,10,0.853,0.591,0.735,0.0,0.151,0.194,1
3524,72,1,10,0.875,0.544,0.778,0.5,0.465,0.232,1
3525,54,1,12,0.639,0.611,0.97,0.75,0.408,-0.061,1
3526,43,1,12,0.817,0.474,1.12,0.25,0.819,0.152,0
3527,75,1,8,0.816,0.554,0.939,0.75,0.649,0.224,0
3528,33,1,11,0.977,0.505,0.933,0.0,0.671,0.18,0
3529,38,1,11,0.9,0.544,0.992,1.0,0.55,0.407,0
3530,41,1,6,0.7,0.539,0.864,1.0,0.324,-0.072,0
3531,56,0,6,0.878,0.59,0.723,1.0,0.142,0.19,1
3532,65,1,10,1.113,0.406,0.963,0.5,0.192,0.2,1
3533,63,1,5,0.695,0.701,0.703,0.75,0.389,-0.1,1
3534,59,1,9,0.824,0.672,0.824,1.0,0.458,0.124,0
3535,42,1,7,0.871,0.642,0.683,0.0,0.096,-0.039,0
3536,38,1,5,0.868,0.569,0.663,0.25,-0.135,0.091,0
3537,65,0,8,0.844,0.58,0.875,0.25,0.318,0.199,0
3538,47,0,12,0.975,0.689,1.332,1.0,1.227,0.175,0
3539,66,1,8,0.847,0.54,0.615,0.5,0.348,0.173,1
3540,56,1,9,0.928,0.629,0.733,0.5,0.48,0.185,0
3541,78,0,5,1.002,0.56,0.596,0.5,-0.061,0.267,1
3542,74,1,11,0.777,0.546,0.401,0.25,0.083,0.042,0
3543,33,0,11,0.965,0.503,0.857,0.0,0.108,0.068,0
3544,62,1,7,0.915,0.522,1.11,0.0,0.94,0.102,0
3545,70,1,11,1.169,0.618,0.847,0.5,0.469,0.47,0
3546,81,1,7,0.983,0.521,0.74,0.75,0.107,0.392,0
3547,71,0,11,0.853,0.558,1.022,0.5,0.613,0.191,0
3548,70,1,3,0.894,0.532,0.287,0.5,-0.442,0.067,1
3549,34,0,8,0.819,0.504,0.749,0.0,0.661,0.027,0
3550,30,1,7,0.97,0.603,0.772,0.0,0.338,0.253,0
3551,30,1,7,1.076,0.537,0.42,0.0,-0.313,0.343,0
3552,64,0,11,0.758,0.545,0.632,0.0,0.146,0.057,1
3553,67,1,12,0.99,0.559,0.917,1.0,0.63,0.308,1
3554,80,0,5,0.725,0.528,0.497,0.5,0.01,-0.039,0
3555,63,0,10,0.851,0.594,0.972,0.5,0.523,0.131,0
3556,43,0,8,1.008,0.46,0.7,0.5,0.215,0.171,0
3557,42,0,11,0.99,0.618,1.158,0.5,0.461,0.314,0
3558,55,0,5,0.877,0.629,0.508,0.25,0.148,0.061,0
3559,51,1,3,0.698,0.631,0.516,1.0,-0.097,-0.056,0
3560,75,0,7,0.782,0.546,0.638,0.0,0.132,-0.147,0
3561,43,1,9,0.984,0.627,0.7,0.75,0.136,0.293,0
3562,40,0,6,0.86,0.565,0.771,0.0,0.478,0.097,0
3563,65,1,4,0.685,0.464,0.859,1.0,0.397,-0.13,0
3564,72,0,4,0.702,0.706,0.243,0.0,-0.029,0.179,0
3565,65,1,10,1.022,0.676,0.969,0.0,0.517,0.285,0
3566,30,0,12,0.94,0.439,0.974,0.0,0.295,0.207,0
3567,35,1,8,0.934,0.586,0.741,0.0,0.258,0.27,0
3568,83,1,7,0.662,0.463,0.447,0.0,0.255,0.075,0
3569,66,0,7,0.901,0.541,0.689,1.0,0.259,0.046,0
3570,59,1,8,0.703,0.625,0.983,0.0,0.543,0.019,1
3571,65,1,9,0.788,0.589,1.057,0.25,0.513,0.127,0
3572,43,1,4,1.046,0.468,0.82,0.75,0.253,0.182,0
3573,36,1,4,0.787,0.556,0.655,0.5,0.141,0.069,0
3574,38,0,7,0.771,0.536,0.534,0.0,0.187,-0.096,0
3575,84,0,3,0.7,0.516,0.321,0.5,-0.279,-0.18,0
3576,57,0,10,0.902,0.584,0.986,0.5,0.422,0.284,0
3577,38,0,12,1.031,0.654,1.008,0.5,0.308,0.175,0
3578,47,1,8,0.854,0.48,0.5,1.0,-0.221,0.073,0
3579,50,1,6,0.769,0.578,0.784,0.0,-0.014,0.084,0
3580,36,1,10,0.875,0.53,0.763,0.75,0.298,0.238,0
3581,69,0,7,0.723,0.662,0.638,0.25,0.109,0.156,0
3582,35,0,11,0.8,0.544,0.854,0.25,0.468,0.068,0
3583,71,1,6,0.79,0.782,0.441,1.0,-0.047,0.231,1
3584,32,1,9,1.139,0.582,0.705,0.0,0.442,0.587,0
3585,53,1,6,0.769,0.559,0.691,0.0,0.372,-0.151,0
3586,70,0,5,0.855,0.517,0.557,0.75,0.14,0.183,0
3587,48,1,11,1.069,0.61,1.097,0.0,0.606,0.215,0
3588,38,1,10,0.786,0.589,0.781,0.0,0.408,0.184,0
3589,61,0,4,0.909,0.428,0.574,0.0,-0.022,0.028,0
3590,66,1,12,0.989,0.601,0.881,0.0,0.285,0.412,0
3591,58,0,6,0.603,0.499,0.589,1.0,0.129,-0.139,0
3592,52,1,6,1.027,0.541,0.794,0.5,-0.066,0.181,0
3593,54,0,3,0.736,0.526,0.494,1.0,0.17,0.058,0
3594,61,1,12,0.859,0.69,0.609,0.0,0.378,0.097,1
3595,34,1,10,0.813,0.577,0.521,0.0,0.3,0.072,0
3596,35,1,12,0.814,0.61,1.018,0.25,0.66,0.234,0
3597,72,0,4,0.939,0.583,0.547,0.5,0.149,0.147,0
3598,51,0,11,1.065,0.583,1.178,0.0,0.517,0.305,0
3599,65,1,4,0.695,0.615,0.701,0.0,-0.068,-0.181,0
3600,70,0,10,0.715,0.586,0.669,0.5,-0.014,0.142,0
3601,67,0,8,0.83,0.558,0.584,0.0,0.119,0.255,0
3602,32,1,8,0.796,0.497,0.731,0.0,0.159,0.123,0
3603,38,1,10,0.878,0.578,0.71,0.0,0.544,0.155,0
3604,67,1,7,0.887,0.478,0.628,0.0,0.022,0.075,0
3605,42,0,12,1.229,0.569,0.953,0.75,0.558,0.579,0
3606,52,0,10,0.965,0.627,0.545,1.0,-0.181,0.187,0
3607,77,0,6,0.8,0.658,0.799,0.25,0.448,0.166,0
3608,81,0,7,0.841,0.635,0.843,1.0,0.247,-0.117,0
3609,34,0,8,0.889,0.666,0.717,0.0,0.214,0.002,1
3610,37,1,5,0.725,0.631,0.529,1.0,0.01,-0.211,0
3611,70,0,3,0.757,0.47,0.4,0.0,-0.187,0.024,0
3612,55,0,12,0.862,0.662,0.709,0.5,0.117,0.122,0
3613,50,0,7,0.868,0.629,0.62,0.0,0.14,0.099,0
3614,81,1,7,1.118,0.568,0.473,1.0,-0.147,0.358,1
3615,78,1,5,0.894,0.675,0.57,1.0,0.376,0.232,0
3616,80,1,4,0.59,0.498,0.633,0.75,0.493,-0.321,1
3617,50,0,7,0.747,0.6,0.749,0.0,0.029,0.131,0
3618,55,1,9,0.862,0.604,1.025,0.0,0.789,-0.012,0
3619,52,1,5,0.764,0.604,0.7,0.0,0.398,-0.07,0
3620,43,0,11,0.777,0.554,0.747,0.0,0.327,0.004,0
3621,79,1,6,0.671,0.589,1.197,0.25,0.649,0.042,0
3622,38,1,3,0.969,0.673,0.536,0.75,-0.059,0.439,0
3623,56,1,3,0.767,0.577,0.648,1.0,0.253,-0.092,0
3624,71,1,12,0.909,0.517,0.961,0.0,0.522,-0.043,0
3625,34,1,12,1.026,0.59,0.7,0.0,-0.207,0.4,0
3626,31,0,6,0.783,0.639,0.58,0.0,-0.178,-0.002,0
3627,57,0,7,0.865,0.579,0.8,0.0,0.486,0.153,0
3628,76,1,3,0.7,0.585,1.015,0.5,0.514,-0.012,1
3629,31,0,11,0.912,0.615,0.794,0.0,0.042,0.261,0
3630,81,0,8,0.972,0.5,0.857,0.25,0.355,0.154,0
3631,49,1,10,1.03,0.57,0.672,0.5,-0.108,0.196,0
3632,61,1,9,0.69,0.685,0.928,0.5,0.228,0.054,0
3633,46,1,11,0.7,0.438,1.104,0.25,0.487,-0.075,0
3634,66,0,4,0.851,0.667,0.644,0.0,-0.056,0.167,0
3635,81,0,12,1.075,0.49,0.765,0.75,0.273,0.169,0
3636,36,1,3,0.711,0.54,0.576,0.0,0.179,-0.064,0
3637,77,1,10,0.887,0.498,1.079,0.0,0.659,0.424,0
3638,48,1,11,0.741,0.481,1.113,0.25,0.436,-0.107,1
3639,56,1,10,0.962,0.7,0.952,0.5,0.447,0.081,0
3640,71,1,4,0.632,0.541,0.765,0.25,0.182,-0.051,0
3641,34,1,5,0.882,0.605,1.05,0.0,0.638,0.146,0
3642,52,0,9,1.001,0.435,0.635,0.75,0.169,0.26,0
3643,34,0,9,1.087,0.666,0.751,0.25,0.264,0.536,1
3644,54,0,6,0.874,0.549,0.512,0.5,0.074,-0.018,0
3645,45,0,3,0.94,0.571,0.48,0.25,-0.079,0.379,0
3646,68,1,3,0.766,0.474,0.871,0.0,0.573,0.166,0
3647,31,1,7,0.828,0.552,0.446,0.0,-0.079,0.004,0
3648,61,1,5,0.943,0.63,0.563,0.0,0.024,0.475,0
3649,62,1,11,0.736,0.657,0.955,0.25,0.432,-0.15,0
3650,52,0,4,0.964,0.701,0.578,0.0,-0.035,0.112,0
3651,65,0,7,0.674,0.532,0.669,0.0,0.357,-0.243,0
3652,63,1,5,0.928,0.614,0.762,0.25,0.303,0.273,0
3653,83,0,4,0.608,0.626,0.447,1.0,0.128,-0.18,0
3654,67,1,7,1.007,0.682,0.781,0.75,0.501,0.204,1
3655,72,0,10,0.988,0.574,0.555,0.0,0.239,0.309,0
3656,33,0,10,0.88,0.654,0.93,0.0,0.461,-0.071,0
3657,33,0,9,0.837,0.503,0.884,0.5,0.584,0.124,0
3658,31,1,8,0.883,0.537,0.901,0.0,0.724,0.343,0
3659,56,1,6,0.915,0.477,0.598,0.5,0.209,0.199,0
3660,69,0,4,0.813,0.672,0.523,0.0,0.269,0.053,0
3661,37,1,9,0.84,0.651,0.658,0.5,0.342,0.114,0
3662,73,0,8,0.925,0.677,0.801,0.0,0.478,0.413,0
3663,71,1,12,1.134,0.599,1.113,0.25,0.601,0.366,0
3664,60,0,5,0.931,0.684,0.739,0.75,0.364,0.501,0
3665,74,0,3,0.7,0.76,0.475,0.25,0.028,0.004,0
3666,63,0,8,0.841,0.652,0.495,0.0,0.194,0.088,0
3667,48,1,12,1.075,0.583,0.897,0.0,0.636,0.13,0
3668,40,0,3,0.773,0.619,0.578,0.0,0.386,-0.12,0
3669,35,0,11,0.858,0.624,0.762,0.75,0.081,0.008,0
3670,62,1,5,0.867,0.633,0.86,0.75,0.552,0.106,1
3671,45,1,12,1.141,0.541,0.884,0.0,0.357,0.636,0
3672,31,0,10,0.954,0.531,0.737,0.0,0.319,0.452,0
3673,82,0,8,0.756,0.568,0.645,0.0,0.161,-0.172,0
3674,30,0,10,0.622,0.469,0.804,0.0,0.706,-0.099,0
3675,74,1,4,0.773,0.563,0.764,0.0,0.439,-0.037,0
3676,35,1,3,0.75,0.596,0.818,0.0,0.183,-0.049,0
3677,75,1,6,0.771,0.634,0.502,0.0,-0.158,0.071,1
3678,59,0,3,0.897,0.639,0.486,0.5,-0.297,0.053,0
3679,32,1,9,0.842,0.637,0.488,0.0,0.038,-0.035,0
3680,77,0,7,0.962,0.62,0.478,0.5,-0.094,0.105,1
3681,64,1,8,0.776,0.567,0.841,0.75,0.136,-0.042,0
3682,56,1,8,0.964,0.639,0.613,0.0,0.552,0.087,1
3683,81,1,8,0.93,0.589,0.897,0.5,0.286,0.17,0
3684,84,1,4,0.966,0.56,0.7,0.0,0.265,0.348,0
3685,49,0,12,0.898,0.467,0.777,0.0,0.258,0.248,0
3686,66,1,9,0.773,0.5,0.764,0.0,0.329,-0.007,0
3687,43,1,9,0.888,0.702,0.756,0.0,0.299,0.159,0
3688,52,0,9,0.942,0.658,0.657,0.0,0.276,0.183,0
3689,69,0,5,0.909,0.557,0.559,0.75,0.031,0.097,0
3690,81,1,10,0.974,0.547,0.774,1.0,0.282,0.269,1
3691,58,1,8,0.91,0.57,0.975,0.0,0.65,0.376,0
3692,38,1,3,0.967,0.533,0.43,0.0,-0.072,0.298,0
3693,51,1,7,0.696,0.602,0.649,0.0,0.081,-0.093,1
3694,74,0,9,0.91,0.604,0.821,0.0,0.532,0.388,0
3695,37,0,12,0.765,0.659,1.007,0.0,0.76,0.028,0
3696,66,1,12,0.791,0.584,0.8,0.5,0.084,0.208,0
3697,53,0,8,1.019,0.55,0.848,0.0,0.34,0.135,0
3698,73,1,6,0.591,0.492,0.598,0.0,0.168,-0.093,0
3699,70,1,7,0.932,0.626,0.719,0.75,0.256,0.111,1
3700,68,1,5,0.563,0.521,0.7,0.0,0.366,0.033,0
3701,31,0,10,1.014,0.66,0.615,0.25,0.151,0.239,0
3702,55,0,3,0.824,0.7,0.268,0.0,-0.269,0.131,0
3703,72,0,12,0.819,0.621,1.13,0.25,0.684,0.013,1
3704,45,0,12,1.006,0.505,0.896,1.0,0.368,0.191,0
3705,76,1,11,0.882,0.531,0.669,0.0,0.072,0.307,0
3706,64,0,10,0.929,0.579,0.82,0.5,0.257,0.012,0
3707,34,0,9,0.943,0.537,0.67,0.0,0.111,0.071,0
3708,31,0,9,0.915,0.487,0.76,0.0,0.505,0.079,1
3709,83,1,9,0.742,0.357,0.722,0.25,0.205,-0.041,0
3710,66,0,6,0.829,0.6,0.526,1.0,0.167,-0.055,1
3711,72,0,12,0.75,0.425,0.865,0.0,0.635,0.041,0
3712,53,0,12,0.766,0.537,1.051,0.0,0.614,-0.081,0
3713,67,0,6,0.818,0.614,0.487,0.5,-0.075,0.237,0
3714,30,0,5,0.648,0.62,0.657,0.0,0.363,-0.127,0
3715,80,1,3,0.735,0.627,0.331,0.5,0.064,-0.218,0
3716,82,0,11,1.097,0.51,0.872,0.0,0.439,0.179,0
3717,33,1,7,0.869,0.566,0.534,0.0,0.127,0.136,0
3718,44,0,11,0.845,0.623,0.894,0.25,0.289,0.258,0
3719,68,1,8,1.082,0.7,0.807,0.0,0.18,0.12,0
3720,36,1,3,0.981,0.633,0.768,0.0,0.21,0.211,0
3721,30,1,6,0.839,0.689,0.697,0.0,-0.003,-0.063,0
3722,75,1,8,1.008,0.743,0.645,0.0,0.169,0.232,0
3723,67,1,8,0.85,0.512,0.824,0.0,0.365,-0.135,0
3724,78,1,10,0.604,0.664,0.91,0.25,0.425,-0.163,0
3725,34,0,9,0.874,0.577,0.781,1.0,0.117,0.072,0
3726,82,0,5,1.013,0.607,0.66,0.0,0.098,-0.019,0
3727,77,0,8,0.723,0.646,0.807,0.25,0.143,0.023,0
3728,66,0,11,0.963,0.497,0.954,0.25,0.971,0.367,1
3729,79,0,12,0.98,0.591,0.961,0.0,0.254,0.166,0
3730,36,0,10,1.023,0.587,0.761,0.75,0.178,0.182,0
3731,50,0,9,0.809,0.504,1.036,0.5,0.536,0.093,0
3732,80,1,3,0.629,0.587,0.263,0.0,-0.101,-0.083,0
3733,37,1,3,0.885,0.574,0.505,0.75,0.152,0.075,0
3734,60,1,3,0.904,0.653,0.131,0.25,-0.363,0.289,0
3735,56,0,12,0.653,0.62,0.711,0.0,0.019,0.037,0
3736,79,1,12,1.062,0.443,0.992,0.75,0.292,0.48,0
3737,34,1,12,0.904,0.528,0.679,0.25,0.073,0.185,0
3738,69,0,10,0.827,0.592,0.639,0.25,-0.007,0.164,0
3739,45,1,8,0.902,0.576,0.855,0.0,0.361,0.378,0
3740,68,1,3,0.848,0.55,0.349,0.0,-0.175,0.128,0
3741,37,1,8,1.038,0.511,0.771,0.0,0.354,0.415,0
3742,38,0,3,0.765,0.611,0.531,0.0,0.107,0.065,0
3743,48,1,9,0.957,0.476,0.707,0.0,0.116,0.124,0
3744,49,1,11,0.944,0.532,0.956,0.5,0.256,0.229,0
3745,66,0,4,0.634,0.711,0.835,0.5,0.781,-0.19,0
3746,30,1,3,0.448,0.658,0.326,0.25,-0.074,-0.229,0
3747,79,1,3,0.673,0.583,0.464,0.0,0.02,-0.118,0
3748,80,1,9,0.869,0.496,0.809,0.75,0.28,0.298,0
3749,48,1,8,0.876,0.391,0.874,0.25,0.468,-0.079,1
3750,65,0,4,0.729,0.597,0.453,0.0,-0.171,-0.149,0
3751,71,1,5,0.706,0.628,0.356,1.0,-0.104,0.157,0
3752,30,1,11,0.993,0.573,1.045,0.5,0.699,0.145,0
3753,46,1,6,0.828,0.546,0.364,0.25,0.11,0.033,0
3754,55,1,7,0.82,0.512,0.883,0.0,0.388,-0.057,0
3755,47,0,8,0.979,0.646,1.018,1.0,0.64,0.118,0
3756,83,0,4,0.639,0.638,0.647,0.0,-0.006,-0.168,0
3757,83,1,3,0.786,0.617,0.237,0.0,-0.237,0.05,0
3758,42,0,4,0.666,0.485,0.666,0.0,0.138,-0.146,0
3759,78,1,6,0.7,0.419,0.941,1.0,0.458,-0.117,1
3760,64,0,7,1.006,0.526,0.565,0.0,0.069,0.033,0
3761,34,1,3,0.821,0.799,0.503,0.0,0.096,0.359,0
3762,58,0,4,0.643,0.601,0.674,0.0,0.33,-0.226,0
3763,73,1,8,0.893,0.6,0.895,0.0,0.466,0.045,0
3764,55,1,5,0.81,0.613,0.655,0.0,0.347,0.157,0
3765,62,1,4,0.725,0.591,0.461,0.0,-0.083,0.003,0
3766,40,0,4,0.875,0.69,0.776,0.75,0.64,0.148,1
3767,38,1,6,0.991,0.646,0.801,0.0,0.416,0.273,0
3768,45,1,10,1.112,0.442,0.916,0.75,0.451,0.397,1
3769,55,0,4,0.918,0.647,0.277,1.0,-0.138,0.07,0
3770,64,0,8,1.007,0.572,0.827,0.0,0.405,0.208,0
3771,57,0,6,0.812,0.512,0.679,1.0,0.224,0.085,0
3772,46,1,3,0.957,0.645,0.546,0.0,0.168,0.28,0
3773,84,1,7,0.934,0.626,0.623,0.0,0.056,0.194,1
3774,83,0,5,0.842,0.638,0.624,0.0,0.315,-0.006,0
3775,72,1,8,0.83,0.433,0.7,0.0,0.34,0.085,0
3776,79,1,5,0.916,0.568,0.567,0.5,-0.278,0.255,0
3777,75,0,11,1.109,0.555,0.792,0.75,0.461,0.168,1
3778,76,1,6,0.973,0.613,0.797,0.0,0.432,0.244,0
3779,46,1,12,0.925,0.497,0.766,0.0,0.525,-0.032,0
3780,63,1,6,0.943,0.644,0.254,0.75,-0.325,0.099,0
3781,45,1,8,1.117,0.566,0.817,0.0,0.233,0.493,0
3782,31,0,11,1.035,0.556,1.085,0.75,0.621,0.442,0
3783,82,0,9,0.977,0.56,1.066,0.0,0.571,0.246,1
3784,70,0,7,0.781,0.573,0.758,0.25,0.306,0.061,0
3785,30,0,12,1.033,0.566,0.94,0.0,0.24,0.384,0
3786,32,1,6,0.945,0.699,0.92,0.5,0.453,0.442,0
3787,56,0,6,0.783,0.519,0.646,0.0,0.138,-0.175,0
3788,56,1,9,0.911,0.475,0.682,0.5,0.083,0.262,0
3789,57,1,4,0.888,0.678,0.802,1.0,0.372,0.04,0
3790,83,0,3,0.809,0.626,0.629,0.0,0.048,-0.137,0
3791,50,0,11,1.002,0.486,0.807,1.0,0.516,0.456,0
3792,81,1,4,0.777,0.617,0.621,0.0,-0.163,-0.01,0
3793,77,0,11,0.939,0.679,0.758,0.0,0.084,0.019,1
3794,54,1,8,0.964,0.633,0.904,0.0,0.38,0.251,0
3795,64,0,12,0.936,0.464,0.952,0.5,0.639,0.281,0
3796,53,1,10,0.809,0.526,1.077,1.0,0.724,0.029,0
3797,64,1,11,0.88,0.583,0.897,0.25,-0.13,0.459,0
3798,52,0,4,0.7,0.58,0.647,0.0,0.122,-0.156,0
3799,45,1,8,0.896,0.554,0.489,0.0,0.01,0.198,0
3800,46,1,11,0.991,0.541,0.756,0.0,0.316,0.291,0
3801,74,0,3,0.703,0.485,0.869,0.0,0.809,-0.039,0
3802,48,0,8,1.012,0.482,0.526,1.0,0.106,0.082,0
3803,54,0,8,1.072,0.678,0.986,0.0,0.604,0.337,0
3804,47,1,5,0.835,0.622,0.838,0.25,0.452,0.153,0
3805,68,0,10,0.83,0.547,0.792,0.0,0.698,0.044,0
3806,78,0,6,0.867,0.606,0.167,0.0,-0.337,0.013,0
3807,75,0,6,0.916,0.485,0.37,0.0,0.079,-0.052,0
3808,66,1,7,0.912,0.58,0.916,0.0,0.491,0.212,1
3809,64,1,4,0.71,0.64,0.443,0.0,-0.098,-0.0,0
3810,37,1,10,1.009,0.528,0.723,0.0,0.143,0.326,0
3811,49,0,9,0.861,0.471,0.832,0.0,0.406,-0.009,0
3812,60,1,3,0.773,0.679,0.787,0.0,0.087,0.154,0
3813,47,1,12,1.229,0.615,1.07,0.0,0.599,0.746,0
3814,31,1,11,0.912,0.413,1.018,0.5,0.856,0.47,1
3815,84,0,10,0.908,0.59,0.7,0.0,0.088,0.336,1
3816,46,1,12,1.145,0.561,0.908,0.25,0.398,0.36,0
3817,50,1,12,0.892,0.538,1.022,0.75,0.638,0.112,0
3818,31,1,10,0.866,0.519,0.902,0.0,0.204,0.261,0
3819,60,1,10,0.91,0.677,0.572,0.0,0.002,0.007,0
3820,79,0,8,0.846,0.591,0.78,0.0,0.534,0.029,0
3821,51,1,5,0.818,0.589,0.679,0.0,0.245,0.084,0
3822,40,1,5,0.67,0.467,0.658,0.0,0.338,-0.12,1
3823,67,1,5,0.713,0.554,0.337,0.0,-0.443,-0.141,0
3824,52,0,8,1.039,0.518,0.662,0.25,0.333,0.111,1
3825,52,0,4,0.7,0.563,0.603,0.0,0.036,-0.109,0
3826,54,1,9,0.963,0.434,0.62,0.0,0.104,0.365,0
3827,45,1,8,0.766,0.509,0.568,0.75,0.177,-0.05,0
3828,50,1,10,0.96,0.454,0.732,0.0,0.499,0.319,1
3829,53,1,10,1.05,0.512,0.632,0.0,-0.185,0.221,0
3830,63,0,7,1.083,0.631,0.634,1.0,0.317,0.251,0
3831,70,0,10,1.103,0.62,0.779,1.0,0.55,0.379,0
3832,81,0,12,1.069,0.403,0.561,0.25,0.161,0.225,0
3833,80,1,4,0.839,0.626,0.519,0.25,0.131,0.037,0
3834,76,1,4,0.791,0.586,0.395,0.25,-0.172,0.053,0
3835,82,1,4,0.841,0.672,0.762,0.75,0.073,0.253,0
3836,72,1,6,0.974,0.428,0.627,0.0,0.267,0.2,0
3837,36,0,7,1.095,0.555,0.803,0.0,0.617,0.252,0
3838,59,0,8,0.812,0.608,0.7,0.0,0.119,0.001,0
3839,32,0,10,0.7,0.564,0.701,0.0,0.265,-0.005,0
3840,36,0,8,0.962,0.663,0.788,0.5,0.187,0.334,0
3841,32,0,11,1.042,0.499,0.812,0.25,0.029,0.118,0
3842,59,1,10,1.032,0.615,1.2,0.0,0.777,0.325,1
3843,53,0,10,0.94,0.421,0.6,0.0,0.266,-0.024,0
3844,50,0,6,0.7,0.694,0.814,0.0,0.009,0.135,0
3845,60,0,10,1.0,0.671,1.201,1.0,0.556,0.214,1
3846,70,1,3,0.741,0.515,0.201,0.25,-0.187,0.062,0
3847,73,0,3,0.866,0.338,0.731,0.5,0.111,0.238,0
3848,64,0,11,0.977,0.544,1.184,0.25,0.894,0.313,0
3849,68,0,9,0.924,0.446,0.72,0.0,0.456,0.195,0
3850,51,0,4,0.747,0.624,0.624,0.0,-0.159,-0.049,0
3851,83,1,8,0.701,0.373,0.549,0.25,0.099,0.012,0
3852,65,1,11,0.872,0.448,0.823,0.0,0.453,0.207,0
3853,60,1,10,0.862,0.528,0.808,0.5,0.319,0.091,0
3854,40,0,11,1.028,0.496,1.043,0.0,0.505,0.328,0
3855,52,1,9,1.065,0.633,0.844,0.0,0.502,0.164,0
3856,68,1,11,1.06,0.525,0.649,0.25,0.103,0.215,0
3857,54,1,4,0.705,0.677,0.666,0.0,0.259,-0.005,0
3858,73,1,6,0.971,0.626,0.405,0.0,-0.035,0.322,1
3859,82,0,12,0.96,0.541,0.934,0.5,0.704,0.157,1
3860,66,1,5,0.84,0.654,0.749,0.0,0.305,0.034,0
3861,74,1,12,0.829,0.533,1.005,0.75,0.735,0.06,0
3862,63,1,7,0.886,0.626,0.619,0.0,0.065,0.156,0
3863,57,1,5,0.516,0.679,0.719,0.75,0.375,-0.316,0
3864,72,0,10,0.956,0.568,1.018,0.25,0.337,0.189,0
3865,63,0,5,0.943,0.591,0.694,0.0,0.192,0.324,0
3866,71,0,7,1.038,0.6,0.815,0.75,0.255,0.377,0
3867,68,1,8,1.122,0.488,0.792,0.0,0.284,0.407,0
3868,58,0,7,0.481,0.7,0.687,0.0,0.271,-0.276,1
3869,75,0,10,0.973,0.56,1.141,0.0,0.762,0.34,1
3870,79,1,3,0.757,0.544,0.226,1.0,-0.289,-0.002,0
3871,64,0,3,0.781,0.711,0.519,0.75,0.171,0.058,0
3872,48,1,8,1.15,0.655,0.81,0.0,0.229,0.45,0
3873,35,1,7,0.84,0.421,0.994,0.25,0.332,0.052,0
3874,53,1,4,0.907,0.583,0.7,0.0,0.359,0.07,0
3875,74,0,10,1.019,0.556,0.852,0.5,0.4,0.225,0
3876,58,1,3,0.867,0.7,0.302,0.25,-0.03,0.234,0
3877,61,1,8,0.903,0.598,0.687,0.0,0.072,0.475,0
3878,62,0,7,0.964,0.542,0.819,0.25,0.069,0.025,0
3879,72,1,10,0.986,0.483,0.615,0.0,0.237,0.19,1
3880,50,1,5,0.89,0.621,0.719,0.75,0.24,-0.033,0
3881,78,1,8,0.783,0.7,0.571,1.0,0.188,0.113,0
3882,34,1,7,0.913,0.499,0.856,1.0,0.522,0.203,0
3883,77,1,5,0.7,0.506,0.729,0.0,0.385,-0.216,0
3884,50,0,11,0.785,0.519,0.807,0.75,0.271,0.147,0
3885,61,1,6,0.765,0.578,0.827,0.25,0.467,0.156,0
3886,38,1,7,0.768,0.606,0.889,0.0,0.361,0.025,0
3887,39,0,5,0.829,0.539,0.744,0.0,0.149,0.071,0
3888,75,1,9,0.986,0.727,0.872,0.5,0.143,0.421,0
3889,30,0,5,0.879,0.67,0.714,0.75,0.308,0.14,0
3890,36,1,4,0.869,0.526,0.64,0.0,0.217,0.194,0
3891,49,0,11,0.907,0.462,0.949,1.0,0.574,0.222,0
3892,64,1,7,1.008,0.479,0.871,0.0,0.51,0.421,1
3893,70,1,10,0.981,0.58,0.791,0.0,0.443,0.167,1
3894,48,0,12,1.108,0.629,1.169,0.25,0.856,0.311,0
3895,57,0,11,1.07,0.615,0.7,0.5,0.196,0.273,0
3896,75,0,7,1.007,0.471,0.719,0.5,0.471,0.273,0
3897,68,1,6,0.807,0.615,0.508,0.0,-0.043,0.107,0
3898,63,1,3,0.819,0.548,0.727,0.0,0.225,0.259,0
3899,47,0,6,0.79,0.754,0.612,0.25,0.126,0.092,0
3900,61,0,7,1.054,0.424,0.508,0.0,0.204,0.598,0
3901,44,0,11,1.105,0.591,0.754,0.0,0.457,0.309,0
3902,67,0,12,0.877,0.7,0.846,0.25,0.601,0.187,0
3903,46,1,8,0.985,0.578,0.876,0.5,0.304,0.294,1
3904,67,0,6,0.912,0.485,0.45,0.75,-0.08,0.161,0
3905,65,1,4,0.87,0.586,0.354,0.25,-0.205,0.216,0
3906,70,1,4,0.769,0.545,0.817,0.75,0.496,0.202,0
3907,71,0,3,0.639,0.571,0.522,0.75,0.272,-0.331,1
3908,46,1,6,0.873,0.648,0.615,1.0,0.453,0.093,0
3909,39,0,10,1.03,0.552,0.915,0.0,0.27,0.293,0
3910,38,1,11,0.7,0.517,0.67,0.5,0.372,-0.068,0
3911,64,0,6,0.872,0.55,0.823,1.0,0.662,-0.013,1
3912,55,0,9,0.933,0.631,0.774,0.0,0.298,0.117,0
3913,40,1,10,0.8,0.555,0.97,1.0,0.381,0.008,0
3914,57,1,9,0.755,0.706,0.788,0.75,0.29,0.191,0
3915,68,0,7,0.895,0.53,0.832,0.75,0.298,0.289,0
3916,79,0,6,0.839,0.561,0.724,1.0,0.202,0.116,0
3917,51,1,9,1.006,0.545,0.8,0.0,0.346,0.309,0
3918,67,1,5,0.746,0.653,0.632,0.0,0.251,0.248,0
3919,60,0,11,0.977,0.531,0.746,0.0,0.251,0.5,0
3920,81,0,4,1.01,0.482,0.637,0.5,-0.063,0.467,0
3921,31,0,11,0.878,0.569,0.757,0.0,0.187,0.021,0
3922,50,1,9,0.811,0.453,0.823,0.0,0.349,0.142,0
3923,65,0,5,1.026,0.78,0.38,0.0,-0.307,0.485,0
3924,50,1,11,0.822,0.541,0.824,0.75,0.044,0.188,0
3925,64,1,8,0.833,0.542,0.389,0.0,-0.091,0.249,0
3926,46,0,10,0.901,0.538,0.897,0.75,0.408,0.008,0
3927,83,0,11,0.873,0.361,0.93,0.75,0.525,0.297,1
3928,83,1,7,0.535,0.54,0.687,0.0,0.313,-0.366,0
3929,65,0,4,0.765,0.573,0.851,1.0,0.43,0.007,0
3930,40,1,11,1.102,0.447,0.668,1.0,0.139,0.456,1
3931,77,0,9,0.915,0.576,0.787,0.0,0.087,0.269,1
3932,49,1,5,0.981,0.635,0.619,0.25,0.211,0.36,0
3933,67,0,12,1.075,0.549,0.815,0.5,0.158,0.23,0
3934,41,1,5,0.772,0.662,0.701,0.0,0.179,0.074,0
3935,62,0,4,0.841,0.547,0.973,0.75,0.909,-0.102,0
3936,35,1,6,1.065,0.57,0.776,0.25,0.223,0.443,0
3937,84,0,11,1.159,0.556,1.254,0.25,0.691,0.472,1
3938,47,0,6,0.888,0.638,1.022,0.0,0.322,0.201,0
3939,74,1,4,0.853,0.555,0.363,1.0,-0.245,0.253,0
3940,34,1,10,0.987,0.538,0.651,0.0,0.096,0.203,0
3941,80,1,3,0.784,0.628,0.603,0.5,0.023,-0.039,0
3942,43,1,3,0.8,0.672,0.314,0.25,-0.386,-0.021,0
3943,38,1,5,0.795,0.709,0.643,0.0,0.031,0.016,0
3944,75,0,5,0.737,0.672,0.687,0.75,0.202,-0.07,0
3945,42,1,9,0.838,0.492,0.713,0.0,0.233,0.14,0
3946,69,1,12,0.981,0.505,0.677,0.0,-0.023,0.17,0
3947,35,0,8,0.848,0.551,0.822,0.0,0.405,0.143,0
3948,75,0,11,0.889,0.626,0.827,0.0,0.474,0.249,0
3949,34,0,9,0.794,0.439,0.985,0.25,0.607,0.047,0
3950,46,1,5,0.943,0.578,0.627,0.0,0.024,0.268,0
3951,79,0,7,0.81,0.537,0.733,0.0,0.363,-0.025,0
3952,69,1,4,0.683,0.7,0.928,0.25,0.228,-0.11,0
3953,81,1,12,0.858,0.591,0.887,0.0,0.365,0.158,0
3954,36,0,3,0.729,0.662,0.7,0.25,0.243,0.195,0
3955,43,1,9,1.109,0.587,0.973,0.0,0.489,0.343,0
3956,50,0,3,0.843,0.718,0.537,0.0,0.272,0.387,0
3957,74,1,4,0.881,0.559,0.684,0.25,0.322,0.102,0
3958,64,1,7,0.944,0.506,0.543,0.25,-0.19,0.371,0
3959,76,0,12,1.065,0.423,1.021,0.75,0.535,0.291,0
3960,30,0,4,0.778,0.649,0.437,0.5,0.178,0.097,0
3961,79,1,3,1.029,0.611,0.7,0.0,0.229,0.3,1
3962,61,1,8,0.7,0.607,0.666,0.0,0.013,0.033,0
3963,44,0,10,0.806,0.606,0.997,1.0,0.427,0.282,1
3964,73,1,4,0.73,0.7,0.576,0.0,0.094,0.227,0
3965,69,0,11,0.935,0.403,0.508,0.75,-0.043,-0.013,0
3966,36,0,3,0.802,0.601,0.704,0.0,0.184,-0.101,0
3967,63,1,5,0.816,0.562,0.554,0.75,0.021,0.124,0
3968,39,0,11,0.919,0.486,0.597,0.25,0.328,0.035,0
3969,80,1,6,1.09,0.598,0.92,0.5,0.637,0.475,0
3970,45,1,6,1.042,0.656,0.975,0.75,0.451,0.325,1
3971,74,0,12,1.393,0.633,0.658,0.0,0.389,0.393,1
3972,75,0,9,0.884,0.665,0.844,1.0,0.432,0.122,0
3973,52,0,5,0.912,0.498,0.444,0.0,0.091,-0.004,0
3974,65,1,3,0.925,0.441,0.308,0.0,-0.028,0.067,0
3975,39,1,3,0.83,0.676,0.466,1.0,0.125,-0.024,0
3976,80,1,9,1.035,0.645,0.827,0.5,0.127,0.253,0
3977,62,0,8,0.687,0.637,0.501,0.0,-0.245,-0.002,0
3978,67,1,6,0.727,0.516,0.594,0.0,0.087,-0.094,1
3979,43,1,12,1.036,0.545,0.89,0.25,0.34,0.158,0
3980,52,0,11,1.003,0.582,0.853,1.0,0.292,0.288,0
3981,58,1,9,1.15,0.418,0.973,0.75,0.273,0.43,0
3982,39,1,9,0.971,0.444,0.734,1.0,0.137,0.311,1
3983,32,0,5,0.638,0.578,0.561,1.0,-0.148,-0.217,0
3984,56,0,6,0.605,0.562,0.658,0.0,0.082,-0.098,1
3985,35,1,9,1.032,0.579,0.775,0.25,0.465,0.32,0
3986,54,1,11,0.949,0.642,0.67,0.75,0.284,0.186,0
3987,64,0,7,0.904,0.555,0.643,0.5,0.455,0.314,0
3988,48,1,3,0.666,0.549,0.588,0.25,0.272,-0.084,0
3989,40,1,4,0.709,0.487,0.753,0.0,0.478,0.02,0
3990,54,1,4,0.652,0.554,0.682,0.0,0.376,0.005,0
3991,54,1,10,0.983,0.488,0.795,0.0,0.343,0.084,0
3992,64,1,12,1.091,0.678,1.026,0.75,0.494,0.402,0
3993,79,0,11,1.044,0.588,0.823,0.0,0.462,0.239,1
3994,66,1,11,1.112,0.7,0.888,0.0,0.529,0.257,0
3995,63,1,9,1.16,0.688,0.731,0.0,0.294,0.522,0
3996,80,1,3,0.798,0.678,0.548,0.25,-0.373,0.059,0
3997,40,1,7,1.041,0.769,0.871,0.0,0.329,0.107,0
3998,57,0,8,0.72,0.619,0.705,0.5,0.171,0.034,0
3999,51,0,5,0.842,0.558,0.554,0.75,0.377,0.029,0
4000,50,0,5,0.883,0.704,0.601,0.0,0.389,-0.041,0
4001,43,1,8,0.905,0.658,0.83,0.0,0.297,0.184,0
4002,81,1,6,0.861,0.65,0.657,0.0,0.459,0.219,0
4003,72,1,6,0.841,0.761,0.672,1.0,0.167,-0.038,0
4004,37,1,4,1.04,0.649,0.474,0.75,0.028,0.369,1
4005,31,1,12,1.111,0.476,0.858,0.25,0.252,0.424,0
4006,41,1,4,0.448,0.63,0.62,0.0,0.265,-0.334,0
4007,66,1,10,1.0,0.7,0.772,0.0,0.572,0.159,0
4008,67,1,9,1.023,0.634,0.717,0.5,0.375,0.323,0
4009,60,0,8,0.74,0.616,0.551,1.0,0.015,0.005,0
4010,79,1,3,0.514,0.657,0.603,0.0,0.133,-0.17,0
4011,77,1,10,1.043,0.474,0.689,0.75,0.447,0.235,0
4012,74,0,8,0.707,0.795,0.808,0.0,0.584,-0.118,0
4013,70,0,8,0.874,0.569,0.794,0.25,0.164,0.21,0
4014,42,0,10,1.105,0.585,0.955,0.0,0.255,0.225,0
4015,71,1,5,0.678,0.667,0.693,0.0,0.037,-0.211,0
4016,69,0,5,0.661,0.49,0.922,0.75,0.383,-0.249,0
4017,71,1,3,0.749,0.567,0.7,0.0,0.191,-0.141,0
4018,74,1,10,0.845,0.67,0.947,0.25,0.19,0.055,0
4019,42,0,6,0.87,0.724,0.295,0.0,-0.045,0.226,0
4020,31,1,7,0.981,0.552,0.503,0.5,0.201,0.337,0
4021,68,0,9,1.146,0.462,0.902,0.25,0.356,0.407,0
4022,46,0,8,1.082,0.702,0.985,1.0,0.638,0.277,1
4023,49,0,10,0.559,0.547,0.967,0.5,0.795,-0.46,0
4024,35,0,9,0.718,0.643,0.807,0.75,0.492,0.018,0
4025,47,1,9,0.859,0.58,0.965,0.0,0.529,0.111,0
4026,38,0,3,0.994,0.7,0.494,0.25,0.34,0.287,0
4027,46,0,4,0.94,0.767,0.499,0.25,0.064,0.421,0
4028,74,1,4,0.726,0.595,0.605,0.0,-0.098,-0.049,0
4029,80,1,10,0.883,0.688,0.927,0.5,0.641,0.142,0
4030,74,1,8,1.047,0.657,0.772,0.0,0.549,0.321,0
4031,35,1,10,0.81,0.549,0.805,1.0,0.244,-0.085,0
4032,55,0,12,0.789,0.578,1.347,1.0,0.773,-0.113,0
4033,81,1,10,0.781,0.557,0.997,0.25,0.807,0.276,1
4034,67,1,4,0.799,0.648,0.261,0.0,-0.468,0.11,0
4035,74,1,4,0.811,0.615,0.8,1.0,0.537,0.039,0
4036,80,1,7,0.799,0.43,0.507,0.25,0.135,-0.003,0
4037,68,1,4,0.855,0.495,0.751,0.0,0.007,0.139,0
4038,57,0,3,0.697,0.568,0.462,0.0,0.036,-0.011,0
4039,81,0,7,0.845,0.519,0.237,0.25,-0.275,-0.002,0
4040,55,1,8,1.232,0.522,1.127,0.75,0.819,0.3,0
4041,82,1,10,0.935,0.656,1.03,0.0,0.653,0.1,0
4042,51,1,9,0.863,0.5,0.427,0.0,0.008,-0.11,0
4043,55,0,11,0.927,0.602,0.97,0.75,0.481,0.194,0
4044,55,1,9,1.07,0.592,0.808,1.0,0.522,0.531,0
4045,82,1,9,0.809,0.615,0.711,0.0,0.318,-0.051,0
4046,48,1,8,0.874,0.7,0.781,1.0,0.345,0.153,1
4047,47,0,5,0.897,0.559,0.594,0.5,0.079,0.207,0
4048,37,1,4,0.795,0.692,0.648,0.0,0.146,0.037,0
4049,34,0,12,0.982,0.546,0.963,0.5,0.667,0.207,1
4050,65,1,4,0.877,0.592,0.538,0.0,-0.182,0.124,0
4051,43,0,7,1.031,0.577,0.886,0.0,0.078,0.263,0
4052,52,1,11,0.903,0.547,0.853,0.25,0.37,0.047,0
4053,52,0,3,0.708,0.519,0.198,0.0,-0.044,0.01,0
4054,84,1,5,0.864,0.736,0.633,0.75,-0.079,0.128,0
4055,47,1,9,1.22,0.64,0.749,0.0,0.049,0.705,0
4056,83,1,8,1.145,0.7,1.025,0.5,0.561,0.489,0
4057,57,1,9,0.983,0.521,0.576,0.0,0.119,0.22,0
4058,56,1,9,1.06,0.546,0.78,0.0,0.563,0.435,0
4059,83,1,10,1.134,0.517,0.788,0.0,0.145,0.321,0
4060,65,0,5,1.085,0.598,0.833,0.0,0.549,0.291,0
4061,64,1,5,0.88,0.651,0.627,0.25,0.144,0.093,0
4062,30,1,7,1.048,0.703,0.87,0.75,0.238,0.355,0
4063,42,1,4,0.956,0.563,0.518,0.5,-0.341,0.278,0
4064,63,1,5,0.762,0.567,0.662,0.0,0.013,0.014,0
4065,69,1,8,0.852,0.558,0.764,0.25,0.209,0.037,0
4066,63,1,10,0.926,0.497,0.785,0.0,0.253,0.313,0
4067,44,0,5,0.723,0.639,0.358,0.5,-0.209,0.111,0
4068,67,1,3,0.812,0.588,0.445,0.25,-0.39,0.309,0
4069,38,1,4,0.705,0.526,0.462,0.0,-0.123,-0.317,0
4070,62,0,11,1.041,0.597,1.279,0.25,0.742,0.462,0
4071,35,0,8,0.898,0.567,0.946,0.25,0.541,0.299,0
4072,66,1,10,0.991,0.622,0.842,0.0,0.539,0.303,0
4073,39,1,12,0.993,0.54,0.82,0.25,0.185,0.354,1
4074,66,1,8,0.856,0.65,1.019,0.25,0.38,0.067,0
4075,84,1,8,0.62,0.569,0.868,0.5,0.524,-0.192,0
4076,35,1,7,0.747,0.488,0.888,1.0,0.57,-0.078,0
4077,60,1,12,0.813,0.47,0.86,0.75,0.225,0.042,0
4078,73,1,12,0.889,0.572,1.2,0.25,0.98,0.028,1
4079,74,1,3,0.902,0.732,0.649,0.25,0.145,0.124,0
4080,49,1,7,0.739,0.635,0.759,0.5,0.302,0.223,0
4081,33,1,3,0.808,0.571,0.388,0.5,-0.067,-0.067,0
4082,38,0,5,0.537,0.683,0.7,0.5,0.367,-0.144,0
4083,75,1,6,0.942,0.442,0.529,0.75,-0.188,0.187,0
4084,38,1,12,0.949,0.648,0.935,0.0,0.89,0.154,0
4085,48,0,11,0.765,0.684,0.882,0.0,0.346,0.149,0
4086,74,0,4,0.789,0.525,0.782,0.5,0.27,0.086,0
4087,65,1,12,0.944,0.563,0.998,0.5,0.455,0.07,0
4088,50,0,6,0.728,0.63,0.549,0.0,-0.121,-0.02,0
4089,81,0,5,0.805,0.593,0.605,0.0,0.097,0.039,0
4090,70,1,7,0.925,0.546,0.446,1.0,0.115,-0.049,1
4091,47,1,12,1.019,0.635,1.18,0.0,1.097,0.378,0
4092,84,0,3,0.984,0.59,0.412,0.0,0.464,-0.056,0
4093,56,0,12,1.123,0.56,0.753,0.75,0.407,0.394,1
4094,41,1,9,0.949,0.544,0.92,0.0,0.652,0.33,0
4095,55,1,12,1.049,0.424,0.857,0.0,0.276,0.263,0
4096,77,1,5,0.861,0.485,0.888,0.0,0.512,0.168,0
4097,47,1,6,0.912,0.631,0.728,0.0,-0.046,0.215,0
4098,63,1,12,0.901,0.472,0.866,0.0,0.248,0.201,0
4099,70,0,6,0.827,0.622,0.69,0.25,0.378,-0.026,0
4100,49,1,5,0.879,0.715,0.551,0.0,0.147,0.3,0
4101,33,1,12,0.843,0.536,1.108,0.0,0.74,0.053,0
4102,66,1,10,1.025,0.455,0.979,0.0,0.367,0.338,0
4103,80,1,4,0.887,0.721,0.662,0.0,-0.038,0.157,0
4104,61,0,4,0.77,0.489,0.53,0.5,-0.07,-0.06,0
4105,54,1,7,0.7,0.69,0.767,0.0,0.433,0.096,0
4106,49,1,3,0.74,0.693,0.492,0.0,0.064,-0.215,0
4107,42,1,4,0.753,0.541,0.556,0.0,0.004,0.031,0
4108,59,1,10,0.869,0.558,0.983,0.75,0.283,0.21,0
4109,68,1,6,0.755,0.498,0.343,0.0,0.081,-0.051,0
4110,49,1,4,0.814,0.508,0.513,0.25,0.215,0.092,0
4111,71,1,5,0.885,0.763,0.211,0.5,-0.316,0.085,0
4112,78,0,12,1.088,0.598,0.801,0.5,0.227,0.472,1
4113,79,0,3,0.835,0.648,0.285,0.0,-0.131,0.087,0
4114,81,0,9,0.884,0.467,0.902,1.0,0.64,-0.039,1
4115,77,1,8,0.89,0.427,0.641,0.0,0.154,0.133,1
4116,54,0,11,1.004,0.619,0.7,0.0,0.409,0.423,0
4117,55,1,9,0.951,0.693,0.917,0.75,0.494,0.029,0
4118,73,1,3,0.76,0.583,0.612,1.0,0.045,-0.089,0
4119,31,1,4,0.728,0.567,0.514,0.25,0.065,0.158,0
4120,48,0,11,0.96,0.65,0.891,0.75,0.238,0.313,0
4121,53,0,12,1.058,0.63,0.758,0.0,0.229,0.287,0
4122,45,0,10,1.145,0.494,0.926,0.75,0.26,0.334,0
4123,80,1,5,0.834,0.581,0.639,0.0,0.238,0.109,0
4124,63,0,5,0.909,0.491,0.603,0.25,0.282,0.091,0
4125,49,1,8,1.013,0.589,0.874,0.0,0.048,0.371,0
4126,39,1,6,0.919,0.569,0.688,0.5,0.348,0.25,0
4127,59,1,9,0.9,0.494,0.825,0.0,0.481,-0.105,0
4128,30,1,10,1.042,0.464,0.782,1.0,0.327,0.28,0
4129,54,1,4,0.598,0.484,0.377,0.0,-0.219,-0.145,0
4130,59,1,12,1.003,0.622,0.854,0.0,0.403,0.296,0
4131,68,1,12,1.048,0.539,0.914,0.25,0.512,0.122,0
4132,37,1,12,1.018,0.545,1.011,0.0,0.257,0.253,0
4133,63,1,10,0.972,0.529,1.143,0.0,0.644,0.107,0
4134,40,0,3,0.603,0.609,0.731,0.5,0.276,-0.116,0
4135,38,0,3,0.864,0.637,0.7,0.25,0.455,0.225,0
4136,40,1,5,0.836,0.615,0.733,0.5,0.16,0.023,0
4137,33,0,9,0.677,0.564,0.47,0.75,0.283,-0.192,0
4138,67,0,11,1.026,0.43,0.98,0.5,0.359,0.284,0
4139,37,0,4,0.703,0.561,0.803,0.0,0.391,-0.005,0
4140,76,0,7,0.521,0.515,1.031,0.25,0.51,-0.35,0
4141,74,0,6,0.735,0.639,0.869,0.0,0.873,0.025,0
4142,50,1,12,1.147,0.401,1.104,0.0,0.561,0.443,1
4143,42,1,7,0.938,0.532,0.702,0.0,0.49,0.184,0
4144,51,1,6,0.889,0.579,0.675,0.0,0.093,0.294,0
4145,35,0,11,0.882,0.562,0.998,0.5,0.444,-0.054,0
4146,55,0,10,0.927,0.512,0.789,1.0,0.406,0.114,1
4147,63,0,3,0.942,0.523,0.56,0.0,0.371,0.053,0
4148,43,1,5,0.733,0.638,0.674,0.75,0.072,-0.131,0
4149,32,1,6,0.83,0.681,0.609,1.0,0.51,0.074,0
4150,58,1,6,0.66,0.62,0.89,0.0,0.616,-0.188,0
4151,38,0,12,0.947,0.578,0.936,1.0,0.514,0.284,0
4152,50,0,6,0.692,0.486,0.465,0.75,0.125,-0.176,0
4153,59,0,3,0.836,0.567,0.612,0.75,0.462,0.088,0
4154,33,1,7,0.806,0.503,0.835,0.0,0.317,0.159,0
4155,60,0,4,0.839,0.6,0.46,1.0,0.453,0.236,0
4156,53,1,3,0.688,0.635,0.747,0.0,0.521,-0.261,0
4157,31,0,4,0.89,0.681,0.853,0.75,0.447,0.367,0
4158,35,1,5,0.837,0.706,0.455,0.25,-0.155,0.068,0
4159,74,0,12,0.908,0.459,0.949,0.0,0.628,0.398,0
4160,44,1,6,0.745,0.576,0.45,0.25,-0.145,0.014,0
4161,34,0,4,0.7,0.54,0.731,0.5,0.146,0.046,0
4162,51,0,6,0.66,0.452,0.779,0.25,0.292,0.09,1
4163,72,1,8,0.979,0.555,0.84,0.0,0.487,0.279,1
4164,40,1,12,1.038,0.536,0.992,1.0,0.435,0.186,0
4165,66,1,10,0.946,0.51,0.525,0.25,0.507,0.186,0
4166,42,0,4,0.77,0.558,0.713,0.0,0.022,0.216,0
4167,65,0,10,0.978,0.583,0.958,0.0,0.258,0.001,0
4168,50,1,10,0.794,0.531,0.971,0.0,0.643,0.161,0
4169,44,1,8,0.848,0.444,0.689,1.0,0.352,0.109,0
4170,41,0,6,0.919,0.756,0.176,0.5,-0.212,0.122,0
4171,31,1,3,0.953,0.659,0.492,0.25,-0.044,0.2,0
4172,40,1,3,1.032,0.7,0.484,0.0,-0.139,0.348,0
4173,57,0,8,0.755,0.559,0.699,0.25,0.354,0.07,0
4174,63,1,12,0.944,0.483,0.879,0.25,0.479,0.1,0
4175,34,1,6,0.727,0.59,0.859,0.0,0.147,-0.024,0
4176,53,1,10,1.076,0.585,0.876,0.0,0.333,0.26,0
4177,40,1,6,0.812,0.625,1.074,0.0,0.698,-0.004,0
4178,67,0,8,0.634,0.493,0.642,0.0,0.182,-0.078,0
4179,84,0,9,0.905,0.495,0.558,0.0,0.034,0.228,0
4180,31,1,5,0.656,0.593,0.731,0.0,0.041,0.007,0
4181,54,0,4,1.024,0.591,0.429,0.75,-0.167,0.404,0
4182,39,1,9,0.845,0.716,0.7,0.25,-0.238,-0.01,0
4183,72,0,6,0.989,0.575,0.7,0.25,0.345,0.121,0
4184,31,0,4,0.856,0.581,0.635,0.0,0.21,0.139,0
4185,39,1,11,0.787,0.433,0.673,0.0,0.139,0.172,0
4186,79,0,12,1.046,0.476,0.886,0.5,0.416,0.382,0
4187,80,1,7,0.824,0.655,0.698,0.0,0.303,-0.076,1
4188,84,0,7,0.832,0.542,0.7,0.0,0.078,0.086,0
4189,41,1,5,0.817,0.677,0.565,0.0,0.549,0.099,0
4190,70,0,11,0.919,0.507,0.689,0.5,0.281,0.041,1
4191,76,1,10,0.966,0.629,0.705,0.75,0.333,0.09,1
4192,39,0,12,0.755,0.665,0.89,0.25,0.318,-0.059,0
4193,69,1,3,0.893,0.539,0.214,0.0,-0.663,0.358,0
4194,65,0,5,0.961,0.454,0.919,0.0,0.486,0.116,0
4195,44,1,8,0.7,0.576,0.78,0.0,0.038,-0.044,0
4196,74,0,10,0.774,0.588,1.123,0.0,0.691,-0.068,0
4197,37,0,3,0.563,0.553,0.428,0.0,-0.152,-0.308,0
4198,65,1,11,1.027,0.519,0.753,0.0,0.157,0.301,0
4199,63,0,9,0.901,0.494,0.73,0.0,0.236,0.168,0
4200,47,1,4,0.757,0.602,0.58,0.25,0.14,0.049,1
4201,70,0,8,0.877,0.636,0.98,1.0,0.503,-0.114,1
4202,56,0,3,0.809,0.565,0.477,0.0,0.011,-0.061,0
4203,37,1,10,0.947,0.55,0.997,0.0,0.365,0.262,0
4204,59,0,5,0.7,0.712,0.877,0.5,0.652,0.008,1
4205,46,0,11,0.986,0.487,0.827,0.0,0.423,0.361,0
4206,52,1,9,0.749,0.574,1.051,0.0,0.367,0.007,0
4207,70,1,9,0.881,0.642,0.832,0.75,0.362,0.056,1
4208,83,1,4,0.7,0.581,0.69,0.5,0.215,-0.162,1
4209,80,1,5,0.702,0.585,0.886,1.0,0.245,-0.283,0
4210,50,0,11,0.728,0.505,0.86,1.0,0.48,0.1,0
4211,53,0,3,0.864,0.624,0.461,0.0,-0.003,0.321,0
4212,41,1,4,0.728,0.648,0.456,0.5,0.424,-0.19,0
4213,62,1,10,0.94,0.591,0.875,0.0,0.372,0.215,0
4214,38,0,6,0.941,0.622,0.43,0.0,0.147,0.172,1
4215,59,0,12,0.999,0.587,1.266,0.25,1.101,0.228,0
4216,82,0,5,0.784,0.515,0.64,0.0,0.327,0.084,0
4217,61,1,7,0.998,0.543,0.437,0.5,0.056,0.342,0
4218,47,0,10,0.881,0.604,0.659,0.5,0.172,0.208,0
4219,71,1,11,0.991,0.542,0.781,0.25,0.134,0.026,0
4220,42,0,7,0.986,0.578,0.508,0.5,0.024,0.06,0
4221,66,1,7,1.077,0.589,0.728,0.0,0.374,0.105,0
4222,81,1,6,0.781,0.625,0.7,0.0,0.117,-0.026,0
4223,40,0,4,0.71,0.655,0.507,0.0,0.187,-0.081,1
4224,77,0,4,0.72,0.673,0.57,0.0,-0.081,-0.088,0
4225,46,0,10,1.032,0.553,0.987,0.5,0.662,0.028,0
4226,64,1,5,0.751,0.509,0.794,0.0,0.563,0.035,0
4227,69,0,12,1.068,0.546,0.67,0.5,0.195,0.187,0
4228,44,1,7,0.901,0.65,0.686,1.0,0.383,0.223,0
4229,81,1,4,0.926,0.672,0.337,0.25,-0.364,0.21,0
4230,49,0,3,0.711,0.537,0.575,1.0,-0.192,-0.114,0
4231,30,1,4,0.914,0.517,0.831,0.25,0.2,0.204,0
4232,82,1,10,0.815,0.5,0.622,0.0,0.188,-0.088,0
4233,33,0,3,0.566,0.573,0.346,0.75,-0.082,-0.39,0
4234,51,0,3,0.858,0.505,0.452,0.0,0.15,0.019,0
4235,46,0,6,0.906,0.603,0.524,0.0,-0.186,0.068,0
4236,76,0,9,1.09,0.41,0.735,0.0,0.201,0.413,0
4237,53,1,9,1.188,0.479,0.773,0.0,0.095,0.439,0
4238,33,1,6,0.912,0.537,0.45,1.0,0.169,0.212,0
4239,72,0,5,0.776,0.584,0.765,0.0,0.277,0.029,0
4240,82,0,5,0.825,0.557,1.096,0.0,0.79,0.278,0
4241,55,1,6,0.877,0.567,0.47,0.0,-0.101,0.02,0
4242,70,0,9,0.84,0.687,0.923,1.0,0.408,-0.045,1
4243,36,1,9,0.699,0.506,0.962,0.0,0.666,0.325,0
4244,32,1,12,1.01,0.52,0.986,0.0,0.662,0.252,0
4245,57,1,12,0.945,0.566,1.043,0.25,0.542,0.273,1
4246,40,1,8,0.964,0.744,0.32,0.0,-0.039,0.226,0
4247,33,0,7,0.873,0.621,0.594,0.0,-0.218,-0.078,0
4248,68,1,10,1.091,0.493,0.979,0.0,0.609,0.333,0
4249,43,1,7,0.973,0.684,0.51,0.25,0.083,0.244,1
4250,82,0,4,0.557,0.505,0.516,0.0,-0.018,-0.212,0
4251,34,1,5,0.92,0.646,0.789,1.0,0.385,0.217,0
4252,77,0,4,0.959,0.36,0.381,0.25,-0.151,0.251,0
4253,69,0,10,0.908,0.68,0.723,0.0,0.348,0.0,0
4254,36,1,5,0.982,0.55,0.546,1.0,0.251,0.349,0
4255,82,1,6,1.022,0.588,0.475,0.0,-0.156,0.134,0
4256,58,0,9,1.008,0.573,0.868,0.0,0.134,0.105,0
4257,67,1,9,0.925,0.585,0.661,1.0,0.119,0.24,0
4258,31,1,12,0.83,0.626,0.7,0.0,0.206,0.133,0
4259,37,0,11,0.7,0.554,1.085,0.0,0.781,0.09,0
4260,83,1,4,0.969,0.725,0.381,0.75,-0.082,0.155,0
4261,45,1,10,0.819,0.645,0.801,0.0,0.275,0.168,0
4262,38,0,3,0.786,0.642,0.727,0.0,0.346,-0.196,0
4263,33,1,3,0.752,0.595,1.105,1.0,0.405,-0.099,0
4264,78,1,12,1.053,0.567,1.196,0.0,1.059,0.376,0
4265,75,1,4,0.875,0.6,0.88,0.25,0.474,0.084,0
4266,77,0,9,0.862,0.422,0.821,1.0,0.39,0.074,0
4267,56,0,4,0.756,0.666,0.496,0.25,0.181,-0.011,0
4268,45,1,8,0.962,0.514,0.551,0.0,-0.07,0.259,0
4269,36,0,10,0.972,0.593,1.096,0.0,0.559,0.24,0
4270,60,0,6,0.819,0.579,0.656,0.0,0.155,0.083,0
4271,66,1,3,0.7,0.617,0.702,1.0,0.032,-0.013,1
4272,62,1,6,1.029,0.518,0.642,0.5,0.022,0.411,0
4273,31,0,8,0.774,0.547,0.583,0.5,0.125,-0.088,0
4274,73,1,11,0.88,0.474,0.607,0.5,0.012,0.153,0
4275,55,0,11,0.7,0.59,0.773,0.5,0.586,-0.001,0
4276,84,0,3,0.66,0.768,0.598,0.0,-0.003,-0.257,0
4277,83,1,8,0.652,0.649,0.888,0.0,0.373,-0.042,0
4278,54,1,4,0.886,0.742,0.287,0.0,-0.321,0.104,0
4279,59,0,4,0.744,0.567,0.35,0.5,-0.364,-0.198,0
4280,64,1,6,0.7,0.463,0.548,0.0,-0.09,0.035,0
4281,56,0,8,0.878,0.476,0.789,0.0,0.376,0.338,0
4282,84,0,8,0.821,0.433,1.275,0.5,0.791,-0.053,0
4283,50,0,8,0.857,0.638,0.776,0.5,0.485,0.09,0
4284,51,0,9,0.819,0.454,0.7,0.75,0.539,-0.196,0
4285,44,0,6,0.832,0.602,0.738,0.0,0.098,0.077,0
4286,54,0,8,0.777,0.582,0.777,0.0,0.042,0.214,0
4287,40,1,6,0.913,0.704,0.984,0.0,0.739,0.316,0
4288,50,0,6,0.754,0.642,0.668,0.25,0.258,0.215,0
4289,47,0,3,0.981,0.615,0.588,1.0,0.006,0.348,0
4290,78,0,11,1.131,0.536,0.847,0.0,0.554,0.417,0
4291,52,1,5,0.989,0.653,0.539,1.0,0.277,0.257,0
4292,79,0,10,0.873,0.546,0.571,0.0,0.246,0.248,0
4293,79,1,9,0.697,0.339,0.656,0.0,0.072,-0.213,0
4294,54,1,9,0.986,0.52,0.521,0.0,0.251,0.297,1
4295,32,0,7,0.992,0.554,0.826,0.0,0.642,0.152,0
4296,68,1,3,0.532,0.508,0.704,0.0,0.231,-0.222,0
4297,72,0,10,0.81,0.56,1.042,0.0,0.751,-0.143,0
4298,76,0,9,0.771,0.566,0.603,1.0,0.053,0.157,1
4299,36,1,8,0.811,0.47,0.9,0.0,0.503,0.069,0
4300,71,0,6,0.662,0.589,0.83,0.25,0.454,-0.304,0
4301,52,1,8,1.112,0.656,0.858,0.0,0.303,0.373,0
4302,73,0,6,0.75,0.669,0.78,0.0,0.219,-0.014,0
4303,30,1,8,0.992,0.566,0.812,0.0,0.446,0.299,0
4304,66,0,9,0.914,0.46,0.951,0.75,0.573,-0.107,0
4305,30,0,11,0.826,0.578,0.863,0.0,0.319,0.115,0
4306,54,0,11,0.925,0.456,0.755,0.75,0.242,0.407,0
4307,43,0,12,0.936,0.338,0.736,1.0,0.0,0.146,0
4308,81,1,3,0.781,0.595,0.612,0.0,0.005,-0.053,0
4309,45,1,4,0.861,0.643,0.407,0.5,-0.118,0.204,0
4310,60,1,9,1.076,0.551,0.722,1.0,0.108,0.322,0
4311,75,0,9,0.724,0.511,0.854,0.5,0.236,-0.074,0
4312,71,0,10,1.019,0.445,0.744,0.5,0.502,0.341,1
4313,38,1,8,1.005,0.645,0.416,0.0,0.177,0.066,0
4314,30,1,9,0.897,0.538,0.796,0.75,0.502,0.022,0
4315,64,0,5,0.809,0.53,0.643,0.0,0.292,0.092,0
4316,68,1,8,0.788,0.422,0.928,0.0,0.774,-0.004,0
4317,40,0,8,0.988,0.7,0.678,0.25,-0.052,0.275,0
4318,77,1,5,0.907,0.693,0.459,0.5,-0.004,-0.037,1
4319,42,1,7,0.741,0.541,0.62,0.75,-0.003,-0.157,0
4320,71,1,11,0.957,0.545,1.058,0.0,0.643,0.178,0
4321,32,1,6,0.679,0.67,0.7,0.25,0.089,-0.042,0
4322,75,0,5,0.743,0.559,0.395,0.5,0.19,0.071,1
4323,70,1,5,0.767,0.564,0.869,0.0,0.162,0.136,0
4324,64,1,8,0.75,0.7,0.947,0.0,0.334,0.03,0
4325,74,0,6,0.993,0.607,0.715,1.0,-0.106,0.084,0
4326,35,1,3,0.69,0.571,0.481,0.75,0.282,-0.07,0
4327,69,1,6,0.755,0.631,0.346,1.0,-0.354,0.048,0
4328,35,0,8,1.076,0.537,0.845,0.0,0.165,0.332,0
4329,75,0,8,0.869,0.582,0.789,0.25,0.163,0.036,0
4330,40,1,4,1.116,0.688,0.505,0.5,0.019,0.114,0
4331,61,0,6,0.701,0.705,0.552,0.25,-0.101,-0.078,0
4332,81,0,5,1.095,0.577,0.761,0.0,0.532,0.395,0
4333,63,1,9,0.7,0.594,0.923,0.0,0.623,-0.079,0
4334,62,0,11,0.995,0.616,0.827,0.0,0.336,0.297,0
4335,40,0,7,0.86,0.613,0.871,0.0,0.085,-0.016,0
4336,67,1,3,0.952,0.595,0.522,0.0,-0.066,0.182,0
4337,59,1,12,0.895,0.57,0.813,0.25,0.235,0.16,1
4338,55,1,3,0.647,0.493,0.457,0.0,0.107,-0.121,0
4339,37,1,5,0.873,0.661,0.3,0.25,-0.046,0.267,1
4340,42,0,4,0.7,0.584,0.526,0.75,-0.041,0.122,0
4341,38,1,10,1.026,0.657,0.934,0.5,0.234,0.137,0
4342,47,1,6,0.7,0.575,0.577,0.0,-0.076,-0.181,0
4343,45,0,11,1.133,0.543,0.81,0.0,0.488,0.335,0
4344,44,0,10,1.124,0.592,1.055,0.0,0.68,0.304,1
4345,82,0,9,0.945,0.499,0.672,0.5,0.268,0.105,0
4346,79,0,8,0.918,0.622,0.581,0.25,0.296,0.227,1
4347,36,1,4,0.737,0.682,0.7,0.0,0.185,-0.156,0
4348,44,1,10,1.062,0.512,1.018,1.0,0.857,0.31,0
4349,75,1,4,1.043,0.517,0.586,0.75,0.162,0.339,0
4350,48,1,6,0.8,0.552,0.911,0.0,0.356,-0.108,0
4351,43,0,4,0.7,0.636,0.748,1.0,0.417,-0.094,0
4352,48,0,6,0.66,0.557,1.001,0.5,0.512,0.073,0
4353,45,0,4,0.695,0.67,0.683,1.0,-0.017,0.169,0
4354,53,1,3,0.873,0.764,0.683,0.0,0.206,0.19,0
4355,80,0,7,0.719,0.603,0.922,0.0,0.58,-0.101,0
4356,71,1,9,0.833,0.653,0.772,0.0,0.29,0.016,0
4357,68,1,8,0.943,0.651,0.771,0.0,0.197,0.452,0
4358,53,0,4,0.699,0.698,0.356,0.0,0.138,-0.001,0
4359,57,1,12,0.7,0.505,0.894,0.0,0.067,-0.035,1
4360,42,1,12,1.192,0.6,0.9,0.75,0.403,0.492,0
4361,33,1,12,0.93,0.507,1.001,0.0,0.524,0.308,0
4362,70,1,12,0.938,0.62,1.1,0.25,0.688,0.332,0
4363,49,1,9,0.875,0.576,0.556,0.0,0.111,0.233,0
4364,44,1,10,1.022,0.636,0.753,0.0,0.281,0.285,0
4365,70,1,5,0.834,0.7,0.675,0.0,0.109,0.12,0
4366,44,1,6,0.708,0.762,0.599,0.0,0.236,-0.048,1
4367,84,1,6,0.981,0.42,0.645,0.25,0.156,0.218,1
4368,42,1,3,0.786,0.613,0.493,0.0,-0.01,0.041,0
4369,72,1,7,0.834,0.55,0.783,0.0,0.423,-0.037,0
4370,55,1,9,0.909,0.514,0.832,0.75,0.299,0.209,0
4371,81,0,10,0.948,0.633,0.998,0.5,0.498,0.198,0
4372,58,0,4,0.772,0.491,0.515,0.75,-0.167,0.113,0
4373,47,0,12,1.132,0.537,0.857,0.25,0.707,0.441,0
4374,84,0,6,0.938,0.592,0.603,0.0,0.152,0.254,1
4375,42,1,9,0.891,0.54,0.64,0.0,0.149,-0.024,0
4376,70,1,12,0.919,0.594,0.792,0.0,0.178,0.206,0
4377,81,0,12,1.007,0.567,0.952,0.0,0.665,0.233,0
4378,67,1,9,0.869,0.476,0.941,0.75,0.847,-0.113,0
4379,30,1,10,0.859,0.533,0.818,0.75,0.191,0.182,0
4380,55,0,7,0.908,0.561,0.815,0.0,0.658,0.111,0
4381,73,0,7,0.667,0.489,0.728,1.0,0.407,-0.03,0
4382,38,1,9,1.034,0.575,1.011,0.75,0.625,0.144,1
4383,63,1,10,0.878,0.576,0.532,0.75,-0.004,0.336,0
4384,77,0,9,0.847,0.609,0.725,0.0,0.011,0.215,1
4385,75,0,9,1.041,0.684,0.967,1.0,0.435,0.009,1
4386,67,1,6,0.879,0.505,0.537,0.25,0.052,0.12,0
4387,79,0,3,0.837,0.612,0.7,0.75,0.099,0.127,0
4388,30,1,12,1.156,0.592,1.34,0.0,0.803,0.468,0
4389,69,1,9,1.017,0.563,0.801,0.0,0.228,0.191,0
4390,47,0,3,0.707,0.569,0.388,0.0,-0.104,0.005,0
4391,42,1,8,1.046,0.582,0.835,0.25,0.169,0.299,0
4392,50,1,9,0.869,0.642,0.711,0.75,0.384,0.108,0
4393,32,0,12,1.008,0.725,0.716,0.0,0.016,0.106,0
4394,73,0,4,0.688,0.615,0.378,0.5,-0.01,0.242,0
4395,71,0,10,0.979,0.461,1.184,0.5,0.543,0.147,0
4396,41,1,4,0.866,0.53,0.522,0.0,0.064,0.23,0
4397,36,0,8,0.805,0.7,0.739,0.0,0.224,0.159,0
4398,53,1,6,0.815,0.614,0.619,1.0,-0.017,0.049,0
4399,58,0,7,0.708,0.599,0.763,0.0,0.206,0.019,1
4400,60,1,5,0.736,0.627,0.565,0.25,-0.013,-0.035,0
4401,40,0,10,0.81,0.591,0.99,0.0,0.155,0.196,0
4402,55,0,5,0.897,0.468,0.398,0.5,-0.087,-0.116,0
4403,37,1,7,1.016,0.473,0.865,0.0,0.497,0.198,0
4404,76,0,10,0.789,0.593,0.83,1.0,0.409,0.075,1
4405,62,0,10,1.04,0.65,1.151,0.25,1.044,0.439,0
4406,58,0,6,0.932,0.498,0.855,0.0,0.235,0.331,0
4407,45,1,4,0.782,0.618,0.375,0.0,-0.128,0.119,0
4408,30,1,6,0.833,0.433,0.79,0.75,0.593,0.115,0
4409,60,1,8,1.008,0.691,0.867,0.0,0.132,0.08,1
4410,80,0,7,0.929,0.578,0.772,0.75,0.566,0.146,0
4411,30,0,6,0.844,0.745,0.571,0.25,-0.202,-0.009,0
4412,31,0,6,0.877,0.586,0.847,0.25,0.309,0.072,0
4413,73,0,9,0.917,0.586,0.851,0.25,0.406,-0.016,0
4414,35,1,7,0.905,0.527,0.728,0.5,0.026,0.177,0
4415,51,1,12,1.105,0.537,0.7,1.0,0.001,0.521,1
4416,72,0,12,1.051,0.527,0.904,0.0,0.368,0.302,0
4417,81,0,5,0.671,0.55,0.851,0.25,0.639,-0.377,1
4418,68,1,11,0.878,0.694,0.697,0.0,0.419,0.3,0
4419,35,1,4,0.96,0.574,0.7,0.5,0.0,0.39,0
4420,46,0,4,0.755,0.539,0.28,0.0,0.007,-0.01,0
4421,82,1,12,0.973,0.729,0.845,0.5,0.544,0.338,1
4422,64,0,3,0.764,0.688,0.574,0.5,0.143,0.032,0
4423,83,1,11,0.686,0.556,1.091,0.0,0.572,-0.181,1
4424,64,0,5,0.793,0.586,0.82,0.5,0.383,0.094,0
4425,64,0,7,0.964,0.525,0.772,0.0,0.131,0.277,1
4426,65,0,7,0.742,0.524,0.7,0.25,0.445,0.147,0
4427,59,0,11,0.995,0.7,0.934,0.25,0.449,0.205,0
4428,84,0,9,1.079,0.539,1.074,0.0,0.441,0.274,0
4429,56,0,9,0.629,0.503,1.04,0.0,0.658,-0.142,0
4430,44,0,7,0.578,0.585,0.83,0.75,0.57,-0.407,1
4431,52,1,11,0.959,0.6,0.638,0.5,0.327,0.212,0
4432,37,0,12,1.009,0.596,0.986,0.25,0.432,0.309,0
4433,47,1,10,0.841,0.645,0.739,0.0,0.54,0.134,0
4434,73,1,11,0.804,0.637,0.762,0.5,0.334,0.17,0
4435,63,1,11,0.986,0.586,0.744,0.5,0.314,-0.072,1
4436,68,0,11,1.043,0.57,1.141,0.75,0.908,0.288,1
4437,46,1,12,0.92,0.585,1.232,0.0,0.835,-0.069,0
4438,32,1,4,0.636,0.6,0.419,0.25,-0.143,-0.153,0
4439,34,0,10,0.867,0.682,0.997,0.0,0.394,0.206,0
4440,40,0,6,0.972,0.679,0.651,0.0,0.433,0.341,0
4441,69,1,4,0.757,0.502,0.849,0.0,0.602,0.057,0
4442,60,1,8,0.947,0.592,0.974,0.0,0.835,0.107,1
4443,58,1,5,0.819,0.618,0.611,0.5,0.19,0.121,0
4444,37,0,11,0.72,0.458,0.717,0.0,0.449,-0.176,0
4445,35,0,5,0.715,0.642,0.652,0.0,0.139,-0.047,0
4446,77,0,8,0.88,0.627,0.712,0.75,0.203,-0.06,1
4447,42,1,7,1.035,0.601,0.888,0.75,0.394,0.242,0
4448,36,0,7,0.95,0.592,0.881,0.0,0.283,0.066,0
4449,42,0,12,0.901,0.552,1.011,0.0,0.636,0.01,0
4450,42,0,12,0.911,0.7,0.952,0.5,0.415,0.029,0
4451,69,0,12,1.027,0.609,0.648,0.25,0.388,0.327,0
4452,47,1,7,0.78,0.6,0.774,1.0,0.307,0.094,0
4453,71,0,8,1.016,0.655,0.784,0.0,0.024,0.3,0
4454,78,1,7,0.761,0.501,0.987,0.75,0.46,-0.019,0
4455,57,1,3,0.916,0.484,0.92,0.0,0.621,0.372,1
4456,66,0,8,1.088,0.589,0.734,0.0,0.493,0.219,0
4457,53,1,12,0.666,0.557,0.958,0.0,0.183,-0.123,0
4458,46,1,5,0.627,0.633,0.634,1.0,0.112,-0.299,0
4459,66,0,12,0.986,0.611,0.692,0.0,0.028,0.377,0
4460,48,1,4,0.691,0.524,0.318,0.5,-0.021,-0.005,0
4461,71,1,7,0.921,0.564,0.863,0.5,0.227,-0.038,0
4462,55,0,6,0.977,0.608,0.694,0.0,0.272,0.153,0
4463,41,0,6,1.128,0.605,0.38,0.0,-0.127,0.197,0
4464,67,1,5,0.754,0.658,0.641,0.25,0.25,0.149,0
4465,31,0,7,0.925,0.6,0.508,0.75,0.074,0.014,0
4466,52,1,12,0.982,0.591,1.08,0.75,0.504,0.282,0
4467,80,1,9,0.663,0.474,0.933,0.0,0.566,0.061,0
4468,55,0,10,0.839,0.747,0.477,0.0,0.454,0.198,0
4469,69,0,10,0.901,0.424,0.76,0.0,0.456,0.091,0
4470,47,1,11,1.022,0.554,0.924,0.5,0.262,0.356,0
4471,58,1,9,0.857,0.579,1.189,0.0,0.609,-0.005,0
4472,78,1,6,0.959,0.608,0.754,0.0,0.246,0.197,0
4473,60,1,6,0.827,0.644,0.76,0.0,0.311,0.016,0
4474,31,0,4,0.95,0.558,0.702,1.0,0.22,0.21,0
4475,37,1,4,0.791,0.52,0.797,0.0,0.297,0.068,0
4476,66,1,5,0.692,0.526,0.417,0.0,-0.023,-0.085,0
4477,30,0,11,0.835,0.676,1.117,0.75,0.759,0.199,0
4478,31,1,10,0.885,0.521,0.869,0.0,0.424,0.196,0
4479,39,1,3,0.7,0.729,0.483,1.0,0.138,-0.123,0
4480,39,1,7,0.785,0.56,0.947,0.0,0.646,0.034,0
4481,60,1,3,0.517,0.52,0.554,0.0,0.201,-0.283,0
4482,46,1,6,0.609,0.458,0.537,0.25,0.129,-0.136,0
4483,30,1,10,0.972,0.688,1.075,0.75,0.725,0.153,0
4484,45,0,8,0.868,0.613,0.935,0.5,0.236,0.025,0
4485,62,0,9,0.909,0.548,0.616,0.75,0.34,-0.006,0
4486,45,1,9,0.873,0.567,0.807,0.5,0.2,0.023,0
4487,69,1,5,0.828,0.645,0.293,0.25,0.004,0.048,0
4488,42,0,5,0.739,0.643,0.615,0.0,0.123,-0.11,0
4489,59,0,11,0.93,0.549,0.886,0.5,0.255,0.004,0
4490,46,1,8,1.093,0.556,0.836,0.75,0.493,0.428,0
4491,35,0,9,0.897,0.448,0.643,0.25,0.083,0.264,0
4492,79,1,9,0.785,0.524,0.644,0.0,0.32,0.163,1
4493,65,1,3,0.727,0.617,0.606,1.0,-0.012,0.108,0
4494,72,1,6,0.914,0.506,0.556,0.0,0.157,0.011,0
4495,34,1,3,0.773,0.692,0.327,0.0,-0.24,0.028,0
4496,54,1,4,0.63,0.539,0.688,0.25,0.19,-0.097,0
4497,36,0,10,0.918,0.508,0.622,0.0,0.188,0.087,0
4498,64,0,5,0.646,0.66,0.503,0.0,-0.195,-0.213,0
4499,40,1,5,0.89,0.687,0.509,0.0,0.09,-0.113,0
4500,83,1,9,0.628,0.624,0.821,0.75,0.085,0.031,1
4501,81,0,12,1.062,0.543,0.863,0.75,0.097,0.42,0
4502,69,1,10,1.058,0.7,1.168,0.5,0.594,0.35,0
4503,56,0,3,0.638,0.668,-0.023,0.5,-0.394,-0.214,0
4504,67,0,12,0.784,0.597,0.689,0.0,0.384,0.19,0
4505,76,0,7,0.7,0.567,0.804,0.0,0.299,-0.067,0
4506,41,0,12,1.151,0.588,0.689,0.75,0.211,0.384,1
4507,83,0,4,0.814,0.581,0.869,0.5,0.409,0.139,1
4508,60,0,9,1.063,0.692,0.664,1.0,0.525,0.356,0
4509,64,0,3,0.746,0.707,0.743,0.0,0.099,0.038,0
4510,64,1,8,0.804,0.507,0.723,0.0,0.057,0.08,1
4511,44,1,7,0.779,0.57,0.723,0.0,-0.006,-0.124,0
4512,84,1,3,0.744,0.715,0.768,0.0,0.119,-0.02,0
4513,41,1,5,0.816,0.689,0.394,0.0,0.215,0.046,0
4514,64,1,4,0.743,0.591,0.415,0.75,0.124,-0.03,0
4515,40,1,7,0.861,0.687,0.671,0.75,0.142,-0.059,0
4516,76,1,12,1.102,0.5,1.002,0.0,0.475,0.343,0
4517,60,0,8,1.102,0.602,0.853,1.0,0.666,0.506,0
4518,54,1,8,0.959,0.553,0.769,0.25,0.456,0.022,0
4519,57,0,9,0.785,0.554,0.502,0.5,0.198,-0.193,0
4520,78,1,7,0.837,0.619,0.689,0.0,0.215,0.055,0
4521,66,0,7,0.631,0.7,0.465,0.0,0.188,-0.307,1
4522,53,1,5,0.758,0.501,0.388,0.0,-0.153,0.032,0
4523,66,0,8,0.811,0.503,0.997,0.0,0.536,0.108,0
4524,50,1,8,1.036,0.566,0.611,0.75,0.199,0.129,0
4525,82,0,3,0.745,0.55,0.563,0.0,0.004,-0.025,0
4526,67,1,8,0.816,0.554,0.524,0.75,-0.072,0.159,0
4527,30,0,5,0.846,0.646,0.475,0.25,0.021,0.077,0
4528,63,0,11,0.87,0.585,1.127,0.75,0.803,0.188,0
4529,66,0,12,0.909,0.511,0.698,0.5,0.001,0.365,0
4530,32,0,12,1.31,0.438,1.112,0.0,0.857,0.56,0
4531,34,1,7,0.907,0.504,0.72,0.0,0.315,0.116,0
4532,76,1,10,0.897,0.494,0.885,0.75,0.554,0.151,0
4533,68,0,6,0.917,0.598,0.591,0.0,0.137,0.233,0
4534,71,0,6,0.786,0.672,0.519,0.0,0.136,0.171,0
4535,40,1,4,0.649,0.521,0.863,0.25,0.25,0.01,0
4536,33,1,12,1.057,0.39,0.542,0.0,-0.089,0.391,0
4537,55,0,6,0.755,0.502,0.659,0.75,-0.162,0.034,0
4538,67,0,11,1.102,0.527,1.139,0.25,0.703,0.119,0
4539,41,1,6,0.795,0.675,0.603,0.0,0.387,-0.125,0
4540,68,0,5,0.761,0.574,0.302,0.75,0.175,0.167,1
4541,44,0,6,0.873,0.7,0.397,1.0,-0.292,0.187,0
4542,83,0,11,0.798,0.574,0.482,0.5,0.071,0.149,0
4543,59,0,9,0.787,0.586,0.81,0.25,0.851,-0.204,0
4544,76,0,12,1.098,0.534,1.057,0.0,0.516,0.61,0
4545,31,0,6,1.019,0.567,0.738,1.0,0.372,0.207,0
4546,41,0,8,1.116,0.523,0.973,0.0,0.501,0.224,0
4547,35,1,12,0.792,0.513,0.825,0.5,0.282,0.152,0
4548,36,0,4,0.854,0.629,0.59,0.0,0.289,0.132,0
4549,48,1,11,0.944,0.541,0.904,0.0,0.271,0.206,1
4550,55,0,6,0.905,0.832,0.669,0.0,0.336,0.39,0
4551,58,1,8,1.006,0.57,0.921,0.0,0.498,0.268,0
4552,31,0,8,1.121,0.533,0.72,0.0,0.373,0.246,0
4553,84,1,4,0.581,0.735,0.665,0.0,0.209,-0.272,0
4554,80,0,8,0.751,0.521,0.672,0.25,-0.174,-0.093,0
4555,44,1,8,0.7,0.566,0.841,0.25,0.421,0.168,0
4556,62,1,8,1.002,0.539,0.825,0.75,0.456,0.256,0
4557,82,0,10,1.007,0.548,1.034,0.75,0.769,0.217,0
4558,66,0,11,0.877,0.625,0.868,0.25,0.493,0.154,0
4559,78,1,3,0.735,0.643,0.662,0.0,0.141,0.008,0
4560,52,1,5,0.778,0.636,0.825,0.75,0.357,-0.031,0
4561,47,0,7,0.796,0.711,0.936,0.5,0.351,0.294,0
4562,54,1,6,0.762,0.658,0.448,0.5,-0.282,0.038,0
4563,67,0,5,0.741,0.621,0.527,0.0,0.125,-0.043,0
4564,83,0,10,0.815,0.644,0.713,0.5,0.36,0.007,0
4565,45,0,11,1.028,0.599,1.181,0.0,0.901,0.032,0
4566,30,0,7,0.91,0.644,0.544,0.0,-0.089,0.301,0
4567,63,1,4,0.966,0.527,0.41,0.25,-0.237,0.326,0
4568,81,1,11,0.891,0.582,1.145,0.5,0.903,0.072,0
4569,36,1,5,0.917,0.606,0.401,0.0,-0.212,0.141,0
4570,83,0,8,1.143,0.526,0.717,0.0,0.506,0.443,0
4571,83,1,8,0.753,0.524,0.782,0.0,0.597,-0.082,0
4572,42,1,3,0.771,0.55,0.444,0.75,-0.033,0.232,0
4573,53,1,7,0.988,0.57,0.863,0.5,0.163,0.074,0
4574,48,1,10,0.857,0.644,0.665,0.0,0.232,0.057,0
4575,74,1,11,0.896,0.54,0.805,0.0,0.756,0.179,1
4576,35,1,9,0.794,0.485,0.819,0.0,0.785,0.042,0
4577,52,0,4,0.693,0.626,0.6,0.75,0.245,-0.166,0
4578,75,0,11,0.93,0.591,0.631,0.5,0.237,0.229,1
4579,84,1,3,0.888,0.648,0.767,0.0,0.45,0.085,0
4580,75,0,3,0.885,0.617,0.105,0.0,-0.317,0.063,0
4581,77,1,3,0.824,0.706,0.562,0.5,-0.175,0.173,0
4582,32,1,7,0.96,0.637,0.738,0.0,0.476,0.251,0
4583,57,1,8,1.15,0.602,0.896,0.0,0.438,0.458,0
4584,45,0,5,0.803,0.598,0.397,0.25,-0.031,0.065,0
4585,67,0,3,0.75,0.577,0.668,0.5,-0.099,0.008,0
4586,55,0,9,0.938,0.617,0.938,0.0,0.526,0.238,1
4587,53,1,5,0.963,0.607,0.518,0.25,0.254,0.338,0
4588,49,0,4,0.865,0.648,0.459,0.75,-0.122,0.249,0
4589,82,0,8,0.947,0.661,0.73,0.0,0.065,0.247,1
4590,63,0,5,0.573,0.536,0.53,0.25,-0.286,-0.159,0
4591,45,1,10,0.963,0.436,0.883,1.0,0.501,0.251,0
4592,35,1,3,0.943,0.705,0.658,1.0,-0.04,0.067,0
4593,43,1,10,0.703,0.613,0.761,0.0,0.387,0.031,1
4594,79,0,10,0.895,0.518,0.914,0.0,0.78,0.193,0
4595,74,0,8,0.778,0.555,1.025,0.5,0.512,0.005,0
4596,79,0,10,0.989,0.758,0.861,0.25,0.722,0.182,0
4597,31,1,4,0.661,0.509,0.856,0.0,0.149,-0.299,0
4598,71,0,9,1.114,0.54,0.496,0.0,-0.015,0.469,1
4599,36,1,5,0.737,0.706,0.8,0.5,0.392,-0.087,0
4600,72,0,3,0.766,0.81,0.823,0.0,0.037,-0.029,0
4601,70,1,10,0.808,0.535,0.631,0.0,0.126,0.116,0
4602,36,0,4,0.849,0.515,0.62,1.0,0.079,0.086,0
4603,63,1,12,1.139,0.576,0.829,0.0,0.101,0.645,0
4604,40,1,10,1.001,0.559,0.611,0.0,-0.141,0.334,0
4605,84,1,8,0.901,0.612,0.791,0.0,0.697,0.36,1
4606,45,1,12,1.182,0.504,0.979,0.5,0.917,0.291,0
4607,41,0,9,1.021,0.662,0.651,0.0,-0.002,0.344,0
4608,48,1,12,1.073,0.563,0.911,0.0,0.326,0.256,0
4609,66,1,5,0.766,0.523,0.428,0.75,-0.272,0.014,0
4610,40,0,8,1.008,0.542,0.833,0.5,0.316,0.323,0
4611,50,1,11,1.259,0.587,0.882,0.25,0.328,0.478,0
4612,65,1,3,0.662,0.544,0.39,0.0,-0.299,0.058,0
4613,81,1,6,0.967,0.624,0.718,0.0,0.382,0.296,0
4614,76,0,10,1.106,0.547,0.801,0.75,0.133,0.338,1
4615,67,0,10,0.951,0.542,0.903,0.25,0.691,0.252,0
4616,32,1,9,0.976,0.439,0.68,1.0,0.481,0.065,0
4617,32,0,4,0.806,0.559,0.198,0.0,-0.413,0.099,0
4618,61,1,3,0.802,0.686,0.277,0.5,-0.263,-0.149,0
4619,70,0,7,0.821,0.375,0.772,0.25,0.302,-0.138,0
4620,70,0,3,0.684,0.566,0.542,0.0,0.35,-0.12,0
4621,79,1,12,1.12,0.509,0.851,1.0,0.351,0.312,1
4622,73,0,11,0.951,0.435,0.546,0.5,0.059,0.388,0
4623,50,0,6,0.92,0.553,0.609,0.0,0.005,0.273,0
4624,46,1,3,0.7,0.561,0.255,0.0,-0.46,0.127,0
4625,84,1,8,0.883,0.472,0.81,0.0,0.356,0.132,0
4626,80,0,9,0.936,0.653,0.676,1.0,0.099,0.131,0
4627,46,0,9,1.08,0.521,1.085,0.0,0.647,0.303,0
4628,49,0,12,0.902,0.7,1.196,0.5,0.828,0.031,1
4629,60,1,4,0.571,0.495,0.785,0.5,0.324,-0.228,0
4630,84,0,8,0.919,0.673,0.874,1.0,0.155,0.095,0
4631,51,0,4,0.862,0.579,0.805,0.0,0.274,0.225,0
4632,54,1,5,0.758,0.588,0.484,0.5,-0.485,-0.127,0
4633,68,0,6,0.818,0.648,0.617,1.0,0.277,0.064,0
4634,33,1,4,0.805,0.691,0.494,0.0,0.072,-0.076,0
4635,64,0,6,0.927,0.504,0.747,0.25,0.264,0.225,1
4636,79,1,7,0.896,0.598,0.7,0.0,0.243,0.225,0
4637,77,0,11,0.7,0.524,0.826,0.0,0.531,-0.156,1
4638,65,0,9,0.777,0.579,0.642,0.0,0.229,0.193,0
4639,62,0,10,1.01,0.557,0.817,0.0,0.323,0.322,0
4640,40,0,11,0.798,0.508,0.943,1.0,0.501,-0.015,0
4641,39,1,10,0.941,0.57,0.785,0.0,0.268,0.326,0
4642,81,1,4,1.125,0.587,0.494,0.0,0.129,0.481,0
4643,43,1,5,1.027,0.678,0.581,0.0,-0.067,0.346,0
4644,36,0,11,0.866,0.556,0.886,1.0,0.576,0.123,0
4645,33,0,4,0.936,0.558,0.459,0.75,0.007,-0.034,0
4646,75,0,5,0.884,0.668,0.378,0.0,-0.209,0.047,0
4647,65,1,4,0.96,0.467,0.408,0.25,-0.023,0.208,0
4648,76,1,7,0.809,0.485,0.589,0.25,-0.072,0.177,0
4649,71,0,4,0.658,0.819,0.529,0.25,0.225,-0.133,0
4650,76,0,8,0.7,0.504,0.585,0.0,0.421,-0.128,0
4651,33,0,6,0.982,0.613,0.837,0.5,0.467,0.365,0
4652,40,0,5,0.751,0.707,0.562,0.0,0.179,-0.099,0
4653,53,0,10,0.923,0.7,1.069,0.5,0.623,0.043,0
4654,61,1,3,0.837,0.638,0.7,0.25,0.238,0.134,0
4655,62,0,7,0.856,0.596,0.722,0.75,0.495,0.153,0
4656,58,1,8,0.984,0.548,0.709,0.5,-0.206,0.013,0
4657,32,1,5,0.808,0.604,0.462,0.0,0.01,0.064,0
4658,33,0,3,0.767,0.693,0.61,0.0,0.015,0.006,0
4659,47,0,5,0.67,0.578,0.597,0.75,-0.091,-0.094,0
4660,46,1,7,0.918,0.555,0.704,0.0,0.299,0.303,0
4661,75,0,6,0.87,0.528,0.551,1.0,-0.071,-0.133,0
4662,35,1,8,0.978,0.575,0.793,0.0,0.647,0.176,1
4663,68,1,4,0.804,0.514,0.683,0.0,0.116,-0.132,0
4664,72,1,3,1.027,0.722,0.65,0.0,0.096,0.208,0
4665,52,0,9,0.797,0.522,0.899,0.75,0.404,-0.118,0
4666,75,0,7,0.758,0.513,0.738,0.0,0.259,0.173,1
4667,44,1,4,0.885,0.607,0.531,0.0,0.062,0.036,0
4668,73,0,8,0.745,0.564,0.728,0.5,0.248,0.019,0
4669,51,1,12,0.804,0.54,0.634,0.0,0.309,0.144,0
4670,38,1,3,0.934,0.558,0.73,0.0,0.241,0.028,0
4671,47,0,9,1.042,0.509,0.588,0.0,0.18,0.342,0
4672,72,1,4,0.786,0.566,0.668,0.0,0.362,0.236,0
4673,83,1,12,0.976,0.616,1.017,0.0,0.519,0.021,0
4674,66,1,7,0.892,0.638,0.7,0.5,0.277,0.207,0
4675,34,0,11,1.145,0.493,1.02,0.5,0.253,0.258,1
4676,37,1,3,0.774,0.66,0.675,0.0,0.532,0.223,0
4677,31,0,6,0.688,0.608,0.533,0.0,0.048,0.151,0
4678,34,1,6,0.902,0.52,0.701,0.0,0.556,-0.014,0
4679,36,1,6,0.87,0.582,0.443,0.0,-0.221,0.107,0
4680,60,1,9,0.959,0.503,0.904,0.0,0.156,0.392,0
4681,31,1,8,0.838,0.503,0.791,0.0,0.494,0.281,0
4682,84,0,3,0.688,0.568,0.445,0.5,0.052,-0.023,0
4683,81,0,7,0.933,0.653,0.876,0.5,0.56,0.048,1
4684,79,0,3,0.895,0.57,0.535,0.0,-0.149,0.237,0
4685,83,1,6,0.75,0.561,0.584,0.0,0.106,0.17,0
4686,78,1,11,0.911,0.557,0.89,0.75,0.392,0.19,0
4687,42,1,11,1.007,0.535,0.771,0.25,0.173,0.358,0
4688,38,1,9,0.754,0.559,0.88,0.0,0.553,0.052,0
4689,54,0,7,0.748,0.609,0.838,0.75,0.651,0.003,0
4690,35,0,4,0.658,0.714,0.525,0.75,-0.302,-0.214,0
4691,66,1,5,0.482,0.545,0.809,0.5,0.241,-0.118,0
4692,74,0,8,0.775,0.556,0.673,0.25,0.105,-0.031,0
4693,60,1,11,1.084,0.571,1.232,0.5,0.825,0.223,0
4694,37,1,3,0.746,0.571,0.619,0.5,0.257,-0.055,1
4695,72,0,10,1.092,0.599,0.446,0.0,-0.193,0.335,0
4696,56,0,9,0.69,0.553,0.609,0.25,0.226,-0.084,0
4697,55,1,6,0.864,0.499,0.722,0.25,0.163,-0.111,0
4698,81,1,6,0.99,0.615,0.977,1.0,0.494,0.311,1
4699,73,0,3,0.897,0.63,0.362,0.0,-0.02,0.255,0
4700,66,1,11,0.859,0.521,1.048,0.0,0.441,0.171,0
4701,62,0,7,0.883,0.518,0.714,0.0,0.299,0.183,0
4702,50,0,7,0.918,0.7,0.984,0.0,0.655,0.07,0
4703,66,0,5,0.609,0.776,0.32,0.0,-0.209,-0.154,0
4704,63,1,11,0.852,0.517,1.038,0.0,0.442,0.17,1
4705,48,1,12,1.104,0.643,0.977,0.0,0.714,0.25,0
4706,36,0,9,0.74,0.517,0.74,0.0,-0.07,0.117,0
4707,76,1,5,0.944,0.514,0.643,0.0,-0.127,0.148,0
4708,72,1,5,0.634,0.567,0.485,0.25,-0.212,-0.182,0
4709,77,0,9,0.845,0.618,0.696,0.0,0.153,0.029,1
4710,38,0,7,0.976,0.593,0.679,0.0,-0.104,0.242,0
4711,76,1,7,0.916,0.644,0.498,0.25,0.316,0.099,0
4712,52,0,3,0.879,0.625,0.575,0.0,0.171,0.013,0
4713,77,0,3,0.609,0.651,0.683,0.25,0.27,-0.399,0
4714,31,0,7,1.067,0.564,0.759,0.0,0.374,0.313,0
4715,48,1,8,0.978,0.623,1.174,0.0,0.614,0.249,0
4716,33,1,10,1.122,0.56,0.697,0.5,0.524,0.443,0
4717,79,1,5,0.998,0.744,0.985,1.0,0.958,0.206,0
4718,33,1,4,0.927,0.614,0.527,0.75,-0.543,0.129,0
4719,52,1,7,1.093,0.625,0.933,0.25,0.284,0.178,0
4720,84,0,3,0.84,0.461,0.458,0.5,0.053,0.305,0
4721,74,0,10,0.833,0.558,0.87,0.0,0.378,0.239,0
4722,45,1,6,0.683,0.803,0.52,0.0,-0.18,-0.248,0
4723,70,1,7,0.893,0.551,0.857,0.25,0.525,0.051,0
4724,35,1,8,0.913,0.497,0.803,0.0,0.592,-0.141,0
4725,30,1,9,0.95,0.462,1.071,0.75,0.403,0.35,1
4726,76,0,11,0.7,0.622,1.007,0.25,0.436,-0.279,0
4727,41,0,8,0.935,0.575,0.921,1.0,0.509,0.368,0
4728,64,0,10,1.165,0.47,0.699,0.25,0.458,0.486,0
4729,35,1,12,0.969,0.471,0.7,0.0,0.041,0.254,0
4730,81,0,10,0.986,0.575,1.28,0.25,0.814,0.324,0
4731,61,1,5,0.811,0.7,0.577,0.5,-0.188,0.041,0
4732,35,1,12,1.197,0.466,0.899,0.25,0.694,0.377,0
4733,62,0,5,0.818,0.603,0.602,0.25,0.062,0.157,1
4734,63,0,11,0.777,0.605,0.691,0.0,0.006,0.128,0
4735,68,1,4,0.696,0.666,0.423,0.0,-0.043,-0.15,0
4736,56,1,11,0.806,0.559,0.895,0.75,0.347,0.219,0
4737,51,0,5,0.966,0.651,0.746,0.25,0.172,0.188,0
4738,45,1,7,1.018,0.511,0.587,0.25,-0.038,0.308,0
4739,41,1,7,0.977,0.619,0.763,0.0,0.326,0.223,0
4740,75,1,3,0.877,0.576,0.645,0.0,0.22,0.137,0
4741,78,0,4,0.929,0.459,0.612,1.0,0.131,0.054,1
4742,77,0,11,0.736,0.533,0.715,0.0,0.269,0.225,0
4743,80,1,7,0.935,0.611,0.708,0.0,0.41,0.312,0
4744,40,0,4,0.666,0.504,0.624,0.0,0.077,-0.018,0
4745,32,1,10,0.831,0.482,0.844,0.75,0.138,0.322,0
4746,62,1,9,0.829,0.616,1.16,0.5,0.774,0.172,0
4747,57,1,4,0.633,0.498,0.756,0.0,0.633,-0.388,0
4748,33,1,3,1.063,0.65,0.614,0.0,0.405,0.307,0
4749,50,0,9,0.811,0.576,0.766,0.0,0.124,-0.013,0
4750,54,1,6,0.824,0.618,0.698,1.0,0.081,0.056,0
4751,73,1,12,0.945,0.553,1.069,0.75,0.845,0.243,1
4752,84,0,5,0.93,0.652,0.906,0.0,0.432,0.201,0
4753,43,0,5,0.789,0.518,0.663,1.0,0.384,-0.154,0
4754,69,1,11,0.712,0.604,0.927,0.75,0.447,0.049,0
4755,63,0,8,0.89,0.555,0.767,0.0,0.005,0.19,0
4756,43,0,8,0.992,0.58,0.967,0.0,0.718,-0.0,0
4757,63,0,6,0.792,0.527,0.536,0.0,0.048,-0.072,0
4758,58,1,3,0.615,0.767,0.737,0.75,0.365,-0.051,0
4759,84,0,7,0.808,0.557,0.469,0.0,0.222,-0.178,0
4760,54,0,7,0.86,0.693,0.421,0.0,-0.351,0.13,0
4761,33,1,3,0.863,0.63,0.679,1.0,0.353,0.16,0
4762,84,0,8,0.916,0.613,0.472,0.75,0.032,0.17,0
4763,67,1,12,0.962,0.491,0.756,0.0,0.475,0.353,1
4764,81,1,4,0.942,0.631,0.721,0.25,0.132,0.327,0
4765,44,0,12,0.887,0.556,0.821,0.5,0.214,0.353,0
4766,66,0,5,0.812,0.597,0.801,0.0,0.138,-0.01,0
4767,40,0,7,0.884,0.567,0.672,0.75,0.142,0.434,0
4768,71,1,5,0.965,0.615,0.77,0.0,0.134,0.197,0
4769,53,0,9,1.085,0.471,0.504,0.0,0.234,0.318,0
4770,76,1,5,0.735,0.675,0.767,0.0,0.328,-0.066,0
4771,61,1,6,0.785,0.451,0.763,0.0,0.181,0.302,0
4772,82,1,9,0.931,0.599,0.848,0.0,0.517,0.16,0
4773,55,1,3,0.871,0.785,0.446,0.5,0.046,0.431,0
4774,64,1,7,0.708,0.657,0.86,0.0,0.364,-0.226,0
4775,46,1,4,0.702,0.698,0.77,0.0,0.431,-0.15,0
4776,31,0,7,0.796,0.554,0.843,0.5,0.507,0.071,0
4777,52,0,12,1.055,0.537,1.272,0.0,1.027,0.31,0
4778,71,1,8,0.987,0.577,0.793,0.5,0.187,0.253,0
4779,47,1,5,0.848,0.572,0.636,0.0,0.364,0.131,0
4780,40,0,12,0.814,0.592,0.68,0.25,0.249,0.047,0
4781,69,0,10,0.822,0.371,0.845,0.5,0.362,0.182,0
4782,80,1,9,0.7,0.673,1.003,1.0,0.65,-0.153,1
4783,35,0,9,0.765,0.706,0.76,0.25,0.251,-0.016,0
4784,82,0,6,0.883,0.5,0.528,0.5,0.031,0.024,0
4785,31,1,11,0.831,0.458,1.03,0.25,0.512,0.212,0
4786,49,0,7,0.897,0.671,0.768,0.75,0.297,0.197,0
4787,76,0,10,1.058,0.577,0.782,0.75,0.452,0.268,0
4788,73,0,12,0.841,0.589,1.097,0.0,0.217,0.105,1
4789,75,0,11,1.26,0.559,0.755,0.0,0.23,0.439,0
4790,37,0,9,0.95,0.642,0.874,0.25,0.044,0.255,0
4791,70,0,7,0.963,0.607,0.784,0.75,0.084,0.413,0
4792,53,1,3,0.694,0.696,0.338,1.0,-0.171,-0.136,0
4793,45,0,7,1.001,0.479,0.694,0.75,-0.006,0.153,0
4794,69,1,8,0.937,0.719,0.947,1.0,-0.073,0.336,0
4795,45,0,11,0.867,0.488,0.942,0.5,0.372,0.011,0
4796,54,1,9,0.906,0.552,0.709,0.5,0.232,0.208,0
4797,59,1,9,1.094,0.532,0.823,0.0,0.277,0.163,0
4798,37,0,4,0.82,0.656,0.667,0.0,0.198,-0.053,0
4799,65,0,9,1.048,0.612,0.816,0.25,0.427,0.305,1
4800,33,0,11,1.01,0.418,0.602,0.5,-0.041,0.314,0
4801,58,0,11,0.71,0.645,0.7,0.75,0.117,0.046,1
4802,70,0,4,0.865,0.576,0.705,0.0,0.494,0.046,0
4803,56,0,5,0.768,0.744,0.893,0.25,0.691,-0.099,0
4804,39,0,10,0.786,0.663,0.903,0.0,0.351,-0.099,0
4805,72,0,10,0.921,0.588,0.79,0.75,0.48,0.289,1
4806,83,0,4,0.779,0.733,0.423,1.0,-0.415,-0.18,1
4807,61,1,7,0.793,0.587,0.635,0.75,0.076,-0.127,0
4808,79,0,4,0.567,0.543,0.753,1.0,0.352,-0.121,0
4809,54,1,8,0.826,0.717,0.566,0.0,0.225,0.175,0
4810,66,1,10,0.886,0.474,0.834,0.25,0.488,0.271,0
4811,77,0,5,0.884,0.61,0.711,0.0,0.262,0.094,0
4812,66,1,4,0.752,0.438,0.392,0.5,0.053,-0.096,0
4813,57,1,3,0.595,0.666,0.647,0.5,0.04,-0.066,0
4814,34,1,10,0.912,0.659,0.552,0.75,0.184,0.103,1
4815,51,1,12,1.198,0.539,0.856,0.25,0.156,0.46,0
4816,37,0,11,1.002,0.457,0.7,0.0,0.346,0.428,0
4817,54,1,5,0.867,0.7,0.677,0.5,0.089,0.025,0
4818,39,0,3,0.856,0.676,0.677,0.25,0.247,-0.069,0
4819,66,0,3,0.849,0.661,0.509,0.0,0.044,-0.12,0
4820,40,1,8,0.64,0.582,0.859,0.0,0.506,-0.253,0
4821,43,1,3,0.582,0.614,0.539,0.0,0.085,-0.285,0
4822,44,0,9,0.751,0.519,0.676,0.0,0.552,0.051,0
4823,68,0,4,0.646,0.503,0.805,0.25,0.326,-0.106,0
4824,67,0,9,0.901,0.613,1.062,0.5,0.368,0.19,0
4825,59,1,9,0.831,0.431,0.916,0.5,0.73,0.28,0
4826,56,0,7,0.467,0.605,0.843,0.0,0.157,-0.277,1
4827,48,0,9,0.972,0.611,0.615,0.0,0.265,0.226,0
4828,59,1,11,1.014,0.511,0.98,0.0,0.326,0.245,0
4829,45,0,5,0.75,0.438,0.638,0.0,0.054,-0.057,0
4830,54,0,4,0.7,0.569,0.563,0.5,-0.121,-0.009,0
4831,38,1,6,0.826,0.678,0.628,0.5,0.151,-0.058,0
4832,80,0,5,0.949,0.714,0.442,0.75,0.041,-0.027,0
4833,36,0,3,0.85,0.662,0.741,0.0,0.069,0.014,0
4834,38,0,11,0.957,0.566,1.159,0.0,0.734,0.403,0
4835,58,1,11,1.166,0.612,0.7,0.5,0.236,0.48,0
4836,64,1,8,0.99,0.531,0.608,0.75,-0.08,0.017,1
4837,52,0,7,0.821,0.448,0.843,1.0,0.608,0.036,0
4838,39,0,12,1.006,0.641,0.567,0.0,0.089,0.293,0
4839,40,0,8,0.811,0.625,0.694,0.0,-0.047,0.127,0
4840,77,1,11,0.836,0.614,0.551,0.0,0.359,0.136,0
4841,43,0,3,0.841,0.626,0.386,0.0,-0.073,-0.171,0
4842,69,0,8,0.826,0.731,1.192,0.0,0.807,0.047,1
4843,79,0,6,0.82,0.692,0.558,0.0,0.043,-0.059,0
4844,37,0,4,0.936,0.526,0.707,0.5,0.481,0.296,0
4845,67,0,4,0.7,0.533,0.634,1.0,0.35,-0.27,1
4846,36,1,4,0.423,0.615,0.12,0.0,-0.304,-0.535,0
4847,48,0,9,0.916,0.521,0.786,0.5,0.536,0.093,0
4848,58,1,10,0.891,0.514,0.772,0.5,0.29,-0.054,0
4849,65,1,4,0.72,0.624,0.438,0.75,-0.262,-0.029,1
4850,74,0,6,0.849,0.602,0.728,0.5,0.228,0.097,1
4851,52,0,11,1.09,0.52,0.965,0.0,0.452,0.498,0
4852,54,0,4,0.852,0.682,0.845,0.5,0.344,0.121,0
4853,70,0,6,0.825,0.601,0.4,0.0,-0.103,0.249,1
4854,63,0,3,0.91,0.674,0.666,1.0,-0.057,0.076,0
4855,75,1,9,0.882,0.564,0.928,0.0,0.427,0.03,0
4856,53,0,10,1.09,0.599,0.917,0.0,0.375,0.328,0
4857,50,1,3,0.798,0.501,0.438,0.0,0.149,0.117,0
4858,39,0,3,0.7,0.652,0.515,0.75,0.033,-0.205,0
4859,54,0,6,0.872,0.656,0.778,0.0,0.324,0.04,0
4860,76,1,5,0.847,0.411,0.789,0.25,0.396,0.117,0
4861,74,0,6,0.769,0.593,0.613,0.0,0.111,-0.007,0
4862,72,0,7,0.855,0.613,0.691,0.0,-0.07,0.17,0
4863,80,1,6,0.896,0.483,0.524,1.0,-0.046,0.151,1
4864,30,1,5,0.753,0.548,0.654,0.5,0.337,-0.003,0
4865,52,0,3,0.82,0.587,0.734,0.25,0.189,-0.024,0
4866,44,0,9,0.667,0.624,1.064,1.0,0.617,-0.138,0
4867,80,1,8,0.797,0.593,0.3,0.0,-0.18,0.025,0
4868,71,1,8,0.778,0.557,1.072,0.0,0.711,-0.159,0
4869,41,0,11,0.962,0.578,0.7,1.0,0.16,0.067,0
4870,56,1,5,1.119,0.78,0.507,0.0,0.036,0.235,0
4871,45,0,11,1.112,0.585,0.75,1.0,0.07,0.355,0
4872,67,1,6,0.604,0.503,0.612,0.0,0.321,-0.096,0
4873,63,1,5,0.984,0.65,0.668,0.0,0.351,0.305,0
4874,58,0,10,0.784,0.544,0.886,0.5,0.409,-0.107,0
4875,54,1,12,0.856,0.607,0.726,0.5,-0.027,0.199,0
4876,43,1,10,0.949,0.642,1.026,0.75,0.563,0.057,0
4877,76,1,10,0.838,0.522,0.869,0.25,0.079,0.106,0
4878,55,0,6,0.84,0.659,0.463,0.75,0.134,0.001,0
4879,84,0,9,0.921,0.381,0.7,0.0,0.37,0.246,0
4880,56,0,9,0.7,0.672,0.813,0.25,0.431,0.011,0
4881,38,1,12,0.974,0.728,0.915,0.0,0.349,0.376,0
4882,55,0,6,0.896,0.586,0.732,0.0,0.303,0.375,0
4883,83,0,11,0.87,0.56,1.082,0.5,0.677,-0.052,0
4884,31,1,6,0.79,0.582,0.466,0.0,-0.107,-0.161,0
4885,68,1,5,0.844,0.63,0.592,0.0,0.017,-0.019,0
4886,39,1,5,0.759,0.7,0.735,0.75,0.391,-0.109,0
4887,80,0,9,1.144,0.536,0.825,1.0,0.209,0.334,0
4888,68,0,3,0.688,0.597,0.488,0.0,0.09,-0.155,0
4889,73,0,6,0.7,0.61,0.708,0.5,0.392,-0.116,0
4890,50,0,10,0.856,0.714,0.7,0.0,0.249,0.155,0
4891,63,0,3,0.683,0.565,0.774,0.5,0.45,0.089,0
4892,61,0,3,0.956,0.635,0.17,0.25,-0.414,0.052,0
4893,31,1,7,0.725,0.577,0.443,0.0,-0.199,-0.015,0
4894,81,0,4,0.887,0.721,0.645,0.0,0.245,0.3,0
4895,42,0,8,1.0,0.606,0.781,0.0,0.06,0.209,0
4896,48,0,12,0.835,0.521,0.571,0.0,0.104,0.017,0
4897,35,0,5,0.725,0.492,0.863,0.0,0.513,0.224,0
4898,62,0,7,0.7,0.69,0.756,0.0,0.452,-0.158,0
4899,62,0,4,0.734,0.645,0.741,0.0,0.254,0.095,0
4900,33,0,11,0.94,0.531,0.81,0.75,0.194,-0.037,0
4901,36,0,10,0.828,0.46,0.7,0.0,-0.07,0.012,0
4902,45,1,12,1.057,0.54,1.179,0.25,0.637,0.416,0
4903,67,1,7,0.658,0.531,0.7,0.0,0.353,0.126,0
4904,50,1,4,0.809,0.693,0.772,0.0,0.433,0.171,0
4905,39,1,5,0.768,0.636,0.605,0.5,-0.148,-0.004,0
4906,44,1,12,1.21,0.48,1.133,0.25,0.762,0.46,0
4907,35,0,7,0.83,0.565,0.589,0.5,0.517,0.163,0
4908,78,1,6,0.859,0.636,0.494,1.0,-0.146,0.078,0
4909,79,0,11,1.075,0.453,0.941,0.25,0.598,0.261,1
4910,63,0,12,1.087,0.458,0.991,0.25,0.419,0.308,1
4911,45,0,11,0.943,0.5,0.743,0.75,0.052,0.19,0
4912,74,1,7,1.189,0.489,0.882,1.0,0.193,0.294,1
4913,31,0,12,1.028,0.504,1.153,1.0,0.666,0.317,0
4914,35,1,12,1.115,0.576,0.994,0.25,0.611,0.32,0
4915,34,0,4,0.828,0.659,0.758,0.0,0.1,0.064,0
4916,60,1,11,1.133,0.54,0.808,0.25,0.474,0.375,1
4917,43,0,5,0.764,0.596,0.413,0.5,-0.485,-0.004,0
4918,41,0,4,0.879,0.742,0.815,0.0,0.708,0.242,0
4919,82,0,7,0.963,0.42,0.66,0.0,0.273,0.218,0
4920,39,0,7,0.837,0.611,0.867,0.25,0.196,0.34,0
4921,48,1,9,1.039,0.584,0.569,0.0,0.1,0.283,1
4922,53,1,7,0.816,0.546,0.853,0.5,0.324,0.166,0
4923,61,0,11,0.945,0.681,0.848,0.25,0.328,0.328,0
4924,35,0,8,0.904,0.626,0.775,0.25,0.11,0.178,0
4925,30,1,9,0.847,0.581,0.642,0.0,0.245,-0.018,0
4926,65,1,6,0.774,0.451,0.663,0.0,0.196,-0.011,0
4927,63,1,5,0.715,0.486,0.528,0.0,-0.152,-0.182,0
4928,54,1,11,0.997,0.58,0.967,0.0,0.28,0.144,0
4929,51,0,9,1.015,0.439,1.025,0.0,0.841,0.157,0
4930,70,1,7,0.885,0.606,0.958,0.0,0.258,0.314,1
4931,66,1,9,0.961,0.603,0.599,1.0,0.289,0.262,0
4932,79,1,7,0.726,0.546,0.653,0.0,0.15,-0.177,0
4933,76,0,4,0.664,0.669,0.959,0.0,0.511,-0.001,1
4934,44,1,10,0.971,0.472,0.603,0.5,0.194,0.329,0
4935,78,1,8,0.624,0.591,0.856,0.0,0.414,-0.172,0
4936,62,1,11,0.765,0.589,0.917,0.0,0.538,0.026,0
4937,65,1,4,0.781,0.483,0.657,0.0,0.271,0.168,0
4938,74,1,3,0.825,0.694,0.646,0.5,0.199,-0.151,0
4939,33,0,7,0.761,0.7,0.825,1.0,0.173,-0.091,0
4940,69,1,12,0.948,0.597,0.93,0.0,0.932,0.285,0
4941,37,1,11,0.915,0.622,0.862,0.0,0.244,0.315,0
4942,36,1,11,0.994,0.626,0.982,1.0,0.553,0.32,0
4943,52,1,12,1.026,0.554,0.465,0.25,-0.077,0.145,0
4944,52,0,6,0.776,0.52,0.609,1.0,-0.076,0.018,0
4945,75,0,12,0.944,0.531,0.812,0.5,0.298,0.157,0
4946,48,0,4,0.819,0.75,0.721,0.0,0.288,0.118,0
4947,64,0,8,0.961,0.664,0.683,0.75,-0.045,0.252,0
4948,59,1,10,0.796,0.556,0.644,0.5,-0.131,0.11,0
4949,79,1,10,0.948,0.481,0.83,0.5,0.471,0.228,1
4950,69,0,4,0.822,0.691,0.669,0.5,0.408,0.122,0
4951,75,0,3,0.805,0.609,0.636,1.0,-0.225,0.105,0
4952,32,0,8,0.982,0.698,0.912,0.25,0.331,0.257,0
4953,70,0,6,0.768,0.626,0.738,1.0,0.49,-0.038,0
4954,61,0,11,0.877,0.474,1.059,0.25,0.737,0.062,0
4955,55,1,3,0.833,0.588,0.612,0.0,0.049,0.133,0
4956,56,0,6,0.7,0.631,0.501,0.0,0.069,-0.34,0
4957,76,0,11,0.775,0.518,0.529,0.0,0.229,-0.08,0
4958,77,1,8,0.893,0.551,0.734,0.0,0.488,0.106,1
4959,48,0,12,0.924,0.587,1.077,0.5,0.88,0.414,0
4960,64,0,7,0.96,0.69,0.527,0.75,0.166,-0.077,1
4961,81,1,10,0.95,0.554,0.64,0.0,0.153,0.275,0
4962,56,0,4,0.593,0.632,0.76,0.0,0.333,-0.148,0
4963,49,1,9,1.07,0.569,1.159,0.0,0.871,0.145,1
4964,45,1,6,0.996,0.56,0.475,0.0,0.159,0.182,0
4965,73,0,4,0.683,0.522,0.397,0.75,-0.097,-0.017,0
4966,80,1,12,0.847,0.544,1.181,0.0,0.56,0.147,0
4967,74,1,9,1.126,0.7,0.63,0.0,0.166,0.436,0
4968,57,0,3,0.629,0.703,0.721,0.0,0.133,-0.138,0
4969,33,0,7,0.858,0.645,0.695,0.0,0.345,-0.018,0
4970,76,1,8,1.042,0.467,0.644,0.25,0.479,0.3,0
4971,51,1,4,0.874,0.498,0.408,0.5,-0.125,0.158,1
4972,55,1,5,0.951,0.554,0.902,0.75,0.421,0.235,0
4973,40,1,10,0.738,0.529,1.031,0.75,0.371,0.007,1
4974,60,0,12,0.821,0.464,0.713,0.25,0.286,0.112,0
4975,36,0,8,0.909,0.614,0.522,0.5,0.208,0.063,0
4976,41,0,10,0.892,0.509,0.604,0.75,0.1,0.264,0
4977,33,1,10,0.947,0.646,1.154,0.75,0.473,-0.026,0
4978,69,1,6,0.714,0.7,0.733,0.0,0.151,0.106,0
4979,60,0,4,0.574,0.709,0.342,0.5,-0.509,-0.03,0
4980,50,0,6,0.716,0.609,0.204,0.0,-0.079,-0.064,0
4981,52,0,11,1.072,0.521,1.127,0.25,0.722,0.124,0
4982,73,1,11,0.756,0.515,1.068,0.5,0.956,-0.109,1
4983,71,0,7,0.848,0.515,0.895,0.0,0.714,-0.059,0
4984,43,0,10,0.815,0.55,0.661,0.0,0.112,-0.022,0
4985,65,0,10,0.848,0.437,0.841,0.0,0.381,0.05,0
4986,70,0,11,0.882,0.548,1.068,0.0,0.41,0.105,0
4987,80,0,12,1.026,0.486,1.031,0.25,0.083,-0.014,1
4988,31,0,3,0.861,0.657,0.65,0.5,-0.05,0.014,0
4989,76,0,4,0.773,0.522,0.529,0.5,0.35,-0.006,1
4990,81,1,10,0.796,0.454,0.677,0.5,0.334,0.21,0
4991,51,0,12,1.028,0.56,0.812,0.0,0.398,0.109,1
4992,70,1,3,0.782,0.527,0.56,0.0,0.212,-0.07,0
4993,61,0,12,1.042,0.361,0.915,0.25,0.92,0.31,0
4994,84,1,4,0.785,0.787,0.542,1.0,0.463,-0.161,0
4995,35,1,10,0.852,0.627,0.815,0.0,0.1,-0.06,0
4996,43,1,8,0.828,0.62,0.451,0.25,0.16,0.161,0
4997,36,1,6,0.953,0.587,0.389,1.0,-0.311,0.081,0
4998,39,1,7,0.974,0.592,0.579,0.0,0.179,0.269,0
4999,80,1,10,0.996,0.584,0.817,0.25,0.226,0.293,0
5000,43,1,12,1.069,0.419,0.701,0.0,0.204,0.431,0
5001,48,0,4,1.015,0.64,0.555,0.5,-0.103,0.323,0
5002,71,0,8,0.799,0.565,0.97,0.0,0.565,-0.013,0
5003,68,0,11,0.7,0.589,1.012,0.25,0.75,-0.051,0
5004,84,0,4,0.829,0.524,0.665,0.25,0.219,-0.164,0
5005,70,1,8,0.894,0.608,0.652,0.5,0.074,0.172,0
5006,60,0,9,0.765,0.551,0.5,0.5,0.017,-0.13,0
5007,58,1,6,0.7,0.563,0.466,0.0,-0.038,-0.068,0
5008,61,0,6,0.914,0.549,0.878,1.0,0.675,0.045,0
5009,49,0,12,0.976,0.514,0.747,0.0,0.149,0.198,0
5010,40,0,11,0.922,0.589,0.534,0.0,0.066,0.056,0
5011,39,0,9,0.7,0.475,0.581,0.75,0.583,-0.26,0
5012,79,0,3,0.703,0.556,0.771,0.5,-0.061,0.068,0
5013,54,1,3,0.947,0.757,0.509,0.0,0.021,0.163,0
5014,36,1,11,0.88,0.427,1.116,1.0,0.507,0.038,0
5015,36,1,10,0.907,0.391,0.847,0.75,0.345,0.207,0
5016,71,0,12,1.11,0.433,1.0,0.5,0.504,0.236,0
5017,30,1,5,1.068,0.617,0.567,0.0,0.658,0.46,0
5018,53,0,5,0.938,0.772,0.654,0.0,0.03,0.208,0
5019,45,1,3,0.856,0.553,0.842,0.0,0.334,0.156,0
5020,31,1,9,0.64,0.7,0.899,0.25,0.567,-0.371,0
5021,59,1,5,0.93,0.623,0.824,0.5,0.613,0.252,0
5022,80,0,6,0.809,0.572,0.578,1.0,0.154,0.124,0
5023,47,1,7,0.858,0.665,0.473,0.0,-0.201,0.134,0
5024,63,1,10,0.881,0.532,0.811,0.0,0.25,0.24,0
5025,77,0,9,1.047,0.638,0.638,0.0,0.233,0.432,0
5026,69,1,10,1.051,0.61,0.761,1.0,0.521,0.099,1
5027,74,1,3,0.607,0.734,0.487,0.0,0.02,-0.147,0
5028,71,1,10,0.876,0.59,0.587,0.5,0.045,0.124,1
5029,71,0,6,0.996,0.499,0.581,0.0,0.149,0.042,0
5030,40,1,6,1.032,0.595,0.756,0.25,0.246,0.332,0
5031,59,1,12,1.041,0.488,1.148,1.0,0.628,0.025,1
5032,64,1,8,1.044,0.619,0.817,0.75,0.048,0.366,0
5033,57,1,11,0.981,0.623,0.631,0.0,0.04,0.383,0
5034,78,1,7,1.048,0.513,0.762,0.0,0.403,0.335,0
5035,84,1,4,0.967,0.59,0.503,0.75,0.16,0.218,1
5036,37,1,5,0.697,0.59,0.5,0.0,-0.156,-0.11,0
5037,62,0,11,0.998,0.621,0.698,0.0,0.105,0.33,0
5038,45,0,7,0.903,0.649,0.827,0.0,0.342,0.078,0
5039,63,0,10,1.003,0.612,0.936,0.25,0.35,0.33,0
5040,32,1,9,1.094,0.561,0.837,0.0,0.252,0.3,0
5041,65,0,5,0.794,0.708,0.48,0.25,-0.046,-0.027,0
5042,66,1,11,0.869,0.593,0.7,0.5,0.175,0.094,0
5043,57,1,8,0.7,0.695,0.645,1.0,0.101,0.028,0
5044,42,1,11,0.968,0.586,0.993,0.5,0.389,0.438,0
5045,30,1,10,1.001,0.525,1.029,0.75,0.459,0.312,0
5046,41,0,12,1.023,0.428,1.035,0.0,0.971,0.414,0
5047,51,1,8,1.026,0.669,0.449,0.0,0.09,0.193,0
5048,38,0,8,0.917,0.511,0.664,0.0,0.23,0.264,0
5049,63,1,10,1.086,0.7,1.145,0.0,0.691,0.536,0
5050,31,0,7,0.929,0.587,0.785,0.0,0.085,0.29,0
5051,63,1,12,1.092,0.545,0.817,0.0,0.363,0.472,1
5052,77,1,3,0.7,0.676,0.453,0.0,-0.07,-0.016,0
5053,38,1,8,0.889,0.586,0.623,0.0,0.285,0.175,0
5054,58,0,3,0.848,0.604,0.666,0.25,0.488,0.056,0
5055,68,1,12,1.069,0.544,0.975,1.0,0.488,0.159,1
5056,71,0,4,1.093,0.457,0.665,0.25,0.081,0.295,0
5057,48,0,6,0.77,0.627,0.657,0.0,0.053,0.02,0
5058,42,1,7,1.085,0.47,0.7,0.0,0.382,0.624,0
5059,79,1,12,1.142,0.554,0.905,0.0,0.407,0.413,0
5060,56,1,9,0.842,0.609,0.668,0.75,0.169,0.056,0
5061,66,1,10,1.013,0.565,0.704,0.75,-0.027,0.34,1
5062,48,1,8,0.803,0.487,0.664,0.5,0.198,0.219,0
5063,82,1,8,0.944,0.391,0.489,0.0,0.138,0.12,0
5064,70,1,9,0.937,0.423,0.681,0.0,0.036,-0.024,0
5065,49,0,9,1.028,0.561,0.67,0.5,-0.023,0.247,0
5066,35,1,3,0.816,0.486,0.657,0.25,-0.043,0.271,0
5067,42,1,11,1.156,0.57,0.932,1.0,0.248,0.535,0
5068,46,1,4,0.733,0.625,0.687,0.75,0.086,-0.078,0
5069,67,0,8,0.7,0.659,0.787,0.0,0.383,-0.052,0
5070,81,0,7,0.82,0.643,0.409,1.0,-0.327,0.055,1
5071,80,1,5,0.822,0.748,0.857,0.75,0.163,0.098,1
5072,83,1,9,0.7,0.633,0.715,0.0,0.339,-0.125,0
5073,80,0,5,0.876,0.7,0.791,0.25,0.267,0.201,0
5074,58,0,7,0.804,0.425,0.487,0.0,-0.038,0.049,0
5075,53,0,3,0.688,0.665,0.7,0.0,0.219,-0.275,0
5076,71,0,7,0.957,0.517,0.552,0.5,0.217,0.394,0
5077,31,0,8,0.812,0.571,0.539,0.25,0.197,0.06,0
5078,42,0,11,0.75,0.375,0.84,0.0,0.237,0.126,0
5079,56,0,6,0.686,0.671,0.663,0.25,0.321,0.003,0
5080,81,1,7,0.734,0.427,0.455,0.75,0.067,-0.259,1
5081,42,0,5,0.686,0.577,0.823,0.75,0.15,-0.032,0
5082,60,1,3,0.863,0.549,0.721,0.25,-0.047,0.005,0
5083,68,1,7,0.916,0.525,0.901,0.0,0.676,0.305,1
5084,52,1,11,1.034,0.525,0.989,0.75,0.399,0.212,0
5085,76,0,8,0.885,0.598,0.398,0.75,-0.191,0.123,0
5086,53,1,7,1.183,0.7,0.745,0.5,0.22,0.388,0
5087,51,0,11,0.606,0.519,0.685,1.0,-0.089,-0.374,0
5088,39,0,10,1.068,0.505,0.7,0.0,-0.04,0.336,0
5089,77,0,6,0.762,0.611,0.512,0.75,-0.148,0.013,0
5090,79,0,4,0.861,0.625,0.547,0.0,0.049,0.038,0
5091,68,0,4,0.807,0.619,0.617,0.25,0.191,-0.068,1
5092,39,1,8,0.784,0.63,1.086,0.0,0.627,0.006,0
5093,51,0,5,0.899,0.506,0.7,1.0,0.022,0.132,0
5094,44,1,11,0.94,0.524,1.044,0.25,0.665,0.24,1
5095,51,0,12,0.7,0.372,1.043,0.25,0.742,-0.108,0
5096,52,0,10,0.855,0.609,0.905,0.0,0.516,-0.062,0
5097,43,0,11,1.156,0.54,0.7,0.0,0.221,0.453,0
5098,64,0,8,0.962,0.382,0.674,0.75,0.365,0.224,1
5099,84,0,4,0.851,0.605,0.51,0.0,-0.045,0.172,0
5100,55,1,4,1.018,0.62,0.487,0.0,-0.068,0.249,0
5101,46,1,4,0.803,0.557,0.533,1.0,-0.149,0.111,0
5102,79,1,8,0.815,0.568,0.742,0.25,0.423,-0.011,1
5103,49,0,7,1.012,0.672,0.843,0.25,0.32,0.178,0
5104,66,0,5,0.998,0.534,0.546,0.5,0.206,0.441,1
5105,46,1,10,0.704,0.543,0.696,0.0,0.119,0.123,0
5106,57,0,12,0.762,0.64,0.542,1.0,0.266,0.055,1
5107,70,0,7,0.732,0.567,0.589,0.25,0.117,-0.126,0
5108,60,1,3,0.782,0.637,0.415,0.5,0.184,0.024,0
5109,55,0,12,1.074,0.595,0.937,0.5,0.592,0.179,0
5110,52,0,3,0.545,0.549,0.488,0.0,-0.194,-0.314,0
5111,63,1,3,0.778,0.45,0.709,0.0,0.336,-0.032,0
5112,37,1,6,0.843,0.619,0.47,0.0,-0.016,0.108,0
5113,64,1,9,1.09,0.563,0.666,0.75,0.122,0.373,0
5114,54,0,9,0.669,0.7,0.602,0.75,0.509,0.035,0
5115,40,1,8,0.88,0.562,0.828,0.5,0.043,0.194,0
5116,71,1,9,0.804,0.613,0.648,0.5,-0.052,0.03,0
5117,74,0,11,0.751,0.578,0.865,1.0,0.574,0.194,0
5118,45,0,3,0.79,0.582,0.506,0.0,0.364,0.21,0
5119,30,1,11,0.928,0.466,0.923,1.0,-0.037,0.121,0
5120,49,1,12,1.023,0.475,1.02,0.25,0.056,0.259,0
5121,77,1,9,0.919,0.513,0.839,0.25,0.525,0.194,1
5122,74,0,12,0.897,0.65,0.7,1.0,0.207,-0.011,0
5123,60,0,8,0.887,0.593,0.549,0.25,-0.224,0.125,0
5124,34,1,5,0.822,0.639,0.658,0.0,0.3,0.085,0
5125,42,1,7,0.643,0.7,0.717,0.0,0.515,-0.158,0
5126,36,1,6,0.89,0.505,0.468,1.0,-0.131,0.098,0
5127,41,1,11,1.232,0.548,0.948,1.0,0.408,0.529,0
5128,78,0,12,0.663,0.659,0.98,0.75,0.628,0.044,0
5129,69,1,4,0.634,0.55,0.541,0.5,-0.089,-0.186,0
5130,32,0,7,0.966,0.537,0.613,0.0,-0.041,0.295,0
5131,39,1,7,0.94,0.527,0.7,0.0,0.33,0.109,0
5132,68,1,10,0.7,0.554,1.005,0.25,0.458,-0.165,0
5133,31,1,5,0.717,0.519,0.695,0.0,0.139,-0.007,0
5134,68,1,11,1.122,0.7,0.846,0.5,0.526,0.343,0
5135,52,0,6,0.728,0.536,0.7,0.0,0.278,-0.337,0
5136,61,0,9,0.956,0.543,0.834,0.0,0.316,0.043,1
5137,48,1,10,0.851,0.379,0.942,0.0,0.634,0.171,0
5138,54,0,12,0.932,0.461,1.016,0.25,0.69,0.243,0
5139,39,0,11,1.045,0.528,1.076,0.5,0.625,0.28,0
5140,72,1,10,1.034,0.577,0.713,0.0,0.446,0.444,1
5141,45,0,3,0.773,0.619,0.342,1.0,-0.263,-0.135,0
5142,71,0,11,1.043,0.536,1.025,0.0,0.321,0.117,0
5143,81,0,12,0.775,0.441,1.164,0.0,0.699,0.039,0
5144,45,1,7,0.858,0.39,0.811,0.0,0.514,0.158,0
5145,47,0,6,0.782,0.643,0.955,0.25,0.862,0.059,0
5146,43,1,12,0.943,0.562,1.182,0.25,0.404,0.242,0
5147,34,0,6,0.721,0.527,0.529,0.5,0.17,-0.086,0
5148,61,0,5,0.909,0.633,0.723,0.0,0.277,-0.028,0
5149,32,1,4,0.877,0.63,0.629,0.0,0.208,0.263,0
5150,66,0,10,1.036,0.56,0.906,0.0,0.821,0.393,0
5151,68,1,4,0.833,0.594,0.674,1.0,0.457,-0.103,0
5152,45,0,3,0.948,0.652,0.524,1.0,-0.125,0.248,0
5153,32,1,7,0.702,0.518,1.006,0.0,0.567,-0.136,0
5154,33,1,4,0.925,0.609,0.783,0.0,0.535,0.079,1
5155,65,1,3,0.686,0.64,0.667,1.0,0.11,-0.259,0
5156,31,0,6,0.792,0.494,0.498,0.0,0.306,0.05,0
5157,52,0,11,1.108,0.541,1.069,0.0,0.467,0.416,0
5158,58,1,8,1.027,0.675,0.763,0.25,0.705,0.23,0
5159,65,1,7,0.893,0.602,0.399,0.25,-0.018,0.131,0
5160,48,0,11,0.897,0.5,0.921,0.0,0.397,0.329,0
5161,35,1,3,0.747,0.495,0.407,0.0,0.17,0.001,0
5162,34,1,9,1.014,0.7,0.734,0.25,0.198,0.379,0
5163,39,1,11,1.072,0.484,0.937,1.0,0.507,0.427,0
5164,31,1,8,0.824,0.669,0.927,0.0,0.402,0.014,0
5165,65,0,7,0.745,0.53,0.552,0.0,0.356,-0.117,0
5166,64,0,5,0.772,0.764,1.074,0.25,0.572,0.119,1
5167,34,0,5,0.559,0.603,0.731,0.0,0.182,-0.105,0
5168,83,1,7,0.745,0.56,0.61,0.25,-0.056,-0.175,0
5169,55,1,10,1.136,0.591,0.784,0.5,0.087,0.593,1
5170,33,1,12,0.811,0.738,0.646,1.0,0.219,0.074,0
5171,57,0,10,0.806,0.589,0.999,0.25,0.42,0.246,1
5172,77,1,4,0.69,0.627,0.488,0.0,0.045,-0.049,0
5173,33,1,4,1.063,0.607,0.43,0.75,-0.203,0.412,0
5174,52,0,10,0.817,0.54,0.947,0.5,0.349,-0.276,0
5175,60,1,8,0.731,0.564,0.865,0.5,0.254,0.116,0
5176,40,0,8,0.701,0.726,0.809,0.0,0.271,0.204,0
5177,55,0,11,1.061,0.548,0.868,0.25,0.591,0.594,0
5178,38,1,8,0.934,0.534,0.769,0.5,0.417,0.212,0
5179,62,1,3,0.903,0.594,0.7,0.0,0.066,0.369,0
5180,84,1,10,0.814,0.627,1.01,1.0,0.336,-0.018,1
5181,40,0,10,0.962,0.624,0.727,0.5,0.608,0.221,1
5182,77,1,9,0.931,0.469,0.776,0.0,0.165,0.013,0
5183,46,1,9,1.115,0.411,0.689,0.5,-0.02,0.285,0
5184,30,0,8,0.838,0.68,0.682,0.0,0.203,0.018,0
5185,60,0,3,0.968,0.603,0.633,0.25,0.404,0.021,1
5186,43,0,7,0.952,0.564,0.788,0.0,0.191,0.165,0
5187,74,1,9,0.994,0.595,0.851,0.0,0.175,0.332,0
5188,41,1,12,0.849,0.544,1.125,0.75,0.748,0.15,0
5189,82,1,12,0.903,0.505,0.7,0.0,0.266,0.22,1
5190,44,0,7,1.073,0.574,0.479,0.5,-0.144,0.37,0
5191,82,0,11,1.011,0.501,0.933,0.25,0.022,0.311,0
5192,68,1,6,0.854,0.588,0.623,0.0,0.091,0.184,0
5193,40,1,3,0.806,0.609,0.319,0.5,-0.277,-0.053,0
5194,77,0,4,0.863,0.731,0.762,0.0,0.515,0.127,0
5195,55,1,4,0.937,0.615,0.651,0.0,0.187,0.275,0
5196,62,0,7,0.731,0.75,0.774,0.5,0.187,-0.111,0
5197,52,0,11,0.647,0.558,0.682,0.0,0.333,-0.029,0
5198,78,1,6,0.518,0.7,0.661,0.25,0.11,-0.299,0
5199,81,1,6,0.737,0.447,0.767,0.0,0.071,0.045,0
5200,39,1,11,0.993,0.508,0.88,0.0,0.343,0.349,0
5201,43,0,8,0.827,0.691,0.703,1.0,0.455,0.164,0
5202,54,0,6,0.942,0.578,0.755,0.75,0.235,0.242,0
5203,45,1,6,0.923,0.456,0.649,1.0,0.1,0.204,0
5204,78,1,8,0.774,0.557,0.725,0.0,0.259,0.234,0
5205,75,1,3,0.711,0.543,0.683,0.0,0.182,-0.176,0
5206,51,1,5,0.734,0.515,0.488,0.0,0.071,0.014,0
5207,67,0,12,0.969,0.7,0.547,1.0,0.103,0.255,0
5208,83,0,8,0.972,0.626,0.7,0.0,0.314,0.325,0
5209,82,0,10,0.738,0.567,0.867,0.0,0.411,-0.051,0
5210,74,0,6,0.621,0.693,0.973,0.0,0.545,-0.028,0
5211,61,1,11,0.721,0.53,0.7,0.25,0.497,-0.132,0
5212,31,0,7,1.068,0.562,0.915,0.25,0.489,0.005,0
5213,65,0,5,0.824,0.696,0.722,0.5,0.272,0.139,0
5214,39,0,6,0.907,0.61,0.902,0.5,0.249,0.319,0
5215,67,1,5,0.621,0.598,0.539,0.25,0.161,-0.073,0
5216,52,1,5,0.747,0.648,0.671,0.0,-0.029,-0.129,0
5217,82,0,9,0.697,0.537,0.832,0.5,0.163,0.017,0
5218,54,0,5,0.834,0.548,0.726,0.25,0.336,0.284,0
5219,77,0,7,0.714,0.577,0.893,0.0,0.66,-0.207,0
5220,58,0,11,0.912,0.475,0.876,0.0,0.144,0.104,0
5221,68,1,6,0.779,0.644,0.713,0.5,0.245,-0.053,0
5222,65,1,4,0.661,0.543,0.711,0.0,0.161,-0.071,0
5223,74,1,12,0.781,0.69,0.774,0.0,0.393,0.02,0
5224,33,1,6,0.699,0.633,0.721,0.0,-0.118,0.114,0
5225,70,0,10,0.772,0.598,1.039,0.0,0.88,-0.076,0
5226,81,0,5,0.685,0.678,0.635,0.75,0.283,0.006,1
5227,43,1,9,0.804,0.544,0.857,0.5,0.327,0.138,0
5228,34,1,4,0.921,0.539,0.676,0.0,0.004,0.069,0
5229,40,1,9,1.004,0.7,0.916,0.0,0.382,0.395,0
5230,30,0,8,0.926,0.53,0.977,0.0,0.585,0.119,0
5231,80,1,7,0.859,0.497,0.868,1.0,0.389,-0.014,0
5232,44,1,9,0.945,0.568,0.863,0.0,0.126,0.174,0
5233,33,1,9,1.081,0.496,1.175,0.25,0.7,0.348,0
5234,56,1,7,1.046,0.602,0.6,0.75,0.263,0.15,0
5235,55,1,11,1.023,0.467,1.147,0.0,0.588,0.215,0
5236,56,0,11,0.943,0.597,0.816,0.0,0.242,0.097,0
5237,44,1,8,0.717,0.469,0.661,0.5,-0.046,-0.127,0
5238,78,0,9,0.902,0.688,0.82,0.75,0.566,0.291,0
5239,30,0,4,0.605,0.501,0.467,0.0,-0.119,0.009,0
5240,75,1,12,0.996,0.467,0.975,0.0,0.368,0.276,0
5241,51,0,10,0.728,0.541,0.619,0.0,0.034,-0.001,0
5242,72,0,8,0.994,0.583,0.709,0.5,0.559,0.212,0
5243,38,1,4,0.854,0.607,0.889,0.25,0.625,-0.017,0
5244,32,0,11,0.944,0.425,0.85,0.0,0.131,0.113,0
5245,61,0,6,0.89,0.547,0.864,0.5,0.335,0.178,1
5246,62,0,5,0.773,0.603,0.631,0.0,0.091,-0.021,0
5247,39,1,5,0.651,0.709,1.015,0.0,0.369,-0.234,0
5248,52,1,8,0.819,0.546,0.496,0.0,-0.143,0.076,0
5249,74,1,12,0.947,0.527,1.292,0.5,1.03,0.273,1
5250,70,1,6,1.097,0.634,0.511,0.25,-0.062,0.268,0
5251,70,1,11,0.842,0.514,1.023,1.0,0.538,0.148,0
5252,53,1,10,0.852,0.577,1.138,1.0,0.962,-0.046,1
5253,46,0,12,1.068,0.418,1.006,0.25,0.913,0.262,0
5254,34,1,4,0.774,0.565,0.353,0.75,-0.156,0.195,0
5255,57,0,6,0.788,0.665,0.677,0.25,0.149,0.117,0
5256,63,0,4,0.944,0.689,0.625,0.5,-0.006,0.078,0
5257,77,1,5,0.767,0.61,0.687,0.0,-0.035,0.09,0
5258,51,0,4,0.876,0.488,0.447,0.0,-0.343,0.206,0
5259,50,0,10,0.979,0.652,0.852,1.0,0.565,0.235,0
5260,51,1,8,0.839,0.411,1.008,0.5,0.475,0.108,0
5261,43,1,3,0.76,0.616,0.534,0.0,0.175,0.003,0
5262,77,1,8,0.829,0.503,0.584,0.25,-0.195,0.051,1
5263,44,1,4,0.776,0.59,0.804,0.0,0.402,0.046,0
5264,33,0,5,0.994,0.626,1.053,1.0,0.66,0.318,0
5265,68,0,5,1.201,0.527,0.629,0.25,0.235,0.514,0
5266,61,1,5,0.753,0.641,0.671,0.25,-0.029,0.29,0
5267,33,1,5,0.823,0.642,0.7,0.0,0.413,-0.076,0
5268,82,1,3,0.906,0.679,0.756,0.0,0.129,0.206,0
5269,38,0,4,0.827,0.554,0.531,0.0,-0.238,-0.064,0
5270,73,0,8,0.736,0.529,0.875,0.0,0.231,0.038,0
5271,77,1,4,0.691,0.636,0.784,0.25,0.349,-0.073,0
5272,56,1,9,0.845,0.505,0.581,0.0,-0.003,0.021,0
5273,57,1,10,1.064,0.617,0.744,1.0,0.158,0.323,0
5274,47,1,5,0.822,0.618,0.7,0.0,0.183,0.357,1
5275,56,1,9,0.933,0.615,0.844,0.5,0.496,0.019,1
5276,49,0,11,0.955,0.521,0.846,0.5,0.413,0.143,0
5277,48,1,12,0.971,0.665,0.896,0.75,0.625,0.272,0
5278,31,1,7,0.761,0.638,0.756,0.0,0.381,-0.034,0
5279,37,0,8,0.917,0.573,0.702,0.5,0.24,0.357,1
5280,47,0,3,0.722,0.637,0.7,0.5,-0.171,-0.049,0
5281,67,1,10,0.976,0.595,0.748,0.0,0.32,0.081,0
5282,82,0,12,1.018,0.535,1.003,0.0,0.344,0.438,0
5283,74,0,12,1.078,0.526,0.724,0.0,0.495,0.541,1
5284,35,0,12,0.927,0.594,1.008,0.0,0.353,0.04,0
5285,61,1,12,0.972,0.574,1.127,0.0,0.556,0.059,0
5286,40,1,4,0.8,0.541,0.625,0.0,0.12,0.181,0
5287,40,0,10,0.896,0.544,0.763,0.25,0.354,0.294,0
5288,75,0,10,0.887,0.557,0.765,0.75,0.396,0.278,1
5289,57,1,7,0.948,0.521,0.861,0.75,0.36,0.261,1
5290,35,0,8,1.049,0.532,0.705,0.0,-0.053,0.216,0
5291,51,1,9,0.85,0.54,0.645,0.0,-0.096,0.145,0
5292,77,1,6,0.835,0.7,0.565,0.0,0.203,0.133,0
5293,72,0,3,0.69,0.598,0.583,0.0,0.236,-0.01,0
5294,51,0,5,0.836,0.666,0.7,0.5,0.218,0.09,0
5295,61,0,12,1.08,0.433,0.892,0.5,0.339,0.256,0
5296,48,0,3,0.751,0.575,0.696,0.0,0.521,-0.042,0
5297,77,1,9,1.039,0.503,0.879,0.25,0.143,0.236,1
5298,59,1,4,0.835,0.513,0.415,0.0,0.027,0.146,0
5299,69,0,7,0.889,0.602,0.73,0.0,0.376,0.078,0
5300,44,1,3,0.852,0.659,0.363,0.0,0.027,0.243,0
5301,44,0,6,0.697,0.497,0.496,0.0,-0.023,0.056,0
5302,69,0,6,0.664,0.495,0.593,0.25,0.092,-0.107,0
5303,60,0,10,0.743,0.449,0.78,0.75,0.263,-0.165,0
5304,39,1,12,1.065,0.667,0.76,0.0,0.368,0.454,1
5305,84,0,3,0.791,0.625,0.535,0.25,0.269,0.434,0
5306,63,1,6,1.167,0.597,0.216,0.0,-0.007,0.495,0
5307,50,1,11,0.988,0.534,1.205,0.0,0.551,0.414,0
5308,37,0,8,0.97,0.553,0.851,0.0,0.115,0.138,0
5309,43,0,6,0.877,0.591,0.565,0.5,0.062,0.177,0
5310,62,1,5,0.717,0.742,0.793,0.5,0.224,-0.22,0
5311,40,1,6,0.833,0.664,0.416,1.0,0.232,0.05,1
5312,78,1,7,0.919,0.733,0.721,0.0,0.185,0.208,0
5313,73,0,6,0.847,0.643,0.419,0.0,0.014,0.023,0
5314,63,0,7,0.782,0.584,0.593,0.25,-0.099,0.004,0
5315,37,0,5,0.916,0.578,0.7,0.0,0.348,0.045,0
5316,52,1,9,0.68,0.45,0.852,0.75,0.392,-0.155,0
5317,35,0,4,0.717,0.595,0.571,1.0,0.158,0.055,0
5318,73,0,12,0.84,0.607,0.961,0.5,0.54,-0.063,1
5319,44,1,10,0.7,0.544,0.847,0.5,0.271,0.074,0
5320,35,0,11,0.715,0.469,0.648,0.0,0.142,-0.089,0
5321,61,0,8,0.942,0.698,0.876,0.0,0.316,0.28,0
5322,31,0,3,0.974,0.673,0.318,0.25,-0.273,0.309,0
5323,79,1,6,0.892,0.619,0.859,0.25,0.39,0.208,0
5324,78,1,11,0.705,0.547,1.086,0.0,0.432,-0.246,0
5325,51,1,9,1.109,0.507,0.58,0.0,0.22,0.264,0
5326,33,1,6,0.518,0.7,0.816,0.5,0.423,-0.363,0
5327,65,1,7,0.863,0.592,0.831,0.0,0.267,0.129,0
5328,57,0,11,0.835,0.566,0.687,0.0,0.502,0.061,0
5329,39,0,11,0.835,0.62,0.892,1.0,0.213,0.132,0
5330,47,1,3,0.786,0.628,0.666,0.25,-0.03,0.006,0
5331,84,0,9,0.967,0.506,0.598,0.0,0.254,0.398,0
5332,35,1,8,0.793,0.569,0.837,0.25,0.262,0.283,0
5333,59,0,12,0.871,0.562,1.216,0.0,0.761,0.155,1
5334,43,1,7,0.573,0.575,0.572,0.25,0.244,-0.048,0
5335,68,1,4,0.672,0.591,0.488,0.0,0.299,-0.095,0
5336,44,1,6,0.751,0.507,0.331,0.75,-0.065,-0.16,0
5337,71,0,6,0.707,0.579,0.545,0.75,0.217,-0.025,0
5338,53,0,5,0.928,0.566,0.537,0.25,0.193,0.33,0
5339,54,0,6,0.961,0.608,0.688,0.5,0.362,0.134,0
5340,49,1,9,0.771,0.539,0.701,0.5,0.245,0.142,0
5341,40,1,9,0.878,0.587,0.97,0.0,0.549,-0.082,0
5342,83,0,6,0.634,0.652,0.834,0.5,0.343,-0.036,0
5343,52,0,7,0.914,0.684,0.583,0.0,0.013,0.214,0
5344,36,1,7,0.972,0.49,1.161,1.0,0.669,0.382,0
5345,68,0,7,0.865,0.537,0.495,0.25,0.138,0.165,0
5346,47,1,4,0.669,0.528,0.73,0.5,0.123,-0.078,0
5347,44,0,6,0.966,0.696,0.634,0.0,-0.07,0.295,0
5348,60,1,5,0.779,0.668,0.67,0.0,0.251,0.013,0
5349,69,0,4,0.777,0.513,0.629,0.5,0.135,0.011,0
5350,34,0,12,0.948,0.625,0.861,0.0,0.386,-0.01,0
5351,74,0,6,0.912,0.495,0.523,0.0,-0.279,0.058,0
5352,65,1,5,0.693,0.538,0.877,0.0,0.437,-0.027,0
5353,47,1,6,0.931,0.618,0.756,0.0,0.21,0.146,0
5354,77,0,7,0.937,0.615,0.875,0.75,0.303,0.315,0
5355,33,1,4,0.817,0.617,0.832,0.0,0.464,0.011,0
5356,67,1,10,0.826,0.48,0.729,1.0,-0.078,-0.002,0
5357,80,1,11,0.794,0.7,1.03,0.0,0.363,0.082,1
5358,47,0,12,1.103,0.535,0.7,1.0,0.145,0.311,0
5359,39,1,9,0.959,0.619,0.793,0.0,0.234,0.109,0
5360,54,1,6,0.914,0.553,0.635,0.0,0.224,-0.001,0
5361,66,0,9,0.861,0.516,0.644,0.75,0.346,0.195,0
5362,47,1,8,0.766,0.594,0.843,0.0,0.413,-0.056,0
5363,32,1,10,0.883,0.658,0.818,0.5,-0.175,0.19,0
5364,74,0,7,0.82,0.501,0.696,0.0,0.389,0.161,0
5365,60,0,5,0.94,0.661,0.439,0.0,0.171,0.234,0
5366,74,0,11,0.726,0.508,0.954,0.25,0.424,-0.003,0
5367,58,1,10,0.953,0.644,1.103,0.0,0.553,0.153,0
5368,35,1,7,0.987,0.587,0.969,1.0,0.414,0.166,0
5369,64,1,6,0.972,0.612,0.794,0.5,0.479,0.285,0
5370,72,1,12,1.028,0.533,0.878,0.5,0.301,0.217,0
5371,69,0,7,0.837,0.626,0.674,0.0,-0.064,-0.111,0
5372,60,0,8,0.761,0.614,0.812,0.0,0.127,0.087,0
5373,31,0,3,0.593,0.597,0.602,0.0,0.074,-0.294,0
5374,42,0,9,1.011,0.624,0.802,0.0,0.382,0.339,0
5375,68,1,6,1.052,0.539,0.701,1.0,0.251,0.404,1
5376,47,1,6,0.901,0.653,0.785,0.75,0.215,0.091,0
5377,80,0,11,0.76,0.486,0.934,0.0,0.807,-0.02,0
5378,72,1,7,0.815,0.578,0.849,0.0,0.411,0.041,0
5379,60,0,8,0.697,0.503,0.893,1.0,0.52,-0.045,0
5380,62,1,3,0.691,0.633,0.814,0.0,0.308,-0.226,0
5381,43,0,9,0.967,0.69,0.773,0.25,0.763,0.171,0
5382,67,0,7,0.782,0.701,0.888,0.5,0.402,0.153,0
5383,53,0,5,1.045,0.711,0.796,0.0,0.521,0.434,1
5384,52,1,5,0.911,0.493,0.435,0.0,0.118,0.04,0
5385,84,0,3,0.913,0.697,0.599,0.75,0.229,0.188,1
5386,39,0,8,0.718,0.599,0.643,0.0,0.178,-0.128,0
5387,46,0,7,0.819,0.624,1.123,0.75,0.634,0.093,0
5388,47,1,7,0.763,0.585,0.642,0.0,-0.058,0.007,0
5389,51,1,6,0.645,0.542,0.789,0.75,0.29,-0.067,0
5390,69,1,7,0.74,0.67,0.749,0.5,0.515,0.234,0
5391,63,0,3,0.798,0.531,0.815,0.0,0.427,0.051,0
5392,33,1,9,0.989,0.403,0.671,0.25,0.238,0.256,0
5393,48,0,4,0.787,0.683,0.51,0.75,-0.08,0.143,0
5394,52,0,11,0.909,0.59,0.452,1.0,0.062,0.139,0
5395,64,0,9,1.047,0.571,1.008,0.0,0.65,0.146,0
5396,33,1,5,0.834,0.7,0.726,0.5,0.111,0.098,0
5397,30,0,4,0.951,0.598,0.859,0.25,0.238,0.324,0
5398,82,1,7,0.944,0.7,0.391,0.0,-0.276,0.173,1
5399,49,0,9,0.839,0.598,0.591,0.25,0.18,-0.096,0
5400,74,1,8,1.038,0.643,0.841,1.0,0.798,0.386,0
5401,68,0,7,0.846,0.72,0.764,0.5,0.243,0.053,0
5402,69,0,3,0.984,0.545,0.658,0.5,0.531,0.035,0
5403,44,0,11,1.029,0.6,0.919,0.0,0.289,0.363,0
5404,63,1,6,0.771,0.687,0.687,0.0,0.261,0.221,0
5405,67,1,6,0.728,0.47,0.801,0.25,0.086,-0.113,0
5406,33,0,11,0.84,0.605,0.881,0.0,0.541,0.191,0
5407,68,0,3,0.826,0.432,0.301,0.0,-0.153,0.055,0
5408,50,1,3,0.531,0.557,0.533,0.0,0.344,-0.397,0
5409,63,0,5,0.785,0.523,0.933,0.75,0.408,0.007,0
5410,38,1,7,0.7,0.584,0.68,0.0,-0.162,-0.136,0
5411,84,1,5,0.593,0.581,0.525,0.0,0.048,-0.225,0
5412,30,0,6,0.648,0.626,0.7,0.25,0.029,-0.158,0
5413,60,0,4,0.765,0.685,0.727,0.0,0.421,0.115,1
5414,69,0,7,1.013,0.534,0.98,1.0,0.385,0.332,0
5415,71,0,6,0.801,0.628,0.877,0.0,0.702,0.063,0
5416,81,1,4,0.672,0.549,0.776,0.0,0.157,-0.009,0
5417,47,1,5,0.747,0.562,0.771,0.0,0.437,-0.04,0
5418,57,0,8,0.916,0.445,0.638,0.0,0.176,0.292,1
5419,72,1,5,0.861,0.503,0.516,0.25,0.08,0.144,0
5420,51,0,9,1.071,0.55,0.638,0.25,0.091,0.431,0
5421,54,0,9,0.884,0.72,0.777,1.0,0.326,0.071,0
5422,73,1,5,0.886,0.627,0.633,0.0,0.147,0.026,0
5423,74,1,9,1.143,0.653,0.775,0.0,0.654,0.262,0
5424,58,1,10,0.9,0.7,0.663,0.0,0.318,0.037,0
5425,84,0,3,0.92,0.472,0.744,0.0,0.448,0.11,0
5426,57,1,3,0.513,0.576,0.7,0.0,0.348,-0.202,0
5427,75,0,9,0.786,0.425,0.862,0.0,0.3,0.055,0
5428,34,1,5,0.554,0.547,0.843,0.0,0.435,-0.138,0
5429,66,1,8,0.998,0.58,1.066,0.5,0.652,0.368,0
5430,47,1,10,0.797,0.578,1.016,0.0,0.384,-0.019,0
5431,66,1,5,0.832,0.661,0.66,1.0,0.25,-0.058,0
5432,55,1,4,0.847,0.706,0.543,0.5,0.087,0.092,0
5433,69,0,3,0.712,0.671,0.522,0.25,-0.002,-0.011,0
5434,70,1,7,0.87,0.575,0.82,0.25,0.691,0.26,0
5435,40,1,10,0.739,0.631,0.749,0.0,0.402,-0.147,0
5436,68,0,11,0.838,0.556,0.817,0.0,0.197,0.121,0
5437,40,1,12,0.848,0.497,0.8,0.0,0.52,0.179,0
5438,67,0,5,0.74,0.673,0.343,0.0,-0.096,-0.152,0
5439,30,1,12,0.908,0.636,0.898,0.25,0.445,0.127,0
5440,62,1,4,0.984,0.646,1.029,0.5,0.33,-0.034,1
5441,36,1,9,0.916,0.53,0.747,0.0,0.476,0.088,0
5442,69,1,9,0.697,0.529,0.698,0.25,0.392,-0.025,0
5443,52,1,5,0.975,0.7,0.583,0.25,0.157,0.209,0
5444,64,1,6,1.042,0.487,0.574,0.75,0.137,0.198,0
5445,58,1,8,0.869,0.544,0.768,0.75,0.38,0.068,0
5446,58,1,9,1.048,0.591,0.508,0.25,-0.14,0.351,0
5447,32,1,5,0.615,0.654,0.74,0.0,0.138,-0.156,0
5448,84,0,10,0.899,0.508,0.979,0.75,0.746,0.089,0
5449,57,0,5,0.662,0.623,0.776,0.5,0.26,-0.111,0
5450,31,0,6,0.728,0.671,0.631,0.25,0.305,-0.022,0
5451,39,0,4,0.834,0.462,0.7,0.0,0.27,-0.077,0
5452,60,1,11,0.908,0.54,0.946,1.0,0.511,0.186,1
5453,54,1,6,0.929,0.65,0.531,0.0,0.078,0.266,0
5454,46,1,11,0.974,0.612,0.611,0.0,0.043,0.357,0
5455,84,1,7,0.979,0.7,0.591,0.0,0.096,0.398,0
5456,63,1,10,1.001,0.599,0.813,0.0,0.322,-0.027,0
5457,53,1,9,0.865,0.55,0.687,0.0,0.199,0.226,0
5458,45,1,7,0.539,0.511,0.626,0.5,0.084,-0.213,0
5459,34,1,11,0.922,0.596,0.834,0.5,0.359,0.255,0
5460,84,1,11,0.914,0.552,0.634,1.0,0.404,0.192,0
5461,61,1,6,0.967,0.562,0.686,0.0,0.369,0.267,0
5462,82,0,9,0.861,0.509,0.693,0.0,0.19,0.298,0
5463,47,1,8,0.939,0.628,0.705,0.25,0.395,0.312,0
5464,52,0,8,0.858,0.678,0.688,0.0,0.4,0.243,0
5465,40,0,12,1.107,0.507,1.166,0.0,0.825,0.494,0
5466,49,0,4,0.81,0.592,0.725,0.5,0.099,-0.015,0
5467,57,1,10,1.007,0.621,0.682,0.0,0.062,0.423,0
5468,84,1,8,0.834,0.468,0.824,0.0,0.192,-0.089,0
5469,45,1,8,0.858,0.641,0.579,0.0,0.17,0.104,0
5470,76,0,3,0.807,0.508,0.416,0.0,-0.04,-0.057,0
5471,84,0,9,0.733,0.586,0.864,0.25,0.339,0.008,0
5472,62,0,4,0.798,0.694,0.83,0.0,0.002,-0.15,0
5473,47,1,6,0.91,0.469,0.444,0.25,-0.015,0.185,0
5474,66,0,11,1.257,0.614,1.038,0.0,0.6,0.19,1
5475,56,0,7,0.848,0.665,0.705,0.0,0.242,0.084,0
5476,31,1,3,0.715,0.585,0.737,0.0,0.406,0.029,0
5477,73,1,7,0.751,0.582,0.72,1.0,0.336,-0.148,0
5478,57,0,10,1.081,0.525,0.849,0.0,0.532,0.405,0
5479,52,1,11,0.753,0.582,0.889,0.0,0.414,0.059,0
5480,63,1,6,0.949,0.628,0.568,0.25,0.145,0.087,0
5481,44,0,12,0.945,0.543,1.163,0.25,0.879,0.059,0
5482,68,1,5,0.781,0.612,0.64,0.25,0.09,-0.148,0
5483,64,0,7,1.058,0.458,0.849,0.0,0.13,0.358,0
5484,34,1,11,1.052,0.548,0.846,0.25,0.347,0.494,0
5485,45,0,9,1.012,0.506,0.82,0.5,0.609,0.312,0
5486,38,0,4,0.889,0.581,0.516,0.0,-0.184,0.219,0
5487,43,1,11,0.948,0.501,0.689,0.25,0.272,0.208,0
5488,34,1,11,0.934,0.684,0.749,1.0,0.424,0.244,0
5489,57,1,6,0.83,0.612,0.906,0.0,0.545,0.081,1
5490,55,1,6,0.982,0.632,0.801,0.5,0.204,0.341,1
5491,50,0,4,0.829,0.61,0.915,0.25,0.416,0.159,0
5492,71,1,8,0.773,0.565,0.973,0.0,0.442,0.037,0
5493,82,1,3,0.938,0.796,0.645,0.5,0.328,0.443,0
5494,83,0,4,0.754,0.627,0.531,0.75,-0.254,0.152,0
5495,46,1,3,0.907,0.696,0.748,0.75,-0.251,0.173,0
5496,31,1,8,0.88,0.463,0.602,0.5,0.204,-0.089,0
5497,72,1,6,0.647,0.7,0.732,0.0,0.163,0.009,0
5498,40,0,3,0.87,0.586,0.284,0.0,-0.416,0.305,0
5499,49,1,7,0.864,0.655,0.906,1.0,0.45,0.006,0
5500,81,1,6,0.935,0.475,0.499,0.0,0.137,0.079,0
5501,54,1,8,0.951,0.414,0.839,0.0,0.217,0.141,0
5502,43,0,11,0.923,0.608,0.972,0.25,0.538,0.097,0
5503,31,0,9,0.897,0.571,0.939,0.25,0.705,0.153,0
5504,72,0,12,0.891,0.567,0.633,0.75,0.014,-0.038,0
5505,31,1,7,0.836,0.591,0.817,0.0,0.108,-0.154,0
5506,43,0,5,1.002,0.582,0.571,0.0,0.189,0.313,0
5507,66,1,3,0.802,0.649,0.78,0.0,0.44,0.233,0
5508,79,1,10,0.897,0.722,0.898,0.75,0.37,0.126,0
5509,57,0,3,0.794,0.624,0.563,0.0,0.056,-0.067,0
5510,53,1,5,0.648,0.678,0.841,0.0,0.576,-0.217,0
5511,31,1,4,0.576,0.6,0.535,0.5,-0.018,-0.228,0
5512,77,0,7,0.763,0.643,0.538,0.0,-0.349,0.116,0
5513,68,0,5,0.908,0.636,0.56,0.5,0.044,0.186,0
5514,32,1,12,1.123,0.7,1.281,0.75,0.915,0.154,0
5515,38,0,10,0.817,0.454,0.953,0.5,0.253,0.176,0
5516,65,0,7,0.569,0.662,0.775,0.5,0.51,-0.196,0
5517,56,1,9,0.889,0.606,0.685,0.0,0.039,0.156,0
5518,80,1,12,0.759,0.471,0.955,0.75,0.58,0.091,0
5519,37,0,12,0.875,0.555,0.73,0.0,0.393,0.073,0
5520,40,1,3,0.821,0.569,0.486,0.0,0.117,0.121,0
5521,40,0,12,1.055,0.548,1.028,0.5,0.741,0.364,1
5522,45,0,9,0.93,0.548,1.123,0.0,0.676,-0.007,0
5523,66,0,7,0.845,0.543,0.585,0.25,-0.027,0.032,1
5524,39,1,10,0.953,0.529,0.731,0.5,0.247,0.336,0
5525,46,0,10,1.043,0.459,0.991,0.0,0.541,0.52,0
5526,37,0,6,0.984,0.461,0.717,0.5,0.568,0.32,0
5527,73,0,12,0.969,0.414,1.116,0.75,0.853,0.281,1
5528,75,1,11,0.85,0.73,0.473,0.0,-0.14,0.151,0
5529,78,1,4,0.785,0.474,0.498,0.0,-0.101,-0.06,0
5530,81,0,10,0.811,0.605,0.587,0.0,0.168,0.111,0
5531,61,1,6,0.902,0.558,0.25,0.5,-0.29,0.137,0
5532,75,0,10,0.87,0.621,0.941,1.0,0.229,0.035,0
5533,76,0,5,0.755,0.647,0.965,0.25,0.601,-0.103,0
5534,64,0,11,1.225,0.467,1.17,0.0,0.741,0.613,0
5535,59,0,11,1.027,0.522,0.999,0.25,0.317,0.254,0
5536,81,0,7,0.982,0.643,0.715,0.75,0.254,0.164,0
5537,62,1,12,1.227,0.402,0.554,0.0,0.022,0.328,0
5538,47,0,11,1.035,0.557,0.91,0.75,0.231,0.243,0
5539,70,0,3,0.745,0.616,0.892,0.75,0.458,-0.215,0
5540,50,0,10,0.919,0.59,0.863,0.25,0.358,0.295,0
5541,57,1,7,0.7,0.525,0.537,0.5,-0.083,0.004,0
5542,36,0,5,0.751,0.501,0.576,0.0,-0.124,0.063,0
5543,51,1,7,1.058,0.543,0.572,0.25,-0.033,0.355,0
5544,42,0,11,1.074,0.593,0.816,0.0,0.329,0.325,0
5545,53,0,7,0.647,0.748,0.708,0.5,0.436,-0.138,0
5546,38,0,6,0.954,0.804,0.565,1.0,0.076,0.061,0
5547,41,1,8,0.72,0.658,0.723,0.0,0.292,0.001,0
5548,53,0,5,0.885,0.505,0.844,1.0,0.363,0.393,0
5549,74,1,6,0.766,0.641,0.71,0.0,0.503,0.015,1
5550,39,0,9,0.807,0.597,1.042,0.5,0.469,0.069,0
5551,63,0,6,0.846,0.675,0.451,0.5,-0.123,0.133,0
5552,79,0,4,1.016,0.727,0.869,0.5,0.501,0.202,1
5553,80,1,6,0.858,0.63,0.429,0.75,-0.199,0.055,0
5554,48,0,7,0.998,0.622,0.51,0.0,0.313,0.317,0
5555,59,0,3,0.779,0.549,0.488,1.0,-0.099,-0.01,0
5556,48,1,11,0.828,0.384,0.947,0.0,0.605,0.1,0
5557,66,0,11,0.988,0.621,0.713,0.0,0.267,0.127,1
5558,44,0,7,0.831,0.606,0.798,0.25,0.817,0.27,0
5559,32,0,4,0.814,0.579,0.871,0.25,0.196,0.142,0
5560,47,1,6,0.65,0.632,0.904,0.25,0.334,-0.039,0
5561,84,1,11,1.105,0.505,0.862,0.0,0.506,0.416,0
5562,81,1,11,1.025,0.616,0.691,1.0,0.281,0.342,0
5563,64,1,12,0.867,0.511,0.7,0.0,0.528,0.368,1
5564,61,1,12,0.908,0.499,1.051,0.0,0.356,0.116,0
5565,77,0,11,0.928,0.648,0.852,0.5,0.211,0.155,0
5566,36,1,12,1.062,0.506,0.566,1.0,0.201,0.238,1
5567,72,0,12,1.212,0.585,0.72,0.0,0.279,0.531,0
5568,47,0,3,0.88,0.536,0.401,0.0,-0.147,0.069,0
5569,52,0,10,1.145,0.644,0.891,0.75,0.471,0.321,0
5570,77,1,4,0.885,0.579,0.729,0.0,0.427,0.424,1
5571,67,1,5,0.802,0.604,0.674,0.0,0.159,-0.16,0
5572,74,1,6,0.84,0.509,0.782,0.5,0.161,0.175,0
5573,44,0,7,0.988,0.497,0.709,0.75,0.342,0.282,1
5574,32,0,5,0.828,0.393,0.427,0.0,-0.189,0.147,0
5575,75,0,8,0.936,0.583,1.047,0.0,0.707,0.239,0
5576,75,1,9,1.061,0.657,0.698,0.5,0.292,0.237,1
5577,61,0,4,0.74,0.588,0.389,0.5,0.077,0.026,0
5578,82,0,8,0.936,0.679,0.801,0.5,0.555,0.279,0
5579,80,1,9,0.757,0.6,0.788,0.25,0.328,-0.32,0
5580,49,1,12,1.076,0.614,0.883,0.0,0.417,0.481,0
5581,45,1,12,0.976,0.49,1.428,0.0,0.95,0.177,0
5582,30,1,4,0.83,0.668,0.581,1.0,-0.056,-0.099,0
5583,46,1,6,0.719,0.644,0.445,0.25,-0.114,0.071,0
5584,65,1,10,0.895,0.702,0.896,1.0,0.362,0.433,0
5585,78,1,8,0.779,0.574,0.815,0.0,0.335,-0.222,0
5586,62,0,9,0.783,0.446,1.029,0.0,0.431,0.042,0
5587,68,0,5,0.676,0.623,0.557,0.5,-0.148,0.128,0
5588,53,1,4,0.631,0.741,0.43,0.25,-0.265,-0.046,0
5589,44,1,12,1.068,0.674,1.012,0.0,0.516,0.312,0
5590,56,1,5,1.132,0.536,0.881,0.0,0.404,0.377,0
5591,46,0,11,0.872,0.559,0.907,0.0,0.647,0.151,0
5592,39,0,8,0.758,0.631,0.604,0.0,-0.001,0.086,0
5593,46,0,4,0.932,0.533,0.678,0.25,0.228,0.193,0
5594,72,1,7,0.875,0.623,1.056,0.0,0.778,0.063,0
5595,44,1,6,0.923,0.534,0.631,0.0,0.179,0.267,0
5596,38,0,11,1.064,0.62,0.957,0.0,0.626,0.354,0
5597,81,1,3,0.787,0.544,0.632,0.25,-0.002,0.087,0
5598,64,0,3,0.666,0.686,0.729,0.25,0.141,-0.146,0
5599,35,0,12,0.889,0.553,0.938,1.0,0.087,-0.021,0
5600,69,1,11,1.07,0.509,1.273,1.0,0.88,0.351,0
5601,43,1,5,0.856,0.632,0.542,0.0,-0.158,-0.114,0
5602,73,1,6,0.911,0.609,0.929,0.5,0.129,0.105,0
5603,73,1,7,0.973,0.632,0.862,0.0,0.168,0.206,1
5604,82,1,3,0.781,0.547,0.786,0.0,0.474,0.125,1
5605,83,0,11,0.957,0.509,0.999,1.0,0.402,0.359,1
5606,66,1,8,0.861,0.551,0.558,0.0,-0.042,0.022,0
5607,46,0,5,0.705,0.64,0.513,0.0,0.121,-0.185,0
5608,57,0,11,0.85,0.565,1.042,0.0,0.554,0.247,0
5609,74,0,6,0.714,0.638,0.835,0.0,0.51,-0.022,0
5610,43,1,7,0.901,0.637,0.668,0.25,0.321,0.182,0
5611,45,0,4,0.818,0.501,0.429,0.0,-0.123,0.064,0
5612,59,0,4,1.012,0.716,0.431,0.25,0.039,0.165,0
5613,45,1,5,0.921,0.455,0.797,0.0,0.267,0.157,0
5614,74,1,12,0.937,0.571,1.145,0.75,0.601,-0.116,0
5615,59,0,6,0.886,0.656,0.748,0.75,0.267,0.291,0
5616,70,1,7,0.759,0.627,0.634,0.0,0.036,0.114,0
5617,50,1,6,0.777,0.592,0.555,0.75,0.083,0.04,0
5618,52,1,10,0.898,0.605,0.862,0.5,0.309,0.171,0
5619,51,0,12,1.058,0.627,0.933,0.5,0.415,0.248,1
5620,61,1,3,0.839,0.54,0.535,0.0,0.069,0.096,0
5621,32,0,6,0.7,0.566,0.578,0.0,0.184,-0.219,0
5622,45,0,12,1.031,0.518,0.708,0.5,0.295,0.345,0
5623,38,1,8,0.724,0.626,1.041,0.5,0.539,-0.24,0
5624,43,1,12,0.919,0.476,0.987,0.5,0.445,0.188,0
5625,77,0,11,0.831,0.459,0.766,0.75,0.42,0.078,1
5626,40,1,5,1.013,0.63,0.293,0.5,-0.252,0.228,0
5627,57,1,5,0.909,0.571,0.622,0.0,0.227,0.202,1
5628,53,0,9,0.786,0.393,1.131,1.0,0.917,0.179,0
5629,64,0,9,0.926,0.55,0.777,0.25,0.393,0.03,0
5630,57,0,8,0.858,0.569,0.555,0.0,0.336,0.042,0
5631,69,1,7,0.676,0.553,0.632,0.75,0.158,-0.216,1
5632,51,1,8,0.921,0.69,0.748,0.0,0.808,0.134,0
5633,45,1,7,0.787,0.595,0.709,0.0,0.364,-0.004,0
5634,53,1,8,0.867,0.584,0.744,0.0,0.299,0.247,0
5635,50,1,3,0.687,0.631,0.867,0.0,0.249,-0.045,0
5636,40,1,12,0.986,0.66,1.083,0.75,0.624,0.286,0
5637,51,1,10,0.751,0.565,1.005,0.0,0.603,0.056,0
5638,77,0,7,0.823,0.637,0.692,0.5,0.402,0.166,0
5639,39,1,3,0.564,0.635,0.804,0.0,0.248,-0.252,0
5640,75,1,12,0.863,0.4,0.905,0.75,0.472,0.158,0
5641,37,0,7,0.849,0.58,0.878,0.25,0.276,0.114,0
5642,79,1,6,0.867,0.615,0.761,0.0,0.463,0.145,0
5643,30,1,6,0.919,0.606,0.686,0.25,0.544,-0.047,0
5644,82,0,3,0.717,0.579,0.633,0.0,-0.032,0.001,0
5645,62,0,12,1.181,0.567,0.778,0.0,0.296,0.417,0
5646,50,1,4,0.826,0.736,0.315,0.5,-0.395,0.133,0
5647,79,0,7,1.173,0.475,0.605,0.0,-0.015,0.471,0
5648,47,0,6,0.696,0.672,0.795,0.5,0.324,-0.219,0
5649,78,0,10,0.841,0.478,0.868,1.0,0.464,0.104,1
5650,54,1,7,0.863,0.6,0.7,0.75,0.198,0.201,0
5651,34,0,6,0.7,0.581,0.389,1.0,-0.299,-0.064,0
5652,52,0,12,0.665,0.628,1.066,0.75,0.303,-0.127,1
5653,81,0,3,0.704,0.508,0.753,0.25,0.216,-0.054,1
5654,43,0,6,0.796,0.675,0.668,1.0,0.291,0.017,0
5655,84,1,4,0.939,0.619,0.573,0.0,0.126,0.147,0
5656,73,0,11,0.886,0.7,1.038,0.25,0.469,0.198,1
5657,59,1,11,0.809,0.429,0.674,0.0,0.231,0.029,0
5658,78,1,12,1.0,0.484,0.737,0.5,0.354,0.291,0
5659,49,1,7,0.734,0.644,0.407,0.0,-0.026,0.014,1
5660,31,0,10,0.842,0.491,0.755,0.25,0.588,0.148,0
5661,43,0,8,0.678,0.684,0.6,0.0,0.06,-0.228,0
5662,55,0,10,0.9,0.503,0.715,0.0,0.605,0.04,0
5663,59,1,8,0.786,0.523,0.578,0.0,0.191,0.147,0
5664,75,0,6,0.964,0.648,1.149,0.25,0.867,0.256,1
5665,60,0,4,0.759,0.731,0.54,0.25,0.157,-0.108,0
5666,45,0,7,0.932,0.612,0.662,1.0,0.02,0.028,0
5667,46,0,9,1.009,0.524,0.666,1.0,0.307,0.528,0
5668,74,0,5,0.847,0.591,0.526,0.0,-0.002,0.307,0
5669,66,0,10,0.99,0.518,0.832,0.25,0.494,0.234,1
5670,52,0,5,0.755,0.63,0.609,0.5,0.044,0.052,0
5671,83,0,4,0.423,0.712,0.532,0.75,-0.086,-0.477,1
5672,75,1,3,0.801,0.558,0.638,0.0,-0.032,0.026,0
5673,51,1,8,0.865,0.49,0.526,0.75,-0.141,0.257,1
5674,52,1,12,0.928,0.55,0.932,0.0,0.752,0.325,1
5675,64,1,9,0.965,0.538,0.735,0.0,-0.022,0.194,0
5676,50,1,11,0.939,0.587,0.931,0.0,0.506,0.188,0
5677,48,0,5,0.672,0.536,0.682,0.0,0.177,0.077,0
5678,55,1,12,0.875,0.606,0.991,0.0,0.49,-0.035,0
5679,68,0,9,1.181,0.589,0.696,1.0,0.09,0.561,0
5680,76,0,10,1.062,0.759,0.761,0.0,0.309,0.495,0
5681,82,1,5,0.923,0.608,0.687,0.25,0.115,0.267,1
5682,77,0,12,0.7,0.501,0.865,0.75,0.171,-0.135,0
5683,84,1,3,0.705,0.552,0.134,0.5,-0.647,-0.189,0
5684,51,1,11,0.856,0.467,1.136,0.0,0.593,-0.162,0
5685,79,1,3,0.974,0.7,0.477,0.0,-0.47,0.173,0
5686,82,1,9,1.026,0.653,0.746,0.0,-0.038,0.429,0
5687,36,1,4,0.774,0.56,0.78,0.25,0.135,-0.083,0
5688,72,1,5,1.07,0.691,0.746,0.0,0.592,0.269,0
5689,55,0,5,0.724,0.59,0.565,0.0,-0.215,0.01,0
5690,80,1,6,0.61,0.7,0.603,0.75,0.417,-0.411,1
5691,54,1,9,0.855,0.549,1.147,0.0,0.877,0.155,0
5692,40,1,8,0.849,0.618,0.452,1.0,-0.039,0.044,0
5693,76,1,5,0.949,0.775,0.632,0.5,0.255,0.119,0
5694,50,1,9,0.903,0.616,0.709,0.0,0.139,0.414,0
5695,59,1,5,0.831,0.762,1.035,0.0,0.335,0.14,0
5696,64,0,11,1.15,0.557,0.89,1.0,0.656,0.436,0
5697,55,1,8,0.868,0.359,0.774,0.0,0.606,0.223,0
5698,33,0,9,1.039,0.54,0.727,0.0,0.06,0.503,0
5699,62,0,9,0.835,0.574,0.521,0.25,0.049,0.299,0
5700,36,1,11,0.765,0.511,1.053,1.0,0.416,0.065,0
5701,30,1,6,0.749,0.652,0.883,0.5,0.546,-0.131,0
5702,79,1,11,0.992,0.716,0.951,0.25,0.319,0.039,0
5703,53,0,3,0.739,0.618,0.63,0.0,0.241,0.149,0
5704,38,1,11,0.883,0.609,0.634,0.75,0.053,0.358,0
5705,34,1,4,0.992,0.532,0.542,0.25,-0.082,0.235,0
5706,50,1,3,1.182,0.65,0.386,0.5,-0.407,0.439,0
5707,37,1,12,0.999,0.513,0.621,0.0,0.247,0.329,0
5708,68,0,7,0.798,0.567,0.807,0.5,0.289,0.187,0
5709,50,1,6,0.88,0.62,0.925,0.25,0.605,0.258,0
5710,61,1,4,0.694,0.75,0.579,1.0,-0.005,0.136,0
5711,58,1,4,0.939,0.626,0.486,0.5,0.215,-0.134,0
5712,60,0,4,0.961,0.612,0.622,0.0,0.072,0.33,0
5713,78,1,12,0.758,0.67,0.802,0.25,0.126,-0.033,0
5714,47,0,11,0.864,0.519,1.049,0.25,0.464,0.157,0
5715,78,0,4,0.996,0.594,0.691,0.5,0.483,-0.041,0
5716,81,1,6,0.642,0.652,0.491,0.0,0.24,0.012,0
5717,36,0,5,0.938,0.654,0.565,0.0,0.089,0.095,0
5718,43,1,3,0.847,0.619,0.473,1.0,0.105,0.06,0
5719,59,1,10,0.989,0.681,1.035,0.0,0.455,0.197,0
5720,67,0,7,0.756,0.669,0.503,0.0,-0.036,0.035,0
5721,73,1,10,0.883,0.56,0.807,0.0,0.354,0.123,0
5722,46,0,4,0.761,0.74,0.529,0.0,-0.3,-0.025,0
5723,34,1,7,0.98,0.48,0.743,0.0,0.491,0.115,0
5724,81,1,3,0.7,0.633,0.693,0.0,-0.007,-0.125,0
5725,74,1,5,0.914,0.526,0.537,0.0,0.34,-0.021,0
5726,74,0,11,0.987,0.517,0.814,0.0,0.176,0.222,0
5727,60,1,11,1.025,0.494,1.038,0.5,0.738,0.471,1
5728,48,0,10,0.807,0.611,0.624,0.0,0.116,0.007,1
5729,84,1,3,0.812,0.537,0.637,0.25,0.129,-0.0,0
5730,35,0,8,0.995,0.58,0.852,0.0,0.607,0.071,0
5731,66,1,9,0.702,0.64,1.02,0.75,0.262,-0.117,0
5732,70,0,11,0.69,0.591,0.639,0.75,0.428,-0.134,0
5733,78,1,5,0.91,0.603,0.695,0.0,0.394,0.464,0
5734,76,0,10,0.866,0.563,0.586,0.0,-0.114,0.0,1
5735,77,1,9,0.975,0.605,0.758,0.0,0.158,0.207,1
5736,72,1,12,0.999,0.463,0.698,0.75,0.129,0.158,0
5737,73,0,12,1.07,0.433,1.207,0.0,0.768,0.316,0
5738,68,0,5,0.756,0.698,0.65,0.0,-0.011,-0.074,0
5739,67,1,4,0.902,0.7,0.575,0.0,0.138,0.157,0
5740,69,0,5,0.626,0.642,0.532,0.0,-0.055,-0.074,0
5741,42,0,9,0.987,0.562,0.7,0.0,0.258,0.233,0
5742,43,0,5,0.829,0.602,0.62,0.25,0.248,0.003,0
5743,79,0,8,0.941,0.57,0.663,0.5,0.395,0.36,0
5744,75,1,10,0.803,0.612,0.987,0.0,0.316,-0.154,0
5745,76,1,6,1.034,0.621,0.7,0.25,0.296,0.29,0
5746,79,0,12,1.302,0.7,0.977,0.0,0.666,0.715,0
5747,84,0,3,0.744,0.521,0.268,0.75,-0.432,0.119,0
5748,48,1,9,0.7,0.565,0.936,0.0,0.557,-0.111,0
5749,51,1,4,1.005,0.71,0.345,0.0,-0.063,0.094,0
5750,46,1,9,1.017,0.666,0.7,0.0,0.092,0.341,0
5751,36,1,5,1.024,0.712,0.68,0.0,0.051,0.324,0
5752,63,0,12,0.836,0.616,0.681,0.25,0.5,0.051,0
5753,38,1,12,1.084,0.503,0.952,0.0,0.067,0.282,0
5754,75,0,7,0.98,0.795,0.703,0.0,0.461,0.139,1
5755,31,0,8,0.917,0.525,0.662,0.25,0.147,-0.008,0
5756,56,1,11,0.915,0.536,1.126,0.0,0.66,0.014,0
5757,69,0,11,0.813,0.511,0.82,0.5,0.358,0.234,0
5758,81,0,9,0.949,0.63,0.667,0.0,0.099,0.135,0
5759,32,0,8,0.704,0.608,0.783,0.25,0.264,0.005,0
5760,37,1,3,0.807,0.678,0.629,0.75,0.088,-0.014,0
5761,43,0,9,0.849,0.59,1.061,0.0,0.673,0.051,0
5762,69,0,12,0.878,0.605,0.845,0.75,0.36,0.26,1
5763,80,0,9,0.884,0.51,0.687,0.5,0.3,0.333,1
5764,54,0,11,0.877,0.689,0.814,0.0,0.262,0.051,1
5765,76,0,6,0.969,0.674,0.592,0.0,0.162,0.09,0
5766,81,1,6,0.786,0.7,0.541,0.75,0.124,0.021,1
5767,69,1,6,0.87,0.656,0.889,0.0,0.497,0.119,0
5768,77,1,5,0.74,0.596,0.699,0.0,0.279,0.194,0
5769,68,1,11,0.806,0.458,0.906,0.5,0.474,0.091,0
5770,58,0,9,0.819,0.619,0.758,0.0,0.255,0.174,0
5771,52,1,3,0.916,0.658,0.953,0.0,0.586,0.144,0
5772,40,1,10,1.007,0.668,0.686,0.75,-0.078,0.2,0
5773,78,0,4,0.619,0.524,0.311,0.0,-0.405,0.022,0
5774,75,0,8,1.074,0.622,0.674,0.75,0.267,0.253,0
5775,42,0,4,0.858,0.655,0.706,0.5,0.348,-0.079,0
5776,43,1,5,1.164,0.634,0.654,0.75,0.305,0.43,0
5777,59,1,5,0.761,0.811,0.539,0.5,0.127,0.061,0
5778,56,1,4,0.94,0.663,0.744,0.5,0.339,0.166,0
5779,45,1,6,0.777,0.483,0.753,1.0,0.031,0.073,0
5780,65,0,9,1.018,0.57,0.783,0.5,0.476,0.202,0
5781,45,1,9,1.126,0.648,0.918,0.0,0.576,0.141,1
5782,53,1,9,0.824,0.514,0.593,1.0,0.167,0.214,0
5783,70,0,11,1.022,0.492,0.948,0.0,0.372,0.274,0
5784,63,1,4,0.572,0.617,0.36,0.5,0.058,-0.159,0
5785,60,0,3,0.754,0.555,0.376,0.75,0.133,-0.09,0
5786,72,1,5,0.938,0.438,0.599,0.25,-0.282,0.238,0
5787,40,0,6,0.874,0.684,0.7,0.0,0.452,0.093,0
5788,77,1,3,0.813,0.565,0.872,0.5,0.433,0.131,0
5789,56,1,4,0.865,0.749,0.518,0.0,0.027,-0.194,0
5790,70,0,3,0.733,0.556,0.775,0.0,0.247,0.054,0
5791,73,1,10,0.965,0.477,1.112,0.25,0.336,0.197,1
5792,43,1,10,0.852,0.619,0.767,1.0,0.145,0.082,1
5793,58,0,10,0.958,0.619,0.784,0.0,0.626,0.201,0
5794,54,1,6,0.766,0.532,0.579,0.0,0.002,-0.23,0
5795,71,0,11,0.802,0.585,0.659,1.0,0.29,-0.047,1
5796,65,0,6,0.606,0.501,0.557,0.75,0.206,-0.24,0
5797,47,1,3,0.86,0.628,0.724,0.75,0.015,-0.099,0
5798,64,1,11,0.802,0.554,0.663,0.5,0.171,0.193,0
5799,81,1,3,0.948,0.651,0.7,1.0,-0.166,0.222,0
5800,83,0,3,0.831,0.629,0.7,0.0,-0.093,0.104,0
5801,51,0,5,0.91,0.51,0.715,1.0,0.322,0.09,0
5802,46,0,6,0.878,0.521,0.716,0.0,0.546,0.273,0
5803,43,1,9,0.925,0.621,0.644,0.0,0.371,0.045,0
5804,81,1,11,0.855,0.529,0.774,0.0,0.499,0.522,1
5805,51,0,6,0.799,0.61,0.917,0.0,0.482,-0.078,0
5806,81,0,8,0.7,0.513,0.885,0.25,0.546,0.004,1
5807,51,1,9,0.846,0.612,0.985,0.5,0.39,-0.134,0
5808,84,0,5,1.044,0.663,0.63,0.0,0.163,0.344,0
5809,46,1,3,0.656,0.578,0.687,0.0,0.347,-0.053,0
5810,79,1,8,0.981,0.619,0.783,0.0,0.272,0.143,0
5811,31,0,6,0.884,0.493,0.514,0.0,0.029,-0.051,0
5812,44,1,3,0.784,0.496,0.756,0.0,0.487,0.112,0
5813,69,0,4,0.805,0.543,0.498,0.0,0.319,0.134,0
5814,65,1,12,1.063,0.554,1.135,0.25,1.003,0.225,1
5815,65,0,12,1.119,0.617,0.886,0.75,0.437,0.362,0
5816,54,1,12,1.251,0.461,1.244,0.0,0.729,0.603,0
5817,81,0,11,0.88,0.56,1.08,0.5,0.635,0.307,1
5818,80,1,4,0.907,0.583,0.485,0.0,-0.239,0.323,0
5819,77,1,4,0.7,0.6,0.658,0.0,0.204,0.102,0
5820,53,0,6,0.879,0.604,0.642,0.5,0.038,0.115,0
5821,68,0,9,1.136,0.536,0.832,0.0,0.463,0.469,0
5822,72,0,4,0.896,0.678,0.971,0.25,0.566,0.163,0
5823,53,0,10,0.881,0.52,0.747,1.0,0.203,0.067,0
5824,40,1,6,0.847,0.58,0.591,0.75,0.173,0.159,0
5825,77,1,7,0.924,0.489,0.601,0.75,0.289,0.301,1
5826,44,1,11,1.028,0.379,1.142,0.0,0.729,0.356,0
5827,66,0,6,0.867,0.628,0.64,0.5,0.323,0.053,0
5828,50,0,8,0.7,0.631,1.022,0.0,0.585,-0.124,0
5829,30,0,10,0.892,0.695,0.467,0.0,-0.284,0.317,0
5830,54,1,6,0.977,0.497,0.695,1.0,0.21,0.161,0
5831,53,0,11,0.891,0.586,0.962,0.0,0.212,0.163,0
5832,43,0,8,0.7,0.676,0.945,0.5,0.21,-0.332,0
5833,56,1,12,0.951,0.453,1.154,0.5,0.62,0.291,1
5834,72,0,6,0.807,0.434,0.738,0.0,0.314,-0.127,0
5835,40,1,3,0.7,0.58,0.468,0.0,-0.167,-0.137,0
5836,33,1,9,0.841,0.623,0.576,0.5,0.373,0.001,0
5837,82,0,5,0.963,0.644,0.865,1.0,0.073,0.148,0
5838,56,1,11,1.057,0.553,0.926,0.0,0.47,0.425,0
5839,33,0,12,1.039,0.502,1.156,0.0,0.683,0.084,0
5840,51,0,7,0.8,0.487,0.753,0.0,0.352,-0.034,0
5841,56,1,8,0.984,0.593,0.522,0.75,-0.072,0.244,0
5842,76,1,9,0.934,0.499,0.876,0.25,0.5,0.193,0
5843,33,1,5,0.772,0.654,0.879,0.0,0.712,-0.304,0
5844,69,1,7,1.069,0.601,0.7,0.5,0.425,0.372,0
5845,59,0,9,0.913,0.594,1.019,0.0,0.783,0.213,0
5846,59,0,8,1.087,0.515,0.706,0.0,0.301,0.077,0
5847,37,1,5,0.803,0.602,0.7,1.0,-0.153,0.145,0
5848,50,1,11,0.877,0.606,0.302,0.0,0.059,0.269,0
5849,31,1,12,0.893,0.574,0.498,0.0,0.132,0.139,0
5850,60,0,11,1.046,0.634,0.847,0.25,0.267,0.28,0
5851,35,1,5,0.71,0.55,0.533,0.0,0.211,-0.076,0
5852,44,1,7,0.701,0.664,0.616,0.0,-0.042,-0.018,0
5853,35,1,4,0.859,0.78,0.701,0.25,0.149,0.115,0
5854,48,1,9,1.129,0.614,1.032,0.5,0.724,0.5,0
5855,45,0,6,0.801,0.588,0.639,0.25,0.17,-0.113,0
5856,56,1,8,1.054,0.601,0.747,1.0,0.047,0.346,0
5857,79,0,3,0.797,0.544,0.546,0.5,0.006,-0.067,0
5858,44,1,6,0.855,0.61,0.417,0.25,-0.198,0.069,0
5859,35,0,10,0.822,0.598,0.787,0.75,0.19,0.13,0
5860,38,0,7,0.668,0.66,0.7,0.0,0.361,-0.052,0
5861,68,1,8,0.856,0.576,0.716,0.0,0.407,0.102,0
5862,61,1,4,0.749,0.69,0.51,0.0,0.066,0.008,0
5863,53,0,11,1.018,0.474,1.006,1.0,0.437,0.179,0
5864,66,0,5,0.712,0.64,0.7,0.0,0.329,-0.043,0
5865,72,1,7,1.04,0.371,0.581,0.0,0.079,0.207,0
5866,70,1,3,0.842,0.675,0.7,0.25,0.55,-0.131,0
5867,54,0,11,0.778,0.647,0.703,1.0,0.352,0.126,0
5868,71,1,7,0.866,0.591,0.909,0.25,0.213,0.069,0
5869,70,0,12,1.309,0.603,0.859,1.0,0.658,0.477,1
5870,66,1,6,0.721,0.577,0.858,0.0,0.265,-0.288,0
5871,72,1,10,1.039,0.588,0.654,0.0,0.319,0.264,0
5872,65,1,10,0.669,0.577,0.516,0.0,-0.233,-0.4,0
5873,30,1,3,0.879,0.642,0.651,0.0,0.081,0.257,0
5874,65,0,7,0.933,0.521,0.752,0.0,0.34,0.201,0
5875,56,1,11,0.7,0.553,0.757,0.75,0.062,-0.033,0
5876,45,0,9,1.028,0.423,0.629,0.0,0.296,0.209,0
5877,66,0,3,1.021,0.571,0.308,0.5,-0.126,0.066,0
5878,67,1,11,1.13,0.633,1.069,1.0,0.629,0.489,0
5879,57,0,5,0.868,0.648,0.46,0.5,-0.019,0.148,0
5880,61,0,4,0.883,0.558,0.541,0.25,-0.057,-0.043,0
5881,69,1,10,0.874,0.569,0.549,0.0,0.102,0.031,1
5882,64,1,4,0.521,0.599,0.448,0.75,-0.002,-0.436,0
5883,48,0,3,0.851,0.651,0.85,0.5,0.342,0.063,0
5884,62,1,11,0.989,0.551,0.844,0.0,0.365,0.163,0
5885,64,0,7,0.824,0.642,0.487,0.25,-0.039,0.009,0
5886,49,0,12,1.069,0.442,0.7,0.0,0.131,0.522,0
5887,71,0,9,1.085,0.634,1.058,0.25,0.644,0.362,0
5888,45,0,5,0.979,0.471,0.7,0.5,0.132,0.288,0
5889,57,0,10,0.972,0.572,0.473,0.0,-0.126,0.13,0
5890,56,0,9,0.7,0.729,0.815,0.5,0.561,0.043,0
5891,75,0,10,0.995,0.477,1.1,1.0,0.787,0.296,1
5892,75,1,9,0.781,0.579,0.462,0.75,0.141,0.007,0
5893,78,1,5,0.859,0.71,0.633,0.5,0.42,0.016,0
5894,63,0,6,0.7,0.589,0.646,0.25,-0.112,-0.051,0
5895,46,1,10,0.78,0.644,0.853,0.0,0.494,0.287,0
5896,64,1,6,0.866,0.7,0.735,0.0,0.163,0.048,1
5897,34,1,8,0.849,0.643,0.858,0.25,0.143,-0.007,0
5898,82,1,6,0.744,0.581,0.386,0.0,-0.213,0.06,0
5899,73,0,3,0.755,0.654,0.686,0.0,0.154,0.029,0
5900,68,1,5,0.75,0.621,0.345,0.0,-0.358,-0.047,0
5901,73,0,8,0.787,0.371,0.625,1.0,0.122,0.117,0
5902,33,1,10,1.004,0.446,0.7,0.0,-0.03,0.07,0
5903,60,0,11,0.96,0.395,0.859,1.0,0.452,0.212,0
5904,36,0,9,0.905,0.527,0.7,0.0,0.337,0.099,0
5905,81,1,11,0.932,0.384,0.815,1.0,0.369,0.074,1
5906,56,0,4,0.84,0.544,0.713,0.5,0.261,-0.038,0
5907,81,0,5,0.829,0.565,0.582,0.5,0.352,0.07,0
5908,61,1,11,0.962,0.555,0.73,0.0,0.298,0.093,0
5909,58,0,9,0.991,0.563,0.559,0.25,0.187,0.102,0
5910,75,1,6,0.813,0.626,0.374,1.0,0.266,0.178,0
5911,60,1,9,0.856,0.552,0.866,0.0,0.416,-0.068,0
5912,50,1,6,0.837,0.779,0.686,0.0,0.139,0.251,0
5913,47,0,4,0.729,0.614,0.525,0.0,0.031,-0.132,0
5914,50,0,11,1.125,0.47,0.77,0.0,0.228,0.425,0
5915,83,1,8,0.851,0.644,0.575,1.0,0.189,0.042,0
5916,34,0,9,0.7,0.456,1.043,1.0,0.504,-0.099,0
5917,35,1,8,0.833,0.526,0.693,0.0,0.347,0.052,0
5918,31,1,6,0.828,0.572,0.701,0.5,0.195,0.136,0
5919,64,1,10,1.009,0.624,0.83,0.75,0.603,0.234,0
5920,39,1,4,0.601,0.642,0.406,0.25,-0.017,-0.345,1
5921,49,0,7,0.651,0.531,0.775,0.25,0.394,-0.141,0
5922,47,1,7,0.862,0.7,0.999,0.0,0.618,0.041,0
5923,61,1,11,0.947,0.508,0.85,0.5,0.426,0.188,0
5924,75,1,4,0.753,0.535,0.794,0.0,0.342,0.284,0
5925,73,1,3,0.744,0.658,0.614,0.0,-0.312,0.12,0
5926,59,0,12,0.975,0.543,0.787,0.75,0.434,0.363,0
5927,41,0,4,0.765,0.515,0.431,0.0,-0.218,-0.057,0
5928,60,1,9,0.994,0.585,0.987,0.25,0.304,0.198,0
5929,48,1,10,1.006,0.695,0.838,1.0,0.431,0.341,0
5930,39,0,5,0.759,0.609,0.63,0.75,-0.07,0.107,0
5931,45,0,4,0.897,0.682,0.236,0.0,-0.275,0.157,0
5932,58,0,4,0.654,0.642,0.709,0.0,0.266,-0.361,0
5933,64,1,6,0.946,0.572,0.425,0.0,-0.231,0.019,0
5934,80,0,12,1.014,0.52,1.113,0.0,0.71,0.084,0
5935,82,1,4,0.865,0.616,0.127,0.0,-0.496,0.128,0
5936,84,0,7,0.76,0.641,0.767,0.25,0.229,0.194,1
5937,52,0,12,0.897,0.51,0.762,0.0,0.185,0.017,0
5938,64,1,12,0.736,0.466,1.103,0.0,0.876,0.042,0
5939,36,1,8,1.007,0.525,0.692,0.25,0.299,0.164,0
5940,36,0,11,1.016,0.639,1.079,0.0,0.586,0.375,0
5941,66,0,7,0.931,0.541,0.649,1.0,0.253,0.255,0
5942,78,1,4,0.798,0.606,0.556,0.25,0.35,0.053,1
5943,37,0,3,0.701,0.555,0.52,0.5,0.111,0.001,0
5944,32,1,11,0.774,0.484,0.947,0.5,0.535,0.074,0
5945,75,0,10,0.809,0.494,0.692,0.25,0.113,-0.123,1
5946,70,0,10,0.813,0.489,0.762,0.0,0.527,0.189,0
5947,84,0,3,0.902,0.46,0.196,0.0,-0.319,0.138,0
5948,52,1,9,0.712,0.7,0.854,0.0,0.519,-0.052,0
5949,51,0,11,1.037,0.486,0.887,0.25,0.204,0.379,0
5950,64,0,3,0.728,0.594,0.276,0.75,-0.424,-0.082,0
5951,40,1,5,0.636,0.565,0.582,0.25,-0.096,-0.045,0
5952,66,1,4,0.79,0.571,0.679,0.5,0.1,-0.225,0
5953,54,0,6,0.793,0.568,0.537,0.5,-0.114,0.039,0
5954,53,0,9,0.927,0.697,0.688,0.5,0.535,0.183,0
5955,82,1,9,1.067,0.497,0.974,0.0,0.274,0.472,0
5956,32,0,10,0.857,0.671,0.735,0.5,0.228,0.157,0
5957,82,0,8,0.873,0.507,0.788,0.0,0.32,0.052,0
5958,68,0,9,0.82,0.518,0.928,0.0,0.756,0.16,1
5959,83,1,12,0.932,0.526,0.899,0.25,0.512,0.232,0
5960,78,1,7,0.987,0.501,0.872,0.0,0.004,0.287,0
5961,73,0,12,0.936,0.622,0.7,0.5,0.419,0.155,1
5962,46,0,10,0.993,0.435,0.917,0.0,0.447,0.184,0
5963,60,0,8,0.882,0.603,0.563,0.75,-0.081,0.112,0
5964,71,0,11,0.958,0.639,0.654,0.0,-0.069,0.21,0
5965,68,1,7,0.988,0.57,0.921,0.0,0.246,0.288,0
5966,36,1,6,0.955,0.48,0.683,0.0,0.083,0.249,0
5967,30,0,9,0.911,0.469,0.756,0.25,0.241,0.21,0
5968,54,1,12,0.926,0.656,0.992,0.5,0.387,0.071,1
5969,68,1,4,0.801,0.515,0.298,0.25,-0.372,0.149,0
5970,84,0,4,0.714,0.569,0.438,0.5,-0.124,0.173,1
5971,55,0,8,1.077,0.494,0.572,0.0,0.314,0.406,0
5972,68,0,5,0.94,0.769,0.724,0.25,0.522,0.25,0
5973,59,1,8,0.876,0.631,0.762,0.5,0.462,-0.122,0
5974,72,0,8,1.018,0.52,0.659,0.0,0.244,0.348,0
5975,57,0,3,0.841,0.605,0.535,0.25,0.223,0.058,0
5976,69,0,10,0.823,0.557,0.44,0.5,-0.26,-0.049,0
5977,54,1,12,1.021,0.554,0.832,0.0,0.569,0.313,0
5978,70,0,7,0.722,0.627,0.723,0.75,0.127,-0.138,0
5979,71,0,12,0.7,0.749,0.863,0.5,0.553,0.002,0
5980,70,0,9,0.78,0.497,0.529,0.0,0.007,-0.156,0
5981,75,0,10,0.7,0.567,0.777,0.25,0.431,0.056,0
5982,73,0,9,0.681,0.553,0.968,0.5,0.596,-0.016,1
5983,61,1,10,0.702,0.484,0.947,0.25,0.41,0.113,0
5984,41,1,10,0.987,0.483,0.605,0.25,0.09,0.262,0
5985,54,1,6,0.867,0.64,0.549,0.25,-0.116,0.053,0
5986,58,0,4,0.847,0.798,0.86,1.0,0.381,0.054,0
5987,42,0,12,1.15,0.508,0.82,0.0,0.324,0.297,0
5988,49,0,5,0.599,0.523,0.624,0.25,-0.05,-0.158,0
5989,31,1,12,0.934,0.436,0.824,0.5,0.228,0.237,0
5990,51,0,3,0.782,0.452,0.7,0.5,0.017,0.082,0
5991,51,1,9,0.918,0.47,0.662,0.25,0.115,0.099,0
5992,60,1,7,1.018,0.515,0.573,0.25,0.018,0.486,0
5993,64,1,9,0.736,0.583,0.705,0.0,0.269,0.067,0
5994,52,1,5,0.624,0.61,1.178,0.0,0.649,-0.175,0
5995,31,1,11,0.886,0.7,1.031,0.75,0.188,0.139,1
5996,30,0,4,0.808,0.497,0.469,0.0,0.08,-0.114,0
5997,81,1,7,0.882,0.604,0.7,0.0,0.382,0.116,0
5998,34,1,11,0.832,0.54,1.224,0.0,0.665,-0.213,0
5999,34,1,12,0.897,0.531,0.725,0.0,0.428,0.307,0
6000,65,0,3,0.811,0.685,0.532,0.75,0.149,-0.108,0
6001,61,1,11,1.067,0.512,0.914,0.75,0.509,0.291,0
6002,59,1,3,0.693,0.553,0.542,0.75,0.099,-0.182,0
6003,50,1,5,0.877,0.618,0.478,0.5,-0.273,0.149,1
6004,77,0,3,0.917,0.734,0.523,1.0,0.087,0.385,0
6005,81,1,9,0.797,0.713,0.624,0.5,-0.098,-0.207,0
6006,62,0,10,0.859,0.431,0.887,0.75,0.56,-0.193,0
6007,66,1,5,0.87,0.7,0.309,0.5,0.156,0.011,0
6008,38,1,8,0.904,0.605,0.654,0.0,0.225,-0.023,0
6009,51,0,9,1.079,0.456,1.127,0.0,0.64,0.398,1
6010,52,1,6,0.792,0.538,0.733,0.25,0.17,-0.244,0
6011,48,0,12,0.829,0.577,0.816,0.0,0.412,-0.078,0
6012,30,0,6,0.859,0.617,0.694,1.0,0.136,0.32,0
6013,78,1,7,0.858,0.63,0.69,1.0,0.178,0.191,1
6014,73,1,9,0.862,0.63,0.751,0.25,0.269,0.18,1
6015,61,0,7,0.93,0.421,0.938,0.0,0.595,-0.018,0
6016,36,1,12,1.158,0.694,0.901,0.0,0.087,0.437,0
6017,60,1,9,0.911,0.522,0.811,0.75,0.506,0.306,0
6018,33,1,10,0.983,0.673,0.789,0.0,0.504,0.369,0
6019,76,1,11,0.945,0.556,0.635,1.0,0.396,0.296,0
6020,67,1,10,1.055,0.447,0.487,0.0,0.366,0.43,0
6021,76,1,11,1.112,0.583,0.821,0.0,0.287,0.136,0
6022,47,1,4,0.811,0.59,0.808,0.0,0.336,0.049,0
6023,45,1,9,0.889,0.594,0.653,0.0,0.17,0.221,0
6024,57,1,4,0.839,0.577,0.351,0.5,-0.105,0.39,0
6025,77,0,9,0.914,0.56,0.621,0.5,-0.451,0.167,0
6026,36,0,3,0.838,0.63,0.601,1.0,-0.047,0.008,0
6027,56,1,6,0.7,0.472,0.48,0.0,0.111,0.0,0
6028,74,0,4,0.709,0.52,0.634,0.5,0.192,0.027,0
6029,31,1,8,1.127,0.57,0.71,0.25,0.115,0.405,0
6030,58,0,6,0.899,0.53,0.696,0.0,0.287,0.083,1
6031,67,1,10,0.826,0.528,0.964,0.0,0.473,0.19,1
6032,77,0,7,0.7,0.588,0.204,0.0,0.025,0.079,0
6033,45,0,10,0.704,0.553,0.718,1.0,0.387,-0.118,0
6034,35,0,4,0.786,0.624,0.56,0.25,0.168,0.169,0
6035,59,1,9,0.722,0.608,0.652,0.0,-0.126,0.025,0
6036,30,1,12,1.155,0.587,1.151,0.25,0.494,0.301,0
6037,39,1,9,1.054,0.427,0.762,0.5,0.489,0.531,0
6038,77,0,4,0.937,0.725,0.683,0.75,0.157,0.14,1
6039,32,1,5,0.759,0.581,0.673,0.0,0.197,-0.068,0
6040,41,0,4,0.721,0.657,0.512,0.0,0.009,-0.014,0
6041,57,0,5,0.685,0.552,0.515,0.0,0.197,-0.011,0
6042,69,0,3,0.774,0.437,0.703,0.25,0.272,0.153,0
6043,78,0,7,0.753,0.67,0.73,0.0,0.175,0.059,0
6044,73,0,6,1.006,0.523,0.747,0.0,0.488,0.36,0
6045,60,1,8,0.7,0.541,0.902,0.0,0.123,-0.321,0
6046,40,1,10,0.889,0.57,0.84,0.0,0.156,0.07,0
6047,45,1,4,0.669,0.719,0.365,0.0,0.014,-0.009,0
6048,71,1,5,0.713,0.617,0.772,0.25,0.283,-0.057,0
6049,45,1,8,0.81,0.576,0.984,0.0,0.701,0.276,0
6050,80,1,10,0.653,0.514,0.682,0.75,0.346,0.018,1
6051,62,1,10,0.858,0.673,0.944,0.75,0.214,0.219,0
6052,59,1,7,0.824,0.615,0.454,0.0,-0.09,0.261,0
6053,73,1,10,1.037,0.464,0.891,0.0,0.354,0.339,0
6054,43,0,3,0.886,0.709,0.353,0.0,-0.183,0.158,0
6055,37,0,10,0.745,0.586,0.68,1.0,0.017,-0.041,0
6056,53,0,3,0.555,0.514,0.836,0.0,0.322,-0.343,0
6057,43,0,12,0.766,0.609,0.748,0.25,0.305,-0.074,0
6058,80,0,5,0.68,0.507,0.441,0.5,-0.021,0.003,0
6059,46,0,10,0.95,0.544,1.057,0.25,0.917,-0.003,0
6060,33,1,5,0.699,0.622,0.872,0.0,0.172,-0.071,0
6061,51,1,6,0.625,0.546,0.7,0.25,0.499,-0.094,1
6062,67,1,5,0.759,0.624,0.532,0.25,0.063,-0.068,0
6063,47,1,7,0.915,0.651,0.646,0.0,-0.004,0.196,0
6064,53,0,7,0.736,0.574,0.545,0.25,0.025,-0.118,0
6065,51,0,3,0.75,0.559,0.473,0.5,-0.227,-0.045,0
6066,83,1,8,0.864,0.488,0.939,0.75,0.692,0.04,1
6067,54,1,11,0.928,0.717,0.462,0.25,0.163,0.03,1
6068,38,1,7,0.818,0.579,0.646,0.0,0.143,0.125,0
6069,75,1,3,0.801,0.676,0.758,0.75,0.478,-0.084,0
6070,36,0,3,0.7,0.612,0.134,0.25,-0.207,-0.077,0
6071,30,0,6,0.85,0.631,0.388,0.5,-0.074,0.237,0
6072,79,0,6,0.88,0.591,0.681,0.0,0.269,-0.049,0
6073,73,1,7,0.988,0.511,0.469,0.5,0.164,0.186,0
6074,73,1,5,0.832,0.651,0.616,1.0,0.172,0.173,1
6075,64,0,3,0.869,0.589,0.632,1.0,0.269,0.126,0
6076,61,1,3,0.865,0.565,0.343,0.0,-0.277,0.191,0
6077,62,0,8,0.862,0.494,0.702,0.0,0.35,0.173,0
6078,57,1,6,0.97,0.533,0.627,1.0,0.32,0.31,0
6079,84,1,3,0.788,0.629,0.438,0.25,0.009,-0.204,0
6080,64,1,5,0.84,0.62,0.727,0.5,-0.026,0.061,0
6081,77,0,6,0.907,0.51,0.233,0.25,-0.414,0.141,0
6082,33,0,7,1.086,0.687,0.689,0.0,0.01,0.354,0
6083,40,1,9,0.951,0.662,0.585,0.0,0.215,0.057,0
6084,45,1,5,0.783,0.45,0.474,0.0,0.045,0.227,0
6085,47,0,11,0.952,0.582,0.709,0.0,0.174,0.447,0
6086,42,0,7,0.89,0.719,0.893,0.0,0.146,0.098,0
6087,47,0,6,0.646,0.626,0.836,0.75,0.304,-0.014,0
6088,56,0,11,0.853,0.478,0.569,0.75,0.051,0.046,0
6089,30,0,10,0.831,0.534,0.665,1.0,0.278,-0.066,0
6090,72,0,3,0.866,0.584,0.658,0.0,0.218,0.156,0
6091,50,1,11,0.64,0.542,0.786,1.0,0.328,-0.038,1
6092,61,0,5,0.811,0.683,0.449,0.0,0.038,-0.243,0
6093,55,0,11,0.727,0.515,0.749,0.5,0.462,0.065,0
6094,66,0,11,0.725,0.594,0.918,0.5,0.71,0.001,0
6095,35,1,11,1.013,0.521,0.58,1.0,0.051,0.029,0
6096,73,0,10,1.123,0.554,0.93,0.0,0.891,0.279,0
6097,45,0,8,0.932,0.539,0.569,0.0,-0.053,0.215,0
6098,41,0,3,0.928,0.466,0.725,0.0,0.482,0.15,0
6099,79,0,8,0.898,0.494,1.051,0.0,0.724,0.111,0
6100,46,1,6,0.926,0.587,0.585,0.25,0.241,-0.069,0
6101,43,0,7,1.033,0.613,0.69,0.0,0.14,0.473,0
6102,43,1,9,0.763,0.54,0.7,0.0,-0.143,0.113,0
6103,47,1,5,0.663,0.547,0.741,0.0,0.154,-0.096,0
6104,49,1,6,0.891,0.665,0.633,0.5,0.001,-0.024,0
6105,70,0,11,0.87,0.682,0.831,0.5,-0.048,0.114,0
6106,37,1,9,0.947,0.524,0.679,0.5,0.009,0.231,0
6107,39,0,8,0.905,0.463,0.757,0.0,0.335,0.146,0
6108,46,1,12,1.13,0.557,0.76,0.0,0.678,0.385,1
6109,64,1,7,0.718,0.52,0.642,0.0,0.254,0.218,0
6110,45,0,5,0.979,0.684,0.674,1.0,-0.026,0.225,0
6111,73,1,8,0.747,0.549,0.852,0.25,0.306,0.228,0
6112,71,0,10,0.895,0.515,0.7,0.0,0.266,0.219,0
6113,36,0,11,1.071,0.703,1.08,0.0,0.606,0.34,0
6114,57,1,5,1.021,0.541,0.769,1.0,0.215,0.107,0
6115,70,0,3,0.907,0.596,0.538,0.0,0.066,0.22,0
6116,67,1,4,0.857,0.519,0.447,0.0,-0.179,-0.018,0
6117,42,1,8,0.7,0.618,0.855,0.5,0.239,0.003,0
6118,68,1,4,0.757,0.615,0.473,0.75,0.052,0.158,1
6119,75,0,9,0.858,0.583,0.808,1.0,0.01,0.052,0
6120,32,0,7,0.784,0.722,0.906,0.0,0.434,0.045,0
6121,45,1,3,1.054,0.544,0.343,0.25,-0.272,0.301,0
6122,70,0,7,0.841,0.514,0.71,0.5,0.6,0.242,0
6123,65,1,11,0.859,0.498,0.676,0.25,0.47,0.031,0
6124,44,1,10,0.876,0.505,1.131,1.0,0.797,-0.052,0
6125,65,1,10,0.745,0.553,0.838,0.0,0.366,0.257,0
6126,79,0,6,0.73,0.674,0.958,0.0,0.622,-0.204,0
6127,59,1,10,0.973,0.469,0.683,0.0,0.247,0.145,0
6128,76,0,7,0.735,0.636,0.423,0.0,-0.068,-0.012,0
6129,43,1,5,0.825,0.624,0.515,0.75,-0.078,0.125,0
6130,59,1,9,0.7,0.495,0.57,0.0,0.191,-0.087,0
6131,74,0,3,0.575,0.627,0.682,0.0,0.448,-0.039,0
6132,32,0,8,0.753,0.579,0.415,0.0,-0.151,-0.156,0
6133,50,0,9,0.722,0.604,1.223,0.0,0.502,0.022,0
6134,63,1,12,0.924,0.601,0.886,0.0,0.532,0.131,0
6135,67,1,12,0.965,0.7,0.862,0.0,0.277,0.261,0
6136,58,1,9,0.899,0.572,0.829,0.5,0.102,0.16,0
6137,77,0,10,0.914,0.509,0.606,0.0,-0.204,-0.055,0
6138,57,1,7,0.879,0.654,0.633,0.0,0.344,-0.082,0
6139,47,1,8,0.829,0.597,0.869,0.25,0.558,0.262,0
6140,72,0,4,0.734,0.699,0.475,0.0,0.128,-0.242,0
6141,45,0,5,0.823,0.507,0.781,0.25,0.152,-0.003,0
6142,79,0,9,0.858,0.478,0.664,0.0,0.469,0.194,0
6143,78,1,5,0.711,0.589,0.903,0.0,0.709,0.123,0
6144,38,0,10,0.757,0.491,0.611,0.0,0.261,0.051,0
6145,58,0,12,1.023,0.481,0.7,0.5,0.203,0.541,0
6146,35,1,3,0.847,0.573,0.155,1.0,-0.108,0.147,0
6147,61,1,6,0.854,0.683,0.694,0.75,0.158,0.001,0
6148,65,0,5,0.799,0.685,0.73,1.0,0.576,0.098,0
6149,42,1,10,0.907,0.574,0.754,0.5,0.525,0.197,0
6150,80,1,10,0.821,0.519,1.033,0.0,0.351,0.053,1
6151,40,1,4,0.931,0.557,0.888,0.0,0.311,0.093,0
6152,36,0,11,0.793,0.621,1.085,0.0,0.606,-0.143,0
6153,33,0,3,0.818,0.518,0.626,1.0,0.244,0.214,0
6154,73,1,10,1.159,0.58,0.929,0.5,0.158,0.353,0
6155,81,1,4,0.908,0.698,0.793,0.0,0.043,0.219,1
6156,84,1,9,0.95,0.686,0.906,0.0,0.642,0.163,0
6157,51,1,10,0.644,0.458,0.744,0.25,0.326,-0.183,1
6158,73,0,7,0.957,0.652,0.338,0.5,-0.184,0.008,0
6159,71,0,11,1.098,0.587,0.845,1.0,0.461,0.417,0
6160,56,1,10,0.996,0.613,0.538,0.5,0.232,0.107,1
6161,65,1,12,1.121,0.655,0.809,0.0,0.552,0.144,0
6162,84,1,11,1.053,0.633,0.632,0.25,0.234,0.369,0
6163,60,0,9,0.84,0.552,0.685,0.25,0.576,-0.05,0
6164,84,1,7,0.783,0.439,0.467,0.0,0.11,-0.071,0
6165,39,0,3,0.92,0.553,0.668,0.5,0.333,0.253,0
6166,63,0,10,0.955,0.555,0.782,0.0,0.475,0.147,0
6167,65,0,5,0.892,0.585,0.7,0.25,0.327,0.119,0
6168,35,1,5,0.893,0.637,0.752,0.0,0.455,0.015,0
6169,58,1,3,0.789,0.603,0.673,0.0,0.392,0.137,0
6170,61,0,6,0.945,0.615,0.584,0.0,0.072,0.232,0
6171,64,0,11,0.95,0.495,0.7,0.5,0.331,0.025,1
6172,36,0,6,0.917,0.649,0.626,0.0,-0.21,0.338,0
6173,63,0,11,1.169,0.526,0.713,0.25,0.185,0.4,0
6174,83,1,10,0.956,0.516,0.7,0.25,0.278,0.1,1
6175,59,0,9,1.169,0.566,0.813,0.25,0.594,0.517,1
6176,42,0,3,0.574,0.564,0.706,0.25,0.006,-0.342,0
6177,45,0,12,0.996,0.611,0.898,0.0,0.238,0.234,0
6178,39,0,12,1.034,0.524,0.979,0.0,0.657,0.302,0
6179,82,1,8,0.955,0.743,0.679,0.0,0.143,0.197,0
6180,61,0,8,1.067,0.7,0.898,0.25,0.367,0.553,0
6181,71,0,7,0.855,0.798,0.595,0.0,0.304,0.071,0
6182,45,0,5,0.82,0.652,0.881,0.5,0.253,0.205,0
6183,41,1,10,0.858,0.715,0.733,0.0,0.243,-0.031,0
6184,66,0,8,0.811,0.548,0.973,0.5,0.685,0.184,0
6185,71,1,12,0.853,0.503,1.115,1.0,0.671,0.144,0
6186,41,0,11,0.917,0.439,0.884,0.0,0.564,0.178,1
6187,77,0,9,0.86,0.588,0.649,0.0,0.049,0.255,0
6188,81,1,9,1.086,0.628,1.081,0.25,0.789,0.33,1
6189,39,0,11,0.913,0.514,0.746,0.5,0.046,-0.01,1
6190,38,0,11,1.083,0.59,0.942,0.5,0.404,0.28,0
6191,79,0,6,0.845,0.7,0.747,0.0,0.092,0.069,1
6192,74,0,11,0.98,0.387,0.822,0.25,0.288,0.091,1
6193,58,0,4,0.767,0.591,0.696,0.25,0.209,0.129,0
6194,68,0,11,0.907,0.646,0.7,0.25,0.049,0.162,0
6195,83,0,10,0.748,0.586,0.843,0.75,0.26,0.257,0
6196,72,1,5,0.826,0.551,0.522,1.0,0.205,0.05,0
6197,54,1,10,0.877,0.528,0.683,0.0,-0.017,0.203,0
6198,70,0,4,0.835,0.535,0.419,1.0,-0.033,-0.075,0
6199,64,0,6,0.655,0.613,0.583,0.0,-0.023,-0.18,0
6200,66,0,9,0.7,0.528,0.917,0.0,0.686,-0.051,1
6201,33,1,5,0.862,0.601,0.427,0.0,-0.124,0.19,0
6202,72,0,11,0.762,0.721,0.96,0.0,0.353,0.29,0
6203,35,0,7,0.965,0.573,0.831,0.0,0.297,0.21,0
6204,65,1,9,1.071,0.567,0.7,0.0,-0.0,0.204,0
6205,36,0,4,0.867,0.707,0.582,0.0,0.239,0.361,0
6206,70,1,8,0.947,0.7,0.482,0.5,0.003,0.193,1
6207,49,0,6,0.814,0.616,0.628,0.0,0.332,0.205,0
6208,47,1,11,0.682,0.421,0.847,0.75,0.384,-0.097,0
6209,75,0,5,0.674,0.591,0.476,0.25,-0.006,-0.181,1
6210,37,0,5,0.932,0.575,0.778,1.0,0.181,0.232,0
6211,80,0,3,0.775,0.579,0.139,0.0,-0.353,0.048,0
6212,42,1,12,0.67,0.559,1.181,0.0,0.625,-0.0,0
6213,82,0,12,0.855,0.378,0.766,0.75,0.104,0.155,0
6214,80,0,6,0.777,0.533,0.717,0.75,0.496,0.033,0
6215,74,0,4,0.794,0.627,0.523,1.0,0.293,-0.014,0
6216,34,0,7,0.714,0.664,0.685,0.0,0.473,0.014,0
6217,82,0,4,1.019,0.769,0.539,0.0,-0.047,0.306,0
6218,75,0,4,0.621,0.569,0.542,0.25,0.02,-0.18,0
6219,76,1,11,1.149,0.703,0.837,0.0,0.383,0.29,1
6220,57,1,6,0.83,0.556,0.597,0.0,0.088,0.272,0
6221,55,0,5,0.815,0.68,0.84,0.0,0.395,-0.009,1
6222,44,1,3,0.8,0.561,0.591,0.5,0.252,0.056,0
6223,32,0,3,0.755,0.863,0.753,0.0,0.338,-0.005,0
6224,36,1,4,1.046,0.614,0.579,1.0,0.017,0.162,0
6225,47,1,3,0.822,0.64,0.574,1.0,0.581,0.306,0
6226,78,1,4,0.772,0.639,0.851,1.0,0.411,0.118,1
6227,62,1,6,0.89,0.458,0.935,0.5,0.607,0.112,0
6228,48,1,6,1.026,0.551,0.498,1.0,0.123,0.468,0
6229,52,0,6,0.785,0.632,0.692,0.5,-0.026,0.135,0
6230,32,1,10,0.845,0.411,0.557,0.0,0.07,0.162,0
6231,43,0,10,0.968,0.527,1.068,1.0,0.672,0.273,0
6232,42,0,11,1.077,0.606,0.613,0.0,-0.014,0.294,0
6233,55,0,8,0.849,0.591,0.878,0.0,0.2,0.064,0
6234,69,1,9,0.9,0.497,0.858,0.0,0.449,0.201,0
6235,74,1,4,0.788,0.562,0.588,0.0,0.197,0.032,0
6236,59,0,12,0.986,0.472,1.044,1.0,0.509,0.364,0
6237,51,0,5,0.945,0.645,0.682,0.25,0.072,0.1,0
6238,30,0,5,0.617,0.7,0.708,1.0,0.332,-0.251,0
6239,35,0,11,1.033,0.595,0.98,0.25,0.57,0.233,0
6240,59,0,3,1.046,0.615,0.535,0.75,-0.088,0.172,0
6241,67,1,11,0.773,0.594,0.751,1.0,0.201,-0.007,0
6242,67,0,12,1.133,0.547,0.908,0.25,0.643,0.395,0
6243,81,1,11,0.842,0.7,0.95,0.25,0.716,0.195,1
6244,54,0,3,0.708,0.596,0.516,0.5,-0.107,-0.15,0
6245,69,0,11,0.936,0.634,0.714,0.0,-0.004,0.361,0
6246,52,1,7,0.736,0.596,0.653,0.0,0.374,-0.05,0
6247,33,0,8,0.862,0.616,0.696,0.75,0.142,0.175,0
6248,84,0,3,0.836,0.611,0.716,0.75,0.203,0.113,0
6249,44,1,3,0.988,0.633,0.458,1.0,-0.105,0.14,1
6250,65,1,7,0.733,0.734,0.728,0.5,0.584,0.059,0
6251,43,0,12,1.136,0.6,0.7,0.5,0.231,0.447,0
6252,42,1,5,0.805,0.546,0.813,0.0,0.316,0.007,0
6253,37,0,10,0.895,0.648,0.998,0.0,0.532,0.385,0
6254,39,1,10,0.812,0.62,0.917,0.25,0.446,0.073,0
6255,51,0,12,1.074,0.527,1.003,0.5,0.21,0.419,0
6256,80,0,3,0.836,0.622,0.633,0.5,0.165,0.354,0
6257,83,0,10,0.825,0.517,0.85,0.5,-0.076,0.231,1
6258,46,0,6,0.815,0.701,0.798,0.0,0.458,0.12,0
6259,53,1,6,0.902,0.586,0.617,0.25,-0.145,0.171,0
6260,66,0,6,0.684,0.621,0.969,0.0,0.423,-0.081,1
6261,76,1,11,1.01,0.587,0.812,0.0,0.474,0.265,0
6262,64,0,4,0.592,0.508,0.556,0.75,-0.016,0.052,0
6263,52,1,10,1.005,0.481,0.841,0.0,0.046,0.163,0
6264,57,0,11,0.809,0.603,0.781,0.5,0.265,0.042,0
6265,66,0,8,0.955,0.586,0.877,0.0,0.187,0.11,0
6266,49,0,11,1.003,0.7,0.996,0.0,0.605,0.323,0
6267,34,0,5,0.74,0.636,0.412,0.0,0.335,-0.055,0
6268,44,0,11,0.84,0.525,0.704,0.0,0.483,0.115,0
6269,59,1,12,1.045,0.531,0.733,0.5,0.397,0.245,1
6270,54,0,4,0.944,0.661,0.442,0.25,-0.355,0.274,0
6271,56,1,4,0.799,0.561,0.571,0.0,0.164,-0.102,0
6272,69,1,5,0.857,0.539,0.886,0.5,0.315,0.113,0
6273,58,1,5,0.848,0.564,0.604,0.25,0.276,0.151,0
6274,77,0,11,0.738,0.608,0.975,0.0,0.356,-0.069,1
6275,56,1,11,0.95,0.689,0.863,0.0,0.629,0.251,0
6276,76,1,10,1.028,0.565,1.052,0.5,0.549,0.305,1
6277,31,1,3,0.661,0.572,0.599,0.5,0.373,-0.046,0
6278,30,0,6,0.822,0.589,0.568,0.75,0.046,-0.015,0
6279,46,1,9,0.906,0.63,0.671,0.5,0.28,0.359,1
6280,47,0,3,0.933,0.677,0.654,0.5,0.496,0.442,1
6281,64,1,10,1.059,0.467,0.671,0.25,0.144,0.348,0
6282,52,1,8,0.946,0.37,0.706,0.0,-0.087,0.321,0
6283,33,1,4,0.536,0.694,0.569,1.0,0.178,-0.242,0
6284,70,1,12,1.085,0.667,0.751,0.0,0.22,0.357,0
6285,31,1,11,0.812,0.504,0.722,0.25,0.023,-0.038,0
6286,84,0,8,0.904,0.602,0.75,0.25,0.249,0.17,0
6287,66,0,12,0.824,0.811,0.878,0.0,0.279,-0.04,0
6288,69,1,3,0.969,0.61,0.516,0.0,0.107,0.116,0
6289,80,1,8,0.726,0.515,0.633,0.0,0.134,0.177,1
6290,76,0,3,0.942,0.525,0.757,0.0,0.216,0.24,0
6291,76,1,9,0.776,0.687,1.062,0.0,0.66,-0.04,0
6292,65,1,12,1.028,0.55,0.805,0.75,0.435,0.181,0
6293,84,0,11,0.981,0.525,1.038,0.0,0.635,-0.103,0
6294,33,0,10,1.02,0.59,0.926,0.25,0.556,0.285,0
6295,35,1,8,0.948,0.493,0.906,0.0,0.709,0.155,0
6296,40,0,10,1.018,0.537,1.027,0.0,1.005,0.377,0
6297,81,0,6,0.668,0.523,0.619,0.75,0.222,-0.108,0
6298,34,1,5,0.754,0.619,0.755,0.0,0.158,-0.078,0
6299,51,1,4,0.873,0.623,0.459,0.0,-0.218,0.173,0
6300,38,1,11,0.837,0.543,0.7,0.0,0.263,0.113,0
6301,32,0,7,0.893,0.575,0.77,0.0,0.188,0.347,0
6302,70,0,10,1.039,0.547,0.957,0.5,0.605,0.188,1
6303,60,0,4,0.7,0.648,0.563,1.0,0.156,0.087,0
6304,78,1,8,0.871,0.64,0.715,0.25,-0.018,0.061,0
6305,61,0,9,0.91,0.591,0.701,0.0,0.374,0.098,0
6306,56,1,9,1.09,0.484,0.369,0.0,-0.248,0.319,1
6307,45,1,8,0.769,0.438,0.713,0.5,0.187,0.284,0
6308,74,1,4,0.686,0.664,0.554,0.0,0.255,-0.085,0
6309,48,1,10,1.012,0.5,0.97,0.25,0.644,0.198,0
6310,60,0,4,0.95,0.521,0.836,0.25,0.285,0.325,0
6311,72,1,3,0.838,0.482,0.7,0.5,0.204,0.114,0
6312,73,0,6,1.067,0.7,0.815,0.0,0.03,0.315,1
6313,77,0,10,0.993,0.536,0.959,0.25,0.535,0.152,0
6314,48,0,6,0.7,0.682,0.789,0.0,0.26,-0.167,0
6315,76,0,12,0.846,0.549,0.832,1.0,0.541,0.063,0
6316,39,1,7,0.864,0.539,0.748,0.0,0.102,-0.044,0
6317,35,1,11,0.948,0.555,0.794,0.25,0.718,0.117,0
6318,72,0,11,0.959,0.573,1.1,0.25,0.551,0.216,0
6319,82,1,5,0.629,0.634,0.997,0.0,0.819,0.096,0
6320,59,1,8,0.901,0.501,0.886,0.5,0.406,0.256,0
6321,35,0,4,0.792,0.592,0.508,0.0,0.081,0.045,0
6322,33,0,12,1.105,0.65,0.815,0.0,0.36,0.049,0
6323,64,1,8,0.803,0.659,0.904,0.0,0.429,-0.091,1
6324,78,1,12,0.877,0.405,0.805,0.25,0.226,0.045,0
6325,42,1,9,0.989,0.583,0.913,0.0,0.355,0.289,0
6326,81,0,7,0.982,0.641,0.582,0.5,0.287,0.246,1
6327,34,0,10,0.873,0.489,1.229,0.25,0.862,0.129,0
6328,40,0,6,0.796,0.582,0.85,0.0,0.429,0.057,1
6329,52,0,9,0.919,0.688,0.7,0.0,0.226,0.228,0
6330,60,1,10,0.748,0.615,0.775,0.0,0.22,0.048,1
6331,68,0,3,0.714,0.546,0.643,1.0,-0.082,0.038,0
6332,82,0,12,1.101,0.482,1.043,0.5,0.713,0.272,1
6333,40,0,9,0.919,0.495,0.416,0.0,-0.061,0.1,0
6334,73,0,4,0.7,0.666,0.359,0.5,-0.304,0.01,0
6335,74,0,3,0.765,0.592,0.424,0.0,0.077,0.292,0
6336,47,0,5,0.903,0.7,0.957,0.0,0.468,-0.006,0
6337,69,1,6,0.964,0.578,0.86,0.0,0.25,0.106,0
6338,64,1,11,1.133,0.7,0.95,0.5,0.35,0.384,0
6339,39,1,3,0.813,0.553,0.811,0.0,0.905,0.078,0
6340,66,0,11,0.973,0.605,0.7,0.0,0.182,0.104,0
6341,44,0,6,0.909,0.644,0.576,1.0,-0.168,0.022,0
6342,79,1,8,0.779,0.623,0.834,1.0,0.376,0.103,1
6343,75,0,8,0.726,0.501,0.593,0.0,0.006,-0.03,1
6344,50,1,9,0.863,0.606,0.768,0.5,0.29,0.09,0
6345,45,0,5,0.735,0.565,0.689,0.25,0.274,-0.025,0
6346,42,0,9,0.969,0.57,0.676,0.25,0.034,-0.026,0
6347,46,1,5,0.867,0.561,0.739,0.25,0.061,0.118,0
6348,80,1,4,0.797,0.651,0.781,1.0,0.14,0.045,0
6349,78,1,4,0.921,0.451,0.887,0.0,0.57,0.09,1
6350,45,0,11,0.959,0.431,0.717,0.25,0.27,0.202,0
6351,80,0,7,0.989,0.586,0.748,0.0,0.27,0.253,0
6352,41,0,4,0.749,0.686,0.435,0.5,-0.381,0.049,0
6353,51,1,6,0.756,0.51,0.51,0.0,0.405,-0.029,1
6354,48,1,12,1.102,0.499,0.882,0.0,0.661,0.344,1
6355,61,1,10,0.905,0.638,1.13,0.5,0.432,-0.012,0
6356,69,1,6,0.697,0.581,0.651,0.0,0.17,0.038,0
6357,75,0,12,0.918,0.441,0.916,0.75,0.354,0.094,0
6358,70,1,9,0.926,0.67,0.833,0.5,0.145,0.413,0
6359,78,0,5,0.859,0.523,0.567,0.0,0.014,-0.013,0
6360,38,0,10,0.906,0.616,0.567,0.5,0.146,0.162,0
6361,55,0,5,0.732,0.646,0.75,0.25,0.403,-0.091,0
6362,33,1,12,0.826,0.486,0.959,1.0,0.63,0.048,1
6363,47,0,10,1.154,0.488,0.735,0.25,0.14,0.398,1
6364,53,0,11,0.964,0.5,0.834,0.0,0.332,0.438,0
6365,30,1,3,0.757,0.524,0.573,1.0,0.211,-0.014,0
6366,84,1,12,1.048,0.564,0.805,0.0,0.305,0.337,0
6367,30,0,12,0.938,0.49,0.899,0.5,0.078,0.054,1
6368,66,0,6,0.898,0.579,0.889,0.0,0.451,0.137,0
6369,44,1,9,0.765,0.49,0.784,0.0,0.38,-0.004,0
6370,58,1,12,0.952,0.585,0.653,0.0,0.177,0.047,0
6371,80,1,3,0.823,0.486,0.637,0.5,0.264,-0.001,0
6372,79,0,11,0.843,0.487,0.724,0.5,-0.119,0.132,0
6373,38,1,3,0.945,0.658,0.719,1.0,-0.012,-0.099,0
6374,57,1,12,1.255,0.576,0.774,1.0,0.124,0.498,1
6375,43,0,7,0.717,0.615,0.758,0.5,0.355,0.143,0
6376,73,1,3,1.063,0.583,0.7,0.0,0.189,0.054,0
6377,43,0,9,0.884,0.646,0.495,0.25,-0.205,0.007,0
6378,59,1,5,0.972,0.438,0.753,0.25,0.234,0.192,0
6379,84,0,5,0.794,0.595,0.661,0.0,-0.157,0.097,0
6380,41,1,8,0.864,0.672,0.713,0.25,0.572,0.103,0
6381,73,1,8,0.972,0.527,0.701,0.0,0.417,-0.006,0
6382,54,1,8,0.928,0.649,0.782,0.5,0.045,0.194,0
6383,57,1,6,0.715,0.573,0.594,0.75,0.306,-0.101,0
6384,70,1,3,0.706,0.636,0.855,0.25,0.215,-0.144,0
6385,80,1,4,0.879,0.6,0.463,0.75,0.097,0.231,1
6386,46,1,8,0.94,0.59,0.767,0.0,0.14,0.103,1
6387,31,1,3,0.633,0.651,0.703,0.75,0.326,-0.465,0
6388,71,1,7,0.792,0.651,0.546,0.5,0.322,-0.012,0
6389,66,1,3,0.633,0.591,0.575,0.0,0.141,0.011,0
6390,63,1,7,0.837,0.573,0.851,0.5,0.151,0.202,1
6391,43,1,4,0.928,0.644,0.307,0.75,0.253,0.231,0
6392,31,0,9,0.831,0.589,0.629,0.25,0.13,0.131,0
6393,33,0,3,0.752,0.42,0.638,0.0,0.207,0.063,0
6394,46,0,12,1.086,0.392,1.066,0.0,0.586,0.386,0
6395,43,0,7,0.925,0.615,0.685,0.0,0.421,0.169,0
6396,83,1,4,0.779,0.492,0.604,1.0,0.064,0.376,1
6397,50,1,8,0.762,0.624,0.652,0.0,0.104,0.062,0
6398,44,0,6,0.99,0.638,0.694,1.0,0.395,0.279,0
6399,55,1,6,0.771,0.503,0.715,0.0,0.365,-0.062,0
6400,74,1,5,0.686,0.616,0.848,0.5,0.444,-0.162,0
6401,81,1,7,0.844,0.699,0.876,0.0,0.551,0.146,0
6402,33,1,7,0.866,0.704,0.897,0.25,0.43,0.335,0
6403,45,0,4,0.83,0.575,0.538,0.0,0.256,0.123,0
6404,74,0,5,0.649,0.44,0.707,0.0,0.35,0.089,0
6405,43,0,4,0.817,0.664,0.383,0.25,-0.049,0.223,0
6406,34,1,12,1.054,0.595,0.998,0.0,0.236,0.165,0
6407,82,1,4,0.876,0.623,0.645,0.25,0.181,0.032,1
6408,46,1,9,0.758,0.651,0.862,0.0,0.162,-0.03,0
6409,42,0,10,0.844,0.584,0.755,0.25,0.278,0.192,0
6410,48,1,6,0.741,0.697,0.692,0.5,0.17,0.047,0
6411,71,1,3,0.746,0.568,0.667,0.0,0.136,0.013,0
6412,39,1,3,0.724,0.557,0.803,0.0,0.219,-0.014,0
6413,60,1,3,0.933,0.559,0.606,0.0,0.081,0.25,0
6414,45,1,3,0.684,0.547,0.392,0.25,-0.07,-0.066,0
6415,75,1,4,0.853,0.533,0.498,1.0,0.194,-0.061,1
6416,54,1,8,1.097,0.646,0.745,0.5,0.234,0.469,1
6417,59,1,5,0.828,0.502,0.825,0.0,0.547,0.226,0
6418,57,0,7,0.805,0.544,0.822,0.0,0.098,-0.087,0
6419,36,1,7,0.887,0.555,0.786,0.5,0.465,-0.09,0
6420,73,1,8,0.929,0.651,0.542,0.0,-0.068,0.208,0
6421,53,0,6,0.972,0.641,0.726,0.0,0.391,0.178,0
6422,33,0,9,0.873,0.544,1.06,0.0,0.766,0.173,0
6423,57,1,8,1.033,0.627,0.839,0.25,0.379,0.228,0
6424,79,1,11,1.125,0.639,0.7,0.0,0.232,0.45,0
6425,73,1,4,1.082,0.664,0.212,0.0,-0.419,0.336,0
6426,63,1,5,0.897,0.606,0.623,0.75,0.26,0.084,0
6427,77,0,7,0.892,0.57,0.7,0.75,0.082,0.086,1
6428,84,0,6,0.782,0.54,0.631,0.0,0.274,-0.309,0
6429,68,0,12,0.935,0.722,0.802,0.25,0.124,0.345,0
6430,75,1,9,0.986,0.631,1.08,0.0,0.696,0.174,0
6431,84,0,7,0.846,0.638,0.628,0.0,0.298,0.122,0
6432,62,0,10,0.87,0.546,0.995,0.0,0.625,-0.07,0
6433,42,0,4,0.708,0.732,0.426,0.0,0.01,0.058,0
6434,30,1,4,0.787,0.506,0.92,0.75,0.489,0.041,0
6435,31,0,9,0.838,0.605,0.784,0.5,0.15,0.119,0
6436,77,0,8,0.913,0.643,0.908,0.0,0.403,0.087,1
6437,54,1,5,0.7,0.408,0.674,0.0,0.055,0.055,0
6438,59,1,5,0.7,0.575,0.812,0.0,0.352,0.082,0
6439,44,1,8,0.957,0.658,0.515,0.0,-0.092,0.263,0
6440,53,1,12,0.959,0.7,1.034,1.0,0.384,0.121,0
6441,39,1,10,0.897,0.527,0.97,0.75,0.607,0.022,0
6442,67,1,11,1.154,0.625,0.887,0.75,0.715,0.429,0
6443,58,0,11,0.89,0.376,0.753,0.25,0.13,0.075,0
6444,49,1,12,1.123,0.463,1.083,0.0,0.806,0.16,0
6445,58,1,10,1.024,0.596,1.005,0.0,0.709,0.183,0
6446,72,1,5,0.806,0.456,0.864,1.0,0.444,0.106,0
6447,36,0,7,0.933,0.628,0.486,0.5,-0.214,0.381,0
6448,36,1,6,0.861,0.597,0.676,0.0,0.078,0.277,0
6449,59,1,9,0.92,0.573,0.55,0.0,0.165,0.194,0
6450,83,1,4,0.834,0.657,0.848,0.75,0.494,0.196,1
6451,67,0,3,0.551,0.674,0.7,0.0,0.184,-0.129,0
6452,78,0,5,0.836,0.559,0.736,1.0,-0.053,0.125,1
6453,64,1,8,0.823,0.646,0.493,0.0,-0.08,-0.028,0
6454,73,0,10,0.7,0.675,0.884,0.0,0.576,-0.264,0
6455,61,1,6,0.7,0.728,0.647,0.5,0.014,-0.073,0
6456,80,0,7,0.929,0.594,0.558,1.0,-0.178,0.257,1
6457,67,0,6,0.711,0.64,0.744,0.5,0.424,0.151,0
6458,40,0,10,0.907,0.717,0.948,0.5,0.396,0.197,0
6459,61,1,11,1.009,0.547,0.913,0.0,0.331,0.375,0
6460,36,1,3,0.84,0.587,0.246,0.0,-0.348,-0.067,0
6461,37,1,3,0.662,0.585,0.648,0.5,0.314,-0.129,1
6462,48,0,8,0.969,0.636,0.477,1.0,0.137,0.183,0
6463,81,1,5,0.784,0.586,0.7,0.25,0.214,0.03,0
6464,43,0,3,0.936,0.554,0.419,0.25,0.199,0.256,0
6465,38,0,4,0.895,0.575,0.709,0.0,0.183,0.114,0
6466,44,1,10,0.912,0.48,0.7,0.0,-0.009,0.008,0
6467,72,0,10,0.859,0.57,0.806,0.5,0.267,0.199,0
6468,74,0,5,0.793,0.753,0.548,1.0,0.318,-0.055,1
6469,54,0,3,0.861,0.559,0.323,0.5,-0.374,0.055,0
6470,72,1,10,0.973,0.336,1.085,0.25,0.456,0.286,0
6471,59,0,11,0.929,0.528,0.853,0.0,0.436,0.13,0
6472,46,0,9,0.938,0.7,0.77,0.5,0.237,0.179,0
6473,70,0,10,0.801,0.649,0.635,0.0,0.114,-0.095,0
6474,40,0,12,0.895,0.536,0.898,0.0,0.413,0.168,0
6475,80,0,12,1.228,0.535,1.063,0.0,0.293,0.312,0
6476,74,1,11,0.975,0.611,0.816,1.0,0.487,0.178,0
6477,82,1,4,0.875,0.622,0.566,0.25,0.344,0.116,0
6478,56,0,10,0.883,0.501,1.084,0.5,0.138,0.009,0
6479,67,1,12,1.013,0.523,0.949,0.0,0.574,0.4,1
6480,37,0,6,0.84,0.675,0.596,0.25,-0.033,-0.03,0
6481,38,1,9,1.042,0.532,0.7,1.0,0.283,0.394,0
6482,80,1,5,0.767,0.458,0.673,0.25,0.441,0.126,0
6483,71,0,3,0.958,0.623,0.429,0.5,-0.028,0.19,0
6484,74,0,9,0.954,0.604,0.889,0.5,0.455,0.163,0
6485,34,1,5,0.851,0.45,0.804,0.75,0.382,0.126,0
6486,32,1,6,0.98,0.56,0.711,0.0,0.401,0.625,0
6487,60,1,9,0.864,0.561,0.626,0.75,0.191,0.375,1
6488,43,0,10,0.824,0.597,0.892,0.75,0.537,0.02,1
6489,62,1,3,0.728,0.623,0.453,0.0,-0.247,-0.147,0
6490,64,0,9,0.685,0.67,1.2,0.0,0.825,-0.126,0
6491,64,1,4,0.899,0.565,0.594,0.0,0.17,0.208,0
6492,55,0,11,1.021,0.461,0.823,0.25,0.518,0.424,1
6493,39,1,7,0.915,0.553,0.717,1.0,0.505,0.086,0
6494,69,1,10,1.01,0.7,0.729,0.25,0.074,0.455,0
6495,72,1,4,0.719,0.592,0.707,0.0,0.083,0.043,0
6496,68,1,12,1.012,0.623,1.104,1.0,0.502,0.379,1
6497,72,0,5,0.69,0.702,0.679,0.0,0.184,0.114,0
6498,41,0,6,0.848,0.518,0.7,0.0,0.229,0.126,0
6499,55,0,3,0.739,0.567,0.658,0.0,-0.219,-0.188,0
6500,38,0,8,0.895,0.51,0.746,0.0,0.094,0.194,0
6501,67,1,12,1.149,0.632,1.103,0.75,0.647,0.449,1
6502,43,1,11,0.932,0.55,0.642,0.0,0.244,0.198,0
6503,65,0,8,0.865,0.628,0.54,0.5,0.419,0.104,0
6504,68,0,5,0.711,0.567,0.555,0.25,0.22,-0.04,0
6505,51,1,10,0.748,0.638,1.098,0.5,0.367,0.074,1
6506,44,1,12,1.031,0.506,0.817,0.0,0.361,0.26,0
6507,34,0,8,0.948,0.543,0.734,0.0,0.267,0.174,0
6508,65,1,4,0.905,0.666,0.505,0.0,-0.048,0.304,0
6509,68,1,12,1.154,0.623,0.841,0.0,0.271,0.371,0
6510,80,1,12,0.67,0.503,1.024,0.75,0.657,0.037,1
6511,50,0,3,0.654,0.569,0.747,0.5,0.272,-0.248,0
6512,47,1,4,0.832,0.56,0.584,0.75,0.255,0.307,0
6513,68,0,8,1.01,0.433,0.697,0.0,0.456,0.191,0
6514,64,1,4,0.792,0.67,0.876,0.0,0.501,0.159,0
6515,38,1,12,1.042,0.484,0.782,0.0,0.599,0.371,0
6516,76,0,3,0.848,0.453,0.812,0.0,0.625,0.342,0
6517,43,1,8,0.957,0.527,0.859,0.0,0.332,0.253,1
6518,44,1,4,0.798,0.872,0.666,0.5,0.216,0.147,0
6519,32,0,12,0.9,0.581,1.03,0.25,0.57,-0.002,0
6520,77,1,6,0.89,0.671,0.436,0.0,-0.164,0.056,0
6521,64,1,11,0.656,0.509,0.714,0.25,0.329,-0.044,0
6522,66,0,7,0.777,0.456,0.407,0.5,0.101,0.196,0
6523,84,1,11,1.027,0.624,1.144,0.75,0.784,0.319,0
6524,63,0,5,0.803,0.469,0.884,0.25,0.396,0.114,0
6525,58,0,8,0.864,0.467,0.762,0.0,0.325,0.01,0
6526,46,1,5,0.87,0.562,0.868,0.0,0.54,-0.1,0
6527,63,0,5,0.89,0.586,0.531,0.0,0.175,0.125,0
6528,84,1,10,0.985,0.564,0.451,0.75,-0.037,0.229,1
6529,67,0,12,1.082,0.556,1.084,0.25,0.366,0.41,0
6530,78,1,6,1.066,0.634,0.784,1.0,0.295,0.311,0
6531,57,0,7,1.103,0.388,0.838,0.0,0.635,0.298,0
6532,55,1,4,0.693,0.542,0.454,0.0,0.094,-0.096,0
6533,60,0,8,0.899,0.644,0.743,0.25,0.482,0.035,0
6534,41,0,4,0.857,0.646,0.739,0.75,0.235,0.051,0
6535,60,1,11,1.1,0.497,0.902,0.0,0.329,0.395,0
6536,73,1,12,1.208,0.507,0.728,0.5,0.085,0.215,0
6537,66,0,3,0.703,0.659,0.217,0.5,-0.482,0.015,0
6538,73,1,11,0.977,0.51,0.996,1.0,0.454,0.232,1
6539,57,1,5,0.707,0.584,0.772,0.25,0.411,0.012,0
6540,82,1,5,0.998,0.62,0.639,0.0,0.271,0.269,0
6541,46,1,8,0.785,0.552,0.65,0.0,0.243,-0.004,0
6542,75,1,6,0.632,0.404,0.691,0.5,-0.025,-0.045,1
6543,58,0,7,0.707,0.48,0.669,0.5,0.397,-0.123,0
6544,40,1,11,1.062,0.449,1.094,0.0,0.565,0.269,1
6545,77,0,3,0.695,0.638,0.581,0.75,0.304,-0.12,0
6546,83,0,12,1.018,0.634,0.823,0.0,0.347,0.245,0
6547,47,0,11,0.698,0.604,0.913,0.0,0.219,0.096,0
6548,70,0,6,1.019,0.598,0.512,0.5,-0.044,0.251,0
6549,61,0,8,0.7,0.488,0.758,0.25,0.132,-0.269,0
6550,32,1,11,1.027,0.564,1.057,0.0,0.448,0.327,1
6551,42,1,5,0.903,0.492,0.258,0.25,-0.551,0.083,0
6552,48,1,6,0.815,0.52,0.64,1.0,-0.072,-0.006,0
6553,40,1,6,0.869,0.534,0.464,0.0,0.067,0.177,0
6554,58,1,8,0.843,0.745,0.7,1.0,0.331,0.23,0
6555,33,0,12,0.835,0.61,1.161,0.0,0.535,0.05,0
6556,52,1,7,0.787,0.581,1.046,0.75,0.355,-0.173,0
6557,31,1,5,0.78,0.543,0.898,0.0,0.198,0.051,0
6558,80,1,10,0.894,0.439,1.034,0.5,0.543,0.212,0
6559,40,0,5,0.742,0.626,0.906,0.0,0.186,0.023,0
6560,61,0,3,0.935,0.591,0.566,0.0,-0.184,0.178,0
6561,40,1,8,0.802,0.495,0.946,0.0,0.272,0.125,0
6562,79,1,10,0.945,0.509,0.62,0.75,-0.094,0.304,1
6563,59,0,12,1.079,0.619,0.903,0.0,0.062,0.306,0
6564,82,1,12,1.104,0.7,1.209,0.25,0.822,0.384,1
6565,33,1,9,0.82,0.664,0.769,0.0,0.103,0.038,0
6566,42,1,12,0.89,0.631,1.008,0.25,0.084,0.142,0
6567,78,0,11,1.057,0.602,0.807,0.25,0.629,0.538,0
6568,73,1,3,0.694,0.759,0.658,0.25,0.243,0.107,1
6569,43,1,4,0.823,0.583,0.6,0.25,0.281,0.123,0
6570,37,1,5,0.667,0.7,0.648,0.0,0.086,-0.21,0
6571,41,0,5,0.811,0.7,0.7,0.0,0.068,0.037,0
6572,68,1,5,0.772,0.512,0.52,0.25,0.188,0.164,0
6573,72,1,9,0.807,0.714,0.869,0.0,0.634,0.131,0
6574,36,1,12,1.108,0.483,0.747,0.75,0.329,0.416,0
6575,44,0,4,0.74,0.623,0.89,0.5,0.19,0.024,0
6576,69,1,5,0.902,0.702,0.844,0.0,0.569,0.026,0
6577,35,1,7,0.889,0.663,0.472,0.0,0.131,0.136,0
6578,68,0,11,1.032,0.599,1.209,1.0,0.931,0.512,1
6579,74,0,7,0.77,0.559,0.514,0.0,-0.046,-0.089,0
6580,84,1,5,0.741,0.439,1.041,0.0,0.504,-0.103,0
6581,57,1,6,0.926,0.636,0.793,0.75,0.093,0.265,0
6582,52,0,7,0.733,0.484,0.855,0.0,0.26,-0.125,0
6583,37,1,8,0.928,0.529,0.801,0.0,0.296,0.147,0
6584,57,1,8,0.979,0.596,0.845,0.0,0.397,0.127,0
6585,42,1,3,0.921,0.619,0.682,0.0,0.211,0.209,0
6586,43,1,5,0.689,0.549,0.567,1.0,-0.349,0.022,0
6587,30,0,8,0.782,0.537,0.812,0.75,0.39,0.153,0
6588,57,0,11,1.065,0.586,0.911,0.5,0.211,0.29,0
6589,84,0,9,0.804,0.603,0.737,0.0,0.134,-0.105,0
6590,51,0,12,1.056,0.58,0.969,0.0,0.446,0.289,0
6591,73,0,10,0.906,0.437,0.801,0.5,0.592,0.433,1
6592,58,0,12,1.197,0.49,1.098,0.0,0.473,0.275,0
6593,41,1,8,1.001,0.549,0.859,0.0,0.336,0.33,0
6594,83,0,12,0.738,0.579,1.065,0.75,0.754,-0.116,0
6595,47,0,7,0.878,0.615,0.575,1.0,0.025,0.175,0
6596,73,1,8,0.941,0.644,0.81,0.0,0.344,0.178,0
6597,70,1,8,0.786,0.662,0.771,0.5,0.421,-0.175,1
6598,81,0,4,0.927,0.492,0.846,0.75,0.56,0.26,0
6599,41,1,6,1.04,0.596,0.536,1.0,0.049,0.262,0
6600,57,1,3,0.729,0.679,0.341,0.5,-0.24,0.236,0
6601,34,0,6,0.742,0.696,0.453,0.0,-0.202,0.041,0
6602,74,0,6,0.785,0.609,0.714,0.0,0.013,0.137,0
6603,56,0,12,0.967,0.752,0.925,0.75,0.743,0.163,0
6604,71,1,9,0.896,0.527,1.011,0.0,0.048,0.199,0
6605,76,1,4,0.598,0.65,0.7,0.0,0.36,-0.137,0
6606,71,0,11,0.985,0.568,0.546,0.0,0.098,0.246,0
6607,80,1,6,1.0,0.622,0.587,0.0,0.144,0.29,0
6608,57,1,4,0.891,0.77,0.343,0.0,-0.177,0.106,0
6609,66,0,8,0.822,0.7,0.734,0.0,0.465,0.121,0
6610,78,1,7,1.007,0.51,0.572,0.0,0.082,0.32,0
6611,51,0,4,0.848,0.697,0.544,0.75,-0.156,0.01,0
6612,66,1,10,0.941,0.594,0.406,0.5,-0.103,0.309,0
6613,35,0,6,0.848,0.624,0.467,0.0,-0.072,0.214,0
6614,48,0,4,0.852,0.564,0.63,0.0,0.248,0.224,0
6615,72,1,5,0.756,0.554,0.641,0.5,0.323,-0.071,0
6616,75,1,6,0.895,0.594,0.621,0.0,-0.004,0.166,0
6617,79,1,3,0.799,0.73,0.535,0.0,-0.104,-0.363,0
6618,66,0,8,0.704,0.524,0.775,0.5,0.173,-0.268,0
6619,79,0,11,1.043,0.543,0.893,0.25,0.173,0.198,0
6620,62,0,12,0.998,0.525,1.013,0.5,0.621,0.436,0
6621,38,1,11,0.875,0.514,0.713,0.0,0.193,0.007,0
6622,64,0,6,0.857,0.477,0.431,0.5,-0.096,0.155,0
6623,59,1,9,0.863,0.553,0.976,0.0,0.47,0.012,1
6624,62,0,12,1.003,0.507,0.841,0.0,0.172,0.265,0
6625,65,1,7,0.81,0.719,0.613,0.0,0.217,0.079,0
6626,50,1,4,0.729,0.668,0.561,0.75,0.064,-0.222,0
6627,59,0,5,0.842,0.676,0.81,0.75,0.443,0.112,0
6628,61,1,10,0.893,0.578,0.97,0.0,0.372,0.18,0
6629,66,0,9,0.728,0.399,0.926,1.0,0.411,-0.067,1
6630,84,0,9,0.927,0.629,0.352,0.5,-0.588,0.153,1
6631,50,1,10,1.053,0.561,0.922,0.25,0.542,0.23,0
6632,48,1,9,1.039,0.628,0.697,0.25,0.256,0.467,0
6633,62,1,9,1.092,0.594,0.921,0.5,0.794,0.259,1
6634,60,1,6,0.872,0.622,0.565,0.75,0.272,0.138,0
6635,71,0,10,0.884,0.624,0.708,0.0,0.361,0.166,0
6636,39,0,6,0.886,0.589,0.192,0.75,-0.23,0.074,0
6637,49,1,3,0.7,0.696,0.559,0.25,0.15,-0.116,0
6638,73,0,11,0.82,0.51,0.989,0.0,0.477,0.227,0
6639,47,0,9,0.932,0.581,0.502,0.0,0.134,0.061,0
6640,69,0,10,0.99,0.545,0.676,0.0,0.227,0.101,0
6641,31,0,10,0.959,0.58,1.185,0.5,0.553,0.15,1
6642,37,1,5,0.76,0.537,0.831,0.0,0.381,0.008,0
6643,33,0,10,0.913,0.537,1.042,0.0,0.446,0.083,0
6644,67,0,6,0.774,0.584,0.536,0.0,0.197,0.013,0
6645,64,0,12,0.689,0.576,0.748,0.5,0.2,-0.082,0
6646,75,1,6,0.7,0.697,0.672,0.5,0.251,-0.276,0
6647,72,1,8,0.745,0.655,0.578,0.25,0.482,-0.02,1
6648,44,1,10,0.795,0.584,0.895,0.0,0.621,0.135,1
6649,64,1,5,0.701,0.727,0.507,0.0,-0.108,0.001,0
6650,31,1,7,0.99,0.462,0.769,0.25,0.496,0.388,0
6651,54,1,8,0.863,0.442,0.757,0.25,0.309,0.335,0
6652,56,0,6,0.768,0.517,0.645,0.0,0.044,0.075,0
6653,66,1,7,0.917,0.651,0.56,0.5,-0.099,0.051,0
6654,42,1,4,0.972,0.672,0.717,0.25,0.55,0.087,0
6655,39,1,5,0.812,0.545,0.666,0.0,0.431,0.292,0
6656,36,0,5,0.938,0.512,0.525,0.25,-0.254,0.181,0
6657,35,0,9,0.849,0.657,0.741,0.0,0.093,0.144,0
6658,61,0,3,0.825,0.763,0.283,0.0,-0.154,0.088,0
6659,83,1,9,0.7,0.595,0.52,0.0,-0.188,-0.008,0
6660,71,1,5,0.94,0.659,0.652,1.0,0.404,0.091,0
6661,60,0,7,0.926,0.467,0.376,0.25,-0.278,0.056,0
6662,77,1,9,0.726,0.653,0.664,1.0,0.208,0.017,0
6663,83,1,11,0.695,0.672,0.956,0.0,0.632,-0.005,0
6664,83,0,5,0.544,0.561,0.671,0.0,0.31,0.004,0
6665,66,1,6,0.948,0.681,0.665,0.0,0.008,0.247,0
6666,48,0,5,0.886,0.515,0.854,0.0,0.557,0.106,0
6667,66,1,9,0.895,0.55,0.851,0.25,0.291,0.456,0
6668,74,0,11,0.711,0.501,1.003,0.0,0.693,-0.087,0
6669,42,0,4,0.82,0.522,0.559,0.75,0.04,-0.005,0
6670,81,1,10,0.854,0.544,0.636,0.25,0.316,-0.155,1
6671,61,0,6,0.951,0.569,0.7,0.5,0.121,0.49,0
6672,34,1,6,0.876,0.642,0.745,0.0,0.27,0.163,0
6673,71,1,5,0.706,0.51,0.626,0.5,-0.081,-0.215,1
6674,45,0,7,0.8,0.613,0.721,1.0,-0.017,-0.162,0
6675,39,1,6,0.805,0.733,0.643,0.5,0.305,0.13,0
6676,76,1,8,0.975,0.468,0.827,0.25,0.525,0.467,0
6677,69,0,8,0.905,0.54,0.976,0.25,0.118,0.013,0
6678,40,1,5,0.834,0.729,0.32,0.25,-0.402,0.111,0
6679,45,1,11,0.926,0.596,1.032,0.0,0.447,-0.141,0
6680,51,1,8,0.783,0.499,0.675,0.0,0.288,-0.168,0
6681,55,1,7,0.993,0.633,0.973,0.0,0.182,0.214,0
6682,52,1,9,0.915,0.561,0.934,0.5,0.618,0.078,0
6683,68,0,7,0.7,0.523,0.99,0.0,0.531,0.0,1
6684,73,1,11,0.912,0.573,0.833,0.0,0.436,0.026,0
6685,39,0,6,1.001,0.426,0.815,0.0,0.565,0.162,0
6686,44,0,8,0.884,0.656,0.935,0.25,0.684,-0.022,0
6687,36,0,7,0.923,0.722,0.845,0.0,0.228,0.322,0
6688,51,1,10,1.034,0.56,1.065,0.75,0.935,0.566,0
6689,40,0,3,0.839,0.639,0.783,0.0,0.292,-0.138,0
6690,76,0,7,0.915,0.542,0.845,0.25,0.204,0.26,1
6691,70,1,10,1.012,0.546,0.732,0.5,0.243,0.341,0
6692,67,1,12,0.904,0.605,1.316,0.25,0.921,0.345,1
6693,30,0,9,1.038,0.598,1.072,0.25,0.372,0.386,0
6694,40,1,6,0.855,0.578,0.862,0.0,0.383,0.116,1
6695,68,1,11,0.903,0.59,0.721,0.0,0.45,0.015,0
6696,35,0,9,0.927,0.559,1.009,0.25,0.397,0.1,0
6697,53,0,12,1.007,0.601,0.91,0.5,0.508,0.237,0
6698,73,0,7,0.697,0.7,0.481,1.0,-0.125,-0.015,0
6699,70,1,4,0.905,0.592,0.583,0.0,0.112,0.212,0
6700,33,0,8,1.021,0.482,0.878,0.0,0.264,0.343,0
6701,36,0,5,0.855,0.539,0.568,0.0,-0.066,0.063,0
6702,47,0,11,0.922,0.484,0.697,0.0,0.336,-0.061,0
6703,62,0,10,0.875,0.553,1.023,0.0,0.504,0.148,0
6704,80,1,11,1.093,0.599,0.912,0.0,0.392,0.432,0
6705,62,1,3,0.673,0.524,0.738,0.0,0.481,-0.072,0
6706,48,0,5,0.906,0.437,0.816,1.0,0.183,0.125,0
6707,40,0,11,0.978,0.736,0.792,0.5,0.092,0.295,0
6708,54,0,9,1.105,0.59,0.891,0.0,0.442,0.35,1
6709,47,0,6,0.743,0.499,0.809,0.0,0.441,-0.208,0
6710,36,0,7,1.134,0.556,0.356,0.0,-0.247,0.217,0
6711,51,0,6,0.879,0.693,0.639,0.75,0.112,-0.057,0
6712,57,1,11,0.834,0.571,0.72,0.0,0.298,0.15,0
6713,57,1,8,0.99,0.481,0.705,0.0,-0.019,0.42,0
6714,48,1,9,0.837,0.601,1.103,0.0,0.486,0.027,0
6715,54,1,11,1.03,0.619,1.077,0.0,0.597,0.303,1
6716,38,0,5,0.882,0.7,0.628,0.25,0.385,-0.131,0
6717,46,0,3,0.775,0.479,0.71,0.0,0.517,0.331,0
6718,61,0,8,0.941,0.572,0.881,0.0,0.266,0.241,0
6719,54,1,10,0.754,0.576,0.717,0.5,0.131,-0.095,0
6720,76,1,3,0.839,0.59,0.517,0.0,0.082,0.038,0
6721,71,1,10,0.808,0.543,0.633,0.0,0.495,0.124,0
6722,66,1,5,0.723,0.569,0.656,0.0,0.057,-0.155,0
6723,30,0,5,0.681,0.66,0.776,0.0,0.405,-0.194,0
6724,78,0,10,1.01,0.559,0.821,0.75,0.215,0.198,0
6725,76,0,5,0.972,0.466,0.48,0.0,0.063,0.348,0
6726,61,1,10,1.114,0.537,0.812,0.0,0.38,0.426,0
6727,57,0,6,1.008,0.626,0.846,0.0,0.509,0.239,0
6728,34,1,3,0.843,0.671,0.507,0.0,0.107,0.211,0
6729,45,0,5,0.878,0.532,0.7,0.25,0.263,0.031,0
6730,59,1,12,0.888,0.607,1.061,0.5,0.613,0.269,0
6731,53,1,9,0.7,0.507,0.591,0.0,0.018,0.043,0
6732,31,1,12,1.178,0.581,0.943,0.25,0.408,0.254,1
6733,77,0,9,1.025,0.59,0.893,0.0,0.57,0.278,0
6734,37,0,11,1.08,0.631,0.915,0.5,0.239,0.281,0
6735,82,1,9,1.056,0.768,0.847,0.25,0.573,0.268,0
6736,53,1,11,1.06,0.675,0.676,0.25,-0.024,0.377,1
6737,79,0,5,0.687,0.652,0.44,0.75,-0.141,0.002,0
6738,41,1,7,1.125,0.472,0.567,0.75,0.065,0.381,0
6739,51,0,11,0.7,0.641,0.756,0.0,0.151,-0.003,0
6740,80,1,10,0.968,0.586,1.046,0.5,0.587,0.006,0
6741,40,1,11,0.758,0.44,0.903,0.25,0.168,-0.142,0
6742,66,0,5,0.854,0.643,0.652,0.25,0.021,0.173,0
6743,69,1,10,1.133,0.693,0.873,0.25,0.398,0.195,0
6744,64,0,11,1.1,0.7,0.678,0.0,0.339,0.453,0
6745,45,0,4,0.856,0.576,0.601,0.0,0.004,-0.032,0
6746,74,1,10,0.921,0.628,0.941,0.0,0.361,0.158,0
6747,83,0,11,0.96,0.488,0.952,0.0,0.457,0.196,0
6748,53,0,6,0.884,0.565,0.759,0.75,0.196,0.183,0
6749,58,0,3,0.844,0.695,0.681,0.75,0.175,0.211,0
6750,50,0,12,0.905,0.455,0.932,0.0,0.336,0.122,0
6751,36,0,7,0.887,0.561,0.949,0.25,0.423,0.198,0
6752,37,0,12,0.943,0.507,0.932,1.0,0.436,0.175,0
6753,38,1,6,0.754,0.547,0.857,0.25,0.675,0.355,0
6754,67,1,3,0.8,0.572,0.622,0.75,-0.021,-0.026,1
6755,63,1,4,0.87,0.668,0.518,0.0,-0.002,0.181,0
6756,40,1,7,1.024,0.632,0.894,0.25,0.568,0.16,0
6757,78,0,11,0.867,0.502,0.774,0.0,0.456,0.124,1
6758,67,0,8,0.862,0.522,0.769,0.5,0.293,-0.102,0
6759,72,0,4,0.797,0.559,0.367,0.0,-0.358,0.023,0
6760,61,0,12,0.835,0.54,0.963,0.0,0.592,0.081,0
6761,57,1,12,0.7,0.51,0.85,0.5,0.539,-0.13,1
6762,78,1,4,0.88,0.71,0.664,0.5,0.021,0.18,0
6763,80,1,12,1.031,0.545,1.09,0.0,0.704,0.187,1
6764,48,0,10,0.94,0.574,0.7,0.25,0.084,0.24,0
6765,75,0,10,0.909,0.571,0.758,0.0,0.215,0.209,1
6766,74,1,6,0.664,0.527,0.621,0.0,0.255,0.127,0
6767,36,1,11,1.193,0.44,0.944,0.25,0.501,0.248,1
6768,39,0,8,0.751,0.708,0.732,0.0,0.189,0.131,0
6769,77,0,9,1.083,0.604,0.766,0.0,0.37,0.219,0
6770,50,0,9,0.756,0.594,0.84,0.0,0.223,-0.145,0
6771,69,0,3,0.966,0.726,0.75,0.0,0.144,-0.046,0
6772,60,0,3,0.7,0.434,0.516,0.0,-0.167,-0.007,0
6773,43,1,9,0.808,0.472,0.774,0.25,0.383,-0.036,0
6774,53,0,10,0.706,0.612,0.844,0.0,0.076,0.074,0
6775,60,0,7,0.809,0.706,0.836,0.25,0.367,-0.005,0
6776,57,0,10,1.061,0.466,1.052,1.0,0.512,0.074,0
6777,35,0,7,0.733,0.514,0.686,0.0,0.144,0.084,0
6778,84,1,10,1.042,0.587,0.752,0.5,0.513,0.408,1
6779,80,1,6,0.819,0.534,1.009,0.0,0.512,0.028,0
6780,39,1,9,0.691,0.59,0.908,0.75,0.709,0.075,0
6781,43,0,11,0.75,0.514,0.902,0.75,0.397,0.102,0
6782,47,1,4,0.674,0.611,0.323,0.0,-0.222,-0.298,0
6783,44,1,7,0.922,0.595,0.519,0.0,0.179,-0.089,0
6784,73,1,10,1.005,0.512,0.609,0.0,0.159,0.178,0
6785,50,0,3,0.892,0.619,0.394,0.0,-0.057,0.212,0
6786,62,0,5,0.823,0.503,0.459,0.5,0.175,0.19,0
6787,81,1,12,0.905,0.477,0.739,1.0,0.334,0.322,0
6788,32,1,5,0.711,0.532,0.442,0.0,-0.038,-0.006,0
6789,73,0,4,0.857,0.58,0.63,0.0,0.19,0.009,0
6790,75,1,3,0.74,0.673,0.382,0.0,-0.041,-0.235,0
6791,83,1,9,1.093,0.453,0.74,0.25,0.14,0.421,0
6792,71,0,3,0.695,0.564,0.53,0.0,-0.164,-0.237,0
6793,64,0,7,0.9,0.536,0.514,0.5,-0.007,0.202,0
6794,72,0,6,1.042,0.486,0.593,0.0,0.425,0.182,0
6795,74,1,3,0.8,0.613,0.71,0.0,0.412,0.038,0
6796,69,1,4,0.918,0.498,0.734,0.5,0.287,0.134,0
6797,31,0,6,0.95,0.646,0.43,0.0,-0.27,0.087,0
6798,35,1,8,0.813,0.587,0.605,0.0,0.067,0.136,0
6799,43,0,4,0.956,0.554,0.371,0.25,-0.1,0.179,0
6800,45,0,5,0.948,0.7,0.647,0.0,-0.053,0.181,0
6801,73,0,8,0.796,0.533,0.834,0.0,0.549,0.224,1
6802,64,1,9,1.02,0.51,0.621,0.0,0.038,0.465,0
6803,42,0,11,0.948,0.505,0.636,0.0,0.211,0.264,0
6804,37,0,10,1.105,0.529,0.8,0.5,0.356,0.395,1
6805,54,1,12,1.107,0.588,0.794,0.0,0.491,0.243,0
6806,71,0,10,1.028,0.557,0.886,0.5,0.186,0.148,0
6807,79,1,10,0.833,0.497,0.665,0.5,0.488,-0.053,0
6808,63,1,3,0.753,0.678,0.53,0.0,0.211,0.355,0
6809,38,1,10,1.075,0.608,0.701,0.0,-0.024,0.227,0
6810,58,0,3,0.806,0.563,0.348,0.0,-0.009,-0.049,0
6811,60,0,9,0.857,0.391,0.93,0.5,0.326,0.163,0
6812,56,0,4,1.087,0.746,0.348,0.0,-0.125,0.403,0
6813,56,1,3,0.666,0.635,0.677,0.25,0.124,0.013,0
6814,43,1,6,0.621,0.547,0.64,0.0,-0.06,-0.158,0
6815,46,1,10,1.038,0.507,0.764,0.0,0.063,0.187,0
6816,61,0,4,0.781,0.73,0.801,0.0,0.507,-0.028,0
6817,38,0,6,0.806,0.428,0.767,0.5,0.606,0.15,1
6818,51,1,4,0.653,0.628,0.565,0.5,0.065,0.046,0
6819,55,1,12,0.782,0.573,1.219,0.0,0.796,0.061,0
6820,67,0,6,1.038,0.491,0.626,0.0,0.001,0.203,0
6821,81,0,4,0.848,0.766,0.711,0.5,0.465,0.004,0
6822,49,0,3,0.733,0.559,0.186,1.0,0.03,-0.001,0
6823,30,0,10,1.238,0.619,0.988,0.25,0.7,0.495,0
6824,42,0,5,0.925,0.576,0.579,0.25,0.21,-0.173,0
6825,52,0,4,0.837,0.644,0.411,1.0,-0.01,0.101,1
6826,71,0,4,0.663,0.479,0.67,0.0,0.207,-0.191,0
6827,36,0,6,0.741,0.577,0.792,0.0,0.305,0.082,0
6828,69,0,3,0.925,0.54,0.514,0.5,0.116,0.212,0
6829,81,0,6,0.766,0.598,0.449,0.5,0.304,0.232,1
6830,40,0,4,0.943,0.686,0.516,0.0,-0.284,0.04,0
6831,37,0,5,0.7,0.534,0.724,1.0,0.024,-0.087,0
6832,47,0,6,0.974,0.596,0.621,0.5,0.145,0.354,0
6833,38,1,8,0.943,0.64,0.81,0.0,0.26,0.126,0
6834,39,0,10,0.967,0.406,0.928,0.25,0.29,0.268,0
6835,37,0,8,0.661,0.658,0.988,0.0,0.294,-0.178,0
6836,32,0,8,0.642,0.426,0.472,0.0,0.119,-0.018,0
6837,65,0,11,1.058,0.522,0.899,0.0,0.339,0.387,1
6838,42,1,4,0.626,0.548,0.527,0.0,0.106,-0.13,0
6839,48,0,6,0.789,0.674,0.848,0.75,0.709,0.053,0
6840,75,0,8,0.907,0.525,0.69,0.0,0.421,-0.008,0
6841,69,0,8,0.938,0.557,0.853,1.0,0.818,-0.097,1
6842,77,1,5,0.682,0.5,0.704,0.5,0.411,-0.111,0
6843,82,1,9,0.84,0.473,0.697,0.0,0.266,0.027,0
6844,77,0,5,0.805,0.53,0.635,0.0,0.039,0.048,0
6845,36,0,5,0.813,0.55,0.332,0.25,-0.085,0.024,0
6846,38,1,4,0.682,0.47,0.476,0.0,-0.154,0.048,0
6847,72,1,12,0.927,0.549,0.885,1.0,0.376,0.22,1
6848,84,1,4,0.678,0.702,0.599,0.75,0.314,-0.056,0
6849,36,1,12,1.003,0.637,0.784,1.0,0.549,0.039,0
6850,83,1,12,0.979,0.509,0.979,1.0,0.22,0.196,1
6851,66,1,7,0.938,0.599,0.716,0.0,0.146,0.199,0
6852,51,0,4,0.865,0.7,0.212,0.0,-0.162,0.386,0
6853,68,0,5,0.812,0.577,0.619,0.5,0.487,-0.017,0
6854,64,0,4,0.931,0.677,0.336,1.0,-0.088,0.244,0
6855,73,0,7,0.959,0.602,0.733,0.25,0.325,0.217,0
6856,50,1,12,1.166,0.512,1.019,0.0,0.562,0.519,0
6857,81,0,10,0.902,0.581,0.892,0.5,0.517,0.096,1
6858,38,0,9,0.849,0.681,0.865,0.25,0.525,0.222,0
6859,33,1,7,0.891,0.638,0.682,0.0,-0.024,-0.034,0
6860,67,1,5,0.737,0.626,0.582,0.0,0.026,0.06,1
6861,67,1,11,0.952,0.526,1.362,0.75,0.686,0.196,0
6862,36,1,5,0.708,0.527,0.581,0.0,-0.066,0.087,0
6863,81,1,11,1.013,0.567,0.934,0.0,0.443,0.105,0
6864,57,1,10,0.896,0.675,0.98,1.0,0.423,0.294,0
6865,84,1,11,0.897,0.521,1.066,0.25,0.847,0.241,0
6866,57,0,11,0.917,0.527,0.959,1.0,0.506,-0.142,0
6867,49,0,12,1.187,0.525,0.84,0.75,0.202,0.168,1
6868,38,0,10,0.87,0.521,1.064,0.0,0.226,0.259,1
6869,71,1,10,1.096,0.651,0.563,0.0,0.457,0.548,1
6870,35,1,6,0.714,0.655,0.503,0.25,-0.033,0.032,0
6871,53,1,3,0.844,0.563,0.424,0.75,-0.276,0.052,0
6872,62,1,8,0.96,0.489,0.772,0.5,0.493,0.21,0
6873,66,0,5,0.742,0.574,0.731,0.75,0.379,0.226,0
6874,77,1,5,0.7,0.493,0.494,0.25,0.195,-0.054,1
6875,50,1,8,0.899,0.471,0.733,0.0,0.159,0.126,0
6876,71,1,11,0.852,0.517,0.84,0.5,0.445,-0.199,0
6877,62,0,6,0.727,0.376,0.723,0.0,0.267,-0.052,0
6878,57,1,11,0.824,0.629,0.884,0.5,0.203,0.133,0
6879,55,0,8,0.961,0.571,0.903,0.75,0.203,0.213,0
6880,30,0,10,1.024,0.612,0.933,0.5,0.557,0.112,0
6881,80,0,8,0.895,0.563,0.871,0.0,0.52,0.139,0
6882,39,0,3,0.866,0.535,0.75,0.0,0.528,0.175,0
6883,44,0,11,0.912,0.524,0.78,0.0,0.301,0.257,0
6884,73,0,9,0.903,0.575,0.695,0.0,-0.044,0.123,0
6885,41,0,5,0.792,0.673,0.398,0.0,-0.079,0.375,0
6886,58,0,3,0.828,0.589,0.445,0.75,0.036,0.238,0
6887,47,0,11,1.015,0.499,0.898,0.5,0.418,0.118,0
6888,53,0,12,1.015,0.518,0.7,0.75,0.171,0.298,0
6889,59,1,11,1.096,0.49,0.638,1.0,0.248,0.222,1
6890,68,0,5,1.104,0.543,0.232,0.0,-0.349,0.257,0
6891,76,0,12,0.873,0.616,1.175,0.5,0.713,0.227,1
6892,39,0,7,0.763,0.699,0.604,0.25,0.097,0.079,0
6893,78,0,3,0.936,0.628,0.419,0.0,-0.019,0.11,0
6894,77,0,7,0.885,0.506,0.747,0.25,0.246,0.085,0
6895,50,1,5,0.768,0.587,0.685,0.5,0.135,0.115,1
6896,52,1,4,1.004,0.589,0.691,0.0,0.589,0.369,0
6897,53,0,5,0.996,0.664,0.692,0.0,0.633,0.372,0
6898,36,1,7,0.976,0.574,0.786,0.0,0.387,0.284,0
6899,74,0,10,1.008,0.583,0.673,0.0,0.214,0.401,0
6900,50,1,8,0.694,0.398,0.716,0.5,0.102,-0.157,0
6901,46,0,3,0.532,0.605,0.644,0.0,0.439,-0.336,0
6902,66,1,7,0.899,0.491,0.517,1.0,0.169,0.261,0
6903,53,0,12,0.903,0.519,1.034,0.0,0.395,0.365,0
6904,62,1,5,0.811,0.621,0.758,0.5,0.086,0.195,0
6905,41,0,6,0.754,0.598,0.875,0.0,0.719,-0.17,0
6906,37,1,10,1.04,0.7,0.521,0.25,0.093,0.112,0
6907,67,0,10,0.891,0.492,0.885,0.0,0.647,0.372,1
6908,58,0,11,0.974,0.383,0.882,0.0,0.478,0.346,0
6909,48,1,12,0.865,0.557,0.829,0.0,0.376,0.301,0
6910,73,0,10,0.776,0.512,0.662,1.0,0.119,-0.254,0
6911,71,1,12,0.988,0.563,1.13,0.5,0.62,0.307,0
6912,57,0,8,0.676,0.535,0.919,0.0,0.629,-0.132,0
6913,74,0,7,0.864,0.586,0.718,0.0,0.234,0.097,0
6914,46,1,6,1.0,0.637,0.525,0.75,0.243,0.342,0
6915,73,0,12,0.919,0.609,0.985,0.0,0.422,0.224,0
6916,50,1,9,0.821,0.584,0.62,0.5,0.274,0.041,0
6917,62,1,6,0.977,0.488,0.6,1.0,0.39,0.359,0
6918,76,1,4,0.665,0.665,0.588,0.0,-0.017,0.058,0
6919,49,0,12,0.918,0.552,1.099,0.0,0.644,0.222,0
6920,59,0,7,0.788,0.617,0.546,0.25,0.116,-0.06,0
6921,76,0,8,0.847,0.685,0.759,0.0,0.051,-0.092,0
6922,32,0,7,0.95,0.594,0.618,0.0,0.174,0.096,0
6923,62,0,4,0.931,0.601,0.697,0.0,0.311,0.241,0
6924,83,0,12,1.039,0.561,0.808,0.0,0.605,0.216,1
6925,75,0,10,0.837,0.571,0.555,0.0,-0.104,0.051,0
6926,62,0,12,1.024,0.466,0.461,0.0,0.133,0.176,1
6927,77,0,4,0.804,0.677,0.487,0.0,0.18,-0.006,0
6928,84,0,3,0.824,0.609,0.646,0.0,0.679,-0.028,0
6929,71,0,4,0.759,0.444,0.561,0.0,0.141,-0.209,0
6930,54,0,8,0.789,0.476,0.754,0.5,0.546,0.123,1
6931,54,0,11,1.051,0.683,0.727,0.25,0.422,0.226,0
6932,69,0,12,1.033,0.7,0.869,0.0,0.147,0.116,0
6933,82,0,12,0.833,0.66,1.002,0.0,0.456,-0.018,0
6934,38,1,10,1.022,0.552,0.961,0.0,0.261,0.098,0
6935,77,1,8,0.939,0.513,0.89,1.0,0.263,0.25,0
6936,70,1,3,0.764,0.671,0.524,0.0,-0.035,0.056,0
6937,69,1,6,0.881,0.756,0.723,0.25,-0.075,0.291,0
6938,41,1,3,0.789,0.7,0.553,0.0,0.155,-0.21,0
6939,32,1,11,0.864,0.587,0.789,0.0,0.48,0.168,0
6940,37,1,6,1.048,0.502,0.628,0.0,-0.037,0.125,0
6941,45,0,5,0.802,0.761,0.618,0.5,0.327,0.102,0
6942,81,1,12,1.018,0.56,1.327,0.5,0.835,0.308,1
6943,45,1,10,0.908,0.708,0.839,0.75,0.216,0.089,0
6944,62,0,5,0.743,0.489,0.25,0.0,-0.297,-0.069,0
6945,81,1,11,0.919,0.545,0.942,0.5,0.369,0.192,0
6946,67,0,11,0.842,0.548,0.78,0.0,0.186,-0.247,1
6947,54,1,9,0.659,0.441,0.951,0.75,0.346,-0.296,0
6948,64,0,9,1.184,0.49,0.66,0.75,0.509,0.527,0
6949,36,0,9,0.937,0.521,0.556,0.0,0.01,0.225,0
6950,59,0,5,0.817,0.556,0.608,0.25,0.101,-0.031,0
6951,60,0,10,0.919,0.514,0.534,0.0,-0.09,0.126,0
6952,52,1,3,0.943,0.674,0.576,0.25,-0.075,0.34,0
6953,43,0,10,0.848,0.522,0.884,0.0,0.177,0.165,0
6954,38,1,9,0.7,0.632,0.59,0.0,0.113,0.009,0
6955,32,0,5,0.948,0.581,0.678,0.5,0.517,0.157,0
6956,36,0,4,1.122,0.515,0.697,1.0,0.296,0.279,0
6957,45,1,6,0.836,0.568,0.867,0.0,0.54,-0.004,0
6958,44,1,4,0.886,0.577,0.972,0.25,0.389,0.168,0
6959,71,0,12,1.004,0.624,0.909,0.0,0.397,0.37,0
6960,61,1,10,1.142,0.606,0.813,0.5,-0.043,0.389,0
6961,68,0,7,0.833,0.509,0.461,0.25,0.039,-0.048,0
6962,57,0,11,0.902,0.535,1.035,0.0,0.639,0.155,0
6963,82,1,7,0.816,0.591,0.705,1.0,0.346,-0.204,1
6964,39,0,11,0.91,0.496,0.823,0.25,0.082,0.046,0
6965,45,1,12,1.161,0.568,0.877,0.0,0.619,0.53,0
6966,56,0,5,1.046,0.631,0.742,0.75,0.322,0.24,0
6967,51,1,8,1.007,0.552,0.417,0.25,-0.175,0.19,0
6968,49,0,4,0.662,0.633,0.589,0.0,-0.003,-0.057,0
6969,66,1,8,0.831,0.722,0.976,1.0,0.366,0.055,1
6970,65,1,9,0.775,0.703,0.83,0.5,0.068,-0.015,0
6971,60,0,12,0.945,0.558,0.871,0.0,0.082,0.166,0
6972,70,1,5,0.76,0.481,0.649,0.5,-0.213,0.118,0
6973,63,1,7,0.856,0.604,0.598,0.0,-0.128,-0.037,0
6974,69,0,5,1.221,0.69,0.624,0.5,0.317,0.648,1
6975,65,0,10,0.976,0.542,1.016,0.0,0.523,0.258,1
6976,61,0,12,0.89,0.47,0.999,0.75,0.538,0.063,0
6977,47,0,11,1.1,0.459,0.674,0.0,-0.016,0.369,0
6978,68,1,6,0.735,0.502,0.712,0.0,0.121,-0.198,1
6979,41,1,7,0.833,0.604,0.973,0.0,0.63,0.034,0
6980,69,1,4,0.843,0.7,0.614,0.5,0.388,0.277,0
6981,53,0,8,1.015,0.59,0.763,0.25,0.214,0.361,0
6982,32,1,12,0.884,0.565,0.7,0.0,0.387,0.259,0
6983,49,1,8,0.934,0.634,1.059,0.0,0.674,0.194,0
6984,74,1,8,0.829,0.707,0.522,0.0,-0.014,-0.024,0
6985,35,0,9,0.822,0.622,1.099,0.5,0.488,0.058,0
6986,46,0,11,0.963,0.473,0.777,1.0,0.187,0.328,0
6987,71,0,9,0.897,0.546,0.743,0.0,0.255,0.279,0
6988,42,1,10,1.209,0.538,1.051,0.75,0.706,0.401,0
6989,56,0,7,0.944,0.57,0.667,0.25,0.077,0.066,0
6990,74,0,11,0.947,0.653,0.857,0.0,0.509,0.271,0
6991,53,1,3,0.775,0.6,0.407,0.25,-0.19,0.166,0
6992,66,1,10,0.735,0.522,0.791,0.0,0.066,0.041,0
6993,57,0,12,0.928,0.515,0.929,0.0,0.599,0.186,0
6994,48,0,6,1.049,0.667,0.548,1.0,0.174,0.328,1
6995,51,0,12,0.752,0.481,1.022,0.0,0.315,-0.172,0
6996,37,1,12,0.912,0.528,0.899,0.0,0.569,0.276,0
6997,67,1,7,0.871,0.653,0.665,0.0,0.096,0.188,0
6998,72,0,5,1.096,0.599,0.612,0.0,0.222,0.589,0
6999,46,0,7,0.726,0.563,0.671,0.5,0.227,-0.088,0
7000,76,1,12,1.165,0.46,0.632,0.5,0.385,0.29,1
7001,31,1,8,0.982,0.633,0.674,0.25,-0.041,0.239,0
7002,30,1,7,0.937,0.626,0.774,0.0,0.504,0.367,0
7003,54,1,4,0.657,0.618,0.603,0.0,0.019,-0.158,1
7004,67,0,3,0.89,0.494,0.784,0.0,0.088,0.144,0
7005,43,0,12,0.894,0.515,0.904,0.0,0.41,0.203,0
7006,77,0,7,0.792,0.727,0.727,0.75,-0.129,0.173,0
7007,32,0,3,0.612,0.552,0.475,1.0,-0.022,-0.033,0
7008,45,1,4,0.7,0.541,0.913,0.0,0.431,0.318,0
7009,75,1,3,0.504,0.56,0.418,0.0,-0.246,-0.125,0
7010,73,0,11,0.905,0.636,0.822,0.25,0.465,0.164,0
7011,35,1,5,0.956,0.739,0.276,0.25,-0.367,0.153,0
7012,40,0,7,0.985,0.723,0.952,0.75,0.668,0.208,0
7013,80,0,4,0.724,0.604,0.45,0.0,-0.25,-0.187,0
7014,77,1,9,1.152,0.584,0.7,0.0,0.52,0.451,0
7015,75,0,6,0.782,0.626,0.783,0.0,0.544,-0.02,0
7016,65,1,8,0.802,0.581,0.677,0.0,-0.023,-0.08,0
7017,33,1,3,0.896,0.589,0.683,0.0,-0.168,0.045,0
7018,48,0,9,0.903,0.662,0.615,0.0,0.055,-0.01,0
7019,43,0,8,0.91,0.681,0.826,0.0,-0.042,0.077,0
7020,41,0,12,1.019,0.621,0.801,0.0,0.354,0.174,0
7021,70,1,10,0.759,0.489,0.605,0.75,0.245,0.087,0
7022,67,0,4,0.897,0.658,0.462,0.0,0.252,0.162,0
7023,79,1,6,0.766,0.554,0.513,0.75,0.032,-0.071,1
7024,81,1,3,0.793,0.605,0.654,0.25,0.007,0.146,0
7025,45,1,3,0.988,0.681,0.501,0.0,0.078,0.416,0
7026,68,1,10,1.041,0.699,1.117,0.5,0.597,0.308,0
7027,80,0,7,0.784,0.577,0.714,0.5,0.095,0.089,0
7028,77,0,9,0.999,0.548,0.44,0.5,0.165,0.392,0
7029,66,1,6,0.828,0.698,0.7,0.5,0.521,-0.148,0
7030,76,0,4,1.013,0.566,0.735,0.75,0.368,0.209,1
7031,45,1,10,0.903,0.525,0.76,0.0,0.468,0.092,0
7032,66,1,9,0.767,0.544,0.771,0.0,0.588,0.042,0
7033,51,1,7,0.903,0.55,0.467,0.0,-0.063,0.157,0
7034,38,0,8,0.927,0.542,0.895,0.5,0.291,0.159,0
7035,59,0,12,0.998,0.611,0.924,0.5,0.691,0.251,0
7036,50,1,4,0.676,0.624,0.625,0.5,0.262,0.025,0
7037,80,1,10,0.839,0.63,0.703,0.0,0.278,0.179,1
7038,37,0,12,1.133,0.572,0.892,0.0,0.44,0.417,0
7039,31,1,3,0.836,0.637,0.102,0.5,-0.266,0.002,0
7040,38,0,3,0.651,0.627,0.645,0.75,0.191,-0.237,0
7041,35,0,8,0.801,0.655,0.233,0.0,-0.172,0.112,0
7042,45,0,10,0.96,0.6,0.7,0.0,0.054,0.006,0
7043,48,0,12,0.881,0.438,0.875,0.0,0.103,0.033,0
7044,82,1,7,0.96,0.542,0.528,0.0,0.333,0.079,0
7045,60,1,12,0.996,0.604,0.98,0.25,0.379,0.512,0
7046,35,1,11,1.106,0.632,0.791,0.0,0.349,0.218,1
7047,77,1,7,1.007,0.614,0.794,0.0,0.413,0.087,1
7048,61,0,9,0.809,0.794,0.7,0.0,0.202,-0.06,0
7049,63,0,10,0.801,0.523,0.7,0.25,-0.125,0.051,0
7050,84,0,5,0.8,0.559,0.638,1.0,-0.088,0.1,0
7051,71,0,10,0.903,0.621,0.591,0.0,0.14,0.367,0
7052,46,0,7,0.911,0.609,0.755,0.0,0.445,0.01,0
7053,41,1,4,1.059,0.566,0.59,1.0,-0.075,0.464,0
7054,67,1,7,0.859,0.454,0.737,0.0,0.386,0.247,0
7055,83,1,5,0.868,0.734,0.508,0.5,-0.13,0.149,0
7056,43,0,12,0.935,0.538,0.902,0.25,0.242,0.033,0
7057,31,1,3,0.714,0.597,0.791,0.0,0.561,-0.066,0
7058,58,0,9,0.805,0.534,0.829,0.5,0.129,0.026,0
7059,63,1,10,0.848,0.718,0.888,0.0,0.378,-0.031,0
7060,78,1,12,0.95,0.557,1.033,0.5,0.453,0.277,0
7061,73,1,5,0.64,0.522,0.648,0.0,0.144,0.044,0
7062,49,0,7,1.059,0.491,0.661,0.75,0.465,0.511,0
7063,50,1,12,1.109,0.507,0.876,0.0,0.234,0.203,0
7064,36,1,8,0.99,0.685,0.733,0.5,0.14,0.305,0
7065,51,0,4,0.816,0.514,0.505,0.25,-0.258,0.126,0
7066,80,1,8,0.787,0.637,0.756,0.5,0.514,-0.181,0
7067,45,1,5,0.7,0.655,0.513,1.0,-0.004,-0.053,0
7068,74,0,5,0.877,0.581,0.976,1.0,0.276,0.103,0
7069,78,0,8,1.029,0.587,0.961,0.75,0.519,0.004,0
7070,62,0,10,0.81,0.584,0.898,0.0,0.364,-0.215,0
7071,43,1,10,1.116,0.595,0.945,0.0,0.563,0.333,0
7072,34,0,8,1.173,0.51,0.703,0.0,0.202,0.262,0
7073,58,0,8,0.835,0.501,0.894,1.0,0.772,0.04,0
7074,50,0,4,0.793,0.45,0.702,0.0,0.475,0.02,0
7075,73,0,6,0.827,0.796,0.558,0.0,-0.262,0.02,0
7076,75,1,6,0.679,0.687,0.708,0.5,0.313,0.118,0
7077,41,1,4,0.691,0.476,0.512,0.5,0.09,-0.259,0
7078,81,1,4,0.977,0.791,0.54,0.0,0.242,0.141,0
7079,83,0,12,1.151,0.503,0.667,0.0,0.081,0.159,1
7080,51,0,10,1.008,0.547,0.716,0.75,0.21,0.444,0
7081,50,0,11,1.004,0.601,0.619,0.75,0.329,0.15,0
7082,49,0,3,0.678,0.666,0.572,0.25,0.278,-0.09,0
7083,78,0,6,0.957,0.668,0.378,0.0,-0.043,0.368,1
7084,39,1,12,1.101,0.441,0.907,0.25,0.412,0.368,1
7085,65,1,4,0.977,0.583,0.49,0.0,-0.023,0.391,0
7086,39,0,9,0.656,0.568,0.563,0.0,-0.238,-0.104,0
7087,58,0,9,0.961,0.498,0.7,0.0,0.276,0.397,0
7088,63,1,5,0.691,0.539,0.826,0.5,0.376,0.02,0
7089,66,0,11,0.97,0.574,0.703,0.0,0.233,0.22,0
7090,61,0,5,0.771,0.608,0.7,0.0,0.331,-0.211,0
7091,41,1,9,0.94,0.477,0.932,0.25,0.655,0.187,0
7092,81,0,9,0.932,0.529,0.725,0.0,0.13,0.148,1
7093,59,0,3,0.679,0.505,0.784,1.0,0.292,-0.078,0
7094,42,1,5,1.017,0.637,0.905,0.75,0.301,0.071,0
7095,82,0,3,0.765,0.623,0.77,0.0,0.416,-0.079,0
7096,57,1,11,1.005,0.521,0.782,0.0,0.228,0.219,1
7097,38,1,7,0.8,0.68,0.824,0.0,0.158,0.011,0
7098,62,1,11,0.959,0.377,0.637,0.5,-0.106,0.15,0
7099,31,0,9,1.023,0.667,1.155,0.0,0.596,0.358,1
7100,60,1,8,1.024,0.568,0.701,0.0,0.163,0.265,0
7101,73,1,3,0.699,0.686,0.2,0.0,0.044,-0.296,0
7102,63,0,7,0.967,0.498,0.719,0.0,0.019,0.192,0
7103,70,1,12,1.179,0.515,0.939,0.75,0.613,0.265,1
7104,51,0,9,1.054,0.474,0.65,0.0,0.047,0.319,0
7105,32,1,5,0.827,0.704,0.684,0.0,0.495,0.209,0
7106,33,1,8,0.731,0.6,0.663,0.0,0.312,-0.045,0
7107,45,1,10,0.793,0.589,0.743,0.0,0.527,0.081,0
7108,35,0,10,1.031,0.625,0.876,0.0,0.7,0.037,0
7109,42,1,11,0.986,0.524,0.493,0.25,0.226,0.151,1
7110,43,0,12,0.851,0.495,1.088,0.25,0.719,0.151,0
7111,46,0,5,0.798,0.487,0.738,0.5,0.108,-0.031,0
7112,47,0,12,1.13,0.404,0.73,0.25,-0.127,0.484,0
7113,54,0,5,0.763,0.514,0.664,0.0,-0.054,0.187,0
7114,83,0,5,0.843,0.594,0.599,0.0,0.018,-0.047,0
7115,37,1,5,0.627,0.606,0.662,0.0,0.414,-0.148,0
7116,74,1,8,0.916,0.734,0.736,0.5,0.237,-0.051,0
7117,46,0,8,0.915,0.554,0.571,0.25,0.153,0.252,0
7118,51,0,5,0.554,0.445,0.587,0.0,0.215,-0.189,0
7119,47,1,12,1.121,0.39,1.024,0.0,0.372,0.44,0
7120,68,1,5,0.879,0.748,0.439,0.0,-0.086,0.161,0
7121,58,1,4,0.79,0.697,0.646,0.0,0.045,0.062,0
7122,30,1,9,1.052,0.59,0.72,0.0,0.575,0.236,0
7123,65,1,9,1.168,0.437,1.012,0.5,0.602,0.269,0
7124,61,0,7,0.744,0.538,0.7,0.0,0.252,0.044,0
7125,61,1,4,0.776,0.628,0.596,0.0,0.061,0.059,0
7126,70,1,7,0.936,0.696,0.462,0.5,-0.18,0.303,0
7127,78,0,4,0.971,0.459,0.694,0.0,-0.006,0.269,0
7128,54,1,12,0.891,0.548,0.929,0.0,0.323,-0.007,1
7129,70,0,3,0.839,0.684,0.75,0.0,0.336,0.139,0
7130,70,1,8,1.05,0.693,0.698,0.0,0.203,0.208,0
7131,59,0,6,0.779,0.587,0.582,0.5,-0.092,-0.248,0
7132,52,0,9,0.991,0.7,0.641,0.0,0.392,0.272,0
7133,33,0,3,0.986,0.585,0.522,0.0,-0.089,0.144,0
7134,57,0,9,1.044,0.678,1.022,0.0,0.663,0.265,0
7135,34,0,10,0.886,0.552,0.984,0.75,0.466,0.266,0
7136,48,1,7,0.803,0.612,0.594,0.0,0.366,0.217,0
7137,83,0,5,0.721,0.517,0.757,0.0,0.206,-0.137,0
7138,46,1,9,0.874,0.543,0.681,0.0,0.43,0.073,0
7139,60,0,12,1.089,0.514,0.962,0.25,0.18,0.242,0
7140,59,0,11,0.858,0.552,0.814,1.0,0.701,0.07,1
7141,56,0,11,1.034,0.566,0.693,0.75,0.123,0.214,0
7142,42,1,5,0.921,0.467,0.481,1.0,-0.086,0.127,0
7143,52,1,3,0.871,0.64,0.681,1.0,0.329,0.121,0
7144,40,1,6,0.904,0.585,0.464,0.0,-0.05,0.284,0
7145,41,1,8,0.836,0.623,0.549,0.5,0.114,-0.037,0
7146,71,1,3,0.817,0.611,0.205,1.0,-0.198,0.049,0
7147,46,0,6,0.707,0.73,0.676,0.5,0.386,-0.13,0
7148,36,1,7,1.029,0.576,0.975,0.75,0.437,0.388,1
7149,51,0,12,1.065,0.532,0.827,0.0,0.274,0.294,0
7150,31,0,5,0.899,0.624,0.671,1.0,0.381,0.045,0
7151,45,0,9,0.892,0.603,0.861,1.0,0.227,0.319,0
7152,59,1,12,1.048,0.533,1.113,0.0,0.638,0.289,0
7153,37,0,12,0.99,0.559,0.846,0.0,0.225,0.125,0
7154,56,0,8,0.754,0.588,0.923,0.0,0.234,-0.018,0
7155,34,0,10,0.915,0.483,0.7,0.25,0.313,0.222,0
7156,54,1,10,1.018,0.544,0.96,0.0,0.331,0.167,0
7157,82,0,12,1.048,0.535,0.921,0.25,0.435,0.621,0
7158,35,0,9,0.758,0.532,0.61,0.5,0.451,0.01,0
7159,37,0,12,1.141,0.618,0.946,0.25,0.246,0.47,0
7160,60,0,9,0.902,0.502,0.933,0.5,0.238,0.085,1
7161,71,0,9,0.883,0.71,0.88,0.5,0.347,-0.049,0
7162,59,1,3,0.896,0.669,0.5,0.0,-0.097,0.23,0
7163,68,0,8,0.76,0.503,0.641,0.0,-0.149,-0.156,0
7164,76,1,4,0.753,0.691,0.418,0.0,-0.116,0.21,0
7165,53,1,12,1.224,0.664,0.607,0.0,0.207,0.524,1
7166,57,0,8,0.867,0.595,0.767,1.0,0.127,0.241,0
7167,41,0,7,0.706,0.639,0.951,1.0,0.293,-0.064,0
7168,73,1,5,0.97,0.547,0.625,1.0,0.234,0.063,0
7169,47,0,9,1.044,0.622,0.978,0.0,0.599,0.177,1
7170,49,1,10,0.929,0.523,0.607,0.0,0.207,0.06,0
7171,31,1,9,0.917,0.475,0.566,0.0,-0.018,0.277,0
7172,73,0,5,0.871,0.603,0.267,0.0,-0.435,-0.047,0
7173,30,1,5,0.934,0.51,0.64,0.0,0.386,0.006,0
7174,45,1,7,1.013,0.475,0.589,0.0,-0.124,0.025,1
7175,57,1,10,0.999,0.521,1.05,0.75,0.291,0.292,1
7176,46,1,8,1.066,0.7,0.788,1.0,0.028,0.206,0
7177,81,0,11,1.005,0.59,0.96,0.25,0.338,0.291,0
7178,73,0,5,1.014,0.672,0.676,1.0,0.159,0.005,0
7179,71,1,8,0.771,0.656,0.68,0.0,-0.065,0.046,0
7180,72,1,5,0.871,0.529,0.68,0.0,0.154,-0.015,0
7181,35,0,8,0.984,0.656,0.613,0.0,0.13,0.085,0
7182,34,1,3,0.852,0.556,0.571,0.25,0.195,0.128,0
7183,72,0,7,0.818,0.509,0.7,1.0,0.079,0.055,0
7184,80,1,11,0.884,0.548,0.97,0.5,0.304,0.249,0
7185,70,0,12,1.038,0.504,0.957,0.75,0.546,0.245,0
7186,77,0,7,0.895,0.512,0.773,0.75,0.073,0.098,0
7187,54,1,10,0.845,0.582,0.727,0.0,0.535,0.366,0
7188,46,1,6,0.913,0.575,0.743,0.0,0.527,0.139,0
7189,68,0,5,0.662,0.536,0.603,1.0,0.436,-0.138,0
7190,48,0,8,0.761,0.522,0.494,0.0,0.027,0.062,0
7191,74,1,8,0.816,0.645,0.676,0.0,0.102,0.164,0
7192,41,1,3,0.926,0.706,0.528,0.0,-0.062,0.085,0
7193,80,0,8,0.583,0.621,0.7,0.0,0.238,0.006,0
7194,55,1,10,0.781,0.515,0.847,0.0,0.194,-0.074,0
7195,81,1,4,0.57,0.546,0.711,0.5,0.194,-0.117,0
7196,52,0,11,1.052,0.536,0.892,0.0,0.744,0.297,0
7197,54,1,10,0.642,0.531,1.077,0.25,0.428,0.031,0
7198,49,1,5,0.763,0.58,0.674,0.0,0.426,0.131,0
7199,83,0,3,0.959,0.696,0.356,0.0,-0.216,0.093,0
7200,48,0,12,0.907,0.527,0.797,0.0,0.352,0.174,0
7201,84,0,7,0.887,0.479,0.826,0.0,0.794,-0.047,0
7202,46,1,7,0.695,0.603,0.81,0.5,0.489,-0.3,0
7203,82,1,12,1.037,0.621,0.788,0.5,0.241,0.455,0
7204,63,1,8,0.748,0.595,0.652,0.0,0.052,0.154,0
7205,59,0,7,0.876,0.628,0.502,0.25,0.071,0.176,0
7206,82,0,6,0.805,0.717,0.295,0.25,-0.531,0.011,0
7207,67,0,12,0.943,0.572,1.031,0.0,0.823,0.195,0
7208,58,0,9,1.127,0.488,0.813,0.0,0.45,0.298,0
7209,33,0,11,0.858,0.617,0.811,0.75,-0.073,0.194,0
7210,59,1,11,0.968,0.7,1.02,0.0,0.525,0.227,0
7211,32,0,11,0.779,0.427,0.838,0.75,0.583,0.151,0
7212,76,0,3,0.804,0.748,0.589,0.0,0.319,-0.123,0
7213,77,0,6,0.902,0.583,0.235,0.0,-0.266,0.173,0
7214,66,1,11,0.778,0.503,0.871,0.25,0.25,-0.141,0
7215,49,1,3,0.859,0.75,0.583,0.75,0.111,0.2,0
7216,52,1,4,0.876,0.712,0.62,0.0,-0.075,-0.073,0
7217,75,0,10,1.085,0.608,0.7,0.0,0.573,0.276,0
7218,46,1,11,0.712,0.444,1.077,0.0,0.503,0.19,0
7219,83,0,9,1.082,0.504,0.813,0.5,0.436,0.258,0
7220,39,1,3,0.675,0.516,0.735,0.75,0.247,-0.01,0
7221,34,0,3,1.08,0.487,0.698,0.75,0.352,0.464,0
7222,47,0,6,0.78,0.489,0.571,0.75,-0.013,0.014,0
7223,32,0,3,0.706,0.637,0.293,0.75,-0.203,-0.08,0
7224,82,1,9,0.96,0.588,0.539,0.0,-0.087,0.294,1
7225,30,1,11,1.001,0.638,0.715,0.0,0.157,0.083,0
7226,46,0,10,0.719,0.593,0.772,0.0,0.278,-0.054,0
7227,63,0,7,0.919,0.615,0.822,0.0,0.328,0.332,0
7228,43,1,11,0.853,0.596,0.677,0.0,0.443,0.155,0
7229,77,1,9,1.037,0.699,0.864,0.0,0.433,0.337,1
7230,47,0,9,0.89,0.655,0.595,0.25,0.256,0.13,0
7231,64,1,10,0.79,0.646,0.662,0.25,0.095,0.249,0
7232,82,0,4,0.659,0.654,0.444,0.75,-0.111,0.223,1
7233,44,0,11,0.996,0.493,1.005,0.0,0.679,0.013,0
7234,75,0,9,0.729,0.571,0.957,0.5,0.223,-0.156,0
7235,60,0,10,1.094,0.511,1.02,0.0,0.544,0.22,0
7236,39,1,5,0.782,0.678,0.729,0.0,0.407,0.085,0
7237,59,0,4,0.8,0.485,0.512,0.0,0.24,-0.061,0
7238,81,1,6,0.7,0.556,0.424,0.25,0.017,0.203,0
7239,73,1,5,0.888,0.7,0.429,0.0,-0.271,0.017,0
7240,34,1,9,1.088,0.554,0.918,0.25,0.691,0.347,0
7241,46,1,6,0.678,0.61,0.695,0.25,0.216,0.003,0
7242,76,1,5,0.803,0.638,0.605,0.0,0.033,-0.136,0
7243,50,0,7,0.686,0.666,0.899,0.0,0.574,-0.027,0
7244,55,0,3,0.653,0.465,0.626,0.5,0.222,-0.1,0
7245,55,0,4,0.92,0.575,0.769,0.0,0.494,0.129,0
7246,59,1,8,0.847,0.537,0.594,0.75,0.022,0.018,0
7247,45,1,3,0.735,0.7,0.87,0.0,0.403,0.132,0
7248,60,1,9,0.947,0.521,0.796,0.0,0.528,0.337,0
7249,53,1,10,1.005,0.462,0.656,0.75,0.15,0.235,0
7250,68,0,11,0.986,0.7,0.717,0.75,0.039,0.328,0
7251,38,1,5,0.925,0.603,0.715,0.25,0.04,0.137,0
7252,39,0,4,0.719,0.605,0.665,1.0,0.092,0.277,0
7253,83,0,6,0.76,0.632,0.77,0.0,0.125,0.068,1
7254,68,1,3,0.805,0.623,0.391,0.25,0.162,0.14,0
7255,75,1,4,0.841,0.672,0.569,0.5,0.49,0.188,1
7256,60,0,6,0.891,0.575,0.561,1.0,-0.15,0.131,0
7257,76,0,3,0.964,0.551,0.582,0.0,0.082,0.445,0
7258,53,0,11,0.883,0.537,0.792,0.0,-0.112,0.214,0
7259,72,1,4,0.759,0.625,0.561,0.75,-0.139,0.179,0
7260,73,1,6,0.711,0.675,0.595,0.0,0.211,-0.113,0
7261,54,1,11,1.105,0.53,0.903,0.0,0.463,0.495,0
7262,51,1,12,0.921,0.477,0.859,1.0,0.106,0.18,0
7263,77,1,12,0.896,0.488,1.104,0.0,0.621,0.216,0
7264,50,0,4,0.871,0.626,0.483,0.0,-0.217,0.108,0
7265,42,1,12,0.814,0.557,0.876,0.0,0.47,0.155,0
7266,75,1,12,0.891,0.549,0.912,0.75,0.589,-0.012,1
7267,36,0,6,0.952,0.566,0.643,0.5,0.122,0.252,0
7268,40,1,8,0.977,0.554,0.828,0.5,0.364,0.241,0
7269,48,0,10,1.052,0.472,0.726,0.0,-0.018,0.235,0
7270,70,1,4,0.441,0.534,0.304,0.0,-0.374,-0.033,0
7271,84,0,9,0.917,0.691,0.898,0.0,0.458,0.138,1
7272,82,1,3,0.791,0.514,0.838,0.25,0.278,0.063,0
7273,64,0,11,1.096,0.408,1.107,1.0,0.402,0.356,1
7274,84,0,7,0.52,0.578,0.57,0.0,0.091,-0.409,1
7275,76,0,3,1.034,0.603,0.702,0.0,0.002,0.252,0
7276,36,1,9,1.059,0.65,0.996,0.5,0.697,0.219,0
7277,42,0,4,0.796,0.737,0.482,0.0,0.064,0.133,0
7278,78,1,7,0.826,0.672,0.854,0.0,0.518,0.095,0
7279,39,0,9,0.941,0.589,0.683,0.0,0.563,0.386,0
7280,58,1,10,0.971,0.521,0.763,0.0,0.364,0.252,0
7281,67,1,5,0.721,0.549,0.809,0.0,0.583,0.107,0
7282,30,0,6,0.811,0.648,0.592,1.0,0.306,0.054,0
7283,69,0,3,0.784,0.655,0.429,0.5,-0.005,0.044,0
7284,60,1,6,0.913,0.568,0.702,0.25,0.009,0.446,0
7285,33,1,8,0.962,0.569,1.052,0.0,0.47,0.198,0
7286,52,1,10,1.111,0.558,1.107,0.75,0.488,0.262,0
7287,52,0,11,1.042,0.483,0.803,0.5,0.372,0.34,0
7288,52,1,11,1.051,0.555,1.034,0.0,0.667,0.083,0
7289,65,0,10,0.902,0.602,0.624,0.5,0.295,0.124,0
7290,72,0,6,0.864,0.745,0.845,0.0,0.583,-0.158,0
7291,39,1,7,0.802,0.669,0.496,1.0,0.098,0.189,0
7292,57,1,7,0.682,0.691,0.93,0.0,0.387,-0.158,0
7293,56,0,3,0.726,0.652,0.532,1.0,0.004,-0.116,0
7294,45,0,12,0.955,0.542,1.077,0.0,0.822,0.07,0
7295,61,1,5,0.883,0.69,0.7,0.5,0.193,0.183,0
7296,31,0,11,0.923,0.657,0.925,0.0,0.472,0.118,0
7297,39,1,6,0.85,0.547,0.343,0.75,-0.25,0.091,0
7298,59,0,4,0.587,0.448,0.439,0.0,-0.043,-0.409,0
7299,41,1,8,0.996,0.614,0.491,0.5,-0.194,0.312,0
7300,51,1,4,0.83,0.574,0.782,0.25,0.082,0.16,0
7301,68,0,3,0.775,0.589,0.872,1.0,0.257,0.047,0
7302,78,0,6,0.809,0.493,0.999,1.0,0.679,0.201,1
7303,38,1,3,0.664,0.652,0.601,0.0,0.343,-0.034,0
7304,31,1,8,1.071,0.532,0.584,0.5,0.024,0.107,0
7305,76,1,5,0.773,0.609,0.649,0.0,0.151,-0.112,0
7306,30,0,11,1.075,0.508,0.839,0.25,0.139,0.385,0
7307,39,0,12,0.905,0.556,0.914,0.0,0.55,0.119,0
7308,66,1,12,1.032,0.444,0.868,1.0,0.216,0.512,0
7309,53,1,4,0.897,0.54,0.71,0.0,0.602,0.213,0
7310,51,1,4,0.751,0.692,0.761,0.0,0.293,-0.125,0
7311,50,1,8,0.988,0.702,0.754,0.25,0.248,0.504,0
7312,42,0,9,0.739,0.453,0.95,1.0,0.421,-0.003,0
7313,66,0,7,0.778,0.553,0.729,0.5,0.291,0.117,0
7314,43,0,9,1.049,0.629,0.689,0.0,0.361,0.172,0
7315,32,0,12,0.88,0.64,1.008,0.75,0.319,0.044,0
7316,66,1,12,1.097,0.441,1.199,0.75,0.499,0.579,1
7317,83,1,9,0.887,0.589,0.776,0.0,0.497,-0.054,0
7318,31,0,8,0.964,0.599,0.7,1.0,-0.004,0.218,0
7319,57,0,11,0.983,0.475,0.7,0.25,0.292,0.151,0
7320,56,0,5,0.82,0.694,0.606,0.0,0.272,-0.11,1
7321,69,1,4,0.814,0.599,0.621,0.75,0.113,0.202,1
7322,46,0,7,0.853,0.553,0.805,0.0,0.584,0.063,0
7323,76,1,11,0.883,0.581,0.586,0.0,0.12,0.193,0
7324,83,1,6,1.042,0.685,0.853,0.0,0.524,0.336,0
7325,56,1,3,0.575,0.584,0.264,0.75,-0.32,-0.161,0
7326,38,0,10,0.907,0.519,1.118,1.0,0.77,0.143,0
7327,43,1,8,0.924,0.54,0.635,0.0,0.105,0.309,0
7328,79,0,12,0.798,0.565,1.008,0.0,0.336,0.098,0
7329,68,1,8,1.052,0.634,0.785,0.5,0.474,0.342,1
7330,42,1,4,0.685,0.66,0.569,0.0,0.188,0.095,0
7331,37,1,11,0.992,0.635,1.286,0.25,0.781,0.088,0
7332,56,0,4,0.687,0.69,0.163,0.0,-0.318,0.043,0
7333,33,1,6,0.983,0.656,0.727,0.0,0.134,0.106,0
7334,67,1,7,0.985,0.399,0.803,0.0,0.179,0.325,0
7335,41,1,6,0.76,0.623,0.999,0.0,0.523,-0.113,0
7336,53,0,10,1.1,0.495,0.7,0.0,0.177,0.216,0
7337,61,0,12,0.874,0.54,0.764,0.0,0.094,0.182,1
7338,68,1,6,0.842,0.55,0.912,0.5,0.33,0.09,1
7339,67,0,4,0.936,0.651,0.492,0.0,0.027,0.298,0
7340,31,1,3,0.917,0.571,0.999,0.0,0.643,0.085,0
7341,41,0,4,0.912,0.582,0.848,0.25,0.507,0.18,0
7342,68,0,4,0.767,0.524,0.947,0.5,0.72,-0.198,0
7343,30,0,12,0.737,0.493,0.949,0.25,0.361,0.039,0
7344,64,1,10,0.838,0.487,0.533,1.0,0.021,0.034,1
7345,81,0,5,0.887,0.564,0.472,0.75,0.023,0.03,0
7346,46,1,5,0.744,0.635,0.64,0.0,0.048,0.272,0
7347,78,0,4,0.588,0.617,0.719,0.0,0.219,-0.146,0
7348,75,0,9,0.872,0.645,0.473,0.0,-0.258,0.127,0
7349,41,0,7,0.775,0.631,0.59,1.0,0.433,0.176,0
7350,76,0,3,0.51,0.57,0.419,0.0,-0.281,-0.194,0
7351,40,1,5,0.889,0.655,0.793,0.25,0.379,0.22,0
7352,81,1,3,0.7,0.636,0.552,0.25,0.178,-0.051,0
7353,83,0,8,0.804,0.59,0.835,0.75,0.263,0.098,0
7354,79,0,4,0.786,0.672,0.804,0.25,0.53,-0.021,0
7355,32,1,4,0.646,0.68,0.811,0.0,0.73,-0.072,1
7356,49,0,6,0.932,0.63,0.528,0.0,0.016,0.133,0
7357,77,1,4,0.658,0.656,0.57,0.0,-0.083,0.023,1
7358,80,1,12,0.955,0.409,0.656,0.0,0.17,0.379,0
7359,61,1,11,1.197,0.542,0.7,0.0,0.274,0.473,1
7360,34,1,10,0.855,0.491,0.869,0.0,0.429,0.095,0
7361,57,1,4,0.7,0.581,0.731,0.75,0.076,0.381,1
7362,53,0,8,0.964,0.483,0.55,0.0,-0.076,0.254,0
7363,38,0,9,0.866,0.447,0.91,0.0,0.794,-0.058,0
7364,44,0,8,0.924,0.421,0.876,0.0,0.409,0.164,0
7365,62,1,4,0.724,0.55,0.805,0.0,0.103,0.069,0
7366,81,0,7,0.987,0.58,0.837,0.75,0.137,0.387,1
7367,59,1,3,0.928,0.591,0.358,0.75,-0.141,0.142,0
7368,79,0,3,0.749,0.636,0.177,0.75,0.253,-0.117,1
7369,55,1,7,0.98,0.606,0.75,1.0,0.406,0.163,0
7370,42,0,10,0.97,0.51,0.785,0.25,0.187,0.046,0
7371,57,0,10,1.141,0.587,0.809,0.5,0.511,0.53,0
7372,38,1,3,0.79,0.621,0.437,1.0,0.057,0.076,0
7373,49,1,9,1.17,0.493,0.728,0.0,-0.054,0.435,0
7374,57,0,12,1.007,0.52,0.892,1.0,0.344,0.373,0
7375,33,0,11,0.938,0.541,0.7,1.0,0.247,0.074,0
7376,52,0,4,0.802,0.558,0.475,0.0,0.064,-0.049,0
7377,37,0,12,0.937,0.638,0.888,0.25,0.217,0.267,0
7378,79,0,3,0.729,0.728,0.48,0.0,-0.054,0.182,0
7379,70,1,9,1.076,0.735,0.711,0.75,0.472,0.509,0
7380,73,0,7,0.809,0.485,0.799,0.0,0.553,0.286,0
7381,48,0,8,0.769,0.532,0.468,0.25,0.127,-0.064,0
7382,30,0,4,0.826,0.607,0.373,0.25,-0.237,0.033,0
7383,67,0,9,0.931,0.538,0.719,0.25,0.149,0.231,0
7384,70,0,7,0.927,0.636,0.702,0.5,0.009,0.058,0
7385,47,0,3,0.753,0.611,0.556,0.5,0.126,0.113,0
7386,30,1,10,0.972,0.539,0.561,0.0,0.189,0.175,0
7387,71,0,7,0.719,0.611,0.65,0.25,0.247,0.024,0
7388,30,1,3,1.055,0.682,0.7,0.5,0.373,0.334,0
7389,73,1,5,0.798,0.578,0.831,0.75,0.249,0.015,0
7390,64,0,7,0.822,0.676,0.726,0.5,0.312,0.005,0
7391,53,1,3,0.75,0.619,0.7,0.5,0.317,-0.026,0
7392,78,1,11,0.866,0.693,0.875,0.5,0.571,-0.019,1
7393,68,0,4,0.961,0.645,0.88,1.0,0.482,0.464,0
7394,49,0,6,0.757,0.454,0.861,0.5,0.566,0.004,0
7395,43,1,5,0.798,0.623,0.275,0.0,0.177,-0.248,0
7396,35,1,10,0.785,0.607,0.714,0.75,0.097,-0.096,0
7397,59,1,9,0.772,0.7,1.009,0.0,0.548,-0.056,0
7398,51,0,6,0.947,0.607,0.719,0.5,0.236,0.101,0
7399,34,1,3,1.003,0.594,0.272,0.0,-0.33,0.217,0
7400,36,1,3,0.91,0.708,0.389,0.0,-0.282,-0.1,0
7401,35,0,4,0.858,0.605,0.223,0.0,-0.139,0.153,0
7402,36,0,6,0.689,0.515,0.81,0.0,0.41,-0.026,0
7403,82,0,12,0.983,0.435,0.873,0.0,0.326,0.222,0
7404,81,1,8,0.873,0.501,0.554,0.5,0.211,0.131,0
7405,59,1,8,0.864,0.616,0.923,0.75,0.281,0.192,1
7406,31,0,11,1.135,0.651,1.048,0.0,0.929,0.358,0
7407,82,1,6,0.791,0.645,0.65,1.0,0.333,0.068,1
7408,77,1,4,0.901,0.712,0.626,0.0,0.236,0.158,0
7409,72,1,12,1.113,0.614,1.284,0.5,0.584,0.395,1
7410,51,1,8,0.685,0.569,0.629,0.75,-0.072,0.019,0
7411,44,0,8,0.7,0.6,0.631,0.0,0.113,-0.014,0
7412,61,1,6,0.784,0.679,0.675,0.0,0.207,-0.015,0
7413,31,1,4,0.914,0.621,0.334,0.0,0.055,0.214,0
7414,80,0,10,0.798,0.469,0.879,0.5,0.313,0.055,1
7415,59,1,9,0.622,0.527,0.774,0.0,0.098,0.045,0
7416,66,1,8,0.978,0.463,0.919,0.0,0.379,0.278,0
7417,58,0,8,0.979,0.572,0.726,0.25,0.534,0.31,0
7418,44,0,7,0.813,0.604,0.836,0.0,0.159,0.041,0
7419,63,0,6,0.795,0.397,0.351,0.0,-0.409,0.082,0
7420,48,0,8,0.961,0.636,0.72,0.25,0.205,0.095,0
7421,56,0,7,0.735,0.595,0.834,0.0,0.134,-0.038,0
7422,38,0,7,0.77,0.68,0.617,0.25,-0.083,0.236,0
7423,54,0,4,0.981,0.599,0.443,0.0,-0.038,0.165,0
7424,57,0,8,1.026,0.57,0.623,0.0,0.106,0.091,0
7425,71,1,9,0.718,0.578,0.75,1.0,0.25,-0.052,1
7426,51,0,7,0.895,0.494,0.916,0.0,0.427,0.093,0
7427,34,1,3,0.949,0.67,0.575,0.5,0.214,0.469,0
7428,31,1,12,1.085,0.657,0.661,0.0,0.154,0.24,0
7429,80,0,3,0.74,0.548,0.348,0.5,-0.192,0.068,0
7430,44,0,7,1.082,0.613,0.998,0.0,0.47,0.282,0
7431,79,0,3,0.999,0.56,0.601,0.0,-0.165,0.071,0
7432,52,0,10,0.917,0.514,0.45,1.0,0.247,0.201,0
7433,72,0,3,0.833,0.547,0.301,0.0,0.031,0.062,0
7434,44,1,12,0.966,0.559,0.941,0.0,0.56,0.209,0
7435,30,0,8,0.941,0.665,1.035,0.0,0.726,0.168,0
7436,46,1,10,1.027,0.486,0.6,0.0,0.288,0.356,0
7437,76,1,3,0.794,0.677,0.526,1.0,0.075,0.222,0
7438,65,1,10,0.763,0.531,0.756,0.25,0.094,0.092,0
7439,69,0,3,0.713,0.598,0.631,0.0,0.256,-0.155,0
7440,51,0,12,0.88,0.466,1.199,0.25,0.635,0.17,0
7441,78,0,11,0.992,0.476,0.962,0.25,0.714,0.128,0
7442,83,1,8,1.029,0.563,0.789,0.0,0.372,0.194,0
7443,60,0,6,1.002,0.53,0.524,0.0,0.194,0.043,0
7444,49,0,7,0.986,0.486,0.864,0.75,0.485,0.317,0
7445,68,0,8,1.159,0.634,0.785,0.75,0.397,0.459,0
7446,55,0,11,0.676,0.572,0.95,0.25,0.298,-0.024,1
7447,63,0,3,0.903,0.578,0.741,0.5,0.253,0.163,0
7448,31,0,11,1.026,0.562,0.923,0.0,0.298,0.426,0
7449,33,1,8,0.921,0.55,0.76,1.0,0.194,0.094,0
7450,64,0,12,0.883,0.548,1.181,0.5,0.614,0.207,0
7451,59,0,7,0.855,0.785,0.666,0.0,0.299,0.0,0
7452,64,1,12,0.703,0.486,0.997,1.0,0.544,-0.087,0
7453,30,0,7,0.761,0.555,0.746,0.0,0.152,0.0,0
7454,65,1,3,0.851,0.496,0.7,0.5,0.758,0.137,0
7455,40,0,7,1.077,0.504,0.781,0.0,0.109,0.53,0
7456,48,1,10,0.834,0.65,1.016,1.0,0.607,0.066,0
7457,45,0,12,1.164,0.515,0.89,0.0,0.334,0.48,0
7458,74,1,7,0.815,0.51,0.862,0.0,0.572,0.051,0
7459,34,0,8,0.957,0.616,0.622,1.0,0.335,0.216,0
7460,30,1,7,0.856,0.65,1.048,0.75,0.475,0.169,0
7461,59,0,4,0.812,0.507,0.55,0.25,0.008,0.087,0
7462,71,1,6,0.7,0.583,0.639,1.0,0.218,0.053,0
7463,48,1,12,1.096,0.559,1.185,0.5,0.402,0.408,1
7464,34,1,7,1.03,0.482,0.756,0.0,0.094,0.239,0
7465,54,1,12,0.971,0.533,0.845,0.75,0.425,0.271,0
7466,41,0,3,0.708,0.616,0.303,0.0,-0.162,-0.125,0
7467,41,0,4,0.87,0.618,0.406,1.0,-0.244,0.132,0
7468,59,0,11,1.006,0.593,0.893,0.25,0.8,0.225,0
7469,84,0,9,0.79,0.462,0.832,0.0,0.096,0.089,0
7470,72,1,9,0.967,0.62,0.553,0.25,-0.257,0.362,0
7471,68,0,9,0.71,0.561,0.682,0.0,0.171,0.01,0
7472,31,1,3,0.644,0.583,0.402,0.0,-0.326,0.041,0
7473,42,1,5,0.976,0.563,0.696,0.0,-0.031,0.055,0
7474,76,1,9,0.918,0.598,0.62,1.0,-0.002,0.038,1
7475,77,0,3,0.83,0.53,0.808,0.5,0.284,-0.068,1
7476,77,1,4,0.829,0.595,0.55,0.75,0.004,0.09,0
7477,42,0,6,1.046,0.552,0.707,0.0,0.348,0.271,0
7478,42,1,3,0.731,0.671,0.476,1.0,0.03,-0.133,0
7479,31,0,9,1.038,0.486,0.786,0.0,0.402,0.334,0
7480,72,0,10,0.841,0.591,0.7,0.0,-0.009,-0.036,0
7481,59,1,7,0.907,0.666,1.019,0.0,0.645,0.183,1
7482,69,1,6,0.959,0.667,0.714,0.0,0.328,0.158,0
7483,33,0,5,0.794,0.566,0.253,0.0,0.004,0.041,0
7484,78,0,11,1.139,0.606,0.555,0.25,0.181,0.359,1
7485,50,0,8,0.803,0.652,0.736,0.5,0.43,-0.186,0
7486,69,0,10,1.148,0.668,0.731,0.0,0.244,0.359,0
7487,77,0,4,0.862,0.651,0.481,0.5,-0.038,0.027,0
7488,52,0,3,0.809,0.629,0.692,0.0,0.111,0.072,0
7489,31,0,11,1.092,0.442,1.096,0.5,0.359,0.175,0
7490,40,1,9,0.7,0.569,0.761,0.75,0.154,-0.087,1
7491,79,1,3,0.7,0.616,0.54,0.25,-0.101,-0.262,0
7492,30,1,12,0.939,0.7,0.789,0.0,0.399,0.149,0
7493,43,0,9,1.244,0.635,0.69,0.0,0.282,0.626,0
7494,61,1,11,0.867,0.671,0.806,0.0,0.023,0.225,1
7495,48,0,10,1.071,0.44,0.771,0.0,0.338,0.412,1
7496,83,1,5,0.927,0.602,0.532,0.0,-0.011,0.179,0
7497,30,1,8,0.635,0.582,0.591,0.25,-0.009,0.163,0
7498,82,0,11,1.001,0.512,0.893,0.0,0.552,0.294,0
7499,34,0,9,0.695,0.744,0.579,0.75,-0.15,0.089,0
7500,66,1,11,0.801,0.596,0.979,0.75,0.646,0.093,0
7501,67,1,11,0.779,0.528,0.943,0.0,0.287,0.058,0
7502,75,0,10,0.874,0.639,0.828,0.25,0.175,0.234,0
7503,56,0,9,0.855,0.592,0.849,0.25,0.447,0.053,0
7504,32,1,4,0.835,0.736,0.529,0.5,0.005,-0.06,0
7505,67,1,9,1.032,0.479,0.965,0.25,0.927,0.281,0
7506,82,0,3,0.484,0.7,0.87,0.75,0.73,-0.129,0
7507,30,1,3,0.556,0.525,0.532,0.25,0.271,-0.159,0
7508,65,1,10,0.965,0.414,0.783,0.0,0.117,0.244,0
7509,83,1,3,0.963,0.56,0.7,0.25,0.205,0.215,1
7510,32,0,8,0.957,0.577,0.744,0.0,0.294,0.158,0
7511,79,0,7,0.924,0.729,0.86,0.0,0.327,0.134,0
7512,43,1,6,0.919,0.731,0.476,0.0,-0.024,0.091,0
7513,49,0,3,0.947,0.702,0.717,0.0,0.061,0.291,0
7514,30,1,8,0.877,0.539,0.755,0.25,0.14,0.163,0
7515,57,1,12,0.931,0.617,1.017,0.0,0.387,0.08,1
7516,32,0,9,1.063,0.507,0.719,0.0,0.268,0.307,0
7517,71,0,5,0.815,0.651,0.61,0.0,-0.09,0.12,0
7518,73,0,10,0.815,0.448,1.034,0.0,0.691,0.228,1
7519,80,1,10,1.033,0.442,0.808,0.0,0.567,0.305,0
7520,32,1,9,0.689,0.548,0.63,0.5,0.004,-0.239,0
7521,63,0,8,1.05,0.607,0.736,0.0,0.342,0.369,0
7522,49,0,12,0.964,0.544,0.651,0.0,0.169,0.485,0
7523,42,0,11,1.064,0.488,0.787,0.0,0.254,0.363,0
7524,32,0,9,0.992,0.679,0.709,0.0,0.102,0.366,0
7525,31,1,11,0.896,0.705,0.746,0.0,0.611,-0.043,0
7526,47,1,12,0.833,0.448,0.941,0.0,0.588,-0.015,0
7527,59,1,6,0.845,0.565,0.797,0.0,0.469,0.153,0
7528,40,0,6,0.843,0.618,0.613,0.25,0.04,-0.315,0
7529,45,0,11,0.834,0.576,0.413,0.0,-0.118,-0.097,0
7530,47,0,3,0.665,0.682,0.603,0.25,0.05,-0.152,0
7531,60,0,4,0.858,0.554,0.449,0.0,0.059,0.166,0
7532,36,0,4,0.824,0.537,0.438,0.0,0.025,0.002,0
7533,51,0,8,0.978,0.602,0.67,0.0,0.254,0.254,0
7534,48,1,12,1.011,0.525,1.072,0.0,0.489,0.293,0
7535,32,1,11,0.83,0.63,1.061,0.0,0.88,0.046,0
7536,63,0,12,1.029,0.489,0.705,0.0,0.429,0.313,0
7537,62,1,4,0.825,0.636,0.75,0.0,0.01,0.111,0
7538,57,0,8,0.946,0.569,1.125,0.0,0.441,0.201,0
7539,77,1,5,0.998,0.7,0.615,1.0,0.038,0.281,0
7540,48,1,5,0.7,0.62,0.418,0.0,-0.124,-0.071,0
7541,78,0,5,0.898,0.704,0.654,1.0,0.176,0.143,0
7542,31,1,8,1.07,0.472,1.082,0.0,0.727,0.33,0
7543,81,0,6,0.657,0.672,0.427,0.5,0.039,0.069,0
7544,51,1,12,1.001,0.485,0.893,0.25,0.608,0.423,1
7545,40,1,12,0.895,0.624,0.958,0.5,0.354,0.242,0
7546,38,1,10,0.893,0.781,0.812,0.0,0.359,0.273,0
7547,64,1,7,0.686,0.595,0.643,0.0,0.261,-0.024,0
7548,69,1,8,0.966,0.59,0.593,0.0,-0.013,0.134,0
7549,34,0,10,0.91,0.425,0.595,0.5,-0.11,0.282,0
7550,78,1,4,0.938,0.556,0.687,0.25,0.557,0.218,0
7551,78,1,12,1.033,0.526,1.001,0.0,0.498,0.198,1
7552,65,0,3,0.743,0.537,0.7,0.0,0.254,-0.044,0
7553,43,0,10,0.788,0.523,0.863,0.0,0.375,0.088,0
7554,81,0,12,0.858,0.605,0.948,0.0,0.471,0.134,0
7555,73,0,9,0.986,0.609,0.713,0.0,0.236,0.188,0
7556,74,0,4,0.956,0.635,0.793,0.0,0.539,0.191,0
7557,81,1,10,1.23,0.713,1.053,0.5,0.72,0.358,0
7558,40,0,10,0.874,0.555,0.891,0.75,0.463,0.082,0
7559,38,1,6,0.686,0.609,0.544,0.5,0.251,-0.167,0
7560,68,0,9,0.961,0.558,0.803,0.0,0.512,0.255,1
7561,43,1,8,1.004,0.572,0.378,0.0,-0.149,0.461,0
7562,45,0,7,0.841,0.548,0.868,0.0,0.386,0.14,0
7563,52,1,5,0.846,0.586,0.71,1.0,-0.036,0.146,0
7564,44,0,12,0.973,0.439,0.74,0.5,0.224,0.089,0
7565,60,1,3,0.7,0.771,0.755,0.25,0.343,-0.163,0
7566,67,0,11,0.881,0.543,0.718,0.75,-0.087,0.294,0
7567,36,0,7,0.779,0.545,0.765,0.0,0.349,0.167,0
7568,32,0,10,0.94,0.483,0.936,0.5,0.381,0.128,0
7569,48,1,9,0.721,0.449,0.908,0.0,0.193,0.048,0
7570,51,0,7,0.785,0.528,0.912,0.0,0.529,0.018,0
7571,59,0,5,0.973,0.56,0.634,0.5,0.046,0.14,0
7572,44,1,7,0.711,0.535,0.929,0.0,0.241,-0.055,1
7573,31,1,5,1.221,0.61,0.638,0.0,0.537,0.441,0
7574,73,0,4,0.863,0.582,0.845,0.0,0.156,0.112,0
7575,72,0,6,0.951,0.631,0.672,0.0,0.151,0.175,1
7576,72,1,10,0.906,0.561,0.979,0.5,0.328,0.085,1
7577,42,0,3,0.738,0.531,0.49,1.0,0.261,-0.271,0
7578,40,0,9,0.874,0.592,0.669,0.0,0.377,0.218,0
7579,66,0,4,0.892,0.564,0.371,1.0,-0.262,0.237,0
7580,31,1,4,0.803,0.573,0.76,1.0,0.386,0.18,0
7581,51,0,12,0.98,0.394,0.893,0.75,0.448,0.169,0
7582,33,1,11,1.001,0.7,0.855,0.0,0.308,0.249,0
7583,65,1,7,0.983,0.55,0.639,0.75,0.188,0.038,1
7584,70,0,12,1.047,0.415,0.746,0.5,0.316,0.347,0
7585,45,1,10,0.83,0.763,1.027,0.25,0.728,0.179,0
7586,68,1,4,0.779,0.636,0.623,0.0,0.158,0.032,1
7587,67,0,9,0.7,0.637,0.79,0.0,0.337,-0.124,0
7588,30,1,7,0.993,0.607,0.521,0.5,-0.016,0.223,0
7589,52,1,5,0.991,0.586,0.765,0.0,0.74,0.234,0
7590,34,0,5,0.651,0.566,0.752,1.0,0.217,-0.12,0
7591,41,1,8,1.005,0.651,0.84,0.75,0.957,-0.004,0
7592,39,1,3,0.717,0.623,0.665,0.0,0.391,0.013,0
7593,74,0,11,1.024,0.467,0.813,1.0,0.436,0.443,0
7594,72,0,7,0.748,0.602,0.837,1.0,0.517,-0.009,0
7595,41,1,12,0.956,0.434,1.022,0.25,0.827,0.16,1
7596,70,1,4,0.835,0.555,0.514,0.25,-0.186,0.071,1
7597,81,0,4,0.793,0.513,0.483,1.0,-0.129,-0.096,1
7598,80,1,6,0.711,0.661,0.769,0.0,0.326,-0.111,0
7599,33,0,3,0.727,0.532,0.735,0.75,0.437,-0.234,0
7600,62,1,11,0.929,0.559,1.257,0.0,0.693,0.306,0
7601,83,1,4,0.853,0.684,0.701,0.5,0.185,0.179,0
7602,71,0,9,0.978,0.53,0.902,0.0,0.245,0.166,0
7603,45,1,4,0.764,0.648,0.53,0.0,-0.147,0.131,0
7604,60,0,9,0.7,0.602,0.605,1.0,0.326,0.098,0
7605,45,1,9,0.713,0.402,0.915,0.0,0.227,-0.221,0
7606,68,0,8,0.803,0.521,0.723,0.25,0.422,0.103,1
7607,44,1,9,1.103,0.524,0.813,1.0,-0.148,0.285,0
7608,84,0,5,1.054,0.589,0.684,0.0,0.391,0.365,0
7609,52,0,3,0.734,0.566,0.625,1.0,-0.165,-0.154,0
7610,73,1,11,0.958,0.583,0.881,0.25,0.3,0.258,0
7611,77,1,12,0.761,0.546,0.886,0.75,0.661,-0.024,0
7612,55,1,3,0.812,0.628,0.28,0.0,-0.07,0.021,0
7613,65,0,4,0.958,0.7,0.524,0.0,0.048,0.055,0
7614,66,1,9,0.886,0.47,0.91,0.0,0.194,0.08,0
7615,59,1,5,0.737,0.6,0.876,0.0,0.338,-0.111,0
7616,37,1,12,0.79,0.626,1.072,0.0,0.75,0.234,0
7617,64,0,3,0.912,0.611,0.49,0.0,0.074,0.108,0
7618,36,1,4,0.71,0.611,0.607,0.0,0.007,-0.165,0
7619,70,0,9,1.007,0.58,0.641,0.0,0.297,0.243,0
7620,77,1,6,0.88,0.594,0.733,0.5,0.458,0.208,0
7621,48,0,4,0.883,0.613,0.921,0.0,0.478,0.025,0
7622,72,0,4,0.863,0.564,0.392,0.0,-0.13,0.175,0
7623,54,1,4,1.023,0.798,0.78,0.5,0.218,0.246,0
7624,64,1,3,0.711,0.655,0.682,0.5,0.307,0.062,0
7625,79,0,11,0.762,0.594,0.789,0.0,0.324,0.026,0
7626,57,1,9,0.851,0.528,0.991,0.5,0.691,0.324,1
7627,65,0,11,0.901,0.459,0.628,0.5,0.239,0.105,0
7628,73,0,11,0.807,0.61,0.674,0.0,0.182,0.067,0
7629,55,0,10,0.812,0.453,0.595,0.0,0.148,0.099,0
7630,42,0,12,0.849,0.562,0.859,0.5,0.355,0.148,0
7631,52,0,8,0.718,0.619,0.695,0.0,0.139,-0.209,0
7632,38,0,9,1.032,0.513,0.632,1.0,-0.033,0.404,1
7633,65,1,4,1.008,0.565,0.337,0.0,-0.299,0.145,0
7634,55,0,6,0.774,0.42,0.691,0.5,0.203,0.074,0
7635,64,1,7,0.937,0.62,0.544,0.0,0.354,0.187,0
7636,38,0,3,0.729,0.542,0.505,0.5,0.082,-0.173,0
7637,48,0,12,0.854,0.541,0.789,0.5,0.297,0.075,0
7638,30,1,3,0.66,0.628,0.757,0.75,0.432,-0.04,1
7639,65,1,5,0.856,0.614,0.666,0.0,0.225,0.165,0
7640,59,0,10,0.986,0.652,1.12,0.0,0.543,0.441,1
7641,52,0,5,0.946,0.442,0.742,0.5,0.635,0.117,0
7642,52,0,4,0.59,0.596,0.423,0.5,-0.021,-0.312,0
7643,81,1,11,0.866,0.682,0.936,0.25,0.502,0.204,0
7644,35,0,10,0.871,0.7,0.955,0.75,0.767,0.253,0
7645,57,0,5,0.826,0.623,0.419,0.0,-0.171,0.099,0
7646,66,1,5,0.651,0.616,0.575,0.0,0.048,-0.002,0
7647,34,0,11,1.065,0.577,1.198,0.0,0.579,0.347,0
7648,80,1,3,0.892,0.656,0.753,0.0,0.284,0.154,1
7649,81,0,12,0.935,0.694,0.774,0.5,0.281,0.241,0
7650,60,0,3,0.961,0.62,0.679,0.0,0.071,0.233,0
7651,64,0,3,0.894,0.607,0.342,0.0,-0.101,0.322,0
7652,79,1,4,0.971,0.497,0.389,0.0,-0.13,0.152,0
7653,59,0,6,0.691,0.704,0.308,0.0,-0.114,-0.06,0
7654,73,0,7,0.766,0.546,0.893,0.0,0.503,-0.034,0
7655,53,0,5,0.854,0.585,0.602,0.25,0.022,-0.098,0
7656,66,0,4,0.797,0.563,0.415,0.25,-0.216,-0.035,0
7657,61,1,10,0.927,0.419,0.769,0.0,0.377,0.144,1
7658,43,1,7,0.727,0.607,0.671,0.5,0.21,0.06,0
7659,81,0,6,0.728,0.7,0.66,0.0,0.316,0.023,0
7660,49,0,11,0.942,0.525,0.893,0.0,0.238,0.29,0
7661,69,1,4,0.983,0.473,0.666,0.0,0.18,0.178,0
7662,63,0,11,1.064,0.525,0.704,0.5,0.078,0.398,0
7663,49,1,8,0.952,0.595,0.614,0.25,0.344,0.086,0
7664,57,0,10,1.001,0.483,0.988,1.0,0.399,0.074,0
7665,43,1,8,0.94,0.532,0.606,0.25,-0.092,0.36,0
7666,46,1,10,0.832,0.533,0.971,0.0,0.422,-0.007,0
7667,66,0,6,0.888,0.547,0.517,0.25,0.083,0.017,1
7668,59,0,6,0.973,0.591,0.312,0.0,-0.009,0.217,0
7669,51,0,12,0.88,0.452,0.906,0.0,0.47,0.342,0
7670,61,1,10,0.851,0.436,0.954,0.0,0.688,0.14,1
7671,83,1,10,0.864,0.7,0.853,0.25,0.549,0.139,1
7672,31,0,4,0.774,0.635,0.628,0.5,0.146,-0.177,0
7673,34,0,4,0.806,0.657,0.709,0.5,0.133,0.121,0
7674,51,0,10,0.798,0.512,0.905,0.5,0.562,0.206,0
7675,34,0,8,0.768,0.664,0.989,0.0,0.462,0.109,1
7676,78,1,5,0.922,0.622,0.646,0.75,0.175,0.055,1
7677,60,1,12,0.787,0.415,0.7,0.25,0.019,0.019,0
7678,63,1,5,0.849,0.453,0.83,0.0,0.238,0.272,0
7679,40,0,6,0.765,0.556,0.596,0.5,0.077,-0.106,0
7680,76,1,7,0.602,0.504,0.752,0.5,0.321,-0.071,1
7681,35,1,4,0.855,0.687,0.7,0.25,0.296,0.135,0
7682,71,0,11,1.0,0.54,0.832,0.5,0.132,0.124,0
7683,61,0,10,1.114,0.568,0.647,0.0,0.418,0.523,0
7684,69,1,10,0.961,0.6,0.7,0.0,0.112,0.255,0
7685,66,1,4,0.7,0.552,0.811,0.25,0.345,0.144,0
7686,69,0,9,1.051,0.506,0.957,0.0,0.363,0.191,0
7687,50,0,5,0.601,0.627,0.673,1.0,0.184,-0.043,0
7688,70,0,3,0.968,0.811,0.556,0.0,-0.092,0.203,0
7689,56,0,3,0.871,0.488,0.653,0.0,0.298,0.054,0
7690,46,1,11,0.982,0.615,1.042,0.0,0.548,0.154,0
7691,68,1,9,0.872,0.458,0.718,0.0,0.449,0.048,0
7692,39,0,7,0.744,0.585,0.618,0.0,0.349,-0.059,0
7693,71,0,12,0.73,0.621,0.694,0.0,0.264,0.182,0
7694,32,0,12,0.969,0.517,0.862,0.75,0.312,0.131,0
7695,69,1,6,0.795,0.533,0.786,0.0,0.272,0.141,0
7696,77,0,12,1.113,0.577,0.794,0.0,0.367,0.763,0
7697,33,1,4,0.971,0.601,0.496,0.0,-0.039,0.235,0
7698,63,1,4,0.815,0.599,0.464,0.0,0.033,0.027,0
7699,47,0,12,0.873,0.555,1.005,0.0,0.688,0.22,0
7700,69,0,6,0.947,0.6,0.665,0.0,0.414,0.368,0
7701,34,0,8,1.02,0.58,0.737,0.5,0.054,0.202,0
7702,62,1,10,1.014,0.652,0.962,0.0,0.657,0.1,0
7703,52,1,5,0.739,0.615,0.521,0.5,-0.144,-0.154,0
7704,64,0,3,0.871,0.578,0.566,0.25,0.544,-0.001,0
7705,36,1,7,0.887,0.523,0.564,0.0,0.143,-0.033,0
7706,43,1,5,0.903,0.61,0.731,1.0,0.431,0.13,0
7707,84,1,7,0.67,0.609,0.667,0.0,-0.333,-0.176,0
7708,56,1,8,0.949,0.59,0.802,0.0,0.233,0.193,1
7709,63,0,8,0.851,0.581,0.603,0.0,0.121,0.122,0
7710,37,1,3,0.703,0.542,0.682,0.0,0.192,0.149,0
7711,48,0,9,1.018,0.447,1.076,0.0,0.555,0.208,0
7712,49,0,4,0.959,0.557,0.464,0.75,-0.119,0.364,0
7713,46,0,11,0.947,0.599,0.908,0.25,0.297,0.102,0
7714,78,1,4,0.893,0.593,0.843,0.0,0.371,0.299,0
7715,78,0,4,1.076,0.675,0.551,0.25,0.161,0.247,0
7716,81,0,4,0.703,0.528,0.7,0.0,0.106,-0.131,0
7717,30,1,12,0.856,0.549,0.672,0.0,0.573,0.156,1
7718,50,0,11,0.952,0.604,0.973,0.25,0.746,0.206,0
7719,55,1,4,0.809,0.517,0.33,1.0,-0.169,0.084,0
7720,39,1,12,1.141,0.611,0.665,0.0,0.097,0.375,0
7721,83,1,8,1.039,0.637,0.906,0.0,0.186,0.443,0
7722,50,1,8,0.909,0.507,0.712,0.25,0.215,0.072,0
7723,34,0,7,0.894,0.592,0.597,1.0,-0.088,0.313,0
7724,47,1,8,0.871,0.405,0.755,0.5,0.112,0.123,0
7725,40,0,9,0.812,0.521,1.0,0.25,0.477,0.048,0
7726,43,0,4,0.752,0.684,0.968,0.25,0.609,-0.099,0
7727,52,1,8,0.916,0.703,0.655,0.5,0.129,0.149,0
7728,39,0,10,0.919,0.656,0.945,0.0,0.322,0.219,0
7729,41,0,4,0.715,0.677,0.545,0.5,-0.065,-0.17,0
7730,40,0,6,0.742,0.71,0.589,0.5,0.045,0.062,0
7731,46,1,12,1.078,0.466,1.178,1.0,0.734,0.383,0
7732,84,1,9,0.986,0.522,1.005,0.0,0.305,0.464,1
7733,54,0,3,0.705,0.525,0.442,0.25,-0.199,-0.016,0
7734,57,0,4,0.952,0.617,0.524,1.0,0.209,0.271,0
7735,75,1,6,0.794,0.488,0.495,0.75,0.017,0.033,1
7736,33,0,12,1.364,0.544,0.923,0.25,0.312,0.675,0
7737,64,1,8,0.848,0.559,0.676,0.0,0.396,0.034,0
7738,54,1,12,0.854,0.702,0.55,0.0,0.325,0.233,0
7739,68,1,9,0.761,0.62,0.69,0.75,0.508,0.045,1
7740,47,0,9,1.134,0.623,0.94,0.75,0.216,0.375,0
7741,32,1,7,0.949,0.635,0.612,0.0,0.043,0.2,0
7742,49,0,10,0.944,0.591,1.001,0.0,0.422,0.153,0
7743,35,0,11,0.972,0.605,1.034,0.0,0.679,0.223,0
7744,42,1,3,0.667,0.554,0.682,0.75,0.511,0.071,0
7745,65,0,9,0.922,0.467,0.461,0.0,-0.052,0.048,0
7746,36,0,9,1.05,0.637,1.018,0.0,0.373,0.199,0
7747,54,1,9,0.729,0.507,0.759,0.0,0.227,-0.056,0
7748,60,0,6,1.01,0.538,0.737,0.0,-0.125,0.16,0
7749,76,1,9,0.883,0.526,1.138,0.75,0.907,-0.066,0
7750,78,0,3,0.907,0.699,0.681,0.0,0.334,0.276,0
7751,68,1,3,0.627,0.761,0.441,0.25,0.139,-0.19,0
7752,49,1,4,0.472,0.553,0.55,0.75,-0.041,-0.187,0
7753,81,0,9,0.988,0.516,0.712,0.25,0.134,0.131,0
7754,63,1,12,0.933,0.58,0.63,0.0,0.271,0.229,0
7755,43,1,4,0.885,0.628,0.344,0.0,-0.205,0.153,0
7756,69,0,12,0.796,0.597,0.852,0.75,0.507,0.009,0
7757,52,1,3,0.618,0.537,0.607,0.5,0.123,-0.272,0
7758,41,0,11,1.127,0.598,0.847,1.0,0.697,0.432,0
7759,65,0,11,0.973,0.6,1.099,0.25,0.625,0.12,0
7760,81,1,11,1.057,0.694,0.777,0.0,0.529,0.366,0
7761,38,1,7,0.872,0.58,0.882,0.25,0.218,0.189,0
7762,84,1,6,0.811,0.7,0.477,0.75,-0.127,0.278,0
7763,30,0,4,1.007,0.621,0.626,0.0,-0.235,0.162,0
7764,79,1,12,1.025,0.7,0.771,0.0,0.504,0.219,0
7765,38,1,7,0.865,0.596,0.655,0.0,-0.062,0.052,0
7766,49,1,4,0.524,0.496,0.895,0.0,0.513,-0.302,0
7767,60,0,8,0.842,0.667,0.735,0.25,0.367,0.044,1
7768,35,1,7,0.817,0.562,0.434,0.0,0.106,0.048,0
7769,48,0,8,0.962,0.515,0.824,1.0,0.26,0.437,1
7770,38,0,3,0.804,0.661,0.697,0.25,0.334,0.191,0
7771,77,0,9,1.129,0.53,0.593,0.75,-0.005,0.588,1
7772,41,0,11,1.202,0.522,0.642,0.0,0.239,0.433,0
7773,32,0,7,0.7,0.569,1.019,1.0,0.618,0.107,0
7774,56,1,9,0.919,0.58,0.74,0.25,0.156,0.009,0
7775,41,1,12,0.795,0.488,0.7,1.0,0.321,-0.088,0
7776,56,0,5,0.82,0.497,0.615,0.0,0.418,-0.04,1
7777,40,0,7,0.78,0.556,0.688,0.0,0.327,0.103,0
7778,78,0,7,0.672,0.505,0.69,0.75,0.396,0.081,0
7779,46,1,8,0.992,0.499,0.889,0.0,0.284,0.45,0
7780,77,1,8,0.903,0.552,0.597,0.0,0.274,-0.087,0
7781,38,0,9,0.745,0.454,0.922,0.0,0.403,-0.084,0
7782,55,1,4,0.813,0.589,0.53,0.0,0.082,-0.108,0
7783,45,0,7,0.831,0.599,0.714,0.25,0.014,0.063,0
7784,82,0,6,0.701,0.56,0.557,0.25,0.277,0.131,0
7785,62,1,8,0.888,0.706,0.617,0.0,-0.083,-0.026,0
7786,61,0,8,0.797,0.612,0.892,0.0,0.542,0.064,0
7787,56,1,7,0.868,0.521,0.638,0.0,0.083,0.119,0
7788,72,0,12,0.872,0.55,0.903,0.0,0.495,0.188,0
7789,53,1,8,0.982,0.7,1.012,0.75,0.83,0.012,0
7790,79,0,11,0.92,0.562,0.854,0.0,0.34,0.191,0
7791,41,0,12,1.215,0.676,0.838,0.25,0.626,0.371,0
7792,78,0,5,0.913,0.742,0.531,0.5,0.021,0.317,0
7793,84,0,10,1.022,0.579,0.712,0.25,0.484,0.058,0
7794,80,1,4,0.703,0.627,0.7,0.0,0.338,0.153,0
7795,41,1,6,0.882,0.711,0.305,0.25,-0.38,0.059,0
7796,79,0,10,1.242,0.599,0.598,0.0,0.064,0.47,1
7797,84,0,6,0.836,0.615,0.514,0.25,0.254,0.22,1
7798,48,0,6,0.808,0.532,0.588,0.5,0.247,-0.094,0
7799,81,1,6,0.833,0.629,0.924,0.0,0.598,0.144,0
7800,54,1,5,0.785,0.506,0.397,0.75,-0.325,-0.094,0
7801,79,0,6,0.568,0.508,0.829,0.75,0.327,-0.199,0
7802,79,1,4,0.955,0.63,0.592,0.75,0.134,0.241,1
7803,46,1,6,0.847,0.559,0.851,0.25,0.451,-0.075,0
7804,69,0,4,0.706,0.505,0.886,0.0,0.186,-0.014,0
7805,69,1,10,0.981,0.547,0.872,0.0,0.581,0.224,1
7806,70,0,11,0.919,0.578,0.876,0.5,0.362,0.236,0
7807,49,0,5,1.021,0.621,0.548,0.0,0.06,0.281,0
7808,46,1,4,0.726,0.536,0.709,0.75,0.123,-0.115,0
7809,81,1,11,0.944,0.7,0.946,0.5,0.443,0.196,1
7810,53,1,4,0.789,0.7,0.775,0.75,0.349,-0.151,0
7811,54,0,5,0.813,0.557,0.735,0.0,0.274,0.011,0
7812,52,1,3,0.451,0.579,0.253,0.5,0.031,-0.168,0
7813,79,0,4,0.668,0.618,0.679,0.5,0.297,-0.001,0
7814,38,1,8,0.83,0.59,0.766,0.0,0.486,0.261,0
7815,53,1,11,0.865,0.525,0.756,1.0,0.465,0.209,0
7816,43,1,8,1.035,0.501,0.653,1.0,0.286,0.335,0
7817,68,0,6,0.706,0.459,0.529,0.5,-0.023,-0.216,0
7818,60,1,3,0.905,0.537,0.574,0.75,0.028,-0.027,0
7819,76,1,6,0.769,0.583,0.3,0.5,-0.355,0.217,0
7820,83,1,11,0.821,0.524,0.892,0.5,0.316,0.032,1
7821,40,1,10,1.092,0.658,0.85,0.0,0.466,0.625,0
7822,70,1,7,0.81,0.546,0.734,0.0,0.644,0.014,0
7823,55,1,6,0.578,0.58,0.533,0.0,0.105,-0.116,0
7824,45,1,4,0.888,0.583,0.35,0.25,-0.012,0.29,0
7825,34,1,12,1.269,0.55,0.873,0.5,0.827,0.254,1
7826,36,1,9,0.94,0.65,1.202,0.0,0.612,0.165,0
7827,64,1,4,0.75,0.585,0.492,0.5,0.304,0.053,0
7828,79,0,12,0.879,0.454,0.7,0.75,0.265,0.122,0
7829,83,0,12,1.066,0.496,0.767,0.5,0.517,0.321,1
7830,46,1,5,1.014,0.55,0.676,0.0,0.411,0.382,0
7831,74,1,9,0.876,0.548,0.875,0.25,0.427,-0.014,1
7832,80,0,9,0.959,0.546,0.993,1.0,0.555,0.087,0
7833,73,0,5,0.794,0.534,0.672,0.75,0.132,0.031,0
7834,57,1,11,1.08,0.54,1.239,1.0,1.176,0.494,0
7835,31,0,12,1.174,0.535,0.97,0.0,0.056,0.432,0
7836,31,0,7,0.855,0.616,0.624,0.0,0.059,-0.001,0
7837,82,1,10,0.988,0.437,0.605,0.0,-0.164,0.253,0
7838,77,0,11,1.015,0.574,0.743,0.0,0.259,0.376,0
7839,65,0,9,1.201,0.575,0.938,0.0,0.582,0.275,0
7840,32,1,5,0.854,0.583,0.492,0.0,-0.101,0.116,0
7841,63,1,7,0.721,0.653,0.925,0.0,0.694,-0.037,0
7842,64,1,11,0.743,0.544,0.941,0.0,0.678,-0.221,0
7843,53,1,9,0.537,0.648,0.843,0.75,0.434,-0.163,0
7844,55,0,10,0.854,0.5,0.817,1.0,0.375,0.016,0
7845,61,1,3,0.827,0.655,0.358,0.25,-0.284,0.22,0
7846,44,1,11,1.226,0.477,0.765,0.0,0.284,0.46,0
7847,78,1,6,0.793,0.503,0.604,0.0,-0.013,0.11,1
7848,38,0,8,0.655,0.506,1.14,0.0,0.664,-0.237,0
7849,71,1,7,0.841,0.7,0.49,0.5,-0.034,0.055,0
7850,82,0,7,0.956,0.518,0.787,0.0,0.303,0.303,0
7851,37,1,7,0.801,0.554,0.703,0.0,0.185,0.133,0
7852,33,0,11,0.902,0.484,0.866,1.0,0.407,0.281,0
7853,76,1,7,0.894,0.671,0.713,0.5,0.534,0.196,1
7854,57,1,11,1.005,0.57,1.152,0.0,0.537,0.075,0
7855,55,0,12,0.905,0.596,0.604,0.25,-0.021,0.269,0
7856,45,0,8,0.867,0.652,0.737,0.25,0.008,0.017,0
7857,69,1,9,0.866,0.693,0.731,0.0,0.327,0.081,0
7858,77,0,7,0.814,0.537,0.559,0.0,0.144,-0.011,1
7859,74,1,9,0.992,0.64,0.561,0.0,0.051,0.047,0
7860,83,1,9,0.881,0.589,1.265,0.0,0.976,0.039,0
7861,81,0,5,0.87,0.698,0.987,0.0,0.16,-0.022,0
7862,72,1,9,0.7,0.428,0.747,0.75,-0.172,-0.064,0
7863,34,1,9,0.969,0.614,0.907,0.0,0.113,0.171,0
7864,61,1,6,0.767,0.558,0.848,0.75,0.518,0.095,0
7865,63,1,5,0.662,0.527,0.782,0.5,0.082,-0.1,1
7866,82,0,4,0.655,0.7,0.463,0.75,0.1,0.014,0
7867,46,0,12,0.893,0.609,0.943,0.75,0.406,-0.029,1
7868,57,1,4,1.08,0.552,0.662,0.75,0.135,0.576,0
7869,38,1,11,0.975,0.536,0.958,1.0,0.368,-0.069,0
7870,37,1,6,0.7,0.576,0.693,1.0,0.225,-0.004,0
7871,81,1,9,0.963,0.576,1.022,0.0,0.341,0.243,1
7872,50,1,5,0.739,0.632,0.806,1.0,0.203,-0.254,0
7873,53,1,12,1.071,0.618,1.034,0.0,0.588,0.286,0
7874,65,1,11,0.898,0.639,0.907,0.25,0.621,0.019,1
7875,53,1,9,0.818,0.626,0.625,1.0,0.332,-0.034,0
7876,68,0,3,0.92,0.615,0.405,0.5,-0.17,-0.1,1
7877,79,0,10,0.877,0.462,0.703,0.0,0.358,0.254,0
7878,72,0,5,0.884,0.596,0.734,1.0,0.183,0.182,0
7879,50,1,7,0.838,0.352,0.761,0.75,0.523,-0.052,0
7880,35,1,5,0.649,0.602,0.346,1.0,-0.205,0.007,0
7881,52,1,9,0.973,0.694,1.042,0.0,0.559,0.34,0
7882,48,1,8,1.078,0.595,0.817,0.0,0.425,0.249,0
7883,40,1,10,1.171,0.566,0.628,0.0,0.157,0.633,0
7884,37,0,5,0.732,0.662,0.582,0.0,0.02,-0.147,0
7885,84,1,12,0.946,0.639,1.054,0.75,0.684,0.152,0
7886,35,0,8,1.023,0.564,0.793,0.25,0.291,0.017,0
7887,45,1,4,0.787,0.575,0.613,0.0,0.007,-0.042,0
7888,74,1,6,0.829,0.523,0.814,0.0,0.497,0.125,0
7889,64,1,12,1.067,0.532,0.87,0.25,0.572,0.261,0
7890,83,0,8,0.798,0.506,0.824,0.0,0.708,0.15,1
7891,35,0,8,0.974,0.584,0.818,0.0,0.534,0.245,0
7892,64,0,7,0.946,0.467,0.88,0.0,0.462,0.107,0
7893,59,0,10,0.967,0.7,0.825,0.0,0.354,0.285,0
7894,48,1,3,0.72,0.616,0.633,0.75,0.335,-0.054,0
7895,69,0,8,0.744,0.524,0.666,0.0,0.314,-0.185,0
7896,72,0,10,0.886,0.488,0.871,0.0,0.109,0.095,0
7897,31,0,12,0.778,0.493,1.091,0.75,0.684,0.161,0
7898,37,0,6,0.799,0.521,0.522,0.75,0.091,0.112,0
7899,55,1,9,1.133,0.505,0.823,0.0,0.68,0.316,0
7900,70,0,10,0.887,0.575,0.478,0.25,-0.02,0.265,0
7901,67,0,6,0.974,0.692,0.999,0.0,0.56,0.32,1
7902,63,1,8,0.773,0.475,0.664,0.0,0.11,-0.182,0
7903,61,0,9,0.987,0.571,0.772,0.0,0.328,0.211,0
7904,65,0,11,1.139,0.494,0.778,0.25,0.405,0.302,0
7905,43,0,6,0.7,0.587,0.803,0.75,-0.089,-0.251,0
7906,72,1,8,1.025,0.55,0.518,0.0,-0.307,0.082,0
7907,40,0,6,1.095,0.777,0.732,1.0,0.017,0.374,0
7908,55,0,7,0.84,0.599,0.831,0.0,0.335,0.052,0
7909,66,1,6,1.035,0.63,0.824,0.0,0.447,0.246,0
7910,84,0,9,0.819,0.566,1.03,0.5,0.499,-0.101,1
7911,84,0,7,0.79,0.583,0.662,0.0,0.492,0.193,1
7912,34,0,3,0.765,0.514,0.53,1.0,-0.005,-0.123,0
7913,65,0,4,0.921,0.632,0.695,0.0,0.372,0.213,0
7914,36,0,4,0.783,0.626,0.3,0.0,-0.301,-0.045,0
7915,58,1,5,0.718,0.659,0.593,0.0,0.049,-0.101,0
7916,53,0,10,0.966,0.58,0.834,0.0,0.428,0.1,0
7917,73,1,11,0.985,0.584,0.792,0.0,0.338,0.333,0
7918,84,0,12,1.099,0.484,0.84,0.25,0.708,0.395,0
7919,68,1,8,0.814,0.44,0.882,0.0,0.63,0.086,0
7920,81,0,8,0.732,0.604,0.797,0.0,0.449,-0.158,0
7921,61,1,6,0.941,0.575,0.51,0.0,0.011,0.209,0
7922,40,1,3,0.524,0.672,0.647,0.0,0.104,-0.203,0
7923,68,1,9,1.111,0.685,0.7,0.0,-0.192,0.424,0
7924,79,0,5,0.89,0.551,0.76,0.25,0.176,0.206,0
7925,84,1,11,0.901,0.495,1.239,0.0,0.736,0.201,0
7926,66,1,10,0.879,0.624,0.756,0.0,0.268,0.196,0
7927,49,1,3,0.735,0.567,0.462,0.0,-0.106,-0.113,0
7928,82,0,8,1.089,0.623,0.411,0.25,-0.342,0.363,0
7929,46,1,4,0.75,0.687,0.612,0.0,-0.182,-0.089,0
7930,31,1,9,0.793,0.539,0.7,0.0,0.244,-0.119,0
7931,80,1,12,0.7,0.642,1.063,0.5,0.736,-0.016,1
7932,61,1,8,0.805,0.649,0.429,0.0,-0.361,-0.03,0
7933,46,0,8,0.809,0.562,0.816,0.0,0.227,0.205,0
7934,66,1,6,0.807,0.646,0.604,0.25,-0.25,0.072,0
7935,74,1,10,0.763,0.585,0.742,0.0,0.17,0.054,0
7936,60,1,4,0.717,0.556,0.651,1.0,0.247,0.089,0
7937,80,0,11,1.01,0.479,0.816,0.0,0.169,0.098,0
7938,75,1,3,0.687,0.631,0.544,0.0,0.304,-0.086,0
7939,61,0,4,0.901,0.384,0.889,0.0,0.241,0.138,1
7940,50,0,9,0.887,0.569,1.027,0.0,0.758,0.072,0
7941,81,1,3,0.705,0.487,0.412,0.0,0.159,-0.086,0
7942,48,0,12,0.917,0.554,0.78,0.75,0.157,0.16,0
7943,42,0,11,0.712,0.535,0.504,0.25,0.161,0.058,0
7944,60,1,10,0.963,0.637,0.892,0.0,0.44,0.292,0
7945,71,1,12,1.077,0.549,1.006,1.0,0.478,0.099,1
7946,42,1,12,1.041,0.54,0.7,0.5,0.348,0.344,1
7947,61,0,4,1.017,0.553,0.701,0.0,0.001,0.316,0
7948,36,0,9,0.897,0.494,0.576,1.0,0.267,0.046,0
7949,62,0,8,0.948,0.541,0.361,0.0,-0.34,0.106,0
7950,67,0,6,0.574,0.555,0.626,0.75,0.035,0.077,0
7951,58,0,10,0.876,0.526,0.886,0.25,0.221,0.192,0
7952,54,1,8,1.092,0.521,0.747,1.0,0.191,0.269,1
7953,54,0,4,0.882,0.74,0.681,0.25,0.187,0.078,0
7954,59,1,3,0.7,0.777,0.615,0.75,0.17,-0.34,0
7955,57,0,6,0.779,0.553,0.549,0.0,0.024,-0.064,0
7956,71,0,12,1.083,0.573,1.092,0.0,0.352,0.335,0
7957,76,0,4,0.761,0.639,0.265,1.0,-0.179,0.043,0
7958,36,1,10,1.052,0.626,0.853,0.25,0.493,0.593,0
7959,71,0,6,0.865,0.55,0.773,0.0,0.511,0.219,0
7960,43,1,12,0.933,0.602,0.867,0.25,0.451,0.201,1
7961,57,0,3,0.989,0.746,0.43,0.5,-0.087,0.03,0
7962,36,1,4,0.916,0.507,0.461,0.25,-0.239,0.145,0
7963,62,0,4,0.814,0.655,0.445,0.0,-0.114,0.125,0
7964,36,0,4,0.816,0.7,0.474,1.0,-0.178,0.065,0
7965,30,1,11,0.863,0.557,0.667,0.75,0.072,0.173,0
7966,61,1,3,0.659,0.577,0.506,0.0,-0.013,-0.433,0
7967,60,0,11,0.887,0.429,0.878,0.0,0.802,-0.108,0
7968,57,1,11,1.056,0.538,0.853,0.25,0.448,0.318,0
7969,74,0,5,0.898,0.595,0.71,0.0,0.217,0.223,0
7970,75,0,6,0.881,0.546,0.906,0.0,0.626,0.127,0
7971,48,1,7,1.009,0.64,0.745,0.0,0.334,0.225,0
7972,32,1,4,0.647,0.59,0.378,0.0,-0.046,-0.215,0
7973,38,1,7,0.958,0.544,0.557,0.0,0.118,0.214,0
7974,62,1,9,0.852,0.618,0.709,0.75,0.333,0.016,0
7975,51,0,12,0.785,0.578,0.689,0.0,0.158,0.162,0
7976,80,0,8,1.154,0.596,0.686,0.5,0.471,0.396,1
7977,32,0,9,1.035,0.524,0.846,0.0,-0.015,0.483,0
7978,47,0,5,0.89,0.474,0.761,0.25,0.375,0.193,0
7979,72,1,7,0.874,0.509,0.688,0.0,-0.181,0.254,0
7980,84,0,6,0.814,0.593,0.566,0.0,-0.076,-0.069,0
7981,35,0,4,0.736,0.706,0.53,0.0,0.147,-0.033,0
7982,47,0,8,0.894,0.677,0.668,0.5,0.159,-0.099,0
7983,62,1,12,0.979,0.587,1.152,1.0,0.741,0.346,1
7984,67,0,6,0.974,0.611,0.443,0.75,0.1,-0.023,0
7985,35,0,7,0.828,0.579,0.7,0.0,0.019,-0.156,0
7986,56,1,4,0.789,0.661,0.418,0.0,-0.006,0.062,0
7987,39,1,4,0.886,0.7,0.643,0.0,0.095,0.231,0
7988,80,0,8,0.986,0.7,0.854,0.0,0.424,0.286,0
7989,36,1,3,0.743,0.63,0.476,0.5,0.281,0.126,0
7990,53,0,10,1.03,0.579,0.889,0.0,0.267,0.113,0
7991,60,0,12,1.141,0.604,0.917,0.0,0.524,0.613,0
7992,49,0,11,0.966,0.464,0.876,0.75,0.257,0.236,0
7993,53,0,5,0.781,0.659,0.514,0.5,0.407,-0.021,0
7994,67,0,10,0.916,0.589,0.714,0.25,0.225,0.214,0
7995,42,0,7,0.713,0.466,0.866,0.0,0.196,-0.22,0
7996,50,0,8,1.096,0.611,0.882,0.0,0.55,0.341,0
7997,63,1,9,0.935,0.585,0.683,1.0,-0.017,0.194,0
7998,40,0,12,1.062,0.56,1.054,0.0,0.584,0.439,0
7999,67,0,4,0.8,0.554,0.542,0.0,0.211,-0.064,0
8000,39,1,5,0.722,0.641,0.505,0.0,0.138,-0.111,0
8001,38,1,7,0.687,0.616,0.615,0.25,0.187,-0.013,0
8002,71,1,5,0.966,0.705,0.418,0.5,-0.068,0.185,1
8003,54,1,5,0.551,0.491,0.747,0.0,0.04,-0.178,0
8004,51,0,4,0.971,0.707,0.545,0.0,0.157,0.293,0
8005,64,0,4,0.714,0.551,0.599,0.0,0.134,-0.022,0
8006,41,1,12,0.742,0.597,0.732,1.0,0.243,-0.204,1
8007,77,0,6,0.814,0.541,0.871,0.0,0.43,0.214,0
8008,34,1,11,0.947,0.567,0.815,0.0,0.771,0.225,0
8009,30,0,3,0.914,0.478,0.776,0.0,0.115,0.17,0
8010,73,0,5,0.701,0.606,0.404,0.0,0.101,-0.142,0
8011,40,1,8,0.914,0.65,0.752,0.0,0.309,0.076,0
8012,37,0,6,0.862,0.614,0.577,0.0,-0.123,-0.032,0
8013,67,1,8,0.902,0.526,0.708,1.0,0.032,-0.058,1
8014,32,0,10,0.976,0.626,0.801,0.0,0.519,0.153,0
8015,50,0,7,0.75,0.625,0.809,1.0,0.128,-0.246,0
8016,70,1,4,0.729,0.487,0.976,0.0,0.426,-0.035,0
8017,76,1,9,0.96,0.583,0.687,0.0,-0.018,0.131,1
8018,31,0,10,0.776,0.683,0.694,0.0,0.229,0.097,0
8019,41,0,6,0.944,0.664,0.591,0.0,0.058,0.481,0
8020,61,1,3,0.849,0.559,0.93,0.0,0.362,0.385,0
8021,57,0,8,0.669,0.653,0.491,0.0,0.111,0.105,0
8022,35,0,6,0.828,0.666,0.59,0.0,0.214,0.027,0
8023,83,0,8,0.832,0.599,0.723,0.0,0.054,-0.069,0
8024,68,1,8,0.844,0.559,0.713,1.0,0.142,0.212,0
8025,33,0,10,0.901,0.485,0.828,0.25,0.626,0.076,0
8026,42,1,8,0.7,0.65,0.784,0.5,0.406,-0.011,0
8027,84,1,4,0.769,0.677,0.471,0.0,0.122,-0.21,0
8028,51,0,11,1.033,0.46,0.867,1.0,0.479,0.272,0
8029,81,0,5,0.589,0.584,0.553,0.0,-0.053,-0.023,0
8030,49,0,7,0.992,0.605,0.948,0.0,0.578,0.331,0
8031,80,1,12,1.007,0.615,0.846,0.25,0.344,0.197,1
8032,76,0,8,0.881,0.542,0.832,0.0,0.348,0.129,0
8033,32,0,9,0.951,0.715,0.724,0.25,0.447,-0.175,0
8034,35,1,10,1.134,0.562,0.7,1.0,0.364,0.451,0
8035,61,1,4,0.745,0.718,0.44,0.0,0.125,-0.055,0
8036,32,0,8,0.74,0.656,0.525,0.0,0.05,0.059,0
8037,40,0,3,0.707,0.614,0.405,0.0,-0.027,0.086,0
8038,36,1,3,0.904,0.753,0.621,0.25,0.409,-0.022,0
8039,52,1,4,0.787,0.502,0.333,0.0,-0.367,-0.093,0
8040,44,1,11,1.066,0.607,0.74,0.0,0.03,0.231,0
8041,68,1,5,0.587,0.542,0.432,0.0,0.174,-0.243,0
8042,35,0,10,0.95,0.621,0.924,0.5,0.672,0.037,0
8043,39,1,10,1.019,0.551,0.866,0.5,0.644,0.227,0
8044,81,1,6,0.911,0.563,0.408,0.5,-0.163,0.054,0
8045,33,0,12,0.811,0.662,1.254,0.75,0.729,0.28,0
8046,81,1,11,0.927,0.492,0.7,0.75,0.196,0.133,0
8047,58,1,9,0.875,0.513,0.731,0.0,0.389,0.193,0
8048,71,0,11,0.863,0.537,0.958,0.0,0.587,0.042,0
8049,76,1,6,0.859,0.577,0.592,0.0,0.005,0.159,0
8050,41,0,10,0.798,0.561,1.082,0.0,0.709,0.146,0
8051,73,1,5,0.83,0.381,0.384,0.0,-0.08,0.022,0
8052,69,0,10,1.304,0.619,1.027,0.75,0.48,0.643,0
8053,62,1,10,1.116,0.501,1.026,0.5,0.658,0.178,0
8054,42,0,5,0.917,0.609,0.752,0.0,0.244,0.086,0
8055,80,1,11,0.93,0.59,0.749,0.0,-0.004,0.368,0
8056,59,0,11,0.984,0.504,0.916,0.5,0.562,0.257,0
8057,76,0,12,1.004,0.7,0.949,0.0,0.486,0.236,0
8058,75,1,5,0.793,0.568,0.635,0.25,0.196,0.144,0
8059,70,0,8,0.96,0.528,0.562,1.0,0.319,0.106,1
8060,38,0,12,0.978,0.641,1.059,0.0,0.827,0.411,1
8061,73,0,9,0.7,0.599,0.733,0.75,0.499,-0.088,0
8062,50,1,11,1.085,0.683,1.071,0.25,0.617,0.409,0
8063,51,1,4,0.605,0.656,0.506,0.5,-0.034,-0.255,0
8064,34,1,11,0.938,0.575,0.862,0.0,0.689,0.102,0
8065,40,1,5,0.792,0.688,0.622,1.0,0.256,0.117,0
8066,39,0,5,0.948,0.584,0.761,0.0,0.44,0.244,0
8067,83,0,4,0.645,0.641,0.631,0.0,0.108,-0.141,0
8068,70,0,5,0.77,0.493,0.538,0.75,0.017,-0.143,0
8069,36,0,8,0.73,0.603,0.52,0.0,-0.383,-0.083,0
8070,45,1,11,0.937,0.402,0.61,0.0,0.059,0.6,0
8071,75,0,8,1.039,0.528,0.585,0.25,0.24,0.339,0
8072,50,1,9,0.872,0.572,0.799,0.0,0.115,0.075,0
8073,42,0,9,0.746,0.59,1.199,0.75,0.897,0.099,1
8074,51,1,8,0.8,0.628,0.754,1.0,0.186,-0.02,0
8075,35,1,10,0.965,0.503,0.813,0.0,0.348,0.265,0
8076,41,0,6,0.788,0.591,0.264,0.0,0.363,-0.036,0
8077,67,1,6,0.853,0.503,0.573,0.0,-0.003,-0.036,0
8078,84,1,11,0.981,0.553,0.812,0.0,0.188,0.41,0
8079,80,0,5,0.897,0.593,0.626,0.0,0.17,0.241,0
8080,52,0,9,0.74,0.61,0.776,0.0,0.125,0.082,0
8081,43,0,4,0.7,0.518,0.54,0.0,0.384,0.255,0
8082,55,0,9,1.15,0.503,0.892,0.0,0.446,0.435,0
8083,74,1,10,0.965,0.512,0.941,0.0,0.32,0.148,0
8084,53,1,7,0.615,0.521,0.585,0.0,0.008,-0.023,0
8085,63,1,12,1.073,0.436,0.806,0.0,0.356,0.336,1
8086,57,1,8,0.7,0.596,0.878,0.5,0.588,-0.048,1
8087,57,0,5,0.948,0.65,0.596,0.0,0.172,0.331,0
8088,50,1,7,0.746,0.63,0.866,0.0,0.305,-0.003,0
8089,48,0,10,0.834,0.597,0.865,0.25,0.403,0.24,0
8090,55,0,12,0.941,0.458,0.913,0.75,0.492,0.131,0
8091,62,0,8,0.978,0.696,0.713,0.25,0.398,0.209,0
8092,60,0,8,0.839,0.544,0.786,0.25,0.408,0.076,0
8093,51,0,6,0.782,0.57,0.19,0.0,0.001,0.083,0
8094,53,1,8,0.74,0.498,0.694,1.0,0.419,-0.185,0
8095,51,1,3,0.717,0.558,0.46,0.5,-0.153,-0.129,0
8096,33,0,10,1.125,0.527,0.74,0.0,0.232,0.187,0
8097,78,1,4,0.875,0.489,0.581,0.75,0.24,0.096,0
8098,65,1,7,0.881,0.622,0.965,0.5,0.35,0.231,0
8099,72,0,6,1.046,0.7,0.789,0.0,0.428,0.427,0
8100,34,0,4,0.716,0.552,0.514,0.0,0.201,-0.222,0
8101,81,0,8,0.811,0.52,0.561,0.75,0.041,0.059,1
8102,75,1,7,0.884,0.517,0.635,0.25,0.167,0.018,0
8103,53,1,10,1.107,0.7,0.884,0.0,0.368,0.146,0
8104,34,0,8,0.844,0.587,1.027,0.25,0.617,0.037,0
8105,42,0,9,1.103,0.601,0.537,0.0,0.254,0.308,0
8106,74,1,9,1.027,0.609,0.831,0.0,0.369,0.384,0
8107,35,1,8,0.912,0.492,0.561,0.0,0.263,0.151,0
8108,52,1,6,0.586,0.578,0.577,1.0,0.175,-0.214,0
8109,52,1,8,1.015,0.449,0.768,0.5,0.429,0.381,0
8110,31,0,4,0.765,0.588,0.927,0.5,0.437,0.011,0
8111,37,0,10,1.039,0.647,0.818,1.0,0.464,0.254,0
8112,78,0,6,0.943,0.646,0.484,0.75,-0.153,0.199,1
8113,47,0,6,0.852,0.487,0.923,0.0,0.651,0.167,0
8114,31,0,4,1.029,0.693,0.614,0.5,0.09,0.458,0
8115,32,1,11,0.903,0.53,0.852,0.25,0.195,0.051,0
8116,64,1,7,0.82,0.712,0.742,0.5,0.635,-0.099,0
8117,80,0,6,0.708,0.7,0.631,0.5,0.129,-0.013,0
8118,35,0,12,0.987,0.453,0.813,0.0,0.327,0.2,0
8119,41,1,4,0.804,0.76,0.558,0.25,0.095,0.133,0
8120,71,0,3,0.595,0.723,0.148,0.0,-0.424,-0.2,1
8121,39,0,7,0.811,0.624,0.735,0.0,0.459,0.21,0
8122,59,0,8,0.88,0.712,0.835,0.0,0.249,0.239,0
8123,78,0,5,0.833,0.52,0.412,0.0,-0.232,0.112,0
8124,71,0,3,0.682,0.742,0.7,0.0,0.32,-0.111,0
8125,51,1,9,1.266,0.467,0.743,0.0,0.389,0.469,0
8126,77,1,7,0.679,0.598,0.811,0.0,0.24,-0.216,0
8127,71,1,4,0.828,0.587,0.661,0.25,-0.039,0.058,0
8128,45,1,6,0.898,0.55,0.563,0.75,0.498,0.238,0
8129,60,0,12,0.86,0.612,0.892,0.0,0.397,0.113,0
8130,67,1,4,0.98,0.701,0.539,0.25,-0.036,0.252,0
8131,33,0,11,0.889,0.616,0.567,0.0,-0.098,0.043,0
8132,38,0,10,1.172,0.47,0.827,0.0,0.39,0.546,0
8133,62,1,11,0.942,0.639,0.985,0.0,0.742,0.422,1
8134,44,0,12,0.915,0.7,0.951,0.0,0.787,0.189,0
8135,57,1,12,0.93,0.491,0.7,0.0,0.096,0.195,0
8136,62,1,3,0.677,0.554,0.407,0.0,-0.07,0.102,0
8137,51,1,10,0.975,0.738,0.972,0.0,0.869,0.171,0
8138,32,0,3,0.99,0.716,0.429,0.25,0.361,0.252,0
8139,64,0,12,0.95,0.51,0.812,0.0,0.399,0.14,1
8140,41,0,6,0.891,0.516,0.65,0.0,0.264,0.052,0
8141,55,1,6,0.871,0.641,0.562,0.5,0.086,0.083,0
8142,34,0,11,0.872,0.526,0.699,0.0,0.489,0.153,0
8143,50,1,7,1.149,0.478,0.48,0.25,-0.22,0.483,0
8144,49,0,12,0.986,0.7,0.891,0.5,0.422,0.241,0
8145,50,1,8,0.759,0.566,0.567,0.25,0.074,0.013,0
8146,62,1,7,1.025,0.663,0.889,0.0,0.531,0.421,0
8147,37,0,9,0.779,0.56,0.792,0.25,0.312,0.2,1
8148,60,1,4,0.86,0.686,0.63,0.5,0.136,0.129,0
8149,58,0,5,0.965,0.574,0.809,0.25,0.494,0.236,0
8150,32,1,4,0.775,0.572,0.367,0.0,-0.226,-0.159,0
8151,31,1,6,0.872,0.57,0.7,0.5,0.388,0.115,0
8152,41,0,7,0.897,0.7,0.606,0.0,0.081,0.045,0
8153,70,1,6,0.899,0.553,0.673,1.0,0.15,0.304,0
8154,47,0,12,0.928,0.545,0.834,1.0,0.313,0.221,0
8155,63,1,10,0.859,0.422,0.819,0.25,0.117,0.209,0
8156,78,1,4,0.623,0.5,0.583,0.75,0.278,-0.174,0
8157,61,0,8,1.014,0.656,0.624,0.75,0.125,0.359,0
8158,60,1,5,0.826,0.647,0.68,0.0,-0.001,-0.009,0
8159,58,1,12,1.165,0.548,0.716,0.0,0.352,0.249,0
8160,81,0,11,0.88,0.523,1.042,0.25,0.386,0.249,0
8161,72,1,10,1.131,0.695,0.822,0.0,0.112,0.422,0
8162,35,1,5,0.912,0.735,0.666,0.0,0.032,0.112,0
8163,70,0,11,0.845,0.722,0.968,0.0,0.63,0.09,0
8164,67,1,5,0.883,0.664,0.425,0.0,0.227,0.126,0
8165,41,1,11,1.051,0.432,0.84,0.0,0.289,0.376,1
8166,37,1,6,0.776,0.607,0.703,0.0,0.073,-0.018,0
8167,39,0,4,0.81,0.598,0.888,0.5,0.043,-0.017,0
8168,44,1,6,0.885,0.567,0.763,0.75,0.413,0.025,0
8169,80,1,3,0.896,0.648,0.469,0.0,0.002,0.167,0
8170,48,1,4,0.884,0.62,0.719,0.25,0.401,-0.072,0
8171,46,0,11,0.883,0.648,0.805,0.75,0.346,0.183,0
8172,63,1,5,0.7,0.682,0.323,0.0,-0.027,0.08,0
8173,67,1,12,1.05,0.472,1.205,0.75,0.667,0.388,1
8174,33,0,5,1.051,0.706,0.53,0.25,0.133,0.361,0
8175,56,1,10,0.899,0.588,0.733,0.5,0.033,0.401,0
8176,53,0,9,0.861,0.579,0.565,0.75,-0.269,0.318,0
8177,31,1,3,0.656,0.407,0.519,0.0,0.171,-0.057,0
8178,63,1,12,0.996,0.594,0.954,0.5,0.432,0.258,0
8179,33,0,11,0.91,0.587,0.931,0.0,0.412,0.348,0
8180,72,1,4,0.881,0.617,0.782,0.0,0.038,0.266,0
8181,59,1,6,0.762,0.7,0.405,0.5,-0.528,0.011,0
8182,57,1,6,0.662,0.616,0.502,0.0,0.424,-0.058,1
8183,66,1,12,1.057,0.627,1.154,0.25,0.75,0.327,0
8184,59,1,6,1.077,0.589,0.908,0.0,0.657,0.283,1
8185,35,0,8,0.873,0.563,0.507,1.0,-0.19,0.048,0
8186,66,1,8,0.717,0.653,0.701,0.0,0.212,-0.081,0
8187,64,0,9,0.836,0.668,0.721,0.0,0.443,-0.235,0
8188,37,0,5,0.826,0.555,0.788,1.0,-0.113,-0.091,0
8189,47,0,8,0.917,0.65,0.523,0.5,0.005,0.241,0
8190,48,1,8,0.999,0.566,0.835,1.0,0.348,0.313,0
8191,75,0,9,0.999,0.549,0.875,0.5,0.347,0.086,1
8192,56,0,10,0.799,0.64,0.917,0.0,0.679,0.115,0
8193,74,1,9,1.083,0.525,0.655,0.0,0.021,0.293,0
8194,46,0,4,1.016,0.619,0.508,0.5,0.3,0.259,0
8195,84,0,12,0.917,0.62,1.29,0.0,0.99,-0.124,0
8196,80,0,8,0.924,0.609,0.927,0.0,0.25,0.314,0
8197,62,1,9,1.038,0.591,0.836,0.5,0.161,0.336,0
8198,71,1,6,0.846,0.568,0.746,0.75,0.176,0.042,1
8199,81,1,11,0.837,0.468,1.262,0.0,0.842,0.057,0
8200,69,1,8,0.971,0.475,0.667,0.25,0.303,0.323,1
8201,79,0,9,1.045,0.615,0.856,0.75,0.156,0.364,1
8202,67,1,8,0.926,0.717,0.525,0.5,0.017,0.322,0
8203,50,1,8,0.971,0.725,0.847,0.0,0.278,0.17,0
8204,81,1,8,0.885,0.675,0.943,0.0,0.393,0.109,1
8205,82,0,6,0.995,0.668,0.804,0.0,0.603,0.199,0
8206,31,0,12,0.871,0.632,0.957,0.0,0.448,-0.015,0
8207,41,0,3,0.696,0.556,0.546,0.75,0.008,-0.086,0
8208,32,0,4,0.739,0.583,0.642,0.0,0.368,0.155,0
8209,63,0,3,0.925,0.566,0.506,0.75,0.116,0.2,0
8210,71,0,8,0.816,0.508,0.832,0.0,0.215,-0.12,0
8211,56,0,6,0.699,0.629,0.896,1.0,0.874,-0.161,0
8212,79,1,9,1.143,0.625,0.556,0.0,0.346,0.343,0
8213,36,1,6,0.795,0.418,0.502,0.25,-0.05,0.109,0
8214,73,1,6,0.959,0.502,0.63,0.5,-0.048,0.407,0
8215,71,0,5,0.809,0.527,0.52,0.5,0.225,0.18,0
8216,40,0,12,0.752,0.528,0.766,0.0,0.388,-0.091,0
8217,58,0,6,0.517,0.626,0.707,0.75,0.396,-0.102,1
8218,54,1,10,0.904,0.422,0.797,0.0,0.519,0.163,1
8219,81,1,12,0.971,0.504,0.721,0.75,0.123,0.447,1
8220,36,1,8,0.639,0.543,0.613,0.25,0.274,-0.039,0
8221,79,1,6,0.94,0.576,0.505,1.0,-0.195,0.281,1
8222,44,0,12,1.21,0.559,0.996,0.0,0.441,0.721,0
8223,74,1,10,0.853,0.545,0.676,1.0,-0.08,0.282,0
8224,49,1,7,0.802,0.675,1.004,0.0,0.306,0.177,0
8225,54,1,7,0.87,0.711,0.725,0.0,0.014,0.065,0
8226,35,0,5,0.776,0.566,0.424,0.0,-0.026,-0.028,0
8227,36,0,8,0.859,0.594,0.796,0.0,0.619,0.066,0
8228,74,1,12,1.01,0.481,0.7,0.0,0.395,0.31,0
8229,81,0,4,0.672,0.703,0.578,0.0,0.407,0.157,0
8230,43,1,5,0.774,0.422,0.611,0.0,0.169,0.05,0
8231,49,1,8,0.85,0.487,0.615,0.5,0.002,0.145,0
8232,42,1,10,1.095,0.452,0.687,0.0,0.148,0.405,0
8233,82,0,10,1.238,0.581,0.825,0.25,0.292,0.59,0
8234,42,1,4,0.773,0.721,0.861,0.5,0.121,0.08,1
8235,49,0,11,0.984,0.399,0.819,0.0,0.277,0.211,0
8236,71,1,4,0.745,0.696,0.346,0.25,-0.062,0.023,0
8237,50,1,6,0.815,0.627,0.578,0.0,-0.0,0.311,0
8238,42,1,5,0.892,0.573,0.459,0.0,0.188,0.298,0
8239,83,0,8,0.997,0.75,0.774,0.0,0.074,0.254,1
8240,72,1,7,0.999,0.599,0.839,0.0,0.307,0.299,0
8241,36,1,12,0.908,0.544,0.943,0.0,0.195,0.218,0
8242,36,1,5,0.814,0.594,0.668,0.0,0.21,0.059,0
8243,48,1,3,0.817,0.51,0.645,1.0,-0.05,0.109,0
8244,40,1,10,1.091,0.585,1.083,0.25,0.515,0.193,0
8245,39,1,12,0.991,0.538,0.7,0.0,0.329,0.074,0
8246,39,0,10,0.528,0.555,1.087,0.0,0.467,-0.08,0
8247,38,1,11,0.93,0.549,0.881,1.0,0.492,0.252,0
8248,54,1,9,0.968,0.668,0.659,0.0,0.281,0.178,0
8249,52,0,6,0.842,0.7,0.686,0.0,0.062,0.195,0
8250,68,1,11,0.837,0.449,0.987,0.75,0.323,0.156,0
8251,47,0,4,0.794,0.608,0.576,0.0,0.352,-0.055,0
8252,65,1,8,0.88,0.542,0.532,0.0,0.007,0.089,0
8253,77,1,10,0.886,0.497,0.98,1.0,0.407,0.303,1
8254,35,1,8,0.775,0.545,0.993,0.0,0.246,-0.339,0
8255,63,1,12,1.131,0.607,0.833,0.0,0.172,0.416,0
8256,69,1,8,0.705,0.655,0.689,0.25,0.227,-0.108,0
8257,58,0,4,0.834,0.748,0.608,0.5,0.234,-0.092,0
8258,70,1,6,0.885,0.593,0.7,0.0,0.545,0.1,0
8259,42,1,9,0.99,0.616,0.898,0.5,0.486,0.245,0
8260,56,0,4,0.834,0.685,0.531,0.5,0.22,0.085,0
8261,71,0,6,0.851,0.525,0.728,0.75,0.249,0.049,0
8262,35,1,11,1.044,0.412,0.784,0.0,0.336,0.369,0
8263,35,1,4,0.683,0.593,0.613,0.0,0.245,-0.017,0
8264,55,1,11,1.12,0.667,0.937,0.0,0.44,0.286,1
8265,33,1,10,0.866,0.696,0.947,0.0,0.228,0.033,0
8266,37,1,12,1.127,0.478,0.927,0.0,0.332,0.218,1
8267,75,1,12,0.964,0.58,1.106,0.0,0.525,0.061,0
8268,42,1,3,0.961,0.663,0.47,0.0,-0.007,0.059,0
8269,69,1,6,0.913,0.48,0.564,0.0,0.033,0.238,0
8270,41,1,12,1.256,0.586,1.074,0.0,0.572,0.709,0
8271,44,0,3,0.699,0.717,0.349,1.0,-0.116,-0.118,0
8272,66,1,6,0.888,0.544,0.85,0.0,0.129,0.114,0
8273,52,0,11,0.97,0.538,0.971,0.25,0.782,0.179,0
8274,57,0,8,0.93,0.524,0.931,0.0,0.849,0.23,0
8275,65,1,11,1.114,0.626,0.931,0.0,0.434,0.263,1
8276,36,0,5,0.815,0.692,0.564,0.5,0.216,0.029,0
8277,74,0,9,1.041,0.653,1.009,0.0,0.59,0.115,0
8278,42,0,4,0.918,0.635,0.469,0.0,-0.003,0.314,0
8279,78,1,6,0.986,0.667,0.834,0.25,0.51,0.342,0
8280,82,1,6,0.86,0.588,0.486,0.0,0.029,0.035,0
8281,82,0,12,0.795,0.579,0.83,0.0,0.309,-0.107,0
8282,56,0,5,0.777,0.621,0.67,0.5,0.031,-0.042,0
8283,67,0,7,0.806,0.505,0.848,1.0,0.758,-0.013,1
8284,70,0,4,0.824,0.497,0.74,0.0,0.176,0.29,0
8285,49,1,9,0.994,0.7,0.813,0.25,0.348,0.422,0
8286,79,1,9,0.791,0.504,0.56,0.0,0.0,0.045,0
8287,30,0,5,0.634,0.7,0.56,0.25,0.09,-0.191,0
8288,50,0,8,1.097,0.621,0.988,0.0,0.335,0.426,0
8289,50,1,7,0.799,0.599,0.71,1.0,0.123,0.18,0
8290,53,1,11,0.715,0.476,0.864,0.0,0.155,-0.13,0
8291,57,1,7,1.014,0.494,0.774,0.0,0.383,0.305,0
8292,38,1,8,0.86,0.533,0.556,0.5,0.308,0.077,1
8293,77,1,8,1.012,0.625,0.486,0.5,0.08,0.095,0
8294,71,1,10,0.889,0.57,0.859,0.5,0.484,0.1,0
8295,45,0,5,0.847,0.629,0.653,0.5,-0.082,0.062,0
8296,68,1,3,0.688,0.659,0.809,0.0,0.251,-0.045,0
8297,75,1,6,0.9,0.535,0.608,0.0,0.171,0.245,0
8298,49,0,3,0.961,0.72,0.856,1.0,0.239,0.349,0
8299,60,1,12,0.7,0.565,1.12,0.25,0.427,0.082,0
8300,61,1,7,0.918,0.681,1.029,0.0,0.329,0.061,0
8301,31,0,4,0.727,0.563,0.463,0.0,-0.065,-0.128,0
8302,72,1,7,0.81,0.7,0.634,0.0,0.118,0.132,0
8303,82,0,7,0.732,0.498,0.591,0.5,0.151,-0.031,1
8304,69,0,12,0.674,0.597,0.848,0.0,0.478,-0.086,0
8305,83,0,3,0.705,0.734,0.504,0.25,0.194,-0.198,0
8306,73,1,12,1.022,0.579,0.874,0.5,0.616,0.289,0
8307,32,0,9,0.832,0.4,0.664,0.0,0.428,-0.043,0
8308,30,0,5,0.818,0.684,0.863,0.0,0.264,0.035,0
8309,41,1,3,0.74,0.58,1.008,0.0,0.545,-0.042,0
8310,69,1,6,0.733,0.628,0.472,0.75,0.055,0.065,0
8311,57,0,5,0.723,0.684,0.535,0.0,-0.158,-0.233,0
8312,64,1,7,0.91,0.653,0.739,0.0,0.161,0.202,0
8313,80,0,11,1.104,0.487,0.641,0.75,0.161,0.152,0
8314,70,0,7,0.961,0.591,0.874,0.75,0.311,0.261,1
8315,32,0,3,0.81,0.681,0.428,0.75,-0.048,0.23,0
8316,36,0,10,1.074,0.616,0.689,1.0,0.276,0.377,0
8317,72,0,4,0.74,0.518,0.674,0.5,-0.003,0.04,0
8318,30,1,7,0.933,0.7,0.623,0.0,0.011,0.19,0
8319,82,1,12,1.133,0.518,0.807,0.0,0.257,0.454,1
8320,70,0,4,0.916,0.7,0.707,0.0,0.341,0.023,0
8321,71,0,6,0.783,0.698,0.473,0.75,0.013,0.1,0
8322,32,1,6,0.785,0.631,0.778,0.0,0.102,0.034,0
8323,55,0,10,0.707,0.577,0.748,0.5,0.396,-0.021,0
8324,43,0,8,0.961,0.524,0.703,0.0,0.239,0.261,0
8325,80,1,6,0.864,0.801,0.781,0.25,0.716,0.204,0
8326,84,0,9,1.029,0.6,0.7,0.25,0.058,0.128,0
8327,69,0,4,0.75,0.531,0.667,0.0,0.164,0.083,0
8328,30,0,7,0.909,0.583,0.805,0.0,0.813,-0.062,0
8329,44,1,6,0.7,0.567,0.479,0.75,-0.048,-0.23,0
8330,80,1,9,1.159,0.57,1.03,0.0,0.683,0.368,0
8331,42,0,8,0.7,0.517,0.605,0.75,-0.095,0.05,0
8332,52,1,8,0.73,0.564,0.834,0.0,0.373,0.14,0
8333,57,0,11,0.999,0.531,0.91,0.5,0.691,0.12,0
8334,71,1,5,1.076,0.592,0.451,0.0,0.085,0.446,0
8335,73,0,11,0.88,0.634,0.849,0.5,0.328,0.164,1
8336,78,0,4,0.527,0.603,0.449,1.0,-0.263,-0.322,1
8337,31,0,6,0.646,0.676,0.695,0.25,0.161,0.014,0
8338,76,1,11,1.002,0.578,0.925,0.0,0.583,0.331,0
8339,33,0,11,0.8,0.52,1.101,0.75,0.588,0.007,0
8340,77,1,4,0.968,0.486,0.476,0.0,-0.054,0.217,0
8341,37,1,12,1.065,0.526,0.907,0.25,0.482,0.506,0
8342,59,0,11,0.842,0.689,1.0,0.25,0.503,0.287,0
8343,74,0,9,0.981,0.614,0.982,0.0,0.771,0.224,0
8344,52,0,4,0.932,0.657,0.111,0.0,-0.465,0.035,0
8345,78,0,10,0.78,0.587,0.7,0.0,0.209,-0.014,0
8346,30,1,9,0.7,0.567,0.772,0.75,0.458,0.102,0
8347,49,1,7,0.797,0.645,0.7,0.5,0.232,-0.058,0
8348,82,0,12,0.927,0.529,0.807,0.0,0.578,-0.06,0
8349,73,1,6,0.913,0.493,0.806,0.0,0.206,0.122,0
8350,54,0,4,0.84,0.642,0.905,0.0,0.153,0.15,0
8351,70,1,6,1.149,0.574,0.7,0.25,0.306,0.523,0
8352,37,1,12,0.947,0.526,1.074,0.75,0.636,0.237,0
8353,76,0,11,0.999,0.269,0.982,0.0,0.655,0.074,0
8354,75,1,11,0.778,0.639,0.7,0.0,0.286,0.266,1
8355,59,0,6,0.684,0.701,0.691,0.0,0.118,-0.238,0
8356,45,1,6,0.72,0.55,0.788,1.0,0.423,-0.083,0
8357,81,0,3,0.891,0.651,0.454,0.25,0.213,-0.037,0
8358,57,1,4,0.618,0.665,0.695,0.25,0.069,-0.329,0
8359,45,0,9,0.94,0.646,0.853,0.75,0.559,0.125,0
8360,58,1,8,0.828,0.681,0.485,0.0,0.03,-0.043,0
8361,80,1,9,0.902,0.7,0.603,0.0,0.301,0.244,0
8362,34,1,11,1.111,0.482,0.521,0.0,0.031,0.197,1
8363,64,1,4,0.84,0.518,0.752,0.0,0.466,0.067,1
8364,36,0,7,0.805,0.7,0.676,0.25,0.475,0.053,0
8365,38,1,5,0.843,0.549,0.634,0.75,0.539,0.239,0
8366,32,0,9,0.865,0.6,0.948,0.5,0.471,0.168,0
8367,69,0,10,0.727,0.495,0.784,0.0,0.319,0.253,0
8368,50,1,12,0.908,0.614,0.778,0.0,0.336,0.162,0
8369,44,0,8,0.963,0.583,0.787,1.0,0.139,0.19,1
8370,62,1,9,0.839,0.543,0.701,0.75,0.164,0.295,0
8371,38,1,4,0.752,0.454,0.134,0.75,-0.1,-0.108,0
8372,42,1,3,0.626,0.7,0.729,0.5,0.068,-0.343,0
8373,78,1,11,1.088,0.527,0.83,0.0,0.105,0.321,1
8374,54,0,11,0.818,0.554,0.706,0.25,-0.001,-0.045,0
8375,54,1,7,1.086,0.7,0.791,0.0,0.429,0.361,0
8376,30,1,5,0.703,0.559,0.759,0.0,0.237,-0.014,0
8377,52,1,8,0.897,0.54,0.611,0.5,0.257,0.196,0
8378,82,0,6,0.71,0.473,0.92,1.0,0.42,-0.07,0
8379,66,1,5,0.75,0.567,0.394,0.5,0.321,-0.136,0
8380,83,0,8,0.689,0.548,1.126,0.75,0.641,-0.252,1
8381,84,1,6,0.758,0.614,0.753,0.25,0.217,0.287,0
8382,34,0,5,0.663,0.693,0.657,0.0,0.169,0.066,0
8383,45,0,4,0.558,0.547,0.598,0.0,0.274,-0.508,0
8384,36,0,9,1.145,0.635,1.04,0.75,0.528,0.374,0
8385,37,0,8,0.775,0.558,1.138,0.75,0.627,-0.143,1
8386,30,0,3,0.679,0.668,0.721,1.0,0.432,-0.211,1
8387,37,0,5,0.622,0.462,0.425,0.5,-0.284,-0.083,0
8388,42,0,11,0.793,0.562,0.827,0.0,0.275,0.039,0
8389,45,1,6,0.722,0.506,0.813,0.0,0.311,-0.04,0
8390,80,1,12,0.7,0.396,0.911,0.0,0.477,0.008,0
8391,53,0,11,1.01,0.532,1.071,1.0,0.507,0.229,0
8392,51,0,12,0.995,0.5,0.863,1.0,0.445,0.226,0
8393,31,0,3,0.739,0.642,1.006,0.5,0.306,0.038,0
8394,31,0,8,0.877,0.61,0.84,0.0,0.264,0.086,0
8395,38,0,3,0.989,0.572,0.673,0.0,0.027,0.024,0
8396,37,0,12,0.905,0.486,0.715,0.25,0.094,0.238,0
8397,53,0,9,0.839,0.639,0.539,0.5,0.085,0.106,0
8398,66,0,6,0.941,0.63,0.698,0.0,0.19,0.375,1
8399,75,0,7,0.915,0.565,0.746,0.25,0.249,0.125,0
8400,35,1,7,0.904,0.47,0.99,0.0,0.575,0.011,0
8401,75,0,6,0.818,0.453,0.495,0.0,-0.121,0.007,0
8402,30,1,5,0.848,0.642,0.764,0.0,0.14,0.136,0
8403,81,0,3,0.797,0.659,0.568,0.0,0.052,0.023,0
8404,37,0,11,1.082,0.641,0.784,0.5,0.164,0.125,0
8405,66,0,11,1.023,0.436,0.829,0.25,0.3,0.403,0
8406,38,0,5,0.807,0.471,0.63,0.5,-0.279,0.226,0
8407,55,1,7,0.995,0.558,0.704,0.0,0.134,0.35,0
8408,51,0,12,0.979,0.452,1.019,0.0,0.792,0.276,0
8409,36,0,10,1.115,0.469,0.715,0.25,0.328,0.257,0
8410,84,1,7,0.674,0.581,0.622,0.5,0.074,-0.102,0
8411,43,0,12,1.049,0.58,1.163,0.25,0.461,0.131,0
8412,43,1,4,0.747,0.639,0.62,0.25,0.167,-0.011,0
8413,30,1,5,0.663,0.591,0.48,0.25,0.035,-0.068,0
8414,62,0,4,0.696,0.7,0.648,0.5,-0.052,-0.234,0
8415,79,1,9,0.899,0.626,0.873,0.0,0.621,0.204,1
8416,66,1,11,0.848,0.627,0.752,0.25,0.44,0.1,1
8417,34,1,11,1.024,0.549,0.574,0.0,-0.052,0.198,1
8418,80,1,5,0.888,0.529,0.616,0.0,-0.04,-0.012,0
8419,80,1,8,0.942,0.453,0.874,0.0,0.51,0.133,0
8420,75,1,8,1.0,0.56,0.794,0.75,0.204,0.365,1
8421,77,0,7,0.896,0.557,0.672,0.0,0.346,0.004,0
8422,33,0,11,0.847,0.56,1.029,0.5,0.414,0.066,0
8423,50,1,5,0.775,0.557,0.465,0.0,0.068,-0.007,0
8424,47,0,3,0.56,0.749,0.579,0.0,0.253,-0.245,0
8425,38,0,10,0.744,0.359,0.717,0.5,0.269,0.035,0
8426,36,0,9,0.691,0.445,0.713,0.25,0.334,0.157,0
8427,57,0,5,0.838,0.574,0.608,0.75,-0.033,0.18,0
8428,31,1,3,0.89,0.655,0.431,0.0,0.073,0.07,0
8429,65,0,8,0.7,0.629,0.468,0.0,0.201,-0.07,1
8430,39,1,9,1.0,0.564,1.084,0.5,0.139,0.3,0
8431,35,1,10,0.943,0.488,0.532,0.0,0.04,0.027,0
8432,83,1,11,1.109,0.705,0.746,0.0,0.378,0.331,0
8433,45,1,9,0.8,0.646,0.866,0.0,0.135,0.133,0
8434,57,0,10,0.915,0.599,0.924,0.0,0.644,0.31,0
8435,64,0,12,0.992,0.557,1.128,0.0,0.95,0.145,0
8436,62,1,12,0.747,0.279,0.783,0.75,0.675,0.218,1
8437,38,1,9,0.712,0.763,0.703,0.0,0.21,0.056,0
8438,36,0,6,1.04,0.646,0.631,0.5,-0.123,0.167,0
8439,39,1,9,0.907,0.508,0.725,0.75,0.112,0.234,0
8440,40,0,3,0.983,0.581,0.494,0.0,0.061,0.172,0
8441,63,0,9,0.853,0.428,0.836,0.0,0.506,0.305,0
8442,65,0,10,0.949,0.693,0.7,0.0,0.546,0.232,1
8443,70,1,9,0.845,0.677,0.936,0.0,0.639,0.038,0
8444,73,1,12,1.092,0.552,1.049,0.0,0.656,0.422,0
8445,35,0,3,0.721,0.729,0.451,0.0,0.144,-0.059,0
8446,40,1,11,1.087,0.53,0.959,0.25,0.453,0.206,1
8447,82,1,9,0.935,0.61,0.875,0.5,0.278,0.031,0
8448,80,1,6,0.698,0.7,0.779,0.0,0.118,0.039,0
8449,30,1,4,0.988,0.455,0.538,0.5,-0.08,0.426,0
8450,38,1,7,0.869,0.453,0.674,0.0,0.711,0.089,0
8451,50,0,6,0.876,0.669,0.516,0.75,-0.421,0.138,0
8452,43,1,4,1.033,0.652,0.66,0.0,0.304,0.281,0
8453,70,0,6,0.83,0.568,0.879,0.0,0.354,-0.064,0
8454,77,1,7,0.843,0.532,0.674,0.0,0.239,-0.098,0
8455,55,0,7,0.957,0.728,0.698,0.0,0.225,0.125,0
8456,41,0,12,1.153,0.482,0.736,0.0,0.33,0.261,1
8457,39,0,11,1.137,0.514,0.822,0.0,0.24,0.536,1
8458,61,1,11,0.872,0.518,0.839,0.0,0.318,-0.045,0
8459,63,0,3,0.7,0.611,0.678,0.0,0.091,-0.321,0
8460,44,1,11,0.991,0.537,1.045,0.0,0.684,0.367,0
8461,76,0,8,0.898,0.69,0.928,1.0,0.42,0.222,1
8462,33,1,7,0.842,0.541,0.757,0.0,0.204,0.25,0
8463,48,0,6,1.016,0.691,0.711,0.25,0.026,0.238,0
8464,54,1,7,0.868,0.607,0.658,0.0,0.378,0.266,0
8465,44,1,12,0.889,0.542,1.003,0.0,0.625,0.358,0
8466,63,0,12,0.98,0.652,0.27,0.0,-0.164,0.333,0
8467,75,1,7,0.67,0.641,0.703,0.0,0.127,0.028,1
8468,54,1,6,0.91,0.604,0.449,1.0,-0.146,0.125,0
8469,44,1,8,0.887,0.603,0.971,1.0,0.587,-0.076,0
8470,62,1,7,1.04,0.503,0.456,0.5,0.129,0.481,0
8471,76,0,12,0.891,0.489,0.978,1.0,0.481,0.032,0
8472,53,1,6,0.892,0.638,0.766,0.75,0.086,0.199,0
8473,63,1,4,0.715,0.657,0.646,0.5,0.065,0.079,0
8474,66,1,12,0.809,0.512,0.881,0.25,0.365,0.116,0
8475,50,0,4,0.915,0.7,0.738,0.0,0.261,0.138,0
8476,63,0,4,0.867,0.647,0.448,0.0,-0.172,-0.045,0
8477,79,0,5,0.764,0.579,0.735,0.5,0.457,0.062,0
8478,50,1,8,0.653,0.589,0.321,0.5,-0.391,-0.199,1
8479,34,1,10,0.986,0.535,0.704,0.5,0.33,0.286,0
8480,41,1,6,0.859,0.522,0.569,0.5,-0.02,0.122,0
8481,69,0,11,0.954,0.558,0.703,0.5,0.299,0.083,0
8482,52,0,7,0.961,0.553,0.83,0.75,0.125,0.234,1
8483,63,1,9,0.852,0.488,0.758,0.25,0.306,0.119,0
8484,37,1,6,0.962,0.602,0.475,0.75,-0.032,0.235,0
8485,46,0,10,1.03,0.665,0.679,0.25,0.14,0.219,0
8486,67,0,5,0.733,0.491,0.856,0.0,0.528,0.157,0
8487,60,1,4,0.824,0.678,0.628,0.0,-0.238,0.028,0
8488,38,1,12,0.896,0.565,0.724,0.0,0.024,0.099,0
8489,40,0,4,0.844,0.582,0.547,0.0,0.155,0.131,0
8490,72,1,8,0.788,0.608,0.835,0.0,0.549,0.103,0
8491,59,1,9,0.939,0.559,0.699,0.25,0.324,0.239,0
8492,63,1,10,1.012,0.501,0.883,0.0,0.487,0.305,0
8493,54,0,5,0.771,0.574,0.637,0.0,0.14,-0.044,0
8494,35,0,8,0.959,0.594,0.621,0.0,0.32,0.163,0
8495,69,0,3,0.791,0.631,0.718,0.5,0.357,0.047,0
8496,49,1,12,1.056,0.704,0.904,0.0,0.384,0.171,0
8497,72,1,3,0.984,0.571,0.473,0.0,0.202,0.492,0
8498,43,1,3,0.619,0.574,0.241,0.0,-0.253,-0.071,0
8499,83,1,3,0.658,0.552,0.201,0.5,-0.087,-0.088,0
8500,57,1,10,0.712,0.552,0.747,0.0,-0.06,0.149,0
8501,49,1,8,0.605,0.712,0.744,0.0,0.095,-0.095,0
8502,50,0,3,0.809,0.646,0.513,0.25,-0.165,0.061,0
8503,36,0,12,0.921,0.675,0.873,0.25,0.304,0.53,0
8504,66,1,7,0.836,0.469,1.082,0.25,0.324,-0.06,0
8505,84,1,6,0.935,0.525,0.687,0.0,-0.004,0.328,0
8506,51,0,9,0.961,0.614,0.635,0.75,0.078,0.102,0
8507,83,0,3,0.7,0.545,0.27,0.5,-0.326,0.056,0
8508,67,1,10,0.866,0.622,0.771,0.0,-0.06,0.166,0
8509,36,0,7,0.812,0.576,0.708,1.0,0.366,0.149,0
8510,84,1,10,0.872,0.603,0.721,0.5,0.291,-0.01,0
8511,61,1,7,0.945,0.562,0.592,0.0,0.07,0.471,0
8512,64,0,10,1.025,0.593,0.754,0.0,0.227,0.274,0
8513,80,1,11,0.964,0.534,0.895,0.25,0.357,0.33,0
8514,78,1,11,1.042,0.476,0.934,0.0,0.605,0.297,0
8515,32,1,11,0.873,0.649,1.105,0.0,0.772,0.299,0
8516,44,1,12,0.811,0.588,1.526,0.0,1.075,0.065,0
8517,48,1,12,0.916,0.542,1.046,0.5,0.619,0.153,0
8518,42,0,4,0.662,0.64,0.7,0.0,0.14,-0.197,0
8519,68,1,12,0.921,0.472,0.76,0.25,0.218,0.045,0
8520,56,0,7,1.092,0.442,0.73,1.0,0.245,0.416,0
8521,31,1,12,1.156,0.545,0.812,0.75,0.501,0.596,0
8522,73,0,11,0.83,0.423,1.004,0.0,0.596,0.223,1
8523,44,1,11,0.952,0.668,0.886,0.75,0.46,0.503,0
8524,80,1,4,0.7,0.591,0.976,0.0,0.716,-0.064,0
8525,48,1,5,0.968,0.689,0.771,0.0,0.096,0.233,0
8526,63,0,10,0.838,0.528,0.706,0.0,0.287,0.065,0
8527,82,0,10,0.756,0.522,0.78,0.0,0.167,-0.116,0
8528,71,0,11,0.825,0.307,0.895,0.0,0.482,0.139,0
8529,80,0,7,0.959,0.762,0.725,0.0,0.095,0.101,1
8530,49,1,10,0.919,0.363,0.937,0.5,0.578,0.076,1
8531,39,0,4,0.63,0.565,0.561,0.0,0.255,0.15,0
8532,50,0,7,0.926,0.622,0.502,0.0,0.311,0.138,0
8533,33,0,9,0.868,0.615,1.166,0.5,0.846,0.225,1
8534,34,1,12,0.848,0.55,0.747,0.0,0.047,0.018,0
8535,49,0,8,0.817,0.676,0.72,0.25,0.115,0.208,0
8536,58,0,4,0.813,0.666,0.826,1.0,0.346,0.082,1
8537,79,1,5,0.812,0.732,0.642,0.0,0.188,-0.032,0
8538,58,1,3,0.797,0.592,0.465,0.25,0.064,0.232,0
8539,33,0,9,0.646,0.626,0.957,0.0,0.361,-0.193,0
8540,56,1,10,1.019,0.516,0.814,0.25,0.482,0.442,1
8541,78,0,3,0.764,0.534,0.685,0.5,0.26,0.075,0
8542,35,0,7,1.01,0.427,0.63,1.0,-0.034,0.298,0
8543,39,0,11,0.831,0.7,1.197,0.25,0.46,0.06,1
8544,43,0,3,0.637,0.607,0.162,0.5,-0.4,-0.179,0
8545,71,1,3,0.776,0.714,0.777,0.0,0.145,0.078,0
8546,40,1,4,0.84,0.583,0.694,0.75,0.224,0.056,0
8547,31,1,8,0.751,0.566,0.476,0.0,0.132,-0.047,0
8548,69,1,3,0.78,0.718,0.39,0.0,-0.019,-0.231,0
8549,50,0,4,0.91,0.659,0.339,0.75,-0.465,0.105,0
8550,42,1,3,0.803,0.624,0.451,0.25,-0.291,0.058,0
8551,81,0,3,0.582,0.604,0.739,0.75,0.339,-0.117,0
8552,71,1,11,0.965,0.505,0.818,0.25,0.265,0.222,0
8553,49,1,4,1.081,0.575,0.7,0.5,0.479,0.385,0
8554,78,0,12,1.036,0.602,1.037,0.0,0.672,0.377,0
8555,32,1,7,0.756,0.631,0.64,0.25,0.219,0.014,0
8556,68,1,6,1.063,0.671,0.831,0.0,0.041,0.263,0
8557,41,1,12,0.789,0.517,1.105,0.0,1.046,0.007,0
8558,60,1,11,1.073,0.522,0.78,0.5,0.357,0.516,1
8559,72,0,4,0.947,0.7,0.694,0.0,0.055,0.198,0
8560,36,1,3,0.776,0.681,0.7,0.0,0.192,0.025,0
8561,54,0,4,0.833,0.682,0.382,0.0,-0.229,-0.049,0
8562,40,0,11,0.943,0.424,0.841,0.0,0.353,0.261,0
8563,59,0,11,0.886,0.458,0.798,0.0,0.228,0.262,0
8564,34,1,7,0.759,0.7,0.779,0.75,0.318,-0.072,0
8565,75,0,6,0.739,0.555,0.355,0.0,-0.322,-0.013,0
8566,53,0,8,0.912,0.396,0.475,1.0,-0.19,0.204,0
8567,76,1,10,0.939,0.646,1.077,0.0,0.894,0.042,0
8568,54,1,6,0.768,0.45,0.816,0.5,0.323,0.024,0
8569,41,1,11,0.972,0.621,0.588,0.75,-0.178,0.238,0
8570,57,1,12,0.94,0.476,0.913,0.0,0.222,0.235,0
8571,67,0,9,0.914,0.595,0.48,0.5,0.177,0.171,1
8572,39,1,11,1.063,0.605,0.83,1.0,0.621,0.316,0
8573,32,1,4,0.707,0.646,0.619,0.0,0.057,-0.045,0
8574,33,1,7,0.809,0.406,0.625,0.0,0.106,0.044,0
8575,37,1,7,0.887,0.555,0.468,0.25,-0.022,-0.018,0
8576,51,0,9,1.003,0.562,0.661,0.5,0.001,0.359,0
8577,73,1,10,0.984,0.69,0.691,0.0,0.164,0.085,0
8578,63,1,8,0.741,0.637,0.657,1.0,0.11,-0.027,0
8579,67,0,10,1.011,0.503,0.991,0.25,0.342,0.308,0
8580,74,1,4,0.928,0.626,0.7,1.0,0.1,0.132,0
8581,68,1,7,1.011,0.514,0.656,0.0,0.088,0.009,0
8582,42,0,4,0.879,0.644,0.537,0.25,-0.02,0.378,0
8583,75,1,3,0.876,0.674,0.78,0.0,0.62,0.158,0
8584,56,1,9,0.969,0.381,0.7,0.0,0.341,0.451,0
8585,64,0,7,1.112,0.545,0.892,0.5,0.4,0.151,1
8586,54,0,9,0.794,0.47,0.916,0.0,0.315,-0.201,0
8587,73,1,5,0.832,0.532,0.63,0.0,0.365,0.216,0
8588,34,0,10,1.068,0.509,0.629,0.25,0.18,0.343,0
8589,33,1,10,0.97,0.468,0.599,0.0,0.122,0.229,0
8590,58,1,10,1.059,0.516,0.781,0.5,0.281,0.328,0
8591,36,1,5,0.848,0.534,0.783,0.75,0.155,0.12,0
8592,53,0,3,0.722,0.681,0.643,0.75,0.011,0.3,0
8593,75,0,9,1.049,0.7,0.626,0.0,0.166,0.242,0
8594,78,1,7,0.694,0.592,0.715,0.0,0.5,-0.166,0
8595,31,0,10,0.864,0.596,0.971,0.75,0.425,0.142,0
8596,84,1,12,0.868,0.47,0.706,0.25,0.324,0.169,0
8597,49,1,8,0.976,0.714,0.662,0.5,0.354,0.362,0
8598,40,0,10,0.995,0.566,1.009,0.75,0.491,0.103,0
8599,41,0,5,0.862,0.675,0.976,0.0,0.405,0.263,0
8600,49,1,12,1.1,0.524,0.9,0.0,0.415,0.294,0
8601,80,0,3,0.821,0.537,0.515,0.75,-0.04,0.096,0
8602,58,1,9,0.93,0.651,0.931,0.25,0.192,0.058,0
8603,37,1,4,0.674,0.522,0.421,0.0,-0.004,-0.276,0
8604,73,1,6,0.791,0.545,0.991,0.0,0.679,-0.054,1
8605,33,0,3,0.77,0.57,0.519,0.25,0.05,-0.132,0
8606,60,0,7,0.89,0.441,0.883,0.5,0.187,0.259,0
8607,72,0,10,0.696,0.531,0.956,0.0,0.776,0.046,0
8608,36,0,3,0.86,0.482,0.703,0.25,0.018,0.059,0
8609,30,1,12,0.931,0.59,0.926,0.0,0.62,0.31,0
8610,54,1,12,1.055,0.522,0.7,0.25,0.433,0.426,1
8611,47,0,5,0.873,0.671,0.584,0.0,0.188,0.095,0
8612,39,0,10,1.003,0.697,0.795,0.0,0.192,0.33,0
8613,65,0,11,0.94,0.523,0.772,0.0,0.377,0.143,0
8614,48,0,5,0.747,0.67,0.654,0.0,0.107,0.409,0
8615,42,1,8,0.994,0.693,0.541,0.75,0.289,0.283,0
8616,33,0,8,0.837,0.573,0.585,0.0,0.322,0.008,0
8617,56,0,8,0.869,0.5,0.809,0.0,0.637,-0.027,0
8618,47,0,9,1.005,0.568,0.805,0.25,0.31,0.273,0
8619,83,1,7,0.962,0.7,0.642,1.0,0.435,0.195,1
8620,48,0,5,1.011,0.594,0.658,0.0,0.433,-0.03,0
8621,32,0,5,1.048,0.559,0.562,0.0,-0.128,0.179,0
8622,57,1,8,0.818,0.543,0.699,1.0,0.141,0.099,0
8623,36,1,9,0.803,0.589,0.935,0.5,0.347,0.129,0
8624,78,1,11,0.797,0.572,1.327,0.0,0.672,-0.016,0
8625,34,0,10,1.027,0.556,0.736,0.25,0.401,0.255,0
8626,60,1,5,0.779,0.525,0.725,0.5,0.389,-0.06,0
8627,75,0,11,1.094,0.55,0.762,1.0,0.463,0.3,0
8628,74,1,11,0.965,0.579,0.689,0.0,0.242,0.173,0
8629,66,0,7,1.038,0.611,0.581,1.0,-0.002,0.138,0
8630,68,1,8,0.767,0.603,0.67,0.0,0.368,-0.065,0
8631,42,0,6,0.884,0.615,0.837,0.25,0.745,0.134,0
8632,67,0,10,0.963,0.491,0.7,0.0,0.334,0.204,0
8633,68,1,12,0.97,0.572,0.757,0.0,0.503,0.082,0
8634,64,0,9,0.8,0.541,0.768,0.25,0.161,0.028,0
8635,67,1,12,1.054,0.626,0.879,0.75,0.168,0.295,1
8636,56,1,6,0.714,0.642,0.811,0.25,0.42,0.05,0
8637,58,0,5,0.834,0.564,0.793,0.0,0.659,0.203,1
8638,80,1,7,0.873,0.716,0.544,0.25,0.155,0.099,0
8639,68,0,5,0.932,0.628,0.627,0.0,0.048,0.292,0
8640,83,1,6,0.886,0.604,0.461,1.0,-0.227,0.192,1
8641,35,0,9,0.971,0.656,1.261,0.0,0.613,0.258,0
8642,31,0,9,1.013,0.652,0.736,0.0,0.038,0.264,0
8643,39,0,5,0.816,0.613,0.559,0.0,0.09,-0.078,0
8644,84,1,12,0.917,0.527,1.059,0.75,0.542,0.307,0
8645,47,1,5,0.774,0.502,0.402,0.75,-0.226,0.119,1
8646,77,1,9,0.865,0.681,0.849,1.0,0.258,0.047,0
8647,65,1,5,0.803,0.585,0.688,0.5,0.255,0.078,0
8648,59,0,9,1.024,0.638,0.675,0.75,0.291,0.323,0
8649,53,0,8,1.008,0.469,0.979,0.0,0.63,0.214,0
8650,37,1,12,1.089,0.574,0.638,0.5,-0.001,0.466,0
8651,48,1,7,1.121,0.535,0.782,0.0,0.176,0.3,1
8652,36,1,3,0.705,0.693,0.439,0.0,-0.182,-0.2,0
8653,44,1,11,0.876,0.599,0.572,0.0,0.042,0.17,0
8654,63,0,3,0.862,0.6,0.244,1.0,0.016,0.216,0
8655,84,1,5,0.753,0.622,0.775,1.0,0.23,-0.218,0
8656,59,1,6,0.931,0.561,0.975,0.25,0.394,0.173,0
8657,84,1,7,0.772,0.544,0.757,0.25,0.293,-0.07,1
8658,49,0,4,0.802,0.6,0.614,0.25,0.348,0.27,0
8659,70,0,8,0.985,0.545,0.499,0.0,-0.005,0.303,0
8660,69,0,10,1.128,0.537,0.716,0.5,0.185,0.274,1
8661,56,1,10,0.909,0.597,0.968,0.25,0.396,0.231,1
8662,74,1,12,0.773,0.515,0.906,0.75,0.299,0.109,0
8663,49,1,12,1.229,0.497,0.877,0.25,0.438,0.425,0
8664,56,0,10,0.963,0.638,0.526,0.5,-0.12,0.282,0
8665,31,0,7,0.774,0.54,0.9,0.75,0.414,-0.075,0
8666,80,1,10,0.994,0.529,0.902,0.25,0.288,0.248,0
8667,30,0,3,0.886,0.579,0.33,0.0,0.076,0.035,0
8668,78,0,9,1.031,0.557,0.587,0.0,0.443,0.274,0
8669,42,1,10,0.963,0.64,0.847,1.0,0.57,0.205,0
8670,82,0,5,0.793,0.464,0.74,0.0,0.568,0.045,0
8671,35,1,6,1.067,0.639,0.582,0.0,0.16,0.27,0
8672,32,1,6,0.782,0.552,0.728,0.0,0.265,-0.052,0
8673,72,0,6,0.655,0.635,1.059,0.25,0.683,-0.177,0
8674,48,1,6,0.998,0.627,0.809,0.0,0.431,0.125,0
8675,70,0,7,0.896,0.604,0.818,0.25,0.118,0.009,0
8676,60,1,9,1.104,0.677,0.584,0.0,0.004,0.372,0
8677,37,1,9,0.883,0.69,0.794,1.0,0.239,0.216,0
8678,78,1,8,0.895,0.561,0.855,0.75,0.546,0.254,1
8679,47,0,9,0.771,0.64,0.667,0.5,-0.002,0.159,0
8680,42,0,5,0.809,0.598,0.867,0.5,0.241,-0.1,0
8681,84,0,9,0.808,0.712,0.708,0.0,0.186,0.097,0
8682,37,0,10,1.127,0.623,0.757,0.0,0.426,0.265,0
8683,80,0,5,0.771,0.427,0.811,0.0,0.31,-0.009,0
8684,54,0,3,0.739,0.656,0.605,0.0,0.075,0.039,0
8685,31,1,3,0.808,0.489,0.615,0.0,0.112,-0.193,0
8686,42,1,7,0.958,0.689,1.035,0.5,0.799,0.006,0
8687,64,1,6,0.855,0.654,0.716,0.0,0.228,0.026,0
8688,35,0,10,0.836,0.429,0.79,0.5,0.174,0.126,0
8689,82,0,5,0.806,0.578,0.639,0.0,0.301,-0.157,0
8690,55,1,4,0.737,0.552,0.641,0.0,0.034,-0.234,0
8691,57,1,11,1.015,0.572,0.936,0.0,0.152,0.282,0
8692,61,1,5,0.786,0.612,0.823,0.0,0.383,0.116,0
8693,33,0,12,0.933,0.489,0.943,0.0,0.111,0.075,0
8694,48,0,6,0.862,0.7,0.647,0.0,0.348,0.247,0
8695,55,1,12,1.103,0.497,1.074,1.0,0.538,0.169,0
8696,32,0,9,0.863,0.618,0.605,0.0,0.185,0.154,0
8697,62,1,12,1.059,0.458,0.841,0.0,0.275,0.305,0
8698,66,0,5,0.845,0.797,0.723,0.5,0.362,0.012,0
8699,60,1,10,0.962,0.444,0.728,0.0,0.075,0.344,1
8700,32,1,7,0.77,0.587,0.518,0.75,0.195,-0.028,0
8701,71,1,5,1.027,0.552,0.376,0.0,0.053,0.532,1
8702,72,1,10,0.932,0.488,0.896,0.75,0.39,0.34,0
8703,58,0,6,0.909,0.583,0.56,0.0,0.024,0.004,0
8704,68,1,12,0.909,0.572,0.922,0.25,0.127,0.344,1
8705,65,0,3,0.833,0.62,0.668,0.0,0.056,0.133,0
8706,34,0,10,0.779,0.572,0.951,0.75,0.744,0.204,0
8707,67,0,8,1.087,0.555,0.623,0.0,0.218,0.355,0
8708,39,0,8,1.047,0.691,0.504,0.25,0.111,0.357,0
8709,63,0,4,0.703,0.559,0.79,0.25,0.363,0.003,0
8710,65,1,4,0.764,0.565,0.652,0.0,0.692,0.193,0
8711,53,1,4,0.848,0.602,0.509,0.5,0.059,0.226,0
8712,63,0,10,0.762,0.467,0.621,0.0,0.076,-0.116,1
8713,67,0,4,0.939,0.555,0.601,0.0,0.128,0.167,0
8714,56,0,12,1.071,0.569,0.78,1.0,0.429,0.457,0
8715,55,0,4,0.86,0.646,0.362,0.0,-0.211,0.133,0
8716,63,1,7,1.048,0.573,0.7,0.0,0.484,0.503,0
8717,53,1,5,0.7,0.592,0.826,0.75,0.474,0.137,0
8718,37,0,3,0.726,0.612,0.227,0.0,-0.53,0.179,0
8719,64,0,3,0.66,0.435,0.581,0.0,0.18,-0.275,0
8720,36,1,3,0.735,0.643,0.487,0.0,0.135,0.181,0
8721,77,0,11,0.907,0.537,0.764,0.25,0.29,0.173,0
8722,36,0,10,0.851,0.466,0.695,1.0,0.479,0.041,1
8723,66,1,9,0.752,0.633,0.8,0.25,-0.108,0.063,0
8724,74,0,5,0.659,0.773,0.584,1.0,0.266,-0.094,0
8725,71,0,4,0.836,0.683,0.21,1.0,-0.427,0.172,0
8726,57,1,9,0.541,0.501,0.845,0.0,0.318,-0.373,0
8727,37,0,3,1.045,0.656,0.261,0.5,-0.149,0.387,0
8728,73,0,10,0.717,0.564,0.888,0.0,0.192,0.064,0
8729,36,1,6,0.782,0.637,0.828,0.0,0.302,-0.308,0
8730,64,1,5,0.799,0.562,0.65,0.5,0.284,-0.092,0
8731,32,0,12,1.063,0.383,0.991,0.25,0.517,0.386,0
8732,67,1,12,0.971,0.52,0.806,0.25,0.194,0.232,0
8733,70,0,4,0.835,0.598,0.861,0.5,0.236,-0.018,0
8734,34,0,6,0.714,0.53,0.77,0.5,0.227,-0.239,0
8735,41,0,3,0.811,0.561,0.673,0.25,0.222,0.03,0
8736,31,1,4,0.608,0.654,0.814,1.0,0.595,-0.204,0
8737,33,0,8,0.897,0.597,0.712,1.0,0.241,0.333,0
8738,30,0,4,0.719,0.725,0.26,0.0,-0.362,0.099,0
8739,45,1,11,1.102,0.49,0.673,0.5,0.135,0.417,0
8740,47,1,9,0.966,0.573,0.675,0.25,-0.025,0.311,0
8741,68,1,4,0.737,0.474,0.767,0.0,0.329,0.021,0
8742,80,0,3,0.907,0.544,0.618,0.5,0.207,0.14,0
8743,55,0,7,0.881,0.496,0.701,0.0,0.232,0.181,0
8744,61,0,11,0.867,0.577,0.714,0.0,0.329,0.131,1
8745,52,0,9,0.923,0.621,0.985,0.0,0.194,0.17,0
8746,40,1,9,0.888,0.602,0.964,1.0,0.551,0.209,0
8747,31,0,8,0.779,0.464,0.686,0.75,-0.049,-0.079,0
8748,73,0,10,0.917,0.532,0.7,0.5,0.215,0.319,0
8749,83,1,11,0.787,0.578,0.959,0.5,0.407,-0.002,0
8750,77,1,10,0.807,0.578,0.697,0.75,0.229,-0.114,0
8751,81,1,10,0.84,0.617,0.568,0.0,0.087,-0.048,0
8752,37,0,7,0.673,0.502,0.661,0.75,-0.029,-0.237,0
8753,35,0,6,0.789,0.623,0.801,0.75,0.352,-0.079,0
8754,46,1,8,0.523,0.637,0.85,0.5,0.479,0.013,0
8755,44,1,11,0.855,0.61,0.871,0.25,0.326,0.231,0
8756,69,1,10,0.855,0.617,0.621,0.25,0.362,-0.084,0
8757,46,0,9,1.178,0.681,0.571,1.0,0.402,0.465,0
8758,55,0,3,0.877,0.612,0.669,0.0,-0.031,0.403,0
8759,43,0,4,0.94,0.704,0.781,0.25,0.362,0.381,0
8760,49,0,12,1.106,0.559,1.145,0.0,0.832,0.332,0
8761,49,1,8,0.814,0.558,0.585,0.5,0.012,0.096,0
8762,75,1,5,1.101,0.598,0.715,0.0,0.056,0.32,1
8763,44,0,11,0.785,0.411,0.974,0.0,0.46,0.121,0
8764,66,0,10,0.937,0.49,0.997,0.75,0.538,0.336,0
8765,73,0,9,1.005,0.573,0.903,0.25,0.366,0.148,0
8766,61,0,3,0.808,0.615,0.485,0.5,0.499,-0.048,0
8767,53,1,9,1.028,0.535,1.142,0.0,0.336,0.243,0
8768,43,0,8,1.0,0.405,0.819,0.0,0.46,0.131,0
8769,72,0,4,0.79,0.587,0.52,1.0,0.074,0.022,0
8770,51,0,4,0.784,0.598,0.401,0.0,-0.035,0.385,0
8771,43,0,12,1.195,0.563,0.75,0.0,0.743,0.561,0
8772,68,0,4,0.96,0.487,0.751,0.75,0.511,0.367,1
8773,38,1,4,0.823,0.617,0.794,0.5,0.069,0.163,0
8774,55,1,6,0.906,0.475,0.313,0.25,-0.387,-0.033,0
8775,53,0,11,1.08,0.477,0.96,0.0,0.505,0.367,1
8776,62,0,11,0.975,0.432,0.554,0.5,0.066,0.126,0
8777,77,0,3,0.81,0.535,0.755,1.0,0.294,-0.029,0
8778,42,1,10,0.967,0.467,0.875,0.0,0.41,0.12,0
8779,48,1,8,1.047,0.577,0.726,1.0,0.439,0.214,0
8780,80,1,9,1.068,0.496,0.579,0.0,-0.121,0.405,0
8781,62,0,8,0.828,0.627,0.641,0.0,0.146,-0.003,0
8782,36,0,4,0.698,0.639,0.836,0.5,0.509,-0.092,0
8783,46,1,9,0.899,0.585,0.847,0.5,0.373,0.127,0
8784,84,1,7,0.596,0.684,0.816,0.25,0.659,-0.22,1
8785,56,0,4,0.7,0.707,0.524,0.25,0.032,0.031,0
8786,52,0,10,0.986,0.445,0.867,0.75,0.411,0.387,0
8787,71,0,12,1.073,0.618,1.109,0.75,0.735,0.375,0
8788,78,0,6,0.915,0.603,0.566,0.0,0.234,0.189,0
8789,34,0,12,1.066,0.422,0.7,0.0,0.38,0.236,1
8790,33,1,12,1.065,0.545,0.739,0.0,0.269,0.319,0
8791,84,1,10,0.808,0.649,0.879,0.25,0.368,0.141,1
8792,71,1,9,0.924,0.595,1.038,0.75,0.387,0.108,0
8793,83,0,4,0.618,0.488,0.582,0.0,0.09,0.052,0
8794,77,0,8,0.861,0.587,0.4,0.0,-0.091,0.293,0
8795,56,0,7,0.775,0.612,0.454,0.75,-0.015,-0.04,0
8796,65,0,8,0.721,0.587,0.7,0.5,0.434,-0.056,1
8797,33,0,10,1.057,0.659,1.073,0.5,0.609,0.098,0
8798,39,0,8,0.981,0.49,0.911,0.0,0.31,0.048,0
8799,83,1,9,1.087,0.484,0.862,0.0,0.318,0.414,0
8800,36,0,10,0.96,0.472,0.89,0.0,0.273,0.214,0
8801,81,0,12,0.898,0.553,0.93,1.0,0.478,0.063,0
8802,74,0,5,0.721,0.509,0.94,0.0,0.613,-0.151,0
8803,53,1,4,0.983,0.7,0.46,0.0,-0.205,0.204,0
8804,41,0,7,0.974,0.596,0.86,0.25,0.344,0.278,0
8805,71,1,9,1.004,0.582,0.59,0.0,0.226,0.206,0
8806,67,1,11,0.966,0.581,0.582,0.0,0.204,0.084,0
8807,47,0,6,0.869,0.516,0.533,0.5,0.053,0.172,0
8808,40,1,5,0.724,0.564,0.274,0.0,0.027,-0.014,1
8809,73,1,9,0.664,0.712,0.692,1.0,0.186,-0.112,0
8810,33,0,6,0.836,0.569,0.881,1.0,0.301,0.165,0
8811,62,1,11,1.078,0.532,0.49,0.5,0.081,0.361,0
8812,46,0,6,0.776,0.652,0.547,1.0,0.17,0.19,0
8813,80,0,9,0.937,0.65,0.64,0.25,0.031,0.322,0
8814,71,0,11,0.954,0.7,0.947,0.25,0.578,0.335,0
8815,53,1,7,0.893,0.549,0.535,0.0,-0.158,0.108,0
8816,81,0,7,0.838,0.604,0.385,0.0,0.009,-0.038,0
8817,84,0,9,1.105,0.594,0.841,0.0,0.544,0.425,0
8818,38,0,9,0.797,0.478,0.642,0.75,-0.291,0.221,0
8819,46,1,3,0.812,0.602,0.532,0.75,0.149,-0.091,0
8820,59,0,5,0.757,0.521,0.473,0.0,-0.039,0.13,0
8821,63,1,9,0.88,0.567,0.806,1.0,0.444,0.213,0
8822,69,1,7,0.727,0.679,0.351,0.5,-0.349,-0.095,0
8823,39,1,3,0.78,0.654,0.631,0.0,0.253,0.06,0
8824,73,1,6,1.009,0.624,0.652,0.0,0.172,0.082,0
8825,80,0,12,0.929,0.516,0.855,0.0,0.493,0.246,0
8826,78,1,11,1.162,0.674,1.061,0.75,0.337,0.377,1
8827,67,0,9,0.819,0.577,0.608,0.25,0.442,0.014,0
8828,30,0,12,0.968,0.547,0.957,0.0,0.266,0.5,0
8829,46,1,11,0.926,0.669,0.78,1.0,-0.051,0.033,0
8830,44,1,3,0.851,0.727,0.658,0.75,0.105,0.128,0
8831,72,0,9,0.846,0.461,0.884,0.75,0.461,-0.031,0
8832,45,1,4,0.773,0.441,0.7,0.25,0.257,0.038,0
8833,69,1,8,0.768,0.567,0.705,0.0,0.207,-0.05,0
8834,45,0,10,0.984,0.616,0.69,0.0,0.1,0.215,0
8835,78,0,3,0.753,0.601,0.557,0.0,0.066,-0.007,0
8836,81,0,4,0.834,0.607,0.765,1.0,0.535,-0.082,0
8837,83,0,7,1.075,0.7,0.57,0.25,0.094,0.257,0
8838,40,0,4,0.801,0.7,0.605,0.0,0.155,-0.068,0
8839,43,1,8,1.021,0.452,0.785,0.5,0.501,0.165,0
8840,37,0,6,0.909,0.441,0.681,0.0,-0.092,0.258,0
8841,63,1,8,0.951,0.469,0.833,0.0,0.225,0.101,0
8842,39,0,6,0.821,0.621,0.787,0.25,0.25,0.155,0
8843,60,1,10,0.935,0.539,0.896,0.0,0.582,0.129,0
8844,55,1,7,0.974,0.561,0.727,0.5,0.353,0.131,0
8845,63,1,10,0.937,0.531,1.105,0.0,0.614,0.126,0
8846,74,1,5,0.741,0.553,0.657,0.75,0.251,-0.049,0
8847,63,1,10,1.133,0.396,0.709,0.25,0.069,0.406,0
8848,57,0,6,0.995,0.629,0.336,0.0,-0.191,0.129,0
8849,40,0,5,0.734,0.668,0.462,0.0,-0.046,0.011,0
8850,80,1,10,0.761,0.568,1.054,0.25,0.486,0.0,0
8851,65,0,10,1.008,0.381,0.889,0.0,0.586,0.125,0
8852,63,0,8,0.941,0.517,0.866,0.0,0.631,0.165,0
8853,38,0,3,0.7,0.634,0.407,1.0,-0.294,-0.043,0
8854,43,1,7,1.06,0.518,0.841,0.0,0.356,0.085,0
8855,72,0,5,0.623,0.463,0.748,0.0,-0.024,0.019,0
8856,80,0,10,0.973,0.495,0.982,0.0,0.138,0.088,0
8857,31,0,6,0.901,0.616,0.579,0.0,0.081,0.138,0
8858,51,1,7,1.092,0.653,0.653,0.0,0.144,0.336,0
8859,60,0,10,0.815,0.497,0.896,0.25,0.562,0.12,0
8860,52,1,7,0.852,0.542,0.913,0.5,0.246,-0.021,0
8861,38,0,5,0.725,0.581,0.215,0.5,-0.268,0.025,0
8862,71,0,5,0.764,0.673,0.739,0.25,0.231,-0.034,0
8863,60,1,3,0.768,0.677,0.7,0.0,0.457,-0.02,0
8864,51,0,7,0.695,0.63,0.58,0.75,0.05,0.072,0
8865,44,1,7,0.83,0.574,0.65,0.0,-0.033,0.132,0
8866,44,0,7,0.731,0.6,0.848,0.0,-0.087,0.059,1
8867,74,1,3,0.735,0.551,0.65,0.25,0.503,-0.092,1
8868,30,1,3,1.034,0.649,0.5,1.0,-0.121,0.513,0
8869,67,0,3,0.656,0.792,0.539,0.0,0.025,-0.047,0
8870,76,1,4,0.683,0.685,0.733,0.0,0.321,-0.229,1
8871,39,1,11,0.953,0.555,0.7,0.0,0.079,0.446,0
8872,44,1,7,0.886,0.645,0.667,0.0,0.237,0.171,0
8873,80,1,8,0.827,0.434,0.76,0.0,0.064,0.194,0
8874,65,0,9,0.813,0.469,0.685,0.0,0.181,0.124,1
8875,37,0,5,0.924,0.502,0.408,0.0,0.124,0.155,0
8876,58,0,9,0.852,0.434,0.823,0.25,-0.046,0.254,0
8877,41,1,6,0.864,0.721,0.478,0.5,0.103,0.162,1
8878,70,1,11,1.065,0.44,0.942,0.0,0.549,0.12,0
8879,34,0,10,0.935,0.604,0.748,0.0,0.415,0.369,0
8880,84,1,9,0.74,0.668,0.787,0.0,0.31,-0.071,0
8881,70,0,12,1.002,0.388,1.39,0.25,1.006,0.311,0
8882,38,0,9,0.736,0.491,0.449,1.0,0.008,-0.004,0
8883,31,0,12,0.939,0.579,0.933,0.0,0.4,0.182,0
8884,84,1,7,0.871,0.596,0.428,0.0,-0.147,-0.016,0
8885,70,1,10,0.756,0.575,0.958,0.25,0.442,0.152,0
8886,46,0,12,0.986,0.49,0.745,0.5,0.187,0.279,1
8887,30,0,10,0.825,0.59,0.497,1.0,-0.124,0.195,1
8888,76,0,7,0.893,0.578,0.778,1.0,0.288,0.118,0
8889,79,1,5,0.81,0.589,0.531,0.0,-0.01,0.138,0
8890,48,1,10,1.16,0.585,0.841,0.0,0.365,0.239,1
8891,79,1,5,0.791,0.531,0.406,0.25,-0.288,0.172,0
8892,44,0,10,1.077,0.532,0.817,0.75,0.139,0.335,0
8893,30,1,8,0.834,0.761,0.762,0.0,0.095,0.165,0
8894,60,0,10,0.902,0.597,0.635,0.0,0.043,0.153,0
8895,58,0,7,0.631,0.45,0.506,0.0,0.207,0.02,0
8896,51,0,9,0.997,0.584,0.761,0.0,0.31,0.434,1
8897,35,1,5,0.656,0.553,0.775,0.0,0.103,0.073,0
8898,48,0,5,0.935,0.661,0.628,0.0,0.183,0.186,0
8899,72,1,4,0.781,0.612,0.48,0.75,-0.459,0.222,0
8900,35,1,4,0.744,0.689,0.916,0.25,0.545,0.051,0
8901,35,1,9,0.766,0.539,0.605,0.0,-0.04,-0.082,0
8902,81,1,10,0.888,0.573,1.027,0.0,0.721,0.043,1
8903,81,1,9,0.823,0.569,0.809,0.0,0.672,-0.041,0
8904,80,1,5,0.494,0.677,0.481,0.0,-0.037,-0.262,1
8905,50,0,7,0.708,0.556,0.681,0.75,-0.021,-0.257,1
8906,82,0,12,0.885,0.576,1.018,0.0,0.601,0.03,0
8907,41,1,10,0.885,0.553,0.934,0.5,0.453,0.006,0
8908,58,1,11,0.83,0.461,0.7,0.0,0.238,-0.057,0
8909,68,0,8,1.069,0.506,0.763,1.0,0.063,0.29,1
8910,62,1,12,0.889,0.425,0.924,0.0,0.679,0.066,0
8911,74,0,3,0.733,0.691,0.573,0.25,0.233,-0.012,0
8912,47,0,6,0.9,0.646,0.464,0.25,0.121,0.249,0
8913,56,0,8,0.954,0.607,0.707,1.0,0.184,0.133,0
8914,56,0,8,1.128,0.709,0.787,0.25,0.397,0.42,0
8915,62,0,4,0.885,0.628,0.665,0.75,0.005,0.05,0
8916,78,0,12,1.027,0.424,1.086,0.25,0.919,0.174,1
8917,38,0,3,0.746,0.713,0.454,0.0,0.221,0.118,0
8918,67,1,7,0.906,0.59,0.657,0.75,0.029,0.139,1
8919,78,0,4,0.679,0.516,0.615,0.0,0.173,-0.102,0
8920,38,0,4,0.7,0.535,0.3,0.0,-0.249,0.0,0
8921,76,0,7,0.66,0.492,0.61,1.0,0.204,-0.04,0
8922,49,1,6,0.793,0.633,0.789,0.0,0.321,0.18,0
8923,68,0,10,0.958,0.564,0.918,0.25,0.356,0.175,0
8924,38,0,10,1.029,0.523,0.787,0.75,0.109,0.239,0
8925,54,0,5,0.791,0.578,0.355,0.0,-0.169,-0.023,0
8926,82,1,8,0.837,0.656,0.974,0.75,0.198,-0.155,1
8927,38,1,11,1.012,0.559,0.805,0.0,0.205,0.107,0
8928,55,0,6,0.842,0.616,0.489,0.0,0.142,0.042,0
8929,48,0,10,1.035,0.683,0.701,0.5,0.097,0.33,0
8930,56,0,5,0.908,0.594,0.641,0.0,-0.101,0.003,0
8931,32,1,11,1.095,0.525,0.743,0.25,0.203,0.288,0
8932,66,1,9,0.909,0.443,0.966,0.25,0.097,0.202,0
8933,42,0,4,0.826,0.553,0.966,0.25,0.568,-0.075,0
8934,73,1,12,1.109,0.449,0.93,0.75,0.506,0.181,0
8935,31,0,6,0.83,0.583,0.763,0.5,0.288,0.128,0
8936,56,1,6,0.736,0.663,0.7,1.0,0.293,0.11,0
8937,54,1,7,0.97,0.506,0.89,0.0,0.324,0.172,1
8938,50,1,6,0.81,0.604,0.885,0.25,0.157,0.32,0
8939,38,1,10,1.003,0.7,0.946,0.75,0.426,0.064,0
8940,39,0,4,0.81,0.741,0.499,0.5,0.219,0.204,1
8941,81,0,5,0.855,0.447,0.686,0.25,-0.023,0.066,0
8942,59,1,6,0.885,0.645,0.444,0.0,-0.11,0.28,0
8943,36,1,10,0.957,0.501,0.68,0.0,0.032,0.237,0
8944,76,0,3,0.766,0.393,0.546,0.5,0.235,0.191,1
8945,47,1,7,0.953,0.469,0.334,0.0,0.015,0.304,0
8946,74,1,9,1.028,0.71,0.714,0.0,0.285,0.266,1
8947,51,0,3,0.628,0.58,0.554,0.0,0.449,-0.048,0
8948,38,1,8,0.849,0.588,0.771,0.25,0.226,-0.042,0
8949,47,1,5,0.607,0.535,0.582,0.0,0.188,-0.094,0
8950,43,1,10,0.909,0.561,0.7,0.0,0.165,0.119,0
8951,45,0,8,0.7,0.406,0.931,0.0,0.631,-0.198,0
8952,72,1,3,0.664,0.596,0.759,0.0,0.38,-0.074,0
8953,55,1,7,0.875,0.631,0.482,1.0,0.077,0.113,0
8954,65,0,5,0.747,0.423,0.783,1.0,0.464,0.057,1
8955,45,1,8,0.859,0.603,0.53,1.0,0.146,-0.143,0
8956,71,1,12,1.009,0.52,0.778,0.25,0.341,0.152,0
8957,44,0,12,0.914,0.589,0.918,0.25,0.688,0.012,0
8958,45,1,10,1.053,0.52,0.892,0.5,0.314,0.451,0
8959,55,1,10,1.026,0.563,0.968,0.0,0.297,0.259,0
8960,65,0,5,0.919,0.612,0.636,0.0,0.531,0.37,0
8961,39,0,3,0.837,0.676,0.76,0.75,0.317,0.145,0
8962,63,0,9,0.98,0.623,0.753,0.25,0.452,0.188,0
8963,63,0,8,0.887,0.435,0.784,1.0,-0.031,0.146,0
8964,54,1,5,0.826,0.541,0.677,0.5,0.169,0.175,0
8965,67,1,6,0.84,0.73,0.546,0.0,0.167,-0.048,1
8966,30,0,6,0.793,0.562,0.57,0.0,0.092,0.038,0
8967,80,0,8,0.914,0.543,0.646,0.75,0.07,0.039,0
8968,81,0,11,0.933,0.555,0.92,0.0,0.29,0.135,0
8969,81,0,6,0.638,0.615,0.632,0.0,0.09,-0.123,0
8970,57,1,5,0.908,0.557,0.385,0.0,0.096,0.247,0
8971,71,0,7,0.908,0.602,0.689,0.25,0.307,0.024,0
8972,61,0,7,0.891,0.513,0.583,0.25,-0.01,0.061,0
8973,73,0,5,0.826,0.719,0.614,1.0,0.224,0.069,0
8974,46,0,8,1.076,0.66,0.719,0.0,0.333,0.194,0
8975,54,0,10,1.101,0.548,0.879,0.0,0.215,0.363,0
8976,48,0,4,0.655,0.648,0.589,0.75,0.044,-0.2,0
8977,77,1,12,0.861,0.55,0.488,0.0,-0.005,0.204,0
8978,57,0,6,0.759,0.602,0.7,0.0,0.107,-0.016,0
8979,33,0,7,1.002,0.455,0.565,0.0,0.292,0.127,0
8980,68,1,5,0.732,0.503,0.776,0.0,0.669,-0.006,0
8981,70,1,11,0.965,0.645,0.958,0.75,0.634,0.123,0
8982,79,0,4,0.933,0.722,0.627,0.0,-0.087,0.166,0
8983,57,1,12,0.916,0.542,1.001,0.25,0.494,0.218,0
8984,54,0,3,0.904,0.532,0.678,0.0,0.279,0.611,0
8985,56,1,8,0.944,0.551,0.685,1.0,0.351,0.141,0
8986,63,0,3,0.824,0.58,0.412,0.0,0.142,0.14,0
8987,54,0,12,1.096,0.482,0.925,0.0,0.32,0.341,0
8988,46,0,12,0.777,0.698,0.96,0.25,0.403,0.034,0
8989,43,1,9,0.953,0.648,0.932,0.0,0.428,0.104,0
8990,82,1,5,0.992,0.565,0.691,0.5,0.151,0.253,0
8991,68,1,9,0.847,0.544,0.978,0.5,0.793,0.073,1
8992,55,0,9,0.88,0.489,0.708,0.0,0.297,-0.095,0
8993,56,0,4,0.899,0.625,0.7,1.0,0.009,0.161,0
8994,75,0,5,0.603,0.536,0.674,0.5,0.216,0.069,0
8995,32,1,3,0.761,0.587,0.325,0.5,-0.09,-0.036,0
8996,41,0,8,0.889,0.634,0.799,0.0,0.29,0.102,0
8997,59,0,7,0.906,0.588,0.807,0.25,0.508,0.063,0
8998,75,1,12,0.978,0.464,0.849,1.0,0.09,0.213,1
8999,67,0,5,0.696,0.751,0.493,0.0,-0.128,-0.004,0
9000,53,0,11,1.077,0.516,0.932,0.0,0.278,0.467,0
9001,74,1,4,0.622,0.628,0.147,0.0,-0.556,-0.216,0
9002,61,0,7,0.791,0.546,0.743,0.5,0.132,0.073,0
9003,78,1,11,0.744,0.677,0.864,0.75,0.425,0.042,0
9004,77,0,5,0.723,0.628,0.565,0.75,0.105,0.023,0
9005,83,1,5,0.745,0.614,0.765,0.0,0.393,-0.065,0
9006,81,1,7,0.71,0.7,0.709,0.0,0.203,-0.143,0
9007,83,0,5,1.07,0.69,0.552,0.75,0.178,0.139,1
9008,57,1,3,0.755,0.65,0.531,0.0,0.253,-0.049,0
9009,56,1,7,0.921,0.671,0.748,1.0,0.466,0.167,0
9010,84,1,6,0.772,0.664,0.831,0.75,0.474,0.045,0
9011,78,1,6,0.961,0.607,0.723,0.0,0.073,0.272,0
9012,60,1,5,0.813,0.546,0.536,1.0,0.32,0.07,0
9013,33,0,12,0.935,0.501,0.864,0.0,0.63,0.091,0
9014,47,0,6,0.862,0.542,0.362,0.0,-0.021,0.117,0
9015,59,0,11,0.866,0.371,0.785,0.75,0.613,0.205,0
9016,51,0,9,0.909,0.529,0.935,0.0,0.677,0.215,0
9017,37,0,6,0.896,0.578,0.752,0.0,0.341,0.403,0
9018,30,0,10,1.056,0.466,0.679,0.0,0.34,0.22,0
9019,74,0,3,0.757,0.531,0.427,0.5,-0.309,0.057,0
9020,36,1,6,0.626,0.708,0.626,0.0,0.128,0.202,0
9021,30,1,9,0.862,0.535,0.998,0.0,0.373,-0.078,0
9022,74,1,8,0.953,0.57,1.009,1.0,0.656,0.296,1
9023,67,1,4,0.7,0.653,0.422,1.0,-0.099,-0.195,0
9024,38,1,10,0.952,0.481,0.795,0.25,0.479,0.162,0
9025,54,0,6,0.673,0.583,0.302,0.0,0.046,-0.067,0
9026,54,1,7,0.666,0.648,0.719,0.0,0.428,-0.034,0
9027,78,0,3,0.896,0.622,0.562,0.0,0.075,0.235,0
9028,31,1,8,0.996,0.517,0.437,0.0,-0.263,0.357,0
9029,69,1,5,0.77,0.622,0.748,0.25,0.534,0.07,0
9030,70,0,5,0.717,0.616,0.509,0.5,0.025,-0.121,0
9031,56,1,10,1.002,0.531,0.908,0.75,0.533,0.416,0
9032,40,0,5,0.955,0.646,0.416,1.0,-0.222,0.173,0
9033,73,0,7,0.736,0.537,0.902,0.0,0.202,0.03,0
9034,62,1,5,0.753,0.589,0.874,0.0,0.409,-0.068,0
9035,69,1,5,0.794,0.684,0.492,0.25,0.109,0.136,0
9036,51,0,5,0.76,0.642,0.682,0.0,0.499,-0.146,0
9037,52,1,3,0.734,0.747,0.426,0.25,0.134,0.043,0
9038,57,1,9,0.923,0.416,0.889,0.0,0.429,0.13,0
9039,75,0,11,0.737,0.582,0.737,0.5,0.266,-0.049,0
9040,65,1,3,0.792,0.598,0.697,0.0,0.265,0.063,1
9041,44,0,12,1.226,0.508,1.028,1.0,0.899,0.488,0
9042,43,1,9,1.037,0.559,0.673,0.5,0.247,0.147,0
9043,35,0,7,0.975,0.55,0.572,0.25,-0.052,0.275,0
9044,66,1,9,0.903,0.393,0.568,0.0,0.221,0.137,1
9045,62,0,10,0.899,0.536,0.665,0.25,0.106,0.199,0
9046,39,1,6,0.7,0.641,0.912,0.25,0.323,-0.084,0
9047,78,0,10,0.768,0.563,0.747,0.25,0.085,-0.024,0
9048,42,1,8,0.963,0.609,0.7,0.0,0.0,0.384,0
9049,32,0,9,1.026,0.575,0.665,1.0,0.006,0.384,0
9050,57,1,9,0.839,0.7,0.88,0.0,0.365,0.187,0
9051,43,0,8,1.157,0.56,1.068,0.5,0.368,0.269,1
9052,31,0,8,0.822,0.669,0.494,0.5,0.016,0.194,0
9053,35,1,5,0.829,0.567,0.793,0.0,-0.156,0.078,0
9054,41,1,5,0.718,0.531,0.577,0.0,0.247,-0.18,0
9055,53,0,9,0.63,0.772,1.089,0.5,0.67,-0.159,0
9056,68,0,5,0.955,0.672,0.556,0.0,0.276,0.092,0
9057,49,0,8,0.919,0.459,0.669,0.0,-0.031,0.096,0
9058,39,1,6,1.061,0.663,0.573,1.0,-0.054,0.221,0
9059,49,1,10,0.827,0.466,0.71,0.0,0.074,0.172,0
9060,66,0,10,1.009,0.586,0.887,1.0,0.434,0.243,0
9061,44,1,11,1.033,0.632,0.66,0.5,-0.001,0.2,0
9062,65,1,8,0.739,0.536,0.581,0.5,0.092,-0.109,1
9063,74,1,4,0.742,0.596,0.373,0.75,-0.105,-0.022,0
9064,73,0,9,0.715,0.617,0.742,1.0,0.282,-0.1,1
9065,34,0,10,0.993,0.492,0.877,0.0,0.387,0.263,0
9066,61,1,12,1.118,0.444,0.887,0.0,0.496,0.446,0
9067,78,0,4,0.977,0.468,0.684,0.0,-0.114,0.155,0
9068,83,0,9,1.098,0.573,0.649,0.0,-0.051,0.493,1
9069,53,1,5,0.96,0.675,0.832,1.0,0.116,0.223,0
9070,58,1,3,0.824,0.58,0.335,0.0,-0.133,0.014,0
9071,50,0,10,0.904,0.545,0.642,0.0,0.554,0.086,0
9072,61,0,3,1.049,0.575,0.411,0.0,-0.041,0.423,0
9073,48,1,12,0.848,0.528,0.744,0.0,0.171,0.141,1
9074,65,0,9,0.999,0.476,0.543,0.5,0.165,0.319,0
9075,62,1,3,0.793,0.54,0.681,0.75,0.263,-0.069,0
9076,66,0,9,0.723,0.61,0.633,0.0,0.325,-0.019,0
9077,71,0,3,0.612,0.62,0.685,0.5,0.225,-0.194,0
9078,50,0,7,0.852,0.681,0.532,0.25,0.057,-0.013,0
9079,34,0,3,0.777,0.627,0.457,1.0,-0.026,0.227,0
9080,79,1,8,0.839,0.711,0.854,0.25,0.605,0.208,1
9081,74,0,8,0.762,0.58,0.948,1.0,0.575,-0.074,0
9082,77,0,4,0.562,0.586,0.454,0.0,-0.155,-0.07,0
9083,67,1,5,0.741,0.61,0.499,0.5,0.186,0.244,0
9084,60,1,7,0.8,0.627,0.724,0.75,0.383,-0.021,0
9085,78,0,4,0.845,0.491,0.7,0.75,0.346,0.228,1
9086,62,1,7,0.959,0.552,0.627,1.0,-0.117,0.113,0
9087,61,0,12,0.85,0.501,0.72,1.0,0.215,0.072,1
9088,56,1,6,0.793,0.561,0.461,0.0,0.123,0.04,0
9089,73,0,12,0.765,0.524,0.585,0.0,0.105,-0.149,0
9090,37,0,11,0.845,0.557,0.877,0.75,0.477,0.064,0
9091,47,0,9,0.859,0.599,0.707,0.0,0.258,0.14,0
9092,69,0,8,0.712,0.413,0.771,0.5,0.345,0.027,0
9093,65,1,6,1.062,0.528,0.605,0.5,0.246,0.393,0
9094,55,1,7,0.944,0.493,0.582,0.5,0.077,0.108,0
9095,32,1,12,1.042,0.643,0.743,0.0,0.118,0.366,1
9096,39,0,11,1.051,0.57,0.748,0.0,0.098,0.301,0
9097,57,0,12,0.983,0.488,0.874,0.0,0.606,0.302,1
9098,52,1,11,0.955,0.606,0.979,0.0,0.573,0.047,0
9099,74,0,8,0.922,0.547,0.765,0.0,-0.135,0.19,0
9100,84,0,5,0.816,0.564,0.469,1.0,-0.003,-0.045,0
9101,81,0,4,0.787,0.553,0.553,0.75,0.065,0.08,1
9102,41,1,11,0.866,0.646,0.959,0.0,0.723,0.166,0
9103,30,0,12,0.7,0.589,0.858,0.0,0.182,-0.25,0
9104,40,0,12,0.928,0.571,0.76,0.0,0.26,0.223,0
9105,66,1,4,0.865,0.613,0.472,0.0,-0.267,0.066,0
9106,73,1,6,1.002,0.683,1.0,0.0,0.419,0.152,0
9107,72,1,8,1.052,0.749,0.797,0.5,0.276,0.468,0
9108,71,1,5,0.7,0.556,0.883,0.0,0.432,-0.231,0
9109,63,0,11,1.213,0.609,0.956,0.0,0.527,0.445,0
9110,35,1,12,0.982,0.416,0.979,0.0,0.426,0.231,0
9111,78,1,11,1.228,0.676,0.967,0.5,0.617,0.448,1
9112,80,1,6,0.942,0.38,0.611,0.25,0.156,0.045,0
9113,41,0,5,0.745,0.655,0.707,0.0,0.359,-0.009,0
9114,52,0,5,0.741,0.53,0.891,0.5,0.634,0.049,1
9115,31,0,12,0.919,0.631,1.078,0.75,0.531,0.127,1
9116,34,0,6,0.804,0.687,0.655,0.0,0.328,0.022,0
9117,66,1,4,0.758,0.514,0.7,0.0,0.257,0.068,0
9118,64,0,4,0.919,0.561,0.561,0.5,-0.155,0.126,0
9119,35,0,6,0.73,0.648,0.799,0.0,0.468,-0.12,0
9120,80,1,7,0.738,0.598,0.761,0.0,0.181,-0.077,0
9121,71,1,12,0.975,0.559,1.309,0.0,0.731,0.137,0
9122,37,1,10,0.844,0.428,0.776,0.25,0.108,0.172,0
9123,59,0,5,0.819,0.602,0.85,0.0,0.576,0.179,0
9124,58,0,12,0.933,0.541,1.023,1.0,0.337,0.111,0
9125,65,1,10,0.897,0.589,0.6,0.0,-0.201,0.174,0
9126,77,1,12,0.909,0.515,0.935,0.5,0.411,0.134,1
9127,37,1,5,0.745,0.672,0.388,1.0,0.138,0.096,0
9128,51,0,3,0.831,0.66,0.738,0.0,0.066,0.144,0
9129,39,1,5,0.875,0.505,0.748,0.75,0.446,0.172,0
9130,82,0,11,0.851,0.492,0.869,0.0,0.229,0.125,0
9131,32,0,9,0.982,0.586,0.619,0.0,-0.269,0.187,0
9132,44,1,11,0.959,0.604,0.685,0.25,0.615,0.121,0
9133,63,1,5,0.812,0.612,0.63,0.5,0.402,0.212,0
9134,84,0,10,0.773,0.466,0.653,0.25,0.416,0.073,1
9135,32,1,8,1.154,0.681,0.772,0.0,0.093,0.41,0
9136,64,1,7,0.995,0.715,0.713,0.25,0.095,0.362,0
9137,49,0,5,1.087,0.47,0.522,0.25,0.061,0.625,0
9138,60,1,4,0.985,0.674,0.482,0.0,0.16,0.108,0
9139,38,0,10,0.548,0.606,0.598,0.75,-0.193,-0.276,0
9140,56,0,9,0.982,0.564,1.047,0.25,0.957,0.334,0
9141,45,1,10,0.78,0.554,0.921,0.25,0.192,0.028,0
9142,40,0,6,0.757,0.707,0.694,0.0,0.121,-0.23,0
9143,53,1,6,0.801,0.637,0.668,0.0,0.636,-0.031,0
9144,66,0,7,0.7,0.67,0.992,0.5,0.566,-0.038,1
9145,59,1,10,0.92,0.522,0.86,0.0,0.519,0.265,0
9146,50,1,7,0.919,0.592,0.665,0.0,0.04,-0.126,0
9147,49,0,9,1.079,0.699,0.869,0.0,0.245,0.399,1
9148,49,0,6,0.938,0.718,0.848,0.0,0.148,0.357,0
9149,49,1,8,0.786,0.57,0.7,0.0,0.058,0.059,0
9150,32,0,10,0.82,0.706,0.7,0.75,0.204,0.073,0
9151,84,0,8,0.831,0.542,0.676,0.75,0.087,0.176,0
9152,42,1,9,0.744,0.559,0.7,0.0,0.415,0.102,0
9153,37,0,12,1.383,0.428,1.049,0.0,0.616,0.658,0
9154,67,0,8,0.78,0.51,0.575,1.0,0.439,-0.076,1
9155,74,1,11,0.997,0.434,0.834,0.75,0.264,0.172,0
9156,67,0,11,0.998,0.434,0.66,0.0,0.168,0.293,1
9157,61,1,4,0.84,0.538,0.732,0.0,-0.005,0.027,0
9158,36,0,10,0.901,0.643,0.762,0.5,0.328,0.061,0
9159,49,0,11,0.819,0.7,1.198,0.0,0.776,-0.061,0
9160,57,0,7,0.903,0.643,0.831,0.0,0.543,0.141,0
9161,73,0,3,0.758,0.7,0.719,0.0,0.036,0.078,0
9162,66,0,8,0.91,0.519,1.023,0.25,0.823,0.094,0
9163,52,1,3,0.787,0.484,0.515,0.0,-0.082,0.089,0
9164,54,1,6,0.778,0.748,0.613,0.0,0.219,-0.043,0
9165,69,1,7,0.901,0.458,0.611,0.25,-0.068,0.216,0
9166,80,0,12,0.932,0.575,0.97,1.0,0.657,0.077,1
9167,55,0,3,0.748,0.501,0.572,0.0,0.02,-0.0,0
9168,72,0,11,1.133,0.572,0.69,1.0,0.23,0.391,0
9169,83,1,6,0.809,0.602,0.839,0.0,-0.012,0.006,0
9170,67,0,5,0.765,0.533,0.715,0.0,0.147,-0.133,1
9171,74,1,12,1.14,0.627,0.99,0.75,0.525,0.502,1
9172,48,1,6,0.977,0.591,0.784,1.0,0.273,0.287,0
9173,42,0,8,0.971,0.519,1.061,0.75,0.54,0.19,0
9174,81,0,11,0.559,0.679,1.222,0.0,0.6,-0.293,1
9175,40,0,8,0.923,0.7,0.639,0.75,0.427,0.04,0
9176,63,1,7,0.898,0.543,0.553,0.0,0.108,0.11,0
9177,75,1,11,0.795,0.7,0.883,0.5,0.308,-0.004,1
9178,41,1,12,0.947,0.474,0.92,0.5,0.715,0.136,0
9179,73,1,3,0.701,0.428,0.734,0.25,0.322,-0.158,0
9180,82,0,5,0.87,0.792,0.702,0.0,0.083,0.175,0
9181,81,1,6,0.693,0.684,0.732,0.0,0.593,-0.192,1
9182,78,1,4,1.001,0.565,0.301,0.0,-0.15,0.243,0
9183,64,1,4,0.981,0.555,0.668,0.0,0.387,0.214,0
9184,74,1,8,1.03,0.425,0.609,0.0,0.638,0.471,1
9185,82,1,4,0.77,0.469,0.4,0.0,0.139,0.131,0
9186,66,0,4,0.81,0.67,0.467,0.5,-0.113,0.125,0
9187,57,1,3,0.763,0.689,0.719,0.0,0.154,0.193,0
9188,65,0,3,0.984,0.717,0.7,0.0,0.226,0.179,0
9189,63,1,12,0.894,0.586,0.952,0.0,0.703,0.103,0
9190,35,0,10,0.88,0.485,0.844,0.0,0.483,0.191,0
9191,33,1,4,0.804,0.731,0.348,0.25,-0.022,0.103,0
9192,44,0,12,1.114,0.485,0.718,0.0,0.257,0.304,0
9193,82,0,11,0.757,0.456,0.796,0.75,0.262,-0.176,0
9194,82,0,6,0.877,0.562,0.571,0.0,0.045,0.294,0
9195,46,1,9,1.02,0.6,0.688,0.25,0.606,0.367,0
9196,80,1,9,0.847,0.581,0.949,0.25,0.519,0.06,0
9197,50,1,10,0.793,0.589,0.448,0.75,0.009,0.122,0
9198,81,0,8,0.763,0.634,0.965,1.0,0.649,-0.076,0
9199,52,1,7,0.842,0.565,0.949,0.0,0.561,0.183,1
9200,39,0,6,0.748,0.594,0.432,1.0,0.076,-0.031,1
9201,80,1,7,1.143,0.601,0.98,0.25,0.356,0.574,0
9202,57,1,11,1.042,0.538,0.651,0.5,-0.323,0.384,0
9203,64,1,8,0.998,0.551,0.7,0.0,0.281,0.224,0
9204,61,1,4,0.925,0.648,0.797,0.0,0.249,0.033,0
9205,42,0,12,0.909,0.699,0.827,0.5,0.539,0.376,0
9206,83,0,8,0.828,0.434,0.677,0.75,0.244,-0.035,0
9207,54,0,8,0.824,0.587,0.518,0.0,-0.064,0.173,0
9208,83,0,11,0.847,0.546,0.925,0.5,0.172,0.183,1
9209,67,0,11,0.7,0.53,0.66,0.0,-0.022,-0.138,0
9210,66,0,12,0.975,0.549,1.156,0.0,0.668,0.332,0
9211,45,0,10,0.954,0.606,1.009,0.0,0.533,0.298,0
9212,76,1,10,0.836,0.7,0.77,0.0,0.25,0.149,0
9213,42,1,9,0.672,0.508,0.772,0.0,0.2,-0.113,0
9214,66,1,11,1.048,0.471,0.958,0.0,0.203,0.407,0
9215,58,1,4,0.737,0.641,0.417,0.0,-0.241,0.03,0
9216,67,0,8,0.986,0.63,0.749,0.75,0.38,0.264,0
9217,72,1,5,0.82,0.7,0.705,0.0,0.341,0.296,0
9218,67,1,5,0.698,0.556,0.698,0.75,0.471,-0.142,0
9219,30,0,4,0.684,0.649,0.395,0.5,-0.187,-0.11,0
9220,42,1,4,0.801,0.596,0.714,0.0,0.38,-0.135,0
9221,59,0,5,0.848,0.589,0.744,0.25,0.279,0.088,0
9222,38,1,5,0.674,0.597,0.536,0.0,0.022,-0.018,0
9223,58,1,10,0.759,0.614,0.75,1.0,0.355,0.049,0
9224,48,1,4,0.802,0.592,0.46,0.5,-0.002,0.047,0
9225,39,0,6,0.815,0.5,0.869,0.0,0.356,0.115,0
9226,79,0,7,0.451,0.43,0.822,1.0,0.527,-0.229,1
9227,74,1,3,0.848,0.619,0.441,0.0,0.216,0.157,0
9228,45,0,4,0.761,0.421,0.588,0.5,-0.057,-0.127,0
9229,83,0,5,0.927,0.521,0.942,0.0,0.268,0.143,0
9230,70,0,7,0.947,0.513,0.894,0.25,0.733,0.224,0
9231,50,0,11,1.013,0.558,0.69,0.0,0.18,0.139,0
9232,71,1,9,1.051,0.7,1.0,0.0,0.3,0.36,0
9233,66,1,10,0.695,0.698,1.213,0.0,1.228,-0.357,1
9234,67,1,10,0.969,0.627,0.862,0.25,0.502,0.25,0
9235,33,0,8,0.772,0.585,0.85,0.25,0.723,-0.038,0
9236,75,0,8,0.76,0.612,0.7,0.0,0.137,-0.043,0
9237,37,1,9,1.087,0.656,0.813,0.0,0.136,0.274,0
9238,62,0,10,1.103,0.455,0.861,0.5,0.41,0.403,0
9239,43,0,9,0.905,0.472,0.7,0.25,0.0,0.057,0
9240,63,0,11,1.095,0.629,0.995,0.0,0.62,0.365,1
9241,75,0,7,0.953,0.565,0.731,0.0,0.379,0.121,0
9242,45,0,10,1.162,0.529,0.944,0.0,0.411,0.371,0
9243,60,1,7,0.785,0.599,0.703,0.0,0.233,0.144,0
9244,62,0,8,1.0,0.585,0.816,0.0,0.395,0.322,0
9245,60,0,9,0.997,0.507,0.569,0.0,-0.131,0.166,0
9246,75,0,7,1.063,0.659,0.821,0.25,0.28,0.565,0
9247,49,0,4,0.918,0.627,0.549,0.5,-0.101,0.023,0
9248,44,0,4,0.892,0.621,0.514,0.0,-0.049,0.335,0
9249,70,1,4,0.774,0.576,0.606,0.5,0.15,-0.016,0
9250,72,1,12,0.993,0.464,0.908,0.0,0.748,0.269,0
9251,81,1,5,0.753,0.513,0.608,0.5,0.055,0.115,0
9252,42,0,10,1.082,0.538,0.929,0.0,0.473,0.303,0
9253,45,0,6,0.975,0.594,0.781,0.25,0.238,0.162,0
9254,40,0,4,0.859,0.7,0.73,0.0,0.359,0.144,0
9255,43,1,8,0.928,0.56,0.475,0.75,-0.095,0.243,0
9256,65,1,6,0.848,0.587,0.911,0.75,0.39,0.05,0
9257,80,1,10,0.7,0.515,0.92,0.5,0.43,-0.009,0
9258,61,1,5,0.968,0.572,0.658,0.0,0.196,0.163,0
9259,47,0,7,0.798,0.594,0.637,0.5,0.33,0.117,0
9260,77,0,6,0.748,0.603,0.901,0.5,0.152,-0.015,0
9261,60,1,12,1.016,0.56,0.645,0.0,-0.028,0.251,0
9262,75,0,4,0.886,0.435,0.449,0.5,-0.101,0.135,0
9263,31,1,10,0.944,0.57,0.541,0.5,-0.198,0.224,0
9264,73,1,6,0.751,0.782,0.993,0.25,0.615,0.051,0
9265,37,0,5,1.056,0.529,0.771,0.25,0.306,0.251,0
9266,48,0,3,0.768,0.63,0.464,0.0,-0.233,0.172,0
9267,31,0,9,0.836,0.703,0.722,0.5,0.131,0.019,0
9268,69,0,11,0.971,0.545,0.692,0.0,0.279,0.212,1
9269,58,1,7,1.055,0.481,0.871,0.0,0.345,0.277,0
9270,50,0,8,1.016,0.461,0.505,0.0,-0.082,0.399,0
9271,79,1,5,0.971,0.655,0.387,0.0,0.045,0.214,0
9272,48,0,3,0.832,0.664,0.42,0.5,-0.244,0.035,0
9273,48,0,3,0.897,0.747,0.782,0.0,0.571,0.16,0
9274,72,1,10,0.969,0.469,0.564,0.5,0.391,0.146,0
9275,65,1,10,0.828,0.595,0.424,0.75,0.068,0.01,1
9276,41,0,6,0.568,0.485,0.578,0.0,-0.137,-0.17,0
9277,75,0,11,0.7,0.543,0.838,0.5,0.446,-0.102,0
9278,70,0,10,1.016,0.569,0.667,0.0,0.166,0.151,0
9279,76,0,4,0.95,0.574,0.471,1.0,-0.012,0.331,0
9280,30,1,10,0.905,0.58,0.744,0.0,0.088,0.232,0
9281,32,1,10,0.98,0.543,0.671,0.5,0.042,0.157,0
9282,66,1,9,0.977,0.556,0.656,0.5,-0.218,0.193,1
9283,73,1,9,0.823,0.642,0.797,0.5,0.486,0.253,1
9284,57,0,3,0.711,0.666,0.312,1.0,-0.331,0.191,0
9285,72,0,6,1.031,0.62,0.669,0.0,0.27,0.294,0
9286,45,0,9,1.007,0.681,0.858,0.25,0.337,-0.042,0
9287,62,1,6,0.698,0.575,0.572,0.75,0.16,-0.15,0
9288,64,1,10,0.821,0.625,0.797,1.0,0.428,0.121,1
9289,76,0,7,0.931,0.636,0.795,0.5,0.628,0.251,1
9290,63,0,10,0.824,0.636,0.735,0.25,0.452,-0.002,0
9291,69,0,8,0.922,0.639,1.028,0.75,0.584,0.174,0
9292,40,0,9,0.956,0.645,0.913,0.0,0.274,0.329,0
9293,65,1,9,0.958,0.672,0.935,0.75,0.365,0.176,0
9294,30,0,4,0.876,0.638,0.507,0.5,-0.016,-0.073,0
9295,84,1,3,0.538,0.482,0.602,0.0,0.063,-0.026,0
9296,46,1,12,0.862,0.475,0.946,0.5,0.475,0.13,1
9297,72,1,11,0.964,0.577,0.913,0.25,0.4,0.08,1
9298,32,0,10,0.951,0.438,0.982,0.5,0.509,0.123,0
9299,34,1,5,0.687,0.565,0.741,0.0,0.341,-0.12,0
9300,56,0,12,0.987,0.54,0.99,0.25,0.583,0.268,0
9301,40,0,8,0.761,0.517,0.725,0.0,0.173,0.036,0
9302,76,0,4,0.832,0.462,0.207,0.0,-0.17,-0.098,0
9303,49,0,5,0.903,0.578,0.568,0.0,0.222,0.014,0
9304,54,0,7,0.854,0.512,0.665,1.0,0.354,-0.096,0
9305,46,0,5,1.013,0.672,0.508,0.25,0.044,0.468,0
9306,63,1,8,1.082,0.552,0.7,0.0,0.0,0.471,0
9307,47,0,7,0.832,0.445,0.732,0.25,0.222,0.043,0
9308,33,0,9,0.889,0.576,0.826,0.0,0.732,0.254,1
9309,67,0,12,0.978,0.49,0.997,0.0,0.433,0.232,0
9310,35,1,12,0.855,0.439,1.131,0.25,0.652,0.079,0
9311,77,1,6,0.783,0.694,0.672,0.0,0.265,-0.072,0
9312,60,1,11,0.84,0.579,0.7,1.0,0.354,0.103,0
9313,60,0,7,0.801,0.561,0.893,0.25,0.564,0.267,0
9314,31,1,6,0.901,0.471,0.597,0.5,-0.052,0.081,0
9315,47,1,6,0.749,0.501,0.386,1.0,0.068,0.267,0
9316,80,1,8,1.102,0.646,0.7,0.75,0.429,0.278,1
9317,65,1,9,0.747,0.544,0.785,0.75,0.525,-0.129,0
9318,73,0,5,0.764,0.685,0.787,0.25,0.548,-0.02,0
9319,57,1,11,0.938,0.637,0.787,1.0,0.289,0.072,0
9320,34,1,5,0.946,0.55,0.48,0.5,-0.003,0.181,0
9321,77,1,11,0.944,0.517,0.969,1.0,0.302,0.077,1
9322,41,1,9,0.871,0.618,0.748,0.0,0.167,0.079,0
9323,77,0,6,0.99,0.433,0.951,0.75,0.704,0.283,0
9324,62,1,3,0.783,0.465,0.699,0.0,-0.014,-0.104,0
9325,42,0,4,0.76,0.492,0.724,0.0,0.295,-0.073,0
9326,31,1,9,0.934,0.478,0.818,0.75,0.118,0.081,0
9327,76,1,8,0.778,0.507,0.551,0.0,-0.014,0.271,0
9328,33,1,11,1.019,0.498,1.035,0.75,0.703,0.279,0
9329,33,1,5,0.809,0.532,0.672,0.0,-0.108,0.306,0
9330,55,1,10,0.984,0.517,0.876,0.0,0.488,0.18,0
9331,51,0,7,0.901,0.706,0.672,0.0,0.091,0.095,0
9332,60,1,11,0.925,0.642,1.137,0.0,0.763,0.271,0
9333,49,1,6,0.732,0.553,0.7,0.0,0.091,0.168,0
9334,69,1,11,0.888,0.585,0.905,0.25,0.395,0.081,0
9335,53,1,5,0.634,0.382,0.657,0.0,0.312,-0.251,0
9336,48,0,12,0.913,0.429,1.117,0.5,0.708,-0.037,0
9337,67,1,11,0.883,0.521,0.953,0.0,0.667,-0.043,1
9338,37,0,6,0.921,0.677,0.553,0.0,0.376,0.087,0
9339,42,0,12,0.972,0.427,0.927,0.0,0.605,0.443,0
9340,37,1,11,0.98,0.496,0.807,0.0,0.185,0.183,0
9341,83,1,5,0.646,0.472,0.953,0.5,0.381,-0.183,0
9342,39,1,7,0.672,0.714,0.711,0.0,0.116,-0.031,0
9343,38,0,5,0.636,0.706,0.528,0.25,0.025,-0.016,0
9344,54,0,9,0.887,0.575,0.565,0.0,0.115,0.02,0
9345,30,1,6,0.717,0.579,0.269,0.25,-0.183,0.099,0
9346,75,1,9,0.814,0.633,1.096,0.5,0.378,0.042,0
9347,65,0,3,0.719,0.599,0.545,0.25,0.063,0.03,0
9348,50,0,3,0.792,0.585,0.559,0.0,0.016,0.012,0
9349,41,1,3,0.714,0.58,0.456,0.0,-0.0,-0.141,0
9350,51,0,7,0.973,0.539,1.128,0.0,0.745,0.198,0
9351,69,1,5,0.879,0.602,0.791,0.25,0.48,0.059,0
9352,31,0,8,0.741,0.588,0.513,0.25,-0.271,0.084,1
9353,50,0,9,1.084,0.557,0.857,0.0,0.268,0.234,0
9354,73,1,8,1.034,0.502,1.003,0.0,0.486,0.394,1
9355,61,0,12,0.7,0.483,1.131,0.75,0.719,0.004,1
9356,42,1,9,0.813,0.52,0.551,0.0,-0.15,-0.006,0
9357,39,0,5,0.739,0.58,0.656,0.0,0.266,-0.106,0
9358,63,0,5,0.861,0.665,0.738,0.25,-0.124,0.074,1
9359,32,1,9,0.936,0.552,0.831,0.5,0.425,0.228,0
9360,43,0,11,0.946,0.618,0.846,0.25,0.342,0.171,0
9361,52,0,7,0.847,0.613,0.78,0.0,0.062,0.124,0
9362,44,0,8,1.019,0.492,0.954,0.0,0.439,0.495,1
9363,75,0,11,1.118,0.521,0.723,0.5,0.24,0.561,0
9364,45,0,12,1.084,0.465,1.01,0.25,0.425,0.214,0
9365,84,1,10,0.821,0.555,0.988,0.0,0.661,0.3,0
9366,52,0,6,0.945,0.56,0.594,0.0,0.151,0.142,0
9367,38,0,4,0.849,0.646,0.679,0.75,0.131,0.132,0
9368,68,1,8,0.922,0.582,0.744,0.0,0.318,0.1,0
9369,43,0,6,0.789,0.629,0.681,0.0,0.193,-0.033,0
9370,40,1,9,1.021,0.502,1.032,0.0,0.52,0.484,0
9371,52,1,6,0.803,0.61,0.493,0.75,0.23,-0.07,0
9372,55,1,5,0.952,0.669,0.308,0.0,0.046,0.414,0
9373,39,0,11,1.013,0.483,0.828,0.0,0.509,0.142,0
9374,40,1,6,0.789,0.63,0.738,0.25,0.448,0.038,0
9375,50,1,4,0.884,0.532,0.416,0.0,-0.255,0.197,0
9376,74,0,5,1.101,0.507,0.744,0.0,0.361,0.266,0
9377,70,1,12,1.017,0.578,1.028,0.0,0.49,0.052,1
9378,83,1,3,0.689,0.714,0.414,0.0,0.102,-0.108,1
9379,63,0,4,0.852,0.612,0.435,0.25,0.152,0.1,0
9380,43,0,7,1.002,0.618,0.983,0.75,0.255,0.318,0
9381,65,0,7,0.767,0.544,0.692,0.75,0.299,0.058,0
9382,46,0,10,1.045,0.765,1.029,0.0,0.694,0.584,0
9383,80,1,8,0.846,0.46,0.628,0.25,0.261,-0.029,1
9384,39,1,5,0.85,0.51,0.686,0.0,0.104,0.054,0
9385,79,0,11,0.786,0.609,0.718,0.0,0.078,0.147,1
9386,57,0,4,0.814,0.629,0.784,0.0,0.203,0.149,0
9387,55,0,7,0.953,0.588,0.958,1.0,0.632,0.283,0
9388,50,1,4,0.731,0.755,0.7,0.0,0.361,0.044,0
9389,73,1,11,0.987,0.527,0.82,0.25,0.272,-0.026,0
9390,60,1,9,0.86,0.653,0.943,0.0,0.818,0.108,0
9391,52,1,5,1.061,0.467,0.664,0.0,0.032,0.176,0
9392,60,0,12,1.087,0.644,0.645,0.0,0.022,0.41,0
9393,45,0,12,0.927,0.605,0.819,0.0,0.356,0.086,0
9394,49,1,10,0.818,0.7,0.693,0.75,0.304,0.145,0
9395,73,1,7,0.794,0.571,0.718,0.25,0.247,-0.1,1
9396,72,1,4,0.956,0.637,0.537,0.0,0.011,0.256,0
9397,30,0,10,0.886,0.374,0.931,0.0,0.455,0.064,0
9398,81,0,8,0.975,0.608,0.7,0.75,0.166,0.181,1
9399,36,1,9,0.97,0.7,0.995,0.0,0.517,0.344,0
9400,46,1,7,0.881,0.511,0.475,0.5,-0.15,0.361,1
9401,55,1,9,0.887,0.596,0.74,0.25,0.113,0.157,0
9402,32,1,5,0.907,0.581,0.519,0.75,0.176,-0.008,0
9403,79,0,9,0.907,0.59,0.659,0.0,0.079,-0.183,0
9404,36,1,6,0.833,0.59,0.953,0.25,0.539,0.145,0
9405,61,1,5,0.561,0.597,0.939,0.0,0.311,-0.178,0
9406,72,1,7,0.754,0.491,0.559,0.0,0.037,0.093,0
9407,46,0,10,0.862,0.571,0.69,1.0,0.139,0.016,0
9408,63,1,10,0.774,0.7,0.978,0.0,0.576,-0.159,0
9409,54,0,6,0.904,0.567,0.733,0.0,0.205,0.023,0
9410,46,0,9,1.043,0.658,0.639,0.0,0.256,0.272,0
9411,51,1,12,0.843,0.608,1.137,0.0,0.82,-0.123,0
9412,47,0,12,1.073,0.512,0.859,0.0,0.532,0.395,1
9413,36,0,11,0.876,0.598,0.659,1.0,0.307,0.225,0
9414,54,1,3,0.807,0.554,0.682,0.5,-0.018,-0.059,0
9415,66,0,5,0.814,0.644,0.674,0.5,-0.026,-0.108,0
9416,41,1,8,0.73,0.583,0.867,0.75,0.484,-0.092,0
9417,31,1,8,0.754,0.51,0.449,0.0,-0.263,0.014,0
9418,79,1,7,0.845,0.577,0.472,0.0,0.188,0.083,0
9419,36,0,7,1.014,0.576,0.794,0.5,0.158,0.439,0
9420,74,0,11,1.052,0.569,0.699,0.0,0.336,0.293,0
9421,77,0,10,0.7,0.542,0.875,0.75,0.575,-0.123,0
9422,40,1,7,0.785,0.54,0.878,0.0,0.479,0.065,0
9423,58,1,12,0.951,0.473,0.735,0.25,0.035,0.251,0
9424,62,0,6,0.897,0.587,0.862,0.0,0.469,0.159,0
9425,79,0,3,0.717,0.582,0.671,0.25,0.349,-0.114,0
9426,36,0,12,1.016,0.553,0.821,0.0,0.136,0.225,0
9427,57,0,5,0.802,0.621,0.973,0.0,0.717,0.165,0
9428,51,1,11,0.934,0.573,0.938,0.75,0.592,0.184,0
9429,73,1,7,1.083,0.659,0.794,0.0,0.134,0.286,1
9430,69,1,3,0.952,0.65,0.472,0.5,0.118,0.169,0
9431,44,1,9,0.741,0.535,0.755,0.75,0.444,-0.08,0
9432,74,1,4,0.745,0.604,0.59,1.0,0.291,-0.122,0
9433,54,1,9,0.929,0.609,0.63,0.0,0.224,-0.017,0
9434,63,0,8,1.07,0.666,0.748,0.0,0.225,0.421,0
9435,42,1,7,0.776,0.478,0.512,0.75,0.127,0.154,0
9436,55,1,6,0.789,0.457,0.716,0.0,0.079,0.206,0
9437,47,0,9,0.809,0.627,0.812,0.5,0.524,0.136,0
9438,57,0,4,0.545,0.568,0.516,0.5,-0.077,0.029,0
9439,39,1,12,0.901,0.372,0.895,0.25,0.628,-0.142,0
9440,39,0,8,1.082,0.496,0.934,0.25,0.564,0.311,0
9441,60,0,7,0.755,0.609,0.652,0.25,0.108,0.007,0
9442,60,1,9,0.917,0.476,0.7,0.0,0.084,0.03,0
9443,32,1,5,0.809,0.53,0.778,0.0,0.368,0.017,0
9444,55,0,6,0.765,0.638,0.721,0.0,0.198,-0.189,0
9445,50,1,7,0.787,0.472,0.767,0.0,0.3,0.031,0
9446,38,0,6,0.795,0.594,0.358,0.0,-0.255,0.095,0
9447,33,0,8,0.935,0.621,0.641,0.0,0.445,0.232,0
9448,70,0,10,0.977,0.628,0.927,0.0,0.655,0.452,0
9449,73,1,11,1.148,0.636,0.866,0.25,0.344,0.119,0
9450,55,1,11,0.974,0.627,1.024,0.0,0.39,0.003,0
9451,58,0,9,1.189,0.62,0.712,0.25,0.268,0.274,0
9452,62,0,9,1.007,0.666,0.919,0.75,0.612,0.483,0
9453,58,1,11,0.82,0.592,0.611,1.0,0.064,0.12,0
9454,67,0,6,0.744,0.522,0.869,0.5,0.511,-0.053,0
9455,44,1,9,1.133,0.566,0.652,0.0,0.068,0.516,1
9456,36,1,8,0.907,0.678,0.603,0.25,0.05,0.074,0
9457,84,1,3,0.645,0.678,0.7,0.5,0.279,0.044,0
9458,83,0,12,1.031,0.524,0.952,0.0,0.333,0.394,0
9459,41,0,3,0.841,0.49,0.255,0.25,-0.089,0.351,0
9460,35,0,5,0.85,0.529,0.632,0.5,-0.171,0.111,0
9461,77,0,12,1.017,0.575,0.91,0.25,0.575,0.368,0
9462,38,0,11,0.897,0.556,0.81,0.0,0.584,0.108,0
9463,33,0,5,0.752,0.56,0.595,0.5,-0.105,-0.055,0
9464,31,1,11,1.097,0.525,1.098,0.0,0.744,0.628,0
9465,72,1,11,0.88,0.681,1.154,0.5,0.417,0.115,0
9466,39,1,4,0.748,0.623,0.682,0.5,0.205,-0.299,0
9467,77,1,8,0.941,0.497,0.635,0.0,0.119,0.203,0
9468,71,0,11,1.02,0.463,0.758,0.25,0.117,0.181,0
9469,39,0,9,0.907,0.528,0.64,0.5,0.257,0.342,0
9470,51,0,5,0.949,0.642,0.867,0.0,0.486,0.105,0
9471,46,1,11,0.887,0.548,0.984,0.0,0.556,0.318,0
9472,83,0,11,0.767,0.684,0.92,0.0,0.634,0.048,0
9473,68,1,5,0.942,0.65,0.356,0.0,-0.297,0.139,0
9474,33,0,5,0.94,0.754,0.655,1.0,0.057,0.24,0
9475,49,1,9,0.994,0.719,0.549,0.0,-0.029,0.202,0
9476,71,1,11,0.876,0.56,1.119,0.5,0.408,0.236,1
9477,62,1,7,0.806,0.517,0.668,1.0,0.005,0.156,1
9478,48,0,5,0.909,0.579,0.865,0.0,0.47,0.086,0
9479,82,0,9,1.131,0.517,0.674,0.0,0.063,0.373,0
9480,77,1,7,0.853,0.425,0.812,0.0,0.511,0.19,0
9481,75,0,11,0.822,0.618,0.534,0.25,0.132,0.23,0
9482,46,0,7,0.839,0.637,0.685,1.0,-0.319,0.207,0
9483,73,0,9,0.859,0.597,0.812,0.0,0.436,0.238,0
9484,67,0,3,0.7,0.698,0.64,0.25,-0.06,-0.121,0
9485,51,0,6,0.794,0.693,0.731,0.75,0.368,0.137,0
9486,48,0,8,0.886,0.631,0.94,0.0,0.493,0.084,0
9487,68,0,10,1.069,0.514,0.7,1.0,0.182,0.369,1
9488,62,0,10,0.894,0.526,0.922,0.0,0.418,0.102,0
9489,34,1,10,1.066,0.527,1.11,1.0,0.843,0.368,0
9490,46,0,10,0.718,0.563,0.928,0.0,0.512,-0.076,0
9491,40,0,4,0.767,0.552,0.669,0.0,0.245,0.07,0
9492,44,0,8,0.929,0.453,0.856,0.0,0.278,0.178,0
9493,66,0,8,0.933,0.518,0.896,0.0,0.336,0.287,0
9494,84,1,3,0.804,0.631,0.411,0.5,0.123,0.059,1
9495,41,0,3,1.057,0.583,0.63,0.5,0.383,0.236,0
9496,77,0,10,1.033,0.648,0.935,0.0,0.581,0.385,0
9497,50,1,5,0.89,0.56,0.785,0.0,0.148,0.105,0
9498,70,1,10,1.215,0.578,0.935,0.25,0.588,0.462,1
9499,78,1,7,0.793,0.556,0.684,0.0,0.235,0.225,0
9500,84,1,12,1.004,0.544,0.75,0.0,0.237,0.206,0
9501,82,0,12,0.914,0.421,0.746,0.0,0.366,0.233,0
9502,69,1,6,0.523,0.617,0.41,0.25,0.182,-0.198,0
9503,36,1,11,0.752,0.549,1.075,0.0,0.322,-0.096,0
9504,66,1,9,1.06,0.551,0.7,0.0,0.242,0.365,0
9505,50,0,4,0.769,0.623,0.606,0.5,0.412,0.135,0
9506,51,1,10,0.823,0.661,0.721,0.0,0.268,-0.157,0
9507,35,1,12,0.948,0.686,0.863,0.5,0.368,0.349,0
9508,38,0,3,0.73,0.688,0.643,0.0,0.377,-0.061,0
9509,78,0,9,0.784,0.45,0.683,0.5,0.376,0.146,0
9510,82,1,3,0.723,0.617,0.634,0.0,0.263,-0.299,0
9511,57,0,5,0.934,0.539,0.577,0.0,-0.206,0.178,0
9512,32,1,11,1.044,0.529,1.188,0.0,0.659,0.221,0
9513,58,1,12,1.079,0.62,0.632,0.5,0.077,0.383,0
9514,77,1,4,0.588,0.51,0.456,0.5,0.04,-0.283,0
9515,39,0,3,0.947,0.605,0.445,0.0,0.006,0.334,0
9516,61,1,6,0.937,0.449,0.762,0.5,0.338,-0.015,0
9517,67,0,9,0.969,0.496,0.438,0.0,-0.321,0.03,0
9518,59,0,11,0.754,0.621,0.69,1.0,0.21,0.133,0
9519,79,0,9,0.872,0.633,0.525,0.0,-0.254,0.158,0
9520,44,1,6,0.832,0.533,0.571,0.0,0.29,0.032,0
9521,71,0,8,0.917,0.521,1.159,0.5,0.828,0.406,0
9522,55,0,9,0.891,0.391,0.76,0.0,0.007,0.032,0
9523,32,1,4,0.771,0.586,0.426,0.0,-0.087,0.033,0
9524,59,1,7,1.034,0.482,0.463,0.25,0.374,0.306,0
9525,47,0,8,0.96,0.579,0.483,0.75,0.055,0.328,0
9526,63,1,11,0.887,0.566,0.751,0.0,0.37,0.127,1
9527,44,1,4,0.654,0.509,0.93,0.0,0.404,-0.181,0
9528,49,0,4,0.749,0.568,0.832,1.0,0.454,0.019,0
9529,57,1,6,0.693,0.528,0.551,0.5,-0.158,-0.132,0
9530,69,0,4,0.733,0.582,0.418,0.5,-0.131,0.229,0
9531,61,1,4,0.618,0.654,0.635,0.0,0.57,0.002,0
9532,45,0,11,0.7,0.505,1.14,0.0,0.794,0.028,0
9533,70,1,3,0.807,0.477,0.625,0.0,-0.075,0.149,0
9534,30,0,7,0.958,0.611,0.703,0.25,0.212,0.321,0
9535,49,0,6,0.881,0.582,0.678,0.75,0.388,0.137,0
9536,84,1,4,0.995,0.715,0.475,0.0,0.082,0.314,0
9537,64,0,5,0.885,0.481,0.667,0.0,0.318,0.265,0
9538,39,0,11,0.912,0.635,0.827,0.5,0.312,0.11,1
9539,44,0,3,0.715,0.492,0.622,0.0,0.167,0.044,0
9540,72,1,12,1.073,0.483,0.854,1.0,0.528,0.279,0
9541,52,1,12,0.976,0.493,0.566,0.0,-0.098,0.04,0
9542,61,0,6,0.786,0.663,0.515,1.0,-0.226,-0.154,0
9543,55,1,12,0.97,0.52,1.034,0.0,0.65,0.132,0
9544,71,1,12,0.975,0.436,0.674,0.0,0.113,0.176,0
9545,61,0,9,0.82,0.493,0.807,0.0,0.337,-0.09,0
9546,70,1,9,0.985,0.572,0.693,0.0,0.107,0.23,0
9547,68,0,11,0.881,0.464,0.968,0.0,0.534,0.251,0
9548,79,1,8,0.979,0.663,0.883,0.0,0.161,0.299,0
9549,69,1,3,0.472,0.57,0.493,0.0,0.025,-0.259,0
9550,37,0,11,1.051,0.435,0.792,0.0,0.125,0.436,0
9551,55,1,7,0.944,0.635,0.742,0.5,0.556,0.244,0
9552,51,0,10,0.847,0.536,0.961,0.0,0.726,0.073,0
9553,40,0,12,0.685,0.678,0.99,0.0,0.34,-0.166,0
9554,77,1,11,0.871,0.513,0.902,0.0,0.342,0.171,1
9555,63,1,9,0.829,0.474,0.911,0.75,0.282,0.187,1
9556,79,0,10,1.051,0.52,0.884,0.5,0.34,0.351,0
9557,62,1,12,0.998,0.521,0.959,0.0,0.412,0.347,1
9558,48,0,8,0.767,0.568,0.743,0.25,0.1,-0.271,0
9559,82,1,12,0.876,0.604,1.094,0.0,0.605,0.242,0
9560,79,0,9,0.822,0.634,0.864,0.0,0.397,0.061,0
9561,76,1,7,0.808,0.499,0.895,0.0,0.527,0.143,0
9562,51,0,12,0.951,0.447,0.7,0.0,0.163,0.223,1
9563,83,0,5,0.897,0.61,0.684,0.0,0.243,0.297,0
9564,67,0,6,0.816,0.638,0.707,0.0,0.133,0.116,0
9565,73,1,12,0.923,0.381,0.736,1.0,0.216,0.166,0
9566,62,0,12,1.074,0.486,0.879,0.0,0.475,0.207,0
9567,60,0,8,1.03,0.7,0.812,0.0,0.165,0.265,0
9568,83,1,3,0.694,0.383,0.529,0.0,-0.023,-0.165,0
9569,82,1,12,0.941,0.496,0.802,0.0,0.648,0.533,1
9570,34,0,8,0.91,0.506,0.719,0.0,0.019,0.122,0
9571,83,0,4,0.888,0.7,0.612,0.0,0.117,0.319,0
9572,83,1,5,0.93,0.697,0.46,0.75,0.111,0.118,0
9573,72,0,12,0.884,0.493,0.926,1.0,0.656,-0.192,0
9574,52,0,5,0.733,0.574,0.894,1.0,0.994,0.065,1
9575,55,1,6,0.824,0.503,0.653,1.0,0.288,0.018,0
9576,43,1,8,0.805,0.545,0.687,0.0,0.129,-0.027,0
9577,44,0,12,0.835,0.7,0.91,0.5,0.514,0.103,0
9578,63,0,9,1.053,0.435,0.728,1.0,0.282,0.452,0
9579,67,1,5,0.86,0.644,0.508,0.25,-0.275,0.061,0
9580,81,1,12,0.624,0.649,0.952,0.5,0.151,-0.404,1
9581,56,0,8,0.794,0.662,0.712,0.5,0.224,0.268,0
9582,56,0,9,1.06,0.54,0.949,0.0,0.745,0.395,0
9583,67,0,8,0.883,0.624,0.501,0.5,0.142,0.138,0
9584,33,0,4,0.952,0.644,0.446,0.0,0.034,0.481,0
9585,49,0,8,0.851,0.44,0.7,0.25,0.626,0.28,1
9586,53,0,7,0.94,0.582,0.769,0.0,0.235,0.078,0
9587,31,1,3,0.77,0.64,0.418,1.0,-0.117,0.036,0
9588,83,0,6,0.805,0.55,0.731,1.0,0.075,0.212,1
9589,68,1,7,0.7,0.592,0.477,0.0,0.279,-0.092,0
9590,67,0,5,0.7,0.516,0.727,0.5,0.422,-0.081,0
9591,49,1,12,1.042,0.543,0.926,0.0,0.36,0.051,0
9592,69,0,12,0.856,0.616,0.709,0.0,0.445,0.069,0
9593,41,0,3,0.811,0.581,0.541,0.0,-0.446,0.029,0
9594,79,0,7,0.69,0.534,0.615,0.5,0.032,0.049,0
9595,34,0,8,0.894,0.82,0.587,0.0,0.007,0.053,0
9596,68,0,8,0.656,0.54,0.955,0.0,0.599,-0.212,0
9597,30,1,6,0.674,0.609,0.739,0.0,0.094,0.075,0
9598,34,0,5,0.7,0.642,0.51,1.0,-0.021,-0.036,0
9599,64,0,3,0.82,0.666,0.778,0.5,0.342,-0.104,0
9600,45,0,4,0.834,0.5,0.713,0.0,0.213,0.05,0
9601,31,1,9,0.902,0.429,0.438,0.0,-0.153,0.285,0
9602,58,1,4,0.684,0.746,0.476,0.25,-0.174,0.025,0
9603,78,1,12,1.163,0.456,1.177,0.5,0.66,0.398,0
9604,67,0,3,0.968,0.618,0.448,0.25,-0.109,0.385,0
9605,43,1,8,0.826,0.512,1.054,0.75,0.455,0.137,0
9606,68,1,4,0.817,0.515,0.751,0.5,0.051,0.097,0
9607,68,0,12,0.894,0.64,1.123,0.5,0.396,0.174,0
9608,75,0,7,0.83,0.545,0.741,0.0,0.108,0.141,0
9609,71,0,5,0.933,0.598,0.712,0.5,0.184,0.272,0
9610,38,1,8,0.862,0.7,0.864,0.0,0.29,-0.065,0
9611,35,1,7,0.978,0.57,0.772,0.25,0.218,0.278,0
9612,80,1,3,0.929,0.525,0.876,0.75,0.154,0.321,0
9613,32,1,11,0.941,0.567,0.7,0.25,-0.244,0.384,0
9614,62,0,8,1.047,0.605,0.549,0.0,0.153,0.386,0
9615,50,1,10,1.026,0.546,0.802,0.75,0.459,0.326,0
9616,40,0,5,1.002,0.667,0.554,0.75,0.083,0.304,0
9617,38,1,8,0.942,0.487,0.879,0.75,0.388,0.279,0
9618,78,1,5,0.687,0.616,0.685,0.0,0.131,0.006,0
9619,67,0,10,0.81,0.523,0.658,1.0,0.278,0.042,0
9620,62,1,12,0.965,0.383,0.962,0.25,0.487,0.353,0
9621,30,0,12,0.7,0.464,0.82,0.0,0.437,-0.115,1
9622,56,0,10,1.019,0.398,0.774,0.0,0.054,0.268,0
9623,72,1,4,0.966,0.504,0.578,0.0,0.548,0.312,0
9624,31,0,10,0.878,0.5,0.691,0.0,0.099,0.275,0
9625,38,0,7,0.955,0.482,0.363,0.0,0.106,0.363,0
9626,74,1,7,1.0,0.688,0.87,0.0,0.408,0.042,0
9627,52,0,9,1.065,0.673,0.927,0.25,0.658,0.294,0
9628,39,0,6,0.873,0.608,0.633,0.5,0.336,-0.005,0
9629,44,1,3,0.659,0.587,0.366,0.25,-0.031,-0.074,0
9630,69,1,9,0.788,0.553,0.858,0.25,0.266,0.099,0
9631,50,0,5,0.57,0.614,0.621,0.0,0.153,-0.232,0
9632,61,1,8,0.861,0.457,0.951,0.25,0.508,0.207,0
9633,59,0,9,0.781,0.505,0.826,0.5,0.439,-0.141,1
9634,43,1,10,0.909,0.7,0.657,0.25,0.387,0.182,0
9635,46,1,10,0.77,0.472,0.625,0.25,-0.023,0.015,0
9636,76,0,6,0.796,0.556,0.558,0.5,0.314,0.053,0
9637,57,1,12,1.087,0.692,0.946,0.5,0.314,0.328,0
9638,80,0,9,0.975,0.662,0.73,0.0,0.099,0.269,0
9639,35,1,3,0.729,0.652,0.715,0.0,0.271,-0.057,0
9640,40,1,12,1.092,0.576,0.95,0.0,0.25,0.315,0
9641,60,0,9,1.234,0.518,0.597,0.75,0.253,0.375,0
9642,64,1,8,0.951,0.525,0.682,0.5,0.398,0.284,0
9643,48,1,8,0.944,0.542,0.797,0.0,0.097,0.211,0
9644,44,0,12,0.841,0.456,1.25,0.0,0.695,0.094,0
9645,75,1,12,1.213,0.571,1.068,0.0,0.834,0.47,0
9646,52,1,5,0.681,0.477,0.737,0.0,0.037,0.038,0
9647,77,0,12,0.932,0.682,0.986,0.0,0.605,0.063,1
9648,70,0,6,0.962,0.618,0.919,0.25,0.154,0.263,0
9649,61,0,12,1.001,0.681,0.849,0.5,0.707,0.323,0
9650,84,0,7,0.945,0.7,0.737,0.0,0.075,0.359,0
9651,65,0,6,0.996,0.613,0.536,1.0,-0.143,0.15,1
9652,34,1,11,1.094,0.595,0.789,0.0,0.167,0.333,0
9653,41,0,11,1.047,0.66,0.939,1.0,0.592,0.227,0
9654,55,1,3,0.835,0.571,0.397,0.25,0.075,0.132,0
9655,42,0,11,1.152,0.538,0.871,0.25,0.045,0.452,0
9656,64,0,4,0.964,0.644,0.767,0.25,0.269,0.055,0
9657,82,1,8,0.806,0.398,0.952,0.5,0.488,-0.029,0
9658,34,1,3,0.673,0.589,0.61,0.0,-0.168,-0.093,0
9659,54,0,4,0.947,0.534,0.347,0.25,0.011,0.253,0
9660,72,1,4,0.776,0.504,0.631,1.0,-0.069,0.087,0
9661,49,1,8,0.914,0.518,0.707,0.0,0.378,0.156,0
9662,70,1,12,0.946,0.7,0.742,0.0,0.325,0.308,0
9663,60,0,5,1.018,0.594,0.853,1.0,0.275,0.435,0
9664,79,1,9,0.917,0.607,0.753,0.0,0.064,0.097,0
9665,51,1,11,1.063,0.486,0.835,0.0,0.413,0.181,0
9666,41,1,9,0.723,0.465,0.771,0.25,0.217,0.111,0
9667,71,1,4,0.802,0.659,0.706,0.75,0.532,-0.059,0
9668,42,1,4,0.683,0.7,0.867,0.0,0.159,-0.239,0
9669,48,0,3,0.806,0.582,0.506,0.25,0.205,-0.01,0
9670,67,1,3,0.87,0.593,0.69,0.0,0.303,0.1,0
9671,39,1,8,0.832,0.459,0.821,0.0,0.307,0.06,0
9672,50,1,3,0.618,0.603,0.175,0.0,-0.28,-0.215,0
9673,75,1,10,1.134,0.623,0.891,0.0,0.191,0.538,0
9674,40,1,3,0.83,0.621,0.671,0.0,0.394,0.105,1
9675,83,1,8,0.811,0.44,0.911,0.75,0.644,0.002,0
9676,79,0,10,0.689,0.486,0.7,0.75,0.313,-0.014,0
9677,54,0,3,0.7,0.626,0.518,0.0,0.275,0.0,0
9678,77,0,10,0.911,0.503,0.45,0.0,-0.125,0.361,0
9679,50,0,7,0.818,0.587,0.951,0.5,0.457,0.075,0
9680,59,1,7,0.881,0.623,0.488,0.0,-0.049,0.238,0
9681,82,1,7,0.798,0.712,0.829,1.0,0.309,0.098,0
9682,32,0,11,0.893,0.609,0.833,0.0,0.458,0.188,0
9683,60,1,6,0.7,0.57,0.548,0.0,0.105,-0.253,0
9684,44,1,9,0.77,0.499,0.933,0.25,0.406,-0.276,1
9685,38,1,8,0.646,0.611,0.736,0.0,0.429,-0.088,0
9686,77,0,3,0.649,0.541,0.528,0.0,0.168,-0.14,0
9687,30,0,7,0.765,0.571,0.697,0.0,0.003,-0.103,0
9688,79,0,11,1.019,0.499,1.081,0.0,0.347,0.372,0
9689,56,0,3,0.692,0.507,0.507,0.25,0.031,-0.025,0
9690,62,1,5,0.835,0.562,0.459,1.0,0.13,0.138,0
9691,73,0,3,0.828,0.598,0.926,0.5,0.609,0.166,1
9692,61,1,9,1.003,0.505,1.068,0.0,0.576,0.324,0
9693,30,1,10,0.951,0.517,0.936,0.5,0.638,0.275,0
9694,35,0,6,0.896,0.637,0.363,0.0,0.14,-0.044,0
9695,33,1,7,0.801,0.6,0.657,1.0,-0.043,0.063,0
9696,37,0,6,0.661,0.523,0.408,0.0,0.008,-0.017,0
9697,68,1,7,0.86,0.519,0.833,1.0,0.29,0.221,0
9698,52,0,10,1.085,0.557,0.965,0.0,0.434,0.416,0
9699,32,0,8,0.819,0.648,0.759,0.5,-0.024,0.204,0
9700,76,1,9,0.988,0.531,0.755,0.0,0.082,0.461,1
9701,62,1,11,0.921,0.412,0.831,0.0,0.429,0.179,0
9702,81,0,8,0.811,0.578,0.725,0.75,0.425,0.173,0
9703,83,0,5,0.7,0.563,0.599,0.5,0.126,-0.11,0
9704,81,0,11,1.085,0.488,1.135,0.5,0.937,0.5,1
9705,40,0,10,0.762,0.532,0.992,1.0,0.808,0.002,0
9706,74,0,8,0.986,0.577,0.805,0.5,0.345,-0.112,0
9707,43,1,3,0.812,0.58,0.721,0.0,0.384,0.285,0
9708,56,1,12,1.022,0.519,0.957,0.25,0.33,0.437,0
9709,53,1,4,0.853,0.578,0.791,0.25,0.091,0.001,0
9710,47,0,11,0.963,0.622,0.74,0.5,0.337,0.263,0
9711,52,0,10,0.862,0.563,0.922,0.0,0.478,0.104,0
9712,73,0,6,0.758,0.559,0.64,0.25,0.173,-0.002,0
9713,74,0,5,0.692,0.649,0.866,0.25,0.446,-0.076,0
9714,67,0,10,0.719,0.541,0.976,1.0,0.436,-0.047,0
9715,31,1,7,0.889,0.662,0.529,0.0,0.309,0.173,0
9716,49,0,10,0.936,0.682,0.912,0.0,0.44,0.453,0
9717,76,0,10,0.885,0.504,0.697,0.5,0.139,0.04,0
9718,37,1,8,0.929,0.644,0.484,0.25,-0.056,0.096,0
9719,61,1,5,0.65,0.577,0.672,0.0,0.231,-0.115,0
9720,57,0,5,0.725,0.58,0.613,0.0,0.187,0.011,0
9721,78,1,8,1.057,0.588,1.042,0.0,0.567,0.561,0
9722,61,1,5,0.76,0.62,0.66,0.0,0.163,0.233,0
9723,72,1,5,0.876,0.538,0.666,0.0,0.692,0.248,1
9724,58,0,3,0.904,0.472,0.459,0.0,-0.273,0.16,0
9725,51,0,8,1.088,0.715,0.971,0.0,0.326,0.288,0
9726,75,1,12,1.002,0.38,0.79,0.5,0.327,0.394,0
9727,50,1,9,1.05,0.479,0.68,0.5,0.421,0.449,0
9728,59,0,9,0.7,0.553,0.683,0.0,0.025,0.0,0
9729,32,0,8,0.832,0.739,0.652,0.5,0.117,0.079,0
9730,45,1,10,1.198,0.623,0.989,0.0,0.866,0.605,0
9731,32,0,7,0.926,0.621,0.803,0.0,0.523,0.028,0
9732,36,1,4,0.747,0.578,0.781,0.0,0.005,-0.096,0
9733,82,0,4,0.706,0.735,0.537,0.0,-0.042,-0.131,0
9734,34,0,7,0.865,0.604,0.986,1.0,0.16,0.232,0
9735,36,0,6,0.844,0.647,0.845,0.25,0.281,0.021,0
9736,35,0,6,0.754,0.633,0.718,0.0,0.092,-0.029,0
9737,56,0,12,0.957,0.534,0.858,0.0,0.355,0.099,0
9738,40,1,8,0.941,0.482,0.526,1.0,0.276,0.091,0
9739,46,0,12,0.8,0.568,0.993,0.0,0.651,-0.017,0
9740,46,1,4,0.887,0.639,0.681,0.25,-0.137,0.366,0
9741,30,0,9,0.772,0.593,0.948,0.0,0.426,0.022,0
9742,54,1,10,0.592,0.504,0.818,0.5,-0.059,-0.122,0
9743,65,1,10,0.906,0.574,0.87,0.0,0.406,0.05,0
9744,83,0,11,1.056,0.41,0.901,0.0,0.26,0.295,0
9745,60,1,3,0.808,0.533,0.479,0.0,-0.092,-0.022,0
9746,49,0,7,0.999,0.516,0.645,0.0,0.432,0.346,0
9747,46,0,9,0.944,0.675,0.521,0.25,-0.135,0.123,0
9748,57,0,7,0.774,0.622,0.828,0.0,0.162,0.223,0
9749,70,0,10,0.84,0.604,0.785,0.0,0.109,0.064,0
9750,77,1,9,0.889,0.455,0.566,1.0,0.207,0.14,1
9751,67,1,9,1.046,0.667,0.728,1.0,0.232,0.241,0
9752,67,0,10,0.61,0.387,0.771,0.5,0.451,0.037,0
9753,60,1,7,0.882,0.493,0.686,0.75,0.052,-0.024,0
9754,59,1,3,0.757,0.644,0.401,0.25,0.167,-0.032,0
9755,74,1,12,0.979,0.361,0.768,0.25,0.454,0.25,0
9756,80,1,8,0.871,0.62,0.7,0.75,0.293,0.316,1
9757,42,0,4,1.007,0.542,0.493,0.5,0.182,0.251,0
9758,48,0,6,1.128,0.551,0.712,0.5,0.138,0.512,0
9759,59,0,9,0.793,0.602,1.102,0.0,0.521,0.109,0
9760,74,0,9,0.93,0.478,0.61,0.0,0.135,0.337,0
9761,32,0,3,0.958,0.558,0.571,0.0,0.18,0.247,0
9762,71,0,8,1.07,0.524,0.514,0.5,0.248,0.413,0
9763,30,1,4,0.819,0.534,0.421,0.0,-0.012,0.114,0
9764,69,0,9,0.675,0.593,1.131,0.5,0.871,0.044,0
9765,61,1,7,0.93,0.574,0.671,0.75,0.181,0.293,0
9766,75,0,5,0.834,0.651,0.501,0.0,-0.065,0.111,0
9767,50,0,4,0.998,0.673,0.628,0.75,0.129,0.192,0
9768,66,1,4,0.798,0.605,0.421,0.0,-0.01,-0.133,0
9769,70,1,3,0.839,0.624,0.36,0.0,-0.279,-0.041,1
9770,81,1,9,1.002,0.599,0.736,0.0,0.478,0.254,0
9771,38,1,12,1.17,0.594,0.888,0.25,0.395,0.422,0
9772,33,1,9,1.002,0.546,0.566,0.0,0.105,0.41,0
9773,50,1,4,0.71,0.511,0.449,0.0,0.002,0.01,0
9774,50,1,9,1.08,0.616,0.805,0.0,0.162,0.431,0
9775,51,0,11,0.897,0.491,0.89,1.0,0.342,0.183,1
9776,30,0,8,0.917,0.555,0.801,0.25,0.469,0.195,0
9777,51,1,11,0.7,0.616,1.155,1.0,0.614,0.069,0
9778,59,1,6,0.667,0.488,0.405,0.5,-0.091,0.025,0
9779,66,0,7,0.817,0.647,1.178,0.0,0.585,0.197,0
9780,34,0,4,0.932,0.717,0.756,1.0,0.598,0.126,0
9781,46,0,7,0.705,0.628,0.951,0.75,0.425,0.009,1
9782,50,1,5,0.914,0.496,0.499,0.5,0.022,0.299,1
9783,35,0,3,0.766,0.446,0.685,0.0,-0.015,0.271,0
9784,63,0,3,0.886,0.542,0.77,0.0,0.597,0.203,0
9785,75,0,10,0.971,0.737,1.103,0.0,0.577,0.112,0
9786,30,0,9,1.002,0.579,0.919,0.5,0.119,0.466,0
9787,77,1,10,0.925,0.699,0.751,0.0,0.259,0.346,1
9788,79,0,4,0.837,0.579,0.836,0.0,0.46,0.136,0
9789,70,0,12,0.93,0.571,1.011,0.0,0.451,0.321,0
9790,33,1,6,0.942,0.724,0.33,0.5,0.078,0.133,0
9791,67,0,11,0.944,0.472,0.564,0.0,0.033,-0.017,0
9792,82,1,6,0.905,0.69,0.539,0.5,0.002,0.233,0
9793,71,0,7,0.889,0.615,0.764,0.0,0.435,0.1,0
9794,66,0,11,1.182,0.602,0.882,0.0,0.522,0.519,0
9795,69,1,11,0.826,0.565,0.706,0.0,0.188,0.145,0
9796,39,1,4,0.854,0.704,0.43,0.75,-0.01,0.149,0
9797,75,0,11,0.7,0.733,1.077,0.0,0.668,0.016,0
9798,81,1,6,1.038,0.599,0.619,1.0,0.098,0.397,1
9799,33,1,9,0.946,0.456,0.796,0.0,0.257,0.28,0
9800,65,1,9,0.7,0.546,0.784,0.0,0.285,0.115,0
9801,81,0,11,1.139,0.522,0.971,0.25,0.623,0.465,0
9802,60,0,10,0.99,0.677,0.604,1.0,0.179,0.123,1
9803,44,0,7,0.936,0.671,0.728,0.0,0.305,0.083,0
9804,59,0,10,1.05,0.605,1.057,0.0,0.511,0.235,1
9805,52,0,11,1.108,0.457,0.882,0.25,0.687,0.236,0
9806,49,0,7,0.954,0.654,0.824,0.0,0.304,0.377,0
9807,37,1,5,1.124,0.384,0.731,0.0,0.151,0.043,0
9808,35,1,6,1.011,0.547,0.422,0.25,-0.376,0.306,0
9809,68,0,10,0.84,0.641,0.772,0.5,0.056,0.14,0
9810,64,1,6,0.768,0.539,0.656,0.5,0.15,0.226,0
9811,71,0,6,0.983,0.617,0.761,0.25,0.375,0.178,0
9812,63,0,10,1.082,0.498,0.799,0.25,0.219,0.131,0
9813,47,0,6,0.938,0.62,0.719,1.0,0.431,0.238,0
9814,53,0,10,1.067,0.519,1.042,0.75,0.605,0.525,0
9815,32,1,10,1.002,0.489,0.661,1.0,0.019,0.181,0
9816,42,0,9,1.141,0.563,0.777,0.0,-0.011,0.43,0
9817,74,1,11,0.918,0.428,0.993,0.0,0.706,0.069,0
9818,77,1,7,0.943,0.501,0.923,0.0,0.938,0.209,0
9819,71,1,5,0.847,0.531,0.734,0.5,0.065,0.112,0
9820,60,1,8,1.105,0.483,0.845,0.25,0.211,0.391,0
9821,75,0,11,1.219,0.572,0.753,0.0,0.363,0.501,1
9822,81,0,6,0.751,0.638,0.943,0.0,0.398,0.051,0
9823,57,0,10,0.908,0.688,0.844,0.25,0.36,0.02,1
9824,39,1,8,1.077,0.503,0.851,1.0,0.626,0.223,0
9825,70,1,5,0.737,0.64,0.627,0.0,-0.09,0.118,0
9826,34,0,4,0.851,0.578,0.601,1.0,-0.315,0.057,0
9827,55,1,7,0.915,0.653,0.698,0.0,0.439,-0.035,0
9828,30,1,5,0.794,0.601,0.793,0.0,0.384,0.094,0
9829,38,0,3,0.894,0.686,0.888,1.0,0.303,0.229,0
9830,77,0,8,0.85,0.655,0.713,1.0,0.253,0.019,1
9831,72,0,7,0.759,0.554,0.863,1.0,0.465,0.086,0
9832,54,0,8,0.856,0.54,0.837,0.75,0.264,0.227,0
9833,35,0,3,0.645,0.625,0.639,0.25,0.094,0.168,0
9834,50,1,9,0.769,0.646,0.7,0.0,0.116,-0.033,0
9835,72,1,8,0.959,0.618,0.687,0.75,0.454,0.001,0
9836,62,1,5,0.819,0.548,0.566,0.25,0.026,0.173,0
9837,75,0,7,0.736,0.661,0.729,0.5,0.165,-0.02,0
9838,51,1,9,1.031,0.602,0.7,0.0,0.107,0.441,0
9839,41,1,10,0.7,0.514,0.927,0.25,0.661,0.057,0
9840,50,1,6,0.915,0.616,0.502,0.75,-0.167,0.156,0
9841,51,1,3,0.876,0.65,0.212,0.0,-0.338,-0.025,0
9842,33,1,6,0.749,0.541,0.592,0.75,-0.147,0.151,0
9843,54,1,6,0.961,0.462,0.705,0.0,-0.018,0.435,0
9844,66,0,6,0.814,0.585,0.768,0.0,0.267,0.061,0
9845,76,1,5,0.803,0.596,0.628,0.5,0.238,0.118,0
9846,64,0,5,0.945,0.713,0.738,0.75,0.446,0.188,0
9847,60,1,10,1.058,0.689,0.917,0.25,0.303,0.368,0
9848,55,0,11,1.049,0.619,0.822,0.75,0.27,0.27,0
9849,50,0,9,0.771,0.622,0.844,0.75,0.331,0.126,1
9850,84,0,8,0.784,0.462,0.66,0.0,0.14,-0.097,0
9851,84,1,9,0.921,0.638,0.622,0.0,0.342,0.23,0
9852,60,1,10,0.769,0.7,0.858,0.0,0.479,0.031,0
9853,39,1,11,0.975,0.514,0.89,0.5,0.377,0.426,0
9854,38,1,10,1.046,0.681,0.564,0.0,0.244,0.415,1
9855,81,1,7,0.863,0.693,0.701,0.0,0.001,-0.088,0
9856,42,1,9,0.964,0.602,0.798,1.0,0.285,0.475,0
9857,38,0,9,0.976,0.484,0.76,0.25,0.322,0.182,0
9858,84,1,11,0.7,0.523,0.861,0.0,0.729,-0.151,0
9859,30,0,11,0.809,0.54,0.927,0.0,0.088,0.109,0
9860,59,1,10,0.719,0.502,1.109,0.75,0.646,0.019,0
9861,70,1,8,0.944,0.56,0.87,0.0,0.321,0.169,0
9862,48,1,4,0.774,0.66,0.411,0.0,-0.038,0.138,0
9863,39,1,4,0.691,0.711,0.672,0.25,0.153,-0.051,0
9864,68,0,10,0.831,0.497,0.735,0.25,0.594,-0.008,1
9865,41,0,7,0.887,0.491,0.918,0.5,0.218,-0.084,0
9866,58,0,12,0.875,0.503,0.911,0.25,0.348,-0.133,0
9867,76,0,6,0.92,0.625,0.376,0.0,0.023,0.219,1
9868,80,1,3,0.749,0.726,0.477,1.0,-0.081,0.118,1
9869,67,0,5,0.852,0.713,0.4,0.0,0.22,0.205,0
9870,79,1,10,0.667,0.434,0.854,0.25,0.401,-0.233,0
9871,63,1,3,0.798,0.609,0.642,0.0,-0.05,0.12,0
9872,45,1,5,0.881,0.54,0.589,0.0,-0.106,0.166,0
9873,43,0,9,0.844,0.505,0.498,0.25,-0.18,0.117,0
9874,40,1,4,0.769,0.603,0.592,0.5,0.181,0.02,0
9875,81,0,9,0.837,0.541,0.643,0.0,0.252,0.064,0
9876,38,1,8,0.951,0.693,0.62,0.0,0.052,0.205,0
9877,84,1,8,0.93,0.577,0.77,0.0,0.426,0.054,0
9878,46,0,6,1.065,0.629,0.49,0.25,-0.21,0.368,0
9879,51,0,11,1.147,0.52,1.071,0.0,0.481,0.447,0
9880,77,0,11,0.909,0.562,0.765,0.0,0.412,0.2,0
9881,34,1,8,0.985,0.561,0.725,0.0,0.143,0.393,0
9882,32,1,11,1.0,0.565,0.612,0.0,0.224,0.187,1
9883,50,0,6,1.016,0.685,0.418,0.5,-0.088,0.244,0
9884,61,1,11,0.81,0.655,0.724,0.0,0.234,-0.172,0
9885,43,1,10,0.946,0.534,0.716,0.0,0.443,0.225,1
9886,48,1,5,1.142,0.68,0.737,0.5,0.246,0.442,0
9887,60,0,3,0.917,0.684,0.8,1.0,-0.026,0.075,0
9888,58,0,12,1.109,0.517,0.61,0.25,0.135,0.409,0
9889,42,1,11,0.885,0.566,0.938,0.0,0.77,0.422,0
9890,57,1,11,0.923,0.498,0.799,0.0,0.545,0.081,0
9891,54,1,3,0.898,0.639,0.769,0.25,0.449,0.016,0
9892,33,1,5,0.753,0.635,0.537,1.0,-0.087,0.205,0
9893,65,0,7,0.833,0.571,0.856,0.0,0.546,0.041,1
9894,57,0,5,0.627,0.622,1.135,0.5,0.693,-0.323,0
9895,75,0,9,1.039,0.564,0.935,0.25,0.591,0.226,0
9896,47,1,4,0.87,0.562,0.46,0.5,-0.24,0.132,0
9897,59,1,10,0.768,0.45,0.633,0.0,0.116,-0.101,0
9898,49,1,7,0.709,0.519,0.774,0.0,0.133,0.007,0
9899,60,1,12,1.008,0.546,0.997,0.0,0.551,0.395,0
9900,72,1,4,0.959,0.736,0.668,0.0,0.259,0.385,1
9901,37,0,5,0.799,0.608,0.613,0.5,0.214,0.081,0
9902,75,0,11,0.79,0.549,0.888,0.0,0.674,-0.027,0
9903,36,1,4,0.883,0.73,0.482,1.0,0.052,0.125,0
9904,63,1,8,0.692,0.625,0.795,0.75,0.039,-0.062,0
9905,44,1,6,0.869,0.524,0.621,0.0,0.04,0.053,0
9906,48,1,11,0.711,0.617,1.017,0.0,0.634,-0.176,0
9907,47,1,10,0.997,0.6,0.72,0.75,-0.003,0.099,0
9908,47,1,12,1.068,0.618,1.12,0.0,0.261,0.4,0
9909,62,0,8,0.908,0.541,1.068,0.0,0.728,0.231,0
9910,76,1,11,1.053,0.602,0.7,0.0,0.208,0.26,0
9911,55,1,8,0.797,0.657,0.43,0.75,0.237,0.038,0
9912,30,1,6,0.926,0.678,0.753,0.0,0.304,0.32,0
9913,69,1,4,0.89,0.667,0.7,0.0,0.362,0.118,0
9914,46,0,11,0.846,0.503,0.582,0.25,0.027,0.046,0
9915,44,1,4,0.667,0.547,0.823,0.75,0.587,-0.006,0
9916,64,0,10,0.961,0.535,0.817,0.0,0.414,0.335,0
9917,46,1,12,1.069,0.537,0.856,0.0,0.373,0.179,0
9918,47,0,11,0.985,0.533,0.682,0.0,0.301,0.218,0
9919,62,0,6,0.879,0.447,0.58,0.5,-0.12,0.209,0
9920,41,0,11,0.903,0.628,0.848,0.5,0.077,0.262,0
9921,32,0,12,0.84,0.494,1.092,0.0,0.612,-0.076,0
9922,37,1,9,1.085,0.59,0.823,0.0,0.339,0.492,0
9923,30,0,11,1.028,0.539,0.831,0.25,0.51,0.308,0
9924,65,0,12,0.972,0.357,1.047,0.5,0.584,0.115,1
9925,54,1,4,0.787,0.673,0.74,0.0,0.161,-0.1,0
9926,43,0,9,0.725,0.581,0.791,0.5,0.239,-0.016,0
9927,48,1,9,0.889,0.582,0.966,0.25,0.792,0.123,1
9928,32,0,11,0.918,0.438,0.934,0.5,0.35,0.179,0
9929,84,1,3,0.67,0.65,0.439,0.0,0.215,-0.017,0
9930,44,0,6,0.91,0.712,0.951,0.0,0.17,0.219,0
9931,31,1,8,0.83,0.49,0.7,0.25,0.321,-0.002,0
9932,67,1,7,0.804,0.608,0.349,0.5,-0.467,0.072,0
9933,40,0,12,0.791,0.328,0.94,0.75,0.573,0.275,1
9934,51,1,3,0.787,0.59,0.533,0.25,-0.044,0.087,0
9935,69,1,3,0.846,0.588,0.306,0.0,-0.026,0.099,0
9936,45,1,8,0.871,0.593,1.022,0.0,0.531,0.182,0
9937,70,0,12,0.969,0.634,1.036,0.5,0.574,0.285,0
9938,77,0,11,1.032,0.596,0.757,0.75,0.241,0.063,0
9939,80,1,11,1.348,0.41,0.829,0.25,0.415,0.419,0
9940,60,1,10,1.044,0.506,0.89,0.0,0.698,0.207,0
9941,82,0,6,1.085,0.594,0.759,0.0,0.509,0.11,0
9942,49,1,3,0.665,0.516,0.929,0.5,0.205,-0.126,0
9943,73,1,12,1.089,0.448,0.829,0.0,0.397,0.443,0
9944,56,1,4,0.944,0.512,0.435,0.5,-0.067,0.244,0
9945,63,1,10,0.866,0.568,0.998,0.0,0.51,0.323,0
9946,42,1,3,0.822,0.45,0.482,0.0,0.122,-0.053,0
9947,71,0,7,0.678,0.454,0.7,0.5,0.339,-0.072,0
9948,32,0,8,1.091,0.524,0.967,0.0,0.302,0.557,0
9949,53,0,11,0.89,0.563,0.672,0.0,0.33,0.032,1
9950,72,1,11,1.062,0.535,0.912,0.0,0.267,0.418,0
9951,81,0,12,1.077,0.445,0.922,0.25,0.582,0.101,0
9952,70,1,7,1.155,0.687,0.7,0.75,0.175,0.455,0
9953,40,0,11,1.16,0.693,1.162,0.25,0.581,0.471,0
9954,70,1,5,0.904,0.726,0.657,0.5,0.225,0.261,0
9955,76,0,3,0.557,0.481,0.649,0.0,0.364,-0.052,1
9956,50,1,10,1.047,0.58,0.668,0.0,0.324,0.503,0
9957,45,0,11,1.116,0.813,0.975,0.5,0.701,0.348,0
9958,36,0,4,0.566,0.551,0.772,1.0,0.21,-0.177,0
9959,36,1,8,0.927,0.676,0.99,0.0,0.679,0.237,0
9960,58,0,9,1.152,0.52,0.532,0.0,-0.168,0.459,1
9961,47,0,6,0.831,0.51,0.533,1.0,0.046,0.088,0
9962,48,0,5,0.818,0.575,0.361,0.0,-0.039,-0.0,0
9963,61,0,4,0.681,0.608,0.7,0.0,0.17,-0.369,0
9964,62,1,6,1.008,0.372,0.51,0.0,0.117,0.255,0
9965,75,0,6,0.862,0.5,0.95,1.0,0.592,0.066,0
9966,44,1,4,0.834,0.594,0.872,1.0,0.165,0.183,0
9967,47,1,7,0.585,0.569,0.574,0.0,-0.114,-0.115,1
9968,46,1,5,0.591,0.523,0.878,0.75,0.18,-0.324,0
9969,60,0,5,0.615,0.533,0.284,0.0,0.071,0.176,1
9970,84,1,6,0.892,0.505,0.809,1.0,0.468,0.09,1
9971,69,0,7,0.788,0.507,0.5,0.0,0.241,0.058,0
9972,78,0,8,0.754,0.616,0.887,0.75,0.333,0.02,0
9973,63,1,3,0.695,0.539,0.5,0.0,0.186,-0.112,0
9974,71,0,5,0.889,0.48,0.775,0.0,0.371,0.07,0
9975,44,1,8,0.648,0.534,0.813,0.5,0.21,-0.085,0
9976,79,0,9,1.075,0.59,0.761,0.0,0.457,0.164,0
9977,75,0,12,1.071,0.6,0.847,0.0,0.436,0.253,1
9978,76,1,10,0.998,0.701,0.814,0.0,0.281,0.263,0
9979,38,1,9,0.946,0.536,0.778,0.0,0.483,0.356,1
9980,40,0,4,0.872,0.7,0.476,0.75,0.043,-0.032,0
9981,53,0,3,0.656,0.616,0.622,0.0,0.139,-0.032,0
9982,82,0,10,1.011,0.623,0.698,0.25,0.344,0.235,1
9983,79,1,7,0.803,0.485,0.768,0.0,0.585,0.117,0
9984,77,1,10,0.903,0.58,0.98,0.75,0.629,0.212,0
9985,82,1,7,0.96,0.656,0.803,0.0,0.682,0.171,1
9986,50,1,11,1.104,0.716,0.748,0.75,0.243,0.223,0
9987,39,0,9,0.927,0.524,0.855,0.0,0.087,0.227,0
9988,36,1,4,0.57,0.507,0.697,1.0,0.175,-0.141,0
9989,83,0,7,0.761,0.557,0.88,1.0,0.684,-0.05,0
9990,32,0,11,0.975,0.596,0.78,0.0,0.296,0.423,0
9991,58,1,8,0.645,0.651,0.772,0.0,0.44,-0.031,0
9992,72,0,4,0.781,0.578,0.464,0.0,0.054,0.078,0
9993,62,1,10,1.179,0.579,0.817,0.25,0.413,0.219,0
9994,82,1,6,0.838,0.7,0.738,0.75,0.218,0.106,0
9995,69,0,10,0.83,0.579,0.7,0.0,0.197,-0.158,0
9996,52,1,3,0.748,0.593,0.576,0.0,0.067,0.018,0
9997,54,1,12,0.965,0.548,0.511,0.0,0.014,0.265,0
9998,38,1,4,0.942,0.541,0.656,0.0,0.271,0.144,0
9999,47,1,8,0.932,0.677,0.988,0.5,0.469,0.129,0
