patient_id,age,sex,n_visits,hr_last,sbp_last,wbc_last,diag_last,wbc_trend,hr_trend,label
0,45,1,10,0.986,0.464,0.912,0.0,0.369,0.492,0
1,73,0,11,0.933,0.491,1.007,0.0,0.704,0.045,0
2,32,1,3,0.765,0.526,0.746,0.0,0.366,-0.025,0
3,38,0,10,0.7,0.605,0.721,0.0,0.219,-0.347,0
4,31,0,8,0.935,0.756,0.781,0.5,-0.05,0.275,0
5,81,1,11,1.088,0.378,0.982,0.0,0.292,0.532,0
6,30,1,10,1.133,0.561,1.088,1.0,0.586,0.274,1
7,51,1,12,1.064,0.403,0.985,0.0,0.592,0.433,0
8,72,1,3,0.908,0.622,0.358,0.5,-0.342,0.132,0
9,51,0,5,0.884,0.643,0.533,0.75,0.241,-0.007,0
10,74,1,8,0.872,0.518,0.817,0.5,0.381,-0.009,1
11,34,1,12,1.021,0.509,0.905,0.5,0.388,0.293,1
12,84,0,6,1.003,0.549,0.474,0.0,0.148,0.14,0
13,53,1,5,0.803,0.739,0.274,0.0,0.082,0.032,0
14,39,0,9,0.977,0.555,0.819,0.0,0.529,0.292,1
15,59,0,5,0.77,0.55,0.434,0.0,0.049,0.07,0
16,39,0,11,0.707,0.46,0.7,1.0,0.083,-0.107,0
17,48,0,6,0.747,0.586,0.676,0.0,0.23,-0.009,1
18,63,1,7,1.008,0.685,0.624,0.0,0.188,0.461,0
19,66,1,9,0.717,0.646,0.705,0.0,0.065,-0.004,0
20,77,0,3,0.896,0.601,0.531,0.0,0.069,0.341,0
21,39,0,4,1.001,0.634,0.587,0.0,0.24,0.184,0
22,78,1,4,0.718,0.393,0.445,0.5,-0.351,-0.004,0
23,73,1,10,0.822,0.583,0.947,0.25,0.285,0.185,0
24,68,0,9,0.986,0.61,0.602,0.0,0.207,0.306,0
25,75,1,11,0.921,0.57,0.7,1.0,-0.104,0.241,0
26,38,0,12,0.705,0.468,1.156,0.0,0.544,0.282,0
27,36,1,10,0.7,0.6,1.053,0.5,0.529,-0.083,0
28,43,1,6,1.009,0.511,0.613,0.0,0.15,0.334,0
29,76,0,6,0.611,0.53,0.828,0.75,0.286,-0.089,0
30,37,0,4,0.785,0.697,0.67,0.0,0.22,0.059,0
31,60,1,6,0.78,0.611,0.314,0.0,-0.289,-0.034,0
32,63,0,9,0.995,0.726,1.06,0.0,0.543,0.154,0
33,60,0,6,0.855,0.644,0.584,0.25,0.051,0.167,0
34,66,1,5,0.824,0.468,0.527,1.0,0.132,0.072,0
35,48,1,10,1.085,0.586,0.967,0.0,0.341,0.467,0
36,78,1,6,0.887,0.712,0.61,0.5,0.133,-0.007,0
37,82,0,8,1.051,0.577,0.677,0.0,0.067,0.431,1
38,68,0,4,0.742,0.516,0.504,0.75,0.22,-0.08,0
39,45,0,3,0.636,0.561,0.411,0.25,-0.324,-0.137,0
40,56,0,7,0.637,0.707,0.723,0.25,0.24,-0.305,0
41,56,1,10,1.023,0.524,0.653,0.25,0.138,0.323,0
42,78,1,10,1.044,0.626,0.49,0.75,0.227,0.111,0
43,58,0,5,0.992,0.701,0.457,0.75,-0.017,0.052,0
44,35,1,5,0.795,0.593,0.573,0.0,0.249,-0.185,0
45,46,0,7,0.849,0.603,0.678,1.0,0.062,0.124,1
46,65,1,4,0.834,0.76,0.21,0.0,-0.353,0.003,1
47,57,1,6,0.97,0.579,0.278,0.75,-0.248,0.324,0
48,66,0,5,0.923,0.564,0.659,0.75,0.175,0.039,1
49,46,0,8,0.84,0.642,0.744,0.0,0.404,0.106,0
50,30,0,3,0.737,0.602,0.672,0.0,0.361,-0.08,0
51,54,1,4,0.603,0.672,0.641,1.0,0.043,-0.247,0
52,64,0,4,0.92,0.518,0.658,0.0,0.511,0.208,0
53,37,0,7,0.853,0.513,0.635,0.0,-0.091,0.386,0
54,52,1,11,0.942,0.456,1.04,0.25,0.508,0.052,0
55,40,0,8,0.9,0.642,0.624,0.0,0.243,0.159,0
56,38,0,10,1.057,0.564,0.788,0.5,0.171,0.126,0
57,79,0,3,0.629,0.498,0.448,0.0,-0.224,0.076,0
58,38,1,10,0.841,0.606,0.768,0.25,0.25,0.079,0
59,71,0,9,1.069,0.583,0.496,0.25,0.19,0.622,0
60,38,1,8,0.79,0.588,0.731,0.0,0.231,0.239,0
61,36,0,11,0.931,0.472,0.808,0.75,0.282,0.31,1
62,66,0,11,0.842,0.429,0.874,1.0,0.543,0.241,0
63,74,0,12,1.033,0.516,0.803,1.0,0.388,0.11,0
64,71,0,7,0.867,0.656,0.867,0.25,0.185,0.093,1
65,73,0,5,0.76,0.629,0.752,0.0,0.254,0.06,0
66,46,0,9,0.726,0.576,0.886,0.0,0.385,-0.256,0
67,56,1,4,0.602,0.538,0.446,0.5,-0.189,-0.18,0
68,69,1,9,0.7,0.589,0.69,0.25,-0.112,-0.077,0
69,43,1,10,1.141,0.549,0.786,1.0,0.301,0.49,0
70,36,1,9,0.765,0.551,0.623,0.0,-0.056,-0.161,0
71,78,1,3,0.717,0.41,0.768,0.0,0.11,-0.196,0
72,70,1,12,0.831,0.556,0.845,0.25,0.389,0.038,0
73,42,1,7,0.939,0.644,0.707,0.5,0.492,0.268,0
74,57,0,6,0.904,0.44,0.594,0.0,-0.193,0.349,0
75,61,0,10,0.83,0.549,1.063,0.75,0.613,0.115,1
76,69,0,10,0.895,0.679,0.853,0.0,0.539,0.081,1
77,66,0,5,0.953,0.458,0.819,0.0,0.192,0.015,0
78,72,1,6,0.941,0.583,0.871,0.0,0.281,0.321,0
79,35,1,7,0.999,0.635,0.723,0.0,0.22,0.372,0
80,80,1,4,0.817,0.623,0.21,0.0,-0.342,0.153,0
81,69,0,4,0.897,0.601,0.438,0.0,-0.069,0.071,0
82,58,1,4,0.72,0.661,0.787,0.5,0.02,-0.112,0
83,79,0,4,0.895,0.456,0.779,0.0,0.419,-0.049,0
84,49,1,3,1.088,0.745,0.513,0.0,0.197,0.286,0
85,30,0,10,0.882,0.554,0.709,0.25,0.316,0.193,0
86,51,0,9,1.084,0.509,0.591,0.0,0.136,0.035,0
87,84,0,9,0.77,0.492,0.88,0.0,0.571,0.058,0
88,58,0,5,0.554,0.688,0.55,0.75,0.448,-0.273,0
89,72,0,7,0.96,0.589,0.586,0.5,0.268,0.143,0
90,30,0,3,0.852,0.656,0.559,0.0,-0.097,0.054,0
91,56,1,7,0.913,0.511,0.62,1.0,0.338,0.295,0
92,60,1,7,0.858,0.643,0.923,0.5,0.401,-0.172,0
93,39,0,11,0.793,0.754,0.7,1.0,0.405,0.042,0
94,35,0,10,0.811,0.637,0.938,0.25,0.665,0.044,0
95,47,1,10,1.017,0.561,1.077,0.0,0.436,0.27,1
96,61,0,6,0.822,0.511,0.543,0.0,0.127,0.144,0
97,78,1,5,0.733,0.526,0.708,0.25,0.102,-0.054,0
98,41,1,11,0.999,0.465,1.156,0.0,0.616,0.188,0
99,30,1,12,0.835,0.429,0.954,0.0,0.481,-0.007,0
100,51,1,5,0.782,0.676,0.922,0.0,0.282,-0.027,0
101,34,1,11,0.932,0.754,0.926,0.0,0.725,0.232,0
102,72,0,10,1.072,0.618,0.808,0.0,0.435,0.332,0
103,68,0,10,0.922,0.478,0.71,0.0,0.405,0.22,0
104,34,1,10,0.957,0.454,0.943,0.0,0.704,0.176,0
105,57,1,9,0.824,0.488,0.809,0.25,0.275,0.187,0
106,81,1,6,0.827,0.653,0.63,0.0,0.355,-0.077,0
107,54,0,3,0.7,0.657,0.697,1.0,0.27,-0.132,0
108,41,0,3,0.959,0.596,0.715,0.5,0.098,0.161,0
109,58,1,9,1.046,0.741,1.081,0.0,0.521,0.286,1
110,64,1,4,0.593,0.508,0.599,0.0,-0.043,-0.295,0
111,65,1,10,1.035,0.552,0.887,1.0,0.451,0.295,0
112,76,1,4,0.625,0.661,0.439,0.25,0.107,-0.305,0
113,84,0,7,0.962,0.479,0.48,0.0,-0.06,0.186,0
114,31,0,11,0.7,0.437,0.678,0.0,0.009,-0.117,0
115,56,0,8,0.878,0.618,1.126,0.0,0.679,0.187,0
116,37,0,4,0.877,0.565,0.738,0.5,0.578,0.327,0
117,39,1,5,0.7,0.572,0.621,0.25,0.03,-0.066,0
118,43,0,3,0.641,0.533,0.643,0.5,0.074,-0.169,0
119,30,1,6,0.878,0.538,0.626,0.0,0.214,-0.181,0
120,43,1,6,1.078,0.504,0.805,0.75,0.441,0.095,0
121,76,0,8,0.903,0.625,0.847,0.0,0.489,0.321,0
122,36,1,12,1.066,0.533,0.835,0.5,0.375,0.433,0
123,30,0,5,0.982,0.477,0.534,0.5,0.169,0.307,0
124,82,1,6,0.938,0.438,0.774,0.25,0.31,0.021,0
125,34,1,6,0.7,0.542,0.998,0.25,0.608,-0.194,0
126,42,1,9,0.788,0.662,0.84,0.0,0.463,0.077,0
127,46,0,5,0.924,0.645,0.756,1.0,0.222,0.144,1
128,67,0,6,0.774,0.571,0.519,0.0,0.219,0.207,0
129,81,0,4,0.649,0.666,0.714,0.0,0.268,-0.332,0
130,41,0,8,1.015,0.588,0.556,0.0,0.213,0.29,0
131,65,0,4,0.936,0.622,0.448,0.0,-0.136,0.28,0
132,47,1,7,0.897,0.677,0.713,0.75,0.208,-0.044,1
133,37,1,3,0.935,0.631,0.786,1.0,0.489,0.235,0
134,81,0,5,0.774,0.549,0.751,0.0,0.186,-0.122,0
135,78,1,9,1.088,0.456,0.921,0.0,0.241,0.396,0
136,54,1,6,0.769,0.636,0.566,0.5,0.348,-0.144,0
137,64,0,10,0.976,0.479,0.956,0.0,0.537,0.175,0
138,68,1,9,0.862,0.604,0.575,0.0,-0.156,-0.071,0
139,58,0,4,0.619,0.579,0.497,0.5,-0.038,-0.003,0
140,44,1,6,0.801,0.583,0.684,1.0,0.283,0.136,0
141,76,1,4,0.833,0.579,0.451,1.0,-0.249,0.157,0
142,79,1,8,0.974,0.539,0.903,1.0,0.679,0.31,0
143,70,1,10,0.704,0.539,0.761,0.75,0.499,-0.146,0
144,54,1,12,0.927,0.667,0.812,0.5,0.346,0.165,1
145,75,1,4,0.651,0.636,0.311,0.5,0.076,-0.088,0
146,51,1,8,0.847,0.611,0.673,1.0,0.341,0.004,0
147,48,1,12,1.054,0.448,0.728,0.25,0.316,0.352,0
148,42,1,10,1.064,0.522,0.868,0.75,0.461,0.232,1
149,51,0,6,0.796,0.505,1.14,0.0,0.441,0.22,0
150,42,0,4,0.764,0.585,0.348,0.0,-0.03,-0.245,0
151,54,1,11,1.049,0.442,0.484,0.5,0.114,0.513,0
152,45,0,10,0.869,0.581,0.861,0.75,0.518,0.12,0
153,74,0,5,1.05,0.5,0.474,0.0,-0.138,0.35,0
154,35,0,7,0.657,0.7,0.682,0.5,0.36,-0.022,0
155,45,0,11,1.021,0.482,0.867,0.25,0.411,0.26,0
156,83,1,10,0.979,0.7,0.91,0.0,0.52,0.053,0
157,75,0,9,1.011,0.553,0.78,0.0,0.475,0.367,0
158,53,1,3,0.739,0.55,0.389,0.0,-0.235,-0.128,0
159,35,1,5,0.671,0.65,0.727,0.25,0.152,-0.442,0
160,84,1,4,0.824,0.54,0.299,0.0,-0.362,0.081,0
161,77,1,6,0.788,0.519,0.699,0.5,0.123,-0.038,1
162,83,1,4,0.834,0.602,0.587,1.0,-0.363,-0.147,0
163,70,1,9,0.996,0.534,0.918,0.75,0.593,0.392,0
164,45,0,10,1.208,0.482,0.993,0.0,0.59,0.565,0
165,71,0,5,0.7,0.692,0.787,0.25,0.084,0.0,0
166,38,0,4,0.626,0.56,0.36,0.0,-0.34,-0.107,0
167,55,0,3,0.896,0.571,0.529,1.0,0.127,0.155,0
168,59,0,3,0.612,0.67,0.56,0.5,0.002,-0.113,0
169,64,1,5,0.949,0.67,0.544,0.5,0.319,0.328,0
170,31,1,12,1.056,0.485,0.925,0.0,0.65,0.356,0
171,58,1,6,0.874,0.585,0.598,1.0,0.298,0.137,0
172,46,0,7,1.007,0.675,0.52,0.0,0.125,0.223,0
173,52,1,3,0.631,0.68,0.485,1.0,-0.132,-0.079,0
174,37,1,5,0.952,0.589,0.602,0.25,-0.056,0.3,0
175,46,1,11,1.066,0.567,0.816,0.0,0.236,0.152,0
176,64,1,5,0.723,0.524,0.673,0.0,0.158,0.065,1
177,67,0,4,0.443,0.571,0.867,0.5,0.396,0.036,0
178,77,1,7,0.978,0.582,0.408,0.0,-0.082,0.333,0
179,68,1,7,1.034,0.484,0.83,0.0,0.456,0.334,0
180,37,0,3,0.851,0.618,0.667,0.5,0.074,0.019,0
181,35,1,4,0.997,0.623,0.391,0.5,0.264,0.5,0
182,63,1,3,0.832,0.744,0.615,0.0,0.126,0.064,0
183,32,1,9,0.773,0.608,0.736,0.5,0.055,0.065,1
184,60,0,12,1.053,0.556,0.953,0.0,0.24,0.417,0
185,40,0,9,0.828,0.491,0.662,0.5,0.012,-0.088,0
186,48,0,9,1.064,0.531,0.825,0.5,0.465,0.392,0
187,76,0,7,0.95,0.459,0.721,0.0,0.364,0.349,1
188,43,0,8,0.706,0.423,0.992,0.0,0.545,-0.216,0
189,56,1,6,0.958,0.547,0.53,0.75,-0.02,0.172,0
190,67,0,8,0.785,0.716,0.706,0.25,0.444,-0.118,0
191,74,1,12,1.022,0.535,0.769,0.75,0.559,0.141,0
192,83,1,8,1.077,0.602,0.337,0.75,0.17,0.493,0
193,32,0,4,0.718,0.67,0.863,0.25,0.199,0.029,0
194,34,1,5,0.958,0.582,0.7,0.25,0.026,0.139,0
195,41,1,12,1.039,0.614,0.608,0.0,0.182,0.304,0
196,70,1,5,0.869,0.708,0.588,0.25,-0.162,0.207,0
197,72,1,4,0.82,0.613,0.493,0.25,0.129,0.068,0
198,32,1,8,0.852,0.466,0.619,0.0,0.132,0.064,0
199,40,0,8,0.974,0.581,0.841,0.5,0.141,0.222,0
200,80,1,4,0.658,0.7,0.592,0.0,0.172,-0.207,0
201,68,0,6,0.824,0.654,0.68,0.5,-0.151,0.052,1
202,40,0,8,0.852,0.576,0.659,0.25,0.205,0.198,0
203,76,0,6,0.787,0.561,0.607,0.5,0.107,0.132,0
204,77,1,8,0.819,0.568,0.944,0.0,0.75,0.061,1
205,31,0,8,0.592,0.57,0.653,0.0,0.095,-0.138,0
206,53,0,4,0.8,0.634,0.856,0.0,0.552,0.091,0
207,54,0,9,0.797,0.475,1.076,0.0,0.704,0.13,0
208,77,1,5,0.721,0.653,0.622,0.0,0.026,-0.065,0
209,55,0,10,0.925,0.633,1.068,0.75,0.794,0.302,0
210,55,1,4,0.733,0.621,0.673,0.75,0.403,0.194,0
211,60,0,6,0.73,0.662,0.49,0.0,0.099,-0.208,0
212,69,0,4,0.659,0.573,0.759,1.0,0.431,0.047,0
213,44,1,10,1.025,0.349,0.78,1.0,0.028,0.416,0
214,60,0,8,1.094,0.703,0.517,0.0,0.025,0.316,0
215,37,0,6,1.041,0.591,0.821,0.0,0.483,0.542,0
216,51,1,10,1.055,0.579,0.658,0.75,0.279,0.329,0
217,32,0,8,1.068,0.519,0.704,0.75,0.133,0.403,0
218,31,1,11,1.1,0.628,0.7,0.5,0.272,0.266,0
219,51,1,5,0.842,0.614,0.794,0.5,0.399,-0.015,0
220,79,0,3,0.899,0.643,0.758,0.0,0.163,0.249,0
221,75,0,11,0.798,0.576,1.005,0.5,0.455,0.138,0
222,45,0,6,1.094,0.697,0.7,0.0,0.003,0.253,0
223,64,1,12,0.999,0.426,0.901,0.0,0.203,0.098,0
224,68,0,6,0.728,0.664,0.778,1.0,-0.041,-0.057,1
225,67,1,4,0.63,0.585,0.369,0.25,-0.153,-0.07,0
226,56,1,7,0.669,0.571,0.777,0.25,0.078,-0.057,0
227,67,0,5,0.812,0.652,0.567,0.25,0.268,0.229,0
228,77,1,11,0.909,0.488,0.768,0.5,0.219,0.408,0
229,76,0,9,1.018,0.608,0.662,0.5,0.247,0.112,0
230,52,0,4,0.615,0.486,0.799,0.25,0.331,-0.008,0
231,75,0,12,1.03,0.54,0.797,0.0,0.21,0.234,0
232,82,0,7,0.809,0.498,0.99,0.0,0.608,0.13,0
233,69,0,6,0.959,0.692,0.561,0.0,-0.048,0.353,0
234,39,1,8,0.773,0.505,0.692,0.75,0.374,0.083,0
235,54,0,10,1.038,0.622,1.045,0.75,0.406,-0.057,1
236,32,0,6,0.7,0.615,0.705,0.25,0.379,-0.158,0
237,79,0,6,0.664,0.634,0.89,1.0,0.377,-0.179,0
238,37,0,7,0.969,0.702,0.489,0.25,0.102,0.226,0
239,72,1,3,0.943,0.721,0.738,0.0,0.38,0.086,0
240,75,0,10,0.958,0.494,0.825,0.75,0.311,0.119,1
241,84,1,9,0.663,0.648,0.68,0.75,0.255,-0.069,1
242,41,1,8,0.639,0.52,0.571,0.0,0.269,0.057,0
243,30,0,4,0.746,0.647,0.712,1.0,0.068,-0.049,0
244,42,0,9,0.88,0.589,0.791,0.0,0.531,0.181,1
245,66,1,9,0.981,0.595,0.67,0.0,0.012,0.28,0
246,50,0,3,0.918,0.574,0.496,0.0,-0.258,0.349,0
247,66,0,9,1.038,0.584,0.727,0.0,0.162,0.318,1
248,72,0,3,0.847,0.609,0.936,0.75,0.071,-0.096,0
249,54,0,8,0.691,0.572,0.639,0.75,0.139,-0.111,0
250,33,1,12,1.057,0.532,0.652,0.25,0.264,0.209,0
251,39,1,10,0.879,0.536,0.792,0.25,0.548,0.155,0
252,52,1,12,1.07,0.656,1.045,0.0,0.766,0.37,0
253,41,1,12,0.865,0.667,0.85,0.0,0.296,0.082,0
254,56,1,10,0.753,0.551,0.826,0.0,0.22,0.035,0
255,57,0,10,0.701,0.675,0.986,0.0,0.628,0.075,0
256,37,1,7,0.7,0.522,0.442,0.0,-0.047,-0.072,0
257,42,0,4,0.907,0.555,0.722,0.25,0.259,0.316,0
258,71,0,4,0.813,0.63,0.596,0.0,0.233,-0.17,0
259,43,0,12,0.895,0.568,0.933,0.5,0.233,0.043,0
260,36,0,12,0.954,0.566,0.889,0.25,0.573,0.342,0
261,54,0,11,0.784,0.498,0.879,0.0,0.556,0.2,1
262,61,0,11,0.923,0.543,0.845,0.25,0.496,0.097,0
263,31,1,5,0.788,0.57,0.61,0.0,-0.006,0.065,0
264,34,1,3,0.821,0.584,0.654,0.5,0.139,-0.028,0
265,32,1,4,0.7,0.502,0.815,0.5,0.433,-0.166,0
266,47,1,3,0.645,0.672,0.63,0.0,0.313,-0.323,0
267,46,0,11,0.825,0.589,0.944,0.5,0.395,0.104,0
268,34,1,4,0.7,0.605,0.335,0.5,-0.365,-0.212,0
269,72,0,12,0.825,0.413,0.886,0.5,0.257,0.128,1
270,75,1,11,1.012,0.573,0.7,1.0,-0.058,0.271,0
271,60,1,4,0.825,0.614,0.748,0.5,0.449,0.028,1
272,61,0,3,0.535,0.626,0.444,0.25,-0.237,-0.298,0
273,38,1,5,0.962,0.652,0.569,1.0,0.015,0.167,0
274,63,1,10,0.88,0.6,0.836,0.25,0.219,0.152,0
275,48,1,10,0.899,0.537,0.756,0.5,0.336,0.111,0
276,34,0,6,0.924,0.638,0.53,0.25,-0.043,0.258,0
277,33,0,5,0.7,0.585,0.736,0.75,0.252,-0.035,0
278,50,0,12,1.09,0.51,0.892,0.0,0.527,0.29,0
279,67,1,12,1.189,0.511,1.09,0.0,1.01,0.476,1
280,65,0,7,0.807,0.663,0.595,0.0,0.21,0.197,0
281,65,1,8,0.813,0.499,0.759,1.0,0.172,-0.029,1
282,68,1,11,1.026,0.569,0.939,0.0,0.239,0.293,0
283,37,1,4,0.662,0.604,0.722,0.75,0.277,-0.04,0
284,41,0,12,0.978,0.692,1.074,0.75,0.483,0.307,1
285,70,0,9,0.784,0.637,0.383,0.25,0.255,-0.001,0
286,41,0,11,0.937,0.569,0.919,0.0,0.676,0.229,0
287,44,0,11,0.794,0.512,0.843,0.0,0.49,0.067,0
288,50,1,11,0.935,0.674,0.898,0.25,0.389,0.159,0
289,69,0,4,0.832,0.664,0.457,0.5,0.081,0.13,0
290,53,0,8,0.991,0.7,0.954,0.0,0.385,0.385,0
291,47,1,12,1.029,0.51,0.893,0.25,0.136,0.327,0
292,78,1,12,0.878,0.531,0.743,0.25,0.093,0.033,0
293,44,0,12,0.967,0.51,0.707,0.0,0.084,0.177,0
294,70,1,3,0.76,0.517,0.719,0.25,-0.006,-0.051,0
295,35,1,5,1.015,0.585,0.52,0.0,0.248,0.404,0
296,62,0,7,0.812,0.549,0.83,0.0,0.077,-0.051,0
297,80,0,6,0.768,0.564,0.489,0.5,-0.224,0.064,0
298,82,1,6,0.881,0.573,0.474,0.25,-0.36,0.017,0
299,66,1,6,0.7,0.397,0.461,0.0,-0.084,0.028,0
300,50,1,12,0.793,0.566,0.867,0.25,0.626,0.002,0
301,54,0,12,0.92,0.511,1.264,0.25,0.944,0.091,0
302,84,0,9,0.757,0.7,0.864,0.0,0.614,0.12,1
303,56,0,12,0.904,0.597,0.944,0.25,0.43,0.204,1
304,75,1,9,0.859,0.588,0.826,0.0,0.286,0.025,0
305,78,0,12,1.027,0.625,0.852,0.5,0.312,0.334,0
306,38,1,5,0.873,0.608,0.75,0.0,0.174,0.029,0
307,72,0,5,0.844,0.528,0.646,0.25,0.241,-0.033,0
308,59,0,12,0.901,0.687,0.809,0.25,0.337,0.108,0
309,77,1,9,0.919,0.688,0.749,0.0,0.237,-0.019,1
310,32,0,8,0.736,0.667,0.689,0.75,0.296,-0.009,0
311,82,0,3,0.7,0.646,0.757,0.0,0.319,-0.249,0
312,63,0,10,0.904,0.552,0.954,1.0,0.564,0.118,0
313,81,0,10,0.839,0.592,0.971,0.5,0.269,0.143,0
314,37,1,5,0.926,0.448,0.962,0.75,0.314,0.033,1
315,68,0,6,0.742,0.71,0.755,0.25,0.241,0.15,0
316,44,1,12,1.043,0.643,0.617,0.75,-0.148,0.192,0
317,44,1,12,0.86,0.512,0.558,0.75,-0.089,0.206,0
318,44,1,12,1.053,0.403,0.561,0.75,0.228,0.318,0
319,83,1,5,0.724,0.7,0.682,0.0,0.365,-0.04,0
320,45,0,9,0.98,0.681,0.689,0.0,0.025,0.362,0
321,84,1,9,0.794,0.681,0.746,0.0,0.497,0.062,1
322,79,0,12,0.99,0.502,0.74,0.0,0.04,0.101,0
323,32,0,6,1.087,0.609,0.545,0.0,0.072,0.289,0
324,37,0,7,0.934,0.638,0.383,1.0,-0.213,0.22,0
325,79,1,8,1.045,0.597,0.687,0.0,0.388,0.262,0
326,56,1,9,0.866,0.528,0.502,1.0,0.15,0.067,0
327,70,0,6,0.861,0.511,0.52,0.0,-0.199,0.198,0
328,43,0,5,0.596,0.621,0.866,0.0,0.325,-0.376,0
329,33,0,4,0.822,0.58,0.309,0.0,-0.072,0.04,0
330,32,1,7,1.047,0.611,0.684,0.25,0.43,0.277,0
331,31,1,5,0.705,0.687,0.786,0.0,0.507,0.005,1
332,83,1,10,0.979,0.542,1.248,0.0,1.018,0.204,0
333,82,1,8,0.859,0.552,0.867,1.0,0.387,0.209,0
334,59,1,9,0.965,0.573,0.96,0.0,0.518,0.035,0
335,61,0,10,1.063,0.632,0.749,0.5,0.049,0.248,0
336,37,1,7,0.711,0.703,0.545,0.0,-0.098,-0.071,0
337,46,1,4,0.767,0.632,0.523,1.0,-0.092,-0.0,0
338,50,1,12,1.025,0.462,0.906,0.25,0.58,0.275,0
339,41,1,11,0.879,0.702,0.771,0.0,0.202,0.26,0
340,40,1,3,0.491,0.594,0.748,0.0,0.179,-0.304,1
341,47,0,5,0.987,0.549,0.261,0.75,-0.267,0.118,0
342,37,1,11,0.884,0.535,1.02,0.75,0.75,0.209,0
343,72,0,12,0.87,0.617,0.748,0.0,0.8,0.354,0
344,66,0,5,0.896,0.576,0.757,1.0,0.291,0.192,1
345,52,1,12,1.001,0.517,0.983,0.25,0.453,0.332,0
346,56,1,9,0.708,0.405,0.873,0.0,0.362,-0.095,0
347,65,1,7,0.582,0.501,0.511,0.0,-0.093,-0.271,0
348,67,1,6,0.708,0.698,0.756,1.0,0.216,-0.029,0
349,74,1,5,0.926,0.649,0.642,1.0,-0.004,0.488,0
350,50,1,6,0.829,0.583,0.931,0.25,0.513,0.083,0
351,68,0,8,0.776,0.674,0.751,0.0,0.252,-0.044,0
352,73,0,10,1.033,0.628,1.124,0.0,0.732,0.365,1
353,41,0,3,0.692,0.645,0.764,1.0,0.043,0.137,0
354,40,0,11,1.063,0.622,0.927,0.0,0.413,0.16,0
355,51,0,9,0.7,0.72,0.626,0.0,0.415,-0.11,0
356,78,0,7,0.614,0.439,0.508,0.0,0.064,-0.306,0
357,63,0,9,0.94,0.538,0.7,0.0,0.151,0.266,1
358,82,0,6,1.025,0.486,0.651,0.25,-0.06,0.531,0
359,66,1,4,0.771,0.725,0.575,0.25,-0.115,0.041,0
360,65,0,5,0.706,0.685,0.651,0.0,0.457,-0.117,0
361,45,1,7,0.806,0.6,0.687,0.0,0.144,0.061,1
362,73,0,11,0.882,0.622,1.118,0.0,0.545,0.268,1
363,61,0,10,1.048,0.637,0.729,0.0,0.572,0.461,0
364,51,1,3,0.651,0.525,0.563,0.25,0.062,-0.236,0
365,84,1,3,0.759,0.557,0.616,0.75,0.374,0.004,0
366,49,1,8,0.666,0.46,0.709,0.25,0.169,-0.036,0
367,31,1,11,1.056,0.503,0.777,0.0,0.151,0.394,0
368,69,1,10,0.79,0.436,0.728,0.0,0.266,0.086,0
369,38,0,7,0.794,0.527,0.678,0.25,0.058,0.094,0
370,48,0,10,1.059,0.513,1.164,0.5,0.844,0.442,0
371,53,0,10,0.731,0.543,0.704,0.25,0.163,-0.152,0
372,73,0,8,1.039,0.584,0.783,1.0,0.281,0.263,0
373,62,0,3,0.883,0.7,0.746,0.0,0.224,0.158,0
374,43,1,10,0.702,0.417,1.079,1.0,0.527,-0.009,0
375,31,1,6,0.865,0.776,0.565,1.0,0.02,0.339,0
376,43,0,6,0.7,0.496,0.592,0.0,0.091,-0.07,0
377,79,0,11,0.764,0.567,0.954,0.5,0.385,0.125,1
378,84,0,8,1.023,0.481,0.749,0.0,0.429,0.092,0
379,45,1,10,0.878,0.651,1.025,0.0,0.574,0.284,0
380,44,1,3,0.693,0.716,0.669,0.75,0.43,-0.132,1
381,49,1,7,0.795,0.644,0.688,0.0,-0.063,-0.07,1
382,59,1,12,1.181,0.541,0.911,0.25,0.549,0.481,1
383,30,1,8,0.829,0.753,0.819,0.0,0.211,0.05,0
384,68,0,12,1.022,0.572,0.88,0.5,0.509,0.461,0
385,42,0,7,0.751,0.509,0.97,0.0,0.552,0.116,0
386,82,1,5,0.684,0.719,0.625,0.0,0.265,-0.038,0
387,48,1,5,0.963,0.657,0.759,0.0,0.166,0.479,0
388,30,0,3,0.829,0.651,0.231,0.25,-0.01,0.336,0
389,49,1,3,0.831,0.591,0.619,0.0,-0.078,0.134,0
390,68,0,11,0.941,0.341,0.899,0.5,0.697,0.067,0
391,56,1,3,0.578,0.648,0.495,0.25,-0.169,-0.074,0
392,56,1,7,0.945,0.542,0.515,1.0,0.001,-0.014,0
393,40,1,6,0.924,0.559,0.56,0.0,0.033,0.14,0
394,63,1,4,0.881,0.686,0.473,0.5,-0.126,0.036,0
395,37,1,7,0.928,0.63,0.505,0.0,0.283,0.058,0
396,80,0,9,0.977,0.627,0.921,0.0,0.548,0.4,0
397,70,1,8,0.932,0.571,0.688,0.0,-0.043,0.091,0
398,48,0,12,1.035,0.398,0.969,0.25,0.466,0.217,0
399,45,1,12,1.056,0.487,0.958,1.0,0.522,0.242,1
400,65,1,4,0.805,0.7,0.516,0.25,-0.011,-0.033,0
401,34,1,3,0.732,0.692,0.54,0.25,0.007,-0.239,0
402,54,1,9,0.865,0.618,0.874,0.25,0.389,0.182,1
403,74,0,7,0.786,0.728,0.965,0.0,0.739,0.098,0
404,45,1,10,0.98,0.656,0.748,1.0,0.779,0.189,0
405,50,0,5,0.858,0.546,0.776,0.5,0.019,0.158,0
406,48,0,10,0.93,0.7,0.835,0.0,0.311,0.334,0
407,75,0,3,0.846,0.655,0.7,0.5,0.515,0.136,0
408,36,1,12,0.799,0.382,1.123,0.25,0.365,-0.085,0
409,80,0,8,0.957,0.465,0.837,0.0,0.407,-0.09,0
410,72,1,12,0.91,0.472,1.096,0.0,0.549,0.21,1
411,66,1,12,0.595,0.58,0.99,0.0,0.623,-0.202,0
412,76,0,5,1.142,0.745,1.099,0.0,0.68,0.182,0
413,49,0,4,0.953,0.684,0.435,0.0,0.131,0.259,0
414,75,1,5,0.986,0.529,0.81,0.0,0.451,-0.047,0
415,49,0,11,1.214,0.533,1.014,0.0,0.866,0.221,0
416,62,1,4,0.707,0.775,0.631,0.0,0.139,-0.139,0
417,32,0,6,0.999,0.596,0.424,0.5,-0.14,0.196,0
418,33,0,7,0.909,0.699,1.089,0.0,0.539,0.081,0
419,83,1,4,0.875,0.59,0.968,0.0,0.691,0.215,0
420,63,1,4,1.055,0.653,0.654,0.5,0.101,0.34,1
421,75,1,4,0.806,0.562,0.625,0.75,0.183,0.093,0
422,36,1,7,0.875,0.575,0.769,0.0,0.547,0.026,0
423,72,0,6,1.045,0.594,0.745,0.0,0.013,0.345,0
424,74,1,10,1.028,0.604,0.663,0.0,0.196,0.267,0
425,74,1,10,0.803,0.511,0.721,0.0,0.442,0.135,0
426,69,1,10,0.965,0.445,0.863,0.0,0.515,0.039,1
427,48,0,8,0.82,0.553,0.7,0.75,0.16,-0.087,0
428,79,1,8,0.811,0.596,0.627,0.25,0.254,0.186,1
429,78,1,6,0.847,0.59,0.92,0.75,0.437,-0.235,0
430,40,1,6,1.014,0.7,0.618,0.0,0.246,0.417,0
431,57,0,11,0.962,0.654,0.657,0.0,0.223,0.246,1
432,59,1,12,1.111,0.465,0.928,0.75,0.605,0.237,0
433,33,0,8,0.78,0.7,0.919,0.25,0.432,0.193,0
434,83,1,8,0.986,0.636,0.543,0.0,0.363,0.421,1
435,71,0,6,0.847,0.545,0.728,0.0,0.385,0.072,0
436,40,0,5,1.026,0.605,0.598,0.0,-0.007,0.321,0
437,61,1,11,1.116,0.435,0.716,1.0,0.016,0.266,0
438,35,1,5,0.587,0.723,0.778,1.0,0.14,-0.273,0
439,62,0,7,0.798,0.744,0.677,0.75,0.045,0.063,0
440,54,1,7,0.906,0.693,0.92,0.0,0.3,0.129,1
441,61,0,3,1.026,0.588,0.512,0.5,-0.023,0.235,0
442,48,0,12,0.986,0.576,0.993,0.0,0.277,0.245,0
443,36,1,7,1.061,0.759,0.787,0.25,0.391,0.282,0
444,64,1,7,0.969,0.542,0.644,1.0,0.316,0.166,1
445,42,1,4,0.694,0.682,0.923,0.0,0.45,-0.084,1
446,78,0,5,0.855,0.462,0.868,1.0,0.359,0.047,0
447,52,0,9,0.642,0.671,1.044,0.0,0.386,-0.153,0
448,30,0,5,0.771,0.634,0.983,0.0,0.459,-0.056,0
449,52,0,7,0.815,0.44,0.997,0.25,0.297,0.066,0
450,70,0,6,0.899,0.606,0.64,0.5,0.151,0.004,0
451,56,0,7,0.852,0.55,0.778,1.0,0.396,0.213,1
452,79,0,4,0.713,0.553,0.7,0.5,0.198,-0.006,0
453,53,0,7,1.047,0.579,0.7,0.0,0.0,0.089,0
454,51,0,5,0.816,0.724,0.608,1.0,0.437,0.181,0
455,49,0,11,0.972,0.597,0.734,0.0,0.268,0.242,0
456,34,0,10,1.016,0.616,0.761,0.75,0.327,0.275,0
457,44,1,3,0.766,0.59,0.577,0.0,0.21,0.162,0
458,78,1,4,1.013,0.592,0.317,0.0,-0.134,0.211,0
459,55,0,3,0.923,0.598,0.7,0.0,0.123,0.092,0
460,67,0,11,1.136,0.354,0.745,0.0,0.169,0.374,1
461,30,0,12,0.868,0.591,1.3,0.0,0.747,0.227,0
462,51,0,12,0.925,0.485,0.965,1.0,0.807,0.03,0
463,44,1,8,1.015,0.7,0.925,1.0,0.188,0.286,0
464,48,1,6,0.91,0.647,0.57,0.0,-0.184,0.157,0
465,35,1,12,1.066,0.7,0.953,0.0,0.446,0.471,0
466,40,0,9,0.835,0.608,0.752,0.5,0.291,0.096,0
467,45,1,10,0.851,0.594,0.907,0.0,0.365,0.068,0
468,37,1,10,0.906,0.615,0.866,0.0,0.362,-0.044,0
469,59,1,12,0.966,0.465,0.908,0.75,0.633,0.384,0
470,64,0,8,0.767,0.496,0.83,0.0,0.221,-0.039,0
471,80,1,10,0.829,0.565,0.679,0.0,0.334,0.15,0
472,35,0,12,0.99,0.56,0.992,0.0,0.539,0.184,1
473,67,1,7,0.918,0.556,0.942,0.25,0.486,0.105,1
474,54,0,5,0.789,0.612,0.416,0.0,0.093,-0.02,0
475,80,0,8,0.866,0.609,0.696,0.0,0.301,-0.014,0
476,74,0,11,0.798,0.561,1.093,0.0,0.567,0.098,0
477,48,1,10,0.968,0.52,0.744,0.75,-0.055,0.341,0
478,38,1,4,0.863,0.712,0.669,0.0,0.007,-0.036,0
479,59,1,8,0.975,0.429,0.914,0.0,0.525,0.125,1
480,30,0,5,0.697,0.643,0.515,0.25,-0.165,-0.223,0
481,36,1,4,0.586,0.542,0.466,0.75,0.247,0.008,0
482,46,1,11,0.965,0.55,0.611,0.5,0.33,0.147,0
483,60,1,4,0.603,0.63,0.478,0.0,0.347,-0.328,0
484,68,0,9,0.731,0.491,0.58,0.5,0.286,-0.03,0
485,50,0,3,0.961,0.535,0.325,0.0,-0.359,0.252,0
486,56,1,11,0.938,0.492,0.936,0.5,0.556,0.224,1
487,81,1,11,0.914,0.511,0.7,0.0,0.444,0.121,0
488,42,1,8,0.908,0.575,0.573,0.0,-0.027,-0.046,0
489,30,1,5,0.703,0.649,0.951,0.0,0.229,0.083,0
490,77,1,9,0.972,0.533,0.843,0.5,0.385,0.198,0
491,33,1,8,0.789,0.627,1.01,0.5,0.447,0.117,1
492,84,1,4,0.859,0.394,0.46,0.75,-0.221,0.063,0
493,32,1,7,0.755,0.649,0.671,0.0,0.329,-0.079,0
494,35,1,7,0.7,0.574,0.765,0.5,0.591,0.021,0
495,73,0,4,0.752,0.675,0.503,0.0,0.176,0.028,0
496,33,1,8,0.831,0.577,0.944,0.0,0.798,0.122,0
497,77,1,9,0.918,0.562,1.145,0.0,0.45,0.143,1
498,70,1,3,0.897,0.651,0.734,0.25,0.322,0.263,0
499,65,1,10,0.918,0.591,0.712,0.25,-0.001,0.064,0
500,32,1,4,0.877,0.634,0.522,0.0,0.36,0.125,0
501,46,0,6,0.405,0.5,0.947,0.0,0.424,-0.315,0
502,36,0,7,1.103,0.614,0.756,0.5,0.214,0.587,0
503,41,0,10,0.935,0.501,0.808,0.0,0.424,0.234,0
504,57,1,6,0.839,0.604,0.548,0.25,0.142,0.212,0
505,73,0,6,0.879,0.719,0.7,0.0,0.0,0.334,1
506,63,1,5,0.739,0.528,0.543,0.0,0.18,0.167,0
507,77,0,5,0.92,0.708,0.7,0.25,0.237,0.063,0
508,45,1,7,0.906,0.617,0.692,0.0,0.144,0.476,1
509,54,1,3,0.833,0.432,0.337,0.0,0.047,0.026,0
510,78,1,5,0.83,0.607,0.601,0.0,0.172,0.074,0
511,38,0,5,0.722,0.459,0.537,0.0,0.199,0.011,0
512,39,0,12,0.946,0.571,0.791,0.0,0.605,0.369,1
513,34,1,11,0.99,0.618,0.869,0.0,0.342,0.37,1
514,81,0,10,1.112,0.535,0.82,0.0,0.703,0.325,0
515,84,1,8,0.913,0.7,0.903,0.5,0.29,0.062,0
516,33,1,4,0.737,0.615,0.57,0.0,-0.131,-0.181,0
517,41,0,3,0.753,0.645,0.801,0.75,0.164,-0.027,1
518,60,1,10,0.824,0.547,0.7,1.0,0.172,0.182,1
519,61,1,9,1.118,0.565,0.822,0.0,0.402,0.517,0
520,77,0,7,0.718,0.619,1.0,0.0,0.624,-0.052,0
521,49,0,12,0.976,0.643,0.872,0.25,0.301,0.22,0
522,38,1,7,1.032,0.648,0.869,0.25,0.348,0.114,0
523,71,0,9,0.915,0.53,1.098,0.0,0.613,0.127,0
524,49,1,4,0.846,0.669,0.587,0.0,0.148,0.002,0
525,82,1,3,0.736,0.625,0.7,0.25,0.006,-0.04,0
526,75,1,8,0.948,0.586,0.653,0.0,0.043,0.16,0
527,82,1,6,0.928,0.608,0.524,0.0,-0.114,0.04,0
528,60,0,7,0.772,0.569,0.648,0.5,0.215,0.173,0
529,84,0,7,0.505,0.581,0.755,0.0,0.034,-0.417,0
530,47,1,5,0.943,0.666,0.765,0.75,0.048,0.238,1
531,66,0,8,1.013,0.572,0.879,0.5,0.385,0.298,0
532,71,0,11,0.798,0.585,0.792,0.0,0.372,0.042,0
533,36,0,8,0.928,0.5,0.656,0.0,-0.064,0.255,0
534,61,1,6,0.924,0.643,0.655,0.0,-0.069,0.077,1
535,60,0,5,0.766,0.665,0.55,0.5,0.029,-0.104,0
536,38,0,11,0.829,0.46,0.908,0.0,0.434,0.063,0
537,81,1,12,0.871,0.56,1.175,0.0,0.733,0.255,0
538,80,0,12,0.958,0.586,0.807,0.0,0.609,0.113,0
539,69,1,5,0.7,0.553,0.362,0.75,-0.042,-0.057,0
540,79,1,8,1.012,0.444,0.948,0.0,0.616,0.167,0
541,81,0,10,0.859,0.578,1.034,0.0,0.58,-0.053,0
542,50,1,11,0.983,0.61,0.961,0.0,0.382,0.066,0
543,72,1,4,0.645,0.547,0.828,1.0,0.128,-0.211,1
544,50,1,4,0.492,0.526,0.82,1.0,0.43,-0.069,0
545,30,1,6,0.859,0.613,1.019,0.0,0.417,0.029,0
546,39,1,4,0.682,0.574,0.993,1.0,0.293,0.116,0
547,74,1,8,1.006,0.599,1.161,0.25,0.618,0.351,0
548,43,1,5,0.902,0.697,0.348,1.0,-0.173,0.05,0
549,36,1,8,0.855,0.467,0.796,0.0,0.143,-0.049,1
550,66,1,10,0.944,0.44,0.719,0.0,0.111,0.195,0
551,83,1,10,0.914,0.563,1.152,0.0,0.452,0.284,0
552,71,0,10,0.721,0.609,0.883,0.0,0.287,0.072,0
553,41,0,12,1.069,0.662,0.878,1.0,0.27,0.17,0
554,66,1,11,1.137,0.556,0.817,0.0,0.49,0.32,0
555,49,0,9,0.909,0.525,0.868,0.75,0.117,0.101,0
556,71,1,12,0.861,0.534,0.908,0.0,0.485,0.091,0
557,41,1,12,0.984,0.617,0.982,0.5,0.49,0.255,0
558,50,0,7,0.799,0.584,0.654,0.0,0.362,-0.059,0
559,77,1,10,0.966,0.593,0.99,0.5,0.721,0.245,0
560,51,0,8,0.791,0.51,0.885,0.0,0.517,0.062,0
561,58,1,4,0.955,0.736,0.696,0.0,0.064,0.569,0
562,40,0,6,1.029,0.519,0.565,0.25,-0.011,0.212,0
563,58,1,5,0.886,0.446,0.763,0.0,0.31,0.186,0
564,78,1,11,1.019,0.595,0.742,0.0,0.108,0.36,0
565,83,1,7,0.756,0.551,0.582,0.25,0.146,0.159,0
566,33,1,7,0.917,0.562,0.918,0.5,0.646,0.42,1
567,49,1,3,0.771,0.662,0.431,0.0,-0.411,-0.029,0
568,40,1,6,0.826,0.621,0.742,0.5,0.252,0.126,1
569,64,1,8,1.026,0.602,0.63,0.5,0.3,0.339,0
570,70,0,3,0.786,0.547,0.556,0.5,0.197,-0.011,0
571,72,0,6,0.791,0.492,0.619,0.0,0.097,0.019,0
572,73,0,9,0.886,0.658,1.046,0.0,0.572,0.052,0
573,42,0,3,0.674,0.629,0.548,0.5,-0.097,-0.241,0
574,60,0,3,0.72,0.591,0.578,0.0,0.225,-0.138,0
575,41,1,9,0.704,0.611,0.688,0.5,0.237,-0.222,0
576,42,0,3,0.825,0.552,0.428,1.0,-0.078,0.209,0
577,79,1,4,0.508,0.536,0.737,0.5,0.22,-0.257,0
578,70,0,6,0.818,0.583,0.55,0.0,0.242,0.053,0
579,70,0,10,0.902,0.398,0.888,0.0,0.571,0.141,0
580,46,0,11,0.954,0.496,0.651,0.25,0.34,0.074,0
581,49,1,4,0.892,0.557,0.481,0.0,0.109,0.041,0
582,83,1,3,1.037,0.481,0.463,0.25,-0.005,0.084,0
583,53,1,4,0.837,0.57,0.622,0.25,0.201,0.08,0
584,70,0,11,0.887,0.598,0.697,1.0,0.365,0.073,0
585,45,1,6,0.713,0.605,0.475,0.0,0.22,0.002,0
586,70,1,10,0.601,0.458,0.985,0.5,0.223,-0.115,0
587,49,0,8,0.673,0.55,0.583,0.75,0.053,-0.047,0
588,75,0,9,0.814,0.617,0.866,0.0,0.356,0.097,1
589,64,0,12,1.053,0.585,0.986,0.0,0.356,0.45,1
590,64,0,7,0.972,0.492,0.856,0.5,0.373,0.333,0
591,81,1,5,0.764,0.549,0.623,1.0,0.197,-0.293,0
592,36,1,11,0.931,0.619,0.832,0.25,0.664,0.27,0
593,34,0,5,0.804,0.627,0.526,0.0,0.224,0.184,0
594,35,1,8,0.985,0.699,0.624,1.0,0.207,0.269,0
595,38,0,11,0.97,0.454,0.82,0.0,0.455,0.155,0
596,67,0,11,0.906,0.545,0.849,0.0,0.416,0.119,0
597,82,1,12,0.724,0.469,0.84,0.0,0.245,0.164,0
598,46,1,4,0.809,0.471,0.522,0.5,0.17,0.144,0
599,77,0,7,0.92,0.617,0.723,0.25,0.302,0.138,1
600,36,0,8,0.907,0.509,0.792,1.0,0.124,0.202,1
601,68,1,3,0.697,0.608,0.531,0.0,0.049,0.101,0
602,75,0,12,0.792,0.674,1.297,1.0,1.194,0.077,0
603,54,0,3,0.686,0.566,0.564,0.0,0.346,-0.131,0
604,33,1,3,0.81,0.504,0.278,0.0,-0.31,0.166,0
605,84,0,11,0.956,0.53,0.934,0.0,0.328,0.168,0
606,76,1,9,0.915,0.57,0.841,0.75,0.526,0.196,1
607,53,0,12,0.941,0.605,0.959,0.0,0.565,0.156,1
608,77,0,3,0.866,0.631,0.375,0.25,0.151,0.251,0
609,69,1,8,1.082,0.597,0.885,0.0,0.306,0.293,1
610,82,1,7,0.818,0.582,0.888,0.0,0.636,0.147,0
611,50,1,4,0.7,0.586,0.431,0.5,-0.056,-0.181,0
612,48,0,6,0.779,0.621,0.605,0.0,0.246,-0.029,0
613,58,0,7,0.905,0.598,0.784,0.75,0.619,0.205,0
614,45,1,8,0.966,0.649,1.055,0.0,0.865,0.153,0
615,33,0,9,1.103,0.462,0.634,0.0,-0.066,0.244,0
616,33,1,6,0.808,0.578,0.519,0.0,-0.15,0.035,0
617,71,0,9,0.916,0.47,0.597,0.5,-0.151,0.278,0
618,35,0,4,0.721,0.587,0.741,0.0,0.489,-0.09,0
619,38,0,5,0.772,0.549,0.905,0.0,0.348,0.186,0
620,77,0,3,0.769,0.678,0.754,0.0,0.492,0.066,0
621,30,0,11,0.784,0.634,0.913,0.25,0.565,0.01,0
622,76,1,4,0.883,0.7,0.577,0.75,0.297,0.234,1
623,60,1,7,0.984,0.52,0.941,0.0,-0.032,0.086,0
624,63,0,11,0.757,0.549,0.911,0.0,0.337,0.104,0
625,36,1,9,0.786,0.577,0.742,0.25,0.324,-0.037,0
626,44,0,12,0.998,0.486,1.022,0.0,0.618,0.101,0
627,81,1,8,0.98,0.479,0.696,0.0,0.14,0.047,0
628,35,1,3,0.959,0.649,0.632,0.0,0.06,0.247,0
629,58,0,8,0.932,0.656,1.129,0.0,0.507,0.16,0
630,32,0,4,1.017,0.537,0.7,0.0,0.65,0.281,0
631,66,1,6,0.979,0.451,0.601,0.0,-0.074,0.172,0
632,83,0,8,0.741,0.676,0.747,0.25,0.46,0.369,1
633,76,0,4,0.89,0.713,0.349,0.75,-0.347,-0.013,0
634,49,0,12,1.029,0.597,1.082,0.5,0.702,0.302,0
635,83,0,4,0.737,0.561,0.724,1.0,0.486,-0.156,0
636,44,0,6,0.802,0.554,0.715,0.0,0.209,-0.017,1
637,63,0,11,0.949,0.593,1.114,0.0,0.63,0.117,0
638,67,0,8,0.934,0.422,0.963,0.0,0.462,0.211,0
639,47,1,6,1.065,0.609,0.734,0.75,0.034,0.171,0
640,58,0,8,0.663,0.662,0.667,0.0,0.057,0.021,0
641,52,0,7,0.816,0.529,0.736,0.0,0.148,-0.138,0
642,54,0,10,0.924,0.527,0.668,0.75,0.364,0.162,0
643,50,0,10,0.761,0.653,0.721,0.25,0.035,-0.004,0
644,40,0,3,0.831,0.573,0.259,0.0,-0.46,-0.026,0
645,48,0,4,0.597,0.481,0.68,0.75,0.514,-0.125,1
646,43,0,6,0.978,0.702,0.997,0.25,0.508,0.269,1
647,65,0,12,1.017,0.392,0.7,0.0,0.281,0.174,0
648,53,0,3,0.794,0.55,0.828,0.0,0.277,0.179,0
649,55,1,9,1.013,0.547,1.06,0.0,0.48,0.245,0
650,72,0,6,1.081,0.476,0.613,0.0,-0.035,0.262,0
651,79,1,3,0.68,0.678,0.7,1.0,0.0,-0.168,0
652,73,0,8,0.858,0.626,0.678,0.5,-0.022,0.027,1
653,50,1,9,0.747,0.471,0.566,0.75,0.056,0.098,0
654,84,0,4,0.813,0.692,0.42,1.0,-0.132,0.056,0
655,74,0,3,1.035,0.647,0.376,0.0,-0.261,0.082,0
656,68,1,10,0.909,0.542,0.838,0.0,0.197,0.189,0
657,45,1,9,0.984,0.476,1.005,0.0,0.651,0.159,0
658,80,1,3,0.897,0.49,0.678,0.0,0.366,0.108,0
659,35,1,6,0.999,0.517,0.887,0.0,0.548,0.469,0
660,74,1,10,0.888,0.584,0.591,0.75,0.257,0.142,0
661,31,1,11,0.952,0.586,1.045,0.0,0.709,0.162,1
662,41,0,12,0.783,0.524,0.656,0.0,0.281,-0.146,0
663,73,0,3,0.795,0.55,0.645,0.75,0.286,-0.127,0
664,81,1,8,0.877,0.519,0.477,0.0,0.08,-0.073,0
665,72,1,10,1.019,0.561,0.953,1.0,0.486,0.073,0
666,66,0,4,0.498,0.497,0.7,0.0,0.382,-0.123,0
667,49,1,11,0.85,0.405,0.813,1.0,0.473,0.172,0
668,69,1,7,0.857,0.545,0.7,0.25,0.38,0.144,0
669,55,0,4,0.755,0.7,0.75,0.0,0.2,0.149,0
670,66,0,6,0.781,0.521,0.634,0.5,0.045,0.044,0
671,39,1,3,0.765,0.499,0.549,1.0,-0.083,0.058,0
672,45,1,4,0.736,0.711,0.793,0.5,0.215,-0.007,0
673,84,0,12,0.822,0.389,1.0,0.5,0.848,0.219,1
674,52,0,5,0.761,0.589,0.253,0.5,-0.069,0.055,0
675,61,0,4,0.821,0.646,0.619,1.0,0.254,0.223,0
676,81,1,12,0.95,0.548,0.822,0.0,0.462,0.278,1
677,77,1,12,0.935,0.449,0.704,0.0,0.596,0.183,0
678,72,0,7,1.005,0.636,0.87,0.5,0.048,0.204,0
679,62,0,12,0.937,0.509,0.982,0.0,0.27,-0.066,0
680,50,1,7,0.929,0.631,0.426,0.0,0.052,0.082,0
681,62,1,10,0.917,0.46,0.734,0.25,0.226,0.112,0
682,72,0,6,0.736,0.653,0.7,0.0,0.034,-0.36,0
683,56,1,10,1.06,0.602,0.588,0.0,0.049,0.183,0
684,62,1,4,0.887,0.681,0.482,0.25,-0.003,0.142,0
685,84,0,8,1.086,0.557,1.051,0.5,0.483,0.416,1
686,64,0,11,0.919,0.436,0.925,0.0,0.225,0.259,1
687,71,0,12,1.111,0.554,1.089,0.0,0.448,0.501,0
688,53,0,6,0.894,0.705,0.754,1.0,0.429,0.205,0
689,60,0,4,0.788,0.643,0.558,0.0,0.136,-0.206,0
690,75,0,11,1.098,0.565,1.055,0.25,0.719,0.272,1
691,59,0,11,0.837,0.487,0.368,0.0,-0.039,0.108,0
692,50,1,3,0.794,0.432,0.413,0.0,-0.136,0.094,0
693,31,1,8,1.155,0.604,1.127,0.75,0.868,0.493,0
694,34,0,12,0.856,0.562,0.796,0.5,0.268,0.054,0
695,62,1,5,0.847,0.453,0.453,0.0,-0.001,0.147,0
696,63,1,11,1.085,0.586,0.944,0.75,0.653,0.465,0
697,59,1,6,0.966,0.634,0.505,0.0,-0.103,0.215,0
698,60,0,8,1.024,0.595,0.598,0.5,0.261,0.201,0
699,32,0,5,0.712,0.546,0.389,1.0,-0.067,0.009,0
700,64,0,7,0.785,0.529,0.788,0.0,0.041,0.304,0
701,76,1,10,0.871,0.481,1.143,0.25,0.954,0.333,1
702,68,1,5,0.739,0.432,0.334,0.0,-0.11,0.029,1
703,56,0,12,1.096,0.505,1.019,0.0,0.344,0.472,0
704,75,1,7,0.899,0.58,0.873,0.0,0.423,0.334,0
705,81,0,10,1.06,0.489,0.977,0.5,0.49,0.475,1
706,62,0,6,0.923,0.531,0.446,0.0,-0.028,0.022,0
707,51,1,7,0.836,0.641,0.369,1.0,0.191,0.06,0
708,49,1,11,1.114,0.572,0.779,0.5,0.395,0.247,1
709,82,0,4,0.689,0.613,0.354,1.0,-0.286,0.049,0
710,80,1,9,0.944,0.7,0.788,0.75,0.414,0.094,0
711,81,0,10,0.865,0.478,1.021,1.0,0.566,0.261,1
712,82,1,11,1.031,0.505,0.525,0.0,-0.167,0.231,0
713,74,0,7,0.718,0.7,0.688,0.0,0.274,0.038,1
714,35,1,7,0.878,0.76,0.407,0.0,0.019,0.242,0
715,32,1,8,0.862,0.614,0.586,0.0,0.42,0.004,0
716,35,1,6,0.729,0.603,0.67,0.0,0.195,-0.006,0
717,36,1,12,1.004,0.598,0.761,1.0,-0.111,0.369,0
718,57,1,8,0.7,0.69,0.678,0.5,0.338,-0.144,0
719,38,0,9,0.91,0.545,0.395,0.0,0.003,0.292,0
720,50,1,7,0.984,0.513,0.734,0.5,0.381,0.254,0
721,60,1,3,0.752,0.617,0.659,0.0,0.033,0.111,0
722,33,0,10,0.7,0.611,0.946,0.0,0.349,-0.08,0
723,74,0,6,0.6,0.472,0.871,0.5,0.564,0.005,0
724,49,0,8,0.814,0.599,0.675,0.0,0.086,0.0,0
725,71,0,6,0.818,0.673,0.717,0.0,0.057,0.092,1
726,64,1,10,1.151,0.47,0.702,0.75,0.002,0.322,0
727,46,1,8,0.825,0.534,0.865,0.0,0.263,-0.082,0
728,69,1,4,0.839,0.7,0.739,0.0,0.039,0.193,0
729,84,1,4,0.934,0.661,0.8,0.25,0.279,0.387,0
730,51,0,4,0.821,0.613,0.576,1.0,0.196,-0.001,0
731,84,0,6,0.871,0.515,0.898,0.0,0.467,0.169,0
732,59,1,7,0.668,0.643,0.659,0.25,0.032,-0.146,0
733,84,0,4,0.992,0.606,0.612,1.0,0.122,0.125,0
734,80,1,4,0.769,0.544,0.58,0.75,-0.065,-0.058,0
735,63,0,4,0.601,0.696,0.751,0.25,0.24,-0.402,1
736,72,0,9,1.019,0.581,0.809,0.0,0.283,0.255,0
737,58,0,5,0.788,0.614,1.047,0.25,0.534,0.077,0
738,57,0,7,0.854,0.542,0.768,1.0,0.491,0.198,0
739,73,1,5,0.909,0.58,0.484,0.0,0.046,0.266,1
740,39,0,6,0.984,0.583,0.457,0.0,-0.243,0.166,0
741,45,1,7,0.909,0.591,0.309,0.0,-0.13,0.257,0
742,83,0,8,1.078,0.7,0.82,0.0,0.332,0.338,0
743,32,1,3,0.531,0.676,0.65,0.0,0.225,-0.043,0
744,66,0,5,0.877,0.667,0.531,0.75,0.241,0.155,0
745,55,0,11,1.005,0.63,1.072,0.25,0.741,0.307,0
746,43,1,5,0.997,0.553,0.391,0.0,-0.114,0.297,0
747,67,0,10,1.048,0.605,0.979,0.0,0.552,0.135,0
748,57,1,6,0.762,0.502,0.8,0.25,0.296,0.083,1
749,32,0,4,0.743,0.682,0.496,0.0,0.228,0.079,0
750,45,0,9,0.933,0.574,0.857,0.0,0.157,0.024,0
751,38,0,3,1.003,0.644,0.53,1.0,-0.004,0.158,0
752,43,0,8,0.867,0.706,0.898,0.5,0.293,0.083,0
753,48,0,7,1.007,0.524,0.82,0.0,0.254,0.096,0
754,73,1,5,0.845,0.598,0.664,0.75,0.172,0.228,0
755,65,0,7,1.1,0.543,0.786,1.0,0.462,0.135,0
756,38,0,10,0.928,0.494,0.592,0.0,-0.062,0.028,0
757,58,0,7,0.854,0.635,0.759,0.25,0.305,0.085,0
758,81,1,12,0.965,0.531,0.737,0.0,0.451,0.348,0
759,51,1,10,0.911,0.649,1.035,0.0,0.597,0.413,1
760,80,1,12,0.905,0.602,0.861,0.75,0.224,0.199,0
761,79,1,12,0.999,0.446,0.741,0.0,0.27,0.406,0
762,42,1,5,0.8,0.619,0.635,0.25,0.417,0.089,0
763,68,0,7,0.973,0.7,0.895,0.0,0.416,0.115,0
764,62,1,8,0.981,0.604,0.814,1.0,0.217,0.455,0
765,37,1,11,1.067,0.494,0.8,0.0,0.183,0.192,0
766,73,1,10,0.7,0.555,0.665,0.25,0.144,-0.028,1
767,36,1,7,0.687,0.621,0.781,1.0,0.537,-0.087,0
768,48,1,5,0.7,0.594,0.886,0.5,0.424,0.0,1
769,72,1,9,0.853,0.513,0.939,0.0,0.462,-0.021,1
770,30,0,6,0.7,0.723,0.723,0.0,0.019,0.001,0
771,38,0,6,0.855,0.65,0.669,0.0,-0.062,-0.046,1
772,69,1,12,0.993,0.557,1.153,0.0,0.754,0.16,0
773,62,1,11,0.781,0.52,0.807,0.5,0.187,0.124,1
774,63,1,11,0.818,0.588,0.787,0.25,0.486,0.218,0
775,79,1,7,1.052,0.615,0.726,0.75,0.391,0.089,1
776,37,1,8,0.7,0.595,0.572,0.0,-0.122,-0.085,0
777,30,1,9,0.798,0.626,0.677,0.25,-0.039,0.177,0
778,52,0,5,1.15,0.642,0.617,0.0,0.228,0.351,0
779,82,0,7,0.897,0.626,0.416,0.25,-0.13,0.318,0
780,49,0,6,0.912,0.626,0.415,1.0,-0.285,0.245,0
781,67,1,4,0.678,0.504,0.473,0.0,0.08,-0.174,0
782,50,1,5,0.96,0.643,0.765,0.5,0.583,0.3,0
783,82,1,8,0.786,0.527,0.803,1.0,0.163,0.292,1
784,36,0,3,0.699,0.625,0.436,0.75,-0.114,-0.17,0
785,62,1,7,0.856,0.626,0.794,0.0,0.282,0.035,0
786,30,0,3,0.92,0.577,0.686,0.0,-0.058,0.284,0
787,37,0,8,0.629,0.46,0.55,0.25,-0.276,-0.225,0
788,53,1,3,0.579,0.638,0.684,0.0,0.169,-0.189,0
789,40,0,5,0.834,0.534,0.937,0.0,0.743,0.185,0
790,44,0,3,0.806,0.545,0.386,0.0,0.111,0.053,0
791,53,1,5,0.627,0.61,0.469,0.0,-0.006,-0.239,0
792,64,1,3,0.672,0.642,0.475,0.25,0.029,-0.125,0
793,63,0,9,1.054,0.51,0.731,0.25,-0.203,0.214,0
794,66,0,9,0.738,0.547,0.78,1.0,0.215,-0.036,0
795,69,0,12,0.849,0.625,1.041,0.25,0.526,0.036,0
796,71,0,7,0.991,0.508,0.441,0.0,-0.106,0.135,0
797,81,0,10,0.91,0.693,0.495,0.75,0.146,0.023,1
798,37,0,8,0.853,0.492,0.561,1.0,0.356,-0.078,0
799,48,1,7,0.896,0.586,0.763,0.75,0.62,0.262,1
800,41,1,10,1.006,0.536,0.843,0.5,0.319,0.202,0
801,84,0,10,1.105,0.511,0.793,0.0,0.391,0.215,0
802,81,0,9,1.042,0.63,0.898,1.0,0.202,0.285,0
803,68,1,8,0.678,0.526,0.691,0.25,0.302,-0.09,0
804,43,1,5,0.903,0.607,0.892,0.0,0.25,0.069,0
805,51,1,10,0.914,0.543,1.089,0.0,0.729,0.267,1
806,66,0,4,0.817,0.596,0.428,0.0,-0.005,0.139,0
807,55,0,5,0.943,0.581,0.897,1.0,0.483,0.221,0
808,31,0,9,0.847,0.563,0.826,0.0,0.689,0.074,0
809,44,0,6,1.025,0.517,0.733,1.0,0.148,0.409,0
810,71,1,10,1.058,0.5,0.662,0.0,0.037,0.436,0
811,41,0,10,1.051,0.613,0.727,0.0,0.14,0.323,0
812,31,0,7,0.635,0.54,0.982,0.0,0.368,-0.287,0
813,50,1,11,1.209,0.576,1.003,0.5,0.549,0.449,0
814,73,0,10,0.839,0.657,0.645,0.25,0.156,0.232,0
815,83,0,8,0.999,0.474,0.713,0.0,0.357,0.177,0
816,79,0,10,0.948,0.617,0.782,1.0,0.218,0.223,0
817,64,1,12,0.935,0.579,1.057,0.25,0.331,0.248,0
818,35,1,3,0.926,0.607,0.81,0.25,0.153,0.08,0
819,76,1,5,0.892,0.632,0.306,0.5,0.012,0.192,0
820,84,1,4,0.784,0.797,0.717,0.0,0.361,0.193,0
821,58,1,3,0.754,0.527,0.682,0.0,0.328,0.185,1
822,59,1,12,0.836,0.524,1.094,0.0,0.785,0.14,1
823,52,0,12,0.929,0.399,0.847,1.0,0.254,0.28,0
824,44,0,8,0.7,0.554,1.002,0.5,0.439,-0.153,0
825,59,1,11,0.917,0.413,0.87,0.0,0.565,0.378,1
826,34,0,8,0.849,0.583,0.843,0.5,0.251,-0.112,0
827,66,1,8,0.733,0.545,0.709,0.0,0.09,0.009,0
828,52,0,8,0.855,0.486,0.702,0.0,0.356,0.205,0
829,40,1,10,1.01,0.539,1.085,1.0,0.53,0.237,0
830,49,0,8,0.69,0.522,0.758,0.0,0.429,-0.226,0
831,36,1,7,0.953,0.523,0.932,0.75,0.581,0.127,0
832,41,0,10,0.976,0.659,0.614,0.25,0.101,0.449,0
833,62,1,6,0.88,0.722,0.658,0.0,-0.051,0.166,0
834,79,1,11,0.754,0.692,0.58,0.0,0.139,0.033,0
835,31,0,5,0.756,0.706,0.592,0.0,-0.134,0.034,0
836,60,1,9,1.091,0.733,0.631,0.0,-0.036,0.41,0
837,68,1,4,0.811,0.589,0.618,1.0,0.242,0.005,0
838,33,0,4,1.053,0.651,0.559,0.75,-0.083,0.042,0
839,62,0,10,0.951,0.637,0.807,0.0,0.451,0.255,1
840,45,0,12,1.013,0.482,1.08,0.25,0.786,0.247,1
841,79,1,6,0.807,0.719,0.657,0.0,0.129,0.024,1
842,80,0,12,0.932,0.438,0.801,0.25,0.137,0.198,1
843,48,0,9,0.798,0.442,0.7,0.0,0.385,0.061,0
844,37,1,11,1.086,0.489,1.002,0.0,0.495,0.299,0
845,53,1,7,0.922,0.573,0.846,0.0,0.218,0.175,0
846,49,1,4,0.612,0.518,0.46,1.0,0.113,-0.146,0
847,64,0,8,1.07,0.602,0.591,0.0,0.113,0.291,0
848,54,0,9,0.905,0.538,0.944,0.75,0.596,0.095,0
849,81,0,9,0.937,0.569,0.814,0.0,0.152,0.158,1
850,58,0,9,1.003,0.509,0.905,0.0,0.469,0.236,1
851,36,0,6,0.772,0.631,0.733,1.0,0.275,0.194,0
852,43,1,6,0.799,0.601,0.622,0.0,-0.241,0.034,0
853,78,1,11,0.808,0.493,0.7,0.75,0.096,0.054,0
854,42,1,4,0.698,0.555,0.735,0.0,0.111,-0.239,0
855,55,0,10,0.772,0.567,0.938,0.75,0.567,-0.01,0
856,76,0,8,0.913,0.621,0.969,0.25,0.475,0.212,0
857,80,1,7,0.743,0.641,0.636,0.5,0.283,0.231,1
858,80,1,6,0.635,0.594,1.011,0.0,0.717,-0.165,1
859,54,0,4,0.661,0.575,0.668,0.75,0.405,-0.074,0
860,46,0,11,0.873,0.524,0.781,0.5,0.212,-0.064,0
861,56,0,4,0.714,0.7,0.693,0.0,0.161,-0.109,0
862,69,0,10,0.979,0.527,0.844,0.0,0.479,0.152,0
863,84,0,4,0.517,0.708,0.652,0.75,0.267,-0.312,0
864,44,1,9,0.729,0.359,0.777,0.0,0.506,0.082,0
865,67,0,8,0.907,0.58,0.906,0.0,0.654,0.152,0
866,70,0,5,0.856,0.552,0.558,0.5,0.319,0.064,0
867,39,1,12,0.958,0.469,0.858,0.0,0.473,0.181,0
868,73,1,11,0.7,0.705,1.062,0.5,0.361,-0.215,0
869,73,0,11,1.012,0.558,0.971,0.0,0.435,0.258,0
870,75,0,8,0.811,0.706,1.121,1.0,0.801,-0.049,0
871,34,0,3,0.701,0.601,0.435,0.0,0.101,0.005,0
872,79,1,12,0.826,0.514,0.58,0.0,0.238,0.12,1
873,65,0,10,1.137,0.506,0.535,0.0,0.087,0.328,0
874,47,0,8,0.727,0.61,0.728,0.0,0.161,-0.372,0
875,32,1,9,0.761,0.569,0.871,0.5,0.289,0.028,0
876,48,0,11,0.787,0.596,0.73,0.5,0.155,0.152,0
877,33,1,8,0.606,0.469,0.584,0.0,0.027,0.029,0
878,70,0,4,0.469,0.525,0.893,0.0,0.205,-0.358,0
879,31,1,3,0.7,0.584,0.657,0.0,0.309,-0.246,0
880,55,1,6,0.817,0.581,0.599,0.0,-0.01,0.14,0
881,52,1,6,0.82,0.679,0.752,0.75,0.171,0.194,0
882,43,1,11,0.842,0.485,0.982,0.0,0.418,0.274,0
883,37,1,5,0.754,0.556,0.614,0.5,0.193,0.004,0
884,53,0,3,0.877,0.549,0.461,0.25,-0.125,0.267,0
885,69,0,3,0.678,0.595,0.347,0.75,-0.2,0.079,0
886,39,0,12,0.874,0.542,0.636,0.5,0.111,-0.109,0
887,84,1,5,0.8,0.569,0.561,0.5,0.455,0.122,0
888,62,1,6,0.737,0.549,0.897,0.0,0.454,0.072,0
889,34,1,5,0.85,0.683,0.565,0.5,0.169,0.152,0
890,41,1,3,0.586,0.782,0.43,0.25,0.303,-0.213,0
891,73,1,10,0.837,0.529,0.824,0.25,0.495,0.036,0
892,44,1,7,0.7,0.629,0.68,0.0,0.44,-0.156,0
893,34,0,8,0.883,0.539,0.577,1.0,0.172,0.037,0
894,77,0,4,0.81,0.637,0.831,0.75,0.315,0.024,0
895,84,1,10,0.958,0.553,1.052,0.25,0.581,0.102,0
896,64,0,5,0.598,0.734,0.771,0.5,0.253,-0.252,1
897,70,1,8,1.101,0.492,0.841,0.75,0.078,0.375,0
898,38,1,12,1.134,0.528,1.098,0.0,0.69,0.244,0
899,59,1,7,1.068,0.649,0.459,0.5,-0.23,0.394,0
900,38,0,9,0.94,0.51,0.995,0.5,0.352,0.165,0
901,60,1,7,1.075,0.731,0.557,0.0,0.202,0.281,0
902,35,1,9,0.972,0.49,0.748,0.75,0.376,0.154,1
903,38,0,8,0.885,0.431,0.497,0.25,-0.19,0.075,0
904,37,1,8,0.667,0.533,1.111,0.75,0.812,-0.038,0
905,75,0,6,0.711,0.616,1.016,0.0,0.3,0.139,0
906,53,1,6,1.007,0.464,0.839,0.0,0.277,0.298,1
907,43,1,5,0.77,0.686,0.468,0.0,0.162,0.121,0
908,31,1,8,0.743,0.614,0.815,0.5,0.64,0.069,1
909,83,1,12,0.824,0.542,0.66,0.75,0.105,0.113,0
910,78,0,5,0.584,0.433,0.705,0.0,0.129,-0.214,0
911,70,0,8,0.934,0.614,1.021,0.5,0.606,0.25,0
912,71,0,10,0.7,0.499,0.706,0.0,0.268,0.156,0
913,78,1,9,1.006,0.609,0.773,0.5,0.258,0.44,0
914,73,0,5,0.92,0.559,0.408,0.0,-0.042,0.147,0
915,78,1,6,0.762,0.488,0.614,0.25,-0.118,0.014,0
916,44,1,9,0.845,0.611,0.927,0.25,0.149,0.02,1
917,35,1,6,0.83,0.7,0.499,0.5,-0.154,-0.048,0
918,64,1,3,0.694,0.524,0.651,0.0,0.064,-0.121,0
919,77,0,5,0.825,0.513,0.601,0.75,0.095,0.099,0
920,75,1,4,0.731,0.652,0.389,0.25,-0.096,-0.041,0
921,51,1,9,0.962,0.581,0.7,0.0,0.171,0.245,0
922,76,0,11,0.7,0.555,0.603,0.0,0.012,0.007,0
923,44,1,11,0.96,0.461,0.961,0.5,0.292,0.12,0
924,55,0,9,0.829,0.738,1.01,0.75,0.661,0.075,0
925,31,0,4,0.654,0.483,0.785,0.75,0.343,0.008,0
926,44,0,9,0.82,0.425,0.775,0.0,0.155,0.08,0
927,72,0,4,0.76,0.681,0.695,0.25,0.255,0.027,0
928,43,1,5,0.719,0.765,0.477,0.5,-0.164,0.011,0
929,76,1,3,0.898,0.64,0.792,1.0,0.754,0.047,0
930,77,1,9,0.815,0.501,0.667,0.0,-0.032,-0.068,0
931,45,1,7,0.968,0.672,0.959,0.25,0.589,0.219,0
932,63,1,6,0.616,0.494,0.576,0.0,0.029,0.023,0
933,78,0,11,0.776,0.625,0.984,0.25,0.583,0.056,0
934,53,0,4,0.528,0.785,0.327,0.0,-0.288,-0.173,0
935,35,1,11,0.94,0.611,0.874,0.0,0.313,0.265,0
936,39,0,8,0.794,0.564,0.759,0.0,0.401,0.007,0
937,39,0,10,0.904,0.527,0.773,0.0,0.266,0.147,0
938,56,1,12,0.837,0.486,0.8,0.75,0.065,0.065,1
939,83,1,4,0.789,0.419,0.382,0.0,-0.468,0.016,0
940,35,1,8,0.699,0.62,0.812,0.0,0.196,0.09,1
941,31,0,5,0.822,0.585,0.432,0.0,0.238,0.148,0
942,74,1,3,0.855,0.607,0.509,0.5,0.243,-0.088,0
943,45,0,11,1.009,0.583,0.808,0.5,0.368,0.361,0
944,81,1,10,1.089,0.538,1.142,0.0,0.82,0.345,0
945,62,0,7,0.718,0.716,0.724,0.0,0.312,0.06,1
946,52,1,5,0.641,0.661,0.659,0.0,0.098,-0.04,0
947,82,0,6,1.209,0.582,0.625,0.0,0.12,0.529,0
948,42,1,11,0.968,0.386,1.063,0.0,0.523,0.158,0
949,35,0,10,1.182,0.598,0.7,0.75,0.17,0.507,0
950,52,1,11,0.928,0.464,1.044,0.5,0.317,0.334,0
951,82,1,9,0.874,0.557,0.636,0.0,0.574,0.276,0
952,78,1,4,0.793,0.543,0.545,0.75,0.156,-0.114,0
953,64,1,12,0.977,0.467,0.61,0.5,0.29,0.367,0
954,58,1,7,0.933,0.605,0.624,0.5,0.093,0.286,0
955,78,0,11,0.944,0.605,0.83,0.0,0.254,0.208,0
956,67,1,5,0.656,0.7,0.747,0.5,0.045,-0.183,0
957,66,1,8,0.627,0.55,0.7,0.0,0.327,-0.119,0
958,69,1,4,0.492,0.597,0.513,0.75,-0.435,-0.009,0
959,59,0,7,0.913,0.575,0.7,0.5,0.415,0.134,0
960,73,1,10,0.947,0.573,0.956,0.5,0.338,0.221,0
961,35,0,7,0.941,0.582,0.727,0.0,0.739,0.183,1
962,38,0,6,0.945,0.571,1.314,0.0,0.614,0.135,0
963,84,1,10,1.128,0.585,0.563,1.0,0.241,0.465,0
964,82,1,11,1.137,0.523,0.932,0.0,0.538,0.474,0
965,62,0,5,0.723,0.518,0.4,0.75,-0.125,-0.03,0
966,47,0,12,0.939,0.59,0.953,0.0,0.348,0.188,0
967,60,0,5,0.841,0.595,0.888,0.5,0.344,0.286,0
968,31,0,3,0.947,0.635,0.495,0.0,-0.093,0.304,0
969,68,1,6,0.738,0.586,0.456,0.5,-0.244,-0.269,0
970,58,1,9,0.882,0.587,0.542,0.0,0.078,0.043,0
971,45,1,4,0.891,0.57,0.461,0.5,-0.291,-0.128,0
972,56,1,9,0.93,0.568,0.813,0.5,0.389,0.096,0
973,63,0,12,0.944,0.529,0.752,0.0,0.31,0.314,1
974,62,1,10,0.908,0.616,0.514,0.0,-0.017,0.092,0
975,66,0,4,0.83,0.763,0.462,0.5,-0.136,0.095,0
976,67,1,5,0.883,0.655,0.562,0.25,0.215,0.219,0
977,74,1,8,1.071,0.544,0.303,0.0,0.093,0.308,0
978,36,1,7,1.075,0.662,0.553,0.25,0.123,0.226,0
979,58,0,8,0.958,0.52,0.759,0.0,0.21,0.159,1
980,69,0,7,0.813,0.588,0.597,1.0,0.033,0.1,0
981,79,0,11,0.862,0.593,1.08,0.0,0.666,0.369,0
982,43,0,3,1.025,0.583,0.393,0.0,-0.204,0.221,0
983,59,0,10,0.804,0.663,0.881,0.0,0.445,0.104,0
984,37,0,9,0.992,0.471,0.587,0.0,0.191,0.288,0
985,56,0,3,0.982,0.557,0.561,0.0,0.05,0.336,0
986,41,0,10,0.7,0.56,0.83,0.75,0.404,-0.098,0
987,62,0,4,0.86,0.482,0.525,0.75,0.059,0.12,0
988,65,0,6,0.786,0.518,0.705,0.0,0.11,0.079,1
989,40,1,5,0.875,0.538,0.784,0.25,0.092,0.203,0
990,47,0,7,0.752,0.59,0.746,0.0,0.158,0.077,1
991,79,1,11,0.7,0.409,0.961,0.25,0.35,-0.045,1
992,57,1,3,0.883,0.442,0.657,0.5,0.222,0.163,1
993,36,1,6,0.822,0.587,0.484,0.0,-0.051,0.02,0
994,63,0,7,0.7,0.576,0.524,0.0,0.132,0.087,0
995,58,1,3,0.7,0.585,0.573,0.5,0.339,-0.035,0
996,66,1,4,0.704,0.657,0.386,0.0,-0.403,0.05,0
997,79,1,7,0.852,0.508,0.541,0.25,0.123,0.066,0
998,75,1,5,0.888,0.364,0.632,0.0,-0.021,-0.06,0
999,48,1,7,0.909,0.6,0.74,0.0,0.467,0.233,0
1000,71,1,6,0.724,0.708,0.639,0.25,0.099,-0.134,0
1001,72,0,9,0.817,0.7,0.679,1.0,0.097,0.506,0
1002,64,0,10,0.823,0.544,0.825,0.75,0.644,-0.076,0
1003,40,0,8,0.85,0.63,0.781,0.0,0.291,0.111,0
1004,46,0,9,0.7,0.634,0.48,0.0,0.268,0.13,0
1005,35,1,10,1.024,0.406,0.653,0.0,0.502,0.31,1
1006,45,0,12,0.968,0.505,0.598,0.0,0.268,0.081,0
1007,39,0,8,1.006,0.63,0.702,0.0,0.484,0.121,0
1008,62,0,7,0.576,0.58,0.638,0.0,-0.082,-0.373,0
1009,62,0,11,0.896,0.448,1.156,0.5,0.489,0.174,0
1010,78,1,6,0.949,0.45,0.607,0.0,0.142,0.273,1
1011,84,1,9,1.054,0.647,0.942,0.0,0.335,0.462,0
1012,61,1,7,0.88,0.681,0.824,0.0,0.421,0.192,0
1013,63,1,5,0.995,0.479,0.555,1.0,0.192,0.327,0
1014,41,0,7,0.808,0.546,0.496,0.25,0.01,0.317,0
1015,77,1,11,0.992,0.598,0.669,1.0,-0.012,0.062,0
1016,51,1,12,1.076,0.55,0.811,0.25,0.377,0.227,0
1017,48,0,5,0.83,0.781,0.575,0.0,0.029,0.172,0
1018,35,1,8,0.894,0.647,0.863,1.0,0.901,0.105,0
1019,83,1,5,1.001,0.706,1.059,0.75,0.685,0.317,0
1020,67,1,10,0.954,0.63,0.604,0.0,-0.036,0.207,0
1021,61,1,4,0.814,0.477,0.7,0.25,0.23,-0.048,0
1022,45,1,4,1.009,0.67,0.57,0.75,0.022,0.389,0
1023,42,0,8,1.035,0.633,0.76,0.0,0.858,0.115,0
1024,54,0,11,0.926,0.533,0.803,0.5,0.613,0.247,0
1025,31,0,6,0.984,0.574,0.569,0.5,0.276,0.178,0
1026,44,1,5,0.602,0.49,0.602,0.0,0.266,-0.27,0
1027,30,0,7,0.78,0.672,0.391,0.0,-0.178,0.1,0
1028,33,1,7,0.744,0.784,0.347,0.75,-0.222,-0.199,0
1029,82,1,10,0.818,0.429,0.956,0.0,0.443,-0.058,0
1030,83,0,7,0.879,0.672,1.078,0.0,0.338,0.308,1
1031,60,0,12,0.968,0.625,1.338,0.0,1.05,0.129,0
1032,31,1,4,0.831,0.787,0.586,0.0,0.265,0.061,0
1033,37,0,4,0.842,0.564,0.377,0.0,-0.243,0.008,0
1034,47,1,12,1.262,0.56,1.046,0.75,0.276,0.548,0
1035,70,0,11,0.973,0.486,1.033,0.0,0.581,0.262,0
1036,70,0,3,0.843,0.586,0.604,0.75,0.086,0.013,0
1037,50,1,11,0.889,0.531,0.711,0.0,0.053,0.457,1
1038,83,0,12,0.944,0.482,0.701,0.0,0.364,0.264,0
1039,70,1,12,0.996,0.562,0.785,0.0,0.244,0.172,1
1040,43,0,12,0.988,0.474,1.029,0.5,0.57,0.11,0
1041,72,1,6,0.93,0.565,0.784,0.25,0.382,0.354,0
1042,52,0,7,0.887,0.64,0.7,0.0,0.107,0.116,0
1043,43,0,12,0.946,0.57,1.048,0.0,0.663,0.005,0
1044,68,0,7,0.876,0.561,0.579,0.75,-0.186,0.314,0
1045,51,0,11,1.063,0.641,0.968,1.0,0.352,0.3,0
1046,82,0,9,0.887,0.594,0.791,0.0,0.091,0.154,1
1047,56,0,3,0.952,0.656,0.706,1.0,0.283,0.081,0
1048,72,1,7,0.815,0.605,0.626,0.0,0.364,0.429,0
1049,40,1,5,0.968,0.717,0.564,0.0,-0.076,0.063,0
1050,37,1,4,0.66,0.7,0.521,0.5,-0.024,-0.222,0
1051,36,0,12,1.024,0.482,1.136,1.0,0.815,0.266,0
1052,73,1,9,0.856,0.568,0.894,0.5,0.54,0.267,0
1053,68,1,6,0.741,0.561,0.778,0.25,0.273,-0.13,0
1054,49,1,6,1.026,0.477,0.461,0.5,0.049,0.287,0
1055,37,1,4,0.7,0.67,0.785,0.5,0.197,0.044,0
1056,72,0,10,1.151,0.7,1.109,0.0,0.987,0.276,0
1057,62,0,5,1.005,0.542,0.42,0.0,-0.227,0.308,0
1058,71,1,6,0.807,0.583,0.851,0.75,0.535,0.056,0
1059,31,0,4,0.751,0.69,0.7,1.0,-0.012,0.187,0
1060,42,0,7,0.914,0.549,0.581,0.0,0.303,0.071,0
1061,55,0,7,0.996,0.674,0.644,0.5,0.115,0.258,0
1062,35,1,7,0.995,0.601,0.835,0.75,0.608,0.13,1
1063,54,0,10,1.004,0.681,0.721,0.0,0.344,0.304,0
1064,48,0,12,0.881,0.517,1.03,0.0,0.608,0.176,0
1065,56,1,6,0.56,0.583,0.821,0.0,0.315,-0.164,0
1066,30,1,5,0.863,0.66,0.698,0.0,0.064,0.111,0
1067,39,1,10,0.912,0.607,0.961,0.5,0.513,0.042,1
1068,44,0,3,0.69,0.659,0.473,0.25,-0.227,-0.14,0
1069,40,1,6,0.883,0.624,0.552,0.0,0.088,0.142,0
1070,80,1,4,0.808,0.61,0.533,0.0,0.113,-0.011,0
1071,59,1,9,0.932,0.528,0.697,0.0,0.301,0.179,1
1072,43,1,7,0.909,0.52,0.639,0.0,0.414,0.09,0
1073,61,0,5,0.779,0.585,0.419,0.0,-0.281,-0.011,0
1074,83,1,4,0.708,0.7,0.53,0.0,-0.147,-0.205,0
1075,70,0,6,0.701,0.581,0.702,0.25,0.136,-0.036,0
1076,42,1,9,0.892,0.566,0.766,0.0,0.506,0.189,0
1077,35,0,8,0.896,0.692,0.802,0.0,0.144,0.199,0
1078,80,1,12,0.822,0.461,1.174,0.0,0.653,0.036,0
1079,44,0,7,0.975,0.674,0.881,1.0,0.356,0.131,0
1080,75,1,10,0.75,0.473,0.99,0.0,0.524,0.05,0
1081,81,0,8,0.691,0.481,1.066,0.25,0.499,0.049,0
1082,45,0,7,0.866,0.461,0.865,0.0,0.473,0.073,0
1083,34,1,10,0.97,0.487,0.882,0.5,0.251,0.143,0
1084,50,0,9,0.704,0.607,0.735,0.25,0.035,-0.043,0
1085,75,0,9,0.985,0.587,0.825,0.75,0.302,0.375,0
1086,32,0,11,1.04,0.557,0.832,0.75,0.433,0.34,0
1087,53,0,12,0.993,0.533,0.654,0.0,0.229,0.096,0
1088,52,0,5,0.861,0.512,0.801,1.0,0.438,-0.068,0
1089,74,0,4,0.83,0.524,0.45,0.0,-0.208,-0.094,0
1090,36,0,6,0.695,0.551,0.743,0.5,0.082,-0.072,1
1091,49,0,4,0.866,0.677,0.721,0.0,0.29,0.154,0
1092,50,0,9,0.947,0.7,1.01,0.0,0.31,0.194,1
1093,62,1,7,0.642,0.585,0.706,0.0,0.08,0.016,0
1094,74,1,9,0.839,0.619,1.145,0.0,0.703,0.181,1
1095,66,0,6,0.836,0.481,0.877,0.0,0.254,-0.136,0
1096,32,1,7,0.747,0.711,0.614,0.25,0.213,-0.064,0
1097,46,1,5,0.774,0.585,0.447,1.0,-0.093,0.02,0
1098,84,0,12,0.797,0.614,1.027,0.0,0.723,0.129,0
1099,60,0,9,0.828,0.532,0.778,1.0,0.009,0.024,0
1100,36,1,4,0.653,0.528,0.73,0.75,0.277,-0.269,0
1101,60,1,8,0.83,0.601,0.549,0.75,0.176,0.255,0
1102,49,0,5,0.89,0.624,0.872,1.0,0.574,0.311,1
1103,69,1,4,0.731,0.556,0.464,0.5,0.193,0.097,0
1104,37,0,10,0.778,0.523,0.719,0.25,0.098,0.055,0
1105,46,0,7,0.799,0.487,0.499,0.0,-0.089,-0.016,0
1106,64,0,11,0.82,0.544,0.914,0.25,0.154,-0.204,0
1107,57,0,9,1.041,0.496,0.7,0.25,0.187,0.318,0
1108,63,0,8,0.957,0.542,0.92,0.75,0.564,0.081,0
1109,70,1,12,0.951,0.597,0.737,0.5,0.708,0.281,1
1110,80,0,11,0.931,0.456,1.027,0.5,0.366,0.069,0
1111,42,1,5,0.885,0.628,0.669,0.0,0.21,0.138,1
1112,36,0,11,1.036,0.635,0.823,0.5,0.456,-0.012,0
1113,35,1,7,0.685,0.64,1.085,0.25,0.645,0.02,0
1114,50,0,10,0.865,0.422,0.827,0.5,0.514,0.193,0
1115,63,1,10,0.8,0.57,0.526,0.0,0.356,0.13,0
1116,65,0,11,0.759,0.554,0.759,0.0,0.251,0.038,0
1117,82,1,6,0.913,0.425,0.456,0.0,0.028,0.102,0
1118,37,0,4,0.979,0.567,0.565,0.5,-0.387,0.429,0
1119,48,1,12,0.885,0.532,0.909,0.5,0.618,0.158,1
1120,82,0,8,0.7,0.543,0.792,0.0,0.2,-0.044,0
1121,34,1,6,0.949,0.648,0.655,0.0,0.347,0.278,0
1122,83,0,6,0.715,0.622,0.716,0.25,0.165,-0.099,1
1123,30,1,11,1.019,0.656,0.977,0.0,0.56,0.189,0
1124,69,1,5,0.978,0.565,0.984,0.0,0.631,0.257,1
1125,67,1,11,0.794,0.581,0.753,0.25,0.257,0.064,0
1126,64,0,6,0.781,0.645,0.824,0.5,0.594,0.234,0
1127,41,0,8,1.005,0.536,0.961,0.5,0.525,0.292,1
1128,69,0,3,0.788,0.598,0.352,0.0,0.0,0.013,0
1129,71,0,6,0.766,0.621,0.702,0.0,0.042,0.066,1
1130,84,1,3,0.774,0.608,0.729,0.0,0.371,-0.042,0
1131,45,1,12,1.051,0.594,1.061,0.0,0.555,0.2,0
1132,41,0,3,0.716,0.7,0.164,0.25,-0.238,-0.117,0
1133,38,0,6,0.811,0.597,0.838,0.0,0.337,0.119,0
1134,36,0,5,0.798,0.675,0.401,0.0,0.136,0.092,0
1135,65,1,4,0.79,0.501,0.551,0.0,-0.124,0.09,0
1136,46,1,4,0.831,0.498,0.676,0.25,0.324,0.338,0
1137,75,0,6,1.197,0.512,0.373,0.0,-0.058,0.459,0
1138,84,0,9,0.778,0.6,0.686,0.25,0.24,0.153,0
1139,50,0,8,0.782,0.608,0.7,0.0,0.592,0.208,1
1140,79,0,5,0.738,0.649,0.877,0.25,0.177,-0.037,0
1141,81,1,7,0.831,0.574,0.805,0.75,0.273,0.329,0
1142,39,1,4,0.761,0.654,0.436,0.0,-0.133,0.079,0
1143,82,1,5,0.88,0.542,0.629,0.0,0.13,0.187,0
1144,80,0,7,0.829,0.54,0.705,0.0,0.265,0.01,1
1145,37,0,8,0.951,0.444,0.379,1.0,-0.293,0.266,0
1146,52,0,6,0.849,0.657,0.75,0.25,0.216,0.198,0
1147,49,0,3,0.692,0.633,0.695,0.0,0.077,-0.151,0
1148,45,1,12,1.148,0.459,0.986,0.0,0.198,0.202,1
1149,62,1,9,0.923,0.481,0.895,0.0,0.459,0.208,0
1150,64,1,5,1.139,0.605,0.503,0.75,0.029,0.137,0
1151,83,1,5,0.942,0.657,0.767,0.25,0.239,0.17,0
1152,50,0,11,0.922,0.627,0.821,0.0,0.437,-0.021,0
1153,43,1,9,0.991,0.547,0.845,0.5,0.575,0.091,0
1154,75,1,8,0.841,0.399,0.797,0.5,0.474,0.053,0
1155,70,0,10,1.012,0.466,1.048,0.0,0.344,0.312,0
1156,73,0,5,0.811,0.572,0.543,0.5,0.148,0.158,0
1157,32,0,9,0.751,0.465,0.724,0.25,0.387,-0.062,0
1158,68,0,3,0.595,0.628,0.504,0.75,-0.167,-0.018,0
1159,39,0,3,0.634,0.729,0.601,0.5,0.626,-0.038,0
1160,40,0,3,0.646,0.498,0.224,0.0,-0.43,-0.044,0
1161,41,1,10,1.0,0.467,1.101,0.5,0.832,0.117,0
1162,40,0,6,0.886,0.599,0.497,0.75,0.002,0.183,0
1163,59,1,9,0.849,0.496,0.716,0.0,0.164,-0.0,0
1164,59,0,4,0.749,0.459,0.571,0.0,-0.148,-0.034,0
1165,79,1,4,0.962,0.7,0.579,0.0,0.163,0.15,0
1166,82,1,6,0.899,0.488,0.659,0.0,0.286,0.223,0
1167,79,0,11,0.862,0.448,1.028,0.0,0.476,0.041,0
1168,76,0,7,0.911,0.603,0.73,0.0,0.378,-0.018,1
1169,69,1,8,0.96,0.63,0.789,0.0,0.086,0.279,0
1170,81,1,9,0.92,0.586,0.524,0.0,-0.168,0.144,1
1171,84,0,6,0.845,0.693,0.222,0.0,-0.254,0.127,0
1172,72,1,10,1.214,0.456,0.613,0.0,0.204,0.441,0
1173,54,0,6,0.782,0.661,0.709,1.0,0.445,0.158,0
1174,71,1,8,1.109,0.693,1.012,0.0,0.714,0.203,1
1175,69,1,3,0.841,0.751,0.326,0.0,0.047,0.121,0
1176,60,0,3,0.6,0.536,0.436,0.5,-0.03,-0.248,0
1177,31,0,3,0.81,0.652,0.72,0.0,0.203,0.123,0
1178,34,1,9,0.803,0.633,0.603,0.25,0.173,0.147,0
1179,83,0,5,0.732,0.648,0.621,0.0,0.131,-0.136,0
1180,32,0,11,1.117,0.491,0.909,1.0,0.209,0.54,0
1181,48,1,7,0.606,0.58,1.009,0.75,0.429,-0.262,0
1182,81,0,8,1.195,0.518,0.913,1.0,0.542,0.391,0
1183,41,0,4,0.603,0.625,0.757,0.75,0.133,-0.025,0
1184,37,0,9,0.981,0.619,0.582,0.0,0.125,0.225,0
1185,75,1,9,0.941,0.491,0.864,0.0,0.522,0.342,1
1186,40,1,6,0.815,0.662,0.378,0.0,-0.148,0.118,0
1187,38,1,8,0.805,0.674,0.528,1.0,0.229,-0.019,0
1188,80,0,5,0.839,0.597,0.803,0.25,0.103,0.089,0
1189,68,0,6,0.62,0.603,0.943,0.0,0.616,-0.343,1
1190,37,0,7,0.814,0.7,0.322,0.25,-0.201,-0.008,0
1191,71,1,12,1.248,0.7,0.79,0.0,0.218,0.568,0
1192,60,0,12,0.894,0.609,1.047,0.5,0.728,0.05,0
1193,52,1,4,0.626,0.595,0.538,0.25,0.16,0.002,0
1194,70,1,3,0.806,0.69,0.542,0.0,-0.138,0.127,0
1195,30,1,4,1.048,0.593,0.61,0.5,0.332,0.155,0
1196,70,1,11,1.049,0.629,1.087,1.0,0.595,0.453,0
1197,48,1,11,1.049,0.579,0.9,0.5,0.453,0.346,0
1198,42,1,5,0.855,0.503,0.53,0.5,-0.122,0.185,0
1199,44,1,7,0.925,0.505,0.912,0.0,0.307,-0.047,0
1200,35,1,8,0.989,0.652,0.719,0.0,-0.114,0.13,0
1201,45,1,11,1.035,0.447,1.03,0.5,0.449,0.209,0
1202,31,1,7,0.924,0.736,0.596,1.0,0.137,0.207,0
1203,81,0,6,0.877,0.663,0.633,0.25,0.318,0.069,0
1204,37,1,10,1.036,0.627,0.764,0.5,0.088,0.213,1
1205,47,1,10,1.088,0.66,0.886,0.25,0.368,0.47,0
1206,73,1,8,0.866,0.596,0.785,1.0,0.304,0.084,0
1207,83,0,6,0.986,0.577,0.935,0.75,0.465,0.286,0
1208,31,1,11,0.935,0.448,0.61,0.75,0.411,0.088,0
1209,46,0,9,0.862,0.634,0.787,0.0,0.216,-0.042,1
1210,63,1,3,0.911,0.616,0.484,0.5,-0.272,0.047,0
1211,43,1,3,0.61,0.549,0.564,0.75,0.057,-0.026,0
1212,39,1,5,0.82,0.628,0.77,0.5,0.641,0.161,0
1213,77,1,11,0.956,0.514,0.685,0.0,0.304,0.155,1
1214,71,1,3,0.615,0.621,0.581,0.0,0.116,-0.137,0
1215,51,1,12,1.071,0.487,0.861,0.25,0.519,0.432,0
1216,80,0,5,0.702,0.754,0.844,0.25,0.457,-0.248,0
1217,51,0,7,0.826,0.595,0.479,0.0,-0.084,0.094,0
1218,44,0,8,0.853,0.639,0.453,0.0,-0.318,0.101,0
1219,63,1,6,0.738,0.503,0.545,0.25,0.297,0.051,0
1220,61,0,12,1.014,0.7,1.065,0.5,0.488,0.31,0
1221,68,0,12,0.782,0.409,1.139,0.25,0.549,0.038,0
1222,46,1,11,0.89,0.557,0.946,0.5,0.908,-0.065,1
1223,39,1,3,0.816,0.627,0.819,0.75,0.138,0.035,1
1224,74,0,5,0.729,0.585,0.468,1.0,-0.085,0.069,0
1225,34,0,8,0.849,0.457,0.537,0.0,0.064,0.241,0
1226,40,1,8,0.938,0.555,0.899,0.75,0.602,0.028,0
1227,41,1,9,1.013,0.497,1.0,0.0,0.467,0.198,1
1228,76,0,9,0.807,0.519,0.803,0.5,0.153,0.064,0
1229,77,1,10,0.886,0.546,0.737,0.0,0.338,0.098,1
1230,31,0,4,0.7,0.512,0.515,0.0,-0.185,-0.034,0
1231,32,1,11,0.929,0.496,0.924,0.0,0.559,0.23,0
1232,81,1,4,0.832,0.477,0.714,0.0,0.472,0.205,0
1233,46,1,5,0.74,0.574,0.543,0.75,0.208,-0.042,0
1234,51,0,3,0.908,0.67,0.998,1.0,0.585,0.309,1
1235,65,1,10,0.7,0.59,0.89,0.5,0.43,0.169,0
1236,36,0,6,0.934,0.577,0.749,0.25,0.278,0.234,0
1237,57,1,6,0.679,0.623,0.72,1.0,0.443,-0.128,0
1238,37,0,7,1.099,0.543,0.461,0.5,0.234,0.332,0
1239,78,0,6,0.837,0.584,0.925,1.0,0.368,-0.159,1
1240,64,1,12,0.904,0.573,0.662,0.0,0.526,0.276,1
1241,53,1,8,1.097,0.541,0.831,0.0,0.483,0.397,0
1242,72,0,10,0.821,0.63,0.856,0.0,0.41,0.127,0
1243,77,0,11,1.073,0.563,0.902,1.0,0.201,0.273,1
1244,39,0,4,0.985,0.629,0.554,0.75,-0.289,0.186,0
1245,36,1,6,0.7,0.486,0.576,0.75,-0.003,0.01,0
1246,42,1,3,0.789,0.529,0.557,0.0,0.286,0.095,0
1247,84,0,11,1.07,0.457,0.745,0.0,0.151,0.167,0
1248,33,0,7,0.87,0.519,0.647,1.0,0.23,0.196,0
1249,46,0,5,0.878,0.652,0.7,0.0,0.0,-0.018,0
1250,58,0,7,0.886,0.635,0.845,0.0,0.124,0.0,0
1251,74,0,10,1.006,0.613,0.955,0.5,0.492,0.172,1
1252,36,1,6,0.844,0.587,0.594,0.5,-0.14,0.243,0
1253,59,0,4,0.874,0.705,0.734,0.25,0.184,-0.017,0
1254,74,0,5,0.898,0.58,0.846,1.0,0.249,0.106,0
1255,54,1,12,0.983,0.516,1.201,0.0,0.701,0.208,0
1256,81,1,12,0.776,0.637,1.232,0.0,0.607,0.17,1
1257,67,1,4,0.818,0.627,0.546,0.5,0.081,0.145,0
1258,45,0,6,0.805,0.613,0.681,0.75,0.089,0.105,1
1259,33,0,5,0.709,0.629,0.327,0.0,-0.197,-0.164,0
1260,78,1,4,0.809,0.622,0.583,0.0,-0.006,0.125,0
1261,66,0,11,0.815,0.514,0.824,0.0,0.024,0.141,1
1262,64,0,7,0.815,0.361,0.694,0.0,0.353,0.159,0
1263,36,1,11,1.248,0.631,0.636,0.0,0.211,0.363,0
1264,31,0,12,1.051,0.602,0.675,0.0,0.616,0.285,0
1265,59,1,6,0.858,0.598,0.449,0.25,0.253,0.24,0
1266,75,1,4,0.898,0.623,0.579,0.0,0.111,-0.011,0
1267,38,0,11,1.155,0.519,0.988,0.0,0.208,0.31,0
1268,50,1,7,1.072,0.531,0.687,0.0,0.28,0.367,0
1269,66,1,10,1.055,0.593,0.696,0.0,-0.004,0.278,0
1270,51,1,7,1.009,0.516,0.978,1.0,0.701,0.039,0
1271,75,1,11,1.039,0.326,0.961,0.5,0.431,0.321,1
1272,72,0,4,0.669,0.764,0.775,0.0,0.469,-0.062,0
1273,48,0,3,0.467,0.559,0.352,0.25,0.037,-0.18,0
1274,70,0,11,1.087,0.618,0.67,1.0,0.331,0.321,0
1275,59,1,11,0.859,0.561,0.694,0.0,0.182,-0.034,0
1276,73,0,10,0.937,0.447,0.831,0.5,0.709,0.237,0
1277,55,0,4,0.684,0.622,0.788,1.0,0.129,0.126,0
1278,31,0,6,0.827,0.549,0.784,0.0,0.425,0.074,0
1279,39,1,8,0.867,0.521,0.858,0.0,0.537,0.057,0
1280,71,1,11,0.755,0.505,0.854,0.5,0.674,0.009,0
1281,67,1,5,0.859,0.576,0.49,0.5,-0.17,0.079,0
1282,42,0,12,0.951,0.484,1.062,1.0,0.778,0.033,0
1283,44,1,4,0.976,0.509,0.572,0.0,0.247,0.156,0
1284,68,0,5,0.751,0.469,0.536,0.5,0.252,-0.054,0
1285,43,1,6,0.816,0.834,0.677,0.0,0.026,0.196,0
1286,37,1,10,0.73,0.547,0.798,0.25,0.337,-0.042,0
1287,77,1,9,0.59,0.498,0.841,0.0,0.234,-0.126,1
1288,39,0,12,0.971,0.528,0.865,0.0,0.452,0.38,0
1289,41,0,6,0.988,0.476,0.375,0.0,0.01,0.417,0
1290,78,0,12,0.754,0.706,0.815,1.0,0.394,-0.051,1
1291,52,1,3,0.872,0.634,0.505,0.0,-0.083,-0.033,0
1292,50,1,6,0.932,0.513,0.725,0.5,0.362,0.072,0
1293,59,1,11,0.998,0.438,1.021,0.5,0.546,0.044,0
1294,77,0,3,0.945,0.506,0.508,0.75,0.02,0.16,0
1295,68,1,10,1.008,0.528,0.744,1.0,0.105,0.087,0
1296,38,1,12,0.944,0.526,0.867,0.0,0.531,0.16,1
1297,50,1,5,0.663,0.588,0.772,0.0,0.299,0.055,0
1298,69,1,8,0.692,0.7,0.869,0.0,0.403,0.046,0
1299,76,1,4,0.748,0.491,0.465,0.75,-0.061,0.042,0
1300,66,1,9,0.74,0.694,1.305,0.75,0.664,-0.055,0
1301,33,0,10,0.756,0.584,0.683,0.5,0.459,-0.122,0
1302,47,1,4,0.781,0.624,0.282,0.0,-0.263,-0.079,0
1303,37,1,6,0.728,0.465,0.885,0.5,0.11,0.028,0
1304,63,1,4,0.73,0.55,0.609,0.0,-0.093,0.094,0
1305,49,1,10,1.086,0.499,0.867,0.25,0.209,0.601,0
1306,81,1,10,0.962,0.435,0.741,0.0,0.452,0.216,1
1307,43,1,8,0.752,0.7,0.967,0.5,0.411,-0.199,0
1308,71,0,4,0.777,0.625,0.777,0.0,0.502,-0.033,1
1309,43,1,8,1.03,0.678,0.785,0.5,0.419,0.382,0
1310,50,0,10,0.879,0.593,0.881,0.0,0.417,0.061,0
1311,55,1,3,0.77,0.686,0.756,0.5,0.422,0.046,0
1312,70,1,6,0.722,0.481,0.91,0.25,0.299,-0.099,0
1313,84,0,7,0.825,0.622,0.661,0.5,0.181,0.183,0
1314,34,0,4,0.702,0.557,0.481,0.5,-0.302,-0.069,0
1315,56,0,12,0.933,0.534,0.77,0.0,0.392,0.147,0
1316,44,0,4,0.75,0.498,0.7,0.25,0.216,-0.211,1
1317,67,0,5,0.727,0.714,0.597,0.0,0.196,-0.015,0
1318,78,1,11,0.784,0.629,0.99,0.0,0.425,0.121,0
1319,37,0,8,0.7,0.546,0.77,0.5,0.385,-0.058,0
1320,77,0,6,0.782,0.627,0.717,1.0,0.103,0.062,0
1321,61,1,5,0.927,0.624,0.943,0.0,0.563,-0.014,0
1322,82,0,8,1.076,0.466,0.807,0.0,0.421,0.101,0
1323,69,1,12,1.109,0.707,0.821,0.0,0.322,0.374,0
1324,50,0,6,0.898,0.663,0.699,0.0,0.224,0.097,0
1325,83,1,3,0.924,0.686,0.618,0.75,0.54,0.245,0
1326,82,1,6,0.659,0.701,0.7,0.5,-0.111,-0.058,0
1327,66,0,11,0.768,0.593,0.862,0.75,0.579,-0.052,0
1328,58,1,10,0.776,0.535,0.748,0.0,0.456,-0.013,1
1329,51,1,5,0.867,0.596,0.453,0.25,-0.047,0.435,0
1330,75,1,7,0.781,0.683,0.945,0.0,0.557,-0.073,1
1331,36,1,8,1.116,0.457,0.984,0.0,0.844,0.309,0
1332,44,1,4,0.826,0.658,0.76,0.5,0.252,0.2,0
1333,81,0,10,0.894,0.523,0.844,0.0,0.572,0.225,0
1334,81,1,4,0.872,0.7,0.45,0.0,0.056,-0.065,1
1335,73,0,12,1.007,0.549,0.74,0.0,0.476,0.263,0
1336,41,1,10,0.853,0.661,0.766,0.0,0.489,0.226,0
1337,46,1,4,0.743,0.496,0.549,0.0,-0.073,-0.158,0
1338,63,1,3,0.755,0.649,0.526,1.0,-0.156,0.05,0
1339,65,0,10,1.021,0.608,0.782,0.0,0.297,0.362,0
1340,50,1,8,0.979,0.477,0.802,1.0,0.067,0.265,1
1341,59,0,4,0.742,0.612,0.759,0.25,0.435,-0.011,0
1342,64,1,7,0.802,0.567,0.59,0.0,0.317,0.125,0
1343,38,0,3,0.701,0.571,0.295,0.75,-0.664,-0.141,0
1344,44,0,6,0.811,0.449,0.394,0.0,-0.165,0.006,0
1345,82,0,6,0.981,0.519,0.854,0.0,0.394,0.13,0
1346,71,1,9,1.062,0.538,0.72,0.0,0.189,0.237,0
1347,46,0,12,0.993,0.488,0.98,0.5,0.427,0.401,0
1348,39,1,7,0.82,0.531,1.123,0.0,0.612,-0.032,1
1349,57,0,8,0.7,0.629,0.839,1.0,0.211,0.0,0
1350,71,0,6,0.862,0.613,0.618,0.0,0.366,-0.026,0
1351,72,1,10,0.7,0.496,1.02,0.0,0.617,0.135,0
1352,68,1,12,1.178,0.42,0.7,0.0,0.295,0.443,1
1353,30,1,9,0.875,0.597,0.535,0.0,0.174,0.155,0
1354,40,1,4,0.726,0.666,0.7,0.0,0.175,0.17,0
1355,59,0,12,0.852,0.542,0.799,0.25,0.304,-0.016,1
1356,38,1,4,0.908,0.572,0.561,0.5,-0.022,-0.038,0
1357,38,1,9,0.824,0.65,0.417,0.5,0.086,0.312,0
1358,67,1,9,1.003,0.573,0.682,0.0,0.413,0.275,0
1359,33,0,11,0.902,0.632,0.643,0.0,0.197,0.24,0
1360,80,1,9,0.79,0.448,0.698,0.25,0.3,0.019,0
1361,35,0,3,0.827,0.635,0.523,0.25,0.117,0.125,0
1362,78,0,8,0.771,0.711,0.65,0.0,0.253,0.087,0
1363,32,1,5,0.872,0.578,0.662,0.0,0.223,0.074,0
1364,50,0,7,0.941,0.555,0.738,0.75,0.217,0.059,1
1365,51,1,12,1.125,0.424,1.009,0.5,0.679,0.29,0
1366,39,1,12,0.853,0.492,0.746,0.5,0.046,0.209,0
1367,69,1,11,0.967,0.501,0.879,0.0,0.155,0.233,0
1368,41,0,12,0.963,0.451,0.797,0.0,0.414,0.23,0
1369,66,1,11,0.848,0.723,0.81,0.0,0.378,0.164,0
1370,39,0,9,0.792,0.635,0.854,0.25,0.225,0.087,0
1371,43,1,3,0.792,0.682,0.781,0.5,0.372,-0.123,1
1372,52,1,3,0.797,0.615,0.559,0.25,-0.019,0.131,0
1373,33,1,7,0.704,0.618,0.576,1.0,0.034,0.039,0
1374,70,1,8,0.887,0.505,0.821,0.75,0.436,0.134,0
1375,37,0,8,0.885,0.628,0.719,1.0,0.328,0.11,0
1376,64,1,4,0.699,0.696,0.878,0.0,0.648,-0.023,1
1377,61,1,5,0.718,0.528,0.536,0.0,0.323,0.016,0
1378,47,1,9,0.857,0.653,0.785,0.25,0.493,0.157,0
1379,54,0,4,0.762,0.59,0.715,0.75,0.119,0.156,0
1380,56,0,5,0.7,0.641,0.68,0.25,0.19,-0.111,0
1381,79,1,10,0.947,0.597,0.533,0.25,0.195,0.087,0
1382,54,1,8,0.925,0.607,0.794,0.0,0.094,0.362,0
1383,35,1,8,1.17,0.51,0.904,0.0,0.755,0.466,0
1384,78,0,6,0.864,0.521,0.906,0.0,0.471,-0.059,0
1385,32,0,9,0.776,0.481,0.821,0.5,0.305,0.339,0
1386,59,0,8,0.78,0.534,0.862,1.0,0.116,-0.008,1
1387,39,0,10,0.876,0.454,0.68,0.25,0.213,0.078,0
1388,69,1,4,0.807,0.568,0.601,0.75,-0.04,0.207,0
1389,31,1,11,1.014,0.335,0.716,0.0,0.359,0.175,0
1390,44,0,4,0.679,0.664,0.743,0.0,0.342,0.114,0
1391,77,1,10,0.921,0.506,0.727,0.5,0.268,0.117,0
1392,38,1,12,1.067,0.472,0.98,0.25,0.283,0.262,1
1393,62,1,12,0.884,0.627,0.704,0.0,0.141,0.184,1
1394,33,1,8,0.634,0.568,0.772,0.5,0.305,-0.118,0
1395,70,0,7,1.019,0.67,0.54,0.25,0.369,0.375,0
1396,82,1,5,0.863,0.7,0.647,0.5,0.067,0.052,0
1397,31,1,3,0.858,0.657,0.545,0.0,-0.021,0.09,0
1398,59,0,6,0.898,0.629,1.157,0.25,0.805,-0.06,0
1399,35,0,3,0.847,0.657,0.846,0.0,0.458,-0.068,1
1400,36,1,5,0.963,0.56,0.683,0.0,0.501,0.438,1
1401,65,0,8,0.816,0.581,0.66,1.0,0.188,0.214,0
1402,75,0,4,0.574,0.602,0.634,0.5,0.32,-0.126,0
1403,47,1,10,0.795,0.46,1.029,0.25,0.797,0.182,0
1404,82,0,5,0.63,0.705,0.608,0.5,0.196,-0.183,0
1405,62,0,7,0.902,0.65,0.825,0.0,0.543,0.05,1
1406,72,1,11,0.909,0.473,0.77,0.0,0.071,0.262,0
1407,49,1,12,0.841,0.494,1.119,0.5,0.657,0.142,0
1408,62,1,4,0.735,0.581,0.514,0.25,0.27,0.13,1
1409,57,0,3,0.746,0.753,0.711,1.0,0.408,0.191,0
1410,39,0,5,0.994,0.664,0.722,0.25,0.228,0.139,0
1411,76,1,7,0.823,0.608,0.52,0.0,-0.205,-0.066,0
1412,56,0,8,0.836,0.467,0.634,0.0,0.137,0.051,0
1413,77,0,11,0.782,0.412,0.476,0.25,-0.111,0.241,0
1414,64,0,11,0.814,0.687,0.928,0.5,0.482,0.036,0
1415,52,0,11,0.967,0.582,0.854,0.75,0.003,0.147,0
1416,68,0,12,0.952,0.525,0.743,0.75,0.072,0.18,0
1417,43,0,6,1.069,0.473,0.538,0.25,0.129,0.404,0
1418,32,1,4,0.759,0.785,0.437,0.0,-0.257,-0.096,0
1419,75,0,3,0.545,0.509,0.778,0.25,0.122,-0.308,0
1420,30,1,9,1.018,0.581,0.556,1.0,-0.006,0.361,0
1421,70,1,6,0.837,0.575,0.671,0.0,-0.029,0.046,1
1422,77,1,8,1.086,0.592,0.638,0.0,0.188,0.524,0
1423,39,0,10,0.785,0.519,0.973,1.0,0.5,0.233,0
1424,47,1,10,1.071,0.607,0.713,1.0,0.172,0.092,0
1425,46,1,7,0.896,0.471,0.963,0.25,0.647,0.129,1
1426,77,0,8,0.882,0.673,0.421,0.0,-0.308,0.251,0
1427,39,1,10,0.875,0.443,0.593,0.0,0.368,-0.127,0
1428,73,0,8,1.08,0.45,0.758,1.0,0.406,0.006,0
1429,78,0,11,0.793,0.573,0.925,0.0,0.373,0.185,0
1430,52,0,11,0.783,0.406,0.777,0.75,0.209,0.171,0
1431,40,1,11,0.866,0.534,0.848,0.75,0.279,0.014,0
1432,46,1,12,1.033,0.569,1.198,0.75,0.727,0.22,0
1433,72,1,12,0.867,0.431,0.718,0.0,0.504,0.206,1
1434,79,1,11,0.7,0.368,0.608,0.0,0.217,0.1,1
1435,80,0,3,0.669,0.563,0.635,0.0,0.291,0.019,0
1436,36,0,5,0.891,0.603,0.728,0.75,0.362,0.248,1
1437,84,1,3,0.509,0.588,0.673,0.5,0.27,-0.191,0
1438,65,1,10,0.939,0.613,0.862,0.5,0.314,0.077,1
1439,81,1,6,0.838,0.628,0.808,0.25,0.108,-0.048,1
1440,45,0,7,0.92,0.552,0.592,0.5,0.113,0.088,0
1441,71,0,8,0.927,0.7,0.687,0.25,0.145,0.115,0
1442,69,0,4,0.673,0.702,0.889,0.0,0.52,-0.124,0
1443,71,1,12,0.904,0.525,1.028,0.0,0.54,-0.117,0
1444,43,0,7,0.892,0.633,0.683,0.0,0.189,0.17,0
1445,78,0,5,0.72,0.727,0.767,0.0,0.415,-0.029,0
1446,46,0,6,0.811,0.64,0.589,0.5,0.116,-0.038,0
1447,32,0,10,1.129,0.525,0.831,0.25,0.546,0.263,0
1448,31,1,7,0.92,0.636,0.577,1.0,-0.131,0.189,0
1449,32,0,9,0.922,0.627,0.774,0.0,0.182,-0.008,0
1450,71,0,5,0.7,0.678,0.751,0.0,0.323,0.01,0
1451,55,1,6,0.605,0.61,0.653,0.0,0.127,-0.147,0
1452,48,0,11,0.919,0.562,1.039,0.5,0.462,0.166,0
1453,82,1,12,0.92,0.4,0.735,1.0,0.249,0.042,0
1454,77,0,10,0.829,0.549,0.711,0.0,0.33,-0.104,0
1455,72,1,12,1.033,0.663,1.408,0.0,1.033,0.326,0
1456,70,1,6,0.708,0.522,0.833,1.0,0.129,-0.096,0
1457,67,1,7,0.991,0.628,0.824,1.0,0.456,0.366,0
1458,38,0,3,0.654,0.512,0.818,0.0,0.097,-0.254,0
1459,46,1,11,0.975,0.517,1.059,0.0,0.823,0.141,0
1460,34,1,4,0.717,0.49,0.229,0.75,-0.348,-0.175,0
1461,82,0,5,0.847,0.68,0.581,0.5,0.184,0.054,0
1462,37,0,12,0.777,0.725,0.935,0.5,0.334,0.114,0
1463,30,1,11,0.779,0.7,0.999,0.75,0.587,0.09,0
1464,30,1,11,0.988,0.523,0.826,1.0,0.476,0.364,0
1465,82,1,9,0.919,0.476,0.691,0.0,0.091,0.366,0
1466,63,1,11,1.013,0.472,0.771,0.0,0.378,0.138,1
1467,38,0,4,0.655,0.573,0.787,0.25,0.118,-0.177,0
1468,42,1,3,0.862,0.618,0.371,0.0,0.09,0.123,0
1469,50,1,4,0.887,0.585,0.521,0.25,-0.252,0.159,0
1470,39,0,4,0.879,0.574,0.535,0.75,0.197,0.003,0
1471,67,1,4,1.015,0.686,0.687,1.0,0.17,0.083,0
1472,77,0,11,0.811,0.557,0.811,0.0,0.082,0.061,0
1473,50,0,5,0.849,0.7,0.661,0.0,0.196,0.103,0
1474,32,0,6,0.868,0.494,0.666,0.75,0.197,-0.029,0
1475,73,0,10,0.722,0.71,0.922,1.0,0.454,0.296,1
1476,31,1,7,0.7,0.553,0.673,0.0,0.273,0.149,0
1477,48,1,10,0.862,0.547,0.7,0.25,0.132,-0.059,0
1478,44,1,11,0.7,0.503,0.725,0.0,0.357,-0.205,0
1479,36,1,12,0.828,0.539,0.7,0.75,0.557,0.118,0
1480,46,0,3,0.864,0.431,0.53,0.0,-0.012,0.038,0
1481,36,0,5,0.741,0.568,0.456,0.25,0.166,0.058,0
1482,78,1,3,0.875,0.592,0.66,0.0,0.246,0.144,0
1483,78,0,8,0.878,0.56,0.842,0.5,0.142,0.098,0
1484,41,1,5,0.727,0.547,0.747,0.0,0.177,0.263,0
1485,69,1,6,0.758,0.555,0.557,0.75,-0.151,0.075,0
1486,41,0,11,0.749,0.674,0.631,0.25,0.199,0.059,0
1487,72,1,6,0.878,0.702,0.42,1.0,-0.02,0.211,0
1488,47,0,12,0.971,0.627,1.206,0.0,0.856,0.199,0
1489,81,0,4,0.839,0.681,0.632,0.0,0.138,0.246,1
1490,46,1,8,0.8,0.603,0.394,0.0,0.1,0.021,0
1491,75,0,9,0.821,0.435,0.779,0.75,0.249,-0.028,0
1492,81,0,8,0.77,0.523,0.776,0.5,0.294,-0.007,1
1493,39,0,4,0.994,0.592,0.7,0.75,-0.082,-0.021,0
1494,35,1,10,1.073,0.56,0.791,0.0,0.29,0.179,0
1495,31,1,10,0.84,0.397,0.747,0.0,0.011,0.119,0
1496,60,0,11,0.92,0.486,0.881,0.0,0.711,0.12,0
1497,64,1,5,1.087,0.618,0.817,0.0,0.198,0.359,0
1498,59,1,6,0.839,0.449,0.874,0.0,0.443,0.25,0
1499,35,1,6,0.946,0.646,0.838,0.0,0.304,0.029,0
1500,76,0,10,0.905,0.492,1.065,0.0,0.278,-0.023,0
1501,49,1,12,1.237,0.523,0.7,0.0,-0.009,0.443,0
1502,81,1,10,0.779,0.609,0.858,0.0,0.111,0.034,0
1503,63,1,9,1.018,0.637,0.543,0.0,0.343,0.32,0
1504,39,1,10,0.923,0.515,0.941,1.0,0.601,0.179,0
1505,36,0,5,0.948,0.611,0.705,0.25,0.096,0.202,0
1506,43,0,5,0.894,0.683,0.743,0.0,0.541,-0.025,0
1507,44,0,8,0.7,0.548,0.82,0.5,0.174,-0.015,0
1508,32,0,3,0.976,0.485,0.767,0.0,0.053,0.287,0
1509,81,0,9,1.027,0.562,0.77,0.5,0.476,0.113,0
1510,34,1,3,0.666,0.638,0.691,0.25,0.27,-0.126,0
1511,72,1,9,0.953,0.598,0.738,0.0,0.255,0.137,1
1512,58,1,7,0.866,0.626,0.476,0.75,0.158,-0.007,0
1513,71,0,11,0.904,0.41,0.781,0.0,0.26,0.145,0
1514,33,0,6,0.778,0.685,0.42,0.0,0.037,0.07,0
1515,39,1,9,1.092,0.578,0.847,0.0,0.74,0.222,0
1516,70,1,11,1.011,0.514,0.896,0.75,0.413,0.14,1
1517,70,1,7,0.755,0.484,0.715,0.5,0.319,0.078,1
1518,40,0,9,0.83,0.526,0.766,0.0,-0.068,0.004,0
1519,37,1,7,0.936,0.697,0.418,0.5,0.189,0.16,0
1520,63,1,11,0.973,0.575,0.67,1.0,0.089,0.425,0
1521,81,1,10,0.919,0.7,0.42,0.0,0.027,0.232,0
1522,45,0,10,0.834,0.569,0.522,0.0,0.089,0.133,0
1523,60,0,4,0.671,0.529,0.542,0.25,0.303,-0.029,0
1524,53,1,12,0.722,0.619,0.827,0.75,0.277,0.017,1
1525,50,1,11,0.972,0.688,0.7,0.5,0.08,0.265,0
1526,78,0,6,0.965,0.458,0.448,0.0,0.15,0.277,0
1527,38,0,7,0.851,0.59,0.404,0.0,-0.236,0.161,0
1528,56,1,9,0.958,0.45,0.711,0.0,0.419,0.272,1
1529,73,1,10,1.081,0.436,0.648,0.0,0.276,0.467,0
1530,83,0,11,0.88,0.633,0.913,0.25,0.413,0.086,1
1531,62,1,4,1.004,0.699,0.949,0.25,0.552,0.327,0
1532,45,0,4,0.745,0.561,0.59,0.5,0.172,-0.218,0
1533,31,1,3,0.653,0.662,0.683,0.75,0.425,-0.238,0
1534,75,1,3,0.949,0.514,0.58,0.0,0.026,0.111,0
1535,61,0,10,0.971,0.407,0.639,0.75,0.183,0.18,0
1536,65,1,11,1.059,0.625,0.744,0.0,0.422,0.262,1
1537,56,0,7,0.855,0.651,0.7,1.0,0.143,0.035,0
1538,70,1,10,0.68,0.524,1.026,0.0,0.647,-0.015,0
1539,46,1,11,0.761,0.555,0.539,0.25,0.325,0.087,0
1540,41,0,6,0.77,0.591,0.472,0.25,0.002,0.071,0
1541,68,1,5,0.817,0.556,0.479,0.0,0.067,0.095,0
1542,39,1,4,0.714,0.564,0.412,0.5,-0.116,-0.069,0
1543,71,1,7,0.792,0.611,0.769,1.0,0.266,0.01,0
1544,63,0,6,0.814,0.7,0.552,0.25,0.025,0.291,0
1545,40,0,11,1.017,0.433,0.952,0.0,0.665,0.415,0
1546,58,0,5,0.833,0.614,0.886,0.25,0.438,0.026,0
1547,54,1,6,0.893,0.573,0.892,0.75,0.336,-0.037,1
1548,31,0,8,0.799,0.483,0.836,0.0,0.357,-0.068,0
1549,37,0,9,1.038,0.641,0.478,0.5,0.02,0.271,0
1550,76,0,6,0.889,0.6,0.527,0.0,-0.002,0.027,0
1551,30,0,11,0.946,0.502,1.024,0.0,0.651,0.324,0
1552,69,0,8,0.888,0.617,0.978,0.5,0.435,0.288,0
1553,51,0,10,0.7,0.597,0.888,0.0,0.362,-0.087,0
1554,53,0,11,0.989,0.602,0.931,0.0,0.471,0.223,0
1555,60,1,11,0.879,0.412,0.546,0.25,0.138,0.149,0
1556,57,1,11,0.778,0.548,0.91,0.5,0.382,-0.145,0
1557,80,0,9,0.936,0.7,0.843,0.0,0.524,0.148,0
1558,53,1,12,0.919,0.591,0.809,0.5,0.49,0.223,1
1559,37,0,7,0.633,0.478,0.736,0.5,0.213,-0.148,1
1560,76,0,9,0.992,0.572,0.868,0.5,0.397,0.283,0
1561,60,1,12,0.97,0.532,0.737,0.0,0.559,0.292,0
1562,47,0,3,0.846,0.629,0.536,0.25,0.097,0.038,0
1563,82,1,7,0.729,0.429,0.524,0.0,-0.304,-0.106,1
1564,66,1,4,1.089,0.616,0.616,0.75,0.398,0.391,0
1565,64,1,7,0.933,0.589,1.232,0.25,0.553,0.005,1
1566,59,0,7,0.799,0.48,0.897,0.0,0.351,0.085,0
1567,41,1,6,0.895,0.716,0.408,0.25,-0.41,0.11,0
1568,64,0,7,0.813,0.498,0.502,0.0,0.166,-0.0,0
1569,73,0,6,0.948,0.628,0.692,1.0,-0.058,0.284,1
1570,37,1,8,0.879,0.662,0.554,0.0,0.089,0.071,0
1571,64,0,10,0.987,0.542,0.986,0.75,0.565,0.245,0
1572,64,1,10,0.927,0.563,0.743,0.25,0.438,0.332,0
1573,57,0,6,0.823,0.55,0.666,0.0,0.104,0.083,0
1574,41,1,10,1.056,0.482,1.15,0.0,0.407,0.223,0
1575,58,1,9,1.0,0.448,0.905,0.0,0.393,0.404,0
1576,84,0,7,0.786,0.511,0.329,0.0,-0.125,-0.011,0
1577,75,1,10,1.038,0.592,0.613,0.75,0.077,0.296,0
1578,45,1,4,0.799,0.548,0.494,0.0,-0.252,0.04,0
1579,73,1,9,0.955,0.549,0.678,0.0,0.308,0.306,0
1580,72,0,9,0.839,0.499,0.714,1.0,0.463,0.139,0
1581,60,0,4,0.813,0.7,0.414,1.0,-0.169,0.113,0
1582,75,0,6,0.623,0.422,0.391,1.0,0.062,-0.018,0
1583,61,1,7,0.91,0.389,0.908,0.5,0.32,0.233,0
1584,42,1,10,1.035,0.487,0.671,0.0,-0.155,0.168,0
1585,41,1,11,0.993,0.57,0.635,0.5,0.264,0.112,0
1586,55,1,10,0.93,0.627,1.066,0.5,0.625,0.191,0
1587,81,1,10,0.858,0.593,0.7,0.5,0.344,0.109,0
1588,61,0,10,0.939,0.517,0.975,0.0,0.674,0.148,0
1589,60,0,9,0.81,0.7,0.568,0.75,-0.084,0.079,1
1590,76,0,7,0.752,0.467,0.624,0.25,0.104,0.094,0
1591,38,0,11,0.738,0.65,0.679,1.0,0.1,0.028,0
1592,38,0,5,0.918,0.639,0.974,0.25,0.64,0.063,0
1593,75,1,3,0.751,0.622,0.445,0.5,-0.159,0.102,1
1594,56,0,4,0.608,0.611,0.515,0.0,0.152,-0.174,0
1595,68,0,5,0.584,0.496,0.774,0.0,0.199,-0.069,1
1596,38,0,6,0.976,0.638,0.417,0.0,-0.135,0.148,0
1597,35,1,6,0.799,0.661,0.559,0.25,0.363,0.055,0
1598,69,0,8,0.93,0.526,0.569,0.0,-0.007,0.122,0
1599,60,0,3,0.668,0.628,0.766,0.0,0.252,0.155,1
1600,64,1,7,0.925,0.596,0.91,0.0,0.273,0.131,1
1601,74,0,9,0.94,0.603,0.801,0.0,0.262,0.443,1
1602,81,0,11,0.745,0.484,0.657,0.0,0.269,0.111,1
1603,39,1,4,0.518,0.658,0.603,0.0,-0.089,-0.255,0
1604,75,0,11,1.061,0.608,1.026,1.0,0.661,0.452,0
1605,68,0,5,0.595,0.7,0.771,0.5,0.12,-0.176,0
1606,63,1,3,0.902,0.621,0.43,0.0,0.178,0.242,0
1607,72,1,8,0.952,0.447,1.11,1.0,0.743,-0.025,1
1608,37,1,3,0.615,0.476,0.388,0.75,-0.091,-0.34,0
1609,33,0,11,0.927,0.532,0.589,0.25,0.428,-0.024,0
1610,75,0,5,0.886,0.526,0.804,0.5,0.589,0.158,0
1611,36,0,5,0.606,0.616,0.703,0.25,0.202,-0.211,1
1612,72,0,5,0.735,0.568,0.8,0.5,0.1,0.026,1
1613,57,0,9,1.163,0.567,1.0,0.75,0.635,0.509,0
1614,40,0,4,0.858,0.608,0.681,0.0,0.25,-0.003,0
1615,54,1,7,0.902,0.473,0.402,0.0,0.253,0.176,0
1616,45,0,10,0.828,0.655,1.045,0.0,0.933,0.224,1
1617,83,0,4,0.811,0.514,0.388,0.0,-0.177,0.098,0
1618,37,1,4,0.877,0.686,0.459,0.0,-0.012,0.156,0
1619,71,0,3,0.668,0.681,0.735,0.25,0.164,-0.036,0
1620,66,0,3,0.933,0.548,0.159,0.5,-0.565,0.157,0
1621,67,0,6,0.848,0.619,0.486,0.75,-0.112,0.13,0
1622,42,1,8,0.809,0.55,0.683,0.0,0.524,0.097,0
1623,67,0,8,0.93,0.699,0.778,0.5,0.199,0.384,0
1624,78,0,4,0.7,0.645,0.486,0.0,0.099,0.084,0
1625,63,1,7,0.812,0.691,0.769,0.0,0.399,0.046,0
1626,55,0,3,0.933,0.694,0.455,0.0,0.034,0.176,0
1627,56,0,3,1.064,0.697,0.69,0.0,-0.01,0.277,0
1628,69,0,4,0.697,0.621,0.558,0.25,0.244,0.027,0
1629,78,0,10,0.891,0.529,0.887,0.75,0.233,-0.139,1
1630,55,1,9,0.677,0.352,0.983,0.5,0.514,0.006,0
1631,37,0,6,0.991,0.688,0.462,0.0,0.078,0.261,0
1632,46,0,5,0.671,0.59,0.879,0.0,0.721,-0.116,0
1633,34,0,10,0.729,0.548,1.041,0.0,0.3,0.022,0
1634,49,1,9,0.964,0.551,0.802,0.0,0.037,0.186,0
1635,33,0,5,0.691,0.583,0.296,0.75,0.016,0.222,0
1636,66,1,6,0.964,0.622,0.377,0.75,0.213,0.263,0
1637,57,1,9,0.991,0.578,0.715,0.0,0.192,0.321,0
1638,75,1,3,0.841,0.663,0.751,0.25,0.416,0.102,0
1639,44,0,12,0.878,0.654,1.025,0.5,0.29,0.291,0
1640,32,0,3,0.791,0.722,0.338,1.0,-0.161,0.144,0
1641,57,1,12,1.052,0.442,0.805,0.75,0.37,0.454,0
1642,40,1,7,0.781,0.557,0.411,0.0,0.071,-0.179,0
1643,59,1,7,1.073,0.619,0.55,0.25,-0.016,0.248,0
1644,40,1,8,0.799,0.573,0.742,0.5,0.445,0.09,0
1645,32,1,4,0.849,0.612,0.717,0.5,0.333,0.051,0
1646,57,0,10,0.732,0.537,0.914,0.0,0.745,-0.118,0
1647,34,0,4,0.607,0.625,0.665,1.0,0.258,-0.391,0
1648,58,0,3,0.739,0.645,0.482,0.0,0.01,-0.099,0
1649,76,1,6,0.694,0.605,0.509,0.75,-0.36,-0.069,0
1650,39,0,12,0.883,0.583,0.968,0.0,0.546,0.149,0
1651,41,0,6,0.787,0.573,0.565,0.0,-0.029,-0.073,0
1652,64,0,9,0.953,0.461,0.906,0.0,0.293,0.103,0
1653,31,0,7,0.894,0.476,0.922,0.0,0.558,0.032,0
1654,78,1,3,0.836,0.657,0.674,0.0,-0.032,0.243,1
1655,42,1,7,0.806,0.63,0.574,0.0,0.229,0.124,0
1656,61,0,11,1.091,0.583,0.862,0.0,0.501,0.626,0
1657,45,0,5,1.038,0.668,0.586,0.0,0.381,0.321,0
1658,72,1,4,0.913,0.62,0.558,0.5,0.313,0.262,0
1659,41,0,11,0.944,0.528,0.754,0.25,0.177,0.029,1
1660,73,1,3,0.85,0.641,0.495,0.5,0.019,0.059,1
1661,33,1,11,0.942,0.659,1.021,0.0,0.504,-0.025,0
1662,44,1,5,0.705,0.479,0.697,0.0,-0.127,0.041,0
1663,77,1,12,1.052,0.563,1.135,1.0,0.54,0.307,1
1664,32,1,3,0.824,0.613,0.18,0.0,-0.216,0.085,0
1665,50,1,10,1.093,0.597,0.928,0.75,0.228,0.443,0
1666,46,1,11,0.993,0.583,1.159,0.0,0.459,0.279,0
1667,60,1,7,0.862,0.532,0.936,0.5,0.194,0.199,0
1668,60,0,6,0.772,0.548,0.877,0.0,0.334,0.044,1
1669,67,0,6,0.89,0.652,0.835,0.75,0.737,0.207,1
1670,33,0,10,1.178,0.525,1.16,0.0,0.47,0.41,0
1671,63,0,5,0.63,0.493,0.962,0.0,0.134,-0.147,0
1672,78,0,5,0.661,0.643,0.412,0.25,-0.075,-0.19,0
1673,52,1,4,0.813,0.678,0.577,0.5,0.17,0.05,0
1674,42,0,7,0.914,0.649,0.733,0.0,0.505,0.303,1
1675,35,0,9,0.848,0.617,0.848,1.0,0.469,0.17,0
1676,71,0,11,0.956,0.626,0.785,0.5,0.215,0.294,0
1677,63,0,3,0.768,0.688,0.515,0.0,0.348,0.077,0
1678,47,1,6,0.971,0.595,0.824,0.0,0.5,0.411,0
1679,30,0,3,0.622,0.628,0.392,0.5,-0.072,-0.206,0
1680,31,1,10,1.092,0.559,0.486,0.25,-0.214,0.479,0
1681,62,0,11,1.115,0.717,1.009,0.75,0.419,0.402,0
1682,78,1,6,0.72,0.644,0.663,0.5,0.068,-0.196,0
1683,69,0,8,0.7,0.559,0.813,0.5,0.285,0.0,0
1684,73,0,3,0.85,0.539,0.757,1.0,0.372,0.097,0
1685,67,1,9,0.976,0.603,0.678,0.0,0.43,0.26,0
1686,76,1,10,0.961,0.572,0.92,0.0,0.448,0.071,0
1687,45,0,11,1.129,0.524,0.827,0.0,0.069,0.425,0
1688,38,1,11,0.607,0.532,0.984,0.5,0.714,-0.047,1
1689,55,0,12,1.071,0.477,0.599,0.25,0.185,0.323,0
1690,41,1,5,0.682,0.567,0.438,0.25,-0.202,-0.107,0
1691,41,0,5,0.85,0.712,0.359,0.25,0.112,-0.001,0
1692,42,1,3,0.676,0.595,0.34,0.75,-0.28,0.128,0
1693,50,0,7,1.04,0.49,0.6,0.5,0.117,0.182,0
1694,72,1,11,1.009,0.488,0.958,0.0,0.39,0.142,0
1695,59,0,12,0.981,0.52,0.849,0.75,0.525,0.169,0
1696,39,0,8,0.726,0.697,0.879,0.25,0.546,0.028,1
1697,47,1,6,1.092,0.585,0.562,0.75,0.015,0.259,0
1698,72,1,7,0.828,0.632,0.99,0.5,0.671,0.246,0
1699,45,0,9,0.74,0.523,0.993,0.0,0.641,0.134,0
1700,75,0,4,0.833,0.546,0.562,1.0,0.027,0.133,0
1701,68,1,11,0.888,0.487,0.688,0.0,0.008,0.188,1
1702,74,0,11,0.721,0.474,0.929,1.0,0.25,0.049,0
1703,57,0,5,0.866,0.543,0.948,0.75,0.195,0.236,0
1704,33,1,6,0.769,0.698,0.474,0.0,-0.059,-0.081,0
1705,72,1,5,0.757,0.554,0.602,0.0,0.171,0.135,0
1706,78,1,10,0.883,0.597,0.682,0.0,0.187,0.123,0
1707,68,0,8,0.733,0.495,0.617,0.0,0.214,-0.057,0
1708,72,1,10,1.031,0.463,1.034,0.25,0.673,0.331,0
1709,53,0,7,0.948,0.637,0.846,0.0,0.025,0.163,0
1710,35,0,5,0.745,0.58,0.539,0.0,0.032,0.003,0
1711,33,0,10,0.925,0.645,1.341,0.0,1.037,0.07,0
1712,83,1,3,0.985,0.574,0.373,0.0,-0.305,0.218,0
1713,75,1,7,0.794,0.625,0.814,0.0,0.134,0.223,1
1714,36,0,12,1.176,0.47,0.837,0.0,0.38,0.388,0
1715,80,0,11,1.054,0.528,0.829,0.0,0.544,0.163,1
1716,59,0,9,0.868,0.587,0.914,1.0,0.422,0.151,0
1717,41,1,6,1.194,0.471,0.448,0.5,0.053,0.634,0
1718,39,0,4,0.822,0.641,0.414,0.0,0.002,-0.04,0
1719,55,0,6,0.847,0.638,0.462,0.0,0.105,0.076,0
1720,57,1,10,0.81,0.398,0.577,0.0,0.142,0.019,0
1721,38,1,8,0.813,0.565,0.446,0.0,0.101,0.032,0
1722,82,0,9,1.038,0.485,0.8,0.25,0.208,0.384,0
1723,30,0,6,0.761,0.703,0.7,0.0,0.346,0.049,0
1724,67,1,6,0.881,0.695,0.587,0.5,0.016,0.181,0
1725,32,1,12,0.785,0.485,1.252,0.5,0.66,-0.108,0
1726,76,0,8,1.025,0.604,0.799,0.5,0.329,0.206,0
1727,70,0,11,1.155,0.573,0.989,0.5,0.395,0.331,0
1728,58,1,3,0.622,0.587,0.706,0.25,0.371,-0.145,1
1729,65,0,3,0.587,0.593,0.693,0.5,0.366,-0.052,0
1730,32,0,10,0.885,0.478,0.86,0.25,0.242,0.118,1
1731,66,1,8,0.734,0.706,0.62,0.0,-0.08,-0.131,0
1732,42,1,7,0.716,0.614,0.7,0.0,0.227,0.086,0
1733,65,1,10,1.018,0.51,0.539,0.0,0.053,0.216,0
1734,49,0,11,0.7,0.412,0.972,1.0,0.656,-0.102,0
1735,79,1,6,0.876,0.703,0.7,0.25,0.441,0.045,0
1736,78,0,10,0.958,0.469,0.845,0.5,0.539,0.036,0
1737,73,0,12,0.903,0.571,0.82,0.0,0.549,0.076,0
1738,55,1,10,0.923,0.573,0.809,0.0,0.031,0.206,0
1739,47,0,12,0.962,0.518,1.164,0.25,0.778,0.262,0
1740,48,0,4,0.803,0.602,0.459,0.5,0.149,-0.007,0
1741,40,1,4,0.857,0.634,0.65,0.5,0.279,-0.025,0
1742,32,0,3,0.901,0.584,0.599,1.0,-0.101,0.066,0
1743,77,1,3,0.56,0.513,0.517,0.75,0.314,-0.116,0
1744,54,1,12,0.876,0.427,0.933,0.25,0.314,0.063,0
1745,44,1,4,0.876,0.565,1.034,0.25,0.613,0.176,0
1746,72,1,8,0.873,0.567,0.913,0.5,0.63,0.214,1
1747,68,0,9,0.932,0.599,0.738,0.75,0.243,0.441,0
1748,49,1,10,1.019,0.634,0.753,0.5,0.345,0.02,0
1749,46,1,8,0.882,0.508,0.55,0.0,0.271,0.016,0
1750,52,0,5,0.643,0.608,0.501,0.5,0.261,-0.051,0
1751,81,1,10,1.083,0.577,0.795,0.0,0.407,0.319,0
1752,49,1,10,0.972,0.557,0.942,0.0,0.235,0.041,0
1753,83,0,4,0.72,0.703,0.382,0.25,-0.191,0.107,0
1754,78,1,5,0.733,0.635,0.454,0.0,0.072,-0.138,0
1755,37,0,6,1.008,0.643,0.561,0.0,0.241,0.239,0
1756,33,1,3,0.692,0.612,0.47,0.25,0.072,0.061,0
1757,38,0,10,1.084,0.644,0.696,0.5,0.394,0.462,0
1758,47,1,9,0.916,0.57,0.534,0.0,0.017,0.186,0
1759,70,1,8,0.642,0.578,0.809,0.5,0.386,0.101,0
1760,65,0,11,0.839,0.701,0.815,0.25,0.498,0.036,0
1761,81,0,5,0.926,0.461,0.545,0.0,-0.067,0.203,0
1762,30,1,10,0.837,0.555,0.608,0.75,-0.004,-0.093,0
1763,48,1,10,1.066,0.616,0.956,0.0,0.382,0.033,1
1764,77,0,7,0.759,0.622,0.765,0.5,0.364,-0.023,0
1765,45,0,5,0.881,0.615,0.755,0.0,-0.127,0.133,0
1766,40,1,9,0.825,0.581,0.89,0.25,0.576,0.162,0
1767,38,1,6,0.916,0.528,0.665,0.0,0.123,0.301,0
1768,66,0,7,0.809,0.578,0.827,0.75,-0.012,-0.065,0
1769,38,0,8,0.969,0.531,0.631,0.25,0.284,0.364,0
1770,77,1,10,0.784,0.67,0.902,0.5,0.539,0.024,0
1771,70,1,11,1.144,0.576,0.807,0.5,0.513,0.339,0
1772,54,1,12,0.939,0.471,1.16,0.0,0.51,0.072,1
1773,54,1,12,1.022,0.483,0.845,0.0,0.361,0.175,0
1774,65,1,4,0.936,0.614,0.71,0.5,0.158,0.207,0
1775,48,0,12,1.129,0.377,0.66,0.0,0.364,0.441,0
1776,80,1,11,0.827,0.544,1.1,0.0,0.766,0.046,0
1777,34,1,6,0.848,0.626,0.631,0.5,0.323,0.243,0
1778,57,0,10,0.914,0.603,1.047,0.0,0.55,0.169,0
1779,48,0,9,1.045,0.671,0.816,0.0,0.401,0.181,0
1780,69,0,5,0.977,0.655,0.637,0.5,0.254,0.27,0
1781,57,1,3,0.826,0.627,0.468,0.25,0.234,0.005,0
1782,72,0,3,0.84,0.648,0.177,0.25,-0.564,0.194,0
1783,69,0,5,0.642,0.49,1.099,1.0,0.711,-0.298,0
1784,83,1,5,0.737,0.567,0.754,0.5,0.467,0.009,0
1785,36,1,11,1.117,0.594,0.578,0.0,0.298,0.335,0
1786,74,0,7,0.944,0.477,0.557,0.0,-0.012,0.054,0
1787,70,1,9,1.003,0.68,0.851,0.25,0.276,0.185,1
1788,37,0,11,1.162,0.437,0.876,0.0,0.508,0.266,0
1789,34,1,8,0.926,0.7,0.69,0.5,-0.107,0.152,0
1790,58,0,11,1.042,0.577,0.949,0.0,0.238,0.362,0
1791,43,0,8,0.833,0.653,0.818,0.25,0.277,0.272,1
1792,79,1,5,0.865,0.656,0.715,1.0,0.153,0.027,1
1793,79,1,4,0.778,0.55,0.836,0.0,0.033,0.017,1
1794,80,0,12,1.032,0.433,0.957,0.25,0.413,0.252,0
1795,56,1,6,0.92,0.601,0.64,0.5,0.455,0.22,0
1796,72,0,8,1.056,0.474,0.689,0.75,0.265,0.252,0
1797,64,1,4,0.918,0.568,0.258,0.25,0.013,0.107,0
1798,30,0,10,0.956,0.58,0.713,0.5,0.211,0.249,0
1799,35,1,3,0.95,0.659,0.432,0.25,-0.14,0.144,0
1800,74,0,4,0.934,0.665,0.382,0.0,-0.123,0.291,0
1801,68,1,11,0.893,0.501,0.7,0.0,0.168,0.327,1
1802,58,0,4,0.705,0.53,0.541,0.5,0.134,-0.154,0
1803,75,0,5,0.823,0.61,0.629,0.0,0.543,0.084,0
1804,50,1,7,0.838,0.557,0.77,0.0,0.395,0.018,0
1805,72,0,11,0.974,0.591,0.859,0.5,0.301,0.096,1
1806,73,0,9,0.981,0.568,0.825,0.25,0.115,0.272,1
1807,36,0,6,0.942,0.63,0.823,1.0,0.464,-0.014,0
1808,45,1,4,0.773,0.507,0.549,0.25,0.199,0.241,0
1809,55,1,9,0.917,0.59,0.91,0.0,0.266,0.1,0
1810,34,0,12,1.052,0.636,0.757,0.0,0.254,0.369,0
1811,74,0,5,0.705,0.554,0.792,0.0,0.225,0.137,0
1812,82,0,4,0.729,0.573,0.45,0.25,-0.139,-0.107,0
1813,46,1,9,1.067,0.612,0.874,0.75,0.174,0.356,0
1814,31,1,3,0.693,0.688,0.527,0.25,0.24,-0.07,0
1815,55,0,12,1.096,0.512,0.764,0.5,0.078,0.132,0
1816,45,0,9,1.067,0.55,0.698,0.5,0.34,0.414,0
1817,39,1,3,0.881,0.595,0.63,1.0,-0.007,0.105,0
1818,63,0,4,0.841,0.663,0.656,0.75,0.04,0.122,0
1819,72,1,3,0.763,0.631,0.493,1.0,0.023,0.099,0
1820,66,1,5,0.937,0.546,0.66,0.0,0.107,0.247,1
1821,57,0,11,0.889,0.496,0.956,0.0,0.634,0.049,0
1822,34,1,5,0.977,0.652,0.609,0.25,0.374,0.007,0
1823,63,1,5,0.839,0.587,0.776,0.75,0.195,0.173,0
1824,70,1,3,0.696,0.612,0.45,0.0,-0.044,-0.178,0
1825,52,0,5,0.743,0.655,0.509,0.75,0.209,-0.019,0
1826,76,1,11,0.761,0.511,0.756,0.5,0.057,-0.124,1
1827,69,0,12,1.022,0.474,1.229,0.0,0.724,0.05,1
1828,34,0,12,0.959,0.7,0.971,0.0,0.396,0.119,0
1829,62,0,10,1.048,0.652,0.7,0.75,0.347,0.353,0
1830,78,1,10,0.978,0.675,1.016,0.25,0.674,0.333,0
1831,58,1,3,0.881,0.646,0.602,0.75,0.1,0.168,0
1832,71,0,7,0.719,0.478,0.73,0.5,0.211,0.074,0
1833,54,1,10,0.878,0.59,0.772,0.5,0.219,0.194,0
1834,77,0,9,0.83,0.587,0.921,0.0,0.289,0.075,1
1835,45,0,9,0.873,0.445,0.857,0.0,0.387,-0.01,0
1836,55,0,3,0.887,0.68,0.473,0.0,0.166,0.017,0
1837,34,0,7,0.859,0.477,0.844,0.25,0.239,0.312,0
1838,38,1,12,1.21,0.557,0.831,0.5,0.391,0.268,0
1839,49,0,4,0.737,0.684,0.602,0.0,0.022,-0.071,0
1840,73,0,9,1.12,0.698,0.776,0.0,0.755,0.001,1
1841,33,0,4,0.785,0.632,0.7,0.0,0.213,-0.127,0
1842,59,1,3,0.905,0.584,0.514,0.0,-0.02,0.177,0
1843,77,1,8,1.055,0.627,0.756,1.0,0.056,0.256,0
1844,67,1,3,0.77,0.625,0.406,0.0,0.048,-0.127,0
1845,64,1,9,0.872,0.583,0.723,0.0,0.389,0.12,0
1846,83,0,8,0.786,0.597,0.55,0.0,0.22,0.0,0
1847,72,0,5,0.994,0.634,0.737,0.0,0.374,0.338,0
1848,50,1,4,0.912,0.624,0.591,1.0,0.256,0.032,0
1849,59,0,4,0.773,0.416,0.751,0.5,0.612,0.024,0
1850,34,1,8,0.816,0.482,0.522,0.0,0.173,0.211,0
1851,69,0,9,0.983,0.718,0.534,0.0,0.051,0.243,0
1852,57,1,6,0.741,0.424,0.705,0.0,0.318,-0.024,0
1853,49,1,12,0.883,0.534,0.987,0.25,0.419,0.069,0
1854,47,1,12,0.869,0.529,1.011,0.75,0.311,0.216,0
1855,61,1,11,1.095,0.508,0.76,0.0,0.143,0.435,1
1856,48,1,4,0.817,0.482,0.369,0.5,-0.057,-0.058,0
1857,38,0,6,0.885,0.598,0.705,0.5,0.362,0.285,0
1858,84,1,5,0.669,0.687,1.078,0.0,0.567,-0.031,0
1859,57,0,6,0.977,0.63,0.636,0.25,0.013,0.121,0
1860,70,1,6,0.748,0.579,0.664,0.0,0.148,0.055,0
1861,56,1,4,0.886,0.75,0.841,0.25,0.315,0.147,0
1862,39,0,9,0.934,0.564,0.8,1.0,0.412,0.024,0
1863,40,0,9,0.886,0.455,0.983,0.0,0.345,0.131,0
1864,33,1,3,0.682,0.69,0.615,0.5,0.305,0.024,0
1865,33,0,11,1.017,0.505,0.681,0.0,0.049,0.055,1
1866,67,0,9,0.825,0.699,0.939,0.0,0.239,-0.001,0
1867,63,1,9,0.938,0.524,1.072,0.0,0.485,-0.11,1
1868,77,1,3,0.855,0.547,0.783,0.5,0.398,0.454,0
1869,69,1,7,0.842,0.643,0.585,0.5,0.242,0.083,0
1870,73,0,8,1.05,0.623,0.79,0.0,0.412,0.35,0
1871,78,0,7,0.968,0.533,0.589,0.75,0.217,0.467,0
1872,36,0,9,0.873,0.733,0.612,0.0,0.084,0.039,0
1873,41,1,6,0.632,0.736,0.609,0.0,-0.053,0.047,0
1874,73,0,10,1.006,0.417,0.779,0.75,0.411,0.096,0
1875,62,0,3,0.857,0.709,0.585,0.0,0.303,0.218,0
1876,83,0,10,0.92,0.367,0.919,0.0,0.331,0.264,1
1877,76,1,8,1.032,0.585,0.727,1.0,0.396,0.326,0
1878,47,0,7,0.827,0.529,0.87,0.5,0.232,-0.039,1
1879,34,1,9,1.031,0.505,1.156,0.0,1.005,0.277,0
1880,54,1,7,0.903,0.558,0.993,0.5,0.255,-0.05,0
1881,84,0,12,0.964,0.474,0.857,0.0,0.432,0.122,0
1882,70,0,4,0.591,0.755,0.391,0.0,-0.081,-0.343,0
1883,75,1,5,1.016,0.528,0.406,0.0,0.061,0.204,0
1884,33,0,3,1.01,0.663,0.363,1.0,-0.152,0.317,0
1885,65,1,11,0.885,0.564,1.056,0.0,0.406,0.29,0
1886,44,1,5,1.007,0.428,0.494,1.0,-0.044,0.263,0
1887,34,0,11,0.927,0.559,0.91,0.5,0.047,0.02,0
1888,61,0,10,0.97,0.485,0.612,0.0,0.092,0.126,0
1889,38,1,6,0.833,0.677,0.823,0.5,0.141,0.015,0
1890,63,1,7,0.841,0.603,0.355,0.25,-0.024,0.216,1
1891,54,0,12,1.204,0.578,0.803,0.25,0.352,0.433,0
1892,68,0,8,0.696,0.552,0.579,0.5,0.106,-0.132,0
1893,57,1,4,0.991,0.563,0.346,0.75,0.017,0.431,0
1894,39,1,9,0.89,0.55,1.06,0.25,0.518,0.299,1
1895,61,1,11,0.998,0.427,0.808,0.0,0.128,0.326,0
1896,57,0,12,0.974,0.625,0.702,0.5,0.129,0.209,0
1897,38,1,9,0.933,0.587,0.611,0.0,0.045,0.375,0
1898,70,1,5,0.548,0.443,0.771,0.75,0.413,-0.052,0
1899,41,1,12,0.932,0.624,0.673,1.0,0.122,0.187,0
1900,47,1,5,0.661,0.57,0.687,0.25,0.072,0.037,0
1901,47,1,10,0.779,0.646,1.094,0.0,0.289,0.2,1
1902,57,1,12,0.672,0.629,0.866,0.0,0.936,-0.309,1
1903,74,0,11,1.034,0.705,0.948,0.75,0.482,0.435,0
1904,43,1,10,1.044,0.72,0.644,0.25,0.03,0.211,0
1905,32,0,11,0.969,0.453,0.775,0.5,0.379,0.21,0
1906,60,1,7,0.78,0.647,0.769,0.0,0.079,-0.085,0
1907,39,1,12,0.7,0.57,1.011,0.0,0.361,-0.042,0
1908,78,0,12,0.853,0.535,0.762,0.0,0.264,-0.08,0
1909,54,1,10,0.93,0.63,0.802,0.25,-0.047,0.263,0
1910,68,0,8,0.765,0.499,0.572,0.0,0.067,-0.093,0
1911,47,0,12,0.857,0.528,0.787,0.0,0.293,0.231,0
1912,51,0,7,1.07,0.547,0.846,0.0,0.637,0.356,0
1913,55,0,8,0.953,0.571,0.686,0.5,0.368,0.435,0
1914,56,0,5,0.937,0.464,0.713,0.75,0.217,0.179,0
1915,34,0,10,0.754,0.661,1.079,0.0,0.484,0.126,0
1916,51,1,12,1.175,0.358,0.732,1.0,0.465,0.393,0
1917,43,0,12,1.066,0.691,0.831,0.0,0.474,0.362,0
1918,50,1,5,0.697,0.661,0.807,0.0,0.189,-0.19,0
1919,73,1,3,0.87,0.543,0.349,1.0,-0.31,0.303,0
1920,82,1,7,1.015,0.558,0.694,0.0,0.416,0.218,0
1921,67,0,12,1.189,0.409,0.956,0.5,0.628,0.533,0
1922,82,0,3,0.796,0.631,0.584,0.75,0.195,0.139,0
1923,73,1,10,0.967,0.41,0.7,0.0,0.03,0.197,1
1924,80,1,6,0.747,0.53,0.879,0.0,0.221,0.029,1
1925,66,1,6,0.688,0.508,0.358,0.75,0.064,0.087,0
1926,68,0,12,0.896,0.559,1.119,0.5,0.727,0.416,1
1927,77,0,3,0.688,0.613,0.615,0.0,0.381,-0.026,0
1928,53,1,11,1.088,0.58,0.925,0.0,0.506,0.375,1
1929,35,0,3,0.999,0.706,0.385,0.0,0.127,0.23,0
1930,56,1,10,1.13,0.527,0.856,0.75,0.211,0.163,0
1931,60,0,11,1.065,0.465,0.921,0.0,0.437,0.004,1
1932,74,0,6,0.794,0.632,1.19,0.25,0.916,0.134,1
1933,64,0,8,0.881,0.496,0.786,0.5,0.427,0.139,0
1934,34,0,6,0.81,0.7,0.755,0.0,0.194,0.025,0
1935,52,0,5,0.7,0.553,1.162,0.75,0.84,0.01,0
1936,55,1,6,0.767,0.692,0.772,0.0,0.072,0.215,0
1937,33,1,12,0.693,0.577,1.077,0.0,0.422,-0.13,1
1938,42,1,7,0.594,0.597,0.741,0.0,0.132,-0.24,0
1939,58,0,9,1.03,0.562,0.564,0.0,0.381,0.329,0
1940,56,0,8,0.752,0.7,0.619,0.5,0.59,0.171,0
1941,80,1,8,0.91,0.589,0.918,0.0,0.285,0.262,0
1942,74,1,12,1.37,0.631,1.013,0.25,0.398,0.587,1
1943,62,0,7,0.779,0.569,0.641,0.0,0.288,0.148,0
1944,44,0,9,0.999,0.57,0.882,0.5,0.722,0.351,0
1945,69,1,9,0.903,0.57,1.101,0.0,0.419,0.087,0
1946,76,0,6,0.816,0.553,0.901,0.0,0.538,-0.061,0
1947,67,0,9,0.927,0.555,0.531,1.0,0.09,0.359,0
1948,65,0,9,0.762,0.536,1.062,0.5,0.27,0.083,0
1949,37,0,9,0.906,0.644,0.767,0.25,0.22,0.306,0
1950,60,1,5,0.848,0.623,0.806,0.0,0.148,0.119,0
1951,62,1,12,1.023,0.447,1.288,0.5,0.858,0.337,1
1952,63,0,12,1.022,0.563,1.002,0.0,0.527,0.264,0
1953,81,0,6,0.698,0.466,0.495,0.0,-0.149,-0.065,0
1954,31,1,9,0.938,0.52,1.193,0.0,0.857,0.254,0
1955,43,1,5,0.947,0.569,0.71,0.0,0.244,0.412,0
1956,71,1,8,0.88,0.496,0.677,0.5,-0.095,0.196,0
1957,81,0,4,0.959,0.531,0.483,0.0,-0.015,0.169,0
1958,40,1,4,0.773,0.655,0.704,0.25,0.159,0.074,0
1959,56,1,3,0.787,0.7,0.29,0.0,-0.418,-0.11,0
1960,83,0,4,0.543,0.627,0.897,0.25,0.502,-0.069,1
1961,60,0,10,1.007,0.515,0.668,0.0,0.037,0.186,0
1962,49,0,6,0.7,0.614,0.686,0.0,0.272,0.024,0
1963,40,0,5,0.761,0.54,0.542,0.75,0.135,0.151,0
1964,82,0,11,1.147,0.545,0.904,0.25,0.879,0.445,0
1965,58,0,12,0.953,0.552,1.151,0.25,0.686,0.172,0
1966,68,1,10,1.023,0.598,0.791,0.0,0.224,0.2,0
1967,66,0,8,0.721,0.48,0.843,0.25,0.537,0.118,0
1968,61,1,6,0.86,0.68,0.764,0.25,0.35,0.288,1
1969,41,1,9,1.102,0.587,0.848,0.75,0.385,0.458,0
1970,71,1,10,0.939,0.482,0.724,0.0,0.555,0.029,0
1971,35,0,8,0.98,0.682,0.426,0.5,0.145,0.266,0
1972,47,0,4,0.815,0.688,0.451,0.75,-0.088,0.002,0
1973,39,0,4,0.996,0.53,0.777,0.25,0.461,0.235,0
1974,43,0,5,0.828,0.618,0.671,0.0,-0.142,0.134,1
1975,38,1,10,1.104,0.428,0.639,0.0,-0.0,0.253,0
1976,54,1,10,0.898,0.554,0.786,1.0,0.103,0.026,1
1977,74,0,7,0.999,0.63,0.883,1.0,0.478,0.157,0
1978,50,1,10,0.946,0.52,0.709,0.0,0.328,0.096,0
1979,73,1,11,1.009,0.478,0.904,0.75,0.447,0.281,0
1980,41,0,11,1.07,0.516,0.814,0.0,0.557,0.338,0
1981,67,1,4,0.968,0.663,0.614,0.0,0.213,0.328,0
1982,38,1,11,0.932,0.69,0.843,0.75,0.358,0.393,0
1983,33,0,7,0.819,0.566,0.994,0.0,0.467,0.252,0
1984,51,1,7,0.686,0.569,0.866,0.0,0.166,0.061,0
1985,81,1,8,0.7,0.568,0.749,0.0,0.603,0.224,1
1986,52,0,11,0.695,0.486,0.94,0.0,0.585,-0.123,0
1987,32,0,3,0.7,0.717,0.464,0.0,0.229,-0.066,0
1988,49,0,9,0.998,0.596,0.939,1.0,0.453,0.303,0
1989,67,0,3,0.764,0.557,0.366,0.0,0.117,-0.057,0
1990,60,1,7,0.919,0.535,0.678,0.0,0.258,0.283,1
1991,62,1,7,0.778,0.527,0.737,0.0,0.231,0.038,0
1992,34,1,9,0.608,0.507,0.695,0.5,0.436,-0.135,0
1993,57,1,9,0.816,0.576,0.989,1.0,0.657,0.177,0
1994,41,1,11,0.636,0.482,0.958,0.0,0.655,-0.036,0
1995,81,1,9,0.775,0.591,0.972,1.0,0.272,-0.026,0
1996,43,0,8,0.771,0.604,0.973,0.0,0.37,-0.071,1
1997,35,0,11,1.042,0.531,1.023,0.25,0.645,0.311,1
1998,68,1,6,1.083,0.622,0.486,0.0,0.198,0.461,0
1999,49,1,8,0.7,0.568,0.662,0.0,0.051,0.094,0
2000,73,0,12,1.057,0.441,0.728,0.0,0.211,0.233,0
2001,64,0,5,0.602,0.567,0.583,0.75,-0.284,-0.297,0
2002,82,0,10,1.025,0.578,0.674,0.0,0.072,0.312,0
2003,58,1,3,0.748,0.636,0.393,0.0,-0.034,-0.041,0
2004,39,0,8,1.09,0.618,0.591,1.0,0.28,0.163,0
2005,50,0,12,1.066,0.538,0.796,0.0,0.63,0.371,0
2006,66,0,10,0.897,0.504,1.008,0.0,0.518,0.335,0
2007,38,0,9,0.905,0.694,0.872,0.5,0.323,0.15,0
2008,33,0,8,0.68,0.403,0.604,0.5,0.228,-0.025,0
2009,55,0,12,0.7,0.538,0.991,0.75,0.551,-0.067,0
2010,38,1,4,0.622,0.602,0.409,0.5,-0.036,-0.073,0
2011,77,1,9,1.018,0.597,0.909,1.0,0.753,0.176,0
2012,46,0,11,1.066,0.574,0.758,0.0,0.304,0.325,0
2013,52,1,9,0.994,0.587,0.642,0.25,0.219,0.486,0
2014,57,0,3,0.7,0.47,0.762,0.0,0.404,-0.217,0
2015,54,1,6,0.918,0.691,0.851,1.0,0.452,0.292,0
2016,56,1,5,0.77,0.527,0.566,0.5,-0.221,-0.193,0
2017,65,0,5,0.845,0.667,0.635,0.0,0.108,0.226,0
2018,55,1,10,0.985,0.623,0.902,0.0,0.479,0.18,1
2019,45,1,8,0.871,0.512,0.894,0.0,0.506,0.115,0
2020,84,1,11,0.813,0.553,0.711,0.0,0.326,-0.089,1
2021,31,1,7,0.942,0.666,0.697,0.0,0.547,0.16,0
2022,78,1,8,0.897,0.564,0.604,0.25,0.019,0.361,0
2023,56,1,9,1.15,0.7,0.713,0.0,0.244,0.45,0
2024,37,1,10,0.963,0.506,0.798,0.0,0.237,0.215,0
2025,40,0,11,0.941,0.573,0.905,0.5,0.666,0.283,0
2026,40,1,4,0.764,0.695,0.35,0.0,0.138,0.02,0
2027,54,1,6,0.853,0.645,0.707,0.0,0.007,0.162,0
2028,53,0,10,0.864,0.586,0.696,0.5,0.007,0.066,0
2029,67,1,5,0.605,0.721,0.821,0.0,0.395,-0.354,1
2030,64,1,7,0.712,0.491,0.895,0.0,0.371,0.001,0
2031,59,0,4,0.666,0.587,0.407,0.0,-0.125,-0.088,0
2032,60,0,6,0.775,0.491,1.003,0.0,0.401,0.052,0
2033,37,1,3,0.464,0.637,0.867,0.0,0.214,-0.44,0
2034,75,1,5,0.85,0.546,0.443,0.0,0.064,0.196,0
2035,50,0,8,1.016,0.462,0.658,0.0,-0.053,0.102,0
2036,30,0,5,0.804,0.675,0.753,0.0,0.184,-0.074,0
2037,62,1,12,0.923,0.545,0.756,1.0,0.056,-0.014,0
2038,45,1,11,1.064,0.565,0.618,0.25,-0.024,0.294,0
2039,65,0,6,0.854,0.555,0.802,0.25,0.207,0.101,0
2040,82,0,10,0.925,0.606,0.647,0.0,0.402,0.157,0
2041,40,0,10,0.808,0.675,0.988,0.0,0.367,0.142,0
2042,83,1,9,1.062,0.571,0.977,0.25,0.439,0.256,1
2043,31,1,10,0.963,0.599,0.818,0.25,0.55,0.16,0
2044,59,0,6,0.893,0.527,0.459,0.0,-0.013,0.193,0
2045,64,0,8,0.855,0.578,0.713,1.0,0.104,-0.212,0
2046,69,1,3,0.581,0.598,0.546,0.25,0.176,-0.218,0
2047,55,0,9,1.01,0.628,0.458,0.5,0.176,0.24,0
2048,78,1,4,0.816,0.73,0.335,0.0,-0.216,-0.024,0
2049,61,0,7,0.961,0.593,0.724,0.0,0.031,0.288,0
2050,66,1,3,0.527,0.663,0.584,1.0,-0.099,0.058,0
2051,30,1,3,0.987,0.536,0.569,0.25,0.231,0.25,0
2052,70,0,10,0.914,0.542,1.028,0.0,0.654,0.143,1
2053,74,0,4,1.096,0.546,0.691,0.0,0.006,0.287,1
2054,68,0,10,1.108,0.569,0.825,0.0,0.487,0.739,1
2055,57,0,7,0.973,0.56,0.718,0.0,0.315,0.086,1
2056,39,0,7,0.831,0.641,0.948,0.25,0.299,0.168,0
2057,37,0,4,0.884,0.565,0.973,0.25,0.508,0.291,0
2058,49,1,12,0.956,0.582,0.621,0.0,0.204,0.41,0
2059,57,1,6,0.874,0.54,0.611,0.0,0.034,-0.031,0
2060,37,0,10,0.7,0.521,0.679,0.0,0.3,0.077,0
2061,84,1,12,0.988,0.593,0.882,1.0,0.201,0.243,1
2062,37,0,4,0.718,0.541,0.575,0.25,0.06,-0.17,0
2063,31,1,3,0.847,0.587,0.671,0.5,0.212,0.124,0
2064,41,0,5,0.919,0.563,0.837,0.0,0.364,-0.051,0
2065,45,0,11,0.861,0.521,1.117,0.0,0.881,0.133,1
2066,50,0,10,0.861,0.555,0.845,0.25,0.501,0.208,0
2067,73,1,6,0.84,0.604,0.574,0.0,0.187,0.086,0
2068,59,1,10,1.014,0.618,0.896,0.0,0.329,0.198,0
2069,82,1,5,0.82,0.619,0.694,1.0,0.086,-0.08,1
2070,79,0,8,0.905,0.537,0.694,0.25,0.152,0.047,0
2071,40,1,12,0.975,0.541,1.044,0.25,0.591,0.263,1
2072,64,0,6,0.751,0.604,0.484,0.5,0.18,0.211,0
2073,60,1,3,0.648,0.689,0.518,0.0,0.087,-0.166,0
2074,49,0,5,1.085,0.492,0.654,0.5,0.021,0.396,0
2075,36,0,3,0.789,0.672,0.62,0.25,-0.08,0.157,0
2076,64,0,11,0.894,0.601,0.88,1.0,0.445,-0.013,0
2077,35,1,4,1.069,0.666,1.027,0.0,0.321,0.202,1
2078,68,0,10,0.86,0.7,0.632,0.0,-0.196,0.16,0
2079,79,1,4,0.793,0.668,0.507,0.0,0.083,-0.054,0
2080,68,1,6,0.879,0.571,0.504,0.0,0.137,0.286,0
2081,73,1,6,0.7,0.522,0.579,0.0,-0.121,0.049,0
2082,48,0,8,0.857,0.493,0.866,0.5,0.385,0.032,0
2083,69,1,12,0.98,0.586,0.67,0.0,0.126,0.214,1
2084,77,0,7,0.679,0.573,0.895,0.0,0.36,-0.313,0
2085,76,0,12,1.157,0.514,1.114,0.0,0.408,0.319,0
2086,84,0,6,0.559,0.595,0.846,0.75,0.316,-0.017,0
2087,68,0,6,0.721,0.738,0.689,0.0,0.343,-0.018,1
2088,61,0,7,0.792,0.544,0.788,0.0,0.309,0.109,1
2089,52,1,11,0.773,0.638,0.785,0.0,0.46,0.168,0
2090,42,0,7,0.802,0.587,0.84,0.0,0.294,0.142,0
2091,80,0,4,0.776,0.552,0.757,0.75,0.416,-0.048,0
2092,80,0,9,1.111,0.635,0.7,0.5,0.136,0.344,0
2093,57,1,4,0.917,0.57,0.283,0.0,-0.17,0.223,0
2094,76,0,10,0.715,0.365,0.656,1.0,0.246,-0.134,0
2095,59,0,8,0.9,0.593,0.672,0.0,-0.028,0.383,1
2096,84,1,4,0.799,0.799,0.612,0.0,-0.088,-0.02,0
2097,57,1,7,0.75,0.542,0.584,0.75,0.271,-0.035,0
2098,33,1,6,0.815,0.7,0.722,0.5,0.022,0.051,0
2099,47,1,6,0.678,0.637,0.644,0.0,-0.056,-0.145,0
2100,31,0,7,1.09,0.546,0.611,0.5,-0.072,0.426,0
2101,71,1,10,0.85,0.559,0.602,0.0,-0.179,0.001,0
2102,46,1,10,0.829,0.605,0.834,0.75,0.5,0.129,0
2103,67,1,4,0.965,0.516,0.791,0.0,0.488,0.048,1
2104,81,0,9,1.155,0.671,0.529,1.0,0.026,0.418,0
2105,66,0,4,0.968,0.477,0.683,0.25,0.234,0.246,0
2106,51,0,6,0.956,0.521,1.08,0.25,0.863,0.287,0
2107,49,1,12,0.99,0.557,1.026,0.0,0.623,0.015,0
2108,65,1,12,0.947,0.539,0.912,0.0,0.46,-0.075,0
2109,79,1,11,0.895,0.503,0.817,0.0,0.317,-0.002,0
2110,43,0,7,0.892,0.477,0.737,0.75,0.029,0.083,0
2111,39,1,3,0.763,0.609,0.472,0.0,-0.028,-0.059,0
2112,43,1,9,0.911,0.556,0.904,0.25,0.436,0.198,0
2113,72,0,4,0.7,0.693,0.572,0.5,0.207,-0.058,0
2114,44,1,10,0.837,0.485,0.939,0.75,0.379,0.137,0
2115,83,0,10,1.128,0.563,0.886,0.0,0.39,0.315,0
2116,73,0,5,0.855,0.653,0.777,0.0,0.508,0.155,0
2117,49,0,12,1.009,0.506,0.744,0.0,0.208,0.187,0
2118,36,1,8,0.987,0.435,0.933,1.0,0.496,0.302,0
2119,42,0,9,0.953,0.577,0.86,0.75,0.307,0.1,0
2120,58,0,5,0.918,0.725,0.817,0.0,0.336,0.24,0
2121,47,0,8,0.739,0.578,0.824,0.25,0.549,0.103,0
2122,41,1,5,0.837,0.648,0.445,0.0,-0.215,0.18,0
2123,64,1,3,0.853,0.551,0.563,0.0,0.224,0.028,0
2124,64,0,9,0.847,0.534,0.653,0.0,0.319,0.097,0
2125,83,1,10,1.178,0.692,0.911,0.5,0.748,0.622,1
2126,40,0,6,0.889,0.55,0.938,0.5,0.592,0.265,0
2127,65,0,6,1.017,0.657,0.655,0.0,0.019,0.225,0
2128,61,1,8,0.86,0.486,0.899,0.0,0.22,0.16,0
2129,78,1,10,1.025,0.483,0.726,0.0,0.267,0.348,0
2130,56,0,5,0.933,0.487,0.496,0.0,-0.126,0.244,0
2131,55,1,6,1.045,0.656,0.583,0.25,0.274,0.268,0
2132,37,1,9,0.7,0.706,0.583,0.5,0.127,0.053,0
2133,84,0,5,0.847,0.744,0.712,0.25,0.432,0.044,0
2134,63,0,8,0.947,0.534,0.869,0.5,0.691,0.023,0
2135,80,0,9,0.739,0.5,0.806,0.0,0.48,0.035,0
2136,35,0,12,1.117,0.507,0.93,0.0,0.298,0.462,0
2137,51,1,5,0.977,0.712,0.693,1.0,0.353,0.12,0
2138,54,0,6,0.539,0.501,0.529,0.5,-0.041,-0.486,0
2139,65,0,5,1.034,0.507,0.764,0.0,0.339,0.16,0
2140,59,1,11,1.097,0.399,0.785,0.5,0.213,0.398,0
2141,37,0,5,0.696,0.464,0.49,0.0,-0.1,-0.232,0
2142,69,0,3,0.8,0.517,0.7,0.25,0.013,-0.056,0
2143,31,0,12,0.75,0.556,0.964,0.0,0.9,0.148,0
2144,74,0,9,1.095,0.485,0.73,0.0,0.34,0.299,0
2145,62,0,6,0.814,0.586,0.652,0.0,0.307,-0.105,1
2146,60,0,5,0.805,0.654,0.719,0.25,0.405,-0.096,0
2147,38,1,9,0.963,0.43,0.897,0.25,0.498,0.14,0
2148,41,0,12,1.027,0.551,0.85,0.5,0.296,0.26,0
2149,73,0,9,0.997,0.628,0.826,0.0,0.914,0.21,1
2150,67,1,9,0.801,0.486,0.756,0.0,0.494,0.217,0
2151,61,1,9,0.716,0.611,0.497,0.0,0.091,0.023,0
2152,60,1,12,1.119,0.535,0.766,0.75,0.047,0.497,0
2153,39,1,4,0.857,0.437,0.616,1.0,0.14,0.178,0
2154,50,1,6,0.7,0.486,0.518,0.5,0.191,-0.153,0
2155,51,0,3,0.619,0.606,0.453,0.0,-0.198,-0.179,0
2156,81,0,10,0.682,0.628,0.642,0.5,0.314,-0.038,0
2157,76,0,7,0.757,0.554,0.802,0.25,0.142,0.03,0
2158,70,1,8,0.796,0.523,0.953,0.5,0.358,-0.133,1
2159,81,1,5,0.558,0.518,0.493,0.0,-0.012,-0.395,0
2160,45,0,12,0.965,0.522,0.621,0.0,0.371,0.277,0
2161,84,0,3,0.934,0.602,0.623,0.0,0.299,0.212,0
2162,50,1,9,0.94,0.578,0.965,0.0,0.3,0.298,1
2163,63,1,6,0.708,0.623,0.482,0.25,0.013,-0.124,0
2164,76,1,6,0.871,0.552,0.583,0.0,0.288,0.05,0
2165,76,0,12,1.232,0.59,1.01,0.25,0.362,0.573,0
2166,59,0,9,1.085,0.591,0.724,0.0,0.231,0.305,0
2167,47,1,4,0.974,0.598,0.747,1.0,0.118,0.203,0
2168,44,1,10,1.124,0.614,0.583,0.0,-0.115,0.253,0
2169,67,0,8,1.15,0.606,0.563,0.0,0.235,0.397,0
2170,56,0,7,0.905,0.722,0.626,0.0,0.035,0.132,0
2171,32,1,9,0.761,0.558,0.646,0.0,0.225,0.088,0
2172,60,0,4,1.052,0.715,0.644,0.0,-0.035,0.314,0
2173,43,1,5,0.801,0.594,0.741,0.0,0.229,-0.199,0
2174,43,0,6,0.724,0.517,0.629,0.0,0.121,0.049,0
2175,62,0,3,0.691,0.685,0.402,0.0,-0.277,-0.167,0
2176,34,1,7,0.988,0.543,0.875,0.0,0.246,0.302,0
2177,32,1,12,1.03,0.532,0.886,0.0,0.357,0.33,0
2178,70,0,8,0.881,0.484,0.676,0.75,0.236,0.099,0
2179,33,1,3,0.672,0.555,0.796,0.0,0.342,-0.353,0
2180,80,1,12,0.865,0.7,0.978,0.0,0.265,0.246,1
2181,59,0,4,0.726,0.459,0.512,1.0,-0.122,0.243,0
2182,78,0,9,0.907,0.524,0.652,0.5,0.213,0.383,0
2183,34,1,9,0.731,0.456,0.641,0.25,0.046,-0.109,0
2184,30,1,6,0.989,0.614,0.809,0.0,0.164,0.329,0
2185,78,1,6,0.749,0.55,0.976,0.0,0.634,-0.087,1
2186,57,0,7,0.923,0.489,0.627,0.75,-0.005,0.115,0
2187,58,1,4,0.821,0.516,0.819,0.0,0.579,0.004,0
2188,83,1,8,0.972,0.584,0.87,0.0,0.425,0.238,1
2189,33,0,11,0.806,0.7,1.149,0.5,0.658,0.169,0
2190,78,0,8,0.753,0.677,0.7,0.25,0.096,-0.02,0
2191,73,0,7,0.972,0.585,0.664,0.75,0.152,0.135,0
2192,67,1,12,0.96,0.479,1.009,0.0,0.418,0.214,0
2193,72,0,5,0.908,0.566,0.976,0.0,0.223,0.148,0
2194,41,1,3,0.735,0.805,0.421,0.5,-0.431,-0.031,0
2195,77,1,4,0.733,0.577,0.813,0.75,0.241,-0.019,0
2196,59,0,3,0.628,0.652,0.692,0.5,-0.005,-0.072,1
2197,32,1,8,0.951,0.666,0.885,0.0,0.495,0.175,0
2198,66,1,7,0.815,0.535,0.792,0.25,0.295,0.217,0
2199,79,1,5,0.921,0.633,0.729,0.25,0.25,0.304,0
2200,83,0,10,0.7,0.452,0.846,0.0,0.337,0.0,0
2201,46,0,12,0.865,0.468,1.016,0.5,0.783,0.239,0
2202,39,1,8,0.785,0.59,0.73,0.0,0.381,0.085,0
2203,48,1,4,0.761,0.542,0.574,0.0,0.077,0.237,0
2204,44,0,3,0.798,0.558,0.298,1.0,0.042,-0.069,0
2205,55,0,4,0.799,0.541,0.712,0.5,0.137,0.028,0
2206,74,0,6,0.906,0.607,0.749,0.25,0.12,0.097,0
2207,34,1,4,0.718,0.592,0.34,0.0,-0.116,-0.096,0
2208,54,0,3,0.846,0.7,0.34,0.0,-0.08,0.144,0
2209,76,1,7,0.929,0.579,0.735,0.5,0.307,0.098,1
2210,44,1,10,0.818,0.486,0.842,0.0,0.232,-0.09,0
2211,68,0,3,0.765,0.741,0.733,0.5,0.191,-0.059,1
2212,56,0,5,0.625,0.631,0.572,1.0,0.095,-0.152,0
2213,32,1,7,0.947,0.631,0.594,0.0,0.613,-0.012,0
2214,69,1,8,0.96,0.587,0.888,0.25,0.226,0.332,1
2215,46,1,7,0.676,0.645,0.859,0.25,0.253,-0.199,0
2216,77,1,3,0.811,0.647,0.749,0.0,0.399,0.029,1
2217,35,0,9,0.978,0.591,0.583,0.0,0.196,0.148,0
2218,54,1,3,0.654,0.618,0.767,0.5,0.489,-0.046,0
2219,67,1,5,1.174,0.551,0.779,0.75,0.079,0.231,0
2220,61,1,12,0.889,0.389,1.131,0.25,0.55,0.049,0
2221,39,0,10,1.018,0.576,0.781,0.0,0.138,0.164,0
2222,55,0,6,1.081,0.594,0.644,0.0,0.195,0.29,0
2223,77,0,4,0.89,0.608,0.659,0.25,0.296,0.206,0
2224,80,0,11,0.7,0.55,0.788,0.0,0.248,-0.249,0
2225,75,0,7,0.86,0.696,0.83,0.0,0.125,-0.033,0
2226,56,0,6,0.819,0.591,0.506,0.25,-0.058,0.078,0
2227,64,0,6,0.861,0.755,0.873,0.0,0.517,0.114,0
2228,55,0,4,0.791,0.575,0.985,0.75,0.582,0.163,0
2229,82,1,9,1.116,0.556,0.736,1.0,0.03,0.5,0
2230,33,1,11,0.984,0.52,1.094,0.0,0.794,0.36,1
2231,61,1,6,0.7,0.562,0.377,0.75,-0.061,-0.041,0
2232,82,0,4,0.905,0.631,0.806,0.0,0.115,0.054,0
2233,46,0,6,1.018,0.589,0.962,0.0,0.643,0.264,0
2234,67,1,9,0.933,0.574,0.666,0.0,0.027,0.136,0
2235,76,0,4,0.861,0.593,0.548,0.0,-0.025,0.069,0
2236,70,0,4,0.718,0.622,0.779,0.0,0.333,-0.0,1
2237,47,1,3,0.651,0.607,0.64,0.25,0.484,-0.153,0
2238,42,1,4,0.698,0.893,0.585,0.0,0.246,-0.35,0
2239,42,0,9,0.886,0.397,1.006,0.25,0.872,0.037,0
2240,48,1,8,0.764,0.581,0.667,0.0,0.224,0.115,1
2241,52,0,4,0.793,0.428,0.665,0.0,0.257,-0.016,0
2242,60,0,9,0.998,0.657,0.663,0.25,0.107,0.3,0
2243,47,1,3,1.023,0.571,0.227,0.0,-0.152,0.327,0
2244,79,1,5,0.974,0.69,0.85,0.75,0.192,0.333,0
2245,63,0,12,0.975,0.548,0.982,0.75,0.502,0.136,0
2246,46,1,5,0.873,0.658,0.677,0.25,0.24,0.089,0
2247,41,1,10,0.7,0.693,0.821,0.0,0.344,-0.036,0
2248,84,0,9,0.963,0.51,1.065,0.0,0.359,0.204,1
2249,50,0,7,0.898,0.677,0.463,0.75,-0.393,0.118,0
2250,48,0,11,0.976,0.505,0.788,0.0,0.276,0.055,1
2251,40,1,5,0.954,0.705,0.697,0.5,0.227,0.01,0
2252,39,1,11,1.093,0.533,0.78,0.0,0.169,0.173,0
2253,58,0,6,0.946,0.482,0.704,0.5,0.426,0.235,0
2254,33,0,6,1.02,0.404,0.659,0.0,0.049,0.084,0
2255,64,1,6,0.878,0.596,1.091,1.0,0.819,0.162,1
2256,66,0,11,0.715,0.475,0.817,0.75,0.386,0.127,0
2257,79,0,12,0.924,0.628,0.986,0.25,0.448,0.055,0
2258,82,0,8,0.982,0.702,0.327,0.5,-0.265,0.199,0
2259,31,0,7,0.867,0.561,0.497,1.0,0.008,0.034,0
2260,64,1,4,0.804,0.696,1.258,0.75,0.808,0.109,0
2261,35,0,5,0.855,0.614,0.969,0.0,0.639,0.012,0
2262,48,0,12,0.7,0.43,0.818,0.5,0.575,-0.124,0
2263,45,0,11,0.885,0.632,1.188,0.5,0.652,0.194,0
2264,50,1,9,1.035,0.607,0.478,0.0,-0.022,0.248,0
2265,42,1,7,0.915,0.55,0.98,1.0,0.92,0.247,0
2266,33,1,8,1.101,0.54,0.847,0.25,0.469,0.053,0
2267,57,0,4,0.754,0.524,0.43,1.0,0.237,-0.071,0
2268,45,1,12,0.836,0.546,0.886,0.0,0.507,0.115,0
2269,38,1,4,0.742,0.664,0.567,0.5,-0.052,-0.157,0
2270,54,0,3,0.775,0.515,0.784,0.0,0.424,-0.099,0
2271,78,1,4,0.559,0.613,0.565,0.5,-0.035,-0.279,0
2272,33,0,8,0.845,0.564,0.517,0.0,0.297,0.243,0
2273,83,0,11,0.887,0.557,0.869,0.0,0.516,-0.026,0
2274,84,1,5,0.86,0.575,0.292,0.25,-0.23,0.075,0
2275,42,0,10,1.15,0.715,0.873,0.0,0.016,0.509,0
2276,53,1,6,1.01,0.654,0.625,0.75,0.007,0.309,0
2277,64,1,4,0.805,0.697,0.673,0.25,0.34,0.011,1
2278,46,0,7,0.951,0.7,0.902,0.0,0.536,0.084,1
2279,32,1,11,0.714,0.538,0.958,0.5,0.111,-0.047,0
2280,51,1,7,0.735,0.537,0.563,0.0,0.06,0.017,0
2281,67,0,8,0.947,0.56,0.78,0.5,0.472,0.377,0
2282,73,0,5,0.66,0.7,0.882,0.0,0.182,-0.131,1
2283,53,0,9,1.037,0.504,1.231,1.0,0.594,0.22,1
2284,70,1,8,0.864,0.635,0.958,0.0,0.644,0.142,0
2285,81,1,5,0.716,0.478,0.359,0.0,-0.179,-0.128,1
2286,74,1,9,0.954,0.606,0.556,0.0,0.175,0.103,0
2287,57,0,4,0.854,0.59,0.643,0.5,0.435,0.147,0
2288,77,0,6,0.81,0.609,0.463,1.0,-0.237,-0.292,0
2289,64,1,5,0.948,0.558,0.505,0.0,0.044,0.318,0
2290,58,0,12,0.879,0.616,0.758,0.25,0.24,-0.134,0
2291,41,0,11,0.783,0.563,0.966,1.0,0.418,0.108,0
2292,64,0,6,0.86,0.552,0.685,0.5,0.254,0.349,0
2293,31,0,12,1.07,0.515,0.937,0.0,0.758,0.156,0
2294,82,0,5,0.594,0.578,0.435,0.0,-0.11,-0.132,0
2295,40,1,10,0.843,0.6,0.897,0.0,0.135,-0.046,0
2296,81,1,5,0.665,0.513,0.639,0.5,0.309,-0.222,0
2297,81,1,12,1.199,0.532,0.588,0.75,0.18,0.341,1
2298,30,0,5,0.757,0.641,0.851,0.0,0.303,0.124,0
2299,55,0,3,0.7,0.598,0.272,0.75,-0.428,0.035,0
2300,34,0,6,0.849,0.463,0.641,0.0,-0.059,0.266,0
2301,76,1,5,0.825,0.717,0.477,0.0,0.172,0.087,0
2302,40,1,11,0.737,0.44,0.907,0.0,0.273,-0.044,0
2303,53,0,12,1.048,0.523,0.758,0.75,0.27,0.206,1
2304,33,0,3,0.693,0.648,0.476,1.0,-0.074,-0.117,0
2305,58,1,12,1.056,0.589,0.866,0.0,0.567,0.356,1
2306,33,0,8,0.907,0.556,0.762,0.75,0.062,0.081,0
2307,42,1,6,0.874,0.524,0.288,1.0,0.079,0.133,0
2308,80,1,3,0.746,0.65,0.7,0.5,0.411,-0.047,0
2309,68,1,8,0.832,0.57,0.669,0.0,0.073,0.182,1
2310,48,0,9,1.116,0.542,0.854,0.25,0.671,0.35,0
2311,51,1,10,0.981,0.606,0.898,0.0,0.526,0.152,0
2312,50,0,7,0.864,0.472,0.729,0.0,0.265,0.097,0
2313,70,1,7,0.786,0.642,0.857,0.5,0.289,-0.109,0
2314,61,1,9,0.685,0.578,0.854,0.25,0.167,-0.02,0
2315,54,1,11,1.028,0.501,0.505,0.5,0.057,0.218,0
2316,31,1,10,0.7,0.547,0.943,0.0,0.777,-0.208,0
2317,53,1,7,1.02,0.677,0.799,0.25,0.434,0.28,1
2318,49,0,9,0.794,0.512,0.678,0.5,0.247,-0.003,0
2319,84,1,7,0.784,0.515,0.506,0.0,0.058,-0.124,0
2320,53,0,3,0.96,0.583,0.192,0.0,-0.08,0.345,0
2321,81,0,7,0.818,0.678,0.586,0.0,0.233,0.081,0
2322,42,1,12,1.073,0.549,1.098,0.5,0.398,0.389,1
2323,75,1,7,0.905,0.558,0.815,0.0,0.606,-0.014,0
2324,52,0,10,0.8,0.667,1.003,1.0,0.667,0.052,0
2325,44,1,3,0.643,0.649,0.176,0.0,-0.246,-0.197,0
2326,68,1,11,0.753,0.538,0.834,0.5,0.132,-0.111,0
2327,65,1,4,1.047,0.567,0.317,0.0,-0.131,0.091,0
2328,79,1,7,0.931,0.603,0.581,0.5,0.087,0.122,0
2329,75,1,7,0.914,0.527,0.734,0.0,0.538,0.352,0
2330,53,1,11,0.913,0.538,1.123,0.25,0.755,-0.172,0
2331,43,0,9,0.933,0.588,0.858,0.0,0.243,0.233,0
2332,62,1,10,1.172,0.54,0.585,0.5,0.286,0.377,0
2333,53,1,9,1.066,0.684,0.705,0.5,0.022,0.071,0
2334,66,0,9,0.958,0.705,0.64,0.75,0.122,-0.017,0
2335,71,0,8,0.634,0.47,0.476,0.75,-0.115,-0.062,0
2336,69,1,11,0.79,0.502,0.857,0.5,0.619,-0.119,1
2337,32,1,9,0.812,0.505,0.96,0.25,0.454,0.246,0
2338,62,1,8,0.991,0.544,0.657,0.75,0.285,0.399,0
2339,48,1,12,1.006,0.519,1.077,0.25,0.719,0.28,1
2340,67,0,5,0.848,0.719,0.434,0.0,-0.233,0.196,0
2341,34,0,11,0.835,0.472,0.767,0.0,0.555,0.157,0
2342,75,0,6,0.956,0.555,0.83,0.5,0.5,0.212,1
2343,63,0,10,0.92,0.562,0.7,0.75,0.167,0.204,0
2344,40,1,5,0.864,0.417,0.732,1.0,0.381,0.342,0
2345,30,0,3,0.93,0.665,0.601,0.0,0.136,0.045,0
2346,44,1,8,1.059,0.386,0.336,0.25,-0.064,0.322,0
2347,48,0,6,0.835,0.762,0.388,1.0,-0.287,0.134,0
2348,60,1,11,1.023,0.563,0.844,0.25,0.484,0.393,0
2349,81,0,6,0.7,0.556,0.807,0.0,0.581,0.007,0
2350,54,0,9,1.017,0.642,0.739,0.0,0.263,0.35,0
2351,53,1,9,0.91,0.648,0.61,0.0,0.177,0.191,0
2352,78,1,10,1.031,0.581,0.567,0.0,-0.133,0.419,1
2353,33,1,12,1.13,0.577,1.142,0.0,0.681,0.125,0
2354,57,0,6,0.913,0.568,0.467,0.0,0.105,0.147,0
2355,64,1,10,0.794,0.463,0.582,0.0,0.104,-0.01,0
2356,34,0,11,1.127,0.492,0.919,0.0,0.386,0.308,0
2357,56,1,8,1.029,0.606,1.203,0.0,0.755,0.137,0
2358,73,1,10,0.893,0.569,0.762,0.0,0.417,0.225,1
2359,57,0,10,1.001,0.603,0.794,1.0,0.321,0.386,1
2360,46,0,3,0.858,0.542,0.664,0.0,0.197,0.027,0
2361,47,1,7,0.782,0.7,0.523,0.75,-0.177,0.184,0
2362,59,1,7,0.966,0.656,1.125,1.0,0.856,0.4,0
2363,52,1,12,0.852,0.518,0.894,0.5,0.645,0.139,0
2364,60,0,3,0.806,0.7,0.776,0.0,0.279,0.08,0
2365,38,0,7,0.955,0.572,0.852,0.0,0.342,0.165,0
2366,57,0,3,0.644,0.484,0.549,0.0,0.182,-0.111,0
2367,69,0,8,0.951,0.543,0.7,0.0,0.0,0.324,0
2368,58,0,6,0.987,0.509,0.896,0.0,0.162,0.049,1
2369,56,1,7,0.889,0.462,0.591,0.25,0.059,0.008,0
2370,54,1,8,0.835,0.703,0.948,0.0,0.197,0.093,0
2371,56,1,5,0.892,0.588,0.374,0.0,-0.019,0.226,0
2372,61,0,11,0.699,0.7,0.852,0.75,0.22,-0.044,0
2373,65,1,10,0.85,0.601,1.055,1.0,0.539,0.032,1
2374,71,0,5,0.894,0.682,0.65,0.0,-0.201,0.037,0
2375,69,0,4,0.736,0.573,0.946,0.0,0.202,0.019,0
2376,44,1,12,0.782,0.438,0.747,0.5,0.131,0.03,1
2377,30,0,12,0.953,0.437,0.77,0.25,-0.086,0.035,0
2378,38,0,4,0.674,0.585,0.94,0.0,0.189,0.018,0
2379,75,0,8,0.867,0.549,0.846,0.0,0.346,0.014,0
2380,58,0,10,0.806,0.406,0.698,0.25,0.315,-0.048,1
2381,41,0,8,0.954,0.538,0.444,0.0,-0.048,0.091,0
2382,59,1,6,0.938,0.579,0.723,0.0,0.21,0.094,0
2383,62,1,4,0.827,0.606,0.7,0.0,0.214,0.116,0
2384,50,0,9,0.916,0.503,0.731,0.5,0.268,0.173,0
2385,83,0,5,0.882,0.664,0.723,0.5,0.14,0.348,1
2386,32,1,11,0.978,0.7,0.874,0.5,0.332,0.173,0
2387,51,0,11,0.92,0.582,0.744,1.0,0.449,0.159,0
2388,67,1,10,0.922,0.68,0.505,0.5,-0.138,0.306,0
2389,78,1,5,0.665,0.638,0.614,0.0,0.025,-0.198,0
2390,50,0,10,0.876,0.613,0.939,0.5,0.062,0.108,0
2391,57,1,11,1.042,0.7,0.672,0.0,0.366,0.494,0
2392,75,0,4,0.964,0.749,0.243,1.0,-0.216,-0.015,0
2393,56,0,10,1.059,0.491,0.989,0.0,0.763,0.444,0
2394,50,1,5,0.746,0.452,0.77,0.0,0.515,0.208,1
2395,69,0,6,1.028,0.714,0.591,1.0,0.139,0.097,0
2396,56,0,5,0.988,0.624,0.431,0.75,-0.007,0.252,0
2397,33,0,7,1.031,0.674,1.008,0.75,0.668,0.669,0
2398,44,1,7,0.806,0.35,0.489,0.5,-0.178,0.142,0
2399,30,1,11,0.7,0.544,0.737,0.0,0.159,-0.014,0
2400,58,0,5,0.864,0.621,0.75,0.0,0.219,0.185,1
2401,31,0,7,0.599,0.555,0.269,0.5,-0.303,-0.314,0
2402,58,0,4,0.879,0.521,0.581,0.5,-0.103,0.071,0
2403,40,0,4,0.859,0.595,0.552,0.0,0.281,0.126,0
2404,43,0,4,0.827,0.703,0.784,0.25,0.084,0.193,0
2405,34,1,5,0.901,0.642,0.366,1.0,-0.185,0.171,0
2406,70,1,12,1.062,0.548,0.893,0.0,0.361,0.47,0
2407,60,1,9,1.022,0.451,0.728,0.25,0.371,0.193,0
2408,76,1,11,0.921,0.628,0.581,0.25,0.173,0.301,0
2409,40,0,11,0.862,0.467,0.972,0.0,0.167,-0.028,0
2410,67,0,6,0.775,0.435,0.576,0.75,-0.017,0.075,0
2411,52,1,11,0.919,0.558,1.11,0.0,0.893,0.322,0
2412,75,1,10,0.905,0.548,0.876,0.0,0.684,0.236,0
2413,80,1,4,0.642,0.558,0.691,0.0,0.1,-0.146,0
2414,67,0,6,0.7,0.611,0.695,0.0,0.08,-0.069,0
2415,84,1,6,0.91,0.689,0.836,0.0,0.553,0.162,1
2416,35,1,8,0.758,0.513,0.322,0.0,0.096,0.226,0
2417,65,1,7,1.009,0.697,0.822,0.0,0.534,0.587,0
2418,83,1,10,0.96,0.445,0.966,0.75,0.747,0.2,0
2419,42,0,7,1.015,0.623,0.725,1.0,0.174,0.39,0
2420,75,1,11,0.907,0.363,0.92,1.0,0.561,-0.06,0
2421,37,1,6,0.685,0.542,0.4,0.0,0.08,-0.094,0
2422,80,1,6,0.788,0.721,0.932,0.0,0.492,0.088,0
2423,62,0,7,0.79,0.61,0.712,1.0,0.131,-0.042,1
2424,81,0,7,0.749,0.51,0.476,0.0,-0.261,0.057,0
2425,59,0,6,0.684,0.7,1.074,1.0,0.874,-0.11,0
2426,65,0,11,0.958,0.552,0.785,0.0,0.224,0.362,0
2427,48,0,12,0.875,0.548,0.742,1.0,0.159,0.095,0
2428,42,0,11,0.896,0.494,1.171,0.0,0.668,0.156,0
2429,75,1,9,0.956,0.634,0.702,0.0,0.395,0.085,0
2430,59,1,11,0.765,0.573,0.84,0.0,-0.004,-0.084,1
2431,40,0,11,1.06,0.826,0.581,0.5,0.459,0.26,0
2432,58,1,12,0.934,0.65,0.951,0.75,0.461,0.182,0
2433,60,1,8,0.7,0.57,0.635,0.5,0.266,0.035,0
2434,51,0,10,0.965,0.527,0.743,0.0,0.0,0.248,1
2435,46,1,5,0.856,0.529,0.779,0.0,0.361,0.105,0
2436,38,1,12,0.741,0.7,0.717,0.75,0.088,0.011,0
2437,81,0,6,0.755,0.689,0.992,0.75,0.634,0.121,1
2438,81,0,9,1.201,0.527,0.739,0.0,0.299,0.452,1
2439,70,0,3,0.621,0.606,0.607,0.0,0.246,-0.052,0
2440,47,1,11,0.886,0.527,0.972,0.25,0.374,0.034,0
2441,73,0,12,0.993,0.515,0.7,0.0,0.5,0.149,0
2442,38,0,9,0.903,0.562,0.7,0.0,0.265,0.313,1
2443,63,0,11,0.951,0.51,0.895,0.25,0.309,0.096,0
2444,53,1,5,0.776,0.57,0.465,0.0,-0.026,0.111,0
2445,79,1,4,0.683,0.67,0.454,0.0,-0.136,0.04,0
2446,57,1,7,0.734,0.606,0.834,0.0,0.246,-0.007,0
2447,49,0,7,0.847,0.546,0.81,1.0,0.411,0.112,0
2448,84,0,6,0.737,0.603,0.915,0.0,0.506,0.023,0
2449,78,1,9,0.974,0.673,0.369,0.25,-0.312,0.078,0
2450,51,1,8,0.978,0.551,0.837,1.0,0.325,0.288,1
2451,37,1,12,0.943,0.6,1.038,0.25,0.788,0.255,1
2452,51,1,6,0.696,0.615,0.842,0.25,0.431,0.11,0
2453,73,0,6,0.834,0.554,0.489,0.0,-0.247,0.101,0
2454,57,1,8,0.83,0.563,0.7,0.0,0.172,0.146,0
2455,39,0,11,0.87,0.558,0.98,0.25,0.174,0.213,0
2456,35,1,7,0.777,0.653,0.48,0.0,-0.214,0.005,0
2457,69,1,6,0.834,0.601,0.295,0.75,0.024,-0.052,0
2458,66,1,6,0.663,0.598,0.937,0.0,0.526,-0.087,0
2459,83,1,8,0.925,0.605,0.875,0.25,0.634,0.245,0
2460,53,1,10,0.841,0.549,0.852,0.75,0.603,-0.04,1
2461,35,1,4,0.635,0.65,0.125,0.25,-0.412,-0.198,0
2462,56,0,4,0.69,0.485,0.542,0.25,-0.035,-0.252,0
2463,57,1,6,0.765,0.589,0.846,0.25,0.146,-0.165,0
2464,37,0,7,0.919,0.577,0.86,0.0,0.331,-0.077,0
2465,40,1,5,0.718,0.7,0.705,0.0,0.166,0.041,0
2466,66,0,12,1.238,0.463,0.949,0.25,0.524,0.621,0
2467,50,0,4,0.837,0.683,0.309,0.0,-0.238,-0.002,0
2468,53,0,9,0.859,0.514,0.81,0.0,0.343,0.034,1
2469,72,0,8,1.142,0.529,0.755,0.25,0.484,0.291,0
2470,73,1,3,0.798,0.533,0.403,0.0,0.071,0.05,0
2471,69,1,12,0.868,0.491,0.822,0.25,0.445,0.155,1
2472,66,1,10,0.852,0.7,0.89,0.0,0.557,0.19,0
2473,41,0,12,0.729,0.642,0.758,0.5,0.474,0.185,0
2474,72,0,12,0.885,0.491,0.9,0.25,0.921,-0.046,0
2475,63,1,10,0.877,0.653,0.649,0.0,0.228,-0.011,0
2476,30,1,9,1.049,0.677,0.943,0.0,0.714,0.292,0
2477,45,0,4,0.917,0.568,0.819,0.0,0.495,0.315,1
2478,78,0,7,0.688,0.636,0.708,1.0,0.346,-0.044,1
2479,74,0,12,1.149,0.7,0.52,0.0,-0.414,0.216,0
2480,31,1,9,0.912,0.568,0.858,0.0,0.074,0.116,0
2481,67,0,8,0.934,0.341,0.504,0.0,-0.297,0.148,0
2482,35,1,6,0.856,0.66,0.716,0.0,0.177,0.304,0
2483,74,0,3,0.964,0.529,0.488,0.0,-0.173,0.145,0
2484,39,0,12,0.984,0.478,0.767,0.5,0.424,0.037,0
2485,36,1,3,0.605,0.747,0.484,0.0,0.152,-0.153,0
2486,53,1,6,0.811,0.494,0.92,0.0,0.334,-0.194,0
2487,54,0,8,0.9,0.628,0.7,0.75,0.45,-0.012,0
2488,37,1,9,1.071,0.625,0.766,0.0,0.302,0.542,0
2489,83,0,4,0.956,0.547,0.645,0.0,0.196,0.395,0
2490,46,1,11,0.814,0.448,0.915,0.0,0.428,-0.049,0
2491,52,0,11,1.041,0.593,0.905,0.0,0.333,0.462,1
2492,46,0,5,0.976,0.617,0.502,0.0,0.274,0.297,0
2493,31,0,8,0.904,0.585,0.86,0.0,0.635,0.046,0
2494,73,1,8,0.939,0.501,0.781,0.25,0.267,0.22,1
2495,52,0,12,1.003,0.453,0.801,1.0,0.065,0.102,1
2496,36,1,6,0.854,0.561,0.427,0.0,-0.386,0.123,0
2497,50,0,8,0.845,0.512,0.779,0.25,0.31,0.165,1
2498,71,1,6,0.898,0.677,0.656,0.0,0.045,0.264,0
2499,83,1,3,0.971,0.618,0.537,0.0,0.058,0.149,0
2500,80,0,12,1.086,0.587,0.7,0.25,0.0,0.281,0
2501,80,0,10,0.891,0.677,0.473,0.0,0.275,0.442,0
2502,33,1,9,0.922,0.654,0.898,0.0,0.351,0.159,0
2503,30,0,4,0.813,0.577,0.512,0.75,-0.099,0.021,0
2504,83,1,7,0.614,0.435,0.649,0.0,0.406,-0.004,1
2505,72,1,9,0.924,0.608,0.796,0.25,0.235,0.095,0
2506,57,1,11,0.936,0.59,1.022,0.0,0.668,0.238,0
2507,72,1,9,1.054,0.611,0.995,0.25,0.491,0.381,0
2508,67,1,7,0.749,0.62,0.857,1.0,0.32,0.131,0
2509,35,1,9,0.993,0.451,0.798,0.0,0.294,0.093,0
2510,49,1,9,1.064,0.636,0.639,0.0,0.125,0.475,0
2511,38,1,11,1.228,0.593,0.951,0.0,0.634,0.3,0
2512,72,0,7,0.845,0.622,0.775,0.25,0.363,0.218,0
2513,68,1,3,0.912,0.64,0.636,0.75,-0.051,0.078,0
2514,73,1,7,0.864,0.642,0.893,0.0,0.41,0.057,1
2515,62,0,10,0.696,0.7,0.69,0.75,0.126,-0.165,0
2516,38,1,8,0.88,0.493,0.683,0.5,0.213,0.156,0
2517,71,1,9,0.734,0.542,0.923,0.25,0.464,-0.018,0
2518,34,1,9,0.89,0.618,1.13,0.75,0.947,0.253,1
2519,40,0,8,0.982,0.589,0.867,0.75,0.591,0.327,0
2520,70,0,10,0.997,0.562,0.712,0.0,0.29,0.247,1
2521,43,0,7,0.879,0.38,0.624,0.0,0.324,0.103,0
2522,67,1,12,1.051,0.467,0.695,0.0,0.071,0.614,1
2523,47,1,9,1.006,0.429,1.075,0.25,0.836,0.18,1
2524,83,1,10,0.938,0.607,0.87,0.0,0.411,0.25,0
2525,77,1,11,1.073,0.497,0.7,0.75,-0.0,0.423,0
2526,69,0,7,0.792,0.526,0.676,1.0,0.246,-0.059,0
2527,52,0,3,0.853,0.512,0.4,0.0,-0.223,0.227,0
2528,77,1,11,0.919,0.647,1.055,0.0,0.241,0.323,1
2529,49,0,12,0.85,0.651,0.996,0.5,0.703,0.156,0
2530,41,1,8,0.709,0.47,0.744,0.0,0.429,-0.234,0
2531,31,0,7,0.836,0.541,0.887,0.0,0.236,-0.162,0
2532,69,0,9,0.914,0.533,0.898,0.0,0.377,0.356,0
2533,32,1,3,0.65,0.489,0.443,0.5,0.05,-0.238,0
2534,33,1,8,0.974,0.626,0.544,0.5,-0.144,0.38,0
2535,81,1,3,0.655,0.452,0.512,0.0,-0.184,0.273,0
2536,82,1,5,0.658,0.566,0.7,0.0,0.33,-0.103,0
2537,34,0,7,0.874,0.594,0.967,0.0,0.57,0.142,0
2538,41,0,6,1.01,0.628,0.545,0.25,-0.011,0.234,0
2539,52,0,11,0.985,0.567,0.7,0.5,0.353,0.427,0
2540,41,0,7,0.723,0.409,0.749,0.0,0.511,-0.144,1
2541,32,1,8,0.731,0.669,0.546,0.5,-0.029,0.1,0
2542,39,1,10,0.868,0.497,0.622,0.5,0.016,0.196,0
2543,74,0,3,0.813,0.581,0.594,0.75,0.054,0.105,0
2544,52,0,10,0.967,0.634,0.661,0.0,0.3,0.072,0
2545,72,0,6,0.825,0.734,0.725,0.5,0.112,-0.0,0
2546,75,1,8,0.79,0.584,0.87,0.5,0.566,0.09,0
2547,68,0,12,1.053,0.522,0.79,0.0,0.358,0.479,0
2548,35,0,5,1.012,0.56,0.493,0.25,0.323,0.143,0
2549,52,1,8,0.875,0.432,0.727,0.5,0.283,0.164,1
2550,43,0,11,1.039,0.426,0.835,1.0,0.639,0.422,0
2551,77,0,10,1.11,0.532,1.035,0.0,0.616,0.205,0
2552,47,1,6,0.877,0.525,0.522,0.0,0.214,0.129,0
2553,63,0,7,0.761,0.626,0.659,0.75,0.267,-0.048,0
2554,41,0,3,0.767,0.643,0.252,1.0,-0.144,0.053,0
2555,72,1,7,0.955,0.625,0.874,0.75,0.242,-0.028,1
2556,71,1,11,0.964,0.435,0.927,0.0,0.396,0.194,0
2557,70,1,3,0.815,0.72,0.478,0.75,0.523,-0.007,0
2558,71,1,4,0.648,0.7,0.935,0.75,0.598,-0.185,1
2559,34,1,3,0.821,0.571,0.57,0.25,-0.116,0.053,0
2560,72,0,7,0.79,0.7,0.714,0.0,0.498,-0.076,0
2561,35,0,7,0.966,0.501,0.374,0.25,-0.03,0.3,0
2562,53,1,4,0.892,0.558,0.768,0.0,0.444,0.157,0
2563,55,1,3,0.853,0.557,0.781,0.0,0.352,0.01,0
2564,73,0,7,0.85,0.569,0.737,0.25,0.262,0.177,1
2565,70,1,3,0.817,0.706,0.493,0.0,0.136,0.079,0
2566,56,1,8,1.012,0.585,0.735,0.0,0.035,0.066,1
2567,74,1,6,0.721,0.526,0.708,0.5,0.411,-0.078,0
2568,64,1,5,0.945,0.645,0.692,0.0,0.16,0.231,0
2569,65,0,11,1.057,0.563,0.992,0.25,0.178,0.364,0
2570,67,0,7,0.7,0.404,0.595,0.0,0.257,-0.216,0
2571,55,0,3,0.845,0.642,0.303,0.5,-0.151,0.188,0
2572,57,1,8,0.98,0.568,0.956,0.25,0.124,0.38,1
2573,78,1,6,0.942,0.432,0.745,0.0,0.192,0.202,0
2574,81,0,8,0.856,0.653,0.762,1.0,0.529,0.126,0
2575,30,1,6,0.954,0.583,0.575,0.0,0.091,0.152,0
2576,57,0,8,0.791,0.619,0.858,0.0,0.349,-0.038,0
2577,41,0,5,0.999,0.502,0.476,0.5,0.356,0.155,0
2578,39,1,8,0.983,0.532,0.678,1.0,0.132,0.09,0
2579,68,1,5,0.748,0.551,0.506,0.0,0.092,-0.085,0
2580,79,0,4,0.914,0.508,0.685,1.0,0.432,0.114,0
2581,75,0,10,0.901,0.623,0.7,0.0,0.387,0.353,0
2582,44,0,3,0.83,0.638,0.641,0.5,0.442,0.06,0
2583,72,0,4,1.031,0.645,0.677,0.0,-0.023,0.325,0
2584,70,0,9,0.82,0.648,0.409,0.25,-0.218,-0.0,0
2585,46,0,3,0.847,0.75,0.445,0.0,0.11,0.226,0
2586,50,0,12,0.983,0.491,0.988,1.0,0.37,0.438,1
2587,67,1,4,0.739,0.576,0.7,0.0,0.413,0.14,0
2588,71,1,10,1.024,0.521,0.783,0.25,0.193,0.264,0
2589,83,0,12,0.88,0.558,0.814,0.0,0.331,0.172,0
2590,62,1,5,1.121,0.48,0.874,0.0,0.391,0.542,0
2591,48,1,8,0.849,0.534,0.887,0.75,0.476,0.118,0
2592,39,0,4,0.877,0.693,0.783,0.0,0.494,0.284,0
2593,78,1,12,1.006,0.621,0.917,0.0,0.573,0.243,0
2594,40,1,8,0.661,0.603,0.736,0.0,0.277,-0.131,0
2595,50,1,5,0.87,0.571,0.814,0.0,0.063,0.202,0
2596,40,1,9,0.831,0.506,0.813,0.0,0.389,0.148,0
2597,83,1,11,0.869,0.546,0.798,0.5,0.201,-0.018,0
2598,42,1,11,0.81,0.682,1.026,0.0,0.2,0.046,0
2599,44,0,8,0.956,0.627,0.987,0.75,0.429,0.235,0
2600,52,0,11,0.995,0.428,0.922,1.0,0.35,0.423,0
2601,63,1,12,0.739,0.454,0.966,0.0,0.655,0.064,0
2602,76,0,8,0.717,0.453,0.745,0.0,0.523,-0.056,0
2603,80,1,10,0.863,0.579,0.532,0.0,0.205,0.25,0
2604,53,1,3,0.718,0.559,0.877,0.0,0.377,-0.09,0
2605,55,1,7,0.839,0.525,0.95,0.75,0.484,0.058,1
2606,52,1,9,1.013,0.607,0.848,0.0,0.409,0.14,0
2607,42,0,4,0.917,0.549,0.497,0.5,0.447,0.238,0
2608,44,1,7,0.999,0.613,0.846,0.0,0.303,0.067,0
2609,36,1,5,0.847,0.468,0.748,0.0,0.407,0.21,0
2610,37,1,9,0.922,0.663,0.987,0.5,0.543,0.08,0
2611,82,1,8,0.872,0.58,0.628,0.75,0.404,-0.111,0
2612,46,1,9,1.097,0.56,0.686,0.0,0.274,0.314,0
2613,57,0,7,0.782,0.624,0.932,0.0,0.632,-0.09,0
2614,83,0,12,0.833,0.7,1.118,0.0,0.497,0.227,0
2615,32,0,5,0.785,0.606,0.653,0.25,0.477,-0.023,0
2616,69,0,5,0.758,0.625,0.457,0.75,0.024,0.058,0
2617,30,1,3,0.925,0.489,0.152,0.75,-0.328,0.349,0
2618,41,1,4,0.547,0.555,0.712,0.0,0.297,-0.298,0
2619,69,1,11,0.832,0.575,0.764,0.25,-0.281,0.145,0
2620,75,1,3,0.793,0.558,0.595,0.5,0.154,0.339,0
2621,37,0,11,0.881,0.554,0.934,0.0,0.297,0.367,1
2622,42,0,9,1.056,0.643,0.948,0.0,0.474,0.253,1
2623,35,1,7,0.888,0.673,0.711,0.25,0.565,0.007,0
2624,36,0,12,0.94,0.57,0.618,0.25,0.329,0.042,0
2625,36,0,11,1.031,0.453,0.7,0.0,0.262,0.521,0
2626,56,1,10,0.778,0.504,0.765,0.0,0.186,-0.119,0
2627,58,0,11,0.752,0.569,0.864,0.5,0.486,0.069,0
2628,39,1,11,0.823,0.581,0.796,0.75,0.624,0.012,0
2629,64,0,4,0.701,0.63,0.645,0.75,0.193,0.056,0
2630,63,1,10,0.883,0.509,0.547,0.75,-0.028,0.035,1
2631,31,1,11,1.048,0.621,0.743,0.0,0.318,0.018,1
2632,78,0,10,0.86,0.564,0.784,0.75,0.309,0.16,0
2633,44,1,6,0.999,0.667,0.325,0.25,-0.339,0.265,0
2634,36,0,6,0.7,0.635,0.547,0.0,-0.188,0.026,0
2635,37,1,10,0.977,0.409,0.724,0.0,0.302,0.275,0
2636,39,1,9,1.096,0.555,0.705,0.0,0.214,0.516,0
2637,78,1,11,0.969,0.401,0.954,0.0,0.426,0.347,0
2638,81,0,8,0.93,0.434,0.81,0.0,0.246,0.176,0
2639,55,1,5,0.853,0.581,0.715,0.25,0.335,0.083,1
2640,57,0,6,0.976,0.543,0.726,0.0,0.342,0.382,0
2641,47,1,5,0.854,0.576,0.659,0.75,0.003,0.09,0
2642,56,0,4,0.854,0.508,0.313,0.75,-0.243,-0.157,0
2643,42,1,4,0.684,0.55,0.795,0.0,0.44,-0.006,0
2644,68,1,6,0.912,0.473,0.653,0.75,0.175,0.073,0
2645,31,1,11,1.162,0.54,0.721,0.0,0.165,0.413,0
2646,33,0,11,1.138,0.475,0.919,0.75,0.493,0.351,1
2647,73,1,11,0.819,0.624,0.778,0.75,0.205,-0.114,0
2648,68,1,4,0.689,0.601,0.592,1.0,-0.039,-0.01,0
2649,54,0,12,0.948,0.471,0.751,0.0,-0.032,0.218,0
2650,70,0,5,0.611,0.472,0.44,1.0,-0.041,-0.059,0
2651,60,1,10,1.16,0.674,1.007,0.25,0.354,0.411,1
2652,73,1,9,1.0,0.635,0.7,0.0,-0.029,0.198,0
2653,83,1,7,0.733,0.608,0.797,0.75,0.104,-0.172,0
2654,60,1,4,0.874,0.544,0.545,0.75,0.043,0.18,0
2655,69,0,5,0.824,0.6,0.763,0.5,0.377,-0.02,0
2656,31,1,6,0.901,0.625,0.7,0.5,0.171,0.069,0
2657,48,1,7,0.879,0.619,0.7,0.5,-0.003,0.138,0
2658,62,1,8,1.086,0.499,0.888,0.25,0.553,0.151,0
2659,79,1,10,0.9,0.568,0.507,0.75,0.305,0.158,1
2660,33,1,11,0.903,0.498,0.985,0.0,0.371,0.141,0
2661,36,1,11,1.049,0.563,0.721,0.5,0.525,0.251,0
2662,40,0,5,0.703,0.496,0.556,0.5,0.244,0.003,0
2663,57,0,12,1.004,0.522,0.7,0.0,0.525,0.206,0
2664,68,0,5,0.926,0.626,0.83,1.0,0.377,0.186,1
2665,55,0,6,0.807,0.485,0.592,0.25,0.173,-0.124,0
2666,51,1,9,1.028,0.684,0.802,0.75,0.515,0.223,0
2667,46,0,7,0.816,0.674,0.668,0.5,0.027,0.052,0
2668,36,0,4,0.948,0.531,0.748,0.0,0.561,0.202,0
2669,64,1,5,0.726,0.688,0.487,0.0,0.058,-0.071,0
2670,71,1,3,0.911,0.417,0.636,0.5,0.295,0.238,0
2671,60,0,3,0.786,0.756,0.803,0.5,0.617,0.128,0
2672,60,1,10,1.013,0.508,0.963,0.5,0.37,0.161,0
2673,55,0,7,0.825,0.468,0.79,0.5,0.438,-0.128,0
2674,77,0,5,0.708,0.84,0.547,0.25,0.062,-0.233,0
2675,43,0,10,0.746,0.535,0.774,1.0,0.562,0.175,0
2676,72,1,5,0.658,0.452,0.615,0.0,0.064,-0.111,0
2677,38,0,5,0.815,0.555,0.587,0.25,-0.122,0.086,0
2678,38,0,6,0.762,0.584,0.97,0.0,0.325,-0.101,0
2679,73,0,10,0.894,0.651,0.856,0.25,0.447,0.217,0
2680,77,1,11,0.936,0.656,0.887,0.0,0.318,0.187,1
2681,43,0,6,0.872,0.661,0.825,0.5,0.231,0.264,0
2682,69,0,10,0.853,0.638,0.995,0.0,0.397,0.066,0
2683,45,1,3,0.77,0.613,0.759,0.0,0.202,0.166,0
2684,62,1,8,0.634,0.483,0.877,0.5,0.014,-0.021,1
2685,44,1,11,0.78,0.503,1.116,0.5,0.529,0.094,0
2686,73,1,10,0.759,0.548,0.879,0.0,0.444,-0.032,1
2687,79,0,4,0.854,0.578,0.385,0.0,-0.008,0.255,0
2688,57,1,8,0.828,0.553,0.793,0.75,0.368,0.156,0
2689,53,0,6,0.622,0.681,0.72,0.75,0.117,-0.105,0
2690,35,0,11,0.981,0.483,1.094,1.0,0.954,0.332,0
2691,48,1,6,0.716,0.385,0.75,0.0,0.364,-0.135,0
2692,37,0,6,0.624,0.501,0.904,1.0,0.708,-0.084,0
2693,31,0,10,0.964,0.568,0.839,0.0,0.312,0.214,0
2694,38,0,4,0.823,0.56,0.31,0.75,-0.242,0.117,0
2695,67,1,10,0.993,0.487,0.696,0.5,0.326,0.142,1
2696,84,0,7,0.77,0.614,0.528,0.0,0.292,0.121,0
2697,77,0,3,1.031,0.771,0.303,0.0,0.168,0.332,0
2698,51,1,4,1.003,0.613,0.533,0.5,0.307,-0.022,0
2699,41,1,6,1.025,0.441,0.714,0.0,0.389,0.062,0
2700,39,1,8,0.723,0.552,0.485,0.0,0.25,-0.22,0
2701,82,1,3,0.789,0.541,0.877,1.0,0.422,-0.005,1
2702,62,0,9,1.058,0.565,0.801,0.5,0.335,0.469,0
2703,42,0,8,1.015,0.517,0.574,1.0,0.011,0.221,0
2704,38,0,7,0.883,0.618,0.966,1.0,0.446,0.008,0
2705,36,1,10,1.026,0.509,1.005,0.0,0.469,0.185,0
2706,62,0,9,0.927,0.536,0.781,1.0,0.722,0.548,0
2707,55,1,9,1.03,0.536,0.436,0.0,-0.131,0.242,0
2708,56,0,3,0.917,0.632,0.488,0.75,-0.279,0.173,0
2709,75,0,9,0.8,0.467,0.933,0.0,0.405,-0.002,0
2710,54,1,3,0.71,0.753,0.709,1.0,0.136,-0.053,0
2711,48,1,4,0.905,0.597,0.563,0.5,0.322,-0.026,0
2712,67,0,8,0.826,0.438,0.538,0.5,0.219,0.192,0
2713,79,1,9,1.002,0.642,0.593,0.0,-0.107,0.218,0
2714,50,0,4,0.732,0.526,0.602,0.5,0.463,-0.096,0
2715,64,1,6,0.872,0.669,0.604,0.0,0.162,0.08,0
2716,44,1,11,1.147,0.53,0.983,0.75,0.571,0.635,0
2717,38,0,12,1.011,0.463,0.81,0.75,0.198,0.373,0
2718,62,1,7,0.991,0.515,0.509,0.0,0.385,0.076,0
2719,35,1,10,0.816,0.433,0.858,0.25,0.251,0.109,0
2720,47,1,12,0.705,0.613,0.977,0.5,0.416,0.037,1
2721,60,0,12,1.175,0.398,0.991,0.0,0.655,0.555,0
2722,71,1,7,1.068,0.722,0.687,0.0,0.285,0.511,0
2723,77,1,11,0.96,0.472,1.029,0.0,0.592,0.325,0
2724,55,1,5,0.681,0.68,0.71,1.0,0.178,-0.275,0
2725,67,0,5,0.939,0.617,0.607,0.0,-0.093,0.075,0
2726,34,1,3,0.65,0.603,0.67,0.0,0.346,-0.083,0
2727,82,0,7,0.866,0.659,0.625,0.5,0.195,0.069,0
2728,83,0,5,0.722,0.546,0.655,0.75,-0.077,0.019,0
2729,55,1,4,0.822,0.628,0.618,0.0,0.225,0.029,0
2730,42,1,7,0.937,0.653,0.357,1.0,-0.05,0.302,0
2731,74,1,12,1.031,0.683,0.768,0.0,0.008,0.203,0
2732,79,0,5,0.874,0.673,0.38,0.0,0.007,0.015,0
2733,45,1,11,1.112,0.55,0.907,0.0,0.402,0.162,0
2734,68,1,9,0.951,0.7,0.471,0.0,0.117,0.35,0
2735,36,1,6,0.76,0.695,0.672,0.0,0.012,0.045,0
2736,80,0,9,0.943,0.78,0.7,0.0,0.388,0.326,0
2737,32,0,12,1.083,0.629,0.788,0.75,0.412,0.383,0
2738,58,1,7,0.795,0.613,0.886,0.0,0.406,0.095,0
2739,57,0,5,0.865,0.521,0.513,0.0,-0.111,0.279,0
2740,83,0,11,0.896,0.521,0.744,0.0,0.227,0.375,0
2741,73,1,12,1.025,0.452,0.817,0.0,0.472,0.325,0
2742,49,1,11,0.994,0.485,1.034,0.0,0.501,0.142,0
2743,78,1,11,0.882,0.623,0.738,1.0,0.453,0.144,1
2744,35,0,7,0.862,0.578,0.841,0.5,0.614,0.265,0
2745,39,0,5,0.839,0.586,0.586,1.0,0.052,0.249,0
2746,80,0,9,1.18,0.48,0.713,1.0,0.581,0.433,0
2747,47,0,5,1.073,0.608,0.735,0.0,0.461,0.31,0
2748,48,0,4,0.673,0.532,0.376,0.0,-0.143,-0.166,0
2749,39,0,4,0.895,0.532,0.736,0.0,-0.146,0.246,0
2750,84,1,6,0.728,0.668,0.439,0.0,0.159,0.101,1
2751,66,1,11,0.816,0.6,0.657,0.0,0.243,-0.056,1
2752,37,1,7,0.888,0.582,1.091,0.0,0.741,0.285,0
2753,35,0,4,0.578,0.622,0.477,0.5,0.155,-0.15,0
2754,79,1,12,1.06,0.533,0.764,0.0,0.19,0.106,0
2755,69,0,6,0.893,0.696,0.633,0.0,0.272,0.112,0
2756,30,1,7,0.903,0.693,0.868,0.0,0.261,0.214,0
2757,58,0,9,0.737,0.634,0.678,0.0,0.01,0.024,0
2758,43,0,6,0.86,0.558,0.799,0.0,0.386,0.218,0
2759,72,0,4,0.714,0.608,0.584,0.75,0.17,-0.033,0
2760,82,0,9,0.77,0.551,0.531,0.0,-0.028,0.233,0
2761,52,0,10,0.935,0.555,0.484,0.25,-0.073,0.243,0
2762,34,0,6,0.641,0.63,0.52,0.25,-0.121,-0.072,0
2763,68,0,9,0.925,0.606,0.875,0.25,0.402,0.208,0
2764,57,0,10,0.769,0.681,1.004,0.5,0.028,-0.005,0
2765,54,0,5,0.84,0.541,0.437,0.0,0.092,0.067,0
2766,52,0,10,0.983,0.587,1.152,0.0,0.663,0.249,0
2767,53,1,3,0.834,0.633,0.7,1.0,0.404,-0.069,0
2768,49,0,10,0.974,0.546,0.83,1.0,0.377,0.124,0
2769,58,0,8,0.7,0.537,0.596,0.0,0.002,-0.161,0
2770,58,0,4,0.926,0.561,0.515,1.0,-0.058,0.165,0
2771,78,1,12,0.712,0.531,1.155,0.75,0.526,0.225,1
2772,46,1,10,0.716,0.665,0.681,0.0,0.236,0.175,0
2773,44,1,8,0.997,0.667,0.945,0.25,0.507,0.38,0
2774,57,1,7,0.878,0.458,0.872,0.0,0.615,-0.039,1
2775,31,1,11,1.079,0.646,0.858,0.75,0.395,0.292,0
2776,62,1,9,0.734,0.596,0.849,0.25,0.074,-0.176,0
2777,76,1,4,0.614,0.643,0.62,0.0,0.258,-0.217,0
2778,82,1,6,1.015,0.577,0.463,0.5,-0.132,0.349,0
2779,75,0,9,0.946,0.677,1.216,0.0,0.742,0.012,0
2780,70,0,4,0.84,0.706,0.913,0.0,0.465,0.083,0
2781,57,0,5,0.916,0.609,0.495,0.25,-0.07,0.256,0
2782,54,0,5,0.849,0.63,0.575,0.0,0.072,0.081,0
2783,67,0,9,1.129,0.493,0.552,0.75,0.053,0.351,0
2784,57,1,5,0.804,0.654,0.808,0.5,0.145,-0.083,0
2785,36,0,5,0.996,0.596,0.728,0.5,0.112,0.108,0
2786,47,1,4,0.976,0.593,0.897,0.0,0.631,0.348,0
2787,52,1,5,1.056,0.461,0.397,0.25,-0.414,0.248,0
2788,33,1,9,0.832,0.684,0.779,0.0,0.297,0.087,0
2789,44,0,11,0.824,0.45,1.064,0.5,0.436,-0.037,0
2790,78,1,5,0.911,0.635,0.793,1.0,0.427,0.208,0
2791,47,1,6,1.066,0.679,0.67,0.0,0.298,0.289,0
2792,30,1,11,0.926,0.451,0.801,0.5,0.574,0.139,0
2793,71,0,11,0.895,0.659,0.89,0.5,0.664,-0.083,1
2794,54,1,7,0.824,0.556,0.722,0.0,0.318,0.124,0
2795,81,0,10,0.986,0.621,0.746,0.0,0.491,0.253,0
2796,69,1,4,0.668,0.638,0.795,0.0,0.169,-0.162,0
2797,83,0,10,1.03,0.527,0.709,0.5,0.244,0.362,1
2798,52,1,11,0.889,0.613,0.964,0.0,0.47,0.07,1
2799,70,0,12,0.937,0.622,0.738,0.75,0.614,0.314,1
2800,50,0,8,1.046,0.715,0.983,0.5,0.65,0.482,0
2801,76,1,12,1.093,0.625,1.007,0.75,1.052,0.395,0
2802,35,0,11,0.913,0.707,0.89,0.5,0.388,0.414,0
2803,79,1,11,1.177,0.471,0.77,1.0,0.292,0.359,0
2804,54,1,11,0.835,0.647,0.837,0.25,0.76,0.025,0
2805,30,0,4,0.748,0.567,0.48,0.0,-0.024,0.039,0
2806,70,0,10,0.894,0.638,0.814,0.5,0.176,0.155,0
2807,47,1,4,0.98,0.547,0.308,0.5,-0.199,0.258,0
2808,58,0,3,0.759,0.593,0.919,0.25,0.343,-0.007,0
2809,84,1,11,1.036,0.512,1.017,0.0,0.373,0.16,0
2810,73,0,10,0.965,0.59,0.873,0.75,0.323,0.184,1
2811,69,0,10,0.784,0.557,0.873,0.0,0.084,0.131,0
2812,59,1,8,0.916,0.581,0.741,0.25,0.357,0.061,0
2813,60,1,4,0.799,0.585,0.637,0.0,-0.063,-0.049,0
2814,53,0,12,0.98,0.478,0.798,0.5,0.447,0.01,0
2815,67,0,4,0.979,0.593,0.185,0.0,-0.374,0.34,0
2816,84,1,6,0.938,0.644,0.564,0.0,0.238,0.238,0
2817,52,1,6,0.814,0.517,0.647,1.0,0.071,0.157,0
2818,51,0,6,0.782,0.638,0.643,0.25,0.103,0.104,0
2819,76,0,7,0.899,0.629,0.462,1.0,0.06,-0.128,0
2820,51,1,6,0.819,0.581,0.344,0.75,-0.291,0.01,0
2821,77,1,3,0.832,0.533,0.36,0.25,-0.109,0.176,0
2822,32,1,6,0.791,0.709,0.587,0.0,-0.099,-0.105,0
2823,82,0,3,0.833,0.56,0.662,1.0,0.002,0.16,0
2824,50,1,3,0.723,0.68,0.468,0.25,0.108,-0.422,0
2825,61,0,9,0.812,0.512,1.01,0.25,0.576,-0.096,0
2826,49,1,6,0.821,0.536,0.739,0.0,0.2,0.065,1
2827,55,1,5,1.084,0.637,1.16,0.0,0.825,0.218,0
2828,55,1,5,0.846,0.649,0.312,0.0,-0.14,-0.023,0
2829,30,0,3,1.017,0.543,0.611,0.0,-0.01,0.421,0
2830,83,1,12,0.987,0.427,0.7,0.5,0.377,0.086,1
2831,74,1,10,0.898,0.606,0.758,0.0,0.247,0.097,0
2832,58,0,8,0.921,0.497,0.955,1.0,0.508,0.316,0
2833,50,1,9,0.995,0.555,0.88,0.0,0.559,0.267,1
2834,51,0,8,0.797,0.619,0.972,0.0,0.677,-0.101,1
2835,65,0,9,0.783,0.507,0.917,0.0,0.515,0.108,1
2836,31,1,8,0.722,0.646,1.074,0.5,0.752,-0.25,0
2837,54,0,12,0.872,0.552,0.833,0.0,0.435,0.13,0
2838,73,1,7,0.791,0.637,0.83,0.0,0.52,0.179,1
2839,59,0,3,0.76,0.506,0.518,0.0,-0.167,0.142,0
2840,83,0,11,1.094,0.538,0.718,0.25,0.026,0.222,0
2841,39,0,9,1.109,0.59,0.861,0.5,0.227,0.228,0
2842,42,0,8,0.785,0.504,1.076,0.0,0.635,-0.037,1
2843,41,0,9,0.914,0.537,0.426,0.0,-0.176,0.242,0
2844,30,0,6,0.878,0.745,0.596,0.0,0.462,0.084,0
2845,59,1,10,1.057,0.48,0.7,0.25,0.379,0.449,1
2846,77,1,11,1.086,0.486,1.01,0.0,0.379,0.345,0
2847,74,1,3,0.71,0.475,0.425,0.0,0.201,-0.107,0
2848,38,1,5,1.004,0.601,0.589,0.0,-0.013,0.297,0
2849,44,1,12,0.823,0.451,0.877,1.0,0.455,0.208,0
2850,44,0,9,0.79,0.482,0.671,0.0,-0.117,0.18,0
2851,44,1,12,0.931,0.7,1.022,1.0,0.507,0.178,0
2852,57,0,5,0.631,0.618,0.557,0.5,0.41,-0.149,0
2853,50,1,12,0.915,0.591,0.795,0.25,0.301,0.215,0
2854,55,0,12,0.933,0.664,0.995,0.75,0.671,0.233,0
2855,78,0,11,0.965,0.57,0.919,0.25,0.439,0.442,1
2856,58,0,12,0.84,0.488,0.872,1.0,0.313,0.035,1
2857,70,1,10,1.049,0.498,0.99,0.0,0.479,0.47,0
2858,79,0,4,0.882,0.597,0.646,0.75,0.226,0.109,0
2859,44,1,5,0.606,0.645,0.753,0.0,0.086,-0.079,0
2860,51,0,12,0.905,0.565,1.0,1.0,0.526,0.073,0
2861,64,1,5,0.906,0.616,0.316,0.0,-0.4,-0.016,0
2862,59,0,5,0.825,0.741,0.575,0.0,0.193,-0.022,0
2863,42,1,9,1.02,0.612,0.986,0.0,0.414,0.435,1
2864,81,0,5,0.919,0.577,0.888,0.0,0.734,0.306,0
2865,57,1,3,0.692,0.573,0.703,0.0,-0.08,0.176,1
2866,36,1,10,0.935,0.495,0.778,0.0,0.266,-0.006,0
2867,69,1,3,0.926,0.733,0.412,0.0,-0.253,0.196,0
2868,60,1,7,1.013,0.537,0.7,0.0,0.43,0.197,0
2869,83,1,5,0.732,0.672,0.637,0.0,0.112,0.115,1
2870,47,0,10,0.919,0.701,0.966,0.5,0.61,0.07,1
2871,44,0,5,0.965,0.738,0.684,0.0,0.073,0.002,0
2872,73,1,11,1.014,0.483,0.739,0.0,0.086,0.235,0
2873,39,0,8,0.883,0.562,0.869,0.0,0.385,0.039,0
2874,78,1,7,0.86,0.588,0.785,0.75,0.322,0.044,0
2875,58,0,11,0.902,0.591,0.959,0.25,0.438,-0.057,0
2876,39,1,6,0.758,0.661,0.853,0.0,0.456,0.148,0
2877,79,1,5,0.768,0.496,0.875,1.0,0.42,0.036,0
2878,51,0,10,1.05,0.551,1.124,0.25,0.852,0.375,0
2879,81,1,11,0.979,0.662,0.797,0.0,-0.016,0.222,0
2880,55,1,12,1.057,0.516,1.044,0.0,0.789,0.601,0
2881,62,1,8,0.436,0.447,0.506,0.0,0.019,-0.266,0
2882,62,0,6,0.788,0.561,0.706,1.0,-0.224,0.16,0
2883,61,1,7,0.912,0.537,0.712,0.0,0.074,0.081,1
2884,73,0,8,0.753,0.668,0.861,1.0,0.728,-0.047,1
2885,39,1,7,0.733,0.469,0.66,1.0,0.091,0.033,0
2886,45,0,5,0.953,0.6,0.618,0.0,-0.082,-0.058,0
2887,60,0,9,0.856,0.491,0.799,0.5,0.228,0.005,0
2888,63,0,3,0.759,0.676,0.697,0.5,0.23,-0.227,0
2889,80,0,3,0.661,0.571,0.677,0.0,0.093,0.17,1
2890,76,0,11,1.057,0.479,0.954,0.75,0.475,0.244,1
2891,62,1,8,1.044,0.574,1.001,0.0,0.633,0.318,0
2892,62,1,11,0.758,0.403,0.706,0.0,0.01,0.186,0
2893,82,1,12,0.827,0.539,1.012,0.75,0.349,0.163,0
2894,80,1,7,0.956,0.6,0.803,0.0,0.256,0.219,0
2895,41,0,12,1.021,0.452,1.09,0.0,0.406,0.25,0
2896,47,1,12,1.047,0.7,1.122,0.5,0.581,0.347,0
2897,81,0,3,0.704,0.538,0.612,0.5,0.287,-0.09,0
2898,36,0,6,1.011,0.524,0.732,0.0,0.145,0.304,1
2899,63,0,5,0.693,0.646,0.589,0.75,0.014,-0.005,0
2900,44,0,8,0.862,0.519,0.927,0.0,0.566,0.341,1
2901,64,1,6,1.176,0.607,0.779,0.0,-0.066,0.477,1
2902,62,0,8,0.626,0.623,0.611,0.0,0.309,-0.217,0
2903,41,1,9,0.945,0.691,0.432,0.0,-0.302,0.276,0
2904,42,1,4,0.746,0.562,0.763,0.5,0.535,-0.08,0
2905,83,0,8,0.835,0.505,0.781,0.5,-0.062,0.242,1
2906,35,0,6,0.616,0.589,0.241,0.0,-0.262,-0.152,0
2907,45,0,7,0.702,0.613,0.7,0.5,0.164,0.174,1
2908,34,1,9,0.739,0.644,0.809,0.25,0.294,-0.035,0
2909,34,1,10,0.86,0.418,0.909,0.0,0.451,0.126,0
2910,38,0,5,0.797,0.577,0.602,0.0,0.1,0.126,0
2911,52,1,8,1.082,0.506,0.839,1.0,0.328,0.384,0
2912,81,1,10,0.857,0.423,0.875,0.5,0.286,-0.143,0
2913,71,0,12,0.79,0.497,1.293,0.25,0.77,0.16,0
2914,74,0,12,0.854,0.609,0.996,0.0,0.668,0.061,1
2915,36,1,9,0.904,0.7,0.981,0.5,0.63,-0.062,0
2916,46,0,6,0.724,0.686,0.411,0.0,0.207,-0.157,0
2917,33,0,5,0.937,0.576,0.468,0.0,0.155,0.382,0
2918,54,0,10,1.027,0.455,0.618,0.5,-0.114,0.105,0
2919,70,0,3,0.778,0.648,0.453,0.5,0.088,-0.05,0
2920,31,1,11,0.855,0.407,0.682,0.0,0.618,0.229,0
2921,65,0,8,0.686,0.462,0.9,0.25,0.332,-0.152,0
2922,40,0,8,0.672,0.651,0.839,0.0,0.402,0.195,0
2923,44,0,7,0.767,0.601,0.799,0.75,0.341,0.018,1
2924,63,0,10,0.839,0.594,0.699,0.5,-0.053,0.12,0
2925,76,0,12,0.871,0.55,1.023,0.0,0.502,0.041,0
2926,79,1,3,0.902,0.659,0.824,0.0,0.52,0.145,0
2927,78,0,11,0.905,0.653,1.327,0.75,0.923,0.298,0
2928,74,0,5,0.75,0.589,0.551,0.0,0.077,-0.169,0
2929,60,1,5,0.548,0.484,0.229,0.25,-0.279,-0.242,0
2930,38,1,10,0.817,0.7,0.847,0.0,0.522,0.208,0
2931,69,1,3,0.617,0.719,0.575,0.0,0.075,-0.049,0
2932,65,0,11,0.955,0.528,0.999,0.75,0.545,0.263,0
2933,58,0,12,0.917,0.614,0.926,1.0,0.226,0.138,0
2934,73,0,5,0.495,0.54,0.626,0.0,-0.074,-0.301,0
2935,33,0,4,0.653,0.519,0.565,0.75,0.183,-0.118,0
2936,77,1,6,0.871,0.591,0.698,0.0,0.202,-0.016,0
2937,45,0,9,0.887,0.553,0.778,1.0,0.276,0.205,0
2938,83,1,7,1.2,0.506,0.822,0.0,0.529,0.566,0
2939,54,1,10,0.894,0.498,0.824,0.0,-0.11,0.135,0
2940,54,1,11,0.912,0.438,0.891,0.5,0.528,0.064,0
2941,34,0,12,0.978,0.622,1.085,0.0,0.573,0.278,0
2942,43,0,12,1.058,0.58,0.853,0.5,0.374,0.344,0
2943,83,1,7,0.7,0.502,0.493,0.75,-0.207,-0.04,0
2944,76,1,10,0.709,0.626,0.96,0.75,0.375,-0.162,1
2945,43,1,7,0.699,0.579,0.816,0.0,0.218,-0.065,0
2946,57,1,11,1.095,0.483,1.016,0.0,0.746,0.412,1
2947,64,1,4,0.85,0.691,0.802,0.0,0.213,0.215,0
2948,30,0,9,0.91,0.588,0.981,0.5,0.524,0.108,0
2949,39,0,4,0.846,0.537,0.64,0.0,-0.205,0.146,0
2950,44,0,6,0.87,0.556,0.5,0.25,-0.02,0.17,0
2951,75,0,5,0.934,0.62,0.408,0.25,-0.006,0.028,0
2952,39,1,8,1.019,0.529,0.833,0.0,0.133,0.526,0
2953,76,1,10,0.803,0.582,0.809,0.25,0.124,-0.109,0
2954,68,0,3,0.717,0.699,0.376,0.75,0.002,-0.172,0
2955,76,0,11,1.026,0.532,0.755,1.0,0.296,0.083,0
2956,70,0,12,0.989,0.601,0.895,1.0,0.461,0.175,0
2957,55,1,10,0.974,0.546,0.889,0.0,0.423,0.283,0
2958,56,1,6,0.912,0.548,0.631,0.0,0.114,0.546,0
2959,65,1,5,0.82,0.572,0.586,0.0,0.131,0.068,0
2960,61,0,3,0.793,0.627,0.376,0.0,0.098,0.152,0
2961,38,0,12,0.946,0.5,0.887,0.75,0.154,0.202,0
2962,34,0,12,1.134,0.59,0.998,0.0,0.294,0.424,0
2963,84,1,11,0.766,0.554,0.969,1.0,0.316,-0.116,1
2964,57,0,5,0.859,0.591,0.856,0.0,0.706,0.137,1
2965,73,1,8,0.945,0.516,0.72,1.0,0.371,0.267,0
2966,55,1,12,1.095,0.461,0.827,0.25,0.37,0.48,0
2967,53,0,7,0.878,0.606,0.625,0.0,-0.022,-0.001,0
2968,55,0,4,0.8,0.638,0.407,0.0,-0.204,0.119,0
2969,60,0,12,0.929,0.485,0.764,0.0,0.177,0.308,0
2970,60,0,6,0.759,0.457,0.611,0.0,0.054,0.27,0
2971,34,0,8,1.017,0.531,0.623,0.5,0.004,0.381,0
2972,44,1,7,0.941,0.52,0.633,0.25,0.31,0.252,0
2973,77,0,3,0.796,0.588,0.311,0.0,-0.138,0.109,0
2974,57,0,11,1.086,0.558,1.108,0.0,0.651,0.279,0
2975,69,1,9,0.995,0.643,0.829,1.0,0.216,0.12,0
2976,79,0,9,0.758,0.572,0.819,0.0,0.556,0.028,1
2977,74,1,8,0.976,0.686,0.732,0.25,0.027,0.388,0
2978,75,1,7,0.925,0.464,0.478,0.0,0.023,0.278,0
2979,42,0,6,0.7,0.7,0.511,0.0,0.302,-0.045,0
2980,69,1,7,0.785,0.473,0.946,0.25,0.366,0.039,1
2981,75,0,7,1.004,0.547,0.302,0.0,-0.119,0.246,0
2982,41,0,8,0.706,0.527,0.684,0.0,0.363,-0.034,0
2983,53,0,8,0.838,0.706,0.759,0.0,0.312,0.086,1
2984,83,0,11,1.042,0.71,0.76,0.75,0.284,0.167,1
2985,47,1,10,0.858,0.7,0.909,0.0,0.377,0.285,0
2986,71,1,8,0.893,0.6,1.097,1.0,0.892,-0.051,0
2987,63,1,10,0.978,0.601,0.993,0.0,0.772,0.401,0
2988,38,1,8,1.143,0.557,0.771,0.25,0.176,0.379,1
2989,33,1,7,0.958,0.514,0.721,0.5,0.67,0.229,0
2990,80,0,4,0.676,0.702,0.339,1.0,-0.429,0.115,0
2991,58,1,10,0.606,0.593,0.796,0.5,0.197,-0.258,1
2992,42,1,8,0.73,0.568,1.128,0.0,0.548,-0.062,0
2993,79,1,11,1.045,0.424,0.834,0.0,0.06,0.422,0
2994,77,0,4,0.651,0.659,0.946,0.5,0.637,-0.309,0
2995,48,0,3,0.956,0.648,0.7,0.5,0.248,0.373,0
2996,65,1,7,0.7,0.661,0.673,0.0,0.33,-0.192,0
2997,80,1,12,1.04,0.7,0.833,0.0,0.437,0.394,1
2998,50,1,4,0.591,0.569,0.628,0.25,0.058,-0.088,0
2999,58,0,9,0.975,0.523,0.829,0.5,0.371,0.303,1
3000,48,0,9,1.03,0.582,0.671,0.25,0.281,0.441,0
3001,43,1,3,0.697,0.597,0.545,0.0,-0.155,0.074,0
3002,44,0,9,0.965,0.527,0.724,1.0,0.176,0.309,1
3003,57,1,3,0.923,0.453,0.57,0.0,0.344,0.237,0
3004,64,1,5,0.734,0.49,0.796,0.25,-0.105,-0.096,0
3005,51,1,4,0.7,0.579,0.262,0.5,-0.183,-0.069,0
3006,51,0,4,0.812,0.684,0.504,0.5,-0.053,-0.11,0
3007,54,1,12,1.054,0.417,0.876,1.0,0.572,0.409,0
3008,55,0,6,0.824,0.564,0.75,0.25,0.284,0.02,0
3009,38,0,3,0.934,0.641,0.637,0.25,-0.063,0.328,0
3010,43,1,8,0.841,0.557,0.981,0.0,1.064,-0.061,0
3011,57,0,12,1.005,0.7,0.972,0.5,0.415,0.001,0
3012,82,1,12,0.953,0.435,1.012,1.0,0.672,0.175,0
3013,54,1,8,0.87,0.609,0.759,0.25,0.195,0.269,1
3014,62,0,11,0.842,0.588,0.87,1.0,0.529,0.133,0
3015,73,0,6,0.969,0.525,0.723,0.0,0.337,0.091,0
3016,80,0,3,0.828,0.656,0.446,0.0,-0.131,0.393,1
3017,33,0,10,0.931,0.512,0.701,0.5,0.317,0.003,0
3018,40,0,4,1.018,0.654,0.48,0.0,0.288,0.273,0
3019,68,1,10,0.734,0.506,0.862,0.0,0.107,-0.027,0
3020,67,0,8,1.165,0.633,0.792,0.0,0.325,0.362,0
3021,67,1,8,0.961,0.574,0.8,0.0,0.216,-0.057,0
3022,46,0,8,0.667,0.655,0.62,0.25,0.11,-0.298,0
3023,53,0,11,1.007,0.454,0.85,1.0,0.49,0.216,0
3024,53,0,10,0.92,0.594,0.689,0.0,0.268,0.084,0
3025,52,0,10,1.138,0.561,1.009,0.25,0.531,0.428,0
3026,79,0,3,0.662,0.589,0.464,0.0,-0.084,0.087,0
3027,37,1,9,0.883,0.699,0.702,1.0,0.462,0.067,1
3028,50,1,6,0.727,0.595,0.701,0.5,0.27,0.16,0
3029,40,1,4,0.846,0.601,0.273,0.75,-0.357,0.249,0
3030,76,0,11,1.01,0.579,0.815,0.5,0.252,0.46,0
3031,49,0,11,0.948,0.544,0.912,0.0,0.326,0.098,1
3032,52,0,8,0.689,0.484,0.832,0.0,0.32,-0.008,0
3033,70,1,6,0.677,0.602,0.795,0.0,0.238,0.121,1
3034,48,0,8,0.72,0.568,0.581,0.0,-0.133,-0.1,0
3035,31,0,9,0.893,0.609,0.66,0.75,0.073,0.141,0
3036,65,1,11,0.929,0.644,0.819,0.0,0.311,0.158,0
3037,67,0,8,1.052,0.573,0.901,0.75,0.387,0.23,0
3038,70,1,6,0.873,0.573,0.7,0.0,0.16,0.222,1
3039,80,0,7,0.957,0.505,0.858,0.0,0.264,0.33,0
3040,62,1,11,1.032,0.457,0.896,0.0,0.557,0.059,1
3041,60,0,7,1.055,0.472,0.664,0.0,0.06,0.367,0
3042,44,1,9,0.993,0.612,0.39,0.75,-0.21,0.23,0
3043,36,1,5,0.897,0.676,0.784,0.25,0.265,0.13,0
3044,57,0,10,0.93,0.612,0.96,0.0,0.396,0.226,0
3045,83,1,4,0.687,0.674,0.605,0.0,0.107,-0.066,0
3046,74,0,6,0.999,0.644,0.502,1.0,-0.071,0.406,0
3047,75,0,11,1.011,0.546,0.826,0.75,0.528,0.112,0
3048,35,1,4,0.846,0.621,0.312,0.5,-0.218,0.246,0
3049,53,1,11,0.7,0.551,0.8,0.75,0.241,0.122,0
3050,68,0,4,1.067,0.529,0.651,1.0,-0.084,0.321,0
3051,65,1,7,0.884,0.507,0.692,0.5,0.086,0.14,0
3052,33,1,7,0.963,0.546,0.722,1.0,0.113,0.368,0
3053,40,0,12,0.822,0.573,0.426,0.25,-0.046,0.025,0
3054,84,0,4,0.753,0.499,0.815,0.0,0.542,0.074,1
3055,70,1,8,0.7,0.567,0.81,0.25,0.524,-0.174,1
3056,50,0,6,0.849,0.538,0.813,0.0,0.412,0.062,0
3057,82,0,8,0.928,0.701,0.516,0.25,0.12,0.242,0
3058,35,0,3,0.64,0.581,0.584,0.0,0.079,-0.105,0
3059,33,1,9,1.144,0.494,0.982,0.0,0.516,0.337,1
3060,52,0,9,1.056,0.581,0.936,0.5,0.456,0.291,0
3061,32,0,5,0.895,0.538,0.41,0.0,0.125,0.27,0
3062,62,1,9,0.911,0.624,0.615,1.0,0.245,0.501,0
3063,47,0,8,0.91,0.599,0.691,0.0,-0.0,0.058,0
3064,40,1,11,0.899,0.493,0.783,0.0,0.378,0.19,0
3065,74,0,6,0.95,0.559,0.552,0.0,0.137,0.022,0
3066,83,1,11,0.993,0.593,0.83,0.25,0.462,0.086,0
3067,54,0,7,1.019,0.624,0.719,0.0,0.505,0.399,1
3068,30,1,6,0.714,0.55,0.909,0.0,0.338,0.148,0
3069,55,0,8,1.065,0.584,0.794,0.0,0.553,0.118,0
3070,50,0,9,1.018,0.607,0.648,0.5,0.034,0.393,0
3071,54,1,5,0.968,0.7,0.642,0.0,-0.013,0.115,0
3072,78,0,7,0.815,0.438,0.554,0.25,0.306,0.061,0
3073,35,1,10,1.063,0.521,0.944,0.25,0.656,0.513,0
3074,36,0,12,1.013,0.532,0.802,0.0,0.249,0.169,0
3075,78,0,5,0.84,0.768,0.471,0.5,-0.06,0.074,0
3076,53,0,8,1.042,0.596,0.694,0.0,0.158,0.252,1
3077,81,0,7,1.03,0.45,1.039,0.0,0.608,0.129,0
3078,60,1,5,0.831,0.757,0.558,0.5,0.353,0.237,0
3079,35,0,11,0.965,0.535,0.835,0.0,0.514,0.231,1
3080,80,0,5,0.755,0.548,0.8,1.0,0.097,-0.046,0
3081,75,1,10,0.786,0.402,0.896,0.0,0.526,0.025,1
3082,49,1,9,0.872,0.468,0.464,0.25,-0.068,0.199,0
3083,50,1,9,0.988,0.627,0.7,0.0,0.067,0.234,0
3084,58,1,11,1.01,0.504,0.741,1.0,0.45,0.167,0
3085,44,1,9,1.022,0.56,0.796,0.5,0.457,0.269,0
3086,76,0,12,1.163,0.541,1.047,0.0,0.548,0.428,1
3087,81,1,9,0.683,0.554,0.997,0.5,0.62,0.168,1
3088,76,0,12,0.849,0.55,0.525,1.0,0.016,0.103,0
3089,34,1,4,0.943,0.604,0.664,0.75,0.243,0.12,0
3090,46,0,4,0.735,0.69,0.608,0.0,-0.108,0.049,0
3091,64,0,7,0.882,0.632,0.679,0.0,-0.145,0.353,0
3092,47,1,9,0.969,0.668,0.672,0.25,0.327,0.262,0
3093,62,0,11,0.96,0.593,0.712,0.0,0.098,0.221,0
3094,71,0,8,0.921,0.7,0.741,0.0,0.459,0.205,1
3095,33,1,11,1.086,0.659,0.683,0.5,0.461,0.235,0
3096,61,0,11,0.973,0.573,0.97,0.25,0.886,0.323,0
3097,83,0,6,0.893,0.604,0.691,0.5,0.307,0.261,0
3098,54,0,6,0.866,0.565,0.501,0.0,-0.143,0.153,0
3099,55,0,10,0.833,0.382,0.921,0.0,0.173,-0.083,0
3100,68,1,11,0.828,0.533,0.982,0.0,0.428,0.111,1
3101,72,0,4,0.981,0.575,0.644,0.0,0.34,0.229,0
3102,33,0,3,0.77,0.656,0.414,1.0,-0.17,0.246,0
3103,34,0,7,0.676,0.599,0.816,0.25,0.173,-0.07,0
3104,38,0,6,0.806,0.631,0.212,0.0,-0.258,0.103,0
3105,50,1,7,0.965,0.589,1.015,0.0,0.731,0.082,0
3106,35,0,8,0.971,0.643,0.675,0.0,0.372,0.394,0
3107,39,1,10,0.99,0.494,0.818,0.0,0.365,0.04,1
3108,72,0,6,0.807,0.607,0.376,0.75,0.183,0.245,0
3109,82,1,4,0.973,0.536,0.382,0.0,0.194,0.352,0
3110,63,1,7,0.974,0.529,0.427,1.0,-0.273,0.267,0
3111,71,0,6,0.677,0.575,0.53,0.5,0.116,0.09,0
3112,51,0,7,0.86,0.614,0.816,0.25,0.183,0.09,0
3113,35,1,5,1.003,0.553,0.613,0.25,0.153,0.159,0
3114,52,0,3,0.739,0.733,0.384,0.5,-0.005,-0.052,0
3115,75,1,9,0.71,0.58,0.849,1.0,0.519,0.041,0
3116,82,1,8,0.921,0.558,0.579,0.0,0.089,0.264,0
3117,52,0,11,0.951,0.437,0.831,0.5,0.359,0.231,0
3118,39,0,6,0.967,0.775,0.538,0.0,-0.129,0.309,0
3119,58,1,10,0.989,0.444,0.54,0.0,0.164,0.406,1
3120,73,0,10,0.915,0.592,0.566,0.0,0.206,0.092,0
3121,73,0,10,1.071,0.539,0.836,0.0,0.445,0.414,0
3122,58,0,11,1.039,0.578,0.926,0.0,0.385,0.315,1
3123,63,1,11,1.009,0.539,0.583,0.5,0.357,0.07,0
3124,80,1,11,1.113,0.62,0.792,0.75,0.452,0.231,0
3125,39,0,10,0.982,0.629,0.403,0.25,0.036,0.362,0
3126,78,1,4,0.882,0.602,0.496,1.0,0.098,0.182,0
3127,50,0,5,0.823,0.528,0.984,1.0,0.499,0.248,0
3128,40,0,8,0.74,0.455,0.697,1.0,0.084,-0.092,0
3129,35,1,5,0.775,0.528,0.434,0.0,0.025,0.148,0
3130,67,1,12,0.947,0.624,1.182,0.0,0.82,0.071,0
3131,32,0,9,0.876,0.583,0.525,0.0,0.058,0.158,0
3132,81,1,6,0.568,0.585,0.793,0.25,0.278,-0.137,0
3133,39,0,4,0.748,0.494,0.34,1.0,-0.205,-0.128,0
3134,61,0,8,0.879,0.616,0.855,0.75,0.339,0.164,0
3135,63,0,10,0.96,0.534,0.532,0.0,-0.045,0.179,0
3136,75,0,4,0.74,0.612,0.816,0.5,0.145,-0.235,0
3137,40,0,8,0.772,0.485,0.926,0.0,0.664,0.103,0
3138,80,0,10,0.815,0.438,0.782,0.0,0.348,-0.038,1
3139,40,0,6,0.816,0.54,0.611,1.0,0.119,0.089,0
3140,53,0,8,0.992,0.479,0.584,0.0,0.353,0.364,0
3141,31,0,6,0.684,0.579,0.914,0.0,0.283,-0.063,0
3142,37,1,11,0.903,0.626,0.988,0.0,0.419,0.203,0
3143,35,0,3,0.719,0.567,0.791,0.75,0.404,0.02,0
3144,79,1,4,0.983,0.724,0.49,0.75,-0.057,0.339,1
3145,46,1,8,0.862,0.658,0.572,0.5,-0.139,-0.036,0
3146,74,0,3,0.46,0.7,0.654,0.0,0.205,-0.455,0
3147,48,1,6,0.845,0.586,0.707,0.0,0.383,0.115,0
3148,66,0,9,1.1,0.488,0.772,0.0,0.41,0.304,0
3149,79,1,4,0.848,0.585,0.141,1.0,-0.433,-0.052,0
3150,45,0,12,1.032,0.642,1.122,0.5,0.951,0.354,0
3151,46,1,4,0.735,0.575,0.526,0.0,0.47,-0.041,0
3152,35,1,6,0.797,0.582,0.885,0.5,0.548,0.097,0
3153,69,0,9,0.855,0.583,1.042,0.0,0.631,0.153,0
3154,42,0,7,0.93,0.46,0.44,0.5,0.123,0.225,0
3155,80,0,3,0.863,0.601,0.593,0.5,-0.012,0.316,0
3156,52,0,10,0.7,0.535,0.983,0.75,0.388,0.0,0
3157,48,1,10,0.84,0.62,0.92,0.75,0.254,0.04,0
3158,52,0,7,0.838,0.51,0.609,0.0,0.119,0.07,0
3159,76,1,8,0.976,0.485,0.478,0.25,0.038,0.181,0
3160,72,0,11,0.835,0.582,0.435,0.0,-0.466,0.064,0
3161,32,1,8,1.026,0.598,0.769,0.0,0.452,0.26,1
3162,81,1,10,0.926,0.505,0.742,0.0,0.367,-0.011,0
3163,72,0,9,0.941,0.458,0.881,0.5,0.218,0.176,0
3164,31,0,12,0.777,0.339,0.504,0.0,-0.252,-0.088,0
3165,69,1,6,0.941,0.643,0.46,0.25,-0.019,0.361,0
3166,57,1,3,0.974,0.7,0.573,0.5,0.218,0.335,0
3167,70,0,10,0.69,0.551,0.996,0.0,0.596,0.055,0
3168,35,1,5,0.763,0.539,1.032,0.0,0.397,0.052,0
3169,43,1,10,0.871,0.542,1.069,0.5,0.654,0.297,1
3170,57,0,6,0.946,0.499,0.464,0.0,0.256,0.072,0
3171,56,1,7,1.026,0.631,0.537,0.0,-0.103,0.369,0
3172,80,0,10,0.942,0.7,0.748,0.0,0.311,0.201,1
3173,46,1,11,0.751,0.7,1.148,1.0,0.358,-0.192,0
3174,46,0,10,0.994,0.524,0.639,0.75,0.186,0.341,0
3175,62,1,5,0.711,0.698,0.47,1.0,-0.01,0.013,0
3176,52,1,7,0.9,0.603,0.661,0.0,0.299,-0.05,0
3177,58,0,3,0.813,0.519,0.731,0.0,0.5,0.003,0
3178,32,0,3,0.575,0.541,0.655,0.0,0.333,-0.235,0
3179,84,0,10,1.019,0.582,0.78,0.0,0.175,0.352,1
3180,37,0,10,1.048,0.634,0.931,0.0,0.567,0.384,0
3181,70,1,8,0.693,0.697,0.72,0.0,0.536,0.104,1
3182,39,0,6,1.028,0.691,0.712,0.0,-0.046,0.151,0
3183,81,0,11,0.827,0.551,0.902,0.0,0.474,0.071,1
3184,44,0,12,1.008,0.524,0.894,0.0,0.39,0.368,0
3185,62,0,4,0.794,0.607,0.674,0.0,0.218,0.179,0
3186,61,0,10,0.814,0.552,1.08,0.0,0.653,0.223,0
3187,52,0,12,0.941,0.574,0.954,0.5,0.293,0.223,0
3188,30,0,5,0.776,0.52,0.594,0.0,0.094,-0.101,0
3189,30,0,10,0.898,0.476,0.86,0.0,0.658,-0.05,1
3190,43,0,8,0.746,0.581,0.763,0.0,0.36,-0.048,0
3191,75,1,3,0.823,0.644,0.635,0.25,0.295,0.389,0
3192,56,0,8,0.799,0.609,0.752,0.25,0.143,-0.16,0
3193,69,0,9,0.73,0.706,0.829,0.0,0.527,-0.033,0
3194,38,1,9,0.818,0.481,0.885,0.0,0.381,-0.03,0
3195,56,0,6,0.844,0.7,0.389,0.0,-0.193,0.05,0
3196,70,0,9,0.739,0.592,0.784,0.0,0.438,-0.174,0
3197,53,1,6,0.835,0.621,0.75,0.25,0.304,0.373,0
3198,53,1,11,0.868,0.621,0.734,0.25,0.273,0.074,0
3199,37,0,8,0.944,0.603,0.748,0.0,0.062,0.277,0
3200,49,0,5,0.68,0.715,0.739,0.0,0.298,-0.067,1
3201,49,0,8,0.597,0.593,0.826,0.0,0.183,-0.183,0
3202,34,1,10,1.027,0.559,0.816,0.0,0.45,0.416,1
3203,46,1,4,0.857,0.7,0.903,0.5,0.574,0.181,0
3204,32,1,9,0.922,0.636,0.731,0.0,0.12,0.183,0
3205,58,0,9,1.103,0.518,1.037,0.0,0.465,0.392,0
3206,69,0,4,0.807,0.573,0.515,0.0,-0.055,0.15,0
3207,62,0,11,0.793,0.613,1.286,0.5,0.783,0.182,0
3208,78,0,7,0.909,0.534,0.788,0.0,0.178,0.214,0
3209,56,1,11,1.098,0.617,1.063,0.0,0.487,0.671,1
3210,46,1,11,0.941,0.465,0.93,0.25,0.581,0.114,0
3211,42,1,5,0.767,0.616,0.799,0.0,0.656,-0.19,0
3212,83,0,3,1.059,0.687,0.33,0.0,-0.115,0.345,0
3213,77,0,7,0.845,0.476,0.556,0.0,0.05,0.089,0
3214,31,0,9,0.683,0.499,0.914,0.0,0.368,-0.145,0
3215,81,1,3,0.724,0.623,0.408,0.5,-0.183,-0.108,1
3216,82,0,11,1.08,0.662,0.801,0.0,0.239,0.406,0
3217,50,0,11,0.819,0.616,1.018,0.0,0.58,-0.096,1
3218,81,0,4,0.869,0.654,0.652,0.25,-0.107,0.213,1
3219,44,1,7,0.858,0.475,0.616,0.25,-0.123,0.087,0
3220,32,0,9,0.92,0.611,0.765,0.75,0.038,0.171,1
3221,63,0,9,1.045,0.629,0.798,1.0,0.38,0.278,0
3222,45,0,12,1.0,0.514,0.907,0.0,0.472,0.231,0
3223,40,0,9,0.922,0.614,0.76,0.0,0.358,0.141,0
3224,50,0,9,0.909,0.505,0.615,0.75,0.392,0.177,0
3225,80,0,4,0.754,0.532,0.429,0.5,0.119,0.107,0
3226,44,0,12,1.1,0.452,0.588,0.25,-0.035,0.314,0
3227,68,1,4,0.627,0.723,0.667,0.0,-0.124,-0.079,1
3228,52,0,10,1.079,0.389,0.699,0.0,0.164,0.412,1
3229,43,0,9,0.975,0.628,0.893,0.0,0.563,0.288,0
3230,82,0,6,0.899,0.543,0.789,0.25,0.159,0.113,1
3231,83,1,8,0.909,0.62,0.668,0.5,0.101,-0.004,0
3232,75,0,12,1.016,0.588,0.893,0.0,0.68,0.357,0
3233,80,1,3,0.773,0.605,0.428,0.0,-0.072,0.007,0
3234,37,1,7,0.773,0.697,0.811,0.25,0.111,-0.069,0
3235,81,0,9,0.787,0.641,1.127,0.0,0.938,0.054,0
3236,45,0,12,1.149,0.575,0.847,0.0,0.36,0.196,1
3237,70,0,7,0.904,0.732,0.748,0.25,0.036,0.128,1
3238,79,1,6,0.886,0.578,0.694,0.0,0.353,0.223,0
3239,71,1,12,1.056,0.606,1.114,0.0,0.866,0.201,1
3240,76,0,9,0.845,0.628,1.039,0.0,0.604,0.288,0
3241,59,0,3,0.926,0.581,0.522,0.0,-0.017,0.1,0
3242,46,1,5,0.762,0.41,0.95,0.0,0.374,-0.137,0
3243,74,1,4,0.711,0.614,0.517,0.0,0.308,0.158,1
3244,67,1,5,0.688,0.479,0.564,0.0,0.161,0.238,0
3245,47,1,3,0.821,0.586,0.218,0.0,-0.291,0.067,0
3246,45,1,3,0.731,0.642,0.465,0.75,-0.157,0.002,0
3247,63,1,10,1.003,0.529,0.952,1.0,0.48,0.338,0
3248,57,1,3,0.692,0.673,0.529,0.75,-0.111,-0.008,0
3249,65,0,5,0.944,0.481,0.7,0.5,0.02,0.235,1
3250,78,1,7,0.667,0.632,0.752,0.0,0.513,0.021,1
3251,48,1,9,0.966,0.514,0.698,0.5,0.356,0.088,1
3252,51,1,12,0.865,0.547,1.06,0.5,0.722,-0.002,0
3253,38,1,3,0.851,0.51,0.534,0.25,-0.095,0.134,0
3254,35,1,10,1.158,0.606,0.74,0.0,0.277,0.358,0
3255,58,1,6,0.655,0.543,0.88,1.0,0.327,0.011,0
3256,49,1,10,0.774,0.621,0.829,0.0,0.461,-0.097,0
3257,69,1,3,0.716,0.59,0.52,0.25,0.07,-0.238,0
3258,60,0,8,1.077,0.659,0.828,0.0,0.235,0.203,0
3259,71,0,4,0.798,0.593,0.673,0.0,0.135,0.235,0
3260,80,1,4,0.855,0.49,0.638,0.25,0.325,0.029,0
3261,72,0,9,0.7,0.612,0.813,1.0,0.314,-0.045,0
3262,53,0,5,0.684,0.623,0.55,0.25,0.281,-0.227,0
3263,68,0,4,0.5,0.7,0.751,0.75,0.504,-0.433,0
3264,78,1,10,0.928,0.512,0.934,0.75,0.095,0.076,1
3265,77,1,5,0.777,0.642,0.962,0.0,0.442,-0.124,0
3266,59,1,10,0.784,0.545,0.828,0.5,0.55,-0.289,0
3267,49,1,12,0.93,0.646,0.605,0.0,0.154,0.189,0
3268,77,0,3,0.659,0.799,0.599,0.5,-0.008,-0.139,0
3269,34,0,10,1.036,0.501,1.028,0.0,0.632,0.232,0
3270,41,1,6,0.636,0.693,1.003,0.25,0.657,-0.182,0
3271,32,0,11,0.892,0.524,1.009,0.0,0.838,0.231,0
3272,31,1,8,0.884,0.524,0.819,1.0,0.469,0.083,0
3273,38,0,9,0.992,0.582,0.593,0.75,-0.248,0.31,0
3274,66,0,5,0.764,0.63,0.458,0.0,0.179,-0.057,0
3275,44,0,11,1.159,0.502,0.858,0.0,0.201,0.405,1
3276,32,0,8,0.7,0.445,0.781,1.0,-0.088,0.125,0
3277,79,0,12,1.018,0.531,1.119,0.0,0.277,0.431,0
3278,81,0,4,0.771,0.599,0.565,0.5,-0.049,0.127,0
3279,80,0,5,0.814,0.466,0.535,1.0,0.306,0.229,0
3280,50,1,5,0.904,0.399,0.656,0.0,-0.044,0.23,1
3281,81,0,7,0.887,0.665,0.709,1.0,0.295,-0.028,1
3282,40,0,6,1.017,0.553,0.361,0.75,-0.051,0.278,0
3283,77,1,4,1.046,0.678,0.55,0.5,-0.02,0.424,1
3284,75,1,9,1.087,0.563,1.038,0.0,0.564,0.099,1
3285,76,0,5,0.816,0.707,0.782,0.0,0.708,0.012,1
3286,57,1,4,0.858,0.586,0.798,0.0,0.098,0.297,0
3287,67,1,10,0.863,0.632,0.976,0.0,0.805,0.13,1
3288,44,1,7,0.818,0.559,0.844,0.0,0.335,-0.045,1
3289,50,1,10,0.741,0.505,0.903,0.75,0.442,0.048,1
3290,57,0,12,0.897,0.415,0.672,0.75,0.179,0.149,1
3291,50,1,11,1.106,0.64,0.86,0.0,0.639,0.414,0
3292,49,0,8,1.032,0.67,0.422,0.0,-0.188,0.367,0
3293,83,0,10,0.763,0.612,0.595,0.5,0.008,-0.081,0
3294,61,0,4,1.052,0.579,0.746,0.25,0.445,0.181,0
3295,41,0,4,0.778,0.721,0.596,0.25,0.053,0.003,0
3296,50,0,11,0.828,0.523,0.803,0.0,0.351,-0.058,0
3297,34,0,12,0.864,0.7,0.901,0.0,0.602,0.25,0
3298,76,1,12,0.858,0.406,0.911,0.0,0.408,0.067,1
3299,30,0,3,0.75,0.521,0.606,0.75,-0.059,-0.06,0
3300,55,0,8,0.954,0.576,0.563,0.0,-0.245,0.308,0
3301,59,1,6,0.714,0.562,0.859,0.25,0.238,-0.12,0
3302,60,0,6,0.7,0.688,0.604,0.0,0.522,-0.148,0
3303,69,0,3,0.953,0.581,0.496,0.25,-0.032,0.152,0
3304,45,0,10,0.779,0.581,0.767,0.0,0.581,0.047,0
3305,34,1,6,0.607,0.728,0.7,0.0,0.203,-0.369,0
3306,39,1,8,0.814,0.612,0.77,1.0,0.13,0.213,0
3307,63,0,6,0.887,0.49,0.721,0.5,0.103,0.074,0
3308,83,1,6,0.888,0.676,0.56,0.0,-0.081,0.188,1
3309,77,1,11,1.116,0.569,0.905,0.0,0.278,0.558,1
3310,60,1,7,1.049,0.567,0.928,0.0,0.468,0.139,0
3311,63,0,9,0.809,0.586,0.555,0.0,-0.065,0.149,0
3312,82,1,9,0.797,0.633,0.71,0.0,0.164,0.129,0
3313,38,0,9,0.892,0.634,0.7,1.0,0.38,-0.054,0
3314,55,0,5,0.809,0.378,0.782,0.75,0.332,0.023,0
3315,41,0,12,1.041,0.518,0.778,0.0,0.396,0.098,0
3316,47,0,6,0.822,0.587,0.661,0.0,0.026,0.135,0
3317,68,0,10,0.984,0.492,0.864,0.0,0.454,0.011,1
3318,65,1,10,1.084,0.505,0.626,0.0,-0.073,0.197,0
3319,40,0,11,1.084,0.7,0.763,0.0,0.333,0.299,0
3320,73,0,3,0.693,0.7,0.908,0.5,0.399,0.183,0
3321,63,1,6,0.927,0.74,0.752,0.0,0.468,0.293,0
3322,71,1,8,0.767,0.611,0.434,1.0,0.095,-0.075,0
3323,82,1,10,0.95,0.628,0.907,0.75,0.393,0.352,1
3324,78,1,12,1.088,0.55,0.993,0.25,0.438,0.495,0
3325,49,1,10,0.879,0.674,0.743,0.0,0.164,0.03,0
3326,59,0,5,0.801,0.533,0.581,0.25,-0.127,-0.066,0
3327,32,1,8,0.868,0.599,0.627,0.0,0.018,-0.194,0
3328,77,0,10,0.7,0.636,0.756,0.25,0.305,-0.191,0
3329,67,1,6,0.847,0.704,0.788,0.0,0.472,0.376,0
3330,51,0,7,0.714,0.599,0.912,0.25,0.527,0.091,0
3331,57,0,11,0.952,0.7,0.61,0.0,0.086,0.178,0
3332,71,0,6,0.979,0.674,1.036,0.0,0.642,0.144,0
3333,55,1,5,0.737,0.575,0.371,0.75,-0.038,0.062,0
3334,62,0,8,1.035,0.505,0.879,1.0,0.216,0.292,0
3335,33,1,8,0.866,0.523,0.868,0.5,0.236,0.185,1
3336,45,0,9,0.757,0.556,0.675,0.0,0.025,-0.155,0
3337,49,0,12,1.052,0.532,0.995,0.25,0.864,0.056,0
3338,48,1,11,0.903,0.46,1.125,0.5,0.413,0.167,0
3339,83,0,8,0.796,0.61,0.677,0.25,0.212,0.08,0
3340,46,1,6,0.791,0.673,0.767,0.0,0.252,0.108,0
3341,54,0,6,0.984,0.583,0.566,0.0,-0.134,0.034,0
3342,72,1,5,0.809,0.603,0.352,0.75,-0.238,-0.109,0
3343,60,1,3,0.781,0.58,0.64,1.0,-0.141,-0.115,0
3344,84,0,3,0.886,0.57,0.503,0.0,-0.102,0.013,0
3345,70,1,6,1.047,0.593,0.72,0.25,0.21,0.531,0
3346,31,1,5,0.691,0.534,0.357,0.25,-0.162,-0.19,0
3347,54,0,8,1.031,0.589,0.693,0.5,0.221,0.432,0
3348,61,1,10,0.82,0.687,0.736,0.0,0.191,0.128,1
3349,73,1,3,0.771,0.603,0.415,0.0,-0.381,-0.066,0
3350,39,0,4,0.7,0.678,0.643,0.0,0.425,0.154,0
3351,68,0,11,1.146,0.548,0.74,0.0,0.668,0.208,1
3352,57,1,5,0.943,0.579,0.431,0.0,-0.06,0.034,0
3353,79,1,12,0.7,0.341,1.072,0.0,0.5,-0.123,1
3354,57,1,9,0.91,0.591,0.539,0.5,-0.085,0.154,0
3355,76,1,7,0.973,0.644,0.738,0.0,0.589,0.326,1
3356,76,1,8,0.913,0.666,1.023,0.0,0.688,0.147,1
3357,33,1,7,0.881,0.59,0.65,0.5,0.404,0.021,0
3358,50,1,4,0.668,0.6,0.76,0.0,0.06,0.255,0
3359,52,1,3,0.991,0.517,0.472,0.0,0.094,0.232,0
3360,38,1,10,1.023,0.479,0.466,0.75,-0.057,0.406,0
3361,54,1,5,0.799,0.439,0.387,0.25,0.046,0.25,0
3362,70,1,7,0.931,0.615,0.732,0.0,0.281,0.076,0
3363,83,0,3,0.718,0.665,0.584,0.25,0.168,-0.064,0
3364,59,0,12,0.848,0.55,1.035,0.5,0.514,-0.245,0
3365,72,0,10,0.897,0.534,0.952,0.25,0.407,0.166,0
3366,64,1,5,1.062,0.582,0.705,0.0,0.269,0.178,0
3367,36,1,12,0.916,0.603,0.887,0.0,0.245,0.208,0
3368,55,0,5,0.871,0.531,0.388,0.0,-0.078,0.254,0
3369,82,0,12,1.006,0.674,1.151,1.0,0.855,0.389,1
3370,66,0,5,1.058,0.619,0.609,0.0,0.523,0.275,0
3371,32,0,7,0.72,0.535,0.669,1.0,0.131,-0.024,0
3372,69,0,9,0.877,0.471,0.944,0.0,0.795,0.24,1
3373,60,1,11,0.791,0.375,0.466,0.0,-0.085,0.044,1
3374,32,0,8,1.028,0.588,0.806,0.0,0.294,0.298,0
3375,83,0,5,0.991,0.547,0.396,1.0,-0.004,-0.044,0
3376,84,1,9,0.998,0.602,0.801,0.0,0.258,0.078,0
3377,65,0,6,0.937,0.526,0.998,0.0,0.555,0.225,1
3378,45,1,12,1.051,0.442,0.644,0.0,-0.068,0.186,0
3379,38,1,12,0.773,0.414,1.061,1.0,0.571,-0.012,0
3380,51,1,6,0.857,0.564,0.81,0.0,0.248,0.24,0
3381,60,1,4,0.988,0.736,0.622,0.5,0.263,0.317,0
3382,44,0,4,0.835,0.615,0.618,0.0,0.118,0.007,0
3383,31,0,4,0.739,0.549,0.654,0.5,0.285,0.071,0
3384,51,1,7,0.9,0.565,0.776,0.75,0.511,0.289,0
3385,64,1,11,0.802,0.388,0.811,1.0,0.566,0.034,0
3386,34,0,7,0.835,0.562,0.838,0.0,0.41,0.063,0
3387,61,0,8,0.914,0.593,0.749,0.5,0.313,0.24,0
3388,55,1,8,0.906,0.649,0.871,0.5,0.45,0.194,1
3389,43,1,3,0.702,0.651,0.651,0.25,0.199,0.114,0
3390,43,0,4,0.722,0.563,0.674,0.0,0.243,-0.09,0
3391,53,0,8,0.957,0.597,0.897,1.0,0.701,0.047,0
3392,44,0,7,0.864,0.519,0.741,0.0,0.147,-0.008,0
3393,44,1,4,0.701,0.507,0.703,0.5,0.423,0.001,0
3394,31,1,10,0.899,0.57,0.7,0.0,-0.011,0.233,0
3395,44,1,11,0.921,0.575,0.979,0.0,0.313,0.159,1
3396,74,0,7,0.927,0.535,0.725,0.25,0.461,0.054,0
3397,59,1,12,0.949,0.434,0.7,0.25,0.183,0.207,0
3398,47,1,7,1.007,0.683,0.623,0.0,0.144,0.129,0
3399,77,0,9,0.92,0.679,0.854,0.5,0.352,0.194,0
3400,78,0,6,0.841,0.608,0.721,0.5,0.541,0.192,0
3401,78,1,4,0.845,0.706,0.774,0.0,0.221,-0.012,0
3402,35,1,8,0.874,0.604,0.836,0.0,0.35,0.129,0
3403,64,0,7,0.84,0.599,0.735,1.0,0.213,0.035,1
3404,45,0,10,0.935,0.638,0.791,0.0,0.091,0.255,0
3405,34,1,8,1.089,0.585,0.73,0.0,0.256,0.238,0
3406,35,1,3,0.718,0.576,0.75,0.25,0.184,-0.107,0
3407,47,0,11,0.766,0.634,0.872,0.25,0.362,0.007,0
3408,65,1,4,1.125,0.595,0.714,0.0,0.021,0.422,0
3409,66,1,8,1.091,0.531,0.906,0.0,0.7,0.384,0
3410,62,0,5,0.71,0.579,0.902,1.0,0.612,-0.15,1
3411,82,1,8,0.794,0.436,0.698,0.75,0.348,-0.009,1
3412,65,0,8,0.677,0.532,0.692,0.0,0.165,0.052,0
3413,78,1,7,0.707,0.505,0.733,0.5,-0.074,-0.018,0
3414,63,1,12,1.019,0.481,0.896,0.5,0.255,0.171,0
3415,33,0,5,0.912,0.586,0.469,0.0,0.471,0.359,0
3416,81,0,12,1.004,0.404,0.782,0.0,0.352,0.249,0
3417,40,1,9,0.888,0.524,0.788,0.75,0.338,0.138,0
3418,65,1,6,0.956,0.497,0.881,0.75,0.196,0.214,0
3419,68,0,8,1.035,0.469,0.775,0.5,0.076,0.293,0
3420,49,1,10,0.852,0.7,1.017,0.25,0.624,0.082,1
3421,49,0,4,0.737,0.607,0.271,0.25,-0.434,0.143,0
3422,82,0,8,0.811,0.552,0.808,0.0,0.071,0.132,1
3423,80,0,3,0.601,0.58,0.649,0.0,0.244,-0.349,0
3424,49,0,11,0.653,0.486,0.867,0.0,0.228,-0.126,0
3425,69,0,6,0.805,0.589,0.982,0.5,0.72,0.057,0
3426,44,0,11,0.876,0.503,0.727,0.0,0.325,0.139,0
3427,59,1,11,1.023,0.632,0.93,0.25,0.543,0.335,0
3428,75,1,7,0.857,0.621,1.034,0.0,0.535,0.102,0
3429,58,0,10,0.747,0.456,0.657,0.25,0.285,-0.047,0
3430,66,0,4,0.707,0.642,0.274,0.0,-0.475,-0.088,0
3431,37,0,6,0.889,0.609,0.73,0.0,0.105,0.022,0
3432,37,1,12,1.021,0.502,1.009,0.0,0.631,0.114,0
3433,38,1,8,0.92,0.547,0.716,0.25,0.155,0.26,0
3434,32,0,10,1.172,0.44,0.7,0.25,0.355,0.413,0
3435,83,0,5,0.937,0.614,0.282,0.25,-0.167,0.039,0
3436,41,0,11,0.776,0.612,0.995,0.0,0.571,0.009,0
3437,54,0,8,0.884,0.634,1.012,0.25,0.994,0.163,0
3438,60,1,3,0.855,0.683,0.442,0.75,-0.047,-0.009,0
3439,41,1,4,0.664,0.607,0.581,0.5,0.009,-0.178,0
3440,54,1,5,0.971,0.594,0.7,0.0,0.138,0.36,0
3441,84,0,12,0.947,0.626,0.755,0.5,0.194,0.158,1
3442,82,0,12,1.107,0.455,0.951,0.0,0.538,0.374,0
3443,44,1,6,0.824,0.577,0.806,0.0,0.462,0.047,0
3444,51,1,5,0.941,0.637,0.392,1.0,-0.076,0.236,0
3445,50,0,3,0.829,0.7,0.413,0.0,0.226,0.0,0
3446,57,0,8,0.874,0.591,1.042,0.0,0.719,0.16,0
3447,56,1,9,0.952,0.58,0.937,0.5,0.821,0.269,0
3448,40,1,9,0.8,0.65,0.514,0.5,0.063,0.216,0
3449,73,1,6,0.673,0.581,0.945,0.0,0.355,0.053,0
3450,62,1,4,0.896,0.587,0.62,0.0,0.446,0.173,0
3451,35,0,11,0.985,0.6,0.802,0.0,0.111,0.185,0
3452,76,1,11,0.722,0.563,0.846,0.0,0.826,-0.029,0
3453,62,0,6,0.907,0.39,0.792,1.0,0.468,-0.012,1
3454,67,0,5,0.696,0.544,0.417,0.0,-0.08,-0.019,0
3455,48,1,8,0.833,0.497,0.874,0.0,0.306,-0.158,0
3456,62,0,9,0.793,0.603,0.668,1.0,0.369,-0.033,0
3457,58,0,8,0.767,0.484,0.674,0.25,0.179,0.025,1
3458,73,0,5,0.746,0.558,0.829,0.75,0.257,0.222,0
3459,78,1,10,0.888,0.537,0.466,0.0,-0.027,0.185,1
3460,56,0,5,1.104,0.624,0.479,0.0,-0.169,0.58,0
3461,39,0,10,1.099,0.491,0.862,1.0,0.149,0.298,0
3462,62,0,11,1.042,0.689,0.949,0.0,0.406,0.34,0
3463,60,0,6,0.884,0.496,0.685,0.0,0.212,0.099,0
3464,82,0,5,0.675,0.507,0.541,0.0,0.131,-0.116,0
3465,74,1,3,0.922,0.569,0.647,0.5,-0.038,0.314,0
3466,58,1,12,0.977,0.642,1.017,1.0,0.782,0.477,0
3467,83,1,6,0.769,0.579,0.44,0.0,-0.032,0.221,0
3468,57,1,9,1.25,0.537,0.852,0.75,0.321,0.509,0
3469,42,1,4,0.717,0.655,0.313,0.75,-0.059,-0.06,0
3470,35,0,12,1.202,0.51,1.163,0.25,0.651,0.409,1
3471,57,1,9,0.751,0.567,0.793,0.0,0.423,0.0,0
3472,79,1,7,0.739,0.484,0.683,1.0,0.291,0.039,0
3473,37,1,4,0.821,0.604,0.7,0.75,0.156,-0.013,0
3474,30,0,9,0.969,0.455,1.005,0.0,0.39,0.447,0
3475,48,1,8,0.78,0.479,0.816,0.5,0.395,-0.103,0
3476,81,0,7,0.965,0.468,0.636,0.75,0.093,0.287,0
3477,56,0,9,0.914,0.545,0.625,0.0,-0.068,0.018,0
3478,56,0,10,1.054,0.6,0.948,0.25,0.362,0.126,0
3479,35,0,5,1.039,0.63,0.687,0.0,0.428,0.339,0
3480,39,0,4,0.729,0.483,0.644,0.0,0.253,0.112,0
3481,34,1,9,1.015,0.554,0.805,0.5,0.323,0.554,0
3482,40,0,4,0.771,0.612,0.715,0.0,0.208,-0.047,0
3483,69,0,10,0.797,0.632,0.7,0.0,0.219,0.287,0
3484,46,0,4,0.836,0.572,0.7,0.0,0.326,0.103,0
3485,75,0,7,0.909,0.551,0.648,0.0,0.061,-0.025,0
3486,75,0,3,0.608,0.517,0.471,0.0,0.29,-0.116,1
3487,62,1,6,0.662,0.577,0.657,0.0,0.23,-0.074,0
3488,81,1,12,1.14,0.606,0.774,1.0,0.17,0.49,0
3489,36,0,3,0.639,0.577,0.259,0.5,-0.048,-0.055,0
3490,38,0,12,1.048,0.497,0.75,0.0,0.288,0.155,0
3491,38,0,12,0.914,0.495,1.163,0.0,0.631,-0.013,0
3492,50,0,5,0.94,0.633,0.818,0.25,0.299,0.295,0
3493,80,0,11,0.991,0.486,0.549,0.5,0.145,0.357,0
3494,73,1,12,0.815,0.587,0.708,0.0,0.407,0.052,0
3495,63,0,10,0.926,0.543,0.988,0.5,0.433,0.222,0
3496,70,0,10,0.818,0.762,0.7,0.0,0.217,-0.018,0
3497,71,0,9,1.084,0.46,0.75,0.0,0.212,0.336,1
3498,50,1,9,0.971,0.592,0.642,0.5,0.131,0.364,0
3499,70,0,7,0.847,0.526,0.673,0.0,0.002,0.032,0
3500,77,0,11,1.126,0.423,1.05,0.75,0.635,0.361,0
3501,55,1,7,0.92,0.48,0.477,0.0,0.343,0.083,0
3502,61,0,10,0.734,0.524,0.783,0.75,0.21,0.027,1
3503,43,0,11,1.133,0.56,1.012,0.0,0.674,0.416,1
3504,74,0,5,0.917,0.582,0.828,0.0,0.191,0.316,1
3505,46,0,6,0.879,0.736,0.608,0.0,0.419,0.179,0
3506,37,0,5,0.892,0.661,0.946,1.0,0.567,0.219,0
3507,47,1,10,1.122,0.569,0.673,0.25,0.034,0.568,0
3508,47,1,6,0.797,0.597,0.508,0.0,-0.112,-0.184,0
3509,36,1,7,0.865,0.6,0.462,0.0,-0.122,0.193,0
3510,56,0,7,0.873,0.543,0.643,0.5,0.169,0.111,0
3511,33,1,8,1.073,0.553,0.887,0.25,0.291,0.286,0
3512,51,0,9,0.781,0.592,0.804,0.0,0.224,-0.102,0
3513,61,1,3,0.982,0.612,0.523,0.5,-0.092,0.22,0
3514,43,1,11,0.932,0.635,0.974,0.0,-0.076,0.329,0
3515,80,1,9,0.732,0.605,0.866,0.5,0.452,0.064,1
3516,75,1,8,0.843,0.664,0.697,1.0,0.099,0.061,0
3517,80,1,8,0.733,0.379,0.527,0.0,0.396,0.057,0
3518,74,0,9,1.044,0.591,0.84,0.0,0.436,0.368,1
3519,80,1,7,0.977,0.399,0.396,0.0,0.102,0.236,0
3520,41,1,3,0.709,0.579,0.6,0.0,0.226,0.03,0
3521,54,0,3,0.762,0.688,0.903,0.0,0.33,-0.199,1
3522,61,1,10,0.977,0.612,0.873,0.75,0.512,0.092,1
3523,81,1,8,0.865,0.606,0.595,0.0,0.152,0.108,0
3524,53,0,12,0.988,0.481,1.077,0.0,0.398,0.28,0
3525,46,0,6,0.823,0.672,0.713,0.0,0.165,0.217,0
3526,33,1,9,0.915,0.606,0.929,0.0,0.405,0.088,0
3527,36,1,10,0.933,0.607,0.56,0.0,0.001,0.237,0
3528,65,1,11,0.962,0.498,0.7,1.0,0.269,0.173,0
3529,32,0,3,0.863,0.525,0.658,1.0,0.283,0.021,0
3530,47,0,7,0.773,0.7,0.956,0.0,0.149,0.205,0
3531,63,1,11,0.784,0.459,0.725,0.25,0.298,0.049,0
3532,35,0,5,0.849,0.655,0.507,0.5,0.183,-0.09,0
3533,31,1,6,0.898,0.405,0.646,0.25,-0.009,0.033,0
3534,76,0,11,0.901,0.482,0.879,0.0,0.514,0.078,1
3535,43,0,8,0.721,0.457,0.562,0.75,0.072,-0.168,0
3536,35,0,8,1.17,0.526,0.734,0.0,0.38,0.461,0
3537,36,1,12,1.007,0.543,0.841,0.0,0.401,0.235,0
3538,34,1,5,0.838,0.57,0.838,0.0,0.537,0.412,0
3539,56,1,10,0.996,0.503,0.763,0.25,0.216,0.071,0
3540,79,1,10,1.035,0.535,1.174,0.75,0.752,0.214,0
3541,43,0,8,1.009,0.644,0.424,0.5,0.3,0.309,0
3542,75,1,4,0.758,0.506,0.542,0.0,0.189,-0.0,0
3543,47,1,5,0.823,0.602,0.687,0.75,0.012,-0.068,0
3544,46,0,5,0.751,0.619,0.739,0.75,0.032,-0.012,0
3545,44,0,4,0.863,0.611,0.804,0.25,0.259,0.074,0
3546,37,1,4,0.998,0.701,0.449,0.0,-0.009,0.258,0
3547,56,1,9,0.874,0.608,0.594,1.0,-0.102,0.162,0
3548,62,1,12,0.94,0.557,1.049,0.5,0.502,0.202,1
3549,71,0,3,0.776,0.704,0.616,0.75,0.208,0.061,0
3550,56,1,7,0.799,0.745,0.709,0.25,0.041,0.099,1
3551,56,0,12,0.921,0.592,1.21,0.0,0.648,-0.008,0
3552,32,1,10,0.866,0.582,0.653,0.0,0.224,0.124,0
3553,56,0,5,0.776,0.625,0.685,0.75,0.167,-0.067,0
3554,42,1,9,0.891,0.564,0.811,0.5,0.681,0.11,0
3555,51,0,3,0.463,0.616,0.55,0.0,-0.033,-0.114,0
3556,56,1,10,1.13,0.64,0.809,0.5,0.484,0.39,0
3557,43,0,5,0.859,0.52,0.796,0.0,0.498,0.108,0
3558,48,1,7,0.881,0.611,0.937,1.0,0.142,0.248,0
3559,41,0,6,0.855,0.57,0.592,0.25,0.12,0.042,0
3560,69,0,9,0.849,0.609,0.853,1.0,0.556,0.164,0
3561,38,0,3,0.681,0.605,0.688,0.25,0.15,-0.178,0
3562,55,0,4,0.796,0.607,0.445,0.5,0.291,0.103,0
3563,44,1,8,0.935,0.574,0.682,0.75,0.436,0.356,0
3564,32,1,4,0.74,0.715,0.529,0.25,-0.147,-0.118,0
3565,70,0,5,0.683,0.666,0.629,1.0,0.206,-0.209,0
3566,42,1,6,0.843,0.738,0.741,1.0,0.041,0.175,0
3567,75,0,11,1.023,0.585,0.802,0.75,0.599,0.099,0
3568,71,1,5,0.77,0.616,1.01,0.0,0.679,-0.179,1
3569,79,1,6,0.995,0.585,0.416,0.0,-0.074,0.183,0
3570,83,0,9,0.7,0.472,0.742,0.0,0.585,-0.145,0
3571,61,0,10,0.803,0.647,0.956,1.0,0.272,0.02,1
3572,73,0,4,0.624,0.626,0.434,0.0,0.008,-0.194,0
3573,42,0,3,0.942,0.589,0.566,0.75,0.135,-0.003,0
3574,70,1,11,0.992,0.665,0.551,1.0,0.134,0.227,0
3575,67,1,8,0.707,0.572,1.092,0.0,0.807,-0.311,0
3576,53,1,7,0.88,0.7,0.658,0.0,0.018,0.296,0
3577,47,0,4,0.893,0.506,0.462,0.0,0.091,0.235,0
3578,30,1,8,0.921,0.652,0.613,0.0,0.25,0.072,0
3579,78,1,4,0.699,0.546,0.574,1.0,0.103,-0.01,0
3580,68,1,3,0.9,0.636,0.487,0.0,-0.157,0.381,0
3581,68,0,12,0.994,0.561,1.15,1.0,0.647,0.062,0
3582,79,0,5,0.912,0.585,0.463,0.25,0.108,0.32,0
3583,60,0,7,0.887,0.585,0.732,0.0,0.206,0.14,1
3584,43,1,6,1.022,0.534,0.539,0.25,0.321,0.057,0
3585,48,0,8,1.109,0.488,0.474,0.0,-0.032,0.427,0
3586,60,0,12,1.094,0.485,0.779,0.0,0.25,0.392,0
3587,31,0,4,0.752,0.577,0.413,0.0,0.156,-0.084,0
3588,84,0,10,0.938,0.684,0.71,0.0,0.214,0.324,0
3589,70,0,9,0.693,0.503,0.961,0.0,0.552,-0.082,0
3590,45,0,12,1.093,0.438,0.796,0.5,0.535,0.598,0
3591,71,1,3,0.833,0.539,0.441,1.0,-0.004,-0.007,0
3592,57,1,5,0.89,0.586,0.771,0.75,0.334,0.027,1
3593,46,1,3,0.743,0.574,0.517,0.0,-0.074,-0.033,0
3594,42,0,4,0.899,0.517,0.592,0.5,0.282,0.259,0
3595,54,1,11,1.003,0.606,0.772,0.5,0.287,0.238,0
3596,36,1,4,0.876,0.66,0.255,0.0,-0.291,0.146,0
3597,49,1,3,0.834,0.617,0.708,0.5,0.148,0.055,0
3598,71,0,12,1.194,0.46,0.953,0.25,0.483,0.475,0
3599,70,1,11,0.867,0.505,0.966,0.75,0.582,0.12,0
3600,54,0,3,0.736,0.636,0.508,0.5,0.018,0.191,0
3601,43,0,12,0.843,0.38,1.15,0.25,0.996,0.131,0
3602,41,1,7,0.99,0.605,0.678,0.25,0.042,0.274,1
3603,67,0,4,0.862,0.631,0.648,0.25,-0.031,0.089,0
3604,56,1,6,0.661,0.639,0.576,0.0,-0.162,-0.174,0
3605,34,1,12,0.964,0.566,0.805,0.5,0.5,0.135,0
3606,44,0,6,0.827,0.845,0.698,0.0,0.4,0.048,0
3607,31,1,11,0.869,0.543,0.96,0.5,0.331,0.126,0
3608,47,0,11,1.071,0.591,1.048,0.0,0.699,0.079,0
3609,34,1,4,0.823,0.679,0.808,0.25,0.322,0.115,0
3610,59,0,4,0.839,0.622,0.702,0.75,0.263,0.068,0
3611,50,1,6,0.868,0.391,0.766,1.0,0.386,0.015,0
3612,66,1,11,0.798,0.577,0.863,0.5,0.681,0.042,0
3613,79,0,3,0.857,0.615,0.491,0.0,-0.159,-0.136,0
3614,46,1,9,0.869,0.574,0.81,0.0,0.658,0.205,0
3615,60,1,11,0.771,0.592,0.989,0.25,0.384,0.015,1
3616,47,1,7,0.923,0.7,0.634,0.0,0.381,0.168,0
3617,43,1,6,0.982,0.675,0.678,0.25,0.396,0.273,0
3618,30,1,4,0.749,0.48,0.522,0.0,0.426,-0.056,0
3619,59,0,9,0.807,0.623,1.105,0.0,0.389,0.068,0
3620,60,0,5,0.847,0.533,0.394,0.25,-0.258,0.056,0
3621,40,0,7,0.862,0.575,0.554,0.0,-0.146,-0.075,0
3622,33,1,6,0.84,0.595,0.546,0.25,-0.257,-0.009,0
3623,72,0,11,0.913,0.639,0.733,0.0,-0.068,0.069,0
3624,38,0,9,0.886,0.542,0.701,0.0,0.471,0.186,0
3625,68,1,8,0.773,0.486,0.7,0.0,0.19,-0.027,0
3626,75,1,12,0.952,0.607,1.254,0.75,0.946,0.17,1
3627,72,1,4,0.927,0.629,0.672,0.0,0.771,0.254,0
3628,46,0,7,0.741,0.615,0.984,0.0,0.578,-0.002,1
3629,68,0,4,0.881,0.671,0.696,1.0,-0.081,0.23,0
3630,39,0,6,0.703,0.702,0.742,0.5,0.226,-0.076,0
3631,59,1,9,0.994,0.483,1.119,0.5,0.764,0.392,0
3632,52,1,10,1.026,0.583,0.767,0.75,0.144,0.143,0
3633,57,0,4,0.659,0.579,0.9,0.0,0.435,-0.156,1
3634,64,1,8,0.797,0.609,0.486,0.0,-0.157,-0.009,0
3635,33,1,4,0.912,0.593,0.396,0.75,-0.109,0.254,0
3636,69,1,10,1.07,0.478,1.065,0.0,0.972,0.136,0
3637,76,1,6,0.899,0.602,0.797,0.5,0.434,-0.072,0
3638,55,0,7,0.791,0.541,0.831,0.75,0.336,0.236,0
3639,42,1,3,0.818,0.591,0.798,0.75,0.262,0.091,0
3640,73,0,8,0.735,0.64,0.636,0.0,0.163,0.097,0
3641,54,0,10,1.095,0.534,0.734,0.25,0.266,0.381,0
3642,84,1,10,1.033,0.557,0.863,0.0,0.237,0.408,0
3643,34,1,5,0.724,0.631,0.599,0.0,0.174,-0.17,0
3644,81,0,4,0.944,0.702,0.636,0.0,0.265,0.157,0
3645,50,0,6,0.983,0.475,0.763,1.0,0.048,0.286,0
3646,38,0,11,1.063,0.515,0.913,0.5,0.932,0.282,1
3647,78,0,6,0.933,0.609,0.578,0.0,0.014,0.233,1
3648,41,0,9,1.066,0.573,1.214,0.5,0.802,0.269,0
3649,74,0,7,0.77,0.596,0.294,0.0,-0.055,0.077,0
3650,62,1,7,1.03,0.469,1.03,0.5,0.63,0.469,0
3651,36,1,4,0.875,0.574,0.696,0.25,0.244,0.158,0
3652,65,0,12,1.112,0.423,0.883,0.5,0.345,0.532,0
3653,65,0,6,0.802,0.642,0.597,0.5,0.09,0.047,0
3654,46,1,8,0.944,0.529,0.538,0.0,0.252,0.04,0
3655,71,0,12,1.079,0.507,0.814,0.0,0.365,0.227,0
3656,40,0,4,0.7,0.626,0.774,0.0,0.423,-0.17,0
3657,72,1,8,0.939,0.633,0.756,0.0,0.317,0.128,1
3658,35,1,8,0.959,0.632,0.47,0.25,0.14,-0.092,0
3659,41,1,9,0.955,0.562,0.82,0.25,0.269,0.292,0
3660,60,0,10,0.902,0.492,1.003,0.0,0.745,0.135,0
3661,73,1,4,0.86,0.515,0.701,0.0,0.001,-0.032,0
3662,76,1,10,1.087,0.71,0.962,0.0,0.201,0.287,1
3663,71,1,12,0.942,0.513,0.649,0.75,0.113,0.262,0
3664,73,0,8,0.892,0.607,0.628,0.0,0.195,0.245,0
3665,76,0,9,0.986,0.429,0.481,0.0,-0.078,0.307,0
3666,81,1,11,1.036,0.555,1.195,0.0,0.78,0.341,0
3667,62,0,11,1.167,0.714,0.344,0.75,-0.265,0.372,0
3668,62,0,6,0.894,0.626,0.46,0.0,0.157,0.043,0
3669,78,0,9,0.975,0.545,0.96,1.0,0.459,0.259,1
3670,34,0,6,0.593,0.585,0.822,0.5,0.295,-0.45,1
3671,78,1,12,1.029,0.7,0.744,0.75,0.372,0.331,1
3672,68,1,4,0.971,0.522,0.371,0.25,-0.108,0.378,0
3673,66,1,8,1.095,0.586,0.747,0.0,0.342,0.295,0
3674,40,1,8,0.716,0.608,0.921,0.75,0.227,0.192,0
3675,79,1,12,1.056,0.535,1.034,0.0,0.524,0.161,1
3676,38,0,8,0.952,0.473,0.619,0.75,0.193,0.082,0
3677,71,0,6,0.746,0.507,0.729,0.25,0.195,0.153,0
3678,53,0,8,0.839,0.559,0.529,1.0,0.018,-0.142,0
3679,72,1,5,0.938,0.566,0.809,0.5,0.276,0.125,0
3680,34,1,11,1.007,0.549,0.977,0.75,0.738,0.315,0
3681,68,0,3,0.953,0.579,0.549,0.5,0.056,0.146,0
3682,43,1,4,0.704,0.541,0.587,0.25,0.155,-0.105,0
3683,79,1,12,0.908,0.507,1.097,1.0,0.584,0.204,1
3684,51,0,5,0.864,0.608,0.653,0.25,0.207,-0.085,0
3685,81,1,7,1.013,0.408,0.637,0.0,0.216,0.233,0
3686,83,0,11,1.054,0.624,1.002,0.0,0.457,0.369,1
3687,51,0,3,0.74,0.633,0.954,1.0,0.608,0.181,1
3688,49,0,3,0.851,0.609,0.721,0.0,0.273,0.017,0
3689,77,1,11,0.84,0.533,0.968,0.0,0.67,-0.062,1
3690,40,0,9,1.1,0.464,0.951,0.0,0.749,0.282,1
3691,42,0,3,0.776,0.607,0.498,0.25,-0.117,-0.105,0
3692,44,1,6,0.858,0.549,0.321,0.25,-0.421,0.268,0
3693,30,1,12,1.028,0.53,1.013,0.25,0.64,0.389,1
3694,51,1,6,0.793,0.76,0.581,1.0,0.218,0.181,0
3695,78,0,5,0.723,0.659,0.486,0.0,0.372,-0.013,0
3696,63,0,6,0.828,0.457,0.556,1.0,0.252,0.139,0
3697,40,0,9,0.767,0.494,0.814,0.0,0.02,0.066,0
3698,72,1,5,0.847,0.578,0.742,0.25,0.24,0.118,1
3699,58,1,10,0.764,0.502,0.872,0.0,0.382,-0.102,1
3700,30,0,6,0.992,0.565,0.863,0.0,0.455,0.226,1
3701,52,0,11,0.866,0.563,0.897,0.5,0.467,-0.093,0
3702,78,1,3,0.645,0.621,1.055,0.0,0.661,-0.06,1
3703,39,0,5,0.959,0.521,0.872,0.0,0.671,0.211,0
3704,30,0,4,0.867,0.733,0.713,0.0,0.013,-0.153,0
3705,81,1,4,0.785,0.516,0.579,0.25,0.123,0.141,0
3706,77,0,12,1.117,0.479,0.931,0.5,0.633,0.417,1
3707,44,1,5,0.834,0.571,0.468,0.25,-0.116,0.249,0
3708,34,1,7,0.924,0.458,0.771,0.0,0.088,0.308,0
3709,34,0,12,0.933,0.536,1.008,0.75,0.63,0.153,0
3710,31,1,4,0.819,0.676,0.7,0.75,0.445,0.045,0
3711,47,0,3,0.691,0.557,0.391,0.0,-0.218,-0.199,0
3712,41,0,5,0.835,0.527,0.718,0.0,0.133,0.085,0
3713,65,1,12,1.069,0.469,0.882,0.5,0.618,0.135,1
3714,68,1,5,0.68,0.549,0.489,0.0,0.149,-0.162,0
3715,52,1,10,0.718,0.608,0.964,0.5,0.502,-0.039,0
3716,35,1,10,1.081,0.625,0.885,0.25,0.171,0.473,0
3717,50,0,10,1.041,0.463,0.7,0.25,0.428,0.275,0
3718,65,1,10,0.882,0.532,1.056,0.75,0.298,0.11,0
3719,75,0,5,0.914,0.552,0.366,0.0,-0.072,0.297,0
3720,64,1,9,1.005,0.553,0.998,1.0,0.882,0.347,0
3721,32,0,6,1.032,0.512,0.697,0.0,0.232,0.118,0
3722,69,1,7,0.968,0.645,0.614,0.0,0.156,0.219,0
3723,38,1,9,0.728,0.631,0.936,0.75,0.236,-0.119,0
3724,47,1,9,0.802,0.463,1.031,0.25,0.915,-0.113,0
3725,79,0,6,0.8,0.595,0.779,0.5,0.234,0.032,0
3726,52,1,5,0.838,0.502,0.889,0.0,0.363,0.034,0
3727,65,1,8,0.92,0.533,0.672,0.75,0.392,0.262,0
3728,77,0,4,0.943,0.533,0.654,0.5,0.469,0.181,0
3729,40,1,10,0.947,0.806,0.805,0.0,0.094,0.047,0
3730,62,1,4,0.765,0.606,0.401,0.0,-0.045,-0.035,0
3731,33,1,3,0.821,0.672,0.632,0.25,0.336,0.065,0
3732,60,1,3,0.672,0.693,0.729,0.5,0.142,0.094,0
3733,84,1,6,0.872,0.37,0.528,0.75,0.032,0.152,0
3734,82,1,8,0.824,0.742,0.841,0.25,0.268,0.207,0
3735,60,0,4,1.009,0.455,0.726,1.0,0.55,0.203,0
3736,62,1,7,0.825,0.532,0.562,0.0,-0.061,0.119,0
3737,56,0,12,0.883,0.53,1.065,0.0,0.401,0.266,0
3738,35,1,9,0.812,0.581,0.804,0.75,0.312,-0.117,0
3739,48,1,9,0.853,0.7,0.623,0.5,0.141,0.005,0
3740,37,0,12,0.878,0.669,0.767,0.0,0.555,0.152,0
3741,60,0,5,0.751,0.579,0.83,1.0,0.814,0.038,1
3742,79,0,8,0.786,0.518,0.519,0.0,0.248,-0.018,0
3743,84,0,6,0.88,0.635,0.434,0.0,-0.057,0.096,0
3744,65,0,8,0.769,0.7,0.745,0.25,0.173,-0.165,0
3745,83,0,12,1.082,0.469,1.135,0.5,0.53,0.414,0
3746,58,1,6,0.648,0.55,0.664,0.0,0.33,0.121,0
3747,58,0,5,0.868,0.613,0.816,0.5,0.295,0.304,1
3748,39,1,11,0.809,0.507,0.883,1.0,0.366,-0.109,0
3749,37,1,10,0.8,0.665,0.745,0.25,0.214,0.022,0
3750,59,1,3,0.575,0.591,0.626,0.75,0.044,-0.214,0
3751,73,1,11,1.119,0.442,0.96,0.0,0.207,0.346,1
3752,72,1,7,0.584,0.587,0.727,0.25,0.21,-0.229,1
3753,84,1,9,0.775,0.665,0.896,0.0,0.704,0.149,0
3754,51,1,9,0.91,0.54,0.803,0.0,0.274,0.254,1
3755,56,1,11,0.797,0.552,0.741,0.0,0.279,0.034,0
3756,36,1,11,1.184,0.495,0.776,0.0,0.327,0.462,1
3757,36,1,10,0.879,0.686,0.615,0.25,0.264,-0.02,0
3758,75,1,11,0.889,0.644,0.881,0.0,0.394,0.13,0
3759,64,1,5,0.776,0.559,0.607,0.0,0.19,-0.03,0
3760,57,1,5,0.849,0.442,0.224,0.0,0.037,0.009,0
3761,74,0,9,0.708,0.66,0.69,0.0,0.062,0.039,1
3762,60,1,10,0.756,0.515,0.677,0.0,0.273,-0.038,0
3763,46,1,7,0.942,0.542,0.421,0.5,-0.1,0.128,0
3764,68,0,3,0.834,0.609,0.572,0.0,-0.011,-0.053,0
3765,31,1,3,0.775,0.62,0.467,0.5,0.061,-0.107,0
3766,35,1,9,0.853,0.574,0.712,0.0,0.397,0.298,0
3767,74,1,12,1.073,0.432,1.125,0.0,0.533,0.213,1
3768,67,0,9,0.91,0.64,0.776,0.25,0.165,0.12,1
3769,68,1,10,0.901,0.528,0.795,0.0,0.337,-0.028,0
3770,31,1,8,0.717,0.521,0.89,0.25,0.532,0.101,0
3771,81,1,11,1.124,0.551,0.872,0.0,0.751,0.509,0
3772,56,0,6,0.829,0.544,0.574,0.5,0.176,0.275,0
3773,41,0,8,0.935,0.464,1.136,0.0,0.732,-0.042,0
3774,72,0,4,0.848,0.569,0.389,0.0,-0.248,-0.007,0
3775,69,1,12,0.915,0.467,0.634,0.0,0.351,0.341,0
3776,62,0,6,0.972,0.55,0.418,0.0,-0.081,0.344,0
3777,45,1,10,1.01,0.571,0.662,0.5,0.444,0.105,1
3778,66,1,5,0.7,0.594,0.822,0.75,0.571,-0.14,0
3779,55,1,5,0.929,0.503,0.511,0.25,-0.189,0.398,0
3780,63,0,4,0.907,0.729,0.972,0.0,0.348,0.16,1
3781,81,0,9,0.809,0.606,0.937,0.5,0.51,-0.059,1
3782,77,1,11,0.984,0.611,1.121,0.5,0.602,0.284,0
3783,84,0,7,0.912,0.507,0.598,0.0,-0.135,0.262,1
3784,46,0,5,0.873,0.625,0.334,0.0,-0.212,0.173,0
3785,66,1,10,0.896,0.611,0.581,0.0,0.193,0.229,0
3786,69,0,6,0.905,0.548,0.685,0.25,0.137,0.054,0
3787,34,0,5,0.915,0.617,0.535,0.5,0.298,0.166,0
3788,47,0,3,0.877,0.573,0.369,0.0,-0.106,0.204,0
3789,77,1,6,0.782,0.54,0.911,0.0,0.25,0.011,0
3790,62,1,3,0.899,0.724,0.376,0.0,0.019,0.199,0
3791,47,0,11,1.004,0.573,0.91,0.0,0.702,0.34,0
3792,62,1,3,0.685,0.616,0.667,0.0,0.02,-0.205,0
3793,44,1,8,0.753,0.603,0.88,0.25,0.402,-0.083,1
3794,64,0,12,1.102,0.58,0.72,0.0,0.176,0.412,0
3795,41,0,10,0.834,0.603,0.938,0.0,0.278,0.115,1
3796,35,0,8,0.984,0.592,0.654,0.25,-0.046,0.292,0
3797,80,0,10,0.7,0.529,0.632,0.0,0.074,-0.055,0
3798,48,1,7,0.769,0.438,0.716,0.5,0.167,0.073,0
3799,77,1,5,0.851,0.676,0.379,0.75,0.032,0.255,0
3800,56,0,3,0.942,0.479,0.618,0.0,-0.138,0.215,0
3801,63,1,5,0.896,0.58,0.599,0.0,0.049,-0.018,0
3802,73,1,12,0.943,0.539,0.401,0.0,0.173,0.474,0
3803,62,1,8,1.034,0.527,0.879,1.0,0.451,0.108,0
3804,47,1,6,0.767,0.581,0.831,0.25,0.227,-0.183,0
3805,31,0,7,0.812,0.562,0.903,0.5,0.038,0.169,0
3806,36,1,6,0.758,0.529,1.032,0.0,0.454,-0.142,0
3807,35,1,11,1.166,0.684,1.102,0.75,0.61,0.466,0
3808,46,0,5,0.979,0.592,0.427,0.0,0.102,0.279,0
3809,35,0,3,0.502,0.61,0.59,0.75,0.454,-0.319,0
3810,37,1,4,0.605,0.569,0.378,0.0,-0.088,-0.363,0
3811,30,1,7,0.747,0.608,0.533,0.75,0.017,0.111,0
3812,47,0,11,1.026,0.535,0.844,0.0,-0.119,0.095,0
3813,52,1,6,1.17,0.644,0.749,0.0,0.354,0.42,0
3814,71,1,3,0.858,0.643,0.321,0.0,-0.46,0.044,0
3815,80,0,10,0.844,0.607,0.89,0.0,0.454,0.014,0
3816,30,0,9,0.997,0.681,0.485,0.75,-0.041,0.297,0
3817,38,1,12,0.874,0.551,0.765,0.0,0.286,0.137,0
3818,52,1,12,0.845,0.463,0.82,0.0,0.285,0.255,0
3819,45,1,8,0.938,0.494,0.591,1.0,0.237,0.341,0
3820,70,1,3,0.921,0.64,0.417,0.25,-0.076,0.262,0
3821,77,0,6,1.02,0.615,0.805,0.0,0.409,0.229,1
3822,71,0,10,0.917,0.436,1.034,0.25,0.334,0.166,1
3823,34,1,12,0.99,0.698,0.7,0.0,0.362,0.363,1
3824,46,1,8,0.897,0.656,0.728,0.0,0.193,0.107,0
3825,60,1,11,0.801,0.504,0.662,0.0,0.141,-0.057,0
3826,59,0,5,0.7,0.661,0.317,0.5,-0.388,0.277,0
3827,36,1,10,0.811,0.645,1.024,0.0,0.449,0.116,0
3828,52,0,5,0.876,0.542,0.243,0.0,0.036,0.005,0
3829,61,1,6,0.76,0.462,0.65,0.5,0.476,0.19,0
3830,83,1,4,0.883,0.665,0.646,0.0,0.504,0.081,0
3831,63,0,4,0.742,0.55,0.605,0.0,-0.048,0.026,0
3832,72,0,12,1.096,0.514,1.012,1.0,0.379,0.233,0
3833,49,1,8,1.021,0.525,0.7,0.25,0.243,0.262,0
3834,38,1,9,0.883,0.509,0.901,0.5,0.442,0.36,0
3835,57,1,9,0.85,0.575,0.718,0.0,0.046,0.016,0
3836,45,1,5,0.986,0.654,0.405,0.0,-0.284,0.367,0
3837,50,1,8,0.792,0.645,0.634,0.0,0.181,-0.02,0
3838,50,0,6,0.858,0.675,0.761,0.0,0.299,0.093,0
3839,60,0,8,1.013,0.563,0.53,0.0,0.297,0.384,0
3840,39,0,4,0.967,0.579,0.748,0.0,0.279,0.07,1
3841,61,0,8,0.919,0.672,0.76,0.0,0.156,0.114,0
3842,58,1,12,1.137,0.388,1.057,0.0,0.687,0.54,1
3843,60,0,6,0.804,0.543,0.751,1.0,0.356,0.104,0
3844,84,1,11,0.7,0.555,0.841,1.0,0.618,-0.08,0
3845,55,1,12,0.865,0.564,0.903,1.0,0.326,0.05,0
3846,79,0,6,1.028,0.545,0.877,0.0,0.535,0.411,1
3847,60,0,12,0.978,0.551,0.635,0.0,0.253,0.278,0
3848,55,1,11,0.806,0.579,0.884,0.25,0.598,0.104,0
3849,79,0,3,0.789,0.486,0.755,0.0,0.199,0.093,0
3850,81,1,11,1.03,0.571,1.047,0.5,0.328,0.339,1
3851,82,0,8,0.808,0.5,0.747,0.5,0.185,-0.039,1
3852,60,0,11,1.045,0.505,0.832,1.0,0.188,0.28,0
3853,58,0,12,0.96,0.451,1.003,0.5,0.563,0.251,0
3854,77,1,5,0.639,0.539,0.757,0.0,0.134,0.051,0
3855,30,0,7,0.901,0.618,0.791,0.0,0.463,0.196,0
3856,68,1,3,0.652,0.574,0.556,0.0,-0.066,-0.25,0
3857,80,0,6,1.045,0.604,0.35,0.0,-0.218,0.345,0
3858,81,0,11,0.704,0.636,0.857,0.0,0.342,0.014,0
3859,33,1,9,0.921,0.613,1.053,0.25,0.611,0.325,1
3860,39,0,5,0.832,0.562,0.446,0.25,-0.005,0.085,0
3861,68,1,4,1.148,0.7,0.423,0.0,0.029,0.235,1
3862,76,1,6,0.879,0.706,0.884,0.5,0.34,0.087,0
3863,50,0,8,0.961,0.654,0.892,0.0,0.291,0.101,0
3864,31,1,11,0.864,0.448,0.761,0.0,0.061,0.199,0
3865,77,1,4,0.705,0.644,0.675,0.25,0.071,-0.036,1
3866,33,0,10,0.996,0.613,0.904,0.5,0.363,0.091,0
3867,75,0,4,0.736,0.674,0.577,0.0,0.222,-0.045,0
3868,77,1,7,0.626,0.619,0.374,0.0,0.144,-0.22,0
3869,47,1,10,0.945,0.471,1.044,0.0,0.547,0.068,0
3870,84,1,6,0.742,0.483,0.628,0.0,0.125,-0.101,0
3871,39,1,7,0.832,0.476,0.83,0.0,0.477,-0.218,0
3872,68,1,7,0.811,0.647,0.924,0.0,0.415,0.035,0
3873,57,1,10,0.951,0.586,0.961,0.0,0.494,0.233,0
3874,52,1,7,0.672,0.599,0.761,0.0,0.651,-0.078,1
3875,81,0,11,1.063,0.564,0.823,0.5,0.315,0.303,1
3876,63,0,10,0.801,0.493,0.92,0.25,0.506,-0.096,0
3877,42,0,10,0.756,0.541,0.711,0.0,0.081,-0.034,0
3878,58,1,4,0.976,0.602,0.29,0.0,-0.275,0.249,0
3879,31,1,5,0.85,0.586,0.807,0.75,0.198,-0.021,0
3880,77,0,9,0.731,0.552,0.873,0.25,0.491,-0.241,0
3881,45,0,3,0.834,0.67,0.769,0.25,0.215,0.212,0
3882,39,1,12,0.752,0.628,0.844,0.25,0.43,0.158,0
3883,30,1,6,0.918,0.567,0.754,0.0,0.353,0.296,0
3884,69,0,9,0.944,0.571,0.979,0.5,0.411,0.267,0
3885,38,1,11,1.124,0.542,0.743,0.25,0.486,0.344,1
3886,35,1,5,0.854,0.589,0.612,0.5,0.033,0.336,0
3887,75,1,4,0.837,0.376,0.7,0.5,0.168,0.104,0
3888,71,1,9,1.027,0.38,0.636,0.0,0.122,0.292,0
3889,50,1,7,0.794,0.509,0.747,1.0,0.131,0.182,1
3890,59,1,9,0.777,0.545,0.912,0.75,0.359,-0.011,0
3891,37,1,10,0.803,0.367,1.182,0.0,0.976,0.127,0
3892,81,0,10,0.7,0.531,1.069,0.0,0.657,0.006,0
3893,74,0,12,0.883,0.592,1.048,0.0,0.853,-0.061,0
3894,41,1,6,0.865,0.653,0.72,0.5,-0.148,0.166,0
3895,82,0,3,0.814,0.671,0.366,0.5,0.186,-0.029,0
3896,65,0,9,0.899,0.525,0.904,0.5,0.654,0.282,0
3897,53,0,4,0.869,0.563,0.677,0.0,-0.117,0.044,0
3898,31,0,12,0.74,0.492,0.989,0.5,0.592,-0.125,0
3899,45,0,10,0.831,0.583,0.84,0.5,0.475,-0.137,0
3900,48,0,7,0.917,0.53,0.899,0.0,0.199,0.19,0
3901,56,1,10,0.826,0.63,0.546,0.0,0.238,0.009,0
3902,40,1,12,0.922,0.505,0.892,0.0,0.607,0.143,0
3903,48,1,12,0.923,0.627,1.116,0.0,0.766,0.326,0
3904,77,0,3,0.881,0.684,0.633,0.0,-0.067,0.206,0
3905,58,1,6,0.876,0.589,0.609,0.5,-0.098,0.231,0
3906,77,0,11,1.032,0.746,1.026,0.0,0.846,0.212,1
3907,75,1,5,0.741,0.511,0.568,0.5,0.168,0.013,0
3908,62,0,10,0.885,0.493,1.0,0.0,0.741,0.255,1
3909,84,1,5,0.935,0.606,0.764,0.0,0.187,0.214,1
3910,64,1,8,0.889,0.633,0.749,0.25,0.538,0.363,1
3911,47,1,10,0.914,0.67,0.831,1.0,0.506,0.312,1
3912,43,0,9,1.038,0.668,0.662,0.0,0.126,0.32,0
3913,68,1,12,1.178,0.734,0.811,0.0,0.361,0.328,1
3914,53,0,3,0.547,0.576,0.344,1.0,0.066,-0.246,0
3915,71,1,6,0.787,0.539,0.979,0.5,0.41,0.134,0
3916,76,1,11,0.983,0.517,0.731,0.0,0.232,0.159,0
3917,58,0,6,1.018,0.531,0.68,0.0,0.309,0.287,0
3918,43,1,11,0.905,0.665,0.649,0.0,0.387,0.304,0
3919,46,1,3,0.732,0.7,0.634,0.0,0.456,-0.101,0
3920,37,0,6,1.014,0.668,0.76,0.75,0.189,0.189,0
3921,70,1,11,0.866,0.566,1.165,0.0,0.637,-0.02,0
3922,60,1,4,0.973,0.614,0.905,0.25,0.488,0.337,0
3923,58,0,3,0.886,0.58,0.83,0.5,0.526,-0.098,1
3924,46,0,10,0.7,0.535,0.834,0.0,0.77,-0.124,0
3925,50,0,8,0.654,0.537,0.484,0.0,-0.216,-0.3,0
3926,81,0,5,0.925,0.609,0.603,0.5,-0.067,0.373,0
3927,42,0,11,1.071,0.622,0.774,0.0,0.31,0.322,0
3928,46,1,7,1.006,0.515,0.877,0.0,0.386,0.247,0
3929,66,0,12,1.029,0.49,0.952,0.25,0.436,0.288,0
3930,82,1,6,1.035,0.499,0.581,0.0,0.099,0.334,0
3931,67,1,10,0.931,0.49,0.777,0.25,0.816,0.178,1
3932,59,0,12,0.955,0.651,0.86,0.5,0.084,0.109,0
3933,43,0,3,0.565,0.591,0.493,0.0,-0.064,-0.344,0
3934,39,0,6,1.065,0.736,0.7,1.0,0.121,0.281,0
3935,33,1,5,0.974,0.57,0.529,0.0,-0.025,0.253,0
3936,66,1,5,0.856,0.559,0.691,0.75,0.385,0.17,1
3937,68,1,8,0.89,0.642,0.678,0.0,-0.032,0.023,0
3938,32,1,9,0.776,0.533,0.535,0.0,0.243,0.029,0
3939,41,0,10,0.939,0.332,0.828,1.0,0.018,0.38,0
3940,44,1,7,0.812,0.68,0.632,0.0,0.182,0.066,0
3941,81,0,8,0.846,0.534,1.039,0.25,0.339,0.211,0
3942,75,1,12,1.024,0.62,1.147,0.75,0.588,0.448,0
3943,71,0,6,0.921,0.55,0.782,0.0,0.167,0.127,1
3944,55,1,3,0.785,0.675,0.647,0.0,0.089,0.085,0
3945,83,1,8,0.836,0.568,1.233,0.0,0.737,0.182,0
3946,50,1,11,0.933,0.542,0.823,0.25,0.411,-0.029,0
3947,54,1,10,0.869,0.541,0.691,0.25,0.073,0.249,0
3948,42,1,5,0.767,0.714,0.436,0.0,0.019,-0.105,0
3949,45,1,8,1.027,0.543,0.838,0.75,0.238,0.297,0
3950,42,1,4,0.752,0.628,0.495,0.25,0.145,0.137,0
3951,74,1,11,1.191,0.605,1.306,0.0,0.628,0.424,1
3952,46,0,10,0.881,0.408,0.652,0.25,-0.165,0.186,1
3953,67,1,12,0.93,0.583,0.951,0.0,0.466,0.23,1
3954,37,0,12,0.949,0.585,0.783,0.0,0.263,0.293,1
3955,35,1,3,0.797,0.528,0.391,0.0,0.004,0.25,0
3956,73,0,8,0.84,0.338,0.797,0.25,0.373,-0.182,1
3957,66,0,3,0.675,0.45,0.359,0.0,0.01,-0.114,0
3958,69,1,8,0.994,0.455,0.684,0.75,0.132,0.389,0
3959,78,0,10,0.93,0.535,1.016,0.75,0.537,0.365,0
3960,49,0,6,0.855,0.706,0.898,0.25,0.421,0.175,1
3961,51,0,6,0.785,0.537,0.789,0.0,0.713,0.03,0
3962,39,0,3,0.868,0.627,0.598,0.5,0.346,0.072,0
3963,51,1,7,0.791,0.511,0.472,0.0,-0.042,0.215,0
3964,69,0,10,0.965,0.522,0.827,0.0,0.566,0.247,1
3965,79,1,9,0.789,0.573,0.885,0.0,0.386,0.109,0
3966,33,0,3,0.632,0.74,0.656,0.0,0.246,-0.069,0
3967,31,1,5,0.755,0.42,0.541,0.0,0.184,0.068,0
3968,45,0,9,1.217,0.643,0.6,0.75,0.516,0.286,0
3969,72,1,7,0.94,0.462,0.303,1.0,-0.364,0.139,0
3970,49,1,9,0.97,0.619,0.567,0.5,-0.067,0.19,0
3971,78,0,8,0.952,0.58,0.766,0.0,0.126,0.252,1
3972,81,1,9,0.7,0.767,0.643,0.0,0.176,-0.084,0
3973,77,0,5,0.692,0.497,0.7,0.0,0.16,-0.127,1
3974,82,0,4,0.719,0.476,0.784,0.75,0.149,-0.165,0
3975,39,1,6,0.929,0.595,0.469,0.25,0.119,0.135,0
3976,61,0,4,0.877,0.582,0.495,0.0,-0.029,0.115,0
3977,55,0,7,0.712,0.605,0.663,0.75,0.355,-0.404,0
3978,70,0,12,0.992,0.581,1.195,1.0,0.437,0.279,0
3979,42,0,5,0.769,0.645,0.667,0.0,0.121,-0.132,0
3980,45,1,4,0.848,0.601,0.658,0.0,0.035,-0.118,0
3981,75,1,3,0.834,0.567,0.7,0.25,0.558,0.141,0
3982,41,1,9,0.835,0.575,0.788,0.0,0.421,0.045,0
3983,59,0,9,0.975,0.668,0.715,0.0,0.269,0.206,0
3984,61,1,7,1.005,0.6,0.706,0.0,0.176,0.247,0
3985,59,0,5,0.903,0.641,0.466,0.0,-0.234,0.213,0
3986,79,1,11,0.874,0.601,1.03,1.0,0.449,0.026,0
3987,75,1,5,0.821,0.443,0.81,0.75,0.241,0.007,0
3988,35,1,10,0.918,0.44,0.58,0.0,0.402,0.211,0
3989,72,0,7,0.805,0.57,0.569,0.5,0.05,0.158,0
3990,43,1,6,0.931,0.47,0.666,0.75,0.184,0.226,0
3991,44,0,11,0.987,0.546,0.488,0.25,0.031,0.426,0
3992,31,0,6,0.805,0.655,0.896,0.25,0.179,0.11,0
3993,33,1,6,0.962,0.586,0.655,0.0,0.36,0.139,0
3994,47,0,3,0.899,0.618,0.64,0.0,0.305,0.083,0
3995,45,0,4,0.771,0.649,0.79,0.0,0.409,-0.205,1
3996,36,0,12,0.945,0.624,0.952,0.0,0.416,0.274,0
3997,33,0,7,0.766,0.667,0.7,0.25,0.07,-0.035,0
3998,73,1,9,1.03,0.525,0.653,0.0,0.339,0.266,0
3999,78,0,7,0.905,0.7,0.864,0.0,0.691,0.183,1
4000,79,0,5,0.958,0.612,0.859,0.5,0.503,0.287,0
4001,47,1,8,0.848,0.685,0.659,0.0,0.406,0.03,0
4002,76,1,12,0.97,0.54,0.849,0.25,0.713,0.354,0
4003,35,0,6,0.802,0.531,0.887,0.5,0.637,0.048,0
4004,52,1,5,0.687,0.659,0.756,0.0,0.21,-0.008,0
4005,78,1,5,0.784,0.637,0.819,0.0,0.425,0.286,1
4006,73,1,12,0.946,0.494,1.119,0.5,0.539,0.116,0
4007,66,0,12,0.972,0.544,0.777,0.75,0.576,0.354,1
4008,38,0,5,0.835,0.594,0.7,0.75,0.209,0.277,0
4009,81,1,11,1.069,0.659,0.868,0.0,0.35,0.306,0
4010,72,1,6,0.928,0.573,0.688,0.75,0.132,0.242,0
4011,53,1,4,0.806,0.578,0.566,0.0,0.133,0.006,0
4012,50,1,4,0.883,0.58,0.25,1.0,-0.09,0.012,0
4013,38,0,10,1.175,0.605,0.847,1.0,0.402,0.407,0
4014,46,0,4,0.561,0.552,0.375,0.0,-0.069,-0.279,0
4015,77,0,6,0.587,0.691,0.451,0.0,-0.149,-0.183,0
4016,73,1,10,1.014,0.527,1.117,0.0,0.633,0.404,0
4017,84,1,12,1.026,0.507,0.584,0.0,0.087,0.342,0
4018,55,1,6,0.855,0.488,0.565,0.0,-0.106,0.119,0
4019,83,0,4,0.753,0.561,0.873,0.0,0.48,0.03,0
4020,30,0,6,0.782,0.603,0.504,0.0,0.305,0.349,0
4021,50,0,9,1.054,0.654,0.991,0.0,0.692,0.412,0
4022,67,1,10,0.898,0.493,0.6,0.75,0.079,0.145,0
4023,42,0,8,0.891,0.595,0.507,0.0,0.086,0.06,0
4024,34,1,9,0.931,0.628,0.814,0.0,0.25,0.231,0
4025,75,0,8,0.799,0.589,1.033,0.0,0.443,0.062,0
4026,83,0,7,0.812,0.566,0.615,0.0,0.076,-0.125,0
4027,31,1,4,0.795,0.504,0.631,0.0,-0.069,0.302,0
4028,58,1,6,0.677,0.633,0.713,0.0,0.218,-0.159,0
4029,56,1,10,0.7,0.532,1.019,0.5,0.52,-0.163,0
4030,73,1,11,0.817,0.509,1.184,0.25,0.617,0.042,1
4031,36,0,7,0.88,0.632,0.792,0.75,0.207,0.225,0
4032,71,0,3,0.784,0.486,0.464,0.0,0.145,0.084,0
4033,55,1,3,0.665,0.556,0.618,0.25,0.31,-0.035,0
4034,37,1,3,0.751,0.636,0.626,0.25,0.401,0.07,0
4035,63,1,11,0.952,0.507,0.936,1.0,0.676,0.475,1
4036,51,0,12,0.817,0.544,0.963,0.0,0.397,-0.061,0
4037,79,0,6,0.804,0.602,0.747,0.0,0.334,0.105,0
4038,44,0,4,0.69,0.68,0.222,0.25,-0.328,-0.055,0
4039,62,0,7,0.881,0.443,0.474,0.5,0.114,0.173,0
4040,31,0,3,0.7,0.609,0.54,0.5,-0.172,0.043,0
4041,74,1,9,0.88,0.689,0.632,0.0,0.096,0.119,0
4042,48,1,9,1.034,0.581,0.909,0.25,0.358,0.188,0
4043,66,0,4,0.903,0.7,0.195,1.0,-0.139,0.192,0
4044,73,0,6,0.807,0.481,0.463,0.75,0.139,0.048,0
4045,67,0,7,0.736,0.648,0.892,0.0,-0.101,0.051,0
4046,57,0,5,0.88,0.696,0.727,1.0,0.147,-0.01,0
4047,60,1,5,0.677,0.584,0.832,0.5,0.406,0.114,0
4048,83,1,9,1.109,0.535,0.85,0.5,0.15,0.419,0
4049,61,0,11,1.204,0.693,0.842,0.75,0.448,0.707,0
4050,71,0,10,0.884,0.376,0.792,0.0,0.328,0.074,0
4051,69,0,9,0.909,0.52,0.766,0.25,0.074,0.194,0
4052,46,0,8,0.986,0.472,0.76,0.0,0.382,0.089,1
4053,61,0,3,0.872,0.482,0.406,0.75,0.093,0.492,0
4054,33,1,9,0.868,0.522,0.623,1.0,0.332,-0.126,0
4055,47,1,4,0.781,0.679,0.333,0.5,-0.068,0.262,0
4056,60,1,8,1.012,0.584,0.683,0.0,0.062,0.068,1
4057,50,0,4,0.807,0.746,0.617,1.0,-0.083,0.133,0
4058,71,1,11,1.014,0.66,0.799,0.0,0.152,0.335,0
4059,44,1,6,0.743,0.545,0.397,0.25,-0.151,0.066,0
4060,78,0,7,0.765,0.685,0.702,0.75,0.27,0.118,0
4061,68,1,4,0.863,0.571,0.651,0.0,0.271,0.183,0
4062,77,0,11,0.826,0.499,0.699,0.25,0.286,0.094,0
4063,31,0,6,0.952,0.69,0.373,0.0,-0.296,0.436,0
4064,74,0,3,0.887,0.543,0.492,0.0,-0.322,0.264,0
4065,80,0,7,0.94,0.491,0.588,0.0,0.051,0.229,0
4066,81,1,10,0.926,0.668,0.665,0.75,0.332,0.185,1
4067,66,1,11,1.093,0.7,0.712,0.0,0.488,0.289,0
4068,37,0,7,0.871,0.626,0.836,0.75,0.393,0.03,0
4069,39,1,12,0.895,0.626,0.781,0.0,0.431,-0.04,0
4070,30,1,9,0.95,0.573,0.668,0.75,0.294,0.29,0
4071,76,1,9,1.087,0.54,0.888,0.0,0.28,0.278,0
4072,30,0,7,0.908,0.554,0.684,0.25,-0.016,0.028,0
4073,59,1,3,0.726,0.564,0.407,0.5,-0.243,0.048,0
4074,57,0,6,0.836,0.726,0.439,0.0,0.11,0.136,0
4075,30,1,6,0.918,0.701,0.657,0.0,0.354,0.219,0
4076,54,0,9,1.027,0.594,0.751,0.0,0.181,0.41,0
4077,46,0,3,0.769,0.7,0.404,0.0,-0.199,-0.225,0
4078,76,0,5,0.737,0.644,0.428,0.5,0.154,-0.098,0
4079,60,0,3,0.745,0.452,0.607,0.0,0.007,0.052,0
4080,77,1,3,0.858,0.538,0.551,1.0,0.113,-0.082,0
4081,63,0,11,0.821,0.479,1.008,0.25,0.464,0.102,0
4082,69,0,12,0.739,0.7,0.79,0.25,0.001,-0.078,0
4083,74,1,5,0.776,0.516,0.877,1.0,0.2,0.038,1
4084,39,1,8,0.859,0.61,0.88,0.0,0.375,0.3,0
4085,37,0,5,0.735,0.704,0.927,0.0,0.537,-0.147,0
4086,57,0,7,0.769,0.63,0.604,0.0,0.102,0.202,0
4087,73,1,12,0.844,0.562,0.887,0.25,0.289,0.017,1
4088,54,1,10,0.842,0.576,0.933,0.25,0.753,-0.09,0
4089,63,1,7,0.817,0.58,0.533,1.0,-0.061,0.264,0
4090,84,1,10,0.927,0.576,0.914,0.0,0.485,0.078,0
4091,42,1,12,1.034,0.47,0.81,0.0,0.441,0.145,1
4092,68,0,12,1.052,0.7,0.722,0.0,0.276,0.446,0
4093,54,1,6,0.986,0.618,0.677,0.25,0.06,-0.02,0
4094,40,1,7,0.728,0.661,0.529,0.0,0.137,-0.069,0
4095,38,1,5,0.959,0.599,0.491,0.0,-0.056,0.008,0
4096,52,0,3,1.024,0.633,0.385,0.0,0.005,0.213,0
4097,44,0,4,0.808,0.611,0.733,0.0,0.517,-0.151,1
4098,31,0,7,0.838,0.528,0.769,1.0,0.157,0.229,0
4099,41,0,4,0.947,0.586,0.575,0.0,-0.295,0.309,0
4100,77,1,4,0.711,0.694,0.58,0.75,0.293,0.012,0
4101,74,1,7,0.85,0.474,0.706,0.0,0.108,0.165,0
4102,45,1,10,1.163,0.554,0.867,1.0,0.707,0.303,0
4103,83,1,12,0.995,0.48,0.732,0.0,-0.086,0.199,1
4104,79,1,4,0.701,0.773,0.651,0.0,0.061,-0.085,0
4105,32,0,4,0.936,0.641,0.663,0.25,0.269,0.172,1
4106,65,1,12,0.88,0.59,0.813,0.5,0.349,0.27,0
4107,34,1,9,0.913,0.574,0.777,0.0,0.485,0.223,0
4108,75,0,4,0.974,0.571,0.907,0.5,0.182,0.12,0
4109,72,0,11,0.944,0.568,0.728,0.0,0.159,0.03,0
4110,71,0,8,0.987,0.508,0.774,0.0,0.346,0.357,1
4111,51,0,9,1.048,0.633,0.655,0.25,0.382,0.38,0
4112,37,1,11,0.853,0.407,0.928,0.5,0.228,-0.03,0
4113,61,0,7,0.894,0.541,0.987,1.0,0.698,0.103,0
4114,63,1,6,0.925,0.538,0.699,0.5,0.33,0.04,0
4115,48,0,10,0.939,0.567,0.709,0.0,0.009,0.393,0
4116,51,0,3,0.7,0.563,0.481,0.0,0.018,-0.04,0
4117,63,0,10,0.852,0.486,0.891,0.25,0.191,-0.027,0
4118,80,0,7,0.927,0.669,0.823,1.0,0.365,0.183,0
4119,55,0,5,0.894,0.595,0.477,0.75,-0.055,0.148,0
4120,60,0,6,0.854,0.52,0.263,0.0,-0.113,0.154,0
4121,47,0,5,0.708,0.683,0.583,0.0,0.312,0.15,0
4122,49,1,5,0.892,0.665,0.715,0.0,0.513,0.09,1
4123,63,0,3,0.903,0.518,0.749,0.0,0.065,0.126,0
4124,45,1,8,0.832,0.444,0.881,0.0,0.429,0.068,0
4125,37,0,4,0.638,0.652,0.667,0.0,-0.04,-0.139,0
4126,46,1,8,0.737,0.54,0.66,0.0,0.256,-0.116,0
4127,60,0,12,0.809,0.518,0.708,0.0,0.244,-0.032,0
4128,49,0,4,0.957,0.546,0.729,0.0,0.27,0.204,0
4129,53,1,10,0.945,0.602,1.138,0.25,0.97,0.24,0
4130,63,0,7,1.067,0.659,0.408,0.5,0.042,0.141,0
4131,69,1,4,0.739,0.666,0.657,0.25,-0.104,-0.009,0
4132,35,0,5,0.736,0.644,0.815,1.0,0.732,0.063,0
4133,60,1,8,0.724,0.591,0.986,0.0,0.432,0.09,1
4134,30,0,11,0.905,0.515,0.489,0.5,-0.244,-0.005,0
4135,84,0,8,0.864,0.512,0.811,0.0,0.648,0.061,1
4136,45,0,8,0.937,0.53,0.815,0.5,0.17,0.09,0
4137,31,0,4,0.825,0.511,0.414,0.5,-0.286,0.053,0
4138,76,1,3,0.723,0.678,0.437,0.0,0.097,-0.118,0
4139,74,1,7,0.866,0.505,0.402,0.25,-0.247,0.143,0
4140,41,0,12,1.069,0.594,0.83,0.25,0.347,0.212,0
4141,81,1,9,0.966,0.698,0.54,0.5,-0.15,0.153,0
4142,72,1,12,1.003,0.543,1.381,0.0,0.95,0.343,0
4143,84,0,10,0.855,0.547,0.867,0.0,0.745,0.2,0
4144,32,0,5,0.915,0.568,0.51,0.0,0.302,0.229,0
4145,54,1,7,0.785,0.61,0.691,0.25,0.435,0.162,1
4146,49,1,5,0.885,0.735,0.899,0.75,0.137,0.047,0
4147,47,1,7,0.849,0.616,0.884,0.0,0.398,0.039,1
4148,57,1,8,0.882,0.637,0.508,0.0,0.148,0.026,0
4149,79,0,4,1.032,0.628,0.549,0.0,0.015,0.184,0
4150,63,0,12,1.065,0.589,0.805,0.0,0.291,0.459,1
4151,38,0,4,0.669,0.589,0.298,0.0,0.009,-0.147,0
4152,31,0,9,0.681,0.435,0.376,1.0,-0.179,-0.055,0
4153,38,0,9,1.011,0.603,0.745,0.0,0.511,0.464,1
4154,71,1,11,1.075,0.551,0.764,0.0,0.255,0.605,1
4155,63,0,5,0.893,0.628,0.901,0.25,0.509,0.148,1
4156,34,0,6,0.682,0.642,0.676,1.0,0.026,0.137,0
4157,54,1,4,0.764,0.749,0.742,0.0,0.296,0.074,0
4158,67,1,9,0.766,0.603,1.037,0.25,0.945,0.066,0
4159,74,1,9,0.738,0.586,0.859,0.0,0.331,0.002,0
4160,35,1,3,0.94,0.742,0.753,0.5,0.295,0.154,0
4161,44,0,6,1.127,0.581,0.687,0.0,0.305,0.42,1
4162,62,1,4,0.87,0.7,0.568,0.25,0.037,-0.055,0
4163,74,1,11,0.813,0.653,0.88,1.0,0.544,0.026,1
4164,30,1,8,0.698,0.631,0.615,0.0,0.407,-0.002,0
4165,79,0,9,0.982,0.638,1.174,0.25,1.089,0.144,0
4166,53,0,6,0.983,0.526,0.469,0.0,0.031,0.333,0
4167,37,0,12,1.196,0.663,0.732,0.0,-0.063,0.468,1
4168,76,1,11,0.905,0.456,0.958,0.5,0.458,0.116,0
4169,73,0,7,0.807,0.55,0.507,0.0,0.146,0.183,0
4170,39,0,8,0.768,0.56,0.694,0.0,0.26,0.182,0
4171,67,0,10,1.025,0.615,0.52,0.5,-0.212,0.497,0
4172,81,0,7,1.109,0.639,0.508,1.0,0.166,0.474,0
4173,51,1,10,1.074,0.583,1.003,0.0,0.457,0.307,1
4174,43,1,5,0.7,0.596,0.862,1.0,0.624,0.0,0
4175,57,0,4,0.749,0.554,0.544,0.75,-0.141,-0.034,0
4176,41,1,11,0.864,0.609,0.852,0.0,-0.027,-0.002,0
4177,68,1,8,0.911,0.492,1.025,0.0,0.491,0.091,1
4178,83,1,11,0.825,0.68,0.808,0.0,0.358,0.061,1
4179,39,0,9,0.831,0.62,0.606,0.0,0.065,-0.037,0
4180,55,0,3,0.824,0.66,0.471,0.75,0.143,0.205,0
4181,74,0,10,1.061,0.611,0.882,0.0,0.755,0.458,0
4182,36,1,12,0.988,0.445,0.768,0.25,0.242,0.288,1
4183,49,0,4,0.926,0.684,0.711,0.5,0.181,0.028,0
4184,83,1,3,0.819,0.653,0.563,0.0,0.102,-0.188,1
4185,31,1,10,0.7,0.52,0.683,0.0,0.156,0.006,1
4186,74,1,5,1.076,0.614,0.646,0.0,0.235,0.375,0
4187,66,1,4,0.74,0.489,0.504,1.0,-0.017,0.163,0
4188,83,1,10,0.895,0.682,0.806,1.0,0.259,0.077,0
4189,81,1,12,0.846,0.501,0.861,1.0,0.342,-0.093,0
4190,58,1,6,0.876,0.7,0.722,0.5,0.292,-0.076,0
4191,74,0,4,0.647,0.595,0.513,0.5,0.126,-0.04,0
4192,50,0,5,0.839,0.596,0.616,0.0,0.31,0.027,0
4193,44,0,8,0.889,0.633,0.573,0.0,0.408,0.06,0
4194,65,1,3,0.93,0.668,0.25,0.25,-0.252,0.379,0
4195,33,0,6,0.932,0.609,0.73,0.0,0.48,-0.028,0
4196,51,0,8,0.684,0.554,0.923,0.0,0.198,-0.215,0
4197,32,0,11,0.809,0.564,0.856,0.25,0.258,0.052,0
4198,53,0,4,0.781,0.609,0.631,0.5,0.33,0.017,0
4199,38,1,9,0.849,0.624,0.773,0.25,0.542,0.105,0
4200,77,0,7,0.877,0.534,0.988,0.0,0.582,0.093,0
4201,47,1,6,0.829,0.453,0.759,0.0,0.257,0.181,0
4202,49,1,11,0.721,0.445,0.609,0.75,-0.004,-0.156,0
4203,57,1,6,0.675,0.509,0.725,0.25,0.262,0.102,1
4204,76,0,6,0.976,0.627,0.704,1.0,0.337,0.242,1
4205,46,0,4,0.841,0.582,0.415,0.5,-0.027,0.034,0
4206,67,1,7,0.776,0.562,0.736,0.5,0.17,0.057,0
4207,57,1,10,0.861,0.515,0.939,0.0,0.764,0.025,1
4208,33,1,12,0.93,0.493,0.674,0.0,-0.119,0.212,0
4209,81,1,12,0.953,0.726,0.867,0.25,0.239,0.244,1
4210,68,0,12,0.882,0.507,0.76,0.0,0.174,0.058,0
4211,35,0,6,0.974,0.592,0.556,0.0,0.006,0.276,0
4212,34,1,11,0.817,0.525,0.903,1.0,0.342,0.175,0
4213,56,1,4,0.79,0.716,0.593,1.0,-0.066,0.142,0
4214,39,0,3,0.867,0.578,0.54,0.0,0.22,0.327,0
4215,66,1,4,0.993,0.625,0.116,0.0,-0.475,0.406,0
4216,66,1,7,1.099,0.535,0.666,0.25,0.187,0.303,0
4217,84,0,8,0.937,0.541,0.555,0.25,0.021,0.091,0
4218,53,1,4,0.996,0.566,0.566,0.25,-0.145,0.06,0
4219,73,1,3,0.803,0.495,0.528,0.0,-0.206,0.23,0
4220,52,0,8,0.949,0.504,0.845,0.0,0.213,0.232,0
4221,74,0,4,0.663,0.669,0.535,0.5,-0.086,0.031,0
4222,33,0,9,0.965,0.521,0.643,1.0,0.437,0.331,0
4223,40,1,6,0.7,0.565,0.427,0.0,-0.273,0.044,0
4224,79,0,6,0.675,0.662,0.686,0.25,0.408,-0.095,1
4225,32,0,8,0.933,0.666,0.874,1.0,0.303,-0.158,0
4226,34,1,4,1.027,0.553,0.523,0.0,0.098,0.373,0
4227,82,1,12,0.823,0.659,0.924,0.25,0.584,0.251,0
4228,42,0,8,1.009,0.543,0.832,0.0,0.282,0.025,0
4229,69,0,7,1.113,0.565,0.584,1.0,0.136,0.488,0
4230,58,0,4,0.741,0.544,0.404,0.75,0.183,0.149,0
4231,75,1,12,1.025,0.56,1.021,0.0,0.636,0.193,0
4232,34,0,3,0.768,0.671,0.378,0.0,0.332,-0.237,0
4233,39,0,5,0.89,0.525,0.681,0.5,0.127,0.086,0
4234,31,0,8,0.878,0.576,0.896,0.0,0.515,0.132,0
4235,49,1,8,0.884,0.657,0.795,0.5,0.331,0.002,0
4236,67,0,9,0.815,0.495,0.578,0.5,0.064,0.034,0
4237,35,1,7,0.851,0.538,0.793,0.25,0.373,-0.047,0
4238,74,1,3,0.645,0.651,0.446,0.75,-0.006,-0.139,0
4239,69,1,12,0.929,0.533,1.083,0.0,0.632,0.396,0
4240,56,0,3,0.902,0.642,0.543,0.0,0.038,0.046,0
4241,30,0,8,0.84,0.582,0.613,1.0,0.308,-0.013,0
4242,65,0,6,0.852,0.598,0.886,0.25,0.318,0.146,0
4243,82,0,11,0.933,0.695,0.894,0.25,0.485,0.237,1
4244,46,1,10,1.286,0.556,0.568,0.5,-0.11,0.76,0
4245,54,0,6,0.8,0.737,0.642,0.0,0.161,-0.095,0
4246,68,1,4,0.729,0.638,0.837,0.75,0.11,0.007,0
4247,51,1,5,0.69,0.556,0.549,0.75,-0.273,-0.186,0
4248,72,0,7,0.954,0.533,0.611,0.5,0.297,0.354,0
4249,34,0,7,0.905,0.636,0.816,0.5,0.413,0.293,0
4250,61,0,6,0.724,0.418,0.858,1.0,0.352,-0.142,0
4251,77,0,11,0.856,0.483,0.681,0.0,-0.048,0.128,1
4252,48,1,11,1.153,0.7,0.795,0.5,0.469,0.846,0
4253,36,0,10,0.901,0.541,0.7,1.0,0.34,0.07,1
4254,74,1,12,1.099,0.574,1.017,1.0,0.934,0.197,0
4255,83,0,3,0.736,0.61,0.546,0.5,-0.134,-0.2,0
4256,75,1,9,0.854,0.592,0.792,0.0,0.646,0.119,0
4257,49,0,8,0.714,0.646,0.7,0.0,0.293,-0.224,0
4258,39,0,7,0.606,0.474,0.458,0.0,0.099,-0.162,0
4259,46,0,3,1.044,0.523,0.78,0.0,0.415,0.18,0
4260,73,1,12,0.904,0.545,0.601,0.0,0.32,0.134,0
4261,45,0,3,0.847,0.676,0.768,0.75,0.056,0.086,1
4262,54,0,8,0.603,0.536,0.576,1.0,0.269,-0.163,0
4263,35,0,10,0.849,0.602,0.7,0.0,0.167,0.288,0
4264,68,1,12,0.907,0.483,0.982,0.0,1.046,0.164,0
4265,82,0,5,0.64,0.728,0.794,0.75,0.388,0.105,0
4266,30,0,7,0.7,0.626,0.746,0.5,0.255,-0.22,0
4267,38,1,3,0.709,0.682,0.487,0.75,0.02,-0.036,0
4268,78,0,8,0.95,0.621,0.578,1.0,-0.055,0.209,0
4269,62,0,11,0.745,0.674,0.691,0.0,0.161,0.047,1
4270,82,1,10,1.028,0.653,0.898,0.25,0.626,0.304,0
4271,68,0,10,1.049,0.523,0.975,0.5,0.717,0.413,0
4272,62,1,3,0.7,0.52,0.413,0.0,-0.032,-0.126,0
4273,84,1,7,0.968,0.681,0.695,0.0,-0.067,0.171,1
4274,56,1,12,0.988,0.577,0.842,1.0,0.142,0.235,1
4275,49,0,8,0.997,0.519,0.7,0.25,0.0,0.244,0
4276,42,0,11,0.964,0.502,1.238,0.0,1.01,0.293,1
4277,60,1,10,1.028,0.561,0.868,0.0,0.168,0.166,0
4278,56,0,3,0.954,0.766,0.46,0.0,0.106,0.128,0
4279,83,0,10,0.968,0.578,0.743,0.75,0.122,0.364,1
4280,47,0,4,0.712,0.547,0.394,0.25,-0.252,-0.048,0
4281,77,1,9,0.963,0.555,0.674,0.0,0.03,0.211,0
4282,41,0,11,0.907,0.466,0.752,0.0,0.102,0.016,1
4283,63,1,6,0.847,0.571,0.808,0.5,0.562,0.171,0
4284,42,1,3,0.784,0.634,0.695,0.0,0.125,-0.145,0
4285,82,1,6,0.688,0.521,0.916,0.0,0.389,-0.118,1
4286,77,0,8,0.93,0.579,0.231,0.25,-0.181,0.23,0
4287,31,1,10,1.057,0.511,0.7,0.25,0.222,0.272,0
4288,70,1,5,1.06,0.619,0.481,0.0,-0.136,0.356,0
4289,41,1,3,0.574,0.7,0.511,0.0,0.088,0.091,0
4290,72,1,10,0.791,0.408,1.057,0.0,0.454,0.112,0
4291,44,1,3,1.153,0.646,0.635,0.0,-0.021,0.256,0
4292,65,0,8,0.935,0.542,0.7,0.0,0.293,0.294,1
4293,55,0,8,0.753,0.357,0.634,0.25,0.285,0.01,0
4294,63,0,3,0.811,0.614,0.567,0.5,0.082,0.197,0
4295,49,0,3,0.863,0.676,0.585,0.0,-0.165,-0.022,0
4296,73,1,8,1.016,0.541,0.563,0.5,0.33,0.357,0
4297,59,0,5,0.726,0.636,0.093,0.0,-0.553,-0.052,0
4298,35,1,12,0.958,0.555,0.932,1.0,0.467,0.276,0
4299,77,0,12,1.148,0.485,1.016,0.5,0.434,0.486,1
4300,74,1,3,0.837,0.586,0.68,0.0,0.287,0.142,0
4301,72,1,4,0.851,0.672,0.637,0.0,-0.119,0.162,0
4302,56,0,7,0.863,0.626,0.324,0.0,0.012,0.004,0
4303,42,1,10,1.115,0.597,0.77,1.0,0.207,0.475,0
4304,58,1,8,0.87,0.7,0.946,0.75,0.614,0.058,0
4305,74,1,3,0.926,0.626,0.736,0.25,0.3,0.113,0
4306,63,0,4,0.761,0.716,0.439,0.75,-0.261,0.078,0
4307,52,1,3,0.774,0.679,0.531,0.75,0.265,0.133,0
4308,40,0,9,0.904,0.624,0.898,0.0,0.487,0.227,0
4309,54,1,9,0.922,0.543,0.826,1.0,0.602,0.001,1
4310,53,1,10,1.009,0.512,0.61,0.0,0.117,0.376,0
4311,65,1,10,0.744,0.528,0.687,0.0,0.266,-0.167,0
4312,65,0,12,1.046,0.649,1.09,0.5,0.76,0.258,0
4313,67,0,12,1.059,0.732,0.995,0.5,0.32,0.249,0
4314,77,1,12,1.074,0.7,0.849,1.0,0.25,0.365,0
4315,61,1,5,0.902,0.716,0.714,0.5,0.052,0.011,0
4316,49,0,9,0.907,0.789,0.929,0.5,0.315,0.151,1
4317,75,0,5,0.958,0.5,0.973,0.25,0.498,0.328,0
4318,57,0,5,0.739,0.618,0.539,0.0,0.3,0.039,0
4319,35,1,11,0.894,0.579,1.232,0.0,0.794,-0.025,1
4320,80,0,9,0.96,0.669,0.843,0.0,0.304,0.319,0
4321,72,0,3,0.756,0.516,0.7,0.5,0.293,-0.043,0
4322,35,1,10,1.199,0.577,0.7,0.0,0.246,0.352,0
4323,48,0,5,0.94,0.453,0.72,0.0,-0.008,0.431,0
4324,34,1,12,0.895,0.469,0.6,0.0,0.289,0.018,0
4325,43,0,12,1.07,0.433,0.69,0.0,0.131,0.373,1
4326,59,1,4,0.847,0.731,0.427,0.0,-0.312,0.243,0
4327,72,1,9,1.036,0.516,0.83,0.0,0.284,0.211,0
4328,31,1,10,1.093,0.419,0.735,0.0,0.309,0.312,1
4329,58,0,6,0.861,0.563,0.744,0.0,0.32,0.057,0
4330,50,1,7,0.981,0.581,1.034,0.5,0.507,0.27,0
4331,74,0,9,0.921,0.492,0.644,0.0,0.076,0.101,0
4332,61,1,9,0.879,0.551,0.765,0.25,0.34,0.137,0
4333,65,0,7,1.117,0.579,0.721,0.25,0.364,0.34,1
4334,49,0,5,0.847,0.581,0.671,0.75,0.159,0.145,0
4335,45,0,4,0.796,0.595,0.52,1.0,0.17,0.015,0
4336,71,0,8,0.996,0.672,0.923,0.0,0.455,0.249,0
4337,55,0,9,0.7,0.441,0.881,0.0,0.252,0.065,0
4338,47,1,4,0.916,0.631,0.531,0.25,0.01,0.297,0
4339,36,0,6,0.652,0.634,0.712,0.0,0.164,0.046,0
4340,65,1,4,0.838,0.559,0.561,0.0,0.128,0.112,0
4341,52,1,9,1.016,0.534,0.798,0.25,0.454,0.341,0
4342,76,1,12,1.011,0.445,0.888,1.0,0.532,0.327,0
4343,72,0,7,0.827,0.535,0.739,1.0,0.342,0.148,0
4344,72,0,12,0.968,0.61,0.925,0.5,0.898,0.292,0
4345,48,0,9,0.866,0.767,0.945,0.0,0.375,0.245,0
4346,58,1,8,1.115,0.422,1.018,0.5,0.236,0.363,0
4347,80,1,5,0.695,0.688,0.558,1.0,0.31,-0.205,1
4348,63,1,8,0.824,0.544,0.645,0.25,0.098,0.024,0
4349,50,0,7,0.744,0.536,0.538,0.5,-0.011,-0.251,0
4350,54,0,3,1.084,0.508,0.14,0.0,0.056,0.205,0
4351,60,1,11,1.061,0.507,0.7,0.25,0.098,0.514,0
4352,50,0,3,0.662,0.657,0.397,0.75,-0.159,-0.215,0
4353,53,1,11,1.025,0.446,0.968,0.0,0.703,0.174,0
4354,69,1,12,0.962,0.431,0.725,0.75,0.107,0.242,0
4355,59,1,6,0.897,0.482,0.533,0.5,-0.041,0.164,0
4356,41,0,6,0.994,0.677,1.027,0.5,0.625,0.157,0
4357,74,1,5,0.889,0.577,0.659,0.0,0.336,-0.008,0
4358,49,0,7,1.168,0.47,0.877,0.0,0.292,0.265,0
4359,81,1,9,0.944,0.6,0.759,0.0,-0.102,0.579,0
4360,82,1,6,1.105,0.591,0.77,0.0,0.285,0.428,0
4361,46,0,11,0.929,0.575,1.027,0.0,0.497,0.354,0
4362,55,1,11,1.132,0.811,0.728,1.0,0.448,0.267,1
4363,71,0,5,0.85,0.628,0.531,0.0,0.07,-0.122,0
4364,63,0,9,0.92,0.505,0.855,0.0,0.376,0.255,1
4365,31,0,4,0.84,0.7,0.452,0.25,-0.001,0.093,0
4366,37,1,5,1.023,0.7,0.695,0.0,0.364,0.125,0
4367,80,1,6,0.842,0.604,0.429,1.0,-0.07,-0.015,0
4368,73,1,3,0.719,0.7,0.486,0.0,-0.07,-0.039,0
4369,69,1,12,0.816,0.654,0.924,0.75,0.729,-0.017,1
4370,43,1,7,1.049,0.556,0.725,0.25,0.271,0.414,0
4371,39,1,5,1.032,0.621,0.622,0.0,-0.078,0.199,0
4372,61,0,3,0.639,0.538,0.244,0.75,-0.052,0.187,0
4373,76,0,10,0.854,0.641,0.697,0.25,0.445,0.309,0
4374,82,0,12,0.893,0.601,0.985,0.75,0.545,0.088,1
4375,64,0,8,0.998,0.603,0.869,0.5,0.511,-0.096,0
4376,30,1,5,0.619,0.553,0.796,0.0,0.102,-0.274,1
4377,60,1,5,0.812,0.504,0.388,0.0,-0.229,-0.059,0
4378,72,0,3,0.559,0.613,0.45,0.75,-0.287,-0.075,0
4379,43,0,12,1.325,0.525,0.798,0.0,0.27,0.611,0
4380,34,0,12,0.986,0.651,1.449,0.0,1.369,0.478,0
4381,82,1,11,0.673,0.567,0.784,0.0,0.224,-0.05,1
4382,62,0,7,0.882,0.493,0.684,0.5,0.175,0.17,1
4383,53,1,4,0.732,0.623,0.966,0.0,0.693,-0.006,0
4384,39,1,7,0.779,0.59,0.779,0.0,0.197,0.198,0
4385,68,1,8,0.732,0.574,0.708,0.75,-0.062,-0.02,0
4386,67,0,5,0.78,0.555,0.809,0.0,0.176,-0.005,1
4387,53,0,8,0.884,0.538,0.685,0.0,0.174,0.203,1
4388,54,0,4,0.695,0.58,0.736,0.0,0.292,0.225,0
4389,84,0,5,0.925,0.598,0.745,1.0,0.423,0.246,1
4390,61,0,10,0.865,0.528,0.73,0.0,0.012,0.293,1
4391,75,0,4,0.919,0.508,0.903,0.5,0.688,0.108,0
4392,58,1,3,0.83,0.533,0.447,1.0,-0.087,0.117,0
4393,44,0,5,0.932,0.434,0.305,1.0,-0.231,0.306,0
4394,40,0,3,0.893,0.565,0.569,0.0,0.122,0.022,0
4395,49,1,11,0.993,0.604,0.748,1.0,0.278,0.117,0
4396,39,0,7,0.518,0.663,0.805,0.0,0.0,-0.249,0
4397,43,1,9,0.953,0.567,0.748,0.5,0.423,0.276,0
4398,36,1,5,0.712,0.564,0.569,1.0,0.105,0.072,0
4399,34,0,6,0.695,0.622,1.096,0.0,0.535,-0.018,0
4400,65,0,11,0.691,0.624,0.809,0.0,0.517,0.154,0
4401,35,1,9,0.948,0.445,0.958,0.5,0.178,0.043,0
4402,63,1,8,0.8,0.615,0.654,0.0,0.414,0.188,0
4403,45,0,8,0.811,0.654,0.688,0.0,0.568,-0.103,0
4404,61,1,6,1.015,0.598,0.644,0.0,0.388,0.275,0
4405,50,0,9,0.902,0.506,1.078,0.0,0.378,0.247,0
4406,67,0,5,0.854,0.629,0.886,0.0,0.499,-0.087,1
4407,55,0,11,0.886,0.45,0.583,0.75,0.155,-0.034,0
4408,33,1,10,1.077,0.567,0.752,0.0,0.242,0.263,1
4409,74,0,10,0.931,0.624,1.085,0.0,0.746,0.062,0
4410,33,0,10,0.712,0.62,0.834,0.5,0.61,-0.195,0
4411,50,1,4,0.806,0.591,0.625,0.75,0.125,-0.121,0
4412,70,1,8,0.828,0.59,0.865,0.0,0.478,0.074,0
4413,76,0,8,0.945,0.552,0.575,0.0,0.414,0.175,0
4414,41,1,4,0.711,0.512,0.535,0.25,-0.057,-0.106,0
4415,78,0,3,0.7,0.657,0.678,0.25,0.156,0.078,0
4416,37,0,11,0.985,0.606,0.754,0.0,0.363,0.292,0
4417,36,1,7,0.85,0.7,0.718,0.25,0.209,0.145,0
4418,72,1,6,0.862,0.388,0.574,0.0,0.165,0.016,0
4419,63,0,10,0.797,0.487,0.649,0.25,0.185,0.115,0
4420,76,1,5,0.894,0.658,0.807,0.0,0.462,0.141,0
4421,56,1,8,0.812,0.664,0.798,0.0,-0.022,0.101,0
4422,57,0,3,1.034,0.559,0.42,0.0,-0.137,0.337,0
4423,46,0,3,0.842,0.631,0.294,0.0,-0.332,0.127,0
4424,70,1,11,0.87,0.56,0.974,0.0,0.387,-0.057,0
4425,60,1,3,0.628,0.711,0.392,0.0,-0.307,-0.035,0
4426,64,0,12,0.833,0.603,1.187,1.0,0.642,-0.042,0
4427,67,1,8,0.697,0.547,0.422,0.0,0.117,-0.001,0
4428,66,1,12,0.918,0.573,0.95,0.0,0.573,0.143,0
4429,64,0,10,0.944,0.561,0.902,0.5,0.202,-0.057,0
4430,44,0,7,0.971,0.562,0.831,0.5,0.225,0.334,0
4431,45,0,3,0.837,0.589,0.675,0.0,0.373,0.02,0
4432,53,0,6,0.854,0.595,0.719,0.0,0.279,0.111,1
4433,33,0,12,1.157,0.536,1.009,0.0,0.443,0.356,0
4434,52,0,7,0.647,0.507,0.798,0.25,0.319,0.082,0
4435,32,0,6,0.708,0.571,0.775,0.75,0.255,-0.066,0
4436,78,0,11,0.752,0.538,1.026,0.25,0.326,0.051,0
4437,83,1,9,0.981,0.528,1.115,0.0,0.645,0.19,0
4438,34,0,12,0.972,0.618,1.171,0.0,0.451,0.222,0
4439,45,0,8,0.883,0.498,1.061,0.0,0.628,0.091,0
4440,76,1,3,0.772,0.607,0.379,0.5,-0.032,0.072,0
4441,68,1,4,0.833,0.7,0.578,0.25,0.022,-0.021,0
4442,61,1,12,1.049,0.467,0.532,0.0,-0.055,0.207,0
4443,74,0,11,1.155,0.331,1.155,0.0,0.589,0.393,0
4444,31,0,9,1.0,0.662,0.701,0.75,-0.053,0.3,0
4445,48,0,3,0.71,0.578,0.246,1.0,-0.252,-0.147,0
4446,54,1,5,0.696,0.588,0.648,0.25,0.199,-0.028,0
4447,33,0,4,0.811,0.476,0.38,0.0,-0.138,-0.016,0
4448,52,1,3,0.767,0.735,0.813,0.0,0.547,-0.008,0
4449,61,1,9,0.638,0.623,0.587,0.25,0.161,-0.002,0
4450,78,1,3,0.885,0.768,0.573,0.0,0.031,0.229,0
4451,34,1,6,0.7,0.639,0.531,0.75,0.123,-0.185,0
4452,79,0,4,1.01,0.543,0.644,0.25,0.165,0.357,0
4453,44,1,8,0.793,0.579,0.566,0.75,-0.227,0.01,0
4454,59,1,3,0.565,0.63,0.49,0.25,-0.027,-0.228,0
4455,49,1,11,0.889,0.527,1.18,1.0,0.886,0.051,1
4456,55,0,11,0.929,0.628,1.017,0.25,0.47,0.069,1
4457,32,0,5,0.759,0.589,0.628,0.0,0.048,-0.276,0
4458,67,1,6,0.753,0.646,0.425,0.0,-0.172,0.203,0
4459,79,0,10,0.889,0.684,0.783,0.75,0.372,0.053,0
4460,62,1,8,1.052,0.534,0.906,0.0,0.429,0.533,0
4461,35,0,3,0.795,0.54,0.7,0.25,0.097,-0.102,0
4462,40,0,8,0.735,0.592,0.353,0.5,-0.032,-0.054,0
4463,70,1,11,1.003,0.675,1.378,0.0,0.816,0.335,1
4464,60,1,7,0.84,0.574,0.531,0.0,0.059,-0.04,0
4465,38,0,3,0.811,0.63,0.185,0.0,-0.166,0.025,0
4466,83,0,6,0.799,0.628,0.843,0.0,0.281,0.092,0
4467,70,0,12,1.071,0.568,0.95,0.5,0.138,0.319,0
4468,31,1,12,0.765,0.496,1.074,0.0,0.801,-0.085,0
4469,77,1,10,1.01,0.554,0.929,1.0,0.527,0.338,1
4470,59,1,4,0.849,0.692,0.655,0.0,0.32,0.176,0
4471,38,1,4,0.719,0.549,0.7,0.25,0.35,-0.147,0
4472,63,0,12,1.184,0.395,0.924,0.0,0.366,0.514,0
4473,77,0,9,1.017,0.639,1.03,0.0,0.692,0.364,0
4474,54,0,10,0.988,0.7,1.062,0.0,0.959,0.167,0
4475,31,0,11,1.0,0.522,1.025,0.75,0.616,0.34,0
4476,83,1,6,0.854,0.649,0.678,0.0,0.267,0.085,1
4477,53,1,9,0.7,0.497,0.892,0.0,0.44,-0.192,0
4478,64,1,11,0.908,0.447,0.856,0.5,0.156,0.405,0
4479,40,1,7,0.798,0.525,0.884,0.0,0.564,-0.195,0
4480,31,1,11,0.92,0.583,0.835,1.0,0.178,0.256,0
4481,41,1,11,0.942,0.712,0.628,0.5,0.346,0.242,0
4482,37,0,11,1.169,0.552,0.867,0.0,0.318,0.352,0
4483,30,0,11,1.097,0.607,0.7,0.0,-0.01,0.449,0
4484,31,0,8,0.853,0.56,0.951,0.5,0.583,0.144,0
4485,71,1,7,0.786,0.587,0.888,0.0,0.31,0.006,0
4486,77,1,9,1.011,0.704,0.816,1.0,0.364,0.235,0
4487,61,1,11,0.806,0.537,0.704,0.0,0.203,0.117,0
4488,35,0,10,1.033,0.584,1.099,0.0,0.808,0.304,0
4489,70,0,12,1.051,0.574,1.247,0.0,1.075,0.396,0
4490,58,1,5,1.0,0.674,0.73,0.5,0.022,0.263,0
4491,66,1,5,0.83,0.54,0.625,0.0,-0.038,0.079,0
4492,82,1,3,0.592,0.716,0.645,0.0,0.34,0.034,0
4493,74,0,12,0.7,0.543,1.164,0.0,0.938,-0.152,0
4494,78,1,11,0.946,0.461,1.14,0.25,0.742,0.174,1
4495,46,0,3,0.763,0.603,0.517,0.0,-0.086,-0.009,0
4496,40,1,8,0.995,0.571,0.736,0.5,0.198,0.334,0
4497,32,1,6,1.068,0.579,1.08,0.0,0.38,0.313,0
4498,64,1,5,1.027,0.407,0.661,0.0,0.163,0.202,1
4499,44,0,10,0.893,0.565,0.812,0.25,0.59,0.17,0
4500,64,0,4,0.839,0.677,0.555,0.5,0.103,-0.117,0
4501,31,0,4,0.7,0.62,0.582,0.0,-0.118,-0.015,0
4502,70,0,4,0.684,0.647,0.432,0.0,-0.339,-0.088,0
4503,63,0,10,0.768,0.611,0.552,0.5,0.236,0.163,0
4504,73,1,5,0.83,0.6,0.683,0.25,0.218,0.213,0
4505,41,0,12,1.173,0.602,1.094,0.0,0.372,0.311,0
4506,63,1,7,0.967,0.582,0.855,0.75,0.5,0.385,0
4507,55,0,7,0.796,0.511,0.716,0.0,0.103,0.107,1
4508,82,0,6,0.958,0.549,1.111,0.5,0.411,0.249,1
4509,50,0,12,0.872,0.508,0.526,0.5,-0.133,0.158,0
4510,68,0,12,1.102,0.505,0.981,0.0,0.121,0.25,1
4511,62,1,8,1.106,0.69,0.494,1.0,0.101,0.369,0
4512,45,0,7,0.89,0.46,0.777,0.25,0.077,0.157,0
4513,44,1,10,0.993,0.468,0.788,0.0,0.33,0.356,0
4514,77,1,11,1.041,0.554,0.948,1.0,0.312,0.357,0
4515,35,0,12,0.665,0.533,0.939,0.25,0.276,0.034,0
4516,47,1,6,0.948,0.614,0.533,0.5,0.203,0.096,0
4517,39,0,9,0.656,0.593,0.807,0.0,0.44,0.01,0
4518,74,0,11,0.869,0.597,0.679,0.0,0.252,0.205,0
4519,42,1,9,0.898,0.513,0.767,0.0,0.139,0.193,0
4520,45,1,11,0.979,0.593,0.961,0.75,0.253,0.373,1
4521,38,0,3,0.975,0.513,0.524,1.0,0.22,0.169,0
4522,57,1,12,1.068,0.589,0.874,0.0,0.272,0.487,0
4523,67,1,12,0.908,0.503,0.604,1.0,0.217,0.02,0
4524,75,0,5,0.915,0.549,0.65,0.0,0.322,0.125,0
4525,81,0,9,1.043,0.637,0.7,1.0,0.476,0.349,1
4526,48,1,8,0.7,0.489,0.78,1.0,0.256,-0.069,0
4527,76,0,11,0.987,0.581,0.588,0.0,0.284,0.491,0
4528,50,0,10,1.227,0.7,0.684,0.75,0.245,0.527,0
4529,48,0,10,0.992,0.606,0.97,0.25,0.449,0.134,0
4530,49,0,3,0.861,0.535,0.489,0.0,0.172,0.114,0
4531,50,0,12,0.989,0.639,1.01,0.0,0.598,0.15,1
4532,31,1,9,1.065,0.554,0.7,0.0,0.319,0.288,0
4533,39,1,10,0.917,0.613,1.009,0.25,0.535,-0.013,0
4534,45,0,4,0.725,0.626,0.323,0.5,-0.106,0.083,0
4535,32,1,12,1.095,0.443,0.797,0.0,0.173,0.428,0
4536,80,1,5,0.747,0.589,0.685,0.0,0.355,-0.062,0
4537,76,1,5,0.762,0.471,0.627,0.25,0.121,-0.139,0
4538,52,1,4,0.621,0.517,0.395,0.25,0.041,0.026,0
4539,73,0,3,0.839,0.596,0.438,0.75,-0.173,0.043,0
4540,79,1,9,0.886,0.63,0.986,0.5,0.704,-0.124,0
4541,41,0,4,0.834,0.622,0.787,0.0,0.153,0.091,0
4542,71,1,8,0.71,0.607,0.739,0.5,0.515,0.08,0
4543,75,0,8,0.88,0.648,0.41,0.0,-0.007,0.03,0
4544,70,0,4,0.839,0.7,0.496,0.0,0.085,0.093,0
4545,61,0,11,0.925,0.556,0.743,1.0,0.027,0.233,0
4546,76,0,8,0.898,0.578,0.994,0.0,0.259,0.176,1
4547,53,0,7,0.836,0.632,0.883,0.0,0.484,-0.006,0
4548,49,0,12,0.857,0.642,1.169,0.0,0.573,0.109,1
4549,44,0,10,0.848,0.549,0.974,0.5,0.29,0.201,0
4550,30,1,7,0.7,0.543,0.815,0.75,0.322,-0.076,0
4551,72,1,4,0.7,0.639,0.27,0.0,-0.266,-0.032,0
4552,32,1,9,0.831,0.494,0.949,0.25,0.182,0.131,0
4553,53,0,7,0.831,0.639,0.811,0.5,0.467,0.149,0
4554,35,0,6,0.971,0.617,0.785,0.75,0.54,0.053,0
4555,42,1,6,1.008,0.573,0.897,0.25,0.521,0.421,1
4556,40,0,8,0.743,0.515,0.768,1.0,-0.015,-0.04,0
4557,46,1,9,1.007,0.61,0.746,0.0,0.43,0.532,0
4558,73,0,4,0.688,0.546,0.429,0.25,-0.126,-0.099,0
4559,39,1,3,0.871,0.626,0.7,0.0,0.194,0.035,0
4560,66,0,11,0.817,0.532,0.907,0.0,0.586,0.226,0
4561,70,0,3,0.87,0.551,0.54,0.0,0.024,0.01,0
4562,54,1,5,0.7,0.624,0.488,0.5,-0.18,0.075,0
4563,57,1,8,1.022,0.479,0.745,0.0,0.435,0.429,1
4564,33,0,6,0.583,0.602,0.851,0.75,0.595,-0.291,0
4565,73,0,12,0.806,0.484,0.888,0.0,0.061,0.19,0
4566,52,0,5,0.794,0.607,0.713,0.0,0.276,0.005,0
4567,41,0,8,0.973,0.537,0.473,0.0,-0.274,0.423,0
4568,57,1,10,0.928,0.554,0.528,0.0,-0.072,0.436,1
4569,75,0,4,0.768,0.585,0.763,0.5,0.326,-0.059,0
4570,34,1,11,0.932,0.565,0.902,0.5,0.384,0.131,0
4571,68,0,4,0.891,0.52,0.549,0.0,-0.084,0.094,0
4572,45,0,7,0.86,0.518,0.644,0.25,0.083,0.133,0
4573,77,1,6,0.84,0.577,0.868,0.0,0.517,-0.019,0
4574,54,0,3,0.71,0.742,0.614,0.0,0.014,-0.132,0
4575,67,1,11,0.948,0.416,0.981,0.0,0.62,0.146,1
4576,84,0,5,0.892,0.69,0.582,0.5,0.182,0.132,0
4577,48,1,3,0.899,0.607,0.679,0.0,0.217,0.055,0
4578,72,0,7,0.723,0.506,0.7,0.5,0.241,-0.256,1
4579,44,1,9,0.956,0.559,0.705,1.0,0.148,0.161,0
4580,70,1,5,0.782,0.648,0.718,0.5,0.17,0.248,0
4581,46,1,10,0.87,0.667,0.561,0.0,-0.213,0.124,0
4582,39,1,12,0.87,0.37,1.277,0.5,0.729,0.03,0
4583,46,0,4,0.631,0.55,0.609,0.25,0.225,-0.053,0
4584,63,0,9,0.942,0.611,1.07,0.0,0.702,0.062,0
4585,51,1,10,0.921,0.584,0.48,0.5,-0.047,0.238,0
4586,58,0,9,0.768,0.533,0.551,0.0,0.065,0.182,0
4587,70,1,9,0.811,0.634,0.59,0.5,0.11,0.042,0
4588,50,0,9,1.029,0.7,0.935,1.0,0.428,0.235,0
4589,35,1,6,0.791,0.724,0.96,0.0,0.223,-0.132,0
4590,81,0,12,0.966,0.577,1.031,0.75,0.248,0.237,0
4591,47,0,12,0.91,0.499,0.908,0.75,0.133,0.175,1
4592,38,1,3,0.701,0.741,0.697,0.5,0.183,-0.139,0
4593,81,0,7,0.91,0.684,0.71,0.25,0.341,0.168,0
4594,34,1,9,0.74,0.431,0.512,0.25,0.218,0.083,0
4595,56,1,10,0.916,0.498,0.973,1.0,0.219,0.436,0
4596,58,0,3,0.975,0.612,0.587,0.0,-0.02,0.387,0
4597,72,0,3,1.01,0.615,0.794,0.0,0.213,0.29,1
4598,49,0,4,0.672,0.6,0.54,1.0,-0.164,-0.07,0
4599,40,1,4,0.777,0.54,0.769,0.0,-0.08,0.077,1
4600,53,0,10,0.915,0.552,1.072,0.0,0.607,0.213,0
4601,75,0,8,0.762,0.609,0.788,0.5,0.401,0.029,0
4602,77,0,7,0.876,0.664,0.571,0.25,0.35,-0.089,0
4603,62,1,5,0.841,0.624,0.611,0.0,0.133,0.039,0
4604,80,1,7,0.896,0.576,0.611,0.25,-0.002,0.196,1
4605,69,1,5,0.93,0.628,0.396,0.0,0.129,0.075,0
4606,81,0,10,0.992,0.539,1.069,0.0,0.34,0.212,0
4607,33,0,12,0.7,0.511,0.888,0.75,0.376,0.118,0
4608,48,1,9,0.707,0.545,0.803,0.0,0.257,0.187,1
4609,48,0,6,0.805,0.596,0.543,1.0,-0.061,0.197,0
4610,65,1,4,0.9,0.661,0.443,0.0,0.051,0.102,0
4611,38,0,9,1.126,0.623,0.542,0.0,0.147,0.505,0
4612,72,1,9,0.776,0.501,0.83,0.0,-0.053,0.06,1
4613,59,0,12,0.785,0.546,1.057,1.0,0.674,0.136,0
4614,68,1,11,1.031,0.609,1.284,0.0,0.641,0.308,0
4615,42,0,6,1.03,0.579,0.582,0.75,0.082,0.187,0
4616,37,1,11,0.913,0.51,0.594,0.5,0.435,0.119,0
4617,76,1,10,0.687,0.605,1.005,0.0,0.674,-0.189,0
4618,48,1,3,0.752,0.62,0.311,0.0,-0.471,-0.103,0
4619,78,0,6,0.851,0.587,0.764,0.75,0.362,0.046,0
4620,54,0,6,0.88,0.579,0.761,0.0,0.189,0.132,0
4621,66,1,10,1.029,0.541,0.804,0.5,0.565,0.177,0
4622,44,0,3,0.702,0.603,0.397,0.5,-0.024,-0.132,0
4623,44,1,5,0.666,0.663,0.448,0.0,-0.024,-0.167,0
4624,76,1,12,0.818,0.679,1.203,1.0,0.482,-0.029,1
4625,45,1,6,0.7,0.675,0.585,0.0,-0.044,-0.008,0
4626,39,1,9,0.921,0.595,0.568,0.5,-0.007,0.263,0
4627,51,1,7,0.916,0.543,0.767,0.0,0.308,0.286,0
4628,60,0,8,0.982,0.458,0.38,0.5,-0.063,0.092,0
4629,34,1,4,0.804,0.446,0.828,0.75,0.384,0.209,0
4630,35,1,10,0.972,0.529,1.205,0.0,0.966,0.269,1
4631,58,0,4,0.482,0.619,0.583,1.0,0.073,-0.047,0
4632,78,0,9,0.886,0.499,0.833,0.0,0.587,0.113,1
4633,64,0,5,0.85,0.656,0.863,0.5,0.39,0.15,1
4634,46,1,5,1.014,0.511,0.606,0.5,0.148,0.219,0
4635,45,1,12,1.009,0.436,0.909,0.25,0.507,0.274,0
4636,38,0,11,0.858,0.539,0.852,0.25,0.66,0.129,0
4637,74,1,8,0.873,0.646,0.6,0.0,0.036,0.062,0
4638,69,0,7,0.751,0.662,0.81,0.5,0.292,-0.155,0
4639,65,1,6,0.826,0.619,0.563,1.0,0.152,-0.06,0
4640,78,1,8,0.717,0.554,0.894,0.25,0.387,-0.001,0
4641,74,0,8,0.912,0.657,0.6,0.75,0.03,0.234,0
4642,36,1,6,0.865,0.508,0.736,1.0,0.305,0.282,0
4643,48,1,7,1.071,0.512,0.759,0.0,0.368,0.42,0
4644,69,1,9,0.931,0.435,0.918,1.0,0.597,0.147,1
4645,83,0,4,0.735,0.679,0.449,0.0,-0.14,0.079,0
4646,62,1,3,0.744,0.561,0.29,1.0,-0.153,-0.205,0
4647,67,0,4,1.03,0.7,0.696,0.0,0.042,0.307,0
4648,82,0,10,1.015,0.588,0.836,0.5,0.226,0.291,0
4649,44,0,6,0.768,0.7,0.783,0.0,0.305,0.06,0
4650,59,0,8,0.864,0.701,0.773,0.0,0.192,0.008,0
4651,64,1,5,1.039,0.753,0.851,0.0,0.062,0.284,1
4652,34,1,3,0.7,0.644,0.789,0.5,0.396,0.045,0
4653,30,0,8,0.714,0.524,0.779,0.0,0.707,-0.007,0
4654,37,0,4,0.943,0.63,0.75,0.0,0.284,0.419,0
4655,64,0,12,1.075,0.586,0.889,0.5,0.549,0.135,1
4656,64,0,4,0.584,0.808,0.704,0.0,0.428,-0.006,0
4657,46,0,9,0.655,0.626,0.514,0.0,0.009,-0.078,0
4658,74,1,10,0.894,0.527,0.707,0.75,0.324,0.095,1
4659,82,1,11,0.823,0.5,0.872,0.0,0.458,0.369,0
4660,58,0,12,0.77,0.357,0.841,0.0,0.573,0.055,0
4661,64,1,9,0.957,0.59,0.627,0.5,0.331,0.227,0
4662,66,1,12,0.7,0.63,0.807,0.0,0.325,-0.123,0
4663,63,1,12,1.11,0.612,1.061,0.0,0.464,0.361,1
4664,80,1,11,0.894,0.556,0.68,0.0,0.164,0.242,0
4665,72,0,9,0.827,0.453,0.49,0.25,0.093,-0.201,0
4666,79,0,4,0.73,0.55,0.799,0.0,0.407,-0.181,0
4667,56,0,12,1.104,0.624,1.063,0.75,0.975,0.258,0
4668,36,0,8,0.958,0.684,0.619,0.0,0.107,0.028,0
4669,61,0,6,0.837,0.629,0.606,0.5,0.523,0.231,0
4670,39,0,3,0.697,0.619,0.566,1.0,0.462,-0.05,0
4671,63,0,5,0.851,0.657,0.538,0.5,0.44,0.215,0
4672,47,0,9,0.916,0.7,1.046,0.5,0.467,0.357,0
4673,60,0,5,0.82,0.424,0.519,0.0,0.094,0.169,0
4674,68,1,12,0.655,0.681,1.227,0.0,0.649,0.015,0
4675,37,1,3,0.882,0.574,0.737,1.0,-0.076,0.147,0
4676,67,0,7,0.768,0.48,0.512,0.75,0.169,-0.04,0
4677,42,1,12,1.255,0.601,1.069,0.25,0.648,0.555,0
4678,38,0,6,0.785,0.581,0.696,0.25,0.059,-0.105,0
4679,68,0,12,1.09,0.615,0.708,0.25,0.395,0.162,0
4680,56,0,12,0.795,0.621,1.152,0.5,0.406,0.189,1
4681,51,0,4,0.828,0.546,0.832,0.25,0.291,0.128,0
4682,76,1,4,0.961,0.589,0.659,0.0,0.354,0.254,1
4683,49,1,3,0.872,0.588,0.15,0.5,-0.4,-0.18,0
4684,33,0,10,1.118,0.586,0.84,0.5,0.247,0.268,1
4685,78,1,12,1.183,0.569,0.852,0.25,0.366,0.495,0
4686,45,1,7,0.77,0.606,0.7,0.0,0.201,0.06,0
4687,43,1,10,1.022,0.531,0.907,0.5,0.561,0.272,0
4688,39,1,4,0.796,0.518,0.208,0.0,-0.062,0.024,0
4689,56,1,7,1.052,0.513,0.663,0.25,0.15,0.103,0
4690,66,0,11,1.088,0.538,1.2,0.0,0.828,0.433,0
4691,57,1,7,1.045,0.634,0.486,0.0,-0.116,0.181,0
4692,30,1,9,0.904,0.579,1.043,0.5,0.764,0.267,0
4693,71,0,3,0.794,0.756,0.966,0.25,0.407,0.208,0
4694,75,1,3,0.7,0.603,0.644,0.5,0.085,-0.049,0
4695,84,1,4,0.764,0.588,0.772,0.0,0.112,-0.31,1
4696,78,0,9,0.851,0.506,0.792,1.0,0.125,0.314,0
4697,38,0,12,0.89,0.581,1.07,0.0,0.9,0.323,0
4698,42,1,5,0.819,0.588,0.491,0.25,-0.209,0.083,0
4699,62,1,11,0.868,0.531,0.71,0.0,0.199,0.024,0
4700,50,1,7,0.7,0.693,0.434,0.75,-0.319,-0.132,0
4701,55,1,3,0.698,0.59,0.584,0.5,0.273,-0.002,0
4702,51,0,10,1.01,0.54,0.7,0.25,0.331,0.31,0
4703,62,0,3,0.851,0.585,0.358,0.0,0.124,-0.017,0
4704,76,1,7,0.719,0.611,0.7,0.0,-0.185,-0.015,0
4705,61,0,12,0.787,0.529,1.032,0.0,0.269,0.119,0
4706,76,1,12,0.96,0.407,1.069,0.0,0.369,0.338,0
4707,51,1,6,0.815,0.634,0.938,1.0,0.232,0.109,0
4708,74,1,7,0.959,0.608,0.756,1.0,0.636,0.317,0
4709,72,1,10,0.948,0.511,0.983,0.0,0.426,0.189,0
4710,45,0,9,0.999,0.435,0.762,0.0,0.186,0.325,0
4711,46,1,3,0.888,0.624,0.232,0.25,-0.316,0.252,0
4712,58,0,11,0.802,0.386,0.735,0.0,0.193,0.098,0
4713,54,1,3,0.767,0.583,0.281,0.5,-0.175,-0.271,0
4714,53,0,5,0.954,0.739,0.649,0.75,-0.032,0.347,0
4715,47,1,6,0.833,0.627,0.696,0.0,0.273,0.21,0
4716,56,1,9,1.074,0.492,0.711,0.0,0.115,0.442,0
4717,42,1,5,0.848,0.661,0.542,0.25,-0.113,0.156,0
4718,64,0,11,0.843,0.607,0.757,0.0,0.561,0.072,0
4719,66,1,4,0.84,0.527,0.34,0.5,0.113,0.095,0
4720,70,1,8,0.8,0.614,1.028,0.0,0.328,-0.021,1
4721,73,1,9,0.798,0.552,0.752,0.5,0.072,-0.002,0
4722,48,1,11,1.046,0.406,0.984,1.0,0.628,0.299,0
4723,73,1,12,1.031,0.573,0.956,1.0,0.403,0.345,0
4724,63,1,3,0.793,0.725,0.583,1.0,0.055,-0.059,0
4725,37,0,7,1.004,0.546,0.73,0.0,0.437,0.331,0
4726,48,1,3,0.831,0.696,0.578,0.0,-0.14,0.066,0
4727,70,0,12,1.136,0.473,1.004,0.0,0.307,0.268,0
4728,32,0,7,0.928,0.702,0.568,0.25,0.113,0.286,0
4729,36,1,8,0.8,0.592,0.785,0.5,0.321,0.181,0
4730,34,1,7,1.012,0.403,0.914,1.0,0.495,0.22,0
4731,33,0,8,1.003,0.675,0.661,0.0,-0.079,0.098,0
4732,77,0,10,0.764,0.564,0.815,0.0,0.265,-0.031,0
4733,84,1,9,0.921,0.446,0.75,0.0,0.491,0.221,0
4734,39,0,8,0.734,0.566,0.781,0.25,0.137,0.008,0
4735,83,0,4,0.956,0.64,0.633,0.0,0.187,0.073,0
4736,33,1,5,1.014,0.7,0.273,0.0,-0.427,0.277,0
4737,44,0,10,0.985,0.522,0.676,0.25,0.181,0.403,0
4738,73,0,5,0.819,0.642,0.726,1.0,0.383,0.048,1
4739,75,0,11,0.769,0.381,0.681,0.0,0.364,0.056,0
4740,60,1,9,1.0,0.416,0.768,0.25,0.524,0.323,0
4741,55,0,4,0.85,0.467,0.834,0.0,0.134,0.029,0
4742,54,0,5,0.7,0.715,0.738,0.0,0.386,0.024,0
4743,35,0,8,0.946,0.588,0.396,0.0,-0.22,0.273,0
4744,56,1,9,0.871,0.576,0.897,0.0,0.503,0.13,0
4745,64,0,7,0.783,0.618,0.689,1.0,0.544,0.05,0
4746,46,0,4,0.791,0.649,0.83,0.5,0.474,0.147,0
4747,59,1,10,1.041,0.637,0.899,0.0,0.685,0.294,1
4748,71,0,12,1.207,0.574,0.699,0.0,0.215,0.538,0
4749,62,0,5,0.721,0.662,0.719,0.0,0.104,-0.2,0
4750,50,1,6,0.562,0.682,0.552,0.5,-0.184,-0.275,0
4751,31,1,8,0.915,0.57,0.7,0.0,0.353,0.136,0
4752,65,0,4,0.803,0.543,0.261,0.0,-0.186,-0.086,0
4753,38,1,4,0.853,0.702,0.634,1.0,0.13,0.41,0
4754,53,1,7,0.826,0.647,0.54,0.0,-0.143,-0.041,0
4755,44,0,4,1.067,0.558,0.717,0.25,0.194,0.247,0
4756,59,1,11,0.892,0.557,0.812,0.0,0.247,0.093,0
4757,70,0,12,0.892,0.593,1.032,0.25,0.45,0.231,0
4758,69,0,10,0.849,0.7,0.941,1.0,0.284,0.275,0
4759,54,0,11,0.832,0.542,0.879,0.5,0.34,0.013,1
4760,80,1,7,0.691,0.555,0.395,0.5,0.056,-0.111,0
4761,70,1,4,0.8,0.495,0.343,0.0,-0.357,-0.085,0
4762,52,0,6,1.097,0.392,0.281,1.0,-0.104,0.548,0
4763,65,1,9,0.823,0.636,0.827,0.75,0.529,-0.017,0
4764,42,1,8,0.901,0.462,0.655,0.0,0.198,-0.026,0
4765,59,0,6,0.822,0.605,0.851,1.0,0.228,0.1,0
4766,30,0,11,1.249,0.545,0.7,0.75,0.393,0.613,0
4767,68,0,3,0.936,0.648,0.482,1.0,0.211,0.236,0
4768,78,1,10,0.603,0.624,0.97,0.0,0.291,-0.168,1
4769,44,1,8,0.83,0.564,0.529,0.25,-0.167,0.165,0
4770,55,1,7,0.862,0.606,0.601,0.0,0.19,0.258,0
4771,77,0,7,1.075,0.626,0.591,0.0,-0.214,0.233,0
4772,66,1,3,0.92,0.573,0.76,0.75,0.582,0.375,1
4773,37,1,8,1.083,0.404,0.87,0.0,0.567,0.314,0
4774,63,0,10,0.941,0.653,0.905,0.0,0.205,0.078,0
4775,43,0,5,0.819,0.455,0.497,0.25,-0.344,0.203,0
4776,44,0,10,0.7,0.48,1.027,0.0,0.517,-0.055,0
4777,36,0,7,0.674,0.452,0.678,1.0,-0.037,0.148,1
4778,41,0,10,0.926,0.529,0.7,0.0,0.288,-0.041,0
4779,76,1,7,1.039,0.452,0.597,0.0,-0.07,0.202,1
4780,60,0,10,0.781,0.7,0.773,0.0,0.362,0.007,0
4781,46,1,11,0.921,0.519,0.842,0.0,0.356,0.112,0
4782,67,0,6,0.855,0.618,0.629,0.0,0.293,0.002,0
4783,31,1,6,0.944,0.698,0.555,0.0,-0.295,0.261,0
4784,46,1,11,1.1,0.57,1.046,0.0,0.237,0.219,0
4785,80,1,5,0.748,0.613,0.471,0.75,0.041,-0.256,0
4786,38,1,6,0.828,0.537,0.681,0.5,0.245,0.106,1
4787,42,1,4,0.726,0.705,0.522,0.0,-0.046,-0.043,0
4788,57,0,11,0.965,0.415,0.736,1.0,0.087,0.224,1
4789,57,1,9,0.953,0.491,0.89,0.0,0.508,0.183,1
4790,35,1,10,0.855,0.585,0.539,1.0,0.105,0.024,0
4791,67,1,7,0.759,0.624,0.583,0.0,0.242,0.059,0
4792,67,0,10,0.864,0.519,0.965,0.25,0.588,0.059,1
4793,47,1,3,0.838,0.613,0.433,0.75,0.004,-0.029,0
4794,33,1,8,0.758,0.503,0.691,0.5,0.246,-0.106,0
4795,62,1,10,0.97,0.459,0.852,0.0,0.382,0.262,1
4796,45,1,5,0.875,0.617,0.524,0.0,0.137,0.039,0
4797,37,1,12,0.7,0.486,0.535,0.75,0.013,0.057,0
4798,61,0,10,1.001,0.493,0.691,0.0,0.37,0.42,0
4799,66,0,12,1.046,0.563,0.643,0.5,0.263,0.415,0
4800,53,1,3,0.813,0.575,0.366,1.0,-0.298,-0.054,0
4801,59,0,9,0.892,0.459,0.672,0.25,0.2,0.165,0
4802,68,0,11,1.079,0.526,0.848,0.0,0.244,0.261,1
4803,53,0,11,0.884,0.574,1.072,0.0,0.539,0.122,0
4804,43,1,12,0.745,0.655,0.893,0.0,0.359,-0.164,0
4805,62,0,11,0.966,0.574,0.919,0.0,0.658,0.24,0
4806,45,0,7,0.845,0.64,0.78,0.0,0.27,-0.017,0
4807,78,0,10,0.794,0.62,1.044,0.0,0.644,0.18,0
4808,50,1,4,0.605,0.547,0.599,0.5,0.272,-0.135,0
4809,66,1,5,0.91,0.464,0.802,0.5,0.345,0.244,0
4810,36,1,8,0.892,0.59,0.617,0.0,0.182,0.088,0
4811,47,1,11,0.842,0.538,0.7,0.0,0.382,0.142,0
4812,55,1,11,0.808,0.57,1.006,0.0,0.345,0.049,1
4813,43,0,3,1.007,0.564,0.674,0.25,0.248,0.354,0
4814,57,0,3,0.789,0.5,0.706,0.25,0.521,-0.008,0
4815,66,0,4,0.791,0.583,0.72,0.0,0.269,0.106,1
4816,60,0,3,1.081,0.7,0.451,0.0,0.026,0.515,0
4817,30,1,3,0.771,0.581,0.587,1.0,0.225,0.037,0
4818,76,1,11,1.056,0.555,0.831,0.5,0.458,0.401,0
4819,70,0,4,0.973,0.689,0.642,0.75,0.309,0.173,0
4820,61,0,11,0.807,0.545,1.18,0.25,0.463,-0.008,1
4821,67,1,12,0.914,0.46,0.835,0.0,0.209,0.178,0
4822,31,0,10,0.71,0.402,1.139,0.0,1.099,-0.225,0
4823,73,1,5,0.929,0.569,0.347,0.0,-0.069,0.242,0
4824,45,1,4,0.74,0.568,0.622,0.0,-0.144,0.031,0
4825,84,1,8,0.811,0.564,0.7,0.0,0.271,-0.054,1
4826,53,1,9,0.865,0.655,0.734,0.0,0.419,0.118,0
4827,82,0,9,0.939,0.589,0.709,0.0,0.266,0.422,0
4828,78,0,3,0.783,0.38,0.747,0.25,0.418,-0.01,1
4829,31,1,6,0.936,0.51,0.7,0.75,0.1,-0.093,0
4830,84,1,8,0.724,0.7,0.883,1.0,0.106,0.092,0
4831,77,0,7,0.956,0.562,0.689,0.0,0.26,0.132,0
4832,80,1,7,0.758,0.668,0.374,0.0,0.174,-0.056,0
4833,41,1,3,0.903,0.551,0.471,0.25,-0.201,-0.012,0
4834,48,0,7,0.719,0.642,0.515,0.75,0.191,-0.08,0
4835,41,1,8,0.946,0.513,0.69,0.0,0.292,0.149,0
4836,74,0,4,0.779,0.619,0.578,0.0,0.595,-0.18,0
4837,54,0,7,0.7,0.456,0.88,0.0,0.557,-0.142,0
4838,33,0,6,0.719,0.706,0.531,0.5,-0.243,-0.22,0
4839,47,0,8,0.653,0.655,0.703,1.0,0.236,-0.269,0
4840,76,0,8,0.843,0.663,0.53,1.0,0.114,0.008,0
4841,61,0,4,0.83,0.58,0.668,0.0,0.07,0.247,1
4842,72,1,4,0.768,0.503,0.819,1.0,0.331,0.175,0
4843,33,1,6,0.743,0.54,0.414,0.5,0.044,0.238,0
4844,76,1,10,0.846,0.742,1.083,0.0,0.405,0.298,0
4845,40,1,4,0.541,0.47,0.867,1.0,0.007,-0.257,0
4846,74,0,7,0.866,0.595,0.652,0.0,0.237,0.004,1
4847,35,1,5,0.775,0.54,0.346,0.25,-0.278,0.075,0
4848,38,1,6,0.757,0.609,0.502,0.5,0.235,-0.063,0
4849,55,0,5,0.957,0.499,0.557,0.0,0.173,0.005,0
4850,40,1,10,1.007,0.553,0.953,0.75,0.337,0.182,1
4851,46,0,10,0.925,0.483,0.806,0.0,0.082,0.193,0
4852,56,0,5,0.787,0.619,0.539,0.0,0.059,0.057,0
4853,30,1,12,0.7,0.566,0.793,0.25,0.822,-0.054,0
4854,55,0,12,0.77,0.561,0.756,1.0,0.359,-0.027,0
4855,70,0,6,0.839,0.579,0.961,0.0,0.429,0.139,0
4856,70,0,4,0.593,0.619,0.447,0.75,-0.318,-0.16,0
4857,51,0,5,0.811,0.593,0.734,0.25,0.34,0.157,0
4858,36,1,7,0.792,0.664,1.035,0.0,0.81,-0.102,0
4859,76,1,10,0.862,0.645,0.784,0.5,0.365,0.175,0
4860,33,1,3,0.724,0.623,0.664,0.0,0.298,-0.119,0
4861,33,0,6,1.12,0.534,0.75,0.0,0.417,0.509,1
4862,75,1,12,0.9,0.66,1.113,0.0,0.749,0.134,0
4863,82,1,9,0.629,0.593,0.713,0.0,0.266,0.011,0
4864,61,1,3,1.007,0.592,0.666,0.0,0.203,0.295,0
4865,58,0,11,1.041,0.575,0.82,0.5,0.195,0.044,0
4866,40,1,8,0.998,0.577,0.545,0.25,-0.011,0.313,0
4867,56,1,10,1.074,0.486,0.768,0.0,-0.038,0.284,0
4868,30,1,6,0.611,0.489,0.584,1.0,0.16,0.009,0
4869,80,0,9,0.738,0.7,0.658,0.0,0.175,-0.087,0
4870,32,1,11,0.932,0.432,0.768,0.0,0.158,0.143,0
4871,30,0,10,0.943,0.641,0.326,0.5,-0.125,0.179,0
4872,40,1,4,0.596,0.615,0.575,0.75,0.21,-0.128,0
4873,50,1,7,0.894,0.603,0.7,0.0,0.645,0.234,0
4874,75,1,10,0.803,0.681,0.855,0.0,0.041,-0.072,0
4875,65,0,9,0.89,0.512,0.629,0.0,0.375,0.287,0
4876,69,1,4,0.661,0.7,0.521,0.0,0.192,-0.222,0
4877,74,1,3,0.723,0.743,0.529,0.75,0.098,-0.083,0
4878,30,1,8,0.885,0.498,0.919,0.0,0.675,0.25,0
4879,33,1,9,0.862,0.655,0.813,0.5,0.148,0.194,0
4880,73,1,6,0.834,0.7,0.713,0.0,0.267,-0.267,1
4881,61,0,12,1.158,0.513,1.068,0.0,0.534,0.637,0
4882,60,1,6,0.851,0.482,0.586,0.0,-0.185,0.064,0
4883,42,0,7,1.017,0.547,0.562,0.5,-0.266,0.217,0
4884,67,0,9,0.831,0.63,0.979,0.0,0.48,-0.048,1
4885,79,0,5,0.964,0.68,0.507,0.25,-0.186,0.371,0
4886,46,0,12,1.053,0.679,0.706,0.0,0.33,0.307,0
4887,59,0,5,0.828,0.698,0.622,0.0,0.424,-0.02,0
4888,82,0,8,1.029,0.571,0.633,0.0,0.194,0.085,0
4889,75,1,11,0.74,0.494,1.227,0.0,0.907,0.04,1
4890,64,1,11,1.016,0.488,0.756,0.25,0.333,0.176,0
4891,79,1,12,0.969,0.546,0.999,0.25,0.398,0.26,1
4892,52,0,4,0.805,0.525,0.394,0.0,0.064,-0.054,0
4893,47,0,6,0.704,0.504,0.801,0.75,0.384,0.159,0
4894,42,0,5,0.948,0.644,0.539,0.25,0.394,0.216,0
4895,65,1,8,0.962,0.522,0.647,0.0,0.076,0.412,0
4896,73,1,8,0.969,0.513,0.819,1.0,0.247,0.205,1
4897,68,1,3,0.75,0.608,0.532,0.0,-0.157,0.05,0
4898,33,0,4,0.841,0.571,0.683,0.0,0.238,0.31,0
4899,77,0,8,0.916,0.476,0.736,0.5,0.386,0.096,1
4900,47,1,9,0.912,0.545,0.788,0.5,0.179,0.109,0
4901,79,1,4,0.692,0.617,0.792,0.0,0.594,-0.1,0
4902,47,0,10,0.915,0.568,0.929,0.25,0.395,0.202,0
4903,67,0,10,1.002,0.645,0.865,0.0,0.439,0.103,0
4904,84,0,9,0.727,0.57,0.609,0.0,0.068,-0.187,0
4905,40,0,9,0.999,0.554,0.69,0.0,0.447,0.128,0
4906,47,0,11,0.895,0.579,0.956,0.75,0.272,0.112,1
4907,77,0,4,0.728,0.548,0.656,0.5,-0.047,0.163,0
4908,62,1,8,0.961,0.516,0.713,0.75,0.164,0.158,0
4909,70,0,9,0.753,0.671,0.841,0.75,0.385,0.094,0
4910,72,1,5,0.965,0.554,0.572,0.5,0.271,0.327,0
4911,62,1,11,1.004,0.566,1.048,0.0,0.597,0.393,0
4912,78,0,11,1.11,0.571,1.078,1.0,0.545,0.277,0
4913,34,0,4,0.822,0.499,0.426,0.0,-0.181,0.005,0
4914,62,0,9,0.985,0.576,0.721,0.0,0.415,0.016,1
4915,79,0,3,0.751,0.667,0.459,0.0,-0.05,0.041,0
4916,30,0,8,0.895,0.569,0.472,0.75,-0.29,-0.065,0
4917,69,1,5,0.697,0.684,0.911,0.5,0.115,0.068,0
4918,51,0,5,0.883,0.502,0.575,0.0,0.021,0.069,0
4919,36,1,7,0.8,0.408,0.648,0.25,0.207,0.144,0
4920,57,1,4,0.932,0.579,0.586,0.0,-0.215,0.397,0
4921,59,1,11,0.988,0.555,0.979,0.0,0.561,0.2,1
4922,54,0,10,1.032,0.636,0.913,0.25,0.3,0.317,0
4923,78,1,7,0.982,0.548,0.629,0.5,0.212,0.101,0
4924,48,0,10,0.835,0.558,0.895,0.5,0.327,0.135,0
4925,82,0,11,0.985,0.537,0.91,0.5,0.644,0.264,0
4926,82,0,12,1.093,0.624,1.065,0.0,0.516,0.442,0
4927,53,1,8,0.911,0.636,0.953,0.0,0.408,0.258,0
4928,31,1,10,0.687,0.615,0.952,0.0,0.62,0.016,0
4929,84,0,7,0.917,0.503,0.797,0.0,0.56,0.075,1
4930,30,0,11,0.883,0.553,0.754,0.0,0.065,0.226,0
4931,83,1,11,1.087,0.58,0.987,0.0,0.554,0.637,0
4932,67,0,11,1.047,0.586,0.981,0.0,0.409,0.238,1
4933,82,0,4,0.786,0.575,0.657,0.0,0.483,0.161,0
4934,52,1,12,0.939,0.607,0.809,0.5,0.162,0.274,0
4935,36,0,7,0.888,0.634,0.711,0.5,0.302,0.13,0
4936,53,1,11,0.87,0.663,0.613,0.0,0.182,0.053,0
4937,39,1,11,0.746,0.492,0.757,0.25,0.817,0.046,0
4938,75,1,6,0.785,0.672,0.419,1.0,-0.177,0.1,1
4939,72,0,7,0.706,0.533,0.668,0.0,0.148,0.139,0
4940,56,0,5,0.831,0.492,0.499,0.0,0.076,0.141,0
4941,69,1,4,0.991,0.693,0.846,0.75,0.404,0.244,0
4942,39,1,7,0.963,0.463,0.408,0.25,-0.08,0.23,0
4943,38,1,11,1.058,0.502,0.978,0.25,0.53,0.282,0
4944,52,0,3,0.873,0.736,0.333,0.0,0.069,0.173,0
4945,76,0,7,0.956,0.577,0.565,0.0,0.015,0.117,0
4946,66,0,3,0.782,0.7,0.33,0.5,-0.128,0.082,0
4947,52,0,10,0.915,0.601,0.916,0.0,0.551,0.038,0
4948,61,1,11,1.036,0.407,0.715,0.75,0.058,0.356,0
4949,57,1,7,0.866,0.647,0.611,0.25,-0.01,0.135,0
4950,57,0,12,1.088,0.55,1.012,0.0,0.37,0.442,1
4951,33,1,9,0.991,0.666,0.745,0.0,0.154,0.291,0
4952,72,1,9,0.99,0.559,1.009,0.75,0.403,0.29,0
4953,36,1,8,1.038,0.499,0.747,0.0,0.34,0.316,0
4954,81,0,5,0.782,0.592,0.907,0.0,0.363,0.131,1
4955,30,1,10,0.922,0.576,0.834,0.25,0.32,0.233,0
4956,76,1,5,0.702,0.592,0.766,1.0,0.236,0.155,1
4957,79,0,5,0.976,0.612,0.81,0.0,0.085,0.085,0
4958,49,1,7,0.758,0.502,0.597,0.0,-0.004,0.008,0
4959,51,1,10,0.848,0.463,1.112,0.5,0.703,0.128,0
4960,81,1,6,1.054,0.467,0.698,1.0,0.389,0.397,0
4961,41,0,6,0.974,0.618,0.352,0.0,-0.082,0.101,0
4962,71,1,5,0.742,0.595,0.474,0.0,0.007,0.16,0
4963,49,1,6,0.784,0.696,0.594,0.5,0.076,-0.133,0
4964,51,1,4,0.654,0.674,0.592,0.0,0.193,-0.017,0
4965,59,1,7,0.795,0.571,1.046,0.0,0.555,0.036,0
4966,47,0,7,0.666,0.5,0.748,0.5,0.578,-0.044,0
4967,52,0,12,0.723,0.524,0.989,0.5,0.373,-0.128,0
4968,36,0,8,1.038,0.613,0.772,0.0,-0.026,0.525,0
4969,30,1,8,0.711,0.637,0.774,0.0,0.314,-0.102,0
4970,33,1,6,0.829,0.495,0.737,0.0,0.29,0.091,0
4971,75,0,8,0.819,0.562,0.682,0.25,0.416,-0.013,0
4972,72,0,5,0.7,0.594,0.582,0.0,0.194,0.058,0
4973,36,1,11,0.871,0.651,0.638,0.75,-0.008,0.205,0
4974,75,0,7,0.713,0.595,0.603,0.5,0.131,0.085,0
4975,75,1,11,0.715,0.445,0.607,0.5,0.362,-0.123,0
4976,45,1,4,0.637,0.676,0.633,0.5,0.515,-0.144,0
4977,48,0,6,0.958,0.657,0.64,0.0,0.176,0.301,0
4978,38,1,5,0.626,0.663,0.454,0.25,-0.246,-0.204,0
4979,37,1,5,0.608,0.517,0.594,1.0,-0.001,-0.092,0
4980,67,1,5,0.782,0.645,0.499,0.25,-0.085,-0.026,0
4981,37,0,5,0.815,0.575,0.729,0.0,0.183,0.187,0
4982,33,0,11,0.97,0.472,1.008,0.0,0.447,0.001,0
4983,47,1,10,0.88,0.554,1.166,0.25,1.095,0.086,0
4984,58,0,10,0.76,0.546,1.137,0.25,0.496,-0.069,0
4985,31,0,7,0.861,0.477,0.523,0.0,0.26,0.106,0
4986,64,0,11,1.03,0.535,1.043,0.0,1.03,0.339,0
4987,36,0,8,0.903,0.588,0.504,0.0,0.02,0.162,0
4988,66,0,8,0.953,0.65,0.823,1.0,0.535,0.054,0
4989,82,1,3,0.803,0.681,0.236,1.0,-0.12,0.052,0
4990,33,0,3,0.735,0.559,0.287,0.0,-0.334,-0.12,0
4991,58,1,6,0.787,0.665,0.487,0.0,-0.039,0.055,0
4992,36,1,4,0.775,0.55,0.349,0.0,0.012,-0.076,0
4993,52,0,11,0.84,0.495,0.841,0.0,0.316,0.167,0
4994,38,1,4,0.73,0.59,0.639,0.0,0.08,-0.163,0
4995,33,0,10,0.851,0.368,0.713,0.0,0.364,0.314,1
4996,60,0,10,0.984,0.582,0.959,0.0,0.367,0.363,0
4997,38,1,9,0.893,0.563,0.662,1.0,0.286,0.047,1
4998,50,0,5,0.772,0.483,0.135,0.0,-0.477,-0.028,0
4999,58,0,12,0.753,0.606,0.949,0.25,0.395,-0.048,0
5000,58,1,5,0.875,0.526,0.582,0.0,-0.112,-0.036,0
5001,33,0,4,0.751,0.652,0.367,1.0,0.042,-0.012,0
5002,72,1,10,1.04,0.595,1.041,0.5,0.322,0.066,1
5003,67,1,7,0.957,0.592,0.716,0.25,0.016,0.195,1
5004,41,1,12,0.795,0.571,0.529,0.0,-0.059,-0.024,0
5005,31,0,8,0.799,0.673,0.524,0.75,0.27,0.002,0
5006,78,0,5,0.973,0.57,0.519,0.0,0.026,0.452,1
5007,74,1,9,0.874,0.541,0.531,0.25,-0.035,0.275,0
5008,83,0,11,1.066,0.7,0.851,0.0,0.553,0.337,1
5009,33,0,9,0.962,0.517,0.898,0.5,0.198,0.06,1
5010,41,0,5,0.842,0.627,0.7,0.0,0.185,-0.048,1
5011,51,1,12,0.863,0.449,1.121,0.0,0.507,0.129,0
5012,63,1,6,0.789,0.564,0.546,1.0,-0.078,0.108,0
5013,67,0,11,0.978,0.613,0.609,0.0,-0.091,0.1,0
5014,74,1,7,0.819,0.667,0.317,0.0,-0.062,0.21,0
5015,39,1,10,0.694,0.656,0.873,1.0,0.376,-0.211,1
5016,39,1,8,0.993,0.487,1.0,0.0,0.616,0.274,0
5017,41,1,4,0.637,0.679,0.614,0.25,-0.139,-0.077,0
5018,47,0,5,0.693,0.791,0.585,0.0,0.095,-0.229,0
5019,56,1,10,1.148,0.437,0.512,0.5,-0.111,0.575,0
5020,84,0,5,0.904,0.562,0.694,0.5,0.06,0.152,1
5021,60,0,11,0.836,0.519,1.108,0.5,0.54,-0.136,1
5022,67,0,7,0.896,0.539,0.849,0.5,0.426,0.052,0
5023,66,0,3,0.663,0.505,0.631,0.0,0.09,-0.292,0
5024,55,1,5,0.787,0.62,0.357,0.25,-0.249,0.017,0
5025,78,1,4,0.85,0.552,0.425,1.0,0.032,-0.004,0
5026,73,0,11,0.934,0.602,0.819,0.0,0.339,0.141,0
5027,53,1,12,0.875,0.573,0.867,1.0,0.526,0.158,0
5028,43,1,3,0.628,0.693,0.545,0.5,0.403,-0.105,0
5029,51,0,6,1.088,0.53,0.604,0.5,0.239,0.173,0
5030,60,0,3,0.72,0.672,0.788,0.0,-0.206,0.195,0
5031,37,0,10,1.048,0.7,0.921,0.0,0.855,0.444,1
5032,83,0,10,1.08,0.613,1.093,0.0,0.725,0.397,0
5033,77,1,11,1.033,0.516,0.757,0.0,0.597,0.159,0
5034,32,0,12,0.921,0.529,1.005,0.0,0.646,0.177,0
5035,46,1,8,0.841,0.56,0.817,0.5,0.224,0.031,0
5036,70,0,12,0.972,0.395,0.852,0.5,0.475,0.002,0
5037,32,0,12,0.959,0.559,1.121,0.0,0.92,0.175,1
5038,69,1,6,0.811,0.667,0.544,0.75,-0.251,0.073,0
5039,42,0,10,0.895,0.615,0.701,0.0,0.106,-0.082,0
5040,73,0,3,0.96,0.7,0.683,0.25,0.237,0.105,0
5041,82,0,7,0.984,0.65,0.936,0.0,0.41,0.448,1
5042,62,1,5,0.952,0.573,0.376,0.25,-0.239,0.066,0
5043,83,0,5,0.716,0.671,0.577,0.0,0.007,-0.111,0
5044,56,0,8,0.948,0.545,0.811,0.25,0.248,0.289,0
5045,82,0,5,0.678,0.672,0.43,0.75,0.087,-0.087,1
5046,33,1,6,1.001,0.56,0.428,0.0,-0.086,0.153,0
5047,84,0,4,0.71,0.594,0.7,0.25,0.248,0.168,1
5048,82,1,9,0.906,0.655,0.743,1.0,0.074,0.411,0
5049,71,1,5,0.706,0.628,0.504,0.0,-0.012,0.04,0
5050,65,0,3,0.852,0.721,0.634,1.0,-0.107,0.208,0
5051,44,0,4,0.985,0.569,0.55,0.75,-0.025,0.331,0
5052,34,0,7,0.842,0.556,0.673,0.0,0.317,-0.082,0
5053,34,1,9,0.981,0.4,0.911,0.75,0.538,0.094,0
5054,42,0,6,0.646,0.585,0.985,0.0,0.489,0.122,1
5055,80,0,7,1.105,0.529,0.822,0.0,0.639,0.433,1
5056,68,1,8,0.881,0.638,0.679,0.0,-0.002,0.13,0
5057,57,0,10,0.946,0.498,0.454,0.75,-0.102,0.157,0
5058,42,1,3,0.747,0.666,0.572,0.0,0.002,0.039,0
5059,73,0,8,1.033,0.642,0.666,0.0,0.306,0.154,0
5060,48,0,8,0.943,0.491,0.958,0.0,0.692,0.19,0
5061,52,1,11,1.135,0.49,0.948,0.0,0.539,0.192,1
5062,62,0,3,0.579,0.57,0.622,0.75,0.29,-0.213,0
5063,84,0,7,0.809,0.593,0.509,0.75,-0.283,0.189,0
5064,37,1,8,1.022,0.61,0.663,1.0,0.078,0.226,0
5065,82,1,7,0.652,0.671,0.744,0.5,0.551,-0.076,1
5066,43,0,3,0.629,0.485,0.504,0.75,0.11,-0.073,0
5067,79,0,4,0.969,0.55,0.366,1.0,-0.235,0.003,0
5068,73,0,4,0.932,0.614,0.283,0.0,-0.317,0.201,0
5069,73,1,7,0.871,0.461,0.793,1.0,0.121,0.233,0
5070,37,1,7,0.45,0.608,0.736,0.0,0.289,-0.265,0
5071,48,1,10,0.854,0.483,0.736,1.0,0.338,0.214,0
5072,84,1,8,0.996,0.635,0.969,0.0,0.374,0.293,1
5073,31,0,7,0.72,0.609,0.691,0.0,0.495,-0.035,0
5074,62,1,8,0.725,0.492,0.756,0.25,0.503,-0.011,0
5075,59,1,6,1.004,0.58,0.798,0.0,0.467,0.341,1
5076,67,1,12,0.888,0.509,0.931,0.0,0.441,-0.094,1
5077,39,0,3,0.805,0.583,0.739,0.5,0.145,0.031,1
5078,80,0,6,0.934,0.507,0.679,0.0,0.271,0.188,1
5079,64,0,5,0.723,0.633,0.67,0.0,0.12,-0.162,0
5080,59,0,5,0.778,0.576,0.723,0.0,0.311,0.108,0
5081,39,0,6,0.743,0.58,0.802,0.25,0.402,0.485,0
5082,41,1,6,0.68,0.622,0.52,0.0,-0.183,-0.222,0
5083,56,1,8,0.784,0.594,0.658,0.5,0.247,-0.062,0
5084,74,1,11,0.931,0.67,0.829,0.0,0.237,0.24,0
5085,75,1,12,0.804,0.594,0.845,0.25,0.421,-0.011,1
5086,73,1,3,0.577,0.76,0.587,0.75,0.198,-0.103,0
5087,83,0,7,0.807,0.495,0.665,1.0,-0.12,0.152,0
5088,84,1,5,0.76,0.63,0.736,0.0,0.341,0.033,0
5089,57,0,9,1.076,0.666,0.916,0.75,0.277,0.123,0
5090,55,1,4,0.807,0.59,0.852,0.0,0.197,-0.203,0
5091,82,1,3,0.836,0.61,0.262,0.0,-0.43,0.157,0
5092,34,1,9,0.971,0.399,0.537,0.75,-0.096,0.128,0
5093,33,0,3,0.831,0.632,0.418,0.0,0.112,-0.059,0
5094,77,1,10,0.861,0.576,0.624,0.0,-0.076,0.002,0
5095,33,0,8,0.891,0.509,0.575,0.5,-0.257,0.244,0
5096,74,1,4,0.919,0.486,0.657,1.0,0.031,0.155,1
5097,63,0,4,0.909,0.443,0.787,0.0,0.282,0.304,0
5098,82,1,11,1.14,0.456,0.867,0.0,0.269,0.326,1
5099,38,0,6,0.757,0.7,0.791,1.0,0.365,-0.139,0
5100,39,0,12,0.989,0.543,0.749,0.0,0.359,0.227,1
5101,49,1,7,0.736,0.503,1.024,0.0,0.427,0.126,0
5102,61,1,3,0.959,0.641,0.67,0.25,0.079,0.082,0
5103,71,1,4,0.741,0.655,0.739,0.0,0.124,0.119,0
5104,45,0,7,0.7,0.587,0.811,1.0,0.428,0.236,0
5105,68,0,9,0.827,0.564,0.978,1.0,0.493,-0.009,1
5106,42,1,4,1.087,0.7,0.585,0.0,0.109,0.457,0
5107,60,0,11,0.7,0.566,0.987,0.0,0.269,-0.111,0
5108,37,1,8,0.972,0.617,0.869,0.0,0.232,0.373,0
5109,53,0,10,1.02,0.555,0.726,0.25,0.455,0.332,0
5110,75,0,3,0.953,0.67,0.527,0.5,-0.198,0.257,0
5111,78,0,9,0.758,0.365,0.816,0.0,0.31,-0.039,1
5112,53,1,9,0.773,0.554,0.75,0.0,0.444,-0.098,1
5113,36,0,8,0.911,0.488,0.766,0.0,-0.026,0.207,0
5114,45,0,4,0.831,0.564,0.647,0.0,0.154,0.057,0
5115,56,1,4,0.961,0.565,0.485,0.0,0.132,0.209,0
5116,48,1,5,0.783,0.723,0.435,0.0,-0.313,0.158,0
5117,82,0,12,1.054,0.532,0.973,0.25,0.597,0.383,0
5118,49,0,11,0.955,0.427,0.604,0.0,-0.074,0.342,0
5119,67,0,10,0.808,0.652,0.521,0.25,-0.128,0.242,0
5120,50,0,12,0.853,0.557,1.011,1.0,0.687,0.153,0
5121,56,0,6,0.759,0.727,0.812,0.0,0.603,-0.084,1
5122,58,0,5,0.929,0.544,0.806,0.0,0.276,0.235,0
5123,40,1,8,0.931,0.7,0.867,0.0,0.416,0.33,0
5124,48,1,4,0.669,0.558,0.803,0.5,0.196,-0.086,0
5125,84,1,10,0.764,0.531,0.888,0.25,0.551,-0.102,0
5126,46,1,9,0.866,0.541,0.514,0.0,-0.095,0.049,0
5127,69,0,10,0.947,0.622,0.893,0.0,0.508,0.473,0
5128,49,0,9,0.719,0.549,0.683,0.0,0.373,-0.191,0
5129,30,0,8,0.822,0.482,0.839,0.0,0.265,0.109,0
5130,57,1,7,0.805,0.651,0.715,0.5,0.554,-0.026,1
5131,48,0,12,0.968,0.545,0.751,0.5,0.654,0.03,1
5132,71,0,4,1.023,0.707,0.701,0.5,0.39,0.323,0
5133,81,1,4,0.841,0.568,0.362,0.0,0.02,0.303,0
5134,66,1,3,0.775,0.621,0.242,0.5,-0.328,-0.035,0
5135,69,1,11,0.834,0.575,0.73,0.25,0.445,-0.084,0
5136,40,1,10,0.7,0.615,0.664,1.0,0.576,0.037,0
5137,70,0,11,0.956,0.571,0.753,0.25,0.549,0.237,1
5138,51,0,12,1.174,0.622,0.594,0.0,-0.165,0.383,0
5139,45,0,4,0.814,0.677,0.799,0.0,0.285,-0.063,0
5140,69,1,9,0.984,0.517,0.733,0.5,0.173,0.383,0
5141,48,1,6,0.705,0.72,0.598,0.5,0.183,-0.072,0
5142,72,1,7,0.822,0.632,0.75,0.0,0.179,-0.01,0
5143,65,0,8,0.856,0.499,0.986,0.5,0.55,0.002,0
5144,36,1,7,0.946,0.59,0.602,0.0,0.14,0.287,0
5145,81,0,11,1.068,0.697,0.783,0.0,-0.069,0.285,0
5146,76,0,8,0.786,0.337,0.58,1.0,0.007,-0.136,0
5147,71,0,11,0.911,0.619,0.798,0.25,0.51,0.199,0
5148,67,1,8,0.833,0.549,0.681,1.0,-0.001,0.091,0
5149,39,1,10,1.066,0.482,0.725,0.5,0.366,0.52,0
5150,60,1,11,0.804,0.391,0.922,0.75,0.513,0.059,0
5151,63,0,4,0.668,0.524,0.528,0.5,0.012,-0.05,0
5152,59,0,6,0.89,0.551,0.609,1.0,-0.055,0.243,0
5153,69,1,11,0.956,0.397,0.755,0.0,0.01,0.204,0
5154,57,0,6,1.037,0.563,0.668,0.0,0.153,0.257,0
5155,82,1,4,0.924,0.703,0.735,0.0,0.19,0.104,1
5156,57,0,11,1.119,0.384,0.888,0.5,0.269,0.385,0
5157,57,0,3,0.597,0.533,0.804,0.0,0.319,-0.28,0
5158,64,0,7,1.002,0.527,0.954,0.75,0.517,0.433,0
5159,35,0,12,1.058,0.561,1.119,0.0,0.38,0.301,0
5160,66,0,5,0.764,0.657,0.789,0.0,0.378,0.064,0
5161,60,0,10,0.988,0.527,0.833,0.0,0.315,0.124,0
5162,35,1,6,0.804,0.624,0.732,0.5,0.589,0.005,0
5163,70,0,10,0.913,0.56,0.7,0.0,0.278,0.054,0
5164,41,0,12,0.972,0.7,0.953,0.25,0.54,0.131,0
5165,42,1,9,0.9,0.599,0.676,0.0,0.283,0.148,0
5166,41,1,8,1.056,0.597,0.723,0.5,0.205,0.374,1
5167,56,0,4,0.684,0.663,0.733,0.0,0.372,0.049,0
5168,46,0,3,0.518,0.636,0.399,0.0,-0.204,-0.218,0
5169,74,0,11,0.852,0.654,0.901,0.0,0.423,-0.006,0
5170,68,0,9,0.854,0.513,0.562,0.0,0.008,0.065,0
5171,79,1,9,0.855,0.608,1.027,0.5,0.446,0.195,0
5172,56,0,8,0.924,0.535,0.577,0.0,-0.035,0.168,0
5173,53,1,12,0.889,0.648,0.649,0.0,0.186,0.232,0
5174,80,0,4,0.826,0.658,0.351,0.25,-0.068,0.153,0
5175,49,1,5,0.903,0.552,0.546,0.0,0.053,0.143,0
5176,64,0,8,0.873,0.7,0.565,0.0,0.021,0.129,0
5177,49,1,8,1.125,0.559,0.622,0.5,0.014,0.41,0
5178,32,0,12,1.142,0.604,0.777,0.25,0.425,0.346,0
5179,71,1,9,0.798,0.598,0.941,0.0,0.387,0.075,0
5180,57,1,4,0.539,0.567,0.577,0.75,-0.165,-0.285,0
5181,56,0,7,0.989,0.589,0.727,0.5,0.122,0.151,1
5182,44,0,10,1.043,0.677,0.627,0.0,0.066,0.237,0
5183,63,1,6,0.801,0.594,0.828,0.0,0.076,-0.21,0
5184,39,1,4,0.642,0.524,0.18,0.0,-0.398,-0.097,0
5185,49,0,7,0.795,0.588,0.666,0.75,0.224,0.069,0
5186,84,0,6,0.774,0.7,0.7,0.75,0.069,-0.011,0
5187,41,0,5,0.857,0.563,0.862,0.5,0.206,0.097,0
5188,59,1,6,1.094,0.733,0.83,0.25,0.18,0.283,1
5189,40,0,3,0.708,0.473,0.546,0.0,-0.139,0.008,0
5190,45,1,8,0.697,0.558,0.745,0.5,0.117,0.06,1
5191,54,0,4,0.7,0.585,0.387,0.0,0.189,0.07,0
5192,75,0,4,0.827,0.417,0.388,0.75,-0.158,0.111,0
5193,54,0,8,0.722,0.431,1.006,0.0,0.287,-0.058,1
5194,54,1,9,0.946,0.607,0.523,0.0,0.064,0.361,0
5195,45,0,10,1.052,0.633,0.937,0.0,0.464,0.31,0
5196,39,0,10,1.105,0.555,0.762,0.75,0.45,0.335,0
5197,61,0,12,0.969,0.538,0.787,0.75,0.326,0.233,0
5198,63,1,11,0.887,0.561,0.852,0.0,0.202,0.053,0
5199,73,0,5,0.775,0.501,0.573,0.0,0.123,0.099,0
5200,54,1,10,0.898,0.502,0.872,0.0,0.249,0.217,0
5201,63,0,4,0.87,0.58,0.685,0.5,0.243,0.022,0
5202,84,1,12,0.937,0.456,0.8,0.0,0.289,0.234,0
5203,62,1,9,1.038,0.637,0.897,0.25,0.409,0.208,1
5204,55,0,4,0.747,0.593,0.741,0.0,0.106,-0.194,1
5205,45,1,10,1.118,0.661,0.837,0.5,0.346,0.165,0
5206,33,0,9,0.781,0.544,0.586,0.0,-0.015,-0.086,0
5207,55,1,12,0.899,0.555,0.896,0.25,0.517,0.148,0
5208,82,1,7,0.875,0.407,0.665,0.75,0.182,0.23,1
5209,64,1,7,0.908,0.604,0.764,0.0,0.385,0.27,1
5210,64,0,7,0.921,0.507,0.451,0.0,0.032,0.324,0
5211,48,1,12,1.129,0.634,0.859,0.25,0.398,0.426,1
5212,56,0,11,0.711,0.653,0.637,0.5,0.374,-0.138,0
5213,33,0,7,0.889,0.591,1.076,0.0,0.787,0.26,0
5214,63,1,9,0.799,0.66,1.009,0.75,0.712,0.072,1
5215,45,1,12,0.7,0.561,1.177,0.0,0.477,0.04,1
5216,77,0,5,0.919,0.485,0.617,1.0,-0.396,0.147,0
5217,44,0,12,0.849,0.682,0.945,0.25,0.18,0.014,0
5218,76,1,9,0.828,0.633,0.857,0.0,0.369,-0.024,0
5219,73,1,8,0.987,0.619,0.698,0.75,0.068,0.276,1
5220,70,0,5,0.782,0.738,0.645,0.0,0.159,-0.074,0
5221,32,0,4,0.899,0.653,0.161,1.0,-0.292,0.045,0
5222,57,0,9,0.681,0.526,0.648,0.5,0.564,-0.315,0
5223,57,0,7,1.017,0.735,0.906,1.0,0.63,0.297,0
5224,35,0,11,1.137,0.504,0.834,0.25,0.086,0.508,1
5225,62,0,5,0.518,0.8,0.833,0.0,0.318,-0.118,0
5226,75,1,5,0.812,0.489,0.483,0.5,-0.147,0.21,0
5227,51,1,12,0.67,0.541,0.628,1.0,0.086,-0.314,0
5228,61,0,10,0.996,0.624,1.016,0.5,0.679,0.782,1
5229,67,1,9,0.849,0.528,0.889,0.5,0.433,0.018,0
5230,58,1,4,0.663,0.622,0.493,0.75,0.069,-0.29,0
5231,72,1,12,0.85,0.576,0.854,0.0,0.457,-0.102,1
5232,64,1,12,1.062,0.453,0.749,0.0,0.354,0.281,0
5233,51,0,7,0.996,0.656,0.66,0.0,0.125,0.341,0
5234,84,1,9,1.125,0.459,0.342,1.0,-0.563,0.411,0
5235,55,0,9,0.863,0.44,0.712,0.5,0.341,-0.099,0
5236,54,1,7,1.199,0.557,0.824,1.0,0.11,0.361,0
5237,59,1,10,0.891,0.404,0.895,0.5,0.525,0.0,0
5238,79,0,3,0.823,0.7,0.562,0.5,0.438,0.181,0
5239,55,1,9,1.089,0.642,0.7,0.0,-0.111,0.427,0
5240,56,0,12,0.904,0.7,0.904,0.0,0.399,0.213,0
5241,70,1,10,0.997,0.553,0.7,0.0,-0.01,0.256,1
5242,52,0,10,0.774,0.387,0.662,0.0,0.263,-0.061,0
5243,37,0,6,0.845,0.517,0.61,0.0,-0.115,0.187,0
5244,53,1,4,0.814,0.681,0.721,0.0,0.094,0.155,0
5245,38,0,3,0.81,0.576,0.166,0.0,-0.417,0.052,0
5246,36,1,7,0.688,0.644,0.856,0.25,0.246,-0.001,0
5247,49,0,8,0.859,0.632,0.837,0.25,0.487,0.05,0
5248,74,1,4,0.896,0.676,0.633,0.0,0.033,0.312,1
5249,47,0,11,0.825,0.567,0.803,0.0,0.349,0.274,0
5250,54,1,3,0.902,0.616,0.312,0.0,0.269,-0.02,0
5251,50,0,9,0.877,0.555,0.77,1.0,0.472,0.177,0
5252,57,0,4,0.83,0.728,0.414,0.5,0.191,0.098,0
5253,63,0,9,0.967,0.639,0.757,0.75,0.292,0.224,1
5254,80,1,7,0.882,0.591,0.243,1.0,-0.602,0.099,0
5255,71,1,10,0.857,0.543,0.762,1.0,0.224,0.141,0
5256,76,1,9,0.913,0.637,1.151,0.25,0.818,0.253,0
5257,33,1,7,0.906,0.578,0.81,0.0,0.409,0.153,0
5258,41,1,4,0.82,0.585,0.7,0.0,0.303,0.026,0
5259,71,1,10,1.085,0.489,0.816,0.0,0.236,0.389,0
5260,73,0,7,0.892,0.575,0.766,0.75,0.066,0.069,0
5261,78,1,10,1.258,0.602,0.668,0.0,-0.178,0.466,1
5262,31,1,10,0.808,0.524,0.928,0.0,0.43,0.068,0
5263,82,1,3,0.612,0.577,0.656,0.5,0.216,-0.16,0
5264,83,1,12,0.95,0.512,0.705,1.0,0.266,0.114,0
5265,49,1,10,0.916,0.545,0.884,0.0,0.354,0.358,0
5266,51,0,9,0.871,0.524,0.595,0.5,0.191,-0.02,0
5267,56,1,10,0.868,0.52,0.999,0.0,0.667,0.279,0
5268,78,1,4,0.746,0.721,0.439,0.0,-0.104,0.053,0
5269,56,1,11,0.889,0.648,1.02,0.0,0.84,0.113,0
5270,42,0,9,0.629,0.439,0.542,0.0,0.033,-0.071,0
5271,30,1,7,0.763,0.698,0.7,0.0,0.124,0.043,0
5272,67,0,7,0.738,0.519,0.599,0.0,-0.047,-0.104,0
5273,68,0,9,0.958,0.538,0.876,0.0,0.718,0.206,0
5274,47,1,8,0.717,0.66,0.765,0.0,0.268,-0.028,1
5275,82,1,8,1.177,0.671,0.727,0.75,0.178,0.363,0
5276,84,1,7,0.909,0.59,0.922,0.0,0.476,0.159,0
5277,51,1,7,1.012,0.63,0.939,0.0,0.417,0.43,1
5278,59,1,5,0.823,0.555,1.027,0.75,0.435,-0.06,0
5279,51,0,4,0.82,0.507,0.726,0.0,0.097,0.286,1
5280,68,0,9,0.7,0.643,0.789,0.5,0.333,-0.149,0
5281,54,1,4,0.868,0.505,0.559,0.5,0.269,0.214,0
5282,81,1,11,0.996,0.483,0.696,0.75,0.063,0.025,0
5283,81,1,8,0.901,0.524,0.677,0.0,-0.005,0.343,1
5284,57,0,10,1.031,0.53,0.916,0.75,0.451,0.251,0
5285,41,0,6,0.854,0.573,0.654,0.0,-0.025,-0.008,0
5286,80,0,10,0.849,0.613,0.747,0.5,0.155,0.21,1
5287,77,1,7,0.955,0.675,1.045,0.0,0.675,-0.025,1
5288,76,0,4,0.906,0.625,0.784,0.75,0.09,0.27,0
5289,80,1,3,0.605,0.669,0.578,0.0,0.154,-0.52,1
5290,67,0,11,1.005,0.518,0.697,0.5,0.418,0.387,0
5291,78,0,3,0.969,0.579,0.386,0.5,-0.001,0.077,0
5292,79,1,12,0.655,0.342,0.907,0.5,0.571,0.022,0
5293,35,1,6,0.879,0.631,0.653,0.0,0.048,0.17,0
5294,72,1,9,0.756,0.7,0.834,1.0,0.399,0.114,0
5295,76,0,7,0.871,0.547,0.543,0.0,0.0,0.275,0
5296,71,1,8,1.072,0.439,0.448,0.25,-0.16,0.372,0
5297,39,1,7,0.816,0.478,0.706,0.0,0.275,-0.095,0
5298,63,0,4,0.706,0.485,0.303,0.5,-0.153,-0.324,0
5299,72,0,3,0.967,0.643,0.816,0.0,0.186,0.067,0
5300,79,1,10,0.825,0.572,0.873,0.0,0.402,0.099,1
5301,30,0,6,0.95,0.602,0.771,0.0,0.238,0.442,0
5302,49,1,8,0.859,0.519,0.64,0.75,0.303,-0.248,0
5303,65,0,3,0.681,0.671,0.429,0.0,-0.186,0.147,0
5304,75,1,6,1.112,0.506,0.592,0.0,0.273,0.153,0
5305,69,1,8,0.859,0.634,0.796,0.25,0.627,0.13,0
5306,78,0,6,0.662,0.61,0.576,0.5,-0.155,-0.152,0
5307,77,0,10,1.028,0.575,0.87,0.5,0.584,0.213,0
5308,69,1,9,0.932,0.484,0.52,0.25,0.13,0.183,0
5309,43,0,8,0.971,0.565,0.549,0.0,0.297,0.136,0
5310,50,1,4,0.607,0.583,0.336,0.0,-0.232,-0.243,0
5311,68,1,11,0.971,0.7,0.804,0.5,0.467,0.114,0
5312,52,0,8,0.55,0.647,0.446,1.0,-0.04,-0.1,0
5313,43,1,7,0.84,0.551,0.87,0.0,0.433,0.042,1
5314,84,0,7,0.908,0.511,0.564,0.5,0.372,0.058,0
5315,56,0,12,1.027,0.381,0.915,0.0,0.249,0.201,0
5316,37,0,8,0.741,0.599,0.795,0.5,0.406,0.206,0
5317,44,1,11,0.89,0.675,0.91,0.25,0.517,-0.01,0
5318,76,0,8,0.686,0.563,0.616,0.5,0.213,-0.065,0
5319,57,0,8,0.772,0.7,0.634,0.25,0.27,-0.033,0
5320,40,0,8,0.997,0.719,0.832,0.25,0.091,0.293,0
5321,73,0,12,1.211,0.634,0.818,0.75,0.477,0.351,0
5322,76,0,12,0.852,0.512,0.775,1.0,0.105,0.019,0
5323,38,1,4,1.059,0.67,0.593,0.0,0.198,0.32,0
5324,64,0,10,0.726,0.556,0.618,0.0,0.412,0.072,0
5325,30,1,4,0.767,0.642,0.41,0.75,0.009,-0.127,0
5326,56,1,11,0.828,0.657,0.823,0.75,0.726,-0.196,0
5327,70,0,3,0.804,0.702,0.498,0.0,0.262,-0.108,0
5328,83,0,8,0.805,0.479,0.78,0.0,0.243,-0.032,0
5329,78,1,6,0.77,0.603,0.525,0.0,-0.242,0.181,0
5330,70,0,6,0.739,0.565,0.532,0.75,0.141,0.197,0
5331,33,1,10,0.71,0.621,0.728,0.25,0.226,0.078,0
5332,50,1,3,0.723,0.659,0.997,0.0,0.43,-0.024,1
5333,46,0,5,0.784,0.491,0.673,0.0,0.139,-0.005,0
5334,55,1,4,0.778,0.736,1.06,0.0,0.861,-0.066,0
5335,42,1,11,0.87,0.682,0.76,0.0,0.194,0.071,0
5336,51,1,7,0.768,0.456,0.634,0.25,0.451,0.086,0
5337,37,1,5,0.932,0.551,0.905,0.75,0.722,0.054,0
5338,69,1,10,1.046,0.572,0.98,0.75,0.496,0.195,0
5339,60,0,6,0.755,0.71,0.834,0.0,0.361,-0.106,0
5340,42,1,8,0.695,0.528,0.638,0.75,0.054,-0.029,0
5341,83,1,5,0.932,0.595,0.609,0.5,0.458,0.088,0
5342,71,1,5,0.84,0.609,0.479,0.0,-0.092,0.173,0
5343,31,0,7,1.079,0.699,0.809,0.0,0.376,0.281,1
5344,31,0,7,0.811,0.451,0.666,0.75,0.175,0.075,0
5345,41,0,6,0.723,0.653,0.892,0.0,0.293,0.131,0
5346,79,1,11,1.044,0.514,0.778,0.0,0.273,0.215,1
5347,33,0,6,0.694,0.41,0.7,0.0,0.354,0.001,0
5348,73,1,4,0.833,0.582,0.879,0.0,0.455,0.185,1
5349,65,1,10,1.044,0.507,0.7,0.25,0.165,0.235,1
5350,31,1,5,0.94,0.55,0.619,0.0,0.261,0.321,0
5351,79,1,5,0.659,0.607,0.806,0.0,0.196,-0.199,1
5352,61,1,8,0.853,0.582,0.525,0.0,-0.266,0.279,0
5353,34,0,12,1.104,0.47,1.268,0.5,0.891,0.173,0
5354,56,0,7,0.84,0.676,0.811,0.0,0.591,-0.08,0
5355,49,0,6,0.675,0.587,0.507,0.0,0.355,-0.041,0
5356,60,0,4,0.675,0.677,0.524,0.5,-0.176,0.003,0
5357,79,1,4,0.47,0.553,0.777,0.0,0.197,-0.484,0
5358,80,0,11,1.108,0.543,0.792,0.25,0.28,0.218,0
5359,57,1,10,0.92,0.624,0.732,0.0,0.252,0.275,0
5360,50,0,10,0.838,0.425,1.072,0.5,0.465,0.057,0
5361,83,1,3,0.73,0.601,0.456,0.0,-0.201,-0.102,0
5362,63,1,12,0.956,0.561,1.074,0.25,0.722,0.317,0
5363,45,0,5,0.866,0.508,0.63,0.0,0.511,-0.017,0
5364,66,0,3,0.638,0.693,0.851,0.0,-0.097,-0.186,0
5365,41,1,8,0.811,0.544,0.581,0.0,-0.227,-0.204,0
5366,69,0,6,0.955,0.628,0.489,0.5,0.126,0.308,0
5367,36,1,4,0.825,0.563,0.526,0.75,0.39,-0.042,0
5368,57,0,7,0.856,0.7,0.709,0.25,0.296,0.158,0
5369,50,0,6,0.818,0.544,0.463,0.0,0.114,-0.137,0
5370,43,0,6,0.85,0.7,0.689,0.0,0.251,0.069,0
5371,68,0,3,0.846,0.593,0.68,0.0,0.389,0.068,0
5372,65,0,3,0.952,0.694,0.824,0.0,0.268,0.24,0
5373,51,0,10,1.123,0.544,0.463,0.75,0.065,0.455,0
5374,61,0,8,0.886,0.562,0.842,0.5,0.727,0.131,0
5375,34,0,7,0.852,0.483,0.615,0.75,-0.195,0.057,0
5376,38,1,11,1.116,0.635,0.787,0.0,0.178,0.557,0
5377,36,0,9,0.955,0.489,0.97,1.0,0.526,0.3,0
5378,67,0,8,0.993,0.524,0.606,0.75,0.077,0.366,0
5379,80,1,7,0.715,0.59,0.498,0.5,0.227,-0.205,0
5380,31,0,4,0.871,0.684,0.527,0.0,-0.2,0.108,0
5381,82,0,12,0.824,0.579,0.957,0.0,0.271,-0.045,0
5382,60,1,10,0.879,0.631,0.871,0.0,0.663,0.07,0
5383,35,0,12,1.008,0.465,0.808,0.25,-0.01,0.095,0
5384,31,0,7,0.791,0.584,0.99,1.0,0.427,0.092,0
5385,32,0,8,1.084,0.538,0.965,0.0,0.466,0.492,0
5386,59,0,5,0.684,0.67,0.7,1.0,0.139,-0.14,1
5387,70,1,12,0.986,0.685,0.744,0.0,-0.064,0.251,1
5388,48,1,10,1.119,0.502,0.883,0.0,0.464,0.154,0
5389,48,1,8,0.707,0.552,0.361,0.5,-0.296,-0.186,0
5390,42,0,3,0.742,0.594,0.472,0.0,0.097,-0.146,0
5391,47,0,5,1.062,0.641,0.7,1.0,0.068,0.11,1
5392,53,1,9,0.844,0.466,0.474,0.25,0.229,0.011,0
5393,50,1,4,1.022,0.555,0.661,0.0,0.285,0.223,0
5394,72,1,11,0.939,0.542,0.939,0.25,0.431,0.085,0
5395,49,1,11,0.913,0.454,0.94,0.5,0.544,0.181,0
5396,78,0,10,1.094,0.582,0.961,0.25,0.711,0.47,1
5397,30,0,6,0.881,0.383,0.614,0.25,0.163,0.275,0
5398,60,0,3,1.138,0.597,0.535,1.0,-0.106,0.464,0
5399,61,0,9,1.003,0.581,0.601,0.25,0.322,0.485,0
5400,59,1,10,1.104,0.578,0.85,0.0,0.74,0.299,0
5401,32,1,5,0.904,0.662,0.508,0.0,0.216,0.229,0
5402,38,1,11,0.945,0.396,0.682,0.0,0.205,0.231,0
5403,37,1,4,0.729,0.663,0.532,0.0,-0.004,0.03,0
5404,40,1,8,0.781,0.524,0.718,0.5,0.114,0.061,0
5405,42,0,6,0.858,0.599,0.853,0.0,0.201,0.031,0
5406,52,1,5,0.992,0.595,0.764,1.0,0.051,0.094,0
5407,65,0,3,0.643,0.536,0.674,0.5,0.321,-0.406,0
5408,57,1,12,1.089,0.663,0.916,0.5,0.389,0.339,0
5409,68,0,6,0.892,0.562,0.57,0.0,0.272,0.265,0
5410,35,0,7,0.816,0.579,0.777,0.5,-0.032,0.068,0
5411,68,0,5,0.581,0.634,0.554,0.0,0.24,-0.253,1
5412,78,1,12,1.167,0.592,1.296,0.25,0.91,0.651,0
5413,67,0,10,1.01,0.524,0.92,0.25,0.334,0.291,0
5414,55,0,4,0.661,0.661,0.925,0.5,0.223,-0.094,0
5415,31,0,10,1.045,0.553,0.896,0.25,0.391,0.162,0
5416,78,1,12,0.925,0.631,1.128,0.0,0.697,0.413,1
5417,63,0,12,1.09,0.569,1.167,0.75,0.564,0.415,0
5418,39,0,12,1.115,0.519,0.924,0.0,0.466,0.55,0
5419,83,0,11,0.919,0.551,1.093,0.5,0.687,0.053,1
5420,59,1,10,1.114,0.645,0.912,0.0,0.562,0.313,1
5421,54,1,11,1.161,0.533,0.808,0.75,0.453,0.29,0
5422,68,1,9,0.737,0.531,0.808,0.0,0.281,0.027,0
5423,78,1,10,0.65,0.417,0.687,1.0,0.25,0.013,0
5424,63,1,7,0.904,0.499,0.778,0.0,0.166,0.158,1
5425,61,1,6,0.934,0.553,0.8,0.75,0.207,0.242,1
5426,75,0,11,1.021,0.639,1.113,0.0,0.47,0.259,0
5427,60,1,3,0.786,0.632,0.645,0.0,0.012,-0.083,0
5428,61,1,7,0.855,0.386,0.741,0.25,0.381,0.155,0
5429,49,0,4,0.882,0.595,0.361,0.5,-0.092,0.184,0
5430,77,1,6,0.835,0.43,0.671,0.0,0.36,0.137,0
5431,80,1,8,0.915,0.56,0.709,1.0,0.434,0.171,0
5432,65,1,5,0.97,0.498,0.463,0.25,0.03,0.085,0
5433,52,0,10,1.071,0.437,0.772,0.0,0.559,0.163,0
5434,83,1,8,0.826,0.551,0.772,0.0,0.563,0.121,1
5435,72,1,5,0.876,0.527,0.508,0.0,0.028,0.171,0
5436,54,1,7,0.972,0.399,0.71,0.25,0.244,0.167,0
5437,63,0,6,0.978,0.62,0.883,0.0,0.301,0.34,0
5438,48,0,11,1.035,0.483,0.674,0.75,0.428,0.367,0
5439,43,0,6,0.921,0.551,0.743,1.0,0.183,0.193,0
5440,38,0,5,0.812,0.76,0.607,0.0,0.007,0.048,0
5441,55,0,4,0.584,0.7,0.365,0.25,-0.024,-0.34,0
5442,55,1,7,0.834,0.577,0.825,0.5,0.272,0.077,1
5443,32,1,8,1.1,0.575,0.904,0.25,0.304,0.29,0
5444,42,1,3,0.928,0.651,0.817,0.0,0.199,0.129,0
5445,49,1,10,0.862,0.556,0.984,0.5,0.608,0.137,0
5446,42,0,11,0.864,0.495,0.647,0.0,0.053,0.062,0
5447,63,1,6,0.632,0.595,0.312,0.0,-0.25,-0.075,0
5448,82,1,10,0.839,0.501,0.955,1.0,0.45,0.061,0
5449,34,0,10,1.034,0.497,0.78,0.0,0.215,0.235,0
5450,74,0,11,0.905,0.496,1.126,0.0,0.505,0.052,1
5451,78,0,11,0.852,0.659,0.806,0.0,0.141,0.12,1
5452,36,0,11,0.966,0.528,0.877,0.75,0.44,0.28,0
5453,31,0,8,1.055,0.603,0.648,0.0,0.035,0.157,0
5454,44,0,3,0.809,0.569,0.226,0.25,-0.185,-0.141,0
5455,34,0,3,0.714,0.706,0.435,0.0,0.21,0.111,0
5456,54,1,12,0.917,0.701,1.307,0.0,0.692,0.217,1
5457,61,1,12,0.965,0.554,0.938,0.0,0.305,0.139,0
5458,73,1,9,0.656,0.583,0.741,0.0,0.323,-0.13,0
5459,52,0,10,0.771,0.558,0.82,0.25,0.719,0.071,0
5460,81,0,4,0.862,0.693,0.607,0.0,0.09,-0.214,0
5461,36,0,6,0.737,0.415,0.841,0.0,0.661,0.046,0
5462,82,1,7,0.784,0.613,0.995,0.0,0.682,0.004,0
5463,53,1,9,0.871,0.454,0.7,1.0,0.352,0.227,0
5464,42,0,3,0.841,0.579,0.661,0.25,0.315,-0.087,0
5465,32,0,12,0.883,0.67,0.846,0.25,0.353,0.138,0
5466,49,0,8,0.839,0.553,0.561,0.0,0.113,0.064,0
5467,41,1,8,1.153,0.66,0.602,0.75,0.17,0.269,0
5468,39,0,4,0.636,0.648,0.622,0.5,-0.078,-0.027,0
5469,83,1,7,0.995,0.537,0.781,0.75,0.531,0.261,1
5470,69,1,5,0.705,0.592,0.632,0.75,0.056,-0.089,0
5471,39,1,8,0.782,0.6,0.686,0.5,0.044,0.1,0
5472,61,1,9,0.846,0.645,0.691,0.0,0.08,-0.118,0
5473,51,1,4,0.695,0.7,0.613,0.0,0.068,-0.116,0
5474,61,1,12,0.937,0.605,0.694,0.0,0.233,-0.0,0
5475,67,1,3,0.575,0.656,0.477,0.0,0.185,-0.408,0
5476,67,0,10,0.7,0.61,0.4,0.0,0.016,0.096,0
5477,35,0,3,0.7,0.564,0.55,0.5,0.121,-0.079,0
5478,79,0,3,0.86,0.639,0.693,0.0,0.012,0.055,0
5479,51,0,10,0.87,0.489,1.193,0.5,0.715,0.091,0
5480,39,1,6,0.948,0.725,0.466,0.0,0.184,0.238,0
5481,37,0,6,0.738,0.606,0.677,0.0,0.192,-0.077,1
5482,32,0,8,0.757,0.584,0.844,0.5,0.32,0.01,0
5483,45,1,7,0.741,0.602,0.654,0.0,0.011,0.007,0
5484,63,0,11,0.962,0.536,0.942,1.0,0.523,0.395,0
5485,53,0,7,0.954,0.495,0.685,0.25,0.079,0.019,0
5486,74,0,6,0.794,0.642,0.817,1.0,0.115,0.164,0
5487,55,1,4,0.795,0.541,0.515,0.0,0.349,0.036,0
5488,71,1,6,0.771,0.6,0.648,0.0,0.211,0.128,0
5489,38,1,3,0.702,0.48,0.512,0.5,-0.054,-0.148,0
5490,45,0,4,0.854,0.561,0.427,1.0,-0.23,0.136,0
5491,49,1,5,0.766,0.598,0.648,0.0,0.378,-0.134,0
5492,65,1,7,0.916,0.488,0.627,0.0,0.365,0.141,0
5493,73,0,4,0.634,0.734,0.456,0.25,-0.139,-0.176,0
5494,43,1,3,0.884,0.613,0.461,0.0,-0.088,0.184,0
5495,37,1,4,0.892,0.572,0.233,0.75,0.045,0.167,0
5496,37,0,7,0.894,0.609,0.505,0.25,-0.301,-0.001,0
5497,80,1,9,0.714,0.641,0.579,1.0,0.122,-0.017,0
5498,55,1,10,0.92,0.466,0.888,0.0,0.455,0.371,1
5499,33,1,10,0.996,0.449,1.025,0.0,0.616,0.439,0
5500,37,0,6,0.747,0.398,0.898,0.0,0.349,-0.038,1
5501,52,1,8,0.683,0.581,0.615,1.0,-0.013,0.004,0
5502,74,1,12,1.089,0.564,0.556,0.5,0.237,0.076,0
5503,57,0,7,0.891,0.672,0.562,0.5,-0.006,0.191,0
5504,38,0,10,0.838,0.614,0.928,0.0,0.62,-0.087,0
5505,71,1,7,1.069,0.605,0.687,0.0,0.277,0.435,0
5506,68,0,6,0.89,0.632,0.629,0.0,0.272,0.087,0
5507,70,1,8,0.915,0.587,0.521,0.0,0.092,0.18,0
5508,73,1,6,0.706,0.704,0.794,0.0,0.004,-0.051,0
5509,35,1,7,0.953,0.612,0.669,0.0,0.024,0.093,0
5510,57,1,9,1.039,0.533,0.852,0.0,0.359,0.323,0
5511,59,0,4,0.735,0.576,0.631,0.0,0.108,-0.019,0
5512,80,0,9,0.784,0.538,1.059,0.0,0.518,-0.03,0
5513,73,0,8,0.795,0.717,0.818,0.5,0.067,0.136,1
5514,78,0,3,0.669,0.665,0.546,0.0,0.032,-0.07,0
5515,60,1,10,1.032,0.635,0.642,0.5,0.071,0.349,0
5516,35,0,7,0.683,0.535,0.904,1.0,0.472,0.059,0
5517,81,1,4,0.908,0.634,0.609,0.5,0.19,0.349,0
5518,77,0,5,0.792,0.622,0.814,0.0,0.37,-0.012,0
5519,70,1,7,0.875,0.544,0.7,0.5,0.53,0.233,0
5520,50,1,11,1.01,0.57,1.044,0.5,0.739,0.381,0
5521,83,1,6,0.683,0.637,0.764,0.0,0.371,0.003,0
5522,44,0,7,0.835,0.567,0.698,0.25,-0.067,0.216,1
5523,48,0,4,0.854,0.695,0.669,0.0,0.118,0.124,0
5524,76,1,3,1.009,0.587,0.59,0.0,0.338,0.241,0
5525,83,0,4,0.816,0.662,0.461,0.0,0.117,0.099,0
5526,71,0,10,1.058,0.526,0.594,0.0,0.329,0.427,0
5527,75,1,4,1.044,0.556,0.56,0.25,0.258,0.523,0
5528,79,1,7,0.886,0.603,0.97,1.0,0.534,0.163,0
5529,34,0,5,0.664,0.544,0.344,0.25,0.024,0.038,0
5530,74,0,6,0.766,0.558,0.671,0.0,0.084,0.016,1
5531,59,0,5,0.68,0.602,0.343,1.0,-0.201,-0.079,0
5532,35,0,6,0.738,0.713,0.632,1.0,0.243,-0.006,0
5533,31,0,8,0.749,0.689,0.79,0.0,0.674,0.049,0
5534,33,1,5,0.822,0.456,0.466,0.0,0.08,0.04,0
5535,51,0,12,1.145,0.439,0.828,0.0,0.424,0.352,0
5536,46,0,10,0.835,0.643,0.911,0.0,0.362,-0.052,0
5537,65,0,4,0.882,0.528,0.757,0.5,0.673,0.123,0
5538,62,0,9,1.151,0.588,0.907,0.75,0.374,0.529,0
5539,68,1,5,0.877,0.571,0.528,0.5,0.064,0.016,0
5540,33,1,9,0.962,0.633,1.109,0.0,0.515,0.374,0
5541,44,1,10,1.037,0.499,0.771,1.0,0.319,0.381,1
5542,75,1,12,0.912,0.706,0.956,1.0,-0.034,0.064,0
5543,57,1,10,0.983,0.55,0.769,0.25,0.606,0.283,0
5544,77,0,8,1.028,0.607,0.715,0.75,0.198,0.328,0
5545,51,1,4,0.66,0.43,0.621,0.0,-0.118,0.06,0
5546,71,1,8,0.842,0.531,0.673,1.0,0.283,0.168,0
5547,56,0,7,0.866,0.552,0.844,0.5,0.121,0.164,0
5548,46,0,3,0.676,0.547,0.7,0.0,0.347,-0.112,0
5549,47,0,12,0.876,0.526,0.663,0.25,0.353,0.058,0
5550,83,1,7,0.949,0.6,0.726,1.0,0.243,0.301,0
5551,53,1,4,0.982,0.498,0.496,0.0,-0.275,0.28,0
5552,37,0,4,0.658,0.606,0.684,0.75,0.345,-0.221,0
5553,51,1,6,0.679,0.606,0.673,0.0,0.347,-0.411,0
5554,78,0,5,0.636,0.696,0.571,0.75,-0.231,-0.142,0
5555,49,1,11,0.783,0.65,0.546,0.25,-0.121,0.053,0
5556,53,0,7,0.818,0.555,0.571,0.0,-0.004,0.051,0
5557,63,1,3,0.731,0.637,0.847,0.0,0.186,0.204,0
5558,48,1,7,0.917,0.651,0.647,0.0,-0.05,0.298,0
5559,30,0,7,1.078,0.7,0.689,0.25,0.209,0.353,0
5560,40,0,8,1.002,0.7,0.713,0.0,0.139,0.299,0
5561,37,1,7,0.943,0.534,0.655,1.0,0.237,0.175,0
5562,62,0,8,0.872,0.592,0.758,0.75,-0.007,0.091,0
5563,39,1,12,0.859,0.536,0.837,0.0,0.481,0.235,0
5564,62,0,9,1.078,0.606,0.876,0.0,0.532,0.246,0
5565,50,1,10,0.796,0.607,0.802,0.5,0.617,-0.038,1
5566,47,0,10,1.043,0.642,0.882,0.0,0.65,0.33,0
5567,74,0,12,0.7,0.567,0.711,1.0,0.094,-0.126,1
5568,46,0,10,1.017,0.486,0.759,0.0,0.178,0.29,1
5569,56,1,10,0.85,0.7,0.762,0.0,-0.012,0.156,0
5570,30,1,10,1.011,0.622,0.969,0.25,0.432,0.073,0
5571,73,0,9,0.95,0.51,0.7,0.75,0.22,0.149,0
5572,36,1,10,0.873,0.521,1.015,0.75,0.472,-0.045,0
5573,67,1,12,0.976,0.502,0.834,0.0,0.319,0.135,1
5574,58,0,7,1.018,0.469,0.629,0.0,0.099,0.367,0
5575,73,0,11,0.971,0.626,1.026,0.0,0.731,0.271,0
5576,67,0,11,0.835,0.468,1.046,0.5,0.67,0.206,0
5577,54,1,7,0.999,0.516,0.737,0.5,0.391,0.057,0
5578,80,0,8,0.7,0.509,0.817,0.0,0.347,-0.093,0
5579,78,1,10,0.744,0.732,0.735,1.0,0.384,0.099,0
5580,37,0,8,0.793,0.535,0.776,0.5,0.116,0.05,1
5581,31,1,7,0.755,0.7,0.538,0.75,-0.028,0.055,0
5582,74,1,9,0.942,0.508,0.357,0.75,0.077,0.24,0
5583,33,1,12,0.914,0.618,1.026,0.0,0.613,0.253,0
5584,44,0,4,0.872,0.702,0.656,0.5,0.268,0.089,0
5585,33,0,12,0.866,0.481,0.979,0.5,0.533,0.221,0
5586,79,0,6,0.831,0.623,0.786,0.0,0.383,0.114,0
5587,81,0,4,1.028,0.409,0.484,0.25,-0.268,0.212,1
5588,72,1,11,0.858,0.667,0.956,0.75,0.519,0.058,0
5589,35,0,7,0.961,0.62,0.581,0.0,0.294,0.15,0
5590,63,1,10,0.948,0.493,0.991,0.75,0.348,0.274,0
5591,46,1,10,0.888,0.605,0.94,0.0,0.438,0.142,1
5592,81,1,10,1.001,0.579,0.712,0.0,0.285,0.355,1
5593,68,1,6,0.7,0.726,0.912,0.75,0.531,0.288,0
5594,68,0,6,1.014,0.779,0.791,0.75,0.294,0.413,0
5595,30,1,6,0.671,0.569,0.753,0.0,0.124,-0.027,0
5596,54,0,12,1.063,0.54,0.794,0.0,0.336,0.26,0
5597,55,1,6,0.727,0.62,0.756,0.0,0.333,-0.034,1
5598,41,0,10,0.926,0.531,0.55,0.25,0.144,0.237,0
5599,69,1,6,1.034,0.619,0.794,0.0,0.15,0.336,1
5600,65,0,3,0.551,0.53,0.546,0.0,-0.274,-0.184,0
5601,31,0,7,0.817,0.483,0.673,0.5,0.244,0.189,0
5602,52,0,12,0.853,0.665,1.097,0.25,0.711,0.515,0
5603,78,1,11,0.903,0.609,0.975,1.0,0.37,0.116,1
5604,37,1,4,0.809,0.741,0.422,1.0,-0.246,-0.016,0
5605,54,0,12,1.15,0.443,0.785,0.0,0.141,0.411,1
5606,52,1,12,0.963,0.581,0.921,0.0,0.378,0.117,1
5607,57,0,8,0.651,0.557,0.578,0.0,0.378,0.021,0
5608,82,1,5,0.538,0.608,0.631,0.0,-0.12,-0.159,0
5609,67,0,7,0.962,0.477,0.656,0.25,0.322,0.285,1
5610,35,1,6,0.661,0.593,0.615,0.25,-0.268,-0.123,0
5611,51,1,12,0.937,0.538,1.042,0.0,0.677,0.148,0
5612,55,1,11,0.902,0.56,0.545,0.0,0.034,0.472,0
5613,53,1,10,0.855,0.74,0.982,0.0,0.291,0.236,1
5614,62,1,4,0.672,0.734,0.207,0.0,-0.237,-0.27,0
5615,63,1,4,0.977,0.634,0.541,0.0,0.206,0.129,0
5616,32,1,5,0.795,0.754,0.669,0.0,0.115,0.241,0
5617,68,0,9,0.873,0.54,0.883,0.5,0.323,0.027,1
5618,36,0,12,0.901,0.525,1.173,0.75,0.532,0.11,0
5619,32,1,10,0.806,0.58,1.067,0.0,0.846,0.028,0
5620,31,1,4,0.777,0.596,0.723,0.5,0.617,0.077,0
5621,35,1,12,1.004,0.546,1.0,0.5,0.3,0.265,0
5622,40,1,10,1.047,0.748,1.02,0.0,0.503,0.318,0
5623,63,1,6,0.772,0.558,0.555,0.25,0.025,0.083,0
5624,48,0,7,0.839,0.576,0.56,0.25,-0.022,0.016,0
5625,38,1,4,0.929,0.616,0.457,0.75,0.034,0.297,0
5626,60,0,9,0.7,0.715,0.717,0.75,0.483,-0.024,0
5627,81,0,8,0.79,0.535,0.726,0.25,0.257,0.136,0
5628,56,0,3,0.823,0.59,0.541,0.5,0.32,0.18,0
5629,73,1,4,0.771,0.671,0.741,0.25,0.335,-0.007,0
5630,39,1,4,0.739,0.648,0.554,0.5,-0.11,0.339,0
5631,65,1,7,0.942,0.573,0.47,0.25,0.209,0.168,0
5632,61,1,11,1.081,0.491,0.7,0.5,0.365,0.192,0
5633,64,1,8,0.874,0.604,0.628,0.0,0.157,-0.005,0
5634,68,1,6,0.913,0.578,0.782,0.0,0.267,0.223,1
5635,63,0,5,0.716,0.567,0.484,0.25,0.159,-0.169,0
5636,40,1,12,1.001,0.502,1.002,0.0,0.545,0.291,0
5637,54,1,7,0.867,0.678,0.766,0.5,0.203,0.125,1
5638,36,0,8,0.748,0.606,0.896,0.5,0.357,0.029,1
5639,63,1,5,0.966,0.636,0.613,0.0,-0.021,0.138,0
5640,83,1,5,0.914,0.477,0.693,0.25,0.087,0.265,1
5641,45,0,12,0.864,0.484,1.127,0.0,0.49,0.277,0
5642,52,0,11,1.003,0.576,0.745,0.5,0.461,0.453,0
5643,68,0,8,0.847,0.658,0.801,0.0,0.481,0.077,0
5644,60,1,4,0.8,0.67,0.538,0.0,0.381,0.143,0
5645,37,0,12,1.089,0.561,0.647,0.0,-0.109,0.322,0
5646,79,1,12,1.035,0.41,0.903,0.25,0.446,0.255,0
5647,64,0,12,0.9,0.598,0.669,0.25,0.169,0.274,0
5648,40,1,4,0.772,0.608,0.399,0.0,-0.003,0.02,0
5649,67,1,11,1.141,0.524,1.063,0.75,0.719,0.595,0
5650,44,1,12,1.029,0.539,1.122,0.0,0.422,0.277,0
5651,46,0,3,0.764,0.518,0.43,0.75,-0.044,-0.058,0
5652,34,0,8,0.883,0.579,0.693,1.0,0.099,0.153,0
5653,66,0,4,0.748,0.674,0.7,0.0,0.137,0.119,0
5654,48,0,8,0.946,0.59,0.792,0.0,0.498,-0.004,0
5655,70,0,12,0.883,0.427,0.973,0.0,0.275,0.257,0
5656,70,1,6,0.885,0.543,1.011,0.0,0.51,0.253,0
5657,54,1,12,0.829,0.853,0.837,0.5,0.256,0.183,0
5658,59,0,4,0.866,0.398,0.581,0.0,0.182,-0.028,0
5659,34,0,7,0.786,0.727,0.621,0.25,0.12,-0.025,0
5660,32,1,4,1.035,0.787,0.455,0.0,0.137,0.455,0
5661,47,1,6,0.876,0.583,0.9,0.25,0.288,0.003,0
5662,68,0,5,0.893,0.567,0.43,0.0,-0.036,0.243,0
5663,84,0,4,0.77,0.521,0.714,0.0,0.153,-0.109,0
5664,52,1,4,0.712,0.578,0.716,0.0,0.285,0.012,1
5665,47,0,5,0.791,0.682,0.961,0.75,0.405,0.129,0
5666,56,0,8,0.776,0.574,1.028,0.0,0.624,0.105,1
5667,52,0,12,0.87,0.601,0.83,0.25,0.515,0.1,0
5668,78,0,8,0.845,0.666,0.575,0.5,0.1,-0.008,0
5669,60,0,4,0.723,0.552,0.637,0.0,-0.238,-0.183,0
5670,68,0,11,1.034,0.47,1.106,0.0,0.89,0.261,0
5671,60,1,10,0.926,0.568,0.763,0.0,0.351,0.32,1
5672,56,0,5,0.872,0.601,0.372,0.0,-0.274,0.205,0
5673,46,1,12,1.171,0.618,0.91,0.5,0.772,0.338,0
5674,30,0,6,1.002,0.512,0.759,1.0,-0.209,0.259,0
5675,33,1,5,0.662,0.611,0.714,1.0,0.243,-0.026,0
5676,66,0,4,0.904,0.678,0.209,0.0,-0.422,0.09,0
5677,40,0,4,0.818,0.695,0.739,1.0,-0.028,0.03,0
5678,45,0,4,1.192,0.646,0.625,1.0,0.242,0.629,0
5679,84,0,12,0.93,0.463,0.953,0.5,0.663,0.208,0
5680,43,1,9,0.913,0.617,0.573,0.25,0.237,0.334,0
5681,80,1,3,0.797,0.51,0.269,0.0,-0.174,0.104,0
5682,76,1,11,0.958,0.585,1.08,0.5,0.575,0.137,1
5683,44,0,10,1.043,0.541,0.898,1.0,0.478,0.277,1
5684,35,0,6,0.716,0.535,0.278,0.25,-0.316,0.06,0
5685,38,1,3,0.933,0.603,0.544,0.0,0.226,-0.084,0
5686,42,1,5,0.883,0.524,0.572,0.0,0.178,0.263,0
5687,33,0,6,0.839,0.612,0.7,0.5,0.42,0.056,0
5688,77,0,9,0.827,0.614,0.767,0.0,0.628,0.083,1
5689,71,1,9,0.921,0.55,0.536,1.0,0.038,0.096,0
5690,38,1,4,1.073,0.572,0.619,0.0,-0.237,0.41,0
5691,46,1,11,0.989,0.35,1.112,0.25,0.392,0.236,0
5692,41,0,12,0.73,0.42,0.759,0.0,0.056,0.012,0
5693,30,0,8,0.837,0.535,0.855,0.75,0.354,-0.176,0
5694,83,0,12,1.063,0.609,0.762,0.0,0.372,0.353,1
5695,83,0,9,0.696,0.657,0.869,0.75,0.386,-0.087,0
5696,52,0,9,1.057,0.581,0.995,0.5,0.603,0.3,0
5697,43,1,4,1.051,0.702,0.67,0.25,0.257,0.359,0
5698,83,1,9,0.959,0.496,0.363,0.5,-0.145,0.259,1
5699,83,0,11,0.939,0.442,1.016,0.0,0.389,0.06,0
5700,32,1,11,0.97,0.498,1.127,0.5,0.73,0.088,0
5701,58,0,11,1.026,0.7,0.974,0.5,0.604,0.222,1
5702,31,1,6,1.067,0.588,0.93,0.0,0.558,0.318,0
5703,34,1,10,0.955,0.622,0.716,0.25,-0.023,0.104,1
5704,69,1,3,0.801,0.382,0.69,0.25,0.424,0.135,0
5705,69,0,4,0.597,0.485,0.935,0.0,0.317,0.035,0
5706,70,1,11,0.822,0.573,0.705,0.5,0.138,-0.063,0
5707,42,0,5,0.884,0.579,0.719,0.5,0.207,0.007,1
5708,60,0,6,0.867,0.535,0.558,0.0,-0.041,0.036,0
5709,66,0,5,0.742,0.662,0.686,0.5,0.513,-0.025,0
5710,55,0,11,0.86,0.464,0.902,1.0,0.421,0.124,0
5711,31,1,6,0.96,0.549,0.64,0.0,-0.222,0.309,0
5712,79,1,8,0.892,0.533,0.897,0.5,0.718,-0.05,0
5713,63,0,6,0.875,0.521,0.691,0.0,0.114,0.012,1
5714,40,0,12,1.042,0.538,0.96,0.0,0.62,0.263,0
5715,55,1,9,0.824,0.565,0.613,0.0,0.2,0.195,0
5716,44,0,11,0.939,0.446,0.71,1.0,0.361,0.131,0
5717,41,1,9,0.871,0.602,0.741,0.25,0.244,0.211,0
5718,70,1,10,0.93,0.579,0.689,0.0,-0.324,0.098,0
5719,59,0,6,0.605,0.632,0.241,0.5,-0.459,-0.094,0
5720,82,1,9,1.168,0.529,0.695,0.0,0.33,0.559,0
5721,47,1,6,0.801,0.609,0.7,0.25,0.098,0.193,1
5722,65,0,5,1.002,0.651,0.562,0.5,0.161,0.42,0
5723,79,0,12,1.011,0.461,1.098,0.0,0.681,0.325,0
5724,82,1,6,0.715,0.711,0.532,0.25,-0.073,-0.077,0
5725,41,0,11,0.833,0.427,0.951,0.0,0.571,0.01,0
5726,79,1,4,0.751,0.619,0.445,0.0,0.209,0.098,0
5727,40,1,7,0.887,0.588,0.588,0.0,-0.305,0.416,0
5728,62,1,9,0.913,0.61,1.011,0.0,0.873,0.048,1
5729,31,1,8,0.912,0.631,0.773,0.5,0.012,0.146,1
5730,78,1,9,1.088,0.679,0.783,0.75,0.286,0.227,0
5731,75,1,9,0.756,0.471,0.899,0.75,0.504,-0.191,0
5732,63,0,10,0.882,0.619,0.769,0.75,0.276,0.088,1
5733,65,0,7,0.866,0.513,0.84,0.0,0.385,0.164,0
5734,69,0,12,1.005,0.501,0.892,1.0,0.536,0.424,1
5735,40,1,3,0.762,0.662,0.382,0.75,-0.073,0.185,0
5736,53,1,3,0.713,0.424,0.225,0.5,0.013,0.071,0
5737,84,1,12,0.911,0.541,1.37,0.25,1.004,0.211,0
5738,56,0,11,0.872,0.523,0.69,0.0,0.316,0.158,0
5739,74,0,6,1.032,0.591,0.442,0.0,0.009,0.441,0
5740,64,0,8,0.801,0.597,0.944,0.5,0.281,0.006,0
5741,46,1,8,0.997,0.447,0.74,0.0,0.087,0.297,0
5742,37,0,6,0.78,0.643,0.695,0.75,0.277,-0.146,0
5743,33,0,3,0.753,0.656,0.379,0.0,-0.321,-0.063,0
5744,61,1,8,0.735,0.642,0.827,0.0,0.172,0.009,1
5745,60,0,3,0.921,0.644,0.476,0.0,-0.027,0.247,0
5746,79,0,9,0.7,0.572,0.543,0.5,-0.035,0.124,0
5747,31,1,5,0.765,0.468,0.465,0.25,0.151,-0.048,0
5748,35,1,12,0.919,0.445,0.877,0.0,0.44,0.189,1
5749,61,0,12,0.88,0.638,1.047,0.0,0.509,0.058,0
5750,57,1,6,0.933,0.631,0.811,0.25,0.133,0.305,0
5751,72,1,4,0.769,0.647,0.348,0.5,-0.0,0.102,0
5752,45,1,8,0.992,0.579,1.077,0.5,0.405,0.095,1
5753,43,1,9,0.793,0.694,0.722,0.0,0.351,0.004,0
5754,43,1,9,0.977,0.552,0.469,0.75,-0.024,0.092,0
5755,37,1,4,0.899,0.7,0.862,0.75,0.362,0.224,0
5756,32,1,4,0.877,0.549,0.754,0.75,0.14,0.177,0
5757,64,0,5,0.989,0.535,0.662,0.0,0.194,0.331,0
5758,46,0,10,1.125,0.555,0.548,0.25,0.305,0.545,0
5759,54,1,4,0.908,0.585,0.765,0.0,0.356,-0.116,0
5760,81,0,8,0.874,0.58,0.581,0.0,-0.042,-0.027,0
5761,68,1,9,1.013,0.38,0.519,0.0,0.56,0.313,0
5762,72,1,7,0.712,0.54,0.407,0.25,0.17,0.02,0
5763,79,0,12,1.116,0.7,0.937,0.0,0.246,0.352,0
5764,65,0,5,0.863,0.675,0.33,0.0,-0.115,0.196,0
5765,84,0,10,1.042,0.592,0.947,0.0,0.284,0.081,1
5766,40,0,5,1.005,0.7,0.63,0.5,-0.097,0.372,0
5767,63,1,11,0.886,0.559,0.924,0.0,0.224,0.182,0
5768,82,0,7,0.93,0.563,0.681,0.0,0.079,0.095,1
5769,54,0,10,0.629,0.629,0.969,0.0,0.548,0.015,0
5770,57,1,10,0.886,0.42,0.824,0.75,0.28,0.239,0
5771,48,0,8,0.93,0.59,0.854,0.0,0.299,0.157,0
5772,47,1,6,0.877,0.589,0.696,0.75,0.442,0.177,1
5773,80,0,8,0.794,0.527,0.711,0.0,-0.078,0.066,0
5774,51,1,9,0.889,0.409,0.687,0.5,0.278,0.249,0
5775,74,1,11,0.988,0.514,0.754,0.5,0.434,0.23,1
5776,39,0,10,0.892,0.592,0.667,0.5,0.327,0.304,1
5777,37,1,5,0.781,0.658,0.746,1.0,0.184,0.059,0
5778,65,1,4,0.872,0.496,0.54,0.0,0.01,0.278,0
5779,48,1,4,0.56,0.52,0.583,0.0,-0.061,-0.162,0
5780,66,0,6,0.776,0.7,0.625,0.0,0.268,-0.005,0
5781,52,0,9,0.886,0.59,0.618,0.0,0.334,0.059,0
5782,40,1,10,0.959,0.647,0.699,1.0,0.179,0.25,0
5783,48,1,4,0.929,0.546,0.546,0.75,-0.251,0.229,0
5784,40,0,5,0.807,0.557,0.472,1.0,0.066,0.111,0
5785,31,0,6,0.992,0.56,1.021,0.0,0.673,0.489,0
5786,83,0,10,0.82,0.623,0.84,0.0,-0.012,-0.098,0
5787,46,0,8,0.695,0.661,0.872,0.0,0.184,-0.157,0
5788,46,1,4,0.775,0.7,0.601,0.5,0.68,0.08,0
5789,38,0,9,0.817,0.527,0.756,0.5,0.33,0.174,0
5790,68,1,7,0.822,0.408,0.546,0.5,0.004,0.145,1
5791,83,0,5,0.956,0.596,0.562,0.0,-0.138,0.165,0
5792,30,0,3,0.765,0.656,0.317,0.0,-0.117,0.277,0
5793,45,1,11,0.723,0.417,0.829,0.25,0.451,-0.045,0
5794,60,0,6,0.777,0.405,0.587,0.5,0.149,0.186,0
5795,54,1,7,0.697,0.635,0.628,0.5,0.003,-0.003,0
5796,71,1,8,0.723,0.674,1.087,0.0,0.649,-0.084,0
5797,41,1,6,0.999,0.581,0.801,0.0,0.603,0.118,0
5798,59,1,12,0.94,0.599,1.212,0.0,0.675,0.131,0
5799,62,1,9,0.751,0.561,0.284,1.0,-0.363,0.058,0
5800,35,0,5,0.858,0.682,0.592,0.25,-0.103,0.239,0
5801,42,1,6,0.867,0.705,0.8,0.0,0.405,0.078,1
5802,82,0,5,0.769,0.611,0.766,0.75,0.456,0.0,1
5803,30,0,8,0.889,0.632,0.43,0.0,0.118,0.303,0
5804,78,1,3,0.803,0.546,0.583,0.0,0.259,-0.056,0
5805,33,0,11,0.831,0.369,0.922,0.75,0.227,0.221,0
5806,31,0,11,1.173,0.48,0.7,0.75,0.239,0.633,0
5807,72,0,4,0.94,0.78,0.317,0.75,0.008,0.333,0
5808,36,1,4,0.762,0.726,0.445,0.75,0.048,0.147,0
5809,67,1,10,1.012,0.532,0.94,0.0,0.336,0.297,1
5810,72,0,9,0.773,0.538,0.901,1.0,0.402,-0.083,0
5811,64,1,3,0.744,0.652,0.775,0.5,0.187,0.077,0
5812,53,1,10,0.858,0.463,0.645,0.0,0.017,0.044,0
5813,46,1,10,0.916,0.58,0.882,0.5,0.367,0.184,0
5814,39,0,7,0.7,0.505,0.998,0.0,0.227,0.209,0
5815,62,0,9,0.943,0.547,0.544,0.5,0.351,0.243,0
5816,75,1,7,0.766,0.669,0.771,0.0,0.14,0.193,0
5817,62,1,6,0.815,0.495,0.857,0.0,0.407,0.013,0
5818,51,1,10,0.963,0.417,0.951,0.5,0.568,0.058,0
5819,54,1,9,1.104,0.546,0.976,0.0,0.54,0.196,1
5820,66,1,4,1.027,0.491,0.59,0.0,-0.017,0.435,0
5821,59,1,11,0.922,0.667,1.222,0.0,0.803,0.039,0
5822,64,1,12,1.007,0.549,0.967,0.0,0.559,0.065,1
5823,64,0,11,0.893,0.531,0.98,0.5,0.732,0.094,1
5824,55,1,3,0.453,0.776,0.793,0.75,0.234,-0.243,1
5825,35,0,10,1.02,0.693,1.072,1.0,0.388,0.37,0
5826,80,0,5,0.728,0.664,0.685,0.25,-0.015,-0.014,1
5827,79,1,3,0.617,0.671,0.831,0.0,0.475,0.031,1
5828,63,0,12,0.844,0.453,1.026,0.0,0.522,0.017,0
5829,70,1,5,0.65,0.632,0.606,0.5,0.223,-0.29,0
5830,45,0,7,0.673,0.532,0.804,0.75,0.281,-0.152,1
5831,60,0,10,0.7,0.614,0.638,0.25,0.196,-0.149,0
5832,84,0,6,0.734,0.649,0.606,0.25,0.119,0.034,0
5833,57,0,5,0.7,0.636,0.536,0.5,-0.166,0.004,0
5834,66,0,11,1.075,0.438,0.667,0.0,0.027,0.325,0
5835,54,1,12,1.049,0.428,0.993,0.5,0.702,0.533,0
5836,33,0,4,0.913,0.46,0.28,0.0,-0.361,0.254,0
5837,35,0,3,0.671,0.598,0.541,0.0,0.108,0.009,0
5838,43,0,9,1.086,0.441,0.766,0.0,0.152,0.084,0
5839,70,1,7,0.78,0.557,0.646,0.0,0.272,0.081,0
5840,38,1,12,1.128,0.486,0.601,0.0,-0.02,0.454,0
5841,39,1,4,0.791,0.657,0.307,0.25,0.013,-0.055,0
5842,41,1,3,0.781,0.536,0.673,0.5,0.328,-0.047,1
5843,56,0,7,0.897,0.601,0.71,0.0,0.39,-0.132,0
5844,83,0,3,0.738,0.639,0.329,0.5,-0.06,0.037,0
5845,35,1,3,0.688,0.637,0.286,0.0,-0.016,0.054,0
5846,31,0,4,0.694,0.69,0.606,0.25,0.423,0.053,0
5847,72,0,9,0.802,0.707,0.929,0.5,0.417,0.174,1
5848,78,1,5,0.788,0.584,0.325,0.0,-0.27,-0.138,1
5849,63,0,6,0.785,0.565,0.918,0.25,0.487,-0.002,0
5850,42,1,9,0.863,0.508,1.013,1.0,0.632,0.062,0
5851,46,1,6,0.691,0.618,0.724,0.75,0.043,-0.007,0
5852,72,1,11,1.259,0.55,0.632,0.0,0.343,0.645,0
5853,54,0,5,0.91,0.699,0.603,0.0,0.079,0.175,0
5854,65,1,9,0.896,0.507,1.051,0.0,0.56,0.282,0
5855,76,1,12,0.741,0.449,0.739,0.5,0.315,0.04,0
5856,58,0,8,0.987,0.526,0.892,0.25,0.449,-0.042,1
5857,60,1,6,0.894,0.7,0.667,0.25,0.168,0.02,0
5858,71,0,8,0.736,0.566,0.872,0.0,0.346,0.002,1
5859,39,0,6,0.894,0.594,0.7,0.5,0.173,0.032,1
5860,35,0,10,0.864,0.473,0.85,0.0,0.27,0.145,0
5861,46,1,4,0.943,0.568,0.53,0.0,0.148,0.15,0
5862,67,0,12,0.9,0.636,0.927,0.75,0.516,-0.041,0
5863,56,1,6,0.731,0.681,0.69,0.25,0.337,0.072,0
5864,32,0,6,1.06,0.518,0.582,0.0,0.052,0.599,0
5865,70,0,6,0.78,0.603,0.734,0.0,0.269,0.184,0
5866,70,0,9,0.886,0.524,0.696,0.5,0.222,0.186,0
5867,70,0,8,0.942,0.536,0.795,0.0,0.066,0.328,1
5868,38,1,8,0.953,0.553,0.669,1.0,0.073,0.031,1
5869,43,0,7,0.814,0.7,0.785,0.0,0.231,0.251,0
5870,75,0,7,1.06,0.537,0.579,0.75,0.087,0.21,0
5871,73,1,12,0.862,0.533,0.903,0.0,0.354,0.134,0
5872,68,0,12,1.287,0.55,0.82,0.0,0.61,0.539,0
5873,44,1,11,1.023,0.484,0.838,0.25,0.699,0.23,0
5874,84,1,5,0.75,0.582,0.492,0.25,-0.17,-0.074,0
5875,81,1,10,0.973,0.627,1.083,0.0,0.563,0.196,0
5876,46,1,6,0.978,0.626,0.918,0.0,0.454,0.068,1
5877,47,0,3,1.037,0.492,0.493,0.25,-0.124,0.384,0
5878,82,1,4,0.633,0.577,0.3,0.0,0.06,-0.273,0
5879,40,1,12,0.849,0.485,0.636,0.0,-0.093,0.117,0
5880,44,1,6,0.983,0.669,0.889,0.0,0.636,0.195,0
5881,68,1,8,0.817,0.617,0.544,1.0,0.094,0.022,0
5882,54,1,6,0.599,0.67,0.432,0.0,-0.207,-0.101,0
5883,54,1,6,0.953,0.626,0.818,1.0,0.267,0.039,0
5884,67,1,5,0.7,0.467,0.645,0.25,0.109,0.003,0
5885,39,0,12,0.753,0.509,0.908,0.25,0.622,-0.231,0
5886,50,0,11,1.012,0.46,0.962,0.0,0.354,0.172,0
5887,82,1,12,1.03,0.451,0.854,0.0,0.452,0.147,1
5888,39,0,9,0.796,0.7,0.913,0.25,0.59,0.177,0
5889,74,0,12,0.941,0.7,0.843,0.0,0.166,0.234,1
5890,40,0,3,1.025,0.652,0.751,0.0,0.112,-0.017,0
5891,83,1,7,0.977,0.597,0.685,0.25,0.115,0.363,1
5892,80,1,11,0.954,0.63,0.751,0.0,0.589,0.161,0
5893,84,0,4,0.891,0.605,0.512,0.25,-0.0,0.161,0
5894,56,0,8,0.725,0.361,0.563,0.0,0.042,-0.056,0
5895,49,0,3,0.833,0.511,0.536,0.0,0.102,0.043,0
5896,82,0,10,1.113,0.662,0.511,0.0,-0.074,0.593,0
5897,79,1,5,0.738,0.742,0.632,0.5,0.207,0.013,0
5898,65,1,7,0.912,0.551,0.858,0.0,0.464,0.14,0
5899,30,1,8,0.923,0.494,0.544,1.0,0.177,0.17,0
5900,55,1,4,0.857,0.707,0.65,0.0,0.126,0.244,0
5901,30,1,8,0.804,0.559,0.955,0.5,0.707,0.201,0
5902,71,1,5,0.828,0.623,0.796,1.0,0.325,0.048,0
5903,50,1,6,0.975,0.502,0.73,0.0,0.399,0.102,0
5904,81,0,6,0.849,0.661,0.911,0.0,0.613,0.055,0
5905,51,0,6,0.966,0.603,0.7,0.0,0.3,0.355,0
5906,43,0,11,1.145,0.538,0.903,0.0,0.247,0.357,0
5907,59,1,4,0.605,0.453,0.432,0.0,-0.306,-0.22,0
5908,57,1,9,0.919,0.547,0.746,0.0,0.194,0.275,1
5909,72,1,7,0.994,0.595,0.534,0.0,0.168,0.22,0
5910,40,0,4,0.532,0.717,0.878,0.0,0.661,-0.167,0
5911,39,0,7,1.016,0.495,0.405,0.75,-0.373,0.244,0
5912,54,0,6,0.798,0.613,0.747,0.0,0.23,-0.046,0
5913,78,1,11,0.963,0.613,0.795,0.0,0.262,0.105,0
5914,61,1,8,0.967,0.573,0.747,1.0,0.359,0.127,0
5915,72,0,4,0.904,0.599,0.484,0.25,0.066,0.013,0
5916,41,0,5,0.725,0.617,0.742,0.5,0.276,-0.173,0
5917,45,0,3,0.935,0.506,0.483,0.0,0.117,0.351,0
5918,50,1,9,0.829,0.513,0.766,0.0,-0.042,0.074,0
5919,61,0,5,0.921,0.7,0.47,0.25,0.111,0.396,0
5920,40,1,7,1.113,0.654,0.681,0.0,0.241,0.188,0
5921,75,1,8,0.948,0.7,0.964,0.0,0.433,0.165,0
5922,57,1,7,0.7,0.555,0.553,0.75,-0.01,-0.054,0
5923,43,0,8,0.799,0.579,0.619,1.0,0.267,0.006,0
5924,55,0,8,1.15,0.49,0.812,1.0,0.632,0.34,0
5925,81,0,5,0.871,0.773,1.006,0.0,0.508,0.06,0
5926,74,1,10,0.855,0.567,0.859,0.0,0.351,-0.184,1
5927,41,0,4,0.905,0.598,0.552,0.0,-0.155,0.046,0
5928,43,1,7,0.836,0.551,0.835,0.25,-0.034,-0.012,0
5929,39,0,5,0.855,0.803,0.782,0.0,0.266,0.02,0
5930,47,0,4,0.746,0.738,0.587,0.5,0.019,-0.167,0
5931,62,0,12,0.92,0.481,1.007,0.25,0.546,0.177,0
5932,43,1,10,0.997,0.52,0.443,0.25,0.298,-0.021,0
5933,36,0,10,1.012,0.56,1.021,0.0,0.573,0.245,0
5934,46,0,9,0.752,0.471,0.715,0.0,0.408,-0.179,0
5935,49,0,10,0.853,0.514,0.796,0.0,0.425,-0.017,0
5936,70,1,12,1.017,0.647,0.782,0.25,0.069,0.42,0
5937,47,0,4,0.863,0.627,0.482,0.25,0.118,0.094,0
5938,55,1,10,0.95,0.574,0.932,0.0,0.567,0.403,1
5939,51,0,10,0.891,0.529,0.792,1.0,0.054,0.149,0
5940,65,1,3,0.97,0.563,0.363,0.5,-0.202,0.056,0
5941,32,1,6,0.807,0.499,0.908,0.5,0.399,-0.018,0
5942,69,1,6,0.974,0.523,0.527,0.0,-0.059,0.25,0
5943,52,1,9,0.784,0.513,0.952,0.25,0.723,0.089,0
5944,42,1,7,0.902,0.512,0.845,0.25,0.243,0.184,1
5945,79,1,9,0.705,0.559,0.844,0.0,0.651,0.127,0
5946,35,1,10,0.966,0.555,0.966,0.0,0.577,0.189,1
5947,76,0,5,0.689,0.611,0.7,0.0,0.037,0.183,1
5948,48,0,8,0.726,0.632,0.686,0.5,0.02,-0.101,0
5949,42,0,7,0.76,0.557,0.749,0.0,0.294,0.075,0
5950,34,0,10,0.96,0.611,0.99,0.5,0.605,0.03,0
5951,77,1,7,0.761,0.583,0.431,0.75,-0.129,0.264,0
5952,78,0,9,0.833,0.464,0.856,0.0,0.327,0.07,1
5953,56,0,5,0.793,0.591,0.555,0.0,0.398,-0.047,0
5954,38,0,11,0.939,0.641,0.856,0.0,0.446,0.193,0
5955,59,0,4,0.836,0.677,0.568,0.0,0.118,-0.305,0
5956,78,1,7,0.871,0.427,0.889,0.0,0.686,0.071,0
5957,40,0,5,0.784,0.583,0.477,0.25,0.28,-0.054,0
5958,81,1,4,0.955,0.577,0.455,0.25,-0.245,0.236,0
5959,50,0,12,0.86,0.538,0.765,0.75,-0.054,0.142,0
5960,58,1,11,1.052,0.415,1.086,0.0,0.527,0.191,0
5961,47,0,7,0.978,0.582,0.606,0.0,0.326,0.231,0
5962,67,1,7,0.854,0.638,0.789,0.25,0.179,0.295,0
5963,37,0,7,0.912,0.639,0.79,0.25,0.086,0.12,0
5964,66,1,3,0.644,0.66,0.327,0.0,-0.182,-0.187,0
5965,35,0,3,0.627,0.65,0.401,1.0,-0.2,-0.071,0
5966,66,1,6,0.939,0.607,0.653,0.0,0.104,0.247,0
5967,74,0,9,1.062,0.563,0.811,0.0,0.601,0.235,0
5968,63,1,12,0.831,0.456,0.736,0.75,0.297,0.091,0
5969,60,0,11,1.237,0.499,0.757,0.25,0.28,0.525,0
5970,69,1,5,0.739,0.496,0.538,0.75,0.181,0.152,0
5971,48,0,6,0.902,0.638,0.911,0.75,0.51,0.294,0
5972,31,0,12,0.871,0.446,0.433,0.0,0.043,0.033,0
5973,42,0,4,1.065,0.61,0.803,0.0,0.556,0.323,0
5974,51,1,3,0.844,0.521,0.425,0.0,-0.398,0.08,0
5975,79,1,11,1.147,0.652,0.902,0.0,0.332,0.597,1
5976,32,1,4,0.701,0.7,0.563,0.0,0.021,-0.14,0
5977,57,1,12,0.827,0.685,1.035,0.75,0.388,0.085,0
5978,81,1,10,1.141,0.507,1.028,0.0,0.443,0.512,0
5979,83,0,10,0.983,0.552,0.55,0.0,0.208,0.177,0
5980,69,1,10,1.127,0.443,0.853,0.0,0.064,0.517,0
5981,42,0,4,0.719,0.509,0.67,0.5,0.326,0.019,0
5982,80,0,9,0.798,0.49,0.921,0.5,0.302,-0.081,1
5983,63,0,12,0.7,0.534,0.726,0.0,0.406,-0.037,0
5984,43,1,4,0.971,0.618,0.115,0.0,-0.275,0.46,0
5985,39,1,7,0.871,0.565,0.7,0.0,0.526,0.107,1
5986,72,1,7,0.805,0.533,0.891,0.5,0.558,0.158,0
5987,79,1,5,0.877,0.652,0.651,0.0,-0.206,0.289,0
5988,65,0,3,0.646,0.553,0.726,0.75,-0.029,-0.04,0
5989,66,1,5,0.77,0.683,0.926,0.0,0.156,0.125,0
5990,73,1,7,0.672,0.641,0.357,0.0,-0.343,-0.099,0
5991,34,1,6,0.994,0.63,0.563,0.0,0.041,0.54,0
5992,75,0,6,1.018,0.633,0.429,1.0,-0.031,0.163,0
5993,37,0,5,0.7,0.489,0.489,0.0,0.063,-0.259,0
5994,82,0,10,1.009,0.455,0.87,0.75,0.709,0.366,0
5995,34,0,3,0.744,0.611,0.76,0.25,0.178,-0.129,0
5996,53,0,10,1.13,0.526,0.81,0.25,0.013,0.283,0
5997,52,1,7,0.898,0.606,0.884,0.0,0.505,0.126,0
5998,69,0,3,0.81,0.694,0.478,0.0,0.295,0.11,0
5999,44,1,9,0.846,0.661,0.942,0.25,0.331,0.146,1
6000,82,0,11,0.871,0.684,0.874,1.0,0.447,0.043,0
6001,51,1,12,0.922,0.608,0.898,0.75,0.343,0.392,0
6002,63,1,7,0.56,0.538,0.716,0.0,0.131,-0.383,0
6003,62,1,6,0.71,0.73,0.647,0.0,0.351,-0.138,0
6004,53,0,8,0.943,0.548,0.8,0.5,0.521,0.085,0
6005,31,1,3,0.871,0.455,0.868,0.5,0.118,0.061,0
6006,79,0,7,0.936,0.564,0.851,0.5,0.596,-0.053,0
6007,64,1,8,0.884,0.517,0.798,0.0,0.146,0.122,0
6008,80,0,5,1.03,0.594,0.493,0.5,0.195,0.383,0
6009,72,1,7,0.818,0.552,0.728,0.0,-0.046,-0.007,0
6010,75,0,12,0.905,0.596,0.859,0.25,0.458,0.133,1
6011,38,1,8,0.699,0.676,1.004,0.0,0.532,-0.093,0
6012,41,1,5,0.825,0.721,0.423,0.25,-0.112,-0.052,0
6013,78,1,3,0.914,0.526,0.569,0.5,0.116,0.228,0
6014,39,0,12,0.645,0.475,1.146,0.0,0.651,-0.094,0
6015,72,0,6,0.887,0.567,0.69,0.5,0.29,0.183,0
6016,41,0,3,0.72,0.507,0.616,0.25,-0.064,0.021,0
6017,55,0,7,0.788,0.614,0.597,0.25,0.406,-0.023,0
6018,30,0,4,0.92,0.516,0.437,0.75,-0.344,0.158,0
6019,76,0,9,1.119,0.638,0.836,0.0,0.549,0.512,0
6020,35,1,9,0.896,0.545,0.992,0.0,0.326,0.004,0
6021,71,0,7,0.754,0.64,0.722,0.75,-0.07,0.032,1
6022,52,0,6,0.855,0.497,0.773,0.0,0.468,0.096,0
6023,69,0,10,1.041,0.568,0.61,0.0,-0.09,0.262,0
6024,31,0,4,0.844,0.632,0.572,0.0,0.287,0.035,0
6025,83,0,8,0.7,0.518,0.692,0.75,0.081,-0.076,0
6026,46,1,9,0.829,0.566,0.7,0.0,0.331,0.119,0
6027,61,1,12,0.936,0.494,0.94,0.5,0.514,0.11,1
6028,52,1,3,0.757,0.678,0.387,1.0,-0.272,-0.152,0
6029,67,0,10,0.816,0.475,0.56,0.5,0.193,-0.044,0
6030,50,0,4,0.89,0.599,0.359,0.0,-0.139,0.293,0
6031,36,0,3,0.714,0.635,0.902,0.25,0.349,0.108,0
6032,62,0,10,1.123,0.618,0.726,0.25,0.195,0.226,1
6033,54,1,10,0.679,0.565,0.854,0.0,0.033,-0.4,0
6034,34,0,10,0.853,0.447,0.901,0.0,0.801,0.149,0
6035,37,0,5,0.933,0.586,0.492,0.0,0.673,0.416,0
6036,77,0,6,0.852,0.605,0.595,0.5,0.027,-0.038,0
6037,78,0,3,0.687,0.634,0.394,0.0,-0.058,-0.133,0
6038,60,0,4,0.878,0.497,0.718,0.5,0.406,0.262,1
6039,67,0,10,0.837,0.631,0.877,0.0,0.51,0.284,1
6040,35,0,12,0.889,0.533,0.996,0.0,0.617,0.137,0
6041,57,1,3,0.986,0.647,0.65,0.0,0.022,0.15,0
6042,40,1,11,0.905,0.539,0.654,0.75,0.133,0.046,1
6043,40,0,8,0.953,0.66,0.67,0.0,0.145,0.199,0
6044,33,0,6,0.92,0.646,0.558,0.0,0.113,0.367,0
6045,55,1,7,0.495,0.554,0.629,0.75,0.17,-0.234,0
6046,55,0,9,0.839,0.653,0.388,0.25,0.114,-0.02,0
6047,81,0,9,1.006,0.651,0.724,0.25,0.271,0.242,0
6048,34,0,4,0.727,0.578,0.774,0.0,0.266,0.027,0
6049,46,0,8,0.988,0.49,0.341,0.0,-0.283,0.29,0
6050,81,0,10,1.048,0.593,0.582,0.5,0.372,0.445,0
6051,50,1,6,0.708,0.604,0.353,0.0,0.006,0.008,0
6052,47,1,10,0.913,0.715,0.7,0.5,0.348,0.241,0
6053,32,1,4,0.873,0.739,0.621,0.25,-0.164,0.298,0
6054,43,0,7,0.888,0.624,0.31,0.5,-0.142,0.171,0
6055,78,0,3,0.972,0.64,0.327,1.0,0.102,0.239,0
6056,81,1,9,0.932,0.623,1.076,0.0,0.708,0.181,0
6057,48,0,10,0.869,0.575,1.116,0.25,0.72,0.13,0
6058,35,1,3,0.693,0.54,0.588,0.75,0.081,-0.016,0
6059,60,0,9,0.792,0.477,0.738,0.0,0.123,0.17,1
6060,72,0,11,0.834,0.658,0.996,0.25,0.242,0.215,0
6061,68,0,9,0.936,0.438,0.646,0.75,0.202,0.017,0
6062,76,1,11,0.953,0.546,0.98,0.75,0.373,0.343,1
6063,67,0,11,0.945,0.51,0.922,0.5,0.846,0.14,0
6064,71,0,4,0.931,0.581,0.801,0.25,0.108,0.101,0
6065,32,1,9,0.679,0.635,1.062,0.0,0.506,-0.304,0
6066,31,1,12,0.926,0.541,0.543,0.5,-0.157,0.293,0
6067,47,0,5,0.708,0.73,0.645,0.0,0.176,-0.273,0
6068,52,1,5,0.936,0.571,0.408,0.75,-0.082,0.236,0
6069,82,1,7,0.7,0.537,0.869,0.0,0.187,-0.112,0
6070,66,1,11,1.027,0.541,0.494,0.0,-0.029,0.488,0
6071,51,0,3,1.346,0.619,0.196,0.5,-0.121,0.657,0
6072,77,0,3,0.673,0.565,0.529,0.0,0.007,-0.172,0
6073,78,0,8,0.887,0.664,0.993,0.75,0.291,0.187,0
6074,60,0,11,1.061,0.677,0.798,0.0,0.382,0.382,0
6075,70,1,9,0.722,0.53,1.278,0.5,0.483,0.046,0
6076,32,1,3,0.959,0.748,0.249,0.5,-0.288,0.17,0
6077,60,0,10,0.905,0.663,0.544,0.5,-0.146,0.191,0
6078,75,0,3,0.829,0.524,0.636,0.0,0.334,0.071,0
6079,82,1,4,0.779,0.613,0.602,0.0,0.251,0.051,0
6080,33,0,4,0.888,0.624,0.42,0.0,-0.093,0.083,0
6081,83,0,9,1.011,0.644,0.887,0.0,0.357,0.339,0
6082,67,0,4,0.733,0.634,0.69,0.0,-0.01,0.033,0
6083,40,0,11,0.99,0.515,0.762,0.5,0.571,0.25,0
6084,57,1,3,0.934,0.609,0.447,0.25,0.155,0.385,0
6085,76,0,7,0.77,0.604,0.27,0.75,0.026,0.011,0
6086,30,1,11,0.94,0.437,0.784,0.25,0.244,-0.07,0
6087,72,0,12,1.073,0.449,1.587,1.0,1.06,0.595,0
6088,36,1,7,0.777,0.7,0.449,0.0,0.114,-0.085,0
6089,65,1,6,0.7,0.554,0.592,0.5,0.224,-0.053,0
6090,54,0,8,0.958,0.539,0.75,0.0,0.13,0.068,0
6091,66,0,11,0.975,0.55,0.979,0.0,0.569,0.222,1
6092,33,1,8,0.999,0.641,0.721,0.75,0.191,0.111,1
6093,68,0,3,0.79,0.397,0.318,0.75,-0.013,-0.087,0
6094,60,1,9,0.788,0.53,0.845,0.5,0.58,0.017,0
6095,83,1,3,0.887,0.524,0.7,0.0,0.363,0.1,0
6096,67,0,7,0.896,0.646,0.778,1.0,0.153,0.241,0
6097,78,1,11,0.771,0.674,0.972,0.0,0.63,0.092,0
6098,51,1,3,0.763,0.825,0.622,0.0,0.149,0.105,0
6099,39,0,10,1.095,0.541,1.011,0.0,0.452,0.439,0
6100,65,1,5,0.708,0.541,0.553,0.0,0.159,-0.149,0
6101,60,0,3,0.668,0.652,0.952,0.25,0.738,-0.013,0
6102,74,0,12,1.013,0.527,0.651,0.5,0.473,0.296,0
6103,54,0,4,0.702,0.607,0.575,0.0,0.13,0.002,0
6104,81,0,4,0.937,0.687,0.784,0.0,0.123,0.207,1
6105,32,0,3,0.697,0.682,0.536,0.5,0.344,-0.124,0
6106,83,1,3,0.779,0.655,0.484,0.0,-0.118,0.159,0
6107,61,0,11,0.87,0.418,1.027,1.0,0.559,0.001,1
6108,52,1,7,0.655,0.667,0.618,0.0,-0.052,-0.193,0
6109,56,0,6,0.918,0.676,0.541,0.0,0.008,-0.008,0
6110,66,0,7,0.64,0.603,0.734,0.75,0.304,-0.098,0
6111,42,1,5,0.823,0.494,0.566,0.0,0.05,0.085,0
6112,64,0,11,0.971,0.7,1.048,0.75,0.699,0.271,0
6113,36,0,11,1.169,0.479,0.875,0.25,0.729,0.527,0
6114,40,1,11,0.949,0.643,0.776,0.0,0.242,0.304,0
6115,41,0,11,1.108,0.637,1.005,0.0,0.586,0.5,0
6116,65,0,4,0.641,0.672,0.41,0.0,0.118,-0.125,0
6117,81,1,12,0.923,0.508,0.931,0.25,0.231,0.127,1
6118,76,1,12,0.995,0.602,0.745,1.0,0.269,0.294,0
6119,56,1,5,0.883,0.519,0.8,0.0,0.286,0.225,0
6120,46,0,12,0.891,0.482,0.724,0.5,0.024,0.193,0
6121,82,1,11,1.13,0.591,0.843,0.75,0.274,0.204,1
6122,78,0,3,0.844,0.676,0.424,0.0,-0.118,-0.022,0
6123,53,0,8,0.63,0.583,0.842,0.0,0.592,-0.008,1
6124,37,0,12,1.099,0.493,0.858,0.25,0.582,0.458,0
6125,45,1,6,0.817,0.516,0.717,0.5,0.28,-0.036,0
6126,66,0,8,1.057,0.427,0.655,0.0,0.212,0.257,0
6127,56,0,9,0.936,0.607,0.549,0.0,-0.389,0.039,0
6128,38,0,10,0.907,0.574,0.853,1.0,0.734,0.085,0
6129,78,1,10,0.999,0.569,0.463,0.0,-0.124,0.285,0
6130,76,1,10,0.782,0.585,0.994,1.0,0.636,0.139,0
6131,81,0,4,0.799,0.446,0.363,0.0,-0.184,-0.025,0
6132,80,0,5,0.637,0.512,0.791,0.0,0.516,-0.24,0
6133,40,1,12,0.753,0.351,0.719,0.25,0.464,-0.01,0
6134,66,0,5,0.72,0.506,0.834,0.0,0.356,0.157,0
6135,81,1,12,0.881,0.494,0.758,0.0,0.459,0.098,0
6136,61,1,7,0.85,0.579,0.797,0.0,0.422,0.174,1
6137,80,1,6,0.922,0.66,0.782,0.75,0.241,0.209,1
6138,63,1,4,0.923,0.499,0.698,0.0,-0.002,0.188,0
6139,69,0,10,0.965,0.534,0.578,0.0,0.002,0.125,0
6140,59,1,7,0.865,0.63,0.778,0.25,0.567,-0.008,0
6141,83,1,4,0.767,0.55,0.616,0.0,0.223,-0.04,1
6142,40,1,4,0.913,0.555,0.486,0.75,-0.179,0.31,0
6143,36,0,3,0.949,0.55,0.559,0.0,0.111,0.102,0
6144,47,1,9,0.659,0.621,0.752,0.0,0.02,-0.09,0
6145,75,0,7,0.732,0.502,0.916,1.0,0.392,0.053,0
6146,46,1,7,0.812,0.655,0.694,0.0,0.239,0.06,0
6147,61,1,10,0.834,0.493,0.761,0.5,0.193,0.254,1
6148,58,1,8,1.007,0.555,0.739,1.0,0.155,0.461,1
6149,54,1,4,0.638,0.596,0.61,0.0,0.119,0.102,0
6150,68,1,12,1.019,0.476,0.851,0.0,0.524,0.152,0
6151,64,1,9,0.866,0.598,1.069,0.0,0.826,0.17,0
6152,42,0,12,0.7,0.718,0.631,0.0,0.098,-0.206,0
6153,57,1,10,1.063,0.581,1.068,1.0,0.745,0.244,0
6154,58,1,7,0.895,0.53,0.637,0.5,0.171,0.195,0
6155,44,0,10,1.182,0.575,0.704,0.0,0.027,0.416,0
6156,76,0,7,0.774,0.513,1.069,0.0,0.403,0.164,0
6157,64,1,8,0.912,0.752,0.683,0.0,0.15,0.059,0
6158,69,0,10,0.788,0.572,0.668,0.25,0.239,0.225,0
6159,63,1,10,0.979,0.7,0.82,0.25,0.436,0.333,0
6160,84,0,8,0.636,0.447,0.77,0.0,0.531,-0.198,0
6161,71,0,8,0.816,0.531,0.911,0.0,-0.136,0.084,0
6162,56,1,3,0.801,0.632,0.697,0.25,0.318,-0.041,0
6163,84,1,12,0.955,0.426,0.841,0.25,0.451,0.106,0
6164,84,0,4,0.718,0.593,0.647,1.0,0.398,0.112,0
6165,84,0,12,0.778,0.505,1.02,0.0,0.32,-0.153,0
6166,61,0,6,0.761,0.572,0.697,0.5,0.201,0.0,1
6167,45,1,7,1.103,0.615,0.624,0.0,0.003,0.151,0
6168,61,0,11,1.053,0.591,1.056,0.0,0.565,0.459,0
6169,58,1,6,0.877,0.509,0.312,0.25,-0.375,0.361,0
6170,39,0,5,0.775,0.847,0.566,0.25,0.145,0.146,0
6171,68,0,6,0.865,0.537,0.787,0.75,0.296,0.201,0
6172,82,1,4,0.813,0.521,0.686,1.0,0.378,0.023,0
6173,82,0,12,1.024,0.571,1.03,0.5,0.355,0.251,1
6174,43,0,10,0.882,0.646,0.968,0.0,0.785,0.137,1
6175,48,1,5,0.703,0.479,0.875,0.0,0.435,0.028,0
6176,59,1,9,0.933,0.525,0.9,0.0,0.386,0.004,0
6177,32,1,4,0.99,0.659,0.63,0.0,0.289,0.219,0
6178,40,0,9,0.854,0.557,0.921,0.25,0.377,0.091,0
6179,54,0,8,0.953,0.338,0.817,0.25,0.591,0.087,0
6180,36,0,11,1.109,0.629,0.989,0.25,0.664,0.317,0
6181,65,1,11,0.7,0.609,0.996,0.5,0.754,0.108,0
6182,44,0,12,0.929,0.629,0.986,0.25,0.354,0.156,1
6183,83,1,5,0.968,0.681,0.679,0.0,0.466,0.212,0
6184,78,1,4,0.774,0.581,0.539,0.5,0.079,0.124,0
6185,47,0,8,0.96,0.609,0.893,0.0,0.419,0.26,0
6186,73,0,4,0.772,0.68,0.892,0.0,0.315,0.101,0
6187,47,0,4,0.745,0.469,0.603,0.0,0.197,-0.004,0
6188,61,0,10,0.893,0.526,0.907,1.0,0.337,0.2,0
6189,38,0,5,0.546,0.622,0.558,0.0,0.218,-0.251,0
6190,59,1,3,0.813,0.643,0.427,0.5,-0.286,0.023,0
6191,72,1,5,0.692,0.7,0.576,0.0,-0.008,-0.171,0
6192,69,0,5,0.663,0.439,0.505,0.0,0.055,-0.301,0
6193,61,0,11,0.79,0.448,0.981,0.0,0.635,0.078,1
6194,77,0,6,0.688,0.581,0.51,0.0,0.027,-0.196,0
6195,33,0,11,0.943,0.455,1.072,0.0,0.676,0.133,0
6196,60,1,5,0.81,0.584,0.646,0.5,0.084,0.276,0
6197,35,0,9,1.04,0.779,0.887,0.0,0.231,0.216,0
6198,84,1,3,0.803,0.697,0.802,0.0,0.53,-0.012,0
6199,43,0,12,0.905,0.395,0.701,0.75,0.523,-0.03,0
6200,66,0,7,1.051,0.636,0.6,1.0,0.152,0.264,0
6201,49,1,3,0.872,0.536,0.54,0.75,0.147,0.196,0
6202,30,0,10,1.033,0.531,0.757,0.0,0.36,0.382,0
6203,70,0,8,0.7,0.697,0.643,0.25,0.291,0.014,0
6204,82,1,11,0.971,0.536,0.933,0.0,0.431,0.106,1
6205,36,0,12,0.903,0.543,0.92,0.25,0.476,0.346,0
6206,79,0,10,0.738,0.565,0.705,0.5,0.427,0.041,0
6207,60,0,3,0.728,0.537,0.435,0.0,-0.235,0.028,0
6208,34,1,7,0.81,0.637,0.867,0.0,0.428,0.002,0
6209,33,0,11,1.105,0.65,0.789,0.0,0.16,0.315,1
6210,79,0,4,0.487,0.682,0.718,1.0,0.273,-0.121,0
6211,43,0,4,0.773,0.556,0.48,0.75,0.072,0.019,0
6212,51,0,8,0.933,0.659,0.985,0.0,0.553,0.233,0
6213,60,0,5,0.959,0.601,0.474,0.5,0.271,0.21,0
6214,78,1,9,1.064,0.552,1.03,0.5,0.464,0.447,1
6215,55,0,6,0.747,0.671,0.99,0.75,0.51,-0.115,0
6216,41,0,7,0.923,0.511,0.536,0.0,-0.051,0.207,0
6217,34,1,11,1.142,0.686,1.008,0.0,0.453,0.302,1
6218,42,1,7,0.836,0.661,0.574,0.0,-0.028,0.191,0
6219,74,1,3,0.916,0.709,0.646,0.0,0.187,0.155,1
6220,50,0,10,0.932,0.453,0.745,0.75,0.334,0.096,1
6221,76,0,12,1.051,0.508,0.832,0.75,0.421,0.371,0
6222,54,0,5,0.64,0.62,0.618,0.0,0.485,-0.242,0
6223,30,1,6,0.922,0.593,0.537,0.5,0.009,0.144,0
6224,57,0,9,0.939,0.512,0.759,0.5,0.463,0.127,0
6225,51,1,6,0.92,0.52,0.508,0.25,0.078,0.246,0
6226,83,0,3,0.777,0.625,0.635,0.75,0.278,-0.076,0
6227,52,0,7,0.979,0.521,0.639,0.75,0.099,0.271,0
6228,54,0,6,0.759,0.571,0.78,0.0,0.337,0.061,0
6229,41,1,8,0.998,0.493,0.622,0.5,0.315,0.25,0
6230,52,0,11,0.732,0.672,0.7,0.25,0.177,0.08,0
6231,48,0,12,0.92,0.433,0.705,0.25,0.303,0.29,0
6232,65,1,9,0.902,0.559,0.474,0.0,-0.226,0.193,0
6233,53,0,12,1.029,0.529,0.733,0.0,0.197,0.166,0
6234,75,0,3,0.722,0.46,0.481,0.0,-0.219,-0.032,0
6235,60,1,11,0.878,0.603,0.72,0.0,0.009,0.233,0
6236,65,1,4,0.977,0.612,0.603,1.0,0.24,0.394,0
6237,78,0,8,0.968,0.613,0.803,0.0,0.077,0.28,0
6238,61,1,7,0.981,0.653,0.627,0.75,-0.197,0.349,0
6239,83,1,8,0.813,0.648,0.944,0.25,0.152,0.113,0
6240,31,0,7,0.871,0.494,1.004,0.25,0.489,0.275,0
6241,71,1,6,0.852,0.587,0.645,0.0,0.077,-0.119,0
6242,40,0,8,0.907,0.577,0.966,0.0,0.771,0.32,1
6243,38,1,11,1.238,0.63,0.78,0.0,0.224,0.476,0
6244,84,1,10,0.83,0.549,0.815,0.0,0.557,0.178,0
6245,71,0,12,0.921,0.527,0.987,0.0,0.754,0.168,0
6246,52,0,12,0.924,0.534,1.045,0.75,0.643,0.215,0
6247,55,0,12,0.819,0.512,0.908,0.0,0.481,-0.038,0
6248,46,0,5,0.876,0.546,0.515,0.0,0.086,0.034,0
6249,47,1,6,0.883,0.587,0.688,0.0,0.309,0.266,0
6250,54,0,3,0.91,0.454,0.369,0.0,-0.212,0.318,0
6251,81,1,9,0.958,0.581,0.691,0.0,0.361,0.451,1
6252,50,0,3,0.741,0.622,0.324,0.0,-0.169,-0.074,0
6253,38,1,9,0.931,0.606,0.852,0.0,0.577,0.237,0
6254,82,0,6,0.674,0.728,0.736,0.25,0.169,-0.136,0
6255,76,1,11,0.862,0.626,0.76,0.75,0.509,-0.004,0
6256,61,1,8,0.875,0.534,0.971,0.25,0.861,0.123,1
6257,76,1,12,0.814,0.502,1.0,0.25,0.702,-0.248,0
6258,55,0,5,0.856,0.711,0.49,0.0,0.064,0.129,0
6259,72,0,4,0.859,0.608,0.061,0.0,-0.306,0.142,0
6260,40,1,9,0.815,0.534,0.659,0.0,0.043,0.048,0
6261,71,0,7,0.55,0.528,0.958,1.0,0.184,-0.169,0
6262,60,0,11,1.135,0.433,0.809,0.5,0.143,0.52,1
6263,80,0,11,0.928,0.549,0.534,0.0,0.087,0.119,0
6264,64,1,4,0.831,0.678,0.359,0.0,-0.167,0.221,0
6265,82,1,6,0.627,0.677,0.909,0.0,0.334,-0.006,0
6266,66,1,10,1.008,0.651,0.862,0.5,0.268,0.384,0
6267,67,1,9,1.003,0.633,0.909,0.5,0.541,0.188,1
6268,53,1,9,0.967,0.678,0.673,0.25,0.138,0.028,0
6269,53,0,6,0.868,0.576,0.544,0.5,0.114,0.169,0
6270,43,0,5,0.756,0.561,0.525,0.0,-0.172,0.194,0
6271,43,0,11,0.994,0.533,0.959,0.0,0.317,0.363,0
6272,40,1,9,0.907,0.569,0.774,0.0,0.438,0.207,0
6273,44,0,7,0.985,0.559,0.384,0.5,-0.294,0.365,0
6274,67,0,3,0.748,0.571,0.927,0.0,0.287,-0.084,0
6275,34,0,5,1.043,0.649,0.574,0.25,-0.003,0.26,0
6276,62,0,8,0.886,0.625,0.945,0.5,0.37,0.199,1
6277,59,1,8,1.014,0.584,0.677,0.0,0.013,0.411,1
6278,42,0,12,0.944,0.437,0.753,0.0,-0.084,0.406,0
6279,37,0,8,0.876,0.53,0.726,0.25,0.211,-0.028,0
6280,51,0,7,0.847,0.702,0.706,0.75,0.306,0.004,0
6281,59,1,7,0.793,0.612,0.53,0.0,0.143,0.006,0
6282,56,0,12,0.917,0.472,0.837,0.75,0.281,0.217,0
6283,55,1,10,0.925,0.447,1.113,0.0,0.851,0.51,1
6284,44,1,7,0.949,0.733,0.511,1.0,0.003,0.149,0
6285,47,1,12,0.834,0.492,1.169,0.5,0.684,0.132,0
6286,48,0,5,0.705,0.605,0.597,0.0,0.075,-0.049,0
6287,75,1,7,0.873,0.528,0.856,0.25,0.11,0.275,0
6288,37,1,4,0.739,0.676,0.289,1.0,-0.194,0.091,0
6289,80,0,3,0.722,0.581,0.362,1.0,0.196,0.073,0
6290,61,0,10,0.938,0.442,0.7,0.0,0.383,0.16,0
6291,59,0,12,0.926,0.538,1.133,0.0,0.473,0.003,0
6292,34,0,9,0.954,0.538,0.942,0.25,0.361,0.164,0
6293,54,1,4,0.792,0.635,0.651,0.0,0.084,0.123,0
6294,37,1,5,0.512,0.654,0.794,0.0,0.338,-0.051,0
6295,48,0,5,0.949,0.723,0.701,0.5,-0.057,0.21,0
6296,46,0,8,0.81,0.606,0.824,0.75,0.57,0.176,0
6297,80,0,5,1.103,0.68,0.879,0.5,0.407,0.399,0
6298,30,0,9,1.016,0.626,1.05,0.0,0.529,0.272,0
6299,70,0,4,0.863,0.708,0.39,0.25,-0.217,0.061,0
6300,44,0,3,0.725,0.697,0.7,0.5,0.341,-0.065,0
6301,71,0,3,0.884,0.7,0.547,0.0,0.144,0.256,0
6302,61,1,7,0.874,0.491,0.638,0.0,0.061,-0.18,0
6303,49,1,11,1.082,0.579,1.075,0.0,0.649,0.433,1
6304,52,1,7,0.979,0.491,0.7,0.75,0.278,0.334,1
6305,61,0,6,0.554,0.517,0.527,0.5,-0.042,-0.153,0
6306,65,1,3,0.538,0.612,0.298,0.0,0.127,-0.081,0
6307,82,0,8,0.876,0.513,1.199,0.0,0.378,-0.023,1
6308,67,1,9,0.851,0.583,0.514,0.0,-0.025,0.298,0
6309,81,1,11,0.957,0.664,0.894,1.0,0.525,0.18,1
6310,41,0,9,1.094,0.653,0.768,0.0,0.17,0.432,0
6311,40,0,10,0.887,0.476,0.7,0.0,0.405,-0.033,0
6312,83,0,3,0.7,0.661,0.37,1.0,0.148,-0.21,0
6313,59,0,8,0.811,0.582,1.087,0.0,0.647,-0.001,0
6314,67,1,7,0.961,0.596,0.64,0.0,-0.002,0.106,0
6315,58,0,5,0.881,0.649,0.477,0.5,-0.083,0.089,0
6316,84,1,3,0.991,0.599,0.286,0.0,0.018,0.283,0
6317,75,0,12,1.046,0.567,1.001,0.5,0.694,0.393,1
6318,84,1,6,0.816,0.744,0.497,0.75,-0.203,-0.121,0
6319,57,1,3,0.763,0.631,0.523,0.25,0.05,-0.074,0
6320,31,1,4,0.628,0.586,0.777,0.0,0.393,-0.071,0
6321,47,1,8,0.878,0.601,0.936,0.0,0.173,0.184,1
6322,70,0,12,0.822,0.615,1.188,0.0,0.536,-0.01,1
6323,54,1,7,0.935,0.484,0.781,0.25,0.272,0.229,0
6324,38,0,8,0.989,0.562,0.464,0.25,-0.29,0.103,0
6325,37,1,11,0.866,0.541,0.91,1.0,0.599,0.166,0
6326,38,0,3,0.753,0.65,0.609,0.0,0.183,0.002,0
6327,68,0,7,0.713,0.503,0.665,0.0,0.263,0.203,0
6328,50,1,3,0.761,0.7,0.774,0.0,0.466,-0.138,0
6329,79,0,5,0.627,0.644,0.671,1.0,0.307,-0.257,0
6330,40,0,3,0.842,0.54,0.371,0.5,-0.329,0.04,0
6331,35,1,4,1.051,0.462,0.814,0.0,0.398,0.407,0
6332,47,0,9,0.992,0.699,0.767,0.0,0.45,0.329,1
6333,50,1,12,1.193,0.591,1.294,0.75,0.775,0.593,0
6334,61,1,8,0.945,0.612,0.845,1.0,0.471,0.314,0
6335,77,1,4,1.06,0.711,0.773,1.0,0.532,0.366,0
6336,61,0,4,0.797,0.688,0.431,0.0,-0.01,-0.2,0
6337,74,1,7,0.707,0.679,1.038,0.0,0.355,-0.373,0
6338,77,1,7,0.77,0.629,0.273,0.0,-0.192,0.158,0
6339,57,0,6,0.7,0.64,0.667,0.0,0.25,-0.053,0
6340,32,0,10,0.808,0.399,0.646,0.0,0.311,0.012,0
6341,69,0,3,0.971,0.623,0.309,0.0,0.027,0.305,0
6342,64,0,5,1.016,0.691,0.743,0.0,0.419,0.46,1
6343,39,1,10,0.738,0.358,0.856,0.75,0.265,-0.197,0
6344,36,0,6,0.883,0.641,0.837,0.0,0.329,0.164,0
6345,64,0,10,1.14,0.65,0.997,0.0,0.483,0.247,0
6346,83,1,6,0.882,0.6,0.454,0.75,-0.321,0.125,0
6347,61,0,9,0.931,0.702,0.634,1.0,0.242,0.085,0
6348,37,0,12,1.16,0.578,0.88,0.0,0.552,0.412,0
6349,74,1,6,0.782,0.705,0.564,1.0,0.358,-0.011,0
6350,52,1,5,0.927,0.582,0.7,0.75,0.053,0.088,0
6351,70,1,12,0.768,0.454,1.02,0.0,0.355,-0.094,0
6352,49,1,10,0.79,0.478,0.974,0.0,0.527,0.204,0
6353,63,1,10,0.849,0.583,1.197,1.0,0.971,0.055,0
6354,45,1,3,0.9,0.621,0.46,0.25,0.02,0.167,0
6355,72,0,7,0.784,0.816,0.825,0.0,0.345,0.013,0
6356,60,0,3,0.729,0.766,0.477,0.5,0.105,0.083,0
6357,82,1,7,0.951,0.524,0.863,0.0,0.528,0.241,1
6358,32,1,11,1.209,0.587,0.702,1.0,0.277,0.406,0
6359,32,0,4,0.938,0.518,0.86,0.75,0.35,0.268,0
6360,49,1,10,1.002,0.55,0.692,0.0,0.063,0.146,0
6361,40,0,9,1.07,0.521,0.967,0.25,0.329,0.241,0
6362,38,1,4,0.692,0.634,0.596,0.25,0.17,0.084,0
6363,60,1,7,0.878,0.621,0.698,0.0,0.46,0.234,0
6364,79,0,4,0.901,0.578,0.263,0.25,-0.2,0.075,0
6365,32,1,9,0.918,0.415,0.917,1.0,0.604,0.071,0
6366,45,0,4,0.715,0.695,0.468,0.0,0.304,0.119,0
6367,64,1,7,0.918,0.56,0.53,0.0,0.109,0.186,0
6368,61,1,12,0.853,0.531,0.923,0.0,0.648,0.045,0
6369,53,1,10,0.89,0.438,1.32,0.75,0.856,-0.122,0
6370,63,0,4,0.95,0.462,0.726,0.75,-0.027,0.247,0
6371,68,1,7,1.007,0.596,0.743,0.75,0.363,0.217,0
6372,39,1,6,0.988,0.565,0.778,0.0,0.009,0.233,0
6373,65,1,9,0.936,0.605,0.666,0.0,0.053,0.271,0
6374,61,0,3,0.714,0.688,0.758,0.0,0.292,0.041,0
6375,67,1,7,0.925,0.7,0.905,0.25,0.217,0.236,0
6376,63,0,4,0.779,0.539,0.759,0.5,0.286,0.008,0
6377,63,1,8,0.975,0.737,0.635,0.75,0.285,0.172,0
6378,78,1,12,0.858,0.521,0.823,0.25,0.16,0.061,0
6379,31,1,8,0.864,0.593,0.759,0.0,0.353,-0.001,0
6380,47,0,8,0.938,0.584,0.827,0.0,0.127,0.105,0
6381,37,0,12,0.759,0.499,1.206,0.0,0.756,-0.086,1
6382,65,1,7,0.931,0.651,0.588,0.0,-0.136,0.237,0
6383,74,1,5,0.762,0.471,0.816,1.0,0.153,0.006,1
6384,49,0,10,1.072,0.544,0.572,0.0,-0.128,0.319,0
6385,53,1,10,1.095,0.655,0.95,0.0,0.6,0.58,0
6386,79,0,7,0.858,0.499,0.444,0.0,-0.119,0.285,0
6387,80,1,3,0.792,0.722,0.7,0.0,0.33,0.265,0
6388,38,1,7,0.939,0.6,0.645,0.75,-0.055,0.086,0
6389,66,0,10,0.88,0.609,0.61,1.0,-0.059,0.285,0
6390,57,0,7,0.821,0.518,0.729,0.25,0.081,0.06,1
6391,80,1,6,1.05,0.66,0.509,0.25,-0.039,0.37,0
6392,66,1,3,0.6,0.648,0.615,0.0,0.068,-0.206,0
6393,67,1,10,0.968,0.586,0.623,0.0,0.159,0.178,0
6394,38,0,3,0.773,0.723,0.252,1.0,-0.295,-0.056,0
6395,80,0,5,0.855,0.6,0.685,0.75,0.035,0.154,0
6396,78,0,9,0.99,0.612,0.792,0.0,0.049,0.205,1
6397,55,1,8,0.746,0.526,0.55,0.5,0.158,-0.232,0
6398,65,0,6,0.757,0.66,0.791,0.25,0.118,-0.066,0
6399,72,0,4,0.712,0.534,0.866,1.0,0.753,0.144,0
6400,66,1,3,0.902,0.48,0.836,0.0,0.625,-0.006,0
6401,31,1,5,0.844,0.595,0.459,0.0,0.128,-0.016,0
6402,53,0,8,0.894,0.549,0.981,0.25,0.399,-0.001,0
6403,33,1,6,0.919,0.527,0.663,0.0,0.309,0.153,0
6404,50,0,7,0.7,0.532,0.443,1.0,-0.153,-0.215,0
6405,45,1,4,0.906,0.5,0.758,0.25,0.452,0.362,0
6406,58,1,6,0.805,0.593,0.471,0.0,0.174,-0.142,0
6407,51,0,6,1.003,0.636,0.693,0.0,0.085,0.189,0
6408,64,0,7,0.75,0.652,0.551,0.0,-0.149,-0.001,0
6409,79,1,3,0.919,0.755,0.443,1.0,0.14,0.123,0
6410,57,1,5,0.792,0.571,0.459,0.0,0.206,-0.037,0
6411,43,1,9,0.882,0.507,0.7,0.0,0.402,0.125,0
6412,54,0,11,0.886,0.7,0.665,0.0,-0.051,0.186,1
6413,67,1,11,0.901,0.605,1.161,0.0,0.543,0.135,0
6414,40,1,3,0.896,0.587,0.503,0.5,-0.006,0.174,0
6415,66,1,5,0.722,0.677,0.73,0.0,0.02,0.102,0
6416,73,0,10,1.124,0.568,0.858,0.0,0.368,0.609,0
6417,40,1,6,0.783,0.597,0.729,0.0,0.308,0.005,1
6418,78,1,6,0.84,0.473,0.366,0.5,0.016,-0.022,0
6419,78,1,11,1.105,0.669,1.095,0.0,1.056,0.145,1
6420,47,1,10,1.126,0.537,0.612,0.0,0.129,0.344,0
6421,52,0,7,0.867,0.389,0.407,0.0,-0.114,-0.011,0
6422,75,1,11,1.049,0.601,0.869,0.0,0.479,0.259,0
6423,60,1,4,0.714,0.557,0.468,0.0,0.157,0.042,0
6424,80,0,6,0.864,0.565,0.334,0.0,-0.061,0.208,0
6425,57,0,3,0.717,0.603,0.547,0.0,0.214,-0.056,0
6426,39,1,7,0.844,0.57,0.428,0.0,-0.284,0.077,0
6427,76,0,7,0.966,0.749,0.821,1.0,0.346,0.356,0
6428,43,1,4,0.892,0.619,0.623,0.0,-0.114,0.269,0
6429,67,1,10,0.967,0.73,0.755,0.75,0.365,0.268,1
6430,82,0,11,0.7,0.522,0.914,0.5,0.719,0.11,0
6431,55,1,8,0.913,0.579,0.704,0.75,0.088,0.171,0
6432,32,0,8,0.774,0.484,0.629,0.25,0.176,0.144,0
6433,82,1,10,0.915,0.7,0.886,0.75,0.295,0.047,1
6434,56,1,3,0.7,0.514,0.632,0.25,0.467,-0.13,0
6435,70,1,3,0.709,0.689,0.562,0.0,0.081,-0.178,0
6436,33,1,9,1.155,0.601,0.88,1.0,0.322,0.266,0
6437,44,1,8,0.932,0.57,0.735,0.75,0.02,0.363,0
6438,59,1,8,0.842,0.779,0.426,0.5,0.19,0.203,0
6439,74,1,11,1.032,0.51,0.842,0.25,0.355,0.246,0
6440,68,1,12,1.148,0.504,1.034,0.0,0.592,0.448,0
6441,53,0,12,0.937,0.473,0.729,0.0,0.503,0.121,0
6442,42,1,5,0.84,0.415,0.632,0.0,0.215,-0.074,0
6443,72,1,12,0.995,0.539,1.034,0.0,0.903,0.288,0
6444,51,0,12,0.87,0.635,0.847,0.0,0.389,0.163,0
6445,69,1,5,0.766,0.701,0.473,0.0,-0.206,0.056,0
6446,39,1,6,1.084,0.405,0.651,0.75,0.128,0.445,0
6447,48,0,3,0.635,0.452,0.353,1.0,-0.214,-0.277,0
6448,59,1,9,0.7,0.552,0.922,0.0,0.691,0.048,0
6449,70,1,8,0.774,0.559,0.836,1.0,0.279,0.074,0
6450,45,1,3,0.802,0.465,0.596,0.25,0.09,-0.016,0
6451,68,0,7,0.898,0.427,0.753,1.0,0.17,0.248,0
6452,44,1,9,1.03,0.513,0.708,0.0,0.216,0.258,1
6453,73,0,8,0.515,0.502,0.647,0.0,-0.034,-0.274,0
6454,69,1,3,0.782,0.395,0.602,0.0,-0.057,0.097,0
6455,66,1,12,1.007,0.615,0.977,0.5,0.456,0.238,0
6456,70,0,9,0.682,0.539,0.653,0.0,0.117,-0.119,0
6457,48,1,12,1.054,0.539,1.019,1.0,0.834,0.299,0
6458,71,1,11,0.7,0.424,0.672,0.5,-0.095,-0.133,0
6459,35,1,9,1.088,0.658,0.86,0.5,0.411,0.167,1
6460,62,1,12,1.03,0.562,0.791,0.75,0.159,0.107,0
6461,72,1,9,0.927,0.668,0.56,1.0,0.379,0.021,0
6462,60,1,3,0.864,0.571,0.647,0.0,0.258,0.164,0
6463,55,1,6,0.963,0.628,0.53,0.75,0.211,0.224,0
6464,35,1,6,0.863,0.404,0.604,0.25,-0.022,0.252,0
6465,42,0,6,1.022,0.505,0.626,0.25,0.183,0.174,0
6466,82,1,3,0.771,0.7,0.614,1.0,0.453,0.278,0
6467,49,1,6,0.974,0.616,0.626,0.5,-0.121,0.204,0
6468,60,1,4,0.94,0.777,0.489,0.5,0.129,0.303,0
6469,84,1,9,1.026,0.721,0.735,0.0,0.353,0.307,0
6470,75,1,8,0.881,0.474,0.747,1.0,0.617,0.177,0
6471,35,0,3,0.736,0.577,0.589,0.75,0.286,0.084,0
6472,32,1,10,1.101,0.628,0.713,0.0,-0.02,0.39,0
6473,55,1,12,0.992,0.515,0.876,0.25,0.154,0.321,0
6474,64,0,11,0.866,0.516,1.05,0.0,0.35,0.002,0
6475,63,1,8,0.715,0.7,0.942,0.0,0.524,0.162,0
6476,33,0,12,1.008,0.394,0.989,0.25,0.454,0.259,0
6477,80,1,9,0.845,0.531,1.052,0.75,0.678,0.263,0
6478,75,0,4,0.7,0.643,0.642,0.0,0.138,-0.138,0
6479,54,1,5,0.779,0.587,0.482,0.25,-0.005,0.224,0
6480,46,1,3,0.817,0.6,0.55,0.25,0.01,-0.045,0
6481,42,0,11,0.993,0.677,0.723,0.25,0.092,0.273,0
6482,37,1,8,0.867,0.666,0.636,0.25,0.407,0.144,0
6483,83,1,11,0.816,0.482,0.831,0.75,0.249,-0.072,0
6484,68,1,9,1.079,0.732,0.886,0.0,0.376,0.183,0
6485,46,1,4,0.907,0.455,0.431,0.5,-0.197,0.378,0
6486,69,1,6,0.929,0.551,0.736,0.0,0.464,0.15,0
6487,70,0,8,0.807,0.518,0.972,0.0,0.773,0.028,0
6488,84,1,5,0.61,0.742,0.514,0.75,0.141,-0.142,0
6489,52,0,11,0.881,0.593,0.889,0.25,0.719,0.011,0
6490,50,0,3,0.685,0.558,0.496,0.0,-0.3,-0.048,0
6491,77,1,8,0.769,0.556,0.949,1.0,0.406,0.024,1
6492,71,1,8,0.836,0.668,0.517,0.25,0.135,0.136,0
6493,54,1,6,0.655,0.498,0.573,1.0,-0.118,0.108,0
6494,32,1,6,0.843,0.616,0.533,0.0,-0.012,0.191,0
6495,82,1,7,1.021,0.537,0.693,0.5,0.366,0.353,1
6496,80,0,11,1.065,0.541,0.763,1.0,0.073,0.387,1
6497,58,1,5,0.976,0.556,0.632,0.0,0.13,0.123,1
6498,63,1,9,1.11,0.69,0.644,0.5,0.197,0.525,0
6499,40,0,9,0.725,0.515,0.75,0.0,0.447,0.036,0
6500,72,1,9,0.783,0.631,1.047,0.75,0.629,-0.136,0
6501,77,1,7,1.093,0.45,0.581,1.0,-0.015,0.106,0
6502,60,0,4,0.799,0.489,0.582,0.0,0.298,0.127,0
6503,64,1,11,0.942,0.418,0.976,0.0,0.267,0.296,0
6504,39,1,8,0.909,0.453,0.7,0.5,0.151,0.202,0
6505,73,0,3,0.809,0.529,0.625,0.0,0.054,-0.096,0
6506,73,1,8,0.764,0.435,0.737,0.0,0.087,-0.042,1
6507,57,0,12,0.862,0.439,0.672,0.0,0.19,0.155,0
6508,75,1,12,1.148,0.634,0.926,0.0,0.557,0.402,0
6509,32,1,12,0.93,0.514,0.872,1.0,0.582,0.015,0
6510,57,0,11,0.978,0.565,0.979,0.0,0.423,0.281,0
6511,73,0,6,1.036,0.603,0.559,0.5,0.282,0.42,0
6512,33,1,4,0.722,0.634,0.516,0.0,0.1,-0.087,0
6513,77,1,12,0.946,0.394,0.919,0.0,0.924,0.123,0
6514,80,0,6,0.618,0.703,0.565,0.25,0.166,-0.222,0
6515,81,0,3,0.828,0.67,0.329,0.0,0.035,-0.106,0
6516,66,1,9,0.912,0.575,0.709,0.0,0.481,0.089,0
6517,38,0,5,0.752,0.523,0.83,0.25,0.145,0.153,0
6518,53,0,9,0.693,0.466,0.989,0.25,0.516,0.003,0
6519,75,0,12,0.941,0.651,0.7,0.0,0.461,0.259,1
6520,38,0,6,1.021,0.504,0.771,1.0,0.349,0.469,0
6521,76,1,4,0.738,0.585,0.186,0.0,-0.189,-0.04,0
6522,32,0,3,0.732,0.714,0.618,0.25,0.189,0.05,0
6523,57,0,11,1.112,0.551,0.917,0.0,0.508,0.443,0
6524,73,0,10,0.967,0.578,0.954,0.0,0.436,0.289,0
6525,68,1,4,0.842,0.585,0.728,0.0,0.365,-0.056,1
6526,61,0,4,0.749,0.668,0.518,0.5,0.187,-0.068,0
6527,52,1,3,0.721,0.674,0.372,0.5,0.076,0.017,0
6528,71,1,5,0.81,0.595,0.652,0.25,-0.012,0.137,0
6529,49,0,11,0.947,0.619,0.971,0.0,0.445,0.227,1
6530,50,0,12,0.7,0.668,1.01,0.0,0.63,0.028,0
6531,75,1,12,1.056,0.58,1.051,0.0,0.69,0.356,0
6532,82,0,9,0.961,0.526,0.946,0.25,0.371,0.335,0
6533,39,0,3,0.696,0.517,0.696,0.0,0.226,-0.147,0
6534,80,0,6,0.978,0.626,0.454,0.0,-0.232,0.257,0
6535,68,0,10,0.7,0.585,0.715,0.75,0.06,-0.006,1
6536,38,1,10,0.951,0.636,0.836,0.0,0.503,0.036,1
6537,44,0,7,0.931,0.545,0.546,0.0,-0.101,0.307,0
6538,74,1,9,0.7,0.522,0.822,1.0,0.342,-0.092,0
6539,77,1,12,1.017,0.51,1.045,0.0,0.735,0.286,0
6540,59,0,6,0.939,0.589,0.864,0.0,0.313,0.265,0
6541,83,1,4,0.755,0.526,0.463,0.25,0.578,0.055,0
6542,73,1,10,0.81,0.557,0.629,0.25,0.174,0.149,0
6543,51,0,3,0.823,0.699,0.32,0.25,-0.18,-0.055,0
6544,51,0,9,0.962,0.659,0.822,0.5,0.433,0.167,0
6545,40,1,4,0.539,0.712,0.805,0.75,0.124,-0.298,0
6546,83,0,8,1.042,0.544,0.916,0.0,0.566,0.1,0
6547,69,1,5,0.825,0.527,0.966,0.0,0.69,0.14,0
6548,58,1,12,0.974,0.547,1.119,0.75,0.743,0.12,0
6549,47,0,5,0.934,0.627,0.659,0.0,0.27,0.011,0
6550,79,1,4,0.498,0.715,0.684,0.0,0.48,-0.354,0
6551,59,0,9,0.567,0.598,1.022,0.0,0.699,-0.166,0
6552,72,1,12,1.088,0.527,0.911,0.25,0.371,0.418,0
6553,75,0,10,0.998,0.566,0.766,0.0,0.386,0.507,0
6554,47,1,6,0.794,0.563,0.843,0.5,0.39,0.126,0
6555,54,0,9,0.905,0.623,1.052,0.0,0.692,0.377,0
6556,40,1,3,0.657,0.611,0.397,0.0,0.079,-0.108,0
6557,70,0,3,0.679,0.572,0.571,0.75,0.041,0.129,1
6558,30,1,3,0.56,0.598,0.618,0.25,0.167,-0.231,0
6559,30,1,12,1.049,0.452,1.043,0.25,0.742,0.317,1
6560,33,0,5,0.793,0.577,0.413,0.5,-0.037,0.038,0
6561,74,1,9,1.038,0.706,1.098,0.25,0.535,0.24,0
6562,80,0,11,1.091,0.535,0.926,0.5,0.75,0.355,1
6563,83,0,5,0.676,0.534,0.9,0.0,0.633,0.027,0
6564,55,1,4,0.75,0.659,0.572,0.0,0.063,0.022,0
6565,83,0,8,0.966,0.597,0.785,0.0,0.214,-0.014,1
6566,35,1,12,0.879,0.589,0.895,0.75,0.309,0.084,0
6567,73,0,4,0.7,0.628,0.412,0.25,-0.306,-0.013,0
6568,69,1,7,0.89,0.643,0.638,0.0,0.186,0.086,0
6569,30,0,9,0.719,0.448,0.93,0.0,0.363,0.019,0
6570,70,0,6,0.671,0.635,0.647,1.0,0.01,-0.07,0
6571,36,0,9,0.877,0.591,0.74,0.0,0.339,0.121,0
6572,69,1,5,0.792,0.706,0.521,0.0,0.103,0.115,0
6573,74,0,4,0.674,0.573,0.237,0.0,-0.086,-0.067,0
6574,61,0,11,0.987,0.494,1.081,0.5,0.576,0.071,0
6575,66,0,6,0.877,0.575,0.437,0.75,-0.025,0.172,0
6576,62,1,9,0.7,0.488,0.897,0.0,0.248,-0.054,1
6577,77,1,11,0.962,0.601,0.969,0.0,0.771,0.162,0
6578,52,1,10,0.914,0.575,1.037,0.0,0.67,0.277,1
6579,40,1,4,0.685,0.704,0.636,0.0,-0.162,0.105,0
6580,55,0,9,0.94,0.458,0.601,0.5,0.392,0.03,0
6581,51,0,3,0.708,0.644,0.522,0.0,0.145,-0.058,0
6582,76,1,9,0.69,0.562,0.763,0.75,0.528,0.053,0
6583,56,1,4,0.911,0.652,0.638,0.75,0.146,0.228,0
6584,83,1,3,0.759,0.674,0.615,0.0,0.199,0.097,0
6585,45,0,10,1.125,0.647,0.699,0.0,0.154,0.441,0
6586,38,1,12,1.182,0.466,0.918,0.0,0.55,0.411,0
6587,32,1,3,0.858,0.57,0.7,0.0,0.589,0.164,0
6588,34,0,10,1.048,0.7,0.726,0.0,0.134,0.041,0
6589,83,0,9,0.946,0.503,0.833,0.5,0.558,0.269,0
6590,70,1,7,0.897,0.549,0.512,0.0,-0.028,0.091,0
6591,37,0,6,0.867,0.614,0.439,0.0,-0.157,0.107,0
6592,56,1,7,0.837,0.613,0.739,0.75,0.364,0.109,0
6593,74,1,12,1.174,0.511,0.962,0.5,0.573,0.291,0
6594,78,0,4,0.903,0.527,0.419,0.5,-0.019,0.471,0
6595,76,1,4,0.727,0.673,0.505,0.0,-0.064,-0.089,0
6596,79,0,10,0.829,0.46,0.669,0.25,0.318,-0.064,1
6597,30,1,3,0.752,0.486,0.818,1.0,-0.045,-0.163,0
6598,64,1,11,0.753,0.668,0.794,0.5,0.18,-0.052,0
6599,63,1,6,0.86,0.62,0.438,1.0,-0.238,0.302,0
6600,41,1,10,0.758,0.547,0.585,0.0,0.036,0.23,0
6601,68,0,5,0.925,0.635,0.661,0.5,0.244,0.098,1
6602,32,1,6,0.907,0.602,0.754,0.75,0.238,0.072,1
6603,68,0,5,0.68,0.627,0.417,0.75,0.018,-0.263,0
6604,47,1,3,1.005,0.546,0.563,0.0,0.053,0.074,0
6605,42,1,11,1.116,0.455,0.646,0.0,0.318,0.304,0
6606,42,0,7,0.86,0.597,0.717,0.0,0.452,0.223,1
6607,35,1,10,1.042,0.541,0.937,0.0,0.634,0.264,0
6608,45,0,10,0.98,0.562,0.628,0.25,0.124,0.244,0
6609,32,0,6,0.788,0.582,1.309,0.5,0.901,-0.076,1
6610,42,1,5,0.929,0.481,0.398,0.0,-0.072,0.091,0
6611,39,1,6,0.842,0.569,0.548,0.0,0.101,0.149,0
6612,31,1,8,0.86,0.589,0.641,0.0,-0.037,0.114,0
6613,36,1,3,0.622,0.567,0.383,0.5,0.05,-0.013,0
6614,71,1,10,1.012,0.701,0.802,0.75,0.289,0.294,0
6615,35,0,3,0.783,0.739,0.475,0.75,0.09,0.16,0
6616,63,0,11,1.323,0.543,0.681,0.0,0.245,0.565,0
6617,79,0,5,1.059,0.594,0.58,0.25,0.483,0.271,0
6618,39,1,7,0.785,0.501,1.017,1.0,0.625,0.131,0
6619,74,1,9,1.072,0.55,0.852,0.0,0.306,0.314,0
6620,78,0,4,0.841,0.625,0.709,0.25,0.435,-0.069,1
6621,82,1,8,0.744,0.609,0.795,0.0,0.235,-0.034,1
6622,60,0,12,1.022,0.5,0.644,0.25,0.326,0.126,0
6623,58,1,9,0.814,0.7,0.722,1.0,0.251,0.114,0
6624,58,0,11,0.886,0.454,0.7,0.0,0.292,0.242,0
6625,76,1,7,0.861,0.574,0.644,0.5,0.501,0.161,0
6626,75,1,12,0.928,0.605,1.009,0.25,0.412,0.068,1
6627,72,0,8,0.786,0.581,0.723,0.0,0.104,0.086,1
6628,67,1,8,1.003,0.591,0.769,0.0,0.566,0.267,0
6629,64,1,11,1.002,0.717,0.938,0.0,0.193,0.305,0
6630,66,0,7,0.888,0.597,0.449,0.0,-0.007,0.265,0
6631,84,0,5,0.843,0.528,0.95,0.0,0.399,-0.008,1
6632,69,1,10,0.874,0.459,0.883,0.25,0.3,0.14,0
6633,39,1,8,0.725,0.678,0.93,0.0,0.176,-0.06,0
6634,46,0,6,0.904,0.653,0.7,0.75,0.027,0.011,0
6635,46,1,4,0.724,0.629,0.958,0.0,0.38,-0.122,0
6636,67,1,8,1.042,0.547,0.743,0.0,0.061,0.268,0
6637,47,0,12,0.852,0.463,0.946,1.0,0.447,0.08,0
6638,77,0,7,0.643,0.548,0.929,0.0,0.352,0.008,0
6639,79,1,3,0.819,0.689,0.634,0.0,0.319,0.235,0
6640,70,1,4,0.645,0.607,0.645,0.0,0.429,-0.176,0
6641,40,1,3,0.757,0.683,0.528,0.0,0.239,-0.15,0
6642,72,1,8,1.021,0.488,0.742,0.0,0.055,0.296,0
6643,72,1,10,1.059,0.593,0.728,0.0,0.444,-0.011,0
6644,57,0,7,0.654,0.573,0.7,0.5,0.376,-0.197,0
6645,76,1,10,1.112,0.642,0.639,0.0,-0.058,0.281,0
6646,52,1,5,0.972,0.624,0.58,0.0,0.283,0.195,0
6647,77,1,11,0.958,0.398,0.943,0.0,0.528,0.233,0
6648,46,1,11,1.109,0.7,0.9,0.0,0.317,0.181,0
6649,73,1,10,0.733,0.641,1.081,0.25,0.481,-0.129,0
6650,64,0,8,0.883,0.628,0.757,0.5,0.444,0.03,1
6651,38,0,6,0.835,0.676,1.09,0.75,0.713,0.037,0
6652,65,1,10,0.957,0.559,0.807,0.5,0.486,0.043,1
6653,52,1,9,1.053,0.543,0.732,0.0,0.201,0.196,0
6654,74,0,7,1.113,0.418,0.764,0.0,0.254,0.269,0
6655,59,0,4,0.803,0.675,0.604,0.25,0.142,0.218,0
6656,73,0,3,0.661,0.667,0.886,0.0,0.523,-0.039,0
6657,32,1,7,0.737,0.574,0.717,0.25,0.177,-0.081,1
6658,67,0,12,0.911,0.562,1.136,1.0,0.564,0.134,1
6659,40,1,9,1.072,0.646,0.522,0.0,-0.281,0.458,0
6660,57,1,9,0.627,0.492,0.714,0.0,-0.126,0.001,0
6661,53,1,10,1.019,0.55,0.919,1.0,0.775,0.147,0
6662,30,1,7,0.88,0.694,0.649,0.0,0.212,0.377,0
6663,31,0,11,0.99,0.427,0.606,0.25,0.226,0.255,0
6664,48,0,9,1.089,0.516,0.58,0.75,-0.05,0.318,0
6665,54,0,9,0.859,0.453,0.676,0.0,0.009,0.129,0
6666,40,1,11,0.997,0.499,0.876,0.0,0.235,0.443,1
6667,46,0,9,0.886,0.639,1.081,0.0,0.525,0.228,0
6668,69,0,3,0.7,0.673,0.812,0.0,0.226,0.025,0
6669,50,0,8,1.022,0.638,0.805,0.5,0.386,0.085,0
6670,61,0,11,0.878,0.533,0.824,0.75,0.144,0.132,0
6671,82,1,12,0.989,0.591,0.79,1.0,0.705,0.191,0
6672,59,0,5,0.939,0.565,0.39,0.25,-0.067,0.239,0
6673,76,0,8,0.92,0.405,0.972,0.5,0.299,0.227,0
6674,73,0,9,0.925,0.56,1.036,0.5,0.385,0.351,0
6675,65,1,3,0.963,0.786,0.326,0.0,-0.156,0.385,0
6676,51,0,4,0.7,0.557,0.642,0.0,0.255,-0.21,0
6677,56,1,8,0.861,0.58,0.958,0.5,0.481,0.074,0
6678,84,1,11,0.823,0.612,0.945,0.0,0.636,0.16,0
6679,55,0,5,0.778,0.735,0.528,0.0,-0.117,0.01,0
6680,31,0,4,0.826,0.572,0.58,0.0,0.215,0.103,0
6681,63,0,10,0.954,0.448,0.585,0.0,-0.115,0.424,0
6682,54,1,8,0.766,0.672,0.764,0.0,0.341,0.101,0
6683,54,1,6,0.898,0.547,0.714,0.0,0.592,0.117,0
6684,33,0,12,0.7,0.561,1.139,0.5,0.685,0.116,0
6685,53,1,9,1.001,0.532,0.621,0.0,0.019,0.285,0
6686,61,0,7,0.828,0.479,0.675,0.0,0.32,0.061,1
6687,45,0,5,0.618,0.527,0.517,0.0,-0.096,0.045,0
6688,60,0,4,0.781,0.528,0.888,1.0,0.492,0.205,0
6689,72,1,10,1.003,0.554,0.686,0.25,0.344,0.281,0
6690,43,1,10,1.087,0.573,1.032,1.0,0.657,0.402,0
6691,82,0,3,0.752,0.59,0.435,0.0,-0.252,0.052,0
6692,42,1,3,0.74,0.806,0.465,0.0,-0.158,0.081,0
6693,58,0,7,0.729,0.616,0.7,0.0,0.181,0.168,0
6694,71,0,8,0.706,0.566,0.79,0.5,0.496,0.001,0
6695,79,0,9,1.001,0.607,0.555,0.0,-0.05,0.287,0
6696,46,0,4,0.771,0.484,0.871,0.75,0.398,-0.053,0
6697,56,1,12,0.918,0.529,0.8,0.0,0.456,0.13,1
6698,65,1,12,0.892,0.514,0.998,0.0,0.409,0.278,0
6699,62,1,7,0.777,0.49,0.537,0.0,-0.115,-0.053,0
6700,54,1,12,0.839,0.532,0.867,0.0,0.307,0.298,0
6701,65,1,7,0.825,0.703,0.891,0.25,0.424,-0.002,0
6702,72,1,5,0.717,0.617,0.738,0.5,0.264,-0.004,1
6703,58,1,7,0.922,0.549,0.58,0.75,0.081,0.019,0
6704,72,1,6,0.843,0.432,0.946,0.25,0.361,0.094,0
6705,64,0,12,0.88,0.582,0.928,0.75,0.436,0.172,0
6706,49,0,7,0.859,0.602,0.808,0.0,0.381,0.288,0
6707,74,1,12,0.884,0.521,0.714,0.25,0.188,0.2,0
6708,56,0,3,0.769,0.609,0.787,0.5,0.529,0.129,0
6709,37,1,6,0.89,0.626,0.549,0.75,-0.095,0.296,0
6710,46,0,11,0.93,0.635,1.116,0.25,0.834,0.023,0
6711,32,0,4,0.637,0.784,0.565,0.5,0.18,-0.099,0
6712,75,1,3,0.746,0.654,0.7,1.0,0.244,-0.002,1
6713,35,0,5,0.764,0.553,0.628,0.5,0.325,0.17,0
6714,69,1,9,0.858,0.54,0.661,0.5,0.295,0.061,0
6715,81,1,4,0.854,0.644,0.472,1.0,-0.207,0.069,0
6716,59,0,7,0.762,0.627,0.858,0.0,0.454,0.096,0
6717,79,0,12,1.083,0.496,0.927,1.0,0.499,0.462,0
6718,84,1,5,0.745,0.527,0.633,0.0,0.331,-0.084,0
6719,81,0,5,0.995,0.735,1.036,0.75,0.651,0.369,0
6720,53,1,6,0.931,0.596,0.741,1.0,0.226,0.232,0
6721,33,0,9,0.752,0.646,0.911,0.0,0.441,-0.028,0
6722,63,1,5,0.521,0.785,0.509,0.0,-0.088,-0.368,0
6723,73,1,11,0.916,0.46,0.962,0.5,0.59,0.083,0
6724,34,0,9,1.068,0.523,0.774,0.0,0.424,0.285,0
6725,41,0,4,0.977,0.577,0.786,0.5,0.379,0.364,0
6726,49,0,11,0.895,0.569,0.889,0.0,0.414,0.436,0
6727,73,1,3,0.939,0.661,0.522,0.25,0.272,-0.017,0
6728,61,1,7,0.666,0.618,0.254,0.25,0.046,-0.1,0
6729,82,0,8,0.801,0.492,0.726,0.5,0.237,-0.173,1
6730,78,0,11,0.769,0.557,0.854,0.5,0.424,0.072,0
6731,63,1,4,0.697,0.592,0.568,0.5,-0.022,-0.222,0
6732,46,1,10,1.011,0.645,1.029,0.25,0.454,0.02,1
6733,47,1,11,0.7,0.536,0.643,0.75,0.363,-0.022,0
6734,66,0,5,0.807,0.567,0.661,0.0,0.203,0.044,0
6735,45,0,7,0.845,0.704,0.782,0.25,-0.06,-0.227,0
6736,53,1,3,0.656,0.555,0.426,0.0,-0.274,-0.078,0
6737,55,1,12,0.96,0.509,0.9,1.0,0.219,0.301,0
6738,83,1,11,0.804,0.496,0.873,0.0,0.6,0.131,0
6739,56,0,9,1.1,0.491,0.605,0.0,0.245,0.47,0
6740,47,1,8,0.92,0.579,0.786,0.25,0.176,-0.111,0
6741,53,0,10,0.812,0.549,0.832,0.0,0.486,0.03,0
6742,51,0,3,0.771,0.545,0.714,0.25,0.138,-0.072,0
6743,60,1,11,0.878,0.507,0.856,1.0,0.557,0.041,1
6744,57,0,8,0.966,0.562,0.765,0.25,0.228,0.213,0
6745,41,0,7,0.721,0.637,0.546,0.75,-0.223,-0.001,0
6746,71,0,11,0.719,0.579,0.967,0.0,0.548,-0.124,1
6747,32,1,3,0.753,0.773,0.501,0.5,-0.17,0.021,0
6748,50,1,10,0.791,0.514,0.778,0.25,0.543,0.046,1
6749,80,1,10,0.913,0.57,1.122,0.0,0.62,0.252,0
6750,73,1,12,0.86,0.471,1.195,0.0,0.778,0.083,0
6751,61,0,7,0.927,0.539,1.061,0.0,0.463,0.43,1
6752,60,1,11,0.838,0.601,0.685,1.0,0.073,0.09,0
6753,68,0,12,0.966,0.51,1.154,0.0,0.572,0.277,0
6754,84,0,10,0.828,0.693,0.804,0.0,0.4,0.128,1
6755,50,1,7,0.898,0.527,0.727,0.0,0.43,-0.018,0
6756,51,0,5,1.008,0.586,0.644,0.5,0.146,0.273,0
6757,70,0,6,0.903,0.464,0.622,0.5,0.068,0.457,0
6758,74,1,12,1.002,0.671,1.072,0.0,0.598,0.273,1
6759,36,0,9,0.8,0.653,0.564,0.0,0.454,0.026,0
6760,59,0,4,0.858,0.61,0.64,1.0,0.316,-0.018,0
6761,70,0,5,0.743,0.529,0.612,0.0,0.169,-0.018,0
6762,46,1,10,0.922,0.592,0.62,0.5,0.041,0.286,0
6763,53,1,8,0.922,0.493,0.805,0.0,0.341,0.332,1
6764,70,0,6,0.992,0.656,0.562,0.0,0.218,0.193,0
6765,80,1,7,1.005,0.652,0.455,0.0,-0.207,0.355,1
6766,51,1,9,0.854,0.562,1.046,0.0,0.707,0.113,1
6767,80,0,7,0.784,0.619,0.731,1.0,0.261,0.084,0
6768,32,1,4,0.619,0.624,0.82,0.0,0.277,-0.408,0
6769,38,1,12,0.846,0.561,0.835,1.0,0.154,-0.058,1
6770,43,0,12,0.856,0.612,0.87,0.0,0.104,0.226,0
6771,39,0,4,0.857,0.468,0.669,0.0,0.391,0.033,0
6772,46,0,12,0.992,0.646,1.553,0.0,1.062,0.298,0
6773,80,1,10,0.82,0.523,0.884,0.0,0.175,0.179,0
6774,49,1,12,0.979,0.589,1.008,0.5,0.47,0.378,0
6775,70,1,5,0.742,0.675,0.855,0.75,0.144,0.084,0
6776,64,0,7,0.959,0.709,0.667,0.75,0.335,0.259,0
6777,30,1,10,0.968,0.536,1.015,0.0,0.615,0.131,0
6778,51,1,12,0.7,0.539,0.88,0.0,0.227,-0.004,1
6779,34,1,4,0.955,0.548,0.539,0.25,0.234,0.178,0
6780,30,1,9,0.807,0.648,1.066,0.0,0.498,-0.031,0
6781,78,1,3,0.534,0.604,0.453,1.0,-0.313,-0.215,0
6782,33,1,11,0.865,0.629,1.091,0.5,0.996,0.226,0
6783,65,0,4,0.684,0.761,0.727,0.25,0.252,-0.118,0
6784,81,0,12,0.948,0.611,1.033,0.5,0.776,0.159,0
6785,39,1,12,0.884,0.61,0.728,0.0,0.028,0.053,0
6786,52,1,7,0.982,0.627,0.732,1.0,0.672,0.113,1
6787,61,0,6,0.979,0.527,0.85,1.0,0.491,0.244,0
6788,60,1,9,0.796,0.563,0.578,0.0,0.418,0.16,0
6789,51,1,11,1.034,0.688,0.961,0.75,0.297,0.222,1
6790,45,0,8,0.875,0.603,1.038,0.5,0.578,0.029,1
6791,80,0,7,0.712,0.767,0.848,0.0,0.311,-0.128,1
6792,48,0,8,0.937,0.607,0.955,0.75,0.16,0.196,0
6793,80,0,3,0.727,0.724,0.85,0.0,0.712,-0.074,1
6794,35,1,7,0.911,0.465,0.556,0.0,0.33,0.161,0
6795,37,1,8,0.802,0.602,0.804,0.5,0.163,0.008,1
6796,82,1,5,0.737,0.575,1.095,0.0,0.849,-0.102,0
6797,69,1,8,0.839,0.567,0.594,0.0,-0.019,0.096,0
6798,48,1,4,0.992,0.607,0.394,0.0,-0.029,0.278,0
6799,62,0,4,0.764,0.487,0.611,1.0,0.228,0.017,0
6800,38,0,3,0.76,0.627,0.533,0.0,0.039,0.169,0
6801,69,0,5,1.043,0.595,0.541,0.25,0.335,0.278,0
6802,48,0,8,0.838,0.663,0.873,1.0,0.173,0.053,0
6803,52,1,9,1.112,0.501,0.687,0.5,0.243,0.3,0
6804,84,0,6,0.782,0.637,0.367,1.0,-0.16,-0.025,0
6805,48,1,6,0.932,0.6,0.81,1.0,0.424,0.216,1
6806,74,0,4,0.836,0.598,0.513,0.25,-0.1,0.108,0
6807,64,1,7,0.539,0.479,0.465,0.5,0.103,0.016,0
6808,58,0,6,0.833,0.454,0.611,0.25,0.205,0.174,0
6809,64,0,11,1.008,0.446,0.971,0.25,0.454,0.086,0
6810,65,1,10,0.846,0.629,0.762,0.25,0.395,0.093,0
6811,47,1,10,1.08,0.586,0.83,0.0,0.325,0.376,0
6812,38,0,5,0.917,0.49,0.524,0.25,0.12,0.26,0
6813,40,0,5,0.738,0.634,0.434,0.25,-0.189,-0.169,0
6814,41,1,7,0.974,0.513,0.825,0.25,0.299,0.369,0
6815,74,0,10,0.872,0.454,0.88,0.0,0.527,0.081,0
6816,71,0,5,0.836,0.551,0.66,0.0,0.308,0.05,0
6817,59,1,10,1.042,0.695,0.797,0.0,0.031,0.309,0
6818,31,0,6,0.772,0.66,0.426,1.0,0.116,-0.071,0
6819,58,1,11,0.974,0.613,1.012,0.0,0.617,0.316,0
6820,59,1,5,0.784,0.542,0.484,0.0,0.078,0.056,0
6821,77,0,4,0.75,0.694,0.56,0.0,0.25,-0.016,0
6822,55,0,7,0.747,0.586,0.737,0.5,0.299,-0.005,0
6823,76,1,9,0.87,0.561,1.051,0.25,0.541,-0.028,1
6824,57,1,10,0.896,0.502,0.992,1.0,0.466,0.136,0
6825,30,1,11,0.855,0.604,0.714,0.75,0.167,-0.002,0
6826,37,0,4,0.694,0.601,0.622,1.0,0.016,-0.032,0
6827,45,0,3,0.875,0.623,0.644,0.0,-0.028,0.142,0
6828,58,0,6,0.974,0.541,0.686,0.0,0.27,0.446,0
6829,84,0,6,1.006,0.57,0.709,0.5,0.354,0.216,0
6830,47,0,4,0.746,0.536,0.605,0.25,0.073,0.062,0
6831,69,1,4,0.666,0.544,0.646,0.0,0.177,-0.184,0
6832,76,1,11,1.029,0.49,1.044,0.25,0.75,0.23,1
6833,43,0,7,0.892,0.536,0.646,0.25,0.147,0.276,0
6834,78,1,5,1.009,0.686,0.432,0.25,0.017,0.13,0
6835,42,1,4,0.809,0.652,0.516,0.25,-0.001,0.05,0
6836,67,1,7,0.781,0.55,1.076,0.25,0.834,-0.081,0
6837,45,1,11,1.102,0.7,0.763,0.25,0.359,0.239,1
6838,76,1,11,1.134,0.638,0.843,1.0,0.414,0.256,0
6839,46,0,3,0.953,0.487,0.531,0.0,0.404,0.458,0
6840,81,0,5,0.7,0.535,0.799,0.25,0.342,-0.212,1
6841,82,0,4,0.62,0.58,0.804,1.0,0.27,-0.116,0
6842,82,1,11,0.968,0.548,0.71,0.0,-0.231,0.178,1
6843,60,0,10,1.043,0.514,0.894,0.0,0.534,0.466,1
6844,76,0,4,0.986,0.562,0.697,0.25,-0.003,0.369,0
6845,65,0,5,0.626,0.497,0.868,0.25,0.48,-0.117,1
6846,32,0,11,0.972,0.562,0.822,0.5,0.277,0.389,0
6847,84,1,10,0.895,0.513,0.902,0.0,0.209,0.193,0
6848,46,1,8,0.985,0.557,0.587,1.0,-0.236,0.191,0
6849,63,1,11,0.717,0.609,0.857,0.5,0.618,-0.02,0
6850,68,1,11,1.049,0.61,0.943,0.25,0.302,0.272,0
6851,70,1,3,0.719,0.485,0.674,0.0,0.201,0.019,0
6852,82,1,8,0.7,0.492,0.833,0.25,-0.151,0.145,0
6853,71,0,6,0.848,0.601,0.758,0.0,0.625,0.211,0
6854,84,0,3,0.879,0.687,0.572,0.75,-0.012,-0.119,0
6855,65,1,5,0.972,0.7,0.582,0.0,0.03,0.342,0
6856,84,1,3,0.702,0.625,0.626,0.0,0.04,-0.05,0
6857,32,1,3,0.741,0.641,0.695,0.25,0.286,-0.118,0
6858,61,1,12,0.982,0.7,0.852,0.5,0.289,0.213,1
6859,64,1,4,0.669,0.552,0.207,1.0,-0.043,-0.109,0
6860,74,0,9,1.057,0.537,0.567,0.5,0.145,0.378,0
6861,31,0,10,0.95,0.572,0.765,0.25,0.388,0.195,0
6862,83,1,3,0.584,0.528,0.489,0.0,0.163,-0.027,0
6863,68,0,8,1.104,0.682,0.69,0.0,0.439,0.232,0
6864,78,0,6,1.103,0.636,0.85,0.5,0.585,0.496,0
6865,40,0,4,1.026,0.625,0.702,0.5,0.287,0.141,1
6866,46,0,7,0.993,0.516,0.86,0.0,0.539,0.339,0
6867,32,1,3,0.773,0.537,0.751,0.0,0.433,0.016,1
6868,59,1,10,0.777,0.7,0.838,0.0,0.312,-0.161,0
6869,51,1,9,0.855,0.45,1.069,0.0,0.715,0.101,0
6870,57,0,4,0.7,0.627,0.691,0.0,0.395,-0.136,0
6871,79,1,3,0.882,0.573,0.557,0.25,0.085,0.102,0
6872,53,1,4,0.794,0.734,0.597,0.5,0.003,0.114,0
6873,38,0,8,0.801,0.7,0.946,0.0,0.25,0.241,0
6874,44,0,5,0.801,0.624,0.909,0.0,0.454,0.049,1
6875,72,1,9,0.935,0.609,0.759,0.75,0.375,0.188,1
6876,64,1,10,0.909,0.625,0.672,0.25,0.079,0.158,0
6877,81,0,4,0.835,0.483,0.589,0.0,0.147,0.025,0
6878,33,0,9,0.763,0.552,0.738,0.0,0.038,-0.058,0
6879,34,0,12,1.041,0.476,0.918,0.0,0.45,0.123,0
6880,41,1,7,0.7,0.549,0.828,0.5,0.293,-0.195,0
6881,81,1,10,0.885,0.522,0.753,0.0,0.053,-0.055,0
6882,83,1,11,1.175,0.506,0.742,0.0,0.149,0.436,1
6883,52,1,11,0.854,0.59,0.942,0.0,0.598,0.203,0
6884,52,1,9,1.096,0.535,0.874,0.0,0.675,0.482,0
6885,61,1,7,1.106,0.535,0.83,0.0,0.666,0.152,1
6886,32,0,7,1.01,0.576,0.785,0.0,0.247,0.336,0
6887,72,0,8,0.983,0.532,0.811,0.5,0.318,0.171,0
6888,64,0,6,0.927,0.483,0.733,0.0,-0.01,0.164,1
6889,39,0,11,1.012,0.63,1.05,0.0,0.778,0.081,0
6890,58,0,7,0.847,0.586,0.669,0.0,0.644,0.083,1
6891,54,1,3,1.198,0.624,0.641,0.0,0.283,0.464,0
6892,44,1,11,1.007,0.49,1.182,0.0,0.768,0.328,0
6893,63,1,12,1.089,0.529,0.964,0.0,0.486,0.261,1
6894,47,0,11,0.931,0.484,0.946,0.5,0.457,0.251,0
6895,76,0,9,0.822,0.45,0.689,0.0,0.224,0.051,1
6896,57,0,5,0.776,0.624,0.529,0.0,-0.104,0.022,0
6897,70,0,11,1.047,0.582,0.761,1.0,0.113,0.418,0
6898,65,1,7,0.692,0.548,0.757,1.0,-0.056,-0.24,1
6899,82,0,4,0.722,0.607,0.324,0.75,-0.185,-0.046,0
6900,63,0,9,0.874,0.428,0.64,0.5,0.364,0.12,0
6901,66,0,7,0.947,0.665,0.588,0.0,0.086,0.127,0
6902,63,0,3,0.646,0.599,0.558,0.0,0.145,0.027,0
6903,52,1,6,0.78,0.637,0.76,0.0,0.166,-0.044,1
6904,38,1,11,0.86,0.475,0.895,0.25,0.573,0.147,0
6905,43,1,10,0.7,0.626,1.007,0.0,0.749,-0.111,0
6906,31,1,8,0.992,0.427,1.047,0.0,0.54,0.323,0
6907,58,0,9,0.73,0.487,0.76,0.0,0.308,-0.069,0
6908,55,0,11,0.85,0.572,1.06,0.0,0.665,0.234,1
6909,83,1,4,0.956,0.517,0.721,0.0,0.431,0.115,1
6910,42,1,7,0.7,0.598,0.836,0.0,-0.166,0.088,0
6911,84,0,5,0.841,0.576,0.585,0.5,0.064,0.177,0
6912,66,1,11,1.073,0.531,1.082,0.0,0.534,0.203,0
6913,50,0,11,1.04,0.518,0.922,0.0,0.42,0.181,0
6914,72,0,11,0.912,0.669,0.984,0.0,0.522,0.161,0
6915,75,1,4,0.548,0.377,0.992,0.5,0.63,-0.288,0
6916,40,1,7,1.154,0.605,0.535,0.0,-0.007,0.466,0
6917,74,0,3,0.7,0.752,0.958,0.0,0.288,0.158,1
6918,52,0,3,0.855,0.463,0.46,0.5,-0.046,0.059,0
6919,78,1,10,0.922,0.652,0.682,0.0,0.265,0.11,0
6920,70,0,10,0.976,0.725,0.936,0.5,0.581,0.229,1
6921,48,0,9,0.8,0.532,0.74,0.25,0.375,0.204,0
6922,30,0,7,0.87,0.536,0.485,0.5,-0.245,-0.035,0
6923,68,1,6,0.946,0.6,0.95,0.0,0.737,0.208,0
6924,79,0,5,0.893,0.622,0.469,0.5,-0.11,0.154,0
6925,42,1,12,0.928,0.639,0.679,0.0,0.232,0.424,0
6926,58,0,8,0.679,0.623,0.818,1.0,0.068,0.153,0
6927,82,0,12,0.879,0.537,0.661,0.5,-0.104,0.334,1
6928,53,1,3,0.635,0.617,0.348,0.0,-0.32,-0.096,0
6929,69,1,4,0.672,0.7,0.445,0.0,-0.094,-0.023,0
6930,63,0,9,1.111,0.621,0.396,0.0,-0.02,0.602,0
6931,63,1,10,0.872,0.566,0.871,0.0,0.386,0.109,1
6932,76,0,4,0.778,0.643,0.963,1.0,0.463,0.114,0
6933,43,1,5,0.768,0.504,0.582,0.0,0.073,0.094,0
6934,71,0,8,0.885,0.533,0.981,0.25,0.769,0.42,0
6935,67,0,3,0.86,0.709,0.303,0.0,-0.563,0.098,0
6936,63,0,5,0.872,0.7,0.323,0.0,-0.202,0.047,0
6937,33,1,7,0.949,0.781,0.645,0.25,0.088,0.249,0
6938,30,1,7,0.8,0.541,0.686,0.0,0.118,0.125,0
6939,62,1,11,0.845,0.7,0.82,0.0,0.329,0.409,0
6940,37,1,7,0.853,0.502,0.796,0.0,-0.073,0.134,0
6941,78,0,11,1.004,0.481,0.845,0.0,0.596,0.2,0
6942,84,1,8,0.908,0.7,0.745,0.75,0.416,0.054,0
6943,57,1,6,0.756,0.641,0.7,0.75,0.49,-0.024,1
6944,71,0,9,0.732,0.454,0.826,0.0,0.59,0.003,1
6945,64,0,6,0.794,0.665,0.669,0.0,0.317,0.01,0
6946,40,1,11,1.105,0.524,0.875,0.0,0.16,0.485,0
6947,48,0,9,1.013,0.547,0.774,0.75,0.636,0.356,0
6948,40,1,5,0.928,0.514,0.685,0.5,0.449,0.345,0
6949,71,1,11,0.852,0.494,0.976,0.0,0.649,0.13,0
6950,58,1,9,0.896,0.547,1.069,0.0,0.227,-0.009,0
6951,46,1,5,0.906,0.705,0.324,0.0,-0.157,-0.104,0
6952,46,1,11,1.079,0.653,0.838,0.0,0.423,0.436,0
6953,52,1,3,0.711,0.423,0.7,1.0,0.241,0.2,0
6954,37,1,5,0.817,0.628,0.707,0.25,0.243,0.089,0
6955,43,1,8,0.947,0.463,0.621,0.25,0.294,0.087,0
6956,84,0,6,0.852,0.535,0.484,0.5,-0.216,0.001,0
6957,42,0,12,0.874,0.571,1.141,0.0,0.493,0.109,0
6958,52,0,4,0.695,0.592,0.475,0.25,-0.046,-0.123,0
6959,71,0,6,0.952,0.544,0.696,0.0,0.124,0.273,0
6960,69,1,5,0.877,0.493,0.607,0.0,0.304,0.338,0
6961,61,1,6,0.728,0.634,0.709,0.5,-0.224,0.011,1
6962,41,1,3,0.751,0.493,0.806,0.0,0.33,0.065,0
6963,57,0,7,0.848,0.696,0.688,0.0,0.298,0.051,0
6964,60,1,3,0.832,0.642,0.438,0.75,0.058,0.128,0
6965,31,0,8,0.817,0.423,0.565,0.75,-0.135,-0.02,0
6966,40,0,5,0.633,0.492,0.922,1.0,0.304,-0.018,0
6967,37,0,4,0.713,0.681,0.854,0.0,0.542,0.078,0
6968,46,1,10,0.954,0.616,0.857,0.0,0.39,0.372,0
6969,53,1,6,0.686,0.634,0.566,1.0,0.157,0.027,0
6970,51,0,9,0.821,0.586,0.883,0.25,0.351,0.195,0
6971,33,1,12,1.018,0.494,0.623,0.0,0.057,0.226,0
6972,33,0,8,0.59,0.631,0.645,0.0,-0.055,-0.07,0
6973,41,1,11,0.816,0.593,1.011,0.75,0.443,0.164,0
6974,54,0,3,0.845,0.63,0.463,0.5,0.078,0.086,0
6975,37,1,12,0.924,0.537,0.772,0.75,0.345,0.215,1
6976,50,1,7,0.807,0.608,0.429,0.25,-0.434,0.087,0
6977,50,0,6,0.659,0.482,0.793,0.0,0.418,-0.135,0
6978,61,1,4,0.581,0.551,0.647,0.25,0.192,-0.309,0
6979,83,0,6,0.798,0.397,0.754,1.0,0.109,-0.092,0
6980,72,0,10,0.931,0.461,0.805,0.5,0.445,0.357,1
6981,45,1,11,1.089,0.507,0.802,0.0,0.036,0.392,0
6982,79,1,3,0.608,0.662,0.782,0.0,0.264,-0.362,0
6983,61,0,3,0.942,0.5,0.716,0.25,0.107,0.297,0
6984,76,1,9,0.908,0.479,0.713,0.0,0.138,-0.049,1
6985,56,0,3,0.88,0.611,0.483,0.75,0.357,0.135,0
6986,49,0,11,0.998,0.533,0.831,1.0,0.614,0.235,0
6987,82,0,8,0.998,0.516,0.631,0.0,0.177,0.258,0
6988,53,0,9,0.72,0.507,0.557,1.0,0.199,-0.006,0
6989,49,1,7,0.822,0.593,0.617,0.25,0.291,0.278,0
6990,55,0,12,1.068,0.7,0.81,0.0,0.028,0.458,0
6991,46,1,3,0.699,0.578,0.627,0.5,0.292,-0.107,0
6992,61,1,3,0.785,0.528,0.574,0.0,0.284,-0.012,0
6993,54,0,11,0.894,0.397,0.78,0.0,0.28,0.088,0
6994,84,0,5,1.032,0.617,0.676,0.5,-0.031,0.108,0
6995,61,1,9,0.7,0.394,0.964,0.5,0.716,-0.117,0
6996,50,1,7,0.974,0.614,0.684,0.0,0.308,0.047,0
6997,76,0,9,1.021,0.691,0.725,0.0,0.261,0.343,0
6998,78,1,6,0.814,0.505,0.46,0.25,0.005,-0.039,0
6999,53,0,3,0.719,0.611,0.755,1.0,0.244,-0.255,1
7000,76,0,8,0.943,0.642,0.636,1.0,0.256,-0.007,0
7001,56,0,11,0.964,0.569,0.949,0.5,0.477,0.107,0
7002,44,0,7,0.789,0.672,0.811,0.75,0.379,-0.052,1
7003,82,0,9,0.981,0.609,0.724,0.0,0.328,0.125,0
7004,66,0,5,0.839,0.418,0.551,0.0,0.251,0.05,0
7005,60,0,4,0.995,0.592,0.54,0.5,0.23,0.299,0
7006,72,1,8,1.034,0.67,0.392,0.0,-0.487,0.423,0
7007,67,1,4,0.631,0.621,0.689,0.0,0.147,-0.099,1
7008,78,0,6,0.963,0.561,0.588,0.25,0.178,0.046,0
7009,70,0,4,0.952,0.645,0.492,0.5,-0.248,0.126,0
7010,30,1,12,0.821,0.63,0.724,0.5,0.483,0.397,0
7011,50,1,6,0.786,0.666,0.335,0.25,-0.052,0.092,0
7012,48,0,6,0.994,0.7,0.848,1.0,0.528,0.398,0
7013,33,0,11,0.989,0.48,0.793,0.0,0.268,0.138,0
7014,30,0,3,0.98,0.718,0.432,0.25,0.035,0.312,0
7015,44,1,5,0.783,0.701,0.728,0.0,0.028,-0.036,0
7016,41,1,10,0.804,0.591,0.68,0.0,0.324,0.066,0
7017,58,1,7,0.677,0.599,0.701,0.0,0.352,-0.127,0
7018,54,0,4,0.82,0.637,0.735,0.0,0.359,0.022,0
7019,61,1,9,0.939,0.65,0.747,0.5,0.177,0.112,0
7020,56,0,6,0.938,0.603,0.91,0.0,0.205,0.299,0
7021,49,0,6,0.554,0.567,0.319,0.0,-0.272,-0.312,0
7022,36,1,3,0.897,0.511,0.669,0.0,0.109,0.392,0
7023,80,1,4,0.958,0.61,0.529,0.5,0.101,0.222,0
7024,50,1,10,0.975,0.475,0.786,0.25,0.101,0.151,0
7025,35,0,4,0.486,0.648,0.518,0.75,0.148,-0.205,0
7026,31,0,9,0.936,0.634,0.96,0.5,0.627,0.219,1
7027,46,0,12,0.991,0.559,0.859,0.5,0.393,0.12,0
7028,71,0,3,0.705,0.632,0.629,0.5,0.091,-0.023,0
7029,79,0,3,0.599,0.731,0.531,0.0,0.157,-0.264,0
7030,79,0,7,0.832,0.458,0.583,0.25,-0.163,-0.11,0
7031,49,0,12,1.175,0.599,0.765,0.0,0.453,0.388,0
7032,81,0,8,0.839,0.612,0.938,0.5,0.724,0.29,0
7033,69,1,9,0.895,0.509,0.714,0.0,0.238,0.174,1
7034,51,0,11,0.937,0.484,0.997,1.0,0.483,0.317,1
7035,62,1,3,0.833,0.544,0.428,0.75,-0.215,-0.117,0
7036,46,0,8,0.899,0.492,0.632,0.25,0.226,0.131,0
7037,74,0,9,0.854,0.569,1.004,0.5,0.423,-0.026,0
7038,70,1,7,0.979,0.63,0.483,0.75,0.179,0.094,0
7039,81,0,7,0.785,0.513,0.857,0.25,0.622,0.123,1
7040,73,0,7,1.126,0.7,0.816,0.0,0.223,0.203,0
7041,79,0,4,0.7,0.741,0.6,1.0,0.041,0.039,0
7042,75,0,8,0.939,0.457,0.7,0.0,0.421,0.182,0
7043,81,0,10,0.974,0.459,0.989,0.0,0.67,0.148,1
7044,75,0,5,0.913,0.561,0.933,0.75,0.141,0.037,0
7045,75,1,4,0.507,0.751,0.666,0.75,0.05,-0.259,1
7046,73,0,8,0.835,0.546,0.908,0.0,0.323,0.117,0
7047,66,0,5,0.894,0.578,0.7,0.5,0.228,0.026,0
7048,41,1,9,0.968,0.587,0.395,0.5,-0.358,0.254,0
7049,76,1,5,0.727,0.611,0.83,1.0,0.415,-0.061,1
7050,37,0,6,0.809,0.538,0.463,0.25,-0.165,0.084,0
7051,56,1,12,1.013,0.7,1.049,0.75,0.223,0.315,0
7052,67,0,7,1.015,0.575,0.903,0.0,0.164,0.382,0
7053,55,0,5,0.713,0.666,0.467,0.0,-0.181,-0.04,0
7054,73,1,10,0.7,0.624,0.827,0.0,0.323,0.01,0
7055,62,1,4,0.752,0.578,0.914,0.0,0.781,0.02,0
7056,50,1,4,0.872,0.61,0.45,1.0,0.231,0.249,0
7057,55,1,10,0.94,0.518,0.9,0.0,0.716,-0.23,0
7058,82,1,12,0.786,0.578,0.651,0.0,-0.027,0.127,1
7059,74,1,9,0.903,0.537,0.758,0.5,0.36,0.259,0
7060,50,1,7,0.99,0.592,0.741,0.5,0.44,0.319,0
7061,40,0,8,0.574,0.458,0.647,0.25,-0.032,-0.286,0
7062,75,0,4,0.911,0.631,0.538,0.0,-0.066,0.034,0
7063,50,0,12,1.184,0.7,0.941,0.0,0.802,0.405,0
7064,51,0,5,0.708,0.672,0.698,0.0,0.133,-0.112,1
7065,37,0,5,0.717,0.522,0.227,0.5,-0.228,0.043,0
7066,78,0,4,0.984,0.547,0.298,0.75,-0.245,0.119,0
7067,48,1,10,0.851,0.7,0.986,0.0,0.495,0.418,0
7068,35,0,7,0.991,0.575,0.508,0.0,0.15,0.34,0
7069,75,0,8,0.831,0.581,0.803,0.25,0.357,0.344,1
7070,50,1,4,0.92,0.593,0.615,0.25,0.527,0.301,0
7071,67,0,7,1.017,0.573,0.628,0.0,0.102,0.448,0
7072,77,0,9,0.873,0.524,0.755,0.75,0.314,0.215,0
7073,68,1,9,0.888,0.706,0.838,0.0,0.15,0.144,0
7074,68,0,9,0.874,0.547,0.525,0.0,0.221,0.155,0
7075,81,0,4,0.591,0.549,0.771,0.0,0.499,-0.334,1
7076,64,0,5,0.699,0.653,0.801,0.75,0.08,-0.037,0
7077,64,1,6,0.897,0.564,0.502,0.0,-0.128,0.453,0
7078,40,1,3,0.805,0.639,0.422,0.75,0.241,0.094,0
7079,47,1,12,0.9,0.52,1.209,0.25,0.428,0.269,0
7080,41,0,5,0.855,0.61,0.564,0.0,0.122,-0.036,0
7081,73,0,6,0.699,0.691,0.526,0.0,-0.159,0.123,0
7082,39,1,12,0.979,0.564,0.852,0.25,0.464,0.176,0
7083,61,0,9,0.869,0.573,0.82,0.0,0.531,-0.048,0
7084,79,1,5,0.84,0.624,0.739,0.0,0.193,-0.146,0
7085,51,0,6,0.712,0.69,0.449,0.5,-0.145,-0.086,0
7086,35,0,10,0.877,0.636,0.93,0.75,0.473,-0.083,0
7087,66,1,11,0.961,0.545,0.937,0.0,0.532,0.169,1
7088,59,1,9,0.887,0.501,0.779,0.5,0.328,0.163,0
7089,40,0,4,0.644,0.675,0.629,0.25,0.123,-0.045,0
7090,54,1,9,1.062,0.626,1.148,0.75,0.953,0.435,0
7091,37,1,3,0.768,0.534,0.8,0.0,0.278,-0.172,0
7092,43,0,7,0.746,0.55,0.56,0.5,0.138,-0.066,0
7093,65,0,12,1.053,0.581,0.732,0.0,0.316,0.363,0
7094,58,0,11,1.088,0.614,0.854,0.0,0.356,0.331,0
7095,59,1,4,0.845,0.779,0.479,0.5,0.084,0.078,0
7096,51,1,10,0.89,0.457,0.921,0.0,0.634,-0.089,0
7097,45,0,10,0.936,0.616,0.944,0.75,0.565,0.089,0
7098,83,1,6,0.867,0.529,0.685,0.25,0.467,0.29,0
7099,49,1,3,0.543,0.527,0.357,0.0,-0.366,-0.431,0
7100,47,0,3,0.535,0.678,0.613,0.0,0.303,-0.307,0
7101,38,0,3,0.824,0.633,0.392,0.0,-0.308,0.154,0
7102,31,0,11,0.846,0.569,0.911,0.75,0.369,0.122,0
7103,61,1,10,0.853,0.575,0.819,0.0,0.202,0.203,1
7104,69,0,5,1.123,0.517,0.533,1.0,-0.058,0.147,0
7105,66,1,10,0.982,0.462,0.438,0.0,-0.096,0.316,0
7106,51,0,8,1.048,0.612,0.809,0.0,0.327,0.193,0
7107,45,0,12,0.958,0.58,0.883,0.5,0.123,0.277,0
7108,35,0,6,0.954,0.611,0.793,0.0,0.236,0.246,0
7109,79,1,12,1.001,0.488,0.771,0.0,0.076,0.276,1
7110,47,1,3,0.762,0.565,0.795,0.0,0.271,-0.123,0
7111,80,1,3,0.76,0.574,0.666,0.75,0.407,0.032,0
7112,30,1,11,0.935,0.571,1.048,0.0,0.582,0.204,0
7113,40,0,6,0.808,0.609,0.553,0.75,0.101,-0.196,0
7114,40,1,9,0.774,0.506,0.88,0.25,0.392,-0.094,0
7115,68,0,9,0.919,0.674,0.889,0.75,0.301,0.272,1
7116,60,1,9,0.753,0.602,0.78,0.0,0.224,-0.043,1
7117,60,1,12,0.953,0.567,0.721,0.0,0.084,0.051,1
7118,71,1,5,0.602,0.555,0.243,0.25,0.144,-0.161,1
7119,48,0,11,1.076,0.466,1.023,0.75,0.657,0.373,0
7120,54,1,12,0.898,0.622,0.759,0.0,0.262,0.195,0
7121,79,0,3,0.664,0.687,0.596,0.0,-0.103,-0.09,0
7122,64,0,3,0.7,0.559,0.618,0.75,0.368,0.091,0
7123,36,1,4,0.758,0.588,0.368,0.0,-0.247,0.011,0
7124,63,1,4,0.827,0.631,0.588,0.25,0.177,0.146,0
7125,51,0,6,0.586,0.538,0.85,0.75,0.262,-0.12,0
7126,81,1,11,1.033,0.445,0.718,0.75,0.219,0.41,0
7127,68,1,8,0.895,0.614,0.673,1.0,0.09,-0.008,0
7128,49,0,9,0.953,0.559,0.951,0.5,0.548,0.253,0
7129,61,1,11,1.004,0.415,0.972,0.75,0.635,0.186,0
7130,79,0,3,0.685,0.616,0.656,0.25,0.285,-0.132,0
7131,37,0,3,0.667,0.728,0.419,0.25,-0.281,-0.14,0
7132,57,1,3,0.992,0.575,0.785,1.0,0.293,0.289,0
7133,74,0,4,0.657,0.676,0.7,0.0,0.35,-0.119,0
7134,38,0,11,0.962,0.485,0.926,0.0,0.914,0.108,0
7135,42,1,10,0.887,0.447,0.718,0.5,0.102,0.187,0
7136,30,0,8,0.902,0.65,0.788,0.0,0.441,-0.017,0
7137,70,0,4,0.7,0.551,0.491,0.75,0.113,-0.028,0
7138,76,1,6,0.895,0.696,0.7,0.0,0.357,0.062,0
7139,65,0,10,0.7,0.643,0.763,0.25,0.456,-0.279,0
7140,36,1,6,0.734,0.563,0.634,0.5,-0.021,-0.198,0
7141,30,0,7,0.889,0.504,0.767,0.75,0.585,0.095,0
7142,56,0,8,0.752,0.559,0.848,0.5,0.34,0.188,0
7143,68,0,3,0.739,0.605,0.634,1.0,0.26,0.176,0
7144,30,0,9,0.717,0.624,0.94,0.25,0.676,-0.067,0
7145,80,1,4,0.624,0.451,0.252,0.0,-0.448,-0.103,0
7146,74,0,11,0.92,0.618,0.816,0.25,0.405,0.264,0
7147,78,0,7,0.775,0.669,0.599,0.25,-0.025,-0.08,0
7148,45,1,3,0.876,0.63,0.723,0.75,0.278,-0.041,1
7149,78,1,7,0.927,0.539,0.723,0.0,0.305,0.175,0
7150,84,1,10,1.003,0.564,0.888,0.0,0.334,0.27,0
7151,53,1,12,0.899,0.513,1.057,0.0,0.683,0.271,1
7152,30,0,8,0.7,0.517,0.909,1.0,0.779,-0.122,0
7153,65,0,11,0.935,0.567,1.004,0.5,0.373,0.2,0
7154,73,1,7,0.75,0.584,0.582,0.75,0.15,0.186,0
7155,50,0,10,0.93,0.461,0.85,0.0,0.474,0.3,0
7156,62,1,11,0.866,0.7,0.969,0.0,0.493,0.002,0
7157,43,0,5,0.712,0.6,0.7,0.0,0.151,-0.003,0
7158,35,1,11,0.93,0.551,1.019,0.5,0.729,0.081,0
7159,44,1,3,0.837,0.603,0.434,0.0,0.161,-0.019,0
7160,37,0,10,0.71,0.487,1.176,0.0,0.731,0.085,0
7161,82,0,8,1.028,0.526,0.821,0.5,0.451,0.343,0
7162,53,1,8,0.768,0.537,0.581,0.75,0.033,-0.069,0
7163,47,0,11,0.845,0.414,0.758,0.5,0.124,0.138,0
7164,84,1,5,0.65,0.596,0.601,0.0,-0.224,-0.204,0
7165,82,0,12,1.068,0.55,1.222,0.0,0.888,0.267,0
7166,51,0,7,0.923,0.646,0.934,0.0,0.078,0.194,0
7167,54,1,6,0.996,0.558,0.646,1.0,0.028,0.224,0
7168,41,1,11,1.207,0.54,0.691,0.0,0.179,0.264,0
7169,57,0,3,0.7,0.501,0.669,0.0,0.339,0.054,0
7170,71,0,12,0.99,0.493,1.081,0.0,0.651,0.145,0
7171,39,1,3,0.572,0.7,0.581,0.0,-0.227,0.072,0
7172,41,0,12,1.101,0.598,0.966,0.5,0.363,0.415,0
7173,81,1,9,0.991,0.591,0.56,0.0,0.017,0.143,0
7174,76,0,11,0.923,0.578,0.861,0.25,0.303,0.135,1
7175,45,0,6,0.886,0.618,0.517,0.0,0.091,0.239,0
7176,68,1,12,0.717,0.609,0.901,0.0,0.424,-0.02,0
7177,68,0,6,0.99,0.562,0.564,0.25,0.004,0.433,0
7178,52,1,11,0.943,0.654,1.021,0.25,0.215,0.133,1
7179,83,1,8,0.954,0.574,0.793,0.25,0.273,0.388,0
7180,73,0,8,0.805,0.545,0.639,1.0,0.008,0.105,0
7181,68,0,4,0.812,0.683,0.565,0.25,0.119,-0.077,0
7182,45,1,6,0.819,0.66,0.727,0.0,0.433,0.03,1
7183,54,1,11,0.91,0.49,0.845,0.0,0.198,0.262,0
7184,81,1,9,1.0,0.565,0.727,0.0,0.367,0.263,0
7185,38,1,3,0.783,0.721,0.422,0.0,0.069,0.23,0
7186,70,1,10,0.759,0.662,0.718,0.0,0.059,-0.024,0
7187,64,0,6,0.987,0.457,0.512,0.0,0.12,0.243,0
7188,67,1,9,0.992,0.54,0.666,0.0,0.086,0.138,0
7189,59,1,7,0.773,0.7,0.665,0.5,0.467,0.059,0
7190,42,0,6,1.004,0.518,0.7,0.25,0.305,0.332,0
7191,56,0,3,0.661,0.596,0.422,0.0,-0.093,-0.21,0
7192,48,0,10,0.996,0.426,0.932,0.0,0.56,0.531,0
7193,74,0,10,0.884,0.496,0.873,0.0,0.397,0.055,1
7194,74,1,9,1.076,0.468,1.041,0.0,0.593,0.158,0
7195,46,0,7,0.719,0.667,0.496,0.0,0.136,0.01,0
7196,78,1,9,1.082,0.531,0.839,0.5,0.337,0.297,0
7197,75,0,9,0.762,0.629,0.698,0.0,0.122,-0.096,1
7198,68,1,12,1.018,0.516,1.158,0.0,0.798,0.405,1
7199,62,1,12,0.842,0.497,0.97,0.0,0.583,-0.035,1
7200,56,0,4,0.765,0.619,0.46,0.0,0.186,0.159,0
7201,58,1,11,1.177,0.549,0.643,0.0,0.31,0.303,0
7202,63,1,6,0.98,0.667,0.605,0.0,-0.06,0.129,0
7203,82,0,11,1.018,0.405,0.936,0.25,0.286,0.406,0
7204,56,0,6,0.576,0.597,0.628,0.25,0.157,-0.274,0
7205,61,1,9,0.935,0.423,0.683,0.0,0.151,0.205,0
7206,49,0,3,0.697,0.525,0.451,0.0,-0.193,-0.141,0
7207,72,1,3,0.808,0.521,0.601,0.0,0.224,0.042,0
7208,41,0,9,0.807,0.616,0.679,0.5,0.439,-0.126,0
7209,75,0,11,0.897,0.589,0.812,0.0,0.421,0.138,0
7210,36,0,7,0.621,0.706,0.533,0.25,-0.235,-0.351,0
7211,54,1,8,0.963,0.7,0.878,0.75,0.223,0.402,0
7212,44,1,10,0.974,0.535,0.83,0.5,0.349,0.427,1
7213,57,0,7,0.89,0.597,0.795,0.0,0.045,0.079,0
7214,44,0,7,0.774,0.665,0.693,0.0,0.211,0.063,0
7215,41,0,11,0.933,0.586,0.536,0.5,0.151,0.209,0
7216,60,0,7,0.992,0.653,0.7,0.75,0.224,0.145,0
7217,30,1,12,0.92,0.534,0.954,0.0,0.351,0.149,0
7218,61,0,9,0.942,0.6,0.654,0.0,0.169,0.211,0
7219,68,1,10,0.995,0.7,1.151,0.0,0.652,0.295,0
7220,50,0,12,1.074,0.7,0.751,0.75,0.284,0.497,0
7221,60,0,6,0.85,0.693,1.004,0.75,0.669,0.209,0
7222,35,1,9,0.96,0.684,0.739,0.0,0.147,0.464,0
7223,67,0,10,0.949,0.521,0.746,0.0,0.145,0.062,0
7224,35,1,3,0.798,0.685,0.443,1.0,-0.022,0.001,0
7225,41,0,9,0.915,0.572,0.953,0.0,0.407,0.246,1
7226,47,0,6,0.943,0.672,0.893,0.5,0.428,0.139,0
7227,82,0,10,0.877,0.56,0.704,0.25,0.004,0.288,0
7228,83,0,12,1.202,0.498,0.541,0.0,0.327,0.27,1
7229,34,1,4,0.999,0.485,0.745,0.0,0.415,0.106,0
7230,31,0,11,1.053,0.568,0.825,0.5,0.403,0.232,0
7231,31,1,9,0.864,0.653,0.975,0.0,0.512,0.307,0
7232,51,0,7,0.835,0.606,1.14,0.0,0.791,-0.142,0
7233,56,0,9,0.7,0.614,0.73,0.5,-0.054,0.0,0
7234,83,1,9,0.818,0.712,0.753,0.0,0.016,0.032,0
7235,60,0,10,0.894,0.508,1.173,0.25,0.655,0.071,0
7236,84,1,9,1.152,0.521,0.86,0.0,0.092,0.396,0
7237,75,0,9,1.023,0.525,0.936,0.5,0.476,0.318,0
7238,38,1,11,0.966,0.504,0.964,0.25,0.437,-0.014,1
7239,63,1,11,0.801,0.657,0.854,0.0,0.383,0.092,0
7240,49,1,9,0.733,0.537,0.802,0.0,-0.157,0.053,1
7241,48,1,3,0.876,0.622,0.481,0.0,0.266,0.221,0
7242,48,1,7,1.016,0.51,0.398,0.5,-0.264,0.52,0
7243,54,1,7,0.825,0.641,0.821,0.0,0.325,0.288,1
7244,35,1,5,0.894,0.548,0.892,0.25,0.674,0.217,0
7245,76,0,10,0.721,0.403,1.139,0.25,0.809,-0.117,1
7246,53,1,6,1.067,0.701,0.735,0.75,0.241,0.19,0
7247,35,0,12,0.927,0.418,0.675,0.0,-0.055,0.261,0
7248,73,1,5,0.851,0.56,0.772,0.0,0.633,0.104,0
7249,47,1,8,0.488,0.601,0.597,0.0,-0.242,-0.092,0
7250,68,0,9,0.921,0.416,0.849,0.0,0.262,0.221,0
7251,83,1,12,1.204,0.505,1.092,0.0,0.473,0.535,0
7252,69,1,7,1.11,0.588,0.462,0.0,0.202,0.514,0
7253,56,1,4,0.673,0.6,0.621,0.0,0.173,-0.099,0
7254,43,0,11,1.002,0.665,0.905,0.75,0.205,0.278,0
7255,62,0,9,1.041,0.443,0.826,1.0,0.437,0.326,0
7256,30,0,8,1.046,0.54,0.523,0.0,-0.177,0.338,0
7257,59,0,8,0.818,0.742,0.547,0.0,0.131,-0.02,0
7258,75,1,8,0.856,0.538,0.769,0.0,0.242,0.156,0
7259,34,0,3,0.935,0.582,0.313,0.5,-0.359,0.123,0
7260,83,1,9,0.957,0.465,1.05,0.0,0.523,0.122,0
7261,78,0,8,0.641,0.678,0.575,0.5,0.0,-0.204,0
7262,56,0,12,1.009,0.609,0.951,0.75,0.485,0.206,0
7263,31,1,4,0.897,0.603,0.347,0.0,0.006,0.206,0
7264,33,0,10,0.894,0.544,0.937,0.75,0.403,0.059,0
7265,45,0,9,0.893,0.597,0.696,0.0,0.198,0.107,0
7266,70,1,4,0.653,0.617,0.88,1.0,0.453,-0.021,0
7267,41,1,3,0.836,0.605,0.706,0.25,0.42,0.253,0
7268,66,0,9,0.905,0.613,0.929,0.0,0.401,0.088,0
7269,80,1,12,0.979,0.589,0.958,1.0,0.656,0.02,0
7270,51,0,6,0.895,0.706,0.535,0.0,-0.077,0.195,0
7271,54,1,9,1.08,0.593,0.731,0.0,0.068,0.217,0
7272,50,0,10,0.849,0.497,0.514,0.0,0.24,0.092,0
7273,58,0,9,0.675,0.605,0.778,0.0,0.406,-0.092,1
7274,31,1,7,0.8,0.407,0.555,0.0,0.15,-0.048,0
7275,31,1,5,0.979,0.584,0.344,0.5,-0.028,-0.011,0
7276,55,1,4,0.864,0.743,0.554,0.5,-0.068,0.134,0
7277,66,0,3,0.643,0.547,0.682,0.0,0.375,-0.424,0
7278,73,1,12,0.8,0.637,0.763,0.0,0.58,-0.084,0
7279,64,0,9,0.821,0.511,0.992,0.25,0.758,0.113,0
7280,76,1,4,0.7,0.689,0.761,0.5,0.462,-0.072,0
7281,73,0,11,1.017,0.512,0.91,0.75,0.546,0.469,0
7282,35,1,6,0.81,0.549,0.628,0.0,0.042,0.033,0
7283,49,1,11,0.766,0.626,0.769,0.0,0.024,0.163,0
7284,52,1,3,0.624,0.682,0.432,0.25,-0.081,0.011,0
7285,83,1,12,1.161,0.575,0.765,0.25,0.413,0.577,1
7286,45,1,6,0.68,0.632,0.483,0.0,-0.047,-0.06,0
7287,43,0,6,0.93,0.639,0.668,0.75,0.347,0.154,0
7288,32,1,5,0.824,0.65,0.723,0.75,0.121,0.157,0
7289,58,1,11,0.914,0.64,0.892,0.75,0.187,0.157,0
7290,58,0,4,0.96,0.708,0.333,0.0,-0.165,0.324,0
7291,71,1,5,0.986,0.631,0.528,0.25,0.267,0.202,0
7292,55,0,3,0.929,0.462,0.595,0.0,0.003,0.345,0
7293,81,1,8,0.967,0.507,0.659,0.0,0.116,0.223,1
7294,80,1,5,0.728,0.538,0.565,0.0,0.037,0.165,0
7295,58,0,7,0.841,0.489,0.684,0.5,0.579,0.264,0
7296,75,1,8,0.886,0.671,0.783,0.0,0.078,0.338,1
7297,38,0,6,0.678,0.584,0.7,0.0,0.092,-0.014,0
7298,57,1,5,0.927,0.661,0.787,0.25,0.402,0.099,0
7299,31,0,5,0.967,0.488,0.57,0.25,0.185,0.197,0
7300,64,1,12,0.957,0.615,0.7,0.0,-0.035,0.012,0
7301,37,0,7,1.078,0.664,0.722,0.0,0.187,0.269,1
7302,45,0,12,0.7,0.682,0.535,0.0,-0.002,-0.205,0
7303,66,1,10,1.047,0.503,0.687,0.75,0.282,0.173,0
7304,42,1,12,1.0,0.489,0.872,0.0,0.52,0.197,0
7305,67,0,11,0.971,0.507,0.995,0.0,0.683,0.2,0
7306,35,0,3,0.855,0.674,0.535,0.0,0.26,0.041,0
7307,47,0,5,0.707,0.615,0.7,0.75,0.157,0.041,0
7308,68,1,12,0.7,0.688,0.975,0.5,0.413,-0.149,0
7309,82,1,3,0.609,0.666,0.252,0.25,-0.259,-0.156,0
7310,42,0,12,0.969,0.554,0.974,1.0,0.305,0.426,0
7311,33,1,4,1.042,0.638,0.434,0.0,-0.132,0.477,0
7312,35,1,9,0.906,0.497,0.728,0.75,0.047,0.012,0
7313,58,0,5,0.722,0.448,0.59,0.0,0.371,-0.134,0
7314,64,0,7,1.034,0.501,0.766,0.25,0.439,0.291,1
7315,35,0,10,0.884,0.465,0.616,0.0,-0.035,-0.112,0
7316,80,0,6,0.774,0.616,0.749,0.0,0.233,-0.108,0
7317,62,1,12,0.967,0.43,0.935,0.0,0.456,0.049,0
7318,64,1,11,0.98,0.508,1.018,0.0,0.46,0.019,0
7319,45,0,5,0.758,0.609,0.587,0.5,0.238,0.032,0
7320,40,1,6,0.993,0.661,0.586,0.0,0.272,0.323,0
7321,53,1,7,0.928,0.627,0.724,0.0,0.398,0.056,0
7322,57,0,12,0.98,0.514,1.429,0.5,1.142,0.193,1
7323,68,0,10,0.886,0.622,0.851,0.0,0.19,0.171,0
7324,38,1,5,0.755,0.569,0.274,0.5,-0.176,-0.083,0
7325,54,1,10,0.989,0.633,0.843,0.75,0.559,0.105,0
7326,61,1,11,1.188,0.607,0.902,0.0,0.086,0.465,0
7327,45,0,3,0.748,0.561,0.539,0.75,0.272,-0.034,0
7328,37,0,10,1.002,0.463,1.127,0.0,0.659,0.324,0
7329,36,1,9,0.926,0.556,0.795,0.5,0.409,0.11,0
7330,40,1,6,0.985,0.618,0.881,0.0,0.362,0.2,1
7331,70,1,3,0.702,0.555,0.594,0.5,0.375,-0.265,0
7332,74,0,5,0.866,0.524,0.719,0.0,0.382,0.321,0
7333,82,1,6,0.861,0.719,0.606,0.5,0.326,-0.008,0
7334,35,0,12,0.665,0.504,0.579,0.5,0.273,0.097,0
7335,36,0,6,0.854,0.39,0.675,0.25,0.191,-0.034,1
7336,80,0,6,0.909,0.667,0.643,1.0,0.157,0.315,0
7337,54,1,7,0.994,0.647,0.234,0.0,-0.212,0.231,0
7338,36,1,8,0.769,0.7,0.566,0.0,0.435,0.005,0
7339,70,0,12,0.791,0.542,0.99,0.0,0.553,-0.115,0
7340,55,1,6,0.946,0.569,0.535,0.0,0.071,0.061,0
7341,72,1,4,0.936,0.598,0.545,0.0,0.063,0.134,0
7342,82,1,9,0.949,0.582,0.712,1.0,0.174,0.28,0
7343,76,0,11,0.947,0.52,0.787,0.0,0.269,0.177,1
7344,60,1,9,0.878,0.574,1.031,0.0,0.598,-0.012,0
7345,58,1,12,1.292,0.477,1.123,1.0,0.672,0.42,0
7346,35,0,6,0.912,0.618,0.886,0.5,0.546,0.203,0
7347,39,0,7,0.998,0.7,0.833,1.0,0.657,0.457,0
7348,36,1,3,0.655,0.71,0.512,0.75,0.193,-0.026,0
7349,77,0,11,0.795,0.468,0.556,0.0,0.144,-0.089,0
7350,68,0,6,0.757,0.552,0.556,0.0,0.109,-0.014,0
7351,56,1,5,1.103,0.579,0.773,0.0,0.346,0.256,0
7352,83,0,4,0.705,0.551,0.465,0.5,-0.183,-0.197,0
7353,76,1,12,0.981,0.478,0.761,0.0,0.172,0.362,1
7354,81,0,11,0.947,0.601,0.975,0.0,0.599,0.103,0
7355,52,1,12,0.981,0.489,0.61,0.75,0.056,0.327,0
7356,39,0,4,0.959,0.611,0.861,0.0,0.161,0.151,0
7357,82,0,5,0.8,0.498,0.435,0.0,-0.278,-0.028,0
7358,69,0,3,0.905,0.484,0.622,0.0,0.014,0.142,0
7359,65,0,10,1.199,0.555,0.895,0.5,0.639,0.417,0
7360,76,0,10,0.932,0.522,0.892,0.25,0.449,0.06,1
7361,31,0,4,0.7,0.598,0.309,0.75,0.165,0.091,0
7362,62,1,10,1.003,0.487,0.759,0.75,0.277,0.176,1
7363,79,1,7,0.722,0.414,0.819,0.0,0.48,-0.139,0
7364,48,1,5,0.7,0.507,1.025,0.25,0.429,-0.192,0
7365,58,0,9,0.853,0.424,0.868,0.0,0.491,-0.002,0
7366,32,0,6,1.105,0.631,0.29,0.0,-0.077,0.415,0
7367,72,0,7,1.038,0.433,0.726,0.0,0.051,0.162,1
7368,47,1,4,0.96,0.626,0.77,0.5,0.492,0.319,1
7369,80,1,4,0.895,0.646,0.569,0.0,0.558,0.272,0
7370,40,1,12,0.857,0.508,0.835,0.0,0.48,-0.205,0
7371,65,1,3,0.878,0.635,0.676,0.0,0.174,0.16,1
7372,70,1,10,0.7,0.562,0.748,0.0,0.2,-0.179,0
7373,68,0,11,0.818,0.425,0.754,0.0,0.341,0.247,0
7374,48,0,4,0.834,0.564,0.494,0.5,-0.192,0.009,0
7375,33,0,11,0.932,0.581,0.814,0.5,0.516,0.128,0
7376,62,1,6,0.76,0.609,0.671,0.0,0.397,-0.143,1
7377,42,0,3,0.826,0.537,0.639,0.0,0.042,0.26,0
7378,55,0,11,0.983,0.441,0.866,0.0,0.281,0.193,0
7379,82,1,8,1.036,0.627,0.648,0.0,0.09,0.123,1
7380,45,1,11,0.847,0.455,1.063,0.25,0.811,-0.148,0
7381,53,1,4,0.88,0.7,0.49,0.0,0.082,0.243,0
7382,68,0,4,1.043,0.615,0.324,0.0,-0.156,0.286,0
7383,51,1,3,0.71,0.666,0.672,0.0,0.162,-0.004,0
7384,73,1,12,1.073,0.458,0.896,0.0,0.334,0.462,0
7385,60,0,8,0.867,0.521,0.761,0.5,0.301,-0.161,0
7386,78,1,6,0.704,0.503,0.656,0.25,0.242,-0.024,0
7387,63,1,7,0.86,0.7,0.372,0.0,-0.106,0.001,0
7388,36,0,12,1.022,0.606,0.806,0.5,0.3,0.289,0
7389,53,0,8,0.687,0.585,0.64,0.0,0.264,-0.335,0
7390,51,0,5,0.925,0.7,0.213,0.5,-0.238,0.074,0
7391,42,1,5,0.753,0.704,0.893,0.75,0.193,0.215,0
7392,43,1,9,0.982,0.619,0.587,0.0,0.076,0.067,0
7393,50,0,9,0.926,0.621,1.107,0.0,0.717,0.246,0
7394,71,0,10,0.7,0.563,0.996,0.0,0.779,-0.1,0
7395,38,1,10,0.894,0.477,0.833,0.5,0.249,0.206,0
7396,38,1,12,0.925,0.745,0.995,0.0,0.788,0.337,0
7397,64,1,11,1.057,0.527,0.906,0.0,0.273,0.357,0
7398,80,0,7,0.835,0.606,0.945,0.5,0.432,0.033,1
7399,35,0,5,0.526,0.599,0.694,0.25,0.444,-0.241,0
7400,54,0,10,0.982,0.579,0.754,0.5,0.313,0.028,0
7401,34,0,5,0.727,0.615,0.513,0.75,0.154,-0.174,0
7402,45,1,12,0.842,0.428,1.072,1.0,0.565,0.081,0
7403,44,1,6,0.995,0.463,0.862,0.5,0.193,0.251,0
7404,75,0,9,0.974,0.688,0.707,0.5,0.479,0.468,1
7405,67,1,5,0.809,0.614,0.777,0.0,0.205,0.13,0
7406,76,1,8,1.114,0.579,1.017,0.5,0.522,0.373,0
7407,45,0,12,1.115,0.519,0.782,0.0,0.143,0.321,1
7408,52,1,4,0.7,0.605,0.394,0.0,0.287,0.077,0
7409,34,0,6,0.821,0.581,0.65,0.0,0.009,0.232,0
7410,36,1,6,0.945,0.508,0.496,0.0,0.089,0.253,0
7411,65,0,7,0.775,0.564,0.94,0.0,0.681,-0.09,0
7412,31,1,4,0.953,0.599,0.597,0.0,0.268,0.111,0
7413,53,0,10,0.659,0.586,0.704,1.0,0.386,-0.053,0
7414,61,1,12,1.066,0.588,0.765,0.5,0.651,0.182,0
7415,79,0,12,0.994,0.5,1.205,0.0,0.505,0.188,1
7416,75,1,3,0.776,0.622,0.605,0.5,0.116,0.165,0
7417,41,0,8,0.871,0.521,0.607,0.75,0.177,0.093,0
7418,30,1,3,0.752,0.698,0.421,0.0,-0.215,0.037,0
7419,36,0,6,0.7,0.54,0.713,1.0,0.454,-0.086,1
7420,78,1,11,0.838,0.562,0.807,0.5,0.236,0.392,1
7421,81,0,10,0.804,0.571,0.718,0.0,0.615,-0.004,0
7422,42,1,3,0.753,0.719,0.42,0.0,0.027,-0.17,0
7423,35,0,4,0.916,0.619,0.7,1.0,0.149,0.397,0
7424,52,1,3,0.817,0.596,0.306,1.0,-0.157,0.253,0
7425,30,0,11,0.903,0.553,0.714,0.0,0.345,0.043,0
7426,34,1,9,0.96,0.505,0.694,0.0,0.444,0.306,0
7427,65,1,4,0.733,0.571,0.461,0.25,-0.176,0.136,0
7428,66,0,7,0.74,0.499,0.346,0.75,-0.176,-0.094,0
7429,30,1,12,0.918,0.454,0.749,0.5,0.275,0.242,0
7430,72,0,10,0.958,0.552,0.8,0.0,0.215,0.404,1
7431,32,0,6,0.984,0.537,0.806,0.25,0.225,0.193,0
7432,44,0,8,0.878,0.575,0.678,0.75,0.405,-0.083,0
7433,72,1,11,0.992,0.677,0.723,0.5,0.571,0.242,1
7434,51,1,10,0.836,0.726,1.003,0.0,0.31,0.074,0
7435,67,0,4,0.736,0.579,0.525,0.5,0.194,-0.05,0
7436,42,1,6,1.061,0.561,0.654,0.75,0.464,0.228,0
7437,65,1,9,1.244,0.682,0.572,0.75,-0.035,0.397,0
7438,83,1,12,0.954,0.394,0.851,0.25,0.353,0.2,0
7439,36,1,7,0.887,0.568,0.943,0.25,0.192,0.151,1
7440,82,1,9,0.923,0.39,1.041,0.25,0.426,0.32,0
7441,41,0,5,0.749,0.642,0.739,0.0,0.107,0.039,0
7442,40,1,3,0.516,0.65,0.481,0.0,-0.128,-0.283,0
7443,57,0,6,0.598,0.503,0.736,0.0,0.524,0.016,0
7444,65,1,10,0.922,0.443,0.819,0.0,0.209,0.299,0
7445,35,1,5,0.776,0.471,0.656,0.0,0.358,0.13,1
7446,76,1,7,0.7,0.581,0.593,0.25,0.297,0.008,0
7447,37,1,6,0.903,0.738,0.779,0.75,0.303,0.169,0
7448,56,0,7,0.924,0.608,0.668,0.0,0.317,0.405,1
7449,32,0,7,0.892,0.575,0.96,0.0,0.555,-0.116,0
7450,73,0,9,0.671,0.561,0.89,1.0,0.254,-0.004,1
7451,79,0,4,1.036,0.576,0.835,1.0,0.236,0.479,0
7452,80,1,10,0.958,0.496,0.704,0.25,0.4,0.228,1
7453,73,1,11,0.836,0.463,0.772,0.25,0.237,0.198,1
7454,34,0,6,0.824,0.457,0.492,0.0,0.05,0.152,0
7455,33,0,7,0.981,0.522,0.587,0.75,0.253,0.148,0
7456,81,1,6,0.988,0.64,0.599,0.0,-0.034,0.369,0
7457,60,0,3,0.784,0.673,0.68,0.0,0.346,0.083,0
7458,45,1,8,0.868,0.659,0.927,0.0,0.661,0.205,0
7459,32,1,9,0.803,0.608,0.73,0.0,0.588,0.058,0
7460,78,1,6,0.7,0.55,0.722,0.0,0.191,0.054,0
7461,55,0,10,1.056,0.581,0.747,0.5,0.424,0.149,0
7462,77,1,5,0.982,0.58,0.87,1.0,0.415,0.282,1
7463,84,1,9,1.024,0.58,0.676,0.25,-0.098,0.364,0
7464,58,0,8,0.953,0.635,0.601,0.0,-0.114,0.166,0
7465,73,0,6,0.891,0.6,0.665,1.0,0.238,0.042,1
7466,34,1,5,0.867,0.616,0.594,0.0,-0.023,-0.069,0
7467,68,0,6,1.021,0.635,0.508,0.25,0.229,0.187,0
7468,54,1,7,0.911,0.554,0.822,0.25,0.601,0.427,0
7469,57,1,5,0.88,0.644,0.497,0.0,0.077,0.135,0
7470,80,0,9,0.886,0.548,0.664,0.0,0.165,0.269,0
7471,63,1,12,1.145,0.6,0.749,0.25,0.23,0.431,0
7472,45,1,3,0.767,0.646,0.465,0.0,-0.044,0.046,0
7473,73,0,6,0.863,0.541,0.838,0.0,0.29,0.064,1
7474,84,0,3,0.941,0.567,0.792,1.0,0.365,-0.01,0
7475,51,1,6,1.004,0.452,0.601,0.25,-0.037,0.143,0
7476,77,1,11,0.93,0.608,1.096,0.5,0.647,0.107,1
7477,62,0,12,1.027,0.565,0.937,0.75,0.352,0.518,1
7478,75,0,12,1.019,0.615,0.9,0.75,0.534,0.363,0
7479,30,0,5,0.908,0.724,0.826,0.0,0.359,0.095,0
7480,49,0,6,1.062,0.542,0.87,0.0,0.598,0.322,0
7481,46,1,3,0.816,0.62,0.561,0.0,0.112,0.024,0
7482,58,1,8,0.961,0.677,0.841,0.75,0.443,0.06,1
7483,61,0,8,0.892,0.625,0.785,0.5,0.45,0.079,0
7484,33,1,11,0.967,0.55,0.756,0.0,0.399,0.342,0
7485,49,1,4,0.89,0.54,0.624,1.0,0.19,0.294,0
7486,30,1,11,1.007,0.515,0.787,0.0,-0.036,0.351,0
7487,33,0,12,0.793,0.555,0.78,0.5,0.276,-0.117,0
7488,64,1,10,1.021,0.598,0.999,0.0,0.436,0.361,0
7489,52,1,7,0.738,0.633,0.369,0.0,-0.015,0.251,0
7490,80,0,3,1.025,0.545,0.325,0.0,0.087,0.292,0
7491,32,1,5,0.967,0.652,0.764,0.5,0.318,0.267,0
7492,41,0,4,0.842,0.691,0.502,0.5,0.127,0.007,0
7493,84,1,6,1.063,0.575,0.784,0.0,0.375,0.374,1
7494,68,1,12,0.826,0.464,0.992,0.0,0.324,0.159,1
7495,55,1,7,0.999,0.595,0.773,0.0,0.359,0.283,0
7496,34,1,5,0.877,0.564,0.399,0.0,-0.188,0.201,0
7497,43,0,5,0.592,0.625,0.287,0.0,-0.037,0.002,0
7498,62,1,5,0.823,0.538,0.568,0.0,0.129,0.133,0
7499,84,1,4,0.7,0.675,0.751,0.5,0.126,-0.09,1
7500,38,1,8,0.898,0.614,0.868,0.5,0.908,0.142,0
7501,43,1,5,0.7,0.632,0.687,0.25,0.167,-0.21,0
7502,58,0,3,0.756,0.7,0.476,0.25,-0.224,0.021,0
7503,47,1,6,0.941,0.591,0.604,0.5,0.196,0.143,0
7504,46,0,10,0.933,0.533,0.889,0.5,0.182,-0.111,0
7505,75,0,7,0.907,0.734,0.412,0.0,0.1,0.1,0
7506,69,1,5,0.817,0.545,0.593,0.5,0.317,0.11,0
7507,37,0,6,0.759,0.547,0.608,0.0,0.365,-0.009,0
7508,43,1,9,1.028,0.702,1.029,0.25,0.537,0.399,0
7509,69,0,3,0.72,0.589,0.452,0.25,0.015,-0.053,0
7510,77,0,5,0.986,0.631,0.627,0.25,0.314,0.197,0
7511,63,0,10,0.999,0.46,0.531,0.0,0.101,0.318,0
7512,53,0,6,0.917,0.591,0.8,0.0,0.383,0.016,0
7513,70,1,8,0.848,0.676,0.787,0.25,0.327,-0.072,1
7514,68,1,4,0.879,0.631,0.614,0.25,0.203,0.052,0
7515,49,0,3,0.954,0.557,0.678,0.25,0.085,0.194,0
7516,34,0,7,0.655,0.605,0.837,0.0,0.779,-0.205,0
7517,33,1,6,0.964,0.524,0.763,0.0,0.283,0.22,0
7518,36,0,12,1.129,0.515,0.826,0.0,0.218,0.352,0
7519,30,1,10,1.051,0.556,1.265,0.75,0.965,0.282,0
7520,57,1,3,0.692,0.661,0.556,0.5,-0.16,-0.01,0
7521,43,0,7,0.692,0.587,0.507,1.0,0.142,-0.042,0
7522,44,0,11,0.953,0.609,0.9,0.75,0.616,0.057,0
7523,52,0,7,0.571,0.504,0.794,0.0,0.557,-0.066,0
7524,30,1,11,0.826,0.613,0.806,0.0,0.318,-0.032,0
7525,40,0,8,0.974,0.519,0.7,0.0,0.0,0.314,0
7526,64,0,7,0.826,0.497,0.638,0.5,0.439,0.108,0
7527,46,1,8,0.835,0.537,0.653,0.0,0.088,0.17,0
7528,55,0,9,0.942,0.644,0.795,0.0,0.41,0.242,0
7529,64,0,3,0.886,0.564,0.755,0.75,0.304,0.039,1
7530,68,1,6,0.983,0.568,0.694,0.0,-0.149,0.136,0
7531,62,1,11,1.099,0.574,0.94,0.75,0.503,0.399,0
7532,65,0,4,0.886,0.521,0.896,0.75,0.431,0.108,0
7533,83,1,8,1.033,0.634,0.807,0.0,0.109,0.333,1
7534,45,0,4,0.845,0.622,0.645,0.25,0.051,0.071,0
7535,53,0,3,0.933,0.507,0.6,0.0,0.113,0.253,0
7536,84,0,5,0.806,0.633,0.62,0.75,0.257,-0.228,0
7537,50,1,11,0.949,0.524,1.203,0.0,0.812,0.286,1
7538,80,1,8,0.83,0.521,0.606,0.0,0.036,-0.065,0
7539,83,1,9,1.04,0.612,0.64,0.0,0.11,0.352,0
7540,43,1,11,0.865,0.593,0.7,0.0,0.369,-0.053,1
7541,84,0,5,0.82,0.503,0.678,0.0,0.191,0.368,0
7542,79,0,6,0.687,0.653,0.922,0.0,0.587,0.28,0
7543,67,0,4,0.978,0.634,0.775,0.0,0.311,0.173,0
7544,76,0,10,0.901,0.526,0.747,0.0,0.152,0.207,0
7545,61,0,5,0.638,0.636,0.667,0.0,0.205,-0.019,0
7546,75,1,7,0.843,0.585,0.576,0.75,0.035,0.021,0
7547,37,0,4,0.915,0.633,0.537,0.0,-0.073,0.216,0
7548,65,0,3,0.841,0.635,0.812,0.0,0.19,0.058,0
7549,78,1,10,0.964,0.445,0.506,1.0,0.131,0.201,0
7550,44,0,9,0.928,0.588,0.682,0.75,0.261,0.413,0
7551,34,1,7,0.7,0.535,0.558,0.0,0.138,0.024,0
7552,38,1,4,0.777,0.562,0.778,0.0,0.142,0.084,1
7553,50,1,11,1.158,0.557,1.091,0.5,0.537,0.325,0
7554,36,0,7,0.649,0.566,0.789,0.0,0.35,-0.159,1
7555,33,1,4,0.7,0.609,0.626,0.0,0.156,-0.11,0
7556,75,1,6,1.012,0.712,0.728,0.25,0.095,0.128,0
7557,74,0,12,1.034,0.625,0.911,0.75,0.389,0.35,1
7558,30,0,4,0.742,0.569,0.414,0.0,0.341,0.101,0
7559,77,0,9,0.777,0.583,0.824,0.25,0.575,0.078,0
7560,44,1,7,0.884,0.671,0.749,0.0,0.28,0.152,0
7561,69,0,9,0.861,0.461,0.83,0.0,0.545,0.002,1
7562,59,0,11,1.076,0.461,0.732,0.0,0.25,0.243,0
7563,42,0,4,0.966,0.709,0.22,0.75,-0.168,0.115,0
7564,46,0,12,0.853,0.506,0.7,0.0,0.565,0.298,1
7565,67,0,3,1.007,0.642,0.452,0.75,-0.028,0.228,0
7566,51,0,5,0.723,0.655,0.697,0.0,0.476,0.157,0
7567,72,1,11,1.065,0.523,0.605,1.0,0.22,0.415,0
7568,63,1,11,1.02,0.581,0.878,0.25,0.332,-0.023,0
7569,83,0,7,0.739,0.452,0.807,1.0,0.242,0.0,0
7570,74,0,7,0.799,0.585,0.638,0.0,0.277,-0.048,0
7571,66,0,12,0.806,0.646,0.909,0.75,0.527,-0.044,0
7572,30,0,3,0.936,0.685,0.496,0.0,-0.088,0.221,0
7573,81,0,4,0.807,0.546,0.847,0.5,0.154,-0.041,0
7574,84,0,11,0.837,0.601,0.77,0.0,0.362,0.194,0
7575,64,1,6,0.951,0.726,1.052,0.25,0.607,0.139,1
7576,46,0,10,1.05,0.735,0.735,0.5,0.312,0.263,0
7577,40,1,9,1.128,0.662,0.999,0.0,0.513,0.249,0
7578,37,1,12,0.921,0.7,0.566,0.5,0.289,0.085,0
7579,34,0,7,0.68,0.605,0.859,0.5,0.328,0.145,0
7580,51,0,7,0.737,0.614,0.669,1.0,0.378,0.045,0
7581,48,0,9,1.016,0.512,0.613,0.25,-0.168,0.346,0
7582,48,1,8,0.992,0.545,0.621,0.0,0.468,0.415,0
7583,73,1,3,0.717,0.6,0.508,0.25,0.113,-0.008,0
7584,73,1,5,0.892,0.533,0.7,0.25,0.133,0.229,0
7585,42,0,11,0.902,0.489,0.809,0.5,0.172,0.314,1
7586,66,1,7,0.741,0.552,0.722,0.25,0.352,0.036,0
7587,71,1,8,1.059,0.502,0.748,1.0,0.279,0.375,0
7588,83,0,9,0.78,0.627,0.89,0.75,0.362,-0.04,0
7589,38,1,7,0.872,0.543,0.591,0.0,-0.009,0.288,0
7590,60,0,11,0.946,0.381,0.706,0.0,0.234,0.143,0
7591,69,0,6,0.935,0.524,0.523,1.0,-0.226,0.252,0
7592,74,0,6,1.139,0.649,0.744,0.0,0.219,0.507,0
7593,50,0,12,0.998,0.536,0.859,1.0,0.622,0.22,0
7594,59,1,4,0.721,0.554,0.87,0.0,0.543,-0.031,0
7595,41,0,7,0.7,0.655,0.973,0.0,0.384,-0.01,0
7596,68,1,11,1.08,0.532,0.7,0.0,0.106,0.648,0
7597,68,1,3,0.883,0.577,0.55,0.75,-0.006,0.17,0
7598,73,1,12,1.007,0.533,0.816,0.75,0.252,0.166,0
7599,67,1,9,0.709,0.607,0.521,1.0,-0.266,-0.295,0
7600,35,0,9,0.838,0.524,0.559,0.75,0.252,0.316,0
7601,44,0,12,1.063,0.574,0.659,0.0,0.383,0.217,0
7602,45,1,12,0.995,0.448,0.789,0.0,0.699,0.285,0
7603,64,1,7,0.753,0.524,0.749,0.0,0.368,0.085,0
7604,82,1,10,0.808,0.571,0.78,0.5,0.299,0.079,0
7605,81,1,9,0.741,0.536,0.904,0.0,0.287,-0.16,0
7606,57,1,5,1.087,0.598,0.648,0.0,0.118,0.475,0
7607,77,1,3,0.862,0.565,0.438,0.25,0.371,0.166,0
7608,59,0,7,0.712,0.554,0.68,0.25,0.248,-0.049,0
7609,76,1,10,0.7,0.419,0.43,1.0,0.031,-0.115,0
7610,31,1,8,0.842,0.484,0.727,0.25,0.483,0.087,1
7611,35,1,8,0.781,0.509,0.753,0.0,0.349,0.102,0
7612,74,1,11,1.123,0.599,1.012,0.0,0.552,0.498,0
7613,66,0,4,0.875,0.578,1.019,1.0,0.72,0.311,1
7614,42,1,11,0.916,0.642,1.084,0.0,0.832,0.048,0
7615,44,0,6,0.939,0.495,0.495,0.0,0.138,0.271,0
7616,83,1,7,0.742,0.616,0.683,0.5,0.465,-0.058,0
7617,48,1,3,0.741,0.594,0.455,0.0,-0.257,0.079,0
7618,33,0,6,0.99,0.599,0.775,1.0,0.419,0.397,1
7619,73,1,7,0.941,0.457,0.853,0.0,-0.028,0.092,1
7620,69,0,8,0.794,0.533,0.817,1.0,0.579,-0.006,0
7621,30,0,7,0.922,0.543,0.573,0.5,0.01,0.119,0
7622,52,0,11,0.836,0.577,0.938,0.0,0.542,0.14,0
7623,49,0,10,0.968,0.433,0.89,0.0,0.19,0.134,1
7624,54,0,8,0.802,0.437,0.571,0.0,0.008,0.292,0
7625,54,1,5,0.971,0.574,0.76,0.0,0.226,0.16,1
7626,56,0,9,1.091,0.536,0.784,0.0,0.466,0.331,1
7627,71,1,7,0.976,0.649,1.142,0.0,0.79,0.327,0
7628,78,1,8,0.87,0.498,1.101,0.25,0.735,0.193,1
7629,72,0,3,0.714,0.534,0.432,0.0,-0.16,0.184,0
7630,71,1,3,0.821,0.838,0.237,0.0,-0.349,0.13,0
7631,41,1,6,0.578,0.639,0.66,1.0,0.265,-0.189,0
7632,46,0,7,0.911,0.648,0.609,0.5,0.408,0.149,0
7633,78,0,10,0.82,0.534,0.7,0.25,0.229,0.154,1
7634,58,1,5,0.699,0.523,0.478,0.5,-0.181,-0.171,0
7635,41,0,3,0.885,0.576,0.791,0.0,0.137,0.152,0
7636,56,1,8,0.971,0.523,0.967,0.75,0.722,0.191,0
7637,83,1,8,1.003,0.538,0.928,0.0,0.446,0.305,0
7638,60,1,5,0.873,0.621,0.556,0.25,0.015,0.067,0
7639,52,1,9,0.816,0.616,0.729,0.5,-0.058,-0.089,1
7640,56,0,5,0.628,0.534,0.477,0.0,0.227,-0.032,0
7641,78,0,5,0.768,0.651,0.5,0.0,-0.303,-0.002,0
7642,50,1,8,0.711,0.682,0.732,0.5,0.452,-0.071,0
7643,41,0,12,1.101,0.609,0.898,0.0,0.198,0.478,0
7644,73,1,5,0.878,0.682,0.68,0.0,0.122,0.113,0
7645,83,1,9,0.9,0.461,0.65,0.25,0.186,0.246,1
7646,41,0,11,0.827,0.567,0.794,0.0,0.719,0.107,0
7647,55,0,7,0.7,0.597,0.804,0.25,0.457,-0.02,0
7648,77,0,7,1.049,0.487,0.923,0.0,0.413,0.286,0
7649,44,1,3,0.91,0.64,0.248,0.0,-0.312,0.026,0
7650,57,0,11,0.901,0.695,0.934,0.0,0.464,-0.001,1
7651,43,0,3,0.752,0.625,0.541,0.75,-0.253,0.181,0
7652,38,0,5,1.05,0.741,0.386,0.5,-0.06,0.134,0
7653,59,0,11,0.826,0.591,0.699,0.0,0.328,-0.153,1
7654,78,1,10,0.766,0.649,0.838,0.5,0.198,-0.077,1
7655,71,1,9,0.829,0.537,0.809,0.25,0.543,0.106,0
7656,83,1,4,0.757,0.7,0.623,0.25,0.082,-0.11,1
7657,58,0,10,0.841,0.596,0.875,0.0,0.375,0.166,0
7658,66,0,11,0.905,0.544,0.742,0.75,0.501,0.371,1
7659,79,0,6,0.65,0.516,0.759,0.0,0.059,-0.403,0
7660,69,1,3,0.661,0.616,0.531,0.0,0.02,0.004,0
7661,63,0,10,0.912,0.489,0.749,1.0,0.482,0.342,0
7662,83,0,5,0.861,0.614,0.771,0.0,0.292,0.353,0
7663,76,1,12,0.869,0.667,0.739,0.5,0.291,0.249,0
7664,30,0,8,0.827,0.56,0.94,0.75,0.376,0.077,0
7665,71,0,8,1.125,0.516,0.696,0.25,0.086,0.425,1
7666,84,1,8,0.944,0.815,0.876,0.25,0.039,0.349,0
7667,55,1,11,0.853,0.507,0.53,0.25,-0.214,0.24,0
7668,60,0,4,0.794,0.738,0.502,0.0,-0.051,-0.027,0
7669,37,0,9,0.95,0.599,0.657,0.0,0.454,0.135,0
7670,74,1,12,0.84,0.587,0.889,0.0,0.424,0.079,0
7671,46,1,12,1.109,0.546,1.113,0.25,0.605,0.563,0
7672,30,1,3,0.8,0.68,0.681,0.75,0.396,0.021,0
7673,58,0,11,1.126,0.601,0.891,1.0,0.522,0.477,0
7674,69,0,4,0.726,0.689,0.689,0.5,0.211,0.055,0
7675,34,1,8,0.863,0.7,0.714,0.0,0.536,-0.062,0
7676,66,1,9,0.85,0.57,0.701,0.0,0.406,0.076,0
7677,74,1,11,0.907,0.516,0.718,1.0,0.178,0.296,0
7678,50,1,6,0.817,0.585,0.458,0.0,-0.285,0.272,0
7679,68,0,12,0.811,0.553,0.732,1.0,0.172,0.178,0
7680,66,1,9,1.206,0.478,0.97,0.0,0.853,0.29,0
7681,74,1,12,0.954,0.653,0.989,0.0,0.397,0.151,0
7682,78,1,5,0.907,0.722,0.499,0.25,0.111,0.071,0
7683,59,0,11,0.969,0.639,0.78,0.5,0.396,0.269,0
7684,66,1,11,0.947,0.682,0.804,1.0,0.248,0.151,0
7685,30,0,7,0.833,0.632,0.742,0.0,0.127,0.002,0
7686,64,0,7,0.833,0.458,0.615,0.25,-0.1,0.257,0
7687,70,1,7,0.956,0.727,0.861,0.0,0.408,0.367,1
7688,74,1,3,0.987,0.615,0.655,0.0,0.085,0.167,0
7689,76,0,6,0.785,0.616,0.964,0.25,0.416,0.064,0
7690,61,1,5,0.968,0.524,0.519,1.0,0.096,0.268,0
7691,60,0,11,1.014,0.584,0.934,0.0,0.407,0.515,0
7692,55,1,8,0.945,0.487,0.388,0.5,-0.013,0.18,0
7693,51,0,9,1.033,0.59,0.675,0.5,0.112,0.433,0
7694,60,0,8,0.862,0.571,0.984,0.0,0.652,-0.014,0
7695,44,0,8,0.7,0.601,0.68,0.75,0.423,-0.07,0
7696,51,0,3,0.827,0.567,0.543,0.5,-0.179,0.068,0
7697,45,1,11,0.854,0.597,0.57,0.5,0.222,0.154,0
7698,41,1,4,0.991,0.6,0.718,0.0,0.484,0.374,0
7699,37,0,9,0.773,0.609,0.948,0.0,0.595,0.131,0
7700,58,1,12,0.835,0.7,1.298,0.5,0.598,0.094,0
7701,58,0,12,1.074,0.545,0.911,0.25,0.469,0.381,0
7702,68,1,8,0.981,0.716,0.704,0.0,0.279,0.265,1
7703,78,0,10,0.832,0.657,0.782,0.5,0.26,0.093,0
7704,62,1,11,0.925,0.606,0.849,0.0,0.49,-0.018,0
7705,35,0,6,0.768,0.592,0.983,0.25,0.659,-0.004,0
7706,83,1,5,0.975,0.543,0.509,0.5,0.312,0.295,0
7707,65,0,11,1.067,0.431,0.678,0.75,0.244,0.346,0
7708,63,1,12,0.779,0.626,0.957,0.0,0.279,0.112,1
7709,68,0,5,0.977,0.643,0.668,0.5,-0.016,0.143,0
7710,70,0,4,0.955,0.533,0.66,0.0,0.516,0.218,0
7711,70,0,3,0.757,0.713,0.696,1.0,0.019,0.202,1
7712,40,0,7,0.948,0.6,0.688,0.0,-0.012,0.286,0
7713,62,0,12,0.939,0.574,0.974,1.0,0.568,0.144,0
7714,59,0,5,0.564,0.716,0.56,0.25,-0.138,-0.165,0
7715,32,0,8,0.98,0.512,0.59,0.0,0.231,0.421,0
7716,36,1,5,0.969,0.602,0.38,1.0,-0.089,0.244,0
7717,74,0,8,0.756,0.491,0.805,0.0,0.473,0.09,0
7718,48,1,4,0.594,0.586,0.599,0.5,0.179,-0.164,0
7719,80,0,10,0.733,0.656,0.797,0.0,0.241,-0.121,1
7720,76,0,11,0.988,0.677,0.696,0.5,0.344,0.211,0
7721,44,0,9,0.862,0.636,0.755,0.75,0.442,-0.045,0
7722,48,0,11,0.96,0.384,0.91,0.0,0.614,0.33,1
7723,65,0,4,0.751,0.678,0.499,0.5,0.108,-0.041,0
7724,45,0,11,0.894,0.516,0.893,0.0,0.65,0.133,0
7725,43,1,10,0.902,0.571,0.887,0.0,-0.016,0.321,0
7726,50,0,7,0.829,0.59,1.022,0.25,0.768,0.011,0
7727,53,0,9,0.876,0.695,0.894,0.25,0.592,0.112,0
7728,33,0,10,0.85,0.519,1.167,1.0,0.692,0.24,0
7729,66,0,10,0.872,0.56,0.622,0.0,0.253,0.125,0
7730,52,0,12,0.845,0.477,1.081,1.0,0.597,0.105,0
7731,71,0,3,0.921,0.547,0.406,0.0,0.029,0.328,0
7732,71,0,6,0.938,0.614,0.731,0.25,0.31,0.07,1
7733,62,0,4,0.7,0.531,0.682,0.0,0.23,0.045,0
7734,80,1,12,0.7,0.483,0.915,0.0,0.592,0.006,1
7735,55,1,10,0.778,0.412,0.771,0.0,0.073,-0.072,0
7736,75,0,8,0.967,0.64,0.75,0.5,0.39,0.268,0
7737,43,1,3,0.765,0.74,0.569,0.0,0.224,0.083,0
7738,46,0,9,1.121,0.691,0.809,0.75,0.145,0.433,0
7739,83,1,4,0.729,0.463,0.728,0.0,0.217,-0.085,0
7740,74,0,12,1.096,0.559,1.178,0.0,0.684,0.401,0
7741,75,0,9,0.837,0.571,0.812,1.0,0.434,0.18,0
7742,53,1,10,0.7,0.631,0.757,1.0,0.214,-0.032,0
7743,68,0,12,0.97,0.6,1.008,0.0,0.328,0.259,0
7744,79,0,4,0.764,0.673,0.662,0.0,0.47,-0.048,0
7745,38,1,8,1.213,0.61,0.704,0.25,0.41,0.458,0
7746,50,1,6,0.76,0.626,0.854,0.5,0.251,-0.175,0
7747,55,1,3,0.79,0.553,0.447,0.0,-0.096,-0.12,0
7748,70,1,7,0.704,0.589,0.695,0.0,0.058,-0.022,0
7749,46,0,9,0.769,0.647,0.82,1.0,0.427,-0.01,0
7750,46,1,3,0.86,0.625,0.416,0.25,-0.196,0.258,0
7751,56,0,5,0.92,0.612,0.869,0.75,0.379,0.064,0
7752,69,0,5,0.778,0.58,0.881,0.5,0.327,-0.094,0
7753,49,0,3,0.798,0.555,0.851,1.0,0.427,0.268,1
7754,54,0,11,0.994,0.693,0.914,0.0,0.688,0.085,0
7755,65,1,6,0.965,0.578,0.7,0.0,0.033,0.328,0
7756,73,1,4,1.121,0.76,0.822,1.0,0.418,0.372,0
7757,61,1,10,0.758,0.521,0.694,0.0,0.174,-0.116,0
7758,38,1,8,0.857,0.546,0.7,0.0,0.246,0.141,0
7759,82,0,5,0.692,0.699,0.445,0.0,-0.057,0.023,0
7760,47,0,5,0.975,0.514,0.875,0.0,0.091,0.287,0
7761,43,0,10,0.759,0.536,0.962,0.5,0.262,0.081,0
7762,79,0,8,0.875,0.62,0.907,0.0,0.428,-0.026,0
7763,52,1,6,0.886,0.611,0.627,0.0,0.137,0.22,0
7764,50,0,7,0.972,0.656,0.815,0.5,-0.007,0.231,0
7765,84,0,4,0.821,0.569,0.768,0.0,0.04,-0.068,1
7766,72,0,4,0.724,0.462,0.485,0.0,-0.315,-0.271,0
7767,84,1,4,0.926,0.663,0.583,0.75,0.553,0.179,0
7768,51,1,8,0.787,0.566,0.72,0.0,0.351,0.127,0
7769,82,1,11,0.907,0.396,0.675,0.5,0.26,0.094,0
7770,41,1,10,0.847,0.47,0.875,0.25,0.403,0.172,0
7771,83,0,3,0.725,0.623,0.955,0.75,0.498,-0.033,0
7772,79,0,8,0.6,0.603,0.513,0.75,0.227,-0.073,1
7773,71,0,11,1.289,0.51,0.832,0.5,0.166,0.547,0
7774,71,0,10,1.024,0.649,0.695,0.25,0.498,0.212,1
7775,38,1,5,0.847,0.505,0.874,0.0,0.444,0.056,0
7776,57,0,8,0.808,0.667,0.94,0.0,0.551,0.108,0
7777,43,1,6,0.972,0.575,0.919,0.0,0.496,0.355,0
7778,76,1,12,1.07,0.584,0.853,0.5,0.185,0.316,0
7779,63,1,3,0.837,0.622,0.342,0.25,-0.075,0.053,0
7780,67,0,12,1.0,0.568,1.097,0.5,0.379,0.396,0
7781,48,0,6,0.832,0.603,0.807,1.0,0.122,0.053,1
7782,74,0,9,0.85,0.577,0.821,0.5,0.56,0.138,1
7783,45,1,12,1.16,0.383,0.703,0.0,0.415,0.343,1
7784,46,1,4,0.676,0.593,0.584,1.0,0.191,-0.024,0
7785,43,0,4,0.868,0.525,0.379,0.5,0.157,0.164,0
7786,69,1,5,0.847,0.57,0.67,1.0,0.28,-0.083,1
7787,33,1,11,0.933,0.53,0.554,0.0,0.061,0.208,0
7788,68,1,10,0.868,0.56,1.174,0.25,0.763,0.02,0
7789,70,0,4,0.745,0.741,0.688,0.25,0.115,0.24,0
7790,60,1,7,1.077,0.537,0.681,0.0,0.285,0.308,0
7791,58,1,12,1.095,0.603,1.001,1.0,0.251,0.479,0
7792,78,1,6,0.929,0.652,0.94,0.5,0.237,0.149,1
7793,81,0,3,0.795,0.628,0.752,0.0,0.395,0.095,1
7794,78,1,6,0.687,0.572,0.561,0.0,0.04,-0.133,0
7795,76,0,9,1.11,0.793,0.88,0.0,0.284,0.289,0
7796,65,0,6,0.859,0.479,0.714,0.25,0.22,0.108,0
7797,63,0,10,1.132,0.503,0.997,0.5,0.395,0.34,0
7798,68,0,11,0.985,0.538,0.932,0.5,0.26,0.4,0
7799,58,0,12,0.923,0.545,0.909,0.0,0.647,0.237,1
7800,44,0,7,0.778,0.51,0.904,0.0,0.606,0.142,0
7801,55,0,12,0.906,0.616,0.85,0.0,0.662,0.288,1
7802,71,1,4,0.888,0.619,0.548,0.0,0.006,0.031,0
7803,69,1,9,0.868,0.494,0.922,0.75,0.341,-0.181,0
7804,82,0,8,0.688,0.573,0.496,0.0,-0.072,0.18,0
7805,77,1,6,0.791,0.583,0.651,0.0,-0.011,-0.021,0
7806,54,0,12,0.944,0.565,0.7,0.5,0.501,0.203,0
7807,38,0,8,0.8,0.55,0.959,0.25,0.752,0.184,0
7808,83,1,5,0.783,0.57,0.765,0.0,0.219,-0.133,0
7809,70,1,5,0.724,0.618,0.392,0.25,-0.107,-0.178,0
7810,49,0,5,0.752,0.726,0.315,0.0,0.086,-0.042,0
7811,51,1,8,1.026,0.796,0.79,0.5,0.465,0.151,0
7812,58,1,3,0.893,0.521,0.712,0.0,0.117,0.489,0
7813,78,1,12,1.173,0.7,0.808,0.5,0.404,0.4,0
7814,82,0,5,1.082,0.503,0.53,0.0,0.401,0.531,0
7815,30,1,9,1.138,0.498,0.979,1.0,0.781,0.408,0
7816,50,1,11,0.918,0.494,0.877,0.5,0.462,0.15,0
7817,44,1,5,0.784,0.586,0.913,0.0,0.442,-0.063,0
7818,83,0,6,0.773,0.554,0.724,0.0,0.234,0.186,1
7819,67,0,7,0.998,0.507,0.501,0.25,-0.427,0.187,0
7820,59,1,6,0.923,0.59,0.8,0.5,0.433,0.26,0
7821,46,0,8,0.885,0.629,0.58,0.0,-0.117,0.217,0
7822,51,0,5,0.97,0.523,0.403,0.0,0.294,0.117,0
7823,75,0,9,1.072,0.715,0.919,0.0,0.772,0.189,0
7824,60,0,7,0.889,0.702,0.917,1.0,0.471,0.099,0
7825,50,1,7,0.975,0.58,1.095,0.25,0.566,0.186,0
7826,74,0,8,0.84,0.62,0.758,0.0,0.413,-0.015,0
7827,71,1,11,0.91,0.48,0.871,0.0,0.506,0.337,0
7828,49,1,8,0.792,0.589,0.863,0.75,0.57,0.053,0
7829,36,0,5,0.923,0.469,0.903,0.5,0.385,0.26,0
7830,78,1,5,0.687,0.7,0.56,0.0,0.254,0.002,0
7831,39,0,12,0.803,0.566,1.282,0.0,0.846,0.078,0
7832,80,0,4,0.679,0.591,0.7,1.0,0.09,-0.045,1
7833,83,0,5,0.906,0.518,0.607,1.0,0.143,0.112,0
7834,50,1,9,0.874,0.533,0.602,1.0,0.44,0.042,0
7835,59,0,6,0.823,0.453,0.904,0.0,0.706,0.011,0
7836,39,0,5,0.7,0.703,0.533,0.0,0.183,-0.16,0
7837,30,1,8,0.85,0.661,0.775,0.0,0.427,0.087,1
7838,66,1,10,1.006,0.635,0.93,0.0,0.473,0.275,0
7839,47,1,12,0.887,0.658,0.838,0.75,0.348,0.024,0
7840,58,0,6,0.824,0.503,0.683,1.0,0.463,-0.011,0
7841,67,0,6,0.836,0.61,0.516,0.0,0.329,0.178,0
7842,77,0,9,0.868,0.488,0.888,1.0,0.566,0.031,1
7843,79,1,4,1.013,0.54,0.792,0.25,0.092,0.199,0
7844,71,1,10,0.819,0.513,0.892,0.0,0.407,0.193,0
7845,74,0,7,0.755,0.674,0.735,0.0,0.291,-0.084,0
7846,84,1,11,0.821,0.624,0.865,0.5,0.394,0.162,0
7847,31,1,4,0.921,0.574,0.7,0.0,0.085,0.12,0
7848,76,1,10,1.01,0.636,0.672,0.5,0.326,0.262,1
7849,54,0,4,0.922,0.617,0.897,0.5,0.507,0.274,0
7850,67,1,11,0.865,0.654,0.971,1.0,0.288,-0.023,0
7851,58,0,6,0.836,0.648,0.801,0.5,0.758,-0.02,0
7852,70,1,12,1.062,0.566,0.879,0.25,0.582,0.353,0
7853,35,1,12,0.904,0.728,0.913,1.0,0.329,0.162,1
7854,69,0,10,1.077,0.555,0.757,1.0,0.139,0.27,1
7855,32,0,3,0.883,0.647,0.501,0.25,-0.199,0.05,0
7856,83,0,9,0.986,0.552,0.844,0.25,0.541,0.392,0
7857,78,0,4,0.738,0.63,0.733,0.0,0.571,0.031,0
7858,74,1,12,0.999,0.447,0.878,0.75,0.377,0.07,0
7859,76,0,7,1.008,0.663,0.748,0.5,0.203,0.277,0
7860,52,0,10,0.931,0.577,0.889,0.25,0.395,0.231,0
7861,58,0,10,1.072,0.532,0.876,0.0,0.315,0.366,1
7862,39,1,7,0.83,0.56,0.903,0.0,0.499,0.141,0
7863,73,0,7,1.038,0.619,0.474,0.0,0.043,0.19,0
7864,59,1,12,1.109,0.632,0.924,0.25,0.8,0.335,0
7865,54,1,5,0.938,0.679,0.604,0.0,-0.042,0.16,0
7866,71,0,12,0.882,0.548,0.846,0.0,0.199,-0.149,0
7867,42,0,7,1.073,0.459,0.717,0.0,0.419,0.176,0
7868,46,1,5,0.417,0.495,0.398,0.0,0.172,-0.461,0
7869,44,0,5,0.916,0.481,0.281,0.25,-0.439,-0.047,0
7870,53,1,12,0.885,0.579,0.731,0.0,0.926,0.198,0
7871,61,0,12,1.003,0.619,0.912,0.5,0.245,0.346,0
7872,40,1,6,0.959,0.709,0.885,1.0,0.225,0.267,1
7873,84,1,10,0.99,0.471,0.829,0.5,0.325,0.28,0
7874,44,1,9,0.927,0.48,0.863,0.0,0.79,0.352,0
7875,74,1,7,0.834,0.622,0.562,0.5,0.117,-0.001,0
7876,49,1,5,0.82,0.707,0.623,0.0,-0.108,0.141,0
7877,49,1,7,0.732,0.695,0.75,0.0,-0.076,0.013,1
7878,37,1,4,0.7,0.601,0.605,0.0,0.022,-0.188,0
7879,64,1,4,0.879,0.547,0.562,0.5,-0.063,0.206,0
7880,41,1,4,0.845,0.709,0.761,0.25,0.426,0.048,0
7881,68,0,11,0.792,0.544,0.761,0.0,0.243,-0.012,1
7882,51,0,8,1.137,0.598,0.952,0.0,0.22,0.065,0
7883,67,1,5,1.013,0.512,0.88,0.75,0.35,0.272,0
7884,65,0,7,1.023,0.581,0.491,0.0,-0.209,0.205,0
7885,60,1,6,0.883,0.674,0.535,0.75,0.231,0.198,0
7886,56,1,5,0.817,0.593,0.552,0.75,-0.076,-0.118,0
7887,56,1,12,0.872,0.502,0.984,0.0,0.22,0.305,1
7888,71,1,3,0.812,0.695,0.614,0.5,0.178,-0.042,0
7889,51,1,9,0.863,0.565,0.682,0.0,0.188,0.252,0
7890,74,1,9,0.791,0.508,0.637,0.75,0.671,0.035,0
7891,54,1,5,0.932,0.639,0.491,0.0,0.026,-0.177,0
7892,48,1,10,1.004,0.591,0.773,0.0,0.157,0.325,0
7893,46,1,7,0.7,0.618,0.865,0.0,0.503,-0.106,1
7894,76,0,9,0.777,0.6,0.684,0.0,-0.025,0.248,0
7895,43,1,10,0.918,0.492,0.636,0.0,0.389,0.215,0
7896,82,1,10,0.956,0.7,0.799,1.0,0.099,0.138,1
7897,39,0,4,0.827,0.606,0.443,0.75,0.157,0.184,0
7898,61,1,11,0.786,0.584,0.959,0.5,0.52,-0.025,0
7899,82,1,6,0.758,0.618,0.789,0.0,0.406,0.019,1
7900,31,0,9,1.056,0.606,0.74,0.0,0.219,0.383,0
7901,81,1,10,1.13,0.501,0.761,1.0,0.188,0.347,1
7902,40,0,3,0.473,0.599,0.482,0.75,-0.08,-0.217,0
7903,45,0,5,0.903,0.684,0.524,0.0,0.052,0.282,0
7904,84,0,11,0.79,0.597,0.891,0.0,0.216,0.09,0
7905,70,0,10,0.941,0.535,0.824,0.0,0.232,-0.014,1
7906,62,0,10,0.811,0.637,0.57,0.0,-0.13,0.137,0
7907,38,0,5,0.852,0.614,0.511,0.75,0.162,0.043,0
7908,32,0,10,0.875,0.453,0.578,0.0,0.243,0.138,0
7909,43,0,11,0.83,0.455,1.073,1.0,0.364,0.121,0
7910,32,1,4,0.951,0.548,0.632,0.0,0.301,0.009,0
7911,69,1,7,0.754,0.481,0.922,0.0,0.283,-0.033,1
7912,60,0,6,0.662,0.576,0.649,0.0,0.333,0.016,0
7913,35,1,8,0.637,0.504,1.007,0.5,0.684,0.054,0
7914,44,0,6,0.808,0.552,0.828,1.0,0.455,-0.007,0
7915,67,0,4,0.837,0.654,0.825,0.5,0.364,0.136,0
7916,61,1,3,0.681,0.744,0.763,0.0,0.299,-0.019,0
7917,48,0,4,0.615,0.586,0.71,0.0,0.243,-0.079,0
7918,40,1,4,0.773,0.681,0.403,0.25,-0.304,0.192,0
7919,38,1,8,0.79,0.606,0.542,0.25,-0.328,-0.064,0
7920,50,1,6,0.778,0.475,0.724,0.25,0.28,0.119,0
7921,41,1,5,0.689,0.728,0.349,0.0,-0.139,-0.029,0
7922,79,0,8,0.93,0.45,0.364,0.0,-0.081,0.206,0
7923,39,0,8,0.792,0.459,0.986,0.75,0.409,0.067,0
7924,62,1,6,0.94,0.677,0.695,0.25,0.357,0.389,0
7925,47,1,12,1.03,0.585,0.863,0.25,0.302,0.139,0
7926,37,0,11,0.98,0.559,1.005,0.25,0.588,0.175,0
7927,64,0,3,0.634,0.723,0.653,0.0,-0.013,-0.119,0
7928,69,0,7,0.843,0.607,0.45,0.0,0.213,0.062,0
7929,63,0,4,0.936,0.588,0.746,0.0,0.086,0.128,0
7930,82,0,4,0.788,0.528,0.716,0.0,0.121,0.113,1
7931,72,0,8,0.797,0.401,0.56,0.5,0.196,0.129,0
7932,67,1,7,1.109,0.488,0.523,1.0,-0.112,0.23,0
7933,67,0,12,0.762,0.519,0.828,0.0,0.496,0.062,0
7934,71,1,11,0.984,0.7,0.921,0.0,0.436,0.266,0
7935,83,1,11,0.961,0.705,0.955,0.75,0.552,0.151,1
7936,74,1,10,1.033,0.564,0.889,0.5,0.234,0.582,0
7937,55,1,12,0.925,0.573,0.875,0.25,0.23,0.269,0
7938,40,0,10,1.089,0.574,0.879,0.0,0.318,0.169,1
7939,83,1,6,0.83,0.571,0.965,0.0,0.459,0.112,0
7940,83,1,10,0.712,0.586,0.738,0.0,0.356,-0.007,0
7941,84,0,3,0.788,0.645,0.402,1.0,-0.341,0.179,0
7942,33,1,11,0.87,0.566,1.155,0.0,0.829,0.293,0
7943,52,1,6,0.877,0.62,0.749,0.0,0.089,0.387,0
7944,66,0,3,0.674,0.475,0.64,0.0,0.408,-0.217,0
7945,48,0,5,0.976,0.587,0.868,0.5,0.807,-0.034,0
7946,67,1,6,0.837,0.7,0.447,0.5,-0.24,-0.026,0
7947,45,1,12,1.214,0.613,0.564,0.0,0.12,0.161,0
7948,69,0,3,0.63,0.669,0.835,0.25,0.18,-0.411,0
7949,48,0,9,0.757,0.592,0.719,0.0,0.48,0.075,1
7950,74,0,8,0.632,0.573,0.843,0.0,0.471,-0.068,0
7951,77,0,3,0.525,0.541,0.611,0.0,0.024,-0.197,0
7952,78,0,3,0.664,0.68,0.476,0.0,-0.355,-0.229,0
7953,45,1,8,0.787,0.577,0.303,1.0,-0.281,-0.011,0
7954,78,1,12,0.866,0.7,0.848,0.0,0.675,-0.012,0
7955,57,1,12,1.097,0.525,0.869,0.25,0.348,0.285,1
7956,72,0,7,0.904,0.579,0.484,0.0,-0.178,0.169,0
7957,75,0,4,0.534,0.522,0.947,0.0,0.395,-0.226,1
7958,39,1,6,1.055,0.514,0.647,0.0,0.27,0.405,0
7959,70,1,6,0.88,0.558,0.843,0.0,0.312,0.246,1
7960,55,0,5,0.898,0.52,0.743,0.25,0.321,0.093,0
7961,84,1,12,1.036,0.429,0.81,0.0,0.068,0.268,1
7962,59,0,5,0.95,0.7,0.613,0.0,0.203,0.005,0
7963,40,1,11,0.845,0.562,1.035,1.0,0.655,0.153,0
7964,36,0,3,0.928,0.644,0.316,0.0,-0.311,0.063,0
7965,33,1,8,1.056,0.598,0.598,1.0,-0.015,0.384,0
7966,67,0,9,0.993,0.614,0.652,0.0,0.337,0.271,0
7967,63,1,7,0.954,0.667,0.72,0.0,0.434,0.034,0
7968,73,0,11,0.824,0.414,0.893,0.0,0.421,0.066,0
7969,49,0,5,0.929,0.639,0.657,1.0,-0.051,0.243,0
7970,56,1,3,0.883,0.584,0.472,0.0,-0.14,-0.133,0
7971,69,1,6,0.791,0.604,0.7,0.25,0.444,-0.024,0
7972,70,1,10,0.922,0.496,1.005,0.0,0.46,0.229,1
7973,53,0,5,0.889,0.568,0.871,0.0,0.397,0.13,1
7974,51,1,9,1.05,0.579,0.726,0.0,0.529,0.221,0
7975,65,0,6,0.701,0.58,0.789,0.5,0.1,0.013,0
7976,65,1,8,0.996,0.651,1.011,1.0,0.302,0.292,0
7977,55,1,8,1.01,0.513,0.47,0.0,0.119,0.107,0
7978,52,1,6,0.887,0.543,0.688,1.0,0.518,0.068,0
7979,79,0,7,0.778,0.526,0.783,0.0,0.574,-0.106,0
7980,53,1,11,0.95,0.558,0.954,0.0,0.635,-0.031,0
7981,55,0,11,1.01,0.565,0.631,0.5,0.154,0.353,0
7982,61,0,4,0.66,0.674,0.406,0.5,-0.148,-0.129,0
7983,30,1,12,0.993,0.518,1.126,0.5,0.723,0.305,0
7984,64,1,9,0.903,0.635,0.929,0.5,0.718,0.207,0
7985,84,0,11,1.004,0.675,0.891,0.25,0.432,0.488,0
7986,71,1,6,0.806,0.57,0.803,0.0,0.366,-0.065,0
7987,50,1,6,0.912,0.394,0.391,0.0,-0.021,0.234,0
7988,33,1,12,0.839,0.586,0.895,0.25,0.238,0.076,0
7989,47,0,4,1.109,0.708,0.425,0.0,-0.275,0.068,0
7990,61,1,8,0.863,0.431,0.651,0.5,0.118,0.196,0
7991,60,1,11,1.002,0.699,0.7,0.5,0.463,0.351,1
7992,76,1,11,0.936,0.7,0.993,0.75,0.539,0.295,0
7993,51,0,6,0.7,0.517,0.651,0.5,-0.009,0.005,0
7994,64,1,12,1.092,0.678,1.107,0.75,0.797,0.283,0
7995,57,1,9,0.975,0.523,0.528,0.0,0.247,0.085,0
7996,47,0,12,0.963,0.578,0.653,0.25,0.08,0.2,0
7997,31,1,4,0.627,0.563,0.659,0.25,0.195,0.027,1
7998,35,1,4,0.977,0.56,0.336,1.0,0.076,0.194,0
7999,76,1,12,1.042,0.531,1.026,0.0,0.525,0.33,1
8000,33,0,12,0.975,0.456,0.846,0.75,0.23,0.225,0
8001,74,0,12,0.93,0.452,1.261,0.25,1.188,0.193,0
8002,54,0,11,0.958,0.543,1.017,1.0,0.49,0.317,0
8003,70,0,3,0.654,0.486,0.528,0.0,0.074,-0.346,0
8004,62,1,12,0.988,0.481,0.883,0.25,0.288,0.404,0
8005,84,1,3,0.786,0.659,0.495,0.25,0.112,0.021,0
8006,73,0,10,0.993,0.607,0.893,0.0,0.528,0.357,0
8007,36,1,5,1.052,0.569,0.52,0.0,-0.124,0.282,0
8008,56,1,12,0.786,0.481,0.814,1.0,0.397,0.111,0
8009,54,0,8,0.491,0.648,0.732,0.0,0.194,-0.448,0
8010,74,1,5,0.645,0.588,0.677,0.0,0.26,-0.318,0
8011,81,1,9,0.983,0.527,0.762,0.0,0.478,0.044,0
8012,40,1,3,0.593,0.534,0.598,0.0,0.078,-0.339,0
8013,65,0,11,0.718,0.633,0.858,0.75,0.309,-0.111,0
8014,45,1,6,0.93,0.659,0.356,0.0,-0.279,0.126,0
8015,44,0,12,0.897,0.605,0.995,0.0,0.16,-0.071,0
8016,69,0,3,0.782,0.481,0.468,0.5,-0.064,-0.103,0
8017,40,0,8,0.728,0.728,0.541,0.0,0.114,-0.089,0
8018,75,0,8,0.676,0.494,0.7,0.5,0.222,-0.079,0
8019,70,1,12,1.0,0.446,0.461,0.0,0.002,0.214,0
8020,45,1,5,0.702,0.682,0.579,0.0,0.296,0.05,0
8021,37,0,12,0.967,0.481,0.757,0.25,0.546,0.205,0
8022,71,0,3,0.532,0.655,0.374,0.0,-0.041,-0.065,0
8023,34,1,9,0.816,0.667,0.566,0.0,0.178,-0.051,0
8024,57,0,10,0.86,0.67,1.256,0.5,0.703,0.086,0
8025,67,0,10,0.922,0.469,0.933,0.0,0.658,0.276,0
8026,30,1,6,0.808,0.74,0.838,0.0,0.529,0.021,0
8027,31,1,11,0.893,0.542,0.885,0.25,0.408,0.007,0
8028,52,0,8,0.861,0.538,0.789,0.5,0.105,0.18,1
8029,34,0,10,0.934,0.478,0.72,0.0,0.387,0.251,0
8030,53,1,5,1.01,0.728,0.691,1.0,0.294,0.129,0
8031,61,1,3,0.702,0.541,0.468,0.0,-0.097,0.055,0
8032,57,1,11,0.891,0.539,0.601,0.0,-0.143,-0.055,0
8033,42,1,5,1.057,0.623,0.592,0.75,-0.092,0.108,0
8034,57,0,5,0.865,0.681,0.654,0.75,-0.005,0.033,0
8035,70,0,4,0.968,0.609,0.734,0.0,-0.018,0.281,1
8036,43,0,4,0.934,0.568,0.54,0.25,0.135,0.144,0
8037,42,0,10,1.027,0.601,0.736,0.5,0.136,0.204,0
8038,37,0,12,0.943,0.615,0.795,0.0,0.295,-0.016,1
8039,75,0,8,0.735,0.563,0.61,1.0,0.431,-0.329,0
8040,40,1,12,0.7,0.509,0.853,0.0,0.043,0.188,0
8041,75,0,5,0.678,0.52,0.696,0.5,0.451,-0.052,1
8042,76,0,5,0.906,0.64,0.497,0.75,0.042,0.156,0
8043,78,1,9,0.808,0.684,0.399,0.5,-0.301,-0.037,0
8044,68,0,4,0.615,0.633,0.388,0.0,0.053,-0.129,0
8045,83,1,3,0.581,0.437,0.854,0.0,0.336,-0.066,0
8046,64,1,10,0.834,0.567,0.84,0.0,0.534,0.179,0
8047,82,1,5,0.663,0.691,0.868,0.0,0.235,-0.162,1
8048,41,1,3,0.606,0.647,0.7,0.0,0.159,-0.297,0
8049,47,0,7,1.01,0.609,0.686,0.25,-0.014,0.361,0
8050,50,0,8,0.83,0.53,0.602,0.0,0.005,0.201,0
8051,71,0,6,0.876,0.549,0.845,0.0,0.465,0.26,0
8052,76,0,11,0.934,0.42,1.169,0.0,0.825,0.111,0
8053,84,0,3,0.572,0.579,0.241,0.0,-0.451,-0.065,0
8054,62,0,4,0.858,0.532,0.652,0.0,0.188,0.234,0
8055,36,0,5,0.828,0.662,0.498,0.0,0.185,0.024,0
8056,84,0,8,0.743,0.611,0.7,0.25,0.434,0.02,0
8057,52,0,10,0.779,0.573,0.878,0.0,0.371,-0.021,0
8058,74,0,12,1.019,0.384,0.7,0.5,0.077,0.279,1
8059,42,1,10,0.933,0.651,0.951,0.0,0.332,0.283,1
8060,37,1,4,0.481,0.561,0.858,0.5,0.204,-0.261,1
8061,32,0,12,1.001,0.572,0.652,1.0,0.301,0.338,0
8062,81,1,4,0.924,0.515,0.739,0.25,0.138,0.165,0
8063,68,1,12,1.073,0.468,1.18,0.0,0.797,0.356,0
8064,80,0,10,1.142,0.764,0.814,1.0,0.34,0.28,0
8065,65,1,3,0.704,0.583,0.76,0.5,0.249,-0.188,1
8066,61,0,7,0.786,0.744,0.741,0.0,0.469,0.051,1
8067,78,1,10,0.858,0.579,0.924,0.75,0.083,-0.005,1
8068,55,1,10,0.667,0.471,0.946,1.0,0.039,-0.255,0
8069,82,1,9,0.938,0.527,0.366,0.25,-0.114,0.303,0
8070,36,0,3,0.839,0.652,0.27,1.0,-0.186,0.137,0
8071,75,0,11,1.092,0.569,0.923,1.0,0.48,0.265,0
8072,56,0,9,0.849,0.537,1.085,0.0,0.133,0.132,0
8073,52,0,5,0.882,0.532,0.671,0.0,0.727,0.188,0
8074,33,0,10,1.064,0.546,0.775,0.25,0.129,0.329,0
8075,78,1,9,1.015,0.573,0.926,0.0,0.3,0.202,0
8076,39,1,4,1.018,0.596,0.406,0.75,0.016,0.175,0
8077,73,1,8,0.842,0.609,0.75,0.25,0.385,0.042,0
8078,69,0,8,0.703,0.485,0.711,0.5,0.43,0.109,0
8079,43,0,12,0.961,0.528,0.975,0.0,0.475,0.2,0
8080,41,1,4,0.649,0.715,0.345,0.0,-0.083,0.141,0
8081,77,0,11,0.936,0.583,0.5,0.75,0.219,0.163,0
8082,84,1,7,0.767,0.523,0.466,0.5,-0.1,-0.162,0
8083,76,0,12,0.951,0.516,1.16,0.0,0.797,0.192,0
8084,33,1,5,0.957,0.557,0.412,0.75,0.002,0.274,0
8085,48,0,8,0.87,0.673,0.753,0.0,0.396,0.02,0
8086,82,1,9,0.812,0.497,0.713,0.0,0.214,0.116,0
8087,84,0,4,0.825,0.589,0.261,0.0,-0.136,0.182,0
8088,62,1,6,0.826,0.576,0.719,0.0,0.326,-0.054,0
8089,61,0,6,0.677,0.585,0.442,0.0,-0.121,-0.13,0
8090,65,1,6,0.759,0.617,0.879,0.0,0.086,-0.047,0
8091,57,0,10,1.072,0.578,0.772,1.0,0.072,0.297,0
8092,34,1,3,0.593,0.559,0.653,0.0,-0.077,-0.056,0
8093,80,0,10,0.746,0.566,1.249,0.25,0.96,0.151,1
8094,31,0,5,0.805,0.543,0.684,0.0,0.22,0.144,0
8095,65,1,10,1.017,0.564,1.015,0.25,0.321,0.356,0
8096,42,0,5,1.029,0.563,0.698,0.0,0.385,0.252,1
8097,48,1,5,0.847,0.7,0.465,1.0,0.117,0.024,0
8098,47,1,7,0.95,0.574,0.666,0.0,0.315,-0.1,0
8099,37,0,3,0.804,0.465,0.7,0.0,0.418,0.04,0
8100,43,0,5,0.672,0.768,0.657,0.0,0.301,-0.166,0
8101,56,1,10,0.758,0.431,0.784,1.0,0.341,-0.084,0
8102,82,1,4,0.715,0.643,0.423,0.0,0.141,-0.022,0
8103,36,0,4,0.743,0.562,0.96,0.0,0.26,0.062,0
8104,54,0,10,0.997,0.455,0.892,0.75,0.195,0.367,0
8105,58,1,10,0.74,0.691,0.864,1.0,0.341,-0.024,1
8106,68,0,10,1.106,0.465,0.695,0.5,-0.019,0.36,0
8107,68,0,12,0.839,0.548,1.317,0.75,0.853,0.102,0
8108,50,1,7,0.964,0.702,0.966,0.5,0.443,0.399,0
8109,53,0,7,0.995,0.486,0.716,0.0,0.513,-0.005,0
8110,50,0,9,0.935,0.493,0.731,0.75,0.169,0.308,0
8111,43,0,5,0.704,0.508,0.778,0.0,0.286,-0.015,0
8112,51,0,9,0.974,0.519,1.049,0.0,0.53,0.113,0
8113,56,1,6,0.986,0.536,0.675,0.0,0.642,0.344,0
8114,83,1,6,0.806,0.729,0.539,0.0,0.158,0.079,0
8115,63,1,8,0.724,0.433,0.794,0.0,0.418,-0.104,1
8116,80,1,8,1.011,0.568,0.784,0.5,0.049,-0.01,0
8117,52,1,12,1.002,0.532,1.046,0.0,0.28,0.302,0
8118,36,0,9,0.886,0.535,0.589,0.25,0.197,0.108,0
8119,77,1,5,0.736,0.573,1.032,0.0,0.508,-0.017,1
8120,49,0,5,0.779,0.635,0.757,0.0,0.059,-0.054,1
8121,36,0,9,1.01,0.492,0.942,0.25,0.295,0.297,0
8122,83,0,11,1.217,0.658,0.671,1.0,0.199,0.406,0
8123,51,0,12,0.805,0.685,0.928,0.0,0.707,0.025,0
8124,76,1,7,0.901,0.576,0.808,0.0,0.58,0.178,1
8125,48,1,4,0.765,0.7,0.48,0.0,0.233,0.156,0
8126,52,1,11,1.123,0.466,0.849,0.0,0.149,0.168,1
8127,83,1,9,0.848,0.556,0.711,0.5,0.17,0.267,1
8128,33,0,7,0.726,0.557,0.447,0.25,-0.247,-0.151,0
8129,34,1,3,0.777,0.586,0.729,1.0,0.218,-0.081,0
8130,71,1,7,0.973,0.647,0.7,0.25,0.121,0.069,0
8131,42,1,8,0.766,0.582,0.647,0.0,0.296,-0.068,0
8132,52,0,11,0.93,0.581,0.997,0.25,0.156,-0.004,0
8133,38,0,3,0.97,0.591,0.77,1.0,0.409,0.406,0
8134,46,1,12,0.994,0.516,0.823,0.0,0.123,0.287,1
8135,34,1,6,0.81,0.54,0.271,0.0,-0.353,-0.191,0
8136,77,0,8,0.93,0.582,0.795,0.25,0.342,0.113,0
8137,72,1,10,1.009,0.546,0.692,0.0,0.037,0.192,0
8138,39,1,4,0.759,0.6,0.598,0.75,0.217,0.028,0
8139,32,0,7,0.825,0.572,0.696,0.5,0.098,0.064,0
8140,44,0,3,0.694,0.7,0.781,1.0,0.13,0.011,0
8141,64,1,8,0.862,0.653,1.041,0.0,0.451,-0.047,0
8142,55,1,6,0.544,0.594,0.51,0.75,0.13,0.208,0
8143,74,1,5,0.834,0.496,0.628,0.5,0.178,0.093,0
8144,78,0,3,0.948,0.581,0.464,0.25,-0.145,0.139,0
8145,51,0,12,0.887,0.575,1.01,0.0,0.413,0.164,0
8146,65,0,11,0.992,0.43,0.976,0.75,0.517,0.244,0
8147,36,0,11,1.028,0.544,0.908,0.0,0.497,0.304,0
8148,77,0,6,0.913,0.468,1.101,0.0,0.623,0.213,0
8149,81,0,9,0.828,0.562,0.76,0.75,0.346,0.136,1
8150,41,1,6,0.713,0.618,0.517,0.25,-0.365,-0.129,0
8151,65,1,9,0.997,0.553,0.893,0.0,0.432,0.196,0
8152,82,0,12,0.955,0.592,0.7,0.5,0.178,0.231,1
8153,75,1,3,0.688,0.678,0.313,0.75,0.028,-0.221,0
8154,59,1,10,0.913,0.488,0.795,0.5,0.274,0.113,1
8155,39,1,7,0.838,0.643,0.752,0.25,0.177,0.008,0
8156,50,0,6,1.155,0.552,0.517,0.5,0.274,0.438,0
8157,43,1,4,0.907,0.605,0.708,0.25,0.448,0.039,0
8158,84,0,3,0.767,0.605,0.408,0.0,-0.235,-0.014,0
8159,48,1,11,0.992,0.422,0.819,0.5,0.219,0.22,0
8160,35,0,4,0.891,0.697,0.654,1.0,0.274,0.264,0
8161,48,0,10,0.922,0.556,0.888,1.0,0.391,0.149,0
8162,62,1,4,1.122,0.505,0.507,1.0,0.121,0.248,0
8163,64,0,5,0.88,0.751,0.679,0.0,-0.021,-0.055,0
8164,77,1,10,0.867,0.676,0.84,0.0,0.206,0.163,1
8165,60,1,5,1.015,0.482,0.553,0.0,0.051,0.291,0
8166,72,0,9,0.929,0.586,0.905,0.0,0.462,0.217,1
8167,62,1,12,0.83,0.652,1.092,0.25,0.234,0.017,0
8168,57,1,8,0.523,0.687,0.937,0.5,0.439,-0.125,0
8169,60,1,12,0.791,0.473,0.982,0.25,0.36,0.06,0
8170,54,1,7,0.819,0.686,0.703,0.0,0.161,0.201,0
8171,44,0,11,1.077,0.516,0.907,1.0,0.656,0.435,0
8172,50,1,5,0.715,0.723,0.682,0.75,0.088,0.089,1
8173,64,0,6,0.754,0.465,0.94,0.0,0.469,-0.125,0
8174,38,0,6,0.982,0.528,0.622,0.75,0.153,0.349,0
8175,46,0,8,0.8,0.729,1.021,0.0,0.396,-0.002,1
8176,70,1,12,0.785,0.518,0.634,0.25,0.143,0.006,0
8177,79,0,10,0.874,0.641,0.737,0.0,0.374,0.035,0
8178,77,1,4,0.844,0.695,0.64,0.75,-0.002,0.057,0
8179,61,1,9,1.219,0.448,0.873,0.5,0.339,0.589,1
8180,69,0,7,0.867,0.64,0.647,0.0,0.033,0.172,0
8181,76,0,12,0.965,0.507,1.022,0.5,0.646,0.28,0
8182,72,0,9,1.102,0.503,0.722,0.0,0.129,0.337,1
8183,51,1,6,0.82,0.567,0.706,0.25,0.231,0.105,0
8184,60,0,8,0.927,0.622,1.006,0.5,0.625,0.192,0
8185,75,0,8,0.823,0.397,0.632,0.5,0.128,0.123,0
8186,41,0,8,0.871,0.562,0.346,0.25,-0.252,-0.062,0
8187,67,1,6,0.777,0.648,0.308,0.0,0.071,0.086,1
8188,63,0,6,0.99,0.548,0.577,0.0,0.014,0.249,0
8189,46,0,8,0.974,0.59,0.669,0.0,-0.021,0.242,1
8190,72,1,6,0.958,0.599,0.658,0.25,-0.019,0.04,1
8191,73,0,7,0.867,0.662,0.499,0.25,0.283,0.054,0
8192,37,1,3,0.845,0.533,0.421,0.0,0.205,-0.044,0
8193,32,0,3,0.908,0.649,0.278,0.0,-0.168,0.002,0
8194,78,0,12,0.97,0.523,0.7,0.25,0.383,0.171,0
8195,84,0,4,0.664,0.548,0.511,0.5,-0.15,0.04,0
8196,41,1,10,0.947,0.513,0.869,0.0,0.06,0.3,0
8197,35,0,8,0.75,0.608,0.809,0.5,0.446,-0.103,0
8198,47,1,7,0.675,0.586,0.764,0.0,0.445,-0.076,0
8199,66,1,4,0.853,0.524,0.623,1.0,-0.004,0.3,0
8200,70,0,11,1.009,0.53,0.849,0.0,0.39,0.045,0
8201,39,0,9,1.037,0.635,0.917,0.0,0.468,0.213,0
8202,56,1,11,0.769,0.617,0.802,0.5,0.288,-0.001,0
8203,65,1,12,1.14,0.421,0.757,0.75,0.425,0.44,0
8204,77,1,3,0.665,0.64,0.607,0.0,-0.077,-0.184,0
8205,37,1,7,0.913,0.564,0.704,0.5,0.068,0.173,0
8206,47,0,8,0.913,0.618,0.599,0.0,0.279,0.042,0
8207,48,1,10,0.996,0.528,0.86,0.5,0.547,0.304,1
8208,40,1,12,1.007,0.521,1.124,0.0,0.495,0.395,0
8209,79,0,10,0.837,0.563,0.69,0.0,0.33,0.063,0
8210,84,1,9,0.867,0.533,0.831,0.0,-0.06,0.088,0
8211,63,0,11,1.053,0.485,0.784,0.0,0.462,0.077,1
8212,52,0,7,0.787,0.459,0.603,1.0,-0.048,0.156,0
8213,49,1,8,1.029,0.577,0.639,0.0,0.169,0.301,0
8214,41,1,3,0.977,0.628,0.233,0.75,-0.083,0.277,0
8215,82,0,5,0.726,0.562,0.675,0.5,-0.036,0.048,0
8216,37,0,6,0.718,0.673,0.885,0.25,0.527,-0.013,0
8217,60,1,11,0.924,0.641,1.053,0.0,0.528,0.124,0
8218,52,1,10,0.991,0.534,1.04,1.0,0.504,0.307,1
8219,61,1,11,0.975,0.623,0.763,0.5,0.342,0.231,0
8220,52,0,12,0.995,0.388,1.11,0.75,0.465,0.297,0
8221,68,1,12,0.965,0.458,1.126,0.0,0.434,0.135,0
8222,54,1,9,0.946,0.599,0.878,0.0,0.467,0.08,1
8223,65,1,6,0.857,0.509,0.618,0.5,0.0,-0.034,0
8224,47,1,9,1.007,0.669,0.412,0.75,-0.18,0.205,0
8225,44,1,11,1.032,0.719,1.133,0.75,0.596,0.253,0
8226,57,0,10,0.947,0.395,0.823,0.5,0.053,0.132,0
8227,48,0,3,0.848,0.548,0.458,0.0,0.159,0.048,0
8228,81,0,8,0.759,0.638,0.972,1.0,0.579,0.015,0
8229,32,0,6,0.749,0.535,0.86,0.0,0.417,0.096,0
8230,79,1,9,0.852,0.66,0.609,0.5,-0.091,0.067,0
8231,78,0,7,1.095,0.668,0.639,0.25,0.187,0.442,0
8232,73,0,11,0.966,0.6,1.099,0.5,0.328,0.392,0
8233,31,1,7,0.805,0.66,0.376,0.0,-0.108,0.31,0
8234,47,0,8,0.885,0.539,0.557,0.25,-0.122,0.02,0
8235,33,1,9,1.005,0.708,0.621,0.5,-0.061,0.337,0
8236,48,0,7,0.933,0.577,0.464,0.0,0.094,0.153,0
8237,30,0,5,0.875,0.629,0.494,0.75,-0.037,0.169,0
8238,59,0,4,0.632,0.711,0.742,0.0,0.016,-0.069,1
8239,41,0,5,0.923,0.419,0.738,0.0,0.038,0.116,0
8240,53,1,12,1.021,0.664,1.091,0.5,0.864,0.236,0
8241,43,1,11,0.737,0.577,1.045,0.25,0.584,-0.051,0
8242,84,1,11,0.821,0.555,0.844,0.0,0.256,-0.087,0
8243,53,0,11,0.798,0.569,0.718,0.0,0.544,0.186,0
8244,67,1,3,0.7,0.708,0.393,0.5,-0.275,-0.034,0
8245,59,1,9,0.795,0.532,0.866,0.0,0.415,0.01,0
8246,52,0,5,0.737,0.657,0.7,0.5,0.173,0.03,1
8247,39,1,10,1.048,0.432,1.033,0.5,0.609,0.222,0
8248,38,1,9,1.08,0.529,0.787,0.0,0.139,0.324,0
8249,34,0,11,0.99,0.458,0.988,0.0,0.497,0.283,0
8250,46,0,10,1.032,0.58,0.614,0.0,-0.168,0.261,0
8251,36,0,8,0.961,0.575,0.631,0.0,0.18,0.151,0
8252,53,0,9,0.982,0.538,0.73,0.5,0.404,0.393,0
8253,51,0,3,0.864,0.582,0.59,0.5,0.232,0.011,0
8254,36,0,12,1.089,0.382,1.143,0.25,0.405,0.266,1
8255,75,0,5,0.925,0.671,0.42,0.0,-0.203,0.233,0
8256,31,1,9,0.837,0.638,0.855,0.0,0.491,0.125,0
8257,32,1,6,0.789,0.447,0.675,0.5,0.1,0.078,0
8258,34,0,6,0.7,0.504,0.343,0.0,-0.308,0.0,0
8259,46,1,9,0.928,0.631,0.731,0.75,0.438,0.209,0
8260,68,0,3,0.639,0.511,0.68,0.0,-0.059,-0.278,1
8261,30,1,7,0.915,0.704,0.815,1.0,0.643,0.284,0
8262,32,0,6,0.65,0.555,1.012,0.5,0.451,-0.209,0
8263,58,1,9,0.931,0.525,0.769,1.0,0.266,0.1,0
8264,59,0,10,0.997,0.538,0.557,0.75,0.111,0.409,0
8265,36,0,8,0.939,0.664,0.486,0.0,-0.218,0.255,0
8266,72,0,10,0.838,0.6,0.608,0.25,0.224,0.153,0
8267,69,1,11,1.125,0.499,0.621,0.5,0.296,0.257,0
8268,30,0,6,1.025,0.495,0.642,0.25,-0.079,0.463,0
8269,66,0,9,0.738,0.589,0.658,0.0,0.27,0.045,0
8270,44,1,5,0.773,0.433,0.692,0.5,0.205,0.068,0
8271,77,0,7,0.934,0.565,0.615,1.0,0.19,0.433,0
8272,77,0,9,0.976,0.7,0.737,0.25,0.309,0.245,1
8273,42,0,5,1.011,0.534,0.524,0.0,-0.172,0.329,0
8274,47,0,8,1.033,0.506,0.477,1.0,-0.238,0.293,0
8275,34,0,7,0.876,0.531,0.601,0.0,0.121,0.036,0
8276,68,0,6,1.042,0.598,0.799,0.5,0.161,0.481,0
8277,48,0,12,0.903,0.6,0.645,0.0,0.04,-0.001,0
8278,43,1,12,0.832,0.51,0.829,0.0,0.09,0.1,0
8279,43,1,5,0.752,0.488,0.808,0.0,0.386,0.14,0
8280,30,0,9,1.007,0.491,0.549,0.0,-0.174,0.129,0
8281,65,0,3,0.949,0.637,0.7,0.75,0.252,0.217,0
8282,44,1,10,0.932,0.534,1.043,0.5,0.451,0.2,0
8283,82,0,10,0.7,0.516,0.869,0.25,0.169,0.024,0
8284,40,1,5,0.996,0.547,0.615,0.5,0.203,0.547,0
8285,68,1,10,0.702,0.614,0.734,0.0,0.2,-0.088,1
8286,59,0,7,0.917,0.569,0.381,0.0,0.002,0.06,0
8287,72,0,10,0.871,0.462,0.713,0.0,0.13,0.088,0
8288,49,1,3,0.62,0.333,0.534,0.75,-0.091,-0.277,0
8289,61,0,10,0.813,0.533,0.859,0.5,0.23,-0.123,0
8290,75,0,3,0.772,0.662,0.794,1.0,-0.164,0.257,0
8291,55,1,9,0.931,0.534,0.827,0.0,0.35,0.29,0
8292,61,1,7,0.892,0.515,0.629,0.5,0.397,0.106,0
8293,42,0,8,1.08,0.536,0.839,0.0,0.526,0.278,0
8294,61,1,5,0.803,0.562,0.677,0.0,0.2,0.129,0
8295,68,1,3,0.596,0.646,0.598,0.75,0.151,-0.104,0
8296,57,1,9,1.084,0.552,0.7,0.0,0.001,0.121,0
8297,33,1,11,0.951,0.7,0.843,0.0,0.258,0.006,0
8298,41,0,10,1.095,0.542,0.719,0.0,0.282,0.17,0
8299,52,0,8,0.956,0.586,0.553,0.0,0.197,0.231,0
8300,78,0,4,0.814,0.591,0.718,0.0,0.609,-0.082,1
8301,31,1,8,0.724,0.493,0.55,0.25,0.222,-0.204,0
8302,61,0,5,0.821,0.605,0.561,0.25,0.02,0.227,0
8303,53,1,8,0.939,0.7,0.837,0.0,0.286,0.389,1
8304,56,1,7,0.979,0.627,0.81,1.0,0.169,0.395,0
8305,42,0,12,1.098,0.604,1.042,0.0,0.541,0.162,0
8306,37,0,10,0.888,0.677,1.007,1.0,0.585,0.152,0
8307,53,0,4,0.902,0.597,0.639,0.75,0.241,0.318,0
8308,59,1,9,0.756,0.633,0.7,0.75,0.183,-0.196,1
8309,47,1,11,0.88,0.488,0.975,0.0,0.165,0.033,0
8310,46,0,5,0.675,0.546,0.516,0.0,-0.224,-0.184,0
8311,69,0,3,0.859,0.531,0.437,0.0,-0.086,0.325,0
8312,78,1,3,0.961,0.606,0.506,0.25,0.32,0.245,0
8313,82,0,11,0.947,0.364,1.05,0.0,0.779,0.321,0
8314,57,0,4,0.822,0.544,0.815,0.5,0.578,0.07,1
8315,40,0,5,0.919,0.68,0.706,0.0,0.081,0.208,0
8316,82,1,7,0.919,0.605,0.679,0.0,0.243,0.239,1
8317,56,0,9,0.804,0.697,0.521,0.0,0.046,-0.071,0
8318,82,1,10,0.7,0.539,0.773,0.0,0.073,0.105,0
8319,46,1,5,0.799,0.567,0.446,0.5,0.16,-0.094,0
8320,76,0,9,0.681,0.53,0.803,0.0,0.6,-0.006,0
8321,57,1,9,0.903,0.583,1.023,0.25,0.673,0.203,0
8322,72,0,10,0.986,0.581,0.811,0.5,0.525,0.39,1
8323,57,1,4,0.715,0.652,0.925,0.0,0.758,0.058,1
8324,84,0,10,1.124,0.577,1.046,0.0,0.383,0.661,0
8325,44,0,5,0.607,0.642,0.64,0.75,0.146,-0.178,0
8326,49,0,5,0.89,0.688,0.647,0.5,0.104,0.105,0
8327,55,0,3,0.77,0.676,0.542,0.75,0.439,0.103,0
8328,44,1,8,0.648,0.514,0.646,0.25,0.202,-0.136,0
8329,38,1,6,0.875,0.515,0.352,0.0,-0.013,0.039,0
8330,47,0,4,0.842,0.569,0.729,0.0,0.187,0.071,0
8331,50,1,5,0.872,0.416,0.422,0.5,-0.433,0.112,0
8332,77,1,7,1.07,0.476,0.468,0.0,-0.133,0.245,0
8333,43,0,5,1.012,0.618,0.831,0.25,0.474,0.21,0
8334,52,0,3,0.76,0.639,0.533,0.0,0.295,-0.018,0
8335,59,0,3,0.901,0.608,0.663,0.0,-0.018,0.053,0
8336,56,1,9,0.993,0.472,0.906,1.0,0.426,0.336,1
8337,39,1,10,0.757,0.587,0.698,0.25,0.167,0.046,1
8338,53,0,6,0.827,0.615,0.792,1.0,0.208,0.307,0
8339,58,1,9,0.824,0.58,0.704,0.5,0.177,0.039,1
8340,42,1,9,0.87,0.643,0.547,0.0,0.133,0.192,0
8341,43,1,4,0.682,0.669,0.318,0.0,-0.247,-0.219,0
8342,58,1,10,1.026,0.663,0.828,0.0,0.28,0.616,0
8343,32,1,11,1.123,0.591,0.798,0.0,0.178,0.279,0
8344,56,0,8,0.781,0.566,0.784,1.0,0.136,-0.221,1
8345,56,0,3,0.886,0.588,0.332,0.0,-0.038,0.166,0
8346,73,0,6,0.749,0.397,0.74,0.0,0.333,-0.127,0
8347,41,1,8,0.722,0.628,0.526,0.25,0.155,0.022,0
8348,48,1,4,0.945,0.59,0.639,0.25,-0.102,0.224,0
8349,37,0,8,0.954,0.553,0.813,0.0,0.397,0.275,0
8350,44,1,4,0.829,0.656,0.775,0.0,0.338,0.144,0
8351,50,0,11,0.998,0.571,1.013,0.25,0.454,0.222,0
8352,40,0,8,0.881,0.507,1.2,0.25,0.613,0.012,1
8353,31,0,11,0.872,0.621,0.947,0.5,0.297,0.35,0
8354,73,0,4,0.684,0.542,0.154,1.0,-0.297,-0.016,0
8355,41,1,5,0.905,0.663,0.695,1.0,0.359,0.069,1
8356,40,0,3,0.694,0.589,0.52,0.75,0.12,0.006,0
8357,65,1,7,0.818,0.677,0.579,0.0,0.465,0.003,0
8358,47,0,6,0.927,0.635,0.674,1.0,0.366,0.192,0
8359,67,1,3,0.721,0.715,0.441,0.75,0.047,0.063,0
8360,48,0,11,0.839,0.558,0.852,1.0,0.651,0.104,0
8361,61,0,8,0.936,0.573,0.818,0.0,0.006,0.144,1
8362,66,0,8,0.917,0.539,0.901,0.0,0.505,0.338,0
8363,40,0,9,0.99,0.49,0.577,0.0,0.055,0.056,0
8364,68,1,9,0.83,0.485,0.89,0.0,0.424,0.243,0
8365,50,0,8,0.816,0.492,0.761,0.5,0.21,-0.039,0
8366,73,1,9,1.026,0.528,0.951,0.5,0.323,0.389,0
8367,62,1,11,0.862,0.53,0.751,0.0,0.15,0.168,0
8368,71,0,6,0.712,0.535,0.888,0.0,0.337,-0.076,0
8369,42,0,4,0.695,0.534,0.468,0.0,0.21,0.023,0
8370,78,0,11,0.86,0.441,0.875,0.0,0.502,-0.021,1
8371,30,1,12,1.129,0.597,1.018,0.0,0.528,0.5,0
8372,52,0,7,0.917,0.604,0.606,0.0,0.024,0.243,0
8373,56,0,4,0.891,0.696,0.47,0.0,-0.051,0.162,0
8374,80,0,5,0.976,0.589,0.77,0.5,0.097,0.335,1
8375,46,1,6,0.965,0.7,0.649,0.5,-0.15,0.101,0
8376,52,1,12,1.158,0.549,0.922,0.0,0.484,0.393,0
8377,46,1,12,0.902,0.457,0.796,1.0,0.457,0.044,0
8378,62,1,7,0.875,0.515,0.704,0.0,0.504,0.21,0
8379,80,0,11,1.111,0.572,1.059,0.25,1.014,0.334,0
8380,42,0,7,0.7,0.557,0.806,0.5,0.313,-0.046,0
8381,50,0,9,0.59,0.586,1.069,0.0,0.596,-0.254,0
8382,45,0,9,0.8,0.582,0.526,0.5,0.019,0.083,0
8383,73,0,6,0.745,0.737,0.899,0.0,0.349,-0.056,0
8384,50,1,10,0.845,0.632,0.997,0.0,0.615,0.145,1
8385,82,1,8,1.006,0.562,0.685,0.0,0.012,0.43,1
8386,55,0,5,0.954,0.6,0.676,0.75,0.053,0.174,1
8387,78,0,8,1.175,0.712,0.896,1.0,0.376,0.671,1
8388,40,0,4,0.676,0.63,0.191,0.5,-0.405,-0.281,0
8389,69,0,9,0.7,0.578,0.915,0.0,0.587,-0.11,0
8390,69,0,12,0.66,0.561,0.987,0.0,0.721,-0.242,0
8391,84,0,6,0.943,0.593,0.464,1.0,0.113,0.256,0
8392,55,0,10,0.662,0.476,0.656,0.0,0.1,-0.077,0
8393,49,0,12,1.068,0.58,1.179,1.0,0.749,0.368,0
8394,37,0,7,0.805,0.644,0.759,0.25,0.041,0.019,0
8395,47,0,4,0.885,0.599,0.7,0.0,0.516,0.162,0
8396,80,0,4,0.875,0.663,0.668,0.0,0.073,0.145,0
8397,30,0,9,0.877,0.621,0.604,0.0,0.386,0.073,0
8398,31,1,11,0.924,0.602,0.45,1.0,0.116,0.205,0
8399,65,0,6,0.886,0.515,0.731,0.0,0.593,0.181,1
8400,42,0,6,0.7,0.699,1.104,1.0,0.401,-0.164,0
8401,68,1,8,0.789,0.698,0.813,0.5,-0.074,0.005,0
8402,49,1,6,0.809,0.63,0.564,0.75,-0.136,0.1,0
8403,77,1,9,0.614,0.59,0.697,0.0,0.344,0.001,0
8404,40,1,3,0.91,0.376,0.82,0.0,0.285,0.214,0
8405,61,0,7,0.813,0.655,0.815,0.0,0.607,0.228,1
8406,30,0,11,1.078,0.546,0.953,0.0,0.456,0.159,0
8407,40,0,12,0.936,0.622,0.935,1.0,0.384,0.249,0
8408,35,0,12,0.975,0.7,0.819,0.0,0.265,0.205,0
8409,69,1,4,0.803,0.526,0.612,0.0,0.099,0.22,0
8410,62,0,9,1.056,0.587,0.638,0.0,0.261,0.134,0
8411,36,0,10,0.882,0.6,0.888,0.75,0.342,0.089,0
8412,75,1,4,1.066,0.57,0.575,0.25,0.281,0.255,0
8413,67,1,7,0.69,0.569,0.559,1.0,0.173,-0.08,0
8414,78,0,7,1.172,0.516,0.762,0.5,0.3,0.471,0
8415,84,1,5,0.911,0.712,0.516,0.75,-0.168,0.399,0
8416,46,0,4,0.95,0.608,0.743,0.25,0.043,0.17,0
8417,71,0,7,1.003,0.656,0.605,0.75,0.396,0.307,0
8418,50,1,8,0.829,0.597,0.559,0.0,0.083,0.016,0
8419,73,1,8,1.178,0.665,0.811,0.75,0.201,0.584,0
8420,35,1,6,0.937,0.588,0.633,0.0,0.395,0.132,0
8421,37,1,9,0.792,0.519,0.84,0.75,0.306,0.038,0
8422,77,0,5,0.913,0.622,0.521,0.5,-0.025,0.225,0
8423,40,0,9,0.974,0.594,0.913,0.25,0.571,0.292,0
8424,64,0,3,0.852,0.688,0.419,0.0,-0.485,0.157,0
8425,83,1,12,0.927,0.505,0.808,0.0,-0.002,0.055,0
8426,33,1,3,0.766,0.731,0.535,0.25,0.251,0.047,0
8427,47,1,7,1.012,0.542,0.491,0.0,-0.204,0.14,0
8428,56,1,10,1.153,0.579,0.994,0.75,0.476,0.651,0
8429,63,0,11,0.929,0.544,0.964,1.0,0.257,0.102,0
8430,53,1,3,0.723,0.496,0.518,0.0,0.097,-0.079,0
8431,56,1,9,0.756,0.556,1.007,1.0,0.576,-0.022,0
8432,35,0,11,0.828,0.569,0.756,0.5,0.407,0.163,1
8433,49,0,11,0.795,0.587,0.765,0.0,-0.014,0.13,0
8434,67,1,3,0.87,0.665,0.509,0.5,-0.072,-0.131,0
8435,32,0,7,1.052,0.557,0.655,0.75,0.188,0.269,1
8436,65,1,11,0.862,0.596,0.766,0.0,0.084,-0.154,0
8437,81,1,5,0.628,0.651,0.621,0.0,0.046,-0.254,0
8438,65,0,4,0.952,0.492,0.7,0.0,0.106,0.023,0
8439,52,0,11,1.064,0.625,0.771,0.0,0.25,0.281,0
8440,52,1,6,0.719,0.511,0.314,0.0,-0.337,0.109,0
8441,51,1,6,0.744,0.618,0.954,1.0,0.698,-0.039,0
8442,52,1,3,0.727,0.562,0.34,0.0,0.006,-0.287,0
8443,47,1,3,0.65,0.582,0.802,0.75,0.57,-0.202,0
8444,48,1,10,0.829,0.522,0.691,0.5,0.278,-0.006,0
8445,34,0,8,0.873,0.538,0.804,0.75,0.139,0.089,0
8446,43,1,4,0.924,0.598,0.298,0.0,-0.333,0.235,0
8447,57,0,3,1.002,0.764,0.476,0.25,0.157,0.274,0
8448,70,1,6,0.859,0.523,0.646,0.5,0.087,0.076,0
8449,79,0,12,0.938,0.7,0.915,0.0,0.855,0.213,0
8450,66,1,9,0.795,0.551,0.86,1.0,0.116,0.092,0
8451,40,1,8,0.99,0.611,0.883,0.0,0.119,0.349,0
8452,36,1,9,0.991,0.522,1.002,0.0,0.238,0.147,0
8453,69,1,3,0.853,0.688,0.52,0.5,-0.009,0.153,0
8454,70,1,6,0.68,0.664,0.738,0.0,0.279,-0.024,1
8455,30,0,7,0.7,0.553,0.612,0.5,0.102,0.147,0
8456,63,0,6,0.757,0.63,0.343,0.0,-0.094,0.057,0
8457,78,1,9,1.0,0.566,1.16,0.0,0.629,0.451,1
8458,82,0,4,0.712,0.615,0.615,0.0,0.146,-0.024,0
8459,62,0,12,0.847,0.442,0.904,0.5,0.176,0.011,0
8460,54,0,8,0.827,0.706,0.854,0.0,0.43,0.214,1
8461,80,0,5,0.833,0.674,0.497,0.0,0.265,0.007,0
8462,40,0,3,0.792,0.66,0.611,0.0,0.35,0.105,0
8463,75,0,9,0.817,0.722,0.633,1.0,0.045,0.037,0
8464,75,0,9,1.106,0.566,0.777,0.5,0.311,0.406,1
8465,78,0,11,1.025,0.525,0.783,0.75,0.247,0.391,1
8466,72,1,7,0.875,0.493,0.552,0.75,0.163,0.121,0
8467,34,1,4,0.658,0.732,0.693,0.25,0.024,-0.066,0
8468,81,0,6,0.874,0.692,0.481,0.0,0.151,0.118,0
8469,75,0,10,0.885,0.55,0.669,0.25,0.13,-0.023,0
8470,57,0,5,0.759,0.629,0.487,0.0,0.264,-0.003,0
8471,67,1,7,0.818,0.554,0.767,0.0,0.368,0.07,0
8472,49,1,7,0.927,0.499,0.616,0.0,0.169,0.027,0
8473,76,1,9,0.995,0.614,0.802,0.0,0.536,0.341,1
8474,37,1,7,1.004,0.477,0.578,0.75,0.281,0.07,0
8475,75,1,8,0.785,0.55,0.531,0.0,0.166,0.14,0
8476,58,1,5,0.86,0.65,0.444,0.75,-0.061,0.252,0
8477,72,1,11,0.843,0.519,0.612,0.75,0.159,-0.043,0
8478,62,1,3,0.913,0.526,0.168,0.0,-0.056,0.278,0
8479,66,0,4,0.984,0.529,0.698,0.0,0.098,0.316,0
8480,55,1,12,1.04,0.594,1.081,1.0,0.476,0.127,1
8481,33,1,12,0.986,0.505,0.83,0.25,0.327,0.28,0
8482,58,1,9,0.913,0.573,0.648,0.0,0.349,0.155,0
8483,64,0,4,0.783,0.639,0.751,0.25,0.218,-0.021,0
8484,63,0,12,0.798,0.59,0.628,0.5,0.057,0.098,0
8485,43,0,9,1.026,0.631,0.769,1.0,0.182,0.396,1
8486,83,1,11,0.864,0.714,0.931,0.0,0.638,0.084,0
8487,35,0,10,0.7,0.507,0.986,0.5,-0.053,-0.143,0
8488,77,1,5,0.727,0.57,0.19,1.0,-0.427,0.041,0
8489,57,0,7,0.964,0.62,0.598,0.0,0.028,0.306,0
8490,67,0,3,0.934,0.7,0.592,0.25,0.036,-0.08,0
8491,61,1,9,0.728,0.7,0.891,0.75,0.168,0.042,0
8492,34,1,3,0.772,0.684,0.671,0.0,0.471,0.071,0
8493,74,1,4,0.909,0.537,0.531,0.75,-0.216,0.143,0
8494,47,0,8,0.814,0.669,0.523,0.0,0.204,0.283,0
8495,67,1,4,1.004,0.632,0.686,0.5,0.088,0.124,1
8496,71,0,9,0.962,0.48,0.597,0.0,-0.066,0.072,0
8497,42,1,12,0.751,0.543,0.837,1.0,0.476,-0.099,0
8498,78,1,4,0.72,0.594,0.891,0.25,0.346,-0.042,0
8499,37,0,4,0.737,0.629,0.544,0.25,0.106,-0.017,0
8500,35,1,10,0.791,0.511,0.56,0.75,-0.069,0.26,0
8501,67,1,3,0.818,0.556,0.469,0.5,0.16,-0.17,0
8502,74,0,8,0.686,0.599,0.732,0.25,0.433,0.002,0
8503,51,1,3,0.66,0.653,0.46,1.0,0.345,-0.042,0
8504,44,0,5,0.851,0.658,0.533,0.0,0.086,0.051,0
8505,62,0,11,0.999,0.613,0.918,0.0,0.34,0.131,1
8506,32,1,5,0.763,0.677,0.388,0.5,0.069,-0.124,0
8507,54,1,11,1.071,0.7,1.052,0.0,0.449,0.354,1
8508,69,1,8,0.779,0.534,0.879,1.0,0.323,0.079,1
8509,52,1,6,0.869,0.605,0.72,1.0,-0.066,0.077,0
8510,45,1,9,1.107,0.542,0.97,0.0,0.235,0.138,1
8511,83,1,4,0.815,0.641,1.065,1.0,0.731,0.161,0
8512,68,0,6,0.851,0.556,0.892,0.0,0.637,0.133,0
8513,57,1,11,0.937,0.562,1.03,0.5,0.806,0.269,0
8514,62,1,5,1.092,0.673,0.407,0.0,-0.469,0.371,0
8515,57,1,4,0.987,0.527,0.422,0.25,0.001,0.301,0
8516,64,0,8,0.853,0.633,1.02,0.0,0.392,0.095,0
8517,32,0,11,0.999,0.596,0.687,0.0,0.319,0.188,0
8518,37,1,4,0.546,0.625,0.574,0.5,0.044,-0.254,0
8519,51,1,9,0.822,0.546,0.456,0.25,0.113,0.191,0
8520,72,0,4,0.916,0.659,0.94,0.25,0.277,0.198,0
8521,79,1,4,0.956,0.568,0.581,0.0,0.084,0.112,0
8522,53,0,10,0.7,0.615,0.986,0.5,0.361,-0.069,0
8523,36,0,8,1.009,0.502,0.617,0.0,-0.026,0.216,0
8524,77,1,9,0.881,0.616,0.838,0.0,0.179,0.135,0
8525,65,0,4,0.657,0.671,0.29,1.0,-0.146,0.041,0
8526,81,1,8,0.783,0.584,0.613,0.0,0.197,0.206,1
8527,34,1,5,0.724,0.44,0.91,0.75,0.544,-0.17,0
8528,67,0,11,0.7,0.496,0.874,0.0,0.388,0.072,0
8529,63,0,11,0.939,0.7,0.592,0.25,0.1,0.255,0
8530,42,1,4,0.732,0.712,0.579,0.25,-0.121,-0.002,0
8531,42,1,7,0.701,0.702,0.775,0.25,0.341,-0.165,0
8532,40,1,4,0.815,0.617,0.685,0.25,0.334,0.004,0
8533,82,1,6,0.914,0.691,0.59,0.0,0.124,0.215,0
8534,60,1,7,1.028,0.623,0.939,0.0,0.255,0.373,0
8535,40,0,7,0.78,0.645,0.741,0.5,0.144,0.039,0
8536,43,1,10,0.861,0.473,0.6,0.25,0.354,-0.025,0
8537,43,0,5,0.677,0.649,0.556,0.0,0.104,-0.144,0
8538,41,1,6,0.781,0.596,0.427,0.25,-0.111,-0.064,0
8539,40,1,3,0.7,0.557,0.642,0.0,0.116,-0.098,0
8540,68,0,12,1.147,0.521,0.832,0.5,0.309,0.412,0
8541,82,1,7,0.835,0.647,0.857,0.0,0.474,0.257,1
8542,50,0,10,1.013,0.546,1.018,1.0,0.756,0.312,0
8543,31,1,7,0.872,0.495,0.889,0.0,0.292,-0.122,0
8544,63,1,3,0.952,0.595,0.556,0.5,-0.008,0.213,0
8545,55,1,6,0.815,0.51,0.761,0.75,0.572,0.078,1
8546,68,1,3,0.865,0.535,0.579,0.0,0.168,0.027,1
8547,53,0,7,0.849,0.659,0.833,0.0,0.577,0.353,0
8548,71,1,7,0.826,0.528,0.807,0.0,0.55,0.141,0
8549,65,0,6,1.073,0.695,0.668,0.25,0.026,0.329,0
8550,52,0,10,1.054,0.392,0.861,0.0,0.579,0.413,0
8551,41,0,8,0.829,0.481,0.626,0.0,0.089,0.015,0
8552,51,1,9,0.835,0.62,0.767,1.0,0.255,0.181,0
8553,78,1,3,0.89,0.468,0.335,0.25,-0.035,0.141,0
8554,50,1,12,0.918,0.491,0.764,0.0,0.512,0.143,0
8555,47,0,10,0.914,0.478,0.822,0.0,0.33,0.093,1
8556,40,0,6,0.592,0.507,0.751,1.0,0.268,-0.024,0
8557,68,1,9,0.854,0.525,0.947,0.5,0.247,0.054,0
8558,45,0,9,0.865,0.613,0.585,0.0,-0.216,-0.125,0
8559,61,0,4,0.626,0.56,0.571,0.0,-0.047,0.031,0
8560,71,0,8,0.8,0.612,0.496,0.0,-0.09,0.097,0
8561,46,1,10,0.864,0.594,0.922,0.0,0.528,0.172,0
8562,56,0,7,0.915,0.7,0.75,1.0,0.539,0.288,0
8563,30,1,5,0.686,0.63,0.798,1.0,0.371,0.048,1
8564,81,0,11,0.7,0.557,0.94,0.0,0.434,0.162,0
8565,38,1,10,0.966,0.531,1.164,0.25,0.356,0.237,0
8566,67,1,3,0.828,0.649,0.662,0.0,0.378,-0.004,1
8567,80,1,10,0.768,0.466,0.752,1.0,0.046,0.068,1
8568,57,0,7,0.821,0.637,0.602,0.25,0.236,0.049,0
8569,72,1,3,0.802,0.652,0.643,0.0,0.01,0.219,0
8570,58,0,6,1.102,0.655,0.792,0.75,0.233,0.122,0
8571,48,0,12,0.935,0.616,1.255,0.75,0.634,0.212,0
8572,52,1,10,0.82,0.54,0.86,0.0,0.526,-0.061,0
8573,61,0,4,0.816,0.489,0.738,0.5,0.308,0.179,0
8574,75,1,10,1.003,0.514,0.761,0.75,0.061,0.509,0
8575,44,0,11,0.919,0.559,0.871,0.75,0.236,0.147,0
8576,35,1,7,0.883,0.511,0.742,0.25,0.361,-0.1,0
8577,36,0,8,1.01,0.377,0.837,1.0,0.278,0.259,1
8578,65,0,7,0.774,0.423,0.655,1.0,0.256,-0.116,0
8579,53,1,7,0.707,0.58,0.391,0.0,-0.011,0.206,0
8580,65,1,7,0.92,0.637,0.618,0.0,0.223,-0.023,0
8581,38,0,8,1.122,0.575,0.641,0.75,0.282,0.262,0
8582,69,1,5,0.909,0.555,0.415,0.75,-0.062,0.06,0
8583,42,0,12,0.965,0.655,1.255,0.0,0.785,0.41,0
8584,59,0,6,0.848,0.577,0.59,0.0,0.019,0.496,0
8585,73,1,10,0.774,0.659,0.854,0.0,0.445,-0.047,0
8586,46,0,12,0.919,0.581,1.016,0.0,0.772,0.159,0
8587,81,1,8,0.778,0.53,0.522,1.0,-0.147,0.194,0
8588,34,1,10,0.956,0.508,0.955,1.0,0.431,-0.054,0
8589,79,0,9,0.833,0.607,0.696,0.25,0.143,0.107,0
8590,34,0,7,0.873,0.601,0.986,0.5,0.612,0.1,0
8591,69,0,8,1.055,0.633,0.679,1.0,0.319,0.236,0
8592,35,1,9,0.574,0.624,0.738,1.0,0.292,-0.175,0
8593,50,1,4,0.692,0.464,0.74,0.0,0.381,0.056,1
8594,82,0,3,0.749,0.51,0.467,0.0,-0.434,-0.172,0
8595,77,1,4,0.874,0.74,0.653,0.0,0.031,0.323,0
8596,51,1,4,0.666,0.699,0.65,0.25,0.135,-0.161,0
8597,55,1,11,1.092,0.457,0.484,0.0,-0.004,0.365,0
8598,82,1,12,1.063,0.516,0.983,0.75,0.396,0.495,0
8599,69,0,5,0.904,0.664,0.348,0.0,0.097,0.345,0
8600,70,1,9,1.03,0.654,0.966,0.0,0.272,0.191,1
8601,70,1,12,0.92,0.623,0.864,0.25,0.333,0.111,0
8602,65,0,7,0.818,0.503,0.666,0.0,0.254,-0.007,0
8603,81,0,10,1.03,0.481,0.914,0.5,0.337,0.351,1
8604,81,1,7,1.13,0.532,0.753,0.0,0.357,0.211,1
8605,48,1,4,0.923,0.613,0.22,0.0,0.015,0.017,0
8606,67,0,3,0.838,0.578,0.344,0.25,-0.242,-0.074,0
8607,68,1,7,0.856,0.69,0.695,0.0,0.432,0.091,0
8608,56,1,11,0.993,0.505,0.937,0.0,0.522,0.296,0
8609,54,0,7,0.977,0.572,0.622,0.0,0.085,0.279,0
8610,72,1,8,0.908,0.612,0.97,0.25,0.463,0.156,0
8611,68,0,11,0.847,0.515,0.722,1.0,0.086,-0.025,1
8612,84,0,9,0.757,0.7,0.636,0.0,0.523,0.118,0
8613,57,0,6,0.925,0.64,0.657,0.75,0.23,0.267,0
8614,79,1,4,0.7,0.555,0.455,0.0,-0.256,0.004,0
8615,83,0,5,0.881,0.61,0.416,0.75,0.007,-0.171,0
8616,81,1,11,0.7,0.455,1.199,0.0,0.83,-0.103,0
8617,64,1,3,0.586,0.629,0.399,0.0,-0.331,-0.102,0
8618,32,1,8,0.934,0.521,0.938,0.5,0.256,0.144,1
8619,39,1,4,0.591,0.677,0.509,0.0,-0.188,-0.301,0
8620,53,0,4,0.831,0.802,0.684,0.5,0.189,0.059,0
8621,33,1,9,1.075,0.553,0.93,0.0,0.462,0.378,0
8622,32,1,10,0.9,0.622,1.088,0.25,0.755,-0.031,0
8623,42,0,5,0.783,0.576,0.79,0.25,0.07,0.067,0
8624,47,1,5,0.657,0.594,0.329,0.5,0.11,-0.061,0
8625,30,1,4,0.78,0.624,0.571,0.0,-0.129,0.139,0
8626,51,0,9,0.911,0.635,0.933,0.5,0.557,-0.095,0
8627,67,1,12,1.014,0.38,0.666,0.0,0.215,0.426,1
8628,51,0,5,1.038,0.597,0.532,1.0,-0.084,0.294,0
8629,66,1,7,1.143,0.638,0.434,1.0,-0.299,0.458,0
8630,31,1,10,0.972,0.621,0.94,0.0,0.464,0.018,0
8631,41,0,5,0.652,0.478,0.529,0.25,0.124,-0.14,0
8632,35,1,7,0.875,0.573,0.738,0.0,0.098,0.238,0
8633,69,0,8,1.025,0.48,0.91,0.75,0.535,0.234,0
8634,74,0,10,1.12,0.586,0.957,0.0,0.411,0.452,0
8635,39,1,6,1.034,0.694,0.349,0.0,0.057,0.358,0
8636,50,0,8,0.96,0.445,0.782,0.0,0.293,0.273,0
8637,63,1,11,1.033,0.596,1.104,0.0,0.601,0.146,1
8638,72,1,10,0.908,0.624,1.252,0.25,0.904,0.183,0
8639,33,0,11,1.069,0.551,0.998,0.25,0.332,0.213,0
8640,32,1,8,0.863,0.669,0.875,0.75,0.565,0.302,0
8641,47,1,12,0.842,0.476,0.667,0.0,0.123,0.136,1
8642,41,1,8,0.883,0.65,0.587,0.0,-0.032,0.185,0
8643,50,0,9,1.025,0.761,0.667,1.0,0.26,0.284,0
8644,84,1,11,0.944,0.701,0.7,1.0,0.132,0.13,0
8645,55,1,6,0.598,0.659,0.726,0.25,0.112,-0.053,0
8646,80,1,6,0.822,0.714,0.642,1.0,0.303,-0.103,0
8647,41,0,10,1.242,0.561,1.124,0.0,0.776,0.402,0
8648,31,0,4,0.797,0.7,0.634,0.5,0.326,-0.066,0
8649,46,0,5,0.96,0.546,0.52,0.0,-0.014,0.233,0
8650,31,1,6,0.749,0.622,0.77,1.0,0.335,0.193,0
8651,55,0,4,0.453,0.506,0.423,0.0,-0.113,-0.412,0
8652,59,0,4,0.7,0.801,0.58,1.0,0.267,0.019,0
8653,43,1,8,1.063,0.595,0.587,0.0,0.098,0.342,0
8654,77,0,11,0.936,0.473,0.838,0.0,0.289,0.181,0
8655,66,0,5,0.747,0.565,0.676,0.0,0.049,-0.116,0
8656,53,1,4,0.484,0.759,0.721,0.25,0.241,-0.04,0
8657,66,1,3,0.648,0.597,0.641,0.0,0.239,-0.1,0
8658,50,0,10,0.761,0.559,0.607,1.0,0.41,-0.08,0
8659,30,1,8,1.01,0.622,0.838,0.25,-0.014,0.423,1
8660,31,0,9,0.924,0.409,0.562,0.5,-0.028,0.146,0
8661,84,1,7,0.766,0.524,0.702,0.5,0.288,0.171,0
8662,67,1,12,0.7,0.659,0.861,0.0,0.537,0.078,0
8663,58,1,9,0.7,0.563,1.042,1.0,0.574,-0.089,1
8664,47,1,5,0.813,0.755,0.529,0.25,0.036,-0.092,0
8665,74,1,4,0.822,0.6,0.716,0.5,0.09,0.175,1
8666,80,0,10,0.815,0.557,1.049,0.75,0.646,0.114,0
8667,35,1,12,0.969,0.553,0.992,0.5,0.285,0.339,0
8668,63,0,3,0.858,0.651,0.348,0.5,-0.412,0.269,0
8669,75,1,10,1.009,0.429,0.73,0.0,-0.087,0.197,0
8670,67,1,7,0.787,0.546,0.781,0.75,0.899,0.167,1
8671,40,0,11,0.878,0.493,0.846,0.0,0.628,-0.02,0
8672,39,0,10,1.024,0.465,0.984,0.25,0.46,0.03,0
8673,58,1,8,0.914,0.444,0.713,0.25,0.013,0.195,0
8674,81,1,5,0.872,0.537,0.789,0.75,0.325,0.11,0
8675,80,0,9,0.782,0.398,0.968,0.0,0.82,-0.034,0
8676,62,0,10,0.945,0.639,0.695,1.0,0.147,0.266,1
8677,83,1,12,0.949,0.668,0.633,0.5,0.228,0.217,0
8678,32,1,3,0.879,0.613,0.454,0.75,-0.255,0.03,0
8679,75,1,7,0.876,0.55,0.662,0.75,0.531,0.176,0
8680,62,0,3,0.694,0.666,0.273,0.25,-0.391,0.079,0
8681,84,1,7,0.888,0.554,0.583,0.25,-0.061,0.188,0
8682,51,1,4,0.734,0.524,0.529,0.0,-0.002,0.039,0
8683,69,0,9,1.204,0.478,0.605,0.75,0.273,0.391,0
8684,74,1,6,0.779,0.65,0.69,0.5,0.123,0.238,0
8685,83,0,8,1.141,0.597,0.7,1.0,0.146,0.446,0
8686,49,1,5,0.694,0.708,0.556,0.25,0.249,-0.026,0
8687,41,1,8,0.899,0.489,0.529,0.0,0.224,0.204,0
8688,77,0,9,0.783,0.679,0.647,0.0,0.134,0.175,0
8689,60,1,5,0.698,0.41,0.596,0.75,0.197,-0.053,0
8690,70,1,3,0.763,0.665,0.591,0.25,-0.109,-0.285,0
8691,63,0,12,1.057,0.383,0.704,1.0,0.379,0.265,0
8692,83,1,12,0.641,0.553,0.662,0.25,0.009,-0.026,1
8693,77,0,9,0.979,0.561,0.543,0.0,0.019,0.251,0
8694,33,1,11,1.021,0.588,0.987,0.75,0.489,0.431,0
8695,39,1,10,0.95,0.586,1.101,0.0,0.401,0.214,0
8696,74,0,12,0.98,0.538,0.562,0.0,-0.223,0.28,0
8697,49,1,5,0.927,0.522,0.933,0.0,0.172,0.136,0
8698,77,0,3,0.881,0.673,0.611,0.5,-0.11,0.149,0
8699,37,0,9,0.926,0.518,0.797,0.5,0.343,0.23,0
8700,40,1,6,0.933,0.531,0.692,0.75,0.178,0.024,1
8701,46,0,3,0.672,0.718,0.681,0.0,0.31,-0.112,0
8702,75,0,11,0.95,0.481,0.833,0.0,0.342,0.247,0
8703,67,1,5,0.774,0.618,0.363,0.25,-0.374,0.065,0
8704,39,1,11,0.845,0.554,0.728,0.0,0.21,0.137,0
8705,74,1,12,1.007,0.459,1.025,0.0,0.656,0.401,0
8706,73,0,4,0.763,0.723,0.596,0.5,-0.104,-0.022,0
8707,38,0,3,0.796,0.689,0.605,0.25,0.21,0.101,0
8708,63,0,8,0.966,0.654,0.913,0.5,0.651,0.06,0
8709,70,0,6,0.832,0.605,0.996,0.25,0.691,-0.07,0
8710,77,0,12,0.965,0.522,0.853,0.0,0.204,0.175,1
8711,71,0,6,0.841,0.595,0.604,0.0,0.174,0.137,0
8712,48,1,12,0.699,0.638,0.912,0.0,0.328,-0.098,1
8713,58,1,9,0.976,0.687,0.928,0.0,0.228,0.132,0
8714,66,0,5,0.852,0.699,0.605,0.25,0.11,-0.018,0
8715,53,0,5,0.765,0.601,0.813,0.0,0.27,-0.135,0
8716,64,0,12,1.109,0.515,0.853,1.0,0.543,0.512,0
8717,45,0,3,0.713,0.618,0.636,0.0,0.339,0.116,0
8718,31,0,5,0.915,0.554,0.7,1.0,0.0,0.314,0
8719,84,0,4,0.789,0.615,0.584,0.0,0.201,0.048,0
8720,40,1,7,0.7,0.551,0.641,0.0,0.414,-0.151,0
8721,37,0,4,0.694,0.566,0.754,0.0,0.335,-0.023,0
8722,83,0,8,0.97,0.714,0.582,1.0,-0.181,0.229,0
8723,45,1,12,1.148,0.556,1.251,0.5,1.162,0.487,0
8724,58,0,8,0.797,0.495,0.719,0.25,0.164,-0.254,0
8725,39,0,3,0.702,0.635,0.389,0.0,0.007,-0.102,0
8726,59,0,10,0.896,0.56,0.637,0.25,0.141,0.174,0
8727,70,0,12,1.053,0.528,0.828,0.0,0.287,0.18,1
8728,54,1,6,0.744,0.567,0.74,0.0,0.179,-0.162,0
8729,72,1,3,0.755,0.602,0.728,0.75,0.022,-0.244,0
8730,69,0,6,0.972,0.517,0.486,0.5,-0.214,0.201,0
8731,35,0,11,0.999,0.501,0.995,0.0,0.28,0.323,0
8732,67,0,12,1.037,0.446,0.87,0.25,0.696,0.291,0
8733,69,0,5,0.769,0.596,0.668,0.0,0.396,-0.051,1
8734,46,1,5,0.918,0.766,0.741,0.0,0.431,0.414,0
8735,44,0,9,0.708,0.739,0.911,0.0,0.177,-0.072,0
8736,67,1,11,0.923,0.543,0.818,0.0,0.105,0.175,1
8737,34,0,8,1.083,0.562,0.639,0.0,0.099,0.324,0
8738,54,0,10,0.826,0.559,0.721,1.0,0.19,0.159,1
8739,62,0,11,0.98,0.7,0.965,0.0,0.289,0.123,1
8740,62,1,4,0.703,0.588,0.576,0.0,0.307,-0.026,0
8741,63,0,12,0.776,0.423,0.885,0.75,0.341,0.095,0
8742,49,0,7,0.861,0.626,0.636,0.25,0.267,-0.094,0
8743,78,0,5,0.799,0.603,0.473,0.0,-0.137,-0.101,0
8744,75,0,7,0.953,0.65,0.545,0.5,0.24,0.129,1
8745,46,0,6,0.803,0.634,0.613,0.75,0.242,-0.163,0
8746,75,1,12,0.896,0.641,0.974,0.25,0.615,0.068,0
8747,32,1,7,0.755,0.647,0.243,0.0,0.136,-0.116,0
8748,71,0,7,0.7,0.563,0.754,0.5,0.358,-0.116,0
8749,69,0,5,0.775,0.489,1.043,0.0,0.343,-0.187,0
8750,72,0,7,0.715,0.697,0.729,0.0,0.223,-0.116,0
8751,83,1,5,0.881,0.573,0.676,0.0,0.27,0.142,0
8752,49,0,12,0.768,0.414,0.805,0.0,0.351,-0.146,0
8753,61,0,6,0.633,0.719,0.668,0.25,0.233,-0.079,0
8754,62,1,7,0.9,0.604,0.414,0.25,-0.329,0.31,0
8755,38,0,8,0.757,0.7,0.773,0.25,0.162,0.298,0
8756,31,1,11,0.863,0.574,0.559,0.5,0.159,0.246,0
8757,80,1,8,0.943,0.418,0.846,0.0,0.052,0.294,0
8758,59,0,11,1.031,0.649,0.809,0.0,0.228,0.189,1
8759,37,0,9,0.695,0.601,0.971,0.0,0.403,-0.063,0
8760,75,0,9,1.048,0.626,0.99,0.0,0.29,0.487,1
8761,63,0,11,1.037,0.495,0.948,0.0,0.422,0.337,0
8762,33,1,6,1.028,0.635,0.742,0.5,0.19,0.249,0
8763,83,1,7,0.975,0.556,0.773,0.75,0.073,0.501,0
8764,54,1,10,0.976,0.513,0.996,0.75,0.466,0.025,0
8765,31,0,5,0.767,0.473,0.911,0.0,0.369,0.003,0
8766,37,1,8,1.167,0.617,0.505,0.0,0.056,0.398,0
8767,34,0,5,0.767,0.722,0.412,0.25,0.068,-0.169,0
8768,68,0,10,0.66,0.511,0.978,0.0,0.617,-0.147,1
8769,70,1,8,0.883,0.604,0.792,1.0,0.211,0.134,1
8770,58,0,7,1.028,0.635,0.776,0.75,0.216,0.294,0
8771,74,0,4,0.703,0.605,0.82,0.75,0.308,-0.039,1
8772,68,1,6,0.944,0.591,0.599,0.75,-0.001,0.199,0
8773,59,1,3,0.694,0.449,0.567,1.0,0.095,0.003,0
8774,59,0,4,0.556,0.574,0.7,0.0,0.242,-0.223,1
8775,33,1,11,1.16,0.7,0.75,0.0,0.219,0.547,0
8776,30,1,8,0.89,0.571,0.726,0.0,0.051,0.151,0
8777,40,0,11,1.077,0.52,1.091,0.75,0.732,0.37,0
8778,32,1,3,0.651,0.633,0.261,0.5,-0.157,-0.134,0
8779,46,0,9,0.7,0.515,0.826,0.0,0.155,0.01,0
8780,58,1,8,0.915,0.605,0.604,0.0,0.322,0.401,0
8781,77,1,7,0.948,0.615,0.662,1.0,0.299,0.314,0
8782,31,1,4,0.781,0.648,0.16,0.0,-0.096,-0.101,0
8783,74,0,5,0.797,0.492,0.629,0.0,0.368,0.135,0
8784,82,1,8,1.107,0.532,0.835,0.0,0.487,0.216,1
8785,32,1,8,0.982,0.558,0.733,0.0,0.041,0.19,0
8786,74,1,4,0.741,0.673,0.616,0.0,0.001,0.101,0
8787,32,0,4,0.667,0.385,0.576,1.0,0.121,-0.054,0
8788,53,0,11,0.933,0.493,0.709,0.0,0.203,-0.026,0
8789,52,0,4,0.863,0.591,0.56,0.0,-0.081,-0.099,0
8790,32,0,3,0.826,0.631,0.831,0.0,0.343,0.131,0
8791,39,0,3,0.814,0.682,0.817,1.0,0.234,0.292,0
8792,43,1,10,0.729,0.611,0.86,0.0,0.81,0.085,1
8793,61,1,12,1.212,0.603,1.033,0.0,0.587,0.496,0
8794,59,0,3,0.593,0.709,0.533,0.5,0.271,-0.104,0
8795,81,1,5,0.799,0.437,0.372,0.25,-0.178,0.085,0
8796,71,0,5,0.679,0.567,0.571,0.75,-0.041,-0.128,0
8797,41,0,9,0.888,0.559,0.856,0.0,0.703,0.3,0
8798,73,1,8,1.003,0.728,0.345,0.0,-0.028,0.181,0
8799,38,1,12,0.813,0.433,1.112,0.0,0.729,0.113,0
8800,48,0,5,0.7,0.477,0.708,0.0,0.098,-0.123,0
8801,59,0,10,0.801,0.468,0.871,0.0,0.613,0.124,0
8802,31,0,5,0.721,0.714,0.73,0.75,0.377,-0.036,0
8803,74,1,10,0.982,0.516,1.042,0.5,0.716,0.37,1
8804,64,0,4,0.965,0.585,0.616,0.0,0.081,0.303,0
8805,65,1,5,0.964,0.461,0.611,0.0,0.346,0.044,0
8806,46,0,3,0.904,0.688,0.578,0.0,0.085,0.118,0
8807,83,1,4,0.855,0.599,0.733,0.5,-0.105,-0.089,1
8808,68,1,12,1.049,0.682,0.893,0.25,0.267,0.367,1
8809,72,0,9,0.91,0.7,0.839,1.0,0.496,0.049,1
8810,65,0,5,0.859,0.622,0.617,0.0,0.315,0.065,0
8811,32,1,12,1.056,0.554,1.078,0.25,0.545,0.314,0
8812,56,0,12,0.973,0.617,0.733,0.0,0.089,0.273,1
8813,34,0,7,1.088,0.631,0.663,0.0,0.442,0.45,0
8814,36,0,12,0.886,0.632,1.254,0.75,0.649,0.052,0
8815,65,1,5,0.905,0.578,0.616,1.0,0.029,0.18,0
8816,40,1,6,0.751,0.677,0.773,0.0,0.311,-0.003,0
8817,31,0,8,0.852,0.592,0.538,0.75,0.317,0.174,0
8818,75,1,5,0.958,0.534,0.598,0.0,0.101,0.321,0
8819,43,0,3,0.767,0.575,0.456,0.0,0.001,-0.078,0
8820,30,1,12,1.17,0.573,0.869,0.75,0.241,0.427,0
8821,41,0,7,0.687,0.548,0.843,0.5,0.301,-0.352,0
8822,66,1,9,0.801,0.584,0.679,0.0,0.538,-0.003,1
8823,72,0,6,0.766,0.6,0.539,0.0,0.073,-0.038,0
8824,78,0,8,0.802,0.664,0.606,0.75,0.044,-0.004,0
8825,38,0,12,1.148,0.568,1.141,0.0,0.232,0.21,0
8826,67,1,3,0.865,0.665,0.511,0.0,0.079,0.122,0
8827,57,0,11,0.932,0.374,0.887,0.5,0.216,0.137,0
8828,60,1,9,0.864,0.667,0.7,0.25,0.037,0.182,0
8829,70,1,4,0.67,0.7,0.512,0.75,-0.209,-0.415,0
8830,32,1,6,0.874,0.593,0.66,1.0,0.245,0.144,0
8831,54,0,12,0.822,0.571,0.943,0.25,0.468,0.076,0
8832,62,1,6,0.985,0.453,0.594,0.5,0.352,0.174,0
8833,42,1,5,0.827,0.577,0.88,0.0,0.614,-0.107,1
8834,54,1,12,0.998,0.423,0.809,0.0,0.408,0.298,0
8835,46,0,9,1.131,0.676,1.139,0.0,0.645,0.523,0
8836,32,0,4,0.599,0.601,0.759,0.5,0.42,0.169,0
8837,83,0,4,0.977,0.614,0.529,0.25,0.252,0.259,0
8838,65,1,3,0.976,0.607,0.748,0.25,0.122,0.161,0
8839,35,0,4,0.955,0.493,0.606,0.0,0.031,0.278,0
8840,41,1,6,0.777,0.604,0.648,0.25,0.129,0.128,0
8841,57,1,10,1.216,0.561,0.842,1.0,0.643,0.677,0
8842,37,0,12,0.967,0.456,1.026,0.75,0.703,0.176,0
8843,73,0,7,1.07,0.539,0.7,0.0,0.154,0.361,1
8844,57,0,4,0.835,0.495,0.663,0.5,0.276,0.156,0
8845,39,1,8,0.941,0.555,0.535,1.0,-0.147,0.236,0
8846,80,0,11,0.788,0.636,0.846,0.0,0.331,0.204,1
8847,82,0,10,0.91,0.494,0.923,0.25,0.327,0.345,0
8848,53,1,8,0.876,0.562,0.611,0.25,-0.089,0.141,0
8849,82,1,3,0.834,0.569,0.466,0.0,-0.231,0.026,0
8850,43,0,9,1.124,0.628,0.7,0.5,0.408,0.442,0
8851,39,0,5,1.192,0.515,1.026,0.0,0.762,0.313,0
8852,34,0,5,0.671,0.48,0.764,0.0,0.358,-0.024,0
8853,54,1,6,0.715,0.583,0.726,0.0,0.465,0.015,0
8854,51,0,11,1.067,0.461,0.484,0.0,-0.261,0.172,0
8855,35,1,4,0.682,0.587,0.4,0.5,0.19,-0.133,0
8856,35,1,5,0.739,0.635,0.99,0.75,0.404,0.106,0
8857,45,1,12,0.975,0.7,0.852,0.5,0.256,0.346,0
8858,37,0,9,0.873,0.553,0.933,0.75,0.497,-0.03,0
8859,73,0,12,1.198,0.564,1.201,0.0,0.662,0.182,1
8860,59,0,6,0.913,0.7,0.357,0.0,-0.225,0.316,0
8861,41,1,9,0.918,0.581,0.492,0.0,0.173,0.073,0
8862,83,1,9,0.962,0.556,0.975,0.0,0.275,0.376,0
8863,42,0,5,0.856,0.787,0.756,0.5,0.135,0.16,0
8864,51,0,10,1.065,0.619,0.964,0.0,0.372,0.195,0
8865,55,0,7,0.898,0.635,0.672,0.0,0.116,0.346,0
8866,48,0,5,0.704,0.538,0.697,0.0,-0.122,0.044,0
8867,62,0,6,0.885,0.657,0.902,0.0,0.555,0.286,0
8868,58,1,9,1.162,0.666,0.562,0.5,0.335,0.457,0
8869,69,0,7,0.886,0.633,0.948,0.25,0.369,0.205,1
8870,52,0,12,0.891,0.46,0.565,0.25,0.208,-0.123,0
8871,50,0,10,0.779,0.416,0.884,1.0,0.181,0.195,0
8872,34,1,9,0.806,0.552,1.103,0.0,0.636,0.011,0
8873,58,1,8,1.11,0.519,0.766,0.0,0.329,0.319,0
8874,45,0,5,0.806,0.47,0.843,0.0,0.475,-0.021,0
8875,75,1,6,0.7,0.62,0.96,0.0,0.492,-0.161,1
8876,49,1,5,0.921,0.666,0.562,0.0,0.158,0.357,0
8877,58,0,7,0.863,0.431,0.745,0.75,0.167,0.191,0
8878,49,0,3,0.776,0.659,0.618,0.0,-0.001,-0.106,0
8879,66,1,8,0.782,0.6,0.779,0.25,0.096,0.016,1
8880,69,1,5,0.824,0.691,1.109,0.25,0.663,0.052,1
8881,68,1,6,1.043,0.585,0.738,0.0,0.124,0.178,1
8882,67,0,12,1.031,0.537,1.095,0.5,0.546,0.304,0
8883,38,0,4,0.7,0.633,0.422,0.0,-0.103,0.034,0
8884,45,1,12,0.987,0.476,0.876,0.25,0.226,0.236,1
8885,81,1,3,0.947,0.626,0.611,0.0,0.187,0.123,0
8886,37,1,10,0.933,0.539,0.821,0.0,0.212,0.223,0
8887,35,1,6,0.895,0.504,0.574,0.0,0.187,0.252,0
8888,71,0,4,0.956,0.546,0.397,1.0,-0.004,0.225,0
8889,80,0,4,1.024,0.746,0.62,0.0,-0.018,0.317,0
8890,52,1,9,1.008,0.547,0.993,1.0,0.697,0.333,0
8891,54,0,3,0.594,0.568,0.616,0.0,0.21,-0.032,0
8892,50,0,10,1.046,0.693,0.861,0.5,0.503,0.274,0
8893,52,0,5,0.756,0.514,0.763,0.25,0.618,-0.2,0
8894,63,1,9,0.918,0.515,0.732,0.5,0.407,0.031,0
8895,46,0,8,0.644,0.66,0.854,0.25,0.829,-0.285,0
8896,61,0,8,0.629,0.369,0.957,0.25,0.674,-0.111,0
8897,56,0,11,0.993,0.452,0.882,0.0,0.314,0.21,0
8898,41,0,7,0.7,0.734,0.582,0.5,0.205,-0.16,0
8899,30,1,8,0.963,0.475,0.835,1.0,0.201,0.274,0
8900,72,0,8,1.072,0.49,0.605,0.0,-0.035,0.271,0
8901,65,0,12,1.122,0.384,0.487,0.0,0.058,0.477,0
8902,60,0,4,0.763,0.825,0.497,0.0,0.028,0.051,0
8903,49,0,3,0.557,0.7,0.618,0.25,0.127,-0.22,0
8904,43,0,9,0.782,0.667,0.821,0.0,0.218,-0.354,0
8905,72,1,7,0.827,0.566,0.7,0.5,0.043,0.037,0
8906,57,0,4,0.84,0.568,0.53,0.0,0.317,-0.199,0
8907,32,0,9,0.953,0.57,0.935,0.5,0.645,0.008,0
8908,73,0,10,0.979,0.628,0.992,0.0,0.302,0.233,0
8909,35,0,7,0.796,0.601,0.543,0.5,-0.16,0.109,0
8910,82,1,3,0.835,0.714,0.737,0.5,0.239,0.131,0
8911,44,0,11,0.667,0.449,0.803,0.0,0.209,-0.333,0
8912,81,0,11,1.148,0.424,0.672,0.0,0.132,0.535,1
8913,60,1,9,1.065,0.512,0.656,0.75,0.029,0.155,0
8914,59,0,11,0.938,0.595,1.145,0.0,0.627,0.135,0
8915,48,0,12,0.792,0.503,0.996,0.0,0.723,0.014,0
8916,79,1,12,0.688,0.635,1.0,0.5,0.749,-0.228,0
8917,65,1,10,0.944,0.424,0.884,0.0,0.598,0.363,1
8918,52,1,5,0.661,0.444,0.759,0.0,0.225,0.118,0
8919,71,1,6,0.869,0.492,0.871,0.25,0.479,0.095,0
8920,66,1,12,0.946,0.568,0.858,0.0,0.342,0.064,0
8921,80,1,3,0.701,0.491,0.373,1.0,-0.101,0.05,0
8922,42,0,3,0.658,0.507,0.342,0.0,-0.021,-0.224,0
8923,75,1,3,0.808,0.675,0.14,0.25,-0.277,0.08,0
8924,41,1,11,1.002,0.658,0.975,0.75,0.426,0.212,0
8925,34,1,12,1.069,0.414,0.9,1.0,0.553,0.443,0
8926,50,1,11,1.089,0.505,0.82,0.5,0.409,0.373,0
8927,40,1,5,0.591,0.616,0.631,0.0,0.081,-0.191,0
8928,50,0,6,0.994,0.589,0.879,0.25,0.565,0.227,0
8929,37,0,5,0.7,0.6,0.653,0.0,0.215,0.33,0
8930,42,0,12,0.854,0.7,0.705,0.5,0.411,0.202,0
8931,74,1,7,0.876,0.63,0.85,0.75,0.225,0.344,0
8932,64,0,3,0.826,0.746,0.211,1.0,-0.489,0.237,0
8933,60,1,8,1.109,0.521,0.846,0.0,0.076,0.285,1
8934,44,0,6,0.858,0.669,0.856,0.5,0.309,0.001,0
8935,47,0,10,0.984,0.455,0.913,0.25,0.408,0.367,0
8936,77,0,6,1.04,0.571,0.755,0.75,0.072,0.204,1
8937,74,1,10,0.986,0.583,0.994,0.0,0.528,0.098,1
8938,55,1,11,0.862,0.422,0.829,0.0,0.255,0.162,1
8939,55,1,5,0.805,0.662,0.7,0.0,0.276,-0.086,1
8940,82,1,7,0.871,0.645,0.626,0.75,0.106,-0.068,1
8941,31,0,3,0.723,0.65,0.871,0.75,0.542,-0.123,0
8942,82,1,4,0.734,0.677,0.581,0.0,-0.076,-0.192,0
8943,33,1,7,1.072,0.5,0.689,0.0,0.214,0.19,0
8944,66,1,11,0.985,0.566,0.894,0.0,0.405,0.23,0
8945,36,0,3,0.823,0.52,0.563,0.5,-0.035,0.206,0
8946,69,0,6,0.871,0.54,0.51,1.0,-0.062,0.075,0
8947,34,1,6,0.726,0.61,0.701,0.25,0.244,-0.228,1
8948,82,1,11,0.906,0.542,0.995,0.0,0.579,0.13,1
8949,73,1,11,0.991,0.544,1.155,0.0,0.643,0.381,0
8950,80,1,10,0.947,0.655,0.828,0.0,0.337,0.037,1
8951,52,1,9,0.735,0.7,0.854,0.75,0.63,-0.146,0
8952,76,0,4,0.706,0.713,0.571,0.0,0.159,-0.053,0
8953,70,0,7,0.828,0.612,0.74,0.0,0.269,0.043,0
8954,77,1,5,0.676,0.7,0.524,0.0,-0.022,-0.083,0
8955,56,1,4,0.758,0.56,0.7,0.25,0.168,0.149,0
8956,58,0,9,0.969,0.568,0.769,0.5,0.155,0.021,1
8957,39,1,9,0.911,0.442,0.834,0.0,0.393,0.134,1
8958,51,1,3,0.944,0.686,0.547,0.0,0.162,0.155,0
8959,42,0,10,0.827,0.576,0.862,0.0,0.471,0.11,1
8960,57,1,7,0.993,0.457,1.091,0.5,0.801,0.235,0
8961,36,0,8,1.209,0.623,0.564,0.0,-0.124,0.486,0
8962,84,0,9,0.935,0.517,0.824,0.0,0.357,0.191,1
8963,63,1,11,1.052,0.7,0.844,0.0,0.493,0.3,0
8964,30,0,3,0.932,0.658,0.241,1.0,-0.283,0.323,0
8965,71,1,9,0.668,0.513,0.846,0.25,0.309,-0.145,0
8966,44,1,9,0.9,0.688,0.876,1.0,0.574,0.048,1
8967,71,0,10,0.993,0.563,0.866,0.0,0.346,0.17,0
8968,30,1,9,0.842,0.569,0.674,0.0,0.157,0.065,0
8969,58,1,11,1.238,0.525,0.705,0.0,0.098,0.729,0
8970,30,0,5,0.945,0.694,0.711,0.5,0.23,0.11,0
8971,36,1,12,0.751,0.541,0.754,0.0,0.08,0.086,0
8972,65,1,12,0.849,0.54,0.942,0.5,0.387,0.196,0
8973,37,1,4,0.839,0.729,0.709,0.0,0.679,-0.17,0
8974,34,0,3,0.789,0.695,0.663,0.0,0.191,0.104,0
8975,30,1,7,0.803,0.689,0.75,0.75,0.261,0.136,0
8976,49,1,9,0.997,0.557,0.779,0.0,0.427,0.127,1
8977,33,0,6,0.835,0.604,0.634,0.5,0.393,0.17,0
8978,73,1,12,1.002,0.496,0.876,0.0,0.437,0.149,1
8979,67,1,5,0.771,0.493,0.438,0.25,-0.004,-0.073,0
8980,31,1,5,0.823,0.446,0.862,0.25,0.311,0.059,0
8981,39,1,8,0.682,0.562,1.22,0.0,0.892,-0.079,1
8982,75,0,10,0.873,0.571,0.758,0.5,-0.001,0.215,0
8983,34,0,8,0.851,0.624,0.979,0.0,0.506,0.248,0
8984,43,1,5,0.674,0.576,0.667,0.0,0.051,-0.361,1
8985,43,1,9,0.983,0.621,0.797,0.0,0.416,0.124,1
8986,74,0,9,0.937,0.562,0.508,0.5,-0.118,0.271,0
8987,84,1,4,0.718,0.623,0.798,0.5,0.592,-0.091,0
8988,84,0,6,1.025,0.481,0.437,0.25,0.191,0.188,0
8989,38,0,6,0.741,0.576,0.385,0.0,0.305,0.077,0
8990,81,1,3,0.756,0.67,0.614,1.0,0.339,-0.001,0
8991,55,0,12,1.143,0.54,0.7,0.75,0.098,0.251,1
8992,55,1,4,0.804,0.618,0.625,0.25,0.098,-0.011,0
8993,41,1,11,1.045,0.642,0.618,1.0,0.197,0.466,0
8994,82,0,11,0.857,0.651,0.827,0.0,0.258,0.15,1
8995,55,0,12,0.838,0.613,1.169,0.25,0.857,0.082,0
8996,76,0,12,0.974,0.542,0.908,0.0,0.37,0.222,1
8997,35,0,7,1.015,0.686,0.62,0.0,0.257,0.237,0
8998,57,1,10,0.919,0.553,0.763,0.5,0.644,-0.01,0
8999,37,1,6,0.965,0.579,0.735,0.25,0.241,0.31,0
9000,43,0,6,0.776,0.452,0.477,0.0,-0.138,0.182,0
9001,81,1,10,0.9,0.58,0.904,0.0,0.468,0.138,1
9002,64,1,7,0.964,0.474,0.849,0.0,0.418,0.174,0
9003,43,1,6,0.716,0.684,0.479,0.0,0.224,0.135,0
9004,50,1,9,0.968,0.661,0.719,1.0,0.019,0.283,1
9005,52,1,11,1.044,0.566,1.097,0.0,0.506,0.367,0
9006,72,0,9,0.764,0.496,0.919,0.25,0.209,0.015,0
9007,84,1,5,0.867,0.719,0.665,0.0,0.261,0.208,0
9008,61,1,12,0.823,0.626,0.685,0.0,0.276,0.122,0
9009,84,0,7,0.962,0.57,0.584,0.0,-0.116,0.303,0
9010,36,0,10,1.019,0.647,0.84,0.25,0.151,0.063,0
9011,53,0,6,0.513,0.556,0.724,0.0,0.341,-0.534,0
9012,60,1,8,0.844,0.618,0.828,0.0,0.476,0.1,0
9013,77,1,4,1.046,0.7,0.323,0.0,-0.265,0.265,0
9014,79,0,6,0.741,0.699,0.735,0.0,0.164,0.0,0
9015,82,1,5,0.7,0.516,0.671,0.0,0.028,0.115,0
9016,32,0,8,0.91,0.582,0.898,0.25,0.417,-0.042,0
9017,80,1,12,1.205,0.456,0.839,0.5,0.139,0.538,0
9018,81,0,6,0.986,0.518,0.637,0.0,0.138,0.339,0
9019,72,1,11,0.933,0.524,0.844,0.0,0.291,-0.069,0
9020,55,1,7,0.804,0.571,0.506,0.0,-0.422,0.186,0
9021,84,0,11,1.107,0.619,1.042,0.0,0.388,0.472,0
9022,35,1,12,0.912,0.565,0.992,0.25,0.309,0.077,0
9023,48,0,12,1.001,0.45,0.885,0.25,0.525,0.217,0
9024,81,0,9,0.941,0.637,0.847,0.0,0.264,0.253,0
9025,53,1,6,0.985,0.7,0.733,0.25,0.215,0.264,0
9026,57,0,10,1.106,0.528,0.767,0.0,0.397,0.267,1
9027,68,0,4,0.695,0.66,0.663,0.0,-0.208,-0.016,0
9028,56,1,7,0.887,0.547,0.802,0.0,0.422,-0.023,0
9029,60,0,6,0.977,0.627,0.426,1.0,-0.165,0.334,0
9030,41,1,5,0.605,0.591,0.469,0.75,-0.061,-0.115,0
9031,36,0,5,0.592,0.594,0.403,0.0,-0.157,-0.162,0
9032,82,1,5,1.075,0.653,0.502,0.0,0.008,0.466,0
9033,38,0,11,1.02,0.515,0.961,0.0,0.603,0.1,0
9034,58,0,5,0.956,0.604,0.453,0.0,0.298,0.205,0
9035,53,0,10,0.7,0.494,1.241,0.5,0.675,-0.042,0
9036,48,1,6,1.011,0.522,0.828,0.0,0.229,0.233,0
9037,42,0,9,0.811,0.555,0.91,0.0,0.758,0.01,1
9038,76,0,7,0.77,0.428,0.53,0.5,0.064,0.134,0
9039,78,1,4,0.839,0.608,0.589,0.75,0.028,0.222,0
9040,33,1,8,1.013,0.551,0.459,0.75,-0.041,0.392,0
9041,74,0,11,1.051,0.584,0.726,0.0,-0.036,0.376,0
9042,80,1,3,0.805,0.7,0.48,0.0,-0.222,0.081,0
9043,83,0,11,0.817,0.481,1.101,0.5,0.644,-0.242,0
9044,71,1,5,0.787,0.531,0.561,0.0,-0.073,-0.072,0
9045,81,1,12,1.1,0.442,0.631,0.0,0.138,0.3,0
9046,35,1,3,0.776,0.7,0.195,0.75,-0.177,-0.046,0
9047,66,0,10,1.041,0.668,1.006,0.75,0.451,0.573,1
9048,60,1,11,0.943,0.607,0.97,0.25,0.26,0.097,0
9049,39,0,3,0.852,0.578,0.384,0.5,-0.013,0.221,0
9050,82,1,11,1.003,0.561,0.7,0.0,-0.013,0.096,1
9051,77,0,3,0.748,0.623,0.437,0.0,0.063,0.219,0
9052,40,0,12,1.059,0.564,0.971,0.75,0.482,0.467,0
9053,39,1,12,1.019,0.589,0.892,0.0,0.319,0.384,1
9054,57,0,4,0.89,0.571,0.61,0.5,0.148,0.248,0
9055,74,0,4,1.142,0.477,0.598,0.5,0.335,0.49,0
9056,46,1,4,0.892,0.533,0.625,0.0,0.381,0.109,0
9057,38,1,5,0.925,0.5,0.315,0.25,0.015,0.244,0
9058,78,0,11,0.68,0.636,0.875,0.0,0.292,-0.063,0
9059,82,1,11,0.965,0.427,0.669,1.0,0.195,0.196,0
9060,62,0,11,0.961,0.554,0.573,1.0,0.035,0.194,0
9061,77,1,4,0.595,0.513,0.791,0.0,0.403,-0.015,1
9062,38,0,4,0.71,0.537,0.832,0.25,0.62,0.14,0
9063,61,1,6,0.875,0.536,0.786,0.0,0.423,0.101,0
9064,42,1,4,0.939,0.591,0.334,0.75,-0.08,0.241,0
9065,75,1,8,1.045,0.538,0.586,0.0,0.02,0.415,0
9066,43,0,3,0.686,0.657,0.528,0.0,0.282,-0.029,0
9067,78,0,7,0.845,0.728,0.61,0.25,0.178,-0.096,0
9068,72,0,7,1.161,0.58,1.03,0.0,0.396,0.375,0
9069,43,1,4,0.978,0.459,0.351,1.0,-0.244,0.224,0
9070,65,0,9,0.838,0.614,0.634,0.0,0.467,0.147,0
9071,31,0,6,1.047,0.682,0.49,0.0,-0.178,0.333,0
9072,63,1,6,0.797,0.675,0.777,0.0,0.392,-0.092,0
9073,56,0,9,1.068,0.389,0.83,0.5,0.378,0.149,0
9074,79,0,9,0.91,0.592,0.664,0.5,0.149,0.046,0
9075,56,1,6,0.995,0.585,0.518,0.0,-0.052,0.305,0
9076,68,0,5,0.886,0.613,0.555,0.0,-0.112,0.186,0
9077,64,0,8,0.558,0.616,0.722,0.25,0.422,-0.026,0
9078,33,0,9,0.717,0.636,0.475,0.0,0.025,0.015,0
9079,55,0,10,1.196,0.423,0.823,0.25,0.419,0.626,0
9080,43,0,11,1.199,0.571,0.707,0.0,0.308,0.43,0
9081,66,0,11,0.826,0.542,0.804,0.0,0.485,-0.007,1
9082,61,0,10,0.866,0.7,0.828,0.0,0.374,0.134,0
9083,56,0,6,0.803,0.633,0.519,0.25,0.139,0.03,0
9084,44,1,10,0.95,0.478,0.915,0.5,0.598,0.055,0
9085,73,1,11,0.7,0.528,1.09,0.0,0.42,-0.106,0
9086,81,1,11,1.139,0.409,0.564,1.0,0.266,0.46,0
9087,63,1,8,0.876,0.467,0.702,0.0,0.192,0.162,0
9088,47,1,4,1.023,0.567,0.907,0.0,0.53,0.293,0
9089,56,1,5,0.735,0.631,0.514,0.75,-0.129,-0.135,0
9090,60,0,8,0.991,0.634,0.887,0.5,0.629,0.342,0
9091,40,0,6,0.738,0.525,0.582,0.0,-0.117,0.001,0
9092,63,0,11,0.853,0.565,1.027,0.0,0.625,0.042,0
9093,81,0,7,0.59,0.618,0.594,0.5,0.086,-0.133,0
9094,43,0,10,0.974,0.583,0.814,0.75,0.389,0.465,0
9095,72,1,8,0.897,0.501,0.859,0.5,0.219,0.353,1
9096,65,1,4,0.627,0.629,0.759,0.5,0.148,-0.016,0
9097,63,1,4,0.852,0.707,0.75,1.0,-0.003,0.018,0
9098,63,1,10,0.957,0.404,0.785,0.0,0.275,0.179,0
9099,36,1,5,0.952,0.607,0.265,0.25,-0.325,0.375,0
9100,37,0,5,0.722,0.668,0.752,1.0,0.25,0.022,0
9101,54,1,4,0.596,0.698,0.729,0.0,0.355,-0.346,0
9102,62,0,10,0.945,0.58,0.908,0.0,0.519,0.117,0
9103,67,1,7,0.793,0.644,0.847,0.0,0.402,0.091,0
9104,83,0,9,0.926,0.555,0.645,0.0,0.31,-0.015,0
9105,70,0,4,0.733,0.768,0.398,0.0,-0.081,-0.16,0
9106,67,0,11,0.944,0.588,1.058,0.75,0.668,0.326,0
9107,50,0,9,0.965,0.572,0.706,0.0,0.269,0.178,1
9108,32,0,6,0.767,0.591,0.726,0.25,-0.211,-0.01,0
9109,46,0,6,0.819,0.64,0.798,0.0,0.302,0.019,0
9110,68,1,9,0.945,0.583,0.758,0.25,0.534,0.176,1
9111,39,0,3,0.809,0.706,0.361,1.0,-0.18,0.116,0
9112,60,1,7,0.914,0.495,0.247,0.0,-0.236,0.071,0
9113,53,1,7,1.022,0.489,0.573,0.75,-0.017,0.224,0
9114,72,1,8,0.993,0.518,0.771,0.25,0.243,0.129,0
9115,43,1,10,0.977,0.569,0.784,0.5,0.461,0.26,1
9116,43,0,4,0.575,0.515,0.442,0.25,-0.061,-0.011,0
9117,43,1,3,0.899,0.639,0.593,0.75,-0.059,0.188,0
9118,69,0,4,0.875,0.71,0.68,0.25,0.168,0.091,0
9119,69,0,5,0.916,0.555,0.818,0.0,0.069,0.104,0
9120,39,0,4,0.825,0.632,0.439,0.0,0.104,0.252,0
9121,30,1,6,0.869,0.612,0.69,0.0,0.228,-0.056,0
9122,67,1,8,0.896,0.632,0.765,0.25,0.407,0.349,0
9123,72,1,12,0.934,0.7,0.945,0.5,0.469,0.234,0
9124,59,0,5,0.931,0.578,0.572,0.0,0.007,0.076,0
9125,53,0,6,0.927,0.7,0.642,0.0,0.192,0.093,0
9126,35,0,8,0.813,0.657,0.674,0.0,0.324,-0.014,0
9127,52,0,9,0.955,0.522,0.461,0.0,0.038,0.32,0
9128,78,0,4,0.798,0.626,0.582,0.0,0.14,-0.006,0
9129,31,1,4,0.98,0.603,0.655,0.25,0.153,0.262,0
9130,59,1,7,0.938,0.576,0.564,0.0,0.165,0.238,0
9131,53,0,7,1.036,0.584,0.881,0.0,0.559,0.252,0
9132,49,1,9,0.949,0.465,1.21,0.0,0.505,-0.035,1
9133,37,1,10,0.849,0.609,1.173,0.5,0.997,0.164,0
9134,43,1,4,0.919,0.709,0.842,0.25,0.578,0.222,0
9135,48,1,4,0.804,0.554,0.583,0.0,0.048,0.113,0
9136,44,1,10,0.82,0.56,0.929,0.75,0.552,0.012,0
9137,49,1,10,1.163,0.478,0.789,0.25,0.019,0.513,0
9138,57,0,3,0.739,0.669,0.578,0.75,0.186,0.039,0
9139,56,1,3,0.897,0.512,0.458,0.75,0.14,0.085,0
9140,76,1,11,0.908,0.7,1.147,0.0,0.688,0.29,0
9141,79,1,11,0.891,0.573,0.771,0.0,0.289,0.085,0
9142,73,1,11,0.758,0.624,1.034,0.25,0.292,0.086,1
9143,75,0,4,0.841,0.497,0.553,0.25,-0.149,0.142,1
9144,55,0,6,0.542,0.783,0.919,0.0,0.615,-0.181,0
9145,49,1,12,0.7,0.645,1.013,0.75,0.439,0.0,0
9146,67,0,5,0.777,0.606,0.724,0.0,0.262,-0.049,0
9147,44,0,12,0.906,0.462,1.158,0.25,0.66,0.154,0
9148,66,1,7,0.768,0.497,0.744,0.25,0.28,-0.039,0
9149,54,0,7,0.888,0.689,0.455,0.25,-0.122,0.214,0
9150,62,0,4,0.659,0.479,0.591,0.0,-0.205,-0.095,0
9151,53,0,7,0.759,0.623,1.006,0.5,0.63,0.15,0
9152,84,1,11,1.064,0.645,0.751,0.25,0.174,0.364,1
9153,64,0,10,0.847,0.572,0.858,0.75,0.527,0.399,1
9154,34,1,8,0.79,0.568,0.746,0.0,0.242,-0.246,0
9155,56,0,10,1.186,0.625,0.612,0.0,0.181,0.586,0
9156,62,0,4,0.683,0.645,0.593,0.0,0.061,-0.095,0
9157,35,1,4,0.847,0.439,0.323,0.5,-0.046,0.182,0
9158,36,1,11,0.781,0.629,0.924,0.0,0.468,0.164,0
9159,70,0,12,1.076,0.52,0.712,0.0,0.041,0.473,0
9160,63,0,7,0.864,0.446,0.517,0.0,0.071,0.164,0
9161,37,1,12,0.853,0.621,0.87,0.0,0.555,0.103,0
9162,75,1,3,0.567,0.67,0.413,0.0,-0.041,0.052,0
9163,41,0,3,0.613,0.579,0.447,0.0,0.004,-0.007,0
9164,64,1,8,0.88,0.588,0.514,0.0,-0.078,0.349,0
9165,78,1,6,0.958,0.533,0.861,0.5,0.503,0.369,0
9166,70,1,6,1.003,0.587,1.118,0.75,0.648,0.343,1
9167,48,0,12,0.891,0.712,0.815,0.5,0.473,0.041,0
9168,46,0,4,0.926,0.551,0.742,0.5,0.406,0.08,0
9169,51,0,4,0.958,0.687,0.7,0.0,0.507,0.258,0
9170,33,0,8,0.7,0.536,0.851,0.75,0.458,0.028,0
9171,83,0,3,0.824,0.594,0.613,0.0,0.092,-0.012,0
9172,69,1,9,0.989,0.516,0.737,0.0,0.188,0.369,0
9173,43,1,12,0.87,0.586,0.961,0.0,0.435,0.285,0
9174,64,1,10,0.77,0.529,1.1,0.75,0.641,-0.02,0
9175,84,1,6,0.69,0.467,0.509,0.0,0.205,-0.03,0
9176,55,0,6,0.922,0.481,0.851,0.75,0.183,0.271,0
9177,38,0,4,0.823,0.564,0.627,0.5,0.055,-0.021,0
9178,57,0,4,0.917,0.654,0.611,0.0,-0.067,0.306,0
9179,32,1,11,0.95,0.425,0.815,0.5,0.092,0.076,0
9180,38,1,6,0.808,0.556,0.593,0.5,0.162,-0.098,0
9181,75,0,12,0.98,0.585,1.047,0.75,0.892,0.101,0
9182,46,1,8,0.978,0.657,0.708,0.5,-0.026,0.273,1
9183,33,1,12,1.073,0.528,1.026,0.0,0.426,0.319,0
9184,68,0,4,0.813,0.666,0.548,0.0,0.008,0.207,0
9185,59,1,10,0.783,0.7,0.866,0.0,0.159,0.107,0
9186,32,0,8,0.8,0.65,0.504,0.0,0.179,-0.024,0
9187,59,0,4,0.847,0.538,0.713,0.0,0.147,0.215,0
9188,42,1,6,0.966,0.73,0.871,0.0,0.47,0.245,0
9189,40,1,10,1.228,0.506,1.06,1.0,0.617,0.422,0
9190,69,1,6,0.949,0.7,0.822,0.5,0.614,0.176,0
9191,62,1,10,0.67,0.526,1.021,0.5,0.471,-0.102,1
9192,80,1,5,0.812,0.7,0.449,0.0,0.085,-0.075,0
9193,53,0,5,0.876,0.52,0.545,0.75,0.151,0.09,0
9194,54,0,7,0.941,0.487,1.07,0.75,0.712,0.275,0
9195,62,0,5,0.983,0.52,0.471,0.0,0.009,0.307,0
9196,79,1,10,0.924,0.534,0.752,0.0,0.17,0.23,0
9197,52,0,8,0.898,0.614,0.716,0.0,0.184,0.189,1
9198,66,0,9,0.922,0.583,0.792,0.5,0.375,0.027,0
9199,32,1,7,0.817,0.628,0.659,0.0,0.366,0.14,0
9200,46,1,10,0.808,0.569,0.549,0.0,0.098,0.064,0
9201,81,1,11,1.045,0.626,0.793,0.75,0.628,0.419,0
9202,30,1,6,0.949,0.503,1.076,0.25,0.879,-0.09,0
9203,54,1,10,1.05,0.598,1.15,0.0,0.624,0.371,0
9204,82,0,8,0.98,0.607,0.865,0.0,0.369,0.273,0
9205,60,0,3,0.553,0.719,0.556,1.0,0.028,-0.199,0
9206,55,0,11,0.965,0.624,0.979,0.0,0.42,0.142,0
9207,32,0,10,1.025,0.523,0.797,0.5,0.28,0.434,0
9208,36,1,9,0.641,0.468,0.774,0.0,0.794,-0.073,0
9209,76,0,6,0.694,0.527,0.666,0.5,0.249,-0.182,0
9210,30,0,3,1.098,0.637,0.637,0.0,-0.115,0.322,0
9211,31,0,7,0.894,0.489,0.577,0.25,0.426,-0.028,0
9212,32,1,7,1.174,0.616,0.739,0.0,0.154,0.316,0
9213,60,0,10,0.886,0.506,0.568,0.0,0.232,0.054,0
9214,39,0,4,0.933,0.58,0.526,0.0,-0.112,0.358,0
9215,46,1,7,0.89,0.601,0.806,0.0,0.173,0.153,0
9216,55,0,6,0.92,0.7,0.815,0.0,0.463,0.361,0
9217,64,0,5,0.801,0.574,0.57,0.5,0.25,0.127,0
9218,59,1,8,0.786,0.608,0.993,0.75,0.413,0.165,0
9219,60,1,7,0.932,0.673,0.899,0.25,0.289,0.318,0
9220,68,0,5,0.703,0.589,0.552,0.0,0.049,0.085,0
9221,32,0,7,0.96,0.531,0.917,0.75,0.782,0.391,0
9222,73,0,9,0.822,0.532,0.639,0.0,0.018,0.322,0
9223,60,1,12,0.997,0.692,0.937,0.0,0.373,0.24,1
9224,36,1,9,0.711,0.7,0.852,0.0,0.395,0.17,0
9225,35,0,12,1.042,0.628,0.979,0.0,0.503,0.243,0
9226,55,1,11,0.998,0.607,0.816,0.0,0.434,0.331,0
9227,42,1,11,1.169,0.554,0.975,0.0,0.284,0.195,0
9228,32,0,10,0.865,0.476,0.809,0.0,0.417,-0.051,0
9229,37,1,6,0.836,0.526,0.457,0.5,-0.097,0.102,0
9230,46,0,3,0.898,0.599,0.61,0.5,0.069,0.183,0
9231,51,1,4,0.772,0.632,0.367,0.5,-0.296,-0.123,0
9232,50,0,6,1.114,0.521,0.686,0.25,0.314,0.37,0
9233,63,1,6,0.846,0.6,0.569,0.0,-0.139,0.107,0
9234,49,1,11,0.963,0.589,0.999,0.0,0.058,0.32,0
9235,71,0,4,0.703,0.574,0.545,1.0,0.03,-0.004,0
9236,65,1,12,1.176,0.493,1.001,0.0,0.519,0.622,0
9237,66,0,10,0.875,0.433,0.83,0.0,0.205,0.128,0
9238,81,0,3,0.698,0.699,0.797,0.25,0.219,-0.134,1
9239,58,0,6,0.78,0.599,0.85,0.25,0.15,-0.047,0
9240,64,0,5,0.816,0.625,0.779,0.0,0.16,0.088,0
9241,43,0,6,1.034,0.585,0.503,0.25,-0.042,0.387,0
9242,35,1,4,1.036,0.574,0.407,0.0,-0.216,0.202,0
9243,36,0,4,0.801,0.696,0.417,0.0,0.08,0.025,0
9244,73,1,3,0.749,0.651,0.285,0.75,-0.496,0.077,0
9245,53,1,12,1.028,0.389,1.136,0.25,0.53,0.285,0
9246,70,0,4,0.83,0.567,0.771,0.0,0.193,0.06,1
9247,38,1,9,0.845,0.629,0.791,0.5,0.155,0.086,0
9248,54,1,9,0.913,0.636,0.586,1.0,0.056,0.198,0
9249,52,0,7,0.7,0.555,0.621,0.0,0.013,0.0,0
9250,69,1,12,0.808,0.519,1.358,0.0,0.931,-0.095,0
9251,53,0,8,0.71,0.513,0.606,0.0,0.454,0.186,0
9252,63,1,5,0.965,0.665,1.088,0.25,0.604,-0.018,0
9253,36,0,8,0.718,0.696,0.841,1.0,0.505,0.184,1
9254,63,0,9,0.877,0.598,0.958,0.0,0.56,-0.039,0
9255,51,0,9,1.093,0.7,0.91,0.75,0.454,0.255,0
9256,66,1,4,0.885,0.719,0.482,0.0,-0.187,0.17,0
9257,50,0,8,1.031,0.403,1.098,0.0,0.657,0.39,0
9258,67,1,3,0.741,0.478,0.734,0.0,0.294,0.041,1
9259,81,0,7,0.799,0.568,0.794,0.0,0.255,0.043,1
9260,60,0,3,0.903,0.595,0.576,0.5,-0.079,0.28,0
9261,50,0,7,0.993,0.549,0.864,0.25,0.408,0.211,0
9262,49,1,11,1.031,0.534,1.044,0.0,0.77,0.251,0
9263,58,0,12,0.959,0.478,1.01,0.75,0.727,0.237,0
9264,77,1,6,0.849,0.636,0.7,0.5,-0.001,0.202,0
9265,74,1,11,0.947,0.712,0.707,0.0,0.157,0.247,0
9266,78,1,3,0.7,0.572,0.869,0.75,0.664,-0.112,0
9267,74,1,8,0.766,0.641,0.485,0.0,0.168,0.141,0
9268,47,1,12,1.053,0.544,0.7,0.0,0.167,0.302,1
9269,31,0,4,0.862,0.748,0.767,1.0,0.395,-0.074,0
9270,52,0,4,0.851,0.636,0.766,1.0,0.005,0.305,0
9271,36,1,5,0.898,0.533,0.383,0.25,-0.1,-0.027,0
9272,46,1,9,1.008,0.7,0.611,1.0,0.376,0.189,0
9273,63,0,7,1.003,0.7,0.622,0.0,0.357,0.257,0
9274,71,0,9,0.795,0.629,0.793,1.0,0.399,0.07,0
9275,46,1,10,1.118,0.594,0.959,0.25,0.407,0.277,0
9276,38,1,11,0.674,0.591,0.889,0.5,0.52,-0.056,0
9277,69,1,12,1.376,0.449,1.106,0.5,0.498,0.7,1
9278,77,1,8,0.811,0.391,0.688,0.5,0.426,0.07,0
9279,39,0,7,0.937,0.555,0.529,0.5,0.158,0.364,0
9280,73,1,3,0.887,0.614,0.7,0.25,-0.006,0.187,0
9281,36,0,9,1.047,0.546,1.052,0.0,0.734,0.309,1
9282,78,1,4,0.911,0.483,0.517,0.0,-0.058,0.022,0
9283,79,1,12,1.12,0.42,1.014,0.0,0.798,0.378,0
9284,58,1,10,1.019,0.711,0.587,0.25,0.064,0.303,0
9285,42,0,3,0.863,0.731,0.685,0.0,0.069,0.076,1
9286,69,0,8,0.844,0.605,0.854,0.75,0.118,-0.023,0
9287,65,0,10,0.944,0.537,0.742,0.0,-0.123,0.2,0
9288,35,0,8,0.879,0.512,0.976,0.75,0.656,0.018,0
9289,41,1,10,0.96,0.574,0.896,0.0,0.56,0.195,1
9290,77,0,4,0.704,0.594,0.739,0.0,0.254,0.009,0
9291,70,0,12,1.011,0.601,0.698,0.5,0.059,0.311,0
9292,80,1,3,0.758,0.628,0.523,1.0,-0.072,-0.022,0
9293,55,0,7,0.947,0.62,1.048,0.0,0.517,0.242,0
9294,70,1,6,0.781,0.612,0.778,0.0,0.043,0.155,0
9295,33,0,6,0.895,0.596,0.767,0.0,0.367,0.37,0
9296,35,1,10,0.759,0.467,0.706,0.0,0.172,0.016,0
9297,33,0,9,0.773,0.557,0.725,0.0,0.323,-0.055,1
9298,72,1,11,0.84,0.461,0.846,1.0,0.129,0.005,0
9299,54,0,10,1.057,0.538,0.885,0.0,0.208,0.404,0
9300,35,1,5,0.894,0.671,0.737,1.0,0.228,-0.07,1
9301,64,1,6,0.94,0.536,0.608,0.0,-0.075,0.14,0
9302,36,0,4,0.718,0.715,0.544,1.0,-0.035,0.141,0
9303,59,0,6,0.846,0.723,0.7,0.0,0.242,0.25,0
9304,72,0,7,0.995,0.687,0.776,0.25,0.443,0.177,0
9305,39,1,5,0.761,0.643,0.7,0.0,0.515,0.154,0
9306,75,0,10,0.974,0.563,0.572,0.0,-0.173,0.363,1
9307,65,0,4,0.767,0.732,0.667,0.0,0.192,0.114,0
9308,44,1,8,0.716,0.639,0.608,0.5,0.081,-0.18,0
9309,49,0,8,0.904,0.477,0.975,0.75,0.162,0.162,0
9310,37,1,3,0.773,0.635,0.517,1.0,0.039,0.06,0
9311,30,0,5,0.92,0.695,0.7,0.5,0.204,0.243,0
9312,52,1,10,0.875,0.595,0.751,0.75,0.181,0.26,1
9313,72,0,3,0.879,0.672,0.631,0.25,0.112,0.153,0
9314,40,1,7,1.185,0.557,0.482,0.75,0.032,0.342,0
9315,67,0,10,0.829,0.564,1.16,0.5,0.804,0.117,0
9316,64,0,8,0.903,0.373,0.852,0.0,0.464,0.082,1
9317,46,1,11,0.871,0.682,0.748,0.0,0.428,0.192,0
9318,70,0,12,0.948,0.369,0.814,0.75,0.312,0.248,0
9319,70,1,9,1.009,0.615,0.462,1.0,0.17,0.325,0
9320,40,1,9,0.684,0.801,0.93,0.0,0.135,0.108,0
9321,56,1,8,0.794,0.521,0.5,0.0,-0.312,0.099,0
9322,60,1,7,0.906,0.628,0.821,0.0,0.088,0.148,0
9323,41,0,5,0.903,0.521,0.535,0.0,0.379,0.066,0
9324,80,1,11,1.015,0.657,0.751,0.5,0.329,0.356,0
9325,49,1,3,0.809,0.565,0.797,0.0,-0.125,0.057,1
9326,45,0,6,0.789,0.596,0.475,0.75,-0.091,-0.066,0
9327,35,1,12,0.896,0.55,0.816,0.75,0.298,-0.02,0
9328,77,1,7,1.033,0.542,0.821,0.0,0.121,0.336,1
9329,40,1,8,0.951,0.669,0.717,0.0,0.326,0.214,0
9330,45,1,3,0.792,0.625,0.805,0.0,0.338,0.066,0
9331,36,0,11,0.798,0.644,0.664,0.25,0.032,-0.099,0
9332,83,0,11,0.73,0.482,0.672,0.0,0.174,-0.087,1
9333,72,1,9,0.841,0.364,0.79,0.75,0.289,0.167,0
9334,80,1,12,0.992,0.429,1.049,0.0,0.681,0.304,1
9335,63,1,3,0.785,0.594,0.662,0.25,-0.007,-0.098,0
9336,64,1,8,0.846,0.461,0.656,0.5,-0.233,0.187,0
9337,31,0,8,0.937,0.586,0.871,0.5,0.658,0.237,0
9338,66,0,3,0.837,0.7,0.707,0.0,0.301,-0.019,0
9339,75,1,5,0.87,0.628,0.495,0.75,0.166,-0.172,0
9340,69,1,11,0.98,0.44,0.922,1.0,0.721,0.362,0
9341,50,1,10,0.968,0.529,0.737,0.5,0.119,0.268,0
9342,48,0,5,0.892,0.691,0.741,0.0,0.124,0.152,0
9343,46,0,8,0.857,0.427,0.474,0.0,0.089,0.101,0
9344,69,1,12,0.905,0.588,0.931,0.0,0.554,0.112,0
9345,71,1,11,1.055,0.463,0.782,0.5,-0.155,0.306,0
9346,52,1,12,1.205,0.51,1.096,0.5,0.508,0.635,0
9347,80,1,5,1.213,0.528,0.57,0.25,0.09,0.585,0
9348,44,0,10,0.989,0.624,0.438,0.75,0.007,0.337,0
9349,51,1,11,0.973,0.417,0.809,0.0,0.422,0.373,0
9350,74,1,4,0.891,0.408,0.587,0.25,0.014,0.086,0
9351,52,0,11,0.944,0.569,0.736,0.0,0.044,0.372,1
9352,54,1,8,0.819,0.781,0.752,0.0,0.155,0.112,0
9353,48,1,3,0.779,0.612,0.658,0.0,0.331,-0.166,0
9354,47,1,8,0.981,0.528,0.585,0.5,0.31,0.249,0
9355,83,0,5,0.956,0.538,0.835,0.0,0.373,0.392,1
9356,35,0,4,1.017,0.684,0.121,0.0,-0.475,0.376,0
9357,33,0,5,0.818,0.725,0.354,0.0,-0.207,0.059,0
9358,68,0,10,1.074,0.677,0.478,0.0,0.059,0.44,0
9359,47,1,6,0.913,0.559,0.498,0.5,0.056,0.066,0
9360,70,1,5,1.057,0.65,0.645,1.0,0.487,0.35,0
9361,50,1,5,1.004,0.663,0.651,0.0,0.007,0.268,0
9362,68,1,4,0.75,0.717,0.865,0.0,0.428,-0.026,0
9363,82,1,3,0.765,0.7,0.611,0.75,0.08,-0.03,0
9364,84,1,6,1.001,0.7,0.565,0.0,0.069,0.342,0
9365,42,0,4,0.945,0.64,0.73,0.5,0.113,0.266,0
9366,56,0,12,0.991,0.613,0.889,0.75,0.193,0.452,0
9367,52,1,5,0.835,0.564,0.7,0.0,0.288,-0.024,0
9368,50,1,6,0.759,0.589,0.37,1.0,-0.179,0.202,0
9369,43,1,3,1.029,0.621,0.516,0.0,0.197,0.435,0
9370,47,0,6,0.829,0.712,0.622,1.0,0.382,0.061,0
9371,60,1,12,1.009,0.545,0.971,0.5,0.375,0.182,0
9372,36,0,12,0.825,0.547,1.12,0.5,0.874,-0.022,1
9373,77,1,5,0.892,0.519,0.591,0.0,0.101,0.417,0
9374,66,0,6,1.017,0.447,0.557,0.25,0.06,0.186,0
9375,43,1,5,0.885,0.454,0.717,0.25,0.238,-0.009,0
9376,34,0,4,0.854,0.64,0.851,0.0,0.305,0.502,0
9377,75,1,12,1.158,0.525,1.421,0.25,0.843,0.395,0
9378,35,1,6,0.796,0.593,0.413,0.0,0.028,-0.035,0
9379,60,0,12,0.782,0.523,0.852,0.0,0.604,0.178,0
9380,45,0,4,0.85,0.678,0.446,0.0,-0.307,-0.011,0
9381,76,0,7,0.729,0.577,0.559,0.5,-0.165,-0.021,0
9382,76,0,3,0.826,0.67,0.434,0.25,0.112,0.189,0
9383,81,0,3,0.801,0.614,0.656,0.25,0.364,-0.044,0
9384,50,1,6,0.938,0.518,0.833,0.0,0.41,0.291,0
9385,36,1,11,0.977,0.548,0.591,0.5,-0.127,0.183,0
9386,55,1,3,0.805,0.648,0.789,1.0,0.248,0.181,0
9387,50,0,10,0.899,0.59,0.71,1.0,0.32,0.134,0
9388,63,1,9,0.709,0.658,0.895,1.0,0.467,0.095,0
9389,82,1,7,0.783,0.546,0.898,0.0,0.341,0.05,1
9390,45,1,3,0.582,0.623,0.694,0.25,0.225,-0.169,0
9391,66,0,10,0.947,0.521,0.933,0.0,0.683,0.294,0
9392,40,0,6,1.174,0.568,0.895,0.5,0.583,0.247,1
9393,32,0,7,0.808,0.583,0.545,0.25,-0.014,0.011,0
9394,83,1,11,0.81,0.7,0.554,0.0,-0.294,-0.079,0
9395,34,0,8,0.963,0.579,0.713,0.0,0.201,0.109,0
9396,59,0,5,0.958,0.6,0.718,0.0,0.483,0.243,0
9397,46,1,9,0.957,0.703,0.688,0.0,0.132,0.284,1
9398,33,0,5,0.888,0.579,0.415,0.25,-0.183,0.297,0
9399,44,0,5,1.121,0.619,0.819,0.0,0.476,0.604,0
9400,75,1,9,1.069,0.626,0.357,0.5,-0.227,0.34,0
9401,60,1,12,1.038,0.441,0.608,0.0,0.479,0.179,0
9402,82,0,9,0.922,0.508,1.012,0.0,0.575,-0.101,0
9403,37,1,4,0.682,0.576,0.638,0.0,0.106,0.086,0
9404,48,0,6,0.776,0.648,0.611,0.25,0.007,0.007,0
9405,56,1,10,0.803,0.618,0.839,0.25,0.564,0.089,0
9406,31,1,11,0.829,0.49,1.002,0.25,0.39,0.127,0
9407,62,1,6,0.879,0.562,0.795,1.0,0.367,0.179,0
9408,83,1,3,0.823,0.576,0.817,0.25,0.123,0.027,0
9409,50,0,3,0.824,0.628,0.733,0.0,-0.109,0.089,0
9410,47,1,11,0.981,0.475,1.045,0.25,0.658,0.119,0
9411,61,0,10,0.952,0.647,0.818,0.0,0.34,0.107,1
9412,61,1,8,1.011,0.557,0.646,0.25,0.132,0.366,0
9413,67,1,7,0.796,0.579,0.828,0.0,0.36,-0.021,0
9414,66,0,3,0.764,0.491,0.387,0.0,0.162,-0.034,0
9415,75,1,12,0.988,0.563,1.011,0.0,0.423,0.214,1
9416,71,1,7,0.683,0.5,0.898,0.0,-0.034,-0.256,0
9417,53,1,12,0.941,0.402,0.963,0.0,0.634,0.131,0
9418,56,0,12,0.91,0.596,0.885,0.0,0.437,0.11,0
9419,32,1,4,0.826,0.582,0.781,0.75,0.288,-0.01,0
9420,74,0,11,0.975,0.61,0.719,0.5,0.25,0.351,0
9421,52,1,3,0.644,0.559,0.645,0.0,0.316,-0.043,0
9422,79,1,4,0.782,0.523,0.745,0.0,0.501,0.034,0
9423,54,0,8,0.873,0.572,0.936,0.5,0.284,0.283,0
9424,31,0,7,1.069,0.719,0.615,0.0,0.292,0.3,0
9425,41,1,4,0.646,0.603,0.514,0.0,0.105,-0.063,0
9426,45,0,9,0.908,0.599,0.482,1.0,0.493,0.124,0
9427,65,1,10,0.897,0.659,0.919,0.75,0.245,0.468,0
9428,53,0,7,1.059,0.446,0.707,0.5,0.272,0.395,0
9429,54,1,10,0.827,0.708,0.66,0.5,0.257,0.048,0
9430,39,1,10,0.722,0.5,0.715,0.0,0.272,0.137,0
9431,61,1,9,0.879,0.588,0.871,0.25,0.333,0.018,0
9432,34,0,4,0.729,0.47,0.7,0.25,0.172,-0.101,0
9433,62,0,4,0.989,0.572,0.346,0.0,-0.177,0.418,0
9434,60,0,9,1.082,0.451,0.725,0.0,0.213,0.441,0
9435,33,1,11,1.026,0.596,0.914,0.0,0.395,0.459,0
9436,37,1,5,0.748,0.52,0.583,0.5,0.339,-0.077,0
9437,48,0,4,0.717,0.677,0.605,0.25,-0.028,0.034,0
9438,54,1,6,0.87,0.557,0.877,0.25,0.638,0.155,0
9439,45,0,6,0.852,0.585,0.665,1.0,0.176,0.127,0
9440,54,1,8,0.9,0.6,0.644,0.0,0.198,-0.03,0
9441,42,0,12,0.889,0.7,0.578,0.25,-0.308,0.305,0
9442,56,1,7,0.843,0.582,0.643,0.0,0.167,0.162,0
9443,39,1,10,1.06,0.519,0.801,0.0,0.142,0.465,0
9444,83,1,4,0.99,0.444,0.645,0.5,0.493,0.15,0
9445,77,1,5,0.741,0.731,0.619,0.25,0.038,0.104,0
9446,69,0,7,1.06,0.557,0.565,0.5,0.135,0.199,0
9447,64,1,9,0.991,0.474,0.579,0.5,0.337,0.182,0
9448,69,0,12,0.846,0.558,0.784,0.75,0.357,0.177,0
9449,36,1,12,0.864,0.561,0.7,0.75,0.292,0.104,0
9450,57,0,11,0.909,0.7,0.835,0.25,0.52,0.209,1
9451,57,0,6,0.826,0.592,0.8,0.0,0.351,-0.041,0
9452,47,1,5,0.652,0.662,0.732,0.0,0.334,-0.132,0
9453,69,0,12,0.998,0.605,0.885,0.25,0.31,0.157,1
9454,31,1,7,1.0,0.604,0.596,1.0,0.265,0.243,0
9455,30,1,4,0.737,0.518,0.695,0.0,0.185,-0.029,0
9456,32,0,4,0.742,0.658,0.685,1.0,0.43,-0.347,0
9457,41,1,5,0.908,0.622,0.899,0.0,0.664,0.313,0
9458,66,1,4,0.827,0.71,0.483,0.0,-0.097,0.051,0
9459,60,1,12,0.943,0.538,0.895,0.75,0.249,0.025,0
9460,65,0,4,0.954,0.534,0.671,0.5,0.311,0.145,0
9461,36,1,5,0.758,0.636,0.759,0.5,0.226,0.058,0
9462,54,0,8,0.641,0.634,0.855,1.0,0.155,-0.071,0
9463,75,1,5,1.082,0.466,0.7,0.75,0.201,0.215,1
9464,37,0,4,0.826,0.588,0.859,0.5,0.458,0.017,1
9465,70,1,9,0.844,0.48,1.076,0.0,0.631,0.269,1
9466,67,0,5,0.778,0.503,0.869,0.0,0.793,0.024,1
9467,47,1,7,0.911,0.704,0.419,0.0,-0.167,0.203,0
9468,38,1,4,0.723,0.58,0.552,0.25,0.029,-0.219,0
9469,45,1,11,1.081,0.562,0.681,0.75,0.335,0.263,0
9470,57,1,5,0.879,0.672,0.722,0.0,-0.043,0.053,1
9471,51,1,5,0.965,0.64,0.755,0.0,0.313,0.527,0
9472,82,0,6,0.971,0.557,0.803,0.75,0.475,0.278,0
9473,45,1,4,0.751,0.554,0.424,0.0,0.165,0.083,0
9474,70,0,9,0.976,0.575,0.7,0.5,0.265,0.079,0
9475,53,0,9,0.933,0.487,0.572,0.75,0.455,0.145,0
9476,63,0,12,0.933,0.7,0.958,0.0,0.295,0.238,0
9477,64,1,10,1.065,0.55,0.668,0.0,0.24,0.212,0
9478,65,0,10,0.898,0.536,0.792,1.0,0.388,0.198,0
9479,69,0,3,0.657,0.603,0.054,0.0,-0.137,-0.196,0
9480,39,0,9,0.751,0.629,0.937,0.5,0.52,0.089,0
9481,37,1,12,0.962,0.526,0.754,0.25,0.47,0.291,0
9482,56,1,10,1.043,0.513,0.758,0.75,0.321,0.31,0
9483,67,1,3,0.837,0.565,0.698,0.0,0.299,-0.142,0
9484,37,0,6,0.704,0.536,0.787,0.75,0.345,-0.072,0
9485,30,0,12,1.02,0.558,0.949,0.75,0.415,0.275,1
9486,55,1,4,0.868,0.53,0.843,0.0,0.586,0.168,0
9487,78,0,6,0.619,0.676,0.574,0.5,0.359,-0.232,0
9488,48,0,3,0.909,0.704,0.393,0.5,-0.335,0.16,0
9489,74,1,12,1.011,0.544,0.796,0.0,0.318,0.066,1
9490,67,1,5,0.716,0.7,0.947,0.0,0.466,-0.117,1
9491,33,1,10,0.819,0.417,0.725,0.75,0.355,0.046,0
9492,47,1,3,0.75,0.556,0.382,0.5,-0.177,0.0,0
9493,48,1,8,0.789,0.576,0.785,0.0,0.442,0.105,1
9494,48,0,10,0.989,0.644,0.865,0.0,0.361,0.37,0
9495,65,1,9,0.906,0.581,1.104,0.5,0.486,0.256,1
9496,47,0,7,0.629,0.523,0.378,0.0,0.032,-0.072,0
9497,55,1,8,1.076,0.605,0.7,0.0,0.15,0.173,0
9498,78,1,10,0.833,0.518,1.089,1.0,0.629,0.113,1
9499,79,1,9,0.691,0.65,0.827,0.25,0.427,0.001,0
9500,66,1,8,0.978,0.494,0.62,0.25,-0.3,0.227,0
9501,53,1,5,1.059,0.611,0.911,0.0,0.62,0.498,0
9502,81,0,10,0.912,0.64,0.889,1.0,0.189,-0.041,0
9503,55,1,10,0.895,0.592,0.836,0.0,0.233,-0.014,1
9504,31,1,8,1.015,0.635,0.926,0.0,0.239,0.444,0
9505,82,0,10,0.859,0.491,0.806,0.5,0.15,0.035,0
9506,36,1,6,1.041,0.501,0.302,0.75,0.022,0.283,0
9507,32,0,9,1.16,0.577,1.056,0.0,0.682,0.419,1
9508,46,1,11,0.874,0.471,1.049,0.0,0.521,0.284,0
9509,60,0,6,0.807,0.476,0.919,0.5,0.145,0.095,0
9510,57,0,6,0.728,0.559,0.624,0.5,0.016,0.059,0
9511,47,1,6,0.733,0.434,0.914,0.0,0.319,0.195,0
9512,41,0,5,0.871,0.664,0.428,0.0,0.056,0.159,0
9513,41,1,4,0.79,0.622,0.756,0.0,0.137,0.09,0
9514,55,1,6,0.96,0.522,0.495,0.5,-0.198,0.28,0
9515,77,1,10,0.862,0.525,0.751,0.25,0.28,0.156,0
9516,78,0,9,0.812,0.576,0.84,0.5,0.524,0.027,0
9517,50,1,6,1.019,0.675,0.962,0.75,0.262,0.38,0
9518,58,0,3,0.717,0.585,0.552,0.5,-0.182,-0.122,0
9519,74,0,3,0.925,0.592,0.389,0.0,-0.14,-0.108,0
9520,69,1,11,1.029,0.602,0.974,0.0,0.422,0.364,0
9521,66,0,5,0.899,0.612,0.625,0.0,0.105,0.143,0
9522,49,0,11,0.885,0.486,1.196,0.0,0.83,0.228,0
9523,34,0,4,0.707,0.509,0.702,0.5,0.593,-0.137,0
9524,76,0,11,0.916,0.574,0.786,0.0,0.217,0.363,0
9525,50,0,8,0.987,0.677,0.743,0.0,0.421,-0.006,0
9526,35,1,5,0.885,0.675,0.556,0.5,-0.047,0.102,0
9527,43,1,7,0.921,0.489,0.979,0.0,0.586,0.372,0
9528,59,1,10,0.649,0.545,0.64,0.0,0.355,-0.2,0
9529,62,0,12,0.7,0.605,0.632,0.0,0.228,-0.329,0
9530,39,1,7,0.76,0.459,1.09,0.0,0.404,0.06,0
9531,77,0,5,0.676,0.601,0.92,0.0,0.424,-0.107,1
9532,81,1,4,1.1,0.517,0.538,0.75,0.142,0.394,0
9533,36,1,12,0.957,0.608,0.839,0.75,0.408,0.15,1
9534,76,1,4,0.75,0.561,0.682,0.0,0.241,-0.214,0
9535,70,0,12,0.9,0.459,0.967,0.0,0.677,0.2,0
9536,68,0,12,1.063,0.55,0.7,0.75,0.277,0.525,0
9537,50,1,3,0.746,0.707,0.393,0.0,-0.07,-0.08,0
9538,64,1,12,0.935,0.296,0.762,0.75,0.24,-0.013,0
9539,66,0,11,0.885,0.567,0.897,0.5,0.642,0.185,0
9540,81,0,10,1.219,0.671,0.588,0.0,0.245,0.55,0
9541,45,1,4,0.692,0.508,0.387,0.5,-0.01,0.284,0
9542,54,0,6,0.819,0.68,0.785,1.0,0.299,0.143,0
9543,82,1,6,0.746,0.663,0.808,0.0,0.419,0.172,0
9544,75,1,12,0.799,0.451,0.98,0.5,0.452,-0.045,0
9545,61,0,4,0.906,0.534,0.527,0.5,-0.04,0.279,0
9546,40,1,4,1.011,0.659,0.803,0.0,0.342,0.278,0
9547,77,1,8,0.886,0.545,0.697,0.5,0.391,-0.01,0
9548,38,0,11,0.987,0.539,0.967,0.0,0.735,0.178,0
9549,70,0,5,0.884,0.656,0.858,0.25,0.264,0.074,1
9550,37,0,8,0.967,0.571,0.53,0.0,0.135,0.282,0
9551,62,0,5,0.855,0.659,0.693,1.0,0.298,0.116,0
9552,49,1,3,0.814,0.678,0.594,0.25,0.341,0.109,0
9553,42,0,3,0.687,0.547,0.413,0.0,0.173,-0.223,0
9554,39,1,3,0.808,0.617,0.656,0.0,0.145,-0.121,0
9555,39,0,7,0.778,0.498,0.886,1.0,0.519,0.091,0
9556,41,0,8,0.874,0.569,0.638,0.0,0.188,0.03,0
9557,78,1,3,0.7,0.551,0.457,0.5,-0.126,-0.152,1
9558,70,1,5,0.704,0.565,0.725,1.0,0.469,-0.139,0
9559,83,0,7,0.852,0.704,0.992,0.0,0.882,0.34,0
9560,40,0,3,0.775,0.621,0.717,0.5,0.048,-0.026,0
9561,45,0,9,1.036,0.518,0.928,0.25,0.404,0.228,0
9562,83,1,4,0.867,0.547,0.327,0.75,-0.174,0.18,0
9563,56,1,6,1.043,0.565,0.675,1.0,0.451,0.487,1
9564,61,0,11,1.025,0.587,1.097,0.0,0.723,0.397,0
9565,33,1,10,0.968,0.57,1.152,0.5,0.733,0.385,0
9566,41,1,3,0.534,0.577,0.596,0.0,0.23,-0.165,0
9567,31,0,11,1.067,0.542,0.809,1.0,0.187,0.466,0
9568,37,0,12,0.925,0.718,0.972,0.0,0.333,0.067,0
9569,84,1,6,0.877,0.755,0.677,0.25,0.027,0.167,0
9570,75,1,6,0.926,0.61,0.678,0.0,0.177,0.355,1
9571,73,0,4,0.774,0.7,0.882,0.0,0.661,0.048,0
9572,32,1,8,0.969,0.618,1.222,0.75,0.694,-0.018,0
9573,39,1,5,0.82,0.561,0.404,0.75,-0.053,0.124,0
9574,68,1,3,0.727,0.652,0.793,1.0,0.341,-0.078,1
9575,30,0,5,0.606,0.607,0.419,0.0,-0.073,-0.293,0
9576,57,1,12,0.936,0.588,0.693,0.75,0.252,0.068,0
9577,84,0,9,0.839,0.511,0.863,0.0,0.513,0.085,0
9578,31,1,3,0.616,0.558,0.523,0.0,0.285,-0.084,0
9579,70,1,5,0.919,0.54,0.557,0.0,0.011,0.078,1
9580,73,1,5,0.867,0.565,0.692,0.0,0.434,0.141,0
9581,64,0,8,0.795,0.498,0.856,0.25,0.403,0.281,0
9582,36,1,4,0.783,0.621,0.5,0.0,0.207,0.053,0
9583,74,0,6,1.048,0.615,0.694,1.0,-0.001,0.401,0
9584,73,1,5,1.061,0.656,0.604,0.5,0.088,0.185,0
9585,59,0,8,1.01,0.564,0.671,0.25,0.272,0.047,0
9586,70,1,9,1.087,0.718,0.368,0.5,0.021,0.504,0
9587,59,0,9,1.017,0.535,0.62,0.25,0.148,0.447,0
9588,75,1,10,0.94,0.622,0.804,1.0,0.459,0.107,0
9589,63,1,8,0.779,0.557,0.717,0.0,0.017,0.035,0
9590,63,0,9,0.866,0.44,0.707,0.5,0.08,0.033,1
9591,52,0,8,0.993,0.411,0.775,0.0,0.303,0.202,1
9592,52,1,12,0.906,0.561,0.61,0.0,0.564,0.09,0
9593,62,1,7,0.962,0.532,0.876,0.75,0.612,0.379,0
9594,81,0,10,1.038,0.461,0.63,0.5,0.254,0.339,1
9595,58,0,4,1.009,0.7,0.6,0.0,-0.282,0.184,0
9596,49,0,9,1.1,0.726,0.788,0.25,0.327,0.443,0
9597,66,1,4,0.841,0.597,0.649,0.5,0.414,0.114,0
9598,40,1,6,0.673,0.494,0.692,0.25,0.099,0.06,0
9599,57,0,4,0.646,0.6,0.616,0.25,0.115,0.158,0
9600,42,0,5,0.707,0.7,0.694,1.0,0.194,-0.033,0
9601,36,1,3,0.782,0.555,0.709,0.25,0.009,-0.126,0
9602,67,1,5,0.664,0.587,0.958,0.0,0.475,-0.184,0
9603,54,1,10,0.923,0.449,0.426,1.0,0.257,0.191,0
9604,79,0,6,0.89,0.506,0.733,0.0,0.254,0.143,0
9605,71,0,7,1.06,0.421,0.635,0.0,0.083,0.223,0
9606,54,1,11,0.73,0.555,0.975,0.25,0.557,-0.008,0
9607,59,0,5,0.804,0.664,0.682,0.0,0.218,0.049,1
9608,64,0,4,0.655,0.575,0.664,0.75,0.199,-0.042,1
9609,44,0,3,0.672,0.635,0.574,0.5,-0.174,-0.056,0
9610,45,0,9,0.872,0.51,0.454,0.75,0.239,0.045,0
9611,73,1,7,0.754,0.485,0.997,0.0,0.389,0.042,0
9612,36,0,4,0.9,0.582,0.866,0.0,0.298,-0.058,0
9613,53,0,10,1.005,0.683,0.91,0.5,0.575,0.44,0
9614,58,1,8,0.869,0.556,0.756,0.25,-0.004,0.167,0
9615,43,0,10,1.127,0.599,0.707,0.25,0.007,0.402,1
9616,42,0,3,0.841,0.61,0.389,0.0,-0.311,0.261,0
9617,65,1,4,0.839,0.545,0.487,0.5,-0.047,-0.02,0
9618,46,1,7,0.884,0.627,0.64,0.0,0.042,0.088,0
9619,38,0,6,0.956,0.574,0.365,0.0,-0.057,0.44,0
9620,77,0,11,1.022,0.555,0.735,0.0,0.409,0.117,0
9621,54,0,10,0.95,0.536,0.905,0.0,0.49,0.273,0
9622,73,0,3,0.705,0.648,0.705,0.25,0.281,0.047,0
9623,65,0,7,1.005,0.566,0.93,0.5,-0.075,0.207,0
9624,74,0,12,0.991,0.519,1.058,0.0,0.78,0.286,1
9625,60,0,5,0.545,0.599,0.46,0.0,-0.087,-0.329,0
9626,81,1,10,1.272,0.464,0.85,0.0,0.624,0.438,0
9627,47,0,10,0.806,0.596,0.627,0.0,0.32,0.17,0
9628,48,0,11,0.882,0.586,0.651,0.0,0.24,0.029,1
9629,58,0,9,0.878,0.597,0.908,0.5,0.614,0.128,0
9630,56,1,6,1.089,0.569,0.664,0.5,0.192,0.232,0
9631,48,0,3,0.98,0.521,0.22,0.0,-0.398,0.156,0
9632,30,0,10,0.855,0.39,0.974,0.0,0.694,0.116,0
9633,52,0,7,0.857,0.486,0.687,0.0,0.077,0.128,1
9634,73,0,9,0.867,0.545,0.959,0.75,0.379,0.118,0
9635,30,0,8,1.033,0.653,0.758,0.75,0.249,0.391,0
9636,36,1,9,0.811,0.534,0.744,0.0,0.31,0.08,1
9637,74,1,7,0.955,0.543,0.645,0.0,0.191,0.169,0
9638,43,0,5,0.9,0.665,0.655,0.0,0.513,0.139,0
9639,74,0,5,0.833,0.496,0.548,0.0,-0.23,-0.056,0
9640,54,1,9,0.765,0.634,0.995,1.0,0.779,0.042,0
9641,78,1,5,1.044,0.487,0.688,0.5,0.307,0.131,0
9642,60,1,4,0.842,0.518,0.418,0.0,-0.087,0.117,0
9643,55,0,11,0.896,0.543,0.942,0.0,0.67,0.472,0
9644,48,0,5,0.726,0.582,0.622,0.5,-0.078,-0.075,0
9645,48,1,4,0.987,0.601,0.695,0.0,0.341,0.321,0
9646,70,1,8,0.839,0.557,0.974,0.0,0.863,0.305,1
9647,80,1,11,1.072,0.705,0.906,0.25,0.534,0.376,0
9648,73,1,12,0.938,0.462,1.001,0.0,0.697,0.195,0
9649,57,0,12,0.853,0.516,1.098,0.0,0.77,0.167,0
9650,76,0,6,0.824,0.562,0.481,0.75,-0.119,0.033,1
9651,44,0,12,0.906,0.569,1.042,0.0,0.656,0.078,0
9652,67,0,11,0.968,0.732,0.768,0.0,0.294,0.275,0
9653,83,0,10,1.02,0.599,0.868,1.0,0.297,0.255,1
9654,46,0,5,0.787,0.502,0.685,0.0,0.108,-0.172,0
9655,66,1,11,1.039,0.512,0.817,0.75,0.398,0.243,0
9656,68,0,6,0.727,0.68,0.432,0.25,0.096,-0.03,0
9657,52,1,5,0.67,0.622,0.47,0.0,0.24,-0.072,0
9658,59,0,10,1.013,0.693,1.054,0.25,0.991,0.257,1
9659,42,1,8,0.745,0.649,0.664,0.0,0.378,0.045,0
9660,35,1,7,0.865,0.482,0.612,0.0,0.342,0.058,0
9661,48,1,6,0.86,0.687,0.708,0.0,0.238,0.241,1
9662,66,1,6,0.778,0.456,0.782,0.0,0.354,0.179,1
9663,68,1,9,0.938,0.626,0.725,0.0,0.062,0.256,0
9664,56,0,10,0.941,0.508,0.823,0.5,0.487,0.269,0
9665,65,1,5,0.717,0.579,0.563,1.0,0.278,-0.04,0
9666,77,1,6,0.774,0.569,0.7,0.0,0.406,0.4,0
9667,64,1,4,0.852,0.518,0.486,0.75,0.311,0.088,0
9668,67,1,12,1.077,0.49,0.928,0.0,0.453,0.257,0
9669,56,1,8,0.821,0.642,0.785,0.25,0.364,0.116,0
9670,35,1,5,0.886,0.602,0.319,0.25,-0.129,0.116,0
9671,71,0,9,0.909,0.531,0.736,0.25,0.167,0.124,1
9672,60,1,5,0.866,0.605,0.832,0.75,0.207,0.171,1
9673,36,1,7,0.925,0.7,0.496,0.0,-0.334,0.052,0
9674,44,1,12,0.997,0.577,0.809,0.0,0.508,0.304,0
9675,72,0,9,0.791,0.641,0.527,0.0,0.27,0.105,0
9676,37,0,12,1.243,0.514,0.755,0.25,0.24,0.597,0
9677,30,1,10,0.911,0.69,0.689,1.0,0.211,0.2,0
9678,39,0,6,0.819,0.622,0.744,0.0,0.044,-0.157,0
9679,47,0,12,0.97,0.525,1.074,0.25,0.799,-0.058,1
9680,76,0,10,1.088,0.535,0.99,0.25,0.396,0.25,0
9681,70,0,5,0.871,0.555,0.705,0.0,0.228,0.256,0
9682,75,1,4,0.532,0.733,0.563,0.0,0.011,-0.193,0
9683,43,1,10,0.929,0.651,0.72,0.0,0.428,0.068,0
9684,34,0,10,0.954,0.654,0.655,0.5,0.537,0.21,0
9685,38,0,3,0.778,0.603,0.332,0.25,-0.149,0.042,0
9686,47,0,7,0.95,0.455,0.979,0.0,0.391,0.395,1
9687,84,0,4,0.53,0.69,0.692,0.5,0.257,-0.193,1
9688,52,1,8,0.865,0.446,1.017,0.0,0.413,-0.021,0
9689,81,0,12,1.018,0.427,1.267,0.0,0.821,0.148,0
9690,78,1,8,0.97,0.584,0.781,0.5,0.123,0.083,1
9691,54,0,6,0.973,0.535,0.682,0.0,-0.055,-0.048,0
9692,63,1,5,0.589,0.568,0.811,1.0,0.142,-0.153,1
9693,58,1,11,0.7,0.554,0.676,0.0,0.071,0.065,0
9694,81,0,12,1.06,0.527,0.854,0.0,0.439,0.36,1
9695,51,1,9,0.96,0.555,0.866,0.0,0.345,0.52,0
9696,31,1,5,0.503,0.614,0.496,0.25,0.137,-0.318,0
9697,51,0,11,0.825,0.494,0.848,0.0,0.66,0.154,0
9698,49,1,9,0.986,0.626,1.05,0.25,0.583,0.348,0
9699,44,1,9,0.909,0.572,0.77,1.0,0.255,-0.051,1
9700,54,1,12,0.917,0.536,0.679,0.0,0.229,0.111,0
9701,72,0,8,0.961,0.592,0.597,0.25,0.433,0.167,0
9702,33,1,11,1.055,0.471,0.899,0.25,0.199,0.457,0
9703,69,1,4,0.758,0.621,0.644,0.25,0.065,0.238,0
9704,42,1,6,0.896,0.572,0.347,0.5,-0.54,0.155,0
9705,39,1,9,1.056,0.572,0.645,0.0,0.126,0.502,0
9706,55,0,3,0.733,0.714,0.553,0.75,-0.147,0.011,0
9707,30,0,3,0.802,0.618,0.584,0.5,0.165,0.307,0
9708,81,0,11,1.073,0.495,1.081,0.5,0.381,0.237,0
9709,71,1,12,0.811,0.735,1.036,0.0,0.696,0.27,1
9710,57,0,10,0.908,0.555,0.875,1.0,0.139,-0.019,0
9711,60,0,12,0.7,0.448,0.697,0.25,0.062,-0.15,0
9712,32,1,3,0.83,0.623,0.626,1.0,0.333,0.146,0
9713,62,0,6,0.853,0.542,0.522,0.5,0.039,0.025,0
9714,42,1,11,1.039,0.547,0.986,0.5,0.415,0.684,0
9715,59,0,11,1.014,0.651,0.871,1.0,0.211,0.264,0
9716,72,0,11,0.964,0.494,0.995,0.0,0.584,0.22,1
9717,55,1,5,0.931,0.641,0.504,0.0,0.083,0.065,0
9718,46,0,6,0.852,0.584,0.985,0.25,0.332,-0.006,0
9719,70,1,9,0.828,0.519,0.734,0.0,0.034,0.116,0
9720,66,0,7,0.766,0.597,0.92,0.75,0.378,0.171,1
9721,72,0,9,0.884,0.599,1.038,0.75,0.726,0.077,0
9722,70,1,5,0.866,0.544,0.776,0.0,0.626,-0.071,1
9723,36,0,12,1.153,0.461,0.955,1.0,0.21,0.562,0
9724,44,1,9,0.969,0.482,0.781,0.5,0.305,0.149,0
9725,79,0,9,1.178,0.515,0.655,0.25,0.112,0.272,0
9726,33,1,4,0.992,0.622,0.559,0.0,-0.01,0.233,0
9727,31,1,5,0.675,0.522,0.4,0.0,-0.289,0.031,0
9728,76,0,11,0.823,0.646,0.933,0.75,0.356,-0.087,0
9729,53,1,4,0.85,0.552,0.814,0.25,0.915,0.228,0
9730,67,1,9,0.816,0.588,0.951,0.5,0.239,0.16,0
9731,30,1,3,0.885,0.484,0.528,0.75,0.035,0.086,0
9732,55,0,10,0.782,0.636,0.633,0.5,0.105,0.048,0
9733,58,1,7,0.815,0.452,1.061,0.0,0.622,0.169,0
9734,41,1,3,0.777,0.538,0.27,0.75,-0.096,0.229,0
9735,62,0,3,0.598,0.599,0.575,0.25,0.204,0.136,0
9736,72,0,11,1.099,0.639,0.991,0.0,0.558,0.281,0
9737,31,0,12,1.131,0.537,0.989,0.75,0.801,0.313,0
9738,65,1,4,0.737,0.736,0.762,0.0,0.075,-0.194,0
9739,48,0,6,0.857,0.584,0.668,0.0,0.251,-0.095,0
9740,71,0,6,1.203,0.591,0.689,0.0,0.017,0.322,0
9741,57,0,7,0.971,0.6,1.184,0.25,0.989,0.234,1
9742,46,1,12,0.859,0.582,0.808,0.0,0.33,-0.029,1
9743,47,0,9,0.782,0.551,0.882,0.0,0.568,-0.053,0
9744,79,1,9,0.743,0.602,0.626,0.0,0.473,-0.079,0
9745,52,1,3,0.881,0.452,0.319,0.75,-0.382,0.176,0
9746,74,1,8,0.761,0.7,1.016,0.0,0.837,-0.045,1
9747,41,0,8,0.867,0.667,0.593,1.0,-0.077,0.39,0
9748,67,1,5,0.715,0.65,0.659,1.0,0.341,-0.151,0
9749,54,0,5,0.849,0.597,0.849,0.0,0.491,0.188,1
9750,40,1,8,0.586,0.567,0.562,0.0,0.301,0.085,0
9751,71,1,6,0.798,0.572,0.677,0.0,-0.043,0.146,1
9752,53,0,9,0.7,0.705,0.817,0.25,0.558,0.032,1
9753,62,0,6,0.945,0.451,0.7,0.0,0.366,-0.045,0
9754,43,1,11,1.109,0.537,0.683,0.25,0.444,0.258,0
9755,59,1,3,1.018,0.568,0.302,0.5,-0.162,0.324,0
9756,47,0,6,0.761,0.447,0.73,1.0,0.356,-0.122,0
9757,81,1,3,0.91,0.692,0.869,1.0,0.32,0.316,1
9758,55,0,6,0.92,0.573,0.339,0.0,-0.23,0.114,0
9759,65,0,10,0.896,0.629,0.961,0.0,0.414,0.238,0
9760,78,1,4,1.028,0.681,0.363,0.75,-0.187,0.243,0
9761,40,1,8,0.713,0.435,0.995,0.0,0.473,0.038,0
9762,71,0,6,0.922,0.722,0.791,0.0,0.304,0.427,1
9763,44,0,6,0.94,0.7,0.758,0.5,0.751,-0.003,0
9764,56,1,8,1.049,0.591,0.788,0.0,0.353,0.408,0
9765,39,1,4,0.734,0.436,0.509,0.75,0.231,0.034,0
9766,64,0,10,0.802,0.53,0.707,0.25,0.185,0.165,0
9767,62,0,11,0.7,0.552,0.703,0.0,0.093,-0.079,0
9768,43,0,5,1.001,0.59,0.064,0.0,-0.729,0.25,0
9769,37,0,11,0.711,0.603,1.203,0.0,0.503,-0.096,0
9770,47,1,5,0.845,0.605,0.708,0.0,0.37,0.006,0
9771,82,0,10,0.722,0.472,0.651,0.0,0.06,-0.161,0
9772,53,0,3,0.774,0.71,0.7,1.0,0.074,0.176,0
9773,69,1,3,0.773,0.562,0.481,0.0,0.142,-0.048,0
9774,56,0,10,0.748,0.7,1.113,0.0,0.354,0.054,1
9775,30,1,11,0.972,0.447,0.667,0.0,0.418,0.179,0
9776,60,0,3,0.785,0.7,0.438,1.0,0.035,0.013,0
9777,79,0,9,0.7,0.57,0.709,0.25,-0.09,0.061,0
9778,43,0,11,1.069,0.504,0.657,0.25,0.002,0.066,0
9779,31,0,4,0.809,0.599,0.764,0.0,0.12,0.073,0
9780,63,0,11,0.813,0.601,0.83,0.0,0.488,0.055,0
9781,34,1,10,0.833,0.637,1.006,0.0,0.433,0.271,1
9782,59,1,10,0.98,0.484,0.711,0.0,0.052,0.199,1
9783,55,0,3,0.743,0.467,0.598,0.25,0.157,0.043,0
9784,46,0,6,0.67,0.549,0.997,0.0,0.629,-0.054,1
9785,79,0,9,0.632,0.581,0.851,0.25,0.07,-0.114,0
9786,31,0,7,0.944,0.51,0.368,0.0,-0.181,0.2,0
9787,72,0,10,0.849,0.533,1.117,0.0,0.634,0.029,1
9788,69,1,3,0.741,0.449,0.7,0.25,0.379,-0.106,0
9789,61,1,6,0.712,0.7,0.569,0.75,-0.131,0.031,0
9790,72,0,8,0.799,0.723,0.845,0.0,0.307,-0.197,0
9791,51,1,4,0.82,0.545,0.832,0.5,0.479,0.168,0
9792,42,0,4,1.013,0.608,0.392,0.0,-0.121,0.235,0
9793,77,0,10,1.178,0.687,0.797,0.75,0.302,0.424,0
9794,42,0,11,0.675,0.596,0.806,0.75,0.49,-0.187,0
9795,64,0,5,0.768,0.568,0.371,0.75,-0.143,-0.011,0
9796,56,1,6,1.097,0.701,0.678,0.25,0.191,0.532,0
9797,44,0,9,1.07,0.585,0.76,0.0,0.234,0.275,0
9798,73,0,10,1.139,0.571,0.462,0.75,0.266,0.39,0
9799,56,0,5,0.792,0.569,0.525,0.0,0.129,-0.043,0
9800,51,0,3,0.737,0.637,0.219,0.5,-0.36,0.039,0
9801,43,0,3,1.01,0.575,0.733,0.0,0.406,0.49,0
9802,75,0,9,0.851,0.696,0.957,0.25,0.835,0.027,0
9803,59,0,5,0.946,0.52,0.368,0.0,0.064,0.355,0
9804,38,1,3,0.899,0.606,0.46,0.25,-0.036,0.227,0
9805,39,0,7,0.886,0.552,0.864,0.0,0.3,0.23,0
9806,57,0,8,1.098,0.585,0.593,0.0,0.218,0.215,0
9807,69,1,10,0.915,0.533,1.082,0.0,0.471,0.14,0
9808,84,0,10,0.955,0.544,0.72,0.0,0.364,0.069,0
9809,78,1,5,0.992,0.605,0.946,1.0,0.694,0.129,0
9810,71,0,9,0.834,0.536,0.662,0.25,-0.007,0.144,0
9811,50,0,11,0.938,0.7,0.963,0.5,0.395,0.207,0
9812,44,1,5,0.966,0.68,0.705,0.0,0.123,0.133,0
9813,43,0,6,0.702,0.599,0.7,0.0,0.129,-0.156,0
9814,65,1,10,0.776,0.496,1.021,0.0,0.321,-0.012,0
9815,82,0,5,0.518,0.619,0.831,0.0,0.378,-0.252,1
9816,39,1,9,0.915,0.598,0.918,0.0,0.557,0.286,0
9817,55,0,7,0.889,0.616,0.533,0.0,-0.075,-0.056,0
9818,56,1,8,0.916,0.671,0.62,0.25,0.111,0.41,0
9819,78,1,8,0.925,0.433,0.317,1.0,0.009,0.158,0
9820,62,0,8,0.939,0.455,0.559,0.5,0.153,0.096,0
9821,35,1,8,0.976,0.595,0.457,0.0,0.02,0.241,0
9822,82,0,9,0.943,0.7,0.764,0.0,0.553,0.155,0
9823,53,1,8,0.722,0.479,0.794,0.0,0.14,0.022,0
9824,44,0,7,0.826,0.546,0.743,0.5,0.541,0.064,0
9825,38,1,5,0.903,0.68,0.635,0.0,-0.061,0.114,0
9826,39,0,6,0.918,0.552,0.855,0.5,0.732,0.038,0
9827,64,1,11,0.804,0.604,0.992,0.75,0.351,0.242,0
9828,65,1,3,0.959,0.578,0.84,0.0,0.426,0.205,0
9829,40,1,3,1.077,0.543,0.304,1.0,-0.135,0.394,0
9830,43,0,9,1.005,0.453,0.809,0.0,0.59,0.392,0
9831,63,0,10,0.887,0.655,1.028,0.0,0.515,0.023,0
9832,32,1,8,0.978,0.656,0.849,1.0,0.149,0.423,0
9833,51,0,9,0.908,0.7,0.679,0.5,-0.113,0.189,0
9834,64,1,12,1.137,0.569,0.902,0.25,0.323,0.48,0
9835,31,1,6,0.927,0.607,0.793,0.0,0.568,0.225,0
9836,48,0,4,0.825,0.56,0.358,0.25,-0.055,0.026,0
9837,66,1,11,1.003,0.558,0.782,0.75,0.326,0.217,0
9838,33,1,8,0.837,0.52,0.7,0.0,0.197,-0.007,0
9839,45,1,3,0.837,0.712,0.823,0.0,0.123,0.002,0
9840,70,0,6,0.822,0.507,0.467,0.75,-0.233,0.044,0
9841,47,1,10,0.936,0.498,1.073,0.0,0.631,0.253,0
9842,45,0,5,0.862,0.7,0.687,0.0,0.104,0.108,0
9843,50,1,12,1.154,0.529,0.94,0.0,0.491,0.428,0
9844,79,0,9,0.932,0.578,0.577,0.5,-0.231,0.515,0
9845,60,1,5,0.741,0.493,0.706,0.0,0.006,0.124,0
9846,68,0,10,1.06,0.597,1.054,0.0,0.648,0.342,0
9847,30,0,3,0.796,0.601,0.555,0.0,0.186,0.166,0
9848,60,0,3,0.944,0.524,0.392,0.0,0.102,0.178,0
9849,60,1,7,0.7,0.468,1.066,0.0,0.281,-0.031,0
9850,35,1,9,0.878,0.661,0.417,0.0,-0.283,0.002,0
9851,39,0,7,0.774,0.465,0.657,0.25,0.204,0.057,0
9852,64,0,11,1.094,0.503,0.744,0.0,0.18,0.339,0
9853,78,0,5,0.881,0.677,0.56,0.75,0.018,0.148,0
9854,83,0,8,0.92,0.603,0.941,0.75,0.497,0.091,1
9855,59,0,7,0.847,0.434,1.081,0.5,0.534,-0.094,1
9856,74,1,7,0.86,0.551,0.816,0.25,0.463,0.123,0
9857,34,0,9,1.067,0.7,0.634,1.0,0.385,0.04,0
9858,56,1,7,0.654,0.593,0.823,0.0,0.526,-0.044,1
9859,80,1,12,1.025,0.543,0.957,0.0,0.776,0.411,0
9860,60,1,3,0.853,0.674,0.232,0.0,-0.468,-0.006,0
9861,33,0,3,0.867,0.601,0.491,0.0,0.051,0.18,0
9862,49,0,12,0.957,0.486,0.959,0.0,0.422,0.281,0
9863,77,1,12,0.935,0.589,0.722,1.0,0.333,0.042,0
9864,58,0,9,0.88,0.577,0.81,0.0,0.672,0.133,0
9865,59,1,11,1.11,0.627,0.7,0.0,0.151,0.334,0
9866,80,0,4,0.815,0.715,0.313,0.0,-0.075,0.004,0
9867,63,0,12,0.925,0.41,0.939,1.0,0.614,0.154,0
9868,54,1,11,1.317,0.605,1.011,0.5,0.674,0.611,1
9869,52,0,10,0.709,0.569,0.678,0.5,0.208,0.111,0
9870,50,1,7,0.797,0.502,0.58,0.0,-0.035,0.134,0
9871,52,0,8,0.976,0.533,0.709,0.75,0.009,0.203,0
9872,68,0,5,1.05,0.554,0.838,0.0,0.511,0.206,0
9873,47,1,12,0.994,0.453,0.675,0.5,0.349,0.21,1
9874,69,0,5,0.813,0.638,0.556,0.0,0.105,0.303,0
9875,58,1,9,0.885,0.643,1.131,0.0,0.622,0.205,0
9876,41,1,3,0.891,0.588,0.478,0.25,-0.104,0.251,0
9877,69,0,12,0.865,0.567,0.758,0.0,0.196,-0.111,0
9878,66,0,5,0.81,0.58,0.534,0.5,-0.042,0.233,0
9879,39,0,8,0.867,0.721,0.956,0.75,0.573,0.038,0
9880,83,0,9,0.831,0.672,0.667,1.0,-0.133,0.113,0
9881,52,1,7,0.84,0.739,0.498,1.0,0.067,0.184,0
9882,61,0,4,0.735,0.586,0.609,0.0,0.165,-0.202,0
9883,57,0,9,0.875,0.422,0.779,0.75,0.116,0.285,0
9884,66,0,8,0.93,0.625,0.668,0.0,0.062,0.186,0
9885,58,0,11,1.075,0.546,0.935,0.25,0.01,0.245,1
9886,49,0,5,0.835,0.547,0.606,0.0,0.31,0.177,0
9887,43,0,8,1.199,0.648,0.609,0.0,-0.091,0.318,0
9888,44,1,5,1.001,0.582,0.7,0.25,0.506,0.15,0
9889,37,0,10,1.181,0.5,0.935,0.0,0.646,0.297,0
9890,64,0,11,0.937,0.531,0.717,0.0,0.127,0.284,1
9891,64,1,9,0.981,0.591,0.845,0.0,0.626,0.221,0
9892,70,0,10,1.052,0.483,0.863,0.5,0.208,0.257,1
9893,52,0,12,0.984,0.434,0.972,0.0,0.534,0.016,0
9894,84,1,8,0.773,0.641,0.879,0.25,0.478,-0.017,0
9895,69,0,11,0.838,0.462,0.7,0.0,0.253,-0.061,1
9896,33,0,8,0.851,0.518,0.625,0.0,0.088,0.204,0
9897,79,0,4,0.908,0.618,0.733,0.0,0.241,0.062,0
9898,67,0,11,0.912,0.663,0.695,0.25,0.103,0.185,0
9899,73,0,5,1.034,0.537,0.803,0.0,0.474,0.196,1
9900,32,1,3,0.805,0.661,0.506,0.0,0.097,-0.013,0
9901,83,1,11,0.862,0.68,0.673,0.0,0.115,0.017,0
9902,35,0,6,0.668,0.47,0.459,0.5,0.089,-0.193,0
9903,47,1,5,0.69,0.527,0.495,0.75,0.025,-0.017,0
9904,58,1,12,0.856,0.516,0.63,0.0,0.057,0.281,0
9905,48,1,11,1.011,0.556,0.761,0.0,0.378,0.159,0
9906,63,0,10,0.979,0.514,0.513,0.0,0.096,0.288,0
9907,49,0,4,0.648,0.613,0.743,0.0,0.233,-0.105,1
9908,38,1,11,0.935,0.464,0.709,0.0,0.122,0.31,1
9909,83,0,11,1.071,0.502,0.636,0.0,-0.205,0.467,0
9910,79,1,9,0.76,0.534,0.529,0.75,0.264,0.047,0
9911,40,0,4,0.632,0.574,0.512,0.0,-0.19,-0.065,0
9912,52,1,12,0.994,0.622,0.808,0.75,0.327,0.394,0
9913,31,1,11,0.898,0.565,0.979,0.0,0.489,0.198,0
9914,32,0,11,0.905,0.493,1.064,0.5,0.541,0.243,0
9915,39,1,8,0.959,0.633,0.896,0.0,0.56,0.121,0
9916,48,0,7,0.852,0.576,1.07,0.75,0.682,-0.002,1
9917,38,0,8,0.891,0.582,1.043,0.0,0.862,0.343,0
9918,62,0,6,0.744,0.557,0.674,0.5,-0.005,-0.225,0
9919,80,0,8,0.818,0.473,0.856,0.0,0.123,0.123,1
9920,78,1,7,0.904,0.638,0.762,0.25,0.603,0.284,1
9921,67,0,3,0.7,0.699,0.4,1.0,0.193,0.0,0
9922,70,1,4,0.99,0.493,0.62,0.0,0.013,0.201,0
9923,57,0,6,1.037,0.586,0.454,1.0,0.108,0.25,0
9924,83,0,10,0.878,0.65,1.014,0.25,0.539,0.199,0
9925,70,0,11,1.072,0.514,0.629,1.0,0.278,0.28,0
9926,33,0,8,0.955,0.474,0.871,0.75,0.079,0.194,1
9927,39,1,4,0.634,0.638,0.436,0.25,0.166,-0.284,0
9928,34,0,5,0.825,0.835,0.835,0.5,0.305,0.037,0
9929,37,1,7,0.903,0.537,0.888,0.0,0.38,0.136,1
9930,40,0,6,0.84,0.629,0.532,0.0,-0.307,0.14,0
9931,82,1,5,0.806,0.53,0.875,0.25,0.199,0.116,1
9932,35,1,11,0.991,0.471,0.725,0.0,0.183,0.355,0
9933,59,1,9,0.911,0.443,0.885,0.25,0.239,0.091,0
9934,81,0,11,0.905,0.526,0.961,0.5,0.587,0.223,0
9935,30,1,6,0.819,0.676,0.734,0.0,0.459,-0.004,0
9936,40,1,7,0.82,0.682,0.648,1.0,0.389,0.135,0
9937,38,0,8,0.778,0.528,1.102,0.5,0.366,-0.086,0
9938,62,0,11,0.782,0.473,1.072,0.5,0.629,-0.005,0
9939,66,0,3,0.759,0.723,0.684,0.25,0.193,-0.052,0
9940,83,0,12,0.835,0.575,0.937,0.0,0.783,0.053,0
9941,37,0,8,1.063,0.7,0.796,0.5,0.543,0.105,0
9942,70,1,12,0.915,0.446,0.973,1.0,0.441,0.133,0
9943,64,0,5,0.7,0.554,0.71,0.0,0.434,0.101,1
9944,70,1,10,0.771,0.659,1.074,1.0,0.478,-0.011,0
9945,33,1,6,1.067,0.7,0.569,0.0,0.055,0.229,0
9946,70,0,5,0.977,0.553,0.82,0.0,0.767,0.307,0
9947,32,1,5,0.891,0.619,0.744,0.5,0.402,0.158,0
9948,80,1,3,1.001,0.573,0.54,0.0,0.058,0.252,0
9949,57,1,8,0.712,0.779,0.712,1.0,0.115,0.009,1
9950,83,0,5,0.794,0.531,0.306,0.0,0.041,0.047,0
9951,70,0,9,1.094,0.561,0.537,0.5,-0.141,0.508,0
9952,44,0,4,0.78,0.65,0.615,0.0,0.196,0.071,0
9953,59,0,9,0.935,0.593,0.719,0.0,0.505,0.477,0
9954,32,1,3,0.7,0.599,0.426,0.0,-0.024,-0.013,0
9955,33,1,3,0.587,0.592,0.7,0.0,0.199,-0.194,0
9956,72,1,7,0.894,0.469,0.817,0.5,0.427,0.356,0
9957,83,1,5,0.811,0.544,0.64,0.0,0.075,-0.083,0
9958,37,0,6,0.728,0.607,0.622,0.0,0.32,-0.013,0
9959,61,0,9,0.881,0.79,0.662,0.0,0.255,0.249,0
9960,47,0,12,1.001,0.512,0.78,0.0,0.393,0.142,0
9961,78,0,5,0.966,0.588,0.988,0.0,0.562,0.452,0
9962,32,1,6,0.936,0.572,0.363,0.5,-0.409,0.213,0
9963,72,0,12,0.838,0.462,1.011,0.0,0.621,0.204,1
9964,76,0,8,0.622,0.621,0.713,0.75,0.015,-0.109,0
9965,37,1,9,0.898,0.5,0.624,0.5,0.284,0.038,0
9966,38,1,7,1.02,0.58,0.604,0.0,0.5,0.132,0
9967,38,1,6,0.864,0.56,0.797,0.25,0.335,-0.185,0
9968,64,0,8,0.922,0.561,0.74,0.0,0.154,0.073,0
9969,54,0,4,0.833,0.661,0.534,0.0,0.172,0.217,0
9970,41,1,6,0.911,0.556,0.618,0.0,0.18,0.295,0
9971,41,0,7,1.13,0.422,0.638,0.25,0.231,0.239,0
9972,71,1,12,1.33,0.452,0.695,0.0,0.413,0.71,1
9973,64,0,11,1.035,0.585,0.911,0.0,0.211,0.043,0
9974,64,0,4,0.7,0.551,0.686,0.0,0.461,-0.074,1
9975,67,0,3,0.862,0.631,0.585,1.0,-0.102,0.102,0
9976,57,0,11,1.027,0.533,0.862,0.0,0.338,0.189,0
9977,43,1,8,0.974,0.645,0.82,0.0,0.149,0.122,1
9978,84,0,6,0.623,0.53,0.727,0.0,0.166,-0.038,0
9979,57,0,11,1.011,0.714,0.788,0.0,0.418,0.131,0
9980,76,0,6,0.833,0.487,0.472,1.0,-0.122,0.088,0
9981,73,1,11,0.826,0.516,1.031,0.0,0.559,0.112,1
9982,69,0,3,0.873,0.745,0.526,0.5,-0.102,0.334,0
9983,42,0,5,0.944,0.555,0.581,0.5,0.336,0.136,0
9984,30,0,7,0.79,0.409,0.532,0.0,-0.096,-0.16,0
9985,47,0,5,0.909,0.7,0.74,0.5,0.28,0.003,1
9986,60,0,11,0.934,0.349,1.144,0.0,0.656,0.321,0
9987,43,0,6,0.886,0.598,0.54,0.25,0.179,0.392,0
9988,65,0,6,0.96,0.636,0.703,0.5,0.531,0.054,0
9989,55,0,7,0.656,0.624,1.071,0.0,0.806,-0.027,1
9990,51,1,12,0.863,0.669,0.811,1.0,0.119,0.006,1
9991,58,1,5,0.647,0.6,0.355,0.0,0.064,-0.013,0
9992,70,1,4,0.791,0.76,0.532,0.0,0.298,-0.088,0
9993,30,1,7,1.035,0.683,0.465,0.0,-0.235,0.305,0
9994,68,1,5,0.712,0.696,0.249,0.0,-0.162,-0.234,0
9995,67,1,8,1.096,0.614,0.573,0.0,0.337,0.48,0
9996,46,0,12,0.999,0.619,1.144,0.0,0.645,0.318,0
9997,71,1,8,0.991,0.518,0.698,0.0,0.04,0.356,0
9998,40,0,6,0.93,0.7,0.724,0.5,0.24,0.169,1
9999,49,0,5,0.951,0.49,0.835,0.5,0.422,0.212,0
