patient_id,age,sex,n_visits,hr_last,sbp_last,wbc_last,diag_last,wbc_trend,hr_trend,label
0,47,1,4,0.851,0.601,0.7,0.0,0.133,0.189,0
1,46,0,7,0.666,0.569,0.767,0.0,0.787,-0.089,0
2,48,1,4,0.851,0.523,0.616,0.5,0.191,0.184,0
3,41,0,10,0.923,0.656,0.884,0.0,0.277,-0.057,0
4,30,0,3,0.799,0.599,0.707,0.5,0.045,0.122,1
5,53,1,9,0.79,0.7,0.593,1.0,0.135,0.108,0
6,80,1,4,0.547,0.636,0.348,0.0,-0.269,-0.216,0
7,46,0,5,0.989,0.513,0.989,0.0,0.742,0.359,0
8,78,0,3,0.603,0.554,0.593,0.0,0.29,-0.09,0
9,45,0,9,1.004,0.495,0.989,0.0,0.54,0.304,1
10,69,0,8,1.004,0.7,0.785,0.5,0.223,0.22,0
11,44,1,6,0.661,0.622,0.84,0.0,0.179,-0.08,0
12,45,1,7,0.968,0.565,0.766,0.0,0.452,-0.013,1
13,67,1,8,0.918,0.568,0.442,0.0,-0.019,0.055,0
14,54,1,9,0.914,0.691,1.146,0.25,0.593,0.092,0
15,72,0,5,0.779,0.637,0.989,0.0,0.697,0.034,1
16,59,1,11,1.045,0.557,0.951,0.25,0.482,0.364,0
17,48,0,9,0.772,0.603,0.569,0.75,0.155,0.251,0
18,50,1,5,0.963,0.702,0.722,0.0,0.455,0.218,0
19,47,0,12,1.001,0.7,1.077,0.25,0.8,0.478,1
20,58,0,7,0.9,0.522,0.542,0.0,0.315,0.167,0
21,33,0,4,0.853,0.711,0.599,0.0,0.414,0.243,0
22,82,0,9,1.039,0.77,0.814,0.5,0.479,0.293,1
23,41,0,5,0.836,0.604,0.564,0.75,-0.19,0.108,0
24,42,1,10,1.035,0.622,1.001,0.0,0.408,0.325,0
25,51,1,12,0.916,0.542,0.808,0.25,0.526,0.205,0
26,63,0,10,1.005,0.644,0.919,0.0,0.458,0.439,0
27,80,1,10,0.845,0.503,0.865,0.0,0.448,0.15,0
28,51,0,7,0.935,0.607,0.764,0.0,0.134,0.147,0
29,61,1,9,1.085,0.566,0.656,0.0,0.295,0.343,1
30,67,1,11,0.962,0.647,1.207,0.0,0.753,0.262,1
31,49,1,6,0.661,0.613,0.614,0.0,0.192,0.082,0
32,38,0,6,0.738,0.597,0.713,0.0,0.192,-0.023,0
33,63,1,7,0.725,0.402,0.468,0.5,0.183,0.083,0
34,38,0,8,0.892,0.381,0.7,0.5,0.181,-0.072,0
35,71,0,7,0.89,0.54,0.854,0.5,0.491,0.137,0
36,43,1,5,0.639,0.701,0.397,0.0,-0.144,-0.104,0
37,40,0,12,0.967,0.506,0.869,1.0,0.473,0.216,0
38,40,1,7,0.857,0.66,0.469,0.0,-0.136,0.1,0
39,39,0,4,1.024,0.455,0.414,1.0,0.003,0.402,0
40,56,0,10,0.853,0.666,1.024,0.0,0.659,-0.235,0
41,64,0,4,0.715,0.73,0.761,0.0,0.516,-0.004,0
42,53,0,3,0.74,0.523,0.529,0.75,0.205,-0.002,0
43,68,0,3,0.626,0.719,0.434,0.0,-0.532,-0.063,0
44,70,0,11,0.914,0.488,1.074,0.25,0.335,0.314,0
45,49,0,6,0.741,0.501,0.726,0.0,0.167,0.126,1
46,83,1,5,0.813,0.573,0.532,0.0,0.066,0.032,0
47,33,0,6,0.905,0.592,0.604,0.5,0.095,0.281,0
48,72,0,9,0.849,0.531,0.847,1.0,0.202,0.029,0
49,41,1,11,0.777,0.634,1.046,0.0,1.159,0.229,0
50,76,0,8,0.7,0.592,0.458,0.5,0.259,-0.066,0
51,50,1,5,0.886,0.7,0.646,0.0,0.34,0.243,0
52,63,0,4,0.845,0.481,0.69,0.5,0.245,0.148,1
53,59,1,12,0.819,0.5,0.7,0.0,0.128,0.061,0
54,35,1,6,0.718,0.597,0.342,1.0,-0.075,0.018,0
55,67,1,9,0.973,0.524,0.569,0.0,0.055,0.259,0
56,39,1,12,1.037,0.505,0.78,0.0,0.346,0.337,0
57,72,1,8,0.817,0.609,0.693,0.0,0.167,0.197,0
58,43,1,11,0.699,0.446,0.84,0.25,0.487,-0.03,0
59,60,0,3,0.972,0.617,0.617,0.5,0.154,0.215,0
60,56,0,6,0.746,0.655,0.486,0.0,-0.01,0.042,0
61,39,0,12,1.062,0.625,0.959,0.25,0.462,0.362,0
62,73,0,12,0.787,0.57,0.982,0.5,0.672,-0.054,0
63,60,1,5,0.781,0.578,0.678,0.0,-0.005,-0.115,0
64,64,0,9,0.937,0.487,1.031,0.75,0.907,0.043,0
65,61,1,6,0.758,0.749,0.722,0.0,-0.193,0.019,0
66,30,1,12,1.01,0.468,0.829,0.5,0.472,0.115,0
67,33,1,8,0.77,0.685,0.459,0.0,-0.123,-0.049,0
68,77,0,4,0.843,0.508,0.428,0.0,0.238,-0.112,0
69,52,1,7,0.703,0.626,0.561,0.25,0.093,0.144,0
70,52,0,6,0.796,0.59,0.675,1.0,0.28,0.033,0
71,34,1,7,0.921,0.467,0.549,0.5,-0.183,0.26,0
72,74,1,3,0.773,0.556,0.84,0.0,0.576,0.144,1
73,63,1,7,0.922,0.678,0.549,1.0,0.038,0.144,0
74,55,0,4,0.573,0.631,0.488,0.0,0.044,0.168,0
75,65,1,10,0.862,0.635,0.969,0.0,0.596,0.234,0
76,50,0,6,0.89,0.561,0.482,0.25,0.211,0.329,0
77,36,0,8,0.7,0.474,0.698,0.0,0.51,-0.218,0
78,81,1,8,0.872,0.505,0.99,0.5,0.746,0.209,0
79,65,1,11,1.069,0.519,0.941,0.0,0.465,0.495,1
80,66,0,7,0.748,0.664,0.743,0.0,-0.07,-0.168,0
81,84,0,10,1.083,0.6,1.008,0.5,0.708,0.515,0
82,55,0,12,1.197,0.546,0.981,0.0,0.377,0.363,0
83,70,0,3,0.627,0.673,0.443,0.0,0.135,-0.238,0
84,77,1,5,0.985,0.658,0.813,0.0,0.577,0.373,1
85,31,1,12,0.857,0.43,0.884,0.25,0.401,-0.044,0
86,78,1,10,0.891,0.66,0.518,1.0,0.241,0.071,0
87,38,0,4,1.07,0.643,0.727,0.5,0.085,0.59,0
88,72,1,11,0.993,0.531,0.908,0.5,0.56,0.202,0
89,35,1,6,0.748,0.631,0.473,1.0,0.062,-0.029,0
90,60,0,3,0.803,0.645,0.548,0.25,-0.207,0.117,0
91,41,1,12,1.053,0.477,0.882,0.0,0.574,0.419,0
92,73,0,12,0.864,0.659,0.682,0.0,0.202,0.211,1
93,61,1,3,0.624,0.585,0.622,0.5,0.393,-0.096,1
94,48,0,7,0.989,0.557,0.908,0.0,0.414,0.243,1
95,83,1,4,0.651,0.582,0.944,0.0,0.553,0.032,0
96,36,0,11,0.7,0.593,0.933,0.75,0.431,0.148,0
97,66,0,5,0.855,0.603,0.648,0.0,0.118,0.111,0
98,36,1,12,0.908,0.703,0.839,1.0,0.019,0.322,0
99,45,1,9,0.941,0.673,0.533,0.0,-0.013,0.267,0
100,33,1,7,0.672,0.7,0.9,1.0,0.28,-0.012,1
101,69,0,6,0.931,0.473,0.765,0.0,0.519,0.415,0
102,65,1,5,0.706,0.491,0.705,0.5,0.477,-0.096,0
103,78,0,8,0.809,0.423,0.654,0.25,0.102,0.269,0
104,36,1,7,0.886,0.419,0.882,1.0,0.428,0.086,0
105,59,1,5,0.974,0.738,0.793,0.25,0.189,0.263,0
106,47,0,5,0.735,0.594,0.797,0.0,0.298,0.056,0
107,39,0,9,0.961,0.559,0.633,0.0,0.157,0.116,0
108,75,0,6,0.827,0.699,0.648,0.0,0.329,0.089,0
109,41,1,9,0.687,0.55,0.864,0.5,0.358,0.016,1
110,40,1,4,1.188,0.547,0.607,0.25,0.01,0.198,0
111,33,0,5,0.656,0.7,0.722,0.0,0.287,-0.42,0
112,50,1,7,0.727,0.557,0.697,0.0,-0.003,0.03,0
113,33,0,9,0.844,0.773,0.631,0.0,0.072,0.089,0
114,54,0,11,0.963,0.482,0.849,0.75,0.346,0.08,0
115,42,1,11,0.885,0.445,0.63,0.0,0.282,0.154,0
116,31,0,8,0.899,0.595,0.707,0.0,0.44,0.246,0
117,45,1,10,0.776,0.582,0.747,1.0,0.364,-0.081,0
118,34,0,4,0.849,0.537,0.7,0.0,0.37,0.407,0
119,42,1,5,0.915,0.599,0.42,0.0,-0.333,0.419,0
120,61,1,6,0.929,0.53,0.448,0.0,0.023,-0.002,0
121,41,0,3,0.716,0.602,0.412,0.0,-0.125,-0.014,0
122,48,0,4,0.687,0.638,0.384,0.0,-0.202,-0.122,0
123,49,0,5,0.73,0.573,0.612,0.5,-0.262,0.102,0
124,55,1,6,1.027,0.635,0.749,1.0,0.106,0.449,0
125,31,0,12,0.967,0.611,0.937,1.0,0.467,0.274,0
126,62,1,8,0.805,0.377,0.533,0.0,0.144,0.058,0
127,62,0,12,1.037,0.394,0.899,0.0,0.342,0.321,0
128,83,1,8,1.135,0.526,0.622,0.75,0.312,0.503,0
129,36,0,12,0.879,0.519,1.069,0.5,0.616,-0.085,0
130,60,0,6,1.067,0.621,0.86,0.25,0.115,0.184,0
131,80,0,5,0.676,0.555,0.823,0.25,0.23,0.034,1
132,34,1,9,0.903,0.44,0.728,0.0,0.31,0.123,0
133,40,0,5,0.916,0.573,0.735,0.0,0.403,0.063,0
134,33,1,5,0.855,0.633,0.519,0.5,0.15,-0.006,0
135,56,0,10,0.963,0.611,0.611,0.0,0.405,0.137,0
136,75,0,6,0.63,0.53,0.646,0.75,0.058,-0.222,0
137,84,0,8,0.905,0.591,0.474,0.0,-0.173,0.339,0
138,35,0,4,0.87,0.584,0.689,0.5,0.121,-0.038,0
139,40,0,12,0.958,0.488,1.174,0.75,0.617,0.161,0
140,82,1,7,0.727,0.509,0.892,0.5,0.434,-0.057,0
141,77,1,4,0.939,0.533,0.529,0.0,0.235,0.219,0
142,55,1,11,0.974,0.611,1.034,1.0,0.767,0.352,0
143,60,1,6,0.781,0.508,0.676,0.0,0.326,0.154,1
144,57,1,10,0.928,0.695,0.738,0.5,0.091,0.053,0
145,52,0,12,1.011,0.529,0.864,0.25,0.306,0.402,0
146,49,1,12,1.016,0.506,0.796,0.0,0.164,0.333,0
147,72,0,7,0.915,0.647,0.463,0.0,-0.235,-0.031,0
148,63,1,6,0.867,0.579,0.553,0.0,0.127,0.16,0
149,31,1,4,0.973,0.657,0.49,0.0,0.2,0.109,0
150,82,1,9,0.824,0.569,0.806,0.5,0.137,-0.122,0
151,51,1,10,0.907,0.293,0.64,0.5,0.036,0.198,0
152,31,1,6,0.871,0.757,0.836,0.75,0.087,0.015,0
153,66,0,10,0.831,0.539,0.943,0.0,0.234,0.234,1
154,79,1,6,0.974,0.612,0.683,0.0,0.443,0.275,0
155,40,1,9,1.087,0.39,0.754,0.0,0.13,0.323,0
156,33,1,9,1.018,0.619,1.056,0.5,0.629,0.285,0
157,39,1,11,1.133,0.566,0.918,0.25,0.333,0.433,0
158,56,1,4,0.723,0.584,0.832,0.0,0.314,0.004,0
159,60,1,4,1.105,0.494,0.569,1.0,0.178,0.425,0
160,43,0,5,0.691,0.72,0.879,0.0,0.412,-0.272,0
161,39,0,6,0.835,0.543,0.808,0.25,0.195,0.269,0
162,56,1,5,0.853,0.5,0.512,0.0,-0.005,0.168,0
163,61,0,7,0.856,0.577,0.695,0.0,0.039,0.035,0
164,71,0,10,0.857,0.434,0.774,0.0,0.587,0.163,0
165,39,1,11,0.915,0.668,0.848,1.0,0.306,0.195,0
166,36,1,4,0.874,0.548,0.86,0.0,0.18,0.295,0
167,84,0,3,0.905,0.564,0.51,0.0,0.165,0.225,0
168,78,0,3,0.7,0.572,0.657,0.25,0.361,-0.157,0
169,59,0,9,1.076,0.7,0.979,0.0,0.687,0.478,0
170,80,1,4,0.7,0.472,0.605,0.5,0.119,-0.076,0
171,51,0,12,0.839,0.643,0.657,0.0,0.16,0.051,0
172,50,1,11,0.81,0.558,0.861,0.5,0.363,0.125,0
173,59,1,10,1.144,0.479,0.764,0.0,0.203,0.474,1
174,33,1,9,1.139,0.542,0.785,0.0,0.085,0.382,1
175,69,1,3,0.853,0.689,0.562,0.25,-0.02,0.232,1
176,73,1,10,0.81,0.618,0.696,1.0,0.181,0.147,1
177,33,1,5,0.78,0.625,0.738,0.0,0.097,-0.164,1
178,67,0,10,0.857,0.433,0.808,0.25,0.406,0.265,0
179,36,1,6,1.275,0.656,0.699,1.0,0.337,0.584,0
180,53,0,10,0.93,0.538,0.776,0.75,0.198,0.294,1
181,64,1,12,0.99,0.574,0.861,0.0,0.167,0.216,0
182,64,0,7,0.939,0.69,0.933,0.5,0.596,0.414,0
183,72,0,6,0.711,0.536,0.487,1.0,0.173,-0.099,0
184,69,1,3,0.652,0.634,0.432,0.25,-0.031,-0.034,0
185,56,0,12,1.025,0.542,0.839,0.0,0.524,0.335,0
186,31,1,7,0.844,0.5,0.898,0.75,0.956,0.177,0
187,56,0,10,0.794,0.578,0.844,0.0,0.572,0.141,0
188,66,1,12,0.656,0.46,0.937,0.25,0.585,-0.295,0
189,65,0,9,0.838,0.528,0.828,0.25,0.126,0.179,1
190,57,0,11,1.033,0.539,0.991,1.0,0.427,0.362,0
191,31,1,12,0.898,0.604,0.889,0.0,0.622,0.251,0
192,56,1,9,1.102,0.56,0.71,0.5,0.362,0.308,0
193,54,0,12,0.949,0.533,0.99,0.0,0.651,0.441,0
194,81,0,4,0.644,0.574,0.61,0.0,-0.027,-0.165,0
195,64,0,3,0.979,0.697,0.625,0.0,0.114,0.12,0
196,40,0,8,0.991,0.558,0.991,0.5,0.479,0.332,0
197,48,0,12,1.196,0.534,0.707,0.75,0.33,0.478,0
198,58,1,12,0.972,0.541,1.02,0.75,0.618,0.081,0
199,78,0,5,0.795,0.66,0.629,0.0,0.04,0.065,0
200,62,0,10,0.783,0.412,0.71,0.0,0.342,0.025,0
201,65,1,5,0.728,0.795,0.863,0.25,0.273,0.001,0
202,33,0,9,0.778,0.476,0.574,0.0,0.077,-0.126,0
203,43,0,9,1.042,0.46,0.988,0.0,0.626,0.069,0
204,44,0,12,1.048,0.535,1.036,0.5,0.797,0.388,0
205,64,1,3,0.824,0.621,0.513,0.0,-0.056,0.111,0
206,63,1,10,0.762,0.637,0.884,0.5,0.488,0.129,0
207,61,1,12,1.126,0.489,0.943,0.0,0.441,0.383,0
208,32,0,9,0.7,0.523,0.659,0.25,0.215,-0.272,0
209,56,0,7,0.796,0.492,0.66,0.0,0.183,0.08,0
210,78,1,4,0.747,0.644,0.362,1.0,-0.307,-0.029,0
211,70,0,6,0.843,0.671,0.512,0.25,0.088,0.158,0
212,71,1,7,0.75,0.464,0.705,0.0,0.372,0.206,0
213,55,1,7,0.796,0.797,0.619,0.0,0.236,-0.173,0
214,67,0,6,1.005,0.64,0.739,0.0,0.535,0.227,0
215,49,0,5,0.859,0.724,0.631,0.0,0.074,-0.165,0
216,72,0,11,0.692,0.696,0.915,0.0,0.39,-0.106,0
217,37,1,11,1.111,0.53,0.668,1.0,0.204,0.295,0
218,42,1,12,1.116,0.56,0.761,0.0,0.195,0.476,1
219,45,0,10,0.893,0.582,0.692,0.25,0.232,-0.109,0
220,47,1,6,0.953,0.475,0.746,0.0,0.121,0.301,1
221,62,0,6,0.7,0.66,0.666,0.25,0.184,-0.138,0
222,42,0,7,0.693,0.586,0.943,0.5,0.341,-0.075,0
223,34,1,9,0.967,0.491,0.631,0.0,-0.069,0.251,0
224,44,0,6,0.819,0.529,0.388,0.75,0.085,0.287,0
225,33,0,5,0.676,0.527,0.631,0.5,0.515,-0.036,0
226,79,0,6,0.947,0.594,0.941,0.0,0.226,0.222,1
227,69,0,12,0.992,0.616,1.104,1.0,0.34,0.012,1
228,47,1,7,1.14,0.57,0.653,0.0,0.284,0.467,0
229,83,1,9,1.119,0.502,0.91,0.25,0.526,0.522,1
230,47,0,12,0.809,0.447,0.888,0.0,0.501,0.091,0
231,77,0,10,0.713,0.484,0.604,0.5,0.04,-0.028,0
232,37,0,6,1.092,0.633,0.668,0.0,0.188,0.214,0
233,53,0,10,1.002,0.515,0.875,0.0,0.342,0.316,0
234,69,1,10,1.132,0.7,1.018,0.25,0.624,0.554,0
235,81,0,5,0.796,0.666,0.619,0.0,0.187,0.014,0
236,63,1,6,0.862,0.595,0.72,0.0,0.328,0.012,0
237,50,1,6,0.725,0.712,0.414,0.25,-0.109,-0.265,0
238,58,0,11,0.857,0.463,0.757,0.75,0.214,0.406,0
239,84,1,10,0.913,0.425,0.808,0.0,0.263,0.28,0
240,79,1,11,0.903,0.601,1.001,0.0,0.612,0.023,0
241,71,1,9,0.7,0.669,1.009,0.5,0.652,-0.228,0
242,65,1,9,0.937,0.593,0.72,1.0,0.194,0.112,0
243,54,0,8,0.7,0.646,0.781,0.0,0.454,-0.078,0
244,45,1,7,0.945,0.507,0.736,0.25,0.118,0.019,0
245,62,0,7,0.937,0.653,0.67,0.75,-0.13,0.03,0
246,42,1,9,0.806,0.685,0.861,1.0,0.377,0.047,0
247,47,1,7,0.845,0.559,0.828,1.0,0.423,0.145,1
248,69,0,7,1.073,0.525,0.743,0.5,0.117,0.587,1
249,64,0,5,0.584,0.575,0.876,0.0,0.327,-0.26,1
250,36,0,3,0.872,0.752,0.491,0.5,-0.151,0.333,0
251,84,1,5,0.823,0.604,0.62,0.5,0.158,-0.013,0
252,82,0,4,0.629,0.513,0.689,0.25,0.278,-0.013,0
253,38,0,10,0.83,0.403,0.886,0.0,0.491,0.042,0
254,58,1,4,0.681,0.688,0.563,0.0,-0.027,-0.273,0
255,49,1,6,0.941,0.659,0.924,0.0,0.419,0.351,0
256,43,0,8,0.851,0.606,0.664,0.0,0.025,-0.066,0
257,49,0,6,0.799,0.595,0.577,0.75,0.142,0.007,0
258,84,1,3,0.762,0.547,0.532,0.0,-0.168,0.197,0
259,32,1,12,0.825,0.522,1.07,0.5,0.779,0.19,1
260,53,0,8,0.874,0.537,0.553,0.0,0.04,0.039,0
261,45,1,7,0.992,0.647,0.601,0.75,0.272,0.342,0
262,59,1,6,0.82,0.445,0.639,0.0,0.337,0.017,0
263,71,0,6,0.929,0.527,0.505,0.25,0.121,0.097,0
264,62,1,10,0.822,0.558,0.672,0.0,0.437,0.183,1
265,64,0,12,1.004,0.7,0.654,0.0,0.219,0.304,0
266,78,0,11,1.09,0.508,0.606,0.25,0.18,0.27,0
267,81,1,8,0.937,0.43,0.69,0.25,0.243,0.387,1
268,83,0,3,0.793,0.6,0.454,0.0,-0.128,0.093,0
269,56,0,3,0.603,0.643,0.463,0.5,0.005,-0.105,0
270,80,0,9,0.759,0.421,0.7,0.75,0.133,-0.079,0
271,57,1,12,0.838,0.613,0.932,0.25,0.321,0.088,0
272,46,0,5,0.766,0.587,0.55,0.0,0.034,0.066,0
273,84,0,8,0.686,0.515,0.787,0.0,0.213,0.072,0
274,71,0,11,0.842,0.59,0.711,0.0,0.162,0.028,1
275,72,1,8,0.895,0.554,0.829,0.5,0.277,0.077,1
276,30,0,4,0.802,0.522,0.511,0.5,0.032,-0.109,0
277,70,1,5,0.931,0.601,0.754,0.0,0.327,0.263,1
278,62,0,9,0.817,0.668,1.012,0.0,0.468,0.097,0
279,36,1,12,0.945,0.518,0.755,0.0,0.453,0.108,0
280,67,1,6,0.871,0.529,0.83,1.0,0.435,0.103,1
281,47,0,10,0.731,0.7,0.996,0.5,0.33,-0.041,0
282,41,0,5,0.8,0.527,0.693,0.0,0.181,0.029,0
283,71,0,12,1.051,0.629,0.958,0.0,0.886,0.331,1
284,53,1,7,1.072,0.606,0.671,0.0,0.192,0.176,0
285,82,0,7,0.702,0.666,0.529,0.5,0.056,-0.001,0
286,37,0,12,0.906,0.498,1.038,0.0,0.581,0.028,0
287,83,0,12,1.044,0.581,0.807,0.75,0.473,0.222,0
288,46,0,9,0.953,0.661,0.89,0.0,0.463,0.135,0
289,82,0,10,0.919,0.612,0.902,0.0,0.55,0.278,1
290,50,1,9,0.996,0.493,0.683,0.25,0.321,0.199,0
291,75,0,3,0.747,0.629,0.715,0.0,0.175,-0.215,0
292,78,0,8,1.029,0.774,0.7,0.25,0.488,0.141,0
293,36,0,3,1.084,0.521,0.446,1.0,0.067,0.426,0
294,80,0,6,0.776,0.594,0.492,0.75,-0.034,-0.07,1
295,60,0,6,0.818,0.528,0.588,1.0,0.151,-0.01,0
296,45,1,3,0.805,0.633,0.7,0.5,0.039,0.26,0
297,68,0,7,0.781,0.696,0.914,0.5,0.264,0.202,0
298,55,1,11,1.072,0.563,0.863,0.75,0.492,0.448,0
299,52,0,12,1.038,0.327,0.7,0.75,0.341,0.561,0
300,37,0,6,1.246,0.663,0.691,0.25,0.016,0.464,0
301,42,1,8,0.837,0.549,0.887,0.25,0.41,0.173,0
302,78,1,6,0.978,0.477,0.579,0.0,0.022,0.417,0
303,81,0,12,1.207,0.591,0.914,0.25,0.331,0.571,0
304,31,1,9,0.908,0.579,0.815,0.0,-0.059,0.16,0
305,71,0,10,1.119,0.689,0.972,1.0,0.741,0.277,1
306,45,0,6,0.813,0.659,0.677,0.0,0.095,-0.017,0
307,47,1,9,1.13,0.694,0.667,1.0,0.019,0.19,0
308,33,0,3,0.786,0.629,0.636,1.0,0.491,-0.016,0
309,81,1,5,0.781,0.567,0.515,1.0,0.363,-0.143,0
310,61,1,7,1.029,0.528,0.773,0.5,0.342,0.321,0
311,69,1,12,0.956,0.467,0.874,0.0,0.339,0.133,0
312,32,0,9,0.869,0.526,1.001,0.0,0.663,-0.008,0
313,52,1,5,0.799,0.563,0.611,0.0,0.161,0.223,0
314,35,1,12,0.79,0.487,0.821,0.25,0.3,-0.053,0
315,43,0,10,1.255,0.576,0.725,0.0,0.038,0.437,1
316,40,0,6,0.863,0.549,0.422,0.5,-0.21,-0.121,0
317,50,0,4,0.957,0.7,0.43,0.0,0.149,-0.044,0
318,79,1,12,1.155,0.652,0.786,0.25,0.174,0.426,0
319,66,0,3,0.7,0.665,0.628,0.25,0.18,-0.023,0
320,42,0,10,0.86,0.556,0.784,0.0,0.366,0.222,0
321,32,1,4,1.054,0.604,0.391,0.0,-0.188,0.34,0
322,47,1,5,0.7,0.499,0.347,0.0,-0.098,-0.102,0
323,64,1,7,0.765,0.651,0.942,0.25,0.272,-0.068,0
324,65,1,3,0.858,0.487,0.57,0.5,0.13,0.064,0
325,83,0,6,0.742,0.619,0.832,1.0,0.132,-0.137,0
326,70,0,11,0.942,0.478,1.01,0.5,0.353,0.216,1
327,78,1,10,1.109,0.504,0.425,1.0,-0.034,0.381,0
328,33,0,8,0.757,0.59,0.587,0.75,0.139,-0.099,0
329,59,0,8,1.151,0.587,0.81,0.0,0.542,0.223,1
330,64,1,6,0.905,0.5,0.679,0.25,-0.015,0.109,0
331,71,1,8,0.847,0.517,0.646,0.25,0.266,0.251,0
332,59,1,9,0.897,0.579,0.741,0.0,0.457,0.197,1
333,45,1,10,0.797,0.511,1.327,0.75,1.246,-0.015,0
334,36,0,10,0.999,0.493,0.771,0.75,0.397,0.483,0
335,50,1,3,0.698,0.493,0.768,0.0,0.265,0.221,0
336,52,1,10,0.952,0.617,0.775,0.0,0.319,0.107,0
337,34,0,12,1.029,0.7,0.741,0.0,0.159,0.226,0
338,47,0,10,1.026,0.573,0.806,0.25,0.408,0.172,0
339,50,0,3,0.611,0.571,0.404,0.75,-0.423,0.061,0
340,71,1,7,0.945,0.69,0.635,0.0,0.266,0.059,0
341,36,0,3,0.88,0.456,0.378,0.25,-0.277,0.007,0
342,48,1,10,0.913,0.414,0.792,0.75,0.27,0.231,0
343,76,0,3,0.812,0.794,0.398,0.5,-0.381,0.156,0
344,33,0,12,0.854,0.624,0.782,0.5,0.239,-0.06,0
345,43,1,7,0.88,0.39,0.93,0.25,0.395,0.22,1
346,81,0,6,0.863,0.711,0.891,0.0,0.552,-0.089,0
347,34,1,8,0.87,0.569,0.665,0.75,-0.031,0.265,0
348,43,0,7,0.875,0.617,0.832,0.75,0.234,0.175,0
349,42,1,5,0.8,0.6,0.701,0.75,0.001,-0.141,1
350,45,1,7,0.765,0.679,0.56,0.0,-0.167,0.157,0
351,81,1,10,1.012,0.591,1.053,1.0,0.708,0.28,0
352,71,1,8,0.893,0.665,0.676,0.25,0.45,0.101,1
353,76,0,3,0.773,0.668,0.7,0.0,0.504,-0.107,0
354,33,1,7,0.854,0.585,0.869,0.0,0.477,0.016,0
355,35,1,7,0.859,0.599,0.816,0.25,0.424,0.15,0
356,54,1,11,0.804,0.616,0.891,0.0,0.234,0.209,0
357,81,1,12,0.691,0.53,0.738,0.5,0.292,-0.056,0
358,37,1,7,0.746,0.626,0.755,0.0,0.317,-0.154,0
359,49,0,10,1.043,0.388,0.688,0.0,0.32,0.148,0
360,58,0,8,0.84,0.613,1.019,0.0,0.451,-0.213,1
361,30,0,8,0.744,0.538,0.788,0.0,0.368,0.114,0
362,40,1,6,0.683,0.708,0.473,0.5,-0.048,0.095,0
363,44,0,10,0.808,0.677,0.846,0.75,0.377,0.054,0
364,82,0,12,1.062,0.57,0.775,0.0,0.451,0.245,1
365,67,1,7,1.1,0.473,0.676,1.0,0.201,0.526,1
366,49,1,11,0.928,0.681,0.808,0.5,0.396,0.234,0
367,61,0,7,0.804,0.587,0.531,0.0,0.139,0.064,0
368,63,1,3,0.722,0.583,0.682,0.75,0.026,-0.159,0
369,34,0,12,1.381,0.632,0.542,0.0,0.079,0.614,0
370,67,0,4,0.92,0.57,0.163,0.0,-0.323,0.014,0
371,69,0,5,0.96,0.608,0.698,0.0,0.295,0.152,0
372,58,1,6,0.948,0.58,0.441,0.0,-0.042,0.222,0
373,46,1,6,0.858,0.542,0.886,0.0,0.249,0.28,0
374,83,1,12,0.973,0.472,0.826,0.25,0.473,0.166,1
375,32,0,4,0.842,0.582,0.396,0.25,-0.319,0.128,0
376,63,0,7,0.803,0.568,0.677,0.0,0.254,0.023,0
377,33,0,6,0.804,0.692,0.728,0.25,0.404,0.143,0
378,72,0,5,0.723,0.701,0.65,0.5,0.247,0.03,0
379,67,1,4,0.86,0.626,0.75,0.0,0.429,0.171,0
380,44,0,8,0.957,0.674,0.747,1.0,0.485,0.075,0
381,64,1,10,1.118,0.597,0.876,0.0,0.422,0.375,1
382,66,1,5,0.957,0.493,0.53,0.0,-0.032,0.134,0
383,72,0,11,0.884,0.52,0.7,0.5,-0.051,0.044,0
384,84,1,3,0.949,0.615,0.625,0.0,0.178,-0.024,0
385,63,0,6,0.807,0.547,0.553,0.25,0.008,0.192,0
386,40,0,9,0.7,0.728,0.67,0.25,0.377,-0.021,1
387,72,0,6,0.813,0.65,0.54,1.0,0.099,-0.012,0
388,41,1,12,0.899,0.658,0.918,0.5,0.396,0.166,0
389,73,1,7,0.822,0.664,0.623,0.75,0.079,0.076,0
390,77,0,9,0.905,0.575,0.668,0.25,0.169,0.326,0
391,36,0,9,0.831,0.518,0.763,0.5,0.3,0.078,0
392,39,0,9,1.025,0.453,0.555,1.0,0.052,0.169,0
393,58,1,3,0.714,0.63,0.853,0.0,0.316,0.011,0
394,45,0,10,1.045,0.7,0.819,0.0,0.223,0.117,0
395,46,1,5,0.7,0.592,0.676,0.0,0.217,-0.159,1
396,42,0,11,1.015,0.496,1.033,0.25,0.573,0.351,0
397,43,1,12,0.974,0.489,0.673,0.5,0.282,0.274,0
398,38,0,6,1.003,0.7,0.407,0.5,-0.008,0.352,0
399,65,0,5,1.095,0.703,0.779,0.0,0.355,0.203,0
400,44,1,7,0.851,0.628,0.789,0.5,0.261,0.159,0
401,67,0,12,0.899,0.601,0.7,0.5,0.308,0.102,0
402,38,1,3,0.808,0.763,0.334,0.0,-0.031,0.143,0
403,64,1,6,0.993,0.681,0.596,0.75,0.132,0.419,0
404,32,1,5,0.897,0.558,0.7,0.0,0.456,0.068,0
405,71,0,9,1.069,0.54,0.799,0.0,0.34,0.369,0
406,65,1,5,0.856,0.667,0.642,0.5,0.063,0.066,0
407,58,1,6,0.757,0.759,0.449,0.0,-0.022,-0.001,0
408,79,0,4,0.802,0.629,0.661,0.0,0.008,-0.078,1
409,76,1,11,1.028,0.493,0.962,1.0,0.63,0.248,1
410,55,1,3,0.869,0.626,0.465,0.0,-0.259,0.142,0
411,51,1,5,0.917,0.511,0.515,0.0,0.277,-0.002,0
412,47,0,12,0.975,0.518,1.061,0.5,0.318,0.291,0
413,41,1,12,0.775,0.575,0.768,0.75,0.265,0.112,0
414,61,0,4,0.921,0.594,0.566,1.0,0.207,0.101,0
415,67,1,11,0.968,0.541,0.929,1.0,0.38,0.088,0
416,36,1,11,0.881,0.605,0.608,0.0,-0.023,0.083,0
417,44,1,7,1.022,0.594,0.447,0.0,-0.266,0.234,0
418,38,0,11,0.653,0.556,0.655,0.5,0.499,-0.341,0
419,33,0,8,0.801,0.532,0.6,0.0,0.193,-0.1,0
420,64,1,9,0.872,0.56,0.766,0.25,0.473,-0.079,0
421,51,1,12,0.883,0.488,0.924,0.0,0.417,0.017,0
422,73,1,10,0.917,0.609,1.084,0.0,0.538,0.25,0
423,71,0,5,0.983,0.7,0.639,0.5,0.008,0.036,0
424,44,1,10,0.953,0.68,1.018,0.0,0.391,0.139,0
425,58,1,11,0.97,0.614,0.748,0.25,0.12,0.213,0
426,44,1,4,0.943,0.6,0.858,0.75,0.552,0.045,0
427,63,0,6,0.972,0.618,0.633,0.75,0.081,0.314,0
428,76,0,10,0.946,0.57,0.848,0.0,0.377,0.153,1
429,68,1,12,0.938,0.573,0.999,0.0,0.51,0.127,0
430,74,1,12,0.756,0.561,1.201,0.25,0.969,0.236,0
431,66,0,4,0.611,0.723,0.563,0.0,-0.106,-0.17,0
432,66,0,8,0.995,0.542,0.834,1.0,0.083,0.248,0
433,84,0,8,0.83,0.613,0.627,0.0,0.285,-0.182,0
434,36,1,5,0.732,0.691,0.563,0.0,0.16,0.121,0
435,32,1,10,1.095,0.574,1.026,0.0,0.53,0.452,0
436,59,0,6,0.808,0.654,0.864,0.0,0.262,0.026,0
437,60,1,7,0.887,0.613,0.93,0.75,0.464,0.187,0
438,81,1,12,0.863,0.454,0.7,0.0,0.089,0.422,1
439,84,0,5,0.789,0.538,0.333,0.5,0.113,0.141,0
440,55,1,6,0.823,0.498,0.719,0.5,0.304,-0.0,1
441,39,0,7,0.885,0.648,1.047,0.25,0.862,0.116,0
442,68,0,3,0.732,0.693,0.757,0.0,0.148,-0.125,0
443,81,1,11,0.7,0.541,1.028,0.0,0.419,-0.058,0
444,78,1,3,0.899,0.496,0.216,0.0,-0.123,0.19,0
445,42,1,5,0.814,0.643,0.482,0.0,-0.17,0.105,0
446,59,0,5,0.783,0.76,0.648,0.75,-0.055,0.026,0
447,34,1,10,1.017,0.524,0.95,0.75,0.41,0.144,0
448,81,0,3,0.811,0.703,0.444,0.0,-0.258,-0.004,0
449,64,0,10,0.808,0.619,0.706,0.0,-0.196,-0.028,0
450,81,1,7,1.048,0.516,0.86,0.0,0.654,0.196,0
451,75,1,7,0.72,0.571,0.7,0.0,0.205,0.162,0
452,70,1,4,0.854,0.509,0.738,0.25,0.566,0.189,0
453,80,1,6,0.931,0.696,0.721,0.25,0.11,0.164,0
454,78,1,8,0.647,0.558,0.752,0.25,0.353,-0.245,0
455,60,0,7,0.833,0.468,0.64,0.75,-0.053,0.264,0
456,33,1,4,0.98,0.594,0.55,0.75,0.238,0.164,0
457,46,1,8,0.836,0.489,0.932,0.25,0.458,0.156,0
458,44,0,4,0.935,0.598,0.677,0.5,0.064,0.099,0
459,59,1,8,0.683,0.7,0.654,0.25,0.067,-0.012,0
460,61,1,12,0.866,0.546,0.775,0.0,0.17,0.231,0
461,31,0,8,0.893,0.496,0.69,0.0,-0.01,-0.073,0
462,80,1,10,1.077,0.456,0.534,0.0,0.17,0.443,0
463,38,1,9,0.924,0.669,0.837,0.75,0.373,0.074,0
464,70,1,4,0.868,0.671,0.499,0.75,-0.127,0.122,0
465,46,1,8,0.885,0.618,0.496,0.0,0.502,0.213,0
466,79,1,10,0.971,0.646,1.174,0.25,0.972,0.182,0
467,79,1,3,0.868,0.619,0.631,0.25,0.324,0.041,0
468,41,1,4,0.96,0.789,0.429,1.0,-0.21,0.143,0
469,44,0,11,0.931,0.716,1.05,0.0,0.389,0.289,0
470,62,1,4,0.819,0.64,0.61,0.0,0.27,-0.066,0
471,61,1,11,1.036,0.602,0.7,0.0,0.191,0.309,0
472,50,1,10,0.908,0.562,0.843,0.0,0.467,0.208,0
473,70,0,8,0.875,0.631,0.731,0.0,0.143,0.276,1
474,46,1,5,0.689,0.702,0.825,0.5,0.114,-0.172,1
475,39,0,4,0.681,0.529,0.724,0.0,0.321,-0.114,0
476,74,1,8,0.763,0.439,0.496,0.0,-0.092,0.053,0
477,34,1,10,1.027,0.709,0.945,1.0,0.292,0.238,1
478,33,0,7,0.824,0.462,1.081,1.0,0.833,-0.015,0
479,70,0,8,0.868,0.344,0.636,0.0,0.13,0.043,0
480,77,1,9,0.886,0.61,0.978,0.0,0.101,0.163,1
481,79,0,11,0.859,0.52,0.756,0.0,0.155,0.157,0
482,74,0,5,0.911,0.568,0.533,0.5,0.487,-0.063,0
483,49,0,5,0.752,0.637,0.712,0.5,0.474,0.188,0
484,72,0,3,0.589,0.499,0.7,0.0,0.331,-0.054,1
485,40,1,9,0.872,0.519,0.918,1.0,0.253,0.161,0
486,82,1,11,0.968,0.558,0.798,0.5,0.439,0.113,0
487,73,0,7,0.801,0.614,0.679,0.0,0.15,0.112,0
488,64,1,6,0.947,0.629,0.518,1.0,0.355,0.227,0
489,70,1,9,0.929,0.491,0.852,0.75,0.205,0.273,0
490,50,1,12,0.811,0.665,0.99,0.0,0.46,-0.012,1
491,83,0,9,1.025,0.535,0.937,0.0,0.432,0.455,0
492,32,0,6,0.842,0.6,0.805,0.75,0.543,0.155,0
493,58,0,10,0.711,0.531,0.813,0.75,0.278,-0.079,1
494,61,0,12,0.814,0.591,0.943,0.5,0.701,0.04,0
495,66,1,7,0.837,0.644,0.332,0.25,-0.319,0.23,0
496,65,0,12,1.037,0.649,1.154,0.5,0.88,0.276,1
497,51,0,6,0.651,0.532,0.57,0.5,0.197,-0.094,0
498,74,1,8,0.61,0.615,1.164,0.5,0.485,-0.326,0
499,71,1,4,0.941,0.7,0.304,0.25,-0.357,0.487,0
500,61,1,9,1.041,0.536,0.798,0.0,0.295,0.31,1
501,55,0,7,0.831,0.638,0.907,0.0,0.641,0.133,0
502,45,0,7,0.958,0.608,0.598,0.5,0.243,0.08,0
503,50,0,3,0.714,0.564,0.539,0.0,0.016,0.056,0
504,37,0,11,0.898,0.581,0.687,0.0,0.205,0.065,0
505,83,0,11,0.744,0.517,0.762,0.0,0.248,0.044,0
506,74,1,11,0.97,0.58,0.68,0.0,0.36,0.294,0
507,65,0,4,0.838,0.476,0.496,0.0,0.214,-0.119,0
508,83,0,5,0.876,0.668,0.777,0.0,0.169,0.007,1
509,64,1,9,1.074,0.546,0.873,0.5,0.126,0.378,1
510,57,1,6,0.957,0.653,0.668,0.0,0.214,0.306,0
511,47,1,9,0.804,0.69,0.976,1.0,0.611,-0.088,0
512,76,1,5,0.933,0.609,0.459,0.25,-0.074,-0.002,0
513,67,1,8,0.89,0.589,0.417,0.0,-0.157,0.222,0
514,40,0,12,1.007,0.539,0.867,0.0,0.378,0.409,0
515,75,1,10,0.823,0.594,1.002,0.0,0.512,-0.021,1
516,80,1,7,0.86,0.461,0.843,0.75,0.407,0.134,0
517,65,0,3,0.734,0.586,0.442,0.0,-0.061,-0.025,0
518,35,0,11,1.044,0.44,0.606,0.5,0.239,0.377,0
519,64,0,8,0.919,0.61,0.706,0.0,0.165,0.117,0
520,65,0,12,1.096,0.581,0.804,0.25,0.177,0.485,1
521,50,0,5,0.706,0.496,0.575,0.5,0.057,-0.137,0
522,60,0,9,1.002,0.566,1.051,0.0,0.615,0.138,1
523,45,1,3,0.844,0.649,0.7,1.0,0.419,-0.022,1
524,75,0,7,0.888,0.608,0.716,0.0,0.396,0.055,0
525,32,1,7,0.565,0.606,0.7,0.0,0.07,-0.433,0
526,35,1,4,0.804,0.557,0.66,0.75,0.383,-0.129,0
527,42,0,11,0.907,0.485,0.752,0.75,0.052,0.16,0
528,68,0,7,0.937,0.655,0.979,0.0,0.454,0.349,0
529,32,1,12,0.798,0.47,0.893,0.0,0.32,0.108,0
530,31,0,9,0.853,0.561,0.732,0.0,0.224,-0.125,0
531,78,1,8,0.87,0.608,0.589,0.0,0.217,0.123,0
532,56,1,9,0.844,0.442,0.6,0.5,0.196,0.191,0
533,35,1,10,0.963,0.608,1.15,0.0,1.078,0.226,0
534,64,1,9,1.154,0.473,0.593,0.5,0.209,0.25,0
535,61,1,8,0.691,0.583,0.426,0.0,-0.017,0.155,0
536,43,1,8,1.204,0.687,0.887,0.0,0.34,0.589,0
537,31,0,8,0.94,0.576,0.598,0.0,0.455,0.204,0
538,34,1,11,0.838,0.7,0.982,0.0,0.435,0.224,0
539,51,1,3,0.772,0.552,0.719,0.0,0.362,-0.068,0
540,39,0,6,0.744,0.562,0.64,0.0,0.066,-0.027,0
541,44,0,11,0.895,0.633,0.896,0.0,0.36,-0.115,0
542,70,1,9,0.775,0.522,0.61,0.0,0.204,0.113,0
543,37,0,7,0.7,0.505,0.639,0.25,0.377,0.064,0
544,81,1,5,1.02,0.551,0.464,0.25,0.1,0.28,0
545,34,1,6,0.841,0.591,0.711,0.25,0.298,0.199,0
546,73,1,4,0.589,0.612,0.636,0.5,-0.033,-0.084,0
547,31,0,12,0.81,0.697,1.006,0.0,0.493,-0.023,0
548,84,0,10,0.783,0.567,0.684,0.75,0.18,0.122,1
549,79,0,3,0.864,0.621,0.622,0.0,0.282,0.059,0
550,59,1,11,0.738,0.585,0.919,0.5,0.573,-0.03,0
551,80,1,8,0.907,0.584,0.656,0.0,0.197,0.287,0
552,83,0,5,0.685,0.556,0.788,0.0,0.317,-0.049,0
553,61,1,4,0.955,0.67,0.674,0.25,0.58,0.424,0
554,84,0,11,0.812,0.561,0.874,0.0,0.385,0.076,0
555,73,0,3,0.826,0.603,0.695,0.25,0.266,0.126,0
556,33,1,11,1.103,0.537,0.486,0.25,-0.024,0.137,0
557,60,1,4,0.919,0.696,0.535,1.0,-0.097,0.215,0
558,50,1,10,0.83,0.477,0.746,0.0,0.389,0.099,0
559,76,1,12,0.998,0.377,0.7,0.75,0.075,0.274,0
560,65,0,7,0.996,0.5,0.927,0.25,0.559,0.31,0
561,47,1,7,0.841,0.628,0.664,0.0,0.112,0.13,0
562,44,1,11,0.859,0.47,0.947,0.75,0.651,-0.159,1
563,72,1,11,0.931,0.651,0.846,0.0,0.416,0.092,0
564,57,1,10,0.781,0.603,0.743,0.0,0.707,0.115,1
565,46,0,3,0.676,0.578,0.636,0.0,0.089,-0.187,0
566,38,0,5,0.788,0.584,0.477,0.0,-0.027,0.043,0
567,47,0,9,0.942,0.519,0.824,0.25,0.312,0.129,0
568,59,0,10,0.978,0.388,0.926,0.5,0.69,0.247,0
569,52,0,8,0.943,0.532,0.858,0.75,0.157,0.247,0
570,81,0,8,1.015,0.527,0.854,0.75,0.282,0.234,0
571,60,1,7,0.576,0.644,0.729,1.0,0.459,-0.177,1
572,63,0,12,0.923,0.655,1.005,0.25,0.761,0.209,1
573,70,0,9,0.839,0.547,0.633,0.5,0.185,-0.079,0
574,58,0,11,0.818,0.612,0.731,0.0,0.314,0.134,0
575,34,1,5,0.963,0.464,0.855,0.5,0.574,0.05,0
576,72,0,12,0.899,0.585,0.71,0.0,-0.027,0.057,1
577,74,1,8,0.797,0.633,0.743,1.0,0.433,-0.019,0
578,58,0,5,0.63,0.558,1.056,0.5,0.537,-0.123,0
579,32,1,5,0.871,0.636,0.43,0.0,0.017,0.196,0
580,57,0,4,0.737,0.765,0.664,0.0,0.45,-0.001,0
581,50,1,9,0.909,0.7,0.981,0.0,0.824,0.075,0
582,57,1,8,1.106,0.487,0.598,0.0,-0.048,0.437,0
583,46,1,8,0.859,0.532,0.717,0.75,0.446,0.199,0
584,83,0,5,0.796,0.539,0.577,0.0,0.091,-0.027,0
585,30,1,6,0.629,0.67,0.88,0.5,0.526,-0.172,0
586,59,0,6,0.561,0.545,0.521,0.0,0.103,0.021,0
587,41,1,4,0.881,0.573,0.674,0.5,0.413,0.14,0
588,82,1,12,1.035,0.7,1.092,0.0,0.694,0.755,1
589,53,1,9,0.647,0.537,0.611,1.0,-0.089,-0.207,0
590,82,1,4,0.816,0.68,0.418,0.0,-0.091,-0.138,0
591,49,0,3,0.827,0.692,0.585,0.0,0.119,0.329,0
592,57,0,3,0.968,0.599,0.797,1.0,0.381,0.189,0
593,64,0,8,1.007,0.46,0.621,0.5,0.149,0.256,0
594,78,0,12,1.042,0.632,0.936,0.0,0.432,0.543,0
595,41,1,4,0.762,0.606,0.426,0.25,-0.064,0.091,0
596,32,0,11,0.898,0.561,0.837,1.0,0.248,0.212,0
597,38,1,11,1.001,0.636,1.056,1.0,0.862,0.149,0
598,54,1,11,1.023,0.567,0.975,0.0,0.229,0.409,0
599,31,0,6,1.067,0.627,0.768,0.0,0.654,0.128,0
600,77,1,4,0.681,0.675,0.937,0.5,0.786,-0.187,0
601,33,0,12,1.116,0.567,0.983,0.0,0.711,0.374,0
602,84,1,7,0.997,0.758,0.92,0.0,0.645,0.069,1
603,33,1,4,0.925,0.669,0.633,0.0,0.14,0.12,0
604,40,0,6,0.629,0.616,0.523,0.75,-0.133,-0.146,0
605,68,1,7,0.819,0.559,0.58,1.0,-0.052,0.003,0
606,37,1,9,1.106,0.467,0.891,0.0,0.574,0.306,0
607,62,0,4,0.681,0.563,0.437,0.25,-0.119,-0.004,1
608,78,0,9,0.891,0.582,0.781,0.5,0.403,0.164,0
609,79,0,9,1.082,0.531,0.777,0.0,0.533,0.225,0
610,70,0,7,0.693,0.634,0.729,0.5,0.332,-0.307,0
611,60,0,9,0.896,0.49,0.954,0.25,0.184,0.174,0
612,60,0,3,0.837,0.62,0.593,0.75,0.173,0.016,0
613,78,0,12,0.848,0.454,0.97,0.0,0.736,0.086,0
614,56,1,3,0.92,0.616,0.704,0.5,0.409,0.207,0
615,40,0,6,0.845,0.502,0.65,0.5,0.24,0.102,0
616,55,0,7,0.831,0.543,0.388,1.0,-0.038,-0.138,0
617,30,1,4,0.815,0.7,0.496,0.5,0.013,0.139,0
618,57,0,3,0.629,0.657,0.719,0.0,0.321,0.018,0
619,31,1,3,0.916,0.526,0.362,0.0,-0.345,0.018,0
620,73,1,5,0.848,0.808,0.911,0.0,0.208,0.251,0
621,78,0,12,0.908,0.496,1.102,1.0,0.392,0.069,0
622,56,0,9,0.984,0.525,0.68,0.75,0.22,0.211,0
623,71,1,6,1.045,0.69,0.818,0.0,0.387,0.447,0
624,74,1,8,0.931,0.559,0.627,0.5,0.196,0.121,0
625,67,0,9,0.899,0.575,1.253,1.0,1.019,0.233,0
626,82,0,10,0.835,0.623,0.496,0.5,-0.01,-0.064,0
627,83,1,12,0.978,0.424,0.716,0.5,0.343,0.239,0
628,71,1,3,0.7,0.745,0.494,1.0,-0.114,-0.071,1
629,50,1,7,0.991,0.591,0.606,0.25,-0.007,0.133,0
630,76,0,5,0.83,0.715,0.8,0.0,0.046,0.205,1
631,31,0,5,0.994,0.536,0.494,0.0,0.193,0.423,0
632,48,0,11,0.951,0.549,0.692,0.0,0.294,0.046,0
633,77,0,8,0.821,0.656,0.851,1.0,0.28,-0.076,0
634,35,0,12,1.036,0.473,0.96,0.75,0.364,0.389,1
635,44,0,7,1.017,0.724,0.819,0.0,0.472,0.354,0
636,73,0,11,0.804,0.474,0.829,0.0,0.408,0.174,0
637,49,0,9,0.7,0.58,0.862,0.0,0.534,-0.198,0
638,53,1,11,0.928,0.738,0.936,0.5,0.44,0.011,0
639,82,1,12,0.933,0.7,1.094,0.0,0.54,0.087,1
640,33,0,8,0.907,0.522,0.721,0.75,0.407,0.207,0
641,50,1,9,0.7,0.58,0.965,0.5,0.529,-0.203,0
642,57,0,4,0.729,0.637,0.459,0.75,0.168,0.078,0
643,64,0,6,0.85,0.537,0.518,0.75,-0.004,0.143,0
644,74,0,12,1.136,0.601,1.065,0.0,1.048,0.447,0
645,41,1,6,0.7,0.575,0.686,0.0,0.232,-0.032,1
646,51,1,5,0.865,0.611,0.915,0.0,0.574,0.093,0
647,71,0,10,0.895,0.569,0.994,0.0,0.195,0.227,0
648,72,0,5,0.875,0.519,0.515,0.25,0.044,0.101,0
649,73,1,10,0.875,0.399,0.759,1.0,0.498,0.078,0
650,44,0,7,0.86,0.537,0.7,0.5,0.37,0.264,1
651,32,1,3,0.544,0.61,0.499,0.0,0.211,-0.217,0
652,45,0,3,0.839,0.807,0.565,0.25,0.091,0.068,0
653,68,0,6,0.734,0.7,0.712,0.0,0.396,-0.103,1
654,53,1,12,0.791,0.537,0.936,0.5,0.509,0.183,0
655,76,0,6,0.793,0.665,0.561,0.0,-0.122,0.079,0
656,50,1,8,0.955,0.7,0.889,0.25,0.386,0.034,0
657,75,1,8,0.747,0.57,0.421,1.0,-0.13,-0.032,0
658,83,1,11,1.15,0.563,0.541,0.0,0.049,0.565,0
659,30,1,8,0.84,0.647,0.796,0.0,0.123,0.06,0
660,80,1,4,0.577,0.493,0.638,0.25,0.258,-0.182,1
661,33,1,3,0.792,0.613,0.26,0.25,-0.44,-0.011,0
662,58,0,9,0.98,0.581,0.82,0.0,0.77,0.062,1
663,76,1,4,0.756,0.671,0.697,0.5,0.178,0.056,0
664,81,0,11,0.936,0.539,0.889,0.25,0.299,0.238,0
665,39,1,11,0.838,0.351,0.564,0.0,0.154,0.039,0
666,72,0,12,0.853,0.479,0.865,0.0,0.624,0.04,1
667,84,1,6,0.609,0.595,0.637,0.0,-0.057,-0.193,0
668,84,1,9,0.807,0.568,0.699,0.5,0.04,-0.149,0
669,72,1,7,0.777,0.592,0.7,0.5,0.459,0.055,1
670,42,1,12,0.785,0.447,0.801,0.0,0.056,0.007,0
671,67,1,9,1.073,0.554,0.581,0.5,-0.084,0.044,0
672,45,0,5,0.72,0.546,0.796,0.0,0.459,0.039,0
673,70,0,5,0.882,0.531,0.449,0.0,-0.076,0.054,0
674,70,0,3,1.101,0.7,0.406,0.0,-0.13,0.23,0
675,77,1,12,1.086,0.524,0.698,0.75,0.021,0.246,0
676,37,0,4,0.817,0.599,0.575,0.0,0.37,-0.01,0
677,33,0,10,0.82,0.7,0.836,0.75,0.309,-0.026,0
678,58,1,10,0.657,0.519,1.114,0.25,0.44,-0.122,0
679,83,1,5,0.867,0.514,0.336,0.5,-0.153,-0.039,0
680,40,1,7,0.896,0.62,0.849,0.0,0.165,-0.094,1
681,46,1,10,1.049,0.433,0.75,0.25,0.248,0.348,0
682,60,1,12,0.976,0.475,1.013,0.0,0.687,0.276,0
683,41,1,3,0.583,0.56,0.726,0.75,0.429,-0.365,0
684,32,0,3,0.813,0.55,0.12,0.75,-0.49,-0.067,0
685,35,0,8,0.976,0.686,0.749,0.0,0.372,0.16,0
686,69,0,6,0.741,0.516,0.561,0.0,0.023,-0.005,0
687,59,1,3,0.938,0.609,0.392,0.25,-0.389,0.431,0
688,61,0,5,0.771,0.647,0.48,0.0,-0.089,-0.045,0
689,69,1,6,0.671,0.435,0.76,1.0,0.06,-0.104,0
690,43,0,5,0.873,0.526,0.409,0.5,0.03,0.085,0
691,48,1,6,0.929,0.399,0.739,0.0,0.043,0.176,1
692,38,1,3,0.841,0.716,0.889,0.0,0.171,0.132,1
693,33,0,6,0.891,0.7,0.693,0.0,0.256,0.251,0
694,32,0,8,0.718,0.696,0.717,1.0,0.17,0.04,0
695,67,1,9,0.785,0.554,0.957,0.0,0.368,-0.087,0
696,42,0,3,0.937,0.673,0.682,0.0,0.063,0.16,0
697,48,0,12,1.01,0.549,0.907,0.0,0.164,0.142,0
698,76,1,9,1.133,0.607,0.672,0.0,-0.028,0.083,0
699,48,0,5,0.84,0.487,0.787,0.75,0.194,0.107,0
700,67,0,8,0.977,0.572,0.7,1.0,0.249,0.325,0
701,66,1,7,0.963,0.607,0.84,0.0,0.394,0.299,0
702,62,0,7,0.958,0.539,0.877,0.5,0.373,0.143,0
703,63,1,11,0.854,0.531,0.863,0.0,0.161,-0.094,0
704,80,1,4,0.777,0.638,0.5,0.5,-0.109,0.209,0
705,72,0,4,0.8,0.594,0.435,0.0,0.063,0.092,0
706,63,1,8,0.649,0.572,0.73,0.0,0.21,-0.241,0
707,81,0,12,1.063,0.453,1.058,0.0,0.619,0.189,1
708,41,0,6,0.936,0.639,0.7,0.75,0.253,0.104,0
709,70,1,6,0.989,0.538,0.7,0.0,0.104,0.338,0
710,71,0,3,0.929,0.599,0.596,0.0,0.043,0.211,0
711,68,1,7,0.889,0.542,0.577,0.5,-0.191,0.33,0
712,65,1,6,0.863,0.603,0.654,0.0,0.248,0.317,0
713,59,1,4,0.635,0.689,0.706,0.0,0.25,-0.071,0
714,52,1,11,0.821,0.604,0.96,0.5,0.696,0.208,0
715,32,0,7,0.745,0.535,0.699,0.5,-0.038,0.049,0
716,66,1,10,0.881,0.641,0.739,0.75,0.318,0.267,0
717,58,1,10,1.027,0.55,0.914,0.25,0.252,0.267,0
718,66,1,11,1.003,0.507,1.203,0.0,1.023,0.167,0
719,61,1,11,0.882,0.612,0.999,0.5,0.203,0.11,0
720,47,1,8,0.78,0.601,0.742,0.5,0.148,-0.072,0
721,34,1,5,0.506,0.559,0.683,0.0,0.404,-0.129,0
722,83,1,11,1.048,0.591,1.028,0.5,0.58,0.412,1
723,49,1,4,0.621,0.492,0.542,0.5,0.172,-0.181,0
724,61,1,4,1.023,0.67,0.674,0.25,0.419,0.031,0
725,51,1,4,0.686,0.618,0.7,0.0,0.272,-0.015,0
726,64,0,9,1.061,0.564,0.676,0.0,0.597,0.377,0
727,79,1,11,1.085,0.509,0.548,0.0,0.137,0.431,0
728,35,0,7,0.866,0.597,0.7,0.5,0.292,0.309,0
729,65,0,10,0.829,0.599,0.894,1.0,0.521,0.336,0
730,31,1,10,1.044,0.515,0.682,0.0,0.43,0.368,0
731,74,0,12,0.909,0.57,0.749,0.5,0.346,0.145,0
732,75,1,5,0.774,0.729,0.666,0.0,0.214,-0.122,0
733,36,0,12,0.851,0.483,0.885,0.0,0.487,0.171,0
734,80,0,6,0.813,0.564,0.7,0.25,0.253,-0.03,0
735,58,1,10,0.7,0.505,1.037,0.0,0.696,-0.093,0
736,71,1,12,1.176,0.626,1.015,0.0,0.559,0.44,0
737,75,0,3,0.655,0.556,0.495,0.0,0.125,-0.098,0
738,68,1,10,0.863,0.665,0.762,0.0,0.024,0.046,0
739,75,0,6,1.05,0.559,0.423,1.0,-0.14,0.16,0
740,73,1,5,0.747,0.645,0.653,0.25,0.18,-0.148,0
741,36,0,5,1.039,0.531,0.549,0.25,0.165,0.07,0
742,82,1,4,0.736,0.423,0.244,0.0,-0.323,-0.079,1
743,53,1,7,0.846,0.644,0.484,0.0,-0.221,0.039,0
744,47,0,3,0.963,0.605,0.337,0.5,-0.146,0.476,0
745,73,0,6,1.021,0.595,0.906,1.0,0.381,0.184,0
746,67,1,7,0.729,0.507,0.577,0.0,0.205,-0.049,0
747,68,0,12,1.117,0.661,1.232,0.0,0.716,0.41,0
748,39,0,8,0.828,0.587,0.786,0.5,0.237,0.142,0
749,75,0,11,1.099,0.7,1.017,1.0,0.349,0.501,0
750,65,1,9,0.941,0.7,0.812,0.0,0.355,0.286,0
751,30,1,3,0.964,0.589,0.419,0.0,-0.015,0.273,0
752,79,0,3,0.587,0.543,0.426,0.75,-0.329,-0.162,0
753,55,1,10,0.923,0.594,0.948,0.75,0.54,0.226,0
754,68,1,9,0.923,0.512,0.627,0.0,0.045,0.28,0
755,83,0,10,0.838,0.517,0.918,0.0,0.591,0.255,0
756,74,0,8,1.049,0.61,1.084,0.0,0.452,0.174,0
757,44,0,7,1.082,0.63,0.631,0.5,0.337,0.397,0
758,43,1,8,0.797,0.577,0.978,0.0,0.864,0.151,0
759,75,1,4,0.908,0.635,0.27,0.0,-0.259,0.278,0
760,72,0,9,0.966,0.54,0.537,0.75,0.183,0.261,0
761,40,1,8,0.811,0.568,0.912,0.25,0.321,0.202,0
762,57,1,5,0.7,0.587,0.807,0.0,0.06,-0.128,1
763,82,1,10,0.89,0.452,0.654,0.25,0.036,0.21,1
764,33,1,9,1.098,0.688,0.972,1.0,0.555,0.425,0
765,78,0,11,1.12,0.597,0.754,0.0,0.041,0.207,1
766,81,1,4,0.912,0.527,0.52,0.5,0.002,0.104,0
767,43,0,11,0.954,0.493,0.95,0.0,0.698,0.09,1
768,35,1,12,1.066,0.615,0.488,0.0,-0.112,0.478,0
769,31,1,3,0.608,0.633,0.277,0.5,-0.228,-0.208,0
770,34,1,7,0.753,0.573,0.95,0.25,0.574,0.065,0
771,41,1,6,0.755,0.63,0.589,0.25,0.107,0.008,0
772,80,0,12,0.7,0.507,0.911,0.0,0.374,-0.138,1
773,73,0,7,0.826,0.727,0.546,1.0,0.011,0.151,0
774,84,0,3,0.544,0.738,0.868,0.0,0.491,-0.225,1
775,53,0,12,0.83,0.705,0.722,0.5,0.022,0.174,0
776,54,0,7,0.944,0.602,0.737,0.0,0.037,0.178,0
777,75,0,11,0.93,0.595,0.912,0.0,0.206,0.061,0
778,60,1,9,1.013,0.7,0.989,1.0,0.356,0.214,0
779,76,0,4,0.962,0.674,0.565,0.0,0.203,0.148,1
780,62,1,7,0.976,0.618,0.828,0.75,0.232,-0.098,1
781,83,1,11,0.748,0.504,0.884,0.5,0.562,-0.076,0
782,45,1,12,0.959,0.631,0.791,0.25,0.298,0.054,0
783,35,0,6,0.8,0.416,0.792,0.0,0.454,0.182,0
784,77,0,9,1.095,0.552,0.712,0.0,-0.027,0.548,0
785,56,0,9,0.871,0.517,0.7,0.0,0.074,0.164,0
786,42,1,6,0.743,0.503,0.591,0.25,0.345,-0.102,0
787,39,0,11,1.126,0.583,0.753,0.0,0.309,0.623,0
788,33,0,5,0.796,0.577,0.479,0.0,0.009,0.081,0
789,71,0,5,1.033,0.581,0.697,0.25,0.308,0.201,0
790,73,0,10,0.808,0.527,0.851,0.5,0.582,0.094,0
791,83,0,10,0.912,0.427,0.493,0.0,-0.026,0.035,0
792,82,0,10,0.923,0.604,0.748,0.0,0.14,0.36,1
793,83,1,12,0.915,0.417,1.157,0.75,0.889,0.173,0
794,46,1,5,0.895,0.608,0.499,1.0,-0.037,0.142,0
795,70,0,9,0.891,0.564,0.603,0.75,-0.022,0.022,0
796,65,0,12,0.997,0.664,0.922,0.0,0.694,0.28,0
797,52,0,10,1.064,0.541,1.2,0.25,0.819,0.12,0
798,43,1,12,0.889,0.474,0.653,0.25,0.213,0.248,0
799,43,1,7,1.029,0.632,0.632,0.0,0.025,0.293,0
800,72,1,11,0.982,0.529,1.074,1.0,0.545,0.339,0
801,53,0,8,0.78,0.7,0.512,1.0,0.092,0.194,0
802,36,0,9,1.097,0.555,0.642,0.25,0.305,0.332,0
803,77,1,8,1.097,0.591,0.966,0.0,0.308,0.373,0
804,50,1,10,0.902,0.526,0.974,0.0,0.613,0.019,0
805,30,0,4,0.854,0.557,0.366,0.75,0.023,0.25,0
806,37,1,3,0.86,0.559,0.386,0.0,-0.347,-0.007,0
807,50,0,9,0.702,0.621,0.854,0.25,0.316,0.002,0
808,67,0,5,0.844,0.654,0.659,0.0,0.116,0.027,0
809,66,1,6,0.87,0.658,0.5,0.25,-0.097,0.315,0
810,36,0,8,1.011,0.462,0.647,0.0,-0.032,0.095,0
811,35,0,8,0.933,0.593,0.543,0.0,-0.123,0.269,0
812,75,0,3,0.743,0.532,0.658,0.0,0.433,-0.031,1
813,61,0,10,0.748,0.509,1.036,0.0,0.659,-0.077,1
814,66,1,9,0.913,0.526,0.827,0.0,0.452,0.231,0
815,79,1,5,0.767,0.647,0.623,0.0,-0.115,-0.259,0
816,79,0,5,1.049,0.531,0.58,0.75,0.179,0.281,0
817,66,1,5,0.7,0.604,0.498,0.5,0.031,-0.119,0
818,51,0,11,0.907,0.627,0.799,0.25,0.425,0.139,0
819,32,1,5,0.937,0.611,0.563,0.25,0.256,0.229,0
820,40,1,12,0.91,0.5,1.434,0.0,0.994,-0.006,1
821,36,0,6,0.846,0.576,0.936,0.0,0.601,0.005,0
822,32,1,10,1.046,0.5,0.902,0.25,0.648,0.234,0
823,68,0,12,1.139,0.623,0.716,0.0,0.362,0.4,1
824,74,0,6,0.69,0.606,0.549,0.25,0.014,-0.379,0
825,76,1,10,0.925,0.464,0.989,0.0,0.813,0.217,1
826,67,1,12,0.784,0.53,0.959,0.0,0.442,0.203,0
827,33,0,12,1.11,0.539,0.599,0.5,0.094,0.097,0
828,49,1,6,0.891,0.7,0.461,0.25,0.05,0.025,0
829,42,1,9,0.78,0.606,0.813,0.0,0.221,0.073,0
830,39,1,11,1.102,0.56,0.689,0.0,0.351,0.458,0
831,75,0,10,0.713,0.505,0.867,0.0,0.575,-0.147,0
832,79,0,8,1.002,0.528,0.7,0.25,0.211,0.391,0
833,50,1,4,0.838,0.557,0.575,0.25,-0.023,0.124,0
834,31,1,10,0.88,0.599,0.799,0.0,0.421,0.151,0
835,58,0,4,0.712,0.658,0.283,1.0,-0.034,0.024,0
836,83,1,11,1.016,0.527,0.886,0.75,0.683,0.406,1
837,82,1,4,1.051,0.567,0.44,0.75,0.008,0.165,0
838,60,0,9,0.861,0.568,0.768,0.25,0.192,0.074,0
839,76,0,5,0.815,0.471,0.13,0.25,-0.151,0.115,0
840,77,1,8,0.82,0.597,0.597,0.5,0.072,0.105,0
841,64,0,7,0.854,0.694,0.802,0.0,0.338,0.247,1
842,77,1,12,1.151,0.495,0.962,0.75,0.382,0.467,1
843,39,1,4,0.733,0.698,0.604,0.0,0.183,-0.107,0
844,63,1,3,0.868,0.667,0.76,0.0,0.585,0.159,0
845,30,1,12,0.948,0.505,0.635,0.25,0.046,0.288,0
846,83,0,11,1.058,0.553,0.799,0.0,0.278,0.209,1
847,54,0,4,0.682,0.555,0.604,0.75,0.187,-0.313,0
848,47,1,9,0.83,0.477,0.909,0.5,0.422,0.235,0
849,36,0,5,1.046,0.445,0.597,0.0,0.127,0.409,0
850,66,1,4,0.901,0.644,0.805,0.75,0.057,0.233,0
851,58,1,11,0.955,0.56,0.811,0.75,0.396,0.317,0
852,77,0,6,0.982,0.571,0.53,0.75,0.01,0.224,0
853,76,1,12,1.101,0.632,1.18,0.75,0.612,0.195,0
854,43,0,5,0.646,0.486,0.536,0.25,-0.164,-0.208,0
855,74,0,9,0.942,0.54,1.018,0.0,0.453,0.174,0
856,55,1,10,1.125,0.518,0.513,0.5,0.182,0.284,0
857,65,1,12,0.909,0.619,1.003,0.0,0.693,0.163,0
858,38,0,3,0.915,0.548,0.179,0.0,-0.407,0.36,0
859,49,0,9,0.7,0.584,0.756,0.5,0.356,0.038,0
860,72,1,5,0.827,0.716,0.51,1.0,0.226,-0.014,0
861,42,0,8,0.933,0.55,0.893,0.0,0.489,0.233,0
862,77,0,6,0.759,0.635,0.676,0.0,0.119,0.016,0
863,81,0,11,0.947,0.648,1.074,0.0,0.624,0.228,1
864,51,0,4,0.85,0.614,0.385,0.5,-0.397,0.097,0
865,36,1,4,1.022,0.552,0.85,0.5,0.103,0.182,1
866,49,0,4,0.788,0.603,0.67,0.0,0.321,-0.007,1
867,83,0,9,1.142,0.7,0.632,1.0,0.172,0.336,0
868,61,0,5,0.989,0.619,0.643,0.0,0.238,0.454,0
869,70,1,8,0.504,0.5,0.412,0.75,-0.241,-0.165,0
870,69,1,8,0.746,0.673,0.995,0.25,0.654,-0.041,0
871,56,0,7,0.878,0.584,0.746,0.25,0.32,0.103,0
872,78,1,11,0.969,0.633,0.921,0.75,0.481,0.238,1
873,78,1,10,0.75,0.544,0.778,0.5,-0.077,0.012,0
874,39,0,9,0.868,0.572,0.751,0.0,0.249,-0.03,0
875,81,1,9,0.919,0.565,0.874,0.25,0.518,0.19,0
876,46,1,9,0.918,0.642,0.679,0.5,-0.022,0.08,0
877,64,1,11,1.097,0.671,0.872,0.0,0.539,0.399,1
878,32,1,12,0.874,0.409,0.719,0.75,0.127,0.205,0
879,50,0,11,0.968,0.595,0.599,0.0,-0.101,0.071,0
880,78,1,6,0.665,0.7,0.436,0.0,-0.242,0.179,0
881,65,0,9,0.868,0.7,0.798,0.0,0.198,0.048,0
882,37,0,8,0.971,0.497,0.516,0.5,0.087,0.217,0
883,47,1,5,0.758,0.494,0.81,0.75,0.726,-0.041,0
884,34,0,5,0.725,0.514,0.7,0.0,0.143,0.225,0
885,82,1,10,1.126,0.575,0.756,0.0,0.047,0.217,0
886,82,0,9,0.948,0.54,0.561,0.0,0.066,0.098,0
887,79,0,11,1.005,0.642,0.71,0.0,0.213,0.307,0
888,59,0,5,0.836,0.596,0.58,0.0,0.438,0.034,0
889,79,1,10,1.001,0.556,1.144,0.25,0.638,0.23,0
890,64,1,8,0.717,0.579,0.834,0.0,0.376,-0.056,0
891,44,1,11,1.082,0.508,0.943,0.5,0.556,0.135,1
892,80,0,11,0.844,0.525,0.788,0.25,0.143,0.081,0
893,77,0,3,0.704,0.713,0.7,0.0,0.185,-0.004,1
894,32,0,3,0.7,0.668,0.445,0.75,-0.162,0.011,0
895,80,0,7,0.759,0.444,0.741,0.25,0.075,-0.093,0
896,47,1,11,1.009,0.485,0.808,0.0,0.108,0.305,1
897,73,0,10,0.934,0.451,0.687,0.25,-0.063,-0.061,1
898,53,1,6,0.895,0.514,0.577,0.0,0.059,0.159,0
899,77,0,3,0.756,0.682,0.815,0.25,0.379,-0.075,1
900,45,1,10,0.99,0.544,0.82,0.25,0.605,0.349,0
901,72,0,3,0.929,0.586,0.7,0.0,0.453,0.182,0
902,51,0,12,1.068,0.513,0.846,0.0,0.542,0.427,1
903,81,1,6,0.714,0.522,0.657,0.0,0.165,-0.115,0
904,78,1,12,1.012,0.54,0.998,0.25,0.523,0.346,0
905,53,0,3,0.585,0.524,0.461,0.0,-0.164,-0.31,0
906,71,0,6,0.799,0.449,0.734,0.25,0.025,0.175,0
907,46,0,4,0.862,0.591,0.7,0.0,0.36,0.296,0
908,81,0,5,0.887,0.531,0.708,1.0,0.332,0.195,1
909,68,1,6,0.691,0.459,0.988,0.25,0.736,0.037,0
910,58,1,6,0.702,0.681,0.833,0.25,0.412,-0.062,0
911,60,1,12,0.982,0.584,0.868,1.0,0.676,-0.011,0
912,32,0,5,0.935,0.678,0.63,0.0,0.062,0.394,0
913,38,0,10,0.997,0.687,0.927,0.0,0.442,0.263,0
914,55,1,7,1.009,0.632,0.494,0.0,0.04,0.233,0
915,70,0,8,0.7,0.513,0.603,0.25,-0.044,-0.024,0
916,69,1,12,1.14,0.559,0.902,0.75,0.334,0.219,1
917,53,0,4,0.794,0.492,0.589,0.25,0.561,0.036,0
918,52,1,3,0.724,0.574,0.723,0.0,0.307,0.142,0
919,73,1,9,0.906,0.594,0.719,0.0,0.132,0.244,0
920,78,0,4,0.855,0.564,0.398,0.0,0.058,0.213,0
921,63,1,5,1.093,0.625,0.869,0.0,0.486,0.316,0
922,74,0,8,1.029,0.643,0.678,1.0,0.247,0.188,0
923,81,1,8,0.923,0.542,0.7,0.25,0.277,0.204,0
924,51,0,6,0.984,0.591,0.505,0.75,0.251,0.115,0
925,61,1,8,0.91,0.57,0.603,0.5,0.259,0.103,1
926,42,0,5,0.751,0.563,0.692,0.0,0.082,-0.085,0
927,69,0,12,1.019,0.621,0.965,0.75,0.661,0.193,0
928,64,0,11,1.091,0.473,0.905,1.0,0.489,0.457,0
929,45,1,5,0.977,0.614,0.324,0.0,-0.257,0.389,0
930,79,1,7,0.941,0.696,1.105,0.75,0.402,0.242,0
931,52,1,12,1.004,0.431,0.814,0.0,0.527,0.275,0
932,74,1,6,0.879,0.562,0.542,0.75,-0.019,0.085,0
933,51,0,4,0.905,0.598,0.556,0.25,-0.37,0.061,0
934,41,1,9,0.886,0.651,0.566,0.25,0.022,0.153,0
935,51,0,9,0.793,0.545,0.591,0.25,-0.09,0.093,0
936,32,0,8,0.776,0.606,0.69,0.0,0.011,-0.021,0
937,67,0,5,0.774,0.589,0.629,0.0,0.282,-0.053,0
938,76,0,8,0.748,0.598,0.733,0.5,0.192,-0.009,0
939,84,0,4,0.645,0.552,0.448,0.5,0.158,-0.098,0
940,59,1,9,0.801,0.566,0.533,0.0,0.216,0.105,0
941,32,0,8,0.819,0.568,0.491,0.0,0.215,0.24,0
942,43,1,7,0.7,0.592,0.738,0.0,0.326,-0.238,0
943,73,1,3,0.803,0.506,0.357,0.0,0.026,0.174,0
944,81,1,11,0.897,0.492,0.893,0.0,0.383,0.168,0
945,34,0,7,1.024,0.638,0.498,0.0,0.001,0.506,0
946,51,1,6,0.967,0.582,0.518,0.0,-0.019,0.21,0
947,39,0,5,0.516,0.596,0.715,0.0,0.237,-0.184,0
948,49,0,4,0.963,0.574,0.852,1.0,0.402,0.138,0
949,68,0,7,0.874,0.591,0.725,0.0,0.004,0.292,0
950,77,0,9,0.832,0.428,0.664,0.0,0.077,0.042,0
951,34,0,11,1.072,0.596,0.938,0.0,0.507,0.522,0
952,37,0,9,0.74,0.527,0.654,0.0,0.217,0.047,0
953,67,1,11,0.848,0.56,1.119,0.5,0.861,0.06,1
954,63,1,8,0.791,0.618,0.509,0.0,-0.162,0.168,0
955,64,1,5,0.939,0.475,0.275,0.0,-0.143,0.448,0
956,44,1,3,0.827,0.601,0.7,0.0,0.572,0.086,1
957,43,0,9,1.003,0.454,0.722,0.0,0.448,0.278,0
958,58,1,9,1.12,0.697,0.938,0.0,0.371,0.332,0
959,72,0,10,1.066,0.652,0.694,0.0,0.203,0.156,1
960,80,1,11,1.054,0.639,0.977,1.0,0.48,0.197,0
961,83,0,12,0.859,0.507,0.735,0.0,0.332,0.269,0
962,78,1,4,0.838,0.495,0.483,0.0,0.047,-0.078,0
963,31,1,9,0.989,0.714,0.857,1.0,0.552,0.16,0
964,54,0,8,1.004,0.62,0.507,0.0,0.064,0.182,0
965,33,0,12,1.094,0.415,0.929,0.0,0.406,0.263,1
966,70,1,7,0.971,0.742,0.468,0.25,-0.136,0.265,0
967,66,1,3,0.68,0.642,0.7,0.25,0.257,-0.244,0
968,52,0,9,0.975,0.555,0.805,0.0,0.298,0.187,0
969,73,0,12,1.024,0.48,0.824,0.0,0.248,0.218,0
970,54,1,9,1.05,0.504,0.811,0.0,0.193,0.174,0
971,35,1,5,0.765,0.675,0.792,0.0,0.407,0.038,0
972,68,0,7,0.841,0.558,0.881,0.0,0.301,0.143,0
973,34,1,8,0.701,0.68,0.603,0.0,0.244,0.001,0
974,47,0,9,1.004,0.605,0.758,0.5,0.091,0.224,0
975,36,1,6,0.705,0.7,0.845,0.25,0.657,-0.296,0
976,70,0,12,0.623,0.592,0.955,0.25,0.532,-0.002,0
977,50,1,8,1.039,0.483,0.697,0.25,0.598,0.395,0
978,65,0,10,0.897,0.56,1.042,0.5,0.53,0.045,0
979,67,1,9,0.895,0.611,0.735,0.25,0.21,0.209,0
980,79,1,9,0.706,0.535,0.732,0.25,0.032,0.054,1
981,80,1,8,1.004,0.557,0.805,0.0,0.538,0.38,0
982,35,1,7,0.718,0.486,0.51,0.0,-0.207,-0.062,0
983,41,0,3,0.682,0.523,0.392,0.0,0.041,-0.169,0
984,30,0,5,1.006,0.537,0.56,0.0,-0.155,0.44,0
985,73,0,5,0.639,0.633,0.741,0.0,0.33,-0.108,0
986,55,1,10,1.053,0.59,0.7,0.0,0.209,0.434,0
987,77,1,4,0.994,0.654,0.543,0.5,0.124,0.357,0
988,46,1,6,0.968,0.599,0.832,0.0,0.32,0.249,0
989,55,0,11,1.102,0.669,1.164,1.0,0.664,0.456,0
990,63,0,12,1.022,0.6,0.975,0.5,0.566,0.62,0
991,60,1,7,0.649,0.533,0.722,0.25,0.094,0.167,0
992,83,1,9,0.731,0.636,1.037,0.0,0.504,0.071,0
993,38,1,4,0.835,0.53,0.611,0.0,0.097,-0.011,0
994,82,0,8,0.942,0.726,0.751,0.25,0.689,0.336,0
995,65,0,9,0.998,0.565,0.927,0.0,0.345,0.076,0
996,45,0,6,0.738,0.511,0.82,0.5,0.411,-0.142,1
997,34,1,4,0.822,0.677,0.547,0.0,-0.153,0.161,0
998,48,0,11,0.959,0.443,0.809,1.0,0.482,0.042,0
999,43,0,6,0.611,0.62,0.869,1.0,0.454,-0.057,0
1000,83,1,5,0.809,0.758,0.326,0.25,-0.183,0.032,0
1001,78,1,7,0.795,0.568,0.985,0.0,0.421,0.016,1
1002,50,1,5,1.075,0.638,0.392,0.5,-0.211,0.266,0
1003,72,1,5,0.698,0.469,0.336,0.0,-0.024,-0.002,0
1004,48,1,3,0.955,0.603,0.418,0.5,-0.1,0.058,0
1005,33,1,3,0.813,0.608,0.183,0.0,-0.236,0.102,0
1006,47,1,10,1.148,0.603,0.622,0.0,0.017,0.439,0
1007,48,0,8,0.808,0.559,0.502,0.0,0.186,0.067,0
1008,53,0,8,0.608,0.546,0.677,0.5,0.265,-0.279,1
1009,81,1,8,0.993,0.533,0.798,0.0,0.222,0.125,0
1010,30,1,7,0.737,0.657,0.641,0.5,0.328,-0.068,0
1011,82,0,6,0.907,0.578,0.353,0.0,-0.213,0.092,0
1012,64,1,10,0.974,0.601,0.872,0.25,0.391,0.239,0
1013,78,1,10,0.852,0.7,0.422,0.5,-0.376,-0.065,0
1014,51,0,3,0.847,0.63,0.382,0.0,0.011,0.197,0
1015,72,0,6,0.866,0.659,0.51,0.0,0.082,0.14,0
1016,59,0,4,1.207,0.675,0.736,0.0,0.308,0.645,0
1017,42,1,10,1.225,0.506,0.808,0.0,0.413,0.62,1
1018,42,0,6,0.853,0.569,0.559,1.0,0.088,-0.049,0
1019,31,1,7,1.06,0.685,0.687,0.0,0.132,0.309,0
1020,32,1,8,0.903,0.596,0.725,0.25,0.286,-0.035,0
1021,83,0,5,0.924,0.643,0.697,0.0,0.039,0.419,0
1022,72,0,3,0.778,0.617,0.371,1.0,-0.377,-0.049,0
1023,57,0,10,0.98,0.528,0.905,0.0,0.335,0.011,0
1024,44,0,6,0.805,0.592,0.7,0.25,0.234,0.006,1
1025,57,0,5,0.81,0.458,0.483,0.0,0.135,-0.039,0
1026,80,1,12,0.936,0.459,0.808,0.0,0.175,0.239,1
1027,74,0,6,0.585,0.543,0.93,0.0,0.669,0.014,0
1028,75,1,11,0.747,0.575,1.067,0.25,0.748,0.027,1
1029,79,1,11,1.205,0.536,0.509,1.0,-0.047,0.408,0
1030,56,0,10,0.898,0.51,0.815,0.0,0.557,-0.008,0
1031,43,1,10,1.141,0.59,0.863,0.0,0.199,0.213,0
1032,61,0,3,0.93,0.54,0.539,0.25,-0.111,0.111,0
1033,65,1,12,0.768,0.442,0.859,0.0,0.592,0.068,0
1034,53,0,10,0.991,0.532,0.92,0.0,0.408,0.513,0
1035,61,0,11,0.939,0.505,0.712,0.5,0.013,0.356,0
1036,39,0,7,0.725,0.592,0.846,0.0,0.146,-0.081,0
1037,53,0,7,1.027,0.539,0.325,0.5,-0.282,0.025,0
1038,30,0,8,0.794,0.635,0.67,0.0,0.122,-0.025,1
1039,77,0,6,0.745,0.682,0.5,0.0,0.169,0.222,0
1040,45,0,3,0.726,0.611,0.832,0.0,0.318,-0.019,0
1041,73,1,9,0.87,0.48,0.916,0.0,0.447,0.174,0
1042,50,0,6,0.985,0.683,0.795,0.5,0.394,0.101,0
1043,79,1,8,1.007,0.611,0.425,0.5,0.105,0.345,0
1044,30,0,11,0.7,0.552,0.755,0.0,0.347,0.106,0
1045,71,0,5,0.744,0.497,0.477,0.0,0.112,0.039,0
1046,35,0,9,0.867,0.581,0.764,0.0,0.129,0.181,1
1047,72,0,6,0.857,0.775,0.396,0.0,0.005,0.145,0
1048,43,0,8,0.759,0.589,0.448,0.0,-0.039,0.032,0
1049,62,1,5,0.961,0.583,0.691,0.0,0.192,0.261,0
1050,77,1,3,0.606,0.54,0.514,0.0,0.175,0.016,0
1051,73,1,11,0.899,0.591,1.083,0.0,0.889,0.148,0
1052,34,1,9,1.004,0.605,0.793,0.0,0.125,0.2,0
1053,48,0,5,0.984,0.534,0.53,0.0,0.056,0.335,0
1054,56,1,4,0.861,0.665,0.295,0.0,-0.1,0.239,0
1055,63,0,9,0.685,0.489,1.129,1.0,0.66,-0.159,1
1056,40,0,10,0.968,0.536,1.049,0.0,0.528,0.26,0
1057,76,0,10,1.141,0.515,0.926,0.0,0.592,0.321,0
1058,66,1,11,0.836,0.514,0.992,0.25,0.791,0.124,0
1059,39,0,11,1.187,0.502,0.793,0.0,0.451,0.308,0
1060,50,0,6,0.845,0.611,0.584,0.0,0.171,0.183,0
1061,74,1,5,0.901,0.672,0.839,0.0,0.111,0.048,1
1062,63,0,7,1.076,0.7,0.672,0.0,0.331,0.248,0
1063,37,1,5,0.732,0.57,0.435,0.0,-0.31,-0.08,0
1064,75,1,9,0.855,0.436,0.897,0.25,0.318,0.221,0
1065,50,0,7,1.095,0.539,0.926,0.25,-0.091,0.408,0
1066,44,0,5,0.926,0.505,0.524,0.75,0.221,-0.028,0
1067,54,0,10,0.928,0.54,0.676,0.0,0.126,-0.028,0
1068,60,1,6,1.094,0.687,0.558,0.0,-0.408,0.389,0
1069,62,1,10,1.0,0.588,0.588,0.75,0.33,0.127,0
1070,45,0,6,0.884,0.527,0.832,0.5,0.511,-0.186,0
1071,71,1,10,0.7,0.518,0.488,0.0,-0.194,-0.083,1
1072,79,0,6,0.665,0.551,0.623,0.75,0.308,-0.113,0
1073,63,1,8,1.01,0.625,0.718,0.25,0.078,0.242,0
1074,32,0,3,0.954,0.673,0.303,0.0,0.015,0.039,0
1075,49,0,8,0.955,0.563,0.678,0.0,0.177,0.231,0
1076,83,0,10,0.844,0.526,0.913,0.5,0.215,0.112,1
1077,55,1,11,1.049,0.46,0.7,0.0,0.419,0.424,1
1078,37,1,9,0.797,0.582,0.824,0.75,0.544,-0.041,0
1079,55,1,10,0.879,0.628,0.705,0.25,0.275,0.063,1
1080,71,1,4,0.823,0.59,0.534,0.0,0.195,-0.092,0
1081,40,0,9,0.7,0.609,0.651,0.75,-0.147,0.04,1
1082,50,1,4,0.78,0.537,0.509,0.0,-0.016,-0.027,0
1083,59,1,8,0.841,0.575,0.782,0.5,0.337,-0.04,1
1084,44,1,9,1.24,0.54,0.7,0.0,0.327,0.569,1
1085,68,0,3,0.866,0.606,0.545,1.0,0.59,0.049,0
1086,74,0,9,0.902,0.481,0.754,0.0,0.233,0.115,0
1087,71,1,3,0.715,0.655,0.398,1.0,-0.079,-0.057,0
1088,57,0,4,0.65,0.574,0.764,0.0,-0.012,0.127,1
1089,80,0,8,0.823,0.44,1.077,0.25,0.878,-0.018,0
1090,69,1,3,0.756,0.546,0.748,1.0,0.224,-0.187,0
1091,62,1,5,0.774,0.549,0.571,0.0,0.32,0.103,0
1092,59,0,4,0.881,0.558,0.45,0.0,-0.06,-0.109,0
1093,45,1,11,1.117,0.621,0.822,0.0,0.708,0.293,0
1094,80,1,8,0.888,0.699,0.891,0.75,0.191,0.035,0
1095,69,1,3,0.865,0.348,0.545,0.25,0.05,-0.024,0
1096,39,1,11,0.96,0.447,0.792,0.0,0.582,0.117,0
1097,31,1,7,0.873,0.593,0.416,0.0,0.044,0.128,0
1098,45,0,10,0.879,0.585,0.733,0.0,0.436,0.061,0
1099,31,1,10,0.882,0.59,0.683,0.25,-0.218,0.292,0
1100,39,1,6,0.716,0.641,0.519,0.5,-0.122,0.023,0
1101,68,1,8,0.776,0.471,0.419,0.25,-0.141,-0.017,0
1102,44,1,12,0.937,0.558,0.906,0.25,0.445,0.354,0
1103,45,0,9,0.91,0.648,0.808,0.75,0.07,0.066,0
1104,30,1,9,0.714,0.577,0.987,0.0,0.269,-0.003,0
1105,33,1,4,0.647,0.614,0.835,0.5,0.282,-0.257,1
1106,83,0,6,1.062,0.601,0.697,0.0,0.359,0.457,0
1107,32,0,10,0.938,0.61,0.823,0.75,0.387,0.229,0
1108,45,0,10,1.102,0.664,0.606,0.5,-0.036,0.267,0
1109,82,1,5,0.765,0.549,0.595,0.0,-0.234,-0.106,0
1110,36,0,7,1.001,0.632,0.479,0.25,0.19,0.207,0
1111,69,0,6,0.805,0.582,0.436,1.0,0.148,0.001,0
1112,48,1,5,0.678,0.519,0.521,0.5,-0.138,-0.18,0
1113,80,0,3,0.813,0.76,0.313,1.0,-0.368,0.06,0
1114,61,1,4,0.726,0.577,0.7,0.0,0.147,-0.116,0
1115,47,1,12,0.912,0.7,0.935,0.0,0.235,0.185,0
1116,54,1,7,0.753,0.708,0.657,0.75,-0.022,-0.09,0
1117,34,1,12,1.051,0.493,1.004,0.5,0.71,0.578,0
1118,56,0,12,0.912,0.564,1.181,0.0,0.826,-0.022,0
1119,32,1,10,0.828,0.625,1.096,0.5,0.656,0.111,0
1120,60,1,10,0.913,0.541,0.966,0.5,0.459,0.173,1
1121,47,0,6,0.989,0.549,0.458,0.0,0.146,0.583,0
1122,74,1,3,0.749,0.649,0.952,0.75,0.583,-0.004,0
1123,48,0,7,0.978,0.54,0.583,0.5,0.163,0.379,0
1124,30,0,12,1.091,0.593,0.738,0.0,0.156,0.263,0
1125,58,1,12,0.7,0.446,0.945,0.75,0.622,-0.007,1
1126,58,1,3,0.815,0.728,0.655,0.0,0.165,0.158,0
1127,80,0,12,1.291,0.46,1.059,1.0,0.276,0.41,0
1128,31,0,5,1.009,0.71,0.523,0.0,0.025,0.274,0
1129,44,1,8,0.922,0.627,0.882,0.0,0.443,0.266,0
1130,46,1,10,0.86,0.564,0.759,0.0,0.466,0.142,0
1131,68,0,3,0.667,0.661,0.42,0.5,0.041,0.108,0
1132,77,1,3,0.888,0.52,0.365,0.5,-0.439,0.305,0
1133,83,0,7,0.853,0.576,0.806,0.75,0.494,0.363,0
1134,66,1,11,0.951,0.472,0.917,0.0,0.19,0.259,1
1135,51,1,5,0.795,0.647,0.376,1.0,-0.317,0.169,0
1136,59,0,10,1.075,0.558,0.828,0.0,0.329,0.246,0
1137,78,0,12,1.018,0.636,0.959,0.25,0.688,0.087,0
1138,39,0,6,0.826,0.655,0.249,1.0,-0.397,0.162,0
1139,80,1,11,1.086,0.564,0.941,0.0,0.397,0.153,0
1140,79,0,12,1.049,0.568,1.107,0.75,0.875,0.33,0
1141,73,0,8,1.059,0.632,0.708,0.0,0.497,0.178,0
1142,33,1,10,0.709,0.42,0.928,0.0,0.114,-0.218,0
1143,78,0,8,0.867,0.541,0.779,0.0,0.591,0.241,1
1144,35,0,9,0.966,0.588,0.929,0.75,0.437,0.169,0
1145,83,0,6,0.937,0.679,0.76,0.0,0.023,0.133,1
1146,35,0,4,0.805,0.58,0.695,1.0,0.19,0.143,0
1147,44,1,4,0.972,0.713,0.39,0.0,0.219,0.254,0
1148,83,1,8,0.707,0.511,0.949,0.0,0.373,-0.101,0
1149,71,0,10,1.152,0.612,0.864,0.0,0.076,0.452,0
1150,32,1,11,0.961,0.638,0.697,0.0,0.475,0.38,0
1151,36,1,5,0.7,0.714,0.68,0.5,0.076,-0.146,0
1152,70,1,12,1.001,0.7,0.979,0.0,0.824,0.232,0
1153,43,1,8,1.003,0.49,0.777,0.0,0.077,0.167,0
1154,44,1,5,0.584,0.568,0.708,0.0,0.361,-0.189,0
1155,40,0,3,0.707,0.631,0.658,0.25,0.3,0.073,0
1156,36,1,5,1.043,0.48,0.77,0.75,0.24,0.168,0
1157,60,0,12,1.068,0.602,0.702,0.0,0.204,0.291,0
1158,43,0,12,0.7,0.529,0.856,0.0,0.333,-0.013,0
1159,33,0,8,0.77,0.497,0.857,0.0,0.545,0.104,0
1160,46,1,4,0.841,0.576,0.7,1.0,0.188,0.245,0
1161,80,0,12,1.015,0.559,0.922,0.0,0.177,0.168,0
1162,71,0,11,0.986,0.492,0.681,0.0,0.095,0.286,0
1163,45,1,4,1.001,0.574,0.621,0.0,0.313,0.06,0
1164,83,1,9,0.7,0.525,0.516,0.75,-0.184,-0.209,1
1165,58,0,6,0.746,0.621,0.809,0.5,0.41,-0.273,0
1166,48,1,3,0.74,0.527,0.31,0.5,0.011,0.026,0
1167,37,0,4,0.696,0.615,0.433,0.0,-0.193,-0.249,0
1168,49,1,7,0.884,0.679,0.147,0.5,-0.099,-0.032,0
1169,83,1,4,0.943,0.552,0.696,1.0,0.161,0.251,0
1170,64,0,6,0.882,0.679,0.663,0.75,0.154,0.089,0
1171,62,0,11,0.907,0.449,0.937,0.0,0.665,0.253,0
1172,78,0,12,1.069,0.623,0.936,0.25,0.656,0.148,0
1173,54,1,6,1.054,0.432,0.419,0.0,-0.281,0.115,0
1174,37,1,4,0.917,0.633,0.843,0.0,0.22,0.123,0
1175,69,1,12,1.071,0.628,0.745,0.0,0.353,0.487,0
1176,59,1,10,0.918,0.699,1.166,0.0,0.585,0.12,0
1177,40,1,9,0.834,0.543,0.682,0.0,0.155,0.134,0
1178,49,1,6,0.993,0.688,0.689,0.0,0.404,0.287,1
1179,54,0,8,1.14,0.63,0.979,0.75,0.836,0.398,0
1180,70,0,12,1.089,0.634,0.943,0.25,0.337,0.263,0
1181,50,0,3,0.808,0.505,0.634,0.0,0.211,0.124,0
1182,44,1,9,0.912,0.585,0.866,0.0,0.215,0.141,0
1183,38,1,8,0.66,0.658,0.802,0.0,0.364,0.014,1
1184,39,1,4,0.937,0.617,0.705,0.0,0.287,0.271,0
1185,55,1,7,0.638,0.577,0.734,0.5,0.484,-0.141,0
1186,47,0,6,0.816,0.684,0.725,0.0,0.364,-0.138,0
1187,31,1,5,0.722,0.489,0.287,0.0,-0.401,0.101,0
1188,30,0,11,0.972,0.506,0.934,0.0,0.526,0.475,0
1189,38,0,6,0.731,0.534,0.758,0.75,0.188,-0.193,1
1190,41,1,6,0.7,0.586,0.489,0.0,-0.121,0.193,0
1191,53,1,9,0.979,0.676,0.735,0.0,0.042,0.29,0
1192,81,0,6,0.845,0.611,0.703,0.0,0.351,0.195,0
1193,78,1,9,0.736,0.717,0.608,0.0,0.258,-0.031,0
1194,34,1,11,0.91,0.575,1.109,0.25,0.575,0.224,0
1195,46,0,12,0.7,0.515,0.951,0.0,0.697,0.285,1
1196,53,0,8,0.875,0.709,0.893,0.75,0.766,0.227,1
1197,37,0,8,0.7,0.595,0.79,0.25,0.364,-0.042,0
1198,35,1,6,0.98,0.57,0.577,0.0,0.33,0.033,0
1199,51,0,9,0.835,0.632,0.688,0.5,-0.019,0.078,1
1200,75,1,10,1.015,0.579,0.66,0.0,0.253,0.097,0
1201,33,0,6,0.857,0.635,0.74,0.25,0.762,0.136,1
1202,33,0,5,0.856,0.592,0.534,0.0,0.087,-0.074,0
1203,71,1,5,0.741,0.728,0.568,0.0,0.298,-0.121,0
1204,56,0,9,0.877,0.581,0.785,0.25,0.454,0.124,0
1205,55,1,7,0.943,0.569,0.764,0.5,0.223,0.401,0
1206,30,1,6,0.717,0.585,0.709,0.0,0.078,-0.063,0
1207,45,0,11,0.932,0.538,0.782,0.5,0.393,0.398,0
1208,50,1,12,0.96,0.526,0.836,0.5,0.1,0.07,0
1209,40,0,6,0.719,0.488,0.739,0.5,0.23,0.039,1
1210,61,1,8,0.834,0.638,0.618,0.75,0.279,0.16,0
1211,76,0,4,0.738,0.575,0.629,0.25,0.407,-0.071,0
1212,53,0,8,0.834,0.562,0.708,0.0,0.102,0.176,1
1213,58,0,11,0.925,0.506,1.104,0.5,0.823,0.225,1
1214,76,1,10,1.028,0.616,0.743,0.0,0.306,0.377,0
1215,30,0,7,0.7,0.533,0.608,1.0,0.296,0.099,0
1216,75,0,12,0.7,0.617,0.907,0.0,0.55,0.035,0
1217,59,1,10,1.152,0.549,0.692,0.75,0.096,0.314,0
1218,45,1,10,0.96,0.575,0.978,0.25,0.564,0.403,0
1219,34,0,10,1.045,0.432,0.837,0.0,0.349,0.425,0
1220,75,0,8,0.661,0.502,0.637,0.0,0.088,0.075,0
1221,75,0,5,0.874,0.541,0.873,0.0,0.302,0.108,0
1222,46,1,4,0.898,0.7,0.666,0.25,0.089,0.403,0
1223,57,1,10,0.785,0.66,0.711,0.25,-0.07,0.153,0
1224,47,1,3,0.746,0.632,0.532,0.5,-0.034,0.003,0
1225,74,1,11,0.968,0.7,0.711,0.75,0.581,0.428,0
1226,69,0,11,0.943,0.526,0.857,0.0,0.544,0.218,0
1227,77,0,6,0.796,0.568,0.728,0.0,0.121,0.072,1
1228,81,0,10,0.701,0.639,1.017,0.0,0.345,-0.119,0
1229,78,0,11,0.833,0.492,0.996,0.5,0.855,0.038,1
1230,66,1,6,1.147,0.583,0.859,0.75,0.406,0.393,0
1231,83,1,9,0.842,0.512,0.767,0.0,0.397,-0.077,0
1232,83,0,5,0.679,0.799,0.47,0.0,-0.143,-0.071,0
1233,55,1,10,1.056,0.588,0.793,0.0,0.046,0.365,1
1234,59,1,5,0.882,0.708,0.675,0.0,0.142,-0.012,0
1235,61,0,11,0.917,0.62,0.929,0.0,0.52,0.183,0
1236,45,1,9,0.75,0.569,0.7,0.0,0.08,-0.164,0
1237,36,1,12,1.066,0.528,0.806,0.25,0.189,0.306,0
1238,54,0,8,1.021,0.666,0.756,0.0,0.298,0.198,0
1239,76,0,12,1.113,0.648,0.794,0.25,0.052,0.535,0
1240,72,1,6,0.7,0.588,0.441,1.0,-0.212,0.218,0
1241,51,1,12,1.118,0.58,0.995,0.0,0.553,0.272,0
1242,55,0,10,0.96,0.516,0.789,0.0,0.15,0.287,1
1243,58,0,5,0.747,0.637,0.39,0.75,-0.479,-0.138,0
1244,49,1,3,0.804,0.538,0.38,0.5,0.291,0.059,0
1245,47,1,5,0.914,0.607,0.294,0.75,-0.206,0.187,0
1246,54,0,7,0.979,0.544,0.796,0.0,0.282,0.339,1
1247,33,0,8,1.08,0.558,0.565,0.0,-0.136,0.226,0
1248,77,1,11,0.893,0.65,0.74,0.25,0.276,0.134,0
1249,49,1,8,1.044,0.688,0.9,0.25,0.128,0.05,0
1250,56,0,5,0.898,0.617,0.924,1.0,0.534,-0.043,1
1251,45,1,8,0.82,0.498,0.635,0.5,0.176,0.079,0
1252,78,1,6,0.701,0.67,0.62,0.25,0.193,0.015,0
1253,78,1,6,0.789,0.638,0.624,0.0,0.294,0.254,0
1254,71,1,3,0.752,0.668,0.705,0.25,0.201,0.073,0
1255,30,0,6,0.881,0.755,0.869,0.0,0.803,-0.016,0
1256,71,0,5,0.65,0.555,0.815,0.0,0.5,-0.027,0
1257,34,1,3,0.862,0.587,0.637,0.0,0.127,0.223,0
1258,76,0,4,0.854,0.686,0.144,0.0,-0.724,-0.109,0
1259,82,0,8,0.878,0.521,0.858,0.0,0.339,0.038,0
1260,72,0,6,0.889,0.455,0.619,1.0,-0.064,0.075,0
1261,79,1,6,0.792,0.539,0.703,0.75,0.251,0.173,1
1262,52,1,9,0.645,0.575,0.971,0.0,0.708,-0.265,0
1263,55,1,11,1.169,0.537,1.144,0.75,0.903,0.492,0
1264,70,0,8,0.775,0.572,0.541,0.25,0.465,0.042,0
1265,53,1,6,0.862,0.63,0.436,0.75,-0.289,0.103,0
1266,43,1,9,1.022,0.47,0.931,0.0,0.093,0.373,0
1267,43,0,7,0.855,0.768,0.662,0.0,0.087,0.025,0
1268,62,0,10,1.085,0.551,0.645,0.5,0.005,0.17,0
1269,38,0,3,0.908,0.542,0.7,0.0,0.181,0.185,0
1270,48,0,7,0.703,0.604,0.744,0.0,0.529,-0.018,0
1271,74,0,4,0.674,0.658,0.782,0.0,0.086,-0.032,0
1272,77,0,12,0.751,0.474,0.897,0.0,0.758,0.068,0
1273,69,1,6,0.909,0.715,0.7,1.0,0.045,0.209,0
1274,42,0,4,0.995,0.568,0.36,0.25,-0.176,0.341,0
1275,44,0,6,0.879,0.63,0.699,0.0,0.548,0.397,0
1276,61,0,6,0.901,0.573,0.885,0.25,0.557,0.149,0
1277,82,0,6,0.906,0.528,0.931,0.25,0.58,0.132,1
1278,63,1,3,0.903,0.576,0.373,0.0,-0.029,0.033,0
1279,34,0,9,1.028,0.622,0.655,0.0,0.013,0.366,0
1280,31,0,4,0.885,0.631,0.7,0.0,0.546,0.144,0
1281,66,0,6,0.991,0.528,0.67,1.0,0.462,0.262,0
1282,66,1,9,0.578,0.647,0.812,0.0,0.419,-0.069,0
1283,38,1,11,0.998,0.704,1.059,0.0,0.584,0.33,0
1284,31,1,10,0.992,0.56,1.154,0.5,0.728,0.429,1
1285,43,0,9,0.986,0.455,0.692,1.0,0.16,0.221,0
1286,76,0,5,0.792,0.556,0.68,0.5,-0.148,0.027,0
1287,40,1,6,0.9,0.569,0.77,0.0,0.561,0.156,0
1288,53,0,6,0.738,0.669,0.348,0.0,-0.195,-0.074,0
1289,77,0,12,0.845,0.578,0.763,0.75,0.393,0.094,0
1290,59,1,12,0.878,0.536,0.895,0.25,0.254,0.315,1
1291,35,0,5,0.684,0.585,0.629,0.25,0.075,-0.05,0
1292,77,1,3,0.784,0.646,0.769,0.0,0.106,-0.153,1
1293,66,1,12,0.79,0.594,0.859,0.25,0.566,-0.022,0
1294,48,1,9,0.733,0.523,0.953,0.0,0.54,-0.086,1
1295,80,1,11,1.189,0.551,0.85,0.0,0.143,0.343,0
1296,80,0,6,1.045,0.499,0.873,0.0,0.315,0.207,0
1297,67,1,7,0.692,0.648,0.894,0.5,0.194,-0.009,1
1298,35,1,9,0.931,0.464,0.965,0.25,0.405,0.185,0
1299,40,0,11,0.922,0.7,0.698,0.0,0.275,0.222,0
1300,83,0,7,0.792,0.501,0.839,0.0,-0.124,-0.076,0
1301,32,0,12,0.831,0.555,0.923,0.0,0.794,0.012,1
1302,63,1,4,0.845,0.493,0.9,0.0,0.373,-0.079,0
1303,34,0,12,1.102,0.414,1.105,0.0,1.008,0.356,0
1304,57,0,9,0.995,0.505,0.824,0.0,0.16,0.314,0
1305,56,0,11,0.801,0.604,0.7,0.0,0.328,0.163,1
1306,35,1,8,0.798,0.521,0.514,0.75,0.306,0.134,0
1307,76,0,10,0.847,0.643,1.105,0.75,0.422,0.364,0
1308,34,0,5,1.001,0.727,0.395,0.0,-0.296,0.32,0
1309,56,0,5,1.243,0.638,0.935,0.0,0.579,0.606,0
1310,80,0,11,0.943,0.56,0.901,0.5,0.265,0.406,0
1311,45,1,12,1.069,0.612,0.7,0.0,0.232,0.496,0
1312,54,0,3,0.929,0.671,0.732,1.0,0.236,0.27,0
1313,46,0,6,0.74,0.609,0.616,0.25,0.028,-0.028,0
1314,38,0,10,0.818,0.681,0.984,0.5,0.434,-0.039,0
1315,69,0,3,0.81,0.591,0.467,0.0,0.063,0.136,0
1316,70,1,7,0.635,0.609,0.904,0.0,0.784,-0.046,0
1317,63,0,6,0.94,0.591,0.673,0.5,0.218,0.149,0
1318,51,1,10,0.709,0.454,0.646,0.75,0.063,-0.146,0
1319,55,0,6,0.949,0.703,0.383,0.25,-0.404,0.029,0
1320,54,0,8,0.77,0.516,0.743,1.0,0.306,-0.024,0
1321,44,1,5,0.918,0.557,0.64,0.0,0.494,0.221,0
1322,74,1,9,1.003,0.537,1.001,1.0,0.527,0.175,0
1323,63,0,10,1.213,0.627,0.84,0.25,0.199,0.243,0
1324,77,0,5,0.671,0.645,0.811,0.0,0.299,-0.13,0
1325,57,1,11,1.268,0.511,0.816,1.0,0.533,0.647,0
1326,72,0,10,1.088,0.756,1.165,0.0,0.515,0.391,0
1327,50,0,4,0.817,0.659,0.48,0.5,-0.344,0.04,0
1328,52,1,8,0.868,0.477,0.78,0.25,0.281,0.039,0
1329,44,1,5,0.891,0.445,0.675,0.5,0.234,0.08,0
1330,78,0,8,0.827,0.729,0.678,0.5,0.129,0.127,0
1331,69,0,6,0.973,0.54,0.654,0.25,0.214,0.119,0
1332,79,0,3,0.767,0.524,0.557,1.0,0.135,-0.002,0
1333,57,1,6,0.883,0.485,0.852,0.0,0.152,0.023,0
1334,42,0,9,0.849,0.58,0.746,0.0,0.31,-0.031,0
1335,43,1,9,0.788,0.6,0.699,0.5,0.391,-0.032,0
1336,42,0,3,0.851,0.56,0.499,0.5,0.161,0.078,0
1337,77,1,5,0.552,0.628,0.393,0.25,0.036,-0.219,0
1338,73,1,7,0.823,0.715,0.579,1.0,0.041,-0.02,0
1339,39,0,4,0.748,0.685,0.684,0.0,0.139,-0.048,0
1340,39,1,5,0.695,0.64,0.564,0.5,0.308,-0.191,0
1341,55,1,8,1.025,0.556,0.553,0.5,0.046,0.216,0
1342,64,1,5,1.069,0.667,0.411,0.75,0.149,0.185,0
1343,52,1,11,0.961,0.534,0.976,0.25,0.508,0.064,0
1344,78,1,6,0.763,0.559,0.81,0.25,-0.023,0.066,1
1345,69,1,10,0.916,0.508,0.887,0.25,0.142,0.153,0
1346,46,1,11,0.873,0.7,1.106,0.5,0.563,0.241,1
1347,76,1,12,1.035,0.511,0.672,0.75,0.44,0.298,0
1348,81,0,8,0.807,0.51,0.715,0.5,0.124,0.172,0
1349,57,0,12,0.933,0.499,0.584,1.0,0.054,0.467,0
1350,80,1,7,0.614,0.583,0.558,0.0,0.039,-0.138,0
1351,65,0,4,0.867,0.572,0.332,0.25,0.057,0.129,0
1352,50,1,11,0.726,0.684,0.958,0.5,0.646,-0.158,0
1353,35,0,4,0.919,0.551,0.471,0.0,-0.076,0.113,0
1354,82,1,7,0.94,0.545,0.955,0.75,0.255,0.075,0
1355,58,1,8,0.955,0.542,0.35,0.25,0.01,0.247,0
1356,34,0,4,1.0,0.711,0.374,0.0,-0.163,0.154,0
1357,47,0,5,0.815,0.708,0.476,0.0,-0.341,0.129,0
1358,77,0,8,0.67,0.591,0.771,0.5,0.532,-0.198,0
1359,81,1,9,1.009,0.714,0.818,0.0,0.287,0.328,0
1360,32,1,3,0.855,0.692,0.681,0.25,0.313,0.096,0
1361,57,1,11,0.882,0.536,0.852,0.0,0.209,0.087,0
1362,37,0,11,1.012,0.622,1.145,0.5,0.622,0.058,1
1363,33,0,11,0.993,0.629,0.716,0.0,0.153,0.274,0
1364,65,0,7,0.796,0.562,0.742,0.0,0.013,0.083,0
1365,80,0,12,1.154,0.529,1.045,0.0,0.706,0.547,0
1366,44,0,9,1.001,0.592,0.592,0.0,0.043,0.118,0
1367,59,0,8,0.863,0.777,1.02,0.25,0.582,-0.146,1
1368,39,0,7,0.808,0.603,1.052,0.0,0.613,0.108,0
1369,72,0,11,0.989,0.543,1.102,0.0,0.763,0.394,0
1370,68,0,5,1.121,0.604,0.953,0.0,0.406,0.391,0
1371,53,0,12,1.027,0.567,1.287,0.5,0.688,0.068,0
1372,38,0,10,1.057,0.585,0.962,0.25,0.687,0.17,0
1373,38,1,7,0.822,0.546,0.629,0.5,0.178,0.234,0
1374,32,0,5,0.936,0.614,0.709,0.5,0.272,0.136,0
1375,34,1,4,0.587,0.574,0.458,0.0,-0.157,-0.279,0
1376,42,1,9,0.791,0.536,0.735,0.5,0.573,0.091,0
1377,59,1,9,0.968,0.618,0.732,0.0,0.276,0.278,0
1378,42,0,9,0.916,0.478,0.629,0.0,-0.061,0.076,0
1379,62,0,9,0.929,0.597,0.991,0.0,0.515,0.108,0
1380,42,1,12,0.975,0.576,1.082,0.25,0.781,0.183,0
1381,67,0,8,1.056,0.586,0.686,0.0,0.251,0.334,0
1382,47,0,8,0.989,0.643,0.934,0.75,0.284,0.218,1
1383,37,0,11,1.063,0.418,0.65,1.0,0.369,0.396,0
1384,38,1,12,1.147,0.511,0.7,0.25,0.327,0.356,0
1385,64,0,9,1.163,0.434,0.695,0.75,0.335,0.558,1
1386,34,0,3,0.677,0.725,0.526,0.0,-0.03,-0.137,0
1387,51,1,12,1.042,0.506,0.72,0.25,0.01,0.391,0
1388,31,1,11,0.942,0.508,0.975,0.0,0.488,0.209,0
1389,50,0,10,0.83,0.616,0.916,0.0,0.439,0.004,0
1390,51,0,11,0.995,0.579,0.717,0.5,0.206,0.449,0
1391,68,1,5,0.885,0.648,0.629,1.0,0.332,0.028,0
1392,83,0,9,0.993,0.594,0.658,0.0,0.17,0.401,1
1393,49,1,10,0.975,0.464,0.945,0.25,0.471,0.079,1
1394,38,1,9,1.04,0.55,0.739,0.75,0.458,0.298,0
1395,60,0,12,0.817,0.7,0.939,0.0,0.811,0.502,0
1396,58,0,12,0.881,0.708,0.863,1.0,0.529,0.135,0
1397,73,1,6,0.971,0.548,0.951,0.5,0.722,0.114,0
1398,46,0,7,0.836,0.466,0.667,0.5,0.3,0.032,0
1399,80,0,6,0.972,0.631,0.732,0.5,0.197,0.151,0
1400,54,0,3,0.74,0.635,0.639,0.5,0.332,0.036,0
1401,66,1,3,0.934,0.707,0.473,0.0,-0.227,0.053,0
1402,58,1,12,0.846,0.557,0.977,0.0,0.679,0.135,0
1403,71,0,12,1.034,0.549,0.796,0.0,0.365,0.253,0
1404,35,1,5,0.658,0.54,0.573,0.0,0.239,-0.183,0
1405,47,0,11,1.068,0.68,0.565,0.75,0.176,0.387,0
1406,44,1,8,0.868,0.599,0.594,0.25,-0.034,0.262,0
1407,84,0,12,0.94,0.575,0.841,0.5,0.28,0.349,1
1408,55,0,3,0.901,0.68,0.655,0.25,0.022,0.467,1
1409,70,1,7,0.662,0.608,0.654,0.25,0.308,-0.049,0
1410,64,1,7,0.987,0.455,0.751,0.0,0.669,0.238,0
1411,59,0,7,0.706,0.6,0.473,0.5,-0.217,-0.047,0
1412,64,0,11,0.987,0.638,1.101,0.5,0.438,0.264,0
1413,70,0,6,0.731,0.7,0.938,0.75,0.428,0.062,1
1414,82,1,11,1.025,0.502,1.075,0.75,0.566,0.426,0
1415,73,1,3,0.7,0.539,0.306,0.75,-0.256,0.106,0
1416,51,0,11,0.958,0.52,0.7,0.25,0.062,-0.021,0
1417,36,1,12,1.029,0.496,1.144,1.0,0.69,0.203,0
1418,42,1,7,0.951,0.584,0.857,1.0,0.359,0.146,0
1419,52,1,10,0.858,0.486,0.751,0.5,-0.148,0.106,0
1420,81,0,6,0.647,0.752,0.649,0.0,0.007,0.026,0
1421,53,1,5,0.942,0.613,0.41,1.0,-0.214,0.204,0
1422,62,1,6,0.746,0.577,0.797,0.25,0.343,0.065,0
1423,73,1,4,0.755,0.656,0.7,0.75,0.347,-0.089,1
1424,59,0,9,0.806,0.502,0.7,1.0,0.277,0.051,0
1425,46,1,9,1.028,0.662,0.772,0.25,-0.207,0.412,0
1426,71,1,4,0.893,0.67,0.53,0.0,-0.17,0.185,0
1427,79,0,9,0.842,0.442,0.605,0.25,-0.095,-0.134,0
1428,73,0,10,1.127,0.526,0.909,0.5,0.308,0.459,0
1429,51,0,3,0.733,0.475,0.376,1.0,-0.205,-0.087,0
1430,60,0,4,0.991,0.505,0.611,0.25,0.263,0.254,0
1431,32,1,6,0.895,0.478,0.948,0.0,0.359,0.173,1
1432,48,1,7,0.804,0.58,0.467,0.25,0.099,0.196,0
1433,52,1,12,1.088,0.389,0.984,0.25,0.494,0.284,0
1434,42,1,11,1.008,0.517,0.816,0.0,0.47,0.081,0
1435,56,0,12,1.004,0.424,1.311,0.0,0.611,0.542,0
1436,51,1,9,0.814,0.71,0.718,0.0,0.148,0.205,0
1437,49,1,5,0.941,0.746,0.748,0.25,0.23,0.204,0
1438,77,0,7,0.764,0.622,0.557,0.5,0.176,0.071,0
1439,55,0,7,0.73,0.566,0.528,1.0,0.157,-0.091,0
1440,56,1,8,0.837,0.542,1.048,0.5,0.672,0.105,0
1441,54,1,7,0.623,0.464,0.867,0.25,0.243,-0.206,1
1442,39,0,10,1.051,0.536,0.853,0.5,0.515,0.343,1
1443,37,0,8,0.97,0.558,0.596,0.0,0.154,0.079,0
1444,50,1,8,0.844,0.571,0.974,0.0,0.524,0.163,0
1445,37,0,3,0.676,0.588,0.509,0.0,-0.083,0.053,0
1446,80,1,9,0.81,0.629,0.7,1.0,0.177,-0.156,0
1447,70,0,11,0.846,0.542,0.996,0.0,0.478,0.144,0
1448,80,1,11,0.885,0.656,0.873,0.0,0.326,0.014,0
1449,57,1,6,0.896,0.741,0.547,0.0,0.258,0.098,0
1450,77,0,11,1.071,0.651,1.016,0.75,0.753,0.238,0
1451,76,1,3,0.886,0.575,0.649,0.0,0.108,0.057,0
1452,64,0,6,0.686,0.587,0.696,0.0,0.219,-0.153,0
1453,64,1,9,0.93,0.496,0.862,0.0,0.471,0.228,0
1454,58,1,10,0.7,0.499,0.862,0.0,0.287,0.02,1
1455,70,1,9,0.956,0.543,0.773,0.0,0.588,0.109,0
1456,43,0,7,0.67,0.561,0.505,0.5,-0.136,-0.165,0
1457,51,0,12,1.138,0.618,0.548,0.75,-0.076,0.237,0
1458,48,1,4,0.724,0.564,0.804,0.0,0.498,0.059,0
1459,62,0,11,0.894,0.619,0.81,0.25,0.204,0.191,0
1460,37,1,4,0.863,0.614,0.808,0.75,0.325,0.136,1
1461,40,0,5,0.692,0.652,0.667,0.5,0.17,-0.183,0
1462,54,0,10,0.841,0.629,0.856,0.0,0.271,0.105,0
1463,68,1,7,0.893,0.7,0.729,0.0,0.391,0.149,0
1464,50,0,10,1.067,0.452,0.826,0.0,0.146,0.261,0
1465,44,0,9,1.018,0.472,0.77,0.0,0.07,0.33,0
1466,36,0,5,0.939,0.56,0.374,0.75,-0.204,0.062,0
1467,35,0,9,0.848,0.57,0.972,0.0,0.323,0.019,0
1468,31,1,5,0.911,0.577,0.539,0.0,-0.196,0.229,0
1469,81,1,6,0.902,0.635,0.4,0.0,-0.079,-0.041,0
1470,83,1,6,0.959,0.639,0.697,0.0,0.01,0.078,0
1471,47,1,6,0.932,0.7,0.519,0.0,0.252,0.464,0
1472,78,1,7,1.095,0.668,0.855,0.5,0.608,0.509,1
1473,31,0,9,0.852,0.505,0.877,0.25,0.499,0.142,0
1474,47,0,7,1.023,0.674,0.631,0.5,-0.02,0.104,0
1475,37,0,6,0.759,0.674,0.702,0.0,0.498,0.039,0
1476,63,0,10,0.796,0.563,0.922,0.5,0.476,-0.043,0
1477,34,1,11,0.966,0.455,0.866,0.5,0.351,0.318,0
1478,70,1,9,0.965,0.599,0.632,0.0,-0.04,0.361,0
1479,81,1,11,1.029,0.491,1.047,0.0,0.89,0.285,1
1480,34,0,4,0.753,0.593,0.704,0.25,0.152,-0.062,0
1481,51,0,3,0.928,0.597,0.314,0.0,-0.179,0.179,0
1482,71,1,3,0.702,0.449,0.687,0.25,0.207,0.06,1
1483,66,1,3,0.77,0.534,0.517,0.5,-0.009,-0.089,0
1484,53,1,5,0.7,0.728,0.723,0.0,0.141,-0.158,0
1485,72,0,4,0.684,0.632,0.533,0.0,-0.127,-0.133,0
1486,49,1,11,0.952,0.562,1.016,0.0,0.391,0.36,0
1487,53,1,9,0.973,0.581,0.751,0.0,0.097,0.203,0
1488,70,1,3,0.995,0.609,0.326,0.0,-0.374,0.271,0
1489,81,0,4,0.581,0.545,0.751,0.75,0.367,-0.119,1
1490,64,1,5,0.821,0.611,0.655,0.0,-0.152,-0.017,0
1491,73,0,10,0.913,0.513,0.676,0.0,0.1,0.36,1
1492,52,1,3,0.847,0.467,0.726,0.0,0.158,0.059,0
1493,33,1,9,0.868,0.575,1.022,0.5,0.446,0.103,0
1494,64,0,5,0.792,0.669,0.666,0.0,0.294,0.148,0
1495,84,0,7,0.841,0.742,0.992,0.5,0.496,0.067,1
1496,65,1,12,0.925,0.616,0.7,1.0,-0.022,0.306,0
1497,52,0,10,0.904,0.604,0.948,0.75,0.688,0.388,0
1498,47,1,4,0.655,0.572,0.591,0.0,0.116,-0.083,0
1499,43,0,12,0.928,0.491,1.2,0.0,0.555,0.37,1
1500,42,1,9,1.021,0.512,0.896,0.0,0.202,0.268,0
1501,39,0,11,1.201,0.593,1.077,0.0,0.614,0.557,1
1502,33,0,3,0.806,0.683,0.546,0.0,0.246,0.056,0
1503,53,0,12,1.161,0.681,0.791,0.5,0.504,0.459,0
1504,33,0,4,1.017,0.504,0.345,0.0,-0.177,0.333,0
1505,34,1,5,0.814,0.66,0.684,0.25,0.205,0.056,0
1506,58,1,10,1.045,0.673,0.871,0.25,0.415,0.464,0
1507,56,1,9,0.889,0.504,0.707,0.0,-0.154,0.211,0
1508,43,1,6,1.182,0.589,1.013,0.0,0.601,0.588,0
1509,66,1,12,1.063,0.515,0.754,0.0,0.562,0.181,0
1510,57,0,12,0.946,0.388,1.126,0.0,0.81,0.238,0
1511,36,0,7,0.965,0.481,0.595,0.0,0.532,0.046,0
1512,43,0,3,0.763,0.467,1.021,0.5,0.789,0.043,0
1513,44,0,5,0.941,0.521,0.507,1.0,-0.1,0.203,0
1514,53,0,3,0.942,0.69,0.797,1.0,0.076,0.129,0
1515,55,1,4,0.861,0.684,0.515,0.0,0.053,0.138,0
1516,42,1,8,0.782,0.565,0.707,0.0,0.206,0.204,0
1517,51,1,12,0.982,0.554,0.666,0.0,-0.119,0.243,0
1518,58,0,9,0.962,0.582,0.891,0.0,0.505,0.168,1
1519,78,1,7,0.979,0.695,0.685,0.0,-0.022,0.364,1
1520,79,0,5,0.949,0.592,0.51,0.25,0.197,0.256,0
1521,43,1,11,0.858,0.583,1.031,0.5,0.703,0.089,0
1522,35,1,4,0.96,0.609,0.516,0.0,0.265,0.086,0
1523,76,0,8,0.7,0.535,0.796,0.0,0.437,-0.149,0
1524,47,1,4,0.56,0.747,0.654,0.75,0.348,-0.078,0
1525,50,0,6,0.762,0.46,0.861,1.0,0.395,0.046,1
1526,80,0,4,0.832,0.55,0.686,0.0,0.339,0.146,1
1527,65,1,5,0.712,0.584,0.638,0.5,0.259,-0.119,0
1528,76,0,3,0.824,0.657,0.343,0.0,-0.281,-0.095,0
1529,70,0,5,0.873,0.525,0.624,0.25,0.276,0.07,0
1530,41,0,6,0.942,0.676,0.686,0.5,0.184,0.202,0
1531,43,0,7,0.789,0.59,0.441,0.0,-0.041,-0.059,0
1532,83,0,11,0.855,0.545,0.707,0.0,0.466,0.051,0
1533,66,1,6,0.834,0.63,0.599,0.25,0.146,0.357,0
1534,71,1,3,0.751,0.505,0.722,0.5,0.093,-0.19,0
1535,60,0,12,1.074,0.625,0.921,0.0,0.591,0.33,0
1536,38,0,3,0.539,0.63,0.272,0.5,-0.337,-0.237,0
1537,73,1,4,0.934,0.652,0.403,0.0,-0.115,0.14,0
1538,31,0,10,0.939,0.6,0.728,0.0,0.305,0.135,0
1539,35,0,9,0.799,0.542,0.731,0.0,0.307,0.135,0
1540,42,0,4,0.765,0.693,0.535,0.5,0.1,-0.046,0
1541,56,1,5,0.886,0.582,0.981,0.0,0.518,0.166,0
1542,77,0,6,0.949,0.723,0.581,0.75,-0.015,-0.0,0
1543,67,1,5,0.632,0.556,0.686,0.0,0.488,-0.015,1
1544,61,1,7,0.832,0.397,0.615,0.0,0.402,0.213,0
1545,50,1,9,0.789,0.527,1.005,0.25,0.654,0.042,0
1546,42,1,8,0.852,0.598,1.058,0.5,0.821,-0.083,0
1547,57,1,8,0.765,0.595,0.764,0.0,0.203,-0.087,0
1548,60,0,12,0.854,0.453,1.136,0.75,0.782,0.087,0
1549,32,0,7,1.044,0.492,0.884,0.25,0.742,0.385,0
1550,34,0,6,0.694,0.597,0.7,0.75,0.16,-0.006,0
1551,75,1,5,0.835,0.602,0.815,0.25,0.262,0.155,0
1552,65,0,12,1.016,0.498,1.079,0.0,0.606,0.523,0
1553,36,1,12,0.959,0.489,1.029,1.0,0.652,0.22,0
1554,76,1,10,0.748,0.7,0.605,0.0,0.307,0.142,0
1555,52,0,9,0.798,0.582,0.7,0.0,0.341,0.166,0
1556,70,1,4,0.863,0.57,0.367,0.0,-0.147,0.126,0
1557,40,1,6,0.711,0.407,0.781,0.75,0.538,-0.097,0
1558,51,0,4,0.802,0.534,0.618,1.0,-0.007,-0.012,0
1559,36,1,5,0.642,0.616,0.616,0.0,-0.055,-0.036,0
1560,80,1,6,0.97,0.506,0.809,0.75,0.318,0.154,1
1561,80,1,8,1.143,0.466,0.593,0.0,0.043,0.467,0
1562,54,0,12,1.076,0.515,0.967,0.75,0.564,0.406,0
1563,49,1,3,0.728,0.66,0.565,0.0,-0.075,-0.106,0
1564,68,0,8,0.922,0.614,0.708,0.0,0.392,0.044,0
1565,63,1,11,0.734,0.573,0.758,0.0,0.44,-0.076,0
1566,33,1,8,0.793,0.609,0.534,0.75,-0.256,0.093,0
1567,53,1,9,0.981,0.59,0.946,0.25,0.427,0.254,0
1568,65,0,4,0.799,0.628,0.54,0.25,0.037,0.237,0
1569,66,0,12,0.904,0.678,1.058,0.0,0.767,0.218,0
1570,84,1,5,0.853,0.621,0.761,0.75,0.346,0.198,1
1571,69,1,7,0.886,0.614,0.509,0.0,0.119,0.168,0
1572,71,0,6,0.979,0.657,0.717,0.0,-0.039,0.194,1
1573,77,0,3,0.909,0.47,0.543,0.25,-0.195,0.094,1
1574,49,1,5,0.68,0.705,0.392,0.25,-0.154,-0.185,0
1575,44,1,5,0.96,0.495,0.718,0.0,0.216,0.195,0
1576,35,0,11,1.097,0.534,1.137,0.5,0.751,0.471,0
1577,71,1,10,0.918,0.557,0.803,0.0,0.245,0.151,0
1578,59,0,8,0.72,0.645,0.893,0.0,0.304,0.026,0
1579,72,1,11,1.198,0.54,0.727,0.0,0.449,0.487,0
1580,67,1,10,1.041,0.478,0.681,0.25,0.362,0.069,0
1581,81,0,9,0.957,0.648,0.691,0.0,-0.266,0.219,1
1582,74,1,6,0.987,0.615,1.08,0.5,0.324,0.281,0
1583,30,1,8,1.006,0.504,0.859,1.0,0.536,0.363,0
1584,35,0,5,0.797,0.569,0.422,0.0,-0.038,0.17,0
1585,62,0,3,0.92,0.681,0.494,0.75,-0.014,0.253,0
1586,34,0,12,1.041,0.735,0.726,0.0,0.097,0.339,0
1587,82,1,3,0.752,0.602,0.443,0.5,0.01,-0.032,0
1588,53,1,10,0.791,0.496,0.947,1.0,0.591,0.112,0
1589,60,0,6,0.864,0.62,0.545,0.0,-0.109,0.005,0
1590,39,0,7,0.825,0.593,0.337,0.0,-0.122,-0.017,0
1591,38,1,6,0.719,0.557,0.99,0.0,0.517,0.094,0
1592,84,1,9,0.969,0.577,0.632,0.25,0.299,0.223,1
1593,84,1,12,1.061,0.58,0.815,1.0,0.376,0.295,0
1594,55,0,3,0.884,0.567,0.37,0.5,-0.013,0.107,0
1595,75,1,9,0.807,0.552,0.703,0.5,0.232,-0.048,1
1596,74,1,3,0.99,0.641,0.7,0.0,0.22,0.287,0
1597,44,1,12,0.953,0.501,0.619,0.0,0.21,0.236,0
1598,82,1,3,0.58,0.502,0.66,0.0,0.261,-0.183,0
1599,44,0,12,1.132,0.494,0.708,0.0,0.265,0.295,0
1600,41,1,10,1.077,0.515,0.7,1.0,0.013,0.15,1
1601,42,1,6,0.691,0.49,0.351,0.25,-0.125,-0.094,0
1602,60,1,4,0.814,0.592,0.5,0.0,0.026,0.015,0
1603,69,1,4,0.592,0.35,0.788,0.0,0.395,-0.382,0
1604,75,1,12,0.823,0.414,0.728,0.75,0.202,0.046,0
1605,39,0,11,0.731,0.55,0.822,0.0,0.512,0.031,0
1606,60,0,9,0.778,0.644,0.917,0.0,0.528,0.027,0
1607,36,1,6,0.535,0.597,0.627,0.75,0.185,0.075,0
1608,71,0,3,0.767,0.724,0.541,0.25,0.203,-0.013,0
1609,54,1,11,0.865,0.52,0.97,0.25,0.568,0.21,0
1610,41,1,4,0.752,0.615,0.61,0.75,0.021,-0.217,0
1611,66,1,8,0.887,0.521,0.884,0.0,0.305,0.034,0
1612,51,1,5,0.763,0.7,0.616,1.0,-0.169,0.022,0
1613,31,0,8,1.004,0.624,0.976,0.0,0.5,0.405,0
1614,61,0,11,0.883,0.507,0.826,0.0,0.176,0.147,0
1615,33,1,9,0.853,0.528,0.988,0.0,0.714,0.12,0
1616,53,1,7,0.803,0.605,0.63,0.0,0.102,0.1,0
1617,46,1,12,1.053,0.741,0.851,0.5,0.49,0.23,0
1618,35,0,6,0.917,0.523,0.708,0.0,0.081,0.154,0
1619,43,0,3,0.833,0.619,0.48,0.0,0.076,0.081,0
1620,83,1,9,0.891,0.567,1.044,1.0,0.627,0.321,0
1621,71,0,6,0.842,0.567,0.409,0.0,0.085,0.242,1
1622,53,0,5,0.626,0.686,0.595,0.0,0.42,-0.016,0
1623,74,1,7,0.935,0.509,0.893,0.0,0.222,0.19,0
1624,32,0,4,0.962,0.559,0.834,1.0,0.318,0.018,0
1625,64,0,4,0.581,0.679,0.318,0.5,0.259,-0.15,0
1626,53,1,12,1.162,0.58,0.863,0.5,0.522,0.473,0
1627,56,1,6,0.833,0.7,0.816,0.5,0.301,-0.002,1
1628,67,0,10,1.025,0.581,1.01,1.0,0.399,0.273,0
1629,48,1,7,0.78,0.522,0.459,0.25,0.134,0.196,0
1630,33,0,5,0.832,0.62,0.642,0.0,0.006,0.125,0
1631,49,0,10,0.993,0.741,0.808,1.0,0.253,0.293,0
1632,47,1,6,0.878,0.579,0.696,0.0,0.24,-0.006,0
1633,35,0,12,1.104,0.538,0.784,1.0,0.093,0.564,1
1634,34,0,11,1.024,0.59,0.634,0.0,0.295,0.341,0
1635,66,1,5,0.716,0.59,0.782,0.5,0.196,-0.112,0
1636,77,0,7,0.791,0.618,0.888,0.0,0.39,0.127,1
1637,52,1,4,0.802,0.659,0.647,0.0,-0.161,-0.023,0
1638,32,0,4,1.053,0.594,0.688,1.0,0.2,0.242,0
1639,67,1,3,0.934,0.69,0.572,0.0,0.352,0.111,0
1640,78,1,6,0.904,0.703,0.696,0.0,0.535,-0.082,0
1641,30,0,9,1.176,0.525,0.821,0.0,0.181,0.414,0
1642,48,0,4,0.966,0.574,0.738,0.5,0.041,0.114,0
1643,75,0,4,0.7,0.497,0.671,0.0,-0.065,-0.015,0
1644,77,1,11,0.741,0.559,0.802,0.0,0.394,-0.03,0
1645,73,0,7,0.723,0.536,0.997,0.25,0.792,-0.022,0
1646,83,0,10,0.928,0.618,0.7,1.0,0.214,-0.009,0
1647,66,1,12,0.917,0.615,1.228,0.25,1.009,0.269,1
1648,83,1,7,0.83,0.541,0.7,0.0,0.209,0.019,1
1649,71,0,11,0.815,0.518,0.812,0.0,0.406,-0.001,0
1650,84,1,9,0.882,0.626,0.731,0.0,0.224,0.066,1
1651,47,0,4,0.796,0.542,0.61,0.0,-0.29,0.03,0
1652,34,1,4,0.865,0.676,0.87,0.5,0.428,0.14,0
1653,63,0,6,0.952,0.695,0.834,0.0,0.623,0.021,1
1654,52,1,3,0.896,0.528,0.63,0.25,0.196,0.26,0
1655,82,0,7,0.87,0.731,0.7,0.75,0.297,0.196,0
1656,32,0,12,1.138,0.468,1.044,0.0,0.537,0.538,0
1657,60,1,11,1.024,0.481,0.97,0.75,0.215,0.141,0
1658,57,0,10,1.06,0.574,1.095,0.0,0.645,0.265,0
1659,41,1,12,0.777,0.512,0.713,0.0,0.03,0.149,0
1660,80,1,7,0.836,0.63,0.673,0.0,-0.016,-0.059,0
1661,72,1,6,0.855,0.578,0.619,0.25,0.361,-0.056,0
1662,61,1,11,0.92,0.564,0.924,0.0,0.335,0.178,0
1663,34,0,11,0.7,0.615,0.981,0.0,0.399,-0.033,0
1664,73,1,10,0.869,0.664,0.669,0.75,0.377,0.046,0
1665,54,1,3,0.732,0.654,0.48,0.0,-0.14,-0.061,0
1666,63,0,3,1.014,0.763,0.7,0.75,-0.179,0.229,0
1667,39,0,3,0.822,0.569,0.951,0.0,0.626,0.168,1
1668,53,1,6,0.873,0.597,0.729,0.0,0.422,0.169,0
1669,32,0,4,0.77,0.801,0.728,0.25,0.365,0.156,0
1670,47,1,12,1.268,0.516,0.948,0.25,0.612,0.468,1
1671,42,0,11,0.952,0.621,0.7,1.0,-0.062,0.384,0
1672,58,0,3,0.835,0.756,0.539,0.0,-0.0,0.082,0
1673,70,1,4,0.835,0.687,0.69,0.0,0.263,-0.154,0
1674,61,1,11,0.899,0.484,0.873,0.0,0.295,-0.019,0
1675,48,0,11,0.987,0.719,0.762,0.0,0.465,0.177,1
1676,40,0,10,0.959,0.574,0.774,0.0,-0.038,0.044,0
1677,70,0,7,0.907,0.586,0.487,0.0,-0.017,0.175,0
1678,67,0,9,0.891,0.567,0.801,0.0,0.043,0.045,0
1679,81,1,9,0.821,0.697,0.615,0.0,0.218,-0.014,0
1680,63,0,11,1.164,0.619,0.676,0.25,0.113,0.515,1
1681,44,0,11,1.003,0.497,0.806,0.0,0.426,0.413,0
1682,36,1,5,1.033,0.618,0.788,0.0,0.467,0.195,0
1683,56,1,5,0.7,0.593,0.897,1.0,0.453,-0.201,0
1684,78,0,12,0.981,0.493,0.893,0.25,0.615,0.195,0
1685,68,1,3,0.787,0.602,0.323,0.0,-0.124,-0.042,0
1686,40,0,6,0.826,0.55,0.544,1.0,0.052,0.215,0
1687,31,1,7,0.926,0.728,0.501,0.25,0.074,0.424,0
1688,64,0,3,0.742,0.586,0.62,0.75,-0.002,0.139,0
1689,69,1,10,1.076,0.652,0.869,0.0,0.566,0.366,1
1690,70,0,8,0.56,0.635,0.667,0.0,-0.226,-0.058,0
1691,57,0,9,0.823,0.666,0.521,0.5,-0.087,0.126,0
1692,33,1,12,1.02,0.7,0.726,0.0,0.538,0.301,1
1693,52,1,10,0.705,0.489,0.664,0.25,0.315,-0.201,0
1694,72,0,6,0.885,0.64,0.581,0.0,0.17,0.079,0
1695,46,0,11,0.766,0.574,0.861,0.25,0.308,-0.062,0
1696,84,1,3,0.609,0.662,0.7,0.0,0.09,-0.091,1
1697,42,0,10,1.098,0.478,0.943,0.0,0.533,0.284,0
1698,55,0,6,0.657,0.639,0.627,0.0,0.039,-0.138,0
1699,54,1,8,1.057,0.51,1.017,0.25,0.516,0.327,0
1700,72,1,3,0.741,0.698,0.513,0.0,0.11,0.103,0
1701,42,0,8,0.73,0.612,0.775,0.25,0.107,0.269,0
1702,68,1,9,0.899,0.57,0.629,1.0,0.133,0.172,0
1703,42,0,12,1.028,0.606,0.969,0.25,0.701,0.044,1
1704,52,0,5,1.052,0.507,0.559,0.0,-0.119,0.267,0
1705,57,0,6,0.855,0.628,0.604,0.0,0.089,0.214,0
1706,70,0,12,0.95,0.576,0.937,0.0,0.402,0.091,1
1707,34,1,3,0.672,0.885,0.439,0.0,0.098,-0.161,0
1708,79,1,4,0.896,0.7,0.487,0.0,0.098,0.257,0
1709,54,0,8,0.824,0.663,0.775,0.5,0.771,-0.067,0
1710,67,1,10,0.858,0.529,0.627,1.0,0.049,0.102,0
1711,48,0,8,0.733,0.647,0.865,0.0,0.259,-0.218,0
1712,38,1,6,0.733,0.567,0.831,0.0,0.393,-0.182,1
1713,82,1,7,0.958,0.692,1.077,0.25,0.675,0.135,0
1714,52,0,12,1.005,0.59,0.945,0.25,0.435,0.237,0
1715,66,0,12,1.05,0.513,0.885,0.0,0.38,0.468,0
1716,47,1,4,0.637,0.7,0.726,0.0,0.308,-0.003,0
1717,30,0,4,0.814,0.528,0.421,0.0,0.002,0.071,0
1718,36,1,5,0.775,0.519,0.489,0.0,0.095,0.022,0
1719,70,0,9,0.994,0.63,0.707,0.25,0.12,0.399,0
1720,62,0,12,0.944,0.453,0.7,0.5,-0.055,0.158,0
1721,75,1,6,0.878,0.537,0.743,0.0,0.457,0.129,0
1722,68,0,5,0.678,0.582,0.718,0.0,0.304,0.057,0
1723,34,1,7,1.009,0.528,0.643,0.25,0.553,0.438,0
1724,40,1,12,1.107,0.55,0.764,0.0,0.178,0.336,0
1725,69,1,8,1.012,0.373,0.598,0.0,0.206,0.054,0
1726,75,1,9,0.915,0.67,0.621,0.0,-0.079,0.269,0
1727,50,0,5,0.789,0.677,0.43,0.25,0.022,-0.022,0
1728,36,0,4,0.745,0.727,0.551,0.0,0.236,0.01,0
1729,83,0,4,0.752,0.555,0.547,0.5,0.196,0.088,0
1730,80,1,8,0.907,0.594,0.925,0.25,0.225,0.186,0
1731,67,0,5,0.753,0.475,0.685,0.25,0.41,0.011,1
1732,72,0,5,0.775,0.6,0.752,0.0,0.208,0.144,0
1733,44,0,7,1.054,0.549,0.63,0.5,0.601,0.193,0
1734,67,1,7,0.881,0.715,1.081,0.5,0.592,-0.097,0
1735,38,1,4,0.761,0.624,0.7,0.0,0.06,0.156,0
1736,82,0,11,0.867,0.453,0.969,0.0,0.431,0.153,0
1737,47,0,9,0.986,0.66,0.59,0.0,0.193,0.129,0
1738,80,1,11,0.9,0.543,0.547,0.0,0.177,0.053,0
1739,80,0,5,0.784,0.692,0.426,0.75,0.021,0.025,0
1740,49,0,10,0.914,0.66,0.823,0.25,0.471,0.537,0
1741,81,0,9,0.928,0.523,0.859,0.0,0.552,0.026,0
1742,41,1,3,0.669,0.51,0.158,0.25,-0.159,-0.232,0
1743,70,0,10,0.865,0.638,0.997,0.0,0.535,0.204,1
1744,33,0,4,0.911,0.706,0.45,0.0,0.032,0.011,0
1745,32,1,4,0.786,0.553,0.588,0.0,-0.19,-0.006,0
1746,81,1,8,0.942,0.638,0.706,0.0,0.093,0.145,0
1747,32,0,5,0.739,0.606,0.325,0.0,-0.621,-0.116,0
1748,40,0,11,1.125,0.609,0.849,0.75,0.307,0.196,0
1749,83,0,4,0.78,0.664,0.5,0.75,0.335,-0.046,1
1750,60,1,3,0.881,0.75,0.493,0.0,-0.022,0.232,0
1751,63,1,4,0.73,0.7,0.541,0.0,0.126,-0.024,0
1752,50,1,11,0.817,0.478,1.083,0.0,0.64,-0.014,0
1753,82,1,3,0.868,0.573,0.081,0.0,-0.211,0.324,0
1754,81,1,8,0.875,0.545,0.471,1.0,-0.054,0.262,0
1755,60,1,11,0.824,0.588,0.95,0.0,0.667,0.133,0
1756,83,0,3,0.776,0.656,0.429,0.0,-0.033,-0.142,0
1757,38,0,7,0.921,0.51,0.601,0.5,-0.008,0.124,0
1758,55,1,7,0.893,0.626,0.34,0.5,-0.164,0.114,0
1759,38,0,5,0.872,0.565,0.487,0.0,0.106,0.175,0
1760,52,0,11,1.051,0.481,0.602,0.0,-0.135,0.317,0
1761,67,0,8,0.793,0.585,0.605,0.0,-0.071,-0.079,0
1762,76,0,5,0.725,0.642,0.547,0.0,0.043,-0.149,0
1763,65,0,8,1.076,0.544,0.586,0.0,0.089,0.06,0
1764,71,1,9,0.84,0.55,0.684,0.5,0.446,0.076,1
1765,46,1,9,0.64,0.587,0.893,0.75,0.492,-0.06,0
1766,32,1,7,0.852,0.479,0.734,0.25,0.203,0.206,0
1767,67,0,12,0.866,0.587,1.039,0.5,0.796,0.049,1
1768,81,1,12,0.7,0.647,1.04,1.0,0.34,0.064,1
1769,82,0,11,0.673,0.515,0.784,0.25,0.596,0.005,1
1770,32,1,8,0.742,0.609,1.057,0.0,0.454,0.207,0
1771,61,1,9,0.976,0.609,0.605,0.0,0.255,0.232,0
1772,41,1,8,1.089,0.531,0.87,1.0,0.452,0.203,0
1773,31,1,7,0.984,0.623,0.72,0.0,0.187,0.399,1
1774,32,1,10,0.965,0.58,0.942,0.75,0.487,0.026,0
1775,57,1,3,0.625,0.678,0.355,1.0,-0.201,-0.006,0
1776,65,1,5,0.811,0.612,0.352,0.0,-0.142,-0.211,0
1777,57,0,3,0.66,0.688,0.565,0.0,0.056,-0.118,0
1778,84,0,4,0.808,0.76,0.323,0.75,-0.126,0.053,0
1779,84,1,6,1.014,0.601,0.669,0.0,0.442,0.171,0
1780,53,1,8,0.866,0.586,0.835,0.0,0.006,0.177,0
1781,75,1,6,0.71,0.475,0.55,0.0,0.222,-0.012,0
1782,30,1,10,0.88,0.57,1.065,0.0,1.011,0.18,0
1783,34,1,11,0.892,0.467,0.732,0.0,0.331,0.384,0
1784,79,0,10,1.047,0.603,0.935,0.5,0.825,0.213,0
1785,50,0,3,0.803,0.614,0.587,1.0,-0.043,-0.128,0
1786,84,1,6,0.79,0.684,0.634,0.5,-0.17,0.1,1
1787,68,0,6,0.901,0.514,0.33,0.0,0.084,0.157,0
1788,72,1,5,0.858,0.691,0.737,0.0,0.173,0.159,0
1789,64,0,4,0.967,0.605,0.588,0.0,0.184,0.315,0
1790,77,0,11,0.7,0.565,0.793,0.0,0.032,0.205,0
1791,72,1,12,0.925,0.482,0.76,1.0,0.565,0.225,1
1792,41,0,11,0.882,0.565,0.872,0.0,0.415,0.268,0
1793,35,1,10,0.624,0.451,0.875,0.0,0.607,-0.236,0
1794,31,1,5,0.608,0.451,0.615,0.75,0.3,-0.309,0
1795,43,0,12,0.941,0.554,0.889,0.5,0.58,0.241,1
1796,45,1,10,1.096,0.598,0.798,0.0,0.298,0.323,0
1797,73,0,12,1.042,0.532,0.631,0.0,0.268,0.348,0
1798,57,0,8,0.633,0.655,1.003,0.5,0.773,-0.006,0
1799,74,0,7,0.913,0.564,0.792,0.25,0.726,0.125,0
1800,81,1,10,1.005,0.528,0.714,0.0,0.505,0.317,1
1801,72,0,11,1.237,0.558,1.127,0.0,0.879,0.639,0
1802,30,1,4,0.756,0.602,0.752,0.5,-0.086,0.047,0
1803,55,1,12,0.846,0.7,1.079,1.0,0.261,0.194,1
1804,39,0,4,0.892,0.577,0.739,0.0,0.321,0.122,0
1805,56,1,4,0.681,0.692,0.51,0.75,-0.075,-0.013,0
1806,80,1,10,0.829,0.494,0.955,0.25,0.412,-0.021,1
1807,77,0,3,0.853,0.556,0.534,0.0,0.233,0.22,0
1808,82,0,5,1.05,0.569,0.561,1.0,0.059,0.197,0
1809,34,1,11,0.836,0.586,0.465,0.0,0.098,0.037,0
1810,82,1,6,0.961,0.628,0.736,0.0,0.461,0.084,1
1811,31,0,4,0.731,0.579,0.647,0.0,-0.053,0.104,0
1812,55,1,12,0.819,0.549,0.955,0.0,0.598,0.227,0
1813,59,1,12,1.101,0.548,0.7,0.0,0.299,0.303,1
1814,48,1,12,0.998,0.528,0.904,1.0,0.444,0.231,0
1815,79,1,7,0.588,0.648,0.673,0.0,0.073,-0.118,0
1816,39,1,5,0.752,0.457,0.608,0.25,-0.041,-0.046,0
1817,30,0,6,0.774,0.527,0.632,0.0,0.282,0.159,0
1818,33,1,3,0.717,0.518,0.69,0.25,0.441,-0.209,0
1819,40,0,9,0.903,0.64,0.761,0.5,0.061,0.202,0
1820,43,0,10,0.911,0.681,0.86,0.75,0.446,0.256,0
1821,43,1,12,1.19,0.472,0.913,0.75,0.523,0.603,1
1822,50,1,8,0.955,0.512,0.932,0.5,0.232,-0.089,0
1823,67,0,3,0.645,0.676,0.518,0.0,0.203,-0.195,0
1824,84,1,10,0.85,0.52,0.879,0.0,0.645,0.168,0
1825,68,0,12,0.889,0.578,0.695,1.0,0.392,0.07,0
1826,74,1,7,0.795,0.666,0.657,0.0,0.093,0.056,0
1827,52,0,10,1.151,0.615,0.528,0.5,0.197,0.448,0
1828,30,0,5,0.738,0.675,0.42,0.0,0.059,-0.321,0
1829,44,0,4,0.693,0.596,0.37,0.5,0.227,-0.303,0
1830,78,1,9,0.997,0.594,0.808,0.0,0.51,0.233,0
1831,68,1,11,0.854,0.68,0.852,0.75,0.498,0.216,0
1832,59,0,9,0.86,0.54,0.616,0.0,0.306,0.155,0
1833,70,0,5,0.692,0.593,0.408,1.0,0.371,-0.31,0
1834,71,0,10,0.914,0.585,0.664,0.0,0.31,0.163,0
1835,59,1,12,0.736,0.521,0.877,0.0,-0.054,-0.135,0
1836,34,1,3,0.598,0.536,0.893,0.0,0.338,-0.121,1
1837,36,0,7,0.767,0.569,0.519,0.25,0.189,0.104,0
1838,77,1,12,0.939,0.573,0.805,0.0,0.121,0.124,1
1839,43,0,7,0.77,0.56,0.374,0.75,-0.038,-0.122,0
1840,74,1,3,0.7,0.528,0.512,0.0,-0.309,0.012,0
1841,60,0,5,0.948,0.575,0.644,0.25,0.198,0.116,0
1842,61,0,9,1.034,0.44,0.621,0.0,0.147,0.342,0
1843,64,1,9,0.77,0.7,0.782,0.0,0.257,0.219,0
1844,55,1,11,0.748,0.659,0.848,1.0,0.384,0.095,0
1845,78,1,12,0.868,0.448,1.014,0.0,0.393,-0.016,0
1846,66,0,5,0.804,0.639,0.339,0.0,0.017,-0.072,0
1847,52,1,10,0.938,0.575,0.896,0.25,0.318,0.307,1
1848,34,1,4,0.788,0.646,0.607,0.5,0.403,-0.18,0
1849,62,0,11,0.93,0.521,0.791,0.25,0.411,0.202,0
1850,75,1,6,0.96,0.617,0.74,0.5,0.349,0.236,0
1851,57,0,11,0.912,0.566,0.791,0.0,0.157,0.284,0
1852,78,1,10,0.871,0.562,0.942,0.25,0.242,0.02,0
1853,73,0,11,1.241,0.43,1.205,1.0,0.449,0.354,0
1854,46,1,10,1.226,0.638,0.76,0.0,0.307,0.351,0
1855,58,0,11,1.16,0.454,0.805,0.25,0.491,0.385,0
1856,45,0,10,0.768,0.468,0.905,0.25,0.556,0.003,0
1857,39,1,4,0.95,0.621,0.657,1.0,0.152,0.138,0
1858,40,0,5,0.845,0.494,0.386,0.0,-0.012,0.098,0
1859,74,1,4,0.874,0.526,0.361,0.0,-0.282,-0.01,0
1860,55,0,11,0.7,0.467,0.815,0.0,0.393,0.007,0
1861,32,0,12,1.114,0.544,0.7,1.0,0.233,0.567,0
1862,30,0,5,0.713,0.478,0.843,0.25,0.113,-0.047,0
1863,60,1,7,0.607,0.533,0.359,0.0,-0.048,-0.213,0
1864,82,1,8,0.88,0.662,0.493,0.0,0.151,0.152,0
1865,57,1,5,0.7,0.478,0.804,0.0,0.104,0.025,1
1866,52,1,5,0.951,0.745,0.698,1.0,0.453,0.196,0
1867,71,1,10,0.983,0.519,0.674,0.5,-0.077,0.152,0
1868,32,0,4,1.001,0.617,0.471,0.0,-0.072,0.287,0
1869,37,1,3,0.687,0.577,0.612,0.5,0.161,-0.04,0
1870,49,1,4,0.521,0.648,0.561,0.0,-0.08,-0.217,0
1871,50,0,10,0.788,0.494,0.662,0.0,-0.01,0.098,0
1872,57,0,4,0.7,0.666,0.79,0.0,0.214,-0.318,1
1873,41,0,6,0.838,0.653,0.7,0.25,0.429,-0.093,0
1874,71,0,7,0.89,0.482,0.693,0.75,0.107,0.23,0
1875,74,0,12,0.889,0.456,1.079,0.75,0.855,0.264,0
1876,79,0,3,0.958,0.46,0.486,0.0,-0.015,0.265,0
1877,30,0,5,1.124,0.726,0.798,0.0,0.494,0.29,0
1878,61,1,12,1.002,0.523,1.067,0.25,0.676,0.238,0
1879,46,1,6,0.703,0.535,0.584,0.0,-0.028,-0.011,0
1880,65,0,10,0.911,0.549,0.748,0.0,0.358,0.191,1
1881,70,1,8,0.748,0.599,0.443,0.0,0.025,-0.008,0
1882,58,1,8,0.784,0.516,0.985,0.75,0.765,0.054,0
1883,33,1,12,0.82,0.507,1.03,0.5,0.405,-0.036,0
1884,77,1,8,0.875,0.541,0.987,0.0,0.738,0.158,0
1885,82,0,6,0.831,0.583,0.636,0.0,-0.014,-0.256,0
1886,80,1,8,0.818,0.5,0.848,0.0,0.372,0.025,1
1887,49,0,9,1.074,0.623,0.926,0.25,0.28,0.407,1
1888,53,0,10,1.019,0.548,0.98,1.0,0.5,0.358,0
1889,55,1,8,0.925,0.719,0.709,0.25,0.31,-0.016,0
1890,44,0,4,0.796,0.7,0.788,0.0,0.052,-0.033,0
1891,60,0,12,0.976,0.454,0.7,0.25,0.348,0.313,0
1892,45,1,10,0.883,0.58,0.587,0.75,0.287,0.191,0
1893,39,1,4,0.798,0.621,0.518,0.0,-0.004,-0.041,0
1894,77,0,12,1.032,0.468,1.103,0.5,0.644,0.202,1
1895,49,0,7,0.822,0.648,0.759,0.5,0.139,-0.015,0
1896,49,1,11,1.09,0.557,0.781,0.0,-0.116,0.359,0
1897,53,1,3,0.784,0.654,0.381,1.0,0.11,0.384,0
1898,81,0,8,0.838,0.594,0.407,0.0,-0.109,0.118,0
1899,80,0,9,0.745,0.524,1.031,0.0,0.44,0.174,1
1900,50,0,6,0.82,0.606,0.89,0.5,0.689,0.008,0
1901,74,0,6,1.064,0.506,0.725,0.25,0.164,0.083,0
1902,30,1,4,0.917,0.539,0.784,0.25,0.064,0.132,0
1903,50,0,11,0.818,0.608,0.778,0.0,0.456,0.118,0
1904,69,1,9,1.128,0.565,1.141,0.25,0.441,0.387,1
1905,45,0,8,0.998,0.513,0.765,0.25,0.458,0.287,0
1906,59,1,6,0.712,0.609,0.751,0.0,0.229,-0.178,0
1907,43,0,12,0.856,0.577,0.989,1.0,0.372,0.152,0
1908,69,0,11,0.795,0.69,0.754,0.0,0.193,0.236,1
1909,79,1,9,0.946,0.449,0.811,0.0,-0.003,0.059,0
1910,73,0,12,1.046,0.638,1.078,1.0,0.866,0.447,0
1911,38,0,3,0.857,0.7,0.38,0.0,0.125,0.172,0
1912,34,0,6,1.125,0.638,0.938,0.0,0.414,0.293,0
1913,31,1,8,0.82,0.558,0.648,0.5,0.311,0.058,0
1914,66,1,4,1.114,0.531,0.558,0.0,0.222,0.481,0
1915,68,0,10,0.867,0.488,0.93,1.0,0.502,-0.228,0
1916,58,1,3,0.814,0.7,0.573,0.0,0.049,0.133,0
1917,64,1,6,0.797,0.664,0.715,1.0,0.1,0.127,0
1918,78,1,3,0.762,0.607,0.352,0.25,0.106,0.205,0
1919,57,1,7,0.998,0.451,1.098,1.0,0.649,0.172,0
1920,68,0,3,0.945,0.665,0.265,0.0,-0.016,0.208,0
1921,80,1,4,0.713,0.7,0.296,0.0,-0.296,0.098,1
1922,56,1,5,0.791,0.473,0.623,0.0,0.181,0.128,0
1923,35,0,9,0.903,0.552,0.71,1.0,0.471,0.16,0
1924,52,0,8,0.7,0.487,0.638,0.0,0.211,-0.238,0
1925,79,1,6,0.742,0.539,1.026,0.0,0.34,-0.005,0
1926,43,0,3,0.724,0.593,0.413,0.0,-0.345,-0.023,0
1927,51,0,6,0.98,0.586,0.709,0.0,0.301,0.26,0
1928,48,1,9,0.899,0.469,0.798,0.0,0.182,0.369,0
1929,79,0,5,0.561,0.532,0.565,0.0,-0.044,-0.271,0
1930,52,0,10,0.854,0.573,1.092,0.5,0.581,0.131,1
1931,66,1,9,1.046,0.729,0.849,0.0,0.237,0.255,0
1932,32,0,4,0.639,0.623,0.66,0.0,-0.04,-0.293,0
1933,79,1,8,0.673,0.568,0.751,0.0,0.398,-0.08,1
1934,67,0,7,0.862,0.662,0.864,0.5,0.482,-0.035,0
1935,83,0,8,1.142,0.574,0.625,0.5,0.023,0.61,0
1936,75,1,7,0.721,0.608,0.503,0.75,-0.144,-0.055,0
1937,34,1,4,0.854,0.571,0.331,0.0,-0.336,0.137,0
1938,80,0,8,0.887,0.543,0.806,1.0,0.341,0.118,0
1939,75,0,7,0.72,0.61,0.574,1.0,0.26,-0.067,0
1940,61,0,8,0.989,0.654,0.72,0.75,0.305,0.183,0
1941,58,0,5,0.772,0.457,0.656,0.75,0.251,-0.114,0
1942,34,0,10,0.985,0.519,1.088,0.0,0.52,0.01,0
1943,49,1,6,0.759,0.591,0.853,0.75,0.551,0.042,0
1944,58,1,6,0.947,0.562,0.755,0.25,0.074,0.116,0
1945,46,1,8,1.079,0.525,0.696,1.0,0.041,0.395,0
1946,31,1,6,0.65,0.646,0.617,0.5,-0.01,-0.036,0
1947,31,0,11,0.841,0.55,0.723,1.0,0.275,0.131,1
1948,54,1,5,0.917,0.529,0.7,0.0,0.314,0.18,0
1949,69,1,5,0.825,0.625,0.642,0.0,-0.024,0.111,0
1950,59,0,6,0.876,0.523,0.663,0.0,0.006,-0.018,1
1951,50,0,7,0.766,0.625,0.999,0.25,0.881,0.222,0
1952,40,1,8,0.992,0.541,0.891,0.25,0.165,0.292,0
1953,74,1,5,0.718,0.641,0.309,0.25,-0.484,0.068,0
1954,37,1,11,0.959,0.622,0.794,0.75,0.369,0.222,0
1955,52,1,7,0.894,0.504,0.93,0.0,0.564,0.183,0
1956,35,1,10,1.127,0.674,0.849,0.0,0.187,0.158,0
1957,78,1,6,0.792,0.58,0.534,0.0,0.164,0.25,0
1958,65,1,5,0.96,0.674,0.597,0.0,0.127,0.222,0
1959,41,0,7,0.811,0.525,0.779,0.0,0.32,-0.107,0
1960,50,0,10,0.917,0.418,0.901,0.5,0.419,0.003,0
1961,40,1,11,0.771,0.443,1.012,0.0,0.419,0.029,0
1962,66,0,10,1.154,0.626,0.87,0.0,0.482,0.286,0
1963,46,0,11,0.817,0.559,0.925,0.75,0.343,0.038,0
1964,75,0,7,0.848,0.605,0.692,0.75,0.148,0.053,1
1965,41,0,12,1.017,0.546,0.656,0.0,0.016,0.349,0
1966,53,1,10,1.087,0.625,1.241,0.0,0.737,0.254,0
1967,51,0,4,0.805,0.636,0.517,0.5,0.03,-0.02,0
1968,61,0,11,1.102,0.583,0.874,0.0,0.137,0.402,1
1969,51,0,10,1.028,0.495,0.749,0.25,0.125,0.41,0
1970,78,1,3,0.66,0.68,0.399,0.25,0.193,-0.044,0
1971,48,0,6,0.749,0.65,0.501,0.5,0.157,0.053,0
1972,79,1,12,0.878,0.681,0.963,1.0,0.42,0.052,1
1973,45,0,4,0.782,0.7,0.464,0.0,-0.209,-0.012,0
1974,75,0,11,1.212,0.46,0.902,0.25,0.522,0.599,1
1975,74,0,7,0.902,0.637,0.827,0.0,0.263,0.052,0
1976,74,0,12,1.03,0.519,0.702,0.75,0.199,0.347,0
1977,37,1,3,0.663,0.717,0.675,0.0,0.291,-0.276,0
1978,41,0,8,0.932,0.552,0.873,0.0,0.21,0.142,0
1979,44,0,3,0.905,0.671,0.424,0.0,0.253,0.148,0
1980,55,0,6,1.0,0.67,0.601,0.0,0.236,0.316,0
1981,30,0,12,0.699,0.598,0.984,0.0,0.666,-0.128,0
1982,45,1,5,0.544,0.57,0.692,0.75,0.173,-0.125,0
1983,43,0,6,0.813,0.485,0.333,1.0,-0.006,-0.011,0
1984,30,0,5,0.926,0.634,0.726,0.0,0.413,0.328,0
1985,66,0,6,0.941,0.551,0.759,0.5,0.4,0.329,0
1986,61,0,12,0.892,0.7,0.732,0.0,0.302,0.077,0
1987,40,0,9,0.679,0.509,0.863,0.0,0.559,0.016,0
1988,38,1,6,0.677,0.65,0.635,0.0,0.379,-0.229,0
1989,77,1,4,0.887,0.7,0.514,0.0,-0.186,0.096,0
1990,37,0,8,0.819,0.7,0.685,0.75,0.176,0.213,0
1991,58,1,9,0.779,0.679,1.09,0.0,0.6,-0.14,0
1992,82,1,9,0.884,0.629,0.822,0.0,0.473,0.232,0
1993,42,1,6,1.054,0.6,0.771,0.0,0.33,0.208,0
1994,32,1,9,0.683,0.666,0.842,0.5,0.605,-0.018,0
1995,77,0,11,1.109,0.534,0.817,0.5,0.163,0.245,0
1996,37,1,3,1.078,0.681,0.629,0.0,0.185,0.208,0
1997,34,0,5,0.816,0.656,0.696,0.25,0.385,0.167,0
1998,44,0,12,1.066,0.597,0.829,0.0,0.475,0.221,0
1999,46,1,9,0.849,0.621,0.965,0.25,0.639,-0.02,0
2000,75,1,8,0.978,0.571,0.99,0.0,0.842,0.235,0
2001,45,1,4,0.889,0.534,0.376,0.25,-0.128,0.112,0
2002,73,0,5,0.981,0.685,0.511,0.0,0.326,0.281,0
2003,48,1,9,0.884,0.633,1.145,0.0,0.835,0.379,0
2004,39,0,10,0.781,0.53,0.986,0.5,0.632,0.03,0
2005,74,0,9,0.994,0.573,1.194,0.0,0.533,0.287,0
2006,58,0,12,1.063,0.624,0.949,0.0,0.688,0.268,0
2007,60,1,3,0.6,0.652,0.447,0.0,-0.032,-0.083,0
2008,71,1,8,1.034,0.544,0.694,0.0,-0.022,0.182,1
2009,82,0,8,1.111,0.517,0.581,0.0,0.257,0.702,1
2010,63,1,11,1.542,0.65,1.124,0.25,0.593,0.807,0
2011,83,1,10,0.88,0.59,0.682,0.25,0.072,-0.019,0
2012,57,1,8,0.906,0.614,0.394,0.5,0.011,0.003,0
2013,65,0,4,0.87,0.496,0.332,0.75,-0.033,0.034,0
2014,59,1,12,1.018,0.629,1.194,0.5,1.085,0.124,0
2015,65,0,12,0.771,0.545,0.997,0.0,0.321,0.003,0
2016,82,1,7,0.803,0.541,0.657,0.75,0.126,0.102,1
2017,73,1,3,0.613,0.697,0.146,0.25,-0.421,0.072,0
2018,33,0,9,0.728,0.453,0.6,0.0,0.355,-0.121,0
2019,70,1,5,0.812,0.447,0.737,0.25,0.379,-0.003,0
2020,33,1,9,0.873,0.567,0.659,0.0,0.26,0.039,0
2021,46,0,8,0.7,0.535,0.748,0.25,0.152,-0.061,0
2022,43,0,4,0.7,0.522,0.749,0.25,0.627,0.0,0
2023,61,1,5,0.856,0.566,0.724,0.75,0.024,0.115,0
2024,65,1,12,1.201,0.565,0.767,0.5,0.438,0.567,0
2025,71,0,10,0.927,0.7,0.73,0.0,0.403,0.217,0
2026,84,1,9,0.92,0.478,0.7,0.5,0.263,-0.105,1
2027,33,0,10,1.082,0.586,0.86,0.0,0.214,0.397,0
2028,38,0,5,0.804,0.737,0.474,1.0,0.097,-0.168,0
2029,83,1,9,0.862,0.694,0.891,0.0,0.633,0.326,0
2030,38,1,3,1.066,0.637,0.368,0.75,0.126,0.296,0
2031,52,0,4,0.653,0.555,0.621,0.5,-0.019,-0.1,0
2032,48,1,8,0.896,0.579,0.742,0.75,0.365,-0.062,0
2033,39,1,5,0.719,0.597,0.467,0.0,-0.006,0.11,0
2034,31,0,12,0.956,0.547,0.789,0.0,0.368,0.418,0
2035,49,0,9,1.005,0.633,0.872,0.25,0.153,0.35,1
2036,39,0,6,0.886,0.581,0.682,0.0,0.11,0.042,0
2037,40,0,5,0.88,0.735,1.045,0.5,0.869,0.104,1
2038,44,1,4,0.95,0.474,0.783,0.0,0.466,0.239,0
2039,71,1,11,0.758,0.466,1.002,0.5,0.475,0.133,0
2040,50,1,7,0.775,0.48,0.667,0.0,0.161,-0.146,0
2041,39,1,9,0.967,0.612,0.927,0.0,0.314,0.106,0
2042,60,1,7,0.799,0.491,0.805,0.25,0.647,0.112,0
2043,67,1,7,0.829,0.52,0.7,1.0,0.208,0.034,0
2044,57,1,9,1.072,0.512,1.023,0.0,0.147,0.626,0
2045,58,1,9,1.054,0.571,0.827,0.0,0.221,0.537,0
2046,43,0,4,0.7,0.515,0.38,0.0,0.131,-0.035,0
2047,50,0,11,0.925,0.606,0.994,0.0,0.696,0.155,0
2048,79,1,4,0.904,0.554,0.624,0.0,0.406,-0.047,0
2049,40,0,8,0.85,0.545,0.752,0.0,0.763,0.15,0
2050,41,0,7,0.881,0.578,0.872,1.0,0.228,0.126,0
2051,52,0,10,0.7,0.494,0.655,0.0,0.475,-0.187,1
2052,59,1,6,0.837,0.515,0.336,1.0,-0.23,0.161,0
2053,63,0,7,0.882,0.629,0.795,0.0,0.254,0.132,0
2054,43,0,12,0.977,0.43,0.798,1.0,0.176,0.31,0
2055,63,0,9,0.812,0.578,0.984,0.0,0.69,-0.229,0
2056,68,0,4,0.899,0.548,0.511,0.25,-0.074,-0.009,0
2057,68,1,5,0.762,0.643,0.786,0.0,0.196,-0.264,0
2058,70,0,6,0.942,0.508,0.53,0.0,0.297,0.074,0
2059,37,1,6,0.659,0.559,0.6,0.5,0.254,-0.095,0
2060,38,1,11,0.966,0.57,0.939,0.75,0.625,0.271,0
2061,80,0,7,0.702,0.581,0.914,0.5,0.507,-0.072,0
2062,70,1,12,1.06,0.634,0.942,0.75,0.335,0.57,0
2063,55,0,3,1.107,0.474,0.793,0.0,0.087,0.182,0
2064,45,1,6,1.011,0.497,0.443,0.5,0.172,0.256,0
2065,47,0,6,0.934,0.47,0.56,0.0,-0.323,0.211,0
2066,64,1,12,0.854,0.411,0.625,0.75,0.314,-0.113,0
2067,40,0,12,1.163,0.638,0.814,0.0,0.523,0.404,0
2068,71,0,12,1.217,0.553,1.05,0.0,0.48,0.615,1
2069,73,0,11,1.117,0.693,0.951,0.0,0.653,0.477,1
2070,75,1,4,0.852,0.568,0.631,0.75,-0.069,0.027,0
2071,69,1,4,0.626,0.652,0.814,1.0,0.531,0.075,0
2072,34,0,6,0.969,0.642,0.806,0.0,0.415,0.337,0
2073,54,0,5,0.69,0.645,0.566,0.0,0.233,-0.056,0
2074,66,1,5,0.877,0.631,0.578,0.5,0.352,0.2,0
2075,40,0,11,0.944,0.548,0.466,0.0,-0.098,0.329,0
2076,76,1,10,0.884,0.647,0.7,0.5,0.049,0.098,0
2077,84,0,8,0.951,0.559,0.686,0.0,0.086,0.477,0
2078,55,1,9,0.947,0.53,0.769,1.0,0.254,0.15,1
2079,79,1,4,0.623,0.66,0.518,0.75,0.132,-0.398,0
2080,77,0,12,1.143,0.7,1.017,0.25,0.599,0.607,0
2081,37,0,3,1.024,0.683,0.756,0.0,0.367,0.537,0
2082,58,0,6,0.941,0.555,0.707,0.0,0.237,0.257,0
2083,82,1,4,0.84,0.811,0.694,0.0,0.312,0.116,0
2084,70,1,5,0.96,0.464,0.544,0.0,-0.102,0.061,0
2085,47,1,5,0.549,0.631,0.531,0.75,0.138,-0.098,0
2086,69,1,6,0.807,0.58,0.479,0.0,-0.153,-0.093,0
2087,37,1,11,1.057,0.544,0.693,0.5,0.158,0.551,0
2088,76,1,3,0.913,0.589,0.522,0.75,0.15,0.019,0
2089,56,1,6,1.047,0.721,0.821,0.0,0.473,0.257,0
2090,61,0,4,0.83,0.615,0.662,0.25,0.169,-0.006,0
2091,48,1,5,0.587,0.544,0.641,0.0,0.252,-0.22,0
2092,84,0,11,0.724,0.567,1.201,1.0,0.64,-0.051,1
2093,45,1,11,0.985,0.625,1.023,0.75,0.673,0.381,0
2094,65,1,7,0.851,0.52,0.917,1.0,0.322,0.149,0
2095,57,1,12,1.008,0.555,0.789,0.0,0.524,0.238,0
2096,35,1,12,0.969,0.532,0.791,0.5,0.349,0.158,0
2097,59,1,11,1.215,0.446,0.996,0.25,0.648,0.349,0
2098,65,1,4,0.958,0.702,0.542,0.25,0.162,0.349,0
2099,31,0,8,0.798,0.575,0.938,0.25,0.465,-0.007,0
2100,58,0,9,1.188,0.489,0.797,0.0,0.536,0.488,0
2101,55,1,8,1.049,0.601,0.758,0.0,0.267,0.33,0
2102,77,0,6,0.859,0.46,0.618,0.5,-0.063,0.041,0
2103,43,0,9,0.94,0.633,0.788,0.0,0.373,0.238,0
2104,45,1,3,0.894,0.518,0.458,0.75,-0.141,0.233,0
2105,84,0,3,0.817,0.662,0.686,0.5,0.274,-0.099,1
2106,77,1,3,0.892,0.531,0.317,1.0,-0.17,-0.02,0
2107,36,0,10,0.973,0.702,0.571,0.75,0.118,0.217,0
2108,44,0,12,0.849,0.452,0.908,0.0,0.559,0.018,0
2109,40,0,5,0.898,0.518,0.426,0.5,-0.36,0.372,0
2110,32,0,12,0.826,0.522,0.656,0.0,-0.043,0.253,0
2111,47,0,3,0.806,0.581,0.504,1.0,0.113,0.054,0
2112,66,0,9,0.92,0.576,1.163,0.0,0.506,0.092,0
2113,30,0,7,0.865,0.504,0.534,1.0,-0.025,0.09,0
2114,73,1,4,0.777,0.586,0.382,0.25,-0.066,0.077,0
2115,42,1,7,0.78,0.607,0.789,0.0,0.549,0.159,0
2116,74,0,3,0.7,0.605,0.329,0.25,-0.13,-0.106,0
2117,43,0,5,0.857,0.572,0.659,0.5,0.139,-0.098,0
2118,41,1,12,0.921,0.474,0.748,1.0,0.361,0.152,0
2119,48,1,3,0.795,0.7,0.383,0.25,-0.037,0.12,0
2120,56,1,5,0.793,0.536,0.489,0.0,0.233,0.126,0
2121,50,1,9,1.069,0.526,0.501,0.0,0.236,0.32,0
2122,84,0,9,0.756,0.612,0.56,0.25,0.241,0.066,0
2123,84,1,9,0.978,0.661,0.856,0.0,0.434,0.227,1
2124,61,1,9,0.93,0.576,0.567,0.0,-0.095,0.058,0
2125,33,1,10,1.034,0.457,0.649,0.0,0.259,0.263,0
2126,35,0,10,1.076,0.567,0.638,0.0,0.261,0.306,0
2127,41,0,8,0.995,0.498,0.584,0.25,0.081,0.223,0
2128,33,0,8,1.045,0.636,0.807,0.5,0.543,0.338,0
2129,78,0,7,0.893,0.581,0.684,0.25,0.137,0.251,0
2130,75,1,10,1.008,0.636,0.853,1.0,0.354,0.316,0
2131,75,1,8,0.958,0.521,0.619,0.0,-0.103,0.241,0
2132,59,1,9,1.089,0.563,0.712,0.25,0.455,0.385,0
2133,44,1,7,1.042,0.682,0.766,0.0,0.722,0.35,0
2134,56,1,3,0.852,0.532,0.7,0.25,0.218,0.188,0
2135,32,0,6,0.981,0.597,0.645,0.5,0.157,0.281,0
2136,33,1,12,0.873,0.476,0.787,0.0,0.2,0.062,0
2137,40,1,10,0.83,0.374,0.407,0.0,-0.152,0.136,0
2138,81,1,8,0.958,0.455,0.814,0.5,0.352,0.201,0
2139,72,1,8,1.035,0.604,1.001,0.5,0.314,0.449,1
2140,80,0,9,0.893,0.458,0.401,0.0,0.082,0.103,0
2141,60,0,5,0.613,0.7,0.919,0.0,0.611,-0.157,1
2142,54,1,3,0.973,0.587,0.576,0.0,0.227,0.273,0
2143,70,1,10,0.92,0.49,1.059,0.0,0.493,0.056,0
2144,72,1,5,0.831,0.595,0.661,0.0,0.298,0.308,1
2145,57,1,12,0.943,0.488,0.714,0.5,0.324,0.278,0
2146,34,1,4,0.837,0.612,0.795,0.5,0.355,0.033,0
2147,60,1,4,0.831,0.549,0.438,0.75,0.116,-0.022,0
2148,62,0,12,0.744,0.538,0.918,0.0,0.473,-0.155,0
2149,53,0,9,0.638,0.599,1.019,0.75,0.407,-0.025,0
2150,44,0,3,0.739,0.673,0.736,0.75,0.259,0.062,0
2151,56,1,8,0.71,0.635,0.704,0.5,0.274,-0.187,1
2152,70,0,11,1.005,0.474,0.805,1.0,0.448,0.162,1
2153,35,0,9,0.845,0.594,0.985,0.5,0.271,0.11,0
2154,43,1,8,1.021,0.556,1.009,1.0,0.402,0.509,0
2155,83,1,11,0.72,0.635,0.645,0.5,0.088,0.018,0
2156,45,0,9,0.893,0.7,0.865,0.0,0.459,0.2,1
2157,65,0,12,1.036,0.591,0.951,0.5,0.383,0.344,0
2158,61,1,12,0.984,0.483,1.338,0.0,1.2,0.175,1
2159,60,0,10,0.771,0.587,0.75,0.0,0.476,0.008,0
2160,68,1,12,1.055,0.622,0.905,0.0,0.239,0.325,0
2161,37,1,6,0.931,0.544,0.826,1.0,0.109,0.276,0
2162,82,1,11,0.892,0.502,0.878,0.0,0.335,0.192,0
2163,42,0,5,0.959,0.584,0.691,0.0,0.38,0.163,0
2164,56,1,11,1.02,0.406,0.854,0.25,0.346,0.149,0
2165,71,0,12,0.893,0.559,0.834,0.5,0.284,0.193,0
2166,30,1,4,0.945,0.512,0.47,0.0,-0.115,0.14,0
2167,37,0,3,0.985,0.54,0.653,0.0,0.289,0.235,1
2168,61,1,7,1.032,0.421,0.7,0.0,0.201,0.137,0
2169,54,1,11,0.964,0.614,0.892,0.5,0.218,0.172,1
2170,70,0,8,0.943,0.684,0.995,0.5,0.419,0.129,0
2171,65,0,4,0.796,0.565,0.631,0.0,0.093,0.204,1
2172,51,1,11,1.179,0.616,0.808,0.0,0.538,0.479,0
2173,44,1,5,0.808,0.664,0.713,0.25,0.172,0.084,0
2174,42,0,8,0.959,0.556,0.536,0.0,0.161,0.197,0
2175,63,1,7,0.753,0.567,0.419,0.0,0.062,0.053,0
2176,36,0,7,0.966,0.482,0.873,1.0,0.44,0.114,0
2177,74,1,3,0.789,0.712,0.573,0.0,-0.212,0.157,0
2178,80,1,11,0.92,0.551,0.927,0.0,0.409,0.153,0
2179,51,0,8,0.878,0.499,0.367,0.75,-0.085,0.047,0
2180,60,1,5,0.926,0.559,0.724,0.0,0.072,0.301,0
2181,31,0,12,0.934,0.56,0.879,0.0,0.292,0.25,0
2182,65,0,9,0.959,0.527,0.717,0.5,0.518,0.176,0
2183,54,0,10,0.64,0.536,0.583,0.0,-0.21,-0.105,0
2184,37,1,10,0.931,0.523,1.172,1.0,1.028,0.19,0
2185,82,0,5,0.916,0.57,0.938,0.0,0.4,0.242,0
2186,30,0,11,1.219,0.503,0.947,0.0,0.701,0.533,0
2187,55,1,9,0.931,0.567,0.828,0.0,0.128,0.079,0
2188,64,0,7,1.057,0.651,0.277,0.25,-0.387,0.339,0
2189,41,0,9,1.063,0.717,0.782,0.0,0.082,0.03,0
2190,37,1,7,0.959,0.573,1.139,0.0,0.658,0.311,0
2191,40,0,11,0.785,0.406,0.713,0.5,0.049,-0.045,0
2192,53,0,5,0.73,0.554,0.438,0.0,-0.232,-0.204,0
2193,34,1,11,0.915,0.614,0.899,0.0,0.529,0.171,0
2194,84,1,10,0.798,0.632,0.675,0.25,0.449,-0.033,1
2195,55,1,4,0.831,0.567,0.519,0.0,0.179,-0.077,0
2196,45,0,8,0.81,0.7,0.809,0.0,0.562,0.245,0
2197,37,1,4,0.488,0.562,0.593,0.5,0.37,-0.209,0
2198,42,1,8,0.939,0.482,0.818,0.0,0.226,0.17,0
2199,35,1,11,0.88,0.582,0.941,0.0,0.703,0.006,1
2200,44,0,7,0.789,0.684,1.021,0.0,0.322,-0.103,0
2201,56,1,9,0.882,0.529,0.706,0.0,0.327,0.16,1
2202,49,0,3,0.743,0.603,0.615,0.0,0.254,-0.174,0
2203,47,1,5,0.969,0.505,0.828,0.75,0.223,-0.009,0
2204,83,1,7,1.145,0.55,0.678,0.25,0.085,0.478,0
2205,70,0,3,0.821,0.6,0.578,0.0,0.155,0.12,0
2206,38,0,5,0.817,0.613,0.745,0.0,0.51,0.154,0
2207,73,0,9,0.929,0.537,0.621,0.75,0.532,0.248,0
2208,75,1,11,0.992,0.509,1.24,0.0,0.768,0.268,1
2209,83,0,10,0.919,0.646,0.895,0.0,0.519,0.275,0
2210,78,0,10,0.866,0.529,0.713,0.0,0.256,0.081,0
2211,61,1,6,0.972,0.574,0.516,0.5,0.358,0.168,0
2212,32,0,9,1.009,0.486,0.627,0.0,-0.073,0.181,0
2213,32,1,4,0.778,0.7,0.532,0.5,0.255,0.139,0
2214,40,0,7,0.875,0.535,0.442,0.5,-0.061,0.076,0
2215,56,1,4,0.818,0.639,0.71,0.0,0.384,0.118,0
2216,72,0,3,0.968,0.596,0.697,0.25,0.234,0.23,0
2217,36,0,7,1.016,0.741,0.548,0.25,-0.195,0.161,0
2218,54,1,6,0.884,0.42,0.453,0.0,0.183,-0.026,0
2219,47,0,11,0.975,0.442,0.664,0.0,-0.008,0.172,0
2220,72,1,11,0.815,0.514,0.53,1.0,0.259,0.03,0
2221,68,1,5,0.689,0.5,0.497,1.0,0.116,-0.288,0
2222,39,0,6,0.953,0.494,0.69,0.0,0.258,0.286,0
2223,55,1,9,0.912,0.588,0.649,0.5,0.449,0.33,0
2224,76,1,12,0.921,0.546,0.957,0.75,0.577,0.009,1
2225,84,1,12,0.795,0.556,1.02,0.5,0.639,-0.092,1
2226,42,1,5,0.692,0.517,0.705,0.25,-0.093,-0.026,0
2227,30,0,4,0.793,0.619,0.582,0.0,0.011,0.149,0
2228,75,0,5,0.696,0.676,0.548,0.0,0.123,-0.15,0
2229,48,0,4,0.852,0.59,0.352,0.25,0.093,0.279,0
2230,69,0,6,0.783,0.572,0.879,0.0,0.378,0.037,0
2231,37,1,5,0.796,0.576,0.413,0.0,-0.287,0.07,0
2232,51,0,6,0.992,0.586,0.708,0.25,0.268,0.012,0
2233,51,0,11,1.128,0.445,0.75,1.0,0.161,0.326,0
2234,73,0,5,1.021,0.677,0.44,0.25,0.142,0.292,0
2235,58,0,6,0.875,0.651,0.639,0.25,-0.201,-0.049,0
2236,41,1,12,0.93,0.479,0.825,0.25,0.316,0.209,0
2237,61,1,12,0.871,0.637,0.903,0.5,0.586,0.089,0
2238,68,1,5,0.677,0.581,0.768,1.0,0.308,-0.075,0
2239,60,0,7,0.77,0.57,0.75,0.5,-0.024,0.056,0
2240,74,0,10,0.917,0.626,0.848,0.0,0.407,0.182,0
2241,75,1,4,0.77,0.507,0.443,1.0,-0.124,0.045,0
2242,70,0,3,0.894,0.607,0.215,0.5,-0.269,-0.045,0
2243,68,0,9,0.84,0.531,0.93,0.0,0.562,0.095,1
2244,69,0,5,0.911,0.573,0.905,0.0,0.439,0.229,0
2245,44,1,8,0.838,0.607,0.777,0.5,0.241,-0.013,0
2246,34,1,7,0.899,0.7,0.473,0.5,0.089,0.231,0
2247,47,1,6,0.773,0.585,0.57,0.25,-0.13,0.128,0
2248,63,1,11,0.879,0.567,0.832,0.0,0.225,0.064,1
2249,78,1,4,0.856,0.622,0.569,0.0,0.043,0.186,0
2250,69,1,4,0.754,0.667,0.268,0.0,-0.236,0.042,0
2251,38,1,11,0.796,0.592,0.702,0.0,0.119,0.066,0
2252,32,0,11,0.969,0.38,1.059,0.0,0.626,0.056,0
2253,65,1,9,0.906,0.534,0.821,0.0,0.242,-0.009,1
2254,34,1,5,0.982,0.615,0.629,1.0,-0.099,0.335,0
2255,38,1,5,0.917,0.586,0.612,0.25,0.136,0.235,0
2256,62,1,10,0.797,0.416,0.782,1.0,0.277,0.12,0
2257,43,1,5,0.845,0.721,0.643,0.25,-0.173,0.441,0
2258,48,1,8,0.795,0.603,0.654,0.5,0.52,-0.069,1
2259,83,1,8,0.76,0.433,0.82,0.0,0.431,0.135,0
2260,31,0,9,0.862,0.513,0.755,0.0,0.504,0.123,0
2261,63,1,5,1.072,0.494,0.745,0.5,0.444,0.484,0
2262,39,0,3,0.818,0.599,0.98,0.0,0.508,0.023,0
2263,52,0,7,0.783,0.604,0.69,0.75,0.701,0.204,0
2264,83,0,10,1.069,0.448,0.902,1.0,0.625,0.384,1
2265,59,0,5,0.771,0.752,0.714,1.0,0.177,-0.096,0
2266,80,1,10,0.861,0.643,0.5,0.0,-0.002,0.164,0
2267,73,0,9,0.968,0.526,0.867,0.0,0.163,0.14,0
2268,72,1,8,0.707,0.57,0.779,0.0,0.268,-0.074,0
2269,30,1,8,1.018,0.562,0.672,0.0,0.358,0.522,0
2270,30,0,4,0.881,0.549,0.674,1.0,0.284,0.208,0
2271,59,0,8,0.805,0.43,0.535,0.75,-0.121,-0.106,0
2272,56,1,11,1.204,0.783,0.916,0.0,0.326,0.411,0
2273,79,0,9,0.997,0.571,0.645,0.0,0.272,0.461,0
2274,43,1,10,0.944,0.563,0.616,0.0,-0.059,0.292,0
2275,37,0,10,0.815,0.438,0.676,0.5,0.357,0.061,0
2276,36,1,8,0.609,0.467,0.77,0.0,0.304,-0.132,0
2277,44,0,5,0.616,0.572,0.424,0.25,0.089,0.014,0
2278,61,1,11,0.983,0.685,1.1,0.25,0.462,0.303,0
2279,64,0,12,0.939,0.43,0.568,0.5,0.351,0.111,0
2280,37,1,12,1.128,0.596,0.875,0.25,0.622,0.276,1
2281,56,0,4,0.876,0.544,0.557,0.5,0.278,-0.008,0
2282,72,1,8,0.965,0.509,0.996,1.0,0.732,0.104,0
2283,50,1,5,0.992,0.43,0.21,0.0,-0.085,0.261,0
2284,79,1,3,0.7,0.651,0.316,0.0,-0.113,-0.033,0
2285,38,0,11,0.77,0.509,0.857,0.0,0.429,0.26,0
2286,66,0,11,0.936,0.569,0.734,0.5,0.213,0.27,1
2287,49,1,11,0.853,0.586,0.653,0.0,0.199,0.04,0
2288,69,0,5,0.766,0.467,0.516,0.0,-0.219,0.08,0
2289,81,1,11,0.949,0.546,0.936,0.5,0.526,0.083,0
2290,64,1,10,0.7,0.608,0.842,0.0,0.322,-0.003,0
2291,45,1,4,0.661,0.672,0.687,0.0,0.053,0.013,0
2292,74,0,4,0.858,0.614,0.395,0.0,-0.115,0.095,0
2293,33,1,10,0.965,0.492,0.7,0.25,-0.035,0.339,1
2294,58,0,3,0.689,0.561,0.758,0.5,0.219,-0.075,0
2295,42,1,8,0.85,0.652,0.47,0.0,-0.15,0.234,0
2296,82,1,12,0.994,0.517,0.798,0.5,0.161,0.024,0
2297,45,1,3,0.728,0.502,0.758,0.0,0.418,-0.023,0
2298,72,1,4,0.722,0.629,0.344,0.25,0.166,-0.12,0
2299,50,0,11,1.084,0.514,0.756,0.5,0.465,0.326,0
2300,82,1,10,0.7,0.532,1.016,0.0,0.444,0.0,0
2301,41,1,8,0.7,0.496,0.772,0.0,0.143,-0.139,1
2302,84,1,3,0.89,0.61,0.435,0.0,-0.031,0.153,0
2303,82,0,12,1.178,0.622,0.791,0.75,0.152,0.521,0
2304,36,0,8,1.016,0.592,0.735,0.5,0.462,0.469,0
2305,57,1,11,0.75,0.455,0.861,0.5,0.592,-0.269,0
2306,54,0,5,0.801,0.625,0.696,0.25,0.137,-0.032,1
2307,54,0,7,0.831,0.453,0.989,0.25,0.464,0.128,0
2308,46,1,12,0.7,0.609,0.979,1.0,0.055,0.013,1
2309,46,0,10,0.868,0.7,0.496,0.0,0.113,0.35,0
2310,74,0,11,0.997,0.594,0.719,1.0,0.057,0.092,0
2311,60,0,7,0.75,0.517,0.645,0.0,0.2,-0.005,0
2312,74,0,12,0.946,0.521,0.962,0.0,0.46,-0.03,0
2313,76,0,11,0.795,0.569,0.99,0.0,0.703,-0.063,0
2314,36,1,3,0.801,0.48,0.771,0.75,0.5,0.041,0
2315,60,0,11,0.895,0.601,1.128,0.25,0.551,0.054,1
2316,65,0,4,0.7,0.516,0.712,0.75,-0.038,-0.014,0
2317,33,0,6,0.972,0.7,0.578,0.0,0.092,0.339,0
2318,39,1,11,1.07,0.577,0.739,0.0,0.226,0.233,1
2319,65,0,3,0.634,0.738,0.366,0.5,-0.125,-0.136,0
2320,32,0,8,0.887,0.605,0.557,0.0,-0.057,0.035,0
2321,30,1,6,0.867,0.598,0.818,0.0,0.17,0.226,0
2322,46,1,6,0.982,0.514,0.627,0.0,-0.028,0.196,0
2323,54,0,12,0.961,0.541,0.576,0.75,0.23,0.16,0
2324,66,0,7,0.676,0.489,0.768,0.0,0.669,-0.047,0
2325,60,0,4,0.819,0.653,0.497,0.0,-0.133,0.009,0
2326,46,0,9,0.854,0.45,0.634,0.5,0.332,0.103,0
2327,58,0,7,0.82,0.516,0.856,0.5,0.44,0.037,0
2328,75,1,4,0.694,0.642,0.856,0.0,0.432,0.183,0
2329,38,0,10,1.111,0.53,0.851,0.5,0.419,0.445,0
2330,82,1,9,0.846,0.577,0.666,0.0,-0.002,0.106,0
2331,63,0,3,0.88,0.441,0.509,0.0,-0.163,0.306,0
2332,77,1,7,0.884,0.582,0.524,0.0,-0.176,0.144,1
2333,72,1,7,0.996,0.474,0.769,0.5,0.242,0.356,0
2334,68,1,8,0.761,0.506,0.813,0.5,0.466,0.079,0
2335,60,0,5,0.765,0.616,0.669,0.0,0.282,0.057,0
2336,35,0,3,0.897,0.599,0.803,0.25,0.205,0.076,0
2337,49,1,6,0.852,0.751,0.606,0.5,-0.018,0.186,0
2338,57,0,12,0.89,0.76,0.735,0.25,0.29,0.189,1
2339,57,0,3,0.729,0.58,0.524,1.0,0.086,-0.1,0
2340,74,0,3,0.592,0.578,0.342,0.0,-0.015,-0.09,0
2341,81,0,5,0.73,0.498,0.628,0.0,-0.072,0.006,0
2342,63,1,12,1.002,0.524,0.79,1.0,0.267,0.386,0
2343,34,0,6,0.823,0.589,1.072,0.75,0.526,0.128,1
2344,38,0,12,0.898,0.417,0.936,0.0,0.445,0.012,1
2345,33,1,10,1.013,0.581,0.743,0.5,0.102,0.128,0
2346,34,0,5,0.862,0.546,0.7,1.0,0.246,0.213,0
2347,73,0,10,0.897,0.619,0.866,0.0,0.492,0.275,0
2348,68,0,10,0.807,0.481,0.7,0.0,0.559,-0.113,0
2349,76,1,7,0.74,0.503,0.636,0.0,-0.205,-0.097,1
2350,70,1,8,0.844,0.483,0.6,0.25,0.173,0.031,0
2351,84,1,7,0.884,0.643,0.785,1.0,0.244,0.205,0
2352,36,1,6,0.924,0.72,0.557,0.0,0.045,-0.035,0
2353,54,0,8,0.925,0.491,0.918,0.75,0.218,0.342,0
2354,68,1,8,0.964,0.557,1.039,0.0,0.782,0.206,0
2355,54,0,8,0.962,0.6,0.554,1.0,0.238,0.103,0
2356,69,0,11,0.882,0.594,0.851,0.25,0.528,0.279,0
2357,80,0,8,0.775,0.713,0.667,0.0,0.338,-0.187,0
2358,35,0,10,0.852,0.637,0.854,1.0,0.272,0.006,0
2359,72,1,3,0.846,0.699,0.473,0.0,0.22,0.178,0
2360,50,0,7,1.119,0.573,0.692,1.0,0.236,0.342,0
2361,74,0,6,0.757,0.676,0.681,0.25,0.262,-0.015,1
2362,64,0,4,0.941,0.632,0.403,0.5,0.032,0.078,0
2363,48,1,12,0.871,0.527,0.823,0.0,0.507,0.159,0
2364,78,0,8,0.769,0.597,0.966,1.0,0.939,0.21,0
2365,74,1,4,1.079,0.687,0.552,0.75,0.257,0.371,1
2366,35,0,6,1.108,0.615,0.525,0.0,0.321,0.371,0
2367,80,1,3,0.762,0.606,0.797,0.5,0.488,-0.093,1
2368,46,0,3,0.574,0.686,0.195,0.0,-0.456,-0.213,0
2369,53,0,12,0.941,0.546,1.105,0.75,0.45,0.044,0
2370,57,0,5,0.866,0.608,0.58,0.0,-0.13,0.281,0
2371,63,0,7,1.009,0.56,0.649,0.0,0.326,0.078,0
2372,40,1,3,0.899,0.654,0.427,0.0,-0.04,0.37,0
2373,61,1,7,0.796,0.476,0.632,0.0,0.143,0.023,0
2374,59,1,12,1.049,0.454,0.6,1.0,-0.032,0.22,0
2375,81,0,9,1.018,0.49,0.713,1.0,0.546,0.391,0
2376,80,0,8,0.908,0.572,0.8,0.25,0.261,-0.032,0
2377,40,0,5,0.888,0.518,0.72,0.0,0.373,0.25,1
2378,39,0,9,0.95,0.626,0.881,0.0,0.319,0.256,0
2379,50,1,7,0.874,0.471,0.767,0.0,0.522,0.079,0
2380,33,0,9,0.775,0.569,0.559,0.25,0.025,0.045,0
2381,73,0,11,0.798,0.631,0.979,0.0,0.549,0.146,0
2382,36,1,5,0.857,0.615,0.467,0.5,-0.296,0.219,0
2383,56,0,4,0.904,0.715,0.876,0.75,0.599,0.311,0
2384,74,1,12,1.082,0.482,1.352,0.0,0.855,0.359,0
2385,72,1,4,1.012,0.732,0.581,0.0,0.19,0.163,0
2386,42,1,11,1.143,0.502,0.7,0.0,0.268,0.54,0
2387,76,0,12,1.025,0.506,1.129,0.5,0.467,0.233,0
2388,80,1,8,0.903,0.491,0.658,1.0,0.068,0.245,1
2389,43,0,5,0.791,0.517,0.513,0.0,0.155,0.22,0
2390,72,0,12,1.008,0.465,0.938,0.0,0.358,0.247,0
2391,77,1,9,0.902,0.7,0.572,0.5,-0.016,0.166,0
2392,45,0,6,1.028,0.682,0.786,0.75,0.465,0.328,0
2393,40,0,8,0.815,0.571,0.614,0.5,0.07,0.128,0
2394,43,0,5,0.768,0.695,0.725,0.0,0.306,0.068,0
2395,48,1,5,0.709,0.594,0.391,0.75,0.329,0.173,0
2396,46,0,10,0.938,0.469,1.06,1.0,0.689,0.275,0
2397,68,1,6,0.887,0.622,0.874,0.0,0.377,0.169,1
2398,60,0,10,1.063,0.61,0.792,0.0,0.472,0.462,0
2399,36,0,5,0.674,0.61,0.62,0.0,-0.053,-0.106,0
2400,68,0,8,1.087,0.507,0.586,0.0,-0.03,0.314,0
2401,76,0,3,0.947,0.596,0.667,0.0,0.074,0.052,1
2402,32,0,8,0.841,0.7,0.559,1.0,0.135,0.319,0
2403,38,0,5,0.902,0.725,0.621,0.25,0.11,-0.149,0
2404,48,0,4,0.995,0.461,0.248,0.5,-0.233,0.377,0
2405,62,0,12,1.194,0.428,0.773,0.25,0.38,0.338,1
2406,51,0,8,0.999,0.574,0.816,0.0,0.317,0.328,1
2407,63,1,10,0.72,0.571,0.489,0.0,-0.201,-0.098,0
2408,34,1,6,0.733,0.588,0.822,0.0,0.317,-0.164,1
2409,32,1,7,0.766,0.576,0.75,0.5,0.274,0.036,0
2410,31,0,3,0.948,0.719,0.516,0.25,0.118,0.35,0
2411,40,0,11,0.822,0.545,0.7,1.0,0.069,0.122,0
2412,39,1,5,0.786,0.531,0.495,1.0,0.135,0.177,0
2413,34,0,12,1.006,0.518,1.153,0.25,0.454,0.407,0
2414,41,0,8,0.942,0.572,0.705,0.0,0.403,0.189,0
2415,32,0,5,0.713,0.619,0.654,0.0,0.052,-0.304,0
2416,39,0,12,1.091,0.324,1.158,0.0,0.454,0.195,0
2417,44,0,5,0.897,0.494,0.805,0.0,0.27,0.197,0
2418,41,1,10,1.056,0.625,0.977,0.0,0.421,0.343,0
2419,76,0,11,1.04,0.565,0.7,0.5,0.258,0.401,0
2420,61,1,9,1.093,0.507,0.738,0.0,0.159,0.475,0
2421,60,0,10,1.139,0.7,1.034,0.0,0.549,0.121,0
2422,42,0,12,0.789,0.661,0.713,1.0,0.493,0.023,0
2423,57,1,9,0.83,0.499,0.754,0.0,0.336,0.017,0
2424,83,1,8,0.892,0.703,0.668,0.5,0.196,0.192,0
2425,51,1,8,0.956,0.681,1.028,0.75,0.381,0.055,0
2426,41,1,5,0.728,0.62,0.65,0.25,0.143,-0.005,1
2427,79,1,9,0.965,0.493,0.718,0.0,-0.012,0.146,0
2428,69,1,4,0.926,0.409,0.586,0.0,0.053,0.119,0
2429,82,1,7,0.948,0.511,0.49,0.0,-0.21,0.223,0
2430,41,0,11,0.983,0.457,0.857,0.0,0.556,0.161,0
2431,32,0,5,0.681,0.609,0.663,0.0,0.284,-0.104,0
2432,84,0,7,0.887,0.579,0.723,0.0,0.115,-0.059,0
2433,60,1,6,0.824,0.501,0.962,0.5,-0.011,0.148,0
2434,80,1,7,1.028,0.676,0.507,0.5,0.178,0.099,0
2435,32,0,7,0.989,0.69,1.125,0.25,0.87,0.325,0
2436,82,1,3,0.926,0.646,0.652,0.0,0.094,0.298,1
2437,41,0,4,0.622,0.444,0.642,0.25,0.228,-0.146,0
2438,71,1,10,0.922,0.586,0.7,0.0,0.324,-0.015,0
2439,51,1,11,0.948,0.598,0.933,0.0,0.355,0.419,0
2440,41,1,6,0.758,0.536,0.796,0.5,0.283,0.039,1
2441,50,1,3,0.789,0.711,0.356,0.0,0.096,0.012,0
2442,63,0,9,0.843,0.532,0.547,0.5,-0.113,0.132,0
2443,52,1,5,0.966,0.609,0.98,0.0,0.432,0.387,0
2444,36,0,6,0.95,0.675,0.413,0.0,-0.082,0.243,0
2445,63,1,11,1.017,0.509,0.84,0.0,0.492,0.31,1
2446,64,0,9,0.898,0.565,0.515,0.25,-0.039,0.081,0
2447,31,1,6,0.875,0.641,0.346,0.0,-0.048,0.031,0
2448,33,0,8,0.813,0.504,0.7,0.0,-0.001,0.001,0
2449,34,0,7,0.688,0.592,0.649,0.0,0.235,0.107,0
2450,34,1,4,0.923,0.68,0.988,0.75,0.507,0.368,0
2451,33,1,8,0.904,0.598,0.956,0.0,0.585,0.037,0
2452,31,1,8,0.804,0.537,0.627,0.5,0.306,0.124,0
2453,37,0,5,0.786,0.498,0.519,0.0,0.198,0.086,0
2454,51,1,5,0.661,0.63,0.683,0.0,0.028,-0.059,0
2455,42,1,9,0.94,0.591,0.486,0.0,0.027,0.173,0
2456,42,1,5,0.838,0.701,0.605,1.0,0.085,0.324,0
2457,80,0,7,0.747,0.594,0.951,0.25,0.343,-0.231,0
2458,36,0,12,1.079,0.497,0.679,1.0,0.157,0.177,0
2459,74,1,4,0.809,0.702,0.664,0.0,0.319,0.158,1
2460,60,1,6,0.7,0.476,0.346,0.0,-0.121,0.11,0
2461,51,0,12,0.923,0.533,0.974,0.0,0.614,0.094,0
2462,73,0,8,0.881,0.524,0.57,0.0,0.092,0.248,0
2463,42,1,5,0.697,0.591,0.533,0.75,0.31,-0.003,0
2464,40,1,4,0.904,0.72,0.418,0.0,-0.201,-0.101,0
2465,52,1,6,0.721,0.524,0.821,0.0,0.547,-0.282,0
2466,67,1,3,0.7,0.616,0.656,0.0,-0.001,0.058,0
2467,45,1,11,0.924,0.378,0.64,0.25,0.175,-0.089,0
2468,79,1,10,1.053,0.512,1.025,0.5,0.74,0.075,0
2469,46,0,4,0.727,0.7,0.494,0.0,0.234,-0.044,0
2470,55,0,7,0.795,0.636,0.749,0.0,0.467,0.267,0
2471,61,1,7,0.666,0.632,0.682,1.0,0.144,-0.026,0
2472,39,1,6,0.829,0.546,0.631,0.25,0.299,-0.036,0
2473,77,1,9,1.009,0.535,0.678,0.0,0.39,0.277,1
2474,69,0,6,0.71,0.551,0.8,0.75,0.384,-0.151,0
2475,61,1,12,0.73,0.599,0.876,0.0,0.242,-0.018,0
2476,45,1,12,0.943,0.603,0.837,0.75,0.263,0.018,0
2477,47,0,9,0.751,0.444,0.766,0.0,0.607,-0.262,0
2478,74,1,4,0.794,0.604,0.37,0.0,-0.125,-0.043,0
2479,84,0,10,0.929,0.586,0.684,0.0,0.217,0.224,0
2480,59,0,3,0.882,0.694,0.225,0.25,-0.33,0.118,0
2481,69,0,5,0.692,0.543,0.882,0.0,0.497,-0.149,1
2482,39,1,7,1.022,0.551,0.654,0.0,0.217,0.231,0
2483,32,1,12,1.064,0.593,0.908,0.0,0.271,0.248,0
2484,41,1,4,0.741,0.718,0.214,1.0,-0.179,-0.059,0
2485,75,1,8,0.864,0.484,0.759,0.0,0.192,-0.083,0
2486,45,0,3,0.7,0.577,0.518,0.0,0.258,-0.114,0
2487,48,1,7,0.748,0.556,0.934,0.0,0.293,0.035,0
2488,48,0,4,0.7,0.636,0.616,1.0,0.346,0.035,0
2489,33,1,12,0.962,0.501,0.784,0.0,0.392,0.058,0
2490,68,1,4,0.528,0.615,0.384,0.0,-0.135,-0.308,0
2491,67,0,11,0.833,0.626,0.424,0.25,0.002,-0.116,0
2492,62,0,10,0.892,0.642,1.081,0.0,0.64,0.406,0
2493,79,1,8,1.002,0.664,0.614,1.0,0.126,0.262,0
2494,32,0,7,0.866,0.664,0.611,1.0,0.162,0.026,0
2495,34,1,4,0.885,0.603,0.572,0.75,0.508,0.118,0
2496,51,0,4,0.78,0.73,0.618,0.5,0.033,0.175,0
2497,53,0,3,0.868,0.655,0.533,0.25,-0.073,0.006,0
2498,49,0,12,0.988,0.407,1.173,0.0,0.463,0.443,0
2499,79,1,9,1.042,0.7,1.042,0.0,0.704,0.385,0
2500,32,1,9,1.087,0.729,0.621,0.0,-0.049,0.247,0
2501,54,1,12,1.116,0.614,0.666,0.25,-0.091,0.163,0
2502,75,0,11,1.067,0.573,0.776,0.75,0.333,0.099,1
2503,51,0,10,0.977,0.591,0.808,0.0,0.207,0.144,0
2504,53,1,5,0.861,0.606,0.573,0.0,0.27,-0.037,0
2505,37,1,3,0.781,0.752,0.871,0.75,0.284,-0.001,0
2506,70,0,10,0.735,0.49,0.915,0.0,0.839,-0.037,0
2507,50,0,9,1.049,0.447,0.646,0.0,-0.045,0.182,0
2508,36,1,3,0.84,0.576,0.653,0.25,-0.007,-0.083,0
2509,45,1,5,0.816,0.581,0.668,0.75,0.249,0.061,0
2510,78,1,11,0.898,0.652,1.131,0.0,0.471,0.085,0
2511,54,1,10,0.809,0.44,0.892,0.0,0.495,0.046,0
2512,80,1,10,0.876,0.547,0.767,0.0,0.336,0.266,0
2513,37,1,12,1.079,0.567,0.761,1.0,0.365,0.382,0
2514,42,1,5,0.882,0.522,0.353,1.0,-0.006,0.065,0
2515,49,0,7,0.941,0.578,0.778,0.75,0.378,0.193,0
2516,75,0,12,0.913,0.631,0.8,0.5,0.295,0.085,0
2517,33,0,7,0.978,0.571,0.414,0.0,0.03,0.543,0
2518,76,1,5,0.805,0.707,0.386,0.0,-0.303,0.127,0
2519,34,0,12,0.852,0.46,0.87,0.0,0.55,0.128,0
2520,76,1,11,1.206,0.432,0.7,1.0,0.356,0.499,1
2521,69,1,4,0.786,0.55,0.605,0.75,0.239,0.342,0
2522,47,0,5,0.97,0.662,0.604,0.75,0.185,0.395,0
2523,77,0,7,0.836,0.667,0.864,0.25,0.115,0.038,0
2524,44,1,4,1.03,0.665,0.832,0.25,0.412,0.219,0
2525,83,1,12,0.91,0.516,0.826,0.0,0.537,0.077,0
2526,62,1,7,0.847,0.576,0.7,0.25,0.308,0.061,0
2527,46,1,7,0.87,0.7,0.209,0.0,-0.363,0.277,0
2528,35,0,12,0.96,0.554,0.742,0.5,0.335,0.19,0
2529,82,0,6,0.763,0.575,0.622,0.75,0.345,0.155,0
2530,32,1,9,1.035,0.572,0.914,0.0,0.276,0.293,0
2531,82,1,7,1.044,0.694,0.702,0.0,0.306,0.049,1
2532,80,1,7,0.856,0.551,0.746,0.0,0.324,0.156,0
2533,82,1,9,1.169,0.564,0.642,0.0,0.216,0.217,0
2534,62,1,10,0.897,0.664,0.887,0.0,0.584,0.033,0
2535,43,0,6,0.76,0.612,0.862,0.0,0.162,-0.083,1
2536,73,0,5,0.892,0.561,0.553,1.0,-0.231,0.256,0
2537,64,1,11,0.7,0.603,0.725,0.5,0.225,-0.102,1
2538,34,1,3,0.942,0.637,0.593,0.0,-0.01,0.294,0
2539,51,1,11,1.116,0.497,1.059,0.0,0.798,0.495,0
2540,37,0,5,0.646,0.641,0.979,0.0,0.374,-0.071,0
2541,53,0,10,0.967,0.621,1.111,0.0,0.776,0.129,0
2542,47,0,4,0.891,0.569,0.469,0.0,0.047,0.131,0
2543,41,0,5,1.005,0.589,0.681,1.0,0.288,0.249,0
2544,80,1,12,0.894,0.555,0.941,0.0,0.542,0.237,0
2545,45,0,7,0.838,0.583,0.688,0.5,0.223,0.087,0
2546,45,0,5,0.942,0.518,0.609,0.0,0.206,0.234,0
2547,73,0,4,0.82,0.625,0.386,0.5,-0.056,0.18,0
2548,43,1,11,0.753,0.536,0.907,0.5,0.343,-0.046,0
2549,43,1,3,0.937,0.64,0.351,0.0,-0.289,0.145,0
2550,52,0,10,1.265,0.578,1.118,0.0,0.806,0.602,0
2551,32,1,4,0.855,0.566,0.521,0.0,-0.295,0.055,0
2552,42,0,12,1.055,0.588,0.797,0.5,0.237,0.212,0
2553,70,1,10,0.849,0.519,0.669,0.0,0.364,0.139,1
2554,35,1,8,0.677,0.42,0.572,0.5,-0.092,0.031,0
2555,76,1,8,0.973,0.567,0.728,0.75,0.45,0.368,0
2556,47,1,3,0.81,0.648,0.772,1.0,0.072,-0.07,1
2557,65,0,4,0.77,0.633,0.538,0.0,0.115,0.02,0
2558,38,1,6,0.693,0.649,0.953,0.5,0.6,-0.041,0
2559,68,1,7,0.885,0.6,0.762,1.0,0.128,-0.039,1
2560,67,0,7,0.86,0.566,0.705,0.0,0.015,-0.031,0
2561,79,0,5,0.921,0.649,0.371,0.0,0.194,0.137,0
2562,39,0,7,0.629,0.571,0.573,0.75,0.349,0.046,0
2563,46,1,8,0.878,0.501,0.634,0.0,0.187,0.178,0
2564,83,1,12,1.046,0.486,0.7,0.0,0.149,0.404,0
2565,78,0,12,1.123,0.59,1.273,0.0,1.187,0.41,0
2566,41,1,12,0.7,0.559,0.943,0.5,0.565,-0.116,1
2567,33,1,8,1.176,0.628,0.732,1.0,-0.004,0.41,1
2568,36,1,11,0.869,0.7,0.647,0.0,0.121,0.172,0
2569,49,0,9,1.027,0.573,0.661,0.75,0.404,0.338,0
2570,56,1,7,0.906,0.619,0.735,0.0,0.274,0.123,0
2571,51,0,6,0.817,0.423,0.719,0.75,0.115,-0.033,0
2572,49,0,10,0.682,0.653,0.917,0.0,0.437,-0.031,0
2573,79,1,4,0.685,0.606,0.885,0.0,0.091,-0.376,0
2574,49,0,3,0.863,0.621,0.7,0.0,0.029,0.024,0
2575,36,0,7,0.874,0.675,0.694,0.0,0.085,0.228,0
2576,56,0,8,0.774,0.642,0.636,0.0,0.399,-0.042,0
2577,83,0,11,1.091,0.61,0.861,0.0,0.328,0.501,1
2578,52,0,9,0.881,0.56,0.7,0.0,0.279,-0.128,0
2579,56,0,5,0.872,0.623,0.631,0.0,0.224,0.05,0
2580,32,1,3,0.863,0.724,0.39,0.0,-0.018,0.282,0
2581,84,0,4,0.838,0.406,0.958,0.0,0.133,0.214,0
2582,65,1,4,0.903,0.554,0.451,0.0,-0.06,0.229,0
2583,66,1,7,0.866,0.621,0.693,0.5,0.023,0.143,0
2584,70,1,12,1.136,0.478,1.024,0.0,0.66,0.33,0
2585,50,1,9,0.782,0.691,0.941,0.0,0.18,-0.061,0
2586,77,1,10,0.932,0.403,1.137,0.75,0.514,0.263,1
2587,74,1,12,0.87,0.548,1.023,0.25,0.708,0.145,1
2588,41,0,4,0.546,0.557,0.667,0.0,0.423,-0.148,0
2589,55,0,4,0.749,0.531,0.601,0.5,-0.102,0.016,0
2590,69,0,8,0.907,0.513,0.835,0.25,0.397,0.24,0
2591,64,0,6,0.82,0.508,0.945,0.0,0.395,0.197,0
2592,51,1,6,0.741,0.424,0.448,0.0,0.087,0.005,0
2593,73,0,5,0.868,0.619,0.539,0.0,0.254,0.022,0
2594,69,0,12,1.177,0.389,0.877,0.25,0.459,0.469,0
2595,41,1,12,0.96,0.598,0.853,0.25,0.337,0.275,0
2596,62,0,9,0.722,0.526,0.693,0.25,0.613,0.04,0
2597,32,0,11,1.177,0.618,0.971,0.0,0.929,0.255,0
2598,36,0,12,0.784,0.562,0.76,0.5,0.579,-0.057,0
2599,44,1,8,0.801,0.453,0.7,0.5,0.088,-0.118,0
2600,31,0,6,0.707,0.704,0.578,0.0,0.121,0.201,0
2601,45,0,11,0.986,0.505,0.738,0.0,0.037,0.128,0
2602,82,1,12,1.039,0.547,1.114,0.0,0.466,0.315,1
2603,55,1,7,0.84,0.615,0.806,0.0,0.274,0.218,1
2604,48,0,4,0.683,0.644,0.48,0.25,0.097,-0.199,0
2605,69,0,4,0.796,0.46,0.548,0.0,0.003,0.096,0
2606,52,1,8,0.975,0.646,0.668,0.25,0.197,0.41,0
2607,45,1,3,0.901,0.569,0.638,0.5,-0.076,0.326,0
2608,32,1,10,1.116,0.502,0.553,0.5,-0.091,0.344,0
2609,38,1,9,0.86,0.463,0.894,0.0,0.778,0.263,1
2610,57,1,9,0.69,0.538,0.696,0.0,0.2,-0.048,0
2611,79,0,3,1.004,0.729,0.507,0.0,0.342,0.205,0
2612,56,0,6,0.702,0.506,0.56,0.0,0.143,0.098,0
2613,63,1,5,0.666,0.588,0.716,0.5,0.181,-0.196,0
2614,57,1,12,0.906,0.509,0.763,0.75,0.039,0.288,0
2615,43,0,11,0.991,0.466,0.756,0.0,0.503,0.235,0
2616,79,0,7,1.014,0.449,0.963,0.0,0.561,0.336,1
2617,39,1,11,1.008,0.467,0.9,0.0,0.388,0.136,0
2618,79,0,4,0.837,0.671,0.654,0.0,0.399,0.23,0
2619,41,1,7,0.907,0.774,0.701,0.0,0.349,0.263,0
2620,75,1,6,0.852,0.55,0.955,0.0,0.59,0.128,0
2621,64,1,12,0.784,0.537,0.586,0.5,0.183,-0.129,0
2622,44,0,9,0.986,0.458,0.538,0.25,0.107,0.204,0
2623,50,0,3,0.571,0.602,0.517,0.0,0.012,-0.361,0
2624,33,0,3,0.662,0.593,0.787,0.0,0.392,0.013,0
2625,75,1,4,0.884,0.615,0.359,0.25,-0.271,0.079,1
2626,47,1,6,0.561,0.622,0.766,0.25,0.485,-0.426,0
2627,30,1,9,0.928,0.528,0.949,0.0,0.336,0.299,0
2628,63,1,8,0.815,0.601,0.7,0.0,-0.111,0.063,0
2629,69,1,11,0.923,0.616,0.979,0.25,0.535,0.028,0
2630,37,0,7,0.885,0.649,0.794,1.0,0.446,0.185,0
2631,84,0,9,0.942,0.587,0.878,0.75,0.606,0.112,0
2632,56,1,10,0.82,0.564,0.832,1.0,0.417,0.428,0
2633,61,1,5,1.019,0.599,0.579,0.0,-0.309,0.33,0
2634,59,0,7,0.757,0.559,0.821,0.25,0.474,-0.16,0
2635,36,0,12,1.113,0.571,0.859,0.0,0.409,0.533,0
2636,47,1,9,0.818,0.467,1.304,0.0,0.578,0.217,0
2637,41,0,5,0.743,0.7,0.645,0.75,0.037,0.142,0
2638,58,1,12,0.944,0.482,1.088,0.0,0.541,0.203,0
2639,61,1,3,0.89,0.59,0.108,1.0,-0.239,0.174,0
2640,73,1,4,0.673,0.545,0.564,0.25,0.004,0.053,0
2641,79,0,12,0.831,0.421,0.767,0.0,0.251,0.2,0
2642,61,0,11,0.86,0.618,0.525,0.0,0.233,0.062,0
2643,34,1,8,0.97,0.556,0.773,0.0,0.351,0.11,0
2644,71,1,5,0.976,0.625,0.492,0.0,-0.015,0.281,0
2645,77,0,5,0.685,0.711,0.718,0.5,0.018,0.022,0
2646,81,1,7,0.862,0.578,0.999,0.25,0.209,0.162,0
2647,50,0,3,0.715,0.675,0.506,0.5,0.124,0.115,0
2648,34,0,4,0.768,0.628,0.672,0.5,0.137,0.113,1
2649,68,0,5,0.815,0.617,0.747,0.5,0.461,-0.021,1
2650,77,1,8,1.017,0.601,0.443,0.0,0.181,0.408,0
2651,37,1,8,1.13,0.517,0.905,0.0,0.55,0.479,0
2652,84,0,3,0.823,0.629,0.503,0.5,-0.159,0.299,0
2653,43,0,4,0.753,0.594,0.58,0.0,0.172,0.099,0
2654,43,1,9,0.87,0.551,0.845,0.0,0.566,0.049,0
2655,38,1,6,0.758,0.529,0.7,0.5,0.125,0.074,0
2656,50,1,5,1.122,0.689,0.657,0.0,-0.067,0.207,0
2657,75,1,9,0.7,0.593,0.563,0.0,0.443,-0.138,0
2658,78,0,9,0.831,0.675,0.58,0.0,0.188,0.152,0
2659,36,1,10,0.863,0.7,0.997,0.0,0.488,0.297,0
2660,63,0,7,0.901,0.596,0.45,0.0,0.068,0.215,0
2661,67,1,8,1.022,0.559,0.707,0.75,0.083,0.369,0
2662,81,1,10,0.887,0.417,0.96,0.0,0.474,0.114,1
2663,77,0,9,0.949,0.597,0.783,1.0,0.65,0.075,0
2664,84,0,11,0.915,0.571,0.698,0.0,0.38,0.167,0
2665,41,1,5,0.715,0.634,0.882,0.0,0.179,-0.052,0
2666,60,1,3,0.657,0.701,0.87,1.0,0.17,-0.139,0
2667,37,1,4,0.778,0.555,0.5,0.5,-0.022,-0.072,0
2668,61,1,6,0.928,0.665,0.822,0.0,0.402,0.093,1
2669,64,1,6,0.846,0.424,0.737,0.25,0.467,0.09,0
2670,34,0,5,1.033,0.805,0.343,0.25,-0.053,0.473,0
2671,52,1,5,0.838,0.644,0.523,0.0,-0.17,0.052,0
2672,63,0,4,0.754,0.663,0.493,0.0,0.032,0.097,0
2673,30,0,3,0.798,0.694,0.513,0.0,-0.094,-0.022,0
2674,35,0,7,0.605,0.584,0.763,0.0,0.562,-0.004,1
2675,76,0,6,0.813,0.507,0.701,1.0,0.339,-0.017,0
2676,52,0,5,0.597,0.528,0.319,0.0,-0.268,-0.267,0
2677,79,1,4,0.78,0.567,0.771,0.5,0.579,0.405,0
2678,57,1,11,1.108,0.559,0.507,0.0,-0.193,0.42,0
2679,59,0,10,0.717,0.523,0.999,0.75,0.534,-0.136,0
2680,49,0,10,0.7,0.594,0.959,0.0,0.477,-0.131,0
2681,40,1,8,0.838,0.555,0.7,0.25,0.203,-0.059,0
2682,78,0,4,0.734,0.55,0.672,0.0,0.154,0.034,0
2683,82,0,6,0.898,0.493,0.503,0.0,0.261,0.174,0
2684,32,0,11,0.718,0.626,0.987,0.5,0.287,-0.128,0
2685,39,0,3,0.811,0.48,0.486,0.0,-0.169,0.244,0
2686,41,0,11,0.916,0.456,1.032,0.0,0.401,0.351,0
2687,61,0,9,0.731,0.552,0.813,0.0,0.45,-0.071,0
2688,47,0,9,0.837,0.53,0.775,0.5,0.207,0.073,0
2689,42,1,6,0.951,0.498,0.4,0.25,0.026,0.145,0
2690,44,1,11,1.16,0.627,1.203,0.0,0.846,0.319,0
2691,42,0,10,1.036,0.517,0.786,0.25,0.416,0.04,0
2692,32,1,4,0.8,0.566,0.596,1.0,0.556,-0.01,0
2693,75,0,3,1.105,0.738,0.628,0.0,0.272,0.503,0
2694,60,0,6,0.91,0.7,0.659,0.25,0.063,-0.106,0
2695,40,1,8,0.836,0.688,0.787,0.0,0.276,0.137,0
2696,41,0,7,0.89,0.593,0.813,0.75,0.328,-0.039,1
2697,63,0,10,0.982,0.443,1.173,0.75,0.665,0.282,1
2698,53,0,9,0.939,0.663,0.851,0.25,0.196,0.128,0
2699,55,1,4,0.576,0.517,0.612,0.0,0.091,-0.106,0
2700,71,1,12,0.72,0.375,1.008,0.5,0.557,-0.086,0
2701,32,1,7,0.718,0.609,0.794,0.75,0.066,0.133,0
2702,73,0,4,0.825,0.613,0.413,0.25,-0.031,-0.076,0
2703,82,1,10,0.954,0.531,0.935,0.0,0.507,0.277,0
2704,44,0,9,0.81,0.7,1.007,0.0,0.796,0.01,0
2705,77,0,12,1.09,0.489,0.877,0.0,0.193,0.341,0
2706,61,1,11,0.874,0.583,1.06,0.5,0.561,0.051,1
2707,62,0,9,0.918,0.624,1.225,0.0,0.787,0.217,0
2708,32,0,12,0.858,0.7,0.612,0.75,0.008,0.069,0
2709,39,1,6,0.887,0.477,0.408,0.0,-0.206,0.092,0
2710,72,0,12,1.137,0.433,0.697,1.0,0.213,0.408,0
2711,68,1,9,1.013,0.611,0.807,0.5,0.453,0.197,0
2712,45,1,11,0.782,0.574,0.794,0.0,0.433,0.09,0
2713,70,0,12,0.904,0.494,0.932,0.0,0.602,0.13,0
2714,49,1,8,0.559,0.573,0.598,0.0,-0.051,-0.127,0
2715,84,1,5,0.807,0.59,0.942,0.0,0.693,0.295,1
2716,37,1,11,1.106,0.666,0.707,0.25,0.525,0.272,0
2717,59,1,9,1.176,0.565,0.762,0.75,0.25,0.553,0
2718,81,1,3,0.829,0.632,0.521,0.75,0.043,0.063,0
2719,65,1,6,0.813,0.551,0.534,0.0,-0.206,0.155,0
2720,43,1,9,1.042,0.42,0.844,0.5,0.303,0.465,0
2721,47,1,9,0.779,0.587,0.796,0.0,0.478,0.245,0
2722,76,1,6,0.659,0.596,0.751,0.5,0.385,-0.229,0
2723,60,1,6,0.94,0.585,0.478,0.0,-0.012,0.221,0
2724,47,0,6,0.949,0.572,0.671,0.0,-0.055,0.301,0
2725,38,1,7,0.918,0.507,0.761,0.0,0.144,0.494,0
2726,74,1,4,0.815,0.671,0.67,0.0,0.145,-0.019,0
2727,48,0,7,0.782,0.48,0.569,0.25,0.295,-0.052,0
2728,74,0,11,0.804,0.7,0.968,1.0,0.542,-0.265,0
2729,32,1,3,0.804,0.593,0.483,0.5,-0.027,-0.143,0
2730,45,0,8,0.952,0.54,1.115,0.0,0.415,0.313,0
2731,40,1,3,0.729,0.536,0.362,0.5,-0.172,-0.012,0
2732,83,1,6,0.987,0.592,0.69,0.5,0.337,0.01,0
2733,35,0,11,0.905,0.548,0.839,0.0,0.454,0.205,0
2734,75,0,11,1.066,0.437,1.055,1.0,1.025,0.07,0
2735,83,0,3,0.681,0.532,0.668,0.0,0.273,-0.071,0
2736,39,1,12,1.015,0.446,1.043,0.0,0.639,0.187,0
2737,67,1,11,0.914,0.467,0.89,0.25,0.549,0.183,0
2738,72,1,9,0.872,0.501,0.817,0.25,0.061,0.061,0
2739,53,1,8,0.907,0.584,0.752,0.5,0.068,0.065,0
2740,71,1,5,0.682,0.557,0.367,0.0,-0.164,-0.085,0
2741,66,1,7,1.02,0.7,0.719,0.25,0.152,0.026,0
2742,81,0,12,0.93,0.541,0.847,0.5,0.16,0.214,1
2743,52,1,5,0.783,0.561,0.299,0.75,0.207,0.033,0
2744,73,0,5,1.008,0.565,0.633,0.25,0.154,0.169,0
2745,30,1,6,0.645,0.672,0.448,1.0,0.155,-0.156,0
2746,74,1,12,0.92,0.578,1.136,0.25,0.602,0.1,0
2747,58,1,10,0.891,0.501,0.847,0.75,0.44,0.28,1
2748,51,0,5,0.587,0.657,0.798,0.25,0.447,-0.245,1
2749,37,1,3,0.791,0.587,0.72,0.0,0.274,0.008,0
2750,80,1,10,0.927,0.691,1.126,0.25,0.871,-0.09,0
2751,58,1,7,0.936,0.602,0.784,1.0,0.188,0.209,0
2752,33,1,11,1.056,0.583,0.911,0.0,0.468,0.351,0
2753,38,1,11,0.848,0.555,0.59,0.0,0.219,0.065,0
2754,56,0,3,0.804,0.748,0.391,0.0,-0.011,0.019,0
2755,79,1,10,0.896,0.58,0.737,0.25,0.34,0.12,0
2756,38,1,8,0.751,0.557,0.767,0.0,0.198,-0.121,0
2757,35,0,12,0.924,0.7,1.147,0.75,0.873,0.237,1
2758,39,0,6,0.812,0.599,0.681,0.5,0.476,0.118,0
2759,53,0,5,0.766,0.652,0.879,0.0,0.358,-0.052,1
2760,40,1,3,0.771,0.517,0.593,0.5,0.216,-0.152,0
2761,43,0,12,0.696,0.565,0.56,0.0,0.166,0.023,0
2762,46,1,6,1.081,0.564,1.126,0.0,0.746,0.294,0
2763,84,0,10,1.048,0.509,0.755,1.0,0.157,0.296,0
2764,79,1,5,0.806,0.756,0.651,1.0,0.099,0.077,0
2765,60,0,11,1.022,0.619,0.824,0.5,0.087,0.257,0
2766,62,1,7,1.056,0.639,0.529,0.75,0.335,0.285,0
2767,41,0,5,0.93,0.663,0.86,0.75,0.236,0.267,0
2768,57,0,4,0.782,0.678,0.595,0.75,0.148,-0.118,0
2769,48,1,8,0.771,0.627,0.678,0.0,0.318,0.027,0
2770,38,1,8,0.955,0.599,0.854,0.0,0.621,0.196,0
2771,53,1,9,0.856,0.448,0.811,0.0,0.383,0.035,0
2772,73,1,4,0.699,0.524,0.618,0.0,0.449,-0.048,0
2773,80,0,3,0.979,0.582,0.474,0.5,-0.131,0.336,0
2774,72,1,3,0.775,0.575,0.582,0.0,0.439,0.079,0
2775,51,1,8,0.937,0.597,0.889,0.0,0.28,0.081,1
2776,34,1,5,0.791,0.547,0.312,0.0,-0.403,0.07,0
2777,54,0,4,0.916,0.644,0.526,1.0,0.076,0.262,0
2778,78,0,12,0.77,0.519,0.918,0.25,0.513,-0.095,0
2779,34,1,5,0.797,0.722,0.695,0.25,0.23,-0.114,0
2780,59,1,9,0.998,0.474,0.899,0.0,0.576,0.342,0
2781,54,0,5,0.7,0.547,0.925,0.5,0.483,-0.336,0
2782,76,1,4,0.746,0.653,0.927,0.75,0.619,-0.159,0
2783,51,1,5,0.467,0.796,0.518,0.25,0.29,-0.186,0
2784,52,1,4,0.771,0.534,0.533,0.75,-0.094,-0.07,0
2785,52,0,11,0.984,0.635,0.888,0.0,0.662,0.184,0
2786,56,0,8,0.705,0.564,0.426,0.25,0.031,-0.059,0
2787,44,1,11,0.966,0.395,0.961,1.0,0.449,0.129,1
2788,37,0,12,0.816,0.438,0.75,0.0,0.457,0.081,0
2789,40,0,3,0.792,0.623,0.691,0.0,0.522,0.13,0
2790,69,0,7,0.889,0.702,0.748,0.25,0.213,0.005,0
2791,37,1,3,0.973,0.66,0.954,0.25,0.568,0.225,0
2792,82,1,4,0.853,0.57,0.53,0.25,0.038,0.079,0
2793,58,0,7,0.7,0.598,0.857,0.0,0.666,-0.051,0
2794,30,1,12,1.004,0.365,0.857,1.0,0.279,0.413,0
2795,52,1,4,0.785,0.549,0.754,0.0,0.29,-0.072,1
2796,33,1,12,1.031,0.569,1.067,0.5,0.622,0.2,0
2797,60,0,6,0.966,0.614,0.831,0.75,0.385,0.311,0
2798,82,1,7,1.04,0.549,0.549,0.0,0.216,0.156,0
2799,65,0,8,1.14,0.617,0.697,1.0,0.25,0.319,0
2800,69,1,9,1.067,0.7,0.441,0.25,0.213,0.083,0
2801,60,0,9,0.885,0.449,0.747,0.0,0.219,0.326,0
2802,76,0,9,0.818,0.51,0.886,0.5,-0.206,0.109,1
2803,31,1,12,0.884,0.585,0.955,0.25,0.392,0.086,0
2804,33,1,8,1.012,0.538,0.577,0.25,0.383,-0.052,0
2805,30,1,4,0.93,0.698,0.331,0.75,-0.227,0.18,0
2806,58,0,6,1.051,0.575,0.757,0.75,0.297,0.264,0
2807,48,1,11,0.834,0.7,0.919,0.0,0.81,-0.135,1
2808,84,1,9,0.634,0.598,0.842,1.0,0.443,0.071,0
2809,69,1,6,0.881,0.645,0.7,0.0,-0.144,0.238,0
2810,51,0,9,0.889,0.592,0.712,0.5,0.136,0.189,0
2811,43,1,7,0.752,0.641,0.805,0.0,0.381,0.019,1
2812,47,1,5,0.81,0.612,0.874,0.5,0.191,0.109,0
2813,71,0,8,0.942,0.596,0.962,0.0,0.366,-0.061,0
2814,31,0,8,1.082,0.549,0.776,0.25,0.296,0.229,0
2815,31,1,5,1.01,0.477,0.392,1.0,-0.453,0.397,0
2816,66,1,10,1.095,0.62,0.63,1.0,0.341,0.171,0
2817,75,1,9,1.132,0.676,0.804,0.0,0.442,0.458,0
2818,64,0,6,0.882,0.465,0.521,1.0,0.049,0.09,0
2819,37,1,3,0.611,0.691,0.65,0.5,0.368,0.012,1
2820,82,1,3,0.973,0.634,0.719,0.0,0.337,0.235,0
2821,36,1,4,0.81,0.67,0.468,0.5,-0.121,0.11,0
2822,70,0,5,0.7,0.736,0.749,0.0,0.221,-0.122,1
2823,76,0,8,0.98,0.554,0.927,0.0,0.428,0.212,0
2824,83,1,5,0.805,0.572,0.626,0.0,0.055,-0.07,0
2825,71,0,11,0.862,0.558,0.657,0.25,0.133,0.016,0
2826,84,1,11,1.123,0.618,1.01,0.0,0.607,0.254,0
2827,46,1,7,0.96,0.785,0.726,0.0,0.187,0.236,0
2828,49,0,9,0.869,0.509,0.7,0.0,0.112,0.34,0
2829,31,1,4,0.844,0.662,0.85,0.0,0.435,0.11,0
2830,78,0,11,0.904,0.533,0.844,0.5,0.417,0.201,0
2831,84,0,8,0.824,0.652,0.619,0.5,-0.081,0.007,0
2832,55,0,9,1.001,0.594,1.016,0.0,0.387,0.251,1
2833,72,0,11,0.939,0.564,0.678,0.75,0.108,0.246,0
2834,62,0,10,1.031,0.525,0.745,0.5,0.237,0.239,0
2835,48,1,6,0.839,0.603,0.596,1.0,0.217,0.005,0
2836,82,1,9,0.916,0.419,0.935,0.5,0.478,0.261,0
2837,52,1,9,0.98,0.566,0.89,0.0,0.455,0.315,0
2838,61,0,10,0.806,0.544,0.451,0.0,-0.128,0.263,0
2839,30,1,6,0.88,0.622,0.545,0.0,-0.155,0.165,0
2840,51,0,10,0.892,0.7,0.509,0.0,-0.117,0.052,0
2841,48,1,6,1.01,0.479,0.486,0.0,0.114,0.185,0
2842,84,0,10,1.152,0.741,0.705,0.0,0.267,0.241,0
2843,69,1,6,0.575,0.505,0.696,0.0,0.542,-0.218,0
2844,30,1,8,1.068,0.598,0.803,0.0,0.105,0.228,1
2845,63,0,6,0.761,0.583,0.82,0.5,0.606,-0.071,0
2846,63,0,9,0.952,0.597,0.735,0.25,0.355,0.375,0
2847,60,1,11,0.889,0.547,0.7,0.0,0.332,0.008,0
2848,45,1,7,0.948,0.525,0.562,0.75,0.394,0.197,0
2849,73,0,4,0.708,0.751,0.491,0.75,-0.253,-0.088,0
2850,58,0,4,0.661,0.578,0.397,0.25,0.039,-0.003,0
2851,58,1,4,0.901,0.533,0.487,0.0,0.241,0.152,0
2852,36,1,6,0.985,0.541,0.772,0.5,0.102,0.436,0
2853,51,0,9,0.772,0.513,0.739,0.5,0.05,0.315,1
2854,73,0,12,1.029,0.649,0.81,0.0,0.55,0.329,0
2855,35,0,5,0.594,0.556,0.664,0.25,0.107,-0.265,0
2856,56,1,4,0.794,0.7,0.561,1.0,0.176,0.231,0
2857,80,1,8,0.8,0.623,0.531,0.5,-0.091,0.19,0
2858,74,0,5,1.056,0.632,0.758,0.0,0.288,0.179,1
2859,67,0,11,0.988,0.578,0.78,0.0,0.08,0.203,0
2860,60,0,12,1.087,0.625,0.93,0.25,0.555,0.088,0
2861,49,0,5,0.689,0.577,0.44,0.0,0.085,-0.041,0
2862,30,0,6,0.925,0.599,0.919,0.75,0.334,0.127,0
2863,73,0,4,0.966,0.625,0.406,0.75,-0.294,0.299,0
2864,82,1,4,0.713,0.441,0.687,0.25,0.16,0.012,0
2865,49,0,10,0.848,0.42,0.841,0.0,0.533,0.185,0
2866,60,1,9,1.0,0.69,0.887,0.5,0.531,0.315,1
2867,84,0,5,0.731,0.647,1.028,0.5,0.536,-0.173,0
2868,32,1,3,0.815,0.7,0.414,0.0,0.035,0.206,0
2869,75,1,11,0.951,0.607,1.018,0.25,0.597,0.186,0
2870,41,1,11,1.081,0.7,0.947,0.0,0.437,0.284,0
2871,44,1,5,0.725,0.511,0.468,0.0,-0.232,-0.149,0
2872,72,1,3,0.655,0.637,0.594,0.5,0.147,-0.155,0
2873,48,1,9,0.718,0.507,1.024,0.25,0.468,-0.278,0
2874,82,1,10,0.978,0.565,1.025,0.5,0.431,-0.011,0
2875,59,0,12,1.05,0.582,1.271,0.0,0.733,0.391,0
2876,38,1,7,0.614,0.375,0.678,0.0,0.117,-0.185,0
2877,66,0,3,0.794,0.597,0.59,0.75,0.332,-0.069,0
2878,47,1,8,1.035,0.61,0.743,0.0,-0.046,0.456,0
2879,77,0,12,0.815,0.7,0.64,0.0,0.244,-0.023,0
2880,30,0,6,0.852,0.653,0.654,0.0,0.121,0.401,0
2881,30,1,10,0.602,0.604,0.832,0.0,0.388,-0.11,0
2882,46,0,10,0.802,0.474,0.837,0.0,0.118,0.048,0
2883,40,1,8,0.933,0.598,0.638,0.5,0.244,0.319,0
2884,55,0,10,0.949,0.537,0.572,0.0,0.089,0.272,0
2885,80,0,8,0.821,0.445,1.121,1.0,0.388,0.175,1
2886,34,0,8,0.905,0.617,0.603,0.0,0.57,0.115,0
2887,78,1,10,1.01,0.645,0.74,1.0,0.417,0.28,0
2888,74,1,6,0.855,0.475,0.7,0.0,0.327,0.174,0
2889,32,0,8,0.92,0.548,0.7,0.25,0.381,0.07,0
2890,74,1,11,1.023,0.603,1.104,1.0,0.725,0.24,0
2891,71,0,10,0.976,0.7,0.629,0.0,0.233,0.222,0
2892,67,0,3,0.735,0.583,0.41,0.0,-0.421,0.035,0
2893,77,0,8,0.904,0.506,0.93,1.0,0.304,0.142,0
2894,41,0,5,0.7,0.762,0.596,0.25,0.007,-0.043,0
2895,82,0,7,0.981,0.618,0.582,0.0,0.279,0.024,0
2896,54,1,12,0.891,0.497,0.896,0.0,0.483,0.204,0
2897,46,1,10,0.859,0.7,0.547,0.0,0.212,0.341,0
2898,73,1,12,0.989,0.483,1.017,0.0,0.661,0.337,1
2899,79,0,8,0.789,0.658,0.506,0.0,-0.012,-0.012,0
2900,81,1,11,1.264,0.593,0.784,0.25,0.407,0.411,1
2901,65,1,6,0.822,0.647,0.716,0.0,0.176,0.256,0
2902,43,0,4,0.619,0.646,0.747,0.0,0.108,-0.256,0
2903,42,0,11,0.721,0.383,0.811,0.0,0.355,-0.11,0
2904,57,1,3,0.747,0.542,0.282,0.5,-0.234,0.083,0
2905,63,0,4,0.775,0.548,0.621,0.25,-0.085,-0.178,0
2906,75,1,6,0.915,0.58,0.778,0.5,0.496,0.215,0
2907,70,1,6,1.012,0.618,0.754,0.0,0.108,0.306,0
2908,38,0,5,0.95,0.577,0.69,0.0,0.243,0.406,0
2909,54,0,8,1.014,0.508,0.966,0.75,0.507,0.344,0
2910,45,1,7,0.999,0.552,0.593,0.0,0.198,0.376,0
2911,60,0,6,0.685,0.616,0.94,0.0,0.317,-0.256,0
2912,43,0,12,0.937,0.509,1.095,0.5,0.88,0.17,0
2913,42,1,12,1.088,0.586,1.007,0.0,0.446,0.453,0
2914,57,1,4,0.765,0.695,0.327,0.0,0.063,0.241,0
2915,68,0,10,1.042,0.564,1.221,0.5,0.655,0.278,0
2916,64,0,9,0.895,0.652,0.869,0.25,0.515,0.088,1
2917,76,1,6,0.669,0.463,0.39,0.0,-0.091,-0.169,0
2918,58,1,9,1.166,0.622,0.988,0.75,0.492,0.568,0
2919,48,0,7,0.841,0.632,0.827,0.25,0.272,-0.01,0
2920,65,1,10,1.104,0.603,0.755,0.0,0.521,0.318,0
2921,69,0,5,0.811,0.515,0.926,1.0,0.641,0.081,0
2922,67,1,12,1.006,0.58,0.541,0.0,-0.016,0.121,0
2923,63,0,5,0.946,0.694,0.967,0.0,0.369,0.035,0
2924,51,1,8,0.785,0.439,0.921,0.0,0.498,0.115,0
2925,37,1,4,0.613,0.65,0.407,0.25,-0.116,-0.053,0
2926,45,0,4,0.682,0.455,0.363,0.5,-0.409,0.108,0
2927,42,0,12,0.758,0.556,0.566,0.0,0.175,-0.078,0
2928,77,0,9,0.936,0.516,0.782,0.0,0.549,0.336,1
2929,51,0,5,0.597,0.58,0.505,0.0,-0.073,-0.12,0
2930,53,0,4,0.739,0.651,0.555,0.25,-0.004,0.149,0
2931,31,0,11,0.971,0.489,0.799,0.25,0.505,0.375,0
2932,45,1,12,0.789,0.701,1.181,1.0,0.927,-0.125,0
2933,42,1,12,0.784,0.556,0.791,0.0,0.091,0.038,0
2934,74,0,9,1.215,0.522,0.635,0.0,0.388,0.49,0
2935,72,1,11,0.784,0.448,0.943,0.75,0.738,0.027,0
2936,35,0,3,0.903,0.614,0.605,0.0,0.376,0.043,0
2937,60,0,12,0.903,0.618,1.142,0.25,0.549,0.003,0
2938,79,0,12,0.807,0.55,0.646,0.75,0.465,-0.103,1
2939,59,0,11,0.642,0.586,0.97,0.0,0.417,0.111,0
2940,58,0,7,1.02,0.515,0.581,0.0,-0.119,0.314,0
2941,66,1,5,0.96,0.604,0.543,0.75,0.011,0.19,0
2942,67,1,7,0.939,0.518,0.771,0.0,0.424,0.151,0
2943,59,1,12,0.958,0.462,0.629,0.0,0.355,0.118,0
2944,40,0,9,0.829,0.496,0.603,0.0,0.115,0.066,0
2945,51,0,3,0.763,0.618,0.578,1.0,-0.106,-0.071,0
2946,58,0,5,0.78,0.617,0.674,0.0,0.13,-0.018,0
2947,58,1,7,0.984,0.667,0.656,1.0,0.039,0.241,0
2948,66,1,5,0.857,0.571,0.575,0.0,0.117,0.372,0
2949,61,1,6,0.972,0.573,0.371,0.0,-0.067,0.33,0
2950,38,0,9,0.808,0.496,0.468,0.0,0.202,0.075,0
2951,64,1,11,0.977,0.519,0.7,0.0,0.169,0.364,0
2952,45,1,3,0.678,0.507,0.558,0.0,0.052,-0.043,0
2953,30,1,4,0.327,0.593,0.647,0.0,-0.036,-0.468,0
2954,83,1,6,0.699,0.651,0.571,0.0,0.015,0.024,1
2955,69,1,5,0.872,0.622,0.332,0.0,-0.068,0.023,0
2956,63,0,4,0.767,0.554,0.684,0.0,0.187,-0.019,1
2957,33,1,10,0.7,0.554,0.74,0.0,0.351,-0.04,0
2958,79,0,12,1.075,0.52,1.137,1.0,0.802,0.442,0
2959,82,0,4,0.845,0.596,0.569,0.25,0.275,0.142,0
2960,55,0,3,0.849,0.582,0.637,0.25,0.124,-0.036,0
2961,33,1,3,0.814,0.719,0.65,0.25,0.272,-0.047,0
2962,45,0,12,1.086,0.413,0.898,0.75,0.378,0.255,0
2963,60,0,12,1.025,0.511,1.005,0.0,0.756,0.232,0
2964,73,0,9,0.7,0.614,0.849,1.0,0.37,-0.121,1
2965,64,1,9,0.867,0.541,0.499,0.0,-0.188,0.089,0
2966,61,0,3,0.972,0.581,0.514,0.0,-0.002,0.05,0
2967,84,0,5,0.92,0.757,0.67,0.5,0.146,0.145,1
2968,68,1,10,1.026,0.618,0.951,1.0,0.605,0.106,0
2969,41,1,3,0.889,0.673,0.681,0.0,0.497,0.091,0
2970,59,0,7,0.743,0.537,0.629,0.25,0.352,0.233,0
2971,72,0,9,0.785,0.418,0.82,0.0,0.373,-0.126,0
2972,70,0,3,0.866,0.636,0.649,0.0,0.221,0.095,0
2973,51,0,11,0.896,0.575,0.512,0.0,0.204,-0.132,0
2974,35,1,8,0.768,0.515,0.765,0.25,0.237,0.082,0
2975,74,1,9,0.978,0.349,0.608,0.5,0.055,0.414,0
2976,45,0,12,1.003,0.511,0.825,1.0,0.314,0.299,0
2977,31,1,10,0.825,0.739,0.555,0.5,0.214,0.095,0
2978,30,1,3,0.673,0.632,0.598,0.75,0.06,0.285,0
2979,37,0,3,0.985,0.485,0.363,0.75,-0.135,0.398,0
2980,49,0,6,0.718,0.634,0.617,0.5,-0.001,-0.141,0
2981,54,1,9,0.768,0.503,0.842,0.5,0.441,-0.148,0
2982,50,0,3,0.719,0.699,0.661,0.0,0.159,0.25,0
2983,45,0,4,0.761,0.509,0.635,1.0,-0.023,0.049,0
2984,79,0,11,1.241,0.547,0.956,1.0,0.559,0.519,0
2985,60,0,6,0.859,0.481,0.793,0.0,0.44,0.078,0
2986,80,1,4,0.817,0.64,0.777,0.0,0.397,0.176,1
2987,83,1,11,0.944,0.575,0.676,0.0,0.18,0.091,1
2988,77,0,11,0.825,0.7,1.086,0.0,0.548,0.122,0
2989,39,1,9,1.246,0.545,0.923,0.0,0.813,0.536,0
2990,81,0,10,0.996,0.637,0.801,0.25,0.419,0.337,0
2991,78,0,12,1.037,0.608,0.607,0.0,0.367,0.423,0
2992,36,1,10,0.907,0.694,0.996,0.0,0.491,0.237,0
2993,49,0,8,0.916,0.7,0.595,0.0,-0.035,0.147,0
2994,69,0,9,0.997,0.512,0.863,0.0,0.593,0.192,0
2995,71,1,8,0.95,0.533,0.83,0.0,0.561,0.25,0
2996,49,0,8,1.005,0.452,0.868,0.0,0.27,0.434,0
2997,83,1,10,0.943,0.493,0.988,0.5,0.49,0.249,0
2998,51,1,5,0.838,0.666,0.709,0.75,0.33,0.129,0
2999,79,0,5,0.735,0.447,0.418,0.5,-0.282,-0.01,0
3000,50,1,5,0.733,0.595,0.725,0.75,0.38,-0.103,0
3001,38,1,8,0.995,0.667,0.954,0.0,0.336,0.259,0
3002,35,1,4,0.729,0.736,0.307,0.0,-0.395,0.174,0
3003,52,1,9,1.064,0.586,1.091,0.0,0.625,0.289,1
3004,60,1,7,0.679,0.832,0.678,0.0,0.273,-0.097,0
3005,83,1,11,0.98,0.7,0.575,0.0,-0.006,0.175,0
3006,83,0,9,0.855,0.659,0.451,1.0,0.063,0.052,1
3007,30,0,5,0.628,0.6,0.702,0.0,0.421,-0.191,0
3008,67,1,11,0.952,0.468,0.544,0.5,-0.031,0.265,0
3009,36,0,9,1.122,0.641,0.602,0.0,0.069,0.432,0
3010,56,0,6,0.745,0.57,0.788,0.75,0.301,-0.03,0
3011,57,1,5,0.74,0.557,0.709,0.0,0.173,-0.059,0
3012,56,1,8,0.875,0.518,0.68,0.5,0.465,0.291,0
3013,59,1,7,0.937,0.446,0.805,0.0,0.404,0.091,0
3014,46,0,12,0.844,0.489,1.128,0.25,0.796,-0.076,0
3015,36,1,9,0.953,0.625,0.579,0.25,-0.121,0.138,0
3016,39,1,10,0.857,0.59,0.818,0.0,0.421,0.312,0
3017,78,1,10,0.628,0.684,0.9,0.25,0.144,-0.206,1
3018,69,1,9,1.062,0.638,0.932,1.0,0.516,0.141,1
3019,51,0,4,0.641,0.638,0.777,0.0,0.489,-0.055,0
3020,37,0,3,0.805,0.596,0.455,0.0,-0.029,0.064,0
3021,64,1,9,0.996,0.47,0.807,0.0,0.126,0.188,0
3022,51,0,6,0.841,0.574,0.571,0.0,0.045,0.132,0
3023,52,1,6,0.844,0.445,0.718,0.75,0.117,0.176,0
3024,59,1,10,0.78,0.755,1.073,0.0,0.736,0.058,0
3025,73,1,5,0.723,0.306,0.448,0.0,-0.033,0.124,0
3026,79,0,6,0.945,0.505,0.75,0.0,0.38,0.147,0
3027,84,0,6,1.149,0.55,0.692,0.5,0.461,0.475,0
3028,59,1,10,0.935,0.638,0.787,0.25,0.106,0.359,0
3029,30,0,8,1.192,0.541,0.711,0.0,0.24,0.483,0
3030,63,0,10,0.917,0.493,0.892,0.5,0.2,0.167,0
3031,68,1,12,0.903,0.48,0.764,0.5,0.183,-0.037,0
3032,37,1,5,1.009,0.586,1.057,1.0,0.902,0.239,0
3033,58,0,4,0.732,0.442,0.573,1.0,-0.127,-0.337,0
3034,76,0,5,0.977,0.62,0.744,0.0,0.168,0.166,1
3035,57,1,9,1.092,0.596,0.76,1.0,0.18,0.436,0
3036,41,1,4,0.742,0.559,0.588,0.75,0.106,-0.038,0
3037,81,0,8,0.897,0.458,0.613,0.5,-0.063,0.156,0
3038,33,1,8,0.629,0.651,0.905,0.25,0.394,0.053,0
3039,62,0,5,0.851,0.528,0.837,0.0,0.482,0.101,0
3040,35,0,5,0.907,0.501,0.462,0.0,0.157,0.06,0
3041,54,1,5,0.772,0.707,0.882,0.0,0.427,-0.111,1
3042,63,1,8,0.974,0.69,0.823,0.0,0.385,0.468,0
3043,49,1,8,0.767,0.605,0.66,0.0,0.539,0.05,0
3044,71,0,5,0.7,0.622,0.293,0.0,-0.361,-0.192,0
3045,59,0,6,0.562,0.501,0.535,0.0,-0.076,-0.262,1
3046,56,1,4,0.664,0.513,0.886,0.0,0.583,-0.283,0
3047,35,0,10,1.043,0.664,0.6,0.75,-0.158,0.225,0
3048,53,0,6,0.745,0.633,0.763,0.0,0.34,-0.062,0
3049,32,1,9,0.861,0.494,0.736,0.0,0.244,0.164,0
3050,36,1,4,0.913,0.593,0.84,0.5,0.228,0.14,0
3051,45,0,10,1.046,0.66,1.026,1.0,0.609,0.393,1
3052,81,1,12,0.83,0.522,1.027,0.0,0.628,0.256,0
3053,84,1,3,0.802,0.557,0.585,0.0,-0.136,0.088,0
3054,78,1,11,0.862,0.575,0.683,0.25,0.537,-0.03,0
3055,34,0,7,0.874,0.53,0.797,0.75,0.299,0.078,0
3056,46,0,5,0.7,0.584,1.012,0.0,0.519,-0.02,0
3057,43,1,10,0.931,0.7,0.88,0.0,0.53,0.313,0
3058,68,1,10,0.996,0.816,0.797,0.0,0.191,0.457,0
3059,36,0,12,0.761,0.475,0.767,0.0,0.335,0.093,0
3060,54,1,4,0.913,0.584,0.7,0.0,0.319,0.19,0
3061,53,0,9,0.967,0.608,0.659,0.75,0.034,0.357,0
3062,81,1,4,0.963,0.663,0.824,0.75,0.464,0.246,0
3063,45,1,10,1.155,0.469,1.019,0.5,0.554,0.128,0
3064,53,0,10,0.872,0.58,0.579,0.0,0.225,-0.052,0
3065,49,1,10,0.773,0.565,0.626,0.0,0.323,0.123,0
3066,83,1,4,0.727,0.793,0.539,0.75,0.444,-0.075,1
3067,69,1,8,0.979,0.7,0.589,0.25,0.249,0.197,0
3068,49,0,4,0.83,0.66,0.55,0.0,-0.105,0.258,0
3069,76,1,11,0.903,0.576,1.062,0.25,0.45,0.106,0
3070,58,0,3,0.993,0.722,0.714,0.5,0.266,0.007,0
3071,46,0,9,0.904,0.636,0.584,0.0,0.097,0.012,0
3072,31,1,11,0.939,0.7,0.782,0.0,0.503,0.004,0
3073,75,1,3,0.812,0.675,0.497,0.75,0.045,0.124,0
3074,74,0,7,1.03,0.42,0.806,0.0,0.028,0.239,0
3075,56,1,10,0.881,0.446,0.796,0.0,0.107,0.134,0
3076,63,1,8,0.702,0.609,0.808,0.0,0.488,0.094,1
3077,45,0,8,0.924,0.7,0.958,0.0,0.481,0.309,0
3078,39,1,6,0.899,0.615,0.789,0.25,0.315,0.182,0
3079,80,0,11,1.011,0.64,0.756,0.5,0.361,0.285,0
3080,83,0,6,0.796,0.664,0.874,0.0,0.52,0.191,0
3081,40,0,10,0.986,0.512,0.631,0.0,0.418,0.309,0
3082,80,1,6,0.616,0.503,0.766,1.0,0.305,-0.071,0
3083,50,0,12,1.147,0.556,1.094,0.0,0.459,0.424,0
3084,74,0,8,0.98,0.726,0.551,1.0,-0.1,0.459,0
3085,46,1,11,0.833,0.47,1.12,0.75,0.709,0.066,0
3086,57,1,7,0.809,0.577,0.668,1.0,0.171,-0.096,0
3087,49,1,4,0.557,0.57,0.539,0.0,-0.155,-0.237,0
3088,36,1,11,0.993,0.591,0.759,1.0,0.351,0.424,0
3089,81,1,6,0.947,0.625,0.708,0.0,0.149,0.126,0
3090,59,1,8,0.841,0.515,0.742,1.0,0.029,0.14,0
3091,78,1,7,0.832,0.644,0.645,0.0,0.016,-0.071,0
3092,55,0,8,1.053,0.662,0.638,0.0,0.178,0.376,0
3093,39,0,4,0.809,0.514,0.731,0.0,0.226,0.243,0
3094,66,1,9,0.98,0.54,0.727,0.0,0.212,0.28,0
3095,42,1,11,0.985,0.565,0.649,0.5,0.116,0.252,0
3096,35,1,10,0.868,0.558,0.916,0.0,0.204,0.125,0
3097,74,0,10,0.824,0.504,0.683,0.0,0.474,0.186,0
3098,39,0,9,0.943,0.617,1.138,0.0,0.642,0.192,0
3099,82,1,8,1.047,0.562,0.789,0.0,-0.095,0.323,0
3100,49,1,10,0.764,0.519,0.546,0.0,0.291,-0.066,0
3101,56,1,10,0.899,0.654,0.754,0.0,0.138,0.051,1
3102,36,1,11,0.725,0.514,0.762,1.0,0.064,-0.328,0
3103,33,0,9,1.037,0.502,0.846,0.25,0.529,0.337,0
3104,57,1,7,0.625,0.642,0.702,0.0,0.167,-0.273,0
3105,74,0,10,0.995,0.506,0.726,0.0,0.336,0.205,0
3106,57,0,11,1.007,0.528,0.786,0.0,0.397,0.168,1
3107,41,1,12,0.97,0.403,0.697,1.0,0.01,0.384,0
3108,75,0,4,1.015,0.662,0.766,0.0,0.232,0.347,0
3109,56,0,11,0.956,0.693,0.924,0.25,0.587,0.324,1
3110,52,1,9,0.79,0.431,0.631,0.0,0.307,0.268,0
3111,71,0,7,0.883,0.654,0.907,0.75,0.575,-0.113,0
3112,73,0,4,0.907,0.548,0.335,0.25,0.144,0.024,0
3113,70,0,6,0.783,0.489,0.643,0.0,-0.091,-0.03,1
3114,62,0,3,0.715,0.713,0.468,0.5,0.043,0.099,0
3115,66,0,12,1.026,0.608,0.778,1.0,0.294,0.303,1
3116,72,1,4,1.015,0.462,0.471,1.0,-0.185,0.221,0
3117,50,1,3,0.864,0.591,0.458,0.0,0.175,0.072,0
3118,61,0,12,1.03,0.576,0.771,0.5,0.352,0.299,0
3119,77,0,11,0.825,0.549,0.715,1.0,0.349,0.048,0
3120,32,0,5,0.7,0.457,0.67,0.0,-0.088,0.046,0
3121,49,0,7,0.546,0.562,0.863,0.0,0.163,-0.225,1
3122,59,1,7,0.937,0.568,0.742,0.5,0.477,0.206,0
3123,55,0,3,0.62,0.713,0.614,0.0,0.174,-0.022,0
3124,71,1,9,0.936,0.55,0.679,0.5,0.34,0.129,0
3125,43,0,8,0.937,0.572,0.7,0.0,0.094,0.303,1
3126,69,1,4,0.759,0.679,0.412,1.0,-0.066,-0.096,0
3127,57,0,3,0.645,0.518,0.533,0.0,-0.159,-0.07,0
3128,65,0,11,0.996,0.597,1.076,0.0,0.452,0.116,0
3129,71,1,9,0.898,0.529,0.685,0.0,0.284,-0.047,0
3130,48,1,11,0.959,0.426,0.748,0.0,-0.018,0.062,1
3131,59,1,11,1.001,0.368,0.844,0.0,0.139,0.149,1
3132,31,0,7,1.0,0.611,0.812,1.0,0.329,0.258,0
3133,48,1,11,0.897,0.57,0.8,0.5,0.18,0.075,1
3134,62,1,10,0.779,0.7,0.891,0.0,0.509,0.116,0
3135,55,1,4,0.733,0.52,0.532,0.5,-0.044,0.024,0
3136,79,0,9,0.716,0.599,0.707,0.25,0.045,-0.145,0
3137,42,1,11,0.779,0.516,0.925,0.25,0.504,-0.046,0
3138,31,1,5,0.928,0.567,0.726,0.5,0.026,0.198,0
3139,30,1,11,0.95,0.555,0.843,0.0,0.579,0.269,0
3140,77,0,7,0.717,0.628,0.599,0.5,-0.025,-0.105,0
3141,82,1,7,0.904,0.594,0.863,0.25,0.603,0.128,0
3142,83,1,4,0.745,0.634,0.296,0.0,0.053,0.184,0
3143,46,0,5,0.671,0.523,0.392,0.25,0.092,0.008,0
3144,37,0,6,1.063,0.664,0.669,0.0,0.199,0.289,0
3145,46,1,12,1.063,0.62,0.7,0.5,0.061,0.447,0
3146,35,0,7,0.853,0.626,0.503,0.0,-0.049,0.11,0
3147,67,0,8,0.937,0.536,0.705,0.0,0.453,0.237,0
3148,70,0,8,1.084,0.501,0.704,0.0,0.421,0.32,0
3149,67,0,6,0.763,0.735,0.795,0.25,0.406,0.057,0
3150,45,1,11,0.851,0.447,0.787,0.0,0.424,0.101,0
3151,69,0,10,0.933,0.7,0.729,0.0,0.261,0.176,0
3152,31,1,10,1.041,0.617,0.688,0.5,0.433,0.421,0
3153,64,1,3,0.88,0.597,0.629,0.5,0.026,0.156,0
3154,60,1,10,0.961,0.589,0.831,0.0,0.47,0.108,0
3155,39,0,8,0.935,0.542,0.822,0.5,0.475,0.296,0
3156,49,1,8,0.931,0.596,0.826,0.0,0.55,0.331,1
3157,32,0,6,0.822,0.565,0.962,1.0,0.511,0.021,0
3158,56,1,12,0.859,0.55,0.981,0.0,0.382,0.009,0
3159,56,0,6,0.939,0.63,0.574,0.25,-0.074,0.144,0
3160,71,1,8,0.841,0.641,0.919,0.0,0.447,0.109,1
3161,68,1,5,0.873,0.6,0.148,0.5,-0.286,0.06,0
3162,36,0,6,0.721,0.56,0.759,0.0,0.444,-0.163,1
3163,56,0,7,1.136,0.499,0.801,0.5,0.546,0.28,0
3164,45,0,9,0.7,0.528,1.101,0.0,0.776,-0.128,0
3165,77,0,4,0.831,0.522,0.471,0.25,0.111,0.071,1
3166,40,0,5,0.7,0.604,0.739,0.0,0.242,0.03,0
3167,49,0,5,0.987,0.603,0.626,0.0,0.351,0.241,0
3168,35,0,7,0.904,0.526,0.797,0.25,0.1,0.039,1
3169,58,1,9,0.79,0.597,0.636,0.0,0.273,0.057,0
3170,39,1,12,1.027,0.593,0.614,0.0,0.291,0.188,0
3171,34,1,9,0.672,0.639,0.818,0.25,0.4,-0.012,0
3172,84,0,7,0.8,0.401,0.68,0.0,0.072,-0.082,0
3173,60,1,4,0.6,0.754,0.764,0.25,0.328,-0.393,0
3174,51,0,12,1.133,0.561,0.99,0.5,0.428,0.356,0
3175,80,0,12,0.888,0.555,0.782,0.0,0.001,-0.007,0
3176,33,0,8,0.891,0.623,0.817,0.5,0.253,0.035,1
3177,43,0,10,1.165,0.57,1.075,0.0,0.739,0.305,0
3178,44,0,11,0.898,0.662,0.701,0.0,0.473,0.211,0
3179,39,1,10,0.972,0.499,0.795,0.5,0.68,0.152,0
3180,75,0,12,0.947,0.585,0.765,0.25,0.499,0.089,0
3181,54,0,9,0.768,0.573,0.762,0.0,0.37,-0.067,0
3182,35,0,3,0.895,0.58,0.442,0.0,-0.258,0.146,0
3183,58,1,8,0.941,0.655,0.559,0.25,0.172,0.273,0
3184,30,1,7,1.113,0.617,0.47,0.75,0.146,0.373,0
3185,66,1,4,0.723,0.69,0.618,0.5,0.088,-0.204,0
3186,80,1,7,0.72,0.701,0.935,0.0,0.449,-0.023,0
3187,36,0,7,0.605,0.621,0.808,0.0,-0.01,-0.207,0
3188,36,0,6,0.909,0.484,0.672,0.0,0.367,0.202,0
3189,63,1,4,0.756,0.555,0.632,0.0,0.029,-0.166,0
3190,69,0,4,0.751,0.604,0.832,0.0,0.365,-0.113,0
3191,70,0,11,0.886,0.574,0.734,0.25,0.243,0.115,0
3192,46,0,12,0.817,0.629,0.747,0.75,0.11,0.091,0
3193,68,0,7,0.932,0.605,0.767,0.75,0.293,0.16,0
3194,69,1,6,0.656,0.568,0.689,0.0,0.259,-0.009,0
3195,44,0,7,0.723,0.551,0.762,0.0,0.232,-0.035,1
3196,61,0,3,0.76,0.7,0.902,0.75,0.469,-0.105,0
3197,49,1,12,0.7,0.435,0.908,0.5,0.541,-0.041,0
3198,78,0,5,0.786,0.765,0.84,0.75,0.437,0.012,0
3199,54,0,9,1.066,0.57,0.645,0.5,0.024,0.463,0
3200,31,0,4,0.871,0.7,0.464,0.0,0.107,0.133,0
3201,63,1,4,0.922,0.627,0.557,0.0,0.416,0.231,0
3202,70,1,5,0.644,0.531,0.937,1.0,0.429,-0.0,1
3203,30,1,10,0.8,0.454,0.885,0.0,0.388,-0.065,0
3204,65,0,12,0.952,0.629,1.141,1.0,0.863,0.137,0
3205,35,0,7,0.654,0.583,0.606,0.0,0.167,-0.064,0
3206,62,1,12,0.915,0.642,0.806,0.5,0.444,0.073,0
3207,70,1,7,0.988,0.516,1.044,0.0,0.755,0.067,1
3208,68,1,10,1.015,0.43,0.63,1.0,0.359,0.03,0
3209,66,0,8,0.88,0.619,0.7,0.0,0.034,0.181,0
3210,74,1,4,0.825,0.525,0.461,0.25,-0.198,0.259,0
3211,75,1,9,0.874,0.524,0.792,0.75,0.364,0.133,1
3212,36,0,7,0.979,0.635,0.965,0.0,0.488,0.161,0
3213,83,1,6,0.711,0.641,0.702,0.0,0.298,-0.037,1
3214,72,0,8,0.894,0.592,0.706,0.25,0.114,0.207,0
3215,58,0,8,0.927,0.609,0.862,0.25,0.55,0.2,1
3216,72,1,9,0.993,0.685,0.858,0.0,-0.079,0.293,1
3217,76,0,11,1.056,0.7,0.822,0.5,0.398,0.401,1
3218,74,0,4,0.871,0.62,0.795,0.5,0.287,0.023,0
3219,33,1,6,0.725,0.547,0.802,0.25,0.276,0.025,0
3220,79,1,4,0.743,0.719,0.421,0.75,-0.227,0.008,0
3221,48,1,12,0.763,0.519,1.022,0.0,0.633,0.066,0
3222,43,1,5,0.927,0.669,0.7,0.0,0.295,0.231,1
3223,65,1,7,0.975,0.456,0.591,0.5,0.117,0.283,0
3224,43,0,9,1.023,0.677,0.544,0.0,0.241,0.226,0
3225,42,1,12,0.845,0.591,0.967,0.25,0.222,0.074,0
3226,64,0,11,0.961,0.505,1.119,0.0,0.612,0.337,0
3227,32,1,4,0.823,0.579,1.125,1.0,0.573,-0.136,0
3228,59,1,9,1.083,0.574,0.646,0.0,-0.009,0.345,0
3229,48,1,6,0.731,0.564,0.652,0.5,0.361,0.076,1
3230,35,0,6,0.932,0.627,0.935,0.25,0.156,0.06,0
3231,71,0,7,0.907,0.457,0.538,0.0,-0.262,0.166,0
3232,47,1,6,0.984,0.463,0.698,1.0,0.529,0.149,0
3233,41,1,10,0.908,0.546,0.887,1.0,0.501,0.272,0
3234,59,0,12,0.926,0.545,0.86,0.0,0.426,0.035,0
3235,79,1,7,0.628,0.609,1.079,0.0,0.475,-0.346,0
3236,67,1,7,1.181,0.504,0.578,1.0,0.22,0.481,0
3237,50,1,5,0.959,0.578,0.64,0.25,0.041,0.257,0
3238,55,1,11,0.849,0.521,0.718,0.0,0.367,0.098,0
3239,59,1,10,0.867,0.628,1.105,0.5,0.533,0.226,0
3240,61,0,7,0.902,0.474,0.638,0.5,-0.122,0.054,0
3241,39,1,8,0.965,0.508,0.632,1.0,0.313,0.141,0
3242,52,0,8,0.753,0.731,0.523,0.75,0.033,-0.069,0
3243,77,1,3,0.996,0.523,0.586,0.0,0.208,0.111,0
3244,58,1,4,0.747,0.7,0.561,0.0,0.248,-0.113,0
3245,32,1,6,0.718,0.453,0.518,0.25,-0.077,-0.082,0
3246,83,1,9,1.082,0.603,0.577,0.75,-0.099,0.316,0
3247,78,0,7,0.808,0.675,0.666,0.5,-0.034,0.035,0
3248,49,0,7,0.722,0.474,0.616,0.0,0.025,0.205,0
3249,81,1,9,1.019,0.481,0.769,0.0,0.434,0.317,0
3250,56,0,11,0.872,0.531,0.849,0.5,0.254,0.089,0
3251,70,0,12,0.883,0.556,0.787,0.5,0.298,0.352,0
3252,42,0,11,0.843,0.535,0.899,0.5,0.223,0.097,0
3253,50,0,10,0.912,0.609,0.783,0.25,0.263,0.059,0
3254,40,1,11,1.199,0.517,0.919,0.0,0.298,0.362,0
3255,56,0,7,1.11,0.618,0.705,0.0,0.299,0.488,0
3256,38,0,4,0.878,0.756,0.315,1.0,-0.136,0.235,0
3257,83,1,10,0.957,0.579,0.557,0.0,0.054,0.263,0
3258,41,1,6,0.871,0.657,0.7,0.0,0.239,0.225,0
3259,81,1,10,1.099,0.618,0.695,0.0,0.289,0.346,0
3260,33,0,6,0.93,0.656,0.475,0.0,-0.126,0.346,0
3261,74,0,11,0.887,0.517,1.056,0.75,0.622,0.294,1
3262,56,0,4,1.034,0.659,0.522,0.0,0.187,0.361,0
3263,35,0,6,0.96,0.574,0.854,0.25,0.326,0.082,0
3264,32,1,7,1.06,0.587,0.679,0.0,0.336,0.413,0
3265,66,0,7,0.7,0.605,0.586,0.5,-0.114,0.135,0
3266,35,1,7,0.837,0.583,0.83,0.0,0.13,0.076,1
3267,77,0,4,0.747,0.692,0.637,0.0,0.357,0.257,0
3268,48,1,4,0.955,0.564,0.697,0.75,0.179,0.173,1
3269,52,0,9,0.828,0.511,0.733,0.5,0.103,-0.001,0
3270,37,1,3,0.914,0.597,0.704,0.0,0.129,0.12,0
3271,46,0,11,0.988,0.7,0.801,0.0,0.037,0.28,0
3272,49,1,3,0.7,0.585,0.91,0.25,0.682,-0.108,0
3273,77,1,10,1.101,0.464,0.694,0.0,0.226,0.497,0
3274,57,1,11,0.785,0.7,0.936,0.5,0.455,0.232,0
3275,30,0,8,0.881,0.555,0.664,0.0,-0.06,0.11,0
3276,32,0,5,0.982,0.622,0.624,0.75,-0.047,0.282,0
3277,34,0,9,0.889,0.61,0.579,0.0,-0.515,0.258,0
3278,67,0,11,1.26,0.627,1.059,0.0,0.359,0.715,0
3279,41,1,7,1.04,0.601,0.575,0.0,0.144,0.364,0
3280,51,0,11,0.927,0.562,1.082,0.0,0.438,0.264,0
3281,61,1,9,1.03,0.63,0.924,0.5,0.494,0.298,0
3282,66,0,7,1.01,0.666,0.819,0.25,0.452,0.232,0
3283,66,0,3,0.748,0.66,0.615,0.0,-0.143,-0.269,0
3284,78,1,6,0.81,0.602,0.811,0.25,0.487,-0.022,0
3285,38,0,6,0.712,0.379,0.681,0.0,0.24,-0.129,0
3286,77,1,5,1.007,0.561,0.441,1.0,-0.181,0.374,0
3287,45,0,7,0.674,0.736,0.622,0.0,0.501,-0.072,0
3288,30,1,7,0.838,0.61,1.016,1.0,0.516,-0.067,1
3289,70,1,11,0.958,0.611,0.972,0.0,0.712,0.185,0
3290,69,1,5,0.531,0.522,0.484,0.25,0.078,-0.276,0
3291,63,1,9,1.044,0.604,0.768,0.0,0.2,0.06,1
3292,45,1,9,0.873,0.572,0.696,1.0,0.357,0.08,1
3293,84,0,3,0.748,0.685,0.465,0.25,-0.195,0.179,0
3294,64,0,12,1.015,0.601,0.877,0.0,0.177,0.326,0
3295,76,1,8,0.93,0.561,0.773,0.5,0.076,0.257,1
3296,40,1,5,0.752,0.648,0.59,0.0,0.32,-0.084,0
3297,60,1,8,0.896,0.54,0.547,0.25,-0.1,0.068,0
3298,39,0,11,0.913,0.498,0.82,0.25,0.404,0.168,1
3299,54,0,5,0.791,0.599,0.353,0.5,-0.232,0.314,0
3300,57,1,3,0.701,0.681,0.284,0.5,-0.344,-0.149,0
3301,84,0,10,0.958,0.695,0.7,0.25,0.096,0.3,0
3302,67,0,12,0.957,0.603,0.583,0.5,-0.223,0.138,0
3303,39,1,4,0.786,0.622,0.7,0.0,0.658,-0.131,0
3304,48,0,4,0.894,0.478,0.672,0.0,0.123,0.085,0
3305,60,0,3,0.827,0.612,0.653,0.5,0.218,0.15,1
3306,50,1,3,0.876,0.679,0.438,0.75,0.117,0.16,0
3307,41,1,11,1.108,0.572,0.575,0.0,0.427,0.425,0
3308,59,0,5,0.606,0.577,0.658,0.0,0.28,-0.193,1
3309,84,1,6,0.944,0.7,0.612,0.75,0.255,0.104,1
3310,47,0,5,0.649,0.589,0.65,0.0,0.336,0.174,0
3311,43,0,4,1.138,0.545,0.463,0.0,-0.328,0.486,0
3312,67,0,3,0.944,0.728,0.576,0.0,-0.124,0.336,0
3313,79,1,12,0.999,0.473,0.892,0.0,0.491,0.08,0
3314,59,0,6,0.836,0.501,0.588,0.0,0.235,0.013,0
3315,84,1,4,0.935,0.55,0.799,0.0,0.076,0.17,1
3316,48,0,4,0.757,0.535,0.464,0.5,-0.14,0.038,0
3317,74,0,3,0.842,0.568,0.68,1.0,0.203,0.238,0
3318,31,0,8,0.837,0.534,0.598,0.0,0.127,0.056,0
3319,84,1,9,0.826,0.554,0.853,0.0,0.318,0.158,1
3320,44,0,12,0.772,0.421,0.78,0.0,0.031,-0.001,0
3321,45,0,7,0.999,0.521,0.736,0.0,0.244,0.421,0
3322,68,0,6,0.889,0.725,0.735,0.0,-0.025,0.103,1
3323,42,1,6,0.796,0.653,0.608,1.0,0.221,0.013,0
3324,31,0,9,0.956,0.5,0.872,0.0,0.604,0.293,0
3325,57,1,6,0.818,0.543,0.656,1.0,0.16,0.188,1
3326,60,0,5,0.735,0.534,0.717,0.5,0.222,0.002,1
3327,61,0,11,0.884,0.483,0.901,0.0,0.469,0.005,0
3328,44,1,11,0.7,0.614,0.684,0.25,0.344,-0.143,0
3329,34,1,3,0.726,0.691,0.707,0.25,0.178,-0.016,0
3330,32,0,3,0.748,0.645,0.725,0.25,0.429,-0.197,0
3331,64,1,6,0.895,0.652,0.697,0.0,-0.062,-0.151,1
3332,71,1,8,1.029,0.596,0.501,0.0,-0.264,0.235,0
3333,53,1,5,0.807,0.516,0.658,0.0,0.185,0.028,0
3334,81,1,3,0.635,0.543,0.563,0.0,-0.031,0.007,0
3335,38,0,10,0.794,0.612,0.857,0.75,0.462,-0.15,0
3336,82,0,11,0.812,0.593,1.083,0.25,0.426,0.058,1
3337,79,0,11,0.995,0.609,0.905,0.0,0.652,0.323,1
3338,82,1,12,0.923,0.622,0.969,0.25,0.839,0.185,1
3339,58,0,5,0.817,0.545,0.792,0.0,0.102,0.105,0
3340,48,0,7,0.979,0.575,0.65,0.0,-0.013,0.135,0
3341,79,0,9,1.003,0.44,0.768,0.0,0.298,0.26,0
3342,39,1,12,1.075,0.54,1.111,0.5,0.27,0.435,1
3343,78,0,8,1.015,0.54,0.331,1.0,-0.513,0.392,0
3344,73,0,4,0.614,0.597,0.592,0.75,0.107,-0.295,0
3345,63,0,10,0.989,0.458,0.8,0.0,0.121,0.071,0
3346,75,1,6,0.892,0.499,0.787,0.25,0.449,-0.09,1
3347,42,0,12,1.028,0.436,0.867,0.25,0.561,0.28,1
3348,46,0,12,0.978,0.558,1.136,0.0,0.393,0.014,0
3349,31,1,3,0.699,0.714,0.338,0.25,-0.287,0.042,0
3350,84,1,11,0.888,0.388,0.995,0.25,0.234,0.031,0
3351,73,0,5,0.967,0.572,1.017,1.0,0.36,0.346,0
3352,41,0,10,0.874,0.453,0.87,0.0,0.342,0.044,0
3353,49,1,9,0.989,0.507,0.667,0.0,0.255,0.179,0
3354,76,1,8,1.119,0.549,0.432,0.0,-0.165,0.527,0
3355,82,0,7,0.739,0.56,1.09,1.0,0.597,-0.147,0
3356,42,0,10,0.954,0.729,0.45,0.0,-0.301,-0.022,0
3357,43,0,11,1.047,0.592,1.063,0.5,0.692,0.17,0
3358,50,0,6,0.733,0.54,0.755,0.5,0.149,-0.043,0
3359,58,1,8,0.799,0.592,0.633,0.0,0.293,0.063,0
3360,50,0,10,0.897,0.487,0.78,0.0,0.506,0.102,0
3361,65,0,4,0.923,0.6,0.744,0.0,0.494,-0.151,1
3362,68,1,7,0.747,0.667,0.733,0.0,0.409,0.141,0
3363,46,1,6,0.8,0.529,0.699,0.25,0.221,0.23,1
3364,50,1,5,0.598,0.544,0.956,0.0,0.359,-0.069,0
3365,38,0,7,0.757,0.66,0.738,0.0,0.262,-0.014,0
3366,43,0,12,0.858,0.491,0.839,0.25,0.465,0.302,0
3367,76,0,3,0.897,0.51,0.7,0.0,0.184,0.197,0
3368,67,0,3,0.671,0.519,0.729,0.0,0.477,-0.01,1
3369,78,1,10,0.844,0.562,0.967,0.0,0.698,0.163,1
3370,32,1,5,0.752,0.622,0.49,0.0,-0.005,-0.038,0
3371,67,1,6,0.68,0.602,0.512,1.0,0.137,-0.175,0
3372,36,0,4,0.69,0.64,0.17,0.0,-0.21,-0.019,0
3373,72,1,11,1.119,0.611,0.662,0.5,0.338,0.523,0
3374,51,1,8,0.932,0.443,0.902,0.75,0.701,-0.028,0
3375,41,0,5,0.821,0.639,0.658,0.0,0.462,0.149,0
3376,72,1,10,0.974,0.444,1.082,0.5,0.366,0.223,0
3377,46,0,6,0.933,0.453,0.406,0.0,-0.015,0.122,0
3378,37,1,3,0.833,0.662,0.218,0.0,-0.356,0.165,0
3379,41,1,11,0.867,0.602,1.19,0.0,0.866,0.133,0
3380,32,0,8,1.172,0.654,0.722,0.75,0.413,0.341,0
3381,32,1,10,0.938,0.623,0.882,0.0,0.385,0.139,0
3382,55,0,9,0.931,0.586,1.007,0.0,0.541,0.275,0
3383,69,0,12,0.794,0.633,0.939,0.75,0.62,0.02,1
3384,43,0,3,0.914,0.637,0.495,1.0,0.111,0.152,0
3385,82,1,3,0.628,0.536,0.334,0.0,0.107,0.104,0
3386,82,0,3,0.991,0.602,0.364,1.0,0.107,0.122,0
3387,44,0,8,0.942,0.534,0.741,0.5,0.24,0.295,0
3388,62,1,10,0.94,0.475,0.61,0.0,0.121,0.312,0
3389,31,1,4,0.819,0.551,0.541,1.0,0.116,0.281,0
3390,43,1,7,0.85,0.537,0.49,0.0,0.043,0.065,0
3391,55,0,11,1.036,0.461,1.204,1.0,0.568,0.33,0
3392,71,1,12,0.603,0.589,1.009,0.75,0.633,-0.378,0
3393,79,1,11,1.085,0.567,0.997,0.5,0.75,0.24,0
3394,35,1,3,0.555,0.615,0.652,0.0,0.119,-0.294,0
3395,78,1,9,0.786,0.619,1.051,0.25,0.628,-0.104,0
3396,77,0,10,0.7,0.432,0.494,0.0,0.096,-0.13,0
3397,37,1,3,0.92,0.598,0.665,0.25,0.361,0.347,0
3398,35,0,8,0.798,0.461,0.586,0.0,0.201,0.246,0
3399,50,0,11,0.968,0.58,0.781,1.0,0.291,0.182,1
3400,33,1,9,0.831,0.587,1.056,0.0,0.651,0.044,0
3401,48,1,10,0.749,0.612,0.528,0.0,0.202,-0.194,0
3402,46,0,12,1.07,0.628,0.7,0.25,0.248,0.358,0
3403,68,0,5,0.93,0.512,0.79,1.0,0.096,0.112,0
3404,44,1,4,0.624,0.552,0.647,0.5,0.262,0.015,0
3405,38,0,10,0.751,0.536,1.063,1.0,0.576,-0.081,0
3406,83,0,12,0.943,0.617,0.887,0.5,0.345,0.458,0
3407,62,1,9,0.84,0.536,0.937,0.0,0.685,0.192,0
3408,78,1,12,1.029,0.58,0.865,0.25,0.447,0.177,0
3409,77,1,5,0.805,0.666,0.7,0.0,0.135,-0.017,0
3410,82,1,5,0.63,0.69,0.719,0.0,0.004,0.003,1
3411,59,0,5,0.884,0.718,0.758,0.0,0.134,0.301,0
3412,77,1,8,1.016,0.582,0.7,0.25,0.234,0.029,0
3413,83,0,10,0.931,0.7,1.275,1.0,1.092,0.365,1
3414,59,0,9,0.894,0.563,0.683,0.0,0.418,0.307,0
3415,72,1,10,0.7,0.621,1.097,0.5,0.471,-0.143,0
3416,49,1,9,0.951,0.519,0.767,0.0,0.243,0.315,1
3417,44,1,6,0.685,0.586,0.864,0.0,0.386,-0.028,0
3418,53,0,8,1.077,0.667,0.713,0.0,0.164,0.307,0
3419,59,0,5,1.02,0.614,0.434,1.0,0.169,0.347,0
3420,39,0,4,0.873,0.592,0.81,0.0,0.27,0.173,0
3421,44,1,5,0.745,0.616,0.69,0.25,0.09,0.113,0
3422,58,1,7,0.934,0.722,0.512,1.0,-0.002,0.251,0
3423,46,0,7,0.904,0.674,0.754,0.25,0.138,0.094,0
3424,82,0,10,0.998,0.7,0.674,0.25,0.152,0.155,0
3425,56,0,7,0.732,0.615,0.626,0.5,0.197,-0.195,0
3426,82,1,7,0.667,0.541,0.776,0.0,0.248,-0.145,0
3427,57,0,8,0.653,0.464,0.582,0.0,0.228,-0.009,0
3428,78,0,12,0.873,0.576,0.804,0.0,0.282,0.291,0
3429,57,0,8,0.86,0.682,0.61,0.25,-0.09,0.123,0
3430,60,1,8,0.7,0.662,0.721,0.0,0.333,-0.123,0
3431,59,0,12,0.966,0.465,0.906,0.25,0.155,0.242,1
3432,58,0,8,0.7,0.625,0.629,0.0,0.049,-0.168,0
3433,44,1,4,0.737,0.584,0.571,0.0,0.175,0.182,0
3434,84,1,6,0.693,0.665,0.585,0.25,0.164,-0.083,0
3435,57,0,6,0.819,0.548,0.792,0.0,0.153,-0.043,0
3436,31,0,6,0.764,0.648,0.7,0.0,0.215,0.209,0
3437,80,0,10,0.914,0.651,0.797,0.75,0.302,0.1,1
3438,74,0,7,1.133,0.57,0.582,0.5,0.279,0.479,0
3439,64,0,8,0.94,0.48,0.932,0.5,0.327,0.113,1
3440,70,1,8,0.899,0.532,0.707,0.0,0.283,0.124,0
3441,56,1,11,1.078,0.485,1.157,0.0,0.414,0.356,0
3442,54,0,4,0.62,0.65,0.782,0.0,0.218,-0.038,1
3443,57,0,12,1.004,0.441,0.731,0.0,0.181,0.591,0
3444,46,0,8,0.852,0.609,0.975,0.25,0.535,0.304,0
3445,43,1,10,0.941,0.54,0.96,0.75,0.05,0.083,0
3446,41,1,11,1.015,0.548,0.749,0.0,0.539,0.156,1
3447,58,1,11,0.7,0.505,0.948,0.0,0.58,-0.01,0
3448,38,1,10,0.819,0.504,0.723,0.0,0.339,0.042,0
3449,78,1,11,0.906,0.491,1.072,0.0,0.402,0.097,0
3450,63,0,6,0.597,0.633,0.754,0.5,-0.011,-0.227,1
3451,73,0,6,0.963,0.595,0.53,0.5,0.387,0.314,0
3452,61,0,3,0.665,0.622,0.755,0.25,0.312,-0.075,0
3453,67,0,4,0.891,0.608,0.484,0.0,-0.113,0.266,0
3454,63,0,12,1.075,0.7,0.79,0.0,0.09,0.363,0
3455,66,0,3,0.794,0.611,0.754,0.5,0.457,-0.159,1
3456,44,0,10,0.904,0.544,0.508,0.25,-0.154,0.183,0
3457,76,1,7,0.816,0.75,0.77,0.0,0.052,0.143,0
3458,53,0,6,0.62,0.475,0.563,0.0,-0.079,-0.3,0
3459,80,1,4,0.796,0.508,0.455,0.0,0.17,0.028,0
3460,56,1,11,0.984,0.421,1.038,0.0,0.531,0.26,0
3461,45,1,7,0.715,0.48,0.99,0.75,0.742,0.057,1
3462,34,0,9,0.986,0.619,0.821,0.0,0.386,0.203,1
3463,52,1,11,0.919,0.451,0.758,0.25,0.271,0.219,0
3464,39,1,12,0.893,0.527,0.664,0.5,0.231,0.309,0
3465,84,0,3,0.98,0.713,0.563,0.0,0.048,0.335,0
3466,31,1,8,0.966,0.45,0.855,0.0,0.358,0.31,0
3467,81,1,7,1.072,0.629,0.803,0.0,0.103,0.232,0
3468,76,0,8,0.949,0.632,0.719,0.0,0.29,0.283,0
3469,46,0,10,0.7,0.469,0.802,0.25,0.253,-0.221,0
3470,67,1,10,0.7,0.341,0.894,0.25,0.415,0.019,1
3471,53,1,8,0.88,0.494,0.818,0.5,0.05,0.219,0
3472,42,1,3,0.799,0.708,0.499,1.0,-0.201,-0.016,0
3473,65,1,10,0.925,0.629,0.595,0.0,0.143,0.08,0
3474,35,1,10,0.985,0.495,1.06,0.0,0.512,0.262,1
3475,60,1,4,0.853,0.465,0.374,0.0,-0.235,0.155,0
3476,52,0,8,0.834,0.525,0.704,0.25,-0.019,0.086,0
3477,34,0,9,1.033,0.541,0.797,0.75,0.418,0.159,1
3478,69,0,4,0.919,0.539,0.612,0.0,-0.027,-0.023,0
3479,59,0,7,1.03,0.576,0.7,0.0,0.525,0.283,0
3480,60,1,6,0.792,0.563,0.842,0.5,0.109,0.242,1
3481,38,0,11,0.7,0.612,1.078,0.0,0.702,0.029,0
3482,65,1,7,0.847,0.514,0.692,0.25,-0.012,0.084,1
3483,76,1,8,0.858,0.54,0.794,0.5,0.416,0.095,0
3484,59,0,10,1.029,0.441,0.654,0.0,0.515,0.155,1
3485,82,0,7,0.871,0.592,0.418,0.0,-0.176,0.14,0
3486,81,0,8,0.81,0.567,0.983,0.0,0.462,0.064,0
3487,36,1,10,0.962,0.7,0.842,0.5,0.937,0.208,0
3488,49,0,4,1.028,0.607,0.534,0.0,0.093,0.192,0
3489,72,1,12,1.072,0.408,0.854,0.0,0.402,0.31,0
3490,79,1,7,1.064,0.552,0.804,0.0,0.561,0.193,0
3491,84,0,7,0.906,0.573,0.917,0.0,0.336,0.22,0
3492,50,0,11,1.026,0.617,0.944,0.0,0.177,0.27,0
3493,69,0,10,0.875,0.535,0.876,1.0,0.243,0.107,0
3494,84,0,8,1.017,0.551,0.494,0.0,0.075,0.244,0
3495,60,0,4,0.75,0.531,0.471,0.0,0.187,-0.257,0
3496,41,0,10,1.006,0.597,0.585,1.0,0.287,0.306,0
3497,67,1,11,0.82,0.434,0.674,0.5,0.396,0.159,0
3498,35,0,12,1.131,0.439,0.902,0.0,0.249,0.182,1
3499,59,1,9,0.805,0.635,1.084,0.0,0.407,0.077,1
3500,58,0,12,0.778,0.51,1.048,0.0,0.646,0.152,1
3501,51,0,3,0.685,0.629,0.659,0.75,0.406,0.05,0
3502,66,0,8,0.955,0.441,0.775,0.0,0.304,0.255,0
3503,81,1,12,0.991,0.566,0.623,0.0,0.225,0.358,0
3504,32,1,8,0.705,0.599,0.637,0.75,-0.186,-0.119,0
3505,61,1,7,0.728,0.526,0.701,1.0,0.082,0.028,1
3506,69,1,11,1.102,0.574,0.705,0.0,0.393,0.524,1
3507,84,0,5,0.811,0.506,0.68,0.25,0.239,0.088,0
3508,45,0,8,0.796,0.472,0.673,0.75,0.242,0.098,0
3509,57,1,10,0.762,0.524,0.78,0.75,0.076,-0.151,1
3510,80,1,12,0.941,0.474,0.781,0.0,0.395,0.096,0
3511,41,1,6,0.7,0.492,0.477,1.0,-0.217,0.073,0
3512,36,0,5,0.899,0.611,0.504,0.0,0.045,0.005,0
3513,53,0,9,1.028,0.516,1.027,1.0,0.657,0.317,0
3514,54,1,7,0.7,0.546,0.752,0.25,-0.057,-0.01,0
3515,63,0,11,0.897,0.492,0.694,0.75,0.268,0.192,0
3516,37,1,8,1.137,0.598,0.556,0.0,0.15,0.477,0
3517,30,0,6,1.015,0.572,0.53,0.5,0.073,0.057,0
3518,84,1,11,1.089,0.552,1.033,0.5,0.546,0.388,0
3519,84,1,4,0.861,0.633,0.167,0.0,-0.015,0.098,0
3520,82,0,6,0.861,0.586,0.636,0.5,0.495,0.087,0
3521,73,0,3,0.704,0.508,0.335,0.0,0.217,0.018,0
3522,39,0,10,0.808,0.503,0.703,0.25,0.37,-0.069,0
3523,42,0,9,0.933,0.551,0.76,0.75,0.06,0.447,0
3524,37,1,6,0.79,0.651,0.7,0.0,0.358,0.1,0
3525,30,0,10,0.797,0.434,0.923,0.25,0.511,-0.116,0
3526,52,1,6,1.033,0.625,0.7,0.5,0.424,0.463,0
3527,46,1,9,0.722,0.513,0.698,1.0,0.343,-0.166,0
3528,72,0,10,0.784,0.464,0.775,1.0,0.442,-0.129,1
3529,76,0,6,0.998,0.609,0.564,0.5,-0.137,0.45,0
3530,40,1,3,0.832,0.605,0.538,0.0,0.226,0.047,0
3531,57,1,11,0.805,0.492,0.639,0.25,0.053,0.076,0
3532,62,0,5,0.571,0.513,0.776,0.0,0.361,-0.101,0
3533,46,0,8,0.855,0.634,0.825,0.0,0.292,0.195,1
3534,32,1,5,0.689,0.5,0.702,0.25,0.286,-0.028,0
3535,63,1,3,0.754,0.634,0.406,0.0,-0.161,0.05,0
3536,80,0,9,0.983,0.559,0.831,0.0,0.131,0.31,1
3537,46,0,9,0.713,0.642,0.842,0.0,0.371,-0.172,0
3538,58,1,7,0.927,0.804,0.798,0.25,0.481,0.252,0
3539,36,1,6,0.954,0.59,0.952,0.25,0.391,0.131,0
3540,41,0,5,0.651,0.617,0.421,0.0,0.059,-0.261,0
3541,55,0,11,1.027,0.539,1.086,0.25,0.667,0.216,1
3542,33,1,3,0.743,0.559,0.602,0.0,0.104,0.056,0
3543,35,1,6,0.917,0.478,0.747,0.25,0.09,0.214,0
3544,31,1,4,0.556,0.577,0.681,0.0,-0.14,-0.248,0
3545,59,1,11,0.924,0.514,0.82,0.25,0.249,0.151,0
3546,78,1,8,0.922,0.589,0.794,0.5,0.078,0.091,1
3547,57,1,6,0.882,0.529,0.48,0.0,0.039,0.241,0
3548,78,1,9,0.951,0.476,0.783,0.0,0.366,0.001,1
3549,65,0,8,0.901,0.391,0.738,0.0,0.327,0.305,1
3550,68,0,8,0.81,0.479,0.964,0.25,0.408,0.181,1
3551,37,0,7,0.825,0.467,0.908,0.25,0.715,0.077,0
3552,36,0,3,0.748,0.61,0.634,0.0,0.158,-0.089,0
3553,65,1,11,0.885,0.496,0.964,0.5,0.264,0.194,1
3554,82,0,12,0.904,0.462,0.842,0.0,0.305,0.086,0
3555,70,0,5,0.893,0.581,0.765,0.5,0.172,-0.043,1
3556,39,0,3,0.818,0.703,0.468,0.0,-0.141,-0.007,0
3557,75,0,9,0.891,0.587,0.723,0.0,-0.037,0.026,0
3558,44,0,8,0.86,0.496,0.7,0.5,0.345,0.267,0
3559,62,1,10,1.09,0.576,0.504,0.25,0.072,0.424,0
3560,31,1,4,0.671,0.574,0.87,0.0,0.075,-0.099,0
3561,31,0,6,0.83,0.58,0.648,0.0,0.073,0.148,0
3562,68,0,5,1.039,0.599,0.471,0.75,-0.355,0.457,0
3563,77,1,5,0.99,0.629,0.695,0.0,0.069,0.203,1
3564,75,0,8,0.694,0.637,0.717,0.5,0.302,-0.078,0
3565,73,1,4,0.8,0.523,0.867,0.5,0.272,0.131,0
3566,56,1,6,0.723,0.565,0.802,0.0,0.143,-0.004,0
3567,33,0,7,0.805,0.556,0.68,1.0,-0.026,0.181,0
3568,45,1,11,0.969,0.583,0.754,0.0,0.459,0.312,0
3569,48,1,7,0.981,0.637,0.913,1.0,0.597,0.416,0
3570,75,1,12,0.911,0.448,0.703,0.0,0.051,0.05,0
3571,36,0,8,0.888,0.481,0.89,0.75,0.384,0.205,0
3572,50,0,3,0.922,0.728,0.391,0.25,-0.207,-0.019,0
3573,84,0,8,0.844,0.571,0.759,0.0,0.384,0.305,1
3574,76,1,12,0.897,0.514,0.687,0.0,0.135,0.267,0
3575,55,0,7,0.64,0.402,0.448,0.5,0.277,-0.188,0
3576,74,0,12,0.944,0.448,0.822,0.0,0.246,0.164,0
3577,32,1,9,0.992,0.663,0.705,0.25,0.014,0.33,0
3578,79,1,5,0.959,0.633,0.6,0.0,0.093,0.173,0
3579,57,1,11,0.866,0.552,0.563,0.0,0.004,0.152,0
3580,75,1,9,0.958,0.628,0.666,0.0,0.078,0.134,0
3581,30,1,4,0.771,0.778,0.403,0.75,0.275,-0.143,0
3582,40,0,11,0.973,0.512,0.812,0.0,0.152,0.267,0
3583,45,0,7,1.102,0.622,0.928,0.5,0.272,0.229,0
3584,65,1,4,0.705,0.633,0.291,0.0,-0.172,-0.029,0
3585,46,0,4,0.739,0.612,0.387,0.0,-0.018,0.183,0
3586,59,0,5,0.897,0.593,0.42,0.5,0.272,0.118,0
3587,68,1,12,0.875,0.571,0.837,0.0,0.369,0.225,0
3588,53,1,7,0.898,0.407,0.736,0.0,0.085,0.145,0
3589,41,0,9,0.869,0.655,1.007,0.0,0.748,0.101,0
3590,48,1,11,0.964,0.591,0.987,0.5,0.519,0.303,0
3591,77,1,10,0.892,0.492,0.827,0.5,0.31,0.15,1
3592,77,1,11,0.93,0.512,0.919,0.0,0.292,0.158,0
3593,39,0,5,0.797,0.55,0.472,0.25,0.07,-0.036,0
3594,41,0,12,0.7,0.54,0.818,1.0,0.449,-0.208,0
3595,46,0,8,0.834,0.567,0.532,0.25,0.043,0.28,0
3596,54,1,8,0.942,0.656,0.76,0.0,0.06,0.124,0
3597,33,1,4,0.805,0.397,0.634,0.0,0.243,0.007,0
3598,32,0,9,1.185,0.584,1.084,0.25,0.697,0.447,0
3599,30,1,5,0.942,0.618,0.684,1.0,0.264,0.191,0
3600,66,0,6,0.776,0.617,0.852,0.0,0.248,0.135,0
3601,51,1,7,0.841,0.49,0.8,0.0,0.297,-0.014,0
3602,58,0,3,0.909,0.692,0.425,0.0,-0.028,0.345,0
3603,33,1,4,0.966,0.597,0.822,0.5,0.488,0.035,0
3604,42,0,9,0.87,0.546,0.843,0.25,0.304,0.063,0
3605,61,1,4,0.994,0.555,0.615,0.5,0.451,0.323,0
3606,70,0,6,0.774,0.63,0.546,0.25,0.075,0.056,0
3607,72,1,4,0.539,0.627,0.625,0.0,0.013,-0.335,0
3608,51,0,11,0.732,0.551,1.224,0.0,0.736,0.084,0
3609,49,0,12,1.073,0.53,0.822,0.0,0.122,0.309,1
3610,49,0,9,1.139,0.552,0.881,0.0,0.858,0.419,0
3611,36,0,7,0.716,0.576,1.094,0.5,0.642,0.077,0
3612,65,0,9,1.005,0.686,0.744,0.0,0.356,0.518,0
3613,57,1,4,0.732,0.559,0.991,0.0,0.675,0.026,0
3614,74,0,10,1.065,0.574,1.046,0.75,0.332,0.46,0
3615,78,1,8,1.073,0.722,0.544,0.0,-0.016,0.196,0
3616,41,0,8,0.831,0.673,0.796,0.0,0.438,0.203,1
3617,48,0,3,0.924,0.55,0.434,0.25,-0.023,0.45,0
3618,48,0,7,0.676,0.604,0.578,0.75,0.096,-0.169,0
3619,57,1,4,0.798,0.616,0.422,0.75,-0.052,0.06,0
3620,50,1,5,1.046,0.521,0.623,1.0,0.089,-0.07,0
3621,71,0,6,0.78,0.506,0.771,0.25,0.245,-0.028,1
3622,54,1,12,1.051,0.7,0.683,0.5,0.069,0.386,0
3623,61,1,3,0.93,0.648,0.466,0.0,-0.24,0.353,0
3624,59,0,6,0.867,0.468,0.96,0.5,0.73,0.004,0
3625,69,0,6,0.83,0.665,0.765,0.5,0.096,0.08,0
3626,80,0,6,0.71,0.562,0.735,0.5,0.485,-0.071,0
3627,30,0,9,0.868,0.558,0.8,0.0,0.186,0.288,0
3628,74,0,5,0.92,0.481,0.637,0.0,0.321,0.247,0
3629,77,1,11,0.85,0.555,0.81,0.5,0.006,0.059,1
3630,80,1,7,0.945,0.473,0.49,0.0,0.017,0.18,0
3631,72,1,9,1.046,0.667,0.874,0.0,0.537,0.126,1
3632,50,0,11,0.813,0.656,0.774,0.25,0.061,0.105,0
3633,40,0,4,0.64,0.695,0.426,0.5,0.218,0.008,0
3634,55,0,7,0.908,0.549,0.735,0.0,0.266,0.042,1
3635,63,1,6,0.978,0.624,0.517,0.5,-0.141,0.217,0
3636,50,0,6,0.824,0.592,0.374,0.0,0.039,0.044,0
3637,62,1,4,0.897,0.625,0.467,0.0,-0.139,0.266,0
3638,55,1,11,0.947,0.532,0.621,0.0,0.075,0.267,0
3639,55,1,12,1.13,0.531,1.05,0.0,0.554,0.29,0
3640,59,1,5,0.911,0.724,0.532,0.5,0.162,0.229,0
3641,76,1,4,1.049,0.555,0.959,0.0,0.44,0.334,0
3642,53,1,10,0.981,0.638,0.802,0.0,0.474,0.137,0
3643,63,1,6,0.849,0.599,0.665,0.0,0.21,-0.025,0
3644,55,1,12,1.013,0.445,0.857,0.0,0.7,0.227,0
3645,82,1,9,0.824,0.509,1.063,0.0,0.422,0.025,0
3646,48,0,12,1.066,0.541,0.727,0.0,0.147,0.395,0
3647,49,0,5,0.72,0.554,0.585,0.25,-0.04,0.038,0
3648,74,0,3,0.666,0.613,0.556,0.0,0.25,-0.103,0
3649,35,1,4,0.864,0.632,0.611,0.25,0.075,0.237,0
3650,64,1,7,1.094,0.593,0.639,0.0,-0.179,0.433,0
3651,42,1,5,0.811,0.602,0.688,0.0,0.064,0.065,0
3652,64,0,9,0.913,0.598,0.673,0.0,0.658,0.165,0
3653,33,1,12,0.981,0.405,0.816,1.0,0.313,0.321,0
3654,79,0,3,0.894,0.496,0.32,0.0,-0.15,0.098,0
3655,32,0,9,0.903,0.634,0.939,0.25,0.356,0.05,0
3656,48,1,11,0.973,0.591,0.785,0.5,0.155,0.237,0
3657,71,1,3,0.62,0.584,0.289,0.0,-0.066,-0.072,0
3658,54,1,9,0.996,0.568,0.772,0.75,0.368,0.563,0
3659,58,1,11,0.883,0.549,0.812,0.0,0.203,0.14,1
3660,32,0,11,1.105,0.668,1.035,0.25,0.607,0.277,0
3661,37,0,7,0.843,0.472,0.437,0.0,0.035,-0.097,0
3662,56,0,9,0.9,0.569,0.632,0.0,0.134,0.294,0
3663,53,1,8,0.87,0.512,0.724,0.5,0.262,0.17,0
3664,32,1,6,1.077,0.666,0.716,0.0,0.454,0.303,0
3665,31,1,8,0.947,0.738,0.7,0.0,0.051,0.105,0
3666,45,1,5,0.844,0.504,0.77,0.0,0.289,-0.011,0
3667,66,1,3,0.73,0.666,0.654,0.0,-0.072,-0.085,0
3668,68,0,7,0.733,0.625,1.001,0.0,0.301,-0.004,0
3669,52,0,3,0.888,0.59,0.594,0.25,-0.096,0.181,0
3670,40,0,4,0.726,0.7,0.786,0.25,0.409,0.043,0
3671,81,0,10,0.942,0.495,0.737,0.0,0.339,0.028,0
3672,47,1,11,0.852,0.572,0.414,0.0,-0.206,-0.026,0
3673,60,0,7,1.018,0.575,0.516,0.0,0.136,0.363,0
3674,43,0,8,0.911,0.617,0.737,0.0,0.236,0.171,0
3675,50,0,6,0.726,0.458,0.869,1.0,0.232,-0.077,0
3676,74,1,12,1.061,0.566,0.956,1.0,0.483,0.143,1
3677,74,0,7,0.687,0.557,0.77,0.75,0.226,-0.178,0
3678,64,0,3,0.931,0.76,0.466,0.0,0.375,0.231,0
3679,76,1,3,0.715,0.548,0.657,0.0,0.278,-0.131,0
3680,78,1,7,0.912,0.543,0.759,1.0,0.072,0.178,0
3681,66,0,11,0.836,0.675,0.7,0.25,0.411,0.1,0
3682,66,1,3,0.828,0.441,0.185,0.0,-0.355,-0.062,0
3683,47,0,9,0.654,0.618,0.812,0.0,0.597,0.052,0
3684,48,1,10,0.935,0.531,0.654,0.0,0.324,0.385,0
3685,39,0,7,0.879,0.616,0.861,1.0,0.554,0.133,0
3686,61,0,6,0.886,0.61,0.829,0.25,0.129,0.167,0
3687,71,1,8,0.985,0.68,0.678,1.0,0.332,0.267,0
3688,48,0,8,1.136,0.7,0.647,0.0,0.383,0.566,0
3689,60,0,9,1.063,0.583,1.012,1.0,0.578,0.337,1
3690,79,0,7,1.058,0.635,0.919,0.0,0.605,0.367,0
3691,51,0,10,0.858,0.725,0.524,0.75,-0.102,-0.165,0
3692,34,1,10,0.885,0.52,0.682,0.5,-0.086,0.186,0
3693,68,1,7,0.794,0.66,0.734,0.5,0.434,-0.112,0
3694,71,1,6,0.968,0.562,0.79,0.5,0.594,0.072,0
3695,37,1,12,1.027,0.577,0.876,1.0,0.368,0.237,0
3696,84,0,5,0.842,0.588,0.296,0.0,-0.356,0.151,0
3697,34,0,4,0.704,0.77,0.294,0.25,-0.243,-0.033,0
3698,33,1,11,1.143,0.606,0.881,0.25,0.109,0.042,0
3699,31,1,4,0.922,0.635,0.957,0.75,0.469,0.417,0
3700,70,1,10,0.88,0.542,0.823,0.0,0.56,0.244,0
3701,33,1,12,0.809,0.672,0.542,0.25,0.159,-0.137,0
3702,81,0,12,0.923,0.529,1.159,0.75,0.885,0.023,0
3703,73,0,11,0.859,0.537,0.986,0.0,0.626,0.094,1
3704,79,1,3,0.635,0.572,0.66,0.0,0.124,-0.109,1
3705,31,0,5,0.887,0.437,0.605,0.0,0.461,0.113,0
3706,73,1,3,0.691,0.569,0.663,0.0,0.368,-0.064,0
3707,38,0,7,1.011,0.697,0.729,0.75,0.209,0.325,0
3708,79,1,5,0.821,0.736,0.54,0.0,0.287,0.159,0
3709,59,1,9,0.875,0.726,0.738,0.0,0.496,0.287,1
3710,57,1,12,0.897,0.602,1.004,1.0,0.525,0.078,1
3711,41,1,3,0.99,0.592,0.377,0.0,0.034,-0.088,0
3712,82,0,12,1.102,0.441,0.627,0.25,-0.006,0.444,0
3713,82,0,5,0.858,0.609,0.374,1.0,0.026,0.045,0
3714,71,0,4,0.887,0.578,0.605,0.0,0.101,0.126,0
3715,58,0,4,0.717,0.579,0.731,0.5,0.031,-0.078,0
3716,32,1,11,0.978,0.618,0.712,0.0,-0.195,0.138,0
3717,83,0,6,0.7,0.543,0.7,0.0,0.316,-0.23,0
3718,70,0,10,0.682,0.505,0.918,0.0,0.225,-0.275,0
3719,37,0,8,0.866,0.578,0.7,0.5,0.199,0.046,0
3720,74,1,12,1.099,0.429,0.7,0.25,0.152,0.287,0
3721,55,0,6,0.813,0.619,0.81,0.0,0.649,-0.04,0
3722,81,1,5,0.893,0.516,0.967,0.0,0.453,0.141,0
3723,67,0,9,0.866,0.509,0.78,0.0,0.095,0.184,0
3724,43,1,7,0.751,0.643,0.554,0.0,0.141,0.192,0
3725,64,1,12,0.934,0.449,0.943,0.5,0.694,0.342,1
3726,36,0,5,0.628,0.63,0.92,0.0,0.408,-0.083,0
3727,50,1,6,0.988,0.528,0.928,1.0,0.684,0.328,0
3728,33,0,10,0.992,0.444,1.033,0.25,0.596,0.501,0
3729,52,1,6,0.87,0.574,0.82,0.75,0.28,0.205,1
3730,77,0,7,1.056,0.613,0.664,0.0,0.386,0.291,1
3731,53,1,10,0.96,0.538,0.794,0.0,0.116,0.289,1
3732,39,1,7,0.845,0.642,0.905,0.0,0.502,0.145,0
3733,45,1,9,0.997,0.554,0.753,0.0,0.4,0.102,0
3734,66,1,5,0.7,0.509,0.513,0.0,0.007,0.061,0
3735,54,1,9,0.834,0.594,0.701,0.0,0.462,0.105,0
3736,81,0,11,0.981,0.376,1.239,1.0,1.093,-0.045,0
3737,36,1,9,1.009,0.553,0.923,0.0,0.188,0.294,1
3738,52,0,11,1.05,0.459,1.078,1.0,0.4,0.304,0
3739,69,1,10,1.023,0.7,0.843,0.0,0.294,0.203,0
3740,38,1,6,0.676,0.678,0.309,0.0,-0.357,0.008,0
3741,78,1,9,0.877,0.629,1.146,0.0,0.662,-0.044,0
3742,41,0,7,0.844,0.547,0.673,0.0,0.124,0.063,0
3743,80,1,9,0.946,0.435,0.787,0.25,0.504,0.173,0
3744,42,1,7,0.861,0.633,0.777,0.0,0.202,-0.103,1
3745,45,0,11,1.13,0.649,0.888,0.5,0.491,0.581,0
3746,50,0,4,1.035,0.646,0.583,0.0,0.341,0.515,0
3747,48,1,3,0.662,0.604,0.683,0.0,-0.134,-0.179,1
3748,66,0,9,0.862,0.457,0.782,0.25,0.359,0.253,0
3749,39,0,7,0.945,0.575,0.6,0.0,0.061,0.317,0
3750,78,1,12,1.037,0.459,1.04,0.75,0.83,0.222,1
3751,45,0,8,0.915,0.515,0.715,0.0,0.238,0.088,0
3752,75,1,4,0.801,0.53,0.407,0.5,-0.183,-0.049,0
3753,59,0,11,1.2,0.541,0.618,0.5,0.019,0.811,0
3754,45,1,3,0.627,0.663,0.307,0.25,-0.294,-0.073,0
3755,45,0,9,1.094,0.522,0.628,0.0,0.078,0.45,0
3756,63,0,6,0.811,0.635,0.7,0.0,0.153,0.018,0
3757,55,1,6,0.877,0.499,0.659,0.75,0.584,0.193,1
3758,52,1,6,0.904,0.631,0.605,0.0,0.399,0.074,0
3759,48,0,11,0.778,0.596,0.673,0.0,0.418,-0.022,0
3760,46,0,3,0.631,0.599,0.399,0.0,0.074,-0.115,0
3761,65,0,9,0.916,0.464,0.72,0.0,0.138,0.295,0
3762,45,1,3,0.788,0.691,0.632,0.0,-0.049,0.077,0
3763,73,1,6,0.871,0.526,0.988,0.0,0.506,0.007,0
3764,40,1,7,0.88,0.553,0.439,0.0,0.168,0.196,0
3765,55,0,7,0.804,0.551,0.67,0.0,-0.072,0.014,0
3766,66,1,11,0.644,0.555,0.772,0.75,0.411,0.084,1
3767,72,1,9,0.903,0.503,0.811,0.0,0.273,-0.092,0
3768,41,1,5,0.798,0.553,0.691,0.25,-0.002,-0.116,0
3769,40,1,8,1.004,0.563,0.479,1.0,0.234,0.476,0
3770,65,1,7,1.139,0.58,0.378,0.5,-0.227,0.43,0
3771,53,1,4,0.94,0.483,0.53,0.0,-0.147,0.213,0
3772,61,1,3,0.77,0.461,0.498,0.0,0.165,0.108,0
3773,78,1,8,0.837,0.48,0.961,0.25,0.482,-0.157,0
3774,51,0,3,0.876,0.594,0.452,0.0,0.072,0.034,0
3775,48,1,3,0.783,0.74,0.641,0.75,-0.358,0.096,0
3776,46,0,11,1.065,0.61,0.7,1.0,0.432,0.183,0
3777,79,0,12,0.875,0.368,0.938,1.0,0.456,0.113,1
3778,64,1,10,0.996,0.511,0.937,0.0,0.149,0.387,0
3779,62,0,5,0.74,0.581,0.641,0.5,0.06,0.112,0
3780,65,0,4,0.89,0.478,0.597,0.5,0.266,0.205,0
3781,41,1,3,0.901,0.73,0.784,0.0,0.266,0.201,0
3782,80,0,6,0.907,0.613,0.742,0.0,0.26,0.242,1
3783,69,1,4,0.964,0.572,0.621,0.0,-0.029,0.36,0
3784,78,0,12,0.978,0.508,0.69,0.25,0.165,0.184,1
3785,44,0,4,0.648,0.625,0.352,0.0,-0.105,0.003,0
3786,64,0,6,1.01,0.538,0.539,0.25,-0.043,0.395,0
3787,53,0,3,0.938,0.554,0.657,0.0,0.443,0.221,0
3788,35,0,8,0.896,0.497,0.901,0.5,0.201,-0.007,0
3789,54,1,7,0.829,0.693,0.94,0.5,0.472,0.139,1
3790,43,0,9,0.854,0.702,0.701,0.5,0.451,0.154,0
3791,50,1,9,0.836,0.691,0.473,0.0,-0.116,-0.289,0
3792,62,0,5,0.831,0.529,0.661,0.0,0.411,0.154,0
3793,44,1,4,0.955,0.608,0.758,0.0,0.655,0.192,0
3794,59,0,4,0.898,0.561,0.625,0.25,-0.162,0.145,0
3795,39,0,11,0.917,0.574,0.779,0.0,0.348,0.118,0
3796,65,0,8,0.821,0.7,0.778,0.0,0.361,0.107,1
3797,45,1,6,0.975,0.598,0.661,0.0,-0.058,0.34,0
3798,39,1,8,1.089,0.668,0.912,0.0,0.477,0.425,0
3799,42,0,9,0.7,0.566,0.761,0.25,0.461,0.025,0
3800,78,0,7,1.009,0.488,0.692,0.0,0.155,0.139,1
3801,77,0,7,0.879,0.57,0.794,0.0,0.412,0.17,0
3802,67,1,12,0.908,0.585,0.74,1.0,0.107,0.223,0
3803,40,0,4,0.776,0.7,0.635,0.25,-0.068,0.076,0
3804,40,1,6,0.954,0.535,0.514,0.0,0.065,0.217,0
3805,31,1,10,1.15,0.54,0.806,0.25,0.329,0.455,0
3806,65,0,4,0.799,0.678,0.753,1.0,0.336,0.206,1
3807,30,0,6,0.866,0.555,0.631,0.75,0.231,-0.099,0
3808,76,0,12,0.927,0.493,0.913,0.75,0.459,-0.011,0
3809,77,1,11,0.945,0.462,0.947,0.0,0.703,0.125,1
3810,32,0,10,0.653,0.458,0.646,0.0,0.278,-0.216,0
3811,49,1,5,0.924,0.656,0.561,0.0,-0.015,0.264,0
3812,54,1,10,0.931,0.509,0.972,0.25,0.83,0.231,0
3813,43,0,10,1.205,0.546,1.236,0.0,0.219,0.433,0
3814,49,0,10,0.785,0.7,0.899,0.0,0.482,0.086,1
3815,42,0,5,1.102,0.664,0.793,1.0,0.278,0.626,0
3816,61,0,4,0.728,0.702,0.533,0.25,0.117,-0.051,0
3817,65,0,7,0.962,0.726,0.975,0.0,0.692,0.339,1
3818,52,0,6,0.952,0.717,0.449,0.0,-0.068,0.252,0
3819,67,0,9,0.887,0.509,1.064,0.5,0.68,0.056,0
3820,64,1,3,0.725,0.7,0.466,0.0,-0.01,0.105,0
3821,39,0,11,0.76,0.54,0.957,0.0,0.429,0.06,0
3822,51,0,5,1.042,0.473,0.402,0.0,-0.014,0.347,0
3823,61,0,5,0.947,0.557,0.563,1.0,0.38,0.338,0
3824,32,0,12,1.133,0.505,0.625,0.75,0.333,0.246,0
3825,79,1,11,0.959,0.4,0.935,0.5,0.568,0.205,0
3826,64,0,4,0.908,0.493,0.447,0.75,0.068,0.267,0
3827,47,1,10,0.7,0.522,0.924,0.25,0.358,0.029,0
3828,34,0,3,0.607,0.613,0.423,0.0,-0.149,-0.015,0
3829,64,1,7,1.039,0.587,0.96,1.0,0.702,0.402,1
3830,71,0,12,0.915,0.477,0.753,0.0,0.167,0.021,0
3831,32,0,4,0.895,0.478,0.161,0.0,-0.539,0.066,0
3832,37,1,6,0.859,0.551,0.842,0.75,0.137,0.191,0
3833,40,0,11,1.019,0.514,0.624,0.0,0.056,0.339,0
3834,41,0,7,0.699,0.48,0.599,0.0,0.151,-0.237,0
3835,56,1,11,1.058,0.607,0.743,0.0,0.434,0.254,0
3836,74,0,8,0.817,0.507,0.533,0.0,-0.216,-0.155,0
3837,66,0,11,0.927,0.561,1.015,0.5,0.765,0.422,0
3838,66,0,7,0.932,0.571,0.823,1.0,0.454,0.423,0
3839,55,0,12,1.224,0.439,0.521,0.0,-0.06,0.679,0
3840,53,1,4,0.714,0.7,0.568,1.0,0.162,0.045,0
3841,64,0,12,1.054,0.478,0.893,0.0,0.69,0.398,0
3842,71,0,7,0.77,0.652,0.768,0.0,0.346,0.164,0
3843,67,0,6,0.61,0.603,0.476,0.0,0.026,-0.278,0
3844,66,1,10,0.956,0.581,0.617,0.0,0.191,0.146,0
3845,49,0,3,0.655,0.599,0.461,0.5,0.137,-0.105,0
3846,37,1,3,0.616,0.675,0.487,0.25,0.1,-0.042,0
3847,46,1,4,0.94,0.7,0.606,0.0,0.075,0.313,0
3848,77,1,5,0.849,0.597,0.49,1.0,0.086,0.034,0
3849,45,1,6,0.689,0.465,0.669,0.0,0.456,-0.234,0
3850,54,0,8,0.926,0.514,0.744,0.75,-0.069,0.203,0
3851,52,1,4,0.7,0.666,0.66,0.0,0.08,-0.067,1
3852,50,1,8,0.735,0.66,0.385,0.0,-0.098,-0.117,0
3853,43,1,5,0.937,0.609,0.453,0.0,-0.208,0.223,0
3854,32,1,11,0.815,0.54,0.952,0.5,0.424,-0.133,0
3855,44,1,10,1.082,0.554,0.889,0.75,0.144,0.369,0
3856,67,0,4,0.73,0.564,0.505,0.0,-0.075,-0.055,0
3857,50,1,7,0.772,0.401,0.578,1.0,-0.21,-0.053,0
3858,66,0,5,1.038,0.581,0.702,0.0,0.022,0.426,0
3859,62,1,10,0.943,0.623,0.914,0.25,0.742,0.005,0
3860,81,1,3,0.932,0.631,0.516,0.0,0.049,0.045,0
3861,72,1,5,0.726,0.598,0.612,0.0,0.06,0.048,0
3862,43,0,5,0.708,0.611,0.769,0.0,0.266,-0.119,0
3863,71,0,8,0.686,0.544,0.657,0.0,-0.043,0.14,1
3864,44,1,4,0.7,0.601,0.442,0.5,0.112,0.233,0
3865,44,1,8,0.967,0.609,0.7,0.25,-0.19,0.114,0
3866,58,0,5,0.897,0.525,0.55,1.0,0.196,0.289,0
3867,69,0,12,0.996,0.555,0.7,0.25,0.126,0.333,0
3868,50,0,3,0.832,0.573,0.492,1.0,-0.016,0.196,0
3869,43,0,4,0.95,0.692,0.575,0.5,0.316,0.185,0
3870,35,1,3,0.644,0.51,0.695,0.5,0.242,-0.315,0
3871,50,1,11,0.7,0.594,0.867,0.0,0.449,-0.053,0
3872,51,0,6,0.87,0.7,0.623,0.25,0.086,0.23,0
3873,64,0,12,0.816,0.649,0.846,0.0,0.422,0.087,0
3874,51,0,12,1.009,0.7,0.724,0.0,0.172,0.205,0
3875,65,0,12,1.053,0.623,0.996,0.0,0.217,0.464,0
3876,79,1,7,0.872,0.694,0.349,0.0,0.008,0.032,0
3877,62,1,11,0.671,0.493,0.735,0.0,0.198,-0.094,1
3878,45,0,8,0.931,0.606,0.589,0.75,0.211,0.227,0
3879,67,0,9,0.97,0.552,0.707,0.0,-0.018,0.337,0
3880,77,0,9,0.979,0.536,1.129,0.0,0.423,0.339,0
3881,35,1,4,0.864,0.583,0.372,0.0,0.055,0.237,0
3882,40,1,10,0.973,0.526,1.003,0.75,0.474,0.217,1
3883,51,1,12,0.912,0.494,0.831,0.0,0.413,0.313,1
3884,30,1,11,0.945,0.611,0.956,0.0,0.338,0.256,1
3885,69,0,8,0.821,0.52,0.623,0.5,0.062,0.038,0
3886,43,0,9,1.044,0.612,0.474,0.0,0.115,0.318,0
3887,38,0,6,0.925,0.61,0.448,0.25,-0.041,0.167,0
3888,82,1,7,0.801,0.514,0.799,0.0,0.584,0.248,1
3889,44,1,6,0.702,0.676,0.588,0.0,0.008,-0.007,0
3890,36,0,11,1.123,0.534,0.908,0.25,0.284,0.289,0
3891,58,1,12,0.911,0.535,1.259,0.25,0.892,0.175,0
3892,47,0,6,0.919,0.631,0.55,0.0,0.218,0.28,0
3893,75,1,3,0.815,0.627,0.417,0.5,-0.066,0.008,1
3894,54,1,4,0.732,0.482,0.7,0.5,0.26,0.175,0
3895,70,0,11,0.958,0.666,0.713,0.0,0.693,0.296,0
3896,70,0,3,0.769,0.533,0.452,0.5,0.017,-0.023,0
3897,59,1,9,1.061,0.525,1.285,0.0,0.893,0.313,1
3898,30,1,5,1.127,0.626,0.722,1.0,0.196,0.434,0
3899,34,1,6,0.813,0.554,0.7,0.75,0.573,0.323,0
3900,56,1,12,0.855,0.466,1.235,0.25,0.814,-0.007,1
3901,39,0,6,0.884,0.571,0.755,0.0,0.477,0.175,0
3902,46,1,9,0.732,0.607,0.803,0.5,0.608,0.258,0
3903,74,1,7,0.76,0.435,0.75,0.25,0.283,-0.081,0
3904,83,1,3,0.831,0.587,0.483,0.0,-0.153,0.232,0
3905,47,1,3,0.483,0.598,0.537,0.75,0.131,-0.213,0
3906,32,0,4,0.778,0.624,0.891,0.5,0.43,-0.132,0
3907,72,0,5,0.828,0.686,0.828,0.0,0.276,0.034,0
3908,77,0,5,0.766,0.558,0.591,0.75,0.077,-0.018,0
3909,75,1,12,0.9,0.392,0.879,0.0,0.043,-0.0,0
3910,69,1,6,0.715,0.581,0.595,0.0,0.142,-0.188,0
3911,78,0,8,0.932,0.729,0.528,1.0,0.011,0.254,0
3912,47,1,12,0.841,0.574,0.856,0.5,0.345,-0.118,0
3913,65,1,6,0.831,0.729,0.625,1.0,-0.038,0.164,0
3914,31,1,5,0.673,0.607,1.034,0.5,0.571,0.002,1
3915,39,0,4,0.749,0.583,0.702,0.5,0.372,0.25,0
3916,78,1,12,0.701,0.568,0.807,0.75,0.498,-0.134,0
3917,43,0,11,0.974,0.647,0.884,0.5,0.121,0.196,0
3918,79,0,6,0.67,0.577,0.598,0.75,-0.277,-0.181,0
3919,66,0,4,0.573,0.576,0.844,0.75,0.284,-0.056,0
3920,78,0,5,0.843,0.639,0.331,0.75,-0.069,-0.007,0
3921,81,0,12,0.939,0.478,0.882,0.25,0.665,0.119,1
3922,65,0,11,0.934,0.608,1.023,0.0,0.768,0.306,0
3923,62,1,3,0.937,0.676,0.535,1.0,0.123,0.317,0
3924,37,1,5,0.82,0.651,0.51,1.0,0.261,0.114,0
3925,42,1,6,0.999,0.627,0.755,0.0,0.175,0.195,0
3926,57,1,5,0.961,0.586,0.544,1.0,-0.004,0.157,0
3927,79,0,11,0.927,0.519,1.025,0.0,0.292,0.11,1
3928,34,0,9,1.042,0.5,0.894,0.0,0.356,0.313,0
3929,58,1,8,0.656,0.484,0.749,0.0,0.357,0.079,0
3930,44,0,4,0.804,0.775,0.375,0.75,-0.203,0.224,0
3931,69,0,10,0.921,0.546,0.723,0.25,-0.119,0.343,0
3932,30,1,11,0.892,0.493,0.992,0.25,0.229,0.061,0
3933,49,1,4,0.66,0.615,0.903,0.0,0.417,-0.081,0
3934,55,0,10,0.992,0.5,0.934,0.5,0.541,0.15,0
3935,38,0,7,0.672,0.475,0.86,0.0,0.36,-0.264,0
3936,50,1,12,0.7,0.617,0.916,0.0,0.308,-0.122,0
3937,34,1,7,0.7,0.624,0.694,0.5,0.454,-0.148,0
3938,50,0,7,0.765,0.625,0.729,1.0,0.202,-0.079,0
3939,37,1,6,0.747,0.67,0.442,0.25,0.036,0.053,0
3940,36,1,8,0.867,0.607,0.954,1.0,0.566,0.109,0
3941,62,1,12,0.884,0.463,0.669,0.25,0.198,-0.01,0
3942,45,1,4,0.733,0.656,0.467,0.25,0.028,0.036,0
3943,44,1,9,0.739,0.52,1.012,0.5,0.59,0.166,0
3944,78,1,12,1.02,0.42,0.984,0.5,0.263,0.413,0
3945,65,0,11,0.975,0.639,1.045,1.0,0.78,0.303,0
3946,83,0,12,0.867,0.448,0.857,0.0,0.313,0.002,0
3947,64,0,7,0.722,0.596,0.718,0.75,0.264,0.061,0
3948,32,1,7,0.91,0.548,0.401,0.0,-0.088,0.231,0
3949,67,1,9,1.067,0.542,0.712,0.25,0.028,0.323,1
3950,48,0,3,0.568,0.41,0.552,0.75,-0.125,-0.191,0
3951,46,0,5,0.989,0.524,0.488,0.0,-0.021,0.135,0
3952,74,1,5,0.924,0.594,0.604,0.0,0.217,0.214,0
3953,38,0,12,0.967,0.651,0.701,0.0,0.144,0.201,0
3954,72,0,8,1.086,0.621,0.861,0.0,0.061,0.285,0
3955,43,1,6,0.709,0.512,0.607,0.5,0.018,0.029,0
3956,68,1,3,0.711,0.571,0.771,0.0,0.042,0.211,0
3957,82,0,3,0.841,0.586,0.543,0.5,0.091,0.141,0
3958,76,1,5,0.752,0.554,0.659,0.25,0.411,-0.021,1
3959,81,0,7,0.93,0.597,0.398,0.5,-0.065,0.241,0
3960,34,0,3,0.714,0.604,0.422,0.0,-0.11,-0.14,0
3961,81,0,6,0.822,0.572,0.608,0.0,0.143,0.095,0
3962,63,1,3,0.898,0.638,0.459,0.0,-0.193,0.034,0
3963,76,1,8,1.112,0.627,0.683,1.0,-0.264,0.31,1
3964,77,0,6,0.904,0.554,0.687,0.0,0.371,-0.006,0
3965,62,0,7,0.992,0.527,0.469,1.0,-0.052,0.314,0
3966,34,1,9,0.836,0.518,0.796,0.0,0.532,0.283,0
3967,76,0,7,0.94,0.565,0.589,0.25,0.336,0.171,0
3968,71,1,11,0.815,0.576,1.113,0.0,0.586,-0.022,0
3969,58,1,9,1.034,0.604,0.916,0.0,0.549,0.328,0
3970,35,0,7,0.965,0.538,0.623,0.0,-0.139,0.008,0
3971,79,1,6,0.9,0.675,0.528,0.0,0.198,0.029,0
3972,59,0,11,0.991,0.483,0.735,0.0,0.373,0.143,0
3973,48,0,12,1.198,0.593,0.931,0.75,0.593,0.563,1
3974,81,0,11,1.037,0.634,0.912,0.0,0.422,0.172,0
3975,49,1,3,0.796,0.505,0.444,0.5,0.02,0.192,0
3976,60,0,6,0.837,0.739,0.746,0.5,0.476,0.233,0
3977,49,0,5,0.724,0.704,0.613,0.0,0.22,0.076,0
3978,84,1,7,0.906,0.56,0.818,0.0,0.272,0.16,0
3979,63,1,4,0.702,0.489,0.596,1.0,0.238,0.016,0
3980,30,0,9,1.118,0.646,0.699,0.0,0.157,0.397,0
3981,46,1,3,0.526,0.65,0.281,0.0,-0.288,-0.162,0
3982,73,1,3,0.505,0.628,0.487,0.0,-0.134,-0.237,0
3983,71,0,4,0.862,0.636,0.25,0.75,0.117,0.2,0
3984,64,0,12,0.991,0.608,0.948,0.0,0.612,0.224,0
3985,53,1,11,1.029,0.559,0.737,0.0,0.342,0.26,0
3986,51,0,6,0.969,0.567,0.589,0.0,0.342,-0.118,0
3987,61,0,6,0.763,0.633,0.488,0.25,-0.272,0.063,0
3988,53,1,7,0.808,0.611,0.995,0.75,0.544,0.208,0
3989,36,1,11,1.013,0.533,0.792,0.5,0.788,0.32,0
3990,45,1,4,0.832,0.7,0.296,0.75,-0.469,0.233,0
3991,61,0,3,0.948,0.53,0.431,0.0,-0.154,0.303,0
3992,30,0,10,1.005,0.638,0.878,0.0,0.381,0.398,0
3993,83,1,10,1.175,0.615,0.864,0.5,0.418,0.635,1
3994,66,1,8,0.861,0.542,0.821,0.5,0.371,0.161,0
3995,39,1,10,0.917,0.589,0.883,0.75,0.268,0.2,0
3996,69,1,3,0.761,0.483,0.426,1.0,-0.163,0.065,0
3997,62,1,12,1.029,0.627,0.95,1.0,0.283,0.393,0
3998,52,0,6,0.911,0.658,0.634,0.0,0.182,0.122,0
3999,73,0,9,0.809,0.666,0.772,0.75,0.33,-0.108,0
4000,33,1,4,0.644,0.61,0.789,0.5,0.239,-0.089,0
4001,44,1,8,0.97,0.686,0.762,0.0,0.147,0.168,1
4002,71,1,11,1.26,0.564,0.857,0.75,0.445,0.549,1
4003,33,0,11,0.775,0.7,0.878,0.0,0.431,-0.282,0
4004,81,0,7,1.218,0.633,0.654,0.0,-0.062,0.555,0
4005,30,1,10,0.7,0.63,0.986,0.75,0.396,0.044,0
4006,40,0,5,1.111,0.629,0.694,0.0,0.516,0.235,1
4007,50,0,5,0.717,0.689,0.603,0.0,0.029,-0.048,0
4008,49,1,9,0.859,0.584,0.894,0.75,0.62,0.14,1
4009,66,0,6,0.901,0.573,0.688,0.0,0.442,0.215,0
4010,49,1,8,0.871,0.414,0.883,0.0,0.463,0.001,1
4011,35,1,11,1.019,0.689,0.779,0.0,0.363,0.322,0
4012,51,0,7,0.741,0.571,0.672,1.0,-0.016,0.067,0
4013,61,0,11,0.96,0.447,0.69,0.75,0.058,0.244,0
4014,68,1,6,0.937,0.456,0.834,0.5,0.537,0.14,0
4015,45,1,9,0.688,0.535,0.964,0.75,0.617,0.049,0
4016,83,0,10,1.041,0.553,1.097,0.25,0.52,0.073,0
4017,50,0,7,0.913,0.7,0.56,0.0,0.211,0.24,0
4018,44,0,3,0.863,0.657,0.497,0.0,0.092,0.061,0
4019,30,1,6,0.696,0.673,0.593,0.75,0.109,-0.172,0
4020,75,0,3,0.864,0.519,0.63,0.0,0.152,0.14,0
4021,79,0,5,0.779,0.623,0.712,0.0,0.17,-0.026,0
4022,78,0,12,1.106,0.513,1.072,0.0,0.565,0.403,1
4023,48,0,7,0.887,0.651,0.689,0.0,0.227,0.14,0
4024,30,0,10,0.888,0.57,0.861,0.0,0.247,0.251,0
4025,49,1,6,0.743,0.491,0.861,0.25,0.449,0.098,1
4026,76,0,8,0.933,0.527,0.594,0.0,0.101,0.424,0
4027,34,0,8,0.7,0.667,0.604,0.5,0.023,0.057,0
4028,36,0,3,0.652,0.775,0.685,0.5,-0.022,0.117,0
4029,84,0,10,0.789,0.619,0.961,0.0,0.502,-0.054,0
4030,65,1,12,1.197,0.506,0.754,0.5,0.373,0.627,0
4031,31,1,8,1.034,0.505,0.862,0.25,0.454,0.152,1
4032,41,0,9,0.794,0.559,0.685,0.5,0.406,-0.062,0
4033,63,0,11,0.94,0.659,0.451,0.0,-0.294,0.236,0
4034,80,0,4,0.726,0.599,0.677,0.0,0.364,-0.025,0
4035,46,1,3,0.901,0.453,0.536,0.5,-0.114,0.127,0
4036,57,1,10,0.862,0.551,0.572,0.25,0.033,0.026,0
4037,76,1,10,1.022,0.64,0.733,0.0,0.367,0.211,1
4038,56,1,4,0.685,0.56,0.584,0.0,0.115,-0.175,0
4039,56,0,3,0.8,0.594,0.563,0.5,-0.014,-0.135,0
4040,46,0,7,0.929,0.7,0.526,0.0,0.413,0.261,0
4041,65,0,5,0.722,0.515,0.655,0.0,0.147,-0.07,0
4042,66,0,8,0.744,0.534,0.758,0.5,0.5,-0.046,1
4043,79,1,7,0.844,0.62,0.858,1.0,0.373,0.107,0
4044,53,1,12,0.936,0.554,0.555,0.0,0.153,0.365,0
4045,56,1,9,0.997,0.555,0.728,0.0,0.029,0.308,1
4046,48,0,4,0.803,0.716,0.486,0.0,-0.025,0.002,0
4047,79,1,3,1.022,0.762,0.508,0.75,0.214,0.513,1
4048,82,0,9,0.795,0.447,0.626,0.25,0.221,-0.018,0
4049,51,1,12,0.7,0.58,0.873,0.25,0.369,-0.093,0
4050,75,0,5,0.821,0.518,0.44,0.75,-0.145,-0.045,0
4051,73,0,4,0.909,0.461,0.658,0.5,0.114,0.174,1
4052,78,0,5,0.717,0.725,0.526,0.0,-0.045,-0.044,0
4053,64,1,9,0.904,0.389,0.973,0.0,0.459,-0.063,0
4054,64,0,4,0.815,0.544,0.7,1.0,0.101,-0.003,0
4055,35,0,11,0.975,0.539,0.633,1.0,0.526,0.289,0
4056,64,0,4,0.909,0.495,0.478,0.5,-0.213,0.331,0
4057,56,0,12,1.054,0.519,0.863,0.25,0.434,0.348,1
4058,61,1,6,0.829,0.63,0.781,1.0,0.158,0.039,0
4059,51,1,6,1.07,0.542,0.804,0.25,0.33,0.334,0
4060,76,1,7,0.901,0.61,0.465,0.0,-0.137,0.201,0
4061,36,1,7,0.975,0.564,0.856,0.75,0.405,0.331,0
4062,72,0,4,0.659,0.647,0.742,0.25,0.217,-0.062,0
4063,74,1,3,0.808,0.752,0.296,0.75,-0.273,0.153,0
4064,38,1,11,0.864,0.625,0.752,0.0,0.372,0.21,0
4065,34,1,3,0.585,0.556,0.453,0.0,-0.211,-0.21,0
4066,30,0,12,0.7,0.426,0.84,0.0,0.191,0.119,0
4067,32,1,8,1.045,0.495,0.7,0.5,0.459,0.457,0
4068,75,1,3,0.624,0.529,0.625,0.0,0.309,-0.076,0
4069,53,0,11,0.976,0.431,0.947,0.75,0.647,0.172,0
4070,32,0,4,0.962,0.591,0.417,0.5,0.051,0.262,0
4071,37,1,11,0.958,0.48,0.813,0.0,0.345,0.207,0
4072,74,0,12,0.655,0.641,1.301,0.0,1.059,-0.144,1
4073,35,0,8,0.636,0.606,0.499,0.5,0.224,0.187,0
4074,77,0,11,1.002,0.496,0.779,0.0,0.094,0.119,0
4075,61,1,5,0.704,0.544,0.741,0.0,0.39,0.108,0
4076,58,1,3,0.766,0.762,0.585,0.25,-0.157,-0.1,0
4077,53,0,4,0.717,0.638,0.737,0.25,0.255,-0.163,0
4078,44,0,8,0.703,0.637,0.779,0.0,0.252,-0.072,1
4079,44,0,5,0.797,0.742,0.726,0.0,0.223,0.034,1
4080,44,1,7,0.907,0.798,0.902,0.0,0.446,0.18,0
4081,35,0,4,0.699,0.652,0.584,0.0,-0.06,-0.129,0
4082,54,0,4,0.826,0.548,0.521,1.0,0.07,0.161,0
4083,34,0,11,0.977,0.579,0.976,0.0,0.512,0.334,0
4084,71,0,4,0.964,0.522,0.371,0.0,-0.202,0.264,0
4085,36,1,6,0.802,0.719,0.7,1.0,0.189,0.089,0
4086,63,1,8,0.999,0.537,0.898,0.0,0.265,0.207,0
4087,43,0,11,0.855,0.467,0.736,0.5,0.245,0.155,0
4088,70,1,9,0.859,0.566,0.945,0.25,0.699,0.166,0
4089,76,1,3,0.687,0.597,0.673,1.0,0.267,0.041,0
4090,75,0,5,0.972,0.435,0.597,1.0,0.094,0.324,0
4091,51,0,4,0.807,0.504,0.657,0.0,0.242,0.104,0
4092,63,0,6,0.795,0.492,0.812,0.5,0.327,-0.006,0
4093,77,0,5,1.044,0.387,0.759,0.75,0.524,0.486,0
4094,68,1,11,0.82,0.548,0.602,0.75,0.198,0.03,0
4095,51,0,5,0.757,0.436,0.574,0.5,-0.017,0.154,0
4096,73,0,9,0.85,0.637,0.99,0.0,0.719,0.087,0
4097,81,1,12,1.084,0.585,0.785,0.0,0.368,0.308,0
4098,60,1,6,0.677,0.623,0.704,0.25,0.181,-0.177,0
4099,80,0,12,1.002,0.467,0.7,0.0,0.245,0.165,1
4100,71,1,6,0.773,0.651,0.507,0.25,-0.085,0.067,0
4101,50,1,10,0.899,0.619,0.731,0.0,0.313,0.17,0
4102,56,0,3,0.779,0.754,0.368,0.0,0.157,-0.141,0
4103,76,1,8,0.862,0.406,0.799,0.0,0.645,-0.03,0
4104,42,1,6,1.013,0.654,0.663,0.0,0.146,0.2,1
4105,74,0,5,0.804,0.619,0.455,0.0,0.336,-0.132,0
4106,82,0,9,1.115,0.647,0.553,0.0,0.272,0.221,1
4107,60,0,12,0.776,0.552,1.018,0.25,0.715,0.193,0
4108,71,1,6,0.777,0.53,0.83,0.0,0.25,-0.193,0
4109,48,1,11,0.904,0.485,0.816,0.25,0.558,0.204,0
4110,80,1,11,0.877,0.524,1.09,1.0,0.709,0.285,0
4111,77,0,7,0.753,0.506,0.41,0.5,-0.049,0.22,0
4112,77,1,3,1.14,0.537,0.396,0.0,-0.108,0.455,0
4113,32,0,7,0.798,0.541,0.661,0.5,0.415,0.201,0
4114,80,0,10,0.816,0.564,0.573,0.25,0.071,0.107,0
4115,49,1,12,0.823,0.433,0.695,0.5,-0.005,-0.106,0
4116,64,0,4,0.782,0.527,0.625,0.0,0.306,0.045,0
4117,84,1,10,0.6,0.495,0.853,0.5,0.217,-0.235,0
4118,49,0,8,0.888,0.507,0.822,0.0,0.718,0.097,0
4119,42,1,8,1.065,0.654,0.93,0.25,0.36,0.402,0
4120,84,1,4,0.719,0.572,0.526,0.0,-0.144,-0.238,0
4121,78,0,9,0.845,0.497,0.827,0.25,0.173,-0.011,0
4122,84,1,8,0.737,0.385,0.926,0.5,0.449,-0.264,0
4123,80,0,11,1.141,0.617,0.781,0.0,0.432,0.466,0
4124,74,1,11,1.108,0.577,0.775,0.0,0.16,0.386,0
4125,43,0,10,0.878,0.508,0.624,0.0,0.075,0.23,0
4126,67,1,8,0.829,0.542,0.923,0.5,0.501,-0.015,0
4127,44,0,7,0.7,0.47,0.701,0.5,0.001,0.129,0
4128,46,1,12,0.993,0.545,0.74,0.25,0.196,0.243,0
4129,41,0,9,0.892,0.604,0.7,0.5,0.364,-0.076,0
4130,52,0,11,0.916,0.761,0.939,0.0,0.783,0.118,0
4131,46,1,10,1.112,0.514,0.736,0.25,0.248,0.264,0
4132,41,0,4,0.785,0.662,0.648,0.5,0.682,-0.016,0
4133,36,1,9,0.99,0.547,0.847,1.0,0.509,-0.003,0
4134,34,0,3,0.735,0.64,0.738,0.0,-0.014,0.186,0
4135,33,1,3,0.671,0.721,0.549,0.25,0.254,0.049,0
4136,32,1,8,0.963,0.628,0.788,0.25,0.506,0.267,0
4137,47,0,10,0.888,0.55,0.829,0.0,0.568,-0.025,0
4138,47,1,12,0.942,0.634,1.099,0.5,0.712,0.242,0
4139,66,1,9,1.004,0.595,0.882,0.0,0.644,0.204,1
4140,77,1,12,0.907,0.694,0.877,0.0,0.356,0.098,1
4141,59,1,3,0.864,0.709,0.73,0.0,0.18,0.046,1
4142,50,0,11,0.888,0.617,0.785,0.75,0.554,0.139,0
4143,73,1,7,0.998,0.62,0.727,0.5,0.176,0.261,1
4144,82,0,8,0.946,0.635,1.069,0.5,0.743,0.325,1
4145,44,1,3,0.938,0.498,0.577,0.0,0.233,0.068,0
4146,49,0,4,0.885,0.661,0.7,0.0,0.367,0.268,0
4147,32,0,11,1.0,0.57,0.975,1.0,0.557,0.254,0
4148,36,0,8,1.036,0.763,0.777,0.0,0.542,0.027,0
4149,83,0,8,0.781,0.543,0.597,0.0,0.383,0.117,0
4150,57,0,9,0.62,0.427,0.675,0.25,0.186,-0.19,1
4151,30,1,6,0.868,0.52,0.853,0.25,0.298,0.057,0
4152,40,0,9,0.966,0.613,0.876,0.5,0.582,0.394,0
4153,49,0,7,0.874,0.7,0.775,0.5,0.588,0.03,0
4154,36,0,4,0.681,0.578,0.6,0.0,0.058,-0.019,0
4155,72,0,8,0.723,0.63,0.798,0.5,0.463,-0.162,1
4156,51,0,7,0.757,0.337,0.664,0.5,0.303,-0.044,0
4157,56,1,9,0.918,0.7,0.54,0.5,0.393,0.27,0
4158,73,1,8,0.824,0.634,0.743,0.0,0.309,-0.118,0
4159,62,1,6,0.645,0.548,0.668,0.0,0.218,-0.063,0
4160,67,1,11,1.054,0.358,0.849,1.0,0.267,0.551,1
4161,34,1,3,0.533,0.635,0.514,0.5,0.215,-0.246,0
4162,32,1,5,0.894,0.6,0.603,0.25,-0.059,0.04,0
4163,38,1,11,0.802,0.589,0.913,0.0,0.344,0.101,0
4164,37,1,6,0.838,0.563,0.557,0.5,0.357,0.124,0
4165,73,0,5,0.848,0.687,0.444,0.5,-0.328,-0.018,0
4166,40,0,8,0.866,0.523,0.68,0.5,0.245,0.183,0
4167,56,1,6,0.808,0.626,0.383,0.75,-0.058,0.096,0
4168,36,0,3,0.903,0.584,0.485,0.5,-0.044,0.203,0
4169,40,1,8,1.042,0.591,0.513,0.0,-0.097,0.22,0
4170,83,1,11,0.858,0.592,0.802,0.0,0.307,0.104,1
4171,42,0,10,0.901,0.61,0.672,0.0,0.264,0.306,1
4172,79,0,8,0.784,0.588,0.842,1.0,0.409,0.209,0
4173,61,0,3,0.556,0.573,0.511,0.5,0.29,-0.361,0
4174,43,1,12,0.946,0.397,1.224,0.75,1.063,0.099,0
4175,83,0,6,0.839,0.518,0.595,0.5,0.114,0.17,0
4176,66,1,12,0.7,0.563,1.011,1.0,0.442,-0.062,0
4177,42,1,3,0.89,0.561,0.497,0.0,0.203,0.035,0
4178,37,1,8,1.016,0.659,0.631,0.0,-0.081,0.173,0
4179,42,0,9,0.974,0.551,0.99,0.0,0.331,0.189,0
4180,46,1,12,0.994,0.415,0.661,0.25,0.259,0.271,0
4181,58,1,3,0.84,0.529,0.524,0.75,0.149,0.141,0
4182,34,0,8,1.032,0.539,0.564,0.75,0.042,0.358,0
4183,74,1,8,1.044,0.573,0.726,0.0,0.505,0.36,0
4184,69,1,5,0.837,0.479,0.578,0.0,0.065,0.17,0
4185,62,1,8,0.698,0.56,0.582,0.25,0.158,-0.053,0
4186,42,1,8,0.982,0.45,0.448,0.0,-0.009,0.347,0
4187,72,0,11,0.915,0.496,0.913,0.75,0.63,-0.029,0
4188,34,1,11,0.971,0.529,1.124,0.5,0.956,0.395,0
4189,54,0,12,0.822,0.568,0.566,0.0,-0.023,0.189,0
4190,71,1,12,0.992,0.569,0.964,0.75,0.284,0.292,1
4191,61,0,5,0.813,0.652,0.46,0.5,0.131,0.121,0
4192,34,0,6,0.795,0.556,0.421,0.5,0.015,0.131,0
4193,56,0,8,1.018,0.699,0.648,0.0,0.174,0.356,0
4194,63,1,9,0.896,0.57,0.962,0.0,0.493,0.172,0
4195,76,0,3,0.795,0.554,0.439,0.25,0.047,0.306,0
4196,50,1,5,0.672,0.638,0.699,0.25,0.564,0.178,0
4197,43,0,7,0.7,0.665,0.628,0.5,0.033,-0.287,0
4198,68,0,3,0.832,0.616,0.452,0.0,-0.228,0.028,0
4199,57,1,3,0.608,0.609,0.577,0.0,0.14,-0.061,0
4200,82,1,12,1.062,0.528,0.7,0.0,0.143,0.25,0
4201,65,1,4,0.852,0.537,0.701,0.5,-0.12,0.177,0
4202,82,0,6,0.678,0.631,0.322,0.0,-0.212,-0.116,0
4203,46,0,9,1.121,0.559,0.662,0.0,0.11,0.395,0
4204,34,0,9,0.642,0.745,1.048,0.5,0.586,-0.067,0
4205,63,0,7,0.63,0.523,0.964,1.0,0.679,0.037,0
4206,53,0,6,0.846,0.579,0.576,0.5,0.135,-0.009,0
4207,37,1,9,0.756,0.386,0.71,0.75,0.215,-0.131,0
4208,57,1,11,0.7,0.671,0.793,0.0,0.474,-0.191,1
4209,54,1,10,1.047,0.588,0.884,0.0,0.373,0.182,0
4210,35,0,6,1.013,0.483,0.942,0.75,0.395,0.191,0
4211,61,0,7,0.819,0.535,0.695,0.75,0.019,0.188,1
4212,49,1,3,0.833,0.69,0.503,0.0,-0.05,0.164,0
4213,56,1,5,0.797,0.7,0.528,0.25,0.227,0.098,0
4214,33,0,5,0.804,0.596,0.594,0.75,0.028,0.081,0
4215,66,1,5,1.009,0.593,0.52,0.5,0.239,0.255,0
4216,43,0,3,0.828,0.459,0.473,1.0,0.002,0.142,0
4217,76,1,7,0.816,0.508,0.867,0.0,0.507,0.071,1
4218,51,0,7,0.905,0.479,0.739,0.0,0.358,0.176,0
4219,65,0,10,0.916,0.63,0.775,0.5,0.075,0.176,0
4220,69,1,4,0.735,0.668,0.533,1.0,-0.059,-0.123,0
4221,57,1,12,1.05,0.503,0.913,0.5,0.385,0.318,0
4222,54,0,5,0.698,0.653,0.577,0.0,-0.018,-0.32,0
4223,72,1,9,1.025,0.611,0.976,0.0,0.462,0.223,0
4224,61,0,6,0.796,0.564,0.782,0.0,0.294,-0.004,0
4225,69,1,10,0.989,0.549,0.774,0.0,0.425,0.118,0
4226,36,1,4,0.652,0.642,0.323,0.0,-0.333,0.037,0
4227,40,0,8,1.001,0.533,0.635,0.0,0.049,0.234,0
4228,47,1,4,0.763,0.716,0.578,0.75,0.059,0.063,0
4229,47,1,5,0.638,0.584,0.77,0.0,0.107,-0.062,0
4230,30,0,9,0.883,0.498,0.85,0.0,0.344,-0.113,0
4231,64,0,9,0.884,0.594,0.669,0.0,0.183,0.106,0
4232,66,0,6,0.999,0.674,0.614,0.0,0.171,0.446,0
4233,62,1,9,0.924,0.549,0.892,0.75,0.494,0.196,1
4234,59,0,12,1.171,0.52,1.115,0.0,0.685,0.522,1
4235,55,1,9,1.01,0.459,0.731,0.0,0.056,0.157,0
4236,50,0,3,0.836,0.621,0.569,0.25,0.2,0.006,0
4237,57,1,10,1.176,0.564,0.981,0.0,0.484,0.351,0
4238,45,0,7,0.883,0.616,0.917,0.0,0.719,0.169,0
4239,68,1,12,1.053,0.513,0.988,0.75,0.374,0.307,0
4240,69,1,3,0.746,0.706,0.479,0.75,-0.182,0.057,0
4241,55,1,5,1.083,0.7,0.784,0.75,0.347,0.213,0
4242,73,1,9,1.056,0.419,0.874,1.0,0.308,0.5,0
4243,66,1,7,0.712,0.641,0.709,0.25,0.162,-0.121,0
4244,63,1,11,0.986,0.571,0.7,0.0,0.351,0.268,0
4245,77,1,6,0.975,0.472,0.269,0.0,-0.164,0.44,0
4246,76,0,10,0.756,0.407,1.097,0.75,0.769,0.042,0
4247,55,1,5,0.655,0.573,0.421,0.0,-0.091,-0.208,0
4248,36,0,4,0.747,0.51,0.476,0.0,0.095,-0.01,0
4249,84,0,10,1.066,0.618,0.916,1.0,0.198,0.592,0
4250,65,1,7,0.95,0.666,0.625,0.0,0.009,0.184,0
4251,78,0,10,0.937,0.562,0.7,1.0,0.291,0.166,0
4252,83,0,11,1.032,0.575,0.835,0.5,0.514,0.468,0
4253,81,0,9,1.082,0.627,0.896,0.0,0.329,0.403,0
4254,84,0,11,0.717,0.567,0.763,0.0,-0.113,0.147,0
4255,79,1,6,0.822,0.577,0.687,1.0,0.271,0.102,0
4256,62,0,4,0.784,0.589,0.515,1.0,0.216,0.265,0
4257,73,1,7,0.973,0.629,0.449,0.0,-0.024,0.027,0
4258,41,1,4,0.802,0.687,0.608,0.0,0.229,0.049,0
4259,60,1,12,1.066,0.566,1.043,1.0,0.249,0.338,0
4260,44,0,8,0.614,0.482,0.57,0.0,0.124,-0.086,0
4261,41,0,9,0.7,0.675,0.742,0.5,0.313,-0.091,0
4262,49,0,11,0.793,0.565,1.089,0.5,0.661,0.152,0
4263,38,1,7,0.895,0.658,0.757,0.0,0.204,0.217,0
4264,40,1,10,0.908,0.445,0.454,0.0,-0.246,0.408,0
4265,71,0,5,0.721,0.603,0.817,0.5,0.225,-0.253,0
4266,37,0,12,1.066,0.564,0.777,1.0,0.191,0.408,0
4267,56,0,9,0.858,0.572,0.807,0.0,0.197,0.22,1
4268,72,1,12,1.033,0.446,0.826,0.25,0.609,0.101,0
4269,46,0,3,0.669,0.683,0.572,0.0,-0.018,-0.243,0
4270,50,0,10,1.091,0.704,0.635,0.0,-0.001,0.16,0
4271,69,0,11,1.052,0.654,0.829,0.0,0.13,0.369,0
4272,56,0,4,0.776,0.638,0.524,1.0,0.027,0.121,0
4273,55,0,12,1.064,0.564,1.004,0.0,0.497,0.227,0
4274,80,0,5,0.71,0.648,0.514,0.0,0.106,-0.019,0
4275,56,1,12,1.043,0.648,0.523,0.5,0.096,0.054,0
4276,53,0,5,0.745,0.538,0.352,0.25,-0.055,-0.065,0
4277,63,0,6,0.871,0.68,0.806,0.0,0.343,-0.06,0
4278,76,0,9,1.051,0.533,0.314,0.0,-0.366,0.424,0
4279,64,1,5,0.835,0.655,0.747,0.5,0.606,0.14,1
4280,62,1,5,0.7,0.632,0.345,0.5,-0.351,0.151,0
4281,42,0,7,0.756,0.582,0.659,0.0,0.631,0.132,0
4282,42,1,10,0.829,0.571,0.565,0.75,0.06,-0.001,0
4283,38,1,7,0.944,0.567,0.55,0.25,0.064,0.285,0
4284,68,1,9,0.904,0.54,0.884,0.25,0.184,0.206,0
4285,59,1,3,0.785,0.653,0.686,0.25,0.09,0.056,1
4286,55,1,7,0.779,0.477,1.023,1.0,0.695,0.073,0
4287,37,0,12,0.974,0.691,0.857,0.0,0.422,0.091,0
4288,56,1,12,0.834,0.697,0.874,0.0,0.437,-0.139,0
4289,79,1,11,0.803,0.572,0.7,1.0,0.312,0.07,0
4290,39,1,11,0.856,0.53,0.769,0.0,0.238,0.156,0
4291,72,0,8,0.916,0.564,0.839,0.75,0.227,0.2,0
4292,67,1,6,0.991,0.569,0.7,0.0,0.229,0.212,1
4293,49,1,6,1.099,0.582,0.531,0.0,-0.001,0.264,0
4294,53,1,11,0.958,0.665,0.878,0.25,0.513,0.263,0
4295,46,0,3,0.975,0.719,0.822,0.0,0.311,0.148,0
4296,83,0,10,1.165,0.497,0.628,0.0,0.223,0.251,0
4297,60,0,4,0.701,0.548,0.679,0.0,0.187,-0.136,0
4298,30,1,12,1.107,0.61,0.806,0.75,0.356,0.461,0
4299,73,0,5,0.877,0.591,0.619,0.0,0.282,0.106,0
4300,64,1,3,0.551,0.649,0.753,0.0,0.292,-0.38,0
4301,79,1,10,0.7,0.623,0.695,0.25,0.268,0.159,0
4302,63,1,7,0.76,0.767,0.785,1.0,0.331,0.081,0
4303,47,0,8,0.914,0.545,0.769,0.25,0.103,0.339,0
4304,42,1,4,1.001,0.644,0.668,0.5,0.036,0.397,0
4305,50,0,11,0.925,0.418,0.836,0.25,0.507,0.376,0
4306,47,0,7,1.041,0.574,0.671,0.0,-0.015,0.342,0
4307,78,0,6,0.821,0.585,0.503,1.0,-0.016,0.139,0
4308,35,1,11,0.693,0.548,0.946,0.5,0.595,-0.085,0
4309,82,0,7,0.752,0.817,0.807,0.0,0.216,0.012,1
4310,30,0,11,0.827,0.585,0.799,0.25,0.258,-0.031,0
4311,44,0,11,0.976,0.634,1.052,0.0,0.577,0.471,0
4312,65,0,4,0.699,0.555,0.578,0.25,0.224,-0.006,0
4313,34,1,12,1.109,0.492,0.828,0.75,0.412,0.271,0
4314,79,0,6,0.899,0.564,0.626,0.0,0.351,0.379,0
4315,53,1,4,0.798,0.648,0.653,0.0,0.366,0.072,0
4316,82,0,7,0.616,0.492,0.539,0.0,0.138,-0.189,0
4317,33,0,8,0.7,0.635,0.96,0.5,0.696,-0.162,1
4318,68,0,6,0.687,0.542,0.601,0.75,0.529,-0.002,0
4319,39,1,9,0.786,0.507,0.942,0.0,0.541,0.084,0
4320,34,1,10,0.751,0.677,0.873,0.0,0.263,-0.0,0
4321,81,0,4,0.851,0.608,0.7,0.5,0.266,0.066,0
4322,74,1,3,1.037,0.615,0.833,0.0,0.301,0.228,0
4323,84,1,10,0.98,0.504,0.872,0.5,0.266,0.431,1
4324,64,0,5,0.569,0.574,0.663,0.0,0.191,-0.045,0
4325,46,1,8,1.007,0.598,0.572,0.75,-0.001,0.307,0
4326,55,0,4,0.749,0.748,0.927,0.0,0.489,-0.021,0
4327,39,0,6,0.902,0.605,0.638,0.25,0.138,0.325,0
4328,38,1,6,0.915,0.609,0.43,0.5,0.001,0.21,0
4329,42,0,7,0.7,0.602,0.586,1.0,-0.004,0.143,0
4330,40,0,3,0.613,0.666,0.625,1.0,0.347,-0.108,0
4331,61,1,3,0.742,0.663,0.474,0.0,-0.02,0.16,0
4332,59,0,7,0.841,0.568,0.521,1.0,-0.021,-0.07,0
4333,63,0,4,0.727,0.582,0.932,0.25,0.394,-0.06,0
4334,43,0,6,0.836,0.65,0.324,0.0,-0.093,0.042,0
4335,67,0,4,0.949,0.631,0.441,0.25,0.085,0.215,0
4336,82,0,9,0.828,0.562,0.806,0.0,0.386,0.178,0
4337,65,0,12,0.876,0.483,0.938,0.0,0.754,0.151,0
4338,64,0,9,0.678,0.628,0.97,0.5,0.147,-0.049,0
4339,81,1,3,0.825,0.651,0.698,1.0,0.182,0.205,0
4340,54,1,4,0.589,0.544,0.849,0.0,0.437,-0.195,0
4341,43,1,7,0.99,0.538,0.363,0.25,-0.121,0.325,0
4342,78,0,4,0.629,0.494,0.414,0.0,-0.123,0.126,0
4343,77,1,5,0.949,0.584,0.572,0.0,-0.141,0.053,0
4344,46,0,6,0.955,0.752,0.55,0.0,0.054,-0.001,0
4345,52,1,4,0.828,0.636,0.632,0.75,0.111,0.186,0
4346,38,0,9,0.772,0.693,0.701,0.0,0.236,-0.104,0
4347,52,0,4,0.877,0.602,0.802,0.5,0.196,0.177,0
4348,66,0,12,0.717,0.499,0.913,0.5,0.737,0.054,0
4349,58,1,3,0.541,0.7,0.618,0.0,0.151,-0.181,0
4350,66,0,5,0.83,0.636,0.539,0.0,0.112,0.062,0
4351,57,0,3,0.99,0.631,0.55,0.0,-0.13,0.293,0
4352,37,0,8,1.071,0.49,0.932,0.25,0.453,0.332,0
4353,54,0,4,0.991,0.54,0.626,0.0,-0.096,0.262,0
4354,38,0,10,1.108,0.552,0.615,1.0,0.054,0.211,0
4355,65,0,8,0.817,0.538,0.756,0.0,0.323,-0.054,0
4356,42,0,3,0.687,0.592,0.551,0.0,0.306,0.213,0
4357,30,0,8,0.867,0.552,0.833,0.0,0.353,0.242,0
4358,47,1,6,0.754,0.51,0.574,0.25,-0.126,-0.087,0
4359,82,0,11,0.871,0.589,0.806,0.0,0.465,0.005,0
4360,72,1,12,0.787,0.612,0.845,1.0,0.364,-0.012,1
4361,75,0,9,0.753,0.611,1.086,0.75,0.682,-0.106,0
4362,75,1,12,1.011,0.472,0.681,0.5,0.325,0.221,1
4363,79,1,10,0.917,0.551,0.626,0.0,0.152,0.139,0
4364,32,0,3,0.605,0.518,0.756,0.0,0.397,-0.139,0
4365,74,0,5,0.807,0.453,0.67,0.25,0.448,-0.164,0
4366,30,0,3,0.593,0.647,0.294,0.75,-0.327,-0.011,0
4367,81,0,8,0.772,0.464,0.628,0.25,0.2,0.077,0
4368,70,0,12,0.857,0.472,1.235,0.0,0.958,-0.005,0
4369,36,0,3,0.898,0.509,0.487,0.0,0.149,0.238,0
4370,42,1,8,0.658,0.512,0.431,0.0,-0.063,-0.168,0
4371,51,0,3,0.742,0.659,0.464,0.0,-0.192,0.007,0
4372,53,1,9,0.874,0.688,0.648,0.0,0.475,0.072,0
4373,73,0,4,0.64,0.572,0.694,0.0,0.326,-0.13,0
4374,64,1,6,0.894,0.673,0.653,0.0,0.022,0.253,1
4375,39,0,8,0.869,0.55,0.707,1.0,0.434,-0.127,0
4376,46,1,11,0.996,0.608,0.796,0.0,0.217,0.22,0
4377,48,0,4,0.834,0.583,0.713,0.0,0.004,-0.035,1
4378,54,0,8,1.032,0.52,0.605,0.0,0.116,0.135,0
4379,74,1,12,1.071,0.527,0.781,0.0,0.365,0.577,0
4380,76,1,8,1.082,0.635,0.818,0.0,0.301,0.382,1
4381,40,1,10,0.892,0.527,0.623,0.5,0.039,-0.091,0
4382,64,0,9,1.115,0.661,0.546,0.5,0.157,0.463,0
4383,50,1,3,0.758,0.613,0.625,0.0,0.148,0.022,0
4384,54,1,11,0.943,0.469,1.017,0.5,0.785,0.217,0
4385,47,0,3,0.867,0.683,0.404,0.5,0.19,0.122,0
4386,60,1,10,0.769,0.606,1.047,1.0,0.685,-0.017,1
4387,78,0,12,0.963,0.528,0.954,0.0,0.351,0.085,0
4388,52,0,8,0.994,0.573,0.357,0.25,-0.057,0.294,0
4389,51,1,11,0.866,0.516,0.888,0.75,0.354,0.188,0
4390,46,1,4,0.927,0.459,0.612,0.25,0.542,0.269,0
4391,38,0,5,0.92,0.536,0.745,0.0,0.272,-0.085,0
4392,43,0,8,1.025,0.473,0.715,0.0,0.23,0.317,1
4393,32,0,6,1.036,0.537,0.567,0.25,0.063,0.466,0
4394,73,1,12,0.785,0.628,0.9,0.0,0.48,-0.046,0
4395,41,1,8,0.988,0.46,0.741,0.0,0.143,0.216,1
4396,83,1,6,0.64,0.664,0.441,0.25,-0.149,-0.298,0
4397,84,0,11,0.924,0.572,0.841,0.25,0.073,0.246,0
4398,36,0,11,0.968,0.645,1.099,0.25,0.95,0.305,0
4399,64,1,8,1.078,0.535,0.77,1.0,0.358,0.229,1
4400,41,0,12,0.964,0.437,0.84,0.0,0.131,0.35,0
4401,60,0,3,0.723,0.729,0.418,0.0,-0.012,-0.088,0
4402,73,0,4,0.806,0.675,0.577,0.0,0.276,0.05,0
4403,59,1,4,0.858,0.656,0.442,0.5,-0.1,0.133,0
4404,69,0,10,0.842,0.404,0.938,0.5,0.719,0.206,1
4405,68,1,4,0.791,0.681,0.576,1.0,0.362,-0.145,0
4406,33,0,9,0.977,0.61,0.714,0.0,0.293,0.243,0
4407,74,0,8,0.87,0.38,1.258,1.0,0.577,0.032,0
4408,83,1,11,0.997,0.517,0.835,0.25,0.49,0.169,0
4409,48,0,7,0.826,0.535,0.824,0.75,0.203,0.007,0
4410,83,0,9,1.102,0.614,0.897,0.0,0.177,0.2,1
4411,53,0,12,1.083,0.519,0.774,0.0,0.581,0.412,0
4412,32,0,3,0.626,0.643,0.477,0.0,-0.087,-0.067,0
4413,42,0,11,1.163,0.574,0.651,0.0,0.346,0.425,0
4414,57,1,7,0.7,0.628,0.847,0.75,0.444,0.045,0
4415,33,0,4,0.708,0.7,0.419,0.0,0.023,0.017,0
4416,40,0,5,0.871,0.664,0.479,0.0,0.206,0.138,0
4417,58,1,6,0.967,0.65,0.395,0.0,-0.006,0.123,0
4418,31,1,10,0.89,0.552,1.003,0.5,0.319,0.202,0
4419,60,0,5,0.765,0.618,0.599,0.0,0.016,0.011,0
4420,39,0,5,0.856,0.639,0.244,0.0,-0.365,0.256,0
4421,42,1,11,0.996,0.519,1.044,0.0,0.262,0.205,0
4422,45,0,8,0.756,0.548,1.039,0.5,0.522,0.186,0
4423,77,0,11,1.028,0.486,1.097,0.75,0.535,0.262,0
4424,71,1,6,0.774,0.721,0.759,0.75,0.092,0.176,0
4425,76,1,6,0.86,0.509,0.7,0.25,0.242,0.22,0
4426,80,0,12,1.074,0.527,0.7,0.25,0.797,0.594,0
4427,72,1,9,0.883,0.492,0.663,1.0,0.182,0.183,0
4428,73,1,5,0.662,0.648,0.789,0.75,0.517,-0.087,1
4429,70,1,5,0.743,0.618,0.854,1.0,0.416,-0.083,0
4430,76,1,8,0.725,0.576,0.936,0.25,0.615,-0.149,0
4431,78,0,8,0.735,0.605,0.824,0.5,0.501,0.022,1
4432,46,0,3,1.036,0.7,0.517,0.0,0.1,0.343,0
4433,76,0,12,1.036,0.583,0.934,0.0,0.438,0.249,0
4434,80,1,4,0.843,0.537,0.64,0.0,-0.168,0.058,0
4435,55,0,8,0.843,0.661,0.554,0.0,0.09,0.162,0
4436,48,0,12,0.7,0.561,0.992,0.0,0.544,0.083,0
4437,39,1,7,0.916,0.449,0.464,0.0,0.054,0.259,0
4438,35,1,6,0.877,0.55,0.856,0.0,0.3,0.218,0
4439,60,1,3,0.795,0.604,0.05,0.25,-0.609,0.179,0
4440,54,0,11,0.926,0.539,0.796,0.0,0.553,-0.033,0
4441,33,0,5,0.901,0.607,0.649,0.75,0.436,0.188,0
4442,48,1,7,0.987,0.514,0.775,0.5,0.425,0.056,0
4443,55,1,9,0.731,0.645,0.767,0.25,0.338,0.031,1
4444,55,0,3,0.655,0.579,0.64,0.0,0.202,-0.19,0
4445,67,1,3,0.836,0.492,0.437,0.75,0.111,0.182,0
4446,34,1,8,0.756,0.622,0.851,0.75,0.3,0.024,0
4447,69,0,6,1.016,0.457,0.429,1.0,0.209,0.251,0
4448,49,1,7,0.902,0.463,0.892,0.0,0.468,0.14,1
4449,43,0,11,1.176,0.499,0.694,0.0,0.189,0.449,0
4450,71,0,6,0.737,0.7,0.489,1.0,0.028,-0.019,0
4451,81,1,8,0.978,0.561,0.578,0.0,0.329,-0.007,0
4452,74,0,3,0.727,0.66,0.472,0.25,0.142,-0.15,0
4453,42,0,6,0.737,0.593,0.568,0.0,0.123,0.103,0
4454,61,0,9,0.987,0.614,0.707,0.25,0.332,0.201,0
4455,36,1,6,0.701,0.593,0.604,0.25,0.231,-0.049,0
4456,36,0,12,0.954,0.71,0.487,1.0,-0.009,0.15,0
4457,49,1,12,0.776,0.618,0.787,0.75,0.325,0.048,0
4458,65,1,3,0.703,0.647,0.715,0.25,0.555,0.096,0
4459,62,1,7,0.7,0.485,0.679,0.0,0.47,-0.169,0
4460,41,0,8,0.837,0.547,0.677,0.25,0.146,0.064,1
4461,77,0,11,1.024,0.528,0.706,0.0,0.32,0.486,0
4462,39,1,5,0.737,0.648,0.631,0.5,0.419,0.151,0
4463,46,0,10,0.993,0.54,0.717,0.0,0.432,0.327,0
4464,59,0,8,0.895,0.561,0.764,0.0,-0.0,0.332,0
4465,34,0,6,0.889,0.48,0.499,0.0,-0.071,0.495,0
4466,74,1,9,0.779,0.7,0.837,1.0,0.331,-0.018,0
4467,54,1,8,0.833,0.641,0.553,0.0,0.082,0.123,0
4468,34,0,5,0.967,0.505,0.626,0.5,-0.033,0.024,0
4469,53,0,11,0.981,0.366,0.731,0.0,-0.033,0.06,0
4470,71,1,5,0.889,0.646,0.284,0.25,-0.273,0.198,0
4471,55,0,7,0.954,0.579,0.7,0.25,-0.212,0.187,0
4472,35,0,11,0.947,0.508,0.664,0.0,0.124,0.343,0
4473,83,1,9,1.025,0.541,0.945,0.0,0.534,0.285,0
4474,45,1,3,0.688,0.621,0.602,0.0,0.189,-0.15,0
4475,74,1,8,0.858,0.73,0.381,0.0,0.113,-0.032,0
4476,48,0,10,0.745,0.586,0.809,0.5,0.379,0.083,0
4477,75,1,11,1.022,0.565,0.737,1.0,-0.081,0.379,0
4478,80,0,4,0.879,0.408,0.75,0.0,0.211,0.049,0
4479,45,0,9,0.682,0.689,0.859,0.0,0.36,0.011,0
4480,43,1,6,0.892,0.487,0.803,0.0,0.438,-0.017,0
4481,44,1,8,1.054,0.662,0.857,0.0,0.539,0.3,0
4482,65,0,12,0.958,0.385,1.078,0.0,0.463,0.364,0
4483,50,1,11,1.088,0.618,0.945,0.0,0.576,0.279,1
4484,48,1,12,0.948,0.463,1.3,0.0,0.742,0.261,0
4485,80,1,5,0.864,0.527,0.297,0.75,-0.24,0.104,1
4486,62,1,6,0.887,0.414,0.689,1.0,0.377,0.183,0
4487,83,1,5,0.66,0.645,0.298,0.5,-0.013,0.039,0
4488,38,0,7,0.565,0.6,0.642,0.0,-0.026,-0.3,0
4489,62,0,12,0.776,0.602,0.926,0.0,0.317,0.006,1
4490,54,1,12,0.975,0.627,0.856,0.0,0.729,0.239,0
4491,68,1,6,0.85,0.544,0.614,0.25,0.034,0.113,0
4492,70,1,9,0.896,0.542,0.905,1.0,0.398,0.276,1
4493,33,0,8,0.842,0.639,0.61,0.75,0.054,0.058,0
4494,51,1,9,0.801,0.537,0.958,0.25,0.387,0.05,0
4495,35,1,8,0.837,0.653,0.692,0.0,-0.146,-0.025,0
4496,43,1,10,0.993,0.546,1.111,0.0,0.873,0.194,1
4497,75,1,11,1.052,0.473,0.798,0.25,0.409,0.287,1
4498,66,1,10,0.828,0.4,1.053,0.0,0.585,-0.077,0
4499,43,0,3,0.923,0.5,0.347,0.25,-0.177,0.188,0
4500,45,1,12,1.022,0.679,0.841,0.5,0.663,0.082,0
4501,64,0,4,0.871,0.683,0.234,0.0,0.084,0.031,0
4502,51,0,3,0.811,0.462,0.585,0.0,0.146,0.006,0
4503,36,1,7,1.068,0.579,0.786,0.0,0.457,0.332,0
4504,77,1,12,0.868,0.528,0.979,1.0,0.402,-0.135,1
4505,69,0,10,0.994,0.7,0.815,0.0,0.115,0.276,0
4506,33,1,6,0.655,0.634,0.493,1.0,-0.048,-0.045,0
4507,51,1,9,1.015,0.536,0.591,1.0,0.048,0.274,0
4508,36,0,10,0.886,0.599,1.327,0.0,0.676,0.129,0
4509,61,1,6,0.923,0.52,0.675,0.25,0.348,0.192,1
4510,42,0,9,0.808,0.622,0.741,0.0,0.406,0.098,1
4511,55,1,5,0.895,0.664,0.837,0.0,0.274,0.177,0
4512,49,0,12,1.047,0.546,0.916,1.0,0.398,0.293,1
4513,58,1,11,0.784,0.617,1.272,0.75,0.618,0.108,0
4514,72,0,11,1.011,0.54,0.867,0.0,0.153,0.313,0
4515,53,1,5,0.919,0.496,0.416,0.5,-0.056,0.251,0
4516,67,1,9,0.859,0.584,0.605,0.0,-0.032,0.006,0
4517,83,1,8,1.022,0.544,0.736,0.5,0.449,0.047,0
4518,54,0,9,0.818,0.526,0.835,0.0,0.636,0.053,0
4519,61,0,4,0.83,0.655,0.659,0.0,0.043,0.13,0
4520,36,1,8,0.779,0.437,0.541,0.5,0.335,0.079,0
4521,78,0,10,0.901,0.618,0.634,0.75,0.083,0.313,0
4522,35,0,8,0.725,0.461,0.655,0.0,0.271,-0.024,0
4523,84,0,3,0.735,0.57,0.47,0.75,0.028,-0.127,0
4524,30,1,8,1.063,0.516,0.858,1.0,0.282,0.308,0
4525,70,0,6,0.855,0.609,0.752,0.0,0.287,0.269,0
4526,45,0,9,0.973,0.683,0.96,0.0,0.605,0.223,0
4527,45,1,10,0.786,0.661,0.94,0.0,0.49,0.046,0
4528,76,1,6,0.671,0.562,0.622,0.0,-0.264,-0.134,0
4529,58,0,12,1.075,0.582,0.883,0.75,0.647,0.092,0
4530,54,0,5,0.622,0.676,0.595,0.0,0.257,-0.112,0
4531,43,1,11,0.968,0.497,0.851,0.0,0.641,0.401,0
4532,45,0,5,0.7,0.517,0.304,0.0,-0.04,0.108,0
4533,43,0,10,0.861,0.722,0.747,0.0,-0.032,0.047,0
4534,32,1,5,1.03,0.601,0.952,0.0,0.457,0.284,0
4535,54,0,8,0.883,0.444,0.752,0.0,0.255,0.283,0
4536,66,0,11,1.127,0.468,0.7,0.75,0.352,0.463,0
4537,56,0,3,1.155,0.685,0.345,0.0,-0.008,0.277,0
4538,81,1,5,0.624,0.64,0.343,0.5,-0.213,-0.207,0
4539,40,1,7,0.891,0.605,0.753,0.25,0.201,0.273,1
4540,50,0,12,0.752,0.447,0.841,0.0,0.418,-0.108,0
4541,71,0,12,0.977,0.416,0.745,0.25,0.19,0.422,0
4542,34,0,8,0.932,0.713,0.52,0.0,0.022,0.229,0
4543,40,1,12,0.917,0.604,0.7,0.0,0.327,0.211,0
4544,84,0,5,0.947,0.76,0.487,0.0,-0.157,0.197,0
4545,37,1,10,0.906,0.457,0.625,0.75,-0.075,0.224,0
4546,36,0,5,0.705,0.496,0.646,0.75,0.175,-0.118,0
4547,56,1,3,0.751,0.594,0.677,0.0,0.038,0.007,1
4548,38,0,3,0.545,0.672,0.534,1.0,-0.23,-0.198,0
4549,73,1,12,0.96,0.625,0.921,0.0,0.28,0.277,1
4550,69,1,9,1.022,0.557,0.891,0.0,0.471,0.322,0
4551,84,1,7,0.739,0.54,0.779,1.0,0.346,-0.009,0
4552,34,1,7,0.92,0.597,0.218,0.25,-0.498,0.341,0
4553,74,0,5,0.683,0.646,0.507,0.0,0.347,-0.035,0
4554,68,1,7,1.016,0.637,0.852,0.0,0.479,0.316,0
4555,82,1,4,0.98,0.667,0.471,0.25,0.219,0.28,0
4556,73,1,4,0.922,0.575,0.93,0.0,0.196,0.08,1
4557,34,1,9,0.925,0.573,0.731,0.75,0.159,0.027,0
4558,80,0,3,0.711,0.691,0.482,0.75,-0.079,-0.087,0
4559,35,1,4,0.865,0.641,0.633,0.0,-0.282,0.049,0
4560,51,1,8,0.78,0.526,0.356,0.0,0.098,-0.199,0
4561,33,1,5,0.629,0.616,0.742,0.0,0.096,-0.115,0
4562,30,0,10,0.873,0.651,0.804,0.0,0.58,0.063,0
4563,75,1,9,0.902,0.525,0.697,0.5,-0.082,0.005,1
4564,31,0,3,0.797,0.639,0.455,0.75,0.232,-0.022,0
4565,31,0,3,0.884,0.503,0.552,0.25,-0.164,0.026,0
4566,54,1,4,0.691,0.675,0.453,0.0,-0.126,0.096,0
4567,36,1,4,0.72,0.524,0.609,0.0,0.177,-0.054,0
4568,43,0,7,0.889,0.619,0.923,0.0,0.582,0.258,0
4569,60,0,8,0.905,0.547,0.663,0.25,-0.082,0.102,0
4570,76,0,11,1.003,0.578,0.884,0.0,0.297,0.36,1
4571,34,1,7,0.983,0.582,0.501,0.75,0.084,0.1,0
4572,61,0,7,0.886,0.43,0.689,0.0,0.324,0.148,0
4573,32,1,7,0.978,0.593,0.995,0.0,0.59,0.423,0
4574,70,1,11,1.098,0.49,1.03,0.0,0.609,0.437,0
4575,36,1,12,0.944,0.558,0.959,0.5,0.366,0.193,0
4576,38,0,4,0.928,0.642,0.7,0.0,0.234,-0.089,0
4577,59,1,5,0.936,0.554,0.4,1.0,-0.191,0.377,0
4578,59,1,11,0.948,0.761,1.218,0.0,0.432,0.312,1
4579,39,0,9,0.974,0.446,1.013,0.0,0.544,0.313,0
4580,74,0,10,0.799,0.528,0.866,0.5,0.283,0.032,0
4581,77,0,8,0.76,0.811,0.965,0.0,0.367,0.06,0
4582,34,0,12,0.906,0.605,0.989,0.5,0.737,0.216,1
4583,77,1,7,0.742,0.542,0.773,0.0,0.248,-0.132,0
4584,74,1,4,0.753,0.627,0.544,0.0,0.15,-0.103,0
4585,65,1,3,0.82,0.618,0.277,0.75,0.141,0.211,0
4586,50,0,3,0.662,0.697,0.641,0.0,0.122,-0.194,0
4587,40,0,8,0.689,0.543,0.395,0.0,-0.012,-0.164,0
4588,67,1,10,0.7,0.538,0.792,0.0,-0.121,-0.046,0
4589,65,0,5,1.007,0.459,0.425,0.0,-0.156,0.085,0
4590,59,0,5,0.999,0.601,0.471,0.0,-0.052,0.228,0
4591,73,1,10,0.767,0.623,1.021,0.25,0.437,0.053,0
4592,69,0,8,0.846,0.498,0.711,0.5,0.23,0.091,0
4593,31,0,7,0.835,0.69,0.898,0.5,0.812,0.047,1
4594,65,1,7,0.822,0.494,0.487,0.0,0.076,-0.05,1
4595,73,0,9,0.7,0.499,0.649,0.0,0.074,-0.124,0
4596,76,1,11,0.946,0.659,0.869,0.0,0.421,0.215,1
4597,44,0,5,0.907,0.576,0.518,0.25,0.084,0.076,0
4598,54,1,9,1.183,0.719,0.7,0.0,0.353,0.318,0
4599,51,0,10,1.066,0.511,0.884,0.5,0.101,0.31,1
4600,47,0,8,0.766,0.658,0.761,0.0,0.24,0.13,1
4601,82,0,5,0.718,0.515,0.778,0.0,0.209,-0.144,0
4602,72,1,3,0.911,0.808,0.635,0.0,0.215,0.193,0
4603,49,0,12,0.954,0.549,0.549,1.0,0.078,0.149,0
4604,64,1,3,0.855,0.724,0.7,0.0,0.074,-0.035,1
4605,37,1,4,0.814,0.637,0.515,0.75,0.18,-0.065,0
4606,51,1,3,0.7,0.71,0.663,0.5,0.312,0.044,0
4607,83,0,3,0.92,0.634,0.478,0.25,-0.064,0.231,0
4608,70,0,7,1.016,0.7,0.668,0.0,0.267,0.158,1
4609,54,0,11,1.1,0.479,0.931,0.0,0.385,0.371,0
4610,33,0,10,0.911,0.543,0.73,1.0,0.095,-0.052,1
4611,62,0,7,1.025,0.666,0.813,0.5,0.59,0.392,0
4612,56,1,8,1.006,0.48,0.631,0.0,0.201,0.382,0
4613,34,1,11,1.003,0.626,0.565,0.75,0.186,0.386,0
4614,56,0,7,0.91,0.599,0.607,0.5,0.218,0.232,0
4615,50,1,6,0.689,0.729,0.51,0.0,0.195,-0.035,0
4616,41,0,8,0.87,0.587,0.915,0.0,0.587,0.1,0
4617,50,0,6,0.69,0.721,0.7,0.0,0.244,0.073,0
4618,58,1,10,0.7,0.637,0.629,0.75,0.154,-0.121,0
4619,31,1,9,0.965,0.419,0.563,0.0,0.332,0.251,0
4620,54,0,8,1.104,0.563,0.76,0.0,0.15,0.293,0
4621,70,0,3,0.855,0.7,0.739,0.0,0.039,0.094,0
4622,68,0,5,0.862,0.599,1.013,0.5,0.424,-0.037,1
4623,45,0,10,0.818,0.55,0.893,0.25,0.332,-0.214,1
4624,69,0,5,0.634,0.647,0.676,0.0,0.144,-0.315,1
4625,66,0,7,0.926,0.587,0.799,0.0,0.359,-0.01,0
4626,44,1,6,0.7,0.586,0.57,0.0,0.051,0.016,0
4627,39,0,12,1.044,0.491,0.605,0.75,-0.199,0.486,0
4628,45,1,6,0.854,0.592,0.649,0.0,0.312,0.239,0
4629,42,1,3,0.529,0.659,0.677,0.5,0.489,-0.352,1
4630,38,1,5,0.761,0.625,0.548,1.0,-0.099,-0.042,0
4631,78,1,7,0.7,0.582,0.455,0.5,-0.267,-0.149,0
4632,39,1,7,0.966,0.485,0.864,0.0,0.401,-0.161,0
4633,49,0,4,0.649,0.62,0.872,0.5,0.472,0.143,0
4634,77,0,6,0.867,0.549,0.4,0.75,0.062,0.167,0
4635,51,1,3,0.998,0.578,0.603,0.0,0.452,0.227,0
4636,58,0,4,0.922,0.734,0.474,0.25,-0.142,0.109,0
4637,80,0,10,0.954,0.505,0.7,0.0,-0.202,0.273,0
4638,48,0,9,0.904,0.556,1.063,0.0,0.469,0.133,0
4639,40,0,5,0.666,0.69,0.435,1.0,-0.142,0.036,0
4640,38,1,4,0.783,0.674,0.727,0.0,0.127,0.069,0
4641,49,1,7,1.023,0.655,0.688,0.0,0.246,0.399,1
4642,40,0,5,0.831,0.718,0.403,0.0,-0.18,0.135,0
4643,73,1,5,0.907,0.518,0.678,0.0,0.137,0.057,0
4644,30,1,7,0.663,0.489,0.576,0.0,-0.047,-0.11,0
4645,42,0,5,0.662,0.686,0.387,0.5,-0.201,-0.13,0
4646,75,0,4,0.907,0.656,0.545,0.0,0.046,0.253,0
4647,75,1,8,0.951,0.631,0.631,0.0,0.163,0.089,1
4648,47,1,9,0.834,0.62,1.037,0.0,0.59,0.119,0
4649,44,0,5,0.932,0.435,0.241,0.0,-0.455,0.224,0
4650,78,0,9,1.093,0.455,0.816,0.0,0.596,0.364,0
4651,36,1,8,0.83,0.557,0.859,0.0,0.182,0.01,0
4652,43,1,3,0.768,0.809,0.287,1.0,-0.269,0.298,0
4653,70,1,12,1.002,0.588,0.841,0.25,0.401,0.418,1
4654,78,1,10,0.874,0.45,0.539,0.0,0.141,0.175,0
4655,73,1,7,1.158,0.527,0.657,0.0,-0.041,0.163,0
4656,81,1,10,0.901,0.504,0.932,0.5,0.335,0.173,0
4657,69,1,11,0.977,0.44,1.024,0.25,0.508,0.103,0
4658,38,0,9,0.852,0.608,0.837,0.0,0.351,0.13,0
4659,66,1,3,0.712,0.63,0.412,0.0,0.061,0.011,0
4660,48,1,11,1.094,0.547,0.89,0.0,0.527,0.338,0
4661,75,1,3,0.858,0.619,0.762,1.0,0.19,0.289,0
4662,63,1,5,0.798,0.425,0.711,0.25,-0.025,0.057,0
4663,41,1,11,0.788,0.551,0.942,0.0,0.442,0.185,1
4664,65,1,8,0.82,0.7,0.667,0.5,-0.11,0.12,1
4665,35,1,9,0.874,0.474,0.793,0.75,0.314,0.205,0
4666,43,1,12,1.041,0.54,1.156,0.0,0.805,0.17,0
4667,32,1,6,0.884,0.565,0.856,0.0,0.421,0.129,0
4668,33,1,5,0.863,0.587,0.664,0.0,0.166,0.084,0
4669,52,1,6,0.814,0.563,0.7,0.5,0.456,-0.097,0
4670,52,1,9,0.688,0.601,0.715,0.0,0.102,-0.0,0
4671,61,0,7,0.925,0.579,0.6,0.0,0.387,0.06,0
4672,64,1,11,1.091,0.55,0.883,0.0,0.01,0.453,0
4673,78,0,9,1.301,0.663,0.49,0.0,-0.315,0.441,1
4674,50,1,3,0.623,0.623,0.693,0.75,0.309,0.08,0
4675,73,0,12,0.786,0.556,0.86,0.0,0.334,0.102,0
4676,64,1,4,0.749,0.464,0.34,0.0,0.089,-0.204,0
4677,31,1,3,0.814,0.61,0.311,0.5,-0.062,0.121,0
4678,42,1,5,0.902,0.584,0.677,0.0,0.237,0.347,0
4679,82,0,10,0.909,0.579,0.897,0.0,0.605,0.108,0
4680,76,1,5,1.057,0.578,0.448,0.0,-0.011,0.157,0
4681,42,0,5,0.648,0.641,0.576,0.0,0.188,0.052,0
4682,61,1,6,0.686,0.5,0.791,1.0,0.489,-0.076,0
4683,52,0,12,1.001,0.508,1.071,0.0,0.492,0.076,1
4684,84,0,7,0.681,0.541,0.834,0.0,0.207,0.186,1
4685,68,0,6,0.764,0.555,0.872,1.0,0.327,0.088,0
4686,71,0,4,0.915,0.577,0.697,0.5,0.126,0.197,0
4687,48,0,4,0.679,0.728,0.434,0.0,-0.176,-0.127,0
4688,66,0,6,0.583,0.565,0.445,0.5,0.176,-0.044,0
4689,47,0,7,0.908,0.66,0.472,0.5,-0.347,0.208,0
4690,61,0,11,1.131,0.559,0.882,0.5,0.298,0.39,0
4691,35,0,4,0.807,0.599,0.553,0.5,0.352,0.111,0
4692,44,0,7,0.777,0.521,0.553,0.25,0.094,0.131,0
4693,50,1,5,0.782,0.595,0.663,0.25,0.297,0.046,0
4694,70,1,3,0.667,0.641,0.341,0.5,0.058,-0.286,0
4695,82,1,6,0.635,0.558,0.566,0.0,0.167,-0.12,0
4696,84,0,11,0.877,0.564,0.859,0.0,0.44,0.052,1
4697,58,1,9,0.893,0.576,0.764,0.0,0.517,0.395,0
4698,62,1,10,1.23,0.593,1.218,0.25,0.968,0.717,0
4699,51,0,11,0.973,0.619,0.732,0.0,0.436,0.11,1
4700,37,1,4,0.636,0.573,0.375,0.0,0.124,-0.293,0
4701,83,0,8,0.968,0.617,0.562,1.0,0.307,0.2,0
4702,74,1,12,0.977,0.504,0.815,0.0,0.307,0.144,0
4703,30,1,3,0.826,0.572,0.508,0.5,0.169,0.009,0
4704,84,0,6,0.858,0.647,0.4,0.25,0.037,0.341,0
4705,60,1,8,0.953,0.6,0.768,0.25,0.2,0.277,0
4706,72,0,10,1.007,0.518,0.729,0.0,0.459,0.44,0
4707,51,1,6,1.121,0.587,0.831,0.25,0.305,0.34,0
4708,37,1,7,0.856,0.438,0.853,0.0,0.349,0.025,0
4709,79,1,5,0.875,0.732,0.566,0.5,0.125,0.028,0
4710,34,0,6,0.739,0.615,0.692,0.25,0.707,0.138,1
4711,52,0,3,0.849,0.542,0.729,1.0,0.251,0.027,0
4712,79,0,4,0.726,0.625,0.932,0.25,0.481,-0.013,0
4713,78,1,5,0.714,0.7,0.872,0.0,0.555,0.014,0
4714,60,1,8,0.7,0.634,0.964,0.25,0.602,-0.025,0
4715,53,0,3,0.665,0.63,0.422,0.5,0.121,0.165,0
4716,74,1,10,1.02,0.655,0.947,0.0,0.613,0.316,0
4717,40,1,4,0.964,0.696,0.497,0.25,-0.127,0.25,0
4718,57,0,6,0.745,0.634,0.802,0.5,0.18,0.048,0
4719,62,1,4,0.557,0.492,0.905,0.25,0.483,-0.143,0
4720,59,0,6,0.941,0.644,1.046,0.0,0.637,0.293,0
4721,84,1,7,0.794,0.749,0.544,0.0,0.148,0.09,0
4722,34,0,3,0.723,0.66,0.48,0.25,-0.04,-0.145,0
4723,47,0,5,0.839,0.688,0.43,0.5,-0.096,0.072,0
4724,38,0,12,0.966,0.393,0.746,0.0,0.225,0.182,0
4725,49,0,12,1.243,0.627,0.475,0.0,-0.092,0.568,0
4726,84,1,9,1.03,0.6,0.72,0.0,0.168,0.274,1
4727,79,0,4,0.781,0.577,0.313,0.75,-0.266,-0.094,0
4728,47,0,4,0.839,0.514,0.765,0.0,0.285,-0.029,0
4729,77,1,11,0.973,0.577,0.839,0.0,0.505,0.207,0
4730,47,0,5,0.706,0.677,0.453,0.0,-0.055,-0.162,0
4731,40,0,3,0.572,0.593,0.517,0.5,0.04,-0.175,0
4732,46,1,11,0.765,0.568,1.115,1.0,0.467,0.069,1
4733,70,0,12,0.836,0.591,1.002,0.0,0.222,0.127,0
4734,37,1,7,0.677,0.431,0.799,0.0,0.611,-0.018,0
4735,73,0,10,1.046,0.424,0.701,0.0,0.309,0.25,0
4736,47,1,10,1.071,0.529,0.552,0.5,0.251,0.249,0
4737,80,1,6,0.838,0.623,0.61,0.5,-0.34,0.028,0
4738,60,1,4,0.96,0.681,0.742,0.0,0.419,0.23,0
4739,72,0,3,0.613,0.661,0.922,0.0,0.527,0.059,0
4740,51,1,8,0.752,0.611,0.765,0.0,0.065,-0.069,1
4741,56,0,12,0.922,0.446,0.828,0.0,0.277,0.373,1
4742,47,1,8,0.779,0.657,0.797,0.0,0.437,0.127,1
4743,38,0,5,0.89,0.554,0.531,0.0,0.245,0.093,0
4744,34,1,9,0.942,0.555,0.823,0.0,0.095,0.141,0
4745,67,0,5,0.858,0.627,0.525,0.75,0.24,-0.023,0
4746,52,0,5,0.884,0.614,0.304,0.5,-0.087,0.075,0
4747,51,1,8,0.746,0.604,0.889,1.0,0.235,-0.032,0
4748,49,1,12,1.031,0.561,1.025,0.5,0.548,0.103,0
4749,55,1,7,0.856,0.678,0.631,0.0,0.22,0.132,0
4750,43,0,8,0.986,0.576,0.746,0.0,-0.139,0.183,0
4751,57,1,10,0.891,0.633,0.828,0.0,0.131,0.161,1
4752,49,1,4,0.74,0.7,0.7,0.5,0.066,-0.168,1
4753,40,0,10,0.687,0.516,0.851,0.25,0.416,-0.106,0
4754,64,1,11,1.062,0.426,0.687,0.25,0.188,0.093,0
4755,73,1,12,1.0,0.403,0.566,0.0,0.021,0.104,0
4756,54,1,6,0.758,0.579,0.456,0.5,0.077,-0.213,0
4757,58,1,8,0.741,0.783,0.805,0.0,0.363,0.041,0
4758,50,1,4,0.909,0.562,0.527,0.0,-0.072,0.125,0
4759,62,1,4,0.882,0.608,0.607,0.0,-0.144,0.226,0
4760,34,0,7,0.716,0.583,0.851,0.0,0.453,0.082,0
4761,45,0,9,0.931,0.587,0.943,0.75,0.444,0.137,0
4762,51,1,5,0.699,0.628,0.803,1.0,0.318,-0.103,1
4763,44,1,10,0.822,0.565,0.858,0.0,0.15,0.084,0
4764,43,0,6,0.845,0.628,0.593,1.0,-0.107,-0.093,0
4765,46,0,4,0.757,0.435,0.447,0.25,0.163,0.02,0
4766,75,0,4,0.847,0.669,0.529,0.0,0.267,0.046,0
4767,73,0,12,0.991,0.438,1.0,0.0,0.354,0.248,1
4768,82,0,12,1.155,0.48,0.924,0.0,0.464,0.455,0
4769,38,1,4,0.802,0.612,0.586,0.5,0.452,0.064,0
4770,47,0,5,0.659,0.52,0.474,0.0,-0.071,-0.172,0
4771,34,1,3,0.688,0.649,0.75,0.0,0.389,0.033,0
4772,50,0,6,0.817,0.588,0.775,0.5,0.222,0.12,0
4773,74,0,5,1.021,0.615,0.699,0.25,0.286,0.297,1
4774,32,0,3,1.042,0.527,0.601,0.0,-0.05,0.251,0
4775,57,1,3,1.105,0.647,0.681,0.0,0.31,0.26,0
4776,33,0,3,0.92,0.643,0.7,0.0,0.169,0.193,0
4777,66,0,6,0.893,0.551,0.621,0.25,0.32,0.282,1
4778,59,0,7,0.751,0.659,0.987,0.5,0.463,0.067,0
4779,32,0,7,1.04,0.7,0.705,0.25,0.507,0.42,0
4780,76,1,12,1.144,0.66,0.802,0.0,0.124,0.474,0
4781,57,0,10,1.163,0.582,1.007,0.0,0.718,0.484,0
4782,36,0,9,0.897,0.521,1.142,0.0,0.673,0.197,0
4783,58,1,12,0.947,0.518,0.862,0.0,0.468,0.185,1
4784,78,1,6,0.652,0.502,0.8,0.0,0.257,0.0,0
4785,74,0,11,0.965,0.488,0.854,1.0,0.346,0.464,0
4786,83,1,11,1.0,0.651,0.744,0.0,0.116,0.25,0
4787,66,0,5,0.998,0.804,0.567,0.0,-0.192,0.17,0
4788,57,1,4,0.792,0.581,0.722,0.0,0.273,-0.041,1
4789,63,0,3,0.635,0.578,0.834,0.25,0.494,-0.047,0
4790,34,1,6,0.663,0.585,0.7,0.75,-0.04,-0.074,0
4791,47,1,12,1.173,0.361,1.198,0.5,0.908,0.413,0
4792,73,1,3,0.809,0.415,0.653,0.25,0.182,-0.08,0
4793,78,0,4,0.948,0.663,0.628,0.0,0.357,0.204,0
4794,72,1,10,0.752,0.463,0.907,0.0,0.522,0.115,0
4795,72,0,4,0.785,0.675,0.208,0.5,-0.256,-0.031,0
4796,56,0,12,1.025,0.423,0.961,0.5,0.737,0.177,0
4797,47,0,10,0.7,0.641,0.927,1.0,0.257,-0.158,0
4798,55,1,12,1.188,0.57,1.011,0.0,-0.057,0.459,0
4799,74,0,6,0.804,0.509,0.631,0.25,0.461,0.1,0
4800,82,0,3,0.937,0.629,0.7,0.5,0.0,0.312,1
4801,81,1,9,1.07,0.577,0.588,0.0,0.59,-0.018,0
4802,66,0,8,0.751,0.529,0.736,0.25,0.192,-0.096,0
4803,74,0,7,0.866,0.511,0.635,1.0,0.255,0.107,0
4804,37,0,12,0.956,0.617,1.151,0.0,0.759,0.134,0
4805,39,1,10,0.996,0.441,0.602,0.0,0.12,0.175,0
4806,56,0,6,0.754,0.668,0.379,0.0,-0.517,0.071,0
4807,79,1,4,1.089,0.503,0.499,0.5,-0.09,0.46,0
4808,68,0,8,0.717,0.576,0.59,0.0,0.206,-0.319,0
4809,80,1,7,1.001,0.668,0.616,0.5,0.198,0.324,0
4810,80,1,8,1.123,0.58,0.826,0.0,0.261,0.542,0
4811,81,0,9,0.781,0.429,0.788,0.5,0.404,0.013,1
4812,79,1,7,1.054,0.773,0.91,0.0,0.137,0.447,1
4813,54,1,12,0.905,0.668,1.023,0.0,0.483,0.247,0
4814,44,0,8,0.819,0.412,0.836,0.5,0.552,0.08,0
4815,31,1,12,0.917,0.581,1.001,0.25,0.29,0.069,0
4816,50,1,10,0.965,0.648,1.023,0.0,0.567,0.115,0
4817,43,1,8,0.87,0.537,0.761,0.5,0.547,0.084,0
4818,40,1,5,1.109,0.399,0.453,0.0,0.148,0.227,0
4819,56,0,4,1.01,0.597,0.537,0.0,-0.181,0.313,0
4820,84,1,8,0.739,0.696,0.983,0.0,0.693,0.103,0
4821,31,0,5,1.036,0.569,0.668,0.75,0.336,0.241,0
4822,43,0,12,0.928,0.581,1.3,0.5,1.046,-0.02,0
4823,83,0,9,0.808,0.634,0.943,0.5,0.424,0.074,0
4824,52,1,10,0.765,0.567,0.815,0.0,0.202,0.022,0
4825,57,1,7,0.836,0.445,0.874,0.0,0.338,-0.01,0
4826,63,1,9,0.866,0.544,0.785,0.0,0.2,0.119,0
4827,45,0,9,0.912,0.358,0.503,0.5,0.619,0.249,0
4828,35,1,4,0.877,0.655,0.652,0.0,0.224,0.433,0
4829,66,1,7,0.895,0.598,0.845,0.25,0.8,0.482,1
4830,74,1,3,0.687,0.624,0.448,0.25,0.282,0.148,0
4831,83,1,5,0.853,0.524,0.6,0.25,0.135,-0.035,0
4832,33,0,9,0.755,0.675,0.815,0.25,0.504,0.142,0
4833,39,0,5,0.687,0.602,0.725,0.25,0.586,-0.028,0
4834,38,0,5,1.098,0.586,0.767,0.0,0.189,0.312,0
4835,76,0,5,0.495,0.557,0.559,0.0,0.342,-0.375,0
4836,50,0,4,0.566,0.7,0.858,0.0,0.261,-0.174,0
4837,81,0,10,0.966,0.598,0.693,1.0,0.236,0.27,0
4838,31,0,10,1.0,0.676,0.622,0.75,0.339,0.103,0
4839,53,1,10,0.834,0.627,0.7,0.0,0.34,0.177,1
4840,68,0,4,0.774,0.681,0.53,0.0,0.528,-0.034,0
4841,55,1,8,1.074,0.619,0.599,0.5,-0.215,0.254,0
4842,33,0,6,0.884,0.543,0.717,0.5,0.422,0.305,0
4843,42,1,12,1.039,0.674,0.921,0.0,0.517,0.317,0
4844,53,1,12,0.968,0.49,0.648,0.25,0.042,0.133,0
4845,71,0,7,0.747,0.565,0.743,0.0,0.401,-0.162,0
4846,68,1,9,1.081,0.572,0.939,0.25,0.529,0.253,0
4847,64,0,5,0.913,0.567,0.608,0.0,-0.111,0.313,0
4848,61,0,7,0.878,0.589,0.763,0.5,0.269,0.287,1
4849,80,1,4,0.75,0.602,0.503,0.0,0.121,0.281,0
4850,45,1,8,0.902,0.531,0.669,0.25,0.267,-0.013,0
4851,36,0,7,1.127,0.605,1.175,0.0,0.605,0.494,0
4852,40,1,11,1.041,0.551,1.023,0.0,0.779,0.135,0
4853,38,1,11,1.047,0.597,1.133,0.25,0.508,0.251,0
4854,36,0,8,1.03,0.542,0.803,0.5,0.261,0.353,0
4855,68,1,12,0.902,0.489,0.908,0.0,0.674,0.305,0
4856,62,0,4,0.915,0.568,0.7,0.0,0.425,0.433,0
4857,52,1,4,0.871,0.694,0.473,0.0,-0.024,0.313,0
4858,32,1,8,0.769,0.61,0.763,0.0,0.107,0.164,1
4859,76,1,5,0.781,0.646,0.504,0.5,-0.196,-0.098,0
4860,49,0,12,0.92,0.621,0.966,0.0,0.164,0.406,1
4861,54,1,12,0.982,0.757,0.905,0.5,0.162,-0.022,0
4862,64,1,3,0.749,0.572,0.277,0.0,-0.327,0.248,0
4863,45,0,8,0.93,0.421,0.646,0.5,0.384,0.371,0
4864,37,1,3,1.1,0.619,0.53,1.0,-0.274,0.277,0
4865,76,1,7,0.924,0.595,1.094,0.5,0.846,0.118,1
4866,72,0,9,0.858,0.658,0.879,0.5,0.49,0.031,0
4867,71,0,9,1.047,0.479,0.857,0.5,0.627,0.225,0
4868,53,1,3,0.788,0.533,0.472,0.25,-0.01,0.195,0
4869,82,1,11,0.82,0.553,0.928,0.5,0.405,0.12,0
4870,75,0,5,0.549,0.484,0.631,0.5,0.226,-0.291,0
4871,37,0,10,0.893,0.569,0.723,0.0,0.396,0.066,0
4872,71,1,9,0.842,0.658,0.851,0.0,0.242,0.016,0
4873,46,0,5,0.858,0.7,0.633,0.0,0.208,0.269,0
4874,76,0,6,1.091,0.578,0.848,1.0,0.442,0.414,0
4875,77,1,5,0.861,0.644,0.508,0.75,0.1,-0.106,0
4876,59,1,5,0.908,0.592,0.646,0.0,0.224,0.289,0
4877,61,0,7,0.69,0.657,0.788,0.25,0.115,-0.01,0
4878,67,0,11,1.135,0.579,0.868,1.0,0.572,0.39,0
4879,63,0,10,0.955,0.511,0.8,0.75,0.289,0.13,0
4880,80,0,4,0.882,0.558,0.294,0.25,-0.242,0.212,0
4881,42,1,11,1.004,0.357,0.759,0.0,0.285,0.243,0
4882,62,1,6,0.885,0.6,0.772,0.0,0.361,-0.055,0
4883,31,0,6,0.682,0.664,0.432,0.0,0.07,-0.008,0
4884,64,0,8,0.885,0.489,0.857,0.75,0.417,-0.06,0
4885,54,0,7,0.925,0.521,0.526,0.0,-0.049,0.167,0
4886,84,0,6,0.796,0.625,0.819,0.5,0.386,0.013,0
4887,34,1,5,0.806,0.546,0.804,0.0,0.252,0.151,1
4888,36,1,12,1.004,0.478,1.242,0.0,0.98,0.288,0
4889,62,1,4,0.822,0.696,0.666,0.25,0.203,0.042,0
4890,33,0,9,1.126,0.598,0.434,0.0,0.117,0.46,0
4891,59,1,6,0.683,0.423,0.737,1.0,0.211,-0.141,0
4892,72,1,9,1.102,0.437,0.81,0.0,0.442,0.302,0
4893,38,0,11,1.055,0.642,0.807,0.25,0.545,0.31,0
4894,48,0,10,0.912,0.496,0.712,0.25,0.418,0.358,0
4895,42,0,9,0.872,0.488,0.848,0.0,0.245,0.172,0
4896,50,1,8,0.838,0.719,0.823,0.0,0.335,-0.048,0
4897,54,1,12,0.981,0.507,0.982,1.0,0.534,0.153,0
4898,31,1,10,0.803,0.518,0.699,0.0,0.215,0.091,0
4899,71,0,5,0.803,0.651,0.595,0.0,0.464,-0.058,0
4900,81,0,9,0.863,0.486,0.99,0.75,0.657,-0.104,0
4901,59,0,10,0.699,0.55,0.96,0.0,0.287,0.177,0
4902,57,0,3,0.686,0.455,0.423,0.0,0.054,0.031,0
4903,52,0,10,1.05,0.551,1.047,0.0,0.545,0.254,0
4904,63,0,10,1.031,0.619,1.151,0.0,0.471,0.292,1
4905,31,1,7,0.877,0.651,0.683,0.0,0.293,0.168,0
4906,62,0,4,0.919,0.7,0.532,0.5,-0.009,-0.043,0
4907,48,1,12,1.083,0.647,1.144,0.0,0.513,0.358,0
4908,65,0,11,0.883,0.544,0.918,0.5,0.481,0.001,0
4909,64,0,9,1.01,0.703,0.871,0.25,0.306,0.306,0
4910,78,1,5,0.795,0.601,0.212,0.75,-0.234,-0.067,0
4911,45,0,11,0.821,0.683,0.85,0.5,0.447,0.156,0
4912,61,1,6,0.789,0.592,0.374,0.0,-0.313,0.089,0
4913,33,1,11,1.155,0.473,0.934,0.75,0.309,0.46,0
4914,47,1,10,0.83,0.551,0.646,1.0,-0.054,-0.062,0
4915,36,1,3,0.925,0.588,0.777,1.0,0.229,0.29,0
4916,42,0,5,0.99,0.737,0.397,0.25,-0.126,0.182,0
4917,76,0,9,1.088,0.623,0.66,0.75,0.247,0.161,0
4918,80,0,9,0.644,0.53,0.608,0.0,0.398,0.015,0
4919,69,0,8,0.879,0.551,0.915,0.25,0.605,0.201,0
4920,72,0,11,1.051,0.608,0.917,1.0,0.217,0.245,1
4921,84,0,4,0.72,0.714,0.508,0.0,0.19,0.296,0
4922,76,0,3,0.791,0.535,0.533,0.0,-0.198,0.122,0
4923,54,1,12,1.023,0.711,0.839,0.5,-0.107,0.061,0
4924,50,1,5,0.854,0.548,0.634,0.0,0.426,-0.068,0
4925,55,0,7,0.806,0.7,0.491,0.0,-0.114,0.07,0
4926,43,1,5,0.73,0.603,0.587,0.75,-0.051,-0.023,0
4927,60,1,6,0.699,0.6,0.539,0.0,-0.161,-0.1,0
4928,41,0,6,0.916,0.638,0.72,0.0,0.136,0.261,0
4929,61,0,10,0.893,0.583,0.825,0.75,0.06,0.244,0
4930,69,1,10,0.859,0.588,0.831,0.0,0.277,0.02,0
4931,48,1,10,0.862,0.648,1.046,0.0,0.721,-0.103,0
4932,50,1,11,0.92,0.436,0.633,0.5,0.079,0.119,0
4933,38,0,12,0.944,0.474,0.58,0.75,0.255,0.089,0
4934,68,1,6,0.879,0.537,0.619,0.75,-0.094,0.218,1
4935,36,1,8,0.982,0.542,0.981,0.25,0.432,0.308,0
4936,64,0,3,0.95,0.512,0.549,0.0,0.304,0.252,0
4937,61,0,5,0.702,0.506,0.652,0.75,-0.036,-0.087,0
4938,58,0,10,1.121,0.498,0.987,0.0,0.541,0.525,0
4939,30,0,11,1.007,0.565,1.074,0.5,0.579,0.143,0
4940,71,0,6,0.899,0.591,0.57,0.0,0.029,0.056,0
4941,51,0,8,1.027,0.655,0.72,1.0,0.245,0.163,0
4942,59,1,11,1.025,0.645,0.975,0.0,0.375,0.459,0
4943,79,1,11,0.936,0.509,0.591,1.0,0.179,0.14,0
4944,53,1,12,1.114,0.656,0.883,0.25,0.218,0.36,1
4945,46,0,4,0.764,0.498,0.684,0.0,-0.003,0.176,0
4946,81,0,6,0.77,0.577,0.761,0.0,0.316,0.123,0
4947,50,0,11,0.974,0.7,1.202,0.0,0.896,0.102,1
4948,79,1,3,0.752,0.635,0.509,1.0,-0.093,0.06,0
4949,80,1,5,0.823,0.738,0.642,0.5,0.117,-0.005,0
4950,70,1,6,0.93,0.592,0.677,0.0,0.488,0.069,0
4951,63,1,10,0.915,0.466,0.584,0.0,0.189,0.284,0
4952,73,1,3,0.844,0.628,0.38,0.5,0.029,-0.046,0
4953,40,0,3,0.818,0.519,0.557,0.0,0.146,0.265,0
4954,53,1,4,0.792,0.7,0.31,0.0,-0.101,-0.0,0
4955,35,0,5,0.903,0.602,0.536,0.5,0.134,0.216,0
4956,47,0,6,0.936,0.559,0.7,0.0,0.308,0.222,0
4957,61,0,12,0.984,0.55,1.107,0.0,0.673,0.294,0
4958,64,0,10,0.807,0.465,0.716,0.75,0.059,0.157,0
4959,44,0,6,0.93,0.769,0.778,0.75,0.333,0.032,0
4960,54,1,12,1.057,0.537,1.355,0.5,0.708,0.271,1
4961,80,0,6,0.752,0.632,0.75,0.0,-0.042,0.156,0
4962,43,1,12,0.923,0.554,0.943,1.0,0.603,0.028,1
4963,30,0,9,0.722,0.587,1.042,0.75,0.635,-0.102,0
4964,47,1,5,0.796,0.579,0.514,0.25,-0.017,0.116,0
4965,51,0,12,0.839,0.641,0.966,0.0,0.573,0.138,0
4966,80,0,3,0.786,0.337,0.674,0.0,0.319,0.023,0
4967,82,1,4,0.794,0.705,0.538,0.0,0.2,0.171,0
4968,31,0,10,1.042,0.478,1.146,0.0,0.905,0.418,0
4969,44,1,11,1.148,0.654,0.822,1.0,0.588,0.547,0
4970,72,0,6,0.998,0.624,0.414,1.0,0.132,0.227,0
4971,60,0,12,0.909,0.614,0.943,1.0,0.688,0.056,0
4972,74,1,12,0.965,0.576,1.164,0.5,0.75,0.38,0
4973,65,0,10,1.071,0.659,0.587,0.0,0.077,0.218,0
4974,67,0,12,0.969,0.601,1.12,0.5,0.575,-0.036,1
4975,70,0,6,0.916,0.552,0.451,0.0,-0.051,0.144,0
4976,49,0,12,1.004,0.547,0.774,0.5,0.482,0.285,1
4977,72,0,3,0.813,0.7,0.426,0.5,-0.032,0.038,0
4978,32,0,7,1.076,0.575,0.648,0.0,0.288,0.282,0
4979,41,1,3,0.985,0.641,0.751,0.0,0.202,0.106,0
4980,34,0,4,0.728,0.66,0.425,0.75,0.163,0.055,0
4981,32,1,3,0.876,0.7,0.617,0.5,0.064,0.176,0
4982,76,1,8,0.932,0.641,0.657,0.75,0.21,0.114,0
4983,43,1,11,0.881,0.602,0.619,0.0,0.25,0.274,0
4984,67,1,5,0.972,0.611,0.68,0.75,0.13,0.144,0
4985,39,0,8,0.721,0.571,0.803,0.5,0.555,-0.109,0
4986,40,1,7,0.906,0.735,0.712,0.0,-0.038,0.139,0
4987,53,0,8,0.961,0.569,0.425,0.0,-0.077,0.252,0
4988,31,1,11,0.994,0.7,0.522,0.0,0.121,0.284,0
4989,71,0,7,0.789,0.641,0.744,1.0,0.561,0.09,1
4990,55,1,3,0.428,0.712,0.286,0.0,-0.379,-0.063,0
4991,52,1,10,0.839,0.473,0.843,1.0,0.123,-0.151,1
4992,77,1,5,0.951,0.609,0.648,0.0,0.206,0.183,0
4993,61,0,7,0.895,0.723,0.44,1.0,0.198,-0.008,0
4994,45,1,7,1.088,0.605,0.803,0.0,0.375,0.349,0
4995,67,1,9,1.055,0.598,0.604,0.75,0.165,0.349,0
4996,63,0,8,0.963,0.493,0.7,0.75,0.272,0.137,0
4997,83,1,5,0.717,0.634,0.72,1.0,0.02,-0.234,0
4998,70,1,4,0.903,0.483,0.495,0.25,0.236,0.352,0
4999,46,0,6,0.492,0.586,0.681,0.75,0.051,-0.023,0
5000,77,1,10,1.111,0.541,0.933,0.25,0.403,0.373,0
5001,76,1,5,0.853,0.583,0.768,0.5,0.516,0.135,0
5002,36,1,9,1.073,0.491,0.794,0.25,0.476,0.276,0
5003,51,0,7,0.979,0.51,0.626,0.0,0.348,0.17,0
5004,40,0,4,0.713,0.526,0.722,0.75,0.0,-0.026,0
5005,80,1,4,0.82,0.65,0.429,0.25,-0.118,0.115,0
5006,47,0,7,0.883,0.642,0.441,0.0,-0.024,0.164,0
5007,70,0,11,0.7,0.589,0.952,0.5,0.427,-0.126,1
5008,34,1,3,0.831,0.631,0.563,0.5,0.321,0.037,0
5009,46,1,11,1.16,0.542,0.852,0.0,0.093,0.325,1
5010,63,0,6,0.717,0.707,0.674,0.75,-0.026,-0.049,0
5011,42,0,7,0.865,0.576,0.479,0.75,-0.095,0.26,0
5012,67,0,6,0.968,0.604,0.519,0.0,-0.181,0.214,0
5013,56,1,10,1.034,0.478,1.099,0.0,0.534,0.4,0
5014,56,1,5,0.685,0.7,0.707,0.5,0.206,-0.021,0
5015,79,1,8,0.908,0.552,0.697,0.75,0.094,0.21,1
5016,64,1,10,0.952,0.425,0.851,0.75,0.23,0.336,0
5017,57,1,4,0.672,0.738,0.864,0.0,0.219,-0.029,0
5018,42,1,11,0.612,0.476,1.298,1.0,0.851,-0.126,1
5019,47,0,9,0.918,0.618,0.894,0.0,0.271,0.355,0
5020,37,0,8,0.839,0.546,0.908,0.25,0.557,0.163,0
5021,71,1,10,0.981,0.645,0.931,0.0,0.225,0.23,1
5022,77,1,4,0.681,0.568,0.734,1.0,0.275,-0.019,0
5023,37,0,11,1.044,0.501,1.197,0.25,0.572,0.372,0
5024,31,1,5,0.893,0.749,0.456,0.75,-0.239,0.036,0
5025,30,0,7,0.848,0.499,0.586,0.0,0.233,0.1,0
5026,58,0,10,1.136,0.573,0.383,0.5,-0.363,0.468,0
5027,83,1,12,0.98,0.564,0.622,0.0,0.375,0.292,0
5028,83,0,10,1.045,0.567,0.7,0.0,0.048,0.416,0
5029,63,0,8,0.882,0.65,0.512,0.75,0.039,0.065,0
5030,61,0,5,0.786,0.572,0.59,1.0,0.007,0.117,0
5031,57,1,7,0.905,0.595,0.826,0.0,0.411,0.254,1
5032,43,1,4,1.045,0.615,0.461,0.0,-0.099,0.304,0
5033,43,1,3,0.802,0.658,0.548,0.5,0.039,0.06,0
5034,63,0,10,0.909,0.561,0.835,1.0,0.533,0.088,1
5035,68,1,7,0.747,0.647,0.416,0.75,-0.25,0.047,0
5036,67,0,11,0.896,0.585,0.95,0.0,0.563,0.067,1
5037,36,0,3,0.858,0.597,0.565,1.0,-0.181,0.111,0
5038,66,1,5,0.972,0.643,0.686,0.5,0.454,0.15,1
5039,77,0,12,0.888,0.622,1.005,0.25,0.468,-0.104,0
5040,67,1,10,0.75,0.612,0.781,0.25,0.4,-0.302,0
5041,52,1,3,0.849,0.645,0.8,0.0,0.416,0.173,0
5042,61,1,4,0.839,0.579,0.534,0.25,0.003,0.139,0
5043,80,0,7,0.961,0.603,0.542,0.75,0.111,0.195,0
5044,74,0,5,0.854,0.576,0.552,0.0,-0.031,0.283,0
5045,44,0,6,1.196,0.764,0.485,0.0,0.273,0.567,0
5046,71,1,10,1.043,0.62,0.973,0.5,0.475,0.243,0
5047,83,1,3,0.627,0.734,0.456,0.5,-0.106,0.125,0
5048,82,1,11,0.929,0.526,0.728,0.0,0.321,0.015,0
5049,74,1,6,0.961,0.611,0.649,0.0,0.426,0.163,0
5050,72,1,7,0.834,0.586,0.671,0.75,0.424,0.101,1
5051,76,1,3,0.617,0.606,0.812,1.0,0.37,-0.134,0
5052,78,1,3,0.875,0.661,0.444,0.75,-0.221,0.096,1
5053,53,1,12,0.968,0.531,1.013,0.5,0.663,0.185,1
5054,34,0,3,0.873,0.732,0.7,0.0,-0.027,0.15,0
5055,33,0,12,0.913,0.639,0.885,0.5,0.342,0.254,0
5056,34,0,7,0.96,0.598,0.642,0.5,-0.128,0.314,0
5057,38,0,5,0.935,0.436,0.724,0.75,0.725,0.138,0
5058,38,0,5,0.748,0.63,0.403,0.0,0.044,-0.013,0
5059,45,1,3,0.756,0.612,0.598,0.5,0.078,0.063,0
5060,47,1,4,0.873,0.583,0.663,0.0,0.347,0.116,0
5061,65,1,11,1.038,0.534,0.857,0.0,0.207,0.181,0
5062,54,0,11,1.235,0.654,0.837,0.0,0.534,0.711,0
5063,63,1,7,0.713,0.534,0.771,0.0,0.411,-0.007,0
5064,59,0,4,0.913,0.594,0.93,0.25,0.466,-0.201,0
5065,46,1,4,0.84,0.424,0.404,1.0,0.187,0.038,0
5066,74,0,12,0.755,0.555,1.244,0.5,0.519,0.073,0
5067,84,1,11,0.782,0.586,0.828,0.0,0.118,-0.142,0
5068,41,1,4,0.667,0.394,0.375,0.5,-0.049,0.089,0
5069,72,1,6,0.773,0.592,0.7,0.5,-0.154,-0.108,0
5070,42,0,6,0.845,0.597,0.823,1.0,0.539,0.334,0
5071,81,0,11,1.079,0.454,0.896,0.0,0.315,0.189,0
5072,56,0,9,0.933,0.594,1.0,0.0,0.797,0.203,0
5073,39,1,5,1.01,0.569,0.628,0.75,0.142,0.312,0
5074,72,1,7,0.751,0.483,0.763,0.5,0.274,-0.126,0
5075,35,1,8,0.758,0.563,0.624,0.0,0.25,0.03,0
5076,66,1,6,0.879,0.634,0.542,0.0,0.253,0.19,0
5077,45,0,11,0.7,0.543,1.018,0.0,0.751,-0.079,0
5078,63,1,7,0.847,0.562,0.895,0.0,0.32,-0.083,0
5079,54,0,11,0.776,0.686,1.218,0.5,0.696,-0.269,0
5080,59,1,5,0.838,0.598,0.783,0.25,0.6,0.165,0
5081,50,0,12,0.819,0.591,1.002,0.5,0.46,0.014,1
5082,78,1,4,0.889,0.699,0.697,0.75,-0.047,0.078,1
5083,62,1,7,1.013,0.521,0.806,0.0,0.801,0.301,0
5084,63,1,10,0.785,0.318,0.748,0.0,0.316,-0.132,1
5085,77,0,12,0.832,0.635,0.606,1.0,0.58,0.288,0
5086,35,1,5,0.853,0.546,0.498,0.0,-0.127,0.118,0
5087,49,0,3,0.828,0.788,0.58,0.0,-0.207,0.066,0
5088,42,0,9,0.925,0.574,0.702,0.25,0.002,0.128,0
5089,46,1,4,0.969,0.53,0.687,0.0,0.031,0.127,0
5090,30,1,3,0.744,0.7,0.546,0.5,0.108,-0.018,0
5091,59,0,7,0.984,0.483,0.464,0.0,-0.291,0.3,0
5092,59,1,3,0.91,0.667,0.214,0.0,-0.218,0.128,0
5093,41,1,6,0.937,0.379,0.465,0.0,0.095,0.138,0
5094,41,1,11,1.191,0.7,0.698,0.0,0.365,0.452,1
5095,58,1,3,0.746,0.67,0.933,1.0,0.5,0.126,0
5096,80,0,4,0.955,0.537,0.625,0.0,0.207,0.176,0
5097,79,1,3,0.702,0.568,0.543,0.75,0.365,0.039,0
5098,48,0,12,0.67,0.636,0.991,0.0,0.781,-0.319,1
5099,49,0,6,0.863,0.558,0.639,0.0,0.28,0.14,0
5100,37,1,4,1.107,0.655,0.645,0.0,0.178,0.265,0
5101,74,0,7,0.844,0.537,0.515,0.5,0.125,0.047,0
5102,69,1,6,0.88,0.49,0.83,0.0,0.394,0.18,1
5103,74,0,6,0.866,0.574,0.826,1.0,0.45,0.148,1
5104,40,0,10,0.705,0.538,0.826,0.5,0.684,-0.017,0
5105,80,1,9,1.063,0.584,0.568,0.75,0.325,0.204,0
5106,66,0,9,0.93,0.625,0.867,1.0,0.446,0.154,1
5107,45,1,9,0.821,0.564,0.7,0.25,0.502,0.121,0
5108,69,0,9,0.822,0.643,0.655,0.0,0.224,0.078,0
5109,34,0,3,0.765,0.624,0.718,0.25,0.226,-0.028,0
5110,79,1,4,0.737,0.738,0.912,0.0,0.682,-0.043,0
5111,83,0,9,1.194,0.579,0.804,0.0,-0.036,0.692,0
5112,37,0,9,0.838,0.516,0.601,0.5,0.239,0.036,0
5113,46,0,10,0.886,0.45,1.11,0.0,0.507,-0.026,0
5114,39,0,11,0.838,0.412,1.183,0.75,0.902,0.185,1
5115,77,0,8,0.816,0.502,0.75,0.0,0.269,0.116,0
5116,47,0,12,0.952,0.586,0.87,0.5,0.003,0.191,0
5117,39,1,4,0.837,0.7,0.476,0.0,0.176,0.06,0
5118,83,0,8,1.081,0.602,1.051,0.25,0.977,0.191,0
5119,59,0,4,1.001,0.644,0.772,0.25,0.185,0.247,0
5120,71,0,4,0.634,0.605,0.591,0.0,-0.131,-0.121,0
5121,53,0,12,0.813,0.387,1.084,0.0,0.714,0.224,0
5122,60,0,8,1.125,0.59,1.009,0.0,0.436,0.203,0
5123,62,0,7,0.965,0.497,0.601,0.0,-0.094,0.098,0
5124,53,1,5,0.681,0.469,0.824,1.0,0.043,-0.107,0
5125,72,1,5,0.839,0.7,0.099,0.0,-0.556,0.031,0
5126,56,0,12,1.069,0.523,0.79,0.0,0.413,0.336,0
5127,77,0,5,0.868,0.669,0.609,0.0,-0.091,-0.033,0
5128,41,0,8,0.731,0.622,0.856,0.0,0.62,0.011,0
5129,83,1,7,0.909,0.586,0.957,0.75,0.291,0.014,0
5130,57,1,11,1.061,0.507,0.807,1.0,0.487,0.26,0
5131,61,1,5,0.843,0.575,0.754,0.0,0.459,-0.189,0
5132,65,1,7,0.7,0.445,0.632,0.25,0.032,-0.159,0
5133,66,1,10,0.998,0.647,0.75,0.75,0.347,0.013,0
5134,79,1,4,0.808,0.717,0.562,0.0,-0.211,-0.029,0
5135,73,1,5,0.753,0.484,1.038,0.0,0.713,-0.011,1
5136,84,0,8,0.852,0.512,0.662,0.0,0.212,0.106,0
5137,40,1,4,0.853,0.725,0.362,1.0,-0.047,0.319,0
5138,72,0,4,0.799,0.584,0.7,0.75,-0.064,0.053,0
5139,58,1,9,1.214,0.552,0.792,0.25,0.192,0.363,0
5140,41,0,10,1.013,0.589,0.75,0.0,0.317,0.283,0
5141,68,1,4,0.873,0.533,0.644,0.0,0.149,0.074,0
5142,38,0,3,0.949,0.374,0.724,0.0,0.441,0.075,0
5143,42,0,6,0.81,0.59,0.508,0.0,0.214,-0.006,0
5144,54,1,12,0.951,0.49,0.777,0.25,0.494,0.054,0
5145,73,0,12,1.218,0.616,0.754,1.0,0.526,0.477,0
5146,35,1,10,0.866,0.532,0.822,0.0,0.58,0.029,0
5147,68,1,8,0.911,0.589,1.05,0.25,0.267,0.373,0
5148,62,0,12,0.997,0.541,1.092,0.0,0.624,0.311,1
5149,71,0,6,0.817,0.609,0.391,0.0,0.078,0.139,0
5150,45,1,6,0.896,0.7,1.023,0.75,0.482,0.102,0
5151,36,0,7,0.955,0.614,0.58,0.0,0.353,0.327,0
5152,73,1,6,0.772,0.584,0.598,0.0,-0.081,-0.11,0
5153,48,1,11,1.101,0.485,0.825,0.0,0.194,0.229,0
5154,77,0,7,0.898,0.548,0.739,0.0,0.528,0.122,0
5155,66,0,4,1.049,0.509,0.585,0.25,-0.028,0.321,0
5156,75,1,3,0.866,0.594,0.708,0.0,0.418,0.08,1
5157,40,0,10,0.961,0.549,0.877,0.25,0.483,0.135,0
5158,78,0,6,1.083,0.587,0.767,0.25,0.544,0.526,0
5159,70,0,10,1.198,0.623,0.867,1.0,0.129,0.274,1
5160,40,0,3,0.771,0.651,0.7,0.0,0.438,0.066,0
5161,37,0,9,0.756,0.578,0.837,0.0,0.42,0.215,0
5162,57,1,6,0.99,0.786,0.634,0.0,-0.05,0.007,0
5163,81,1,7,0.851,0.7,0.761,0.0,0.196,0.144,0
5164,60,0,4,0.848,0.568,0.42,0.75,-0.149,0.138,0
5165,42,1,12,0.764,0.561,0.915,0.5,0.429,0.171,0
5166,68,0,7,0.937,0.536,0.729,0.0,0.42,0.293,0
5167,58,1,5,0.811,0.599,0.781,0.0,0.264,0.123,1
5168,52,1,5,0.744,0.553,0.309,0.0,0.077,-0.026,0
5169,69,1,12,1.119,0.55,1.123,0.0,0.937,0.337,0
5170,62,1,9,0.79,0.429,0.531,0.0,-0.2,0.064,0
5171,84,1,7,0.72,0.531,0.732,1.0,0.365,-0.041,1
5172,66,0,6,0.828,0.727,0.938,1.0,0.587,0.202,1
5173,51,0,12,0.855,0.399,0.7,0.75,0.095,-0.074,0
5174,30,0,12,1.004,0.464,1.089,1.0,0.693,0.51,0
5175,34,1,12,0.988,0.592,1.08,1.0,0.467,0.274,0
5176,38,1,9,0.893,0.418,0.771,0.25,0.421,0.13,1
5177,50,0,5,0.805,0.653,0.446,0.0,-0.325,0.279,0
5178,39,1,3,0.73,0.472,0.684,0.75,0.127,-0.161,0
5179,52,1,9,0.828,0.506,0.767,0.0,0.067,0.235,0
5180,72,1,10,0.923,0.45,0.646,0.0,0.142,0.004,0
5181,70,0,3,0.971,0.728,0.44,1.0,-0.359,0.351,0
5182,43,0,5,0.813,0.664,0.604,0.0,0.128,0.281,0
5183,50,0,5,0.683,0.657,0.21,0.5,-0.349,-0.073,0
5184,33,1,10,1.16,0.417,0.794,0.75,0.158,0.329,0
5185,34,1,12,1.052,0.434,0.961,0.25,0.358,0.206,0
5186,76,0,11,0.847,0.536,0.98,0.25,0.717,0.179,0
5187,32,0,4,0.929,0.605,0.485,0.5,-0.091,0.214,0
5188,71,1,8,0.943,0.547,0.685,0.5,0.164,0.329,1
5189,54,0,8,0.812,0.561,0.804,1.0,0.386,0.169,1
5190,46,0,4,0.889,0.587,0.73,0.0,0.512,0.189,0
5191,69,1,7,0.889,0.639,0.647,0.25,0.074,0.14,0
5192,48,0,6,0.791,0.51,0.717,0.5,0.367,0.255,0
5193,82,0,6,1.062,0.617,0.472,0.25,0.119,0.421,0
5194,74,0,11,1.011,0.519,0.798,0.0,0.183,0.267,1
5195,72,0,7,0.899,0.568,0.732,0.0,0.191,0.118,0
5196,35,1,9,0.893,0.598,0.705,0.0,0.536,-0.124,0
5197,43,0,5,0.864,0.597,0.776,0.0,0.566,0.18,0
5198,77,1,4,0.891,0.483,0.532,0.5,0.002,0.279,1
5199,73,1,3,0.882,0.652,0.293,0.0,-0.027,-0.115,0
5200,78,0,9,0.942,0.7,0.597,1.0,0.11,0.126,0
5201,70,0,3,0.944,0.639,0.517,0.0,0.034,0.094,0
5202,40,1,6,0.803,0.627,1.004,0.0,0.305,-0.145,0
5203,75,1,12,0.982,0.503,0.615,0.0,0.091,0.142,0
5204,53,1,6,0.75,0.53,0.758,0.0,0.203,0.017,0
5205,40,0,12,1.299,0.593,0.723,0.25,-0.083,0.599,0
5206,45,0,3,0.819,0.535,0.916,0.0,0.423,0.098,0
5207,53,0,7,0.688,0.557,0.983,0.0,0.218,0.034,0
5208,72,1,6,1.064,0.543,0.543,0.0,0.057,0.39,0
5209,52,0,6,0.855,0.52,0.338,0.0,-0.197,0.132,0
5210,77,1,4,0.881,0.564,0.671,0.0,0.265,-0.107,0
5211,35,0,5,0.805,0.66,0.582,1.0,0.238,0.03,0
5212,42,0,5,0.896,0.541,0.701,1.0,0.367,0.273,0
5213,39,1,4,0.634,0.578,0.493,1.0,0.206,-0.101,0
5214,54,1,5,0.801,0.698,0.593,1.0,0.043,0.148,0
5215,56,0,5,0.923,0.582,0.526,0.75,-0.061,0.223,0
5216,62,1,8,0.931,0.625,0.638,0.0,-0.009,0.016,0
5217,35,1,7,0.947,0.625,0.749,0.0,0.433,-0.044,0
5218,60,0,11,0.995,0.38,0.815,1.0,0.216,0.358,0
5219,73,0,9,0.623,0.507,0.942,0.75,0.608,-0.02,0
5220,52,0,5,0.827,0.726,0.648,0.25,-0.025,0.127,0
5221,60,1,9,0.7,0.622,0.756,0.0,0.269,-0.154,0
5222,30,0,4,0.642,0.74,0.8,0.25,0.336,-0.134,0
5223,82,1,12,1.039,0.503,0.7,0.25,0.309,0.464,1
5224,77,1,8,0.776,0.457,0.479,0.0,-0.141,0.101,0
5225,82,0,5,0.9,0.587,0.506,0.25,-0.064,0.153,0
5226,43,0,8,1.036,0.623,0.64,0.5,0.138,0.447,0
5227,38,1,11,1.083,0.621,1.011,1.0,0.302,0.362,1
5228,57,0,11,0.882,0.587,0.689,1.0,0.343,0.165,0
5229,42,1,8,0.679,0.503,0.859,0.0,0.266,-0.201,0
5230,74,1,11,0.703,0.624,0.673,0.0,0.121,-0.008,0
5231,40,1,8,0.804,0.48,0.654,0.0,-0.046,-0.042,0
5232,37,1,11,1.001,0.562,0.835,0.0,0.223,0.058,0
5233,35,0,5,0.705,0.645,0.787,0.0,0.41,-0.036,0
5234,34,0,5,0.842,0.554,0.481,0.0,-0.012,-0.051,0
5235,40,1,11,1.036,0.696,0.7,1.0,0.244,0.281,0
5236,30,0,6,0.853,0.64,0.948,0.0,0.814,0.064,0
5237,43,0,3,1.022,0.562,0.382,0.0,-0.124,0.297,0
5238,81,1,7,0.957,0.697,0.925,0.5,0.418,0.234,0
5239,68,0,11,0.972,0.7,1.19,0.0,0.935,0.184,0
5240,55,1,4,0.68,0.607,0.759,0.5,-0.032,-0.018,0
5241,58,1,6,0.773,0.483,0.501,0.0,0.137,0.3,0
5242,30,1,8,0.962,0.546,0.622,0.0,0.278,0.072,0
5243,64,0,8,0.977,0.563,0.56,0.0,-0.25,0.492,0
5244,37,0,7,0.918,0.585,0.779,1.0,0.327,0.074,0
5245,36,1,10,0.759,0.45,0.944,0.75,0.493,0.171,1
5246,62,1,3,0.7,0.714,0.426,0.5,0.069,-0.057,0
5247,40,1,8,0.886,0.623,0.801,0.0,0.479,0.092,0
5248,46,0,9,0.815,0.552,0.542,0.0,0.119,0.203,0
5249,63,0,12,1.039,0.677,0.918,0.75,0.367,0.113,0
5250,36,0,3,0.844,0.624,0.881,0.0,0.52,0.089,0
5251,47,0,11,1.071,0.601,0.778,0.25,0.324,0.067,0
5252,49,0,8,0.938,0.52,0.7,0.25,0.204,0.113,0
5253,47,1,3,0.895,0.613,0.373,0.0,0.017,0.195,0
5254,54,0,12,0.872,0.646,1.092,0.5,0.628,0.308,0
5255,62,0,4,0.623,0.582,0.7,0.0,0.173,-0.102,0
5256,60,1,5,0.926,0.65,0.37,1.0,0.039,0.289,0
5257,80,0,12,0.908,0.574,1.294,1.0,0.946,0.254,0
5258,52,0,12,0.931,0.733,1.07,0.25,0.6,0.205,0
5259,72,0,6,0.761,0.51,0.406,0.0,0.055,-0.077,0
5260,52,1,7,0.925,0.621,0.727,0.0,0.022,0.355,0
5261,45,1,5,0.7,0.684,0.753,0.0,0.527,0.021,0
5262,44,0,5,0.855,0.437,0.354,0.5,-0.09,0.158,0
5263,47,0,9,1.028,0.562,0.732,0.75,0.286,0.213,0
5264,74,1,9,0.973,0.528,0.448,0.0,-0.045,0.278,0
5265,80,1,3,0.7,0.551,0.29,1.0,0.023,-0.116,0
5266,39,1,6,0.662,0.61,0.633,0.0,0.205,-0.168,0
5267,35,0,8,0.7,0.637,0.762,0.0,0.172,-0.07,0
5268,84,1,12,1.149,0.428,0.804,1.0,0.693,0.146,1
5269,58,1,9,0.922,0.7,0.985,0.0,0.341,0.068,0
5270,74,0,5,0.707,0.5,0.451,0.75,-0.014,0.074,0
5271,46,1,9,0.747,0.606,1.273,0.0,0.788,0.085,1
5272,77,0,12,0.7,0.554,1.007,0.5,0.537,0.102,0
5273,82,1,12,1.032,0.554,0.601,0.0,0.27,0.32,1
5274,44,0,11,0.846,0.582,1.072,0.0,0.591,-0.008,0
5275,36,0,11,0.979,0.601,0.905,0.0,0.414,0.026,0
5276,84,1,4,0.695,0.571,0.769,0.5,0.575,-0.155,1
5277,63,1,4,0.761,0.732,0.757,0.25,0.389,0.162,0
5278,37,0,8,0.86,0.669,0.241,0.0,-0.459,0.138,0
5279,63,0,10,1.087,0.658,0.591,1.0,0.112,0.579,0
5280,80,0,11,0.919,0.49,0.457,0.25,0.122,0.03,0
5281,51,0,10,0.917,0.645,0.881,1.0,0.181,0.21,0
5282,73,0,3,0.772,0.513,0.503,0.0,-0.007,0.03,0
5283,61,0,10,0.848,0.715,1.006,0.0,0.73,0.144,0
5284,82,0,9,0.917,0.523,0.876,0.0,0.536,0.257,0
5285,61,0,11,0.725,0.563,0.81,0.75,0.602,-0.084,0
5286,68,1,6,0.788,0.592,0.759,0.0,0.669,0.082,0
5287,68,1,8,0.933,0.487,0.979,0.25,0.949,-0.025,0
5288,77,0,3,1.111,0.618,0.598,0.0,0.218,0.29,0
5289,42,1,4,0.561,0.699,0.781,0.75,0.252,0.096,0
5290,48,1,11,0.982,0.6,0.792,0.75,0.308,0.227,0
5291,48,1,7,0.898,0.492,0.631,0.75,0.492,0.265,0
5292,41,1,11,1.004,0.556,0.912,0.0,0.505,0.304,1
5293,63,1,5,0.803,0.576,0.565,1.0,-0.006,-0.082,0
5294,58,0,12,1.061,0.742,0.838,0.0,0.057,0.643,0
5295,33,1,5,0.943,0.717,0.449,1.0,-0.094,0.145,0
5296,46,1,5,0.752,0.603,0.453,0.5,-0.011,-0.007,0
5297,42,1,3,0.918,0.563,0.191,0.0,0.13,0.379,0
5298,31,0,5,0.971,0.561,0.369,0.25,-0.016,0.22,0
5299,75,1,10,0.868,0.595,0.77,0.0,0.413,0.13,0
5300,55,0,4,0.89,0.546,0.858,0.0,0.354,0.08,0
5301,50,1,11,1.162,0.484,0.712,0.0,0.361,0.469,0
5302,45,1,11,0.871,0.576,1.165,0.0,0.676,0.191,1
5303,72,0,5,0.968,0.527,0.541,1.0,0.144,0.114,0
5304,51,1,5,0.7,0.531,0.431,0.0,0.175,-0.193,0
5305,31,1,6,0.859,0.484,0.712,0.75,0.384,0.333,1
5306,80,1,8,1.165,0.493,0.42,0.0,-0.04,0.533,0
5307,63,1,8,0.87,0.533,0.95,1.0,0.396,0.002,1
5308,51,0,12,0.942,0.551,0.79,0.75,0.061,0.076,0
5309,65,1,7,0.839,0.534,0.675,0.0,0.452,0.096,0
5310,78,1,7,0.919,0.558,0.661,0.5,0.414,0.18,1
5311,67,1,6,1.039,0.587,0.597,0.0,-0.065,0.354,0
5312,74,0,10,1.151,0.594,0.7,0.0,-0.028,0.256,1
5313,49,0,9,0.914,0.536,0.77,0.25,0.534,0.36,0
5314,39,0,7,0.499,0.541,0.633,0.25,0.079,-0.324,0
5315,74,1,11,1.039,0.527,0.699,0.25,0.219,0.288,1
5316,58,0,6,0.931,0.431,0.824,0.25,0.588,0.194,0
5317,59,1,7,0.812,0.605,0.804,0.25,0.283,0.168,1
5318,55,0,6,0.856,0.673,0.611,0.25,0.013,0.109,0
5319,45,1,3,0.845,0.508,0.457,0.25,0.046,0.288,0
5320,56,0,5,0.96,0.64,0.563,0.0,-0.0,0.22,0
5321,57,1,12,0.991,0.604,1.055,0.0,1.024,0.134,0
5322,80,0,12,0.833,0.634,0.821,0.0,0.384,0.104,1
5323,78,0,8,0.918,0.625,0.736,0.0,0.024,0.2,0
5324,48,0,8,1.195,0.494,0.768,0.25,0.209,0.449,0
5325,40,1,3,0.7,0.662,0.662,0.25,0.038,-0.242,0
5326,65,0,11,1.042,0.634,0.787,0.0,0.17,0.277,0
5327,40,1,5,0.943,0.423,0.679,0.5,0.241,0.233,1
5328,75,1,12,0.93,0.662,0.89,0.5,0.736,-0.044,0
5329,76,0,6,0.997,0.664,0.531,0.5,-0.04,0.208,0
5330,49,0,7,0.673,0.664,0.834,0.0,0.053,-0.023,0
5331,84,1,3,0.958,0.519,0.659,0.5,0.11,0.141,0
5332,33,1,4,0.981,0.496,0.526,0.5,-0.069,0.197,0
5333,81,0,7,0.713,0.616,0.615,0.25,-0.007,0.03,0
5334,46,0,3,0.823,0.582,0.337,0.0,-0.363,-0.015,0
5335,35,1,11,0.938,0.539,0.962,1.0,0.412,0.354,0
5336,47,1,11,0.91,0.492,0.769,0.0,0.27,0.228,0
5337,46,0,7,1.0,0.599,0.888,0.0,0.188,0.339,0
5338,45,0,4,0.887,0.7,0.475,0.75,-0.225,0.22,0
5339,46,0,11,0.938,0.522,0.836,0.75,0.742,0.214,0
5340,33,0,3,0.845,0.559,0.361,0.25,-0.446,0.268,0
5341,63,1,8,0.929,0.589,0.986,0.25,0.668,0.142,1
5342,34,0,7,1.112,0.645,0.745,0.0,0.469,0.396,0
5343,60,0,12,0.856,0.522,0.909,0.0,0.665,0.078,0
5344,81,1,9,1.016,0.431,0.83,0.0,0.32,0.413,0
5345,54,0,6,0.856,0.623,1.088,0.0,0.633,0.167,0
5346,52,0,6,0.897,0.636,0.723,0.5,0.36,0.343,0
5347,59,1,5,0.838,0.67,0.802,0.0,0.583,0.161,0
5348,78,1,8,0.993,0.668,0.605,0.0,0.235,0.372,0
5349,53,0,4,0.882,0.526,0.646,0.5,0.165,0.17,0
5350,75,1,11,1.037,0.569,0.905,0.0,0.691,0.237,0
5351,37,1,8,1.081,0.572,1.116,1.0,0.81,0.258,0
5352,49,1,5,0.724,0.7,0.626,1.0,0.125,0.042,0
5353,32,0,10,1.065,0.663,0.658,0.0,0.088,0.382,0
5354,31,0,11,0.857,0.488,0.502,0.0,0.21,0.275,0
5355,74,1,6,0.849,0.58,0.466,1.0,-0.012,0.216,0
5356,74,1,9,1.133,0.655,0.783,0.25,0.362,0.471,0
5357,56,0,7,0.971,0.72,0.738,0.5,0.238,0.242,0
5358,69,0,10,0.597,0.615,0.623,0.0,-0.015,-0.335,0
5359,43,1,7,0.726,0.561,0.751,0.0,0.255,-0.009,0
5360,63,0,11,0.966,0.557,0.834,0.5,0.19,0.34,0
5361,41,1,9,1.004,0.642,0.69,0.25,0.166,0.296,0
5362,80,0,9,0.946,0.536,0.52,0.0,0.253,0.215,0
5363,61,1,5,0.924,0.696,0.7,0.0,0.339,0.061,0
5364,50,1,3,0.969,0.589,0.77,0.0,0.415,0.112,0
5365,57,0,5,0.871,0.743,0.836,0.5,0.429,0.225,1
5366,51,0,9,0.608,0.47,0.726,0.0,0.314,-0.151,0
5367,43,0,6,0.892,0.574,0.396,0.0,-0.06,0.096,0
5368,52,1,7,0.958,0.532,0.933,0.0,0.843,0.201,0
5369,77,1,9,1.017,0.633,0.806,0.0,0.431,0.317,0
5370,62,1,5,0.751,0.559,0.532,0.25,0.107,0.008,0
5371,42,1,5,1.099,0.638,0.397,0.75,-0.161,0.399,0
5372,75,1,11,0.934,0.636,0.9,0.0,0.369,-0.1,1
5373,38,1,6,0.744,0.588,0.7,0.75,0.343,0.22,0
5374,75,1,5,0.926,0.528,0.589,0.0,0.154,0.051,0
5375,43,1,3,0.941,0.52,0.262,0.0,-0.048,0.103,0
5376,74,1,3,0.697,0.657,0.418,0.0,-0.141,-0.216,0
5377,52,0,9,0.803,0.556,0.854,0.25,0.562,-0.069,0
5378,62,1,6,0.648,0.527,0.661,0.0,0.362,0.052,0
5379,60,0,3,0.79,0.525,0.37,0.0,0.075,-0.047,0
5380,57,1,5,0.679,0.601,0.464,0.0,-0.236,-0.169,0
5381,83,0,3,0.913,0.688,0.607,0.25,-0.046,0.339,0
5382,46,0,12,0.881,0.513,0.894,0.5,0.369,0.295,0
5383,44,0,7,0.864,0.573,0.728,0.75,0.276,0.037,0
5384,31,0,9,0.825,0.572,0.997,1.0,0.297,0.159,0
5385,70,0,3,1.03,0.682,0.732,0.75,0.141,0.099,1
5386,67,0,5,0.986,0.721,0.412,0.0,0.059,0.095,0
5387,48,1,7,0.85,0.578,0.98,0.0,0.607,0.368,0
5388,84,1,11,0.892,0.583,0.883,0.25,0.46,0.129,0
5389,68,0,11,0.879,0.7,1.322,0.25,1.062,0.191,0
5390,48,0,10,0.91,0.541,0.957,0.25,0.439,0.15,0
5391,44,0,10,0.883,0.667,0.877,0.0,0.751,-0.109,0
5392,63,1,7,0.986,0.618,0.779,0.0,0.256,0.056,1
5393,75,1,4,0.608,0.554,0.919,0.0,0.479,-0.101,1
5394,44,0,7,1.08,0.59,0.686,0.0,0.313,0.406,0
5395,43,1,5,0.779,0.494,0.493,0.0,0.121,-0.019,0
5396,79,0,11,0.908,0.606,1.262,0.25,0.97,0.197,1
5397,57,0,5,0.89,0.608,0.654,0.0,-0.023,0.068,0
5398,59,0,6,0.941,0.577,0.732,1.0,0.073,0.176,1
5399,40,0,3,0.524,0.585,0.498,0.25,0.041,-0.165,0
5400,46,1,4,0.995,0.588,0.323,0.0,-0.204,0.247,0
5401,36,0,7,0.731,0.518,0.852,0.0,0.495,-0.187,0
5402,72,0,12,0.974,0.563,1.227,0.5,0.738,0.274,1
5403,31,0,9,1.006,0.469,1.042,0.0,0.649,0.01,0
5404,74,0,11,0.852,0.615,0.986,0.0,0.721,0.202,0
5405,56,0,8,0.898,0.593,0.772,0.5,0.414,0.043,0
5406,71,0,10,0.987,0.552,0.9,0.0,0.32,0.048,1
5407,79,1,4,0.799,0.68,0.289,0.0,0.095,0.006,0
5408,59,1,10,1.0,0.508,0.858,0.5,0.485,0.197,1
5409,83,1,5,0.775,0.666,0.567,0.0,0.148,-0.14,0
5410,52,1,3,0.631,0.72,0.51,0.25,-0.07,-0.056,0
5411,83,1,9,0.78,0.486,0.871,0.25,0.483,-0.054,0
5412,64,1,4,0.704,0.6,0.682,0.0,0.257,-0.002,1
5413,51,1,7,0.85,0.566,0.882,0.75,0.587,0.06,0
5414,61,0,8,0.897,0.656,0.761,0.25,0.17,0.112,1
5415,48,1,8,0.764,0.51,0.917,0.5,0.23,-0.073,0
5416,64,1,4,0.898,0.571,0.54,0.25,0.097,-0.045,0
5417,63,0,7,0.863,0.434,0.86,0.0,0.535,0.094,0
5418,72,1,11,1.21,0.575,0.727,0.0,0.621,0.573,0
5419,81,0,11,0.865,0.655,0.761,0.75,0.061,0.143,1
5420,55,0,6,0.676,0.615,0.588,1.0,0.239,-0.047,0
5421,68,0,8,0.794,0.454,0.517,0.0,-0.082,-0.183,0
5422,34,1,8,0.944,0.425,0.7,1.0,0.156,0.12,0
5423,66,1,8,0.79,0.557,0.792,0.0,0.137,0.107,1
5424,39,0,10,1.175,0.589,0.897,1.0,0.801,0.637,0
5425,77,1,3,0.754,0.558,0.407,0.5,0.317,-0.09,0
5426,49,0,11,0.896,0.573,0.917,0.25,0.502,0.041,0
5427,65,0,4,0.891,0.643,0.707,1.0,0.399,0.073,0
5428,80,1,6,0.729,0.528,0.922,0.0,0.733,-0.052,0
5429,45,1,7,0.815,0.571,0.671,0.5,-0.087,0.198,0
5430,71,1,10,0.823,0.529,0.639,1.0,-0.007,0.188,0
5431,42,0,7,0.665,0.64,0.671,0.0,-0.029,-0.271,0
5432,50,0,5,0.898,0.593,0.637,0.5,0.339,0.389,0
5433,53,1,4,1.124,0.545,0.851,0.75,0.346,0.365,0
5434,68,0,11,0.933,0.7,0.852,0.0,0.581,0.119,0
5435,39,0,9,0.7,0.539,0.586,1.0,0.288,0.07,0
5436,76,0,9,0.922,0.578,0.94,0.5,0.0,0.126,0
5437,72,0,9,0.894,0.423,1.057,0.0,0.41,0.221,0
5438,82,1,6,0.708,0.676,0.671,0.0,0.097,-0.132,1
5439,68,1,5,0.732,0.569,0.413,0.0,-0.04,-0.123,0
5440,34,1,5,0.943,0.745,0.587,0.5,0.061,0.208,0
5441,76,1,8,0.736,0.624,0.737,0.0,0.546,0.047,1
5442,78,0,6,0.78,0.615,0.738,0.25,0.417,0.03,0
5443,66,1,6,0.791,0.624,0.602,0.5,0.083,0.028,0
5444,38,1,9,0.879,0.492,0.501,0.0,-0.199,0.084,0
5445,73,0,10,0.965,0.405,0.801,0.0,0.222,0.064,1
5446,70,0,12,0.928,0.575,1.137,1.0,0.433,0.236,1
5447,74,0,11,0.97,0.549,1.012,0.25,0.613,0.318,0
5448,42,1,7,0.886,0.606,0.63,0.0,0.313,-0.061,0
5449,80,1,6,0.991,0.727,0.975,0.0,0.474,0.273,1
5450,48,0,12,0.848,0.597,0.901,0.5,0.268,0.094,0
5451,72,1,7,0.649,0.579,0.725,0.0,0.295,-0.217,0
5452,83,1,4,0.786,0.598,0.7,1.0,-0.003,0.27,1
5453,46,0,5,0.856,0.596,0.622,1.0,0.242,0.194,0
5454,64,0,3,0.666,0.626,0.45,0.75,-0.076,0.006,0
5455,53,1,10,0.786,0.7,0.745,0.0,0.239,0.234,0
5456,61,1,5,1.034,0.552,0.486,0.0,0.139,0.354,0
5457,51,0,3,0.936,0.631,0.74,0.0,0.04,0.102,0
5458,68,1,7,0.731,0.605,0.609,0.5,0.248,-0.053,0
5459,36,1,3,0.753,0.576,0.769,0.0,0.352,0.228,0
5460,66,0,4,0.807,0.543,0.703,0.0,0.361,0.166,0
5461,66,1,5,0.772,0.711,0.436,0.0,-0.0,-0.073,0
5462,68,1,5,1.017,0.563,0.841,0.5,0.163,0.225,1
5463,63,1,3,0.697,0.762,0.772,1.0,0.37,-0.028,0
5464,76,0,5,0.898,0.563,0.238,0.25,-0.557,0.241,0
5465,59,1,4,0.903,0.573,0.819,0.0,0.706,0.238,0
5466,38,1,3,0.642,0.695,0.637,0.0,0.127,-0.098,0
5467,41,0,8,0.718,0.523,0.608,0.0,-0.092,-0.254,0
5468,56,0,7,0.683,0.584,0.706,0.25,0.347,-0.214,0
5469,45,0,7,0.728,0.7,0.88,0.0,0.343,-0.085,0
5470,78,0,5,0.796,0.514,0.48,0.75,0.058,-0.056,0
5471,50,0,6,0.769,0.574,0.715,0.0,0.207,0.051,1
5472,72,1,5,1.021,0.618,0.447,0.75,0.064,0.256,0
5473,42,0,4,0.81,0.566,0.459,0.0,-0.033,0.062,0
5474,40,1,12,0.842,0.536,1.131,0.0,0.997,0.087,0
5475,71,1,11,0.7,0.571,1.104,0.25,0.379,-0.09,1
5476,43,1,12,1.094,0.553,0.778,0.0,0.078,0.315,0
5477,39,1,4,0.833,0.601,0.713,0.0,0.074,0.464,0
5478,52,0,12,0.838,0.416,0.895,1.0,0.283,0.092,0
5479,53,1,11,0.955,0.567,0.986,1.0,0.6,0.255,0
5480,42,0,11,1.053,0.496,0.666,0.0,0.326,0.206,0
5481,45,1,9,1.117,0.535,0.667,0.5,0.356,0.399,0
5482,63,0,4,0.641,0.611,0.754,0.0,0.426,-0.07,1
5483,41,0,6,0.861,0.613,0.536,0.75,0.066,0.039,0
5484,50,1,6,0.93,0.564,0.573,1.0,-0.123,-0.109,0
5485,63,0,11,1.088,0.484,1.149,0.25,0.962,0.163,0
5486,60,0,5,0.775,0.539,0.619,0.5,0.3,0.0,0
5487,63,0,6,0.846,0.543,0.72,0.5,0.369,0.103,0
5488,79,0,5,0.795,0.565,0.589,0.75,-0.057,-0.064,0
5489,81,1,6,1.007,0.713,0.633,1.0,0.309,0.185,0
5490,44,0,8,0.776,0.582,0.66,1.0,0.047,0.066,0
5491,52,1,12,0.696,0.539,0.674,1.0,0.161,-0.106,0
5492,46,1,6,0.751,0.67,0.627,1.0,0.462,0.281,0
5493,84,1,6,0.929,0.528,0.617,0.0,0.017,0.102,0
5494,32,0,10,0.759,0.476,0.731,0.5,0.139,-0.115,0
5495,66,1,8,0.903,0.634,0.679,0.25,0.077,-0.087,0
5496,57,0,8,1.374,0.54,0.52,0.0,0.105,0.489,0
5497,61,1,11,1.005,0.557,0.777,0.0,0.205,0.3,0
5498,30,1,5,0.768,0.552,0.552,0.0,0.167,0.12,0
5499,44,0,12,0.935,0.545,0.889,0.0,0.38,0.235,0
5500,74,1,10,0.735,0.404,1.128,0.0,0.702,-0.094,1
5501,36,1,3,0.728,0.479,0.862,0.0,0.19,-0.143,0
5502,62,0,7,0.957,0.606,0.746,0.5,0.288,0.099,0
5503,40,1,3,0.835,0.56,0.796,0.0,0.021,0.135,0
5504,84,0,7,0.7,0.767,0.896,0.0,0.348,-0.074,0
5505,30,0,3,0.452,0.632,0.44,0.75,-0.034,-0.396,0
5506,53,1,11,0.85,0.515,0.652,1.0,0.214,0.236,0
5507,45,0,3,0.675,0.642,0.407,0.5,-0.168,0.084,0
5508,68,1,12,0.7,0.523,1.128,0.5,0.795,-0.117,0
5509,55,1,9,1.089,0.56,0.89,0.0,0.609,0.342,0
5510,82,0,10,0.854,0.561,0.976,1.0,0.695,-0.0,1
5511,67,0,3,0.816,0.597,0.55,0.75,0.103,0.049,0
5512,60,1,7,0.852,0.616,0.747,0.25,0.369,0.257,0
5513,74,0,9,0.949,0.553,0.928,0.0,0.564,0.171,0
5514,36,0,3,0.883,0.636,0.49,0.0,0.059,0.467,0
5515,66,1,9,0.911,0.523,0.768,0.5,0.335,0.153,0
5516,39,1,4,0.773,0.762,0.537,0.0,-0.146,-0.025,0
5517,42,1,5,0.877,0.631,0.836,0.25,0.56,0.252,1
5518,68,0,4,0.7,0.723,0.997,0.0,0.748,0.099,1
5519,78,0,4,0.568,0.493,0.635,0.0,0.075,-0.127,0
5520,43,1,11,1.009,0.494,0.909,0.75,0.628,0.182,0
5521,65,0,7,0.915,0.661,0.639,0.0,0.287,0.102,0
5522,55,0,3,0.9,0.728,0.455,0.0,-0.33,0.07,0
5523,62,0,8,0.898,0.542,0.783,0.0,0.296,0.024,0
5524,69,1,8,0.645,0.566,0.621,0.5,0.152,-0.119,1
5525,62,1,6,0.859,0.687,0.766,0.0,0.11,0.365,0
5526,44,1,11,1.054,0.631,0.993,0.0,0.564,0.334,0
5527,33,1,11,1.106,0.658,1.094,1.0,0.332,0.509,0
5528,35,1,6,0.854,0.675,0.603,0.25,0.019,-0.071,0
5529,50,1,5,0.672,0.515,0.306,1.0,-0.16,-0.235,0
5530,81,0,9,0.825,0.444,0.7,0.0,0.097,0.095,0
5531,30,1,4,0.834,0.53,0.78,0.0,0.453,0.222,0
5532,63,1,7,1.162,0.571,0.545,0.75,0.114,0.378,0
5533,84,0,4,1.053,0.7,0.591,0.0,0.193,0.311,0
5534,83,0,4,0.7,0.589,0.51,0.0,-0.221,-0.09,0
5535,59,1,11,1.12,0.541,0.649,0.75,0.195,0.462,0
5536,73,0,10,0.911,0.566,0.832,0.0,0.571,0.104,0
5537,53,0,6,0.872,0.504,0.705,0.25,0.269,0.212,0
5538,67,0,12,1.078,0.512,0.809,0.75,0.614,0.443,0
5539,57,1,7,1.112,0.507,0.7,0.75,0.49,0.466,0
5540,47,1,10,1.109,0.644,1.098,0.0,0.844,0.095,0
5541,66,1,4,0.729,0.517,0.563,0.0,0.194,-0.078,0
5542,76,1,3,1.008,0.634,0.517,0.0,0.11,0.249,0
5543,41,0,8,0.902,0.524,0.72,0.5,0.267,0.279,0
5544,53,0,7,0.868,0.481,0.725,0.75,0.388,0.053,0
5545,60,0,6,0.768,0.557,0.661,0.0,0.305,0.006,0
5546,79,0,6,0.776,0.619,0.731,0.5,0.53,-0.042,0
5547,52,0,9,0.678,0.66,0.653,0.5,0.193,0.138,0
5548,53,0,5,0.916,0.485,0.647,0.0,-0.013,0.274,0
5549,44,0,4,0.907,0.495,0.413,0.5,-0.048,0.151,0
5550,34,1,9,0.885,0.476,0.772,0.5,0.494,-0.017,0
5551,65,1,7,0.8,0.587,0.938,1.0,0.17,-0.024,0
5552,33,0,9,0.549,0.429,1.01,0.5,0.472,-0.243,0
5553,30,1,10,0.903,0.711,0.891,0.75,0.91,0.173,0
5554,39,0,5,0.725,0.693,0.422,0.0,-0.278,-0.067,0
5555,57,0,11,0.998,0.569,0.749,0.0,0.135,0.236,0
5556,56,1,11,1.128,0.559,0.963,0.75,0.409,0.304,0
5557,71,1,8,0.836,0.638,0.596,0.0,0.339,0.15,0
5558,34,1,11,1.001,0.511,0.804,1.0,0.435,0.435,0
5559,54,0,10,1.0,0.516,0.819,0.5,0.31,0.327,1
5560,70,0,11,0.971,0.7,0.825,0.0,0.429,-0.121,1
5561,67,1,10,1.014,0.562,0.922,0.0,0.366,0.359,0
5562,33,0,9,0.902,0.628,0.837,0.0,0.351,0.268,0
5563,84,0,10,0.879,0.703,0.866,0.0,0.399,0.165,0
5564,64,1,6,0.776,0.589,0.504,0.5,-0.112,-0.037,0
5565,79,1,11,0.759,0.634,0.853,0.25,0.391,0.171,0
5566,66,1,4,0.727,0.661,0.713,0.5,0.01,0.255,0
5567,79,1,4,0.565,0.604,0.449,0.0,-0.097,-0.327,0
5568,82,1,10,0.785,0.599,0.433,0.0,-0.306,0.129,0
5569,67,0,6,0.9,0.675,0.495,0.0,-0.122,0.221,0
5570,42,0,9,1.029,0.697,0.738,0.0,0.111,0.33,0
5571,39,1,11,0.805,0.554,0.826,0.25,0.524,-0.007,0
5572,82,0,12,0.979,0.629,0.748,0.5,0.014,0.18,0
5573,39,1,7,0.927,0.587,0.407,0.5,0.177,0.363,0
5574,82,0,7,0.724,0.676,0.748,0.0,0.455,0.13,0
5575,58,0,12,1.12,0.475,0.886,0.25,0.317,0.243,0
5576,76,1,4,0.802,0.615,0.74,0.0,0.385,0.025,0
5577,82,0,8,0.882,0.612,0.745,1.0,0.417,0.204,0
5578,46,0,4,0.883,0.579,0.348,0.0,-0.336,0.183,0
5579,41,0,7,0.838,0.561,0.655,1.0,0.388,0.146,1
5580,76,0,11,0.897,0.559,1.06,0.5,0.603,0.214,0
5581,78,0,10,0.678,0.536,0.581,0.0,0.003,0.037,0
5582,33,1,6,0.7,0.539,0.76,0.75,0.365,-0.001,0
5583,69,1,11,0.947,0.522,0.908,0.0,0.439,0.04,0
5584,42,0,9,0.872,0.537,0.714,0.0,0.008,0.0,0
5585,31,1,12,1.194,0.608,0.822,0.0,0.221,0.371,0
5586,34,1,5,0.603,0.534,0.607,0.5,0.186,0.059,0
5587,64,1,11,0.805,0.651,0.904,0.0,0.582,0.038,1
5588,75,1,3,0.815,0.654,0.362,0.0,-0.41,-0.047,0
5589,79,0,7,0.846,0.573,0.876,0.0,0.525,0.204,0
5590,30,0,10,0.751,0.588,0.624,0.25,0.164,0.179,0
5591,76,0,7,0.937,0.571,0.727,0.0,0.355,-0.057,0
5592,44,0,11,0.855,0.56,0.663,0.0,-0.037,0.17,0
5593,78,1,8,1.008,0.581,0.872,0.75,0.615,0.13,0
5594,72,0,5,0.764,0.529,0.7,0.0,0.118,0.068,1
5595,44,1,3,0.739,0.711,0.664,0.0,0.108,-0.049,0
5596,60,0,3,0.733,0.603,0.374,0.0,0.117,0.114,0
5597,68,1,8,0.963,0.598,0.702,1.0,0.123,0.388,0
5598,40,1,12,0.954,0.45,0.824,0.0,0.609,0.241,0
5599,62,0,10,0.7,0.541,0.626,1.0,0.087,-0.162,0
5600,44,0,5,0.881,0.575,0.785,0.0,0.501,-0.093,1
5601,76,0,7,0.926,0.661,0.318,0.75,-0.208,0.108,0
5602,44,0,7,0.929,0.492,0.817,1.0,0.362,-0.223,0
5603,55,1,11,0.821,0.501,1.024,1.0,0.514,0.093,1
5604,50,0,5,0.849,0.664,0.636,0.0,0.048,-0.028,0
5605,47,1,10,0.882,0.633,0.648,0.0,-0.011,0.273,0
5606,78,0,9,0.855,0.554,0.589,1.0,0.141,0.287,0
5607,78,1,5,0.942,0.626,0.838,0.5,0.493,0.203,0
5608,79,0,4,0.914,0.56,0.699,0.0,0.304,0.229,0
5609,72,0,7,0.856,0.666,0.759,0.0,0.527,0.049,1
5610,49,1,4,0.955,0.527,0.232,0.25,-0.195,0.365,0
5611,59,0,3,0.682,0.563,0.669,0.0,0.163,-0.052,0
5612,62,0,4,0.802,0.606,0.881,0.0,0.6,0.089,0
5613,78,0,4,0.892,0.624,0.416,0.25,-0.206,0.221,0
5614,77,1,12,0.766,0.569,0.775,0.0,0.358,0.226,0
5615,41,1,8,0.742,0.578,0.574,0.0,0.188,-0.063,0
5616,84,0,11,0.719,0.545,0.907,0.5,0.416,-0.022,0
5617,66,0,4,0.661,0.618,0.781,0.0,0.262,-0.086,0
5618,56,1,6,0.847,0.535,0.561,0.0,-0.096,0.044,0
5619,42,1,4,0.71,0.512,0.479,0.5,0.198,-0.179,0
5620,42,0,6,0.818,0.588,0.782,0.0,0.52,0.164,0
5621,55,0,3,0.814,0.583,0.344,0.0,-0.426,0.063,0
5622,30,1,7,0.81,0.497,0.562,0.75,0.105,0.102,0
5623,50,1,10,0.749,0.522,0.834,0.0,0.414,0.054,1
5624,53,1,5,0.637,0.573,0.556,0.0,0.147,0.043,0
5625,73,1,9,0.832,0.497,0.445,0.75,0.066,-0.006,0
5626,30,1,11,0.92,0.501,0.849,0.25,0.266,0.294,0
5627,40,0,11,0.988,0.524,0.677,0.5,-0.082,0.227,0
5628,78,0,4,0.975,0.458,0.526,0.75,0.348,0.293,0
5629,84,0,5,0.882,0.533,0.547,0.25,0.362,0.245,0
5630,78,0,3,0.816,0.618,0.273,0.0,-0.207,0.167,0
5631,82,0,6,0.846,0.606,0.816,0.75,0.497,0.158,0
5632,62,1,11,1.065,0.38,0.692,0.0,0.173,0.462,0
5633,50,0,9,0.875,0.632,0.384,0.0,-0.326,0.074,0
5634,55,0,5,0.829,0.619,0.599,0.0,0.109,-0.062,0
5635,60,0,4,1.027,0.591,0.443,0.0,-0.288,0.325,0
5636,45,1,8,0.893,0.677,0.566,0.0,0.223,0.084,0
5637,81,1,9,0.857,0.491,1.025,0.0,0.329,0.115,0
5638,35,0,7,0.741,0.452,0.677,0.75,0.165,0.11,0
5639,61,0,12,0.969,0.545,0.965,0.25,0.325,0.138,0
5640,38,0,3,0.823,0.687,0.47,0.25,0.373,0.197,0
5641,40,0,6,1.009,0.668,0.481,0.0,0.33,0.3,0
5642,66,0,6,0.593,0.56,0.68,0.75,0.532,-0.088,0
5643,84,0,3,1.046,0.558,0.576,1.0,0.259,0.189,0
5644,73,0,8,1.029,0.7,0.823,0.75,0.234,0.407,0
5645,58,1,4,0.917,0.571,0.693,0.0,0.377,0.069,0
5646,61,0,11,0.864,0.521,1.031,0.0,0.6,0.172,0
5647,31,0,3,0.7,0.724,0.618,0.25,-0.095,-0.184,0
5648,40,1,5,0.73,0.718,0.656,0.25,-0.044,0.194,0
5649,63,0,12,0.856,0.487,0.98,0.0,0.604,0.087,0
5650,61,0,6,0.876,0.621,0.728,0.0,0.631,0.068,0
5651,71,1,4,0.89,0.661,0.335,0.75,-0.105,0.327,0
5652,72,1,12,1.113,0.68,0.823,0.0,0.306,0.215,0
5653,67,1,11,0.934,0.536,1.174,1.0,0.682,0.174,0
5654,66,0,7,0.972,0.616,0.353,0.75,-0.146,0.413,0
5655,34,0,6,0.908,0.587,0.424,0.25,0.0,0.142,0
5656,34,1,6,0.855,0.666,0.458,0.0,0.096,-0.01,0
5657,63,1,10,0.921,0.584,0.906,0.0,0.422,0.084,0
5658,83,0,3,0.794,0.581,0.747,1.0,0.236,-0.061,0
5659,44,0,8,0.787,0.679,0.161,0.0,-0.251,-0.027,0
5660,72,1,3,0.843,0.529,0.619,0.0,0.271,0.25,0
5661,44,1,8,0.749,0.544,0.508,0.5,0.319,-0.001,0
5662,44,1,9,0.978,0.668,0.866,0.0,0.326,0.207,1
5663,66,1,11,1.02,0.632,0.874,0.0,0.253,0.388,0
5664,68,1,4,0.834,0.702,0.652,0.0,0.069,-0.025,0
5665,40,1,12,0.858,0.7,0.809,0.0,0.483,0.106,0
5666,60,0,7,0.846,0.675,0.644,0.75,0.248,0.034,0
5667,62,0,5,1.018,0.57,0.544,1.0,0.064,0.258,0
5668,68,1,10,0.818,0.534,1.105,1.0,0.743,0.106,0
5669,39,0,8,0.805,0.54,0.363,0.5,-0.293,0.038,0
5670,57,1,8,0.883,0.475,0.786,0.0,0.253,0.211,0
5671,73,0,8,0.783,0.601,0.528,0.0,-0.098,-0.133,0
5672,72,1,9,1.082,0.487,0.874,0.0,0.475,0.511,1
5673,51,0,3,1.09,0.606,0.541,0.0,-0.016,0.152,0
5674,40,0,8,0.755,0.431,0.7,0.0,0.058,0.188,0
5675,49,0,6,0.999,0.655,0.861,0.25,0.167,0.372,0
5676,48,0,11,1.01,0.614,0.667,0.25,0.439,0.272,0
5677,45,0,11,1.093,0.49,0.86,0.25,0.567,0.161,0
5678,60,0,12,1.047,0.65,1.157,0.25,0.644,0.249,0
5679,65,0,8,0.929,0.583,0.603,0.0,0.265,0.178,0
5680,55,1,4,0.935,0.62,0.588,0.25,0.12,0.194,0
5681,82,0,7,0.884,0.512,0.7,0.25,0.143,0.104,0
5682,75,1,7,0.85,0.446,0.589,0.0,0.017,0.002,0
5683,31,0,10,0.888,0.606,0.728,0.75,-0.028,0.0,0
5684,49,0,12,0.918,0.501,0.907,0.0,0.56,0.279,0
5685,67,1,4,0.652,0.606,0.68,0.25,0.404,-0.077,0
5686,54,0,9,0.873,0.608,0.709,0.25,0.459,0.065,0
5687,64,1,9,0.736,0.548,0.838,0.5,0.485,0.077,1
5688,82,1,11,0.901,0.507,0.584,0.5,-0.017,0.165,0
5689,33,0,8,1.038,0.422,0.716,0.25,-0.061,0.542,0
5690,64,0,7,0.864,0.531,0.557,0.5,0.082,0.164,0
5691,60,0,11,0.923,0.488,0.819,0.75,0.456,0.304,0
5692,73,0,8,1.009,0.536,0.739,0.25,0.647,0.363,1
5693,48,0,10,0.806,0.619,1.033,0.0,0.534,0.019,1
5694,66,0,12,0.794,0.554,0.876,0.0,0.587,-0.076,0
5695,67,0,7,0.838,0.38,0.596,0.25,0.037,0.072,0
5696,37,1,4,0.778,0.492,0.567,0.0,0.266,0.106,0
5697,57,1,4,0.811,0.531,0.539,0.25,0.344,0.127,0
5698,34,0,12,1.006,0.591,0.795,0.5,0.337,0.07,0
5699,51,1,4,1.041,0.671,0.614,0.75,0.063,0.17,0
5700,66,0,9,1.082,0.531,0.81,1.0,0.403,0.518,1
5701,56,0,10,1.065,0.484,0.94,0.0,0.338,0.454,1
5702,66,1,12,0.77,0.445,0.709,0.75,0.065,0.071,0
5703,61,0,11,0.993,0.58,0.982,0.0,0.738,0.293,0
5704,46,0,11,1.01,0.528,0.951,1.0,0.265,0.347,0
5705,52,1,8,0.933,0.609,0.57,0.25,0.102,0.215,0
5706,79,0,5,0.936,0.538,0.456,0.0,-0.153,0.234,0
5707,55,1,3,1.019,0.661,0.517,0.5,0.177,0.327,0
5708,81,0,12,0.93,0.607,1.085,0.0,0.669,0.221,0
5709,31,1,6,0.882,0.531,0.5,0.0,0.06,0.196,0
5710,57,0,7,1.049,0.523,1.044,0.25,0.813,0.103,0
5711,72,0,4,0.734,0.528,0.466,0.0,0.27,0.034,0
5712,32,0,11,1.011,0.61,0.7,0.25,0.381,0.265,0
5713,84,1,9,0.771,0.549,0.679,0.25,0.226,0.066,0
5714,43,1,10,0.842,0.613,0.829,0.0,0.399,0.195,0
5715,44,1,5,1.015,0.618,0.304,0.0,-0.069,0.269,0
5716,76,0,10,0.985,0.58,0.578,0.0,0.38,0.22,0
5717,72,1,11,0.865,0.498,0.687,1.0,-0.099,0.044,0
5718,82,0,6,0.747,0.545,0.257,0.0,-0.443,0.122,0
5719,32,0,7,0.925,0.593,1.003,0.25,0.766,0.013,0
5720,59,0,4,0.798,0.689,0.566,0.0,0.091,0.056,0
5721,35,1,11,0.643,0.62,1.17,0.75,0.573,-0.061,0
5722,56,0,4,0.788,0.634,0.65,0.0,0.054,-0.249,0
5723,34,1,8,1.062,0.536,0.677,0.0,0.12,0.419,0
5724,58,0,8,0.871,0.578,0.432,0.0,-0.007,0.134,0
5725,48,1,11,0.778,0.661,0.786,0.0,0.418,-0.284,0
5726,37,0,6,0.981,0.611,0.667,0.0,0.258,0.227,0
5727,44,1,7,0.904,0.7,0.861,0.75,0.501,0.253,0
5728,38,1,11,0.93,0.638,0.7,0.0,0.001,0.168,0
5729,46,1,7,0.87,0.582,0.781,0.25,0.32,0.17,0
5730,71,0,3,0.683,0.608,0.499,0.0,0.014,-0.072,0
5731,64,1,8,0.921,0.528,0.659,0.0,-0.166,0.064,1
5732,50,1,12,0.767,0.486,0.7,0.0,0.245,0.19,1
5733,40,1,9,0.805,0.503,0.761,0.0,0.206,0.125,0
5734,79,0,12,0.863,0.555,0.869,0.25,0.772,0.2,0
5735,46,1,10,0.909,0.616,0.867,0.0,0.427,-0.106,1
5736,36,0,3,0.852,0.504,0.663,0.0,-0.028,0.033,1
5737,82,1,8,1.097,0.583,0.77,0.25,0.207,0.154,1
5738,43,1,9,0.814,0.573,0.84,0.25,0.465,0.066,0
5739,30,0,8,0.848,0.527,0.902,1.0,0.353,0.086,0
5740,35,0,10,0.806,0.628,0.927,0.75,0.651,-0.007,0
5741,77,0,10,0.7,0.562,0.583,0.0,-0.074,-0.144,0
5742,67,1,9,1.09,0.545,0.503,0.5,-0.371,0.57,0
5743,60,0,6,0.708,0.603,0.645,0.0,0.203,0.031,0
5744,58,0,12,0.936,0.582,0.773,0.5,0.148,0.087,0
5745,79,1,8,0.983,0.642,0.592,0.0,0.375,-0.195,0
5746,69,0,9,0.976,0.551,0.643,0.5,0.214,0.037,0
5747,55,0,7,0.733,0.404,0.839,0.0,0.877,0.058,0
5748,84,0,12,1.124,0.421,1.127,0.5,0.535,0.294,0
5749,51,0,11,0.954,0.543,0.758,0.0,0.031,0.212,0
5750,80,0,7,1.127,0.495,0.596,0.25,0.063,0.408,0
5751,54,1,7,0.78,0.549,0.792,0.0,0.347,0.083,0
5752,79,0,11,0.961,0.529,0.945,0.0,0.469,0.353,0
5753,50,0,6,0.772,0.597,0.534,0.75,-0.328,0.102,0
5754,61,0,6,0.938,0.566,0.524,0.0,0.352,0.415,0
5755,52,1,3,0.602,0.721,0.548,0.0,0.05,-0.023,0
5756,38,0,12,1.115,0.574,0.955,0.0,0.311,0.281,0
5757,49,1,5,0.721,0.563,0.509,0.0,0.385,0.116,0
5758,39,1,10,0.91,0.429,0.632,0.25,0.171,0.255,0
5759,31,0,6,0.7,0.585,0.453,0.0,-0.061,0.055,0
5760,38,1,11,0.865,0.498,0.598,0.0,0.527,-0.045,0
5761,49,0,9,1.043,0.592,0.67,1.0,0.17,0.396,0
5762,68,0,8,0.934,0.493,0.881,0.0,0.305,0.068,0
5763,43,1,6,0.796,0.583,0.506,0.0,0.076,-0.058,0
5764,77,1,6,0.817,0.58,0.456,0.5,-0.011,0.128,0
5765,80,0,7,0.814,0.632,0.623,0.0,0.06,0.163,0
5766,61,0,4,0.932,0.582,0.771,0.0,0.174,0.294,0
5767,31,0,12,0.789,0.418,1.209,0.0,0.963,-0.0,0
5768,37,1,8,1.051,0.541,0.65,0.25,0.235,0.365,0
5769,40,0,3,0.7,0.564,0.325,0.0,-0.325,0.06,0
5770,57,0,6,0.64,0.622,0.205,0.5,-0.276,-0.329,0
5771,77,1,12,0.752,0.554,0.987,0.0,0.294,-0.087,0
5772,73,1,9,0.928,0.56,0.741,0.5,0.196,0.391,0
5773,41,1,6,0.891,0.538,0.7,0.0,0.512,0.223,0
5774,71,0,10,0.95,0.586,0.885,0.0,0.336,0.07,0
5775,49,0,5,0.68,0.642,0.432,0.0,-0.17,0.074,0
5776,56,0,4,0.9,0.525,0.7,0.75,0.03,0.425,0
5777,74,1,4,0.762,0.443,0.897,0.5,0.691,0.071,0
5778,71,0,11,0.888,0.576,0.819,0.25,0.601,0.139,0
5779,81,1,5,0.779,0.515,0.567,0.0,0.11,-0.211,0
5780,45,1,3,0.904,0.683,0.401,0.0,-0.37,0.037,0
5781,66,0,3,0.789,0.56,0.422,0.0,-0.084,0.244,0
5782,65,1,10,0.715,0.634,0.936,0.0,0.637,-0.132,0
5783,39,0,7,0.905,0.502,0.7,0.25,0.508,0.194,0
5784,54,0,6,0.709,0.518,0.699,0.5,0.289,-0.266,0
5785,32,1,8,0.759,0.575,0.59,0.5,0.031,0.186,0
5786,59,1,6,0.883,0.537,0.909,1.0,0.576,0.251,0
5787,37,1,10,0.888,0.644,0.486,0.0,0.277,0.15,0
5788,56,1,10,0.902,0.569,0.728,0.0,0.219,0.224,0
5789,70,1,9,0.83,0.495,0.732,0.0,0.119,0.061,0
5790,49,0,4,0.917,0.591,0.648,0.5,0.177,-0.035,0
5791,30,0,12,1.003,0.469,0.935,0.75,0.264,0.216,0
5792,32,0,9,0.745,0.62,0.919,0.75,0.371,-0.051,0
5793,80,0,9,0.736,0.637,0.539,0.25,0.032,-0.027,0
5794,79,0,10,0.7,0.545,0.865,1.0,0.297,0.174,0
5795,59,0,7,0.977,0.621,1.042,0.0,0.414,0.257,1
5796,80,1,10,0.888,0.606,0.752,0.0,0.156,-0.016,1
5797,42,0,4,0.949,0.778,0.273,0.25,-0.359,0.131,0
5798,74,1,9,1.019,0.525,0.569,0.0,-0.046,0.176,0
5799,83,1,9,0.848,0.555,0.894,0.75,0.527,0.153,1
5800,80,1,7,0.833,0.661,0.712,0.25,0.2,0.312,0
5801,51,1,8,0.917,0.612,0.709,0.25,0.408,0.136,0
5802,72,0,11,0.862,0.422,0.671,0.25,0.497,0.177,1
5803,73,0,4,0.907,0.522,0.539,0.5,0.169,0.081,0
5804,69,1,7,0.664,0.6,0.572,0.25,0.26,-0.19,0
5805,60,1,7,0.912,0.663,0.435,1.0,-0.078,-0.111,0
5806,72,0,5,0.893,0.601,0.942,0.0,0.627,0.064,1
5807,43,1,5,0.726,0.7,0.546,0.5,0.003,0.148,0
5808,35,0,9,1.101,0.389,1.017,0.5,0.57,0.19,0
5809,83,0,3,0.673,0.595,0.589,0.0,0.135,-0.084,0
5810,81,0,4,0.795,0.687,0.805,1.0,0.424,0.151,1
5811,36,1,6,0.918,0.603,0.643,0.75,0.203,0.217,0
5812,63,0,6,0.712,0.549,0.949,0.25,0.687,0.012,1
5813,43,1,7,0.633,0.67,0.967,0.0,0.724,-0.013,0
5814,70,1,7,0.795,0.58,0.951,0.75,0.548,0.036,0
5815,48,1,8,0.517,0.677,0.7,0.0,0.051,-0.217,0
5816,58,0,7,0.775,0.479,0.401,0.0,0.069,-0.079,0
5817,52,0,10,0.991,0.532,0.805,0.5,0.598,0.278,0
5818,70,1,3,0.81,0.565,0.456,0.75,-0.382,0.094,0
5819,47,1,4,0.955,0.548,0.664,0.0,0.101,0.294,0
5820,37,1,6,0.844,0.605,0.755,0.0,0.055,-0.053,0
5821,48,0,5,0.88,0.7,0.68,0.25,-0.09,0.15,0
5822,53,0,6,0.883,0.611,0.394,0.5,-0.1,0.091,0
5823,67,1,11,1.032,0.594,0.834,0.0,0.208,0.356,0
5824,50,1,4,0.507,0.669,0.433,0.0,0.041,-0.186,0
5825,45,0,5,0.775,0.576,1.007,0.0,0.641,0.011,0
5826,38,1,3,0.807,0.66,0.447,0.0,0.113,0.09,0
5827,81,1,12,0.831,0.596,0.695,0.0,0.17,0.323,0
5828,71,0,3,0.977,0.661,0.467,0.5,-0.009,0.093,0
5829,39,0,6,0.896,0.566,0.802,0.0,0.553,0.09,0
5830,56,0,7,0.542,0.458,0.654,0.0,0.142,-0.195,0
5831,51,1,7,0.973,0.612,0.528,0.0,0.137,-0.028,0
5832,52,1,11,0.968,0.565,0.987,0.25,0.546,-0.12,0
5833,41,1,11,0.988,0.507,0.538,0.25,0.107,0.219,0
5834,76,1,9,0.869,0.522,0.705,0.0,-0.209,-0.117,0
5835,82,0,5,0.838,0.638,0.722,0.0,0.317,0.026,0
5836,48,1,10,1.018,0.459,0.975,0.75,0.355,0.266,0
5837,71,0,12,0.937,0.587,1.363,0.0,0.932,0.071,0
5838,73,0,5,0.892,0.69,0.811,0.75,0.388,-0.026,0
5839,46,1,8,0.783,0.441,0.716,0.25,0.198,0.105,1
5840,31,0,5,0.913,0.68,0.615,0.0,0.022,0.031,0
5841,84,1,9,1.052,0.533,1.012,0.75,0.682,0.293,0
5842,46,0,10,1.077,0.561,0.735,0.25,0.418,0.41,1
5843,34,0,4,0.912,0.629,0.505,0.25,0.054,0.023,0
5844,52,0,10,1.022,0.536,0.598,0.75,-0.176,0.207,0
5845,73,0,10,0.979,0.59,0.743,0.0,0.546,0.299,0
5846,59,0,9,0.687,0.521,0.822,0.0,0.085,-0.039,0
5847,66,1,9,0.788,0.552,0.767,0.0,0.153,-0.058,0
5848,54,0,6,0.906,0.627,0.587,0.25,0.316,0.173,0
5849,42,0,7,0.867,0.528,0.691,1.0,-0.009,0.273,0
5850,82,1,11,0.894,0.512,0.607,0.0,0.388,0.109,0
5851,74,0,11,0.839,0.606,0.762,1.0,0.144,0.016,1
5852,65,1,9,1.026,0.626,1.173,0.0,0.351,0.351,0
5853,84,0,3,0.572,0.747,0.755,1.0,0.497,-0.061,0
5854,66,1,10,1.077,0.434,0.903,0.25,0.236,0.635,0
5855,53,1,8,0.695,0.603,0.828,0.75,0.46,0.006,0
5856,82,1,9,0.877,0.518,0.597,0.0,0.081,0.1,1
5857,47,1,3,0.961,0.605,0.179,0.5,-0.221,0.361,0
5858,34,0,5,0.96,0.61,0.816,0.5,0.543,0.134,0
5859,71,1,10,1.005,0.626,1.021,0.0,0.792,0.305,0
5860,44,0,8,0.855,0.497,0.535,0.0,0.358,0.073,0
5861,35,0,8,1.114,0.575,0.703,0.0,0.412,0.388,0
5862,37,0,6,0.885,0.451,0.674,0.0,0.104,0.152,0
5863,71,1,11,0.899,0.522,0.686,0.0,0.166,0.16,0
5864,48,1,7,0.773,0.681,0.698,0.5,0.277,0.097,1
5865,51,1,6,0.616,0.5,0.643,0.75,0.076,-0.229,0
5866,63,1,4,0.939,0.622,0.333,0.0,-0.04,0.211,1
5867,79,1,7,0.7,0.56,0.803,0.0,0.189,0.083,0
5868,44,0,10,0.918,0.473,1.033,0.25,0.455,0.273,0
5869,64,0,12,0.947,0.468,0.814,1.0,0.025,0.148,0
5870,33,1,9,0.944,0.503,0.689,1.0,0.408,0.302,1
5871,55,1,9,0.999,0.553,0.819,0.75,0.18,0.137,0
5872,68,0,7,0.896,0.518,0.832,0.0,0.189,0.116,1
5873,73,1,6,1.066,0.7,0.834,0.0,0.48,0.233,1
5874,80,0,7,0.779,0.538,0.556,0.0,0.165,-0.02,0
5875,61,0,12,1.06,0.616,0.676,0.25,0.388,0.295,1
5876,70,0,11,0.907,0.7,0.858,0.0,0.45,-0.025,0
5877,66,1,3,0.805,0.7,0.61,0.5,0.452,-0.003,0
5878,39,0,4,0.728,0.782,0.7,0.0,0.058,0.065,0
5879,54,0,7,0.936,0.746,0.698,0.75,0.343,0.236,1
5880,73,1,12,1.115,0.586,0.903,0.5,0.406,0.401,1
5881,60,0,12,0.891,0.669,0.675,1.0,0.195,0.06,0
5882,36,1,8,0.936,0.593,0.829,0.25,0.604,0.191,0
5883,56,0,4,0.948,0.606,0.489,0.25,0.017,0.286,0
5884,83,0,5,0.76,0.611,0.374,0.75,0.03,-0.016,0
5885,46,1,3,0.596,0.589,0.431,0.5,-0.002,0.081,0
5886,32,0,3,0.685,0.562,0.396,0.0,-0.166,-0.211,0
5887,47,1,4,0.801,0.748,0.621,0.75,0.168,0.266,0
5888,84,1,8,0.885,0.567,0.756,0.0,0.108,0.146,0
5889,36,1,4,0.993,0.621,0.681,0.75,0.233,0.174,1
5890,54,1,5,0.865,0.539,0.882,0.0,0.465,0.105,0
5891,39,1,8,0.906,0.765,0.906,0.5,0.418,0.424,0
5892,55,0,10,0.911,0.577,0.652,0.5,0.106,0.201,0
5893,60,1,6,0.882,0.632,0.525,0.0,-0.065,0.27,0
5894,49,0,3,0.962,0.581,0.416,0.75,-0.088,0.072,0
5895,83,1,3,0.822,0.592,0.565,0.0,-0.199,0.08,0
5896,38,1,12,1.002,0.459,0.522,0.0,0.055,0.044,0
5897,61,0,7,0.798,0.529,0.699,0.0,0.016,0.045,0
5898,72,1,12,1.112,0.39,0.924,0.5,0.48,0.413,1
5899,30,1,8,1.004,0.565,0.738,0.0,0.315,0.331,0
5900,60,0,6,0.978,0.597,0.592,0.0,-0.107,0.243,0
5901,62,0,9,1.054,0.705,0.748,1.0,0.195,0.272,0
5902,61,0,5,1.039,0.539,0.852,0.0,0.202,0.384,1
5903,58,1,5,0.734,0.542,0.717,0.0,0.449,0.002,1
5904,80,1,4,0.714,0.644,0.651,0.0,0.203,0.146,0
5905,37,1,10,0.926,0.555,0.771,0.0,0.275,0.094,1
5906,60,1,8,0.921,0.616,0.738,1.0,0.543,0.244,1
5907,55,1,11,1.002,0.56,0.792,1.0,0.36,0.464,1
5908,67,0,8,0.763,0.685,0.695,0.0,0.152,0.025,0
5909,43,1,12,0.943,0.497,0.646,0.0,0.447,0.414,0
5910,71,1,12,0.955,0.586,0.717,0.0,0.314,0.284,1
5911,78,1,8,0.883,0.572,0.884,1.0,0.339,0.199,0
5912,62,1,6,0.791,0.605,0.59,0.0,0.275,0.145,0
5913,80,1,5,0.828,0.571,0.491,0.25,0.073,0.167,1
5914,75,1,11,1.184,0.602,0.745,0.5,0.213,0.553,0
5915,38,0,8,0.975,0.703,0.893,1.0,0.54,0.241,0
5916,80,0,8,0.775,0.526,0.714,0.25,0.324,0.084,0
5917,66,0,12,0.955,0.7,0.785,0.5,0.489,0.401,0
5918,83,0,7,0.96,0.544,0.899,0.0,0.409,0.212,0
5919,82,1,11,0.95,0.403,0.691,0.0,0.113,0.249,0
5920,55,0,6,0.981,0.563,0.473,0.0,0.086,0.18,0
5921,33,1,4,1.036,0.612,0.456,0.5,-0.097,0.342,0
5922,35,0,4,0.85,0.595,0.551,0.25,0.29,0.384,0
5923,68,1,9,1.001,0.457,0.7,0.25,0.395,0.211,0
5924,32,0,5,0.947,0.642,0.657,0.75,0.198,0.327,0
5925,69,0,9,0.906,0.556,0.867,0.0,0.346,0.109,0
5926,37,1,3,0.908,0.636,0.371,0.0,0.112,0.025,0
5927,39,1,5,0.981,0.482,0.297,0.0,-0.311,0.271,0
5928,83,1,3,0.839,0.612,0.639,0.75,0.161,0.246,0
5929,63,0,6,0.783,0.694,0.552,0.0,0.249,0.223,0
5930,77,0,11,1.063,0.531,0.973,0.75,0.58,0.272,0
5931,61,0,9,0.948,0.586,0.743,0.0,0.37,0.225,0
5932,84,1,6,0.725,0.51,0.792,0.75,0.017,-0.016,0
5933,61,1,3,0.812,0.603,0.911,0.0,0.422,0.099,0
5934,55,1,9,0.798,0.558,0.834,0.0,0.651,-0.003,0
5935,50,1,8,0.889,0.625,0.661,0.75,0.079,0.325,0
5936,42,0,7,0.809,0.467,0.691,0.0,0.182,-0.007,0
5937,67,1,11,0.987,0.504,1.058,0.0,0.668,0.476,0
5938,35,1,9,0.932,0.483,1.025,0.5,0.591,0.219,0
5939,46,1,3,0.593,0.597,0.624,0.0,0.066,-0.096,0
5940,43,0,7,1.028,0.644,0.975,1.0,0.702,0.258,0
5941,40,0,7,0.929,0.675,0.517,0.0,0.085,0.301,0
5942,81,1,4,0.949,0.603,0.814,0.0,0.224,0.323,1
5943,71,1,7,0.81,0.559,0.586,0.0,0.246,-0.161,0
5944,64,0,8,0.801,0.473,0.679,0.75,-0.021,0.036,0
5945,50,0,3,1.007,0.602,0.524,0.0,0.075,0.205,0
5946,48,1,8,0.865,0.588,0.618,0.5,-0.021,0.177,0
5947,35,0,9,1.009,0.585,0.849,0.75,0.293,0.309,0
5948,35,0,5,0.674,0.577,0.534,0.0,0.1,-0.195,0
5949,51,1,9,0.873,0.548,0.897,0.25,0.599,-0.047,0
5950,74,1,5,0.735,0.587,0.919,1.0,0.133,-0.144,0
5951,78,1,12,0.941,0.489,0.712,0.0,0.485,0.082,1
5952,44,1,8,0.871,0.589,0.903,1.0,0.203,0.171,0
5953,44,0,3,0.598,0.731,0.504,0.0,0.262,-0.108,0
5954,79,1,7,0.908,0.598,0.649,0.0,0.216,0.303,0
5955,65,0,11,1.218,0.465,0.835,0.75,0.244,0.433,0
5956,67,1,9,0.85,0.579,0.7,0.0,0.401,-0.007,0
5957,39,0,3,0.653,0.671,0.697,0.0,0.308,0.175,0
5958,42,0,6,0.927,0.668,0.636,1.0,0.013,0.056,0
5959,77,1,10,1.043,0.463,0.996,0.75,0.236,0.343,1
5960,71,0,5,0.787,0.725,0.86,0.25,0.323,0.3,0
5961,30,1,12,0.863,0.552,0.783,0.0,0.603,0.233,0
5962,68,1,3,0.7,0.646,0.567,0.5,0.26,-0.026,0
5963,52,1,10,1.139,0.619,1.032,0.5,0.647,0.378,0
5964,80,0,7,0.676,0.649,0.709,0.75,0.32,-0.044,0
5965,51,1,6,0.801,0.626,0.542,1.0,-0.004,0.265,0
5966,34,0,12,0.7,0.61,1.131,0.5,0.615,0.011,0
5967,33,1,9,0.859,0.526,0.854,0.0,0.154,0.055,0
5968,72,1,11,1.023,0.565,0.899,0.5,0.477,0.328,0
5969,78,1,8,1.004,0.665,0.875,0.0,0.341,0.204,0
5970,76,0,3,0.98,0.614,0.532,0.0,0.213,0.206,0
5971,52,0,5,0.731,0.553,0.805,0.0,0.107,0.064,1
5972,81,0,10,0.935,0.711,0.759,0.0,0.224,0.193,0
5973,33,1,4,0.898,0.598,0.7,0.25,0.019,0.32,0
5974,84,0,8,1.187,0.7,0.823,0.0,0.488,0.384,1
5975,73,1,5,0.925,0.481,0.526,0.0,0.082,0.235,1
5976,72,0,12,1.004,0.632,0.812,0.0,0.314,0.299,1
5977,66,0,3,0.838,0.519,0.414,0.75,0.024,0.079,0
5978,39,0,8,0.992,0.612,0.57,1.0,0.241,0.072,0
5979,78,1,8,0.973,0.572,0.449,0.25,-0.14,0.197,0
5980,61,0,11,0.775,0.588,0.495,0.0,0.018,-0.042,0
5981,51,1,11,1.14,0.605,1.035,0.0,0.748,0.498,1
5982,80,1,10,1.015,0.503,0.905,0.0,0.265,0.172,0
5983,58,0,8,0.643,0.643,0.933,1.0,0.661,-0.062,1
5984,77,1,7,0.869,0.504,0.32,0.0,-0.008,0.204,0
5985,30,0,9,0.745,0.54,0.777,0.5,0.031,-0.038,0
5986,81,0,8,0.948,0.509,0.688,0.0,-0.012,0.049,0
5987,47,0,3,0.7,0.58,0.628,0.0,-0.16,0.08,0
5988,78,1,6,0.899,0.615,0.441,1.0,0.164,0.238,0
5989,69,1,9,0.844,0.557,0.674,1.0,0.102,0.189,0
5990,72,0,8,0.864,0.583,0.607,0.5,0.06,0.037,0
5991,57,1,5,1.103,0.679,0.638,0.0,0.015,0.451,0
5992,40,1,11,0.982,0.461,1.021,0.0,0.576,0.327,0
5993,59,1,8,0.696,0.537,0.7,1.0,0.437,-0.336,1
5994,48,0,5,0.755,0.667,0.294,1.0,0.11,0.121,0
5995,84,0,12,1.175,0.401,1.065,0.0,0.702,0.54,0
5996,56,1,11,0.898,0.418,0.982,0.0,0.773,0.009,0
5997,77,1,10,0.976,0.4,0.784,0.0,0.367,0.194,0
5998,49,1,12,0.931,0.592,1.024,0.5,0.673,0.165,0
5999,63,1,10,0.965,0.651,0.974,0.5,0.424,0.265,0
6000,34,0,8,0.721,0.523,0.715,0.5,0.143,-0.317,0
6001,44,0,3,1.003,0.665,0.356,1.0,-0.055,0.19,0
6002,83,1,7,0.656,0.542,0.775,0.5,0.278,-0.378,0
6003,36,0,4,0.826,0.545,0.556,0.0,-0.175,0.005,0
6004,84,0,4,0.817,0.677,0.505,0.5,-0.078,0.013,0
6005,76,1,5,0.856,0.66,0.665,0.5,0.295,-0.069,0
6006,68,0,6,0.849,0.584,0.63,0.0,0.256,0.068,0
6007,72,1,10,0.714,0.461,0.726,0.75,0.445,0.121,1
6008,37,0,12,0.964,0.42,0.984,0.5,0.679,0.075,0
6009,67,0,9,1.086,0.652,0.755,0.0,0.561,0.226,0
6010,31,0,4,0.869,0.633,0.512,0.0,-0.087,0.134,0
6011,34,1,9,1.061,0.55,0.647,0.0,0.56,0.436,0
6012,40,1,12,1.111,0.364,0.954,0.0,0.505,0.304,0
6013,65,1,10,1.124,0.502,1.058,0.0,0.571,0.348,1
6014,53,0,11,0.725,0.729,0.803,0.0,0.267,0.139,0
6015,36,0,4,1.039,0.557,0.644,0.0,0.254,0.312,0
6016,50,1,8,0.836,0.478,0.457,0.25,0.224,-0.031,0
6017,55,1,6,0.674,0.645,0.664,0.5,0.293,-0.067,0
6018,60,0,11,0.987,0.629,0.677,0.0,0.025,0.357,1
6019,44,0,7,0.657,0.603,0.613,1.0,0.247,-0.166,0
6020,55,1,10,0.968,0.606,0.607,1.0,0.177,0.161,0
6021,73,0,10,0.892,0.555,0.805,0.5,0.349,0.045,0
6022,44,1,5,0.701,0.47,0.807,0.5,0.08,-0.044,1
6023,38,0,6,0.929,0.652,0.476,0.0,0.115,0.066,0
6024,49,0,6,0.995,0.629,0.79,0.0,0.286,0.25,0
6025,34,0,4,0.552,0.59,0.79,0.5,0.561,-0.076,0
6026,52,0,12,1.016,0.594,1.048,0.25,0.411,0.079,0
6027,61,1,4,0.709,0.431,0.526,0.0,0.022,-0.065,0
6028,57,1,11,1.151,0.507,1.172,0.25,0.943,0.218,0
6029,35,0,8,0.7,0.535,0.551,0.25,0.197,-0.09,0
6030,52,0,8,0.997,0.483,0.727,0.25,0.027,0.337,0
6031,61,1,8,0.869,0.68,0.924,0.0,0.476,0.139,0
6032,69,1,7,0.916,0.62,0.608,1.0,0.097,0.324,0
6033,38,0,12,1.168,0.421,0.941,0.0,0.241,0.489,0
6034,55,1,4,0.888,0.655,0.625,0.5,0.629,0.216,0
6035,34,1,11,0.867,0.532,0.725,0.75,0.175,0.086,0
6036,55,1,10,1.078,0.612,0.911,0.75,0.454,0.174,1
6037,48,1,3,0.992,0.622,0.525,0.5,0.081,0.469,0
6038,54,0,3,0.823,0.538,0.539,0.25,0.118,0.027,0
6039,82,1,8,0.908,0.54,0.599,0.5,0.642,0.145,0
6040,60,1,12,0.947,0.611,0.773,0.0,0.305,0.174,1
6041,47,1,5,0.981,0.523,0.726,0.0,0.459,0.289,0
6042,81,0,11,1.008,0.597,0.545,0.0,0.168,0.128,0
6043,73,1,12,0.855,0.566,0.952,0.0,0.785,-0.048,0
6044,77,1,10,0.925,0.428,0.735,0.25,0.072,0.212,1
6045,49,0,10,1.003,0.577,0.965,1.0,0.515,0.319,0
6046,55,0,12,0.999,0.498,1.192,0.75,0.678,0.099,0
6047,51,0,5,0.871,0.602,0.374,0.0,-0.365,0.117,0
6048,79,0,10,0.842,0.599,0.857,0.5,0.438,0.243,0
6049,44,1,4,0.749,0.7,0.766,0.0,0.366,-0.074,1
6050,52,1,12,0.982,0.538,0.559,0.0,0.034,0.173,0
6051,44,0,12,1.083,0.559,0.801,0.5,0.304,0.393,1
6052,77,1,10,0.898,0.632,0.492,0.0,0.221,0.188,0
6053,83,1,5,0.881,0.651,0.745,0.5,0.196,0.182,1
6054,67,0,5,0.744,0.454,0.596,0.5,0.133,0.044,0
6055,83,0,4,0.837,0.618,0.711,0.25,0.225,0.126,0
6056,42,0,4,1.006,0.7,0.33,0.0,-0.13,0.306,0
6057,65,1,12,0.891,0.644,0.661,0.25,0.259,0.26,0
6058,69,0,5,0.712,0.595,0.568,0.25,0.02,0.047,0
6059,59,1,3,0.648,0.574,0.772,0.5,0.388,0.013,0
6060,72,1,6,1.016,0.507,0.706,0.0,0.249,0.158,1
6061,38,0,3,0.974,0.667,0.583,0.0,0.416,0.0,0
6062,73,0,9,0.989,0.557,0.595,0.0,0.21,0.129,0
6063,42,1,7,0.709,0.503,1.085,1.0,0.546,-0.124,0
6064,68,0,9,0.883,0.398,0.704,0.0,0.344,0.156,0
6065,77,0,9,0.81,0.615,0.811,0.0,0.199,0.123,0
6066,31,1,7,0.971,0.639,0.687,0.75,0.445,0.242,0
6067,75,0,4,1.033,0.496,0.687,0.5,0.372,0.274,1
6068,49,0,3,0.813,0.529,0.37,0.0,-0.048,0.176,0
6069,42,0,9,1.001,0.596,0.829,0.0,0.043,0.245,1
6070,55,0,12,0.979,0.551,1.011,1.0,0.584,0.215,0
6071,77,0,7,0.868,0.551,0.612,0.0,0.163,0.092,0
6072,49,0,4,0.932,0.616,0.528,1.0,-0.03,0.269,0
6073,31,0,8,0.822,0.373,0.824,0.0,0.292,0.134,0
6074,65,0,12,1.268,0.696,1.065,0.0,0.831,0.52,0
6075,83,0,4,0.994,0.473,0.489,0.0,0.179,0.334,0
6076,37,1,9,0.838,0.521,0.715,0.0,0.249,0.225,0
6077,39,0,7,0.838,0.636,0.735,0.0,0.251,0.139,1
6078,41,1,8,0.875,0.522,0.742,0.0,0.028,0.07,0
6079,38,0,4,0.891,0.559,0.466,0.75,-0.025,0.086,0
6080,52,1,4,0.903,0.624,0.55,1.0,-0.18,0.055,0
6081,58,0,5,0.718,0.615,0.456,0.5,-0.048,-0.241,0
6082,75,1,4,0.824,0.634,0.766,0.25,0.281,0.015,0
6083,59,1,4,0.839,0.643,0.568,0.25,0.091,0.052,0
6084,56,1,4,0.733,0.648,0.775,0.0,-0.142,-0.177,0
6085,55,0,7,1.019,0.72,0.768,0.75,0.225,0.542,0
6086,54,0,10,0.761,0.62,0.616,0.0,0.006,0.027,0
6087,78,0,10,0.672,0.541,0.422,0.0,-0.259,-0.125,0
6088,43,1,10,0.893,0.546,1.049,0.0,0.629,0.099,1
6089,82,0,7,0.756,0.616,0.713,0.5,0.013,-0.252,0
6090,64,0,10,0.844,0.606,0.841,1.0,0.123,-0.047,0
6091,58,1,12,0.98,0.55,0.917,0.0,0.346,0.098,0
6092,30,1,11,1.011,0.607,0.808,0.25,0.217,0.024,0
6093,83,0,10,0.841,0.7,0.919,0.75,0.403,0.121,0
6094,39,1,5,0.867,0.67,0.7,0.0,0.23,-0.015,1
6095,75,1,3,0.759,0.529,0.64,0.0,0.201,0.151,0
6096,55,1,8,0.685,0.613,0.63,0.5,-0.07,-0.162,0
6097,58,1,12,1.046,0.489,0.7,0.25,0.313,0.28,0
6098,36,1,4,0.628,0.478,0.705,0.0,0.124,0.172,0
6099,63,0,3,0.915,0.599,0.592,0.0,0.152,0.397,0
6100,35,0,12,1.055,0.613,0.966,0.0,0.413,0.206,0
6101,57,0,9,0.838,0.515,1.152,0.0,0.835,0.073,0
6102,34,1,11,0.801,0.587,0.7,0.5,0.285,0.028,0
6103,59,0,10,0.856,0.587,0.611,0.0,0.194,0.059,0
6104,43,1,5,0.735,0.451,0.317,0.75,-0.119,-0.085,0
6105,77,1,5,0.837,0.492,0.407,0.0,-0.246,0.14,0
6106,78,1,4,0.928,0.66,0.588,0.75,0.127,0.221,0
6107,43,0,9,0.744,0.697,0.596,0.0,0.331,-0.104,0
6108,32,1,3,0.84,0.7,0.542,0.0,0.174,0.036,0
6109,48,1,3,0.886,0.608,0.66,0.0,0.069,0.084,0
6110,38,1,6,1.017,0.654,0.762,0.0,0.319,0.087,1
6111,58,1,9,0.84,0.518,0.816,0.75,0.349,0.14,0
6112,57,1,9,1.027,0.582,0.741,0.5,0.279,0.341,0
6113,76,1,10,0.783,0.51,0.7,0.0,0.326,-0.01,1
6114,73,1,8,0.703,0.723,0.91,0.25,0.65,0.094,0
6115,59,0,9,0.89,0.54,0.874,0.0,0.416,0.066,0
6116,52,0,12,0.888,0.418,0.796,0.0,0.216,0.23,0
6117,42,1,4,0.793,0.622,0.942,0.0,0.425,0.342,0
6118,72,0,4,0.948,0.708,0.613,0.0,0.269,0.248,0
6119,60,0,9,0.95,0.614,0.976,0.0,0.758,0.148,0
6120,35,0,7,0.805,0.495,0.731,0.25,-0.004,0.105,1
6121,74,0,12,0.932,0.676,0.494,0.0,0.387,0.239,0
6122,33,0,10,0.964,0.514,0.849,0.0,0.365,0.166,0
6123,58,1,11,0.94,0.605,0.962,0.0,0.514,0.09,1
6124,38,1,12,0.96,0.461,0.895,0.5,0.503,0.047,0
6125,72,0,8,1.046,0.598,0.77,0.5,0.412,0.352,0
6126,68,0,12,0.951,0.569,1.167,0.0,0.574,0.323,0
6127,84,0,6,0.799,0.603,0.842,0.0,0.251,0.192,1
6128,79,0,9,0.835,0.577,0.718,0.0,0.391,0.139,0
6129,65,1,3,0.691,0.61,0.374,0.0,-0.245,-0.104,0
6130,30,0,11,0.966,0.521,0.984,0.0,0.826,0.399,0
6131,45,0,6,0.936,0.616,0.874,0.5,0.22,0.388,0
6132,58,0,3,0.932,0.7,0.342,0.5,0.189,0.171,0
6133,30,1,5,0.861,0.392,0.923,0.5,0.396,0.191,0
6134,32,0,8,0.778,0.654,0.626,0.5,0.153,0.003,0
6135,34,1,6,0.991,0.561,0.802,0.5,0.396,0.381,0
6136,72,1,3,0.836,0.501,0.333,0.25,-0.158,0.05,0
6137,73,0,7,0.865,0.636,0.732,0.75,0.308,0.23,0
6138,55,0,8,0.864,0.617,0.701,0.0,0.063,0.324,1
6139,31,1,6,0.805,0.499,0.559,0.0,0.209,0.116,0
6140,48,1,4,0.741,0.672,0.623,1.0,0.326,-0.06,0
6141,50,1,10,1.117,0.476,1.087,0.5,0.678,0.465,0
6142,51,1,10,0.798,0.505,0.917,0.25,0.337,-0.154,0
6143,81,1,7,0.984,0.619,0.685,0.0,0.397,0.077,0
6144,75,0,8,0.775,0.552,0.572,0.0,0.163,-0.033,0
6145,67,0,5,0.709,0.577,0.608,0.75,-0.21,-0.082,0
6146,40,1,7,0.728,0.595,0.78,0.25,0.52,0.049,0
6147,66,0,12,0.97,0.496,0.806,0.5,0.311,0.138,0
6148,56,0,10,0.859,0.551,0.828,0.0,0.569,0.013,0
6149,80,1,3,0.814,0.64,0.435,0.25,0.139,-0.031,0
6150,34,0,6,0.662,0.599,0.4,0.0,-0.285,-0.003,0
6151,84,1,8,1.037,0.499,0.504,0.0,-0.138,0.156,0
6152,32,1,8,0.94,0.666,0.785,0.0,0.042,0.159,0
6153,34,1,12,1.08,0.536,0.826,0.0,0.219,0.519,0
6154,38,0,5,0.881,0.57,0.814,1.0,0.191,0.121,0
6155,44,1,4,0.649,0.553,0.636,0.75,0.138,-0.079,0
6156,83,1,5,0.916,0.695,0.7,0.0,0.063,0.207,1
6157,73,0,8,0.854,0.447,0.798,0.25,0.261,0.059,0
6158,77,1,9,1.014,0.692,0.704,0.25,0.287,0.445,1
6159,83,0,3,0.754,0.575,0.674,0.0,0.121,-0.027,1
6160,42,1,11,1.092,0.544,1.006,0.0,0.448,0.291,1
6161,84,0,3,0.634,0.7,0.539,0.25,-0.177,-0.168,0
6162,35,0,11,0.885,0.582,0.963,0.0,0.686,0.037,0
6163,69,1,10,0.931,0.674,0.694,1.0,0.196,0.239,1
6164,55,1,4,0.766,0.578,0.738,0.0,0.292,-0.276,0
6165,48,1,3,0.852,0.595,0.653,0.5,0.134,0.025,1
6166,84,1,8,0.798,0.503,0.734,0.0,0.29,0.066,1
6167,81,1,6,0.775,0.624,0.579,0.0,-0.055,0.008,0
6168,54,1,12,0.943,0.611,0.621,0.5,-0.064,0.082,0
6169,65,0,3,0.887,0.556,0.285,0.5,-0.41,0.187,0
6170,62,1,5,0.87,0.677,0.654,0.0,0.024,0.268,0
6171,65,0,11,0.83,0.558,1.02,0.0,0.386,0.025,1
6172,40,0,3,0.884,0.72,0.625,0.25,0.229,0.162,0
6173,67,1,11,0.878,0.493,0.841,0.75,0.347,0.363,0
6174,34,1,10,0.857,0.579,0.758,0.0,0.217,-0.038,0
6175,31,1,3,1.124,0.666,0.774,0.25,0.44,0.202,0
6176,34,1,11,1.179,0.48,0.726,0.0,0.462,0.517,0
6177,33,0,6,0.799,0.562,0.653,0.5,0.286,-0.027,0
6178,45,1,5,0.922,0.586,0.588,0.0,0.051,0.378,0
6179,76,0,11,1.059,0.48,0.711,1.0,0.252,0.363,0
6180,83,0,6,1.043,0.712,0.518,1.0,-0.038,0.373,0
6181,30,0,8,0.957,0.504,0.697,0.0,0.015,0.294,0
6182,41,1,9,0.854,0.509,0.65,0.25,-0.018,0.052,0
6183,48,0,11,0.896,0.7,0.827,0.75,0.709,0.065,0
6184,84,0,9,0.999,0.589,0.7,0.75,0.114,0.304,0
6185,39,1,10,1.009,0.536,0.773,0.0,0.35,0.237,0
6186,57,1,8,0.804,0.671,0.804,0.0,0.281,-0.009,0
6187,74,0,3,0.579,0.649,0.37,0.25,-0.05,-0.192,0
6188,67,1,6,0.847,0.562,0.606,0.0,-0.156,0.005,0
6189,53,0,9,0.908,0.7,0.628,1.0,-0.072,0.143,0
6190,49,1,7,0.87,0.585,0.805,0.5,0.199,0.079,1
6191,58,1,5,0.786,0.648,0.735,0.0,0.076,0.086,0
6192,57,1,10,0.971,0.484,0.791,0.0,0.105,0.09,0
6193,61,1,6,0.7,0.609,0.694,0.5,0.02,-0.071,0
6194,82,0,9,0.993,0.656,0.419,0.0,0.052,0.239,0
6195,56,0,12,1.01,0.55,0.797,0.75,0.335,0.166,0
6196,83,1,8,0.745,0.653,0.872,0.0,0.259,0.073,0
6197,53,0,9,0.931,0.54,0.44,0.0,0.364,0.135,0
6198,59,1,6,0.859,0.556,0.745,0.0,0.171,0.13,0
6199,82,0,12,1.155,0.717,0.86,1.0,0.611,0.349,0
6200,62,1,5,1.029,0.588,0.449,0.75,0.038,0.261,1
6201,84,0,10,0.909,0.428,0.561,0.0,0.231,0.054,0
6202,62,0,7,0.834,0.7,0.681,0.0,0.154,0.06,0
6203,72,1,12,0.86,0.571,0.98,0.0,0.571,-0.023,0
6204,60,1,4,0.952,0.535,0.392,1.0,-0.195,0.291,0
6205,57,1,7,0.813,0.574,0.477,0.0,0.064,-0.047,0
6206,34,0,10,0.824,0.61,0.609,0.0,0.293,0.06,0
6207,56,0,6,0.859,0.546,0.651,0.0,0.305,0.115,0
6208,84,1,7,0.868,0.541,0.475,1.0,-0.334,-0.048,0
6209,72,0,6,0.781,0.615,0.698,0.75,-0.002,-0.1,0
6210,48,0,3,0.657,0.698,0.66,0.0,-0.431,-0.066,1
6211,83,0,5,0.734,0.664,0.59,0.75,-0.11,-0.138,0
6212,57,0,4,0.734,0.664,0.502,0.5,-0.037,-0.189,0
6213,75,0,10,1.306,0.616,0.759,0.0,0.534,0.557,0
6214,54,0,8,0.942,0.69,0.76,0.75,0.335,0.165,1
6215,70,0,10,0.856,0.351,1.183,0.75,0.745,0.023,0
6216,56,0,5,0.961,0.552,0.635,0.0,0.191,0.322,0
6217,30,0,3,0.92,0.64,0.583,0.0,0.192,0.174,0
6218,31,1,3,0.539,0.591,0.758,0.5,0.364,-0.178,1
6219,78,1,7,0.7,0.613,0.934,1.0,0.511,-0.098,0
6220,74,0,8,1.156,0.555,0.605,0.0,0.06,0.436,0
6221,36,0,6,0.825,0.7,0.835,0.0,0.647,-0.007,0
6222,66,0,11,1.129,0.501,0.744,0.25,0.448,0.415,0
6223,60,1,12,0.917,0.68,1.089,0.0,0.389,0.269,1
6224,67,1,6,0.845,0.526,0.918,0.0,0.425,0.298,0
6225,43,0,3,0.932,0.685,0.432,0.25,0.084,0.114,0
6226,54,0,7,0.719,0.644,0.69,0.0,0.414,-0.013,0
6227,64,1,11,0.981,0.455,1.068,0.0,0.699,0.328,1
6228,80,1,6,0.768,0.524,0.723,0.0,0.023,-0.215,0
6229,36,1,10,0.833,0.577,0.867,0.75,0.548,0.135,1
6230,71,0,5,0.914,0.601,0.628,1.0,0.179,0.101,0
6231,67,0,10,0.766,0.513,0.714,0.0,0.284,0.045,0
6232,44,1,3,0.753,0.601,0.444,1.0,-0.37,-0.108,0
6233,73,1,6,0.819,0.627,0.682,0.5,0.214,0.132,0
6234,62,1,3,0.803,0.595,0.691,0.0,0.14,-0.029,0
6235,62,0,11,1.279,0.558,0.9,0.0,0.183,0.584,0
6236,37,1,6,0.685,0.65,0.855,0.0,0.414,-0.016,0
6237,34,1,5,0.92,0.593,0.584,0.5,0.182,0.22,0
6238,57,1,5,0.785,0.565,0.839,0.0,0.21,0.092,0
6239,50,0,10,0.958,0.515,0.931,0.0,0.213,0.36,0
6240,51,1,12,0.791,0.526,0.872,0.0,0.384,0.007,0
6241,59,0,8,0.764,0.743,0.436,1.0,0.175,0.267,0
6242,81,0,5,0.595,0.663,0.741,0.0,0.171,-0.214,1
6243,76,1,10,0.942,0.545,0.865,0.75,0.566,0.205,0
6244,74,0,3,0.853,0.542,0.746,0.0,0.267,0.005,0
6245,66,1,5,0.809,0.623,0.634,0.5,-0.132,0.08,0
6246,47,1,11,0.827,0.618,0.765,0.75,0.182,-0.047,0
6247,77,0,11,0.972,0.492,0.866,0.5,0.291,0.272,1
6248,36,1,8,0.767,0.518,0.65,0.25,0.043,0.093,0
6249,60,1,11,0.867,0.52,0.646,0.0,0.237,-0.047,0
6250,59,0,11,0.821,0.629,0.952,0.5,0.59,0.017,0
6251,80,0,10,0.686,0.513,0.71,0.0,0.041,0.093,0
6252,32,1,3,0.709,0.726,0.27,1.0,-0.219,0.101,0
6253,43,1,10,0.914,0.432,0.468,1.0,-0.138,0.18,0
6254,36,1,9,0.745,0.51,0.648,0.25,0.141,0.091,0
6255,60,1,10,0.916,0.568,0.835,0.0,0.256,0.075,0
6256,74,1,3,0.7,0.677,0.449,0.0,-0.199,-0.102,0
6257,71,0,8,1.003,0.616,0.644,0.75,0.339,0.254,0
6258,32,0,5,0.858,0.541,0.619,0.75,-0.149,0.102,0
6259,83,0,10,0.796,0.551,0.578,0.0,-0.047,0.171,0
6260,52,0,9,0.872,0.509,0.813,0.0,0.219,0.001,0
6261,33,1,12,0.956,0.454,0.874,0.0,0.033,-0.001,1
6262,52,1,4,0.748,0.494,0.689,0.75,0.327,0.062,0
6263,54,1,5,0.7,0.692,0.445,0.0,0.032,0.033,0
6264,61,0,9,1.046,0.545,1.056,0.0,0.36,0.118,1
6265,72,0,11,1.061,0.685,0.826,0.0,0.225,0.453,0
6266,40,0,10,1.022,0.633,1.062,0.5,0.6,0.102,0
6267,38,0,5,0.874,0.584,0.887,1.0,0.352,0.111,0
6268,44,1,6,0.719,0.502,0.48,1.0,0.13,0.044,0
6269,75,1,10,0.823,0.419,1.155,0.0,0.57,-0.044,0
6270,81,1,11,1.104,0.625,0.953,0.0,0.514,0.572,0
6271,47,1,12,0.993,0.521,0.692,0.0,0.422,0.325,0
6272,41,1,4,0.965,0.565,0.686,0.0,-0.016,0.205,1
6273,56,0,3,0.929,0.613,0.7,0.5,0.0,0.036,0
6274,81,1,12,1.228,0.551,1.088,0.5,0.688,0.261,0
6275,41,1,8,0.852,0.556,0.706,1.0,0.563,0.093,0
6276,67,0,7,0.909,0.624,0.964,0.0,0.512,-0.009,1
6277,47,1,11,1.011,0.456,0.871,0.0,0.437,0.265,0
6278,48,0,3,0.717,0.629,0.689,0.5,0.386,-0.097,1
6279,59,0,10,0.902,0.391,0.798,0.0,-0.002,0.282,0
6280,33,1,9,0.994,0.617,0.639,0.0,0.258,0.244,0
6281,80,1,9,0.749,0.566,0.815,0.0,0.318,-0.189,0
6282,58,1,9,0.956,0.551,1.038,0.0,0.654,0.12,0
6283,44,0,12,0.901,0.522,0.997,0.0,0.451,0.163,1
6284,72,0,5,0.831,0.7,0.704,0.5,0.307,0.26,0
6285,80,1,11,1.345,0.511,1.21,0.25,0.505,0.63,1
6286,32,1,7,0.779,0.574,0.696,0.0,0.517,0.136,0
6287,60,0,9,0.853,0.492,0.754,1.0,0.366,0.12,0
6288,44,0,10,0.898,0.461,0.756,0.0,0.056,0.333,0
6289,82,1,4,0.981,0.612,0.521,0.0,0.016,0.088,0
6290,76,0,6,0.885,0.753,0.578,0.0,0.369,0.185,0
6291,59,0,12,0.718,0.566,0.796,0.0,0.514,-0.03,0
6292,68,0,10,0.776,0.515,0.72,0.0,0.41,-0.118,1
6293,45,0,3,0.64,0.7,0.194,0.5,-0.361,-0.061,0
6294,35,1,5,0.95,0.605,0.454,0.0,0.01,-0.019,0
6295,66,0,3,0.966,0.649,0.778,0.5,0.382,0.275,0
6296,64,0,3,0.98,0.537,0.912,1.0,0.463,0.237,0
6297,58,0,6,0.752,0.622,0.771,1.0,0.071,-0.215,0
6298,33,0,8,0.901,0.67,0.746,0.0,0.321,0.287,0
6299,49,1,10,0.794,0.464,0.701,0.75,0.436,-0.052,0
6300,65,1,12,0.91,0.65,0.969,0.0,0.762,0.094,0
6301,54,0,5,0.819,0.641,0.44,0.0,-0.019,0.267,0
6302,54,1,12,1.028,0.547,0.688,0.75,0.043,0.234,0
6303,55,1,12,1.027,0.586,1.12,0.0,0.791,0.254,1
6304,56,1,4,0.729,0.592,0.668,1.0,0.298,0.05,1
6305,44,0,6,1.104,0.626,0.706,0.0,0.352,0.298,0
6306,75,1,11,0.865,0.607,0.755,0.0,0.02,0.093,0
6307,36,1,9,1.032,0.625,0.846,0.75,0.455,0.288,0
6308,51,1,10,1.178,0.574,1.037,0.0,0.899,0.388,0
6309,33,1,7,0.646,0.503,0.579,0.25,0.029,0.027,0
6310,61,1,11,1.079,0.558,1.094,0.0,1.023,0.299,1
6311,61,1,11,0.812,0.67,0.765,0.0,0.449,0.142,0
6312,43,0,10,0.889,0.482,0.851,0.5,0.327,0.123,0
6313,74,1,3,0.967,0.581,0.784,0.0,0.34,0.215,0
6314,71,0,8,1.035,0.481,0.954,0.0,0.255,0.139,1
6315,70,1,11,1.082,0.542,0.732,0.0,0.231,0.262,0
6316,52,1,9,0.857,0.539,0.752,0.0,0.593,0.071,1
6317,57,1,6,0.839,0.7,0.454,0.0,-0.001,0.075,0
6318,35,0,11,1.026,0.529,1.184,1.0,0.634,0.342,0
6319,39,1,5,0.864,0.535,0.691,0.0,0.197,0.196,0
6320,33,1,8,0.72,0.502,0.784,0.5,0.613,0.112,0
6321,52,0,6,0.776,0.499,0.85,1.0,0.15,0.11,0
6322,32,1,9,1.024,0.621,1.032,0.25,0.699,0.357,0
6323,42,0,11,0.772,0.563,1.063,0.0,0.495,-0.087,0
6324,63,1,11,0.855,0.533,0.82,0.0,0.558,0.15,0
6325,65,0,4,0.559,0.662,0.684,0.0,0.06,-0.191,0
6326,53,0,4,0.942,0.718,0.57,0.0,0.087,0.017,0
6327,41,0,4,0.762,0.599,0.634,0.0,0.038,-0.001,0
6328,68,1,7,0.62,0.573,0.475,0.0,0.012,0.108,0
6329,56,0,8,0.975,0.626,0.741,0.0,0.371,0.172,0
6330,33,1,5,0.858,0.715,0.619,0.5,0.252,0.179,0
6331,31,0,3,0.689,0.59,0.598,0.25,-0.055,-0.004,0
6332,51,0,8,0.901,0.703,0.737,0.25,0.272,0.274,0
6333,65,1,5,0.963,0.582,0.273,0.25,-0.33,-0.091,0
6334,35,1,5,0.79,0.473,0.67,1.0,0.286,0.17,0
6335,34,1,9,1.024,0.625,0.694,0.0,-0.026,0.506,0
6336,83,0,7,0.766,0.7,0.627,1.0,-0.016,-0.063,0
6337,57,1,4,0.916,0.467,0.647,0.0,0.173,0.052,0
6338,43,1,7,0.768,0.637,0.63,0.0,0.181,0.079,0
6339,34,0,4,0.691,0.586,0.674,0.0,0.319,-0.239,0
6340,44,1,12,0.95,0.513,1.021,0.0,0.651,0.429,0
6341,72,1,12,1.023,0.559,1.085,0.25,0.443,0.528,0
6342,73,1,9,1.011,0.446,0.866,0.0,0.535,0.478,1
6343,78,0,7,0.904,0.655,0.627,0.0,0.185,0.246,0
6344,37,0,6,0.905,0.653,0.371,0.5,-0.105,0.181,0
6345,51,1,8,0.775,0.456,0.466,0.0,0.136,-0.248,0
6346,56,1,12,0.94,0.515,0.955,0.0,0.464,0.412,0
6347,30,0,3,1.067,0.672,0.475,0.25,0.002,0.444,0
6348,57,1,6,0.79,0.522,0.692,0.0,0.278,0.247,0
6349,82,1,11,1.074,0.449,1.014,0.75,0.795,0.148,1
6350,43,1,9,0.971,0.565,1.219,0.5,1.035,-0.011,0
6351,64,1,10,1.039,0.555,0.877,0.5,0.46,0.285,0
6352,61,0,8,0.827,0.675,0.95,0.0,0.333,0.127,0
6353,67,1,3,0.823,0.51,0.272,0.25,0.142,0.122,0
6354,67,1,5,0.737,0.653,0.866,0.0,0.086,-0.047,1
6355,71,1,8,0.778,0.654,0.864,0.5,0.253,0.052,0
6356,63,1,6,0.939,0.599,0.367,0.0,-0.272,-0.053,0
6357,64,0,12,1.102,0.432,0.866,0.0,0.755,0.402,1
6358,62,0,10,1.057,0.521,0.861,0.0,0.529,0.257,0
6359,45,0,5,0.72,0.567,0.722,0.0,0.203,-0.015,0
6360,58,1,5,0.712,0.7,0.74,0.25,0.378,-0.072,0
6361,56,0,8,0.866,0.396,0.353,0.5,-0.352,-0.033,0
6362,80,0,11,0.85,0.487,0.978,0.0,0.626,0.096,0
6363,73,1,8,0.928,0.681,0.919,0.25,0.549,0.22,0
6364,69,0,10,0.989,0.526,0.686,0.5,0.093,0.353,0
6365,74,0,10,0.871,0.552,0.972,0.75,0.618,0.07,1
6366,35,0,8,0.969,0.597,0.929,1.0,0.509,0.181,0
6367,58,0,7,1.114,0.565,0.77,0.0,0.097,0.297,0
6368,49,1,3,0.728,0.65,0.123,0.0,-0.088,-0.182,0
6369,66,0,11,0.772,0.482,0.812,0.0,0.438,-0.209,0
6370,44,1,11,1.094,0.458,0.739,0.5,0.486,0.355,0
6371,32,1,5,0.817,0.587,0.481,0.0,0.209,-0.07,0
6372,63,1,8,0.85,0.434,0.747,0.25,0.518,0.173,0
6373,74,1,4,0.79,0.597,0.75,0.0,0.095,0.057,1
6374,82,0,6,0.911,0.626,0.746,0.0,0.109,0.211,1
6375,50,0,3,0.829,0.572,0.484,0.0,0.059,0.041,0
6376,59,1,12,0.948,0.474,0.91,0.75,0.405,0.162,0
6377,30,1,3,0.881,0.635,0.753,0.0,0.256,0.13,0
6378,56,0,8,0.882,0.507,0.71,0.0,0.084,0.275,1
6379,31,1,12,0.842,0.622,0.819,0.0,0.428,0.184,0
6380,30,1,11,0.719,0.427,1.01,0.25,0.31,0.13,0
6381,82,0,12,0.906,0.558,1.002,0.0,0.538,0.115,0
6382,44,0,12,0.955,0.528,1.176,0.0,0.68,0.323,1
6383,82,0,8,0.899,0.447,0.662,0.0,0.253,0.319,0
6384,31,0,7,0.727,0.532,0.82,0.0,0.561,0.149,0
6385,31,1,12,0.911,0.706,1.054,1.0,0.494,0.067,0
6386,80,1,3,0.844,0.638,0.7,0.0,0.255,-0.085,0
6387,39,0,4,0.898,0.62,0.433,0.5,-0.053,0.0,0
6388,78,0,8,0.812,0.648,0.675,0.25,0.499,-0.086,0
6389,60,0,10,0.723,0.647,1.061,1.0,0.522,0.044,0
6390,80,1,12,1.16,0.631,0.762,0.0,0.05,0.439,0
6391,54,1,7,0.795,0.628,0.81,0.0,0.492,-0.115,0
6392,53,0,11,0.939,0.466,0.917,0.5,0.142,0.057,0
6393,65,1,4,0.69,0.502,0.802,0.75,0.35,-0.159,1
6394,51,0,4,0.753,0.554,0.657,0.0,0.065,-0.213,0
6395,80,1,12,0.972,0.612,1.041,0.0,0.463,0.188,0
6396,33,1,6,0.621,0.508,0.463,0.25,0.003,-0.143,0
6397,68,1,10,0.744,0.573,0.979,0.0,0.522,-0.082,1
6398,31,1,8,0.662,0.468,0.553,0.0,0.029,0.286,0
6399,61,1,6,0.691,0.657,0.414,0.0,-0.143,-0.024,0
6400,83,1,9,1.062,0.573,0.656,0.5,0.014,0.113,0
6401,60,1,3,0.885,0.61,0.542,0.25,0.093,0.133,0
6402,45,0,10,1.013,0.623,0.694,0.25,0.206,0.432,1
6403,36,0,4,0.827,0.548,0.943,0.5,0.369,-0.036,0
6404,67,0,12,0.901,0.502,0.8,0.0,0.005,0.301,0
6405,41,1,9,0.975,0.527,0.803,0.0,0.456,0.114,0
6406,33,1,8,0.519,0.485,1.018,0.5,0.375,-0.327,1
6407,31,0,9,1.005,0.666,1.091,0.25,0.567,0.215,0
6408,78,1,7,1.069,0.466,0.554,0.0,0.264,0.266,1
6409,35,0,3,0.872,0.541,0.84,0.75,0.735,0.209,0
6410,47,0,4,1.083,0.7,0.411,0.25,0.025,0.274,0
6411,71,1,3,0.864,0.643,0.411,1.0,0.051,0.087,0
6412,39,0,3,0.645,0.545,0.802,0.0,0.397,-0.055,0
6413,54,1,7,0.917,0.704,0.678,0.0,0.302,0.025,0
6414,81,1,3,0.729,0.603,0.679,0.0,0.155,-0.112,0
6415,76,0,11,0.921,0.611,1.046,0.0,0.711,0.024,0
6416,63,1,3,0.713,0.501,0.489,0.0,-0.112,0.098,0
6417,30,1,4,0.551,0.735,0.564,0.0,-0.059,-0.271,0
6418,73,1,8,0.812,0.527,0.856,0.0,0.367,0.039,0
6419,69,0,6,0.816,0.646,0.39,0.0,0.05,0.229,0
6420,82,1,11,0.888,0.7,1.308,0.0,0.827,0.096,1
6421,31,0,7,0.699,0.556,0.935,1.0,0.235,0.063,0
6422,46,1,8,0.824,0.563,0.748,0.25,0.294,0.065,0
6423,57,1,5,0.715,0.619,0.777,0.0,0.578,0.053,0
6424,51,1,5,0.82,0.587,0.626,0.0,0.227,0.179,0
6425,51,0,4,0.732,0.614,0.67,0.0,0.068,-0.044,0
6426,75,0,8,0.801,0.571,0.654,0.5,0.18,0.091,0
6427,73,1,10,0.821,0.547,0.989,0.0,0.383,0.328,1
6428,46,0,4,0.787,0.52,0.428,0.0,-0.029,0.033,0
6429,33,1,11,0.809,0.424,0.697,1.0,0.314,0.099,0
6430,76,1,5,0.715,0.561,0.603,0.0,-0.01,-0.182,0
6431,53,0,3,0.835,0.7,0.158,0.0,-0.292,-0.06,0
6432,49,0,9,1.038,0.541,0.869,0.75,0.124,0.22,0
6433,72,1,9,1.101,0.542,0.805,0.0,0.315,0.181,1
6434,80,1,7,0.868,0.634,0.727,0.25,0.623,0.033,1
6435,84,0,6,0.974,0.557,0.751,1.0,0.029,0.103,1
6436,82,0,5,0.818,0.557,0.366,0.25,-0.082,-0.012,0
6437,41,1,11,1.035,0.593,0.851,0.0,0.19,0.169,0
6438,82,0,5,0.711,0.591,0.72,0.0,0.377,0.087,0
6439,83,1,4,0.983,0.561,0.553,0.0,0.127,0.237,0
6440,83,1,5,0.891,0.609,0.599,0.25,0.295,0.214,0
6441,76,1,7,1.074,0.61,1.081,0.0,0.58,0.282,0
6442,64,1,4,0.691,0.681,0.586,0.75,-0.021,-0.054,0
6443,37,1,6,0.843,0.604,0.901,0.0,0.408,-0.148,0
6444,79,1,6,0.7,0.571,0.428,0.25,-0.081,-0.005,0
6445,30,0,9,1.046,0.739,0.874,0.25,0.386,0.456,0
6446,60,1,8,1.14,0.488,0.68,0.0,0.192,0.562,0
6447,66,1,11,0.7,0.444,1.09,0.0,0.374,0.037,0
6448,77,0,8,0.872,0.699,0.754,0.0,0.085,0.094,1
6449,35,1,11,0.883,0.469,0.386,0.0,0.092,0.22,0
6450,47,0,9,0.937,0.499,0.858,0.0,0.825,0.17,0
6451,30,1,3,0.7,0.452,0.795,0.25,0.102,0.025,0
6452,83,0,11,0.841,0.585,1.026,0.0,0.684,-0.085,0
6453,54,0,5,0.913,0.665,0.348,0.0,-0.189,-0.074,0
6454,59,0,10,0.988,0.42,0.721,0.0,0.308,0.309,0
6455,39,0,7,0.81,0.563,0.41,1.0,-0.254,0.045,0
6456,79,0,11,1.131,0.599,0.965,0.0,0.402,0.227,0
6457,30,0,9,0.73,0.617,0.798,0.0,0.268,-0.084,0
6458,63,1,4,0.659,0.574,0.7,0.0,0.128,-0.102,1
6459,44,0,5,0.912,0.558,0.581,0.75,0.033,0.112,0
6460,53,1,12,1.054,0.596,0.544,0.5,0.041,0.556,0
6461,60,0,4,0.769,0.7,0.356,1.0,-0.223,0.187,0
6462,56,1,8,1.042,0.532,0.655,0.0,-0.183,0.425,0
6463,50,0,5,0.907,0.7,0.593,0.0,0.287,0.058,0
6464,61,0,3,0.86,0.553,0.373,0.25,-0.192,0.159,0
6465,31,1,8,0.604,0.563,0.882,0.0,0.407,-0.245,0
6466,54,1,10,0.963,0.61,1.085,0.0,0.584,0.26,0
6467,49,1,9,0.85,0.43,0.536,1.0,0.1,-0.004,0
6468,38,1,4,0.804,0.62,0.657,0.25,0.251,0.232,0
6469,33,0,9,0.795,0.441,0.753,0.0,0.267,-0.078,0
6470,42,0,8,0.797,0.584,0.733,0.0,0.293,0.145,0
6471,72,0,8,0.909,0.585,0.817,0.0,0.438,0.279,0
6472,36,0,6,0.8,0.515,0.634,0.25,0.051,0.181,0
6473,76,1,10,1.299,0.516,1.079,0.25,0.828,0.403,1
6474,33,0,9,0.904,0.479,0.522,1.0,-0.072,0.099,0
6475,38,0,6,0.655,0.522,0.374,0.75,-0.205,-0.273,0
6476,79,1,11,1.052,0.545,0.704,0.25,0.215,0.48,1
6477,43,0,10,0.998,0.47,0.957,0.25,0.676,0.448,1
6478,57,0,10,0.778,0.457,0.726,0.0,0.129,0.108,0
6479,46,0,8,0.7,0.584,0.581,0.5,0.183,-0.243,0
6480,38,1,10,1.075,0.542,0.658,0.5,0.336,0.111,0
6481,30,0,3,0.883,0.648,0.493,0.0,0.108,0.087,0
6482,47,1,4,0.961,0.721,0.177,0.0,-0.404,0.165,0
6483,63,0,12,0.758,0.512,0.885,0.25,0.104,0.077,0
6484,37,0,9,1.076,0.671,0.828,0.0,0.272,0.462,0
6485,37,0,8,0.704,0.419,0.841,1.0,0.273,0.165,0
6486,59,0,7,1.108,0.616,0.721,0.0,-0.03,0.592,0
6487,41,1,8,0.723,0.57,0.919,0.5,0.524,-0.049,0
6488,33,0,3,0.829,0.7,0.764,0.25,0.225,0.134,0
6489,38,1,7,0.795,0.63,0.752,0.5,0.012,-0.112,1
6490,55,0,12,0.998,0.399,0.773,0.5,0.312,0.226,0
6491,78,1,10,0.916,0.478,1.17,0.25,0.556,0.15,0
6492,47,1,11,1.157,0.502,0.916,0.0,0.475,0.203,1
6493,83,0,9,0.955,0.497,1.188,0.25,0.841,0.168,0
6494,40,1,7,0.826,0.545,0.514,0.0,0.126,0.163,0
6495,53,1,8,0.947,0.581,0.634,1.0,0.148,0.268,0
6496,80,0,12,0.939,0.565,0.908,0.5,0.571,0.193,0
6497,76,0,6,0.815,0.45,0.645,0.0,-0.055,0.13,0
6498,71,0,7,0.914,0.554,0.814,0.0,0.612,0.073,0
6499,48,1,12,1.096,0.466,1.028,0.0,0.403,0.396,0
6500,35,0,7,1.108,0.521,0.763,0.25,0.323,0.433,0
6501,41,1,8,0.959,0.637,0.825,0.0,0.388,0.155,0
6502,79,1,12,1.001,0.488,1.091,0.5,0.694,0.173,1
6503,75,0,11,0.931,0.563,1.057,0.25,0.577,0.219,0
6504,50,0,6,0.784,0.714,0.682,0.0,0.112,-0.118,0
6505,32,0,10,0.794,0.552,0.558,0.0,0.123,-0.002,0
6506,75,1,4,0.65,0.726,0.754,0.0,0.353,-0.085,0
6507,32,0,11,1.192,0.729,0.995,0.0,0.469,0.489,0
6508,47,1,11,0.93,0.631,0.979,0.0,0.39,0.11,0
6509,79,1,3,0.851,0.603,0.328,0.25,-0.5,-0.124,0
6510,51,0,7,0.98,0.368,0.447,1.0,-0.036,0.378,0
6511,55,0,4,0.782,0.523,0.732,0.75,0.092,-0.195,0
6512,67,0,12,1.02,0.546,0.774,0.0,-0.02,0.248,0
6513,84,1,3,0.807,0.711,0.649,1.0,0.051,-0.071,0
6514,76,1,11,0.848,0.485,0.918,0.5,0.57,0.28,0
6515,41,1,6,0.916,0.563,0.666,0.0,0.437,0.071,0
6516,79,0,11,0.964,0.362,0.869,0.0,0.224,0.264,0
6517,33,0,4,0.632,0.508,0.584,0.0,0.105,-0.172,0
6518,75,1,10,0.884,0.496,0.984,1.0,0.467,-0.036,0
6519,46,1,8,0.866,0.59,0.478,0.0,-0.18,0.316,0
6520,46,1,3,0.796,0.494,0.7,0.0,-0.038,0.143,1
6521,65,0,7,0.894,0.638,0.612,0.5,0.192,-0.195,0
6522,45,0,8,0.976,0.546,0.713,0.75,0.223,0.253,0
6523,57,0,6,0.776,0.527,0.303,0.0,-0.224,-0.178,0
6524,77,0,8,0.771,0.606,0.64,0.0,-0.06,-0.088,0
6525,84,1,9,0.92,0.693,0.554,0.5,-0.194,0.187,0
6526,64,1,10,0.796,0.441,0.618,1.0,0.093,-0.025,0
6527,54,0,11,1.132,0.502,0.942,0.0,0.562,0.216,0
6528,38,1,3,0.769,0.726,0.454,0.0,-0.133,-0.09,0
6529,30,0,6,1.138,0.645,0.878,0.25,0.477,0.405,0
6530,65,1,9,1.082,0.669,1.155,0.0,0.803,0.054,1
6531,64,0,9,0.946,0.612,0.759,0.0,0.394,0.169,0
6532,81,1,5,0.951,0.533,0.72,1.0,-0.001,0.221,1
6533,31,1,5,0.832,0.746,0.823,0.0,0.208,-0.137,0
6534,51,0,10,0.814,0.641,0.897,0.25,0.506,0.006,0
6535,42,0,9,1.021,0.565,0.98,0.0,0.408,0.204,0
6536,54,1,4,0.76,0.7,0.742,0.0,0.411,-0.096,1
6537,43,0,6,0.899,0.59,0.679,0.0,0.08,0.284,0
6538,36,0,3,0.766,0.691,1.067,0.25,0.73,0.011,0
6539,41,0,5,0.7,0.589,0.586,0.0,-0.317,-0.175,0
6540,72,0,10,0.884,0.483,1.027,0.5,0.406,0.069,1
6541,42,1,11,0.936,0.517,1.117,0.0,0.531,0.24,1
6542,47,1,12,0.787,0.636,0.639,0.0,0.112,-0.117,0
6543,52,1,12,0.925,0.57,0.76,0.0,0.203,0.276,1
6544,48,1,11,0.796,0.653,0.795,0.0,0.098,0.192,0
6545,31,0,8,0.894,0.567,0.738,0.75,0.01,0.176,0
6546,60,0,9,0.898,0.692,0.822,0.0,0.586,0.443,1
6547,44,1,10,1.109,0.553,0.566,0.0,-0.095,0.238,0
6548,46,0,3,0.771,0.552,0.587,0.0,-0.034,-0.031,0
6549,83,0,4,0.832,0.698,0.548,1.0,-0.095,-0.049,0
6550,79,1,10,1.049,0.506,0.684,0.25,0.194,0.193,1
6551,39,0,6,0.923,0.636,0.496,0.0,-0.009,0.206,0
6552,49,1,7,0.897,0.559,0.695,0.0,0.038,0.165,0
6553,60,1,3,0.793,0.525,0.302,0.75,0.014,0.303,0
6554,61,0,12,0.9,0.7,0.945,0.0,0.61,0.203,1
6555,46,0,9,1.205,0.443,0.798,0.0,0.48,0.402,0
6556,30,1,6,0.985,0.738,0.947,0.5,0.526,0.221,0
6557,65,1,4,0.793,0.716,0.577,0.0,0.087,0.031,0
6558,61,0,12,0.986,0.504,0.44,0.5,-0.011,0.335,0
6559,34,0,9,1.009,0.503,0.879,0.0,0.517,0.355,0
6560,47,0,8,0.989,0.507,0.715,0.0,0.046,0.228,0
6561,53,0,8,1.128,0.675,0.675,0.0,0.215,0.275,0
6562,53,1,3,0.774,0.622,0.7,0.25,0.065,-0.074,0
6563,60,1,8,0.902,0.602,0.897,1.0,0.287,0.138,0
6564,38,1,12,1.16,0.482,0.728,0.25,0.443,0.431,0
6565,64,1,9,0.952,0.509,0.594,0.25,-0.119,0.211,0
6566,30,1,5,0.812,0.76,0.795,0.25,0.095,0.455,0
6567,49,0,9,1.002,0.7,0.938,0.0,0.521,0.264,0
6568,71,0,4,0.869,0.723,0.325,0.0,0.104,0.14,0
6569,75,0,4,0.84,0.601,0.552,0.75,0.098,0.161,0
6570,83,1,7,0.897,0.553,0.689,0.0,0.237,0.19,0
6571,83,1,8,0.964,0.626,0.74,1.0,0.387,0.198,0
6572,66,0,5,0.808,0.537,0.53,0.0,0.133,0.107,0
6573,64,1,8,1.158,0.586,0.521,1.0,0.333,0.381,0
6574,84,1,9,1.118,0.564,0.941,0.0,0.296,0.163,0
6575,40,1,10,1.008,0.531,1.182,0.0,0.725,0.236,0
6576,59,0,7,1.05,0.565,0.481,0.25,0.355,0.307,0
6577,32,0,6,1.099,0.539,0.462,0.0,0.13,0.267,0
6578,39,1,8,0.793,0.6,0.9,0.25,0.903,-0.017,0
6579,62,0,6,0.976,0.645,0.369,0.5,-0.207,0.322,0
6580,52,1,3,0.877,0.857,0.334,1.0,-0.138,0.096,0
6581,38,1,3,0.792,0.611,0.223,0.25,-0.129,0.055,0
6582,52,0,9,1.082,0.72,0.83,0.25,0.32,0.374,1
6583,52,0,7,0.844,0.717,0.52,0.25,-0.114,0.067,0
6584,38,1,3,0.902,0.518,0.677,1.0,0.303,0.094,0
6585,74,1,5,0.901,0.481,0.897,0.0,0.372,0.034,0
6586,48,1,12,1.009,0.556,0.72,0.75,0.277,0.083,0
6587,48,1,6,0.7,0.535,0.822,0.0,0.472,0.017,0
6588,63,1,6,0.772,0.595,0.5,1.0,-0.125,0.0,0
6589,48,1,5,0.941,0.622,0.762,0.0,0.449,0.064,0
6590,61,0,11,0.954,0.695,0.986,0.0,0.75,0.13,1
6591,47,0,3,0.765,0.571,0.581,0.0,-0.088,0.067,0
6592,30,1,11,1.124,0.573,0.916,0.0,0.335,0.427,1
6593,48,0,5,0.574,0.52,0.411,0.0,0.059,-0.1,0
6594,50,0,5,0.894,0.434,0.511,0.0,0.186,0.079,0
6595,43,0,7,0.824,0.625,0.644,0.5,0.224,0.071,0
6596,47,0,5,0.757,0.654,0.642,0.75,0.017,0.168,0
6597,33,0,6,0.915,0.544,0.36,0.5,-0.332,0.027,0
6598,52,1,10,0.895,0.499,1.133,0.25,0.584,0.417,0
6599,32,0,12,0.882,0.588,0.761,0.0,0.375,-0.159,1
6600,74,0,8,0.877,0.721,0.727,1.0,0.027,0.042,1
6601,34,0,5,0.769,0.617,0.478,1.0,-0.04,-0.016,0
6602,36,1,6,0.965,0.636,0.665,0.75,0.095,0.161,0
6603,82,0,11,0.794,0.588,0.84,0.0,0.288,-0.149,0
6604,31,1,7,0.821,0.528,0.622,0.0,0.309,0.161,0
6605,33,0,10,0.807,0.484,0.642,0.5,0.244,0.096,0
6606,67,0,10,1.098,0.592,0.732,0.0,0.066,0.346,0
6607,51,1,7,0.724,0.617,0.635,0.5,0.197,0.125,0
6608,72,0,12,1.031,0.651,0.63,0.25,0.255,0.132,0
6609,33,0,9,0.874,0.567,0.642,0.5,0.178,0.054,0
6610,67,1,6,0.8,0.628,0.762,0.0,0.216,0.21,0
6611,52,0,12,1.047,0.534,0.569,0.5,0.058,0.088,0
6612,74,0,6,0.679,0.514,0.602,0.0,0.032,-0.039,0
6613,53,0,9,1.004,0.531,0.635,0.0,0.283,0.231,0
6614,59,0,11,0.927,0.529,1.032,0.25,0.332,0.32,0
6615,37,1,3,0.737,0.512,0.637,0.0,0.518,-0.127,0
6616,50,0,10,0.902,0.645,0.692,0.0,0.053,0.23,0
6617,56,1,5,0.835,0.616,0.348,0.5,0.037,-0.008,0
6618,76,1,5,0.795,0.557,0.392,1.0,-0.2,-0.033,0
6619,63,0,9,0.82,0.597,0.681,0.0,0.239,-0.02,0
6620,63,1,5,1.025,0.549,0.846,0.5,0.487,0.375,0
6621,70,1,6,0.9,0.546,0.997,0.25,0.319,0.253,0
6622,37,1,3,0.785,0.777,0.487,0.0,0.168,-0.089,0
6623,36,1,6,0.982,0.521,0.717,0.5,0.588,0.308,0
6624,58,0,6,0.818,0.543,0.781,1.0,0.412,-0.245,1
6625,61,0,5,0.831,0.513,1.019,0.25,0.127,0.011,0
6626,57,0,12,1.151,0.56,0.667,0.0,0.225,0.37,0
6627,34,0,8,0.943,0.559,1.114,0.0,0.56,0.114,0
6628,53,1,5,0.86,0.712,0.6,0.5,0.302,-0.058,0
6629,32,1,6,0.836,0.67,0.454,0.75,-0.115,0.087,0
6630,39,0,7,0.983,0.654,0.617,0.0,0.005,0.272,0
6631,36,0,12,0.956,0.463,0.856,0.0,0.502,0.32,0
6632,54,1,11,1.05,0.539,0.732,0.0,0.051,0.421,0
6633,36,1,7,0.833,0.614,0.829,0.5,0.439,0.25,0
6634,35,1,3,0.962,0.569,0.756,0.5,0.43,0.168,0
6635,78,0,6,0.746,0.715,0.644,0.5,0.212,-0.044,0
6636,83,0,3,0.632,0.572,0.43,1.0,-0.01,-0.059,0
6637,57,0,4,0.855,0.635,0.44,0.5,-0.021,0.023,0
6638,62,1,6,0.754,0.539,0.715,0.0,0.038,0.041,0
6639,35,0,8,0.762,0.647,0.735,0.0,0.273,0.145,0
6640,36,1,5,0.691,0.682,0.615,0.0,-0.016,0.2,0
6641,56,1,6,0.968,0.484,0.686,0.0,0.378,0.235,0
6642,40,0,12,0.968,0.499,0.777,0.0,0.161,0.113,0
6643,70,1,4,0.956,0.52,0.271,0.0,-0.314,0.26,0
6644,44,1,8,0.688,0.578,0.854,0.0,0.502,-0.039,0
6645,59,0,7,0.789,0.474,0.773,0.0,0.343,-0.058,0
6646,49,1,9,0.961,0.401,0.765,0.0,0.157,0.22,0
6647,55,0,12,1.14,0.601,0.799,1.0,0.243,0.527,0
6648,67,0,11,1.015,0.562,0.854,0.5,0.394,0.257,0
6649,34,1,4,0.803,0.526,0.559,1.0,-0.15,-0.078,0
6650,82,1,11,0.854,0.554,1.024,0.5,0.609,0.386,1
6651,61,1,3,0.898,0.555,0.575,0.25,0.067,0.235,0
6652,49,1,10,0.804,0.519,0.871,1.0,0.501,0.15,0
6653,69,1,10,1.201,0.557,0.89,1.0,0.184,0.508,0
6654,38,0,12,0.7,0.508,1.112,0.75,0.679,-0.142,0
6655,84,1,9,1.096,0.429,0.806,0.5,0.61,0.309,0
6656,71,0,12,1.101,0.524,0.972,0.5,0.464,0.103,0
6657,63,0,10,0.81,0.496,0.806,0.5,0.181,-0.083,0
6658,71,0,4,0.958,0.635,0.434,0.0,-0.122,0.382,0
6659,50,0,9,0.947,0.692,0.681,1.0,0.689,0.038,1
6660,51,1,10,1.097,0.5,0.7,0.0,0.0,0.314,0
6661,82,0,12,0.887,0.385,0.921,0.0,0.38,0.235,0
6662,84,1,7,0.793,0.64,0.736,0.0,0.015,-0.074,1
6663,72,1,11,0.878,0.533,1.184,0.0,1.158,0.13,0
6664,84,0,10,0.988,0.518,1.046,1.0,0.555,0.111,0
6665,67,0,4,0.878,0.641,0.33,0.0,-0.274,0.114,0
6666,68,1,7,0.989,0.42,0.82,0.0,0.348,0.169,0
6667,67,1,4,0.751,0.753,0.685,0.5,0.307,-0.174,1
6668,39,1,6,0.788,0.7,0.902,0.0,0.325,-0.034,0
6669,75,1,5,0.904,0.678,0.662,0.0,-0.059,0.192,0
6670,59,1,8,0.994,0.585,0.601,0.0,0.246,0.214,0
6671,83,0,8,0.871,0.587,0.9,0.0,0.235,0.247,0
6672,34,0,10,0.961,0.574,0.667,1.0,0.392,0.111,0
6673,72,1,6,0.777,0.662,0.537,0.25,0.275,0.048,0
6674,61,0,10,0.806,0.505,0.877,0.25,0.675,-0.22,0
6675,42,0,6,1.015,0.782,0.565,0.0,-0.042,0.126,0
6676,41,0,11,1.122,0.603,1.012,0.0,0.866,0.369,0
6677,62,0,7,0.781,0.7,0.505,0.0,-0.007,0.165,0
6678,84,0,7,0.67,0.62,0.545,0.5,-0.081,0.071,0
6679,83,1,3,0.801,0.87,0.277,0.0,-0.382,0.16,0
6680,39,1,5,0.836,0.473,0.366,0.0,-0.004,0.007,0
6681,82,1,7,0.769,0.536,0.787,0.75,0.354,0.024,1
6682,63,1,6,0.836,0.619,0.514,0.0,0.337,0.071,0
6683,59,0,12,1.109,0.462,0.923,0.75,0.456,0.461,0
6684,77,0,5,0.721,0.622,0.749,0.5,0.048,0.034,0
6685,39,1,9,0.861,0.631,0.9,0.0,0.44,0.231,0
6686,63,1,10,0.881,0.512,0.958,0.0,0.548,0.394,0
6687,68,0,3,0.871,0.56,0.65,0.5,-0.05,0.294,0
6688,35,1,9,0.958,0.535,1.18,0.0,0.735,0.294,0
6689,78,1,8,0.922,0.567,0.416,0.25,-0.175,0.066,0
6690,42,0,6,0.844,0.511,0.645,0.5,0.36,0.071,0
6691,50,0,10,0.846,0.612,0.895,0.75,0.426,0.256,0
6692,82,0,5,0.898,0.575,0.888,0.0,0.166,0.18,0
6693,44,1,6,0.932,0.539,0.759,0.25,0.274,0.193,0
6694,57,1,12,1.003,0.591,0.817,0.0,0.163,0.131,1
6695,42,0,8,0.964,0.535,0.699,0.25,0.018,0.371,0
6696,70,0,8,0.701,0.635,0.755,0.0,0.071,-0.017,1
6697,33,1,11,0.841,0.63,0.724,0.75,0.547,0.084,0
6698,59,0,11,1.075,0.541,0.556,0.0,0.011,0.29,0
6699,66,1,12,0.991,0.593,0.97,0.0,0.206,0.169,1
6700,58,1,6,0.973,0.54,0.682,0.25,0.37,0.233,0
6701,40,0,11,1.203,0.545,0.784,0.25,0.42,0.493,0
6702,36,0,4,0.706,0.503,0.576,0.5,0.051,-0.109,0
6703,36,0,10,0.74,0.657,1.057,0.0,0.373,0.072,0
6704,65,1,3,0.966,0.602,0.351,0.0,-0.244,0.318,0
6705,41,0,3,0.771,0.57,0.412,0.5,-0.272,-0.001,0
6706,76,0,3,0.603,0.493,0.427,0.0,0.164,-0.161,0
6707,56,1,12,1.003,0.514,0.79,0.0,0.342,0.112,1
6708,44,1,11,0.924,0.556,0.981,0.5,0.465,0.245,0
6709,48,1,12,0.886,0.7,0.896,0.0,0.408,0.306,0
6710,67,0,7,0.978,0.7,0.924,0.5,0.45,-0.017,1
6711,34,1,9,0.979,0.611,1.159,0.5,0.412,0.199,0
6712,33,1,7,0.723,0.762,0.642,0.75,0.329,-0.14,0
6713,79,0,9,0.961,0.567,0.832,0.75,-0.093,0.215,0
6714,59,1,5,0.978,0.61,0.88,1.0,0.402,0.354,0
6715,47,1,8,0.746,0.602,0.684,0.0,0.127,0.141,0
6716,60,1,4,0.979,0.602,0.608,0.0,0.158,0.292,0
6717,48,0,8,0.941,0.562,0.7,1.0,0.517,0.164,0
6718,68,0,11,0.993,0.544,0.742,0.0,0.198,0.215,0
6719,30,1,9,0.789,0.504,0.712,0.0,0.023,0.075,0
6720,77,1,8,0.984,0.652,0.727,0.0,0.112,0.17,0
6721,77,0,10,1.084,0.554,0.737,0.0,0.315,0.328,0
6722,58,0,3,0.761,0.617,0.41,0.0,0.055,0.318,0
6723,57,0,10,0.989,0.577,0.77,0.0,0.415,0.309,0
6724,78,0,11,0.766,0.579,0.784,0.0,0.325,-0.078,0
6725,80,1,5,0.846,0.672,0.65,0.5,0.16,0.242,0
6726,84,1,11,0.958,0.669,0.919,0.0,0.345,0.388,0
6727,31,1,7,0.928,0.604,0.621,0.25,0.042,0.193,0
6728,64,1,8,0.972,0.688,0.793,0.0,0.277,0.184,1
6729,67,0,9,1.111,0.642,0.781,0.5,0.202,0.221,0
6730,41,0,6,0.765,0.556,0.716,0.25,0.333,-0.061,0
6731,80,1,8,1.023,0.527,0.707,0.0,-0.092,0.379,0
6732,75,1,6,0.79,0.507,0.508,0.0,0.021,0.203,0
6733,77,0,7,1.196,0.644,0.816,0.0,0.337,0.492,0
6734,73,1,11,0.971,0.479,0.695,0.25,0.281,0.271,1
6735,63,0,7,0.759,0.558,0.765,0.0,0.257,0.097,0
6736,65,0,9,0.957,0.583,0.812,0.0,0.112,0.199,0
6737,80,1,7,0.947,0.697,0.493,0.0,0.172,0.236,0
6738,52,1,10,0.877,0.545,0.781,1.0,0.425,0.105,0
6739,39,0,9,0.969,0.585,0.707,0.0,0.347,0.383,0
6740,39,1,5,0.7,0.567,0.691,0.0,0.12,-0.193,1
6741,84,0,5,0.868,0.64,0.74,0.0,0.317,0.338,1
6742,68,1,10,0.962,0.477,0.743,0.5,0.402,0.295,1
6743,84,0,3,0.774,0.585,0.557,1.0,0.132,0.079,0
6744,76,1,7,0.822,0.539,0.908,1.0,0.596,0.206,0
6745,62,1,3,0.697,0.595,0.848,0.0,0.634,0.229,0
6746,38,1,5,0.743,0.596,0.701,0.25,0.302,-0.161,1
6747,62,0,4,0.919,0.629,0.527,0.75,-0.111,0.107,0
6748,63,1,4,0.681,0.538,0.815,0.25,0.372,0.34,0
6749,53,1,5,0.766,0.595,0.657,0.25,-0.219,0.126,0
6750,40,0,5,0.742,0.662,0.843,0.75,0.457,0.042,0
6751,41,0,9,0.839,0.607,0.798,0.5,0.47,0.067,1
6752,79,0,8,0.859,0.544,0.532,0.5,0.014,0.028,0
6753,44,0,5,0.601,0.538,0.517,0.0,0.022,-0.174,0
6754,64,1,10,1.038,0.596,0.843,0.0,0.416,0.155,1
6755,69,1,8,0.745,0.658,0.52,0.0,0.131,0.082,0
6756,57,1,5,0.958,0.615,0.839,0.0,0.169,0.258,0
6757,81,1,4,0.782,0.575,0.423,0.0,0.156,0.082,0
6758,42,1,8,0.958,0.496,0.742,0.0,0.445,0.258,0
6759,42,0,10,1.004,0.613,0.766,0.5,0.413,0.352,0
6760,76,0,9,0.898,0.535,0.802,0.0,0.661,0.13,0
6761,66,0,12,0.902,0.596,0.938,0.0,0.273,0.037,0
6762,68,1,7,0.96,0.686,0.769,0.0,0.021,-0.046,0
6763,34,1,3,0.768,0.57,0.746,0.25,0.502,0.081,0
6764,61,0,9,0.614,0.622,0.93,0.25,0.601,0.063,0
6765,32,0,10,0.846,0.476,1.138,0.25,0.656,0.046,0
6766,72,1,6,0.904,0.739,0.63,0.0,0.115,0.306,0
6767,38,1,5,0.773,0.578,0.545,0.5,0.214,0.074,0
6768,45,1,7,0.985,0.465,1.01,0.0,0.456,0.149,0
6769,84,1,5,0.712,0.607,0.708,0.25,0.24,-0.188,1
6770,36,1,7,0.785,0.564,0.752,0.5,0.379,-0.054,1
6771,62,0,10,0.839,0.666,0.649,0.0,0.201,0.278,0
6772,49,0,12,1.082,0.397,0.625,0.5,-0.019,0.301,0
6773,81,0,5,0.653,0.674,0.633,0.0,0.446,0.036,0
6774,52,0,7,0.885,0.57,0.641,1.0,0.065,0.037,0
6775,45,0,12,1.06,0.553,1.108,0.0,0.699,0.461,0
6776,43,0,11,0.738,0.485,0.58,0.0,-0.282,0.096,0
6777,59,1,5,0.733,0.621,0.484,0.0,-0.163,0.126,0
6778,71,0,12,0.969,0.718,0.9,0.5,0.173,0.272,0
6779,79,1,7,0.832,0.664,0.582,0.25,0.181,-0.086,0
6780,54,1,6,0.907,0.451,0.586,0.0,0.052,-0.119,0
6781,65,1,9,0.975,0.576,0.758,0.75,0.403,0.017,0
6782,39,0,8,0.81,0.46,0.627,0.0,0.233,0.218,0
6783,66,0,9,0.852,0.631,0.798,0.75,0.369,0.331,0
6784,47,0,7,0.882,0.609,0.815,0.0,0.303,0.437,0
6785,44,1,9,0.913,0.56,0.618,0.5,0.022,0.367,0
6786,36,1,5,0.9,0.481,0.421,0.0,0.06,0.2,0
6787,69,1,12,1.069,0.356,0.717,0.75,0.353,0.241,0
6788,55,1,4,0.779,0.665,0.544,0.0,0.418,-0.117,0
6789,45,0,5,0.738,0.48,0.693,0.0,0.03,0.038,1
6790,62,1,8,1.029,0.482,0.739,0.0,0.171,0.273,0
6791,33,0,3,1.011,0.577,0.24,0.0,-0.202,0.306,0
6792,78,1,5,0.823,0.595,0.233,0.0,-0.113,0.012,0
6793,37,0,8,1.022,0.616,0.896,0.25,0.555,0.398,0
6794,53,0,8,0.931,0.338,0.854,1.0,0.46,0.15,0
6795,52,0,11,0.954,0.5,0.7,1.0,0.202,0.367,0
6796,33,1,9,0.988,0.626,0.374,0.25,-0.05,0.301,0
6797,42,0,6,0.886,0.46,0.737,1.0,0.286,0.159,0
6798,70,0,10,0.942,0.607,0.876,0.0,0.686,0.198,1
6799,45,1,12,0.979,0.557,0.679,0.0,0.516,0.246,0
6800,45,0,9,0.601,0.5,0.95,0.0,0.419,-0.165,0
6801,32,0,7,0.95,0.553,0.923,0.75,0.538,0.229,0
6802,37,0,4,0.895,0.532,0.866,0.25,0.497,0.192,0
6803,54,0,9,1.057,0.606,0.487,0.0,-0.084,0.049,0
6804,44,0,5,1.02,0.506,0.869,0.0,0.414,0.128,0
6805,59,1,7,0.957,0.695,0.377,0.25,-0.222,0.147,0
6806,68,1,3,0.887,0.588,0.758,0.5,0.457,0.285,0
6807,38,1,11,0.853,0.64,0.408,0.0,-0.165,0.305,0
6808,84,1,7,0.855,0.698,0.915,0.0,0.109,0.084,0
6809,75,0,5,0.861,0.681,0.495,0.0,0.153,0.161,0
6810,58,0,8,0.78,0.608,0.888,1.0,0.683,0.153,0
6811,35,1,4,0.736,0.549,0.743,0.25,0.47,-0.021,0
6812,33,1,5,0.923,0.499,0.91,1.0,0.359,0.235,0
6813,60,0,5,0.808,0.593,0.666,0.75,0.153,0.017,0
6814,61,1,5,0.704,0.615,0.724,0.0,0.249,0.132,0
6815,49,1,3,0.739,0.558,0.434,0.25,0.083,-0.031,0
6816,61,0,7,0.956,0.615,0.656,0.5,0.181,0.321,0
6817,47,1,11,0.981,0.558,1.035,0.0,0.319,0.246,0
6818,65,0,12,0.861,0.453,0.666,0.0,0.057,0.182,1
6819,84,0,8,0.664,0.534,0.634,0.0,0.313,-0.178,0
6820,56,0,12,0.689,0.529,1.071,0.0,0.601,-0.131,0
6821,76,0,10,0.925,0.541,0.827,0.0,0.513,0.111,0
6822,32,1,5,0.884,0.47,0.845,0.0,0.44,0.074,0
6823,82,1,4,0.805,0.469,0.765,0.0,0.437,-0.046,0
6824,82,0,3,0.738,0.583,0.326,0.25,-0.191,-0.078,0
6825,53,1,3,0.787,0.609,0.344,0.0,-0.011,-0.168,0
6826,69,0,6,0.951,0.577,0.687,0.75,-0.052,0.273,0
6827,84,0,6,0.837,0.63,0.332,0.0,-0.247,0.038,0
6828,35,1,4,1.007,0.505,0.522,0.0,-0.178,0.242,0
6829,34,1,3,0.655,0.73,0.381,0.0,-0.327,-0.19,0
6830,45,0,5,0.98,0.706,0.48,0.0,-0.06,0.152,0
6831,36,1,12,1.044,0.667,0.788,0.0,0.291,0.426,0
6832,55,1,10,1.096,0.544,0.784,0.5,0.289,0.318,0
6833,57,0,10,0.929,0.45,0.737,0.0,0.172,0.113,1
6834,41,1,5,1.034,0.535,0.543,0.0,-0.219,0.295,0
6835,69,1,9,0.719,0.56,0.725,1.0,0.243,-0.111,1
6836,42,0,7,0.928,0.605,0.806,0.0,0.553,-0.089,0
6837,74,1,7,0.947,0.666,0.594,1.0,-0.106,0.27,0
6838,71,1,3,0.801,0.696,0.829,1.0,0.412,-0.165,1
6839,84,1,10,0.819,0.663,1.117,0.5,0.417,-0.032,1
6840,71,1,12,0.845,0.427,1.063,0.0,0.489,-0.108,0
6841,82,0,10,1.303,0.611,0.682,0.25,-0.075,0.542,1
6842,67,1,12,0.9,0.48,1.046,0.0,1.034,0.201,1
6843,83,1,3,0.92,0.643,0.319,0.0,-0.34,0.347,0
6844,69,0,4,0.79,0.539,0.432,0.0,-0.013,0.022,0
6845,81,0,6,0.737,0.463,0.363,0.0,0.389,0.172,0
6846,66,0,7,0.701,0.504,0.741,0.25,0.477,-0.104,1
6847,56,0,12,0.82,0.505,0.884,0.0,0.236,0.114,0
6848,68,1,3,0.641,0.481,0.328,0.0,-0.249,-0.088,0
6849,52,0,9,0.935,0.597,0.95,0.5,0.531,0.123,0
6850,30,0,8,0.781,0.679,0.832,0.0,0.396,0.169,0
6851,39,1,8,0.772,0.608,0.816,0.0,0.324,0.072,0
6852,66,0,12,0.832,0.582,0.826,1.0,0.653,0.143,1
6853,75,0,10,0.702,0.644,0.987,0.25,0.468,0.048,0
6854,57,0,3,0.923,0.541,0.754,0.0,0.182,0.237,1
6855,40,1,8,0.828,0.536,0.979,0.75,0.513,-0.101,0
6856,68,0,5,0.834,0.605,0.403,0.25,-0.271,-0.091,0
6857,37,0,8,0.7,0.494,0.645,0.0,0.087,-0.272,0
6858,51,0,10,1.131,0.452,1.071,0.0,0.49,0.376,0
6859,32,1,9,0.868,0.497,0.777,0.0,0.655,0.329,0
6860,66,1,10,0.846,0.69,0.663,0.25,0.016,0.128,0
6861,40,1,5,0.822,0.528,0.746,0.0,0.414,0.106,0
6862,70,1,3,0.639,0.63,0.693,0.75,0.263,-0.0,0
6863,59,1,9,0.762,0.614,0.7,0.0,0.243,0.1,0
6864,58,0,10,0.992,0.53,0.664,0.0,-0.036,0.125,1
6865,63,1,7,0.809,0.566,0.727,0.5,0.276,0.04,0
6866,74,1,3,0.662,0.525,0.665,0.0,-0.09,-0.07,0
6867,47,0,11,1.026,0.583,1.074,0.25,0.622,0.378,0
6868,74,0,9,0.869,0.598,0.836,0.5,0.31,-0.006,0
6869,33,1,8,0.784,0.601,0.902,0.0,0.287,-0.15,0
6870,32,0,8,0.927,0.53,0.942,0.0,0.482,0.3,0
6871,81,1,8,0.72,0.577,0.892,0.0,0.597,0.02,0
6872,80,1,3,0.833,0.588,0.422,0.0,0.026,0.136,0
6873,34,0,11,0.68,0.5,0.732,0.5,0.47,0.083,0
6874,57,0,3,0.936,0.682,0.648,0.0,0.082,0.069,0
6875,79,0,4,0.825,0.734,0.567,0.0,-0.012,0.128,0
6876,66,1,11,0.895,0.578,0.907,0.0,0.548,0.281,1
6877,53,0,5,0.926,0.595,0.611,0.5,0.059,0.352,0
6878,73,0,6,0.597,0.532,0.79,0.5,0.523,-0.144,0
6879,42,1,6,0.793,0.514,0.556,0.5,0.114,-0.268,0
6880,48,0,3,0.695,0.577,0.719,0.5,0.119,0.189,0
6881,30,0,5,0.769,0.577,0.734,0.0,0.261,0.084,0
6882,57,0,10,1.048,0.287,1.117,0.0,0.64,0.391,1
6883,77,1,11,0.801,0.419,0.718,0.75,0.205,0.295,0
6884,73,0,6,0.804,0.669,0.806,1.0,0.318,0.254,0
6885,65,0,5,0.786,0.7,0.864,0.0,0.541,-0.02,0
6886,58,1,6,0.822,0.587,0.795,0.0,0.631,-0.114,0
6887,30,0,7,0.7,0.538,0.587,0.0,0.169,-0.052,0
6888,38,1,9,0.969,0.641,0.714,0.0,0.277,0.313,0
6889,73,0,6,0.769,0.629,0.686,0.5,0.098,-0.032,0
6890,64,1,5,0.78,0.588,0.674,0.5,0.086,0.01,1
6891,75,0,12,1.141,0.521,1.236,0.0,1.187,0.358,0
6892,68,1,7,1.092,0.492,0.919,0.25,0.219,0.318,0
6893,69,0,11,0.913,0.53,0.956,0.5,0.184,0.104,0
6894,61,0,5,0.867,0.587,0.365,0.75,-0.174,0.006,0
6895,61,0,10,0.946,0.573,1.081,0.0,0.398,0.261,0
6896,65,1,4,0.648,0.592,0.777,0.0,0.23,0.05,0
6897,35,1,10,0.891,0.532,0.603,0.25,0.325,0.34,0
6898,40,1,3,0.7,0.548,0.622,0.25,0.054,-0.048,0
6899,46,0,5,0.75,0.551,0.6,0.75,0.036,-0.118,0
6900,37,1,11,0.7,0.625,0.547,0.0,-0.002,-0.205,0
6901,43,0,8,0.972,0.484,0.714,0.25,0.228,0.103,0
6902,50,0,12,0.952,0.621,0.849,0.0,0.698,0.168,0
6903,75,0,12,0.7,0.558,0.751,0.75,0.578,-0.125,0
6904,75,1,10,1.099,0.562,0.808,0.25,0.481,0.371,0
6905,32,1,5,0.744,0.56,0.765,0.0,0.162,0.133,0
6906,32,0,7,0.913,0.652,0.709,0.0,0.368,0.281,0
6907,51,1,4,0.755,0.524,0.627,1.0,0.174,-0.018,0
6908,49,1,10,1.015,0.595,1.074,0.0,0.592,0.09,0
6909,58,1,6,0.805,0.753,0.56,0.5,0.237,-0.027,0
6910,46,1,4,0.859,0.608,0.483,0.0,-0.255,-0.002,0
6911,51,1,8,0.653,0.539,0.925,0.75,0.504,-0.154,0
6912,52,0,10,0.669,0.513,0.898,1.0,0.468,-0.103,0
6913,34,0,4,0.725,0.596,0.233,0.5,-0.25,0.144,0
6914,49,1,7,0.839,0.7,0.783,1.0,0.26,0.101,0
6915,36,1,10,1.163,0.64,0.865,0.0,0.282,0.513,0
6916,52,0,10,0.867,0.579,0.611,0.25,-0.106,-0.0,0
6917,60,0,10,0.774,0.519,0.896,0.0,0.168,0.111,1
6918,70,0,5,0.942,0.732,0.52,0.25,-0.228,0.145,0
6919,42,1,12,0.916,0.53,0.747,0.25,0.486,0.072,0
6920,44,1,6,0.907,0.524,0.458,0.0,-0.091,0.264,0
6921,83,0,4,0.53,0.54,0.7,0.0,0.47,-0.292,0
6922,67,0,11,1.114,0.506,0.888,0.0,0.516,0.387,1
6923,73,0,5,0.948,0.56,0.656,0.0,-0.098,-0.121,0
6924,59,1,8,0.93,0.601,0.839,0.0,0.309,0.203,1
6925,48,1,7,1.043,0.577,0.763,0.5,0.533,0.412,0
6926,49,1,3,0.786,0.679,0.451,0.25,-0.249,-0.081,0
6927,71,0,9,0.803,0.552,0.513,0.0,-0.132,0.065,0
6928,56,0,9,0.865,0.533,0.823,0.25,0.353,0.242,0
6929,39,0,6,0.677,0.7,0.679,0.0,0.008,-0.154,0
6930,75,1,12,1.05,0.594,1.033,0.0,0.864,0.186,1
6931,76,1,9,0.737,0.565,0.669,0.0,0.435,0.003,1
6932,40,0,5,1.07,0.512,0.524,0.0,-0.068,0.515,0
6933,64,1,11,0.925,0.649,0.884,1.0,0.356,0.079,0
6934,36,0,6,0.569,0.535,0.817,0.0,0.469,-0.131,0
6935,40,0,12,0.76,0.501,0.799,0.0,0.332,-0.054,0
6936,30,0,9,0.861,0.71,0.762,0.25,-0.03,0.11,0
6937,45,1,3,0.78,0.632,0.742,0.0,0.333,0.048,0
6938,72,1,9,0.968,0.533,0.927,0.25,0.399,0.361,0
6939,63,1,7,0.836,0.531,0.714,0.5,0.724,0.089,1
6940,75,1,12,0.967,0.498,0.847,1.0,0.539,0.364,1
6941,66,1,6,0.967,0.458,0.7,0.0,0.071,0.238,1
6942,47,1,7,0.832,0.634,0.795,0.0,0.479,-0.056,0
6943,46,0,9,0.844,0.473,0.645,1.0,0.433,-0.122,0
6944,61,1,3,0.918,0.589,0.552,0.0,0.064,0.313,0
6945,36,1,6,0.763,0.634,1.028,0.0,0.235,0.023,1
6946,50,0,10,0.875,0.437,1.229,0.75,0.715,0.11,0
6947,52,0,8,1.051,0.58,0.895,0.0,0.726,0.142,0
6948,73,1,10,0.913,0.578,0.7,0.5,0.329,-0.027,0
6949,63,1,9,0.866,0.626,0.791,0.5,0.174,0.095,1
6950,39,1,8,0.686,0.443,0.982,0.0,0.508,0.043,0
6951,32,0,11,0.7,0.589,0.827,0.0,0.295,-0.148,1
6952,50,1,11,1.236,0.588,1.075,0.0,0.204,0.611,0
6953,62,0,10,0.712,0.49,0.703,0.0,0.476,0.083,0
6954,80,0,5,1.021,0.515,0.86,0.25,0.429,0.23,0
6955,43,1,10,0.912,0.671,0.865,0.0,0.399,0.212,1
6956,69,1,9,1.135,0.537,0.639,0.0,0.355,0.2,0
6957,68,1,6,0.682,0.581,0.785,0.0,0.344,0.027,0
6958,67,0,8,0.7,0.621,0.436,0.75,0.138,0.046,0
6959,37,1,11,1.088,0.62,0.808,0.0,0.429,0.268,0
6960,35,1,9,1.023,0.549,0.597,0.75,0.426,0.172,0
6961,32,1,9,1.04,0.526,0.58,0.0,-0.115,0.198,0
6962,49,0,8,0.877,0.558,0.767,0.0,0.403,-0.09,0
6963,75,0,5,0.868,0.594,0.785,0.0,0.389,0.275,0
6964,62,1,10,1.341,0.71,0.921,0.75,0.441,0.57,1
6965,47,0,3,0.718,0.644,0.728,0.0,0.086,0.013,0
6966,78,1,5,0.851,0.642,0.701,0.0,0.437,-0.016,1
6967,49,1,5,0.661,0.614,0.702,0.75,0.022,-0.007,0
6968,39,1,10,0.908,0.572,0.704,0.25,0.154,0.279,0
6969,40,0,4,0.797,0.7,0.634,0.0,0.199,0.168,0
6970,57,1,7,0.882,0.594,0.747,0.5,0.347,0.063,0
6971,47,1,7,0.986,0.653,0.84,1.0,0.187,0.204,1
6972,61,1,12,1.161,0.691,0.989,0.75,0.642,0.562,0
6973,81,0,6,0.7,0.514,0.697,0.0,0.121,-0.089,0
6974,71,0,10,0.7,0.581,0.773,0.0,0.262,-0.009,1
6975,38,1,3,0.752,0.662,0.567,0.5,0.286,0.043,0
6976,82,0,7,1.035,0.586,0.74,0.25,0.487,0.355,0
6977,37,0,5,0.734,0.631,0.759,0.25,-0.12,-0.244,0
6978,51,1,9,0.923,0.625,0.651,0.5,0.333,0.289,0
6979,64,0,7,0.63,0.523,0.777,0.5,0.591,-0.195,0
6980,61,0,8,0.857,0.512,0.686,0.0,0.178,0.069,0
6981,60,1,4,0.87,0.689,0.629,1.0,0.141,0.047,0
6982,82,1,8,0.81,0.626,0.942,0.5,0.454,-0.033,0
6983,37,0,6,0.9,0.604,0.773,0.0,0.168,0.013,0
6984,49,1,6,0.7,0.644,0.535,0.5,0.141,0.067,0
6985,34,0,10,0.831,0.617,0.873,0.5,0.254,0.063,0
6986,79,1,4,0.746,0.706,0.575,0.0,0.267,-0.01,0
6987,38,0,12,0.968,0.411,0.899,0.5,0.515,0.366,0
6988,44,0,4,0.815,0.734,0.322,1.0,-0.589,0.076,0
6989,47,1,6,1.04,0.65,0.683,0.5,0.329,0.184,0
6990,60,1,12,1.126,0.541,0.973,0.0,0.711,0.482,0
6991,44,0,8,0.718,0.7,0.579,0.0,0.337,-0.199,0
6992,48,0,6,0.914,0.512,1.07,0.0,0.933,0.147,0
6993,38,1,3,0.784,0.671,0.324,1.0,-0.376,0.193,0
6994,50,0,8,0.78,0.563,0.783,0.25,0.59,0.055,1
6995,83,0,8,0.741,0.597,0.751,0.0,0.116,-0.208,0
6996,64,1,12,0.918,0.554,1.035,0.0,0.485,0.184,0
6997,64,0,11,0.794,0.492,0.963,0.0,0.406,0.014,1
6998,65,1,6,0.69,0.601,0.517,1.0,0.098,-0.044,0
6999,75,1,5,0.679,0.672,0.753,0.0,0.289,-0.021,1
7000,75,1,12,0.945,0.573,0.966,0.5,0.54,0.238,0
7001,42,1,8,0.895,0.534,0.587,0.25,0.193,0.042,0
7002,79,1,11,0.569,0.516,0.956,0.25,0.42,-0.206,1
7003,65,0,12,0.946,0.503,0.7,0.0,0.166,0.119,0
7004,51,0,6,0.969,0.6,0.554,0.75,-0.042,0.138,0
7005,74,1,3,0.586,0.722,0.562,0.0,0.292,-0.203,0
7006,50,0,10,0.971,0.566,0.767,0.75,0.243,-0.0,0
7007,32,0,3,0.749,0.549,0.326,0.25,0.016,-0.084,0
7008,36,1,3,0.799,0.7,0.482,0.0,-0.224,0.124,0
7009,35,1,5,0.761,0.643,0.622,0.5,-0.076,0.04,0
7010,67,1,12,0.95,0.548,1.149,1.0,0.461,0.293,0
7011,40,0,11,1.098,0.539,0.687,1.0,0.691,0.282,1
7012,71,0,4,0.786,0.579,0.535,0.25,0.097,0.058,0
7013,70,1,12,1.0,0.571,1.186,0.25,0.786,0.285,0
7014,71,0,7,0.963,0.575,0.55,0.75,-0.207,0.121,0
7015,38,1,8,0.928,0.521,0.81,0.5,0.14,0.022,0
7016,82,1,5,0.873,0.584,0.398,0.5,-0.285,0.046,0
7017,41,1,5,0.659,0.606,0.681,0.0,0.195,-0.256,0
7018,59,1,4,0.881,0.626,0.839,0.5,0.078,0.319,0
7019,51,0,9,0.899,0.51,0.708,0.5,0.383,0.267,0
7020,81,1,7,0.852,0.616,0.482,0.75,0.138,0.254,0
7021,33,1,10,0.774,0.573,0.592,0.0,0.079,-0.129,0
7022,54,0,3,0.821,0.635,0.721,1.0,0.223,0.113,0
7023,44,0,5,0.727,0.569,0.389,0.0,-0.011,0.015,0
7024,83,0,6,0.773,0.663,0.457,0.75,-0.243,0.061,0
7025,83,0,8,1.14,0.639,0.68,0.5,0.345,0.523,0
7026,39,0,3,0.508,0.685,0.295,0.25,0.284,-0.299,0
7027,77,0,4,0.887,0.565,0.693,0.0,0.267,0.093,1
7028,59,1,10,0.89,0.611,0.715,0.5,0.37,0.073,1
7029,76,1,6,0.899,0.518,0.744,1.0,0.044,-0.078,1
7030,37,1,4,0.62,0.7,0.618,0.5,0.023,0.024,0
7031,68,0,3,0.636,0.507,0.588,0.5,0.074,-0.004,0
7032,67,1,8,0.903,0.636,0.816,0.25,0.635,-0.098,0
7033,35,0,7,1.007,0.703,0.608,0.0,0.243,0.142,0
7034,66,0,12,1.036,0.551,0.924,1.0,0.222,0.336,0
7035,80,0,10,0.929,0.598,0.693,0.0,0.339,0.268,0
7036,80,0,10,1.083,0.416,0.628,0.0,0.383,0.103,0
7037,46,1,6,0.866,0.621,0.529,0.0,0.229,0.05,0
7038,36,1,4,0.92,0.582,0.566,0.0,-0.17,0.176,0
7039,69,0,7,0.915,0.648,0.756,0.25,0.408,0.113,0
7040,47,1,12,0.801,0.397,0.917,0.25,0.418,-0.099,1
7041,43,0,11,0.985,0.583,0.941,0.0,0.189,0.312,0
7042,44,0,6,0.717,0.577,0.504,0.0,0.069,0.068,0
7043,53,0,4,0.825,0.67,0.561,1.0,0.262,-0.012,0
7044,47,0,4,0.988,0.61,0.7,1.0,-0.295,0.356,0
7045,34,0,9,1.048,0.551,0.868,1.0,0.552,0.367,0
7046,35,0,9,0.896,0.582,0.865,0.0,0.455,0.229,0
7047,56,1,8,1.025,0.546,0.979,0.25,0.425,0.394,0
7048,63,0,9,0.936,0.504,0.803,0.0,0.368,0.121,0
7049,36,1,11,1.227,0.612,0.7,0.5,0.03,0.436,0
7050,58,0,9,1.099,0.619,0.841,0.0,0.099,0.511,0
7051,43,0,6,0.929,0.623,0.851,0.0,0.486,0.015,0
7052,41,0,3,0.869,0.494,0.475,0.5,-0.106,0.159,0
7053,30,1,8,1.093,0.579,0.695,0.0,0.356,0.151,0
7054,55,1,4,0.945,0.558,0.471,0.75,-0.36,0.513,0
7055,43,1,4,0.637,0.572,0.385,0.5,-0.207,-0.224,0
7056,69,0,5,0.635,0.595,0.254,0.0,0.104,-0.034,0
7057,61,1,8,0.784,0.607,0.89,0.5,0.54,-0.069,1
7058,81,0,11,0.918,0.695,0.987,0.0,0.673,0.171,1
7059,63,0,11,1.01,0.654,0.814,1.0,0.344,0.424,0
7060,49,0,11,1.03,0.465,0.872,0.75,0.491,0.198,1
7061,84,0,10,0.792,0.575,0.881,0.0,0.703,0.109,1
7062,70,0,11,1.065,0.466,0.843,0.5,0.38,0.212,1
7063,54,1,7,0.778,0.588,0.658,0.0,0.104,0.108,0
7064,79,0,5,0.829,0.636,0.651,0.0,0.205,-0.09,1
7065,68,0,12,1.03,0.523,0.803,0.25,0.511,0.219,0
7066,64,0,8,0.999,0.73,0.795,0.0,0.359,0.303,0
7067,39,0,11,0.981,0.393,0.789,0.75,0.156,0.141,0
7068,67,0,9,0.974,0.559,0.902,0.25,0.202,0.256,0
7069,50,1,9,0.949,0.554,1.104,0.5,0.879,0.11,0
7070,76,0,10,0.985,0.524,0.996,0.0,0.448,0.33,0
7071,32,1,12,0.917,0.362,0.815,0.0,0.115,0.138,0
7072,40,0,12,0.986,0.557,0.976,0.0,0.473,0.272,0
7073,42,1,10,1.051,0.539,0.706,1.0,0.256,0.351,0
7074,41,0,8,0.935,0.646,0.541,0.75,-0.064,0.043,0
7075,55,1,10,0.72,0.616,0.947,0.0,0.273,0.073,0
7076,76,0,10,0.908,0.555,0.832,0.0,0.417,0.478,0
7077,38,0,4,0.63,0.599,0.931,0.0,0.419,-0.105,0
7078,45,0,6,1.064,0.606,0.371,0.25,0.04,0.278,0
7079,42,1,3,0.966,0.673,0.42,0.25,0.129,0.174,0
7080,32,1,4,0.832,0.624,0.564,0.0,0.17,0.066,0
7081,41,0,12,0.925,0.588,0.737,0.0,0.43,0.247,0
7082,32,0,8,0.949,0.609,0.658,1.0,0.264,0.03,0
7083,49,1,7,0.785,0.6,0.997,0.25,0.711,0.009,0
7084,75,0,4,0.709,0.694,0.688,0.5,-0.012,-0.033,0
7085,67,1,11,0.932,0.407,0.737,0.0,0.164,0.327,0
7086,69,0,6,0.757,0.7,0.709,0.5,0.374,-0.023,1
7087,64,0,7,1.019,0.7,0.831,1.0,0.486,0.111,0
7088,76,0,8,0.821,0.625,0.511,0.5,0.318,0.098,0
7089,82,1,4,0.773,0.651,0.553,0.0,0.063,-0.064,1
7090,53,0,5,0.932,0.778,0.76,0.0,0.394,0.36,0
7091,84,0,4,0.708,0.626,0.746,1.0,0.402,-0.032,0
7092,41,0,6,0.814,0.652,0.7,0.0,0.152,0.047,1
7093,56,0,8,0.895,0.696,1.079,1.0,0.48,0.048,0
7094,53,1,11,0.946,0.677,0.735,1.0,0.292,0.156,1
7095,37,1,10,1.12,0.576,0.852,0.5,0.194,0.248,1
7096,59,1,3,0.659,0.627,0.713,0.0,0.16,-0.396,1
7097,30,0,10,0.746,0.612,0.714,0.5,0.253,-0.036,0
7098,56,1,11,0.864,0.638,0.872,0.5,0.172,0.109,0
7099,78,0,7,1.205,0.508,0.896,0.5,0.14,0.419,1
7100,52,1,11,0.919,0.547,1.162,0.0,0.717,0.269,1
7101,38,0,10,0.92,0.615,0.796,0.0,0.36,0.308,0
7102,83,0,9,1.069,0.657,0.643,0.25,0.069,0.369,0
7103,61,0,6,0.969,0.616,0.483,0.0,-0.194,0.396,0
7104,76,1,12,0.982,0.625,0.914,1.0,0.481,0.286,1
7105,42,1,3,0.635,0.653,0.58,0.25,0.143,-0.252,0
7106,83,0,6,0.711,0.558,0.612,0.25,0.398,-0.081,0
7107,50,1,8,0.874,0.473,0.649,0.0,0.209,0.155,0
7108,74,0,8,0.787,0.481,0.642,1.0,0.033,-0.072,0
7109,54,1,6,0.824,0.637,0.989,0.25,0.698,0.123,0
7110,51,0,7,1.127,0.47,0.702,0.25,0.142,0.546,0
7111,57,0,8,0.986,0.509,0.7,0.75,0.552,0.15,0
7112,66,0,6,0.646,0.558,0.939,0.0,0.745,0.025,1
7113,58,0,6,0.943,0.572,0.681,0.0,0.026,0.212,0
7114,52,0,3,0.545,0.613,0.636,0.5,0.083,-0.269,0
7115,60,1,5,0.856,0.434,0.477,0.0,0.38,-0.063,0
7116,44,1,4,0.892,0.518,0.325,0.0,-0.295,-0.056,0
7117,82,1,7,0.849,0.48,0.705,0.25,0.398,0.268,0
7118,64,1,5,1.119,0.632,0.33,0.0,-0.051,0.456,0
7119,53,1,11,0.897,0.456,0.77,0.0,0.406,0.396,0
7120,51,0,5,0.663,0.523,0.607,0.0,0.05,-0.187,0
7121,72,0,6,0.881,0.48,0.99,0.75,0.605,0.205,0
7122,74,1,6,0.894,0.636,0.75,1.0,0.016,0.237,0
7123,84,1,7,0.881,0.489,0.849,0.0,0.398,0.078,1
7124,76,1,3,0.615,0.486,0.187,1.0,-0.337,-0.246,0
7125,67,0,10,0.838,0.629,1.03,0.0,0.823,0.068,1
7126,70,0,9,0.887,0.636,0.566,0.0,-0.003,0.107,0
7127,32,0,4,0.675,0.506,0.634,0.25,0.097,-0.032,0
7128,55,0,4,0.853,0.63,0.519,0.5,-0.104,0.123,0
7129,84,0,10,0.733,0.594,0.532,0.0,0.15,-0.072,0
7130,37,0,11,0.897,0.516,1.056,0.0,0.382,0.272,1
7131,50,1,12,0.882,0.615,0.87,0.75,0.251,0.184,0
7132,71,0,3,0.735,0.588,0.593,0.25,-0.092,0.035,0
7133,69,1,7,0.939,0.613,0.564,0.0,-0.028,0.013,0
7134,40,0,5,0.561,0.7,0.629,1.0,0.319,-0.281,0
7135,60,1,12,0.902,0.419,0.803,0.0,0.344,0.202,0
7136,49,0,11,0.772,0.686,0.8,0.75,0.133,0.075,0
7137,65,1,8,1.066,0.531,1.068,0.5,0.439,0.107,0
7138,63,0,12,1.163,0.474,1.14,0.25,0.604,0.387,0
7139,62,0,4,0.939,0.548,0.597,0.5,-0.045,0.123,0
7140,78,0,5,0.824,0.61,0.369,0.5,0.009,0.085,0
7141,44,0,3,0.9,0.674,-0.004,0.0,-0.344,0.165,0
7142,79,0,4,0.7,0.681,0.652,0.0,0.486,0.303,0
7143,53,0,6,0.802,0.651,0.896,0.75,0.328,0.076,0
7144,34,1,6,0.724,0.583,0.339,0.75,0.168,-0.15,0
7145,32,0,7,1.061,0.476,0.668,1.0,-0.153,0.244,0
7146,58,1,5,0.693,0.527,0.703,0.0,-0.164,-0.079,0
7147,67,0,7,0.937,0.548,0.881,0.0,0.173,0.095,1
7148,71,1,6,0.783,0.594,0.661,0.75,0.608,-0.233,0
7149,58,1,10,0.89,0.7,1.024,0.0,0.763,0.235,0
7150,53,0,12,0.933,0.356,0.7,0.0,0.22,0.046,0
7151,38,1,4,0.641,0.659,0.764,0.25,0.469,-0.023,0
7152,82,1,4,0.722,0.582,0.768,0.5,0.034,0.011,0
7153,75,0,3,0.872,0.566,0.334,0.0,-0.084,0.111,0
7154,39,1,12,0.839,0.638,0.878,0.0,0.215,0.186,1
7155,47,0,4,0.83,0.571,0.366,0.0,-0.104,0.001,0
7156,67,0,6,0.89,0.681,0.644,0.0,0.149,0.141,0
7157,57,0,12,0.927,0.476,0.683,0.0,0.69,0.251,0
7158,74,0,6,0.949,0.59,0.429,0.5,0.072,0.368,0
7159,32,1,12,0.875,0.488,0.702,0.0,0.391,0.403,0
7160,69,1,5,0.77,0.502,0.862,0.5,0.269,0.073,0
7161,35,0,9,0.898,0.556,1.086,0.25,0.691,0.136,0
7162,37,0,6,0.693,0.485,0.674,0.75,0.215,-0.136,0
7163,33,0,3,0.762,0.676,0.714,0.25,0.476,-0.15,0
7164,50,1,10,0.9,0.563,0.967,0.25,0.591,0.407,1
7165,46,1,5,0.7,0.598,0.582,0.75,0.289,-0.058,0
7166,80,0,8,0.919,0.714,0.48,0.0,-0.254,-0.123,0
7167,47,1,9,1.027,0.642,1.107,0.0,0.867,0.368,0
7168,82,0,10,1.058,0.43,0.781,0.25,0.217,0.421,1
7169,47,1,10,0.936,0.551,1.066,0.25,1.042,-0.112,0
7170,80,1,12,0.84,0.679,0.999,0.75,0.501,-0.048,0
7171,84,1,9,0.778,0.51,0.881,1.0,0.186,0.151,1
7172,71,1,4,0.776,0.639,0.573,0.25,-0.15,0.091,0
7173,52,1,7,0.785,0.631,1.063,0.0,0.516,0.056,1
7174,37,0,3,0.648,0.807,0.739,0.25,0.37,-0.127,1
7175,37,1,7,0.651,0.695,0.672,0.0,0.059,0.091,0
7176,43,0,12,1.014,0.457,0.798,0.0,0.448,0.234,1
7177,43,1,3,1.019,0.667,0.221,0.0,-0.164,0.008,0
7178,42,1,10,0.959,0.446,0.807,0.0,0.452,0.251,0
7179,80,0,7,0.7,0.508,0.59,0.5,0.092,0.06,1
7180,70,0,6,0.945,0.592,0.715,0.0,0.1,0.152,0
7181,50,1,7,0.782,0.56,0.616,0.75,-0.021,-0.132,0
7182,57,0,5,0.695,0.596,0.438,1.0,0.056,-0.018,0
7183,71,0,7,0.675,0.554,0.46,0.25,0.108,0.211,0
7184,43,0,11,0.838,0.569,0.83,0.0,0.233,0.309,0
7185,77,1,12,0.902,0.52,1.067,0.5,0.616,0.041,0
7186,54,0,3,0.707,0.518,0.464,0.0,-0.131,0.041,0
7187,45,1,6,0.912,0.637,0.463,0.0,-0.03,0.212,0
7188,58,0,10,0.817,0.612,0.829,0.5,0.384,0.36,0
7189,75,1,4,0.977,0.65,0.664,0.0,0.355,0.257,0
7190,45,1,12,0.97,0.47,0.98,0.5,1.061,0.176,0
7191,47,1,7,0.982,0.617,0.933,0.0,0.359,0.219,0
7192,80,0,11,0.979,0.676,0.811,0.0,0.367,0.216,1
7193,77,1,12,0.819,0.527,0.984,0.75,0.34,0.223,0
7194,30,0,10,1.141,0.665,0.881,0.0,0.081,0.518,0
7195,54,0,7,0.778,0.368,0.662,0.0,0.275,0.083,0
7196,58,0,6,0.801,0.593,0.51,0.0,-0.065,-0.222,0
7197,75,1,7,0.985,0.628,0.687,0.5,0.013,-0.058,1
7198,72,1,6,0.746,0.72,0.889,0.0,0.503,-0.155,1
7199,74,0,10,0.927,0.517,0.775,0.0,0.332,0.168,0
7200,56,0,7,1.016,0.577,0.536,0.75,-0.149,0.322,0
7201,69,0,11,0.807,0.627,1.159,0.75,0.826,-0.11,1
7202,47,0,4,0.854,0.572,0.526,0.0,-0.004,0.275,0
7203,75,0,11,1.036,0.7,0.768,0.0,0.514,0.405,0
7204,64,1,9,0.584,0.637,1.148,1.0,0.448,-0.293,0
7205,48,1,7,0.981,0.55,0.299,0.0,-0.129,0.154,0
7206,36,0,3,0.856,0.633,0.475,0.5,0.258,-0.023,0
7207,53,1,7,0.711,0.556,0.53,0.25,-0.047,-0.03,0
7208,51,0,8,0.863,0.675,0.907,0.0,0.48,0.179,0
7209,31,0,8,0.891,0.732,0.671,0.25,0.374,-0.028,0
7210,73,1,9,0.904,0.37,0.826,0.25,0.092,0.397,0
7211,63,1,10,0.955,0.594,1.128,0.5,1.008,-0.005,0
7212,48,1,10,1.133,0.547,0.897,0.0,0.571,0.251,1
7213,79,0,12,1.134,0.469,0.918,0.0,0.546,0.498,1
7214,37,0,3,0.7,0.637,0.282,0.5,-0.475,-0.33,0
7215,34,0,10,1.181,0.677,0.993,0.0,0.787,0.685,0
7216,55,1,12,0.84,0.451,1.003,0.25,0.391,0.102,0
7217,61,0,3,0.778,0.715,0.682,0.0,0.081,0.02,0
7218,77,1,7,0.93,0.528,0.64,0.0,0.36,0.193,0
7219,47,0,5,0.828,0.515,0.43,0.0,-0.236,-0.006,0
7220,44,0,10,0.9,0.532,0.7,0.0,0.194,0.103,0
7221,47,0,7,1.044,0.647,0.395,0.0,-0.156,0.247,0
7222,47,0,8,1.041,0.542,0.803,0.0,0.309,0.156,1
7223,71,1,6,0.85,0.645,0.617,0.0,0.172,0.101,0
7224,40,0,12,0.7,0.585,1.081,0.75,0.678,-0.263,0
7225,80,1,12,1.094,0.556,0.849,0.0,0.558,0.382,1
7226,69,0,7,0.993,0.643,0.753,1.0,0.2,0.486,0
7227,34,1,7,0.809,0.582,0.888,0.75,0.533,0.09,0
7228,41,0,7,0.7,0.585,0.519,0.25,0.041,-0.168,0
7229,74,1,7,0.779,0.499,0.717,0.25,0.017,-0.182,0
7230,47,1,9,0.879,0.391,0.899,0.5,0.569,0.091,0
7231,73,1,4,0.631,0.59,0.417,0.0,0.18,-0.164,0
7232,36,1,12,1.044,0.458,0.747,0.0,0.137,0.469,0
7233,73,1,6,0.7,0.544,0.969,0.5,0.514,-0.246,1
7234,63,0,9,0.868,0.551,0.723,0.75,-0.11,0.108,0
7235,84,1,6,0.838,0.736,0.626,0.0,0.238,0.007,0
7236,77,1,11,0.936,0.559,0.695,0.0,0.366,0.077,0
7237,83,0,5,0.917,0.573,0.474,1.0,-0.05,0.28,1
7238,59,1,3,0.539,0.677,0.554,0.0,0.126,-0.258,0
7239,42,0,11,0.943,0.506,0.974,0.5,0.459,0.195,0
7240,63,0,10,0.823,0.598,0.617,0.75,0.208,0.163,0
7241,43,0,3,0.959,0.645,0.61,0.5,-0.051,0.1,0
7242,64,0,11,0.901,0.581,0.651,1.0,-0.049,0.375,1
7243,70,1,9,0.95,0.59,0.593,0.75,0.264,0.25,0
7244,51,0,12,0.957,0.619,0.844,1.0,0.45,0.402,0
7245,35,1,7,0.971,0.608,0.913,0.0,0.401,0.097,0
7246,59,0,3,0.855,0.708,0.395,0.75,-0.029,-0.083,0
7247,78,1,7,0.7,0.672,0.6,0.5,0.304,-0.18,0
7248,61,0,4,0.813,0.489,0.598,1.0,0.157,-0.07,1
7249,55,0,10,0.945,0.691,1.01,0.25,0.324,0.252,0
7250,62,1,7,0.864,0.637,0.395,0.0,-0.05,-0.068,0
7251,63,1,12,0.933,0.581,0.866,1.0,0.176,0.233,1
7252,77,0,6,0.835,0.597,0.493,0.25,-0.129,-0.038,0
7253,70,1,3,0.82,0.57,0.547,0.5,0.053,0.084,0
7254,65,1,4,0.727,0.582,0.511,0.25,0.245,0.109,0
7255,66,0,5,0.705,0.528,0.647,0.5,0.382,-0.082,0
7256,47,0,12,0.836,0.507,0.829,0.0,0.438,-0.134,0
7257,54,0,3,0.784,0.734,0.657,0.25,0.028,0.036,0
7258,38,1,11,0.955,0.605,0.54,0.5,-0.044,0.191,0
7259,84,0,9,0.76,0.49,0.882,0.0,0.182,-0.171,0
7260,50,0,12,0.946,0.683,0.975,0.0,0.286,0.141,0
7261,67,1,9,0.968,0.556,0.529,0.0,-0.155,0.268,0
7262,53,1,6,0.825,0.577,0.742,0.5,-0.052,0.044,0
7263,77,1,4,0.624,0.68,0.455,0.75,-0.019,-0.133,0
7264,54,0,11,1.135,0.615,0.979,0.0,0.426,0.336,0
7265,37,1,12,1.01,0.599,0.824,0.0,0.19,0.328,0
7266,72,0,8,0.883,0.461,0.478,0.0,-0.112,0.126,0
7267,31,1,9,0.866,0.525,1.085,0.0,0.852,0.042,0
7268,60,1,12,0.953,0.513,0.858,0.25,0.456,0.352,0
7269,83,0,4,0.882,0.578,0.647,1.0,0.105,0.119,0
7270,51,0,6,0.884,0.569,0.744,0.5,0.044,0.168,0
7271,43,0,3,0.881,0.685,0.475,0.5,0.169,0.072,0
7272,30,0,12,1.043,0.58,0.821,0.25,0.102,0.41,0
7273,57,0,10,0.96,0.516,0.612,0.0,0.34,0.196,0
7274,32,0,12,0.815,0.615,0.661,0.0,-0.139,0.063,0
7275,78,1,7,0.844,0.518,0.588,0.75,0.406,0.057,1
7276,63,1,12,0.929,0.616,0.985,0.0,0.188,0.121,1
7277,51,0,3,0.707,0.624,0.609,0.0,0.466,0.154,0
7278,78,1,9,0.683,0.512,1.112,0.0,0.517,-0.172,0
7279,30,1,8,0.974,0.47,1.116,0.5,0.584,-0.021,0
7280,50,0,3,0.789,0.69,0.412,0.5,-0.288,0.069,0
7281,77,1,3,0.612,0.466,0.684,0.75,0.363,-0.049,1
7282,55,0,12,1.103,0.72,0.943,0.0,0.618,0.375,0
7283,49,1,9,0.7,0.598,0.587,0.0,0.096,-0.064,0
7284,67,1,4,0.943,0.566,0.736,0.5,0.303,0.093,0
7285,60,1,4,0.839,0.555,0.594,0.25,0.177,0.148,0
7286,64,1,10,0.849,0.511,1.104,0.75,0.498,0.207,0
7287,33,0,5,0.586,0.531,0.717,0.75,0.177,-0.25,0
7288,46,0,4,0.971,0.7,0.715,0.5,0.067,0.16,0
7289,50,1,12,0.959,0.471,0.772,0.75,0.5,0.465,0
7290,75,1,10,1.245,0.584,0.781,0.5,0.582,0.538,1
7291,63,1,10,0.997,0.481,0.743,0.25,0.463,-0.007,0
7292,31,1,8,1.243,0.523,0.949,1.0,0.426,0.402,0
7293,83,0,3,0.812,0.539,0.642,0.0,-0.003,0.167,0
7294,76,0,9,0.931,0.614,0.798,0.5,0.367,0.346,1
7295,75,0,9,1.006,0.556,0.788,0.0,0.526,0.311,1
7296,45,1,10,1.172,0.509,0.862,0.25,0.162,0.394,1
7297,37,0,9,0.685,0.568,0.543,1.0,0.294,-0.206,0
7298,78,1,9,1.147,0.451,1.072,0.75,0.593,0.468,0
7299,48,0,9,0.868,0.625,0.805,0.0,0.583,0.175,1
7300,40,0,6,0.765,0.518,0.7,1.0,0.337,0.048,0
7301,35,1,8,0.914,0.466,1.111,1.0,0.685,0.189,0
7302,42,1,6,0.833,0.522,0.784,0.25,0.512,-0.04,0
7303,76,0,7,0.851,0.661,0.515,0.75,-0.056,0.054,0
7304,73,1,6,0.73,0.7,0.818,0.25,0.523,0.045,0
7305,39,0,11,0.956,0.433,0.9,0.25,0.437,0.184,0
7306,75,1,10,1.153,0.539,0.936,0.75,0.373,0.379,0
7307,38,0,6,1.135,0.594,0.581,0.25,0.263,0.372,0
7308,70,0,7,0.893,0.662,0.682,0.0,-0.007,0.133,0
7309,49,0,8,1.09,0.544,0.696,0.0,0.35,0.448,0
7310,49,0,8,0.731,0.539,0.641,0.0,-0.025,0.031,0
7311,37,1,9,1.032,0.458,0.886,0.5,0.477,0.308,1
7312,54,0,10,1.034,0.702,0.779,0.0,0.278,0.173,0
7313,81,0,6,0.606,0.495,0.83,0.0,0.398,-0.193,1
7314,64,0,10,0.956,0.631,0.727,0.75,-0.028,-0.029,0
7315,57,1,12,0.971,0.482,0.77,0.0,0.203,0.234,0
7316,32,0,4,0.893,0.499,0.341,0.0,-0.202,0.157,0
7317,71,1,10,0.76,0.493,1.066,0.0,0.396,-0.13,1
7318,69,0,10,0.826,0.542,0.721,0.0,0.376,0.159,0
7319,36,0,7,0.671,0.546,0.564,0.0,0.203,-0.03,0
7320,36,0,11,0.668,0.631,1.038,0.0,0.704,-0.142,0
7321,75,1,4,0.701,0.63,0.678,0.0,0.068,0.03,1
7322,75,1,7,0.847,0.678,0.343,0.25,-0.245,0.041,0
7323,78,0,5,0.791,0.572,0.698,0.0,0.148,-0.108,0
7324,56,1,7,1.036,0.839,0.818,0.0,0.258,0.158,0
7325,59,1,3,0.564,0.508,0.41,0.0,-0.238,-0.223,0
7326,32,0,3,0.785,0.637,0.379,0.0,0.137,-0.084,0
7327,66,0,6,0.919,0.559,0.568,0.0,0.232,0.114,0
7328,71,0,4,0.783,0.535,0.519,0.75,0.138,0.083,0
7329,80,1,6,0.694,0.623,0.77,0.5,-0.023,-0.115,1
7330,42,0,3,0.819,0.541,0.64,0.25,0.273,0.266,0
7331,49,0,7,0.885,0.54,0.729,0.0,0.156,0.043,0
7332,42,1,7,0.726,0.551,0.747,0.5,0.246,-0.054,0
7333,34,0,12,1.094,0.481,0.735,0.0,0.199,0.359,0
7334,44,1,6,0.941,0.581,0.768,0.0,0.222,0.124,0
7335,69,0,4,0.856,0.613,0.607,0.0,0.093,0.306,0
7336,42,1,10,0.987,0.463,0.7,0.75,0.121,0.266,0
7337,83,0,10,1.062,0.581,1.09,0.0,0.25,0.198,1
7338,67,0,11,1.258,0.586,0.75,0.0,0.403,0.519,0
7339,70,1,8,0.696,0.7,0.421,0.0,0.087,-0.079,0
7340,44,0,12,1.0,0.535,0.709,0.75,0.738,0.365,0
7341,32,1,10,0.656,0.47,1.062,1.0,0.53,-0.235,0
7342,40,0,11,1.121,0.451,0.654,0.0,0.207,0.243,1
7343,30,1,10,0.793,0.453,0.744,0.5,0.549,0.194,0
7344,34,1,12,0.982,0.554,0.722,0.0,0.534,0.257,0
7345,31,1,5,0.978,0.624,0.576,0.75,-0.124,0.303,0
7346,80,0,12,1.184,0.507,0.852,0.0,0.339,0.513,0
7347,84,0,10,0.791,0.7,0.753,0.25,0.302,0.129,1
7348,32,0,4,0.691,0.567,0.959,0.5,0.521,-0.144,0
7349,84,0,8,1.052,0.606,0.678,0.0,0.072,0.274,0
7350,34,0,12,0.882,0.505,0.933,0.75,0.648,0.194,0
7351,50,1,3,0.916,0.649,0.669,0.25,0.184,0.147,1
7352,35,0,4,0.755,0.646,0.607,0.0,0.389,-0.076,0
7353,40,0,4,0.69,0.63,0.318,0.0,-0.057,-0.021,0
7354,55,0,4,0.87,0.588,0.705,0.5,0.318,0.021,0
7355,73,1,5,1.027,0.712,0.806,0.25,0.237,0.341,0
7356,52,0,3,0.741,0.597,0.655,0.75,0.198,0.15,0
7357,80,0,6,0.925,0.6,0.746,0.25,0.17,0.376,0
7358,56,0,10,0.876,0.534,0.928,0.5,0.142,0.239,0
7359,54,1,9,0.94,0.493,0.97,1.0,0.467,0.269,0
7360,60,1,4,0.863,0.599,0.721,0.0,0.428,0.163,1
7361,76,1,5,0.822,0.685,0.552,0.25,-0.136,0.137,1
7362,84,1,9,1.09,0.654,0.979,0.0,0.409,0.416,1
7363,53,0,4,0.525,0.63,0.523,0.5,-0.133,-0.404,0
7364,50,0,12,0.91,0.459,1.022,0.75,0.815,0.083,1
7365,76,0,9,0.892,0.62,0.797,0.5,0.627,0.156,0
7366,60,1,6,1.076,0.486,0.802,0.0,0.129,0.275,0
7367,46,0,6,0.681,0.541,0.63,0.75,-0.164,-0.006,0
7368,62,1,12,1.015,0.474,0.834,0.25,0.389,0.481,0
7369,48,0,4,0.822,0.661,0.641,0.0,0.366,0.136,0
7370,69,0,11,0.845,0.59,0.79,0.0,0.212,0.319,1
7371,33,1,9,0.972,0.6,0.781,0.5,0.379,0.133,1
7372,48,1,10,0.903,0.708,0.97,0.5,0.486,-0.027,0
7373,30,0,3,0.7,0.627,0.551,0.5,0.104,-0.076,0
7374,82,0,10,0.907,0.471,0.759,0.0,0.229,0.064,0
7375,35,0,7,0.919,0.502,0.474,0.0,-0.243,0.274,0
7376,37,0,5,0.651,0.48,0.472,0.0,-0.159,0.077,0
7377,72,0,12,1.04,0.479,0.736,0.5,0.184,0.34,1
7378,78,1,8,0.855,0.774,0.997,0.0,0.65,0.249,0
7379,46,1,7,0.99,0.7,0.74,1.0,0.359,0.393,0
7380,68,0,5,1.126,0.52,0.392,0.5,-0.137,0.305,0
7381,57,1,4,0.746,0.527,0.742,0.0,0.347,-0.046,0
7382,32,1,12,1.051,0.5,0.787,0.75,0.622,0.351,0
7383,52,1,6,1.018,0.646,0.54,0.75,-0.026,0.461,0
7384,68,1,12,0.755,0.533,0.889,0.0,0.447,0.14,0
7385,84,0,8,0.982,0.436,0.656,0.25,0.218,0.268,0
7386,63,1,11,0.979,0.676,0.866,0.75,0.304,0.263,0
7387,76,1,9,0.954,0.566,0.96,0.0,0.346,0.142,0
7388,54,0,9,0.912,0.568,1.177,0.0,0.889,-0.004,0
7389,76,1,12,0.856,0.587,0.743,0.0,0.235,0.042,0
7390,33,0,5,1.018,0.566,0.563,0.75,0.326,0.05,0
7391,49,1,4,0.885,0.765,0.649,0.5,0.392,0.293,0
7392,52,0,11,0.876,0.646,0.794,0.5,0.376,0.176,0
7393,57,0,5,0.714,0.7,0.646,0.5,0.027,0.054,0
7394,69,0,8,0.896,0.471,0.716,0.0,0.121,0.196,0
7395,67,1,7,0.908,0.537,0.473,1.0,-0.203,0.208,0
7396,58,0,8,0.961,0.666,0.653,1.0,0.163,-0.066,0
7397,31,0,10,1.074,0.588,0.867,0.0,0.721,0.384,0
7398,77,0,3,0.595,0.593,0.458,0.5,0.103,-0.119,0
7399,43,1,10,0.902,0.443,0.96,0.0,0.773,0.112,1
7400,84,1,10,0.873,0.571,0.834,0.0,0.539,0.207,0
7401,72,0,12,1.117,0.615,0.749,0.5,0.367,0.251,0
7402,78,1,8,0.854,0.62,0.992,1.0,0.393,0.021,0
7403,39,0,9,0.934,0.534,0.705,0.0,0.375,0.041,1
7404,56,0,10,0.799,0.581,0.725,0.0,0.089,0.036,0
7405,40,0,5,0.718,0.549,0.487,0.0,0.41,-0.066,0
7406,56,0,4,0.76,0.639,0.583,0.0,0.084,-0.022,0
7407,42,1,9,0.861,0.69,0.754,0.0,0.042,0.214,0
7408,57,0,11,1.071,0.524,0.995,0.0,0.834,0.521,0
7409,77,0,4,0.835,0.568,0.376,0.0,-0.035,-0.041,0
7410,82,0,4,0.774,0.619,0.059,0.25,-0.796,0.007,0
7411,43,0,8,1.017,0.576,0.669,0.0,0.55,0.327,0
7412,62,0,7,0.934,0.547,1.066,0.75,0.899,0.231,0
7413,80,0,12,0.961,0.509,0.956,1.0,0.23,0.293,0
7414,54,0,10,0.84,0.518,1.117,0.0,0.749,-0.163,1
7415,56,1,9,1.055,0.482,0.915,0.75,0.292,0.27,0
7416,71,1,11,1.114,0.454,1.076,0.5,0.6,0.168,0
7417,71,0,5,1.0,0.536,0.7,0.0,0.281,0.165,0
7418,61,0,10,1.03,0.509,0.619,0.5,0.262,0.261,0
7419,71,1,6,0.916,0.455,0.663,0.0,0.193,0.084,1
7420,52,1,10,0.847,0.708,0.917,0.0,0.601,-0.011,0
7421,83,1,11,0.851,0.662,0.825,0.0,0.276,-0.112,1
7422,64,1,9,0.905,0.482,0.831,0.75,0.298,0.192,0
7423,45,0,9,0.7,0.578,1.017,0.0,0.64,-0.29,0
7424,69,0,11,0.957,0.531,0.986,0.25,0.685,0.331,0
7425,48,0,6,0.682,0.636,0.301,0.0,-0.123,0.131,0
7426,46,1,3,1.017,0.59,0.685,0.25,0.197,0.262,1
7427,49,0,7,0.888,0.547,0.488,0.0,0.031,0.188,0
7428,73,0,10,0.836,0.6,0.989,0.0,0.716,-0.064,0
7429,66,0,5,0.88,0.565,0.907,0.0,0.277,0.18,0
7430,46,0,8,0.874,0.662,0.874,0.0,0.316,0.171,0
7431,41,0,9,0.771,0.571,0.815,1.0,0.231,0.2,0
7432,36,1,11,0.893,0.358,0.732,0.25,0.252,0.134,0
7433,45,1,10,0.86,0.525,0.7,0.25,0.2,0.213,0
7434,32,0,11,1.041,0.638,0.555,0.0,-0.184,0.205,0
7435,57,0,11,0.923,0.603,0.73,0.75,0.097,0.137,0
7436,54,0,8,0.833,0.541,1.051,0.25,0.418,0.163,1
7437,60,1,9,0.839,0.614,1.068,0.0,0.805,0.099,0
7438,48,1,10,0.756,0.705,0.776,0.0,0.367,-0.115,0
7439,38,1,9,1.063,0.581,0.775,0.0,0.268,0.481,0
7440,79,1,4,0.639,0.515,0.646,0.0,-0.221,-0.029,0
7441,42,0,4,0.869,0.575,0.721,0.0,0.266,0.245,0
7442,53,0,9,0.953,0.547,0.983,0.5,0.523,0.327,0
7443,72,0,9,1.006,0.343,0.845,0.75,0.006,0.355,0
7444,32,0,4,0.731,0.568,0.634,0.0,0.074,-0.003,0
7445,32,0,5,0.951,0.656,0.652,0.0,0.232,0.343,0
7446,31,1,4,0.778,0.688,0.507,1.0,0.044,-0.137,0
7447,54,0,3,1.019,0.506,0.665,0.5,0.307,0.115,0
7448,58,1,4,0.8,0.64,0.592,0.0,0.209,0.228,0
7449,39,1,11,1.273,0.56,1.237,0.0,0.78,0.515,1
7450,81,1,9,1.135,0.409,0.94,0.75,0.246,0.271,1
7451,47,1,8,1.027,0.495,0.723,1.0,0.371,0.402,0
7452,76,0,10,1.1,0.727,1.03,1.0,0.824,0.312,0
7453,79,1,8,0.763,0.53,0.669,0.0,0.204,-0.116,0
7454,84,0,11,0.925,0.613,0.8,1.0,0.315,0.071,0
7455,51,1,6,1.018,0.61,0.449,0.0,-0.298,0.302,0
7456,79,1,4,0.861,0.527,0.45,0.25,0.059,0.326,0
7457,47,0,8,0.602,0.7,0.721,0.5,0.225,-0.166,0
7458,41,1,4,0.958,0.619,0.561,0.0,0.166,0.277,0
7459,46,0,3,0.937,0.589,0.393,0.25,-0.223,0.289,0
7460,70,1,12,0.889,0.516,0.994,0.0,0.719,0.173,0
7461,74,1,6,0.704,0.58,0.623,0.0,0.335,-0.128,0
7462,65,1,6,0.891,0.653,0.895,0.0,0.517,-0.198,0
7463,31,1,6,1.217,0.651,0.969,0.0,0.269,0.569,0
7464,38,0,10,0.93,0.601,0.828,0.0,0.665,0.159,0
7465,74,0,6,0.864,0.71,0.463,0.0,0.165,0.111,0
7466,57,0,4,0.819,0.454,0.7,0.0,0.292,0.123,0
7467,38,0,11,1.079,0.626,0.954,1.0,0.639,0.162,0
7468,74,0,6,1.024,0.616,0.539,0.0,0.084,0.191,0
7469,83,0,6,0.972,0.612,0.69,0.0,-0.008,0.334,1
7470,78,1,4,0.871,0.587,0.615,0.75,0.096,0.288,0
7471,33,0,5,0.863,0.579,0.468,0.75,-0.009,0.163,0
7472,54,0,4,0.849,0.54,0.482,0.0,-0.108,0.229,0
7473,50,0,8,1.034,0.7,0.807,1.0,0.021,0.203,1
7474,84,1,4,0.597,0.504,0.952,0.5,0.766,-0.112,0
7475,81,0,11,1.107,0.632,0.722,1.0,0.235,0.573,0
7476,83,0,3,0.503,0.595,0.532,0.0,0.118,-0.047,0
7477,84,0,12,0.7,0.517,0.912,0.0,0.292,-0.223,0
7478,50,1,8,1.086,0.522,0.493,0.25,0.117,0.457,0
7479,62,1,9,0.813,0.567,0.92,0.75,0.24,0.153,0
7480,49,0,5,0.71,0.515,0.545,0.0,-0.17,0.179,0
7481,67,0,10,0.997,0.556,0.885,0.25,0.497,0.362,0
7482,54,0,10,0.81,0.656,0.558,0.25,-0.118,0.078,0
7483,67,1,12,1.147,0.517,0.982,0.0,0.482,0.584,0
7484,73,1,12,1.025,0.441,0.804,0.0,0.485,0.215,0
7485,67,0,9,0.875,0.515,0.865,0.0,0.593,0.371,0
7486,42,0,9,1.04,0.419,0.888,0.0,0.522,0.178,0
7487,38,1,4,0.846,0.631,0.539,0.0,-0.03,0.175,0
7488,69,0,9,0.978,0.52,0.7,0.0,0.4,0.435,0
7489,30,1,9,0.795,0.504,1.013,1.0,0.55,0.15,0
7490,70,1,10,0.879,0.655,0.921,0.0,0.708,0.042,0
7491,81,1,5,0.7,0.562,0.473,0.0,0.318,0.04,0
7492,43,0,6,0.862,0.608,0.45,0.0,0.187,0.213,0
7493,35,1,7,0.765,0.518,0.429,0.0,-0.033,0.055,0
7494,74,1,12,0.655,0.525,0.663,0.25,0.319,-0.357,0
7495,53,1,9,0.921,0.625,0.77,0.0,0.07,0.204,0
7496,37,1,10,0.7,0.559,0.781,0.25,0.302,0.148,0
7497,32,0,10,0.846,0.646,0.737,0.0,0.326,-0.042,0
7498,43,0,6,0.889,0.713,0.843,0.0,0.278,0.153,0
7499,52,0,3,0.953,0.535,0.527,0.0,0.069,0.332,0
7500,57,1,6,1.045,0.52,0.511,0.0,-0.18,0.39,0
7501,51,1,8,1.033,0.666,0.828,0.5,0.544,0.282,0
7502,70,1,6,0.884,0.562,0.821,1.0,0.563,0.411,0
7503,34,1,10,0.965,0.624,0.758,0.25,0.198,0.061,0
7504,41,1,7,0.868,0.579,0.575,0.75,0.41,0.228,0
7505,81,0,10,0.862,0.598,0.904,0.0,0.643,0.112,0
7506,49,0,4,0.918,0.521,0.501,0.0,-0.073,0.228,0
7507,77,1,8,1.006,0.532,0.565,0.0,-0.078,0.316,0
7508,38,0,10,1.013,0.376,0.763,0.75,0.158,0.36,1
7509,45,1,12,0.941,0.729,1.048,0.0,0.843,0.188,1
7510,39,1,3,0.796,0.64,0.919,0.0,0.229,-0.164,0
7511,44,1,12,0.988,0.52,0.716,0.5,0.292,0.35,0
7512,77,1,7,0.875,0.7,0.672,0.0,0.25,0.173,0
7513,37,1,11,1.048,0.7,0.756,0.25,0.347,0.242,0
7514,31,1,9,0.73,0.651,0.861,0.0,0.193,-0.064,0
7515,62,1,3,0.705,0.743,0.973,1.0,0.628,-0.229,0
7516,78,0,6,0.86,0.583,0.967,0.0,0.51,0.124,1
7517,55,1,8,0.854,0.53,0.926,1.0,0.506,-0.005,1
7518,60,0,11,1.082,0.465,0.793,0.25,0.446,0.111,1
7519,82,0,5,1.055,0.566,0.402,0.0,-0.065,0.39,0
7520,31,0,7,1.042,0.549,0.823,1.0,0.306,0.219,0
7521,35,0,7,0.907,0.517,0.845,0.0,0.353,0.109,0
7522,51,1,10,0.923,0.537,0.7,0.75,0.052,-0.027,0
7523,52,1,7,0.863,0.486,0.574,0.5,0.112,0.039,0
7524,47,1,7,0.865,0.578,0.86,0.0,0.625,0.078,0
7525,70,0,10,1.105,0.622,0.919,0.5,0.564,0.209,0
7526,71,0,8,0.882,0.567,0.799,0.5,0.559,0.221,0
7527,60,1,4,0.693,0.635,0.811,0.75,0.127,-0.306,0
7528,63,1,3,0.807,0.492,0.521,0.0,-0.179,0.041,0
7529,57,0,9,0.873,0.668,0.898,0.0,0.251,0.277,1
7530,42,0,8,0.955,0.7,0.861,1.0,0.252,0.166,0
7531,76,0,8,0.877,0.603,0.735,0.5,0.31,0.377,0
7532,43,0,11,0.909,0.576,0.919,0.0,0.536,0.111,0
7533,78,0,10,1.198,0.564,0.826,0.75,0.35,0.512,1
7534,50,0,11,0.955,0.502,1.071,0.5,0.579,0.248,0
7535,74,1,4,0.851,0.598,0.483,0.0,-0.155,0.013,1
7536,76,1,4,0.81,0.571,0.4,0.25,-0.262,0.234,0
7537,30,0,7,0.898,0.552,0.7,0.0,-0.015,0.349,0
7538,81,0,11,0.847,0.558,0.875,0.5,0.59,-0.106,0
7539,53,0,9,1.167,0.587,0.759,0.0,0.57,0.174,0
7540,47,0,9,0.881,0.7,1.073,0.0,0.602,0.116,0
7541,74,0,8,0.816,0.613,1.032,0.5,0.721,0.067,0
7542,38,0,6,0.953,0.646,0.52,0.0,0.209,0.255,0
7543,52,0,8,1.055,0.592,0.474,0.0,0.141,0.169,0
7544,71,1,9,0.996,0.633,0.95,1.0,0.49,0.213,0
7545,37,0,4,0.916,0.469,0.559,0.25,-0.051,0.162,0
7546,78,0,9,0.916,0.577,0.767,1.0,0.058,0.148,1
7547,39,0,10,0.821,0.7,0.792,0.0,0.495,-0.009,1
7548,36,1,5,0.783,0.617,0.451,0.25,-0.019,0.038,0
7549,59,0,4,0.768,0.757,0.761,0.0,0.447,0.128,0
7550,39,0,5,0.739,0.659,0.458,0.0,-0.327,-0.017,0
7551,66,1,6,0.839,0.503,0.708,0.5,0.354,0.105,1
7552,62,0,9,1.073,0.628,0.923,0.0,0.887,0.297,1
7553,39,1,5,0.663,0.601,0.355,0.0,-0.144,0.115,0
7554,57,1,3,0.913,0.55,0.359,0.25,0.094,0.572,0
7555,52,0,12,1.09,0.413,1.015,0.0,0.337,0.389,0
7556,53,1,6,0.562,0.523,0.694,0.25,0.277,-0.323,0
7557,45,0,5,0.941,0.522,0.621,0.5,0.194,0.065,0
7558,37,1,11,0.943,0.656,0.863,0.0,0.467,0.231,0
7559,53,0,9,0.797,0.648,0.623,0.75,0.378,-0.017,0
7560,61,1,9,0.899,0.622,0.859,0.0,0.498,0.011,0
7561,59,0,6,0.743,0.589,0.844,0.0,0.596,-0.262,0
7562,68,0,10,0.772,0.607,0.8,0.0,0.16,-0.033,1
7563,30,0,11,1.011,0.634,0.949,0.0,0.431,0.317,0
7564,77,0,5,0.803,0.631,0.834,0.0,0.126,-0.058,0
7565,54,0,3,0.604,0.569,0.418,0.0,0.137,-0.034,0
7566,48,1,6,0.977,0.521,0.839,0.25,0.453,-0.024,0
7567,33,0,7,0.937,0.603,0.523,0.0,-0.077,0.234,0
7568,57,0,6,0.915,0.607,0.646,0.0,0.242,0.059,0
7569,69,1,9,0.989,0.698,0.989,0.25,0.69,0.224,0
7570,84,0,11,0.87,0.592,0.561,0.75,0.39,0.028,0
7571,67,0,12,0.982,0.527,0.568,0.0,0.016,0.176,0
7572,39,1,4,0.788,0.515,0.635,0.0,0.078,0.242,0
7573,79,0,8,0.759,0.595,0.3,0.5,-0.068,0.059,0
7574,79,1,6,0.914,0.574,0.43,0.0,-0.202,0.338,0
7575,67,0,6,0.832,0.562,0.891,1.0,0.418,0.378,0
7576,42,1,9,0.841,0.521,0.516,0.0,0.031,0.171,0
7577,70,0,10,1.122,0.587,0.7,0.75,0.146,0.422,0
7578,82,1,6,0.834,0.615,0.539,0.0,0.244,0.053,0
7579,65,1,5,0.812,0.584,0.599,0.25,-0.283,-0.025,0
7580,78,1,11,0.851,0.609,1.052,0.0,1.026,-0.017,0
7581,61,0,9,0.858,0.555,0.836,0.0,0.131,-0.079,1
7582,34,0,8,0.894,0.501,0.711,0.0,0.325,0.249,0
7583,65,1,11,1.013,0.735,0.49,0.0,-0.29,0.079,0
7584,60,0,10,0.764,0.733,0.796,1.0,0.361,0.13,1
7585,33,1,7,0.973,0.7,0.512,0.0,-0.067,0.193,0
7586,49,0,7,0.752,0.53,0.774,0.0,-0.085,0.122,0
7587,54,1,7,0.879,0.67,0.513,0.0,-0.021,0.279,0
7588,62,1,4,0.611,0.662,0.183,0.25,-0.338,-0.055,0
7589,34,1,10,1.193,0.57,0.73,0.0,0.358,0.446,0
7590,80,0,12,1.008,0.69,0.951,0.0,0.582,0.147,0
7591,44,0,12,1.153,0.617,0.823,0.0,0.16,0.338,0
7592,58,0,6,0.788,0.562,0.438,0.0,0.207,0.041,0
7593,51,0,10,0.95,0.699,0.765,1.0,0.079,0.265,0
7594,75,1,10,0.7,0.528,0.671,0.0,0.265,0.174,1
7595,46,1,7,0.934,0.516,0.877,0.75,0.286,0.278,0
7596,69,1,9,1.018,0.537,0.758,0.5,0.058,0.135,1
7597,30,1,6,0.829,0.575,0.823,0.0,0.472,0.278,0
7598,56,1,12,1.028,0.556,0.99,0.75,0.633,0.211,0
7599,31,0,11,1.058,0.544,0.839,0.0,0.366,0.333,0
7600,80,1,8,1.06,0.7,0.648,0.0,0.206,0.043,0
7601,70,0,6,0.844,0.563,0.799,0.0,0.441,0.128,1
7602,39,0,7,0.993,0.569,0.697,0.0,0.219,0.414,0
7603,33,0,12,1.008,0.7,1.057,0.0,0.901,0.156,0
7604,59,0,4,0.603,0.605,0.595,0.0,-0.095,-0.095,0
7605,61,1,10,0.974,0.62,0.719,0.25,-0.08,0.324,1
7606,57,0,4,1.034,0.6,0.84,0.0,0.415,0.215,0
7607,76,0,8,0.954,0.509,0.681,0.0,0.591,0.192,0
7608,46,0,9,1.192,0.534,0.614,0.5,0.083,0.494,0
7609,84,1,3,0.696,0.734,0.777,0.0,0.109,-0.13,1
7610,33,0,7,0.895,0.424,0.495,1.0,0.062,0.287,0
7611,62,0,5,1.041,0.726,0.791,0.75,0.235,0.154,0
7612,77,1,4,0.629,0.66,0.446,0.75,-0.254,-0.244,0
7613,78,0,4,0.766,0.565,0.543,0.5,0.274,-0.263,0
7614,49,0,12,1.122,0.519,0.955,0.0,0.255,0.515,1
7615,32,0,7,0.679,0.597,0.556,0.0,0.23,-0.093,0
7616,59,1,8,0.889,0.697,0.845,0.0,0.508,-0.075,0
7617,38,0,9,0.726,0.582,0.698,0.5,0.083,-0.018,0
7618,52,1,9,0.702,0.561,0.654,0.25,0.139,-0.083,1
7619,79,1,8,1.002,0.614,0.659,0.0,0.052,0.224,1
7620,52,1,3,0.658,0.541,0.721,0.25,0.297,-0.066,0
7621,59,1,11,0.978,0.563,0.968,0.0,0.517,0.06,1
7622,37,0,7,0.932,0.483,0.597,0.0,0.204,0.334,0
7623,54,1,5,0.768,0.537,0.669,0.25,0.109,0.217,0
7624,60,1,11,0.935,0.652,0.887,0.0,0.447,0.055,1
7625,69,1,8,1.008,0.576,0.7,0.0,0.266,0.247,0
7626,75,0,10,1.068,0.688,1.061,0.0,0.529,0.421,1
7627,31,0,7,0.976,0.625,1.099,0.0,0.57,0.121,1
7628,60,1,11,0.841,0.492,0.7,0.0,-0.048,-0.035,0
7629,64,1,4,0.825,0.57,0.63,0.5,0.036,0.09,0
7630,53,0,11,1.05,0.757,0.774,0.75,0.194,0.066,1
7631,64,1,9,1.041,0.548,0.823,1.0,0.303,0.271,0
7632,80,1,9,0.944,0.434,0.765,0.0,0.199,0.176,0
7633,30,0,12,1.0,0.511,0.915,0.75,0.171,0.2,0
7634,34,1,10,1.045,0.548,0.685,0.75,0.561,0.231,0
7635,53,0,8,0.834,0.566,0.979,0.0,0.455,0.197,0
7636,59,1,5,0.795,0.625,0.917,0.25,0.359,0.011,0
7637,77,1,5,0.773,0.579,0.703,0.0,0.298,0.073,0
7638,53,0,3,0.714,0.659,0.64,0.0,0.306,-0.106,0
7639,60,0,7,1.18,0.562,0.524,0.25,-0.171,0.64,0
7640,59,1,6,0.95,0.649,0.611,0.75,0.17,0.382,0
7641,50,1,9,0.939,0.594,0.931,0.5,0.48,0.239,0
7642,40,0,5,0.801,0.431,0.732,0.75,0.243,-0.075,0
7643,79,1,3,0.619,0.7,0.689,0.0,0.17,-0.177,0
7644,41,0,5,1.016,0.608,0.833,0.25,0.472,0.23,0
7645,59,1,5,0.786,0.56,0.828,0.5,0.604,-0.025,0
7646,81,0,9,0.842,0.52,0.92,0.0,0.413,0.034,1
7647,69,0,12,0.961,0.521,0.821,0.5,0.427,0.343,0
7648,82,0,7,0.693,0.7,0.881,0.0,0.448,-0.039,1
7649,39,0,8,0.876,0.571,0.754,0.5,0.191,-0.117,0
7650,78,1,6,0.848,0.523,0.543,0.0,-0.014,0.023,0
7651,63,1,4,0.865,0.369,0.541,1.0,-0.033,0.009,0
7652,31,1,4,0.967,0.462,0.815,0.0,0.216,0.283,0
7653,58,0,11,0.965,0.701,0.809,0.0,0.659,0.379,0
7654,41,1,11,0.836,0.466,0.786,1.0,0.486,-0.028,0
7655,35,0,3,0.754,0.712,0.567,0.5,-0.034,0.117,0
7656,74,1,5,0.86,0.607,0.708,0.0,0.267,0.21,1
7657,67,1,4,0.7,0.631,0.576,0.25,0.26,-0.021,0
7658,77,1,7,0.664,0.483,0.774,0.0,0.381,0.071,0
7659,40,0,8,0.951,0.58,0.673,1.0,0.246,0.276,0
7660,42,1,12,0.874,0.594,0.975,0.0,0.36,0.121,0
7661,77,0,5,0.653,0.645,0.842,0.0,0.228,-0.144,1
7662,33,0,8,0.704,0.507,0.513,0.0,0.253,-0.177,0
7663,82,0,9,0.872,0.544,0.83,0.25,0.347,0.172,1
7664,42,0,6,0.822,0.574,0.48,0.0,0.187,0.084,0
7665,67,0,9,0.813,0.538,0.938,0.25,0.61,0.134,0
7666,44,0,5,0.722,0.62,0.521,0.75,0.308,-0.024,0
7667,79,0,6,0.888,0.549,0.7,0.0,0.136,0.003,0
7668,42,0,4,0.803,0.506,0.451,0.5,0.275,0.301,0
7669,47,0,12,0.924,0.614,0.7,0.0,0.17,-0.004,0
7670,50,1,11,1.039,0.446,0.779,0.0,0.428,0.367,0
7671,43,1,10,1.145,0.503,0.95,0.25,0.729,0.426,0
7672,46,0,3,0.958,0.648,0.668,0.0,0.631,0.278,0
7673,33,1,11,0.998,0.571,0.525,0.0,0.199,0.386,0
7674,48,0,9,0.789,0.531,0.62,1.0,0.256,0.076,0
7675,34,1,7,1.021,0.762,1.02,0.75,0.501,0.459,1
7676,79,0,9,1.102,0.508,0.819,0.5,0.564,0.266,1
7677,76,1,12,0.854,0.566,0.96,0.0,0.556,0.014,1
7678,60,0,12,0.652,0.614,0.83,0.5,0.13,-0.35,0
7679,41,1,8,1.024,0.491,0.771,0.0,0.499,0.386,0
7680,68,0,5,0.916,0.679,0.4,0.5,-0.298,0.097,0
7681,56,0,10,0.927,0.668,0.734,0.75,0.014,0.139,0
7682,54,0,10,1.16,0.491,0.535,0.0,0.229,0.365,0
7683,44,1,5,1.003,0.485,0.341,0.5,-0.17,0.328,0
7684,60,1,7,0.808,0.516,0.635,0.25,0.239,0.259,0
7685,59,0,5,1.097,0.505,0.742,0.0,0.151,0.449,0
7686,41,0,7,0.837,0.718,0.752,0.0,0.521,0.136,0
7687,36,1,6,0.877,0.646,0.914,0.0,0.542,-0.087,0
7688,37,0,4,0.888,0.81,0.871,1.0,0.318,0.004,0
7689,59,1,12,1.051,0.53,0.875,0.5,0.239,0.25,0
7690,37,1,3,0.867,0.638,0.455,0.0,-0.156,0.167,0
7691,84,1,8,1.038,0.623,0.832,0.0,0.426,0.285,1
7692,75,0,4,0.819,0.7,0.411,1.0,-0.361,0.115,0
7693,58,0,8,0.79,0.424,0.728,0.0,0.435,0.053,0
7694,30,1,6,0.917,0.508,0.693,0.0,0.404,0.23,0
7695,41,1,6,0.909,0.493,0.553,0.0,0.332,0.114,0
7696,35,0,3,0.809,0.585,0.596,0.0,0.343,0.108,0
7697,79,1,8,0.873,0.498,0.742,1.0,0.474,0.047,0
7698,79,1,11,0.997,0.601,0.616,0.0,0.154,0.389,0
7699,76,1,4,0.679,0.607,0.891,0.0,0.641,-0.002,1
7700,54,0,4,0.793,0.622,0.532,0.0,-0.144,-0.262,0
7701,74,0,5,0.741,0.673,0.606,0.0,0.182,0.204,0
7702,64,0,4,1.022,0.555,0.374,0.0,-0.033,0.35,0
7703,30,0,10,0.793,0.567,0.609,0.5,0.157,-0.046,0
7704,35,0,8,0.998,0.672,0.895,0.25,0.138,0.298,0
7705,39,0,12,0.93,0.493,0.7,0.25,0.139,0.27,0
7706,71,1,10,0.914,0.733,0.709,0.5,0.229,0.108,0
7707,61,0,6,0.925,0.663,0.7,0.0,0.053,0.264,1
7708,78,1,3,1.084,0.652,0.492,0.0,0.003,0.349,0
7709,53,1,7,0.882,0.609,0.525,0.0,0.255,0.156,0
7710,71,0,11,0.86,0.552,0.635,0.5,-0.058,0.287,0
7711,73,1,6,0.645,0.597,0.864,0.75,0.226,-0.103,0
7712,46,1,11,0.851,0.503,0.941,0.0,0.583,-0.009,0
7713,70,0,11,0.956,0.578,0.874,0.0,0.678,0.065,0
7714,48,0,7,0.816,0.579,0.536,0.5,-0.17,-0.033,0
7715,66,0,3,0.793,0.582,0.46,0.0,0.128,0.14,0
7716,48,1,8,0.855,0.579,0.701,0.0,0.182,-0.165,0
7717,44,1,3,0.931,0.718,0.771,0.0,0.311,0.174,0
7718,34,0,7,1.013,0.422,0.698,0.0,0.069,0.327,0
7719,34,0,8,1.049,0.486,0.62,0.0,0.047,0.207,0
7720,64,1,3,0.75,0.628,0.484,0.0,-0.087,-0.084,0
7721,31,0,6,0.687,0.635,0.659,0.0,0.161,-0.133,0
7722,68,0,3,0.762,0.421,0.455,1.0,-0.136,-0.119,0
7723,76,1,3,0.778,0.621,0.816,0.25,0.48,0.19,0
7724,77,0,5,0.644,0.661,0.847,0.0,0.372,-0.131,0
7725,54,1,11,1.106,0.425,0.77,0.0,0.362,0.471,0
7726,31,1,7,1.019,0.636,1.039,0.5,0.709,0.139,0
7727,40,1,6,0.7,0.604,0.489,0.0,-0.305,0.0,0
7728,72,1,12,0.818,0.511,0.92,0.5,0.447,0.137,0
7729,34,1,8,0.924,0.527,0.987,0.5,0.351,0.224,0
7730,35,1,5,0.762,0.646,0.656,0.5,0.17,-0.026,0
7731,56,0,4,0.612,0.705,0.459,0.5,0.156,-0.301,0
7732,52,1,3,0.56,0.602,0.485,0.5,0.084,-0.1,0
7733,31,0,8,0.749,0.638,0.575,0.0,0.09,0.051,0
7734,68,0,9,0.863,0.476,0.842,0.0,0.429,0.188,0
7735,36,1,8,0.692,0.711,0.866,0.25,0.53,-0.017,0
7736,74,1,5,0.785,0.6,0.452,0.0,0.001,0.063,0
7737,65,1,7,0.917,0.656,0.762,0.0,0.336,0.151,0
7738,80,1,11,0.974,0.759,0.739,0.0,0.208,0.105,1
7739,79,0,11,1.155,0.424,1.122,0.5,0.637,0.405,0
7740,49,0,5,0.944,0.756,0.542,0.0,0.006,0.262,0
7741,36,1,5,0.861,0.603,0.95,0.0,0.429,0.161,0
7742,54,0,6,0.915,0.641,0.698,0.0,0.077,0.167,0
7743,59,1,9,1.063,0.53,0.818,0.0,0.306,0.461,0
7744,57,0,9,1.048,0.586,0.786,0.0,0.14,0.32,0
7745,50,1,9,0.867,0.518,0.633,0.5,0.198,0.072,1
7746,51,0,3,0.86,0.561,0.923,0.0,0.48,0.078,0
7747,41,1,4,0.987,0.532,0.713,0.75,0.112,0.205,0
7748,45,1,6,0.884,0.537,0.538,0.25,-0.162,0.313,0
7749,37,1,11,1.013,0.56,0.897,1.0,0.492,-0.038,0
7750,65,1,3,0.702,0.586,0.681,0.0,0.125,0.009,0
7751,57,1,7,0.831,0.617,0.776,0.0,0.302,0.145,0
7752,72,1,4,0.791,0.618,0.669,0.0,0.057,-0.032,0
7753,59,1,5,0.936,0.587,0.706,0.0,0.198,0.279,0
7754,44,0,7,0.755,0.674,0.515,0.0,-0.145,-0.128,0
7755,62,0,8,0.927,0.517,0.812,0.0,0.185,0.003,0
7756,37,1,11,1.192,0.633,0.766,0.25,0.272,0.233,0
7757,52,1,10,0.978,0.705,0.918,0.0,0.217,0.25,0
7758,33,1,11,0.911,0.6,0.875,0.25,0.426,0.206,1
7759,42,1,10,0.846,0.442,0.829,0.0,0.123,0.212,1
7760,48,0,7,0.7,0.534,0.674,0.0,0.417,0.025,0
7761,40,1,6,0.67,0.459,0.34,0.0,-0.076,-0.053,0
7762,39,0,9,1.051,0.469,0.828,0.75,0.537,0.45,0
7763,59,1,10,0.816,0.466,0.736,0.0,0.306,-0.065,0
7764,67,0,10,1.017,0.643,0.616,0.25,0.216,0.189,0
7765,56,1,7,0.681,0.619,0.421,0.0,-0.223,-0.087,0
7766,38,0,7,0.959,0.63,0.813,0.25,0.221,0.134,0
7767,47,0,11,1.191,0.524,0.958,0.0,0.557,0.458,0
7768,43,0,11,1.071,0.455,0.745,0.75,0.419,0.257,0
7769,53,1,11,0.944,0.456,0.738,1.0,0.188,0.356,0
7770,38,0,12,0.943,0.626,1.023,0.0,0.668,0.261,0
7771,59,0,11,1.123,0.497,0.7,0.5,0.494,0.176,1
7772,56,1,3,0.797,0.646,0.497,0.25,0.053,0.065,0
7773,51,0,8,0.846,0.564,0.883,1.0,0.566,-0.096,0
7774,54,1,4,0.821,0.658,0.474,0.25,-0.118,0.211,0
7775,59,1,3,0.63,0.557,0.885,0.0,0.333,0.298,0
7776,46,1,8,0.885,0.538,0.742,0.0,0.492,0.155,0
7777,61,1,4,0.684,0.659,0.641,0.0,0.259,-0.177,0
7778,73,1,5,0.781,0.665,0.871,0.0,0.192,-0.118,0
7779,41,1,5,0.741,0.515,0.796,0.75,0.297,-0.003,0
7780,42,1,12,1.165,0.512,0.802,0.0,0.064,0.57,1
7781,38,1,4,0.712,0.542,0.73,0.0,0.106,0.09,1
7782,43,1,8,0.827,0.501,0.703,0.0,0.248,-0.086,1
7783,56,1,4,0.807,0.511,0.772,0.75,0.68,0.12,0
7784,41,1,12,0.847,0.662,0.772,0.5,0.072,0.021,0
7785,32,1,4,0.796,0.577,0.564,0.5,0.247,0.177,0
7786,34,0,5,0.848,0.726,0.69,0.0,0.342,0.237,0
7787,74,0,8,0.729,0.528,0.661,0.5,0.436,0.029,0
7788,42,1,8,0.733,0.538,1.035,1.0,0.629,-0.14,1
7789,35,1,3,0.907,0.621,0.487,0.0,-0.041,0.05,0
7790,80,0,4,0.663,0.558,0.563,0.0,0.161,-0.111,0
7791,53,1,10,1.178,0.635,0.961,0.0,0.47,0.449,0
7792,48,0,7,0.847,0.495,0.868,0.0,0.46,0.133,1
7793,61,0,3,0.837,0.575,0.556,1.0,0.347,0.081,0
7794,75,1,10,1.138,0.532,0.762,1.0,0.282,0.31,1
7795,79,1,8,1.16,0.644,1.04,1.0,0.57,0.337,1
7796,34,1,6,0.934,0.497,0.463,0.0,0.266,0.291,0
7797,79,1,12,0.965,0.641,0.908,0.25,0.347,0.325,0
7798,42,1,10,0.879,0.568,0.83,0.25,0.388,-0.038,0
7799,56,0,5,0.905,0.503,0.753,0.0,0.38,0.287,1
7800,78,1,6,0.84,0.612,0.796,0.0,0.329,-0.003,1
7801,51,0,7,0.748,0.583,0.93,0.0,0.367,-0.332,0
7802,61,0,9,0.856,0.575,0.719,0.75,0.33,0.003,0
7803,73,1,5,0.959,0.749,0.827,0.5,0.662,0.384,0
7804,81,0,9,0.912,0.7,0.869,0.0,0.286,0.146,1
7805,50,0,7,0.904,0.496,0.379,0.5,-0.077,0.123,0
7806,43,0,4,0.898,0.58,0.673,0.0,0.022,-0.06,0
7807,78,1,5,0.67,0.494,0.933,0.0,0.279,-0.113,1
7808,34,0,10,0.758,0.5,0.671,0.25,0.104,-0.186,0
7809,45,1,10,0.741,0.514,0.736,0.0,0.14,0.131,0
7810,56,1,4,0.659,0.652,0.62,0.5,0.176,-0.041,0
7811,36,1,10,0.869,0.535,1.051,1.0,0.611,0.182,0
7812,43,1,10,0.888,0.637,0.899,1.0,0.504,0.103,0
7813,35,1,4,0.763,0.561,0.74,0.0,0.468,-0.048,0
7814,55,1,12,0.9,0.605,0.59,0.25,0.236,-0.038,0
7815,47,1,4,0.736,0.615,0.783,0.75,0.369,0.15,0
7816,69,0,7,0.896,0.583,0.629,0.0,0.063,0.092,0
7817,77,0,8,0.722,0.596,0.383,0.75,0.16,0.067,0
7818,73,0,5,0.814,0.547,0.667,0.0,0.205,0.133,0
7819,50,0,6,0.652,0.633,0.414,0.0,-0.071,0.07,0
7820,79,1,11,1.088,0.613,1.03,0.0,0.673,0.442,1
7821,83,0,8,0.87,0.495,0.772,0.0,0.283,0.009,1
7822,69,0,11,0.813,0.502,0.784,0.0,0.568,-0.085,0
7823,62,1,5,0.823,0.628,0.565,0.0,-0.087,0.115,0
7824,46,1,4,0.864,0.574,0.404,0.5,0.014,0.109,0
7825,44,0,3,0.837,0.672,0.714,0.0,0.03,-0.257,0
7826,74,0,8,1.063,0.469,0.789,0.25,0.089,0.462,0
7827,40,0,6,0.899,0.592,0.799,0.0,0.481,0.07,0
7828,66,1,4,0.857,0.653,0.633,0.5,0.271,0.034,0
7829,45,1,3,0.629,0.639,0.407,0.0,0.046,-0.131,0
7830,60,0,4,0.635,0.647,0.634,0.0,0.193,0.004,0
7831,76,0,11,0.923,0.519,0.948,0.0,0.206,0.177,1
7832,39,0,5,0.887,0.667,0.59,0.0,0.142,0.131,0
7833,83,0,4,0.808,0.7,0.391,0.0,0.158,0.189,0
7834,41,0,6,1.196,0.617,0.716,0.0,0.326,0.674,0
7835,84,0,12,1.184,0.542,0.985,0.0,0.297,0.241,0
7836,31,1,3,0.806,0.404,0.203,0.75,0.094,0.147,0
7837,72,0,12,1.069,0.567,0.7,0.25,-0.0,0.255,0
7838,54,1,8,0.768,0.538,0.929,0.0,0.287,0.309,0
7839,57,0,9,0.816,0.45,0.874,0.0,0.434,-0.157,0
7840,84,0,10,1.054,0.574,0.709,0.0,0.401,0.382,0
7841,49,0,11,1.164,0.604,0.88,0.5,0.25,0.463,0
7842,44,0,10,0.854,0.644,0.998,0.5,0.312,0.265,0
7843,79,1,11,0.7,0.483,1.197,0.0,0.658,-0.166,0
7844,66,1,3,0.778,0.759,0.454,0.5,-0.025,-0.185,0
7845,84,0,6,0.868,0.561,0.642,0.5,0.2,-0.002,0
7846,67,1,11,0.972,0.413,0.745,0.0,0.094,0.277,0
7847,30,0,11,1.353,0.513,0.79,0.25,0.208,0.621,1
7848,78,0,10,0.97,0.478,0.74,0.0,0.28,0.179,0
7849,30,0,9,1.04,0.436,0.931,0.75,0.494,0.267,0
7850,58,0,12,0.991,0.63,0.973,0.25,0.275,0.209,0
7851,43,1,8,0.942,0.7,0.852,0.25,0.444,0.235,0
7852,78,1,11,0.929,0.61,0.939,0.0,0.56,0.206,0
7853,42,0,7,0.777,0.533,0.705,0.25,0.156,0.173,0
7854,82,0,9,0.999,0.543,0.85,0.75,0.649,0.23,0
7855,37,0,4,0.831,0.688,0.498,0.25,-0.121,0.258,0
7856,70,0,12,1.153,0.564,0.853,0.0,0.408,0.453,0
7857,40,1,7,0.784,0.525,1.052,0.0,0.508,0.084,0
7858,80,0,9,0.838,0.602,0.528,1.0,-0.056,0.055,0
7859,73,0,6,0.785,0.678,0.585,0.25,0.026,-0.044,0
7860,41,0,3,0.817,0.745,0.721,0.25,0.209,0.276,1
7861,34,1,6,1.002,0.534,0.642,0.25,-0.058,0.203,0
7862,77,1,10,0.915,0.528,0.879,1.0,0.422,0.028,1
7863,46,0,12,1.078,0.55,0.917,1.0,0.652,0.2,1
7864,79,1,8,0.81,0.419,0.473,0.0,0.24,0.085,0
7865,54,1,9,0.653,0.513,0.746,0.0,0.12,-0.162,0
7866,57,1,4,0.721,0.627,0.719,0.5,0.262,-0.159,1
7867,44,1,5,0.664,0.568,0.334,0.0,-0.334,0.106,0
7868,31,1,11,0.881,0.42,0.617,0.75,-0.203,0.268,0
7869,53,1,10,1.077,0.589,0.922,0.25,0.588,0.285,0
7870,48,0,4,0.717,0.635,0.624,0.25,0.178,0.081,0
7871,39,0,5,0.916,0.793,0.622,0.5,-0.078,0.189,0
7872,42,1,12,1.096,0.442,0.9,0.75,0.492,0.356,1
7873,61,1,7,0.848,0.595,0.654,1.0,0.096,0.19,1
7874,70,0,10,1.021,0.446,0.872,1.0,0.618,0.358,0
7875,77,0,4,0.989,0.691,0.64,0.0,0.022,0.323,0
7876,57,0,6,0.834,0.614,0.807,0.0,0.493,0.109,0
7877,47,0,5,0.809,0.61,0.718,0.0,0.114,0.124,0
7878,75,1,5,0.868,0.549,0.456,0.25,0.238,0.297,0
7879,43,1,10,0.973,0.638,1.128,0.0,0.688,0.105,0
7880,69,0,11,0.836,0.6,0.95,0.0,0.402,0.093,0
7881,40,1,4,0.868,0.666,0.707,0.5,0.372,0.029,1
7882,74,1,7,0.815,0.663,0.492,0.75,-0.208,-0.023,0
7883,77,1,6,0.984,0.648,0.586,0.0,-0.154,0.431,0
7884,77,1,3,0.56,0.607,0.813,0.5,0.326,-0.158,1
7885,34,1,3,0.731,0.55,0.483,0.25,-0.115,0.031,0
7886,55,0,7,0.84,0.611,0.567,0.5,-0.016,0.137,0
7887,73,0,5,0.978,0.603,0.357,0.5,-0.369,0.135,0
7888,70,0,8,0.957,0.57,0.816,0.0,0.274,0.156,0
7889,39,0,10,0.971,0.485,0.88,0.25,0.496,0.396,0
7890,83,1,8,0.87,0.579,0.71,0.5,0.237,-0.151,0
7891,83,0,9,1.086,0.517,0.72,0.0,0.452,0.35,0
7892,51,0,10,1.122,0.547,0.841,0.5,0.479,0.321,0
7893,84,1,11,1.061,0.584,0.665,0.25,-0.177,0.234,0
7894,62,0,9,0.97,0.576,0.676,0.25,0.454,0.034,0
7895,33,1,10,0.929,0.652,0.716,0.25,-0.123,0.023,0
7896,84,0,3,0.803,0.621,0.346,0.0,0.027,0.124,0
7897,77,1,6,0.894,0.666,0.687,0.5,0.366,0.265,0
7898,56,0,6,0.847,0.553,0.676,0.0,0.07,0.263,0
7899,62,1,8,0.815,0.609,0.711,0.25,0.177,0.257,0
7900,49,0,5,0.958,0.579,0.568,0.75,-0.094,0.275,0
7901,58,1,7,0.949,0.562,0.535,0.0,-0.073,0.309,0
7902,38,0,11,0.938,0.731,0.938,0.0,0.788,0.193,0
7903,38,1,9,0.808,0.601,1.0,0.0,0.458,0.191,0
7904,62,0,10,0.903,0.663,0.808,0.0,0.57,0.18,1
7905,54,1,7,0.783,0.7,0.773,0.0,0.09,0.162,0
7906,60,0,12,0.99,0.514,0.7,1.0,0.321,0.279,1
7907,53,0,3,0.601,0.586,0.566,0.0,0.046,-0.298,0
7908,36,0,8,0.746,0.532,0.7,0.0,0.0,-0.008,0
7909,76,0,4,0.801,0.562,0.574,0.25,-0.028,0.153,0
7910,52,0,3,0.794,0.575,0.48,0.0,0.108,0.167,0
7911,32,1,4,0.953,0.577,0.888,0.0,0.348,0.311,0
7912,51,1,4,0.888,0.459,0.295,0.0,-0.286,0.145,0
7913,76,0,11,0.783,0.559,0.813,0.0,0.498,0.024,1
7914,69,1,11,0.901,0.703,1.014,0.25,0.607,0.055,1
7915,62,1,4,0.881,0.675,0.679,0.0,0.299,0.181,0
7916,75,1,6,0.76,0.637,0.76,0.0,0.163,0.062,0
7917,79,1,6,0.643,0.63,0.721,0.0,0.277,-0.384,1
7918,65,0,9,0.995,0.574,0.9,0.0,0.41,0.262,1
7919,53,1,9,1.151,0.486,1.171,0.0,0.771,0.501,0
7920,53,1,8,0.806,0.536,0.761,0.75,0.301,0.148,0
7921,44,1,7,0.913,0.493,0.685,0.75,0.342,0.088,0
7922,32,1,5,0.949,0.665,0.401,0.0,-0.299,0.231,0
7923,76,1,6,0.936,0.691,0.506,0.75,-0.039,0.177,0
7924,45,0,12,1.032,0.425,0.905,0.25,0.514,0.329,0
7925,67,0,4,0.957,0.593,0.597,0.75,0.196,0.194,0
7926,60,1,8,0.956,0.669,0.959,0.0,0.325,0.075,0
7927,80,1,4,0.716,0.735,0.472,0.0,-0.025,-0.034,0
7928,35,1,4,0.71,0.5,0.151,0.0,-0.096,-0.294,0
7929,76,0,5,0.812,0.592,0.7,0.75,0.4,-0.046,1
7930,84,1,4,0.92,0.581,0.816,1.0,0.318,-0.003,1
7931,69,1,7,0.753,0.528,0.766,0.0,0.085,0.155,0
7932,78,0,7,0.969,0.525,0.786,1.0,0.535,0.064,1
7933,42,1,8,0.784,0.632,0.78,0.0,0.569,0.102,0
7934,61,0,4,0.898,0.669,0.37,0.0,0.111,0.052,0
7935,69,0,10,0.839,0.476,0.769,0.5,0.148,0.392,0
7936,57,1,6,0.913,0.704,0.785,0.0,0.363,0.213,1
7937,48,0,11,0.835,0.61,0.929,0.75,0.438,0.112,0
7938,35,0,9,1.125,0.531,1.011,0.5,0.228,0.397,0
7939,30,1,3,0.826,0.633,0.7,0.0,0.285,0.197,0
7940,36,1,10,0.925,0.457,0.7,0.0,0.531,0.175,1
7941,63,1,10,1.083,0.424,0.868,0.0,0.081,0.298,1
7942,76,1,10,0.853,0.51,1.178,0.0,0.781,0.294,1
7943,62,0,4,0.893,0.592,0.823,0.75,0.377,0.358,0
7944,51,1,10,0.95,0.516,0.912,0.0,0.212,0.397,1
7945,48,1,3,0.88,0.525,0.361,0.0,-0.016,0.157,0
7946,72,1,12,0.9,0.638,1.108,0.0,0.504,-0.094,0
7947,60,1,4,0.871,0.688,0.864,0.25,0.477,0.208,1
7948,69,1,8,0.788,0.584,0.824,0.0,0.404,-0.272,0
7949,78,1,9,0.747,0.353,0.628,0.0,-0.002,0.008,0
7950,83,0,11,0.674,0.575,0.758,0.0,0.308,-0.026,1
7951,48,1,12,1.026,0.617,1.259,0.25,0.658,0.379,0
7952,73,1,12,1.004,0.534,0.599,0.75,0.354,0.294,0
7953,36,0,12,1.02,0.59,0.903,0.0,0.453,0.198,0
7954,34,0,7,0.757,0.495,0.516,0.0,0.046,-0.022,0
7955,84,1,11,1.028,0.555,0.776,0.0,0.163,0.222,1
7956,84,0,5,0.492,0.519,0.844,0.25,0.423,-0.269,0
7957,67,1,6,0.924,0.7,0.592,0.0,0.019,-0.057,0
7958,58,0,6,0.884,0.534,0.552,1.0,-0.092,0.046,0
7959,72,0,12,0.916,0.469,0.645,0.25,0.629,0.268,0
7960,61,1,4,0.9,0.61,0.733,0.25,0.45,0.102,0
7961,69,0,11,0.948,0.692,0.937,1.0,0.498,0.303,0
7962,72,1,7,0.714,0.532,0.537,0.0,0.315,-0.077,0
7963,31,1,10,0.997,0.585,0.726,0.0,0.023,0.083,1
7964,31,1,5,0.922,0.676,0.635,0.25,0.093,0.084,0
7965,44,1,7,0.673,0.483,0.663,0.0,0.171,-0.293,0
7966,68,0,5,0.769,0.672,0.75,0.5,-0.095,0.082,0
7967,60,1,9,0.808,0.541,1.13,0.0,0.719,0.193,1
7968,74,1,5,0.921,0.72,0.836,0.0,0.275,0.034,0
7969,39,1,10,0.974,0.758,0.838,0.25,0.239,0.29,0
7970,74,0,6,0.935,0.53,0.585,1.0,0.231,-0.021,0
7971,62,0,9,1.041,0.561,0.506,0.75,0.096,0.258,0
7972,76,1,4,0.969,0.578,0.552,0.0,0.1,0.268,1
7973,50,1,4,0.735,0.605,0.547,1.0,-0.029,-0.045,0
7974,49,0,12,0.951,0.345,0.987,0.75,0.71,0.256,0
7975,35,0,7,0.781,0.542,0.91,0.0,0.516,-0.021,0
7976,69,1,7,0.927,0.51,0.824,0.25,0.162,0.253,0
7977,40,0,6,0.868,0.653,0.224,0.0,-0.358,0.112,0
7978,44,1,11,0.669,0.503,0.757,0.0,0.139,-0.041,0
7979,72,1,9,1.025,0.549,0.521,0.0,0.274,0.259,0
7980,82,0,6,0.84,0.599,0.658,0.75,0.233,0.161,1
7981,78,0,12,1.154,0.656,0.875,0.0,0.323,0.403,0
7982,75,0,12,1.051,0.539,0.757,0.0,-0.019,0.232,0
7983,69,1,3,1.037,0.512,0.496,0.5,-0.071,0.488,0
7984,59,1,10,0.838,0.59,0.828,0.0,0.17,0.28,0
7985,33,0,6,0.895,0.479,0.664,0.75,-0.005,0.092,0
7986,47,0,8,0.633,0.566,0.628,0.0,0.403,-0.067,0
7987,64,1,11,0.957,0.584,1.021,0.25,0.548,0.141,0
7988,80,0,12,1.101,0.43,0.735,0.25,-0.141,0.206,0
7989,73,1,11,0.886,0.417,1.102,0.5,0.404,0.232,0
7990,46,0,12,0.782,0.518,0.772,0.75,0.371,0.07,0
7991,56,0,8,0.928,0.528,0.683,0.0,0.097,0.047,0
7992,65,1,9,0.832,0.598,0.726,0.25,0.569,0.038,0
7993,43,0,6,0.96,0.584,0.672,0.0,0.311,0.06,0
7994,38,1,11,0.7,0.531,0.791,0.75,0.587,-0.139,0
7995,43,1,6,0.86,0.517,0.757,0.0,0.205,0.16,0
7996,48,1,4,0.982,0.634,0.786,0.0,0.093,0.088,1
7997,50,1,11,1.072,0.581,0.706,0.0,0.091,0.538,0
7998,76,1,7,0.797,0.568,0.729,0.0,0.312,0.119,0
7999,37,1,5,0.809,0.547,0.7,0.5,0.331,0.114,0
8000,50,1,5,0.792,0.574,0.616,0.0,0.066,0.055,0
8001,80,0,12,0.855,0.628,1.077,0.5,0.48,0.186,0
8002,35,1,4,0.697,0.601,0.737,0.0,0.363,0.005,0
8003,33,0,11,1.02,0.435,0.861,0.0,0.131,0.17,0
8004,67,0,12,1.102,0.571,0.925,1.0,0.658,0.419,0
8005,71,1,6,0.87,0.657,0.558,0.0,0.164,-0.047,0
8006,62,1,3,0.765,0.572,0.607,0.0,0.313,-0.047,0
8007,60,0,12,1.067,0.457,0.872,0.0,0.365,0.249,0
8008,76,1,10,0.839,0.454,0.783,0.5,0.457,0.193,0
8009,58,0,10,0.914,0.458,0.867,0.0,0.519,0.108,1
8010,35,0,12,0.994,0.513,1.057,0.75,0.684,0.0,0
8011,36,1,4,0.964,0.519,1.044,0.0,0.551,0.207,0
8012,44,0,4,0.75,0.381,0.554,0.5,-0.279,-0.015,0
8013,64,0,11,0.982,0.719,0.951,0.75,0.61,0.412,0
8014,31,0,11,0.977,0.645,0.974,0.0,0.365,0.08,1
8015,73,1,10,1.014,0.581,0.775,0.0,0.255,0.314,1
8016,65,1,7,0.986,0.607,0.777,0.0,0.313,0.271,0
8017,58,0,8,0.933,0.524,0.756,0.0,0.36,0.049,0
8018,44,1,12,0.925,0.517,0.65,0.5,0.266,0.212,1
8019,51,0,4,0.892,0.659,0.609,0.0,0.255,0.089,0
8020,65,0,11,0.951,0.538,1.068,0.0,0.521,0.106,0
8021,34,0,10,0.839,0.593,1.051,0.0,0.57,0.165,0
8022,84,0,10,1.065,0.51,0.536,0.0,0.211,0.339,0
8023,84,1,7,0.824,0.58,0.553,0.0,0.133,0.222,1
8024,60,0,10,0.877,0.691,0.841,0.25,0.6,0.008,0
8025,58,1,8,0.808,0.469,0.851,0.0,0.526,0.146,1
8026,74,1,3,0.796,0.659,0.665,0.0,0.18,0.01,1
8027,71,0,3,0.704,0.545,0.573,0.0,-0.096,-0.085,0
8028,61,1,4,0.988,0.575,0.802,0.5,0.368,0.258,0
8029,32,0,11,1.078,0.524,0.962,0.0,0.64,0.401,0
8030,40,0,4,0.715,0.743,0.54,0.5,-0.27,0.011,0
8031,55,0,6,0.906,0.631,0.504,0.0,-0.146,0.175,0
8032,83,0,3,0.863,0.67,0.563,1.0,0.418,-0.002,0
8033,30,1,6,0.7,0.552,0.638,0.0,0.41,0.014,0
8034,52,0,11,1.067,0.508,1.057,0.5,0.811,0.446,1
8035,81,1,9,0.891,0.7,0.858,0.0,0.158,-0.016,1
8036,40,0,12,0.857,0.565,0.964,0.0,0.462,0.118,0
8037,71,0,5,0.801,0.676,0.602,0.0,0.305,0.01,0
8038,42,0,8,0.911,0.469,0.825,0.0,0.398,0.3,0
8039,44,1,9,1.055,0.7,0.81,0.75,0.197,0.198,0
8040,34,1,12,1.09,0.57,0.839,0.5,0.244,0.458,0
8041,67,0,9,0.874,0.55,0.974,0.0,0.471,0.314,0
8042,42,1,9,0.804,0.526,0.736,0.75,0.266,0.104,0
8043,54,0,8,0.974,0.607,0.724,0.5,0.207,0.308,0
8044,41,0,11,0.975,0.641,0.828,1.0,0.432,0.286,0
8045,44,0,9,0.881,0.589,0.474,0.5,-0.078,-0.213,0
8046,61,1,11,1.094,0.554,0.932,0.25,0.649,0.551,0
8047,33,1,3,0.819,0.58,0.338,0.0,-0.015,0.033,0
8048,76,1,8,0.834,0.644,0.423,0.0,-0.041,0.057,0
8049,59,1,8,0.817,0.583,0.726,0.0,0.312,0.03,0
8050,41,1,9,0.994,0.549,0.786,0.0,0.435,0.393,1
8051,70,1,6,0.872,0.625,0.145,0.0,-0.246,0.203,0
8052,57,1,9,1.165,0.607,1.026,0.0,0.489,0.511,0
8053,79,1,5,0.884,0.658,0.627,0.25,0.463,0.029,0
8054,75,0,11,1.013,0.476,0.607,0.0,0.227,0.134,0
8055,76,1,8,0.83,0.579,0.806,0.0,0.279,-0.036,0
8056,81,1,7,0.985,0.472,0.875,0.0,0.72,0.258,0
8057,42,1,9,0.82,0.501,0.895,0.25,0.289,0.189,1
8058,38,0,8,1.002,0.637,0.691,0.5,0.239,0.268,0
8059,47,0,7,0.84,0.58,0.624,0.0,0.183,0.072,0
8060,72,0,7,0.975,0.652,0.751,0.25,0.371,0.295,1
8061,57,1,7,0.721,0.592,0.768,0.0,0.068,-0.246,0
8062,37,1,7,0.778,0.612,0.742,1.0,0.098,-0.125,0
8063,45,0,8,0.972,0.566,0.503,0.0,0.073,0.293,0
8064,50,0,11,1.08,0.67,1.127,0.0,0.647,0.353,0
8065,84,1,8,0.774,0.544,0.868,0.0,0.79,0.002,0
8066,30,0,7,0.909,0.513,0.604,0.0,0.204,0.046,0
8067,61,0,5,0.996,0.639,0.592,0.0,0.245,0.399,0
8068,50,1,8,0.878,0.606,0.627,0.0,0.084,0.162,0
8069,55,1,3,0.888,0.664,0.592,1.0,0.251,0.188,0
8070,58,1,7,0.787,0.469,0.879,0.5,0.65,-0.105,0
8071,75,1,12,1.037,0.474,0.941,0.0,0.528,0.016,1
8072,65,0,3,0.678,0.664,0.533,0.0,-0.062,-0.141,0
8073,39,1,3,0.768,0.579,0.465,0.0,-0.034,-0.065,0
8074,46,1,7,1.092,0.507,0.811,0.0,0.16,0.309,0
8075,59,1,5,0.939,0.434,0.452,0.75,-0.152,0.045,0
8076,42,1,12,0.86,0.445,1.075,0.25,0.526,0.036,1
8077,36,1,12,0.974,0.508,0.736,0.25,0.036,0.17,1
8078,39,0,10,1.121,0.617,0.906,0.0,0.308,0.301,0
8079,75,0,7,0.806,0.61,0.7,0.0,0.143,-0.016,0
8080,64,1,6,0.858,0.621,0.741,0.0,0.202,0.14,0
8081,49,1,7,1.021,0.643,0.676,0.0,0.129,0.489,0
8082,74,1,11,0.921,0.46,0.773,0.5,0.232,0.27,0
8083,38,0,12,0.928,0.644,0.777,0.5,0.258,0.318,0
8084,84,1,4,0.985,0.633,0.683,0.0,0.222,0.27,1
8085,38,1,10,1.03,0.678,0.896,0.0,0.289,0.183,0
8086,45,0,4,0.968,0.651,0.342,0.0,-0.119,0.195,0
8087,75,0,9,1.15,0.607,1.104,0.0,0.455,0.507,0
8088,67,1,5,0.806,0.7,0.725,0.0,0.327,-0.095,1
8089,53,1,7,0.83,0.605,0.682,0.0,-0.047,0.095,0
8090,60,1,10,0.822,0.611,0.567,0.5,0.17,0.155,0
8091,78,0,5,0.967,0.75,0.73,0.0,0.196,0.249,1
8092,54,1,7,0.909,0.447,0.6,0.0,0.291,0.105,0
8093,61,1,5,0.881,0.492,0.517,0.25,0.346,0.287,0
8094,38,1,11,1.055,0.453,1.087,0.5,0.725,0.343,0
8095,60,0,5,0.672,0.498,0.614,0.75,0.087,-0.182,0
8096,51,1,5,0.865,0.468,0.53,0.0,0.199,0.024,0
8097,73,1,6,0.771,0.629,0.456,0.0,-0.155,-0.292,1
8098,73,0,6,0.796,0.7,0.723,0.5,0.211,-0.032,0
8099,31,0,3,0.728,0.67,0.618,0.75,0.113,0.025,0
8100,71,1,10,1.016,0.625,0.968,1.0,0.531,0.328,0
8101,82,0,8,0.958,0.625,0.815,0.0,0.299,0.175,1
8102,31,0,10,0.931,0.651,0.856,1.0,0.173,-0.016,0
8103,36,0,10,0.974,0.586,0.83,0.5,0.464,0.231,0
8104,83,1,12,0.87,0.63,0.538,0.25,0.201,0.073,0
8105,55,1,10,1.019,0.624,0.867,0.75,0.198,0.22,0
8106,64,1,9,0.856,0.614,0.997,0.5,0.596,0.041,0
8107,84,1,7,0.941,0.617,0.92,0.75,0.394,0.041,1
8108,77,0,11,0.9,0.476,0.89,1.0,0.473,0.137,0
8109,76,0,8,1.161,0.559,0.815,1.0,0.781,0.467,1
8110,64,1,3,0.836,0.503,0.72,0.0,0.232,-0.141,0
8111,40,0,8,0.832,0.484,0.795,0.0,0.234,-0.001,0
8112,39,1,3,0.691,0.499,0.566,0.0,0.407,-0.082,0
8113,83,1,8,0.66,0.607,1.044,0.0,0.587,-0.004,1
8114,43,1,4,0.534,0.543,0.776,0.75,0.208,0.056,1
8115,68,1,8,0.637,0.638,0.777,0.0,0.387,0.044,0
8116,31,1,11,0.855,0.42,1.006,0.0,0.498,0.028,0
8117,38,1,10,1.025,0.506,0.929,0.0,0.423,0.328,0
8118,50,1,10,0.925,0.559,0.756,0.0,0.053,0.014,1
8119,57,0,9,0.746,0.654,1.016,0.0,0.431,-0.15,0
8120,39,0,5,0.785,0.68,0.443,0.0,-0.22,0.129,0
8121,58,0,11,0.913,0.611,0.934,0.5,0.162,0.428,0
8122,30,0,11,0.7,0.572,0.721,0.5,0.498,-0.083,0
8123,78,1,6,0.919,0.571,0.593,0.0,0.179,0.248,0
8124,77,1,11,1.027,0.498,1.04,0.0,0.34,0.154,0
8125,44,1,9,0.99,0.467,0.884,0.0,0.312,0.098,0
8126,54,0,11,0.888,0.599,0.916,0.0,0.533,0.089,0
8127,53,1,12,0.99,0.506,0.793,0.75,-0.007,0.193,0
8128,44,0,10,0.878,0.566,0.639,0.0,-0.061,0.108,0
8129,39,0,4,0.716,0.674,0.719,0.25,0.325,-0.044,1
8130,58,0,8,0.811,0.461,0.788,0.0,0.532,0.097,1
8131,66,1,12,1.059,0.459,0.775,0.25,0.359,0.239,0
8132,76,0,8,1.143,0.598,0.767,1.0,0.313,0.464,1
8133,33,1,4,0.491,0.412,0.941,0.0,0.63,-0.049,0
8134,51,0,7,0.879,0.571,0.794,0.0,0.215,0.069,1
8135,44,0,5,0.986,0.56,0.48,0.0,-0.023,0.18,0
8136,62,1,9,0.85,0.579,0.607,0.25,0.036,0.048,0
8137,61,1,4,0.76,0.707,0.507,0.0,-0.074,0.062,0
8138,52,1,3,0.841,0.611,0.59,0.0,0.178,0.24,0
8139,34,0,4,0.704,0.649,0.7,0.0,0.48,-0.208,0
8140,48,0,6,0.644,0.545,0.775,0.25,0.53,0.027,0
8141,57,0,7,0.651,0.625,0.508,0.0,0.019,-0.225,0
8142,50,1,3,0.85,0.691,0.631,0.75,-0.03,0.152,0
8143,44,0,12,1.098,0.657,0.64,0.75,0.266,0.455,0
8144,49,0,11,0.919,0.686,0.692,0.0,0.072,0.172,1
8145,54,0,5,0.757,0.679,0.78,0.0,0.375,0.015,0
8146,63,0,9,0.911,0.554,0.838,0.75,0.535,0.146,0
8147,83,0,9,1.009,0.565,0.7,0.0,0.222,0.342,1
8148,66,0,11,0.954,0.558,0.597,0.0,0.032,0.166,0
8149,65,1,7,0.642,0.539,0.798,0.0,0.589,-0.074,0
8150,71,0,11,0.915,0.51,0.933,0.0,0.369,0.035,0
8151,79,1,4,0.842,0.596,0.469,0.0,0.196,0.172,0
8152,78,1,12,0.95,0.52,1.026,0.5,0.241,0.11,1
8153,53,1,12,1.122,0.535,0.7,0.5,0.0,0.296,0
8154,62,0,4,0.82,0.622,0.423,0.75,-0.092,-0.081,0
8155,66,0,9,1.005,0.671,0.837,0.0,0.354,0.417,1
8156,79,1,8,0.849,0.442,0.863,0.0,0.416,0.115,0
8157,68,1,6,0.861,0.538,0.621,0.25,0.306,-0.104,0
8158,79,0,3,0.706,0.476,0.749,0.0,-0.002,0.088,0
8159,47,0,8,0.971,0.632,1.021,0.25,0.585,0.268,0
8160,75,1,3,0.872,0.582,0.569,0.5,0.03,0.134,0
8161,40,0,4,0.534,0.689,0.629,0.25,-0.12,-0.456,0
8162,63,0,10,0.99,0.447,0.773,0.0,0.158,0.228,0
8163,84,1,7,0.845,0.611,0.632,0.0,0.309,-0.023,0
8164,57,1,9,1.003,0.453,0.393,0.75,-0.154,0.428,0
8165,52,1,9,0.788,0.566,0.87,1.0,0.401,0.005,0
8166,39,0,5,0.697,0.56,0.993,0.25,0.473,-0.034,0
8167,59,1,3,0.444,0.728,0.673,0.0,0.319,-0.164,0
8168,38,0,9,0.601,0.567,0.7,0.5,0.053,-0.313,0
8169,64,1,6,0.939,0.54,0.602,0.0,-0.042,0.118,0
8170,74,0,10,0.978,0.606,0.602,0.25,0.101,0.234,0
8171,69,0,4,0.683,0.68,0.625,0.0,0.289,-0.114,0
8172,83,0,12,0.7,0.567,0.805,0.75,0.397,-0.057,0
8173,41,1,12,1.065,0.568,0.873,0.75,0.249,0.531,1
8174,69,0,12,0.99,0.477,1.187,0.0,1.041,0.203,0
8175,73,0,8,0.881,0.547,0.685,1.0,0.209,0.087,0
8176,34,1,5,1.033,0.679,0.557,0.5,-0.121,0.346,0
8177,58,0,6,0.874,0.623,0.883,0.0,0.514,-0.001,0
8178,83,0,6,0.833,0.698,0.79,0.0,0.318,0.242,0
8179,47,0,8,1.107,0.586,0.941,0.75,0.227,0.53,0
8180,43,0,4,0.816,0.7,0.753,0.0,0.687,-0.064,0
8181,32,1,5,0.932,0.576,0.396,0.0,-0.193,0.4,0
8182,59,0,7,0.946,0.522,0.5,0.5,-0.179,0.254,0
8183,77,0,10,0.709,0.621,0.849,0.0,0.643,-0.14,0
8184,64,0,5,0.752,0.644,0.7,0.0,0.157,-0.029,0
8185,61,0,6,1.075,0.378,0.581,0.5,0.15,0.445,0
8186,63,0,4,0.569,0.685,0.626,0.0,-0.05,-0.238,0
8187,61,1,4,0.969,0.611,0.431,0.0,-0.074,-0.081,0
8188,58,1,12,1.047,0.551,0.7,0.5,0.386,0.486,1
8189,59,1,10,0.866,0.525,0.92,0.0,0.523,0.226,0
8190,44,1,9,1.04,0.515,0.911,0.0,0.416,0.338,0
8191,53,1,4,0.672,0.618,0.757,0.5,0.392,-0.213,0
8192,53,0,12,0.748,0.544,1.075,0.0,0.588,-0.143,0
8193,60,1,3,1.026,0.662,0.347,0.25,-0.219,0.354,0
8194,37,0,5,0.72,0.743,0.7,0.0,0.192,0.073,0
8195,42,1,11,0.803,0.663,0.883,0.0,0.444,-0.061,0
8196,52,1,7,0.848,0.5,0.96,0.0,0.699,0.091,0
8197,67,1,10,1.025,0.616,0.733,0.25,0.276,0.128,0
8198,32,1,9,0.935,0.509,0.564,0.25,0.261,0.11,0
8199,70,1,9,0.913,0.558,0.62,0.5,-0.144,0.036,0
8200,38,1,4,0.724,0.666,0.65,0.0,0.211,-0.143,0
8201,48,0,12,1.116,0.635,1.0,0.25,0.949,0.402,0
8202,68,1,6,0.765,0.539,0.983,0.25,0.461,0.065,0
8203,63,0,11,0.982,0.613,1.045,0.5,0.518,0.299,0
8204,63,0,11,1.137,0.585,0.724,0.5,0.209,0.386,1
8205,61,0,10,0.945,0.664,0.581,0.0,0.026,0.148,0
8206,83,0,12,0.933,0.431,1.207,0.0,0.759,0.351,1
8207,76,0,7,1.055,0.552,0.715,0.25,0.315,0.234,0
8208,82,1,12,1.029,0.546,0.812,0.25,0.533,0.284,0
8209,34,1,12,0.792,0.427,0.903,1.0,0.372,0.169,0
8210,77,1,4,0.56,0.688,0.628,0.25,-0.254,-0.167,0
8211,80,0,3,0.765,0.625,0.7,0.25,0.197,-0.188,0
8212,46,0,12,0.775,0.595,0.846,0.0,0.409,0.078,0
8213,62,0,8,0.798,0.695,0.799,0.0,0.432,-0.134,0
8214,44,0,10,0.933,0.641,0.869,0.25,0.534,0.048,0
8215,31,0,10,0.872,0.48,0.756,0.0,0.29,0.16,0
8216,46,0,11,0.9,0.7,0.755,0.25,0.237,0.179,0
8217,69,0,8,1.026,0.637,0.732,0.0,0.164,0.185,0
8218,37,0,9,1.065,0.442,0.7,0.5,0.239,0.288,1
8219,80,0,5,0.681,0.688,0.497,0.75,-0.036,0.013,0
8220,33,0,3,0.654,0.453,0.533,0.0,-0.041,-0.038,0
8221,75,0,10,1.146,0.45,0.779,0.0,0.414,0.372,0
8222,70,1,5,0.901,0.652,0.562,0.25,-0.041,0.065,0
8223,35,1,10,1.095,0.425,0.882,1.0,0.376,0.446,0
8224,39,0,11,0.973,0.577,1.002,0.0,0.493,0.304,0
8225,45,0,11,1.384,0.498,0.748,0.5,0.014,0.559,0
8226,34,0,4,0.822,0.592,0.561,0.25,0.155,0.029,0
8227,46,1,12,0.925,0.611,1.024,0.0,0.44,0.154,0
8228,68,1,8,0.944,0.606,0.977,0.25,0.275,0.021,0
8229,30,0,4,0.625,0.563,0.564,0.0,-0.008,-0.143,0
8230,56,0,4,0.7,0.615,0.67,0.0,0.039,0.067,0
8231,51,1,4,0.89,0.624,0.586,0.0,0.223,0.158,0
8232,67,1,5,0.971,0.629,0.708,0.0,0.092,0.326,0
8233,32,1,3,0.698,0.645,0.488,0.5,0.033,-0.244,0
8234,40,1,12,0.86,0.474,1.006,0.75,0.613,0.342,0
8235,35,0,8,0.943,0.592,0.698,0.0,0.118,0.367,0
8236,60,1,10,1.074,0.603,0.97,0.75,0.448,0.264,0
8237,62,0,10,1.027,0.579,0.873,1.0,0.56,0.172,1
8238,64,0,7,0.822,0.633,0.794,0.0,0.453,0.099,0
8239,74,1,10,0.91,0.675,0.746,0.0,0.092,0.047,0
8240,70,0,7,1.03,0.522,0.479,0.0,0.058,0.174,0
8241,71,0,9,0.851,0.511,0.803,0.5,0.396,0.105,0
8242,30,0,3,0.821,0.61,0.645,0.5,0.24,-0.006,0
8243,77,1,7,0.781,0.699,0.702,0.5,0.553,-0.086,0
8244,61,0,5,0.903,0.64,0.797,0.5,0.26,0.081,0
8245,45,1,7,1.108,0.607,0.581,0.25,0.3,0.248,0
8246,76,0,5,0.692,0.552,0.7,0.75,0.437,-0.035,0
8247,38,0,12,1.049,0.525,0.65,0.0,0.212,0.25,0
8248,51,0,7,0.895,0.564,0.803,0.0,0.665,0.129,0
8249,58,1,3,0.722,0.627,0.644,0.0,-0.056,-0.128,0
8250,32,1,11,0.921,0.504,0.988,0.0,0.715,0.156,0
8251,82,1,12,0.901,0.464,0.806,0.0,0.124,0.146,0
8252,64,0,10,0.806,0.678,0.787,0.0,0.449,0.038,0
8253,66,0,10,0.967,0.494,0.752,0.0,0.242,0.137,0
8254,72,0,7,0.92,0.545,0.596,0.0,0.17,0.204,0
8255,48,1,5,0.874,0.511,0.511,0.0,0.114,0.408,0
8256,84,0,4,0.734,0.587,0.649,0.0,0.063,-0.077,0
8257,48,0,7,0.897,0.637,0.52,0.5,0.001,0.003,0
8258,41,0,3,0.844,0.538,0.482,0.25,0.002,0.059,0
8259,64,1,8,0.81,0.634,0.535,0.0,-0.054,0.106,0
8260,33,1,9,1.0,0.543,0.779,0.0,0.311,0.417,0
8261,67,0,9,0.889,0.689,0.7,0.0,0.413,0.276,0
8262,32,0,12,0.724,0.579,0.832,0.25,0.358,-0.037,0
8263,43,1,12,0.899,0.44,1.127,0.5,0.936,0.355,0
8264,44,1,11,0.825,0.576,0.608,0.25,-0.092,-0.005,0
8265,83,1,5,0.698,0.548,0.626,0.25,0.599,0.103,0
8266,74,1,8,0.96,0.479,1.034,0.25,0.719,0.253,1
8267,36,0,5,0.888,0.559,0.389,0.25,-0.104,-0.003,0
8268,76,1,3,0.688,0.719,0.184,0.0,0.031,-0.121,0
8269,65,1,8,0.848,0.592,0.782,0.25,0.357,0.028,0
8270,73,1,8,0.84,0.64,0.609,0.75,0.251,0.054,1
8271,82,0,3,0.906,0.532,0.768,0.0,0.248,0.271,0
8272,63,0,8,0.87,0.559,0.998,0.75,0.769,0.188,1
8273,84,1,4,0.806,0.553,0.605,0.0,0.099,0.329,0
8274,32,0,10,0.943,0.579,1.016,0.25,0.166,0.32,0
8275,69,1,6,0.945,0.549,0.403,0.0,0.048,0.231,0
8276,72,1,8,0.776,0.563,1.064,0.5,0.859,-0.116,1
8277,77,1,11,1.068,0.423,0.678,0.75,0.028,0.068,0
8278,65,0,8,0.603,0.568,0.843,1.0,0.749,-0.02,0
8279,62,1,9,0.972,0.593,0.715,0.25,0.309,0.088,0
8280,61,0,5,0.705,0.486,0.768,0.0,0.261,-0.218,0
8281,79,1,11,0.761,0.471,1.02,0.25,0.32,-0.158,1
8282,61,1,6,0.99,0.57,0.794,0.0,0.077,0.452,0
8283,49,1,9,0.934,0.522,0.82,0.0,0.261,0.155,1
8284,81,0,11,0.812,0.716,0.891,0.25,0.697,0.109,0
8285,61,0,3,0.823,0.727,0.623,0.25,-0.025,-0.03,0
8286,48,0,3,0.859,0.676,0.546,0.5,0.271,0.059,0
8287,49,0,4,0.717,0.647,0.82,0.0,0.299,-0.023,0
8288,31,1,8,0.952,0.581,0.861,0.0,0.336,0.157,0
8289,80,0,9,0.904,0.674,0.596,0.5,0.273,0.389,0
8290,77,1,3,0.852,0.543,0.568,1.0,-0.047,0.067,0
8291,41,1,6,0.677,0.734,0.785,0.5,0.404,-0.2,0
8292,76,0,12,0.889,0.525,0.81,0.5,0.235,0.089,0
8293,57,1,7,0.982,0.7,0.804,0.0,0.215,0.476,1
8294,41,0,4,0.796,0.629,0.696,0.0,0.175,0.026,0
8295,32,0,10,1.052,0.496,0.725,0.0,0.104,0.155,0
8296,42,0,11,0.863,0.562,1.196,1.0,0.678,0.116,0
8297,30,0,12,1.096,0.37,0.802,0.0,0.215,0.414,0
8298,43,1,3,1.005,0.699,0.48,0.5,0.099,0.256,0
8299,83,0,12,1.049,0.522,0.737,0.0,0.189,0.197,1
8300,56,0,7,0.843,0.539,0.683,0.75,-0.017,-0.144,0
8301,40,0,7,0.704,0.545,0.528,0.0,0.158,-0.125,0
8302,77,1,7,1.008,0.643,0.762,0.0,0.202,0.295,1
8303,57,1,4,0.849,0.668,0.59,0.0,-0.189,-0.162,0
8304,79,0,10,0.952,0.572,0.748,1.0,0.28,0.295,0
8305,30,1,6,0.784,0.655,0.534,0.0,0.02,-0.14,0
8306,48,0,6,0.744,0.59,0.787,0.0,0.438,0.027,0
8307,58,0,5,0.893,0.626,0.633,0.25,0.076,0.106,0
8308,46,0,10,1.069,0.621,0.726,0.25,0.099,0.399,1
8309,70,1,7,0.783,0.518,0.458,0.0,-0.049,0.206,0
8310,41,0,8,1.017,0.511,0.47,0.0,0.082,0.185,0
8311,60,0,12,0.862,0.701,0.83,0.0,0.114,0.205,0
8312,63,1,7,0.703,0.553,0.593,0.25,0.17,-0.164,1
8313,50,1,5,0.817,0.575,0.637,0.5,0.089,0.258,0
8314,38,0,12,0.88,0.555,1.113,0.25,0.72,0.078,0
8315,31,0,12,0.945,0.658,0.829,1.0,0.563,0.245,0
8316,45,1,9,0.754,0.7,0.642,0.75,0.31,0.049,0
8317,77,1,5,0.601,0.551,0.658,0.0,0.321,-0.05,0
8318,72,0,9,0.941,0.621,0.655,0.25,0.142,0.115,0
8319,52,1,6,0.802,0.657,0.72,0.0,0.134,-0.156,1
8320,58,0,4,1.204,0.585,0.581,0.5,0.127,0.462,0
8321,36,0,10,0.792,0.646,0.877,0.0,0.268,-0.006,0
8322,84,1,10,0.939,0.568,0.531,0.0,-0.005,0.339,0
8323,61,1,11,1.184,0.633,0.66,0.75,0.263,0.521,0
8324,76,1,9,0.942,0.623,0.885,0.75,0.322,0.148,0
8325,54,1,7,0.949,0.691,0.766,0.25,0.375,-0.071,0
8326,43,0,5,0.773,0.554,0.534,0.5,-0.086,0.009,0
8327,79,1,7,0.78,0.474,0.662,0.0,0.364,0.254,0
8328,43,1,8,0.92,0.643,0.596,0.0,-0.074,0.046,0
8329,34,0,11,0.999,0.569,0.967,0.0,0.533,0.21,0
8330,39,1,8,0.794,0.531,0.807,1.0,0.605,0.159,0
8331,68,1,12,0.999,0.454,1.02,0.75,0.487,0.071,0
8332,56,0,8,0.871,0.711,0.504,0.0,0.069,-0.127,0
8333,37,1,8,0.745,0.61,0.754,0.75,0.3,0.081,0
8334,48,1,4,0.645,0.619,0.75,0.0,0.236,-0.226,0
8335,39,0,3,0.673,0.534,0.796,0.0,0.42,-0.169,0
8336,53,0,3,0.7,0.663,0.317,0.0,-0.444,0.012,0
8337,79,0,12,1.121,0.538,0.7,0.0,0.406,0.792,0
8338,73,0,11,0.961,0.456,0.77,0.25,-0.025,0.104,0
8339,79,0,10,0.977,0.696,0.426,0.0,0.154,0.277,0
8340,70,0,3,0.863,0.632,0.505,0.0,-0.272,0.326,0
8341,76,1,4,0.681,0.705,0.834,1.0,0.134,0.012,0
8342,42,1,5,0.843,0.555,0.62,0.0,0.044,-0.057,0
8343,74,0,7,1.014,0.631,0.524,0.0,-0.152,0.296,0
8344,50,0,9,0.91,0.535,0.51,1.0,0.079,0.116,0
8345,51,1,12,0.929,0.487,1.1,0.0,0.781,0.103,0
8346,33,0,12,0.96,0.522,0.778,0.0,0.287,0.146,0
8347,40,0,12,1.027,0.654,0.874,0.5,0.567,0.178,0
8348,44,1,10,0.853,0.522,0.792,0.0,0.321,0.194,0
8349,62,0,12,1.014,0.54,1.172,0.0,0.695,0.317,0
8350,30,0,8,0.991,0.51,0.713,0.0,0.047,0.223,0
8351,36,0,10,0.957,0.561,1.1,0.25,0.438,0.239,0
8352,36,1,7,0.809,0.622,0.99,0.25,0.291,0.087,0
8353,70,0,3,0.785,0.39,0.375,0.5,-0.153,0.046,0
8354,51,0,9,0.733,0.636,0.929,0.0,0.249,-0.179,0
8355,66,0,3,0.53,0.574,0.674,0.25,0.283,-0.36,0
8356,46,1,9,1.063,0.562,0.683,0.25,0.075,0.313,0
8357,42,1,12,0.826,0.359,0.766,0.75,0.057,0.126,0
8358,62,0,6,0.94,0.551,0.7,0.0,-0.036,0.24,0
8359,37,1,7,0.988,0.521,0.899,0.25,0.144,0.244,0
8360,49,1,7,0.615,0.604,0.899,0.0,0.195,-0.171,0
8361,46,1,10,0.7,0.567,0.924,0.25,0.86,-0.159,0
8362,65,0,6,0.928,0.706,0.61,0.0,0.18,0.36,0
8363,39,0,4,0.956,0.64,0.677,0.0,0.001,0.354,0
8364,47,0,12,0.979,0.442,0.816,0.0,0.357,0.129,0
8365,80,1,7,0.892,0.584,0.786,0.0,0.372,-0.026,0
8366,79,1,9,0.857,0.567,0.853,0.25,0.273,0.418,0
8367,68,1,5,0.857,0.597,0.511,0.5,-0.017,0.045,0
8368,79,0,5,0.939,0.785,0.711,0.5,0.114,0.034,0
8369,83,0,6,0.823,0.388,0.759,0.0,0.3,0.095,1
8370,84,1,6,0.633,0.544,0.377,1.0,-0.416,0.061,0
8371,43,1,12,0.95,0.692,0.873,0.25,0.285,0.275,1
8372,68,1,11,0.817,0.544,0.777,0.0,0.544,0.214,0
8373,36,0,4,0.843,0.494,0.555,0.0,0.007,0.124,0
8374,37,1,7,0.941,0.65,0.341,0.25,-0.324,0.287,0
8375,57,0,4,0.9,0.621,0.892,0.0,0.438,0.235,0
8376,58,0,6,0.864,0.7,0.71,1.0,0.428,0.258,0
8377,66,0,8,0.82,0.586,0.634,0.0,0.091,0.032,0
8378,80,1,12,0.989,0.518,0.827,1.0,0.251,0.244,0
8379,54,1,3,0.721,0.584,0.367,1.0,-0.052,0.137,0
8380,39,0,3,0.669,0.728,0.573,0.0,0.35,-0.106,0
8381,58,0,5,0.784,0.543,0.318,0.25,-0.465,0.089,0
8382,65,1,9,0.997,0.556,0.706,0.0,0.36,0.217,0
8383,69,0,10,1.028,0.577,0.7,0.5,0.047,0.27,0
8384,35,1,9,1.096,0.536,0.784,0.0,0.619,0.391,0
8385,83,0,12,0.7,0.519,0.598,0.5,0.006,-0.206,0
8386,69,0,8,1.117,0.503,0.46,0.25,0.107,0.474,0
8387,30,1,4,0.685,0.641,0.597,0.25,0.249,0.059,0
8388,81,0,8,0.889,0.632,1.113,0.25,0.517,0.134,0
8389,40,1,3,0.889,0.639,0.935,0.25,0.297,0.093,0
8390,33,1,10,0.895,0.549,0.684,0.0,-0.139,0.228,0
8391,64,1,3,0.851,0.626,0.477,0.0,-0.192,-0.087,0
8392,78,1,4,0.827,0.685,0.652,0.0,0.1,0.109,1
8393,70,0,4,0.723,0.655,0.598,0.25,0.118,0.104,0
8394,69,1,8,0.856,0.584,0.494,0.75,0.266,-0.063,0
8395,76,0,7,0.763,0.677,0.504,0.25,0.002,0.036,0
8396,74,0,7,0.979,0.633,0.512,0.0,0.222,0.034,0
8397,31,0,10,0.829,0.657,0.906,0.0,0.456,-0.01,0
8398,71,1,3,0.801,0.619,0.416,0.0,-0.023,0.134,0
8399,37,1,5,0.887,0.619,0.651,0.5,0.173,0.187,0
8400,46,1,11,0.93,0.513,0.74,0.25,0.028,0.235,0
8401,42,0,4,0.719,0.678,0.714,0.0,0.22,0.019,0
8402,61,0,4,0.707,0.698,0.316,0.5,-0.246,0.114,1
8403,51,0,3,0.887,0.613,0.84,1.0,0.675,0.237,0
8404,60,1,7,0.837,0.478,0.701,0.75,-0.116,0.193,1
8405,74,0,6,0.891,0.519,0.676,0.0,0.303,0.395,0
8406,34,0,10,0.911,0.477,0.62,0.0,0.322,-0.021,0
8407,82,0,8,0.888,0.449,0.683,0.75,0.451,0.276,1
8408,66,0,4,0.678,0.538,0.394,0.0,-0.294,0.113,0
8409,63,1,11,0.745,0.525,0.737,0.5,0.36,-0.123,1
8410,65,1,11,0.961,0.61,0.864,0.0,0.638,0.105,0
8411,55,0,8,0.967,0.372,0.801,0.5,0.459,0.187,1
8412,46,1,5,0.922,0.585,0.688,0.0,0.191,0.112,0
8413,40,1,8,0.753,0.57,0.495,0.5,0.157,0.14,0
8414,30,1,11,1.015,0.581,0.7,0.0,0.268,0.304,0
8415,32,1,3,0.757,0.664,0.495,1.0,-0.113,0.062,0
8416,51,0,5,0.68,0.489,0.645,0.0,0.156,-0.338,0
8417,42,1,5,0.836,0.536,0.552,0.0,0.203,0.048,0
8418,36,1,4,0.7,0.597,0.391,0.0,-0.2,-0.051,0
8419,44,1,7,0.963,0.667,0.878,0.0,0.242,0.106,0
8420,81,1,12,1.082,0.518,1.06,0.0,0.308,0.633,1
8421,60,0,4,0.819,0.544,0.564,0.25,0.121,-0.077,0
8422,57,0,8,0.924,0.641,0.605,0.5,-0.258,0.131,0
8423,66,0,10,0.989,0.505,0.955,0.0,0.64,0.166,1
8424,40,0,10,0.825,0.454,0.849,0.0,0.432,-0.042,0
8425,53,0,7,0.951,0.582,0.963,0.25,0.301,0.101,0
8426,80,0,11,0.784,0.501,0.989,0.75,0.25,0.198,0
8427,53,1,9,0.728,0.645,0.765,1.0,0.191,-0.114,0
8428,46,1,10,1.083,0.457,0.768,0.0,0.023,0.319,0
8429,32,1,7,0.904,0.645,0.672,0.0,0.16,0.141,0
8430,63,1,11,0.851,0.421,0.651,0.0,0.331,-0.23,0
8431,77,1,8,0.871,0.681,0.846,0.25,0.748,0.109,0
8432,78,1,7,0.955,0.423,0.837,0.75,0.716,0.108,1
8433,62,1,10,0.969,0.615,0.849,0.5,0.666,0.076,1
8434,66,0,4,0.952,0.567,0.473,0.0,0.16,0.348,0
8435,71,0,3,0.627,0.577,0.413,0.25,0.161,-0.124,0
8436,77,0,6,0.927,0.625,0.569,0.5,-0.204,0.086,0
8437,74,1,4,0.835,0.603,0.36,1.0,-0.217,0.192,0
8438,76,1,6,0.884,0.498,0.76,0.75,0.091,0.063,0
8439,42,0,5,0.77,0.608,0.531,0.75,-0.034,0.087,0
8440,70,1,8,0.7,0.562,0.659,0.5,0.194,-0.016,0
8441,61,0,12,0.848,0.617,1.041,0.0,0.883,0.059,0
8442,37,0,8,0.934,0.633,0.575,0.0,0.26,0.159,0
8443,65,1,5,0.913,0.502,0.35,1.0,-0.041,0.184,0
8444,67,1,5,0.866,0.58,0.855,0.0,0.561,-0.003,1
8445,72,0,10,0.92,0.441,0.726,0.0,0.207,-0.026,1
8446,83,0,8,0.985,0.703,0.807,0.5,0.288,0.395,0
8447,53,0,3,0.764,0.707,0.518,0.5,-0.182,0.122,0
8448,67,1,3,0.582,0.583,0.423,0.25,-0.277,-0.281,0
8449,74,1,5,0.817,0.564,0.491,0.25,0.161,-0.084,0
8450,58,1,7,0.786,0.686,0.775,0.25,0.313,0.186,0
8451,50,1,4,0.643,0.699,0.78,0.5,0.4,-0.242,0
8452,45,0,11,1.096,0.523,1.064,0.25,0.694,0.334,0
8453,70,0,7,0.87,0.5,0.746,0.0,0.307,0.086,0
8454,31,1,5,0.699,0.702,0.791,0.0,0.371,-0.119,0
8455,41,0,4,0.717,0.639,0.575,0.5,-0.022,-0.153,0
8456,34,1,3,0.854,0.562,0.481,0.0,-0.049,0.18,0
8457,48,0,4,0.744,0.524,0.619,0.75,0.065,-0.116,0
8458,31,1,6,0.522,0.674,1.003,0.0,0.339,-0.306,0
8459,68,1,7,0.777,0.466,0.639,0.0,-0.101,-0.007,0
8460,75,1,6,0.706,0.689,0.583,0.25,0.101,0.174,0
8461,68,0,9,1.055,0.574,0.568,0.25,0.262,0.26,0
8462,70,0,11,0.804,0.611,0.533,0.0,0.28,-0.004,0
8463,48,0,8,0.912,0.57,0.939,0.0,0.169,0.126,0
8464,69,1,3,0.795,0.7,0.59,0.75,0.003,0.019,0
8465,76,1,3,0.729,0.59,0.811,0.5,0.277,-0.101,1
8466,62,1,12,0.629,0.475,0.798,0.5,0.492,-0.063,1
8467,44,0,7,0.812,0.539,0.793,1.0,0.59,-0.006,0
8468,44,0,5,0.901,0.7,0.62,0.75,0.458,0.287,0
8469,42,1,3,0.557,0.553,0.541,1.0,0.167,-0.161,0
8470,81,0,9,0.811,0.489,0.779,0.0,0.079,0.226,0
8471,81,0,8,0.7,0.506,0.827,0.0,0.197,-0.021,1
8472,70,0,7,1.126,0.527,0.833,0.0,0.502,0.319,0
8473,80,0,10,0.987,0.568,0.687,0.0,0.184,0.288,1
8474,50,0,5,0.817,0.633,0.714,0.0,0.489,0.067,0
8475,46,0,10,1.072,0.581,0.691,0.0,0.06,0.234,0
8476,59,0,10,0.746,0.627,0.626,1.0,0.106,-0.029,0
8477,57,0,10,1.139,0.568,1.066,0.25,0.259,0.371,0
8478,50,0,6,0.77,0.571,0.657,1.0,-0.013,0.217,0
8479,36,0,12,1.047,0.553,0.98,0.5,0.655,0.173,0
8480,81,1,7,1.007,0.671,0.345,0.0,-0.355,0.114,0
8481,49,1,3,0.741,0.592,0.419,0.0,-0.276,0.017,0
8482,63,1,8,0.896,0.53,0.842,0.0,0.242,0.136,0
8483,66,0,12,1.025,0.549,0.863,0.0,0.509,0.181,1
8484,33,1,3,0.916,0.744,0.376,0.75,-0.13,0.291,0
8485,60,1,6,0.987,0.616,0.594,0.0,0.044,0.601,0
8486,74,0,8,0.864,0.532,0.899,0.0,0.652,-0.096,0
8487,59,0,8,0.682,0.523,0.766,0.5,0.238,-0.122,0
8488,66,1,9,0.978,0.577,0.847,0.75,0.426,0.353,0
8489,40,0,5,0.704,0.655,0.87,0.0,0.43,-0.006,0
8490,45,0,9,0.871,0.601,0.728,0.25,0.362,0.173,0
8491,73,1,10,0.981,0.574,1.178,0.0,0.484,0.245,0
8492,44,0,10,0.97,0.507,0.97,0.0,0.678,0.27,0
8493,74,1,3,0.804,0.62,0.754,0.0,0.277,0.222,0
8494,83,1,5,0.707,0.517,0.337,0.75,-0.318,-0.054,0
8495,39,0,12,1.013,0.699,0.943,0.75,0.604,0.252,0
8496,38,1,12,0.993,0.466,0.741,0.25,0.522,0.277,0
8497,67,1,3,0.642,0.568,0.445,1.0,0.083,-0.159,0
8498,81,0,6,1.083,0.612,0.808,0.75,0.369,0.378,0
8499,77,1,7,0.726,0.624,0.864,0.0,0.733,-0.149,0
8500,46,1,3,0.759,0.656,0.287,0.75,-0.085,0.075,0
8501,52,1,3,0.811,0.587,0.562,0.0,0.111,0.001,0
8502,58,1,10,1.1,0.7,0.781,0.0,0.443,0.324,1
8503,77,1,6,0.859,0.547,0.627,0.0,-0.073,0.085,0
8504,43,0,4,1.06,0.7,0.427,0.25,-0.317,0.181,0
8505,54,1,5,0.849,0.61,0.666,0.0,0.053,0.043,0
8506,32,1,8,0.926,0.453,0.81,1.0,0.385,0.092,0
8507,62,1,11,1.029,0.615,1.008,0.0,0.439,0.37,1
8508,67,1,11,1.02,0.689,0.89,0.25,0.515,0.533,0
8509,49,1,12,1.081,0.575,0.939,0.0,0.756,0.232,0
8510,77,1,8,0.989,0.587,0.821,1.0,0.539,0.309,0
8511,83,0,9,0.925,0.498,0.784,0.0,-0.048,0.208,0
8512,35,1,6,0.906,0.55,0.667,0.0,-0.032,0.22,0
8513,46,1,12,0.955,0.635,0.99,0.0,0.863,0.148,1
8514,53,0,4,0.749,0.535,0.364,0.75,-0.235,0.084,0
8515,75,1,5,0.817,0.626,0.664,0.0,0.181,0.146,1
8516,73,1,8,1.064,0.517,0.887,0.0,0.46,0.527,0
8517,72,0,6,0.822,0.677,0.569,0.0,0.193,-0.115,1
8518,51,1,7,0.793,0.62,0.603,0.0,-0.076,0.185,0
8519,81,1,10,0.795,0.531,0.509,0.0,-0.323,-0.066,0
8520,56,0,11,1.061,0.517,0.864,0.0,0.267,0.285,1
8521,61,1,4,0.704,0.72,0.432,0.5,-0.045,0.117,0
8522,73,1,5,0.684,0.729,0.704,0.0,0.305,-0.06,0
8523,42,1,3,0.886,0.57,0.719,0.0,0.438,0.186,0
8524,78,0,11,1.067,0.553,0.614,0.0,0.392,0.446,1
8525,57,1,11,1.157,0.501,0.81,1.0,-0.078,0.457,1
8526,67,1,11,0.909,0.465,0.841,0.0,0.602,0.238,0
8527,84,0,10,0.814,0.622,0.905,0.75,0.486,0.096,1
8528,75,0,8,0.899,0.452,0.626,0.0,-0.03,0.12,0
8529,81,1,8,0.893,0.526,0.812,0.0,0.372,0.16,0
8530,75,0,10,0.913,0.582,0.837,1.0,0.316,0.224,0
8531,80,0,12,0.979,0.57,0.927,0.0,0.575,0.108,0
8532,78,0,11,0.939,0.354,0.891,0.25,0.084,0.132,0
8533,83,1,10,0.894,0.383,0.488,0.25,-0.055,0.156,0
8534,33,1,7,0.764,0.523,0.993,0.0,0.439,-0.064,0
8535,36,0,8,0.898,0.5,0.964,0.25,0.482,0.112,0
8536,66,0,10,0.906,0.546,0.978,0.75,0.381,0.08,0
8537,63,0,7,0.817,0.585,0.696,0.0,-0.019,0.017,0
8538,50,0,12,1.038,0.552,0.847,0.25,0.147,0.356,1
8539,76,1,10,0.778,0.467,0.956,0.0,0.269,-0.008,0
8540,83,1,10,0.917,0.56,0.76,0.0,0.3,0.268,0
8541,64,0,4,0.932,0.518,0.657,1.0,0.414,0.338,0
8542,75,1,9,0.783,0.624,0.616,1.0,0.052,0.114,0
8543,47,0,9,1.024,0.643,0.869,0.0,0.318,0.326,1
8544,67,1,5,0.712,0.468,0.803,0.5,0.452,0.033,0
8545,72,1,8,0.7,0.445,0.531,1.0,0.242,0.014,0
8546,34,0,8,0.7,0.625,0.801,0.0,0.361,0.084,1
8547,38,1,4,0.614,0.464,0.733,0.0,0.463,-0.086,1
8548,41,1,8,0.809,0.551,0.749,0.5,0.078,0.038,0
8549,60,0,6,0.787,0.441,0.669,0.25,0.462,0.087,0
8550,75,0,3,0.766,0.641,0.606,0.25,0.064,-0.165,0
8551,75,0,8,0.807,0.74,0.524,0.0,0.14,0.259,0
8552,64,0,9,1.05,0.572,0.861,0.0,0.182,0.449,0
8553,82,1,10,1.092,0.623,0.7,0.0,0.22,0.317,1
8554,49,1,3,0.836,0.66,0.395,0.0,-0.23,0.028,0
8555,59,1,11,0.771,0.492,0.7,0.0,0.0,0.133,1
8556,71,0,8,1.167,0.599,0.599,0.0,0.132,0.467,0
8557,81,1,7,0.894,0.596,0.642,0.5,-0.041,0.081,0
8558,80,1,6,0.996,0.551,0.662,0.25,0.2,0.098,0
8559,74,0,3,0.706,0.586,0.569,0.75,0.151,-0.003,0
8560,52,0,12,0.822,0.613,0.887,0.0,0.418,0.247,0
8561,39,0,10,0.971,0.558,0.852,0.0,0.186,0.236,0
8562,71,0,7,0.509,0.576,0.6,0.0,0.162,-0.131,0
8563,60,0,8,0.743,0.618,0.978,0.0,0.167,0.043,0
8564,40,0,4,0.716,0.596,0.578,0.75,-0.122,0.024,0
8565,39,0,6,0.749,0.697,0.831,0.0,0.131,0.059,0
8566,30,1,6,0.767,0.602,0.797,0.5,0.557,-0.035,0
8567,53,0,4,0.743,0.729,0.361,0.25,-0.339,-0.016,0
8568,30,0,11,0.99,0.511,1.213,0.75,0.906,0.29,0
8569,45,0,8,1.122,0.549,0.674,0.0,0.188,0.309,1
8570,63,1,9,0.903,0.4,0.751,0.0,0.18,0.037,0
8571,70,0,6,0.86,0.728,0.534,0.0,-0.154,0.159,0
8572,30,0,5,0.729,0.506,0.513,0.5,-0.119,-0.233,0
8573,73,1,7,0.722,0.7,0.544,0.25,0.428,0.15,0
8574,79,1,8,0.922,0.644,0.944,0.25,0.284,0.111,0
8575,65,1,12,1.065,0.539,0.924,1.0,0.33,0.385,1
8576,33,1,6,0.841,0.509,1.035,0.0,0.557,0.087,0
8577,49,1,12,0.863,0.506,1.053,0.75,0.456,0.039,0
8578,74,1,5,0.604,0.509,0.827,0.75,0.271,-0.225,1
8579,77,0,7,0.738,0.652,0.961,0.0,0.601,0.029,0
8580,56,0,12,0.838,0.531,0.655,0.0,-0.381,0.05,0
8581,58,0,6,0.544,0.65,0.625,0.0,0.139,-0.18,0
8582,84,1,4,0.784,0.704,0.811,0.0,0.111,-0.152,0
8583,59,1,12,1.031,0.563,0.992,0.5,0.369,0.315,0
8584,69,1,11,1.083,0.526,0.742,1.0,0.128,0.419,0
8585,74,0,4,0.813,0.563,0.609,0.0,-0.15,0.21,0
8586,59,1,8,0.575,0.452,0.838,0.75,0.063,-0.155,1
8587,38,1,7,0.896,0.619,0.474,0.0,-0.035,0.255,0
8588,48,0,11,1.135,0.535,0.663,0.5,0.09,0.364,0
8589,81,0,8,0.847,0.542,0.771,0.0,0.042,0.067,0
8590,74,0,3,0.83,0.581,0.814,0.0,0.263,-0.044,0
8591,30,1,6,0.706,0.522,0.41,0.0,0.193,-0.012,0
8592,76,1,5,0.7,0.67,0.786,1.0,0.452,-0.039,0
8593,30,0,6,0.886,0.689,0.941,0.0,0.241,0.132,0
8594,74,0,9,0.88,0.526,0.867,0.0,0.548,0.186,0
8595,43,0,9,0.903,0.544,0.544,0.25,-0.001,0.408,0
8596,50,1,3,0.879,0.629,0.807,0.75,0.139,0.065,0
8597,69,0,8,1.002,0.529,0.802,0.0,0.323,0.031,0
8598,79,0,6,1.028,0.57,0.533,0.0,0.002,0.269,0
8599,56,1,7,0.931,0.54,0.7,0.0,0.388,0.217,0
8600,82,0,6,0.725,0.563,0.389,0.0,0.067,0.036,0
8601,57,1,7,0.856,0.571,0.49,0.25,0.04,0.18,0
8602,83,1,3,0.962,0.541,0.642,0.75,0.284,0.28,0
8603,73,1,8,0.776,0.723,1.084,0.25,0.541,0.166,1
8604,30,1,5,0.7,0.637,0.77,0.75,0.439,0.023,0
8605,34,0,3,0.664,0.522,0.612,1.0,0.351,-0.106,0
8606,80,1,3,0.994,0.546,0.485,0.25,-0.014,0.097,1
8607,83,0,7,0.895,0.517,0.95,0.0,0.287,-0.038,0
8608,56,0,3,0.606,0.672,0.487,0.5,0.287,-0.195,0
8609,59,1,6,0.957,0.496,0.399,0.5,-0.077,0.21,0
8610,34,1,8,0.803,0.621,0.791,0.5,0.356,0.244,0
8611,82,1,5,0.683,0.521,0.404,0.5,0.326,-0.001,0
8612,44,0,6,0.724,0.582,0.725,0.0,0.305,-0.23,0
8613,76,0,12,1.083,0.6,0.911,0.5,0.432,0.383,0
8614,51,0,12,0.94,0.619,0.811,0.5,0.45,0.237,0
8615,45,0,4,0.731,0.554,0.506,0.25,0.126,-0.215,0
8616,75,0,11,0.89,0.7,0.981,0.0,0.349,0.407,0
8617,48,0,8,1.032,0.6,0.808,0.25,0.492,0.13,0
8618,53,0,11,0.898,0.625,0.921,1.0,0.172,0.127,0
8619,37,1,12,1.027,0.675,0.7,0.5,0.303,0.168,0
8620,33,1,4,0.704,0.621,0.429,0.0,0.075,0.036,0
8621,41,1,9,0.946,0.561,0.824,0.25,0.486,0.071,0
8622,72,1,10,0.869,0.613,0.712,1.0,0.239,0.245,0
8623,51,1,5,0.879,0.635,0.807,1.0,-0.064,0.145,0
8624,80,1,9,1.055,0.625,1.002,0.5,0.703,0.323,0
8625,59,0,12,0.951,0.543,0.696,0.0,0.255,0.011,0
8626,70,0,7,0.673,0.613,1.1,0.0,0.495,-0.201,1
8627,57,1,7,1.061,0.566,0.753,0.75,0.412,0.329,1
8628,83,0,12,0.833,0.622,0.822,0.5,0.343,0.119,1
8629,52,1,6,0.726,0.563,0.666,0.0,0.16,-0.082,0
8630,36,1,12,0.881,0.534,0.975,0.25,0.449,0.17,0
8631,73,0,12,0.949,0.378,0.92,0.5,0.447,0.273,0
8632,70,1,11,0.992,0.395,0.813,0.25,0.429,0.347,1
8633,64,0,4,0.832,0.679,0.569,0.5,0.26,0.053,0
8634,75,0,11,1.08,0.54,0.736,0.0,0.065,0.43,0
8635,63,0,11,1.035,0.485,0.897,0.5,0.58,0.421,0
8636,76,0,12,0.996,0.575,0.64,0.75,0.128,0.404,0
8637,83,0,11,0.82,0.665,0.734,0.0,0.485,0.054,1
8638,55,0,11,0.874,0.67,0.471,0.0,-0.12,0.24,0
8639,30,0,3,0.868,0.571,0.373,0.0,-0.179,0.214,0
8640,63,1,5,0.719,0.656,0.366,0.0,-0.427,0.007,0
8641,67,1,6,0.691,0.576,0.7,0.75,0.064,-0.091,0
8642,65,0,4,0.506,0.661,0.519,0.25,0.073,-0.492,0
8643,40,0,8,0.826,0.575,0.799,0.0,0.366,0.208,0
8644,64,0,3,0.857,0.477,0.331,0.0,-0.418,0.232,0
8645,59,0,5,0.841,0.633,0.506,0.0,0.045,0.184,0
8646,76,1,9,0.97,0.621,0.822,1.0,0.086,0.356,0
8647,37,0,12,1.123,0.7,0.866,0.0,0.552,0.476,0
8648,55,1,8,0.703,0.526,1.025,0.25,0.855,-0.305,1
8649,70,1,9,1.079,0.597,0.688,0.5,0.222,0.355,0
8650,59,1,7,0.973,0.583,0.79,0.0,0.33,0.284,0
8651,65,0,11,0.919,0.582,0.842,0.0,0.466,0.198,1
8652,64,0,8,0.892,0.553,0.947,0.0,0.251,0.221,1
8653,69,1,10,0.924,0.558,0.84,0.0,0.377,0.196,1
8654,32,1,4,0.798,0.558,0.623,0.75,0.103,-0.003,0
8655,33,0,8,0.919,0.54,0.668,0.5,-0.057,0.257,0
8656,66,0,12,0.734,0.503,0.998,0.0,0.147,-0.2,0
8657,75,1,6,0.997,0.515,0.858,0.0,0.491,0.257,0
8658,41,1,5,0.783,0.507,0.629,0.0,-0.011,0.114,0
8659,48,1,8,1.088,0.588,0.686,1.0,0.323,0.239,0
8660,34,0,10,0.964,0.554,0.727,0.5,0.343,0.252,1
8661,52,0,8,1.042,0.593,0.7,0.0,0.206,0.338,0
8662,71,1,6,0.7,0.622,0.65,0.25,-0.016,-0.082,1
8663,54,0,7,0.799,0.675,0.465,0.25,-0.156,0.233,0
8664,73,0,10,1.221,0.614,0.764,0.5,0.244,0.521,1
8665,68,1,5,0.942,0.688,0.745,0.0,0.07,0.22,0
8666,31,1,11,0.931,0.59,0.992,0.0,0.426,0.116,1
8667,61,0,11,1.007,0.475,0.866,0.0,0.182,0.343,0
8668,76,0,12,0.866,0.449,0.822,0.0,0.244,-0.073,0
8669,76,1,12,1.169,0.633,0.811,0.0,0.076,0.264,0
8670,39,1,6,0.884,0.559,0.537,0.5,0.139,0.097,0
8671,64,1,8,0.769,0.589,0.694,0.0,0.059,0.068,0
8672,75,1,11,0.965,0.45,0.939,1.0,0.253,0.091,1
8673,71,1,4,0.799,0.548,0.751,0.5,0.332,0.015,1
8674,47,0,7,0.948,0.62,0.693,1.0,0.48,0.063,0
8675,68,1,5,0.67,0.527,0.706,0.25,-0.109,0.109,0
8676,83,1,11,0.87,0.652,0.547,0.0,0.176,-0.005,0
8677,37,1,9,1.148,0.589,0.82,0.0,0.374,0.421,0
8678,66,0,4,0.893,0.697,0.578,1.0,0.076,0.037,0
8679,49,0,12,0.984,0.517,1.078,0.0,0.589,0.178,1
8680,30,1,5,0.834,0.455,0.54,0.75,-0.034,0.277,0
8681,40,0,6,0.929,0.644,0.797,0.75,0.478,0.006,1
8682,65,0,5,0.786,0.623,0.656,0.0,-0.006,0.03,0
8683,33,0,11,1.085,0.568,0.979,0.75,0.295,0.443,1
8684,51,1,7,0.902,0.574,0.712,0.5,0.289,0.229,1
8685,51,1,9,1.023,0.547,0.902,0.25,0.457,0.259,0
8686,34,1,4,0.726,0.473,0.552,0.0,0.298,-0.042,0
8687,68,1,12,0.942,0.501,0.963,0.5,0.238,0.298,1
8688,73,0,4,0.674,0.598,0.676,0.0,0.144,-0.058,1
8689,57,1,3,0.743,0.541,0.353,0.0,-0.198,-0.091,0
8690,34,1,9,0.918,0.497,1.137,0.0,0.8,0.277,1
8691,77,1,9,0.911,0.595,0.744,0.0,0.034,0.208,0
8692,71,1,6,0.7,0.537,0.548,0.0,0.056,-0.382,0
8693,42,1,6,0.795,0.568,0.843,0.0,0.382,0.254,0
8694,58,0,5,0.656,0.495,0.498,0.25,-0.255,-0.164,0
8695,45,0,4,0.618,0.69,0.68,0.0,0.355,-0.279,0
8696,42,0,4,0.899,0.715,0.491,0.0,-0.069,0.178,0
8697,38,0,9,0.898,0.693,0.873,0.75,0.894,0.198,0
8698,60,0,11,0.973,0.59,0.848,0.0,0.129,0.055,0
8699,53,1,4,0.679,0.73,0.725,0.0,0.313,-0.12,1
8700,37,0,4,0.741,0.619,0.48,0.75,0.032,-0.001,0
8701,62,1,8,0.988,0.555,0.77,0.0,0.497,0.27,0
8702,45,1,4,0.823,0.548,0.723,0.25,0.326,0.353,1
8703,51,0,12,1.013,0.51,0.819,0.0,0.215,0.136,0
8704,71,0,11,0.595,0.576,0.936,0.0,0.581,-0.229,0
8705,67,0,8,0.893,0.559,0.411,0.0,-0.147,0.205,0
8706,40,0,6,0.899,0.646,0.4,0.75,-0.3,0.179,0
8707,75,1,6,0.662,0.623,0.674,0.5,0.103,-0.093,0
8708,41,1,8,0.925,0.682,0.553,0.75,0.054,0.082,0
8709,47,1,10,1.105,0.652,0.528,0.0,0.028,0.16,0
8710,73,1,8,0.842,0.356,0.66,0.0,0.012,0.024,1
8711,75,0,10,0.91,0.715,0.763,0.5,0.414,0.287,1
8712,70,1,11,1.0,0.617,0.451,0.0,-0.161,0.102,0
8713,31,1,9,0.871,0.597,0.407,0.75,0.204,0.085,0
8714,30,1,10,0.863,0.672,0.459,0.25,-0.186,0.33,0
8715,68,0,4,0.602,0.613,0.388,0.25,-0.221,-0.104,0
8716,67,1,5,0.858,0.658,0.481,0.25,-0.018,-0.04,0
8717,40,0,5,1.004,0.591,0.339,0.0,-0.111,0.338,0
8718,33,1,11,0.897,0.648,0.863,0.0,0.451,0.175,0
8719,81,1,8,0.723,0.651,0.951,0.0,0.452,0.184,0
8720,66,0,8,1.063,0.636,0.566,0.0,0.044,0.363,0
8721,80,0,12,0.982,0.519,0.801,0.0,0.3,0.167,0
8722,65,0,8,0.853,0.505,0.346,0.0,-0.335,0.064,0
8723,40,1,8,0.998,0.568,0.702,0.0,0.251,0.158,0
8724,81,0,12,0.756,0.591,0.779,0.0,0.002,0.119,1
8725,61,1,12,0.787,0.714,0.853,0.25,0.578,0.043,0
8726,40,1,12,1.039,0.64,1.048,0.0,0.51,0.343,0
8727,74,0,11,0.908,0.51,0.599,0.25,0.074,0.052,0
8728,45,1,4,0.925,0.608,0.479,0.5,0.09,0.058,0
8729,31,0,7,0.911,0.57,0.929,0.75,0.368,0.296,0
8730,35,0,3,0.867,0.672,0.55,0.75,0.127,0.108,0
8731,37,0,6,0.918,0.557,0.448,0.0,-0.182,0.285,0
8732,41,0,5,0.957,0.709,0.532,0.0,0.283,0.037,0
8733,49,0,3,0.887,0.651,0.499,0.75,0.334,-0.049,0
8734,31,1,6,0.62,0.755,0.791,0.0,0.091,-0.229,0
8735,61,0,8,1.159,0.584,0.807,0.0,0.47,0.391,0
8736,32,1,12,0.7,0.608,1.024,0.25,0.574,-0.266,1
8737,47,1,5,0.776,0.529,0.939,0.25,0.352,-0.102,0
8738,77,1,4,0.755,0.7,0.554,0.25,0.194,-0.029,0
8739,67,1,3,0.905,0.679,0.203,0.0,-0.124,-0.05,0
8740,67,1,12,0.968,0.479,0.904,0.25,0.328,0.163,0
8741,45,1,6,0.707,0.542,0.707,1.0,0.319,-0.048,1
8742,62,1,7,0.889,0.596,0.717,1.0,0.138,0.304,0
8743,63,1,8,1.042,0.639,0.967,0.0,0.562,0.126,1
8744,31,0,10,0.768,0.642,0.79,0.25,0.056,-0.06,0
8745,31,1,7,0.814,0.629,0.965,0.5,0.88,0.235,1
8746,44,0,9,1.054,0.453,0.849,0.75,0.487,0.375,0
8747,75,0,8,1.06,0.732,1.134,0.0,0.657,0.294,0
8748,48,1,10,0.955,0.479,0.929,1.0,0.517,0.219,0
8749,66,0,10,1.056,0.542,0.954,0.75,0.074,0.161,0
8750,37,1,5,0.679,0.606,0.837,0.0,0.143,-0.245,0
8751,31,1,12,0.992,0.486,0.672,0.0,0.411,0.165,0
8752,52,1,8,0.943,0.573,0.775,0.5,0.573,0.243,0
8753,56,1,11,0.949,0.496,1.01,0.25,0.378,0.283,0
8754,76,0,8,0.77,0.479,0.851,0.75,0.452,-0.021,0
8755,79,0,5,0.7,0.609,0.754,0.0,0.468,0.052,0
8756,81,1,5,0.837,0.549,0.745,0.0,0.168,0.137,1
8757,78,1,11,1.001,0.471,0.748,0.0,0.213,0.187,0
8758,82,0,8,0.833,0.506,0.809,0.0,0.38,0.172,0
8759,78,0,10,0.968,0.642,0.7,0.25,0.555,0.282,0
8760,64,1,3,0.941,0.709,0.685,0.0,0.158,0.136,1
8761,71,0,4,0.711,0.717,0.588,0.0,-0.112,0.029,0
8762,46,1,6,0.981,0.561,0.711,0.0,0.38,0.275,0
8763,31,0,6,0.746,0.607,0.747,0.0,0.197,0.077,0
8764,44,1,10,1.153,0.515,0.7,0.0,0.512,0.361,0
8765,77,0,6,1.037,0.533,0.608,1.0,0.142,0.127,0
8766,53,1,6,0.984,0.62,0.284,0.0,-0.104,0.423,0
8767,74,0,4,0.745,0.491,0.564,0.0,-0.137,0.143,0
8768,61,1,11,1.002,0.652,0.723,0.5,0.211,0.433,0
8769,62,0,5,0.65,0.703,0.513,0.0,-0.379,0.039,0
8770,50,1,12,0.99,0.566,0.714,0.0,0.465,0.218,1
8771,77,1,9,0.841,0.483,0.819,0.25,0.345,0.324,0
8772,72,1,8,0.733,0.517,0.768,0.5,0.131,0.025,0
8773,35,0,11,0.949,0.592,0.612,0.25,0.093,0.377,0
8774,72,0,5,0.94,0.579,0.709,0.0,0.171,0.331,0
8775,74,0,12,0.853,0.43,0.965,0.5,0.542,0.058,0
8776,55,0,6,1.007,0.666,0.407,0.0,-0.012,0.301,0
8777,84,0,7,0.858,0.645,0.679,0.5,0.049,0.238,1
8778,50,1,10,0.914,0.558,0.77,1.0,0.574,0.013,0
8779,63,0,11,1.149,0.462,0.874,0.0,0.411,0.337,0
8780,59,0,12,0.958,0.475,1.055,0.0,0.476,0.415,0
8781,80,1,3,0.77,0.61,0.578,0.25,0.311,-0.064,0
8782,70,0,12,0.867,0.548,1.232,0.0,0.685,0.187,0
8783,78,1,5,1.023,0.762,0.67,0.75,-0.03,0.175,0
8784,39,1,10,0.876,0.514,0.841,0.0,0.239,0.184,0
8785,74,0,6,0.657,0.535,0.485,0.0,0.26,-0.173,0
8786,33,0,12,0.803,0.617,0.916,0.0,0.216,0.314,0
8787,47,0,3,0.7,0.593,0.732,0.75,0.551,-0.154,0
8788,67,0,12,1.053,0.552,1.109,0.0,0.761,0.164,0
8789,58,1,8,0.772,0.662,0.53,0.5,0.026,-0.005,0
8790,65,0,10,0.997,0.491,0.946,0.25,0.459,0.344,0
8791,47,0,3,0.796,0.588,0.174,1.0,-0.391,0.023,0
8792,66,1,10,0.934,0.559,0.884,0.0,0.478,0.354,1
8793,37,0,11,0.998,0.633,0.991,0.5,0.368,0.292,0
8794,60,0,9,0.712,0.506,0.987,0.5,0.483,0.04,0
8795,64,0,10,1.132,0.57,0.872,1.0,0.628,0.456,0
8796,46,1,5,1.128,0.548,0.474,0.0,-0.359,0.253,0
8797,50,1,4,0.683,0.439,0.7,0.0,-0.125,-0.162,0
8798,52,0,12,1.065,0.454,0.815,0.5,0.617,0.365,0
8799,80,1,6,0.822,0.437,0.477,0.0,0.055,0.196,0
8800,52,0,6,0.608,0.557,0.692,0.0,0.042,-0.094,0
8801,67,0,5,0.878,0.548,0.784,0.5,0.341,0.303,0
8802,54,0,10,0.825,0.623,1.145,0.0,0.395,0.16,0
8803,49,0,7,0.989,0.512,0.692,0.0,0.159,0.201,0
8804,49,1,10,0.876,0.464,0.651,0.0,0.003,-0.047,0
8805,79,0,11,0.942,0.488,0.959,0.0,0.538,0.05,1
8806,41,0,4,0.964,0.658,0.749,0.0,0.261,0.16,0
8807,76,0,7,0.705,0.59,0.463,0.0,0.083,-0.016,0
8808,55,0,11,0.883,0.396,0.798,0.0,0.135,-0.036,0
8809,64,1,11,0.953,0.59,0.665,0.5,0.333,0.275,1
8810,35,0,9,0.782,0.563,0.661,0.0,0.256,0.082,0
8811,75,0,5,0.721,0.515,0.62,0.0,0.126,0.054,0
8812,64,1,7,0.7,0.724,0.64,1.0,-0.043,-0.042,1
8813,57,0,4,0.828,0.699,0.637,1.0,-0.075,0.189,0
8814,59,1,10,0.911,0.6,1.006,0.75,0.552,0.162,0
8815,67,0,9,0.869,0.575,1.243,0.0,0.935,0.214,1
8816,48,0,4,0.89,0.784,0.867,1.0,0.468,0.084,0
8817,42,1,12,0.974,0.656,0.917,0.0,0.616,0.302,0
8818,72,1,4,0.893,0.624,0.408,0.5,-0.161,0.094,0
8819,58,0,4,0.88,0.547,0.7,1.0,0.52,0.122,0
8820,36,0,12,1.035,0.563,0.886,1.0,0.123,0.254,1
8821,76,1,10,0.94,0.586,0.788,0.5,0.14,0.216,0
8822,57,1,8,0.824,0.626,0.832,0.0,0.551,0.14,1
8823,53,1,4,0.66,0.587,0.84,0.0,0.365,0.013,0
8824,40,0,10,0.853,0.506,1.08,0.0,0.38,-0.112,0
8825,76,0,9,0.7,0.495,0.845,0.0,0.54,-0.233,0
8826,65,1,6,0.681,0.57,0.644,0.5,0.008,-0.299,0
8827,57,0,9,0.932,0.595,0.667,0.0,0.221,0.232,0
8828,65,0,10,0.907,0.451,0.624,0.75,0.112,0.108,0
8829,48,0,5,0.729,0.498,0.7,0.5,0.127,-0.018,0
8830,80,1,12,1.314,0.656,0.957,0.5,0.257,0.645,1
8831,57,1,3,0.883,0.614,0.334,0.0,-0.219,0.121,0
8832,43,1,12,1.101,0.507,0.628,0.0,0.209,0.312,0
8833,33,1,7,0.838,0.499,0.528,0.0,0.219,0.011,0
8834,44,0,6,0.948,0.7,0.643,1.0,0.328,0.151,0
8835,39,0,3,0.823,0.564,0.666,0.5,0.218,0.196,0
8836,84,1,12,1.03,0.573,1.055,0.5,0.699,0.329,0
8837,34,1,12,0.823,0.566,1.099,0.5,0.45,-0.033,0
8838,81,1,9,0.978,0.562,0.95,0.25,0.198,0.141,0
8839,44,0,9,0.764,0.628,0.715,0.0,0.141,0.222,0
8840,50,1,3,0.756,0.733,0.442,0.0,-0.134,-0.235,0
8841,55,1,4,0.763,0.647,0.747,0.75,0.245,0.011,0
8842,32,0,11,0.86,0.566,0.729,0.25,0.171,0.075,0
8843,40,0,11,0.825,0.495,0.909,0.0,0.435,0.044,0
8844,38,0,12,1.016,0.679,0.773,0.0,0.643,0.286,0
8845,47,0,9,1.037,0.654,0.744,0.0,0.219,0.337,0
8846,43,0,12,0.938,0.553,1.023,0.0,0.513,0.028,0
8847,79,0,11,0.842,0.606,1.094,0.0,0.562,0.2,1
8848,53,1,4,0.721,0.633,0.361,0.0,-0.339,0.006,0
8849,64,0,4,0.758,0.524,0.42,0.25,0.111,0.184,0
8850,44,0,5,0.822,0.751,0.645,0.25,0.106,0.095,0
8851,34,1,8,1.041,0.448,0.768,0.0,0.283,0.355,0
8852,79,1,6,0.835,0.542,0.726,0.0,0.316,-0.062,1
8853,51,0,7,0.768,0.662,0.546,0.0,-0.13,0.066,0
8854,80,1,7,0.979,0.63,0.813,0.0,0.19,0.466,1
8855,83,1,11,0.934,0.597,0.759,0.75,0.192,0.415,0
8856,39,1,3,0.839,0.609,0.566,0.0,0.072,0.07,0
8857,73,1,3,0.909,0.61,0.771,0.0,0.275,0.229,0
8858,63,0,5,0.724,0.553,0.762,0.25,0.052,-0.044,0
8859,61,1,7,0.798,0.628,0.973,0.25,0.616,0.013,1
8860,34,0,12,0.824,0.471,0.948,0.0,0.416,-0.1,0
8861,34,1,3,0.77,0.743,0.526,0.0,0.217,0.176,0
8862,62,0,9,0.864,0.656,0.742,0.75,0.423,0.188,0
8863,83,0,5,0.793,0.545,0.623,0.0,-0.077,-0.076,1
8864,55,1,4,0.624,0.558,0.636,0.0,0.151,-0.134,0
8865,80,1,10,0.833,0.502,0.854,0.0,0.208,0.107,1
8866,54,0,8,0.919,0.586,0.602,0.25,0.253,0.152,0
8867,56,0,10,0.885,0.573,0.775,0.0,0.028,0.233,0
8868,81,1,4,0.802,0.563,0.447,0.25,0.038,-0.027,0
8869,61,1,9,0.968,0.649,0.859,0.5,0.52,0.088,1
8870,31,1,11,0.995,0.608,0.702,0.0,0.437,0.223,0
8871,35,0,12,1.203,0.547,0.753,0.25,0.371,0.509,0
8872,65,1,3,0.85,0.7,0.68,0.5,0.329,0.038,0
8873,33,1,8,0.821,0.611,0.635,0.0,0.217,-0.06,0
8874,71,1,9,0.754,0.488,0.841,0.5,0.442,0.284,0
8875,40,1,7,0.851,0.471,0.634,0.75,0.065,0.271,0
8876,35,1,7,1.152,0.59,0.894,0.25,0.449,0.438,0
8877,75,1,8,0.936,0.597,0.671,0.0,0.088,0.183,0
8878,34,0,6,0.803,0.721,0.639,0.75,0.129,0.236,0
8879,79,0,7,0.674,0.519,0.641,0.25,-0.132,-0.167,0
8880,43,0,12,1.021,0.7,0.848,0.0,0.566,0.281,0
8881,61,0,7,0.758,0.52,0.78,0.5,0.051,-0.04,0
8882,52,0,5,0.878,0.499,0.723,0.0,0.174,0.309,0
8883,69,0,4,0.817,0.492,0.63,0.5,0.435,-0.119,0
8884,48,0,9,1.049,0.519,0.965,0.0,0.43,0.215,0
8885,48,0,4,0.751,0.647,0.388,0.0,-0.218,0.03,0
8886,35,1,11,0.829,0.354,0.648,0.0,-0.052,0.234,0
8887,49,1,3,0.787,0.656,0.572,0.0,0.39,-0.077,0
8888,64,1,10,0.864,0.729,0.856,0.0,0.582,0.148,0
8889,75,1,3,0.779,0.562,0.299,0.0,0.012,-0.193,0
8890,63,1,8,0.934,0.654,0.478,0.25,-0.036,0.047,0
8891,31,0,5,0.71,0.527,0.552,0.0,0.161,-0.011,0
8892,32,1,3,0.622,0.517,0.814,0.0,0.393,-0.104,0
8893,61,0,10,1.016,0.641,0.995,0.25,0.366,0.058,0
8894,78,0,8,0.816,0.639,1.051,0.5,0.564,0.055,1
8895,32,0,6,0.808,0.458,0.861,0.0,0.271,0.129,0
8896,64,1,4,0.686,0.517,0.891,0.5,0.307,0.261,0
8897,60,0,5,0.7,0.493,0.553,0.0,0.099,-0.111,0
8898,46,1,10,0.853,0.504,0.782,0.0,0.258,0.261,0
8899,42,0,11,1.039,0.617,1.103,0.0,0.692,0.632,0
8900,80,0,8,0.787,0.461,0.774,0.0,0.077,0.087,1
8901,39,1,10,0.822,0.603,0.7,1.0,0.361,-0.001,0
8902,81,1,9,1.117,0.632,0.685,0.75,0.256,0.397,0
8903,54,0,8,0.859,0.642,0.492,0.0,0.085,0.089,0
8904,51,0,5,0.887,0.686,0.505,0.0,0.016,0.187,0
8905,38,0,10,0.999,0.411,0.866,1.0,0.491,0.126,0
8906,41,0,11,0.739,0.391,0.594,0.0,-0.106,-0.054,0
8907,43,0,8,0.988,0.7,0.91,0.25,0.326,0.136,0
8908,70,0,4,0.745,0.664,0.424,0.0,-0.036,0.047,0
8909,40,1,12,0.956,0.536,1.049,0.0,0.573,0.227,0
8910,53,0,3,0.638,0.7,0.412,0.0,0.113,-0.122,0
8911,55,0,10,0.976,0.497,0.593,0.0,-0.114,0.22,0
8912,44,0,6,0.869,0.645,0.373,0.5,0.001,0.16,0
8913,58,0,10,0.792,0.379,1.279,0.75,0.867,-0.09,1
8914,63,0,9,0.797,0.649,0.845,0.25,0.193,0.268,1
8915,51,1,5,0.958,0.704,0.759,0.25,0.266,0.136,0
8916,79,1,12,0.946,0.499,0.597,1.0,0.237,0.198,0
8917,47,1,4,0.947,0.449,0.422,1.0,-0.106,0.263,0
8918,34,0,9,0.928,0.466,0.792,0.75,0.186,0.235,0
8919,62,0,7,0.965,0.7,0.518,0.0,0.138,0.104,0
8920,59,1,12,0.724,0.564,0.746,0.5,0.092,-0.057,1
8921,54,1,10,0.952,0.557,0.756,0.0,0.25,0.189,0
8922,65,1,10,0.991,0.574,1.097,0.25,0.203,0.35,0
8923,70,0,9,0.901,0.603,0.935,0.5,0.388,0.009,0
8924,36,0,12,1.039,0.636,0.75,0.5,0.312,0.236,0
8925,42,0,10,1.079,0.517,1.121,0.0,0.912,0.434,0
8926,51,1,4,0.72,0.534,0.361,0.0,0.21,0.139,0
8927,59,1,6,0.898,0.636,0.557,0.0,0.053,0.054,0
8928,54,1,12,0.928,0.473,0.618,0.5,0.37,0.085,0
8929,64,0,8,1.175,0.636,0.85,0.0,0.322,0.496,0
8930,35,0,6,0.79,0.603,0.781,0.25,0.089,-0.035,0
8931,37,0,11,0.91,0.56,0.731,0.0,0.207,0.011,0
8932,73,1,11,0.935,0.698,1.005,0.0,0.396,0.3,1
8933,50,0,4,0.909,0.623,0.687,0.0,0.393,0.06,0
8934,51,1,5,0.868,0.669,0.758,0.75,0.478,0.255,0
8935,48,0,7,0.958,0.663,0.801,0.5,0.269,0.216,0
8936,58,0,5,0.74,0.659,0.663,0.0,0.183,-0.037,0
8937,47,1,6,0.859,0.479,0.105,0.0,-0.661,0.268,0
8938,71,0,6,0.888,0.648,0.56,0.75,0.372,0.004,0
8939,79,1,11,0.909,0.504,0.869,0.0,0.371,0.101,1
8940,81,1,8,0.906,0.602,0.63,1.0,0.237,0.064,1
8941,38,1,9,1.065,0.525,0.918,0.25,0.254,0.39,1
8942,35,0,4,0.998,0.632,0.582,0.25,0.374,0.533,0
8943,60,1,5,0.739,0.528,0.713,0.5,0.146,0.203,0
8944,53,1,8,0.722,0.531,0.67,0.0,-0.103,-0.076,0
8945,42,0,12,1.174,0.533,0.952,0.5,0.32,0.404,0
8946,34,1,9,1.094,0.459,0.756,1.0,0.183,0.246,1
8947,33,1,11,1.005,0.547,0.755,0.0,0.188,0.447,0
8948,31,1,5,0.836,0.64,0.539,0.25,0.12,-0.118,0
8949,79,1,9,0.975,0.496,0.799,0.25,0.472,0.11,0
8950,45,0,6,0.853,0.618,0.659,1.0,-0.077,0.072,1
8951,40,1,11,0.84,0.583,0.81,0.0,0.397,-0.072,0
8952,76,1,6,1.208,0.615,0.622,0.75,0.05,0.473,0
8953,50,0,12,1.025,0.487,0.794,0.75,0.471,0.339,1
8954,74,1,3,0.716,0.575,0.527,0.5,0.065,-0.235,0
8955,67,0,10,0.996,0.581,0.495,1.0,-0.276,0.157,0
8956,51,0,4,0.89,0.664,0.629,0.25,0.211,0.147,0
8957,63,0,4,0.84,0.64,0.344,0.25,-0.267,0.164,0
8958,30,1,4,0.781,0.429,0.47,0.0,0.021,-0.261,0
8959,55,0,12,1.097,0.473,0.967,0.25,0.239,0.534,0
8960,83,0,10,1.03,0.549,0.848,0.0,0.217,0.274,1
8961,71,0,7,0.994,0.725,0.803,0.0,0.198,0.29,0
8962,50,0,4,0.717,0.588,0.834,0.0,0.301,-0.226,0
8963,84,1,3,0.733,0.688,0.438,0.75,0.209,-0.098,0
8964,54,0,9,0.883,0.602,0.581,0.0,-0.08,0.145,0
8965,38,1,11,0.889,0.605,0.865,0.0,0.372,0.218,0
8966,40,1,12,0.817,0.572,0.874,0.0,0.559,0.242,0
8967,82,0,7,0.8,0.431,0.811,0.0,0.681,-0.061,1
8968,76,0,3,0.861,0.566,0.514,0.0,0.143,0.398,0
8969,83,1,4,0.79,0.665,0.568,0.5,0.382,-0.022,0
8970,58,1,3,0.858,0.48,0.53,0.25,-0.013,0.164,0
8971,56,0,5,0.878,0.659,0.342,0.25,-0.15,0.073,0
8972,76,1,7,1.062,0.655,0.734,0.0,0.33,0.394,0
8973,80,1,6,0.709,0.569,0.748,0.75,0.476,0.084,1
8974,32,1,5,0.776,0.538,0.664,0.0,0.252,0.001,0
8975,76,0,12,0.891,0.46,1.022,0.5,0.384,0.029,0
8976,84,0,6,0.783,0.543,0.725,0.25,0.162,0.035,1
8977,51,0,4,0.723,0.667,0.79,0.0,0.123,-0.104,0
8978,62,0,3,0.843,0.535,0.74,0.5,0.13,0.312,0
8979,77,1,3,0.831,0.7,0.473,0.25,0.09,-0.001,1
8980,53,0,6,0.959,0.63,0.357,0.5,-0.093,0.022,0
8981,81,0,10,1.052,0.501,0.694,0.0,0.315,0.198,0
8982,39,0,5,0.827,0.585,0.769,0.0,0.222,-0.016,1
8983,82,0,3,0.578,0.553,0.381,0.0,-0.239,0.001,0
8984,74,0,4,0.705,0.446,0.705,0.0,0.13,-0.102,0
8985,81,1,3,0.676,0.753,0.529,0.5,0.103,0.03,0
8986,60,1,11,0.916,0.525,0.733,0.0,0.43,0.046,0
8987,52,0,4,1.045,0.523,0.668,0.25,0.561,0.164,1
8988,60,0,6,0.66,0.54,0.891,0.5,0.393,-0.04,1
8989,84,0,11,1.122,0.553,0.944,0.0,0.252,0.159,0
8990,57,0,12,0.925,0.452,1.176,0.0,0.717,0.074,1
8991,32,0,4,0.826,0.672,0.254,0.75,-0.549,0.24,0
8992,64,1,8,0.89,0.534,0.653,0.0,0.254,0.062,1
8993,42,0,11,1.135,0.474,1.028,1.0,0.647,0.425,0
8994,80,1,4,0.507,0.63,0.648,0.75,0.055,-0.242,0
8995,81,1,12,0.676,0.588,0.785,0.0,0.085,-0.051,1
8996,41,1,12,1.006,0.446,0.885,0.25,0.47,0.323,0
8997,64,1,12,0.932,0.575,0.802,0.5,0.431,0.436,0
8998,53,0,9,0.872,0.54,0.721,0.25,0.405,0.198,0
8999,72,0,8,0.975,0.578,0.235,0.0,-0.101,0.178,0
9000,34,0,3,0.729,0.697,0.719,0.0,0.07,0.016,1
9001,63,0,9,1.096,0.634,0.845,0.0,0.355,0.319,0
9002,73,0,7,1.109,0.68,0.7,0.5,0.243,0.212,0
9003,64,1,6,0.882,0.671,0.791,0.25,0.176,0.186,0
9004,75,0,3,0.738,0.613,0.398,0.75,-0.169,-0.148,0
9005,54,1,5,0.716,0.697,0.75,0.0,0.442,-0.119,0
9006,79,1,12,0.954,0.587,1.171,0.0,0.85,0.177,1
9007,54,0,3,0.616,0.491,0.38,0.0,-0.041,-0.212,0
9008,44,1,4,0.65,0.531,0.7,0.0,0.0,-0.126,0
9009,35,0,12,0.7,0.567,1.069,0.25,0.527,-0.001,0
9010,51,0,7,0.836,0.517,0.782,0.0,0.531,-0.004,0
9011,76,0,6,0.92,0.495,0.681,0.0,0.49,0.308,0
9012,32,0,12,1.111,0.555,0.644,0.25,0.296,0.49,0
9013,59,1,11,0.85,0.427,1.053,0.0,0.461,-0.085,0
9014,82,0,5,0.949,0.501,0.478,0.0,0.104,0.276,0
9015,62,1,8,0.785,0.508,0.848,0.0,0.374,0.095,0
9016,30,0,6,0.938,0.58,0.408,0.25,0.018,0.491,0
9017,44,0,9,0.829,0.576,0.507,0.0,-0.08,0.295,0
9018,59,0,11,0.939,0.477,0.807,0.0,0.48,-0.07,1
9019,58,1,5,0.593,0.644,0.32,1.0,0.223,-0.176,0
9020,54,1,3,0.735,0.543,0.506,0.0,0.09,0.031,0
9021,74,0,9,1.09,0.646,0.712,0.0,0.384,0.39,0
9022,70,1,7,0.998,0.578,0.609,0.0,0.08,0.214,0
9023,36,0,7,0.905,0.408,0.759,0.75,0.158,0.138,0
9024,36,1,7,0.959,0.673,0.893,0.25,0.696,0.174,0
9025,72,1,3,0.69,0.631,0.454,0.0,0.099,0.115,0
9026,37,0,8,1.03,0.407,0.771,0.0,0.295,0.461,0
9027,51,0,5,0.761,0.619,0.326,1.0,-0.282,-0.288,0
9028,41,1,3,0.594,0.526,0.621,0.25,0.047,-0.108,0
9029,37,0,9,0.84,0.614,0.544,0.0,0.405,0.218,0
9030,70,0,10,0.9,0.563,0.438,0.0,-0.076,0.167,0
9031,36,1,8,0.735,0.553,0.798,0.0,0.248,0.192,0
9032,33,1,8,0.911,0.629,0.708,0.75,0.357,0.238,0
9033,73,1,11,0.86,0.704,1.106,0.0,0.624,0.171,0
9034,72,0,9,1.216,0.501,0.774,0.25,0.366,0.715,0
9035,74,0,12,0.806,0.459,1.203,0.0,0.981,-0.029,0
9036,46,1,3,0.986,0.643,0.724,0.5,0.043,0.364,0
9037,69,1,11,0.825,0.7,0.897,0.25,0.197,-0.071,0
9038,31,0,11,0.939,0.582,0.88,0.0,0.185,0.168,0
9039,33,1,8,0.835,0.51,0.852,0.0,0.641,-0.013,0
9040,77,0,10,1.031,0.542,0.798,0.0,0.232,0.391,0
9041,59,1,9,0.897,0.507,0.982,1.0,0.585,-0.019,0
9042,70,0,5,1.029,0.668,0.631,0.0,0.267,0.167,0
9043,52,0,10,1.011,0.519,0.866,0.0,0.542,0.262,0
9044,59,1,12,0.907,0.694,0.987,0.5,0.736,0.203,1
9045,83,0,6,0.947,0.546,0.585,0.25,0.131,0.147,0
9046,47,1,10,0.912,0.475,0.93,0.0,0.716,0.232,0
9047,82,0,8,0.922,0.556,0.838,1.0,0.099,0.2,0
9048,47,1,10,1.118,0.542,0.731,0.75,0.055,0.313,0
9049,48,1,11,0.982,0.53,0.893,0.25,0.699,0.033,0
9050,83,1,5,0.807,0.495,0.207,0.25,-0.493,-0.113,0
9051,54,0,7,0.706,0.48,0.685,0.25,0.288,-0.026,0
9052,38,1,6,0.988,0.575,0.643,0.0,0.119,0.346,0
9053,42,0,4,0.897,0.567,0.767,0.0,0.567,-0.021,0
9054,49,0,3,0.82,0.559,0.437,0.75,0.08,-0.025,0
9055,83,1,12,0.7,0.45,0.814,0.25,0.371,-0.169,1
9056,71,1,4,0.734,0.63,0.521,0.0,-0.113,-0.038,1
9057,51,0,5,0.754,0.736,0.768,0.25,0.12,-0.025,1
9058,76,0,8,0.841,0.513,0.806,1.0,0.105,0.287,0
9059,46,1,3,0.612,0.593,0.522,0.0,-0.005,-0.276,0
9060,32,0,12,1.191,0.7,0.987,0.0,0.666,0.291,0
9061,42,1,9,0.915,0.621,0.7,0.25,0.271,0.314,0
9062,39,0,4,0.481,0.621,0.268,0.0,-0.144,-0.224,0
9063,77,1,4,1.001,0.533,0.776,0.25,-0.031,0.112,0
9064,50,1,10,0.906,0.595,1.077,0.75,0.834,-0.086,0
9065,57,1,6,0.877,0.641,0.461,0.75,-0.239,-0.01,0
9066,39,1,7,0.876,0.7,0.636,1.0,0.271,0.145,0
9067,50,1,11,1.007,0.556,0.895,0.0,0.611,0.379,0
9068,50,1,12,0.738,0.593,0.908,0.0,0.352,0.037,0
9069,42,1,12,1.114,0.609,0.797,0.5,0.16,0.335,1
9070,35,0,5,0.742,0.505,0.457,0.0,-0.188,0.16,0
9071,55,1,8,0.887,0.632,0.832,0.5,0.593,0.032,0
9072,44,1,4,0.721,0.643,0.704,0.0,0.254,0.036,0
9073,64,0,6,0.817,0.653,0.704,0.0,0.043,0.154,0
9074,82,1,4,0.612,0.808,0.363,0.0,-0.11,-0.12,0
9075,54,1,9,0.795,0.497,0.827,0.0,0.319,-0.101,0
9076,50,0,10,0.895,0.665,1.026,0.0,0.298,0.195,0
9077,38,1,11,1.108,0.556,1.166,0.0,0.531,0.388,0
9078,78,0,8,0.942,0.675,0.7,0.0,0.118,0.07,0
9079,58,0,10,0.849,0.496,0.935,0.0,0.492,-0.006,0
9080,31,0,11,1.114,0.55,0.898,0.75,0.198,0.413,0
9081,72,0,9,0.773,0.683,0.824,1.0,0.184,0.04,1
9082,70,0,4,0.734,0.503,0.66,1.0,0.004,-0.124,0
9083,50,1,9,0.931,0.627,0.81,1.0,0.283,0.353,0
9084,38,0,9,0.768,0.725,0.642,0.0,-0.091,0.016,0
9085,74,0,5,0.673,0.551,0.673,0.0,0.255,-0.218,0
9086,63,0,9,0.881,0.417,0.882,0.0,0.438,0.061,0
9087,61,1,12,0.984,0.58,0.751,0.5,0.349,0.187,1
9088,57,1,4,0.718,0.638,0.483,0.75,0.051,-0.025,0
9089,37,0,5,0.806,0.56,0.462,0.5,0.024,-0.152,0
9090,32,1,7,0.7,0.593,0.759,0.0,0.023,-0.041,0
9091,59,1,6,0.757,0.722,0.665,1.0,0.064,0.045,0
9092,84,1,6,0.799,0.565,0.657,1.0,0.088,-0.084,1
9093,80,1,9,0.964,0.431,0.915,0.25,0.282,0.341,1
9094,77,0,6,0.804,0.538,0.607,0.25,0.264,0.017,0
9095,42,1,9,0.664,0.487,0.7,0.5,0.395,-0.174,1
9096,75,1,4,0.892,0.664,0.592,0.0,0.378,-0.091,0
9097,34,0,7,1.069,0.517,0.948,0.0,0.354,0.272,0
9098,53,1,3,0.728,0.641,0.518,0.0,-0.266,0.024,0
9099,50,1,9,0.879,0.551,0.693,0.0,0.387,-0.133,0
9100,34,0,4,0.735,0.627,0.208,0.0,-0.001,-0.251,0
9101,36,1,3,0.735,0.675,0.955,0.25,0.342,-0.004,0
9102,37,1,9,0.982,0.534,1.178,0.0,0.792,0.329,0
9103,74,1,3,0.691,0.698,0.597,0.0,0.387,-0.021,0
9104,79,1,6,0.823,0.527,0.606,1.0,-0.086,0.152,0
9105,51,0,12,1.065,0.602,1.106,1.0,0.582,0.317,0
9106,43,0,12,0.893,0.508,1.001,1.0,0.741,0.288,0
9107,31,1,9,1.004,0.444,0.881,1.0,0.169,0.119,1
9108,65,0,3,0.785,0.722,0.602,1.0,0.377,-0.005,0
9109,53,1,12,0.9,0.597,0.968,0.5,0.534,0.004,1
9110,53,0,12,0.823,0.529,1.003,0.25,0.903,0.101,0
9111,45,0,8,0.767,0.536,0.852,1.0,0.36,-0.121,0
9112,53,0,9,0.904,0.556,0.988,0.75,0.79,0.21,0
9113,77,1,11,0.972,0.414,0.867,0.0,0.307,0.306,0
9114,50,1,7,0.897,0.631,0.8,1.0,0.107,0.173,0
9115,57,0,11,1.008,0.554,0.852,0.0,0.176,0.0,0
9116,76,1,3,0.731,0.647,0.472,0.5,-0.103,0.044,0
9117,68,0,8,0.823,0.58,0.751,0.0,0.199,0.032,0
9118,44,0,7,0.959,0.526,0.803,0.0,0.63,0.259,0
9119,34,0,9,0.7,0.575,0.526,0.0,0.24,-0.032,0
9120,69,1,12,0.921,0.618,0.904,0.75,0.61,0.531,0
9121,48,0,10,0.923,0.527,0.855,0.0,0.358,0.24,0
9122,36,1,12,1.162,0.582,0.891,1.0,0.639,0.336,0
9123,35,1,4,0.542,0.62,0.296,0.0,-0.19,-0.001,0
9124,81,0,5,0.627,0.643,0.709,0.0,0.467,-0.193,0
9125,51,0,8,0.96,0.585,0.755,0.0,0.381,0.176,0
9126,55,0,10,1.249,0.509,0.759,0.0,-0.019,0.559,1
9127,80,1,4,0.824,0.753,0.314,0.0,0.006,-0.05,0
9128,32,1,9,1.034,0.53,0.613,0.0,0.509,0.233,0
9129,55,0,4,0.7,0.642,0.777,0.25,0.354,-0.085,1
9130,53,1,7,0.893,0.588,0.758,0.0,0.208,0.146,0
9131,34,1,5,0.802,0.587,0.927,0.0,0.473,0.321,0
9132,57,0,7,0.7,0.661,0.879,0.5,0.362,-0.233,1
9133,31,0,12,0.973,0.548,0.905,0.25,0.4,0.27,0
9134,70,1,9,0.86,0.569,0.565,0.25,0.014,0.16,0
9135,76,0,11,1.012,0.537,0.717,0.0,0.35,0.278,1
9136,65,0,6,0.918,0.577,0.706,0.25,0.08,0.097,1
9137,80,1,10,0.828,0.641,0.776,0.0,0.501,-0.095,1
9138,78,0,12,1.024,0.705,0.607,0.0,0.145,0.317,0
9139,70,1,4,1.019,0.678,0.219,0.0,-0.064,0.27,0
9140,74,1,6,0.926,0.687,0.546,0.0,-0.04,0.226,0
9141,45,0,7,0.821,0.572,0.521,0.0,0.206,0.176,0
9142,64,0,5,0.758,0.528,0.524,0.0,0.48,0.122,0
9143,68,1,9,1.137,0.539,0.527,0.0,0.138,0.598,0
9144,49,0,9,0.868,0.595,0.754,0.75,0.454,0.218,0
9145,45,0,12,0.996,0.56,0.7,0.0,0.321,0.299,0
9146,57,0,9,0.977,0.586,0.931,0.25,0.29,0.204,0
9147,61,0,7,0.786,0.58,0.669,0.0,0.052,0.001,0
9148,41,0,5,0.807,0.621,0.474,0.0,-0.0,0.17,0
9149,35,1,12,0.866,0.72,0.714,0.5,0.315,0.358,1
9150,52,1,4,0.827,0.565,0.247,0.0,-0.325,0.06,0
9151,59,1,3,0.926,0.684,0.608,0.5,0.223,0.163,0
9152,66,1,9,0.634,0.542,0.854,0.25,0.288,-0.117,0
9153,57,1,8,0.889,0.543,0.509,0.0,0.193,0.204,0
9154,79,1,11,0.862,0.542,0.896,0.5,0.526,0.1,0
9155,53,0,5,1.125,0.522,0.579,1.0,0.287,0.156,0
9156,52,0,10,0.854,0.418,0.491,0.5,-0.081,0.105,0
9157,56,1,10,0.796,0.402,0.928,0.0,0.45,0.077,1
9158,36,0,3,0.7,0.479,0.749,0.5,0.271,-0.204,0
9159,77,0,8,1.003,0.601,0.494,0.25,0.271,0.444,0
9160,56,0,3,0.718,0.658,0.829,0.0,0.306,0.014,0
9161,52,1,5,0.932,0.637,0.524,0.25,0.274,0.085,0
9162,81,0,6,1.067,0.581,0.617,0.0,0.322,0.4,0
9163,50,0,9,0.938,0.625,0.753,0.25,0.313,0.167,0
9164,38,1,5,0.721,0.653,1.012,0.75,0.467,-0.192,0
9165,60,1,9,0.7,0.502,0.732,0.0,0.354,-0.055,0
9166,69,1,5,0.754,0.568,0.59,0.0,0.373,0.036,0
9167,33,1,9,0.896,0.494,0.931,0.5,0.51,0.378,0
9168,36,1,6,0.817,0.545,0.489,0.25,0.085,0.194,0
9169,49,0,5,0.883,0.645,0.317,0.0,-0.379,0.181,0
9170,57,0,8,0.857,0.722,0.562,0.0,0.153,-0.079,0
9171,64,1,8,1.244,0.668,0.673,0.25,0.115,0.497,1
9172,43,1,9,0.78,0.432,0.613,0.0,-0.126,0.027,0
9173,76,0,6,0.932,0.618,0.684,0.75,0.019,0.21,0
9174,45,0,10,0.947,0.728,1.057,0.0,0.522,0.303,0
9175,52,1,8,0.785,0.543,0.705,0.0,0.261,-0.054,0
9176,71,0,9,0.802,0.481,0.631,0.0,0.284,0.247,0
9177,31,0,6,0.808,0.642,0.722,0.25,0.185,0.051,0
9178,72,1,6,0.744,0.493,0.651,0.25,0.198,-0.013,0
9179,73,1,12,1.1,0.534,0.501,0.25,0.159,0.478,0
9180,47,1,6,0.845,0.552,0.839,0.0,0.14,0.088,0
9181,84,1,5,0.808,0.578,0.403,0.0,0.007,0.083,0
9182,84,0,6,0.552,0.708,0.81,0.0,0.563,-0.136,1
9183,44,1,11,0.884,0.593,0.949,0.0,0.514,0.254,0
9184,38,1,5,0.832,0.468,0.633,0.0,0.299,0.078,0
9185,67,0,10,1.033,0.505,0.718,0.25,0.068,0.228,1
9186,69,1,7,1.053,0.453,0.532,0.5,-0.116,0.293,0
9187,50,0,6,0.922,0.551,0.74,1.0,0.372,0.353,0
9188,30,0,4,0.822,0.414,0.812,0.0,0.257,-0.102,0
9189,36,0,3,0.864,0.596,0.571,0.0,0.137,0.045,0
9190,43,0,9,0.955,0.41,0.599,0.5,0.302,0.257,0
9191,64,1,5,0.866,0.704,0.446,0.0,-0.029,0.207,0
9192,55,1,7,1.015,0.65,0.656,0.0,0.192,0.102,0
9193,63,1,10,0.7,0.577,0.462,0.0,-0.01,-0.048,0
9194,32,0,4,0.84,0.723,0.836,0.75,0.351,0.13,0
9195,35,0,3,0.613,0.514,0.429,0.0,-0.054,-0.177,0
9196,79,0,5,0.858,0.555,0.824,0.0,0.648,-0.218,0
9197,83,1,11,0.913,0.533,0.911,0.0,0.409,0.524,0
9198,42,0,8,0.93,0.579,0.759,0.0,0.173,0.332,0
9199,32,1,12,0.885,0.406,0.675,0.25,0.311,0.156,0
9200,80,1,7,0.821,0.674,0.787,0.0,0.332,0.07,0
9201,66,0,11,1.075,0.52,0.813,0.0,0.228,0.283,0
9202,81,1,12,1.136,0.492,1.073,0.0,0.621,0.397,0
9203,53,0,4,0.809,0.657,0.932,0.0,0.484,0.004,0
9204,36,1,3,0.603,0.449,0.542,1.0,-0.158,-0.201,0
9205,62,1,6,1.016,0.591,0.842,1.0,0.006,0.311,0
9206,50,1,3,0.799,0.579,0.701,1.0,-0.029,0.065,0
9207,67,0,6,0.714,0.734,0.613,0.0,0.101,-0.016,0
9208,69,0,11,0.947,0.544,1.054,0.0,0.546,0.17,0
9209,84,1,4,0.787,0.64,0.544,0.25,0.123,0.107,1
9210,83,0,11,1.057,0.509,0.971,0.0,0.481,0.203,0
9211,55,1,3,0.884,0.741,0.519,0.75,0.442,0.16,0
9212,45,0,5,1.034,0.561,0.575,0.0,0.235,0.308,0
9213,69,0,6,0.81,0.559,0.915,0.5,0.414,-0.13,1
9214,53,0,6,0.735,0.648,0.774,0.5,0.421,-0.052,0
9215,38,1,10,1.062,0.486,0.848,0.0,0.505,0.228,1
9216,31,1,6,0.935,0.494,0.767,0.25,0.145,0.149,0
9217,61,0,4,0.921,0.58,0.746,0.0,0.297,0.046,1
9218,45,1,10,0.7,0.543,0.766,0.0,0.585,0.139,1
9219,50,1,12,0.956,0.669,0.852,0.5,0.277,0.15,0
9220,43,0,6,0.896,0.608,0.729,0.0,0.538,0.003,0
9221,55,0,9,1.214,0.638,0.972,0.25,0.38,0.437,1
9222,35,0,3,0.567,0.555,0.598,0.0,0.387,-0.239,0
9223,68,0,10,0.768,0.586,0.7,0.0,0.119,0.067,0
9224,83,1,9,1.02,0.703,0.802,0.5,0.21,0.194,0
9225,46,1,4,0.682,0.569,0.543,1.0,-0.287,-0.074,0
9226,61,0,12,0.958,0.559,0.769,0.5,0.503,0.023,0
9227,62,1,11,1.026,0.392,0.333,0.75,-0.367,0.429,0
9228,68,0,7,0.788,0.63,0.577,0.25,0.336,0.143,0
9229,58,1,7,0.887,0.603,0.724,0.0,0.195,0.028,0
9230,42,1,6,0.865,0.569,0.948,0.5,0.223,0.277,0
9231,33,0,4,0.927,0.558,0.626,0.0,0.291,0.17,0
9232,37,1,8,0.826,0.633,0.455,0.0,0.106,0.141,0
9233,41,0,10,0.809,0.572,1.05,0.75,0.45,-0.209,0
9234,47,1,9,0.851,0.7,0.827,0.0,0.287,0.23,0
9235,35,0,8,1.002,0.652,0.957,0.0,0.634,0.347,0
9236,47,1,5,0.757,0.386,0.693,1.0,0.139,0.041,0
9237,46,1,3,0.858,0.504,0.575,0.0,0.105,0.061,0
9238,67,0,12,1.06,0.504,1.297,1.0,0.734,0.332,1
9239,69,0,11,0.735,0.498,0.967,0.5,0.667,-0.114,0
9240,38,0,8,0.895,0.581,0.808,0.25,0.289,-0.022,0
9241,38,0,4,0.93,0.649,0.499,0.0,0.333,0.215,0
9242,54,1,6,0.791,0.627,0.4,0.0,-0.182,0.106,0
9243,59,1,8,0.942,0.727,0.593,0.0,0.045,0.28,0
9244,78,0,12,0.851,0.462,1.131,0.25,0.72,0.237,1
9245,54,1,9,0.984,0.58,0.667,0.75,0.314,0.022,0
9246,33,0,4,0.696,0.545,0.334,0.0,-0.365,-0.081,0
9247,69,0,6,0.819,0.429,0.763,0.0,0.083,0.088,0
9248,64,0,5,0.8,0.651,0.851,0.25,0.165,0.215,0
9249,83,0,8,1.042,0.505,0.872,0.0,0.452,0.285,0
9250,43,1,8,0.843,0.564,0.772,0.5,0.516,-0.196,0
9251,65,1,4,0.891,0.7,0.513,0.25,0.058,0.064,0
9252,72,0,7,0.777,0.555,0.658,0.0,0.221,0.149,0
9253,56,0,5,0.938,0.607,0.7,1.0,0.394,0.337,0
9254,75,0,8,0.895,0.583,0.971,0.0,0.449,0.063,1
9255,38,1,3,0.877,0.497,0.454,0.75,0.118,-0.182,0
9256,57,1,7,1.094,0.699,0.811,0.5,0.223,0.263,1
9257,71,1,8,0.803,0.496,1.197,0.0,0.836,0.006,0
9258,44,0,12,0.836,0.588,0.833,0.25,0.347,0.071,0
9259,80,1,10,0.816,0.526,1.327,1.0,0.743,0.097,0
9260,70,1,6,0.897,0.635,0.651,1.0,0.035,0.164,0
9261,64,0,12,1.034,0.565,1.067,0.0,0.387,0.091,0
9262,65,0,6,1.022,0.612,0.718,0.25,0.23,0.122,0
9263,79,0,10,1.166,0.565,0.938,0.0,0.484,0.48,1
9264,69,0,9,0.707,0.6,0.778,0.75,0.473,-0.075,0
9265,74,0,11,0.927,0.417,0.641,0.0,0.348,-0.14,0
9266,55,1,8,0.595,0.636,0.857,0.0,0.518,-0.115,1
9267,45,1,9,0.899,0.505,0.928,0.0,0.175,0.222,0
9268,38,0,10,0.724,0.631,0.855,1.0,0.404,0.013,0
9269,46,0,10,0.999,0.527,0.607,0.5,0.304,0.278,0
9270,36,1,11,1.102,0.49,0.96,0.0,0.692,0.354,0
9271,34,1,11,0.868,0.452,0.881,0.75,0.429,0.075,0
9272,80,1,5,0.735,0.592,0.501,0.25,0.019,-0.011,0
9273,54,1,8,1.025,0.541,0.967,0.75,0.622,0.298,0
9274,59,1,7,0.841,0.577,0.741,0.75,0.342,0.146,0
9275,59,1,8,0.98,0.398,0.675,0.0,0.488,0.026,0
9276,64,1,7,0.848,0.623,0.869,0.0,0.854,0.166,0
9277,66,1,7,1.037,0.491,0.603,0.5,0.047,0.322,1
9278,38,1,9,0.872,0.656,0.929,0.0,0.595,0.088,1
9279,33,0,5,0.644,0.599,0.689,0.0,0.137,0.054,0
9280,50,1,10,0.966,0.664,0.751,0.75,0.142,0.247,0
9281,82,1,4,0.888,0.494,0.672,1.0,0.199,0.345,1
9282,42,1,5,0.842,0.485,0.6,0.0,0.223,0.041,0
9283,49,0,10,0.995,0.612,1.074,0.75,0.803,0.394,1
9284,74,0,7,1.095,0.582,0.51,0.25,-0.045,0.453,0
9285,53,1,10,0.792,0.567,0.677,0.0,0.468,-0.011,0
9286,76,1,9,1.062,0.569,0.882,0.0,0.096,0.268,0
9287,43,0,5,0.874,0.641,0.567,0.5,0.094,-0.028,0
9288,69,1,9,0.933,0.657,0.71,0.0,0.205,0.024,0
9289,42,0,8,0.993,0.599,1.156,0.25,0.462,0.172,0
9290,52,0,11,0.736,0.538,1.013,0.0,0.467,-0.013,0
9291,69,1,5,0.749,0.614,0.481,0.0,-0.219,-0.169,0
9292,42,1,12,0.822,0.602,1.055,0.0,0.816,0.162,1
9293,33,1,10,0.897,0.569,0.752,0.0,0.418,0.169,1
9294,75,0,8,0.823,0.633,0.597,0.0,-0.086,0.045,0
9295,47,0,3,0.899,0.669,0.704,0.25,0.186,0.259,0
9296,34,1,9,1.037,0.574,0.983,0.75,0.559,0.488,0
9297,43,0,3,0.609,0.696,0.946,0.25,-0.103,-0.146,0
9298,48,1,8,0.9,0.481,0.431,0.0,0.078,-0.027,0
9299,33,0,4,0.552,0.553,0.389,0.0,-0.023,-0.345,0
9300,76,0,7,0.937,0.667,0.93,0.0,0.236,0.286,1
9301,60,1,7,0.822,0.586,0.739,0.5,0.443,0.025,0
9302,41,1,7,0.804,0.597,0.722,0.0,0.341,-0.1,0
9303,65,1,7,0.835,0.497,0.962,0.75,0.35,0.099,0
9304,31,0,8,1.056,0.457,0.882,0.0,0.57,0.356,0
9305,61,1,10,1.083,0.488,0.635,0.75,-0.088,0.398,0
9306,68,1,7,0.7,0.543,0.772,0.75,0.391,0.21,0
9307,42,1,8,0.928,0.638,0.635,0.0,0.386,0.188,0
9308,32,0,8,1.069,0.7,0.796,1.0,0.162,0.358,0
9309,33,1,7,0.826,0.574,0.514,0.0,0.113,0.146,0
9310,57,0,7,1.04,0.506,0.873,0.5,0.556,0.216,1
9311,39,0,12,0.887,0.503,0.987,0.25,0.581,0.327,0
9312,81,1,9,1.072,0.453,1.11,0.25,0.599,0.514,0
9313,55,1,4,0.998,0.669,0.452,0.0,0.069,0.218,0
9314,56,1,8,0.918,0.547,1.038,1.0,0.735,-0.002,0
9315,55,0,8,0.732,0.548,0.939,0.75,0.601,0.01,1
9316,31,0,4,0.496,0.673,0.458,0.5,-0.208,-0.469,0
9317,80,0,12,0.902,0.529,0.995,0.25,0.392,0.236,0
9318,47,1,12,1.007,0.629,0.691,0.0,0.215,0.273,0
9319,45,0,6,0.734,0.532,0.65,0.5,0.2,-0.216,0
9320,67,1,12,1.158,0.504,0.632,0.5,0.314,0.458,0
9321,51,0,4,0.989,0.641,0.797,1.0,0.053,0.454,0
9322,50,1,6,0.739,0.558,0.487,0.5,0.168,0.113,0
9323,51,0,11,0.92,0.52,0.608,0.75,0.268,0.026,0
9324,58,1,12,0.889,0.607,0.92,0.5,0.494,-0.024,0
9325,38,0,6,0.763,0.619,0.537,0.5,-0.163,0.431,0
9326,82,1,7,0.888,0.489,0.368,0.5,-0.063,0.086,0
9327,71,0,7,0.747,0.469,0.811,0.5,0.396,-0.115,0
9328,36,0,4,0.7,0.768,0.729,0.0,0.228,0.155,0
9329,51,0,5,0.756,0.654,0.541,0.75,0.009,0.074,0
9330,50,0,6,0.714,0.568,0.522,0.75,0.021,0.103,0
9331,58,0,9,0.7,0.488,0.783,0.25,0.301,-0.007,1
9332,48,0,8,0.857,0.511,0.798,0.0,0.268,0.219,0
9333,58,0,7,0.656,0.535,0.825,0.25,0.128,-0.026,0
9334,74,1,10,0.921,0.7,0.651,0.0,0.311,0.079,0
9335,68,1,10,0.748,0.503,0.87,0.0,0.102,0.117,0
9336,66,1,9,1.049,0.496,0.778,0.25,0.623,0.46,0
9337,47,0,8,1.129,0.61,0.785,1.0,0.2,0.25,1
9338,46,0,4,0.693,0.632,0.51,1.0,0.407,-0.021,0
9339,80,0,12,0.937,0.553,0.736,0.0,0.241,0.191,0
9340,59,1,10,0.997,0.536,1.237,0.0,0.635,0.187,0
9341,54,0,8,0.973,0.587,0.466,0.25,0.133,0.172,0
9342,52,0,3,0.823,0.573,0.476,1.0,-0.058,0.291,0
9343,77,1,5,0.842,0.6,0.878,0.25,0.404,-0.055,0
9344,50,0,12,0.926,0.481,1.212,0.0,0.752,0.13,0
9345,72,1,9,0.995,0.555,0.845,0.75,0.415,0.256,0
9346,47,1,6,1.12,0.6,0.721,0.5,0.364,0.278,0
9347,66,1,3,0.842,0.623,0.746,1.0,0.063,0.092,0
9348,82,0,6,0.682,0.547,0.758,0.75,0.317,-0.049,1
9349,40,0,11,0.987,0.641,0.96,1.0,0.659,0.123,0
9350,65,0,8,1.116,0.652,0.7,0.0,0.024,0.362,1
9351,75,1,12,0.903,0.508,1.034,0.0,0.532,0.231,1
9352,39,0,3,0.959,0.7,0.535,0.0,0.217,0.213,0
9353,65,1,11,1.104,0.586,0.93,0.75,0.755,0.439,0
9354,65,0,11,0.936,0.577,1.01,1.0,0.631,0.23,0
9355,49,0,9,0.935,0.72,0.75,0.25,0.302,0.216,0
9356,37,0,5,0.8,0.663,0.39,1.0,0.087,0.315,0
9357,41,0,12,0.995,0.641,0.648,0.75,0.234,0.368,0
9358,58,1,7,0.794,0.552,0.444,0.5,0.037,-0.102,0
9359,56,1,6,0.54,0.377,0.63,0.0,0.056,-0.028,0
9360,64,1,9,0.826,0.482,0.773,0.75,0.002,0.119,1
9361,54,1,5,1.032,0.556,0.82,0.25,0.222,0.243,0
9362,37,0,8,0.953,0.595,0.658,0.0,0.096,0.253,0
9363,73,0,7,0.823,0.589,0.724,0.5,0.367,-0.031,0
9364,32,1,4,0.95,0.634,0.601,0.0,0.148,0.028,0
9365,41,0,3,0.814,0.678,0.566,0.75,0.011,-0.164,0
9366,77,1,6,0.901,0.5,0.645,0.25,0.292,0.172,0
9367,39,0,7,0.948,0.506,0.732,0.0,0.443,0.17,0
9368,76,1,9,0.946,0.497,0.81,0.5,0.532,0.08,0
9369,31,1,9,0.937,0.559,1.204,0.0,0.707,0.126,0
9370,40,0,12,0.991,0.444,0.854,0.0,0.476,0.239,0
9371,37,0,8,1.04,0.586,0.952,1.0,0.624,0.133,0
9372,57,0,9,1.012,0.671,0.64,0.0,0.33,0.115,0
9373,37,1,10,1.032,0.624,0.853,0.0,0.258,0.41,0
9374,82,1,3,0.728,0.668,0.479,0.75,-0.049,0.131,0
9375,62,1,4,0.635,0.53,0.531,0.0,0.169,-0.109,0
9376,58,1,7,1.045,0.587,0.63,0.25,0.44,0.263,0
9377,78,1,9,0.913,0.429,0.689,0.0,0.118,0.336,0
9378,42,0,7,0.827,0.612,0.436,0.0,0.18,-0.093,0
9379,72,0,10,1.006,0.547,1.115,0.25,0.67,0.032,0
9380,55,1,11,0.907,0.664,0.627,0.5,0.038,0.12,0
9381,40,0,10,0.832,0.594,1.001,0.75,0.749,0.02,0
9382,59,1,10,0.821,0.464,0.848,0.0,0.245,0.058,0
9383,77,0,6,0.906,0.602,0.478,1.0,-0.036,0.048,0
9384,46,1,4,0.874,0.561,0.733,0.5,0.521,0.118,1
9385,79,0,12,0.686,0.581,0.472,0.0,-0.4,-0.286,0
9386,48,0,5,1.021,0.538,0.509,1.0,0.254,0.18,0
9387,45,1,7,0.852,0.7,0.723,0.0,0.023,-0.057,0
9388,40,1,9,0.914,0.449,0.662,0.0,0.018,0.293,0
9389,75,1,5,0.828,0.658,0.582,0.25,0.107,0.029,0
9390,56,1,3,0.878,0.726,0.799,0.0,0.264,0.023,0
9391,79,1,10,1.046,0.594,0.761,0.0,0.126,0.202,0
9392,47,0,7,0.687,0.528,0.886,0.0,0.34,-0.09,0
9393,35,1,12,0.7,0.572,1.229,0.0,0.774,0.111,0
9394,43,1,4,0.747,0.583,0.739,0.5,0.41,0.026,0
9395,31,0,4,1.059,0.613,0.736,0.0,0.329,0.33,0
9396,69,1,3,0.731,0.673,0.752,0.5,0.325,-0.201,1
9397,34,1,9,0.869,0.484,0.648,1.0,0.212,0.026,0
9398,74,1,11,0.848,0.443,0.733,0.5,-0.067,0.207,0
9399,81,1,7,0.854,0.63,0.855,0.0,0.255,0.293,0
9400,79,1,9,0.854,0.68,0.806,0.25,0.457,-0.078,0
9401,52,1,9,0.874,0.518,0.618,1.0,0.373,-0.078,0
9402,32,0,3,0.825,0.527,0.313,0.0,0.077,0.214,0
9403,70,0,6,0.747,0.604,0.724,0.75,0.377,-0.017,0
9404,63,1,12,0.96,0.51,1.042,0.75,0.644,0.103,1
9405,55,0,7,0.734,0.693,0.382,0.0,0.147,0.138,0
9406,48,0,3,0.763,0.662,0.42,0.25,-0.102,0.146,0
9407,49,1,5,0.893,0.606,0.531,0.0,0.004,0.157,0
9408,82,0,8,0.915,0.623,0.554,0.0,-0.282,0.092,0
9409,42,0,10,0.91,0.644,0.864,0.0,0.664,-0.058,0
9410,45,0,10,0.847,0.61,0.871,0.5,0.458,-0.041,1
9411,42,1,3,1.15,0.714,0.483,0.0,-0.071,0.398,0
9412,59,1,6,1.035,0.618,0.781,0.5,0.61,0.268,0
9413,83,1,11,0.943,0.615,0.851,0.0,0.478,0.265,0
9414,35,1,12,1.045,0.439,0.693,0.25,0.289,0.3,0
9415,64,0,10,0.7,0.578,0.748,0.0,0.269,0.065,0
9416,39,1,4,0.767,0.636,0.321,0.0,0.109,-0.13,0
9417,42,1,3,0.747,0.675,0.7,0.25,0.0,0.001,0
9418,53,1,6,0.751,0.52,0.529,0.0,-0.126,0.125,0
9419,56,0,3,0.735,0.632,0.694,0.0,-0.018,0.034,0
9420,73,1,10,0.824,0.462,0.725,0.25,0.161,0.165,0
9421,41,0,3,0.985,0.669,0.771,0.5,0.573,0.186,0
9422,69,1,5,0.839,0.52,1.018,0.0,0.544,0.101,1
9423,71,1,10,0.999,0.7,0.903,1.0,0.166,0.238,0
9424,69,1,3,0.826,0.681,0.319,0.5,-0.051,-0.046,0
9425,84,0,8,0.824,0.631,0.344,0.25,-0.273,0.002,0
9426,77,0,3,0.827,0.653,0.764,0.0,0.229,0.127,0
9427,83,1,4,0.997,0.474,0.685,0.0,0.358,0.289,1
9428,63,1,11,0.888,0.565,0.689,0.25,-0.011,0.154,0
9429,56,1,10,0.764,0.505,1.012,0.0,0.325,-0.027,0
9430,35,0,6,0.703,0.617,0.73,0.0,0.227,0.078,0
9431,67,0,6,0.875,0.679,0.89,0.25,0.485,0.29,0
9432,83,0,11,1.018,0.484,0.52,0.0,0.11,0.318,0
9433,51,1,6,0.983,0.454,0.86,0.0,0.107,0.166,0
9434,37,0,5,0.743,0.625,0.62,0.75,0.514,0.009,0
9435,60,0,4,0.769,0.585,0.722,0.0,0.243,-0.04,0
9436,43,0,3,1.115,0.725,0.69,0.0,-0.01,0.243,0
9437,47,0,4,0.884,0.609,0.615,0.0,0.054,0.186,0
9438,42,0,6,0.718,0.7,0.644,0.75,0.105,0.045,0
9439,49,0,5,0.716,0.622,0.59,0.0,0.362,-0.138,0
9440,68,0,6,0.804,0.629,0.466,0.0,0.161,0.079,0
9441,31,0,5,0.705,0.54,0.743,0.5,0.231,-0.047,1
9442,60,1,11,0.768,0.625,1.088,1.0,0.577,0.11,0
9443,72,1,6,0.86,0.606,0.501,0.25,0.181,0.063,0
9444,59,1,10,0.895,0.446,1.039,0.0,0.638,0.063,0
9445,56,0,11,0.887,0.609,0.976,0.75,0.388,0.187,0
9446,53,1,8,0.927,0.645,1.034,0.0,0.651,0.194,0
9447,70,0,3,0.923,0.653,0.469,0.0,0.044,0.169,0
9448,77,0,3,0.621,0.58,0.747,1.0,0.081,-0.063,0
9449,51,1,11,0.906,0.535,0.648,0.0,0.216,0.234,0
9450,79,1,7,0.7,0.677,0.687,1.0,0.104,-0.225,0
9451,57,0,11,0.866,0.416,0.7,0.75,0.311,0.243,1
9452,46,1,6,0.811,0.633,0.489,1.0,-0.104,0.048,0
9453,50,1,3,0.893,0.533,0.7,0.0,0.38,0.14,0
9454,65,0,12,1.081,0.593,1.359,0.0,0.894,0.23,1
9455,32,0,11,0.965,0.45,0.791,0.0,0.358,0.243,0
9456,48,0,10,0.809,0.539,1.053,0.0,0.422,0.145,0
9457,66,1,10,0.955,0.403,0.924,0.0,0.839,0.261,0
9458,60,1,8,0.953,0.468,0.726,1.0,0.386,-0.072,0
9459,31,0,5,0.873,0.57,0.491,0.0,0.086,0.121,0
9460,46,0,8,0.706,0.7,0.611,0.5,0.005,-0.227,0
9461,60,1,9,0.968,0.577,0.803,0.5,0.197,0.301,0
9462,49,0,3,0.914,0.571,0.725,0.0,0.246,0.247,0
9463,45,0,4,0.616,0.582,0.448,1.0,-0.202,-0.147,0
9464,72,0,4,0.697,0.548,0.272,0.0,-0.138,-0.123,0
9465,43,0,8,0.882,0.525,0.743,1.0,0.436,-0.064,0
9466,46,1,7,0.981,0.619,0.586,0.5,0.137,0.222,0
9467,52,0,8,0.701,0.555,0.753,0.75,0.331,0.056,0
9468,54,1,9,0.937,0.613,0.982,0.5,0.418,0.385,0
9469,56,1,5,0.934,0.497,0.507,0.75,0.042,0.273,0
9470,30,1,8,0.871,0.588,0.696,0.75,0.189,-0.115,0
9471,32,0,8,0.847,0.6,0.945,0.5,0.443,-0.159,0
9472,74,0,7,0.759,0.488,0.7,0.5,0.243,0.282,1
9473,49,0,8,0.971,0.734,0.885,0.0,0.436,0.424,0
9474,49,1,8,0.858,0.457,0.726,0.0,0.198,0.158,1
9475,38,1,9,1.023,0.59,0.765,0.75,0.351,0.452,0
9476,33,1,4,0.963,0.644,0.383,0.0,-0.422,0.292,0
9477,45,0,12,1.051,0.487,0.846,0.0,0.49,0.205,0
9478,50,1,3,1.126,0.588,0.707,0.0,0.365,0.202,0
9479,36,0,7,0.886,0.531,0.987,0.0,0.423,0.189,0
9480,77,1,6,0.831,0.519,0.909,0.75,0.268,0.055,1
9481,69,0,10,1.078,0.607,0.806,0.5,0.233,0.211,0
9482,39,0,9,1.074,0.503,0.877,0.0,0.437,0.657,0
9483,75,1,9,0.965,0.55,0.909,0.25,0.329,0.388,0
9484,46,1,3,0.715,0.627,0.693,0.5,0.028,-0.026,0
9485,31,1,4,0.655,0.54,0.514,0.0,0.165,-0.08,0
9486,73,1,4,0.519,0.809,0.448,0.25,-0.115,-0.403,0
9487,75,0,11,0.852,0.622,0.796,0.0,0.4,0.355,1
9488,67,0,12,1.053,0.491,1.188,0.0,0.889,0.274,0
9489,53,1,10,0.986,0.506,1.058,0.5,0.561,0.273,0
9490,32,1,11,0.962,0.632,0.781,0.0,0.511,0.369,0
9491,44,1,12,0.989,0.486,0.586,0.0,0.295,0.014,0
9492,55,0,12,1.047,0.419,1.073,0.0,0.92,0.265,0
9493,46,1,10,0.907,0.603,0.694,0.75,0.227,0.208,0
9494,71,1,3,0.812,0.668,0.524,0.5,0.069,0.204,0
9495,62,0,11,0.86,0.583,0.7,0.0,0.373,0.16,1
9496,51,0,4,0.847,0.639,0.712,0.75,0.195,0.072,0
9497,55,0,10,1.263,0.646,1.014,0.0,0.295,0.563,0
9498,67,1,9,0.959,0.564,0.965,0.5,0.599,0.252,0
9499,53,0,7,0.8,0.541,0.763,0.25,0.104,0.102,0
9500,58,0,9,0.9,0.698,0.674,0.25,0.111,0.187,0
9501,65,1,5,0.87,0.722,0.493,0.25,-0.027,0.1,0
9502,67,1,7,0.731,0.7,0.724,0.0,0.111,-0.092,0
9503,47,1,12,0.872,0.564,1.051,0.75,0.437,0.169,0
9504,58,1,6,0.617,0.588,0.936,0.0,0.463,-0.241,0
9505,65,0,12,0.98,0.568,0.837,0.75,0.569,0.174,0
9506,50,1,11,1.006,0.49,0.881,0.0,0.464,0.266,0
9507,83,1,9,1.048,0.639,0.812,0.0,0.398,0.171,1
9508,79,1,4,0.797,0.63,0.664,0.0,0.283,0.071,0
9509,64,1,12,1.032,0.52,1.109,1.0,0.768,0.265,1
9510,75,1,11,0.909,0.603,0.761,0.25,0.379,-0.005,0
9511,67,1,6,1.102,0.618,0.723,1.0,0.252,0.18,0
9512,42,0,10,1.066,0.638,0.982,0.25,0.662,0.169,0
9513,74,0,10,0.85,0.577,0.647,0.75,0.086,-0.064,0
9514,47,1,11,1.005,0.463,0.996,0.75,0.607,0.001,0
9515,69,0,7,1.034,0.523,0.7,1.0,0.633,0.228,0
9516,54,0,12,0.81,0.508,0.828,0.5,0.563,-0.073,0
9517,63,1,12,0.879,0.544,1.074,0.0,0.445,0.209,0
9518,32,0,11,0.975,0.669,0.958,0.5,0.481,0.36,1
9519,32,1,7,0.806,0.497,0.692,0.25,0.215,-0.04,0
9520,70,1,9,0.898,0.564,0.763,0.0,0.215,0.25,0
9521,70,0,5,0.719,0.478,0.266,1.0,-0.565,0.005,0
9522,47,1,6,0.711,0.713,0.666,0.0,0.106,0.097,0
9523,73,0,9,1.039,0.459,0.959,0.0,0.364,0.215,1
9524,72,0,4,0.753,0.455,0.521,0.25,0.406,0.028,0
9525,37,1,11,0.881,0.551,0.883,1.0,0.575,0.093,0
9526,62,0,9,0.787,0.556,0.847,0.0,0.416,0.322,0
9527,32,0,8,0.976,0.512,0.763,0.75,0.308,0.16,0
9528,79,0,9,0.839,0.453,0.33,0.0,0.01,0.01,0
9529,78,0,8,0.593,0.475,0.912,0.25,0.703,-0.051,0
9530,80,1,10,0.793,0.664,0.956,1.0,0.7,0.131,1
9531,56,1,4,0.739,0.608,0.525,0.75,0.272,-0.014,0
9532,63,0,4,0.868,0.614,0.709,0.0,0.25,0.098,0
9533,42,1,10,1.009,0.575,0.464,0.0,0.127,0.149,0
9534,36,0,10,0.824,0.689,0.736,0.0,0.309,0.037,0
9535,68,1,11,0.977,0.604,0.799,0.0,-0.017,0.14,1
9536,33,0,3,0.882,0.44,0.508,0.0,0.058,0.083,0
9537,73,0,3,0.762,0.7,0.596,0.5,0.193,-0.106,0
9538,83,1,3,0.769,0.485,0.509,0.25,0.337,-0.128,0
9539,36,1,7,0.639,0.593,0.856,0.0,0.632,0.018,0
9540,71,0,8,0.72,0.558,0.826,0.0,0.682,0.013,0
9541,39,0,6,0.925,0.603,0.485,1.0,-0.238,0.32,0
9542,65,1,4,0.938,0.471,0.705,1.0,0.08,0.137,1
9543,75,0,3,0.706,0.664,0.454,0.0,0.215,-0.156,0
9544,69,1,7,0.954,0.671,0.588,0.25,0.126,0.054,0
9545,65,0,6,0.7,0.588,0.613,0.0,0.024,-0.107,0
9546,55,0,7,0.984,0.631,0.757,1.0,0.382,0.196,0
9547,49,0,9,0.925,0.597,0.785,0.25,0.537,0.323,0
9548,54,0,9,0.842,0.7,0.824,0.0,0.134,0.14,0
9549,56,0,6,0.858,0.739,0.592,1.0,0.068,0.058,0
9550,73,1,9,0.921,0.52,0.909,0.75,0.277,-0.066,0
9551,47,1,9,0.856,0.588,0.492,0.5,-0.064,0.161,0
9552,36,0,10,0.867,0.552,0.782,0.0,0.5,0.09,0
9553,67,1,11,0.77,0.474,0.692,0.75,-0.008,0.087,0
9554,53,0,9,1.063,0.683,0.896,0.0,0.742,0.327,0
9555,45,1,8,1.104,0.614,1.109,0.0,0.486,0.225,1
9556,73,1,11,1.095,0.576,0.649,0.0,0.037,0.368,0
9557,41,0,3,0.655,0.623,0.508,0.0,0.194,-0.441,0
9558,32,1,12,0.984,0.637,0.934,1.0,0.454,0.092,0
9559,32,0,11,0.955,0.608,0.716,1.0,0.408,0.186,0
9560,71,1,8,1.177,0.759,0.817,0.0,0.159,0.428,1
9561,47,1,6,0.703,0.525,0.52,1.0,0.074,0.266,0
9562,78,1,11,0.924,0.555,0.958,1.0,0.315,0.225,0
9563,36,1,7,0.838,0.651,0.935,0.75,0.286,-0.008,0
9564,51,1,6,0.954,0.7,0.624,0.0,0.18,0.299,0
9565,72,0,12,1.157,0.406,1.173,0.5,0.608,0.552,1
9566,49,0,11,1.005,0.528,0.915,0.5,0.776,-0.073,0
9567,57,0,4,0.912,0.69,0.605,0.0,0.079,0.413,0
9568,40,0,8,1.027,0.423,0.757,0.25,0.155,0.325,1
9569,83,0,5,0.716,0.639,0.439,0.0,-0.33,-0.347,0
9570,70,0,3,0.88,0.677,0.435,0.5,-0.143,-0.104,0
9571,55,1,11,1.097,0.623,0.809,0.0,0.369,0.408,1
9572,61,1,6,0.93,0.618,0.621,0.5,0.034,0.231,0
9573,68,0,8,0.706,0.549,1.113,1.0,0.657,-0.172,1
9574,42,1,4,0.779,0.581,0.7,0.0,0.363,-0.156,0
9575,44,0,10,1.118,0.669,0.726,0.5,0.502,0.221,0
9576,69,0,12,0.899,0.577,0.7,0.75,0.042,-0.02,0
9577,35,0,3,0.84,0.517,0.54,0.25,0.076,0.023,0
9578,60,0,3,0.672,0.697,0.666,0.5,0.245,0.2,0
9579,52,1,4,0.868,0.542,0.492,0.0,0.544,0.014,0
9580,72,1,4,0.721,0.698,0.497,0.75,-0.035,0.001,0
9581,52,0,9,0.822,0.521,0.706,0.25,0.229,-0.176,0
9582,65,0,11,0.92,0.559,1.028,0.0,0.67,0.133,1
9583,45,1,3,0.736,0.555,0.342,0.5,-0.072,0.165,0
9584,69,0,8,0.833,0.563,0.577,0.5,0.122,0.304,0
9585,73,1,12,0.927,0.514,1.049,0.25,0.548,-0.22,0
9586,76,0,8,0.974,0.561,0.786,1.0,0.68,0.352,0
9587,60,1,5,0.805,0.563,0.648,1.0,-0.005,0.159,0
9588,75,0,10,0.787,0.595,0.814,0.5,0.117,-0.091,1
9589,49,1,6,0.935,0.542,0.543,0.25,-0.157,0.128,0
9590,60,1,5,0.771,0.758,0.67,0.25,-0.07,0.08,0
9591,68,0,8,0.957,0.521,0.668,0.5,0.39,0.382,0
9592,34,0,10,0.884,0.566,0.785,0.0,0.352,0.018,0
9593,79,1,10,1.215,0.592,0.957,0.0,0.705,0.48,0
9594,52,0,12,0.913,0.7,0.621,0.0,0.156,0.235,0
9595,37,1,5,0.839,0.464,0.306,0.75,-0.18,0.21,0
9596,36,0,7,0.783,0.626,0.693,0.75,0.039,0.036,0
9597,75,1,5,0.874,0.635,0.558,0.0,0.078,0.141,0
9598,41,0,9,1.044,0.611,0.7,0.5,0.068,0.235,0
9599,84,1,10,0.936,0.673,1.264,1.0,0.717,0.08,1
9600,54,0,8,0.883,0.457,0.776,0.0,0.193,0.091,1
9601,34,0,4,0.814,0.696,0.639,0.0,0.385,-0.104,0
9602,42,1,8,1.012,0.651,1.049,0.0,0.469,0.312,0
9603,78,1,3,0.748,0.7,0.535,0.5,0.217,-0.139,0
9604,42,1,3,0.909,0.628,0.644,0.0,-0.008,0.164,0
9605,41,0,10,0.864,0.621,0.791,0.25,0.294,0.281,0
9606,63,1,3,0.951,0.559,0.367,0.0,-0.008,0.176,0
9607,72,1,3,0.562,0.644,0.457,0.25,-0.039,-0.267,0
9608,56,0,5,0.747,0.49,0.591,0.0,-0.058,-0.125,0
9609,59,1,12,0.957,0.472,0.797,0.0,0.34,0.074,0
9610,50,1,10,1.012,0.55,0.748,1.0,0.021,0.187,1
9611,49,1,10,0.962,0.719,0.774,1.0,0.204,0.417,0
9612,65,0,9,0.873,0.597,0.519,0.5,0.244,0.18,0
9613,70,0,8,0.875,0.683,0.738,0.0,0.411,0.04,0
9614,60,1,7,0.636,0.445,0.743,0.0,0.377,-0.022,1
9615,58,1,8,0.957,0.474,0.872,0.75,0.596,0.136,0
9616,52,1,10,0.876,0.673,0.938,0.0,0.425,-0.026,1
9617,44,0,7,0.613,0.368,0.903,0.0,0.555,-0.144,0
9618,81,1,8,1.028,0.585,0.753,0.0,0.446,0.375,0
9619,82,1,9,0.92,0.7,0.82,0.25,0.148,0.437,0
9620,34,0,12,0.995,0.693,1.043,0.0,0.837,-0.065,0
9621,52,1,10,0.952,0.487,0.777,0.0,0.429,0.234,0
9622,45,1,5,0.853,0.648,0.349,1.0,0.112,0.09,0
9623,83,0,3,0.974,0.736,0.576,1.0,0.293,0.268,0
9624,32,0,10,0.85,0.64,0.683,0.25,0.175,0.238,0
9625,50,0,7,1.121,0.412,0.599,0.5,-0.007,0.344,0
9626,37,1,11,0.88,0.513,1.036,0.25,0.259,0.189,0
9627,78,1,8,0.847,0.427,0.759,0.0,0.576,0.38,0
9628,70,0,7,0.982,0.597,0.912,0.5,0.578,0.377,0
9629,53,0,6,0.841,0.637,0.661,1.0,-0.105,-0.008,1
9630,73,0,5,0.873,0.617,0.656,1.0,0.244,0.107,0
9631,52,1,7,0.882,0.717,0.557,1.0,-0.143,0.116,0
9632,42,1,12,0.7,0.481,1.166,0.0,0.722,-0.14,0
9633,63,0,8,0.98,0.714,0.627,0.75,0.238,0.166,0
9634,34,1,7,0.77,0.587,0.619,0.25,0.264,0.271,0
9635,78,1,9,0.86,0.6,0.876,0.5,0.298,0.199,0
9636,76,0,11,0.954,0.448,1.171,0.25,0.632,0.301,0
9637,41,1,4,0.925,0.551,0.742,0.5,0.431,-0.011,0
9638,67,1,6,0.841,0.476,0.716,0.0,0.128,-0.073,0
9639,82,1,5,0.896,0.552,0.29,0.5,-0.236,-0.135,0
9640,39,1,6,0.776,0.654,1.003,0.0,0.634,0.096,0
9641,61,1,4,0.735,0.598,0.875,0.0,0.434,-0.022,1
9642,31,0,9,1.006,0.534,0.761,0.0,0.16,0.093,0
9643,71,0,4,0.966,0.543,0.577,1.0,0.137,0.186,0
9644,40,0,9,0.969,0.461,0.755,0.25,0.67,0.073,0
9645,46,0,12,1.054,0.408,0.845,0.0,-0.025,0.437,0
9646,46,1,4,0.957,0.632,0.686,0.0,0.248,0.212,1
9647,50,0,11,0.986,0.433,0.978,0.0,0.741,0.181,0
9648,82,1,8,0.839,0.595,0.788,0.25,0.58,0.146,0
9649,78,1,5,0.937,0.506,0.676,0.25,0.241,0.117,0
9650,82,1,5,0.635,0.686,0.704,0.0,0.289,-0.213,0
9651,49,0,5,0.896,0.679,0.7,0.25,0.331,0.026,1
9652,76,0,10,1.088,0.505,0.738,1.0,0.457,0.523,1
9653,71,0,5,0.747,0.629,0.616,1.0,0.046,0.151,0
9654,35,1,9,0.824,0.552,0.776,0.0,0.535,0.141,0
9655,64,1,12,1.008,0.385,1.039,1.0,0.397,0.277,0
9656,47,0,6,0.763,0.695,0.341,0.0,-0.021,0.02,0
9657,72,1,7,0.767,0.593,0.486,0.5,-0.129,0.04,0
9658,51,0,7,0.768,0.576,0.609,0.0,0.186,0.113,0
9659,68,1,4,0.992,0.476,0.525,0.5,0.165,0.261,0
9660,42,1,10,0.791,0.702,0.816,0.0,0.944,0.049,0
9661,59,1,4,0.896,0.562,0.505,1.0,-0.018,0.245,0
9662,48,0,5,0.522,0.612,0.9,0.5,0.386,-0.501,0
9663,53,1,8,0.805,0.577,0.763,0.0,0.015,0.191,0
9664,76,0,6,0.842,0.557,0.641,0.75,0.419,0.12,0
9665,41,1,9,0.889,0.61,0.755,0.25,-0.062,-0.055,0
9666,61,0,12,1.15,0.599,0.752,0.75,0.425,0.489,0
9667,75,0,12,0.951,0.562,1.078,0.5,0.718,0.3,0
9668,48,0,4,0.728,0.64,0.519,0.75,0.242,-0.122,0
9669,33,1,8,0.737,0.525,0.836,0.25,0.343,-0.036,0
9670,58,1,6,0.802,0.707,0.746,0.0,0.08,-0.294,0
9671,35,0,3,0.743,0.595,0.633,0.75,0.038,0.105,0
9672,65,0,11,1.013,0.485,0.9,0.0,0.252,0.264,0
9673,46,1,12,0.873,0.567,1.184,0.75,0.699,-0.004,0
9674,67,0,3,0.96,0.721,0.507,1.0,-0.277,0.255,0
9675,30,1,11,1.01,0.593,0.7,1.0,0.074,0.064,0
9676,33,0,9,1.096,0.641,1.101,0.75,0.648,0.519,0
9677,38,1,9,0.843,0.521,0.955,0.0,0.426,0.01,0
9678,76,0,7,0.877,0.607,0.74,0.75,0.306,0.086,1
9679,33,1,7,0.892,0.669,0.609,1.0,0.096,0.141,0
9680,67,1,5,0.748,0.572,0.734,0.75,0.388,0.243,0
9681,41,0,9,1.004,0.542,0.958,1.0,0.75,0.397,0
9682,73,0,12,0.741,0.526,1.155,0.75,0.599,0.006,0
9683,51,0,4,0.889,0.593,0.587,0.0,0.388,0.132,0
9684,43,1,8,0.859,0.503,0.666,1.0,0.06,0.119,0
9685,31,1,6,0.633,0.604,0.596,1.0,0.011,-0.254,0
9686,48,0,11,1.021,0.502,0.937,0.25,0.682,0.237,0
9687,75,0,6,0.781,0.692,0.614,0.0,0.182,-0.434,0
9688,60,0,6,1.042,0.529,0.57,0.0,-0.204,0.201,0
9689,46,0,3,0.775,0.69,0.556,0.0,0.088,0.005,0
9690,80,0,10,0.876,0.442,0.753,0.5,-0.122,0.208,1
9691,32,1,11,0.973,0.489,0.73,0.0,0.343,0.29,0
9692,81,0,7,0.605,0.53,0.841,0.0,0.141,-0.27,1
9693,66,0,12,0.967,0.547,0.986,0.75,0.439,0.178,0
9694,63,0,6,0.958,0.579,0.797,0.0,0.14,0.221,0
9695,36,0,3,0.78,0.472,0.599,0.75,0.213,0.08,0
9696,48,0,5,0.633,0.656,0.692,0.0,0.309,-0.365,0
9697,52,0,7,0.593,0.535,0.826,0.0,0.369,-0.273,0
9698,81,1,7,0.861,0.641,0.527,0.0,0.007,0.073,0
9699,36,0,12,1.082,0.624,0.859,0.25,0.522,0.164,0
9700,31,0,9,1.003,0.439,0.986,0.25,0.629,0.426,1
9701,35,0,10,1.234,0.451,0.72,0.0,0.203,0.58,0
9702,50,0,5,0.917,0.509,0.631,0.0,0.237,-0.138,0
9703,65,0,5,0.932,0.661,0.957,0.0,0.517,0.213,0
9704,39,0,12,1.208,0.751,0.942,1.0,0.606,0.504,0
9705,56,0,9,1.003,0.5,0.66,0.0,0.411,0.173,0
9706,78,1,4,0.916,0.61,0.751,0.75,0.52,0.156,0
9707,47,1,9,0.892,0.576,0.936,0.75,0.578,0.263,0
9708,59,1,10,0.742,0.517,1.001,0.0,0.628,0.026,0
9709,49,0,11,1.026,0.495,0.853,0.25,0.452,0.118,1
9710,37,0,10,0.768,0.619,0.624,0.0,0.119,0.297,0
9711,83,1,11,1.007,0.599,0.694,0.0,0.303,0.238,1
9712,55,0,7,0.914,0.698,0.315,0.0,-0.154,0.273,0
9713,39,1,7,0.931,0.572,0.859,1.0,0.434,0.31,0
9714,81,1,6,0.779,0.541,0.799,0.0,0.411,-0.03,1
9715,52,0,10,0.7,0.601,0.677,1.0,-0.002,-0.082,1
9716,70,1,9,1.144,0.581,0.953,0.75,0.636,0.56,1
9717,35,1,9,1.122,0.613,0.596,0.0,0.122,0.241,0
9718,56,0,9,0.838,0.609,0.357,0.25,0.053,0.078,0
9719,32,0,3,0.649,0.649,0.563,0.5,0.013,-0.218,0
9720,54,1,5,0.817,0.631,0.625,0.75,-0.046,0.067,0
9721,53,1,5,0.765,0.633,0.789,0.25,0.496,0.14,1
9722,56,1,10,0.929,0.498,0.859,0.5,0.442,0.272,0
9723,40,0,4,0.841,0.719,0.555,0.25,0.217,0.286,0
9724,53,1,7,0.799,0.622,0.846,0.0,0.146,-0.146,0
9725,58,1,8,1.004,0.645,0.576,0.0,0.3,0.197,0
9726,56,1,11,0.897,0.7,0.789,0.75,0.466,0.126,0
9727,75,0,11,0.881,0.585,0.973,0.0,0.528,-0.085,0
9728,64,0,5,0.718,0.574,0.575,0.75,-0.125,-0.068,0
9729,80,0,8,0.778,0.539,0.841,0.0,0.392,0.106,0
9730,57,0,5,0.776,0.592,0.71,0.25,0.417,0.073,1
9731,53,1,10,0.736,0.545,1.004,0.0,0.624,-0.111,0
9732,56,0,12,0.884,0.517,0.908,0.0,0.193,0.173,0
9733,47,1,11,0.89,0.656,0.526,0.0,-0.017,0.178,0
9734,30,1,7,0.899,0.412,0.941,0.5,0.539,0.155,0
9735,53,1,10,1.177,0.538,0.909,0.0,0.539,0.575,0
9736,72,0,4,0.742,0.666,0.79,0.0,0.066,-0.041,1
9737,67,1,8,0.91,0.7,0.985,0.5,0.252,0.006,1
9738,37,1,3,0.957,0.549,0.516,0.25,-0.195,0.257,0
9739,35,1,10,0.844,0.584,0.85,0.0,0.28,0.161,0
9740,76,0,10,1.018,0.49,0.759,0.0,0.028,0.317,1
9741,56,1,4,0.983,0.642,0.733,0.0,0.613,0.244,1
9742,60,1,6,0.995,0.572,0.551,0.75,-0.008,0.171,0
9743,57,0,11,0.837,0.47,0.631,0.0,0.414,0.079,0
9744,63,0,3,0.787,0.681,0.326,0.0,-0.261,0.087,0
9745,51,0,6,0.689,0.68,0.752,0.25,0.052,-0.052,0
9746,79,0,10,1.133,0.561,1.031,0.25,0.45,0.49,1
9747,75,0,7,0.807,0.642,0.646,1.0,0.39,0.026,0
9748,72,1,9,1.124,0.493,0.866,0.0,0.25,0.443,0
9749,62,1,4,0.702,0.566,0.572,0.75,0.186,-0.015,0
9750,83,1,7,1.034,0.623,0.611,0.75,0.079,0.135,0
9751,80,0,7,0.867,0.396,0.732,0.75,0.074,0.129,0
9752,83,1,11,0.645,0.562,0.935,0.5,0.313,-0.338,0
9753,69,1,5,0.845,0.609,0.809,0.0,0.142,-0.008,0
9754,68,0,10,0.771,0.559,0.743,0.75,0.35,-0.032,0
9755,41,0,11,1.198,0.434,0.941,0.0,0.485,0.262,1
9756,78,0,4,0.721,0.744,0.508,0.0,0.295,-0.037,0
9757,39,0,8,1.052,0.508,0.959,0.0,0.606,0.246,0
9758,84,1,11,0.937,0.45,1.023,0.0,0.508,0.167,0
9759,45,1,9,0.7,0.666,0.697,0.25,0.18,-0.043,0
9760,71,1,11,0.905,0.546,0.668,0.0,-0.136,0.322,1
9761,70,1,3,0.62,0.565,0.788,0.25,0.057,0.057,0
9762,74,0,8,0.854,0.584,0.962,1.0,0.498,-0.068,0
9763,40,0,4,0.7,0.662,0.954,0.5,0.334,0.052,0
9764,84,1,6,0.925,0.715,0.846,0.0,0.267,0.209,0
9765,41,1,5,0.698,0.661,0.728,0.5,0.202,-0.144,0
9766,83,1,9,1.02,0.493,0.666,0.75,0.465,0.16,0
9767,66,1,4,0.489,0.494,0.55,0.5,0.319,-0.22,0
9768,79,1,7,0.601,0.692,0.685,1.0,0.104,0.067,0
9769,62,0,7,0.927,0.636,0.48,0.0,0.234,0.279,0
9770,73,1,12,0.976,0.547,1.226,0.0,0.878,0.335,0
9771,75,0,11,1.015,0.47,0.88,0.0,0.304,0.272,1
9772,32,0,11,1.076,0.589,0.959,0.0,0.695,0.089,0
9773,33,0,5,0.968,0.713,0.467,0.0,-0.402,0.246,0
9774,58,0,12,0.738,0.427,0.906,0.75,0.264,0.009,0
9775,50,1,6,0.633,0.645,0.686,1.0,0.059,-0.01,0
9776,70,0,11,1.164,0.64,0.844,0.0,0.627,0.37,0
9777,79,0,12,1.036,0.559,1.075,0.75,0.47,0.327,0
9778,35,1,11,0.898,0.605,0.803,0.0,0.288,0.354,0
9779,59,1,7,0.814,0.618,0.815,0.75,0.531,0.136,0
9780,33,0,12,1.056,0.521,0.745,0.75,0.375,0.362,0
9781,69,1,8,0.795,0.558,0.69,0.0,0.166,0.186,1
9782,62,0,11,0.808,0.557,0.942,0.25,0.643,0.142,0
9783,74,1,7,1.058,0.527,0.712,1.0,0.468,0.102,0
9784,74,1,9,0.878,0.495,0.698,0.5,0.135,0.236,1
9785,62,0,3,0.8,0.646,0.823,0.0,0.305,-0.079,0
9786,74,0,10,1.201,0.66,0.802,0.0,-0.013,0.586,1
9787,82,0,4,0.72,0.642,0.669,0.75,-0.032,0.0,0
9788,84,0,7,0.771,0.581,0.622,0.0,-0.004,0.027,0
9789,73,1,12,0.998,0.49,1.093,0.5,0.631,0.243,0
9790,54,0,12,0.893,0.533,1.101,0.5,0.598,0.128,0
9791,76,0,12,0.814,0.513,0.867,0.0,0.22,0.181,0
9792,82,0,6,0.93,0.616,0.791,0.25,0.168,-0.053,1
9793,65,1,6,0.882,0.602,0.903,0.0,0.561,-0.088,1
9794,57,1,12,0.84,0.349,0.792,0.75,0.201,0.225,0
9795,74,1,4,0.767,0.515,0.618,0.5,0.321,-0.218,0
9796,41,1,8,1.007,0.577,0.644,0.5,0.062,0.245,0
9797,57,1,9,0.984,0.521,0.791,0.25,0.198,0.354,0
9798,54,0,6,0.83,0.516,0.447,0.0,-0.391,-0.147,0
9799,73,1,12,0.944,0.413,1.051,0.0,0.696,0.185,0
9800,67,0,8,0.675,0.605,0.755,1.0,0.199,0.073,0
9801,30,0,3,0.672,0.7,0.597,0.0,0.315,-0.372,0
9802,48,1,9,0.905,0.437,1.093,0.0,0.622,0.199,0
9803,64,1,8,1.061,0.555,0.775,0.0,0.236,0.435,0
9804,70,1,9,0.967,0.529,1.018,0.0,0.318,0.235,0
9805,58,1,11,1.05,0.645,0.68,0.75,0.017,0.269,0
9806,75,1,12,1.018,0.436,0.876,0.0,0.843,0.238,0
9807,33,0,3,0.694,0.665,0.604,0.75,0.112,0.057,0
9808,42,0,9,1.004,0.651,0.725,0.75,0.288,0.411,1
9809,79,1,10,0.81,0.572,0.53,0.75,0.373,-0.095,0
9810,33,0,11,0.988,0.658,0.856,0.0,0.371,0.202,0
9811,67,1,9,0.932,0.558,0.938,0.25,0.532,0.185,0
9812,69,0,8,1.072,0.464,0.93,0.25,0.661,0.279,0
9813,64,1,5,0.813,0.614,0.638,0.0,0.144,0.207,0
9814,65,1,4,0.768,0.625,0.799,0.0,0.449,0.203,0
9815,51,0,7,0.67,0.698,0.654,0.5,0.038,-0.131,0
9816,42,1,10,0.944,0.493,0.842,0.5,0.17,0.14,0
9817,53,0,12,0.974,0.486,0.827,0.0,0.028,0.389,0
9818,37,0,4,0.735,0.7,0.387,0.0,0.232,0.31,0
9819,36,1,7,0.746,0.602,0.64,0.25,-0.005,-0.055,0
9820,31,0,12,0.877,0.516,1.308,0.75,0.823,0.177,0
9821,59,1,7,0.793,0.527,0.563,0.0,0.15,0.004,0
9822,46,0,11,0.837,0.546,0.961,0.0,0.385,0.138,1
9823,76,1,4,0.836,0.618,0.745,0.5,0.239,0.011,0
9824,63,0,8,0.906,0.46,0.886,0.0,0.231,0.063,0
9825,59,1,3,0.789,0.591,0.58,1.0,-0.056,0.343,0
9826,75,0,4,0.472,0.743,0.54,0.0,0.279,-0.155,0
9827,70,1,11,0.884,0.576,0.746,0.0,0.294,0.187,0
9828,44,1,3,0.998,0.699,0.441,0.0,-0.259,0.028,0
9829,77,1,11,1.122,0.486,1.001,0.5,0.585,0.446,1
9830,68,1,4,0.93,0.666,0.76,0.25,0.198,0.396,0
9831,34,1,3,0.785,0.57,0.323,0.0,-0.15,-0.203,0
9832,70,0,9,1.078,0.487,0.686,0.75,0.255,0.416,1
9833,64,0,9,0.807,0.617,0.585,0.0,-0.004,0.253,0
9834,58,0,4,0.669,0.727,0.151,0.0,-0.4,-0.069,0
9835,36,0,7,0.831,0.545,0.871,0.0,0.488,0.126,1
9836,47,1,6,0.653,0.592,0.514,0.5,0.438,0.032,0
9837,61,0,7,0.97,0.492,0.549,0.0,0.128,0.232,0
9838,48,1,3,0.783,0.465,0.332,0.25,-0.124,-0.144,0
9839,56,1,11,1.118,0.548,0.873,0.25,0.236,0.418,1
9840,41,1,12,1.09,0.607,0.844,0.0,0.451,0.234,0
9841,35,1,5,0.7,0.579,0.575,0.5,-0.007,-0.203,0
9842,47,1,5,0.775,0.67,0.49,0.0,-0.232,0.144,0
9843,59,0,4,0.741,0.755,0.812,0.0,0.361,-0.11,0
9844,41,1,8,0.628,0.651,0.648,0.5,0.2,0.017,0
9845,54,0,5,0.78,0.7,0.699,0.25,0.162,0.004,0
9846,65,1,7,0.832,0.58,0.904,0.0,0.43,0.034,0
9847,37,1,12,0.74,0.7,0.61,0.0,-0.165,-0.087,0
9848,34,0,9,0.937,0.738,0.636,0.0,0.02,0.183,0
9849,56,1,8,0.868,0.663,0.757,0.5,0.175,0.152,1
9850,56,1,5,1.015,0.615,0.658,0.0,0.203,0.153,0
9851,54,0,3,0.836,0.688,0.585,0.5,0.026,0.2,0
9852,80,1,8,0.952,0.646,0.817,0.0,0.353,0.221,0
9853,48,0,9,1.195,0.594,0.804,0.0,0.427,0.406,0
9854,56,0,6,0.818,0.684,0.761,1.0,0.373,0.096,1
9855,46,0,11,0.987,0.526,1.117,0.0,0.584,0.271,0
9856,58,0,11,1.098,0.515,0.994,0.0,0.601,0.29,0
9857,81,0,9,0.887,0.536,0.787,0.0,0.438,0.062,0
9858,51,0,4,0.868,0.595,0.457,0.0,-0.11,0.215,0
9859,39,1,3,0.683,0.63,0.335,0.0,-0.172,-0.129,0
9860,58,1,3,1.076,0.563,0.522,0.5,-0.178,0.229,0
9861,40,1,5,1.003,0.52,0.587,0.75,0.372,0.289,0
9862,40,1,9,0.952,0.516,0.955,0.0,0.573,0.196,0
9863,40,0,6,0.969,0.677,0.693,0.0,0.239,0.208,0
9864,83,0,9,0.805,0.527,0.742,0.0,0.235,0.015,0
9865,36,1,8,1.133,0.665,0.707,0.25,0.199,0.196,0
9866,60,1,12,0.977,0.491,0.836,0.5,0.451,0.277,0
9867,52,0,12,0.962,0.429,0.908,0.25,0.52,0.116,0
9868,71,1,9,0.943,0.51,0.734,0.5,0.117,0.127,0
9869,43,1,3,0.819,0.671,0.539,1.0,0.233,0.015,0
9870,74,0,11,0.867,0.689,0.953,0.0,0.672,-0.116,0
9871,77,0,11,0.803,0.464,1.001,0.0,0.532,0.216,0
9872,32,0,3,0.663,0.688,0.712,0.0,0.391,-0.058,0
9873,73,1,10,1.047,0.47,0.72,0.0,0.082,0.36,0
9874,52,1,8,0.93,0.572,0.48,0.0,-0.075,0.261,0
9875,47,1,7,0.783,0.523,0.954,0.0,0.331,-0.008,0
9876,38,1,6,0.699,0.581,0.829,0.5,0.509,-0.168,0
9877,59,1,9,0.931,0.569,0.687,1.0,0.296,0.13,0
9878,39,1,6,0.89,0.456,0.441,0.25,0.149,-0.019,0
9879,66,0,3,0.542,0.689,0.619,0.5,-0.136,-0.118,0
9880,57,1,9,0.977,0.654,0.405,0.0,0.026,0.066,0
9881,40,0,12,0.966,0.604,0.744,0.5,0.004,0.327,0
9882,84,0,4,0.698,0.655,0.211,0.25,-0.239,0.1,0
9883,64,0,11,0.801,0.592,0.712,0.0,0.446,0.025,1
9884,64,1,5,0.903,0.526,0.639,0.5,0.059,0.232,0
9885,76,0,10,1.075,0.59,0.864,0.0,0.17,0.224,0
9886,47,0,8,0.832,0.591,0.791,0.0,0.133,-0.011,0
9887,69,0,4,0.93,0.577,0.497,0.5,0.203,0.287,0
9888,33,0,9,0.932,0.7,0.579,0.0,0.247,0.185,0
9889,46,1,9,1.071,0.659,0.97,0.5,0.44,0.366,0
9890,43,0,9,0.7,0.626,0.719,0.0,0.465,0.118,0
9891,42,0,8,0.974,0.495,1.034,0.0,0.562,0.502,0
9892,50,0,11,1.104,0.611,0.868,0.0,0.528,0.412,0
9893,69,0,9,0.995,0.559,0.574,0.0,0.283,0.018,0
9894,38,0,11,0.886,0.57,1.082,0.0,0.536,0.379,0
9895,66,0,6,0.86,0.619,0.961,0.0,0.462,0.263,0
9896,49,1,10,0.907,0.52,0.971,0.25,0.134,0.043,0
9897,64,1,7,0.798,0.612,1.024,0.0,0.745,-0.124,0
9898,56,0,11,0.918,0.575,1.004,0.0,0.382,0.055,0
9899,32,1,12,1.075,0.558,0.957,0.0,0.925,0.312,1
9900,70,0,6,1.032,0.674,0.639,0.0,0.314,0.13,0
9901,52,0,11,0.923,0.609,0.807,0.25,0.007,0.003,0
9902,80,1,3,0.887,0.653,0.489,1.0,-0.149,0.249,0
9903,70,0,5,1.063,0.626,0.534,0.25,0.182,0.179,0
9904,60,1,7,0.779,0.599,0.825,1.0,0.467,0.073,0
9905,73,0,5,0.627,0.635,0.668,0.5,0.217,-0.343,0
9906,84,0,12,0.951,0.475,1.087,0.5,0.652,0.2,0
9907,80,0,5,0.864,0.712,0.536,0.0,0.214,0.292,0
9908,51,0,8,0.867,0.547,1.159,1.0,0.505,0.376,0
9909,41,0,10,0.874,0.516,0.619,0.0,-0.166,0.103,0
9910,57,0,3,0.8,0.715,0.404,0.5,-0.393,0.292,0
9911,46,0,5,0.688,0.541,0.618,0.0,-0.194,-0.015,0
9912,57,0,7,0.942,0.532,0.505,1.0,-0.033,0.214,0
9913,42,0,12,1.136,0.617,0.942,0.25,0.684,0.405,0
9914,43,0,9,0.857,0.428,0.627,0.0,0.436,0.157,0
9915,76,1,12,0.81,0.527,0.879,0.0,0.762,0.05,1
9916,36,0,12,0.951,0.541,0.601,0.0,0.142,0.375,0
9917,52,1,8,0.961,0.565,0.499,0.0,-0.137,0.261,0
9918,54,1,11,0.888,0.506,1.01,1.0,0.731,0.267,0
9919,50,0,5,0.7,0.633,0.617,0.0,0.317,0.089,0
9920,34,1,10,1.008,0.562,1.041,0.25,0.472,0.21,0
9921,65,0,9,0.855,0.555,0.703,0.25,0.108,-0.13,0
9922,50,0,10,0.888,0.615,0.989,0.25,0.702,0.088,0
9923,67,0,8,0.92,0.525,0.685,0.0,0.073,0.361,1
9924,49,1,11,1.151,0.547,1.041,0.0,0.477,0.603,1
9925,53,0,10,1.04,0.605,0.788,1.0,0.528,0.417,0
9926,81,0,12,0.924,0.478,0.712,0.25,0.321,0.224,0
9927,55,0,10,0.892,0.55,0.717,0.0,0.273,0.004,0
9928,70,1,6,0.769,0.616,0.661,0.5,0.138,0.218,0
9929,71,0,4,0.742,0.54,0.369,0.0,-0.263,-0.131,0
9930,50,1,8,0.845,0.544,0.928,0.0,0.476,0.091,1
9931,73,0,9,0.863,0.655,0.801,0.25,0.18,0.026,0
9932,52,0,12,1.018,0.434,1.099,0.0,0.528,0.26,0
9933,81,1,3,0.671,0.633,0.316,0.0,-0.104,-0.14,0
9934,69,0,9,0.855,0.591,1.023,1.0,0.4,0.224,1
9935,83,0,7,0.945,0.569,0.803,1.0,0.671,0.176,0
9936,62,1,7,1.016,0.575,0.738,0.75,0.459,0.177,0
9937,61,0,9,1.13,0.582,0.94,0.0,0.653,0.337,1
9938,67,1,5,0.82,0.665,0.639,0.0,0.336,-0.048,0
9939,56,1,8,0.926,0.672,0.672,1.0,0.414,0.119,0
9940,71,1,5,0.913,0.556,0.269,0.5,0.126,0.37,0
9941,79,1,5,0.788,0.522,0.811,0.0,0.185,0.231,0
9942,66,1,6,0.815,0.598,0.526,0.0,0.015,0.045,0
9943,33,0,7,0.685,0.652,0.787,0.0,0.022,0.065,0
9944,30,0,4,0.703,0.609,0.334,0.5,-0.062,-0.13,0
9945,37,1,6,1.102,0.555,0.781,0.75,0.428,0.349,1
9946,31,0,11,1.253,0.44,0.848,0.0,0.188,0.52,0
9947,61,0,6,1.02,0.643,0.734,0.25,0.122,0.317,0
9948,66,0,8,1.005,0.587,0.739,0.25,0.249,0.158,0
9949,50,0,3,0.611,0.526,0.7,0.5,0.152,-0.106,1
9950,33,0,3,0.88,0.647,0.742,0.5,0.302,0.168,0
9951,39,1,11,0.964,0.465,0.548,0.0,0.383,0.232,0
9952,46,1,4,0.901,0.7,0.774,0.0,0.352,0.163,0
9953,83,1,6,0.862,0.645,0.695,0.25,0.474,0.189,1
9954,54,1,5,0.945,0.726,0.614,0.25,0.18,-0.117,0
9955,57,1,3,0.681,0.559,0.494,0.0,-0.087,-0.111,0
9956,79,1,10,0.889,0.611,0.934,0.0,0.5,0.146,0
9957,56,0,11,0.999,0.585,0.965,1.0,0.475,0.228,0
9958,76,0,11,0.868,0.7,0.919,0.0,0.571,0.285,1
9959,80,1,8,0.772,0.37,0.505,0.0,-0.138,0.147,0
9960,36,0,8,0.973,0.627,0.946,0.0,0.306,0.124,0
9961,63,1,12,1.057,0.501,0.778,0.75,0.366,0.216,0
9962,83,0,4,0.861,0.597,0.549,1.0,-0.135,0.212,0
9963,54,1,7,0.722,0.513,0.708,0.0,0.182,-0.067,0
9964,44,0,5,0.966,0.507,0.87,0.75,0.567,0.109,0
9965,50,1,3,0.811,0.525,0.728,0.75,0.236,0.029,1
9966,59,0,6,0.66,0.516,0.881,0.0,0.444,-0.026,0
9967,43,1,8,0.811,0.598,0.729,0.25,0.439,0.027,0
9968,66,1,7,0.889,0.526,0.792,0.0,0.091,-0.071,1
9969,42,0,11,1.046,0.565,0.875,0.0,0.451,0.26,1
9970,54,0,8,0.991,0.404,0.522,0.0,0.201,0.303,0
9971,83,0,8,0.808,0.528,0.667,0.25,-0.026,0.268,0
9972,81,0,8,0.846,0.645,0.52,0.75,-0.042,0.289,0
9973,38,1,11,1.04,0.562,1.23,0.0,0.653,0.35,0
9974,60,1,9,0.686,0.569,0.509,0.0,-0.08,0.118,0
9975,67,0,6,0.954,0.613,0.712,0.0,0.064,0.238,0
9976,46,1,10,0.955,0.559,1.026,0.5,0.483,0.188,0
9977,62,0,7,0.913,0.464,0.96,0.75,0.212,0.222,0
9978,59,0,12,0.947,0.4,0.778,0.0,0.233,0.133,0
9979,34,1,12,1.005,0.63,0.7,1.0,0.405,0.492,0
9980,47,1,4,0.854,0.482,0.532,0.5,-0.265,0.254,0
9981,74,0,6,0.965,0.614,0.976,1.0,0.616,0.275,0
9982,55,1,4,0.86,0.767,0.659,0.5,-0.105,-0.016,0
9983,37,0,4,0.868,0.568,0.652,0.25,0.04,0.089,0
9984,70,0,12,0.975,0.51,0.831,0.0,0.19,0.315,0
9985,35,1,9,0.936,0.463,0.734,0.0,0.477,0.234,0
9986,41,0,9,0.783,0.667,0.702,0.0,0.533,0.183,0
9987,57,1,8,0.927,0.547,0.793,0.25,0.093,0.236,0
9988,36,0,12,0.7,0.623,0.636,0.0,-0.064,0.163,0
9989,33,1,8,0.998,0.58,0.85,0.0,0.546,0.325,1
9990,60,1,10,0.992,0.56,0.89,0.25,0.313,0.282,1
9991,34,0,7,0.913,0.419,0.224,1.0,-0.248,0.225,0
9992,73,0,11,1.075,0.607,0.967,0.25,0.251,0.27,0
9993,41,0,12,1.08,0.5,0.947,0.0,0.69,0.379,0
9994,70,0,11,0.886,0.613,1.115,1.0,0.42,0.178,0
9995,63,1,11,0.852,0.706,0.716,0.0,0.264,0.09,0
9996,62,0,9,1.021,0.554,1.094,0.0,0.566,0.353,0
9997,59,0,3,0.713,0.621,0.27,0.0,0.142,-0.142,0
9998,66,1,11,0.88,0.55,1.033,0.0,1.0,-0.009,0
9999,33,1,10,0.919,0.669,1.09,0.5,0.599,0.361,0
10000,44,1,7,0.797,0.302,0.818,0.25,0.451,-0.041,0
10001,76,0,10,1.024,0.642,1.187,0.0,0.998,-0.025,1
10002,48,1,11,1.145,0.584,0.771,0.25,0.471,0.305,0
10003,78,1,8,0.779,0.656,0.466,0.0,-0.236,-0.045,1
10004,66,1,8,0.858,0.55,0.646,0.25,0.12,-0.011,0
10005,47,0,11,0.7,0.578,0.571,0.75,0.252,0.07,0
10006,63,1,6,0.849,0.75,0.988,1.0,0.323,0.087,0
10007,32,1,10,1.084,0.598,0.739,0.5,0.156,0.384,1
10008,39,0,3,1.111,0.641,0.795,0.75,0.215,0.36,0
10009,36,1,7,0.787,0.585,0.435,0.0,0.021,0.022,0
10010,61,1,6,0.89,0.638,0.864,0.25,0.47,-0.021,0
10011,53,1,9,1.054,0.562,0.821,0.0,0.591,0.242,0
10012,37,1,12,1.167,0.488,1.084,0.0,0.596,0.66,0
10013,84,1,12,1.184,0.474,1.159,0.0,0.604,0.352,0
10014,54,0,11,1.064,0.485,0.7,0.0,0.513,0.285,0
10015,44,0,6,0.944,0.586,0.989,0.5,0.593,0.392,0
10016,83,1,10,0.999,0.456,0.459,1.0,-0.112,0.327,0
10017,47,1,6,0.833,0.569,0.756,0.0,0.236,-0.01,0
10018,77,1,4,0.824,0.645,0.66,0.25,-0.04,0.057,1
10019,40,0,7,0.885,0.57,0.526,0.25,0.113,0.331,0
10020,75,1,9,0.889,0.49,0.876,0.0,0.383,0.196,0
10021,50,1,4,0.821,0.64,0.682,0.25,0.215,0.085,0
10022,48,1,7,0.803,0.595,0.719,0.0,0.576,0.121,0
10023,34,0,3,0.836,0.551,0.623,0.0,0.029,0.22,0
10024,80,1,5,0.738,0.54,1.237,0.5,0.837,0.217,0
10025,75,1,8,0.892,0.626,0.908,0.75,0.528,0.247,0
10026,43,0,8,0.77,0.613,0.837,0.75,0.425,0.07,0
10027,53,0,8,0.879,0.559,0.804,0.5,0.369,0.4,0
10028,48,1,10,1.124,0.531,0.609,0.5,0.043,0.482,0
10029,67,0,12,0.866,0.561,0.714,0.0,0.131,-0.017,1
10030,59,1,3,0.726,0.627,0.483,0.0,-0.064,-0.05,0
10031,72,1,10,0.973,0.577,0.923,0.0,0.508,0.192,0
10032,59,0,7,0.839,0.494,0.854,0.75,0.269,0.175,1
10033,47,0,4,0.942,0.635,0.49,0.0,0.212,0.108,0
10034,83,0,12,0.968,0.477,0.747,1.0,0.172,0.273,0
10035,84,0,6,0.949,0.611,0.794,0.75,0.094,0.354,0
10036,39,0,3,0.801,0.611,0.439,0.0,0.061,0.006,0
10037,38,0,8,0.852,0.475,0.955,0.0,0.564,0.107,0
10038,72,0,4,0.856,0.756,0.441,0.0,-0.031,0.147,0
10039,84,0,8,0.81,0.546,0.773,0.5,0.357,0.162,1
10040,80,1,3,0.64,0.672,0.558,1.0,-0.019,-0.282,0
10041,79,1,12,0.81,0.463,0.794,0.75,0.252,-0.018,0
10042,32,1,10,0.909,0.636,1.097,0.0,0.759,0.223,0
10043,32,1,9,1.058,0.63,0.69,0.75,0.197,0.392,0
10044,55,0,5,0.693,0.511,0.686,0.0,0.384,-0.144,1
10045,74,0,7,0.786,0.515,0.605,0.0,0.324,-0.151,0
10046,50,0,4,0.862,0.65,0.457,0.25,-0.082,0.162,0
10047,49,0,5,0.847,0.684,0.7,0.75,0.371,0.046,1
10048,76,0,5,0.769,0.735,0.629,0.5,0.082,0.018,0
10049,55,0,5,0.698,0.687,0.592,1.0,0.214,0.066,0
10050,65,0,11,0.784,0.516,0.7,0.75,0.106,0.328,0
10051,35,0,5,1.023,0.592,0.415,0.5,-0.039,0.707,0
10052,46,0,11,0.876,0.63,1.031,0.5,0.796,0.052,0
10053,42,0,12,0.718,0.449,0.784,0.0,0.387,-0.155,0
10054,80,0,6,0.81,0.537,0.416,0.75,-0.062,0.078,0
10055,50,0,6,0.7,0.634,0.916,1.0,0.617,0.083,0
10056,77,1,3,0.989,0.586,0.61,0.0,0.191,0.031,0
10057,43,0,12,0.733,0.7,1.165,0.0,0.835,0.007,0
10058,71,1,12,1.036,0.549,0.562,0.5,0.012,0.242,0
10059,37,1,8,0.968,0.486,0.843,0.0,0.307,0.179,0
10060,49,0,10,1.168,0.655,0.949,0.75,0.495,0.659,0
10061,31,1,9,0.7,0.509,0.946,0.0,0.468,-0.181,0
10062,73,1,3,0.897,0.67,0.735,0.0,0.157,0.191,1
10063,35,1,9,0.982,0.488,0.938,0.0,0.477,0.344,0
10064,73,1,6,0.874,0.612,0.581,0.0,-0.068,0.346,0
10065,77,0,7,0.698,0.615,0.647,1.0,0.175,-0.079,0
10066,42,1,12,0.919,0.615,1.051,0.5,0.655,0.461,0
10067,39,1,8,0.586,0.624,0.767,0.5,0.084,-0.269,0
10068,68,1,11,0.969,0.458,0.683,0.25,0.424,0.367,0
10069,65,0,6,0.877,0.446,0.676,0.25,0.608,0.135,0
10070,55,0,4,0.654,0.622,0.311,0.0,-0.356,-0.046,0
10071,62,1,5,0.822,0.629,0.648,0.0,0.263,-0.079,0
10072,41,1,4,0.827,0.571,0.714,0.0,0.24,0.146,0
10073,62,1,9,0.971,0.511,0.871,0.0,0.37,0.288,0
10074,63,0,12,1.123,0.555,0.815,0.0,0.295,0.302,0
10075,74,0,12,1.018,0.479,1.166,0.5,0.84,0.424,1
10076,80,1,4,0.914,0.563,0.833,0.0,0.329,0.275,1
10077,70,1,12,0.91,0.548,0.587,0.0,-0.146,0.202,0
10078,44,1,9,1.058,0.418,0.873,0.25,0.425,0.254,0
10079,45,1,4,0.7,0.551,0.541,0.0,-0.105,-0.053,0
10080,62,1,5,0.632,0.553,0.444,0.5,-0.089,0.065,0
10081,66,1,9,0.927,0.499,0.84,1.0,0.195,0.136,0
10082,79,0,7,0.56,0.573,0.557,0.75,0.347,-0.162,0
10083,64,0,9,0.845,0.687,0.654,1.0,0.191,0.338,0
10084,52,0,7,0.977,0.544,0.803,0.0,0.253,0.069,0
10085,63,0,3,0.984,0.748,0.819,0.0,0.258,0.105,0
10086,48,1,7,0.695,0.502,0.671,0.25,0.507,-0.057,1
10087,65,0,11,1.043,0.657,0.918,0.0,0.645,0.313,0
10088,80,1,3,0.689,0.547,0.558,0.0,0.264,0.039,0
10089,82,0,6,1.087,0.571,0.915,0.75,0.467,0.214,0
10090,34,0,6,0.974,0.631,0.354,0.0,-0.141,0.454,0
10091,76,0,5,0.846,0.463,0.833,0.25,0.272,0.146,1
10092,34,1,11,1.005,0.586,0.998,0.0,0.298,0.245,0
10093,35,1,9,0.833,0.535,0.754,0.25,0.262,-0.134,1
10094,52,1,6,0.937,0.661,0.692,0.0,0.419,0.108,1
10095,66,1,9,0.924,0.588,0.594,0.0,0.231,0.24,0
10096,73,0,5,0.825,0.639,0.7,0.0,0.01,0.025,1
10097,82,1,11,0.7,0.584,0.585,0.5,-0.038,-0.062,0
10098,37,1,5,0.977,0.557,0.715,0.0,0.213,0.015,0
10099,33,0,9,0.887,0.54,0.518,0.0,-0.1,0.368,0
10100,66,0,10,0.818,0.742,0.819,0.0,0.443,0.115,0
10101,82,0,10,0.867,0.585,1.124,1.0,0.729,0.157,1
10102,78,0,3,0.857,0.618,0.518,1.0,-0.111,0.145,0
10103,80,0,6,0.66,0.554,0.447,0.0,-0.253,-0.064,0
10104,41,0,8,1.045,0.5,0.9,0.0,0.444,0.183,0
10105,58,0,12,0.847,0.575,0.56,0.5,-0.079,0.214,0
10106,68,0,6,0.641,0.712,0.455,0.5,0.047,-0.156,0
10107,67,0,9,0.611,0.473,0.835,0.0,0.579,-0.244,0
10108,31,1,7,0.764,0.542,0.775,0.5,0.155,0.026,0
10109,47,0,9,0.918,0.552,1.191,0.25,0.732,0.284,0
10110,31,0,8,0.837,0.538,0.767,0.0,0.067,0.205,1
10111,56,0,3,0.711,0.507,0.337,0.0,-0.089,-0.082,0
10112,79,1,12,0.89,0.713,1.195,0.0,0.82,0.166,1
10113,73,0,6,0.666,0.565,0.643,0.0,0.001,-0.314,0
10114,69,1,9,0.754,0.693,0.714,0.5,0.337,0.054,1
10115,80,1,8,0.929,0.745,0.742,0.0,0.381,0.038,0
10116,37,1,9,0.839,0.533,0.94,0.0,0.388,0.167,0
10117,65,1,5,0.847,0.734,0.76,0.0,0.369,-0.115,0
10118,58,0,7,0.698,0.592,0.541,1.0,-0.019,-0.109,0
10119,41,1,8,0.86,0.647,0.461,0.0,-0.055,0.119,0
10120,82,1,3,0.958,0.612,0.581,0.0,0.102,0.354,0
10121,41,1,9,0.814,0.483,0.647,0.0,0.111,-0.004,0
10122,79,0,4,0.955,0.615,0.609,0.75,0.224,0.177,0
10123,58,0,4,0.833,0.588,0.666,0.25,0.329,0.176,0
10124,30,0,10,0.858,0.617,0.653,1.0,-0.071,0.293,0
10125,66,0,7,0.824,0.613,0.796,0.0,0.517,-0.03,1
10126,53,1,8,1.095,0.578,0.748,0.5,0.125,0.294,0
10127,77,0,9,1.025,0.506,0.982,0.0,0.61,0.233,0
10128,54,0,7,0.987,0.626,0.576,0.75,0.303,0.378,0
10129,70,0,5,1.038,0.562,0.571,0.75,0.51,0.451,0
10130,48,1,6,0.826,0.499,0.662,0.25,-0.038,0.141,0
10131,84,1,10,1.051,0.488,0.785,0.25,0.345,0.217,0
10132,30,1,3,0.797,0.584,0.415,0.5,-0.335,0.104,0
10133,38,1,12,0.928,0.568,0.776,0.0,0.282,0.154,1
10134,33,1,8,0.958,0.519,0.842,0.75,0.314,0.282,0
10135,36,1,10,0.726,0.756,0.672,0.0,0.163,0.138,0
10136,83,1,10,0.886,0.497,0.7,0.0,0.481,0.112,1
10137,38,0,4,0.876,0.523,0.357,0.0,0.04,-0.003,0
10138,53,1,5,0.879,0.615,0.361,0.0,-0.043,0.212,0
10139,40,0,11,1.099,0.432,1.007,0.25,0.435,0.333,0
10140,38,0,3,0.861,0.534,0.53,0.0,0.138,0.098,0
10141,48,1,11,0.99,0.533,0.932,0.25,0.598,0.028,0
10142,33,1,5,0.683,0.523,0.905,0.5,0.118,0.062,0
10143,72,1,7,0.997,0.492,0.772,0.0,0.419,0.302,0
10144,81,0,12,1.035,0.634,1.179,0.0,0.817,0.237,0
10145,32,1,12,0.942,0.435,1.129,0.0,0.607,0.187,0
10146,67,1,8,1.114,0.613,0.697,0.0,0.078,0.22,0
10147,48,0,11,0.993,0.56,1.259,0.0,0.806,0.043,0
10148,41,0,3,0.666,0.612,0.663,0.5,0.186,-0.147,0
10149,51,1,5,0.788,0.66,0.973,0.0,0.522,0.087,0
10150,84,1,7,0.792,0.725,0.604,0.25,0.015,-0.084,0
10151,53,0,11,0.873,0.461,1.179,0.0,0.934,0.394,0
10152,46,1,4,1.049,0.61,0.324,0.75,-0.212,0.17,0
10153,48,1,11,1.051,0.453,0.826,0.0,0.571,0.351,1
10154,45,1,11,0.999,0.52,0.834,0.0,0.464,0.176,0
10155,64,0,12,1.045,0.535,0.785,0.0,0.192,0.416,0
10156,82,1,12,0.984,0.667,0.991,0.0,0.513,0.408,0
10157,50,0,4,0.824,0.503,0.597,0.25,0.179,0.113,0
10158,31,1,8,0.958,0.58,0.702,0.0,0.304,0.028,0
10159,51,1,7,0.7,0.549,0.834,0.0,0.738,0.124,0
10160,35,1,5,0.749,0.633,0.783,0.0,0.122,0.0,0
10161,38,0,9,1.105,0.486,0.67,0.0,0.194,0.116,1
10162,83,0,9,1.07,0.509,0.728,0.0,0.408,0.219,0
10163,65,0,6,0.65,0.495,0.623,0.0,-0.1,-0.105,0
10164,68,1,9,0.863,0.563,0.654,1.0,0.02,0.367,0
10165,33,1,4,0.704,0.753,0.332,0.5,0.005,-0.03,0
10166,62,1,8,1.035,0.474,0.872,0.25,0.449,0.33,1
10167,55,1,6,0.608,0.508,0.695,0.25,0.426,-0.247,0
10168,50,0,8,0.935,0.603,1.091,0.75,0.878,0.34,0
10169,36,0,6,0.761,0.597,0.568,0.0,0.415,-0.123,0
10170,33,0,12,1.02,0.413,0.943,0.75,0.528,0.296,0
10171,52,0,12,0.866,0.64,0.899,0.75,0.639,-0.148,0
10172,82,0,5,0.834,0.7,0.533,0.75,-0.356,0.013,0
10173,75,1,10,1.084,0.589,1.001,0.0,0.425,0.292,1
10174,49,0,7,0.811,0.609,0.911,0.75,0.284,-0.0,0
10175,59,1,6,0.958,0.608,0.562,0.75,0.024,0.234,0
10176,65,1,11,0.855,0.534,0.879,0.5,0.286,0.001,0
10177,73,0,4,0.833,0.514,0.687,0.0,0.169,0.055,1
10178,78,1,6,0.766,0.6,0.655,0.0,0.355,0.084,1
10179,40,0,9,0.948,0.492,0.869,0.5,0.381,0.203,0
10180,40,1,11,0.753,0.382,0.882,0.0,0.349,0.04,1
10181,46,1,10,0.814,0.471,0.903,0.25,0.313,-0.073,0
10182,34,0,11,0.817,0.666,0.7,0.0,0.122,0.136,0
10183,47,1,9,0.876,0.44,0.845,0.25,0.264,0.176,1
10184,83,1,3,0.663,0.565,0.476,0.0,0.192,-0.205,0
10185,72,0,9,0.909,0.559,0.845,0.5,0.066,0.262,1
10186,60,1,7,0.78,0.678,0.469,0.0,-0.08,-0.105,0
10187,46,1,7,0.844,0.647,0.818,1.0,0.115,0.089,1
10188,33,1,6,1.072,0.591,0.899,0.0,0.478,0.318,0
10189,67,1,5,0.932,0.571,0.61,0.0,0.309,0.152,0
10190,38,1,9,0.999,0.458,0.654,0.0,0.03,0.221,0
10191,44,1,8,0.845,0.794,0.7,0.25,-0.036,0.077,0
10192,61,1,7,0.796,0.555,0.611,0.0,0.172,0.332,0
10193,51,1,7,0.828,0.563,0.863,0.0,0.571,0.001,0
10194,44,0,12,0.94,0.489,0.847,0.5,0.624,0.326,0
10195,73,0,12,1.058,0.579,0.947,0.5,0.654,0.22,0
10196,40,0,7,0.759,0.389,0.83,1.0,0.338,0.315,0
10197,82,0,11,1.05,0.582,1.026,0.75,0.713,0.183,0
10198,80,0,9,1.046,0.517,0.67,1.0,0.074,0.389,0
10199,44,0,8,0.823,0.516,0.954,0.0,0.535,0.086,0
10200,35,0,4,0.725,0.586,0.537,0.5,0.102,-0.096,0
10201,77,0,6,1.006,0.548,0.553,0.25,0.195,0.234,0
10202,82,1,3,1.071,0.623,0.853,0.0,0.153,0.177,0
10203,44,0,8,1.02,0.707,0.41,0.0,0.021,0.229,0
10204,74,1,6,0.697,0.673,0.522,0.0,0.004,-0.115,0
10205,30,1,10,1.094,0.538,1.099,0.0,0.612,0.253,0
10206,54,1,8,0.895,0.657,0.772,0.75,0.2,0.222,0
10207,77,0,11,0.664,0.7,0.783,0.25,0.499,0.037,0
10208,47,0,6,0.946,0.682,0.709,0.5,0.262,0.172,0
10209,61,0,11,0.719,0.339,0.747,0.5,0.364,-0.175,0
10210,30,0,12,1.123,0.584,0.7,0.0,0.221,0.423,0
10211,72,1,5,0.684,0.613,0.35,0.5,-0.096,0.026,0
10212,37,1,8,0.935,0.561,0.771,1.0,0.398,0.107,1
10213,71,1,8,0.902,0.7,0.296,0.75,-0.083,-0.118,0
10214,84,0,5,0.644,0.576,0.72,0.5,0.332,-0.361,0
10215,64,1,7,0.904,0.698,0.652,0.0,0.056,0.088,1
10216,67,0,3,0.696,0.518,0.384,0.0,-0.316,-0.104,0
10217,41,1,3,0.739,0.545,0.378,0.0,0.023,-0.201,0
10218,78,1,3,0.779,0.596,0.612,1.0,0.103,-0.055,0
10219,42,0,8,0.819,0.644,0.89,0.25,0.535,0.061,0
10220,42,0,8,0.941,0.564,0.838,0.0,0.398,0.15,1
10221,78,1,9,0.958,0.624,0.986,0.5,0.662,0.277,0
10222,72,1,12,0.894,0.609,0.63,0.0,0.044,0.046,0
10223,80,1,8,0.949,0.521,0.837,0.0,0.496,0.226,0
10224,39,1,12,1.118,0.494,1.255,0.0,0.555,0.533,0
10225,63,1,12,1.052,0.523,1.231,0.75,0.688,0.38,0
10226,47,1,3,0.811,0.669,0.752,0.0,0.369,0.089,0
10227,48,0,12,1.209,0.495,1.026,0.5,0.646,0.466,0
10228,80,1,5,0.753,0.688,0.939,0.25,0.661,-0.114,0
10229,58,1,3,0.65,0.641,0.355,0.0,0.144,-0.128,0
10230,36,1,9,1.282,0.616,0.821,0.5,0.567,0.447,0
10231,73,1,7,1.206,0.627,0.554,0.75,0.177,0.488,0
10232,77,0,11,1.224,0.535,0.523,0.25,-0.127,0.426,0
10233,76,0,3,0.681,0.599,0.78,0.0,0.093,-0.064,0
10234,78,1,6,0.754,0.555,0.508,0.25,0.21,0.024,1
10235,83,0,6,0.999,0.517,0.855,0.0,0.176,0.378,1
10236,69,1,5,0.737,0.572,0.673,0.75,0.234,-0.087,1
10237,74,1,9,0.764,0.636,0.621,0.0,0.301,0.013,0
10238,83,1,8,0.86,0.582,0.614,0.0,-0.014,0.18,0
10239,38,0,8,0.888,0.686,0.843,0.25,0.514,-0.027,0
10240,51,1,6,0.612,0.595,0.749,0.5,0.297,-0.267,0
10241,74,0,5,0.767,0.627,0.421,0.75,-0.063,0.048,0
10242,63,1,12,0.85,0.68,0.546,0.0,0.443,-0.05,0
10243,73,1,6,1.028,0.588,0.833,0.0,0.234,0.235,0
10244,42,0,8,0.834,0.507,0.37,1.0,-0.068,0.014,0
10245,80,0,12,0.994,0.577,0.771,0.25,0.245,0.445,0
10246,77,0,5,0.613,0.745,0.779,0.25,0.387,0.075,0
10247,45,1,8,0.834,0.675,0.62,0.0,0.292,-0.015,0
10248,70,1,10,0.858,0.5,0.779,0.0,0.288,0.348,0
10249,58,0,11,0.908,0.7,0.654,0.25,0.055,0.072,0
10250,76,0,3,0.722,0.563,0.481,0.0,-0.135,0.072,0
10251,32,0,8,0.991,0.58,0.839,0.0,0.139,0.395,0
10252,44,0,7,0.89,0.547,0.7,0.25,0.185,0.256,1
10253,46,0,6,0.959,0.617,0.592,0.75,0.415,0.276,0
10254,72,1,11,0.989,0.594,1.048,0.0,0.798,0.064,0
10255,33,1,3,0.611,0.594,0.619,0.0,-0.009,-0.236,0
10256,57,1,12,0.788,0.506,0.722,0.75,0.398,-0.01,0
10257,36,1,9,0.949,0.546,0.774,0.75,0.174,0.286,0
10258,32,1,10,0.666,0.645,1.054,0.25,0.412,0.075,0
10259,36,1,9,0.838,0.609,0.82,0.0,0.561,0.115,1
10260,84,0,9,1.127,0.547,0.937,1.0,0.192,0.447,0
10261,50,1,12,0.766,0.457,0.921,0.5,0.726,0.18,1
10262,74,1,6,0.832,0.601,0.597,0.75,0.112,0.087,0
10263,84,1,7,0.868,0.691,0.907,0.25,0.303,0.095,0
10264,36,0,6,0.864,0.597,0.626,0.75,0.127,0.045,0
10265,48,1,6,0.862,0.582,0.832,0.0,0.519,0.095,0
10266,76,0,7,1.108,0.531,0.463,0.5,0.391,0.408,0
10267,68,0,5,0.75,0.501,0.372,0.25,-0.215,0.099,0
10268,48,0,3,0.809,0.704,0.606,0.0,-0.1,-0.055,0
10269,77,0,7,0.696,0.572,0.642,0.75,0.036,-0.077,0
10270,57,1,11,1.197,0.495,0.843,0.5,0.338,0.334,0
10271,57,0,12,0.859,0.487,1.315,0.25,0.78,0.068,0
10272,47,0,10,0.83,0.454,1.006,0.5,0.11,0.052,0
10273,62,0,6,0.887,0.576,0.532,0.0,-0.145,0.148,0
10274,50,0,8,0.908,0.448,0.856,1.0,0.098,0.019,0
10275,32,0,3,0.843,0.624,0.368,0.25,-0.256,0.036,0
10276,56,0,10,0.919,0.578,0.668,0.0,0.272,0.2,0
10277,61,0,7,0.963,0.46,0.597,0.25,0.02,0.263,0
10278,38,1,6,0.821,0.695,0.473,0.5,-0.218,0.314,0
10279,47,0,5,0.756,0.654,0.423,0.0,0.002,0.026,0
10280,34,0,9,0.974,0.605,0.835,0.0,0.566,0.461,0
10281,49,0,5,0.8,0.6,0.691,0.0,0.409,-0.113,0
10282,64,1,3,0.748,0.769,0.582,0.25,-0.068,-0.153,0
10283,50,0,5,0.865,0.516,0.61,0.0,0.1,0.095,0
10284,68,0,3,0.688,0.623,0.386,0.25,-0.082,0.093,0
10285,57,1,9,0.85,0.581,0.869,0.5,0.538,0.003,0
10286,84,1,7,0.7,0.601,0.646,0.0,0.601,-0.04,0
10287,34,1,12,0.946,0.491,0.704,0.0,0.443,0.029,0
10288,84,1,10,0.81,0.741,1.205,0.75,0.585,0.131,0
10289,74,1,7,1.215,0.541,0.88,0.75,0.462,0.122,0
10290,41,0,11,0.7,0.604,0.759,0.0,0.301,-0.057,0
10291,54,1,5,0.853,0.597,0.726,0.0,-0.048,0.046,0
10292,82,1,12,0.777,0.58,0.984,0.0,0.399,-0.252,0
10293,36,1,9,0.862,0.476,0.931,0.0,0.371,-0.042,0
10294,64,1,6,0.906,0.607,0.891,0.0,0.485,0.253,1
10295,82,0,12,0.899,0.556,0.812,0.5,0.112,-0.026,1
10296,60,0,9,1.147,0.559,0.702,0.5,0.184,0.442,0
10297,47,1,8,0.896,0.509,0.814,0.5,0.481,0.099,0
10298,32,1,9,0.569,0.619,0.782,0.0,0.21,-0.272,0
10299,76,0,3,0.838,0.648,0.693,0.0,0.289,-0.099,1
10300,68,1,3,0.878,0.596,0.532,0.0,0.394,0.259,0
10301,40,0,11,0.749,0.357,1.112,0.75,0.543,-0.027,0
10302,54,0,3,0.892,0.668,0.195,0.5,-0.275,0.008,0
10303,38,0,8,1.018,0.7,0.646,0.0,0.305,0.098,0
10304,37,1,3,0.827,0.649,0.667,0.25,0.039,-0.014,0
10305,84,1,8,0.869,0.674,1.233,1.0,0.955,0.113,1
10306,52,0,7,0.7,0.625,0.787,0.5,0.276,-0.059,0
10307,82,0,7,0.838,0.666,0.538,0.5,0.272,-0.085,0
10308,36,1,12,0.727,0.649,0.598,0.25,-0.106,0.104,0
10309,59,0,6,0.942,0.495,0.665,0.75,-0.136,0.287,1
10310,68,1,8,0.804,0.523,0.933,0.25,0.24,-0.124,1
10311,50,0,5,0.798,0.701,0.77,0.0,0.264,0.147,0
10312,39,0,7,0.856,0.733,0.796,0.0,0.2,-0.056,0
10313,49,1,9,0.87,0.58,0.729,0.0,0.203,0.333,0
10314,43,1,9,0.711,0.579,0.575,0.25,0.162,-0.19,0
10315,45,1,9,0.954,0.501,0.758,0.25,0.387,0.267,0
10316,42,0,10,0.983,0.596,0.905,0.75,0.411,0.321,0
10317,55,0,4,0.804,0.699,1.025,0.0,0.493,0.148,0
10318,53,1,4,0.495,0.522,0.535,0.0,0.163,-0.5,0
10319,76,1,10,0.964,0.661,0.905,0.75,0.605,0.027,0
10320,69,1,7,0.83,0.681,0.649,1.0,-0.047,-0.063,0
10321,74,1,12,1.253,0.58,1.009,0.0,0.533,0.564,0
10322,75,0,7,0.759,0.54,0.714,0.75,0.151,-0.084,0
10323,40,1,3,0.863,0.633,0.46,0.25,0.023,0.252,0
10324,64,1,3,1.014,0.72,0.333,0.25,-0.279,0.4,0
10325,67,1,10,0.9,0.501,0.684,1.0,0.347,0.297,0
10326,74,0,11,1.142,0.508,0.713,0.0,0.204,0.265,1
10327,51,1,12,0.923,0.561,1.083,0.25,1.026,0.153,0
10328,42,1,3,0.97,0.559,0.7,0.0,-0.059,0.32,0
10329,70,0,4,0.81,0.679,0.626,0.0,-0.121,0.063,0
10330,36,0,5,0.758,0.584,0.519,1.0,0.089,0.244,0
10331,80,0,12,0.783,0.64,1.086,0.0,0.608,0.106,1
10332,33,1,4,0.681,0.498,0.411,0.5,-0.421,-0.156,0
10333,54,1,7,0.921,0.549,0.617,0.0,0.04,0.212,0
10334,61,0,5,0.848,0.527,0.483,0.5,-0.336,0.127,0
10335,69,0,6,0.945,0.601,0.763,1.0,0.263,0.355,1
10336,35,1,7,0.737,0.566,0.527,0.0,0.177,-0.388,0
10337,58,0,10,0.834,0.484,0.747,0.25,0.442,0.138,0
10338,38,0,6,0.813,0.509,0.562,0.0,-0.024,0.261,0
10339,66,0,8,0.829,0.497,0.579,0.0,0.084,0.093,0
10340,45,1,12,0.812,0.6,0.878,0.0,0.415,0.106,0
10341,47,0,5,0.847,0.697,0.779,0.0,0.403,0.191,0
10342,67,0,12,1.077,0.6,1.181,0.0,0.567,0.459,1
10343,54,0,8,0.917,0.56,0.583,0.0,0.089,0.159,0
10344,70,0,7,0.866,0.482,0.743,0.0,0.087,0.286,1
10345,33,1,6,0.979,0.55,0.657,0.5,0.241,0.421,0
10346,48,0,11,0.865,0.446,1.006,1.0,0.306,0.399,1
10347,40,1,4,0.7,0.575,0.53,0.5,-0.243,-0.092,0
10348,58,0,3,0.638,0.655,0.479,0.5,0.17,-0.18,0
10349,71,0,10,1.024,0.479,0.7,0.0,0.364,0.26,0
10350,74,0,4,0.853,0.652,0.423,0.0,-0.113,0.108,0
10351,66,0,4,0.73,0.619,0.554,0.0,0.446,-0.094,0
10352,71,0,5,0.974,0.715,0.68,0.5,0.231,0.173,1
10353,48,0,4,1.013,0.516,0.541,0.5,-0.159,0.142,0
10354,54,0,3,0.576,0.575,0.583,0.25,0.16,-0.053,0
10355,54,0,5,0.91,0.582,0.573,0.0,0.051,0.15,0
10356,34,1,9,0.877,0.665,0.772,0.0,0.533,0.077,1
10357,36,0,10,0.97,0.596,1.012,1.0,0.589,0.075,0
10358,57,0,9,1.015,0.408,1.091,1.0,0.524,0.121,1
10359,45,1,3,1.017,0.735,0.16,0.0,-0.397,0.317,0
10360,75,1,5,0.811,0.624,0.615,0.0,0.095,0.043,0
10361,50,1,3,0.816,0.653,0.695,0.0,0.357,0.016,0
10362,38,1,6,0.925,0.562,0.729,1.0,0.588,0.355,0
10363,41,0,7,0.883,0.62,0.675,0.5,0.158,0.037,0
10364,54,1,10,0.809,0.456,0.808,1.0,0.458,0.046,0
10365,63,0,7,0.814,0.597,0.665,0.0,0.271,0.172,1
10366,63,1,10,0.616,0.527,0.609,0.0,0.266,-0.244,0
10367,31,0,7,0.968,0.838,0.583,0.0,0.203,0.055,0
10368,42,0,5,0.784,0.561,0.597,0.0,0.321,0.102,0
10369,47,1,3,0.652,0.676,0.576,0.75,0.079,-0.12,0
10370,54,1,3,0.667,0.593,0.477,0.25,0.124,-0.021,0
10371,53,1,9,1.061,0.546,0.699,0.25,0.274,0.386,1
10372,54,1,10,0.988,0.511,1.132,0.0,0.688,0.336,1
10373,70,0,5,0.882,0.576,0.691,0.0,0.111,0.074,0
10374,48,1,8,0.851,0.511,0.771,0.75,0.559,0.035,0
10375,77,0,9,0.862,0.612,0.707,0.0,0.506,0.037,1
10376,49,0,8,1.044,0.57,0.829,1.0,0.54,0.344,0
10377,74,0,8,0.769,0.337,0.398,0.25,0.063,0.033,0
10378,39,0,8,0.815,0.548,0.926,0.0,0.784,-0.132,0
10379,42,0,8,0.902,0.652,0.796,0.75,0.741,0.15,0
10380,31,0,3,0.933,0.571,0.447,1.0,-0.054,0.131,0
10381,55,1,9,0.976,0.5,0.747,0.0,0.357,0.262,1
10382,51,0,5,0.836,0.545,0.749,0.0,0.186,0.052,0
10383,48,0,9,0.73,0.678,1.043,0.0,0.66,-0.081,0
10384,49,1,5,0.795,0.468,0.399,0.0,0.001,0.274,0
10385,47,0,12,1.016,0.486,0.801,0.75,0.552,0.367,0
10386,31,0,5,0.826,0.667,0.789,0.0,0.384,-0.068,0
10387,54,1,10,1.045,0.603,0.674,0.75,0.384,0.313,0
10388,79,1,12,0.961,0.498,1.211,0.0,0.796,0.022,1
10389,83,1,12,0.755,0.551,0.965,0.25,0.463,0.055,0
10390,38,1,6,0.946,0.512,0.523,0.25,-0.045,0.296,0
10391,63,1,7,1.021,0.505,0.643,0.5,0.332,0.25,0
10392,68,0,4,0.634,0.663,0.607,0.0,0.108,0.171,0
10393,58,1,11,1.015,0.446,0.934,0.0,0.524,0.385,0
10394,63,1,11,0.734,0.526,0.656,0.5,0.001,-0.31,0
10395,53,0,4,0.821,0.586,0.633,0.75,-0.004,-0.11,0
10396,44,1,3,0.882,0.745,0.584,0.75,-0.078,0.089,0
10397,62,0,10,0.783,0.518,1.056,0.0,0.788,-0.041,0
10398,82,0,7,0.964,0.692,0.449,0.0,0.23,0.205,0
10399,61,0,7,0.848,0.526,0.433,0.0,-0.193,0.167,0
10400,55,1,3,0.745,0.663,0.418,0.5,0.133,-0.122,0
10401,70,1,10,0.874,0.563,0.561,0.75,-0.016,0.067,0
10402,79,1,7,1.095,0.604,0.606,0.0,0.27,0.221,0
10403,52,0,9,0.793,0.424,0.805,1.0,0.241,-0.126,0
10404,75,0,4,0.839,0.619,0.58,0.25,-0.011,0.216,0
10405,58,0,4,0.7,0.606,0.193,0.0,-0.4,0.0,0
10406,66,1,11,1.186,0.66,0.953,0.25,0.513,0.42,1
10407,51,0,8,0.961,0.629,0.876,0.75,0.459,0.261,0
10408,69,1,12,0.986,0.378,0.869,0.0,0.532,0.167,0
10409,67,1,4,0.663,0.66,0.641,0.0,0.2,-0.215,0
10410,65,0,3,0.815,0.667,0.725,0.0,-0.083,0.257,0
10411,68,0,4,0.843,0.566,0.551,0.5,0.058,0.024,0
10412,83,0,9,0.868,0.608,0.651,0.0,0.317,0.061,0
10413,32,0,4,0.705,0.634,0.632,0.25,0.133,-0.156,0
10414,46,0,6,0.952,0.581,0.424,0.25,0.034,0.238,0
10415,35,1,12,0.7,0.604,0.871,0.5,0.465,-0.281,0
10416,65,0,8,0.788,0.645,0.704,1.0,0.389,0.15,0
10417,76,1,6,0.967,0.66,0.531,0.0,0.183,0.272,0
10418,59,0,10,0.87,0.539,1.06,0.0,0.527,0.224,0
10419,51,1,6,0.958,0.588,0.573,0.0,0.305,-0.027,0
10420,36,1,12,0.963,0.723,0.968,0.75,0.62,0.251,0
10421,33,1,10,0.885,0.64,0.672,1.0,-0.002,0.024,0
10422,34,1,12,0.824,0.615,1.102,0.25,0.569,0.075,0
10423,34,0,5,0.727,0.529,0.884,0.0,0.444,0.027,0
10424,38,1,11,0.802,0.569,0.7,0.0,0.575,-0.011,0
10425,50,1,8,1.009,0.632,0.625,0.0,0.304,0.462,0
10426,65,0,3,0.823,0.578,0.659,0.25,0.17,0.088,1
10427,40,1,3,0.786,0.667,0.335,0.0,-0.178,-0.112,0
10428,60,1,5,0.739,0.688,0.678,0.0,0.424,-0.004,1
10429,66,1,7,0.833,0.688,0.781,0.0,0.158,0.015,1
10430,53,0,12,0.983,0.605,0.979,0.5,0.417,0.314,0
10431,34,1,11,0.939,0.7,0.794,0.25,0.376,0.239,0
10432,77,1,9,0.954,0.394,0.936,0.0,0.362,0.248,0
10433,78,1,4,0.704,0.651,0.93,0.5,0.535,-0.189,0
10434,50,1,11,1.067,0.497,0.7,0.0,0.4,0.242,1
10435,67,1,5,0.901,0.7,0.413,0.5,0.381,0.281,0
10436,69,0,3,0.852,0.492,0.416,0.0,-0.05,0.152,0
10437,42,0,7,0.745,0.578,0.74,0.0,0.189,-0.083,0
10438,73,1,6,0.7,0.56,0.535,0.5,-0.004,-0.253,0
10439,33,0,5,0.924,0.683,0.621,0.0,0.068,0.201,0
10440,39,0,8,0.861,0.504,0.692,0.0,0.492,0.155,0
10441,34,1,10,0.87,0.595,0.828,1.0,0.145,0.04,1
10442,73,1,3,0.899,0.64,0.526,0.75,-0.082,0.078,0
10443,37,1,5,0.864,0.601,0.484,0.0,0.062,-0.005,0
10444,68,1,10,0.823,0.537,0.877,0.0,0.426,0.485,1
10445,71,1,7,0.662,0.601,0.485,0.25,-0.157,-0.176,0
10446,59,1,6,0.844,0.564,0.562,0.5,0.187,0.049,0
10447,70,1,4,0.817,0.694,0.485,0.0,-0.113,0.305,0
10448,80,1,5,0.963,0.7,0.706,0.5,0.081,0.184,0
10449,49,0,4,0.989,0.693,0.409,0.25,-0.157,0.156,0
10450,53,0,4,0.799,0.652,0.525,0.25,0.139,0.099,0
10451,45,0,9,0.897,0.624,0.629,0.0,-0.04,0.088,0
10452,35,1,9,0.807,0.585,0.908,0.0,0.058,0.067,0
10453,72,1,11,0.939,0.7,0.95,0.0,0.855,0.118,0
10454,33,1,5,1.089,0.597,0.56,0.0,0.112,0.335,0
10455,68,1,11,1.144,0.638,0.853,0.0,0.323,0.426,0
10456,42,1,8,0.937,0.454,0.394,1.0,-0.112,0.346,0
10457,66,1,8,0.917,0.544,0.571,0.75,-0.14,0.015,0
10458,41,0,5,0.914,0.635,0.561,0.0,0.023,0.023,0
10459,43,0,5,0.614,0.595,0.928,0.5,0.364,-0.192,1
10460,36,1,12,0.94,0.504,0.538,0.0,0.428,0.261,0
10461,83,1,7,0.682,0.582,0.811,0.5,0.254,-0.258,0
10462,74,1,7,0.825,0.644,0.515,0.0,-0.065,0.076,0
10463,31,1,12,1.225,0.497,0.749,0.0,0.144,0.523,0
10464,48,0,12,0.881,0.514,1.349,0.25,0.874,0.311,0
10465,61,0,8,0.799,0.561,0.736,0.75,0.471,-0.076,0
10466,33,0,9,0.879,0.52,0.706,0.25,0.112,0.2,0
10467,45,0,9,0.885,0.645,0.799,0.0,0.297,0.331,1
10468,39,0,3,0.809,0.703,0.632,1.0,0.377,0.189,0
10469,62,1,11,0.875,0.441,0.974,1.0,0.363,0.175,0
10470,38,0,5,0.619,0.597,0.557,1.0,-0.147,-0.214,0
10471,52,0,8,0.851,0.548,0.668,0.0,0.165,0.072,0
10472,43,0,5,0.883,0.626,0.66,0.75,0.306,0.212,0
10473,61,1,8,0.945,0.51,0.759,0.5,0.185,0.072,0
10474,73,1,11,0.988,0.419,1.011,0.0,0.736,0.487,0
10475,74,0,4,0.889,0.524,0.414,1.0,-0.083,0.24,1
10476,48,1,12,0.987,0.564,0.941,0.25,0.514,0.317,0
10477,39,1,4,0.689,0.603,0.875,0.5,0.329,-0.162,0
10478,33,1,9,0.984,0.637,0.835,0.25,0.388,0.312,0
10479,45,1,9,0.792,0.55,0.635,0.5,-0.041,0.035,0
10480,42,0,12,0.958,0.49,1.104,0.25,0.791,0.227,0
10481,46,0,7,0.985,0.684,0.764,1.0,0.491,0.282,0
10482,45,1,7,0.721,0.523,1.07,0.0,0.561,-0.082,0
10483,36,0,12,0.884,0.651,0.896,0.0,0.377,0.166,1
10484,65,0,3,0.661,0.675,0.62,0.25,0.128,-0.179,0
10485,74,0,3,0.688,0.646,0.387,0.75,-0.232,-0.122,0
10486,58,0,8,0.776,0.608,0.742,0.25,0.329,0.057,0
10487,59,1,4,0.734,0.609,0.7,0.25,0.354,-0.064,0
10488,36,0,3,0.779,0.653,0.582,0.0,0.665,-0.016,0
10489,39,1,7,0.929,0.607,0.807,1.0,0.44,0.122,0
10490,57,0,8,0.864,0.543,0.853,0.0,0.254,0.232,0
10491,76,0,11,0.936,0.58,1.201,0.0,0.542,0.258,0
10492,63,0,5,0.952,0.609,0.71,0.25,0.259,0.168,0
10493,77,1,9,0.886,0.47,0.7,0.0,0.269,0.18,1
10494,71,1,4,0.618,0.68,0.701,0.25,0.268,-0.034,1
10495,39,0,10,1.02,0.564,0.612,0.25,0.415,0.264,0
10496,54,1,4,0.883,0.605,0.454,0.5,-0.171,0.354,0
10497,73,1,11,0.915,0.593,0.747,1.0,0.272,0.215,1
10498,52,1,3,0.8,0.596,0.186,0.5,-0.116,0.124,0
10499,75,1,7,0.87,0.652,0.627,0.0,0.228,0.248,0
10500,75,0,12,0.917,0.449,0.687,0.0,0.193,0.199,1
10501,33,1,8,0.78,0.657,0.657,0.75,0.302,0.04,0
10502,41,1,10,0.963,0.568,0.776,0.5,0.41,0.358,0
10503,31,1,4,0.758,0.562,0.28,0.0,0.022,0.025,0
10504,75,0,7,0.669,0.576,0.66,0.5,0.107,-0.031,0
10505,76,0,11,0.897,0.5,0.886,0.0,0.309,-0.096,0
10506,63,1,9,0.824,0.494,0.942,0.0,0.642,0.077,0
10507,60,1,5,0.851,0.7,0.92,1.0,0.506,0.166,0
10508,76,0,4,0.853,0.464,0.637,0.25,-0.034,0.091,0
10509,41,1,9,0.827,0.61,0.75,0.0,0.21,0.061,0
10510,33,0,10,0.883,0.515,1.009,0.0,0.445,0.176,1
10511,48,1,6,0.854,0.588,0.66,0.0,0.048,0.024,0
10512,47,0,12,0.911,0.505,0.683,0.25,0.039,0.113,0
10513,64,1,3,0.518,0.647,0.552,0.0,0.342,-0.253,0
10514,78,0,8,0.878,0.473,0.7,0.0,-0.15,0.385,0
10515,77,0,10,0.831,0.573,0.711,0.25,0.143,0.131,0
10516,36,1,10,0.898,0.525,0.759,0.0,0.091,0.102,0
10517,81,0,10,1.11,0.586,0.746,0.0,0.361,0.481,1
10518,52,1,5,0.954,0.586,0.817,0.5,0.5,0.223,0
10519,41,1,6,0.721,0.463,0.567,1.0,0.012,0.205,0
10520,63,0,8,0.933,0.654,0.847,0.25,0.32,0.234,0
10521,53,1,4,0.855,0.71,0.7,1.0,0.262,0.029,0
10522,39,0,7,0.731,0.648,0.92,0.0,0.413,-0.122,0
10523,38,1,9,0.923,0.7,0.678,0.25,0.038,0.287,0
10524,84,0,7,0.829,0.451,0.792,0.0,0.537,0.021,0
10525,31,1,11,1.085,0.675,0.722,0.25,-0.111,0.51,0
10526,71,0,3,0.845,0.608,0.376,1.0,0.18,0.192,0
10527,63,1,9,0.849,0.592,1.195,0.0,0.817,0.072,1
10528,79,1,11,0.873,0.514,1.249,0.0,0.891,0.181,0
10529,31,1,9,1.097,0.414,1.025,0.0,0.725,0.244,0
10530,38,1,5,1.056,0.555,0.614,0.0,-0.203,0.307,0
10531,67,0,3,0.589,0.628,0.493,0.75,-0.098,-0.456,0
10532,34,0,7,0.706,0.474,0.584,0.25,0.175,0.019,0
10533,59,1,7,0.7,0.535,1.05,0.25,0.394,0.152,0
10534,78,1,3,0.895,0.741,0.565,0.25,-0.048,0.189,0
10535,41,1,12,0.754,0.664,0.809,0.0,0.282,0.169,0
10536,49,1,9,0.993,0.643,0.905,0.5,0.28,0.121,0
10537,47,1,7,0.952,0.584,0.527,0.75,-0.173,0.306,0
10538,82,1,8,0.88,0.681,0.544,0.0,0.072,-0.011,0
10539,79,1,3,0.816,0.504,0.526,0.25,0.035,0.313,0
10540,77,1,7,0.964,0.7,1.028,0.0,0.58,0.057,1
10541,39,1,8,0.887,0.471,0.927,0.25,0.17,-0.004,0
10542,68,1,6,0.912,0.589,0.639,0.0,0.285,0.266,0
10543,47,1,6,0.688,0.54,0.787,0.25,0.421,-0.071,0
10544,75,1,5,0.766,0.612,0.721,1.0,-0.182,-0.141,1
10545,35,1,6,0.544,0.563,0.855,0.75,0.192,-0.202,0
10546,81,0,7,0.954,0.398,0.588,0.5,0.128,0.193,0
10547,67,1,5,0.849,0.628,0.482,0.0,-0.218,0.1,0
10548,31,1,10,0.905,0.585,0.7,0.0,0.492,0.272,0
10549,49,1,6,0.761,0.488,0.648,0.0,0.232,-0.001,0
10550,61,1,11,0.845,0.527,0.68,0.75,0.354,-0.003,0
10551,39,0,11,0.893,0.595,0.99,0.5,0.534,0.262,0
10552,49,1,6,0.715,0.654,0.688,0.0,0.482,-0.192,0
10553,37,1,7,0.98,0.614,0.769,0.5,0.558,0.142,0
10554,67,1,5,0.852,0.512,0.635,0.25,0.023,-0.028,0
10555,39,1,6,0.637,0.64,0.91,0.25,0.288,-0.066,0
10556,65,1,8,0.829,0.598,0.669,0.0,0.006,0.094,0
10557,68,1,4,0.934,0.595,0.631,0.75,0.15,0.173,0
10558,49,1,4,0.95,0.624,0.705,0.25,0.296,0.008,1
10559,30,1,6,0.732,0.59,0.391,0.0,-0.254,0.142,0
10560,52,0,5,0.636,0.429,0.541,0.5,-0.004,-0.064,0
10561,43,0,9,0.884,0.5,0.828,0.0,0.437,0.128,0
10562,38,0,12,1.18,0.507,0.7,0.5,0.453,0.51,0
10563,50,0,12,0.982,0.549,0.824,0.5,0.189,0.22,0
10564,48,1,3,0.77,0.541,0.923,0.0,0.836,-0.137,0
10565,37,1,9,0.839,0.626,0.571,0.0,0.162,0.146,0
10566,55,0,12,0.965,0.7,0.86,0.5,0.43,0.303,1
10567,53,1,6,0.712,0.589,0.745,0.5,-0.013,0.124,1
10568,83,1,10,1.101,0.63,0.616,1.0,-0.216,0.239,0
10569,60,1,8,0.895,0.562,0.682,0.75,0.105,0.237,0
10570,80,1,10,0.806,0.481,0.778,0.0,0.343,0.07,0
10571,78,1,11,0.756,0.571,0.66,0.0,0.319,0.018,1
10572,43,0,10,0.967,0.596,0.819,0.75,0.289,0.22,0
10573,73,0,9,0.983,0.625,0.989,0.75,0.648,0.265,0
10574,77,1,6,0.596,0.535,0.566,0.5,0.144,-0.075,0
10575,39,0,5,0.693,0.647,0.484,0.0,0.044,-0.211,0
10576,50,0,4,0.9,0.724,0.874,0.25,0.696,0.163,0
10577,61,0,3,0.827,0.615,0.915,1.0,0.532,0.268,0
10578,50,0,7,0.812,0.588,0.827,0.75,0.522,-0.031,0
10579,48,0,7,0.946,0.545,0.621,0.0,0.371,0.411,0
10580,78,1,12,0.862,0.559,0.714,0.5,0.273,0.081,0
10581,68,1,7,0.971,0.616,0.823,0.0,0.475,0.276,0
10582,80,0,10,0.875,0.516,0.764,1.0,0.348,0.041,1
10583,80,0,6,0.971,0.627,0.615,0.0,-0.055,0.321,0
10584,79,0,11,1.003,0.65,0.866,0.0,0.068,0.214,0
10585,59,1,6,0.764,0.567,0.528,1.0,-0.181,0.036,0
10586,76,0,5,0.935,0.512,0.447,0.0,-0.294,0.018,0
10587,35,0,10,1.049,0.498,0.822,0.75,0.103,0.211,0
10588,47,1,9,0.823,0.713,0.746,1.0,0.13,0.003,0
10589,44,0,9,0.9,0.512,0.448,0.25,-0.07,0.079,0
10590,47,1,10,0.83,0.651,0.68,0.0,0.285,-0.062,0
10591,49,0,12,0.929,0.548,0.752,0.0,0.347,0.176,1
10592,37,1,5,1.139,0.619,0.726,0.0,0.407,0.224,0
10593,83,0,10,0.906,0.548,0.685,0.0,0.49,-0.19,0
10594,40,1,6,1.033,0.604,1.045,0.75,0.618,0.115,0
10595,43,0,12,0.908,0.595,0.947,0.5,0.454,0.257,1
10596,71,1,5,0.7,0.53,0.468,0.5,0.261,0.006,0
10597,37,1,4,0.92,0.65,0.446,0.0,-0.094,-0.092,0
10598,64,0,10,0.78,0.562,0.954,0.5,0.835,0.03,0
10599,59,1,10,0.7,0.657,0.795,0.25,0.491,0.166,0
10600,83,1,4,0.786,0.7,0.32,0.0,-0.38,0.172,0
10601,82,1,4,0.738,0.618,0.521,0.25,-0.18,0.072,0
10602,79,0,9,0.736,0.503,0.754,0.25,0.112,-0.007,0
10603,49,1,10,0.972,0.498,1.084,0.25,0.683,0.265,1
10604,69,1,7,0.93,0.592,0.641,0.0,0.331,0.353,0
10605,71,0,6,0.807,0.626,0.192,0.25,-0.183,0.115,0
10606,50,1,5,1.01,0.666,0.527,0.5,0.078,0.083,0
10607,60,1,4,0.705,0.586,0.708,0.25,0.107,-0.132,0
10608,44,1,4,0.908,0.504,0.776,0.5,0.516,0.111,1
10609,77,1,9,1.005,0.634,0.623,0.25,0.24,0.15,0
10610,71,1,4,0.819,0.594,0.377,1.0,-0.137,0.075,0
10611,75,0,6,0.724,0.55,0.643,0.75,0.254,0.024,0
10612,52,0,8,0.774,0.65,0.89,0.0,0.59,0.065,0
10613,31,0,9,0.758,0.607,1.069,0.0,0.703,0.122,0
10614,69,0,7,0.766,0.656,0.702,1.0,0.362,0.05,0
10615,31,1,11,0.961,0.605,0.931,0.0,0.45,0.249,1
10616,81,1,4,0.867,0.443,0.371,0.0,-0.165,0.132,0
10617,80,1,3,0.919,0.674,0.446,0.0,-0.128,0.025,0
10618,30,0,3,0.73,0.664,0.582,0.0,-0.003,0.017,0
10619,78,1,11,0.866,0.51,1.096,0.5,0.567,0.14,0
10620,80,0,12,1.158,0.431,0.992,0.25,0.608,0.596,0
10621,53,0,3,0.807,0.469,0.703,0.5,0.293,0.123,0
10622,56,1,4,0.682,0.609,0.665,0.0,0.126,-0.096,0
10623,55,1,5,0.965,0.7,0.774,0.5,0.369,0.158,0
10624,68,0,10,1.013,0.63,0.889,0.75,0.207,0.313,1
10625,44,0,7,0.609,0.581,0.576,0.5,0.04,-0.024,0
10626,74,0,4,0.786,0.7,0.755,0.0,0.228,0.023,0
10627,80,0,3,0.55,0.562,0.582,0.0,0.176,-0.338,0
10628,68,1,8,0.7,0.625,1.262,0.75,0.497,-0.197,1
10629,47,0,6,0.926,0.652,0.737,0.0,0.037,0.223,1
10630,57,0,8,0.881,0.536,0.822,0.25,0.315,0.137,1
10631,32,1,5,0.799,0.544,0.694,0.0,0.371,0.044,0
10632,43,1,3,0.702,0.494,0.384,0.5,0.256,-0.14,0
10633,82,1,3,0.635,0.509,0.443,0.0,0.214,-0.206,0
10634,34,1,12,1.082,0.449,0.952,1.0,0.588,0.402,1
10635,68,0,9,0.942,0.513,0.467,0.0,0.169,0.13,0
10636,40,0,11,0.8,0.552,1.045,0.0,0.339,0.222,0
10637,45,1,7,1.043,0.7,0.93,0.5,0.516,0.496,0
10638,40,1,9,1.091,0.543,0.63,0.0,-0.037,0.199,0
10639,48,1,8,0.872,0.568,0.805,0.0,0.523,0.241,0
10640,53,0,3,1.061,0.677,0.648,0.0,-0.179,0.332,0
10641,34,1,7,0.765,0.582,0.708,0.5,0.48,-0.101,0
10642,48,0,4,0.817,0.544,0.7,0.5,0.371,0.117,0
10643,55,1,8,0.773,0.7,0.418,0.0,-0.226,0.167,0
10644,83,0,8,0.953,0.671,0.426,0.25,-0.141,0.013,0
10645,80,0,9,1.018,0.738,0.713,0.75,0.289,0.29,0
10646,49,0,12,0.77,0.588,0.921,0.0,0.517,-0.021,1
10647,69,0,3,0.788,0.534,0.905,0.0,0.205,0.144,0
10648,76,0,7,0.956,0.622,0.804,1.0,0.464,0.211,0
10649,46,1,7,0.941,0.568,0.7,0.0,0.352,0.152,0
10650,40,0,12,1.062,0.469,1.017,0.5,0.462,0.221,0
10651,67,0,8,0.7,0.565,0.869,0.0,0.569,-0.341,0
10652,55,1,5,1.0,0.578,0.499,0.25,-0.071,0.153,0
10653,81,1,12,1.123,0.571,0.736,0.75,0.336,0.39,1
10654,57,1,4,0.82,0.683,0.69,0.0,0.096,0.12,0
10655,39,1,5,0.988,0.522,0.744,0.0,0.241,0.467,0
10656,35,0,6,0.886,0.734,0.486,0.25,-0.262,0.214,0
10657,37,0,9,0.948,0.473,0.695,0.25,0.16,0.069,1
10658,75,1,5,0.7,0.601,0.436,0.75,-0.029,-0.294,0
10659,31,0,11,0.978,0.518,0.954,0.75,0.687,0.26,0
10660,62,0,12,0.913,0.667,0.937,0.0,0.585,0.257,1
10661,75,1,6,0.877,0.572,0.568,1.0,0.023,0.117,0
10662,47,0,10,0.976,0.639,0.645,0.5,0.429,0.263,0
10663,73,1,11,0.838,0.636,0.914,0.0,0.577,0.219,1
10664,73,0,3,0.728,0.509,0.466,0.0,0.09,-0.074,0
10665,56,1,8,0.879,0.388,0.579,0.0,0.207,0.165,0
10666,70,1,10,0.949,0.434,0.956,0.0,0.447,0.402,0
10667,55,1,8,0.876,0.55,0.855,0.0,0.53,0.149,0
10668,51,0,6,0.648,0.645,0.527,0.75,0.198,-0.113,0
10669,39,1,4,1.064,0.628,0.545,0.5,-0.076,0.237,0
10670,44,1,8,0.923,0.608,0.826,0.0,0.453,0.457,0
10671,51,1,8,1.117,0.576,0.795,1.0,0.495,0.352,0
10672,75,1,6,0.966,0.629,0.587,0.0,0.042,0.183,0
10673,47,0,7,0.807,0.586,0.85,0.0,0.539,0.091,0
10674,49,1,10,0.966,0.569,0.7,0.0,0.506,0.213,0
10675,49,0,8,1.065,0.383,0.223,0.0,-0.193,0.303,0
10676,50,1,4,1.039,0.554,0.599,0.25,0.332,0.407,0
10677,61,0,3,0.72,0.695,0.622,1.0,0.108,0.192,0
10678,44,1,6,0.7,0.498,0.513,0.0,-0.011,-0.067,0
10679,32,1,5,0.971,0.608,0.65,0.0,0.352,0.066,1
10680,70,0,4,0.784,0.636,0.526,0.25,0.141,-0.045,0
10681,82,1,11,1.077,0.516,1.137,0.0,0.784,0.27,0
10682,59,0,12,0.918,0.502,1.192,0.75,0.809,0.339,0
10683,35,1,11,1.048,0.661,0.792,0.0,0.453,0.358,1
10684,33,1,4,0.94,0.654,0.458,0.0,-0.039,0.212,0
10685,50,0,5,0.7,0.518,0.674,0.0,0.53,-0.003,0
10686,54,1,12,1.389,0.527,0.753,0.0,0.357,0.817,0
10687,79,1,10,1.089,0.493,0.788,0.0,0.374,0.29,0
10688,71,0,10,0.942,0.577,0.798,0.5,0.327,0.065,0
10689,81,0,6,0.707,0.591,0.647,0.0,0.142,-0.025,0
10690,57,1,7,0.709,0.599,0.609,0.25,0.104,-0.119,0
10691,56,1,4,1.099,0.703,0.457,0.0,0.072,0.63,0
10692,73,1,5,0.837,0.66,0.617,0.0,0.06,0.04,0
10693,53,0,3,0.749,0.651,0.765,0.5,0.407,-0.023,1
10694,37,0,11,0.875,0.565,0.72,0.0,0.361,0.374,0
10695,37,1,9,0.864,0.433,0.976,0.5,0.522,0.305,0
10696,59,1,12,0.898,0.515,0.893,1.0,0.56,0.123,0
10697,67,0,8,1.022,0.444,0.675,0.0,0.188,0.322,0
10698,48,0,12,0.767,0.612,0.925,0.25,0.472,-0.155,1
10699,77,0,5,0.77,0.66,0.718,0.0,0.541,-0.024,1
10700,55,1,4,0.825,0.538,0.348,0.5,0.123,0.242,0
10701,66,1,11,0.844,0.516,0.75,0.75,0.383,-0.209,1
10702,63,0,7,1.028,0.741,0.944,0.75,0.713,0.249,0
10703,81,0,7,0.723,0.65,0.61,0.0,0.011,-0.156,0
10704,61,1,11,0.939,0.626,0.763,0.0,0.272,0.344,0
10705,71,1,8,0.759,0.431,0.741,0.0,0.325,0.025,0
10706,35,1,4,0.7,0.698,0.432,0.0,-0.133,0.048,0
10707,42,1,6,0.823,0.591,0.405,0.0,-0.17,0.111,0
10708,38,0,5,0.707,0.61,0.7,0.0,0.089,-0.228,0
10709,30,1,5,0.833,0.417,0.634,0.0,0.184,0.011,0
10710,43,0,3,0.741,0.547,0.489,0.5,0.232,0.057,0
10711,61,1,4,0.717,0.694,0.585,0.25,0.078,-0.138,0
10712,60,1,12,0.816,0.414,0.961,0.0,0.739,-0.103,0
10713,62,0,10,0.784,0.7,1.102,0.75,0.433,-0.007,0
10714,30,0,10,0.983,0.519,0.796,0.0,0.626,0.026,0
10715,30,1,7,0.851,0.568,0.771,0.0,0.496,0.174,0
10716,75,0,3,0.802,0.694,0.529,0.0,-0.156,-0.037,0
10717,76,1,4,0.854,0.663,0.32,0.0,0.032,0.232,0
10718,37,0,5,0.789,0.483,1.058,0.75,0.616,0.201,0
10719,69,1,8,0.859,0.7,0.847,0.25,0.689,0.0,1
10720,52,0,6,0.956,0.494,0.623,0.0,0.325,0.204,0
10721,78,0,7,1.027,0.532,0.673,0.0,-0.05,0.225,0
10722,33,0,5,0.816,0.524,0.757,0.0,0.082,0.134,0
10723,80,0,10,0.713,0.482,0.788,0.0,0.497,-0.035,1
10724,63,0,8,0.873,0.593,0.93,0.0,0.766,0.122,0
10725,65,0,9,0.893,0.545,0.581,1.0,0.22,0.02,0
10726,70,1,12,1.044,0.477,0.915,0.0,0.481,0.406,0
10727,58,0,12,0.978,0.541,0.722,0.75,0.148,0.255,1
10728,78,1,12,0.964,0.589,0.977,0.25,0.602,0.143,0
10729,55,1,9,0.963,0.663,0.717,0.0,0.426,0.102,0
10730,75,1,5,0.866,0.601,0.648,0.5,0.198,0.285,0
10731,56,1,7,0.885,0.425,1.032,0.75,0.549,-0.067,0
10732,41,1,10,1.179,0.599,0.784,0.0,0.471,0.447,1
10733,76,1,3,0.77,0.66,0.541,0.0,-0.016,0.107,0
10734,78,1,10,0.663,0.522,0.965,0.0,0.593,-0.18,0
10735,40,0,6,0.945,0.482,0.401,0.0,-0.291,0.206,0
10736,33,0,3,0.608,0.615,0.7,0.75,0.322,-0.148,0
10737,39,0,12,1.013,0.497,0.876,0.25,0.462,0.371,0
10738,65,0,4,0.781,0.661,0.7,0.0,0.319,-0.036,1
10739,33,1,8,0.841,0.557,0.824,0.75,0.344,0.032,1
10740,46,0,12,0.857,0.463,0.813,0.0,0.244,0.097,0
10741,68,0,8,0.921,0.605,0.491,0.5,-0.131,0.274,0
10742,64,1,8,1.214,0.68,0.743,0.5,0.297,0.443,0
10743,30,0,4,0.977,0.7,0.788,0.0,0.354,0.214,0
10744,83,1,7,0.777,0.711,0.745,0.0,0.196,0.005,0
10745,75,0,7,0.902,0.736,0.466,0.0,0.007,0.315,0
10746,30,0,9,0.833,0.419,0.938,1.0,0.418,0.035,0
10747,68,1,9,0.903,0.458,0.7,0.0,0.295,0.058,0
10748,57,0,5,0.889,0.668,0.556,0.25,0.112,0.242,0
10749,83,1,5,0.76,0.553,0.479,0.0,-0.232,0.06,0
10750,56,0,8,1.174,0.593,0.853,0.0,0.519,0.363,0
10751,49,0,8,0.766,0.459,0.82,0.75,0.393,-0.118,0
10752,69,0,12,1.015,0.526,1.206,0.0,0.668,0.315,0
10753,44,1,4,0.7,0.628,0.606,0.0,0.349,-0.137,0
10754,83,1,10,0.966,0.517,0.521,0.25,-0.229,0.387,1
10755,61,1,7,0.757,0.633,0.892,0.0,0.356,-0.069,0
10756,80,0,3,0.7,0.638,0.448,1.0,0.176,-0.088,0
10757,44,1,8,0.948,0.423,1.043,0.0,0.536,0.264,0
10758,41,0,8,0.92,0.616,1.062,0.5,0.555,0.177,0
10759,51,1,4,0.898,0.658,0.339,0.25,-0.191,0.031,0
10760,43,0,6,0.849,0.565,0.682,0.0,-0.092,0.038,0
10761,58,0,7,0.93,0.585,0.731,0.75,-0.051,0.269,1
10762,70,0,6,0.781,0.671,0.583,0.0,0.37,0.088,0
10763,78,1,8,0.889,0.565,0.624,0.0,0.089,0.304,1
10764,43,0,5,0.853,0.493,0.768,0.75,0.467,-0.125,1
10765,42,1,4,0.948,0.589,0.707,0.0,0.292,0.163,0
10766,72,1,12,1.068,0.463,0.542,0.25,0.038,0.176,1
10767,81,1,11,0.91,0.537,1.282,0.5,0.667,0.265,0
10768,38,0,4,0.657,0.567,0.744,0.75,0.291,0.072,1
10769,40,0,3,0.644,0.545,0.681,0.0,0.408,-0.089,0
10770,84,0,9,1.062,0.637,0.798,0.0,0.205,0.313,0
10771,43,1,10,0.795,0.531,1.085,0.0,0.529,0.103,0
10772,60,0,11,0.926,0.474,0.774,0.75,0.2,0.173,1
10773,56,0,10,0.937,0.524,0.698,0.5,0.255,0.237,1
10774,44,1,9,0.899,0.644,1.066,0.75,0.864,0.308,0
10775,72,1,8,0.945,0.562,0.666,0.5,0.38,0.4,1
10776,37,0,10,1.068,0.509,0.666,0.0,0.237,0.296,0
10777,32,0,3,0.931,0.509,0.564,1.0,-0.073,0.119,0
10778,60,0,10,1.067,0.529,0.784,0.75,0.297,0.187,1
10779,49,0,8,0.866,0.505,0.804,1.0,0.2,0.163,0
10780,64,1,10,0.923,0.455,0.826,0.0,0.586,0.095,1
10781,42,0,6,0.704,0.587,0.767,0.0,0.407,0.241,0
10782,57,1,6,0.728,0.572,0.455,0.0,0.026,-0.122,0
10783,83,1,10,0.948,0.673,0.951,0.0,0.097,0.355,1
10784,37,1,7,0.823,0.508,0.488,0.0,0.298,0.232,0
10785,52,1,9,0.931,0.542,0.887,0.25,0.315,0.046,1
10786,75,1,11,0.834,0.601,0.826,1.0,0.187,0.171,1
10787,68,0,8,0.982,0.522,0.902,0.25,0.08,0.319,1
10788,32,1,12,0.962,0.772,0.915,0.5,0.301,0.312,0
10789,61,0,7,0.801,0.638,0.722,0.0,0.028,-0.004,0
10790,67,0,11,0.899,0.481,0.808,0.0,0.58,0.217,0
10791,34,1,6,0.931,0.616,0.645,0.0,0.518,0.233,0
10792,36,0,8,1.043,0.549,0.84,0.0,0.432,0.225,0
10793,63,1,3,0.84,0.674,0.63,0.0,0.031,0.185,0
10794,45,1,12,1.082,0.6,0.962,0.5,0.239,0.53,0
10795,66,1,10,0.936,0.593,0.864,0.0,0.532,0.296,0
10796,71,1,11,1.101,0.602,0.77,0.5,0.289,0.265,0
10797,74,0,4,0.966,0.541,0.664,0.25,0.069,-0.005,0
10798,35,0,9,0.809,0.599,0.763,0.75,0.648,0.104,0
10799,50,1,5,0.677,0.655,0.495,0.75,-0.045,-0.006,0
10800,68,1,4,0.883,0.663,0.567,0.25,-0.269,0.116,1
10801,39,0,7,0.705,0.46,0.622,0.0,-0.078,-0.155,0
10802,78,0,3,0.57,0.695,0.541,0.25,0.016,-0.293,0
10803,80,0,7,0.646,0.406,0.803,0.0,0.434,-0.23,0
10804,67,0,11,0.801,0.427,1.04,0.0,0.844,-0.049,1
10805,35,1,5,0.517,0.654,0.663,0.25,0.35,-0.191,0
10806,38,1,7,0.894,0.614,0.901,0.0,0.111,0.404,0
10807,33,0,6,1.094,0.65,0.578,0.0,-0.006,0.465,0
10808,58,0,10,1.166,0.538,1.056,0.0,0.651,0.382,0
10809,75,1,8,0.879,0.555,0.891,0.5,0.456,0.263,0
10810,59,0,7,0.64,0.583,0.589,0.0,0.021,-0.121,0
10811,74,1,3,0.845,0.522,0.684,0.25,0.488,0.087,0
10812,47,1,11,0.848,0.46,0.813,0.5,0.603,-0.016,0
10813,64,1,11,0.887,0.597,0.821,1.0,0.278,-0.072,0
10814,43,0,4,0.574,0.704,0.506,0.0,0.036,-0.317,0
10815,73,1,12,1.051,0.57,0.572,0.0,-0.023,0.244,0
10816,68,0,5,0.68,0.729,0.762,0.0,0.423,-0.221,0
10817,81,0,8,0.805,0.683,0.733,0.75,0.267,0.167,0
10818,56,0,3,0.88,0.437,0.675,0.0,0.379,0.227,0
10819,39,1,11,1.063,0.54,0.501,0.0,0.121,0.391,0
10820,59,1,11,1.017,0.472,0.821,0.0,0.319,0.137,1
10821,54,0,7,0.728,0.691,0.744,0.25,0.466,0.093,0
10822,78,0,3,0.532,0.82,0.557,0.25,0.076,-0.205,0
10823,56,0,3,0.663,0.625,0.802,0.0,0.209,-0.08,0
10824,48,0,6,0.84,0.529,0.754,0.0,0.43,0.181,0
10825,51,0,7,0.797,0.606,0.636,0.5,0.026,-0.046,0
10826,61,1,11,1.053,0.587,0.629,0.5,0.008,0.326,0
10827,44,1,10,0.809,0.56,1.177,0.5,0.779,-0.032,0
10828,38,0,4,0.912,0.64,0.651,0.25,0.08,0.125,0
10829,32,0,4,0.919,0.567,0.735,0.5,0.259,0.228,0
10830,47,0,3,0.887,0.548,0.368,0.0,-0.232,0.36,0
10831,76,1,6,0.758,0.516,0.598,1.0,0.292,0.068,0
10832,72,1,12,1.083,0.522,0.91,0.0,0.462,0.192,0
10833,66,1,12,1.08,0.444,0.794,0.5,0.145,0.233,0
10834,62,1,5,0.855,0.55,0.575,1.0,0.093,0.238,0
10835,63,0,3,0.751,0.528,0.571,0.5,0.0,0.06,0
10836,32,1,10,0.823,0.523,0.747,0.5,0.132,-0.028,1
10837,48,0,10,0.766,0.515,0.7,0.75,0.271,0.079,0
10838,43,0,4,0.887,0.583,0.6,0.0,0.102,0.154,0
10839,68,1,4,0.824,0.68,0.543,0.25,0.238,-0.114,0
10840,72,0,11,1.05,0.527,0.803,0.5,0.118,0.319,0
10841,74,1,12,1.127,0.589,0.848,0.25,0.442,0.478,0
10842,82,1,10,0.881,0.498,0.95,0.25,0.561,0.396,0
10843,68,1,5,0.878,0.671,0.904,0.25,0.449,0.214,0
10844,50,1,10,0.889,0.409,0.652,0.0,0.054,0.179,1
10845,49,1,7,0.98,0.659,0.957,0.0,0.382,0.16,1
10846,38,0,12,0.864,0.682,1.293,0.0,0.87,0.312,0
10847,44,1,10,0.618,0.631,0.992,0.0,0.505,-0.216,0
10848,32,0,11,0.713,0.7,0.89,0.5,0.534,-0.219,0
10849,73,1,10,0.874,0.637,0.7,0.0,0.179,0.204,0
10850,84,1,6,0.867,0.599,0.403,1.0,-0.112,0.21,0
10851,55,0,11,0.954,0.548,0.884,0.0,0.184,0.172,0
10852,50,0,5,0.932,0.546,0.712,0.0,0.403,-0.014,0
10853,80,1,10,1.075,0.634,0.923,0.0,0.289,0.289,1
10854,78,0,12,1.084,0.541,0.884,0.0,0.487,0.253,1
10855,60,1,10,1.048,0.551,0.844,0.0,0.621,0.295,0
10856,75,1,8,0.956,0.592,0.911,0.0,0.586,0.387,0
10857,31,1,6,0.814,0.498,0.274,1.0,-0.146,0.062,0
10858,43,0,5,0.728,0.666,0.854,0.0,0.264,-0.005,0
10859,41,1,8,1.003,0.648,0.692,1.0,-0.023,0.199,0
10860,35,0,3,1.033,0.59,0.831,1.0,0.177,0.137,0
10861,46,1,9,0.776,0.608,0.525,1.0,-0.175,-0.139,0
10862,72,1,9,0.743,0.624,0.817,0.0,0.223,-0.016,0
10863,71,1,12,0.987,0.527,0.867,0.0,0.489,0.422,0
10864,30,1,12,0.928,0.331,1.057,0.0,0.665,0.163,0
10865,84,0,7,0.747,0.524,0.588,0.0,0.167,0.103,0
10866,49,1,12,1.038,0.614,1.054,0.0,0.363,0.181,0
10867,45,1,8,0.937,0.7,0.806,0.25,0.323,0.0,0
10868,40,0,7,1.12,0.534,0.758,0.0,0.384,0.267,1
10869,32,0,7,0.84,0.584,0.7,1.0,0.401,0.023,0
10870,31,0,11,1.087,0.533,0.86,0.0,0.672,0.413,0
10871,35,0,5,0.86,0.596,0.769,0.0,0.198,0.151,0
10872,73,1,12,0.907,0.595,0.822,0.0,0.304,-0.032,0
10873,36,1,10,0.739,0.665,0.821,0.0,0.473,0.017,0
10874,75,0,8,0.769,0.664,0.767,0.0,0.146,0.095,0
10875,34,0,7,0.899,0.646,0.595,0.5,0.23,-0.01,0
10876,79,1,4,0.66,0.635,0.527,0.0,0.178,0.053,0
10877,61,1,5,0.944,0.471,0.591,0.0,-0.033,0.125,0
10878,75,0,4,0.86,0.527,0.287,0.0,-0.026,0.273,0
10879,82,1,10,0.941,0.574,0.874,0.5,0.478,0.228,1
10880,56,1,6,0.713,0.553,0.582,0.25,-0.041,-0.105,0
10881,39,1,11,1.137,0.454,0.792,0.5,0.206,0.292,0
10882,44,1,9,0.942,0.439,0.711,0.0,0.401,0.322,0
10883,44,1,3,0.649,0.716,0.515,0.0,0.141,0.058,0
10884,81,1,11,1.069,0.592,0.7,0.0,0.272,0.281,0
10885,34,1,9,0.857,0.626,0.967,0.0,0.452,-0.062,0
10886,31,1,9,0.828,0.441,1.115,0.5,0.604,0.024,1
10887,74,1,8,0.989,0.604,0.763,0.0,0.285,0.464,0
10888,34,1,6,0.7,0.649,0.932,0.0,0.363,0.111,0
10889,59,1,6,0.668,0.636,0.494,1.0,0.327,-0.134,0
10890,30,1,11,0.691,0.705,0.724,0.75,0.384,-0.108,0
10891,43,0,12,0.999,0.616,0.831,0.5,0.268,0.246,1
10892,49,0,8,1.002,0.543,0.761,0.0,0.103,0.33,0
10893,52,0,10,0.886,0.43,0.879,0.0,0.181,0.327,0
10894,35,0,7,0.778,0.524,0.74,0.75,0.089,0.074,0
10895,57,1,10,0.7,0.515,0.542,1.0,-0.158,-0.2,0
10896,75,0,5,0.547,0.613,0.3,0.0,-0.429,-0.256,0
10897,47,1,4,0.824,0.611,0.522,0.0,0.132,0.11,0
10898,61,1,11,0.962,0.539,0.741,0.0,0.611,0.266,0
10899,78,1,4,0.908,0.698,0.567,0.0,-0.181,0.291,0
10900,64,0,8,0.814,0.567,0.768,0.75,0.699,0.114,1
10901,53,1,10,1.141,0.613,0.887,0.0,0.288,0.364,0
10902,68,1,3,0.695,0.619,0.668,0.0,0.182,-0.133,1
10903,46,1,9,0.774,0.698,0.778,0.5,0.485,0.035,0
10904,78,0,7,0.806,0.572,0.897,1.0,0.604,-0.025,0
10905,55,1,12,0.862,0.523,0.903,0.25,0.281,0.036,0
10906,67,1,4,0.934,0.568,0.474,0.75,0.013,0.148,1
10907,46,0,3,0.562,0.632,0.524,0.5,-0.007,-0.373,0
10908,58,0,11,0.941,0.533,0.735,0.5,0.31,0.103,1
10909,31,1,11,1.033,0.565,0.808,0.25,0.629,0.16,0
10910,78,1,3,0.84,0.555,0.495,0.0,-0.119,0.104,0
10911,80,1,11,0.784,0.452,1.158,0.5,0.975,0.032,0
10912,59,1,6,0.992,0.539,0.822,0.5,0.42,0.351,0
10913,74,0,8,0.765,0.587,0.657,1.0,0.376,0.15,0
10914,33,1,3,0.621,0.548,0.41,0.5,-0.235,-0.352,0
10915,64,1,6,0.811,0.486,0.753,0.5,0.247,-0.026,0
10916,41,1,8,1.056,0.532,0.689,0.0,0.296,0.353,0
10917,34,1,5,1.128,0.484,0.537,0.25,0.286,0.358,0
10918,64,1,10,0.604,0.581,0.546,0.25,-0.028,-0.044,1
10919,45,0,3,0.738,0.749,0.445,0.5,-0.122,0.03,0
10920,66,0,3,0.736,0.738,0.547,0.0,-0.039,-0.023,0
10921,36,1,6,0.746,0.518,0.697,0.25,-0.011,0.108,0
10922,67,0,6,1.003,0.596,0.685,0.0,0.235,0.424,0
10923,71,1,12,1.218,0.513,1.167,0.75,0.563,0.518,0
10924,76,0,8,0.925,0.705,0.569,0.0,-0.285,0.337,0
10925,58,1,9,0.757,0.664,0.846,0.25,0.333,0.214,0
10926,46,1,10,0.872,0.418,0.755,0.0,0.42,0.172,0
10927,52,1,4,0.736,0.589,0.407,0.25,-0.33,-0.23,0
10928,50,0,4,0.877,0.597,0.722,0.0,0.316,0.332,1
10929,36,1,4,0.824,0.565,0.7,0.0,0.385,0.124,0
10930,39,0,8,0.898,0.612,0.918,0.0,0.545,0.158,0
10931,76,1,3,0.728,0.627,0.337,1.0,-0.043,-0.061,0
10932,40,1,3,0.869,0.594,0.155,0.0,-0.519,0.247,0
10933,50,1,7,1.009,0.556,0.739,1.0,0.36,0.182,0
10934,44,1,7,0.893,0.647,0.945,0.5,0.405,0.091,1
10935,34,1,12,1.099,0.536,0.756,0.0,0.353,0.496,0
10936,68,1,9,0.974,0.536,0.746,0.0,0.121,0.13,1
10937,49,0,11,0.829,0.511,0.912,0.25,0.113,0.133,0
10938,52,1,9,0.97,0.59,0.763,0.0,0.21,0.27,0
10939,80,1,3,0.81,0.689,0.397,0.75,0.056,0.041,0
10940,32,1,9,0.769,0.504,0.825,1.0,0.026,0.107,1
10941,81,1,5,0.854,0.65,0.472,0.0,0.107,0.186,0
10942,83,0,5,0.909,0.592,0.647,0.25,-0.004,0.393,0
10943,63,0,3,0.985,0.509,0.536,0.5,0.096,0.27,0
10944,66,0,10,1.159,0.623,0.61,0.5,0.215,0.403,0
10945,78,1,12,0.771,0.559,0.865,0.0,0.324,0.137,0
10946,35,1,5,0.868,0.537,0.711,1.0,0.162,0.209,0
10947,62,1,8,0.948,0.465,0.609,0.75,0.151,-0.035,0
10948,30,1,4,0.815,0.625,0.854,0.0,0.182,0.251,1
10949,52,1,12,1.051,0.586,1.001,0.0,0.25,0.236,0
10950,67,1,9,0.994,0.621,0.335,0.0,-0.239,0.345,0
10951,69,0,12,0.975,0.447,0.976,0.0,0.271,-0.01,0
10952,51,0,4,0.714,0.751,0.836,1.0,0.684,-0.02,1
10953,75,0,12,0.807,0.615,0.607,0.75,0.421,0.091,0
10954,81,0,11,0.81,0.405,0.828,1.0,0.368,0.148,1
10955,73,0,6,0.909,0.694,0.614,0.0,0.098,0.123,0
10956,56,0,9,0.937,0.621,0.717,0.5,0.09,-0.006,1
10957,70,0,7,0.989,0.564,0.873,0.5,0.412,0.234,0
10958,49,0,7,0.987,0.622,0.748,0.5,0.55,0.115,1
10959,77,1,8,0.751,0.625,0.646,0.75,0.104,0.059,0
10960,33,0,5,1.003,0.588,0.796,1.0,0.49,0.291,0
10961,51,1,6,0.875,0.607,1.047,1.0,0.663,0.182,0
10962,52,0,9,0.723,0.575,0.931,1.0,0.25,-0.051,1
10963,39,0,7,0.9,0.667,0.7,0.0,0.576,0.154,0
10964,30,0,3,0.717,0.534,0.446,0.0,0.07,0.027,0
10965,68,1,11,1.101,0.525,0.895,0.25,0.441,0.416,1
10966,41,1,3,0.677,0.613,0.434,0.0,0.115,-0.157,0
10967,75,0,8,0.893,0.509,0.621,0.25,0.151,0.2,0
10968,83,0,9,0.7,0.692,1.315,0.25,1.009,-0.036,0
10969,70,1,3,0.727,0.69,0.772,0.0,0.513,-0.054,0
10970,75,0,9,0.873,0.566,1.068,0.0,0.585,-0.009,0
10971,51,0,8,0.907,0.506,1.052,0.5,0.724,0.015,0
10972,48,1,5,0.821,0.656,0.753,0.25,0.294,0.191,1
10973,75,0,4,0.935,0.573,0.471,0.25,-0.43,0.017,0
10974,83,1,6,0.896,0.574,0.817,0.0,0.435,0.369,1
10975,34,0,11,0.788,0.693,1.013,0.0,0.46,-0.011,0
10976,71,1,3,0.667,0.613,0.459,0.5,-0.292,0.015,0
10977,64,1,5,0.669,0.663,0.612,0.25,-0.026,-0.229,0
10978,39,1,12,0.925,0.508,1.019,0.5,0.203,0.347,0
10979,32,0,10,0.921,0.552,0.887,0.0,0.359,0.239,1
10980,43,0,4,0.7,0.802,0.647,0.0,0.181,-0.246,0
10981,43,0,5,0.883,0.668,0.577,0.0,0.117,0.442,0
10982,32,1,6,0.849,0.582,0.661,0.5,0.224,-0.04,0
10983,60,0,10,0.936,0.559,0.742,0.0,-0.255,0.292,0
10984,56,1,12,1.099,0.491,0.974,0.75,0.35,0.349,0
10985,53,0,11,0.796,0.295,0.902,0.5,0.275,-0.079,0
10986,51,1,3,0.752,0.723,1.012,0.0,0.621,0.068,0
10987,58,0,6,0.779,0.628,0.996,1.0,0.646,0.222,0
10988,84,1,7,0.894,0.549,0.811,0.0,0.084,0.194,1
10989,49,0,8,0.929,0.623,0.864,0.0,0.301,0.156,0
10990,56,0,10,0.975,0.618,0.854,0.0,0.228,0.187,0
10991,67,1,12,1.028,0.483,0.933,0.25,0.606,0.185,0
10992,63,1,9,0.813,0.665,0.913,0.25,0.706,0.203,1
10993,46,1,3,0.683,0.64,0.609,0.0,0.146,-0.084,0
10994,35,1,6,0.807,0.542,0.235,0.0,-0.348,0.079,0
10995,50,0,5,0.758,0.504,1.001,1.0,0.661,0.158,1
10996,54,0,3,0.602,0.485,0.662,1.0,-0.098,-0.112,1
10997,40,1,5,0.666,0.634,0.214,1.0,-0.099,-0.026,0
10998,78,0,4,0.766,0.644,0.67,0.5,-0.063,0.016,0
10999,41,1,12,0.778,0.7,0.925,0.0,0.225,0.068,0
11000,60,0,6,1.088,0.672,0.936,0.0,0.543,0.547,0
11001,60,1,5,0.904,0.54,0.728,0.0,0.267,0.132,0
11002,65,0,6,0.853,0.54,0.434,0.0,-0.199,0.243,0
11003,32,1,3,0.772,0.572,0.606,0.5,0.232,0.026,0
11004,40,0,4,1.001,0.659,0.451,0.75,-0.157,0.31,0
11005,79,0,8,0.948,0.516,0.758,0.0,0.385,0.171,0
11006,84,0,3,0.525,0.542,0.61,0.5,0.342,-0.382,1
11007,53,0,9,1.088,0.498,0.591,0.25,0.373,0.488,0
11008,82,0,11,0.953,0.438,0.625,0.0,0.285,0.285,0
11009,66,0,8,0.671,0.583,0.614,0.75,0.172,-0.029,0
11010,73,0,8,0.743,0.438,0.62,0.0,0.239,-0.125,0
11011,54,1,5,1.1,0.686,0.804,1.0,0.376,0.4,0
11012,61,0,3,0.72,0.498,0.417,0.5,-0.173,0.049,0
11013,60,1,11,0.916,0.486,0.699,1.0,0.116,0.212,0
11014,43,1,5,0.999,0.593,0.475,0.0,-0.193,0.073,0
11015,81,0,4,0.739,0.618,0.235,0.5,-0.571,0.081,0
11016,82,0,8,0.868,0.498,0.738,0.0,0.273,0.026,0
11017,49,1,7,0.752,0.647,0.835,0.0,0.367,0.203,0
11018,78,0,3,0.774,0.548,0.639,0.25,0.077,0.148,0
11019,67,1,6,0.686,0.703,0.918,1.0,0.133,0.175,0
11020,39,0,10,1.109,0.703,0.974,0.0,0.606,0.37,0
11021,64,0,12,0.809,0.358,0.913,0.0,0.532,0.147,0
11022,47,1,7,0.801,0.585,1.081,0.0,0.656,0.3,0
11023,55,0,12,1.095,0.553,1.186,0.0,0.687,0.52,1
11024,70,1,10,0.921,0.546,0.809,0.0,0.227,0.332,0
11025,60,1,12,1.078,0.396,0.738,0.5,0.307,0.302,0
11026,45,1,5,0.847,0.572,0.486,0.25,0.047,0.11,0
11027,50,0,8,1.091,0.525,0.732,0.0,0.157,0.416,0
11028,43,1,3,0.865,0.555,0.707,0.0,0.413,0.378,0
11029,40,1,4,0.688,0.65,0.852,0.0,0.152,0.104,0
11030,78,1,4,0.873,0.569,0.538,0.5,0.002,0.069,0
11031,66,0,11,1.066,0.467,0.7,0.5,0.205,0.25,1
11032,55,0,4,0.701,0.66,0.406,0.0,-0.297,-0.344,0
11033,69,1,6,0.903,0.595,0.432,0.25,0.081,-0.101,0
11034,82,1,3,0.7,0.672,0.624,0.5,0.393,0.111,0
11035,38,0,9,1.045,0.557,1.099,0.75,0.497,0.264,0
11036,31,1,8,0.702,0.506,0.879,0.0,0.629,0.021,0
11037,57,1,12,0.802,0.544,1.006,0.0,0.475,0.112,0
11038,33,0,9,0.774,0.416,0.615,1.0,0.287,0.055,0
11039,77,0,11,1.001,0.503,0.8,0.0,0.325,0.28,0
11040,54,1,10,0.882,0.488,0.716,0.0,0.299,0.161,1
11041,64,0,4,0.99,0.524,0.758,0.0,0.079,0.172,0
11042,65,1,3,0.806,0.584,0.767,0.0,0.388,0.155,1
11043,54,1,11,0.849,0.513,0.983,0.0,0.72,0.081,1
11044,76,1,7,0.73,0.588,0.475,0.0,0.43,0.078,0
11045,47,1,9,0.751,0.626,0.857,0.0,0.389,0.104,0
11046,53,1,12,1.188,0.417,0.678,0.75,0.154,0.547,1
11047,62,1,3,0.815,0.638,0.726,0.0,0.152,0.173,0
11048,45,1,4,0.7,0.678,0.59,0.0,0.302,-0.065,0
11049,84,0,9,0.725,0.569,0.519,0.25,0.093,0.006,0
11050,76,0,9,0.694,0.513,0.62,0.0,0.175,-0.071,0
11051,52,0,12,1.102,0.648,0.616,0.0,0.171,0.453,0
11052,67,1,7,0.812,0.671,0.712,0.0,-0.036,0.171,1
11053,42,1,6,0.83,0.526,0.623,0.5,0.151,-0.011,0
11054,83,1,12,1.119,0.396,0.803,0.5,0.212,0.522,0
11055,68,1,8,1.077,0.528,0.727,0.25,0.044,0.242,0
11056,69,0,7,0.683,0.7,0.806,0.0,0.383,-0.295,0
11057,53,1,11,1.113,0.551,0.872,0.0,0.569,0.426,0
11058,33,0,7,0.903,0.55,0.58,0.0,0.449,0.219,0
11059,55,0,10,0.895,0.685,0.955,0.0,0.738,0.137,1
11060,39,1,10,0.914,0.721,1.044,0.0,0.699,0.069,0
11061,40,1,8,0.886,0.467,0.628,0.0,-0.079,0.348,0
11062,75,0,8,0.65,0.558,0.556,0.0,0.069,-0.322,0
11063,59,0,9,0.881,0.548,0.656,0.5,0.148,0.079,1
11064,63,1,6,0.776,0.635,0.644,0.25,0.21,-0.038,0
11065,36,1,6,0.883,0.697,0.77,0.0,0.286,0.05,0
11066,33,0,6,0.71,0.45,0.445,1.0,0.205,-0.067,0
11067,34,0,6,0.695,0.568,0.614,0.5,0.107,0.101,0
11068,76,0,7,0.7,0.639,0.674,0.5,0.376,0.0,0
11069,70,1,9,0.919,0.489,0.721,0.0,-0.006,0.334,0
11070,70,1,6,0.764,0.617,0.664,0.75,0.544,0.161,1
11071,50,1,5,0.83,0.711,0.347,0.0,-0.008,0.139,0
11072,83,1,4,0.513,0.49,0.548,0.5,0.292,-0.297,0
11073,78,1,10,0.874,0.59,0.617,0.0,0.014,0.214,0
11074,63,1,11,1.182,0.53,1.047,0.25,0.807,0.547,0
11075,75,1,9,1.027,0.669,0.619,0.25,0.386,0.17,0
11076,44,1,3,0.779,0.416,0.738,0.0,0.269,0.122,0
11077,52,0,6,1.007,0.514,0.635,0.0,0.467,0.41,0
11078,47,1,5,0.984,0.544,0.787,0.0,0.563,0.32,0
11079,34,0,10,1.007,0.577,0.899,0.25,0.377,0.225,0
11080,48,1,5,0.875,0.593,0.535,0.0,-0.165,0.21,0
11081,72,0,9,0.99,0.563,0.688,1.0,0.321,0.391,0
11082,55,1,8,0.838,0.571,0.892,1.0,0.459,0.052,0
11083,80,1,9,1.113,0.63,0.664,0.0,0.177,0.289,0
11084,40,0,12,1.011,0.511,0.859,0.25,0.385,0.47,0
11085,65,1,3,0.798,0.584,0.619,0.0,0.26,-0.024,0
11086,80,0,10,0.962,0.609,0.71,0.0,0.386,0.282,0
11087,42,1,11,1.099,0.577,1.232,0.0,0.786,0.508,0
11088,68,0,3,0.83,0.7,0.389,0.75,0.012,0.155,0
11089,30,1,10,0.846,0.567,0.691,1.0,0.278,0.206,1
11090,59,0,12,0.821,0.527,0.679,1.0,0.291,-0.318,1
11091,30,1,12,1.019,0.469,0.875,0.0,0.19,0.135,0
11092,64,1,8,0.659,0.42,0.736,0.5,0.147,-0.083,1
11093,43,0,6,0.725,0.56,0.542,0.0,0.132,0.064,0
11094,59,0,4,0.756,0.711,0.568,0.5,0.168,-0.144,0
11095,75,1,11,0.902,0.543,1.082,0.25,0.311,0.311,0
11096,51,0,6,1.02,0.507,0.817,0.5,0.206,0.312,0
11097,35,0,3,0.867,0.517,0.17,0.0,-0.503,0.244,0
11098,36,0,4,0.739,0.681,0.841,0.5,0.287,-0.075,0
11099,81,1,12,0.985,0.625,0.934,0.25,0.384,0.446,0
11100,80,1,8,0.76,0.589,0.539,0.0,-0.066,0.149,0
11101,62,1,9,1.163,0.446,0.821,0.0,0.552,0.475,0
11102,60,0,7,0.812,0.64,0.798,0.0,0.244,0.141,0
11103,42,1,11,0.904,0.591,0.639,0.75,0.09,0.291,0
11104,66,0,10,0.792,0.594,0.94,0.0,0.066,-0.178,0
11105,47,0,4,0.72,0.686,0.665,0.25,0.393,-0.086,1
11106,61,0,7,0.976,0.476,0.565,0.0,-0.09,0.267,0
11107,51,1,10,0.875,0.572,0.882,0.75,0.384,0.159,0
11108,35,1,11,1.097,0.518,0.709,0.5,-0.147,0.3,0
11109,30,0,3,0.891,0.587,0.7,0.0,0.351,0.289,0
11110,49,1,7,0.953,0.605,0.567,1.0,0.019,0.117,0
11111,58,0,8,0.851,0.543,0.948,0.0,0.512,0.139,0
11112,44,0,9,1.091,0.659,0.823,0.0,0.22,0.495,0
11113,60,1,8,1.056,0.597,0.567,0.0,0.351,0.079,0
11114,50,0,7,1.016,0.602,0.662,0.25,0.103,0.27,0
11115,79,0,12,0.905,0.592,1.025,0.0,0.77,0.136,0
11116,36,0,4,0.978,0.678,0.293,0.0,-0.173,0.317,0
11117,30,0,8,0.906,0.508,0.975,0.5,0.512,0.138,0
11118,34,1,11,0.904,0.566,0.802,0.5,0.242,0.298,1
11119,40,1,8,0.765,0.629,0.746,0.0,0.046,-0.149,0
11120,38,0,6,1.197,0.715,0.575,0.0,-0.024,0.301,0
11121,37,0,5,0.7,0.667,0.897,0.25,0.395,-0.093,0
11122,57,1,8,0.869,0.383,0.849,1.0,0.539,-0.083,1
11123,62,0,9,0.893,0.564,0.793,0.75,0.476,0.277,1
11124,34,0,12,0.852,0.478,0.875,0.0,0.529,0.02,0
11125,73,0,8,0.898,0.524,1.003,0.0,0.469,0.112,0
11126,77,0,6,0.744,0.557,0.75,0.75,0.477,0.181,1
11127,57,1,4,1.0,0.404,0.5,0.25,0.022,0.06,0
11128,68,1,10,0.7,0.573,0.891,0.0,0.426,-0.021,1
11129,31,1,3,0.816,0.523,0.813,0.0,0.305,-0.054,0
11130,73,0,12,0.929,0.673,0.72,0.5,0.355,0.286,1
11131,66,1,5,0.872,0.507,0.937,1.0,0.793,-0.057,0
11132,48,0,11,1.193,0.517,0.82,0.5,0.12,0.46,1
11133,51,1,3,0.847,0.662,0.359,1.0,0.14,0.178,0
11134,52,1,7,0.91,0.733,0.826,0.0,0.359,0.124,1
11135,51,0,11,0.818,0.602,0.742,0.0,0.448,0.228,1
11136,67,1,3,0.821,0.654,0.586,0.0,-0.014,0.158,0
11137,46,1,9,0.7,0.581,0.657,0.0,0.138,-0.178,0
11138,61,0,11,0.924,0.513,0.7,0.25,0.352,-0.071,0
11139,71,1,7,0.888,0.514,0.919,0.5,0.77,-0.104,0
11140,83,1,12,0.947,0.471,1.017,0.0,0.375,0.112,0
11141,75,0,12,0.973,0.563,0.749,0.0,0.049,0.113,0
11142,46,0,8,1.158,0.518,0.705,0.0,0.083,0.12,0
11143,32,0,5,0.809,0.559,0.809,0.25,0.331,0.03,0
11144,76,1,8,0.955,0.616,0.496,0.0,-0.015,-0.045,0
11145,84,0,11,0.9,0.556,0.978,0.75,0.552,-0.173,0
11146,56,1,9,0.798,0.608,0.613,0.0,-0.117,-0.172,0
11147,34,0,11,0.915,0.527,0.929,0.5,0.358,0.191,0
11148,62,0,4,0.726,0.593,0.592,0.0,0.224,0.005,0
11149,40,0,9,1.003,0.571,0.509,0.25,0.087,0.158,0
11150,57,1,8,0.886,0.67,0.808,0.0,0.319,0.252,0
11151,81,0,5,0.885,0.586,0.695,0.0,0.01,0.348,0
11152,58,1,7,0.755,0.571,0.886,0.0,0.742,0.067,0
11153,62,0,6,0.845,0.497,0.863,0.5,0.163,0.263,1
11154,71,0,11,0.984,0.53,0.693,0.0,0.227,0.142,0
11155,81,0,6,0.545,0.563,0.625,0.5,0.333,-0.478,0
11156,67,1,7,0.855,0.462,0.825,0.75,0.325,-0.066,0
11157,68,0,11,1.022,0.532,1.058,0.0,0.453,0.245,0
11158,68,0,11,0.998,0.582,0.556,1.0,0.055,0.035,1
11159,35,0,4,0.847,0.717,0.552,0.25,0.125,0.076,0
11160,34,0,8,0.758,0.539,1.041,0.5,0.782,0.119,1
11161,53,0,6,0.781,0.532,1.022,0.25,0.53,0.106,0
11162,72,1,7,0.776,0.612,1.056,0.0,0.826,-0.009,0
11163,77,1,6,0.918,0.624,0.563,0.5,0.044,-0.133,0
11164,61,1,10,0.803,0.634,0.616,0.0,0.074,0.132,0
11165,33,0,12,1.059,0.592,0.7,0.25,-0.05,0.486,1
11166,74,0,9,0.759,0.471,0.84,1.0,0.383,0.003,0
11167,63,1,3,0.709,0.606,0.595,0.75,0.328,-0.137,0
11168,68,1,10,1.265,0.524,0.921,0.25,0.591,0.392,0
11169,67,0,3,0.79,0.527,0.452,1.0,0.077,0.042,0
11170,57,0,11,1.03,0.396,1.006,0.5,0.532,0.27,0
11171,68,0,3,0.729,0.684,0.519,0.25,-0.103,0.04,0
11172,38,0,12,0.811,0.482,1.206,0.75,1.025,0.05,0
11173,76,1,10,0.963,0.549,0.587,0.0,-0.119,0.249,0
11174,59,1,11,0.777,0.482,1.106,0.0,0.6,0.052,1
11175,40,1,5,0.78,0.597,0.658,0.5,0.532,0.14,0
11176,36,0,4,0.613,0.505,0.29,0.0,-0.252,-0.069,0
11177,30,1,3,0.658,0.666,0.588,0.0,0.065,0.143,0
11178,45,0,12,1.028,0.415,0.828,0.25,0.293,0.349,0
11179,70,1,12,1.091,0.583,0.7,0.0,0.0,0.572,0
11180,84,0,5,1.065,0.71,0.437,0.0,-0.252,0.071,0
11181,67,1,3,0.763,0.573,0.645,0.0,0.325,-0.053,0
11182,63,1,10,0.824,0.445,0.665,0.5,0.055,0.155,1
11183,36,0,11,0.612,0.531,0.763,0.0,0.575,-0.407,0
11184,50,0,5,0.665,0.477,0.833,0.75,0.644,0.09,0
11185,40,1,3,0.798,0.666,0.697,1.0,-0.08,-0.183,1
11186,37,1,11,1.065,0.626,0.955,1.0,0.396,0.539,0
11187,49,1,5,0.797,0.669,0.475,0.0,-0.129,-0.0,0
11188,49,1,3,0.821,0.752,0.558,0.0,0.08,0.217,0
11189,76,1,4,0.836,0.619,0.423,0.5,0.238,0.054,0
11190,75,1,10,1.126,0.504,0.822,0.0,0.392,0.22,1
11191,38,1,4,0.75,0.525,0.474,0.0,-0.274,-0.138,0
11192,44,0,4,0.918,0.598,0.727,0.0,0.235,0.241,0
11193,31,1,10,0.948,0.578,1.039,0.0,0.248,0.361,0
11194,62,1,12,0.973,0.475,0.881,0.0,0.515,-0.015,0
11195,61,0,8,0.847,0.637,0.83,0.0,0.162,0.259,0
11196,70,1,11,0.956,0.625,0.796,1.0,0.318,0.266,0
11197,65,0,11,1.111,0.504,0.882,0.5,0.392,0.197,0
11198,61,0,4,0.573,0.629,0.441,0.25,-0.4,-0.097,0
11199,45,0,8,0.849,0.571,0.7,0.0,0.189,-0.027,0
11200,62,1,9,1.197,0.509,0.506,1.0,0.129,0.532,0
11201,37,1,6,0.931,0.621,0.32,0.0,-0.052,0.154,0
11202,38,1,7,0.741,0.514,0.796,1.0,0.159,0.056,1
11203,69,1,7,0.716,0.567,0.582,0.75,0.349,-0.035,0
11204,67,0,7,0.661,0.637,0.411,0.5,0.079,-0.101,0
11205,70,1,7,0.927,0.58,0.643,0.25,0.104,0.041,0
11206,72,0,5,0.705,0.644,0.823,1.0,0.269,-0.06,0
11207,77,1,9,0.898,0.455,0.579,0.25,0.057,0.043,0
11208,63,1,7,0.75,0.688,0.966,1.0,0.64,-0.162,0
11209,76,1,3,0.679,0.668,0.241,0.5,-0.503,-0.255,0
11210,31,1,3,0.681,0.567,0.65,0.0,-0.05,-0.091,0
11211,56,0,10,0.982,0.489,1.052,0.0,0.664,0.334,0
11212,73,0,8,1.044,0.547,0.867,0.5,0.327,0.298,0
11213,83,0,10,0.995,0.512,0.616,0.0,-0.031,0.177,0
11214,48,0,8,0.787,0.381,0.66,0.0,0.103,0.311,0
11215,72,1,12,0.895,0.617,0.844,0.5,0.449,0.251,1
11216,49,1,6,0.856,0.466,0.484,0.75,-0.216,-0.02,0
11217,79,0,4,0.8,0.584,0.38,0.75,0.377,-0.032,0
11218,74,0,8,0.797,0.542,0.873,0.0,0.33,0.182,0
11219,52,0,7,0.763,0.502,0.543,0.0,0.318,-0.085,0
11220,82,0,7,0.97,0.686,0.642,0.25,0.136,0.27,0
11221,54,1,6,0.878,0.522,0.778,0.0,0.432,0.217,0
11222,32,1,10,0.97,0.473,0.748,0.0,0.14,0.227,0
11223,77,0,9,0.932,0.636,0.978,0.0,0.504,-0.054,0
11224,50,1,10,0.987,0.567,0.503,0.0,0.045,0.379,0
11225,31,0,5,0.736,0.589,0.7,0.75,0.119,0.03,0
11226,79,0,5,0.748,0.564,0.571,0.0,-0.138,-0.079,0
11227,56,0,5,0.987,0.539,0.703,0.0,0.281,0.115,1
11228,76,0,10,1.144,0.613,0.962,0.0,0.491,0.389,0
11229,31,1,7,0.936,0.574,0.442,0.0,-0.291,0.236,0
11230,55,0,11,1.003,0.486,0.698,0.5,0.165,0.144,0
11231,83,1,11,0.843,0.588,0.96,1.0,0.229,-0.005,0
11232,59,1,6,0.799,0.369,0.502,0.0,-0.198,0.075,0
11233,72,1,4,0.882,0.652,0.734,0.0,0.131,0.344,0
11234,57,1,12,1.216,0.516,1.168,0.75,0.821,0.367,0
11235,75,1,8,0.862,0.632,0.961,1.0,0.122,0.059,0
11236,43,0,9,0.779,0.534,0.863,1.0,0.304,0.075,0
11237,42,0,5,0.786,0.549,0.82,0.0,0.375,-0.063,0
11238,44,0,9,0.811,0.442,0.534,0.5,0.359,0.18,0
11239,84,1,3,0.674,0.568,0.858,0.5,0.223,-0.27,0
11240,74,1,4,0.924,0.494,0.574,0.25,0.083,0.224,0
11241,67,1,12,0.805,0.569,0.917,0.0,0.441,0.106,0
11242,46,1,7,0.702,0.514,0.828,0.0,0.393,0.168,0
11243,70,1,12,1.062,0.7,0.751,0.0,0.481,0.422,1
11244,64,1,3,0.948,0.629,0.576,0.0,0.163,0.248,0
11245,82,0,9,0.745,0.605,0.986,0.0,0.327,-0.014,0
11246,47,1,7,0.786,0.526,0.448,0.0,-0.099,-0.003,0
11247,36,1,8,0.795,0.616,0.587,0.25,0.035,0.11,0
11248,31,0,4,0.667,0.522,0.38,0.25,-0.341,0.025,0
11249,72,1,6,1.013,0.533,0.493,0.25,0.154,-0.108,0
11250,70,1,12,1.035,0.456,0.985,0.0,0.589,0.396,1
11251,40,1,12,1.04,0.577,1.035,0.75,0.614,0.403,0
11252,35,1,9,0.821,0.515,0.817,0.0,0.512,0.052,0
11253,57,0,8,0.7,0.482,0.7,0.0,0.051,0.084,0
11254,51,0,6,0.7,0.606,0.515,1.0,-0.272,-0.109,0
11255,49,1,4,0.679,0.581,0.564,1.0,0.154,-0.274,0
11256,81,1,6,0.775,0.524,0.532,0.25,-0.049,0.166,1
11257,49,0,12,1.137,0.516,1.138,1.0,0.827,0.453,0
11258,74,1,6,0.925,0.542,0.667,0.25,0.071,0.225,1
11259,46,0,11,1.044,0.505,0.7,0.0,0.078,0.183,1
11260,54,0,11,1.013,0.577,1.173,0.25,0.7,0.258,0
11261,36,1,12,1.0,0.572,0.653,0.5,0.488,0.289,1
11262,46,1,8,0.937,0.695,0.488,1.0,-0.045,-0.077,0
11263,32,1,11,0.804,0.448,0.65,0.5,0.076,0.064,0
11264,78,1,8,0.91,0.567,0.813,0.75,0.418,0.067,0
11265,42,1,8,1.103,0.585,0.666,0.0,0.175,0.553,0
11266,47,1,12,1.108,0.453,0.681,0.0,0.306,0.368,0
11267,80,0,8,0.968,0.7,0.781,0.5,0.132,0.295,1
11268,35,1,3,0.763,0.671,0.797,0.5,0.311,0.046,1
11269,40,0,8,1.039,0.583,0.492,1.0,0.072,0.304,0
11270,56,1,10,0.931,0.7,0.89,0.5,0.157,-0.06,0
11271,61,0,3,0.871,0.659,0.386,0.0,0.161,0.027,0
11272,59,1,9,0.812,0.593,1.252,0.5,0.752,0.075,0
11273,47,0,12,0.933,0.612,1.231,0.25,0.94,0.042,1
11274,64,0,6,0.939,0.59,0.233,0.75,-0.342,0.186,0
11275,55,1,3,0.83,0.6,0.661,1.0,0.183,0.012,0
11276,51,1,7,0.965,0.615,0.724,0.75,0.169,0.183,1
11277,51,0,12,0.933,0.658,0.98,0.0,0.436,0.267,0
11278,78,0,7,1.017,0.643,0.938,0.0,0.484,0.232,0
11279,84,0,9,0.931,0.701,1.018,0.0,0.662,0.246,0
11280,46,1,4,0.911,0.634,0.412,1.0,0.111,0.244,0
11281,32,0,12,0.995,0.521,0.792,0.5,0.252,0.204,0
11282,74,0,10,0.918,0.598,0.845,0.75,0.493,0.09,0
11283,70,1,7,0.791,0.595,0.401,0.0,-0.355,0.019,0
11284,82,0,12,1.03,0.483,0.666,0.0,0.205,0.533,1
11285,63,0,5,0.734,0.638,0.691,0.25,-0.009,-0.132,1
11286,79,0,12,1.041,0.544,1.014,0.75,0.544,0.404,1
11287,40,1,8,0.918,0.597,0.88,0.5,0.341,0.264,0
11288,46,0,3,0.804,0.628,0.567,1.0,-0.133,0.038,0
11289,60,1,6,0.792,0.59,0.7,1.0,0.172,0.103,0
11290,61,1,4,0.635,0.672,0.461,0.0,0.012,-0.263,0
11291,73,0,9,0.87,0.554,0.536,0.0,0.179,-0.03,0
11292,35,0,5,0.938,0.759,0.496,0.0,0.02,0.305,0
11293,71,0,6,1.022,0.611,0.737,0.0,0.459,0.378,0
11294,53,1,12,1.073,0.532,1.092,0.5,0.187,0.437,0
11295,40,0,6,1.006,0.556,0.538,0.0,0.286,0.312,0
11296,82,0,11,0.7,0.504,0.811,0.0,0.31,-0.026,0
11297,59,1,12,1.024,0.548,1.029,1.0,0.824,0.346,0
11298,44,1,7,1.031,0.7,0.649,0.0,-0.051,0.151,0
11299,32,1,10,1.13,0.569,1.079,0.5,0.473,0.318,0
11300,46,1,4,0.921,0.696,0.588,1.0,0.349,0.282,0
11301,80,0,7,0.837,0.63,0.717,0.0,0.05,0.062,0
11302,73,0,9,0.919,0.566,0.695,0.25,0.323,0.32,0
11303,40,0,3,0.924,0.682,0.8,0.25,0.201,0.166,0
11304,53,0,3,0.822,0.657,0.361,0.0,-0.127,0.15,0
11305,68,1,12,1.046,0.586,1.091,0.0,0.537,0.19,0
11306,68,0,12,1.114,0.597,0.962,0.0,0.377,0.403,1
11307,58,1,8,0.84,0.7,0.551,0.75,0.17,0.098,0
11308,44,0,3,0.785,0.518,0.7,0.0,0.121,-0.099,1
11309,51,1,5,0.978,0.536,0.7,0.5,0.435,0.26,0
11310,36,1,4,0.871,0.696,0.505,0.0,-0.084,0.056,0
11311,73,0,10,0.998,0.434,0.586,0.5,-0.283,0.255,0
11312,49,0,12,0.968,0.517,0.764,0.0,0.372,0.212,0
11313,51,0,12,0.932,0.471,0.737,0.5,0.367,0.107,0
11314,65,1,5,0.814,0.57,0.703,0.25,0.323,0.102,0
11315,64,1,5,0.822,0.535,0.537,0.5,0.55,0.149,0
11316,71,0,10,0.867,0.555,1.169,0.25,0.805,-0.132,0
11317,83,0,6,0.857,0.605,0.652,0.75,-0.006,0.356,0
11318,50,1,11,0.949,0.59,0.622,0.5,0.362,0.114,0
11319,69,0,6,0.93,0.432,0.774,0.75,0.359,0.223,0
11320,32,0,7,0.888,0.671,0.924,1.0,0.603,0.154,1
11321,31,1,7,0.925,0.58,0.731,1.0,0.415,0.189,0
11322,44,0,8,0.94,0.568,0.901,0.75,0.314,0.213,0
11323,61,1,11,1.013,0.537,0.882,0.75,0.673,0.209,0
11324,63,1,9,0.897,0.492,0.957,0.0,0.71,0.128,0
11325,55,0,3,0.82,0.615,0.491,1.0,-0.066,0.079,0
11326,38,0,7,0.775,0.517,0.57,0.5,0.11,0.057,0
11327,70,1,7,0.887,0.558,0.896,0.0,0.238,0.187,0
11328,65,1,10,0.76,0.562,1.008,1.0,0.281,-0.073,0
11329,81,0,6,0.894,0.639,0.383,0.25,-0.135,0.084,0
11330,42,0,10,1.091,0.538,0.579,0.25,0.348,0.303,0
11331,40,1,12,0.967,0.407,0.99,0.75,0.547,0.206,0
11332,71,0,12,1.101,0.559,0.883,1.0,0.316,0.338,0
11333,39,0,6,1.039,0.665,0.784,0.0,0.148,0.391,0
11334,78,0,11,1.025,0.576,0.537,1.0,-0.084,0.293,0
11335,40,0,4,0.687,0.628,0.933,0.5,0.724,0.045,0
11336,41,1,7,0.895,0.604,0.57,0.75,0.421,0.252,0
11337,40,0,7,0.673,0.485,0.644,0.75,0.259,-0.169,0
11338,75,0,5,0.759,0.546,1.009,0.0,0.346,0.113,0
11339,45,0,9,0.848,0.496,0.665,0.5,0.033,0.099,0
11340,61,1,10,1.12,0.581,0.857,1.0,0.37,0.498,1
11341,83,1,12,1.036,0.595,1.45,0.0,1.194,0.521,1
11342,39,1,6,0.846,0.63,0.848,0.25,0.598,0.217,0
11343,35,1,4,0.984,0.749,0.7,0.0,0.214,0.124,0
11344,42,0,11,0.813,0.7,0.838,0.25,0.537,-0.05,0
11345,73,1,5,0.614,0.569,0.515,0.5,0.105,-0.098,0
11346,46,1,11,1.041,0.646,1.099,0.0,0.95,0.305,1
11347,51,1,8,0.879,0.682,0.649,0.5,0.151,0.239,0
11348,51,1,10,0.92,0.558,0.657,0.0,0.076,0.074,1
11349,70,0,5,0.848,0.622,0.93,0.5,0.222,0.143,0
11350,57,0,12,0.925,0.537,0.921,0.0,0.408,0.305,1
11351,52,0,8,0.7,0.643,0.584,0.0,0.234,-0.027,0
11352,56,0,11,0.983,0.583,0.701,1.0,0.129,0.089,0
11353,69,0,5,0.873,0.568,0.51,0.75,0.081,0.105,0
11354,44,0,7,0.839,0.717,0.916,0.0,0.512,0.251,0
11355,44,1,9,0.769,0.59,0.763,0.5,0.264,0.013,0
11356,59,0,6,0.862,0.724,0.711,0.0,0.343,-0.022,0
11357,35,0,11,0.828,0.64,0.743,0.5,0.259,0.092,0
11358,83,1,3,0.829,0.694,0.294,0.0,-0.209,0.241,0
11359,40,0,8,0.919,0.54,1.158,0.75,0.453,0.28,0
11360,34,1,4,1.031,0.537,0.881,0.0,0.481,0.275,0
11361,80,1,9,0.851,0.587,0.879,0.5,0.544,0.011,0
11362,47,1,12,0.794,0.553,0.899,0.0,0.584,-0.002,0
11363,38,0,11,0.937,0.466,0.702,1.0,0.056,0.237,0
11364,38,1,8,0.782,0.625,0.953,0.5,0.461,0.066,0
11365,50,0,4,0.864,0.7,0.622,0.25,0.177,0.082,0
11366,54,1,7,0.681,0.499,0.518,0.75,-0.074,-0.053,0
11367,45,1,5,0.872,0.595,0.537,0.25,0.197,0.087,0
11368,72,0,3,0.84,0.565,0.384,0.25,0.016,0.003,0
11369,58,1,8,1.007,0.488,0.601,0.0,0.224,0.209,0
11370,78,0,12,0.821,0.584,0.966,0.25,0.412,0.026,0
11371,35,0,7,0.838,0.663,0.935,0.5,0.329,-0.004,1
11372,40,0,8,0.804,0.439,0.671,1.0,0.35,0.165,0
11373,48,0,7,0.805,0.599,0.71,0.25,0.053,-0.03,1
11374,47,1,9,1.017,0.582,0.907,0.0,0.301,0.071,0
11375,64,1,5,0.802,0.566,0.726,0.0,0.202,0.124,0
11376,75,0,3,0.7,0.687,0.65,0.25,0.577,-0.058,0
11377,70,0,3,0.954,0.61,0.686,0.25,0.104,0.116,0
11378,77,1,9,0.746,0.646,0.445,0.25,0.055,0.032,0
11379,67,0,11,0.886,0.496,0.906,0.0,0.438,0.104,0
11380,75,1,6,0.64,0.519,0.578,0.0,0.098,-0.106,0
11381,37,0,10,0.841,0.574,0.707,0.25,0.507,0.106,0
11382,77,0,9,0.737,0.385,0.863,0.0,0.808,-0.074,0
11383,37,1,11,0.938,0.458,0.868,0.0,0.444,0.2,0
11384,58,1,5,0.766,0.686,0.41,0.0,-0.139,0.024,0
11385,50,0,11,0.7,0.448,1.045,0.5,0.607,-0.01,0
11386,40,0,9,0.959,0.625,0.643,0.0,0.281,0.167,0
11387,33,0,10,0.917,0.566,0.878,0.0,0.249,0.238,0
11388,62,0,12,1.027,0.584,0.665,0.0,0.082,0.242,0
11389,68,0,9,0.968,0.412,0.839,0.0,0.47,0.096,1
11390,38,1,9,0.949,0.543,0.748,0.0,-0.016,0.283,0
11391,42,0,11,1.005,0.449,0.765,1.0,0.366,0.26,0
11392,35,1,4,0.756,0.477,0.645,0.75,0.153,-0.036,0
11393,65,0,10,0.878,0.555,0.725,0.0,0.396,0.112,0
11394,42,0,6,0.896,0.669,0.865,0.5,0.287,0.19,0
11395,37,1,10,0.966,0.56,0.928,0.25,0.522,0.156,0
11396,67,1,10,0.84,0.592,0.964,0.0,0.454,0.089,0
11397,36,0,7,0.849,0.593,0.872,0.75,0.22,0.144,0
11398,51,0,11,0.546,0.579,0.989,0.0,0.467,-0.117,0
11399,77,0,3,0.755,0.607,0.553,0.5,0.181,0.032,0
11400,32,0,8,0.96,0.595,0.648,0.0,0.028,0.248,0
11401,32,1,4,0.85,0.589,0.802,0.25,0.437,0.328,0
11402,77,1,12,0.857,0.499,0.856,0.75,0.23,-0.124,0
11403,78,1,4,0.903,0.663,0.338,0.25,-0.207,0.282,0
11404,75,0,8,0.843,0.697,0.62,0.75,0.159,0.213,0
11405,78,1,12,0.904,0.657,1.194,0.25,0.855,0.141,0
11406,68,0,10,0.935,0.573,0.941,1.0,0.5,0.3,1
11407,75,0,6,0.98,0.526,0.571,0.0,0.264,0.177,0
11408,49,1,11,1.068,0.669,0.817,0.25,0.544,0.218,1
11409,42,1,8,0.79,0.578,0.993,0.0,0.662,0.002,0
11410,42,0,12,1.08,0.563,0.832,0.0,0.554,0.311,1
11411,71,0,5,0.613,0.648,0.626,0.5,0.359,-0.133,0
11412,34,1,4,0.913,0.602,0.7,0.0,0.203,0.051,0
11413,33,1,6,0.691,0.529,0.609,0.5,0.233,-0.028,0
11414,74,0,3,0.781,0.487,0.36,0.0,-0.539,-0.156,0
11415,69,0,5,0.938,0.454,0.689,0.25,0.158,0.384,0
11416,77,0,5,0.923,0.479,0.559,0.75,0.121,0.1,0
11417,50,1,4,0.889,0.522,0.538,0.0,0.296,0.203,0
11418,78,0,10,1.025,0.699,0.969,1.0,0.775,-0.019,0
11419,80,0,11,1.08,0.491,0.935,0.0,0.532,0.376,0
11420,69,0,4,0.727,0.694,0.594,0.0,-0.103,-0.015,0
11421,79,0,5,0.804,0.614,0.445,0.0,0.009,-0.103,0
11422,56,0,8,0.802,0.65,0.812,0.0,0.207,-0.065,0
11423,84,0,12,0.788,0.526,0.876,0.0,0.513,0.245,1
11424,67,0,5,0.937,0.433,0.712,0.0,0.1,0.269,0
11425,46,1,9,0.92,0.628,0.932,0.5,0.215,0.085,0
11426,77,0,4,0.747,0.636,0.579,0.5,-0.115,0.131,0
11427,40,1,9,0.886,0.563,0.631,0.0,0.535,0.102,0
11428,68,0,12,0.972,0.515,0.913,0.0,0.582,0.298,0
11429,38,1,3,0.763,0.674,0.7,0.0,0.368,0.076,0
11430,59,0,11,0.844,0.635,0.946,1.0,0.78,0.078,0
11431,39,0,10,0.991,0.507,0.786,0.0,0.387,0.493,0
11432,42,1,3,0.814,0.709,0.638,0.5,0.151,0.012,0
11433,37,0,3,0.963,0.631,0.537,0.75,-0.025,0.302,0
11434,34,1,10,0.91,0.811,0.761,0.5,0.141,0.231,0
11435,34,1,10,0.745,0.679,1.195,0.0,0.945,-0.018,0
11436,75,0,4,0.689,0.504,0.731,0.0,0.16,-0.077,1
11437,67,1,8,0.996,0.615,0.966,0.0,0.589,0.207,0
11438,40,0,10,0.92,0.537,0.682,0.25,0.567,0.062,1
11439,46,1,10,1.065,0.479,0.909,0.0,0.422,0.364,0
11440,57,0,8,0.7,0.518,0.89,1.0,0.488,-0.06,0
11441,34,0,6,0.831,0.701,0.446,1.0,0.303,-0.002,0
11442,38,0,8,0.879,0.594,0.717,0.0,0.233,0.18,0
11443,68,0,11,0.984,0.622,0.783,0.0,0.311,0.191,0
11444,81,0,7,0.867,0.544,0.503,0.75,0.125,0.083,0
11445,52,0,9,0.884,0.608,1.024,0.75,0.588,0.117,0
11446,65,1,9,0.735,0.498,0.613,0.0,0.131,-0.04,0
11447,60,0,12,1.013,0.618,1.244,0.5,0.75,0.313,1
11448,32,1,7,0.71,0.635,0.79,0.75,0.644,-0.013,0
11449,56,1,10,1.007,0.7,0.976,0.0,0.489,0.361,0
11450,37,1,6,0.736,0.723,0.875,0.0,0.168,0.096,0
11451,77,0,8,1.198,0.691,0.719,0.0,0.147,0.52,0
11452,67,1,5,0.942,0.744,0.467,0.0,-0.056,0.312,0
11453,79,0,6,0.763,0.551,0.919,0.75,0.202,0.099,0
11454,67,1,12,0.943,0.53,1.017,0.25,0.54,0.209,0
11455,67,0,4,1.049,0.637,0.732,0.5,0.495,0.24,0
11456,60,1,5,0.915,0.661,0.586,1.0,0.269,0.146,0
11457,79,1,6,0.919,0.627,0.361,0.0,0.026,-0.026,0
11458,39,1,8,1.112,0.522,0.858,0.75,0.336,0.313,0
11459,84,0,8,0.706,0.531,0.978,0.25,0.535,0.008,0
11460,49,1,10,0.989,0.559,0.904,0.75,0.835,0.252,0
11461,31,1,7,0.925,0.67,0.808,0.0,0.577,0.163,0
11462,44,0,11,0.808,0.52,1.117,0.5,0.407,0.106,0
11463,49,0,6,0.912,0.629,0.607,1.0,0.306,0.056,0
11464,46,1,8,1.127,0.59,0.704,0.0,0.206,0.276,0
11465,41,1,6,0.952,0.573,0.824,0.0,0.288,0.23,0
11466,48,0,9,1.046,0.607,0.874,0.25,0.309,0.35,0
11467,41,1,8,1.053,0.632,0.74,0.0,0.311,0.257,0
11468,84,0,4,0.788,0.553,0.129,0.5,-0.604,0.007,0
11469,75,0,8,0.99,0.623,0.61,0.75,-0.043,0.162,0
11470,71,1,3,0.947,0.667,0.778,0.5,0.359,0.054,0
11471,44,0,8,0.892,0.491,0.861,0.0,0.424,0.124,0
11472,62,0,10,0.617,0.603,0.8,0.0,0.192,0.053,0
11473,62,0,11,0.959,0.525,0.771,0.75,0.558,0.278,0
11474,31,0,7,0.954,0.735,0.642,0.75,-0.063,0.193,0
11475,34,1,3,0.744,0.528,0.511,0.0,-0.114,0.044,0
11476,34,0,12,0.959,0.384,0.928,0.0,0.38,0.198,1
11477,48,0,10,0.811,0.584,0.757,0.75,0.32,-0.213,1
11478,53,1,7,0.762,0.581,0.724,0.0,0.466,0.099,0
11479,54,1,3,0.81,0.552,0.474,0.75,0.106,0.197,0
11480,61,1,5,0.7,0.544,0.367,0.25,-0.045,-0.153,0
11481,30,0,8,0.942,0.48,0.845,0.25,0.344,-0.006,0
11482,60,1,5,0.764,0.673,0.367,0.0,-0.059,-0.045,0
11483,57,1,9,0.7,0.601,0.727,0.0,-0.033,0.11,0
11484,41,1,3,0.713,0.543,0.439,0.25,-0.568,0.2,0
11485,79,0,3,0.702,0.547,0.521,0.25,0.061,0.024,0
11486,51,0,3,0.931,0.455,0.568,1.0,0.128,0.406,0
11487,80,0,7,1.039,0.583,0.463,0.0,-0.069,0.222,0
11488,37,1,10,0.816,0.548,0.626,1.0,0.259,0.114,0
11489,51,0,9,0.693,0.622,0.673,0.5,-0.075,-0.022,0
11490,81,1,11,0.738,0.7,1.077,0.5,0.496,-0.111,1
11491,78,1,5,0.872,0.508,0.473,0.0,-0.111,0.024,0
11492,74,0,7,0.798,0.658,0.871,0.0,0.384,0.188,0
11493,61,1,6,0.978,0.445,0.614,0.75,0.271,0.177,0
11494,35,1,6,0.858,0.558,0.475,0.0,-0.016,0.24,0
11495,52,0,9,0.82,0.493,0.856,0.0,0.373,-0.076,0
11496,37,0,9,1.051,0.64,0.767,0.75,0.375,0.285,0
11497,36,0,4,0.888,0.564,0.489,0.5,-0.201,0.232,0
11498,50,1,8,0.898,0.524,0.597,0.25,0.015,0.15,0
11499,72,1,11,0.947,0.522,0.831,0.25,0.527,0.016,1
11500,61,0,10,0.856,0.395,0.954,0.25,0.692,0.066,1
11501,60,0,7,0.814,0.617,0.342,1.0,-0.314,0.19,0
11502,31,1,6,0.716,0.611,0.737,0.5,0.183,-0.002,1
11503,54,0,11,0.998,0.608,0.997,0.0,0.652,0.161,0
11504,70,0,3,0.865,0.536,0.388,0.0,-0.066,0.107,0
11505,47,1,6,0.836,0.464,0.83,0.0,0.503,-0.019,0
11506,40,0,5,1.058,0.646,0.699,0.5,0.124,0.219,0
11507,84,0,8,0.84,0.582,0.627,0.0,-0.073,0.139,0
11508,61,0,10,1.138,0.593,0.734,0.5,0.045,0.507,1
11509,64,1,3,0.801,0.521,0.382,0.25,0.036,0.063,0
11510,60,1,3,0.784,0.665,0.592,0.0,0.399,0.18,0
11511,74,1,4,0.881,0.635,0.296,0.0,-0.191,-0.044,0
11512,38,1,12,0.99,0.433,0.889,1.0,0.519,0.241,0
11513,47,1,9,0.827,0.54,0.831,0.0,0.188,-0.126,0
11514,44,0,11,1.14,0.476,1.201,0.75,0.501,0.557,0
11515,46,0,3,0.557,0.572,0.669,0.0,0.256,-0.094,0
11516,56,0,3,0.979,0.474,0.503,1.0,0.369,0.106,0
11517,32,0,10,0.887,0.404,0.751,0.0,0.161,0.306,0
11518,72,0,7,0.829,0.545,0.708,0.5,0.254,0.108,0
11519,37,0,7,0.838,0.711,0.706,0.75,0.006,0.05,0
11520,33,1,9,1.154,0.535,0.804,0.5,0.362,0.278,0
11521,47,1,9,0.912,0.598,0.687,0.0,0.143,0.088,1
11522,73,0,7,0.936,0.614,0.801,0.5,0.535,0.184,0
11523,70,1,5,0.846,0.537,0.664,0.75,0.217,0.006,0
11524,34,1,10,0.906,0.468,1.209,0.75,1.141,0.082,0
11525,80,1,12,0.859,0.591,1.096,0.5,0.865,0.257,0
11526,63,1,8,0.744,0.646,1.055,0.5,0.612,-0.012,1
11527,74,1,12,0.632,0.665,0.782,0.75,0.5,-0.103,0
11528,66,1,7,0.93,0.533,0.46,0.0,0.056,0.356,0
11529,30,1,11,0.729,0.554,0.783,0.25,0.454,-0.121,0
11530,83,1,10,0.892,0.515,0.766,1.0,0.692,0.261,1
11531,60,0,6,0.944,0.605,0.837,1.0,0.29,0.121,1
11532,63,1,9,1.15,0.576,0.744,0.0,0.319,0.284,0
11533,30,0,3,0.839,0.639,0.453,0.0,0.143,0.089,0
11534,68,1,8,0.595,0.488,0.671,1.0,0.286,-0.014,1
11535,55,0,7,0.738,0.65,0.908,0.0,0.429,0.035,0
11536,84,0,6,0.825,0.63,0.443,0.0,-0.246,0.218,0
11537,75,0,10,0.943,0.612,0.833,1.0,0.302,0.436,0
11538,38,0,5,0.794,0.581,0.63,1.0,0.246,-0.108,0
11539,31,1,5,0.613,0.525,0.7,0.0,0.058,-0.147,0
11540,62,0,5,1.037,0.582,0.523,0.25,0.18,0.225,0
11541,30,0,4,0.809,0.667,0.41,0.0,0.097,0.047,0
11542,42,0,9,0.7,0.542,0.756,0.75,0.337,-0.115,0
11543,74,0,7,0.918,0.62,0.636,0.75,0.181,0.148,0
11544,62,0,12,1.225,0.479,0.7,0.25,0.134,0.366,0
11545,45,1,8,0.815,0.531,0.791,0.0,0.347,-0.266,1
11546,58,1,12,0.799,0.529,0.727,1.0,0.304,0.189,0
11547,59,0,4,0.876,0.669,0.714,0.0,0.481,0.126,0
11548,48,0,8,0.913,0.551,0.98,1.0,0.495,0.213,0
11549,80,1,9,0.949,0.682,0.636,0.25,0.48,0.032,0
11550,30,1,6,0.7,0.481,0.939,0.0,0.455,-0.072,0
11551,71,1,3,0.72,0.57,0.38,0.0,-0.067,0.164,1
11552,36,1,12,0.973,0.562,1.095,0.5,0.747,0.231,0
11553,64,1,12,0.648,0.588,0.571,0.0,0.034,-0.168,0
11554,63,0,7,1.023,0.573,0.798,0.0,0.498,0.219,0
11555,62,1,11,0.855,0.464,0.861,0.0,0.54,-0.041,0
11556,51,0,4,0.668,0.574,0.436,0.75,0.017,-0.14,0
11557,32,0,7,0.835,0.501,0.7,0.5,0.18,0.129,0
11558,34,0,5,0.791,0.556,0.472,0.0,-0.058,0.007,0
11559,36,1,7,0.984,0.694,0.879,0.5,0.59,-0.095,0
11560,77,1,8,0.883,0.541,0.572,0.5,0.04,0.072,0
11561,35,1,8,0.879,0.634,0.809,0.0,0.51,0.099,0
11562,81,0,7,0.84,0.634,0.786,0.0,0.258,0.133,1
11563,53,1,5,0.794,0.62,0.847,0.25,0.263,0.041,0
11564,47,1,9,1.005,0.474,0.791,1.0,0.257,0.426,0
11565,82,1,9,1.108,0.65,0.979,0.0,0.516,0.396,0
11566,47,1,12,0.743,0.553,0.602,1.0,0.251,0.121,0
11567,62,0,8,0.904,0.787,0.858,0.25,0.581,0.144,0
11568,47,0,7,0.793,0.644,0.461,0.0,0.014,0.093,0
11569,51,1,8,0.892,0.663,0.936,0.5,0.614,0.151,0
11570,51,1,8,0.962,0.59,0.715,1.0,0.428,0.393,0
11571,56,1,6,0.752,0.622,0.729,0.0,0.282,0.018,0
11572,73,1,7,0.963,0.465,0.774,1.0,0.288,0.097,0
11573,67,1,7,0.736,0.543,0.66,0.0,0.375,-0.048,0
11574,54,0,9,1.017,0.485,0.764,0.5,0.605,0.225,0
11575,36,1,7,0.941,0.644,0.791,0.25,0.247,0.037,0
11576,33,1,6,0.751,0.635,0.463,0.0,-0.065,-0.057,0
11577,33,1,11,0.985,0.608,0.908,0.0,0.577,0.188,1
11578,72,0,5,0.75,0.607,0.496,0.5,0.289,0.004,0
11579,55,1,9,0.903,0.614,0.816,1.0,0.116,0.165,0
11580,31,1,4,0.956,0.594,0.536,0.0,0.206,0.304,0
11581,62,0,10,1.079,0.606,0.615,0.25,0.082,0.397,0
11582,79,0,10,0.867,0.63,0.876,0.25,0.414,0.167,1
11583,80,0,7,0.924,0.542,0.834,0.0,0.551,0.305,0
11584,46,0,12,0.975,0.557,0.836,0.25,0.533,0.238,0
11585,50,0,11,0.767,0.524,0.756,0.25,0.581,0.067,0
11586,34,0,3,0.981,0.539,0.374,0.0,-0.368,0.348,0
11587,49,1,12,0.855,0.588,0.875,0.75,0.294,-0.013,0
11588,47,0,11,0.826,0.544,0.898,0.25,0.71,-0.06,1
11589,75,1,8,0.869,0.485,0.38,0.5,0.129,0.078,0
11590,58,1,5,0.732,0.64,0.452,0.0,-0.035,-0.217,0
11591,71,0,12,1.068,0.57,0.824,0.0,0.158,0.439,0
11592,33,0,12,0.949,0.472,0.903,0.25,0.591,0.134,0
11593,56,0,4,0.74,0.507,0.619,0.0,0.208,-0.171,0
11594,62,1,10,0.763,0.513,0.867,0.75,0.416,-0.113,0
11595,41,0,11,0.978,0.621,1.001,0.0,0.406,0.218,1
11596,64,0,9,0.955,0.575,0.728,0.0,0.251,0.376,1
11597,75,1,3,0.827,0.571,0.434,0.0,0.085,0.184,0
11598,62,1,4,0.679,0.656,0.432,0.0,-0.057,-0.042,0
11599,39,0,3,0.762,0.573,0.389,0.0,-0.288,-0.143,0
11600,70,0,7,0.724,0.654,0.713,0.0,0.217,-0.058,0
11601,53,1,8,1.033,0.451,0.529,0.0,-0.054,0.242,0
11602,82,1,7,0.767,0.548,0.924,0.0,0.597,0.074,0
11603,84,1,4,0.876,0.516,0.814,0.5,0.162,-0.07,1
11604,77,1,11,0.89,0.593,0.638,0.0,0.089,0.108,0
11605,82,1,9,0.89,0.522,1.074,0.25,0.834,0.308,0
11606,61,0,8,0.763,0.581,0.964,0.5,0.804,0.126,0
11607,32,1,3,1.029,0.519,0.549,1.0,0.14,0.436,0
11608,62,0,11,0.931,0.465,0.794,0.0,0.142,0.085,0
11609,48,0,7,1.033,0.656,0.755,0.5,0.276,0.121,0
11610,77,0,12,0.784,0.637,0.495,1.0,-0.198,0.199,0
11611,31,0,7,0.738,0.439,0.634,0.0,-0.084,0.056,0
11612,33,0,7,0.7,0.606,0.541,0.0,-0.159,-0.027,0
11613,51,1,8,0.84,0.643,0.663,1.0,0.47,0.149,0
11614,60,0,5,0.82,0.563,0.477,0.75,0.398,-0.138,0
11615,55,1,9,0.871,0.541,0.741,0.25,0.06,0.171,0
11616,46,1,3,0.871,0.593,0.497,0.5,0.332,0.009,0
11617,54,0,10,1.02,0.543,0.655,0.75,0.193,0.144,1
11618,31,0,3,0.615,0.572,0.752,0.0,0.087,-0.165,0
11619,69,0,5,0.813,0.591,1.188,0.25,0.716,0.051,0
11620,81,1,5,0.664,0.566,0.694,0.0,0.461,0.022,0
11621,50,1,5,0.76,0.603,0.676,0.5,-0.119,0.232,0
11622,33,0,6,0.866,0.63,0.722,0.5,0.211,0.11,0
11623,46,1,8,0.917,0.384,0.666,0.5,-0.093,0.07,0
11624,47,1,9,1.076,0.512,0.7,0.0,0.494,0.272,0
11625,48,1,7,0.7,0.673,0.708,0.25,0.56,-0.098,0
11626,58,0,4,0.689,0.482,0.816,0.0,0.484,-0.118,0
11627,46,1,6,0.678,0.481,0.548,0.5,0.231,-0.192,0
11628,62,0,7,1.017,0.466,0.889,1.0,0.617,0.305,0
11629,64,0,10,0.858,0.562,0.917,0.5,0.243,0.036,0
11630,47,0,12,1.043,0.574,0.971,0.0,0.246,0.153,0
11631,43,1,10,0.7,0.37,0.851,0.0,0.533,-0.104,0
11632,77,0,9,1.036,0.463,0.808,0.5,0.429,0.281,0
11633,47,0,5,0.867,0.518,0.621,0.0,0.014,0.127,0
11634,35,1,9,0.902,0.535,0.792,0.25,0.133,0.188,0
11635,43,0,4,0.994,0.663,0.534,0.0,-0.012,0.401,0
11636,54,0,9,0.975,0.6,0.868,0.75,0.477,0.208,0
11637,31,0,8,0.953,0.64,1.014,1.0,0.788,0.025,0
11638,32,0,12,0.835,0.469,0.747,0.25,0.362,0.23,0
11639,43,0,3,0.558,0.543,0.298,0.0,-0.099,-0.076,0
11640,31,0,3,0.816,0.543,0.497,0.0,0.035,0.107,0
11641,36,1,11,0.998,0.531,0.759,0.5,0.228,0.101,0
11642,41,1,7,0.994,0.669,0.625,0.0,0.04,0.515,0
11643,49,1,7,0.968,0.661,0.87,0.0,0.405,0.268,0
11644,81,1,8,1.06,0.547,0.378,0.0,0.14,0.185,0
11645,30,0,8,0.951,0.533,0.953,0.25,0.224,0.235,0
11646,83,0,7,0.681,0.563,0.697,0.0,0.282,-0.127,0
11647,63,1,9,0.954,0.605,0.847,0.0,0.22,0.355,0
11648,56,0,4,0.696,0.634,0.656,0.5,0.367,-0.018,0
11649,36,0,10,0.726,0.521,1.18,0.0,0.752,0.013,0
11650,76,1,11,0.883,0.547,0.706,0.0,0.21,0.198,1
11651,32,1,8,0.906,0.671,0.648,1.0,0.134,0.233,0
11652,70,1,8,0.971,0.49,0.446,1.0,-0.028,0.237,0
11653,83,1,8,0.809,0.472,0.68,0.25,0.253,0.356,1
11654,46,0,5,1.02,0.693,0.789,0.25,0.13,0.103,1
11655,60,0,4,0.571,0.771,0.424,1.0,-0.28,-0.126,0
11656,72,0,9,0.96,0.542,0.59,0.25,-0.07,0.151,0
11657,42,0,3,0.682,0.684,0.864,0.0,0.274,-0.301,1
11658,80,0,7,0.744,0.565,0.631,0.0,0.383,-0.026,0
11659,74,1,12,0.777,0.496,0.962,0.75,0.497,-0.097,1
11660,64,0,12,0.819,0.363,0.803,0.0,0.556,0.283,1
11661,54,1,11,0.991,0.545,1.172,0.0,0.727,0.362,0
11662,30,1,5,0.818,0.41,0.854,0.25,0.433,0.118,0
11663,57,0,7,0.947,0.485,0.64,0.5,0.254,0.194,0
11664,38,0,3,0.718,0.636,0.249,0.0,-0.219,-0.227,0
11665,55,0,11,0.991,0.533,1.278,0.0,0.861,0.184,0
11666,44,1,10,0.7,0.564,0.512,0.75,0.179,-0.346,0
11667,50,1,9,0.974,0.611,0.584,0.75,0.094,0.299,0
11668,65,1,10,0.956,0.545,0.775,1.0,0.318,0.139,1
11669,35,0,10,0.826,0.597,1.146,1.0,0.593,0.111,0
11670,33,0,11,0.832,0.551,0.609,0.25,-0.274,-0.036,0
11671,38,1,8,0.875,0.652,0.866,0.0,0.425,0.201,0
11672,37,0,5,1.007,0.649,0.587,0.75,0.181,0.109,0
11673,79,1,5,0.851,0.519,0.642,0.25,0.172,0.013,0
11674,52,0,12,1.019,0.483,0.976,0.0,0.405,0.318,0
11675,78,0,4,0.691,0.559,0.505,0.25,0.409,-0.104,0
11676,48,1,7,0.816,0.51,0.643,0.0,0.21,-0.102,0
11677,40,1,12,0.964,0.556,0.642,0.0,0.239,0.15,0
11678,51,1,8,0.715,0.568,0.541,1.0,0.26,-0.057,0
11679,54,0,11,0.9,0.514,1.068,0.0,0.485,-0.135,0
11680,73,0,12,0.984,0.458,1.0,0.0,0.454,0.217,0
11681,37,0,11,1.085,0.645,0.927,0.0,0.418,0.291,0
11682,32,1,7,0.891,0.566,0.647,0.5,0.098,0.194,0
11683,50,1,10,0.72,0.63,0.856,0.0,0.191,0.025,0
11684,59,1,5,0.5,0.6,0.201,0.0,0.069,-0.291,0
11685,66,0,6,0.882,0.605,0.717,0.0,0.367,0.258,0
11686,65,0,12,1.02,0.573,0.817,0.0,0.094,0.271,0
11687,38,0,12,0.887,0.639,0.842,0.0,0.642,0.071,0
11688,62,0,9,0.691,0.583,0.854,0.25,0.54,-0.045,0
11689,52,1,4,0.825,0.504,0.756,1.0,0.287,-0.126,0
11690,45,0,8,0.994,0.534,0.691,0.5,0.414,0.083,0
11691,59,0,5,0.596,0.581,0.629,0.5,0.506,-0.082,0
11692,35,0,7,1.084,0.585,0.517,0.0,0.013,0.226,0
11693,69,0,3,1.001,0.652,0.475,0.0,0.116,0.333,0
11694,75,1,8,0.781,0.381,0.749,0.0,0.406,0.0,0
11695,58,1,11,0.825,0.672,0.872,0.0,0.399,0.25,0
11696,49,1,7,0.828,0.582,0.618,0.5,0.119,0.097,0
11697,35,1,4,0.724,0.748,0.734,0.25,0.01,0.016,0
11698,63,0,3,0.809,0.545,0.243,1.0,-0.046,0.012,0
11699,69,0,10,0.828,0.509,0.669,0.25,-0.021,0.074,0
11700,44,0,11,1.246,0.56,0.681,1.0,0.456,0.376,0
11701,32,0,9,0.89,0.568,0.861,0.25,0.148,0.087,0
11702,47,0,12,1.022,0.51,0.845,0.0,0.496,0.275,0
11703,79,0,7,0.834,0.618,0.436,0.0,-0.031,0.121,0
11704,62,0,9,0.744,0.505,0.77,0.75,0.379,-0.118,0
11705,76,1,6,0.935,0.55,0.6,0.75,0.374,0.38,0
11706,56,0,7,0.927,0.754,0.602,0.0,0.142,0.131,0
11707,37,1,11,0.768,0.604,1.273,0.0,0.573,-0.06,0
11708,63,1,8,0.853,0.552,1.129,0.5,0.636,0.168,1
11709,32,1,3,1.036,0.571,0.514,0.0,-0.081,0.308,0
11710,37,0,10,0.718,0.653,0.719,0.5,0.262,0.271,0
11711,44,1,7,0.831,0.73,0.604,0.0,0.346,0.22,0
11712,77,0,12,1.106,0.5,1.041,0.0,0.731,0.369,0
11713,38,1,5,0.779,0.609,0.707,0.25,0.094,0.021,0
11714,41,0,12,0.801,0.622,0.899,0.75,0.488,-0.135,1
11715,44,1,4,0.685,0.646,0.686,0.75,0.388,0.088,0
11716,35,1,4,0.917,0.556,0.811,0.25,0.418,0.128,1
11717,30,0,6,0.921,0.587,0.489,0.0,-0.063,0.147,0
11718,62,0,11,1.029,0.596,0.7,0.5,0.08,0.208,0
11719,62,1,10,0.795,0.435,0.815,0.0,0.282,0.088,0
11720,46,1,7,0.963,0.674,0.481,0.0,0.066,0.068,0
11721,59,0,4,0.797,0.732,0.798,0.0,0.406,-0.032,0
11722,76,0,4,0.741,0.755,0.7,0.0,0.088,0.133,0
11723,64,0,6,0.789,0.66,0.543,0.25,0.128,-0.091,0
11724,70,0,4,0.768,0.689,0.714,0.0,0.473,0.263,0
11725,73,1,11,1.097,0.561,1.094,0.0,0.976,0.402,0
11726,33,1,7,0.865,0.612,0.714,0.0,0.533,0.15,1
11727,42,0,9,0.836,0.466,0.666,1.0,0.209,0.06,0
11728,75,1,8,0.979,0.566,0.934,0.0,0.246,0.234,1
11729,56,0,9,0.951,0.538,1.034,0.0,0.57,0.241,0
11730,48,1,7,0.795,0.682,0.733,0.0,0.456,-0.065,0
11731,64,1,7,0.607,0.598,0.72,0.25,0.02,-0.083,0
11732,35,0,10,1.052,0.585,0.875,0.5,0.258,0.12,0
11733,66,0,11,1.003,0.467,0.912,0.5,0.396,0.239,0
11734,81,1,9,0.984,0.585,0.683,1.0,0.329,0.234,0
11735,47,0,5,0.657,0.557,0.378,1.0,0.014,-0.013,0
11736,71,0,10,0.79,0.582,0.899,0.0,0.372,-0.03,0
11737,35,0,7,0.91,0.501,0.71,0.75,0.553,0.061,0
11738,66,0,10,0.881,0.604,0.764,0.75,0.393,0.273,0
11739,63,0,6,0.874,0.634,0.703,0.0,0.012,0.085,0
11740,80,1,10,0.976,0.536,0.876,0.75,0.365,0.141,1
11741,83,0,7,0.76,0.637,0.895,0.0,0.474,-0.304,1
11742,70,0,6,0.665,0.6,0.593,0.0,-0.002,0.207,0
11743,35,0,9,0.745,0.627,0.847,0.25,0.385,0.08,0
11744,69,1,5,0.753,0.564,0.581,0.0,0.364,0.212,0
11745,45,0,8,1.075,0.61,0.707,0.0,0.013,0.445,0
11746,36,1,3,0.695,0.655,0.603,0.75,0.13,-0.278,0
11747,32,1,3,0.735,0.565,0.539,0.0,0.029,-0.086,0
11748,36,0,8,0.881,0.585,0.833,0.25,0.395,0.038,0
11749,72,1,8,1.048,0.521,0.841,1.0,0.065,0.077,0
11750,37,0,9,0.78,0.642,0.646,0.0,0.098,-0.079,0
11751,67,0,4,0.857,0.603,0.695,0.0,0.183,0.037,1
11752,35,1,6,0.673,0.708,0.717,0.0,0.117,-0.391,0
11753,46,0,5,1.003,0.573,0.563,0.0,0.111,-0.006,0
11754,75,1,12,1.002,0.525,0.84,0.75,0.211,0.348,1
11755,30,0,9,1.039,0.528,0.83,0.25,0.506,0.152,0
11756,81,1,9,1.09,0.466,0.872,0.75,0.765,0.28,0
11757,39,0,3,0.782,0.54,0.76,1.0,0.201,-0.133,0
11758,46,0,6,0.775,0.469,0.72,0.0,0.526,0.089,0
11759,36,0,12,0.7,0.608,0.922,0.0,0.431,0.034,0
11760,61,1,5,0.674,0.508,0.733,0.25,0.089,-0.142,0
11761,55,1,10,0.912,0.519,0.614,0.0,0.137,0.022,0
11762,61,0,10,0.957,0.7,0.957,0.5,0.2,0.329,1
11763,47,0,7,0.898,0.622,0.622,0.0,0.114,0.17,0
11764,50,0,7,0.914,0.523,1.081,0.0,0.749,0.091,0
11765,49,1,12,0.718,0.609,0.623,0.0,0.063,-0.115,0
11766,51,0,10,0.918,0.476,0.707,0.0,0.113,0.218,0
11767,59,1,6,0.845,0.706,0.727,0.0,-0.014,0.176,1
11768,73,1,11,0.992,0.593,1.106,0.25,0.697,0.393,1
11769,38,0,10,0.976,0.629,0.786,0.5,0.202,0.2,0
11770,63,0,9,1.041,0.642,1.026,0.0,0.604,0.138,0
11771,73,0,9,0.881,0.622,0.745,0.75,0.493,0.1,0
11772,33,0,3,0.989,0.535,0.444,0.0,-0.101,0.087,0
11773,80,0,10,0.908,0.516,0.64,0.25,0.218,0.171,0
11774,38,1,9,0.899,0.59,0.716,0.0,0.202,-0.053,0
11775,70,0,8,0.865,0.542,0.533,0.0,0.207,-0.073,0
11776,44,0,12,0.953,0.595,0.703,0.25,0.227,0.316,0
11777,34,0,12,1.142,0.739,0.925,0.0,0.647,0.556,0
11778,76,1,6,0.645,0.619,0.939,1.0,0.619,-0.044,0
11779,32,1,4,1.016,0.644,0.648,0.25,0.245,0.249,0
11780,35,1,6,0.796,0.683,0.574,0.0,-0.194,0.122,0
11781,57,1,4,1.056,0.49,0.632,0.0,-0.125,0.24,0
11782,43,1,11,1.07,0.581,0.862,0.0,0.306,0.309,0
11783,41,0,8,0.948,0.56,0.989,0.0,0.309,0.235,0
11784,50,1,9,0.913,0.558,0.7,0.0,0.156,0.422,0
11785,64,0,3,0.741,0.484,0.342,0.0,-0.111,0.041,0
11786,41,1,11,1.264,0.535,0.783,0.0,0.151,0.641,0
11787,72,1,6,0.788,0.518,0.7,0.0,0.249,0.107,0
11788,57,1,6,0.964,0.456,0.571,0.0,0.213,0.199,0
11789,63,0,7,0.7,0.611,0.83,0.75,0.458,-0.082,1
11790,56,1,3,0.87,0.596,0.552,0.0,0.266,-0.089,0
11791,69,1,12,0.958,0.591,0.88,0.0,0.429,0.298,0
11792,78,0,3,0.784,0.583,0.428,0.0,0.04,0.057,0
11793,60,1,4,0.753,0.687,0.553,0.5,0.517,-0.04,0
11794,31,1,3,0.845,0.705,0.543,0.0,0.006,0.145,0
11795,63,1,5,1.084,0.536,0.714,1.0,0.488,0.459,0
11796,42,0,6,0.836,0.757,0.688,0.0,0.109,0.013,0
11797,64,0,4,0.859,0.667,0.703,0.0,0.208,-0.096,0
11798,62,1,10,0.847,0.492,0.956,0.25,0.634,-0.007,1
11799,41,1,6,0.906,0.558,1.057,1.0,0.452,0.096,0
11800,67,1,6,0.753,0.408,0.573,0.0,-0.102,0.053,0
11801,37,1,4,0.775,0.507,0.678,0.0,0.039,-0.075,0
11802,65,0,3,0.805,0.7,0.736,0.25,0.456,0.158,0
11803,77,0,8,0.951,0.646,0.883,0.25,0.393,0.356,0
11804,62,1,6,0.827,0.386,0.615,0.0,-0.076,0.264,0
11805,55,1,6,0.822,0.726,0.667,0.0,0.105,-0.212,1
11806,54,1,6,0.736,0.548,0.485,0.25,-0.042,-0.025,0
11807,63,1,12,0.951,0.572,0.898,0.0,0.509,0.129,0
11808,64,0,6,0.731,0.735,0.613,0.25,-0.178,-0.216,0
11809,64,0,4,0.659,0.491,0.379,1.0,-0.192,-0.356,0
11810,84,1,3,0.754,0.669,0.497,0.0,-0.242,0.165,0
11811,77,0,3,0.653,0.726,0.475,0.0,-0.092,-0.066,0
11812,83,0,9,0.94,0.507,0.815,0.75,0.075,0.326,0
11813,61,1,6,0.933,0.469,0.599,0.25,0.026,0.155,0
11814,79,0,5,0.529,0.691,0.766,0.0,0.254,-0.291,0
11815,55,1,6,0.819,0.597,0.802,0.0,0.372,0.16,0
11816,32,0,4,0.771,0.732,0.7,0.0,0.192,0.197,0
11817,56,0,7,0.743,0.577,0.77,0.0,-0.093,-0.01,0
11818,69,0,5,0.839,0.645,0.829,0.25,0.598,0.241,0
11819,39,0,6,1.151,0.63,0.588,0.25,0.45,0.4,0
11820,67,0,10,0.993,0.584,0.86,0.0,0.586,0.112,0
11821,49,1,11,0.7,0.568,0.908,0.0,0.457,-0.216,1
11822,80,1,12,0.855,0.506,0.839,1.0,0.741,0.074,1
11823,39,1,8,0.988,0.604,0.995,0.0,0.244,0.22,0
11824,59,1,6,0.79,0.63,0.975,1.0,0.579,0.16,0
11825,77,1,10,1.005,0.549,0.988,0.0,-0.021,0.183,1
11826,40,1,8,0.763,0.678,0.544,0.25,-0.101,0.063,0
11827,82,1,6,0.998,0.619,0.992,0.0,0.286,0.351,1
11828,65,0,5,0.903,0.538,0.828,1.0,0.321,0.152,0
11829,74,0,7,0.848,0.566,0.627,0.0,0.506,0.103,0
11830,63,1,4,0.615,0.473,0.672,0.5,0.269,0.093,1
11831,46,1,8,0.957,0.48,0.81,0.0,0.168,0.289,0
11832,60,0,10,0.76,0.599,0.84,0.25,0.458,0.05,0
11833,74,0,7,1.094,0.427,0.635,0.5,0.09,0.128,0
11834,32,1,5,0.894,0.67,0.376,0.25,-0.043,-0.04,0
11835,59,1,6,0.974,0.48,0.561,0.25,-0.058,0.243,0
11836,78,0,12,0.973,0.664,0.954,0.25,0.43,0.432,1
11837,84,1,4,0.6,0.577,0.126,0.75,-0.422,-0.28,1
11838,39,1,12,1.036,0.722,0.739,0.5,0.039,0.249,0
11839,72,1,10,0.878,0.559,0.865,0.0,0.328,0.042,1
11840,53,0,6,0.9,0.758,0.686,0.0,0.424,0.548,0
11841,44,0,3,0.763,0.619,0.622,0.0,0.074,0.054,0
11842,36,1,9,0.817,0.532,0.804,0.0,0.235,0.016,0
11843,30,0,4,0.597,0.724,0.581,0.75,0.154,-0.158,0
11844,50,0,8,0.7,0.599,0.772,0.25,0.21,-0.231,0
11845,84,1,5,0.892,0.594,0.956,0.5,0.386,0.092,0
11846,75,0,10,1.056,0.558,1.189,0.75,0.558,0.317,0
11847,63,1,4,1.004,0.657,0.758,0.0,0.116,0.229,0
11848,69,0,12,0.973,0.587,0.686,0.0,0.426,0.322,0
11849,70,0,4,0.786,0.637,0.467,0.0,-0.186,0.032,0
11850,39,1,5,0.912,0.475,0.572,0.0,0.284,0.1,0
11851,84,0,9,0.853,0.393,0.748,0.0,0.054,0.385,0
11852,30,1,4,0.743,0.591,0.765,0.5,0.427,-0.085,0
11853,36,1,8,1.007,0.556,0.765,0.0,0.051,0.263,0
11854,64,1,11,1.01,0.456,1.104,1.0,0.379,0.198,0
11855,76,0,12,0.988,0.7,1.145,0.0,0.274,0.098,1
11856,79,1,4,0.782,0.622,0.278,1.0,-0.199,0.015,0
11857,56,1,11,0.801,0.558,0.926,0.0,0.608,0.12,1
11858,31,0,10,0.808,0.541,1.136,0.5,0.881,-0.092,0
11859,37,0,4,0.818,0.594,0.659,1.0,0.328,0.162,0
11860,53,0,3,0.889,0.647,0.203,0.75,-0.535,0.149,0
11861,55,1,6,0.737,0.683,0.892,0.25,0.362,0.191,0
11862,52,0,3,0.847,0.564,0.7,0.25,0.325,0.227,0
11863,54,1,9,0.981,0.622,1.064,0.5,0.821,0.341,0
11864,45,1,3,0.912,0.589,0.527,0.25,0.13,0.383,0
11865,51,1,11,0.806,0.471,0.644,0.0,0.258,0.1,0
11866,74,1,7,1.061,0.7,0.519,0.5,0.106,0.398,0
11867,32,0,7,0.808,0.543,0.751,0.0,0.335,-0.062,0
11868,54,0,10,0.892,0.564,0.7,0.5,0.469,0.152,0
11869,56,1,4,0.834,0.561,0.414,0.0,0.112,0.016,0
11870,57,0,10,1.079,0.562,0.78,1.0,0.065,0.419,0
11871,59,0,6,1.123,0.517,0.555,0.0,0.001,0.495,0
11872,67,1,7,1.023,0.536,0.64,0.25,0.38,0.279,0
11873,76,1,11,0.642,0.437,0.709,0.0,0.009,0.156,0
11874,59,1,11,1.137,0.7,1.055,0.5,0.475,0.599,1
11875,56,1,5,0.733,0.54,0.761,0.0,0.43,-0.141,1
11876,83,0,6,0.899,0.575,0.561,0.25,-0.012,0.034,0
11877,45,1,4,0.769,0.566,0.626,1.0,-0.015,-0.117,0
11878,33,1,5,0.967,0.7,0.699,0.0,0.319,0.269,1
11879,84,0,4,0.751,0.763,0.409,0.5,0.041,-0.095,0
11880,59,1,11,1.056,0.548,0.635,0.0,0.094,0.356,0
11881,69,0,3,0.754,0.574,0.514,0.0,0.017,0.019,0
11882,59,0,10,0.945,0.594,0.956,0.25,0.367,0.143,0
11883,80,1,3,0.745,0.564,0.35,0.0,-0.186,0.008,0
11884,79,0,4,0.804,0.561,0.533,1.0,0.049,0.015,0
11885,67,0,9,0.725,0.689,0.737,0.75,0.443,0.106,0
11886,83,1,6,0.845,0.555,0.51,0.0,0.149,-0.04,0
11887,36,1,7,0.798,0.427,0.395,0.5,-0.205,0.011,0
11888,40,0,7,0.846,0.581,0.317,0.0,-0.173,-0.06,0
11889,57,0,3,0.929,0.596,0.541,0.0,0.199,0.266,0
11890,78,0,7,0.849,0.596,0.324,0.5,-0.407,-0.009,0
11891,47,0,12,0.819,0.618,0.981,1.0,0.49,0.116,1
11892,78,1,12,0.955,0.58,0.835,1.0,0.357,-0.038,1
11893,74,1,7,0.862,0.56,0.778,1.0,0.489,0.188,0
11894,31,0,8,0.917,0.627,0.698,0.5,0.187,0.097,0
11895,69,0,3,0.734,0.6,0.344,0.0,-0.49,0.186,0
11896,52,0,3,0.864,0.652,0.612,0.0,0.183,-0.066,0
11897,72,1,3,0.879,0.617,0.619,0.25,0.204,0.146,0
11898,36,1,11,0.846,0.499,0.759,0.5,0.204,0.143,0
11899,80,1,10,0.847,0.55,0.994,0.25,0.656,0.253,0
11900,39,1,4,1.003,0.45,0.479,0.5,-0.045,0.191,0
11901,40,0,11,1.008,0.523,1.273,0.0,0.844,0.092,0
11902,39,1,8,0.904,0.62,0.863,0.25,0.336,0.183,0
11903,31,0,6,0.908,0.591,0.624,0.0,0.258,0.008,0
11904,52,0,10,1.002,0.623,0.964,0.0,0.403,0.156,0
11905,34,0,8,0.871,0.519,0.528,0.0,-0.084,0.093,0
11906,62,0,7,0.917,0.712,0.757,0.0,0.276,0.011,1
11907,32,1,9,0.775,0.606,0.7,0.25,0.506,-0.096,0
11908,54,0,10,1.018,0.483,0.902,0.0,0.455,0.154,1
11909,63,0,6,0.792,0.601,0.546,1.0,0.05,0.161,0
11910,70,1,5,0.645,0.557,0.532,0.0,0.218,0.102,0
11911,54,1,6,1.002,0.518,0.971,0.0,0.59,0.311,1
11912,58,0,5,0.7,0.512,0.657,0.0,0.191,0.109,1
11913,49,1,10,0.653,0.531,0.861,0.25,0.331,-0.235,0
11914,70,0,9,0.902,0.504,0.947,0.25,0.408,0.149,0
11915,37,1,3,0.798,0.656,0.633,0.0,0.207,0.028,0
11916,81,1,5,0.537,0.443,0.494,0.0,-0.172,-0.23,0
11917,39,1,5,0.626,0.509,0.667,0.5,0.371,-0.032,0
11918,78,1,8,0.808,0.467,0.579,0.0,0.163,-0.036,0
11919,46,0,5,0.926,0.62,0.823,0.0,0.382,0.18,0
11920,43,0,3,0.672,0.546,0.697,0.0,0.074,-0.173,0
11921,84,0,3,0.823,0.623,0.605,0.75,-0.221,0.069,0
11922,38,1,5,0.7,0.452,0.791,0.25,0.576,0.001,1
11923,68,1,9,1.03,0.679,0.67,0.0,0.514,0.221,0
11924,49,1,10,0.771,0.513,1.213,1.0,0.895,0.174,1
11925,34,0,7,0.981,0.474,0.764,0.25,0.064,0.312,0
11926,51,0,11,0.815,0.627,0.785,0.25,0.085,0.091,0
11927,53,0,6,0.746,0.61,0.871,0.0,0.355,0.249,1
11928,84,1,6,0.862,0.43,0.532,0.75,-0.012,0.162,0
11929,56,0,3,0.81,0.627,0.426,0.5,-0.002,0.275,0
11930,75,0,8,0.752,0.528,0.681,0.5,0.244,-0.096,0
11931,83,0,12,0.692,0.681,0.909,0.5,0.364,-0.029,0
11932,67,1,4,0.775,0.589,0.309,0.75,-0.2,-0.006,0
11933,80,0,12,0.925,0.46,1.062,0.25,0.767,0.178,0
11934,44,0,11,1.051,0.7,0.947,0.75,0.45,0.161,0
11935,53,0,7,0.587,0.62,0.618,0.5,0.153,-0.15,0
11936,80,0,3,1.051,0.362,0.678,1.0,0.344,0.382,1
11937,32,1,4,0.935,0.681,0.5,0.0,0.145,0.019,0
11938,55,0,8,0.88,0.607,0.813,1.0,0.49,0.204,0
11939,30,1,4,0.918,0.613,0.554,0.5,-0.022,-0.042,0
11940,73,0,5,0.803,0.663,0.221,1.0,-0.241,-0.074,0
11941,43,0,7,0.74,0.547,0.821,0.0,0.239,0.023,0
11942,75,1,7,0.817,0.403,0.728,0.0,0.337,-0.045,0
11943,73,1,3,0.624,0.564,0.471,0.0,-0.096,-0.002,0
11944,52,0,10,0.951,0.465,0.744,0.0,0.189,0.122,1
11945,56,0,8,0.983,0.567,0.71,0.5,0.148,0.545,0
11946,79,1,6,0.756,0.57,0.57,0.0,0.467,-0.134,1
11947,35,1,6,0.942,0.589,0.523,0.25,0.035,0.125,0
11948,39,0,9,0.765,0.591,1.046,0.0,0.385,0.075,1
11949,31,1,6,0.843,0.589,0.69,0.0,0.321,0.216,0
11950,52,1,4,0.882,0.556,0.302,0.0,-0.385,0.357,0
11951,47,0,4,0.912,0.533,0.415,0.75,-0.118,0.075,0
11952,73,0,4,0.729,0.634,0.572,1.0,0.377,-0.021,0
11953,34,1,11,0.993,0.501,0.79,0.5,0.45,0.16,0
11954,41,0,12,1.052,0.484,1.062,0.75,0.984,0.154,1
11955,75,1,7,0.941,0.537,0.804,0.25,0.259,0.177,0
11956,38,1,6,0.856,0.7,0.588,0.0,0.235,0.14,0
11957,73,1,10,0.902,0.556,0.882,0.0,0.53,0.079,1
11958,46,1,9,0.608,0.659,0.823,0.0,0.321,-0.143,1
11959,81,1,3,0.762,0.674,0.496,0.0,-0.043,0.037,0
11960,43,1,6,0.948,0.585,0.827,0.0,0.226,0.135,0
11961,33,1,8,1.043,0.638,0.683,0.0,0.159,0.238,0
11962,35,1,11,1.115,0.544,0.832,0.0,0.1,0.449,0
11963,61,0,9,1.019,0.594,1.006,1.0,0.573,0.496,0
11964,73,1,3,0.827,0.776,0.224,0.25,-0.439,-0.032,0
11965,59,0,3,0.748,0.668,0.744,0.25,0.374,0.034,0
11966,38,1,10,0.874,0.511,0.69,0.25,0.232,0.166,0
11967,75,1,4,0.62,0.676,0.537,0.0,-0.073,-0.034,0
11968,68,0,11,0.921,0.694,1.028,0.75,0.626,0.108,0
11969,58,1,12,1.063,0.536,1.339,0.25,1.174,0.214,0
11970,34,0,5,0.853,0.68,0.724,0.0,0.301,0.104,0
11971,72,1,8,0.913,0.558,0.852,0.0,0.46,0.307,0
11972,61,0,12,1.209,0.473,0.7,1.0,0.075,0.509,0
11973,56,0,11,1.016,0.488,0.865,0.25,0.263,0.309,0
11974,30,0,8,0.752,0.445,0.841,0.0,0.678,0.013,0
11975,65,1,11,1.083,0.505,1.16,0.5,0.531,0.426,1
11976,37,1,4,0.873,0.7,0.579,0.25,0.275,-0.189,0
11977,48,0,6,0.722,0.7,0.628,1.0,0.124,0.149,0
11978,48,0,3,0.858,0.562,0.417,0.25,0.014,-0.034,0
11979,71,1,9,1.06,0.606,0.933,0.5,0.433,0.25,1
11980,39,0,3,0.709,0.611,0.747,0.5,0.515,-0.218,0
11981,41,0,10,0.851,0.537,0.794,0.0,0.19,0.028,0
11982,73,1,9,0.753,0.587,0.597,0.25,0.293,0.053,0
11983,37,1,3,1.009,0.633,0.522,0.0,-0.023,0.198,0
11984,56,0,4,0.87,0.679,0.61,0.0,0.097,0.104,0
11985,58,0,5,0.907,0.603,0.669,0.25,-0.038,0.084,0
11986,57,1,12,0.934,0.415,0.887,0.0,0.598,0.144,0
11987,68,1,10,0.971,0.631,0.782,0.0,0.316,0.251,0
11988,83,1,4,0.798,0.53,0.59,0.0,0.085,0.098,1
11989,69,0,11,0.902,0.639,1.038,0.5,0.598,0.116,1
11990,72,1,7,0.716,0.583,0.589,0.0,0.045,0.242,0
11991,45,0,9,0.78,0.475,0.764,0.0,0.666,0.029,0
11992,65,1,10,0.838,0.585,0.675,0.25,0.22,-0.117,0
11993,64,0,10,0.793,0.482,0.719,0.0,0.292,-0.075,0
11994,62,0,3,0.776,0.519,0.484,0.75,-0.216,-0.007,0
11995,41,1,7,0.848,0.547,0.847,0.0,0.278,0.272,0
11996,62,0,7,0.854,0.5,0.507,0.0,-0.064,0.109,0
11997,70,1,10,0.912,0.467,0.593,0.25,0.329,0.17,0
11998,36,1,6,0.963,0.61,0.846,0.25,0.172,0.182,1
11999,81,1,6,0.545,0.508,0.651,0.75,0.202,-0.146,1
12000,59,0,3,0.767,0.629,0.639,0.5,0.521,0.034,0
12001,66,0,9,0.901,0.633,0.637,1.0,0.272,0.162,0
12002,59,1,4,0.877,0.669,0.489,0.5,-0.102,0.123,0
12003,64,1,6,0.798,0.55,0.889,0.75,0.395,-0.035,0
12004,63,0,12,1.055,0.647,0.965,0.5,0.29,0.24,0
12005,58,0,3,0.795,0.713,0.637,0.0,0.094,-0.068,0
12006,40,0,10,1.016,0.527,0.686,0.5,0.327,0.279,0
12007,63,0,8,0.866,0.645,0.886,0.0,0.664,0.239,0
12008,80,0,3,0.726,0.507,0.482,0.75,0.122,0.005,0
12009,77,0,8,0.833,0.674,0.776,0.5,0.265,-0.037,0
12010,44,1,6,0.755,0.673,0.714,1.0,0.161,-0.014,0
12011,36,0,6,0.811,0.604,0.758,0.25,0.236,-0.05,0
12012,59,0,3,0.789,0.662,0.341,0.0,-0.135,0.09,0
12013,57,1,6,0.8,0.652,0.841,0.25,0.497,0.003,1
12014,75,1,10,1.071,0.629,1.177,0.0,0.658,0.308,0
12015,78,0,8,0.698,0.519,0.886,0.0,0.131,0.021,0
12016,62,1,8,0.947,0.613,0.505,0.25,-0.012,0.269,0
12017,68,1,6,0.833,0.681,0.67,0.0,0.179,0.014,0
12018,55,0,3,0.91,0.639,0.44,1.0,0.14,0.175,0
12019,35,1,9,0.722,0.525,0.934,0.5,0.473,0.042,1
12020,72,0,3,0.636,0.628,0.514,1.0,0.029,-0.158,0
12021,79,1,9,0.716,0.442,0.701,0.25,0.351,0.034,1
12022,63,1,5,0.819,0.658,0.372,0.0,-0.534,0.079,0
12023,62,0,6,0.958,0.576,0.756,0.25,0.414,0.052,0
12024,48,1,8,0.857,0.636,0.723,0.0,0.294,0.199,1
12025,54,0,3,0.683,0.705,0.687,0.25,0.588,-0.229,0
12026,51,1,9,0.744,0.677,0.934,0.0,0.247,0.162,0
12027,35,1,3,0.627,0.629,0.966,0.0,0.257,-0.253,0
12028,70,0,5,0.795,0.542,0.609,0.75,0.297,0.197,0
12029,44,1,9,0.88,0.616,0.635,0.0,0.227,0.141,0
12030,36,1,7,1.056,0.608,0.689,0.0,0.47,0.407,0
12031,33,1,11,1.063,0.786,0.622,0.5,0.248,0.259,0
12032,66,0,9,1.022,0.586,0.765,1.0,0.583,0.191,1
12033,31,0,12,0.948,0.409,0.92,0.0,0.22,0.142,0
12034,35,1,12,0.836,0.496,0.937,1.0,0.385,-0.258,0
12035,74,0,9,0.909,0.639,0.934,0.75,0.215,0.275,0
12036,55,1,12,0.94,0.506,0.978,0.0,0.497,0.116,1
12037,52,0,3,0.944,0.569,0.533,0.75,0.064,-0.026,0
12038,52,1,12,0.839,0.518,1.135,0.25,0.866,0.068,0
12039,60,1,7,0.957,0.517,0.815,0.0,0.297,0.342,1
12040,52,1,4,0.869,0.623,0.736,1.0,0.127,-0.131,0
12041,59,1,11,1.248,0.65,0.81,0.0,0.502,0.544,0
12042,36,1,5,0.969,0.591,0.5,1.0,-0.019,0.087,0
12043,40,1,6,0.774,0.531,0.222,0.25,-0.231,-0.001,0
12044,59,0,12,1.047,0.558,1.157,0.0,0.985,0.323,0
12045,32,1,8,0.93,0.573,0.621,0.0,0.035,0.113,0
12046,32,0,5,0.886,0.646,0.569,0.75,0.125,0.211,0
12047,36,0,6,0.953,0.549,0.78,0.75,0.027,0.128,0
12048,66,0,5,0.945,0.759,0.573,0.5,0.299,0.185,0
12049,65,0,6,0.841,0.712,0.412,0.0,-0.376,0.097,0
12050,45,0,10,1.068,0.64,1.061,0.0,0.657,0.413,0
12051,36,0,7,0.903,0.545,0.573,0.5,-0.119,0.225,0
12052,66,0,4,0.781,0.512,0.562,0.0,-0.138,0.007,0
12053,69,0,5,0.662,0.604,0.886,0.0,0.423,0.025,0
12054,57,1,3,0.74,0.697,0.567,0.25,-0.14,0.006,0
12055,54,1,12,1.043,0.618,0.952,0.75,0.356,0.261,0
12056,61,1,9,0.96,0.593,0.514,0.0,0.265,0.259,0
12057,48,0,5,0.907,0.439,0.567,0.25,0.091,0.195,0
12058,83,0,8,0.856,0.476,0.747,0.25,0.298,0.195,0
12059,49,1,6,0.939,0.504,0.867,0.0,0.566,0.196,0
12060,79,0,8,0.904,0.616,0.958,0.0,0.399,0.064,0
12061,50,0,6,0.931,0.684,0.641,0.5,0.226,0.207,0
12062,34,0,6,1.0,0.619,0.427,0.5,-0.046,0.272,0
12063,47,0,7,0.785,0.58,0.7,0.5,0.331,0.137,0
12064,56,0,9,0.829,0.554,0.975,0.0,0.654,0.114,0
12065,76,1,7,0.843,0.597,0.455,0.25,-0.146,-0.087,0
12066,44,0,8,0.815,0.542,0.991,0.5,0.808,0.16,0
12067,51,0,7,0.931,0.375,0.626,0.0,0.196,0.1,0
12068,84,0,7,1.052,0.738,0.623,0.0,0.071,0.533,0
12069,79,1,7,0.943,0.567,0.641,1.0,0.148,0.221,0
12070,33,0,4,0.867,0.637,0.866,1.0,0.476,0.14,0
12071,42,1,8,1.063,0.552,0.708,0.0,0.236,0.148,1
12072,60,0,11,1.101,0.579,0.794,0.0,0.241,0.159,1
12073,72,1,3,0.743,0.558,0.757,0.5,0.473,-0.103,0
12074,63,0,5,0.81,0.595,0.7,0.5,0.396,0.02,0
12075,35,1,7,1.041,0.487,0.443,1.0,0.29,0.348,0
12076,58,0,3,0.916,0.594,0.467,1.0,0.092,0.285,0
12077,69,0,12,0.973,0.605,1.064,0.0,0.505,0.128,1
12078,73,0,5,0.7,0.727,0.612,0.25,0.217,-0.045,0
12079,33,0,3,0.915,0.431,0.405,0.0,-0.189,0.252,0
12080,63,1,11,1.166,0.59,0.681,0.25,0.133,0.301,0
12081,56,1,11,1.094,0.647,0.644,1.0,0.212,0.397,0
12082,49,1,10,0.739,0.531,0.719,0.0,0.122,-0.131,0
12083,76,0,5,0.684,0.568,0.498,0.25,0.174,-0.203,0
12084,62,1,5,0.774,0.547,0.75,0.0,0.282,0.273,0
12085,67,0,8,0.796,0.555,0.94,0.0,0.316,0.269,0
12086,46,0,7,0.75,0.573,0.901,0.5,0.158,0.106,0
12087,32,0,6,0.948,0.57,0.633,0.0,0.289,-0.003,0
12088,82,1,4,0.824,0.589,0.478,0.0,-0.222,-0.087,1
12089,78,1,6,1.009,0.626,0.88,0.75,0.151,0.228,0
12090,56,0,7,0.878,0.552,0.617,0.0,0.304,0.422,0
12091,73,0,6,0.961,0.675,0.584,0.0,0.272,0.288,0
12092,39,0,8,0.74,0.7,0.765,0.0,0.632,-0.172,0
12093,53,1,7,0.861,0.658,0.709,0.0,0.292,0.193,0
12094,60,1,6,0.767,0.694,0.803,0.75,0.166,0.091,0
12095,64,0,6,0.919,0.497,0.716,1.0,0.209,0.17,0
12096,30,1,5,0.876,0.679,0.263,0.5,-0.245,0.268,0
12097,76,0,5,0.801,0.498,0.662,0.5,-0.038,0.268,0
12098,68,0,3,0.818,0.607,0.501,0.0,-0.346,0.049,0
12099,52,1,3,0.704,0.426,0.597,0.0,0.089,-0.161,0
12100,43,0,6,0.841,0.558,0.718,0.0,-0.043,0.138,0
12101,58,1,9,0.808,0.596,0.736,0.5,0.562,0.109,1
12102,55,1,10,0.938,0.69,1.0,1.0,0.805,0.238,0
12103,77,1,7,0.858,0.521,0.795,0.0,0.353,-0.002,0
12104,32,0,7,0.887,0.576,0.686,0.0,0.476,0.007,0
12105,80,1,5,0.708,0.585,0.666,0.0,0.21,0.09,1
12106,60,0,11,0.7,0.509,0.734,0.75,0.284,0.007,0
12107,68,1,11,0.814,0.632,1.069,1.0,0.388,0.124,0
12108,42,0,9,0.7,0.57,0.896,0.75,0.214,-0.118,0
12109,59,1,7,0.874,0.587,0.536,0.5,0.219,0.154,0
12110,48,0,12,0.848,0.574,0.626,0.0,0.22,0.194,0
12111,62,0,11,1.061,0.7,1.013,0.0,0.604,0.459,1
12112,34,0,10,0.962,0.44,0.786,0.25,0.348,0.064,0
12113,63,0,4,0.752,0.653,0.679,0.5,0.191,-0.104,0
12114,31,1,7,0.751,0.617,0.7,0.25,0.265,0.102,0
12115,34,0,12,1.12,0.632,0.671,0.0,0.159,0.217,0
12116,57,1,3,0.889,0.663,0.486,0.75,0.243,0.189,0
12117,58,0,11,0.851,0.631,0.894,0.0,0.519,-0.06,1
12118,71,0,5,0.989,0.56,0.601,1.0,-0.029,0.258,0
12119,65,0,6,1.013,0.8,0.638,0.0,0.162,0.387,0
12120,56,0,5,0.661,0.652,0.7,1.0,0.264,-0.053,0
12121,35,1,7,0.981,0.524,0.528,0.0,-0.196,0.121,0
12122,31,1,4,0.954,0.58,0.857,0.0,0.524,0.149,0
12123,34,0,4,0.793,0.737,0.385,0.0,-0.158,-0.059,0
12124,32,1,9,0.934,0.549,0.807,0.0,0.168,0.234,0
12125,68,0,4,0.863,0.621,0.535,0.5,0.127,0.367,0
12126,82,1,7,1.056,0.563,0.614,1.0,0.264,0.355,0
12127,33,0,11,0.97,0.44,0.71,0.0,0.289,0.102,0
12128,32,0,5,1.068,0.7,0.628,0.0,0.306,0.333,0
12129,64,0,9,0.824,0.559,0.702,0.0,0.152,0.261,0
12130,62,1,12,0.892,0.566,1.153,0.0,0.559,0.097,0
12131,51,1,5,0.693,0.598,0.472,1.0,0.279,0.128,0
12132,59,0,12,1.084,0.629,0.865,0.0,0.394,0.285,0
12133,35,0,12,1.143,0.626,0.621,1.0,-0.189,0.597,0
12134,69,0,12,0.919,0.632,0.87,0.0,0.318,0.184,1
12135,33,0,5,0.626,0.594,0.7,0.5,0.13,-0.272,0
12136,38,1,12,0.857,0.503,0.754,0.0,0.36,0.136,1
12137,49,0,9,0.975,0.543,0.901,0.25,0.295,0.226,0
12138,55,1,8,1.005,0.451,0.47,0.0,0.035,0.366,0
12139,73,1,12,0.86,0.393,0.985,0.0,0.604,0.288,0
12140,39,0,8,0.791,0.496,0.927,0.25,0.537,-0.064,0
12141,47,1,4,0.845,0.644,0.738,0.0,0.057,-0.059,0
12142,67,1,5,0.772,0.556,0.734,0.75,0.312,-0.018,0
12143,84,0,10,0.935,0.511,0.788,0.0,0.233,0.268,0
12144,75,0,6,0.717,0.566,0.553,0.0,0.063,0.017,0
12145,68,1,6,0.961,0.639,0.75,0.25,0.106,0.016,1
12146,64,1,3,0.761,0.589,0.802,0.25,0.582,0.105,0
12147,50,1,3,0.953,0.562,0.245,0.0,-0.154,0.142,0
12148,58,1,5,0.832,0.609,0.419,0.0,0.024,-0.064,0
12149,48,1,5,0.686,0.556,0.349,0.75,-0.156,-0.05,0
12150,65,0,9,1.103,0.509,0.842,0.25,0.199,0.265,0
12151,56,0,9,0.876,0.56,1.076,0.0,0.699,0.035,0
12152,53,1,12,1.142,0.576,0.7,0.5,0.466,0.45,0
12153,45,0,6,0.868,0.62,0.779,0.75,0.079,0.337,1
12154,64,0,4,0.667,0.656,0.718,0.0,-0.063,-0.108,0
12155,65,0,3,0.903,0.588,0.569,1.0,-0.175,0.44,0
12156,62,1,6,0.735,0.723,0.834,0.0,0.354,-0.026,0
12157,55,1,3,0.747,0.761,0.731,0.0,0.095,0.179,1
12158,30,0,12,0.938,0.528,0.854,0.25,0.203,0.274,0
12159,31,1,12,1.02,0.655,0.843,0.0,0.639,0.099,0
12160,54,0,6,0.686,0.625,0.76,0.0,0.554,-0.097,0
12161,83,0,6,1.016,0.692,0.817,0.0,0.039,0.03,1
12162,40,0,3,0.719,0.734,0.592,0.5,-0.093,0.135,0
12163,41,1,11,1.036,0.514,0.874,0.5,0.155,0.249,0
12164,69,1,8,0.835,0.526,0.737,0.0,0.296,0.2,0
12165,33,1,6,0.7,0.687,0.597,0.5,0.14,-0.062,0
12166,64,0,3,0.59,0.507,0.38,0.0,-0.16,-0.022,0
12167,36,1,7,0.593,0.482,0.528,0.25,-0.327,-0.363,0
12168,81,0,12,0.958,0.458,0.779,0.5,-0.152,0.337,1
12169,49,0,7,0.875,0.701,0.764,0.25,0.151,0.275,0
12170,69,0,4,0.818,0.625,0.815,0.0,0.146,-0.047,0
12171,80,0,11,0.832,0.523,1.03,1.0,0.179,-0.153,1
12172,72,0,9,1.01,0.609,0.798,0.0,0.111,0.329,0
12173,42,0,9,0.963,0.593,0.678,0.0,-0.161,-0.022,0
12174,38,1,8,0.807,0.487,0.706,0.0,0.37,0.286,0
12175,71,1,5,1.039,0.491,0.688,0.0,0.234,0.318,0
12176,59,0,6,0.766,0.563,0.821,0.25,0.52,0.126,0
12177,80,0,4,0.922,0.523,0.673,1.0,0.547,0.027,0
12178,51,0,4,0.901,0.607,0.504,0.0,-0.049,0.312,0
12179,47,0,8,1.101,0.524,0.385,0.0,-0.085,0.387,0
12180,43,0,9,1.048,0.673,0.839,1.0,0.267,0.382,0
12181,51,1,7,0.708,0.449,1.084,0.25,0.946,-0.062,0
12182,55,1,5,0.7,0.549,0.599,0.0,0.095,-0.043,0
12183,68,1,7,0.855,0.595,0.584,0.0,-0.007,0.084,0
12184,60,0,8,0.875,0.55,0.855,1.0,0.32,0.113,1
12185,60,1,7,0.678,0.497,0.588,0.25,-0.032,0.121,0
12186,71,1,9,0.972,0.521,1.028,0.75,0.7,0.105,1
12187,56,1,3,0.927,0.618,0.58,0.0,0.098,0.133,0
12188,39,0,11,0.954,0.646,0.976,0.0,0.402,0.368,0
12189,48,0,11,0.993,0.564,1.004,0.25,0.89,0.275,0
12190,51,0,10,1.002,0.609,0.887,0.5,0.273,0.424,0
12191,56,0,7,0.877,0.619,0.739,0.75,0.283,-0.001,0
12192,84,1,3,0.65,0.49,0.542,0.5,0.056,-0.077,0
12193,61,1,10,0.712,0.551,0.778,0.0,0.115,-0.093,1
12194,57,1,3,0.696,0.588,0.329,0.0,0.006,0.047,0
12195,70,0,6,0.892,0.445,0.618,0.5,0.103,0.017,0
12196,73,1,7,0.79,0.558,0.676,0.0,0.188,-0.029,1
12197,33,0,8,0.906,0.514,0.515,0.75,0.067,0.339,0
12198,51,0,3,0.645,0.641,0.571,0.25,0.109,-0.082,0
12199,74,0,5,0.949,0.68,0.741,0.0,0.262,0.176,0
12200,59,1,10,0.817,0.522,0.744,0.0,0.185,-0.068,0
12201,66,0,8,1.141,0.611,0.883,0.0,0.342,0.55,0
12202,80,1,7,0.979,0.506,0.712,0.75,0.404,0.183,0
12203,46,1,12,0.956,0.622,0.585,0.0,0.314,0.062,0
12204,36,1,5,0.972,0.657,0.357,0.5,-0.269,0.059,0
12205,45,0,9,0.931,0.572,0.752,0.75,0.165,0.187,0
12206,57,0,7,0.7,0.506,0.627,0.0,0.265,-0.209,0
12207,39,1,5,0.978,0.611,0.514,0.0,0.289,0.208,1
12208,65,0,11,0.903,0.566,0.953,0.75,0.802,-0.075,1
12209,37,0,6,0.664,0.558,0.891,0.5,0.613,0.17,0
12210,83,1,10,0.912,0.7,0.682,0.5,0.3,0.234,0
12211,50,1,3,0.661,0.676,0.535,0.0,0.156,-0.092,0
12212,68,1,9,0.591,0.446,0.617,0.0,0.469,0.039,0
12213,43,0,6,0.841,0.563,0.77,0.5,0.195,0.309,0
12214,58,1,8,0.971,0.62,0.664,0.75,0.244,0.158,0
12215,38,0,11,1.065,0.614,0.867,0.0,0.386,0.402,0
12216,45,1,4,0.948,0.604,0.456,0.25,0.189,0.233,0
12217,41,0,10,1.192,0.678,1.044,0.0,0.639,0.187,0
12218,59,1,3,0.837,0.706,0.7,0.25,0.298,-0.012,1
12219,62,1,6,0.876,0.63,0.574,0.0,0.045,0.352,0
12220,30,0,7,0.773,0.7,0.554,0.0,0.05,0.098,0
12221,72,0,10,1.103,0.561,0.932,1.0,0.411,0.447,0
12222,56,0,10,0.8,0.511,0.722,0.0,0.331,-0.082,0
12223,48,1,7,0.753,0.566,0.563,0.0,0.044,-0.039,0
12224,78,1,9,0.781,0.57,0.82,1.0,0.051,0.081,0
12225,76,0,4,0.768,0.468,0.398,0.5,0.143,-0.13,0
12226,77,0,10,0.805,0.618,1.153,0.0,0.9,-0.072,0
12227,52,1,5,0.964,0.683,0.811,0.0,0.319,0.258,1
12228,81,0,10,1.005,0.581,0.814,0.75,0.551,0.303,0
12229,38,1,7,0.749,0.452,0.541,0.75,0.287,0.089,0
12230,46,0,5,1.024,0.573,0.523,1.0,-0.093,0.169,0
12231,65,0,3,1.048,0.636,0.566,0.0,0.028,0.33,0
12232,77,1,10,1.187,0.429,0.69,0.0,0.39,0.51,1
12233,30,0,12,1.072,0.504,1.034,0.5,0.63,0.24,0
12234,62,1,8,0.901,0.414,0.936,0.0,0.484,0.154,0
12235,35,0,11,1.216,0.522,1.119,1.0,1.025,0.495,0
12236,39,1,10,0.741,0.67,0.388,0.0,-0.049,-0.162,0
12237,61,0,12,0.891,0.587,0.835,0.0,0.348,-0.014,0
12238,82,1,7,0.761,0.575,0.593,0.0,0.333,-0.147,0
12239,60,1,4,0.984,0.561,0.401,0.0,-0.005,0.22,0
12240,64,1,6,1.016,0.429,0.353,0.0,-0.204,-0.103,0
12241,39,1,11,1.128,0.465,1.054,0.0,0.762,0.292,0
12242,38,1,5,0.742,0.518,0.716,0.5,0.079,-0.097,0
12243,84,0,12,0.947,0.589,0.676,0.5,0.2,0.27,0
12244,74,0,5,0.453,0.599,0.887,0.0,0.379,-0.205,0
12245,60,1,10,1.093,0.564,0.997,0.75,0.585,0.316,0
12246,45,1,9,0.84,0.609,0.769,0.0,0.35,0.091,0
12247,45,1,10,0.615,0.62,0.816,0.0,0.299,-0.104,0
12248,53,0,6,0.92,0.515,0.796,0.25,0.292,0.171,1
12249,32,0,7,0.973,0.589,0.568,0.75,0.15,0.122,0
12250,38,1,4,1.055,0.7,0.497,0.0,0.208,0.203,0
12251,33,1,3,0.893,0.686,0.673,0.25,0.044,0.051,0
12252,66,0,5,0.899,0.762,0.979,1.0,0.633,0.165,0
12253,64,0,7,0.827,0.399,0.763,0.0,0.326,-0.03,0
12254,83,0,6,0.963,0.617,0.705,0.0,0.298,0.312,0
12255,54,0,12,0.763,0.631,1.036,0.75,0.694,-0.084,0
12256,62,0,5,0.766,0.595,0.591,1.0,0.38,0.055,0
12257,80,0,8,0.977,0.511,0.876,1.0,0.412,0.331,0
12258,43,0,9,1.01,0.541,0.839,0.0,0.282,0.772,0
12259,50,1,9,0.839,0.647,0.791,0.0,0.063,0.029,0
12260,38,1,6,0.764,0.62,0.845,0.75,0.684,0.032,0
12261,46,1,12,0.721,0.404,0.851,0.5,0.522,-0.07,0
12262,71,0,7,1.033,0.55,0.766,0.75,0.218,0.178,0
12263,58,1,9,0.873,0.599,0.852,0.5,0.354,0.035,0
12264,64,1,5,0.916,0.581,0.487,0.5,0.089,0.163,0
12265,32,1,8,0.969,0.651,0.794,1.0,0.198,0.139,0
12266,43,1,9,0.849,0.56,1.017,0.25,0.53,0.333,0
12267,79,0,8,0.928,0.543,0.563,0.0,0.014,0.224,0
12268,48,0,7,0.719,0.624,0.407,1.0,0.016,-0.015,0
12269,81,0,11,0.953,0.474,0.847,1.0,0.516,0.28,0
12270,60,1,6,0.7,0.596,0.645,0.5,0.272,0.068,0
12271,77,1,10,0.946,0.483,0.939,0.0,0.57,0.245,0
12272,31,0,8,1.091,0.51,0.875,0.5,0.376,0.308,0
12273,44,0,6,0.859,0.676,0.652,0.0,0.111,0.238,0
12274,39,1,3,0.633,0.654,0.694,0.0,0.304,0.153,0
12275,43,1,12,0.7,0.473,0.682,0.0,0.373,-0.087,0
12276,82,1,4,0.69,0.67,0.365,1.0,0.02,-0.221,0
12277,46,0,9,0.737,0.694,0.807,1.0,0.412,0.241,0
12278,59,1,10,0.91,0.635,0.617,0.5,0.3,0.176,0
12279,65,0,12,0.7,0.525,0.912,0.75,0.315,-0.027,1
12280,70,0,4,0.639,0.702,0.815,0.25,0.406,-0.38,0
12281,73,1,11,0.917,0.519,0.626,0.0,0.096,0.186,0
12282,55,1,3,0.936,0.54,0.391,0.0,0.157,0.081,0
12283,76,0,4,0.919,0.468,0.492,0.5,-0.049,0.261,0
12284,67,0,9,0.832,0.52,0.787,0.0,-0.003,0.093,0
12285,52,1,3,0.825,0.701,0.634,0.0,-0.066,0.005,0
12286,52,0,8,0.675,0.599,0.478,0.75,0.298,-0.039,0
12287,34,1,5,0.905,0.49,0.421,0.25,-0.031,0.099,0
12288,46,0,12,1.185,0.514,0.812,0.0,0.19,0.534,0
12289,57,0,12,0.876,0.501,0.823,0.25,0.279,0.216,1
12290,31,1,9,0.931,0.595,0.7,0.0,0.317,0.191,0
12291,70,0,6,0.756,0.7,0.561,0.25,0.037,-0.243,0
12292,46,0,5,0.81,0.497,0.454,0.75,-0.134,0.242,0
12293,52,1,3,0.7,0.608,0.388,0.25,-0.241,-0.069,0
12294,75,0,8,0.935,0.547,0.889,1.0,0.608,0.168,0
12295,57,1,7,0.707,0.52,0.863,0.0,0.229,-0.068,0
12296,83,0,7,0.728,0.679,0.604,0.0,-0.096,0.021,0
12297,64,0,6,0.911,0.544,0.49,0.0,-0.13,0.211,0
12298,43,1,10,0.85,0.608,0.92,0.0,0.578,0.288,0
12299,78,0,6,0.769,0.628,0.575,0.5,-0.125,0.173,0
12300,52,0,7,0.789,0.675,0.7,0.75,0.347,0.225,1
12301,54,1,4,0.853,0.605,0.758,1.0,0.578,0.223,1
12302,79,1,6,0.945,0.612,0.712,0.75,0.279,0.081,0
12303,60,1,11,0.885,0.414,0.934,0.5,0.383,0.006,0
12304,73,0,7,1.061,0.686,0.655,1.0,-0.071,0.428,0
12305,48,1,11,0.912,0.639,0.651,0.75,0.133,-0.143,0
12306,79,1,9,0.848,0.686,0.806,0.25,0.637,0.22,0
12307,50,1,4,0.98,0.509,0.825,0.0,0.522,0.061,1
12308,34,0,8,0.901,0.512,0.71,0.25,0.357,0.277,0
12309,81,1,8,0.934,0.571,0.892,0.75,0.642,0.047,0
12310,55,1,10,1.123,0.453,0.874,1.0,0.498,0.406,0
12311,76,0,10,0.826,0.673,0.818,1.0,0.145,-0.068,0
12312,35,1,9,0.924,0.58,0.818,0.0,-0.033,0.356,0
12313,61,1,10,1.016,0.402,0.946,0.25,0.296,0.298,0
12314,57,1,3,0.921,0.741,0.565,1.0,0.297,-0.174,0
12315,36,1,11,0.958,0.506,1.056,0.0,0.866,0.393,0
12316,77,1,8,0.707,0.648,0.7,1.0,0.108,0.054,1
12317,68,1,7,0.929,0.593,0.887,0.0,0.455,0.035,0
12318,36,0,11,0.739,0.7,1.108,0.25,0.56,0.159,0
12319,80,1,5,0.664,0.586,0.744,0.25,0.165,0.089,0
12320,73,0,12,0.845,0.568,0.748,1.0,0.103,0.283,1
12321,48,1,8,0.7,0.533,0.657,0.0,0.147,-0.12,0
12322,57,0,4,0.973,0.632,0.516,0.25,0.262,0.26,0
12323,71,1,7,0.896,0.68,0.552,0.0,0.311,0.178,0
12324,78,0,8,0.7,0.536,0.922,0.5,0.364,-0.136,1
12325,44,1,6,0.939,0.523,0.515,0.0,0.116,0.256,0
12326,74,0,7,1.119,0.546,0.743,0.0,0.043,0.545,0
12327,50,0,11,0.942,0.513,0.898,0.0,0.696,0.326,0
12328,82,1,12,0.971,0.564,0.683,0.0,0.465,0.041,0
12329,79,1,8,1.088,0.54,0.694,0.25,0.156,0.303,0
12330,30,0,8,0.659,0.616,0.647,0.0,-0.119,0.204,0
12331,72,0,9,0.7,0.625,0.694,0.0,0.268,-0.168,0
12332,65,0,8,0.891,0.567,0.76,0.25,0.196,0.186,0
12333,35,1,7,1.051,0.467,0.872,0.75,0.282,0.209,0
12334,79,0,12,0.845,0.388,0.724,0.75,0.524,-0.147,0
12335,32,1,10,0.876,0.513,0.852,0.5,0.133,0.083,0
12336,47,0,3,0.706,0.466,0.722,0.0,0.312,0.03,0
12337,46,1,10,0.786,0.636,0.986,0.0,0.435,-0.034,0
12338,77,0,12,0.876,0.702,0.625,0.0,-0.012,0.139,1
12339,41,0,9,0.96,0.626,0.883,0.75,0.553,0.259,0
12340,32,1,5,0.648,0.517,0.988,0.75,0.603,-0.137,1
12341,73,0,3,0.807,0.726,0.835,0.0,0.252,0.151,1
12342,81,1,8,0.921,0.526,1.05,1.0,0.499,0.161,1
12343,65,0,9,0.823,0.554,1.043,0.25,0.775,-0.036,1
12344,74,1,11,0.998,0.436,0.671,0.0,0.138,0.375,0
12345,57,1,5,0.749,0.684,0.623,0.75,0.398,-0.189,0
12346,73,0,11,0.998,0.532,0.776,0.75,0.258,0.315,0
12347,77,0,9,1.033,0.573,0.834,1.0,0.232,0.333,0
12348,72,1,4,0.715,0.649,0.853,0.5,0.382,0.142,0
12349,75,0,6,0.846,0.71,0.685,0.0,0.055,0.148,0
12350,78,0,9,1.071,0.533,0.726,0.0,0.026,0.351,1
12351,38,1,4,0.65,0.689,0.781,1.0,0.174,-0.139,0
12352,47,0,4,0.617,0.609,0.636,0.0,-0.282,-0.352,0
12353,72,1,8,0.813,0.562,0.858,0.5,0.748,0.274,0
12354,31,1,3,0.866,0.561,0.468,1.0,0.097,0.263,0
12355,53,1,11,0.715,0.413,1.144,0.5,0.257,-0.269,0
12356,42,0,11,1.039,0.425,1.035,0.0,0.593,0.534,0
12357,75,1,4,0.692,0.611,0.369,0.25,0.128,-0.091,0
12358,33,1,6,0.8,0.679,0.677,0.5,0.238,0.088,0
12359,78,1,12,0.994,0.619,0.996,0.75,0.684,0.179,0
12360,36,0,12,1.003,0.514,1.052,0.0,0.616,0.282,0
12361,76,0,9,1.062,0.448,0.899,1.0,0.342,0.245,1
12362,36,0,9,0.844,0.582,0.825,1.0,0.307,0.233,0
12363,31,0,3,0.85,0.541,0.31,1.0,0.046,0.117,0
12364,77,1,3,0.781,0.711,0.642,0.75,0.171,0.023,1
12365,57,1,10,0.89,0.626,0.916,1.0,0.36,0.226,0
12366,59,1,3,0.904,0.573,0.62,0.0,0.179,-0.075,0
12367,37,0,11,0.836,0.592,0.766,0.25,0.114,0.045,0
12368,81,0,5,0.89,0.714,0.439,0.0,-0.261,0.215,0
12369,52,0,8,0.946,0.406,0.906,0.25,0.428,0.052,0
12370,69,1,4,0.7,0.606,0.948,0.5,0.323,-0.127,0
12371,37,1,6,0.907,0.625,0.504,0.5,-0.196,0.228,0
12372,68,1,11,1.016,0.582,1.049,0.0,0.759,0.172,0
12373,67,1,12,0.929,0.488,0.637,0.25,0.237,0.124,0
12374,34,1,9,0.807,0.63,0.779,0.0,0.227,0.043,0
12375,67,1,11,0.957,0.407,0.994,0.0,0.528,-0.035,0
12376,70,0,8,0.897,0.4,0.694,0.0,0.227,0.051,0
12377,83,1,12,1.003,0.482,0.562,0.0,0.345,0.274,0
12378,47,0,8,0.994,0.443,0.658,0.25,0.314,0.356,0
12379,38,1,9,0.944,0.431,0.615,0.0,0.261,0.322,0
12380,63,0,3,0.936,0.515,0.499,0.0,0.034,0.153,0
12381,80,1,3,0.723,0.585,0.552,0.0,-0.114,0.124,1
12382,38,1,7,0.821,0.572,1.01,0.0,0.31,0.055,1
12383,58,1,8,0.774,0.511,0.995,0.25,0.611,-0.071,0
12384,38,0,6,0.838,0.652,0.446,0.5,0.173,0.126,0
12385,81,1,6,0.866,0.634,0.567,0.5,0.283,0.268,0
12386,67,0,3,0.794,0.668,0.601,0.5,0.059,0.085,0
12387,59,1,3,0.723,0.554,0.176,0.0,-0.524,0.111,0
12388,78,1,8,0.794,0.579,0.509,0.0,-0.139,0.104,0
12389,38,0,12,0.999,0.7,1.004,0.0,0.597,-0.028,0
12390,59,0,6,0.962,0.525,0.569,0.0,-0.07,0.42,0
12391,75,0,9,0.821,0.536,0.655,0.75,0.285,0.05,0
12392,83,1,3,0.7,0.65,0.502,1.0,-0.002,-0.134,0
12393,72,1,7,0.989,0.485,0.922,0.0,0.485,0.422,0
12394,69,1,4,0.795,0.686,0.535,0.75,0.085,0.014,0
12395,71,1,8,0.662,0.591,0.628,0.0,0.224,0.04,0
12396,34,0,7,0.971,0.56,0.797,0.5,0.624,0.166,1
12397,48,1,3,0.901,0.677,0.282,0.5,-0.151,0.033,0
12398,65,0,8,0.922,0.609,1.05,0.0,0.693,0.015,0
12399,65,1,3,0.776,0.536,0.7,0.25,0.533,0.081,0
12400,67,1,3,0.881,0.623,0.462,0.25,0.159,0.003,1
12401,70,1,12,1.066,0.447,0.7,0.0,0.268,0.157,0
12402,36,0,6,0.974,0.588,0.663,0.5,0.311,0.172,0
12403,78,1,9,0.948,0.591,0.934,0.25,0.497,0.052,0
12404,31,0,7,0.981,0.567,1.001,0.25,0.582,0.364,0
12405,81,0,7,0.75,0.676,0.768,0.0,0.153,-0.055,0
12406,56,0,7,0.849,0.497,0.809,0.25,0.19,0.137,0
12407,31,0,5,0.962,0.652,0.515,0.0,-0.067,0.209,0
12408,62,0,11,0.87,0.575,0.848,0.0,0.329,-0.07,0
12409,50,0,11,1.095,0.461,0.959,0.25,0.485,0.623,0
12410,70,1,5,0.724,0.678,0.694,0.0,0.282,-0.171,1
12411,72,1,10,1.103,0.598,0.834,0.25,0.635,0.576,0
12412,70,0,11,0.884,0.645,0.895,0.0,0.579,0.216,1
12413,72,0,9,0.767,0.55,0.921,0.25,0.301,0.034,1
12414,34,0,3,0.98,0.647,0.64,0.5,0.019,0.409,0
12415,33,0,10,0.955,0.601,0.681,1.0,0.456,0.209,1
12416,77,0,8,0.877,0.562,0.717,1.0,0.3,0.102,1
12417,31,0,5,0.93,0.725,0.534,0.0,0.003,0.026,0
12418,40,1,8,0.823,0.673,0.58,0.0,0.146,-0.053,0
12419,38,0,3,0.7,0.681,0.535,0.5,0.118,-0.161,0
12420,67,0,5,0.47,0.598,0.823,1.0,0.123,-0.394,1
12421,65,0,11,0.859,0.527,0.745,1.0,0.266,0.202,0
12422,31,1,4,0.828,0.665,0.526,0.5,-0.387,0.057,0
12423,73,1,6,1.041,0.563,0.725,0.0,0.193,0.534,0
12424,64,0,10,0.967,0.51,0.962,0.0,0.394,0.357,0
12425,38,1,6,0.7,0.566,0.587,0.25,0.284,-0.01,0
12426,46,1,11,0.925,0.52,0.974,0.0,0.512,0.154,0
12427,54,0,4,0.936,0.702,0.848,0.0,0.539,0.207,0
12428,84,1,10,0.958,0.567,0.833,0.5,0.522,0.256,0
12429,57,1,12,1.102,0.587,0.826,0.5,0.418,0.553,0
12430,32,0,12,0.7,0.478,0.873,0.0,0.232,0.029,0
12431,63,1,8,0.852,0.727,0.439,0.25,0.103,-0.091,0
12432,32,0,9,1.126,0.493,1.175,1.0,0.516,0.405,0
12433,74,0,11,0.917,0.525,0.86,0.25,0.372,-0.01,0
12434,30,1,10,0.876,0.536,0.677,0.5,0.465,-0.019,0
12435,60,0,5,0.973,0.564,0.856,0.0,0.46,0.413,1
12436,59,0,6,0.868,0.556,0.822,0.5,0.108,0.171,0
12437,51,0,8,0.922,0.538,0.668,0.0,0.529,0.168,1
12438,57,0,4,0.697,0.448,0.391,0.0,-0.181,-0.254,0
12439,48,0,7,0.816,0.698,0.7,0.0,0.078,0.057,0
12440,42,0,4,0.708,0.606,0.646,0.0,0.099,-0.002,0
12441,38,1,4,0.662,0.468,0.581,0.25,0.148,-0.027,0
12442,40,0,9,1.025,0.497,0.469,0.0,0.158,0.257,0
12443,64,0,3,0.903,0.539,0.579,0.5,0.199,-0.115,0
12444,76,1,11,1.146,0.518,0.873,0.5,0.558,0.304,1
12445,30,0,9,1.098,0.517,0.95,0.25,0.37,0.329,0
12446,65,1,3,0.713,0.58,0.537,0.25,-0.14,0.053,0
12447,38,0,8,0.987,0.6,0.323,0.25,-0.279,0.301,0
12448,36,0,3,0.839,0.655,0.566,0.5,0.078,0.158,0
12449,61,0,9,0.765,0.469,0.488,0.25,-0.167,-0.017,0
12450,76,1,9,0.721,0.575,0.714,0.0,0.399,0.103,1
12451,39,0,8,0.884,0.693,0.815,0.75,0.439,0.322,0
12452,64,1,10,1.061,0.716,0.81,0.0,0.25,0.347,0
12453,35,0,9,0.861,0.618,1.044,0.5,0.3,-0.08,0
12454,46,0,7,0.826,0.618,0.783,0.0,0.281,0.045,0
12455,57,1,11,1.098,0.507,0.867,0.5,0.101,0.204,0
12456,68,0,10,0.896,0.511,0.845,0.75,0.605,0.167,0
12457,79,0,6,0.889,0.513,0.743,0.5,0.203,0.087,0
12458,76,0,6,0.661,0.573,0.659,0.0,0.287,-0.17,0
12459,57,0,5,0.884,0.611,0.524,1.0,0.257,-0.085,0
12460,51,1,10,0.87,0.441,0.913,0.0,0.219,0.138,0
12461,45,0,3,0.7,0.652,0.531,0.0,0.145,-0.14,0
12462,82,0,9,0.995,0.659,0.528,0.75,-0.375,0.294,0
12463,69,0,9,0.885,0.609,0.531,0.0,0.165,0.246,0
12464,64,0,12,1.024,0.489,0.755,1.0,0.274,0.314,0
12465,56,0,12,0.736,0.538,0.681,0.0,0.188,-0.109,0
12466,57,1,5,0.753,0.542,1.152,0.25,0.746,-0.017,1
12467,50,0,12,1.111,0.7,0.813,0.0,0.302,0.261,0
12468,42,0,5,0.817,0.452,0.759,0.0,0.053,0.117,0
12469,72,1,10,1.006,0.527,0.983,0.5,0.586,0.114,0
12470,34,0,4,0.944,0.589,0.993,0.5,0.561,0.282,0
12471,52,0,8,0.993,0.511,0.489,0.0,0.159,0.072,0
12472,41,0,11,0.818,0.57,1.117,0.0,0.611,0.117,0
12473,49,0,11,0.969,0.527,0.777,0.75,0.238,0.267,0
12474,64,0,8,0.771,0.549,0.594,0.0,0.124,0.108,0
12475,37,0,5,0.913,0.509,0.7,0.0,0.38,0.131,0
12476,49,0,10,0.859,0.569,0.406,0.5,-0.091,0.136,0
12477,82,1,8,0.814,0.557,0.665,0.0,0.25,0.019,0
12478,32,1,11,0.688,0.508,0.943,0.5,0.257,0.154,0
12479,81,0,4,0.917,0.68,0.455,0.0,0.3,0.053,0
12480,78,0,10,0.944,0.507,0.867,0.25,0.358,0.443,0
12481,46,1,9,0.871,0.486,0.641,0.25,0.435,0.216,0
12482,75,1,4,0.877,0.481,0.714,0.5,0.246,0.249,0
12483,42,0,12,1.112,0.583,0.953,0.0,0.491,0.295,0
12484,52,0,5,0.893,0.569,0.704,0.0,-0.081,0.088,1
12485,58,1,3,0.9,0.523,0.773,0.0,0.202,0.078,1
12486,37,1,11,0.7,0.455,1.018,0.75,0.318,-0.03,1
12487,80,0,4,0.674,0.648,0.635,0.0,-0.041,-0.061,0
12488,81,1,9,0.984,0.7,0.898,0.75,0.307,0.216,0
12489,71,1,4,0.781,0.578,0.581,0.25,0.12,0.141,1
12490,55,0,11,1.095,0.55,0.802,0.5,0.145,0.233,0
12491,58,1,5,0.95,0.708,0.811,0.0,0.516,0.15,0
12492,69,0,11,0.929,0.497,0.771,0.0,0.213,0.165,1
12493,36,0,10,1.013,0.505,0.932,0.0,0.387,0.18,0
12494,58,1,6,0.774,0.605,0.608,1.0,0.103,-0.008,0
12495,71,0,9,0.7,0.721,1.142,0.25,1.018,-0.0,1
12496,81,0,5,0.992,0.544,0.873,0.0,0.214,0.18,0
12497,42,0,12,0.989,0.552,0.59,0.75,0.114,0.146,0
12498,70,0,10,1.076,0.437,0.694,0.75,0.389,0.276,0
12499,53,1,11,1.079,0.579,0.884,0.0,0.332,0.377,0
12500,63,0,10,0.839,0.586,0.884,0.25,0.415,-0.039,0
12501,83,0,8,0.942,0.516,0.732,0.0,0.032,0.167,0
12502,40,0,9,1.07,0.499,0.652,0.75,-0.085,0.345,0
12503,69,1,11,1.117,0.45,1.286,0.0,0.921,0.417,0
12504,57,1,5,0.981,0.66,0.924,0.0,0.488,0.233,0
12505,48,0,5,0.888,0.635,0.486,0.0,-0.072,0.076,0
12506,44,1,12,1.187,0.565,0.737,0.0,0.357,0.464,0
12507,66,1,9,0.874,0.567,0.674,0.0,0.154,0.225,0
12508,76,1,6,0.812,0.561,0.7,1.0,0.178,0.112,0
12509,63,0,3,0.823,0.593,0.723,0.75,0.27,0.044,0
12510,38,1,12,1.112,0.661,1.085,0.25,0.685,0.219,0
12511,44,0,5,0.883,0.546,0.7,0.25,0.437,0.211,0
12512,32,1,8,0.797,0.659,1.001,0.0,0.928,-0.103,0
12513,68,1,7,0.613,0.56,0.843,0.0,0.515,-0.116,0
12514,73,0,5,0.894,0.752,0.598,0.75,0.333,0.35,0
12515,72,0,7,0.864,0.532,0.53,0.5,0.142,0.077,0
12516,42,1,5,0.706,0.662,0.719,0.0,0.263,0.004,0
12517,78,1,10,0.979,0.602,0.531,0.0,-0.152,0.073,0
12518,66,0,11,0.903,0.591,1.293,0.0,0.811,0.159,0
12519,32,0,5,0.738,0.535,0.418,0.25,-0.064,-0.218,0
12520,35,1,11,1.052,0.507,0.876,0.25,0.278,0.07,0
12521,46,0,12,1.13,0.53,0.92,0.0,0.505,0.578,1
12522,67,0,8,0.815,0.619,0.734,0.0,0.378,-0.208,1
12523,75,0,3,0.753,0.638,0.487,0.5,0.275,-0.181,0
12524,44,1,7,0.817,0.467,0.857,0.0,0.31,0.227,0
12525,70,0,8,1.128,0.475,0.767,0.25,0.43,0.367,1
12526,39,1,12,0.926,0.54,1.005,0.25,0.684,0.086,0
12527,54,0,10,0.7,0.489,0.539,0.0,0.071,-0.099,0
12528,63,0,3,0.76,0.694,0.555,0.0,0.096,0.109,0
12529,48,0,3,1.117,0.709,0.352,0.25,-0.276,0.364,0
12530,36,0,11,0.828,0.591,0.865,0.0,0.485,0.026,0
12531,60,0,5,0.513,0.507,0.923,0.0,0.342,-0.274,0
12532,78,1,10,0.797,0.56,1.012,0.0,0.565,0.314,1
12533,43,1,3,0.785,0.654,0.583,0.0,0.225,0.261,0
12534,61,0,8,1.074,0.605,0.715,0.0,0.325,0.234,0
12535,45,0,12,0.89,0.575,0.739,0.0,0.043,0.213,0
12536,55,1,7,0.7,0.773,0.667,0.0,0.203,-0.299,0
12537,32,1,5,0.823,0.754,0.742,0.0,0.232,0.074,0
12538,32,1,7,0.926,0.512,0.644,0.0,-0.007,-0.065,0
12539,50,1,11,0.864,0.606,0.688,0.0,0.318,0.13,0
12540,57,1,7,0.879,0.658,0.738,0.0,0.253,0.139,0
12541,37,1,12,1.027,0.616,1.028,1.0,0.716,0.201,0
12542,35,0,5,0.875,0.527,0.226,0.75,-0.275,-0.01,0
12543,47,0,6,0.933,0.749,0.509,0.25,-0.038,0.276,0
12544,61,1,4,0.8,0.568,0.78,0.25,0.386,0.322,0
12545,50,1,7,0.826,0.534,0.408,1.0,0.025,0.163,0
12546,83,0,8,0.979,0.516,0.7,0.0,0.35,-0.09,0
12547,69,1,6,0.784,0.563,0.596,0.0,0.054,-0.083,1
12548,33,0,9,1.214,0.631,0.623,0.75,0.022,0.518,0
12549,65,1,10,1.038,0.479,0.825,0.0,0.306,0.362,0
12550,51,0,6,1.075,0.619,0.787,0.5,0.456,0.303,0
12551,43,1,4,0.726,0.644,0.644,1.0,-0.063,0.169,0
12552,79,1,7,0.909,0.515,1.021,0.0,0.399,0.003,1
12553,56,1,3,0.633,0.565,0.676,0.0,0.218,-0.151,0
12554,41,0,7,1.02,0.615,0.516,1.0,0.102,0.22,0
12555,60,0,7,0.869,0.639,0.586,0.25,0.386,-0.024,0
12556,71,1,6,0.93,0.59,0.668,0.0,0.224,0.049,1
12557,62,0,3,0.945,0.639,0.445,0.0,-0.032,0.303,0
12558,41,1,7,0.7,0.646,0.851,0.75,0.307,-0.122,0
12559,64,0,3,0.951,0.727,0.259,0.25,-0.095,0.251,0
12560,42,0,10,0.847,0.544,0.833,0.0,0.206,-0.064,0
12561,71,1,12,1.052,0.501,1.024,0.0,0.683,0.327,0
12562,41,1,4,0.653,0.557,0.652,0.0,0.401,-0.117,0
12563,55,0,9,0.955,0.471,0.753,0.0,0.11,0.089,0
12564,30,1,3,0.679,0.549,0.326,0.0,-0.268,-0.019,0
12565,44,1,3,0.715,0.674,0.638,0.0,0.213,-0.083,0
12566,66,0,4,0.973,0.513,0.53,0.0,-0.201,0.327,0
12567,35,0,5,0.82,0.484,0.7,0.0,0.498,0.145,0
12568,78,0,10,0.849,0.533,0.889,0.0,0.329,0.209,0
12569,53,0,6,0.78,0.684,0.503,0.0,0.292,-0.046,0
12570,75,1,12,0.902,0.654,0.992,0.0,0.696,0.332,0
12571,47,0,10,0.908,0.474,0.815,0.0,0.585,0.423,0
12572,37,0,9,1.033,0.661,0.417,0.0,-0.091,0.318,0
12573,54,1,12,1.194,0.643,0.831,0.5,0.346,0.531,1
12574,55,0,10,1.136,0.58,1.047,0.0,0.436,0.539,0
12575,44,1,10,0.898,0.544,0.773,0.5,0.31,0.339,0
12576,38,0,11,1.0,0.599,0.582,0.0,0.086,0.082,0
12577,50,1,4,0.865,0.768,0.638,0.25,0.237,0.232,0
12578,62,0,7,0.768,0.533,0.7,0.0,0.429,0.068,0
12579,75,1,12,1.066,0.61,0.598,0.25,0.064,0.428,0
12580,48,0,5,0.814,0.651,0.705,0.0,0.226,0.007,0
12581,36,0,7,0.7,0.643,0.648,1.0,0.228,-0.179,0
12582,54,0,6,0.801,0.576,0.671,0.5,0.033,-0.145,0
12583,62,1,12,0.891,0.469,1.015,0.75,0.475,0.297,0
12584,54,1,3,0.763,0.568,0.382,0.0,-0.359,-0.005,0
12585,78,0,3,0.664,0.508,0.631,0.75,0.163,-0.094,0
12586,77,1,3,0.865,0.68,0.408,0.0,-0.131,0.295,0
12587,56,1,6,0.821,0.705,0.511,0.25,-0.097,0.07,0
12588,54,0,4,0.986,0.594,0.65,0.0,-0.105,0.315,0
12589,65,0,4,0.77,0.484,0.621,0.0,0.102,0.084,0
12590,56,0,4,1.054,0.445,0.881,0.0,0.412,0.545,0
12591,73,1,3,0.609,0.673,0.351,0.0,-0.057,-0.068,0
12592,74,1,6,0.781,0.676,0.634,0.5,0.511,0.135,0
12593,41,1,4,1.115,0.57,0.451,1.0,-0.288,0.277,0
12594,40,0,8,0.944,0.574,0.754,0.75,0.224,0.098,0
12595,44,0,10,1.201,0.573,0.391,0.0,-0.012,0.427,0
12596,42,1,11,1.025,0.528,0.837,0.0,0.242,0.38,1
12597,45,0,5,0.941,0.593,0.577,0.0,0.003,0.356,0
12598,44,1,10,0.925,0.7,0.935,0.5,0.492,0.062,0
12599,30,1,12,0.963,0.498,0.856,0.0,0.422,0.066,0
12600,68,1,9,1.073,0.446,0.626,0.0,0.19,0.259,0
12601,71,0,3,0.7,0.572,0.429,0.5,-0.136,-0.029,0
12602,54,1,12,0.829,0.62,0.674,0.5,0.061,0.085,0
12603,66,0,10,1.049,0.627,0.941,0.0,0.468,0.323,0
12604,46,0,3,0.823,0.769,0.394,0.0,-0.106,0.102,0
12605,63,1,11,0.97,0.586,0.854,0.0,0.38,0.263,0
12606,68,0,10,0.895,0.599,1.038,0.75,0.505,-0.032,0
12607,47,0,12,1.057,0.639,0.862,0.0,0.217,0.174,0
12608,49,1,5,0.776,0.636,0.764,0.0,0.138,-0.14,0
12609,68,1,10,0.928,0.464,0.784,0.0,0.053,0.107,1
12610,35,1,5,0.702,0.59,0.531,0.0,-0.096,-0.13,0
12611,56,1,5,0.919,0.522,0.532,0.25,0.326,-0.021,0
12612,70,0,7,0.789,0.57,0.925,0.5,0.376,0.052,1
12613,80,0,5,0.846,0.574,0.698,0.5,-0.002,0.098,1
12614,39,0,5,0.738,0.571,0.703,0.25,0.194,-0.086,0
12615,30,0,3,0.641,0.601,0.61,0.25,0.039,-0.149,0
12616,56,1,11,0.921,0.514,0.878,0.75,0.896,0.133,0
12617,57,1,9,0.882,0.609,0.586,0.75,0.282,-0.138,0
12618,79,0,8,0.813,0.664,0.948,1.0,0.65,0.141,0
12619,73,1,8,1.097,0.528,0.475,0.0,0.129,0.527,0
12620,36,1,11,1.081,0.662,0.739,0.75,0.208,0.251,0
12621,75,0,4,0.683,0.541,0.604,1.0,0.082,0.012,0
12622,53,0,7,0.987,0.462,0.8,1.0,0.463,0.076,0
12623,77,0,6,1.063,0.452,0.396,0.0,-0.268,0.412,0
12624,72,1,3,0.69,0.617,0.465,0.0,-0.274,-0.025,0
12625,73,0,7,0.785,0.52,0.642,1.0,0.301,0.027,0
12626,82,1,12,0.888,0.453,0.924,0.0,0.123,0.18,1
12627,73,1,10,0.921,0.677,0.587,0.25,0.104,0.327,0
12628,81,1,12,1.157,0.549,0.765,0.0,0.106,0.417,1
12629,84,1,7,0.815,0.637,0.689,0.0,0.295,0.172,0
12630,34,1,9,0.921,0.609,0.76,0.75,0.499,0.284,1
12631,84,1,3,0.833,0.764,0.585,0.5,0.047,0.17,1
12632,69,0,8,0.797,0.464,0.773,1.0,0.228,0.015,1
12633,36,1,12,0.958,0.424,0.747,0.25,0.336,0.243,0
12634,34,1,8,1.104,0.601,0.654,0.0,0.076,0.268,1
12635,62,0,11,0.844,0.58,0.611,0.25,-0.038,0.144,0
12636,41,0,8,0.918,0.68,0.909,0.0,0.694,0.155,0
12637,58,1,6,0.729,0.524,0.666,0.0,0.23,-0.015,1
12638,50,1,11,0.994,0.576,1.083,1.0,0.451,0.477,1
12639,30,1,9,1.044,0.493,0.98,0.0,0.434,0.133,1
12640,82,0,8,1.225,0.497,0.897,0.0,0.415,0.485,0
12641,62,0,4,0.48,0.66,0.702,0.0,0.241,-0.389,0
12642,35,1,12,0.92,0.498,0.975,0.5,0.264,0.113,0
12643,63,1,5,0.811,0.474,0.544,0.25,0.222,0.048,0
12644,43,1,4,1.022,0.579,0.344,0.75,-0.344,0.282,0
12645,80,1,3,0.658,0.674,0.153,0.5,-0.617,-0.133,0
12646,51,1,4,0.964,0.521,0.443,0.5,0.149,0.128,0
12647,48,1,10,0.968,0.514,0.819,0.0,0.347,0.394,1
12648,44,1,8,0.61,0.614,0.989,0.25,0.539,-0.144,0
12649,51,1,9,0.987,0.55,0.601,0.25,0.247,-0.002,0
12650,70,0,5,0.895,0.622,0.492,0.0,-0.116,0.159,0
12651,70,0,6,0.77,0.628,0.77,0.25,0.301,0.124,0
12652,68,1,5,0.7,0.576,0.893,0.0,0.263,-0.099,0
12653,43,0,10,1.122,0.577,1.037,0.5,0.552,0.32,0
12654,48,0,4,0.684,0.543,0.58,0.5,-0.17,-0.131,0
12655,78,1,4,0.655,0.62,0.687,0.0,0.099,-0.096,0
12656,64,0,6,0.793,0.623,0.779,0.0,0.536,0.102,0
12657,69,1,5,1.032,0.717,0.51,0.0,0.034,0.316,0
12658,39,1,4,0.74,0.533,0.515,0.25,0.06,0.075,0
12659,80,0,3,0.803,0.709,0.776,0.25,0.462,0.045,0
12660,50,0,4,0.792,0.542,0.585,0.0,-0.115,-0.172,0
12661,74,1,9,0.907,0.622,0.896,0.5,0.67,0.005,0
12662,57,1,3,0.632,0.632,0.585,0.75,0.007,-0.29,0
12663,72,0,9,0.897,0.581,0.648,0.25,0.238,0.027,0
12664,75,0,6,0.855,0.707,0.76,1.0,0.192,0.155,0
12665,63,1,3,0.612,0.661,0.25,0.25,-0.472,-0.244,0
12666,79,1,11,0.908,0.48,1.004,0.0,0.258,0.301,1
12667,84,0,11,0.98,0.586,0.704,0.25,0.336,0.178,0
12668,51,1,4,0.974,0.671,0.429,0.25,0.38,0.201,0
12669,32,0,3,0.717,0.572,0.573,0.5,0.138,-0.106,0
12670,35,0,7,0.747,0.65,0.792,0.25,0.409,0.047,0
12671,42,1,6,0.768,0.602,0.574,0.0,-0.011,-0.082,0
12672,30,1,6,0.789,0.593,0.403,1.0,-0.194,-0.0,0
12673,79,1,12,0.859,0.563,0.663,0.0,0.134,0.006,1
12674,45,0,10,0.973,0.437,1.095,0.0,0.856,0.318,0
12675,59,1,5,0.898,0.699,1.116,0.0,0.407,-0.013,0
12676,76,0,6,0.713,0.71,0.875,0.0,0.173,-0.01,0
12677,61,0,11,1.039,0.629,0.937,0.0,0.652,0.248,0
12678,70,0,8,0.932,0.448,0.777,0.25,0.402,0.21,1
12679,49,0,6,0.81,0.661,0.668,0.0,0.089,-0.005,0
12680,42,0,3,0.991,0.618,0.7,0.5,0.108,0.056,0
12681,63,1,4,0.613,0.63,0.581,0.0,0.169,-0.085,0
12682,30,0,4,0.658,0.557,0.565,0.0,-0.089,-0.071,0
12683,74,1,6,0.864,0.645,0.495,1.0,-0.205,-0.182,0
12684,47,0,9,0.873,0.504,0.915,0.25,0.566,0.289,0
12685,32,1,7,0.826,0.581,0.617,0.25,0.123,0.126,0
12686,72,0,12,0.968,0.7,0.882,1.0,0.562,0.189,0
12687,48,0,3,0.901,0.551,0.216,0.0,-0.416,0.299,0
12688,47,1,12,1.124,0.514,0.896,0.0,0.196,0.299,0
12689,78,0,6,0.843,0.534,0.572,1.0,0.331,0.112,0
12690,84,1,5,0.864,0.451,0.904,0.0,0.624,-0.0,1
12691,34,1,10,0.895,0.402,0.759,0.0,0.148,0.228,1
12692,50,1,9,0.884,0.513,0.561,0.0,0.191,0.29,0
12693,39,0,12,1.063,0.449,1.02,0.0,0.723,0.579,0
12694,48,0,3,0.913,0.594,0.705,0.75,0.375,0.303,0
12695,44,1,11,0.812,0.718,0.799,0.0,0.445,0.115,1
12696,82,0,11,1.003,0.452,0.912,0.0,0.59,0.534,0
12697,36,1,12,1.027,0.504,0.733,0.0,0.141,0.129,0
12698,31,1,8,0.724,0.529,1.094,0.0,0.621,-0.081,0
12699,50,0,3,0.781,0.705,0.761,1.0,0.487,0.102,0
12700,37,0,3,0.944,0.471,0.178,0.0,-0.452,0.174,0
12701,53,0,7,0.878,0.615,0.433,0.0,0.118,0.192,0
12702,77,1,4,0.746,0.628,0.528,0.0,0.112,0.21,0
12703,54,1,6,0.773,0.651,0.575,0.0,0.227,0.069,0
12704,35,0,7,1.099,0.608,0.547,0.0,0.131,0.383,0
12705,40,1,4,0.832,0.541,0.419,0.5,0.041,0.082,0
12706,72,1,5,0.813,0.7,0.436,0.5,-0.106,-0.298,0
12707,57,1,5,0.773,0.615,0.915,0.25,0.401,-0.083,0
12708,60,1,10,0.918,0.621,0.754,0.0,0.388,0.041,0
12709,50,1,8,1.003,0.638,0.724,0.25,-0.02,0.226,0
12710,32,1,11,0.925,0.592,0.956,0.5,0.616,-0.01,0
12711,70,0,6,0.763,0.681,0.7,0.0,0.141,0.079,1
12712,39,1,10,0.808,0.563,0.788,0.0,0.507,-0.163,0
12713,37,1,7,0.644,0.703,0.707,0.75,0.284,-0.095,1
12714,39,0,12,0.958,0.581,1.015,0.0,0.473,0.216,0
12715,42,1,8,0.919,0.584,0.754,1.0,0.257,0.116,0
12716,82,0,10,0.875,0.712,1.149,0.0,0.444,0.237,0
12717,67,0,4,0.772,0.591,0.82,0.0,0.268,0.049,0
12718,73,0,11,1.137,0.576,0.552,0.5,0.045,0.217,0
12719,37,1,11,1.038,0.588,0.745,0.0,0.158,0.318,0
12720,77,0,10,1.037,0.592,1.043,0.0,0.361,0.263,1
12721,32,0,8,0.991,0.431,0.741,0.0,0.4,0.232,0
12722,61,0,11,0.83,0.607,0.843,0.25,0.395,-0.058,0
12723,31,1,11,0.988,0.569,1.061,1.0,0.677,0.114,0
12724,54,0,3,0.876,0.533,0.571,0.0,0.112,0.048,0
12725,40,1,4,0.809,0.493,0.706,0.0,0.228,0.314,0
12726,58,0,11,0.7,0.547,0.772,0.25,0.127,0.0,0
12727,57,0,6,0.8,0.581,0.856,0.0,0.133,0.09,0
12728,51,1,9,0.912,0.651,0.749,0.0,0.348,0.188,1
12729,32,0,4,0.847,0.631,0.503,0.0,0.183,0.271,0
12730,65,1,10,0.748,0.631,0.969,0.0,0.269,-0.097,1
12731,47,0,4,0.761,0.548,0.755,1.0,0.1,-0.207,0
12732,52,0,5,0.7,0.646,0.845,0.0,0.442,-0.172,0
12733,73,1,9,0.826,0.635,0.42,0.0,-0.001,0.084,0
12734,33,1,10,0.745,0.569,0.975,0.0,0.538,-0.116,0
12735,30,1,4,0.993,0.503,0.653,0.25,0.106,0.463,0
12736,35,1,8,0.827,0.489,0.706,0.0,0.333,-0.046,0
12737,80,0,7,0.832,0.7,0.561,0.5,-0.139,0.107,0
12738,32,1,7,0.744,0.625,0.462,0.0,-0.222,0.175,0
12739,49,1,3,0.87,0.536,0.564,0.5,0.024,0.099,0
12740,59,1,9,0.931,0.546,0.58,0.0,0.388,0.231,0
12741,50,1,7,0.836,0.466,0.727,0.0,0.428,0.041,0
12742,53,1,4,0.827,0.66,0.537,0.25,-0.138,0.163,0
12743,79,1,12,1.1,0.506,0.942,0.0,0.692,0.301,0
12744,32,1,10,0.955,0.453,0.842,0.0,0.4,0.255,0
12745,30,1,12,0.796,0.62,1.023,0.0,0.466,0.002,0
12746,80,0,9,1.13,0.63,0.68,0.0,-0.02,0.488,1
12747,67,1,12,0.744,0.578,1.017,0.25,0.584,0.05,0
12748,39,1,12,0.941,0.454,0.892,0.0,0.387,0.201,0
12749,77,0,7,0.913,0.499,0.948,0.0,0.452,0.342,1
12750,79,1,12,1.053,0.446,0.981,0.25,0.57,0.262,1
12751,35,0,6,0.846,0.585,0.63,0.0,0.13,0.023,0
12752,50,0,3,0.79,0.633,0.56,0.0,0.246,-0.047,0
12753,61,0,9,0.864,0.674,0.636,0.0,0.223,0.056,0
12754,36,1,12,1.071,0.696,0.814,0.5,0.238,0.363,0
12755,56,1,4,0.799,0.628,0.838,0.25,0.591,0.085,0
12756,73,0,10,0.961,0.539,1.1,0.5,0.805,0.17,0
12757,51,0,9,0.694,0.568,0.842,0.5,0.338,-0.089,1
12758,62,1,4,0.557,0.7,0.445,0.0,0.149,-0.291,0
12759,83,1,5,0.789,0.583,0.592,0.0,0.007,-0.155,1
12760,73,0,10,1.033,0.438,0.935,0.75,0.395,0.257,0
12761,78,1,10,1.099,0.433,1.077,0.0,0.77,0.321,1
12762,82,0,8,0.706,0.666,0.478,0.0,0.108,-0.233,0
12763,70,1,5,0.747,0.493,0.379,0.0,0.027,-0.127,0
12764,61,0,4,0.817,0.604,0.921,0.75,0.366,0.168,0
12765,42,1,8,0.851,0.535,0.797,0.0,0.472,0.222,0
12766,51,1,5,0.889,0.463,0.807,0.25,0.682,0.113,0
12767,67,0,3,0.737,0.392,0.492,0.0,-0.216,0.138,0
12768,64,0,7,0.838,0.595,0.658,0.0,0.335,0.217,1
12769,74,0,9,0.899,0.587,0.557,0.0,0.208,0.176,0
12770,76,1,5,0.856,0.512,0.695,0.25,-0.012,-0.163,0
12771,82,1,7,0.7,0.634,0.882,0.0,0.546,-0.094,0
12772,78,0,8,0.853,0.559,0.97,0.5,0.751,-0.093,0
12773,79,1,3,0.479,0.695,0.249,0.75,-0.266,-0.336,0
12774,52,1,7,0.861,0.466,0.646,0.0,-0.227,0.12,0
12775,81,0,11,1.019,0.512,1.121,0.0,1.068,0.321,0
12776,82,1,5,0.818,0.507,0.768,0.0,-0.013,0.245,0
12777,84,0,7,0.979,0.66,0.88,0.0,0.515,0.165,0
12778,43,0,9,0.991,0.539,0.935,1.0,0.427,0.21,0
12779,33,0,11,0.902,0.739,0.7,0.25,0.136,0.371,1
12780,68,1,4,0.799,0.55,0.523,0.0,0.087,0.028,0
12781,56,0,5,0.967,0.699,0.466,0.0,-0.088,0.305,0
12782,73,0,11,0.789,0.551,0.974,0.25,0.832,0.15,0
12783,60,0,5,0.749,0.5,0.655,0.0,0.112,0.064,0
12784,54,0,5,0.939,0.607,0.466,0.0,0.321,-0.005,0
12785,47,0,8,0.7,0.574,0.95,0.0,0.383,-0.108,0
12786,59,1,12,1.167,0.541,1.214,0.0,0.439,0.483,0
12787,76,1,12,1.025,0.496,1.029,0.5,0.573,0.432,1
12788,40,0,9,0.727,0.483,1.119,0.0,0.455,0.154,0
12789,41,1,4,0.854,0.622,0.776,0.25,0.25,0.178,0
12790,58,1,10,0.908,0.612,0.705,0.0,0.19,0.218,1
12791,36,0,7,0.755,0.597,0.786,0.75,0.385,0.146,0
12792,52,1,9,1.08,0.535,0.856,0.0,0.424,0.38,0
12793,34,1,5,0.878,0.601,1.012,0.0,0.669,0.178,0
12794,60,1,12,1.045,0.579,0.715,0.0,0.589,0.288,0
12795,32,0,9,0.966,0.457,0.845,0.0,0.025,0.293,0
12796,63,0,9,1.164,0.571,0.831,1.0,0.52,0.285,0
12797,62,1,4,0.939,0.665,0.688,0.5,0.267,0.023,0
12798,58,1,3,0.666,0.667,0.733,0.0,0.168,-0.078,1
12799,51,1,8,0.837,0.654,0.946,0.0,0.462,0.1,0
12800,71,0,8,0.953,0.606,0.445,0.0,0.036,0.355,0
12801,36,0,5,1.062,0.488,0.557,0.0,0.278,0.397,0
12802,59,0,9,0.931,0.479,0.805,0.0,0.226,0.231,1
12803,80,0,5,0.741,0.664,0.592,0.75,0.114,0.001,0
12804,62,0,9,0.742,0.729,0.871,0.5,0.475,0.078,0
12805,72,1,9,0.776,0.491,0.52,0.75,-0.258,0.131,0
12806,81,1,9,0.933,0.673,1.066,0.75,0.776,0.233,1
12807,78,1,7,1.026,0.472,0.783,1.0,0.284,0.262,0
12808,77,1,4,0.84,0.636,0.626,0.0,0.017,0.002,0
12809,59,0,5,0.765,0.674,0.651,0.0,0.074,-0.067,0
12810,80,0,3,0.69,0.501,0.658,0.5,0.211,-0.158,0
12811,78,1,9,0.886,0.566,0.815,0.75,0.69,0.186,1
12812,43,1,5,0.915,0.598,0.782,0.0,0.336,0.113,0
12813,66,0,6,0.67,0.598,0.883,0.25,0.401,-0.189,0
12814,59,1,12,0.991,0.578,0.895,0.75,0.598,0.204,1
12815,35,1,7,0.987,0.645,0.585,1.0,0.085,0.249,0
12816,50,1,6,0.866,0.532,0.589,0.0,0.14,0.066,0
12817,73,0,6,0.745,0.538,0.7,0.75,0.228,0.063,1
12818,55,1,6,0.635,0.665,0.411,1.0,-0.11,-0.224,0
12819,60,0,8,0.97,0.546,0.702,0.0,-0.041,0.191,0
12820,70,0,3,0.769,0.398,0.666,0.5,0.121,0.005,0
12821,80,0,9,0.797,0.594,0.972,0.0,0.463,0.08,0
12822,75,1,10,1.02,0.599,0.874,0.25,0.629,0.337,0
12823,60,1,6,0.767,0.651,0.7,0.0,-0.27,-0.187,1
12824,74,0,3,0.771,0.646,0.662,0.5,0.023,-0.054,0
12825,70,0,11,0.99,0.589,0.566,0.75,-0.04,0.286,0
12826,75,0,3,0.817,0.601,0.43,0.5,-0.013,0.117,0
12827,56,1,10,0.9,0.413,0.898,0.0,0.419,0.293,1
12828,72,0,12,0.902,0.594,1.027,0.75,0.414,0.087,1
12829,69,1,6,1.013,0.447,0.819,0.0,0.491,0.297,0
12830,72,1,4,0.847,0.592,0.758,0.0,0.095,0.001,0
12831,66,0,6,0.544,0.486,0.681,0.5,0.276,-0.201,0
12832,60,0,6,0.972,0.529,0.467,0.0,0.223,0.03,0
12833,45,1,12,1.089,0.595,1.002,0.5,0.534,0.521,0
12834,33,1,10,1.014,0.507,0.923,1.0,0.56,0.377,1
12835,61,0,4,1.007,0.598,0.959,0.25,0.526,0.186,1
12836,46,0,5,0.7,0.716,0.817,0.25,0.285,-0.211,0
12837,37,0,7,0.774,0.575,0.7,0.25,0.227,0.291,0
12838,66,1,11,0.854,0.522,0.889,1.0,0.478,0.005,0
12839,35,1,10,0.943,0.488,0.913,0.0,0.372,0.105,1
12840,40,0,10,0.811,0.517,0.886,0.0,0.559,-0.081,0
12841,50,0,12,1.032,0.439,0.966,1.0,0.538,0.087,0
12842,33,1,9,0.807,0.68,0.7,0.5,0.149,0.175,0
12843,47,1,3,0.776,0.542,0.36,0.75,-0.013,-0.102,0
12844,52,1,3,0.843,0.504,0.372,0.25,0.198,0.11,0
12845,45,1,8,0.822,0.604,0.545,0.5,0.018,0.098,0
12846,45,0,11,1.11,0.519,0.955,0.0,0.489,0.313,0
12847,61,0,7,0.855,0.7,1.112,0.25,0.795,-0.078,0
12848,61,0,6,0.921,0.523,0.658,0.0,0.267,0.006,0
12849,46,1,12,0.816,0.573,0.858,0.5,0.463,0.164,0
12850,45,1,3,0.724,0.639,0.535,0.0,0.086,-0.109,0
12851,78,0,5,0.96,0.818,0.592,0.25,-0.023,0.215,0
12852,65,1,8,0.898,0.518,0.889,0.0,0.415,0.194,1
12853,40,1,9,0.7,0.462,1.064,0.25,0.881,0.039,0
12854,50,1,5,0.7,0.675,0.764,0.25,0.364,-0.289,0
12855,69,1,3,0.661,0.686,0.629,0.0,0.255,0.021,0
12856,49,1,11,0.906,0.53,0.944,0.25,0.556,0.027,0
12857,80,1,7,0.91,0.531,0.549,0.25,0.15,0.152,0
12858,41,0,9,0.903,0.541,0.69,0.0,0.301,0.203,0
12859,38,0,8,0.736,0.681,0.79,1.0,-0.106,0.132,0
12860,50,1,6,0.905,0.555,0.928,0.0,0.538,0.294,0
12861,56,0,4,0.867,0.65,0.566,1.0,-0.482,-0.13,0
12862,59,0,7,0.7,0.622,0.749,1.0,0.354,-0.156,0
12863,75,1,9,0.929,0.567,1.118,0.75,0.772,0.139,0
12864,47,0,4,0.718,0.671,0.679,0.25,0.155,0.011,0
12865,31,1,11,0.965,0.529,0.914,0.0,0.141,0.097,0
12866,36,1,5,0.915,0.571,0.56,0.75,0.059,0.253,0
12867,35,1,10,0.946,0.579,0.858,0.25,0.624,0.029,0
12868,73,1,11,1.141,0.486,0.892,0.0,0.65,0.168,0
12869,55,1,10,1.061,0.654,0.762,0.0,0.379,-0.127,1
12870,39,0,7,0.757,0.602,0.425,0.25,0.079,0.094,0
12871,47,1,3,0.788,0.709,0.646,0.75,0.326,0.031,0
12872,84,1,4,0.526,0.492,0.714,0.0,0.192,-0.212,1
12873,36,1,12,1.01,0.601,0.946,0.0,0.375,0.253,0
12874,40,0,6,0.747,0.501,0.88,0.0,0.158,0.047,0
12875,66,1,8,0.923,0.599,0.926,0.0,0.45,0.31,0
12876,38,0,3,0.663,0.54,0.437,0.75,0.047,-0.252,0
12877,77,0,8,0.814,0.626,0.938,0.0,0.714,-0.027,0
12878,73,1,12,1.048,0.513,0.756,0.0,0.55,0.393,0
12879,70,0,6,0.838,0.621,0.785,1.0,0.345,-0.068,0
12880,33,1,7,1.101,0.726,0.586,0.25,0.428,0.239,0
12881,65,0,10,0.962,0.513,0.939,0.0,0.611,0.298,1
12882,81,0,5,1.188,0.671,0.515,0.75,-0.041,0.478,0
12883,45,0,10,0.904,0.525,0.78,0.25,0.413,-0.024,0
12884,79,0,5,0.695,0.566,0.73,0.75,0.037,-0.063,0
12885,53,1,7,0.839,0.563,0.637,0.0,-0.063,-0.054,0
12886,66,1,9,1.088,0.588,0.963,0.5,0.426,0.209,0
12887,71,1,6,0.999,0.584,0.616,0.25,0.028,0.153,1
12888,77,1,4,0.538,0.536,0.559,0.0,0.173,-0.198,0
12889,44,1,7,1.011,0.476,0.548,0.0,0.183,0.191,0
12890,31,0,8,0.886,0.59,0.878,0.5,0.35,0.165,0
12891,71,1,3,0.7,0.672,0.695,0.5,-0.005,-0.171,1
12892,56,0,12,1.159,0.482,0.789,0.0,0.392,0.321,0
12893,52,0,9,0.847,0.611,0.663,0.75,0.547,0.14,0
12894,37,0,7,0.744,0.564,0.479,0.0,-0.236,-0.075,0
12895,84,1,5,0.855,0.722,0.306,0.0,-0.209,0.24,0
12896,42,0,11,0.922,0.591,0.774,0.0,0.074,0.285,0
12897,30,0,4,0.832,0.554,0.481,0.75,-0.147,-0.094,0
12898,72,1,4,0.919,0.748,0.314,0.0,0.067,0.226,0
12899,55,1,11,1.067,0.533,0.806,0.0,0.209,0.471,0
12900,66,1,12,0.948,0.484,0.91,0.5,0.335,0.168,0
12901,37,1,11,1.129,0.583,0.82,1.0,0.301,0.46,1
12902,47,0,4,0.761,0.646,0.665,0.0,0.049,-0.053,0
12903,37,0,7,0.885,0.777,0.81,0.5,-0.0,-0.031,0
12904,42,1,10,1.003,0.503,1.0,0.5,0.571,0.018,1
12905,35,1,3,0.858,0.559,0.703,0.0,0.178,0.014,0
12906,44,1,8,0.803,0.519,0.545,0.0,-0.159,0.21,0
12907,35,1,10,0.7,0.6,0.565,0.5,0.059,0.004,0
12908,60,1,5,1.075,0.566,0.782,0.0,0.397,0.049,1
12909,76,1,9,0.761,0.643,0.985,0.0,0.528,0.056,0
12910,31,0,6,0.761,0.597,0.105,0.5,-0.335,-0.089,0
12911,31,0,5,0.716,0.508,0.501,0.0,-0.004,-0.066,0
12912,31,1,7,0.772,0.52,0.6,1.0,0.192,-0.112,0
12913,46,1,7,0.879,0.664,0.628,0.0,0.167,0.116,0
12914,38,0,4,0.979,0.724,0.508,0.0,0.156,0.128,0
12915,32,1,11,0.97,0.556,0.95,0.0,0.274,0.197,0
12916,70,0,8,0.819,0.753,0.895,0.25,0.45,0.214,0
12917,40,1,11,0.884,0.438,1.187,0.0,0.381,0.253,0
12918,44,0,5,0.75,0.512,0.588,0.5,0.23,0.025,0
12919,76,1,5,0.859,0.638,0.758,0.0,0.27,0.084,1
12920,61,0,5,0.905,0.745,0.703,0.0,0.072,0.061,0
12921,71,1,4,0.882,0.557,0.487,0.25,0.242,-0.179,0
12922,35,1,6,0.65,0.62,0.646,1.0,-0.054,-0.148,0
12923,54,0,12,1.112,0.532,0.802,0.25,0.396,0.642,1
12924,58,0,7,0.823,0.702,0.641,1.0,0.352,-0.258,0
12925,51,1,4,0.7,0.59,0.484,0.5,-0.111,-0.05,0
12926,71,0,12,1.032,0.633,1.017,0.75,0.253,0.288,0
12927,53,0,12,1.076,0.539,0.432,0.0,-0.074,0.433,0
12928,61,1,4,0.899,0.699,0.734,0.0,0.034,0.323,0
12929,82,0,12,1.206,0.517,1.256,0.5,1.025,0.542,1
12930,58,0,12,1.072,0.412,0.768,1.0,0.162,0.151,0
12931,58,1,4,0.669,0.54,0.681,1.0,0.146,-0.006,0
12932,64,0,9,0.757,0.582,0.706,0.75,0.17,0.121,0
12933,81,1,7,0.849,0.549,0.744,0.0,0.447,0.107,1
12934,42,1,8,0.795,0.575,0.822,0.0,0.462,0.018,0
12935,45,0,7,0.7,0.63,0.556,1.0,0.161,0.051,0
12936,84,1,10,1.088,0.694,0.993,0.75,0.738,0.279,1
12937,36,1,9,0.602,0.574,0.772,0.0,0.366,0.024,1
12938,45,1,5,0.695,0.605,0.726,0.0,0.27,-0.113,0
12939,50,0,4,0.849,0.666,0.621,0.0,0.111,0.149,0
12940,61,0,4,0.793,0.672,0.665,0.0,0.159,0.033,0
12941,69,0,4,0.712,0.635,0.333,0.0,-0.146,-0.172,0
12942,32,1,10,0.922,0.546,0.836,0.5,0.553,0.132,0
12943,61,1,4,0.906,0.531,0.578,0.0,0.177,0.035,0
12944,37,1,3,0.815,0.627,0.448,1.0,-0.183,0.013,0
12945,38,1,7,0.794,0.683,0.732,0.0,0.26,0.004,1
12946,52,0,4,0.688,0.736,0.7,0.25,0.261,0.146,0
12947,55,1,4,0.937,0.68,0.555,0.0,0.336,0.339,0
12948,72,1,6,0.774,0.591,0.498,0.25,0.067,0.004,0
12949,81,1,6,0.774,0.608,0.7,0.25,0.0,-0.1,1
12950,72,0,4,0.793,0.507,0.661,0.0,0.039,0.048,0
12951,30,0,12,1.036,0.504,0.821,0.5,0.494,0.394,0
12952,33,0,8,0.827,0.47,0.897,0.5,0.148,0.097,0
12953,69,0,12,0.879,0.42,0.976,0.0,0.616,0.221,0
12954,45,1,11,0.865,0.494,0.653,0.0,0.119,0.418,0
12955,64,0,11,1.019,0.479,0.818,0.25,0.344,0.389,1
12956,45,1,8,0.792,0.649,0.64,0.0,0.212,-0.052,0
12957,52,0,6,0.917,0.627,0.594,0.0,-0.017,0.095,0
12958,47,1,6,0.748,0.652,0.599,0.0,0.077,0.177,0
12959,77,1,8,0.76,0.662,0.72,0.25,0.205,-0.006,0
12960,36,1,6,0.661,0.512,0.726,0.5,0.056,-0.181,0
12961,52,1,11,0.875,0.619,0.573,1.0,0.175,0.224,0
12962,30,1,11,1.02,0.461,0.811,0.5,0.482,0.205,0
12963,54,1,10,0.875,0.552,0.773,0.0,0.321,0.167,1
12964,45,0,12,1.086,0.556,1.069,0.5,0.489,0.343,0
12965,37,1,9,0.695,0.607,0.673,0.0,0.209,-0.153,1
12966,77,0,12,0.948,0.557,0.7,0.5,0.285,0.265,1
12967,51,0,3,0.79,0.54,0.703,0.5,0.191,0.087,1
12968,55,0,11,0.84,0.639,0.828,0.0,0.601,0.093,0
12969,75,0,9,0.843,0.684,0.574,0.0,-0.077,-0.013,0
12970,45,0,5,0.719,0.544,0.459,0.0,0.134,0.084,0
12971,82,1,6,1.136,0.63,0.58,0.0,0.173,0.564,1
12972,77,0,12,0.796,0.452,1.262,0.25,0.891,0.063,0
12973,78,1,11,0.83,0.437,0.729,0.0,0.176,0.175,0
12974,65,1,11,0.926,0.615,1.042,0.25,0.522,0.234,0
12975,34,0,10,0.77,0.575,0.699,0.5,0.169,0.208,0
12976,82,1,6,0.928,0.587,0.678,0.25,0.324,0.369,1
12977,45,0,7,0.8,0.555,0.696,0.0,-0.004,0.255,0
12978,58,0,5,0.593,0.548,0.759,0.25,0.372,-0.251,0
12979,32,0,9,1.12,0.589,0.73,0.0,0.09,0.169,0
12980,44,1,3,0.701,0.671,0.77,0.0,0.181,-0.163,0
12981,79,0,6,0.849,0.525,0.573,0.25,0.124,0.043,0
12982,72,1,5,0.7,0.75,0.72,0.25,0.323,-0.096,0
12983,45,0,9,0.868,0.507,0.91,1.0,0.225,0.137,0
12984,47,0,3,0.585,0.539,0.606,0.0,0.056,-0.27,0
12985,62,0,9,0.7,0.693,0.672,0.0,0.057,-0.05,1
12986,49,1,6,0.939,0.459,0.464,0.25,-0.03,0.096,0
12987,61,1,9,0.713,0.469,0.69,0.25,-0.024,-0.097,0
12988,46,1,8,0.963,0.55,0.702,0.0,0.279,0.386,0
12989,69,1,7,0.944,0.47,0.752,0.0,0.297,0.237,0
12990,33,0,9,0.846,0.552,0.678,0.0,0.375,0.122,0
12991,32,1,7,0.684,0.658,0.603,0.75,0.072,0.117,0
12992,63,1,12,1.011,0.597,0.925,0.0,0.227,0.345,0
12993,41,1,5,0.733,0.639,0.716,0.0,0.046,-0.241,0
12994,59,1,6,0.931,0.551,0.7,1.0,0.345,0.305,0
12995,77,0,11,1.159,0.482,1.056,0.0,0.839,0.329,0
12996,47,0,3,0.952,0.751,0.466,0.0,0.204,0.23,0
12997,52,1,5,0.764,0.436,0.725,1.0,0.041,0.01,0
12998,82,1,11,0.929,0.446,0.958,0.0,0.699,0.315,0
12999,84,1,11,0.993,0.53,1.156,0.0,0.705,0.068,0
13000,54,1,5,0.821,0.558,0.475,0.0,0.019,0.016,0
13001,45,0,10,0.985,0.676,0.802,0.5,0.358,0.389,0
13002,45,1,7,0.852,0.494,0.813,0.0,0.18,0.066,0
13003,37,0,7,0.734,0.537,0.57,0.0,0.169,0.254,0
13004,37,1,5,0.807,0.653,0.542,0.25,0.03,0.143,0
13005,81,1,5,0.549,0.581,0.613,0.0,0.018,-0.131,0
13006,80,1,10,0.909,0.555,0.549,0.0,0.214,0.19,0
13007,44,1,12,0.858,0.573,0.7,0.0,0.29,0.264,1
13008,62,0,6,0.662,0.492,0.886,1.0,0.407,-0.087,0
13009,84,1,3,0.7,0.578,0.256,0.0,-0.283,-0.236,0
13010,60,0,6,1.069,0.464,0.748,0.0,0.574,0.518,0
13011,33,1,3,0.682,0.7,0.271,0.25,-0.094,-0.006,0
13012,72,0,7,0.7,0.458,0.833,0.0,0.435,-0.187,0
13013,84,1,11,0.956,0.527,0.939,0.0,0.508,0.195,1
13014,33,0,6,1.111,0.495,0.357,0.0,0.046,0.29,0
13015,58,0,7,0.86,0.471,0.649,0.25,0.073,0.252,0
13016,56,0,3,0.742,0.725,0.634,0.25,0.031,0.104,0
13017,68,1,4,0.715,0.693,0.214,0.0,-0.414,-0.126,1
13018,79,0,12,0.996,0.489,0.895,0.0,0.386,0.273,0
13019,63,1,11,1.073,0.657,1.131,0.0,0.928,0.278,0
13020,30,0,6,0.932,0.565,0.641,0.5,0.348,0.163,0
13021,81,1,4,0.808,0.586,0.446,0.0,0.112,-0.132,0
13022,60,1,7,0.794,0.648,0.797,0.5,0.497,-0.053,0
13023,84,1,11,1.062,0.7,1.181,0.0,0.817,0.056,1
13024,55,0,3,0.799,0.669,0.315,0.0,-0.226,0.013,0
13025,37,1,9,0.926,0.549,0.7,0.5,0.2,0.187,0
13026,63,0,12,0.939,0.729,1.089,0.0,0.327,0.217,0
13027,53,0,9,0.795,0.696,0.978,0.25,0.656,-0.261,0
13028,60,1,3,0.555,0.695,0.013,0.0,-0.44,-0.057,0
13029,79,1,12,1.127,0.53,0.98,0.0,0.6,0.478,0
13030,36,0,10,0.721,0.703,0.903,0.25,0.577,-0.012,0
13031,70,0,5,0.648,0.591,0.757,0.0,0.335,-0.085,0
13032,80,0,10,0.866,0.429,1.077,0.0,0.86,0.065,1
13033,38,0,11,0.839,0.558,0.624,0.0,0.163,0.089,0
13034,84,1,8,0.747,0.548,0.866,0.0,0.507,0.121,0
13035,38,0,5,0.707,0.58,0.312,0.0,-0.042,-0.078,0
13036,39,1,8,0.871,0.516,0.739,0.0,0.419,0.125,0
13037,33,1,3,0.737,0.7,0.646,1.0,0.171,0.016,0
13038,59,1,8,0.501,0.466,0.72,1.0,0.39,-0.225,0
13039,47,0,7,0.86,0.627,0.856,0.0,0.156,0.106,1
13040,42,0,8,0.85,0.693,1.125,0.25,0.92,0.279,0
13041,44,1,12,1.068,0.555,0.832,0.5,0.386,0.298,0
13042,34,0,6,0.747,0.684,0.674,0.0,0.093,0.069,0
13043,58,1,4,0.84,0.671,0.693,0.75,0.275,-0.076,1
13044,56,1,3,0.629,0.595,0.619,1.0,0.14,-0.324,0
13045,80,1,9,0.86,0.526,0.664,0.5,0.092,0.16,1
13046,45,1,12,1.033,0.612,1.208,0.0,0.508,0.353,0
13047,83,0,4,0.626,0.59,0.905,0.5,0.303,-0.112,1
13048,57,0,11,1.001,0.554,0.635,0.0,0.184,0.248,0
13049,64,0,7,0.948,0.44,0.608,0.5,0.093,0.192,0
13050,68,1,10,1.029,0.677,0.77,0.25,0.603,0.225,0
13051,84,0,8,0.875,0.625,0.683,0.0,0.084,0.188,1
13052,44,1,4,0.736,0.627,0.514,0.5,0.056,-0.037,0
13053,62,0,8,0.691,0.704,1.098,0.5,0.847,0.104,0
13054,40,1,8,0.78,0.537,0.575,0.0,0.169,-0.117,0
13055,70,0,4,0.757,0.563,0.727,0.0,0.046,-0.001,0
13056,35,1,10,0.873,0.524,0.939,0.75,0.302,0.063,0
13057,54,1,6,0.69,0.755,0.7,0.0,0.494,0.052,0
13058,41,1,3,0.774,0.648,0.394,0.5,-0.056,0.169,0
13059,43,1,11,0.969,0.643,0.997,0.25,0.636,0.265,0
13060,52,0,6,0.864,0.697,0.614,0.75,0.223,0.247,0
13061,69,0,8,0.756,0.683,0.698,0.75,0.233,-0.068,0
13062,48,0,7,0.568,0.597,0.607,1.0,0.584,-0.055,0
13063,46,1,12,0.918,0.569,0.885,0.5,0.201,0.151,0
13064,70,1,3,0.968,0.665,0.637,0.25,0.165,0.25,0
13065,59,0,12,1.18,0.495,1.03,0.0,0.363,0.369,0
13066,32,1,11,0.971,0.57,1.111,0.25,0.661,0.277,0
13067,53,0,11,0.866,0.569,1.215,0.75,0.567,0.093,0
13068,39,1,12,1.05,0.559,0.823,0.25,0.513,0.422,0
13069,37,0,6,0.798,0.59,0.895,1.0,0.351,0.039,1
13070,72,1,5,0.986,0.633,0.901,0.0,0.607,0.221,1
13071,57,1,11,0.967,0.625,1.149,1.0,1.144,0.166,1
13072,69,0,11,0.7,0.567,1.086,1.0,0.81,-0.026,0
13073,38,1,12,1.238,0.578,0.774,0.0,0.281,0.539,0
13074,47,1,6,0.984,0.547,0.7,0.0,0.286,0.318,0
13075,42,0,3,0.977,0.594,0.642,0.25,0.152,0.385,0
13076,36,0,5,0.725,0.648,0.517,0.25,-0.037,-0.133,0
13077,65,0,3,0.47,0.66,0.517,0.0,-0.193,-0.459,0
13078,66,1,7,0.787,0.574,0.622,0.25,0.223,-0.113,0
13079,82,1,12,1.034,0.59,1.166,0.5,0.763,0.202,1
13080,54,1,12,1.154,0.536,0.873,0.0,0.596,0.392,0
13081,55,1,8,0.857,0.741,0.977,1.0,0.5,0.123,1
13082,73,0,9,0.777,0.587,1.215,0.0,0.614,0.2,0
13083,43,1,4,0.874,0.565,0.711,0.0,0.352,0.159,0
13084,67,1,6,0.921,0.611,0.891,0.0,0.485,0.027,0
13085,66,1,6,0.7,0.626,0.789,0.5,0.637,-0.03,0
13086,81,1,3,0.886,0.58,0.803,0.0,0.183,0.224,1
13087,48,1,9,0.971,0.655,1.163,0.0,0.781,0.279,0
13088,48,1,4,0.961,0.668,0.507,0.25,-0.073,0.118,0
13089,63,1,12,1.044,0.642,0.758,0.0,0.636,0.289,0
13090,43,1,11,0.7,0.623,0.931,0.75,0.498,-0.162,0
13091,50,1,7,0.779,0.637,0.771,0.0,-0.047,0.154,0
13092,52,1,4,0.852,0.616,0.283,0.25,-0.177,0.001,0
13093,62,1,11,0.88,0.573,0.919,0.0,0.489,-0.041,0
13094,45,0,5,0.846,0.634,0.601,1.0,-0.013,-0.093,0
13095,40,1,6,0.958,0.641,0.689,0.0,0.447,0.353,1
13096,58,0,3,0.694,0.689,0.667,0.0,-0.16,-0.211,0
13097,52,1,9,1.066,0.513,0.77,0.25,0.506,0.485,0
13098,81,1,10,1.063,0.706,0.973,1.0,0.264,0.279,1
13099,63,0,8,0.984,0.593,0.664,0.5,0.102,0.514,0
13100,49,1,9,0.789,0.568,0.688,0.0,0.24,0.111,1
13101,49,0,10,0.715,0.542,0.539,0.0,0.093,0.015,0
13102,41,0,7,1.1,0.628,0.839,0.0,0.381,0.263,0
13103,69,1,6,0.976,0.399,0.742,1.0,0.363,0.334,0
13104,64,0,7,1.014,0.558,0.788,0.0,0.191,0.284,1
13105,77,0,12,0.838,0.509,0.882,0.25,0.457,0.015,0
13106,45,0,9,0.794,0.487,0.551,0.0,0.226,0.336,0
13107,44,0,5,0.775,0.577,0.731,0.0,-0.097,0.075,0
13108,44,0,7,0.735,0.676,0.661,0.5,0.068,-0.087,1
13109,78,1,9,1.098,0.431,0.956,0.0,0.6,0.456,0
13110,45,1,6,0.839,0.66,0.629,0.0,0.451,-0.087,0
13111,82,0,10,1.008,0.491,0.789,1.0,0.521,0.387,0
13112,80,1,11,1.172,0.516,0.753,0.0,0.177,0.383,0
13113,83,0,6,0.758,0.52,0.569,0.0,0.081,-0.085,0
13114,39,1,7,0.852,0.609,0.7,0.0,0.603,0.012,1
13115,32,0,3,0.776,0.602,0.533,0.0,0.331,0.081,0
13116,63,0,3,0.662,0.575,0.829,0.0,0.328,-0.105,0
13117,64,0,5,0.786,0.508,0.82,0.0,0.427,0.182,0
13118,32,0,4,0.941,0.51,0.609,0.0,0.152,0.233,0
13119,80,0,9,1.048,0.636,0.778,0.75,0.4,0.129,0
13120,80,1,8,1.081,0.598,0.73,0.25,0.298,0.475,0
13121,71,1,8,0.79,0.622,0.889,0.5,0.587,0.046,0
13122,53,0,7,1.159,0.501,0.682,0.0,0.099,0.425,0
13123,30,1,12,0.864,0.629,0.656,0.25,0.015,0.159,0
13124,40,1,10,1.132,0.615,0.729,0.0,-0.207,0.551,0
13125,71,0,4,0.596,0.606,0.842,1.0,0.388,0.059,1
13126,80,1,12,1.194,0.533,1.197,0.25,0.747,0.601,1
13127,61,0,8,0.741,0.568,0.786,0.0,0.318,0.021,0
13128,63,0,3,0.949,0.593,0.7,0.0,0.417,0.171,0
13129,83,1,11,0.937,0.651,1.27,0.0,0.614,0.258,0
13130,33,1,11,0.712,0.553,0.978,1.0,0.219,-0.079,0
13131,74,0,6,0.797,0.581,0.661,1.0,0.172,0.062,0
13132,67,1,10,0.793,0.647,0.869,0.0,0.4,0.251,0
13133,61,0,3,0.767,0.54,0.563,0.0,0.19,-0.102,0
13134,43,0,10,0.804,0.675,1.115,0.0,0.266,-0.198,0
13135,58,0,6,0.983,0.7,0.503,0.5,-0.002,0.373,0
13136,41,1,3,0.991,0.511,0.205,0.0,-0.155,0.251,0
13137,68,1,12,0.96,0.6,0.736,0.25,-0.034,0.211,0
13138,45,1,9,0.772,0.589,0.935,1.0,0.456,0.072,0
13139,62,0,11,0.998,0.466,0.7,0.0,0.139,0.376,0
13140,40,1,4,0.992,0.502,0.302,0.5,-0.319,0.187,0
13141,75,1,11,0.971,0.557,0.831,0.0,0.199,0.128,0
13142,34,1,11,0.989,0.615,0.899,0.0,0.245,0.516,0
13143,79,0,4,0.833,0.715,0.699,0.0,0.238,0.091,1
13144,54,0,9,0.874,0.659,0.795,0.25,0.45,0.151,0
13145,39,0,11,1.018,0.546,0.814,0.0,0.426,0.257,0
13146,47,0,12,1.038,0.569,0.9,1.0,0.541,0.269,0
13147,45,1,3,0.938,0.526,0.773,0.25,0.388,0.353,1
13148,71,1,3,0.628,0.71,0.656,0.25,0.323,-0.049,0
13149,70,1,10,0.953,0.496,0.692,0.0,0.027,0.326,0
13150,53,0,6,1.086,0.663,0.767,0.0,0.292,0.278,0
13151,46,0,7,0.784,0.494,0.707,0.0,0.417,0.131,0
13152,38,0,5,1.069,0.482,0.795,0.5,0.357,0.202,0
13153,81,0,4,0.891,0.702,0.501,0.0,-0.107,0.168,0
13154,60,1,10,0.984,0.582,0.832,0.0,0.27,0.119,1
13155,75,0,6,1.008,0.543,0.7,0.0,0.203,0.307,1
13156,44,1,7,0.908,0.501,0.454,0.0,0.097,0.24,0
13157,69,0,3,0.909,0.703,0.404,0.0,0.1,0.118,0
13158,38,0,10,0.919,0.512,0.659,0.0,-0.055,0.077,0
13159,53,0,11,1.059,0.528,0.7,0.0,0.134,0.247,1
13160,75,0,9,0.72,0.582,0.919,0.0,0.647,0.051,0
13161,42,1,12,0.987,0.535,1.078,1.0,0.858,0.24,0
13162,76,1,5,0.78,0.621,0.665,1.0,-0.042,-0.067,0
13163,84,0,6,0.7,0.595,0.632,0.5,-0.021,-0.133,0
13164,43,0,11,0.937,0.523,0.66,0.0,0.161,0.332,1
13165,77,1,3,0.7,0.576,0.342,0.0,0.162,0.057,0
13166,50,1,5,0.66,0.61,0.807,0.0,0.294,-0.319,0
13167,43,1,8,0.859,0.573,0.601,0.0,0.239,0.308,0
13168,48,0,10,0.859,0.479,0.48,0.0,0.118,0.137,0
13169,45,0,9,0.931,0.567,0.954,0.75,0.44,-0.002,1
13170,49,0,5,0.776,0.59,0.19,0.25,-0.471,-0.007,0
13171,66,0,6,0.743,0.631,0.711,0.75,-0.014,0.211,0
13172,59,0,9,0.923,0.479,0.746,0.0,0.109,0.188,0
13173,61,0,12,0.798,0.553,1.029,0.75,0.505,0.022,0
13174,51,0,10,0.856,0.574,0.581,0.0,0.004,0.049,0
13175,39,0,10,1.06,0.71,0.953,0.0,0.596,0.325,0
13176,72,1,12,0.816,0.537,0.542,0.75,0.194,0.12,0
13177,69,1,9,0.688,0.598,0.823,0.0,0.276,-0.008,1
13178,80,1,10,0.986,0.521,0.849,0.0,0.48,0.25,0
13179,42,1,8,0.824,0.596,0.986,0.25,0.31,0.082,1
13180,82,1,3,0.7,0.698,0.718,0.0,0.418,-0.06,0
13181,34,0,12,0.999,0.512,0.75,0.75,0.456,0.028,0
13182,54,1,3,0.975,0.606,0.577,0.5,-0.043,0.152,0
13183,71,0,3,0.8,0.67,0.308,0.0,-0.318,0.002,0
13184,77,0,7,0.857,0.681,0.623,0.0,0.096,0.201,0
13185,36,0,8,0.881,0.553,0.813,0.0,0.528,0.091,0
13186,76,1,8,0.867,0.575,0.757,0.0,0.299,0.194,1
13187,78,1,3,0.475,0.63,0.688,0.5,0.084,-0.247,1
13188,53,1,7,1.061,0.539,0.931,0.0,0.539,0.414,0
13189,48,1,6,0.954,0.583,0.697,0.25,0.272,0.219,0
13190,79,0,7,0.734,0.523,0.7,0.0,0.227,0.014,0
13191,30,1,5,0.7,0.666,0.514,0.25,-0.238,0.001,0
13192,71,1,11,0.878,0.627,0.654,0.0,0.42,-0.228,1
13193,31,0,7,0.681,0.56,0.556,0.75,0.05,0.117,0
13194,49,0,12,1.036,0.474,0.601,0.25,0.062,0.084,0
13195,42,1,7,0.76,0.545,0.528,0.0,0.097,-0.064,0
13196,69,1,4,0.823,0.569,0.59,0.25,0.082,0.11,0
13197,31,1,5,0.693,0.577,0.408,0.75,-0.308,-0.007,0
13198,37,1,3,0.737,0.607,0.627,0.5,-0.078,0.008,0
13199,82,1,4,0.636,0.623,0.639,0.0,0.012,-0.253,0
13200,82,0,9,1.083,0.486,0.95,0.0,0.422,0.231,0
13201,59,1,11,0.907,0.66,0.978,1.0,0.636,0.135,0
13202,33,1,9,1.098,0.551,0.554,0.25,-0.091,0.124,0
13203,79,0,6,0.856,0.507,0.679,0.0,0.245,0.17,0
13204,39,1,4,0.718,0.578,0.607,1.0,0.247,-0.179,0
13205,66,1,7,0.825,0.574,0.827,0.5,0.407,0.255,0
13206,82,1,6,0.747,0.529,0.628,0.0,0.61,0.041,0
13207,45,0,3,0.706,0.61,0.342,0.25,-0.422,-0.263,0
13208,63,0,3,0.93,0.532,0.427,0.0,-0.337,0.165,0
13209,33,1,5,0.707,0.608,0.512,0.75,-0.054,0.007,0
13210,32,1,3,0.946,0.572,0.813,0.0,0.256,0.269,0
13211,72,1,10,1.037,0.613,0.671,0.0,0.327,0.305,0
13212,81,1,6,0.9,0.624,0.623,0.0,0.318,0.13,1
13213,68,0,7,0.706,0.658,0.563,1.0,0.298,0.045,0
13214,60,1,9,0.758,0.688,0.876,0.5,0.258,-0.193,0
13215,31,0,10,0.814,0.618,0.781,0.0,0.199,0.079,0
13216,31,0,11,1.052,0.571,0.823,0.0,0.226,0.229,1
13217,51,1,12,0.996,0.529,0.719,0.5,0.202,0.488,0
13218,30,0,9,1.064,0.635,0.871,0.0,0.427,0.13,0
13219,58,0,3,0.682,0.503,0.567,0.75,-0.02,-0.011,0
13220,37,1,7,0.748,0.7,0.6,0.0,0.261,0.024,0
13221,75,1,4,0.852,0.692,0.536,0.0,0.066,0.035,0
13222,37,1,12,1.132,0.459,1.28,0.0,1.113,0.401,0
13223,76,1,7,0.863,0.6,0.35,0.0,-0.021,0.135,0
13224,47,1,6,0.948,0.694,0.445,0.0,0.044,0.059,0
13225,65,1,6,0.961,0.475,0.707,0.5,0.244,0.032,1
13226,42,1,5,0.819,0.498,0.613,0.0,0.377,0.01,0
13227,59,1,5,0.73,0.576,0.289,0.25,-0.292,0.197,0
13228,75,1,12,0.94,0.57,1.137,0.25,0.763,0.094,0
13229,37,0,8,1.003,0.651,0.843,0.75,0.125,0.305,0
13230,74,1,8,1.011,0.668,0.779,0.5,0.511,0.32,0
13231,71,1,8,0.796,0.5,0.911,0.0,0.447,0.134,0
13232,31,1,3,0.887,0.653,0.773,0.0,0.421,0.074,0
13233,41,1,8,0.831,0.583,0.534,1.0,0.001,0.043,0
13234,68,0,8,0.933,0.662,0.644,0.5,0.417,0.339,0
13235,46,1,9,1.033,0.667,0.789,0.0,-0.059,0.204,0
13236,35,0,4,0.692,0.597,0.823,0.0,0.23,0.159,0
13237,74,1,9,0.973,0.734,0.791,0.5,0.419,0.411,1
13238,76,0,12,1.254,0.606,0.7,0.5,0.102,0.351,0
13239,31,1,6,1.066,0.605,0.742,0.75,0.261,0.472,0
13240,77,1,5,0.851,0.611,0.836,0.75,0.537,-0.204,0
13241,65,0,7,0.905,0.606,0.451,0.0,-0.036,0.205,0
13242,84,0,8,0.938,0.507,0.659,0.0,-0.054,0.343,0
13243,30,1,7,0.947,0.545,0.519,1.0,0.236,0.16,0
13244,44,1,6,0.795,0.574,0.934,0.25,0.625,-0.022,1
13245,69,1,7,0.852,0.66,0.767,0.0,0.279,0.265,0
13246,81,1,12,0.922,0.401,0.972,0.0,0.161,0.401,0
13247,30,0,12,1.033,0.652,0.71,1.0,-0.098,0.278,0
13248,81,1,12,1.248,0.449,0.873,0.75,0.337,0.448,0
13249,41,0,12,0.979,0.453,1.028,0.5,0.536,0.311,0
13250,59,0,4,0.796,0.632,0.384,0.0,-0.254,-0.084,0
13251,46,0,3,0.899,0.535,0.225,0.75,-0.42,0.302,0
13252,44,0,5,0.772,0.53,0.636,1.0,-0.123,0.085,0
13253,84,1,11,0.853,0.541,0.787,0.0,0.205,0.21,0
13254,69,0,9,0.905,0.525,0.862,0.25,0.542,0.221,1
13255,50,0,4,0.869,0.548,0.503,0.25,-0.329,0.015,0
13256,58,0,6,0.784,0.508,0.787,0.5,0.223,0.051,0
13257,32,0,3,0.923,0.641,0.573,1.0,0.431,0.259,0
13258,63,1,4,0.532,0.658,0.654,0.0,0.314,-0.097,1
13259,56,1,5,0.836,0.655,0.64,0.0,-0.149,-0.03,0
13260,32,1,3,0.809,0.408,0.584,0.0,0.181,0.045,0
13261,80,0,12,0.833,0.616,0.746,0.5,0.313,0.26,0
13262,30,0,9,1.07,0.652,1.056,0.0,0.574,0.144,0
13263,67,0,3,0.967,0.8,0.44,0.5,0.533,0.11,0
13264,77,0,4,0.795,0.501,0.549,0.5,0.099,-0.053,0
13265,48,0,7,1.034,0.7,0.751,0.0,0.113,0.13,0
13266,32,1,6,0.994,0.455,0.699,0.0,0.094,0.274,0
13267,82,1,10,0.76,0.559,0.687,0.0,0.473,0.071,0
13268,46,1,3,0.673,0.641,0.7,0.75,0.043,-0.208,1
13269,68,1,7,0.674,0.557,0.629,1.0,0.14,-0.143,0
13270,58,0,10,0.832,0.56,0.83,0.25,0.412,0.083,0
13271,58,1,7,0.918,0.452,0.601,0.5,0.241,0.121,0
13272,50,0,4,0.752,0.7,0.335,0.25,-0.058,0.072,0
13273,50,0,8,0.84,0.548,0.696,0.25,0.598,0.084,0
13274,45,1,8,1.048,0.7,0.9,0.75,0.295,0.492,0
13275,81,0,4,0.658,0.662,0.262,0.75,-0.293,-0.042,0
13276,54,1,3,0.804,0.684,0.443,1.0,0.084,-0.174,0
13277,75,0,6,0.828,0.701,0.501,0.75,-0.316,0.3,0
13278,37,0,3,0.7,0.679,0.447,0.0,-0.129,0.139,0
13279,40,0,4,0.679,0.708,0.511,1.0,-0.027,-0.065,0
13280,59,1,11,0.944,0.608,0.874,0.5,0.661,-0.028,0
13281,34,1,3,1.029,0.488,0.692,0.5,0.106,0.252,0
13282,38,1,11,0.886,0.516,0.947,0.25,0.314,0.098,0
13283,44,0,9,0.952,0.558,0.476,1.0,0.315,0.265,0
13284,51,0,5,0.999,0.532,0.684,0.25,0.081,0.319,0
13285,70,0,11,0.928,0.498,1.139,0.0,0.525,0.462,0
13286,71,0,12,0.957,0.571,0.822,1.0,0.053,0.314,0
13287,68,1,9,0.999,0.676,0.779,0.0,0.451,0.194,0
13288,47,0,10,0.7,0.561,0.878,1.0,0.609,-0.025,0
13289,63,1,4,0.7,0.674,0.724,0.0,0.324,-0.085,0
13290,72,1,8,1.137,0.608,0.871,0.75,0.39,0.31,0
13291,39,1,9,0.726,0.453,0.419,1.0,0.133,-0.058,0
13292,37,0,10,1.02,0.588,1.19,0.25,0.634,0.381,0
13293,63,0,12,0.944,0.505,0.858,0.75,0.173,0.112,0
13294,76,1,7,0.843,0.529,0.663,0.5,0.42,0.247,0
13295,75,1,10,0.821,0.531,0.893,0.75,0.414,0.358,1
13296,71,0,8,0.887,0.527,0.633,0.5,0.194,0.364,0
13297,59,0,3,0.73,0.577,0.427,0.5,-0.048,0.005,0
13298,35,1,4,0.775,0.68,0.53,0.0,0.006,-0.163,0
13299,48,0,4,0.817,0.599,0.792,0.0,0.234,0.117,0
13300,33,1,3,0.89,0.545,0.461,0.25,0.272,0.025,0
13301,42,0,6,0.835,0.527,0.86,0.0,0.49,-0.223,1
13302,62,0,12,0.944,0.592,0.974,1.0,0.921,0.389,0
13303,50,0,3,0.89,0.646,0.504,0.0,-0.196,0.053,0
13304,81,0,11,1.222,0.582,1.06,0.0,0.473,0.522,0
13305,82,1,12,1.02,0.583,0.913,1.0,0.577,0.463,1
13306,69,0,8,1.017,0.587,0.958,0.75,0.521,0.148,0
13307,34,0,10,1.164,0.586,0.625,0.0,-0.025,0.466,0
13308,33,0,9,1.072,0.7,0.504,0.0,0.053,0.469,0
13309,63,0,10,0.807,0.575,0.906,0.5,0.412,0.009,1
13310,76,1,11,0.862,0.36,0.615,0.0,0.229,-0.002,0
13311,64,0,7,0.794,0.528,0.693,0.75,0.242,0.171,0
13312,50,0,6,0.902,0.536,0.837,0.0,0.635,-0.064,0
13313,37,1,6,1.043,0.542,0.921,0.0,0.196,0.311,0
13314,41,0,6,0.801,0.712,0.655,0.5,0.217,0.028,0
13315,71,0,6,0.833,0.564,0.7,0.0,0.461,0.175,0
13316,80,1,4,0.876,0.648,0.453,0.25,0.157,-0.004,0
13317,30,1,7,0.6,0.525,0.943,0.0,0.839,-0.287,0
13318,54,1,8,0.922,0.578,0.79,0.0,0.433,0.264,0
13319,84,1,10,1.011,0.7,0.925,0.25,0.648,0.216,0
13320,67,1,5,0.841,0.586,0.681,0.0,0.175,-0.013,0
13321,66,1,7,0.745,0.629,0.7,0.0,0.138,-0.026,0
13322,82,0,12,0.7,0.551,0.755,0.75,0.297,-0.235,1
13323,56,1,7,0.521,0.7,0.298,0.25,-0.128,-0.172,0
13324,80,0,9,1.035,0.534,0.786,0.0,0.188,0.372,0
13325,44,1,7,0.898,0.621,0.832,0.0,0.235,0.198,0
13326,70,1,10,1.017,0.522,1.035,0.5,0.533,0.292,0
13327,70,1,11,0.964,0.695,0.928,0.75,0.54,0.194,0
13328,53,0,11,0.876,0.561,0.905,1.0,0.48,0.161,0
13329,82,1,12,0.81,0.603,1.166,0.0,0.718,0.11,1
13330,70,0,11,1.048,0.61,0.906,1.0,0.206,0.336,0
13331,60,1,6,1.048,0.7,0.755,0.5,0.469,0.37,0
13332,73,0,7,0.768,0.463,0.82,0.0,0.333,0.096,0
13333,71,1,3,1.001,0.531,0.435,0.0,-0.191,0.062,0
13334,82,1,3,0.854,0.558,0.643,0.0,0.135,0.13,1
13335,83,1,10,0.935,0.506,0.7,0.5,0.267,0.072,0
13336,63,0,3,0.752,0.532,0.497,0.5,-0.007,-0.006,0
13337,52,0,10,0.908,0.379,0.777,0.5,0.25,0.061,0
13338,57,0,6,0.79,0.723,0.486,0.0,0.172,0.128,0
13339,39,0,9,0.817,0.568,0.731,0.0,0.542,0.248,0
13340,39,1,8,0.866,0.516,0.774,0.0,0.332,0.021,0
13341,58,1,7,0.889,0.701,0.654,0.0,-0.21,-0.01,0
13342,49,0,12,0.861,0.547,1.104,0.5,0.485,0.271,1
13343,74,0,4,0.793,0.895,0.599,0.0,0.445,0.016,0
13344,78,0,10,0.961,0.572,0.885,0.0,0.292,0.221,0
13345,66,0,12,0.869,0.606,0.948,0.5,0.479,0.121,0
13346,55,0,11,0.833,0.535,0.7,1.0,0.313,0.032,0
13347,62,0,6,0.7,0.599,0.793,0.0,0.689,-0.03,0
13348,56,1,8,0.758,0.521,1.086,0.75,0.546,0.069,0
13349,32,1,12,0.987,0.591,1.067,0.0,0.666,0.317,1
13350,78,1,3,0.647,0.658,0.888,0.25,0.444,-0.185,1
13351,83,0,3,0.894,0.656,0.548,0.0,-0.082,0.143,0
13352,67,0,11,1.019,0.537,0.851,1.0,0.252,0.169,0
13353,65,1,9,0.836,0.511,0.686,0.25,0.248,0.062,0
13354,48,1,6,0.573,0.58,0.7,0.0,0.181,-0.228,1
13355,31,0,12,0.855,0.535,0.751,0.0,0.325,0.096,0
13356,81,0,6,0.803,0.576,0.552,0.5,0.09,0.234,0
13357,38,0,5,0.81,0.556,0.701,1.0,0.529,-0.156,0
13358,67,0,10,0.827,0.735,0.723,0.5,0.096,-0.015,0
13359,43,1,7,0.874,0.58,0.759,0.0,0.38,0.134,1
13360,55,1,3,0.991,0.647,0.356,0.75,-0.013,0.333,0
13361,60,0,7,0.936,0.566,0.687,0.0,0.032,0.045,0
13362,81,0,5,0.824,0.566,0.493,0.25,0.055,0.082,0
13363,46,1,3,0.831,0.634,0.7,0.0,0.369,0.007,0
13364,82,0,7,0.7,0.574,0.79,1.0,0.199,-0.264,1
13365,44,0,10,0.996,0.625,0.873,0.25,0.76,0.287,0
13366,63,1,11,0.717,0.508,0.973,0.25,0.624,0.102,0
13367,34,1,3,0.771,0.527,0.794,0.0,0.323,-0.087,0
13368,36,0,4,0.907,0.624,0.574,0.0,0.018,0.049,0
13369,53,0,6,0.938,0.641,0.752,0.0,0.34,0.214,0
13370,69,1,7,0.952,0.615,0.859,0.25,0.165,0.344,0
13371,82,1,8,0.674,0.556,1.088,0.0,0.816,0.161,0
13372,74,1,6,0.904,0.599,0.758,0.0,0.113,0.236,0
13373,53,0,3,0.812,0.6,0.678,0.0,0.029,-0.169,0
13374,70,1,12,0.93,0.518,0.713,0.5,0.114,0.297,1
13375,51,0,3,0.789,0.571,0.359,0.0,-0.412,0.172,0
13376,76,1,3,0.924,0.585,0.431,0.5,0.065,0.33,0
13377,45,1,12,0.859,0.498,0.746,0.75,0.577,0.153,0
13378,44,0,8,1.129,0.693,0.82,0.0,0.32,0.484,0
13379,33,0,12,1.035,0.591,0.552,0.25,-0.218,0.329,0
13380,59,0,10,0.879,0.61,0.944,0.25,0.411,0.032,0
13381,52,0,9,0.911,0.465,0.575,0.25,0.128,0.29,0
13382,52,0,8,0.801,0.47,0.955,0.75,0.516,0.096,0
13383,64,1,4,0.811,0.635,0.496,0.5,0.163,0.085,0
13384,58,1,3,0.797,0.619,0.471,0.0,-0.014,-0.045,0
13385,84,1,5,0.815,0.47,0.575,0.0,0.055,0.298,0
13386,45,1,12,1.194,0.565,0.637,0.5,0.305,0.556,0
13387,42,0,10,0.884,0.619,0.827,0.5,0.216,0.149,0
13388,75,1,8,0.845,0.537,0.7,0.0,0.204,-0.067,0
13389,81,1,10,0.619,0.567,0.809,0.5,0.222,-0.054,1
13390,65,0,5,0.885,0.721,0.823,0.5,0.668,-0.004,0
13391,32,1,11,0.951,0.708,0.987,0.0,0.475,0.38,0
13392,63,1,6,1.031,0.641,0.319,1.0,-0.127,0.33,0
13393,47,0,11,0.7,0.37,0.896,0.25,0.289,-0.202,0
13394,66,1,11,1.006,0.536,1.185,0.25,0.453,0.252,1
13395,35,0,7,0.687,0.622,0.754,1.0,0.262,0.053,0
13396,48,0,10,0.84,0.5,0.663,0.25,0.162,0.058,0
13397,47,1,4,0.862,0.558,0.643,0.75,0.069,0.086,0
13398,49,0,5,0.855,0.55,0.377,0.0,0.054,0.097,0
13399,60,1,8,1.144,0.641,0.79,0.5,0.332,0.309,1
13400,61,1,12,1.167,0.624,0.933,0.5,0.295,0.242,0
13401,77,0,8,0.924,0.505,0.52,1.0,-0.014,0.166,0
13402,70,0,8,0.7,0.666,0.926,0.0,0.227,0.047,1
13403,66,0,8,0.939,0.602,0.748,0.25,0.06,0.057,1
13404,55,0,5,0.7,0.616,0.455,1.0,-0.009,-0.13,0
13405,80,0,12,0.976,0.651,1.031,0.5,0.287,0.14,0
13406,52,1,3,0.978,0.645,0.418,0.0,0.06,0.376,0
13407,59,0,8,0.727,0.7,0.674,0.0,0.299,-0.229,1
13408,58,1,11,1.017,0.471,1.061,0.5,0.946,0.494,0
13409,30,0,8,0.904,0.703,0.869,0.25,0.395,-0.002,0
13410,56,0,11,0.974,0.575,1.014,0.0,0.65,0.277,0
13411,39,1,7,0.893,0.463,0.471,0.5,-0.234,-0.002,0
13412,64,0,6,0.89,0.675,0.922,0.75,0.62,0.183,0
13413,69,0,9,0.79,0.549,1.081,1.0,0.818,-0.089,1
13414,53,0,4,0.592,0.617,0.761,0.0,0.26,-0.172,0
13415,54,1,12,0.956,0.738,1.036,0.25,0.61,0.06,0
13416,67,1,11,0.735,0.631,0.759,0.0,0.059,-0.122,0
13417,60,1,3,0.817,0.632,0.546,0.0,0.194,0.298,0
13418,56,1,5,0.743,0.63,0.699,0.5,0.315,0.033,0
13419,57,0,10,0.829,0.464,1.023,1.0,0.417,-0.064,1
13420,40,0,9,0.762,0.449,0.926,0.25,0.313,-0.086,0
13421,77,1,7,0.931,0.513,0.731,0.0,0.142,0.328,0
13422,64,1,12,0.949,0.621,0.715,0.25,0.403,0.134,1
13423,77,1,11,0.844,0.472,0.901,0.0,0.146,0.061,0
13424,70,0,6,0.576,0.536,0.393,1.0,-0.251,-0.129,0
13425,30,0,5,0.834,0.691,0.528,0.5,0.159,-0.042,0
13426,53,1,4,0.831,0.66,0.952,0.25,0.223,0.21,0
13427,40,1,12,0.813,0.545,0.999,0.75,0.504,0.325,0
13428,72,0,3,0.805,0.519,0.502,0.0,-0.03,-0.019,0
13429,41,0,6,0.7,0.596,0.489,1.0,0.051,-0.201,0
13430,81,0,4,0.7,0.615,0.686,0.5,0.126,-0.239,0
13431,38,1,5,0.742,0.684,0.644,0.5,0.1,0.059,0
13432,68,1,12,1.088,0.561,1.027,0.0,0.466,0.172,1
13433,46,0,4,0.834,0.582,0.802,0.75,0.343,-0.024,0
13434,78,1,11,0.932,0.544,0.959,0.5,0.784,0.201,0
13435,51,0,6,0.883,0.512,0.938,0.0,0.325,0.089,1
13436,30,1,8,0.848,0.659,0.532,0.0,0.251,0.079,0
13437,71,0,9,0.7,0.589,0.628,0.0,0.266,0.014,0
13438,60,1,3,0.983,0.548,0.97,0.0,0.46,0.246,0
13439,82,0,9,0.856,0.496,0.582,0.25,0.156,-0.049,0
13440,32,1,5,0.666,0.539,0.902,0.5,0.493,0.007,0
13441,60,1,11,0.962,0.615,0.905,0.5,0.238,0.155,0
13442,36,0,6,0.551,0.609,0.843,0.0,0.512,-0.085,0
13443,41,1,8,0.891,0.562,0.723,0.0,0.355,0.17,0
13444,75,1,3,0.823,0.62,0.7,0.5,0.095,-0.057,0
13445,60,0,5,0.918,0.493,0.502,0.0,0.271,0.057,0
13446,56,0,8,1.056,0.579,1.044,0.25,0.918,0.259,0
13447,73,0,6,0.974,0.578,0.672,0.0,0.269,0.12,0
13448,45,0,5,0.965,0.733,0.654,0.0,0.133,0.076,1
13449,39,0,5,1.019,0.573,0.634,0.25,0.37,0.161,0
13450,48,1,6,1.101,0.551,0.949,0.0,0.63,0.502,0
13451,83,1,3,0.828,0.716,0.639,0.75,0.061,0.168,0
13452,35,1,9,0.94,0.546,0.575,0.0,-0.15,0.096,0
13453,77,1,10,1.039,0.44,0.865,1.0,0.463,0.078,1
13454,75,0,9,1.116,0.694,0.785,0.25,0.283,0.554,1
13455,78,1,12,1.025,0.565,0.959,0.0,0.357,0.464,0
13456,37,0,4,0.7,0.517,0.785,0.0,0.281,-0.17,0
13457,34,0,7,0.968,0.621,0.785,0.0,0.341,0.281,0
13458,43,0,12,0.954,0.607,0.96,0.25,0.666,0.172,0
13459,75,1,7,0.817,0.6,0.437,0.5,-0.002,0.02,0
13460,57,1,7,0.708,0.619,0.715,0.0,-0.002,-0.093,0
13461,47,0,8,0.998,0.465,0.823,1.0,0.079,0.21,0
13462,42,1,5,0.852,0.676,0.739,1.0,0.307,0.067,0
13463,70,0,11,0.748,0.577,0.797,0.5,0.361,-0.105,0
13464,34,0,11,1.053,0.388,0.96,0.0,0.352,0.39,0
13465,72,1,9,0.773,0.447,0.932,0.25,0.345,-0.144,1
13466,35,1,10,1.021,0.652,1.105,0.0,0.621,0.097,0
13467,65,1,3,0.798,0.493,0.389,0.0,-0.208,0.425,0
13468,41,1,6,0.809,0.668,0.312,0.0,-0.033,0.02,0
13469,48,1,4,0.802,0.7,0.39,0.5,-0.262,0.057,0
13470,38,0,3,0.504,0.479,0.589,0.5,-0.033,-0.303,0
13471,78,1,8,0.909,0.635,0.778,0.5,0.422,0.408,1
13472,83,0,7,0.901,0.596,0.78,0.0,0.113,0.118,0
13473,56,1,3,0.687,0.633,0.612,0.0,0.123,-0.105,0
13474,52,1,7,0.867,0.619,0.549,0.5,0.119,0.161,0
13475,59,0,7,0.972,0.483,0.509,0.25,-0.101,0.308,0
13476,44,1,3,0.614,0.618,0.8,0.0,0.278,-0.183,0
13477,31,1,5,0.823,0.713,0.95,1.0,0.433,0.005,1
13478,53,1,3,0.786,0.563,0.574,0.0,0.14,0.117,0
13479,48,1,12,0.897,0.593,1.002,0.0,0.54,0.046,0
13480,77,1,6,0.957,0.7,0.623,0.0,0.212,0.093,0
13481,57,1,3,0.878,0.641,0.502,0.5,-0.058,0.064,0
13482,49,0,6,0.954,0.496,0.563,0.0,0.079,0.183,0
13483,35,1,6,0.618,0.502,0.946,0.75,0.246,-0.076,0
13484,83,0,5,1.095,0.632,0.341,0.5,-0.33,0.495,1
13485,53,0,7,0.964,0.551,0.611,0.75,-0.117,0.17,0
13486,35,0,3,0.598,0.7,0.803,0.0,0.118,-0.035,0
13487,32,0,6,0.923,0.577,0.656,0.0,0.048,0.223,0
13488,43,0,12,0.942,0.571,0.808,0.0,0.367,0.191,1
13489,46,1,3,0.624,0.463,0.523,0.0,0.2,-0.358,0
13490,49,1,11,0.945,0.566,0.755,0.75,0.333,0.083,0
13491,77,1,4,0.894,0.703,1.026,0.0,0.706,0.065,1
13492,32,0,12,0.899,0.425,0.7,0.75,0.071,0.476,0
13493,56,1,4,0.842,0.625,0.578,0.25,0.143,0.109,0
13494,60,1,4,0.824,0.734,0.299,0.0,-0.225,0.239,0
13495,54,0,6,0.898,0.509,0.838,0.0,0.37,0.064,1
13496,69,0,3,0.772,0.65,0.416,1.0,0.065,0.074,0
13497,43,1,3,0.766,0.628,0.619,1.0,0.237,-0.134,0
13498,42,0,7,0.624,0.604,0.765,0.0,0.588,-0.185,0
13499,70,0,8,0.93,0.51,1.045,0.25,0.474,0.474,1
13500,45,1,11,0.94,0.577,1.091,1.0,0.587,0.024,0
13501,37,1,5,0.913,0.752,0.779,0.0,0.312,0.153,0
13502,64,1,6,0.775,0.492,0.732,0.25,0.338,0.179,0
13503,72,1,11,1.083,0.677,0.7,0.5,0.502,0.295,1
13504,55,0,7,1.006,0.659,0.74,0.25,0.288,0.085,0
13505,47,1,8,1.102,0.559,0.578,0.25,0.047,0.462,0
13506,54,1,4,0.58,0.538,0.452,0.0,-0.165,-0.287,0
13507,80,0,7,0.974,0.523,0.659,1.0,0.124,0.296,0
13508,67,0,11,0.836,0.581,1.097,0.0,0.662,0.078,0
13509,72,0,11,0.765,0.53,0.768,0.0,0.367,0.086,1
13510,38,1,8,0.753,0.698,0.774,1.0,0.074,-0.032,0
13511,64,0,11,1.089,0.408,0.674,1.0,0.084,0.237,0
13512,75,0,3,0.636,0.76,0.735,0.75,0.184,-0.111,1
13513,68,0,8,1.036,0.724,0.96,1.0,0.457,0.502,0
13514,32,1,12,0.955,0.557,0.616,1.0,0.17,0.002,0
13515,77,0,12,1.018,0.547,0.844,0.75,0.446,0.234,0
13516,40,1,8,0.841,0.674,0.65,0.25,-0.05,0.117,0
13517,60,0,6,1.023,0.541,0.858,0.5,0.18,0.337,0
13518,63,0,5,0.803,0.582,0.501,0.0,-0.169,0.194,0
13519,37,0,8,0.857,0.534,0.592,0.5,0.032,0.084,0
13520,36,1,7,0.7,0.497,0.51,0.75,-0.041,-0.079,0
13521,43,1,3,0.905,0.574,0.228,0.75,-0.228,0.294,0
13522,58,1,11,0.974,0.685,0.919,0.0,0.421,0.014,0
13523,42,1,6,0.819,0.491,0.775,0.0,0.295,0.053,0
13524,74,0,6,0.791,0.526,0.581,0.0,0.097,-0.045,0
13525,51,0,8,0.881,0.52,0.829,0.0,0.295,0.241,1
13526,39,1,6,0.861,0.7,1.145,0.0,0.927,-0.007,0
13527,73,0,12,1.123,0.584,0.523,1.0,0.083,0.407,0
13528,42,1,9,1.128,0.533,0.918,0.25,0.544,0.322,0
13529,45,0,5,0.574,0.577,0.719,0.0,0.177,-0.385,0
13530,35,1,5,0.542,0.74,0.617,0.25,0.126,-0.261,0
13531,36,1,9,0.947,0.503,0.966,0.0,0.63,0.167,1
13532,66,0,9,0.956,0.652,0.746,0.25,0.185,0.12,1
13533,52,1,8,0.957,0.57,0.875,1.0,0.428,0.473,0
13534,68,1,4,0.925,0.557,0.511,0.0,0.144,0.071,0
13535,59,1,3,0.812,0.737,0.727,0.0,0.039,0.09,0
13536,81,1,9,0.853,0.62,0.822,0.0,0.114,0.048,0
13537,78,0,7,0.953,0.559,0.851,0.0,0.216,0.211,0
13538,32,0,11,0.7,0.504,1.065,0.75,0.784,0.016,0
13539,74,1,3,0.805,0.538,0.357,0.25,-0.204,-0.01,0
13540,41,1,3,0.702,0.613,0.379,0.25,-0.022,-0.137,0
13541,32,1,4,0.8,0.55,0.392,1.0,-0.072,-0.005,0
13542,41,0,9,0.701,0.476,0.7,1.0,0.402,-0.001,0
13543,82,0,9,0.844,0.489,1.0,0.5,0.186,0.042,0
13544,41,1,10,1.007,0.574,0.962,0.25,0.363,0.162,0
13545,81,1,8,1.033,0.63,0.69,0.0,0.166,0.255,1
13546,50,1,4,0.984,0.561,0.704,0.75,0.367,0.284,0
13547,82,1,4,0.744,0.56,0.55,0.25,-0.074,0.095,0
13548,57,1,5,0.617,0.607,0.754,1.0,0.285,-0.091,0
13549,56,1,5,0.939,0.59,0.62,0.0,0.354,0.213,0
13550,43,0,6,0.946,0.573,0.702,0.0,0.446,0.029,0
13551,68,0,9,0.974,0.472,0.816,0.0,0.778,0.215,0
13552,76,1,9,0.821,0.632,0.788,0.0,0.354,0.025,0
13553,37,1,5,1.168,0.63,0.581,0.0,0.017,0.751,0
13554,79,0,9,0.7,0.578,0.789,0.5,0.254,0.144,0
13555,62,1,3,0.961,0.62,0.245,0.0,-0.12,0.379,0
13556,60,0,8,1.008,0.37,0.719,0.0,0.355,0.145,0
13557,45,1,11,0.939,0.587,0.815,0.25,-0.091,0.081,0
13558,33,1,6,1.114,0.567,0.971,0.25,0.429,0.523,0
13559,48,1,9,1.083,0.551,0.836,0.75,0.14,0.251,0
13560,76,1,7,0.704,0.558,0.824,0.25,0.423,0.116,1
13561,66,1,6,0.979,0.6,0.815,0.25,0.396,0.279,1
13562,37,1,4,0.95,0.491,0.971,0.0,0.478,0.026,0
13563,78,0,11,0.779,0.449,0.719,0.0,0.118,0.182,1
13564,35,1,7,0.816,0.463,0.779,0.75,0.269,0.018,0
13565,53,0,5,1.037,0.664,0.409,0.5,-0.002,0.311,0
13566,43,1,7,0.832,0.7,0.682,0.75,0.015,0.256,1
13567,80,1,7,0.875,0.563,0.764,0.0,0.505,0.023,0
13568,75,1,3,0.907,0.659,0.354,0.0,-0.03,0.167,0
13569,45,1,3,0.7,0.545,0.682,0.0,0.208,0.179,1
13570,46,1,8,0.7,0.621,0.686,0.0,0.211,-0.108,1
13571,60,1,10,0.717,0.588,0.819,0.0,0.416,0.076,0
13572,79,0,8,0.833,0.609,0.81,0.0,-0.205,0.065,1
13573,31,0,10,0.828,0.665,0.733,0.0,0.399,0.128,0
13574,45,1,4,0.871,0.522,0.359,0.0,-0.048,0.165,0
13575,46,1,4,0.84,0.465,0.55,1.0,0.178,0.35,0
13576,59,0,5,0.856,0.463,0.575,0.75,0.232,0.303,0
13577,67,1,5,0.661,0.392,0.555,0.5,0.23,-0.079,0
13578,53,0,8,0.808,0.531,0.231,0.0,-0.462,-0.065,0
13579,33,1,10,1.112,0.482,1.029,0.5,0.156,0.226,0
13580,62,0,12,0.996,0.697,0.873,0.25,0.29,0.2,0
13581,54,0,4,0.935,0.52,0.746,0.0,0.198,0.067,0
13582,30,0,9,0.803,0.7,0.716,0.0,0.328,-0.034,0
13583,59,1,8,0.88,0.481,0.712,1.0,0.108,0.152,0
13584,77,0,8,0.815,0.7,0.778,0.0,0.166,0.128,0
13585,50,1,8,0.637,0.534,0.702,0.0,0.392,-0.13,1
13586,81,1,6,0.871,0.51,0.399,0.75,0.251,-0.03,0
13587,73,0,4,0.648,0.7,0.699,0.5,0.308,-0.235,1
13588,53,0,5,0.796,0.662,0.61,0.0,0.199,0.109,0
13589,41,0,10,0.946,0.523,0.82,0.5,0.193,0.261,1
13590,51,0,3,0.91,0.703,0.79,0.0,0.279,0.075,0
13591,83,0,12,0.959,0.433,0.816,0.0,0.282,0.07,0
13592,58,1,5,0.697,0.551,0.469,0.0,-0.284,0.038,0
13593,34,1,3,0.992,0.662,0.358,0.0,-0.264,0.271,0
13594,32,0,4,0.743,0.704,0.791,0.25,0.271,0.274,1
13595,68,0,11,0.879,0.511,1.025,0.5,0.548,-0.002,0
13596,30,1,11,0.915,0.531,0.721,0.0,0.436,0.308,0
13597,40,1,10,0.865,0.483,0.901,0.0,0.307,0.118,0
13598,69,0,4,0.7,0.604,0.747,0.0,0.218,-0.115,0
13599,51,1,10,0.864,0.519,0.749,1.0,0.326,0.039,0
13600,79,1,6,0.966,0.73,0.746,1.0,0.082,0.214,0
13601,83,1,5,1.018,0.532,0.61,0.25,0.033,0.215,1
13602,84,1,11,1.041,0.484,0.8,0.75,0.465,0.34,0
13603,70,0,10,0.907,0.544,0.569,1.0,0.217,0.295,0
13604,65,0,12,0.647,0.505,0.912,1.0,0.195,-0.063,0
13605,33,0,5,0.839,0.644,0.621,0.0,0.013,0.187,0
13606,71,0,10,0.737,0.457,1.039,0.75,0.389,-0.048,0
13607,59,1,9,0.831,0.494,0.831,0.5,0.131,0.301,0
13608,73,0,11,0.926,0.567,0.953,0.5,0.622,0.159,0
13609,74,1,5,0.715,0.538,0.626,0.0,0.461,-0.086,0
13610,38,1,8,0.875,0.572,0.706,0.25,0.364,0.181,0
13611,34,1,9,0.915,0.46,0.851,0.0,0.386,0.192,0
13612,40,0,12,0.964,0.456,0.858,0.75,0.484,0.139,0
13613,50,0,8,0.532,0.498,0.961,0.0,0.309,-0.266,1
13614,37,0,8,0.844,0.57,0.549,0.0,-0.113,-0.023,0
13615,78,1,12,0.913,0.47,0.995,1.0,0.569,0.174,0
13616,57,0,12,0.971,0.641,0.992,0.75,0.49,0.333,0
13617,53,0,4,0.808,0.623,0.464,0.25,-0.02,-0.039,0
13618,84,0,10,0.761,0.403,0.881,0.0,0.337,0.056,0
13619,37,1,10,0.808,0.594,0.863,0.5,0.28,0.187,0
13620,58,0,3,0.697,0.694,0.414,0.0,-0.037,-0.249,0
13621,84,0,8,0.774,0.572,0.625,0.0,0.181,0.085,0
13622,55,1,11,1.072,0.545,0.825,0.0,0.702,0.356,0
13623,70,1,9,0.464,0.509,0.944,0.5,0.298,-0.223,0
13624,59,0,12,0.961,0.565,1.035,0.0,0.357,0.261,1
13625,52,1,3,0.759,0.674,0.792,0.75,0.392,0.109,1
13626,56,1,12,0.899,0.496,0.884,0.0,0.676,-0.139,0
13627,47,0,12,1.035,0.549,0.942,0.25,0.62,0.451,0
13628,43,0,9,0.821,0.484,0.881,0.75,0.588,0.004,0
13629,36,1,9,1.031,0.495,0.649,0.25,0.314,0.521,0
13630,80,0,12,0.9,0.653,0.851,0.75,0.154,0.087,0
13631,31,1,5,0.921,0.7,0.604,0.25,0.041,0.013,0
13632,74,1,3,0.952,0.571,0.418,0.75,0.111,0.401,0
13633,48,1,11,1.053,0.603,0.763,0.0,0.138,0.314,0
13634,44,1,5,0.957,0.536,0.676,0.25,0.378,0.066,0
13635,42,0,11,1.134,0.575,0.838,0.25,0.397,0.532,1
13636,75,1,9,1.207,0.635,0.554,0.5,0.107,0.378,0
13637,35,0,12,1.119,0.564,0.761,1.0,0.459,0.386,0
13638,62,0,10,0.979,0.578,0.856,0.0,0.639,0.176,0
13639,73,1,7,0.938,0.417,0.639,0.75,0.43,0.136,0
13640,68,1,4,0.837,0.784,0.724,0.75,0.44,-0.215,0
13641,37,1,12,0.892,0.539,0.808,0.0,0.234,0.128,0
13642,62,0,7,0.89,0.796,0.72,0.0,0.129,0.183,0
13643,63,0,3,0.883,0.669,0.419,0.0,0.049,0.144,0
13644,77,1,10,1.035,0.416,0.777,0.5,0.295,0.03,0
13645,33,0,3,0.841,0.889,0.825,0.0,0.278,0.101,0
13646,33,1,8,0.871,0.608,0.842,0.5,0.279,0.064,1
13647,79,0,3,0.7,0.526,1.075,0.0,0.562,0.006,0
13648,65,1,4,0.835,0.689,0.602,0.0,0.367,0.122,0
13649,84,0,7,0.742,0.577,0.9,0.0,0.405,0.052,0
13650,80,1,5,0.808,0.646,0.458,0.0,0.016,-0.017,0
13651,80,1,12,0.946,0.554,1.209,0.25,1.07,0.216,0
13652,80,0,10,1.033,0.584,0.754,0.0,0.429,0.421,1
13653,51,0,8,0.829,0.583,0.572,0.0,0.221,0.106,0
13654,53,1,3,0.867,0.566,0.733,0.75,0.202,0.167,0
13655,61,1,3,0.639,0.502,0.317,0.0,-0.036,-0.097,0
13656,80,1,11,0.982,0.472,0.914,1.0,0.475,0.272,1
13657,81,0,8,0.96,0.708,0.469,1.0,-0.127,-0.018,0
13658,55,1,11,1.097,0.68,0.985,0.5,0.582,0.503,0
13659,81,1,9,0.832,0.481,1.097,0.25,1.004,0.39,0
13660,61,1,4,1.081,0.539,0.227,0.5,-0.043,0.233,0
13661,51,1,4,0.683,0.632,0.42,0.0,0.029,-0.068,0
13662,77,1,9,0.933,0.498,0.712,0.0,0.191,0.182,1
13663,83,0,4,0.801,0.723,0.418,1.0,-0.25,0.144,1
13664,74,0,10,1.027,0.51,0.907,0.75,0.654,0.335,0
13665,73,0,9,0.93,0.56,0.561,0.0,0.354,0.167,0
13666,58,0,6,0.749,0.609,0.7,0.5,0.098,0.006,1
13667,74,0,11,0.825,0.553,0.705,0.0,0.273,0.063,0
13668,63,0,6,0.896,0.586,0.745,0.0,0.045,0.285,1
13669,31,0,11,0.95,0.585,0.934,0.0,0.279,0.152,0
13670,72,0,10,0.958,0.661,1.09,0.0,0.77,-0.022,0
13671,61,0,6,0.955,0.616,0.928,0.0,0.456,0.271,0
13672,35,0,6,0.47,0.578,0.665,0.0,-0.035,-0.324,0
13673,54,0,4,0.932,0.608,0.666,0.0,0.157,0.304,0
13674,57,1,4,0.698,0.652,0.376,0.5,-0.137,0.035,0
13675,57,0,8,1.079,0.67,0.89,1.0,0.184,0.384,1
13676,38,1,11,1.107,0.525,0.989,1.0,0.632,0.5,1
13677,57,1,3,0.7,0.598,0.565,0.0,-0.093,0.042,0
13678,83,1,11,0.998,0.632,0.622,1.0,0.446,0.242,0
13679,62,0,12,0.723,0.427,0.997,0.0,0.461,0.172,0
13680,48,1,8,0.938,0.587,0.669,0.0,0.098,0.11,0
13681,30,1,11,0.722,0.553,1.071,1.0,0.688,-0.104,0
13682,75,1,4,0.674,0.655,0.627,1.0,-0.093,0.025,0
13683,58,0,4,0.734,0.654,0.824,0.0,0.284,0.047,0
13684,60,0,8,0.724,0.603,0.847,0.0,0.381,0.141,0
13685,79,1,3,0.843,0.635,0.564,0.25,0.131,-0.184,0
13686,84,0,10,0.912,0.482,0.913,0.0,0.586,0.322,1
13687,42,0,5,0.81,0.648,0.723,0.0,0.142,0.162,0
13688,31,0,12,1.173,0.446,0.761,0.0,0.307,0.476,0
13689,63,0,10,0.85,0.52,0.988,0.0,0.765,-0.035,0
13690,48,1,3,0.74,0.569,0.525,0.25,0.018,0.102,0
13691,42,1,4,0.709,0.498,0.864,0.5,0.614,-0.073,0
13692,32,1,11,1.044,0.598,0.757,0.0,0.391,0.118,0
13693,66,1,8,0.738,0.585,1.058,0.0,0.746,-0.12,0
13694,51,0,4,0.778,0.647,0.398,0.0,-0.16,-0.121,0
13695,84,0,5,0.747,0.711,0.252,0.75,-0.219,0.052,0
13696,30,0,3,0.957,0.742,0.253,0.75,-0.533,0.364,0
13697,59,0,5,0.703,0.558,0.641,0.5,0.085,0.003,0
13698,76,0,11,0.812,0.546,0.999,0.75,0.143,-0.052,0
13699,73,1,6,0.69,0.513,0.7,0.25,0.3,0.058,1
13700,64,0,4,0.776,0.606,0.869,0.25,0.444,0.098,0
13701,31,0,12,0.829,0.53,0.937,1.0,0.465,0.168,0
13702,65,0,12,1.042,0.465,0.74,0.25,0.182,0.275,0
13703,59,1,4,0.95,0.6,0.54,0.5,0.333,0.122,0
13704,76,1,5,0.809,0.736,0.498,0.0,0.017,0.075,1
13705,60,1,9,0.591,0.671,0.754,0.25,0.462,-0.226,0
13706,83,1,11,1.119,0.579,0.68,0.25,-0.001,0.479,0
13707,45,0,6,0.829,0.505,0.586,0.0,0.496,0.09,0
13708,50,1,9,0.901,0.567,1.008,0.75,0.533,0.141,0
13709,75,0,10,0.924,0.633,0.952,0.0,0.214,0.215,0
13710,71,0,11,0.833,0.623,1.031,0.5,0.505,0.253,0
13711,33,0,4,0.845,0.573,0.785,0.0,0.389,0.299,0
13712,53,0,4,0.778,0.67,0.572,0.25,0.3,0.026,0
13713,80,0,6,0.902,0.651,0.853,0.0,0.026,-0.135,1
13714,36,1,4,0.877,0.725,0.502,0.0,0.217,0.011,0
13715,31,1,9,0.842,0.571,1.044,1.0,0.923,0.198,0
13716,31,0,11,0.858,0.587,0.956,0.0,0.114,-0.039,0
13717,60,0,3,0.754,0.603,0.435,0.25,0.019,-0.024,0
13718,82,0,8,0.982,0.666,0.827,0.0,0.414,0.121,1
13719,61,1,12,1.002,0.582,0.703,0.25,0.398,0.323,0
13720,79,0,4,0.764,0.411,0.676,0.0,-0.063,0.002,1
13721,65,1,7,0.886,0.61,0.822,0.0,0.318,0.145,0
13722,66,1,10,1.149,0.61,0.744,0.0,0.385,0.323,0
13723,66,1,7,1.135,0.508,0.6,1.0,0.241,0.336,0
13724,49,0,11,1.027,0.547,0.596,0.0,0.268,0.193,0
13725,72,1,11,0.896,0.472,1.1,0.0,0.688,0.302,0
13726,65,1,3,0.977,0.592,0.51,0.0,-0.157,0.188,0
13727,70,0,7,0.915,0.582,0.641,0.0,0.513,0.092,0
13728,59,1,10,0.7,0.487,0.784,0.75,0.248,-0.074,0
13729,67,0,12,0.992,0.621,1.211,0.0,0.733,0.158,0
13730,64,0,8,0.744,0.528,0.66,0.75,0.421,-0.091,1
13731,40,1,4,0.922,0.504,0.7,0.75,0.567,0.154,0
13732,76,0,6,0.988,0.475,0.202,0.0,-0.34,0.288,0
13733,57,0,12,0.882,0.453,1.026,0.75,0.528,0.289,0
13734,58,0,4,0.92,0.524,0.676,0.5,0.386,0.22,0
13735,33,1,11,0.867,0.353,1.143,0.25,0.692,0.338,0
13736,68,0,6,0.802,0.655,0.575,0.0,-0.195,0.274,0
13737,34,0,11,1.231,0.696,0.777,0.75,0.492,0.353,0
13738,57,0,8,0.837,0.498,0.745,0.0,0.351,0.049,0
13739,48,1,7,0.892,0.626,0.644,0.75,0.37,0.043,0
13740,70,1,6,0.584,0.475,0.66,0.75,0.261,-0.141,0
13741,31,1,8,0.72,0.644,0.802,0.75,0.399,0.021,0
13742,60,1,3,1.008,0.578,0.313,0.0,0.003,0.105,1
13743,52,1,5,1.063,0.616,1.068,0.0,0.751,0.365,0
13744,35,1,9,1.076,0.557,0.568,0.5,-0.076,0.322,0
13745,47,0,4,0.786,0.491,0.472,0.0,-0.031,0.132,0
13746,74,1,5,0.854,0.542,0.69,0.0,0.196,0.396,0
13747,46,1,11,0.833,0.591,0.797,0.5,0.325,0.287,0
13748,69,1,6,0.794,0.622,0.625,0.25,-0.125,0.168,0
13749,44,0,10,0.96,0.7,1.205,0.75,0.468,0.062,0
13750,42,1,9,1.167,0.486,0.909,1.0,0.457,0.396,0
13751,78,0,10,1.01,0.632,0.649,0.25,0.136,-0.141,0
13752,78,0,10,0.902,0.527,0.671,0.0,0.42,0.254,0
13753,83,0,8,0.963,0.566,0.731,1.0,0.147,0.368,0
13754,48,1,10,0.871,0.813,0.773,0.0,0.184,0.151,0
13755,83,1,9,0.883,0.654,0.789,1.0,0.291,0.037,0
13756,66,0,10,0.814,0.679,0.762,0.0,0.235,0.26,0
13757,57,0,12,1.214,0.593,1.222,0.0,0.716,0.335,0
13758,33,0,9,0.721,0.49,0.788,0.0,0.583,-0.054,0
13759,67,0,9,0.925,0.619,0.494,0.0,0.043,0.244,0
13760,68,0,9,0.854,0.627,0.947,0.5,0.336,0.024,0
13761,56,0,12,0.885,0.582,0.534,0.0,0.048,0.074,0
13762,78,1,12,1.089,0.582,0.813,0.0,0.192,0.29,0
13763,36,1,10,1.051,0.62,0.898,0.0,0.585,0.199,0
13764,76,0,9,1.069,0.636,0.45,0.25,-0.111,0.49,0
13765,51,1,9,0.876,0.532,0.732,0.0,0.153,0.004,0
13766,61,0,8,0.912,0.694,0.787,1.0,0.308,0.184,0
13767,48,0,3,0.769,0.606,0.685,1.0,0.31,0.292,1
13768,66,0,8,0.749,0.567,0.84,0.5,0.302,-0.133,1
13769,40,0,10,1.025,0.525,0.965,0.25,0.606,0.16,0
13770,80,0,10,0.97,0.683,1.016,0.0,0.521,0.009,0
13771,68,0,7,0.861,0.571,0.629,0.0,0.257,0.251,0
13772,41,0,4,0.814,0.556,0.368,0.25,0.003,0.22,0
13773,77,0,6,0.908,0.517,0.554,0.5,0.374,0.151,0
13774,57,1,3,0.904,0.55,0.649,0.0,0.519,0.209,0
13775,65,1,6,0.909,0.605,0.358,0.5,0.006,0.356,0
13776,38,0,9,1.04,0.56,0.646,0.0,0.282,0.271,0
13777,69,1,6,0.909,0.653,0.831,0.0,0.637,0.276,0
13778,55,1,9,0.813,0.598,1.126,0.0,0.623,0.294,0
13779,36,0,11,1.077,0.487,0.457,0.5,-0.2,0.434,0
13780,57,0,6,0.525,0.685,0.857,0.75,0.323,-0.184,0
13781,55,0,7,0.733,0.513,0.895,0.25,0.621,0.048,1
13782,49,1,4,0.836,0.663,0.837,1.0,0.48,-0.098,0
13783,59,0,8,0.88,0.534,0.544,0.0,-0.01,-0.015,0
13784,73,1,9,0.89,0.657,0.907,0.0,0.508,0.167,1
13785,38,0,11,0.911,0.591,0.752,1.0,0.434,0.175,0
13786,41,1,3,0.743,0.615,0.475,0.0,0.001,-0.106,0
13787,82,1,3,0.799,0.553,0.71,1.0,-0.051,-0.1,0
13788,53,1,12,1.133,0.664,0.55,0.25,0.373,0.328,0
13789,70,0,4,0.829,0.654,0.581,0.75,0.06,0.284,0
13790,58,1,12,0.92,0.495,0.997,0.5,0.296,0.291,1
13791,56,0,3,0.946,0.609,0.258,0.0,-0.0,0.298,0
13792,62,1,12,1.173,0.683,1.105,0.75,0.649,0.471,0
13793,70,0,3,0.587,0.528,0.67,0.25,0.288,-0.048,1
13794,49,0,8,0.891,0.602,0.731,0.0,0.38,0.337,1
13795,82,1,7,0.914,0.658,0.221,0.0,-0.06,0.072,0
13796,40,0,8,1.022,0.585,0.766,1.0,0.158,0.065,0
13797,72,0,7,0.847,0.606,0.751,0.5,0.537,0.058,0
13798,63,1,10,1.039,0.499,1.047,0.0,0.46,0.465,1
13799,50,0,12,1.005,0.474,0.667,0.25,0.327,0.305,0
13800,63,0,8,0.985,0.714,0.829,0.0,0.221,0.195,0
13801,68,1,12,0.846,0.466,0.966,0.0,0.445,0.028,0
13802,61,0,8,0.991,0.608,0.461,0.0,-0.042,0.119,0
13803,84,0,10,0.932,0.672,0.943,0.5,0.448,0.222,1
13804,41,1,4,0.94,0.655,0.363,0.75,-0.15,0.151,0
13805,80,0,10,1.118,0.567,0.96,0.0,0.91,0.503,0
13806,57,0,8,0.983,0.663,0.734,0.0,0.318,0.114,1
13807,30,0,8,0.813,0.494,0.774,1.0,0.411,0.14,0
13808,70,1,6,0.682,0.655,0.77,0.0,0.46,-0.072,0
13809,82,0,5,0.909,0.663,0.314,0.0,-0.058,0.185,1
13810,30,0,12,1.025,0.519,1.008,0.0,0.476,0.54,0
13811,37,0,11,0.652,0.624,0.853,0.0,0.561,-0.237,0
13812,60,1,8,0.843,0.52,0.75,0.0,0.144,0.333,0
13813,72,0,5,0.693,0.502,0.897,0.0,0.237,-0.182,0
13814,37,1,11,1.069,0.474,0.733,0.0,0.263,0.216,0
13815,51,1,12,0.901,0.642,1.041,0.5,0.596,-0.08,1
13816,43,1,11,0.699,0.656,0.602,1.0,-0.035,-0.028,0
13817,44,0,12,0.893,0.416,1.314,0.0,0.977,0.039,0
13818,74,1,6,0.98,0.528,0.7,0.0,0.404,0.112,1
13819,42,0,5,0.621,0.636,0.63,0.5,0.125,-0.002,0
13820,41,1,8,1.052,0.567,0.7,0.0,0.287,0.256,1
13821,31,0,11,1.065,0.51,0.936,0.0,0.73,0.117,0
13822,52,1,8,0.893,0.551,0.706,0.0,-0.151,0.109,0
13823,74,0,9,0.868,0.7,0.802,0.0,0.559,0.109,1
13824,76,0,6,0.917,0.553,0.793,0.0,0.467,0.202,1
13825,46,0,10,0.866,0.542,1.04,0.75,0.851,0.072,0
13826,53,0,7,0.938,0.64,0.975,0.25,0.344,0.173,0
13827,68,1,9,0.776,0.618,1.006,0.5,0.609,0.07,0
13828,67,1,10,0.92,0.577,0.919,0.5,0.592,0.279,0
13829,81,1,10,1.007,0.467,0.746,0.5,-0.033,0.276,0
13830,55,0,10,0.777,0.684,0.923,0.25,0.223,-0.117,0
13831,36,0,8,0.675,0.577,0.935,0.75,0.706,0.117,1
13832,47,0,6,0.916,0.677,0.491,1.0,0.061,0.009,0
13833,38,0,12,0.829,0.527,1.117,0.0,0.745,0.02,1
13834,80,0,9,0.949,0.437,0.784,0.0,0.203,0.233,0
13835,53,1,3,0.787,0.592,0.665,0.5,0.316,0.113,0
13836,54,1,11,0.808,0.7,0.754,0.0,0.178,0.111,0
13837,59,1,10,0.853,0.496,0.659,0.0,0.135,-0.035,0
13838,62,1,9,0.905,0.48,0.92,1.0,0.851,0.321,0
13839,75,1,7,0.526,0.511,0.627,0.0,0.107,0.047,0
13840,32,0,11,0.985,0.51,0.449,0.0,0.109,0.222,0
13841,71,0,8,0.784,0.751,0.572,0.25,0.213,-0.094,0
13842,57,1,11,1.07,0.619,0.668,0.0,-0.074,0.408,0
13843,52,0,5,0.74,0.566,0.629,0.0,0.269,0.011,0
13844,60,0,7,0.843,0.528,0.46,1.0,0.064,0.252,0
13845,40,1,3,0.756,0.649,0.69,0.75,-0.01,0.071,0
13846,81,1,4,0.817,0.503,0.966,0.25,0.358,0.012,0
13847,67,0,5,0.916,0.609,0.621,0.75,0.439,0.061,0
13848,65,1,4,0.655,0.645,0.485,0.0,-0.187,-0.195,0
13849,74,0,3,0.722,0.738,0.682,0.5,0.187,0.122,0
13850,43,1,11,1.156,0.485,0.943,0.0,0.732,0.543,1
13851,81,1,8,1.09,0.636,1.049,0.0,0.589,0.242,1
13852,80,0,9,0.892,0.492,0.913,0.0,0.704,0.012,1
13853,58,0,8,0.92,0.517,0.805,0.0,0.259,0.171,0
13854,82,0,4,0.644,0.513,0.21,1.0,-0.294,-0.092,0
13855,63,0,10,0.882,0.7,0.808,0.0,0.286,0.099,0
13856,62,0,7,0.7,0.482,0.549,0.5,-0.09,0.0,0
13857,81,0,9,0.763,0.538,0.919,0.0,0.299,0.083,1
13858,56,1,8,0.7,0.549,0.664,0.25,-0.114,0.04,0
13859,50,0,10,0.85,0.535,0.644,0.0,0.013,0.045,0
13860,73,1,5,0.996,0.546,0.805,0.25,0.323,0.086,0
13861,63,0,9,1.009,0.518,0.921,0.25,0.11,0.23,1
13862,30,0,12,0.988,0.459,0.75,0.0,0.181,0.307,0
13863,77,0,11,0.877,0.526,0.645,0.0,0.305,0.158,0
13864,34,0,12,1.01,0.532,0.795,0.75,0.596,0.126,0
13865,80,0,10,1.005,0.409,0.837,0.0,0.417,0.078,1
13866,35,0,5,0.877,0.7,0.734,0.25,0.151,0.177,0
13867,74,1,4,0.88,0.582,0.732,0.75,0.13,0.207,1
13868,32,0,12,1.06,0.552,0.755,0.0,0.315,0.247,0
13869,79,0,9,0.726,0.599,0.957,0.0,0.712,0.055,1
13870,69,0,9,0.818,0.555,0.357,0.0,-0.053,0.009,0
13871,68,0,4,0.674,0.557,0.7,0.0,-0.031,-0.208,0
13872,73,1,12,1.057,0.546,1.002,1.0,0.491,0.29,0
13873,44,0,3,0.76,0.559,0.728,0.5,0.29,-0.061,0
13874,81,1,10,1.316,0.607,0.956,0.5,0.661,0.745,0
13875,30,1,12,0.934,0.604,0.571,0.0,-0.143,0.076,0
13876,63,0,10,0.872,0.371,0.782,1.0,0.53,0.466,0
13877,74,1,12,0.872,0.486,0.7,0.0,0.272,0.083,0
13878,74,1,12,0.887,0.489,1.032,0.5,0.531,0.393,0
13879,66,1,3,0.965,0.554,0.522,0.0,-0.045,0.114,0
13880,78,1,3,0.897,0.7,0.7,0.5,0.149,0.045,0
13881,39,0,11,0.92,0.481,0.87,0.0,0.424,0.008,0
13882,53,0,11,1.115,0.537,1.052,0.25,0.616,0.286,0
13883,62,0,11,0.7,0.465,0.9,0.0,0.317,-0.118,0
13884,46,1,9,0.758,0.48,0.725,0.0,0.219,0.17,1
13885,36,1,5,0.666,0.502,0.552,0.5,-0.016,-0.162,0
13886,53,0,8,0.827,0.529,0.809,0.0,0.484,0.176,0
13887,43,1,3,0.699,0.624,0.287,0.5,0.059,-0.295,0
13888,83,1,5,0.977,0.635,0.536,0.75,0.132,0.178,0
13889,77,0,6,0.774,0.802,0.608,0.5,0.28,0.09,0
13890,41,0,6,0.857,0.676,0.408,1.0,-0.247,0.106,0
13891,60,0,5,0.639,0.695,0.337,0.25,-0.117,-0.166,0
13892,63,0,6,0.709,0.666,0.967,0.0,0.749,0.02,0
13893,79,0,3,0.828,0.603,0.56,0.5,-0.077,-0.001,0
13894,59,1,4,0.782,0.644,0.393,0.0,-0.033,0.196,0
13895,38,1,3,0.662,0.572,0.436,0.75,-0.046,-0.032,0
13896,76,1,9,0.83,0.581,0.658,0.0,0.116,0.011,0
13897,66,1,6,0.766,0.544,0.595,0.25,-0.155,-0.146,0
13898,51,0,8,0.947,0.53,0.887,0.0,0.616,0.132,0
13899,39,1,5,0.966,0.627,0.639,0.0,0.203,0.067,0
13900,72,1,8,0.647,0.561,0.635,0.0,-0.084,0.028,0
13901,58,0,7,0.835,0.511,0.758,0.75,0.297,0.06,0
13902,36,0,6,0.832,0.486,0.875,1.0,0.618,-0.058,0
13903,33,0,7,0.818,0.581,0.973,0.25,0.826,0.192,0
13904,38,0,12,0.964,0.573,0.967,0.25,0.345,0.264,0
13905,57,0,12,1.095,0.535,0.916,0.0,0.341,0.369,0
13906,30,0,11,0.944,0.423,0.663,0.0,0.15,0.244,0
13907,40,0,4,0.834,0.59,0.702,0.25,0.182,0.094,0
13908,84,1,8,0.887,0.544,0.956,0.0,0.476,0.095,1
13909,64,0,3,0.758,0.594,0.615,0.0,0.369,0.228,0
13910,60,0,9,0.713,0.472,1.071,0.5,0.493,-0.012,0
13911,37,0,11,1.083,0.592,0.879,0.0,0.641,0.328,0
13912,46,1,3,0.7,0.497,0.347,0.0,-0.168,0.049,0
13913,43,0,3,0.955,0.53,0.38,0.75,-0.159,-0.084,0
13914,38,1,11,0.754,0.624,0.813,0.5,0.482,0.067,0
13915,61,1,7,0.941,0.531,0.59,0.0,0.231,0.232,0
13916,83,0,10,0.736,0.518,0.574,0.25,0.251,-0.027,0
13917,48,1,5,0.992,0.651,0.469,0.0,-0.186,0.363,0
13918,80,1,9,0.994,0.494,0.47,0.0,0.054,0.18,0
13919,82,1,9,1.193,0.456,0.651,0.25,0.209,0.579,1
13920,62,1,9,0.908,0.557,0.802,0.0,-0.001,0.165,0
13921,61,0,10,0.918,0.482,1.01,0.0,0.543,0.075,1
13922,69,0,8,0.7,0.576,0.759,0.0,0.234,-0.018,0
13923,57,0,7,0.775,0.656,0.774,0.75,0.253,-0.08,0
13924,43,0,4,0.603,0.574,0.455,0.5,-0.007,-0.211,0
13925,47,1,9,0.893,0.595,0.478,0.0,-0.028,0.21,0
13926,77,0,12,0.847,0.423,0.742,0.25,0.293,0.181,1
13927,64,0,5,1.071,0.616,0.477,0.0,0.026,0.074,0
13928,43,0,9,0.941,0.534,0.595,1.0,-0.017,0.073,0
13929,37,1,10,0.861,0.603,0.923,0.0,0.702,0.313,0
13930,60,0,9,1.045,0.625,0.96,0.0,0.38,0.479,0
13931,75,1,7,0.885,0.54,0.479,0.75,-0.014,0.019,0
13932,40,1,11,0.847,0.608,0.792,0.5,0.373,0.181,0
13933,77,1,6,0.7,0.502,0.69,0.75,0.131,-0.157,1
13934,37,0,12,1.016,0.686,0.873,0.25,0.296,0.143,1
13935,56,0,12,1.01,0.48,1.371,0.0,0.733,0.25,1
13936,53,1,6,0.91,0.539,0.609,0.0,0.219,0.009,0
13937,48,1,7,0.822,0.507,0.633,0.75,0.385,0.018,0
13938,41,0,12,1.097,0.545,1.069,0.5,0.394,0.157,0
13939,45,0,11,0.881,0.452,0.941,0.0,0.291,0.149,0
13940,75,0,10,0.835,0.615,0.943,0.25,0.318,0.231,0
13941,44,0,5,0.67,0.596,0.903,0.0,0.235,-0.039,1
13942,33,1,4,0.83,0.501,0.685,0.75,0.273,0.067,0
13943,40,1,12,0.885,0.596,0.894,0.0,0.77,0.174,0
13944,38,1,7,0.889,0.591,0.964,0.0,0.52,-0.045,0
13945,64,0,9,1.023,0.601,0.912,0.5,0.648,0.279,0
13946,34,0,4,0.914,0.733,0.505,0.25,0.282,0.186,0
13947,75,0,11,0.856,0.649,0.924,0.0,0.535,0.22,0
13948,37,0,9,0.889,0.569,0.594,0.0,0.098,0.16,0
13949,49,0,8,0.888,0.605,0.819,0.0,0.577,-0.005,0
13950,36,0,4,0.846,0.65,0.651,1.0,0.002,0.071,0
13951,48,0,5,0.727,0.716,0.414,0.0,0.135,-0.104,0
13952,75,1,8,0.905,0.556,0.815,0.75,0.249,0.19,0
13953,71,0,9,0.679,0.485,0.54,0.5,-0.117,-0.061,0
13954,42,1,12,0.964,0.655,0.677,0.0,0.066,0.011,0
13955,56,0,11,1.105,0.583,1.098,0.25,0.479,0.159,0
13956,44,1,6,0.926,0.542,0.405,0.0,-0.155,0.1,0
13957,43,1,3,0.891,0.568,0.438,0.0,-0.023,0.221,0
13958,67,0,7,0.691,0.694,0.593,0.75,0.218,-0.131,0
13959,76,0,9,0.84,0.681,0.833,0.0,0.411,0.119,1
13960,59,0,5,0.817,0.51,0.572,1.0,-0.047,0.072,0
13961,58,1,6,0.912,0.483,0.883,0.75,0.213,-0.149,1
13962,55,1,10,0.945,0.487,0.813,0.5,0.494,0.302,1
13963,34,1,4,1.085,0.576,0.363,0.25,-0.136,0.326,0
13964,51,0,12,0.956,0.434,0.978,0.0,0.666,0.056,0
13965,82,0,4,0.734,0.569,0.685,0.0,0.22,-0.064,0
13966,70,1,4,0.77,0.632,0.525,0.0,0.274,-0.063,0
13967,70,0,11,1.053,0.572,0.788,0.75,0.55,0.05,0
13968,55,0,10,0.934,0.527,0.699,0.0,0.009,0.12,0
13969,78,1,9,0.702,0.415,0.982,0.75,0.49,0.1,0
13970,45,1,7,0.875,0.63,0.734,0.5,0.239,0.189,0
13971,71,0,12,0.882,0.499,1.072,1.0,0.825,0.138,0
13972,83,1,8,0.7,0.582,0.7,0.25,-0.035,0.085,0
13973,35,1,4,0.874,0.679,0.527,0.75,0.015,0.044,0
13974,84,0,7,1.023,0.549,0.861,0.0,0.483,0.07,1
13975,68,1,4,1.058,0.602,0.806,0.25,0.197,0.275,1
13976,76,1,5,0.804,0.574,0.719,0.0,0.253,0.097,0
13977,50,1,11,0.989,0.537,0.716,0.0,0.19,0.264,0
13978,47,0,10,0.915,0.592,1.022,0.5,0.918,0.004,0
13979,81,0,3,0.747,0.746,0.411,0.75,-0.364,0.054,0
13980,30,0,5,0.937,0.59,0.473,0.0,0.212,0.03,0
13981,52,0,7,1.022,0.519,0.849,0.0,0.388,0.172,0
13982,62,0,9,0.956,0.644,0.918,0.0,0.159,0.237,1
13983,80,1,10,0.763,0.642,0.525,0.0,-0.1,0.056,1
13984,63,1,9,0.964,0.442,0.786,0.5,0.086,0.229,0
13985,55,1,11,1.02,0.563,0.839,0.0,0.384,0.236,1
13986,82,1,6,0.665,0.612,0.389,0.25,0.024,-0.107,0
13987,71,0,6,0.846,0.635,0.721,0.25,0.5,0.05,0
13988,39,0,12,0.861,0.625,1.166,0.25,0.976,0.093,1
13989,63,0,12,0.905,0.505,0.698,0.25,0.067,0.218,0
13990,70,0,12,0.923,0.559,1.041,0.25,0.341,0.196,0
13991,82,1,10,0.682,0.696,0.985,0.0,0.8,0.028,0
13992,43,0,11,0.912,0.543,0.7,0.0,0.209,0.299,0
13993,76,1,5,0.789,0.532,0.561,0.0,-0.177,0.051,0
13994,56,0,6,0.805,0.731,0.864,0.0,0.233,0.029,0
13995,36,1,9,0.997,0.515,0.915,1.0,0.475,0.084,0
13996,62,0,10,0.808,0.66,0.7,1.0,0.413,-0.029,0
13997,49,1,3,0.7,0.697,0.602,1.0,0.213,-0.163,0
13998,70,1,7,1.037,0.6,0.387,0.75,-0.065,0.37,0
13999,79,1,6,0.852,0.5,0.445,0.0,0.119,0.126,0
14000,66,0,8,0.87,0.651,0.758,0.5,0.161,0.27,0
14001,84,1,9,0.909,0.568,0.788,0.5,0.307,0.115,0
14002,59,0,9,0.931,0.555,0.756,0.0,-0.049,0.125,1
14003,37,0,9,1.133,0.543,0.767,0.75,0.356,0.317,0
14004,45,0,9,0.768,0.488,0.857,0.0,0.575,0.127,0
14005,44,0,12,0.753,0.739,0.9,0.25,0.638,-0.048,0
14006,70,1,12,1.032,0.521,1.048,0.0,0.684,0.167,1
14007,49,0,7,0.841,0.698,0.662,0.0,0.348,0.035,0
14008,74,1,5,0.658,0.548,0.402,1.0,-0.324,0.068,0
14009,74,1,12,1.026,0.595,1.099,0.25,0.412,0.358,1
14010,52,1,6,0.928,0.496,0.619,0.0,-0.055,0.263,0
14011,73,1,3,0.939,0.58,0.73,0.0,0.164,0.154,1
14012,75,1,3,0.713,0.684,0.627,0.75,0.084,-0.107,0
14013,49,0,3,0.89,0.624,0.589,0.0,0.549,0.1,0
14014,63,0,7,0.767,0.575,0.408,0.25,-0.218,0.093,0
14015,31,0,11,0.793,0.547,0.886,0.75,0.341,0.023,0
14016,48,0,8,0.905,0.522,0.459,0.0,0.119,0.196,0
14017,64,0,7,0.877,0.552,0.719,0.0,0.167,0.157,0
14018,80,0,5,0.981,0.717,0.509,0.0,-0.145,0.156,0
14019,36,1,6,1.022,0.564,0.708,0.0,0.377,0.316,0
14020,38,0,7,0.783,0.56,0.76,0.25,0.35,0.083,0
14021,84,1,4,0.66,0.58,0.537,0.0,-0.144,-0.113,0
14022,33,0,3,0.86,0.793,0.512,0.5,0.06,0.043,0
14023,37,0,4,0.693,0.639,0.653,0.0,0.092,-0.182,0
14024,55,1,3,0.962,0.652,0.623,0.0,-0.278,0.057,0
14025,35,0,6,0.886,0.503,0.717,0.5,0.161,0.046,1
14026,77,1,12,0.906,0.549,1.02,0.0,0.598,0.238,0
14027,78,0,9,0.866,0.56,0.895,0.25,0.352,-0.024,1
14028,57,1,5,0.725,0.508,0.504,0.0,-0.305,-0.212,0
14029,48,1,11,1.091,0.581,1.093,0.0,0.541,0.449,0
14030,40,1,7,0.872,0.598,0.757,0.75,0.45,0.18,0
14031,56,0,6,0.875,0.778,0.889,0.0,0.189,0.121,0
14032,37,1,8,0.941,0.462,0.694,0.0,0.039,0.01,0
14033,47,1,11,0.993,0.446,0.843,0.0,0.683,0.24,0
14034,48,0,10,0.914,0.599,0.664,0.0,0.256,0.129,0
14035,77,1,11,0.862,0.538,0.933,0.0,0.386,-0.0,0
14036,60,0,5,0.684,0.7,0.711,0.25,0.283,-0.088,0
14037,58,0,5,0.89,0.579,0.585,0.75,0.284,0.117,0
14038,51,0,12,0.868,0.631,0.924,0.25,0.6,0.218,0
14039,49,0,12,1.054,0.446,0.57,0.25,0.304,0.239,0
14040,57,1,11,0.959,0.619,0.868,0.0,0.481,0.105,0
14041,36,1,4,0.867,0.653,0.724,0.0,0.34,0.052,0
14042,42,1,3,0.787,0.585,0.687,0.0,0.022,0.073,0
14043,73,1,9,0.688,0.54,0.682,0.0,-0.134,-0.236,1
14044,72,0,10,0.916,0.484,0.676,0.25,-0.017,0.24,1
14045,33,0,9,0.875,0.697,0.701,0.0,0.058,0.03,0
14046,81,0,4,0.866,0.498,0.642,0.5,0.28,0.205,0
14047,62,0,5,0.89,0.582,0.393,0.25,0.194,0.142,0
14048,32,0,11,0.969,0.601,0.711,0.5,0.19,0.061,0
14049,34,1,9,1.018,0.649,0.519,0.25,-0.004,0.458,0
14050,32,1,11,1.073,0.551,0.974,0.5,0.518,0.335,0
14051,59,1,7,0.863,0.633,0.729,0.0,0.153,0.079,0
14052,81,1,5,0.757,0.619,0.271,1.0,-0.429,-0.363,0
14053,57,1,10,1.131,0.653,1.14,0.0,0.448,0.357,0
14054,39,1,9,0.928,0.523,0.573,0.0,0.309,0.153,0
14055,45,1,10,0.987,0.516,1.022,0.25,0.508,0.297,0
14056,55,0,6,0.753,0.647,0.522,0.0,-0.009,-0.156,0
14057,63,1,10,1.021,0.517,0.838,0.0,0.247,0.419,1
14058,50,1,11,0.917,0.402,0.861,0.5,0.258,0.089,1
14059,73,0,7,0.827,0.598,0.765,0.0,0.312,0.048,0
14060,73,0,8,0.876,0.673,0.603,0.0,0.025,-0.018,0
14061,75,1,10,0.7,0.609,1.166,1.0,0.525,-0.111,1
14062,63,0,7,0.925,0.649,0.8,0.0,0.177,0.213,0
14063,76,0,8,0.909,0.646,0.833,0.0,0.392,0.167,0
14064,38,1,11,1.055,0.596,0.738,0.0,0.383,0.511,1
14065,46,1,12,0.911,0.416,0.972,0.0,0.212,0.073,0
14066,81,0,7,0.987,0.675,0.854,0.0,0.385,0.4,0
14067,66,1,8,0.847,0.595,0.656,0.0,0.208,0.052,0
14068,67,0,12,1.093,0.463,0.86,0.0,-0.036,0.425,0
14069,52,0,3,0.523,0.568,0.458,0.0,0.036,-0.198,0
14070,61,0,7,0.872,0.577,0.913,0.0,0.581,0.149,0
14071,80,1,3,0.639,0.71,0.46,0.0,0.069,-0.045,0
14072,72,0,11,1.093,0.523,0.857,0.0,0.474,0.146,1
14073,35,1,4,0.807,0.612,0.677,0.25,-0.057,0.045,1
14074,43,1,9,0.924,0.359,0.925,0.5,0.33,0.224,0
14075,70,1,12,0.821,0.423,0.82,0.25,0.12,0.125,0
14076,60,0,6,1.02,0.609,0.625,1.0,0.294,0.402,0
14077,50,1,7,0.891,0.481,0.75,1.0,-0.018,0.145,0
14078,51,0,6,0.778,0.541,0.902,0.25,0.549,0.066,0
14079,36,1,8,1.206,0.602,0.806,0.0,0.087,0.609,0
14080,32,1,9,0.952,0.419,0.781,0.0,0.058,0.161,1
14081,33,1,11,0.814,0.649,1.388,0.75,0.758,0.137,0
14082,77,1,4,0.635,0.672,0.663,0.5,0.07,-0.115,0
14083,50,1,5,0.763,0.706,0.439,0.0,-0.231,0.083,0
14084,57,0,10,0.859,0.423,0.708,0.0,0.076,-0.095,0
14085,57,1,5,0.956,0.565,0.587,0.0,0.05,0.419,1
14086,72,1,12,0.993,0.597,0.941,0.0,0.646,0.114,1
14087,37,1,5,0.82,0.672,0.548,0.0,0.046,0.032,0
14088,71,0,6,0.865,0.652,0.555,0.25,0.006,0.248,0
14089,50,1,6,0.915,0.557,0.717,0.0,0.294,0.075,0
14090,49,1,4,0.433,0.509,0.595,0.75,0.027,-0.334,0
14091,78,1,3,0.902,0.566,0.366,0.5,0.264,0.317,0
14092,81,0,4,0.7,0.697,0.93,0.5,0.3,-0.022,0
14093,32,1,9,0.712,0.48,1.033,0.0,0.665,0.006,0
14094,56,1,6,0.891,0.476,0.565,0.5,-0.024,0.197,1
14095,52,0,10,1.068,0.5,0.449,0.0,-0.206,0.406,0
14096,54,0,11,1.021,0.617,0.817,0.0,0.328,0.292,0
14097,41,0,3,0.751,0.7,0.583,0.0,-0.156,0.166,0
14098,67,1,4,0.78,0.544,0.793,0.0,0.349,-0.071,1
14099,30,1,11,0.905,0.616,0.963,0.75,0.535,0.157,0
14100,54,0,11,1.016,0.387,0.971,0.0,0.583,-0.118,1
14101,43,1,4,0.826,0.647,0.56,0.0,0.086,0.064,0
14102,53,1,10,0.894,0.469,0.84,0.25,0.187,0.025,1
14103,82,1,7,0.817,0.628,0.845,1.0,0.282,0.059,0
14104,76,1,3,0.7,0.582,0.39,0.5,-0.146,-0.01,1
14105,44,0,6,0.964,0.686,0.464,1.0,0.017,0.225,0
14106,84,1,8,0.889,0.613,0.65,0.25,-0.006,0.175,1
14107,55,0,5,0.708,0.599,0.372,0.0,-0.114,-0.184,0
14108,53,0,9,0.994,0.535,0.628,0.25,0.178,0.458,0
14109,83,0,7,0.634,0.671,0.677,0.0,0.141,-0.239,0
14110,55,0,7,1.037,0.48,0.432,0.0,-0.076,0.312,0
14111,36,1,8,0.846,0.539,0.925,0.0,0.37,-0.067,0
14112,53,1,8,0.779,0.727,0.565,1.0,-0.19,-0.019,0
14113,74,1,4,0.748,0.506,0.655,0.75,0.342,-0.165,1
14114,65,0,4,0.841,0.547,0.364,0.5,-0.014,0.141,0
14115,38,0,8,0.825,0.529,1.023,0.0,0.792,-0.159,0
14116,66,0,3,0.689,0.693,0.338,0.0,0.031,-0.129,0
14117,83,0,9,0.877,0.518,0.944,0.0,0.399,0.177,0
14118,48,0,5,0.885,0.691,0.7,0.25,0.413,0.227,0
14119,56,0,3,0.721,0.639,0.493,1.0,0.067,-0.139,0
14120,80,0,12,0.886,0.516,0.779,0.75,0.475,-0.068,0
14121,74,0,10,0.968,0.561,0.687,0.5,0.275,0.025,1
14122,72,1,9,1.024,0.568,0.59,1.0,0.205,0.298,0
14123,39,0,11,0.739,0.468,0.956,0.0,0.623,-0.2,0
14124,81,0,4,0.689,0.644,0.566,0.0,-0.043,-0.42,0
14125,47,1,8,1.058,0.508,0.657,0.0,-0.067,0.447,1
14126,34,0,9,0.994,0.649,0.837,0.5,0.265,0.251,0
14127,36,0,6,0.891,0.7,0.727,0.5,0.139,0.181,0
14128,73,0,11,0.901,0.474,0.7,0.0,0.156,0.05,0
14129,42,0,8,1.052,0.474,0.985,0.0,0.486,0.311,0
14130,74,0,9,0.811,0.527,0.727,0.0,0.345,-0.07,0
14131,57,1,11,0.576,0.456,0.752,0.0,0.203,-0.107,0
14132,60,0,9,0.811,0.585,0.817,0.0,-0.034,0.11,0
14133,68,0,8,0.832,0.505,0.824,0.5,0.618,-0.007,0
14134,78,1,12,0.83,0.495,0.956,0.0,0.361,0.08,0
14135,66,0,10,0.924,0.534,0.698,0.0,0.028,-0.016,0
14136,78,1,9,0.855,0.645,0.965,0.0,0.54,0.357,0
14137,49,0,11,0.863,0.542,0.827,1.0,0.257,0.255,1
14138,40,1,8,0.939,0.588,0.618,0.5,0.019,0.114,0
14139,45,1,8,1.149,0.609,0.83,0.0,0.308,0.535,0
14140,58,0,11,1.036,0.655,0.85,0.0,0.391,0.336,0
14141,31,0,10,0.808,0.41,0.873,1.0,0.456,0.248,0
14142,83,0,4,0.909,0.603,0.364,0.0,-0.167,0.354,0
14143,70,1,10,0.865,0.521,0.882,0.5,0.411,0.209,0
14144,41,1,8,0.747,0.659,0.684,0.5,0.067,-0.12,0
14145,78,1,4,0.841,0.635,0.701,0.0,0.001,-0.056,0
14146,46,1,10,1.022,0.508,0.859,0.25,0.222,0.255,0
14147,38,1,5,0.699,0.616,0.784,0.25,0.321,0.093,0
14148,64,0,6,0.746,0.658,0.635,0.0,0.192,-0.105,0
14149,62,0,4,0.848,0.566,0.555,0.25,0.11,0.023,0
14150,70,0,6,0.719,0.682,0.63,0.0,0.198,0.186,0
14151,77,0,9,0.988,0.676,0.902,0.5,0.508,0.251,1
14152,37,0,5,0.788,0.608,0.652,0.25,0.491,-0.131,0
14153,50,0,11,0.87,0.62,0.48,0.0,0.295,0.298,0
14154,83,1,9,1.064,0.7,0.891,0.25,0.264,0.375,1
14155,34,0,10,0.935,0.618,0.727,0.0,0.407,0.362,0
14156,34,1,11,0.983,0.58,1.407,0.0,0.873,0.068,0
14157,61,1,4,0.895,0.5,0.444,0.5,-0.163,0.01,0
14158,55,1,11,0.89,0.542,1.045,0.0,0.545,0.036,0
14159,33,1,3,1.017,0.676,0.619,1.0,0.194,0.447,0
14160,59,0,11,0.976,0.426,1.019,0.0,0.351,0.429,0
14161,81,0,4,0.784,0.613,0.41,0.25,0.152,-0.118,0
14162,53,0,11,0.963,0.754,0.981,0.5,0.604,0.215,0
14163,57,0,9,0.961,0.526,0.601,0.5,0.168,0.261,0
14164,65,0,8,0.562,0.7,0.905,0.0,0.302,-0.172,0
14165,73,0,8,0.887,0.596,0.749,0.0,0.114,-0.03,0
14166,50,1,9,0.841,0.7,0.859,1.0,0.159,0.083,0
14167,67,0,7,0.823,0.623,0.873,0.0,0.302,0.167,0
14168,32,0,12,0.875,0.438,1.117,0.0,0.472,0.129,0
14169,56,1,12,1.054,0.608,0.887,1.0,0.665,0.196,0
14170,70,0,6,1.035,0.538,0.578,0.0,-0.04,0.33,0
14171,42,1,8,0.755,0.609,0.876,0.0,0.632,0.079,0
14172,76,0,10,0.711,0.426,0.937,0.25,0.126,-0.046,0
14173,56,1,6,1.02,0.7,0.178,0.0,-0.33,0.354,0
14174,30,1,5,0.905,0.658,0.52,1.0,0.071,0.411,0
14175,62,1,7,0.635,0.7,0.88,0.25,0.463,-0.392,0
14176,32,1,5,0.757,0.603,0.849,0.0,0.344,-0.041,0
14177,48,0,10,0.848,0.475,0.985,1.0,0.619,0.012,1
14178,79,0,8,0.744,0.52,0.63,0.0,-0.123,0.044,0
14179,33,1,7,0.626,0.547,0.771,0.75,0.454,-0.223,1
14180,72,0,10,0.948,0.512,1.034,0.25,0.376,0.04,0
14181,33,1,6,0.693,0.491,0.248,0.5,-0.097,0.146,0
14182,76,1,10,0.79,0.7,0.786,0.5,0.132,0.071,0
14183,58,0,6,0.912,0.401,0.627,0.25,0.152,-0.039,0
14184,38,0,7,0.636,0.577,0.849,0.0,0.394,-0.284,0
14185,37,0,9,0.967,0.639,0.75,0.75,0.241,0.253,0
14186,71,0,10,1.012,0.634,0.865,0.0,0.262,0.182,0
14187,75,0,4,0.852,0.777,0.711,0.0,0.331,0.309,0
14188,59,0,10,0.995,0.623,1.077,0.0,0.377,0.35,0
14189,30,0,4,0.564,0.791,0.704,0.0,0.146,-0.12,0
14190,63,0,4,0.974,0.68,0.587,0.75,0.062,0.223,0
14191,59,1,6,0.821,0.498,0.971,0.75,0.495,0.114,0
14192,31,0,5,0.966,0.73,0.507,0.0,-0.109,0.049,0
14193,79,0,11,0.916,0.531,1.189,0.0,0.566,0.119,0
14194,78,1,8,0.86,0.546,0.62,0.0,0.043,-0.027,0
14195,43,0,11,0.998,0.46,0.583,1.0,-0.107,0.272,0
14196,30,1,5,0.937,0.551,0.588,0.25,-0.01,0.209,0
14197,42,1,5,0.86,0.521,0.578,0.0,0.162,0.221,0
14198,42,0,4,0.905,0.57,0.339,0.5,-0.237,0.364,0
14199,32,0,5,0.739,0.67,0.814,0.0,0.301,0.002,0
14200,57,0,3,0.824,0.664,0.473,0.0,0.111,0.04,0
14201,79,0,4,0.676,0.647,0.296,0.0,-0.044,-0.261,0
14202,79,0,11,0.999,0.423,0.697,0.0,0.358,0.4,0
14203,65,1,12,0.881,0.455,1.07,0.5,0.675,0.14,0
14204,84,1,4,0.818,0.613,0.918,0.75,0.534,0.152,1
14205,77,1,9,0.997,0.519,0.652,0.0,0.321,0.512,1
14206,83,1,11,0.908,0.574,1.138,0.0,0.709,0.166,1
14207,78,0,12,0.928,0.533,0.7,0.5,0.345,0.209,0
14208,66,1,9,0.989,0.537,0.796,0.0,0.294,0.55,0
14209,73,0,12,0.895,0.588,0.844,0.5,0.323,0.278,0
14210,49,1,4,0.735,0.632,0.67,0.0,0.305,-0.005,0
14211,33,1,7,0.842,0.457,0.606,0.0,-0.022,0.295,0
14212,69,0,10,0.845,0.7,0.745,0.75,0.4,0.269,0
14213,53,1,8,0.863,0.638,0.828,1.0,0.492,0.223,0
14214,42,0,8,0.885,0.564,0.734,0.0,0.203,0.009,0
14215,53,1,8,0.841,0.564,0.857,0.0,0.233,-0.115,1
14216,64,1,4,0.657,0.501,0.617,1.0,0.267,-0.166,0
14217,71,0,9,0.963,0.581,1.003,0.5,0.252,0.107,1
14218,72,0,5,0.637,0.594,0.538,0.0,-0.089,-0.267,0
14219,43,1,10,1.051,0.567,0.641,0.25,0.084,0.495,0
14220,48,1,5,1.048,0.439,0.849,0.5,0.28,0.132,0
14221,51,0,8,0.698,0.567,0.627,0.0,0.243,-0.138,0
14222,79,0,3,0.781,0.524,0.709,0.0,0.098,0.004,0
14223,55,0,10,1.211,0.456,1.029,0.0,0.433,0.597,1
14224,43,0,4,0.604,0.562,0.695,0.0,0.1,-0.06,0
14225,79,1,7,0.828,0.582,0.664,0.25,0.288,0.068,0
14226,51,1,9,0.834,0.556,0.736,0.0,0.439,0.018,0
14227,68,1,10,0.844,0.457,0.756,0.0,0.6,-0.003,1
14228,58,1,11,1.063,0.614,0.7,0.0,0.222,0.173,0
14229,83,1,8,0.834,0.517,0.701,0.0,0.297,0.352,0
14230,37,1,4,0.852,0.723,0.883,0.5,0.53,-0.158,0
14231,42,1,11,0.892,0.462,0.608,0.25,0.363,0.059,0
14232,64,0,6,0.739,0.62,0.862,0.0,0.373,0.057,1
14233,70,0,11,0.915,0.486,0.934,0.5,0.498,0.181,0
14234,39,1,8,0.973,0.473,0.636,0.0,0.03,0.199,0
14235,63,1,6,0.79,0.649,0.583,0.5,0.091,0.113,0
14236,82,0,8,0.973,0.578,0.847,0.5,0.706,0.296,1
14237,55,0,8,0.988,0.678,0.974,0.5,0.721,0.228,0
14238,69,1,12,0.648,0.546,1.173,0.0,0.753,-0.017,1
14239,44,1,6,0.759,0.47,0.705,0.0,0.218,-0.003,0
14240,79,0,4,0.969,0.667,0.778,1.0,0.233,0.181,0
14241,33,0,9,1.204,0.444,1.012,0.25,0.488,0.416,1
14242,54,1,4,0.724,0.566,0.642,0.25,0.173,0.024,0
14243,36,1,9,0.622,0.556,0.616,0.5,-0.006,-0.308,0
14244,40,0,10,0.85,0.496,0.76,0.0,0.12,-0.008,0
14245,75,1,7,0.815,0.521,0.629,0.0,0.496,-0.044,0
14246,68,1,5,0.927,0.51,0.54,0.5,-0.04,0.204,0
14247,46,0,9,1.061,0.7,0.621,1.0,0.041,0.332,0
14248,77,0,7,0.963,0.636,0.562,0.0,0.135,0.33,0
14249,50,0,3,0.815,0.554,0.518,0.0,-0.009,0.067,0
14250,62,1,6,0.995,0.599,0.785,1.0,0.29,0.336,0
14251,48,1,8,0.892,0.46,0.735,0.5,0.761,0.042,0
14252,42,0,4,0.557,0.45,0.701,0.0,0.508,-0.321,0
14253,60,0,5,0.797,0.638,0.538,0.5,0.206,0.092,0
14254,31,1,11,0.83,0.571,1.006,0.25,0.792,0.253,0
14255,57,0,4,0.787,0.502,0.385,0.75,0.062,-0.147,0
14256,74,1,12,1.239,0.482,1.004,1.0,0.304,0.61,0
14257,35,1,10,1.158,0.7,0.983,0.0,0.573,0.456,0
14258,84,0,5,0.65,0.577,0.603,0.75,0.238,-0.05,0
14259,64,0,4,0.952,0.754,0.188,0.0,-0.079,0.016,0
14260,74,1,11,0.842,0.598,1.082,0.0,0.481,0.112,0
14261,71,0,10,0.9,0.539,1.008,0.0,0.619,0.144,1
14262,74,1,5,0.841,0.599,0.754,0.0,0.432,0.214,1
14263,52,0,6,0.874,0.552,1.089,0.75,0.89,0.052,0
14264,82,0,4,0.898,0.549,0.545,0.25,0.377,0.198,0
14265,66,1,12,1.132,0.534,0.96,0.5,0.632,0.381,0
14266,55,1,5,0.719,0.664,0.553,0.75,-0.008,-0.034,0
14267,74,1,12,1.007,0.521,0.838,0.0,0.216,0.184,0
14268,79,1,3,0.869,0.704,0.17,0.5,-0.297,-0.209,0
14269,63,0,6,0.935,0.554,0.715,0.5,0.28,0.199,1
14270,71,0,5,0.783,0.584,0.411,0.0,-0.124,0.009,0
14271,70,0,11,0.832,0.458,1.005,0.0,0.382,-0.058,1
14272,43,0,3,0.651,0.723,0.511,0.75,0.073,-0.024,0
14273,58,0,7,0.909,0.43,0.507,0.0,-0.159,0.322,0
14274,83,0,12,0.959,0.588,0.914,0.25,0.434,0.191,0
14275,80,0,5,0.686,0.621,0.7,0.25,0.101,-0.072,1
14276,57,0,7,0.82,0.539,0.809,0.75,0.311,0.041,0
14277,67,1,11,1.026,0.574,0.914,1.0,0.172,0.326,0
14278,76,1,4,0.726,0.561,0.752,0.0,0.319,0.059,0
14279,63,1,11,0.929,0.552,1.013,0.0,0.502,-0.019,0
14280,60,0,3,1.06,0.541,0.9,0.5,0.388,0.285,0
14281,37,1,6,0.7,0.653,0.704,0.0,0.244,-0.076,0
14282,46,0,8,0.838,0.662,0.721,0.75,0.091,-0.011,0
14283,63,1,11,0.762,0.562,0.775,1.0,0.335,0.071,1
14284,53,1,11,1.181,0.487,0.975,0.25,0.246,0.472,0
14285,69,0,12,0.81,0.47,1.172,0.75,0.629,0.083,1
14286,61,1,9,0.7,0.647,0.904,0.0,0.596,0.022,0
14287,53,0,5,0.737,0.742,0.716,0.0,0.219,-0.131,1
14288,34,1,12,1.101,0.563,0.87,0.75,0.562,0.429,0
14289,38,1,12,1.02,0.589,1.219,0.0,0.705,0.273,1
14290,58,0,9,0.914,0.588,1.034,1.0,0.506,0.299,1
14291,38,1,7,0.864,0.682,0.863,0.0,0.283,0.164,0
14292,38,0,10,0.7,0.638,0.607,0.0,0.051,0.119,0
14293,73,0,11,1.086,0.419,0.722,0.25,0.203,0.467,0
14294,36,1,12,0.954,0.583,0.9,0.25,0.072,0.203,0
14295,60,0,6,0.975,0.552,0.798,0.25,0.175,0.371,1
14296,46,1,12,0.812,0.57,0.745,0.0,0.23,0.279,1
14297,32,0,3,0.7,0.48,0.371,0.0,-0.15,-0.214,0
14298,30,1,4,1.027,0.564,0.647,1.0,0.118,0.28,0
14299,80,0,8,0.843,0.458,0.79,0.5,0.306,0.022,0
14300,81,1,9,0.92,0.471,0.628,0.5,0.241,0.22,0
14301,40,1,3,0.75,0.562,0.188,0.0,-0.087,0.155,0
14302,59,1,10,0.853,0.52,1.24,0.5,0.758,0.201,1
14303,66,1,10,0.789,0.517,0.749,0.0,0.376,0.029,0
14304,80,1,4,0.663,0.591,0.763,0.5,0.283,-0.048,0
14305,34,1,6,0.956,0.56,0.762,0.5,0.28,0.093,1
14306,35,0,7,0.859,0.694,0.47,0.5,0.047,0.195,0
14307,78,1,12,1.089,0.574,1.182,0.0,0.762,0.295,1
14308,41,0,4,0.676,0.489,0.717,0.75,0.546,-0.063,0
14309,69,0,6,0.751,0.618,0.574,0.0,0.044,0.127,0
14310,55,1,7,0.712,0.655,0.557,0.0,0.022,-0.205,0
14311,70,1,4,0.562,0.623,0.303,0.0,-0.147,-0.132,0
14312,42,0,12,1.018,0.534,0.7,0.5,-0.004,0.2,0
14313,47,1,3,0.64,0.597,0.579,0.5,-0.027,-0.139,0
14314,53,1,8,0.807,0.593,0.716,0.0,0.472,0.107,0
14315,30,0,10,1.006,0.566,1.001,0.5,0.722,0.348,0
14316,34,1,3,0.789,0.76,0.23,0.0,-0.47,0.238,0
14317,33,1,5,0.805,0.581,0.785,0.75,0.646,0.056,0
14318,84,0,5,0.94,0.592,0.833,0.0,0.319,0.193,0
14319,51,0,7,0.934,0.534,0.966,0.0,0.314,-0.005,1
14320,77,0,11,0.93,0.58,0.842,0.0,0.445,-0.084,1
14321,50,0,3,0.893,0.655,0.7,0.25,-0.026,0.238,0
14322,37,0,4,0.883,0.7,0.512,0.0,-0.139,0.211,0
14323,81,0,8,0.583,0.508,0.616,0.25,-0.118,-0.265,0
14324,31,1,9,1.151,0.701,0.869,0.0,0.536,0.4,0
14325,78,0,6,0.859,0.658,0.627,0.0,0.285,0.213,0
14326,50,1,3,0.75,0.576,0.448,0.0,-0.054,0.067,0
14327,50,0,3,0.711,0.67,0.611,0.25,0.01,-0.204,0
14328,34,0,8,0.893,0.568,0.986,0.0,0.286,0.055,0
14329,74,1,9,0.939,0.464,0.823,1.0,0.316,0.379,0
14330,81,0,4,0.816,0.626,0.574,1.0,0.187,-0.023,0
14331,82,0,12,1.087,0.475,1.056,0.0,0.454,0.319,1
14332,47,1,12,0.966,0.584,1.303,0.0,0.861,0.322,1
14333,34,1,9,0.775,0.581,0.554,0.25,0.162,0.075,0
14334,37,0,3,0.652,0.505,0.855,1.0,0.388,-0.159,0
14335,52,0,4,0.902,0.545,0.543,0.75,0.315,0.01,0
14336,58,1,8,0.736,0.52,0.854,1.0,0.299,-0.136,0
14337,69,0,8,1.007,0.596,0.948,0.0,0.451,0.331,0
14338,60,1,11,0.854,0.578,0.727,0.0,-0.099,0.109,0
14339,61,0,11,0.95,0.7,0.698,0.0,0.311,0.164,0
14340,80,0,8,0.765,0.496,0.857,0.5,0.606,0.046,0
14341,47,1,3,0.822,0.643,0.589,0.0,0.577,0.167,0
14342,45,0,10,0.7,0.664,0.702,0.0,0.284,0.045,0
14343,58,0,9,0.913,0.573,0.886,0.25,0.376,0.068,1
14344,37,0,10,1.011,0.7,1.148,0.5,0.732,0.29,0
14345,76,1,5,0.611,0.725,0.763,0.0,0.38,-0.368,1
14346,75,1,9,0.916,0.559,0.703,0.0,0.493,0.216,0
14347,38,1,9,0.813,0.539,0.7,0.0,0.353,-0.104,0
14348,50,1,9,0.774,0.629,0.707,0.0,0.048,-0.066,1
14349,75,1,6,1.031,0.505,0.714,0.0,0.103,0.195,0
14350,70,1,11,0.985,0.608,0.827,0.0,-0.061,0.223,1
14351,56,0,10,0.999,0.568,0.782,0.0,-0.237,0.364,0
14352,69,0,9,0.859,0.565,0.672,0.5,0.454,0.227,0
14353,74,0,11,1.034,0.6,0.929,0.0,0.379,0.251,0
14354,48,1,10,0.909,0.552,0.706,0.0,0.35,0.457,0
14355,30,1,11,0.922,0.7,0.814,0.75,0.287,0.052,0
14356,81,1,9,0.684,0.566,0.658,0.5,0.527,-0.307,0
14357,47,1,6,1.063,0.571,0.7,0.0,0.318,0.431,0
14358,47,0,3,0.863,0.639,0.447,0.5,0.132,0.21,0
14359,84,0,9,1.029,0.567,0.984,0.0,0.564,0.415,0
14360,79,0,11,0.939,0.563,0.759,0.0,0.196,0.146,0
14361,76,1,4,1.117,0.553,0.433,0.5,-0.209,0.535,0
14362,31,1,11,0.893,0.444,0.704,0.25,0.386,0.182,0
14363,48,0,4,0.706,0.732,0.557,0.0,0.163,-0.232,0
14364,71,1,12,0.949,0.657,0.809,0.5,0.175,0.035,0
14365,64,1,7,0.972,0.592,0.785,1.0,0.111,0.272,0
14366,45,1,4,1.01,0.649,0.348,0.0,-0.368,0.31,0
14367,56,0,4,0.924,0.641,0.759,0.0,0.531,0.353,1
14368,66,1,5,0.758,0.624,0.656,0.5,0.205,0.358,0
14369,59,1,7,1.01,0.522,0.657,0.5,0.087,0.281,0
14370,68,1,6,0.805,0.451,0.403,0.0,-0.043,0.252,0
14371,43,1,11,0.986,0.4,0.79,0.5,0.394,0.281,0
14372,54,0,11,0.942,0.509,0.781,0.0,0.288,-0.101,0
14373,70,1,10,0.817,0.7,0.722,0.0,0.27,0.037,0
14374,63,0,10,0.863,0.655,0.77,1.0,0.333,0.112,0
14375,46,0,9,1.033,0.558,0.657,0.25,0.115,0.138,1
14376,40,0,6,0.963,0.609,0.689,0.5,0.279,0.146,1
14377,63,0,3,0.927,0.652,0.546,0.0,-0.207,0.099,0
14378,75,1,8,0.979,0.466,0.491,0.25,0.015,0.233,0
14379,80,1,12,0.859,0.7,1.001,0.0,0.435,0.041,0
14380,70,0,6,0.904,0.758,0.79,0.0,0.126,0.159,0
14381,80,1,10,0.922,0.551,0.871,0.25,0.444,0.073,1
14382,48,1,3,0.907,0.703,0.514,0.0,0.369,0.207,0
14383,42,1,5,0.896,0.624,0.708,0.5,0.291,0.221,0
14384,78,1,7,1.027,0.579,0.729,0.25,0.391,0.233,0
14385,61,1,12,1.178,0.473,0.884,0.5,0.398,0.208,0
14386,84,1,6,0.963,0.508,0.762,0.0,0.062,0.42,0
14387,67,0,10,0.98,0.466,0.666,0.25,0.162,0.131,0
14388,65,0,8,1.17,0.643,0.683,0.0,0.271,0.518,0
14389,66,1,7,1.099,0.493,0.7,0.0,-0.191,0.131,0
14390,46,1,5,0.598,0.584,0.552,0.5,0.339,-0.305,0
14391,84,0,4,0.954,0.535,0.421,0.0,0.086,0.254,0
14392,82,0,8,0.936,0.414,0.719,0.0,0.251,0.358,1
14393,53,0,7,0.868,0.598,0.504,0.25,0.307,0.238,0
14394,83,1,8,0.896,0.475,0.752,0.0,-0.006,0.345,0
14395,54,0,4,0.886,0.691,0.455,0.0,-0.186,0.095,0
14396,38,1,8,0.975,0.585,0.788,0.0,0.183,0.191,0
14397,81,0,4,0.7,0.522,0.445,0.0,-0.251,-0.02,0
14398,76,0,6,0.932,0.559,0.427,0.75,-0.055,0.34,0
14399,74,1,10,1.082,0.694,0.824,0.5,0.259,0.276,0
14400,83,0,8,1.011,0.718,0.555,0.25,-0.145,-0.007,0
14401,60,0,12,0.996,0.632,1.011,0.0,0.686,0.302,0
14402,62,1,11,0.822,0.502,0.775,0.0,0.391,0.042,1
14403,59,1,8,1.093,0.676,0.99,1.0,0.34,0.308,1
14404,44,0,12,1.111,0.348,1.19,0.0,0.666,0.332,1
14405,66,0,9,0.838,0.623,0.93,0.25,0.511,0.183,0
14406,35,1,6,0.959,0.691,0.551,0.5,0.167,0.233,0
14407,80,0,3,0.836,0.432,0.28,0.0,-0.308,-0.028,0
14408,44,1,5,0.713,0.581,0.617,0.0,0.173,0.144,0
14409,46,1,11,1.068,0.4,0.715,1.0,0.282,0.278,0
14410,63,0,8,1.194,0.519,0.681,0.25,0.406,0.418,0
14411,63,0,11,0.852,0.663,0.576,0.0,-0.07,0.025,1
14412,56,1,11,1.18,0.323,0.608,0.0,0.036,0.49,0
14413,44,0,6,0.824,0.7,0.663,0.0,0.03,-0.103,0
14414,45,0,4,0.706,0.7,0.929,0.5,0.461,-0.024,0
14415,83,0,4,0.687,0.665,0.465,0.5,-0.05,-0.078,0
14416,60,1,3,0.804,0.547,0.31,0.5,0.023,0.256,0
14417,44,1,6,0.785,0.522,0.229,0.0,-0.244,0.003,0
14418,34,0,3,0.864,0.572,0.748,0.5,0.396,-0.03,0
14419,43,1,3,0.769,0.625,0.365,0.25,-0.227,0.115,0
14420,38,0,8,0.953,0.621,0.794,1.0,0.394,-0.081,1
14421,31,0,4,0.933,0.562,0.583,0.75,0.299,0.067,0
14422,46,0,8,0.765,0.611,0.586,0.5,0.092,0.063,0
14423,48,0,6,0.788,0.575,0.965,0.0,0.427,-0.004,0
14424,51,1,8,0.7,0.711,0.858,0.25,0.146,-0.032,1
14425,37,1,8,0.92,0.641,0.599,0.0,0.305,0.189,0
14426,70,1,9,0.795,0.632,0.601,0.0,-0.113,0.115,0
14427,62,0,8,0.914,0.538,0.776,0.0,0.29,0.22,0
14428,82,1,8,1.153,0.607,0.788,0.0,0.468,0.57,0
14429,82,1,10,0.869,0.579,0.737,0.0,0.362,0.158,0
14430,73,0,3,0.879,0.641,0.639,0.5,0.074,0.135,0
14431,73,0,3,0.806,0.594,0.72,0.0,-0.077,-0.004,0
14432,74,0,5,0.541,0.598,0.67,0.0,0.347,-0.347,0
14433,40,0,4,0.812,0.7,0.776,0.5,0.561,0.064,1
14434,72,1,9,0.91,0.454,0.742,0.5,0.449,0.032,0
14435,68,1,7,0.841,0.536,0.356,1.0,-0.366,0.121,0
14436,84,0,6,0.859,0.619,0.628,0.0,0.154,0.061,0
14437,61,0,6,0.766,0.648,0.568,0.25,0.26,-0.086,0
14438,69,0,12,0.88,0.617,0.852,0.0,0.483,0.234,0
14439,68,0,10,0.97,0.613,0.841,0.5,0.125,0.389,1
14440,45,1,8,0.875,0.486,0.782,0.0,0.448,0.27,0
14441,41,1,12,0.946,0.566,0.888,0.25,0.673,0.169,0
14442,70,0,10,0.7,0.527,0.73,0.0,0.453,-0.228,0
14443,55,0,8,0.897,0.522,0.759,0.25,0.033,0.069,0
14444,49,1,8,0.756,0.577,0.946,0.5,0.169,0.073,0
14445,42,0,3,0.875,0.492,0.529,0.0,-0.048,0.091,0
14446,40,1,3,0.76,0.516,0.388,0.25,-0.288,0.163,0
14447,37,0,11,0.7,0.553,0.779,0.25,0.515,-0.024,0
14448,35,1,8,0.867,0.654,0.618,0.25,-0.049,0.176,0
14449,70,0,7,0.756,0.7,0.553,0.0,-0.147,0.081,0
14450,46,0,7,0.783,0.602,0.401,1.0,-0.127,0.166,0
14451,51,0,6,0.821,0.669,0.639,0.0,0.344,0.133,0
14452,59,1,8,0.9,0.524,0.648,0.0,0.155,0.041,0
14453,58,1,4,0.719,0.527,0.617,0.0,0.182,0.076,0
14454,47,1,5,0.82,0.575,0.798,0.0,0.143,0.102,1
14455,83,0,9,0.865,0.601,0.594,0.0,-0.312,0.372,0
14456,82,1,12,1.007,0.526,0.715,0.25,0.461,0.142,0
14457,53,1,11,1.099,0.524,1.152,0.5,0.383,0.4,0
14458,77,1,8,0.886,0.574,0.659,0.75,-0.041,0.212,0
14459,55,1,4,0.891,0.7,0.486,0.0,-0.214,0.224,0
14460,66,1,10,0.904,0.541,0.852,0.75,0.311,0.253,0
14461,61,1,11,0.866,0.537,0.823,0.0,0.405,-0.044,0
14462,47,0,11,0.824,0.6,0.902,0.0,0.657,-0.025,0
14463,38,1,7,0.844,0.563,0.991,0.0,0.644,0.097,0
14464,52,1,3,0.683,0.726,0.659,0.0,0.048,-0.197,0
14465,51,0,12,0.916,0.689,0.924,0.75,0.18,0.185,1
14466,52,0,7,0.937,0.513,0.593,0.0,0.038,0.206,0
14467,38,1,4,0.849,0.613,0.613,0.0,-0.024,0.066,0
14468,73,0,5,0.885,0.578,0.492,0.0,-0.143,0.061,0
14469,30,0,9,0.715,0.507,0.762,0.0,0.106,0.073,0
14470,32,0,11,0.912,0.59,0.613,1.0,0.063,0.328,0
14471,40,0,10,1.043,0.578,0.547,1.0,0.167,0.435,0
14472,54,0,12,0.869,0.708,0.614,0.0,0.008,-0.114,0
14473,36,0,12,1.06,0.61,0.926,0.75,0.82,0.275,0
14474,69,0,10,1.029,0.722,0.65,0.0,0.322,0.285,0
14475,42,0,10,0.765,0.598,0.923,0.25,0.292,0.175,0
14476,64,1,11,1.133,0.6,0.893,0.25,0.667,0.351,1
14477,38,1,3,0.87,0.554,0.474,1.0,0.073,0.062,0
14478,30,0,6,0.852,0.552,0.512,0.0,-0.134,0.053,0
14479,63,1,10,0.773,0.712,1.09,1.0,0.589,-0.269,0
14480,37,0,12,1.0,0.589,0.957,0.0,0.517,0.138,0
14481,67,0,11,0.841,0.661,0.688,1.0,0.364,0.074,0
14482,32,0,4,0.803,0.639,0.691,0.75,-0.073,-0.258,0
14483,63,0,8,1.004,0.639,0.513,0.0,-0.13,0.213,0
14484,46,1,11,0.984,0.584,0.744,0.0,0.271,0.264,0
14485,52,0,6,0.967,0.577,0.657,0.0,0.271,0.15,0
14486,40,0,7,0.836,0.471,0.531,0.0,-0.092,0.248,0
14487,38,0,3,1.094,0.576,0.44,0.75,-0.07,0.247,0
14488,56,1,12,1.018,0.514,0.761,0.0,0.451,0.34,1
14489,72,1,3,0.848,0.738,0.134,0.0,-0.232,0.088,0
14490,49,1,8,1.112,0.623,0.64,0.0,0.137,0.342,0
14491,60,1,6,0.891,0.598,0.795,0.0,0.279,0.18,0
14492,50,0,9,0.765,0.611,0.609,0.25,-0.245,0.012,0
14493,71,1,8,0.804,0.537,0.845,0.0,0.162,0.179,0
14494,79,1,7,1.09,0.504,0.898,0.5,0.118,0.307,0
14495,56,0,4,0.736,0.504,0.541,0.75,-0.003,0.036,0
14496,68,1,6,1.089,0.564,0.823,0.5,0.306,0.416,0
14497,77,0,10,0.846,0.651,0.697,1.0,0.33,0.254,0
14498,52,1,6,0.539,0.502,0.508,0.75,0.288,-0.111,0
14499,31,0,7,0.796,0.668,0.95,0.0,0.432,-0.115,0
14500,71,0,3,0.754,0.504,0.166,0.0,-0.534,-0.029,0
14501,50,1,6,0.825,0.615,0.537,0.0,0.372,0.147,0
14502,72,1,10,0.844,0.624,0.961,0.5,0.235,0.002,0
14503,80,0,7,0.634,0.565,1.111,0.0,0.755,0.018,0
14504,51,0,9,0.904,0.726,1.235,1.0,0.848,0.285,1
14505,53,0,11,0.833,0.584,1.165,0.25,0.787,0.139,0
14506,53,0,6,0.866,0.626,0.362,1.0,-0.149,0.188,0
14507,53,1,11,0.897,0.599,0.759,0.0,0.588,0.253,0
14508,74,0,6,0.845,0.589,0.58,0.0,0.239,-0.006,0
14509,76,0,5,0.759,0.616,0.742,0.0,0.509,-0.089,1
14510,68,0,11,0.887,0.608,0.736,0.25,0.129,0.115,0
14511,72,1,8,1.019,0.633,0.68,0.0,0.256,0.237,0
14512,60,1,9,0.918,0.647,0.803,0.0,-0.06,0.133,0
14513,59,1,9,0.916,0.576,0.647,0.0,0.027,0.213,0
14514,33,0,7,1.022,0.489,0.571,0.25,0.286,0.212,0
14515,56,0,10,1.131,0.592,0.89,0.0,0.445,0.241,1
14516,82,0,9,1.083,0.687,0.592,0.25,0.207,0.403,0
14517,50,1,6,0.953,0.581,0.567,0.0,0.114,0.026,0
14518,84,1,9,0.758,0.509,0.921,0.25,0.478,-0.084,1
14519,72,0,3,0.716,0.628,0.336,0.0,-0.029,-0.035,0
14520,81,1,10,1.031,0.581,0.916,0.25,0.56,0.316,0
14521,72,0,7,0.922,0.7,0.867,0.0,0.356,0.328,0
14522,69,1,7,1.019,0.58,0.966,0.75,0.624,0.245,0
14523,67,1,10,1.038,0.423,0.793,0.25,0.369,0.338,0
14524,64,1,11,0.957,0.522,0.832,0.0,0.527,0.279,0
14525,59,0,11,0.793,0.624,0.991,0.0,0.582,0.103,0
14526,49,1,9,0.957,0.599,0.738,0.0,0.495,0.204,1
14527,35,1,10,0.913,0.576,0.768,0.25,0.406,0.39,0
14528,73,1,12,1.114,0.657,0.91,0.0,0.397,0.566,0
14529,57,0,7,0.928,0.64,0.736,0.25,0.282,0.275,0
14530,77,1,4,1.137,0.61,0.522,0.5,0.271,0.309,1
14531,54,0,10,0.91,0.598,0.733,0.0,0.096,0.221,0
14532,60,1,12,1.008,0.618,0.798,0.0,0.407,0.207,0
14533,47,0,11,1.069,0.661,0.922,0.5,0.43,0.311,0
14534,77,1,6,0.877,0.556,0.626,0.0,0.091,0.028,0
14535,66,0,12,1.033,0.567,0.875,0.5,0.292,0.461,1
14536,60,0,6,0.745,0.525,0.702,0.25,0.423,0.033,0
14537,72,1,7,0.974,0.639,0.728,0.0,0.337,0.101,0
14538,81,1,10,1.053,0.602,0.905,0.75,0.53,0.254,1
14539,59,1,11,0.817,0.62,0.668,1.0,-0.114,0.26,0
14540,37,0,11,0.933,0.374,0.816,0.0,0.341,0.133,0
14541,45,0,8,0.78,0.653,1.099,0.0,0.472,0.009,0
14542,55,0,7,0.911,0.667,0.969,0.0,0.746,0.277,0
14543,54,1,4,0.642,0.63,0.331,0.25,-0.155,0.067,0
14544,63,0,7,0.788,0.7,0.748,0.25,0.168,0.049,0
14545,57,0,12,0.813,0.576,0.878,0.25,0.178,0.156,0
14546,39,0,7,1.049,0.63,0.902,0.5,0.661,0.307,0
14547,42,1,11,0.956,0.531,0.963,0.0,0.177,0.244,1
14548,63,0,9,0.874,0.497,0.837,0.0,0.176,0.284,1
14549,81,0,6,0.992,0.671,0.55,0.0,0.29,0.604,0
14550,63,1,7,0.846,0.473,0.613,0.0,0.498,-0.079,0
14551,49,1,4,0.89,0.733,0.539,0.5,0.349,0.437,0
14552,49,1,7,0.898,0.509,0.764,0.25,0.516,-0.004,0
14553,44,0,12,0.959,0.51,0.817,0.0,0.017,0.173,0
14554,58,1,3,0.641,0.653,0.507,0.5,-0.012,-0.272,0
14555,54,1,3,0.515,0.628,0.526,0.0,0.069,-0.221,0
14556,34,0,7,0.873,0.592,0.743,0.25,0.532,0.238,1
14557,65,1,6,0.81,0.678,0.476,1.0,0.025,0.181,0
14558,80,1,11,1.007,0.55,0.7,0.0,0.241,0.259,0
14559,77,1,4,0.889,0.686,0.528,0.75,0.181,-0.0,0
14560,61,0,4,0.726,0.638,0.511,0.25,-0.27,0.026,0
14561,54,0,12,1.205,0.654,1.225,0.25,0.669,0.555,0
14562,72,1,4,0.929,0.686,0.557,0.0,0.204,0.072,0
14563,76,1,10,0.99,0.527,0.987,0.25,0.077,0.161,0
14564,51,1,8,0.916,0.557,1.046,0.0,0.691,-0.013,0
14565,51,1,12,0.966,0.499,1.2,0.0,0.562,0.227,0
14566,80,1,4,0.81,0.625,0.626,0.0,0.17,0.056,0
14567,84,0,11,1.043,0.526,0.733,0.25,0.47,0.241,1
14568,58,0,7,0.7,0.509,0.988,0.5,0.285,0.085,0
14569,75,1,9,0.813,0.555,0.995,0.0,0.827,0.109,0
14570,54,0,10,0.888,0.744,0.824,0.5,0.227,0.28,0
14571,77,0,9,0.944,0.563,0.815,1.0,0.25,0.155,0
14572,81,1,11,1.02,0.66,1.082,0.0,0.309,0.247,1
14573,35,1,9,1.023,0.563,0.621,0.5,0.022,0.314,0
14574,75,0,8,0.801,0.585,0.855,0.0,0.512,0.031,0
14575,52,1,11,1.274,0.7,0.783,0.25,0.298,0.604,0
14576,33,0,3,1.01,0.515,0.65,0.0,0.412,0.111,0
14577,75,1,11,1.025,0.445,0.964,0.0,0.47,0.325,0
14578,38,0,12,0.973,0.665,1.042,0.0,0.601,0.034,0
14579,34,1,4,0.978,0.569,0.646,0.0,0.131,0.476,0
14580,43,1,5,0.907,0.564,0.592,0.25,0.112,0.15,0
14581,41,1,10,0.946,0.641,0.737,0.25,0.197,0.108,0
14582,60,1,12,0.698,0.504,1.071,0.0,0.991,0.193,1
14583,49,1,11,1.1,0.578,0.695,0.75,0.306,0.4,0
14584,84,1,10,1.016,0.688,0.821,0.0,0.245,0.144,1
14585,72,1,10,0.824,0.7,0.714,0.5,0.368,-0.162,0
14586,35,1,8,0.764,0.734,0.749,0.0,0.107,-0.002,0
14587,76,0,8,1.076,0.602,0.668,0.0,0.113,0.24,0
14588,32,1,5,0.822,0.594,0.662,0.25,-0.026,0.06,0
14589,50,1,10,0.882,0.782,0.764,0.25,0.287,0.191,0
14590,75,1,7,0.748,0.577,0.956,0.5,0.57,-0.233,1
14591,71,1,7,0.818,0.577,0.57,0.0,0.152,0.051,0
14592,74,0,6,0.822,0.541,0.54,0.0,0.143,0.06,1
14593,83,0,3,0.885,0.573,0.523,0.75,-0.057,-0.012,0
14594,59,1,3,0.684,0.537,0.511,0.5,0.14,0.124,0
14595,84,1,10,0.72,0.503,0.869,0.25,0.332,-0.112,0
14596,34,1,4,0.933,0.555,0.432,0.0,-0.008,0.519,0
14597,70,0,7,0.754,0.753,0.431,0.25,-0.249,0.108,0
14598,36,0,9,0.827,0.451,0.677,0.0,-0.041,-0.01,0
14599,36,1,4,0.952,0.667,0.525,0.0,0.019,0.456,0
14600,56,0,6,0.823,0.652,0.724,0.5,0.104,-0.013,0
14601,68,1,4,0.942,0.634,0.722,0.0,0.176,0.247,1
14602,52,0,3,0.864,0.59,0.518,0.0,0.328,-0.005,0
14603,65,0,3,0.887,0.489,0.443,0.5,0.024,0.109,0
14604,58,1,10,0.7,0.393,1.059,0.25,0.836,-0.157,1
14605,81,1,9,0.852,0.635,1.038,0.5,0.267,0.005,1
14606,80,1,9,0.848,0.561,0.878,0.25,0.398,0.167,1
14607,67,0,11,1.159,0.507,0.784,0.0,0.183,0.442,1
14608,75,1,11,0.833,0.426,0.916,0.25,0.353,0.066,0
14609,80,0,6,0.88,0.564,0.583,0.5,0.311,-0.076,0
14610,46,1,7,0.751,0.5,0.752,0.0,0.267,-0.14,0
14611,57,1,11,0.924,0.556,0.787,0.75,0.482,0.065,0
14612,82,1,11,1.068,0.377,0.901,0.75,0.533,0.231,0
14613,69,1,4,1.018,0.792,0.419,0.0,-0.065,0.138,0
14614,50,1,7,0.846,0.562,0.75,0.0,0.481,0.053,0
14615,84,1,10,0.782,0.472,0.889,0.5,0.422,0.211,1
14616,76,0,6,0.939,0.582,0.533,0.0,-0.066,0.32,0
14617,76,0,11,0.853,0.605,0.983,0.25,0.581,0.124,0
14618,81,1,11,0.937,0.637,0.73,1.0,0.048,0.332,0
14619,65,0,6,0.716,0.57,0.569,0.25,0.077,0.063,0
14620,45,0,12,0.868,0.525,1.063,0.25,0.695,0.011,1
14621,48,0,6,0.644,0.621,0.604,0.25,0.079,-0.109,0
14622,81,1,3,0.763,0.621,0.587,0.0,0.157,0.092,0
14623,32,1,10,1.195,0.544,1.11,0.25,0.634,0.561,0
14624,46,0,12,0.96,0.56,0.878,0.25,0.461,0.277,0
14625,69,1,4,0.863,0.589,0.459,1.0,-0.178,-0.079,0
14626,59,1,5,0.583,0.616,0.667,1.0,0.301,-0.211,0
14627,84,1,12,0.789,0.499,0.86,0.75,0.287,-0.164,0
14628,77,0,10,0.975,0.526,0.944,0.5,0.512,0.3,0
14629,58,0,8,0.651,0.509,0.823,0.0,0.311,-0.336,0
14630,33,0,7,0.758,0.622,0.804,0.0,0.482,0.1,0
14631,41,0,10,0.874,0.527,0.964,0.0,0.383,0.243,0
14632,52,1,5,0.644,0.516,0.722,0.0,0.336,-0.013,1
14633,67,1,10,1.089,0.553,0.779,0.5,0.378,0.471,0
14634,35,0,12,0.923,0.631,0.746,0.0,0.211,0.012,0
14635,71,0,12,1.151,0.464,0.883,0.0,0.204,0.456,0
14636,41,0,9,0.861,0.516,0.712,0.25,0.243,0.179,0
14637,70,1,9,0.792,0.554,0.427,1.0,-0.078,-0.183,0
14638,67,0,7,1.054,0.628,0.7,0.0,0.146,0.375,0
14639,44,1,12,0.7,0.494,0.832,0.5,0.577,0.068,0
14640,32,1,4,0.732,0.568,0.443,0.75,-0.012,0.032,0
14641,46,1,9,0.814,0.604,0.852,0.0,0.181,0.176,0
14642,81,1,11,0.994,0.574,0.93,0.0,0.383,0.074,0
14643,39,1,12,0.885,0.595,0.903,0.0,0.474,0.154,0
14644,73,1,4,0.683,0.543,0.671,0.25,-0.14,0.058,1
14645,61,0,3,0.849,0.516,0.361,0.25,-0.2,0.269,0
14646,59,0,7,0.768,0.563,0.824,0.75,0.036,0.211,1
14647,83,1,8,0.857,0.549,0.518,0.75,0.037,0.242,0
14648,38,1,10,0.964,0.566,1.174,0.0,0.758,0.216,0
14649,84,0,8,1.089,0.651,0.65,0.5,0.338,0.376,0
14650,34,1,6,1.259,0.627,0.842,1.0,0.265,0.387,0
14651,65,1,7,0.761,0.625,0.668,1.0,0.396,0.147,0
14652,44,1,7,0.931,0.621,0.75,0.0,0.282,0.088,0
14653,53,0,7,0.665,0.621,0.77,0.5,0.151,-0.152,1
14654,62,1,5,0.83,0.649,0.421,0.0,0.121,0.021,0
14655,54,1,6,0.885,0.568,0.698,0.25,0.152,0.131,0
14656,73,0,12,1.077,0.572,1.087,0.0,0.534,0.267,1
14657,73,1,8,0.7,0.619,0.484,0.0,-0.001,-0.265,0
14658,41,0,9,0.774,0.435,0.715,0.0,0.147,-0.128,0
14659,62,0,6,0.81,0.575,0.538,0.5,0.204,-0.144,0
14660,64,1,9,0.962,0.475,0.755,0.0,0.389,0.143,0
14661,38,0,11,0.9,0.519,0.981,0.25,0.526,0.008,0
14662,80,1,10,1.09,0.479,0.913,0.0,0.633,0.222,0
14663,31,1,8,1.038,0.512,0.949,0.5,0.694,0.145,0
14664,53,0,9,0.824,0.613,0.823,0.0,0.287,0.045,0
14665,55,0,5,0.629,0.587,0.402,0.0,0.175,-0.259,0
14666,66,1,8,0.799,0.577,0.709,0.0,-0.028,0.047,0
14667,40,1,5,1.084,0.555,0.609,0.0,0.101,0.329,0
14668,67,1,7,0.854,0.514,0.815,0.0,0.293,-0.033,0
14669,31,0,11,0.884,0.504,0.788,0.0,0.314,0.074,0
14670,55,0,3,0.948,0.595,0.6,0.5,0.292,0.137,0
14671,34,0,3,1.048,0.621,0.579,0.0,0.101,0.244,0
14672,33,1,10,0.859,0.513,0.8,0.25,0.344,0.125,0
14673,57,0,5,0.681,0.609,0.617,0.0,0.272,-0.161,0
14674,48,0,4,0.743,0.768,0.691,0.0,0.161,0.19,0
14675,53,0,6,0.84,0.577,0.71,0.5,0.315,0.081,0
14676,37,1,6,0.811,0.483,0.694,0.75,0.247,0.027,1
14677,72,0,11,0.852,0.55,0.946,0.0,0.182,0.343,1
14678,53,0,6,0.762,0.643,0.429,0.0,-0.165,0.109,0
14679,63,1,11,0.776,0.457,0.925,0.0,0.517,-0.005,1
14680,67,0,7,1.108,0.559,0.7,0.0,0.251,0.418,1
14681,31,1,7,0.791,0.609,0.728,0.25,0.271,0.047,1
14682,66,0,8,0.822,0.531,0.474,0.0,0.178,0.077,0
14683,47,1,5,0.845,0.59,0.466,0.0,-0.087,0.032,0
14684,78,0,9,0.783,0.7,0.953,0.0,0.257,0.16,0
14685,62,1,6,0.834,0.563,0.732,0.0,0.032,-0.043,0
14686,57,1,9,0.948,0.581,0.762,0.0,0.288,0.018,0
14687,58,0,10,0.658,0.735,0.974,0.0,0.665,0.019,0
14688,68,0,7,0.903,0.517,0.506,0.25,-0.269,0.001,0
14689,39,1,3,0.903,0.558,0.573,0.75,0.151,0.043,0
14690,35,1,9,1.113,0.439,0.582,0.25,0.006,0.411,0
14691,44,1,6,0.9,0.478,0.771,0.75,0.357,-0.045,0
14692,49,0,9,0.831,0.509,0.72,0.25,-0.054,-0.139,0
14693,43,0,8,0.962,0.565,1.093,0.25,0.878,0.206,0
14694,46,0,7,0.936,0.729,0.575,0.0,-0.119,0.288,0
14695,30,0,8,0.826,0.553,0.731,0.5,0.086,0.031,0
14696,42,0,6,0.782,0.667,0.906,0.0,0.538,-0.003,0
14697,40,0,9,1.043,0.7,0.685,0.5,0.117,0.317,0
14698,81,1,9,0.845,0.569,0.691,0.25,0.29,0.046,0
14699,84,0,10,1.151,0.56,0.984,0.0,0.762,0.453,1
14700,45,1,5,0.924,0.532,0.724,0.25,0.304,0.258,0
14701,57,0,9,0.754,0.595,0.734,0.0,0.322,-0.037,0
14702,49,0,11,0.921,0.615,0.859,0.25,0.273,0.017,0
14703,75,0,12,1.121,0.509,0.706,0.0,0.364,0.289,1
14704,61,1,10,0.998,0.632,1.1,0.0,0.632,0.213,1
14705,45,0,10,0.7,0.563,1.077,0.25,0.635,0.17,0
14706,38,0,7,0.903,0.661,0.612,0.75,0.013,0.094,0
14707,50,1,3,0.566,0.653,0.86,1.0,0.695,-0.332,0
14708,64,1,9,0.92,0.557,0.94,0.0,0.504,0.077,0
14709,38,0,4,0.734,0.629,0.32,0.25,-0.25,0.043,0
14710,84,1,5,0.866,0.66,0.538,0.25,-0.123,0.146,1
14711,37,1,4,0.957,0.632,0.661,1.0,0.386,0.295,0
14712,42,0,9,0.755,0.574,0.716,0.0,0.264,-0.105,0
14713,80,1,10,0.845,0.502,0.775,0.25,0.292,-0.061,0
14714,71,1,10,0.923,0.586,0.463,1.0,0.288,0.167,0
14715,68,1,12,0.981,0.573,0.77,0.0,0.33,0.287,1
14716,41,1,9,0.911,0.574,0.915,1.0,0.792,0.081,0
14717,38,0,8,1.02,0.745,0.841,0.0,0.336,0.312,0
14718,52,0,6,0.648,0.609,0.86,0.0,0.518,-0.066,1
14719,72,1,4,0.821,0.552,0.507,0.0,0.116,0.207,0
14720,30,1,10,0.854,0.607,1.118,0.0,0.576,0.128,1
14721,81,1,7,0.894,0.66,0.613,0.0,-0.087,0.054,0
14722,84,0,9,0.969,0.695,0.711,0.25,0.13,0.429,0
14723,52,0,5,0.853,0.546,0.658,0.0,0.17,-0.007,0
14724,45,0,11,1.09,0.485,0.76,0.0,0.167,0.314,0
14725,48,0,10,1.145,0.63,0.834,0.0,0.187,0.586,0
14726,76,1,10,1.023,0.442,1.121,0.0,0.727,0.203,0
14727,55,1,7,0.805,0.629,0.781,0.0,0.279,-0.113,0
14728,55,1,5,0.862,0.568,0.606,0.0,-0.224,0.05,0
14729,78,1,3,0.776,0.658,0.444,0.25,-0.068,-0.012,0
14730,64,1,10,1.021,0.498,0.848,0.5,0.152,0.265,0
14731,35,1,10,0.881,0.526,0.915,0.0,0.29,0.291,0
14732,72,1,7,0.942,0.601,0.708,0.0,0.122,0.104,1
14733,37,1,3,0.666,0.618,0.683,0.75,0.424,-0.32,0
14734,31,1,12,0.566,0.509,0.816,0.25,0.657,-0.453,0
14735,45,1,9,0.998,0.702,0.599,0.0,0.178,0.303,0
14736,80,1,8,0.781,0.46,0.742,1.0,0.627,0.03,0
14737,71,1,5,0.753,0.419,0.402,0.0,-0.03,0.153,0
14738,78,1,12,0.966,0.521,0.901,0.0,0.396,0.289,0
14739,63,1,3,0.917,0.597,0.922,1.0,0.615,0.472,1
14740,82,0,12,1.002,0.511,0.978,0.25,0.416,0.257,1
14741,67,1,3,0.785,0.544,0.512,0.25,-0.078,0.01,0
14742,59,1,8,1.045,0.686,0.74,0.0,0.01,0.249,1
14743,34,0,3,0.613,0.704,0.434,0.5,-0.266,-0.182,0
14744,46,0,6,0.858,0.58,0.645,0.0,0.207,0.161,0
14745,76,0,5,0.909,0.581,0.526,0.0,-0.117,0.177,0
14746,51,1,8,0.915,0.548,0.838,0.5,0.466,0.263,1
14747,79,0,5,0.772,0.655,0.836,0.0,0.409,0.008,0
14748,47,1,6,0.792,0.509,0.762,0.0,0.515,-0.235,0
14749,69,0,3,0.866,0.614,0.462,0.0,0.203,0.076,0
14750,37,0,10,0.966,0.449,0.737,1.0,0.322,0.25,1
14751,75,0,12,1.017,0.602,1.256,0.25,0.556,0.209,0
14752,46,0,12,0.838,0.527,1.294,0.5,0.547,0.084,0
14753,37,1,6,0.85,0.624,0.758,0.0,0.381,0.051,0
14754,63,0,12,1.039,0.466,0.893,0.0,0.499,0.336,0
14755,63,0,9,0.935,0.481,0.73,0.75,0.192,0.276,0
14756,42,1,12,0.987,0.552,1.052,0.0,0.583,0.202,0
14757,63,1,7,0.863,0.614,0.657,0.5,-0.03,0.128,0
14758,40,1,8,1.076,0.315,0.833,0.0,0.579,0.482,0
14759,75,0,9,0.978,0.425,0.802,0.0,0.47,0.211,0
14760,50,1,12,0.863,0.534,0.781,0.0,0.49,0.309,0
14761,43,0,6,0.7,0.655,1.092,0.0,0.416,0.09,1
14762,73,0,7,0.998,0.525,0.621,0.0,-0.023,0.114,0
14763,35,0,11,0.827,0.72,0.901,0.75,0.139,0.059,0
14764,62,1,6,0.743,0.547,0.802,0.5,0.391,-0.046,1
14765,50,1,10,0.866,0.537,0.819,0.25,0.431,0.153,0
14766,71,1,5,0.696,0.563,0.784,0.5,0.124,-0.048,0
14767,49,0,12,1.19,0.541,0.668,0.0,0.437,0.375,1
14768,45,1,4,0.606,0.605,0.606,0.0,0.102,-0.096,0
14769,36,0,9,1.087,0.529,0.747,0.25,0.377,0.327,0
14770,38,0,5,0.948,0.645,0.718,0.0,0.174,0.339,0
14771,54,1,11,1.227,0.464,0.827,0.75,0.443,0.563,0
14772,51,1,7,0.871,0.53,0.752,0.5,0.459,0.246,1
14773,83,0,9,0.847,0.441,0.509,0.0,0.403,0.042,0
14774,83,1,4,0.853,0.663,0.67,0.25,0.059,-0.036,1
14775,81,0,11,0.921,0.472,0.862,0.75,0.511,0.142,0
14776,58,0,6,0.688,0.675,0.663,0.5,-0.027,-0.038,0
14777,35,0,5,0.915,0.674,0.859,0.0,0.489,0.095,0
14778,78,0,10,0.92,0.448,0.746,0.0,0.363,0.055,1
14779,41,0,11,0.921,0.633,0.831,0.75,0.231,0.289,0
14780,72,1,6,1.051,0.688,0.161,0.0,-0.387,0.356,0
14781,57,0,3,0.693,0.6,0.669,0.0,0.295,-0.022,1
14782,78,0,8,1.232,0.614,0.729,0.0,0.195,0.475,0
14783,78,1,7,0.898,0.642,0.645,0.5,0.432,-0.093,0
14784,51,0,4,0.609,0.549,0.453,0.5,0.06,-0.091,0
14785,64,1,11,0.707,0.523,0.637,0.25,0.323,-0.083,0
14786,33,1,6,0.867,0.622,0.841,0.0,0.288,0.307,0
14787,59,0,11,1.165,0.475,0.7,0.0,0.008,0.415,0
14788,70,1,10,1.057,0.593,0.684,0.0,0.466,0.506,0
14789,49,0,6,0.801,0.561,0.384,0.5,0.091,0.07,0
14790,58,1,10,0.98,0.535,0.733,0.25,0.172,0.263,1
14791,72,0,3,0.964,0.516,0.415,0.0,0.105,0.201,0
14792,34,0,9,1.122,0.601,0.703,1.0,-0.043,0.509,0
14793,84,0,10,0.86,0.581,0.985,0.0,0.627,0.037,1
14794,62,0,12,1.15,0.566,0.365,0.5,-0.262,0.318,0
14795,42,1,12,1.174,0.568,1.19,0.0,0.756,0.352,0
14796,66,0,11,0.688,0.391,0.7,1.0,0.0,-0.208,1
14797,47,1,9,0.761,0.596,0.862,0.0,0.184,-0.1,0
14798,69,1,6,0.888,0.625,0.646,0.75,0.075,0.154,0
14799,73,1,3,0.574,0.668,0.59,0.0,-0.022,-0.201,0
14800,49,1,5,0.553,0.491,0.319,0.0,-0.133,-0.337,0
14801,74,1,4,0.708,0.594,0.481,0.0,0.064,0.008,0
14802,38,1,9,0.841,0.609,0.837,0.0,0.207,0.15,0
14803,82,1,9,1.124,0.424,1.218,0.0,0.736,0.393,1
14804,59,0,5,0.766,0.724,0.737,0.0,0.245,-0.112,0
14805,67,1,12,0.938,0.532,0.954,0.75,0.51,0.131,0
14806,70,1,7,0.722,0.438,0.562,0.0,0.239,0.001,0
14807,42,0,9,0.977,0.622,0.7,0.0,0.182,0.356,0
14808,66,0,6,1.002,0.614,0.775,0.5,0.491,0.154,1
14809,31,0,6,0.851,0.471,0.308,0.75,-0.429,0.194,0
14810,32,1,11,1.054,0.544,0.875,0.5,0.479,0.378,1
14811,79,0,4,0.728,0.563,0.601,0.25,0.245,-0.001,0
14812,52,1,11,0.869,0.509,1.253,0.0,0.896,0.098,0
14813,72,0,7,1.072,0.604,0.742,0.75,0.647,0.138,0
14814,76,0,10,0.899,0.674,0.637,0.0,0.463,0.356,0
14815,69,1,12,0.7,0.648,0.737,0.0,0.22,-0.205,1
14816,63,0,11,1.059,0.392,1.024,0.0,0.667,0.395,0
14817,60,0,11,1.027,0.574,0.935,0.0,0.557,0.225,0
14818,84,0,3,0.853,0.641,0.428,0.25,-0.018,0.093,1
14819,81,1,3,0.473,0.487,0.715,1.0,0.27,-0.432,0
14820,73,0,5,0.916,0.632,0.409,0.25,-0.013,0.147,0
14821,41,0,7,0.903,0.657,0.7,0.25,0.517,0.031,0
14822,49,0,3,1.031,0.552,0.639,0.75,-0.02,0.238,0
14823,79,1,9,0.855,0.501,0.784,0.0,0.617,0.307,1
14824,32,0,11,0.989,0.492,0.78,0.0,0.559,0.317,0
14825,44,0,8,0.857,0.611,0.474,0.25,0.192,-0.106,0
14826,64,0,8,0.914,0.601,0.938,0.5,0.559,0.278,0
14827,40,1,12,1.005,0.538,1.082,0.25,0.703,0.305,1
14828,45,1,5,0.601,0.626,0.654,1.0,-0.155,-0.295,0
14829,83,1,7,0.869,0.548,0.639,1.0,0.137,0.186,0
14830,34,1,11,0.984,0.565,1.259,0.5,1.078,0.059,0
14831,47,1,10,0.909,0.596,0.907,0.0,0.418,0.056,0
14832,62,1,12,1.016,0.541,1.122,1.0,0.652,0.316,1
14833,59,1,5,0.762,0.551,0.526,0.25,0.013,-0.018,0
14834,41,1,8,1.051,0.552,0.785,0.0,0.396,0.463,1
14835,61,0,12,0.909,0.514,0.916,0.0,0.65,0.137,0
14836,84,0,3,0.696,0.556,0.441,1.0,-0.002,-0.117,0
14837,34,0,5,0.859,0.618,0.813,1.0,0.607,0.201,0
14838,46,1,9,1.055,0.592,0.716,0.0,0.156,0.382,1
14839,40,0,7,0.815,0.481,0.561,0.0,-0.073,0.147,0
14840,74,1,12,0.942,0.575,0.911,0.75,0.334,0.234,0
14841,39,1,12,0.814,0.51,1.057,0.0,0.463,0.335,0
14842,55,0,10,0.961,0.624,1.193,0.0,0.661,0.148,1
14843,61,1,12,1.013,0.51,1.026,0.0,0.831,0.214,0
14844,34,1,7,0.777,0.417,0.685,0.0,-0.056,-0.189,1
14845,38,0,10,0.973,0.472,0.842,0.75,0.399,-0.101,0
14846,38,0,12,0.882,0.612,0.606,0.0,0.331,0.119,0
14847,38,1,8,0.877,0.635,0.838,0.25,0.239,0.069,0
14848,76,1,11,0.89,0.533,1.099,0.5,0.737,0.136,0
14849,51,1,8,0.835,0.669,0.594,0.25,0.498,0.185,0
14850,62,0,9,1.008,0.517,0.932,0.0,0.674,0.311,0
14851,55,1,8,1.104,0.599,0.958,0.5,0.358,0.245,0
14852,33,1,11,1.054,0.457,0.405,1.0,0.043,0.426,0
14853,57,1,11,0.814,0.568,0.741,0.0,0.257,-0.171,0
14854,77,1,6,0.861,0.644,0.915,0.0,0.708,0.029,1
14855,79,1,6,0.826,0.688,0.846,0.5,0.401,-0.071,0
14856,45,1,10,0.807,0.59,0.89,0.0,0.511,-0.06,0
14857,39,1,11,0.785,0.596,1.013,0.0,0.708,-0.155,0
14858,49,1,8,0.783,0.569,0.479,0.0,0.13,0.036,0
14859,67,1,11,1.043,0.65,1.048,0.25,0.168,0.225,0
14860,41,0,9,0.947,0.586,0.734,0.5,0.354,0.335,0
14861,77,0,3,0.7,0.623,0.533,0.5,-0.031,-0.008,0
14862,78,0,10,0.867,0.551,0.894,0.0,0.605,0.226,1
14863,53,0,9,0.973,0.569,0.734,1.0,0.077,0.345,0
14864,74,0,12,0.883,0.546,1.044,0.25,0.297,0.14,0
14865,59,0,8,0.765,0.564,0.361,0.0,-0.339,-0.205,0
14866,39,1,3,0.855,0.539,0.353,0.0,-0.143,0.143,0
14867,41,0,7,0.843,0.557,0.677,0.75,0.263,0.017,1
14868,74,1,9,1.087,0.702,0.866,0.0,0.235,0.234,0
14869,62,0,11,0.883,0.475,0.67,0.0,0.35,0.177,0
14870,60,1,10,0.772,0.505,1.004,0.25,0.633,-0.03,1
14871,57,1,5,0.822,0.585,0.437,0.0,-0.183,0.142,0
14872,74,0,7,0.677,0.718,0.685,0.25,0.327,-0.087,0
14873,74,1,5,0.788,0.609,0.529,0.0,-0.084,0.23,1
14874,82,1,4,0.9,0.431,0.831,0.25,0.478,0.308,1
14875,31,0,5,0.935,0.7,0.671,0.0,0.152,0.231,1
14876,82,1,6,1.005,0.579,0.695,0.5,0.02,0.104,0
14877,30,0,6,0.884,0.647,0.644,0.0,0.457,0.286,0
14878,45,0,5,0.896,0.665,0.584,0.0,0.183,-0.063,0
14879,50,0,6,1.049,0.609,0.34,0.0,-0.035,0.207,0
14880,51,0,11,1.201,0.519,0.797,0.5,0.057,0.34,0
14881,44,0,10,1.094,0.565,1.075,0.0,0.624,0.367,0
14882,37,1,5,0.666,0.517,0.579,0.0,0.14,-0.21,0
14883,68,1,11,0.943,0.603,1.099,0.5,0.907,0.039,0
14884,44,1,3,0.586,0.753,0.472,0.0,0.132,-0.139,0
14885,43,1,12,0.859,0.504,1.012,0.0,0.18,0.279,1
14886,30,1,7,0.927,0.548,0.982,0.0,0.635,0.097,0
14887,39,1,9,0.997,0.477,0.895,0.0,0.542,0.119,0
14888,43,1,10,0.96,0.604,0.688,0.5,0.07,0.126,0
14889,58,1,8,0.869,0.531,0.684,0.75,0.184,-0.132,0
14890,71,1,9,1.012,0.51,0.692,1.0,0.056,0.276,0
14891,78,1,7,0.879,0.599,0.854,0.25,0.3,0.257,0
14892,61,1,12,0.81,0.473,0.693,0.25,0.201,0.285,0
14893,76,0,6,0.76,0.618,0.787,0.0,0.325,0.076,0
14894,34,1,9,0.952,0.539,0.868,0.0,0.404,0.252,1
14895,49,1,3,0.737,0.751,0.726,0.75,0.089,0.023,0
14896,61,0,9,1.04,0.661,0.719,0.25,0.251,0.212,0
14897,63,0,11,0.95,0.483,1.17,0.5,0.97,0.183,0
14898,75,0,9,0.748,0.509,0.858,1.0,0.158,0.118,1
14899,41,1,8,1.027,0.489,0.594,0.75,0.137,0.266,0
14900,35,1,9,0.936,0.522,0.529,0.0,0.278,0.295,0
14901,57,0,8,0.907,0.627,0.811,0.0,0.459,0.194,0
14902,33,0,4,0.828,0.627,0.706,0.0,0.321,0.236,1
14903,43,0,11,0.935,0.475,0.857,0.0,0.49,0.146,0
14904,75,0,7,0.905,0.425,0.777,0.0,0.077,0.011,0
14905,62,0,6,0.748,0.674,0.833,0.25,0.576,-0.009,0
14906,69,0,6,0.83,0.519,0.861,0.0,0.292,0.13,1
14907,32,0,5,0.7,0.58,0.479,0.5,-0.04,-0.139,0
14908,72,0,5,0.642,0.548,0.73,0.75,0.204,-0.2,0
14909,63,0,12,0.651,0.68,1.239,0.0,1.281,-0.065,1
14910,71,1,6,0.801,0.537,0.925,0.0,0.27,0.029,1
14911,60,0,10,1.085,0.48,1.048,0.0,0.63,0.388,0
14912,30,0,3,0.933,0.586,0.3,0.0,0.01,0.194,0
14913,44,0,12,0.945,0.475,1.14,0.0,0.565,-0.014,1
14914,82,1,4,0.919,0.569,0.382,0.0,-0.054,0.256,0
14915,64,0,10,0.837,0.678,0.7,0.5,-0.122,0.172,0
14916,67,1,12,1.107,0.564,0.907,0.0,0.56,-0.025,0
14917,62,0,6,1.034,0.669,1.005,0.25,0.713,0.36,0
14918,59,1,11,1.23,0.441,0.625,0.0,0.283,0.467,0
14919,62,1,6,0.991,0.693,0.801,0.25,0.831,0.333,0
14920,83,0,11,0.627,0.508,0.88,0.5,0.136,-0.097,0
14921,52,0,4,0.941,0.515,0.381,0.5,-0.186,0.069,0
14922,32,0,9,0.831,0.487,0.659,0.25,-0.041,0.142,0
14923,75,0,11,0.916,0.432,0.817,0.75,0.252,0.196,0
14924,84,1,9,0.995,0.545,0.757,0.0,0.281,0.295,1
14925,60,1,11,1.014,0.62,0.568,0.75,0.258,0.234,0
14926,73,0,12,0.886,0.496,0.56,0.75,0.119,0.316,0
14927,58,0,10,1.002,0.643,1.075,0.5,0.381,0.428,1
14928,72,1,9,0.836,0.553,0.638,0.25,0.213,0.023,0
14929,74,0,4,0.959,0.564,0.733,0.5,0.377,0.193,0
14930,47,0,4,0.755,0.716,0.535,0.25,0.072,-0.01,0
14931,53,0,9,0.716,0.498,0.833,0.0,0.402,-0.065,0
14932,74,1,9,1.156,0.631,0.718,0.0,0.302,0.401,0
14933,46,1,9,0.771,0.748,0.486,0.25,0.08,-0.052,0
14934,71,0,8,1.03,0.499,0.942,0.0,0.703,0.055,0
14935,50,1,3,0.96,0.721,0.508,0.75,-0.025,0.072,0
14936,55,0,5,0.887,0.645,0.72,0.25,0.28,0.069,0
14937,31,1,12,0.811,0.535,0.792,0.0,0.285,0.043,0
14938,60,0,10,1.056,0.597,0.719,0.75,0.33,0.09,0
14939,82,1,5,0.802,0.631,0.961,0.0,0.261,-0.13,0
14940,51,0,5,0.638,0.572,0.526,0.5,0.136,-0.004,0
14941,61,1,7,0.777,0.562,0.7,0.5,0.34,0.006,0
14942,36,0,6,0.719,0.643,0.677,0.0,0.258,-0.131,1
14943,74,1,3,0.969,0.643,0.951,0.0,0.612,0.106,1
14944,71,0,7,0.79,0.645,0.743,0.0,0.028,0.073,0
14945,60,0,4,0.717,0.618,0.7,0.5,0.091,-0.07,0
14946,53,1,9,1.103,0.725,0.72,0.25,0.396,0.415,0
14947,55,1,3,0.658,0.468,0.864,0.0,0.343,0.048,0
14948,49,0,11,0.934,0.619,0.708,1.0,0.083,0.267,1
14949,75,1,4,0.814,0.586,0.7,0.75,-0.003,-0.042,0
14950,76,1,12,0.991,0.461,0.73,0.25,0.405,0.069,0
14951,60,0,7,0.876,0.631,0.538,0.5,0.239,0.142,0
14952,33,0,6,0.965,0.642,0.359,0.0,-0.394,-0.006,0
14953,70,0,12,1.148,0.491,1.027,0.0,0.509,0.461,0
14954,34,0,4,0.701,0.612,0.517,0.5,0.17,-0.067,0
14955,53,0,10,1.043,0.571,1.143,0.25,0.68,0.377,0
14956,45,1,10,0.962,0.7,1.341,0.0,0.769,0.219,0
14957,47,0,4,0.793,0.49,0.66,0.25,0.317,-0.003,0
14958,75,1,11,0.894,0.592,0.83,0.0,0.673,0.088,0
14959,55,0,3,0.641,0.649,0.53,1.0,0.103,-0.321,0
14960,30,0,7,0.771,0.635,0.491,0.5,0.097,-0.062,0
14961,34,1,7,0.826,0.66,0.722,0.25,0.615,0.046,0
14962,53,1,12,1.014,0.571,0.96,1.0,0.363,0.306,0
14963,46,0,9,1.077,0.61,1.014,0.5,0.451,0.615,0
14964,51,1,5,0.89,0.705,0.937,0.5,0.459,0.116,1
14965,63,0,5,0.894,0.689,0.664,0.25,0.235,0.136,0
14966,76,1,5,0.785,0.673,0.614,0.5,-0.045,-0.0,0
14967,40,0,10,0.865,0.494,0.957,0.0,0.298,0.022,0
14968,63,1,6,0.81,0.64,0.7,0.5,0.262,0.243,0
14969,70,0,8,0.753,0.605,0.566,0.0,-0.036,-0.013,0
14970,30,0,3,0.861,0.586,0.467,0.5,-0.202,0.091,0
14971,31,0,7,0.944,0.59,1.07,0.5,0.631,0.321,0
14972,54,1,8,0.7,0.553,1.078,0.5,0.492,-0.138,0
14973,58,0,5,0.692,0.531,0.392,0.25,-0.168,-0.054,0
14974,61,1,11,0.657,0.524,0.61,0.25,0.096,-0.071,0
14975,84,0,6,0.791,0.444,0.801,1.0,0.612,-0.108,0
14976,76,1,6,0.655,0.567,0.743,0.0,0.348,-0.089,0
14977,69,1,9,1.004,0.569,0.893,0.0,0.188,0.312,0
14978,51,0,7,1.144,0.629,0.626,0.0,0.436,0.444,0
14979,66,1,11,0.908,0.422,0.879,0.25,0.393,0.17,0
14980,72,1,9,0.853,0.588,0.922,0.0,0.344,0.243,0
14981,64,1,10,0.877,0.616,1.086,0.0,0.733,0.252,0
14982,64,0,11,1.007,0.629,0.933,0.0,0.443,0.235,0
14983,47,1,3,0.564,0.606,0.59,0.0,0.182,-0.035,0
14984,59,0,11,0.817,0.593,0.824,0.0,0.057,0.043,0
14985,56,0,3,0.649,0.605,0.446,0.0,-0.016,-0.19,0
14986,76,1,8,0.764,0.463,0.694,0.5,0.339,0.199,1
14987,82,1,9,0.903,0.569,1.002,0.5,0.666,0.208,1
14988,78,1,12,1.022,0.526,0.619,0.5,-0.004,0.367,0
14989,41,1,12,0.905,0.594,0.818,0.25,0.465,0.039,0
14990,48,0,8,1.036,0.597,0.643,0.0,0.207,0.307,0
14991,39,1,3,0.928,0.525,0.564,0.0,-0.095,0.165,0
14992,65,1,9,0.92,0.51,0.693,0.0,0.588,0.18,0
14993,82,1,10,0.749,0.638,1.138,0.0,0.732,-0.015,0
14994,39,0,11,0.946,0.543,1.003,0.25,0.534,0.078,0
14995,71,1,9,0.901,0.503,0.54,0.5,0.07,-0.048,0
14996,43,1,8,1.006,0.561,0.74,0.0,0.137,0.174,0
14997,42,1,4,0.956,0.49,0.79,1.0,0.043,0.341,0
14998,39,1,7,0.951,0.554,0.665,1.0,0.167,0.329,0
14999,66,1,10,0.925,0.601,0.918,1.0,0.211,0.365,0
15000,47,1,3,0.92,0.567,0.344,0.25,-0.025,0.079,0
15001,56,1,12,1.019,0.7,0.923,0.0,0.531,0.273,1
15002,53,0,5,0.805,0.64,0.602,0.75,0.227,-0.026,0
15003,65,1,11,1.007,0.542,0.849,0.25,0.074,0.411,1
15004,56,1,4,0.847,0.595,0.373,0.0,-0.003,0.109,0
15005,83,0,10,0.892,0.433,0.576,0.25,-0.124,0.23,0
15006,73,0,10,0.893,0.56,0.878,0.25,-0.024,0.066,0
15007,53,0,10,1.041,0.694,0.829,0.0,0.059,0.394,1
15008,37,0,7,0.817,0.535,0.798,0.0,0.33,0.216,0
15009,83,0,11,0.996,0.483,0.833,0.25,0.614,0.054,1
15010,43,0,11,0.897,0.656,1.19,0.0,0.331,0.072,0
15011,41,0,10,1.019,0.515,0.758,0.0,0.318,0.455,0
15012,64,1,5,1.059,0.58,0.77,0.0,0.07,0.278,1
15013,80,0,4,0.783,0.623,0.614,0.0,0.224,-0.111,0
15014,48,1,7,0.784,0.49,1.046,0.0,0.717,0.028,0
15015,38,0,3,1.074,0.627,0.494,0.0,-0.234,0.259,0
15016,37,0,3,0.989,0.7,0.499,0.75,-0.0,0.301,0
15017,72,1,7,0.776,0.473,0.431,0.0,-0.112,0.098,0
15018,45,0,5,0.688,0.612,0.449,0.5,-0.016,-0.012,0
15019,79,0,8,0.77,0.567,0.767,0.0,0.08,-0.082,0
15020,57,1,5,0.764,0.52,0.653,0.0,0.224,0.051,0
15021,82,0,12,0.821,0.456,0.901,0.0,0.726,-0.124,0
15022,39,0,10,0.995,0.686,1.055,0.0,0.42,0.421,0
15023,38,1,5,1.063,0.603,0.866,0.0,0.528,0.253,0
15024,37,0,12,0.957,0.663,1.003,0.0,0.196,0.345,0
15025,82,1,3,0.549,0.617,0.417,0.0,-0.134,-0.332,0
15026,68,1,4,0.729,0.701,0.737,0.75,0.573,0.035,1
15027,40,0,12,0.854,0.646,0.727,0.0,0.179,0.001,0
15028,70,0,5,0.816,0.633,0.379,0.0,-0.165,0.095,0
15029,44,0,4,0.493,0.7,0.466,0.25,-0.214,-0.159,0
15030,67,0,6,0.825,0.522,0.671,0.0,0.33,0.322,1
15031,73,0,4,0.951,0.584,0.688,1.0,0.138,0.199,0
15032,67,0,5,1.06,0.551,0.802,0.0,0.487,0.297,0
15033,49,0,4,0.794,0.7,0.653,0.25,0.109,-0.045,0
15034,83,1,11,0.983,0.588,0.855,0.5,0.656,0.282,1
15035,42,1,3,0.792,0.54,0.406,0.0,0.06,0.051,0
15036,52,0,9,0.954,0.563,0.885,0.0,0.194,0.208,0
15037,47,1,10,0.862,0.577,0.927,1.0,0.333,0.102,0
15038,77,0,4,0.757,0.519,0.38,0.75,-0.486,0.075,0
15039,62,1,12,0.84,0.605,0.826,1.0,0.24,-0.012,0
15040,77,1,10,0.956,0.526,0.817,0.75,0.289,0.163,0
15041,35,1,12,0.911,0.434,0.706,0.0,0.006,0.027,0
15042,79,0,12,0.934,0.542,0.85,0.75,0.241,0.319,0
15043,49,0,8,0.914,0.524,0.817,0.0,0.217,0.026,0
15044,50,0,12,1.105,0.645,1.063,0.0,0.478,0.454,0
15045,33,0,10,0.872,0.521,0.721,0.25,0.264,0.161,0
15046,53,1,4,0.798,0.613,0.78,0.5,0.067,-0.167,1
15047,41,0,6,1.123,0.554,0.496,0.0,-0.103,0.32,0
15048,61,1,4,0.827,0.73,0.701,1.0,0.111,0.144,0
15049,57,0,7,1.001,0.647,0.758,0.0,0.118,0.185,0
15050,33,1,10,1.0,0.568,0.937,0.0,0.334,0.325,0
15051,56,1,4,0.806,0.604,0.319,0.0,-0.288,0.026,0
15052,73,0,4,0.837,0.7,0.875,0.0,0.575,-0.027,1
15053,79,1,11,0.938,0.585,0.796,0.0,0.241,0.233,0
15054,36,0,6,0.839,0.583,0.609,0.0,0.218,0.106,0
15055,46,0,5,0.861,0.539,0.796,0.25,0.71,0.164,0
15056,45,1,5,0.787,0.561,0.476,0.25,-0.071,0.087,0
15057,67,1,4,0.763,0.514,0.268,0.5,-0.188,-0.002,0
15058,79,1,11,1.296,0.44,0.799,0.5,0.444,0.538,0
15059,54,1,8,0.818,0.542,0.971,0.0,0.793,0.073,0
15060,39,1,4,0.717,0.723,0.551,0.0,-0.098,0.055,0
15061,61,0,9,1.046,0.468,0.901,0.75,0.64,0.237,0
15062,48,0,5,0.685,0.504,0.838,0.5,0.425,-0.065,0
15063,64,0,12,0.9,0.439,0.733,0.0,0.439,0.06,1
15064,72,1,12,1.142,0.465,0.935,0.0,0.679,0.191,1
15065,39,1,6,0.871,0.552,0.661,0.0,0.408,-0.093,0
15066,70,1,5,0.926,0.725,0.636,0.0,-0.053,0.121,0
15067,54,0,6,0.578,0.602,0.495,1.0,-0.086,-0.169,0
15068,69,0,9,1.045,0.676,0.905,0.75,0.267,0.347,0
15069,84,0,7,0.827,0.674,0.849,0.75,0.335,-0.048,0
15070,68,1,12,0.655,0.544,0.694,0.0,0.192,-0.158,0
15071,75,1,10,0.844,0.63,0.644,0.5,0.184,-0.012,0
15072,51,0,5,0.645,0.605,0.598,0.0,0.214,0.004,0
15073,67,1,3,0.668,0.633,0.212,0.0,-0.084,-0.014,0
15074,60,1,4,0.705,0.628,0.535,0.0,-0.056,0.061,0
15075,37,1,11,0.733,0.598,0.506,0.5,0.165,0.064,0
15076,43,1,9,0.876,0.525,0.861,0.0,0.656,0.001,0
15077,83,0,6,0.912,0.422,0.829,1.0,0.402,0.192,0
15078,77,1,5,0.707,0.709,0.301,0.0,0.061,-0.06,0
15079,78,1,6,0.843,0.648,0.378,0.75,-0.172,0.008,0
15080,58,0,12,0.897,0.602,0.7,0.5,0.346,0.223,0
15081,34,1,6,0.778,0.488,0.827,0.5,0.321,0.078,0
15082,58,0,3,0.803,0.6,0.734,0.25,0.371,0.083,0
15083,65,0,7,0.74,0.602,0.699,0.25,0.166,-0.056,0
15084,34,1,6,0.966,0.607,0.519,0.0,0.048,0.169,0
15085,44,0,3,0.685,0.701,0.6,0.5,0.089,-0.152,0
15086,38,0,5,0.912,0.695,0.452,0.0,-0.113,0.209,0
15087,41,0,3,0.757,0.612,0.476,0.5,-0.072,0.126,0
15088,32,0,5,0.945,0.387,0.71,0.75,0.33,0.037,0
15089,61,1,7,0.916,0.675,0.787,0.0,0.431,0.273,0
15090,58,1,9,0.692,0.516,0.609,0.0,0.022,-0.115,0
15091,62,0,10,0.939,0.6,0.817,0.75,0.444,0.068,0
15092,56,0,3,0.763,0.594,0.714,0.5,0.239,-0.164,0
15093,41,1,4,1.031,0.591,0.804,0.25,0.641,0.571,1
15094,71,0,12,0.743,0.423,0.718,0.75,0.122,0.054,1
15095,41,1,12,0.938,0.534,0.826,0.25,0.319,0.331,0
15096,30,0,4,0.62,0.601,0.946,0.0,0.418,-0.09,0
15097,32,0,9,0.97,0.678,0.612,0.25,0.026,0.331,0
15098,69,0,7,0.85,0.6,0.745,0.75,0.261,0.197,0
15099,47,0,5,0.955,0.465,0.742,0.75,0.357,0.096,1
15100,56,1,8,0.877,0.733,0.748,0.5,0.048,0.291,0
15101,70,0,5,0.925,0.735,0.355,0.0,-0.069,0.246,0
15102,83,1,10,0.982,0.569,0.662,0.0,0.452,0.062,0
15103,47,1,6,0.859,0.577,0.803,0.5,0.196,0.081,0
15104,84,1,3,0.845,0.482,0.714,0.5,0.398,0.03,0
15105,40,1,8,0.697,0.604,0.684,0.0,0.557,-0.303,0
15106,37,0,4,0.828,0.67,1.097,0.0,0.48,0.082,1
15107,52,1,7,0.746,0.668,0.776,0.25,-0.05,-0.012,0
15108,71,0,3,0.863,0.631,0.452,0.75,-0.012,0.163,0
15109,67,1,5,0.645,0.7,0.829,1.0,0.413,-0.049,0
15110,46,1,5,0.901,0.606,0.538,0.25,0.118,-0.038,0
15111,81,1,10,0.852,0.476,0.748,0.0,0.643,0.282,1
15112,53,0,4,0.652,0.72,0.562,0.0,-0.059,-0.063,0
15113,56,1,7,0.828,0.637,0.677,1.0,0.297,0.239,0
15114,30,1,4,0.796,0.671,0.442,0.25,-0.001,0.115,0
15115,45,1,3,0.708,0.597,0.79,0.0,0.303,-0.086,0
15116,63,0,7,0.8,0.625,0.983,0.75,0.5,0.063,1
15117,32,0,8,1.042,0.6,0.642,1.0,0.131,0.507,0
15118,59,1,4,0.915,0.504,0.552,0.0,0.074,-0.006,0
15119,75,0,5,0.954,0.635,0.677,0.0,0.47,0.294,0
15120,68,1,10,0.778,0.571,0.953,0.0,0.891,-0.048,0
15121,43,0,3,0.469,0.609,0.475,0.0,-0.116,-0.393,0
15122,46,0,4,0.7,0.487,0.511,0.0,-0.076,-0.04,0
15123,53,1,4,1.06,0.522,0.661,0.0,0.212,0.149,1
15124,36,1,11,0.943,0.45,1.049,0.0,0.71,0.106,0
15125,77,0,10,0.887,0.733,0.896,0.5,0.122,0.074,0
15126,30,1,10,1.119,0.576,0.646,0.0,0.407,0.513,0
15127,43,1,12,1.119,0.56,0.734,0.0,0.637,0.403,0
15128,33,1,10,0.918,0.633,0.918,0.0,0.204,0.379,0
15129,64,1,10,0.7,0.574,0.848,0.0,0.184,-0.081,1
15130,33,0,7,1.035,0.542,0.649,0.0,0.229,0.234,0
15131,62,0,5,0.971,0.371,0.731,0.5,0.345,0.293,1
15132,75,0,5,0.733,0.63,0.685,0.5,0.155,0.047,1
15133,84,0,10,1.058,0.498,0.626,0.0,0.23,0.233,0
15134,62,1,3,0.718,0.642,0.621,0.0,0.19,-0.1,0
15135,54,0,3,0.727,0.777,0.644,0.0,0.153,0.135,0
15136,53,0,10,0.915,0.517,0.955,0.0,0.32,0.121,0
15137,44,0,8,0.635,0.535,0.763,0.25,0.063,0.122,0
15138,65,0,5,0.89,0.709,0.497,0.5,0.244,0.337,0
15139,79,1,10,0.969,0.556,0.995,1.0,0.332,0.32,0
15140,74,0,6,0.694,0.649,0.633,0.5,0.5,0.088,0
15141,38,1,11,0.862,0.504,0.894,0.0,0.447,0.268,0
15142,84,0,9,0.82,0.54,0.86,0.25,0.365,0.407,0
15143,51,1,5,0.92,0.752,0.4,0.75,-0.364,-0.072,0
15144,40,0,7,0.828,0.484,0.887,0.5,0.498,0.242,0
15145,69,0,6,0.895,0.461,0.917,0.0,0.444,0.188,0
15146,55,1,10,1.018,0.629,0.79,0.25,0.204,0.181,0
15147,49,1,3,0.697,0.649,0.735,0.0,0.298,-0.025,0
15148,40,1,4,0.853,0.614,0.518,0.75,-0.05,0.229,0
15149,81,0,4,0.736,0.529,0.471,0.5,-0.089,0.009,0
15150,78,0,9,0.854,0.677,0.743,0.5,0.521,0.164,0
15151,75,1,12,0.992,0.498,0.975,0.25,0.554,0.324,0
15152,65,0,4,0.84,0.7,0.646,0.0,0.245,0.162,0
15153,50,1,6,0.73,0.539,0.875,0.5,0.474,-0.129,0
15154,64,0,12,0.963,0.505,0.698,0.0,0.272,0.269,0
15155,57,0,12,0.897,0.61,1.036,0.0,0.712,0.267,1
15156,44,1,8,0.862,0.541,0.786,1.0,0.339,0.243,0
15157,37,0,11,1.206,0.434,0.949,0.0,0.422,0.36,0
15158,55,0,6,0.598,0.583,0.685,0.25,0.216,-0.155,0
15159,77,0,4,0.696,0.555,0.465,0.0,-0.275,0.122,0
15160,56,0,6,0.566,0.713,0.815,0.0,0.452,-0.235,1
15161,58,0,10,0.857,0.598,0.721,0.25,0.361,0.125,0
15162,64,1,10,0.686,0.556,0.736,0.0,0.282,-0.249,0
15163,70,0,4,0.793,0.727,0.663,0.0,0.216,0.026,0
15164,63,1,8,0.901,0.525,0.529,0.0,0.092,0.07,0
15165,55,1,12,1.03,0.584,0.869,0.25,0.599,0.196,0
15166,41,0,9,0.7,0.857,0.888,0.0,0.385,-0.193,0
15167,78,0,6,0.91,0.621,0.612,0.25,-0.124,0.148,0
15168,31,0,9,0.703,0.577,1.066,0.0,0.522,0.029,0
15169,49,0,4,0.806,0.583,0.52,0.0,0.103,0.139,0
15170,46,1,4,0.852,0.426,0.746,0.0,0.371,0.073,1
15171,54,1,7,1.038,0.473,0.987,0.0,0.787,0.321,0
15172,54,0,7,1.013,0.46,0.922,0.5,0.222,0.314,1
15173,78,1,7,0.765,0.617,0.814,1.0,0.253,0.023,1
15174,83,1,5,0.842,0.568,0.618,0.5,0.107,0.176,0
15175,51,0,6,0.778,0.621,0.493,0.25,-0.14,-0.135,0
15176,74,0,5,0.705,0.507,0.682,1.0,0.397,-0.054,0
15177,78,1,12,0.949,0.392,0.969,0.5,0.635,0.198,0
15178,79,0,11,0.901,0.7,0.797,0.0,0.29,0.064,0
15179,69,0,5,0.912,0.615,0.715,0.0,0.061,0.315,0
15180,69,1,10,0.875,0.444,0.902,0.0,0.619,0.269,1
15181,39,1,11,1.041,0.49,0.667,0.0,0.238,0.318,0
15182,69,1,3,0.708,0.663,0.709,0.0,0.053,0.03,0
15183,33,1,9,0.945,0.609,0.85,0.75,0.449,0.156,0
15184,46,1,9,0.745,0.597,0.915,0.0,0.359,-0.135,0
15185,74,1,5,1.024,0.643,0.41,0.0,-0.132,0.228,0
15186,54,1,10,1.0,0.7,0.939,0.0,0.283,0.595,0
15187,39,0,5,0.816,0.568,0.812,0.0,0.181,0.116,0
15188,78,0,7,0.88,0.591,0.508,0.0,0.132,0.117,0
15189,84,1,10,1.044,0.507,0.808,1.0,0.172,0.234,1
15190,65,1,12,0.924,0.565,0.842,0.0,0.696,0.122,0
15191,77,1,7,0.725,0.486,0.891,0.0,0.506,0.055,1
15192,37,1,6,0.749,0.717,1.087,0.0,0.67,-0.012,1
15193,46,0,9,0.7,0.599,0.904,1.0,0.203,-0.013,0
15194,46,0,3,0.673,0.556,0.54,0.5,0.032,-0.034,0
15195,33,1,11,1.0,0.533,1.08,0.0,0.656,0.3,0
15196,84,0,12,1.006,0.529,0.603,0.0,0.14,0.378,0
15197,44,0,4,0.801,0.61,0.759,1.0,-0.124,0.007,0
15198,40,1,8,0.789,0.443,0.646,0.0,0.253,0.18,0
15199,52,0,7,0.874,0.624,0.308,0.5,0.097,0.269,0
15200,79,0,11,1.146,0.501,0.871,0.25,0.503,0.265,0
15201,48,0,5,0.779,0.613,0.564,0.0,0.095,0.06,0
15202,34,1,12,1.137,0.499,0.959,0.0,0.35,0.398,0
15203,79,0,6,0.817,0.464,0.665,1.0,-0.014,0.203,0
15204,32,1,3,0.792,0.658,0.774,0.25,0.224,0.07,1
15205,31,0,4,0.802,0.565,0.662,0.0,0.242,0.03,0
15206,55,0,8,0.942,0.625,0.754,0.0,0.563,0.195,0
15207,51,0,5,0.996,0.642,0.569,1.0,0.211,0.173,0
15208,41,0,7,0.918,0.492,0.812,0.0,0.248,0.173,0
15209,34,1,3,0.748,0.564,0.445,0.75,-0.268,-0.032,0
15210,39,1,12,0.691,0.546,0.944,0.0,0.257,0.02,0
15211,40,1,11,0.7,0.559,0.933,0.25,0.606,-0.036,0
15212,44,1,5,0.874,0.57,0.5,0.0,0.124,0.026,0
15213,56,0,3,0.747,0.609,0.672,0.25,0.306,-0.093,0
15214,68,0,6,0.986,0.615,0.855,0.75,0.641,0.446,0
15215,32,1,12,0.97,0.516,1.139,0.0,0.85,0.209,0
15216,60,1,5,0.625,0.643,0.475,0.0,0.063,-0.133,0
15217,70,0,3,0.791,0.712,0.589,0.25,-0.17,0.028,0
15218,79,1,7,0.87,0.764,0.614,0.25,0.076,0.02,0
15219,48,1,10,0.7,0.502,1.147,0.0,0.992,-0.087,1
15220,72,0,5,0.694,0.545,0.7,0.25,0.364,-0.039,0
15221,34,1,10,0.848,0.7,0.583,0.0,0.152,0.234,0
15222,66,1,10,0.758,0.569,0.73,0.0,0.084,0.006,1
15223,74,0,6,0.98,0.436,0.525,0.0,0.209,0.337,0
15224,80,0,9,0.886,0.546,0.779,0.5,0.046,0.089,0
15225,57,0,11,0.705,0.564,1.103,0.0,0.628,0.078,0
15226,84,0,12,0.904,0.559,0.707,0.0,0.144,0.126,1
15227,64,0,7,0.843,0.6,0.85,0.0,0.526,0.262,0
15228,39,1,10,1.061,0.481,0.661,0.0,0.115,0.268,0
15229,39,1,11,1.206,0.629,0.927,0.25,0.381,0.526,0
15230,38,1,9,0.816,0.502,0.861,1.0,0.038,0.116,1
15231,68,1,10,0.806,0.472,0.733,0.0,0.454,0.04,0
15232,66,1,11,0.872,0.64,0.985,0.75,0.642,0.087,0
15233,81,1,4,0.671,0.601,0.558,0.0,0.031,0.044,0
15234,34,1,5,0.573,0.566,0.434,0.0,-0.266,0.063,0
15235,50,0,10,0.845,0.526,0.963,0.0,0.348,0.067,0
15236,84,1,11,0.838,0.558,0.808,1.0,0.377,0.094,0
15237,84,1,11,0.97,0.548,0.7,0.0,0.436,0.561,1
15238,83,1,7,0.967,0.532,0.539,0.25,0.053,0.32,0
15239,71,1,11,0.879,0.527,0.747,1.0,0.119,0.179,0
15240,40,1,10,0.846,0.566,0.7,0.5,0.456,0.036,0
15241,70,1,6,0.926,0.608,0.668,0.0,0.151,0.235,0
15242,56,1,8,0.815,0.49,0.606,0.0,0.222,0.029,0
15243,39,1,7,1.094,0.554,0.536,1.0,0.02,0.473,0
15244,82,1,7,0.957,0.533,0.555,0.5,-0.108,0.415,0
15245,72,1,12,1.128,0.484,1.155,0.25,0.672,0.399,0
15246,65,0,11,0.796,0.56,0.863,0.25,0.676,0.009,0
15247,74,0,10,0.935,0.466,0.673,1.0,0.47,0.002,0
15248,69,1,8,0.944,0.465,0.833,0.75,0.313,0.239,0
15249,53,1,8,0.817,0.656,0.745,0.75,0.42,0.05,0
15250,67,1,10,0.936,0.706,1.145,0.0,0.653,-0.033,1
15251,54,1,11,0.928,0.562,0.9,0.0,0.518,0.102,0
15252,79,1,12,1.012,0.551,0.966,0.0,0.757,0.297,0
15253,44,0,12,0.865,0.726,1.011,0.0,0.773,0.149,1
15254,55,0,4,0.936,0.604,0.688,1.0,0.052,0.144,0
15255,44,1,8,0.991,0.608,0.77,0.0,0.084,0.079,0
15256,69,1,7,0.992,0.712,0.881,0.0,0.452,0.268,0
15257,66,0,10,1.056,0.586,0.582,0.0,0.174,0.31,0
15258,65,1,10,1.004,0.586,0.817,1.0,0.539,0.287,0
15259,69,1,5,0.578,0.627,0.62,0.75,0.493,-0.285,0
15260,79,1,10,1.011,0.712,0.845,0.25,0.645,0.125,0
15261,81,1,8,0.7,0.393,0.75,0.0,0.332,-0.044,0
15262,48,1,10,0.818,0.582,0.93,0.25,0.508,0.232,0
15263,60,0,6,1.108,0.573,0.357,0.0,0.08,0.487,0
15264,75,0,11,1.054,0.431,0.933,0.0,0.375,0.456,0
15265,54,1,8,0.752,0.556,0.292,0.0,-0.507,0.185,0
15266,74,1,12,1.054,0.422,0.859,0.0,0.365,0.418,1
15267,46,1,11,0.974,0.722,0.951,0.75,0.525,0.327,0
15268,74,0,8,0.966,0.543,0.508,0.5,0.08,0.204,0
15269,74,0,3,0.962,0.569,0.515,0.75,-0.047,0.517,0
15270,42,1,8,0.841,0.778,0.745,0.0,0.377,0.099,0
15271,59,1,10,0.938,0.554,0.677,0.0,0.04,0.327,0
15272,51,1,6,0.728,0.559,0.385,1.0,-0.243,0.179,0
15273,72,0,8,0.912,0.532,0.725,0.5,0.215,0.163,0
15274,72,1,10,1.074,0.598,0.617,0.0,0.414,0.292,0
15275,44,1,7,1.031,0.689,0.985,0.0,0.429,0.236,0
15276,55,0,6,0.935,0.599,0.775,0.5,0.504,0.302,0
15277,60,0,10,0.7,0.534,0.775,0.0,0.699,-0.157,1
15278,66,1,4,0.787,0.666,0.708,0.0,0.318,-0.049,0
15279,49,1,6,0.565,0.652,0.727,0.0,0.216,-0.297,0
15280,68,0,11,1.062,0.512,0.838,0.0,0.397,0.405,0
15281,61,1,11,1.128,0.52,1.007,0.0,0.706,0.445,0
15282,80,0,5,0.761,0.615,0.592,0.75,0.114,-0.092,0
15283,65,1,4,0.75,0.549,0.241,0.75,-0.295,-0.091,0
15284,48,1,4,0.754,0.616,0.226,0.75,-0.378,-0.169,0
15285,81,0,9,0.715,0.584,0.749,0.0,0.323,0.069,0
15286,79,1,6,0.828,0.473,0.628,0.25,0.135,-0.161,0
15287,56,1,6,0.76,0.542,0.581,0.0,0.06,-0.035,0
15288,63,1,11,0.932,0.574,0.843,0.0,0.143,0.121,0
15289,61,1,3,0.715,0.619,0.623,0.0,0.274,-0.09,0
15290,54,1,12,1.162,0.578,1.026,0.75,0.627,0.338,0
15291,30,1,11,0.883,0.643,1.093,0.0,0.155,0.246,1
15292,46,1,9,0.919,0.47,0.645,0.25,0.237,0.204,0
15293,69,1,7,1.086,0.646,0.836,0.0,0.696,0.392,1
15294,44,0,9,1.026,0.493,0.897,0.0,0.491,0.24,0
15295,30,0,6,0.987,0.603,0.564,0.75,0.073,0.145,0
15296,56,0,11,0.986,0.539,1.008,1.0,0.335,0.137,0
15297,62,1,9,0.798,0.479,0.953,0.0,0.665,-0.092,0
15298,60,1,6,0.923,0.64,0.574,0.75,0.012,0.296,0
15299,30,1,10,0.983,0.69,0.851,0.75,0.636,0.13,0
15300,68,1,12,1.095,0.459,1.034,0.0,0.399,0.249,0
15301,64,1,5,0.925,0.524,1.235,0.25,0.625,0.021,0
15302,54,1,12,1.321,0.46,1.049,0.0,0.294,0.462,0
15303,51,0,9,0.895,0.638,0.717,0.75,0.106,0.009,0
15304,59,1,11,1.065,0.545,0.894,0.0,0.302,0.262,0
15305,77,0,8,0.749,0.432,0.414,0.5,-0.286,0.109,0
15306,69,0,7,0.84,0.543,0.428,0.0,0.092,-0.057,0
15307,47,1,5,0.902,0.521,0.682,0.0,0.599,0.215,0
15308,34,0,11,0.913,0.63,0.92,0.0,0.607,0.147,0
15309,36,0,10,0.932,0.669,1.066,0.75,0.416,0.322,0
15310,34,1,5,0.997,0.596,0.675,0.0,-0.025,0.276,0
15311,31,0,7,1.003,0.529,0.652,0.5,0.446,0.205,0
15312,49,0,4,0.864,0.576,0.482,0.75,-0.148,0.16,0
15313,61,0,3,0.843,0.654,0.893,0.5,0.545,0.14,0
15314,38,1,4,0.825,0.655,0.475,0.0,-0.203,-0.068,0
15315,80,1,6,0.879,0.483,0.801,0.0,0.356,0.112,1
15316,32,0,8,0.743,0.648,0.494,0.0,0.072,0.062,0
15317,63,0,7,0.7,0.627,0.996,0.75,0.546,0.077,0
15318,69,1,3,0.812,0.642,0.616,0.0,0.212,0.112,0
15319,74,0,8,0.942,0.607,0.543,0.75,0.187,0.062,0
15320,31,1,7,0.701,0.612,0.388,0.25,-0.1,-0.152,0
15321,42,1,9,0.76,0.445,0.888,1.0,0.41,-0.006,0
15322,76,0,6,0.767,0.687,0.634,0.5,0.301,-0.064,0
15323,55,0,11,1.048,0.484,0.841,0.25,0.221,0.214,1
15324,68,0,11,1.218,0.6,0.887,1.0,0.318,0.582,0
15325,55,1,3,0.772,0.656,0.627,0.0,0.092,0.013,0
15326,57,1,7,0.666,0.633,0.7,0.0,0.334,-0.097,0
15327,49,0,9,0.895,0.616,0.767,0.0,0.238,0.208,0
15328,39,1,8,0.875,0.7,0.864,0.0,0.274,0.038,1
15329,51,0,6,0.7,0.451,0.644,1.0,-0.026,0.112,0
15330,42,0,10,1.101,0.643,0.912,0.5,0.505,0.561,0
15331,69,1,3,0.806,0.765,0.294,0.0,-0.251,0.138,0
15332,41,1,9,0.886,0.589,0.971,0.0,0.553,0.233,0
15333,72,1,7,0.967,0.759,0.673,0.0,0.056,0.107,1
15334,56,0,12,0.996,0.483,0.746,1.0,0.424,0.279,0
15335,74,0,9,0.887,0.455,0.984,0.0,0.5,0.427,0
15336,75,1,11,0.943,0.583,0.484,0.0,0.087,0.32,0
15337,69,1,8,0.847,0.583,0.769,0.5,0.497,-0.052,0
15338,52,1,3,0.733,0.602,0.698,1.0,0.373,-0.122,0
15339,46,0,4,0.824,0.528,0.605,1.0,-0.095,0.046,0
15340,72,1,10,0.968,0.5,0.739,0.25,0.154,0.281,1
15341,60,1,5,1.155,0.507,0.586,1.0,0.02,0.47,0
15342,38,1,12,0.95,0.509,0.965,0.0,0.587,0.06,0
15343,76,0,8,0.726,0.538,0.651,0.0,0.032,-0.035,1
15344,83,1,10,0.812,0.721,0.75,0.5,0.213,-0.049,0
15345,58,1,7,0.924,0.625,0.7,0.25,0.202,0.154,0
15346,38,0,10,0.999,0.585,0.645,0.5,0.047,0.192,0
15347,80,0,9,0.963,0.424,0.856,0.25,0.514,0.306,0
15348,69,1,3,0.838,0.717,0.601,0.0,0.058,-0.273,0
15349,62,0,4,0.875,0.569,0.43,0.25,-0.211,0.154,0
15350,34,0,3,1.022,0.544,0.646,0.0,0.022,0.29,0
15351,61,0,11,0.86,0.601,0.839,0.0,0.496,0.291,0
15352,66,1,9,1.145,0.572,0.846,0.0,0.56,0.311,1
15353,56,0,4,0.959,0.536,0.52,0.0,0.068,0.161,0
15354,71,1,10,0.859,0.481,1.201,0.25,0.915,0.25,0
15355,35,1,8,0.952,0.598,0.613,0.0,0.22,0.229,0
15356,53,1,9,0.807,0.527,0.834,0.0,0.096,0.158,0
15357,49,0,10,1.088,0.564,0.564,0.0,0.482,0.43,0
15358,39,1,8,0.738,0.557,0.881,0.0,0.197,0.112,0
15359,56,0,5,0.83,0.531,0.668,0.25,0.295,-0.133,0
15360,38,1,8,0.91,0.589,0.667,0.25,0.388,-0.053,0
15361,35,1,4,0.688,0.707,0.518,0.5,0.416,-0.047,0
15362,52,1,4,0.777,0.602,0.528,0.75,-0.267,0.069,0
15363,44,1,3,0.668,0.639,1.119,0.0,0.73,-0.289,0
15364,35,0,11,0.993,0.536,0.506,0.75,-0.006,0.195,0
15365,59,1,3,0.818,0.419,0.689,0.0,0.168,-0.143,0
15366,59,0,6,1.197,0.552,0.492,0.25,-0.028,0.423,0
15367,46,1,5,0.779,0.7,0.809,0.75,0.13,-0.11,1
15368,32,0,7,0.843,0.592,0.412,0.0,-0.086,0.2,0
15369,70,1,5,1.067,0.515,0.233,0.0,-0.012,0.423,0
15370,68,0,9,0.944,0.562,0.886,0.0,0.37,0.081,0
15371,68,1,5,1.061,0.645,0.576,0.75,0.134,0.262,0
15372,68,1,4,0.696,0.571,0.53,1.0,-0.053,-0.064,0
15373,57,1,12,0.956,0.579,0.7,0.0,0.359,0.322,0
15374,80,0,10,0.777,0.569,0.571,0.25,-0.043,0.087,0
15375,51,0,3,0.641,0.518,0.596,0.0,0.548,-0.164,0
15376,33,0,10,0.959,0.542,0.862,0.0,0.435,0.116,1
15377,34,1,8,0.783,0.491,0.657,0.0,0.165,-0.084,1
15378,56,0,9,0.903,0.632,0.844,1.0,0.543,0.097,0
15379,31,0,12,0.948,0.733,0.652,1.0,-0.032,0.22,1
15380,54,0,10,0.769,0.615,0.887,0.5,0.468,0.044,0
15381,42,1,10,0.878,0.676,0.676,0.75,0.003,0.346,0
15382,47,1,9,0.84,0.553,0.699,0.0,0.35,0.273,0
15383,41,0,9,0.91,0.503,0.662,0.0,0.129,0.26,0
15384,42,1,6,0.786,0.553,0.693,0.5,0.141,-0.011,0
15385,34,1,6,0.866,0.601,0.372,0.75,-0.097,0.096,0
15386,73,1,4,0.785,0.54,0.586,0.0,-0.046,0.134,0
15387,74,0,4,0.92,0.532,0.596,0.25,0.164,0.456,0
15388,53,1,12,0.882,0.628,0.632,0.5,0.101,0.097,0
15389,66,0,3,0.844,0.569,0.63,1.0,0.102,0.144,0
15390,81,1,12,0.95,0.577,0.908,0.0,0.423,0.226,1
15391,63,1,6,0.81,0.7,0.57,0.0,0.107,0.022,0
15392,36,0,3,0.675,0.635,0.473,0.0,-0.035,-0.019,0
15393,83,0,9,0.872,0.658,0.773,0.0,0.196,0.129,1
15394,80,0,7,0.87,0.616,0.638,0.0,0.231,0.129,0
15395,30,1,9,1.035,0.438,1.178,0.5,0.862,0.286,1
15396,39,1,11,0.7,0.643,1.003,0.5,0.398,0.093,0
15397,33,0,9,0.967,0.576,0.689,0.5,0.169,0.218,0
15398,61,0,10,0.743,0.588,0.899,0.25,0.54,0.005,0
15399,54,0,6,0.875,0.647,0.665,0.0,0.418,0.067,0
15400,30,1,4,0.931,0.688,0.684,0.0,0.241,0.136,0
15401,32,0,10,1.068,0.471,1.023,0.0,0.564,0.502,0
15402,81,1,11,0.86,0.468,0.854,1.0,0.488,0.091,0
15403,34,1,7,0.7,0.548,0.874,0.0,0.175,-0.255,0
15404,37,1,8,1.09,0.518,0.659,0.75,0.011,0.282,1
15405,60,1,7,0.936,0.7,0.908,0.0,0.448,0.012,0
15406,80,0,4,0.699,0.568,0.504,0.0,0.287,0.149,0
15407,41,1,3,0.474,0.467,0.463,0.0,-0.011,-0.522,0
15408,50,0,7,0.7,0.551,0.853,0.0,0.368,-0.065,0
15409,81,1,10,0.819,0.66,1.017,0.0,0.789,0.23,1
15410,53,1,8,1.004,0.55,0.724,0.0,0.444,0.139,0
15411,59,0,6,0.879,0.514,0.727,0.5,0.559,0.208,0
15412,79,0,6,0.788,0.63,0.854,1.0,0.49,-0.017,0
15413,84,1,11,0.767,0.679,0.845,0.0,0.468,0.033,0
15414,39,1,8,0.871,0.609,0.813,0.0,0.113,-0.155,0
15415,40,1,12,1.015,0.728,0.64,1.0,0.387,0.218,0
15416,63,0,8,0.877,0.56,0.522,0.5,0.032,0.261,0
15417,58,0,6,0.76,0.621,0.626,0.0,-0.074,-0.023,0
15418,34,1,6,0.803,0.563,0.734,0.75,0.083,0.223,0
15419,65,1,3,0.832,0.662,0.502,0.0,-0.038,-0.06,0
15420,77,0,5,1.035,0.657,0.74,0.0,0.375,0.386,0
15421,73,1,10,0.827,0.455,0.851,0.0,0.506,0.277,0
15422,34,1,4,0.783,0.651,0.675,0.0,0.323,-0.003,0
15423,35,0,3,0.93,0.634,0.546,0.0,-0.1,0.083,0
15424,55,1,8,0.941,0.638,0.703,0.0,0.149,0.2,0
15425,40,0,3,0.898,0.614,0.282,0.75,-0.138,0.198,0
15426,77,1,4,0.804,0.733,0.561,0.75,0.278,0.198,0
15427,59,0,3,0.79,0.456,0.453,0.0,-0.056,0.2,0
15428,38,1,11,0.89,0.624,1.007,0.0,0.518,0.232,0
15429,39,0,5,0.804,0.672,0.626,0.5,-0.102,0.189,0
15430,39,0,9,0.702,0.606,1.039,0.25,0.455,0.046,0
15431,73,1,3,0.545,0.567,0.657,0.25,-0.112,-0.148,0
15432,41,1,7,0.957,0.574,0.924,0.0,0.3,0.208,0
15433,75,0,3,0.938,0.638,0.52,0.25,-0.051,0.157,0
15434,68,1,12,1.029,0.621,1.025,0.5,0.69,0.419,1
15435,78,0,3,0.569,0.737,0.846,1.0,0.049,-0.201,1
15436,80,1,10,1.015,0.62,0.682,0.25,0.353,0.357,0
15437,62,0,11,0.854,0.505,0.665,0.5,0.103,0.036,1
15438,72,0,11,1.109,0.642,1.027,0.75,0.616,0.176,0
15439,46,1,10,0.899,0.559,0.876,0.75,0.313,0.058,0
15440,60,1,8,1.057,0.493,0.69,1.0,0.18,0.357,1
15441,34,0,6,0.783,0.633,0.636,1.0,0.24,0.145,0
15442,67,1,4,0.661,0.623,0.642,0.25,0.34,-0.048,0
15443,84,1,7,1.009,0.561,0.485,0.0,-0.135,0.517,0
15444,67,0,10,0.83,0.507,1.035,1.0,0.528,0.012,1
15445,70,1,12,0.957,0.543,1.002,0.5,0.352,0.308,0
15446,73,1,12,0.88,0.549,0.833,0.5,-0.056,0.2,0
15447,45,0,12,1.18,0.573,0.96,0.5,0.325,0.641,0
15448,72,0,11,0.983,0.572,1.096,0.0,0.698,0.213,0
15449,37,1,11,0.832,0.414,1.124,0.0,0.315,0.047,0
15450,72,0,5,0.772,0.7,0.512,0.0,0.135,-0.114,0
15451,62,0,4,0.798,0.691,0.424,0.0,-0.079,-0.058,0
15452,52,0,6,0.976,0.663,0.477,0.25,0.133,0.034,0
15453,61,0,3,0.83,0.611,0.72,0.0,0.263,0.078,0
15454,71,0,9,0.947,0.434,0.595,1.0,0.09,0.117,0
15455,73,1,11,1.067,0.565,0.819,0.0,0.373,0.431,0
15456,83,1,10,0.901,0.518,0.987,0.0,0.561,0.275,1
15457,37,0,7,0.746,0.622,0.785,0.0,0.576,0.2,1
15458,73,1,6,1.002,0.58,0.894,0.5,0.481,0.072,1
15459,65,0,8,0.853,0.694,0.478,1.0,0.005,0.005,0
15460,47,0,11,0.7,0.578,0.931,0.5,0.75,0.015,0
15461,48,1,10,0.932,0.525,0.728,0.0,0.073,0.163,0
15462,38,1,6,0.974,0.377,0.7,1.0,0.399,0.295,0
15463,38,0,10,0.862,0.547,0.661,0.0,-0.034,0.08,1
15464,63,0,12,0.94,0.455,0.913,0.0,0.487,0.094,0
15465,83,1,5,1.048,0.598,0.7,1.0,-0.124,0.283,0
15466,63,1,6,0.848,0.573,0.702,0.5,0.141,-0.091,0
15467,50,0,4,0.758,0.486,0.78,0.5,0.244,-0.028,0
15468,48,1,7,0.798,0.594,0.818,0.25,0.065,0.202,0
15469,61,0,8,0.873,0.641,1.04,1.0,0.643,0.31,0
15470,45,1,5,0.781,0.617,0.477,0.25,0.117,0.081,0
15471,72,0,4,0.833,0.634,0.781,0.0,0.339,-0.065,0
15472,50,1,12,0.836,0.523,0.894,0.0,0.731,0.083,0
15473,71,0,8,0.957,0.546,0.756,0.0,0.169,0.091,0
15474,35,1,4,0.628,0.583,0.733,0.25,0.131,0.124,0
15475,79,0,6,0.886,0.581,0.654,0.25,0.38,0.218,0
15476,70,0,10,0.941,0.369,0.98,1.0,-0.021,0.033,0
15477,77,1,11,0.923,0.631,0.777,0.0,0.077,0.37,0
15478,71,0,7,0.994,0.589,1.005,0.5,0.627,0.241,1
15479,84,1,9,0.763,0.663,0.661,0.75,0.358,0.086,1
15480,67,0,5,0.701,0.641,0.572,0.0,-0.066,0.101,1
15481,42,0,7,1.041,0.585,0.536,0.0,0.199,0.382,0
15482,40,0,3,0.769,0.62,0.618,1.0,-0.133,-0.037,0
15483,79,0,4,0.81,0.576,1.025,0.0,0.553,0.05,0
15484,34,0,4,0.684,0.7,0.479,0.0,-0.015,-0.124,0
15485,41,1,5,0.918,0.418,0.347,0.75,-0.425,0.111,0
15486,42,0,7,0.876,0.675,0.612,0.0,0.452,0.145,0
15487,33,0,6,0.841,0.52,0.551,0.25,-0.127,-0.134,0
15488,56,1,6,0.758,0.509,0.675,0.75,0.19,-0.069,0
15489,57,0,6,0.888,0.635,0.619,0.5,-0.154,0.068,0
15490,83,1,7,0.856,0.543,0.721,0.0,0.541,0.158,0
15491,62,1,11,0.96,0.559,0.925,0.0,0.348,0.405,0
15492,44,1,4,0.859,0.608,0.427,0.0,-0.26,0.129,0
15493,44,0,6,0.729,0.7,0.649,0.5,0.154,-0.019,0
15494,81,1,7,0.906,0.61,0.648,0.0,0.393,0.132,1
15495,47,0,8,0.772,0.467,0.646,0.25,0.254,0.016,0
15496,36,0,4,0.729,0.647,0.692,0.0,0.48,0.156,0
15497,40,0,5,0.7,0.558,0.721,0.75,0.094,-0.1,0
15498,79,1,3,0.778,0.679,0.511,1.0,0.16,-0.152,0
15499,73,1,9,0.981,0.636,0.758,0.0,0.21,0.217,1
15500,62,1,9,0.841,0.577,0.869,0.0,0.397,0.123,1
15501,36,1,10,1.073,0.663,0.713,0.25,0.013,0.282,0
15502,37,0,6,0.7,0.584,0.719,0.0,0.241,-0.152,0
15503,71,1,8,0.712,0.505,0.729,0.0,0.104,0.047,0
15504,68,1,3,0.794,0.605,0.118,0.0,-0.374,-0.085,0
15505,54,1,4,0.877,0.521,0.574,1.0,0.132,0.19,0
15506,70,0,12,1.024,0.7,0.858,0.75,0.407,0.182,1
15507,81,1,12,1.063,0.58,0.93,0.0,0.549,0.276,1
15508,31,0,8,0.902,0.63,0.88,0.25,0.282,0.235,0
15509,48,1,10,0.85,0.586,0.826,0.25,0.536,-0.099,1
15510,56,0,7,0.737,0.429,0.7,1.0,0.101,0.151,0
15511,50,0,3,0.912,0.67,0.504,0.25,-0.197,0.144,0
15512,51,0,6,1.148,0.435,0.419,1.0,-0.08,0.44,0
15513,76,1,12,0.989,0.491,0.769,0.25,0.069,0.045,1
15514,32,1,12,1.095,0.563,0.564,0.0,0.01,0.453,0
15515,61,1,11,0.728,0.549,0.884,0.0,0.379,0.222,0
15516,51,1,6,0.938,0.569,0.672,0.75,0.148,0.232,0
15517,44,1,9,1.158,0.518,0.615,0.0,0.137,0.611,0
15518,44,0,8,0.974,0.525,0.733,0.0,0.033,0.275,0
15519,71,1,8,0.879,0.513,0.8,0.0,0.565,0.197,1
15520,71,1,11,0.97,0.7,0.864,0.25,0.347,0.103,0
15521,79,0,7,0.987,0.723,0.92,1.0,0.464,0.399,0
15522,61,1,4,0.869,0.499,0.516,0.0,-0.013,0.278,0
15523,73,0,9,0.778,0.482,0.915,0.0,0.672,0.154,0
15524,35,0,9,0.948,0.559,0.621,0.5,0.123,0.389,0
15525,35,0,4,0.7,0.613,0.763,0.0,0.399,-0.026,0
15526,51,1,10,0.857,0.705,0.852,0.5,0.527,0.398,0
15527,51,0,9,0.816,0.579,0.702,0.5,0.173,0.096,0
15528,72,1,5,0.787,0.695,0.888,0.5,0.195,0.0,1
15529,84,0,12,1.063,0.626,0.7,0.0,-0.028,0.312,1
15530,36,0,9,0.847,0.48,1.166,0.5,0.932,0.027,0
15531,84,0,4,0.772,0.408,0.779,0.0,0.206,0.136,0
15532,75,1,3,0.9,0.562,0.784,0.0,0.325,0.162,0
15533,79,1,9,1.045,0.559,0.575,0.0,0.153,0.137,0
15534,57,0,8,0.98,0.545,0.632,0.5,0.134,0.16,0
15535,31,1,3,0.75,0.574,0.707,0.25,0.277,0.174,0
15536,66,0,3,0.84,0.668,0.519,1.0,0.155,-0.204,0
15537,61,1,7,0.822,0.621,0.834,0.25,0.219,0.201,1
15538,53,1,4,0.911,0.655,0.724,0.5,0.066,0.106,0
15539,65,1,11,0.849,0.527,0.985,0.75,0.582,0.199,0
15540,38,0,12,0.977,0.35,1.051,0.0,0.722,0.213,0
15541,63,1,10,0.936,0.539,1.033,1.0,0.667,0.005,0
15542,45,1,4,0.837,0.523,0.637,1.0,0.254,-0.074,0
15543,59,1,8,1.038,0.488,0.889,0.75,0.347,0.082,1
15544,78,1,3,0.749,0.611,0.393,0.75,0.056,-0.071,0
15545,80,1,8,0.7,0.499,0.644,0.25,0.145,0.146,0
15546,64,0,11,0.987,0.583,0.678,1.0,0.148,0.048,0
15547,30,1,12,0.798,0.751,0.836,1.0,0.559,-0.006,0
15548,54,0,4,0.956,0.52,0.785,0.0,0.193,0.33,0
15549,83,0,10,0.921,0.675,0.752,0.0,0.329,0.161,0
15550,39,0,8,0.773,0.436,0.656,0.25,-0.109,-0.015,0
15551,60,1,4,0.977,0.558,0.506,0.75,0.079,0.241,0
15552,71,1,4,0.839,0.562,0.947,0.0,0.757,0.13,0
15553,78,1,5,0.796,0.708,0.831,0.0,0.273,0.202,1
15554,32,1,8,0.7,0.553,0.7,0.0,0.229,-0.178,0
15555,76,1,3,0.913,0.522,0.565,0.0,0.219,0.113,0
15556,80,1,9,0.81,0.462,0.907,0.5,0.492,0.16,1
15557,70,1,12,0.839,0.636,1.0,0.5,0.379,0.003,0
15558,72,1,5,0.842,0.599,0.504,0.0,0.375,0.033,0
15559,58,0,9,0.866,0.612,0.951,0.0,0.399,0.244,0
15560,61,1,9,0.835,0.725,0.915,1.0,0.298,0.103,1
15561,52,1,9,0.952,0.644,0.767,0.25,0.612,0.306,0
15562,75,0,11,1.052,0.495,0.687,0.0,0.245,0.385,0
15563,52,0,4,0.626,0.513,0.692,0.0,0.237,-0.068,0
15564,49,0,9,0.884,0.546,0.441,0.0,0.023,0.118,0
15565,65,1,9,1.035,0.559,1.097,0.25,0.777,0.443,0
15566,63,0,4,0.863,0.548,0.53,0.0,-0.065,-0.139,0
15567,59,1,10,0.938,0.615,0.701,0.0,0.088,0.185,0
15568,78,1,6,0.92,0.611,0.702,0.75,0.002,0.158,0
15569,47,0,11,0.882,0.571,0.822,0.75,0.334,0.159,0
15570,58,1,5,0.979,0.576,0.413,0.0,-0.092,0.449,1
15571,76,0,4,0.97,0.607,0.746,0.0,0.266,0.181,0
15572,57,1,4,0.831,0.718,0.207,0.5,-0.282,0.158,0
15573,44,0,11,0.714,0.576,0.946,0.0,0.629,-0.106,0
15574,82,1,7,0.7,0.607,0.636,0.0,0.091,-0.159,0
15575,66,0,7,1.114,0.673,1.002,0.0,0.169,0.301,1
15576,69,1,10,0.7,0.501,0.939,0.5,0.742,-0.185,0
15577,68,0,7,0.72,0.619,0.462,0.25,0.088,0.274,0
15578,49,1,7,0.872,0.619,0.595,0.0,0.134,0.474,0
15579,43,1,7,0.814,0.509,0.887,0.0,0.173,0.114,0
15580,74,1,5,0.861,0.617,0.644,0.0,0.07,0.022,0
15581,74,1,11,0.866,0.606,0.732,0.0,0.347,0.147,0
15582,32,0,3,0.858,0.71,0.578,0.0,0.199,0.124,0
15583,35,0,11,0.946,0.547,0.888,1.0,0.321,0.146,0
15584,75,1,12,0.955,0.519,0.993,0.5,0.316,0.255,0
15585,61,0,4,0.812,0.548,0.566,0.0,0.073,0.118,0
15586,51,0,4,0.565,0.583,0.411,0.0,0.032,-0.117,0
15587,41,0,7,0.928,0.713,0.592,0.75,0.037,0.266,0
15588,36,0,3,0.855,0.582,0.525,0.0,0.342,0.151,0
15589,52,0,12,0.775,0.59,1.02,0.0,0.39,-0.057,0
15590,31,0,3,0.517,0.589,0.537,0.0,0.214,0.054,0
15591,62,0,10,0.776,0.576,0.805,0.25,0.143,0.146,0
15592,75,1,5,0.9,0.684,0.678,0.0,0.207,0.022,0
15593,74,1,3,0.633,0.628,0.461,0.0,0.085,0.149,0
15594,78,0,3,0.979,0.597,0.605,0.0,0.082,0.587,0
15595,40,1,3,0.766,0.523,0.623,0.0,0.187,0.045,0
15596,57,0,5,0.865,0.684,0.283,1.0,-0.166,0.138,0
15597,60,1,10,0.929,0.515,0.94,1.0,0.666,-0.031,0
15598,43,0,4,0.851,0.503,0.665,0.0,0.245,-0.066,0
15599,50,1,6,0.836,0.511,0.825,0.0,0.34,0.272,0
15600,72,0,6,0.613,0.585,0.89,0.0,0.471,-0.087,0
15601,82,0,4,0.825,0.643,0.83,0.5,0.266,-0.126,0
15602,48,1,3,0.701,0.643,0.7,0.25,-0.0,-0.2,0
15603,76,1,7,0.985,0.662,0.389,0.0,-0.144,0.236,0
15604,80,1,9,0.716,0.69,0.904,0.25,0.204,-0.095,1
15605,76,0,3,0.864,0.649,0.455,0.0,-0.199,0.304,0
15606,41,1,8,0.857,0.522,0.7,0.0,0.582,0.156,0
15607,66,1,5,0.868,0.529,0.757,0.25,0.113,0.102,1
15608,74,1,5,0.9,0.597,0.544,0.5,0.069,0.024,0
15609,73,1,4,0.938,0.548,0.508,0.0,0.139,-0.003,0
15610,63,0,7,0.95,0.582,0.852,0.5,0.189,0.099,0
15611,65,0,7,0.819,0.505,0.824,0.25,-0.016,-0.046,0
15612,44,1,9,0.804,0.635,0.916,0.75,0.712,-0.056,0
15613,82,0,7,0.76,0.554,0.7,0.25,0.286,0.045,0
15614,56,0,9,0.864,0.524,0.876,0.0,0.249,0.095,0
15615,68,0,5,0.973,0.668,0.548,0.25,0.216,0.033,0
15616,52,0,9,0.854,0.656,0.542,0.0,-0.158,0.117,0
15617,35,1,7,1.079,0.555,0.883,0.5,0.378,0.337,0
15618,50,1,7,0.978,0.606,0.572,0.25,0.01,0.236,0
15619,55,1,11,0.797,0.483,0.969,0.0,0.666,0.191,1
15620,49,1,4,0.93,0.64,0.884,0.75,0.674,-0.066,0
15621,73,1,10,0.985,0.492,0.756,0.75,0.103,0.198,0
15622,78,1,11,1.051,0.573,0.789,0.5,0.189,0.287,0
15623,70,1,3,0.7,0.6,0.539,0.0,0.22,-0.071,0
15624,70,0,10,0.775,0.564,0.703,0.75,0.347,0.138,0
15625,53,0,3,0.952,0.484,0.488,0.0,0.274,0.413,0
15626,37,0,5,0.586,0.612,0.747,1.0,0.181,-0.072,0
15627,65,1,9,0.65,0.73,0.617,0.75,0.491,-0.117,0
15628,64,1,6,0.904,0.479,0.699,0.25,0.072,0.4,0
15629,35,0,8,0.844,0.579,0.811,0.25,0.111,0.032,0
15630,50,1,4,0.779,0.791,0.546,0.25,0.089,-0.109,0
15631,55,1,3,0.7,0.597,0.311,0.0,0.118,-0.113,0
15632,63,0,9,0.879,0.625,0.944,0.0,0.473,0.022,1
15633,55,0,7,0.989,0.511,0.418,0.25,0.069,0.289,0
15634,52,0,10,0.942,0.559,0.886,0.0,0.342,0.339,0
15635,70,0,9,0.946,0.501,0.865,0.5,0.417,0.33,1
15636,46,0,10,0.928,0.561,0.449,0.0,0.143,0.478,0
15637,82,1,6,0.499,0.58,0.502,0.0,-0.056,-0.45,0
15638,83,0,6,0.885,0.548,0.59,0.0,-0.028,0.132,0
15639,45,0,7,0.947,0.696,0.66,0.0,0.114,0.133,0
15640,70,1,3,0.83,0.673,0.738,0.5,0.627,0.176,0
15641,66,0,4,0.82,0.684,0.489,0.0,-0.101,0.136,0
15642,67,0,10,0.922,0.62,0.819,0.0,0.145,0.222,0
15643,35,1,8,1.077,0.638,0.807,0.0,0.09,0.36,0
15644,66,0,5,0.732,0.609,0.862,0.5,0.351,0.179,0
15645,69,0,11,0.991,0.541,0.943,0.0,0.496,0.278,0
15646,84,1,7,0.932,0.628,0.53,0.0,0.278,0.337,0
15647,43,0,5,0.698,0.7,0.411,0.75,-0.337,-0.11,0
15648,68,0,4,0.751,0.603,0.342,0.0,-0.089,0.059,0
15649,66,1,11,0.957,0.484,0.69,0.0,0.186,0.294,0
15650,44,0,8,0.62,0.449,0.857,1.0,0.438,-0.08,0
15651,34,0,12,0.853,0.404,1.105,0.0,0.832,0.105,0
15652,45,0,7,0.83,0.619,0.718,0.75,-0.036,0.366,0
15653,50,1,8,0.824,0.535,0.538,0.0,0.082,0.268,0
15654,50,1,7,1.155,0.645,0.845,0.5,0.073,0.38,0
15655,55,1,11,0.804,0.771,0.86,1.0,0.235,-0.029,0
15656,80,0,12,1.113,0.575,0.983,0.0,0.531,0.35,0
15657,35,0,5,0.867,0.695,0.533,1.0,0.278,0.134,0
15658,79,0,12,1.006,0.556,0.819,0.25,0.52,0.149,0
15659,48,0,3,0.7,0.698,0.47,1.0,-0.259,0.049,0
15660,52,1,3,0.658,0.625,0.217,0.0,-0.056,0.018,0
15661,41,1,8,0.917,0.501,0.678,0.25,0.146,0.247,0
15662,75,1,5,0.952,0.657,0.513,0.25,0.025,0.027,0
15663,31,0,6,0.763,0.738,0.767,0.25,0.185,-0.02,0
15664,37,0,12,1.019,0.514,0.864,0.0,0.338,0.18,0
15665,58,0,11,0.942,0.7,1.088,0.0,0.531,0.223,0
15666,54,1,3,0.573,0.704,0.387,0.25,-0.067,-0.083,0
15667,73,0,5,0.973,0.664,0.528,0.0,0.368,0.319,0
15668,40,0,6,0.625,0.488,0.825,1.0,0.363,-0.123,1
15669,56,0,12,0.91,0.585,0.85,1.0,0.381,0.001,0
15670,64,0,7,0.8,0.614,0.825,0.5,0.404,0.051,0
15671,76,0,4,0.627,0.538,0.388,0.0,0.003,0.051,0
15672,76,0,7,0.789,0.65,1.067,0.5,0.527,-0.008,0
15673,46,1,9,0.892,0.531,0.589,1.0,0.203,0.033,0
15674,79,0,8,0.926,0.571,0.649,0.75,0.184,0.214,0
15675,59,1,7,1.108,0.594,0.824,1.0,0.523,0.323,0
15676,31,0,10,1.101,0.558,0.704,0.25,0.017,0.456,0
15677,39,0,8,1.037,0.634,0.927,1.0,0.422,0.114,0
15678,81,0,4,0.827,0.645,0.557,0.0,-0.085,-0.036,0
15679,61,0,4,0.867,0.516,0.385,0.5,-0.072,0.167,0
15680,53,1,12,0.882,0.706,1.191,0.0,0.719,0.267,1
15681,50,1,6,0.813,0.556,0.643,0.0,0.25,0.182,0
15682,36,1,10,0.982,0.589,0.93,0.25,0.503,0.184,0
15683,48,1,8,0.7,0.59,0.939,0.5,0.422,0.04,0
15684,35,1,9,0.927,0.497,0.72,0.75,0.049,0.133,0
15685,43,0,11,0.878,0.603,0.667,0.0,0.248,-0.055,0
15686,43,0,4,1.067,0.625,0.799,0.0,0.618,0.244,1
15687,36,1,6,0.713,0.542,0.566,0.5,0.35,0.096,0
15688,73,1,5,0.905,0.543,0.499,1.0,0.132,0.172,0
15689,68,0,12,0.881,0.454,1.069,0.0,0.497,0.202,0
15690,65,1,3,0.72,0.396,0.741,0.25,0.273,-0.088,1
15691,59,1,11,1.089,0.504,0.628,0.0,0.166,0.355,0
15692,39,1,5,0.764,0.554,0.662,0.75,0.421,-0.12,0
15693,48,1,6,0.735,0.566,0.729,0.75,0.157,-0.048,0
15694,41,0,10,0.978,0.483,0.92,0.25,0.68,0.207,0
15695,44,1,6,0.863,0.555,0.738,0.25,0.137,0.269,0
15696,61,1,11,0.941,0.467,0.907,0.0,0.597,0.104,0
15697,84,0,10,0.949,0.602,1.071,0.25,0.547,-0.06,1
15698,80,0,5,0.896,0.693,0.505,0.25,0.177,0.185,0
15699,60,0,6,0.972,0.505,0.86,0.5,0.469,0.127,0
15700,69,1,12,0.683,0.662,0.822,0.75,0.234,0.011,0
15701,44,0,4,0.944,0.649,0.736,0.0,0.316,0.429,1
15702,69,0,10,0.974,0.386,0.776,0.0,0.05,0.193,0
15703,44,1,5,0.878,0.573,0.758,0.0,0.245,0.248,0
15704,60,1,9,0.882,0.631,0.574,0.75,0.022,0.258,0
15705,34,1,9,0.851,0.63,0.797,1.0,0.423,0.199,0
15706,36,1,5,0.769,0.559,0.674,1.0,0.094,-0.146,1
15707,78,1,9,0.759,0.501,0.922,0.0,0.222,-0.298,1
15708,47,0,5,0.794,0.651,0.887,1.0,0.561,0.097,0
15709,54,0,3,0.682,0.674,0.616,0.0,0.077,-0.083,0
15710,41,0,10,1.052,0.591,0.865,0.0,0.64,0.345,0
15711,35,1,10,0.993,0.687,1.089,0.0,0.466,0.164,0
15712,38,0,9,0.823,0.571,0.924,0.5,0.382,0.293,0
15713,72,0,5,0.888,0.61,0.837,0.25,0.534,0.029,0
15714,45,0,11,0.997,0.538,0.864,1.0,0.326,0.262,0
15715,43,1,7,0.715,0.631,0.694,0.0,0.452,-0.01,0
15716,39,0,10,0.933,0.571,0.712,0.5,0.337,0.192,0
15717,84,1,12,0.912,0.437,0.919,0.75,0.471,-0.036,1
15718,49,1,6,0.873,0.515,0.639,0.0,0.483,-0.043,0
15719,32,0,5,0.756,0.718,0.537,0.25,0.013,-0.08,0
15720,35,0,12,1.012,0.453,1.184,1.0,0.731,0.237,0
15721,68,1,5,0.915,0.521,0.763,0.25,0.347,-0.088,1
15722,82,0,4,0.756,0.666,0.543,0.5,-0.051,0.135,0
15723,65,0,6,0.925,0.485,0.782,0.0,0.187,0.053,0
15724,76,0,5,0.703,0.752,0.597,0.0,-0.106,0.041,0
15725,44,1,4,0.879,0.701,0.528,0.0,-0.172,0.032,0
15726,84,0,3,0.688,0.6,0.432,0.0,-0.091,-0.114,1
15727,68,1,10,0.928,0.595,0.867,0.0,0.488,0.137,0
15728,50,1,6,0.781,0.516,0.895,0.0,0.458,0.247,0
15729,62,0,9,0.964,0.53,0.872,0.25,0.552,-0.118,0
15730,77,1,3,0.735,0.543,0.786,0.75,0.152,-0.011,0
15731,71,0,12,0.994,0.497,0.581,0.0,-0.202,0.192,0
15732,35,1,11,0.863,0.477,1.022,0.0,0.322,0.12,0
15733,72,0,9,0.769,0.655,0.792,0.5,0.185,-0.218,0
15734,81,1,5,0.839,0.643,0.631,0.5,0.123,0.053,0
15735,73,0,5,0.612,0.587,0.764,0.5,0.5,-0.143,1
15736,78,0,4,0.648,0.482,0.6,1.0,0.017,-0.057,0
15737,67,1,8,0.625,0.399,0.751,0.0,0.263,-0.19,1
15738,41,0,12,0.812,0.503,0.7,1.0,0.176,-0.047,0
15739,78,0,10,0.84,0.566,0.901,0.0,0.541,0.132,1
15740,40,0,7,0.728,0.56,0.242,0.5,-0.231,-0.194,0
15741,59,1,7,0.838,0.619,0.847,0.5,0.147,0.235,0
15742,56,0,9,1.012,0.516,0.872,1.0,0.363,0.473,0
15743,32,1,5,0.692,0.517,0.549,0.5,0.1,-0.206,0
15744,41,1,3,0.832,0.653,0.866,0.75,0.429,-0.005,0
15745,56,1,8,1.055,0.631,0.748,0.25,0.35,0.294,0
15746,34,1,5,0.7,0.55,0.378,0.25,0.223,0.222,0
15747,72,0,12,1.241,0.521,0.939,0.5,0.448,0.401,0
15748,34,1,4,0.789,0.52,0.766,0.0,0.433,0.059,1
15749,43,1,10,0.925,0.488,0.635,1.0,0.213,0.235,0
15750,84,0,8,0.838,0.614,0.718,0.0,0.132,0.212,0
15751,56,1,11,0.881,0.564,0.932,0.25,0.589,-0.011,0
15752,40,0,3,0.783,0.832,0.585,0.25,0.168,0.145,0
15753,80,0,5,0.726,0.605,0.845,0.75,0.222,0.026,0
15754,32,1,6,0.874,0.606,0.786,0.0,0.156,0.109,0
15755,62,1,12,1.086,0.51,0.974,0.0,0.581,0.421,0
15756,44,0,10,0.909,0.54,0.746,1.0,0.228,0.128,0
15757,53,1,3,0.791,0.481,0.635,0.75,0.068,-0.068,0
15758,34,1,7,0.7,0.586,0.477,1.0,0.293,-0.171,0
15759,61,1,5,0.88,0.668,0.77,0.0,0.159,0.158,0
15760,31,1,8,0.846,0.535,0.503,0.0,-0.089,-0.02,0
15761,66,0,4,0.841,0.604,0.32,0.0,0.017,-0.101,0
15762,70,1,11,0.933,0.531,0.948,0.75,0.705,0.039,0
15763,42,1,7,0.843,0.443,0.708,0.0,0.462,0.095,1
15764,62,1,6,0.676,0.472,0.685,0.0,0.281,-0.235,0
15765,51,1,4,0.716,0.731,0.585,0.25,-0.096,0.097,0
15766,61,1,8,0.63,0.579,0.718,0.0,0.242,-0.201,1
15767,36,0,12,0.971,0.517,0.7,0.25,0.276,0.283,0
15768,32,0,8,0.822,0.538,0.65,0.0,-0.029,0.072,0
15769,66,1,12,0.858,0.61,0.935,0.5,0.745,0.036,0
15770,48,1,8,1.008,0.502,0.832,0.0,-0.062,0.2,0
15771,54,1,6,0.872,0.65,0.698,0.0,0.252,0.145,0
15772,33,0,3,0.924,0.457,0.522,0.0,0.242,0.24,0
15773,40,1,8,0.779,0.521,1.031,0.0,0.427,0.144,0
15774,53,1,6,0.846,0.64,0.7,0.5,0.47,0.25,0
15775,41,1,9,1.072,0.587,0.588,0.5,0.222,0.158,0
15776,46,1,7,0.713,0.677,0.7,0.25,0.119,-0.107,0
15777,67,0,12,1.022,0.468,1.123,0.0,0.57,0.241,0
15778,57,1,8,0.987,0.489,0.58,0.75,-0.002,0.101,0
15779,37,0,9,1.06,0.544,0.655,0.0,0.304,0.309,0
15780,54,0,12,0.85,0.566,0.769,0.0,0.392,0.016,0
15781,50,1,10,0.977,0.552,0.705,0.25,0.299,0.189,0
15782,30,0,6,0.998,0.698,0.729,0.5,0.029,0.176,0
15783,53,1,12,0.872,0.515,0.831,0.75,0.038,0.043,0
15784,56,1,3,0.794,0.619,0.356,0.0,0.022,-0.077,0
15785,74,0,6,0.917,0.466,0.811,0.0,0.097,-0.049,0
15786,31,0,9,1.052,0.73,0.906,0.0,0.48,0.129,0
15787,75,1,8,0.899,0.577,0.95,0.25,0.215,0.138,0
15788,49,0,5,0.994,0.664,0.791,0.75,-0.1,0.186,0
15789,75,1,9,0.7,0.598,0.927,1.0,0.283,-0.089,1
15790,30,1,9,0.891,0.516,1.111,0.0,0.797,0.139,0
15791,69,1,12,0.877,0.563,0.914,0.0,0.364,0.032,1
15792,65,0,3,0.769,0.567,0.409,0.75,0.187,0.132,0
15793,52,1,3,0.9,0.565,0.592,0.0,0.084,0.281,0
15794,46,0,3,0.682,0.729,0.332,0.25,-0.104,-0.029,0
15795,39,0,5,1.055,0.495,0.807,0.0,0.585,0.197,0
15796,40,1,8,0.956,0.582,0.772,0.25,0.089,0.255,0
15797,52,1,9,0.946,0.619,0.771,0.0,0.334,0.351,0
15798,53,0,11,0.864,0.546,0.828,0.5,0.576,0.02,1
15799,42,0,8,0.713,0.473,0.539,1.0,-0.017,0.078,0
15800,34,1,8,1.009,0.659,1.016,1.0,0.598,0.284,0
15801,83,1,6,0.967,0.608,0.703,0.0,0.325,0.31,0
15802,46,0,12,0.962,0.568,0.897,0.0,0.439,0.321,0
15803,33,0,3,0.796,0.637,0.502,0.0,0.036,0.036,0
15804,55,0,11,0.982,0.639,0.931,0.0,0.344,0.282,0
15805,31,1,6,1.027,0.527,0.843,0.0,0.503,0.428,0
15806,71,1,12,0.93,0.645,1.197,0.5,0.803,0.208,0
15807,40,0,9,0.845,0.591,0.89,0.0,0.547,0.05,0
15808,66,1,11,0.912,0.511,0.782,0.25,0.335,0.455,1
15809,84,1,8,0.765,0.581,0.597,0.0,-0.137,-0.126,1
15810,73,1,10,0.833,0.596,0.793,0.0,0.308,0.157,1
15811,42,1,9,1.134,0.622,0.766,1.0,0.105,0.363,0
15812,73,1,5,0.863,0.687,0.686,0.5,0.385,0.209,0
15813,65,0,5,0.917,0.63,0.576,0.75,0.21,0.172,0
15814,81,0,6,0.834,0.386,0.502,0.0,-0.024,0.208,1
15815,53,1,7,0.851,0.489,0.583,0.0,0.278,0.268,0
15816,68,0,3,0.732,0.45,0.384,0.5,-0.121,-0.245,0
15817,55,0,8,0.848,0.625,0.614,0.0,0.098,0.141,0
15818,37,0,12,0.726,0.56,0.968,0.75,0.45,0.277,1
15819,84,1,7,0.818,0.555,0.585,0.25,0.261,-0.05,0
15820,68,1,11,0.936,0.696,1.051,0.25,0.524,0.317,0
15821,40,1,5,0.983,0.667,0.554,0.0,0.071,0.138,0
15822,80,0,7,0.921,0.676,0.7,0.25,0.573,-0.037,0
15823,75,1,11,0.974,0.477,1.026,1.0,0.312,0.302,0
15824,38,0,9,0.96,0.569,0.784,0.0,0.24,0.334,0
15825,44,0,10,0.913,0.581,1.133,0.0,0.655,0.185,0
15826,62,1,10,1.018,0.439,0.751,0.75,0.362,0.284,1
15827,33,0,7,0.926,0.598,0.732,0.0,0.12,-0.115,0
15828,61,0,11,0.836,0.489,0.98,0.0,0.627,0.212,1
15829,69,0,9,1.055,0.516,1.185,0.0,0.889,0.445,0
15830,76,1,10,0.815,0.651,0.518,0.25,-0.068,0.097,0
15831,65,0,7,0.726,0.511,0.882,0.5,0.249,-0.04,0
15832,73,1,5,0.862,0.505,0.847,0.25,0.743,0.209,0
15833,57,1,9,1.023,0.607,0.726,0.25,0.026,0.297,0
15834,68,0,7,0.739,0.52,0.603,1.0,0.047,-0.072,0
15835,76,1,6,0.904,0.739,0.73,0.0,0.238,0.231,0
15836,30,0,3,0.806,0.57,0.965,0.25,0.115,-0.024,0
15837,70,1,11,0.905,0.432,0.989,0.0,0.401,0.182,0
15838,39,0,12,0.958,0.512,0.79,1.0,0.368,0.173,0
15839,69,1,8,0.831,0.652,0.7,0.75,-0.094,0.066,0
15840,62,1,10,0.853,0.562,0.993,0.0,0.618,0.133,0
15841,55,0,5,0.763,0.647,0.738,0.5,0.095,-0.017,0
15842,43,0,6,0.735,0.552,0.492,0.0,0.086,0.186,0
15843,62,1,10,0.717,0.467,0.75,0.0,0.423,0.044,0
15844,46,0,4,0.58,0.565,0.453,0.0,-0.169,-0.32,0
15845,66,0,5,0.787,0.599,0.433,0.5,-0.004,-0.114,0
15846,34,0,5,0.722,0.53,0.562,1.0,-0.104,-0.108,0
15847,53,1,8,0.876,0.55,0.684,0.0,0.35,0.078,0
15848,52,0,8,0.86,0.492,0.797,0.0,0.384,-0.17,1
15849,43,1,5,0.796,0.719,0.7,0.75,0.368,0.119,0
15850,51,1,7,0.832,0.596,0.763,0.0,0.173,0.133,1
15851,64,1,6,0.877,0.75,0.83,1.0,0.375,0.241,0
15852,60,0,3,0.744,0.605,0.605,0.0,0.079,-0.12,0
15853,81,0,3,0.776,0.491,0.21,0.0,-0.266,0.201,0
15854,76,1,7,0.974,0.557,0.908,0.0,0.407,0.077,0
15855,73,1,5,0.685,0.82,0.726,0.25,0.547,-0.256,0
15856,40,1,7,0.875,0.585,0.968,0.0,0.492,0.149,0
15857,78,1,6,0.934,0.634,0.329,0.75,-0.227,0.321,1
15858,52,0,5,0.66,0.527,0.615,0.0,0.148,-0.045,0
15859,60,1,9,0.927,0.589,0.753,0.75,0.315,-0.005,0
15860,36,1,9,0.892,0.579,0.91,0.75,0.074,0.374,0
15861,34,0,8,0.725,0.537,0.7,0.0,0.274,-0.034,0
15862,74,0,7,0.823,0.653,0.649,0.0,0.094,0.106,0
15863,67,0,3,0.718,0.73,0.388,0.0,-0.043,-0.288,0
15864,54,0,10,1.069,0.61,0.722,0.0,0.022,0.073,0
15865,69,0,8,0.728,0.44,0.865,1.0,0.107,-0.063,1
15866,75,0,6,0.873,0.654,0.863,0.0,0.364,-0.014,0
15867,60,0,8,0.932,0.539,1.039,0.25,0.564,-0.117,1
15868,62,1,12,1.18,0.468,1.14,0.5,0.286,0.48,0
15869,46,0,11,0.989,0.514,0.802,0.0,0.469,0.197,0
15870,58,0,11,1.025,0.512,0.794,0.0,0.078,0.13,0
15871,72,0,11,0.97,0.643,0.776,0.25,0.287,0.14,1
15872,62,0,11,0.89,0.654,0.763,1.0,0.336,0.19,0
15873,54,1,7,0.782,0.652,0.719,0.75,0.035,0.054,0
15874,75,1,4,0.646,0.648,0.582,0.5,-0.12,-0.416,0
15875,68,0,4,0.79,0.589,0.479,0.0,0.38,0.061,0
15876,73,1,9,0.9,0.611,0.672,0.0,0.126,0.062,0
15877,77,0,3,0.737,0.592,0.37,1.0,-0.222,-0.083,0
15878,34,1,6,0.933,0.739,0.893,0.0,0.529,0.337,0
15879,83,1,4,0.773,0.668,0.305,0.25,-0.332,-0.065,0
15880,44,1,10,0.7,0.589,0.919,0.75,0.532,-0.018,0
15881,82,0,4,0.829,0.589,0.608,0.0,0.172,0.052,0
15882,68,0,4,0.727,0.7,0.586,0.0,0.267,0.003,0
15883,32,0,10,0.852,0.621,0.659,0.0,0.105,0.179,0
15884,30,1,10,1.033,0.45,0.811,0.25,0.113,0.272,0
15885,45,1,9,1.032,0.581,0.73,0.75,0.568,0.247,1
15886,57,1,10,0.82,0.64,0.453,0.0,0.162,0.044,0
15887,43,0,3,0.812,0.566,0.677,0.5,0.37,0.225,0
15888,46,1,3,0.548,0.649,0.803,0.5,0.393,-0.219,1
15889,77,1,11,1.137,0.549,0.744,0.0,0.327,-0.024,0
15890,74,1,4,0.743,0.553,0.323,0.0,0.078,-0.064,0
15891,40,1,3,0.848,0.6,0.44,0.0,-0.005,0.056,0
15892,42,0,3,0.795,0.525,0.431,0.0,-0.227,0.121,0
15893,35,0,10,0.937,0.471,0.957,1.0,0.639,0.156,0
15894,49,0,7,0.919,0.528,0.884,0.0,0.35,0.057,0
15895,42,0,5,0.85,0.568,0.906,0.0,0.536,0.277,0
15896,36,1,7,0.866,0.599,1.018,0.0,0.466,0.243,0
15897,78,0,11,1.064,0.526,0.575,0.0,0.15,0.364,0
15898,33,1,6,0.923,0.67,0.682,1.0,-0.236,0.07,1
15899,67,0,9,0.989,0.513,0.73,0.5,0.271,0.195,1
15900,59,1,10,0.984,0.584,0.822,0.0,0.617,0.295,0
15901,62,1,6,0.784,0.601,0.219,1.0,-0.241,-0.194,0
15902,41,1,6,0.884,0.704,0.61,0.5,0.112,0.169,0
15903,78,0,11,1.04,0.439,0.697,0.5,0.282,0.107,0
15904,53,1,9,0.956,0.493,1.075,0.0,0.589,-0.016,0
15905,73,0,9,0.946,0.502,0.876,0.0,0.454,0.177,1
15906,76,0,7,0.827,0.517,0.781,0.5,0.416,0.041,0
15907,32,0,11,1.003,0.609,0.884,0.0,0.174,0.152,1
15908,45,1,9,0.828,0.559,0.922,0.25,0.336,0.124,0
15909,44,0,4,0.829,0.575,0.541,0.75,-0.25,0.085,0
15910,50,0,7,0.893,0.616,0.843,0.0,0.533,0.186,0
15911,54,0,12,0.922,0.648,0.944,0.0,0.287,0.02,0
15912,41,0,10,1.017,0.555,1.053,0.75,0.552,0.323,0
15913,63,1,6,0.674,0.552,0.681,0.5,0.269,-0.035,0
15914,74,1,12,0.963,0.7,0.734,0.0,0.128,0.156,0
15915,51,1,9,0.911,0.548,1.038,0.0,0.638,0.015,1
15916,55,0,7,0.966,0.574,0.729,0.75,0.085,0.214,0
15917,56,0,7,0.837,0.743,0.828,0.0,0.359,0.034,0
15918,72,1,7,0.875,0.614,0.74,0.0,0.402,0.009,0
15919,41,0,7,1.072,0.538,0.863,0.0,0.186,0.351,0
15920,57,0,12,0.737,0.584,0.771,0.0,0.304,-0.204,0
15921,44,0,4,0.975,0.519,0.609,0.5,0.07,0.394,0
15922,49,0,6,0.975,0.643,0.716,0.0,0.41,0.108,0
15923,64,0,4,0.811,0.558,0.419,0.0,0.114,-0.078,0
15924,58,0,8,0.837,0.466,0.718,0.0,0.363,0.183,0
15925,64,1,10,1.089,0.644,0.759,0.5,0.369,0.231,1
15926,47,0,10,1.176,0.563,0.958,0.75,0.447,0.254,0
15927,30,0,7,0.928,0.543,0.644,1.0,0.294,0.197,0
15928,50,0,9,1.117,0.54,0.686,0.0,0.277,0.378,0
15929,48,1,5,1.01,0.731,0.697,0.25,0.04,0.13,0
15930,64,1,4,0.958,0.554,0.558,0.5,0.237,0.071,0
15931,60,1,8,0.962,0.554,1.076,0.0,0.48,0.446,0
15932,41,1,3,0.656,0.649,0.447,0.25,-0.065,0.107,0
15933,65,0,11,1.053,0.589,0.581,0.0,0.284,0.348,0
15934,62,1,6,0.652,0.655,0.609,0.0,0.255,-0.211,0
15935,62,0,11,0.824,0.613,0.818,0.5,0.315,0.085,0
15936,81,0,5,0.991,0.704,0.335,0.5,0.016,0.182,0
15937,38,1,4,0.772,0.509,0.602,0.25,0.073,-0.161,0
15938,49,1,6,0.716,0.514,0.606,0.0,-0.047,0.027,0
15939,58,0,5,0.938,0.7,0.891,0.0,0.4,0.431,0
15940,70,1,7,0.803,0.481,0.834,0.0,0.249,0.172,1
15941,36,0,5,0.854,0.544,0.548,0.5,0.231,0.028,0
15942,79,1,7,0.489,0.591,0.942,0.25,0.401,-0.151,1
15943,47,1,11,0.948,0.558,0.957,0.0,0.291,0.462,0
15944,80,1,3,0.705,0.494,0.329,0.25,-0.007,-0.11,0
15945,58,1,4,0.747,0.664,0.297,0.0,-0.246,-0.044,0
15946,64,1,5,1.003,0.577,0.865,0.25,0.627,0.383,1
15947,57,1,11,0.999,0.629,0.849,1.0,0.316,0.298,0
15948,78,1,6,0.905,0.588,0.604,0.25,0.447,0.139,0
15949,49,1,9,0.791,0.532,0.556,0.25,-0.167,-0.038,0
15950,69,1,6,0.758,0.53,0.646,0.0,0.1,-0.231,0
15951,50,0,5,0.734,0.556,0.245,0.25,-0.111,-0.175,0
15952,30,1,7,0.917,0.617,0.859,0.75,0.474,-0.14,0
15953,63,1,4,0.932,0.624,0.593,0.5,0.189,0.181,0
15954,31,1,8,0.831,0.473,0.516,0.0,-0.048,0.052,0
15955,82,1,11,0.906,0.629,0.84,0.0,0.457,0.209,0
15956,45,0,4,0.872,0.604,0.659,0.0,0.228,0.297,0
15957,82,1,4,0.718,0.543,0.7,0.5,0.41,0.018,0
15958,60,1,6,0.685,0.48,0.7,1.0,0.298,-0.289,0
15959,32,1,5,1.005,0.43,0.504,1.0,-0.113,0.187,0
15960,69,0,12,1.157,0.485,0.821,0.0,0.567,0.245,1
15961,31,0,11,0.96,0.559,0.779,0.0,0.163,0.141,0
15962,80,1,4,0.845,0.7,0.478,0.0,0.051,0.104,0
15963,83,1,12,0.855,0.634,1.038,0.5,0.338,0.059,0
15964,56,0,12,0.913,0.46,0.777,0.5,0.256,0.048,0
15965,67,1,9,1.089,0.53,0.685,0.0,0.366,0.502,0
15966,67,1,10,0.788,0.538,0.54,0.25,-0.301,0.433,0
15967,32,1,4,0.724,0.719,0.455,0.5,-0.292,-0.113,0
15968,33,1,12,0.897,0.58,0.984,1.0,0.325,0.058,1
15969,60,1,10,0.903,0.556,0.449,0.5,-0.136,0.309,0
15970,66,0,6,0.872,0.565,0.643,0.0,0.307,0.058,0
15971,30,0,9,0.926,0.456,0.703,0.0,0.445,0.137,0
15972,51,1,12,1.006,0.569,1.174,0.0,0.474,0.177,1
15973,42,0,5,0.807,0.587,0.596,0.5,0.286,0.24,0
15974,69,1,3,0.561,0.529,0.699,1.0,0.011,-0.265,0
15975,65,1,7,1.0,0.383,0.619,0.0,0.389,0.222,0
15976,59,0,9,0.774,0.34,1.048,0.5,0.696,0.342,1
15977,62,1,7,0.829,0.54,0.874,0.5,0.174,0.093,0
15978,60,1,10,1.079,0.667,0.844,0.5,0.231,0.486,0
15979,62,1,12,1.153,0.586,0.711,0.0,0.144,0.428,0
15980,38,0,10,1.032,0.653,1.142,0.0,0.899,0.218,0
15981,41,0,3,0.874,0.547,0.648,0.75,0.413,-0.06,0
15982,61,1,7,0.781,0.605,0.607,0.0,0.119,-0.073,0
15983,39,0,4,0.94,0.452,0.641,0.0,0.166,0.2,0
15984,78,1,9,1.131,0.482,0.554,0.0,0.187,0.316,0
15985,79,1,5,0.647,0.597,0.767,0.25,0.327,-0.262,0
15986,68,1,7,0.919,0.696,0.734,0.0,0.395,0.236,0
15987,30,1,7,0.808,0.571,0.751,0.0,0.171,0.001,0
15988,37,1,3,0.765,0.586,0.825,0.0,0.502,0.061,0
15989,64,1,4,0.754,0.7,0.688,0.5,-0.012,-0.137,0
15990,73,1,7,0.832,0.668,0.851,0.0,0.501,0.181,1
15991,44,0,9,0.827,0.478,0.753,0.0,0.347,0.213,0
15992,77,1,12,0.962,0.603,0.912,0.75,0.339,0.534,0
15993,60,1,5,1.063,0.466,0.747,0.0,0.433,0.25,0
15994,51,0,8,1.052,0.506,0.803,0.0,0.321,0.272,0
15995,62,1,11,0.887,0.509,0.448,0.0,0.044,0.094,0
15996,47,0,12,1.042,0.679,0.718,0.0,0.212,0.299,0
15997,65,1,7,0.863,0.683,0.984,0.25,0.419,0.216,1
15998,84,1,6,1.01,0.621,0.699,0.0,0.144,0.238,0
15999,62,1,12,1.082,0.526,1.023,0.5,0.642,0.423,0
16000,39,0,3,0.7,0.574,0.41,0.0,0.371,-0.085,0
16001,60,1,8,0.805,0.537,0.981,0.0,0.355,-0.13,1
16002,74,1,12,0.92,0.408,0.806,0.75,0.352,0.114,1
16003,73,1,8,0.893,0.475,0.605,0.0,0.279,0.245,0
16004,65,1,3,0.783,0.602,0.515,0.0,0.159,0.097,0
16005,71,1,11,1.225,0.581,0.723,0.0,0.282,0.413,0
16006,40,1,7,0.661,0.506,0.758,1.0,0.216,-0.122,0
16007,64,1,8,0.815,0.627,0.573,0.25,-0.052,-0.079,0
16008,42,0,8,0.664,0.558,0.937,0.75,0.237,-0.041,0
16009,82,1,8,0.838,0.511,0.803,0.0,0.453,0.152,1
16010,78,0,4,0.757,0.533,0.621,1.0,0.22,0.07,0
16011,61,1,3,0.7,0.719,0.516,0.0,-0.097,-0.172,0
16012,52,1,11,1.031,0.635,0.858,0.0,0.464,0.127,0
16013,62,1,7,0.746,0.562,0.906,0.0,0.24,0.087,1
16014,66,0,12,1.192,0.541,0.744,0.25,0.407,0.642,0
16015,40,1,8,0.868,0.563,0.7,1.0,0.072,0.128,1
16016,76,0,6,0.843,0.637,0.509,0.0,0.245,0.108,0
16017,35,1,9,0.842,0.516,0.817,1.0,0.158,0.071,1
16018,39,0,5,0.815,0.62,0.69,0.0,-0.01,0.191,0
16019,31,1,7,0.781,0.742,1.008,1.0,0.396,0.161,0
16020,61,1,5,0.629,0.645,0.732,0.0,0.229,-0.168,1
16021,53,1,4,0.888,0.603,0.7,1.0,-0.04,0.168,1
16022,64,1,11,1.039,0.396,1.051,0.75,0.594,0.496,0
16023,76,1,9,0.793,0.577,0.76,0.0,0.172,0.147,0
16024,47,1,12,0.997,0.587,0.974,0.0,0.565,0.297,0
16025,54,1,3,0.786,0.662,0.441,0.75,-0.014,0.014,0
16026,43,0,6,0.649,0.584,0.598,1.0,0.205,-0.324,0
16027,59,1,7,0.939,0.627,0.869,0.0,0.538,0.463,0
16028,61,0,12,0.843,0.59,0.878,1.0,0.17,-0.03,0
16029,82,0,9,0.843,0.444,0.913,0.0,0.79,0.186,0
16030,38,1,5,0.709,0.694,0.487,0.0,0.279,0.004,0
16031,67,0,12,0.904,0.564,1.072,0.75,0.619,0.196,0
16032,54,0,9,0.771,0.6,0.914,0.0,0.499,0.145,1
16033,74,0,5,1.077,0.651,0.766,0.0,0.31,0.33,1
16034,72,0,6,0.856,0.577,0.347,0.0,-0.067,0.031,0
16035,54,1,5,0.719,0.588,1.03,0.25,0.687,-0.165,0
16036,43,1,7,0.74,0.455,0.77,0.25,0.194,-0.056,0
16037,46,1,10,0.839,0.597,1.093,0.0,0.756,0.242,1
16038,81,1,4,0.8,0.593,0.592,0.5,0.016,-0.051,0
16039,57,0,9,0.914,0.673,0.753,0.25,0.379,0.038,1
16040,84,1,5,0.819,0.657,0.652,0.0,0.424,0.0,0
16041,71,1,8,0.919,0.469,0.777,0.0,0.283,-0.031,0
16042,35,1,12,1.019,0.62,1.134,0.0,0.684,0.028,0
16043,38,0,3,0.681,0.614,0.616,1.0,-0.071,0.01,0
16044,49,1,5,0.723,0.629,0.569,0.25,0.294,0.044,0
16045,60,0,11,0.936,0.721,1.053,0.0,0.612,0.072,0
16046,73,0,9,1.05,0.372,0.812,0.0,0.44,0.458,1
16047,40,1,8,0.78,0.574,0.799,0.0,0.391,0.151,0
16048,30,1,4,0.683,0.466,0.623,0.25,0.425,-0.019,0
16049,32,1,12,0.753,0.553,0.876,0.5,0.242,-0.02,0
16050,50,1,6,0.825,0.47,0.603,0.25,0.221,0.121,0
16051,60,1,4,0.714,0.58,0.687,0.5,0.463,0.152,0
16052,71,0,3,0.588,0.589,0.331,0.0,-0.051,-0.152,0
16053,71,0,7,1.06,0.613,0.583,0.5,0.005,0.314,0
16054,40,0,5,0.927,0.602,0.619,0.5,0.154,0.039,0
16055,51,1,3,0.767,0.55,0.546,0.25,0.095,0.153,0
16056,58,0,9,0.872,0.522,0.643,0.5,0.224,0.209,0
16057,46,0,8,1.01,0.649,1.03,0.75,0.403,0.243,0
16058,58,1,7,0.878,0.54,0.538,0.5,0.086,0.141,0
16059,60,0,7,0.822,0.652,0.742,0.0,0.313,0.122,0
16060,68,0,3,0.835,0.475,0.004,0.25,-0.463,-0.005,0
16061,71,0,9,0.741,0.506,0.664,0.75,0.386,-0.07,0
16062,65,1,4,0.687,0.513,0.8,0.0,0.453,-0.013,1
16063,55,0,10,0.776,0.52,0.897,0.25,0.274,-0.05,1
16064,40,0,3,0.761,0.577,0.541,0.5,-0.232,0.061,0
16065,32,0,5,0.887,0.763,0.737,0.0,0.375,0.205,0
16066,77,0,11,0.969,0.508,0.714,0.0,0.168,0.083,0
16067,53,1,6,0.926,0.523,0.521,0.0,-0.088,0.227,0
16068,33,1,9,0.875,0.7,0.833,0.75,0.255,0.252,0
16069,31,1,9,0.765,0.651,0.718,0.0,0.211,-0.011,0
16070,32,0,4,0.838,0.654,0.563,0.0,-0.137,-0.013,0
16071,35,0,6,0.948,0.549,0.377,0.5,0.021,0.216,0
16072,76,0,10,0.953,0.479,0.854,0.0,0.542,0.003,1
16073,41,0,8,0.689,0.496,0.601,0.0,0.081,-0.25,0
16074,68,0,12,1.082,0.542,0.734,0.25,0.069,0.545,0
16075,71,1,12,0.751,0.486,0.921,0.25,0.618,-0.196,0
16076,84,1,12,0.916,0.552,1.171,0.0,0.866,0.243,1
16077,40,1,3,0.967,0.69,0.483,0.5,0.245,0.502,0
16078,51,1,12,1.0,0.488,0.702,0.25,0.629,0.118,0
16079,77,1,3,0.855,0.719,0.649,0.0,0.239,0.049,0
16080,44,1,4,0.632,0.679,0.541,0.25,0.346,-0.318,0
16081,70,0,6,0.927,0.457,0.74,0.0,0.128,0.272,0
16082,76,0,8,0.943,0.576,0.415,0.0,-0.003,0.147,0
16083,52,0,8,0.987,0.528,0.801,0.5,0.246,0.175,0
16084,82,0,4,0.807,0.684,0.342,0.0,-0.135,0.135,1
16085,68,1,5,0.923,0.614,0.646,0.0,0.278,0.171,0
16086,54,0,4,1.043,0.561,0.822,0.5,0.505,0.103,1
16087,60,0,5,0.944,0.599,0.605,0.25,0.178,0.17,0
16088,66,1,3,0.624,0.689,0.727,0.5,0.262,-0.18,0
16089,44,0,6,0.945,0.621,0.493,0.0,-0.06,0.441,0
16090,48,1,7,0.913,0.63,0.565,0.0,0.008,0.115,0
16091,58,1,9,0.892,0.7,1.022,0.5,0.472,0.005,1
16092,37,1,7,1.0,0.569,0.687,0.25,0.395,0.471,0
16093,77,1,6,1.108,0.641,0.474,0.0,-0.226,0.386,0
16094,50,0,11,0.694,0.422,0.922,0.0,0.709,-0.006,0
16095,66,0,5,0.777,0.651,0.368,0.0,-0.19,0.067,0
16096,31,1,7,0.777,0.445,0.74,1.0,0.572,-0.107,0
16097,72,0,3,0.631,0.632,0.9,0.0,0.348,0.048,0
16098,48,0,8,0.928,0.506,0.671,0.0,-0.002,0.225,0
16099,67,1,5,0.711,0.558,0.545,0.75,0.157,-0.019,1
16100,51,1,11,0.865,0.697,0.92,0.75,0.36,0.064,1
16101,30,1,12,1.108,0.7,0.851,0.5,0.439,0.408,0
16102,32,0,3,0.779,0.718,0.608,0.75,0.329,-0.139,0
16103,65,0,6,0.915,0.593,0.928,1.0,0.563,0.006,0
16104,72,0,12,1.037,0.7,1.01,0.0,0.521,0.565,0
16105,52,0,12,0.938,0.587,0.95,0.0,0.41,0.311,0
16106,84,1,12,0.918,0.612,0.923,0.25,0.477,0.088,0
16107,74,1,9,0.7,0.546,0.537,0.25,0.325,0.069,0
16108,65,1,6,0.796,0.601,0.395,0.0,-0.012,0.087,0
16109,71,1,4,0.756,0.519,0.641,0.0,0.377,-0.154,1
16110,43,0,10,0.589,0.614,0.855,0.0,0.651,-0.07,0
16111,41,0,12,0.867,0.544,1.021,1.0,0.522,0.028,0
16112,71,0,9,0.87,0.521,1.0,0.0,0.752,0.223,0
16113,72,1,7,0.928,0.675,0.642,0.5,0.166,0.24,0
16114,51,1,5,0.949,0.516,0.579,0.75,0.148,0.059,0
16115,70,1,8,0.836,0.479,0.982,0.0,0.639,-0.003,1
16116,40,0,3,0.754,0.633,0.441,0.0,-0.189,-0.389,0
16117,51,0,7,0.965,0.654,0.644,0.5,0.133,0.148,0
16118,78,1,11,1.055,0.635,1.035,0.0,0.67,0.343,0
16119,68,0,8,1.096,0.585,0.823,0.25,0.296,0.355,0
16120,65,0,4,0.734,0.7,0.525,0.0,-0.187,0.163,0
16121,83,1,8,1.022,0.632,0.918,1.0,0.396,0.243,0
16122,74,1,3,0.859,0.692,0.473,0.0,-0.003,0.03,1
16123,41,1,5,0.723,0.573,0.945,1.0,0.598,0.135,0
16124,39,0,3,1.085,0.689,0.384,0.0,0.072,0.42,0
16125,59,0,11,0.891,0.594,0.859,0.0,0.483,0.044,1
16126,41,1,8,0.9,0.615,0.825,0.0,0.386,0.2,0
16127,61,0,8,0.561,0.814,0.407,1.0,-0.293,-0.115,0
16128,32,0,6,0.7,0.632,0.657,0.25,0.075,0.022,0
16129,40,0,4,0.871,0.575,0.817,0.0,0.211,0.121,0
16130,54,1,7,1.092,0.472,0.719,0.75,0.041,0.388,0
16131,48,1,7,0.833,0.527,0.756,0.0,0.572,0.039,0
16132,60,1,7,0.642,0.545,0.916,0.0,0.42,-0.186,0
16133,53,0,5,0.93,0.553,0.508,1.0,0.082,0.167,0
16134,31,1,8,0.86,0.568,0.95,0.25,0.424,-0.169,0
16135,31,1,10,0.738,0.648,0.7,0.75,0.369,-0.024,0
16136,73,1,5,0.958,0.544,0.344,0.25,-0.108,0.032,0
16137,32,0,11,0.849,0.368,0.835,1.0,0.147,-0.05,0
16138,83,1,4,0.835,0.669,0.48,0.5,0.205,-0.003,0
16139,57,1,10,1.026,0.661,0.651,0.5,0.275,0.282,0
16140,30,0,7,0.974,0.691,0.816,1.0,0.2,0.194,1
16141,76,0,4,0.841,0.591,0.666,0.0,-0.053,0.032,1
16142,66,0,4,0.749,0.612,0.7,1.0,0.292,-0.199,1
16143,33,1,11,1.248,0.461,0.837,0.0,0.427,0.412,0
16144,79,1,12,0.906,0.547,0.92,0.5,0.381,0.17,0
16145,69,0,11,0.839,0.563,0.724,0.0,0.432,0.327,1
16146,52,0,6,0.748,0.481,0.625,0.0,0.2,0.081,0
16147,40,0,6,1.009,0.594,0.694,0.0,0.321,0.228,1
16148,36,1,6,1.034,0.593,0.762,0.5,0.363,0.297,0
16149,80,1,12,0.871,0.554,0.661,0.0,0.244,0.15,0
16150,74,1,11,1.048,0.656,0.846,0.0,0.418,0.223,1
16151,46,1,11,0.939,0.473,0.827,0.0,0.545,0.201,0
16152,78,0,9,0.835,0.532,0.697,0.5,-0.148,0.147,0
16153,63,1,3,0.973,0.586,0.555,0.0,-0.174,0.151,0
16154,31,1,10,0.983,0.533,0.835,0.0,0.291,0.199,0
16155,74,0,6,0.9,0.7,0.828,0.25,0.4,0.316,0
16156,77,1,7,0.836,0.608,0.475,0.25,-0.146,0.051,0
16157,46,0,3,0.665,0.557,0.825,0.0,0.125,-0.158,0
16158,43,0,5,0.992,0.541,0.641,0.0,0.117,0.202,0
16159,48,1,9,0.962,0.52,0.672,1.0,0.256,0.226,0
16160,45,1,4,0.943,0.517,0.451,0.0,0.053,0.294,0
16161,37,1,11,0.94,0.549,0.666,0.0,0.192,0.276,0
16162,64,0,4,0.736,0.621,0.564,0.25,-0.085,-0.037,0
16163,60,1,7,0.79,0.588,0.538,0.0,0.041,0.037,0
16164,69,1,6,0.605,0.518,0.657,0.75,0.217,-0.233,0
16165,77,1,4,0.952,0.615,0.642,0.5,0.251,0.18,0
16166,72,1,9,1.086,0.665,0.932,0.0,0.483,0.327,1
16167,46,1,7,0.786,0.536,0.639,0.25,0.425,0.008,0
16168,71,0,4,0.537,0.592,0.889,0.5,0.321,-0.004,1
16169,39,0,8,0.755,0.551,0.467,0.0,-0.202,-0.137,0
16170,39,0,7,0.979,0.503,0.648,0.25,0.194,0.34,0
16171,54,1,7,0.97,0.591,0.484,0.0,0.296,0.112,0
16172,64,0,10,0.94,0.572,0.796,0.25,0.181,0.091,0
16173,53,1,7,1.049,0.57,0.885,0.0,0.067,0.365,1
16174,38,1,3,0.866,0.598,0.477,0.0,-0.248,0.136,0
16175,41,0,11,0.834,0.454,1.117,0.5,0.758,0.043,0
16176,59,1,4,0.931,0.593,0.769,0.25,0.29,0.03,0
16177,33,0,11,0.92,0.501,0.925,0.0,0.301,0.113,0
16178,63,0,11,0.921,0.804,0.846,0.25,0.499,0.089,0
16179,66,0,5,0.837,0.755,0.878,0.75,0.295,0.054,0
16180,57,1,10,0.843,0.406,0.846,0.0,0.694,0.236,0
16181,72,1,8,0.709,0.667,0.563,0.5,0.146,-0.102,0
16182,51,1,5,0.755,0.675,0.676,0.0,0.295,-0.087,0
16183,31,0,3,0.872,0.765,0.44,0.0,0.055,0.095,0
16184,37,0,8,1.02,0.618,0.694,0.0,0.172,0.192,0
16185,37,0,8,0.91,0.624,0.87,0.75,0.331,0.253,0
16186,83,1,8,1.103,0.622,0.776,0.25,0.35,0.379,1
16187,37,0,8,0.972,0.539,0.528,0.0,0.131,0.074,0
16188,74,1,7,0.958,0.52,0.488,0.75,0.186,0.498,0
16189,71,0,3,0.752,0.686,0.757,0.5,0.469,-0.128,0
16190,55,1,9,0.891,0.502,0.777,0.0,0.423,0.22,0
16191,41,1,5,0.58,0.658,0.72,0.0,0.259,-0.001,0
16192,62,1,12,1.178,0.517,0.536,0.75,0.286,0.616,0
16193,68,1,9,1.046,0.532,0.805,0.0,0.455,0.268,0
16194,66,0,8,1.126,0.593,0.732,0.75,0.469,0.405,0
16195,66,1,10,0.893,0.527,0.751,0.0,0.483,0.085,0
16196,33,0,8,0.88,0.45,0.421,0.25,0.24,0.169,0
16197,79,1,3,0.574,0.456,0.441,0.0,-0.073,-0.13,0
16198,42,1,5,0.965,0.553,0.811,0.0,0.509,0.26,1
16199,56,0,5,0.7,0.648,0.67,0.0,0.227,-0.045,0
16200,56,0,8,0.909,0.588,0.653,0.0,0.117,0.239,0
16201,72,0,9,0.798,0.36,0.957,0.5,0.365,0.037,0
16202,82,1,3,0.707,0.755,0.627,0.0,0.112,-0.053,0
16203,60,0,11,1.081,0.523,1.407,1.0,0.972,0.274,0
16204,84,1,4,0.564,0.638,0.764,0.0,0.166,-0.189,0
16205,52,0,12,0.973,0.624,0.727,1.0,0.111,0.163,0
16206,83,0,9,0.961,0.566,0.648,0.5,0.329,0.244,0
16207,36,0,3,0.761,0.693,0.102,0.75,-0.241,0.111,0
16208,49,1,10,0.719,0.635,0.778,0.25,0.424,-0.055,0
16209,53,0,4,0.814,0.493,0.387,0.0,-0.128,-0.007,0
16210,53,1,6,1.133,0.602,0.492,0.5,-0.208,0.25,0
16211,68,1,8,1.135,0.591,0.758,0.0,0.142,0.438,0
16212,84,1,12,1.113,0.603,0.864,0.25,0.499,0.499,0
16213,43,1,8,0.82,0.662,0.529,0.5,0.402,0.184,0
16214,75,0,5,0.942,0.621,0.671,0.0,0.189,0.122,1
16215,38,0,7,0.758,0.7,1.068,0.0,0.608,-0.31,0
16216,31,0,12,1.127,0.592,0.884,0.0,0.438,0.384,0
16217,64,1,12,0.965,0.453,1.206,0.0,0.777,0.519,0
16218,55,0,10,0.858,0.542,0.858,0.25,0.313,0.182,0
16219,43,1,3,0.751,0.629,0.511,0.0,0.073,-0.162,0
16220,74,0,12,0.81,0.501,0.667,0.0,-0.033,-0.133,0
16221,37,0,7,0.833,0.566,0.522,0.5,-0.178,0.033,0
16222,33,1,10,0.95,0.561,0.878,0.0,0.335,0.057,0
16223,70,1,5,0.733,0.453,0.276,0.5,-0.087,-0.114,0
16224,64,0,5,0.781,0.559,0.569,0.25,0.3,0.049,0
16225,66,0,9,0.93,0.592,0.842,0.0,0.348,0.276,0
16226,40,0,12,0.913,0.529,1.105,0.0,0.865,0.237,0
16227,52,1,12,0.982,0.49,0.936,0.5,0.455,0.326,1
16228,45,1,7,0.941,0.57,0.901,0.5,0.367,0.062,1
16229,70,0,4,0.978,0.596,0.536,0.0,0.121,0.191,0
16230,57,1,12,0.951,0.523,0.909,0.0,0.056,0.341,1
16231,69,1,7,0.998,0.584,0.826,0.0,0.494,0.247,1
16232,53,0,12,0.921,0.552,0.759,0.0,0.084,0.191,0
16233,73,0,6,0.903,0.638,0.709,0.0,0.412,-0.055,1
16234,84,1,10,0.97,0.475,0.954,0.0,0.297,0.107,0
16235,80,1,6,0.721,0.503,0.767,0.75,0.396,-0.262,1
16236,60,1,10,0.7,0.503,0.859,0.0,0.48,-0.133,0
16237,59,0,8,0.966,0.671,0.721,0.25,0.137,0.207,0
16238,75,0,7,0.838,0.571,0.504,0.0,0.074,0.138,0
16239,81,1,12,0.855,0.626,0.798,0.0,0.207,0.282,0
16240,50,1,12,0.713,0.585,1.025,0.0,0.667,-0.045,0
16241,79,0,4,0.955,0.732,0.52,0.0,-0.247,0.079,0
16242,69,1,9,1.033,0.526,0.798,0.0,0.299,0.489,0
16243,39,1,7,0.86,0.577,0.745,0.5,0.24,0.015,0
16244,66,1,10,1.024,0.618,0.721,0.0,0.277,0.314,0
16245,84,0,6,0.968,0.711,0.702,0.5,0.503,0.291,0
16246,84,0,3,0.633,0.664,0.413,0.0,-0.096,-0.202,0
16247,33,0,11,0.744,0.461,0.852,0.5,0.458,0.119,0
16248,69,0,8,0.955,0.652,0.883,0.0,0.45,0.191,0
16249,65,1,11,0.78,0.558,1.008,0.5,0.461,0.164,0
16250,70,0,9,0.882,0.371,0.636,0.0,0.215,0.387,0
16251,71,0,7,0.894,0.735,0.746,0.25,0.458,-0.175,0
16252,40,0,7,0.918,0.694,0.584,0.0,0.262,0.259,0
16253,57,1,12,0.739,0.64,0.927,0.5,0.474,-0.16,1
16254,49,0,3,0.564,0.57,0.816,0.0,0.241,-0.336,0
16255,42,1,4,0.715,0.638,0.445,0.0,0.263,0.137,0
16256,30,1,12,0.937,0.562,0.881,0.25,0.512,0.241,0
16257,75,1,9,0.958,0.586,0.529,0.0,-0.174,0.159,0
16258,62,1,6,1.173,0.64,0.487,0.25,0.037,0.418,0
16259,59,0,10,0.936,0.542,0.782,0.0,0.5,0.17,0
16260,54,0,6,0.877,0.49,0.789,0.0,0.402,0.126,0
16261,42,1,10,0.962,0.534,0.955,0.75,0.693,0.258,0
16262,39,1,11,0.929,0.435,0.885,0.5,0.686,0.001,0
16263,40,1,9,0.98,0.575,0.653,0.5,0.191,0.118,0
16264,64,1,4,0.71,0.552,0.445,0.75,-0.255,0.122,0
16265,72,0,3,0.91,0.608,0.516,1.0,-0.119,0.125,0
16266,36,0,11,1.15,0.54,1.01,0.75,0.672,0.623,0
16267,36,0,5,0.65,0.695,0.76,0.5,0.341,-0.177,0
16268,52,0,12,1.164,0.509,1.013,0.0,0.483,0.609,0
16269,38,0,7,0.887,0.557,0.853,0.25,0.296,-0.034,1
16270,78,1,12,1.087,0.538,0.727,0.75,0.184,0.352,1
16271,30,1,9,0.73,0.574,0.814,0.0,0.478,0.073,0
16272,80,1,9,1.21,0.6,1.039,0.0,0.536,0.148,0
16273,79,1,9,0.891,0.401,0.422,0.25,0.248,0.239,0
16274,43,0,11,0.992,0.523,1.045,0.25,0.587,0.463,0
16275,36,0,5,0.962,0.533,0.787,0.75,0.464,0.268,0
16276,83,1,4,0.693,0.7,0.358,0.0,0.007,0.035,0
16277,74,0,12,1.025,0.7,0.725,0.5,0.343,0.36,0
16278,59,1,9,0.836,0.527,0.503,0.75,0.012,0.112,0
16279,56,0,8,0.815,0.659,0.882,0.0,0.595,0.055,0
16280,80,0,9,0.635,0.639,0.595,0.75,0.09,-0.189,0
16281,54,1,9,0.969,0.491,0.789,0.75,0.37,0.269,1
16282,37,0,11,0.7,0.6,0.634,0.25,0.196,-0.069,0
16283,75,0,12,0.997,0.556,0.829,0.0,0.672,0.43,0
16284,82,0,9,0.991,0.475,1.087,0.25,0.798,0.368,0
16285,55,1,9,1.02,0.465,1.081,0.0,0.649,0.411,0
16286,57,0,6,0.653,0.632,0.868,0.5,0.265,-0.083,0
16287,81,1,10,0.901,0.575,0.751,0.0,0.169,0.017,0
16288,82,0,5,0.657,0.643,0.65,1.0,0.047,-0.03,1
16289,47,0,6,0.683,0.538,0.776,0.5,0.335,-0.045,0
16290,70,0,10,0.899,0.64,0.852,0.0,0.072,0.212,0
16291,71,1,3,0.775,0.592,0.757,0.75,0.019,-0.065,0
16292,31,1,11,0.789,0.589,0.931,0.0,0.553,0.139,0
16293,35,1,5,0.723,0.494,0.706,0.5,0.128,0.015,0
16294,47,1,3,0.779,0.696,0.801,0.0,0.447,-0.126,0
16295,30,1,4,0.808,0.458,0.747,0.0,0.047,-0.064,0
16296,41,1,6,0.721,0.517,0.548,0.0,-0.18,-0.015,0
16297,74,0,10,0.947,0.461,1.011,0.25,0.712,0.148,0
16298,38,0,4,0.774,0.625,0.417,0.0,0.215,-0.226,0
16299,55,1,11,0.77,0.626,0.992,0.25,0.606,0.233,0
16300,80,1,5,0.83,0.527,0.353,0.0,-0.211,0.176,0
16301,72,0,8,0.7,0.578,0.712,1.0,0.341,-0.047,0
16302,40,0,4,0.924,0.614,0.57,0.0,0.123,-0.065,0
16303,42,0,3,0.757,0.465,0.51,0.5,0.237,-0.006,0
16304,33,1,12,0.923,0.396,1.054,0.0,0.221,0.039,0
16305,37,1,11,0.812,0.655,0.916,0.75,0.244,0.097,0
16306,58,1,6,0.992,0.531,0.408,0.75,-0.057,0.176,0
16307,40,1,7,0.978,0.57,0.572,0.0,0.021,0.454,0
16308,34,0,9,0.785,0.554,0.759,0.0,0.516,-0.042,0
16309,52,1,10,0.766,0.417,0.755,0.0,0.179,0.0,0
16310,56,0,12,0.998,0.613,0.707,0.5,-0.08,0.275,0
16311,50,1,5,0.935,0.7,0.58,0.0,-0.022,0.113,0
16312,41,1,10,0.804,0.589,0.845,0.75,0.145,-0.224,1
16313,61,1,11,0.922,0.619,1.059,0.0,0.371,0.194,1
16314,36,1,10,0.675,0.535,0.7,0.0,-0.022,-0.069,0
16315,55,1,7,0.78,0.51,0.849,0.0,0.291,0.166,0
16316,66,0,6,0.729,0.468,0.532,0.25,-0.04,0.104,0
16317,56,1,4,0.591,0.617,0.747,0.25,0.299,0.064,1
16318,64,1,5,1.058,0.598,0.622,1.0,0.373,0.588,0
16319,82,0,5,0.832,0.591,0.785,0.0,0.18,-0.005,0
16320,75,1,11,1.091,0.408,0.799,0.0,0.409,0.33,0
16321,73,1,5,0.915,0.7,0.177,0.0,-0.477,0.147,0
16322,38,0,4,0.932,0.658,0.452,0.5,0.211,0.346,0
16323,31,0,7,0.883,0.586,0.752,1.0,0.499,0.319,0
16324,51,0,9,0.985,0.59,0.624,0.5,-0.031,0.275,0
16325,53,1,11,0.966,0.558,0.799,0.0,0.177,0.228,0
16326,31,1,11,0.936,0.431,1.035,0.75,0.73,0.469,1
16327,68,1,9,0.996,0.714,0.563,0.5,0.188,0.283,0
16328,69,1,10,0.838,0.536,0.585,0.0,0.154,0.105,0
16329,74,0,7,0.855,0.627,0.371,0.0,-0.343,0.113,0
16330,70,1,8,0.771,0.432,0.429,1.0,-0.333,-0.19,1
16331,52,0,4,0.87,0.519,0.555,0.0,0.278,0.346,0
16332,37,0,7,0.758,0.508,0.669,0.5,0.15,0.041,0
16333,71,1,7,0.595,0.543,0.748,0.0,0.169,0.276,0
16334,70,0,3,0.843,0.669,0.604,0.0,-0.096,0.13,0
16335,80,1,8,1.028,0.567,0.896,0.5,0.399,0.212,1
16336,77,1,11,1.048,0.544,1.046,0.0,0.423,0.377,0
16337,75,0,4,0.779,0.681,0.688,0.25,-0.108,0.082,0
16338,53,0,4,0.665,0.687,0.661,0.25,0.18,-0.126,0
16339,56,1,4,0.916,0.614,0.574,0.5,0.173,-0.015,0
16340,67,1,6,0.906,0.517,0.594,0.0,0.206,0.195,0
16341,58,1,10,0.973,0.644,0.749,1.0,0.204,0.424,1
16342,30,0,8,0.678,0.552,0.876,1.0,0.398,-0.032,0
16343,82,0,3,0.878,0.658,0.374,1.0,-0.087,0.028,0
16344,59,0,8,1.059,0.556,0.78,0.5,0.387,0.284,1
16345,83,0,9,0.784,0.575,0.937,0.5,0.634,-0.058,0
16346,45,0,8,0.894,0.644,0.782,0.0,-0.013,0.285,0
16347,82,1,5,0.908,0.7,0.681,0.0,-0.25,0.085,1
16348,42,0,5,0.804,0.661,0.392,0.0,-0.105,0.09,0
16349,67,0,11,0.973,0.608,0.868,0.0,0.527,0.294,0
16350,81,1,3,0.734,0.586,0.464,0.5,-0.042,0.227,0
16351,49,0,8,0.918,0.532,0.815,0.75,0.365,0.176,1
16352,62,0,10,0.938,0.551,0.905,0.5,0.571,0.047,0
16353,54,1,12,1.099,0.535,0.63,0.0,0.288,0.289,0
16354,32,0,3,0.582,0.621,0.39,0.0,-0.147,-0.007,0
16355,44,0,9,0.957,0.576,0.726,1.0,0.365,0.246,0
16356,68,0,6,0.756,0.423,0.568,0.0,-0.062,0.269,0
16357,70,0,5,0.951,0.586,0.566,0.0,-0.134,0.141,0
16358,31,1,10,0.972,0.605,0.603,0.0,-0.097,0.307,0
16359,45,1,4,0.7,0.637,0.378,0.0,0.051,0.184,0
16360,31,1,7,0.66,0.7,0.831,0.25,0.372,0.004,0
16361,36,1,8,0.779,0.582,0.511,0.25,0.139,-0.026,0
16362,54,0,9,0.975,0.518,0.887,0.75,0.465,0.316,1
16363,74,0,6,0.725,0.628,0.502,1.0,-0.169,0.002,0
16364,35,0,4,0.8,0.638,0.334,0.25,-0.285,-0.053,0
16365,81,0,12,0.987,0.643,1.012,0.0,0.431,0.502,0
16366,42,0,7,0.794,0.598,0.743,0.0,0.09,0.053,1
16367,39,0,5,0.841,0.568,0.496,0.25,0.148,-0.095,0
16368,59,0,7,0.771,0.664,0.556,0.0,0.068,-0.074,0
16369,49,0,7,0.801,0.584,0.434,0.0,-0.202,0.169,0
16370,55,1,6,0.725,0.525,0.513,0.0,-0.011,-0.143,0
16371,45,1,3,0.616,0.673,0.37,0.0,-0.33,-0.207,0
16372,67,1,3,0.613,0.665,0.354,1.0,-0.081,-0.114,0
16373,74,1,8,0.817,0.478,0.937,0.25,0.323,-0.033,0
16374,79,0,10,1.115,0.474,0.607,0.0,-0.15,0.306,0
16375,49,0,12,0.769,0.558,0.954,0.5,0.588,0.059,0
16376,65,1,8,0.787,0.663,1.143,1.0,0.51,0.038,0
16377,79,1,3,0.803,0.619,0.852,0.0,0.791,0.125,0
16378,53,0,8,1.099,0.754,1.064,0.0,0.582,0.248,0
16379,31,0,3,0.584,0.579,0.564,0.75,0.161,-0.011,0
16380,70,0,10,0.963,0.506,0.618,0.0,0.094,0.215,0
16381,81,0,10,0.911,0.558,0.77,0.25,0.123,0.152,1
16382,31,0,8,0.814,0.386,0.612,0.75,0.143,0.214,0
16383,30,0,8,0.829,0.539,0.728,0.75,0.451,0.017,0
16384,60,0,9,0.929,0.525,0.7,0.0,0.127,0.09,1
16385,66,0,11,0.758,0.472,0.7,0.25,0.048,-0.04,0
16386,65,0,9,0.985,0.507,0.748,0.0,0.517,0.011,0
16387,46,0,8,0.9,0.615,0.817,0.0,0.57,0.257,0
16388,84,0,10,1.068,0.497,0.851,0.0,0.459,0.547,0
16389,57,0,4,1.06,0.612,0.518,0.5,-0.011,0.399,0
16390,65,0,4,0.815,0.715,0.611,0.0,0.239,-0.161,0
16391,78,0,3,0.7,0.643,0.534,0.0,0.217,0.022,0
16392,39,1,6,0.934,0.51,0.802,0.5,0.649,0.138,1
16393,53,0,11,1.077,0.624,1.086,0.0,0.386,0.327,0
16394,48,1,6,0.717,0.64,0.672,0.75,0.266,0.055,1
16395,80,1,7,0.613,0.589,0.733,0.75,-0.025,-0.163,0
16396,78,0,9,0.822,0.514,1.089,0.25,0.345,-0.107,0
16397,34,0,10,0.932,0.48,1.026,0.0,0.527,0.254,0
16398,55,1,10,1.128,0.491,0.779,1.0,0.128,0.566,0
16399,57,0,8,0.725,0.613,0.831,0.25,0.354,-0.109,0
16400,35,0,7,0.991,0.515,0.62,0.0,0.054,0.217,0
16401,31,0,6,0.862,0.571,0.845,0.0,0.336,0.012,0
16402,61,1,10,0.89,0.552,0.759,0.0,0.021,0.064,0
16403,57,1,12,1.022,0.553,0.983,0.0,0.632,0.305,1
16404,67,0,6,0.803,0.639,0.57,0.0,0.189,0.022,0
16405,60,0,4,0.658,0.525,0.608,1.0,0.271,-0.047,0
16406,59,0,4,0.943,0.605,0.382,0.75,-0.116,0.392,0
16407,36,1,11,0.776,0.537,1.246,0.25,0.887,0.123,0
16408,37,0,10,1.011,0.646,1.187,0.0,0.746,0.177,0
16409,59,1,7,0.961,0.485,0.85,0.5,0.423,-0.004,0
16410,42,0,4,0.896,0.7,0.876,1.0,0.723,0.092,0
16411,49,1,3,0.895,0.598,0.834,0.5,0.462,0.313,0
16412,50,0,7,0.754,0.591,0.831,0.0,0.081,0.103,0
16413,45,0,6,0.784,0.7,0.545,0.0,0.271,0.106,0
16414,57,0,10,0.825,0.615,0.885,0.0,0.659,0.235,0
16415,75,1,12,0.841,0.586,1.136,0.75,0.673,0.141,1
16416,49,1,9,0.933,0.564,0.916,0.25,0.48,0.396,1
16417,48,1,7,1.043,0.531,0.627,0.5,0.339,0.419,0
16418,53,1,7,0.924,0.568,0.809,0.0,-0.02,-0.043,0
16419,74,1,3,0.788,0.607,0.462,0.5,-0.171,0.03,0
16420,65,0,8,0.901,0.53,0.761,0.0,0.537,0.14,0
16421,63,0,8,0.9,0.479,0.408,0.75,0.06,0.142,0
16422,59,0,6,0.746,0.622,0.759,0.0,0.335,0.092,0
16423,34,0,8,0.727,0.624,0.77,0.5,0.506,0.087,0
16424,71,1,12,0.935,0.573,0.826,0.5,0.532,0.227,0
16425,64,0,12,0.998,0.575,1.013,0.0,0.413,0.164,0
16426,74,0,7,0.938,0.586,0.7,0.0,0.19,-0.032,1
16427,52,0,6,0.941,0.666,0.457,0.25,-0.239,0.121,0
16428,73,1,10,0.924,0.534,0.871,0.25,0.263,0.007,1
16429,40,1,5,0.849,0.587,0.799,0.0,0.132,0.004,0
16430,34,1,11,0.995,0.556,0.595,0.75,0.118,0.357,0
16431,49,1,7,0.686,0.563,0.902,0.0,0.317,-0.101,0
16432,31,0,8,1.057,0.653,0.7,0.0,-0.151,-0.001,0
16433,75,0,3,0.794,0.484,0.66,0.5,0.356,-0.071,0
16434,57,1,6,0.955,0.533,0.813,0.0,0.436,0.191,0
16435,44,1,3,0.867,0.7,0.648,0.0,0.321,0.242,0
16436,82,0,5,0.924,0.546,0.682,0.5,0.346,0.122,0
16437,31,0,12,0.788,0.437,1.094,0.25,0.562,0.218,0
16438,41,1,3,1.028,0.601,0.815,0.5,0.212,0.303,0
16439,66,0,11,1.025,0.513,0.723,0.0,0.518,0.359,0
16440,75,0,8,0.761,0.511,0.89,0.5,0.223,0.064,0
16441,31,1,9,0.7,0.488,0.729,0.25,0.354,-0.058,0
16442,64,0,12,0.765,0.671,0.944,0.0,0.564,-0.07,0
16443,56,1,9,0.987,0.677,1.099,0.25,0.35,0.305,0
16444,58,0,7,0.724,0.551,0.752,0.75,0.158,0.024,1
16445,57,1,8,0.831,0.608,0.804,0.5,0.515,0.089,0
16446,72,1,3,0.748,0.528,0.815,0.0,0.179,0.098,0
16447,80,1,8,1.052,0.513,0.928,0.0,0.699,0.325,0
16448,30,1,12,1.217,0.567,0.657,0.25,0.553,0.503,0
16449,54,0,4,0.807,0.558,0.667,0.0,0.331,0.04,0
16450,53,0,8,0.873,0.626,0.935,0.75,0.174,0.135,0
16451,58,1,7,0.894,0.69,0.512,0.0,0.235,0.06,0
16452,78,0,10,1.021,0.596,0.975,0.25,0.373,0.392,0
16453,52,1,4,0.806,0.637,0.51,0.0,-0.24,-0.128,0
16454,66,1,9,1.086,0.484,0.91,0.5,0.303,0.353,0
16455,43,1,8,0.751,0.648,0.351,0.0,-0.131,0.051,0
16456,40,0,10,1.039,0.597,0.528,0.0,0.348,0.275,0
16457,68,0,6,0.85,0.484,0.736,0.25,0.382,0.171,1
16458,36,0,3,0.78,0.538,0.744,0.0,0.526,0.08,0
16459,32,1,7,0.894,0.599,1.006,0.5,0.42,0.222,0
16460,39,1,10,1.014,0.538,0.956,0.0,0.417,0.294,0
16461,78,1,4,0.703,0.57,1.01,1.0,0.31,-0.156,0
16462,33,0,10,0.883,0.568,0.781,0.75,0.298,0.028,0
16463,78,1,5,0.6,0.707,0.636,0.0,-0.13,-0.112,0
16464,58,1,10,0.807,0.485,0.865,0.0,0.307,0.276,1
16465,77,0,6,0.744,0.668,0.725,1.0,0.223,-0.02,0
16466,46,1,11,0.756,0.469,0.751,0.0,0.171,-0.056,1
16467,68,0,8,1.041,0.62,0.632,0.25,0.187,0.165,0
16468,61,1,11,0.7,0.528,1.082,0.0,0.504,0.077,0
16469,46,0,12,0.896,0.586,0.757,0.5,0.262,0.374,1
16470,41,1,9,0.764,0.567,0.603,0.75,0.235,0.025,0
16471,45,1,3,0.797,0.577,0.847,1.0,0.422,0.207,0
16472,37,1,4,0.83,0.469,0.568,0.5,-0.175,0.088,0
16473,56,0,12,0.714,0.562,1.131,0.0,0.851,0.026,1
16474,66,0,12,0.955,0.405,1.22,0.5,0.53,0.278,1
16475,71,1,8,0.849,0.627,0.778,0.5,0.448,-0.005,0
16476,41,0,11,1.028,0.562,1.116,0.75,0.697,0.196,0
16477,39,0,5,0.767,0.531,0.579,0.75,0.096,-0.179,0
16478,45,0,9,1.09,0.51,0.745,0.5,0.296,0.375,0
16479,54,0,9,1.155,0.586,0.796,0.0,0.509,0.371,0
16480,72,0,11,0.894,0.594,0.746,0.0,0.334,0.128,0
16481,52,0,9,1.076,0.584,0.894,0.5,0.707,0.225,0
16482,48,1,8,0.7,0.538,0.609,0.0,0.169,-0.073,0
16483,78,0,5,0.729,0.7,0.538,0.0,-0.162,-0.08,0
16484,67,1,12,1.066,0.578,0.912,0.0,0.32,0.263,0
16485,43,1,11,1.095,0.549,1.009,0.0,0.411,0.483,0
16486,79,1,10,1.0,0.631,0.7,0.0,0.339,0.296,0
16487,74,0,11,1.003,0.522,0.822,0.25,0.314,0.383,0
16488,36,0,5,0.899,0.662,0.723,0.0,0.137,0.089,0
16489,70,0,6,0.884,0.634,0.826,0.5,0.596,0.163,0
16490,80,1,11,0.999,0.566,0.792,0.0,0.107,0.14,0
16491,44,1,4,0.982,0.662,0.549,0.0,0.001,0.274,0
16492,75,1,3,0.643,0.768,0.631,0.0,0.053,-0.27,0
16493,68,0,7,1.003,0.444,0.7,0.0,0.235,0.331,0
16494,58,0,3,0.823,0.697,0.671,0.0,0.092,0.111,0
16495,78,0,3,0.936,0.7,0.694,0.5,0.259,0.253,0
16496,68,1,5,0.893,0.625,0.763,0.25,0.473,0.129,0
16497,40,0,8,0.927,0.689,1.036,0.0,0.733,-0.071,1
16498,52,1,9,0.888,0.533,0.586,0.0,0.086,0.097,0
16499,38,1,5,0.95,0.616,0.416,0.75,0.129,0.116,0
16500,65,1,11,1.047,0.477,0.836,0.0,0.384,0.382,0
16501,64,0,11,1.092,0.533,1.03,0.0,0.508,0.378,1
16502,31,1,12,1.064,0.532,1.182,0.0,0.639,0.269,0
16503,50,0,10,0.631,0.609,0.563,0.0,-0.029,-0.339,0
16504,51,0,4,0.894,0.538,0.402,0.75,-0.22,0.12,0
16505,84,0,11,0.907,0.68,0.646,0.0,0.082,0.014,0
16506,73,1,11,0.917,0.681,0.837,0.5,0.232,0.288,0
16507,74,0,10,1.224,0.598,0.689,0.0,0.296,0.382,0
16508,75,0,4,0.996,0.49,0.702,0.0,0.759,0.155,0
16509,74,1,11,0.724,0.578,0.722,0.0,0.29,-0.114,0
16510,72,1,4,0.578,0.5,0.717,1.0,0.245,-0.227,0
16511,33,0,10,0.967,0.615,0.769,0.0,0.229,0.142,0
16512,44,1,6,0.806,0.555,0.6,0.0,0.21,-0.066,0
16513,73,0,4,1.059,0.524,1.054,0.0,0.59,0.316,0
16514,32,1,10,0.768,0.522,1.072,0.25,0.515,0.082,0
16515,56,1,10,0.914,0.436,0.889,0.25,0.492,0.152,1
16516,49,1,7,0.959,0.625,1.247,0.5,1.117,0.306,0
16517,76,0,9,0.7,0.518,0.761,0.25,0.086,-0.061,1
16518,80,0,12,1.034,0.626,1.046,0.0,0.501,0.221,0
16519,72,1,9,0.876,0.65,0.74,0.5,0.44,-0.119,0
16520,62,1,5,0.708,0.543,0.68,0.75,-0.02,0.039,0
16521,52,0,5,0.865,0.534,0.425,0.0,-0.47,0.168,0
16522,78,0,12,0.81,0.429,0.939,1.0,0.349,0.052,0
16523,53,0,7,0.869,0.565,0.792,0.0,0.407,-0.099,0
16524,40,0,6,0.939,0.586,0.736,0.25,0.471,0.26,1
16525,48,0,3,0.806,0.617,0.59,0.25,0.162,-0.028,0
16526,59,1,3,0.853,0.608,0.697,0.0,0.358,0.157,1
16527,48,1,4,0.859,0.688,0.572,0.0,0.336,-0.096,0
16528,84,1,8,0.837,0.679,0.732,0.0,0.335,-0.096,1
16529,53,1,8,0.889,0.473,0.711,0.0,0.354,0.045,0
16530,61,0,6,0.778,0.634,0.74,0.0,0.328,0.054,0
16531,38,1,7,0.7,0.646,0.985,0.75,0.592,-0.047,1
16532,43,1,9,0.802,0.647,0.638,0.25,0.172,-0.14,0
16533,68,0,9,1.115,0.54,0.904,0.25,0.154,0.343,0
16534,40,0,9,0.788,0.687,0.8,0.25,0.473,0.054,0
16535,53,1,12,0.882,0.545,0.904,0.0,0.184,-0.097,1
16536,70,0,7,0.927,0.602,0.722,0.5,0.221,0.226,0
16537,40,1,12,0.772,0.554,0.7,0.0,0.409,0.198,1
16538,51,1,6,0.949,0.7,0.637,0.0,0.248,0.189,0
16539,30,0,4,0.842,0.451,0.591,1.0,0.055,-0.115,0
16540,37,0,4,0.817,0.584,0.307,0.75,-0.234,0.068,0
16541,46,0,6,0.916,0.575,0.236,1.0,-0.099,0.485,0
16542,45,0,10,0.8,0.773,1.061,0.0,0.677,-0.04,0
16543,30,1,8,0.768,0.588,0.869,0.0,0.345,0.096,0
16544,39,0,4,0.819,0.641,0.573,0.0,0.183,0.174,0
16545,31,1,7,0.841,0.557,0.87,0.25,0.227,-0.042,0
16546,75,1,8,0.879,0.723,0.308,0.0,-0.327,0.128,0
16547,43,0,3,0.761,0.642,0.462,0.0,-0.037,-0.083,0
16548,70,0,10,1.001,0.663,1.044,0.25,0.468,0.397,0
16549,76,1,8,0.884,0.614,0.613,0.5,-0.088,0.181,0
16550,33,1,8,0.644,0.748,0.82,0.25,0.33,-0.177,0
16551,38,0,3,0.865,0.673,0.619,0.5,0.073,0.126,0
16552,75,1,9,0.7,0.698,0.729,0.0,0.374,-0.087,1
16553,71,0,5,1.042,0.506,0.922,0.0,0.737,0.316,0
16554,55,1,8,0.879,0.537,0.643,0.75,0.118,0.065,0
16555,58,0,9,0.751,0.458,0.74,0.0,-0.063,0.023,0
16556,32,1,10,0.851,0.493,0.613,0.25,0.105,0.15,0
16557,41,0,11,0.969,0.616,0.651,0.0,0.478,0.163,0
16558,70,0,12,0.923,0.547,0.906,0.0,0.523,0.188,1
16559,54,1,10,0.717,0.663,0.7,0.0,0.086,-0.046,0
16560,72,0,9,0.809,0.588,1.001,0.75,0.619,0.127,0
16561,36,0,5,0.787,0.667,0.399,0.75,-0.294,0.187,0
16562,40,1,10,1.094,0.451,0.785,0.0,0.382,0.15,1
16563,79,1,8,0.701,0.544,0.569,0.5,0.451,-0.122,0
16564,50,1,11,1.017,0.528,0.49,0.0,-0.207,0.363,0
16565,49,0,11,1.032,0.423,0.995,0.0,0.299,0.39,0
16566,51,1,4,0.613,0.522,0.463,0.5,-0.333,-0.176,0
16567,84,0,7,0.786,0.578,0.715,0.0,0.105,-0.012,1
16568,75,1,8,0.815,0.773,1.09,0.0,0.642,0.129,1
16569,61,0,10,0.887,0.438,0.831,0.25,0.522,0.041,0
16570,81,1,11,0.836,0.427,0.831,0.75,0.245,0.075,0
16571,82,0,5,1.008,0.693,0.7,0.25,0.063,0.123,0
16572,30,1,8,0.726,0.702,0.778,0.5,0.453,0.004,0
16573,67,1,6,0.872,0.61,0.419,0.25,0.3,-0.075,0
16574,34,0,6,0.646,0.527,0.7,0.75,0.0,0.055,0
16575,55,1,5,0.9,0.424,0.658,0.5,0.26,0.172,0
16576,33,0,5,0.819,0.605,0.812,0.5,0.571,-0.043,0
16577,65,1,3,0.8,0.642,0.433,0.0,0.005,0.092,0
16578,55,1,4,0.644,0.493,0.622,0.5,0.245,0.085,0
16579,35,1,11,0.822,0.615,0.931,0.0,0.291,0.235,0
16580,68,1,11,1.074,0.568,0.974,0.5,0.342,0.08,1
16581,78,0,7,0.923,0.712,0.778,0.0,0.52,0.401,0
16582,70,0,11,0.817,0.532,0.783,1.0,0.083,-0.096,1
16583,77,1,9,1.071,0.599,0.872,0.25,0.702,0.418,0
16584,52,1,7,0.935,0.537,0.883,0.0,0.546,0.343,0
16585,34,1,8,1.059,0.7,0.504,0.0,0.248,0.349,0
16586,43,0,10,0.714,0.543,0.688,0.0,0.263,-0.141,1
16587,68,0,11,0.839,0.523,1.018,0.25,0.692,0.26,0
16588,84,0,11,0.893,0.715,0.771,0.5,0.558,0.026,0
16589,43,1,10,0.878,0.414,1.03,0.5,0.731,0.192,0
16590,33,0,4,0.707,0.412,0.79,0.75,0.383,-0.114,0
16591,66,0,8,0.7,0.507,0.376,0.0,-0.128,0.0,0
16592,49,0,7,1.155,0.585,0.56,0.0,-0.034,0.45,0
16593,36,1,5,0.734,0.514,0.646,0.5,0.489,-0.081,0
16594,82,1,8,1.058,0.577,0.768,0.0,0.082,0.448,1
16595,38,0,11,0.949,0.514,0.962,0.5,0.439,0.206,0
16596,55,0,8,0.783,0.497,0.807,0.0,0.311,-0.044,0
16597,54,0,10,0.968,0.5,0.84,1.0,0.469,0.421,0
16598,46,1,12,0.919,0.562,0.948,0.0,0.415,0.32,0
16599,31,1,3,0.751,0.604,0.589,0.5,0.285,0.04,0
16600,50,0,12,0.852,0.589,0.7,0.0,0.276,-0.064,0
16601,64,1,6,0.904,0.405,0.623,0.0,0.365,0.168,0
16602,46,0,5,0.632,0.554,0.53,0.25,0.065,-0.337,0
16603,38,1,12,0.7,0.592,1.137,0.25,0.901,0.134,0
16604,43,0,9,1.102,0.53,0.612,0.75,0.261,0.104,0
16605,78,0,6,0.762,0.397,0.844,1.0,0.453,-0.076,0
16606,71,1,8,0.96,0.738,0.672,0.0,0.001,0.256,1
16607,77,0,4,0.993,0.643,0.471,1.0,-0.06,0.286,0
16608,64,0,11,0.966,0.603,0.576,0.25,0.041,0.247,0
16609,30,1,3,0.739,0.48,0.648,0.75,0.144,-0.03,0
16610,58,1,6,0.662,0.679,0.632,0.0,-0.003,-0.247,0
16611,50,0,6,0.78,0.632,0.463,0.25,0.072,-0.101,0
16612,36,1,7,1.099,0.647,0.916,1.0,0.728,0.473,0
16613,55,1,3,0.608,0.664,0.811,0.0,0.286,-0.288,0
16614,49,1,7,1.018,0.597,0.499,0.0,0.367,0.335,0
16615,52,1,5,0.673,0.654,0.469,0.0,-0.023,-0.261,0
16616,71,1,7,0.953,0.599,0.687,0.0,0.198,0.196,1
16617,84,1,8,0.895,0.565,0.717,0.25,0.139,0.205,0
16618,37,0,5,1.067,0.5,0.968,0.0,0.349,0.178,0
16619,42,1,7,0.845,0.588,0.373,0.0,-0.215,0.018,0
16620,51,0,7,0.837,0.652,0.454,0.25,0.222,0.033,0
16621,47,0,7,0.895,0.655,0.681,0.0,0.178,0.253,0
16622,33,0,7,0.822,0.73,0.615,1.0,0.161,0.078,0
16623,54,0,3,0.741,0.615,0.615,0.25,-0.078,-0.214,0
16624,33,0,11,1.034,0.617,0.928,0.0,0.482,0.362,0
16625,64,0,9,0.734,0.639,0.776,0.25,0.533,0.081,0
16626,56,1,6,0.968,0.59,0.867,0.25,0.378,0.254,0
16627,74,1,3,0.902,0.674,0.699,0.75,0.205,0.233,1
16628,62,1,5,0.782,0.762,0.682,0.0,0.247,0.281,0
16629,41,0,6,0.806,0.622,0.766,0.0,0.342,-0.016,0
16630,33,1,10,0.864,0.622,0.925,0.25,0.64,0.053,0
16631,72,0,11,0.772,0.55,0.741,0.0,0.373,0.1,1
16632,46,1,10,1.075,0.598,0.968,1.0,0.268,0.205,0
16633,37,1,11,0.851,0.491,0.93,0.0,0.538,0.249,0
16634,42,0,4,0.701,0.67,0.416,0.0,-0.256,-0.16,0
16635,82,0,9,0.58,0.507,0.808,1.0,0.705,-0.168,0
16636,42,0,3,0.687,0.554,0.268,0.0,-0.256,-0.007,0
16637,54,1,6,0.717,0.437,1.19,0.0,0.987,0.091,0
16638,35,1,3,0.866,0.66,0.546,0.25,0.066,0.129,0
16639,84,1,5,0.847,0.555,0.738,0.25,0.239,0.193,1
16640,40,0,12,0.856,0.527,1.074,0.5,0.573,0.028,0
16641,64,1,3,0.845,0.748,0.371,0.0,-0.011,0.223,0
16642,32,1,12,0.938,0.545,0.801,0.75,0.441,0.134,0
16643,46,0,11,1.152,0.586,0.999,0.0,0.464,0.19,0
16644,43,0,11,1.203,0.587,0.914,0.0,0.754,0.578,0
16645,62,1,9,0.818,0.598,0.7,0.0,0.235,-0.094,0
16646,39,0,5,0.928,0.581,1.049,0.25,0.537,0.27,0
16647,35,1,9,0.757,0.605,0.758,0.0,0.175,-0.033,1
16648,41,1,12,0.898,0.526,0.771,0.5,0.071,0.007,0
16649,33,1,7,0.731,0.7,0.788,0.0,0.406,-0.019,0
16650,72,1,6,0.719,0.553,0.7,0.25,0.323,0.046,1
16651,71,1,9,0.921,0.562,0.7,1.0,0.151,0.098,0
16652,69,0,6,0.708,0.635,0.661,0.25,-0.137,0.002,0
16653,59,0,9,1.031,0.544,0.696,1.0,0.135,0.167,0
16654,34,1,11,0.877,0.576,1.137,0.25,0.725,0.301,0
16655,33,0,4,0.827,0.583,1.209,0.0,0.563,-0.067,0
16656,37,0,8,0.925,0.508,0.468,0.25,0.06,0.283,0
16657,79,1,12,0.953,0.566,0.807,0.5,0.582,0.196,0
16658,48,0,6,0.983,0.444,0.541,0.0,0.477,0.105,0
16659,67,0,9,0.67,0.48,0.686,0.25,-0.066,-0.15,1
16660,59,0,8,0.814,0.535,0.485,0.5,0.105,0.117,0
16661,72,1,7,1.031,0.444,0.778,0.0,0.655,0.403,1
16662,45,1,9,0.867,0.537,0.869,0.0,0.101,0.131,0
16663,65,1,4,0.716,0.62,0.527,1.0,-0.007,0.119,0
16664,82,0,6,0.773,0.542,0.542,0.0,0.213,0.114,0
16665,66,1,3,0.78,0.7,0.259,1.0,-0.441,0.215,0
16666,73,1,3,0.891,0.619,0.755,0.0,0.188,0.155,1
16667,84,0,6,0.79,0.614,0.617,0.0,0.018,-0.197,0
16668,35,1,4,0.731,0.696,0.772,0.0,0.417,0.086,0
16669,80,0,7,0.896,0.638,0.902,0.0,0.869,0.121,1
16670,83,1,11,0.827,0.624,1.129,0.0,0.464,-0.052,1
16671,77,0,11,0.924,0.543,0.584,0.5,0.405,0.237,0
16672,83,0,4,0.875,0.554,0.457,0.0,-0.036,0.179,0
16673,37,0,6,0.872,0.668,0.495,0.0,0.001,0.038,0
16674,56,0,5,0.982,0.644,0.524,0.0,0.095,0.365,0
16675,52,0,12,0.753,0.573,0.561,0.0,0.2,0.001,0
16676,43,1,8,0.943,0.551,0.702,0.0,0.39,0.195,0
16677,53,0,4,0.68,0.679,0.7,1.0,0.044,-0.016,0
16678,36,0,8,0.923,0.531,0.585,0.0,0.358,0.242,0
16679,74,1,9,0.831,0.457,0.729,0.0,0.245,0.271,1
16680,49,0,10,0.827,0.56,0.902,0.0,0.099,-0.011,0
16681,65,0,8,0.902,0.521,0.868,1.0,0.418,-0.097,0
16682,79,0,8,0.806,0.584,0.715,0.0,0.209,-0.015,0
16683,52,0,5,0.671,0.487,0.665,0.0,0.244,-0.178,0
16684,54,0,7,0.614,0.662,0.764,0.25,0.113,0.049,0
16685,31,1,10,1.059,0.586,0.859,0.0,0.57,0.39,0
16686,34,0,6,0.861,0.602,1.079,0.0,0.538,-0.087,0
16687,69,0,4,0.844,0.628,0.636,0.0,0.178,0.207,0
16688,41,1,6,0.875,0.602,0.81,1.0,0.292,-0.038,0
16689,46,0,4,0.829,0.655,0.785,0.0,0.527,0.336,0
16690,79,0,4,0.855,0.699,0.59,0.0,-0.075,0.11,0
16691,56,1,3,0.852,0.504,0.584,1.0,-0.238,0.074,0
16692,72,1,5,0.72,0.7,0.463,0.0,-0.275,0.041,0
16693,35,1,7,0.852,0.636,0.577,0.0,0.114,0.114,0
16694,64,1,8,0.949,0.53,0.775,0.5,0.167,0.298,0
16695,62,1,9,0.7,0.468,1.125,0.0,0.509,-0.056,0
16696,37,1,6,0.83,0.685,0.443,0.5,0.177,0.152,0
16697,41,1,9,1.024,0.61,0.972,0.75,0.679,0.189,0
16698,77,0,7,0.764,0.581,0.7,0.0,0.0,0.268,0
16699,35,0,12,1.007,0.606,0.904,0.75,0.534,0.312,0
16700,54,1,12,1.12,0.494,0.943,0.0,0.065,0.508,0
16701,60,1,10,0.992,0.538,0.444,0.0,-0.116,0.488,0
16702,52,0,6,0.889,0.476,0.462,0.25,-0.142,0.073,0
16703,84,0,9,1.014,0.673,0.853,0.0,0.366,0.205,1
16704,61,1,7,0.844,0.51,0.856,1.0,0.539,-0.013,0
16705,66,0,5,0.693,0.563,0.668,0.5,0.493,0.067,0
16706,84,0,5,1.012,0.543,0.744,0.0,0.071,0.107,1
16707,33,1,3,0.707,0.7,0.493,0.0,0.046,-0.029,0
16708,30,1,11,0.955,0.564,0.887,0.25,0.501,0.209,0
16709,43,0,3,0.959,0.667,0.444,0.25,-0.053,0.438,0
16710,78,1,10,0.7,0.572,0.872,0.0,0.191,0.09,0
16711,76,1,5,0.658,0.6,0.651,0.0,0.067,-0.136,0
16712,76,0,11,0.7,0.502,0.574,0.0,-0.151,0.008,0
16713,60,1,4,0.797,0.607,0.571,0.0,-0.054,-0.006,0
16714,45,1,4,0.684,0.643,0.852,0.0,0.136,-0.257,0
16715,72,1,5,0.79,0.473,0.861,0.5,0.241,0.09,0
16716,69,1,3,0.855,0.672,0.588,0.0,0.071,0.199,0
16717,57,1,11,1.05,0.382,1.076,0.0,0.332,0.153,0
16718,31,0,7,0.894,0.586,0.3,0.25,0.075,0.284,0
16719,77,0,11,1.015,0.608,1.015,1.0,0.474,0.219,1
16720,47,1,8,0.846,0.702,0.693,0.0,0.316,0.149,0
16721,56,0,4,0.832,0.648,0.677,0.5,0.521,0.075,1
16722,63,1,9,0.75,0.658,1.019,0.75,0.618,0.018,1
16723,68,1,12,1.073,0.532,0.924,0.25,0.738,0.213,1
16724,65,1,7,0.86,0.534,0.574,0.25,0.118,0.139,0
16725,53,0,3,0.741,0.644,0.388,0.25,-0.072,0.136,0
16726,39,1,11,0.929,0.509,1.107,0.75,0.43,0.272,0
16727,43,1,7,0.9,0.638,0.508,0.0,0.175,-0.012,0
16728,35,0,12,1.115,0.528,0.66,0.0,0.397,0.301,1
16729,38,0,10,0.853,0.414,0.662,0.0,0.226,0.01,0
16730,45,1,7,0.871,0.703,0.939,0.0,0.357,0.155,0
16731,49,0,12,1.131,0.428,0.841,0.75,0.461,0.329,1
16732,82,1,12,1.081,0.48,0.824,0.5,0.343,0.545,1
16733,82,1,3,0.9,0.627,0.439,0.75,-0.007,0.049,0
16734,83,0,10,0.858,0.355,0.843,0.0,0.451,0.225,1
16735,52,1,4,0.705,0.628,0.412,0.25,0.057,-0.041,0
16736,78,0,5,0.954,0.622,0.688,0.5,0.606,0.067,0
16737,30,0,9,0.813,0.7,0.765,0.0,0.349,0.113,1
16738,32,0,4,0.962,0.678,0.567,0.75,-0.017,0.229,0
16739,34,0,9,0.876,0.552,0.773,0.75,0.385,0.003,0
16740,47,0,7,0.955,0.425,0.958,0.5,0.712,0.053,0
16741,40,0,5,0.944,0.605,0.479,0.25,0.007,0.02,0
16742,44,1,10,0.7,0.73,0.88,0.0,0.531,-0.112,1
16743,83,1,8,0.795,0.623,0.824,0.5,0.121,-0.112,0
16744,46,0,8,0.904,0.338,0.617,0.0,-0.057,0.13,0
16745,84,0,6,0.909,0.668,0.485,0.75,0.068,0.203,0
16746,36,0,7,0.792,0.682,0.62,0.0,0.319,0.262,0
16747,41,1,3,0.7,0.615,0.589,0.5,0.627,0.082,0
16748,65,1,11,1.202,0.423,1.067,0.0,0.342,0.463,0
16749,44,1,5,0.819,0.643,0.643,0.0,0.162,-0.037,0
16750,70,0,6,0.914,0.606,0.217,0.75,-0.498,0.097,0
16751,76,0,5,0.747,0.586,0.762,0.0,0.11,-0.045,0
16752,33,1,11,0.963,0.622,0.879,0.0,0.679,0.056,0
16753,77,1,9,0.957,0.631,0.865,0.5,0.356,0.18,0
16754,77,0,3,0.872,0.683,0.581,0.75,0.184,0.127,0
16755,34,0,11,0.784,0.508,0.805,0.0,0.228,0.042,0
16756,36,1,7,0.812,0.648,0.7,0.0,0.527,0.034,1
16757,64,0,5,0.639,0.56,0.767,0.0,0.067,0.088,1
16758,43,0,6,0.698,0.673,0.811,1.0,0.277,-0.128,0
16759,77,1,6,0.793,0.536,0.759,0.0,-0.015,0.288,1
16760,59,1,4,0.925,0.578,0.287,0.0,-0.398,0.415,0
16761,81,1,6,0.885,0.585,0.788,0.25,0.524,0.214,0
16762,63,1,9,0.7,0.595,0.603,0.25,0.371,-0.217,0
16763,35,0,4,0.85,0.744,0.483,0.25,-0.05,0.207,0
16764,46,0,7,0.858,0.539,0.666,0.25,0.216,0.23,0
16765,41,0,11,0.929,0.625,0.7,0.75,-0.074,0.407,0
16766,58,1,12,0.928,0.511,1.108,0.0,0.408,0.395,0
16767,46,0,5,0.654,0.553,0.679,0.5,0.102,-0.023,0
16768,30,1,8,0.701,0.62,0.8,0.5,0.301,-0.209,0
16769,32,1,11,1.014,0.505,1.119,0.0,0.653,0.37,0
16770,42,0,5,0.864,0.524,0.396,1.0,-0.075,0.195,0
16771,58,1,8,0.847,0.664,0.877,0.75,0.364,0.111,0
16772,80,0,10,0.964,0.53,0.722,0.0,0.339,0.245,1
16773,56,1,10,1.038,0.462,0.824,0.0,0.503,0.263,0
16774,30,0,12,1.054,0.519,0.998,0.0,0.298,0.089,0
16775,46,0,10,0.929,0.497,0.828,0.0,0.316,0.229,0
16776,52,0,8,1.004,0.507,1.117,0.5,0.554,0.095,0
16777,52,0,4,1.019,0.567,0.716,0.5,0.331,0.054,0
16778,57,1,11,1.054,0.557,1.031,0.5,0.575,0.289,0
16779,80,0,4,0.559,0.486,0.641,0.5,-0.114,-0.071,0
16780,31,1,5,0.746,0.631,0.397,0.75,0.052,-0.118,0
16781,57,1,9,0.781,0.451,0.739,0.0,0.612,0.001,1
16782,64,0,4,0.674,0.605,0.906,1.0,0.555,0.107,1
16783,65,0,9,0.926,0.689,0.894,0.5,0.529,0.299,1
16784,31,1,12,1.082,0.534,0.988,0.25,0.206,0.377,0
16785,53,1,5,0.83,0.515,0.494,0.25,0.325,0.272,0
16786,70,0,6,0.762,0.676,0.775,0.5,0.274,0.016,0
16787,70,1,5,0.7,0.545,0.664,0.0,0.086,-0.322,0
16788,69,0,11,0.865,0.595,0.867,0.5,0.509,-0.004,0
16789,32,1,3,0.813,0.595,0.49,0.0,0.405,0.189,0
16790,75,1,9,0.887,0.549,0.824,0.75,0.336,0.222,1
16791,56,0,7,1.11,0.555,0.714,0.75,0.407,0.425,0
16792,68,1,11,0.801,0.549,0.95,0.0,0.445,0.05,0
16793,44,0,10,1.083,0.552,0.855,0.5,0.712,0.217,0
16794,82,1,10,0.687,0.599,0.745,0.0,0.216,0.085,0
16795,34,1,5,0.757,0.5,1.006,0.5,0.765,-0.14,0
16796,43,1,9,0.756,0.532,0.552,0.0,0.196,-0.007,0
16797,43,1,5,0.745,0.71,0.86,0.0,0.134,-0.035,0
16798,40,0,7,0.832,0.506,0.612,0.75,0.054,0.103,0
16799,43,0,5,0.963,0.735,0.35,0.0,-0.036,0.379,0
16800,61,1,3,0.777,0.63,0.502,0.0,0.17,0.11,1
16801,32,1,6,0.943,0.63,0.491,0.0,0.041,0.072,0
16802,70,1,6,0.848,0.651,0.508,0.25,0.116,-0.148,0
16803,59,1,11,0.823,0.634,0.887,1.0,0.293,0.082,1
16804,50,0,4,0.843,0.604,0.717,0.5,0.017,0.074,0
16805,64,0,4,0.799,0.547,0.53,0.5,0.094,0.014,0
16806,56,0,4,0.898,0.744,0.393,0.75,0.159,0.068,0
16807,81,0,11,0.967,0.454,0.718,0.5,0.199,0.466,0
16808,32,0,9,0.661,0.533,0.899,0.0,0.615,0.022,0
16809,67,1,9,0.752,0.608,0.927,0.25,0.399,0.153,0
16810,59,0,4,0.842,0.516,0.709,0.0,0.274,0.332,1
16811,39,1,4,0.52,0.677,0.613,0.0,0.368,-0.286,0
16812,67,0,3,0.706,0.546,0.3,0.5,0.037,0.097,0
16813,74,1,8,0.747,0.529,0.721,0.0,0.15,0.047,0
16814,76,1,10,1.014,0.595,0.771,0.25,0.24,0.249,0
16815,35,0,8,0.812,0.701,0.763,0.25,0.137,0.008,0
16816,39,1,10,1.016,0.561,0.744,0.75,0.288,0.417,0
16817,80,0,4,0.904,0.602,0.504,0.0,-0.084,0.135,1
16818,44,0,7,0.857,0.513,0.757,0.25,0.35,0.056,0
16819,57,0,4,0.684,0.668,0.508,0.0,-0.097,-0.082,0
16820,44,0,3,0.665,0.651,0.418,0.0,0.062,-0.151,0
16821,57,1,10,1.003,0.563,0.533,0.0,0.186,0.258,0
16822,59,1,6,0.686,0.628,0.403,0.25,-0.084,-0.143,0
16823,61,1,9,0.964,0.629,0.918,0.0,0.353,0.149,0
16824,68,1,3,0.715,0.7,0.517,0.0,-0.183,-0.242,0
16825,78,1,12,0.893,0.554,0.921,0.0,0.364,0.179,0
16826,74,0,8,0.85,0.523,0.801,0.0,0.316,0.205,0
16827,43,0,9,0.928,0.631,1.053,0.0,0.639,0.187,0
16828,49,1,11,0.948,0.56,0.755,0.0,0.358,0.463,0
16829,62,1,3,0.54,0.7,0.76,0.25,0.102,-0.493,0
16830,70,0,5,0.505,0.572,0.396,0.5,-0.26,-0.041,0
16831,62,1,6,0.801,0.523,0.731,0.5,0.24,0.264,1
16832,83,0,10,0.897,0.584,0.811,0.0,0.542,0.161,1
16833,51,1,11,0.906,0.572,1.015,1.0,0.554,0.452,0
16834,49,1,9,0.882,0.631,0.677,0.0,0.44,0.23,0
16835,56,0,10,1.115,0.461,0.764,0.0,0.396,0.339,1
16836,68,0,3,0.823,0.605,0.496,0.0,-0.075,0.33,0
16837,54,0,11,1.148,0.525,0.947,1.0,0.227,0.46,0
16838,84,1,11,0.927,0.43,0.773,0.0,0.649,0.502,1
16839,81,0,9,0.945,0.417,0.986,1.0,0.523,0.011,0
16840,32,0,6,0.712,0.622,0.678,1.0,0.349,0.177,0
16841,35,1,10,0.955,0.553,1.027,0.0,0.68,0.1,0
16842,49,1,6,0.835,0.637,0.69,1.0,0.564,0.096,0
16843,76,1,11,0.978,0.413,0.862,0.25,0.39,0.166,0
16844,76,0,3,0.887,0.627,0.275,1.0,-0.115,0.064,0
16845,61,1,11,0.921,0.57,0.937,0.75,0.469,0.114,0
16846,49,1,6,0.93,0.65,0.947,0.0,0.331,0.101,0
16847,62,0,10,0.709,0.621,0.922,1.0,0.779,-0.114,1
16848,38,0,4,0.968,0.667,0.783,0.0,0.335,0.37,1
16849,67,1,11,0.787,0.535,0.676,0.0,0.216,0.138,0
16850,70,1,8,0.931,0.686,0.822,0.0,0.466,0.255,0
16851,37,0,6,1.016,0.575,0.682,0.5,0.114,0.213,0
16852,74,1,5,0.871,0.643,0.843,0.0,0.685,0.222,1
16853,46,0,5,0.773,0.549,0.712,0.5,0.092,-0.003,0
16854,39,1,11,0.774,0.617,1.073,0.0,0.353,0.376,0
16855,55,0,5,0.685,0.512,0.38,0.0,-0.145,0.134,0
16856,69,0,9,0.968,0.578,0.685,0.0,0.358,0.302,0
16857,35,0,5,0.872,0.549,0.374,0.0,-0.184,0.331,0
16858,82,0,3,0.814,0.619,0.417,1.0,0.216,-0.014,0
16859,54,0,6,0.882,0.605,0.767,0.75,0.063,0.163,0
16860,67,1,9,1.206,0.609,0.79,0.75,0.455,0.593,1
16861,84,1,8,1.141,0.678,0.533,0.5,-0.065,0.388,0
16862,49,1,9,1.003,0.492,0.681,0.0,0.216,0.482,0
16863,79,0,10,0.946,0.53,0.887,0.0,0.262,0.193,0
16864,35,0,5,0.606,0.638,0.531,0.0,-0.012,-0.303,0
16865,35,0,4,0.768,0.58,0.703,0.5,-0.131,0.206,0
16866,40,1,12,1.012,0.658,0.923,0.0,0.568,0.073,0
16867,64,1,11,1.136,0.552,0.606,0.0,0.264,0.36,0
16868,66,1,6,0.846,0.471,0.66,0.5,0.24,0.218,0
16869,48,0,12,0.853,0.549,1.253,0.75,0.765,-0.172,0
16870,62,0,3,0.912,0.627,0.563,0.25,0.226,0.172,0
16871,50,0,4,0.857,0.536,0.645,0.0,0.238,0.291,0
16872,74,1,6,0.937,0.652,0.78,0.0,0.29,0.092,0
16873,80,0,5,0.78,0.589,0.711,0.5,0.357,0.162,1
16874,59,0,11,1.086,0.598,0.477,0.0,-0.051,0.332,0
16875,45,0,5,0.859,0.465,0.574,0.0,0.3,-0.03,0
16876,71,0,9,0.956,0.481,0.643,0.0,0.316,0.228,0
16877,48,1,10,0.922,0.567,0.759,0.0,0.349,0.132,0
16878,79,1,6,0.759,0.71,0.503,0.25,0.076,-0.128,0
16879,59,1,9,0.931,0.477,0.657,0.0,0.316,0.122,0
16880,51,0,6,0.868,0.578,0.592,0.0,0.132,0.2,0
16881,31,1,12,1.042,0.675,0.964,0.0,0.148,0.278,1
16882,75,0,6,0.629,0.462,0.66,0.0,0.298,-0.053,0
16883,71,1,3,0.834,0.625,0.454,0.0,-0.077,-0.064,0
16884,68,0,8,0.95,0.696,0.812,0.5,0.519,0.195,0
16885,63,0,5,0.792,0.604,0.575,0.75,-0.206,-0.093,0
16886,66,1,11,1.13,0.637,0.729,0.0,0.103,0.586,0
16887,49,1,10,0.919,0.612,0.966,0.0,0.573,0.206,0
16888,84,0,8,0.953,0.691,0.664,0.0,0.139,0.406,0
16889,65,0,4,1.121,0.585,0.816,0.5,0.268,0.346,0
16890,71,1,10,0.977,0.665,0.797,0.0,0.337,0.246,1
16891,79,0,4,0.654,0.572,0.407,0.75,0.034,-0.247,0
16892,76,1,7,0.891,0.579,0.843,0.0,0.071,0.334,0
16893,46,0,8,0.919,0.626,0.861,1.0,0.241,-0.041,0
16894,49,0,5,0.761,0.639,0.506,0.0,0.051,0.148,0
16895,41,1,9,0.922,0.449,0.655,1.0,0.399,0.13,1
16896,36,0,10,0.811,0.358,0.671,0.75,0.419,0.205,0
16897,57,0,11,0.7,0.482,0.801,0.25,0.6,0.056,0
16898,65,1,6,0.929,0.66,0.726,0.0,-0.148,-0.069,1
16899,53,1,7,0.839,0.58,0.658,0.0,0.482,0.094,0
16900,47,0,10,1.006,0.523,0.928,0.0,0.419,0.257,0
16901,52,1,3,0.617,0.683,0.655,0.0,0.287,-0.357,0
16902,51,0,5,0.884,0.707,0.616,0.75,0.455,0.104,0
16903,80,0,6,0.761,0.652,0.722,0.0,-0.17,-0.053,0
16904,74,0,11,0.939,0.713,0.669,0.0,0.295,0.065,0
16905,38,0,4,0.994,0.445,0.357,1.0,-0.049,0.383,0
16906,72,0,10,1.031,0.529,0.456,1.0,0.039,0.14,0
16907,77,1,9,0.682,0.48,0.722,0.75,0.206,0.082,0
16908,39,1,9,0.85,0.53,0.749,0.75,0.514,-0.222,0
16909,47,1,8,0.902,0.63,0.742,0.25,0.313,0.098,0
16910,49,1,3,0.749,0.737,0.676,0.5,0.169,0.217,0
16911,42,1,3,0.899,0.652,0.486,0.5,-0.175,0.225,0
16912,61,0,7,0.954,0.643,0.745,0.25,0.362,0.273,1
16913,81,0,9,1.117,0.524,0.77,1.0,0.337,0.251,0
16914,67,0,12,0.855,0.637,0.886,0.5,0.395,0.134,0
16915,44,0,11,1.009,0.596,0.983,0.0,0.639,0.056,0
16916,66,1,10,1.018,0.521,0.99,0.0,0.724,0.124,1
16917,46,0,12,1.085,0.588,0.596,0.25,0.148,0.34,0
16918,44,1,8,0.907,0.536,0.779,0.0,0.451,0.451,0
16919,50,0,6,0.85,0.535,0.448,0.0,-0.084,0.203,0
16920,84,1,5,1.081,0.62,0.98,0.0,0.38,0.312,1
16921,34,1,12,1.073,0.656,1.022,0.25,0.322,0.3,0
16922,64,0,5,0.894,0.473,0.828,0.0,0.292,0.268,0
16923,74,1,7,0.946,0.655,0.473,0.0,-0.038,0.047,0
16924,47,1,12,1.182,0.7,0.992,0.25,0.462,0.236,0
16925,77,1,6,1.025,0.455,0.827,0.5,0.517,0.335,0
16926,69,1,3,0.972,0.653,0.572,0.75,-0.044,0.278,0
16927,54,1,5,0.784,0.553,0.727,0.0,0.135,0.004,0
16928,82,0,7,0.895,0.652,0.888,0.0,0.645,0.006,0
16929,76,1,7,0.757,0.431,0.725,0.0,0.296,-0.096,0
16930,51,0,6,0.696,0.503,0.7,0.5,0.315,-0.032,0
16931,37,0,11,0.926,0.7,0.721,0.0,0.38,-0.094,0
16932,31,1,5,0.979,0.494,0.269,0.0,-0.427,0.175,0
16933,56,1,3,0.781,0.588,0.796,0.0,0.332,-0.286,0
16934,36,1,7,0.781,0.561,0.882,0.5,0.338,0.021,0
16935,38,0,8,0.857,0.537,0.956,0.5,0.415,0.16,0
16936,70,0,6,0.889,0.58,0.56,0.0,0.254,0.199,0
16937,79,1,12,0.829,0.546,0.985,1.0,0.52,0.247,0
16938,35,0,6,0.898,0.552,0.688,0.0,0.407,0.052,1
16939,40,0,9,0.895,0.474,0.928,0.0,0.897,0.046,1
16940,68,1,12,0.795,0.562,0.996,0.75,0.374,0.007,0
16941,37,1,6,0.737,0.607,0.554,0.0,-0.213,0.047,0
16942,64,1,7,0.794,0.625,0.668,0.0,0.283,0.047,1
16943,56,0,7,0.99,0.639,0.406,0.0,-0.052,-0.041,0
16944,45,1,9,0.898,0.563,0.774,0.5,0.424,0.021,1
16945,42,1,8,0.977,0.52,0.923,0.0,0.642,0.121,0
16946,75,0,6,0.945,0.7,0.45,0.5,0.13,0.245,0
16947,49,1,7,0.919,0.654,0.824,0.0,0.485,0.002,0
16948,73,0,3,0.668,0.604,0.633,0.75,-0.117,-0.065,0
16949,50,1,3,1.134,0.553,0.715,0.25,0.217,0.466,1
16950,30,0,5,0.816,0.716,0.527,0.0,0.131,-0.021,0
16951,71,1,4,0.804,0.567,0.495,0.0,0.071,-0.073,0
16952,35,0,4,0.744,0.682,0.451,0.75,-0.03,0.137,0
16953,61,0,6,0.751,0.585,0.699,1.0,0.084,-0.068,0
16954,82,0,3,0.689,0.806,0.844,0.0,0.664,-0.053,0
16955,62,1,10,1.033,0.509,0.943,0.0,0.37,0.229,0
16956,58,0,6,0.768,0.65,0.752,0.0,0.466,0.088,0
16957,65,0,8,0.87,0.7,0.712,0.0,-0.015,0.182,0
16958,42,0,4,0.85,0.7,0.677,0.0,0.211,-0.02,0
16959,60,0,5,0.8,0.47,0.642,0.0,0.307,0.017,0
16960,81,0,10,0.757,0.611,1.17,0.5,0.368,0.132,1
16961,31,1,4,0.723,0.51,0.381,0.0,-0.022,0.036,0
16962,42,1,6,0.738,0.494,0.811,0.0,0.297,-0.061,0
16963,78,1,12,1.023,0.623,0.86,1.0,0.175,0.33,0
16964,61,0,10,0.994,0.672,0.914,0.0,0.59,0.322,0
16965,72,0,9,0.914,0.518,0.663,0.0,0.169,0.171,1
16966,67,0,3,0.663,0.556,0.54,0.5,0.053,0.014,0
16967,81,0,4,0.726,0.584,0.674,0.0,0.283,-0.031,0
16968,40,0,9,0.821,0.591,0.738,0.0,0.355,0.076,0
16969,67,1,5,1.013,0.578,0.734,0.0,0.48,0.254,0
16970,68,1,3,0.845,0.571,0.451,1.0,0.407,0.178,0
16971,42,1,12,1.019,0.584,0.941,0.0,0.712,0.176,0
16972,66,0,5,0.828,0.7,0.38,0.5,-0.105,0.132,0
16973,58,1,9,0.973,0.605,0.62,0.5,-0.043,0.246,0
16974,48,0,10,1.119,0.648,0.999,0.0,0.918,0.419,0
16975,58,0,10,0.778,0.638,0.734,0.0,0.472,0.119,0
16976,41,1,10,0.969,0.556,0.784,0.5,0.281,0.462,0
16977,76,0,10,1.003,0.543,0.7,0.5,0.275,0.274,0
16978,51,0,5,0.842,0.722,0.644,0.0,0.5,0.109,0
16979,64,1,11,0.906,0.438,1.113,0.0,0.707,0.289,0
16980,40,0,6,0.891,0.576,0.727,0.25,0.354,-0.127,0
16981,39,1,4,1.114,0.595,0.33,0.0,-0.211,0.444,0
16982,45,0,5,0.722,0.613,0.846,0.5,0.388,-0.091,0
16983,60,1,3,0.81,0.476,0.497,0.0,-0.075,0.049,0
16984,53,1,4,0.976,0.597,0.719,0.0,0.12,0.521,0
16985,32,1,10,0.985,0.633,0.852,1.0,0.395,-0.024,0
16986,66,1,5,0.826,0.453,0.371,0.0,-0.19,-0.013,0
16987,40,0,12,0.92,0.616,0.991,0.0,0.629,0.189,0
16988,71,0,4,0.874,0.609,0.192,0.25,-0.568,0.001,0
16989,70,0,9,0.907,0.638,0.763,0.0,0.43,0.0,1
16990,42,1,12,1.142,0.629,1.086,0.0,0.711,0.236,0
16991,67,1,10,0.86,0.554,0.692,0.0,0.235,0.06,1
16992,77,0,7,0.955,0.607,0.978,0.5,0.524,-0.016,0
16993,50,1,9,0.865,0.668,0.857,0.0,0.658,0.262,0
16994,54,0,7,0.692,0.728,0.738,0.0,0.285,-0.285,0
16995,83,0,8,0.956,0.564,0.8,1.0,0.38,0.062,0
16996,75,0,4,0.819,0.697,0.447,0.25,-0.334,0.049,0
16997,65,1,3,0.673,0.563,0.557,0.0,0.215,-0.046,0
16998,47,1,7,0.7,0.648,0.8,0.0,0.608,0.123,1
16999,73,0,3,0.736,0.723,0.885,0.5,0.361,0.039,0
17000,39,1,12,0.7,0.614,0.763,0.25,0.063,0.025,0
17001,68,0,12,0.857,0.617,1.316,0.75,0.616,0.085,1
17002,37,0,12,0.953,0.565,0.819,0.5,0.516,0.091,0
17003,53,0,7,1.107,0.606,0.922,0.0,0.55,0.272,0
17004,72,0,10,0.929,0.556,0.962,0.75,0.434,0.065,0
17005,50,0,10,0.893,0.455,0.864,0.0,0.461,0.038,1
17006,48,0,9,0.855,0.428,0.412,0.75,0.01,0.102,0
17007,73,1,8,0.805,0.581,0.892,0.0,0.67,0.229,0
17008,76,0,6,0.867,0.642,0.699,0.5,0.262,0.312,0
17009,46,0,5,0.87,0.563,0.427,0.0,-0.165,0.242,0
17010,35,0,11,0.7,0.565,0.793,0.5,0.252,0.105,0
17011,36,0,10,1.052,0.7,0.927,0.5,0.467,0.32,0
17012,50,1,6,0.772,0.744,0.694,0.0,0.154,-0.008,0
17013,69,1,4,0.747,0.7,0.403,0.0,-0.161,-0.101,0
17014,72,0,12,0.859,0.577,0.694,0.75,0.305,0.205,1
17015,57,1,7,0.818,0.559,0.633,0.75,0.025,-0.028,0
17016,58,0,8,0.865,0.495,0.779,0.25,0.342,0.166,0
17017,31,0,3,0.645,0.492,0.407,0.25,-0.27,-0.086,0
17018,59,0,11,1.061,0.557,0.752,0.75,0.307,0.292,0
17019,82,1,6,0.873,0.453,0.672,0.5,0.311,0.022,1
17020,39,1,9,0.967,0.604,0.952,0.25,0.503,0.2,0
17021,72,1,9,0.761,0.544,0.83,0.0,0.609,0.138,0
17022,81,0,4,0.788,0.535,0.832,0.0,0.333,0.026,0
17023,73,0,12,1.084,0.504,0.861,0.0,0.56,0.35,0
17024,68,0,4,1.003,0.662,0.417,0.0,-0.141,0.478,0
17025,45,1,8,0.853,0.616,0.753,1.0,0.184,0.171,0
17026,65,0,3,0.756,0.529,0.482,0.0,0.013,0.171,0
17027,56,1,4,0.653,0.683,0.382,0.75,-0.255,0.147,0
17028,33,0,8,0.748,0.728,1.028,0.5,0.761,-0.039,0
17029,78,0,12,1.017,0.595,0.832,0.75,0.194,0.485,1
17030,37,0,8,0.667,0.489,0.729,0.0,0.326,0.02,0
17031,83,0,12,1.001,0.616,0.711,0.0,0.354,0.32,0
17032,77,0,6,0.636,0.447,0.457,0.5,-0.133,-0.135,0
17033,65,1,7,0.9,0.548,0.833,0.0,0.17,-0.001,0
17034,74,0,5,0.724,0.667,0.609,0.0,0.325,0.059,0
17035,67,1,10,0.875,0.6,1.065,0.5,0.809,-0.064,1
17036,71,0,12,0.786,0.475,1.052,0.0,0.916,-0.031,1
17037,74,1,8,0.84,0.489,0.933,0.25,0.426,0.055,0
17038,66,0,9,0.968,0.706,0.896,0.0,0.336,0.324,0
17039,61,1,11,0.906,0.619,0.86,1.0,0.241,0.188,0
17040,43,1,8,0.7,0.651,0.975,0.75,0.283,-0.119,0
17041,30,0,4,0.82,0.613,0.689,0.0,0.28,0.14,0
17042,54,0,10,1.015,0.516,0.822,0.0,0.432,0.199,1
17043,34,0,12,0.895,0.539,0.888,0.25,0.536,0.271,0
17044,55,1,10,0.76,0.53,0.595,0.0,-0.254,-0.155,0
17045,73,0,7,0.743,0.613,1.098,1.0,0.755,-0.021,0
17046,44,0,9,0.7,0.561,0.947,0.25,0.532,-0.078,0
17047,60,0,10,0.878,0.624,0.955,0.75,0.649,0.277,1
17048,43,0,12,1.059,0.552,1.2,1.0,0.565,0.195,0
17049,64,0,7,0.7,0.412,0.356,0.25,-0.231,-0.075,0
17050,36,1,8,0.897,0.734,0.856,0.0,0.482,-0.156,0
17051,43,1,12,0.987,0.548,1.225,0.5,0.625,0.18,0
17052,79,1,12,0.821,0.525,1.116,1.0,0.486,0.121,0
17053,82,0,10,0.781,0.495,0.658,0.5,0.072,-0.202,0
17054,79,0,6,0.74,0.502,0.428,0.0,-0.25,0.01,0
17055,58,0,12,1.026,0.621,0.759,1.0,0.373,0.226,1
17056,36,0,7,0.881,0.611,0.541,0.0,-0.059,0.038,0
17057,39,1,8,0.845,0.646,0.7,1.0,0.24,0.01,0
17058,78,1,9,0.962,0.629,0.566,1.0,-0.289,0.346,0
17059,72,1,4,0.834,0.637,0.778,0.5,0.276,0.238,0
17060,37,0,5,0.728,0.582,0.708,0.75,0.625,0.028,0
17061,65,1,5,0.995,0.682,0.494,0.25,0.199,0.342,0
17062,84,0,11,0.837,0.679,0.931,0.5,0.266,-0.012,1
17063,43,0,11,1.077,0.634,0.781,0.5,0.302,-0.016,0
17064,47,0,3,0.852,0.765,0.577,0.0,0.085,-0.067,0
17065,35,1,12,1.166,0.564,0.798,1.0,0.153,0.466,0
17066,63,0,10,0.813,0.504,0.944,0.0,0.678,0.105,0
17067,64,0,9,0.654,0.486,0.693,0.5,0.446,0.091,0
17068,82,0,9,0.876,0.561,0.72,0.0,0.46,0.193,0
17069,47,0,9,1.05,0.554,0.677,0.0,0.199,0.384,0
17070,63,0,7,0.813,0.63,0.987,0.0,0.312,0.11,0
17071,71,1,5,0.86,0.59,0.653,0.0,0.302,0.035,0
17072,65,0,11,0.885,0.545,0.602,0.25,0.377,-0.05,0
17073,61,1,9,1.094,0.478,0.821,0.0,0.348,0.278,0
17074,84,0,4,0.713,0.685,1.04,0.0,0.547,0.001,0
17075,67,0,8,0.773,0.638,0.518,1.0,0.029,0.105,0
17076,65,1,3,0.95,0.642,0.311,0.0,0.016,0.046,0
17077,58,1,11,0.83,0.596,0.675,0.0,0.269,0.1,0
17078,52,0,5,0.705,0.554,0.635,1.0,0.107,0.023,0
17079,50,1,3,0.729,0.628,0.78,0.0,0.01,-0.218,1
17080,84,1,10,0.902,0.552,0.795,0.25,0.64,0.183,0
17081,74,1,6,0.722,0.541,0.474,0.0,0.061,0.072,1
17082,80,0,8,0.847,0.539,0.705,0.0,0.318,0.145,1
17083,37,1,4,0.972,0.516,0.397,0.0,-0.116,0.295,0
17084,73,0,10,1.01,0.645,0.979,0.75,0.29,0.285,0
17085,46,0,6,0.704,0.625,0.727,1.0,0.363,-0.194,0
17086,43,1,11,0.795,0.553,0.554,0.0,0.146,0.028,0
17087,40,0,12,0.999,0.498,1.092,0.0,0.462,0.289,0
17088,41,1,6,0.767,0.567,0.738,0.0,0.15,-0.123,0
17089,51,0,5,0.804,0.624,0.651,0.0,0.219,0.103,0
17090,67,0,3,0.729,0.634,0.562,0.0,0.355,0.029,0
17091,33,0,11,1.005,0.593,0.81,0.0,0.416,-0.007,0
17092,30,1,6,0.7,0.655,0.893,0.5,0.4,-0.02,0
17093,56,1,5,0.649,0.634,0.475,0.0,-0.231,-0.103,0
17094,51,0,7,0.631,0.548,0.891,0.25,0.378,-0.154,0
17095,61,0,6,0.996,0.608,0.681,0.25,0.158,0.33,0
17096,56,1,7,0.735,0.542,0.713,0.0,0.477,-0.14,0
17097,50,1,5,0.732,0.535,0.652,0.75,0.196,-0.142,0
17098,54,1,9,0.969,0.661,0.7,1.0,0.194,0.317,1
17099,79,0,11,0.83,0.443,0.926,0.0,0.479,-0.009,1
17100,32,1,6,0.724,0.626,0.537,0.0,0.299,-0.084,0
17101,61,1,12,0.865,0.527,0.962,0.0,0.515,0.07,0
17102,36,0,8,0.898,0.526,0.465,0.0,0.106,0.035,0
17103,42,0,12,0.888,0.634,0.856,0.0,0.452,0.034,0
17104,66,1,12,1.34,0.671,0.682,0.0,0.241,0.522,0
17105,59,0,8,0.802,0.527,0.759,1.0,0.059,0.058,0
17106,77,1,5,0.961,0.572,0.732,0.0,0.032,0.303,0
17107,67,1,5,0.823,0.572,0.61,0.75,-0.082,0.107,0
17108,42,0,11,0.859,0.655,0.759,0.0,0.415,0.285,0
17109,69,0,8,0.887,0.485,0.396,0.0,-0.11,0.237,0
17110,74,1,4,0.829,0.594,0.682,0.5,0.16,0.064,0
17111,84,0,9,0.995,0.435,0.582,0.0,-0.038,0.046,0
17112,63,1,10,1.032,0.767,0.9,0.5,0.428,0.383,1
17113,76,0,7,0.7,0.646,0.936,0.0,0.237,0.033,0
17114,31,0,9,0.921,0.497,0.377,0.0,-0.098,0.062,0
17115,59,0,5,0.673,0.518,0.7,0.5,0.151,-0.11,1
17116,80,0,10,0.802,0.621,0.941,1.0,0.86,0.382,1
17117,44,0,9,0.83,0.679,0.751,0.5,0.249,0.027,0
17118,64,0,5,0.843,0.546,0.358,0.75,0.133,0.065,0
17119,55,1,10,0.812,0.505,0.897,0.0,0.27,0.005,0
17120,32,1,12,0.945,0.555,0.989,1.0,0.396,0.069,0
17121,34,1,3,0.684,0.7,0.217,0.0,-0.081,-0.071,0
17122,51,1,12,1.189,0.551,0.963,0.25,0.398,0.442,0
17123,55,1,5,0.641,0.53,0.749,0.0,0.484,-0.165,0
17124,57,0,7,0.689,0.558,0.847,0.5,0.388,0.203,1
17125,56,1,5,0.624,0.661,0.756,0.0,0.351,-0.135,1
17126,69,0,4,0.824,0.562,0.781,0.25,0.384,0.02,0
17127,51,0,12,1.009,0.363,0.717,0.5,0.156,0.241,0
17128,41,0,6,0.836,0.418,0.762,0.0,0.227,0.074,0
17129,46,0,6,0.802,0.652,0.582,0.25,0.292,0.028,0
17130,59,1,4,0.871,0.682,0.66,1.0,0.241,-0.004,0
17131,49,1,4,0.695,0.581,0.427,0.5,-0.344,-0.125,0
17132,61,1,3,0.549,0.688,0.298,0.0,-0.38,-0.259,0
17133,60,1,11,1.16,0.7,0.816,0.0,0.297,0.428,1
17134,82,0,12,0.947,0.532,0.982,0.5,0.53,0.22,0
17135,82,0,6,0.6,0.574,0.763,0.0,0.363,-0.356,0
17136,40,1,6,0.912,0.531,0.746,0.25,0.167,0.181,0
17137,38,1,12,0.982,0.554,1.014,0.25,0.658,0.311,1
17138,78,1,7,0.944,0.686,0.561,0.0,0.456,0.226,0
17139,50,0,5,0.809,0.544,0.79,1.0,0.327,-0.034,0
17140,61,0,9,0.993,0.676,0.754,0.75,0.555,0.268,0
17141,62,0,9,1.014,0.709,1.306,0.5,1.014,0.146,0
17142,80,1,12,0.984,0.56,0.883,0.25,0.183,0.247,1
17143,84,0,11,1.007,0.565,0.725,0.0,0.343,0.114,0
17144,45,0,8,0.829,0.624,1.028,1.0,0.737,-0.087,0
17145,52,1,5,0.758,0.529,0.78,0.0,0.305,-0.062,0
17146,76,1,3,0.962,0.515,0.523,0.0,-0.177,0.107,0
17147,44,1,11,0.765,0.545,1.071,0.0,0.694,-0.267,0
17148,84,0,6,0.944,0.505,0.507,1.0,-0.26,0.272,0
17149,59,0,12,0.9,0.626,0.777,0.5,0.287,0.184,0
17150,58,1,11,1.008,0.56,1.14,0.5,0.636,0.196,0
17151,56,0,5,0.6,0.671,0.96,0.25,0.729,-0.1,1
17152,57,0,11,1.124,0.642,0.843,0.0,0.33,0.261,0
17153,60,1,4,0.734,0.691,0.472,0.25,-0.213,0.152,0
17154,64,0,5,0.75,0.593,0.589,0.0,0.153,0.047,0
17155,50,0,5,0.877,0.611,0.38,0.0,-0.194,0.03,0
17156,43,0,9,0.7,0.461,0.732,0.75,0.312,-0.018,0
17157,84,0,7,0.981,0.637,0.572,1.0,0.021,0.143,0
17158,46,0,7,0.969,0.573,0.692,0.0,0.157,0.521,0
17159,80,0,9,0.86,0.619,0.823,0.0,0.343,0.062,1
17160,33,0,9,0.96,0.448,1.054,0.0,0.573,0.157,0
17161,67,0,4,0.7,0.675,1.099,0.25,0.636,-0.114,0
17162,44,1,3,0.934,0.716,0.838,0.75,0.51,0.207,0
17163,51,1,8,0.79,0.555,0.948,0.5,0.378,-0.012,0
17164,33,0,5,0.828,0.624,0.754,0.25,0.087,0.128,0
17165,55,1,7,0.639,0.666,0.626,0.0,-0.034,-0.061,0
17166,53,0,5,0.792,0.556,0.712,0.25,0.218,0.092,0
17167,64,1,9,0.876,0.567,0.791,1.0,0.215,0.142,1
17168,55,1,11,0.899,0.536,0.761,0.0,0.353,0.179,1
17169,84,0,7,0.985,0.486,0.709,0.75,0.1,0.265,0
17170,77,0,8,0.789,0.565,0.602,0.5,-0.098,0.072,0
17171,84,1,12,1.117,0.444,0.857,1.0,0.612,0.27,1
17172,30,0,8,0.98,0.677,1.015,0.0,0.661,0.301,0
17173,77,1,9,0.89,0.535,0.913,0.0,0.329,0.173,1
17174,49,0,10,1.02,0.354,0.88,0.0,0.239,0.394,1
17175,75,0,6,0.855,0.7,0.636,0.25,0.13,0.048,0
17176,72,1,3,0.715,0.619,0.687,0.25,0.301,0.002,0
17177,70,1,3,0.685,0.681,0.683,0.25,0.216,0.118,1
17178,53,0,4,0.819,0.578,0.71,0.0,0.05,-0.081,0
17179,49,1,7,0.99,0.504,0.826,0.0,0.481,0.2,0
17180,42,0,11,0.886,0.595,0.777,0.0,0.514,0.241,0
17181,74,0,3,0.776,0.527,0.571,0.0,0.375,-0.05,0
17182,30,0,5,0.678,0.511,0.28,0.0,0.206,-0.163,0
17183,73,1,12,1.039,0.51,0.651,0.0,0.102,0.298,0
17184,60,1,3,0.675,0.596,0.515,0.0,0.054,-0.121,0
17185,33,1,10,0.981,0.616,0.716,0.75,0.07,-0.068,0
17186,78,1,11,0.879,0.542,1.113,0.0,0.721,0.169,0
17187,49,0,6,0.899,0.669,0.393,0.0,0.008,0.23,0
17188,41,1,3,0.704,0.684,0.73,0.75,0.03,-0.252,1
17189,70,1,4,0.821,0.539,0.561,0.75,0.49,0.017,0
17190,45,1,3,0.817,0.624,0.805,0.0,0.386,0.086,0
17191,30,1,3,0.811,0.611,0.504,1.0,0.116,0.072,0
17192,73,1,9,0.938,0.545,0.881,0.75,0.496,0.013,1
17193,84,1,11,0.87,0.615,0.991,0.75,0.269,0.263,0
17194,83,1,7,0.982,0.474,0.763,0.5,0.26,0.333,0
17195,73,0,4,0.816,0.643,0.7,0.0,-0.029,0.087,0
17196,69,0,8,0.986,0.468,1.055,0.0,0.568,0.348,0
17197,77,0,4,0.622,0.575,0.69,0.5,0.15,-0.057,0
17198,68,0,3,0.817,0.56,0.563,0.0,0.037,0.101,0
17199,72,0,6,0.697,0.567,0.838,0.25,0.352,-0.017,0
17200,45,1,11,0.735,0.46,0.7,0.0,-0.006,0.181,0
17201,81,1,11,0.977,0.568,0.809,0.0,0.205,-0.026,0
17202,77,0,12,0.911,0.529,0.964,0.0,0.703,0.283,0
17203,84,1,7,0.816,0.481,0.611,0.0,0.475,0.149,0
17204,59,0,11,1.026,0.686,0.759,1.0,0.254,0.271,1
17205,65,0,4,0.759,0.659,0.858,0.0,0.176,0.147,1
17206,71,0,6,0.659,0.535,0.772,0.0,0.286,-0.041,1
17207,64,0,12,1.062,0.669,0.838,0.0,0.138,0.359,0
17208,64,0,6,0.847,0.506,0.763,1.0,0.195,0.08,1
17209,30,1,10,0.85,0.543,0.623,0.75,0.107,0.199,0
17210,70,1,8,0.721,0.519,0.394,0.0,-0.278,-0.081,0
17211,71,0,5,0.89,0.652,0.807,0.0,0.604,0.11,0
17212,79,1,3,0.733,0.591,0.389,0.75,0.079,0.07,0
17213,62,0,8,1.06,0.672,0.68,0.25,0.122,0.397,0
17214,32,1,4,0.737,0.645,0.499,0.0,0.169,-0.152,0
17215,66,1,5,0.605,0.561,0.505,0.25,-0.085,-0.122,0
17216,53,1,4,1.058,0.668,0.437,0.0,0.11,0.296,0
17217,81,1,6,0.99,0.47,0.575,0.0,0.175,0.095,0
17218,71,1,5,0.824,0.761,0.616,0.0,0.272,0.018,0
17219,38,1,7,0.695,0.569,0.539,0.75,-0.057,0.194,0
17220,71,1,10,1.043,0.552,0.703,0.0,0.207,0.349,1
17221,63,0,11,0.946,0.509,1.007,0.0,0.84,0.448,1
17222,41,0,10,0.957,0.647,0.731,1.0,0.519,0.157,0
17223,44,1,10,1.034,0.589,0.625,0.0,0.185,0.409,0
17224,76,0,8,0.887,0.474,0.7,0.0,0.138,0.14,0
17225,69,1,5,1.177,0.629,0.697,1.0,-0.005,0.383,0
17226,70,1,7,0.912,0.447,0.508,0.5,0.182,0.288,0
17227,56,0,6,0.931,0.763,0.405,0.75,0.036,0.142,0
17228,52,1,10,0.763,0.574,0.645,0.0,0.076,-0.069,0
17229,39,0,6,0.884,0.637,0.496,0.25,-0.089,0.259,0
17230,61,0,11,0.981,0.53,0.78,1.0,0.276,0.101,0
17231,60,1,4,0.79,0.619,0.487,0.0,-0.213,0.12,0
17232,34,1,9,0.764,0.608,0.508,0.0,0.107,-0.234,0
17233,59,0,10,0.961,0.56,0.781,0.0,0.271,0.202,0
17234,75,1,9,1.033,0.691,0.532,0.0,0.125,0.218,0
17235,75,1,11,0.847,0.564,1.031,0.0,0.581,0.132,0
17236,41,1,12,0.946,0.544,1.053,0.25,0.376,0.246,0
17237,60,0,10,0.848,0.636,1.072,0.0,0.654,-0.025,0
17238,43,0,4,0.75,0.642,0.411,0.0,-0.289,0.144,0
17239,34,1,5,0.739,0.604,0.518,0.25,0.058,0.157,0
17240,50,1,10,0.806,0.625,0.737,0.0,0.244,0.106,0
17241,32,0,5,1.048,0.618,0.7,0.0,0.407,0.425,0
17242,84,1,3,0.711,0.704,0.849,0.0,0.317,-0.02,0
17243,65,0,6,0.705,0.607,0.802,0.75,0.476,-0.154,0
17244,78,0,8,1.166,0.517,0.973,0.0,0.477,0.517,0
17245,64,0,4,0.949,0.59,0.746,0.5,0.134,0.166,1
17246,58,0,9,0.98,0.501,0.856,0.0,0.053,0.551,0
17247,39,1,6,0.837,0.661,0.548,1.0,-0.045,-0.001,0
17248,51,0,5,0.735,0.772,0.417,0.0,-0.104,0.028,0
17249,70,1,9,0.794,0.741,0.608,0.5,0.202,0.13,0
17250,64,1,8,0.872,0.588,0.544,0.5,-0.125,0.015,0
17251,52,1,12,0.946,0.57,0.824,0.0,0.39,0.423,0
17252,61,1,3,0.797,0.502,0.698,0.25,0.228,-0.074,0
17253,35,0,11,1.066,0.617,1.099,0.0,0.895,0.248,0
17254,30,1,8,1.028,0.556,0.745,0.25,0.325,0.356,0
17255,53,0,10,0.849,0.435,0.915,0.0,0.221,-0.02,0
17256,66,1,9,0.841,0.578,0.469,0.75,-0.155,0.077,0
17257,57,0,10,1.098,0.65,0.745,0.25,0.096,0.432,0
17258,81,0,11,1.176,0.664,0.813,0.0,0.247,0.476,1
17259,42,1,4,0.951,0.532,0.485,0.0,-0.137,0.126,0
17260,62,1,9,1.076,0.7,0.578,0.0,-0.122,0.275,0
17261,71,1,10,0.875,0.684,0.728,0.0,0.19,0.129,0
17262,58,1,8,0.803,0.654,0.846,0.0,0.245,0.066,0
17263,31,1,7,0.726,0.605,0.66,0.75,0.072,0.026,0
17264,60,1,12,0.857,0.606,0.838,1.0,0.256,0.081,0
17265,39,0,3,0.758,0.597,0.573,0.0,0.238,-0.029,0
17266,47,1,5,0.898,0.504,0.368,0.0,-0.255,0.028,0
17267,83,0,4,0.922,0.668,0.7,0.0,0.426,0.198,0
17268,69,0,12,1.025,0.526,1.015,0.0,0.572,0.351,0
17269,56,1,5,0.736,0.621,0.477,0.25,0.032,-0.119,0
17270,31,1,3,0.81,0.635,0.574,0.75,0.054,0.129,0
17271,32,1,11,1.036,0.649,0.926,0.0,0.642,0.324,0
17272,44,1,4,0.836,0.486,0.495,0.5,0.209,-0.068,0
17273,48,0,10,1.033,0.633,0.846,0.0,0.395,0.232,0
17274,70,1,5,1.083,0.631,0.796,0.0,0.482,0.174,0
17275,61,1,10,0.796,0.581,0.693,0.25,0.557,0.05,0
17276,55,0,12,1.034,0.64,0.893,0.5,0.715,0.287,0
17277,67,0,12,1.002,0.634,0.698,0.5,0.331,0.19,0
17278,53,0,9,0.619,0.49,0.628,0.5,-0.056,-0.111,0
17279,31,0,9,0.84,0.569,1.005,0.0,0.663,0.171,0
17280,79,1,9,1.003,0.698,0.649,0.0,0.185,0.229,0
17281,58,0,7,0.904,0.58,0.715,0.75,0.215,0.022,0
17282,45,1,4,0.701,0.477,0.588,0.25,-0.178,-0.122,0
17283,64,1,9,0.983,0.649,0.894,0.75,0.43,0.236,0
17284,42,1,4,1.021,0.747,0.722,0.0,0.224,0.282,0
17285,69,0,8,1.053,0.613,0.81,0.25,0.486,0.437,1
17286,81,1,11,0.979,0.516,1.056,0.25,0.653,0.261,0
17287,66,1,4,0.63,0.693,0.283,0.5,0.027,-0.206,0
17288,66,0,11,0.858,0.644,1.013,0.0,0.526,-0.023,0
17289,36,0,6,1.004,0.606,0.357,0.75,-0.302,0.216,0
17290,70,1,9,0.917,0.577,0.62,0.0,0.072,0.208,0
17291,60,1,3,0.928,0.448,0.236,0.25,0.018,0.153,0
17292,50,1,4,0.846,0.52,0.488,0.25,0.27,0.075,0
17293,40,0,7,0.682,0.675,0.527,0.5,0.112,-0.035,0
17294,72,1,9,0.983,0.675,0.631,0.25,0.163,0.222,0
17295,61,0,8,0.769,0.564,0.429,0.0,-0.031,0.04,0
17296,30,1,4,0.76,0.667,0.734,0.0,0.399,0.112,0
17297,69,1,12,0.859,0.554,1.021,0.0,0.708,0.163,0
17298,81,1,6,0.802,0.658,0.761,0.0,0.463,0.11,0
17299,49,1,7,0.833,0.607,0.738,0.25,0.426,0.031,0
17300,35,1,11,0.868,0.606,0.594,0.5,-0.009,0.247,0
17301,71,0,4,0.884,0.577,0.685,0.25,-0.105,0.014,0
17302,69,1,6,0.782,0.609,0.543,0.25,-0.045,0.057,0
17303,74,1,5,0.787,0.642,0.738,1.0,0.209,0.055,1
17304,81,0,3,0.681,0.531,0.58,1.0,0.321,-0.15,0
17305,46,1,9,1.064,0.7,0.768,1.0,0.334,0.246,0
17306,79,1,11,1.123,0.668,0.947,0.0,0.35,0.349,0
17307,79,0,8,0.892,0.504,0.49,1.0,0.031,0.235,0
17308,47,1,11,1.072,0.556,0.8,0.0,0.124,0.372,0
17309,49,0,5,0.871,0.538,0.842,0.25,0.382,0.026,0
17310,54,0,5,0.811,0.502,0.491,1.0,-0.032,0.079,0
17311,38,0,3,0.706,0.653,0.691,0.25,0.617,-0.061,0
17312,31,1,3,0.818,0.686,0.7,0.5,0.271,-0.055,0
17313,47,0,12,1.048,0.577,0.976,0.5,0.525,0.329,0
17314,45,0,9,1.008,0.554,0.933,0.0,0.636,0.359,0
17315,57,1,6,0.824,0.497,0.691,0.5,-0.05,0.059,0
17316,44,1,9,0.962,0.597,0.725,1.0,0.259,0.135,0
17317,55,1,5,0.8,0.514,0.7,0.5,0.336,0.099,0
17318,56,0,7,0.917,0.607,0.693,0.25,0.626,0.33,0
17319,38,1,11,0.932,0.521,0.764,0.25,0.374,0.144,1
17320,54,0,3,0.75,0.638,0.61,0.75,0.173,-0.172,0
17321,76,0,10,0.968,0.531,0.883,0.5,0.183,0.286,0
17322,83,1,12,1.022,0.583,0.677,1.0,-0.486,0.27,0
17323,65,0,4,0.864,0.537,0.551,1.0,0.194,0.231,0
17324,49,1,9,1.228,0.659,0.806,0.25,0.564,0.389,0
17325,80,1,5,0.869,0.523,0.959,0.0,0.097,0.169,0
17326,63,0,5,1.058,0.533,0.719,1.0,0.596,0.318,1
17327,49,0,11,0.81,0.447,0.7,0.5,0.351,0.19,0
17328,79,0,11,1.061,0.761,1.024,0.0,0.532,0.543,0
17329,78,1,7,0.896,0.558,0.571,0.0,0.262,0.067,0
17330,76,1,3,0.896,0.432,0.383,0.25,-0.317,0.104,0
17331,41,0,12,0.915,0.511,1.065,0.5,0.572,0.025,0
17332,44,1,3,0.67,0.611,0.577,0.0,0.332,-0.034,0
17333,57,1,3,0.982,0.584,0.588,0.0,0.348,0.136,0
17334,34,1,9,0.781,0.546,0.852,0.75,0.293,0.101,1
17335,80,1,5,0.955,0.603,0.713,0.0,0.526,0.169,0
17336,46,1,3,0.837,0.781,0.489,0.5,0.117,0.12,0
17337,30,0,8,0.76,0.712,0.725,0.0,0.405,-0.125,0
17338,71,0,9,0.714,0.534,0.912,0.0,0.212,0.053,0
17339,69,1,11,0.547,0.471,0.687,0.25,0.121,-0.195,0
17340,74,0,5,0.858,0.451,0.597,1.0,0.257,0.229,0
17341,51,1,8,1.002,0.649,0.713,0.0,0.491,0.317,1
17342,42,1,12,0.867,0.448,1.063,0.5,0.508,0.214,0
17343,53,1,6,0.583,0.654,0.705,0.0,0.51,-0.117,0
17344,44,1,7,0.829,0.492,0.886,0.0,0.041,0.082,0
17345,76,1,5,0.792,0.606,0.884,0.25,0.23,-0.169,0
17346,34,1,5,0.909,0.628,0.84,0.75,0.171,0.197,0
17347,42,1,12,0.783,0.584,0.7,0.0,0.206,-0.091,0
17348,40,1,3,1.025,0.66,0.483,1.0,0.205,0.272,0
17349,54,0,10,0.86,0.503,0.873,0.25,0.613,0.238,0
17350,66,1,6,0.797,0.69,0.7,0.75,0.246,0.066,0
17351,74,0,5,0.801,0.657,0.461,0.5,-0.089,-0.039,0
17352,78,0,9,0.872,0.7,0.975,0.75,0.639,-0.003,1
17353,81,1,9,0.903,0.531,0.727,1.0,0.322,0.381,0
17354,82,0,10,0.857,0.482,0.756,0.0,0.446,-0.23,1
17355,63,1,12,1.049,0.601,0.819,0.5,0.257,0.333,1
17356,42,0,8,0.707,0.561,0.57,0.0,0.012,0.0,0
17357,78,1,4,0.7,0.536,0.883,0.25,0.577,-0.221,0
17358,40,0,8,0.937,0.713,0.7,0.75,0.58,0.276,0
17359,39,0,7,0.884,0.562,0.964,0.0,0.475,-0.048,0
17360,30,1,4,0.84,0.561,0.419,0.0,0.13,0.219,0
17361,63,0,12,1.098,0.562,1.045,0.75,0.717,0.291,1
17362,79,0,12,1.046,0.544,0.83,0.0,0.521,0.533,0
17363,67,1,7,0.805,0.478,0.722,0.25,0.237,0.079,0
17364,44,1,6,0.859,0.506,0.78,0.5,0.386,0.166,0
17365,64,1,11,0.961,0.542,0.7,0.0,0.35,0.268,0
17366,47,0,5,0.892,0.688,0.411,0.75,-0.036,0.174,0
17367,64,1,3,0.808,0.64,0.607,0.0,-0.163,0.133,0
17368,80,1,5,0.615,0.512,0.442,0.0,-0.224,-0.064,0
17369,42,0,4,0.831,0.536,0.585,0.0,-0.222,-0.079,0
17370,32,1,10,1.133,0.7,0.707,0.0,0.278,0.419,0
17371,63,1,3,0.729,0.586,0.36,0.0,0.07,-0.129,1
17372,32,1,5,0.747,0.66,0.549,0.5,0.024,0.045,0
17373,54,1,11,1.195,0.576,0.7,0.0,0.291,0.616,1
17374,34,1,6,0.812,0.567,0.497,1.0,0.161,0.114,0
17375,61,1,8,0.791,0.639,0.677,0.0,0.056,-0.014,1
17376,62,0,8,0.852,0.634,0.519,0.25,0.065,0.024,0
17377,70,1,5,0.762,0.719,0.686,0.0,0.002,-0.135,1
17378,51,0,8,1.032,0.506,0.947,0.0,0.352,0.332,0
17379,35,0,10,0.961,0.597,0.695,0.5,0.277,0.192,0
17380,43,1,3,0.674,0.629,0.7,0.0,0.299,-0.136,0
17381,59,0,4,0.59,0.7,0.619,0.0,0.285,-0.033,0
17382,82,0,5,0.832,0.604,0.302,0.0,0.005,0.131,0
17383,51,0,7,0.79,0.559,0.609,0.0,-0.091,0.401,0
17384,74,0,10,0.956,0.46,0.947,0.0,0.233,0.204,1
17385,48,1,9,1.015,0.552,0.711,0.75,0.267,0.359,0
17386,37,1,8,0.865,0.478,0.757,0.0,0.085,0.091,0
17387,55,0,5,0.7,0.578,0.505,0.0,0.06,-0.006,0
17388,62,0,3,0.891,0.612,0.606,0.0,0.257,0.166,0
17389,68,0,7,0.794,0.692,0.514,1.0,0.07,0.162,0
17390,62,0,12,1.066,0.599,0.778,0.0,0.085,0.273,0
17391,81,0,9,0.872,0.554,0.711,0.0,0.472,0.179,0
17392,65,1,3,0.67,0.682,0.538,0.0,0.376,-0.171,0
17393,46,1,3,0.834,0.644,0.443,0.25,0.23,0.17,0
17394,50,0,10,0.815,0.7,0.987,0.5,0.429,0.091,0
17395,61,1,6,0.825,0.762,0.543,1.0,-0.092,0.106,0
17396,83,0,8,0.988,0.64,0.861,0.0,0.494,0.237,0
17397,60,0,3,0.842,0.774,0.621,0.25,0.016,0.265,0
17398,77,0,10,0.78,0.597,0.771,0.0,0.222,0.212,0
17399,45,0,3,1.018,0.695,0.581,1.0,0.201,0.356,0
17400,81,1,3,0.771,0.446,0.7,0.75,0.223,0.25,1
17401,48,1,4,0.792,0.714,0.836,0.75,0.244,0.319,1
17402,76,0,12,1.055,0.471,0.932,0.25,0.254,0.297,0
17403,45,0,3,1.045,0.541,0.352,1.0,-0.269,0.154,0
17404,50,0,9,0.853,0.622,1.025,0.0,0.491,0.244,0
17405,64,0,11,0.866,0.634,0.775,0.5,0.348,-0.119,1
17406,76,1,6,1.058,0.517,0.533,0.0,-0.007,0.403,0
17407,82,1,12,1.095,0.586,0.911,0.75,0.562,0.298,0
17408,30,1,12,0.855,0.625,1.051,0.0,0.6,0.237,1
17409,65,1,12,0.927,0.498,0.89,0.25,0.529,0.052,0
17410,50,0,7,0.907,0.641,0.596,0.0,0.115,0.166,0
17411,72,1,5,0.797,0.629,0.56,0.0,0.042,0.086,0
17412,58,1,12,0.793,0.397,1.069,0.25,0.828,-0.026,0
17413,35,1,3,0.713,0.677,0.424,0.25,-0.087,0.01,0
17414,50,1,8,0.798,0.619,0.727,0.25,0.076,0.189,0
17415,78,0,7,0.874,0.493,0.961,0.25,0.377,0.076,1
17416,61,0,7,0.892,0.721,0.705,0.5,0.203,0.127,0
17417,64,1,3,1.017,0.7,0.744,0.0,0.353,0.106,0
17418,32,1,7,0.87,0.571,0.69,0.5,0.482,0.192,1
17419,43,1,5,0.891,0.574,0.522,0.0,-0.006,0.216,0
17420,77,0,12,1.016,0.562,0.89,1.0,0.496,0.316,0
17421,82,1,5,0.924,0.539,0.971,0.5,0.358,0.051,1
17422,44,1,5,0.92,0.675,0.629,0.0,0.106,0.287,0
17423,77,1,9,0.931,0.555,0.601,0.25,0.206,0.224,0
17424,31,0,11,0.923,0.571,0.798,0.75,0.147,0.158,0
17425,45,1,12,1.005,0.427,1.119,0.25,0.426,0.23,0
17426,34,1,12,1.049,0.643,0.882,0.25,0.322,0.386,1
17427,45,0,8,0.869,0.561,0.61,1.0,-0.241,0.172,0
17428,33,0,11,1.021,0.474,0.812,1.0,0.309,0.207,0
17429,80,1,10,0.855,0.684,0.545,0.5,-0.059,-0.009,0
17430,80,0,5,0.879,0.591,0.823,0.5,0.213,0.07,0
17431,48,1,7,0.767,0.535,0.626,0.25,0.114,0.006,0
17432,68,0,10,0.975,0.444,0.813,0.5,0.518,0.077,0
17433,37,0,6,0.772,0.652,0.759,0.25,0.437,0.297,0
17434,59,0,3,0.92,0.565,0.348,0.25,-0.13,0.28,0
17435,62,1,12,0.816,0.434,1.25,0.0,0.697,-0.018,1
17436,39,0,4,0.796,0.457,0.605,0.5,-0.124,0.292,0
17437,62,1,12,0.986,0.468,0.983,1.0,0.946,0.284,0
17438,72,0,11,1.043,0.589,1.104,0.0,0.915,0.433,1
17439,70,0,4,1.015,0.665,0.356,0.0,-0.072,0.295,0
17440,41,0,10,1.033,0.529,0.7,0.5,0.43,0.273,0
17441,76,1,7,0.867,0.557,0.74,1.0,0.125,0.2,0
17442,51,1,3,0.817,0.647,0.415,0.25,-0.047,-0.019,0
17443,51,1,12,1.016,0.685,0.718,0.25,0.105,0.159,0
17444,53,1,6,1.192,0.424,0.647,0.5,-0.005,0.492,0
17445,72,0,12,0.861,0.662,0.887,0.0,0.187,0.19,1
17446,44,1,9,0.935,0.401,0.887,0.25,0.494,0.108,0
17447,57,0,4,0.846,0.605,0.499,1.0,-0.05,0.038,0
17448,38,0,5,0.885,0.465,0.362,0.0,0.034,0.086,0
17449,53,1,12,0.935,0.596,0.845,0.0,0.366,0.215,0
17450,81,1,10,0.955,0.513,0.803,0.75,0.257,-0.015,1
17451,73,0,8,0.926,0.708,0.857,0.5,0.335,0.24,0
17452,53,0,3,0.947,0.637,0.304,1.0,-0.087,0.315,0
17453,68,0,4,0.955,0.7,0.755,0.0,0.147,0.111,0
17454,66,0,3,0.773,0.7,0.47,0.0,0.308,-0.007,0
17455,35,1,8,0.812,0.491,0.399,0.0,-0.177,-0.094,0
17456,75,1,5,0.886,0.812,0.654,0.0,-0.052,0.122,0
17457,51,1,7,0.858,0.481,0.794,0.5,0.082,0.178,0
17458,67,1,9,0.866,0.636,0.682,1.0,0.278,0.063,1
17459,43,0,12,1.067,0.7,1.052,0.0,0.575,0.451,0
17460,74,1,9,0.967,0.551,0.842,0.0,0.5,0.178,0
17461,42,0,9,1.268,0.553,0.656,0.25,-0.04,0.453,0
17462,73,1,6,0.691,0.589,0.794,0.5,0.016,0.17,0
17463,42,1,5,0.822,0.689,0.886,0.0,0.431,0.133,0
17464,61,0,12,0.965,0.487,1.101,0.25,0.82,0.265,0
17465,32,0,11,0.925,0.536,1.091,0.0,0.564,0.167,0
17466,73,0,5,0.619,0.677,0.583,0.0,0.183,-0.183,0
17467,36,1,4,0.575,0.696,0.521,0.0,-0.118,-0.107,0
17468,56,0,12,0.923,0.589,0.904,0.0,0.639,0.289,0
17469,79,0,7,0.871,0.604,0.688,0.5,0.126,0.157,1
17470,80,0,10,1.098,0.563,0.671,1.0,0.178,0.258,0
17471,54,0,12,0.868,0.684,0.991,0.75,0.263,-0.011,0
17472,75,0,3,0.895,0.682,0.98,0.0,0.739,0.189,0
17473,73,0,11,0.784,0.49,0.745,1.0,0.193,-0.051,0
17474,81,0,4,0.9,0.669,0.652,0.0,0.11,0.048,0
17475,77,0,12,0.978,0.561,0.917,0.0,0.486,0.405,0
17476,65,1,4,0.936,0.562,0.919,0.25,0.511,0.14,0
17477,64,0,8,0.95,0.557,0.658,0.0,0.045,0.159,0
17478,51,1,12,0.803,0.7,0.971,0.25,0.534,0.032,0
17479,79,0,3,0.826,0.651,0.666,0.5,0.329,-0.012,0
17480,37,1,7,0.998,0.568,0.509,1.0,0.394,0.252,0
17481,44,0,10,0.976,0.609,0.861,0.5,0.505,0.276,0
17482,65,0,9,0.76,0.523,0.505,0.0,0.055,-0.007,0
17483,73,1,6,1.025,0.491,0.7,0.5,0.357,0.211,1
17484,35,1,11,1.127,0.608,0.903,0.0,0.319,0.345,0
17485,31,1,12,0.952,0.56,0.825,0.75,0.236,0.269,0
17486,32,0,5,0.595,0.576,0.495,0.0,0.058,-0.106,0
17487,57,0,12,0.851,0.57,1.149,0.0,0.888,0.232,0
17488,56,0,12,1.047,0.651,0.899,1.0,0.518,0.285,1
17489,33,1,11,0.78,0.533,0.729,0.0,0.303,0.081,0
17490,84,1,11,0.936,0.477,0.783,0.0,0.083,0.133,1
17491,74,0,3,0.774,0.457,0.998,0.0,0.361,0.039,1
17492,79,0,10,0.788,0.546,0.637,0.0,0.439,-0.008,0
17493,82,0,12,0.843,0.537,0.766,0.25,0.262,-0.044,0
17494,42,0,11,1.203,0.7,0.868,0.25,0.351,0.502,0
17495,56,0,9,0.885,0.519,0.401,0.0,0.187,0.136,0
17496,33,0,8,0.934,0.447,0.661,0.75,0.201,0.097,0
17497,62,0,12,1.225,0.72,1.063,0.25,0.387,0.581,0
17498,47,0,8,0.701,0.673,0.614,0.25,0.185,0.034,0
17499,55,1,6,0.998,0.529,0.725,0.75,-0.162,0.287,0
17500,41,0,4,0.716,0.526,0.696,0.5,0.406,-0.03,0
17501,83,0,3,0.691,0.7,0.382,0.0,-0.133,0.01,0
17502,74,1,12,1.021,0.475,0.656,0.25,-0.001,0.157,0
17503,43,1,8,0.855,0.651,0.551,0.0,0.222,0.024,0
17504,80,0,12,1.053,0.691,0.871,0.0,0.456,0.368,1
17505,73,1,10,0.684,0.504,0.985,0.5,0.585,-0.156,0
17506,45,1,3,0.818,0.594,0.295,1.0,0.039,-0.019,0
17507,43,0,5,0.8,0.715,0.682,0.0,-0.049,0.191,1
17508,55,0,9,0.746,0.569,0.86,0.0,0.045,-0.123,0
17509,42,1,10,1.006,0.509,0.551,0.0,-0.014,0.282,0
17510,51,0,9,0.985,0.593,0.692,0.75,0.397,0.332,0
17511,77,0,8,0.938,0.644,0.81,0.0,0.33,0.029,0
17512,74,1,3,0.855,0.538,0.359,1.0,-0.05,0.066,0
17513,41,1,10,0.848,0.561,0.735,0.5,0.252,-0.096,1
17514,48,1,10,0.88,0.62,1.018,0.25,0.772,0.18,0
17515,74,1,4,1.018,0.56,0.545,0.5,0.29,0.447,0
17516,65,1,5,0.759,0.67,0.737,0.5,0.177,0.006,0
17517,61,0,6,0.855,0.511,0.612,1.0,0.306,0.212,0
17518,73,0,11,0.995,0.538,0.855,0.5,0.261,0.325,1
17519,50,0,7,0.875,0.708,0.689,0.0,0.135,0.088,0
17520,73,0,5,0.773,0.538,0.68,0.0,0.352,-0.13,0
17521,47,1,10,0.914,0.599,1.042,0.5,0.824,0.351,0
17522,79,1,5,0.781,0.598,0.639,0.5,-0.003,0.023,0
17523,56,1,11,0.999,0.586,0.868,0.0,0.383,0.138,0
17524,58,0,9,0.803,0.629,1.019,1.0,0.611,0.168,0
17525,68,1,6,0.886,0.7,0.769,0.0,0.364,0.078,0
17526,49,0,9,1.003,0.485,0.706,0.0,0.052,0.284,0
17527,70,0,10,0.868,0.44,0.64,0.0,-0.124,0.141,0
17528,62,1,9,1.161,0.619,0.883,0.0,0.434,0.239,1
17529,84,0,6,0.703,0.576,0.415,0.0,-0.097,0.008,0
17530,55,0,9,0.885,0.465,0.9,0.75,0.2,0.096,0
17531,37,1,3,1.025,0.6,0.752,0.0,0.232,0.366,0
17532,49,0,10,0.863,0.485,0.767,0.25,0.439,0.167,0
17533,64,0,3,0.756,0.485,0.915,0.0,0.368,0.05,0
17534,34,1,9,0.943,0.605,1.018,0.0,0.564,0.287,0
17535,37,1,9,0.865,0.662,1.107,0.5,0.84,-0.053,0
17536,50,1,5,0.868,0.65,0.537,0.0,0.071,0.344,0
17537,48,0,6,0.57,0.718,0.762,0.0,0.251,0.151,0
17538,65,0,9,1.034,0.585,0.674,0.0,0.033,0.536,0
17539,64,1,11,1.058,0.57,0.7,0.5,0.243,0.225,0
17540,69,1,8,0.74,0.551,0.54,0.25,0.293,-0.011,0
17541,51,1,6,0.796,0.526,0.515,0.0,-0.041,0.032,0
17542,72,0,3,0.745,0.57,0.766,0.0,0.323,-0.185,0
17543,82,1,5,0.858,0.736,0.36,0.0,0.084,0.241,0
17544,80,1,7,0.776,0.371,0.689,0.75,0.474,-0.03,0
17545,82,0,6,0.701,0.633,0.58,0.5,0.331,0.007,0
17546,77,1,5,0.889,0.587,0.374,0.5,-0.61,0.246,0
17547,39,1,10,1.015,0.503,0.858,0.0,0.338,0.358,0
17548,33,1,10,1.174,0.584,0.683,0.25,0.247,0.257,1
17549,44,1,6,1.014,0.565,0.755,1.0,0.14,0.106,0
17550,37,0,5,0.953,0.499,0.61,0.5,0.08,0.074,0
17551,62,0,11,0.774,0.432,0.851,0.0,0.376,0.004,0
17552,35,0,5,0.97,0.614,0.642,0.0,0.258,0.099,0
17553,39,0,6,0.735,0.61,0.577,0.5,0.07,-0.071,0
17554,41,0,5,0.972,0.7,0.647,0.5,0.183,0.369,0
17555,73,0,3,0.719,0.682,0.625,0.0,0.224,-0.013,0
17556,52,0,9,0.765,0.579,0.65,0.0,0.272,0.207,0
17557,73,1,5,0.946,0.574,0.451,1.0,0.036,0.281,0
17558,48,1,8,0.857,0.636,0.574,0.0,0.149,0.296,0
17559,60,1,7,0.957,0.601,0.613,0.25,0.109,0.061,0
17560,49,1,3,0.927,0.6,0.336,0.0,-0.337,0.295,0
17561,77,1,10,0.852,0.563,0.66,0.0,0.207,0.006,1
17562,77,0,7,0.972,0.689,0.644,0.25,0.372,0.258,0
17563,55,1,5,0.775,0.547,0.413,0.0,-0.031,-0.136,0
17564,39,1,10,1.0,0.53,0.698,0.0,0.644,0.143,0
17565,60,0,3,0.744,0.665,0.236,0.5,-0.38,0.229,0
17566,35,0,6,0.933,0.397,0.7,0.0,-0.032,0.15,0
17567,60,1,6,0.824,0.509,0.402,0.5,-0.089,-0.016,0
17568,46,1,9,0.918,0.45,0.555,0.0,0.08,0.388,0
17569,76,0,8,0.784,0.45,0.651,0.0,0.203,-0.174,1
17570,45,1,9,0.827,0.524,0.983,0.75,0.378,0.161,0
17571,33,0,9,0.921,0.514,1.052,0.0,0.384,0.085,0
17572,47,1,10,0.87,0.498,0.977,0.25,0.278,0.035,0
17573,50,1,10,0.658,0.566,0.805,0.5,0.238,0.039,0
17574,81,0,9,1.176,0.7,0.782,0.0,0.372,0.476,1
17575,79,0,5,0.878,0.545,0.505,0.25,0.341,0.084,0
17576,80,1,9,0.875,0.474,0.748,0.5,0.391,0.042,0
17577,70,1,6,0.712,0.54,0.325,0.0,-0.138,-0.244,0
17578,82,1,9,0.96,0.567,0.757,0.0,0.429,0.052,1
17579,84,1,10,0.804,0.573,0.771,0.0,0.429,0.073,1
17580,40,0,9,0.783,0.505,0.736,0.0,0.242,-0.002,1
17581,83,0,11,0.878,0.55,0.895,0.5,0.371,0.126,1
17582,34,1,12,1.082,0.574,1.314,0.0,0.826,0.339,0
17583,56,1,5,0.649,0.613,0.7,0.0,0.102,-0.126,1
17584,66,1,6,0.996,0.593,0.881,1.0,0.651,0.212,1
17585,63,0,8,0.637,0.684,0.987,0.5,0.712,-0.185,1
17586,58,0,7,0.98,0.618,0.803,0.0,0.235,-0.054,0
17587,40,0,8,0.952,0.612,0.797,1.0,0.073,0.089,0
17588,83,0,7,0.931,0.664,0.649,0.0,0.507,0.178,0
17589,44,1,4,0.684,0.564,0.7,0.0,0.573,-0.075,0
17590,52,0,6,0.7,0.559,1.008,0.25,0.831,0.028,1
17591,64,1,7,0.948,0.513,0.555,0.5,0.502,0.13,0
17592,67,0,10,0.947,0.495,0.944,0.0,0.552,0.275,0
17593,66,1,6,0.987,0.608,0.513,1.0,-0.225,0.21,0
17594,42,0,11,1.13,0.621,0.84,0.0,0.449,0.516,0
17595,38,0,6,0.826,0.718,0.671,0.0,0.314,0.157,0
17596,71,1,9,0.88,0.504,0.445,0.0,-0.185,0.019,0
17597,76,1,12,0.901,0.581,1.096,0.0,0.358,0.177,1
17598,73,0,7,0.949,0.54,0.81,0.0,0.449,0.249,1
17599,66,0,6,0.549,0.58,0.462,0.75,0.1,0.013,0
17600,79,1,4,0.736,0.526,0.412,1.0,-0.34,-0.077,0
17601,64,0,12,0.96,0.413,1.162,0.0,0.661,0.139,0
17602,42,1,7,0.674,0.641,0.925,0.0,0.381,-0.145,1
17603,76,0,12,0.834,0.483,0.7,0.0,0.353,0.064,0
17604,49,1,6,0.688,0.668,1.059,0.25,0.359,0.132,0
17605,45,1,4,0.875,0.658,0.659,0.0,0.334,0.263,1
17606,36,0,11,0.809,0.685,0.914,0.25,0.214,0.023,0
17607,68,0,12,1.108,0.611,0.95,1.0,0.319,0.504,0
17608,83,1,12,0.819,0.562,0.898,0.75,0.393,0.151,0
17609,58,1,4,0.877,0.494,0.588,0.0,0.093,0.052,0
17610,53,1,9,0.974,0.56,0.876,0.5,0.561,0.322,0
17611,82,0,11,1.0,0.51,0.879,0.25,0.623,0.151,0
17612,60,0,11,0.561,0.426,0.878,0.0,0.3,-0.039,1
17613,35,1,12,0.98,0.561,0.583,0.5,0.182,0.161,0
17614,33,1,4,0.94,0.689,0.607,0.25,0.037,0.192,0
17615,82,0,12,0.788,0.465,0.955,0.5,0.67,0.241,0
17616,57,0,5,0.787,0.668,0.645,0.0,-0.073,-0.082,0
17617,73,0,10,0.985,0.608,0.77,0.0,0.076,0.501,0
17618,37,1,9,1.015,0.577,0.412,0.75,-0.033,0.289,0
17619,47,0,10,0.842,0.635,0.774,0.0,0.29,0.117,0
17620,81,0,10,1.231,0.466,0.719,0.0,0.284,0.224,0
17621,64,1,10,1.084,0.541,0.822,0.25,0.58,0.588,0
17622,72,1,11,1.025,0.511,0.816,0.0,0.123,0.268,0
17623,48,0,11,0.821,0.476,1.16,0.0,0.57,0.049,1
17624,50,1,8,0.882,0.516,0.988,0.0,0.565,0.2,0
17625,58,1,5,1.02,0.563,0.936,0.0,0.267,0.159,0
17626,65,0,7,0.7,0.607,0.676,0.0,0.09,0.082,0
17627,57,0,11,0.97,0.428,0.972,0.75,0.004,0.136,0
17628,59,0,7,1.0,0.535,0.43,0.25,-0.113,0.098,0
17629,46,0,12,0.757,0.414,0.776,0.5,0.326,0.003,0
17630,70,1,8,0.912,0.62,0.58,0.0,0.073,0.148,1
17631,59,1,12,1.164,0.572,0.787,0.25,0.169,0.446,0
17632,45,1,9,0.863,0.499,0.752,0.5,0.415,0.176,0
17633,84,1,8,0.686,0.598,0.829,0.0,0.106,-0.001,0
17634,41,1,5,0.848,0.671,0.484,1.0,0.335,0.201,0
17635,61,0,7,0.86,0.674,0.834,0.25,0.256,0.142,0
17636,38,0,9,0.896,0.79,0.793,0.75,0.395,0.134,0
17637,31,1,12,1.028,0.526,0.946,0.0,0.337,0.307,0
17638,40,0,6,0.707,0.553,1.0,0.0,0.463,-0.187,0
17639,30,1,3,0.802,0.675,0.43,0.0,0.117,0.121,0
17640,50,1,9,0.7,0.645,0.604,0.0,0.269,0.01,0
17641,35,0,11,0.796,0.527,0.839,0.0,0.401,0.085,0
17642,61,1,10,1.032,0.578,0.567,1.0,0.202,0.269,0
17643,47,0,10,0.627,0.608,0.858,0.25,0.226,-0.046,1
17644,74,0,12,0.972,0.568,0.801,0.0,0.392,0.099,0
17645,46,0,9,0.927,0.593,0.867,0.0,0.299,0.28,0
17646,55,1,6,0.645,0.613,0.535,0.25,0.258,-0.124,0
17647,83,0,10,1.063,0.494,0.799,0.25,0.32,0.559,1
17648,51,1,5,0.783,0.612,0.558,0.25,-0.004,0.016,0
17649,49,0,3,0.729,0.683,0.322,0.0,-0.239,-0.114,0
17650,67,0,3,0.846,0.722,0.786,0.0,0.19,-0.051,0
17651,75,0,8,0.78,0.705,0.832,0.0,0.375,0.038,1
17652,84,1,9,1.099,0.528,0.866,0.0,0.721,0.065,0
17653,71,1,9,0.814,0.418,0.855,0.5,0.196,0.07,0
17654,32,1,7,1.062,0.503,0.828,0.25,0.379,0.22,0
17655,35,1,10,0.858,0.538,0.8,0.0,-0.106,0.156,0
17656,67,0,9,0.73,0.507,0.839,1.0,0.342,-0.105,1
17657,57,1,10,0.897,0.341,0.796,0.0,0.093,0.064,1
17658,62,0,5,0.658,0.641,0.569,1.0,-0.14,-0.244,0
17659,41,1,11,1.116,0.584,0.621,0.25,0.288,0.254,0
17660,45,1,4,0.841,0.53,0.456,0.25,-0.117,-0.088,0
17661,66,1,12,0.943,0.394,0.966,0.0,0.458,0.261,1
17662,39,1,4,0.715,0.59,0.768,0.0,0.185,-0.047,0
17663,38,0,11,0.7,0.424,1.254,0.5,0.703,-0.119,0
17664,41,1,11,0.82,0.553,0.7,0.0,0.337,0.154,0
17665,61,0,9,0.805,0.515,0.98,0.75,0.531,-0.157,0
17666,48,1,12,0.982,0.517,0.794,0.75,0.185,0.422,0
17667,41,1,8,0.992,0.7,0.719,1.0,0.214,0.409,0
17668,80,1,9,0.748,0.591,0.761,0.5,0.089,0.048,0
17669,53,1,3,0.776,0.553,0.488,0.0,0.093,-0.056,0
17670,32,0,11,0.913,0.542,0.853,0.0,0.338,0.069,0
17671,37,1,4,0.878,0.7,0.629,0.0,0.047,0.093,0
17672,39,1,10,1.04,0.571,0.911,0.0,0.386,0.268,0
17673,72,0,7,0.906,0.591,1.074,0.0,0.515,0.375,1
17674,30,0,3,0.936,0.559,0.631,0.0,0.26,0.165,0
17675,42,0,4,0.779,0.674,0.479,0.25,-0.206,0.133,0
17676,46,0,9,1.077,0.541,0.965,0.25,0.507,0.404,0
17677,66,0,3,0.806,0.579,0.475,0.0,-0.143,0.106,0
17678,34,0,11,0.7,0.456,0.775,0.5,0.173,-0.046,0
17679,77,0,10,0.856,0.434,1.049,0.25,0.423,0.067,1
17680,73,0,3,0.682,0.544,0.649,0.5,0.288,-0.045,0
17681,47,0,8,0.804,0.512,0.726,0.0,0.08,-0.097,0
17682,80,1,6,1.081,0.564,0.662,0.25,0.438,0.275,1
17683,73,1,5,0.906,0.43,0.67,0.0,0.253,0.08,0
17684,39,0,11,1.033,0.618,0.488,0.0,0.37,0.446,0
17685,81,1,11,0.675,0.589,0.56,0.0,0.002,-0.111,1
17686,52,1,10,0.863,0.465,1.064,0.5,0.335,0.251,1
17687,53,1,12,1.04,0.506,1.04,0.25,0.499,0.11,0
17688,54,0,4,0.957,0.548,0.739,0.0,0.12,0.113,0
17689,54,1,6,0.813,0.485,0.659,0.25,0.273,-0.014,1
17690,82,1,7,0.83,0.593,0.746,0.0,0.56,0.142,0
17691,61,1,3,0.644,0.566,0.562,0.0,0.223,-0.004,0
17692,78,1,7,1.089,0.581,0.595,0.75,0.45,0.336,0
17693,82,0,7,0.873,0.515,0.76,0.0,0.394,0.214,0
17694,77,1,12,1.104,0.471,0.93,0.75,0.548,0.434,1
17695,65,1,3,1.117,0.63,0.474,0.5,0.192,0.514,0
17696,71,0,8,0.993,0.6,0.711,0.0,0.31,0.298,0
17697,68,1,4,0.732,0.488,0.475,0.5,-0.071,-0.023,0
17698,35,0,3,0.707,0.631,0.723,0.75,0.414,-0.077,1
17699,36,1,8,0.836,0.556,0.638,0.75,0.23,0.162,0
17700,42,0,10,0.896,0.645,0.799,0.0,0.174,0.19,0
17701,54,0,7,0.84,0.612,0.415,0.75,-0.085,0.144,0
17702,81,0,5,0.663,0.495,0.662,0.5,-0.038,0.003,1
17703,51,0,6,0.908,0.597,0.7,0.0,0.192,0.379,0
17704,76,1,8,0.841,0.592,0.693,0.0,-0.12,0.016,0
17705,76,1,3,0.845,0.602,0.441,1.0,0.104,0.013,0
17706,46,1,10,0.929,0.517,0.7,0.0,0.322,0.013,0
17707,75,0,9,0.882,0.552,0.84,0.25,0.441,0.33,1
17708,52,0,12,0.932,0.432,0.884,0.0,0.385,0.11,0
17709,50,1,4,0.76,0.621,0.916,0.5,0.528,0.009,1
17710,67,1,10,0.968,0.64,0.989,0.0,0.536,0.096,0
17711,70,0,10,1.024,0.651,0.762,0.5,0.32,0.286,0
17712,65,1,8,0.703,0.693,0.724,0.75,0.146,0.119,0
17713,79,0,7,0.942,0.738,0.802,0.0,0.486,0.296,1
17714,74,0,3,0.737,0.646,0.7,0.5,0.142,0.098,0
17715,64,1,10,0.87,0.7,0.859,0.75,0.542,-0.032,0
17716,79,1,9,0.679,0.403,0.659,0.0,0.368,-0.111,0
17717,38,1,6,0.864,0.574,0.809,1.0,0.267,0.306,0
17718,44,1,6,0.985,0.434,0.79,0.0,0.475,-0.018,1
17719,41,0,6,1.023,0.557,0.504,1.0,0.06,-0.037,0
17720,38,1,9,1.107,0.7,1.122,0.0,0.927,0.381,0
17721,53,0,9,0.926,0.345,0.577,0.5,-0.093,-0.006,0
17722,72,0,3,0.746,0.745,0.283,0.0,-0.443,-0.094,0
17723,45,0,4,0.78,0.666,0.421,0.25,0.117,0.118,0
17724,59,1,11,0.806,0.46,0.978,0.0,0.719,0.228,0
17725,47,0,10,0.72,0.503,1.003,0.0,0.648,-0.092,1
17726,75,0,12,0.879,0.62,0.975,0.0,0.358,0.121,0
17727,59,1,12,1.044,0.66,1.115,0.0,0.363,0.4,0
17728,31,0,4,0.662,0.7,0.612,0.0,0.303,-0.095,0
17729,80,0,12,0.976,0.7,0.802,0.0,0.492,-0.129,0
17730,67,1,3,0.891,0.592,0.384,0.0,-0.135,0.103,0
17731,42,0,4,0.993,0.575,0.489,0.0,0.123,0.193,0
17732,48,1,9,0.961,0.638,0.785,0.0,0.126,0.284,0
17733,34,0,11,1.081,0.458,0.689,0.0,0.039,0.36,0
17734,37,1,11,0.921,0.694,0.988,0.0,0.714,0.353,0
17735,57,0,10,0.971,0.61,0.972,0.25,0.248,0.326,0
17736,67,0,4,0.8,0.686,0.351,0.5,-0.11,0.396,0
17737,70,1,4,0.801,0.446,0.578,0.75,0.247,0.02,0
17738,82,1,10,0.692,0.7,0.863,1.0,0.155,-0.162,1
17739,54,1,3,0.768,0.707,0.381,0.25,0.207,-0.074,0
17740,65,0,12,0.94,0.506,0.969,0.0,0.471,0.354,1
17741,44,1,11,1.042,0.558,0.824,0.5,0.378,0.277,0
17742,53,0,3,0.762,0.503,0.341,0.5,0.158,0.055,0
17743,54,0,8,0.732,0.41,0.843,0.25,0.143,-0.061,0
17744,35,1,10,0.66,0.615,0.784,0.25,0.176,0.021,1
17745,79,1,11,1.12,0.585,0.812,0.0,0.35,0.227,0
17746,62,1,9,0.911,0.47,0.575,0.5,0.182,-0.076,0
17747,41,1,12,1.032,0.68,1.14,0.0,0.519,0.29,0
17748,53,0,3,0.997,0.732,0.5,0.0,-0.003,0.149,0
17749,70,1,12,0.854,0.556,1.033,0.0,0.504,0.17,1
17750,51,0,10,0.919,0.672,0.95,0.0,0.514,0.079,0
17751,77,1,3,0.781,0.516,0.678,0.0,0.32,-0.037,1
17752,40,1,3,0.88,0.496,0.829,0.0,0.129,0.339,0
17753,33,0,12,0.961,0.558,0.903,0.0,0.242,0.261,0
17754,35,1,8,0.766,0.698,0.764,0.5,0.326,-0.031,1
17755,53,0,10,0.859,0.471,0.977,0.25,0.277,-0.057,0
17756,68,0,7,0.959,0.658,0.607,0.25,0.013,0.261,0
17757,37,1,9,0.92,0.559,1.057,0.5,0.671,0.139,1
17758,70,1,5,0.593,0.538,0.666,0.0,0.019,-0.224,0
17759,82,1,10,0.935,0.594,1.015,0.25,0.919,0.212,1
17760,31,1,7,0.921,0.706,0.853,0.0,0.601,0.167,0
17761,34,1,4,0.851,0.471,0.817,0.25,-0.035,0.157,0
17762,68,1,3,0.883,0.557,0.629,0.25,0.358,-0.02,0
17763,35,1,4,0.753,0.562,0.7,0.0,-0.054,0.2,0
17764,66,1,7,1.106,0.511,0.685,0.0,0.059,0.253,0
17765,77,1,7,0.877,0.508,0.601,0.5,0.183,-0.096,0
17766,66,1,9,0.817,0.53,0.888,0.25,0.212,0.225,0
17767,82,0,3,0.763,0.675,0.68,0.5,0.271,0.016,0
17768,48,0,7,0.838,0.598,0.529,0.25,0.097,0.003,0
17769,73,1,4,1.03,0.684,0.482,0.0,-0.167,0.284,0
17770,35,1,12,0.852,0.451,1.016,0.0,0.648,0.04,0
17771,43,0,6,0.673,0.582,0.387,0.75,0.262,-0.033,0
17772,54,0,5,0.938,0.549,0.42,0.5,0.107,-0.005,0
17773,65,1,10,1.07,0.499,0.808,0.0,0.761,0.342,0
17774,54,1,12,0.955,0.456,0.757,0.75,0.148,0.065,0
17775,83,0,11,0.943,0.553,0.811,0.0,0.333,0.045,1
17776,82,0,11,1.066,0.532,1.119,0.0,0.728,0.223,1
17777,66,1,10,0.943,0.563,0.487,0.5,0.016,0.033,0
17778,34,1,7,0.721,0.64,0.633,0.0,0.016,-0.201,0
17779,41,0,7,0.938,0.514,0.661,0.0,-0.046,0.178,0
17780,33,0,8,0.82,0.596,0.926,0.75,0.571,0.12,0
17781,74,0,9,1.067,0.678,0.909,0.5,0.47,0.189,0
17782,59,0,5,1.058,0.565,0.673,0.5,-0.083,0.246,1
17783,59,0,7,0.874,0.578,0.604,0.75,0.182,0.139,0
17784,77,1,5,0.895,0.56,0.728,0.0,0.212,0.199,0
17785,51,0,4,0.7,0.526,0.324,0.0,0.162,0.036,0
17786,58,1,5,0.628,0.445,0.423,1.0,-0.099,-0.108,0
17787,59,1,9,0.814,0.557,0.764,0.0,0.442,-0.216,0
17788,45,0,9,0.676,0.507,0.988,0.0,0.689,-0.039,0
17789,77,1,8,0.838,0.442,0.844,0.25,0.485,0.138,0
17790,46,1,7,0.96,0.579,0.482,0.75,-0.094,0.232,0
17791,64,0,9,0.931,0.586,0.676,0.0,0.219,0.131,0
17792,45,0,6,0.891,0.579,0.716,0.0,0.515,0.315,0
17793,75,1,3,0.705,0.649,0.549,0.25,0.091,-0.036,1
17794,66,0,10,0.731,0.584,0.656,1.0,0.161,-0.21,0
17795,32,0,6,0.792,0.536,0.488,0.25,-0.178,0.035,0
17796,54,0,9,0.824,0.64,0.798,0.5,0.333,0.124,0
17797,40,0,5,1.093,0.684,0.589,0.25,0.12,0.463,0
17798,54,1,9,0.832,0.557,0.872,0.0,0.473,-0.035,0
17799,34,0,8,1.061,0.589,0.564,0.0,0.108,0.273,0
17800,68,1,3,0.942,0.667,0.284,0.0,-0.068,0.23,0
17801,70,1,10,1.081,0.604,0.744,0.75,0.123,0.143,1
17802,43,1,6,0.946,0.575,0.635,0.0,0.045,0.027,0
17803,75,0,7,0.911,0.562,0.67,0.5,0.259,-0.013,1
17804,40,0,12,0.856,0.463,0.823,0.75,0.264,0.141,0
17805,71,0,11,0.953,0.559,0.683,0.0,0.5,0.357,0
17806,51,0,9,0.751,0.444,0.462,0.25,0.013,-0.107,0
17807,31,0,8,0.791,0.603,0.737,0.75,0.173,0.276,0
17808,71,1,10,1.106,0.565,0.779,0.5,0.161,0.206,0
17809,52,0,6,0.878,0.659,0.597,0.75,0.315,0.142,0
17810,34,0,10,1.061,0.501,0.917,0.25,0.358,0.264,0
17811,65,1,10,0.914,0.51,0.845,0.5,0.141,0.262,0
17812,71,1,6,1.08,0.604,0.715,0.5,0.304,0.19,0
17813,36,0,11,0.898,0.446,1.059,0.25,0.787,0.155,0
17814,36,0,9,0.741,0.675,0.879,0.0,0.286,-0.109,0
17815,81,0,9,1.019,0.504,0.673,0.0,0.229,0.336,1
17816,64,1,10,0.946,0.49,0.499,0.0,-0.114,0.11,0
17817,53,0,11,0.916,0.523,0.571,0.25,-0.309,0.23,0
17818,50,1,9,0.982,0.48,0.822,0.5,0.448,0.158,0
17819,75,1,4,0.833,0.608,0.97,0.0,0.388,0.211,0
17820,59,0,9,0.93,0.563,0.64,0.5,-0.136,0.226,0
17821,60,0,4,0.904,0.689,0.465,0.0,-0.2,0.164,0
17822,55,0,11,0.999,0.551,0.7,0.0,0.429,0.3,0
17823,68,1,8,0.847,0.594,0.798,0.0,0.101,-0.112,0
17824,37,0,10,0.902,0.539,0.71,0.25,0.361,0.168,0
17825,82,0,9,0.827,0.562,0.707,1.0,0.315,-0.114,0
17826,38,1,11,1.061,0.514,0.88,1.0,0.353,0.218,1
17827,43,1,11,0.857,0.521,0.854,0.25,0.265,0.194,0
17828,56,0,10,0.902,0.616,0.881,0.5,0.503,0.091,0
17829,48,0,7,0.939,0.449,0.547,0.0,0.275,0.224,0
17830,79,0,8,1.023,0.597,0.521,0.0,-0.141,0.448,0
17831,77,1,12,1.093,0.625,0.972,0.0,0.446,0.285,1
17832,83,1,7,0.838,0.773,0.782,0.25,0.095,-0.038,0
17833,48,1,6,0.913,0.603,0.658,0.0,0.106,-0.001,0
17834,54,1,12,1.06,0.508,0.905,0.5,0.324,0.18,0
17835,53,0,6,1.022,0.7,0.923,0.75,0.415,0.372,0
17836,74,0,4,0.758,0.708,0.691,0.0,0.321,0.112,1
17837,44,1,8,1.171,0.643,0.571,0.0,-0.07,0.505,0
17838,42,0,8,0.865,0.66,0.954,0.25,0.511,0.157,0
17839,82,0,11,0.999,0.7,1.0,0.5,0.523,0.175,0
17840,37,1,11,1.185,0.694,0.549,0.0,0.116,0.528,0
17841,40,0,6,0.973,0.692,0.636,0.75,0.001,0.084,0
17842,45,1,9,0.7,0.656,0.918,0.0,0.468,-0.022,1
17843,30,0,6,0.965,0.607,0.7,0.5,0.103,0.138,0
17844,40,0,4,0.77,0.606,0.572,0.5,0.145,-0.101,0
17845,66,1,10,0.923,0.697,0.803,0.25,0.568,0.213,0
17846,44,1,7,1.031,0.698,0.692,0.0,0.274,0.161,0
17847,46,0,9,0.854,0.618,0.833,0.5,0.485,0.164,1
17848,77,1,8,0.816,0.456,0.58,0.5,-0.003,0.147,0
17849,49,1,8,1.309,0.671,0.621,0.25,-0.079,0.603,0
17850,45,1,9,0.9,0.583,0.648,0.5,0.237,0.158,0
17851,39,1,8,0.842,0.487,0.521,0.5,0.381,-0.089,0
17852,79,1,3,0.741,0.652,0.506,0.0,-0.114,0.105,0
17853,42,1,10,0.835,0.482,0.722,0.5,0.054,0.183,0
17854,44,1,11,0.966,0.475,0.866,0.0,0.5,0.363,0
17855,39,0,11,0.876,0.51,0.84,0.5,0.413,-0.015,1
17856,38,1,11,0.993,0.494,0.7,0.0,0.112,0.228,0
17857,78,1,9,0.951,0.523,0.971,1.0,0.599,0.285,0
17858,70,1,9,1.035,0.539,1.018,0.0,0.431,0.19,0
17859,48,0,5,0.951,0.583,0.771,0.75,0.716,0.095,0
17860,51,0,11,1.097,0.538,0.995,0.0,0.541,0.389,0
17861,53,0,12,0.871,0.598,1.077,0.0,0.57,0.123,0
17862,64,0,8,0.951,0.521,0.524,0.25,0.192,0.122,0
17863,57,1,12,1.118,0.527,0.765,0.0,0.278,0.283,0
17864,63,1,10,0.939,0.537,0.7,0.75,0.37,0.324,0
17865,71,0,3,0.661,0.59,0.7,0.0,0.269,-0.052,0
17866,41,0,6,0.786,0.564,0.688,0.5,0.307,0.03,1
17867,36,1,4,0.769,0.686,0.687,0.25,-0.012,-0.066,0
17868,84,0,7,1.049,0.531,0.775,0.25,0.37,0.33,0
17869,69,1,10,0.864,0.712,1.317,0.0,0.98,-0.0,1
17870,37,1,4,0.724,0.504,0.478,0.0,0.002,0.016,0
17871,63,1,10,0.821,0.509,0.847,0.0,0.45,0.039,1
17872,81,1,5,0.904,0.628,0.571,0.0,0.008,0.186,0
17873,79,0,9,0.916,0.702,0.632,0.25,-0.068,-0.002,0
17874,61,1,7,0.884,0.54,0.854,0.25,0.149,0.137,0
17875,59,0,10,0.787,0.534,0.632,0.0,0.29,0.087,0
17876,57,0,10,0.956,0.491,0.989,1.0,0.525,0.165,0
17877,35,0,10,0.825,0.583,0.716,0.25,0.34,0.103,0
17878,33,1,4,0.504,0.713,0.605,0.0,0.086,-0.245,0
17879,62,1,9,1.02,0.581,0.417,0.25,0.029,0.218,0
17880,36,1,4,0.613,0.569,0.685,0.25,0.269,-0.037,0
17881,67,1,5,0.964,0.588,0.607,0.5,0.014,0.11,0
17882,68,1,11,0.947,0.432,0.977,0.0,0.643,0.209,0
17883,53,1,8,0.797,0.613,0.813,0.0,0.143,0.171,0
17884,31,0,4,0.854,0.665,0.658,0.0,0.047,0.198,0
17885,81,1,5,0.773,0.635,0.464,0.5,-0.235,-0.178,1
17886,38,0,3,0.766,0.608,0.567,0.25,0.231,-0.033,0
17887,46,0,8,0.862,0.707,1.015,0.25,0.417,0.079,0
17888,55,1,10,0.932,0.583,1.037,0.5,0.743,0.36,0
17889,53,1,11,0.881,0.488,0.89,0.25,0.36,0.106,1
17890,39,0,10,0.865,0.546,0.779,0.5,0.37,0.197,0
17891,79,0,9,0.974,0.613,0.534,0.5,-0.174,0.297,1
17892,35,1,5,0.725,0.595,0.647,0.0,0.294,0.07,0
17893,78,0,5,0.998,0.5,0.65,0.0,0.096,0.105,0
17894,81,1,9,1.154,0.603,0.931,0.0,0.313,0.446,0
17895,47,0,6,1.006,0.464,0.465,0.0,-0.147,0.329,0
17896,64,0,12,0.796,0.63,0.961,0.0,0.706,-0.093,0
17897,73,1,9,0.862,0.59,0.702,0.0,0.002,0.047,1
17898,33,0,11,1.069,0.409,0.814,0.0,0.474,0.369,0
17899,59,0,10,1.096,0.605,1.061,0.0,0.498,0.13,0
17900,46,1,10,1.059,0.527,1.122,0.5,0.812,0.359,0
17901,61,0,7,1.028,0.524,0.741,0.0,0.076,0.384,0
17902,70,0,7,0.992,0.677,0.936,0.0,0.452,0.256,0
17903,58,0,12,1.028,0.674,1.023,0.75,0.56,0.283,0
17904,51,1,6,0.96,0.569,0.495,1.0,-0.103,0.465,0
17905,32,1,11,0.939,0.517,0.801,0.0,0.572,0.302,0
17906,59,0,9,0.741,0.638,0.615,0.0,0.183,0.117,0
17907,52,0,11,0.887,0.548,0.85,0.0,0.637,0.224,0
17908,62,0,7,0.973,0.463,0.364,1.0,0.106,0.037,0
17909,47,1,3,0.786,0.652,0.228,0.0,-0.43,0.017,0
17910,79,0,4,0.798,0.576,0.515,0.0,-0.045,0.179,0
17911,73,1,4,0.543,0.7,0.598,0.0,0.115,-0.237,0
17912,42,0,8,0.797,0.662,0.793,0.0,0.44,-0.16,0
17913,38,1,3,0.812,0.62,0.317,0.75,-0.186,0.059,0
17914,35,0,11,0.971,0.558,0.7,0.5,0.0,0.09,0
17915,40,0,4,0.878,0.613,0.359,0.0,-0.204,0.491,0
17916,62,1,5,0.836,0.507,0.799,0.0,0.137,0.075,1
17917,47,1,3,0.722,0.593,0.599,0.5,0.062,-0.082,0
17918,59,0,12,0.901,0.586,0.766,0.0,0.452,0.044,0
17919,63,1,11,1.103,0.469,0.87,1.0,0.308,0.096,0
17920,45,0,8,0.673,0.706,0.669,0.25,0.471,-0.149,0
17921,55,1,4,0.985,0.579,0.365,0.5,-0.138,0.472,0
17922,47,0,11,0.964,0.494,1.079,0.5,0.518,0.04,1
17923,57,1,10,0.805,0.363,0.908,0.0,0.28,-0.101,1
17924,45,1,5,0.881,0.501,0.966,0.75,0.316,0.048,0
17925,59,1,7,0.847,0.63,0.641,0.75,0.366,0.075,0
17926,47,1,9,0.779,0.7,0.675,1.0,0.18,-0.063,0
17927,79,0,3,1.016,0.613,1.063,0.75,1.04,0.294,0
17928,40,1,9,0.913,0.614,0.399,0.25,-0.391,0.157,0
17929,61,0,10,0.89,0.703,0.915,0.5,0.467,0.332,0
17930,35,0,11,1.157,0.618,1.091,0.25,0.871,0.615,1
17931,48,1,12,0.894,0.537,0.644,0.5,0.46,0.2,0
17932,45,1,11,1.188,0.433,1.103,0.0,0.55,0.377,0
17933,70,0,6,0.847,0.591,0.895,0.0,0.734,-0.042,0
17934,49,1,9,0.678,0.438,0.753,1.0,0.305,-0.004,1
17935,81,1,10,0.916,0.73,0.57,1.0,-0.086,0.112,0
17936,50,0,10,0.948,0.509,0.918,0.0,0.189,0.215,0
17937,57,0,10,0.774,0.548,0.93,0.0,0.281,0.061,0
17938,81,0,12,1.112,0.569,1.004,1.0,0.631,0.281,0
17939,53,0,8,1.053,0.464,0.408,0.75,-0.012,0.333,0
17940,40,1,8,0.688,0.474,0.602,0.0,0.03,-0.099,0
17941,38,0,9,0.988,0.503,0.775,0.25,0.533,0.23,0
17942,69,0,3,0.972,0.627,0.111,0.25,-0.401,0.311,0
17943,73,0,7,0.881,0.7,0.827,0.0,0.309,0.109,0
17944,49,0,3,0.762,0.673,0.594,0.0,0.342,-0.035,0
17945,75,1,7,0.73,0.621,0.632,1.0,0.107,0.31,0
17946,36,1,7,0.852,0.695,0.808,0.0,0.077,0.146,0
17947,58,0,10,0.821,0.58,0.935,0.0,0.64,0.131,0
17948,66,1,8,0.939,0.572,0.7,0.25,0.023,0.059,0
17949,64,0,10,0.901,0.413,0.686,0.75,0.211,0.366,1
17950,70,1,9,1.039,0.457,0.982,0.5,0.709,0.273,0
17951,32,0,7,0.963,0.644,0.73,0.75,0.242,0.273,0
17952,69,1,5,0.82,0.673,0.484,0.0,-0.065,-0.006,0
17953,41,0,3,0.628,0.651,0.331,0.5,-0.254,-0.078,0
17954,37,1,12,0.82,0.319,1.132,0.5,0.647,0.164,0
17955,41,1,8,0.941,0.547,0.798,0.25,0.402,0.196,0
17956,32,1,11,1.129,0.569,0.787,0.0,0.389,0.481,0
17957,37,0,11,1.117,0.613,0.828,0.0,0.411,0.388,0
17958,83,0,11,0.936,0.586,0.703,0.5,0.37,0.204,0
17959,68,0,10,0.968,0.531,0.667,0.0,0.164,0.299,1
17960,32,1,5,0.926,0.551,0.716,0.0,0.375,0.204,1
17961,47,0,7,0.898,0.729,0.727,0.5,0.372,0.293,0
17962,45,1,7,1.081,0.528,0.734,1.0,0.254,0.489,0
17963,41,1,8,0.669,0.624,0.92,0.0,0.68,-0.064,0
17964,62,1,5,0.964,0.464,0.67,0.0,-0.0,0.22,0
17965,49,0,8,0.987,0.667,0.865,0.25,0.165,0.338,0
17966,69,0,6,0.978,0.575,0.775,0.0,0.173,0.309,1
17967,60,0,10,0.973,0.568,0.907,0.0,0.411,-0.046,0
17968,74,1,10,1.015,0.617,0.698,0.0,0.201,0.213,0
17969,51,1,12,0.922,0.6,1.187,0.25,0.924,0.222,0
17970,38,0,9,0.931,0.558,0.56,0.0,-0.113,0.333,0
17971,53,0,6,0.776,0.541,0.658,0.0,0.421,-0.028,0
17972,55,0,8,0.764,0.49,0.722,1.0,0.251,0.016,0
17973,62,0,10,0.7,0.572,0.934,1.0,0.854,-0.071,1
17974,34,0,5,0.82,0.614,0.454,1.0,-0.19,0.243,0
17975,30,1,6,0.986,0.606,0.788,0.0,0.222,0.323,0
17976,81,1,8,0.674,0.488,0.595,0.0,0.262,-0.058,0
17977,49,0,8,0.747,0.533,0.895,0.5,0.578,-0.109,0
17978,39,1,3,0.733,0.513,0.731,0.5,0.249,-0.036,0
17979,76,0,3,0.604,0.555,0.532,0.0,0.315,-0.175,0
17980,58,0,9,1.022,0.561,0.822,0.0,0.221,0.216,0
17981,51,0,10,0.884,0.698,0.961,0.25,0.656,0.184,0
17982,74,0,6,0.86,0.451,0.782,0.25,0.451,0.137,0
17983,80,1,3,0.905,0.552,0.635,0.5,0.121,0.267,0
17984,43,1,10,0.795,0.632,1.071,0.0,0.362,-0.114,1
17985,62,1,10,0.959,0.454,0.789,0.0,0.179,0.27,0
17986,51,0,12,1.031,0.488,0.685,0.5,0.479,0.37,1
17987,57,1,3,0.698,0.618,0.478,0.0,0.029,-0.092,0
17988,60,0,8,0.898,0.54,0.702,0.25,-0.074,0.109,0
17989,47,1,5,0.727,0.545,0.741,0.0,0.299,0.089,0
17990,57,1,10,1.015,0.494,0.912,0.0,0.692,0.104,0
17991,79,1,6,1.001,0.627,0.782,0.75,0.316,0.25,0
17992,73,1,3,0.991,0.634,0.573,1.0,-0.063,0.56,1
17993,61,0,3,0.652,0.638,0.483,0.25,0.275,-0.124,0
17994,42,0,5,0.834,0.623,0.635,0.0,0.332,-0.056,0
17995,57,1,6,1.06,0.469,0.935,1.0,0.282,0.037,0
17996,78,0,12,0.871,0.452,0.7,0.0,0.288,-0.018,0
17997,51,0,6,0.778,0.585,0.507,0.5,-0.04,-0.022,0
17998,71,0,4,0.7,0.628,0.643,0.0,0.761,-0.076,0
17999,34,1,3,0.797,0.607,0.312,0.25,0.137,0.184,0
18000,34,1,7,0.848,0.597,0.757,0.0,0.735,0.058,0
18001,80,0,12,0.893,0.466,0.882,0.0,0.381,0.403,0
18002,68,1,9,1.044,0.663,0.537,0.0,0.135,0.042,0
18003,83,0,7,0.948,0.733,0.527,0.75,0.349,0.362,0
18004,51,0,6,0.7,0.518,0.754,0.5,0.445,-0.1,0
18005,66,0,9,0.802,0.631,0.972,0.0,0.556,-0.036,0
18006,55,0,10,0.941,0.762,0.743,0.0,0.316,0.256,0
18007,59,0,11,0.982,0.533,0.765,0.5,0.52,0.161,0
18008,71,1,3,0.611,0.705,0.266,0.0,-0.2,-0.151,0
18009,40,0,12,1.073,0.691,1.059,0.0,0.676,0.292,0
18010,75,1,8,0.936,0.511,0.905,0.25,0.452,0.283,0
18011,44,0,12,1.046,0.646,0.988,1.0,0.305,0.29,0
18012,82,1,3,0.824,0.7,0.503,0.0,-0.201,0.056,0
18013,70,0,9,0.996,0.581,0.93,0.0,0.463,0.35,0
18014,30,1,6,0.952,0.538,0.694,0.75,0.254,0.245,0
18015,56,0,10,1.132,0.568,0.782,1.0,0.418,0.293,0
18016,39,0,12,0.926,0.607,0.767,1.0,0.363,0.062,1
18017,50,0,11,0.967,0.643,1.06,0.0,0.545,0.252,0
18018,36,0,9,0.858,0.659,0.548,0.25,-0.089,-0.039,0
18019,31,0,9,0.983,0.581,0.817,0.0,0.569,0.109,0
18020,38,1,11,0.975,0.492,0.783,0.0,0.265,0.189,0
18021,52,0,7,0.834,0.597,0.706,0.75,0.204,0.334,0
18022,36,0,5,0.643,0.699,0.572,0.0,0.035,-0.244,0
18023,84,1,3,0.948,0.628,0.512,0.0,0.155,0.294,0
18024,54,0,5,0.712,0.548,0.518,0.5,0.101,-0.072,0
18025,80,1,4,0.988,0.531,0.7,0.75,0.346,0.051,0
18026,82,0,7,0.871,0.548,0.871,0.0,0.648,-0.005,0
18027,42,0,8,0.994,0.682,0.551,0.75,0.053,0.086,0
18028,58,0,4,0.893,0.567,0.477,0.0,0.08,0.152,0
18029,58,1,8,0.836,0.504,0.669,0.0,-0.038,0.081,0
18030,51,0,3,0.79,0.606,0.393,0.5,-0.168,0.253,0
18031,71,1,11,1.05,0.446,0.858,0.5,0.527,0.181,0
18032,62,0,8,0.783,0.638,1.227,0.75,0.708,-0.002,0
18033,49,0,4,0.667,0.7,0.741,0.0,0.065,-0.003,0
18034,61,0,10,0.711,0.481,0.65,0.75,-0.05,-0.16,0
18035,70,1,9,1.028,0.552,0.557,0.0,-0.143,0.29,0
18036,55,1,11,1.129,0.656,0.833,0.0,0.286,0.498,0
18037,73,0,8,1.043,0.579,0.383,0.0,-0.172,0.142,0
18038,50,1,8,0.79,0.523,0.71,0.25,-0.052,-0.131,0
18039,71,0,7,0.924,0.559,0.735,0.0,0.266,0.063,0
18040,40,1,9,0.974,0.601,0.628,0.25,0.554,0.274,0
18041,54,1,4,0.86,0.509,0.712,0.0,0.104,0.005,0
18042,34,1,9,1.115,0.608,0.517,1.0,-0.324,0.47,0
18043,54,0,5,0.876,0.644,0.461,0.0,-0.126,0.182,0
18044,41,1,9,0.812,0.593,0.873,0.0,0.289,0.226,0
18045,76,0,4,0.861,0.702,0.784,0.75,0.793,-0.0,1
18046,48,1,3,0.764,0.597,0.301,0.5,-0.066,0.091,0
18047,48,1,9,0.916,0.643,0.709,0.5,0.038,0.193,0
18048,82,0,4,0.739,0.7,0.298,0.0,-0.645,0.077,0
18049,53,1,6,0.811,0.618,0.838,0.5,0.318,0.18,0
18050,83,1,11,0.935,0.504,0.855,0.25,0.445,0.002,1
18051,42,0,6,0.731,0.475,0.77,0.25,0.185,0.058,1
18052,32,1,8,0.767,0.621,0.862,0.5,0.405,0.114,0
18053,80,0,4,0.872,0.565,0.682,1.0,0.247,0.24,0
18054,72,0,10,1.15,0.635,0.803,0.25,0.187,0.589,1
18055,31,1,7,0.669,0.557,0.7,0.0,0.36,-0.161,0
18056,81,0,10,0.808,0.597,0.971,0.75,0.423,0.167,0
18057,75,0,3,0.703,0.758,0.254,0.5,-0.097,-0.005,0
18058,35,0,7,0.803,0.524,0.444,1.0,-0.017,-0.09,0
18059,63,1,7,0.982,0.473,0.576,0.0,-0.215,0.11,0
18060,54,1,10,0.833,0.504,0.897,0.0,0.602,0.418,0
18061,62,0,3,0.66,0.625,0.909,0.0,0.471,-0.239,0
18062,77,0,7,0.922,0.557,0.645,1.0,0.149,0.067,0
18063,75,0,3,0.759,0.585,0.695,0.0,0.039,-0.082,0
18064,31,0,4,0.935,0.427,0.778,0.0,0.15,0.154,0
18065,31,0,3,0.71,0.599,0.77,0.25,0.057,-0.011,0
18066,36,0,8,0.984,0.585,0.596,0.0,-0.062,0.205,0
18067,42,0,3,0.734,0.656,0.714,0.5,0.136,0.256,0
18068,64,1,8,0.974,0.616,0.7,0.0,-0.178,0.063,1
18069,67,1,9,0.933,0.641,0.757,1.0,0.149,0.107,1
18070,73,0,4,0.728,0.508,0.488,0.5,0.116,0.187,0
18071,60,0,12,0.7,0.547,0.649,0.0,0.282,-0.054,0
18072,57,0,9,0.728,0.624,0.866,0.5,0.401,0.007,0
18073,66,1,8,1.027,0.527,0.869,0.0,0.151,0.232,0
18074,51,0,4,0.902,0.7,0.63,0.5,0.008,0.023,0
18075,48,0,8,0.98,0.493,0.929,0.5,0.507,0.138,1
18076,46,1,7,0.959,0.478,0.725,0.0,0.277,0.172,0
18077,43,1,11,0.805,0.595,0.725,0.5,0.494,0.028,0
18078,45,0,4,0.857,0.627,0.844,0.25,0.427,0.077,0
18079,71,1,6,0.91,0.583,0.679,0.0,0.342,0.333,0
18080,80,1,9,1.046,0.495,1.15,0.0,0.697,0.019,0
18081,63,0,6,1.001,0.704,0.368,0.0,-0.332,0.257,0
18082,72,0,3,0.9,0.732,0.406,1.0,-0.132,0.293,0
18083,82,1,11,0.948,0.464,0.708,0.0,0.147,0.434,0
18084,62,1,7,0.711,0.713,0.805,0.75,0.656,-0.162,0
18085,56,0,11,0.955,0.588,0.7,0.0,0.177,0.173,1
18086,52,1,10,1.13,0.552,0.809,0.5,0.042,0.412,0
18087,40,0,6,0.897,0.467,0.447,0.0,-0.107,0.282,0
18088,61,1,3,0.755,0.601,0.418,0.0,0.139,-0.027,0
18089,39,1,6,0.947,0.628,0.83,0.5,0.379,0.331,0
18090,31,0,3,0.918,0.706,0.469,0.25,0.119,0.05,0
18091,60,1,12,0.966,0.647,0.878,0.5,0.468,0.472,1
18092,32,0,9,0.963,0.577,0.685,0.25,0.316,0.118,0
18093,68,0,12,0.898,0.615,1.106,0.0,0.613,0.173,0
18094,75,0,6,0.652,0.557,0.865,1.0,0.455,-0.11,0
18095,84,0,9,0.97,0.601,0.7,0.5,0.085,0.209,0
18096,39,0,11,0.854,0.548,0.741,0.0,0.397,-0.008,0
18097,80,0,9,1.15,0.591,0.863,0.75,0.365,0.287,1
18098,73,1,3,0.757,0.692,0.355,0.0,-0.183,0.013,0
18099,43,0,10,0.955,0.519,0.842,0.0,0.442,0.102,0
18100,64,0,7,1.048,0.7,0.631,0.5,0.135,0.108,0
18101,54,1,8,0.761,0.42,0.538,0.0,-0.009,0.142,0
18102,64,0,9,0.874,0.497,0.871,0.25,0.373,0.215,1
18103,37,1,8,0.953,0.38,0.876,0.0,0.532,0.163,1
18104,60,0,12,0.824,0.553,0.879,1.0,0.481,0.118,0
18105,35,0,12,1.138,0.367,1.061,0.0,0.361,0.182,0
18106,48,1,9,1.047,0.464,0.7,0.75,0.488,0.447,0
18107,56,0,4,0.791,0.629,0.647,1.0,0.183,0.091,0
18108,53,1,7,0.82,0.546,0.7,0.25,0.229,-0.073,0
18109,31,0,9,0.744,0.606,0.7,0.5,0.415,-0.019,0
18110,57,1,6,0.887,0.54,0.673,0.0,0.533,0.132,1
18111,68,0,12,1.144,0.548,1.246,0.0,1.075,0.415,1
18112,68,0,5,0.693,0.536,0.817,0.0,0.469,-0.262,0
18113,79,0,6,0.964,0.648,0.895,0.25,0.311,0.396,0
18114,61,0,10,0.876,0.7,0.955,0.75,0.329,0.156,0
18115,45,0,8,0.944,0.614,0.725,0.5,0.226,0.294,0
18116,73,0,5,0.892,0.7,0.867,0.25,0.296,0.192,0
18117,33,0,6,0.966,0.53,0.58,1.0,0.081,0.211,0
18118,72,1,9,0.885,0.812,0.671,0.5,0.149,0.051,1
18119,78,1,3,1.016,0.595,0.271,0.0,-0.042,0.302,0
18120,44,0,11,0.995,0.565,1.119,0.0,0.689,0.295,0
18121,43,0,12,0.925,0.516,1.03,0.0,0.7,0.085,0
18122,44,1,10,0.76,0.703,0.868,0.5,0.51,0.06,0
18123,81,0,4,0.974,0.507,0.524,0.0,0.005,0.25,0
18124,62,1,6,0.7,0.634,0.718,0.0,0.341,-0.268,0
18125,71,0,6,0.772,0.595,0.816,0.25,0.431,0.079,1
18126,60,1,7,0.689,0.558,0.781,0.0,0.388,0.276,0
18127,77,0,6,0.786,0.62,0.78,0.0,0.426,0.024,0
18128,65,1,6,0.889,0.596,0.82,0.25,0.111,0.101,0
18129,55,1,5,0.737,0.556,0.67,0.0,0.071,-0.064,0
18130,51,1,10,0.913,0.544,0.749,0.0,0.111,0.176,1
18131,31,0,6,0.916,0.669,0.596,0.5,0.172,0.392,0
18132,30,0,6,0.643,0.708,0.422,0.75,-0.178,-0.168,0
18133,68,0,7,1.047,0.514,0.749,0.0,0.177,0.298,1
18134,34,0,7,1.066,0.581,0.775,0.5,0.857,0.065,0
18135,62,1,12,0.983,0.506,0.931,0.0,0.546,0.132,0
18136,41,1,3,0.919,0.555,0.486,0.75,0.249,0.174,0
18137,76,0,10,0.925,0.638,0.898,0.75,0.454,0.115,0
18138,39,1,3,0.779,0.633,0.853,1.0,0.387,0.109,0
18139,84,1,12,0.795,0.503,1.153,0.0,0.453,0.093,0
18140,44,1,11,0.777,0.487,0.782,0.0,0.231,0.146,1
18141,40,0,10,0.938,0.582,1.005,0.75,0.305,0.025,0
18142,38,0,7,0.954,0.609,0.867,0.0,0.79,0.121,1
18143,63,1,6,0.733,0.7,0.401,0.0,-0.105,0.14,0
18144,40,1,6,0.896,0.645,0.497,0.0,-0.17,0.2,0
18145,46,0,8,1.045,0.567,0.954,0.25,0.642,0.249,1
18146,68,1,10,0.913,0.487,0.733,0.5,0.257,0.2,0
18147,37,0,5,0.712,0.587,0.546,0.0,0.251,-0.025,0
18148,53,0,9,0.7,0.629,0.593,0.0,0.15,-0.046,0
18149,42,0,12,1.038,0.797,0.871,0.25,0.43,0.347,0
18150,62,1,5,0.828,0.707,0.77,0.5,0.3,0.28,0
18151,54,1,9,0.7,0.807,0.758,0.25,0.262,-0.025,1
18152,67,0,11,0.806,0.532,0.92,0.5,0.426,0.187,0
18153,55,1,6,0.881,0.597,0.777,0.0,0.153,0.083,0
18154,81,0,3,0.832,0.613,0.682,0.0,-0.012,0.04,1
18155,59,1,12,0.957,0.629,0.748,0.5,0.048,0.398,0
18156,42,1,7,0.88,0.432,0.309,0.25,0.118,0.18,0
18157,81,0,8,0.812,0.598,0.7,0.0,0.137,0.011,0
18158,54,1,7,0.813,0.476,0.701,0.0,0.199,-0.031,0
18159,83,1,5,0.693,0.549,0.643,0.0,0.298,0.097,0
18160,36,0,3,0.827,0.661,0.606,0.0,0.301,0.092,0
18161,53,0,12,1.113,0.659,0.807,0.0,0.297,0.375,0
18162,41,0,7,0.714,0.5,1.211,0.0,0.948,-0.086,0
18163,57,0,8,1.027,0.499,0.757,0.5,-0.007,0.357,0
18164,49,1,7,0.87,0.491,1.057,1.0,0.525,0.096,1
18165,56,0,9,0.851,0.487,0.742,0.5,0.64,0.235,1
18166,81,1,11,1.045,0.504,0.999,0.0,0.378,0.153,1
18167,84,0,11,0.7,0.595,0.692,0.25,0.443,-0.001,0
18168,54,1,7,1.035,0.597,0.728,0.5,0.231,0.337,1
18169,67,0,11,1.017,0.568,0.974,1.0,0.394,0.317,0
18170,80,0,9,0.743,0.635,0.7,0.0,0.016,0.095,1
18171,67,0,4,0.68,0.671,0.287,0.25,-0.465,-0.174,0
18172,32,0,9,0.751,0.609,0.946,0.0,0.482,0.166,0
18173,32,1,4,0.662,0.549,0.629,0.0,0.379,-0.19,0
18174,67,1,3,0.787,0.682,0.36,0.0,-0.185,0.008,0
18175,76,0,7,0.938,0.687,0.757,0.25,0.007,0.215,0
18176,40,1,8,0.849,0.689,0.82,0.25,0.231,-0.026,0
18177,67,0,5,0.823,0.532,0.398,0.0,-0.073,0.168,0
18178,52,1,10,0.966,0.496,0.928,0.0,0.392,0.149,0
18179,59,1,10,0.83,0.524,0.931,0.75,0.446,0.01,0
18180,55,1,7,0.727,0.508,0.65,0.5,0.062,-0.191,0
18181,30,0,9,0.917,0.475,0.848,0.0,0.596,0.1,0
18182,80,1,6,0.727,0.56,0.342,0.0,-0.14,0.047,0
18183,79,0,12,1.126,0.521,0.937,0.25,0.427,0.091,1
18184,43,0,6,0.726,0.536,0.438,0.75,-0.179,0.065,0
18185,78,0,9,0.977,0.528,0.93,0.75,0.572,0.211,0
18186,64,1,7,0.911,0.639,0.513,0.25,0.157,0.426,0
18187,42,0,8,0.845,0.54,0.908,0.25,0.413,0.145,1
18188,76,1,6,0.945,0.572,0.626,0.0,0.383,0.131,0
18189,65,1,8,0.672,0.494,0.817,0.5,0.176,-0.271,0
18190,80,1,9,0.763,0.574,0.964,0.0,0.483,0.016,1
18191,59,0,7,0.911,0.614,0.635,0.0,0.154,0.293,0
18192,83,1,9,0.875,0.581,0.842,0.0,0.66,0.148,1
18193,34,1,4,0.739,0.603,0.278,0.75,-0.504,0.025,0
18194,38,0,6,1.029,0.561,0.672,0.5,0.194,0.254,0
18195,56,0,7,0.876,0.552,0.72,0.0,0.178,0.108,0
18196,62,0,4,0.851,0.7,0.573,0.0,-0.016,-0.074,0
18197,84,0,6,0.859,0.596,1.126,0.0,0.455,0.158,0
18198,31,0,7,1.046,0.703,0.858,0.5,0.32,0.241,0
18199,30,1,10,0.884,0.547,0.744,0.25,0.204,0.023,1
18200,80,0,8,1.087,0.627,0.572,0.0,0.103,0.392,0
18201,67,0,5,0.893,0.56,0.508,0.75,0.14,0.25,0
18202,62,1,12,1.037,0.42,0.743,0.75,0.394,0.173,1
18203,60,1,11,1.072,0.608,0.788,0.5,0.197,0.076,0
18204,66,0,8,0.687,0.646,0.748,1.0,0.578,-0.117,1
18205,81,0,8,0.838,0.52,0.635,0.0,-0.122,0.176,0
18206,46,0,8,0.81,0.638,0.522,0.0,0.002,0.386,0
18207,77,1,10,1.113,0.611,0.775,0.25,0.247,0.454,0
18208,75,1,8,0.949,0.538,0.69,0.0,0.529,0.193,0
18209,84,1,6,1.013,0.503,0.502,0.0,-0.257,0.417,1
18210,45,0,8,1.048,0.502,0.588,1.0,0.251,0.291,0
18211,68,0,9,0.909,0.514,0.667,0.25,0.371,0.08,0
18212,39,1,4,0.724,0.598,0.495,0.0,-0.255,-0.155,0
18213,79,0,8,0.812,0.555,0.695,1.0,0.152,0.187,1
18214,77,0,7,1.071,0.536,0.624,0.0,0.182,0.297,1
18215,42,0,4,0.707,0.511,0.648,0.25,0.037,-0.35,0
18216,32,1,4,0.853,0.645,0.673,0.0,0.132,0.029,1
18217,64,0,11,0.836,0.485,1.062,0.75,0.631,0.213,1
18218,70,0,4,0.775,0.452,0.7,0.5,0.431,-0.129,0
18219,53,1,9,0.98,0.477,0.697,0.0,0.162,0.321,0
18220,39,1,10,0.998,0.606,0.979,0.75,0.279,0.364,0
18221,47,0,7,1.056,0.784,0.744,0.25,0.269,0.165,1
18222,37,1,3,0.766,0.705,0.556,0.5,0.008,-0.034,0
18223,77,1,9,0.977,0.757,0.524,0.0,0.004,0.416,0
18224,64,1,7,0.77,0.523,0.651,0.25,-0.014,0.134,0
18225,30,1,8,0.792,0.604,0.963,0.0,0.517,-0.095,0
18226,71,1,10,0.778,0.485,0.901,0.25,0.182,0.046,1
18227,79,0,12,1.005,0.501,0.953,0.5,0.565,0.321,1
18228,35,0,9,1.198,0.572,0.7,0.25,0.033,0.559,0
18229,32,1,9,1.031,0.433,0.74,0.75,-0.1,0.216,1
18230,84,0,7,0.83,0.581,0.713,0.0,0.161,-0.072,0
18231,75,0,6,0.639,0.53,0.836,0.0,0.551,0.01,1
18232,55,1,3,0.665,0.705,0.827,0.75,0.351,-0.21,1
18233,80,0,6,0.92,0.71,0.883,1.0,0.222,0.126,0
18234,71,0,10,1.01,0.58,0.654,0.0,0.083,0.341,0
18235,35,1,6,0.864,0.611,0.357,0.0,-0.248,0.164,0
18236,32,0,7,0.774,0.57,0.361,0.0,-0.236,0.025,0
18237,55,0,3,0.914,0.648,0.688,0.25,0.178,0.029,0
18238,47,1,6,0.951,0.524,0.67,0.5,0.158,0.147,0
18239,76,0,11,0.818,0.472,0.876,1.0,0.203,-0.044,0
18240,53,1,4,0.892,0.618,0.504,0.25,0.215,-0.086,0
18241,68,1,9,0.874,0.571,0.776,0.0,0.125,0.155,0
18242,59,1,3,0.593,0.524,0.621,0.0,0.065,-0.073,0
18243,38,0,4,0.758,0.598,0.639,0.0,0.257,-0.046,0
18244,65,1,7,0.95,0.589,0.326,0.25,-0.04,0.207,0
18245,74,1,8,0.779,0.55,0.714,0.0,0.312,0.102,0
18246,50,1,3,0.736,0.692,0.478,0.0,-0.072,0.082,0
18247,50,1,7,0.675,0.613,0.784,0.5,0.268,0.044,0
18248,39,0,4,0.931,0.459,0.762,0.0,0.17,0.302,0
18249,48,1,5,0.748,0.61,0.999,0.0,0.219,0.13,0
18250,52,0,3,0.856,0.697,0.637,0.0,-0.222,0.107,0
18251,52,1,8,1.123,0.425,0.737,0.0,0.266,0.447,0
18252,66,1,9,0.97,0.534,0.962,0.5,0.367,0.27,0
18253,53,1,6,0.769,0.649,0.677,0.0,0.387,0.051,0
18254,61,1,7,1.095,0.5,0.953,0.25,0.722,0.203,0
18255,77,1,10,1.028,0.608,0.676,0.0,0.088,0.29,0
18256,75,1,7,0.536,0.487,0.683,0.5,0.305,-0.3,0
18257,79,1,8,0.733,0.623,0.737,0.25,0.433,-0.058,0
18258,83,1,4,0.817,0.479,0.516,1.0,-0.008,0.117,0
18259,35,1,4,0.701,0.546,0.724,0.75,0.078,0.097,0
18260,77,0,11,1.063,0.471,0.782,0.0,0.422,0.421,0
18261,66,0,5,0.856,0.644,0.45,0.75,-0.25,0.063,0
18262,59,0,3,0.7,0.711,0.501,0.0,-0.191,0.06,0
18263,48,0,3,0.766,0.627,0.628,0.0,0.021,0.027,0
18264,35,0,11,0.694,0.565,1.026,0.5,0.849,0.025,0
18265,80,0,6,0.808,0.535,0.597,0.75,0.094,0.103,0
18266,48,1,4,0.7,0.598,0.671,0.25,0.157,-0.228,0
18267,60,1,7,0.989,0.451,0.639,0.75,0.396,0.216,0
18268,58,0,12,0.75,0.602,0.984,0.0,0.562,-0.074,0
18269,60,0,5,0.789,0.529,0.418,0.0,-0.107,-0.039,0
18270,34,0,7,1.068,0.556,0.692,1.0,0.584,0.448,0
18271,42,1,4,0.769,0.701,0.649,0.0,0.438,0.069,0
18272,75,1,3,0.914,0.633,0.594,0.0,-0.027,0.265,0
18273,37,1,6,0.829,0.588,0.846,0.0,0.43,0.216,0
18274,46,1,6,0.592,0.573,0.378,0.75,0.068,-0.186,0
18275,57,1,8,0.92,0.505,0.686,0.0,0.044,0.219,1
18276,63,1,9,0.937,0.721,1.034,0.25,0.442,0.198,0
18277,49,1,7,0.986,0.457,0.659,0.0,0.017,0.356,1
18278,60,1,7,0.816,0.65,0.431,1.0,-0.217,0.197,1
18279,50,0,5,0.777,0.579,0.35,0.0,-0.092,0.071,0
18280,44,0,8,0.971,0.498,0.665,0.0,0.18,0.04,0
18281,81,0,3,0.629,0.62,0.289,0.5,-0.11,-0.099,0
18282,31,0,5,1.163,0.567,0.798,0.0,0.235,0.519,0
18283,71,0,9,0.878,0.641,0.46,0.0,0.042,0.336,0
18284,74,1,8,0.676,0.59,0.375,0.25,0.189,-0.024,0
18285,32,0,7,1.007,0.424,0.612,0.5,0.109,0.205,0
18286,40,1,5,0.963,0.625,0.66,1.0,0.355,0.102,0
18287,58,1,4,0.688,0.663,0.504,0.0,-0.181,-0.024,0
18288,47,1,8,0.999,0.446,0.985,0.0,0.675,0.339,0
18289,80,1,6,0.685,0.54,0.505,0.0,-0.195,0.1,0
18290,76,1,4,1.253,0.636,0.518,0.5,0.244,0.63,0
18291,33,0,11,0.964,0.599,1.187,0.0,0.675,0.17,0
18292,53,0,7,0.673,0.532,0.643,0.0,0.441,-0.057,0
18293,50,0,8,0.843,0.597,0.685,0.75,0.336,0.313,0
18294,39,0,12,1.036,0.508,0.845,0.5,0.371,0.264,0
18295,53,0,11,0.866,0.569,0.918,1.0,0.617,0.056,0
18296,81,1,12,0.92,0.671,0.651,0.0,-0.143,0.149,0
18297,52,0,9,0.903,0.537,0.866,0.75,0.428,0.186,0
18298,37,0,12,0.782,0.56,0.867,0.25,0.371,-0.049,0
18299,82,1,6,0.93,0.497,0.809,0.75,0.427,0.265,0
18300,73,1,5,1.076,0.608,0.641,1.0,0.164,0.376,0
18301,51,1,6,0.967,0.643,0.671,0.5,0.163,0.259,0
18302,68,0,6,0.733,0.638,0.538,0.0,-0.017,-0.164,0
18303,73,0,7,0.778,0.503,1.007,0.25,0.434,0.008,0
18304,31,0,6,0.87,0.652,0.786,0.0,0.137,-0.265,0
18305,63,1,11,0.794,0.574,0.927,0.0,0.588,0.253,1
18306,75,0,12,0.865,0.543,1.035,0.75,0.902,0.11,0
18307,61,1,9,0.916,0.571,0.295,0.0,0.062,0.057,0
18308,66,1,12,0.77,0.663,1.078,1.0,0.559,-0.036,0
18309,60,1,4,0.831,0.729,0.687,0.0,0.448,0.109,0
18310,84,1,7,1.036,0.535,0.676,0.0,0.442,0.119,0
18311,59,1,10,0.694,0.58,0.807,0.25,0.608,-0.108,1
18312,50,0,3,0.603,0.657,0.598,0.0,-0.089,-0.32,0
18313,71,0,9,1.05,0.596,0.78,0.0,0.131,0.118,1
18314,71,0,6,0.995,0.638,0.885,0.5,0.21,0.205,0
18315,53,0,8,0.712,0.514,0.643,0.0,0.373,-0.12,0
18316,54,0,4,0.956,0.554,0.75,0.25,0.05,0.156,0
18317,76,1,8,1.21,0.555,0.581,0.0,0.522,0.389,0
18318,33,0,7,0.763,0.584,0.824,0.0,0.264,-0.151,0
18319,52,0,10,0.742,0.524,0.798,0.0,0.072,-0.123,0
18320,75,1,6,0.934,0.621,0.616,0.75,0.032,0.237,0
18321,37,1,10,1.002,0.709,0.723,1.0,0.376,0.293,1
18322,31,1,6,0.945,0.505,0.567,1.0,-0.127,0.11,0
18323,71,1,11,0.972,0.683,1.001,0.5,0.438,0.368,0
18324,32,0,5,0.853,0.638,0.47,0.0,0.399,0.292,0
18325,53,0,3,0.995,0.671,0.888,0.0,0.517,0.333,0
18326,42,0,6,0.792,0.666,0.633,0.25,0.215,0.158,0
18327,58,0,6,0.787,0.487,0.557,0.0,-0.166,0.087,0
18328,79,1,9,0.894,0.604,0.766,0.0,0.596,0.232,0
18329,30,0,10,1.02,0.559,0.648,0.0,-0.109,0.371,0
18330,50,0,10,0.784,0.511,1.231,0.25,0.81,0.114,1
18331,39,0,8,0.7,0.682,0.784,0.0,0.516,0.006,0
18332,41,1,12,1.072,0.467,0.888,0.25,0.536,0.199,0
18333,52,1,4,0.926,0.554,0.804,0.75,0.216,0.279,0
18334,63,1,4,0.816,0.621,0.583,0.0,0.315,0.045,0
18335,74,0,4,0.851,0.529,0.673,0.0,0.305,0.151,0
18336,32,1,10,1.007,0.632,0.656,0.0,-0.044,0.097,0
18337,63,0,6,1.047,0.67,0.898,0.5,0.422,0.324,0
18338,58,0,6,0.927,0.558,0.645,0.0,0.11,0.1,0
18339,42,1,5,0.853,0.611,0.725,0.5,0.214,-0.115,0
18340,41,1,6,1.016,0.471,0.422,0.0,-0.153,0.121,0
18341,64,1,6,1.108,0.516,0.618,0.0,-0.044,0.183,0
18342,44,0,8,0.836,0.646,0.66,0.0,0.109,0.052,0
18343,33,0,5,0.874,0.606,0.585,0.5,0.317,-0.036,0
18344,34,1,8,0.713,0.691,0.547,0.0,0.061,-0.228,0
18345,69,0,12,1.016,0.476,0.727,0.5,0.255,0.432,1
18346,54,0,7,0.783,0.581,0.959,0.0,0.509,0.071,0
18347,40,0,4,0.848,0.534,0.393,0.5,0.135,-0.021,0
18348,64,1,3,0.76,0.538,0.595,0.5,0.119,-0.191,0
18349,46,0,7,0.72,0.566,0.795,0.0,0.203,0.008,0
18350,65,1,4,0.857,0.605,0.573,0.0,0.005,0.099,0
18351,56,0,4,0.802,0.634,0.721,0.0,0.46,0.196,0
18352,34,1,8,0.83,0.499,0.794,0.0,0.131,-0.027,0
18353,72,1,11,1.046,0.584,0.927,0.25,0.227,0.375,0
18354,50,1,10,0.794,0.738,0.947,0.25,0.605,-0.123,0
18355,33,1,11,1.126,0.508,1.057,0.5,0.496,0.531,0
18356,47,0,3,0.956,0.7,0.504,0.0,0.104,0.107,0
18357,61,0,11,0.98,0.566,0.765,0.5,0.375,0.031,1
18358,59,1,8,0.958,0.61,0.75,0.0,0.58,0.227,0
18359,75,1,4,1.087,0.551,0.603,0.0,-0.089,0.378,0
18360,38,1,6,1.16,0.463,0.199,0.75,-0.192,0.467,0
18361,43,0,6,0.827,0.552,0.935,0.0,0.758,0.192,0
18362,52,0,9,1.006,0.519,0.771,0.5,0.264,0.228,0
18363,32,1,6,0.756,0.561,0.71,0.0,0.08,-0.063,1
18364,37,1,3,0.633,0.527,0.382,0.75,-0.117,-0.059,0
18365,37,0,5,0.688,0.7,0.926,0.0,0.753,-0.097,0
18366,34,0,3,0.737,0.664,0.723,0.0,0.053,-0.011,0
18367,32,1,11,0.912,0.569,1.005,1.0,0.35,-0.085,0
18368,47,0,12,1.011,0.653,0.941,0.0,0.475,0.222,0
18369,43,1,7,0.881,0.635,1.112,0.75,0.998,0.066,0
18370,71,1,6,0.719,0.645,0.653,0.0,0.544,0.09,1
18371,83,1,9,0.844,0.58,0.802,0.0,0.284,0.255,1
18372,30,0,3,0.916,0.534,0.48,0.0,0.027,0.1,0
18373,57,0,9,0.89,0.534,0.756,0.0,0.196,0.254,1
18374,35,1,8,0.861,0.639,0.851,0.0,0.445,-0.152,0
18375,67,0,9,0.853,0.543,0.981,0.0,0.661,0.174,0
18376,37,0,6,0.743,0.487,0.693,0.75,0.286,0.051,0
18377,73,1,3,0.725,0.658,0.538,0.0,-0.349,-0.118,0
18378,63,0,7,0.713,0.566,0.67,0.0,0.241,-0.053,0
18379,50,0,8,1.075,0.568,0.646,0.0,-0.014,0.514,0
18380,39,0,5,0.898,0.505,0.759,0.25,0.32,0.203,0
18381,44,1,4,0.775,0.613,0.535,0.0,-0.15,0.027,0
18382,36,0,7,0.749,0.525,0.882,0.0,0.552,0.041,0
18383,63,0,9,0.85,0.641,0.833,0.0,0.507,0.069,0
18384,41,1,8,0.801,0.542,0.392,0.75,-0.337,0.087,0
18385,63,1,7,0.836,0.59,0.42,0.0,0.024,0.216,0
18386,78,0,3,0.793,0.684,0.568,0.25,0.206,0.144,0
18387,63,0,10,1.021,0.633,0.63,0.0,0.111,0.324,0
18388,81,0,6,0.795,0.494,0.853,0.0,0.061,0.107,0
18389,58,0,11,0.954,0.611,0.731,0.0,0.215,0.293,1
18390,80,0,11,0.94,0.516,0.766,0.75,0.379,0.135,0
18391,43,0,7,0.959,0.629,0.95,1.0,0.277,0.097,1
18392,30,0,4,0.781,0.595,0.309,0.0,-0.203,-0.073,0
18393,50,1,11,0.853,0.545,0.939,0.5,0.536,0.082,0
18394,40,0,3,0.821,0.677,0.359,0.0,-0.159,0.121,0
18395,70,1,8,0.958,0.397,0.676,0.0,-0.024,0.143,1
18396,71,0,11,0.993,0.652,1.162,0.5,0.946,0.405,1
18397,39,0,4,1.065,0.451,0.711,0.25,0.399,0.335,0
18398,71,1,8,0.899,0.553,0.856,1.0,0.413,-0.073,0
18399,73,0,12,1.096,0.568,0.91,0.25,0.805,0.389,0
18400,30,0,7,0.989,0.666,0.529,0.25,0.12,0.424,0
18401,82,1,12,0.905,0.54,1.077,0.0,0.696,0.034,0
18402,65,1,10,0.939,0.453,1.021,0.75,0.974,0.14,0
18403,63,1,11,0.878,0.476,0.99,0.5,0.137,0.104,0
18404,77,1,5,0.947,0.66,0.709,0.25,0.294,0.314,0
18405,53,1,6,0.571,0.529,0.424,1.0,-0.148,-0.251,0
18406,81,1,5,0.856,0.608,0.505,0.0,-0.036,0.085,1
18407,47,0,4,0.704,0.626,0.391,0.0,-0.164,0.025,0
18408,42,1,6,0.831,0.566,0.586,0.0,-0.012,0.04,0
18409,48,0,3,0.874,0.694,0.51,0.0,-0.19,0.097,0
18410,79,1,11,0.983,0.514,0.996,0.0,0.673,0.135,0
18411,81,1,8,0.821,0.497,0.937,0.0,0.237,-0.061,0
18412,77,1,4,0.874,0.605,0.616,0.0,-0.123,0.086,0
18413,68,1,5,0.764,0.56,0.7,0.0,0.0,0.092,0
18414,38,1,6,0.728,0.624,0.825,0.75,0.502,-0.382,0
18415,68,0,11,1.073,0.581,0.789,0.0,0.425,0.424,1
18416,76,0,7,0.934,0.7,0.633,1.0,0.298,0.138,0
18417,69,0,4,0.712,0.537,0.297,0.0,-0.052,-0.048,0
18418,67,1,4,0.716,0.512,0.637,0.25,0.047,-0.199,0
18419,44,0,7,0.921,0.533,0.796,0.0,0.202,0.055,1
18420,67,0,12,0.849,0.497,0.7,0.0,0.453,0.176,0
18421,32,1,8,0.874,0.578,0.564,0.0,-0.116,0.239,0
18422,64,0,5,0.933,0.576,0.773,0.5,0.276,0.2,0
18423,31,1,6,0.745,0.632,0.752,1.0,0.407,0.093,0
18424,78,0,4,0.76,0.572,0.474,0.0,0.289,0.037,0
18425,39,1,7,1.022,0.762,0.641,0.0,0.187,0.19,0
18426,72,1,11,1.005,0.522,0.7,0.0,0.138,0.268,0
18427,45,1,11,0.915,0.563,1.38,0.0,0.681,0.238,0
18428,56,1,8,0.871,0.69,0.835,0.5,0.631,0.443,0
18429,81,0,6,0.863,0.636,0.752,0.0,0.319,0.184,1
18430,49,1,5,0.649,0.623,0.769,0.5,0.33,-0.284,0
18431,55,1,5,0.941,0.509,0.706,0.0,0.438,0.231,0
18432,66,0,9,0.97,0.496,0.755,0.25,0.362,0.313,0
18433,76,0,8,0.7,0.624,0.638,0.5,0.036,-0.061,0
18434,59,1,4,0.917,0.639,0.52,1.0,0.149,0.237,0
18435,58,1,5,0.723,0.748,0.417,0.75,0.026,-0.122,0
18436,31,0,5,0.905,0.584,0.692,1.0,-0.007,0.368,0
18437,39,0,3,0.857,0.602,0.54,0.5,-0.226,0.25,0
18438,77,1,3,0.774,0.75,0.601,0.0,-0.028,-0.175,0
18439,47,0,5,1.007,0.556,0.549,0.75,-0.055,0.192,0
18440,48,1,9,1.02,0.56,0.864,0.5,-0.033,0.333,0
18441,60,1,7,0.964,0.688,0.77,0.75,0.359,0.264,1
18442,42,0,10,0.852,0.719,0.981,0.0,0.315,-0.034,0
18443,63,0,11,1.077,0.53,0.815,0.25,0.49,0.507,1
18444,45,1,8,0.7,0.603,0.866,0.75,0.375,-0.015,1
18445,33,0,11,0.927,0.486,0.918,0.75,0.579,0.174,0
18446,56,1,12,0.754,0.516,0.907,1.0,0.215,0.084,0
18447,71,0,3,0.697,0.558,0.346,0.75,-0.114,-0.003,0
18448,62,1,7,0.695,0.669,0.89,0.75,0.473,-0.045,0
18449,34,0,7,0.893,0.555,0.674,1.0,0.321,0.031,0
18450,65,1,8,0.858,0.583,0.657,0.0,0.33,0.331,0
18451,69,1,7,0.796,0.645,0.731,0.0,0.097,0.015,0
18452,80,1,6,0.93,0.556,0.412,0.0,0.261,0.058,0
18453,67,1,6,0.815,0.591,0.655,0.75,-0.08,0.001,1
18454,60,1,4,0.874,0.592,0.374,0.0,0.024,0.054,0
18455,31,0,4,0.826,0.623,0.785,1.0,0.595,-0.066,0
18456,84,0,9,1.001,0.433,0.924,0.0,0.531,0.209,0
18457,70,1,5,0.768,0.604,0.748,0.0,0.179,0.162,0
18458,63,1,8,0.914,0.56,0.961,0.25,0.564,0.065,0
18459,51,1,3,0.675,0.678,0.823,0.0,0.44,0.114,0
18460,33,1,6,1.03,0.639,0.375,0.0,-0.346,0.123,0
18461,63,0,9,0.836,0.48,0.654,0.75,0.115,0.155,0
18462,41,1,8,0.934,0.604,0.412,0.5,0.022,0.179,0
18463,67,1,9,0.813,0.604,0.786,0.0,0.454,0.119,0
18464,62,1,3,0.838,0.684,0.369,0.0,-0.091,0.191,0
18465,33,1,6,0.887,0.596,0.719,1.0,0.475,0.192,0
18466,70,1,8,0.782,0.46,0.594,0.0,0.29,0.024,0
18467,64,1,8,1.056,0.498,0.97,0.5,0.493,0.408,0
18468,48,1,6,0.992,0.542,0.485,0.75,-0.05,0.089,0
18469,59,1,4,0.629,0.597,0.708,0.25,-0.005,-0.349,0
18470,39,0,4,0.724,0.6,0.215,0.0,-0.029,0.098,0
18471,39,0,3,0.846,0.614,0.762,0.0,0.151,-0.196,0
18472,38,1,6,0.72,0.469,0.443,0.5,-0.28,-0.101,0
18473,56,0,12,1.176,0.608,0.834,0.0,0.146,0.42,1
18474,73,0,11,1.061,0.523,1.003,0.25,0.786,0.075,0
18475,40,1,9,0.843,0.442,0.936,0.25,0.127,0.212,0
18476,41,1,7,0.811,0.58,1.137,0.75,0.84,0.269,1
18477,83,0,3,0.7,0.503,0.326,0.0,-0.095,0.043,0
18478,61,0,3,0.729,0.495,0.634,1.0,-0.066,-0.328,0
18479,68,0,9,1.007,0.482,0.892,0.75,0.151,0.115,1
18480,49,0,3,0.82,0.587,0.664,0.0,0.255,-0.011,1
18481,31,0,6,0.778,0.626,0.638,1.0,-0.135,-0.04,0
18482,71,0,5,0.864,0.533,0.465,1.0,0.104,-0.123,0
18483,77,1,5,0.911,0.51,0.246,0.5,-0.192,0.167,0
18484,72,1,10,0.998,0.581,0.848,0.0,0.592,0.298,1
18485,53,1,5,0.718,0.557,0.586,0.0,0.363,-0.084,0
18486,47,0,7,0.914,0.596,0.711,0.0,0.248,-0.022,0
18487,82,0,5,0.634,0.497,0.631,1.0,0.06,0.043,0
18488,59,0,3,0.887,0.7,0.557,0.0,-0.238,0.257,0
18489,47,1,12,1.038,0.523,1.077,0.0,0.422,0.29,0
18490,78,0,3,0.928,0.676,0.455,1.0,-0.018,0.228,0
18491,84,1,5,0.989,0.691,0.542,1.0,-0.047,0.044,0
18492,47,1,7,0.733,0.7,0.564,0.0,0.274,0.137,0
18493,46,0,8,0.888,0.519,0.691,0.5,0.12,0.125,0
18494,52,0,12,1.039,0.551,0.932,0.5,0.382,0.386,0
18495,75,0,6,0.75,0.547,0.647,0.25,0.069,-0.114,0
18496,32,1,8,0.844,0.577,0.798,0.0,0.683,-0.11,0
18497,45,1,8,0.711,0.508,0.569,0.0,0.086,-0.287,0
18498,63,1,6,0.759,0.555,0.812,0.25,0.542,0.016,0
18499,30,0,3,1.024,0.564,0.56,0.0,0.186,0.216,0
18500,35,0,9,0.965,0.637,1.018,0.75,0.274,0.313,0
18501,42,0,11,0.944,0.592,0.77,0.75,-0.03,0.041,0
18502,64,0,4,0.644,0.525,0.423,0.0,-0.164,-0.107,0
18503,37,1,5,0.768,0.542,0.327,0.0,-0.05,-0.161,0
18504,32,1,6,0.856,0.593,0.935,0.25,0.608,0.256,0
18505,81,1,5,0.73,0.566,0.737,1.0,-0.02,0.186,1
18506,49,1,10,0.991,0.674,1.028,0.0,0.519,0.367,0
18507,79,0,7,1.101,0.615,0.7,0.0,0.11,0.295,0
18508,46,1,7,0.902,0.598,0.798,0.0,0.265,0.115,0
18509,70,1,12,0.7,0.656,0.693,1.0,0.095,0.104,1
18510,41,1,6,0.7,0.618,0.963,0.5,0.289,-0.134,0
18511,43,1,9,0.712,0.512,0.739,0.0,0.177,-0.022,1
18512,60,0,12,0.999,0.457,0.577,0.25,0.268,0.168,0
18513,30,1,9,1.218,0.522,1.043,0.0,0.839,0.491,0
18514,49,1,8,0.881,0.525,0.598,0.5,-0.081,0.053,0
18515,56,1,10,1.05,0.473,0.728,0.0,0.109,0.451,0
18516,74,0,7,0.7,0.581,0.904,0.75,0.232,0.07,0
18517,41,1,8,0.778,0.483,0.652,0.0,-0.002,0.21,1
18518,37,1,4,0.961,0.674,0.722,0.25,0.509,0.46,0
18519,61,1,3,0.918,0.523,0.582,0.0,-0.078,0.073,0
18520,71,0,3,0.822,0.551,0.458,0.25,-0.202,0.016,0
18521,57,0,11,0.906,0.597,0.71,0.75,0.267,-0.08,0
18522,43,0,7,0.831,0.594,0.962,0.75,0.459,0.073,0
18523,70,0,3,0.735,0.628,0.485,0.5,-0.255,-0.044,0
18524,33,1,5,0.907,0.492,0.525,0.0,-0.234,0.063,0
18525,74,1,8,0.78,0.461,0.799,0.0,-0.286,-0.14,0
18526,63,1,3,0.808,0.571,0.601,0.5,0.641,0.187,0
18527,38,0,8,1.006,0.548,0.925,0.0,0.344,0.172,0
18528,73,1,5,0.839,0.569,0.327,0.5,-0.006,0.092,0
18529,64,1,3,0.58,0.678,0.691,0.0,0.152,-0.325,0
18530,68,1,7,0.953,0.653,0.605,0.5,0.138,0.194,0
18531,43,0,11,0.987,0.542,1.157,0.75,0.509,0.239,0
18532,80,1,11,0.845,0.473,0.787,0.0,0.164,0.176,0
18533,51,0,5,0.8,0.532,0.464,0.0,-0.01,-0.044,0
18534,62,0,12,0.844,0.55,0.891,0.0,0.265,-0.008,0
18535,38,0,3,0.86,0.767,0.454,0.0,0.028,0.238,0
18536,63,0,4,0.874,0.628,0.33,0.0,-0.005,0.15,0
18537,79,1,5,0.904,0.63,0.624,0.0,0.17,-0.08,1
18538,41,0,8,0.956,0.43,0.839,0.0,0.436,0.443,0
18539,56,1,8,0.86,0.7,0.574,0.0,0.058,0.067,0
18540,80,0,9,1.099,0.553,0.764,0.0,0.45,0.328,0
18541,58,1,5,0.672,0.504,0.686,0.0,0.152,-0.028,0
18542,83,1,6,0.894,0.691,0.676,0.25,-0.122,0.299,1
18543,72,0,3,0.931,0.635,0.603,1.0,0.152,0.166,0
18544,49,1,6,0.794,0.679,0.707,0.5,-0.015,0.198,0
18545,38,1,3,0.966,0.577,0.403,0.0,-0.214,0.115,0
18546,82,0,4,0.893,0.738,0.738,0.75,0.241,0.142,0
18547,42,1,3,0.846,0.581,0.779,0.0,0.227,-0.118,0
18548,36,0,9,0.931,0.648,0.744,0.0,0.214,0.18,0
18549,51,1,10,1.152,0.546,0.87,0.25,0.251,0.372,0
18550,80,0,7,0.857,0.664,0.818,0.75,0.296,0.072,0
18551,56,0,12,0.845,0.365,0.824,0.5,0.378,0.145,0
18552,42,1,10,0.855,0.522,0.853,0.5,0.201,0.017,0
18553,37,0,11,0.829,0.548,0.725,0.25,0.385,0.046,0
18554,50,1,11,0.866,0.401,0.996,0.5,0.515,0.196,1
18555,53,1,11,1.074,0.53,1.088,0.0,0.714,0.371,1
18556,56,0,11,0.909,0.504,0.762,0.5,0.645,0.083,0
18557,38,1,12,0.979,0.505,1.25,1.0,0.816,0.43,0
18558,31,0,4,0.948,0.509,0.508,0.0,-0.192,0.286,0
18559,51,0,9,0.812,0.512,0.873,1.0,0.42,0.112,0
18560,36,1,5,0.747,0.663,0.582,0.75,0.183,0.047,0
18561,34,1,7,1.036,0.545,0.752,0.0,0.407,0.355,0
18562,38,1,9,0.889,0.703,0.82,0.0,0.392,0.005,1
18563,33,1,10,0.75,0.471,0.678,0.0,0.007,0.051,0
18564,31,0,10,0.829,0.555,0.813,0.0,0.308,0.167,0
18565,69,0,3,0.95,0.538,0.453,0.5,-0.336,0.187,0
18566,48,1,4,0.789,0.759,0.848,0.25,0.376,0.06,0
18567,46,1,4,1.035,0.728,0.802,0.5,0.286,0.373,0
18568,58,1,8,1.003,0.516,0.791,0.0,0.386,0.346,0
18569,33,0,4,0.694,0.692,0.574,0.0,-0.003,-0.098,0
18570,43,1,5,0.7,0.613,0.392,0.5,-0.128,-0.194,0
18571,73,1,3,0.784,0.613,0.268,0.5,0.096,0.1,0
18572,40,1,4,0.87,0.637,0.522,0.0,0.111,0.079,0
18573,59,1,6,0.917,0.549,0.826,0.0,0.139,0.054,1
18574,83,0,12,1.074,0.662,1.026,0.75,0.638,0.186,0
18575,31,1,8,1.015,0.571,0.71,0.25,0.179,0.289,0
18576,44,1,4,1.013,0.599,0.65,0.0,0.092,0.365,0
18577,73,0,6,0.936,0.538,0.765,0.0,0.268,0.053,0
18578,45,0,12,0.972,0.416,0.883,0.0,0.556,0.132,1
18579,54,0,9,0.7,0.64,0.988,0.0,0.553,0.059,1
18580,63,0,4,0.908,0.696,0.555,0.75,0.12,0.196,0
18581,78,0,8,0.73,0.678,0.424,0.0,-0.092,-0.03,0
18582,62,1,11,1.058,0.594,0.855,0.25,0.402,0.545,0
18583,61,1,3,0.638,0.569,0.304,0.75,0.193,-0.13,0
18584,72,0,12,0.539,0.413,0.631,1.0,0.411,-0.14,0
18585,82,1,4,0.768,0.551,0.53,0.0,-0.172,-0.082,0
18586,56,1,12,0.78,0.494,0.896,0.75,0.553,-0.112,1
18587,44,0,11,1.134,0.54,1.223,1.0,0.523,0.438,0
18588,83,1,3,0.65,0.577,0.66,1.0,0.418,-0.345,0
18589,35,1,9,0.971,0.466,0.983,0.75,0.363,0.339,0
18590,77,1,9,0.842,0.58,0.754,0.25,-0.045,0.217,0
18591,50,1,3,0.543,0.511,0.475,0.25,0.046,-0.051,0
18592,60,1,10,0.803,0.612,0.767,0.0,0.232,-0.191,0
18593,59,0,11,0.844,0.451,1.076,0.0,0.656,-0.065,0
18594,57,1,9,0.98,0.618,0.836,0.0,0.123,0.177,0
18595,60,0,9,0.828,0.608,0.565,0.25,0.188,0.248,0
18596,63,0,5,0.83,0.61,0.835,0.5,0.188,0.03,0
18597,76,1,12,1.116,0.377,0.878,0.0,0.461,0.266,0
18598,82,0,5,0.757,0.625,0.369,0.0,-0.418,-0.036,0
18599,55,0,9,1.032,0.384,0.597,0.0,0.077,0.333,0
18600,77,1,4,0.773,0.724,0.781,0.25,0.061,-0.052,0
18601,55,0,10,1.05,0.605,0.848,0.25,0.3,0.226,0
18602,36,0,4,0.7,0.689,0.61,0.0,0.068,-0.154,0
18603,46,1,8,0.77,0.637,0.916,0.75,0.307,0.07,0
18604,61,1,12,0.904,0.7,0.923,1.0,0.312,0.211,0
18605,39,1,8,0.921,0.41,0.715,1.0,0.333,0.36,0
18606,52,0,7,0.785,0.561,0.502,0.0,0.035,0.053,0
18607,50,0,3,0.851,0.443,0.592,0.0,0.432,0.214,0
18608,44,0,5,0.875,0.569,0.77,0.0,0.629,0.201,0
18609,32,1,6,0.737,0.686,0.551,0.0,0.222,-0.156,0
18610,59,1,9,0.929,0.608,0.931,0.5,0.484,0.489,1
18611,81,1,6,0.857,0.604,0.556,0.0,0.1,0.196,0
18612,71,0,9,1.014,0.509,0.728,0.0,0.368,0.494,0
18613,45,1,7,0.7,0.548,0.764,0.0,0.064,-0.025,0
18614,43,0,12,1.039,0.553,1.066,1.0,0.759,0.278,0
18615,76,0,4,0.725,0.556,0.585,0.25,0.186,-0.066,0
18616,79,1,8,0.987,0.644,0.859,0.25,0.547,0.196,1
18617,75,0,9,0.879,0.658,0.954,0.75,0.603,-0.073,0
18618,59,1,4,0.626,0.659,0.7,1.0,0.328,-0.197,0
18619,67,1,3,0.862,0.579,0.395,0.25,0.024,0.056,0
18620,70,0,6,0.794,0.561,0.66,0.0,0.187,0.148,1
18621,73,0,8,0.852,0.53,0.53,0.0,0.027,0.168,0
18622,80,1,5,0.641,0.633,0.356,1.0,-0.034,-0.199,0
18623,43,0,12,0.908,0.537,1.28,0.75,0.543,0.235,0
18624,70,1,9,0.911,0.632,0.596,0.25,0.08,0.008,0
18625,73,0,12,0.943,0.491,0.966,0.5,0.488,0.263,1
18626,58,0,11,0.942,0.517,0.933,0.25,0.434,0.13,0
18627,66,1,9,0.894,0.645,0.915,0.0,0.346,-0.104,1
18628,42,0,4,0.7,0.643,0.72,1.0,0.611,0.0,0
18629,71,1,6,0.633,0.701,0.83,0.25,0.381,-0.01,1
18630,60,1,6,0.896,0.537,0.819,0.0,-0.035,0.188,0
18631,73,1,4,0.627,0.629,0.242,0.0,-0.441,-0.218,0
18632,45,1,10,0.861,0.558,0.709,0.0,0.202,0.177,0
18633,84,0,4,0.6,0.67,0.476,0.0,-0.082,-0.213,0
18634,68,1,12,0.763,0.587,0.95,0.0,0.398,0.176,0
18635,33,0,9,0.809,0.477,0.867,0.25,0.383,0.009,0
18636,49,1,12,0.99,0.7,0.822,0.0,0.346,0.01,1
18637,51,1,4,1.075,0.792,0.425,0.0,-0.108,0.421,0
18638,49,1,3,0.676,0.579,0.586,0.0,0.05,-0.111,0
18639,30,1,9,0.731,0.6,1.03,0.25,0.506,0.13,0
18640,62,1,5,0.637,0.693,0.833,0.25,0.419,-0.172,0
18641,72,0,7,0.777,0.588,0.733,1.0,0.242,0.077,0
18642,39,1,9,0.8,0.533,0.953,1.0,0.674,0.184,0
18643,70,1,8,1.069,0.758,0.586,0.0,0.229,0.327,0
18644,41,0,5,0.953,0.7,0.747,0.5,0.197,0.094,0
18645,38,0,4,0.789,0.651,0.452,0.25,-0.11,0.185,0
18646,45,0,8,0.837,0.632,0.821,0.0,-0.013,0.085,0
18647,57,0,10,1.015,0.581,0.864,0.0,0.482,0.219,0
18648,66,1,10,1.009,0.516,0.712,0.75,0.351,-0.009,0
18649,66,1,4,0.738,0.567,0.599,0.0,0.033,0.11,1
18650,43,0,6,0.716,0.515,0.961,0.0,0.422,-0.043,1
18651,49,0,11,0.91,0.594,0.848,0.5,0.479,0.049,0
18652,62,1,3,0.787,0.759,0.614,0.0,-0.074,0.162,0
18653,83,0,8,0.864,0.675,0.898,0.5,0.187,-0.015,1
18654,49,1,6,0.853,0.666,0.527,0.75,0.077,0.087,0
18655,74,0,12,1.171,0.491,1.214,0.5,0.882,0.473,0
18656,31,1,10,1.089,0.523,0.826,0.0,0.524,0.289,1
18657,54,1,6,1.039,0.521,0.951,1.0,0.373,0.286,0
18658,49,0,4,0.719,0.647,0.616,0.25,0.113,-0.22,0
18659,35,1,9,1.061,0.462,1.187,0.0,0.635,0.361,1
18660,82,1,11,0.794,0.517,0.96,0.0,0.331,-0.002,0
18661,80,0,8,0.912,0.376,0.606,0.0,-0.085,0.324,0
18662,84,0,8,0.768,0.697,0.763,0.0,0.149,0.068,0
18663,62,1,11,0.969,0.583,0.959,1.0,0.148,0.357,0
18664,51,0,12,0.992,0.372,0.917,0.25,0.359,0.278,0
18665,72,0,8,0.844,0.646,0.731,0.0,0.43,0.139,0
18666,51,1,8,0.789,0.569,0.612,0.0,-0.06,0.032,0
18667,48,0,3,0.741,0.546,0.595,0.0,0.141,-0.024,0
18668,50,1,3,0.795,0.629,0.67,0.5,0.154,-0.011,0
18669,66,1,9,0.804,0.534,0.905,0.5,0.205,0.281,1
18670,59,1,10,1.102,0.657,0.758,0.0,0.227,0.261,0
18671,39,0,8,1.247,0.598,1.044,0.0,0.574,0.326,0
18672,75,0,3,0.769,0.677,0.539,0.0,-0.131,0.027,0
18673,60,1,11,1.002,0.531,0.876,0.5,0.453,0.344,1
18674,57,0,10,0.7,0.644,0.736,0.0,0.24,-0.098,1
18675,72,0,11,0.969,0.449,0.825,0.0,0.169,0.373,0
18676,48,1,7,0.831,0.671,0.625,0.0,-0.006,0.126,0
18677,33,1,3,0.835,0.745,0.78,0.25,0.272,0.28,0
18678,72,0,7,0.994,0.542,0.753,0.5,0.262,0.221,0
18679,67,1,9,0.812,0.59,0.802,0.0,0.54,0.003,0
18680,57,1,5,0.684,0.71,0.622,0.0,0.117,0.022,0
18681,68,1,5,0.836,0.701,0.742,0.25,0.465,0.173,0
18682,66,0,9,1.047,0.534,0.755,0.75,0.611,0.308,0
18683,76,1,11,1.026,0.619,0.945,0.25,0.392,0.471,0
18684,43,1,6,0.953,0.557,0.942,0.0,0.33,0.269,0
18685,41,0,10,0.92,0.576,0.909,0.0,-0.068,0.095,0
18686,63,1,3,0.939,0.569,0.515,0.0,0.114,0.388,0
18687,33,1,4,1.079,0.678,0.449,0.0,0.009,0.575,0
18688,43,0,7,0.846,0.499,0.716,0.0,0.259,0.09,0
18689,59,0,3,0.956,0.565,0.486,0.0,0.12,0.309,0
18690,41,0,8,0.883,0.57,0.87,0.0,0.884,0.041,0
18691,53,0,10,1.1,0.609,0.889,0.5,0.332,0.42,0
18692,61,0,10,0.963,0.552,0.712,0.0,0.306,0.19,1
18693,37,0,8,0.732,0.694,1.157,0.0,0.691,0.081,0
18694,76,1,9,0.811,0.605,0.397,0.0,-0.168,-0.036,0
18695,50,0,9,0.807,0.503,0.664,0.75,0.25,0.228,1
18696,37,0,6,1.0,0.552,0.541,0.0,-0.021,0.16,0
18697,61,1,9,1.059,0.661,0.942,0.25,0.549,0.189,0
18698,80,0,8,0.715,0.588,0.737,0.0,0.281,0.01,1
18699,59,0,8,0.837,0.655,0.74,0.75,0.029,0.196,0
18700,60,1,12,1.001,0.399,0.99,0.0,0.465,0.143,0
18701,73,0,10,0.95,0.591,0.632,0.25,0.195,0.146,0
18702,38,0,10,1.07,0.627,0.931,0.0,0.752,0.315,0
18703,71,1,3,0.836,0.612,0.51,0.75,-0.087,0.01,0
18704,42,0,4,0.858,0.496,0.416,0.0,0.081,0.136,0
18705,51,0,3,0.548,0.507,0.627,0.0,-0.02,-0.187,0
18706,48,1,7,1.009,0.499,0.329,0.5,-0.2,0.197,0
18707,75,1,12,0.7,0.631,0.861,0.0,0.195,-0.082,0
18708,34,0,12,1.112,0.521,0.765,0.25,0.287,0.404,0
18709,84,0,11,0.755,0.498,0.925,0.0,0.538,0.033,1
18710,46,1,3,0.745,0.611,0.467,0.75,-0.067,-0.174,0
18711,80,0,7,0.914,0.62,1.064,0.25,0.488,0.04,0
18712,33,0,11,1.019,0.573,0.833,0.0,0.353,0.22,1
18713,53,0,5,1.021,0.54,0.928,0.25,0.479,0.242,0
18714,43,0,9,0.7,0.484,1.012,0.5,0.539,-0.281,0
18715,76,0,11,0.954,0.709,0.867,0.0,0.281,0.146,1
18716,32,0,9,1.026,0.678,0.285,1.0,-0.362,0.249,0
18717,64,1,8,0.982,0.59,0.504,0.0,-0.2,0.214,0
18718,53,1,7,0.777,0.626,0.802,0.0,0.485,0.033,0
18719,44,0,8,0.801,0.58,0.504,1.0,-0.096,0.07,0
18720,77,0,11,1.016,0.578,0.758,0.75,0.515,0.253,0
18721,50,1,6,0.912,0.615,0.908,0.0,0.425,0.281,1
18722,84,1,9,0.9,0.429,0.994,0.0,0.598,0.11,0
18723,68,1,8,0.949,0.673,0.713,0.0,0.045,0.388,0
18724,70,0,10,1.116,0.399,0.919,0.75,0.252,0.287,0
18725,76,0,5,0.824,0.6,0.679,0.25,0.346,0.124,0
18726,61,1,8,0.868,0.558,1.036,0.5,0.729,-0.02,0
18727,49,0,10,0.773,0.594,1.001,0.0,0.385,-0.118,0
18728,43,1,12,0.893,0.523,0.844,0.5,0.251,0.075,0
18729,33,1,4,0.786,0.538,0.487,0.0,-0.017,-0.013,0
18730,39,0,7,0.781,0.519,0.621,0.0,-0.077,0.003,0
18731,44,1,5,0.832,0.58,0.48,0.25,-0.126,0.168,0
18732,71,0,3,0.828,0.617,0.356,1.0,-0.209,0.014,0
18733,59,0,7,0.941,0.609,0.486,0.5,0.064,0.198,0
18734,70,1,11,0.846,0.582,1.208,0.5,0.741,0.189,0
18735,42,0,11,0.968,0.504,0.924,0.5,0.41,0.3,0
18736,49,0,11,0.83,0.504,1.008,0.0,0.49,0.045,0
18737,54,0,3,0.891,0.603,0.466,0.0,0.125,0.325,0
18738,66,1,3,0.854,0.673,0.828,0.0,0.31,0.118,1
18739,71,1,5,0.799,0.534,0.977,0.0,0.627,-0.009,0
18740,45,1,3,0.676,0.591,0.87,0.0,0.244,0.049,0
18741,84,1,9,0.856,0.667,0.618,0.0,0.19,0.027,0
18742,72,0,7,0.728,0.577,0.913,0.0,0.639,-0.1,0
18743,69,1,12,0.834,0.641,0.594,0.0,0.052,0.065,0
18744,84,0,6,0.862,0.515,0.7,0.5,0.301,0.14,0
18745,72,0,5,0.73,0.599,0.468,0.0,-0.004,0.073,0
18746,46,1,4,0.573,0.567,0.777,0.25,0.473,-0.14,0
18747,65,1,8,0.819,0.508,0.609,0.0,0.008,0.09,0
18748,61,1,11,1.064,0.591,0.9,0.25,0.565,0.232,0
18749,80,0,8,0.594,0.559,0.976,0.5,0.446,-0.18,1
18750,59,1,8,0.869,0.574,0.798,0.0,0.579,0.182,0
18751,56,0,8,0.943,0.465,0.995,1.0,0.626,0.243,0
18752,44,1,8,1.017,0.639,0.679,0.5,0.271,0.332,0
18753,30,0,3,0.871,0.577,0.486,0.0,-0.028,-0.118,0
18754,84,0,11,0.875,0.583,0.963,0.5,0.644,-0.039,0
18755,56,0,12,1.08,0.521,1.058,1.0,0.367,0.135,0
18756,40,0,11,0.974,0.577,1.096,1.0,0.783,0.219,0
18757,61,0,6,1.059,0.538,0.7,0.75,0.356,0.554,0
18758,49,0,12,0.963,0.573,0.877,0.0,0.366,0.183,0
18759,31,0,9,0.958,0.638,0.675,0.25,0.373,0.032,0
18760,63,0,3,0.751,0.569,0.508,1.0,0.129,0.051,0
18761,56,0,5,0.79,0.612,0.57,0.0,-0.046,-0.142,0
18762,31,0,7,0.955,0.581,0.695,0.25,0.3,0.146,1
18763,43,0,7,0.943,0.479,0.575,0.0,0.277,0.482,0
18764,81,1,5,0.862,0.681,0.857,0.0,0.049,0.019,1
18765,76,1,11,1.058,0.528,0.763,0.75,0.364,0.204,0
18766,76,1,7,0.768,0.607,0.653,0.5,0.182,0.065,0
18767,58,1,7,0.897,0.587,0.809,0.0,0.595,0.124,0
18768,84,1,6,0.717,0.598,0.453,0.0,0.225,0.095,0
18769,77,1,10,0.911,0.533,1.15,0.5,0.641,0.067,0
18770,68,1,10,1.121,0.538,0.954,0.5,0.274,0.309,0
18771,59,0,3,0.86,0.7,0.544,0.0,0.302,0.109,0
18772,63,0,10,0.7,0.662,0.641,1.0,0.347,-0.06,0
18773,59,0,10,0.695,0.452,0.646,1.0,-0.009,-0.031,0
18774,43,0,11,0.919,0.7,0.746,0.0,0.034,0.24,1
18775,33,0,5,0.863,0.604,0.341,0.25,-0.076,-0.033,0
18776,74,1,6,0.792,0.583,0.751,0.75,-0.115,-0.053,0
18777,72,0,7,0.939,0.545,1.044,0.5,0.358,0.094,0
18778,57,0,5,0.861,0.706,0.685,0.0,0.067,0.021,0
18779,43,1,3,0.84,0.552,0.772,0.0,0.344,0.055,0
18780,50,1,4,0.792,0.666,0.487,0.5,-0.213,0.192,0
18781,59,0,9,0.654,0.571,0.96,0.75,0.54,-0.134,0
18782,54,0,8,0.986,0.613,0.804,0.0,0.322,0.069,0
18783,53,0,8,1.062,0.601,0.65,0.5,0.051,0.364,0
18784,84,1,5,0.738,0.518,0.656,0.0,0.167,-0.023,0
18785,47,0,6,0.902,0.607,0.458,0.75,-0.014,0.22,0
18786,56,1,5,0.632,0.713,0.815,0.0,0.159,0.13,1
18787,56,0,7,0.914,0.475,0.425,0.0,0.022,-0.062,0
18788,33,0,5,1.055,0.609,0.573,0.0,0.45,0.281,0
18789,74,0,4,0.842,0.702,0.568,0.0,0.258,0.141,0
18790,32,1,10,0.908,0.555,0.849,0.0,0.3,0.117,0
18791,83,0,3,0.812,0.517,0.722,0.0,0.217,-0.039,0
18792,82,1,11,0.612,0.547,0.966,0.0,0.245,-0.102,1
18793,54,1,4,1.063,0.416,0.55,0.5,-0.404,0.314,0
18794,62,1,11,0.979,0.557,0.865,0.0,0.33,0.249,1
18795,48,1,7,0.938,0.59,0.497,0.5,0.298,0.238,0
18796,61,1,7,0.85,0.576,0.903,0.0,0.297,0.122,1
18797,32,1,8,0.884,0.567,0.865,0.5,0.235,0.047,0
18798,73,1,10,0.975,0.61,0.8,0.0,0.089,0.062,1
18799,79,0,5,0.754,0.445,0.721,0.0,0.158,-0.057,0
18800,73,1,11,0.828,0.563,0.82,0.0,0.03,-0.041,1
18801,76,1,4,0.755,0.602,0.513,0.0,-0.115,-0.072,0
18802,72,1,9,1.178,0.554,0.908,0.0,0.475,0.38,0
18803,36,0,7,0.859,0.6,0.584,0.0,-0.192,0.212,0
18804,68,0,12,1.053,0.553,0.7,0.0,0.358,0.363,0
18805,72,0,4,0.79,0.551,0.58,0.25,-0.352,0.021,0
18806,69,0,7,0.932,0.604,0.801,0.5,0.425,0.178,0
18807,44,1,11,0.59,0.584,0.788,0.75,0.466,-0.184,1
18808,70,0,7,0.783,0.617,0.679,0.25,0.294,0.036,0
18809,60,0,5,0.763,0.515,0.797,0.25,0.34,-0.159,0
18810,75,1,7,0.893,0.574,0.624,0.25,0.434,0.344,1
18811,51,0,10,0.955,0.456,0.668,0.0,0.373,0.24,0
18812,38,0,6,0.886,0.525,0.254,0.75,-0.154,0.139,0
18813,81,1,5,0.876,0.584,0.795,0.75,-0.122,0.122,1
18814,32,1,3,0.71,0.642,0.597,0.5,0.138,-0.09,0
18815,49,1,11,1.013,0.496,0.839,0.0,0.755,0.257,0
18816,32,0,5,0.724,0.64,0.893,0.0,0.55,0.131,0
18817,77,1,6,0.868,0.562,0.279,0.25,-0.047,-0.025,0
18818,45,1,8,0.869,0.581,1.061,0.0,0.307,0.171,0
18819,60,1,9,0.982,0.537,0.702,0.75,0.486,0.397,1
18820,78,1,4,0.604,0.692,0.767,0.5,0.41,-0.341,0
18821,80,1,10,1.066,0.433,0.863,0.5,0.435,0.541,0
18822,41,1,7,0.71,0.607,0.812,0.25,0.499,0.089,0
18823,68,1,11,1.035,0.624,1.019,0.0,0.526,0.005,0
18824,75,1,3,0.72,0.551,0.645,0.0,0.111,0.006,0
18825,47,0,10,0.876,0.7,0.952,0.0,0.351,0.293,0
18826,59,1,11,1.051,0.588,0.683,0.0,0.311,0.164,0
18827,34,1,5,0.768,0.507,0.433,0.0,-0.159,0.053,0
18828,43,1,3,0.813,0.626,0.867,0.0,0.426,-0.064,0
18829,48,1,6,0.719,0.639,0.712,0.0,0.258,-0.176,0
18830,44,1,7,0.747,0.684,0.764,0.5,0.192,0.065,0
18831,68,1,12,0.846,0.51,0.89,0.25,0.204,0.318,1
18832,59,1,3,0.957,0.617,0.606,1.0,0.153,0.286,0
18833,76,0,4,0.758,0.602,0.45,0.0,-0.255,-0.201,0
18834,41,1,4,0.789,0.632,0.597,0.25,-0.024,-0.021,0
18835,60,0,5,0.677,0.52,0.617,0.0,0.057,0.151,0
18836,36,0,3,0.793,0.616,0.725,0.0,0.375,0.222,0
18837,41,0,3,0.862,0.647,0.448,0.5,0.143,0.097,0
18838,53,1,3,0.952,0.45,0.542,0.0,0.089,0.131,0
18839,34,1,5,0.677,0.509,0.802,0.75,0.112,-0.259,0
18840,45,1,10,0.844,0.621,0.799,0.0,0.129,0.163,1
18841,57,0,7,0.808,0.589,0.469,0.75,0.153,0.277,0
18842,74,0,5,0.782,0.568,0.7,0.25,0.058,0.082,0
18843,82,0,7,0.838,0.559,0.965,0.25,0.299,0.165,0
18844,84,1,4,0.706,0.7,0.571,0.0,-0.129,0.168,1
18845,33,1,3,0.753,0.574,0.7,0.75,0.303,-0.168,1
18846,36,1,5,0.695,0.617,0.627,0.75,0.358,0.073,0
18847,56,1,8,0.78,0.492,0.983,0.5,0.636,0.105,0
18848,45,0,8,0.959,0.519,0.776,0.0,0.208,0.053,0
18849,69,1,10,0.819,0.581,0.7,1.0,0.267,0.058,0
18850,52,0,5,0.682,0.571,0.848,0.25,0.261,-0.058,0
18851,81,0,6,0.87,0.572,0.956,0.0,0.302,0.057,1
18852,42,1,6,0.813,0.671,0.679,0.0,0.273,0.016,1
18853,61,0,12,0.913,0.638,1.05,0.5,0.838,0.186,1
18854,69,1,9,0.944,0.579,0.673,0.0,0.208,0.274,0
18855,55,1,7,0.97,0.545,0.751,0.5,0.195,0.172,0
18856,80,1,8,0.907,0.738,0.603,0.0,0.127,0.167,0
18857,49,0,4,0.788,0.711,0.539,0.0,0.163,-0.162,0
18858,75,1,6,0.818,0.484,0.695,1.0,0.317,0.22,0
18859,83,1,6,0.919,0.53,0.577,0.5,0.005,0.075,0
18860,41,0,10,0.918,0.604,0.761,0.25,0.439,0.167,0
18861,59,0,9,0.884,0.462,0.982,0.5,0.58,0.263,0
18862,59,1,7,0.937,0.593,0.689,0.25,0.278,0.075,0
18863,78,1,8,0.937,0.546,1.119,0.0,0.636,0.209,1
18864,81,0,5,0.979,0.74,0.551,0.75,0.218,0.173,0
18865,47,1,12,0.79,0.513,1.088,0.0,0.885,-0.044,0
18866,40,1,3,0.748,0.568,0.549,1.0,-0.047,0.048,0
18867,41,0,6,0.822,0.641,0.623,0.0,0.204,-0.161,0
18868,64,1,12,0.756,0.668,0.901,0.0,0.401,0.014,0
18869,71,1,10,0.993,0.604,0.589,0.25,0.153,0.245,0
18870,81,0,3,0.691,0.611,0.347,0.0,0.023,-0.19,0
18871,76,1,10,0.861,0.558,0.691,0.0,0.396,0.178,0
18872,49,0,10,1.117,0.636,0.7,0.75,-0.161,-0.003,0
18873,33,1,10,0.984,0.562,0.631,0.0,0.161,0.288,0
18874,34,1,3,0.836,0.632,0.7,0.0,0.345,-0.066,0
18875,73,1,12,0.915,0.591,0.721,0.0,0.021,0.073,0
18876,54,1,7,0.892,0.445,0.569,0.0,0.147,0.195,0
18877,74,0,7,0.974,0.551,0.792,0.0,0.368,0.226,1
18878,52,1,10,0.7,0.426,1.132,0.25,0.668,-0.097,1
18879,43,1,5,0.897,0.515,0.464,0.0,-0.333,0.26,0
18880,67,0,5,0.554,0.539,0.537,0.0,-0.019,-0.204,0
18881,77,0,10,0.969,0.477,0.665,0.25,0.14,0.277,0
18882,51,0,9,0.948,0.518,1.144,1.0,0.63,0.294,0
18883,84,0,5,0.988,0.438,0.769,0.25,0.572,0.348,0
18884,74,1,4,0.811,0.532,0.659,0.5,0.298,0.273,0
18885,76,1,6,0.776,0.607,0.786,0.0,0.599,0.115,0
18886,82,1,8,0.818,0.592,0.974,1.0,0.439,-0.047,1
18887,31,0,5,1.0,0.658,0.407,0.0,0.219,0.412,0
18888,45,1,8,0.857,0.445,0.601,0.25,0.252,0.289,0
18889,51,0,7,0.684,0.61,0.618,1.0,0.605,0.015,0
18890,43,1,11,1.056,0.446,0.684,0.0,0.012,0.383,1
18891,65,0,4,0.968,0.571,0.749,0.0,0.155,0.124,0
18892,67,1,11,1.019,0.559,1.179,0.0,0.827,0.365,0
18893,57,1,9,0.798,0.635,0.676,0.25,0.255,0.079,0
18894,61,1,8,0.835,0.45,0.758,0.25,-0.003,0.189,0
18895,76,0,3,0.889,0.458,0.6,0.0,0.523,0.101,0
18896,82,0,3,0.713,0.571,0.211,1.0,-0.24,0.013,0
18897,42,1,9,1.061,0.58,0.687,0.0,0.216,0.296,0
18898,54,0,7,0.804,0.619,0.742,0.25,0.422,0.035,0
18899,64,1,8,0.7,0.557,0.804,0.0,0.479,-0.072,1
18900,60,1,12,0.98,0.631,0.917,0.5,0.677,0.19,0
18901,51,1,12,1.048,0.553,1.047,0.0,0.708,0.354,0
18902,44,1,3,0.954,0.458,0.605,0.0,0.062,0.09,0
18903,79,0,6,0.839,0.4,0.726,0.0,0.205,0.192,0
18904,54,0,3,0.698,0.6,0.538,0.0,0.109,0.005,0
18905,30,1,8,0.865,0.555,0.789,1.0,0.15,0.104,0
18906,44,0,10,0.707,0.564,0.609,0.0,0.266,-0.073,0
18907,64,1,5,0.851,0.626,0.718,0.0,0.179,0.132,0
18908,33,0,5,0.867,0.591,0.481,0.5,-0.186,-0.094,0
18909,57,1,9,0.92,0.522,0.743,0.25,0.258,0.371,0
18910,41,0,6,0.742,0.673,0.805,0.0,0.607,-0.03,0
18911,81,0,7,0.823,0.627,0.588,0.0,-0.295,0.311,0
18912,45,0,4,0.892,0.622,0.388,0.25,0.082,0.086,0
18913,44,1,5,0.767,0.513,0.716,0.25,0.271,0.168,0
18914,57,0,6,0.895,0.719,0.475,0.0,0.134,0.091,0
18915,47,0,4,0.773,0.547,0.802,0.0,0.364,-0.029,0
18916,41,1,5,0.651,0.706,0.367,0.25,0.096,-0.141,0
18917,84,0,7,0.806,0.554,0.784,1.0,0.153,0.155,0
18918,40,0,5,0.785,0.501,0.527,0.0,-0.236,0.072,0
18919,43,1,4,0.708,0.487,0.432,0.0,0.332,-0.082,0
18920,78,0,6,0.873,0.607,0.735,0.75,0.456,0.173,0
18921,82,0,10,0.944,0.576,0.775,0.0,0.135,0.226,0
18922,39,1,10,0.893,0.646,1.085,0.75,0.565,0.21,0
18923,44,1,8,0.83,0.542,0.561,0.0,0.205,0.139,0
18924,44,0,6,0.875,0.524,0.502,0.25,0.13,0.309,0
18925,33,0,3,0.76,0.569,0.392,0.0,-0.025,0.194,0
18926,33,0,6,0.817,0.617,0.572,0.25,-0.318,0.115,0
18927,37,1,4,0.858,0.631,0.62,0.0,0.243,0.379,0
18928,37,0,9,0.899,0.473,0.767,0.25,-0.002,0.241,0
18929,62,1,5,0.666,0.684,0.737,0.0,0.142,0.01,1
18930,57,1,12,1.168,0.54,0.901,0.75,0.302,0.457,0
18931,81,1,12,1.014,0.581,0.756,0.0,0.1,0.133,0
18932,68,1,10,0.962,0.584,0.753,0.0,0.19,0.269,0
18933,50,1,11,0.963,0.515,0.805,0.75,0.404,0.272,0
18934,82,1,3,0.794,0.675,0.524,0.0,-0.055,0.086,0
18935,82,0,9,1.021,0.702,0.818,0.0,0.602,0.155,0
18936,72,0,4,0.884,0.663,0.618,1.0,0.488,0.331,0
18937,49,0,7,0.638,0.581,0.809,0.0,0.475,-0.195,1
18938,54,0,9,0.917,0.643,0.821,0.25,-0.028,0.197,0
18939,47,0,10,0.878,0.488,0.97,1.0,0.592,0.163,0
18940,66,1,9,0.902,0.619,0.929,0.0,0.201,0.145,0
18941,59,0,7,0.968,0.602,0.444,1.0,-0.044,0.292,0
18942,33,1,10,0.877,0.537,0.838,0.0,0.456,0.19,0
18943,80,0,4,0.961,0.549,0.62,0.0,0.307,0.232,0
18944,48,1,11,1.015,0.602,0.793,0.0,0.294,0.05,0
18945,79,1,4,0.804,0.654,0.928,0.75,0.515,0.065,0
18946,75,0,6,0.966,0.51,0.593,0.0,0.24,0.31,1
18947,64,1,5,0.705,0.7,0.501,0.5,0.245,0.005,0
18948,31,1,11,0.873,0.66,0.774,0.0,0.007,0.096,0
18949,84,1,7,1.167,0.643,0.529,0.25,0.145,0.342,0
18950,72,0,10,0.869,0.434,0.91,0.0,0.195,0.081,0
18951,44,0,10,1.003,0.584,1.138,1.0,0.6,0.221,1
18952,47,1,11,1.031,0.48,0.914,0.25,0.364,0.367,1
18953,44,1,5,0.898,0.572,0.518,0.0,-0.064,0.077,0
18954,45,0,3,0.861,0.572,0.502,0.0,0.166,0.131,0
18955,53,0,9,0.891,0.477,0.617,1.0,-0.042,0.144,0
18956,39,0,6,1.109,0.488,0.742,0.25,0.117,0.443,0
18957,43,1,3,0.71,0.624,0.836,1.0,0.327,-0.062,1
18958,64,1,5,0.83,0.664,0.734,0.0,0.25,0.371,1
18959,49,1,9,0.83,0.7,0.892,0.0,0.366,0.081,0
18960,71,0,6,0.814,0.59,0.632,0.0,0.32,0.147,0
18961,81,1,5,0.79,0.455,0.703,0.0,0.494,0.075,0
18962,81,1,5,0.802,0.518,0.506,0.0,0.166,0.067,1
18963,72,1,11,1.012,0.538,0.841,0.25,0.657,0.234,0
18964,30,1,10,0.735,0.661,0.681,1.0,0.179,-0.013,0
18965,81,0,12,0.961,0.614,0.846,0.0,0.255,0.101,1
18966,36,1,11,0.624,0.525,0.982,0.5,0.605,-0.093,0
18967,43,0,6,0.827,0.52,0.549,0.5,-0.151,-0.1,0
18968,30,1,4,0.775,0.541,0.748,0.5,0.751,0.152,0
18969,69,0,6,0.756,0.682,0.947,1.0,0.433,-0.028,0
18970,66,0,4,0.773,0.608,0.638,0.75,0.232,-0.068,0
18971,56,1,4,0.834,0.595,0.61,0.25,0.312,0.037,0
18972,42,0,8,0.728,0.551,0.617,0.0,0.148,-0.092,0
18973,53,0,8,0.948,0.503,0.85,0.75,0.771,0.134,0
18974,80,1,11,0.892,0.7,1.09,0.0,0.924,0.192,0
18975,35,0,4,0.981,0.586,0.663,0.25,-0.149,0.236,0
18976,69,0,10,1.187,0.412,0.832,0.0,0.179,0.415,1
18977,43,1,12,1.064,0.626,1.124,0.25,0.901,0.083,0
18978,75,1,5,0.63,0.584,0.635,0.5,-0.329,-0.07,0
18979,39,1,4,0.941,0.584,0.605,0.75,0.356,0.373,0
18980,67,0,6,0.863,0.653,0.679,0.0,0.128,0.11,0
18981,56,1,11,1.172,0.598,1.216,0.25,0.825,0.346,0
18982,77,1,5,0.744,0.65,0.617,0.0,0.253,0.086,0
18983,49,1,8,1.19,0.656,0.957,0.5,0.271,0.367,0
18984,36,0,4,0.941,0.738,0.726,1.0,0.384,0.221,0
18985,49,0,6,1.067,0.619,0.671,0.5,0.36,0.351,0
18986,72,1,3,0.958,0.585,0.754,0.25,0.236,-0.019,1
18987,56,0,3,0.924,0.587,0.46,0.25,0.317,0.076,0
18988,65,1,4,0.974,0.519,0.741,1.0,0.271,0.208,0
18989,57,0,3,0.753,0.639,0.768,0.0,0.475,-0.019,1
18990,52,1,6,0.945,0.596,0.632,0.25,-0.167,0.118,0
18991,43,0,3,0.714,0.55,0.724,0.5,0.024,0.084,0
18992,80,1,10,0.875,0.539,0.711,0.5,0.306,-0.029,0
18993,50,1,4,0.563,0.617,0.579,0.5,-0.095,-0.247,0
18994,36,1,10,0.883,0.523,0.719,1.0,-0.139,0.331,0
18995,62,0,4,0.7,0.565,0.259,0.0,-0.441,-0.107,0
18996,62,0,8,0.904,0.508,0.51,0.0,0.153,0.204,0
18997,55,0,3,0.649,0.585,0.73,0.75,0.176,0.051,0
18998,56,1,4,0.717,0.657,0.481,1.0,-0.044,0.088,1
18999,84,0,11,1.086,0.577,1.293,0.0,0.709,0.386,0
19000,81,0,11,1.066,0.621,1.036,0.25,0.832,0.407,0
19001,68,0,10,0.933,0.586,0.654,0.0,-0.018,0.188,0
19002,52,1,7,0.968,0.646,0.583,0.0,0.252,0.123,0
19003,79,0,5,0.783,0.485,0.815,0.75,0.468,-0.233,1
19004,83,0,6,0.734,0.615,0.705,0.0,0.186,0.096,0
19005,72,1,5,0.702,0.538,0.36,0.0,-0.411,-0.071,0
19006,39,0,4,0.783,0.624,0.467,0.0,0.046,0.293,0
19007,47,1,12,1.148,0.638,0.954,0.0,0.481,0.388,0
19008,54,1,8,0.994,0.715,0.752,0.5,0.559,0.215,0
19009,52,0,12,0.937,0.458,0.917,0.0,0.235,-0.038,0
19010,39,1,3,0.829,0.739,0.507,0.25,0.084,0.232,0
19011,77,1,9,0.897,0.639,0.894,0.0,0.616,0.153,0
19012,53,1,9,0.87,0.563,0.507,0.0,0.061,0.093,0
19013,54,1,6,0.801,0.548,0.389,0.25,-0.116,-0.008,0
19014,44,1,6,0.841,0.543,0.572,0.5,0.08,0.21,0
19015,82,0,9,0.829,0.494,0.924,0.5,0.329,0.282,1
19016,33,0,11,0.927,0.587,0.861,0.5,0.105,0.258,0
19017,34,1,8,0.893,0.596,0.972,0.0,0.399,0.178,1
19018,33,0,9,1.068,0.693,0.9,0.5,0.344,0.299,0
19019,73,0,4,0.854,0.51,0.751,0.0,0.34,0.344,0
19020,76,1,8,0.905,0.573,0.818,0.0,0.621,0.204,1
19021,37,1,10,1.002,0.465,0.907,0.5,0.516,0.199,0
19022,66,1,8,0.87,0.539,0.607,0.0,0.14,0.185,0
19023,42,1,7,0.585,0.533,0.598,0.5,0.212,-0.115,0
19024,84,1,4,0.695,0.563,0.664,0.0,-0.049,-0.09,0
19025,34,1,5,0.82,0.538,0.705,0.0,0.152,0.053,1
19026,78,0,6,0.947,0.665,0.653,0.0,0.302,0.26,1
19027,57,0,6,0.982,0.619,0.918,0.25,0.524,0.117,0
19028,74,1,7,0.799,0.52,0.777,1.0,0.187,-0.068,0
19029,59,0,3,0.879,0.645,0.469,0.0,-0.098,0.117,0
19030,83,0,9,1.061,0.597,1.007,0.5,0.493,0.343,0
19031,41,1,5,0.89,0.531,0.415,0.25,0.096,0.361,0
19032,75,0,8,0.932,0.504,0.955,0.0,0.428,0.232,0
19033,81,1,7,0.922,0.466,0.699,0.0,0.331,0.033,0
19034,65,0,9,0.836,0.55,0.508,0.5,-0.027,0.001,0
19035,42,0,5,0.91,0.572,0.743,0.0,0.22,-0.032,0
19036,68,1,3,0.895,0.7,0.617,0.0,0.176,0.106,0
19037,83,0,7,0.883,0.458,0.698,0.75,0.357,0.043,0
19038,73,0,3,1.002,0.518,0.774,0.5,0.176,0.377,0
19039,83,1,12,0.941,0.606,1.044,0.0,0.992,0.257,1
19040,65,0,5,0.869,0.476,0.565,0.25,-0.139,0.116,0
19041,64,0,5,1.042,0.534,0.561,0.75,0.322,0.459,0
19042,40,0,9,0.942,0.558,0.612,0.0,0.273,0.275,0
19043,76,0,11,1.023,0.604,0.997,0.0,0.415,0.107,1
19044,79,1,9,0.887,0.529,1.068,0.0,0.5,0.162,1
19045,52,0,12,0.976,0.561,0.972,0.25,0.128,0.353,1
19046,66,0,11,1.155,0.577,0.801,0.25,0.453,0.622,0
19047,38,0,4,0.959,0.707,0.474,0.0,-0.014,0.223,0
19048,34,0,12,0.942,0.635,0.942,0.0,0.738,0.284,0
19049,46,1,8,0.998,0.467,0.855,0.25,0.665,0.444,0
19050,52,1,10,0.903,0.578,1.0,0.5,0.817,0.31,0
19051,69,0,6,0.811,0.476,0.725,0.0,0.151,-0.029,0
19052,64,0,12,1.057,0.572,0.833,0.5,0.291,0.149,0
19053,83,1,3,0.744,0.63,0.493,0.0,0.152,-0.057,0
19054,50,0,11,0.85,0.501,0.928,0.25,0.361,-0.071,0
19055,70,1,8,0.916,0.453,0.664,0.25,0.405,-0.058,1
19056,73,1,12,1.149,0.535,0.751,0.5,0.505,0.238,0
19057,67,0,6,0.826,0.624,0.944,0.5,0.423,0.126,0
19058,56,1,3,0.846,0.621,0.542,0.0,0.318,0.097,0
19059,63,0,4,0.862,0.597,0.701,0.25,-0.067,0.078,1
19060,47,1,10,0.756,0.7,0.613,0.5,0.392,-0.039,0
19061,82,1,12,1.074,0.345,1.183,0.0,1.052,0.413,1
19062,54,1,12,1.11,0.473,0.7,0.0,0.109,0.635,0
19063,30,0,8,0.999,0.534,0.413,0.0,-0.06,0.254,0
19064,75,0,10,1.085,0.526,0.902,1.0,0.525,0.345,0
19065,59,1,6,0.85,0.599,0.535,0.5,-0.165,0.358,0
19066,48,0,12,0.956,0.533,0.802,0.5,0.401,0.276,0
19067,73,0,12,1.141,0.586,0.955,0.25,0.546,0.387,0
19068,32,0,10,0.845,0.577,1.14,0.0,0.515,0.232,0
19069,31,0,4,0.82,0.642,0.76,0.0,0.305,-0.07,0
19070,56,1,5,1.023,0.591,0.355,0.0,-0.322,0.301,0
19071,73,1,12,1.03,0.7,1.016,0.25,0.539,0.277,1
19072,81,1,3,0.95,0.53,0.467,0.25,0.153,0.075,0
19073,83,0,7,0.906,0.544,0.594,0.5,-0.07,0.352,0
19074,41,0,3,0.744,0.562,0.387,0.0,-0.197,0.005,0
19075,46,0,5,0.634,0.612,0.584,0.0,-0.256,-0.226,0
19076,43,0,11,1.146,0.672,0.7,0.25,-0.168,0.392,0
19077,63,1,11,0.945,0.541,1.034,0.0,0.642,0.116,0
19078,71,0,6,0.907,0.539,0.811,0.0,0.454,0.26,0
19079,81,1,8,0.823,0.54,0.925,0.0,0.413,0.204,0
19080,35,0,11,0.922,0.595,0.951,0.0,0.317,0.352,1
19081,52,0,4,0.769,0.675,0.602,0.0,0.422,0.026,0
19082,81,0,9,0.791,0.424,0.848,0.0,0.506,0.111,0
19083,57,1,8,0.878,0.6,0.511,0.25,0.113,-0.205,0
19084,43,0,3,0.956,0.485,0.66,0.0,-0.003,0.096,1
19085,76,0,8,0.936,0.549,0.961,0.0,0.764,0.151,1
19086,33,0,9,0.971,0.714,0.761,0.5,0.113,0.305,0
19087,39,0,9,0.848,0.63,0.844,0.75,0.587,0.067,1
19088,38,0,8,0.849,0.7,0.444,0.0,-0.129,0.149,0
19089,44,0,7,0.948,0.486,0.636,0.25,0.222,0.354,0
19090,51,0,10,0.909,0.544,0.767,0.0,0.244,0.317,1
19091,66,1,4,0.775,0.7,0.467,0.0,-0.279,0.184,0
19092,38,1,4,0.873,0.689,0.709,0.25,0.048,0.188,0
19093,45,1,7,0.878,0.639,0.537,0.5,0.216,0.111,0
19094,81,1,10,0.885,0.584,0.592,0.0,0.192,0.105,0
19095,50,0,11,0.947,0.639,1.052,0.0,0.566,0.335,1
19096,76,1,10,0.861,0.543,0.82,0.5,0.418,0.165,0
19097,69,0,8,0.784,0.679,0.897,0.75,0.245,0.086,0
19098,78,0,8,0.972,0.567,1.042,0.0,0.349,0.1,1
19099,75,0,12,0.858,0.418,0.672,0.0,0.254,0.054,0
19100,46,0,12,0.97,0.702,0.925,0.5,0.288,0.331,0
19101,40,1,6,0.816,0.477,0.343,0.0,-0.183,0.064,0
19102,61,1,8,1.015,0.54,0.733,0.5,0.514,0.537,0
19103,58,1,4,0.7,0.619,0.357,0.0,-0.479,-0.091,0
19104,58,0,6,0.978,0.585,0.624,0.25,0.184,0.21,0
19105,42,1,10,0.996,0.561,1.101,0.0,0.82,0.373,1
19106,53,1,4,0.817,0.535,0.523,0.0,0.25,0.117,0
19107,49,1,5,0.873,0.584,0.661,1.0,0.198,0.165,0
19108,41,1,5,0.7,0.578,0.751,1.0,0.322,-0.047,0
19109,82,1,9,0.857,0.455,0.739,0.25,0.155,0.126,0
19110,66,1,11,1.053,0.607,0.537,0.0,-0.146,0.118,0
19111,62,1,12,1.137,0.558,0.567,0.0,0.246,0.299,0
19112,56,1,7,0.596,0.564,0.59,0.75,0.388,-0.115,0
19113,56,0,6,0.796,0.642,0.803,0.0,0.322,0.105,1
19114,35,0,8,0.825,0.455,0.835,0.25,0.432,0.113,0
19115,33,1,11,1.024,0.419,0.991,1.0,0.74,0.361,0
19116,84,1,7,0.981,0.507,1.075,0.0,0.707,0.587,0
19117,71,1,8,0.734,0.663,0.531,0.0,0.163,-0.212,1
19118,75,1,9,1.011,0.489,0.717,0.5,0.406,0.311,0
19119,83,0,6,1.064,0.527,0.554,0.0,-0.126,0.364,0
19120,66,0,12,1.054,0.575,0.998,0.75,0.51,0.301,1
19121,35,0,4,0.938,0.586,0.833,0.75,0.034,0.237,0
19122,84,0,12,0.928,0.595,1.008,0.0,0.627,0.092,0
19123,71,0,9,0.713,0.618,0.355,0.0,-0.319,0.01,0
19124,39,0,4,0.739,0.618,0.475,0.0,-0.177,-0.026,0
19125,68,1,7,0.73,0.556,0.713,0.5,0.428,-0.159,0
19126,48,0,9,0.815,0.624,0.646,0.0,0.126,0.115,0
19127,61,1,10,0.949,0.563,0.852,1.0,0.39,0.151,0
19128,82,1,5,0.874,0.553,0.6,0.0,0.225,0.187,0
19129,64,1,12,0.829,0.7,0.552,0.75,0.218,0.004,0
19130,39,1,6,0.761,0.45,0.682,0.0,0.184,0.081,0
19131,48,1,7,0.734,0.631,1.012,0.25,0.823,-0.144,0
19132,61,0,5,0.975,0.634,0.646,0.25,-0.05,0.349,0
19133,46,0,4,0.812,0.61,0.616,0.75,0.134,0.104,0
19134,44,0,11,0.932,0.539,1.153,0.25,0.853,0.035,1
19135,68,1,10,0.9,0.53,0.674,0.5,0.33,0.015,0
19136,54,1,5,0.928,0.545,0.213,0.0,-0.035,0.229,0
19137,40,0,4,1.002,0.459,0.542,0.0,0.391,0.32,0
19138,57,0,12,0.971,0.567,0.89,0.0,0.352,0.063,0
19139,59,1,4,0.89,0.512,0.566,0.0,-0.005,0.119,0
19140,53,1,7,0.85,0.581,0.724,0.5,0.335,0.005,0
19141,33,1,9,1.028,0.638,0.862,0.0,0.617,0.391,0
19142,64,0,10,0.899,0.547,0.631,0.25,0.173,0.293,0
19143,35,0,3,0.891,0.708,0.387,0.0,-0.031,0.184,0
19144,47,1,7,0.942,0.524,0.566,0.25,0.032,0.165,0
19145,69,0,11,1.018,0.49,0.965,0.0,0.674,0.357,0
19146,66,1,9,0.991,0.548,0.759,0.5,-0.036,0.357,0
19147,47,0,3,0.777,0.52,0.646,1.0,0.044,0.062,0
19148,53,1,11,0.832,0.588,0.583,0.0,0.134,0.319,0
19149,51,0,5,0.804,0.59,0.491,0.0,0.216,0.174,0
19150,61,1,10,0.666,0.646,0.854,0.0,0.471,-0.237,0
19151,68,1,8,0.961,0.621,1.091,1.0,0.591,0.199,0
19152,70,1,8,0.861,0.586,0.847,0.0,0.334,0.148,0
19153,60,0,6,0.85,0.604,0.771,0.25,0.525,0.214,0
19154,68,0,9,0.847,0.636,0.746,0.0,0.602,0.178,0
19155,68,0,11,1.006,0.594,0.681,0.5,0.127,0.273,0
19156,64,0,5,0.879,0.767,0.595,0.75,0.19,0.176,0
19157,74,0,8,0.792,0.679,0.893,0.5,0.355,0.12,0
19158,66,1,6,0.949,0.527,0.87,0.5,0.333,0.11,0
19159,70,0,5,0.929,0.616,0.563,0.5,0.075,-0.162,0
19160,83,1,11,0.916,0.594,0.974,0.0,0.651,0.315,0
19161,67,0,11,0.788,0.488,0.978,0.75,0.314,-0.006,0
19162,40,1,11,0.974,0.604,1.07,0.75,0.682,0.078,0
19163,65,0,6,0.847,0.586,0.849,0.5,0.382,0.14,0
19164,78,1,11,0.986,0.548,0.804,1.0,0.39,0.272,0
19165,77,0,5,0.981,0.642,0.526,0.25,0.259,0.057,0
19166,45,1,11,0.947,0.415,0.692,0.0,0.36,0.087,0
19167,68,1,4,0.79,0.464,0.648,0.5,0.27,0.09,0
19168,36,1,6,0.762,0.447,0.456,1.0,0.122,0.15,0
19169,79,0,4,0.7,0.567,0.645,0.75,0.044,-0.011,1
19170,72,0,12,0.96,0.529,1.182,0.0,0.787,0.144,0
19171,79,0,11,0.887,0.643,1.082,0.75,0.764,0.118,0
19172,76,0,4,0.794,0.501,0.604,0.0,0.092,-0.076,0
19173,57,0,12,0.991,0.579,0.951,0.0,0.655,0.176,1
19174,56,1,3,0.751,0.638,0.551,0.5,-0.294,-0.012,0
19175,81,1,11,0.896,0.581,0.828,0.0,0.122,0.063,0
19176,62,0,11,1.004,0.449,0.7,0.0,0.362,0.495,0
19177,68,1,5,0.971,0.586,0.893,0.5,0.495,0.054,0
19178,70,0,9,0.69,0.581,0.797,0.75,0.561,-0.09,0
19179,51,0,11,0.935,0.501,1.175,0.0,0.878,0.192,0
19180,75,0,10,1.177,0.607,0.58,0.0,0.123,0.324,0
19181,45,1,8,0.879,0.479,0.687,1.0,0.45,0.011,1
19182,83,1,8,1.039,0.642,0.878,0.0,0.581,0.121,0
19183,30,0,11,0.9,0.604,0.776,0.0,-0.043,0.068,0
19184,65,1,12,1.235,0.416,1.019,0.5,0.521,0.51,0
19185,74,1,11,0.856,0.582,0.748,0.25,0.121,0.287,0
19186,56,1,3,0.961,0.707,0.577,0.75,0.203,0.231,0
19187,81,1,6,0.843,0.694,0.9,0.0,0.348,0.127,1
19188,47,0,9,1.091,0.63,0.971,1.0,0.36,0.24,0
19189,42,1,12,0.969,0.579,0.921,0.0,0.404,0.131,0
19190,79,1,5,0.792,0.516,0.794,0.75,0.307,0.174,0
19191,34,1,3,0.7,0.75,0.812,0.25,0.129,0.055,0
19192,53,1,4,0.823,0.52,0.674,0.0,0.521,-0.16,0
19193,40,0,4,0.727,0.542,0.791,0.25,0.13,-0.048,0
19194,52,1,11,0.87,0.731,0.958,1.0,0.169,0.113,1
19195,53,1,5,0.898,0.652,0.733,0.0,0.266,0.065,0
19196,76,1,10,0.92,0.616,1.025,0.0,0.166,0.22,1
19197,51,1,5,0.852,0.622,0.681,0.5,0.424,-0.05,0
19198,59,1,7,0.844,0.581,0.812,0.5,0.381,0.243,0
19199,33,1,7,0.7,0.619,0.916,0.0,0.437,-0.133,0
19200,40,1,4,1.003,0.503,0.689,0.25,-0.08,0.169,1
19201,35,0,8,0.899,0.589,0.7,0.0,0.25,0.086,0
19202,53,0,7,0.752,0.487,0.408,0.0,-0.292,-0.037,0
19203,83,0,4,0.936,0.556,0.564,0.0,0.355,0.168,0
19204,66,1,8,0.872,0.542,0.65,0.5,0.505,0.293,0
19205,40,0,7,0.685,0.652,0.61,0.25,0.073,0.057,0
19206,56,1,8,1.052,0.549,0.705,0.5,0.253,0.244,0
19207,72,0,5,0.826,0.618,0.7,0.0,0.125,0.073,0
19208,69,0,8,0.894,0.74,0.404,0.0,-0.009,0.117,0
19209,84,0,12,0.974,0.515,1.053,0.0,0.466,0.357,0
19210,46,1,5,1.04,0.725,0.207,0.0,-0.172,0.134,0
19211,61,1,7,0.854,0.596,0.398,0.0,-0.263,0.173,0
19212,70,0,12,1.173,0.525,0.717,0.75,0.186,0.429,0
19213,36,0,11,0.882,0.465,0.944,0.0,0.57,0.262,0
19214,58,1,4,0.894,0.49,0.471,0.0,-0.083,0.311,0
19215,67,1,12,1.033,0.56,1.234,0.25,0.848,0.297,0
19216,55,0,3,0.595,0.53,0.706,1.0,0.093,-0.185,1
19217,71,0,10,1.064,0.553,0.862,0.25,0.603,0.359,1
19218,64,0,8,1.025,0.515,0.617,0.5,-0.079,0.285,0
19219,42,1,10,0.737,0.463,0.713,0.5,0.31,0.023,1
19220,35,1,8,0.922,0.532,0.799,0.0,0.41,0.062,0
19221,62,1,7,1.017,0.49,0.312,0.0,-0.388,0.235,0
19222,74,1,3,0.774,0.592,0.59,0.5,-0.0,0.154,0
19223,69,0,8,0.892,0.575,0.685,0.0,0.291,0.317,0
19224,61,0,11,0.795,0.594,1.051,0.5,0.645,0.048,0
19225,32,0,7,0.858,0.656,1.028,0.75,0.645,-0.01,0
19226,68,1,12,0.84,0.425,0.973,0.0,0.452,0.11,0
19227,51,0,8,1.143,0.659,0.712,0.5,0.235,0.45,0
19228,76,1,12,0.929,0.434,0.927,0.5,0.434,0.258,0
19229,80,1,9,0.863,0.653,0.723,0.0,-0.046,0.004,1
19230,79,1,5,0.91,0.633,0.644,0.5,-0.19,0.276,0
19231,47,0,9,0.81,0.504,0.693,0.0,0.135,0.421,0
19232,64,1,11,1.056,0.463,0.945,1.0,0.245,0.208,0
19233,76,1,5,0.726,0.573,1.014,0.25,0.56,0.088,0
19234,67,0,6,0.877,0.63,0.49,0.75,-0.023,0.128,0
19235,81,1,9,0.965,0.581,0.97,0.0,0.573,0.236,0
19236,62,1,7,0.984,0.52,0.851,0.5,0.139,0.196,0
19237,73,0,5,0.475,0.65,0.467,0.5,-0.233,-0.508,0
19238,80,1,6,0.735,0.513,0.608,0.0,0.219,-0.049,0
19239,30,1,4,0.86,0.669,0.677,0.25,0.197,0.324,0
19240,70,1,4,0.691,0.579,0.556,0.75,0.24,0.047,0
19241,41,0,4,0.883,0.379,0.5,0.0,-0.129,0.17,0
19242,56,0,8,0.695,0.661,0.674,0.5,0.308,-0.083,0
19243,44,1,9,1.017,0.575,0.88,0.0,0.445,0.305,0
19244,74,0,9,0.7,0.473,1.006,0.0,0.464,0.095,1
19245,43,0,8,0.993,0.573,0.708,0.0,0.048,0.152,0
19246,51,1,12,0.953,0.472,1.179,0.75,0.699,0.069,0
19247,33,0,11,0.851,0.461,0.69,0.25,0.017,0.191,0
19248,71,0,11,0.794,0.413,0.898,0.25,0.741,0.126,0
19249,69,0,9,0.987,0.589,0.869,0.0,0.53,0.291,0
19250,38,1,3,0.647,0.719,0.296,0.5,-0.436,-0.16,0
19251,59,0,12,0.928,0.427,0.792,0.75,0.187,0.294,0
19252,52,1,6,0.805,0.411,0.413,0.75,-0.032,0.06,0
19253,54,0,7,0.889,0.539,0.352,0.0,-0.162,0.189,0
19254,33,1,8,0.852,0.7,0.987,1.0,0.287,0.011,0
19255,64,1,8,0.823,0.698,0.911,0.25,0.742,0.114,0
19256,67,0,4,0.768,0.7,0.35,0.0,0.009,-0.247,0
19257,72,1,3,0.81,0.73,0.376,1.0,-0.134,-0.206,0
19258,73,1,6,0.784,0.464,0.679,0.0,0.322,0.092,0
19259,69,1,9,0.81,0.672,0.64,0.5,0.332,0.111,0
19260,33,0,8,0.892,0.576,0.595,0.25,0.135,0.29,0
19261,54,0,5,0.804,0.62,0.318,0.0,-0.052,-0.092,0
19262,61,1,6,1.047,0.441,0.532,0.0,0.264,0.329,0
19263,36,1,7,0.681,0.709,0.565,0.0,-0.012,0.226,0
19264,77,1,9,1.0,0.527,0.742,0.5,0.049,0.409,0
19265,39,0,8,0.865,0.575,0.566,0.0,0.152,0.036,0
19266,37,1,3,0.7,0.608,0.373,0.25,-0.327,-0.169,0
19267,70,1,9,0.832,0.638,0.737,0.25,0.244,0.1,1
19268,63,1,9,0.775,0.608,0.769,0.0,0.363,0.01,0
19269,62,0,7,0.812,0.665,0.326,0.0,-0.066,-0.105,0
19270,53,1,8,0.943,0.509,0.913,0.0,0.829,0.178,0
19271,39,1,11,0.7,0.526,0.372,0.75,-0.352,0.102,0
19272,31,1,4,0.774,0.475,0.408,0.25,0.032,-0.014,0
19273,55,0,5,0.765,0.659,0.545,0.0,-0.232,0.148,0
19274,35,1,5,0.703,0.413,0.769,0.0,0.067,-0.003,1
19275,52,0,7,0.753,0.561,0.736,0.5,0.349,0.046,0
19276,52,0,4,0.996,0.636,0.627,0.0,0.061,0.334,0
19277,65,0,11,1.056,0.652,0.561,0.0,0.031,0.232,0
19278,60,0,11,0.865,0.584,0.439,0.75,-0.212,0.165,0
19279,67,0,3,0.802,0.756,0.692,0.0,0.47,-0.123,0
19280,63,0,10,1.202,0.504,0.871,0.0,0.368,0.423,0
19281,58,1,8,0.952,0.531,0.832,0.5,0.02,0.129,0
19282,77,0,5,1.037,0.607,0.575,0.0,-0.125,0.228,0
19283,43,1,9,1.06,0.683,0.649,0.0,0.182,0.469,0
19284,33,1,10,0.7,0.38,1.031,0.25,0.332,-0.128,1
19285,31,1,7,0.779,0.562,0.905,0.25,0.547,0.253,0
19286,66,1,11,0.98,0.565,0.818,0.5,0.508,0.281,0
19287,41,1,6,0.916,0.638,0.53,0.0,0.295,0.194,0
19288,46,0,3,0.696,0.592,0.612,0.5,0.143,-0.13,0
19289,34,0,9,1.002,0.576,1.042,0.25,0.557,0.39,0
19290,51,1,10,0.772,0.612,0.513,0.0,0.096,-0.033,0
19291,66,0,3,0.922,0.638,0.275,0.0,-0.172,0.222,0
19292,31,1,12,0.862,0.516,0.686,0.75,0.113,0.1,1
19293,60,1,11,1.052,0.53,0.632,0.5,0.045,0.366,0
19294,58,0,11,0.912,0.557,0.777,0.5,0.314,0.23,0
19295,43,1,12,0.972,0.494,0.83,0.0,0.563,0.096,1
19296,57,0,6,0.988,0.526,0.494,1.0,-0.206,0.398,0
19297,33,0,6,0.955,0.516,0.74,1.0,0.337,0.101,0
19298,68,0,3,0.869,0.464,0.428,0.25,0.247,-0.036,0
19299,47,1,3,1.094,0.556,0.651,0.0,0.269,0.215,0
19300,63,1,10,1.004,0.577,0.685,0.5,0.154,0.195,0
19301,39,1,6,0.708,0.517,0.511,0.0,0.042,0.095,0
19302,53,0,9,0.913,0.525,0.798,0.0,0.648,0.142,0
19303,56,1,6,0.964,0.53,0.699,0.5,0.17,0.355,0
19304,80,1,10,1.106,0.54,0.88,0.25,0.566,0.392,1
19305,32,1,7,0.69,0.685,0.695,0.75,0.109,0.014,0
19306,74,0,8,0.979,0.636,0.458,0.25,0.073,0.042,0
19307,60,0,5,0.634,0.793,0.574,1.0,0.187,-0.104,0
19308,82,1,10,0.975,0.624,0.889,0.0,0.491,0.324,0
19309,33,0,4,0.885,0.709,0.726,0.0,0.135,0.305,0
19310,55,0,11,0.927,0.499,0.858,0.5,0.436,0.197,0
19311,72,0,7,0.63,0.495,0.668,0.0,0.219,-0.26,1
19312,48,1,7,0.903,0.681,0.639,0.25,0.139,0.239,0
19313,51,1,12,1.122,0.515,1.073,0.25,0.62,0.422,0
19314,62,0,9,0.728,0.588,0.957,0.25,0.602,0.019,1
19315,37,0,6,0.662,0.515,0.927,0.5,0.567,0.127,1
19316,72,0,3,0.733,0.697,0.371,0.0,-0.036,0.031,0
19317,51,0,9,0.846,0.653,0.838,0.75,0.214,0.126,0
19318,57,0,6,0.947,0.553,0.779,0.75,0.135,0.224,0
19319,77,0,11,1.02,0.62,0.553,0.0,-0.019,-0.144,0
19320,63,0,11,0.709,0.552,1.227,0.75,0.782,0.034,0
19321,53,0,6,0.783,0.483,0.843,1.0,0.263,-0.151,0
19322,33,1,11,0.848,0.617,0.886,0.5,0.639,0.148,0
19323,71,0,7,0.751,0.502,0.775,0.25,0.283,0.09,1
19324,51,0,4,0.834,0.615,0.71,0.0,0.152,-0.115,1
19325,60,0,10,0.76,0.602,0.734,0.0,0.189,-0.013,0
19326,69,1,3,0.77,0.491,0.488,0.25,-0.271,0.08,0
19327,50,0,7,0.882,0.597,0.335,0.0,-0.193,0.205,0
19328,78,0,6,0.681,0.561,0.644,0.0,0.288,-0.263,0
19329,65,0,9,0.95,0.533,0.514,0.0,0.302,0.207,0
19330,51,0,6,0.834,0.545,0.619,0.75,0.435,0.022,0
19331,33,0,8,0.758,0.564,0.811,1.0,0.403,-0.056,0
19332,76,1,4,1.029,0.7,0.467,0.25,0.113,0.064,0
19333,70,0,12,0.969,0.535,1.063,0.25,0.871,0.133,0
19334,42,1,8,0.847,0.586,0.945,0.0,0.377,0.111,0
19335,83,1,5,0.833,0.6,0.616,0.25,0.313,0.057,0
19336,40,0,11,0.798,0.488,1.022,0.0,0.724,0.098,1
19337,70,1,7,0.923,0.586,0.89,0.0,0.324,0.257,1
19338,58,0,3,0.852,0.586,0.304,0.0,0.085,0.098,0
19339,70,1,8,0.699,0.558,0.916,0.75,0.304,0.183,1
19340,60,0,5,0.678,0.631,0.705,0.0,0.373,-0.14,0
19341,41,0,6,1.136,0.636,0.696,0.25,0.403,0.447,0
19342,31,0,12,1.005,0.627,1.153,0.0,0.805,0.097,0
19343,31,0,9,0.831,0.637,0.758,0.25,0.329,0.112,0
19344,49,1,5,0.855,0.638,0.502,1.0,-0.129,0.019,0
19345,30,0,9,0.842,0.446,0.917,0.0,0.712,-0.092,0
19346,55,0,5,0.735,0.461,0.589,0.0,0.107,-0.034,0
19347,80,0,9,0.846,0.572,0.862,0.25,0.102,0.031,0
19348,36,0,6,0.773,0.646,0.436,0.0,0.139,-0.046,0
19349,37,0,12,0.726,0.521,0.879,0.0,0.697,-0.042,0
19350,38,1,7,0.874,0.607,0.609,0.0,0.148,0.102,0
19351,39,1,7,0.989,0.483,0.886,0.5,0.207,-0.022,1
19352,81,1,9,0.861,0.462,0.771,1.0,0.194,0.062,0
19353,63,1,8,0.871,0.591,0.951,1.0,0.392,0.176,0
19354,30,1,6,0.946,0.661,0.764,0.5,0.472,0.079,0
19355,56,1,12,1.125,0.51,0.654,0.25,0.344,0.292,1
19356,39,1,6,0.844,0.619,0.689,0.0,0.239,0.218,0
19357,53,0,3,0.7,0.583,0.231,0.0,-0.013,-0.11,0
19358,34,0,3,0.903,0.632,0.605,0.0,-0.151,0.058,0
19359,44,0,3,0.861,0.588,0.673,0.0,0.329,0.237,1
19360,82,1,5,1.019,0.558,0.304,0.75,0.057,0.324,0
19361,67,0,9,0.7,0.553,0.351,1.0,-0.222,-0.136,0
19362,74,0,5,0.509,0.575,0.605,0.0,0.232,-0.309,0
19363,84,0,9,1.049,0.654,0.717,0.0,0.093,0.093,1
19364,73,0,4,0.916,0.736,0.502,0.25,0.064,0.083,0
19365,76,1,4,0.682,0.526,0.744,0.5,0.179,-0.274,0
19366,31,0,4,0.771,0.606,0.515,0.0,0.039,-0.091,0
19367,60,0,4,0.731,0.558,0.671,0.0,0.204,0.108,0
19368,58,0,9,0.777,0.497,0.96,0.0,0.586,0.203,0
19369,76,0,4,0.835,0.642,0.539,0.25,0.193,0.147,0
19370,52,0,8,0.952,0.645,0.773,0.5,0.136,0.456,0
19371,57,0,11,0.857,0.564,1.131,1.0,0.684,0.185,0
19372,61,1,9,0.841,0.648,0.694,0.5,0.484,0.36,0
19373,47,1,7,1.015,0.573,0.79,1.0,0.348,0.238,0
19374,35,0,12,1.045,0.658,0.731,0.0,0.296,0.066,0
19375,31,0,11,0.922,0.637,1.251,0.0,0.917,0.139,0
19376,80,0,5,0.807,0.579,0.71,0.5,0.371,-0.027,0
19377,36,0,5,0.981,0.601,0.581,0.0,0.147,0.386,0
19378,80,1,7,1.038,0.541,0.747,1.0,0.415,0.46,0
19379,37,1,12,0.99,0.604,0.964,0.0,0.528,0.14,0
19380,49,0,6,0.813,0.782,0.686,0.5,0.42,0.015,0
19381,74,1,6,0.786,0.557,0.338,0.0,0.146,0.008,0
19382,38,1,9,0.912,0.42,0.588,0.75,-0.004,0.166,0
19383,45,0,12,0.924,0.61,0.817,0.5,0.236,0.08,1
19384,51,1,9,0.831,0.573,0.9,0.75,0.259,0.168,0
19385,57,0,7,0.718,0.598,0.751,0.5,0.362,0.048,1
19386,57,0,4,0.683,0.546,0.798,0.0,0.418,-0.309,0
19387,40,1,9,0.867,0.557,0.643,0.0,0.154,0.028,0
19388,39,0,9,0.901,0.603,0.86,0.0,0.112,0.292,0
19389,49,0,10,1.04,0.68,0.82,0.0,-0.022,0.45,0
19390,64,0,4,0.732,0.57,0.496,0.5,0.048,-0.006,0
19391,41,0,11,0.985,0.556,0.963,0.0,0.19,0.253,0
19392,63,1,8,0.969,0.581,0.7,0.5,0.176,0.393,1
19393,83,0,7,0.702,0.576,0.518,0.25,0.2,0.039,0
19394,36,0,6,0.784,0.686,0.597,0.0,0.542,0.058,0
19395,74,0,5,1.021,0.491,0.809,0.0,0.375,0.189,0
19396,72,1,9,1.073,0.625,0.813,0.5,0.213,0.313,0
19397,52,1,8,0.936,0.7,0.689,0.75,0.354,0.298,0
19398,47,1,9,0.836,0.697,0.815,0.5,0.086,0.291,0
19399,33,1,5,0.953,0.595,0.487,0.0,0.299,0.481,0
19400,47,1,3,0.687,0.684,0.601,0.0,0.313,-0.133,0
19401,57,1,4,0.802,0.695,0.556,0.0,0.068,0.087,0
19402,76,1,10,0.968,0.555,0.61,0.75,0.483,0.133,0
19403,61,0,4,0.968,0.617,0.625,0.0,0.058,0.125,0
19404,78,0,6,0.799,0.736,0.674,0.25,-0.048,0.053,0
19405,38,0,11,0.809,0.622,0.7,1.0,-0.118,-0.055,0
19406,75,1,8,0.825,0.502,0.579,0.0,-0.193,0.009,1
19407,83,1,9,0.956,0.605,0.804,0.75,0.339,0.287,1
19408,69,1,12,0.993,0.478,1.131,0.0,0.796,0.322,0
19409,46,1,11,0.941,0.571,0.775,0.0,0.275,0.246,0
19410,46,1,7,0.95,0.546,0.836,0.0,0.268,0.373,1
19411,79,0,8,0.944,0.513,0.533,0.25,0.107,0.173,0
19412,52,1,6,0.804,0.549,0.685,0.0,0.413,0.219,0
19413,62,1,11,1.03,0.523,0.909,0.0,0.472,0.299,0
19414,43,0,3,1.018,0.511,0.512,0.25,0.237,0.144,0
19415,30,1,6,0.741,0.502,0.608,1.0,0.307,0.069,0
19416,55,1,9,0.883,0.672,0.755,0.0,0.588,0.299,0
19417,82,1,9,1.028,0.47,0.479,0.0,0.026,0.288,0
19418,50,0,5,0.946,0.78,0.877,0.0,0.329,0.095,0
19419,32,1,3,0.805,0.595,0.445,0.0,-0.036,-0.288,0
19420,72,0,12,1.003,0.49,0.85,0.25,0.052,0.243,0
19421,43,0,7,0.868,0.542,0.765,0.5,0.299,-0.014,0
19422,41,0,11,1.089,0.469,1.219,0.75,0.86,0.456,0
19423,69,0,11,0.642,0.672,0.568,0.25,0.096,-0.072,0
19424,84,0,7,0.639,0.609,0.548,0.0,0.187,-0.14,0
19425,78,0,10,1.05,0.512,0.616,0.0,0.18,0.356,0
19426,76,0,4,0.889,0.639,0.717,1.0,0.107,0.033,0
19427,84,1,7,0.809,0.603,0.764,0.75,0.492,0.112,0
19428,65,1,10,0.689,0.524,0.757,0.75,0.313,0.075,1
19429,75,0,8,0.979,0.691,0.888,0.25,0.36,0.364,0
19430,54,0,10,0.949,0.694,0.799,0.0,0.316,0.321,0
19431,66,1,4,0.797,0.544,0.353,0.5,-0.305,0.055,0
19432,56,1,9,0.798,0.576,0.636,1.0,0.17,0.216,0
19433,77,0,3,0.994,0.408,0.515,0.5,-0.269,0.446,0
19434,52,1,9,0.833,0.598,0.74,0.25,0.226,0.04,0
19435,62,0,7,0.863,0.508,0.726,0.5,0.191,0.302,0
19436,74,0,11,1.059,0.657,1.255,0.0,0.831,0.361,0
19437,49,1,12,1.226,0.449,1.17,0.5,1.018,0.47,0
19438,59,0,3,0.575,0.551,0.626,0.0,-0.089,-0.278,0
19439,43,0,10,0.909,0.7,0.595,0.75,0.003,-0.018,0
19440,67,0,8,0.948,0.526,1.052,0.0,0.672,0.331,0
19441,69,1,10,1.013,0.7,0.602,0.0,0.304,0.248,0
19442,35,0,12,0.801,0.621,0.671,0.75,0.084,0.155,0
19443,56,1,5,0.747,0.689,0.707,0.0,0.176,0.078,0
19444,38,0,4,0.953,0.602,0.448,0.5,-0.081,0.575,0
19445,81,1,11,1.019,0.505,0.91,0.0,0.405,0.204,0
19446,72,0,4,0.828,0.55,0.583,0.25,0.102,0.138,0
19447,46,1,7,0.688,0.647,0.81,1.0,0.232,-0.237,0
19448,46,1,3,0.647,0.597,0.647,0.25,0.103,-0.058,0
19449,70,0,10,1.118,0.494,0.942,0.0,0.264,0.55,0
19450,45,1,3,0.808,0.569,0.57,0.25,0.172,0.018,0
19451,39,1,9,0.859,0.496,1.178,0.0,0.63,0.173,0
19452,76,1,10,0.981,0.555,0.987,0.25,0.606,0.369,1
19453,59,0,9,0.852,0.619,0.646,0.0,0.187,0.025,0
19454,63,0,10,1.055,0.707,0.956,0.5,0.469,0.508,1
19455,68,0,5,0.834,0.607,0.398,0.5,-0.117,0.112,0
19456,79,0,12,1.019,0.558,0.89,0.0,0.345,0.315,0
19457,55,1,10,1.101,0.588,1.103,0.25,0.509,0.192,1
19458,47,0,3,0.699,0.543,0.512,0.0,-0.072,0.134,0
19459,82,1,9,0.902,0.672,0.733,0.5,-0.074,0.025,1
19460,52,0,4,0.753,0.634,0.678,0.0,0.063,-0.043,0
19461,60,0,7,0.987,0.362,0.707,0.0,0.266,0.416,0
19462,33,1,12,0.826,0.525,0.853,0.5,0.232,-0.061,0
19463,63,1,7,0.842,0.449,0.558,0.0,0.057,-0.153,0
19464,43,1,9,0.889,0.569,0.64,0.0,0.198,0.009,0
19465,38,1,6,0.806,0.499,0.59,1.0,0.031,0.072,0
19466,48,0,11,0.931,0.764,0.989,0.0,0.631,0.064,1
19467,55,0,4,0.7,0.609,0.448,0.0,0.171,0.004,0
19468,55,0,10,1.127,0.681,0.876,0.5,0.414,0.26,0
19469,62,0,5,1.072,0.561,0.815,1.0,0.236,0.409,0
19470,31,0,4,0.822,0.652,0.72,1.0,0.247,0.042,0
19471,72,1,11,0.807,0.511,1.046,1.0,0.638,-0.008,0
19472,45,1,5,0.887,0.453,0.526,0.0,-0.141,0.16,0
19473,53,0,6,0.973,0.622,0.705,0.25,0.451,-0.017,0
19474,72,0,5,0.944,0.738,0.513,0.0,-0.087,0.13,0
19475,73,0,11,0.893,0.539,0.781,0.5,0.25,0.178,0
19476,32,0,6,0.945,0.565,0.594,0.75,0.043,0.19,0
19477,60,1,5,0.727,0.644,0.662,0.0,0.391,0.135,0
19478,62,1,12,1.024,0.522,0.846,0.0,-0.238,0.269,0
19479,40,0,5,0.818,0.742,0.584,0.5,-0.041,-0.063,0
19480,64,0,8,0.95,0.593,0.839,0.5,0.553,0.19,0
19481,47,1,11,0.739,0.571,0.781,0.0,0.164,0.039,0
19482,52,1,3,0.797,0.649,0.628,0.25,-0.002,0.008,0
19483,51,0,5,0.812,0.644,0.575,0.0,0.259,0.088,0
19484,67,1,11,0.912,0.505,0.82,0.5,0.485,0.136,0
19485,40,1,9,0.7,0.577,0.754,0.25,0.173,0.14,0
19486,46,0,12,0.919,0.493,1.059,0.0,0.505,0.144,0
19487,49,1,3,0.886,0.643,0.643,0.5,0.003,0.119,0
19488,48,1,9,0.817,0.641,0.84,1.0,0.257,-0.021,0
19489,71,1,11,0.983,0.644,0.864,0.75,0.116,0.17,1
19490,80,1,3,0.542,0.695,0.308,1.0,-0.404,-0.29,0
19491,81,1,6,0.729,0.629,0.571,0.0,-0.296,-0.218,0
19492,41,0,10,1.012,0.529,1.115,0.25,0.698,0.557,0
19493,52,1,6,0.826,0.7,0.543,0.25,0.143,0.131,0
19494,49,0,3,0.687,0.639,0.635,0.0,-0.002,0.18,0
19495,33,1,9,0.876,0.688,0.968,0.0,0.651,-0.024,0
19496,51,0,8,0.721,0.616,1.004,0.0,0.908,0.016,0
19497,59,0,7,0.7,0.565,0.83,0.0,0.5,0.04,1
19498,55,1,5,0.723,0.66,0.75,0.75,0.22,-0.062,0
19499,77,0,6,0.635,0.558,0.951,0.0,0.262,-0.223,0
19500,32,0,7,0.821,0.609,0.537,0.0,-0.044,0.197,0
19501,39,0,11,0.784,0.7,0.927,0.0,0.124,-0.128,0
19502,32,1,12,1.072,0.556,0.688,0.0,0.127,0.556,1
19503,32,0,10,1.01,0.483,0.7,0.0,0.15,0.31,0
19504,42,1,3,0.868,0.614,0.559,0.25,-0.113,0.073,0
19505,33,1,3,0.885,0.691,0.608,0.5,0.052,-0.014,0
19506,56,1,4,0.851,0.7,0.502,0.25,-0.198,0.174,0
19507,57,1,4,0.858,0.576,0.371,0.0,-0.324,-0.023,0
19508,33,0,11,1.128,0.521,0.711,1.0,0.048,0.252,0
19509,54,1,3,0.691,0.603,0.647,0.5,0.291,-0.111,0
19510,79,0,9,0.93,0.437,0.755,0.0,-0.146,0.038,0
19511,79,1,12,0.835,0.526,1.094,0.5,0.719,-0.091,0
19512,71,0,4,0.731,0.618,0.943,0.5,0.785,0.031,0
19513,76,0,5,0.832,0.626,0.659,0.5,0.183,0.049,0
19514,67,1,5,1.033,0.507,0.536,0.0,0.119,0.372,0
19515,35,0,4,0.732,0.509,0.33,1.0,-0.567,-0.169,0
19516,78,0,6,0.706,0.544,0.65,0.0,0.332,-0.023,0
19517,73,1,4,1.007,0.598,0.421,0.0,0.168,0.08,0
19518,82,0,12,0.915,0.542,0.704,0.75,0.398,0.085,1
19519,64,0,11,0.961,0.7,0.928,0.0,0.738,0.232,0
19520,52,0,12,0.852,0.49,0.977,0.75,0.547,0.118,1
19521,31,0,8,1.003,0.688,0.7,0.0,0.345,0.126,0
19522,71,0,9,0.932,0.525,0.789,0.0,0.241,0.071,0
19523,68,0,6,0.673,0.7,0.698,0.0,0.195,-0.066,0
19524,68,0,5,0.84,0.597,0.536,0.25,0.162,0.013,0
19525,45,0,10,1.199,0.576,0.825,0.25,0.145,0.404,0
19526,66,1,8,0.992,0.595,0.623,0.0,0.197,0.275,0
19527,67,0,5,0.792,0.636,0.677,0.0,0.331,-0.127,0
19528,40,0,4,0.771,0.5,0.7,0.0,0.046,0.072,0
19529,78,0,5,0.87,0.661,0.496,0.5,-0.118,0.147,0
19530,55,1,11,0.768,0.422,0.7,1.0,0.149,0.093,1
19531,62,1,6,0.884,0.6,0.65,0.0,0.349,0.07,0
19532,83,0,8,0.73,0.488,1.031,0.0,0.564,-0.086,0
19533,57,1,8,0.811,0.54,0.502,0.0,0.043,-0.011,0
19534,84,0,10,0.887,0.597,0.966,0.0,0.243,0.105,1
19535,59,0,12,0.98,0.565,0.797,0.25,0.217,0.216,0
19536,81,1,3,0.669,0.597,0.658,0.0,0.095,-0.006,1
19537,32,0,7,0.934,0.662,0.853,0.25,0.467,0.225,0
19538,44,0,9,0.946,0.503,0.777,0.25,0.077,0.125,0
19539,54,1,9,1.034,0.594,0.7,0.75,0.211,0.444,0
19540,76,1,12,0.7,0.56,1.015,1.0,0.695,-0.093,1
19541,68,0,4,1.045,0.663,0.52,0.5,0.137,0.239,0
19542,30,1,12,0.955,0.569,0.967,0.75,0.285,0.2,0
19543,56,0,12,0.84,0.487,1.082,0.25,0.725,0.059,0
19544,57,1,11,0.873,0.471,1.159,1.0,0.767,-0.062,0
19545,61,1,10,1.074,0.663,0.7,0.75,0.301,0.348,1
19546,53,1,3,0.921,0.619,0.521,0.5,0.013,0.323,0
19547,63,0,6,0.824,0.459,0.911,0.5,0.092,0.28,0
19548,70,0,3,0.5,0.636,0.506,0.5,0.146,-0.17,0
19549,76,1,8,0.928,0.662,0.948,0.5,0.346,0.026,0
19550,61,0,3,0.816,0.579,0.215,0.25,-0.49,0.238,0
19551,65,1,5,0.986,0.56,0.516,0.0,0.323,0.376,0
19552,38,1,7,0.873,0.471,0.693,0.75,-0.138,-0.104,1
19553,77,0,12,0.7,0.596,0.938,0.0,0.556,-0.116,0
19554,38,1,11,1.047,0.615,1.067,0.0,0.765,0.362,0
19555,70,1,5,0.846,0.587,0.26,0.5,-0.407,0.287,0
19556,43,0,11,0.954,0.536,0.641,0.75,0.237,0.159,0
19557,65,0,3,0.857,0.629,0.506,0.0,0.121,0.085,0
19558,80,1,12,0.929,0.683,0.81,0.25,0.143,0.369,0
19559,75,0,5,0.82,0.538,0.403,0.75,-0.112,0.259,0
19560,71,0,10,0.867,0.653,1.318,0.0,0.743,0.138,0
19561,48,1,8,0.7,0.544,0.822,0.0,0.497,-0.09,0
19562,81,0,11,1.087,0.459,0.873,0.5,0.292,0.368,0
19563,61,1,9,0.801,0.557,0.552,1.0,0.101,-0.003,0
19564,49,1,6,1.03,0.596,0.74,0.0,0.324,0.359,0
19565,41,1,6,0.658,0.661,0.47,0.25,0.175,-0.165,0
19566,39,1,11,1.025,0.589,1.119,0.75,0.615,0.477,0
19567,76,1,4,0.763,0.7,0.747,0.0,0.535,-0.076,1
19568,68,0,3,0.873,0.531,0.222,0.0,-0.475,0.173,0
19569,56,1,10,0.89,0.531,0.738,1.0,0.145,0.069,0
19570,78,0,11,0.807,0.526,0.821,0.0,0.357,0.027,1
19571,50,1,11,1.024,0.571,0.789,0.0,0.259,0.3,0
19572,61,1,10,0.867,0.431,0.765,0.25,0.513,0.186,1
19573,34,0,9,0.801,0.555,0.613,0.25,0.339,-0.077,0
19574,55,0,6,0.865,0.679,0.231,0.0,0.089,0.165,0
19575,77,0,10,0.849,0.507,0.806,1.0,0.509,-0.105,0
19576,48,0,3,0.804,0.524,0.623,0.25,0.028,-0.008,0
19577,50,1,5,0.743,0.634,0.469,0.5,0.05,0.253,0
19578,57,1,3,0.852,0.657,0.608,0.75,0.051,0.281,0
19579,82,0,7,0.569,0.497,0.697,0.0,-0.002,-0.427,1
19580,43,1,8,0.793,0.599,0.835,0.75,0.082,-0.022,0
19581,77,0,6,0.905,0.677,0.92,0.25,0.281,0.312,1
19582,35,1,10,0.967,0.586,0.664,0.0,-0.038,0.115,0
19583,49,0,9,0.901,0.618,1.074,0.5,0.718,0.191,0
19584,57,1,12,0.801,0.7,0.828,0.0,0.157,0.017,0
19585,57,1,9,0.819,0.635,0.747,0.0,0.521,-0.064,0
19586,65,1,6,1.055,0.553,0.653,1.0,0.157,0.232,0
19587,62,0,5,0.882,0.676,0.695,0.25,0.292,0.028,0
19588,60,1,8,0.717,0.671,0.82,0.0,0.242,-0.132,0
19589,36,0,10,0.954,0.473,1.122,0.0,0.431,0.183,0
19590,56,0,4,0.657,0.647,0.7,0.0,0.477,-0.137,0
19591,42,1,10,0.863,0.602,0.507,0.0,-0.039,0.073,0
19592,72,1,10,0.973,0.521,0.688,0.0,0.256,0.114,1
19593,71,1,9,0.905,0.436,0.359,0.0,0.008,0.333,0
19594,69,1,7,0.743,0.526,0.723,0.75,0.207,0.09,0
19595,82,1,12,1.043,0.577,0.548,0.0,0.048,0.073,0
19596,34,1,6,0.686,0.572,0.722,0.0,0.192,-0.098,0
19597,68,1,3,0.782,0.522,0.559,0.25,0.26,0.001,0
19598,77,1,4,1.077,0.498,0.947,0.0,0.757,0.223,0
19599,65,0,12,0.93,0.593,1.102,0.0,0.584,0.218,0
19600,49,0,5,0.772,0.781,0.593,0.0,0.015,0.032,0
19601,36,0,12,1.123,0.457,1.025,0.0,0.606,0.477,0
19602,77,0,3,0.7,0.631,0.403,0.0,-0.273,-0.257,0
19603,47,1,3,0.737,0.527,0.701,0.0,0.341,0.044,1
19604,83,0,9,0.964,0.632,0.895,0.0,0.688,0.163,0
19605,79,1,4,0.7,0.628,0.772,0.0,0.272,-0.089,0
19606,77,0,6,0.779,0.646,0.711,1.0,-0.123,0.191,0
19607,74,1,8,0.731,0.562,0.528,0.25,-0.087,0.221,0
19608,42,0,12,1.047,0.447,0.425,0.75,-0.182,0.315,0
19609,32,1,11,0.947,0.545,1.008,0.0,0.488,0.066,0
19610,65,0,8,0.868,0.613,0.909,0.5,0.317,0.253,1
19611,64,1,6,0.683,0.563,0.449,0.0,0.073,0.026,0
19612,49,1,12,0.926,0.496,0.746,0.0,0.104,0.267,1
19613,40,1,5,0.887,0.7,0.469,0.0,0.036,0.169,0
19614,44,0,11,0.992,0.497,1.061,0.25,0.543,0.319,0
19615,75,1,12,0.743,0.47,1.233,1.0,0.652,-0.011,0
19616,68,1,4,0.711,0.609,0.563,0.5,-0.013,-0.069,0
19617,55,0,10,0.871,0.622,0.72,0.75,0.337,0.127,0
19618,60,0,11,1.068,0.539,0.99,0.0,0.682,0.368,0
19619,65,0,4,0.722,0.679,0.635,0.0,0.214,0.223,0
19620,53,1,3,0.833,0.44,0.253,0.5,-0.305,0.232,0
19621,61,0,8,1.041,0.557,0.843,0.0,0.143,0.292,0
19622,54,1,4,0.869,0.631,0.451,0.25,-0.253,0.032,0
19623,83,1,10,0.838,0.468,0.55,0.5,0.15,-0.141,0
19624,33,1,7,0.828,0.493,0.925,0.0,0.619,0.021,0
19625,64,1,8,0.953,0.574,0.821,0.0,0.237,0.287,1
19626,34,1,9,0.825,0.543,0.668,0.0,0.096,-0.038,0
19627,63,0,4,0.739,0.701,0.535,0.5,-0.067,0.139,0
19628,30,1,12,1.005,0.554,1.188,0.25,0.646,0.266,0
19629,54,0,11,0.83,0.591,0.712,0.0,0.299,0.113,0
19630,81,0,7,0.975,0.475,0.591,0.75,0.078,0.546,0
19631,47,0,5,0.734,0.7,0.758,0.75,0.143,-0.083,1
19632,44,0,3,0.968,0.566,0.584,0.0,0.053,0.29,0
19633,78,1,7,0.835,0.572,0.674,0.0,0.096,0.134,1
19634,52,0,11,0.997,0.478,0.658,0.25,0.283,0.095,0
19635,35,1,5,0.7,0.521,0.743,0.0,0.305,0.039,0
19636,79,1,11,0.699,0.441,0.919,0.0,0.805,-0.001,0
19637,56,0,8,0.917,0.465,1.06,0.0,0.633,0.286,0
19638,44,1,8,0.954,0.533,1.105,0.75,0.659,0.203,0
19639,34,0,3,0.7,0.633,0.496,1.0,0.243,-0.14,0
19640,80,1,9,0.823,0.491,0.682,0.0,0.154,0.123,1
19641,75,0,3,0.7,0.671,0.491,0.25,0.261,-0.025,0
19642,68,1,4,0.743,0.697,0.697,0.5,0.34,-0.186,0
19643,46,1,5,0.626,0.689,1.023,0.25,0.34,0.008,0
19644,63,0,5,0.782,0.562,0.495,0.0,0.047,-0.086,0
19645,49,0,7,0.937,0.608,0.477,0.0,-0.144,0.326,0
19646,44,0,5,0.89,0.479,0.836,1.0,0.57,0.083,0
19647,34,1,6,0.783,0.616,0.724,0.25,0.285,0.06,0
19648,47,1,5,1.08,0.566,0.279,0.0,-0.295,0.323,0
19649,83,1,12,1.06,0.522,1.093,0.5,0.838,0.244,1
19650,82,0,9,1.051,0.642,1.025,1.0,0.577,0.254,0
19651,42,0,6,0.963,0.475,0.406,0.75,0.187,0.401,0
19652,63,1,10,0.773,0.541,0.959,0.25,0.465,-0.198,0
19653,31,1,10,1.061,0.549,1.058,0.25,0.889,0.277,0
19654,34,0,3,0.826,0.603,0.512,0.0,0.13,-0.179,0
19655,50,1,10,0.912,0.46,0.93,0.5,0.463,0.192,1
19656,82,0,5,0.806,0.575,0.455,0.0,-0.178,0.166,0
19657,66,1,7,0.984,0.497,0.768,0.0,0.276,0.44,1
19658,67,0,4,0.7,0.542,0.783,0.25,0.653,0.146,0
19659,71,1,10,0.969,0.525,0.659,0.0,0.012,0.307,0
19660,38,0,4,0.851,0.585,0.785,0.0,0.531,0.145,0
19661,79,0,8,0.833,0.533,0.699,0.75,0.096,0.046,0
19662,83,0,5,0.829,0.665,0.629,0.0,0.249,0.237,0
19663,42,1,6,0.82,0.662,0.699,0.0,0.19,-0.03,0
19664,36,1,4,0.762,0.605,0.576,0.0,0.153,0.105,0
19665,45,0,3,0.744,0.638,0.559,0.5,0.237,-0.309,0
19666,58,0,3,0.933,0.578,0.712,0.0,0.299,0.143,0
19667,70,1,3,0.7,0.657,0.399,0.0,0.31,-0.109,0
19668,76,0,3,0.943,0.549,0.583,1.0,0.342,0.237,1
19669,80,0,7,0.919,0.584,0.795,0.0,0.372,0.05,1
19670,69,0,5,1.081,0.635,0.712,0.0,0.449,0.456,0
19671,74,0,12,1.118,0.607,0.886,0.0,0.001,0.172,0
19672,83,1,11,0.751,0.599,0.999,0.5,0.844,-0.086,0
19673,74,1,10,0.81,0.513,0.918,0.75,0.349,0.11,0
19674,38,0,10,0.938,0.466,1.175,0.5,0.611,0.267,0
19675,50,0,5,0.819,0.72,0.843,0.5,0.388,0.027,0
19676,36,1,9,0.763,0.562,0.698,0.25,0.159,0.126,0
19677,55,1,3,1.051,0.604,0.595,0.0,0.197,0.392,0
19678,37,1,3,0.681,0.677,0.69,0.0,0.282,-0.316,0
19679,33,0,5,0.747,0.707,0.465,0.0,0.171,0.036,0
19680,71,1,5,1.024,0.535,0.568,0.25,-0.318,0.412,0
19681,55,1,12,0.988,0.632,1.084,0.0,0.729,0.158,0
19682,48,0,8,0.606,0.715,0.842,0.0,0.144,-0.092,0
19683,66,1,8,0.97,0.639,0.807,0.0,0.322,0.355,0
19684,80,0,10,1.226,0.589,0.744,0.0,0.268,0.257,1
19685,63,0,3,0.636,0.593,0.64,0.25,0.414,-0.212,0
19686,74,0,8,0.834,0.489,0.696,0.5,0.315,-0.203,0
19687,40,0,4,0.831,0.7,0.557,0.0,-0.006,0.008,0
19688,46,1,4,0.622,0.498,0.965,0.5,0.331,-0.238,0
19689,57,1,10,1.033,0.529,0.796,0.75,0.338,0.243,0
19690,62,0,10,0.839,0.588,1.066,0.25,0.61,-0.135,0
19691,69,1,9,1.059,0.472,0.694,0.0,0.105,0.216,0
19692,72,1,3,0.819,0.549,0.15,0.0,-0.19,0.211,0
19693,45,0,11,0.976,0.636,0.771,0.0,0.14,0.262,1
19694,50,1,4,0.751,0.707,0.5,0.0,-0.122,-0.043,0
19695,32,1,5,0.795,0.646,0.677,0.5,0.515,0.139,0
19696,60,0,11,0.989,0.562,0.702,0.0,0.239,-0.017,1
19697,33,1,12,0.845,0.584,0.707,0.0,0.292,0.067,0
19698,48,1,6,0.85,0.617,0.682,1.0,0.397,0.009,0
19699,58,1,9,0.889,0.582,0.893,0.5,0.545,0.334,1
19700,73,1,11,0.955,0.409,0.863,0.25,0.593,0.01,0
19701,46,0,9,1.014,0.629,0.375,0.0,-0.107,0.371,0
19702,53,0,5,0.81,0.629,0.594,0.0,0.017,0.076,0
19703,62,0,3,0.499,0.75,0.175,0.25,-0.214,-0.343,0
19704,76,0,6,0.917,0.53,0.838,0.0,0.176,0.164,0
19705,33,0,6,0.774,0.549,0.468,1.0,-0.166,0.095,0
19706,84,1,11,1.088,0.532,0.7,0.0,0.021,0.187,0
19707,79,1,3,0.74,0.457,0.684,0.0,-0.06,-0.088,0
19708,30,1,9,1.124,0.549,0.849,1.0,0.493,0.436,0
19709,72,0,7,0.927,0.7,0.878,0.5,0.244,0.217,0
19710,42,1,3,0.709,0.628,0.685,0.0,0.118,-0.083,0
19711,78,0,11,0.7,0.609,0.776,0.0,-0.079,-0.096,0
19712,33,0,8,0.877,0.441,0.68,0.75,0.236,0.338,0
19713,43,0,9,0.7,0.617,0.724,0.5,-0.006,-0.08,0
19714,31,1,5,0.65,0.69,0.7,0.0,0.081,0.028,0
19715,46,1,5,0.76,0.604,0.555,0.0,0.347,0.009,0
19716,34,1,8,0.67,0.497,0.563,1.0,0.156,-0.041,0
19717,50,0,6,0.792,0.56,0.794,1.0,0.094,-0.007,0
19718,54,0,4,0.713,0.612,0.598,0.0,0.303,-0.01,0
19719,49,0,8,0.897,0.7,0.645,0.0,0.328,0.316,0
19720,53,1,12,0.923,0.668,1.256,0.75,0.822,0.121,1
19721,36,1,11,1.03,0.594,1.018,1.0,0.198,0.05,0
19722,37,1,9,1.154,0.503,0.952,0.0,0.62,0.424,0
19723,72,1,11,0.982,0.637,0.783,0.5,-0.038,0.336,1
19724,41,1,8,0.861,0.582,0.709,0.25,0.506,0.024,0
19725,62,1,10,0.979,0.529,0.719,0.75,-0.03,0.278,0
19726,34,1,10,0.867,0.559,1.02,0.0,0.235,0.006,0
19727,73,0,7,0.909,0.661,0.613,0.0,0.17,-0.071,0
19728,83,1,12,1.169,0.454,1.056,1.0,0.55,0.353,1
19729,78,0,10,1.012,0.589,0.93,0.0,0.533,0.428,1
19730,46,1,5,0.779,0.576,0.646,0.0,0.379,0.127,0
19731,54,0,7,0.826,0.619,0.624,0.0,0.127,0.003,0
19732,36,0,6,0.936,0.582,0.609,0.0,0.126,0.209,0
19733,42,0,10,1.218,0.7,0.465,0.5,0.129,0.58,0
19734,38,0,3,0.817,0.687,0.559,0.25,-0.067,-0.121,0
19735,42,1,9,0.91,0.725,0.7,0.25,0.185,0.189,0
19736,78,1,7,0.7,0.571,0.764,0.0,-0.112,-0.109,1
19737,68,0,4,0.781,0.677,0.716,0.0,0.08,-0.022,0
19738,63,1,9,1.048,0.784,0.663,0.75,0.426,0.266,0
19739,34,1,8,0.878,0.7,0.825,0.0,0.606,0.042,0
19740,69,0,5,0.911,0.652,0.435,1.0,-0.176,0.176,0
19741,63,1,11,0.687,0.481,0.781,1.0,0.027,-0.042,0
19742,71,0,7,0.98,0.611,0.465,0.5,-0.094,0.277,0
19743,83,0,6,1.049,0.683,0.722,0.0,0.001,0.354,0
19744,31,1,8,1.019,0.543,0.648,0.25,-0.104,0.222,0
19745,79,1,6,0.587,0.593,0.907,0.25,0.446,-0.123,0
19746,38,1,3,0.774,0.643,0.46,1.0,0.023,0.081,0
19747,36,0,6,0.902,0.635,0.726,0.25,0.185,0.011,0
19748,52,0,3,0.819,0.659,0.747,0.75,0.315,0.107,0
19749,42,0,8,1.054,0.582,0.959,0.0,0.328,0.302,0
19750,58,0,10,0.94,0.49,0.953,0.0,0.503,0.482,0
19751,46,1,5,0.895,0.564,0.91,0.75,0.671,-0.002,0
19752,74,0,12,0.789,0.49,0.463,0.0,0.257,0.089,0
19753,54,0,11,1.122,0.548,1.269,0.5,0.891,0.499,0
19754,60,0,11,0.867,0.477,0.85,0.25,0.371,0.116,0
19755,37,1,11,0.843,0.514,0.823,1.0,0.866,0.048,0
19756,45,1,9,0.872,0.694,0.7,0.25,0.25,0.261,0
19757,34,1,10,0.874,0.446,0.918,0.75,0.377,0.242,1
19758,46,1,4,0.771,0.583,0.294,0.25,-0.398,-0.086,0
19759,31,1,8,0.718,0.593,0.473,0.25,-0.021,-0.082,0
19760,77,1,7,0.854,0.667,0.488,0.0,-0.092,0.178,0
19761,76,0,10,0.989,0.7,0.97,0.0,0.731,0.197,1
19762,31,0,4,0.86,0.521,0.7,0.0,0.277,0.324,0
19763,62,1,11,0.91,0.566,0.891,0.5,0.403,0.228,1
19764,31,1,6,0.824,0.569,0.768,0.5,0.378,0.066,0
19765,66,0,4,0.658,0.57,0.513,0.75,0.047,-0.339,0
19766,49,0,4,0.452,0.841,0.645,0.25,0.381,-0.312,0
19767,32,0,10,1.024,0.653,0.767,0.25,-0.083,0.412,0
19768,30,1,3,0.472,0.499,0.281,0.0,-0.221,-0.028,0
19769,84,0,6,1.054,0.652,0.936,0.5,0.594,0.387,0
19770,56,1,10,1.026,0.717,1.045,0.0,0.777,0.119,0
19771,67,1,10,0.907,0.517,0.908,0.0,0.773,0.206,0
19772,79,1,4,0.945,0.603,0.59,0.0,0.183,0.236,0
19773,73,0,3,0.737,0.513,0.7,0.25,0.234,-0.411,1
19774,75,1,8,0.977,0.51,0.941,0.0,0.671,0.066,0
19775,82,1,8,0.699,0.437,0.5,0.0,0.143,-0.168,0
19776,68,1,3,0.966,0.724,0.545,0.0,-0.062,0.291,0
19777,73,1,8,0.694,0.589,0.77,0.5,0.117,-0.07,0
19778,35,0,11,0.983,0.448,0.426,0.0,0.027,0.346,0
19779,80,0,9,0.769,0.582,0.797,0.0,0.386,-0.077,1
19780,47,1,9,0.823,0.663,0.562,1.0,0.194,0.102,0
19781,65,0,11,0.896,0.576,0.966,0.25,0.312,0.087,0
19782,62,0,6,0.949,0.506,0.434,0.0,-0.193,0.311,0
19783,56,0,5,0.906,0.587,0.599,0.5,-0.111,0.208,0
19784,33,1,12,1.212,0.557,0.796,0.0,0.623,0.465,0
19785,36,0,6,1.021,0.671,0.753,0.0,-0.03,0.154,0
19786,31,0,10,1.071,0.522,0.898,0.0,0.31,0.049,0
19787,52,1,7,0.838,0.527,0.898,0.0,0.609,0.024,0
19788,37,1,10,1.049,0.7,0.462,0.5,0.288,0.481,0
19789,75,0,9,0.836,0.507,0.708,0.0,0.685,0.226,1
19790,80,1,10,1.231,0.517,1.046,0.25,0.734,0.375,0
19791,60,1,9,0.76,0.491,0.992,0.25,0.484,-0.23,1
19792,49,0,6,0.753,0.583,0.792,0.5,0.316,0.014,0
19793,55,0,12,0.89,0.613,0.868,0.25,0.537,0.378,0
19794,33,0,11,0.963,0.478,0.727,0.25,0.344,0.224,0
19795,32,1,12,0.879,0.499,1.047,0.75,0.473,0.102,1
19796,71,0,4,1.027,0.607,0.553,0.0,0.256,0.328,0
19797,69,1,4,0.905,0.631,0.668,0.0,0.218,0.255,0
19798,31,1,4,0.799,0.653,0.778,0.0,0.329,-0.101,1
19799,76,0,10,0.927,0.567,1.15,0.25,0.575,0.171,0
19800,82,0,8,1.019,0.592,0.435,0.25,-0.219,0.088,0
19801,36,1,9,0.794,0.543,0.843,0.25,0.408,0.059,0
19802,36,1,9,0.825,0.591,0.993,1.0,0.81,0.198,0
19803,57,0,10,0.923,0.511,0.673,0.0,0.291,0.273,0
19804,57,0,10,1.04,0.485,0.782,0.25,0.11,0.284,0
19805,47,1,11,0.925,0.511,0.83,0.75,0.66,0.03,0
19806,68,1,3,0.614,0.615,0.313,0.0,-0.323,-0.138,0
19807,31,1,3,0.76,0.641,0.587,0.5,0.079,-0.086,0
19808,41,0,3,0.596,0.634,0.641,0.0,0.335,-0.303,0
19809,54,0,3,0.843,0.606,0.745,0.25,0.045,0.286,0
19810,54,0,8,0.791,0.565,0.612,0.25,0.165,0.073,0
19811,65,0,5,0.87,0.613,0.695,0.25,-0.009,0.022,0
19812,64,0,12,1.085,0.6,1.012,0.0,0.619,0.359,0
19813,68,0,6,0.886,0.622,0.726,0.25,0.392,0.346,1
19814,51,1,11,0.836,0.56,0.472,0.0,0.047,0.109,0
19815,51,1,5,0.739,0.7,0.47,0.25,0.014,-0.038,0
19816,33,1,4,0.914,0.559,0.711,0.0,0.251,0.219,0
19817,39,0,8,0.986,0.519,0.887,0.25,0.507,0.261,0
19818,65,1,10,0.788,0.498,0.714,0.5,0.397,-0.027,0
19819,42,0,8,0.821,0.7,0.82,1.0,0.379,0.091,1
19820,37,0,8,0.869,0.627,0.581,0.0,0.078,0.235,0
19821,48,1,11,1.031,0.586,1.052,0.25,0.483,0.177,0
19822,48,0,4,0.864,0.625,0.658,0.0,0.239,0.413,0
19823,45,1,11,1.015,0.476,0.541,1.0,0.195,0.289,0
19824,43,0,3,0.73,0.568,0.35,0.5,0.128,0.086,0
19825,51,0,3,0.754,0.646,0.815,0.0,0.232,0.089,0
19826,81,1,9,0.911,0.565,0.568,0.0,0.223,0.165,0
19827,60,0,3,0.757,0.735,0.538,0.5,0.132,-0.044,0
19828,78,0,11,0.766,0.7,0.919,0.0,0.811,-0.119,1
19829,73,1,10,0.939,0.597,0.7,0.0,0.278,0.18,1
19830,81,0,5,0.821,0.679,0.931,0.0,0.393,0.109,1
19831,36,1,9,0.893,0.596,0.907,0.25,0.258,-0.106,0
19832,38,1,9,0.79,0.605,1.054,0.25,0.571,0.196,0
19833,71,1,12,0.942,0.423,0.733,0.5,0.277,0.218,0
19834,43,0,5,0.875,0.571,0.499,0.25,0.021,0.115,0
19835,83,1,9,0.919,0.568,0.554,0.0,0.203,0.258,1
19836,51,0,9,0.775,0.628,0.892,0.0,0.389,0.215,0
19837,66,0,7,0.7,0.611,0.807,0.0,0.403,-0.028,1
19838,70,1,10,0.7,0.451,0.682,0.0,0.317,-0.193,1
19839,54,0,10,0.723,0.588,0.986,0.75,0.567,0.015,0
19840,47,1,10,1.192,0.486,0.706,0.5,0.423,0.56,0
19841,77,0,10,0.746,0.569,0.859,0.0,0.386,0.037,0
19842,65,1,7,0.963,0.547,0.896,0.0,0.486,0.193,0
19843,65,1,5,0.706,0.669,0.77,0.25,0.423,0.113,0
19844,53,1,6,0.83,0.694,0.7,0.0,0.065,-0.122,0
19845,52,1,8,0.89,0.7,0.849,0.0,0.492,0.023,0
19846,46,1,11,1.121,0.676,0.724,1.0,0.023,0.449,1
19847,56,0,10,0.7,0.624,0.883,0.0,0.522,-0.133,0
19848,37,0,10,0.958,0.582,0.945,0.75,0.371,-0.009,0
19849,35,0,8,0.847,0.63,0.763,0.0,0.011,0.125,0
19850,38,1,4,0.902,0.548,0.504,0.0,-0.152,0.105,0
19851,57,1,10,1.085,0.604,1.045,0.25,0.409,0.175,0
19852,41,0,10,0.894,0.532,0.705,0.0,0.104,0.133,0
19853,76,0,8,0.865,0.431,0.943,0.25,0.337,0.091,1
19854,82,0,4,0.836,0.631,0.39,0.5,-0.139,0.127,0
19855,39,0,7,0.646,0.619,0.845,0.0,0.405,-0.15,0
19856,30,0,4,0.644,0.511,0.648,0.0,0.408,-0.314,0
19857,70,0,4,0.943,0.664,0.525,0.0,0.088,0.48,0
19858,78,1,9,0.987,0.688,0.597,0.5,0.23,0.274,0
19859,79,1,7,1.022,0.55,0.984,0.25,0.33,0.519,1
19860,62,0,10,1.029,0.51,0.579,0.0,0.17,0.12,0
19861,54,0,8,0.97,0.7,0.777,1.0,0.324,0.289,0
19862,40,1,9,0.854,0.631,0.682,0.0,0.354,0.053,0
19863,75,0,4,0.685,0.7,0.467,0.0,-0.274,0.051,0
19864,46,0,11,1.058,0.474,0.889,0.25,0.552,0.358,1
19865,47,0,6,0.763,0.654,0.829,0.0,0.543,0.004,0
19866,66,1,11,0.891,0.452,0.518,0.0,-0.073,0.027,0
19867,31,0,6,0.874,0.585,0.809,0.75,0.015,0.009,0
19868,70,1,3,0.901,0.622,0.272,0.0,-0.428,0.198,0
19869,52,0,11,0.871,0.513,0.781,0.0,0.39,0.253,0
19870,65,1,9,0.584,0.634,0.798,0.0,0.34,-0.151,0
19871,70,1,9,0.985,0.645,0.502,1.0,-0.098,0.443,0
19872,62,1,3,0.788,0.594,0.377,1.0,-0.071,0.198,0
19873,50,1,12,0.939,0.594,0.888,0.0,0.188,0.143,1
19874,32,1,4,0.679,0.576,0.555,0.0,-0.159,0.056,0
19875,54,0,12,1.122,0.575,1.145,0.5,0.665,0.197,0
19876,47,1,10,0.947,0.631,0.608,0.0,0.102,0.276,0
19877,78,0,8,0.808,0.556,0.833,0.0,0.549,0.075,0
19878,76,1,6,0.835,0.622,0.752,0.5,0.438,0.054,1
19879,41,0,8,0.965,0.703,0.672,0.25,0.274,0.265,0
19880,39,1,10,0.931,0.569,0.965,0.0,0.516,0.121,1
19881,73,1,5,1.081,0.467,0.716,1.0,0.227,0.51,0
19882,83,0,6,0.748,0.652,0.339,0.5,-0.288,0.048,0
19883,56,0,5,0.755,0.573,0.702,0.0,0.08,0.044,1
19884,40,1,6,0.866,0.765,0.475,0.25,-0.197,0.104,0
19885,51,0,12,0.691,0.562,1.068,0.0,0.789,-0.004,0
19886,71,0,3,0.675,0.443,0.55,0.5,0.376,-0.323,0
19887,65,0,10,0.888,0.437,0.909,0.0,0.672,0.082,1
19888,45,1,3,0.484,0.683,0.492,0.0,0.059,-0.2,0
19889,63,1,7,0.782,0.496,0.588,0.0,0.232,-0.118,0
19890,47,1,6,0.956,0.584,0.755,0.0,0.098,0.276,1
19891,50,1,5,0.942,0.62,0.635,0.0,0.256,0.286,0
19892,63,1,5,0.983,0.561,0.897,0.0,0.56,0.186,0
19893,82,0,4,0.925,0.637,0.561,0.0,-0.165,0.125,0
19894,61,0,8,0.811,0.694,1.03,1.0,0.78,0.013,0
19895,44,1,3,0.829,0.536,0.294,0.0,-0.218,0.086,0
19896,36,1,6,0.819,0.619,0.646,0.25,0.435,0.031,0
19897,70,0,12,0.947,0.617,1.074,0.0,0.83,0.477,1
19898,41,1,5,0.772,0.656,0.561,0.75,0.1,-0.028,0
19899,80,1,7,1.014,0.696,0.456,0.0,0.2,0.254,0
19900,37,1,6,0.928,0.655,0.723,0.5,0.327,0.361,0
19901,59,0,4,0.795,0.544,0.642,0.5,0.004,0.039,0
19902,58,0,3,0.745,0.7,0.733,0.75,0.295,0.083,0
19903,62,0,8,0.947,0.674,0.809,0.0,0.088,0.32,0
19904,33,0,3,0.675,0.744,0.492,0.0,0.192,-0.002,0
19905,57,1,7,0.731,0.502,0.611,0.0,0.259,0.095,0
19906,44,1,10,0.987,0.49,0.661,0.75,0.401,0.423,0
19907,80,0,12,1.016,0.567,0.618,0.5,0.454,0.113,0
19908,78,0,10,0.929,0.519,0.694,0.0,0.147,0.366,0
19909,76,1,5,0.896,0.702,0.755,0.0,0.4,0.166,0
19910,54,0,4,0.86,0.6,0.522,0.0,0.004,-0.009,0
19911,42,0,12,0.928,0.494,0.768,1.0,0.325,0.209,0
19912,71,0,8,0.827,0.581,0.389,0.0,0.057,0.279,0
19913,75,0,3,0.72,0.737,0.516,0.0,-0.032,0.025,0
19914,73,1,6,0.684,0.594,0.673,0.0,0.038,-0.2,0
19915,78,1,3,0.719,0.544,0.853,0.25,0.388,0.025,0
19916,70,0,9,0.988,0.538,0.559,0.0,0.135,0.049,0
19917,32,0,10,1.216,0.499,0.923,0.5,0.465,0.448,0
19918,40,0,8,1.048,0.659,0.739,0.25,0.368,0.379,0
19919,70,1,12,0.948,0.551,0.991,0.5,0.484,0.251,0
19920,41,1,8,0.827,0.535,0.767,0.0,0.056,0.136,0
19921,62,1,10,1.054,0.602,1.266,0.25,0.642,0.194,0
19922,31,0,4,0.692,0.633,0.591,0.25,0.325,-0.06,0
19923,51,1,9,0.936,0.536,0.886,0.0,0.301,0.374,0
19924,63,1,11,0.765,0.548,0.833,0.25,0.153,-0.08,0
19925,69,0,11,0.714,0.495,1.048,0.5,0.535,-0.091,0
19926,42,1,4,0.7,0.469,0.858,0.0,0.459,0.024,0
19927,79,0,5,0.752,0.679,0.455,0.25,0.013,0.081,0
19928,68,1,12,1.105,0.547,0.558,0.5,-0.105,0.08,0
19929,61,0,12,1.133,0.71,0.878,0.5,0.544,0.33,1
19930,60,0,6,0.752,0.525,0.659,0.0,0.301,-0.117,0
19931,30,1,5,0.735,0.759,0.7,0.0,0.439,-0.044,0
19932,84,0,4,0.621,0.607,0.689,0.0,0.136,-0.001,1
19933,43,0,5,0.751,0.607,0.626,0.0,0.006,-0.109,0
19934,53,0,11,0.976,0.537,0.875,0.0,0.219,0.269,0
19935,33,1,10,0.7,0.485,0.692,0.0,0.081,-0.01,0
19936,69,1,6,1.01,0.603,0.634,0.0,0.093,0.141,0
19937,36,0,9,0.939,0.51,0.735,0.5,0.252,0.239,0
19938,62,0,6,0.732,0.615,0.65,0.0,0.23,-0.148,0
19939,37,0,3,0.764,0.472,0.63,0.0,0.197,-0.045,0
19940,72,0,3,0.802,0.501,0.185,0.0,-0.217,0.097,0
19941,62,0,12,1.049,0.47,0.935,0.0,0.486,0.269,0
19942,66,0,8,0.941,0.479,0.7,0.25,0.122,-0.007,1
19943,58,0,5,0.913,0.719,0.619,0.0,0.103,0.156,0
19944,44,1,4,0.745,0.717,0.455,0.0,0.191,0.173,0
19945,31,1,3,0.76,0.701,0.533,0.0,0.112,-0.095,0
19946,36,0,7,0.913,0.494,0.395,0.0,0.005,0.058,0
19947,34,0,7,0.907,0.565,0.426,0.0,0.045,0.003,0
19948,50,0,10,0.918,0.678,0.552,0.25,-0.162,0.238,0
19949,78,1,6,0.69,0.47,0.881,0.0,0.571,-0.074,0
19950,75,1,10,0.738,0.567,0.7,0.0,0.338,0.028,0
19951,36,1,3,0.918,0.62,0.359,0.5,-0.307,0.336,0
19952,43,0,10,0.822,0.479,0.913,0.75,0.424,0.065,0
19953,44,0,11,0.647,0.436,0.827,0.5,0.816,-0.058,0
19954,34,1,3,0.784,0.481,0.764,0.0,0.251,-0.088,0
19955,71,0,10,1.015,0.54,0.844,0.5,0.572,0.204,1
19956,47,0,9,1.07,0.587,0.821,0.0,0.27,0.368,0
19957,50,1,3,0.931,0.459,0.514,0.0,0.054,0.389,0
19958,60,1,5,0.776,0.598,0.28,0.5,-0.258,-0.194,0
19959,82,0,10,1.057,0.525,0.895,0.25,0.328,0.302,0
19960,80,1,8,0.672,0.573,0.892,0.75,0.436,0.022,0
19961,54,0,7,1.144,0.501,1.037,0.5,0.731,0.441,0
19962,64,0,6,0.807,0.542,0.687,0.5,-0.075,0.081,1
19963,76,0,3,0.64,0.629,0.514,0.5,-0.02,-0.091,0
19964,32,0,10,1.004,0.616,0.761,0.0,-0.058,0.244,0
19965,48,0,12,0.919,0.632,1.224,0.25,0.524,0.228,0
19966,44,1,10,0.967,0.628,0.918,0.0,0.218,0.038,0
19967,56,0,3,0.781,0.672,0.564,0.0,0.321,0.11,0
19968,80,1,7,1.109,0.637,0.835,0.0,0.211,0.483,0
19969,77,1,8,1.007,0.491,0.586,0.25,-0.057,0.256,0
19970,31,0,8,0.878,0.625,0.534,0.25,0.18,0.113,0
19971,55,1,12,1.119,0.447,0.81,0.0,0.16,0.429,0
19972,62,0,7,0.88,0.623,0.509,1.0,0.156,0.3,0
19973,73,0,11,1.084,0.562,0.7,0.0,0.091,0.251,1
19974,32,0,9,0.922,0.567,0.864,0.25,0.448,0.371,1
19975,55,0,11,0.924,0.507,0.89,0.5,0.618,0.144,0
19976,70,0,7,0.921,0.584,0.547,0.0,0.234,0.193,0
19977,56,1,7,0.916,0.624,0.724,0.0,0.411,0.222,0
19978,45,1,4,0.907,0.614,0.697,1.0,0.239,0.035,1
19979,40,1,10,1.026,0.7,0.949,0.0,0.455,0.241,0
19980,70,1,9,1.024,0.572,0.731,0.0,0.302,0.203,1
19981,82,1,4,0.968,0.514,0.531,1.0,0.013,0.178,0
19982,71,0,7,1.029,0.52,0.714,0.0,0.414,0.373,1
19983,80,0,10,0.814,0.479,0.717,0.5,0.149,0.275,1
19984,49,0,9,0.932,0.657,0.743,0.0,0.164,0.237,0
19985,56,0,6,0.869,0.502,0.76,0.75,0.301,0.308,0
19986,32,0,7,0.633,0.688,0.483,0.5,0.321,-0.205,0
19987,38,0,12,0.96,0.599,0.981,0.0,0.487,0.162,0
19988,81,1,4,0.874,0.7,0.527,0.0,-0.175,-0.083,0
19989,84,0,4,0.691,0.686,0.887,0.25,0.474,-0.011,1
19990,73,0,3,0.7,0.589,0.174,0.5,-0.389,-0.112,0
19991,36,0,6,0.826,0.559,0.795,0.5,0.632,0.126,0
19992,42,0,11,0.904,0.664,0.793,0.0,0.15,0.165,1
19993,75,0,8,0.7,0.562,1.059,1.0,0.669,0.01,1
19994,61,1,6,0.996,0.676,0.761,0.0,0.347,0.094,0
19995,84,1,11,0.936,0.576,0.598,0.0,-0.044,-0.004,0
19996,76,0,9,0.985,0.503,0.85,0.0,0.287,0.127,0
19997,68,1,6,0.698,0.517,0.398,0.5,-0.055,0.184,0
19998,70,0,10,0.7,0.551,0.623,0.0,0.249,-0.443,0
19999,52,0,10,1.005,0.533,0.982,0.0,0.671,0.202,0
